楼盘ID,楼盘名称,城市名称,城市ID,区域名称,区域ID,子区域名称,子区域ID,地址,环线位置,最新价格,参考价格,房贷计算信息,面积范围,占地面积,建筑面积,房间面积信息,户型文本描述,全部户型,开盘日期,开盘日期备注,开盘时间,交房时间,发证时间,建筑类型,建筑类型.1,产权年限,容积率,绿化率,规划户数,装修情况,工程进度,物业类型,物业公司,物业管理费,物业特色,车位数,车位比,销售状态,销售标题,租售标题,预售证号,绑定楼栋,开发商,开发商品牌,投资商,供电,供水,百度地图纬度,百度地图经度,400电话,所有标签列表,标签列表,默认图片,规交信息,售楼处地址
1382855,万锦园二期,杭州,18,下城,1805,市中心,5125,杭州下城市中心环城北路57号、环城东路353号,,,,,74-207㎡,50000m²,220000m²,"[{""id"": 61313, ""rooms"": 1, ""room_alias"": ""一室"", ""area"": 74}, {""id"": 140146, ""rooms"": 2, ""room_alias"": ""二室"", ""area"": 90}, {""id"": 61319, ""rooms"": 2, ""room_alias"": ""二室"", ""area"": 112}, {""id"": 61315, ""rooms"": 2, ""room_alias"": ""二室"", ""area"": 116}, {""id"": 61314, ""rooms"": 2, ""room_alias"": ""二室"", ""area"": 123}, {""id"": 61316, ""rooms"": 2, ""room_alias"": ""二室"", ""area"": 128}, {""id"": 61312, ""rooms"": 2, ""room_alias"": ""二室"", ""area"": 145}, {""id"": 56063, ""rooms"": 3, ""room_alias"": ""三室"", ""area"": 162}, {""id"": 56060, ""rooms"": 3, ""room_alias"": ""三室"", ""area"": 165}, {""id"": 56059, ""rooms"": 3, ""room_alias"": ""三室"", ""area"": 168}, {""id"": 56067, ""rooms"": 3, ""room_alias"": ""三室"", ""area"": 170}, {""id"": 61320, ""rooms"": 3, ""room_alias"": ""三室"", ""area"": 181}, {""id"": 61317, ""rooms"": 3, ""room_alias"": ""三室"", ""area"": 193}, {""id"": 56065, ""rooms"": 4, ""room_alias"": ""四室"", ""area"": 205}, {""id"": 56064, ""rooms"": 4, ""room_alias"": ""四室"", ""area"": 207}]",2/3/4室、1/2/3室,"商业户型,2室户型,3室户型,4室户型",2002-06-04,,2002年,2003年,[],"{小高层,高层}",小高层、高层,,,30%,960,带装修,,商业,华润万象生活,,,,1:1.2,售罄,售罄,售罄,[],[],华侨城,,绿城;西子;赛丽,商电,商水,30.297142,120.199722,"""""","{""56"": ""车位充足"", ""29"": ""装修交付"", ""9"": ""轨交房"", ""10"": ""多轨交"", ""72"": ""配套纯熟"", ""71"": ""便利店"", ""70"": ""银行"", ""68"": ""医院"", ""67"": ""生态绿地"", ""66"": ""公园"", ""65"": ""商业街"", ""64"": ""购物中心"", ""78"": ""大户型""}","[""车位充足"", ""装修交付"", ""轨交房"", ""多轨交"", ""配套纯熟""]",https://pic4.ajkimg.com/display/xinfang/75d12678892f91603703dd7b76776c30/275x206n.jpg,"[{""id"": ""7213067"", ""loupan_id"": ""238741"", ""station_id"": ""4843"", ""subway_id"": ""142"", ""city_id"": ""18"", ""distance"": ""740米"", ""status"": ""1"", ""last_update_time"": ""1774211231"", ""is_rail_loupan"": ""1"", ""subway_name"": ""5号线"", ""station_name"": ""宝善桥"", ""distance_raw"": ""740""}, {""id"": ""7267209"", ""loupan_id"": ""238741"", ""station_id"": ""122129"", ""subway_id"": ""12110"", ""city_id"": ""18"", ""distance"": ""897米"", ""status"": ""1"", ""last_update_time"": ""1774211231"", ""is_rail_loupan"": ""1"", ""subway_name"": ""15号线"", ""station_name"": ""松艮路站"", ""distance_raw"": ""897""}, {""id"": ""7267208"", ""loupan_id"": ""238741"", ""station_id"": ""122128"", ""subway_id"": ""12110"", ""city_id"": ""18"", ""distance"": ""1452米"", ""status"": ""1"", ""last_update_time"": ""1774211231"", ""is_rail_loupan"": ""1"", ""subway_name"": ""15号线"", ""station_name"": ""打铁关站"", ""distance_raw"": ""1452""}]",环城北路与环城东路交界处（环城北路喜得宝大酒店东50米）
4414224,锦春天庭,杭州,18,临安区,16784,青山湖科技城,24983,杭州临安区青山湖科技城青山湖泥山湾圣园路（森林湖山庄会所旁）,,,,,372-409㎡,住宅：90000m² 别墅：90000m²,住宅：27000m² 别墅：27000m²,"[{""id"": 47218, ""rooms"": 1, ""room_alias"": ""一室"", ""area"": 371.54}, {""id"": 47219, ""rooms"": 1, ""room_alias"": ""一室"", ""area"": 371.54}, {""id"": 47221, ""rooms"": 2, ""room_alias"": ""二室"", ""area"": 409.45}, {""id"": 47223, ""rooms"": 3, ""room_alias"": ""三室"", ""area"": 409.45}, {""id"": 47220, ""rooms"": 4, ""room_alias"": ""四室"", ""area"": 371.54}, {""id"": 47222, ""rooms"": 5, ""room_alias"": ""五室"", ""area"": 409.45}]",1/2/3/4/5室,"1室户型,2室户型,3室户型,4室户型,5室户型",2002-09-03,,2002年,2003年,[],{多层},住宅：多层,住宅：70年 别墅：70年,住宅：0.3,住宅：60% 别墅：60%,住宅：81 别墅：81,住宅：毛坯 别墅：毛坯,,住宅,碧桂园服务,住宅：4元/㎡/月,,,住宅：1:2 别墅：1:2,售罄,售罄,售罄,[],[],中海,建业地产,澳洲科纳实业,住宅：民电,住宅：民水,30.237585,119.791754,"""""","{""57"": ""人车分流"", ""56"": ""车位充足"", ""53"": ""高绿化率"", ""52"": ""低容积"", ""63"": ""旅游地产"", ""70"": ""银行"", ""66"": ""公园"", ""78"": ""大户型"", ""598"": ""民办幼儿园"", ""55"": ""小型社区"", ""50"": ""品牌开发商""}","[""人车分流"", ""车位充足"", ""高绿化率"", ""低容积"", ""旅游地产""]",https://pic4.ajkimg.com/display/xinfang/8413289dd3521012b98badaf2734f8d8/275x206n.jpg,[],临安市青山湖泥山湾圣园路森林湖山庄会所二楼
688500,云栖青山新村,杭州,18,桐庐县,17459,桐庐,17460,杭州桐庐县桐庐金西路与儒闾路交叉口东南侧,,48元/㎡,48元/㎡,首付34万，月供8295元,147-215㎡,69333.33m²,70000m²,"[{""id"": 649093, ""rooms"": 3, ""room_alias"": ""三室"", ""area"": 175}, {""id"": 747572, ""rooms"": 4, ""room_alias"": ""四室"", ""area"": 147}, {""id"": 649086, ""rooms"": 4, ""room_alias"": ""四室"", ""area"": 168}, {""id"": 649096, ""rooms"": 4, ""room_alias"": ""四室"", ""area"": 168}, {""id"": 649097, ""rooms"": 4, ""room_alias"": ""四室"", ""area"": 168}, {""id"": 747589, ""rooms"": 4, ""room_alias"": ""四室"", ""area"": 171}, {""id"": 649090, ""rooms"": 4, ""room_alias"": ""四室"", ""area"": 175}, {""id"": 649092, ""rooms"": 4, ""room_alias"": ""四室"", ""area"": 175}, {""id"": 747598, ""rooms"": 4, ""room_alias"": ""四室"", ""area"": 180}, {""id"": 747602, ""rooms"": 4, ""room_alias"": ""四室"", ""area"": 182}, {""id"": 793427, ""rooms"": 5, ""room_alias"": ""五室"", ""area"": 198}, {""id"": 642082, ""rooms"": 5, ""room_alias"": ""五室"", ""area"": 200}, {""id"": 649085, ""rooms"": 5, ""room_alias"": ""五室"", ""area"": 200}, {""id"": 793426, ""rooms"": 5, ""room_alias"": ""五室"", ""area"": 215}]",别墅,别墅户型,2002-07-22,2023年03月22日,2002年,2003年,"[""2023-03-20"", ""2021-12-22"", ""2021-04-22"", ""2021-03-15"", ""2021-05-28""]",{叠加别墅},叠加别墅,70年,1.1,30%,406,毛坯,已竣工，竣工时间：2023-12-23,别墅,雅生活服务,4.5元/㎡/月,,760,1:1.87,售罄,售罄,售罄,"[""桐售许字（2023）第ZJ00138号"", ""桐售许字（2021）第ZJ02529号"", ""桐售许字（2021）第ZJ00387号"", ""桐售许字（2021）第ZJ00212号"", ""桐售许字（2021）第ZJ00517号""]","[""16#、32#、33#"", ""15#、17#、18#、25#、27#、35#、36#"", ""10#"", ""21#、22#、23#、31#"", ""19#""]",世茂,天阳地产,杭州天奇置业有限公司,民电,民水,29.761667,119.668741,"""""","{""559"": ""现房"", ""557"": ""项目竣工"", ""81"": ""大阳台"", ""56"": ""车位充足"", ""76"": ""厨卫全明"", ""75"": ""三房朝南"", ""74"": ""南北通透"", ""73"": ""卧室全朝南"", ""4"": ""低总价"", ""78"": ""大户型"", ""401"": ""户型方正"", ""397"": ""动静分离"", ""86"": ""全景飘窗"", ""85"": ""主卧套房"", ""83"": ""双阳台"", ""92"": ""热搜盘"", ""90"": ""人气楼盘"", ""637"": ""公办中学"", ""636"": ""公办小学"", ""541"": ""3D沙盘"", ""421"": ""无需摇号"", ""263"": ""VR看房"", ""50"": ""品牌开发商""}","[""现房"", ""项目竣工"", ""大阳台"", ""车位充足"", ""厨卫全明""]",https://pic4.ajkimg.com/display/xinfang/19199b9c302553bda4ad48d852c33882/275x206n.jpg,[],桐庐县金西路与儒闾路交叉口东南侧
9908904,雅坊三期,杭州,18,拱墅区,1801,申花,5130,杭州拱墅区申花莫干山路和月亮路交叉口,,6328元/㎡,6328元/㎡,首付967万，月供232625元,2150㎡,75000m²,500000m²,[],,商业户型,2002-08-02,2022年08月下旬,2002年,2003年,[],{},,40年,,20%,,,已竣工，竣工时间：暂无数据,标准写字楼,合景悠活,14元/㎡/月,,2500,,售罄,售罄,售罄,[],[],禹洲,中粮地产,浙江和润天成置业有限公司,商电,商水,30.294635,120.123597,"{""service_num"": ""4006708287"", ""num"": """"}","{""559"": ""现房"", ""557"": ""项目竣工"", ""9"": ""轨交房"", ""72"": ""配套纯熟"", ""71"": ""便利店"", ""70"": ""银行"", ""68"": ""医院"", ""65"": ""商业街"", ""64"": ""购物中心"", ""224"": ""枢纽办公区"", ""223"": ""中心商务区"", ""222"": ""5A写字楼"", ""220"": ""办公首选"", ""213"": ""地铁沿线"", ""51"": ""金牌物业"", ""50"": ""品牌开发商""}","[""现房"", ""项目竣工"", ""轨交房"", ""配套纯熟"", ""便利店""]",https://pic4.ajkimg.com/display/xinfang/74c128805b0c354acb8f28431f341759/275x206n.jpg,"[{""id"": ""7213540"", ""loupan_id"": ""512416"", ""station_id"": ""120463"", ""subway_id"": ""12038"", ""city_id"": ""18"", ""distance"": ""486米"", ""status"": ""1"", ""last_update_time"": ""1774211231"", ""is_rail_loupan"": ""1"", ""subway_name"": ""10号线"", ""station_name"": ""北大桥"", ""distance_raw"": ""486""}]",拱墅区莫干山路和月亮路交叉口
3094568,恒水岸名城,杭州,18,上城区,1802,笕桥,1838,杭州上城区笕桥南临规划绿地，东至规划药香路，西临规划相埠路，北至规划笕石路,,,,,74-124㎡,69271m²,223435m²,"[{""id"": 874827, ""rooms"": 2, ""room_alias"": ""二室"", ""area"": 74}, {""id"": 874828, ""rooms"": 2, ""room_alias"": ""二室"", ""area"": 74}, {""id"": 874829, ""rooms"": 2, ""room_alias"": ""二室"", ""area"": 74}, {""id"": 874824, ""rooms"": 3, ""room_alias"": ""三室"", ""area"": 94}, {""id"": 874825, ""rooms"": 3, ""room_alias"": ""三室"", ""area"": 94}, {""id"": 874826, ""rooms"": 4, ""room_alias"": ""四室"", ""area"": 124}]",2/3/4室,"2室户型,3室户型,4室户型",2002-07-22,2026年上半年,2002年,2003年,[],{小高层},小高层,70年,2.1,35%,1572,,在建中，竣工时间：2027-12-31,住宅,招商积余,,,1786,,售罄,售罄,售罄,[],[],中海,,,民电,民水,30.314929,120.233921,"{""service_num"": ""4006708287"", ""num"": ""22673""}","{""9"": ""轨交房"", ""76"": ""厨卫全明"", ""74"": ""南北通透"", ""73"": ""卧室全朝南"", ""7"": ""项目在建"", ""10"": ""多轨交"", ""745"": ""配售型保障房"", ""72"": ""配套纯熟"", ""71"": ""便利店"", ""70"": ""银行"", ""69"": ""学校"", ""68"": ""医院"", ""66"": ""公园"", ""65"": ""商业街"", ""64"": ""购物中心"", ""78"": ""大户型"", ""402"": ""玄关入户"", ""401"": ""户型方正"", ""397"": ""动静分离"", ""85"": ""主卧套房"", ""91"": ""热评楼盘"", ""637"": ""公办中学"", ""636"": ""公办小学"", ""606"": ""省一级园"", ""598"": ""民办幼儿园"", ""597"": ""公办幼儿园"", ""541"": ""3D沙盘"", ""540"": ""日照模拟"", ""422"": ""30日内开盘"", ""263"": ""VR看房"", ""54"": ""大型社区""}","[""轨交房"", ""厨卫全明"", ""南北通透"", ""卧室全朝南"", ""项目在建""]",https://pic4.ajkimg.com/display/xinfang/f100f8a50eb9d28aa6447c65401f997c/275x206n.jpg,"[{""id"": ""7301326"", ""loupan_id"": ""529178"", ""station_id"": ""122151"", ""subway_id"": ""12111"", ""city_id"": ""18"", ""distance"": ""752米"", ""status"": ""1"", ""last_update_time"": ""1774211231"", ""is_rail_loupan"": ""1"", ""subway_name"": ""18号线"", ""station_name"": ""黎明站"", ""distance_raw"": ""752""}, {""id"": ""7301319"", ""loupan_id"": ""529178"", ""station_id"": ""120447"", ""subway_id"": ""42"", ""city_id"": ""18"", ""distance"": ""774米"", ""status"": ""1"", ""last_update_time"": ""1774211228"", ""is_rail_loupan"": ""1"", ""subway_name"": ""4号线"", ""station_name"": ""黎明"", ""distance_raw"": ""774""}]",
4339199,澳海和平美景,杭州,18,富阳区,16786,场口,25396,杭州富阳区场口场口镇场口西街与33号路交叉口,,2531元/㎡,2531元/㎡,首付10万，月供2633元,81-125㎡,35163m²,70326m²,"[{""id"": 627557, ""rooms"": 2, ""room_alias"": ""二室"", ""area"": 80.97}, {""id"": 686522, ""rooms"": 3, ""room_alias"": ""三室"", ""area"": 98}, {""id"": 805287, ""rooms"": 3, ""room_alias"": ""三室"", ""area"": 101}, {""id"": 713761, ""rooms"": 4, ""room_alias"": ""四室"", ""area"": 113}, {""id"": 627560, ""rooms"": 4, ""room_alias"": ""四室"", ""area"": 125}]",2/3/4室,"2室户型,3室户型,4室户型",2002-03-17,2023年09月03日,2002年,2003年,"[""2023-05-16"", ""2023-08-25"", ""2021-09-17"", ""2021-06-18"", ""2021-04-27"", ""2022-03-26""]",{高层},高层,70年,2,35%,731,带装修,已竣工，竣工时间：2023-08-31,住宅,新城悦服务,2.25元/㎡/月,,731,1:1,售罄,售罄,售罄,"[""富售许字（2022）第ZJ00272号"", ""富阳房预许字（2023）第00471号"", ""富售许字（2021）第ZJ02259号"", ""富售许字（2021）第ZJ01989号"", ""富售许字（2021）第ZJ00407号"", ""富售许字（2022）第ZJ00114号""]","[""4#"", ""3#"", ""5#"", ""6#、8#"", ""9#"", ""1#、2#""]",中梁,澳海集团,澳海,民电,民水,29.906219,119.892255,"{""service_num"": ""4006708287"", ""num"": ""11268""}","{""559"": ""现房"", ""557"": ""项目竣工"", ""29"": ""装修交付"", ""76"": ""厨卫全明"", ""74"": ""南北通透"", ""73"": ""卧室全朝南"", ""276"": ""一房一价"", ""5"": ""低单价"", ""78"": ""大户型"", ""404"": ""客餐厅相连"", ""403"": ""私密性好"", ""402"": ""玄关入户"", ""401"": ""户型方正"", ""397"": ""动静分离"", ""85"": ""主卧套房"", ""82"": ""双卫生间"", ""636"": ""公办小学"", ""603"": ""二级园"", ""597"": ""公办幼儿园"", ""541"": ""3D沙盘"", ""540"": ""日照模拟"", ""421"": ""无需摇号"", ""263"": ""VR看房"", ""50"": ""品牌开发商""}","[""现房"", ""项目竣工"", ""装修交付"", ""厨卫全明"", ""南北通透""]",https://pic4.ajkimg.com/display/xinfang/f1ac8aeb057bf519994890efbd9fde04/275x206n.jpg,[],杭州市富阳区场口镇场口西街与33号路交叉口
5831692,绿美景,杭州,18,余杭区,1808,闲林,1922,杭州余杭区闲林天目山西路和联胜路口向南约100米（杭州西溪印象城西南面）,,,,,200-288㎡,70000m²,200000m²,[],别墅,别墅户型,2002-12-13,,2002年,2003年,[],{},,,,30%,1283,毛坯,,别墅,旭辉永升,,,1285,1:1,售罄,售罄,售罄,"[""余售许字(2016)第00123号"", ""余售许字(2014)第00302号"", ""余售许字(2014)第00228号""]",[],万科,,佳兆业集团,民电,民水,30.242352,120.039155,"{""service_num"": ""4006708287"", ""num"": """"}","{""9"": ""轨交房"", ""10"": ""多轨交"", ""63"": ""旅游地产"", ""72"": ""配套纯熟"", ""70"": ""银行"", ""69"": ""学校"", ""68"": ""医院"", ""67"": ""生态绿地"", ""66"": ""公园"", ""65"": ""商业街"", ""64"": ""购物中心"", ""78"": ""大户型"", ""636"": ""公办小学"", ""624"": ""九年一贯制"", ""606"": ""省一级园"", ""604"": ""三级园"", ""603"": ""二级园"", ""598"": ""民办幼儿园"", ""597"": ""公办幼儿园""}","[""轨交房"", ""多轨交"", ""旅游地产"", ""配套纯熟"", ""银行""]",https://pic4.ajkimg.com/display/xinfang/9c8830d9b927d0444d5523eb2263c1f5/275x206n.jpg,"[{""id"": ""7211668"", ""loupan_id"": ""252129"", ""station_id"": ""10222"", ""subway_id"": ""1010"", ""city_id"": ""18"", ""distance"": ""1128米"", ""status"": ""1"", ""last_update_time"": ""1774211229"", ""is_rail_loupan"": ""1"", ""subway_name"": ""3号线"", ""station_name"": ""联胜路"", ""distance_raw"": ""1128""}, {""id"": ""7267606"", ""loupan_id"": ""252129"", ""station_id"": ""122105"", ""subway_id"": ""12109"", ""city_id"": ""18"", ""distance"": ""1419米"", ""status"": ""1"", ""last_update_time"": ""1774211232"", ""is_rail_loupan"": ""1"", ""subway_name"": ""12号线"", ""station_name"": ""黄泥坞站"", ""distance_raw"": ""1419""}]",余杭天目山西路和联胜路口向南约100米（杭州西溪印象城西南面）
8034165,万翠竹源,杭州,18,上城区,1802,丁桥,4579,杭州上城区丁桥环丁路和勤丰路交叉口,,,,,49-125㎡,住宅：151654m² 别墅：151654m²,住宅：49250m² 别墅：49250m²,"[{""id"": 67164, ""rooms"": 1, ""room_alias"": ""一室"", ""area"": 49.34}, {""id"": 67165, ""rooms"": 1, ""room_alias"": ""一室"", ""area"": 50.28}, {""id"": 67166, ""rooms"": 1, ""room_alias"": ""一室"", ""area"": 50.74}, {""id"": 67167, ""rooms"": 1, ""room_alias"": ""一室"", ""area"": 52.01}, {""id"": 67162, ""rooms"": 2, ""room_alias"": ""二室"", ""area"": 68.78}, {""id"": 67163, ""rooms"": 2, ""room_alias"": ""二室"", ""area"": 69.35}, {""id"": 143138, ""rooms"": 3, ""room_alias"": ""三室"", ""area"": 125}]",1/2/3室、1室,"商业户型,1室户型,2室户型,3室户型",2002-04-07,,2002年,2003年,[],"{高层,多层}",住宅：多层、高层,住宅：70年 别墅：70年,住宅：2,住宅：30% 别墅：30%,住宅：838 别墅：838,住宅：毛坯 别墅：毛坯,,住宅,万科物业,住宅：2.5元/㎡/月,,住宅：777 别墅：777,住宅：1:0.93 别墅：1:0.93,售罄,售罄,售罄,"[""杭售许字(2013)第0050号"", ""杭售许字(2012)第0146号"", ""杭售许字(2012)第0090号"", ""杭售许字(2012)第0071号""]",[],正荣,,浙江上东房地产开发有限公司,住宅：民电,住宅：民水,30.359891,120.226366,"{""service_num"": ""4006708287"", ""num"": """"}","{""9"": ""轨交房"", ""63"": ""旅游地产"", ""72"": ""配套纯熟"", ""70"": ""银行"", ""69"": ""学校"", ""68"": ""医院"", ""66"": ""公园"", ""65"": ""商业街"", ""64"": ""购物中心"", ""79"": ""小户型"", ""78"": ""大户型"", ""637"": ""公办中学"", ""636"": ""公办小学"", ""635"": ""民办小学"", ""606"": ""省一级园"", ""603"": ""二级园"", ""598"": ""民办幼儿园"", ""597"": ""公办幼儿园""}","[""轨交房"", ""旅游地产"", ""配套纯熟"", ""银行"", ""学校""]",https://pic4.ajkimg.com/display/xinfang/f3e6a8de7d7ce5ffc3100e1bb1a05f16/275x206n.jpg,"[{""id"": ""7213856"", ""loupan_id"": ""246765"", ""station_id"": ""10228"", ""subway_id"": ""1010"", ""city_id"": ""18"", ""distance"": ""1403米"", ""status"": ""1"", ""last_update_time"": ""1774211228"", ""is_rail_loupan"": ""1"", ""subway_name"": ""3号线"", ""station_name"": ""丁桥"", ""distance_raw"": ""1403""}]",紫丁香街150号
3307240,金基西岸筑,杭州,18,淳安县,17455,淳安,17456,杭州淳安县淳安千岛湖青溪新城（千岛湖景观大道沿线）,,,,,107-153㎡,住宅：57491m² 别墅：57491m²,住宅：120000m² 别墅：120000m²,"[{""id"": 17831, ""rooms"": 3, ""room_alias"": ""三室"", ""area"": 107}, {""id"": 17832, ""rooms"": 3, ""room_alias"": ""三室"", ""area"": 107}, {""id"": 17833, ""rooms"": 4, ""room_alias"": ""四室"", ""area"": 153}, {""id"": 17834, ""rooms"": 4, ""room_alias"": ""四室"", ""area"": 153}]",别墅,别墅户型,2002-02-22,,2002年,2003年,[],超高层,住宅：多层、高层 别墅：独栋别墅,住宅：70年 别墅：70年,住宅：1.5,住宅：35% 别墅：35%,住宅：800 别墅：800,"住宅：毛坯,带装修 别墅：毛坯,带装修",,住宅,旭辉永升,住宅：2.5元/㎡/月,,住宅：470 别墅：470,住宅：1:0.59 别墅：1:0.59,售罄,售罄,售罄,"[""淳售许字(2012)第08号"", ""淳售许字(2011)第000014号""]",[],新城控股,,浙江金基置业有限公司,住宅：民电,住宅：民水,29.613275,119.164083,"""""","{""52"": ""低容积"", ""29"": ""装修交付"", ""72"": ""配套纯熟"", ""71"": ""便利店"", ""70"": ""银行"", ""69"": ""学校"", ""66"": ""公园"", ""64"": ""购物中心"", ""78"": ""大户型""}","[""低容积"", ""装修交付"", ""配套纯熟"", ""便利店"", ""银行""]",https://pic4.ajkimg.com/display/xinfang/e3bbfa04524e4b80e3f65f9857101286/275x206n.jpg,[],杭州千岛湖景观大道BOBOe族酒店（现场）/杭大路1号黄龙世纪广场B区1楼金基创意展示中心
643151,碧邸二期,杭州,18,临安区,16784,锦南,25402,杭州临安区锦南流霞街与秀泉路交叉口,,,,,89㎡,23828m²,67902m²,"[{""id"": 802832, ""rooms"": 3, ""room_alias"": ""三室"", ""area"": 89}, {""id"": 802833, ""rooms"": 3, ""room_alias"": ""三室"", ""area"": 89}]",3室,3室户型,2002-06-16,,2002年,2003年,[],{高层},高层,70年,2,35%,514,毛坯,,住宅,华润万象生活,2.5元/㎡/月,,,,售罄,售罄,售罄,[],[],中南,越秀地产,杭州越珑房地产开发有限公司,民电,民水,30.183875,119.704792,"{""service_num"": ""4006708287"", ""num"": ""34528""}","{""9"": ""轨交房"", ""76"": ""厨卫全明"", ""75"": ""三房朝南"", ""74"": ""南北通透"", ""73"": ""卧室全朝南"", ""61"": ""山景地产"", ""547"": ""地铁"", ""69"": ""学校"", ""402"": ""玄关入户"", ""401"": ""户型方正"", ""85"": ""主卧套房"", ""636"": ""公办小学"", ""635"": ""民办小学"", ""598"": ""民办幼儿园"", ""597"": ""公办幼儿园"", ""541"": ""3D沙盘"", ""540"": ""日照模拟"", ""263"": ""VR看房"", ""226"": ""商业街区"", ""50"": ""品牌开发商""}","[""轨交房"", ""厨卫全明"", ""三房朝南"", ""南北通透"", ""卧室全朝南""]",https://pic4.ajkimg.com/display/xinfang/6a2d2e55dcc7ad5ea61fb61c0e8dd3c5/275x206n.jpg,"[{""id"": ""7192997"", ""loupan_id"": ""515504"", ""station_id"": ""10683"", ""subway_id"": ""1032"", ""city_id"": ""18"", ""distance"": ""940米"", ""status"": ""1"", ""last_update_time"": ""1774211227"", ""is_rail_loupan"": ""1"", ""subway_name"": ""16号线"", ""station_name"": ""九州街"", ""distance_raw"": ""940""}]",临安流霞街与双拥路交叉口（九州街地铁口直线距离约500米）
6965514,泰白鸽堂,杭州,18,余杭区,1808,西溪,4591,杭州余杭区西溪天目山路西溪湿地南侧,,,,,430㎡,7097m²,11211m²,"[{""id"": 103911, ""rooms"": 7, ""room_alias"": ""七室"", ""area"": 430}]",别墅,别墅户型,2002-02-15,,2002年,2003年,[],{},,,,30%,,毛坯,,别墅,绿城服务,,,2,1:2,售罄,售罄,售罄,"[""留用地项目无预售证""]",[],远洋,,,民电,民水,30.269294,120.059097,"""""","{""56"": ""车位充足"", ""9"": ""轨交房"", ""10"": ""多轨交"", ""72"": ""配套纯熟"", ""71"": ""便利店"", ""70"": ""银行"", ""69"": ""学校"", ""68"": ""医院"", ""67"": ""生态绿地"", ""66"": ""公园"", ""65"": ""商业街"", ""64"": ""购物中心"", ""78"": ""大户型"", ""636"": ""公办小学"", ""606"": ""省一级园"", ""603"": ""二级园"", ""598"": ""民办幼儿园"", ""597"": ""公办幼儿园""}","[""车位充足"", ""轨交房"", ""多轨交"", ""配套纯熟"", ""便利店""]",https://pic4.ajkimg.com/display/xinfang/8373ade9b20be59f18cbd5318d871371/275x206n.jpg,"[{""id"": ""7246819"", ""loupan_id"": ""251940"", ""station_id"": ""120519"", ""subway_id"": ""1010"", ""city_id"": ""18"", ""distance"": ""754米"", ""status"": ""1"", ""last_update_time"": ""1774211230"", ""is_rail_loupan"": ""1"", ""subway_name"": ""3号线"", ""station_name"": ""洪园"", ""distance_raw"": ""754""}, {""id"": ""7254481"", ""loupan_id"": ""251940"", ""station_id"": ""120838"", ""subway_id"": ""1011"", ""city_id"": ""18"", ""distance"": ""758米"", ""status"": ""1"", ""last_update_time"": ""1774211228"", ""is_rail_loupan"": ""1"", ""subway_name"": ""3号线支线"", ""station_name"": ""留下站"", ""distance_raw"": ""758""}, {""id"": ""7246818"", ""loupan_id"": ""251940"", ""station_id"": ""120520"", ""subway_id"": ""1010"", ""city_id"": ""18"", ""distance"": ""1296米"", ""status"": ""1"", ""last_update_time"": ""1774211230"", ""is_rail_loupan"": ""1"", ""subway_name"": ""3号线"", ""station_name"": ""西溪湿地南"", ""distance_raw"": ""1296""}]",天目山路西溪湿地南侧(西溪晴雪项目旁)
7367820,千岛南国墅,杭州,18,淳安县,17455,淳安,17456,杭州淳安县淳安千岛湖镇珍珠大道1288号,,1793元/㎡,1793元/㎡,首付25万，月供6203元,203-237㎡,41329.61m²,81373.67m²,[],,商业户型,2002-05-07,2018年06月06日,2002年,2003年,[],{},,40年,,36%,271,毛坯,,标准写字楼,保利物业,2.5元/㎡/月,,322,,售罄,售罄,售罄,[],[],雅居乐,,,商电,商水,29.606163,119.083645,"{""service_num"": ""4006708287"", ""num"": """"}","{""559"": ""现房"", ""220"": ""办公首选"", ""55"": ""小型社区""}","[""现房"", ""办公首选"", ""小型社区""]",https://pic4.ajkimg.com/display/xinfang/4645c924bf8e22736d4d1fb26f22b3a7/275x206n.jpg,[],淳安县千岛湖镇珍珠大道1288号
139468,绿峰A区,杭州,18,钱塘区,20267,江东新城,20272,杭州钱塘区江东新城萧山义蓬街道青六线与青兴路交叉口（义蓬购物中心1期西侧）,,,,,45㎡,14352.45m²,46952m²,"[{""id"": 162551, ""rooms"": 1, ""room_alias"": ""一室"", ""area"": 45}, {""id"": 162552, ""rooms"": 1, ""room_alias"": ""一室"", ""area"": 45}]",1室,商业户型,2002-02-17,,2002年,2003年,[],{高层},高层,40年,2.5,30%,490,"毛坯,带装修",,商业,旭辉永升,3.25元/㎡/月,,397,1:0.8,售罄,售罄,售罄,"[""杭售许字(2016)第008004号""]",[],象屿,,,商电,商水,30.275141,120.489876,"""""","{""29"": ""装修交付"", ""9"": ""轨交房"", ""72"": ""配套纯熟"", ""71"": ""便利店"", ""70"": ""银行"", ""65"": ""商业街"", ""64"": ""购物中心""}","[""装修交付"", ""轨交房"", ""配套纯熟"", ""便利店"", ""银行""]",https://pic4.ajkimg.com/display/xinfang/f8ccc8290e49ad4912444fca37a0eedb/275x206n.jpg,"[{""id"": ""7211681"", ""loupan_id"": ""408640"", ""station_id"": ""10932"", ""subway_id"": ""1043"", ""city_id"": ""18"", ""distance"": ""577米"", ""status"": ""1"", ""last_update_time"": ""1774211229"", ""is_rail_loupan"": ""1"", ""subway_name"": ""7号线"", ""station_name"": ""义蓬"", ""distance_raw"": ""577""}]",萧山义蓬街道青六线与青兴路交叉口（义蓬购物中心1期西侧）
3730176,悦北辰丽景,杭州,18,拱墅区,1801,运河新城,10134,杭州拱墅区运河新城金昌路与北秀街交叉口,,7172元/㎡,7172元/㎡,首付39万，月供9449元,99-138㎡,60563m²,201625.07m²,"[{""id"": 779889, ""rooms"": 3, ""room_alias"": ""三室"", ""area"": 99}, {""id"": 779888, ""rooms"": 3, ""room_alias"": ""三室"", ""area"": 109}, {""id"": 779887, ""rooms"": 4, ""room_alias"": ""四室"", ""area"": 109}, {""id"": 779885, ""rooms"": 4, ""room_alias"": ""四室"", ""area"": 125}, {""id"": 779886, ""rooms"": 4, ""room_alias"": ""四室"", ""area"": 125}, {""id"": 779884, ""rooms"": 4, ""room_alias"": ""四室"", ""area"": 138}]",3/4室,"3室户型,4室户型",2002-04-22,2023年10月20日,2002年,2003年,"[""2023-10-12"", ""2023-08-22"", ""2023-06-14"", ""2023-05-15"", ""2023-04-19"", ""2023-04-07"", ""2023-03-14"", ""2022-10-13"", ""2022-12-01""]",{高层},高层,70年,2.4,35%,1230,带装修,在建中，竣工时间：2025-12-31,住宅,金地智慧服务,4.5元/㎡/月,,1346,1:1.09,售罄,售罄,售罄,"[""杭房预许字（2023）第00583号"", ""杭售许字（2023）第000094号"", ""杭售许字（2023）第000065号"", ""杭售许字(2023)第000056号"", ""杭售许字(2023)第000046号"", ""杭售许字(2023)第000036号"", ""杭售许字(2023)第000023号"", ""杭售许字(2022)第000098号"", ""杭售许字(2022)第000134号""]","[""13#、17#、23#"", ""16#、21#、18#、22#"", ""15#、9#"", ""5#、11#"", ""6#、12#"", ""3#、10#"", ""2#、14#"", ""4#、8#、19#"", ""1#、7#、20#""]",招商蛇口,"招商蛇口,大家房产,滨江集团",滨江房产、大家房产、招商蛇口,民电,民水,30.361925,120.156488,"""""","{""559"": ""现房"", ""56"": ""车位充足"", ""29"": ""装修交付"", ""9"": ""轨交房"", ""76"": ""厨卫全明"", ""74"": ""南北通透"", ""73"": ""卧室全朝南"", ""7"": ""项目在建"", ""276"": ""一房一价"", ""547"": ""地铁"", ""66"": ""公园"", ""78"": ""大户型"", ""402"": ""玄关入户"", ""401"": ""户型方正"", ""397"": ""动静分离"", ""85"": ""主卧套房"", ""637"": ""公办中学"", ""636"": ""公办小学"", ""624"": ""九年一贯制"", ""606"": ""省一级园"", ""603"": ""二级园"", ""598"": ""民办幼儿园"", ""597"": ""公办幼儿园"", ""541"": ""3D沙盘"", ""540"": ""日照模拟"", ""279"": ""品质好房"", ""263"": ""VR看房"", ""50"": ""品牌开发商""}","[""现房"", ""车位充足"", ""装修交付"", ""轨交房"", ""厨卫全明""]",https://pic4.ajkimg.com/display/xinfang/bb6fdfb0591a3f24a12e369642a58cc3/275x206n.jpg,"[{""id"": ""7193045"", ""loupan_id"": ""515592"", ""station_id"": ""120451"", ""subway_id"": ""42"", ""city_id"": ""18"", ""distance"": ""1292米"", ""status"": ""1"", ""last_update_time"": ""1774211232"", ""is_rail_loupan"": ""1"", ""subway_name"": ""4号线"", ""station_name"": ""独城生态公园"", ""distance_raw"": ""1292""}, {""id"": ""7193044"", ""loupan_id"": ""515592"", ""station_id"": ""120448"", ""subway_id"": ""42"", ""city_id"": ""18"", ""distance"": ""1332米"", ""status"": ""1"", ""last_update_time"": ""1774211232"", ""is_rail_loupan"": ""1"", ""subway_name"": ""4号线"", ""station_name"": ""吴家角港"", ""distance_raw"": ""1332""}]",杭州拱墅区金昌路与北秀街交叉口
4445981,听荷银河公寓,杭州,18,临平区,24198,东湖,24199,杭州临平区东湖临平宏达路与顺意路交汇处（直距龙安地铁口500m）,,4767元/㎡,4767元/㎡,首付25万，月供6167元,98-139㎡,22545m²,69699m²,"[{""id"": 803766, ""rooms"": 3, ""room_alias"": ""三室"", ""area"": 98}, {""id"": 803765, ""rooms"": 4, ""room_alias"": ""四室"", ""area"": 109}, {""id"": 803750, ""rooms"": 4, ""room_alias"": ""四室"", ""area"": 139}, {""id"": 803764, ""rooms"": 4, ""room_alias"": ""四室"", ""area"": 139}]",3/4室,"3室户型,4室户型",2002-12-15,2024年05月25日,2002年,2003年,"[""2024-05-17"", ""2024-03-04"", ""2023-12-11"", ""2023-10-31"", ""2023-10-11"", ""2023-07-11"", ""2023-06-21""]",{高层},高层,70年,2.2,35%,430,带装修,在建中，竣工时间：暂无数据,住宅,世茂服务,,,,,售罄,售罄,售罄,"[""临平房预许字(2024)第00197号"", ""临平房预许字（2024）第00047号"", ""临平房预许字（2023）第00717号"", ""临平房预许字（2023）第00624号"", ""临平房预许字（2023）第00578号"", ""临平售许字(2023)第ZJ00387号"", ""临平售许字(2023)第ZJ00362号""]","[""5#"", ""3#"", ""2#"", ""4#"", ""8#"", ""6#"", ""7#、1#""]",万科,"滨江集团,建杭置业",滨江集团&建杭置业,民电,民水,30.444115,120.280835,"""""","{""559"": ""现房"", ""29"": ""装修交付"", ""9"": ""轨交房"", ""76"": ""厨卫全明"", ""74"": ""南北通透"", ""73"": ""卧室全朝南"", ""7"": ""项目在建"", ""276"": ""一房一价"", ""72"": ""配套纯熟"", ""69"": ""学校"", ""68"": ""医院"", ""65"": ""商业街"", ""64"": ""购物中心"", ""78"": ""大户型"", ""402"": ""玄关入户"", ""401"": ""户型方正"", ""397"": ""动静分离"", ""85"": ""主卧套房"", ""83"": ""双阳台"", ""637"": ""公办中学"", ""636"": ""公办小学"", ""603"": ""二级园"", ""598"": ""民办幼儿园"", ""597"": ""公办幼儿园"", ""593"": ""以旧换新"", ""541"": ""3D沙盘"", ""540"": ""日照模拟"", ""421"": ""无需摇号"", ""263"": ""VR看房"", ""50"": ""品牌开发商""}","[""现房"", ""装修交付"", ""轨交房"", ""厨卫全明"", ""南北通透""]",https://pic4.ajkimg.com/display/xinfang/0bf570e84191b26d5b308c9533640db3/275x206n.jpg,"[{""id"": ""7253882"", ""loupan_id"": ""520032"", ""station_id"": ""120835"", ""subway_id"": ""12055"", ""city_id"": ""18"", ""distance"": ""536米"", ""status"": ""1"", ""last_update_time"": ""1774211232"", ""is_rail_loupan"": ""1"", ""subway_name"": ""9号线"", ""station_name"": ""龙安站"", ""distance_raw"": ""536""}]",临平宏达路与顺意路交汇处（直距龙安地铁口500m）
6552948,福都二期,杭州,18,余杭区,1808,云城,25135,杭州余杭区云城杭腾大道与士林西路（规划）交叉口,,7615元/㎡,7615元/㎡,首付64万，月供15617元,120-168㎡,13303m²,42877m²,"[{""id"": 784882, ""rooms"": 4, ""room_alias"": ""四室"", ""area"": 120}, {""id"": 784883, ""rooms"": 4, ""room_alias"": ""四室"", ""area"": 139}, {""id"": 784884, ""rooms"": 4, ""room_alias"": ""四室"", ""area"": 168}]",4室,4室户型,2002-10-07,2022年12月03日,2002年,2003年,"[""2022-11-21""]",{高层},高层,70年,2.4,35%,221,带装修,,住宅,雅生活服务,4.5元/㎡/月,,243,1:1.1,售罄,售罄,售罄,"[""余售许字（2022）第ZJ00604号""]","[""1#、3#、5#、2#、4#""]",金地,滨江集团,杭州滨林房地产开发有限公司,民电,民水,30.294518,119.967194,"""""","{""559"": ""现房"", ""56"": ""车位充足"", ""29"": ""装修交付"", ""9"": ""轨交房"", ""76"": ""厨卫全明"", ""74"": ""南北通透"", ""10"": ""多轨交"", ""78"": ""大户型"", ""402"": ""玄关入户"", ""401"": ""户型方正"", ""85"": ""主卧套房"", ""636"": ""公办小学"", ""606"": ""省一级园"", ""597"": ""公办幼儿园"", ""540"": ""日照模拟"", ""263"": ""VR看房"", ""98"": ""改善置业"", ""55"": ""小型社区"", ""50"": ""品牌开发商""}","[""现房"", ""车位充足"", ""装修交付"", ""轨交房"", ""厨卫全明""]",https://pic4.ajkimg.com/display/xinfang/e48847e71536ac2d47f0835379a2b59a/275x206n.jpg,"[{""id"": ""7195112"", ""loupan_id"": ""515630"", ""station_id"": ""120600"", ""subway_id"": ""12046"", ""city_id"": ""18"", ""distance"": ""985米"", ""status"": ""1"", ""last_update_time"": ""1774211229"", ""is_rail_loupan"": ""1"", ""subway_name"": ""19号线"", ""station_name"": ""火车西站站"", ""distance_raw"": ""985""}, {""id"": ""7254266"", ""loupan_id"": ""515630"", ""station_id"": ""120528"", ""subway_id"": ""1010"", ""city_id"": ""18"", ""distance"": ""1105米"", ""status"": ""1"", ""last_update_time"": ""1774211230"", ""is_rail_loupan"": ""1"", ""subway_name"": ""3号线"", ""station_name"": ""火车西站"", ""distance_raw"": ""1105""}, {""id"": ""7267735"", ""loupan_id"": ""515630"", ""station_id"": ""122097"", ""subway_id"": ""12109"", ""city_id"": ""18"", ""distance"": ""1166米"", ""status"": ""1"", ""last_update_time"": ""1774211232"", ""is_rail_loupan"": ""1"", ""subway_name"": ""12号线"", ""station_name"": ""火车西站站"", ""distance_raw"": ""1166""}, {""id"": ""7266953"", ""loupan_id"": ""515630"", ""station_id"": ""120526"", ""subway_id"": ""1010"", ""city_id"": ""18"", ""distance"": ""1392米"", ""status"": ""1"", ""last_update_time"": ""1774211230"", ""is_rail_loupan"": ""1"", ""subway_name"": ""3号线"", ""station_name"": ""汤家村"", ""distance_raw"": ""1392""}]",杭州云城·杭腾大道与士林西路（规划）交叉口
7174475,龙南国墅,杭州,18,临平区,24198,东湖,24199,杭州临平区东湖临平大道与长宁路交汇处,,,,,89-107㎡,53358m²,164610m²,"[{""id"": 620847, ""rooms"": 3, ""room_alias"": ""三室"", ""area"": 89}, {""id"": 620850, ""rooms"": 3, ""room_alias"": ""三室"", ""area"": 89}, {""id"": 620851, ""rooms"": 4, ""room_alias"": ""四室"", ""area"": 107}]",3/4室,"3室户型,4室户型",2002-06-06,2021年07月29日,2002年,2003年,"[""2021-07-20"", ""2021-01-16"", ""2021-06-17"", ""2021-04-19"", ""2021-05-21""]",超高层,高层,70年,2.2,35%,1238,带装修,在建中，竣工时间：暂无数据,住宅,新城悦服务,,,1317,1:1,售罄,售罄,售罄,"[""余售许字（2021）第ZJ02068号"", ""余售许字（2021）第ZJ00037号"", ""余售许字（2021）第ZJ01984号"", ""余售许字（2021）第ZJ00365号"", ""余售许字（2021）第ZJ00475号""]","[""5#、12#"", ""3#、4#、10#、11#"", ""1#、6#、17#、13#、14#、15#"", ""2#、16#、8#"", ""7#""]",新城控股,上坤集团,杭州景上房地产开发有限公司,民电,民水,30.464851,120.311501,"""""","{""559"": ""现房"", ""29"": ""装修交付"", ""9"": ""轨交房"", ""76"": ""厨卫全明"", ""74"": ""南北通透"", ""7"": ""项目在建"", ""402"": ""玄关入户"", ""401"": ""户型方正"", ""85"": ""主卧套房"", ""83"": ""双阳台"", ""637"": ""公办中学"", ""636"": ""公办小学"", ""603"": ""二级园"", ""598"": ""民办幼儿园"", ""597"": ""公办幼儿园"", ""50"": ""品牌开发商""}","[""现房"", ""装修交付"", ""轨交房"", ""厨卫全明"", ""南北通透""]",https://pic4.ajkimg.com/display/xinfang/c9c30ebfc292e7ceb6221199bf870c5f/275x206n.jpg,"[{""id"": ""7253665"", ""loupan_id"": ""482802"", ""station_id"": ""120834"", ""subway_id"": ""12055"", ""city_id"": ""18"", ""distance"": ""938米"", ""status"": ""1"", ""last_update_time"": ""1774211227"", ""is_rail_loupan"": ""1"", ""subway_name"": ""9号线"", ""station_name"": ""五洲路站"", ""distance_raw"": ""938""}, {""id"": ""7253666"", ""loupan_id"": ""482802"", ""station_id"": ""120833"", ""subway_id"": ""12055"", ""city_id"": ""18"", ""distance"": ""1203米"", ""status"": ""1"", ""last_update_time"": ""1774211227"", ""is_rail_loupan"": ""1"", ""subway_name"": ""9号线"", ""station_name"": ""荷禹路站"", ""distance_raw"": ""1203""}]",杭州市临平区临平大道与长宁路交汇处
9407124,保利半岛雅苑,杭州,18,拱墅区,1801,运河新城,10134,杭州拱墅区运河新城皇蒋路与蒋家桥路交汇处,,6222元/㎡,6222元/㎡,首付38万，月供9233元,107-139㎡,34025m²,78257.5m²,"[{""id"": 774339, ""rooms"": 3, ""room_alias"": ""三室"", ""area"": 107}, {""id"": 774338, ""rooms"": 4, ""room_alias"": ""四室"", ""area"": 128}, {""id"": 774337, ""rooms"": 4, ""room_alias"": ""四室"", ""area"": 139}]",3/4室,"3室户型,4室户型",2002-04-09,2023年04月21日,2002年,2003年,"[""2023-04-11"", ""2023-03-14"", ""2022-12-21"", ""2022-12-09"", ""2022-10-21""]",洋房,高层,70年,2.29,35%,624,带装修,在建中，竣工时间：2024-11-30,住宅,世茂服务,3.25元/㎡/月,,689,1:1.1,售罄,售罄,售罄,"[""杭售许字（2023）第000041号"", ""杭售许字(2023)第000022号"", ""杭售许字(2022)第000157号"", ""杭售许字(2022)第000142号"", ""杭售许字(2022)第000108号""]","[""2#、8#"", ""4#、10#"", ""5#、11#、6#"", ""3#、7#"", ""1#、9#""]",滨江集团,绿城集团,绿城中国控股有限公司,民电,民水,30.375963,120.138956,"""""","{""56"": ""车位充足"", ""29"": ""装修交付"", ""9"": ""轨交房"", ""76"": ""厨卫全明"", ""74"": ""南北通透"", ""7"": ""项目在建"", ""276"": ""一房一价"", ""69"": ""学校"", ""66"": ""公园"", ""65"": ""商业街"", ""78"": ""大户型"", ""402"": ""玄关入户"", ""401"": ""户型方正"", ""397"": ""动静分离"", ""85"": ""主卧套房"", ""83"": ""双阳台"", ""637"": ""公办中学"", ""636"": ""公办小学"", ""624"": ""九年一贯制"", ""606"": ""省一级园"", ""603"": ""二级园"", ""598"": ""民办幼儿园"", ""597"": ""公办幼儿园"", ""541"": ""3D沙盘"", ""540"": ""日照模拟"", ""263"": ""VR看房"", ""50"": ""品牌开发商""}","[""车位充足"", ""装修交付"", ""轨交房"", ""厨卫全明"", ""南北通透""]",https://pic4.ajkimg.com/display/xinfang/044a9161fa60c1705dcc78b454693108/275x206n.jpg,"[{""id"": ""7267278"", ""loupan_id"": ""514206"", ""station_id"": ""122120"", ""subway_id"": ""12110"", ""city_id"": ""18"", ""distance"": ""797米"", ""status"": ""1"", ""last_update_time"": ""1774211227"", ""is_rail_loupan"": ""1"", ""subway_name"": ""15号线"", ""station_name"": ""康桥站"", ""distance_raw"": ""797""}]",顾扬路与康桥路交叉口和颂春风里售楼处
4085436,宏雅苑,杭州,18,建德市,17457,建德,17458,杭州建德市建德严州大道，第一人民医院对面,,,,,89-140㎡,52000m²,177000m²,"[{""id"": 106720, ""rooms"": 3, ""room_alias"": ""三室"", ""area"": 89}, {""id"": 106721, ""rooms"": 3, ""room_alias"": ""三室"", ""area"": 140}]",3室,3室户型,2002-10-20,,2002年,2003年,[],{高层},高层,70年,2.4,30%,800,"毛坯,带装修",,住宅,新城悦服务,2.8元/㎡/月,,1115,1:1.4,售罄,售罄,售罄,"[""建售许字(2014)第011号"", ""建售许字(2014)第007号更1"", ""建售许字(2013)第018号更1"", ""建售许字(2013)第010号"", ""建售许字(2013)第007号""]",[],阳光城,,绿城房地产集团有限公司,民电,民水,29.487331,119.28444,"""""","{""56"": ""车位充足"", ""29"": ""装修交付"", ""72"": ""配套纯熟"", ""71"": ""便利店"", ""70"": ""银行"", ""69"": ""学校"", ""68"": ""医院"", ""66"": ""公园"", ""65"": ""商业街"", ""64"": ""购物中心"", ""78"": ""大户型"", ""636"": ""公办小学"", ""51"": ""金牌物业""}","[""车位充足"", ""装修交付"", ""配套纯熟"", ""便利店"", ""银行""]",https://pic4.ajkimg.com/display/xinfang/1d710a410d39e0aed777c5bc604c08c1/275x206n.jpg,[],建德市严州大道，第一人民医院对面
2146005,锦紫金小区,杭州,18,下城,1805,市中心,5125,"杭州下城市中心潮王路(浙江工业大学东侧,下城区文体中心西侧)",,,,,44-69㎡,住宅：9810m² 别墅：9810m²,住宅：66241m² 别墅：66241m²,"[{""id"": 26991, ""rooms"": 1, ""room_alias"": ""一室"", ""area"": 44}, {""id"": 26993, ""rooms"": 1, ""room_alias"": ""一室"", ""area"": 46}, {""id"": 26994, ""rooms"": 1, ""room_alias"": ""一室"", ""area"": 54}, {""id"": 26999, ""rooms"": 1, ""room_alias"": ""一室"", ""area"": 54}, {""id"": 26997, ""rooms"": 1, ""room_alias"": ""一室"", ""area"": 69}, {""id"": 26996, ""rooms"": 2, ""room_alias"": ""二室"", ""area"": 44}, {""id"": 27001, ""rooms"": 2, ""room_alias"": ""二室"", ""area"": 46}, {""id"": 27000, ""rooms"": 2, ""room_alias"": ""二室"", ""area"": 54}, {""id"": 27003, ""rooms"": 2, ""room_alias"": ""二室"", ""area"": 54}, {""id"": 27004, ""rooms"": 2, ""room_alias"": ""二室"", ""area"": 69}]",1/2室,"1室户型,2室户型",2002-01-09,,2002年,2003年,[],{高层},住宅：高层,,住宅：4.8,住宅：25% 别墅：25%,住宅：908 别墅：908,住宅：带装修 别墅：带装修,,住宅,新城悦服务,住宅：6元/㎡/月,,住宅：2207 别墅：2207,,售罄,售罄,售罄,[],[],朗诗,,杭州凯威房地产开发有限公司,住宅：民电,住宅：民水,30.315811,120.160499,"{""service_num"": ""4006708287"", ""num"": """"}","{""29"": ""装修交付"", ""9"": ""轨交房"", ""72"": ""配套纯熟"", ""71"": ""便利店"", ""70"": ""银行"", ""69"": ""学校"", ""68"": ""医院"", ""66"": ""公园"", ""65"": ""商业街"", ""64"": ""购物中心"", ""79"": ""小户型"", ""638"": ""民办中学"", ""637"": ""公办中学"", ""636"": ""公办小学"", ""635"": ""民办小学"", ""624"": ""九年一贯制"", ""606"": ""省一级园"", ""598"": ""民办幼儿园"", ""597"": ""公办幼儿园""}","[""装修交付"", ""轨交房"", ""配套纯熟"", ""便利店"", ""银行""]",https://pic4.ajkimg.com/display/xinfang/79ab3a9b1e485a59b0a787f91e0c7b04/275x206n.jpg,"[{""id"": ""7267632"", ""loupan_id"": ""238670"", ""station_id"": ""122127"", ""subway_id"": ""12110"", ""city_id"": ""18"", ""distance"": ""467米"", ""status"": ""1"", ""last_update_time"": ""1774211229"", ""is_rail_loupan"": ""1"", ""subway_name"": ""15号线"", ""station_name"": ""和平站"", ""distance_raw"": ""467""}, {""id"": ""7267631"", ""loupan_id"": ""238670"", ""station_id"": ""122126"", ""subway_id"": ""12110"", ""city_id"": ""18"", ""distance"": ""716米"", ""status"": ""1"", ""last_update_time"": ""1774211229"", ""is_rail_loupan"": ""1"", ""subway_name"": ""15号线"", ""station_name"": ""城北体育公园站"", ""distance_raw"": ""716""}]",黄龙路8号恒励大厦1楼
903282,恒大云天居,杭州,18,桐庐县,17459,桐庐,17460,杭州桐庐县桐庐富春未来城梅林路与城南路交叉口西南侧约600米处,,,,,77-134㎡,70000m²,140000m²,"[{""id"": 570712, ""rooms"": 2, ""room_alias"": ""二室"", ""area"": 77}, {""id"": 570713, ""rooms"": 3, ""room_alias"": ""三室"", ""area"": 100}, {""id"": 570721, ""rooms"": 3, ""room_alias"": ""三室"", ""area"": 101}, {""id"": 570723, ""rooms"": 3, ""room_alias"": ""三室"", ""area"": 103}, {""id"": 570725, ""rooms"": 3, ""room_alias"": ""三室"", ""area"": 104}, {""id"": 611548, ""rooms"": 3, ""room_alias"": ""三室"", ""area"": 105}, {""id"": 570707, ""rooms"": 3, ""room_alias"": ""三室"", ""area"": 110}, {""id"": 570708, ""rooms"": 3, ""room_alias"": ""三室"", ""area"": 114}, {""id"": 570714, ""rooms"": 3, ""room_alias"": ""三室"", ""area"": 114}, {""id"": 570716, ""rooms"": 3, ""room_alias"": ""三室"", ""area"": 115}, {""id"": 570709, ""rooms"": 3, ""room_alias"": ""三室"", ""area"": 117}, {""id"": 570717, ""rooms"": 3, ""room_alias"": ""三室"", ""area"": 117}, {""id"": 570710, ""rooms"": 3, ""room_alias"": ""三室"", ""area"": 125}, {""id"": 570718, ""rooms"": 4, ""room_alias"": ""四室"", ""area"": 134}]",2/3/4室,"2室户型,3室户型,4室户型",2002-03-12,2020年06月27日,2002年,2003年,"[""2020-11-25"", ""2020-09-18"", ""2020-06-23"", ""2020-06-21"", ""2020-06-21"", ""2020-05-27""]",{高层},高层,70年,2,30%,1226,带装修,,住宅,绿城服务,2.29元/㎡/月,,1534,1:1.3,售罄,售罄,售罄,"[""桐售许字（2020）第01535 号"", ""桐售许字（2020）第01248号"", ""桐售许字（2020）第00626号"", ""桐售许字（2020）第00607号"", ""桐售许字（2020）第00606号"", ""桐售许字（2020）第00468号""]","[""2#、3#、5#、7#"", ""1#、4#、8#"", ""18#、6#、9#"", ""10#、17#、19#"", ""11#、12#、14#、15#、16#"", ""13#""]",金茂,中国恒大,杭州桐恒置业有限公司,民电,民水,29.790562,119.739069,"{""service_num"": ""4006708287"", ""num"": """"}","{""56"": ""车位充足"", ""29"": ""装修交付"", ""76"": ""厨卫全明"", ""74"": ""南北通透"", ""73"": ""卧室全朝南"", ""78"": ""大户型"", ""402"": ""玄关入户"", ""401"": ""户型方正"", ""397"": ""动静分离"", ""85"": ""主卧套房"", ""83"": ""双阳台"", ""641"": ""寄宿制中学"", ""637"": ""公办中学"", ""636"": ""公办小学"", ""624"": ""九年一贯制"", ""263"": ""VR看房"", ""50"": ""品牌开发商""}","[""车位充足"", ""装修交付"", ""厨卫全明"", ""南北通透"", ""卧室全朝南""]",https://pic4.ajkimg.com/display/xinfang/23237c078b132477fc514d2677b6b0ff/275x206n.jpg,[],桐庐县梅林路与科技大道交叉口东南510米
7618939,海台,杭州,18,拱墅区,1801,上塘,5129,杭州拱墅区上塘石祥路239号,,,,,48-137㎡,110000m²,400000m²,"[{""id"": 290092, ""rooms"": 2, ""room_alias"": ""二室"", ""area"": 48}, {""id"": 199113, ""rooms"": 3, ""room_alias"": ""三室"", ""area"": 88}, {""id"": 199138, ""rooms"": 3, ""room_alias"": ""三室"", ""area"": 132}, {""id"": 199128, ""rooms"": 3, ""room_alias"": ""三室"", ""area"": 137}]",3室、2室,"商业户型,3室户型",2002-09-26,,2002年,2003年,[],{高层},高层,40年,2.6,30%,1586,毛坯,,商业,雅生活服务,2.5元/㎡/月,,1432,1:0.9,售罄,售罄,售罄,"[""杭售许字(2014)第000059号"", ""杭售许字(2013)第000135号"", ""杭售许字(2013)第000068号"", ""杭售许字(2013)第0020号"", ""杭售许字(2011)第0109号"", ""杭售许字(2011)第0067号""]",[],中梁,,中铁房地产集团华东有限公司,商电,商水,30.348489,120.172241,"""""","{""31"": ""大平层"", ""9"": ""轨交房"", ""72"": ""配套纯熟"", ""71"": ""便利店"", ""70"": ""银行"", ""68"": ""医院"", ""66"": ""公园"", ""65"": ""商业街"", ""64"": ""购物中心"", ""78"": ""大户型"", ""54"": ""大型社区""}","[""大平层"", ""轨交房"", ""配套纯熟"", ""便利店"", ""银行""]",https://pic4.ajkimg.com/display/xinfang/39a4d597ac061cc4d112c576defe0e45/275x206n.jpg,"[{""id"": ""7211762"", ""loupan_id"": ""238752"", ""station_id"": ""120446"", ""subway_id"": ""42"", ""city_id"": ""18"", ""distance"": ""1459米"", ""status"": ""1"", ""last_update_time"": ""1774211230"", ""is_rail_loupan"": ""1"", ""subway_name"": ""4号线"", ""station_name"": ""皋亭坝"", ""distance_raw"": ""1459""}]",拱墅区石祥路239号（浙大城市学院北校区东侧）
5234229,金月亮名城,杭州,18,余杭区,1808,良渚,1924,杭州余杭区良渚古墩路和良祥路交叉口,,6070元/㎡,6070元/㎡,首付36万，月供8800元,101-169㎡,56830m²,113660m²,"[{""id"": 822598, ""rooms"": 3, ""room_alias"": ""三室"", ""area"": 101}, {""id"": 822597, ""rooms"": 3, ""room_alias"": ""三室"", ""area"": 103}, {""id"": 824323, ""rooms"": 4, ""room_alias"": ""四室"", ""area"": 109}, {""id"": 824324, ""rooms"": 4, ""room_alias"": ""四室"", ""area"": 129}, {""id"": 828179, ""rooms"": 4, ""room_alias"": ""四室"", ""area"": 129}, {""id"": 826461, ""rooms"": 4, ""room_alias"": ""四室"", ""area"": 169}]",3/4室,"3室户型,4室户型",2002-06-17,2023年12月23日,2002年,2003年,"[""2023-12-11"", ""2023-11-27"", ""2023-11-13"", ""2023-10-30""]",{花园洋房},花园洋房,70年,2,30%,814,,,住宅,保利物业,,,,,售罄,售罄,售罄,"[""余杭房预许字(2023)第00722号"", ""余杭房预许字(2023)第00686号"", ""余杭房预许字（2023）第00650号"", ""余杭房预许字（2023）第00618号""]","[""11#、15#、14#、5#"", ""13#、2#、7#、8#"", ""1#、6#、12#、9#"", ""3#、4#、10#""]",华侨城,绿城集团,,民电,民水,30.378299,120.061515,"""""","{""81"": ""大阳台"", ""57"": ""人车分流"", ""9"": ""轨交房"", ""76"": ""厨卫全明"", ""75"": ""三房朝南"", ""74"": ""南北通透"", ""73"": ""卧室全朝南"", ""30"": ""花园洋房"", ""276"": ""一房一价"", ""72"": ""配套纯熟"", ""70"": ""银行"", ""69"": ""学校"", ""68"": ""医院"", ""66"": ""公园"", ""65"": ""商业街"", ""64"": ""购物中心"", ""78"": ""大户型"", ""402"": ""玄关入户"", ""401"": ""户型方正"", ""86"": ""全景飘窗"", ""85"": ""主卧套房"", ""83"": ""双阳台"", ""82"": ""双卫生间"", ""637"": ""公办中学"", ""636"": ""公办小学"", ""603"": ""二级园"", ""598"": ""民办幼儿园"", ""597"": ""公办幼儿园"", ""541"": ""3D沙盘"", ""540"": ""日照模拟"", ""263"": ""VR看房"", ""50"": ""品牌开发商""}","[""大阳台"", ""人车分流"", ""轨交房"", ""厨卫全明"", ""三房朝南""]",https://pic4.ajkimg.com/display/xinfang/07e139ddcce8cd0152a7036386df8130/275x206n.jpg,"[{""id"": ""7254899"", ""loupan_id"": ""522705"", ""station_id"": ""4815"", ""subway_id"": ""41"", ""city_id"": ""18"", ""distance"": ""1072米"", ""status"": ""1"", ""last_update_time"": ""1774211232"", ""is_rail_loupan"": ""1"", ""subway_name"": ""2号线"", ""station_name"": ""良渚"", ""distance_raw"": ""1072""}]",余杭区良渚地铁站停车场西北100米(三良线东)
4481585,馥香世纪堂,杭州,18,拱墅区,1801,申花,5130,杭州拱墅区申花登云路与学院北路交汇处,,,,,175-280㎡,83785m²,238429m²,"[{""id"": 790069, ""rooms"": 4, ""room_alias"": ""四室"", ""area"": 175}, {""id"": 790067, ""rooms"": 4, ""room_alias"": ""四室"", ""area"": 199}, {""id"": 790068, ""rooms"": 4, ""room_alias"": ""四室"", ""area"": 199}, {""id"": 790065, ""rooms"": 5, ""room_alias"": ""五室"", ""area"": 245}, {""id"": 790066, ""rooms"": 5, ""room_alias"": ""五室"", ""area"": 245}, {""id"": 790064, ""rooms"": 5, ""room_alias"": ""五室"", ""area"": 280}]",4/5室,"4室户型,5室户型",2002-12-19,2023年03月21日,2002年,2003年,"[""2023-03-09"", ""2023-02-24"", ""2023-02-07"", ""2022-12-30""]",{高层},高层,70年,2.1,35%,828,带装修,在建中，竣工时间：暂无数据,住宅,招商积余,,,,,售罄,售罄,售罄,"[""杭售许字(2023)第000015号"", ""杭售许字(2023)第000011号"", ""杭售许字(2023)第000005号"", ""杭售许字(2022)第000164号""]","[""24#、17#、15#、12#、11#、10#、9#、8#"", ""23#、18#、16#、7#、6#、2#、1#"", ""22#、21#、5#、4#"", ""25#、20#、19#、14#、13#、3#""]",雅居乐,绿城集团,绿城,民电,民水,30.320491,120.133593,"{""service_num"": ""4006708287"", ""num"": """"}","{""29"": ""装修交付"", ""9"": ""轨交房"", ""76"": ""厨卫全明"", ""74"": ""南北通透"", ""7"": ""项目在建"", ""69"": ""学校"", ""78"": ""大户型"", ""402"": ""玄关入户"", ""401"": ""户型方正"", ""85"": ""主卧套房"", ""83"": ""双阳台"", ""638"": ""民办中学"", ""637"": ""公办中学"", ""636"": ""公办小学"", ""635"": ""民办小学"", ""624"": ""九年一贯制"", ""606"": ""省一级园"", ""598"": ""民办幼儿园"", ""597"": ""公办幼儿园"", ""540"": ""日照模拟"", ""263"": ""VR看房"", ""50"": ""品牌开发商""}","[""装修交付"", ""轨交房"", ""厨卫全明"", ""南北通透"", ""项目在建""]",https://pic4.ajkimg.com/display/xinfang/504585b1944eb0f885db3982eced0fc7/275x206n.jpg,"[{""id"": ""7326279"", ""loupan_id"": ""517353"", ""station_id"": ""4834"", ""subway_id"": ""142"", ""city_id"": ""18"", ""distance"": ""1314米"", ""status"": ""1"", ""last_update_time"": ""1774211227"", ""is_rail_loupan"": ""1"", ""subway_name"": ""5号线"", ""station_name"": ""萍水街"", ""distance_raw"": ""1314""}]",杭州市拱墅区登云路与学院北路交汇处
6850211,新公寓A区,杭州,18,西湖区,1804,三墩,1876,杭州西湖区三墩吴家坪路与联良路交叉口西北150米,,6033元/㎡,6033元/㎡,首付46万，月供11253元,109-139㎡,23600m²,99300m²,"[{""id"": 788495, ""rooms"": 3, ""room_alias"": ""三室"", ""area"": 109}, {""id"": 788494, ""rooms"": 4, ""room_alias"": ""四室"", ""area"": 129}, {""id"": 788493, ""rooms"": 4, ""room_alias"": ""四室"", ""area"": 139}]",3/4室,"3室户型,4室户型",2002-02-18,2023年04月17日,2002年,2003年,"[""2023-04-07"", ""2023-03-22"", ""2023-02-15"", ""2022-12-16""]",多层,高层,70年,3,35%,595,带装修,在建中，竣工时间：暂无数据,住宅,金地智慧服务,,,,,售罄,售罄,售罄,"[""杭售许字(2023)第000037号"", ""杭售许字(2023)第000030号"", ""杭售许字(2023)第000008号"", ""杭售许字(2022)第000151号""]","[""2#"", ""3#、4#"", ""5#"", ""6#、7#""]",中海,滨江集团,杭州滨铭实业有限公司,民电,民水,30.347684,120.056331,"{""service_num"": ""4006708287"", ""num"": """"}","{""29"": ""装修交付"", ""9"": ""轨交房"", ""76"": ""厨卫全明"", ""74"": ""南北通透"", ""7"": ""项目在建"", ""69"": ""学校"", ""68"": ""医院"", ""78"": ""大户型"", ""402"": ""玄关入户"", ""401"": ""户型方正"", ""85"": ""主卧套房"", ""637"": ""公办中学"", ""636"": ""公办小学"", ""635"": ""民办小学"", ""624"": ""九年一贯制"", ""606"": ""省一级园"", ""603"": ""二级园"", ""598"": ""民办幼儿园"", ""597"": ""公办幼儿园"", ""540"": ""日照模拟"", ""263"": ""VR看房"", ""50"": ""品牌开发商""}","[""装修交付"", ""轨交房"", ""厨卫全明"", ""南北通透"", ""项目在建""]",https://pic4.ajkimg.com/display/xinfang/a6c4a6a244eda3ec8b272759c03a8e42/275x206n.jpg,"[{""id"": ""7194083"", ""loupan_id"": ""516790"", ""station_id"": ""4813"", ""subway_id"": ""41"", ""city_id"": ""18"", ""distance"": ""851米"", ""status"": ""1"", ""last_update_time"": ""1774211226"", ""is_rail_loupan"": ""1"", ""subway_name"": ""2号线"", ""station_name"": ""白洋"", ""distance_raw"": ""851""}]",
6747948,泰春天榭,杭州,18,下城,1805,华丰,4582,"杭州下城华丰华中路(南侧杭玻路,北侧永华街，西侧500米石桥路)",,,,,34-90㎡,72065m²,224881m²,"[{""id"": 16362, ""rooms"": 1, ""room_alias"": ""一室"", ""area"": 34}, {""id"": 16369, ""rooms"": 1, ""room_alias"": ""一室"", ""area"": 37}, {""id"": 16367, ""rooms"": 2, ""room_alias"": ""二室"", ""area"": 52}, {""id"": 94778, ""rooms"": 2, ""room_alias"": ""二室"", ""area"": 80}, {""id"": 94777, ""rooms"": 2, ""room_alias"": ""二室"", ""area"": 89}, {""id"": 94779, ""rooms"": 2, ""room_alias"": ""二室"", ""area"": 90}]",1/2室,商业户型,2002-10-06,,2002年,2003年,[],{小高层},小高层,50年,2.2,30%,2000,带装修,,商业,龙湖智慧服务,2.6元/㎡/月,,1090,,售罄,售罄,售罄,"[""杭售许字(2014)第000039号"", ""杭售许字(2012)第0080号"", ""杭售许字(2012)第0036号"", ""杭售许字(2010)第0015号""]",[],融创,,杭州泰地置业有限公司,商电,商水,30.349804,120.20132,"""""","{""29"": ""装修交付"", ""9"": ""轨交房"", ""72"": ""配套纯熟"", ""71"": ""便利店"", ""70"": ""银行"", ""68"": ""医院"", ""66"": ""公园"", ""65"": ""商业街"", ""64"": ""购物中心"", ""54"": ""大型社区""}","[""装修交付"", ""轨交房"", ""配套纯熟"", ""便利店"", ""银行""]",https://pic4.ajkimg.com/display/xinfang/c4aa9220008a47b032d8851638c47446/275x206n.jpg,"[{""id"": ""7212280"", ""loupan_id"": ""238640"", ""station_id"": ""10201"", ""subway_id"": ""1010"", ""city_id"": ""18"", ""distance"": ""849米"", ""status"": ""1"", ""last_update_time"": ""1774211230"", ""is_rail_loupan"": ""1"", ""subway_name"": ""3号线"", ""station_name"": ""华丰路"", ""distance_raw"": ""849""}, {""id"": ""7212304"", ""loupan_id"": ""238640"", ""station_id"": ""10225"", ""subway_id"": ""1010"", ""city_id"": ""18"", ""distance"": ""1330米"", ""status"": ""1"", ""last_update_time"": ""1774211230"", ""is_rail_loupan"": ""1"", ""subway_name"": ""3号线"", ""station_name"": ""同协路"", ""distance_raw"": ""1330""}]",华中路杭玻路口
5276691,黄龙龙湖庄,杭州,18,萧山区,1807,钱江世纪城,5137,杭州萧山区钱江世纪城市心北路（市民中心对面）,,,,,88-110㎡,200000m²,142135m²,"[{""id"": 216008, ""rooms"": 1, ""room_alias"": ""一室"", ""area"": 88.42}, {""id"": 216010, ""rooms"": 1, ""room_alias"": ""一室"", ""area"": 109.68}]",1室,商业户型,2002-10-25,,2002年,2003年,[],小高层,高层,50年,5.7,20%,900,毛坯,,商业,保利物业,3.8元/㎡/月,,600,1：1.5,售罄,售罄,售罄,"[""萧售许字(2016)第025号：A、B幢""]",[],中海,,,商电,商水,30.235644,120.257973,"{""service_num"": ""4006708287"", ""num"": """"}","{""9"": ""轨交房"", ""72"": ""配套纯熟"", ""71"": ""便利店"", ""70"": ""银行"", ""68"": ""医院"", ""65"": ""商业街"", ""64"": ""购物中心""}","[""轨交房"", ""配套纯熟"", ""便利店"", ""银行"", ""医院""]",https://pic4.ajkimg.com/display/xinfang/3a2ae9ab22e3b56c0e047593832812f1/275x206n.jpg,"[{""id"": ""7213327"", ""loupan_id"": ""415529"", ""station_id"": ""2655"", ""subway_id"": ""41"", ""city_id"": ""18"", ""distance"": ""475米"", ""status"": ""1"", ""last_update_time"": ""1774211231"", ""is_rail_loupan"": ""1"", ""subway_name"": ""2号线"", ""station_name"": ""振宁路"", ""distance_raw"": ""475""}]",杭州市萧山区市心北路（市民中心对面）
5079862,瑞庭A区,杭州,18,桐庐县,17459,桐庐,17460,杭州桐庐县桐庐富春江北岸（320国道西南侧）,,,,,48-295㎡,别墅：119000m² 住宅：119000m²,别墅：100000m² 住宅：100000m²,"[{""id"": 201231, ""rooms"": 1, ""room_alias"": ""一室"", ""area"": 48}, {""id"": 145078, ""rooms"": 1, ""room_alias"": ""一室"", ""area"": 55}]",1室、别墅,"商业户型,别墅户型",2002-11-04,,2002年,2003年,[],"{高层,独栋别墅,双拼别墅}",别墅：独栋别墅、双拼别墅 住宅：高层,别墅：70年 住宅：70年,别墅：0.4 住宅：0.4,别墅：47% 住宅：47%,别墅：147 住宅：147,别墅：毛坯 住宅：毛坯,,别墅,招商积余,别墅：2.7元/㎡/月,,别墅：103 住宅：103,别墅：1:0.7 住宅：1:0.7,售罄,售罄,售罄,"[""售许字桐城第（274）"", ""售许字桐城第（409）"", ""售许字桐城第（445）"", ""桐售许字（2012）第030号"", ""桐售许字（2011）第035号""]",[],华润,,杭州桐庐迪佛房地产开发有限公司,别墅：民电,别墅：民水,29.775574,119.660482,"""""","{""53"": ""高绿化率"", ""52"": ""低容积"", ""63"": ""旅游地产"", ""70"": ""银行"", ""78"": ""大户型"", ""636"": ""公办小学"", ""55"": ""小型社区""}","[""高绿化率"", ""低容积"", ""旅游地产"", ""银行"", ""大户型""]",https://pic4.ajkimg.com/display/xinfang/9bc099c912bbce9f0b6237cb00c518ea/275x206n.jpg,[],桐庐渡济大桥桥头(同方春江燕语项目现场)
6967731,宏康城堂,杭州,18,拱墅区,1801,申花,5130,杭州拱墅区申花莫干山路987号,,,,,,12500m²,80900m²,[],,,2002-05-17,2019年09月08日,2002年,2003年,[],{},,40年,,25%,66,毛坯,,购物中心,招商积余,11元/㎡/月,,656,1:1.2,售罄,售罄,售罄,[],[],华侨城,,宁波资辉投资管理中心（有限合伙）,商电,商水,30.328286,120.124716,"""""","{""559"": ""现房"", ""56"": ""车位充足"", ""9"": ""轨交房"", ""10"": ""多轨交"", ""72"": ""配套纯熟"", ""71"": ""便利店"", ""70"": ""银行"", ""65"": ""商业街"", ""64"": ""购物中心"", ""55"": ""小型社区""}","[""现房"", ""车位充足"", ""轨交房"", ""多轨交"", ""配套纯熟""]",https://pic4.ajkimg.com/display/xinfang/a26fffb192e5e47423798f46bd5a08e1/275x206n.jpg,"[{""id"": ""7213738"", ""loupan_id"": ""456049"", ""station_id"": ""120461"", ""subway_id"": ""12038"", ""city_id"": ""18"", ""distance"": ""432米"", ""status"": ""1"", ""last_update_time"": ""1774211231"", ""is_rail_loupan"": ""1"", ""subway_name"": ""10号线"", ""station_name"": ""和睦"", ""distance_raw"": ""432""}, {""id"": ""7212728"", ""loupan_id"": ""456049"", ""station_id"": ""4835"", ""subway_id"": ""142"", ""city_id"": ""18"", ""distance"": ""510米"", ""status"": ""1"", ""last_update_time"": ""1774211230"", ""is_rail_loupan"": ""1"", ""subway_name"": ""5号线"", ""station_name"": ""和睦"", ""distance_raw"": ""510""}, {""id"": ""7213722"", ""loupan_id"": ""456049"", ""station_id"": ""120467"", ""subway_id"": ""12038"", ""city_id"": ""18"", ""distance"": ""1087米"", ""status"": ""1"", ""last_update_time"": ""1774211231"", ""is_rail_loupan"": ""1"", ""subway_name"": ""10号线"", ""station_name"": ""花园岗"", ""distance_raw"": ""1087""}, {""id"": ""7212727"", ""loupan_id"": ""456049"", ""station_id"": ""4834"", ""subway_id"": ""142"", ""city_id"": ""18"", ""distance"": ""1148米"", ""status"": ""1"", ""last_update_time"": ""1774211230"", ""is_rail_loupan"": ""1"", ""subway_name"": ""5号线"", ""station_name"": ""萍水街"", ""distance_raw"": ""1148""}, {""id"": ""7213733"", ""loupan_id"": ""456049"", ""station_id"": ""120463"", ""subway_id"": ""12038"", ""city_id"": ""18"", ""distance"": ""1484米"", ""status"": ""1"", ""last_update_time"": ""1774211231"", ""is_rail_loupan"": ""1"", ""subway_name"": ""10号线"", ""station_name"": ""北大桥"", ""distance_raw"": ""1484""}]",拱墅区莫干山路987号顺网资辉大厦
3048153,融创时代府,杭州,18,上城区,1802,钱江新城,1845,"杭州上城区钱江新城运河东路,近严家弄路",,,,,125-147㎡,18800m²,48000m²,"[{""id"": 233868, ""rooms"": 3, ""room_alias"": ""三室"", ""area"": 125}, {""id"": 233870, ""rooms"": 4, ""room_alias"": ""四室"", ""area"": 147}, {""id"": 233875, ""rooms"": 4, ""room_alias"": ""四室"", ""area"": 147}, {""id"": 233879, ""rooms"": 4, ""room_alias"": ""四室"", ""area"": 147}, {""id"": 233882, ""rooms"": 4, ""room_alias"": ""四室"", ""area"": 147}, {""id"": 233886, ""rooms"": 4, ""room_alias"": ""四室"", ""area"": 147}]",3/4室,"3室户型,4室户型",2002-06-02,,2002年,2003年,[],小高层,高层,70年,2.6,30%,342,带装修,,住宅,招商积余,,,1,,售罄,售罄,售罄,"[""杭售许字(2017)第000022号"", ""杭售许字(2017)第000050号"", ""杭售许字(2017)第000062号""]",[],雅居乐,,融创不动产投资控股有限公司,民电,民水,30.283292,120.210324,"""""","{""29"": ""装修交付"", ""9"": ""轨交房"", ""68"": ""医院"", ""78"": ""大户型"", ""637"": ""公办中学"", ""636"": ""公办小学"", ""624"": ""九年一贯制"", ""606"": ""省一级园"", ""598"": ""民办幼儿园"", ""597"": ""公办幼儿园""}","[""装修交付"", ""轨交房"", ""医院"", ""大户型"", ""公办中学""]",https://pic4.ajkimg.com/display/xinfang/efcbdf1d83278e439e4658403c7df50f/275x206n.jpg,"[{""id"": ""7254132"", ""loupan_id"": ""415533"", ""station_id"": ""120843"", ""subway_id"": ""143"", ""city_id"": ""18"", ""distance"": ""867米"", ""status"": ""1"", ""last_update_time"": ""1774211229"", ""is_rail_loupan"": ""1"", ""subway_name"": ""6号线"", ""station_name"": ""昙花庵路站"", ""distance_raw"": ""867""}, {""id"": ""7254129"", ""loupan_id"": ""415533"", ""station_id"": ""120841"", ""subway_id"": ""143"", ""city_id"": ""18"", ""distance"": ""1494米"", ""status"": ""1"", ""last_update_time"": ""1774211229"", ""is_rail_loupan"": ""1"", ""subway_name"": ""6号线"", ""station_name"": ""元宝塘站"", ""distance_raw"": ""1494""}]",运河东路和严家弄路交叉口
4684396,雅源三期,杭州,18,拱墅区,1801,铁路北,24903,杭州拱墅区铁路北科园路与长滨路交叉口（4号线皋亭坝站C口500米）,,7594元/㎡,7594元/㎡,首付49万，月供12010元,108-139㎡,24033m²,52872.6m²,"[{""id"": 835002, ""rooms"": 3, ""room_alias"": ""三室"", ""area"": 108}, {""id"": 835001, ""rooms"": 4, ""room_alias"": ""四室"", ""area"": 127}, {""id"": 834999, ""rooms"": 4, ""room_alias"": ""四室"", ""area"": 139}, {""id"": 835000, ""rooms"": 4, ""room_alias"": ""四室"", ""area"": 139}]",3/4室,"3室户型,4室户型",2002-09-11,2024年06月08日,2002年,2003年,"[""2024-04-18"", ""2024-05-28"", ""2024-03-15""]",{高层},高层,70年,2.2,35%,384,带装修,在建中，竣工时间：暂无数据,住宅,世茂服务,,,485,1:0.8,售罄,售罄,售罄,"[""杭房预许字(2024)第00134号"", ""杭房预许字(2024)第00216号"", ""杭房预许字(2024)第00079号""]","[""4#、7#"", ""5#、3#、6#"", ""2#、1#""]",禹洲,兴耀房产集团,,民电,民水,30.355965,120.152936,"""""","{""29"": ""装修交付"", ""9"": ""轨交房"", ""76"": ""厨卫全明"", ""74"": ""南北通透"", ""7"": ""项目在建"", ""276"": ""一房一价"", ""72"": ""配套纯熟"", ""70"": ""银行"", ""69"": ""学校"", ""68"": ""医院"", ""67"": ""生态绿地"", ""66"": ""公园"", ""65"": ""商业街"", ""64"": ""购物中心"", ""78"": ""大户型"", ""402"": ""玄关入户"", ""401"": ""户型方正"", ""397"": ""动静分离"", ""85"": ""主卧套房"", ""83"": ""双阳台"", ""637"": ""公办中学"", ""636"": ""公办小学"", ""624"": ""九年一贯制"", ""606"": ""省一级园"", ""598"": ""民办幼儿园"", ""597"": ""公办幼儿园"", ""541"": ""3D沙盘"", ""540"": ""日照模拟"", ""263"": ""VR看房"", ""50"": ""品牌开发商""}","[""装修交付"", ""轨交房"", ""厨卫全明"", ""南北通透"", ""项目在建""]",https://pic4.ajkimg.com/display/xinfang/e1b2271ae223e849240777d7947394f0/275x206n.jpg,"[{""id"": ""7287074"", ""loupan_id"": ""524610"", ""station_id"": ""120446"", ""subway_id"": ""42"", ""city_id"": ""18"", ""distance"": ""757米"", ""status"": ""1"", ""last_update_time"": ""1774211229"", ""is_rail_loupan"": ""1"", ""subway_name"": ""4号线"", ""station_name"": ""皋亭坝"", ""distance_raw"": ""757""}]",拱墅区科园路与网云街交叉口往西100米
427407,御和平汇,杭州,18,钱塘区,20267,大学城北,20271,"杭州钱塘区大学城北东至文淙北路，南至规划绿化用地，西至春新路,北至银海路。",,,,,70-90㎡,35332m²,127264m²,"[{""id"": 198845, ""rooms"": 2, ""room_alias"": ""二室"", ""area"": 70}, {""id"": 198850, ""rooms"": 3, ""room_alias"": ""三室"", ""area"": 90}, {""id"": 238230, ""rooms"": 3, ""room_alias"": ""三室"", ""area"": 90}, {""id"": 238231, ""rooms"": 3, ""room_alias"": ""三室"", ""area"": 90}]",2/3室,"2室户型,3室户型",2002-04-02,,2002年,2003年,[],{高层},高层,70年,2.5,30%,1042,毛坯,,住宅,中海物业,3~3元/㎡/月,,1076,1:0.9,售罄,售罄,售罄,"[""杭售许字(2016)第003013号"", ""杭售许字(2016)第003011号"", ""杭售许字(2017)第003002号"", ""杭售许字(2017)第003003号"", ""杭售许字（2017）第003005号""]",[],恒大,,宋都集团,民电,民水,30.345474,120.387692,"""""","{""79"": ""小户型"", ""637"": ""公办中学"", ""636"": ""公办小学"", ""635"": ""民办小学"", ""598"": ""民办幼儿园"", ""597"": ""公办幼儿园""}","[""小户型"", ""公办中学"", ""公办小学"", ""民办小学"", ""民办幼儿园""]",https://pic4.ajkimg.com/display/xinfang/c69db2100815bd564409c02a751e0d12/275x206n.jpg,[],银海街与春新路交叉口
238441,建德时代城,杭州,18,建德市,17457,建德,17458,杭州建德市建德洋安新城荷映路与玉女山路交叉口西南侧,,2742元/㎡,2742元/㎡,首付9万，月供2164元,42-47㎡,,120000m²,"[{""id"": 750963, ""rooms"": 1, ""room_alias"": ""一室"", ""area"": 47}, {""id"": 750964, ""rooms"": 2, ""room_alias"": ""二室"", ""area"": 42}, {""id"": 750962, ""rooms"": 2, ""room_alias"": ""二室"", ""area"": 47}]",1/2室,商业户型,2002-05-13,2020年09月18日,2002年,2003年,"[""2020-09-18""]",{高层},高层,40年,,,229,毛坯,,商业,雅生活服务,4.8元/㎡/月,,,,售罄,售罄,售罄,"[""建售许字（2020）第01251号""]","[""B座""]",旭辉,杭房地产,,商电,商水,29.514442,119.315644,"{""service_num"": ""4006708287"", ""num"": ""43249""}","{""559"": ""现房"", ""5"": ""低单价"", ""4"": ""低总价"", ""90"": ""人气楼盘"", ""55"": ""小型社区"", ""50"": ""品牌开发商""}","[""现房"", ""低单价"", ""低总价"", ""人气楼盘"", ""小型社区""]",https://pic4.ajkimg.com/display/xinfang/51d04204f1ce0f0b20d4ef52aa68b1c5/275x206n.jpg,[],建德市洋安新城
3456264,博雅居一期,杭州,18,余杭区,1808,未来科技城,23296,杭州余杭区未来科技城绿汀路与爱橙街交叉口东北侧,,7615元/㎡,7615元/㎡,首付92万，月供22145元,170-199㎡,43867m²,170714.3m²,"[{""id"": 806027, ""rooms"": 4, ""room_alias"": ""四室"", ""area"": 170}, {""id"": 807998, ""rooms"": 4, ""room_alias"": ""四室"", ""area"": 170}, {""id"": 806026, ""rooms"": 4, ""room_alias"": ""四室"", ""area"": 199}, {""id"": 807999, ""rooms"": 4, ""room_alias"": ""四室"", ""area"": 199}]",4室,4室户型,2002-06-04,2023年06月中旬,2002年,2003年,"[""2023-05-22"", ""2023-06-06""]",{高层},高层,70年,2.9,35%,669,带装修,,住宅,绿城服务,,,1119,1:1.67,售罄,售罄,售罄,"[""余售许字（2023）第ZJ00280号"", ""余售许字（2023）第ZJ00310号""]","[""10#、4#、3#、5#、8#、7#"", ""12#、14#、15#、2#、1#、6#""]",佳兆业,绿城集团,绿城,民电,民水,30.260364,120.01137,"""""","{""81"": ""大阳台"", ""56"": ""车位充足"", ""29"": ""装修交付"", ""9"": ""轨交房"", ""76"": ""厨卫全明"", ""75"": ""三房朝南"", ""74"": ""南北通透"", ""73"": ""卧室全朝南"", ""276"": ""一房一价"", ""72"": ""配套纯熟"", ""71"": ""便利店"", ""70"": ""银行"", ""69"": ""学校"", ""68"": ""医院"", ""66"": ""公园"", ""65"": ""商业街"", ""64"": ""购物中心"", ""78"": ""大户型"", ""86"": ""全景飘窗"", ""85"": ""主卧套房"", ""83"": ""双阳台"", ""637"": ""公办中学"", ""636"": ""公办小学"", ""624"": ""九年一贯制"", ""603"": ""二级园"", ""598"": ""民办幼儿园"", ""597"": ""公办幼儿园"", ""541"": ""3D沙盘"", ""540"": ""日照模拟"", ""50"": ""品牌开发商""}","[""大阳台"", ""车位充足"", ""装修交付"", ""轨交房"", ""厨卫全明""]",https://pic4.ajkimg.com/display/xinfang/1604ed8209789d7ac1be71663042c833/275x206n.jpg,"[{""id"": ""7248800"", ""loupan_id"": ""519820"", ""station_id"": ""10694"", ""subway_id"": ""142"", ""city_id"": ""18"", ""distance"": ""720米"", ""status"": ""1"", ""last_update_time"": ""1774211227"", ""is_rail_loupan"": ""1"", ""subway_name"": ""5号线"", ""station_name"": ""葛巷"", ""distance_raw"": ""720""}]",杭州余杭区绿汀路与爱橙街交叉口东北侧
372950,福黄金名城,杭州,18,下城,1805,华丰,4582,"杭州下城华丰东至油车港,南至华丰路，西至规划永丰路,北至永丰村",,,,,84-139㎡,104525m²,250860m²,"[{""id"": 16617, ""rooms"": 2, ""room_alias"": ""二室"", ""area"": 84}, {""id"": 52995, ""rooms"": 2, ""room_alias"": ""二室"", ""area"": 85}, {""id"": 52996, ""rooms"": 2, ""room_alias"": ""二室"", ""area"": 89}, {""id"": 52997, ""rooms"": 2, ""room_alias"": ""二室"", ""area"": 89}, {""id"": 29652, ""rooms"": 3, ""room_alias"": ""三室"", ""area"": 104}, {""id"": 16622, ""rooms"": 3, ""room_alias"": ""三室"", ""area"": 118}, {""id"": 52998, ""rooms"": 3, ""room_alias"": ""三室"", ""area"": 119}, {""id"": 16623, ""rooms"": 3, ""room_alias"": ""三室"", ""area"": 129}, {""id"": 16621, ""rooms"": 3, ""room_alias"": ""三室"", ""area"": 137}, {""id"": 29653, ""rooms"": 4, ""room_alias"": ""四室"", ""area"": 139}]",2/3/4室,"2室户型,3室户型,4室户型",2002-06-28,,2002年,2003年,[],{高层},高层,70年,2.4,35%,600,"毛坯,带装修",,住宅,世茂服务,2.1元/㎡/月,,420,1:0.7,售罄,售罄,售罄,[],[],绿城,,嘉里桦枫房地产开发(杭州)有限公司,民电,民水,30.359062,120.212185,"""""","{""29"": ""装修交付"", ""9"": ""轨交房"", ""72"": ""配套纯熟"", ""70"": ""银行"", ""69"": ""学校"", ""68"": ""医院"", ""66"": ""公园"", ""65"": ""商业街"", ""64"": ""购物中心"", ""78"": ""大户型"", ""637"": ""公办中学"", ""636"": ""公办小学"", ""606"": ""省一级园"", ""598"": ""民办幼儿园"", ""597"": ""公办幼儿园""}","[""装修交付"", ""轨交房"", ""配套纯熟"", ""银行"", ""学校""]",https://pic4.ajkimg.com/display/xinfang/feb34764135ddadcb63484a14c9535ae/275x206n.jpg,"[{""id"": ""7212626"", ""loupan_id"": ""238676"", ""station_id"": ""10201"", ""subway_id"": ""1010"", ""city_id"": ""18"", ""distance"": ""1142米"", ""status"": ""1"", ""last_update_time"": ""1774211230"", ""is_rail_loupan"": ""1"", ""subway_name"": ""3号线"", ""station_name"": ""华丰路"", ""distance_raw"": ""1142""}]",下城区石桥路杭玻路口(项目现场)
7639142,润珹理想源,杭州,18,余杭区,1808,勾庄,5143,杭州余杭区勾庄良渚街道杭行路1499号,,,,,2426-2850㎡,800000m²,134109.25m²,[],,商业户型,2002-11-22,2021年10月01日,2002年,2003年,[],小高层,,40年,,13%,,毛坯,已竣工，竣工时间：暂无数据,标准写字楼,招商积余,,中央空调，新风系统,4213,,售罄,售罄,售罄,[],[],大华,华润置地,,商电,商水,30.250433,120.008914,"{""service_num"": ""4006708287"", ""num"": ""35976""}","{""559"": ""现房"", ""557"": ""项目竣工"", ""9"": ""轨交房"", ""10"": ""多轨交"", ""72"": ""配套纯熟"", ""71"": ""便利店"", ""70"": ""银行"", ""68"": ""医院"", ""66"": ""公园"", ""65"": ""商业街"", ""64"": ""购物中心"", ""55"": ""小型社区"", ""50"": ""品牌开发商""}","[""现房"", ""项目竣工"", ""轨交房"", ""多轨交"", ""配套纯熟""]",https://pic4.ajkimg.com/display/xinfang/0586f7ca6416f835f243c107baf01f94/275x206n.jpg,"[{""id"": ""7308770"", ""loupan_id"": ""531116"", ""station_id"": ""10696"", ""subway_id"": ""142"", ""city_id"": ""18"", ""distance"": ""384米"", ""status"": ""1"", ""last_update_time"": ""1774211227"", ""is_rail_loupan"": ""1"", ""subway_name"": ""5号线"", ""station_name"": ""绿汀路"", ""distance_raw"": ""384""}, {""id"": ""7308777"", ""loupan_id"": ""531116"", ""station_id"": ""10199"", ""subway_id"": ""1010"", ""city_id"": ""18"", ""distance"": ""384米"", ""status"": ""1"", ""last_update_time"": ""1774211229"", ""is_rail_loupan"": ""1"", ""subway_name"": ""3号线"", ""station_name"": ""绿汀路"", ""distance_raw"": ""384""}, {""id"": ""7308772"", ""loupan_id"": ""531116"", ""station_id"": ""10693"", ""subway_id"": ""1032"", ""city_id"": ""18"", ""distance"": ""385米"", ""status"": ""1"", ""last_update_time"": ""1774211227"", ""is_rail_loupan"": ""1"", ""subway_name"": ""16号线"", ""station_name"": ""绿汀路"", ""distance_raw"": ""385""}]",余杭区良渚街道杭行路1499号 润珹置地中心38F
6774333,银名城一期,杭州,18,西湖区,1804,三墩,1876,杭州西湖区三墩三墩小学西侧(振华路与吉鸿快速路东南侧),,,,,37-92㎡,20000m²,80000m²,"[{""id"": 85021, ""rooms"": 1, ""room_alias"": ""一室"", ""area"": 37}, {""id"": 85020, ""rooms"": 1, ""room_alias"": ""一室"", ""area"": 50}, {""id"": 85018, ""rooms"": 2, ""room_alias"": ""二室"", ""area"": 55}, {""id"": 85019, ""rooms"": 2, ""room_alias"": ""二室"", ""area"": 64}, {""id"": 85022, ""rooms"": 2, ""room_alias"": ""二室"", ""area"": 92}]",1/2室,商业户型,2002-11-12,,2002年,2003年,[],"{小高层,高层}",小高层、高层,40年,3,25%,636,毛坯,,商业,新城悦服务,4元/㎡/月,,701,1:1.1,售罄,售罄,售罄,"[""杭售许字(2013)第000085号""]",[],雅居乐,,,商电,商水,30.3193,120.102148,"""""","{""56"": ""车位充足"", ""72"": ""配套纯熟"", ""71"": ""便利店"", ""70"": ""银行"", ""68"": ""医院"", ""66"": ""公园"", ""65"": ""商业街"", ""64"": ""购物中心""}","[""车位充足"", ""配套纯熟"", ""便利店"", ""银行"", ""医院""]",https://pic4.ajkimg.com/display/xinfang/9f357d62bea42d54865c0dbbdde25035/275x206n.jpg,[],西湖区振华路裕华大厦底商BS-01（度豪大酒店旁）
5298835,世红树榭,杭州,18,西湖区,1804,之江,24206,杭州西湖区之江彩虹快速路延体段振中路与灵龙路交叉口南200米,,5906元/㎡,5906元/㎡,,,18757m²,54764m²,[],,,2002-06-11,2023年07月15日,2002年,2003年,"[""2022-11-01""]",{},,40年,,25%,115,带装修,已竣工，竣工时间：2024-12-30,商业,保利物业,,,,,售罄,售罄,售罄,"[""杭售许字(2022)第005018号""]",[],远洋,,,商电,商水,30.127601,120.058592,"{""service_num"": ""4006708287"", ""num"": ""40174""}","{""559"": ""现房"", ""557"": ""项目竣工"", ""29"": ""装修交付"", ""5"": ""低单价"", ""55"": ""小型社区""}","[""现房"", ""项目竣工"", ""装修交付"", ""低单价"", ""小型社区""]",https://pic4.ajkimg.com/display/xinfang/4f2afee0bbd7366c9db4851f15a004c9/275x206n.jpg,[],杭州市灵龙路与灵凤街交叉口东200米
6514226,景瑞西岸邸,杭州,18,拱墅区,1801,申花,5130,杭州拱墅区申花申花路丰潭路交叉口东,,,,,90-139㎡,30148m²,102251m²,"[{""id"": 149275, ""rooms"": 3, ""room_alias"": ""三室"", ""area"": 90}, {""id"": 149276, ""rooms"": 3, ""room_alias"": ""三室"", ""area"": 90}, {""id"": 149277, ""rooms"": 3, ""room_alias"": ""三室"", ""area"": 90}, {""id"": 149282, ""rooms"": 3, ""room_alias"": ""三室"", ""area"": 90}, {""id"": 149281, ""rooms"": 4, ""room_alias"": ""四室"", ""area"": 121}, {""id"": 149280, ""rooms"": 4, ""room_alias"": ""四室"", ""area"": 132}, {""id"": 149279, ""rooms"": 4, ""room_alias"": ""四室"", ""area"": 136}, {""id"": 149278, ""rooms"": 4, ""room_alias"": ""四室"", ""area"": 139}]",3/4室,"3室户型,4室户型",2002-06-28,,2002年,2003年,[],"{多层,高层}",多层、高层,70年,2.29,30%,656,毛坯,,住宅,世茂服务,2.8~3元/㎡/月,,634,1：0.97,售罄,售罄,售罄,"[""杭售许字(2016)第000100号"", ""杭售许字(2016)第000052号"", ""杭售许字(2015)第000175号"", ""杭售许字(2015)第000137号""]",[],中铁建,,景瑞地产,民电,民水,30.314397,120.104936,"""""","{""57"": ""人车分流"", ""9"": ""轨交房"", ""72"": ""配套纯熟"", ""70"": ""银行"", ""69"": ""学校"", ""68"": ""医院"", ""66"": ""公园"", ""78"": ""大户型"", ""638"": ""民办中学"", ""637"": ""公办中学"", ""636"": ""公办小学"", ""635"": ""民办小学"", ""624"": ""九年一贯制"", ""606"": ""省一级园"", ""598"": ""民办幼儿园"", ""597"": ""公办幼儿园""}","[""人车分流"", ""轨交房"", ""配套纯熟"", ""银行"", ""学校""]",https://pic4.ajkimg.com/display/xinfang/b3ce0a97a1774099ea1e82b058202773/275x206n.jpg,"[{""id"": ""7213002"", ""loupan_id"": ""400006"", ""station_id"": ""4834"", ""subway_id"": ""142"", ""city_id"": ""18"", ""distance"": ""818米"", ""status"": ""1"", ""last_update_time"": ""1774211227"", ""is_rail_loupan"": ""1"", ""subway_name"": ""5号线"", ""station_name"": ""萍水街"", ""distance_raw"": ""818""}]",申花路丰潭路交叉口东
8652194,博家,杭州,18,钱塘区,20267,江东新城,20272,杭州钱塘区江东新城义蓬街道(义盛路东侧，义蓬车站南),,,,,81-138㎡,住宅：38626m² 别墅：38626m²,住宅：68000m² 别墅：68000m²,"[{""id"": 39638, ""rooms"": 2, ""room_alias"": ""二室"", ""area"": 81}, {""id"": 39634, ""rooms"": 3, ""room_alias"": ""三室"", ""area"": 86}, {""id"": 39633, ""rooms"": 3, ""room_alias"": ""三室"", ""area"": 88}, {""id"": 39639, ""rooms"": 4, ""room_alias"": ""四室"", ""area"": 138}]",2/3/4室,"2室户型,3室户型,4室户型",2002-12-13,,2002年,2003年,[],{多层},住宅：多层,住宅：70年 别墅：70年,住宅：1.5,住宅：31% 别墅：31%,住宅：300 别墅：300,住宅：毛坯 别墅：毛坯,,住宅,万科物业,住宅：0.7元/㎡/月,,住宅：418 别墅：418,住宅：1:1.39 别墅：1:1.39,售罄,售罄,售罄,[],[],正荣,,浙江鑫福房地产开发有限公司,住宅：民电,住宅：民水,30.267688,120.521737,"""""","{""56"": ""车位充足"", ""52"": ""低容积"", ""72"": ""配套纯熟"", ""71"": ""便利店"", ""70"": ""银行"", ""69"": ""学校"", ""68"": ""医院"", ""66"": ""公园"", ""65"": ""商业街"", ""64"": ""购物中心"", ""78"": ""大户型"", ""637"": ""公办中学"", ""636"": ""公办小学"", ""635"": ""民办小学"", ""598"": ""民办幼儿园"", ""597"": ""公办幼儿园""}","[""车位充足"", ""低容积"", ""配套纯熟"", ""便利店"", ""银行""]",https://pic4.ajkimg.com/display/xinfang/4b946f21cefc4374dd22d8b72db228a9/275x206n.jpg,[],萧山区义蓬街道义盛路14号
5686377,银龙湖峰,杭州,18,滨江区,1806,浦沿,1914,杭州滨江区浦沿坚塔路与新浦路交叉口,,,,,139㎡,38744m²,96860m²,"[{""id"": 514608, ""rooms"": 4, ""room_alias"": ""四室"", ""area"": 139}]",4室,4室户型,2002-04-28,,2002年,2003年,[],"{多层,高层,花园洋房}",多层、高层、花园洋房,70年,2.5,30%,616,带装修,,住宅,雅生活服务,2.75元/㎡/月,,782,1:1.27,售罄,售罄,售罄,[],[],佳兆业,世茂房地产,世茂地产,民电,民水,30.162193,120.162068,"{""service_num"": ""4006708287"", ""num"": ""39678""}","{""101"": ""自持物业"", ""81"": ""大阳台"", ""56"": ""车位充足"", ""29"": ""装修交付"", ""9"": ""轨交房"", ""76"": ""厨卫全明"", ""74"": ""南北通透"", ""73"": ""卧室全朝南"", ""10"": ""多轨交"", ""30"": ""花园洋房"", ""547"": ""地铁"", ""78"": ""大户型"", ""402"": ""玄关入户"", ""401"": ""户型方正"", ""85"": ""主卧套房"", ""82"": ""双卫生间"", ""90"": ""人气楼盘"", ""638"": ""民办中学"", ""637"": ""公办中学"", ""636"": ""公办小学"", ""624"": ""九年一贯制"", ""606"": ""省一级园"", ""598"": ""民办幼儿园"", ""597"": ""公办幼儿园"", ""541"": ""3D沙盘"", ""263"": ""VR看房"", ""98"": ""改善置业"", ""50"": ""品牌开发商""}","[""自持物业"", ""大阳台"", ""车位充足"", ""装修交付"", ""轨交房""]",https://pic4.ajkimg.com/display/xinfang/74d00f4d94707edcc02895dc5076081a/275x206n.jpg,"[{""id"": ""7300936"", ""loupan_id"": ""463842"", ""station_id"": ""4822"", ""subway_id"": ""42"", ""city_id"": ""18"", ""distance"": ""473米"", ""status"": ""1"", ""last_update_time"": ""1774211230"", ""is_rail_loupan"": ""1"", ""subway_name"": ""4号线"", ""station_name"": ""杨家墩"", ""distance_raw"": ""473""}, {""id"": ""7300934"", ""loupan_id"": ""463842"", ""station_id"": ""120858"", ""subway_id"": ""143"", ""city_id"": ""18"", ""distance"": ""1089米"", ""status"": ""1"", ""last_update_time"": ""1774211226"", ""is_rail_loupan"": ""1"", ""subway_name"": ""6号线"", ""station_name"": ""西浦路站"", ""distance_raw"": ""1089""}, {""id"": ""7300937"", ""loupan_id"": ""463842"", ""station_id"": ""4823"", ""subway_id"": ""42"", ""city_id"": ""18"", ""distance"": ""1342米"", ""status"": ""1"", ""last_update_time"": ""1774211230"", ""is_rail_loupan"": ""1"", ""subway_name"": ""4号线"", ""station_name"": ""浦沿"", ""distance_raw"": ""1342""}, {""id"": ""7300935"", ""loupan_id"": ""463842"", ""station_id"": ""4821"", ""subway_id"": ""42"", ""city_id"": ""18"", ""distance"": ""1421米"", ""status"": ""1"", ""last_update_time"": ""1774211230"", ""is_rail_loupan"": ""1"", ""subway_name"": ""4号线"", ""station_name"": ""中医药大学"", ""distance_raw"": ""1421""}, {""id"": ""7300933"", ""loupan_id"": ""463842"", ""station_id"": ""120857"", ""subway_id"": ""143"", ""city_id"": ""18"", ""distance"": ""1435米"", ""status"": ""1"", ""last_update_time"": ""1774211226"", ""is_rail_loupan"": ""1"", ""subway_name"": ""6号线"", ""station_name"": ""中医药大学站"", ""distance_raw"": ""1435""}]",滨江区坚塔路与新浦路交叉口
9855268,润和明珠都,杭州,18,下城,1805,华丰,4582,杭州下城华丰华丰路与华中路交叉口,,,,,,住宅：42000m² 别墅：42000m²,住宅：100000m² 别墅：100000m²,[],,,2002-06-19,,2002年,2003年,[],小高层,住宅：小高层,住宅：70年 别墅：70年,住宅：2,住宅：35% 别墅：35%,住宅：638 别墅：638,住宅：毛坯 别墅：毛坯,,住宅,旭辉永升,住宅：1.48元/㎡/月,,住宅：736 别墅：736,,售罄,售罄,售罄,[],[],招商蛇口,,浙江润和房地产开发有限公司,住宅：民电,住宅：民水,30.360539,120.225524,"""""","{""9"": ""轨交房"", ""72"": ""配套纯熟"", ""71"": ""便利店"", ""70"": ""银行"", ""69"": ""学校"", ""68"": ""医院"", ""67"": ""生态绿地"", ""66"": ""公园"", ""65"": ""商业街"", ""64"": ""购物中心"", ""637"": ""公办中学"", ""636"": ""公办小学"", ""606"": ""省一级园"", ""598"": ""民办幼儿园"", ""597"": ""公办幼儿园""}","[""轨交房"", ""配套纯熟"", ""便利店"", ""银行"", ""学校""]",https://pic4.ajkimg.com/display/xinfang/68f49255920e3d3d34173d580fc6697a/275x206n.jpg,"[{""id"": ""7213807"", ""loupan_id"": ""238720"", ""station_id"": ""10201"", ""subway_id"": ""1010"", ""city_id"": ""18"", ""distance"": ""353米"", ""status"": ""1"", ""last_update_time"": ""1774211228"", ""is_rail_loupan"": ""1"", ""subway_name"": ""3号线"", ""station_name"": ""华丰路"", ""distance_raw"": ""353""}, {""id"": ""7213826"", ""loupan_id"": ""238720"", ""station_id"": ""10225"", ""subway_id"": ""1010"", ""city_id"": ""18"", ""distance"": ""1359米"", ""status"": ""1"", ""last_update_time"": ""1774211228"", ""is_rail_loupan"": ""1"", ""subway_name"": ""3号线"", ""station_name"": ""同协路"", ""distance_raw"": ""1359""}]","华丰路华丰西苑商业楼1号,文晖路145号"
8857065,凤名城A区,杭州,18,滨江区,1806,浦沿,1914,"杭州滨江区浦沿闻涛路,近新和路",,,,,230㎡,88330m²,162665m²,"[{""id"": 154402, ""rooms"": 4, ""room_alias"": ""四室"", ""area"": 230}, {""id"": 154405, ""rooms"": 4, ""room_alias"": ""四室"", ""area"": 230}, {""id"": 154406, ""rooms"": 4, ""room_alias"": ""四室"", ""area"": 230}, {""id"": 154408, ""rooms"": 4, ""room_alias"": ""四室"", ""area"": 230}]",4室,4室户型,2002-10-18,,2002年,2003年,[],{高层},高层,70年,2.5,45%,704,毛坯,,住宅,新城悦服务,2.9元/㎡/月,,991,1:1.4,售罄,售罄,售罄,"[""杭售许字(2016)第004016号"", ""杭售许字(2015)第004023号"", ""杭售许字(2015)第004011号"", ""杭售许字(2017)第004003号"", ""杭售许字(2017)第004004号""]",[],绿城,,上海强生集团有限公司,民电,民水,30.190226,120.156342,"""""","{""56"": ""车位充足"", ""53"": ""高绿化率"", ""31"": ""大平层"", ""72"": ""配套纯熟"", ""71"": ""便利店"", ""70"": ""银行"", ""69"": ""学校"", ""68"": ""医院"", ""66"": ""公园"", ""65"": ""商业街"", ""78"": ""大户型"", ""637"": ""公办中学"", ""636"": ""公办小学"", ""606"": ""省一级园"", ""598"": ""民办幼儿园"", ""597"": ""公办幼儿园""}","[""车位充足"", ""高绿化率"", ""大平层"", ""配套纯熟"", ""便利店""]",https://pic4.ajkimg.com/display/xinfang/a93ec3ea01ba293443758e4c9994b503/275x206n.jpg,[],闻涛路5003号
3012407,御盛世筑,杭州,18,下城,1805,华丰,4582,"杭州下城华丰华中路(南侧杭玻路,北侧永华街，西侧500米石桥路)",,,,,34-90㎡,72065m²,224881m²,"[{""id"": 16362, ""rooms"": 1, ""room_alias"": ""一室"", ""area"": 34}, {""id"": 16369, ""rooms"": 1, ""room_alias"": ""一室"", ""area"": 37}, {""id"": 16367, ""rooms"": 2, ""room_alias"": ""二室"", ""area"": 52}, {""id"": 94778, ""rooms"": 2, ""room_alias"": ""二室"", ""area"": 80}, {""id"": 94777, ""rooms"": 2, ""room_alias"": ""二室"", ""area"": 89}, {""id"": 94779, ""rooms"": 2, ""room_alias"": ""二室"", ""area"": 90}]",1/2室,商业户型,2002-10-09,,2002年,2003年,[],{小高层},小高层,50年,2.2,30%,2000,带装修,,商业,绿城服务,2.6元/㎡/月,,1090,,售罄,售罄,售罄,"[""杭售许字(2014)第000039号"", ""杭售许字(2012)第0080号"", ""杭售许字(2012)第0036号"", ""杭售许字(2010)第0015号""]",[],世茂,,杭州泰地置业有限公司,商电,商水,30.337647,120.20019,"""""","{""29"": ""装修交付"", ""9"": ""轨交房"", ""72"": ""配套纯熟"", ""71"": ""便利店"", ""70"": ""银行"", ""68"": ""医院"", ""66"": ""公园"", ""65"": ""商业街"", ""64"": ""购物中心"", ""54"": ""大型社区""}","[""装修交付"", ""轨交房"", ""配套纯熟"", ""便利店"", ""银行""]",https://pic4.ajkimg.com/display/xinfang/c4aa9220008a47b032d8851638c47446/275x206n.jpg,"[{""id"": ""7212280"", ""loupan_id"": ""238640"", ""station_id"": ""10201"", ""subway_id"": ""1010"", ""city_id"": ""18"", ""distance"": ""849米"", ""status"": ""1"", ""last_update_time"": ""1774211230"", ""is_rail_loupan"": ""1"", ""subway_name"": ""3号线"", ""station_name"": ""华丰路"", ""distance_raw"": ""849""}, {""id"": ""7212304"", ""loupan_id"": ""238640"", ""station_id"": ""10225"", ""subway_id"": ""1010"", ""city_id"": ""18"", ""distance"": ""1330米"", ""status"": ""1"", ""last_update_time"": ""1774211230"", ""is_rail_loupan"": ""1"", ""subway_name"": ""3号线"", ""station_name"": ""同协路"", ""distance_raw"": ""1330""}]",华中路杭玻路口
7446095,中海翡翠花园,杭州,18,西湖区,1804,之江,24206,杭州西湖区之江八角路和鸡山路的交叉口西南方，320国道与象山路交汇处西南，篁外山庄旁，望江山疗养院南面,,,,,90-330㎡,104667m²,290000m²,"[{""id"": 95535, ""rooms"": 3, ""room_alias"": ""三室"", ""area"": 90}, {""id"": 95536, ""rooms"": 3, ""room_alias"": ""三室"", ""area"": 90}, {""id"": 95537, ""rooms"": 3, ""room_alias"": ""三室"", ""area"": 90}, {""id"": 95538, ""rooms"": 3, ""room_alias"": ""三室"", ""area"": 90}, {""id"": 95541, ""rooms"": 3, ""room_alias"": ""三室"", ""area"": 180}, {""id"": 95542, ""rooms"": 3, ""room_alias"": ""三室"", ""area"": 180}, {""id"": 95539, ""rooms"": 4, ""room_alias"": ""四室"", ""area"": 160}, {""id"": 95540, ""rooms"": 4, ""room_alias"": ""四室"", ""area"": 180}, {""id"": 95543, ""rooms"": 4, ""room_alias"": ""四室"", ""area"": 180}, {""id"": 95544, ""rooms"": 4, ""room_alias"": ""四室"", ""area"": 180}, {""id"": 95545, ""rooms"": 4, ""room_alias"": ""四室"", ""area"": 250}, {""id"": 139020, ""rooms"": 4, ""room_alias"": ""四室"", ""area"": 255}, {""id"": 95547, ""rooms"": 5, ""room_alias"": ""五室"", ""area"": 330}]",3/4/5室,"3室户型,4室户型,5室户型",2002-07-19,,2002年,2003年,[],{高层},高层,70年,2,30%,1000,毛坯,,住宅,融创服务,2.5元/㎡/月,,400,1:0.4,售罄,售罄,售罄,[],[],龙湖,,,民电,民水,30.141059,120.077416,"""""","{""31"": ""大平层"", ""9"": ""轨交房"", ""10"": ""多轨交"", ""72"": ""配套纯熟"", ""71"": ""便利店"", ""70"": ""银行"", ""69"": ""学校"", ""68"": ""医院"", ""66"": ""公园"", ""65"": ""商业街"", ""64"": ""购物中心"", ""78"": ""大户型"", ""637"": ""公办中学"", ""636"": ""公办小学"", ""606"": ""省一级园"", ""597"": ""公办幼儿园""}","[""大平层"", ""轨交房"", ""多轨交"", ""配套纯熟"", ""便利店""]",https://pic4.ajkimg.com/display/xinfang/f1066a2b208350064051989003fcb4bb/275x206n.jpg,"[{""id"": ""7254230"", ""loupan_id"": ""250557"", ""station_id"": ""120862"", ""subway_id"": ""143"", ""city_id"": ""18"", ""distance"": ""1179米"", ""status"": ""1"", ""last_update_time"": ""1774211230"", ""is_rail_loupan"": ""1"", ""subway_name"": ""6号线"", ""station_name"": ""音乐学院站"", ""distance_raw"": ""1179""}, {""id"": ""7267605"", ""loupan_id"": ""250557"", ""station_id"": ""122113"", ""subway_id"": ""12109"", ""city_id"": ""18"", ""distance"": ""1378米"", ""status"": ""1"", ""last_update_time"": ""1774211229"", ""is_rail_loupan"": ""1"", ""subway_name"": ""12号线"", ""station_name"": ""霞鸣街站"", ""distance_raw"": ""1378""}, {""id"": ""7299252"", ""loupan_id"": ""250557"", ""station_id"": ""4864"", ""subway_id"": ""143"", ""city_id"": ""18"", ""distance"": ""1381米"", ""status"": ""1"", ""last_update_time"": ""1774211227"", ""is_rail_loupan"": ""1"", ""subway_name"": ""6号线"", ""station_name"": ""霞鸣街"", ""distance_raw"": ""1381""}]",西湖区之江320国道南（中国美院西南侧，杭七中对面）
5543230,中新城三期,杭州,18,拱墅区,1801,华丰,24205,杭州拱墅区华丰康华路与华丰路交汇处往南50米,,6961元/㎡,6961元/㎡,首付49万，月供11902元,100-148㎡,38818m²,136793m²,"[{""id"": 748769, ""rooms"": 3, ""room_alias"": ""三室"", ""area"": 100}, {""id"": 748768, ""rooms"": 3, ""room_alias"": ""三室"", ""area"": 110}, {""id"": 748767, ""rooms"": 4, ""room_alias"": ""四室"", ""area"": 122}, {""id"": 763354, ""rooms"": 4, ""room_alias"": ""四室"", ""area"": 148}]",3/4室,"3室户型,4室户型",2002-01-19,2022年11月18日,2002年,2003年,"[""2022-11-08"", ""2022-10-20"", ""2022-09-02"", ""2022-06-10"", ""2022-03-18""]",别墅,高层,70年,2.2,35%,759,带装修,在建中，竣工时间：2024-06-30,住宅,世茂服务,3.25元/㎡/月,,976,1:1.3,售罄,售罄,售罄,"[""杭售许字(2022)第000117号"", ""杭售许字(2022)第000103号"", ""杭售许字(2022)第000077号"", ""杭售许字(2022)第000035号"", ""杭售许字(2022)第000014号""]","[""2#、5#"", ""3#、4#"", ""6#、7#"", ""1#、9#"", ""8#、12#""]",中梁,"保利集团,华润置地,融信地产,滨江集团",杭州保源置业有限公司,民电,民水,30.348606,120.201451,"{""service_num"": ""4006708287"", ""num"": """"}","{""482"": ""国企开发"", ""56"": ""车位充足"", ""29"": ""装修交付"", ""9"": ""轨交房"", ""76"": ""厨卫全明"", ""74"": ""南北通透"", ""7"": ""项目在建"", ""70"": ""银行"", ""69"": ""学校"", ""68"": ""医院"", ""78"": ""大户型"", ""404"": ""客餐厅相连"", ""403"": ""私密性好"", ""402"": ""玄关入户"", ""401"": ""户型方正"", ""397"": ""动静分离"", ""85"": ""主卧套房"", ""637"": ""公办中学"", ""636"": ""公办小学"", ""606"": ""省一级园"", ""598"": ""民办幼儿园"", ""597"": ""公办幼儿园"", ""541"": ""3D沙盘"", ""540"": ""日照模拟"", ""263"": ""VR看房"", ""50"": ""品牌开发商""}","[""国企开发"", ""车位充足"", ""装修交付"", ""轨交房"", ""厨卫全明""]",https://pic4.ajkimg.com/display/xinfang/be9311dbb34aa7f14eb539abff2970b3/275x206n.jpg,"[{""id"": ""7188688"", ""loupan_id"": ""510719"", ""station_id"": ""10201"", ""subway_id"": ""1010"", ""city_id"": ""18"", ""distance"": ""852米"", ""status"": ""1"", ""last_update_time"": ""1774211231"", ""is_rail_loupan"": ""1"", ""subway_name"": ""3号线"", ""station_name"": ""华丰路"", ""distance_raw"": ""852""}, {""id"": ""7188678"", ""loupan_id"": ""510719"", ""station_id"": ""10225"", ""subway_id"": ""1010"", ""city_id"": ""18"", ""distance"": ""1271米"", ""status"": ""1"", ""last_update_time"": ""1774211231"", ""is_rail_loupan"": ""1"", ""subway_name"": ""3号线"", ""station_name"": ""同协路"", ""distance_raw"": ""1271""}]",杭州市拱墅区康华路与华丰路交汇处往南50米
5208776,海星辰湾,杭州,18,临平区,24198,东湖,24199,杭州临平区东湖钱江经济开发区兴国路506号（兴国路与南公河路路口）,,,,,55-113㎡,37296m²,1000000m²,"[{""id"": 153043, ""rooms"": 1, ""room_alias"": ""一室"", ""area"": 55}, {""id"": 153041, ""rooms"": 1, ""room_alias"": ""一室"", ""area"": 113}, {""id"": 176185, ""rooms"": 2, ""room_alias"": ""二室"", ""area"": 55}, {""id"": 176188, ""rooms"": 3, ""room_alias"": ""三室"", ""area"": 110}]",1/2/3室,商业户型,2002-04-19,,2002年,2003年,[],"{多层,小高层,高层}",多层、小高层、高层,40年,,,480,毛坯,,商业,金地智慧服务,1.68元/㎡/月,,800,1:1.6,售罄,售罄,售罄,[],[],中铁建,,,商电,商水,30.447534,120.230588,"""""","{""56"": ""车位充足"", ""31"": ""大平层"", ""72"": ""配套纯熟"", ""70"": ""银行"", ""68"": ""医院"", ""66"": ""公园""}","[""车位充足"", ""大平层"", ""配套纯熟"", ""银行"", ""医院""]",https://pic4.ajkimg.com/display/xinfang/be950b572cdb750f0dfbd27ade27436f/275x206n.jpg,[],兴国路503号创新创业园5号楼1楼
1724372,金茂水岸源,杭州,18,拱墅区,1801,运河新城,10134,杭州拱墅区运河新城东至规划支路二，南至祥园路，西至规划支路七，北至规划支路二,,,,,,20044m²,49999.64m²,[],,,2002-04-09,,2002年,2003年,[],洋房,叠加别墅,70年,1.4,30%,,,,别墅,保利物业,,,,,售罄,售罄,售罄,[],[],世茂,中国金茂,,民电,民水,30.327554,120.131288,"{""service_num"": ""4006708287"", ""num"": ""54055""}","{""72"": ""配套纯熟"", ""71"": ""便利店"", ""70"": ""银行"", ""69"": ""学校"", ""68"": ""医院"", ""66"": ""公园"", ""65"": ""商业街"", ""64"": ""购物中心"", ""637"": ""公办中学"", ""636"": ""公办小学"", ""635"": ""民办小学"", ""624"": ""九年一贯制"", ""606"": ""省一级园"", ""603"": ""二级园"", ""598"": ""民办幼儿园"", ""597"": ""公办幼儿园"", ""541"": ""3D沙盘"", ""540"": ""日照模拟"", ""55"": ""小型社区"", ""50"": ""品牌开发商""}","[""配套纯熟"", ""便利店"", ""银行"", ""学校"", ""医院""]",https://pic4.ajkimg.com/display/xinfang/01d08db9b8c9526905eca2c62de2ffcc/275x206n.jpg,[],
8476057,天丽景三期,杭州,18,上城区,1802,城东新城,5133,杭州上城区城东新城明石路与同德路交汇处,,6328元/㎡,6328元/㎡,,,34000m²,96000m²,[],,,2002-07-04,2020年03月20日,2002年,2003年,[],{},,40年,,30%,12,毛坯,,临街店铺,龙湖智慧服务,5元/㎡/月,,861,,售罄,售罄,售罄,[],[],远洋,龙湖地产,杭州滨沁房地产开发有限公司,商电,商水,30.293409,120.232196,"{""service_num"": ""4006708287"", ""num"": """"}","{""9"": ""轨交房"", ""226"": ""商业街区"", ""218"": ""综合商铺"", ""216"": ""社区底商"", ""214"": ""品牌商铺"", ""213"": ""地铁沿线"", ""55"": ""小型社区"", ""50"": ""品牌开发商""}","[""轨交房"", ""商业街区"", ""综合商铺"", ""社区底商"", ""品牌商铺""]",https://pic4.ajkimg.com/display/xinfang/bf7c8b5d408161bdfb24e4a246c5e721/275x206n.jpg,"[{""id"": ""7211751"", ""loupan_id"": ""501367"", ""station_id"": ""120444"", ""subway_id"": ""42"", ""city_id"": ""18"", ""distance"": ""527米"", ""status"": ""1"", ""last_update_time"": ""1774211226"", ""is_rail_loupan"": ""1"", ""subway_name"": ""4号线"", ""station_name"": ""明石路"", ""distance_raw"": ""527""}]",上城区明石路与同德路交汇处
2769397,福梦想家,杭州,18,富阳区,16786,富春,25392,杭州富阳区富春金秋大道和华虹路交界处,,4640元/㎡,4640元/㎡,首付29万，月供7069元,88-127㎡,51441m²,180000m²,"[{""id"": 522106, ""rooms"": 3, ""room_alias"": ""三室"", ""area"": 88.04}, {""id"": 500878, ""rooms"": 3, ""room_alias"": ""三室"", ""area"": 96.42}, {""id"": 500880, ""rooms"": 3, ""room_alias"": ""三室"", ""area"": 105.68}, {""id"": 522108, ""rooms"": 4, ""room_alias"": ""四室"", ""area"": 125}]",3/4室,"3室户型,4室户型",2002-05-10,2020年07月16日,2002年,2003年,"[""2020-07-13"", ""2019-12-24"", ""2019-10-29""]",高层,高层,70年,2.4,30%,1040,带装修,在建中，竣工时间：2022-12-31,住宅,世茂服务,3.4元/㎡/月,,1403,1:1.35,售罄,售罄,售罄,"[""富售许字（2020）第074号"", ""富售许字(2019)第129号"", ""富售许字（2019）第110号""]","[""7#、6#、8#、9#、10#、11#、12#"", ""3#、4#"", ""2#、5#""]",恒大,"中国平安,大家房产",杭州景扬置业有限公司,民电,民水,30.052897,119.911488,"""""","{""559"": ""现房"", ""81"": ""大阳台"", ""56"": ""车位充足"", ""29"": ""装修交付"", ""76"": ""厨卫全明"", ""74"": ""南北通透"", ""73"": ""卧室全朝南"", ""7"": ""项目在建"", ""547"": ""地铁"", ""78"": ""大户型"", ""402"": ""玄关入户"", ""401"": ""户型方正"", ""397"": ""动静分离"", ""85"": ""主卧套房"", ""83"": ""双阳台"", ""638"": ""民办中学"", ""636"": ""公办小学"", ""624"": ""九年一贯制"", ""604"": ""三级园"", ""603"": ""二级园"", ""598"": ""民办幼儿园"", ""597"": ""公办幼儿园"", ""541"": ""3D沙盘"", ""263"": ""VR看房"", ""226"": ""商业街区"", ""50"": ""品牌开发商""}","[""现房"", ""大阳台"", ""车位充足"", ""装修交付"", ""厨卫全明""]",https://pic4.ajkimg.com/display/xinfang/96da3312c7e8f668e4361fc6ec59141a/275x206n.jpg,[],浙江杭州富阳区金秋大道和华虹路交界处
9602145,北郡月亮花苑,杭州,18,临平区,24198,塘栖,24203,杭州临平区塘栖钱江科技城商贸中心，康信路与顺风路交汇处西北角,,,,,,20000m²,20074m²,[],,,2002-02-14,,2002年,2003年,[],超高层,高层,,2.49,25%,510,带装修,,住宅,金地智慧服务,,,239,,售罄,售罄,售罄,[],[],禹洲,,杭州清盛置业有限公司,民电,民水,30.486716,120.273902,"""""","{""29"": ""装修交付"", ""72"": ""配套纯熟"", ""71"": ""便利店"", ""70"": ""银行"", ""68"": ""医院"", ""66"": ""公园"", ""64"": ""购物中心"", ""636"": ""公办小学"", ""603"": ""二级园"", ""598"": ""民办幼儿园"", ""597"": ""公办幼儿园""}","[""装修交付"", ""配套纯熟"", ""便利店"", ""银行"", ""医院""]",https://pic4.ajkimg.com/display/xinfang/ecc641cbf205ca47c7ff7c2cb1d399e6/275x206n.jpg,[],钱江科技城商贸中心，康信路与顺风路交汇处西北角
4375842,紫名城A区,杭州,18,萧山区,1807,南部卧城,5138,杭州萧山区南部卧城晨晖路与萧然西路交叉口,,6328元/㎡,6328元/㎡,首付42万，月供10279元,95-123㎡,18641m²,56404m²,"[{""id"": 772570, ""rooms"": 3, ""room_alias"": ""三室"", ""area"": 95}, {""id"": 772569, ""rooms"": 4, ""room_alias"": ""四室"", ""area"": 123}]",3/4室,"3室户型,4室户型",2002-08-19,2022年12月21日,2002年,2003年,"[""2022-12-13"", ""2022-10-18""]",{高层},高层,70年,,35%,352,带装修,在建中，竣工时间：暂无数据,住宅,招商积余,2.2元/㎡/月,,442,1:1.26,售罄,售罄,售罄,"[""萧售许字（2022）第ZJ00666号"", ""萧售许字（2022）第ZJ00509号""]","[""3#、4#"", ""1#、2#""]",滨江集团,众安置业,杭州众安锦瑞房地产开发有限公司,民电,民水,30.143317,120.270456,"""""","{""56"": ""车位充足"", ""29"": ""装修交付"", ""9"": ""轨交房"", ""76"": ""厨卫全明"", ""74"": ""南北通透"", ""7"": ""项目在建"", ""547"": ""地铁"", ""68"": ""医院"", ""78"": ""大户型"", ""402"": ""玄关入户"", ""401"": ""户型方正"", ""85"": ""主卧套房"", ""638"": ""民办中学"", ""637"": ""公办中学"", ""636"": ""公办小学"", ""624"": ""九年一贯制"", ""598"": ""民办幼儿园"", ""541"": ""3D沙盘"", ""540"": ""日照模拟"", ""421"": ""无需摇号"", ""263"": ""VR看房"", ""50"": ""品牌开发商""}","[""车位充足"", ""装修交付"", ""轨交房"", ""厨卫全明"", ""南北通透""]",https://pic4.ajkimg.com/display/xinfang/6d9f17a967cb4f111246716e8fa9b45f/275x206n.jpg,"[{""id"": ""7246809"", ""loupan_id"": ""515004"", ""station_id"": ""2662"", ""subway_id"": ""41"", ""city_id"": ""18"", ""distance"": ""1223米"", ""status"": ""1"", ""last_update_time"": ""1774211227"", ""is_rail_loupan"": ""1"", ""subway_name"": ""2号线"", ""station_name"": ""曹家桥"", ""distance_raw"": ""1223""}]",晨晖路与萧然西路交叉口
9182412,鑫西岸佳苑,杭州,18,临平区,24198,临平新城,24207,杭州临平区临平新城世纪大道与迎宾路交叉口南,,,,,48-79㎡,86274m²,669725m²,"[{""id"": 267924, ""rooms"": 1, ""room_alias"": ""一室"", ""area"": 48}, {""id"": 243481, ""rooms"": 1, ""room_alias"": ""一室"", ""area"": 52}, {""id"": 267926, ""rooms"": 2, ""room_alias"": ""二室"", ""area"": 74}, {""id"": 267925, ""rooms"": 2, ""room_alias"": ""二室"", ""area"": 79}]",1/2室,商业户型,2002-11-02,,2002年,2003年,[],{高层},高层,40年,5.5,50%,1557,带装修,,商业,雅生活服务,2.2元/㎡/月,,3729,1:1,售罄,售罄,售罄,"[""余售许字(2014)第00089号"", ""余售许字(2014)第00098号"", ""余售许字(2014)第00194号"", ""余售许字(2015)第00100号"", ""余售许字(2016)第00167号"", ""余售许字(2016)第00172号""]",[],佳兆业,,,商电,商水,30.410118,120.316507,"""""","{""29"": ""装修交付"", ""9"": ""轨交房"", ""10"": ""多轨交"", ""72"": ""配套纯熟"", ""71"": ""便利店"", ""70"": ""银行"", ""68"": ""医院"", ""66"": ""公园"", ""65"": ""商业街"", ""64"": ""购物中心"", ""54"": ""大型社区""}","[""装修交付"", ""轨交房"", ""多轨交"", ""配套纯熟"", ""便利店""]",https://pic4.ajkimg.com/display/xinfang/2a10725bf307687a73bdb474122d671a/275x206n.jpg,"[{""id"": ""7253691"", ""loupan_id"": ""250717"", ""station_id"": ""120831"", ""subway_id"": ""12055"", ""city_id"": ""18"", ""distance"": ""602米"", ""status"": ""1"", ""last_update_time"": ""1774211230"", ""is_rail_loupan"": ""1"", ""subway_name"": ""9号线"", ""station_name"": ""临平站"", ""distance_raw"": ""602""}, {""id"": ""7253690"", ""loupan_id"": ""250717"", ""station_id"": ""120830"", ""subway_id"": ""12055"", ""city_id"": ""18"", ""distance"": ""1180米"", ""status"": ""1"", ""last_update_time"": ""1774211230"", ""is_rail_loupan"": ""1"", ""subway_name"": ""9号线"", ""station_name"": ""南苑站"", ""distance_raw"": ""1180""}, {""id"": ""7267517"", ""loupan_id"": ""250717"", ""station_id"": ""122146"", ""subway_id"": ""12111"", ""city_id"": ""18"", ""distance"": ""1198米"", ""status"": ""1"", ""last_update_time"": ""1774211228"", ""is_rail_loupan"": ""1"", ""subway_name"": ""18号线"", ""station_name"": ""世纪大道站"", ""distance_raw"": ""1198""}]",杭州市临平区临平世纪大道118号
738063,瑞聚金色轩,杭州,18,临平区,24198,东湖,24199,杭州临平区东湖荷禹路与昌达路交叉口,,,,,1535㎡,24959m²,105650m²,[],,商业户型,2002-09-15,2025年09月下旬,2002年,2003年,[],{},,40年,,20%,117,毛坯,已竣工，竣工时间：2024-12-31,标准写字楼,保利物业,5.5元/㎡/月,,854,,售罄,售罄,售罄,[],[],绿城,,浙江瑞聚置业有限公司,商电,商水,30.450716,120.279186,"""""","{""559"": ""现房"", ""557"": ""项目竣工"", ""9"": ""轨交房"", ""55"": ""小型社区""}","[""现房"", ""项目竣工"", ""轨交房"", ""小型社区""]",https://pic4.ajkimg.com/display/xinfang/9bf8bea7204ea4d3d0d00df3a3749459/275x206n.jpg,"[{""id"": ""7253645"", ""loupan_id"": ""511497"", ""station_id"": ""120835"", ""subway_id"": ""12055"", ""city_id"": ""18"", ""distance"": ""340米"", ""status"": ""1"", ""last_update_time"": ""1774211227"", ""is_rail_loupan"": ""1"", ""subway_name"": ""9号线"", ""station_name"": ""龙安站"", ""distance_raw"": ""340""}, {""id"": ""7253646"", ""loupan_id"": ""511497"", ""station_id"": ""120834"", ""subway_id"": ""12055"", ""city_id"": ""18"", ""distance"": ""991米"", ""status"": ""1"", ""last_update_time"": ""1774211227"", ""is_rail_loupan"": ""1"", ""subway_name"": ""9号线"", ""station_name"": ""五洲路站"", ""distance_raw"": ""991""}]",荷禹路与昌达路交叉口
6533331,世理想华庭,杭州,18,临平区,24198,临平老城区,24204,杭州临平区临平老城区世纪大道与星河南路交叉口,,590元/㎡,590元/㎡,首付419万，月供100949元,100-215㎡,别墅：100000m² 住宅：100000m²,别墅：420000m² 住宅：420000m²,"[{""id"": 620624, ""rooms"": 3, ""room_alias"": ""三室"", ""area"": 100}, {""id"": 620623, ""rooms"": 4, ""room_alias"": ""四室"", ""area"": 134}, {""id"": 620622, ""rooms"": 4, ""room_alias"": ""四室"", ""area"": 154}, {""id"": 620621, ""rooms"": 4, ""room_alias"": ""四室"", ""area"": 164}, {""id"": 620626, ""rooms"": 4, ""room_alias"": ""四室"", ""area"": 165}, {""id"": 620625, ""rooms"": 5, ""room_alias"": ""五室"", ""area"": 215}]",3/4/5室,"3室户型,4室户型,5室户型",2002-01-20,2024年01月17日,2002年,2003年,"[""2024-01-11"", ""2021-01-19""]",别墅,别墅：合院别墅 住宅：高层,别墅：70年 住宅：70年,住宅：2.64,别墅：31% 住宅：31%,别墅：1521 住宅：1521,,,别墅,融创服务,,,,,售罄,售罄,售罄,"[""临平房现备字（2024）第00002号"", ""余售许字（2021）第ZJ00065号""]","[""7#、8#、5#、6#、11#、9#、10#、3#、4#、1#、2#、14#、15#、12#、13#、18#、16#、17#"", ""22#、23#、20#、21#、26#、27#、24#、25#、30#、28#、29#、19#""]",象屿,理想国际,理想四维地产集团有限公司,别墅：民电,别墅：民水,30.391044,120.284551,"{""service_num"": ""4006708287"", ""num"": """"}","{""559"": ""现房"", ""81"": ""大阳台"", ""9"": ""轨交房"", ""76"": ""厨卫全明"", ""74"": ""南北通透"", ""78"": ""大户型"", ""402"": ""玄关入户"", ""401"": ""户型方正"", ""397"": ""动静分离"", ""85"": ""主卧套房"", ""83"": ""双阳台"", ""82"": ""双卫生间"", ""638"": ""民办中学"", ""637"": ""公办中学"", ""636"": ""公办小学"", ""598"": ""民办幼儿园"", ""597"": ""公办幼儿园"", ""593"": ""以旧换新"", ""54"": ""大型社区"", ""50"": ""品牌开发商""}","[""现房"", ""大阳台"", ""轨交房"", ""厨卫全明"", ""南北通透""]",https://pic4.ajkimg.com/display/xinfang/d04b39fb31c2962e23f1c71bf37f2a81/275x206n.jpg,"[{""id"": ""7267516"", ""loupan_id"": ""470416"", ""station_id"": ""122146"", ""subway_id"": ""12111"", ""city_id"": ""18"", ""distance"": ""498米"", ""status"": ""1"", ""last_update_time"": ""1774211228"", ""is_rail_loupan"": ""1"", ""subway_name"": ""18号线"", ""station_name"": ""世纪大道站"", ""distance_raw"": ""498""}]",世纪大道西599号
1322721,河昱紫金嘉园,杭州,18,上城区,1802,笕桥,1838,杭州上城区笕桥南临规划绿地，东至规划药香路，西临规划相埠路，北至规划笕石路,,,,,74-124㎡,69271m²,223435m²,"[{""id"": 874827, ""rooms"": 2, ""room_alias"": ""二室"", ""area"": 74}, {""id"": 874828, ""rooms"": 2, ""room_alias"": ""二室"", ""area"": 74}, {""id"": 874829, ""rooms"": 2, ""room_alias"": ""二室"", ""area"": 74}, {""id"": 874824, ""rooms"": 3, ""room_alias"": ""三室"", ""area"": 94}, {""id"": 874825, ""rooms"": 3, ""room_alias"": ""三室"", ""area"": 94}, {""id"": 874826, ""rooms"": 4, ""room_alias"": ""四室"", ""area"": 124}]",2/3/4室,"2室户型,3室户型,4室户型",2002-11-08,2026年上半年,2002年,2003年,[],{小高层},小高层,70年,2.1,35%,1572,,在建中，竣工时间：2027-12-31,住宅,中海物业,,,1786,,售罄,售罄,售罄,[],[],正荣,,,民电,民水,30.336165,120.224086,"{""service_num"": ""4006708287"", ""num"": ""22673""}","{""9"": ""轨交房"", ""76"": ""厨卫全明"", ""74"": ""南北通透"", ""73"": ""卧室全朝南"", ""7"": ""项目在建"", ""10"": ""多轨交"", ""745"": ""配售型保障房"", ""72"": ""配套纯熟"", ""71"": ""便利店"", ""70"": ""银行"", ""69"": ""学校"", ""68"": ""医院"", ""66"": ""公园"", ""65"": ""商业街"", ""64"": ""购物中心"", ""78"": ""大户型"", ""402"": ""玄关入户"", ""401"": ""户型方正"", ""397"": ""动静分离"", ""85"": ""主卧套房"", ""91"": ""热评楼盘"", ""637"": ""公办中学"", ""636"": ""公办小学"", ""606"": ""省一级园"", ""598"": ""民办幼儿园"", ""597"": ""公办幼儿园"", ""541"": ""3D沙盘"", ""540"": ""日照模拟"", ""422"": ""30日内开盘"", ""263"": ""VR看房"", ""54"": ""大型社区""}","[""轨交房"", ""厨卫全明"", ""南北通透"", ""卧室全朝南"", ""项目在建""]",https://pic4.ajkimg.com/display/xinfang/f100f8a50eb9d28aa6447c65401f997c/275x206n.jpg,"[{""id"": ""7301326"", ""loupan_id"": ""529178"", ""station_id"": ""122151"", ""subway_id"": ""12111"", ""city_id"": ""18"", ""distance"": ""752米"", ""status"": ""1"", ""last_update_time"": ""1774211231"", ""is_rail_loupan"": ""1"", ""subway_name"": ""18号线"", ""station_name"": ""黎明站"", ""distance_raw"": ""752""}, {""id"": ""7301319"", ""loupan_id"": ""529178"", ""station_id"": ""120447"", ""subway_id"": ""42"", ""city_id"": ""18"", ""distance"": ""774米"", ""status"": ""1"", ""last_update_time"": ""1774211228"", ""is_rail_loupan"": ""1"", ""subway_name"": ""4号线"", ""station_name"": ""黎明"", ""distance_raw"": ""774""}]",
8629706,泰美景B区,杭州,18,钱塘区,20267,金沙湖,20270,杭州钱塘区金沙湖高沙路与文峰弄交叉口（下沙印象城南侧）,,337元/㎡,337元/㎡,首付240万，月供57706元,127-306㎡,住宅：8182m²,住宅：24680m²,"[{""id"": 874944, ""rooms"": 4, ""room_alias"": ""四室"", ""area"": 127}, {""id"": 874945, ""rooms"": 4, ""room_alias"": ""四室"", ""area"": 135}, {""id"": 874946, ""rooms"": 4, ""room_alias"": ""四室"", ""area"": 138}, {""id"": 874947, ""rooms"": 4, ""room_alias"": ""四室"", ""area"": 138}, {""id"": 881862, ""rooms"": 5, ""room_alias"": ""五室"", ""area"": 302}, {""id"": 881865, ""rooms"": 5, ""room_alias"": ""五室"", ""area"": 302}, {""id"": 881867, ""rooms"": 5, ""room_alias"": ""五室"", ""area"": 306}, {""id"": 881868, ""rooms"": 5, ""room_alias"": ""五室"", ""area"": 306}]",4室、别墅,"4室户型,别墅户型",2002-02-14,2025年10月28日,2002年,2003年,"[""2025-10-21"", ""2025-09-23"", ""2025-09-09""]",超高层,住宅：高层 别墅：联排别墅,住宅：70年 别墅：70年,住宅：2,住宅：30%,住宅：114,住宅：带装修 别墅：毛坯,在建中，竣工时间：2026-10-31,住宅,招商积余,住宅：5.5元/㎡/月,,,,售罄,售罄,售罄,"[""杭房预许字（2025）第00473号"", ""杭房预许字(2025)第00428号"", ""杭房预许字(2025)第00385号""]","[""1#"", ""3#"", ""2#""]",世茂,兴耀房产集团,,住宅：民电,住宅：民水,30.300919,120.349885,"""""","{""29"": ""装修交付"", ""9"": ""轨交房"", ""76"": ""厨卫全明"", ""74"": ""南北通透"", ""73"": ""卧室全朝南"", ""7"": ""项目在建"", ""276"": ""一房一价"", ""72"": ""配套纯熟"", ""71"": ""便利店"", ""70"": ""银行"", ""69"": ""学校"", ""68"": ""医院"", ""66"": ""公园"", ""65"": ""商业街"", ""64"": ""购物中心"", ""78"": ""大户型"", ""402"": ""玄关入户"", ""401"": ""户型方正"", ""85"": ""主卧套房"", ""638"": ""民办中学"", ""637"": ""公办中学"", ""636"": ""公办小学"", ""624"": ""九年一贯制"", ""598"": ""民办幼儿园"", ""597"": ""公办幼儿园"", ""541"": ""3D沙盘"", ""540"": ""日照模拟"", ""421"": ""无需摇号"", ""263"": ""VR看房"", ""55"": ""小型社区"", ""50"": ""品牌开发商""}","[""装修交付"", ""轨交房"", ""厨卫全明"", ""南北通透"", ""卧室全朝南""]",https://pic4.ajkimg.com/display/xinfang/335bdceee68c931a5c488147134af70f/275x206n.jpg,"[{""id"": ""7307466"", ""loupan_id"": ""530591"", ""station_id"": ""2640"", ""subway_id"": ""40"", ""city_id"": ""18"", ""distance"": ""429米"", ""status"": ""1"", ""last_update_time"": ""1774211227"", ""is_rail_loupan"": ""1"", ""subway_name"": ""1号线"", ""station_name"": ""高沙路"", ""distance_raw"": ""429""}, {""id"": ""7307468"", ""loupan_id"": ""530591"", ""station_id"": ""2639"", ""subway_id"": ""40"", ""city_id"": ""18"", ""distance"": ""1304米"", ""status"": ""1"", ""last_update_time"": ""1774211227"", ""is_rail_loupan"": ""1"", ""subway_name"": ""1号线"", ""station_name"": ""金沙湖"", ""distance_raw"": ""1304""}]",杭州市钱塘区高沙路与文峰弄交叉口（下沙印象城南侧）
4103565,瑞云天邸,杭州,18,西湖区,1804,云谷,26074,杭州西湖区云谷荆长路与云西街交叉口东北侧,,,,,,44701m²,155662m²,[],,,2002-11-14,,2002年,2003年,[],{高层},高层,70年,2.2,35%,944,,,住宅,绿城服务,,,,,售罄,售罄,售罄,[],[],保利,,,民电,民水,30.348391,120.032523,"{""service_num"": ""4006708287"", ""num"": ""22744""}","{""745"": ""配售型保障房"", ""72"": ""配套纯熟"", ""70"": ""银行"", ""69"": ""学校"", ""66"": ""公园"", ""64"": ""购物中心"", ""636"": ""公办小学"", ""606"": ""省一级园"", ""598"": ""民办幼儿园"", ""597"": ""公办幼儿园"", ""541"": ""3D沙盘"", ""540"": ""日照模拟""}","[""配售型保障房"", ""配套纯熟"", ""银行"", ""学校"", ""公园""]",https://pic4.ajkimg.com/display/xinfang/3930b61c92008d9b3735f6ef1b9b7cb3/275x206n.jpg,[],
8948547,千岛盛世园,杭州,18,淳安县,17455,淳安,17456,杭州淳安县淳安环湖北路1888号,,2636元/㎡,2636元/㎡,首付15万，月供3715元,82-193㎡,56000m²,147000m²,"[{""id"": 668951, ""rooms"": 2, ""room_alias"": ""二室"", ""area"": 117}, {""id"": 755742, ""rooms"": 3, ""room_alias"": ""三室"", ""area"": 82}, {""id"": 746030, ""rooms"": 3, ""room_alias"": ""三室"", ""area"": 154}, {""id"": 675670, ""rooms"": 4, ""room_alias"": ""四室"", ""area"": 139}, {""id"": 681188, ""rooms"": 4, ""room_alias"": ""四室"", ""area"": 193}]",2/3/4室,"2室户型,3室户型,4室户型",2002-07-04,2019年05月06日,2002年,2003年,"[""2019-05-05""]",{高层},高层,70年,1.52,30%,723,毛坯,已竣工，竣工时间：暂无数据,住宅,融创服务,2.25元/㎡/月,,1147,1:1.2,售罄,售罄,售罄,"[""淳售许字(2019)第08号""]","[""11#、12#、13#、9#、8#、7#、6#、10#""]",中梁,雨润集团,江苏地华实业集团有限公司,民电,民水,29.598663,119.112567,"{""service_num"": ""4006708287"", ""num"": """"}","{""559"": ""现房"", ""557"": ""项目竣工"", ""56"": ""车位充足"", ""52"": ""低容积"", ""76"": ""厨卫全明"", ""74"": ""南北通透"", ""73"": ""卧室全朝南"", ""78"": ""大户型"", ""404"": ""客餐厅相连"", ""402"": ""玄关入户"", ""401"": ""户型方正"", ""397"": ""动静分离"", ""85"": ""主卧套房"", ""83"": ""双阳台"", ""541"": ""3D沙盘"", ""263"": ""VR看房"", ""50"": ""品牌开发商""}","[""现房"", ""项目竣工"", ""车位充足"", ""低容积"", ""厨卫全明""]",https://pic4.ajkimg.com/display/xinfang/c8a628d160113ba3822f0e50f64e461b/275x206n.jpg,[],千岛湖环湖北路1888号
8010860,泰岸,杭州,18,建德市,17457,建德,17458,杭州建德市建德环城北路与新建路交叉路口往北约200米,,3586元/㎡,3586元/㎡,首付22万，月供5446元,89-120㎡,40665m²,84014.71m²,"[{""id"": 628625, ""rooms"": 3, ""room_alias"": ""三室"", ""area"": 89}, {""id"": 628626, ""rooms"": 3, ""room_alias"": ""三室"", ""area"": 99}, {""id"": 628627, ""rooms"": 3, ""room_alias"": ""三室"", ""area"": 104}, {""id"": 628628, ""rooms"": 3, ""room_alias"": ""三室"", ""area"": 111}, {""id"": 628629, ""rooms"": 4, ""room_alias"": ""四室"", ""area"": 120}]",3/4室,"3室户型,4室户型",2002-07-28,2020年12月12日,2002年,2003年,"[""2020-05-26"", ""2020-08-26"", ""2020-11-09"", ""2020-12-09"", ""2020-12-09""]",{高层},高层,70年,1.45,50%,563,带装修,在建中，竣工时间：2021-06-30,住宅,绿城服务,2.95元/㎡/月,,595,1:1.06,售罄,售罄,售罄,"[""建售许字（2020）第00456号"", ""建售许字（2020）第01117号"", ""建售许字（2020）第01426号"", ""建售许字（2020）第ZJ00014号"", ""建售许字（2020）第ZJ00015号""]","[""1#、2#、3#、5#"", ""8#、11#"", ""6#"", ""10#"", ""7#""]",绿城,,建德德旭置业有限公司,民电,民水,29.468842,119.259558,"""""","{""559"": ""现房"", ""56"": ""车位充足"", ""53"": ""高绿化率"", ""52"": ""低容积"", ""29"": ""装修交付"", ""76"": ""厨卫全明"", ""74"": ""南北通透"", ""7"": ""项目在建"", ""78"": ""大户型"", ""404"": ""客餐厅相连"", ""403"": ""私密性好"", ""402"": ""玄关入户"", ""401"": ""户型方正"", ""85"": ""主卧套房"", ""636"": ""公办小学"", ""263"": ""VR看房""}","[""现房"", ""车位充足"", ""高绿化率"", ""低容积"", ""装修交付""]",https://pic4.ajkimg.com/display/xinfang/b5f1e14819ce4859457e4b4edba1071c/275x206n.jpg,[],环城北路与新建路交叉路口往北约200米
6890501,绿蓝湾府,杭州,18,建德市,17457,建德,17458,杭州建德市建德子胥西路58号,,2109元/㎡,2109元/㎡,首付13万，月供3174元,88-135㎡,9750m²,28667m²,"[{""id"": 474143, ""rooms"": 2, ""room_alias"": ""二室"", ""area"": 88.33}, {""id"": 474144, ""rooms"": 3, ""room_alias"": ""三室"", ""area"": 125}, {""id"": 474145, ""rooms"": 3, ""room_alias"": ""三室"", ""area"": 135}]",2/3室,"2室户型,3室户型",2002-08-03,2019年04月28日,2002年,2003年,"[""2019-04-29""]",{高层},高层,70年,2.52,30%,216,毛坯,,住宅,融创服务,1.5元/㎡/月,,177,1:0.8,售罄,售罄,售罄,"[""建售许字（2019）第00230号""]","[""1#、2#""]",象屿,,建德市乾潭商会大厦开发建设有限公司,民电,民水,29.613741,119.537093,"""""","{""559"": ""现房"", ""76"": ""厨卫全明"", ""74"": ""南北通透"", ""73"": ""卧室全朝南"", ""78"": ""大户型"", ""404"": ""客餐厅相连"", ""403"": ""私密性好"", ""402"": ""玄关入户"", ""401"": ""户型方正"", ""397"": ""动静分离"", ""85"": ""主卧套房"", ""83"": ""双阳台"", ""263"": ""VR看房"", ""55"": ""小型社区""}","[""现房"", ""厨卫全明"", ""南北通透"", ""卧室全朝南"", ""大户型""]",https://pic4.ajkimg.com/display/xinfang/8abd5b709ed5bef3afeff9acda7b2dcd/275x206n.jpg,[],建德市子胥西路88号乾潭商会大厦一楼东侧
5653867,耦贤西岸怡园,杭州,18,临安区,16784,锦北,25400,杭州临安区锦北锦北街道科技大道3508号,,4535元/㎡,4535元/㎡,首付18万，月供4364元,60-180㎡,住宅：33000m² 别墅：33000m²,住宅：60000m² 别墅：60000m²,"[{""id"": 776076, ""rooms"": 1, ""room_alias"": ""一室"", ""area"": 60}, {""id"": 776070, ""rooms"": 2, ""room_alias"": ""二室"", ""area"": 75}, {""id"": 776069, ""rooms"": 3, ""room_alias"": ""三室"", ""area"": 105}, {""id"": 776075, ""rooms"": 3, ""room_alias"": ""三室"", ""area"": 105}, {""id"": 776074, ""rooms"": 4, ""room_alias"": ""四室"", ""area"": 135}, {""id"": 776077, ""rooms"": 4, ""room_alias"": ""四室"", ""area"": 135}, {""id"": 776073, ""rooms"": 4, ""room_alias"": ""四室"", ""area"": 160}, {""id"": 776072, ""rooms"": 4, ""room_alias"": ""四室"", ""area"": 180}]",1/2/3/4室,"1室户型,2室户型,3室户型,4室户型",2002-07-13,2022年09月25日,2002年,2003年,"[""2022-09-14""]",洋房,住宅：低层、多层 别墅：联排别墅,住宅：70年 别墅：70年,住宅：1.2 别墅：1.2,住宅：30% 别墅：30%,住宅：341 别墅：50,"住宅：毛坯,带装修 别墅：毛坯,带装修",已竣工，竣工时间：2024-04-30,住宅,保利物业,住宅：2.5元/㎡/月 别墅：6.2元/㎡/月,,住宅：391 别墅：391,住宅：1:1.1 别墅：1:1.09,售罄,售罄,售罄,"[""临售许字（2022）第ZJ00429号""]","[""1#、4#、11#、16#、5#、6#、2#、3#、8#、7#、9#、10#、12#、13#、14#、15#、17#、18#、19#""]",大华,,香港兴业国际集团有限公司,住宅：民电,住宅：民水,30.276659,119.820147,"""""","{""559"": ""现房"", ""557"": ""项目竣工"", ""81"": ""大阳台"", ""56"": ""车位充足"", ""52"": ""低容积"", ""29"": ""装修交付"", ""76"": ""厨卫全明"", ""74"": ""南北通透"", ""73"": ""卧室全朝南"", ""61"": ""山景地产"", ""547"": ""地铁"", ""79"": ""小户型"", ""78"": ""大户型"", ""402"": ""玄关入户"", ""401"": ""户型方正"", ""397"": ""动静分离"", ""85"": ""主卧套房"", ""83"": ""双阳台"", ""82"": ""双卫生间"", ""92"": ""热搜盘"", ""637"": ""公办中学"", ""636"": ""公办小学"", ""635"": ""民办小学"", ""598"": ""民办幼儿园"", ""597"": ""公办幼儿园"", ""541"": ""3D沙盘"", ""540"": ""日照模拟"", ""263"": ""VR看房"", ""226"": ""商业街区""}","[""现房"", ""项目竣工"", ""大阳台"", ""车位充足"", ""低容积""]",https://pic4.ajkimg.com/display/xinfang/324e58868eef8363617d28b0eb515c4b/275x206n.jpg,[],浙江省杭州市临安区锦北街道科技大道3508号
5238999,恒都三期,杭州,18,西湖区,1804,之江,24206,杭州西湖区之江西湖区之江新城320国道与象山路交叉口（东南角）,,,,,44-60㎡,59079m²,226736m²,"[{""id"": 260331, ""rooms"": 1, ""room_alias"": ""一室"", ""area"": 47}, {""id"": 260333, ""rooms"": 2, ""room_alias"": ""二室"", ""area"": 44}, {""id"": 260337, ""rooms"": 2, ""room_alias"": ""二室"", ""area"": 44}, {""id"": 260339, ""rooms"": 3, ""room_alias"": ""三室"", ""area"": 60}]",1/2/3室,商业户型,2002-04-01,,2002年,2003年,[],{高层},高层,40年,2,25%,1200,带装修,,商业,中海物业,3.2元/㎡/月,,1500,1:0.8,售罄,售罄,售罄,"[""杭售许字(2014)第005001号""]",[],滨江集团,,,商电,商水,30.172103,120.080191,"""""","{""29"": ""装修交付"", ""9"": ""轨交房"", ""10"": ""多轨交"", ""70"": ""银行""}","[""装修交付"", ""轨交房"", ""多轨交"", ""银行""]",https://pic4.ajkimg.com/display/xinfang/8faf45375ec531abd369b2d6c1095358/275x206n.jpg,"[{""id"": ""7266992"", ""loupan_id"": ""417402"", ""station_id"": ""122111"", ""subway_id"": ""12109"", ""city_id"": ""18"", ""distance"": ""1309米"", ""status"": ""1"", ""last_update_time"": ""1774211230"", ""is_rail_loupan"": ""1"", ""subway_name"": ""12号线"", ""station_name"": ""美院象山站"", ""distance_raw"": ""1309""}, {""id"": ""7254661"", ""loupan_id"": ""417402"", ""station_id"": ""120861"", ""subway_id"": ""143"", ""city_id"": ""18"", ""distance"": ""1341米"", ""status"": ""1"", ""last_update_time"": ""1774211229"", ""is_rail_loupan"": ""1"", ""subway_name"": ""6号线"", ""station_name"": ""美院象山站"", ""distance_raw"": ""1341""}, {""id"": ""7266991"", ""loupan_id"": ""417402"", ""station_id"": ""122109"", ""subway_id"": ""12109"", ""city_id"": ""18"", ""distance"": ""1414米"", ""status"": ""1"", ""last_update_time"": ""1774211230"", ""is_rail_loupan"": ""1"", ""subway_name"": ""12号线"", ""station_name"": ""庙山站"", ""distance_raw"": ""1414""}]",西湖区之江新城象山路与鸡山路交叉口（项目现场，凤凰公园旁）
6347014,翠乐居花苑,杭州,18,建德市,17457,建德,17458,杭州建德市建德洋溪街道洋安社区荷映路91号,,4851元/㎡,4851元/㎡,首付35万，月供8584元,108-155㎡,住宅：25321m² 别墅：25321m²,住宅：71178m² 别墅：71178m²,"[{""id"": 696862, ""rooms"": 3, ""room_alias"": ""三室"", ""area"": 108}, {""id"": 696860, ""rooms"": 3, ""room_alias"": ""三室"", ""area"": 110}, {""id"": 773917, ""rooms"": 4, ""room_alias"": ""四室"", ""area"": 129.54}, {""id"": 696865, ""rooms"": 4, ""room_alias"": ""四室"", ""area"": 155}]",3/4室、别墅,"3室户型,4室户型,别墅户型",2002-05-13,2021年09月25日,2002年,2003年,"[""2020-09-01"", ""2021-09-17"", ""2021-06-18"", ""2021-01-14""]",小高层,住宅：高层 别墅：联排别墅、叠加别墅,住宅：70年 别墅：70年,住宅：1.8 别墅：1.8,住宅：30% 别墅：30%,住宅：367 别墅：367,住宅：毛坯 别墅：毛坯,在建中，竣工时间：2022-12-31,住宅,合景悠活,住宅：2.5元/㎡/月 别墅：2.8元/㎡/月,,住宅：583 别墅：583,住宅：1:1.6 别墅：1:1.6,售罄,售罄,售罄,"[""建售许字（2020）第01146号"", ""建售许字（2021）第ZJ02260号"", ""建售许字(2021)第01966号"", ""建售许字（2021）第ZJ00045号""]","[""1#、10#"", ""13#"", ""8#、12#"", ""11#""]",万科,,杭州龙大洋安房地产有限公司,住宅：民电,住宅：民水,29.507042,119.33666,"""""","{""81"": ""大阳台"", ""56"": ""车位充足"", ""52"": ""低容积"", ""76"": ""厨卫全明"", ""74"": ""南北通透"", ""73"": ""卧室全朝南"", ""7"": ""项目在建"", ""78"": ""大户型"", ""404"": ""客餐厅相连"", ""401"": ""户型方正"", ""397"": ""动静分离"", ""85"": ""主卧套房"", ""83"": ""双阳台"", ""636"": ""公办小学"", ""263"": ""VR看房"", ""226"": ""商业街区""}","[""大阳台"", ""车位充足"", ""低容积"", ""厨卫全明"", ""南北通透""]",https://pic4.ajkimg.com/display/xinfang/16d797e034834dec60463be83f65c4c9/275x206n.jpg,[],浙江省杭州市建德市洋溪街道洋安社区荷映路91号
1663044,碧桂盛世公寓,杭州,18,临安区,16784,锦南,25402,杭州临安区锦南锦南新城文体中心旁（流霞街与双拥路交叉口）,,,,,89-140㎡,59600m²,210000m²,"[{""id"": 398524, ""rooms"": 3, ""room_alias"": ""三室"", ""area"": 89}, {""id"": 326382, ""rooms"": 4, ""room_alias"": ""四室"", ""area"": 115}, {""id"": 326383, ""rooms"": 4, ""room_alias"": ""四室"", ""area"": 125}, {""id"": 326384, ""rooms"": 5, ""room_alias"": ""五室"", ""area"": 140}, {""id"": 498170, ""rooms"": 5, ""room_alias"": ""五室"", ""area"": 140}]",3/4/5室,"3室户型,4室户型,5室户型",2002-02-26,,2002年,2003年,"[""2020-04-30"", ""2020-04-23"", ""2019-09-29"", ""2019-09-11"", ""2019-08-16"", ""2019-06-18"", ""2019-05-16"", ""2019-05-16"", ""2019-03-26"", ""2019-03-26"", ""2018-10-19"", ""2018-07-20"", ""2018-07-20"", ""2018-08-24""]",{小高层},小高层,70年,2.6,30%,1277,毛坯,,住宅,万科物业,2.5元/㎡/月,,1556,1:1.22,售罄,售罄,售罄,"[""临售许字（2020）第00285号"", ""临售许字（2020）第00226号"", ""临售许字（2019）第00865号"", ""临售许字（2019）第 00774号"", ""临售许字（2019）第00639号"", ""临售许字（2019）第00473号"", ""临售许字（2019）第00336号"", ""临售许字（2019）第00335号"", ""临售许字（2019）第00146号"", ""临售许字（2019）第00147号"", ""临售许字（2018）第00750号"", ""临售许字（2018）第00519号"", ""临售许字（2018）第00520号"", ""临售许字（2018）第00595号""]","[""12#"", ""11#"", ""14#"", ""6#"", ""2#"", ""15#"", ""1"", ""5"", ""13#"", ""3#"", ""10#"", ""8#"", ""16#"", ""7#""]",旭辉,碧桂园集团,杭州碧锦置业有限公司,民电,民水,30.209035,119.688016,"{""service_num"": ""4006708287"", ""num"": """"}","{""56"": ""车位充足"", ""9"": ""轨交房"", ""76"": ""厨卫全明"", ""74"": ""南北通透"", ""78"": ""大户型"", ""402"": ""玄关入户"", ""401"": ""户型方正"", ""85"": ""主卧套房"", ""637"": ""公办中学"", ""636"": ""公办小学"", ""635"": ""民办小学"", ""598"": ""民办幼儿园"", ""597"": ""公办幼儿园"", ""50"": ""品牌开发商""}","[""车位充足"", ""轨交房"", ""厨卫全明"", ""南北通透"", ""大户型""]",https://pic4.ajkimg.com/display/xinfang/fc5856f7cfd659a26a5c52cbb848fbfc/275x206n.jpg,"[{""id"": ""7211737"", ""loupan_id"": ""435092"", ""station_id"": ""10683"", ""subway_id"": ""1032"", ""city_id"": ""18"", ""distance"": ""344米"", ""status"": ""1"", ""last_update_time"": ""1774211226"", ""is_rail_loupan"": ""1"", ""subway_name"": ""16号线"", ""station_name"": ""九州街"", ""distance_raw"": ""344""}]",杭州市临安区锦南新城文体中心旁（流霞街与双拥路交叉口）
8005954,宏星辰谷,杭州,18,桐庐县,17459,桐庐,17460,杭州桐庐县桐庐滨江路358号,,6750元/㎡,6750元/㎡,首付69万，月供16735元,145-185㎡,153571m²,430000m²,"[{""id"": 441077, ""rooms"": 3, ""room_alias"": ""三室"", ""area"": 169}, {""id"": 441076, ""rooms"": 4, ""room_alias"": ""四室"", ""area"": 145}, {""id"": 441078, ""rooms"": 4, ""room_alias"": ""四室"", ""area"": 185}]",3/4室,"3室户型,4室户型",2002-10-07,2019年09月21日,2002年,2003年,"[""2019-09-20"", ""2018-11-07"", ""2018-08-25"", ""2019-02-07"", ""2019-07-11""]","{小高层,高层}",小高层、高层,70年,2.08,35%,260,带装修,,住宅,金地智慧服务,4.9元/㎡/月,,300,1:1.5,售罄,售罄,售罄,"[""桐售许字（2019）第00814号"", ""桐售许字（2018）第00826号"", ""桐售许字（2018）第00825号"", ""桐售许字（2019）第00027号"", ""桐售许字（2019）第00550号""]","[""2#、5#"", ""4#"", ""3#"", ""1#"", ""6#""]",象屿,宋都股份,杭州江悦郡置业有限公司,民电,民水,29.818281,119.685603,"{""service_num"": ""4006708287"", ""num"": """"}","{""559"": ""现房"", ""56"": ""车位充足"", ""29"": ""装修交付"", ""76"": ""厨卫全明"", ""74"": ""南北通透"", ""73"": ""卧室全朝南"", ""71"": ""便利店"", ""70"": ""银行"", ""68"": ""医院"", ""78"": ""大户型"", ""402"": ""玄关入户"", ""401"": ""户型方正"", ""85"": ""主卧套房"", ""83"": ""双阳台"", ""637"": ""公办中学"", ""636"": ""公办小学"", ""263"": ""VR看房"", ""55"": ""小型社区"", ""50"": ""品牌开发商""}","[""现房"", ""车位充足"", ""装修交付"", ""厨卫全明"", ""南北通透""]",https://pic4.ajkimg.com/display/xinfang/9b4519c7b33c79d594f2e596fc5e4060/275x206n.jpg,[],浙江省杭州市桐庐县滨江路358
171383,杭州金色湾,杭州,18,上城区,1802,华家池,5134,杭州上城区华家池艮山西路95号,,,,,30-135㎡,12080m²,85620.29m²,"[{""id"": 318093, ""rooms"": 1, ""room_alias"": ""一室"", ""area"": 30}, {""id"": 398093, ""rooms"": 1, ""room_alias"": ""一室"", ""area"": 43}, {""id"": 318094, ""rooms"": 1, ""room_alias"": ""一室"", ""area"": 48}, {""id"": 401712, ""rooms"": 1, ""room_alias"": ""一室"", ""area"": 58}, {""id"": 398097, ""rooms"": 2, ""room_alias"": ""二室"", ""area"": 58}, {""id"": 398101, ""rooms"": 2, ""room_alias"": ""二室"", ""area"": 74}, {""id"": 535498, ""rooms"": 2, ""room_alias"": ""二室"", ""area"": 74}, {""id"": 318091, ""rooms"": 2, ""room_alias"": ""二室"", ""area"": 99}, {""id"": 401711, ""rooms"": 2, ""room_alias"": ""二室"", ""area"": 106}, {""id"": 401709, ""rooms"": 2, ""room_alias"": ""二室"", ""area"": 108}, {""id"": 401708, ""rooms"": 2, ""room_alias"": ""二室"", ""area"": 117}, {""id"": 398105, ""rooms"": 3, ""room_alias"": ""三室"", ""area"": 96}, {""id"": 318088, ""rooms"": 3, ""room_alias"": ""三室"", ""area"": 120}, {""id"": 318090, ""rooms"": 3, ""room_alias"": ""三室"", ""area"": 135}, {""id"": 318092, ""rooms"": 3, ""room_alias"": ""三室"", ""area"": 135}]",1/2/3室,商业户型,2002-12-11,2019年12月05日,2002年,2003年,"[""2017-11-07"", ""2017-11-07"", ""2017-11-07"", ""2018-05-18""]",{高层},高层,40年,3.2,30%,680,"毛坯,带装修",,商业,招商积余,6.8元/㎡/月,,1080,1:1.8,售罄,售罄,售罄,"[""杭售许字(2016)第000035号"", ""杭售许字(2015)第000028号"", ""杭售许字(2014)第000167号"", ""杭售许字(2018)第000035号""]","[""2#、5#、6#"", ""1#、4#"", ""3#、7#、8#"", ""11#、10#""]",大华,世茂房地产,杭州世茂嘉年华置业有限公司,商电,商水,30.267341,120.214688,"""""","{""56"": ""车位充足"", ""31"": ""大平层"", ""29"": ""装修交付"", ""9"": ""轨交房"", ""76"": ""厨卫全明"", ""73"": ""卧室全朝南"", ""10"": ""多轨交"", ""72"": ""配套纯熟"", ""71"": ""便利店"", ""70"": ""银行"", ""68"": ""医院"", ""67"": ""生态绿地"", ""66"": ""公园"", ""65"": ""商业街"", ""64"": ""购物中心"", ""402"": ""玄关入户"", ""401"": ""户型方正"", ""397"": ""动静分离"", ""85"": ""主卧套房"", ""265"": ""特惠"", ""263"": ""VR看房"", ""50"": ""品牌开发商""}","[""车位充足"", ""大平层"", ""装修交付"", ""轨交房"", ""厨卫全明""]",https://pic4.ajkimg.com/display/xinfang/573d22fb870353e0d5c6b975fd342f88/275x206n.jpg,"[{""id"": ""7266827"", ""loupan_id"": ""252830"", ""station_id"": ""122155"", ""subway_id"": ""12111"", ""city_id"": ""18"", ""distance"": ""1092米"", ""status"": ""1"", ""last_update_time"": ""1774211226"", ""is_rail_loupan"": ""1"", ""subway_name"": ""18号线"", ""station_name"": ""华家池站"", ""distance_raw"": ""1092""}, {""id"": ""7266836"", ""loupan_id"": ""252830"", ""station_id"": ""122130"", ""subway_id"": ""12110"", ""city_id"": ""18"", ""distance"": ""1092米"", ""status"": ""1"", ""last_update_time"": ""1774211226"", ""is_rail_loupan"": ""1"", ""subway_name"": ""15号线"", ""station_name"": ""浙大华家池站"", ""distance_raw"": ""1092""}]",上城区艮山西路95号
4782892,绿花苑A区,杭州,18,桐庐县,17459,桐庐,17460,杭州桐庐县桐庐金西路与儒闾路交叉口东南侧,,48元/㎡,48元/㎡,首付34万，月供8295元,147-215㎡,69333.33m²,70000m²,"[{""id"": 649093, ""rooms"": 3, ""room_alias"": ""三室"", ""area"": 175}, {""id"": 747572, ""rooms"": 4, ""room_alias"": ""四室"", ""area"": 147}, {""id"": 649086, ""rooms"": 4, ""room_alias"": ""四室"", ""area"": 168}, {""id"": 649096, ""rooms"": 4, ""room_alias"": ""四室"", ""area"": 168}, {""id"": 649097, ""rooms"": 4, ""room_alias"": ""四室"", ""area"": 168}, {""id"": 747589, ""rooms"": 4, ""room_alias"": ""四室"", ""area"": 171}, {""id"": 649090, ""rooms"": 4, ""room_alias"": ""四室"", ""area"": 175}, {""id"": 649092, ""rooms"": 4, ""room_alias"": ""四室"", ""area"": 175}, {""id"": 747598, ""rooms"": 4, ""room_alias"": ""四室"", ""area"": 180}, {""id"": 747602, ""rooms"": 4, ""room_alias"": ""四室"", ""area"": 182}, {""id"": 793427, ""rooms"": 5, ""room_alias"": ""五室"", ""area"": 198}, {""id"": 642082, ""rooms"": 5, ""room_alias"": ""五室"", ""area"": 200}, {""id"": 649085, ""rooms"": 5, ""room_alias"": ""五室"", ""area"": 200}, {""id"": 793426, ""rooms"": 5, ""room_alias"": ""五室"", ""area"": 215}]",别墅,别墅户型,2002-09-11,2023年03月22日,2002年,2003年,"[""2023-03-20"", ""2021-12-22"", ""2021-04-22"", ""2021-03-15"", ""2021-05-28""]",{叠加别墅},叠加别墅,70年,1.1,30%,406,毛坯,已竣工，竣工时间：2023-12-23,别墅,雅生活服务,4.5元/㎡/月,,760,1:1.87,售罄,售罄,售罄,"[""桐售许字（2023）第ZJ00138号"", ""桐售许字（2021）第ZJ02529号"", ""桐售许字（2021）第ZJ00387号"", ""桐售许字（2021）第ZJ00212号"", ""桐售许字（2021）第ZJ00517号""]","[""16#、32#、33#"", ""15#、17#、18#、25#、27#、35#、36#"", ""10#"", ""21#、22#、23#、31#"", ""19#""]",建发,天阳地产,杭州天奇置业有限公司,民电,民水,29.772853,119.669192,"""""","{""559"": ""现房"", ""557"": ""项目竣工"", ""81"": ""大阳台"", ""56"": ""车位充足"", ""76"": ""厨卫全明"", ""75"": ""三房朝南"", ""74"": ""南北通透"", ""73"": ""卧室全朝南"", ""4"": ""低总价"", ""78"": ""大户型"", ""401"": ""户型方正"", ""397"": ""动静分离"", ""86"": ""全景飘窗"", ""85"": ""主卧套房"", ""83"": ""双阳台"", ""92"": ""热搜盘"", ""90"": ""人气楼盘"", ""637"": ""公办中学"", ""636"": ""公办小学"", ""541"": ""3D沙盘"", ""421"": ""无需摇号"", ""263"": ""VR看房"", ""50"": ""品牌开发商""}","[""现房"", ""项目竣工"", ""大阳台"", ""车位充足"", ""厨卫全明""]",https://pic4.ajkimg.com/display/xinfang/19199b9c302553bda4ad48d852c33882/275x206n.jpg,[],桐庐县金西路与儒闾路交叉口东南侧
3584018,凤阳光怡园,杭州,18,上城区,1802,华家池,5134,杭州上城区华家池艮山西路95号绿地华家池印小区北门,,8015元/㎡,8015元/㎡,首付26万，月供6312元,46-110㎡,26800m²,210000m²,"[{""id"": 505594, ""rooms"": 1, ""room_alias"": ""一室"", ""area"": 46}, {""id"": 655758, ""rooms"": 2, ""room_alias"": ""二室"", ""area"": 60}, {""id"": 507470, ""rooms"": 2, ""room_alias"": ""二室"", ""area"": 62}, {""id"": 505595, ""rooms"": 2, ""room_alias"": ""二室"", ""area"": 95}, {""id"": 684425, ""rooms"": 2, ""room_alias"": ""二室"", ""area"": 110}]",1/2室,商业户型,2002-09-15,2019年09月01日,2002年,2003年,"[""2019-12-07"", ""2019-07-04"", ""2019-12-17""]",{高层},高层,40年,5.5,25%,1455,带装修,,商业,新城悦服务,6.5元/㎡/月,,1425,1:1.3,售罄,售罄,售罄,"[""杭售许字（2019）第000038号"", ""杭售许字(2018)第000024号"", ""杭售许字(2018)第000137号""]","[""1#、2#"", ""4#"", ""3#""]",象屿,绿地控股,绿地控股集团杭州东城房地产开发有限公司,商电,商水,30.286803,120.214063,"""""","{""559"": ""现房"", ""56"": ""车位充足"", ""29"": ""装修交付"", ""9"": ""轨交房"", ""73"": ""卧室全朝南"", ""42"": ""酒店公寓"", ""39"": ""商住公寓"", ""276"": ""一房一价"", ""402"": ""玄关入户"", ""401"": ""户型方正"", ""397"": ""动静分离"", ""541"": ""3D沙盘"", ""263"": ""VR看房"", ""50"": ""品牌开发商""}","[""现房"", ""车位充足"", ""装修交付"", ""轨交房"", ""卧室全朝南""]",https://pic4.ajkimg.com/display/xinfang/885870c6e7615424c48547d5ec916f7c/275x206n.jpg,"[{""id"": ""7159745"", ""loupan_id"": ""461777"", ""station_id"": ""2670"", ""subway_id"": ""42"", ""city_id"": ""18"", ""distance"": ""1157米"", ""status"": ""1"", ""last_update_time"": ""1774211229"", ""is_rail_loupan"": ""1"", ""subway_name"": ""4号线"", ""station_name"": ""新塘"", ""distance_raw"": ""1157""}]",杭州市上城区艮山西路95号绿地华家池印小区北门
3185012,武林春天岸,杭州,18,下城,1805,市中心,5125,杭州下城市中心杭氧街与胜南支路交叉口,,,,,55㎡,,27114.4m²,"[{""id"": 428676, ""rooms"": 2, ""room_alias"": ""二室"", ""area"": 55}, {""id"": 428677, ""rooms"": 2, ""room_alias"": ""二室"", ""area"": 55}]",2室,商业户型,2002-06-07,,2002年,2003年,[],超高层,高层,40年,1.9,30%,224,带装修,,商业,新城悦服务,5元/㎡/月,,1,1,售罄,售罄,售罄,"[""杭售许字（2018）第000092号""]",[],碧桂园,,,商电,商水,30.309531,120.182448,"""""","{""81"": ""大阳台"", ""77"": ""复式"", ""29"": ""装修交付"", ""9"": ""轨交房"", ""73"": ""卧室全朝南"", ""68"": ""医院"", ""66"": ""公园"", ""402"": ""玄关入户"", ""397"": ""动静分离"", ""85"": ""主卧套房"", ""84"": ""双厨房"", ""82"": ""双卫生间"", ""224"": ""枢纽办公区"", ""213"": ""地铁沿线"", ""55"": ""小型社区""}","[""大阳台"", ""复式"", ""装修交付"", ""轨交房"", ""卧室全朝南""]",https://pic4.ajkimg.com/display/xinfang/5334be3eb27867fdb3bd6ce59dca83e4/275x206n.jpg,"[{""id"": ""7212055"", ""loupan_id"": ""450983"", ""station_id"": ""4841"", ""subway_id"": ""142"", ""city_id"": ""18"", ""distance"": ""618米"", ""status"": ""1"", ""last_update_time"": ""1774211226"", ""is_rail_loupan"": ""1"", ""subway_name"": ""5号线"", ""station_name"": ""杭氧"", ""distance_raw"": ""618""}, {""id"": ""7325405"", ""loupan_id"": ""450983"", ""station_id"": ""4840"", ""subway_id"": ""142"", ""city_id"": ""18"", ""distance"": ""1490米"", ""status"": ""1"", ""last_update_time"": ""1774211226"", ""is_rail_loupan"": ""1"", ""subway_name"": ""5号线"", ""station_name"": ""东新园"", ""distance_raw"": ""1490""}]",杭州市下城区绍兴路335号 武林之光接待中心
8373108,新庭A区,杭州,18,钱塘区,20267,沿江,20269,杭州钱塘区沿江沿江大道(20号大街与23号大街交汇处南面),,,,,77-212㎡,,,"[{""id"": 16033, ""rooms"": 2, ""room_alias"": ""二室"", ""area"": 77}, {""id"": 16034, ""rooms"": 2, ""room_alias"": ""二室"", ""area"": 93}, {""id"": 20763, ""rooms"": 3, ""room_alias"": ""三室"", ""area"": 130}, {""id"": 20766, ""rooms"": 3, ""room_alias"": ""三室"", ""area"": 136}, {""id"": 20764, ""rooms"": 3, ""room_alias"": ""三室"", ""area"": 137}, {""id"": 53368, ""rooms"": 4, ""room_alias"": ""四室"", ""area"": 190}, {""id"": 53366, ""rooms"": 4, ""room_alias"": ""四室"", ""area"": 212}]",2/3/4室,"2室户型,3室户型,4室户型",2002-11-19,,2002年,2003年,[],{高层},住宅：高层,住宅：70年 别墅：70年,住宅：2.09,住宅：35% 别墅：35%,住宅：3400 别墅：3400,住宅：毛坯 别墅：毛坯,,住宅,万科物业,住宅：1.44元/㎡/月,,住宅：2700 别墅：2700,,售罄,售罄,售罄,[],[],仁恒,,浙江保利房地产开发有限公司,住宅：民电,住宅：民水,30.26745,120.33991,"""""","{""70"": ""银行"", ""69"": ""学校"", ""78"": ""大户型"", ""638"": ""民办中学"", ""637"": ""公办中学"", ""636"": ""公办小学"", ""624"": ""九年一贯制"", ""598"": ""民办幼儿园"", ""597"": ""公办幼儿园"", ""54"": ""大型社区""}","[""银行"", ""学校"", ""大户型"", ""民办中学"", ""公办中学""]",https://pic4.ajkimg.com/display/xinfang/16f845b67cb8c52fab58f5945429589a/275x206n.jpg,[],下沙沿江大道(下沙20号大街与23号大街交汇处南面)
452647,雅星辰美景,杭州,18,余杭区,1808,瓶窑,4589,杭州余杭区瓶窑前程路14号,,90元/㎡,90元/㎡,首付64万，月供15436元,113-260㎡,别墅：43267m² 住宅：43267m²,别墅：86534m² 住宅：86534m²,"[{""id"": 825587, ""rooms"": 4, ""room_alias"": ""四室"", ""area"": 113}, {""id"": 822088, ""rooms"": 4, ""room_alias"": ""四室"", ""area"": 114}, {""id"": 838161, ""rooms"": 4, ""room_alias"": ""四室"", ""area"": 117}, {""id"": 838160, ""rooms"": 4, ""room_alias"": ""四室"", ""area"": 118}, {""id"": 838162, ""rooms"": 4, ""room_alias"": ""四室"", ""area"": 122}, {""id"": 825607, ""rooms"": 4, ""room_alias"": ""四室"", ""area"": 139}, {""id"": 835556, ""rooms"": 5, ""room_alias"": ""五室"", ""area"": 243}, {""id"": 835554, ""rooms"": 6, ""room_alias"": ""六室"", ""area"": 260}]",4室、别墅,"4室户型,别墅户型",2002-10-07,2025年09月29日,2002年,2003年,"[""2025-09-22"", ""2024-12-03"", ""2024-02-08"", ""2024-11-08"", ""2023-11-27"", ""2024-08-20"", ""2024-04-12"", ""2024-03-07""]",{联排别墅},别墅：联排别墅,别墅：70年 住宅：70年,住宅：2,别墅：35% 住宅：35%,别墅：544 住宅：544,别墅：带装修 住宅：带装修,在建中，竣工时间：暂无数据,别墅,保利物业,,,,,售罄,售罄,售罄,"[""余杭房预许字(2025)第00426号"", ""余杭房预许字(2024)第00540号"", ""余杭房预许字（2024）第00036号"", ""余杭房预许字（2024）第00499号"", ""余杭房预许字(2023)第00684号"", ""余杭房预许字(2024)第00362号"", ""余杭房预许字(2024)第00124号"", ""余杭房预许字(2024)第00052号""]","[""3#、6#、11#"", ""10#、7#、2#"", ""9#"", ""18#"", ""16#、1#"", ""13#、14#"", ""12#、17#"", ""4#、5#""]",正荣,华元房产,,别墅：民电,别墅：民水,30.356462,119.995686,"""""","{""81"": ""大阳台"", ""29"": ""装修交付"", ""76"": ""厨卫全明"", ""74"": ""南北通透"", ""7"": ""项目在建"", ""276"": ""一房一价"", ""70"": ""银行"", ""69"": ""学校"", ""64"": ""购物中心"", ""78"": ""大户型"", ""402"": ""玄关入户"", ""401"": ""户型方正"", ""85"": ""主卧套房"", ""83"": ""双阳台"", ""636"": ""公办小学"", ""603"": ""二级园"", ""598"": ""民办幼儿园"", ""597"": ""公办幼儿园"", ""541"": ""3D沙盘"", ""540"": ""日照模拟"", ""421"": ""无需摇号"", ""263"": ""VR看房"", ""50"": ""品牌开发商""}","[""大阳台"", ""装修交付"", ""厨卫全明"", ""南北通透"", ""项目在建""]",https://pic4.ajkimg.com/display/xinfang/d6f827c332b8ce07be3cbfe6bc64a344/275x206n.jpg,[],余杭区瓶窑街道观山路与紫塍路交叉口
5095868,慈岩美好华庭,杭州,18,建德市,17457,建德,17458,杭州建德市建德大慈岩镇慈岩印象新城,,,,,,38385m²,85560.75m²,[],,,2002-05-27,2016年08月16日,2002年,2003年,"[""2015-01-17"", ""2015-02-09"", ""2015-07-13"", ""2016-08-16""]",{},,70年,0.9,30%,464,毛坯,,商业,雅生活服务,,,460,1:1,售罄,售罄,售罄,"[""建售许字(2014)第038号更1"", ""建售许字(2015)第004号"", ""建售许字(2015)第014号"", ""建售许字(2016)第017号""]","[""15#楼、16#"", ""13#、14#"", ""1#、11#、12#、17#、5#"", ""6#、7#、8#、9#、10#""]",美的置业,,建德中磐新城镇建设有限公司,商电,商水,29.290148,119.30431,"""""","{""559"": ""现房""}","[""现房""]",https://pic4.ajkimg.com/display/xinfang/a85a8710e32cb47d6cc92f118333adc5/275x206n.jpg,[],建德市大慈岩镇政府南侧
4799873,中乐居舍,杭州,18,淳安县,17455,淳安,17456,杭州淳安县淳安阳光路,,,,,90-100㎡,90320m²,127600m²,"[{""id"": 87732, ""rooms"": 1, ""room_alias"": ""一室"", ""area"": 90}, {""id"": 87734, ""rooms"": 2, ""room_alias"": ""二室"", ""area"": 100}]",1/2室,"1室户型,2室户型",2002-06-21,,2002年,2003年,[],高层,多层、小高层、高层,70年,1.41,44%,1000,毛坯,,住宅,绿城服务,0.3~0.3元/㎡/月,,607,,售罄,售罄,售罄,"[""2008-10"", ""2008-05""]",[],龙湖,,杭州居易房地产开发有限公司,民电,民水,29.630099,119.041641,"""""","{""53"": ""高绿化率"", ""52"": ""低容积"", ""72"": ""配套纯熟"", ""70"": ""银行"", ""69"": ""学校"", ""68"": ""医院"", ""66"": ""公园"", ""65"": ""商业街"", ""64"": ""购物中心""}","[""高绿化率"", ""低容积"", ""配套纯熟"", ""银行"", ""学校""]",https://pic4.ajkimg.com/display/xinfang/75ab5a42664ec08afe1f8e57d9a1dad9/275x206n.jpg,[],千岛湖镇新安大街107号
1710693,紫阅银河舍,杭州,18,西湖区,1804,三墩,1876,杭州西湖区三墩振中路和紫金港北路交叉口,,7762元/㎡,7762元/㎡,首付60万，月供14607元,110-139㎡,24502m²,53904m²,"[{""id"": 764210, ""rooms"": 3, ""room_alias"": ""三室"", ""area"": 110}, {""id"": 764208, ""rooms"": 3, ""room_alias"": ""三室"", ""area"": 112}, {""id"": 764209, ""rooms"": 3, ""room_alias"": ""三室"", ""area"": 112}, {""id"": 764211, ""rooms"": 4, ""room_alias"": ""四室"", ""area"": 128}, {""id"": 774232, ""rooms"": 4, ""room_alias"": ""四室"", ""area"": 139}]",3/4室,"3室户型,4室户型",2002-03-12,2022年10月01日,2002年,2003年,"[""2022-09-21"", ""2022-08-24"", ""2022-06-29""]",别墅,高层,70年,2.2,35%,420,带装修,在建中，竣工时间：2025-06-29,住宅,金地智慧服务,3.25元/㎡/月,,,,售罄,售罄,售罄,"[""杭售许字(2022)第000091号"", ""杭售许字(2022)第000074号"", ""杭售许字(2022)第000051号""]","[""5#、8#"", ""6#、7#"", ""1#、2#、3#、4#""]",华侨城,中天控股,杭州嘉颂房地产开发有限公司,民电,民水,30.339995,120.069661,"{""service_num"": ""4006708287"", ""num"": """"}","{""559"": ""现房"", ""81"": ""大阳台"", ""29"": ""装修交付"", ""76"": ""厨卫全明"", ""74"": ""南北通透"", ""7"": ""项目在建"", ""69"": ""学校"", ""65"": ""商业街"", ""64"": ""购物中心"", ""78"": ""大户型"", ""402"": ""玄关入户"", ""401"": ""户型方正"", ""397"": ""动静分离"", ""85"": ""主卧套房"", ""83"": ""双阳台"", ""637"": ""公办中学"", ""636"": ""公办小学"", ""624"": ""九年一贯制"", ""606"": ""省一级园"", ""603"": ""二级园"", ""598"": ""民办幼儿园"", ""597"": ""公办幼儿园"", ""541"": ""3D沙盘"", ""540"": ""日照模拟"", ""263"": ""VR看房"", ""50"": ""品牌开发商""}","[""现房"", ""大阳台"", ""装修交付"", ""厨卫全明"", ""南北通透""]",https://pic4.ajkimg.com/display/xinfang/bb09c90fd232a7b05dcdf3b836f069be/275x206n.jpg,[],振中路和紫金港北路交叉口
9162845,凤林,杭州,18,滨江区,1806,浦沿,1914,杭州滨江区浦沿浦炬街与浦沿路交叉路口往东北约240米,,6963元/㎡,6963元/㎡,首付42万，月供10243元,105-169㎡,53109m²,159327m²,"[{""id"": 874663, ""rooms"": 3, ""room_alias"": ""三室"", ""area"": 105}, {""id"": 874665, ""rooms"": 3, ""room_alias"": ""三室"", ""area"": 109}, {""id"": 874664, ""rooms"": 3, ""room_alias"": ""三室"", ""area"": 110}, {""id"": 874666, ""rooms"": 4, ""room_alias"": ""四室"", ""area"": 125}, {""id"": 874667, ""rooms"": 4, ""room_alias"": ""四室"", ""area"": 139}, {""id"": 874668, ""rooms"": 4, ""room_alias"": ""四室"", ""area"": 139}, {""id"": 874669, ""rooms"": 4, ""room_alias"": ""四室"", ""area"": 169}]",3/4室,"3室户型,4室户型",2002-01-23,2026年03月18日,2002年,2003年,"[""2026-03-12"", ""2026-02-13"", ""2025-12-12"", ""2025-11-19"", ""2025-10-28"", ""2025-09-17"", ""2025-09-03"", ""2025-08-12""]",{高层},高层,70年,3,35%,852,带装修,在建中，竣工时间：2026-12-31,住宅,中海物业,4.4元/㎡/月,,,,售罄,售罄,售罄,"[""杭房预许字（2026）第00145号"", ""杭房预许字（2026）第00094号"", ""杭房预许字（2025）第00625号"", ""杭房预许字（2025）第00555号"", ""杭房预许字（2025）第00483号"", ""杭房预许字（2025）第00411号"", ""杭房预许字（2025）第00375号"", ""杭房预许字（2025）第00340号""]","[""9#"", ""10#"", ""2#、4#、11#"", ""12#"", ""17#、3#"", ""18#、13#"", ""14#"", ""8#、1#""]",仁恒,绿城集团,英冠 绿城,民电,民水,30.147973,120.168117,"{""service_num"": ""4006708287"", ""num"": ""32536""}","{""129"": ""自带商业"", ""57"": ""人车分流"", ""29"": ""装修交付"", ""399"": ""园林景观"", ""76"": ""厨卫全明"", ""74"": ""南北通透"", ""73"": ""卧室全朝南"", ""7"": ""项目在建"", ""276"": ""一房一价"", ""72"": ""配套纯熟"", ""70"": ""银行"", ""69"": ""学校"", ""68"": ""医院"", ""66"": ""公园"", ""65"": ""商业街"", ""64"": ""购物中心"", ""78"": ""大户型"", ""402"": ""玄关入户"", ""401"": ""户型方正"", ""397"": ""动静分离"", ""85"": ""主卧套房"", ""92"": ""热搜盘"", ""91"": ""热评楼盘"", ""90"": ""人气楼盘"", ""638"": ""民办中学"", ""637"": ""公办中学"", ""636"": ""公办小学"", ""624"": ""九年一贯制"", ""606"": ""省一级园"", ""598"": ""民办幼儿园"", ""597"": ""公办幼儿园"", ""541"": ""3D沙盘"", ""540"": ""日照模拟"", ""421"": ""无需摇号"", ""263"": ""VR看房"", ""98"": ""改善置业"", ""50"": ""品牌开发商""}","[""自带商业"", ""人车分流"", ""装修交付"", ""园林景观"", ""厨卫全明""]",https://pic4.ajkimg.com/display/xinfang/6b163f8362621cfe8729a8c04e9a130e/275x206n.jpg,[],滨江区浦炬街与浦沿路交叉路口往东北约240米
5060985,悦红树湾,杭州,18,余杭区,1808,仓前,5146,杭州余杭区仓前东至创远路、南至中心一路、西至创景路、北至海曙路,,,,,96-131㎡,47670m²,451448m²,"[{""id"": 153376, ""rooms"": 3, ""room_alias"": ""三室"", ""area"": 96}, {""id"": 153378, ""rooms"": 3, ""room_alias"": ""三室"", ""area"": 122}, {""id"": 153373, ""rooms"": 3, ""room_alias"": ""三室"", ""area"": 131}]",3室,3室户型,2002-08-09,,2002年,2003年,"[""2016-01-22"", ""2015-09-24"", ""2018-08-20"", ""2017-11-12""]",{超高层},超高层,70年,7.18,10%,1145,毛坯,,住宅,旭辉永升,1.68元/㎡/月,,2030,1:2.5,售罄,售罄,售罄,"[""余售许字(2016)第00012号"", ""余售许字(2015)第00159号"", ""余售许字（2018）第00571号"", ""余售许字（2017）第00548号""]",[],保利,,,民电,民水,30.285962,120.010796,"""""","{""56"": ""车位充足"", ""9"": ""轨交房"", ""10"": ""多轨交"", ""66"": ""公园"", ""78"": ""大户型"", ""637"": ""公办中学"", ""636"": ""公办小学"", ""624"": ""九年一贯制"", ""603"": ""二级园"", ""598"": ""民办幼儿园"", ""597"": ""公办幼儿园""}","[""车位充足"", ""轨交房"", ""多轨交"", ""公园"", ""大户型""]",https://pic4.ajkimg.com/display/xinfang/ca527eaf92a91a40c2f4ece86777403d/275x206n.jpg,"[{""id"": ""7211827"", ""loupan_id"": ""400848"", ""station_id"": ""4826"", ""subway_id"": ""142"", ""city_id"": ""18"", ""distance"": ""573米"", ""status"": ""1"", ""last_update_time"": ""1774211230"", ""is_rail_loupan"": ""1"", ""subway_name"": ""5号线"", ""station_name"": ""创景路"", ""distance_raw"": ""573""}, {""id"": ""7213522"", ""loupan_id"": ""400848"", ""station_id"": ""120599"", ""subway_id"": ""12046"", ""city_id"": ""18"", ""distance"": ""766米"", ""status"": ""1"", ""last_update_time"": ""1774211228"", ""is_rail_loupan"": ""1"", ""subway_name"": ""19号线"", ""station_name"": ""创景路站"", ""distance_raw"": ""766""}, {""id"": ""7214081"", ""loupan_id"": ""400848"", ""station_id"": ""10694"", ""subway_id"": ""142"", ""city_id"": ""18"", ""distance"": ""1242米"", ""status"": ""1"", ""last_update_time"": ""1774211232"", ""is_rail_loupan"": ""1"", ""subway_name"": ""5号线"", ""station_name"": ""葛巷"", ""distance_raw"": ""1242""}]",文一西路与创景路交叉口未来科技城中央公园内
8226556,君尚翠竹里,杭州,18,滨江区,1806,中兴,1913,杭州滨江区中兴滨盛路(滨盛路与通江路口交界口),,,,,60-105㎡,6691m²,46179m²,"[{""id"": 28576, ""rooms"": 2, ""room_alias"": ""二室"", ""area"": 60}, {""id"": 28583, ""rooms"": 3, ""room_alias"": ""三室"", ""area"": 105}]",2/3室,"2室户型,3室户型",2002-03-26,,2002年,2003年,[],{超高层},超高层,,5,30%,540,带装修,,住宅,绿城服务,4.8元/㎡/月,,206,,售罄,售罄,售罄,[],[],华侨城,,杭州华图置业有限公司,民电,民水,30.219514,120.215606,"{""service_num"": ""4006708287"", ""num"": """"}","{""57"": ""人车分流"", ""29"": ""装修交付"", ""9"": ""轨交房"", ""10"": ""多轨交"", ""72"": ""配套纯熟"", ""71"": ""便利店"", ""70"": ""银行"", ""69"": ""学校"", ""68"": ""医院"", ""67"": ""生态绿地"", ""66"": ""公园"", ""65"": ""商业街"", ""64"": ""购物中心"", ""79"": ""小户型"", ""637"": ""公办中学"", ""636"": ""公办小学"", ""635"": ""民办小学"", ""624"": ""九年一贯制"", ""606"": ""省一级园"", ""598"": ""民办幼儿园"", ""597"": ""公办幼儿园""}","[""人车分流"", ""装修交付"", ""轨交房"", ""多轨交"", ""配套纯熟""]",https://pic4.ajkimg.com/display/xinfang/e69f29a626e74f6f9358acc59f66bad2/275x206n.jpg,"[{""id"": ""7254514"", ""loupan_id"": ""238748"", ""station_id"": ""120852"", ""subway_id"": ""143"", ""city_id"": ""18"", ""distance"": ""945米"", ""status"": ""1"", ""last_update_time"": ""1774211228"", ""is_rail_loupan"": ""1"", ""subway_name"": ""6号线"", ""station_name"": ""江汉路站"", ""distance_raw"": ""945""}, {""id"": ""7266711"", ""loupan_id"": ""238748"", ""station_id"": ""122157"", ""subway_id"": ""12111"", ""city_id"": ""18"", ""distance"": ""976米"", ""status"": ""1"", ""last_update_time"": ""1774211226"", ""is_rail_loupan"": ""1"", ""subway_name"": ""18号线"", ""station_name"": ""江汉路站"", ""distance_raw"": ""976""}, {""id"": ""7254516"", ""loupan_id"": ""238748"", ""station_id"": ""120853"", ""subway_id"": ""143"", ""city_id"": ""18"", ""distance"": ""1447米"", ""status"": ""1"", ""last_update_time"": ""1774211228"", ""is_rail_loupan"": ""1"", ""subway_name"": ""6号线"", ""station_name"": ""长河站"", ""distance_raw"": ""1447""}]","滨盛路1631号(滨盛路和江汉路交叉口,招商银行东面)"
2715631,御园二期,杭州,18,钱塘区,20267,江东新城,20272,杭州钱塘区江东新城义蓬街道义蓬中路501号,,,,,45-46㎡,32313.33m²,88033m²,"[{""id"": 468785, ""rooms"": 1, ""room_alias"": ""一室"", ""area"": 45}, {""id"": 366340, ""rooms"": 1, ""room_alias"": ""一室"", ""area"": 46}]",1室,商业户型,2002-10-23,,2002年,2003年,[],{高层},高层,40年,2.5,25%,490,带装修,,商业,世茂服务,2.8元/㎡/月,,960,1:1.9,售罄,售罄,售罄,"[""萧售许字（2012）第031号""]",[],正荣,,,商电,商水,30.266062,120.485609,"{""service_num"": ""4006708287"", ""num"": """"}","{""77"": ""复式"", ""56"": ""车位充足"", ""29"": ""装修交付"", ""9"": ""轨交房"", ""72"": ""配套纯熟"", ""71"": ""便利店"", ""70"": ""银行"", ""65"": ""商业街"", ""64"": ""购物中心"", ""86"": ""全景飘窗"", ""85"": ""主卧套房"", ""204"": ""产业园区""}","[""复式"", ""车位充足"", ""装修交付"", ""轨交房"", ""配套纯熟""]",https://pic4.ajkimg.com/display/xinfang/88e9c4f8de58b77292c07651636a40d4/275x206n.jpg,"[{""id"": ""7212998"", ""loupan_id"": ""440708"", ""station_id"": ""10932"", ""subway_id"": ""1043"", ""city_id"": ""18"", ""distance"": ""434米"", ""status"": ""1"", ""last_update_time"": ""1774211231"", ""is_rail_loupan"": ""1"", ""subway_name"": ""7号线"", ""station_name"": ""义蓬"", ""distance_raw"": ""434""}]",杭州萧山义蓬中路义蓬购物中心北侧
1286673,锦西岸岸,杭州,18,临平区,24198,临平老城区,24204,杭州临平区临平老城区南苑街道迎宾路/临东路交界,,,,,,80490m²,397097m²,[],,,2002-06-25,,2002年,2003年,[],{},,40年,,,822,毛坯,,标准写字楼,万科物业,1.68元/㎡/月,,1138,,售罄,售罄,售罄,[],[],象屿,,崇邦集团,商电,商水,30.412022,120.310165,"""""","{""9"": ""轨交房"", ""70"": ""银行""}","[""轨交房"", ""银行""]",https://pic4.ajkimg.com/display/xinfang/53b217906faf7c29918b783226a6cbd0/275x206n.jpg,"[{""id"": ""7253693"", ""loupan_id"": ""424676"", ""station_id"": ""120830"", ""subway_id"": ""12055"", ""city_id"": ""18"", ""distance"": ""307米"", ""status"": ""1"", ""last_update_time"": ""1774211230"", ""is_rail_loupan"": ""1"", ""subway_name"": ""9号线"", ""station_name"": ""南苑站"", ""distance_raw"": ""307""}]",杭州市临平区南苑街道迎宾路/临东路交界
4423564,欣盛桃源堂,杭州,18,西湖区,1804,文教,5131,杭州西湖区文教益乐路（南邻万家花城，北依方家北路，东靠规划化工路）,,,,,63-318㎡,113776m²,295817m²,"[{""id"": 36911, ""rooms"": 1, ""room_alias"": ""一室"", ""area"": 63}, {""id"": 96060, ""rooms"": 1, ""room_alias"": ""一室"", ""area"": 63}, {""id"": 96061, ""rooms"": 1, ""room_alias"": ""一室"", ""area"": 65}, {""id"": 62748, ""rooms"": 1, ""room_alias"": ""一室"", ""area"": 73}, {""id"": 62751, ""rooms"": 2, ""room_alias"": ""二室"", ""area"": 87}, {""id"": 62752, ""rooms"": 2, ""room_alias"": ""二室"", ""area"": 89}, {""id"": 62749, ""rooms"": 3, ""room_alias"": ""三室"", ""area"": 87}, {""id"": 36897, ""rooms"": 3, ""room_alias"": ""三室"", ""area"": 89}, {""id"": 36899, ""rooms"": 3, ""room_alias"": ""三室"", ""area"": 89}, {""id"": 28741, ""rooms"": 3, ""room_alias"": ""三室"", ""area"": 139}, {""id"": 96059, ""rooms"": 3, ""room_alias"": ""三室"", ""area"": 168}, {""id"": 96057, ""rooms"": 4, ""room_alias"": ""四室"", ""area"": 177}, {""id"": 96055, ""rooms"": 4, ""room_alias"": ""四室"", ""area"": 195}, {""id"": 28742, ""rooms"": 4, ""room_alias"": ""四室"", ""area"": 200}, {""id"": 96056, ""rooms"": 4, ""room_alias"": ""四室"", ""area"": 200}, {""id"": 95155, ""rooms"": 4, ""room_alias"": ""四室"", ""area"": 231}, {""id"": 96062, ""rooms"": 5, ""room_alias"": ""五室"", ""area"": 318}]",1/2/3/4/5室,"1室户型,2室户型,3室户型,4室户型,5室户型",2002-10-01,,2002年,2003年,[],{高层},高层,70年,2.6,30%,1947,毛坯,,住宅,招商积余,3元/㎡/月,,1360,1:0.85,售罄,售罄,售罄,"[""杭售许字(2013)第000101号"", ""杭售许字(2012)第0142号"", ""杭售许字(2012)第0064号"", ""杭售许字(2012)第0045号"", ""杭售许字(2011)第0102号""]",[],阳光城,,杭州欣盛房地产开发有限公司,民电,民水,30.325122,120.110045,"{""service_num"": ""4006708287"", ""num"": """"}","{""9"": ""轨交房"", ""10"": ""多轨交"", ""72"": ""配套纯熟"", ""71"": ""便利店"", ""70"": ""银行"", ""69"": ""学校"", ""68"": ""医院"", ""66"": ""公园"", ""65"": ""商业街"", ""64"": ""购物中心"", ""79"": ""小户型"", ""78"": ""大户型"", ""638"": ""民办中学"", ""637"": ""公办中学"", ""636"": ""公办小学"", ""635"": ""民办小学"", ""624"": ""九年一贯制"", ""606"": ""省一级园"", ""598"": ""民办幼儿园"", ""597"": ""公办幼儿园"", ""54"": ""大型社区""}","[""轨交房"", ""多轨交"", ""配套纯熟"", ""便利店"", ""银行""]",https://pic4.ajkimg.com/display/xinfang/d38fe3394eec73b49495dbb2ca7a9ddd/275x206n.jpg,"[{""id"": ""7212371"", ""loupan_id"": ""238604"", ""station_id"": ""4834"", ""subway_id"": ""142"", ""city_id"": ""18"", ""distance"": ""584米"", ""status"": ""1"", ""last_update_time"": ""1774211227"", ""is_rail_loupan"": ""1"", ""subway_name"": ""5号线"", ""station_name"": ""萍水街"", ""distance_raw"": ""584""}, {""id"": ""7212370"", ""loupan_id"": ""238604"", ""station_id"": ""4835"", ""subway_id"": ""142"", ""city_id"": ""18"", ""distance"": ""986米"", ""status"": ""1"", ""last_update_time"": ""1774211227"", ""is_rail_loupan"": ""1"", ""subway_name"": ""5号线"", ""station_name"": ""和睦"", ""distance_raw"": ""986""}, {""id"": ""7214708"", ""loupan_id"": ""238604"", ""station_id"": ""120461"", ""subway_id"": ""12038"", ""city_id"": ""18"", ""distance"": ""1288米"", ""status"": ""1"", ""last_update_time"": ""1774211232"", ""is_rail_loupan"": ""1"", ""subway_name"": ""10号线"", ""station_name"": ""和睦"", ""distance_raw"": ""1288""}]",益乐路（益乐路和水月街路口）
3713854,世府B区,杭州,18,萧山区,1807,钱江世纪城,5137,杭州萧山区钱江世纪城地铁2号线振宁路A出口向东约100米,,9070元/㎡,9070元/㎡,首付63万，月供15184元,98-126㎡,13613m²,58000m²,"[{""id"": 797538, ""rooms"": 3, ""room_alias"": ""三室"", ""area"": 98}, {""id"": 797539, ""rooms"": 3, ""room_alias"": ""三室"", ""area"": 98}, {""id"": 797540, ""rooms"": 3, ""room_alias"": ""三室"", ""area"": 98}, {""id"": 797541, ""rooms"": 3, ""room_alias"": ""三室"", ""area"": 110}, {""id"": 797543, ""rooms"": 4, ""room_alias"": ""四室"", ""area"": 115}, {""id"": 797545, ""rooms"": 4, ""room_alias"": ""四室"", ""area"": 126}]",3/4室,"3室户型,4室户型",2002-10-26,2023年06月17日,2002年,2003年,"[""2023-06-07"", ""2023-05-12""]",{高层},高层,70年,3,35%,347,带装修,在建中，竣工时间：2025-06-30,住宅,中海物业,3.8元/㎡/月,,375,1:1.03,售罄,售罄,售罄,"[""萧售许字(2023)第ZJ00312号"", ""萧售许字(2023)第ZJ00261号""]","[""3#、4#"", ""2#、1#""]",佳兆业,滨江集团,,民电,民水,30.230666,120.291157,"""""","{""56"": ""车位充足"", ""29"": ""装修交付"", ""9"": ""轨交房"", ""76"": ""厨卫全明"", ""74"": ""南北通透"", ""73"": ""卧室全朝南"", ""7"": ""项目在建"", ""72"": ""配套纯熟"", ""71"": ""便利店"", ""70"": ""银行"", ""69"": ""学校"", ""68"": ""医院"", ""67"": ""生态绿地"", ""66"": ""公园"", ""65"": ""商业街"", ""78"": ""大户型"", ""402"": ""玄关入户"", ""401"": ""户型方正"", ""397"": ""动静分离"", ""85"": ""主卧套房"", ""637"": ""公办中学"", ""636"": ""公办小学"", ""598"": ""民办幼儿园"", ""597"": ""公办幼儿园"", ""541"": ""3D沙盘"", ""540"": ""日照模拟"", ""263"": ""VR看房"", ""50"": ""品牌开发商""}","[""车位充足"", ""装修交付"", ""轨交房"", ""厨卫全明"", ""南北通透""]",https://pic4.ajkimg.com/display/xinfang/a2e42ddceef4730645b298347624ff67/275x206n.jpg,"[{""id"": ""7195814"", ""loupan_id"": ""518451"", ""station_id"": ""2655"", ""subway_id"": ""41"", ""city_id"": ""18"", ""distance"": ""522米"", ""status"": ""1"", ""last_update_time"": ""1774211232"", ""is_rail_loupan"": ""1"", ""subway_name"": ""2号线"", ""station_name"": ""振宁路"", ""distance_raw"": ""522""}]",杭州市萧山区地铁2号线振宁路A出口（麦当劳旁）
1061996,碧碧水榭,杭州,18,钱塘区,20267,沿江,20269,杭州钱塘区沿江24号大街669号,,,,,84-272㎡,77212m²,189280m²,"[{""id"": 15129, ""rooms"": 1, ""room_alias"": ""一室"", ""area"": 84}, {""id"": 15132, ""rooms"": 1, ""room_alias"": ""一室"", ""area"": 85}, {""id"": 15130, ""rooms"": 1, ""room_alias"": ""一室"", ""area"": 86}, {""id"": 15131, ""rooms"": 1, ""room_alias"": ""一室"", ""area"": 86}, {""id"": 20941, ""rooms"": 2, ""room_alias"": ""二室"", ""area"": 138}, {""id"": 20945, ""rooms"": 2, ""room_alias"": ""二室"", ""area"": 138}, {""id"": 31794, ""rooms"": 3, ""room_alias"": ""三室"", ""area"": 88}, {""id"": 31795, ""rooms"": 3, ""room_alias"": ""三室"", ""area"": 88}, {""id"": 31796, ""rooms"": 3, ""room_alias"": ""三室"", ""area"": 93}, {""id"": 31797, ""rooms"": 3, ""room_alias"": ""三室"", ""area"": 93}, {""id"": 31798, ""rooms"": 4, ""room_alias"": ""四室"", ""area"": 100}, {""id"": 198904, ""rooms"": 4, ""room_alias"": ""四室"", ""area"": 233}, {""id"": 198906, ""rooms"": 4, ""room_alias"": ""四室"", ""area"": 233}, {""id"": 244808, ""rooms"": 4, ""room_alias"": ""四室"", ""area"": 272}]",1/2/3/4室,"1室户型,2室户型,3室户型,4室户型",2002-11-23,,2002年,2003年,[],{高层},高层,40年,2.4,30%,5000,毛坯,,商业,世茂服务,1.44元/㎡/月,,5000,1:1,售罄,售罄,售罄,"[""杭售许字(2009)第3006号"", ""杭售许字(2009)第3008号"", ""杭售许字(2009)第3007号"", ""杭售许字(2009)第3010号"", ""杭售许字(2009)第3018号"", ""杭售许字(2009)第3024号"", ""杭售许字(2010)第3004号"", ""杭售许字(2010)第3021号"", ""杭售许字(2010)第3022号"", ""杭售许字(2010)第3028号"", ""杭售许字(2010)第3031号"", ""杭售许字(2011)第3003号"", ""杭售许字(2011)第3008号"", ""杭售许字(2011)第3018号"", ""杭售许字(2011)第3020号"", ""杭售许字(2011)第3027号"", ""杭售许字(2011)第3033号"", ""杭售许字(2012)第3003号"", ""杭售许字(2012)第3004号"", ""杭售许字(2012)第3005号"", ""杭售许字(2012)第3030号"", ""杭售许字(2012)第3037号"", ""杭售许字(2014)第003009号"", ""杭售许字(2014)第003025号""]",[],滨江集团,,北京金隅股份有限公司,商电,商水,30.262734,120.356581,"""""","{""31"": ""大平层"", ""72"": ""配套纯熟"", ""71"": ""便利店"", ""70"": ""银行"", ""68"": ""医院"", ""66"": ""公园"", ""65"": ""商业街"", ""64"": ""购物中心"", ""78"": ""大户型"", ""54"": ""大型社区""}","[""大平层"", ""配套纯熟"", ""便利店"", ""银行"", ""医院""]",https://pic4.ajkimg.com/display/xinfang/72101d2f08b4cb10ed799f8083e5c777/275x206n.jpg,[],杭州下沙沿江大道以北，19号路以东
963116,莪山时代岸,杭州,18,桐庐县,17459,桐庐,17460,杭州桐庐县桐庐莪山畲族乡铜钟路1号,,,,,30㎡,住宅：9715m² 别墅：9715m²,住宅：10074m² 别墅：10074m²,"[{""id"": 309910, ""rooms"": 5, ""room_alias"": ""五室"", ""area"": 30}]",别墅,别墅户型,2002-06-19,,2002年,2003年,[],"{独栋别墅,双拼别墅}",别墅：独栋别墅、双拼别墅,住宅：70年 别墅：70年,别墅：2,住宅：30% 别墅：30%,,"住宅：毛坯,带装修 别墅：毛坯,带装修",,住宅,金地智慧服务,,,,,售罄,售罄,售罄,"[""桐售许字（2014）第040号""]",[],中南,,,住宅：民电,住宅：民水,29.806102,119.593922,"""""","{""29"": ""装修交付"", ""79"": ""小户型"", ""636"": ""公办小学""}","[""装修交付"", ""小户型"", ""公办小学""]",https://pic4.ajkimg.com/display/xinfang/9a8ea207c577bdabf01f40eb16ec74a6/275x206n.jpg,[],杭州市桐庐县莪山畲族乡铜钟路1号
7957355,世汇三期,杭州,18,钱塘区,20267,沿江,20269,杭州钱塘区沿江江潮巷与6号大街交叉口西北180米,,5442元/㎡,5442元/㎡,首付33万，月供8079元,87-165㎡,,183958m²,"[{""id"": 797319, ""rooms"": 2, ""room_alias"": ""二室"", ""area"": 87}, {""id"": 797322, ""rooms"": 2, ""room_alias"": ""二室"", ""area"": 89}, {""id"": 797318, ""rooms"": 2, ""room_alias"": ""二室"", ""area"": 90}, {""id"": 797320, ""rooms"": 2, ""room_alias"": ""二室"", ""area"": 90}, {""id"": 797323, ""rooms"": 3, ""room_alias"": ""三室"", ""area"": 137}, {""id"": 797324, ""rooms"": 3, ""room_alias"": ""三室"", ""area"": 144}, {""id"": 797325, ""rooms"": 4, ""room_alias"": ""四室"", ""area"": 165}]",2/3/4室,"2室户型,3室户型,4室户型",2002-01-02,2023年05月17日,2002年,2003年,"[""2023-03-21"", ""2023-02-20"", ""2022-11-11""]",{高层},高层,70年,,,1288,毛坯,,住宅,新城悦服务,2.8元/㎡/月,,,,售罄,售罄,售罄,"[""杭现售字(2023)第3039002号"", ""杭现售字(2023)第3039001号"", ""杭现售字(2022)第3039001号""]","[""8#、10#"", ""3#、6#"", ""1#、2#、4#、5#、9#""]",美的置业,,,民电,民水,30.299206,120.379337,"""""","{""9"": ""轨交房"", ""76"": ""厨卫全明"", ""74"": ""南北通透"", ""73"": ""卧室全朝南"", ""72"": ""配套纯熟"", ""71"": ""便利店"", ""70"": ""银行"", ""69"": ""学校"", ""68"": ""医院"", ""66"": ""公园"", ""65"": ""商业街"", ""64"": ""购物中心"", ""78"": ""大户型"", ""402"": ""玄关入户"", ""401"": ""户型方正"", ""397"": ""动静分离"", ""85"": ""主卧套房"", ""83"": ""双阳台"", ""637"": ""公办中学"", ""636"": ""公办小学"", ""635"": ""民办小学"", ""624"": ""九年一贯制"", ""598"": ""民办幼儿园"", ""597"": ""公办幼儿园"", ""281"": ""共有产权房"", ""263"": ""VR看房""}","[""轨交房"", ""厨卫全明"", ""南北通透"", ""卧室全朝南"", ""配套纯熟""]",https://pic4.ajkimg.com/display/xinfang/770fc6b44bda0f77fd16c6bd2fee5976/275x206n.jpg,"[{""id"": ""7241651"", ""loupan_id"": ""518927"", ""station_id"": ""2643"", ""subway_id"": ""40"", ""city_id"": ""18"", ""distance"": ""1130米"", ""status"": ""1"", ""last_update_time"": ""1774211232"", ""is_rail_loupan"": ""1"", ""subway_name"": ""1号线"", ""station_name"": ""云水"", ""distance_raw"": ""1130""}]",钱塘区江潮巷与6号大街交叉口西北180米
6259330,悦中央堂,杭州,18,富阳区,16786,富春,25392,杭州富阳区富春巨利路和春秋北路交叉口,,4872元/㎡,4872元/㎡,首付38万，月供9197元,131-160㎡,38841m²,95298m²,"[{""id"": 816759, ""rooms"": 4, ""room_alias"": ""四室"", ""area"": 131}, {""id"": 816757, ""rooms"": 4, ""room_alias"": ""四室"", ""area"": 142}, {""id"": 816756, ""rooms"": 4, ""room_alias"": ""四室"", ""area"": 160}]",4室,4室户型,2002-07-19,2024年04月26日,2002年,2003年,"[""2023-12-22"", ""2023-09-25"", ""2023-10-16"", ""2023-11-23"", ""2024-04-18""]",超高层,小高层,70年,1.8,35%,456,毛坯,已竣工，竣工时间：2025-12-31,住宅,合景悠活,3.8元/㎡/月,,689,1:1.2,售罄,售罄,售罄,"[""富阳房预许字（2023）第00761号"", ""富阳房预许字（2023）第00552号"", ""富阳房预许字（2023）第00587号"", ""富阳房预许字（2023）第00676号"", ""富阳房预许字（2024）第00131号""]","[""6#、9#、8#、12#"", ""7#、11#"", ""4#、10#"", ""1#、3#、2#"", ""5#、13#""]",美的置业,,,民电,民水,30.076301,119.953339,"{""service_num"": ""4006708287"", ""num"": ""100872""}","{""559"": ""现房"", ""557"": ""项目竣工"", ""56"": ""车位充足"", ""52"": ""低容积"", ""9"": ""轨交房"", ""76"": ""厨卫全明"", ""74"": ""南北通透"", ""549"": ""毛坯"", ""276"": ""一房一价"", ""72"": ""配套纯熟"", ""71"": ""便利店"", ""70"": ""银行"", ""69"": ""学校"", ""68"": ""医院"", ""66"": ""公园"", ""65"": ""商业街"", ""64"": ""购物中心"", ""78"": ""大户型"", ""402"": ""玄关入户"", ""401"": ""户型方正"", ""85"": ""主卧套房"", ""83"": ""双阳台"", ""92"": ""热搜盘"", ""90"": ""人气楼盘"", ""638"": ""民办中学"", ""636"": ""公办小学"", ""624"": ""九年一贯制"", ""606"": ""省一级园"", ""603"": ""二级园"", ""602"": ""一级园"", ""598"": ""民办幼儿园"", ""597"": ""公办幼儿园"", ""541"": ""3D沙盘"", ""540"": ""日照模拟"", ""421"": ""无需摇号"", ""263"": ""VR看房"", ""213"": ""地铁沿线""}","[""现房"", ""项目竣工"", ""车位充足"", ""低容积"", ""轨交房""]",https://pic4.ajkimg.com/display/xinfang/2511cc813559355265109b4cbc70e74c/275x206n.jpg,"[{""id"": ""7254628"", ""loupan_id"": ""522342"", ""station_id"": ""120871"", ""subway_id"": ""143"", ""city_id"": ""18"", ""distance"": ""1235米"", ""status"": ""1"", ""last_update_time"": ""1774211232"", ""is_rail_loupan"": ""1"", ""subway_name"": ""6号线"", ""station_name"": ""公望街站"", ""distance_raw"": ""1235""}]",杭州富春区春秋北路666号
4591067,华景碧水家园,杭州,18,富阳区,16786,富春湾新城,25394,杭州富阳区富春湾新城春江街道蔡伦路与竹简路交叉口,,3438元/㎡,3438元/㎡,首付24万，月供5771元,98-123㎡,80966m²,394058m²,"[{""id"": 745982, ""rooms"": 3, ""room_alias"": ""三室"", ""area"": 98}, {""id"": 745983, ""rooms"": 3, ""room_alias"": ""三室"", ""area"": 105}, {""id"": 745984, ""rooms"": 3, ""room_alias"": ""三室"", ""area"": 106}, {""id"": 745985, ""rooms"": 4, ""room_alias"": ""四室"", ""area"": 118}, {""id"": 745986, ""rooms"": 4, ""room_alias"": ""四室"", ""area"": 123}]",3/4室,"3室户型,4室户型",2002-09-03,2025年03月24日,2002年,2003年,"[""2023-09-21"", ""2023-07-26"", ""2023-07-26"", ""2023-07-26"", ""2022-12-30"", ""2025-03-24"", ""2023-06-21"", ""2023-06-21"", ""2022-12-09"", ""2022-07-19"", ""2022-10-19""]",{高层},高层,70年,3.1,35%,1147,带装修,已竣工，竣工时间：2025-06-30,住宅,世茂服务,2.74元/㎡/月,,2038,1:1.8,售罄,售罄,售罄,"[""富阳房预许字(2023)第00539号"", ""富售许字（2023）第ZJ00416号"", ""富售许字（2023）第ZJ00415号"", ""富售许字（2023）第ZJ00414号"", ""富售许字（2022）第ZJ00723号"", ""富阳房预许字（2025）第00108号"", ""富售许字(2023)第ZJ00364号"", ""富售许字(2023)第ZJ00363号"", ""富售许字（2022）第ZJ00652号"", ""富售许字（2022）第ZJ00331号"", ""富售许字（2022）第ZJ00516号""]","[""15#"", ""9#"", ""10#"", ""14#"", ""6#"", ""7#、8#"", ""13#"", ""12#"", ""11#"", ""1#、4#"", ""2#""]",融创,,杭州富阳景莱房地产开发有限公司,民电,民水,30.003545,119.976009,"{""service_num"": ""4006708287"", ""num"": ""45786""}","{""559"": ""现房"", ""557"": ""项目竣工"", ""81"": ""大阳台"", ""56"": ""车位充足"", ""29"": ""装修交付"", ""76"": ""厨卫全明"", ""74"": ""南北通透"", ""73"": ""卧室全朝南"", ""276"": ""一房一价"", ""5"": ""低单价"", ""4"": ""低总价"", ""72"": ""配套纯熟"", ""70"": ""银行"", ""69"": ""学校"", ""68"": ""医院"", ""66"": ""公园"", ""65"": ""商业街"", ""64"": ""购物中心"", ""78"": ""大户型"", ""404"": ""客餐厅相连"", ""402"": ""玄关入户"", ""401"": ""户型方正"", ""397"": ""动静分离"", ""85"": ""主卧套房"", ""82"": ""双卫生间"", ""638"": ""民办中学"", ""636"": ""公办小学"", ""606"": ""省一级园"", ""598"": ""民办幼儿园"", ""597"": ""公办幼儿园"", ""541"": ""3D沙盘"", ""540"": ""日照模拟"", ""263"": ""VR看房"", ""50"": ""品牌开发商""}","[""现房"", ""项目竣工"", ""大阳台"", ""车位充足"", ""装修交付""]",https://pic4.ajkimg.com/display/xinfang/2f013449c4af408207f2ea406e88fb6e/275x206n.jpg,[],杭州市富阳区春江街道蔡伦路与竹简路交叉口
3480736,碧景一期,杭州,18,临安区,16784,锦南,25402,杭州临安区锦南蟠龙路与福兴街交叉口,,3417元/㎡,3417元/㎡,首付20万，月供4905元,77-125㎡,23642m²,60591m²,"[{""id"": 628786, ""rooms"": 2, ""room_alias"": ""二室"", ""area"": 77}, {""id"": 628782, ""rooms"": 3, ""room_alias"": ""三室"", ""area"": 89}, {""id"": 628784, ""rooms"": 3, ""room_alias"": ""三室"", ""area"": 89}, {""id"": 628780, ""rooms"": 3, ""room_alias"": ""三室"", ""area"": 110}, {""id"": 628779, ""rooms"": 4, ""room_alias"": ""四室"", ""area"": 125}]",2/3/4室,"2室户型,3室户型,4室户型",2002-07-09,2021年07月18日,2002年,2003年,"[""2021-07-09"", ""2021-03-23"", ""2021-03-23"", ""2021-05-08""]","{小高层,高层}",小高层、高层,70年,1.8,35%,440,毛坯,已封顶，竣工时间：2023-06-30,住宅,世茂服务,2.4元/㎡/月,,475,1:1.07,售罄,售罄,售罄,"[""临售许字（2021）第ZJ02039号"", ""临售许字（2021）第ZJ00249号"", ""临售许字（2021）第ZJ00246号"", ""临售许字（2021）第ZJ00435号""]","[""5#、6#、7#"", ""3#"", ""1#"", ""2#、4#""]",美的置业,东投集团,杭州铭伦实业有限公司,民电,民水,30.215479,119.70467,"""""","{""56"": ""车位充足"", ""52"": ""低容积"", ""8"": ""项目封顶"", ""76"": ""厨卫全明"", ""74"": ""南北通透"", ""73"": ""卧室全朝南"", ""78"": ""大户型"", ""404"": ""客餐厅相连"", ""403"": ""私密性好"", ""402"": ""玄关入户"", ""401"": ""户型方正"", ""397"": ""动静分离"", ""85"": ""主卧套房"", ""82"": ""双卫生间"", ""637"": ""公办中学"", ""636"": ""公办小学"", ""635"": ""民办小学"", ""598"": ""民办幼儿园"", ""597"": ""公办幼儿园"", ""541"": ""3D沙盘"", ""97"": ""刚需直选"", ""50"": ""品牌开发商""}","[""车位充足"", ""低容积"", ""项目封顶"", ""厨卫全明"", ""南北通透""]",https://pic4.ajkimg.com/display/xinfang/293d45a094bcae15e102814caf0ee34e/275x206n.jpg,[],杭州市临安区锦天路与福兴街交叉口（往西100米）
2735700,银世纪公寓,杭州,18,临安区,16784,滨湖新城,25398,杭州临安区滨湖新城钱王街与钱锦大道交汇处,,3911元/㎡,3911元/㎡,首付26万，月供6420元,96-140㎡,住宅：44374m² 别墅：44374m²,住宅：86398.8m² 别墅：86398.8m²,"[{""id"": 506521, ""rooms"": 3, ""room_alias"": ""三室"", ""area"": 96}, {""id"": 506523, ""rooms"": 4, ""room_alias"": ""四室"", ""area"": 118}, {""id"": 506524, ""rooms"": 4, ""room_alias"": ""四室"", ""area"": 140}]",3/4室、别墅,"3室户型,4室户型,别墅户型",2002-01-07,2021年11月08日,2002年,2003年,"[""2021-10-29"", ""2021-09-09"", ""2021-08-06"", ""2021-06-09"", ""2020-03-13"", ""2020-03-13"", ""2020-03-13"", ""2020-03-13"", ""2021-04-25"", ""2020-09-16"", ""2020-08-31"", ""2020-08-31"", ""2020-06-27"", ""2020-06-27"", ""2020-04-27"", ""2020-04-27"", ""2019-12-13"", ""2019-12-13"", ""2019-11-29"", ""2019-11-29""]",洋房,住宅：花园洋房 别墅：联排别墅,住宅：70年 别墅：70年,住宅：1.2 别墅：1.2,住宅：30% 别墅：30%,住宅：490 别墅：490,住宅：毛坯 别墅：毛坯,已竣工，竣工时间：2022-12-31,住宅,雅生活服务,住宅：2.5元/㎡/月 别墅：2.5元/㎡/月,,住宅：602 别墅：602,住宅：1:1.2 别墅：1:1.2,售罄,售罄,售罄,"[""临售许字（2021）第ZJ02369号"", ""临售许字（2021）第ZJ02217号"", ""临售许字（2021）第ZJ02101号"", ""临售许字（2021）第ZJ01953号"", ""临售许字（2020）第00095号"", ""临售许字（2020）第00096号"", ""临售许字（2020）第00097号"", ""临售许字（2020）第00098号"", ""临售许字（2021）第ZJ00400号"", ""临售许字（2020）第01233号"", ""临售许字（2020）第01140号"", ""临售许字（2020）第01141号"", ""临售许字（2020）第00641号"", ""临售许字（2020）第00640号"", ""临售许字（2020）第00270号"", ""临售许字（2020）第00271号"", ""临售许字（2019）第01271号"", ""临售许字（2019）第01272号"", ""临售许字（2019）第01189号"", ""临售许字（2019）第01188号""]","[""6#、8#"", ""10#、12#、14#、2#"", ""1#、7#"", ""16#、18#"", ""19#"", ""17#"", ""21#"", ""15#"", ""20#、22#"", ""3#"", ""24#"", ""9#"", ""27#"", ""28#"", ""25#"", ""23#"", ""4#"", ""13#"", ""5#"", ""11#""]",建发,"宝龙地产,中骏地产",中骏、宝龙、西房、众安,住宅：民电,住宅：民水,30.22531,119.767738,"""""","{""559"": ""现房"", ""557"": ""项目竣工"", ""80"": ""得房率高"", ""56"": ""车位充足"", ""52"": ""低容积"", ""76"": ""厨卫全明"", ""74"": ""南北通透"", ""61"": ""山景地产"", ""547"": ""地铁"", ""78"": ""大户型"", ""402"": ""玄关入户"", ""401"": ""户型方正"", ""85"": ""主卧套房"", ""637"": ""公办中学"", ""636"": ""公办小学"", ""598"": ""民办幼儿园"", ""597"": ""公办幼儿园"", ""263"": ""VR看房"", ""50"": ""品牌开发商""}","[""现房"", ""项目竣工"", ""得房率高"", ""车位充足"", ""低容积""]",https://pic4.ajkimg.com/display/xinfang/72e81f76914c23cf943ff59b2a715043/275x206n.jpg,[],杭州市临安区钱王大街与望湖路交汇处（望湖公园旁）
3887015,中铁阳光林,杭州,18,下城,1805,华丰,4582,杭州下城华丰石桥华丰路与华东路交叉口,,,,,50-140㎡,28000m²,80000m²,"[{""id"": 36933, ""rooms"": 1, ""room_alias"": ""一室"", ""area"": 50}, {""id"": 94823, ""rooms"": 1, ""room_alias"": ""一室"", ""area"": 50.68}, {""id"": 94824, ""rooms"": 1, ""room_alias"": ""一室"", ""area"": 50.68}, {""id"": 94826, ""rooms"": 1, ""room_alias"": ""一室"", ""area"": 51.57}, {""id"": 94828, ""rooms"": 1, ""room_alias"": ""一室"", ""area"": 53.96}, {""id"": 94827, ""rooms"": 1, ""room_alias"": ""一室"", ""area"": 59.36}, {""id"": 35420, ""rooms"": 2, ""room_alias"": ""二室"", ""area"": 86.7}, {""id"": 35419, ""rooms"": 2, ""room_alias"": ""二室"", ""area"": 89.01}, {""id"": 35415, ""rooms"": 2, ""room_alias"": ""二室"", ""area"": 89.92}, {""id"": 35414, ""rooms"": 3, ""room_alias"": ""三室"", ""area"": 88.39}, {""id"": 35418, ""rooms"": 3, ""room_alias"": ""三室"", ""area"": 122.94}, {""id"": 35417, ""rooms"": 4, ""room_alias"": ""四室"", ""area"": 139.75}]",1/2/3/4室,"1室户型,2室户型,3室户型,4室户型",2002-02-23,,2002年,2003年,[],别墅,小高层,,2.2,30%,600,毛坯,,住宅,保利物业,,,480,1:0.8,售罄,售罄,售罄,[],[],美的置业,,浙江中铁房地产集团有限公司,民电,民水,30.342733,120.211553,"""""","{""9"": ""轨交房"", ""72"": ""配套纯熟"", ""71"": ""便利店"", ""70"": ""银行"", ""69"": ""学校"", ""68"": ""医院"", ""67"": ""生态绿地"", ""66"": ""公园"", ""65"": ""商业街"", ""64"": ""购物中心"", ""79"": ""小户型"", ""78"": ""大户型"", ""637"": ""公办中学"", ""636"": ""公办小学"", ""606"": ""省一级园"", ""598"": ""民办幼儿园"", ""597"": ""公办幼儿园""}","[""轨交房"", ""配套纯熟"", ""便利店"", ""银行"", ""学校""]",https://pic4.ajkimg.com/display/xinfang/90d8b57272c6b8a2431e722f14891451/275x206n.jpg,"[{""id"": ""7213627"", ""loupan_id"": ""238751"", ""station_id"": ""10201"", ""subway_id"": ""1010"", ""city_id"": ""18"", ""distance"": ""466米"", ""status"": ""1"", ""last_update_time"": ""1774211228"", ""is_rail_loupan"": ""1"", ""subway_name"": ""3号线"", ""station_name"": ""华丰路"", ""distance_raw"": ""466""}, {""id"": ""7213647"", ""loupan_id"": ""238751"", ""station_id"": ""10225"", ""subway_id"": ""1010"", ""city_id"": ""18"", ""distance"": ""895米"", ""status"": ""1"", ""last_update_time"": ""1774211228"", ""is_rail_loupan"": ""1"", ""subway_name"": ""3号线"", ""station_name"": ""同协路"", ""distance_raw"": ""895""}]",杭州下城区华丰路与华东路交叉口
7337897,紫名苑A区,杭州,18,余杭区,1808,未来科技城,23296,杭州余杭区未来科技城文一西路与五常港路交口,,5273元/㎡,5273元/㎡,,305-333㎡,35000m²,139000m²,[],,商业户型,2002-09-11,2021年08月27日,2002年,2003年,[],{},,40年,,25%,94,毛坯,已竣工，竣工时间：2022-12-30,商务园区,新城悦服务,,,,,售罄,售罄,售罄,[],[],远洋,,,商电,商水,30.310251,120.044618,"""""","{""559"": ""现房"", ""557"": ""项目竣工"", ""9"": ""轨交房"", ""5"": ""低单价"", ""72"": ""配套纯熟"", ""71"": ""便利店"", ""70"": ""银行"", ""68"": ""医院"", ""66"": ""公园"", ""65"": ""商业街"", ""64"": ""购物中心"", ""55"": ""小型社区""}","[""现房"", ""项目竣工"", ""轨交房"", ""低单价"", ""配套纯熟""]",https://pic4.ajkimg.com/display/xinfang/b4c9ad77f4eb35bc3af4f29bc52cdea1/275x206n.jpg,"[{""id"": ""7267532"", ""loupan_id"": ""518190"", ""station_id"": ""120601"", ""subway_id"": ""12046"", ""city_id"": ""18"", ""distance"": ""1449米"", ""status"": ""1"", ""last_update_time"": ""1774211228"", ""is_rail_loupan"": ""1"", ""subway_name"": ""19号线"", ""station_name"": ""荆长路站"", ""distance_raw"": ""1449""}]",余杭区西溪铭庭接待中心
1322182,蓝乐居谷,杭州,18,余杭区,1808,闲林,1922,杭州余杭区闲林和睦路往南200米(02省道和睦路交叉口，02省道和睦路口站附近),,,,,88-142㎡,住宅：258400m² 别墅：258400m²,住宅：390000m² 别墅：390000m²,"[{""id"": 29507, ""rooms"": 2, ""room_alias"": ""二室"", ""area"": 87.89}, {""id"": 29505, ""rooms"": 2, ""room_alias"": ""二室"", ""area"": 88.95}, {""id"": 29514, ""rooms"": 2, ""room_alias"": ""二室"", ""area"": 93.23}, {""id"": 29520, ""rooms"": 2, ""room_alias"": ""二室"", ""area"": 93.92}, {""id"": 17915, ""rooms"": 2, ""room_alias"": ""二室"", ""area"": 97.53}, {""id"": 29516, ""rooms"": 3, ""room_alias"": ""三室"", ""area"": 88.91}, {""id"": 29504, ""rooms"": 3, ""room_alias"": ""三室"", ""area"": 113.03}, {""id"": 17916, ""rooms"": 3, ""room_alias"": ""三室"", ""area"": 119.34}, {""id"": 17917, ""rooms"": 3, ""room_alias"": ""三室"", ""area"": 124.6}, {""id"": 17918, ""rooms"": 4, ""room_alias"": ""四室"", ""area"": 136.6}, {""id"": 29519, ""rooms"": 4, ""room_alias"": ""四室"", ""area"": 142}]",2/3/4室,"2室户型,3室户型,4室户型",2002-07-13,,2002年,2003年,[],多层,住宅：多层、高层 别墅：联排别墅,住宅：70年 别墅：70年,住宅：1.23 别墅：1.23,住宅：30% 别墅：30%,住宅：2700 别墅：2700,住宅：毛坯 别墅：毛坯,,住宅,龙湖智慧服务,住宅：0.65元/㎡/月 别墅：2.5元/㎡/月,,住宅：1025 别墅：1025,住宅：1:0.7 别墅：1:0.7,售罄,售罄,售罄,[],[],招商蛇口,,浙江集美房地产投资集团有限公司,住宅：民电,住宅：民水,30.245235,120.015676,"""""","{""52"": ""低容积"", ""31"": ""大平层"", ""9"": ""轨交房"", ""72"": ""配套纯熟"", ""70"": ""银行"", ""69"": ""学校"", ""68"": ""医院"", ""66"": ""公园"", ""65"": ""商业街"", ""64"": ""购物中心"", ""78"": ""大户型"", ""638"": ""民办中学"", ""636"": ""公办小学"", ""635"": ""民办小学"", ""624"": ""九年一贯制"", ""606"": ""省一级园"", ""604"": ""三级园"", ""603"": ""二级园"", ""598"": ""民办幼儿园"", ""597"": ""公办幼儿园"", ""54"": ""大型社区""}","[""低容积"", ""大平层"", ""轨交房"", ""配套纯熟"", ""银行""]",https://pic4.ajkimg.com/display/xinfang/8c3f283edd1dc1e125c5ae8d37afffdd/275x206n.jpg,"[{""id"": ""7267583"", ""loupan_id"": ""239087"", ""station_id"": ""122105"", ""subway_id"": ""12109"", ""city_id"": ""18"", ""distance"": ""1314米"", ""status"": ""1"", ""last_update_time"": ""1774211228"", ""is_rail_loupan"": ""1"", ""subway_name"": ""12号线"", ""station_name"": ""黄泥坞站"", ""distance_raw"": ""1314""}]",余杭区和睦路岸上蓝山星河苑沿街商铺23-1号
1895273,元都水岸新村,杭州,18,下城,1805,华丰,4582,"杭州下城华丰杭玻路(杭玻路以北，华东路以东,永华路以南)",,,,,88-135㎡,住宅：72700m² 别墅：72700m²,住宅：160000m² 别墅：160000m²,"[{""id"": 16327, ""rooms"": 1, ""room_alias"": ""一室"", ""area"": 106}, {""id"": 16323, ""rooms"": 1, ""room_alias"": ""一室"", ""area"": 120}, {""id"": 16310, ""rooms"": 2, ""room_alias"": ""二室"", ""area"": 88}, {""id"": 16312, ""rooms"": 2, ""room_alias"": ""二室"", ""area"": 88}, {""id"": 16318, ""rooms"": 2, ""room_alias"": ""二室"", ""area"": 88}, {""id"": 53768, ""rooms"": 2, ""room_alias"": ""二室"", ""area"": 88.7}, {""id"": 16325, ""rooms"": 3, ""room_alias"": ""三室"", ""area"": 88}, {""id"": 53762, ""rooms"": 3, ""room_alias"": ""三室"", ""area"": 88.11}, {""id"": 16315, ""rooms"": 3, ""room_alias"": ""三室"", ""area"": 89}, {""id"": 16309, ""rooms"": 3, ""room_alias"": ""三室"", ""area"": 106}, {""id"": 53771, ""rooms"": 3, ""room_alias"": ""三室"", ""area"": 135.37}]",1/2/3室,"1室户型,2室户型,3室户型",2002-05-19,,2002年,2003年,[],多层,住宅：小高层,住宅：70年 别墅：70年,住宅：2.2,住宅：30% 别墅：30%,住宅：1048 别墅：1048,住宅：毛坯 别墅：毛坯,,住宅,雅生活服务,住宅：1.6元/㎡/月,,住宅：1500 别墅：1500,,售罄,售罄,售罄,[],[],招商蛇口,,杭州元都房地产开发有限公司,住宅：民电,住宅：民水,30.340341,120.203011,"""""","{""9"": ""轨交房"", ""72"": ""配套纯熟"", ""70"": ""银行"", ""69"": ""学校"", ""68"": ""医院"", ""66"": ""公园"", ""65"": ""商业街"", ""64"": ""购物中心"", ""78"": ""大户型"", ""637"": ""公办中学"", ""636"": ""公办小学"", ""624"": ""九年一贯制"", ""606"": ""省一级园"", ""598"": ""民办幼儿园"", ""597"": ""公办幼儿园""}","[""轨交房"", ""配套纯熟"", ""银行"", ""学校"", ""医院""]",https://pic4.ajkimg.com/display/xinfang/0fe3a7b44c59e6be62dc4fbcb827f016/275x206n.jpg,"[{""id"": ""7212220"", ""loupan_id"": ""238631"", ""station_id"": ""10201"", ""subway_id"": ""1010"", ""city_id"": ""18"", ""distance"": ""1161米"", ""status"": ""1"", ""last_update_time"": ""1774211230"", ""is_rail_loupan"": ""1"", ""subway_name"": ""3号线"", ""station_name"": ""华丰路"", ""distance_raw"": ""1161""}]",下城区华中路与华丰路交叉路口往北300米(沿华中路)
6903078,万佳苑二期,杭州,18,临平区,24198,临平老城区,24204,杭州临平区临平老城区宝幢路和丁韵路交汇处,,148元/㎡,148元/㎡,首付105万，月供25463元,215-358㎡,51326m²,56458m²,"[{""id"": 845441, ""rooms"": 4, ""room_alias"": ""四室"", ""area"": 215}, {""id"": 845437, ""rooms"": 4, ""room_alias"": ""四室"", ""area"": 255}, {""id"": 845439, ""rooms"": 4, ""room_alias"": ""四室"", ""area"": 287}, {""id"": 845436, ""rooms"": 4, ""room_alias"": ""四室"", ""area"": 298}, {""id"": 833496, ""rooms"": 5, ""room_alias"": ""五室"", ""area"": 338}, {""id"": 845435, ""rooms"": 5, ""room_alias"": ""五室"", ""area"": 358}]",别墅,别墅户型,2002-11-25,2025年04月26日,2002年,2003年,"[""2025-04-18"", ""2025-03-05"", ""2024-11-07"", ""2024-09-11"", ""2024-08-16"", ""2024-06-25"", ""2024-06-04""]","{联排别墅,叠加别墅}",联排别墅、叠加别墅,70年,1.1,20%,197,带装修,已封顶，竣工时间：2025-06-30,别墅,保利物业,,,554,1:2.8,售罄,售罄,售罄,"[""临平房预许字（2025）第00154号"", ""临平房预许字(2025)第00068号"", ""临平房预许字（2024）第00498号"", ""临平房预许字（2024）第00395号"", ""临平房预许字(2024)第00358号"", ""临平房预许字（2024）第00282号"", ""临平房预许字（2024）第00235号""]","[""3#、4#、1#"", ""5#、2#"", ""6#、7#、18#"", ""22#、20#、25#、26#、24#"", ""9#、10#、14#"", ""8#、11#、12#、17#、15#、16#"", ""21#、23#、29#、13#、30#、27#、28#、33#、31#、32#""]",华润,理想国际,,民电,民水,30.417636,120.276158,"{""service_num"": ""4006708287"", ""num"": ""105863""}","{""56"": ""车位充足"", ""29"": ""装修交付"", ""8"": ""项目封顶"", ""276"": ""一房一价"", ""72"": ""配套纯熟"", ""70"": ""银行"", ""69"": ""学校"", ""68"": ""医院"", ""66"": ""公园"", ""78"": ""大户型"", ""638"": ""民办中学"", ""637"": ""公办中学"", ""636"": ""公办小学"", ""598"": ""民办幼儿园"", ""597"": ""公办幼儿园"", ""593"": ""以旧换新"", ""541"": ""3D沙盘"", ""540"": ""日照模拟"", ""421"": ""无需摇号"", ""55"": ""小型社区"", ""50"": ""品牌开发商""}","[""车位充足"", ""装修交付"", ""项目封顶"", ""一房一价"", ""配套纯熟""]",https://pic4.ajkimg.com/display/xinfang/973d2ba7df1e0abddb4f0bd08578d8da/275x206n.jpg,[],世纪大道599号
4219713,龙绿洲苑,杭州,18,桐庐县,17459,桐庐,17460,杭州桐庐县桐庐富春江镇渡济,,,,,139㎡,别墅：60000m² 住宅：60000m²,别墅：39600m² 住宅：39600m²,"[{""id"": 54702, ""rooms"": 3, ""room_alias"": ""三室"", ""area"": 138.6}]",3室,3室户型,2002-06-17,,2002年,2003年,[],"{联排别墅,叠加别墅}",别墅：联排别墅、叠加别墅,别墅：70年 住宅：70年,别墅：0.66 住宅：0.66,别墅：40% 住宅：40%,别墅：161 住宅：161,别墅：毛坯 住宅：毛坯,,别墅,新城悦服务,,,别墅：161 住宅：161,别墅：1:2 住宅：1:2,售罄,售罄,售罄,[],[],中铁建,,浙江荣正置业有限公司,别墅：民电,别墅：民水,29.767261,119.656067,"""""","{""56"": ""车位充足"", ""52"": ""低容积"", ""69"": ""学校"", ""78"": ""大户型"", ""636"": ""公办小学"", ""55"": ""小型社区""}","[""车位充足"", ""低容积"", ""学校"", ""大户型"", ""公办小学""]",https://pic4.ajkimg.com/display/xinfang/112e91f5dd41d3f03bf19cf1d2231323/275x206n.jpg,[],富春江国际会晤酒店南邻
9350621,滨江中央嘉园,杭州,18,萧山区,1807,萧山新城,1919,杭州萧山区萧山新城建设二路与宁东路交叉口,,7910元/㎡,7910元/㎡,首付59万，月供14390元,106-137㎡,75562m²,261380.4m²,"[{""id"": 678130, ""rooms"": 3, ""room_alias"": ""三室"", ""area"": 106.31}, {""id"": 678126, ""rooms"": 4, ""room_alias"": ""四室"", ""area"": 117}, {""id"": 678132, ""rooms"": 4, ""room_alias"": ""四室"", ""area"": 128.01}, {""id"": 678135, ""rooms"": 4, ""room_alias"": ""四室"", ""area"": 137}]",3/4室,"3室户型,4室户型",2002-09-23,2021年11月16日,2002年,2003年,"[""2021-11-05"", ""2021-09-08""]",超高层,高层,70年,2.5,35%,1757,带装修,在建中，竣工时间：2024-04-30,住宅,碧桂园服务,,,,,售罄,售罄,售罄,"[""萧售许字（2021）第ZJ02387号"", ""萧售许字（2021）第ZJ02214号""]","[""2#、3#、9#、10#、11#、15#、16#"", ""4#、5#、6#、12#、13#、14#""]",美的置业,滨江集团,滨江,民电,民水,30.222441,120.273044,"""""","{""29"": ""装修交付"", ""9"": ""轨交房"", ""76"": ""厨卫全明"", ""74"": ""南北通透"", ""7"": ""项目在建"", ""10"": ""多轨交"", ""78"": ""大户型"", ""404"": ""客餐厅相连"", ""403"": ""私密性好"", ""402"": ""玄关入户"", ""401"": ""户型方正"", ""85"": ""主卧套房"", ""83"": ""双阳台"", ""638"": ""民办中学"", ""637"": ""公办中学"", ""636"": ""公办小学"", ""624"": ""九年一贯制"", ""598"": ""民办幼儿园"", ""597"": ""公办幼儿园"", ""263"": ""VR看房"", ""54"": ""大型社区"", ""50"": ""品牌开发商""}","[""装修交付"", ""轨交房"", ""厨卫全明"", ""南北通透"", ""项目在建""]",https://pic4.ajkimg.com/display/xinfang/ada46019035cd5145ec05f95ebb662e8/275x206n.jpg,"[{""id"": ""7214406"", ""loupan_id"": ""495666"", ""station_id"": ""2656"", ""subway_id"": ""41"", ""city_id"": ""18"", ""distance"": ""1202米"", ""status"": ""1"", ""last_update_time"": ""1774211232"", ""is_rail_loupan"": ""1"", ""subway_name"": ""2号线"", ""station_name"": ""建设三路"", ""distance_raw"": ""1202""}, {""id"": ""7212251"", ""loupan_id"": ""495666"", ""station_id"": ""10926"", ""subway_id"": ""1043"", ""city_id"": ""18"", ""distance"": ""1202米"", ""status"": ""1"", ""last_update_time"": ""1774211230"", ""is_rail_loupan"": ""1"", ""subway_name"": ""7号线"", ""station_name"": ""建设三路"", ""distance_raw"": ""1202""}]",萧山区市心北路与建设二路交叉口向东约100米
192906,锦堂,杭州,18,西湖区,1804,文教,5131,杭州西湖区文教文二路与教工路交叉口西南面,,12361元/㎡,12361元/㎡,首付206万，月供49663元,175-235㎡,18476m²,67437.6m²,"[{""id"": 783632, ""rooms"": 4, ""room_alias"": ""四室"", ""area"": 175}, {""id"": 783633, ""rooms"": 4, ""room_alias"": ""四室"", ""area"": 187}, {""id"": 783631, ""rooms"": 4, ""room_alias"": ""四室"", ""area"": 195}, {""id"": 783630, ""rooms"": 5, ""room_alias"": ""五室"", ""area"": 235}]",4/5室,"4室户型,5室户型",2002-06-10,2023年04月03日,2002年,2003年,"[""2023-03-22"", ""2023-01-05""]",{高层},高层,70年,2.6,35%,144,带装修,在建中，竣工时间：暂无数据,住宅,融创服务,5.9元/㎡/月,,,,售罄,售罄,售罄,"[""杭售许字(2023)第000031号"", ""杭售许字(2023)第000001号""]","[""3#"", ""4#、2#、1#""]",中海,滨江集团,杭州滨启房地产开发有限公司,民电,民水,30.302781,120.159008,"{""service_num"": ""4006708287"", ""num"": """"}","{""29"": ""装修交付"", ""9"": ""轨交房"", ""76"": ""厨卫全明"", ""74"": ""南北通透"", ""7"": ""项目在建"", ""10"": ""多轨交"", ""72"": ""配套纯熟"", ""70"": ""银行"", ""69"": ""学校"", ""68"": ""医院"", ""66"": ""公园"", ""78"": ""大户型"", ""402"": ""玄关入户"", ""401"": ""户型方正"", ""85"": ""主卧套房"", ""638"": ""民办中学"", ""637"": ""公办中学"", ""636"": ""公办小学"", ""624"": ""九年一贯制"", ""606"": ""省一级园"", ""598"": ""民办幼儿园"", ""597"": ""公办幼儿园"", ""541"": ""3D沙盘"", ""540"": ""日照模拟"", ""263"": ""VR看房"", ""55"": ""小型社区"", ""50"": ""品牌开发商""}","[""装修交付"", ""轨交房"", ""厨卫全明"", ""南北通透"", ""项目在建""]",https://pic4.ajkimg.com/display/xinfang/73c33a1be5328c093786cf4a042ceec2/275x206n.jpg,"[{""id"": ""7192156"", ""loupan_id"": ""514216"", ""station_id"": ""4803"", ""subway_id"": ""41"", ""city_id"": ""18"", ""distance"": ""416米"", ""status"": ""1"", ""last_update_time"": ""1774211232"", ""is_rail_loupan"": ""1"", ""subway_name"": ""2号线"", ""station_name"": ""下宁桥"", ""distance_raw"": ""416""}, {""id"": ""7192157"", ""loupan_id"": ""514216"", ""station_id"": ""4804"", ""subway_id"": ""41"", ""city_id"": ""18"", ""distance"": ""478米"", ""status"": ""1"", ""last_update_time"": ""1774211232"", ""is_rail_loupan"": ""1"", ""subway_name"": ""2号线"", ""station_name"": ""学院路"", ""distance_raw"": ""478""}, {""id"": ""7195120"", ""loupan_id"": ""514216"", ""station_id"": ""120610"", ""subway_id"": ""12046"", ""city_id"": ""18"", ""distance"": ""1165米"", ""status"": ""1"", ""last_update_time"": ""1774211232"", ""is_rail_loupan"": ""1"", ""subway_name"": ""19号线"", ""station_name"": ""文三路站"", ""distance_raw"": ""1165""}, {""id"": ""7192155"", ""loupan_id"": ""514216"", ""station_id"": ""120466"", ""subway_id"": ""12038"", ""city_id"": ""18"", ""distance"": ""1340米"", ""status"": ""1"", ""last_update_time"": ""1774211231"", ""is_rail_loupan"": ""1"", ""subway_name"": ""10号线"", ""station_name"": ""翠柏路"", ""distance_raw"": ""1340""}]",杭州市西湖区文二路210号高新大厦一楼裙房（导航搜索滨江望翠蓝庭销售中心）
8717416,恒黄金怡园,杭州,18,临平区,24198,乔司,24201,杭州临平区乔司杭州市友爱路民丰路路口,,,,,89-137㎡,66236m²,208600m²,"[{""id"": 271429, ""rooms"": 3, ""room_alias"": ""三室"", ""area"": 89}, {""id"": 271444, ""rooms"": 3, ""room_alias"": ""三室"", ""area"": 89}, {""id"": 278744, ""rooms"": 4, ""room_alias"": ""四室"", ""area"": 127}, {""id"": 278745, ""rooms"": 4, ""room_alias"": ""四室"", ""area"": 137}]",3/4室,"3室户型,4室户型",2002-01-16,,2002年,2003年,"[""2017-09-18"", ""2018-05-21"", ""2018-04-27"", ""2017-12-28"", ""2017-11-24"", ""2017-10-31""]","{多层,高层,花园洋房}",多层、高层、花园洋房,70年,2.1,30%,1273,带装修,,住宅,旭辉永升,,,1399,1:1,售罄,售罄,售罄,"[""余售许字（2017）第00441号"", ""余售许字（2018）第00358号"", ""余售许字（2018）第00280号"", ""201700770"", ""201700574"", ""余售许字（2017）第00526号""]",[],中铁建,,绿地集团、合景泰富联合开发,民电,民水,30.31751,120.294176,"""""","{""29"": ""装修交付"", ""9"": ""轨交房"", ""78"": ""大户型"", ""637"": ""公办中学"", ""636"": ""公办小学"", ""624"": ""九年一贯制"", ""606"": ""省一级园"", ""598"": ""民办幼儿园"", ""597"": ""公办幼儿园""}","[""装修交付"", ""轨交房"", ""大户型"", ""公办中学"", ""公办小学""]",https://pic4.ajkimg.com/display/xinfang/11aa8ef36017bbd46346a062d01e0725/275x206n.jpg,"[{""id"": ""7253832"", ""loupan_id"": ""418071"", ""station_id"": ""120826"", ""subway_id"": ""12055"", ""city_id"": ""18"", ""distance"": ""1246米"", ""status"": ""1"", ""last_update_time"": ""1774211228"", ""is_rail_loupan"": ""1"", ""subway_name"": ""9号线"", ""station_name"": ""乔司南站"", ""distance_raw"": ""1246""}]",杭州市友爱路民丰路路口
2943555,桃李蓝湾公寓,杭州,18,临安区,16784,滨湖新城,25398,杭州临安区滨湖新城滨湖新城农林大路与长桥路交汇处,,3797元/㎡,3797元/㎡,首付43万，月供10459元,108-178㎡,22800m²,57000m²,"[{""id"": 759702, ""rooms"": 3, ""room_alias"": ""三室"", ""area"": 108}, {""id"": 759704, ""rooms"": 3, ""room_alias"": ""三室"", ""area"": 108}, {""id"": 759692, ""rooms"": 4, ""room_alias"": ""四室"", ""area"": 135}, {""id"": 759696, ""rooms"": 4, ""room_alias"": ""四室"", ""area"": 138}, {""id"": 759699, ""rooms"": 4, ""room_alias"": ""四室"", ""area"": 138}, {""id"": 755084, ""rooms"": 4, ""room_alias"": ""四室"", ""area"": 166}, {""id"": 755086, ""rooms"": 4, ""room_alias"": ""四室"", ""area"": 178}]",3/4室,"3室户型,4室户型",2002-08-25,2022年12月04日,2002年,2003年,"[""2022-11-25"", ""2022-06-27"", ""2022-06-15""]",{小高层},小高层,70年,2.5,35%,388,带装修,已竣工，竣工时间：暂无数据,住宅,龙湖智慧服务,4.8元/㎡/月,,434,1:1.12,售罄,售罄,售罄,"[""临售许字（2022）第ZJ00616号"", ""临售许字（2022）第ZJ00288号"", ""临售许字（2022）第ZJ00250号""]","[""1#、2#、9#、10#"", ""3#、8#"", ""5#、6#、7#""]",融创,绿城集团,杭州桃李湖滨房地产开发有限公司,民电,民水,30.253556,119.720521,"""""","{""559"": ""现房"", ""557"": ""项目竣工"", ""56"": ""车位充足"", ""29"": ""装修交付"", ""9"": ""轨交房"", ""76"": ""厨卫全明"", ""74"": ""南北通透"", ""73"": ""卧室全朝南"", ""5"": ""低单价"", ""396"": ""河景地产"", ""61"": ""山景地产"", ""547"": ""地铁"", ""72"": ""配套纯熟"", ""70"": ""银行"", ""69"": ""学校"", ""68"": ""医院"", ""67"": ""生态绿地"", ""66"": ""公园"", ""65"": ""商业街"", ""64"": ""购物中心"", ""78"": ""大户型"", ""402"": ""玄关入户"", ""401"": ""户型方正"", ""397"": ""动静分离"", ""85"": ""主卧套房"", ""83"": ""双阳台"", ""637"": ""公办中学"", ""636"": ""公办小学"", ""598"": ""民办幼儿园"", ""597"": ""公办幼儿园"", ""541"": ""3D沙盘"", ""540"": ""日照模拟"", ""421"": ""无需摇号"", ""263"": ""VR看房"", ""226"": ""商业街区"", ""50"": ""品牌开发商""}","[""现房"", ""项目竣工"", ""车位充足"", ""装修交付"", ""轨交房""]",https://pic4.ajkimg.com/display/xinfang/0d9dd6fe9d0ad973d283abc739e4a6ab/275x206n.jpg,"[{""id"": ""7190327"", ""loupan_id"": ""512080"", ""station_id"": ""10689"", ""subway_id"": ""1032"", ""city_id"": ""18"", ""distance"": ""955米"", ""status"": ""1"", ""last_update_time"": ""1774211230"", ""is_rail_loupan"": ""1"", ""subway_name"": ""16号线"", ""station_name"": ""农林大学"", ""distance_raw"": ""955""}]",杭州临安绿谷路与科技大道快速路交汇处东200米（青山湖地铁站D口 ）
1981787,宏佳苑A区,杭州,18,临平区,24198,东湖,24199,杭州临平区东湖星光街与雨荷路西北方,,,,,70-138㎡,54000m²,170000m²,"[{""id"": 104120, ""rooms"": 2, ""room_alias"": ""二室"", ""area"": 70}, {""id"": 104118, ""rooms"": 3, ""room_alias"": ""三室"", ""area"": 86}, {""id"": 104115, ""rooms"": 3, ""room_alias"": ""三室"", ""area"": 89}, {""id"": 104119, ""rooms"": 3, ""room_alias"": ""三室"", ""area"": 89}, {""id"": 146026, ""rooms"": 3, ""room_alias"": ""三室"", ""area"": 89}, {""id"": 146028, ""rooms"": 3, ""room_alias"": ""三室"", ""area"": 120}, {""id"": 146018, ""rooms"": 4, ""room_alias"": ""四室"", ""area"": 120}, {""id"": 146035, ""rooms"": 4, ""room_alias"": ""四室"", ""area"": 120}, {""id"": 146032, ""rooms"": 4, ""room_alias"": ""四室"", ""area"": 138}]",2/3/4室,"2室户型,3室户型,4室户型",2002-01-06,,2002年,2003年,[],"{多层,高层}",多层、高层,70年,2.29,30%,1236,毛坯,,住宅,雅生活服务,1.68元/㎡/月,,1102,1:0.85,售罄,售罄,售罄,[],[],龙湖,,江苏新城地产股份有限公司,民电,民水,30.432222,120.302276,"""""","{""9"": ""轨交房"", ""72"": ""配套纯熟"", ""71"": ""便利店"", ""70"": ""银行"", ""69"": ""学校"", ""68"": ""医院"", ""66"": ""公园"", ""65"": ""商业街"", ""64"": ""购物中心"", ""79"": ""小户型"", ""78"": ""大户型"", ""638"": ""民办中学"", ""637"": ""公办中学"", ""636"": ""公办小学"", ""606"": ""省一级园"", ""598"": ""民办幼儿园"", ""597"": ""公办幼儿园""}","[""轨交房"", ""配套纯熟"", ""便利店"", ""银行"", ""学校""]",https://pic4.ajkimg.com/display/xinfang/b4a8f38159641473dc144cf2e16a079f/275x206n.jpg,"[{""id"": ""7253549"", ""loupan_id"": ""250921"", ""station_id"": ""120833"", ""subway_id"": ""12055"", ""city_id"": ""18"", ""distance"": ""1395米"", ""status"": ""1"", ""last_update_time"": ""1774211229"", ""is_rail_loupan"": ""1"", ""subway_name"": ""9号线"", ""station_name"": ""荷禹路站"", ""distance_raw"": ""1395""}]",迎宾路317号(与政法街交叉口)
3876192,翠时代丽景,杭州,18,余杭区,1808,良渚,1924,杭州余杭区良渚良渚街道良上线郡西别墅西50米,,949元/㎡,949元/㎡,首付675万，月供162297元,265-1242㎡,49058.48m²,88617.42m²,"[{""id"": 309540, ""rooms"": 3, ""room_alias"": ""三室"", ""area"": 320}, {""id"": 737073, ""rooms"": 4, ""room_alias"": ""四室"", ""area"": 265}, {""id"": 752896, ""rooms"": 5, ""room_alias"": ""五室"", ""area"": 400}, {""id"": 737074, ""rooms"": 5, ""room_alias"": ""五室"", ""area"": 1242}, {""id"": 632548, ""rooms"": 7, ""room_alias"": ""七室"", ""area"": 540}, {""id"": 759358, ""rooms"": 9, ""room_alias"": ""九室"", ""area"": 750}, {""id"": 759359, ""rooms"": 9, ""room_alias"": ""九室"", ""area"": 750}]",别墅,别墅户型,2002-04-23,2023年03月24日,2002年,2003年,"[""2023-03-13"", ""2022-12-30"", ""2022-11-25"", ""2022-10-17"", ""2022-09-14"", ""2022-05-16"", ""2021-11-27"", ""2019-10-25"", ""2020-06-01"", ""2020-05-16"", ""2019-11-29"", ""2017-12-28"", ""2018-05-14"", ""2018-07-02""]",{联排别墅},联排别墅,70年,0.76,30%,105,带装修,,别墅,保利物业,8.5元/㎡/月,,249,1:2.32,售罄,售罄,售罄,"[""余售许字（2023）第ZJ00114号"", ""余售许字（2022）第ZJ00729号"", ""余售许字（2022）第ZJ00620号"", ""余售许字（2022）第ZJ00505号"", ""余售许字（2022）第ZJ00432号"", ""余售许字（2022）第ZJ00188号"", ""余售许字（2021）第ZJ02442号"", ""余售许字（2019）第01008号"", ""余售许字（2020）第00513号"", ""余售许字（2020）第00359号"", ""余售许字（2019）第01179号"", ""余售许字（2017）第00775号"", ""余售许字（2018）第00307号"", ""余售许字（2018）第00460号""]","[""83#、84#"", ""82#、91#"", ""88#、90#"", ""87#"", ""86#、89#"", ""81#、85#"", ""80#、79#、78#"", ""70#"", ""72#、73#、74#"", ""71#"", ""68#"", ""良渚文化村白鹭郡西67幢"", ""良渚文化村白鹭郡西69幢"", ""良渚文化村白鹭郡西75幢""]",仁恒,万科集团,杭州林庐房地产开发有限公司,民电,民水,30.357565,120.02156,"""""","{""559"": ""现房"", ""81"": ""大阳台"", ""56"": ""车位充足"", ""29"": ""装修交付"", ""76"": ""厨卫全明"", ""35"": ""联排"", ""276"": ""一房一价"", ""78"": ""大户型"", ""85"": ""主卧套房"", ""637"": ""公办中学"", ""636"": ""公办小学"", ""603"": ""二级园"", ""598"": ""民办幼儿园"", ""597"": ""公办幼儿园"", ""541"": ""3D沙盘"", ""98"": ""改善置业"", ""55"": ""小型社区"", ""50"": ""品牌开发商""}","[""现房"", ""大阳台"", ""车位充足"", ""装修交付"", ""厨卫全明""]",https://pic4.ajkimg.com/display/xinfang/36238391b926beb73e08c28ac6875439/275x206n.jpg,[],杭州市余杭良渚街道良上线郡西别墅西50米
9470675,绿城理想翠苑,杭州,18,富阳区,16786,银湖,25391,杭州富阳区银湖富阳区银湖街道富闲路与上林湖路交叉口,,,,,95-120㎡,50000m²,146000m²,"[{""id"": 581984, ""rooms"": 3, ""room_alias"": ""三室"", ""area"": 95}, {""id"": 581981, ""rooms"": 3, ""room_alias"": ""三室"", ""area"": 105}, {""id"": 587807, ""rooms"": 4, ""room_alias"": ""四室"", ""area"": 120}]",3/4室,"3室户型,4室户型",2002-06-13,,2002年,2003年,"[""2020-11-17"", ""2020-09-04"", ""2020-09-21""]",别墅,多层、高层,70年,2,30%,,带装修,,住宅,中海物业,,,,,售罄,售罄,售罄,"[""富售许字（2020）第01469号"", ""富售许字（2020）第099号"", ""富售许字（2020）第110号""]","[""10#、11#、12#、13#、7#、9#"", ""2#、4#、5#、8#"", ""14#、15#、6#""]",恒大,"绿城集团,浦发集团",杭州绿城银湖置业有限公司,民电,民水,30.163253,119.991406,"""""","{""29"": ""装修交付"", ""76"": ""厨卫全明"", ""74"": ""南北通透"", ""78"": ""大户型"", ""402"": ""玄关入户"", ""401"": ""户型方正"", ""85"": ""主卧套房"", ""636"": ""公办小学"", ""603"": ""二级园"", ""598"": ""民办幼儿园"", ""597"": ""公办幼儿园"", ""263"": ""VR看房"", ""50"": ""品牌开发商""}","[""装修交付"", ""厨卫全明"", ""南北通透"", ""大户型"", ""玄关入户""]",https://pic4.ajkimg.com/display/xinfang/39f389c24c9e7e1d332455e3afc7c8f6/275x206n.jpg,[],
7034147,盛梅林景,杭州,18,拱墅区,1801,申花,5130,杭州拱墅区申花莫干山路987号,,,,,,12500m²,80900m²,[],,,2002-08-17,2019年09月08日,2002年,2003年,[],{},,40年,,25%,66,毛坯,,购物中心,合景悠活,11元/㎡/月,,656,1:1.2,售罄,售罄,售罄,[],[],碧桂园,,宁波资辉投资管理中心（有限合伙）,商电,商水,30.309231,120.131182,"""""","{""559"": ""现房"", ""56"": ""车位充足"", ""9"": ""轨交房"", ""10"": ""多轨交"", ""72"": ""配套纯熟"", ""71"": ""便利店"", ""70"": ""银行"", ""65"": ""商业街"", ""64"": ""购物中心"", ""55"": ""小型社区""}","[""现房"", ""车位充足"", ""轨交房"", ""多轨交"", ""配套纯熟""]",https://pic4.ajkimg.com/display/xinfang/a26fffb192e5e47423798f46bd5a08e1/275x206n.jpg,"[{""id"": ""7213738"", ""loupan_id"": ""456049"", ""station_id"": ""120461"", ""subway_id"": ""12038"", ""city_id"": ""18"", ""distance"": ""432米"", ""status"": ""1"", ""last_update_time"": ""1774211231"", ""is_rail_loupan"": ""1"", ""subway_name"": ""10号线"", ""station_name"": ""和睦"", ""distance_raw"": ""432""}, {""id"": ""7212728"", ""loupan_id"": ""456049"", ""station_id"": ""4835"", ""subway_id"": ""142"", ""city_id"": ""18"", ""distance"": ""510米"", ""status"": ""1"", ""last_update_time"": ""1774211230"", ""is_rail_loupan"": ""1"", ""subway_name"": ""5号线"", ""station_name"": ""和睦"", ""distance_raw"": ""510""}, {""id"": ""7213722"", ""loupan_id"": ""456049"", ""station_id"": ""120467"", ""subway_id"": ""12038"", ""city_id"": ""18"", ""distance"": ""1087米"", ""status"": ""1"", ""last_update_time"": ""1774211231"", ""is_rail_loupan"": ""1"", ""subway_name"": ""10号线"", ""station_name"": ""花园岗"", ""distance_raw"": ""1087""}, {""id"": ""7212727"", ""loupan_id"": ""456049"", ""station_id"": ""4834"", ""subway_id"": ""142"", ""city_id"": ""18"", ""distance"": ""1148米"", ""status"": ""1"", ""last_update_time"": ""1774211230"", ""is_rail_loupan"": ""1"", ""subway_name"": ""5号线"", ""station_name"": ""萍水街"", ""distance_raw"": ""1148""}, {""id"": ""7213733"", ""loupan_id"": ""456049"", ""station_id"": ""120463"", ""subway_id"": ""12038"", ""city_id"": ""18"", ""distance"": ""1484米"", ""status"": ""1"", ""last_update_time"": ""1774211231"", ""is_rail_loupan"": ""1"", ""subway_name"": ""10号线"", ""station_name"": ""北大桥"", ""distance_raw"": ""1484""}]",拱墅区莫干山路987号顺网资辉大厦
1955371,桐庐美好都,杭州,18,桐庐县,17459,桐庐,17460,杭州桐庐县桐庐徐家埠路与桐千路交叉口,,,,,,5879m²,39529m²,[],,,2002-06-08,,2002年,2003年,"[""2017-07-04""]","{多层,花园洋房}",多层、花园洋房,70年,1.8,30%,247,毛坯,,住宅,华润万象生活,0.6元/㎡/月,,271,1:1.1,售罄,售罄,售罄,"[""桐售许字(2017)第012号""]","[""3#、4#""]",绿城,,桐庐桐辉置业有限公司,民电,民水,29.853372,119.645378,"{""service_num"": ""4006708287"", ""num"": """"}","{""56"": ""车位充足"", ""52"": ""低容积"", ""70"": ""银行"", ""69"": ""学校"", ""637"": ""公办中学"", ""636"": ""公办小学"", ""55"": ""小型社区""}","[""车位充足"", ""低容积"", ""银行"", ""学校"", ""公办中学""]",https://pic4.ajkimg.com/display/xinfang/42d6559b7bcbfeb420953185fb53762f/275x206n.jpg,[],徐家埠路341号
54229,华苑,杭州,18,钱塘区,20267,江东新城,20272,杭州钱塘区江东新城义蓬街道青六路与义南路交汇处,,4234元/㎡,4234元/㎡,首付25万，月供6239元,89-212㎡,住宅：16696m² 别墅：16696m²,住宅：160000m² 别墅：160000m²,"[{""id"": 635296, ""rooms"": 3, ""room_alias"": ""三室"", ""area"": 89}, {""id"": 806929, ""rooms"": 3, ""room_alias"": ""三室"", ""area"": 89}, {""id"": 639888, ""rooms"": 4, ""room_alias"": ""四室"", ""area"": 128}, {""id"": 797139, ""rooms"": 4, ""room_alias"": ""四室"", ""area"": 131}, {""id"": 797140, ""rooms"": 4, ""room_alias"": ""四室"", ""area"": 133}, {""id"": 890775, ""rooms"": 4, ""room_alias"": ""四室"", ""area"": 134}, {""id"": 639886, ""rooms"": 5, ""room_alias"": ""五室"", ""area"": 156}, {""id"": 806931, ""rooms"": 5, ""room_alias"": ""五室"", ""area"": 212}]",3/4/5室、别墅,"3室户型,4室户型,5室户型,别墅户型",2002-06-11,2026年03月下旬,2002年,2003年,"[""2026-03-18"", ""2023-07-12"", ""2023-12-22"", ""2023-03-16""]","{小高层,花园洋房}",住宅：小高层、花园洋房 别墅：联排别墅,住宅：70年 别墅：70年,住宅：1.9 别墅：1.9,住宅：30% 别墅：30%,住宅：702 别墅：702,住宅：毛坯 别墅：毛坯,已竣工，竣工时间：2025-06-30,住宅,雅生活服务,住宅：1.5元/㎡/月,,住宅：820,住宅：1:1.2,售罄,售罄,售罄,"[""杭房现备字（2026）第00111号"", ""杭售许字(2023)第003022号"", ""杭房预许字（2023）第00764号"", ""杭售许字(2023)第003010号""]","[""35#、18#、13#"", ""3#"", ""6#"", ""36#、1#、5#、9#、10#、11#、16#、17#、14#、15#""]",路劲,滨江集团,杭州滨江房产集团股份有限公司,住宅：民电,住宅：民水,30.257644,120.506013,"""""","{""559"": ""现房"", ""557"": ""项目竣工"", ""81"": ""大阳台"", ""52"": ""低容积"", ""9"": ""轨交房"", ""76"": ""厨卫全明"", ""75"": ""三房朝南"", ""74"": ""南北通透"", ""73"": ""卧室全朝南"", ""276"": ""一房一价"", ""5"": ""低单价"", ""4"": ""低总价"", ""78"": ""大户型"", ""404"": ""客餐厅相连"", ""402"": ""玄关入户"", ""401"": ""户型方正"", ""85"": ""主卧套房"", ""83"": ""双阳台"", ""90"": ""人气楼盘"", ""637"": ""公办中学"", ""636"": ""公办小学"", ""635"": ""民办小学"", ""598"": ""民办幼儿园"", ""597"": ""公办幼儿园"", ""417"": ""登记中"", ""263"": ""VR看房"", ""50"": ""品牌开发商""}","[""现房"", ""项目竣工"", ""大阳台"", ""低容积"", ""轨交房""]",https://pic4.ajkimg.com/display/xinfang/81115352f64a7a3471a40b72f095c391/275x206n.jpg,"[{""id"": ""7191863"", ""loupan_id"": ""470796"", ""station_id"": ""10931"", ""subway_id"": ""1043"", ""city_id"": ""18"", ""distance"": ""751米"", ""status"": ""1"", ""last_update_time"": ""1774211232"", ""is_rail_loupan"": ""1"", ""subway_name"": ""7号线"", ""station_name"": ""新镇路"", ""distance_raw"": ""751""}, {""id"": ""7191864"", ""loupan_id"": ""470796"", ""station_id"": ""10932"", ""subway_id"": ""1043"", ""city_id"": ""18"", ""distance"": ""1373米"", ""status"": ""1"", ""last_update_time"": ""1774211232"", ""is_rail_loupan"": ""1"", ""subway_name"": ""7号线"", ""station_name"": ""义蓬"", ""distance_raw"": ""1373""}]",大江东义蓬街道青六路与义南路交汇处
8371168,世东方湾,杭州,18,萧山区,1807,瓜沥,5140,杭州萧山区瓜沥东灵南路2-60号,,,,,92-160㎡,住宅：80376m² 别墅：80376m²,住宅：160819m² 别墅：160819m²,"[{""id"": 239211, ""rooms"": 3, ""room_alias"": ""三室"", ""area"": 92}, {""id"": 239231, ""rooms"": 3, ""room_alias"": ""三室"", ""area"": 94}, {""id"": 239214, ""rooms"": 3, ""room_alias"": ""三室"", ""area"": 95}, {""id"": 239210, ""rooms"": 3, ""room_alias"": ""三室"", ""area"": 96}, {""id"": 239240, ""rooms"": 3, ""room_alias"": ""三室"", ""area"": 97}, {""id"": 239222, ""rooms"": 3, ""room_alias"": ""三室"", ""area"": 100}, {""id"": 239220, ""rooms"": 3, ""room_alias"": ""三室"", ""area"": 101}, {""id"": 239226, ""rooms"": 3, ""room_alias"": ""三室"", ""area"": 101}, {""id"": 239229, ""rooms"": 3, ""room_alias"": ""三室"", ""area"": 105}, {""id"": 239216, ""rooms"": 3, ""room_alias"": ""三室"", ""area"": 108}, {""id"": 239204, ""rooms"": 4, ""room_alias"": ""四室"", ""area"": 98}, {""id"": 239208, ""rooms"": 4, ""room_alias"": ""四室"", ""area"": 101}, {""id"": 239217, ""rooms"": 4, ""room_alias"": ""四室"", ""area"": 122}, {""id"": 239215, ""rooms"": 4, ""room_alias"": ""四室"", ""area"": 135}, {""id"": 239236, ""rooms"": 4, ""room_alias"": ""四室"", ""area"": 160}]",3/4室,"3室户型,4室户型",2002-09-14,,2002年,2003年,"[""2018-12-03"", ""2018-12-03"", ""2018-12-03"", ""2018-12-03"", ""2018-12-03"", ""2018-12-03"", ""2018-12-03"", ""2018-12-03"", ""2019-11-04""]",超高层,住宅：小高层、高层 别墅：联排别墅、双拼别墅,住宅：70年 别墅：70年,住宅：2 别墅：2,住宅：48% 别墅：48%,住宅：1342 别墅：1342,住宅：毛坯 别墅：毛坯,,住宅,碧桂园服务,住宅：2.5元/㎡/月 别墅：3元/㎡/月,,住宅：1610 别墅：1610,住宅：1:1.2 别墅：1:1.2,售罄,售罄,售罄,"[""萧售许字（2015）第070号"", ""萧售许字（2015）第069号"", ""萧售许字（2016）第007号"", ""萧售许字（2016）第005号"", ""萧售许字（2016）第006号"", ""萧售许字（2016）第079号"", ""萧售许字（2017）第00553号"", ""萧售许字（2018）第00528号"", ""萧售备字（2019）第00027号""]","[""26#、39#、27#"", ""18#、19#、20#、21#、22#"", ""23#"", ""28#"", ""25#"", ""29#、36#、32#"", ""37#、38#"", ""24#、30#、31#、33#"", ""34#、35#""]",华侨城,,（香港）明华置业有限公司,住宅：民电,住宅：民水,30.179585,120.454536,"""""","{""56"": ""车位充足"", ""53"": ""高绿化率"", ""70"": ""银行"", ""69"": ""学校"", ""68"": ""医院"", ""78"": ""大户型"", ""637"": ""公办中学"", ""636"": ""公办小学"", ""598"": ""民办幼儿园""}","[""车位充足"", ""高绿化率"", ""银行"", ""学校"", ""医院""]",https://pic4.ajkimg.com/display/xinfang/16f689a1e42b947f9d2b3702f0f3f7b4/275x206n.jpg,[],瓜沥镇东灵南路（萧八中对面）
156240,绿城阳光邸,杭州,18,萧山区,1807,钱江世纪城,5137,杭州萧山区钱江世纪城盈丰街道宁一路与海清路口交叉口,,9914元/㎡,9914元/㎡,首付69万，月供16626元,98-217㎡,133000m²,561000m²,"[{""id"": 702064, ""rooms"": 2, ""room_alias"": ""二室"", ""area"": 105}, {""id"": 702063, ""rooms"": 3, ""room_alias"": ""三室"", ""area"": 98}, {""id"": 702114, ""rooms"": 3, ""room_alias"": ""三室"", ""area"": 106}, {""id"": 683147, ""rooms"": 3, ""room_alias"": ""三室"", ""area"": 109}, {""id"": 702055, ""rooms"": 3, ""room_alias"": ""三室"", ""area"": 128.32}, {""id"": 702125, ""rooms"": 4, ""room_alias"": ""四室"", ""area"": 135}, {""id"": 702118, ""rooms"": 4, ""room_alias"": ""四室"", ""area"": 144}, {""id"": 702122, ""rooms"": 4, ""room_alias"": ""四室"", ""area"": 144}, {""id"": 702124, ""rooms"": 4, ""room_alias"": ""四室"", ""area"": 152}, {""id"": 683151, ""rooms"": 4, ""room_alias"": ""四室"", ""area"": 175}, {""id"": 702128, ""rooms"": 4, ""room_alias"": ""四室"", ""area"": 196}, {""id"": 702135, ""rooms"": 5, ""room_alias"": ""五室"", ""area"": 198}, {""id"": 702141, ""rooms"": 5, ""room_alias"": ""五室"", ""area"": 202}, {""id"": 702138, ""rooms"": 5, ""room_alias"": ""五室"", ""area"": 217}]",2/3/4/5室,"2室户型,3室户型,4室户型,5室户型",2002-02-15,2021年09月01日,2002年,2003年,"[""2021-08-16"", ""2021-08-13"", ""2021-08-11""]",高层,高层,70年,2.9,30%,2698,带装修,,住宅,碧桂园服务,2.5元/㎡/月,,3800,1:1.4,售罄,售罄,售罄,"[""萧售许字（2021）第ZJ02150号"", ""萧售许字（2021）第ZJ02137号"", ""萧售许字（2021）第ZJ02121号""]","[""三区1#、三区2#、三区3#、三区4#、三区5#、三区6#、四区1#、四区2#、四区3#、四区4#、四区6#"", ""二区1#、二区2#、二区3#、二区4#、二区5#、二区6#、二区7#、二区8#、二区9#、二区10#、二区11#、二区12#、二区13#"", ""一区1#、一区5#、一区4#、一区7#、一区6#、一区8#、一区2#、一区3#、四区5#、四区7#、四区8#、四区9#、四区10#""]",保利,绿城集团,绿城,民电,民水,30.237371,120.231248,"""""","{""56"": ""车位充足"", ""31"": ""大平层"", ""29"": ""装修交付"", ""9"": ""轨交房"", ""76"": ""厨卫全明"", ""74"": ""南北通透"", ""10"": ""多轨交"", ""78"": ""大户型"", ""402"": ""玄关入户"", ""401"": ""户型方正"", ""85"": ""主卧套房"", ""637"": ""公办中学"", ""636"": ""公办小学"", ""606"": ""省一级园"", ""598"": ""民办幼儿园"", ""597"": ""公办幼儿园"", ""362"": ""奥体"", ""263"": ""VR看房"", ""54"": ""大型社区"", ""50"": ""品牌开发商""}","[""车位充足"", ""大平层"", ""装修交付"", ""轨交房"", ""厨卫全明""]",https://pic4.ajkimg.com/display/xinfang/16baa47a94bc6b0db0e7c0531ecb3328/275x206n.jpg,"[{""id"": ""7325411"", ""loupan_id"": ""488029"", ""station_id"": ""120847"", ""subway_id"": ""143"", ""city_id"": ""18"", ""distance"": ""923米"", ""status"": ""1"", ""last_update_time"": ""1774211230"", ""is_rail_loupan"": ""1"", ""subway_name"": ""6号线"", ""station_name"": ""丰北站"", ""distance_raw"": ""923""}, {""id"": ""7213498"", ""loupan_id"": ""488029"", ""station_id"": ""2652"", ""subway_id"": ""41"", ""city_id"": ""18"", ""distance"": ""954米"", ""status"": ""1"", ""last_update_time"": ""1774211231"", ""is_rail_loupan"": ""1"", ""subway_name"": ""2号线"", ""station_name"": ""钱江世纪城"", ""distance_raw"": ""954""}, {""id"": ""7254268"", ""loupan_id"": ""488029"", ""station_id"": ""120846"", ""subway_id"": ""143"", ""city_id"": ""18"", ""distance"": ""992米"", ""status"": ""1"", ""last_update_time"": ""1774211230"", ""is_rail_loupan"": ""1"", ""subway_name"": ""6号线"", ""station_name"": ""钱江世纪城站"", ""distance_raw"": ""992""}, {""id"": ""7267430"", ""loupan_id"": ""488029"", ""station_id"": ""122133"", ""subway_id"": ""12110"", ""city_id"": ""18"", ""distance"": ""1090米"", ""status"": ""1"", ""last_update_time"": ""1774211231"", ""is_rail_loupan"": ""1"", ""subway_name"": ""15号线"", ""station_name"": ""丰北站"", ""distance_raw"": ""1090""}]",杭州市萧山区盈丰街道宁一路与海清路口交叉口
4632271,博公寓三期,杭州,18,西湖区,1804,三墩,1876,杭州西湖区三墩厚仁路与大公路交口(距亲亲家园3期400米),,,,,28-77㎡,53491m²,153755m²,"[{""id"": 15332, ""rooms"": 1, ""room_alias"": ""一室"", ""area"": 28}, {""id"": 15329, ""rooms"": 1, ""room_alias"": ""一室"", ""area"": 33}, {""id"": 27222, ""rooms"": 1, ""room_alias"": ""一室"", ""area"": 33}, {""id"": 27224, ""rooms"": 1, ""room_alias"": ""一室"", ""area"": 36}, {""id"": 15333, ""rooms"": 1, ""room_alias"": ""一室"", ""area"": 39}, {""id"": 15325, ""rooms"": 1, ""room_alias"": ""一室"", ""area"": 45}, {""id"": 27221, ""rooms"": 1, ""room_alias"": ""一室"", ""area"": 45}, {""id"": 27223, ""rooms"": 1, ""room_alias"": ""一室"", ""area"": 60}, {""id"": 53265, ""rooms"": 2, ""room_alias"": ""二室"", ""area"": 77}]",1/2室,商业户型,2002-09-01,,2002年,2003年,[],别墅,多层、高层,40年,2.27,25%,367,毛坯,,商业,合景悠活,3.5元/㎡/月,,728,1:2,售罄,售罄,售罄,"[""留用地项目无预售证""]",[],绿城,,杭州坤和投资控股有限公司,商电,商水,30.296692,120.107559,"""""","{""56"": ""车位充足"", ""9"": ""轨交房"", ""10"": ""多轨交"", ""72"": ""配套纯熟"", ""71"": ""便利店"", ""70"": ""银行"", ""68"": ""医院"", ""66"": ""公园"", ""65"": ""商业街"", ""64"": ""购物中心""}","[""车位充足"", ""轨交房"", ""多轨交"", ""配套纯熟"", ""便利店""]",https://pic4.ajkimg.com/display/xinfang/c11b5b1089776bf96c925f33ad95fa14/275x206n.jpg,"[{""id"": ""7267096"", ""loupan_id"": ""238410"", ""station_id"": ""120602"", ""subway_id"": ""12046"", ""city_id"": ""18"", ""distance"": ""316米"", ""status"": ""1"", ""last_update_time"": ""1774211227"", ""is_rail_loupan"": ""1"", ""subway_name"": ""19号线"", ""station_name"": ""五联站"", ""distance_raw"": ""316""}, {""id"": ""7212037"", ""loupan_id"": ""238410"", ""station_id"": ""10214"", ""subway_id"": ""1010"", ""city_id"": ""18"", ""distance"": ""1229米"", ""status"": ""1"", ""last_update_time"": ""1774211230"", ""is_rail_loupan"": ""1"", ""subway_name"": ""3号线"", ""station_name"": ""古墩路"", ""distance_raw"": ""1229""}, {""id"": ""7213006"", ""loupan_id"": ""238410"", ""station_id"": ""4806"", ""subway_id"": ""41"", ""city_id"": ""18"", ""distance"": ""1458米"", ""status"": ""1"", ""last_update_time"": ""1774211231"", ""is_rail_loupan"": ""1"", ""subway_name"": ""2号线"", ""station_name"": ""丰潭路"", ""distance_raw"": ""1458""}]",西湖区三墩镇厚仁路
7358999,盛时代家园,杭州,18,拱墅区,1801,铁路北,24903,杭州拱墅区铁路北科园路与科祥路交叉口,,7594元/㎡,7594元/㎡,首付58万，月供14030元,108-168㎡,35778m²,89445m²,"[{""id"": 779484, ""rooms"": 3, ""room_alias"": ""三室"", ""area"": 108}, {""id"": 779483, ""rooms"": 4, ""room_alias"": ""四室"", ""area"": 129}, {""id"": 779482, ""rooms"": 4, ""room_alias"": ""四室"", ""area"": 138}, {""id"": 779479, ""rooms"": 4, ""room_alias"": ""四室"", ""area"": 168}]",3/4室,"3室户型,4室户型",2002-04-18,2023年03月21日,2002年,2003年,"[""2023-03-09"", ""2023-02-09"", ""2022-12-07""]",高层,高层,70年,2.5,35%,658,带装修,在建中，竣工时间：暂无数据,住宅,金地智慧服务,,中央空调，地暖，人车分流,,1:1,售罄,售罄,售罄,"[""杭售许字(2023)第000018号"", ""杭售许字(2023)第000006号"", ""杭售许字（2022）第000137号""]","[""1#、8#"", ""3#、7#、9#"", ""4#、5#、6#""]",世茂,特发集团,杭州特发置地有限公司,民电,民水,30.350687,120.159245,"""""","{""559"": ""现房"", ""482"": ""国企开发"", ""29"": ""装修交付"", ""9"": ""轨交房"", ""76"": ""厨卫全明"", ""74"": ""南北通透"", ""7"": ""项目在建"", ""65"": ""商业街"", ""78"": ""大户型"", ""402"": ""玄关入户"", ""401"": ""户型方正"", ""397"": ""动静分离"", ""85"": ""主卧套房"", ""83"": ""双阳台"", ""637"": ""公办中学"", ""636"": ""公办小学"", ""624"": ""九年一贯制"", ""606"": ""省一级园"", ""598"": ""民办幼儿园"", ""597"": ""公办幼儿园"", ""541"": ""3D沙盘"", ""540"": ""日照模拟"", ""263"": ""VR看房"", ""50"": ""品牌开发商""}","[""现房"", ""国企开发"", ""装修交付"", ""轨交房"", ""厨卫全明""]",https://pic4.ajkimg.com/display/xinfang/f5abadb82fb203a7236c903cf56aed29/275x206n.jpg,"[{""id"": ""7192697"", ""loupan_id"": ""515077"", ""station_id"": ""120446"", ""subway_id"": ""42"", ""city_id"": ""18"", ""distance"": ""889米"", ""status"": ""1"", ""last_update_time"": ""1774211228"", ""is_rail_loupan"": ""1"", ""subway_name"": ""4号线"", ""station_name"": ""皋亭坝"", ""distance_raw"": ""889""}]",拱墅区科园路与科祥路交叉口
7244735,德意紫金雅居,杭州,18,萧山区,1807,空港新城,5141,杭州萧山区空港新城靖江街道,,,,,89-171㎡,93992m²,224049m²,"[{""id"": 16094, ""rooms"": 2, ""room_alias"": ""二室"", ""area"": 89.29}, {""id"": 16095, ""rooms"": 3, ""room_alias"": ""三室"", ""area"": 89.12}, {""id"": 16096, ""rooms"": 3, ""room_alias"": ""三室"", ""area"": 118.37}, {""id"": 16097, ""rooms"": 3, ""room_alias"": ""三室"", ""area"": 136.11}, {""id"": 16098, ""rooms"": 4, ""room_alias"": ""四室"", ""area"": 139.89}, {""id"": 16099, ""rooms"": 4, ""room_alias"": ""四室"", ""area"": 170.71}]",2/3/4室,"2室户型,3室户型,4室户型",2002-05-15,,2002年,2003年,[],超高层,高层,70年,1.99,35%,1480,毛坯,,住宅,合景悠活,1.7元/㎡/月,,1667,1:1.1,售罄,售罄,售罄,"[""萧售许字(2012)第094号：6幢、9幢、10幢、12幢、15幢""]",[],建发,,德意控股集团,民电,民水,30.22975,120.470896,"""""","{""56"": ""车位充足"", ""52"": ""低容积"", ""31"": ""大平层"", ""72"": ""配套纯熟"", ""70"": ""银行"", ""69"": ""学校"", ""68"": ""医院"", ""66"": ""公园"", ""65"": ""商业街"", ""64"": ""购物中心"", ""78"": ""大户型"", ""637"": ""公办中学"", ""636"": ""公办小学"", ""598"": ""民办幼儿园""}","[""车位充足"", ""低容积"", ""大平层"", ""配套纯熟"", ""银行""]",https://pic4.ajkimg.com/display/xinfang/02e5f80560689e2d9b9d4a6afe69e969/275x206n.jpg,[],萧山区靖江街道靖江路(靖江路与环城南路交叉口)
5233239,御中央源,杭州,18,余杭区,1808,西溪,4591,杭州余杭区西溪余杭文一西路与常二路口（淘宝城对面）,,,,,89-139㎡,95972m²,281435m²,"[{""id"": 84278, ""rooms"": 3, ""room_alias"": ""三室"", ""area"": 89}, {""id"": 84280, ""rooms"": 4, ""room_alias"": ""四室"", ""area"": 139}]",3/4室,"3室户型,4室户型",2002-02-05,,2002年,2003年,[],{小高层},小高层,70年,2,30%,974,带装修,,住宅,世茂服务,1.68元/㎡/月,,2071,1:2,售罄,售罄,售罄,[],[],龙湖,富力集团,,民电,民水,30.303988,120.026863,"""""","{""56"": ""车位充足"", ""29"": ""装修交付"", ""9"": ""轨交房"", ""10"": ""多轨交"", ""72"": ""配套纯熟"", ""71"": ""便利店"", ""70"": ""银行"", ""69"": ""学校"", ""68"": ""医院"", ""66"": ""公园"", ""65"": ""商业街"", ""64"": ""购物中心"", ""78"": ""大户型"", ""637"": ""公办中学"", ""636"": ""公办小学"", ""606"": ""省一级园"", ""603"": ""二级园"", ""598"": ""民办幼儿园"", ""597"": ""公办幼儿园"", ""50"": ""品牌开发商""}","[""车位充足"", ""装修交付"", ""轨交房"", ""多轨交"", ""配套纯熟""]",https://pic4.ajkimg.com/display/xinfang/154257305a43fee0ac7a0b9f8c217f15/275x206n.jpg,"[{""id"": ""7211965"", ""loupan_id"": ""249322"", ""station_id"": ""4829"", ""subway_id"": ""142"", ""city_id"": ""18"", ""distance"": ""960米"", ""status"": ""1"", ""last_update_time"": ""1774211230"", ""is_rail_loupan"": ""1"", ""subway_name"": ""5号线"", ""station_name"": ""永福"", ""distance_raw"": ""960""}, {""id"": ""7267665"", ""loupan_id"": ""249322"", ""station_id"": ""122100"", ""subway_id"": ""12109"", ""city_id"": ""18"", ""distance"": ""1123米"", ""status"": ""1"", ""last_update_time"": ""1774211232"", ""is_rail_loupan"": ""1"", ""subway_name"": ""12号线"", ""station_name"": ""海创园站"", ""distance_raw"": ""1123""}, {""id"": ""7211905"", ""loupan_id"": ""249322"", ""station_id"": ""120598"", ""subway_id"": ""12046"", ""city_id"": ""18"", ""distance"": ""1193米"", ""status"": ""1"", ""last_update_time"": ""1774211230"", ""is_rail_loupan"": ""1"", ""subway_name"": ""19号线"", ""station_name"": ""海创园站"", ""distance_raw"": ""1193""}]",文一西路与常二路口（淘宝城对面）
8286877,西投翡翠佳苑,杭州,18,西湖区,1804,蒋村,20375,杭州西湖区蒋村蒋墩路和晴川街交叉口,,,,,,33400m²,94000m²,[],,,2002-02-16,,2002年,2003年,[],{},,40年,,25%,38,带装修,,商业独栋,世茂服务,,,691,,售罄,售罄,售罄,[],[],象屿,,,商电,商水,30.292259,120.055735,"""""","{""29"": ""装修交付"", ""72"": ""配套纯熟"", ""71"": ""便利店"", ""70"": ""银行"", ""68"": ""医院"", ""66"": ""公园"", ""65"": ""商业街"", ""64"": ""购物中心"", ""227"": ""商业园区"", ""220"": ""办公首选"", ""213"": ""地铁沿线"", ""178"": ""即租即用"", ""55"": ""小型社区"", ""51"": ""金牌物业""}","[""装修交付"", ""配套纯熟"", ""便利店"", ""银行"", ""医院""]",https://pic4.ajkimg.com/display/xinfang/30cbe59b2a784df05358c7e7c0c8543f/275x206n.jpg,[],西湖区蒋墩路和晴川街交叉口
8558912,万新村B区,杭州,18,滨江区,1806,长河,1917,杭州滨江区长河聚园路与江淑路交汇处往西180米,,9418元/㎡,9418元/㎡,首付40万，月供9630元,65-89㎡,22824m²,86369.81m²,"[{""id"": 826537, ""rooms"": 2, ""room_alias"": ""二室"", ""area"": 65}, {""id"": 826539, ""rooms"": 2, ""room_alias"": ""二室"", ""area"": 65}, {""id"": 826540, ""rooms"": 2, ""room_alias"": ""二室"", ""area"": 65}, {""id"": 826536, ""rooms"": 3, ""room_alias"": ""三室"", ""area"": 89}]",2/3室,"2室户型,3室户型",2002-07-19,2023年12月17日,2002年,2003年,"[""2023-12-01""]",多层,高层,70年,,30%,632,毛坯,,住宅,中海物业,,,764,1:1.2,售罄,售罄,售罄,"[""杭房预许字（2023）第00702号""]","[""3#、2#、4#、5#、6#、7#、1#""]",远洋,,,民电,民水,30.18151,120.224377,"{""service_num"": ""4006708287"", ""num"": """"}","{""56"": ""车位充足"", ""9"": ""轨交房"", ""76"": ""厨卫全明"", ""74"": ""南北通透"", ""10"": ""多轨交"", ""276"": ""一房一价"", ""72"": ""配套纯熟"", ""71"": ""便利店"", ""70"": ""银行"", ""69"": ""学校"", ""68"": ""医院"", ""66"": ""公园"", ""65"": ""商业街"", ""64"": ""购物中心"", ""79"": ""小户型"", ""397"": ""动静分离"", ""85"": ""主卧套房"", ""637"": ""公办中学"", ""636"": ""公办小学"", ""624"": ""九年一贯制"", ""606"": ""省一级园"", ""598"": ""民办幼儿园"", ""597"": ""公办幼儿园"", ""541"": ""3D沙盘"", ""540"": ""日照模拟"", ""281"": ""共有产权房"", ""263"": ""VR看房""}","[""车位充足"", ""轨交房"", ""厨卫全明"", ""南北通透"", ""多轨交""]",https://pic4.ajkimg.com/display/xinfang/6f85a5c7e30c3807dfc92cf9cf973fdc/275x206n.jpg,"[{""id"": ""7272876"", ""loupan_id"": ""524101"", ""station_id"": ""122158"", ""subway_id"": ""12111"", ""city_id"": ""18"", ""distance"": ""1070米"", ""status"": ""1"", ""last_update_time"": ""1774211226"", ""is_rail_loupan"": ""1"", ""subway_name"": ""18号线"", ""station_name"": ""江晖路站"", ""distance_raw"": ""1070""}, {""id"": ""7272877"", ""loupan_id"": ""524101"", ""station_id"": ""4852"", ""subway_id"": ""142"", ""city_id"": ""18"", ""distance"": ""1070米"", ""status"": ""1"", ""last_update_time"": ""1774211229"", ""is_rail_loupan"": ""1"", ""subway_name"": ""5号线"", ""station_name"": ""江晖路"", ""distance_raw"": ""1070""}, {""id"": ""7272878"", ""loupan_id"": ""524101"", ""station_id"": ""4851"", ""subway_id"": ""142"", ""city_id"": ""18"", ""distance"": ""1374米"", ""status"": ""1"", ""last_update_time"": ""1774211229"", ""is_rail_loupan"": ""1"", ""subway_name"": ""5号线"", ""station_name"": ""聚才路"", ""distance_raw"": ""1374""}]",浙江省杭州市滨江区聚园路与江淑路交叉口往西180米
1018715,恒美好筑,杭州,18,萧山区,1807,钱江世纪城,5137,"杭州萧山区钱江世纪城民和路,近平澜路",,,,,269-418㎡,11789m²,104329.78m²,"[{""id"": 147767, ""rooms"": 4, ""room_alias"": ""四室"", ""area"": 269.1}, {""id"": 147772, ""rooms"": 5, ""room_alias"": ""五室"", ""area"": 417.8}]",4/5室,商业户型,2002-11-13,,2002年,2003年,[],小高层,高层,40年,6,30%,166,毛坯,,商业,保利物业,3.2元/㎡/月,,166,1:1,售罄,售罄,售罄,"[""萧售许字(2015)第083号""]",[],新城控股,,杭州信融置业有限公司,商电,商水,30.239381,120.228959,"{""service_num"": ""4006708287"", ""num"": """"}","{""31"": ""大平层"", ""9"": ""轨交房"", ""10"": ""多轨交"", ""72"": ""配套纯熟"", ""71"": ""便利店"", ""70"": ""银行"", ""68"": ""医院"", ""67"": ""生态绿地"", ""66"": ""公园"", ""65"": ""商业街"", ""64"": ""购物中心"", ""55"": ""小型社区""}","[""大平层"", ""轨交房"", ""多轨交"", ""配套纯熟"", ""便利店""]",https://pic4.ajkimg.com/display/xinfang/a0f7a62b80620e81653baaaa75367a62/275x206n.jpg,"[{""id"": ""7254670"", ""loupan_id"": ""298238"", ""station_id"": ""120846"", ""subway_id"": ""143"", ""city_id"": ""18"", ""distance"": ""475米"", ""status"": ""1"", ""last_update_time"": ""1774211229"", ""is_rail_loupan"": ""1"", ""subway_name"": ""6号线"", ""station_name"": ""钱江世纪城站"", ""distance_raw"": ""475""}, {""id"": ""7213241"", ""loupan_id"": ""298238"", ""station_id"": ""2652"", ""subway_id"": ""41"", ""city_id"": ""18"", ""distance"": ""521米"", ""status"": ""1"", ""last_update_time"": ""1774211231"", ""is_rail_loupan"": ""1"", ""subway_name"": ""2号线"", ""station_name"": ""钱江世纪城"", ""distance_raw"": ""521""}, {""id"": ""7254669"", ""loupan_id"": ""298238"", ""station_id"": ""120848"", ""subway_id"": ""143"", ""city_id"": ""18"", ""distance"": ""880米"", ""status"": ""1"", ""last_update_time"": ""1774211229"", ""is_rail_loupan"": ""1"", ""subway_name"": ""6号线"", ""station_name"": ""博览中心站"", ""distance_raw"": ""880""}, {""id"": ""7266967"", ""loupan_id"": ""298238"", ""station_id"": ""122134"", ""subway_id"": ""12110"", ""city_id"": ""18"", ""distance"": ""1352米"", ""status"": ""1"", ""last_update_time"": ""1774211230"", ""is_rail_loupan"": ""1"", ""subway_name"": ""15号线"", ""station_name"": ""盈丰路站"", ""distance_raw"": ""1352""}, {""id"": ""7213237"", ""loupan_id"": ""298238"", ""station_id"": ""2653"", ""subway_id"": ""41"", ""city_id"": ""18"", ""distance"": ""1421米"", ""status"": ""1"", ""last_update_time"": ""1774211231"", ""is_rail_loupan"": ""1"", ""subway_name"": ""2号线"", ""station_name"": ""盈丰路"", ""distance_raw"": ""1421""}]",民和路与平澜路交汇处
3606750,碧桂星辰榭,杭州,18,建德市,17457,建德,17458,杭州建德市建德新安江街道叶家路,,,,,98-132㎡,64514m²,168343m²,"[{""id"": 358037, ""rooms"": 3, ""room_alias"": ""三室"", ""area"": 98}, {""id"": 358042, ""rooms"": 4, ""room_alias"": ""四室"", ""area"": 117}, {""id"": 358046, ""rooms"": 4, ""room_alias"": ""四室"", ""area"": 132}]",3/4室,"3室户型,4室户型",2002-09-14,,2002年,2003年,"[""2018-06-15"", ""2019-05-27"", ""2019-08-28"", ""2018-06-20"", ""2018-07-26"", ""2018-10-23""]",多层,小高层,70年,1.95,30%,1028,毛坯,,住宅,保利物业,3元/㎡/月,,1270,1：1.2,售罄,售罄,售罄,"[""建售许字(2018)第019号"", ""建售许字（2019）第00367号"", ""建售许字（2019）第00733号"", ""建售许字(2018)第021号"", ""建售许字(2018)第029号"", ""建售许字(2018)第042号""]","[""1#、12#"", ""17#"", ""3#"", ""10#、13#"", ""9#"", ""14""]",华润,碧桂园集团,建德碧桂园房地产开发有限公司,民电,民水,29.462202,119.268725,"{""service_num"": ""4006708287"", ""num"": """"}","{""52"": ""低容积"", ""76"": ""厨卫全明"", ""74"": ""南北通透"", ""71"": ""便利店"", ""68"": ""医院"", ""78"": ""大户型"", ""401"": ""户型方正"", ""85"": ""主卧套房"", ""83"": ""双阳台"", ""636"": ""公办小学"", ""263"": ""VR看房"", ""50"": ""品牌开发商""}","[""低容积"", ""厨卫全明"", ""南北通透"", ""便利店"", ""医院""]",https://pic4.ajkimg.com/display/xinfang/3632d62039ad93998b1db61a5fbc510b/275x206n.jpg,[],杭州市建德市叶家社区
4219440,福名苑,杭州,18,余杭区,1808,仓前,5146,杭州余杭区仓前文一西路与创景路交叉口往北100米,,,,,44-46㎡,20683m²,92977.84m²,"[{""id"": 186867, ""rooms"": 2, ""room_alias"": ""二室"", ""area"": 44}, {""id"": 186863, ""rooms"": 3, ""room_alias"": ""三室"", ""area"": 46}]",2/3室,商业户型,2002-05-13,,2002年,2003年,"[""2016-05-23""]",{高层},高层,40年,2.9,30%,1153,带装修,,商业,中海物业,3.5元/㎡/月,,685,1:0.7,售罄,售罄,售罄,"[""余售许字(2016)第00088号""]",[],绿城,,,商电,商水,30.271906,120.018865,"""""","{""29"": ""装修交付"", ""9"": ""轨交房"", ""10"": ""多轨交"", ""66"": ""公园""}","[""装修交付"", ""轨交房"", ""多轨交"", ""公园""]",https://pic4.ajkimg.com/display/xinfang/bcb12decfa51ca73bbb0685f1cb42685/275x206n.jpg,"[{""id"": ""7214135"", ""loupan_id"": ""412013"", ""station_id"": ""4826"", ""subway_id"": ""142"", ""city_id"": ""18"", ""distance"": ""573米"", ""status"": ""1"", ""last_update_time"": ""1774211232"", ""is_rail_loupan"": ""1"", ""subway_name"": ""5号线"", ""station_name"": ""创景路"", ""distance_raw"": ""573""}, {""id"": ""7212347"", ""loupan_id"": ""412013"", ""station_id"": ""120599"", ""subway_id"": ""12046"", ""city_id"": ""18"", ""distance"": ""766米"", ""status"": ""1"", ""last_update_time"": ""1774211230"", ""is_rail_loupan"": ""1"", ""subway_name"": ""19号线"", ""station_name"": ""创景路站"", ""distance_raw"": ""766""}, {""id"": ""7213556"", ""loupan_id"": ""412013"", ""station_id"": ""10694"", ""subway_id"": ""142"", ""city_id"": ""18"", ""distance"": ""1240米"", ""status"": ""1"", ""last_update_time"": ""1774211231"", ""is_rail_loupan"": ""1"", ""subway_name"": ""5号线"", ""station_name"": ""葛巷"", ""distance_raw"": ""1240""}]",杭州未来科技城文一路与创景路交叉口往北100米（中央公园内）
1879438,新和平小区,杭州,18,临安区,16784,锦北,25400,杭州临安区锦北马溪路与武肃街交叉口,,4556元/㎡,4556元/㎡,首付28万，月供6780元,87-175㎡,住宅：66070m² 别墅：66070m²,住宅：163034m² 别墅：163034m²,"[{""id"": 703100, ""rooms"": 2, ""room_alias"": ""二室"", ""area"": 87}, {""id"": 635322, ""rooms"": 2, ""room_alias"": ""二室"", ""area"": 89}, {""id"": 703099, ""rooms"": 2, ""room_alias"": ""二室"", ""area"": 89}, {""id"": 635321, ""rooms"": 3, ""room_alias"": ""三室"", ""area"": 89}, {""id"": 703101, ""rooms"": 4, ""room_alias"": ""四室"", ""area"": 175}]",2/3室、别墅,"2室户型,3室户型,别墅户型",2002-07-16,2022年07月03日,2002年,2003年,"[""2021-08-04"", ""2021-06-04"", ""2021-05-07"", ""2021-04-14"", ""2022-05-24"", ""2022-06-22"", ""2022-03-11"", ""2021-10-27"", ""2021-09-15"", ""2020-12-16"", ""2020-12-16""]","{小高层,高层,花园洋房}",住宅：小高层、高层、花园洋房 别墅：联排别墅,住宅：70年 别墅：70年,住宅：1.7 别墅：1.7,住宅：35% 别墅：35%,住宅：1152 别墅：1152,住宅：毛坯 别墅：毛坯,已竣工，竣工时间：2022-12-15,住宅,华润万象生活,住宅：2.5元/㎡/月 别墅：5元/㎡/月,,住宅：1203 别墅：1203,住宅：1:1 别墅：1:1.04,售罄,售罄,售罄,"[""临售许字（2021）第ZJ02100号"", ""临售许字（2021）第ZJ01936号"", ""临售许字（2021）第ZJ00425号"", ""临售许字（2021）第ZJ00334号"", ""临售许字（2022）第ZJ00203号"", ""临售许字（2022）第ZJ00274号"", ""临售许字（2022）第ZJ00082号"", ""临售许字（2021）第ZJ02365号"", ""临售许字（2021）第ZJ02250号"", ""临售许字（2020）第ZJ00121号"", ""临售许字（2020）第ZJ00120号""]","[""11#、25#"", ""1#、2#"", ""9#、10#"", ""5#、13#"", ""14#、15#、16#、17#"", ""18#、21#"", ""12#、19#、22#、23#"", ""20#、6#"", ""24#、3#"", ""7#"", ""8#""]",中海,越秀地产,越秀,住宅：民电,住宅：民水,30.272733,119.738785,"""""","{""559"": ""现房"", ""557"": ""项目竣工"", ""81"": ""大阳台"", ""80"": ""得房率高"", ""56"": ""车位充足"", ""52"": ""低容积"", ""76"": ""厨卫全明"", ""74"": ""南北通透"", ""73"": ""卧室全朝南"", ""276"": ""一房一价"", ""4"": ""低总价"", ""61"": ""山景地产"", ""547"": ""地铁"", ""78"": ""大户型"", ""404"": ""客餐厅相连"", ""402"": ""玄关入户"", ""401"": ""户型方正"", ""397"": ""动静分离"", ""85"": ""主卧套房"", ""83"": ""双阳台"", ""82"": ""双卫生间"", ""638"": ""民办中学"", ""637"": ""公办中学"", ""636"": ""公办小学"", ""598"": ""民办幼儿园"", ""597"": ""公办幼儿园"", ""541"": ""3D沙盘"", ""421"": ""无需摇号"", ""263"": ""VR看房"", ""226"": ""商业街区"", ""50"": ""品牌开发商""}","[""现房"", ""项目竣工"", ""大阳台"", ""得房率高"", ""车位充足""]",https://pic4.ajkimg.com/display/xinfang/ae60f4c369505ef1473a6ecbbdb34cae/275x206n.jpg,[],杭州市临安区环北路与马溪路交叉口东北100米
2099345,望钱盛世堂,杭州,18,钱塘区,20267,金沙湖,20270,杭州钱塘区金沙湖幸福南路和金沙大道交叉口,,5801元/㎡,5801元/㎡,首付123万，月供29754元,300㎡,40000m²,80000m²,[],,商业户型,2002-05-20,2021年09月30日,2002年,2003年,[],小高层,,40年,,30%,126,带装修,,标准写字楼,金地智慧服务,12.5元/㎡/月,,488,1:3.8,售罄,售罄,售罄,[],[],金地,"融创中国,坤和集团",杭州元融坤房地产开发有限公司,商电,商水,30.326048,120.345477,"{""service_num"": ""4006708287"", ""num"": ""19836""}","{""559"": ""现房"", ""56"": ""车位充足"", ""29"": ""装修交付"", ""9"": ""轨交房"", ""74"": ""南北通透"", ""55"": ""小型社区"", ""50"": ""品牌开发商""}","[""现房"", ""车位充足"", ""装修交付"", ""轨交房"", ""南北通透""]",https://pic4.ajkimg.com/display/xinfang/ef05daaee76d9c67067580af915e4a56/275x206n.jpg,"[{""id"": ""7184100"", ""loupan_id"": ""502527"", ""station_id"": ""2639"", ""subway_id"": ""40"", ""city_id"": ""18"", ""distance"": ""654米"", ""status"": ""1"", ""last_update_time"": ""1774211231"", ""is_rail_loupan"": ""1"", ""subway_name"": ""1号线"", ""station_name"": ""金沙湖"", ""distance_raw"": ""654""}, {""id"": ""7184099"", ""loupan_id"": ""502527"", ""station_id"": ""2638"", ""subway_id"": ""40"", ""city_id"": ""18"", ""distance"": ""935米"", ""status"": ""1"", ""last_update_time"": ""1774211231"", ""is_rail_loupan"": ""1"", ""subway_name"": ""1号线"", ""station_name"": ""下沙西"", ""distance_raw"": ""935""}]",杭州钱塘区金沙湖幸福南路和金沙大道交叉口
1586374,中邸,杭州,18,临平区,24198,临平老城区,24204,杭州临平区临平老城区人民大道258号,,,,,129-380㎡,75600m²,260000m²,"[{""id"": 33735, ""rooms"": 3, ""room_alias"": ""三室"", ""area"": 128.55}, {""id"": 33736, ""rooms"": 3, ""room_alias"": ""三室"", ""area"": 138.94}, {""id"": 33727, ""rooms"": 3, ""room_alias"": ""三室"", ""area"": 139.89}, {""id"": 146140, ""rooms"": 3, ""room_alias"": ""三室"", ""area"": 162.05}, {""id"": 146135, ""rooms"": 3, ""room_alias"": ""三室"", ""area"": 176}, {""id"": 146136, ""rooms"": 3, ""room_alias"": ""三室"", ""area"": 180.67}, {""id"": 146138, ""rooms"": 4, ""room_alias"": ""四室"", ""area"": 175.51}, {""id"": 33750, ""rooms"": 4, ""room_alias"": ""四室"", ""area"": 179}, {""id"": 146133, ""rooms"": 4, ""room_alias"": ""四室"", ""area"": 191.52}, {""id"": 146130, ""rooms"": 4, ""room_alias"": ""四室"", ""area"": 215.26}, {""id"": 146141, ""rooms"": 4, ""room_alias"": ""四室"", ""area"": 216}, {""id"": 146129, ""rooms"": 4, ""room_alias"": ""四室"", ""area"": 230.29}, {""id"": 33751, ""rooms"": 4, ""room_alias"": ""四室"", ""area"": 233}, {""id"": 146143, ""rooms"": 5, ""room_alias"": ""五室"", ""area"": 247}, {""id"": 264077, ""rooms"": 6, ""room_alias"": ""六室"", ""area"": 380}]",3/4/5/6室,"3室户型,4室户型,5室户型,6室户型",2002-05-03,,2002年,2003年,[],{高层},高层,70年,2.66,35%,1041,毛坯,,住宅,融创服务,2.2元/㎡/月,,1328,1:1.3,售罄,售罄,售罄,"[""余售许字(2011)第0169号"", ""余售许字(2013)第0045号"", ""余售许字(2014)第00070号""]",[],新城控股,,理想国际控股集团有限公司,民电,民水,30.399691,120.299596,"""""","{""57"": ""人车分流"", ""56"": ""车位充足"", ""9"": ""轨交房"", ""72"": ""配套纯熟"", ""71"": ""便利店"", ""70"": ""银行"", ""69"": ""学校"", ""68"": ""医院"", ""66"": ""公园"", ""65"": ""商业街"", ""64"": ""购物中心"", ""78"": ""大户型"", ""638"": ""民办中学"", ""637"": ""公办中学"", ""636"": ""公办小学"", ""606"": ""省一级园"", ""598"": ""民办幼儿园"", ""597"": ""公办幼儿园""}","[""人车分流"", ""车位充足"", ""轨交房"", ""配套纯熟"", ""便利店""]",https://pic4.ajkimg.com/display/xinfang/7b063f247c95dc43ec528ec9634ec9be/275x206n.jpg,"[{""id"": ""7267291"", ""loupan_id"": ""240916"", ""station_id"": ""122146"", ""subway_id"": ""12111"", ""city_id"": ""18"", ""distance"": ""524米"", ""status"": ""1"", ""last_update_time"": ""1774211228"", ""is_rail_loupan"": ""1"", ""subway_name"": ""18号线"", ""station_name"": ""世纪大道站"", ""distance_raw"": ""524""}]",临平世纪大道676号
2970553,御南国嘉园,杭州,18,萧山区,1807,钱江世纪城,5137,杭州萧山区钱江世纪城奥体博览城奔竞大道与笃学路交叉口,,,,,,77572m²,532500m²,[],,,2002-05-17,2021年07月31日,2002年,2003年,"[""2020-06-30""]",别墅,超高层,40年,4.5,20%,,带装修,在建中，竣工时间：2023-12-30,商业,合景悠活,,,2250,,售罄,售罄,售罄,"[""萧售许字（2020）第00673号""]","[""2#""]",旭辉,"绿地控股,宋都股份",绿地控股集团杭州双塔置业有限公司,商电,商水,30.227981,120.240039,"{""service_num"": ""4006708287"", ""num"": """"}","{""29"": ""装修交付"", ""9"": ""轨交房"", ""7"": ""项目在建"", ""10"": ""多轨交"", ""43"": ""loft"", ""42"": ""酒店公寓"", ""62"": ""江景地产"", ""362"": ""奥体"", ""51"": ""金牌物业"", ""50"": ""品牌开发商""}","[""装修交付"", ""轨交房"", ""项目在建"", ""多轨交"", ""loft""]",https://pic4.ajkimg.com/display/xinfang/dc6af36bf8d804d71582de405bdca6c5/275x206n.jpg,"[{""id"": ""7254736"", ""loupan_id"": ""447431"", ""station_id"": ""120849"", ""subway_id"": ""143"", ""city_id"": ""18"", ""distance"": ""928米"", ""status"": ""1"", ""last_update_time"": ""1774211229"", ""is_rail_loupan"": ""1"", ""subway_name"": ""6号线"", ""station_name"": ""奥体中心站"", ""distance_raw"": ""928""}, {""id"": ""7214007"", ""loupan_id"": ""447431"", ""station_id"": ""10918"", ""subway_id"": ""1043"", ""city_id"": ""18"", ""distance"": ""998米"", ""status"": ""1"", ""last_update_time"": ""1774211232"", ""is_rail_loupan"": ""1"", ""subway_name"": ""7号线"", ""station_name"": ""奥体中心"", ""distance_raw"": ""998""}, {""id"": ""7254735"", ""loupan_id"": ""447431"", ""station_id"": ""120848"", ""subway_id"": ""143"", ""city_id"": ""18"", ""distance"": ""1119米"", ""status"": ""1"", ""last_update_time"": ""1774211229"", ""is_rail_loupan"": ""1"", ""subway_name"": ""6号线"", ""station_name"": ""博览中心站"", ""distance_raw"": ""1119""}]",萧山区奥体博览城奔竞大道与笃学路交叉口
8736048,杭颂翡翠新村,杭州,18,临平区,24198,星桥,24200,杭州临平区星桥星源北路与方兴渡街交汇处,,4878元/㎡,4878元/㎡,首付27万，月供6672元,89-117㎡,43617m²,106266m²,"[{""id"": 805351, ""rooms"": 3, ""room_alias"": ""三室"", ""area"": 89}, {""id"": 867551, ""rooms"": 3, ""room_alias"": ""三室"", ""area"": 98}, {""id"": 805350, ""rooms"": 4, ""room_alias"": ""四室"", ""area"": 117}]",3/4室,"3室户型,4室户型",2002-01-07,2025年03月16日,2002年,2003年,"[""2025-03-06"", ""2025-01-08"", ""2024-06-28"", ""2023-11-17"", ""2023-06-27""]",{小高层},小高层,70年,1.6,30%,726,带装修,在建中，竣工时间：暂无数据,住宅,新城悦服务,3.25元/㎡/月,,781,1:1.07,售罄,售罄,售罄,"[""临平房预许字(2025)第00073号"", ""临平房预许字（2025）第00008号"", ""临平房预许字（2024）第00289号"", ""临平房预许字(2023)第00670号"", ""临平售许字(2023)第ZJ00369号""]","[""13#、17#"", ""18#"", ""16#"", ""7#、15#、8#、3#、4#、19#、11#"", ""2#、1#""]",绿城,,五蝠源地产,民电,民水,30.41136,120.272467,"{""service_num"": ""4006708287"", ""num"": ""54730""}","{""56"": ""车位充足"", ""52"": ""低容积"", ""29"": ""装修交付"", ""76"": ""厨卫全明"", ""74"": ""南北通透"", ""73"": ""卧室全朝南"", ""7"": ""项目在建"", ""276"": ""一房一价"", ""72"": ""配套纯熟"", ""70"": ""银行"", ""69"": ""学校"", ""68"": ""医院"", ""66"": ""公园"", ""65"": ""商业街"", ""78"": ""大户型"", ""402"": ""玄关入户"", ""401"": ""户型方正"", ""85"": ""主卧套房"", ""638"": ""民办中学"", ""637"": ""公办中学"", ""636"": ""公办小学"", ""635"": ""民办小学"", ""624"": ""九年一贯制"", ""598"": ""民办幼儿园"", ""597"": ""公办幼儿园"", ""541"": ""3D沙盘"", ""540"": ""日照模拟"", ""263"": ""VR看房"", ""50"": ""品牌开发商""}","[""车位充足"", ""低容积"", ""装修交付"", ""厨卫全明"", ""南北通透""]",https://pic4.ajkimg.com/display/xinfang/0b8b96e85019b9076b778d37d0eb41fd/275x206n.jpg,[],杭州市临平区星源北路与方兴渡街交汇处
3822277,中台一期,杭州,18,富阳区,16786,东洲,25393,杭州富阳区东洲东洲江滨东大道首创奥特莱斯西北侧50米,,147元/㎡,147元/㎡,首付105万，月供25246元,112-222㎡,别墅：93161m² 住宅：93161m²,别墅：182358m² 住宅：182358m²,"[{""id"": 608473, ""rooms"": 3, ""room_alias"": ""三室"", ""area"": 112}, {""id"": 744013, ""rooms"": 3, ""room_alias"": ""三室"", ""area"": 173}, {""id"": 608476, ""rooms"": 4, ""room_alias"": ""四室"", ""area"": 135.84}, {""id"": 654277, ""rooms"": 4, ""room_alias"": ""四室"", ""area"": 136}, {""id"": 718834, ""rooms"": 4, ""room_alias"": ""四室"", ""area"": 168}, {""id"": 718816, ""rooms"": 4, ""room_alias"": ""四室"", ""area"": 188}, {""id"": 732628, ""rooms"": 5, ""room_alias"": ""五室"", ""area"": 195}, {""id"": 747999, ""rooms"": 5, ""room_alias"": ""五室"", ""area"": 195}, {""id"": 747997, ""rooms"": 6, ""room_alias"": ""六室"", ""area"": 222}]",3/4室、别墅,"3室户型,4室户型,别墅户型",2002-02-27,2023年10月11日,2002年,2003年,"[""2023-09-28"", ""2021-10-19"", ""2021-06-02"", ""2023-06-01"", ""2023-03-24"", ""2022-11-11"", ""2023-01-13"", ""2022-09-23"", ""2022-07-25"", ""2022-06-08"", ""2022-04-19"", ""2022-01-27""]","{叠加别墅,合院别墅}",别墅：叠加别墅、合院别墅 住宅：花园洋房,别墅：70年 住宅：70年,住宅：1.2,别墅：30% 住宅：30%,别墅：659 住宅：659,别墅：毛坯 住宅：毛坯,已竣工，竣工时间：2023-12-30,别墅,融创服务,别墅：4~4.59元/㎡/月 住宅：2.9元/㎡/月,,别墅：1091 住宅：1091,别墅：1:1.7 住宅：1:1.7,售罄,售罄,售罄,"[""富阳房预许字(2023)第00558号"", ""富售许字（2021）第ZJ02345号"", ""富售许字（2021）第ZJ01929号"", ""富售许字(2023)第ZJ00303号"", ""富售许字（2023）第ZJ00155号"", ""富售许字（2022）第ZJ00574号"", ""富售许字（2023）第ZJ00015号"", ""富售许字（2022）第ZJ00457号"", ""富售许字（2022）第ZJ00341号"", ""富售许字（2022）第ZJ00228号"", ""富售许字（2022）第ZJ00153号"", ""富售许字（2022）第ZJ00043号""]","[""47#、26#、29#、42#、45#、43#"", ""34#、38#、44#"", ""37#、41#"", ""46#、30#、35#"", ""8#、11#、1#、7#、3#、14#"", ""2#、6#、10#、16#、36#"", ""合院9#、25#、32#、39#"", ""13#、19#、22#"", ""33#、5#、17#"", ""合院20#、合院12#"", ""合院15#、合院23#、合院24#、28#、31#、40#"", ""18#、21#、27#""]",阳光城,杭房地产,杭房地产,别墅：民电,别墅：民水,30.098991,120.041222,"{""service_num"": ""4006708287"", ""num"": ""78715""}","{""559"": ""现房"", ""557"": ""项目竣工"", ""81"": ""大阳台"", ""56"": ""车位充足"", ""52"": ""低容积"", ""76"": ""厨卫全明"", ""75"": ""三房朝南"", ""74"": ""南北通透"", ""73"": ""卧室全朝南"", ""37"": ""叠加"", ""30"": ""花园洋房"", ""276"": ""一房一价"", ""4"": ""低总价"", ""78"": ""大户型"", ""404"": ""客餐厅相连"", ""402"": ""玄关入户"", ""401"": ""户型方正"", ""85"": ""主卧套房"", ""82"": ""双卫生间"", ""638"": ""民办中学"", ""636"": ""公办小学"", ""606"": ""省一级园"", ""597"": ""公办幼儿园"", ""541"": ""3D沙盘"", ""540"": ""日照模拟"", ""421"": ""无需摇号"", ""263"": ""VR看房"", ""98"": ""改善置业"", ""50"": ""品牌开发商""}","[""现房"", ""项目竣工"", ""大阳台"", ""车位充足"", ""低容积""]",https://pic4.ajkimg.com/display/xinfang/b4f764ef68d2a7022101553123c97d64/275x206n.jpg,[],杭州市东洲江滨东大道首创奥特莱斯西北侧50米
3463958,蓝时代城,杭州,18,上城区,1802,九堡,1837,"杭州上城区九堡仁爱路,近下沙路",,,,,88-255㎡,88000m²,350000m²,"[{""id"": 23516, ""rooms"": 2, ""room_alias"": ""二室"", ""area"": 87.8}, {""id"": 15363, ""rooms"": 2, ""room_alias"": ""二室"", ""area"": 88.3}, {""id"": 23512, ""rooms"": 3, ""room_alias"": ""三室"", ""area"": 87.7}, {""id"": 23515, ""rooms"": 3, ""room_alias"": ""三室"", ""area"": 87.7}, {""id"": 15364, ""rooms"": 3, ""room_alias"": ""三室"", ""area"": 87.8}, {""id"": 23513, ""rooms"": 3, ""room_alias"": ""三室"", ""area"": 87.8}, {""id"": 56698, ""rooms"": 3, ""room_alias"": ""三室"", ""area"": 139}, {""id"": 56701, ""rooms"": 3, ""room_alias"": ""三室"", ""area"": 139}, {""id"": 56699, ""rooms"": 3, ""room_alias"": ""三室"", ""area"": 145}, {""id"": 56697, ""rooms"": 3, ""room_alias"": ""三室"", ""area"": 155}, {""id"": 56692, ""rooms"": 3, ""room_alias"": ""三室"", ""area"": 187}, {""id"": 56689, ""rooms"": 4, ""room_alias"": ""四室"", ""area"": 175}, {""id"": 56693, ""rooms"": 4, ""room_alias"": ""四室"", ""area"": 179}, {""id"": 56691, ""rooms"": 4, ""room_alias"": ""四室"", ""area"": 202}, {""id"": 56696, ""rooms"": 4, ""room_alias"": ""四室"", ""area"": 213}, {""id"": 56690, ""rooms"": 5, ""room_alias"": ""五室"", ""area"": 238}, {""id"": 199890, ""rooms"": 5, ""room_alias"": ""五室"", ""area"": 255}]",2/3/4/5室,"2室户型,3室户型,4室户型,5室户型",2002-06-03,,2002年,2003年,[],"{多层,高层}",多层、高层,70年,3,40%,1883,"毛坯,带装修",,住宅,雅生活服务,2.5元/㎡/月,,2000,1:1.1,售罄,售罄,售罄,"[""杭售许字(2013)第0006号"", ""杭售许字(2011)第0108号"", ""杭售许字(2011)第0088号"", ""杭售许字(2011)第0064号"", ""杭售许字(2011)第0010号"", ""杭售许字(2010)第0042号""]",[],万科,,杭州相江投资有限公司,民电,民水,30.318236,120.30235,"{""service_num"": ""4006708287"", ""num"": """"}","{""56"": ""车位充足"", ""53"": ""高绿化率"", ""29"": ""装修交付"", ""72"": ""配套纯熟"", ""71"": ""便利店"", ""70"": ""银行"", ""69"": ""学校"", ""68"": ""医院"", ""66"": ""公园"", ""65"": ""商业街"", ""64"": ""购物中心"", ""78"": ""大户型"", ""637"": ""公办中学"", ""636"": ""公办小学"", ""606"": ""省一级园"", ""598"": ""民办幼儿园"", ""597"": ""公办幼儿园"", ""54"": ""大型社区""}","[""车位充足"", ""高绿化率"", ""装修交付"", ""配套纯熟"", ""便利店""]",https://pic4.ajkimg.com/display/xinfang/70dbddd9a90ff1f7c39a0cb0831e2c8e/275x206n.jpg,[],项目现场
88125,春风南国林,杭州,18,临平区,24198,塘栖,24203,杭州临平区塘栖塘栖路与鼎盛街交叉口,,,,,86-132㎡,30000m²,110000m²,"[{""id"": 153634, ""rooms"": 3, ""room_alias"": ""三室"", ""area"": 86.15}, {""id"": 153630, ""rooms"": 3, ""room_alias"": ""三室"", ""area"": 88.22}, {""id"": 153635, ""rooms"": 3, ""room_alias"": ""三室"", ""area"": 88.4}, {""id"": 153632, ""rooms"": 3, ""room_alias"": ""三室"", ""area"": 110}, {""id"": 153633, ""rooms"": 3, ""room_alias"": ""三室"", ""area"": 113.1}, {""id"": 153631, ""rooms"": 4, ""room_alias"": ""四室"", ""area"": 132.03}]",3/4室,"3室户型,4室户型",2002-06-25,,2002年,2003年,[],{高层},高层,70年,2.6,30%,707,毛坯,,住宅,碧桂园服务,1.68元/㎡/月,,810,1:1.1,售罄,售罄,售罄,"[""余售许字(2016)第00080号"", ""余售许字(2016)第00039号"", ""余售许字(2015)第00212号"", ""余售许字(2015)第00172号""]",[],路劲,,浙江春风集团有限公司,民电,民水,30.472651,120.219342,"""""","{""56"": ""车位充足"", ""72"": ""配套纯熟"", ""71"": ""便利店"", ""70"": ""银行"", ""69"": ""学校"", ""68"": ""医院"", ""65"": ""商业街"", ""64"": ""购物中心"", ""78"": ""大户型"", ""637"": ""公办中学"", ""636"": ""公办小学"", ""597"": ""公办幼儿园""}","[""车位充足"", ""配套纯熟"", ""便利店"", ""银行"", ""学校""]",https://pic4.ajkimg.com/display/xinfang/adf52e73931a537595e0a12b2c737a88/275x206n.jpg,[],杭州市临平区塘栖镇石目路22号（塘栖大厦对面）
1846322,绿丽景一期,杭州,18,滨江区,1806,浦沿,1914,杭州滨江区浦沿东至明德路，南至生地街，西至浦沿单元BJ040301-05(2)地块，北至浦沿单元BJ040301-05(3)地块,,,,,,26008m²,100948.18m²,[],,,2002-01-26,,2002年,2003年,[],超高层,高层、小高层,70年,2.5,35%,,,,住宅,雅生活服务,,,,,售罄,售罄,售罄,[],[],远洋,,,民电,民水,30.188199,120.143703,"{""service_num"": ""4006708287"", ""num"": ""63529""}","{""9"": ""轨交房"", ""72"": ""配套纯熟"", ""70"": ""银行"", ""69"": ""学校"", ""68"": ""医院"", ""66"": ""公园"", ""65"": ""商业街"", ""64"": ""购物中心"", ""91"": ""热评楼盘"", ""638"": ""民办中学"", ""637"": ""公办中学"", ""636"": ""公办小学"", ""624"": ""九年一贯制"", ""606"": ""省一级园"", ""598"": ""民办幼儿园"", ""597"": ""公办幼儿园"", ""541"": ""3D沙盘"", ""540"": ""日照模拟"", ""55"": ""小型社区""}","[""轨交房"", ""配套纯熟"", ""银行"", ""学校"", ""医院""]",https://pic4.ajkimg.com/display/xinfang/9a60e2a8d3a2bfe6e45ee3d2b0c0916c/275x206n.jpg,"[{""id"": ""7329955"", ""loupan_id"": ""533398"", ""station_id"": ""4822"", ""subway_id"": ""42"", ""city_id"": ""18"", ""distance"": ""1265米"", ""status"": ""1"", ""last_update_time"": ""1774211227"", ""is_rail_loupan"": ""1"", ""subway_name"": ""4号线"", ""station_name"": ""杨家墩"", ""distance_raw"": ""1265""}, {""id"": ""7329954"", ""loupan_id"": ""533398"", ""station_id"": ""4823"", ""subway_id"": ""42"", ""city_id"": ""18"", ""distance"": ""1340米"", ""status"": ""1"", ""last_update_time"": ""1774211227"", ""is_rail_loupan"": ""1"", ""subway_name"": ""4号线"", ""station_name"": ""浦沿"", ""distance_raw"": ""1340""}]",
5863423,绿青山堂,杭州,18,淳安县,17455,淳安,17456,杭州淳安县淳安淳安县珍珠一路与珍珠大道交叉口往西100米,,63元/㎡,63元/㎡,首付45万，月供10820元,89-143㎡,别墅：61541.5m² 住宅：61541.5m²,别墅：111838.8m² 住宅：111838.8m²,"[{""id"": 559612, ""rooms"": 3, ""room_alias"": ""三室"", ""area"": 89}, {""id"": 559616, ""rooms"": 3, ""room_alias"": ""三室"", ""area"": 89}, {""id"": 559619, ""rooms"": 3, ""room_alias"": ""三室"", ""area"": 109}, {""id"": 559622, ""rooms"": 3, ""room_alias"": ""三室"", ""area"": 109}, {""id"": 559624, ""rooms"": 4, ""room_alias"": ""四室"", ""area"": 125}, {""id"": 559629, ""rooms"": 4, ""room_alias"": ""四室"", ""area"": 133}, {""id"": 559625, ""rooms"": 4, ""room_alias"": ""四室"", ""area"": 139}, {""id"": 559626, ""rooms"": 4, ""room_alias"": ""四室"", ""area"": 142}, {""id"": 559636, ""rooms"": 4, ""room_alias"": ""四室"", ""area"": 143}]",3/4室,"3室户型,4室户型",2002-02-16,2021年02月14日,2002年,2003年,"[""2020-07-17"", ""2020-09-01"", ""2021-02-04"", ""2020-10-28"", ""2020-12-01""]",{叠加别墅},别墅：叠加别墅 住宅：花园洋房,别墅：70年 住宅：70年,别墅：1.1 住宅：1.1,别墅：35% 住宅：35%,别墅：521 住宅：521,别墅：毛坯 住宅：毛坯,在建中，竣工时间：2023-05-01,别墅,合景悠活,别墅：4元/㎡/月 住宅：2.8元/㎡/月,,别墅：605 住宅：605,别墅：1.16:1 住宅：1.16:1,售罄,售罄,售罄,"[""淳售许字(2020)第15号"", ""淳售许字(2020)第19号"", ""淳售许字（2021）第02号"", ""淳售许字(2020)第28号"", ""淳售许字(2020)第37号""]","[""6#、7#、9#、3#、5#、8#"", ""12#、11#、10#"", ""17#、18#、19#"", ""16#"", ""15#""]",路劲,绿城集团,尚雅置业（杭州）有限公司,别墅：民电,别墅：民水,29.60169,119.108596,"{""service_num"": ""4006708287"", ""num"": ""53760""}","{""559"": ""现房"", ""52"": ""低容积"", ""7"": ""项目在建"", ""541"": ""3D沙盘"", ""540"": ""日照模拟"", ""263"": ""VR看房"", ""226"": ""商业街区"", ""50"": ""品牌开发商""}","[""现房"", ""低容积"", ""项目在建"", ""3D沙盘"", ""日照模拟""]",https://pic4.ajkimg.com/display/xinfang/ada3620ba52dcf05b3a5c79096ec921d/275x206n.jpg,[],淳安县珍珠一路与珍珠大道交叉口往西100米
8823157,光明星辰苑,杭州,18,淳安县,17455,淳安,17456,杭州淳安县淳安千岛湖镇睦州大道1600号,,1687元/㎡,1687元/㎡,,77-126㎡,140000m²,250000m²,"[{""id"": 803439, ""rooms"": 2, ""room_alias"": ""二室"", ""area"": 77}, {""id"": 803440, ""rooms"": 3, ""room_alias"": ""三室"", ""area"": 97}, {""id"": 803441, ""rooms"": 3, ""room_alias"": ""三室"", ""area"": 116}, {""id"": 803442, ""rooms"": 3, ""room_alias"": ""三室"", ""area"": 126}]",2/3室,"2室户型,3室户型",2002-06-24,2018年12月31日,2002年,2003年,"[""2020-06-19""]",{高层},高层,70年,,,1480,,已竣工，竣工时间：暂无数据,住宅,世茂服务,2.4元/㎡/月,,,,售罄,售罄,售罄,"[""淳售许字（2020）第07号""]",[],金地,,,民电,民水,29.611921,119.119057,"{""service_num"": ""4006708287"", ""num"": ""81032""}","{""559"": ""现房"", ""557"": ""项目竣工"", ""76"": ""厨卫全明"", ""74"": ""南北通透"", ""73"": ""卧室全朝南"", ""5"": ""低单价"", ""4"": ""低总价"", ""69"": ""学校"", ""68"": ""医院"", ""64"": ""购物中心"", ""78"": ""大户型"", ""402"": ""玄关入户"", ""401"": ""户型方正"", ""397"": ""动静分离"", ""85"": ""主卧套房"", ""263"": ""VR看房""}","[""现房"", ""项目竣工"", ""厨卫全明"", ""南北通透"", ""卧室全朝南""]",https://pic4.ajkimg.com/display/xinfang/6a43782ab2408e7cbd4522959cd46659/275x206n.jpg,[],杭州淳安县千岛湖镇睦州大道1600号
9077259,嘉花园B区,杭州,18,淳安县,17455,淳安,17456,杭州淳安县淳安千岛湖镇富城路688号,,25元/㎡,25元/㎡,首付18万，月供4328元,122-133㎡,45796m²,72632m²,"[{""id"": 844087, ""rooms"": 3, ""room_alias"": ""三室"", ""area"": 122}, {""id"": 844086, ""rooms"": 3, ""room_alias"": ""三室"", ""area"": 133}]",别墅,别墅户型,2002-06-11,2024年01月31日,2002年,2003年,"[""2022-12-23"", ""2023-09-08""]",{叠加别墅},叠加别墅,70年,1.05,35%,366,毛坯,在建中，竣工时间：2025-12-31,别墅,保利物业,3.5元/㎡/月,,,1:1,售罄,售罄,售罄,"[""淳售许字(2022)第 37号"", ""淳售许字(2023)第11号""]",[],禹洲,,,民电,民水,29.623137,119.063567,"{""service_num"": ""4006708287"", ""num"": ""109288""}","{""81"": ""大阳台"", ""7"": ""项目在建"", ""37"": ""叠加"", ""5"": ""低单价"", ""4"": ""低总价"", ""72"": ""配套纯熟"", ""71"": ""便利店"", ""70"": ""银行"", ""69"": ""学校"", ""68"": ""医院"", ""65"": ""商业街"", ""64"": ""购物中心"", ""82"": ""双卫生间"", ""90"": ""人气楼盘""}","[""大阳台"", ""项目在建"", ""叠加"", ""低单价"", ""低总价""]",https://pic4.ajkimg.com/display/xinfang/8fbc4843a1bfbac38ddf50b7781ff982/275x206n.jpg,[],浙江省杭州市淳安县千岛湖镇富城路688号
3832088,翠未来家园,杭州,18,富阳区,16786,东洲,25393,杭州富阳区东洲东洲街道黄公望村（杭富收费站前行几百米）,,,,,,266664m²,270000m²,[],,,2002-03-27,,2002年,2003年,[],{独栋别墅},独栋别墅,70年,0.36,50%,45,"毛坯,带装修",,别墅,旭辉永升,3元/㎡/月,,45,1:1,售罄,售罄,售罄,[],[],朗诗,,浙江鸿茂控股有限公司,民电,民水,30.086213,120.011035,"""""","{""53"": ""高绿化率"", ""29"": ""装修交付"", ""63"": ""旅游地产"", ""72"": ""配套纯熟"", ""70"": ""银行"", ""69"": ""学校"", ""68"": ""医院"", ""66"": ""公园"", ""64"": ""购物中心"", ""638"": ""民办中学"", ""636"": ""公办小学"", ""606"": ""省一级园"", ""597"": ""公办幼儿园"", ""55"": ""小型社区""}","[""高绿化率"", ""装修交付"", ""旅游地产"", ""配套纯熟"", ""银行""]",https://pic4.ajkimg.com/display/xinfang/74f01a401d587ffb3fc58afb3721f236/275x206n.jpg,[],杭州市南山路8号N8.CLUB内
8281275,绿城金色苑,杭州,18,淳安县,17455,淳安,17456,杭州淳安县淳安千岛湖镇珍珠三路与珍珠大道交叉口,,2742元/㎡,2742元/㎡,首付18万，月供4472元,95-183㎡,住宅：24661.69m² 别墅：24661.69m²,住宅：70279.91m² 别墅：70279.91m²,"[{""id"": 696485, ""rooms"": 3, ""room_alias"": ""三室"", ""area"": 95}, {""id"": 743596, ""rooms"": 3, ""room_alias"": ""三室"", ""area"": 115}, {""id"": 696486, ""rooms"": 3, ""room_alias"": ""三室"", ""area"": 125}, {""id"": 696487, ""rooms"": 4, ""room_alias"": ""四室"", ""area"": 143}, {""id"": 696489, ""rooms"": 4, ""room_alias"": ""四室"", ""area"": 173}, {""id"": 696488, ""rooms"": 4, ""room_alias"": ""四室"", ""area"": 183}]",3/4室、别墅,"3室户型,4室户型,别墅户型",2002-06-13,2022年04月10日,2002年,2003年,"[""2022-04-06"", ""2022-02-17"", ""2021-11-16""]","{高层,花园洋房}",住宅：高层、花园洋房 别墅：叠加别墅,住宅：70年,住宅：1.9,住宅：30% 别墅：30%,住宅：355 别墅：355,住宅：毛坯 别墅：毛坯,已竣工，竣工时间：2023-07-31,住宅,碧桂园服务,住宅：2.8元/㎡/月,,住宅：436 别墅：436,住宅：1:1.23 别墅：1:1.23,售罄,售罄,售罄,"[""淳售许字（2022）第07号"", ""淳售许字（2022）第03号"", ""淳售许字（2021）第59号""]","[""5#"", ""8#"", ""2#、3#、7#""]",远洋,绿城集团,绿城集团,住宅：民电,住宅：民水,29.602066,119.113834,"{""service_num"": ""4006708287"", ""num"": ""97363""}","{""559"": ""现房"", ""557"": ""项目竣工"", ""81"": ""大阳台"", ""56"": ""车位充足"", ""52"": ""低容积"", ""76"": ""厨卫全明"", ""74"": ""南北通透"", ""73"": ""卧室全朝南"", ""78"": ""大户型"", ""404"": ""客餐厅相连"", ""402"": ""玄关入户"", ""401"": ""户型方正"", ""397"": ""动静分离"", ""85"": ""主卧套房"", ""83"": ""双阳台"", ""82"": ""双卫生间"", ""541"": ""3D沙盘"", ""540"": ""日照模拟"", ""263"": ""VR看房"", ""50"": ""品牌开发商""}","[""现房"", ""项目竣工"", ""大阳台"", ""车位充足"", ""低容积""]",https://pic4.ajkimg.com/display/xinfang/f60aed4e4b88f230f015aa488207adda/275x206n.jpg,[],浙江省杭州市淳安县千岛湖镇珍珠三路与珍珠大道交叉口
8832193,宏家二期,杭州,18,上城区,1802,丁桥,4579,杭州上城区丁桥江干广发路与笕丁路交叉口,,,,,82-90㎡,30000m²,90000m²,"[{""id"": 95904, ""rooms"": 2, ""room_alias"": ""二室"", ""area"": 82}, {""id"": 95903, ""rooms"": 3, ""room_alias"": ""三室"", ""area"": 90}, {""id"": 95905, ""rooms"": 3, ""room_alias"": ""三室"", ""area"": 90}, {""id"": 95906, ""rooms"": 3, ""room_alias"": ""三室"", ""area"": 90}, {""id"": 95908, ""rooms"": 3, ""room_alias"": ""三室"", ""area"": 90}]",2/3室,"2室户型,3室户型",2002-09-19,,2002年,2003年,[],超高层,高层,70年,1.9,30%,600,毛坯,,住宅,雅生活服务,2.75元/㎡/月,,500,1:0.8,售罄,售罄,售罄,"[""杭售许字(2016)第000019号"", ""杭售许字(2015)第000126号"", ""杭售许字(2015)第000087号""]",[],朗诗,,,民电,民水,30.377508,120.219382,"{""service_num"": ""4006708287"", ""num"": """"}","{""52"": ""低容积"", ""9"": ""轨交房"", ""72"": ""配套纯熟"", ""70"": ""银行"", ""69"": ""学校"", ""68"": ""医院"", ""66"": ""公园"", ""65"": ""商业街"", ""64"": ""购物中心"", ""637"": ""公办中学"", ""636"": ""公办小学"", ""606"": ""省一级园"", ""598"": ""民办幼儿园"", ""597"": ""公办幼儿园""}","[""低容积"", ""轨交房"", ""配套纯熟"", ""银行"", ""学校""]",https://pic4.ajkimg.com/display/xinfang/ff4b46dee83c615efda6f66bd69f5046/275x206n.jpg,"[{""id"": ""7211661"", ""loupan_id"": ""250352"", ""station_id"": ""10218"", ""subway_id"": ""1010"", ""city_id"": ""18"", ""distance"": ""623米"", ""status"": ""1"", ""last_update_time"": ""1774211226"", ""is_rail_loupan"": ""1"", ""subway_name"": ""3号线"", ""station_name"": ""桃花湖公园"", ""distance_raw"": ""623""}, {""id"": ""7211653"", ""loupan_id"": ""250352"", ""station_id"": ""10228"", ""subway_id"": ""1010"", ""city_id"": ""18"", ""distance"": ""1259米"", ""status"": ""1"", ""last_update_time"": ""1774211226"", ""is_rail_loupan"": ""1"", ""subway_name"": ""3号线"", ""station_name"": ""丁桥"", ""distance_raw"": ""1259""}]",丁桥东路和紫丁香路交界处东北侧
650114,翠梅林谷,杭州,18,上城区,1802,九堡,1837,杭州上城区九堡东至红普路，南至福临街，西至普庆路，北至九州路,,,,,45-55㎡,32000m²,150000m²,"[{""id"": 461162, ""rooms"": 2, ""room_alias"": ""二室"", ""area"": 45}, {""id"": 461161, ""rooms"": 2, ""room_alias"": ""二室"", ""area"": 55}]",2室,商业户型,2002-02-17,2019年11月06日,2002年,2003年,"[""2019-11-02""]",超高层,小高层,40年,2.8,25%,700,带装修,,商业,合景悠活,4.5元/㎡/月,,1300,1:1.9,售罄,售罄,售罄,"[""杭售许字(2019)第000116号""]",[],融创,,杭州普福股份经济合作社,商电,商水,30.33104,120.267537,"""""","{""56"": ""车位充足"", ""29"": ""装修交付"", ""9"": ""轨交房"", ""74"": ""南北通透"", ""73"": ""卧室全朝南"", ""72"": ""配套纯熟"", ""71"": ""便利店"", ""70"": ""银行"", ""68"": ""医院"", ""65"": ""商业街"", ""397"": ""动静分离"", ""82"": ""双卫生间"", ""263"": ""VR看房""}","[""车位充足"", ""装修交付"", ""轨交房"", ""南北通透"", ""卧室全朝南""]",https://pic4.ajkimg.com/display/xinfang/8dd1b559ef4d7cfec79771030fd77a30/275x206n.jpg,"[{""id"": ""7214230"", ""loupan_id"": ""456832"", ""station_id"": ""2635"", ""subway_id"": ""40"", ""city_id"": ""18"", ""distance"": ""919米"", ""status"": ""1"", ""last_update_time"": ""1774211229"", ""is_rail_loupan"": ""1"", ""subway_name"": ""1号线"", ""station_name"": ""九和路"", ""distance_raw"": ""919""}]",杭州市上城区九州路与红普路交汇口
6276084,易辰美好新城,杭州,18,临安区,16784,青山湖科技城,24983,杭州临安区青山湖科技城临安科技大道陈市公路北侧,,1898元/㎡,1898元/㎡,首付10万，月供2525元,92-200㎡,住宅：68239m² 别墅：68239m²,住宅：71793m² 别墅：71793m²,"[{""id"": 882124, ""rooms"": 3, ""room_alias"": ""三室"", ""area"": 92}, {""id"": 266398, ""rooms"": 3, ""room_alias"": ""三室"", ""area"": 94}, {""id"": 745845, ""rooms"": 3, ""room_alias"": ""三室"", ""area"": 130}, {""id"": 745849, ""rooms"": 3, ""room_alias"": ""三室"", ""area"": 133}, {""id"": 882125, ""rooms"": 4, ""room_alias"": ""四室"", ""area"": 123}, {""id"": 266396, ""rooms"": 4, ""room_alias"": ""四室"", ""area"": 125}, {""id"": 745844, ""rooms"": 4, ""room_alias"": ""四室"", ""area"": 140}, {""id"": 882123, ""rooms"": 4, ""room_alias"": ""四室"", ""area"": 140}, {""id"": 745846, ""rooms"": 4, ""room_alias"": ""四室"", ""area"": 145}, {""id"": 745850, ""rooms"": 5, ""room_alias"": ""五室"", ""area"": 150}, {""id"": 882126, ""rooms"": 5, ""room_alias"": ""五室"", ""area"": 150}, {""id"": 739750, ""rooms"": 7, ""room_alias"": ""七室"", ""area"": 200}, {""id"": 739755, ""rooms"": 7, ""room_alias"": ""七室"", ""area"": 200}]",3/4/5室、别墅,"3室户型,4室户型,5室户型,别墅户型",2002-05-18,2024年03月10日,2002年,2003年,"[""2019-03-20"", ""2019-03-06"", ""2018-08-25"", ""2024-02-28"", ""2022-06-15"", ""2022-05-10"", ""2021-12-31"", ""2017-12-01"", ""2017-12-01"", ""2017-12-01"", ""2017-12-01"", ""2019-05-17"", ""2019-01-04"", ""2018-01-27"", ""2018-01-27"", ""2017-12-01"", ""2017-12-01"", ""2017-12-01"", ""2017-12-01"", ""2017-12-01"", ""2017-12-01"", ""2017-12-01"", ""2017-12-01"", ""2017-12-01"", ""2017-12-01"", ""2017-12-01"", ""2017-12-01"", ""2017-12-01"", ""2017-12-01"", ""2017-12-01"", ""2017-12-01"", ""2017-12-01"", ""2017-12-01"", ""2017-12-01"", ""2017-12-01"", ""2017-12-01"", ""2017-12-01"", ""2017-12-01"", ""2017-12-01"", ""2018-08-25"", ""2018-08-25"", ""2018-08-25"", ""2018-08-25"", ""2018-08-25"", ""2018-08-25"", ""2018-08-25""]","{小高层,花园洋房}",住宅：小高层、花园洋房 别墅：独栋别墅、双拼别墅,住宅：70年 别墅：70年,住宅：2 别墅：2.4,住宅：32% 别墅：32%,住宅：566 别墅：566,住宅：毛坯 别墅：毛坯,已竣工，竣工时间：2024-10-26,住宅,中海物业,住宅：2.8元/㎡/月 别墅：3元/㎡/月,,住宅：751 别墅：751,住宅：1:1.3 别墅：1:1.3,售罄,售罄,售罄,"[""临售许字（2019）第00126号"", ""临售许字（2019）第00079号"", ""临售许字（2018）第00606号"", ""临安房预许字（2024）第00044号"", ""临售许字（2022）第ZJ00247号"", ""临售许字（2022）第ZJ00182号"", ""临售许字（2021）第ZJ02550号"", ""临售许字（2017）第00611950100"", ""临售许字（2017）第00626950087"", ""临售许字（2017）第00627950086"", ""临售许字（2017）第00634号"", ""临售许字（2019）第00347号"", ""临售许字（2019）第00005号"", ""临售许字（2018）第00054号"", ""临售许字（2018）第00053号"", ""临售许字（2017）第00633"", ""临售许字（2017）第00612"", ""临售许字（2017）第00613"", ""临售许字（2017）第00614"", ""临售许字（2017）第00615"", ""临售许字（2017）第00616"", ""临售许字（2017）第00617"", ""临售许字（2017）第00618"", ""临售许字（2017）第00619"", ""临售许字（2017）第00620"", ""临售许字（2017）第00621"", ""临售许字（2017）第00622"", ""临售许字（2017）第00623"", ""临售许字（2017）第00624"", ""临售许字（2017）第00625"", ""临售许字（2017）第00626"", ""临售许字（2017）第00627"", ""临售许字（2017）第00628"", ""临售许字（2017）第00629"", ""临售许字（2017）第00630"", ""临售许字（2017）第00631"", ""临售许字（2017）第00632"", ""临售许字（2017）第00611"", ""临售许字（2017）第00634"", ""临售许字（2018）第00600号"", ""临售许字（2018）第00601号"", ""临售许字（2018）第00602号"", ""临售许字（2018）第00603号"", ""临售许字（2018）第00604号"", ""临售许字（2018）第00605号"", ""临售许字（2018）第00607号""]","[""21#、25#"", ""18#、19#、20#、23#"", ""11#、12#、13#、14#、15#、16#、17#"", ""3#、4#、5#、6#、7#、8#、9#、10#"", ""20"", ""7"", ""12"", ""15"", ""5"", ""4"", ""6""]",龙湖,,杭州易辰房地产开发有限公司,住宅：民电,住宅：民水,30.266809,119.793648,"""""","{""559"": ""现房"", ""557"": ""项目竣工"", ""57"": ""人车分流"", ""56"": ""车位充足"", ""76"": ""厨卫全明"", ""74"": ""南北通透"", ""73"": ""卧室全朝南"", ""69"": ""学校"", ""67"": ""生态绿地"", ""66"": ""公园"", ""78"": ""大户型"", ""407"": ""主卧朝南"", ""401"": ""户型方正"", ""397"": ""动静分离"", ""85"": ""主卧套房"", ""90"": ""人气楼盘"", ""598"": ""民办幼儿园"", ""541"": ""3D沙盘"", ""421"": ""无需摇号"", ""263"": ""VR看房""}","[""现房"", ""项目竣工"", ""人车分流"", ""车位充足"", ""厨卫全明""]",https://pic4.ajkimg.com/display/xinfang/9d0a81952b56c57dfdd9458984ea27f5/275x206n.jpg,[],杭州临安 锦北街道陈市线易辰江南大院现场销售中心
6564305,凤阁,杭州,18,拱墅区,1801,文晖,1815,杭州拱墅区文晖上塘河与打铁关河交汇处,,,,,191-240㎡,14806m²,25186.3m²,"[{""id"": 859358, ""rooms"": 4, ""room_alias"": ""四室"", ""area"": 191}, {""id"": 859359, ""rooms"": 4, ""room_alias"": ""四室"", ""area"": 210}, {""id"": 859360, ""rooms"": 4, ""room_alias"": ""四室"", ""area"": 240}]",4室,4室户型,2002-10-11,2026年03月下旬,2002年,2003年,"[""2025-11-28"", ""2025-06-13"", ""2025-09-15""]",多层,低层,70年,1.05,35%,62,,在建中，竣工时间：暂无数据,住宅,融创服务,,,,,售罄,售罄,售罄,"[""杭房预许字(2025)第00584号"", ""杭房预许字(2025)第00250号"", ""杭房预许字(2025)第00401号""]","[""2#"", ""4#、5#"", ""3#""]",雅居乐,,义承置业,民电,民水,30.284504,120.165122,"{""service_num"": ""4006708287"", ""num"": ""13704""}","{""52"": ""低容积"", ""9"": ""轨交房"", ""76"": ""厨卫全明"", ""74"": ""南北通透"", ""73"": ""卧室全朝南"", ""7"": ""项目在建"", ""10"": ""多轨交"", ""276"": ""一房一价"", ""72"": ""配套纯熟"", ""71"": ""便利店"", ""70"": ""银行"", ""69"": ""学校"", ""68"": ""医院"", ""67"": ""生态绿地"", ""66"": ""公园"", ""65"": ""商业街"", ""64"": ""购物中心"", ""78"": ""大户型"", ""402"": ""玄关入户"", ""401"": ""户型方正"", ""397"": ""动静分离"", ""85"": ""主卧套房"", ""638"": ""民办中学"", ""637"": ""公办中学"", ""636"": ""公办小学"", ""635"": ""民办小学"", ""624"": ""九年一贯制"", ""606"": ""省一级园"", ""598"": ""民办幼儿园"", ""597"": ""公办幼儿园"", ""541"": ""3D沙盘"", ""540"": ""日照模拟"", ""422"": ""30日内开盘"", ""263"": ""VR看房"", ""55"": ""小型社区""}","[""低容积"", ""轨交房"", ""厨卫全明"", ""南北通透"", ""卧室全朝南""]",https://pic4.ajkimg.com/display/xinfang/7bec23978caada25adcdcf4d908945f3/275x206n.jpg,"[{""id"": ""7298045"", ""loupan_id"": ""528017"", ""station_id"": ""2630"", ""subway_id"": ""40"", ""city_id"": ""18"", ""distance"": ""1265米"", ""status"": ""1"", ""last_update_time"": ""1774211231"", ""is_rail_loupan"": ""1"", ""subway_name"": ""1号线"", ""station_name"": ""打铁关"", ""distance_raw"": ""1265""}, {""id"": ""7327397"", ""loupan_id"": ""528017"", ""station_id"": ""4842"", ""subway_id"": ""142"", ""city_id"": ""18"", ""distance"": ""1272米"", ""status"": ""1"", ""last_update_time"": ""1774211226"", ""is_rail_loupan"": ""1"", ""subway_name"": ""5号线"", ""station_name"": ""打铁关"", ""distance_raw"": ""1272""}, {""id"": ""7298042"", ""loupan_id"": ""528017"", ""station_id"": ""122128"", ""subway_id"": ""12110"", ""city_id"": ""18"", ""distance"": ""1434米"", ""status"": ""1"", ""last_update_time"": ""1774211231"", ""is_rail_loupan"": ""1"", ""subway_name"": ""15号线"", ""station_name"": ""打铁关站"", ""distance_raw"": ""1434""}]",拱墅区野风现代中心南楼一楼(御境映庐美学体验馆
1557798,御翡翠墅,杭州,18,西湖区,1804,三墩,1876,杭州西湖区三墩古墩路与星艺路交汇处,,,,,125-230㎡,2193m²,6388m²,"[{""id"": 15361, ""rooms"": 2, ""room_alias"": ""二室"", ""area"": 125}, {""id"": 15358, ""rooms"": 2, ""room_alias"": ""二室"", ""area"": 130}, {""id"": 15360, ""rooms"": 4, ""room_alias"": ""四室"", ""area"": 230}]",2/4室,"2室户型,4室户型",2002-09-05,,2002年,2003年,[],{高层},高层,70年,2.91,25%,40,毛坯,,住宅,世茂服务,3.5元/㎡/月,,39,,售罄,售罄,售罄,[],[],阳光城,,杭州钱塘经济开发有限公司,民电,民水,30.297807,120.099982,"{""service_num"": ""4006708287"", ""num"": """"}","{""9"": ""轨交房"", ""10"": ""多轨交"", ""72"": ""配套纯熟"", ""71"": ""便利店"", ""70"": ""银行"", ""69"": ""学校"", ""68"": ""医院"", ""66"": ""公园"", ""65"": ""商业街"", ""64"": ""购物中心"", ""78"": ""大户型"", ""638"": ""民办中学"", ""637"": ""公办中学"", ""636"": ""公办小学"", ""635"": ""民办小学"", ""624"": ""九年一贯制"", ""606"": ""省一级园"", ""598"": ""民办幼儿园"", ""597"": ""公办幼儿园"", ""55"": ""小型社区""}","[""轨交房"", ""多轨交"", ""配套纯熟"", ""便利店"", ""银行""]",https://pic4.ajkimg.com/display/xinfang/a195ee83dcf7f4efc73cb026f40abb0e/275x206n.jpg,"[{""id"": ""7213066"", ""loupan_id"": ""238425"", ""station_id"": ""4807"", ""subway_id"": ""41"", ""city_id"": ""18"", ""distance"": ""301米"", ""status"": ""1"", ""last_update_time"": ""1774211231"", ""is_rail_loupan"": ""1"", ""subway_name"": ""2号线"", ""station_name"": ""文新"", ""distance_raw"": ""301""}, {""id"": ""7213061"", ""loupan_id"": ""238425"", ""station_id"": ""4808"", ""subway_id"": ""41"", ""city_id"": ""18"", ""distance"": ""1059米"", ""status"": ""1"", ""last_update_time"": ""1774211231"", ""is_rail_loupan"": ""1"", ""subway_name"": ""2号线"", ""station_name"": ""三坝"", ""distance_raw"": ""1059""}, {""id"": ""7213460"", ""loupan_id"": ""238425"", ""station_id"": ""4833"", ""subway_id"": ""142"", ""city_id"": ""18"", ""distance"": ""1176米"", ""status"": ""1"", ""last_update_time"": ""1774211231"", ""is_rail_loupan"": ""1"", ""subway_name"": ""5号线"", ""station_name"": ""三坝"", ""distance_raw"": ""1176""}]",黄龙世纪广场B区一层05B室/现场售楼处
8940595,和达中央新城,杭州,18,钱塘区,20267,金沙湖,20270,杭州钱塘区金沙湖金沙大道与银沙路交口,,,,,,40795m²,154054m²,[],,,2002-01-22,,2002年,2003年,[],多层,高层,70年,2.8,30%,970,毛坯,,住宅,融创服务,2元/㎡/月,,925,1:0.9,售罄,售罄,售罄,"[""杭售许字(2012)第3027号"", ""杭售许字(2013)第003022号"", ""杭售许字(2014)第003010号"", ""杭售许字(2016)第003006号""]",[],雅居乐,,杭州和达房地产开发有限公司,民电,民水,30.328982,120.343868,"{""service_num"": ""4006708287"", ""num"": """"}","{""9"": ""轨交房"", ""72"": ""配套纯熟"", ""71"": ""便利店"", ""70"": ""银行"", ""69"": ""学校"", ""68"": ""医院"", ""66"": ""公园"", ""65"": ""商业街"", ""64"": ""购物中心"", ""638"": ""民办中学"", ""637"": ""公办中学"", ""636"": ""公办小学"", ""624"": ""九年一贯制"", ""598"": ""民办幼儿园"", ""597"": ""公办幼儿园""}","[""轨交房"", ""配套纯熟"", ""便利店"", ""银行"", ""学校""]",https://pic4.ajkimg.com/display/xinfang/6f04511b838d82fe43fc346596f39d96/275x206n.jpg,"[{""id"": ""7212402"", ""loupan_id"": ""238419"", ""station_id"": ""2639"", ""subway_id"": ""40"", ""city_id"": ""18"", ""distance"": ""614米"", ""status"": ""1"", ""last_update_time"": ""1774211227"", ""is_rail_loupan"": ""1"", ""subway_name"": ""1号线"", ""station_name"": ""金沙湖"", ""distance_raw"": ""614""}, {""id"": ""7212423"", ""loupan_id"": ""238419"", ""station_id"": ""2640"", ""subway_id"": ""40"", ""city_id"": ""18"", ""distance"": ""615米"", ""status"": ""1"", ""last_update_time"": ""1774211227"", ""is_rail_loupan"": ""1"", ""subway_name"": ""1号线"", ""station_name"": ""高沙路"", ""distance_raw"": ""615""}]",杭州下沙金沙大道与上沙路交叉口南100米（地铁一号线“金沙湖站”D出口步行300米即达）
3448535,万西岸宅,杭州,18,建德市,17457,建德,17458,杭州建德市建德环城北路与新建路交叉路口往北约200米,,3586元/㎡,3586元/㎡,首付22万，月供5446元,89-120㎡,40665m²,84014.71m²,"[{""id"": 628625, ""rooms"": 3, ""room_alias"": ""三室"", ""area"": 89}, {""id"": 628626, ""rooms"": 3, ""room_alias"": ""三室"", ""area"": 99}, {""id"": 628627, ""rooms"": 3, ""room_alias"": ""三室"", ""area"": 104}, {""id"": 628628, ""rooms"": 3, ""room_alias"": ""三室"", ""area"": 111}, {""id"": 628629, ""rooms"": 4, ""room_alias"": ""四室"", ""area"": 120}]",3/4室,"3室户型,4室户型",2002-01-08,2020年12月12日,2002年,2003年,"[""2020-05-26"", ""2020-08-26"", ""2020-11-09"", ""2020-12-09"", ""2020-12-09""]",{高层},高层,70年,1.45,50%,563,带装修,在建中，竣工时间：2021-06-30,住宅,融创服务,2.95元/㎡/月,,595,1:1.06,售罄,售罄,售罄,"[""建售许字（2020）第00456号"", ""建售许字（2020）第01117号"", ""建售许字（2020）第01426号"", ""建售许字（2020）第ZJ00014号"", ""建售许字（2020）第ZJ00015号""]","[""1#、2#、3#、5#"", ""8#、11#"", ""6#"", ""10#"", ""7#""]",美的置业,,建德德旭置业有限公司,民电,民水,29.493767,119.270381,"""""","{""559"": ""现房"", ""56"": ""车位充足"", ""53"": ""高绿化率"", ""52"": ""低容积"", ""29"": ""装修交付"", ""76"": ""厨卫全明"", ""74"": ""南北通透"", ""7"": ""项目在建"", ""78"": ""大户型"", ""404"": ""客餐厅相连"", ""403"": ""私密性好"", ""402"": ""玄关入户"", ""401"": ""户型方正"", ""85"": ""主卧套房"", ""636"": ""公办小学"", ""263"": ""VR看房""}","[""现房"", ""车位充足"", ""高绿化率"", ""低容积"", ""装修交付""]",https://pic4.ajkimg.com/display/xinfang/b5f1e14819ce4859457e4b4edba1071c/275x206n.jpg,[],环城北路与新建路交叉路口往北约200米
458368,杰立西岸美景,杭州,18,临平区,24198,乔司,24201,杭州临平区乔司乔司城隍中路11号,,5969元/㎡,5969元/㎡,首付33万，月供7971元,78-143㎡,4427m²,7747m²,"[{""id"": 766178, ""rooms"": 2, ""room_alias"": ""二室"", ""area"": 78}, {""id"": 766195, ""rooms"": 3, ""room_alias"": ""三室"", ""area"": 83}, {""id"": 766196, ""rooms"": 3, ""room_alias"": ""三室"", ""area"": 143}]",2/3室,"2室户型,3室户型",2002-01-20,2021年07月04日,2002年,2003年,"[""2021-06-26""]",{低层},低层,70年,1.2,30%,51,带装修,,住宅,雅生活服务,3.25元/㎡/月,,58,1:1.1,售罄,售罄,售罄,"[""余售许字（2021）第ZJ02007号""]","[""1#、2#""]",滨江集团,,浙江杰立建设集团有限公司,民电,民水,30.363794,120.298322,"{""service_num"": ""4006708287"", ""num"": """"}","{""56"": ""车位充足"", ""52"": ""低容积"", ""29"": ""装修交付"", ""9"": ""轨交房"", ""74"": ""南北通透"", ""73"": ""卧室全朝南"", ""72"": ""配套纯熟"", ""70"": ""银行"", ""68"": ""医院"", ""65"": ""商业街"", ""64"": ""购物中心"", ""78"": ""大户型"", ""397"": ""动静分离"", ""83"": ""双阳台"", ""637"": ""公办中学"", ""636"": ""公办小学"", ""635"": ""民办小学"", ""624"": ""九年一贯制"", ""598"": ""民办幼儿园"", ""597"": ""公办幼儿园"", ""263"": ""VR看房"", ""55"": ""小型社区""}","[""车位充足"", ""低容积"", ""装修交付"", ""轨交房"", ""南北通透""]",https://pic4.ajkimg.com/display/xinfang/cf550d84869a9017c3c0017f97a5de95/275x206n.jpg,"[{""id"": ""7253755"", ""loupan_id"": ""514053"", ""station_id"": ""120827"", ""subway_id"": ""12055"", ""city_id"": ""18"", ""distance"": ""556米"", ""status"": ""1"", ""last_update_time"": ""1774211231"", ""is_rail_loupan"": ""1"", ""subway_name"": ""9号线"", ""station_name"": ""乔司站"", ""distance_raw"": ""556""}]",杭州市临平区乔司街道城隍中路11号
2229059,瑞榭二期,杭州,18,滨江区,1806,浦沿,1914,杭州滨江区浦沿滨文路和新浦路交叉口以南约200米,,8437元/㎡,8437元/㎡,首付74万，月供17853元,112-150㎡,25704m²,81619.2m²,"[{""id"": 817794, ""rooms"": 3, ""room_alias"": ""三室"", ""area"": 112}, {""id"": 817795, ""rooms"": 4, ""room_alias"": ""四室"", ""area"": 136}, {""id"": 817796, ""rooms"": 4, ""room_alias"": ""四室"", ""area"": 136}, {""id"": 827813, ""rooms"": 4, ""room_alias"": ""四室"", ""area"": 139}, {""id"": 822691, ""rooms"": 4, ""room_alias"": ""四室"", ""area"": 140}, {""id"": 817798, ""rooms"": 4, ""room_alias"": ""四室"", ""area"": 150}]",3/4室,"3室户型,4室户型",2002-03-05,2023年12月上旬,2002年,2003年,"[""2023-11-27"", ""2023-09-19"", ""2023-08-31""]",{高层},高层,70年,2.29,35%,416,带装修,,住宅,保利物业,,,,1:1.2,售罄,售罄,售罄,"[""杭房预许字（2023）第00692号"", ""杭房预许字(2023)第00532号"", ""杭售许字(2023)第004010号""]","[""6#、5#"", ""1#、7#"", ""3#、8#、4#、9#、2#""]",华润,"金地集团,方远集团",,民电,民水,30.185313,120.148729,"{""service_num"": ""4006708287"", ""num"": """"}","{""56"": ""车位充足"", ""29"": ""装修交付"", ""9"": ""轨交房"", ""76"": ""厨卫全明"", ""75"": ""三房朝南"", ""74"": ""南北通透"", ""73"": ""卧室全朝南"", ""10"": ""多轨交"", ""276"": ""一房一价"", ""72"": ""配套纯熟"", ""70"": ""银行"", ""69"": ""学校"", ""68"": ""医院"", ""67"": ""生态绿地"", ""66"": ""公园"", ""65"": ""商业街"", ""64"": ""购物中心"", ""78"": ""大户型"", ""402"": ""玄关入户"", ""401"": ""户型方正"", ""86"": ""全景飘窗"", ""85"": ""主卧套房"", ""82"": ""双卫生间"", ""638"": ""民办中学"", ""637"": ""公办中学"", ""636"": ""公办小学"", ""624"": ""九年一贯制"", ""606"": ""省一级园"", ""598"": ""民办幼儿园"", ""597"": ""公办幼儿园"", ""541"": ""3D沙盘"", ""540"": ""日照模拟"", ""263"": ""VR看房"", ""50"": ""品牌开发商""}","[""车位充足"", ""装修交付"", ""轨交房"", ""厨卫全明"", ""三房朝南""]",https://pic4.ajkimg.com/display/xinfang/6d0868daedf7fdd887ffb8072f347c10/275x206n.jpg,"[{""id"": ""7337159"", ""loupan_id"": ""520256"", ""station_id"": ""120858"", ""subway_id"": ""143"", ""city_id"": ""18"", ""distance"": ""722米"", ""status"": ""1"", ""last_update_time"": ""1774211228"", ""is_rail_loupan"": ""1"", ""subway_name"": ""6号线"", ""station_name"": ""西浦路站"", ""distance_raw"": ""722""}, {""id"": ""7337163"", ""loupan_id"": ""520256"", ""station_id"": ""4822"", ""subway_id"": ""42"", ""city_id"": ""18"", ""distance"": ""965米"", ""status"": ""1"", ""last_update_time"": ""1774211229"", ""is_rail_loupan"": ""1"", ""subway_name"": ""4号线"", ""station_name"": ""杨家墩"", ""distance_raw"": ""965""}, {""id"": ""7337164"", ""loupan_id"": ""520256"", ""station_id"": ""4821"", ""subway_id"": ""42"", ""city_id"": ""18"", ""distance"": ""1087米"", ""status"": ""1"", ""last_update_time"": ""1774211229"", ""is_rail_loupan"": ""1"", ""subway_name"": ""4号线"", ""station_name"": ""中医药大学"", ""distance_raw"": ""1087""}, {""id"": ""7337160"", ""loupan_id"": ""520256"", ""station_id"": ""120857"", ""subway_id"": ""143"", ""city_id"": ""18"", ""distance"": ""1107米"", ""status"": ""1"", ""last_update_time"": ""1774211228"", ""is_rail_loupan"": ""1"", ""subway_name"": ""6号线"", ""station_name"": ""中医药大学站"", ""distance_raw"": ""1107""}]",浙江省杭州市滨江区滨文路和新浦路交叉口以南约200米
4616546,天时代家,杭州,18,临安区,16784,锦城,25401,杭州临安区锦城新民街与横谭路交叉口,,4640元/㎡,4640元/㎡,首付23万，月供5554元,70㎡,13178m²,53192.43m²,"[{""id"": 752754, ""rooms"": 2, ""room_alias"": ""二室"", ""area"": 70}, {""id"": 752761, ""rooms"": 2, ""room_alias"": ""二室"", ""area"": 70}]",2室,2室户型,2002-01-14,2022年11月05日,2002年,2003年,"[""2022-10-28"", ""2022-05-16""]",{高层},高层,70年,2.45,35%,329,带装修,已竣工，竣工时间：2024-10-18,住宅,中海物业,2.5元/㎡/月,,459,1:1.4,售罄,售罄,售罄,"[""临售许字（2022）第ZJ00537号"", ""临售许字（2022）第ZJ00191号""]","[""3#、4#、5#"", ""1#、2#""]",金地,中天控股,中天控股,民电,民水,30.231528,119.713654,"""""","{""559"": ""现房"", ""557"": ""项目竣工"", ""56"": ""车位充足"", ""29"": ""装修交付"", ""9"": ""轨交房"", ""76"": ""厨卫全明"", ""74"": ""南北通透"", ""73"": ""卧室全朝南"", ""547"": ""地铁"", ""69"": ""学校"", ""68"": ""医院"", ""79"": ""小户型"", ""402"": ""玄关入户"", ""401"": ""户型方正"", ""397"": ""动静分离"", ""82"": ""双卫生间"", ""637"": ""公办中学"", ""636"": ""公办小学"", ""598"": ""民办幼儿园"", ""597"": ""公办幼儿园"", ""541"": ""3D沙盘"", ""540"": ""日照模拟"", ""421"": ""无需摇号"", ""263"": ""VR看房"", ""50"": ""品牌开发商""}","[""现房"", ""项目竣工"", ""车位充足"", ""装修交付"", ""轨交房""]",https://pic4.ajkimg.com/display/xinfang/c1de09c9f0115df2133d6794d3d97df8/275x206n.jpg,"[{""id"": ""7189136"", ""loupan_id"": ""509416"", ""station_id"": ""10687"", ""subway_id"": ""1032"", ""city_id"": ""18"", ""distance"": ""1041米"", ""status"": ""1"", ""last_update_time"": ""1774211230"", ""is_rail_loupan"": ""1"", ""subway_name"": ""16号线"", ""station_name"": ""临安广场"", ""distance_raw"": ""1041""}]",杭州市临安区锦北街道苕溪北街与万马路交叉口往西300米（中天溪珺庭城市会客厅
6993051,龙井红树雅居,杭州,18,西湖区,1804,之江,24206,杭州西湖区之江龙新路与上城埭路交叉口,,126元/㎡,126元/㎡,首付90万，月供21640元,138-161㎡,51217m²,116817.86m²,"[{""id"": 770008, ""rooms"": 4, ""room_alias"": ""四室"", ""area"": 138}, {""id"": 770007, ""rooms"": 4, ""room_alias"": ""四室"", ""area"": 160}]",别墅,别墅户型,2002-12-09,2022年09月21日,2002年,2003年,"[""2023-04-28"", ""2023-02-20"", ""2022-09-09""]",{叠加别墅},叠加别墅,70年,1.02,30%,188,带装修,已竣工，竣工时间：2025-06-07,别墅,融创服务,3元/㎡/月,,280,1:2,售罄,售罄,售罄,"[""杭售许字(2023)第005005号"", ""杭售许字(2023)第005002号"", ""杭售许字(2022)第005014号""]","[""9#"", ""10#、11#"", ""1#、2#、3#、4#、5#、6#、7#、8#、12#、13#""]",金茂,中港建设,杭州绿庭置业发展有限公司,民电,民水,30.202736,120.073216,"{""service_num"": ""4006708287"", ""num"": ""14786""}","{""559"": ""现房"", ""557"": ""项目竣工"", ""56"": ""车位充足"", ""29"": ""装修交付"", ""9"": ""轨交房"", ""76"": ""厨卫全明"", ""74"": ""南北通透"", ""73"": ""卧室全朝南"", ""37"": ""叠加"", ""276"": ""一房一价"", ""63"": ""旅游地产"", ""69"": ""学校"", ""78"": ""大户型"", ""402"": ""玄关入户"", ""401"": ""户型方正"", ""397"": ""动静分离"", ""85"": ""主卧套房"", ""637"": ""公办中学"", ""624"": ""九年一贯制"", ""597"": ""公办幼儿园"", ""541"": ""3D沙盘"", ""540"": ""日照模拟"", ""263"": ""VR看房"", ""55"": ""小型社区"", ""50"": ""品牌开发商""}","[""现房"", ""项目竣工"", ""车位充足"", ""装修交付"", ""轨交房""]",https://pic4.ajkimg.com/display/xinfang/c9385330a02821091371f64661a65d87/275x206n.jpg,"[{""id"": ""7267666"", ""loupan_id"": ""513444"", ""station_id"": ""122107"", ""subway_id"": ""12109"", ""city_id"": ""18"", ""distance"": ""381米"", ""status"": ""1"", ""last_update_time"": ""1774211232"", ""is_rail_loupan"": ""1"", ""subway_name"": ""12号线"", ""station_name"": ""龙坞站"", ""distance_raw"": ""381""}, {""id"": ""7267667"", ""loupan_id"": ""513444"", ""station_id"": ""122108"", ""subway_id"": ""12109"", ""city_id"": ""18"", ""distance"": ""813米"", ""status"": ""1"", ""last_update_time"": ""1774211232"", ""is_rail_loupan"": ""1"", ""subway_name"": ""12号线"", ""station_name"": ""叶埠桥路站"", ""distance_raw"": ""813""}]",西湖区龙新路与上城埭路交叉口
5181599,碧公寓,杭州,18,临安区,16784,青山湖科技城,24983,杭州临安区青山湖科技城临安区S206,,83元/㎡,83元/㎡,首付59万，月供14246元,173㎡,59265m²,124163.66m²,"[{""id"": 744898, ""rooms"": 4, ""room_alias"": ""四室"", ""area"": 173}, {""id"": 746098, ""rooms"": 4, ""room_alias"": ""四室"", ""area"": 173}, {""id"": 746099, ""rooms"": 4, ""room_alias"": ""四室"", ""area"": 173}, {""id"": 762994, ""rooms"": 4, ""room_alias"": ""四室"", ""area"": 173}]",别墅,别墅户型,2002-10-02,2024年03月21日,2002年,2003年,"[""2024-03-14"", ""2022-09-21"", ""2022-03-25""]",超高层,叠加别墅,70年,1.3,30%,379,带装修,已竣工，竣工时间：2024-11-30,别墅,保利物业,4.5元/㎡/月,,670,1:1.77,售罄,售罄,售罄,"[""临安房预许字（2024）第00073号"", ""临售许字（2022）第ZJ00453号"", ""临售许字（2022）第ZJ00115号""]","[""20#、27#、30#、3#、28#"", ""10#、14#、15#、16#、17#"", ""11#、12#、13#""]",正荣,西房集团,杭州鑫澜置业有限公司,民电,民水,30.23016,119.767335,"{""service_num"": ""4006708287"", ""num"": ""80541""}","{""559"": ""现房"", ""557"": ""项目竣工"", ""56"": ""车位充足"", ""29"": ""装修交付"", ""276"": ""一房一价"", ""4"": ""低总价"", ""598"": ""民办幼儿园"", ""541"": ""3D沙盘"", ""421"": ""无需摇号"", ""263"": ""VR看房"", ""50"": ""品牌开发商""}","[""现房"", ""项目竣工"", ""车位充足"", ""装修交付"", ""一房一价""]",https://pic4.ajkimg.com/display/xinfang/dba2c7e4521e319d151a3a28031032ec/275x206n.jpg,[],浙江省杭州市临安区S206
3439695,凤蓝湾豪庭,杭州,18,桐庐县,17459,桐庐,17460,杭州桐庐县桐庐瑶琳镇和平路38号,,2531元/㎡,2531元/㎡,首付6万，月供1623元,43-73㎡,13733.01m²,20761.15m²,"[{""id"": 724701, ""rooms"": 1, ""room_alias"": ""一室"", ""area"": 43}, {""id"": 724704, ""rooms"": 2, ""room_alias"": ""二室"", ""area"": 73}]",1/2室,"1室户型,2室户型",2002-10-08,2021年10月15日,2002年,2003年,"[""2021-10-04""]",{高层},高层,70年,1.6,30%,388,毛坯,,住宅,招商积余,1.7元/㎡/月,,180,1:0.6,售罄,售罄,售罄,"[""桐售许字（2021）第ZJ02319号""]","[""1#、2#、3#、4#""]",滨江集团,,杭州凯全实业有限公司,民电,民水,29.906319,119.555986,"{""service_num"": ""4006708287"", ""num"": ""37896""}","{""559"": ""现房"", ""52"": ""低容积"", ""73"": ""卧室全朝南"", ""79"": ""小户型"", ""401"": ""户型方正"", ""397"": ""动静分离"", ""637"": ""公办中学"", ""636"": ""公办小学"", ""263"": ""VR看房""}","[""现房"", ""低容积"", ""卧室全朝南"", ""小户型"", ""户型方正""]",https://pic4.ajkimg.com/display/xinfang/3fd4c8ef0cdadee5c316844fe8fb3fe5/275x206n.jpg,[],杭州市桐庐县瑶琳镇和平路38号
6984363,新天美好景,杭州,18,下城,1805,华丰,4582,杭州下城华丰长浜路与新天地街交叉口东北,,,,,48-80㎡,42184m²,400000m²,"[{""id"": 251078, ""rooms"": 1, ""room_alias"": ""一室"", ""area"": 48.29}, {""id"": 251080, ""rooms"": 1, ""room_alias"": ""一室"", ""area"": 54.23}, {""id"": 250967, ""rooms"": 1, ""room_alias"": ""一室"", ""area"": 59.98}, {""id"": 217261, ""rooms"": 2, ""room_alias"": ""二室"", ""area"": 48.29}, {""id"": 250948, ""rooms"": 2, ""room_alias"": ""二室"", ""area"": 54.23}, {""id"": 248248, ""rooms"": 2, ""room_alias"": ""二室"", ""area"": 59.98}, {""id"": 250951, ""rooms"": 3, ""room_alias"": ""三室"", ""area"": 79.51}]",1/2/3室,商业户型,2002-09-08,,2002年,2003年,[],{高层},高层,40年,5.7,25%,1591,带装修,,商业,万科物业,4.8元/㎡/月,,2400,,售罄,售罄,售罄,"[""杭售许字(2015)第000139号""]",[],万科,,杭州新天地集团有限公司,商电,商水,30.333629,120.184394,"""""","{""29"": ""装修交付"", ""9"": ""轨交房"", ""10"": ""多轨交"", ""72"": ""配套纯熟"", ""70"": ""银行"", ""68"": ""医院"", ""65"": ""商业街"", ""64"": ""购物中心"", ""54"": ""大型社区""}","[""装修交付"", ""轨交房"", ""多轨交"", ""配套纯熟"", ""银行""]",https://pic4.ajkimg.com/display/xinfang/8147b9b47a5f1db502bf7bc16b2c3f95/275x206n.jpg,"[{""id"": ""7211803"", ""loupan_id"": ""414349"", ""station_id"": ""10219"", ""subway_id"": ""1010"", ""city_id"": ""18"", ""distance"": ""173米"", ""status"": ""1"", ""last_update_time"": ""1774211230"", ""is_rail_loupan"": ""1"", ""subway_name"": ""3号线"", ""station_name"": ""新天地街"", ""distance_raw"": ""173""}, {""id"": ""7213637"", ""loupan_id"": ""414349"", ""station_id"": ""120450"", ""subway_id"": ""42"", ""city_id"": ""18"", ""distance"": ""173米"", ""status"": ""1"", ""last_update_time"": ""1774211231"", ""is_rail_loupan"": ""1"", ""subway_name"": ""4号线"", ""station_name"": ""新天地街"", ""distance_raw"": ""173""}]",杭州市下城区长浜路与新天地街交叉口星城发展大厦1幢2-6号底商
6288252,瑞岸B区,杭州,18,上城区,1802,九堡,1837,杭州上城区九堡杭乔路与德胜东路高架交汇处,,,,,,87676m²,350000m²,[],,,2002-02-25,,2002年,2003年,[],{},,40年,,15%,2000,毛坯,,商业,世茂服务,2.2元/㎡/月,,2646,,售罄,售罄,售罄,"[""杭售许字(2017)第000097号""]",[],招商蛇口,,,商电,商水,30.340303,120.30543,"""""","{""9"": ""轨交房"", ""10"": ""多轨交"", ""68"": ""医院"", ""65"": ""商业街"", ""54"": ""大型社区""}","[""轨交房"", ""多轨交"", ""医院"", ""商业街"", ""大型社区""]",https://pic4.ajkimg.com/display/xinfang/ffac7cc5e2e2568933feece238c90259/275x206n.jpg,"[{""id"": ""7325460"", ""loupan_id"": ""431811"", ""station_id"": ""2637"", ""subway_id"": ""40"", ""city_id"": ""18"", ""distance"": ""1029米"", ""status"": ""1"", ""last_update_time"": ""1774211231"", ""is_rail_loupan"": ""1"", ""subway_name"": ""1号线"", ""station_name"": ""客运中心"", ""distance_raw"": ""1029""}, {""id"": ""7253695"", ""loupan_id"": ""431811"", ""station_id"": ""120825"", ""subway_id"": ""12055"", ""city_id"": ""18"", ""distance"": ""1034米"", ""status"": ""1"", ""last_update_time"": ""1774211230"", ""is_rail_loupan"": ""1"", ""subway_name"": ""9号线"", ""station_name"": ""客运中心站"", ""distance_raw"": ""1034""}]",江干区杭乔路与德胜东路高架交汇处
185840,天紫金舍,杭州,18,淳安县,17455,淳安,17456,杭州淳安县淳安千岛湖镇阳光路880号,,4218元/㎡,4218元/㎡,首付18万，月供4328元,60-138㎡,66824.23m²,204662.24m²,"[{""id"": 392960, ""rooms"": 2, ""room_alias"": ""二室"", ""area"": 60}, {""id"": 392961, ""rooms"": 2, ""room_alias"": ""二室"", ""area"": 60}, {""id"": 533578, ""rooms"": 2, ""room_alias"": ""二室"", ""area"": 60}, {""id"": 533591, ""rooms"": 2, ""room_alias"": ""二室"", ""area"": 60}, {""id"": 533600, ""rooms"": 3, ""room_alias"": ""三室"", ""area"": 80}, {""id"": 392955, ""rooms"": 3, ""room_alias"": ""三室"", ""area"": 89}, {""id"": 533565, ""rooms"": 4, ""room_alias"": ""四室"", ""area"": 74}, {""id"": 533508, ""rooms"": 4, ""room_alias"": ""四室"", ""area"": 118}, {""id"": 392957, ""rooms"": 4, ""room_alias"": ""四室"", ""area"": 128}, {""id"": 533536, ""rooms"": 4, ""room_alias"": ""四室"", ""area"": 128}, {""id"": 533553, ""rooms"": 4, ""room_alias"": ""四室"", ""area"": 138}]",2/3/4室,"2室户型,3室户型,4室户型",2002-10-17,2018年07月28日,2002年,2003年,"[""2019-08-21"", ""2019-06-06"", ""2018-12-14"", ""2018-10-29"", ""2018-09-03"", ""2018-07-12""]",洋房,高层,70年,2.25,30%,1555,带装修,,住宅,融创服务,2.54~3元/㎡/月,,1365,1:0.9,售罄,售罄,售罄,"[""淳售许字（2019）第22号"", ""淳售许字（2019）第16号"", ""淳售许字（2018）第64号"", ""淳售许字（2018）第57号"", ""淳售许字（2018）第45号"", ""淳售许字（2018）第37号""]","[""5#、9#"", ""6#、7#"", ""8#"", ""4#"", ""1#、2#"", ""3#、10#""]",中铁建,富力集团,富力,民电,民水,29.646837,119.048951,"{""service_num"": ""4006708287"", ""num"": """"}","{""559"": ""现房"", ""29"": ""装修交付"", ""76"": ""厨卫全明"", ""74"": ""南北通透"", ""63"": ""旅游地产"", ""59"": ""湖景地产"", ""79"": ""小户型"", ""78"": ""大户型"", ""402"": ""玄关入户"", ""401"": ""户型方正"", ""397"": ""动静分离"", ""85"": ""主卧套房"", ""83"": ""双阳台"", ""54"": ""大型社区"", ""50"": ""品牌开发商""}","[""现房"", ""装修交付"", ""厨卫全明"", ""南北通透"", ""旅游地产""]",https://pic4.ajkimg.com/display/xinfang/657bf7c58cfac501217fef8f2de7f8a3/275x206n.jpg,[],淳安县千岛湖镇阳光路880号
8884996,裕丰金色峰,杭州,18,下城,1805,市中心,5125,杭州下城市中心白石路202号（颜三路与白石路交叉口东北侧）,,,,,129-140㎡,住宅：18484m² 别墅：18484m²,,"[{""id"": 77448, ""rooms"": 3, ""room_alias"": ""三室"", ""area"": 129}, {""id"": 65145, ""rooms"": 3, ""room_alias"": ""三室"", ""area"": 137.17}, {""id"": 65143, ""rooms"": 3, ""room_alias"": ""三室"", ""area"": 139.26}, {""id"": 65144, ""rooms"": 4, ""room_alias"": ""四室"", ""area"": 139.98}]",3/4室,,2002-07-19,,2002年,2003年,[],小高层,住宅：高层,住宅：70年 别墅：70年,住宅：2.2,住宅：30% 别墅：30%,住宅：480 别墅：480,住宅：毛坯 别墅：毛坯,,住宅,旭辉永升,住宅：2.5元/㎡/月,,住宅：443 别墅：443,住宅：1:0.92 别墅：1:0.92,售罄,售罄,售罄,[],[],世茂,,浙江裕丰实业有限公司;青鸟控股集团,住宅：民电,住宅：民水,30.324545,120.168964,"""""","{""9"": ""轨交房"", ""10"": ""多轨交"", ""72"": ""配套纯熟"", ""71"": ""便利店"", ""70"": ""银行"", ""69"": ""学校"", ""68"": ""医院"", ""67"": ""生态绿地"", ""66"": ""公园"", ""65"": ""商业街"", ""64"": ""购物中心"", ""638"": ""民办中学"", ""637"": ""公办中学"", ""636"": ""公办小学"", ""635"": ""民办小学"", ""624"": ""九年一贯制"", ""606"": ""省一级园"", ""598"": ""民办幼儿园"", ""597"": ""公办幼儿园""}","[""轨交房"", ""多轨交"", ""配套纯熟"", ""便利店"", ""银行""]",https://pic4.ajkimg.com/display/xinfang/4546d411a47b53d1dee6b378b1161d51/275x206n.jpg,"[{""id"": ""7214323"", ""loupan_id"": ""238615"", ""station_id"": ""4839"", ""subway_id"": ""142"", ""city_id"": ""18"", ""distance"": ""698米"", ""status"": ""1"", ""last_update_time"": ""1774211232"", ""is_rail_loupan"": ""1"", ""subway_name"": ""5号线"", ""station_name"": ""西文街"", ""distance_raw"": ""698""}, {""id"": ""7214328"", ""loupan_id"": ""238615"", ""station_id"": ""4840"", ""subway_id"": ""142"", ""city_id"": ""18"", ""distance"": ""962米"", ""status"": ""1"", ""last_update_time"": ""1774211232"", ""is_rail_loupan"": ""1"", ""subway_name"": ""5号线"", ""station_name"": ""东新园"", ""distance_raw"": ""962""}, {""id"": ""7266832"", ""loupan_id"": ""238615"", ""station_id"": ""122126"", ""subway_id"": ""12110"", ""city_id"": ""18"", ""distance"": ""1127米"", ""status"": ""1"", ""last_update_time"": ""1774211230"", ""is_rail_loupan"": ""1"", ""subway_name"": ""15号线"", ""station_name"": ""城北体育公园站"", ""distance_raw"": ""1127""}]",白石路202号灯塔豪园综合楼（近香积寺路）
7533588,紫城,杭州,18,建德市,17457,建德,17458,杭州建德市建德洋安大道与金塘路交汇处,,,,,115㎡,51947m²,131945m²,"[{""id"": 370071, ""rooms"": 3, ""room_alias"": ""三室"", ""area"": 115}]",3室,3室户型,2002-06-18,,2002年,2003年,"[""2019-08-30"", ""2018-06-22"", ""2019-07-09"", ""2018-08-09"", ""2018-04-25"", ""2018-04-12""]",{高层},高层,70年,2.54,35%,1063,毛坯,,住宅,碧桂园服务,2.8元/㎡/月,,1415,1：1.3,售罄,售罄,售罄,"[""建售许字（2018）第035号"", ""建售许字(2018)第022号"", ""建售许字(2018)第025号"", ""建售许字(2018)第030号"", ""建售许字(2018)第011号"", ""建售许字(2018)第009号""]","[""5#"", ""3#、4#"", ""10#"", ""11#、12#"", ""2#、8#、9#"", ""1#、6#、7#""]",龙湖,,建德万固房地产开发有限公司,民电,民水,29.501134,119.327035,"""""","{""76"": ""厨卫全明"", ""74"": ""南北通透"", ""78"": ""大户型"", ""85"": ""主卧套房"", ""82"": ""双卫生间"", ""263"": ""VR看房""}","[""厨卫全明"", ""南北通透"", ""大户型"", ""主卧套房"", ""双卫生间""]",https://pic4.ajkimg.com/display/xinfang/43c25bf1a88d476fec39a6c0dac41495/275x206n.jpg,[],洋安新城洋安大道与金塘路交汇处
4643998,盛翠竹名城,杭州,18,余杭区,1808,良渚,1924,杭州余杭区良渚东临滨河路、毛家漾港，西至规划白南路,,,,,138-180㎡,70250m²,114524m²,"[{""id"": 96298, ""rooms"": 3, ""room_alias"": ""三室"", ""area"": 138}, {""id"": 96299, ""rooms"": 3, ""room_alias"": ""三室"", ""area"": 138}, {""id"": 96300, ""rooms"": 3, ""room_alias"": ""三室"", ""area"": 138}, {""id"": 96301, ""rooms"": 3, ""room_alias"": ""三室"", ""area"": 138}, {""id"": 96304, ""rooms"": 3, ""room_alias"": ""三室"", ""area"": 138}, {""id"": 96305, ""rooms"": 3, ""room_alias"": ""三室"", ""area"": 138}, {""id"": 96307, ""rooms"": 3, ""room_alias"": ""三室"", ""area"": 138}, {""id"": 96308, ""rooms"": 3, ""room_alias"": ""三室"", ""area"": 138}, {""id"": 96302, ""rooms"": 4, ""room_alias"": ""四室"", ""area"": 138}, {""id"": 96303, ""rooms"": 4, ""room_alias"": ""四室"", ""area"": 138}, {""id"": 96306, ""rooms"": 4, ""room_alias"": ""四室"", ""area"": 138}, {""id"": 96309, ""rooms"": 4, ""room_alias"": ""四室"", ""area"": 138}, {""id"": 175828, ""rooms"": 4, ""room_alias"": ""四室"", ""area"": 180}]",3/4室,"3室户型,4室户型",2002-07-10,,2002年,2003年,[],别墅,多层,70年,1.14,30%,558,,,住宅,招商积余,2.9元/㎡/月,,578,1:1.02,售罄,售罄,售罄,"[""余售许字(2015)第00238号"", ""余售许字(2015)第00235号"", ""余售许字(2015)第00220号"", ""余售许字(2015)第00208号"", ""余售许字(2015)第00184号"", ""余售许字(2015)第00163号"", ""余售许字(2015)第00135号"", ""余售许字(2015)第00116号"", ""余售许字(2015)第00106号"", ""余售许字(2015)第00045号"", ""余售许字(2014)第00182号""]",[],恒大,,,民电,民水,30.35359,120.048536,"""""","{""56"": ""车位充足"", ""52"": ""低容积"", ""72"": ""配套纯熟"", ""70"": ""银行"", ""69"": ""学校"", ""68"": ""医院"", ""66"": ""公园"", ""65"": ""商业街"", ""78"": ""大户型"", ""637"": ""公办中学"", ""636"": ""公办小学"", ""606"": ""省一级园"", ""603"": ""二级园"", ""598"": ""民办幼儿园"", ""597"": ""公办幼儿园""}","[""车位充足"", ""低容积"", ""配套纯熟"", ""银行"", ""学校""]",https://pic4.ajkimg.com/display/xinfang/e911d6df4880e575f5601ceb6e7e9f7a/275x206n.jpg,[],万科良渚文化村春漫里公望会所
6604488,元丰明珠舍,杭州,18,上城区,1802,城东新城,5133,杭州上城区城东新城庆春东路与庆菱路交叉口,,,,,170-250㎡,6304m²,30000m²,"[{""id"": 87890, ""rooms"": 3, ""room_alias"": ""三室"", ""area"": 170}, {""id"": 87888, ""rooms"": 3, ""room_alias"": ""三室"", ""area"": 250}, {""id"": 87892, ""rooms"": 4, ""room_alias"": ""四室"", ""area"": 220}]",3/4室,"3室户型,4室户型",2002-06-13,,2002年,2003年,[],{高层},高层,70年,3.5,30%,86,带装修,,住宅,中海物业,5.5元/㎡/月,,,1:1,售罄,售罄,售罄,[],[],中梁,,浙江元丰房地产开发有限公司,民电,民水,30.260993,120.218162,"""""","{""29"": ""装修交付"", ""9"": ""轨交房"", ""10"": ""多轨交"", ""72"": ""配套纯熟"", ""71"": ""便利店"", ""70"": ""银行"", ""69"": ""学校"", ""68"": ""医院"", ""67"": ""生态绿地"", ""66"": ""公园"", ""65"": ""商业街"", ""64"": ""购物中心"", ""78"": ""大户型"", ""638"": ""民办中学"", ""637"": ""公办中学"", ""636"": ""公办小学"", ""606"": ""省一级园"", ""598"": ""民办幼儿园"", ""597"": ""公办幼儿园"", ""55"": ""小型社区""}","[""装修交付"", ""轨交房"", ""多轨交"", ""配套纯熟"", ""便利店""]",https://pic4.ajkimg.com/display/xinfang/40b549348e74e081e765d0c8caae663e/275x206n.jpg,"[{""id"": ""7213976"", ""loupan_id"": ""238576"", ""station_id"": ""4797"", ""subway_id"": ""41"", ""city_id"": ""18"", ""distance"": ""543米"", ""status"": ""1"", ""last_update_time"": ""1774211228"", ""is_rail_loupan"": ""1"", ""subway_name"": ""2号线"", ""station_name"": ""庆菱路"", ""distance_raw"": ""543""}, {""id"": ""7213969"", ""loupan_id"": ""238576"", ""station_id"": ""4796"", ""subway_id"": ""41"", ""city_id"": ""18"", ""distance"": ""1210米"", ""status"": ""1"", ""last_update_time"": ""1774211228"", ""is_rail_loupan"": ""1"", ""subway_name"": ""2号线"", ""station_name"": ""庆春广场"", ""distance_raw"": ""1210""}, {""id"": ""7267499"", ""loupan_id"": ""238576"", ""station_id"": ""122155"", ""subway_id"": ""12111"", ""city_id"": ""18"", ""distance"": ""1387米"", ""status"": ""1"", ""last_update_time"": ""1774211231"", ""is_rail_loupan"": ""1"", ""subway_name"": ""18号线"", ""station_name"": ""华家池站"", ""distance_raw"": ""1387""}, {""id"": ""7267502"", ""loupan_id"": ""238576"", ""station_id"": ""122130"", ""subway_id"": ""12110"", ""city_id"": ""18"", ""distance"": ""1387米"", ""status"": ""1"", ""last_update_time"": ""1774211231"", ""is_rail_loupan"": ""1"", ""subway_name"": ""15号线"", ""station_name"": ""浙大华家池站"", ""distance_raw"": ""1387""}]",下城区朝晖路168-6号钛合国际大厦一楼
4817139,海洲,杭州,18,下城,1805,市中心,5125,杭州下城市中心长板巷99号(河东路和长板巷交叉口),,,,,175-400㎡,40858m²,200000m²,"[{""id"": 16624, ""rooms"": 3, ""room_alias"": ""三室"", ""area"": 175}, {""id"": 16625, ""rooms"": 3, ""room_alias"": ""三室"", ""area"": 175}, {""id"": 54514, ""rooms"": 4, ""room_alias"": ""四室"", ""area"": 310}, {""id"": 200077, ""rooms"": 5, ""room_alias"": ""五室"", ""area"": 400}]",3/4/5室,"3室户型,4室户型,5室户型",2002-07-20,,2002年,2003年,[],{高层},高层,70年,3.2,30%,510,带装修,,住宅,招商积余,3.8元/㎡/月,,340,,售罄,售罄,售罄,"[""杭售许字(2012)第0060号"", ""杭售许字(2010)第0127号"", ""杭售许字(2010)第0056号"", ""杭售许字(2010)第0003号""]",[],绿城,,浙江昆仑置业集团有限公司,民电,民水,30.309168,120.167197,"{""service_num"": ""4006708287"", ""num"": """"}","{""29"": ""装修交付"", ""9"": ""轨交房"", ""72"": ""配套纯熟"", ""71"": ""便利店"", ""70"": ""银行"", ""69"": ""学校"", ""68"": ""医院"", ""66"": ""公园"", ""65"": ""商业街"", ""64"": ""购物中心"", ""78"": ""大户型"", ""638"": ""民办中学"", ""637"": ""公办中学"", ""636"": ""公办小学"", ""635"": ""民办小学"", ""624"": ""九年一贯制"", ""606"": ""省一级园"", ""598"": ""民办幼儿园"", ""597"": ""公办幼儿园""}","[""装修交付"", ""轨交房"", ""配套纯熟"", ""便利店"", ""银行""]",https://pic4.ajkimg.com/display/xinfang/51e09d2499d3115a48cbfe524eb31a8a/275x206n.jpg,"[{""id"": ""7214332"", ""loupan_id"": ""238684"", ""station_id"": ""10220"", ""subway_id"": ""1010"", ""city_id"": ""18"", ""distance"": ""327米"", ""status"": ""1"", ""last_update_time"": ""1774211229"", ""is_rail_loupan"": ""1"", ""subway_name"": ""3号线"", ""station_name"": ""潮王路"", ""distance_raw"": ""327""}]",武林核心区长板巷99号昆仑公馆现场(河东路和长板巷交叉口)
3691129,悦时代宅,杭州,18,上城区,1802,丁桥,4579,杭州上城区丁桥华鹤街与天山路交叉口,,6096元/㎡,6096元/㎡,首付50万，月供12226元,139㎡,48500m²,185000m²,"[{""id"": 703889, ""rooms"": 4, ""room_alias"": ""四室"", ""area"": 139}]",4室,4室户型,2002-12-28,2021年10月04日,2002年,2003年,"[""2021-09-23"", ""2021-07-22""]",{小高层},小高层,70年,2.29,30%,864,带装修,在建中，竣工时间：2023-11-30,住宅,万科物业,3.9元/㎡/月,,1350,1:1.1,售罄,售罄,售罄,"[""杭售许字(2021)第000110号"", ""杭售许字(2021)第000083号""]","[""1#、4#、2#、3#、5#、6#、7#、8#、9#、13#"", ""10#、11#、12#""]",远洋,杭房地产,杭州房地产开发集团有限公司；杭州市城市建设发展集团有限公司,民电,民水,30.369806,120.2466,"{""service_num"": ""4006708287"", ""num"": """"}","{""559"": ""现房"", ""482"": ""国企开发"", ""29"": ""装修交付"", ""76"": ""厨卫全明"", ""74"": ""南北通透"", ""7"": ""项目在建"", ""547"": ""地铁"", ""78"": ""大户型"", ""404"": ""客餐厅相连"", ""402"": ""玄关入户"", ""401"": ""户型方正"", ""85"": ""主卧套房"", ""83"": ""双阳台"", ""82"": ""双卫生间"", ""637"": ""公办中学"", ""636"": ""公办小学"", ""635"": ""民办小学"", ""606"": ""省一级园"", ""603"": ""二级园"", ""598"": ""民办幼儿园"", ""597"": ""公办幼儿园"", ""541"": ""3D沙盘"", ""540"": ""日照模拟"", ""331"": ""大面宽"", ""98"": ""改善置业"", ""97"": ""刚需直选"", ""50"": ""品牌开发商""}","[""现房"", ""国企开发"", ""装修交付"", ""厨卫全明"", ""南北通透""]",https://pic4.ajkimg.com/display/xinfang/3981c40b2f43ab4a0f6c15629c9648ea/275x206n.jpg,[],杭州市华鹤街与天山路交叉口往西200米
1277242,玉泉翠竹公寓,杭州,18,建德市,17457,建德,17458,杭州建德市建德梅城镇环城北路北侧（严州中学北侧）,,,,,89㎡,330000m²,30466m²,"[{""id"": 300129, ""rooms"": 3, ""room_alias"": ""三室"", ""area"": 89}]",3室,3室户型,2002-04-15,,2002年,2003年,[],"{多层,小高层}",多层、小高层,70年,1.5,33%,1100,毛坯,,住宅,合景悠活,2.29元/㎡/月,,,,售罄,售罄,售罄,"[""建售许字(2017)第010号""]",[],恒大,,,民电,民水,29.537973,119.497964,"""""","{""52"": ""低容积"", ""69"": ""学校""}","[""低容积"", ""学校""]",https://pic4.ajkimg.com/display/xinfang/4a828fc7ce426a25578093a1384ed695/275x206n.jpg,[],梅城镇梅花南路8号（好又多超市旁）
2380413,凤花苑一期,杭州,18,西湖区,1804,三墩,1876,杭州西湖区三墩长阳路339号(环镇北路长阳路口),,,,,39-57㎡,3707m²,12310m²,"[{""id"": 16480, ""rooms"": 2, ""room_alias"": ""二室"", ""area"": 38.85}, {""id"": 16479, ""rooms"": 2, ""room_alias"": ""二室"", ""area"": 40}, {""id"": 16478, ""rooms"": 2, ""room_alias"": ""二室"", ""area"": 43.9}, {""id"": 16477, ""rooms"": 2, ""room_alias"": ""二室"", ""area"": 47.73}, {""id"": 16476, ""rooms"": 2, ""room_alias"": ""二室"", ""area"": 53.9}, {""id"": 16475, ""rooms"": 2, ""room_alias"": ""二室"", ""area"": 57}]",2室,2室户型,2002-12-01,,2002年,2003年,[],{高层},高层,,2.7,30%,201,带装修,,住宅,金地智慧服务,4.8元/㎡/月,,57,1:0.3,售罄,售罄,售罄,[],[],金茂,,杭州安达置业有限公司,民电,民水,30.34057,120.088268,"""""","{""29"": ""装修交付"", ""9"": ""轨交房"", ""72"": ""配套纯熟"", ""71"": ""便利店"", ""70"": ""银行"", ""69"": ""学校"", ""68"": ""医院"", ""66"": ""公园"", ""65"": ""商业街"", ""64"": ""购物中心"", ""79"": ""小户型"", ""637"": ""公办中学"", ""636"": ""公办小学"", ""635"": ""民办小学"", ""624"": ""九年一贯制"", ""606"": ""省一级园"", ""603"": ""二级园"", ""598"": ""民办幼儿园"", ""597"": ""公办幼儿园"", ""55"": ""小型社区""}","[""装修交付"", ""轨交房"", ""配套纯熟"", ""便利店"", ""银行""]",https://pic4.ajkimg.com/display/xinfang/5ff12429f5bf35d94fa8885f55d80d6b/275x206n.jpg,"[{""id"": ""7212703"", ""loupan_id"": ""238657"", ""station_id"": ""4811"", ""subway_id"": ""41"", ""city_id"": ""18"", ""distance"": ""936米"", ""status"": ""1"", ""last_update_time"": ""1774211230"", ""is_rail_loupan"": ""1"", ""subway_name"": ""2号线"", ""station_name"": ""墩祥街"", ""distance_raw"": ""936""}, {""id"": ""7212704"", ""loupan_id"": ""238657"", ""station_id"": ""4810"", ""subway_id"": ""41"", ""city_id"": ""18"", ""distance"": ""1233米"", ""status"": ""1"", ""last_update_time"": ""1774211230"", ""is_rail_loupan"": ""1"", ""subway_name"": ""2号线"", ""station_name"": ""三墩"", ""distance_raw"": ""1233""}]",拱墅区长阳路339号(环镇北路长阳路口)
2404045,锦世纪新村,杭州,18,富阳区,16786,富春,25392,杭州富阳区富春富春街道高科路397号,,3164元/㎡,3164元/㎡,首付8万，月供1984元,37-40㎡,19999m²,55142.63m²,"[{""id"": 677504, ""rooms"": 1, ""room_alias"": ""一室"", ""area"": 36.94}]",1室,商业户型,2002-04-02,2019年12月31日,2002年,2003年,"[""2019-07-01"", ""2019-12-12"", ""2019-09-27""]",{高层},高层,40年,2,25%,996,带装修,,商业,世茂服务,3.5元/㎡/月,,486,1:0.5,售罄,售罄,售罄,"[""富售许字(2019)第062号"", ""富售许字(2019)第125号"", ""富售许字(2019)第092号""]","[""3#"", ""1#"", ""2#""]",中南,,杭州富阳金启房地产开发有限公司,商电,商水,30.074809,119.891162,"""""","{""29"": ""装修交付"", ""72"": ""配套纯熟"", ""71"": ""便利店"", ""70"": ""银行"", ""65"": ""商业街"", ""64"": ""购物中心"", ""225"": ""联合办公"", ""204"": ""产业园区""}","[""装修交付"", ""配套纯熟"", ""便利店"", ""银行"", ""商业街""]",https://pic4.ajkimg.com/display/xinfang/788548786b212b5dd43f2aa160c87106/275x206n.jpg,[],杭州市富阳区富春街道高科路397号
4991002,保亿紫金湾,杭州,18,临平区,24198,乔司,24201,杭州临平区乔司乔莫西路与乔安路交叉口,,185元/㎡,185元/㎡,首付132万，月供31738元,245-278㎡,37500m²,82000m²,"[{""id"": 828804, ""rooms"": 4, ""room_alias"": ""四室"", ""area"": 245}, {""id"": 828802, ""rooms"": 4, ""room_alias"": ""四室"", ""area"": 248}, {""id"": 828801, ""rooms"": 4, ""room_alias"": ""四室"", ""area"": 249}, {""id"": 837414, ""rooms"": 4, ""room_alias"": ""四室"", ""area"": 276}, {""id"": 837415, ""rooms"": 4, ""room_alias"": ""四室"", ""area"": 278}]",别墅,别墅户型,2002-07-25,2024年05月14日,2002年,2003年,"[""2024-05-07"", ""2024-03-08"", ""2023-12-20""]",多层,叠加别墅,70年,1.3,35%,186,带装修,,别墅,保利物业,,,389,1:2,售罄,售罄,售罄,"[""临平房预许字(2024)第00169号"", ""临平房预许字（2024）第00055号"", ""临平房预许字（2023）第00757号""]","[""15#、12#、10#、11#、16#、1#"", ""14#、13#、8#、9#、6#、17#"", ""3#、2#、7#、4#、5#""]",绿城,保亿地产,,民电,民水,30.361565,120.296538,"""""","{""56"": ""车位充足"", ""29"": ""装修交付"", ""9"": ""轨交房"", ""276"": ""一房一价"", ""72"": ""配套纯熟"", ""71"": ""便利店"", ""70"": ""银行"", ""69"": ""学校"", ""68"": ""医院"", ""67"": ""生态绿地"", ""66"": ""公园"", ""65"": ""商业街"", ""64"": ""购物中心"", ""637"": ""公办中学"", ""636"": ""公办小学"", ""635"": ""民办小学"", ""624"": ""九年一贯制"", ""598"": ""民办幼儿园"", ""597"": ""公办幼儿园"", ""593"": ""以旧换新"", ""540"": ""日照模拟"", ""421"": ""无需摇号"", ""263"": ""VR看房"", ""55"": ""小型社区"", ""50"": ""品牌开发商""}","[""车位充足"", ""装修交付"", ""轨交房"", ""一房一价"", ""配套纯熟""]",https://pic4.ajkimg.com/display/xinfang/9b35435c435ae34113dd5dc17ce9ae97/275x206n.jpg,"[{""id"": ""7256372"", ""loupan_id"": ""523055"", ""station_id"": ""120827"", ""subway_id"": ""12055"", ""city_id"": ""18"", ""distance"": ""436米"", ""status"": ""1"", ""last_update_time"": ""1774211229"", ""is_rail_loupan"": ""1"", ""subway_name"": ""9号线"", ""station_name"": ""乔司站"", ""distance_raw"": ""436""}]",杭州临平区乔莫西路与乔安路交叉口
1085636,中华庭B区,杭州,18,拱墅区,1801,申花,5130,杭州拱墅区申花莫干山路989号,,,,,121-169㎡,20891m²,81933m²,"[{""id"": 295666, ""rooms"": 3, ""room_alias"": ""三室"", ""area"": 121}, {""id"": 288428, ""rooms"": 3, ""room_alias"": ""三室"", ""area"": 138}, {""id"": 371591, ""rooms"": 4, ""room_alias"": ""四室"", ""area"": 162}, {""id"": 294994, ""rooms"": 4, ""room_alias"": ""四室"", ""area"": 169}]",3/4室、别墅,"3室户型,4室户型,别墅户型",2002-05-06,,2002年,2003年,"[""2017-11-09"", ""2017-12-21"", ""2018-06-11""]",超高层,联排别墅,70年,2.4,30%,344,"毛坯,带装修",,别墅,融创服务,3.65元/㎡/月,,1,1:0,售罄,售罄,售罄,"[""杭售许字(2017)第000098号"", ""杭售许字(2017)第000115号"", ""杭售许字(2018)第000041号""]","[""14#、15#"", ""12#、13#"", ""1#、2#、3#、4#、5#、7#、8#、11#""]",华润,,杭州泓升房地产开发有限公司,民电,民水,30.315381,120.122652,"""""","{""29"": ""装修交付"", ""9"": ""轨交房"", ""10"": ""多轨交"", ""72"": ""配套纯熟"", ""71"": ""便利店"", ""70"": ""银行"", ""65"": ""商业街"", ""64"": ""购物中心"", ""78"": ""大户型"", ""638"": ""民办中学"", ""637"": ""公办中学"", ""636"": ""公办小学"", ""635"": ""民办小学"", ""624"": ""九年一贯制"", ""606"": ""省一级园"", ""598"": ""民办幼儿园"", ""597"": ""公办幼儿园""}","[""装修交付"", ""轨交房"", ""多轨交"", ""配套纯熟"", ""便利店""]",https://pic4.ajkimg.com/display/xinfang/4f21dc3fb931acf739f25e2ddfe7c066/275x206n.jpg,"[{""id"": ""7212956"", ""loupan_id"": ""418490"", ""station_id"": ""120461"", ""subway_id"": ""12038"", ""city_id"": ""18"", ""distance"": ""400米"", ""status"": ""1"", ""last_update_time"": ""1774211227"", ""is_rail_loupan"": ""1"", ""subway_name"": ""10号线"", ""station_name"": ""和睦"", ""distance_raw"": ""400""}, {""id"": ""7213646"", ""loupan_id"": ""418490"", ""station_id"": ""4835"", ""subway_id"": ""142"", ""city_id"": ""18"", ""distance"": ""732米"", ""status"": ""1"", ""last_update_time"": ""1774211228"", ""is_rail_loupan"": ""1"", ""subway_name"": ""5号线"", ""station_name"": ""和睦"", ""distance_raw"": ""732""}, {""id"": ""7212971"", ""loupan_id"": ""418490"", ""station_id"": ""120467"", ""subway_id"": ""12038"", ""city_id"": ""18"", ""distance"": ""810米"", ""status"": ""1"", ""last_update_time"": ""1774211227"", ""is_rail_loupan"": ""1"", ""subway_name"": ""10号线"", ""station_name"": ""花园岗"", ""distance_raw"": ""810""}, {""id"": ""7213645"", ""loupan_id"": ""418490"", ""station_id"": ""4834"", ""subway_id"": ""142"", ""city_id"": ""18"", ""distance"": ""1336米"", ""status"": ""1"", ""last_update_time"": ""1774211228"", ""is_rail_loupan"": ""1"", ""subway_name"": ""5号线"", ""station_name"": ""萍水街"", ""distance_raw"": ""1336""}]",莫干山路989号
6536284,华北辰城,杭州,18,临平区,24198,翁梅,25272,杭州临平区翁梅天万路与翁乔路交叉口,,5611元/㎡,5611元/㎡,首付31万，月供7538元,98-130㎡,33403m²,103000m²,"[{""id"": 780205, ""rooms"": 3, ""room_alias"": ""三室"", ""area"": 98}, {""id"": 780206, ""rooms"": 4, ""room_alias"": ""四室"", ""area"": 116}, {""id"": 780207, ""rooms"": 4, ""room_alias"": ""四室"", ""area"": 116}, {""id"": 780204, ""rooms"": 4, ""room_alias"": ""四室"", ""area"": 130}]",3/4室,"3室户型,4室户型",2002-06-06,2023年04月03日,2002年,2003年,"[""2023-03-22"", ""2023-02-13"", ""2023-01-19"", ""2022-11-29"", ""2022-11-14"", ""2022-10-18""]",{高层},高层,70年,2.2,35%,640,带装修,在建中，竣工时间：暂无数据,住宅,旭辉永升,3.25元/㎡/月,,783,1:1.2,售罄,售罄,售罄,"[""临平售许字（2023）第ZJ00145号"", ""临平售许字（2023）第ZJ00047号"", ""临平售许字（2023）第ZJ00021号"", ""临平售许字（2022）第ZJ00625号"", ""临平售许字（2022）第ZJ00579号"", ""临平售许字（2022）第ZJ00510号""]","[""8#、9#、10#"", ""3#"", ""4#、7#"", ""6#"", ""5#"", ""2#、1#""]",华侨城,中天控股,杭州天樾房地产开发有限公司,民电,民水,30.38509,120.317072,"""""","{""56"": ""车位充足"", ""29"": ""装修交付"", ""9"": ""轨交房"", ""76"": ""厨卫全明"", ""74"": ""南北通透"", ""7"": ""项目在建"", ""276"": ""一房一价"", ""547"": ""地铁"", ""72"": ""配套纯熟"", ""70"": ""银行"", ""69"": ""学校"", ""68"": ""医院"", ""67"": ""生态绿地"", ""65"": ""商业街"", ""64"": ""购物中心"", ""78"": ""大户型"", ""402"": ""玄关入户"", ""401"": ""户型方正"", ""85"": ""主卧套房"", ""638"": ""民办中学"", ""637"": ""公办中学"", ""636"": ""公办小学"", ""635"": ""民办小学"", ""598"": ""民办幼儿园"", ""597"": ""公办幼儿园"", ""541"": ""3D沙盘"", ""540"": ""日照模拟"", ""263"": ""VR看房"", ""50"": ""品牌开发商""}","[""车位充足"", ""装修交付"", ""轨交房"", ""厨卫全明"", ""南北通透""]",https://pic4.ajkimg.com/display/xinfang/c07b1221b9598440e45289c17a8903a9/275x206n.jpg,"[{""id"": ""7253911"", ""loupan_id"": ""516069"", ""station_id"": ""120828"", ""subway_id"": ""12055"", ""city_id"": ""18"", ""distance"": ""391米"", ""status"": ""1"", ""last_update_time"": ""1774211229"", ""is_rail_loupan"": ""1"", ""subway_name"": ""9号线"", ""station_name"": ""翁梅站"", ""distance_raw"": ""391""}]",杭州市临平区天万路与翁乔路交叉口
2191487,虹缤南国华庭,杭州,18,富阳区,16786,银湖,25391,杭州富阳区银湖银湖街道富闲路与创意路交叉口（地铁6号线银湖站C口旁）,,4049元/㎡,4049元/㎡,首付23万，月供5734元,96-130㎡,25860m²,115136m²,"[{""id"": 825588, ""rooms"": 3, ""room_alias"": ""三室"", ""area"": 96}, {""id"": 825589, ""rooms"": 3, ""room_alias"": ""三室"", ""area"": 96}, {""id"": 884668, ""rooms"": 3, ""room_alias"": ""三室"", ""area"": 100}, {""id"": 884666, ""rooms"": 3, ""room_alias"": ""三室"", ""area"": 105}, {""id"": 825590, ""rooms"": 4, ""room_alias"": ""四室"", ""area"": 115}, {""id"": 825591, ""rooms"": 4, ""room_alias"": ""四室"", ""area"": 130}]",3/4室,"3室户型,4室户型",2002-01-11,2026年03月中旬,2002年,2003年,"[""2026-03-13"", ""2025-11-28"", ""2025-05-13"", ""2025-03-14"", ""2024-06-19"", ""2024-01-04"", ""2024-03-13""]",{高层},高层,70年,3.1,35%,712,带装修,已竣工，竣工时间：暂无数据,住宅,碧桂园服务,3.45元/㎡/月,,,,售罄,售罄,售罄,"[""富阳房预许字（2026）第00146号"", ""富阳房预许字（2025）第00583号"", ""富阳房预许字（2025）第00185号"", ""富阳房预许字（2025）第00090号"", ""富阳房预许字（2024）第00270号"", ""富阳房预许字（2024）第00002号"", ""富阳房预许字（2024）第00068号""]","[""2#"", ""1#"", ""6#"", ""11#"", ""7#、10#"", ""4#、5#、8#"", ""9#""]",中海,金帝集团,,民电,民水,30.15298,119.97423,"{""service_num"": ""4006708287"", ""num"": ""102163""}","{""557"": ""项目竣工"", ""29"": ""装修交付"", ""9"": ""轨交房"", ""76"": ""厨卫全明"", ""74"": ""南北通透"", ""73"": ""卧室全朝南"", ""276"": ""一房一价"", ""72"": ""配套纯熟"", ""71"": ""便利店"", ""70"": ""银行"", ""69"": ""学校"", ""68"": ""医院"", ""66"": ""公园"", ""65"": ""商业街"", ""64"": ""购物中心"", ""78"": ""大户型"", ""402"": ""玄关入户"", ""401"": ""户型方正"", ""397"": ""动静分离"", ""85"": ""主卧套房"", ""83"": ""双阳台"", ""92"": ""热搜盘"", ""90"": ""人气楼盘"", ""636"": ""公办小学"", ""603"": ""二级园"", ""598"": ""民办幼儿园"", ""597"": ""公办幼儿园"", ""541"": ""3D沙盘"", ""540"": ""日照模拟"", ""263"": ""VR看房"", ""50"": ""品牌开发商""}","[""项目竣工"", ""装修交付"", ""轨交房"", ""厨卫全明"", ""南北通透""]",https://pic4.ajkimg.com/display/xinfang/808bc39164dbc75bb62c6e20f70497e4/275x206n.jpg,"[{""id"": ""7326787"", ""loupan_id"": ""522992"", ""station_id"": ""120865"", ""subway_id"": ""143"", ""city_id"": ""18"", ""distance"": ""959米"", ""status"": ""1"", ""last_update_time"": ""1774211231"", ""is_rail_loupan"": ""1"", ""subway_name"": ""6号线"", ""station_name"": ""银湖站"", ""distance_raw"": ""959""}]",杭州市富阳区银湖街道富闲路与创意路交叉口（地铁6号线银湖站C口旁）
8130811,锦翡翠洲,杭州,18,萧山区,1807,南站新城,22025,杭州萧山区南站新城白蜡路与海塘路交汇处,,,,,,24659m²,94983.02m²,[],,,2002-01-01,,2002年,2003年,[],{高层},高层,70年,2.5,35%,,,,住宅,保利物业,,,,,售罄,售罄,售罄,[],[],仁恒,,,民电,民水,30.185255,120.293108,"{""service_num"": ""4006708287"", ""num"": ""108920""}","{""72"": ""配套纯熟"", ""71"": ""便利店"", ""70"": ""银行"", ""69"": ""学校"", ""68"": ""医院"", ""67"": ""生态绿地"", ""66"": ""公园"", ""65"": ""商业街"", ""64"": ""购物中心"", ""638"": ""民办中学"", ""637"": ""公办中学"", ""636"": ""公办小学"", ""624"": ""九年一贯制"", ""598"": ""民办幼儿园"", ""597"": ""公办幼儿园"", ""541"": ""3D沙盘"", ""540"": ""日照模拟"", ""281"": ""共有产权房"", ""55"": ""小型社区""}","[""配套纯熟"", ""便利店"", ""银行"", ""学校"", ""医院""]",https://pic4.ajkimg.com/display/xinfang/c61e489fc8b870c1e7c105f6d4de39b7/275x206n.jpg,[],
1840317,保利紫金景,杭州,18,上城区,1802,华家池,5134,"杭州上城区华家池艮山西路,近新塘路",,,,,102-140㎡,44103m²,269587m²,"[{""id"": 144691, ""rooms"": 3, ""room_alias"": ""三室"", ""area"": 102}, {""id"": 144692, ""rooms"": 3, ""room_alias"": ""三室"", ""area"": 125}, {""id"": 211188, ""rooms"": 3, ""room_alias"": ""三室"", ""area"": 125}, {""id"": 211191, ""rooms"": 3, ""room_alias"": ""三室"", ""area"": 126}, {""id"": 161550, ""rooms"": 4, ""room_alias"": ""四室"", ""area"": 140}]",3/4室,"3室户型,4室户型",2002-11-25,,2002年,2003年,[],{高层},高层,70年,4.3,30%,1126,毛坯,,住宅,龙湖智慧服务,3.7元/㎡/月,,1551,1:1.4,售罄,售罄,售罄,"[""杭售许字(2016)第000101号"", ""杭售许字(2016)第000075号"", ""杭售许字(2016)第000056号"", ""杭售许字(2016)第000018号"", ""杭售许字(2015)第000151号""]",[],滨江集团,,保利房地产（集团）股份有限公司,民电,民水,30.29227,120.213157,"""""","{""56"": ""车位充足"", ""9"": ""轨交房"", ""10"": ""多轨交"", ""72"": ""配套纯熟"", ""71"": ""便利店"", ""70"": ""银行"", ""69"": ""学校"", ""68"": ""医院"", ""67"": ""生态绿地"", ""66"": ""公园"", ""65"": ""商业街"", ""64"": ""购物中心"", ""78"": ""大户型"", ""637"": ""公办中学"", ""636"": ""公办小学"", ""624"": ""九年一贯制"", ""606"": ""省一级园"", ""598"": ""民办幼儿园"", ""597"": ""公办幼儿园""}","[""车位充足"", ""轨交房"", ""多轨交"", ""配套纯熟"", ""便利店""]",https://pic4.ajkimg.com/display/xinfang/a313a7a6dce934fbd83f5285c3d9a5d3/275x206n.jpg,"[{""id"": ""7212548"", ""loupan_id"": ""389831"", ""station_id"": ""2670"", ""subway_id"": ""42"", ""city_id"": ""18"", ""distance"": ""354米"", ""status"": ""1"", ""last_update_time"": ""1774211227"", ""is_rail_loupan"": ""1"", ""subway_name"": ""4号线"", ""station_name"": ""新塘"", ""distance_raw"": ""354""}, {""id"": ""7267199"", ""loupan_id"": ""389831"", ""station_id"": ""122131"", ""subway_id"": ""12110"", ""city_id"": ""18"", ""distance"": ""1395米"", ""status"": ""1"", ""last_update_time"": ""1774211227"", ""is_rail_loupan"": ""1"", ""subway_name"": ""15号线"", ""station_name"": ""景芳站"", ""distance_raw"": ""1395""}]",4号线地铁新塘路站B出口
7859812,银名城A区,杭州,18,上城区,1802,九堡,1837,杭州上城区九堡德胜快速路与红普路交叉口,,,,,,70000m²,300000m²,[],,,2002-05-11,,2002年,2003年,[],{},,40年,,,609,毛坯,,标准写字楼,万科物业,5.5元/㎡/月,,1700,,售罄,售罄,售罄,[],[],仁恒,,,商电,商水,30.327828,120.277065,"""""","{""9"": ""轨交房"", ""10"": ""多轨交"", ""70"": ""银行"", ""68"": ""医院"", ""66"": ""公园""}","[""轨交房"", ""多轨交"", ""银行"", ""医院"", ""公园""]",https://pic4.ajkimg.com/display/xinfang/80db01734ef0a0f4060430b0741bbaf9/275x206n.jpg,"[{""id"": ""7327867"", ""loupan_id"": ""414587"", ""station_id"": ""2635"", ""subway_id"": ""40"", ""city_id"": ""18"", ""distance"": ""887米"", ""status"": ""1"", ""last_update_time"": ""1774211231"", ""is_rail_loupan"": ""1"", ""subway_name"": ""1号线"", ""station_name"": ""九和路"", ""distance_raw"": ""887""}, {""id"": ""7267682"", ""loupan_id"": ""414587"", ""station_id"": ""122150"", ""subway_id"": ""12111"", ""city_id"": ""18"", ""distance"": ""1381米"", ""status"": ""1"", ""last_update_time"": ""1774211232"", ""is_rail_loupan"": ""1"", ""subway_name"": ""18号线"", ""station_name"": ""九昌路站"", ""distance_raw"": ""1381""}]",杭州市江干区九州路与红普路交叉口
9870607,雅青山花苑,杭州,18,上城区,1802,城东新城,5133,杭州上城区城东新城德胜路与同协南路交汇处（德胜高架同协路口下）,,,,,40-41㎡,16444m²,64222m²,"[{""id"": 206505, ""rooms"": 1, ""room_alias"": ""一室"", ""area"": 40}, {""id"": 261039, ""rooms"": 1, ""room_alias"": ""一室"", ""area"": 41}, {""id"": 206506, ""rooms"": 2, ""room_alias"": ""二室"", ""area"": 40}]",1/2室,商业户型,2002-11-03,,2002年,2003年,[],高层,高层,40年,3,25%,,毛坯,,商业,华润万象生活,5.5元/㎡/月,,423,1:0.875,售罄,售罄,售罄,"[""杭售许字(2014)第000148号"", ""杭售许字(2015)第000038号""]",[],新城控股,,,商电,商水,30.297661,120.22615,"""""","{""9"": ""轨交房"", ""10"": ""多轨交"", ""43"": ""loft"", ""66"": ""公园""}","[""轨交房"", ""多轨交"", ""loft"", ""公园""]",https://pic4.ajkimg.com/display/xinfang/5bf6a39631c95015dfaea889115bbc00/275x206n.jpg,"[{""id"": ""7212942"", ""loupan_id"": ""411074"", ""station_id"": ""120444"", ""subway_id"": ""42"", ""city_id"": ""18"", ""distance"": ""557米"", ""status"": ""1"", ""last_update_time"": ""1774211231"", ""is_rail_loupan"": ""1"", ""subway_name"": ""4号线"", ""station_name"": ""明石路"", ""distance_raw"": ""557""}, {""id"": ""7211780"", ""loupan_id"": ""411074"", ""station_id"": ""2673"", ""subway_id"": ""42"", ""city_id"": ""18"", ""distance"": ""1375米"", ""status"": ""1"", ""last_update_time"": ""1774211230"", ""is_rail_loupan"": ""1"", ""subway_name"": ""4号线"", ""station_name"": ""彭埠"", ""distance_raw"": ""1375""}, {""id"": ""7330036"", ""loupan_id"": ""411074"", ""station_id"": ""2633"", ""subway_id"": ""40"", ""city_id"": ""18"", ""distance"": ""1375米"", ""status"": ""1"", ""last_update_time"": ""1774211230"", ""is_rail_loupan"": ""1"", ""subway_name"": ""1号线"", ""station_name"": ""彭埠"", ""distance_raw"": ""1375""}]",德胜路与同协南路交汇处（德胜高架同协路口下）
5281474,华鸿星辰翠苑,杭州,18,桐庐县,17459,桐庐,17460,杭州桐庐县桐庐梅林路与阆苑路交叉口,,,,,98-170㎡,住宅：35000m² 别墅：35000m²,住宅：100000m² 别墅：100000m²,"[{""id"": 461818, ""rooms"": 3, ""room_alias"": ""三室"", ""area"": 98}, {""id"": 461816, ""rooms"": 3, ""room_alias"": ""三室"", ""area"": 110}, {""id"": 461878, ""rooms"": 3, ""room_alias"": ""三室"", ""area"": 135}, {""id"": 461815, ""rooms"": 4, ""room_alias"": ""四室"", ""area"": 120}, {""id"": 461814, ""rooms"": 4, ""room_alias"": ""四室"", ""area"": 129}, {""id"": 461852, ""rooms"": 4, ""room_alias"": ""四室"", ""area"": 161}, {""id"": 461869, ""rooms"": 4, ""room_alias"": ""四室"", ""area"": 161}, {""id"": 461831, ""rooms"": 4, ""room_alias"": ""四室"", ""area"": 167}, {""id"": 461826, ""rooms"": 4, ""room_alias"": ""四室"", ""area"": 170}, {""id"": 461833, ""rooms"": 4, ""room_alias"": ""四室"", ""area"": 170}]",3/4室、别墅,"3室户型,4室户型,别墅户型",2002-11-08,,2002年,2003年,"[""2019-11-01"", ""2019-05-15"", ""2019-05-15"", ""2019-05-15"", ""2019-05-15"", ""2019-05-15"", ""2019-08-23""]","{联排别墅,叠加别墅,高层}",住宅：高层 别墅：联排别墅、叠加别墅,住宅：70年 别墅：70年,住宅：2 别墅：2,住宅：30% 别墅：30%,住宅：558 别墅：558,住宅：毛坯 别墅：毛坯,,住宅,华润万象生活,住宅：2.5元/㎡/月 别墅：4.2元/㎡/月,,住宅：550 别墅：550,住宅：1:1 别墅：1:1,售罄,售罄,售罄,"[""桐售许字（2019）第01030号"", ""桐售许字（2019）第00122"", ""桐售许字（2019）第00119"", ""桐售许字（2019）第00120号"", ""桐售许字（2019）第00121号"", ""桐售许字（2019）第00294号"", ""桐售许字（2019）第00693号""]","[""19#"", ""8#、11#"", ""18#"", ""7#"", ""3#、5#、15#"", ""17#"", ""21#""]",融创,,华鸿嘉信+中南置地,住宅：民电,住宅：民水,29.801982,119.726321,"{""service_num"": ""4006708287"", ""num"": """"}","{""81"": ""大阳台"", ""76"": ""厨卫全明"", ""74"": ""南北通透"", ""72"": ""配套纯熟"", ""71"": ""便利店"", ""69"": ""学校"", ""66"": ""公园"", ""65"": ""商业街"", ""78"": ""大户型"", ""402"": ""玄关入户"", ""401"": ""户型方正"", ""85"": ""主卧套房"", ""82"": ""双卫生间"", ""637"": ""公办中学"", ""636"": ""公办小学"", ""624"": ""九年一贯制"", ""263"": ""VR看房""}","[""大阳台"", ""厨卫全明"", ""南北通透"", ""配套纯熟"", ""便利店""]",https://pic4.ajkimg.com/display/xinfang/4f5b27af464847dc2e954e9b8675dd36/275x206n.jpg,[],浙江省桐庐县梅林路与阆苑路交叉口华鸿中南壹号院
4710692,和邸三期,杭州,18,西湖区,1804,三墩,1876,杭州西湖区三墩金渡北路与古墩路交叉口西北角,,,,,,25000m²,160000m²,[],,,2002-07-17,,2002年,2003年,[],{},,40年,,15%,,带装修,,商业街,碧桂园服务,1.68元/㎡/月,,1039,1:0.82,售罄,售罄,售罄,[],[],碧桂园,,,商电,商水,30.340873,120.08775,"""""","{""29"": ""装修交付"", ""9"": ""轨交房"", ""10"": ""多轨交"", ""72"": ""配套纯熟"", ""71"": ""便利店"", ""68"": ""医院"", ""66"": ""公园"", ""64"": ""购物中心""}","[""装修交付"", ""轨交房"", ""多轨交"", ""配套纯熟"", ""便利店""]",https://pic4.ajkimg.com/display/xinfang/22d06e3c417ddecce7a5653b5675ba20/275x206n.jpg,"[{""id"": ""7327751"", ""loupan_id"": ""425480"", ""station_id"": ""4812"", ""subway_id"": ""41"", ""city_id"": ""18"", ""distance"": ""147米"", ""status"": ""1"", ""last_update_time"": ""1774211232"", ""is_rail_loupan"": ""1"", ""subway_name"": ""2号线"", ""station_name"": ""金家渡"", ""distance_raw"": ""147""}, {""id"": ""7214059"", ""loupan_id"": ""425480"", ""station_id"": ""120457"", ""subway_id"": ""42"", ""city_id"": ""18"", ""distance"": ""147米"", ""status"": ""1"", ""last_update_time"": ""1774211228"", ""is_rail_loupan"": ""1"", ""subway_name"": ""4号线"", ""station_name"": ""金家渡"", ""distance_raw"": ""147""}, {""id"": ""7327752"", ""loupan_id"": ""425480"", ""station_id"": ""4811"", ""subway_id"": ""41"", ""city_id"": ""18"", ""distance"": ""1016米"", ""status"": ""1"", ""last_update_time"": ""1774211232"", ""is_rail_loupan"": ""1"", ""subway_name"": ""2号线"", ""station_name"": ""墩祥街"", ""distance_raw"": ""1016""}]",西湖古墩路与金渡北路交叉口西北角
8682745,天盛世佳苑,杭州,18,下城,1805,华丰,4582,杭州下城华丰华中路与康宁路交岔口,,,,,78-131㎡,34m²,97m²,"[{""id"": 29937, ""rooms"": 2, ""room_alias"": ""二室"", ""area"": 78}, {""id"": 29922, ""rooms"": 2, ""room_alias"": ""二室"", ""area"": 80}, {""id"": 29936, ""rooms"": 2, ""room_alias"": ""二室"", ""area"": 83}, {""id"": 29923, ""rooms"": 2, ""room_alias"": ""二室"", ""area"": 87}, {""id"": 29935, ""rooms"": 2, ""room_alias"": ""二室"", ""area"": 89}, {""id"": 29926, ""rooms"": 3, ""room_alias"": ""三室"", ""area"": 112}, {""id"": 29924, ""rooms"": 3, ""room_alias"": ""三室"", ""area"": 130}, {""id"": 29939, ""rooms"": 3, ""room_alias"": ""三室"", ""area"": 130}, {""id"": 29927, ""rooms"": 3, ""room_alias"": ""三室"", ""area"": 131}]",2/3室,"2室户型,3室户型",2002-04-19,,2002年,2003年,[],{高层},高层,70年,2,30%,667,毛坯,,住宅,中海物业,1.75元/㎡/月,,609,1:0.9,售罄,售罄,售罄,[],[],华侨城,,杭州万泰房地产开发有限公司,民电,民水,30.344045,120.207723,"""""","{""9"": ""轨交房"", ""10"": ""多轨交"", ""72"": ""配套纯熟"", ""71"": ""便利店"", ""70"": ""银行"", ""69"": ""学校"", ""68"": ""医院"", ""67"": ""生态绿地"", ""66"": ""公园"", ""65"": ""商业街"", ""64"": ""购物中心"", ""78"": ""大户型"", ""637"": ""公办中学"", ""636"": ""公办小学"", ""624"": ""九年一贯制"", ""606"": ""省一级园"", ""598"": ""民办幼儿园"", ""597"": ""公办幼儿园""}","[""轨交房"", ""多轨交"", ""配套纯熟"", ""便利店"", ""银行""]",https://pic4.ajkimg.com/display/xinfang/6febbf5925888f14a1ede7c0b8f6acc0/275x206n.jpg,"[{""id"": ""7326218"", ""loupan_id"": ""238722"", ""station_id"": ""10201"", ""subway_id"": ""1010"", ""city_id"": ""18"", ""distance"": ""641米"", ""status"": ""1"", ""last_update_time"": ""1774211226"", ""is_rail_loupan"": ""1"", ""subway_name"": ""3号线"", ""station_name"": ""华丰路"", ""distance_raw"": ""641""}, {""id"": ""7213052"", ""loupan_id"": ""238722"", ""station_id"": ""120449"", ""subway_id"": ""42"", ""city_id"": ""18"", ""distance"": ""1434米"", ""status"": ""1"", ""last_update_time"": ""1774211231"", ""is_rail_loupan"": ""1"", ""subway_name"": ""4号线"", ""station_name"": ""华中南路"", ""distance_raw"": ""1434""}]",下城区环城北路85号
1386448,绿尚和平家园,杭州,18,桐庐县,17459,桐庐,17460,杭州桐庐县桐庐富春西路888号,,,,,500㎡,住宅：14280m² 别墅：14280m²,住宅：16000m² 别墅：16000m²,[],别墅,别墅户型,2002-02-20,,2002年,2003年,[],{高层},住宅：高层,住宅：70年 别墅：70年,住宅：1.1,住宅：30% 别墅：30%,,住宅：毛坯 别墅：毛坯,,住宅,融创服务,住宅：3元/㎡/月,,住宅：96 别墅：96,住宅：1:1 别墅：1:1,售罄,售罄,售罄,"[""桐售许字（2013）041号""]",[],佳兆业,,,住宅：民电,住宅：民水,29.758956,119.659752,"""""","{""52"": ""低容积"", ""63"": ""旅游地产"", ""69"": ""学校"", ""78"": ""大户型"", ""636"": ""公办小学""}","[""低容积"", ""旅游地产"", ""学校"", ""大户型"", ""公办小学""]",https://pic4.ajkimg.com/display/xinfang/0416df24b603565197e92b6ecaf8ba6f/275x206n.jpg,[],桐庐县富春江国际会务酒店9号别墅
2692925,银林,杭州,18,富阳区,16786,富春,25392,杭州富阳区富春金桥北路与彩虹路交叉路口,,6117元/㎡,6117元/㎡,首付51万，月供12479元,119-215㎡,139600m²,566200m²,[],,,2002-09-28,2021年06月12日,2002年,2003年,[],{},,40年,,24%,2609,毛坯,,临街店铺,雅生活服务,6元/㎡/月,,3052,1:1.17,售罄,售罄,售罄,[],[],中梁,万达集团,万达投资集团有限公司,商电,商水,30.092218,119.936254,"""""","{""559"": ""现房"", ""56"": ""车位充足"", ""9"": ""轨交房"", ""54"": ""大型社区"", ""50"": ""品牌开发商""}","[""现房"", ""车位充足"", ""轨交房"", ""大型社区"", ""品牌开发商""]",https://pic4.ajkimg.com/display/xinfang/a935698dd03962dbf4d0a966405b4f08/275x206n.jpg,"[{""id"": ""7254296"", ""loupan_id"": ""484165"", ""station_id"": ""120869"", ""subway_id"": ""143"", ""city_id"": ""18"", ""distance"": ""207米"", ""status"": ""1"", ""last_update_time"": ""1774211227"", ""is_rail_loupan"": ""1"", ""subway_name"": ""6号线"", ""station_name"": ""高桥站"", ""distance_raw"": ""207""}, {""id"": ""7254300"", ""loupan_id"": ""484165"", ""station_id"": ""120870"", ""subway_id"": ""143"", ""city_id"": ""18"", ""distance"": ""1249米"", ""status"": ""1"", ""last_update_time"": ""1774211227"", ""is_rail_loupan"": ""1"", ""subway_name"": ""6号线"", ""station_name"": ""阳陂湖站"", ""distance_raw"": ""1249""}]",杭州市富阳区新桥新路28号
4647439,福未来府,杭州,18,萧山区,1807,空港新城,5141,杭州萧山区空港新城会展南路与勇浪巷交会处,,4324元/㎡,4324元/㎡,首付27万，月供6672元,98-110㎡,43515m²,100084m²,"[{""id"": 800800, ""rooms"": 3, ""room_alias"": ""三室"", ""area"": 98}, {""id"": 800802, ""rooms"": 3, ""room_alias"": ""三室"", ""area"": 103}, {""id"": 800803, ""rooms"": 3, ""room_alias"": ""三室"", ""area"": 110}]",3室,3室户型,2002-06-13,2024年03月20日,2002年,2003年,"[""2024-03-13"", ""2023-08-22""]",{高层},高层,70年,2.29,30%,328,带装修,已竣工，竣工时间：2025-10-31,住宅,融创服务,,,356,1:1.08,售罄,售罄,售罄,"[""萧山房预许字(2024)第00071号"", ""萧山房预许字（2023）第00464号""]","[""5#、6#"", ""2#、4#、3#""]",仁恒,蓝城集团,杭州会新置业有限公司,民电,民水,30.264697,120.431694,"""""","{""559"": ""现房"", ""557"": ""项目竣工"", ""56"": ""车位充足"", ""29"": ""装修交付"", ""9"": ""轨交房"", ""76"": ""厨卫全明"", ""74"": ""南北通透"", ""73"": ""卧室全朝南"", ""276"": ""一房一价"", ""5"": ""低单价"", ""72"": ""配套纯熟"", ""71"": ""便利店"", ""70"": ""银行"", ""69"": ""学校"", ""68"": ""医院"", ""65"": ""商业街"", ""64"": ""购物中心"", ""78"": ""大户型"", ""402"": ""玄关入户"", ""401"": ""户型方正"", ""397"": ""动静分离"", ""86"": ""全景飘窗"", ""85"": ""主卧套房"", ""82"": ""双卫生间"", ""637"": ""公办中学"", ""636"": ""公办小学"", ""598"": ""民办幼儿园"", ""597"": ""公办幼儿园"", ""541"": ""3D沙盘"", ""540"": ""日照模拟"", ""263"": ""VR看房"", ""50"": ""品牌开发商""}","[""现房"", ""项目竣工"", ""车位充足"", ""装修交付"", ""轨交房""]",https://pic4.ajkimg.com/display/xinfang/518fb16a2781586573f2680c76638858/275x206n.jpg,"[{""id"": ""7243888"", ""loupan_id"": ""519523"", ""station_id"": ""4881"", ""subway_id"": ""40"", ""city_id"": ""18"", ""distance"": ""1027米"", ""status"": ""1"", ""last_update_time"": ""1774211229"", ""is_rail_loupan"": ""1"", ""subway_name"": ""1号线"", ""station_name"": ""杭州大会展中心"", ""distance_raw"": ""1027""}, {""id"": ""7243887"", ""loupan_id"": ""519523"", ""station_id"": ""4882"", ""subway_id"": ""40"", ""city_id"": ""18"", ""distance"": ""1199米"", ""status"": ""1"", ""last_update_time"": ""1774211229"", ""is_rail_loupan"": ""1"", ""subway_name"": ""1号线"", ""station_name"": ""港城大道"", ""distance_raw"": ""1199""}]",萧山区南虹路与美狮路交叉口东北320米
2502095,滨江梅林佳苑,杭州,18,萧山区,1807,萧山新城,1919,杭州萧山区萧山新城博奥路与金城路交汇处（地铁5号线D出口南向约200米）,,,,,99-137㎡,38657m²,129143m²,"[{""id"": 634104, ""rooms"": 3, ""room_alias"": ""三室"", ""area"": 99}, {""id"": 634103, ""rooms"": 3, ""room_alias"": ""三室"", ""area"": 102}, {""id"": 634102, ""rooms"": 4, ""room_alias"": ""四室"", ""area"": 121}, {""id"": 634101, ""rooms"": 4, ""room_alias"": ""四室"", ""area"": 137}]",3/4室,"3室户型,4室户型",2002-10-28,2021年05月06日,2002年,2003年,"[""2021-04-27"", ""2021-01-27"", ""2020-12-15""]",{},,,,35%,864,,在建中，竣工时间：2023-11-30,住宅,雅生活服务,,,932,1:1.07,售罄,售罄,售罄,"[""萧售许字（2021）第ZJ00405号"", ""萧售许字（2021）第ZJ00097号"", ""萧售许字（2020）第ZJ00099号""]","[""2#、3#、7#、8#"", ""5#、6#"", ""1#、9#""]",雅居乐,滨江集团,滨江,民电,民水,30.185801,120.240922,"{""service_num"": ""4006708287"", ""num"": """"}","{""56"": ""车位充足"", ""9"": ""轨交房"", ""76"": ""厨卫全明"", ""74"": ""南北通透"", ""7"": ""项目在建"", ""10"": ""多轨交"", ""78"": ""大户型"", ""402"": ""玄关入户"", ""401"": ""户型方正"", ""85"": ""主卧套房"", ""637"": ""公办中学"", ""636"": ""公办小学"", ""606"": ""省一级园"", ""598"": ""民办幼儿园"", ""597"": ""公办幼儿园"", ""362"": ""奥体"", ""263"": ""VR看房"", ""50"": ""品牌开发商""}","[""车位充足"", ""轨交房"", ""厨卫全明"", ""南北通透"", ""项目在建""]",https://pic4.ajkimg.com/display/xinfang/fa23d2c93b55c55d20e7e2b065b6f1f4/275x206n.jpg,"[{""id"": ""7212553"", ""loupan_id"": ""487165"", ""station_id"": ""4854"", ""subway_id"": ""142"", ""city_id"": ""18"", ""distance"": ""258米"", ""status"": ""1"", ""last_update_time"": ""1774211230"", ""is_rail_loupan"": ""1"", ""subway_name"": ""5号线"", ""station_name"": ""博奥路"", ""distance_raw"": ""258""}, {""id"": ""7266732"", ""loupan_id"": ""487165"", ""station_id"": ""122139"", ""subway_id"": ""12110"", ""city_id"": ""18"", ""distance"": ""1187米"", ""status"": ""1"", ""last_update_time"": ""1774211229"", ""is_rail_loupan"": ""1"", ""subway_name"": ""15号线"", ""station_name"": ""金鸡路站"", ""distance_raw"": ""1187""}, {""id"": ""7212555"", ""loupan_id"": ""487165"", ""station_id"": ""4855"", ""subway_id"": ""142"", ""city_id"": ""18"", ""distance"": ""1188米"", ""status"": ""1"", ""last_update_time"": ""1774211230"", ""is_rail_loupan"": ""1"", ""subway_name"": ""5号线"", ""station_name"": ""金鸡路"", ""distance_raw"": ""1188""}, {""id"": ""7266715"", ""loupan_id"": ""487165"", ""station_id"": ""122140"", ""subway_id"": ""12110"", ""city_id"": ""18"", ""distance"": ""1341米"", ""status"": ""1"", ""last_update_time"": ""1774211229"", ""is_rail_loupan"": ""1"", ""subway_name"": ""15号线"", ""station_name"": ""萧棉路站"", ""distance_raw"": ""1341""}, {""id"": ""7212552"", ""loupan_id"": ""487165"", ""station_id"": ""4853"", ""subway_id"": ""142"", ""city_id"": ""18"", ""distance"": ""1469米"", ""status"": ""1"", ""last_update_time"": ""1774211230"", ""is_rail_loupan"": ""1"", ""subway_name"": ""5号线"", ""station_name"": ""滨康路"", ""distance_raw"": ""1469""}]",市心北路与建设三路交叉口向东约200米（原拥潮府售楼部）
108455,鑫谷,杭州,18,临平区,24198,乔司,24201,杭州临平区乔司杭海路1636号（三角村公交站往前100米）,,,,,63-174㎡,190m²,514m²,"[{""id"": 27757, ""rooms"": 1, ""room_alias"": ""一室"", ""area"": 63}, {""id"": 27758, ""rooms"": 1, ""room_alias"": ""一室"", ""area"": 63}, {""id"": 17438, ""rooms"": 1, ""room_alias"": ""一室"", ""area"": 70}, {""id"": 17440, ""rooms"": 1, ""room_alias"": ""一室"", ""area"": 74}, {""id"": 27754, ""rooms"": 2, ""room_alias"": ""二室"", ""area"": 85}, {""id"": 27755, ""rooms"": 2, ""room_alias"": ""二室"", ""area"": 85}, {""id"": 56557, ""rooms"": 2, ""room_alias"": ""二室"", ""area"": 88}, {""id"": 56558, ""rooms"": 2, ""room_alias"": ""二室"", ""area"": 88}, {""id"": 17434, ""rooms"": 2, ""room_alias"": ""二室"", ""area"": 174}, {""id"": 23622, ""rooms"": 3, ""room_alias"": ""三室"", ""area"": 89}, {""id"": 27752, ""rooms"": 3, ""room_alias"": ""三室"", ""area"": 89}, {""id"": 27756, ""rooms"": 3, ""room_alias"": ""三室"", ""area"": 89}, {""id"": 56554, ""rooms"": 3, ""room_alias"": ""三室"", ""area"": 89}, {""id"": 27753, ""rooms"": 3, ""room_alias"": ""三室"", ""area"": 121}, {""id"": 17436, ""rooms"": 3, ""room_alias"": ""三室"", ""area"": 146}]",1/2/3室,"1室户型,2室户型,3室户型",2002-01-12,,2002年,2003年,[],"{小高层,高层}",小高层、高层,70年,2.2,30%,4299,毛坯,,住宅,金地智慧服务,1.8元/㎡/月,,2600,1:0.6,售罄,售罄,售罄,[],[],中梁,,复地集团,民电,民水,30.33572,120.294858,"""""","{""57"": ""人车分流"", ""9"": ""轨交房"", ""72"": ""配套纯熟"", ""71"": ""便利店"", ""70"": ""银行"", ""69"": ""学校"", ""68"": ""医院"", ""67"": ""生态绿地"", ""66"": ""公园"", ""65"": ""商业街"", ""64"": ""购物中心"", ""79"": ""小户型"", ""78"": ""大户型"", ""637"": ""公办中学"", ""636"": ""公办小学"", ""624"": ""九年一贯制"", ""606"": ""省一级园"", ""598"": ""民办幼儿园"", ""597"": ""公办幼儿园"", ""54"": ""大型社区""}","[""人车分流"", ""轨交房"", ""配套纯熟"", ""便利店"", ""银行""]",https://pic4.ajkimg.com/display/xinfang/df3d9c5dec9ced344e7efc1cb40ab8f4/275x206n.jpg,"[{""id"": ""7253570"", ""loupan_id"": ""238919"", ""station_id"": ""120826"", ""subway_id"": ""12055"", ""city_id"": ""18"", ""distance"": ""938米"", ""status"": ""1"", ""last_update_time"": ""1774211229"", ""is_rail_loupan"": ""1"", ""subway_name"": ""9号线"", ""station_name"": ""乔司南站"", ""distance_raw"": ""938""}]",杭海路1636号(三角村公交站往前100米)
7896958,世幸福墅,杭州,18,滨江区,1806,长河,1917,杭州滨江区长河火炬南路1612号(火炬大道和时代高架交叉口),,,,,128-220㎡,住宅：75000m² 别墅：75000m²,住宅：136000m² 别墅：136000m²,"[{""id"": 17198, ""rooms"": 3, ""room_alias"": ""三室"", ""area"": 127.73}, {""id"": 55842, ""rooms"": 3, ""room_alias"": ""三室"", ""area"": 132.88}, {""id"": 17199, ""rooms"": 5, ""room_alias"": ""五室"", ""area"": 219.54}, {""id"": 17200, ""rooms"": 5, ""room_alias"": ""五室"", ""area"": 219.54}]",3/5室,"3室户型,5室户型",2002-11-24,,2002年,2003年,[],"{小高层,高层}",住宅：小高层、高层,住宅：70年 别墅：70年,住宅：1.8,住宅：31% 别墅：31%,住宅：1195 别墅：1195,住宅：毛坯 别墅：毛坯,,住宅,华润万象生活,住宅：1.44元/㎡/月,,住宅：600 别墅：600,,售罄,售罄,售罄,[],[],禹洲,,杭州中投置业有限公司,住宅：民电,住宅：民水,30.16681,120.189009,"{""service_num"": ""4006708287"", ""num"": """"}","{""52"": ""低容积"", ""72"": ""配套纯熟"", ""71"": ""便利店"", ""70"": ""银行"", ""69"": ""学校"", ""68"": ""医院"", ""66"": ""公园"", ""65"": ""商业街"", ""78"": ""大户型"", ""638"": ""民办中学"", ""637"": ""公办中学"", ""636"": ""公办小学"", ""624"": ""九年一贯制"", ""606"": ""省一级园"", ""598"": ""民办幼儿园"", ""597"": ""公办幼儿园""}","[""低容积"", ""配套纯熟"", ""便利店"", ""银行"", ""学校""]",https://pic4.ajkimg.com/display/xinfang/2a56a23fc098ee2ea0065b3111b04bf1/275x206n.jpg,[],滨江区火炬南路1612号(火炬大道和时代高架交叉口/四桥往南过冠山隧道下高架即到)
7383783,万达世纪嘉园,杭州,18,拱墅区,1801,申花,5130,杭州拱墅区申花石祥路和杭行路交汇处东北方向,,,,,78-1700㎡,12510m²,360000m²,"[{""id"": 199653, ""rooms"": 1, ""room_alias"": ""一室"", ""area"": 78}, {""id"": 199651, ""rooms"": 1, ""room_alias"": ""一室"", ""area"": 1700}]",,商业户型,2002-07-21,,2002年,2003年,[],{},,40年,,30%,,毛坯,,标准写字楼,新城悦服务,4.95元/㎡/月,,,1:1,售罄,售罄,售罄,[],[],远洋,,,商电,商水,30.327975,120.114631,"""""","{""9"": ""轨交房"", ""72"": ""配套纯熟"", ""71"": ""便利店"", ""70"": ""银行"", ""68"": ""医院"", ""65"": ""商业街"", ""64"": ""购物中心""}","[""轨交房"", ""配套纯熟"", ""便利店"", ""银行"", ""医院""]",https://pic4.ajkimg.com/display/xinfang/69c4edade4999b49387d8706f4a65ac3/275x206n.jpg,"[{""id"": ""7214612"", ""loupan_id"": ""400640"", ""station_id"": ""120464"", ""subway_id"": ""12038"", ""city_id"": ""18"", ""distance"": ""879米"", ""status"": ""1"", ""last_update_time"": ""1774211229"", ""is_rail_loupan"": ""1"", ""subway_name"": ""10号线"", ""station_name"": ""祥园路"", ""distance_raw"": ""879""}, {""id"": ""7214615"", ""loupan_id"": ""400640"", ""station_id"": ""120465"", ""subway_id"": ""12038"", ""city_id"": ""18"", ""distance"": ""999米"", ""status"": ""1"", ""last_update_time"": ""1774211229"", ""is_rail_loupan"": ""1"", ""subway_name"": ""10号线"", ""station_name"": ""渡驾桥"", ""distance_raw"": ""999""}]",拱墅区石祥路与杭行路交叉口北200米
9075462,宏园二期,杭州,18,拱墅区,1801,华丰,24205,杭州拱墅区华丰康宁街与华西路交叉口西北侧,,7003元/㎡,7003元/㎡,首付43万，月供10567元,103-139㎡,24615m²,76803m²,"[{""id"": 787416, ""rooms"": 3, ""room_alias"": ""三室"", ""area"": 103}, {""id"": 787415, ""rooms"": 4, ""room_alias"": ""四室"", ""area"": 126}, {""id"": 787414, ""rooms"": 4, ""room_alias"": ""四室"", ""area"": 139}]",3/4室,"3室户型,4室户型",2002-08-27,2023年05月09日,2002年,2003年,"[""2023-04-28"", ""2023-03-09"", ""2023-02-17"", ""2022-12-20""]",{高层},高层,70年,2.2,35%,452,带装修,在建中，竣工时间：暂无数据,住宅,金地智慧服务,,,570,,售罄,售罄,售罄,"[""杭售许字(2023)第000050号"", ""杭售许字(2023)第000016号"", ""杭售许字(2023)第000010号"", ""杭售许字(2022)第000156号""]","[""1#、9#、5#"", ""8#、4#"", ""3#、6#"", ""7#、2#""]",远洋,华发股份,杭州铧旭置业有限公司,民电,民水,30.343044,120.218122,"{""service_num"": ""4006708287"", ""num"": """"}","{""81"": ""大阳台"", ""29"": ""装修交付"", ""9"": ""轨交房"", ""76"": ""厨卫全明"", ""74"": ""南北通透"", ""7"": ""项目在建"", ""276"": ""一房一价"", ""72"": ""配套纯熟"", ""70"": ""银行"", ""69"": ""学校"", ""68"": ""医院"", ""66"": ""公园"", ""65"": ""商业街"", ""64"": ""购物中心"", ""78"": ""大户型"", ""402"": ""玄关入户"", ""401"": ""户型方正"", ""397"": ""动静分离"", ""85"": ""主卧套房"", ""82"": ""双卫生间"", ""637"": ""公办中学"", ""636"": ""公办小学"", ""624"": ""九年一贯制"", ""606"": ""省一级园"", ""598"": ""民办幼儿园"", ""597"": ""公办幼儿园"", ""541"": ""3D沙盘"", ""540"": ""日照模拟"", ""421"": ""无需摇号"", ""263"": ""VR看房"", ""50"": ""品牌开发商""}","[""大阳台"", ""装修交付"", ""轨交房"", ""厨卫全明"", ""南北通透""]",https://pic4.ajkimg.com/display/xinfang/5a65669dad2513a2c3cf5df3e6b99d86/275x206n.jpg,"[{""id"": ""7194540"", ""loupan_id"": ""517449"", ""station_id"": ""10201"", ""subway_id"": ""1010"", ""city_id"": ""18"", ""distance"": ""1160米"", ""status"": ""1"", ""last_update_time"": ""1774211227"", ""is_rail_loupan"": ""1"", ""subway_name"": ""3号线"", ""station_name"": ""华丰路"", ""distance_raw"": ""1160""}]",拱墅区华西路与康宁街交汇处（地铁华丰路站西南侧约600米）
5836844,银未来华庭,杭州,18,临安区,16784,玲珑,25403,杭州临安区玲珑钱王街与玲珑山路交叉口,,,,,109-122㎡,27022m²,54044m²,"[{""id"": 307317, ""rooms"": 3, ""room_alias"": ""三室"", ""area"": 109}, {""id"": 307321, ""rooms"": 3, ""room_alias"": ""三室"", ""area"": 122}]",3室,3室户型,2002-10-25,,2002年,2003年,[],别墅,高层,70年,2,30%,458,毛坯,,住宅,龙湖智慧服务,1.9元/㎡/月,,563,1：1.2,售罄,售罄,售罄,"[""临售许字（2018）第00220"", ""临售许字（2018）第00218"", ""临售许字（2018）第00219"", ""临售许字（2018）第00216"", ""临售许字（2018）第00215""]",[],大华,,杭州临安新都房地产开发有限公司,民电,民水,30.206344,119.708395,"""""","{""68"": ""医院"", ""78"": ""大户型"", ""637"": ""公办中学"", ""636"": ""公办小学"", ""635"": ""民办小学"", ""598"": ""民办幼儿园"", ""597"": ""公办幼儿园""}","[""医院"", ""大户型"", ""公办中学"", ""公办小学"", ""民办小学""]",https://pic4.ajkimg.com/display/xinfang/9b4dff0603a5aa08ec98dca5f1b38051/275x206n.jpg,[],杭州市临安区人民广场西北侧（地上集团售楼接待中心）
2656705,万豪月亮宅,杭州,18,钱塘区,20267,大学城北,20271,杭州钱塘区大学城北下沙杭州经济技术开发区（2号大街与5号大街交界处）,,,,,,29290m²,16086m²,[],,,2002-12-19,,2002年,2003年,[],多层,高层,40年,3.3,30%,1500,毛坯,,商业,龙湖智慧服务,1.45元/㎡/月,,800,1:0.5,售罄,售罄,售罄,"[""杭售许字(2011)第3041号""]",[],华润,,杭州经济技术开发区资产经营集团,商电,商水,30.315548,120.348303,"""""","{""9"": ""轨交房"", ""72"": ""配套纯熟"", ""71"": ""便利店"", ""70"": ""银行"", ""68"": ""医院"", ""66"": ""公园"", ""65"": ""商业街"", ""64"": ""购物中心""}","[""轨交房"", ""配套纯熟"", ""便利店"", ""银行"", ""医院""]",https://pic4.ajkimg.com/display/xinfang/7c9429d822bc49ab96f8d1fbba932c8c/275x206n.jpg,"[{""id"": ""7213267"", ""loupan_id"": ""298187"", ""station_id"": ""2641"", ""subway_id"": ""40"", ""city_id"": ""18"", ""distance"": ""649米"", ""status"": ""1"", ""last_update_time"": ""1774211231"", ""is_rail_loupan"": ""1"", ""subway_name"": ""1号线"", ""station_name"": ""文泽路"", ""distance_raw"": ""649""}]",下沙杭州经济技术开发区（2号大街与5号大街交界处）
9274760,悦城,杭州,18,萧山区,1807,钱江世纪城,5137,杭州萧山区钱江世纪城鸿宁路2327号,,,,,74-222㎡,29425m²,261681.4m²,"[{""id"": 95988, ""rooms"": 2, ""room_alias"": ""二室"", ""area"": 74}, {""id"": 95989, ""rooms"": 2, ""room_alias"": ""二室"", ""area"": 80}, {""id"": 95991, ""rooms"": 3, ""room_alias"": ""三室"", ""area"": 144}, {""id"": 95992, ""rooms"": 3, ""room_alias"": ""三室"", ""area"": 145}, {""id"": 95994, ""rooms"": 4, ""room_alias"": ""四室"", ""area"": 159}, {""id"": 95996, ""rooms"": 4, ""room_alias"": ""四室"", ""area"": 222}]",2/4室、3室,"商业户型,2室户型,4室户型",2002-02-09,,2002年,2003年,[],{},,70年,,25%,,毛坯,,住宅,金地智慧服务,,,,1:1,售罄,售罄,售罄,[],[],新城控股,,新世界地产集团,民电,民水,30.241673,120.267327,"{""service_num"": ""4006708287"", ""num"": """"}","{""9"": ""轨交房"", ""10"": ""多轨交"", ""72"": ""配套纯熟"", ""71"": ""便利店"", ""70"": ""银行"", ""69"": ""学校"", ""68"": ""医院"", ""66"": ""公园"", ""65"": ""商业街"", ""64"": ""购物中心"", ""78"": ""大户型"", ""637"": ""公办中学"", ""636"": ""公办小学"", ""606"": ""省一级园"", ""598"": ""民办幼儿园"", ""597"": ""公办幼儿园""}","[""轨交房"", ""多轨交"", ""配套纯熟"", ""便利店"", ""银行""]",https://pic4.ajkimg.com/display/xinfang/73fb2e4a73a4566db61c7f442f672bd3/275x206n.jpg,"[{""id"": ""7212876"", ""loupan_id"": ""250436"", ""station_id"": ""2652"", ""subway_id"": ""41"", ""city_id"": ""18"", ""distance"": ""277米"", ""status"": ""1"", ""last_update_time"": ""1774211231"", ""is_rail_loupan"": ""1"", ""subway_name"": ""2号线"", ""station_name"": ""钱江世纪城"", ""distance_raw"": ""277""}, {""id"": ""7254219"", ""loupan_id"": ""250436"", ""station_id"": ""120846"", ""subway_id"": ""143"", ""city_id"": ""18"", ""distance"": ""315米"", ""status"": ""1"", ""last_update_time"": ""1774211229"", ""is_rail_loupan"": ""1"", ""subway_name"": ""6号线"", ""station_name"": ""钱江世纪城站"", ""distance_raw"": ""315""}, {""id"": ""7267338"", ""loupan_id"": ""250436"", ""station_id"": ""122134"", ""subway_id"": ""12110"", ""city_id"": ""18"", ""distance"": ""962米"", ""status"": ""1"", ""last_update_time"": ""1774211228"", ""is_rail_loupan"": ""1"", ""subway_name"": ""15号线"", ""station_name"": ""盈丰路站"", ""distance_raw"": ""962""}, {""id"": ""7212880"", ""loupan_id"": ""250436"", ""station_id"": ""2653"", ""subway_id"": ""41"", ""city_id"": ""18"", ""distance"": ""1031米"", ""status"": ""1"", ""last_update_time"": ""1774211231"", ""is_rail_loupan"": ""1"", ""subway_name"": ""2号线"", ""station_name"": ""盈丰路"", ""distance_raw"": ""1031""}, {""id"": ""7254218"", ""loupan_id"": ""250436"", ""station_id"": ""120847"", ""subway_id"": ""143"", ""city_id"": ""18"", ""distance"": ""1070米"", ""status"": ""1"", ""last_update_time"": ""1774211229"", ""is_rail_loupan"": ""1"", ""subway_name"": ""6号线"", ""station_name"": ""丰北站"", ""distance_raw"": ""1070""}, {""id"": ""7326236"", ""loupan_id"": ""250436"", ""station_id"": ""122133"", ""subway_id"": ""12110"", ""city_id"": ""18"", ""distance"": ""1274米"", ""status"": ""1"", ""last_update_time"": ""1774211228"", ""is_rail_loupan"": ""1"", ""subway_name"": ""15号线"", ""station_name"": ""丰北站"", ""distance_raw"": ""1274""}]",钱江世纪城庆春隧道南出口处
4589857,盛明珠新村,杭州,18,富阳区,16786,鹿山新区,25395,杭州富阳区鹿山新区文教路126号,,,,,130㎡,,住宅：76000m² 别墅：76000m²,"[{""id"": 17505, ""rooms"": 3, ""room_alias"": ""三室"", ""area"": 130}, {""id"": 17508, ""rooms"": 3, ""room_alias"": ""三室"", ""area"": 130}]",3室,3室户型,2002-12-07,,2002年,2003年,[],{高层},住宅：高层,住宅：70年 别墅：70年,住宅：2.29,,,住宅：毛坯 别墅：毛坯,,住宅,龙湖智慧服务,,,,,售罄,售罄,售罄,[],[],朗诗,,浙江华滋奔腾房地产开发有限公司,住宅：民电,住宅：民水,30.043416,119.951499,"{""service_num"": ""4006708287"", ""num"": """"}","{""72"": ""配套纯熟"", ""70"": ""银行"", ""69"": ""学校"", ""68"": ""医院"", ""67"": ""生态绿地"", ""66"": ""公园"", ""65"": ""商业街"", ""64"": ""购物中心"", ""78"": ""大户型"", ""638"": ""民办中学"", ""636"": ""公办小学"", ""624"": ""九年一贯制"", ""606"": ""省一级园"", ""604"": ""三级园"", ""603"": ""二级园"", ""598"": ""民办幼儿园"", ""597"": ""公办幼儿园"", ""55"": ""小型社区""}","[""配套纯熟"", ""银行"", ""学校"", ""医院"", ""生态绿地""]",https://pic4.ajkimg.com/display/xinfang/ad13ca340c1b958535bd1f6173951603/275x206n.jpg,[],富阳市富春街道文教路126号
154544,中国水岸府,杭州,18,富阳区,16786,富春湾新城,25394,杭州富阳区富春湾新城亭山西路与经纬路交叉处,,3881元/㎡,3881元/㎡,首付24万，月供5987元,89-139㎡,52618m²,164739m²,"[{""id"": 810604, ""rooms"": 3, ""room_alias"": ""三室"", ""area"": 89}, {""id"": 810603, ""rooms"": 3, ""room_alias"": ""三室"", ""area"": 99}, {""id"": 810602, ""rooms"": 3, ""room_alias"": ""三室"", ""area"": 115}, {""id"": 810600, ""rooms"": 4, ""room_alias"": ""四室"", ""area"": 125}, {""id"": 810599, ""rooms"": 4, ""room_alias"": ""四室"", ""area"": 139}]",3/4室,"3室户型,4室户型",2002-09-10,2025年01月02日,2002年,2003年,"[""2023-12-07"", ""2023-10-07"", ""2024-12-26""]",洋房,高层,70年,2.2,35%,1112,带装修,在建中，竣工时间：2026-12-31,住宅,招商积余,,,,,售罄,售罄,售罄,"[""富阳房预许字(2023)第00712号"", ""富阳房预许字(2023)第00567号"", ""富阳房预许字（2024）第00588号""]","[""12#"", ""4#"", ""13#""]",恒大,中国铁建地产,,民电,民水,30.013563,120.017349,"""""","{""29"": ""装修交付"", ""76"": ""厨卫全明"", ""74"": ""南北通透"", ""73"": ""卧室全朝南"", ""7"": ""项目在建"", ""276"": ""一房一价"", ""5"": ""低单价"", ""4"": ""低总价"", ""72"": ""配套纯熟"", ""71"": ""便利店"", ""70"": ""银行"", ""69"": ""学校"", ""68"": ""医院"", ""67"": ""生态绿地"", ""65"": ""商业街"", ""64"": ""购物中心"", ""78"": ""大户型"", ""402"": ""玄关入户"", ""401"": ""户型方正"", ""397"": ""动静分离"", ""85"": ""主卧套房"", ""92"": ""热搜盘"", ""91"": ""热评楼盘"", ""638"": ""民办中学"", ""636"": ""公办小学"", ""603"": ""二级园"", ""598"": ""民办幼儿园"", ""597"": ""公办幼儿园"", ""541"": ""3D沙盘"", ""540"": ""日照模拟"", ""421"": ""无需摇号"", ""263"": ""VR看房"", ""50"": ""品牌开发商""}","[""装修交付"", ""厨卫全明"", ""南北通透"", ""卧室全朝南"", ""项目在建""]",https://pic4.ajkimg.com/display/xinfang/48b317309cd4ea8b56bff29ef5dc353b/275x206n.jpg,[],杭州市富阳区亭山西路与经纬路交叉处
6096701,悦都B区,杭州,18,桐庐县,17459,桐庐,17460,杭州桐庐县桐庐城南街道白云源西路520号,,2531元/㎡,2531元/㎡,首付14万，月供3426元,89-131㎡,33497m²,85835m²,"[{""id"": 878423, ""rooms"": 3, ""room_alias"": ""三室"", ""area"": 89}, {""id"": 878424, ""rooms"": 3, ""room_alias"": ""三室"", ""area"": 100}, {""id"": 877691, ""rooms"": 3, ""room_alias"": ""三室"", ""area"": 106}, {""id"": 878425, ""rooms"": 3, ""room_alias"": ""三室"", ""area"": 121}, {""id"": 877689, ""rooms"": 4, ""room_alias"": ""四室"", ""area"": 131}]",3/4室,"3室户型,4室户型",2002-01-24,2025年09月01日,2002年,2003年,"[""2025-09-10"", ""2024-05-20""]",{小高层},小高层,70年,1.7,30%,474,,已竣工，竣工时间：暂无数据,住宅,融创服务,,封闭小区,708,1:1.5,售罄,售罄,售罄,"[""桐庐房预许字（2025）第00388号"", ""桐庐房预许字（2025）第00198号""]","[""9#、7#"", ""3#、2#、1#""]",绿城,,,民电,民水,29.793423,119.673188,"""""","{""557"": ""项目竣工"", ""56"": ""车位充足"", ""52"": ""低容积"", ""76"": ""厨卫全明"", ""74"": ""南北通透"", ""73"": ""卧室全朝南"", ""276"": ""一房一价"", ""72"": ""配套纯熟"", ""70"": ""银行"", ""69"": ""学校"", ""68"": ""医院"", ""64"": ""购物中心"", ""78"": ""大户型"", ""402"": ""玄关入户"", ""401"": ""户型方正"", ""397"": ""动静分离"", ""85"": ""主卧套房"", ""90"": ""人气楼盘"", ""637"": ""公办中学"", ""636"": ""公办小学"", ""421"": ""无需摇号"", ""263"": ""VR看房""}","[""项目竣工"", ""车位充足"", ""低容积"", ""厨卫全明"", ""南北通透""]",https://pic4.ajkimg.com/display/xinfang/4e00df82f375e076623f72a31c8d6743/275x206n.jpg,[],桐庐县城南街道金中路678号
9636072,金东方源,杭州,18,富阳区,16786,银湖,25391,杭州富阳区银湖银湖板块风景别墅区，九龙大道南面,,,,,60-74㎡,600003m²,75000m²,"[{""id"": 147417, ""rooms"": 2, ""room_alias"": ""二室"", ""area"": 60}, {""id"": 147419, ""rooms"": 2, ""room_alias"": ""二室"", ""area"": 69}, {""id"": 147415, ""rooms"": 2, ""room_alias"": ""二室"", ""area"": 74}]",2室,2室户型,2002-04-18,,2002年,2003年,[],{高层},高层,70年,1,80%,841,毛坯,,住宅,合景悠活,1.7元/㎡/月,,,1:1,售罄,售罄,售罄,[],[],美的置业,,野风集团房地产股份有限公司,民电,民水,30.132982,120.002851,"""""","{""53"": ""高绿化率"", ""52"": ""低容积"", ""72"": ""配套纯熟"", ""71"": ""便利店"", ""70"": ""银行"", ""69"": ""学校"", ""68"": ""医院"", ""66"": ""公园"", ""65"": ""商业街"", ""64"": ""购物中心"", ""79"": ""小户型"", ""636"": ""公办小学"", ""603"": ""二级园"", ""598"": ""民办幼儿园"", ""597"": ""公办幼儿园""}","[""高绿化率"", ""低容积"", ""配套纯熟"", ""便利店"", ""银行""]",https://pic4.ajkimg.com/display/xinfang/205ab779c03cf061c32f08ec305fb1c0/275x206n.jpg,[],中国杭州富阳九龙大道
786543,风荷中央新村,杭州,18,临平区,24198,东湖,24199,杭州临平区东湖风荷路与振兴路交汇处东北角,,4767元/㎡,4767元/㎡,首付32万，月供7754元,95-130㎡,34656m²,98633m²,"[{""id"": 754548, ""rooms"": 3, ""room_alias"": ""三室"", ""area"": 95}, {""id"": 754545, ""rooms"": 3, ""room_alias"": ""三室"", ""area"": 105}, {""id"": 754543, ""rooms"": 4, ""room_alias"": ""四室"", ""area"": 108}, {""id"": 754540, ""rooms"": 4, ""room_alias"": ""四室"", ""area"": 119}, {""id"": 754550, ""rooms"": 4, ""room_alias"": ""四室"", ""area"": 130}]",3/4室,"3室户型,4室户型",2002-09-27,2022年08月21日,2002年,2003年,"[""2022-08-10"", ""2022-07-08"", ""2022-06-13""]",{高层},高层,70年,2,35%,578,带装修,在建中，竣工时间：暂无数据,住宅,金地智慧服务,3.6元/㎡/月,,769,1:1.33,售罄,售罄,售罄,"[""临平售许字（2022）第ZJ00365号"", ""临平售许字（2022）第ZJ00310号"", ""临平售许字（2022）第ZJ00244号""]","[""8#、9#、10#、11#"", ""3#、4#、7#"", ""1#、6#、5#""]",大华,,新黄浦&滨江,民电,民水,30.45715,120.283028,"""""","{""559"": ""现房"", ""56"": ""车位充足"", ""29"": ""装修交付"", ""9"": ""轨交房"", ""76"": ""厨卫全明"", ""74"": ""南北通透"", ""73"": ""卧室全朝南"", ""7"": ""项目在建"", ""69"": ""学校"", ""78"": ""大户型"", ""402"": ""玄关入户"", ""401"": ""户型方正"", ""85"": ""主卧套房"", ""82"": ""双卫生间"", ""637"": ""公办中学"", ""636"": ""公办小学"", ""606"": ""省一级园"", ""598"": ""民办幼儿园"", ""597"": ""公办幼儿园"", ""540"": ""日照模拟"", ""263"": ""VR看房""}","[""现房"", ""车位充足"", ""装修交付"", ""轨交房"", ""厨卫全明""]",https://pic4.ajkimg.com/display/xinfang/d507c06bdf9b8966d4217b31aab0b9ba/275x206n.jpg,"[{""id"": ""7253639"", ""loupan_id"": ""511984"", ""station_id"": ""120833"", ""subway_id"": ""12055"", ""city_id"": ""18"", ""distance"": ""1079米"", ""status"": ""1"", ""last_update_time"": ""1774211226"", ""is_rail_loupan"": ""1"", ""subway_name"": ""9号线"", ""station_name"": ""荷禹路站"", ""distance_raw"": ""1079""}]",杭州市临平区风荷路与振兴路交汇处东北角
499462,恒堂A区,杭州,18,临平区,24198,临平老城区,24204,"杭州临平区临平老城区南大街,玩月街",,,,,82-161㎡,25333m²,90000m²,"[{""id"": 79202, ""rooms"": 2, ""room_alias"": ""二室"", ""area"": 81.76}, {""id"": 79203, ""rooms"": 3, ""room_alias"": ""三室"", ""area"": 87.05}, {""id"": 79204, ""rooms"": 3, ""room_alias"": ""三室"", ""area"": 107}, {""id"": 242600, ""rooms"": 3, ""room_alias"": ""三室"", ""area"": 134}, {""id"": 242607, ""rooms"": 3, ""room_alias"": ""三室"", ""area"": 143}, {""id"": 79205, ""rooms"": 4, ""room_alias"": ""四室"", ""area"": 161.08}]",2/3/4室,"2室户型,3室户型,4室户型",2002-09-11,,2002年,2003年,[],"{小高层,高层}",小高层、高层,70年,2.4,30%,504,"毛坯,带装修",,住宅,龙湖智慧服务,1.32元/㎡/月,,504,1:1,售罄,售罄,售罄,"[""余售许字(2013)第0087号""]",[],世茂,,杭州余杭城市建设集团有限公司,民电,民水,30.415435,120.308023,"""""","{""57"": ""人车分流"", ""29"": ""装修交付"", ""9"": ""轨交房"", ""72"": ""配套纯熟"", ""71"": ""便利店"", ""70"": ""银行"", ""69"": ""学校"", ""68"": ""医院"", ""66"": ""公园"", ""65"": ""商业街"", ""64"": ""购物中心"", ""78"": ""大户型"", ""638"": ""民办中学"", ""637"": ""公办中学"", ""636"": ""公办小学"", ""606"": ""省一级园"", ""598"": ""民办幼儿园"", ""597"": ""公办幼儿园""}","[""人车分流"", ""装修交付"", ""轨交房"", ""配套纯熟"", ""便利店""]",https://pic4.ajkimg.com/display/xinfang/523e5f6614476e35b29b70a2cd19f7c0/275x206n.jpg,"[{""id"": ""7253941"", ""loupan_id"": ""246386"", ""station_id"": ""120831"", ""subway_id"": ""12055"", ""city_id"": ""18"", ""distance"": ""490米"", ""status"": ""1"", ""last_update_time"": ""1774211232"", ""is_rail_loupan"": ""1"", ""subway_name"": ""9号线"", ""station_name"": ""临平站"", ""distance_raw"": ""490""}, {""id"": ""7253942"", ""loupan_id"": ""246386"", ""station_id"": ""120830"", ""subway_id"": ""12055"", ""city_id"": ""18"", ""distance"": ""1376米"", ""status"": ""1"", ""last_update_time"": ""1774211232"", ""is_rail_loupan"": ""1"", ""subway_name"": ""9号线"", ""station_name"": ""南苑站"", ""distance_raw"": ""1376""}]",临平时代广场南面、东临南大街、南临玩月街
5539225,恒青山花苑,杭州,18,桐庐县,17459,桐庐,17460,杭州桐庐县桐庐科技大道(原320国道)与梅林路交汇处,,,,,76-109㎡,,88000m²,"[{""id"": 145018, ""rooms"": 3, ""room_alias"": ""三室"", ""area"": 76}, {""id"": 145022, ""rooms"": 3, ""room_alias"": ""三室"", ""area"": 89}, {""id"": 145015, ""rooms"": 4, ""room_alias"": ""四室"", ""area"": 103}, {""id"": 145020, ""rooms"": 4, ""room_alias"": ""四室"", ""area"": 109}]",3/4室,"3室户型,4室户型",2002-06-17,,2002年,2003年,[],{高层},高层,70年,1.1,30%,,毛坯,,住宅,新城悦服务,1.6元/㎡/月,,,1:1,售罄,售罄,售罄,"[""桐售许字（2016）016号"", ""桐售许字（2016）004号"", ""桐售许字（2015）039号"", ""桐售许字（2015）006号"", ""桐售许字（2015）005号""]",[],朗诗,,杭州凯全实业有限公司,民电,民水,29.818027,119.705199,"{""service_num"": ""4006708287"", ""num"": """"}","{""52"": ""低容积"", ""63"": ""旅游地产"", ""72"": ""配套纯熟"", ""70"": ""银行"", ""69"": ""学校"", ""68"": ""医院"", ""66"": ""公园"", ""65"": ""商业街"", ""64"": ""购物中心"", ""641"": ""寄宿制中学"", ""637"": ""公办中学"", ""636"": ""公办小学"", ""624"": ""九年一贯制""}","[""低容积"", ""旅游地产"", ""配套纯熟"", ""银行"", ""学校""]",https://pic4.ajkimg.com/display/xinfang/4fe1adccc336af32f30f979d98b0fc28/275x206n.jpg,[],迎春南路39号建业大厦一楼
3841681,和昌春天里,杭州,18,余杭区,1808,良渚,1924,杭州余杭区良渚新104国道与疏港路交汇处，永旺梦乐城北面约700米处,,,,,89-113㎡,38484m²,124659.84m²,"[{""id"": 244335, ""rooms"": 3, ""room_alias"": ""三室"", ""area"": 89}, {""id"": 244337, ""rooms"": 3, ""room_alias"": ""三室"", ""area"": 89}, {""id"": 239051, ""rooms"": 4, ""room_alias"": ""四室"", ""area"": 113}]",3/4室,"3室户型,4室户型",2002-08-10,,2002年,2003年,[],高层,小高层,70年,2.2,30%,856,毛坯,,住宅,世茂服务,3元/㎡/月,,942,1:1.1,售罄,售罄,售罄,"[""余售许字(2017)第00021号"", ""余售许字(2017)第00265号"", ""201700297"", ""201700377"", ""201700452""]",[],碧桂园,,和昌地产,民电,民水,30.372634,120.058478,"""""","{""56"": ""车位充足"", ""9"": ""轨交房"", ""64"": ""购物中心"", ""78"": ""大户型"", ""637"": ""公办中学"", ""636"": ""公办小学"", ""624"": ""九年一贯制"", ""603"": ""二级园"", ""598"": ""民办幼儿园"", ""597"": ""公办幼儿园""}","[""车位充足"", ""轨交房"", ""购物中心"", ""大户型"", ""公办中学""]",https://pic4.ajkimg.com/display/xinfang/649fcc24968d53b0851f96afed1c7fb9/275x206n.jpg,"[{""id"": ""7214164"", ""loupan_id"": ""416007"", ""station_id"": ""4814"", ""subway_id"": ""41"", ""city_id"": ""18"", ""distance"": ""1362米"", ""status"": ""1"", ""last_update_time"": ""1774211232"", ""is_rail_loupan"": ""1"", ""subway_name"": ""2号线"", ""station_name"": ""杜甫村"", ""distance_raw"": ""1362""}]",疏港公路与良业路交汇处项目8号楼（现场销售展示中心）
4911620,盛宅,杭州,18,上城区,1802,城东新城,5133,杭州上城区城东新城天城路与源聚支路（规划）交汇处,,,,,97-139㎡,52530m²,187126m²,"[{""id"": 545855, ""rooms"": 3, ""room_alias"": ""三室"", ""area"": 97}, {""id"": 555699, ""rooms"": 3, ""room_alias"": ""三室"", ""area"": 99}, {""id"": 545864, ""rooms"": 3, ""room_alias"": ""三室"", ""area"": 100}, {""id"": 640142, ""rooms"": 4, ""room_alias"": ""四室"", ""area"": 125}, {""id"": 638967, ""rooms"": 4, ""room_alias"": ""四室"", ""area"": 129}, {""id"": 655967, ""rooms"": 4, ""room_alias"": ""四室"", ""area"": 139}]",3/4室,"3室户型,4室户型",2002-08-21,2021年07月31日,2002年,2003年,"[""2021-07-20"", ""2021-05-25"", ""2020-11-17"", ""2021-04-06"", ""2021-02-05"", ""2021-01-12"", ""2020-10-15"", ""2020-05-15""]",小高层,高层,70年,2.4,30%,1198,带装修,,住宅,保利物业,2.75元/㎡/月,,1408,1:1.17,售罄,售罄,售罄,"[""杭售许字(2021)第000080号"", ""杭售许字(2021)第000054号"", ""杭售许字(2020)第000129号"", ""杭售许字(2021)第000035号"", ""杭售许字(2021)第000019号"", ""杭售许字(2021)第000005号"", ""杭售许字(2020)第000105号"", ""杭售许字(2020)第000049号""]","[""4#、10#、11#"", ""2#、15#"", ""8#、16#"", ""3#、14#"", ""5#、9#、12#、19#"", ""13#、17#"", ""6#"", ""1#、7#""]",路劲,成得投资,杭州港中旅钱江城市发展有限公司,民电,民水,30.307109,120.254837,"""""","{""559"": ""现房"", ""56"": ""车位充足"", ""29"": ""装修交付"", ""9"": ""轨交房"", ""76"": ""厨卫全明"", ""74"": ""南北通透"", ""73"": ""卧室全朝南"", ""78"": ""大户型"", ""402"": ""玄关入户"", ""401"": ""户型方正"", ""397"": ""动静分离"", ""85"": ""主卧套房"", ""83"": ""双阳台"", ""82"": ""双卫生间"", ""637"": ""公办中学"", ""636"": ""公办小学"", ""606"": ""省一级园"", ""598"": ""民办幼儿园"", ""597"": ""公办幼儿园"", ""50"": ""品牌开发商""}","[""现房"", ""车位充足"", ""装修交付"", ""轨交房"", ""厨卫全明""]",https://pic4.ajkimg.com/display/xinfang/5da93b7ce120e54ac44461ed88372179/275x206n.jpg,"[{""id"": ""7214008"", ""loupan_id"": ""466583"", ""station_id"": ""120444"", ""subway_id"": ""42"", ""city_id"": ""18"", ""distance"": ""510米"", ""status"": ""1"", ""last_update_time"": ""1774211232"", ""is_rail_loupan"": ""1"", ""subway_name"": ""4号线"", ""station_name"": ""明石路"", ""distance_raw"": ""510""}]",杭州市上城区城东新城天城路与源聚支路（规划）交汇处
9298534,中紫金湾,杭州,18,临安区,16784,滨湖新城,25398,杭州临安区滨湖新城科技大道3608号,,,,,119-135㎡,住宅：61154m² 别墅：61154m²,住宅：71131.95m² 别墅：71131.95m²,"[{""id"": 169057, ""rooms"": 3, ""room_alias"": ""三室"", ""area"": 119.36}, {""id"": 169058, ""rooms"": 3, ""room_alias"": ""三室"", ""area"": 120.11}, {""id"": 169056, ""rooms"": 3, ""room_alias"": ""三室"", ""area"": 134.88}]",3室、别墅,"3室户型,别墅户型",2002-04-27,,2002年,2003年,[],{花园洋房},住宅：花园洋房 别墅：合院别墅,住宅：70年 别墅：70年,,住宅：30% 别墅：30%,,住宅：毛坯 别墅：毛坯,,住宅,合景悠活,,,住宅：1332 别墅：1332,,售罄,售罄,售罄,[],[],中海,,,住宅：民电,住宅：民水,30.256265,119.805222,"""""","{""66"": ""公园"", ""78"": ""大户型"", ""637"": ""公办中学"", ""598"": ""民办幼儿园""}","[""公园"", ""大户型"", ""公办中学"", ""民办幼儿园""]",https://pic4.ajkimg.com/display/xinfang/8d895ec67efdbfefec7fd63fea0b651b/275x206n.jpg,[],杭州市临安区科技大道3608号
9759115,阳光黄金名城,杭州,18,下城,1805,华丰,4582,杭州下城华丰东新路822号,,,,,50-70㎡,37860m²,330000m²,"[{""id"": 108340, ""rooms"": 2, ""room_alias"": ""二室"", ""area"": 50}, {""id"": 177923, ""rooms"": 3, ""room_alias"": ""三室"", ""area"": 53}, {""id"": 234236, ""rooms"": 3, ""room_alias"": ""三室"", ""area"": 55}, {""id"": 146543, ""rooms"": 3, ""room_alias"": ""三室"", ""area"": 70}]",2/3室,商业户型,2002-06-07,,2002年,2003年,[],{高层},高层,40年,5,10%,1000,"毛坯,带装修",,商业,旭辉永升,5元/㎡/月,,1800,1:1,售罄,售罄,售罄,"[""杭售许字(2013)第000122号""]",[],世茂,,杭州中大圣马置业有限公司,商电,商水,30.329003,120.166912,"""""","{""57"": ""人车分流"", ""29"": ""装修交付"", ""9"": ""轨交房"", ""10"": ""多轨交"", ""43"": ""loft"", ""72"": ""配套纯熟"", ""71"": ""便利店"", ""70"": ""银行"", ""68"": ""医院"", ""66"": ""公园"", ""65"": ""商业街"", ""64"": ""购物中心""}","[""人车分流"", ""装修交付"", ""轨交房"", ""多轨交"", ""loft""]",https://pic4.ajkimg.com/display/xinfang/219bdf99ac0205863a1573973e7eb6a6/275x206n.jpg,"[{""id"": ""7211980"", ""loupan_id"": ""245846"", ""station_id"": ""120446"", ""subway_id"": ""42"", ""city_id"": ""18"", ""distance"": ""1310米"", ""status"": ""1"", ""last_update_time"": ""1774211230"", ""is_rail_loupan"": ""1"", ""subway_name"": ""4号线"", ""station_name"": ""皋亭坝"", ""distance_raw"": ""1310""}, {""id"": ""7212363"", ""loupan_id"": ""245846"", ""station_id"": ""10219"", ""subway_id"": ""1010"", ""city_id"": ""18"", ""distance"": ""1345米"", ""status"": ""1"", ""last_update_time"": ""1774211230"", ""is_rail_loupan"": ""1"", ""subway_name"": ""3号线"", ""station_name"": ""新天地街"", ""distance_raw"": ""1345""}, {""id"": ""7211991"", ""loupan_id"": ""245846"", ""station_id"": ""120450"", ""subway_id"": ""42"", ""city_id"": ""18"", ""distance"": ""1345米"", ""status"": ""1"", ""last_update_time"": ""1774211230"", ""is_rail_loupan"": ""1"", ""subway_name"": ""4号线"", ""station_name"": ""新天地街"", ""distance_raw"": ""1345""}]",下城区东新路822号阳光银泰城1号楼大堂
5775292,天世纪景,杭州,18,富阳区,16786,富春,25392,杭州富阳区富春西单元金云路与横凉亭路交叉口,,105元/㎡,105元/㎡,首付74万，月供17961元,221-291㎡,12888m²,25585m²,"[{""id"": 850945, ""rooms"": 4, ""room_alias"": ""四室"", ""area"": 221}, {""id"": 850940, ""rooms"": 4, ""room_alias"": ""四室"", ""area"": 234}, {""id"": 850949, ""rooms"": 5, ""room_alias"": ""五室"", ""area"": 271}, {""id"": 850958, ""rooms"": 5, ""room_alias"": ""五室"", ""area"": 286}, {""id"": 850957, ""rooms"": 5, ""room_alias"": ""五室"", ""area"": 289}, {""id"": 850948, ""rooms"": 5, ""room_alias"": ""五室"", ""area"": 291}]",别墅,别墅户型,2002-12-12,2025年11月04日,2002年,2003年,"[""2025-10-28"", ""2024-12-16""]",多层,联排别墅,70年,1.2,30%,55,毛坯,在建中，竣工时间：暂无数据,别墅,雅生活服务,,,144,1:2.6,售罄,售罄,售罄,"[""富阳房预许字（2025）第00488号"", ""富阳房预许字（2024）第00563号""]","[""8#、5#、3#"", ""2#、1#、4#""]",象屿,,,民电,民水,30.065527,119.94965,"""""","{""56"": ""车位充足"", ""9"": ""轨交房"", ""74"": ""南北通透"", ""7"": ""项目在建"", ""276"": ""一房一价"", ""72"": ""配套纯熟"", ""71"": ""便利店"", ""70"": ""银行"", ""69"": ""学校"", ""68"": ""医院"", ""67"": ""生态绿地"", ""66"": ""公园"", ""65"": ""商业街"", ""64"": ""购物中心"", ""78"": ""大户型"", ""638"": ""民办中学"", ""636"": ""公办小学"", ""624"": ""九年一贯制"", ""606"": ""省一级园"", ""604"": ""三级园"", ""603"": ""二级园"", ""598"": ""民办幼儿园"", ""597"": ""公办幼儿园"", ""541"": ""3D沙盘"", ""421"": ""无需摇号"", ""55"": ""小型社区""}","[""车位充足"", ""轨交房"", ""南北通透"", ""项目在建"", ""一房一价""]",https://pic4.ajkimg.com/display/xinfang/44f953e3cb9650d43a69de2621f747ec/275x206n.jpg,"[{""id"": ""7294059"", ""loupan_id"": ""527388"", ""station_id"": ""120872"", ""subway_id"": ""143"", ""city_id"": ""18"", ""distance"": ""1013米"", ""status"": ""1"", ""last_update_time"": ""1774211227"", ""is_rail_loupan"": ""1"", ""subway_name"": ""6号线"", ""station_name"": ""桂花西路站"", ""distance_raw"": ""1013""}]",富阳区富春街道金云路7号
4404028,绿城乐居源,杭州,18,余杭区,1808,闲林,1922,杭州余杭区闲林余杭街道运溪隧道与涵浦街交叉口,,149元/㎡,149元/㎡,首付106万，月供25535元,235-390㎡,99539m²,100534m²,"[{""id"": 873534, ""rooms"": 4, ""room_alias"": ""四室"", ""area"": 235}, {""id"": 874401, ""rooms"": 4, ""room_alias"": ""四室"", ""area"": 240}, {""id"": 874400, ""rooms"": 4, ""room_alias"": ""四室"", ""area"": 245}, {""id"": 874402, ""rooms"": 4, ""room_alias"": ""四室"", ""area"": 255}, {""id"": 874397, ""rooms"": 4, ""room_alias"": ""四室"", ""area"": 275}, {""id"": 874404, ""rooms"": 4, ""room_alias"": ""四室"", ""area"": 285}, {""id"": 874406, ""rooms"": 4, ""room_alias"": ""四室"", ""area"": 285}, {""id"": 873461, ""rooms"": 4, ""room_alias"": ""四室"", ""area"": 295}, {""id"": 874410, ""rooms"": 4, ""room_alias"": ""四室"", ""area"": 360}, {""id"": 874413, ""rooms"": 5, ""room_alias"": ""五室"", ""area"": 390}]",别墅,别墅户型,2002-01-01,2026年03月23日,2002年,2003年,"[""2026-03-16"", ""2026-01-16"", ""2025-12-12"", ""2025-12-12"", ""2025-12-05"", ""2025-12-05"", ""2025-11-21"", ""2025-11-07"", ""2025-10-23"", ""2025-09-22"", ""2025-09-22"", ""2025-09-12"", ""2025-09-12"", ""2025-09-04"", ""2025-09-04"", ""2025-08-29"", ""2025-08-19"", ""2025-07-22"", ""2025-07-22""]","{叠加别墅,合院别墅}",叠加别墅、合院别墅,70年,1.01,30%,363,带装修,在建中，竣工时间：暂无数据,别墅,金地智慧服务,6.6~7.6元/㎡/月,,,1:1.92,售罄,售罄,售罄,"[""余杭房预许字（2026）第00151号"", ""余杭房预许字（2026）第00037号"", ""余杭房预许字（2025）第00617号"", ""余杭房预许字（2025）第00618号"", ""余杭房预许字（2025）第00603号"", ""余杭房预许字（2025）第00602号"", ""余杭房预许字(2025)第00562号"", ""余杭房预许字（2025）第00519号"", ""余杭房预许字（2025）第00476号"", ""余杭房预许字（2025）第00425号"", ""余杭房预许字（2025）第00427号"", ""余杭房预许字（2025）第00398号"", ""余杭房预许字（2025）第00397号"", ""余杭房预许字（2025）第00379号"", ""余杭房预许字（2025）第00378号"", ""余杭房预许字(2025)第00367号"", ""余杭房预许字（2025）第00351号"", ""余杭房预许字（2025）第00312号"", ""余杭房预许字（2025）第00313号""]","[""37#"", ""26#、12#"", ""32#、4#、2#"", ""53#"", ""24#"", ""39#"", ""7#"", ""54#、57#"", ""22#、23#、25#"", ""17#、15#、29#"", ""51#"", ""18#、20#"", ""61#、62#、59#、40#、63#、58#"", ""60#"", ""33#、10#"", ""16#、28#"", ""19#、21#、8#"", ""50#、36#、41#、52#"", ""9#、30#、14#""]",中铁建,绿城集团,,民电,民水,30.239622,119.955428,"{""service_num"": ""4006708287"", ""num"": ""24473""}","{""56"": ""车位充足"", ""29"": ""装修交付"", ""76"": ""厨卫全明"", ""74"": ""南北通透"", ""7"": ""项目在建"", ""276"": ""一房一价"", ""72"": ""配套纯熟"", ""70"": ""银行"", ""69"": ""学校"", ""68"": ""医院"", ""66"": ""公园"", ""65"": ""商业街"", ""64"": ""购物中心"", ""78"": ""大户型"", ""402"": ""玄关入户"", ""401"": ""户型方正"", ""85"": ""主卧套房"", ""83"": ""双阳台"", ""92"": ""热搜盘"", ""90"": ""人气楼盘"", ""637"": ""公办中学"", ""636"": ""公办小学"", ""635"": ""民办小学"", ""625"": ""寄宿制小学"", ""624"": ""九年一贯制"", ""606"": ""省一级园"", ""603"": ""二级园"", ""598"": ""民办幼儿园"", ""597"": ""公办幼儿园"", ""541"": ""3D沙盘"", ""540"": ""日照模拟"", ""421"": ""无需摇号"", ""263"": ""VR看房"", ""50"": ""品牌开发商""}","[""车位充足"", ""装修交付"", ""厨卫全明"", ""南北通透"", ""项目在建""]",https://pic4.ajkimg.com/display/xinfang/15b9db5bc896bddae233321d2954bd5a/275x206n.jpg,[],杭州市余杭区余杭街道涵浦街
5409576,恒阁,杭州,18,滨江区,1806,浦沿,1914,杭州滨江区浦沿东至明德路，南至生地街，西至浦沿单元BJ040301-05(2)地块，北至浦沿单元BJ040301-05(3)地块,,,,,,26008m²,100948.18m²,[],,,2002-09-18,,2002年,2003年,[],"{高层,小高层}",高层、小高层,70年,2.5,35%,,,,住宅,金地智慧服务,,,,,售罄,售罄,售罄,[],[],华侨城,,,民电,民水,30.161323,120.15324,"{""service_num"": ""4006708287"", ""num"": ""63529""}","{""9"": ""轨交房"", ""72"": ""配套纯熟"", ""70"": ""银行"", ""69"": ""学校"", ""68"": ""医院"", ""66"": ""公园"", ""65"": ""商业街"", ""64"": ""购物中心"", ""91"": ""热评楼盘"", ""638"": ""民办中学"", ""637"": ""公办中学"", ""636"": ""公办小学"", ""624"": ""九年一贯制"", ""606"": ""省一级园"", ""598"": ""民办幼儿园"", ""597"": ""公办幼儿园"", ""541"": ""3D沙盘"", ""540"": ""日照模拟"", ""55"": ""小型社区""}","[""轨交房"", ""配套纯熟"", ""银行"", ""学校"", ""医院""]",https://pic4.ajkimg.com/display/xinfang/9a60e2a8d3a2bfe6e45ee3d2b0c0916c/275x206n.jpg,"[{""id"": ""7329955"", ""loupan_id"": ""533398"", ""station_id"": ""4822"", ""subway_id"": ""42"", ""city_id"": ""18"", ""distance"": ""1265米"", ""status"": ""1"", ""last_update_time"": ""1774211227"", ""is_rail_loupan"": ""1"", ""subway_name"": ""4号线"", ""station_name"": ""杨家墩"", ""distance_raw"": ""1265""}, {""id"": ""7329954"", ""loupan_id"": ""533398"", ""station_id"": ""4823"", ""subway_id"": ""42"", ""city_id"": ""18"", ""distance"": ""1340米"", ""status"": ""1"", ""last_update_time"": ""1774211227"", ""is_rail_loupan"": ""1"", ""subway_name"": ""4号线"", ""station_name"": ""浦沿"", ""distance_raw"": ""1340""}]",
7471233,新盛世华庭,杭州,18,余杭区,1808,闲林,1922,杭州余杭区闲林02省道南侧新明大道(天目山西路与新明大道交叉口),,,,,88-320㎡,310000m²,1100000m²,"[{""id"": 17615, ""rooms"": 2, ""room_alias"": ""二室"", ""area"": 88}, {""id"": 64545, ""rooms"": 2, ""room_alias"": ""二室"", ""area"": 88}, {""id"": 64712, ""rooms"": 2, ""room_alias"": ""二室"", ""area"": 88}, {""id"": 17614, ""rooms"": 5, ""room_alias"": ""五室"", ""area"": 177}, {""id"": 17612, ""rooms"": 5, ""room_alias"": ""五室"", ""area"": 247.46}, {""id"": 17613, ""rooms"": 6, ""room_alias"": ""六室"", ""area"": 281.45}]",2/5/6室、别墅,"2室户型,5室户型,6室户型,别墅户型",2002-03-11,,2002年,2003年,[],"{独栋别墅,联排别墅}",独栋别墅、联排别墅,70年,1.41,37%,5000,毛坯,,别墅,雅生活服务,1.5元/㎡/月,,5500,1:0.91,售罄,售罄,售罄,[],[],朗诗,,新明投资控股集团有限公司,民电,民水,30.239569,119.976872,"""""","{""53"": ""高绿化率"", ""9"": ""轨交房"", ""72"": ""配套纯熟"", ""71"": ""便利店"", ""70"": ""银行"", ""69"": ""学校"", ""68"": ""医院"", ""66"": ""公园"", ""65"": ""商业街"", ""64"": ""购物中心"", ""78"": ""大户型"", ""637"": ""公办中学"", ""636"": ""公办小学"", ""635"": ""民办小学"", ""625"": ""寄宿制小学"", ""624"": ""九年一贯制"", ""606"": ""省一级园"", ""603"": ""二级园"", ""598"": ""民办幼儿园"", ""597"": ""公办幼儿园"", ""54"": ""大型社区""}","[""高绿化率"", ""轨交房"", ""配套纯熟"", ""便利店"", ""银行""]",https://pic4.ajkimg.com/display/xinfang/414c639c195d4b17ffa5fe7065c38987/275x206n.jpg,"[{""id"": ""7214515"", ""loupan_id"": ""238967"", ""station_id"": ""10686"", ""subway_id"": ""1032"", ""city_id"": ""18"", ""distance"": ""154米"", ""status"": ""1"", ""last_update_time"": ""1774211229"", ""is_rail_loupan"": ""1"", ""subway_name"": ""16号线"", ""station_name"": ""禹航路"", ""distance_raw"": ""154""}]",闲林镇02省道南侧新明大道（天目山西路与新明大道交叉口）
428164,裕丰南国小区,杭州,18,下城,1805,市中心,5125,杭州下城市中心白石路202号（颜三路与白石路交叉口东北侧）,,,,,129-140㎡,住宅：18484m² 别墅：18484m²,,"[{""id"": 77448, ""rooms"": 3, ""room_alias"": ""三室"", ""area"": 129}, {""id"": 65145, ""rooms"": 3, ""room_alias"": ""三室"", ""area"": 137.17}, {""id"": 65143, ""rooms"": 3, ""room_alias"": ""三室"", ""area"": 139.26}, {""id"": 65144, ""rooms"": 4, ""room_alias"": ""四室"", ""area"": 139.98}]",3/4室,,2002-02-26,,2002年,2003年,[],{高层},住宅：高层,住宅：70年 别墅：70年,住宅：2.2,住宅：30% 别墅：30%,住宅：480 别墅：480,住宅：毛坯 别墅：毛坯,,住宅,中海物业,住宅：2.5元/㎡/月,,住宅：443 别墅：443,住宅：1:0.92 别墅：1:0.92,售罄,售罄,售罄,[],[],中南,,浙江裕丰实业有限公司;青鸟控股集团,住宅：民电,住宅：民水,30.326358,120.186391,"""""","{""9"": ""轨交房"", ""10"": ""多轨交"", ""72"": ""配套纯熟"", ""71"": ""便利店"", ""70"": ""银行"", ""69"": ""学校"", ""68"": ""医院"", ""67"": ""生态绿地"", ""66"": ""公园"", ""65"": ""商业街"", ""64"": ""购物中心"", ""638"": ""民办中学"", ""637"": ""公办中学"", ""636"": ""公办小学"", ""635"": ""民办小学"", ""624"": ""九年一贯制"", ""606"": ""省一级园"", ""598"": ""民办幼儿园"", ""597"": ""公办幼儿园""}","[""轨交房"", ""多轨交"", ""配套纯熟"", ""便利店"", ""银行""]",https://pic4.ajkimg.com/display/xinfang/4546d411a47b53d1dee6b378b1161d51/275x206n.jpg,"[{""id"": ""7214323"", ""loupan_id"": ""238615"", ""station_id"": ""4839"", ""subway_id"": ""142"", ""city_id"": ""18"", ""distance"": ""698米"", ""status"": ""1"", ""last_update_time"": ""1774211232"", ""is_rail_loupan"": ""1"", ""subway_name"": ""5号线"", ""station_name"": ""西文街"", ""distance_raw"": ""698""}, {""id"": ""7214328"", ""loupan_id"": ""238615"", ""station_id"": ""4840"", ""subway_id"": ""142"", ""city_id"": ""18"", ""distance"": ""962米"", ""status"": ""1"", ""last_update_time"": ""1774211232"", ""is_rail_loupan"": ""1"", ""subway_name"": ""5号线"", ""station_name"": ""东新园"", ""distance_raw"": ""962""}, {""id"": ""7266832"", ""loupan_id"": ""238615"", ""station_id"": ""122126"", ""subway_id"": ""12110"", ""city_id"": ""18"", ""distance"": ""1127米"", ""status"": ""1"", ""last_update_time"": ""1774211230"", ""is_rail_loupan"": ""1"", ""subway_name"": ""15号线"", ""station_name"": ""城北体育公园站"", ""distance_raw"": ""1127""}]",白石路202号灯塔豪园综合楼（近香积寺路）
1761353,瑞名城二期,杭州,18,下城,1805,华丰,4582,杭州下城华丰石桥路与永祥街交叉口,,,,,33-66㎡,15000m²,88000m²,"[{""id"": 37455, ""rooms"": 1, ""room_alias"": ""一室"", ""area"": 33}, {""id"": 37449, ""rooms"": 1, ""room_alias"": ""一室"", ""area"": 53}, {""id"": 37457, ""rooms"": 2, ""room_alias"": ""二室"", ""area"": 66}]",1/2室,"1室户型,2室户型",2002-10-05,,2002年,2003年,[],{小高层},小高层,,4.5,30%,650,毛坯,,住宅,金地智慧服务,2.6元/㎡/月,,515,,售罄,售罄,售罄,[],[],正荣,,杭州永锦富园房地产开发有限公司,民电,民水,30.320368,120.188675,"""""","{""57"": ""人车分流"", ""9"": ""轨交房"", ""72"": ""配套纯熟"", ""71"": ""便利店"", ""70"": ""银行"", ""69"": ""学校"", ""68"": ""医院"", ""66"": ""公园"", ""65"": ""商业街"", ""64"": ""购物中心"", ""79"": ""小户型"", ""637"": ""公办中学"", ""636"": ""公办小学"", ""624"": ""九年一贯制"", ""606"": ""省一级园"", ""598"": ""民办幼儿园"", ""597"": ""公办幼儿园""}","[""人车分流"", ""轨交房"", ""配套纯熟"", ""便利店"", ""银行""]",https://pic4.ajkimg.com/display/xinfang/32eedf666937274a3e0bd339ff6175b0/275x206n.jpg,"[{""id"": ""7212317"", ""loupan_id"": ""241221"", ""station_id"": ""120449"", ""subway_id"": ""42"", ""city_id"": ""18"", ""distance"": ""637米"", ""status"": ""1"", ""last_update_time"": ""1774211230"", ""is_rail_loupan"": ""1"", ""subway_name"": ""4号线"", ""station_name"": ""华中南路"", ""distance_raw"": ""637""}]",永祥街6-8号
7529218,天绿洲里,杭州,18,桐庐县,17459,桐庐,17460,杭州桐庐县桐庐环城西路和富春西路交汇处,,2320元/㎡,2320元/㎡,首付8万，月供1948元,49-198㎡,住宅：26120m² 别墅：26120m²,住宅：31344m² 别墅：31344m²,"[{""id"": 427645, ""rooms"": 1, ""room_alias"": ""一室"", ""area"": 49}, {""id"": 427641, ""rooms"": 2, ""room_alias"": ""二室"", ""area"": 88}, {""id"": 427642, ""rooms"": 2, ""room_alias"": ""二室"", ""area"": 88}, {""id"": 427644, ""rooms"": 3, ""room_alias"": ""三室"", ""area"": 89}, {""id"": 427649, ""rooms"": 3, ""room_alias"": ""三室"", ""area"": 198}]",1/2/3室、别墅,"1室户型,2室户型,3室户型,别墅户型",2002-08-13,2021年04月17日,2002年,2003年,"[""2021-04-07"", ""2018-12-25""]",多层,住宅：高层 别墅：双拼别墅,住宅：70年 别墅：70年,住宅：1.2 别墅：1.2,住宅：35% 别墅：35%,住宅：350 别墅：350,住宅：毛坯 别墅：毛坯,,住宅,雅生活服务,住宅：2.5元/㎡/月 别墅：4元/㎡/月,,住宅：281 别墅：281,住宅：1:1 别墅：1:1,售罄,售罄,售罄,"[""桐售许字（2021）第ZJ00317号"", ""桐售许字（2018）第01051""]","[""3#、4#、5#、6#"", ""1#、2#""]",大华,,杭州爱丽娜房地产开发有限公司,住宅：民电,住宅：民水,29.786767,119.661199,"""""","{""559"": ""现房"", ""52"": ""低容积"", ""76"": ""厨卫全明"", ""74"": ""南北通透"", ""73"": ""卧室全朝南"", ""79"": ""小户型"", ""78"": ""大户型"", ""402"": ""玄关入户"", ""401"": ""户型方正"", ""397"": ""动静分离"", ""85"": ""主卧套房"", ""83"": ""双阳台"", ""82"": ""双卫生间"", ""636"": ""公办小学"", ""541"": ""3D沙盘""}","[""现房"", ""低容积"", ""厨卫全明"", ""南北通透"", ""卧室全朝南""]",https://pic4.ajkimg.com/display/xinfang/b3e0b6c6e826699c3e5ec33f35598212/275x206n.jpg,[],浙江省桐庐县环城西路123号
4875729,望天云天汇,杭州,18,滨江区,1806,西兴,1915,杭州滨江区西兴养正巷与奥体街交会处,,,,,506-876㎡,28545m²,82780.5m²,"[{""id"": 876187, ""rooms"": 4, ""room_alias"": ""四室"", ""area"": 876}, {""id"": 878728, ""rooms"": 5, ""room_alias"": ""五室"", ""area"": 506}]",4/5室,"4室户型,5室户型",2002-05-14,,2002年,2003年,[],{},,70年,2.9,,,,,住宅,新城悦服务,,,,,售罄,售罄,售罄,[],[],雅居乐,"绿城集团,滨江集团",,民电,民水,30.227161,120.227528,"{""service_num"": ""4006708287"", ""num"": ""32079""}","{""9"": ""轨交房"", ""76"": ""厨卫全明"", ""74"": ""南北通透"", ""72"": ""配套纯熟"", ""71"": ""便利店"", ""70"": ""银行"", ""69"": ""学校"", ""68"": ""医院"", ""67"": ""生态绿地"", ""66"": ""公园"", ""65"": ""商业街"", ""64"": ""购物中心"", ""78"": ""大户型"", ""402"": ""玄关入户"", ""401"": ""户型方正"", ""397"": ""动静分离"", ""85"": ""主卧套房"", ""92"": ""热搜盘"", ""91"": ""热评楼盘"", ""90"": ""人气楼盘"", ""637"": ""公办中学"", ""636"": ""公办小学"", ""606"": ""省一级园"", ""598"": ""民办幼儿园"", ""597"": ""公办幼儿园"", ""541"": ""3D沙盘"", ""540"": ""日照模拟"", ""263"": ""VR看房"", ""55"": ""小型社区"", ""50"": ""品牌开发商""}","[""轨交房"", ""厨卫全明"", ""南北通透"", ""配套纯熟"", ""便利店""]",https://pic4.ajkimg.com/display/xinfang/f689d94c56e865228ad9d2c7df667a68/275x206n.jpg,"[{""id"": ""7309389"", ""loupan_id"": ""530463"", ""station_id"": ""120850"", ""subway_id"": ""143"", ""city_id"": ""18"", ""distance"": ""1240米"", ""status"": ""1"", ""last_update_time"": ""1774211228"", ""is_rail_loupan"": ""1"", ""subway_name"": ""6号线"", ""station_name"": ""星民站"", ""distance_raw"": ""1240""}]",
4535724,新景二期,杭州,18,上城区,1802,华家池,5134,杭州上城区华家池艮山西路与新塘路交叉口,,6328元/㎡,6328元/㎡,首付687万，月供165218元,1527㎡,43972m²,44000m²,[],,商业户型,2002-04-28,2019年01月21日,2002年,2003年,[],{},,40年,,30%,1126,毛坯,,标准写字楼,碧桂园服务,8元/㎡/月,,1551,1:1.4,售罄,售罄,售罄,[],[],世茂,保利集团,保利集团,商电,商水,30.288604,120.208109,"{""service_num"": ""4006708287"", ""num"": ""59879""}","{""559"": ""现房"", ""56"": ""车位充足"", ""9"": ""轨交房"", ""10"": ""多轨交"", ""72"": ""配套纯熟"", ""71"": ""便利店"", ""70"": ""银行"", ""68"": ""医院"", ""65"": ""商业街"", ""222"": ""5A写字楼"", ""220"": ""办公首选"", ""219"": ""地铁上盖"", ""213"": ""地铁沿线"", ""51"": ""金牌物业"", ""50"": ""品牌开发商""}","[""现房"", ""车位充足"", ""轨交房"", ""多轨交"", ""配套纯熟""]",https://pic4.ajkimg.com/display/xinfang/dfd332a88450f3e13eb7226b2138bd5d/275x206n.jpg,"[{""id"": ""7159749"", ""loupan_id"": ""434950"", ""station_id"": ""2670"", ""subway_id"": ""42"", ""city_id"": ""18"", ""distance"": ""129米"", ""status"": ""1"", ""last_update_time"": ""1774211230"", ""is_rail_loupan"": ""1"", ""subway_name"": ""4号线"", ""station_name"": ""新塘"", ""distance_raw"": ""129""}, {""id"": ""7266869"", ""loupan_id"": ""434950"", ""station_id"": ""122131"", ""subway_id"": ""12110"", ""city_id"": ""18"", ""distance"": ""1147米"", ""status"": ""1"", ""last_update_time"": ""1774211230"", ""is_rail_loupan"": ""1"", ""subway_name"": ""15号线"", ""station_name"": ""景芳站"", ""distance_raw"": ""1147""}, {""id"": ""7159770"", ""loupan_id"": ""434950"", ""station_id"": ""2669"", ""subway_id"": ""42"", ""city_id"": ""18"", ""distance"": ""1278米"", ""status"": ""1"", ""last_update_time"": ""1774211230"", ""is_rail_loupan"": ""1"", ""subway_name"": ""4号线"", ""station_name"": ""景芳"", ""distance_raw"": ""1278""}, {""id"": ""7159734"", ""loupan_id"": ""434950"", ""station_id"": ""2671"", ""subway_id"": ""42"", ""city_id"": ""18"", ""distance"": ""1476米"", ""status"": ""1"", ""last_update_time"": ""1774211230"", ""is_rail_loupan"": ""1"", ""subway_name"": ""4号线"", ""station_name"": ""新风"", ""distance_raw"": ""1476""}]",杭州上城区艮山西路与新塘路交叉口 （地铁4号线新塘路站）
6183366,盛西岸轩,杭州,18,建德市,17457,建德,17458,杭州建德市建德新安东路251-1号,,1898元/㎡,1898元/㎡,首付10万，月供2489元,77-137㎡,住宅：70000m² 别墅：70000m²,住宅：190000m² 别墅：190000m²,"[{""id"": 419798, ""rooms"": 2, ""room_alias"": ""二室"", ""area"": 77}, {""id"": 419779, ""rooms"": 3, ""room_alias"": ""三室"", ""area"": 88}, {""id"": 419783, ""rooms"": 3, ""room_alias"": ""三室"", ""area"": 88}, {""id"": 419792, ""rooms"": 3, ""room_alias"": ""三室"", ""area"": 104}, {""id"": 419801, ""rooms"": 3, ""room_alias"": ""三室"", ""area"": 108}, {""id"": 419797, ""rooms"": 4, ""room_alias"": ""四室"", ""area"": 127}, {""id"": 419804, ""rooms"": 4, ""room_alias"": ""四室"", ""area"": 137}, {""id"": 419808, ""rooms"": 4, ""room_alias"": ""四室"", ""area"": 137}]",2/3/4室、别墅,"2室户型,3室户型,4室户型,别墅户型",2002-02-12,2019年12月25日,2002年,2003年,"[""2019-01-13"", ""2019-11-21"", ""2019-12-25"", ""2018-12-20""]",别墅,住宅：高层 别墅：叠加别墅,住宅：70年 别墅：70年,住宅：2.2 别墅：2.2,住宅：30% 别墅：30%,住宅：1382 别墅：1382,"住宅：毛坯,带装修 别墅：毛坯,带装修",,住宅,新城悦服务,住宅：2.5元/㎡/月,,住宅：1490 别墅：1490,住宅：1:1.1 别墅：1:1.1,售罄,售罄,售罄,"[""建售许字(2018)第054号"", ""建售许字（2019）第01141号"", ""建售许字（2019）第01322号"", ""建售许字(2018)第055号""]","[""14#"", ""9#、11#、23#"", ""7#、8#"", ""13#、15#、16#""]",象屿,富力集团,杭州冠富房地产开发有限公司,住宅：民电,住宅：民水,29.437743,119.28941,"{""service_num"": ""4006708287"", ""num"": """"}","{""559"": ""现房"", ""81"": ""大阳台"", ""56"": ""车位充足"", ""29"": ""装修交付"", ""76"": ""厨卫全明"", ""75"": ""三房朝南"", ""74"": ""南北通透"", ""73"": ""卧室全朝南"", ""70"": ""银行"", ""65"": ""商业街"", ""78"": ""大户型"", ""404"": ""客餐厅相连"", ""403"": ""私密性好"", ""402"": ""玄关入户"", ""401"": ""户型方正"", ""397"": ""动静分离"", ""85"": ""主卧套房"", ""82"": ""双卫生间"", ""263"": ""VR看房"", ""50"": ""品牌开发商""}","[""现房"", ""大阳台"", ""车位充足"", ""装修交付"", ""厨卫全明""]",https://pic4.ajkimg.com/display/xinfang/63700726affa467b7112a85661f04453/275x206n.jpg,[],建德市更楼街道更化社区新安东路251-1号
4841235,顺发半岛汇,杭州,18,萧山区,1807,钱江世纪城,5137,杭州萧山区钱江世纪城萧钱线与利群河交叉口,,,,,75-333㎡,住宅：82000m² 别墅：82000m²,住宅：150000m² 别墅：150000m²,"[{""id"": 38987, ""rooms"": 3, ""room_alias"": ""三室"", ""area"": 75}, {""id"": 26290, ""rooms"": 3, ""room_alias"": ""三室"", ""area"": 85}, {""id"": 26291, ""rooms"": 3, ""room_alias"": ""三室"", ""area"": 88}, {""id"": 26287, ""rooms"": 3, ""room_alias"": ""三室"", ""area"": 89}, {""id"": 26288, ""rooms"": 3, ""room_alias"": ""三室"", ""area"": 89}, {""id"": 26289, ""rooms"": 3, ""room_alias"": ""三室"", ""area"": 89}, {""id"": 26293, ""rooms"": 3, ""room_alias"": ""三室"", ""area"": 122}, {""id"": 26294, ""rooms"": 5, ""room_alias"": ""五室"", ""area"": 159}]",3/5室、别墅,"3室户型,5室户型,别墅户型",2002-09-04,,2002年,2003年,[],别墅,住宅：高层 别墅：联排别墅,住宅：70年 别墅：70年,住宅：2.49 别墅：2.49,住宅：30% 别墅：30%,住宅：970 别墅：970,住宅：毛坯 别墅：毛坯,,住宅,合景悠活,住宅：1.8元/㎡/月 别墅：3元/㎡/月,,住宅：1076 别墅：1076,住宅：1:1.03 别墅：1:1.03,售罄,售罄,售罄,"[""许字(2010)第085号：1、5号楼""]",[],佳兆业,,顺发恒业有限公司,住宅：民电,住宅：民水,30.235268,120.283896,"""""","{""56"": ""车位充足"", ""70"": ""银行"", ""69"": ""学校"", ""68"": ""医院"", ""78"": ""大户型"", ""637"": ""公办中学"", ""636"": ""公办小学"", ""598"": ""民办幼儿园"", ""597"": ""公办幼儿园""}","[""车位充足"", ""银行"", ""学校"", ""医院"", ""大户型""]",https://pic4.ajkimg.com/display/xinfang/7aea64375cb37ba7584247f6b1a58f88/275x206n.jpg,[],萧山区萧钱线与利群河交叉口(项目现场)
6619293,天阁,杭州,18,萧山区,1807,萧山新城,1919,杭州萧山区萧山新城通惠南路与晨晖路口,,,,,89-135㎡,住宅：26601m² 别墅：26601m²,住宅：72307m² 别墅：72307m²,"[{""id"": 412551, ""rooms"": 3, ""room_alias"": ""三室"", ""area"": 89}, {""id"": 412555, ""rooms"": 4, ""room_alias"": ""四室"", ""area"": 120}, {""id"": 412558, ""rooms"": 4, ""room_alias"": ""四室"", ""area"": 135}]",3/4室,"3室户型,4室户型",2002-12-10,,2002年,2003年,"[""2019-05-14"", ""2018-11-29""]",别墅,住宅：高层 别墅：联排别墅,住宅：70年 别墅：70年,住宅：2.7 别墅：2.7,住宅：30% 别墅：30%,住宅：665 别墅：665,"住宅：毛坯,带装修 别墅：毛坯,带装修",,住宅,碧桂园服务,住宅：1.8元/㎡/月 别墅：3.4元/㎡/月,,住宅：764 别墅：764,住宅：1:1.5 别墅：1:1.5,售罄,售罄,售罄,"[""萧售许字（2019）第00323号"", ""萧售许字（2018）第00904号""]","[""2、3"", ""1""]",佳兆业,,东原、旭辉,住宅：民电,住宅：民水,30.148118,120.288459,"{""service_num"": ""4006708287"", ""num"": """"}","{""56"": ""车位充足"", ""29"": ""装修交付"", ""76"": ""厨卫全明"", ""74"": ""南北通透"", ""72"": ""配套纯熟"", ""71"": ""便利店"", ""70"": ""银行"", ""68"": ""医院"", ""65"": ""商业街"", ""64"": ""购物中心"", ""78"": ""大户型"", ""402"": ""玄关入户"", ""401"": ""户型方正"", ""85"": ""主卧套房"", ""82"": ""双卫生间"", ""638"": ""民办中学"", ""637"": ""公办中学"", ""636"": ""公办小学"", ""624"": ""九年一贯制"", ""598"": ""民办幼儿园""}","[""车位充足"", ""装修交付"", ""厨卫全明"", ""南北通透"", ""配套纯熟""]",https://pic4.ajkimg.com/display/xinfang/85b2b648467ccbe071511d0a07203ffa/275x206n.jpg,[],萧山区通惠南路与晨晖路口
2236927,雅银河怡园,杭州,18,钱塘区,20267,江东新城,20272,杭州钱塘区江东新城青六中路地铁7号线塘新线站,,4007元/㎡,4007元/㎡,首付13万，月供3246元,45-90㎡,199673m²,770013m²,"[{""id"": 746588, ""rooms"": 1, ""room_alias"": ""一室"", ""area"": 60}, {""id"": 746587, ""rooms"": 2, ""room_alias"": ""二室"", ""area"": 45}, {""id"": 746589, ""rooms"": 2, ""room_alias"": ""二室"", ""area"": 90}]",1/2室,商业户型,2002-09-25,2021年10月25日,2002年,2003年,"[""2021-10-22""]",{},,40年,2.7,30%,389,带装修,,商业,新城悦服务,7.8~9.3元/㎡/月,,,,售罄,售罄,售罄,"[""杭售许字(2021)第003045号""]","[""39#""]",金地,融创中国,融创集团,商电,商水,30.280686,120.514928,"""""","{""559"": ""现房"", ""29"": ""装修交付"", ""9"": ""轨交房"", ""50"": ""品牌开发商""}","[""现房"", ""装修交付"", ""轨交房"", ""品牌开发商""]",https://pic4.ajkimg.com/display/xinfang/f5499e85adad66962152ec86369e9b92/275x206n.jpg,"[{""id"": ""7188903"", ""loupan_id"": ""511308"", ""station_id"": ""10937"", ""subway_id"": ""1043"", ""city_id"": ""18"", ""distance"": ""94米"", ""status"": ""1"", ""last_update_time"": ""1774211232"", ""is_rail_loupan"": ""1"", ""subway_name"": ""7号线"", ""station_name"": ""塘新线"", ""distance_raw"": ""94""}, {""id"": ""7188902"", ""loupan_id"": ""511308"", ""station_id"": ""10932"", ""subway_id"": ""1043"", ""city_id"": ""18"", ""distance"": ""1300米"", ""status"": ""1"", ""last_update_time"": ""1774211232"", ""is_rail_loupan"": ""1"", ""subway_name"": ""7号线"", ""station_name"": ""义蓬"", ""distance_raw"": ""1300""}]",杭州市钱塘区青六中路地铁7号线塘新线站
7076221,金丽云天坊,杭州,18,临平区,24198,东湖,24199,杭州临平区东湖杭州市东湖北路666号,,,,,88-163㎡,63000m²,9300m²,"[{""id"": 287980, ""rooms"": 3, ""room_alias"": ""三室"", ""area"": 88}, {""id"": 287992, ""rooms"": 3, ""room_alias"": ""三室"", ""area"": 88}, {""id"": 287999, ""rooms"": 3, ""room_alias"": ""三室"", ""area"": 88}, {""id"": 288000, ""rooms"": 3, ""room_alias"": ""三室"", ""area"": 108}, {""id"": 288002, ""rooms"": 3, ""room_alias"": ""三室"", ""area"": 110}, {""id"": 288003, ""rooms"": 3, ""room_alias"": ""三室"", ""area"": 112}, {""id"": 288005, ""rooms"": 4, ""room_alias"": ""四室"", ""area"": 138}, {""id"": 288006, ""rooms"": 4, ""room_alias"": ""四室"", ""area"": 163}]",3/4室,"3室户型,4室户型",2002-04-01,,2002年,2003年,"[""2018-12-16""]",{小高层},小高层,70年,1.54,30%,814,毛坯,,住宅,华润万象生活,1.5元/㎡/月,,800,1：0.98,售罄,售罄,售罄,"[""余售许字（2017）第00493号"", ""余售许字（2018）第00973号""]","[""16、17""]",华润,,,民电,民水,30.468037,120.320772,"""""","{""52"": ""低容积"", ""70"": ""银行"", ""69"": ""学校"", ""78"": ""大户型"", ""637"": ""公办中学"", ""636"": ""公办小学"", ""598"": ""民办幼儿园"", ""597"": ""公办幼儿园""}","[""低容积"", ""银行"", ""学校"", ""大户型"", ""公办中学""]",https://pic4.ajkimg.com/display/xinfang/45bf63a536151b492c3f27fd4a4624f2/275x206n.jpg,[],杭州市东湖北路666号
1964867,悦宅,杭州,18,临平区,24198,临平老城区,24204,杭州临平区临平老城区藕花洲大街与新颜路交叉口,,213元/㎡,213元/㎡,首付151万，月供36427元,245-265㎡,别墅：15538m² 住宅：15538m²,别墅：33090.9m² 住宅：16314.9m²,"[{""id"": 879437, ""rooms"": 5, ""room_alias"": ""五室"", ""area"": 245}, {""id"": 881137, ""rooms"": 5, ""room_alias"": ""五室"", ""area"": 250}, {""id"": 881140, ""rooms"": 5, ""room_alias"": ""五室"", ""area"": 265}]",别墅,别墅户型,2002-01-28,2026年03月下旬,2002年,2003年,"[""2026-03-18"", ""2026-01-09"", ""2025-09-13""]",{联排别墅},别墅：联排别墅,别墅：70年 住宅：70年,别墅：1.05 住宅：1.05,别墅：28%,别墅：42,别墅：毛坯,在建中，竣工时间：暂无数据,别墅,龙湖智慧服务,,,别墅：143,,售罄,售罄,售罄,"[""临平房预许字（2026）第00157号"", ""临平房预许字（2026）第00017号"", ""临平房预许字(2025)第00399号""]","[""3#"", ""4#"", ""8#、1#、6#、5#""]",万科,,,别墅：民电,别墅：民水,30.438986,120.332342,"{""service_num"": ""4006708287"", ""num"": ""26526""}","{""52"": ""低容积"", ""7"": ""项目在建"", ""276"": ""一房一价"", ""72"": ""配套纯熟"", ""71"": ""便利店"", ""70"": ""银行"", ""69"": ""学校"", ""68"": ""医院"", ""67"": ""生态绿地"", ""66"": ""公园"", ""65"": ""商业街"", ""64"": ""购物中心"", ""78"": ""大户型"", ""85"": ""主卧套房"", ""637"": ""公办中学"", ""636"": ""公办小学"", ""606"": ""省一级园"", ""598"": ""民办幼儿园"", ""597"": ""公办幼儿园"", ""541"": ""3D沙盘"", ""540"": ""日照模拟"", ""417"": ""登记中"", ""55"": ""小型社区""}","[""低容积"", ""项目在建"", ""一房一价"", ""配套纯熟"", ""便利店""]",https://pic4.ajkimg.com/display/xinfang/f702031ff37c3d75e77adfbbaeb5e0fa/275x206n.jpg,[],金地中德振丰·丹青隐庐售楼处（临平区藕花洲大街与新颜路交叉口）
1010862,御翡翠里,杭州,18,临平区,24198,东湖,24199,杭州临平区东湖凌寒街与莲花港路交叉口以西,,114元/㎡,114元/㎡,首付81万，月供19656元,213-339㎡,别墅：48015m² 住宅：48015m²,别墅：111339.5m² 住宅：111348.39m²,"[{""id"": 859696, ""rooms"": 4, ""room_alias"": ""四室"", ""area"": 213}, {""id"": 859695, ""rooms"": 4, ""room_alias"": ""四室"", ""area"": 284}, {""id"": 859694, ""rooms"": 4, ""room_alias"": ""四室"", ""area"": 296}, {""id"": 859693, ""rooms"": 4, ""room_alias"": ""四室"", ""area"": 339}]",别墅,别墅户型,2002-01-23,2025年05月22日,2002年,2003年,"[""2025-05-15"", ""2025-04-09""]","{叠加别墅,合院别墅}",别墅：叠加别墅、合院别墅,别墅：70年 住宅：70年,别墅：1.3 住宅：1.3,别墅：30% 住宅：30%,别墅：227 住宅：227,别墅：毛坯 住宅：毛坯,在建中，竣工时间：2027-06-30,别墅,华润万象生活,住宅：5.7元/㎡/月,,住宅：464,别墅：1:2 住宅：1:2,售罄,售罄,售罄,"[""临平房预许字（2025）第00194号"", ""临平房预许字（2025）第00137号""]","[""28#、22#、31#"", ""3#、16#、1#、17#、6#、5#、10#、11#、13#""]",绿城,,,别墅：民电,别墅：民水,30.450259,120.256371,"{""service_num"": ""4006708287"", ""num"": ""13853""}","{""56"": ""车位充足"", ""52"": ""低容积"", ""76"": ""厨卫全明"", ""74"": ""南北通透"", ""73"": ""卧室全朝南"", ""7"": ""项目在建"", ""276"": ""一房一价"", ""72"": ""配套纯熟"", ""70"": ""银行"", ""69"": ""学校"", ""68"": ""医院"", ""64"": ""购物中心"", ""78"": ""大户型"", ""402"": ""玄关入户"", ""401"": ""户型方正"", ""397"": ""动静分离"", ""85"": ""主卧套房"", ""637"": ""公办中学"", ""636"": ""公办小学"", ""624"": ""九年一贯制"", ""598"": ""民办幼儿园"", ""597"": ""公办幼儿园"", ""541"": ""3D沙盘"", ""540"": ""日照模拟"", ""421"": ""无需摇号"", ""263"": ""VR看房"", ""55"": ""小型社区"", ""50"": ""品牌开发商""}","[""车位充足"", ""低容积"", ""厨卫全明"", ""南北通透"", ""卧室全朝南""]",https://pic4.ajkimg.com/display/xinfang/8ee6c8760a8b9992b6f040eae90dc52f/275x206n.jpg,[],杭州市临平区南莲花港路（建设中）
5102343,华鸿青山美景,杭州,18,桐庐县,17459,桐庐,17460,杭州桐庐县桐庐梅林路与阆苑路交叉口,,,,,98-170㎡,住宅：35000m² 别墅：35000m²,住宅：100000m² 别墅：100000m²,"[{""id"": 461818, ""rooms"": 3, ""room_alias"": ""三室"", ""area"": 98}, {""id"": 461816, ""rooms"": 3, ""room_alias"": ""三室"", ""area"": 110}, {""id"": 461878, ""rooms"": 3, ""room_alias"": ""三室"", ""area"": 135}, {""id"": 461815, ""rooms"": 4, ""room_alias"": ""四室"", ""area"": 120}, {""id"": 461814, ""rooms"": 4, ""room_alias"": ""四室"", ""area"": 129}, {""id"": 461852, ""rooms"": 4, ""room_alias"": ""四室"", ""area"": 161}, {""id"": 461869, ""rooms"": 4, ""room_alias"": ""四室"", ""area"": 161}, {""id"": 461831, ""rooms"": 4, ""room_alias"": ""四室"", ""area"": 167}, {""id"": 461826, ""rooms"": 4, ""room_alias"": ""四室"", ""area"": 170}, {""id"": 461833, ""rooms"": 4, ""room_alias"": ""四室"", ""area"": 170}]",3/4室、别墅,"3室户型,4室户型,别墅户型",2002-05-07,,2002年,2003年,"[""2019-11-01"", ""2019-05-15"", ""2019-05-15"", ""2019-05-15"", ""2019-05-15"", ""2019-05-15"", ""2019-08-23""]","{联排别墅,叠加别墅,高层}",住宅：高层 别墅：联排别墅、叠加别墅,住宅：70年 别墅：70年,住宅：2 别墅：2,住宅：30% 别墅：30%,住宅：558 别墅：558,住宅：毛坯 别墅：毛坯,,住宅,旭辉永升,住宅：2.5元/㎡/月 别墅：4.2元/㎡/月,,住宅：550 别墅：550,住宅：1:1 别墅：1:1,售罄,售罄,售罄,"[""桐售许字（2019）第01030号"", ""桐售许字（2019）第00122"", ""桐售许字（2019）第00119"", ""桐售许字（2019）第00120号"", ""桐售许字（2019）第00121号"", ""桐售许字（2019）第00294号"", ""桐售许字（2019）第00693号""]","[""19#"", ""8#、11#"", ""18#"", ""7#"", ""3#、5#、15#"", ""17#"", ""21#""]",建发,,华鸿嘉信+中南置地,住宅：民电,住宅：民水,29.809997,119.706754,"{""service_num"": ""4006708287"", ""num"": """"}","{""81"": ""大阳台"", ""76"": ""厨卫全明"", ""74"": ""南北通透"", ""72"": ""配套纯熟"", ""71"": ""便利店"", ""69"": ""学校"", ""66"": ""公园"", ""65"": ""商业街"", ""78"": ""大户型"", ""402"": ""玄关入户"", ""401"": ""户型方正"", ""85"": ""主卧套房"", ""82"": ""双卫生间"", ""637"": ""公办中学"", ""636"": ""公办小学"", ""624"": ""九年一贯制"", ""263"": ""VR看房""}","[""大阳台"", ""厨卫全明"", ""南北通透"", ""配套纯熟"", ""便利店""]",https://pic4.ajkimg.com/display/xinfang/4f5b27af464847dc2e954e9b8675dd36/275x206n.jpg,[],浙江省桐庐县梅林路与阆苑路交叉口华鸿中南壹号院
7677366,龙都,杭州,18,淳安县,17455,淳安,17456,杭州淳安县淳安千岛湖镇阳光路900号,,,,,109-137㎡,88000m²,191000m²,"[{""id"": 486764, ""rooms"": 3, ""room_alias"": ""三室"", ""area"": 109}, {""id"": 486765, ""rooms"": 3, ""room_alias"": ""三室"", ""area"": 119}, {""id"": 486767, ""rooms"": 3, ""room_alias"": ""三室"", ""area"": 125}, {""id"": 486766, ""rooms"": 4, ""room_alias"": ""四室"", ""area"": 129}, {""id"": 486768, ""rooms"": 4, ""room_alias"": ""四室"", ""area"": 137}]",3/4室,"3室户型,4室户型",2002-01-22,,2002年,2003年,"[""2019-07-30"", ""2018-01-29"", ""2019-01-02""]","{多层,高层,花园洋房}",多层、高层、花园洋房,70年,1.5,30%,1026,毛坯,,住宅,绿城服务,,,1,1:1.05,售罄,售罄,售罄,"[""淳售许字2019第21号"", ""淳售许字(2018)第07号"", ""淳售许字2018第67号""]","[""6#、15#、2#"", ""22#"", ""4#""]",金茂,碧桂园集团,淳安碧桂园房地产开发有限公司,民电,民水,29.654932,119.058625,"{""service_num"": ""4006708287"", ""num"": """"}","{""56"": ""车位充足"", ""52"": ""低容积"", ""76"": ""厨卫全明"", ""74"": ""南北通透"", ""73"": ""卧室全朝南"", ""78"": ""大户型"", ""402"": ""玄关入户"", ""397"": ""动静分离"", ""85"": ""主卧套房"", ""83"": ""双阳台"", ""263"": ""VR看房"", ""50"": ""品牌开发商""}","[""车位充足"", ""低容积"", ""厨卫全明"", ""南北通透"", ""卧室全朝南""]",https://pic4.ajkimg.com/display/xinfang/dbba442b4fbfbbc8c4444afa99aceff2/275x206n.jpg,[],杭州市淳安县千岛湖镇阳光路900号碧桂园泷悦销售中心
2883023,新云天舍,杭州,18,滨江区,1806,中兴,1913,杭州滨江区中兴西兴路(西兴路与月明路交叉口西北侧),,,,,88-200㎡,102005m²,240000m²,"[{""id"": 16954, ""rooms"": 2, ""room_alias"": ""二室"", ""area"": 88}, {""id"": 53062, ""rooms"": 2, ""room_alias"": ""二室"", ""area"": 88}, {""id"": 53064, ""rooms"": 2, ""room_alias"": ""二室"", ""area"": 88}, {""id"": 28664, ""rooms"": 2, ""room_alias"": ""二室"", ""area"": 89}, {""id"": 16952, ""rooms"": 3, ""room_alias"": ""三室"", ""area"": 136}, {""id"": 28666, ""rooms"": 3, ""room_alias"": ""三室"", ""area"": 137}, {""id"": 28665, ""rooms"": 3, ""room_alias"": ""三室"", ""area"": 160}, {""id"": 16949, ""rooms"": 4, ""room_alias"": ""四室"", ""area"": 178}, {""id"": 28667, ""rooms"": 4, ""room_alias"": ""四室"", ""area"": 179}, {""id"": 16950, ""rooms"": 4, ""room_alias"": ""四室"", ""area"": 184}, {""id"": 28668, ""rooms"": 4, ""room_alias"": ""四室"", ""area"": 197}, {""id"": 62150, ""rooms"": 4, ""room_alias"": ""四室"", ""area"": 200}]",2/3/4室,"2室户型,3室户型,4室户型",2002-03-18,,2002年,2003年,[],{高层},高层,70年,2.5,30%,1498,带装修,,住宅,金地智慧服务,2.8元/㎡/月,,1950,1:1.3,售罄,售罄,售罄,[],[],融创,,杭州绿城中胜置业有限公司,民电,民水,30.19725,120.234029,"""""","{""56"": ""车位充足"", ""31"": ""大平层"", ""29"": ""装修交付"", ""9"": ""轨交房"", ""72"": ""配套纯熟"", ""71"": ""便利店"", ""70"": ""银行"", ""69"": ""学校"", ""68"": ""医院"", ""66"": ""公园"", ""65"": ""商业街"", ""64"": ""购物中心"", ""78"": ""大户型"", ""637"": ""公办中学"", ""636"": ""公办小学"", ""606"": ""省一级园"", ""598"": ""民办幼儿园"", ""597"": ""公办幼儿园""}","[""车位充足"", ""大平层"", ""装修交付"", ""轨交房"", ""配套纯熟""]",https://pic4.ajkimg.com/display/xinfang/4f3e618ee675a4f9540b1b467c496d30/275x206n.jpg,"[{""id"": ""7254479"", ""loupan_id"": ""238759"", ""station_id"": ""120850"", ""subway_id"": ""143"", ""city_id"": ""18"", ""distance"": ""1125米"", ""status"": ""1"", ""last_update_time"": ""1774211228"", ""is_rail_loupan"": ""1"", ""subway_name"": ""6号线"", ""station_name"": ""星民站"", ""distance_raw"": ""1125""}]",杭州滨江区月明路西兴路口向西150米
6822254,起梦蓝湾雅居,杭州,18,余杭区,1808,良渚,1924,杭州余杭区良渚古墩路与疏港路交汇处（永旺梦乐成对面）,,,,,38㎡,17129m²,95000m²,"[{""id"": 211507, ""rooms"": 3, ""room_alias"": ""三室"", ""area"": 38}]",3室,商业户型,2002-03-09,,2002年,2003年,[],{高层},高层,40年,2.8,20%,500,毛坯,,商业,新城悦服务,3.3元/㎡/月,,744,1:1.48,售罄,售罄,售罄,[],[],招商蛇口,,,商电,商水,30.376057,120.051692,"{""service_num"": ""4006708287"", ""num"": """"}","{""56"": ""车位充足"", ""9"": ""轨交房"", ""72"": ""配套纯熟"", ""70"": ""银行"", ""66"": ""公园"", ""65"": ""商业街"", ""64"": ""购物中心""}","[""车位充足"", ""轨交房"", ""配套纯熟"", ""银行"", ""公园""]",https://pic4.ajkimg.com/display/xinfang/cf452d88f4cef5ace4ccd0cec8d3ed04/275x206n.jpg,"[{""id"": ""7326446"", ""loupan_id"": ""415040"", ""station_id"": ""4814"", ""subway_id"": ""41"", ""city_id"": ""18"", ""distance"": ""224米"", ""status"": ""1"", ""last_update_time"": ""1774211227"", ""is_rail_loupan"": ""1"", ""subway_name"": ""2号线"", ""station_name"": ""杜甫村"", ""distance_raw"": ""224""}, {""id"": ""7212145"", ""loupan_id"": ""415040"", ""station_id"": ""4815"", ""subway_id"": ""41"", ""city_id"": ""18"", ""distance"": ""1292米"", ""status"": ""1"", ""last_update_time"": ""1774211227"", ""is_rail_loupan"": ""1"", ""subway_name"": ""2号线"", ""station_name"": ""良渚"", ""distance_raw"": ""1292""}]",杭州市余杭区古墩路1818号（永旺梦乐城东侧）
3760710,金名城三期,杭州,18,下城,1805,市中心,5125,杭州下城市中心杭氧街与胜南支路交叉口,,,,,55㎡,,27114.4m²,"[{""id"": 428676, ""rooms"": 2, ""room_alias"": ""二室"", ""area"": 55}, {""id"": 428677, ""rooms"": 2, ""room_alias"": ""二室"", ""area"": 55}]",2室,商业户型,2002-09-24,,2002年,2003年,[],高层,高层,40年,1.9,30%,224,带装修,,商业,世茂服务,5元/㎡/月,,1,1,售罄,售罄,售罄,"[""杭售许字（2018）第000092号""]",[],龙湖,,,商电,商水,30.29252,120.175506,"""""","{""81"": ""大阳台"", ""77"": ""复式"", ""29"": ""装修交付"", ""9"": ""轨交房"", ""73"": ""卧室全朝南"", ""68"": ""医院"", ""66"": ""公园"", ""402"": ""玄关入户"", ""397"": ""动静分离"", ""85"": ""主卧套房"", ""84"": ""双厨房"", ""82"": ""双卫生间"", ""224"": ""枢纽办公区"", ""213"": ""地铁沿线"", ""55"": ""小型社区""}","[""大阳台"", ""复式"", ""装修交付"", ""轨交房"", ""卧室全朝南""]",https://pic4.ajkimg.com/display/xinfang/5334be3eb27867fdb3bd6ce59dca83e4/275x206n.jpg,"[{""id"": ""7212055"", ""loupan_id"": ""450983"", ""station_id"": ""4841"", ""subway_id"": ""142"", ""city_id"": ""18"", ""distance"": ""618米"", ""status"": ""1"", ""last_update_time"": ""1774211226"", ""is_rail_loupan"": ""1"", ""subway_name"": ""5号线"", ""station_name"": ""杭氧"", ""distance_raw"": ""618""}, {""id"": ""7325405"", ""loupan_id"": ""450983"", ""station_id"": ""4840"", ""subway_id"": ""142"", ""city_id"": ""18"", ""distance"": ""1490米"", ""status"": ""1"", ""last_update_time"": ""1774211226"", ""is_rail_loupan"": ""1"", ""subway_name"": ""5号线"", ""station_name"": ""东新园"", ""distance_raw"": ""1490""}]",杭州市下城区绍兴路335号 武林之光接待中心
300986,中龙湖丽景,杭州,18,西湖区,1804,蒋村,20375,杭州西湖区蒋村蒋墩路和晴川街交叉口,,,,,,33400m²,94000m²,[],,,2002-02-20,,2002年,2003年,[],{},,40年,,25%,38,带装修,,商业独栋,旭辉永升,,,691,,售罄,售罄,售罄,[],[],中海,,,商电,商水,30.289268,120.070516,"""""","{""29"": ""装修交付"", ""72"": ""配套纯熟"", ""71"": ""便利店"", ""70"": ""银行"", ""68"": ""医院"", ""66"": ""公园"", ""65"": ""商业街"", ""64"": ""购物中心"", ""227"": ""商业园区"", ""220"": ""办公首选"", ""213"": ""地铁沿线"", ""178"": ""即租即用"", ""55"": ""小型社区"", ""51"": ""金牌物业""}","[""装修交付"", ""配套纯熟"", ""便利店"", ""银行"", ""医院""]",https://pic4.ajkimg.com/display/xinfang/30cbe59b2a784df05358c7e7c0c8543f/275x206n.jpg,[],西湖区蒋墩路和晴川街交叉口
1203414,万科月亮城,杭州,18,滨江区,1806,浦沿,1914,杭州滨江区浦沿滨文路与西浦路交叉口,,,,,90-130㎡,66000m²,228000m²,"[{""id"": 84654, ""rooms"": 2, ""room_alias"": ""二室"", ""area"": 90}, {""id"": 113201, ""rooms"": 3, ""room_alias"": ""三室"", ""area"": 90}, {""id"": 113202, ""rooms"": 3, ""room_alias"": ""三室"", ""area"": 120}, {""id"": 84655, ""rooms"": 4, ""room_alias"": ""四室"", ""area"": 130}]",2/3/4室,"2室户型,3室户型,4室户型",2002-08-09,,2002年,2003年,[],{高层},高层,70年,2.5,30%,1771,带装修,,住宅,融创服务,,,1421,1:0.8,售罄,售罄,售罄,[],[],恒大,,,民电,民水,30.162865,120.159825,"{""service_num"": ""4006708287"", ""num"": """"}","{""29"": ""装修交付"", ""9"": ""轨交房"", ""10"": ""多轨交"", ""72"": ""配套纯熟"", ""70"": ""银行"", ""69"": ""学校"", ""68"": ""医院"", ""66"": ""公园"", ""64"": ""购物中心"", ""78"": ""大户型"", ""638"": ""民办中学"", ""637"": ""公办中学"", ""636"": ""公办小学"", ""624"": ""九年一贯制"", ""606"": ""省一级园"", ""598"": ""民办幼儿园"", ""597"": ""公办幼儿园"", ""54"": ""大型社区""}","[""装修交付"", ""轨交房"", ""多轨交"", ""配套纯熟"", ""银行""]",https://pic4.ajkimg.com/display/xinfang/e9172d6fa7cb410d14eace9ae98c17bf/275x206n.jpg,"[{""id"": ""7254569"", ""loupan_id"": ""249942"", ""station_id"": ""120858"", ""subway_id"": ""143"", ""city_id"": ""18"", ""distance"": ""149米"", ""status"": ""1"", ""last_update_time"": ""1774211228"", ""is_rail_loupan"": ""1"", ""subway_name"": ""6号线"", ""station_name"": ""西浦路站"", ""distance_raw"": ""149""}, {""id"": ""7214046"", ""loupan_id"": ""249942"", ""station_id"": ""4821"", ""subway_id"": ""42"", ""city_id"": ""18"", ""distance"": ""1333米"", ""status"": ""1"", ""last_update_time"": ""1774211228"", ""is_rail_loupan"": ""1"", ""subway_name"": ""4号线"", ""station_name"": ""中医药大学"", ""distance_raw"": ""1333""}, {""id"": ""7214035"", ""loupan_id"": ""249942"", ""station_id"": ""4822"", ""subway_id"": ""42"", ""city_id"": ""18"", ""distance"": ""1356米"", ""status"": ""1"", ""last_update_time"": ""1774211228"", ""is_rail_loupan"": ""1"", ""subway_name"": ""4号线"", ""station_name"": ""杨家墩"", ""distance_raw"": ""1356""}, {""id"": ""7328315"", ""loupan_id"": ""249942"", ""station_id"": ""120857"", ""subway_id"": ""143"", ""city_id"": ""18"", ""distance"": ""1359米"", ""status"": ""1"", ""last_update_time"": ""1774211228"", ""is_rail_loupan"": ""1"", ""subway_name"": ""6号线"", ""station_name"": ""中医药大学站"", ""distance_raw"": ""1359""}]",滨文路与西浦路交叉口
6853055,瑞洲二期,杭州,18,西湖区,1804,三墩,1876,杭州西湖区三墩庄墩路与金汇南路交叉口,,,,,89-139㎡,34172m²,130000m²,"[{""id"": 210502, ""rooms"": 3, ""room_alias"": ""三室"", ""area"": 89}, {""id"": 210505, ""rooms"": 3, ""room_alias"": ""三室"", ""area"": 89}, {""id"": 210616, ""rooms"": 4, ""room_alias"": ""四室"", ""area"": 119}, {""id"": 210618, ""rooms"": 4, ""room_alias"": ""四室"", ""area"": 119}, {""id"": 210621, ""rooms"": 4, ""room_alias"": ""四室"", ""area"": 139}]",3/4室,"3室户型,4室户型",2002-12-08,,2002年,2003年,[],{高层},高层,70年,2.8,30%,878,毛坯,,住宅,旭辉永升,2.1元/㎡/月,,995,1:1.13,售罄,售罄,售罄,"[""杭售许字(2016)第000119号""]",[],滨江集团,,龙湖集团,民电,民水,30.337168,120.067502,"""""","{""57"": ""人车分流"", ""56"": ""车位充足"", ""9"": ""轨交房"", ""69"": ""学校"", ""78"": ""大户型"", ""637"": ""公办中学"", ""636"": ""公办小学"", ""635"": ""民办小学"", ""624"": ""九年一贯制"", ""606"": ""省一级园"", ""603"": ""二级园"", ""598"": ""民办幼儿园"", ""597"": ""公办幼儿园""}","[""人车分流"", ""车位充足"", ""轨交房"", ""学校"", ""大户型""]",https://pic4.ajkimg.com/display/xinfang/a28e47edaff3721f944f772d370bc200/275x206n.jpg,"[{""id"": ""7214552"", ""loupan_id"": ""414228"", ""station_id"": ""4813"", ""subway_id"": ""41"", ""city_id"": ""18"", ""distance"": ""1114米"", ""status"": ""1"", ""last_update_time"": ""1774211229"", ""is_rail_loupan"": ""1"", ""subway_name"": ""2号线"", ""station_name"": ""白洋"", ""distance_raw"": ""1114""}]",杭州西湖区庄墩路与金汇南路交叉口
3020870,世月亮墅,杭州,18,桐庐县,17459,桐庐,17460,杭州桐庐县桐庐金西路99号,,4640元/㎡,4640元/㎡,首付66万，月供16013元,185-364㎡,172330m²,218107m²,"[{""id"": 682235, ""rooms"": 4, ""room_alias"": ""四室"", ""area"": 185}, {""id"": 682240, ""rooms"": 4, ""room_alias"": ""四室"", ""area"": 220}, {""id"": 682242, ""rooms"": 4, ""room_alias"": ""四室"", ""area"": 220}, {""id"": 682237, ""rooms"": 5, ""room_alias"": ""五室"", ""area"": 240}, {""id"": 682247, ""rooms"": 5, ""room_alias"": ""五室"", ""area"": 246}, {""id"": 682248, ""rooms"": 6, ""room_alias"": ""六室"", ""area"": 364}]",4/5/6室,商业户型,2002-10-16,2018年12月30日,2002年,2003年,"[""2020-03-20""]",别墅,多层,40年,1.06,32%,1165,毛坯,已竣工，竣工时间：2022-01-31,商业,绿城服务,4.58元/㎡/月,,718,1:1.16,售罄,售罄,售罄,"[""桐售许字（2020）第00320""]","[""1#、2#、3#、4#、5#、6#""]",雅居乐,,莱茵达（桐庐）体育发展有限公司,商电,商水,29.753446,119.702427,"""""","{""559"": ""现房"", ""557"": ""项目竣工"", ""81"": ""大阳台"", ""56"": ""车位充足"", ""76"": ""厨卫全明"", ""74"": ""南北通透"", ""85"": ""主卧套房""}","[""现房"", ""项目竣工"", ""大阳台"", ""车位充足"", ""厨卫全明""]",https://pic4.ajkimg.com/display/xinfang/0ebb2125f72e6872e0e04be39d2890f2/275x206n.jpg,[],杭州市桐庐县金中路99号
2293505,雅戈盛世谷,杭州,18,西湖区,1804,三墩,1876,"杭州西湖区三墩天目山路与西溪路交口(西溪湿地公园南门,南至留下农贸市场)",,,,,90-400㎡,55225m²,11143m²,"[{""id"": 54802, ""rooms"": 2, ""room_alias"": ""二室"", ""area"": 90}, {""id"": 54804, ""rooms"": 2, ""room_alias"": ""二室"", ""area"": 90}, {""id"": 54806, ""rooms"": 2, ""room_alias"": ""二室"", ""area"": 90}, {""id"": 15828, ""rooms"": 3, ""room_alias"": ""三室"", ""area"": 90}, {""id"": 15832, ""rooms"": 3, ""room_alias"": ""三室"", ""area"": 90}, {""id"": 15833, ""rooms"": 4, ""room_alias"": ""四室"", ""area"": 180}, {""id"": 54808, ""rooms"": 4, ""room_alias"": ""四室"", ""area"": 180}, {""id"": 54811, ""rooms"": 4, ""room_alias"": ""四室"", ""area"": 180}, {""id"": 54812, ""rooms"": 4, ""room_alias"": ""四室"", ""area"": 180}, {""id"": 54605, ""rooms"": 5, ""room_alias"": ""五室"", ""area"": 400}, {""id"": 54801, ""rooms"": 5, ""room_alias"": ""五室"", ""area"": 400}]",2/3/4/5室,"2室户型,3室户型,4室户型,5室户型",2002-04-05,,2002年,2003年,[],"{多层,小高层}",多层、小高层,70年,1.44,30%,522,毛坯,,住宅,合景悠活,2.5~2.5元/㎡/月,,479,1:1,售罄,售罄,售罄,[],[],中梁,,雅戈尔置业控股有限公司,民电,民水,30.236536,120.076304,"{""service_num"": ""4006708287"", ""num"": """"}","{""52"": ""低容积"", ""31"": ""大平层"", ""9"": ""轨交房"", ""10"": ""多轨交"", ""72"": ""配套纯熟"", ""71"": ""便利店"", ""70"": ""银行"", ""69"": ""学校"", ""68"": ""医院"", ""66"": ""公园"", ""65"": ""商业街"", ""64"": ""购物中心"", ""78"": ""大户型"", ""636"": ""公办小学"", ""606"": ""省一级园"", ""603"": ""二级园"", ""598"": ""民办幼儿园"", ""597"": ""公办幼儿园""}","[""低容积"", ""大平层"", ""轨交房"", ""多轨交"", ""配套纯熟""]",https://pic4.ajkimg.com/display/xinfang/74c57fc3d9d48e88b363b4a0d061ba62/275x206n.jpg,"[{""id"": ""7254529"", ""loupan_id"": ""238525"", ""station_id"": ""120838"", ""subway_id"": ""1011"", ""city_id"": ""18"", ""distance"": ""586米"", ""status"": ""1"", ""last_update_time"": ""1774211231"", ""is_rail_loupan"": ""1"", ""subway_name"": ""3号线支线"", ""station_name"": ""留下站"", ""distance_raw"": ""586""}, {""id"": ""7213979"", ""loupan_id"": ""238525"", ""station_id"": ""120519"", ""subway_id"": ""1010"", ""city_id"": ""18"", ""distance"": ""886米"", ""status"": ""1"", ""last_update_time"": ""1774211232"", ""is_rail_loupan"": ""1"", ""subway_name"": ""3号线"", ""station_name"": ""洪园"", ""distance_raw"": ""886""}, {""id"": ""7213977"", ""loupan_id"": ""238525"", ""station_id"": ""120520"", ""subway_id"": ""1010"", ""city_id"": ""18"", ""distance"": ""1428米"", ""status"": ""1"", ""last_update_time"": ""1774211232"", ""is_rail_loupan"": ""1"", ""subway_name"": ""3号线"", ""station_name"": ""西溪湿地南"", ""distance_raw"": ""1428""}]",杭州市西湖区文二路258号(行知小学对面)
7747783,锦里A区,杭州,18,桐庐县,17459,桐庐,17460,"杭州桐庐县桐庐滨江西路428号(富春江一桥以西500米,老啤酒厂斜对面)",,,,,100-134㎡,住宅：70700m² 别墅：70700m²,住宅：120000m² 别墅：120000m²,"[{""id"": 54632, ""rooms"": 2, ""room_alias"": ""二室"", ""area"": 100}, {""id"": 54629, ""rooms"": 3, ""room_alias"": ""三室"", ""area"": 120}, {""id"": 54625, ""rooms"": 3, ""room_alias"": ""三室"", ""area"": 130}, {""id"": 54626, ""rooms"": 3, ""room_alias"": ""三室"", ""area"": 134}]",2/3室,"2室户型,3室户型",2002-07-09,,2002年,2003年,[],{多层},住宅：多层,住宅：70年 别墅：70年,住宅：1.46,住宅：48% 别墅：48%,住宅：800 别墅：800,住宅：毛坯 别墅：毛坯,,住宅,旭辉永升,住宅：0.6元/㎡/月,,,,售罄,售罄,售罄,[],[],美的置业,,桐庐海威房地产开发有限公司,住宅：民电,住宅：民水,29.788529,119.676774,"""""","{""53"": ""高绿化率"", ""52"": ""低容积"", ""72"": ""配套纯熟"", ""70"": ""银行"", ""69"": ""学校"", ""68"": ""医院"", ""66"": ""公园"", ""65"": ""商业街"", ""64"": ""购物中心"", ""78"": ""大户型"", ""637"": ""公办中学"", ""636"": ""公办小学""}","[""高绿化率"", ""低容积"", ""配套纯熟"", ""银行"", ""学校""]",https://pic4.ajkimg.com/display/xinfang/fda27fc514cf9a03863b81c15c97b98a/275x206n.jpg,[],桐庐县城滨江西路428号(富春江一桥西侧)
3110597,万盛世庭,杭州,18,余杭区,1808,良渚,1924,"杭州余杭区良渚104国道,近疏港公路",,,,,82-130㎡,住宅：8618.71m² 别墅：8618.71m²,住宅：30418.97m² 别墅：30418.97m²,"[{""id"": 103917, ""rooms"": 3, ""room_alias"": ""三室"", ""area"": 82}, {""id"": 139437, ""rooms"": 3, ""room_alias"": ""三室"", ""area"": 83}, {""id"": 244246, ""rooms"": 3, ""room_alias"": ""三室"", ""area"": 83}, {""id"": 103913, ""rooms"": 3, ""room_alias"": ""三室"", ""area"": 90}, {""id"": 103914, ""rooms"": 3, ""room_alias"": ""三室"", ""area"": 90}, {""id"": 103916, ""rooms"": 3, ""room_alias"": ""三室"", ""area"": 90}, {""id"": 103918, ""rooms"": 3, ""room_alias"": ""三室"", ""area"": 90}, {""id"": 103919, ""rooms"": 3, ""room_alias"": ""三室"", ""area"": 90}, {""id"": 139430, ""rooms"": 3, ""room_alias"": ""三室"", ""area"": 90}, {""id"": 244244, ""rooms"": 3, ""room_alias"": ""三室"", ""area"": 90}, {""id"": 103920, ""rooms"": 3, ""room_alias"": ""三室"", ""area"": 100}, {""id"": 103915, ""rooms"": 3, ""room_alias"": ""三室"", ""area"": 115}, {""id"": 244245, ""rooms"": 3, ""room_alias"": ""三室"", ""area"": 115}, {""id"": 244247, ""rooms"": 3, ""room_alias"": ""三室"", ""area"": 130}, {""id"": 139434, ""rooms"": 4, ""room_alias"": ""四室"", ""area"": 130}]",3/4室,"3室户型,4室户型",2002-11-18,,2002年,2003年,[],"{联排别墅,小高层,高层}",住宅：小高层、高层 别墅：联排别墅,住宅：70年 别墅：70年,住宅：2.5 别墅：2.5,住宅：30% 别墅：30%,住宅：159 别墅：159,住宅：带装修 别墅：带装修,,住宅,龙湖智慧服务,住宅：2.9元/㎡/月 别墅：2.9元/㎡/月,,住宅：251 别墅：251,住宅：1:1.6 别墅：1:1.6,售罄,售罄,售罄,"[""余售许字(2016)第00132号"", ""余售许字(2016)第00112号"", ""余售许字(2016)第00083号"", ""余售许字(2016)第00048号"", ""余售许字(2016)第00022号"", ""余售许字(2015)第00198号"", ""余售许字(2015)第00134号""]",[],恒大,,万科企业股份有限公司,住宅：民电,住宅：民水,30.360776,120.044743,"""""","{""56"": ""车位充足"", ""29"": ""装修交付"", ""72"": ""配套纯熟"", ""71"": ""便利店"", ""70"": ""银行"", ""69"": ""学校"", ""68"": ""医院"", ""65"": ""商业街"", ""64"": ""购物中心"", ""78"": ""大户型"", ""637"": ""公办中学"", ""636"": ""公办小学"", ""603"": ""二级园"", ""598"": ""民办幼儿园"", ""597"": ""公办幼儿园"", ""55"": ""小型社区""}","[""车位充足"", ""装修交付"", ""配套纯熟"", ""便利店"", ""银行""]",https://pic4.ajkimg.com/display/xinfang/fc831b950cc5dbf3c05b282ce1a06b21/275x206n.jpg,[],浙江省杭州市余杭区玉鸟路与疏港路交叉口西北
2149261,合景梦想湾,杭州,18,余杭区,1808,仓前,5146,杭州余杭区仓前未来科技城舒心路与红卫北路口,,,,,89-105㎡,13435m²,65000m²,"[{""id"": 104600, ""rooms"": 3, ""room_alias"": ""三室"", ""area"": 89}, {""id"": 146416, ""rooms"": 3, ""room_alias"": ""三室"", ""area"": 91}, {""id"": 146417, ""rooms"": 3, ""room_alias"": ""三室"", ""area"": 91}, {""id"": 146418, ""rooms"": 3, ""room_alias"": ""三室"", ""area"": 93}, {""id"": 104601, ""rooms"": 3, ""room_alias"": ""三室"", ""area"": 105}]",3室,3室户型,2002-10-13,,2002年,2003年,[],{高层},高层,70年,3.5,30%,492,"毛坯,带装修",,住宅,绿城服务,1.68元/㎡/月,,428,1:0.9,售罄,售罄,售罄,[],[],华润,,,民电,民水,30.302616,120.019909,"""""","{""29"": ""装修交付"", ""9"": ""轨交房"", ""10"": ""多轨交"", ""72"": ""配套纯熟"", ""71"": ""便利店"", ""70"": ""银行"", ""69"": ""学校"", ""68"": ""医院"", ""66"": ""公园"", ""65"": ""商业街"", ""64"": ""购物中心"", ""637"": ""公办中学"", ""636"": ""公办小学"", ""603"": ""二级园"", ""598"": ""民办幼儿园"", ""597"": ""公办幼儿园""}","[""装修交付"", ""轨交房"", ""多轨交"", ""配套纯熟"", ""便利店""]",https://pic4.ajkimg.com/display/xinfang/7d4a9d8c3e065c49ebc6f16992fc6b1b/275x206n.jpg,"[{""id"": ""7211696"", ""loupan_id"": ""252017"", ""station_id"": ""4826"", ""subway_id"": ""142"", ""city_id"": ""18"", ""distance"": ""468米"", ""status"": ""1"", ""last_update_time"": ""1774211226"", ""is_rail_loupan"": ""1"", ""subway_name"": ""5号线"", ""station_name"": ""创景路"", ""distance_raw"": ""468""}, {""id"": ""7213180"", ""loupan_id"": ""252017"", ""station_id"": ""120599"", ""subway_id"": ""12046"", ""city_id"": ""18"", ""distance"": ""661米"", ""status"": ""1"", ""last_update_time"": ""1774211228"", ""is_rail_loupan"": ""1"", ""subway_name"": ""19号线"", ""station_name"": ""创景路站"", ""distance_raw"": ""661""}, {""id"": ""7211743"", ""loupan_id"": ""252017"", ""station_id"": ""10694"", ""subway_id"": ""142"", ""city_id"": ""18"", ""distance"": ""1299米"", ""status"": ""1"", ""last_update_time"": ""1774211226"", ""is_rail_loupan"": ""1"", ""subway_name"": ""5号线"", ""station_name"": ""葛巷"", ""distance_raw"": ""1299""}]",未来科技城舒心路与红卫北路口
5118885,雅家园A区,杭州,18,滨江区,1806,西兴,1915,杭州滨江区西兴滨和路与协同路交叉口银泰旁,,10399元/㎡,10399元/㎡,首付108万，月供26148元,147-199㎡,23999m²,62397m²,"[{""id"": 790580, ""rooms"": 4, ""room_alias"": ""四室"", ""area"": 147}, {""id"": 790578, ""rooms"": 4, ""room_alias"": ""四室"", ""area"": 168}, {""id"": 792318, ""rooms"": 5, ""room_alias"": ""五室"", ""area"": 199}]",4/5室,"4室户型,5室户型",2002-11-08,2023年04月21日,2002年,2003年,"[""2023-04-07"", ""2023-03-03""]",{高层},高层,70年,2.6,35%,344,带装修,,住宅,金地智慧服务,,,,,售罄,售罄,售罄,"[""杭售许字（2023）第004007号"", ""杭售许字（2023）第004006号""]","[""10#、11#、3#、7#"", ""1#、5#、8#""]",中梁,万科集团,杭州万萌置业有限公司,民电,民水,30.201464,120.256605,"{""service_num"": ""4006708287"", ""num"": """"}","{""81"": ""大阳台"", ""29"": ""装修交付"", ""9"": ""轨交房"", ""76"": ""厨卫全明"", ""75"": ""三房朝南"", ""74"": ""南北通透"", ""72"": ""配套纯熟"", ""71"": ""便利店"", ""70"": ""银行"", ""69"": ""学校"", ""68"": ""医院"", ""67"": ""生态绿地"", ""66"": ""公园"", ""65"": ""商业街"", ""64"": ""购物中心"", ""78"": ""大户型"", ""85"": ""主卧套房"", ""82"": ""双卫生间"", ""637"": ""公办中学"", ""636"": ""公办小学"", ""606"": ""省一级园"", ""598"": ""民办幼儿园"", ""597"": ""公办幼儿园"", ""541"": ""3D沙盘"", ""540"": ""日照模拟"", ""50"": ""品牌开发商""}","[""大阳台"", ""装修交付"", ""轨交房"", ""厨卫全明"", ""三房朝南""]",https://pic4.ajkimg.com/display/xinfang/c37b19e0a84d3de7d08d80a3fb94a768/275x206n.jpg,"[{""id"": ""7337188"", ""loupan_id"": ""517933"", ""station_id"": ""2620"", ""subway_id"": ""40"", ""city_id"": ""18"", ""distance"": ""1236米"", ""status"": ""1"", ""last_update_time"": ""1774211232"", ""is_rail_loupan"": ""1"", ""subway_name"": ""1号线"", ""station_name"": ""滨和路"", ""distance_raw"": ""1236""}]",滨和路与协同路交叉口银泰旁
6517112,宏水岸墅,杭州,18,滨江区,1806,浦沿,1914,杭州滨江区浦沿滨文路和新浦路交叉口以南约200米,,8437元/㎡,8437元/㎡,首付74万，月供17853元,112-150㎡,25704m²,81619.2m²,"[{""id"": 817794, ""rooms"": 3, ""room_alias"": ""三室"", ""area"": 112}, {""id"": 817795, ""rooms"": 4, ""room_alias"": ""四室"", ""area"": 136}, {""id"": 817796, ""rooms"": 4, ""room_alias"": ""四室"", ""area"": 136}, {""id"": 827813, ""rooms"": 4, ""room_alias"": ""四室"", ""area"": 139}, {""id"": 822691, ""rooms"": 4, ""room_alias"": ""四室"", ""area"": 140}, {""id"": 817798, ""rooms"": 4, ""room_alias"": ""四室"", ""area"": 150}]",3/4室,"3室户型,4室户型",2002-05-24,2023年12月上旬,2002年,2003年,"[""2023-11-27"", ""2023-09-19"", ""2023-08-31""]",多层,高层,70年,2.29,35%,416,带装修,,住宅,万科物业,,,,1:1.2,售罄,售罄,售罄,"[""杭房预许字（2023）第00692号"", ""杭房预许字(2023)第00532号"", ""杭售许字(2023)第004010号""]","[""6#、5#"", ""1#、7#"", ""3#、8#、4#、9#、2#""]",中梁,"金地集团,方远集团",,民电,民水,30.18677,120.154221,"{""service_num"": ""4006708287"", ""num"": """"}","{""56"": ""车位充足"", ""29"": ""装修交付"", ""9"": ""轨交房"", ""76"": ""厨卫全明"", ""75"": ""三房朝南"", ""74"": ""南北通透"", ""73"": ""卧室全朝南"", ""10"": ""多轨交"", ""276"": ""一房一价"", ""72"": ""配套纯熟"", ""70"": ""银行"", ""69"": ""学校"", ""68"": ""医院"", ""67"": ""生态绿地"", ""66"": ""公园"", ""65"": ""商业街"", ""64"": ""购物中心"", ""78"": ""大户型"", ""402"": ""玄关入户"", ""401"": ""户型方正"", ""86"": ""全景飘窗"", ""85"": ""主卧套房"", ""82"": ""双卫生间"", ""638"": ""民办中学"", ""637"": ""公办中学"", ""636"": ""公办小学"", ""624"": ""九年一贯制"", ""606"": ""省一级园"", ""598"": ""民办幼儿园"", ""597"": ""公办幼儿园"", ""541"": ""3D沙盘"", ""540"": ""日照模拟"", ""263"": ""VR看房"", ""50"": ""品牌开发商""}","[""车位充足"", ""装修交付"", ""轨交房"", ""厨卫全明"", ""三房朝南""]",https://pic4.ajkimg.com/display/xinfang/6d0868daedf7fdd887ffb8072f347c10/275x206n.jpg,"[{""id"": ""7337159"", ""loupan_id"": ""520256"", ""station_id"": ""120858"", ""subway_id"": ""143"", ""city_id"": ""18"", ""distance"": ""722米"", ""status"": ""1"", ""last_update_time"": ""1774211228"", ""is_rail_loupan"": ""1"", ""subway_name"": ""6号线"", ""station_name"": ""西浦路站"", ""distance_raw"": ""722""}, {""id"": ""7337163"", ""loupan_id"": ""520256"", ""station_id"": ""4822"", ""subway_id"": ""42"", ""city_id"": ""18"", ""distance"": ""965米"", ""status"": ""1"", ""last_update_time"": ""1774211229"", ""is_rail_loupan"": ""1"", ""subway_name"": ""4号线"", ""station_name"": ""杨家墩"", ""distance_raw"": ""965""}, {""id"": ""7337164"", ""loupan_id"": ""520256"", ""station_id"": ""4821"", ""subway_id"": ""42"", ""city_id"": ""18"", ""distance"": ""1087米"", ""status"": ""1"", ""last_update_time"": ""1774211229"", ""is_rail_loupan"": ""1"", ""subway_name"": ""4号线"", ""station_name"": ""中医药大学"", ""distance_raw"": ""1087""}, {""id"": ""7337160"", ""loupan_id"": ""520256"", ""station_id"": ""120857"", ""subway_id"": ""143"", ""city_id"": ""18"", ""distance"": ""1107米"", ""status"": ""1"", ""last_update_time"": ""1774211228"", ""is_rail_loupan"": ""1"", ""subway_name"": ""6号线"", ""station_name"": ""中医药大学站"", ""distance_raw"": ""1107""}]",浙江省杭州市滨江区滨文路和新浦路交叉口以南约200米
5231243,万象世纪源,杭州,18,上城区,1802,钱江新城,1845,杭州上城区钱江新城庆春东路钱江路交汇处,,,,,50-313㎡,41486m²,450000m²,"[{""id"": 147672, ""rooms"": 1, ""room_alias"": ""一室"", ""area"": 50}, {""id"": 147675, ""rooms"": 4, ""room_alias"": ""四室"", ""area"": 313}]",1/4室,商业户型,2002-01-21,,2002年,2003年,[],"{高层,超高层}",高层、超高层,40年,5.56,30%,600,"毛坯,带装修",,商业,金地智慧服务,5.9元/㎡/月,,600,1:1,售罄,售罄,售罄,"[""杭售许字(2012)第0155号""]",[],佳兆业,,,商电,商水,30.241078,120.225853,"{""service_num"": ""4006708287"", ""num"": """"}","{""29"": ""装修交付"", ""9"": ""轨交房"", ""10"": ""多轨交"", ""72"": ""配套纯熟"", ""71"": ""便利店"", ""70"": ""银行"", ""68"": ""医院"", ""66"": ""公园"", ""65"": ""商业街"", ""64"": ""购物中心""}","[""装修交付"", ""轨交房"", ""多轨交"", ""配套纯熟"", ""便利店""]",https://pic4.ajkimg.com/display/xinfang/785d99f03ca42542bdc10302b51e177a/275x206n.jpg,"[{""id"": ""7212113"", ""loupan_id"": ""298182"", ""station_id"": ""2667"", ""subway_id"": ""42"", ""city_id"": ""18"", ""distance"": ""547米"", ""status"": ""1"", ""last_update_time"": ""1774211230"", ""is_rail_loupan"": ""1"", ""subway_name"": ""4号线"", ""station_name"": ""江锦路"", ""distance_raw"": ""547""}, {""id"": ""7212104"", ""loupan_id"": ""298182"", ""station_id"": ""2668"", ""subway_id"": ""42"", ""city_id"": ""18"", ""distance"": ""731米"", ""status"": ""1"", ""last_update_time"": ""1774211230"", ""is_rail_loupan"": ""1"", ""subway_name"": ""4号线"", ""station_name"": ""钱江路"", ""distance_raw"": ""731""}, {""id"": ""7212096"", ""loupan_id"": ""298182"", ""station_id"": ""2651"", ""subway_id"": ""41"", ""city_id"": ""18"", ""distance"": ""821米"", ""status"": ""1"", ""last_update_time"": ""1774211230"", ""is_rail_loupan"": ""1"", ""subway_name"": ""2号线"", ""station_name"": ""钱江路"", ""distance_raw"": ""821""}, {""id"": ""7253715"", ""loupan_id"": ""298182"", ""station_id"": ""120817"", ""subway_id"": ""12055"", ""city_id"": ""18"", ""distance"": ""837米"", ""status"": ""1"", ""last_update_time"": ""1774211227"", ""is_rail_loupan"": ""1"", ""subway_name"": ""9号线"", ""station_name"": ""钱江路站"", ""distance_raw"": ""837""}, {""id"": ""7328041"", ""loupan_id"": ""298182"", ""station_id"": ""10924"", ""subway_id"": ""1043"", ""city_id"": ""18"", ""distance"": ""1225米"", ""status"": ""1"", ""last_update_time"": ""1774211231"", ""is_rail_loupan"": ""1"", ""subway_name"": ""7号线"", ""station_name"": ""市民中心"", ""distance_raw"": ""1225""}, {""id"": ""7212115"", ""loupan_id"": ""298182"", ""station_id"": ""2666"", ""subway_id"": ""42"", ""city_id"": ""18"", ""distance"": ""1225米"", ""status"": ""1"", ""last_update_time"": ""1774211230"", ""is_rail_loupan"": ""1"", ""subway_name"": ""4号线"", ""station_name"": ""市民中心"", ""distance_raw"": ""1225""}, {""id"": ""7253714"", ""loupan_id"": ""298182"", ""station_id"": ""120816"", ""subway_id"": ""12055"", ""city_id"": ""18"", ""distance"": ""1230米"", ""status"": ""1"", ""last_update_time"": ""1774211227"", ""is_rail_loupan"": ""1"", ""subway_name"": ""9号线"", ""station_name"": ""新业路站"", ""distance_raw"": ""1230""}]",庆春东路钱江路交汇处
3971502,宏里A区,杭州,18,钱塘区,20267,金沙湖,20270,杭州钱塘区金沙湖天城东路与七格北路交叉口,,8079元/㎡,8079元/㎡,首付54万，月供12984元,130-166㎡,18227m²,59624.8m²,"[{""id"": 790461, ""rooms"": 4, ""room_alias"": ""四室"", ""area"": 130}, {""id"": 790743, ""rooms"": 4, ""room_alias"": ""四室"", ""area"": 138}, {""id"": 790744, ""rooms"": 4, ""room_alias"": ""四室"", ""area"": 166}]",4室,4室户型,2002-02-24,2023年04月15日,2002年,2003年,"[""2023-04-04"", ""2023-03-14"", ""2023-02-07""]",洋房,高层,70年,2.4,35%,293,带装修,在建中，竣工时间：暂无数据,住宅,旭辉永升,,,349,1:1.2,售罄,售罄,售罄,"[""杭售许字(2023)第003011号"", ""杭售许字(2023)第003009号"", ""杭售许字(2023)第003002号""]","[""7#、4#"", ""3#、6#"", ""2#、5#""]",大华,滨江集团,杭州湖岸置业有限公司,民电,民水,30.323341,120.333752,"""""","{""81"": ""大阳台"", ""56"": ""车位充足"", ""29"": ""装修交付"", ""76"": ""厨卫全明"", ""74"": ""南北通透"", ""73"": ""卧室全朝南"", ""7"": ""项目在建"", ""72"": ""配套纯熟"", ""71"": ""便利店"", ""70"": ""银行"", ""69"": ""学校"", ""68"": ""医院"", ""66"": ""公园"", ""65"": ""商业街"", ""64"": ""购物中心"", ""78"": ""大户型"", ""402"": ""玄关入户"", ""401"": ""户型方正"", ""397"": ""动静分离"", ""85"": ""主卧套房"", ""83"": ""双阳台"", ""638"": ""民办中学"", ""637"": ""公办中学"", ""636"": ""公办小学"", ""624"": ""九年一贯制"", ""606"": ""省一级园"", ""598"": ""民办幼儿园"", ""597"": ""公办幼儿园"", ""263"": ""VR看房"", ""55"": ""小型社区"", ""50"": ""品牌开发商""}","[""大阳台"", ""车位充足"", ""装修交付"", ""厨卫全明"", ""南北通透""]",https://pic4.ajkimg.com/display/xinfang/2d292e12193152f25e4daaed4fece470/275x206n.jpg,[],杭州市·金沙湖·天城东路与七格北路交叉口
1841920,紫月亮新城,杭州,18,桐庐县,17459,桐庐,17460,杭州桐庐县桐庐石珠路与桑园路交叉口,,105元/㎡,105元/㎡,首付75万，月供18033元,107-243㎡,别墅：29185m² 住宅：29185m²,别墅：93891m² 住宅：93891m²,"[{""id"": 720573, ""rooms"": 3, ""room_alias"": ""三室"", ""area"": 107}, {""id"": 720574, ""rooms"": 4, ""room_alias"": ""四室"", ""area"": 129}, {""id"": 720576, ""rooms"": 4, ""room_alias"": ""四室"", ""area"": 139}, {""id"": 720619, ""rooms"": 4, ""room_alias"": ""四室"", ""area"": 169}, {""id"": 720621, ""rooms"": 4, ""room_alias"": ""四室"", ""area"": 196}, {""id"": 720622, ""rooms"": 4, ""room_alias"": ""四室"", ""area"": 214}, {""id"": 720623, ""rooms"": 4, ""room_alias"": ""四室"", ""area"": 243}]",3/4室、别墅,"3室户型,4室户型,别墅户型",2002-11-10,2022年05月30日,2002年,2003年,"[""2022-05-09"", ""2021-12-13"", ""2022-04-24"", ""2022-01-26"", ""2021-11-19""]",{叠加别墅},别墅：叠加别墅 住宅：高层,别墅：70年 住宅：70年,别墅：1.9 住宅：1.9,别墅：30% 住宅：30%,别墅：772 住宅：396,别墅：毛坯 住宅：毛坯,已竣工，竣工时间：2023-12-31,别墅,万科物业,别墅：4.7元/㎡/月 住宅：3.5元/㎡/月,,别墅：814 住宅：814,别墅：1:2.06 住宅：1:2.06,售罄,售罄,售罄,"[""桐售许字（2022）第ZJ00181号"", ""桐售许字（2021）第ZJ02500号"", ""桐售许字（2022）第ZJ00159号"", ""桐售许字（2022）第ZJ00039号"", ""桐售许字（2021）第ZJ02422号""]","[""2#"", ""6#、9#、11#"", ""3#、5#、7#"", ""8#"", ""1#、4#""]",中梁,,桐庐兆禧房地产有限公司,别墅：民电,别墅：民水,29.811808,119.730453,"""""","{""559"": ""现房"", ""557"": ""项目竣工"", ""81"": ""大阳台"", ""56"": ""车位充足"", ""52"": ""低容积"", ""76"": ""厨卫全明"", ""74"": ""南北通透"", ""46"": ""沿街商铺"", ""78"": ""大户型"", ""407"": ""主卧朝南"", ""406"": ""客厅朝南"", ""404"": ""客餐厅相连"", ""403"": ""私密性好"", ""402"": ""玄关入户"", ""401"": ""户型方正"", ""397"": ""动静分离"", ""85"": ""主卧套房"", ""83"": ""双阳台"", ""82"": ""双卫生间"", ""641"": ""寄宿制中学"", ""637"": ""公办中学"", ""636"": ""公办小学"", ""624"": ""九年一贯制"", ""541"": ""3D沙盘"", ""540"": ""日照模拟"", ""226"": ""商业街区""}","[""现房"", ""项目竣工"", ""大阳台"", ""车位充足"", ""低容积""]",https://pic4.ajkimg.com/display/xinfang/b60b0c3652ac4449f5f27d8d1fa3d321/275x206n.jpg,[],杭州市桐庐县洋洲南路与环城南路交叉口
4722236,永华梦想家园,杭州,18,拱墅区,1801,华丰,24205,杭州拱墅区华丰石桥路与永华街交叉口,,,,,300㎡,48914m²,167444m²,"[{""id"": 675936, ""rooms"": 5, ""room_alias"": ""五室"", ""area"": 300}, {""id"": 675938, ""rooms"": 5, ""room_alias"": ""五室"", ""area"": 300}, {""id"": 675939, ""rooms"": 5, ""room_alias"": ""五室"", ""area"": 300}, {""id"": 675940, ""rooms"": 5, ""room_alias"": ""五室"", ""area"": 300}]",5室,商业户型,2002-08-12,2021年05月01日,2002年,2003年,"[""2021-04-28""]",{小高层},小高层,40年,2.4,35%,78,带装修,在建中，竣工时间：暂无数据,商业,龙湖智慧服务,4.5元/㎡/月,,1136,,售罄,售罄,售罄,"[""杭售许字（2021）第000049号""]","[""14#""]",中梁,"阳光控股,龙湖地产,绿地控股,滨江集团",杭州滨丰房地产开发有限公司,商电,商水,30.338248,120.216237,"""""","{""559"": ""现房"", ""29"": ""装修交付"", ""9"": ""轨交房"", ""7"": ""项目在建"", ""55"": ""小型社区"", ""50"": ""品牌开发商""}","[""现房"", ""装修交付"", ""轨交房"", ""项目在建"", ""小型社区""]",https://pic4.ajkimg.com/display/xinfang/7bab9612bbbf47ff88a760c0f3b0cf1f/275x206n.jpg,"[{""id"": ""7214013"", ""loupan_id"": ""497272"", ""station_id"": ""10211"", ""subway_id"": ""1010"", ""city_id"": ""18"", ""distance"": ""1353米"", ""status"": ""1"", ""last_update_time"": ""1774211232"", ""is_rail_loupan"": ""1"", ""subway_name"": ""3号线"", ""station_name"": ""汽轮广场"", ""distance_raw"": ""1353""}]",拱墅区石桥路与永华街交叉口
6671886,蓝怡园二期,杭州,18,临平区,24198,东湖,24199,杭州临平区东湖昌达路(东湖新城市民广场西北角),,4767元/㎡,4767元/㎡,首付26万，月供6348元,99-139㎡,23284m²,73624.8m²,"[{""id"": 809696, ""rooms"": 3, ""room_alias"": ""三室"", ""area"": 99}, {""id"": 809695, ""rooms"": 4, ""room_alias"": ""四室"", ""area"": 114}, {""id"": 809694, ""rooms"": 4, ""room_alias"": ""四室"", ""area"": 139}]",3/4室,"3室户型,4室户型",2002-06-03,2023年12月26日,2002年,2003年,"[""2024-03-26"", ""2023-12-18"", ""2023-09-26"", ""2023-10-26"", ""2023-11-16"", ""2023-07-04"", ""2023-07-28""]",{高层},高层,70年,2.2,35%,448,带装修,,住宅,雅生活服务,3.6元/㎡/月,,556,1:1.2,售罄,售罄,售罄,"[""临平房预许字(2024)第00100号"", ""临平房预许字(2023)第00753号"", ""临平房预许字（2023）第00555号"", ""临平房预许字（2023）第00611号"", ""临平房预许字（2023）第00662号"", ""临售许字（2023）第ZJ00378号"", ""临平售许字（2023）第ZJ00420号""]","[""6#"", ""2#"", ""5#"", ""4#"", ""7#"", ""1#"", ""3#""]",华侨城,绿城集团,绿城,民电,民水,30.444341,120.260765,"""""","{""81"": ""大阳台"", ""56"": ""车位充足"", ""29"": ""装修交付"", ""9"": ""轨交房"", ""76"": ""厨卫全明"", ""74"": ""南北通透"", ""73"": ""卧室全朝南"", ""276"": ""一房一价"", ""72"": ""配套纯熟"", ""71"": ""便利店"", ""70"": ""银行"", ""69"": ""学校"", ""68"": ""医院"", ""66"": ""公园"", ""65"": ""商业街"", ""78"": ""大户型"", ""402"": ""玄关入户"", ""401"": ""户型方正"", ""397"": ""动静分离"", ""86"": ""全景飘窗"", ""85"": ""主卧套房"", ""82"": ""双卫生间"", ""637"": ""公办中学"", ""636"": ""公办小学"", ""603"": ""二级园"", ""598"": ""民办幼儿园"", ""597"": ""公办幼儿园"", ""593"": ""以旧换新"", ""541"": ""3D沙盘"", ""540"": ""日照模拟"", ""421"": ""无需摇号"", ""263"": ""VR看房"", ""50"": ""品牌开发商""}","[""大阳台"", ""车位充足"", ""装修交付"", ""轨交房"", ""厨卫全明""]",https://pic4.ajkimg.com/display/xinfang/dcc7550189c0969037aec3042bd3bb97/275x206n.jpg,"[{""id"": ""7253597"", ""loupan_id"": ""519586"", ""station_id"": ""120835"", ""subway_id"": ""12055"", ""city_id"": ""18"", ""distance"": ""1072米"", ""status"": ""1"", ""last_update_time"": ""1774211226"", ""is_rail_loupan"": ""1"", ""subway_name"": ""9号线"", ""station_name"": ""龙安站"", ""distance_raw"": ""1072""}]",杭州市临平区昌达路(东湖新城市民广场西北角)
7344073,天康城园,杭州,18,余杭区,1808,西溪,4591,杭州余杭区西溪留和路(新浙江工业大学对面),,,,,67-85㎡,68719m²,150000m²,"[{""id"": 25194, ""rooms"": 2, ""room_alias"": ""二室"", ""area"": 67}, {""id"": 25197, ""rooms"": 2, ""room_alias"": ""二室"", ""area"": 67}, {""id"": 25195, ""rooms"": 2, ""room_alias"": ""二室"", ""area"": 78}, {""id"": 25201, ""rooms"": 2, ""room_alias"": ""二室"", ""area"": 85}]",2室,2室户型,2002-10-26,,2002年,2003年,[],多层,小高层、高层,,1.6,30%,1000,毛坯,,住宅,龙湖智慧服务,2.29元/㎡/月,,849,,售罄,售罄,售罄,[],[],阳光城,,浙江海陆房地产开发有限公司,民电,民水,30.224398,120.035708,"{""service_num"": ""4006708287"", ""num"": """"}","{""52"": ""低容积"", ""9"": ""轨交房"", ""72"": ""配套纯熟"", ""70"": ""银行"", ""69"": ""学校"", ""68"": ""医院"", ""66"": ""公园"", ""64"": ""购物中心"", ""79"": ""小户型"", ""636"": ""公办小学"", ""606"": ""省一级园"", ""603"": ""二级园"", ""598"": ""民办幼儿园"", ""597"": ""公办幼儿园""}","[""低容积"", ""轨交房"", ""配套纯熟"", ""银行"", ""学校""]",https://pic4.ajkimg.com/display/xinfang/09370318a4f9f1830f1fa40f6416fb68/275x206n.jpg,"[{""id"": ""7254227"", ""loupan_id"": ""238517"", ""station_id"": ""120836"", ""subway_id"": ""1011"", ""city_id"": ""18"", ""distance"": ""386米"", ""status"": ""1"", ""last_update_time"": ""1774211230"", ""is_rail_loupan"": ""1"", ""subway_name"": ""3号线支线"", ""station_name"": ""屏峰站"", ""distance_raw"": ""386""}]",留和路(新浙江工业大学对面)
1815619,慈岩美好峰,杭州,18,建德市,17457,建德,17458,杭州建德市建德大慈岩镇慈岩印象新城,,,,,,38385m²,85560.75m²,[],,,2002-03-07,2016年08月16日,2002年,2003年,"[""2015-01-17"", ""2015-02-09"", ""2015-07-13"", ""2016-08-16""]",{},,70年,0.9,30%,464,毛坯,,商业,招商积余,,,460,1:1,售罄,售罄,售罄,"[""建售许字(2014)第038号更1"", ""建售许字(2015)第004号"", ""建售许字(2015)第014号"", ""建售许字(2016)第017号""]","[""15#楼、16#"", ""13#、14#"", ""1#、11#、12#、17#、5#"", ""6#、7#、8#、9#、10#""]",美的置业,,建德中磐新城镇建设有限公司,商电,商水,29.281102,119.324721,"""""","{""559"": ""现房""}","[""现房""]",https://pic4.ajkimg.com/display/xinfang/a85a8710e32cb47d6cc92f118333adc5/275x206n.jpg,[],建德市大慈岩镇政府南侧
9358397,天林二期,杭州,18,钱塘区,20267,下沙,20268,杭州钱塘区下沙6号大街(下沙5号路与6号大街交叉口，四季风情一楼),,,,,87-138㎡,25683m²,76657m²,"[{""id"": 35575, ""rooms"": 2, ""room_alias"": ""二室"", ""area"": 87}, {""id"": 35576, ""rooms"": 2, ""room_alias"": ""二室"", ""area"": 87}, {""id"": 35573, ""rooms"": 2, ""room_alias"": ""二室"", ""area"": 88}, {""id"": 35574, ""rooms"": 2, ""room_alias"": ""二室"", ""area"": 88}, {""id"": 35565, ""rooms"": 3, ""room_alias"": ""三室"", ""area"": 138}, {""id"": 35568, ""rooms"": 3, ""room_alias"": ""三室"", ""area"": 138}, {""id"": 35569, ""rooms"": 3, ""room_alias"": ""三室"", ""area"": 138}, {""id"": 35570, ""rooms"": 3, ""room_alias"": ""三室"", ""area"": 138}, {""id"": 35571, ""rooms"": 3, ""room_alias"": ""三室"", ""area"": 138}, {""id"": 35572, ""rooms"": 3, ""room_alias"": ""三室"", ""area"": 138}]",2/3室,"2室户型,3室户型",2002-12-26,,2002年,2003年,[],{高层},高层,70年,3,31%,580,毛坯,,住宅,雅生活服务,1.9元/㎡/月,,649,,售罄,售罄,售罄,[],[],新城控股,,杭州精欧置业有限公司,民电,民水,30.30043,120.341247,"""""","{""57"": ""人车分流"", ""9"": ""轨交房"", ""72"": ""配套纯熟"", ""71"": ""便利店"", ""70"": ""银行"", ""69"": ""学校"", ""68"": ""医院"", ""66"": ""公园"", ""65"": ""商业街"", ""64"": ""购物中心"", ""78"": ""大户型"", ""638"": ""民办中学"", ""637"": ""公办中学"", ""636"": ""公办小学"", ""635"": ""民办小学"", ""624"": ""九年一贯制"", ""598"": ""民办幼儿园"", ""597"": ""公办幼儿园""}","[""人车分流"", ""轨交房"", ""配套纯熟"", ""便利店"", ""银行""]",https://pic4.ajkimg.com/display/xinfang/497d3116b722d03050a9b8e420402a68/275x206n.jpg,"[{""id"": ""7211362"", ""loupan_id"": ""238522"", ""station_id"": ""2641"", ""subway_id"": ""40"", ""city_id"": ""18"", ""distance"": ""874米"", ""status"": ""1"", ""last_update_time"": ""1774211229"", ""is_rail_loupan"": ""1"", ""subway_name"": ""1号线"", ""station_name"": ""文泽路"", ""distance_raw"": ""874""}]",下沙6号大街(下沙5号路与6号大街交叉口，宜必思酒店旁边)(售楼处尚未建)
7549192,中北辰小区,杭州,18,下城,1805,华丰,4582,杭州下城华丰近华丰路和华中路交叉口,,,,,89-130㎡,14000m²,50000m²,"[{""id"": 16411, ""rooms"": 3, ""room_alias"": ""三室"", ""area"": 89}, {""id"": 16414, ""rooms"": 3, ""room_alias"": ""三室"", ""area"": 89}, {""id"": 16415, ""rooms"": 3, ""room_alias"": ""三室"", ""area"": 89}, {""id"": 16407, ""rooms"": 3, ""room_alias"": ""三室"", ""area"": 130}, {""id"": 16408, ""rooms"": 3, ""room_alias"": ""三室"", ""area"": 130}]",3室,3室户型,2002-04-11,,2002年,2003年,[],小高层,小高层,70年,2,30%,300,毛坯,,住宅,融创服务,1.75元/㎡/月,,,1:1,售罄,售罄,售罄,[],[],碧桂园,,杭州国润房地产有限公司,民电,民水,30.358993,120.214486,"""""","{""9"": ""轨交房"", ""72"": ""配套纯熟"", ""71"": ""便利店"", ""70"": ""银行"", ""69"": ""学校"", ""68"": ""医院"", ""67"": ""生态绿地"", ""66"": ""公园"", ""65"": ""商业街"", ""64"": ""购物中心"", ""78"": ""大户型"", ""637"": ""公办中学"", ""636"": ""公办小学"", ""606"": ""省一级园"", ""598"": ""民办幼儿园"", ""597"": ""公办幼儿园""}","[""轨交房"", ""配套纯熟"", ""便利店"", ""银行"", ""学校""]",https://pic4.ajkimg.com/display/xinfang/a79eb20f6c775a28ec12a9bbb9ed0990/275x206n.jpg,"[{""id"": ""7214077"", ""loupan_id"": ""238643"", ""station_id"": ""10201"", ""subway_id"": ""1010"", ""city_id"": ""18"", ""distance"": ""533米"", ""status"": ""1"", ""last_update_time"": ""1774211228"", ""is_rail_loupan"": ""1"", ""subway_name"": ""3号线"", ""station_name"": ""华丰路"", ""distance_raw"": ""533""}]",下城区华丰路华丰东苑1-5号
9966516,绿城盛世公寓,杭州,18,临安区,16784,滨湖新城,25398,杭州临安区滨湖新城青山湖路168号,,,,,55-126㎡,27000m²,90000m²,"[{""id"": 291396, ""rooms"": 1, ""room_alias"": ""一室"", ""area"": 55}, {""id"": 291410, ""rooms"": 2, ""room_alias"": ""二室"", ""area"": 78}, {""id"": 291415, ""rooms"": 2, ""room_alias"": ""二室"", ""area"": 87}, {""id"": 291397, ""rooms"": 2, ""room_alias"": ""二室"", ""area"": 89}, {""id"": 291413, ""rooms"": 2, ""room_alias"": ""二室"", ""area"": 89}, {""id"": 291416, ""rooms"": 3, ""room_alias"": ""三室"", ""area"": 93}, {""id"": 291418, ""rooms"": 3, ""room_alias"": ""三室"", ""area"": 126}]",1/2/3室,"1室户型,2室户型,3室户型",2002-01-14,,2002年,2003年,[],{高层},高层,70年,3.3,30%,764,毛坯,,住宅,世茂服务,2.6元/㎡/月,,1,0,售罄,售罄,售罄,"[""临售许字（2017）第00438"", ""临售许字（2017）第00649"", ""临售许字（2018）第00012""]",[],中南,,绿城房地产集团有限公司,民电,民水,30.23511,119.823648,"""""","{""79"": ""小户型"", ""78"": ""大户型"", ""637"": ""公办中学"", ""636"": ""公办小学"", ""635"": ""民办小学"", ""597"": ""公办幼儿园""}","[""小户型"", ""大户型"", ""公办中学"", ""公办小学"", ""民办小学""]",https://pic4.ajkimg.com/display/xinfang/8e737ceccaa5765cc21e73096d0c790a/275x206n.jpg,[],青山湖街道青山湖路168号
192402,万洲,杭州,18,临安区,16784,锦城,25401,杭州临安区锦城保锦路169号,,,,,120-204㎡,100000m²,460000m²,"[{""id"": 47210, ""rooms"": 3, ""room_alias"": ""三室"", ""area"": 120}, {""id"": 47209, ""rooms"": 3, ""room_alias"": ""三室"", ""area"": 127}, {""id"": 47211, ""rooms"": 3, ""room_alias"": ""三室"", ""area"": 143}, {""id"": 47213, ""rooms"": 3, ""room_alias"": ""三室"", ""area"": 165}, {""id"": 47214, ""rooms"": 3, ""room_alias"": ""三室"", ""area"": 170}, {""id"": 47215, ""rooms"": 3, ""room_alias"": ""三室"", ""area"": 173}, {""id"": 47216, ""rooms"": 3, ""room_alias"": ""三室"", ""area"": 204}, {""id"": 47212, ""rooms"": 4, ""room_alias"": ""四室"", ""area"": 159}]",3/4室,"3室户型,4室户型",2002-01-26,,2002年,2003年,[],{高层},高层,70年,3.1,40%,2000,毛坯,,住宅,新城悦服务,1.8元/㎡/月,,3600,1:1.8,售罄,售罄,售罄,"[""临房售许字(2011)第333-335号""]",[],华润,,杭州地上房地产集团有限公司,民电,民水,30.245995,119.703562,"""""","{""57"": ""人车分流"", ""56"": ""车位充足"", ""53"": ""高绿化率"", ""31"": ""大平层"", ""72"": ""配套纯熟"", ""71"": ""便利店"", ""70"": ""银行"", ""69"": ""学校"", ""68"": ""医院"", ""67"": ""生态绿地"", ""66"": ""公园"", ""65"": ""商业街"", ""64"": ""购物中心"", ""78"": ""大户型"", ""638"": ""民办中学"", ""637"": ""公办中学"", ""636"": ""公办小学"", ""598"": ""民办幼儿园"", ""597"": ""公办幼儿园"", ""54"": ""大型社区""}","[""人车分流"", ""车位充足"", ""高绿化率"", ""大平层"", ""配套纯熟""]",https://pic4.ajkimg.com/display/xinfang/eee6fe7422cf969471d52da961240d3c/275x206n.jpg,[],临安市区人民广场西北侧
7037857,翠南国园,杭州,18,下城,1805,华丰,4582,杭州下城华丰东新路与石祥路交汇处（公交站重机厂站边）,,,,,80-175㎡,190000m²,700000m²,"[{""id"": 26378, ""rooms"": 2, ""room_alias"": ""二室"", ""area"": 80}, {""id"": 26379, ""rooms"": 2, ""room_alias"": ""二室"", ""area"": 88}, {""id"": 26380, ""rooms"": 2, ""room_alias"": ""二室"", ""area"": 89}, {""id"": 26381, ""rooms"": 3, ""room_alias"": ""三室"", ""area"": 107}, {""id"": 26382, ""rooms"": 3, ""room_alias"": ""三室"", ""area"": 132}, {""id"": 26383, ""rooms"": 3, ""room_alias"": ""三室"", ""area"": 137}, {""id"": 26384, ""rooms"": 3, ""room_alias"": ""三室"", ""area"": 138}, {""id"": 26385, ""rooms"": 4, ""room_alias"": ""四室"", ""area"": 166}, {""id"": 26386, ""rooms"": 4, ""room_alias"": ""四室"", ""area"": 175}]",2/3/4室,"2室户型,3室户型,4室户型",2002-09-22,,2002年,2003年,[],洋房,高层,70年,3,30%,3700,毛坯,,住宅,万科物业,1.75元/㎡/月,,,1:0.8,售罄,售罄,售罄,[],[],朗诗,,杭州滨江房产集团有限公司,民电,民水,30.341517,120.170772,"""""","{""57"": ""人车分流"", ""9"": ""轨交房"", ""10"": ""多轨交"", ""72"": ""配套纯熟"", ""71"": ""便利店"", ""70"": ""银行"", ""69"": ""学校"", ""68"": ""医院"", ""66"": ""公园"", ""65"": ""商业街"", ""64"": ""购物中心"", ""78"": ""大户型"", ""637"": ""公办中学"", ""636"": ""公办小学"", ""624"": ""九年一贯制"", ""606"": ""省一级园"", ""598"": ""民办幼儿园"", ""597"": ""公办幼儿园"", ""54"": ""大型社区""}","[""人车分流"", ""轨交房"", ""多轨交"", ""配套纯熟"", ""便利店""]",https://pic4.ajkimg.com/display/xinfang/031fe639520173e9730874e3a62fc7b8/275x206n.jpg,"[{""id"": ""7326795"", ""loupan_id"": ""238757"", ""station_id"": ""120450"", ""subway_id"": ""42"", ""city_id"": ""18"", ""distance"": ""827米"", ""status"": ""1"", ""last_update_time"": ""1774211227"", ""is_rail_loupan"": ""1"", ""subway_name"": ""4号线"", ""station_name"": ""新天地街"", ""distance_raw"": ""827""}, {""id"": ""7213562"", ""loupan_id"": ""238757"", ""station_id"": ""10219"", ""subway_id"": ""1010"", ""city_id"": ""18"", ""distance"": ""827米"", ""status"": ""1"", ""last_update_time"": ""1774211231"", ""is_rail_loupan"": ""1"", ""subway_name"": ""3号线"", ""station_name"": ""新天地街"", ""distance_raw"": ""827""}, {""id"": ""7212449"", ""loupan_id"": ""238757"", ""station_id"": ""120446"", ""subway_id"": ""42"", ""city_id"": ""18"", ""distance"": ""1494米"", ""status"": ""1"", ""last_update_time"": ""1774211227"", ""is_rail_loupan"": ""1"", ""subway_name"": ""4号线"", ""station_name"": ""皋亭坝"", ""distance_raw"": ""1494""}]",东新路与石祥路交汇处
4412138,野风明珠小区,杭州,18,下城,1805,市中心,5125,杭州下城市中心下城绍兴路东新路口,,,,,,15000m²,111945m²,[],,,2002-03-22,,2002年,2003年,[],高层,,50年,,30%,,带装修,,商业,华润万象生活,6.8元/㎡/月,,,,售罄,售罄,售罄,"[""杭售许字(2012)第0114号"", ""杭售许字(2011)第0113号"", ""杭售许字(2009)第0117号"", ""杭售许字(2009)第0040号"", ""杭售许字(2009)第0030号"", ""杭售许字(2008)第0152号"", ""杭售许字(2008)第0096号""]",[],路劲,,,商电,商水,30.283856,120.165998,"""""","{""29"": ""装修交付"", ""9"": ""轨交房"", ""10"": ""多轨交"", ""72"": ""配套纯熟"", ""71"": ""便利店"", ""70"": ""银行"", ""66"": ""公园"", ""64"": ""购物中心""}","[""装修交付"", ""轨交房"", ""多轨交"", ""配套纯熟"", ""便利店""]",https://pic4.ajkimg.com/display/xinfang/48fec05a605717945308a343118ca6cc/275x206n.jpg,"[{""id"": ""7212875"", ""loupan_id"": ""412937"", ""station_id"": ""2630"", ""subway_id"": ""40"", ""city_id"": ""18"", ""distance"": ""699米"", ""status"": ""1"", ""last_update_time"": ""1774211227"", ""is_rail_loupan"": ""1"", ""subway_name"": ""1号线"", ""station_name"": ""打铁关"", ""distance_raw"": ""699""}, {""id"": ""7211433"", ""loupan_id"": ""412937"", ""station_id"": ""4842"", ""subway_id"": ""142"", ""city_id"": ""18"", ""distance"": ""706米"", ""status"": ""1"", ""last_update_time"": ""1774211226"", ""is_rail_loupan"": ""1"", ""subway_name"": ""5号线"", ""station_name"": ""打铁关"", ""distance_raw"": ""706""}, {""id"": ""7266804"", ""loupan_id"": ""412937"", ""station_id"": ""122128"", ""subway_id"": ""12110"", ""city_id"": ""18"", ""distance"": ""868米"", ""status"": ""1"", ""last_update_time"": ""1774211230"", ""is_rail_loupan"": ""1"", ""subway_name"": ""15号线"", ""station_name"": ""打铁关站"", ""distance_raw"": ""868""}, {""id"": ""7266802"", ""loupan_id"": ""412937"", ""station_id"": ""122127"", ""subway_id"": ""12110"", ""city_id"": ""18"", ""distance"": ""1250米"", ""status"": ""1"", ""last_update_time"": ""1774211230"", ""is_rail_loupan"": ""1"", ""subway_name"": ""15号线"", ""station_name"": ""和平站"", ""distance_raw"": ""1250""}, {""id"": ""7266803"", ""loupan_id"": ""412937"", ""station_id"": ""122129"", ""subway_id"": ""12110"", ""city_id"": ""18"", ""distance"": ""1423米"", ""status"": ""1"", ""last_update_time"": ""1774211230"", ""is_rail_loupan"": ""1"", ""subway_name"": ""15号线"", ""station_name"": ""松艮路站"", ""distance_raw"": ""1423""}, {""id"": ""7211432"", ""loupan_id"": ""412937"", ""station_id"": ""4841"", ""subway_id"": ""142"", ""city_id"": ""18"", ""distance"": ""1473米"", ""status"": ""1"", ""last_update_time"": ""1774211226"", ""is_rail_loupan"": ""1"", ""subway_name"": ""5号线"", ""station_name"": ""杭氧"", ""distance_raw"": ""1473""}]",杭州市下城区绍兴路183号
3251477,龙家三期,杭州,18,钱塘区,20267,下沙,20268,杭州钱塘区下沙白杨街道综合保税区14号和19号大街交汇,,2657元/㎡,2657元/㎡,,2000-2500㎡,92574m²,260000m²,[],,商业户型,2002-07-08,2024年12月01日,2002年,2003年,[],{},,50年,1.59,25%,56,毛坯,在建中，竣工时间：暂无数据,标准写字楼,合景悠活,5元/㎡/月,,2626,,售罄,售罄,售罄,[],[],新城控股,,杭州东部资产管理有限公司,商电,商水,30.303415,120.370688,"{""service_num"": ""4006708287"", ""num"": ""50419""}","{""76"": ""厨卫全明"", ""73"": ""卧室全朝南"", ""7"": ""项目在建"", ""72"": ""配套纯熟"", ""71"": ""便利店"", ""70"": ""银行"", ""68"": ""医院"", ""65"": ""商业街"", ""64"": ""购物中心"", ""401"": ""户型方正"", ""397"": ""动静分离"", ""263"": ""VR看房"", ""213"": ""地铁沿线"", ""204"": ""产业园区"", ""55"": ""小型社区""}","[""厨卫全明"", ""卧室全朝南"", ""项目在建"", ""配套纯熟"", ""便利店""]",https://pic4.ajkimg.com/display/xinfang/826e7be7fff3c9940fdb035c7ac39d13/275x206n.jpg,[],杭州钱塘区白杨街道综合保税区14号和19号大街交汇
4334277,中梅林小区,杭州,18,滨江区,1806,中兴,1913,杭州滨江区中兴江南大道西兴路以北，西兴路2333号,,,,,37-76㎡,23000m²,135000m²,[],,商业户型,2002-02-20,,2002年,2003年,[],{},,40年,,25%,886,毛坯,,商业,雅生活服务,6元/㎡/月,,,,售罄,售罄,售罄,[],[],建发,,杭州兴耀房地产开发集团有限公司,商电,商水,30.2266,120.224572,"""""","{""9"": ""轨交房"", ""10"": ""多轨交""}","[""轨交房"", ""多轨交""]",https://pic4.ajkimg.com/display/xinfang/b0efd22cd457d1bfc7e40823607fe750/275x206n.jpg,"[{""id"": ""7254456"", ""loupan_id"": ""431891"", ""station_id"": ""120850"", ""subway_id"": ""143"", ""city_id"": ""18"", ""distance"": ""105米"", ""status"": ""1"", ""last_update_time"": ""1774211228"", ""is_rail_loupan"": ""1"", ""subway_name"": ""6号线"", ""station_name"": ""星民站"", ""distance_raw"": ""105""}, {""id"": ""7254453"", ""loupan_id"": ""431891"", ""station_id"": ""120851"", ""subway_id"": ""143"", ""city_id"": ""18"", ""distance"": ""906米"", ""status"": ""1"", ""last_update_time"": ""1774211228"", ""is_rail_loupan"": ""1"", ""subway_name"": ""6号线"", ""station_name"": ""江陵路站"", ""distance_raw"": ""906""}, {""id"": ""7211848"", ""loupan_id"": ""431891"", ""station_id"": ""2621"", ""subway_id"": ""40"", ""city_id"": ""18"", ""distance"": ""911米"", ""status"": ""1"", ""last_update_time"": ""1774211226"", ""is_rail_loupan"": ""1"", ""subway_name"": ""1号线"", ""station_name"": ""江陵路"", ""distance_raw"": ""911""}]",江南大道江陵路口（地铁1号线江陵路站A口）
8125682,溪韵理想舍,杭州,18,临平区,24198,星桥,24200,杭州临平区星桥天都路与天华路交叉口东南侧,,117元/㎡,117元/㎡,首付83万，月供20161元,197㎡,别墅：22568m² 住宅：22568m²,别墅：24824.8m² 住宅：46619.8m²,"[{""id"": 886682, ""rooms"": 4, ""room_alias"": ""四室"", ""area"": 197}, {""id"": 886683, ""rooms"": 4, ""room_alias"": ""四室"", ""area"": 197}]",别墅,别墅户型,2002-09-22,2026年03月08日,2002年,2003年,"[""2026-02-28"", ""2026-01-28""]",{叠加别墅},别墅：叠加别墅 住宅：多层,别墅：70年 住宅：70年,别墅：1.1 住宅：1.1,别墅：25% 住宅：25%,别墅：124,,在建中，竣工时间：暂无数据,别墅,旭辉永升,,住宅：人车分流，封闭小区,别墅：201,别墅：1:1.6,售罄,售罄,售罄,"[""临平房预许字（2026）第00115号"", ""临平房预许字（2026）第00061号""]","[""7#"", ""8#、9#""]",朗诗,,,住宅：民电,住宅：民水,30.402965,120.245197,"{""service_num"": ""4006708287"", ""num"": ""51039""}","{""80"": ""得房率高"", ""56"": ""车位充足"", ""52"": ""低容积"", ""9"": ""轨交房"", ""76"": ""厨卫全明"", ""73"": ""卧室全朝南"", ""7"": ""项目在建"", ""276"": ""一房一价"", ""72"": ""配套纯熟"", ""71"": ""便利店"", ""70"": ""银行"", ""69"": ""学校"", ""68"": ""医院"", ""66"": ""公园"", ""65"": ""商业街"", ""64"": ""购物中心"", ""78"": ""大户型"", ""401"": ""户型方正"", ""397"": ""动静分离"", ""91"": ""热评楼盘"", ""90"": ""人气楼盘"", ""638"": ""民办中学"", ""637"": ""公办中学"", ""636"": ""公办小学"", ""635"": ""民办小学"", ""624"": ""九年一贯制"", ""606"": ""省一级园"", ""603"": ""二级园"", ""598"": ""民办幼儿园"", ""597"": ""公办幼儿园"", ""541"": ""3D沙盘"", ""540"": ""日照模拟"", ""421"": ""无需摇号"", ""263"": ""VR看房"", ""55"": ""小型社区""}","[""得房率高"", ""车位充足"", ""低容积"", ""轨交房"", ""厨卫全明""]",https://pic4.ajkimg.com/display/xinfang/2228904b112102c291231be7b7d3d6f9/275x206n.jpg,"[{""id"": ""7320036"", ""loupan_id"": ""531939"", ""station_id"": ""10226"", ""subway_id"": ""1010"", ""city_id"": ""18"", ""distance"": ""902米"", ""status"": ""1"", ""last_update_time"": ""1774211230"", ""is_rail_loupan"": ""1"", ""subway_name"": ""3号线"", ""station_name"": ""黄鹤山"", ""distance_raw"": ""902""}, {""id"": ""7320035"", ""loupan_id"": ""531939"", ""station_id"": ""10229"", ""subway_id"": ""1010"", ""city_id"": ""18"", ""distance"": ""1211米"", ""status"": ""1"", ""last_update_time"": ""1774211230"", ""is_rail_loupan"": ""1"", ""subway_name"": ""3号线"", ""station_name"": ""星桥"", ""distance_raw"": ""1211""}]",杭州市临平区天都路与天华路交叉口东南侧
4298084,紫景,杭州,18,富阳区,16786,东洲,25393,杭州富阳区东洲东洲街道黄公望村（杭富收费站前行几百米）,,,,,,266664m²,270000m²,[],,,2002-09-21,,2002年,2003年,[],高层,独栋别墅,70年,0.36,50%,45,"毛坯,带装修",,别墅,金地智慧服务,3元/㎡/月,,45,1:1,售罄,售罄,售罄,[],[],金茂,,浙江鸿茂控股有限公司,民电,民水,30.073491,120.036237,"""""","{""53"": ""高绿化率"", ""29"": ""装修交付"", ""63"": ""旅游地产"", ""72"": ""配套纯熟"", ""70"": ""银行"", ""69"": ""学校"", ""68"": ""医院"", ""66"": ""公园"", ""64"": ""购物中心"", ""638"": ""民办中学"", ""636"": ""公办小学"", ""606"": ""省一级园"", ""597"": ""公办幼儿园"", ""55"": ""小型社区""}","[""高绿化率"", ""装修交付"", ""旅游地产"", ""配套纯熟"", ""银行""]",https://pic4.ajkimg.com/display/xinfang/74f01a401d587ffb3fc58afb3721f236/275x206n.jpg,[],杭州市南山路8号N8.CLUB内
3349155,宏碧水新村,杭州,18,淳安县,17455,淳安,17456,杭州淳安县淳安千岛湖鲁能胜地千汾线与亚运大道交叉口,,35元/㎡,35元/㎡,首付25万，月供6131元,85-110㎡,8391600m²,1000000m²,"[{""id"": 641945, ""rooms"": 2, ""room_alias"": ""二室"", ""area"": 85}, {""id"": 641948, ""rooms"": 2, ""room_alias"": ""二室"", ""area"": 85}, {""id"": 641951, ""rooms"": 3, ""room_alias"": ""三室"", ""area"": 110}]",别墅,别墅户型,2002-08-05,2021年01月25日,2002年,2003年,"[""2020-12-07"", ""2020-12-07"", ""2020-12-23"", ""2020-11-05"", ""2021-01-18"", ""2021-01-18""]",多层,合院别墅,70年,,60%,6000,带装修,已封顶，竣工时间：2023-12-30,别墅,世茂服务,4.5元/㎡/月,,3500,,售罄,售罄,售罄,"[""淳售许字(2020)第34号"", ""淳售许字(2020)第29号"", ""淳售许字(2020)第30号"", ""淳售许字(2020)第18号"", ""淳售许字（2020）第47号"", ""淳售许字（2020）第46号""]","[""23#"", ""8#"", ""22#"", ""1#"", ""5#"", ""3#""]",龙湖,"广宇发展,东方资管",中国绿发投资集团有限公司,民电,民水,29.548523,118.86634,"{""service_num"": ""4006708287"", ""num"": ""41722""}","{""559"": ""现房"", ""53"": ""高绿化率"", ""52"": ""低容积"", ""29"": ""装修交付"", ""8"": ""项目封顶"", ""76"": ""厨卫全明"", ""74"": ""南北通透"", ""4"": ""低总价"", ""79"": ""小户型"", ""402"": ""玄关入户"", ""401"": ""户型方正"", ""85"": ""主卧套房"", ""92"": ""热搜盘"", ""90"": ""人气楼盘"", ""263"": ""VR看房"", ""54"": ""大型社区"", ""50"": ""品牌开发商""}","[""现房"", ""高绿化率"", ""低容积"", ""装修交付"", ""项目封顶""]",https://pic4.ajkimg.com/display/xinfang/7bd8d0ba4688e118a4973acf3ed91a89/275x206n.jpg,[],千岛湖·国家5A景区 千岛鲁能胜地（鲁能文化中心）
