样本ID,城市,年份,客群类型,年龄,性别,年收入_万,总资产_万,首付比例,预算上限_万,家庭人数,孩子数,老人同住,社会阶层,信息渠道,决策紧迫度,风险厌恶,偏好_景观,偏好_私密,偏好_圈层,偏好_户型,偏好_通勤,偏好_学校,偏好_品牌,购房目的,意向户型,意向面积_㎡,支付意愿_元每㎡,细分职业,家庭生命周期阶段,目前居住状况,目前居住痛点,核心看房细节需求,职住通勤偏好,生活方式偏好,首付资金来源,品牌与服务诉求,旅居度假频次
上_2008_00001,上海,2008,本地改善,50,男,1.8,19.0,0.45,31.6,3,1,否,B,agent,0.96,0.57,0.73,0.47,0.53,1,0.65,0.74,0.6,自住-改善,一室一厅,87,2372,市第二中学地理教师,三口之家(学龄段),上海中环品质两居，车位及空间极其拥挤,小区无地下车库且人车不分流，小孩在楼下玩耍或者推婴儿车极为不安全。,要求有超大面宽南向双阳台（观景家政分离），主卧大飘窗能270度直面自然景观。,主要在陆家嘴/徐家汇CBD上班，首选地铁2/9号线沿线，通勤半小时内。,倡导轻户外，周末常带家人自驾野营或山系徒步，注重生活情调与手作咖啡。,名下持有一套旧两居，置换回款 65% + 个人理财储蓄补充 + 公积金商业贷,重性价比，不盲信大牌，但要求物业管理有序、绿化修剪及时、人防技防规范。,常年本地稳定居住，工作日职住通勤动线规则单一。
上_2008_00002,上海,2008,金融精英,35,女,3.1,18.2,0.4,34.1,3,2,否,A,research,0.69,0.31,0.56,0.58,0.72,0.61,0.65,0.66,0.78,自住-改善,两室一厅,52,5811,商业银行支行信贷科长,二胎黄金期中大户型,市中心私密洋房住宅,无高端私密会所及管家式物业配套，圈层鱼龙混杂，高净值居住体验差。,要求采光通透，全明户型，带多功能嵌入式收纳墙以最大化空间利用。,主要在陆家嘴/徐家汇CBD上班，首选地铁2/9号线沿线，通勤半小时内。,周末常去高端商圈消费，热衷打网球和马术，重度手冲咖啡及黑胶唱片发烧友。,名下已有企业股权套现或分红现金，一次性全款付清，基本不加杠杆,非仁恒、绿城、万科等金牌开发商不买，极度看重高端精装质量与顶级物业的增值口碑。,常年本地稳定居住，工作日职住通勤动线规则单一。
上_2008_00003,上海,2008,本地改善,50,男,3.3,37.6,0.45,62.7,4,2,是,B,agent,0.79,0.38,0.51,0.64,0.6,0.9,0.66,0.82,0.63,自住-改善,两室两厅,100,3308,邮政局局长秘书,二胎黄金期中大户型,上海中环品质两居，车位及空间极其拥挤,小区无地下车库且人车不分流，小孩在楼下玩耍或者推婴儿车极为不安全。,讲究超高得房率（超85%），主卧套房必须配备独立步入式衣帽间与干湿分离双卫。,主要在陆家嘴/徐家汇CBD上班，首选地铁2/9号线沿线，通勤半小时内。,倡导轻户外，周末常带家人自驾野营或山系徒步，注重生活情调与手作咖啡。,名下持有一套旧两居，置换回款 65% + 个人理财储蓄补充 + 公积金商业贷,重性价比，不盲信大牌，但要求物业管理有序、绿化修剪及时、人防技防规范。,常年本地稳定居住，工作日职住通勤动线规则单一。
上_2008_00004,上海,2008,外籍海归,44,女,2.7,23.3,0.4,43.7,3,1,否,A,social,0.87,0.58,0.63,0.54,0.72,0.81,0.66,0.69,0.75,自住-首套,两室一厅,73,4832,合资日化企业技术主管,三口之家(学龄段),西湖边高精平层,无高端私密会所及管家式物业配套，圈层鱼龙混杂，高净值居住体验差。,讲究超高得房率（超85%），主卧套房必须配备独立步入式衣帽间与干湿分离双卫。,主要在陆家嘴/徐家汇CBD上班，首选地铁2/9号线沿线，通勤半小时内。,周末常去高端商圈消费，热衷打网球和马术，重度手冲咖啡及黑胶唱片发烧友。,夫妻双方积蓄 + 双方父母出资赞助首付 + 公积金商业组合贷款,非仁恒、绿城、万科等金牌开发商不买，极度看重高端精装质量与顶级物业的增值口碑。,常年本地稳定居住，工作日职住通勤动线规则单一。
上_2008_00005,上海,2008,长三角家庭,50,女,2.9,20.0,0.45,33.4,3,2,否,B,agent,1,0.54,0.55,0.51,0.64,0.76,0.35,0.62,0.74,自住-改善,一室一厅,51,5119,市第二中学地理教师,二胎黄金期中大户型,上海中环品质两居，车位及空间极其拥挤,小区无地下车库且人车不分流，小孩在楼下玩耍或者推婴儿车极为不安全。,讲究超高得房率（超85%），主卧套房必须配备独立步入式衣帽间与干湿分离双卫。,主要在陆家嘴/徐家汇CBD上班，首选地铁2/9号线沿线，通勤半小时内。,倡导轻户外，周末常带家人自驾野营或山系徒步，注重生活情调与手作咖啡。,名下持有一套旧两居，置换回款 65% + 个人理财储蓄补充 + 公积金商业贷,非仁恒、绿城、万科等金牌开发商不买，极度看重高端精装质量与顶级物业的增值口碑。,常年本地稳定居住，工作日职住通勤动线规则单一。
上_2008_00006,上海,2008,金融精英,40,男,8.9,65.2,0.4,122.2,2,0,是,A,research,0.79,0.42,0.72,0.52,0.77,0.7,0.71,0.78,0.77,自住-首套,两室一厅,87,10551,申银万国证券分析员,成熟期核心家庭,市中心私密洋房住宅,当前房屋属于旧多层无电梯房，父母年纪渐高每天爬楼梯极为吃力。,要求有超大面宽南向双阳台（观景家政分离），主卧大飘窗能270度直面自然景观。,主要在陆家嘴/徐家汇CBD上班，首选地铁2/9号线沿线，通勤半小时内。,周末常去高端商圈消费，热衷打网球和马术，重度手冲咖啡及黑胶唱片发烧友。,夫妻双方积蓄 + 双方父母出资赞助首付 + 公积金商业组合贷款,非仁恒、绿城、万科等金牌开发商不买，极度看重高端精装质量与顶级物业的增值口碑。,常年本地稳定居住，工作日职住通勤动线规则单一。
上_2008_00007,上海,2008,本地改善,41,女,2.2,27.3,0.45,45.5,4,1,是,B,agent,0.54,0.61,0.65,0.45,0.59,1,0.53,0.73,0.67,自住-改善,两室一厅,85,4356,区财政局科员,三口之家(学龄段),上海中环品质两居，车位及空间极其拥挤,小区无地下车库且人车不分流，小孩在楼下玩耍或者推婴儿车极为不安全。,讲究超高得房率（超85%），主卧套房必须配备独立步入式衣帽间与干湿分离双卫。,主要在陆家嘴/徐家汇CBD上班，首选地铁2/9号线沿线，通勤半小时内。,倡导轻户外，周末常带家人自驾野营或山系徒步，注重生活情调与手作咖啡。,名下持有一套旧两居，置换回款 65% + 个人理财储蓄补充 + 公积金商业贷,重性价比，不盲信大牌，但要求物业管理有序、绿化修剪及时、人防技防规范。,常年本地稳定居住，工作日职住通勤动线规则单一。
上_2008_00008,上海,2008,长三角家庭,45,女,2.0,11.5,0.45,19.2,4,3,是,B,agent,0.9,0.46,0.64,0.45,0.53,0.85,0.46,0.68,0.58,自住-首套,两室两厅,93,1462,邮政局局长秘书,二胎黄金期中大户型,上海中环品质两居，车位及空间极其拥挤,小区无地下车库且人车不分流，小孩在楼下玩耍或者推婴儿车极为不安全。,讲究超高得房率（超85%），主卧套房必须配备独立步入式衣帽间与干湿分离双卫。,主要在陆家嘴/徐家汇CBD上班，首选地铁2/9号线沿线，通勤半小时内。,倡导轻户外，周末常带家人自驾野营或山系徒步，注重生活情调与手作咖啡。,夫妻双方积蓄 + 双方父母出资赞助首付 + 公积金商业组合贷款,重性价比，不盲信大牌，但要求物业管理有序、绿化修剪及时、人防技防规范。,常年本地稳定居住，工作日职住通勤动线规则单一。
上_2008_00009,上海,2008,本地改善,50,男,2.9,31.4,0.45,52.4,4,1,否,B,agent,0.91,0.49,0.55,0.55,0.57,0.92,0.66,0.87,0.58,自住-改善,两室两厅,51,8533,邮政局局长秘书,三口之家(学龄段),上海中环品质两居，车位及空间极其拥挤,小区无地下车库且人车不分流，小孩在楼下玩耍或者推婴儿车极为不安全。,讲究超高得房率（超85%），主卧套房必须配备独立步入式衣帽间与干湿分离双卫。,主要在陆家嘴/徐家汇CBD上班，首选地铁2/9号线沿线，通勤半小时内。,倡导轻户外，周末常带家人自驾野营或山系徒步，注重生活情调与手作咖啡。,名下持有一套旧两居，置换回款 65% + 个人理财储蓄补充 + 公积金商业贷,重性价比，不盲信大牌，但要求物业管理有序、绿化修剪及时、人防技防规范。,常年本地稳定居住，工作日职住通勤动线规则单一。
上_2008_00010,上海,2008,金融精英,35,女,2.9,25.7,0.4,48.2,3,1,是,A,research,0.7,0.45,0.48,0.68,0.65,0.78,0.66,0.83,0.99,自住-改善,两室一厅,53,7607,老牌证券公司营业部经理,三口之家(幼龄段),陆家嘴核心区江景大平层,当前房屋属于旧多层无电梯房，父母年纪渐高每天爬楼梯极为吃力。,讲究超高得房率（超85%），主卧套房必须配备独立步入式衣帽间与干湿分离双卫。,主要在陆家嘴/徐家汇CBD上班，首选地铁2/9号线沿线，通勤半小时内。,周末常去高端商圈消费，热衷打网球和马术，重度手冲咖啡及黑胶唱片发烧友。,名下已有企业股权套现或分红现金，一次性全款付清，基本不加杠杆,非仁恒、绿城、万科等金牌开发商不买，极度看重高端精装质量与顶级物业的增值口碑。,常年本地稳定居住，工作日职住通勤动线规则单一。
上_2008_00011,上海,2008,金融精英,32,女,3.9,33.2,0.4,62.3,2,1,是,A,research,0.69,0.51,0.59,0.57,0.87,0.67,0.66,0.84,0.99,婚房,两室两厅,51,7791,申银万国证券分析员,三口之家(幼龄段),西湖边高精平层,当前房屋属于旧多层无电梯房，父母年纪渐高每天爬楼梯极为吃力。,核心要求地块属于第一梯队名校学区，且周边500米内解决幼小衔接教育配套。,主要在陆家嘴/徐家汇CBD上班，首选地铁2/9号线沿线，通勤半小时内。,周末常去高端商圈消费，热衷打网球和马术，重度手冲咖啡及黑胶唱片发烧友。,夫妻双方积蓄 + 双方父母出资赞助首付 + 公积金商业组合贷款,非仁恒、绿城、万科等金牌开发商不买，极度看重高端精装质量与顶级物业的增值口碑。,常年本地稳定居住，工作日职住通勤动线规则单一。
上_2008_00012,上海,2008,长三角家庭,45,男,2.4,12.2,0.45,20.4,4,1,否,B,agent,0.91,0.58,0.49,0.52,0.68,0.67,0.5,0.64,0.72,自住-首套,一室一厅,61,1863,邮政局局长秘书,三口之家(学龄段),上海中环品质两居，车位及空间极其拥挤,小区无地下车库且人车不分流，小孩在楼下玩耍或者推婴儿车极为不安全。,要求采光通透，全明户型，带多功能嵌入式收纳墙以最大化空间利用。,主要在陆家嘴/徐家汇CBD上班，首选地铁2/9号线沿线，通勤半小时内。,倡导轻户外，周末常带家人自驾野营或山系徒步，注重生活情调与手作咖啡。,夫妻双方积蓄 + 双方父母出资赞助首付 + 公积金商业组合贷款,非仁恒、绿城、万科等金牌开发商不买，极度看重高端精装质量与顶级物业的增值口碑。,常年本地稳定居住，工作日职住通勤动线规则单一。
上_2008_00013,上海,2008,金融精英,46,男,4.6,44.3,0.4,83.0,2,1,是,A,research,0.81,0.28,0.54,0.43,0.74,0.69,0.7,0.78,0.73,自住-首套,一室一厅,65,8074,申银万国证券分析员,三口之家(学龄段),西湖边高精平层,当前房屋属于旧多层无电梯房，父母年纪渐高每天爬楼梯极为吃力。,核心要求地块属于第一梯队名校学区，且周边500米内解决幼小衔接教育配套。,主要在陆家嘴/徐家汇CBD上班，首选地铁2/9号线沿线，通勤半小时内。,周末常去高端商圈消费，热衷打网球和马术，重度手冲咖啡及黑胶唱片发烧友。,夫妻双方积蓄 + 双方父母出资赞助首付 + 公积金商业组合贷款,非仁恒、绿城、万科等金牌开发商不买，极度看重高端精装质量与顶级物业的增值口碑。,常年本地稳定居住，工作日职住通勤动线规则单一。
上_2008_00014,上海,2008,本地改善,39,男,2.0,17.5,0.45,29.2,4,2,否,B,agent,0.45,0.63,0.48,0.38,0.59,0.78,0.62,0.6,0.59,自住-改善,两室两厅,75,2976,邮政局局长秘书,二胎黄金期中大户型,上海中环品质两居，车位及空间极其拥挤,小区无地下车库且人车不分流，小孩在楼下玩耍或者推婴儿车极为不安全。,讲究超高得房率（超85%），主卧套房必须配备独立步入式衣帽间与干湿分离双卫。,主要在陆家嘴/徐家汇CBD上班，首选地铁2/9号线沿线，通勤半小时内。,倡导轻户外，周末常带家人自驾野营或山系徒步，注重生活情调与手作咖啡。,名下持有一套旧两居，置换回款 65% + 个人理财储蓄补充 + 公积金商业贷,重性价比，不盲信大牌，但要求物业管理有序、绿化修剪及时、人防技防规范。,常年本地稳定居住，工作日职住通勤动线规则单一。
上_2008_00015,上海,2008,教育型买房,43,男,3.4,34.4,0.4,64.6,3,2,否,B,social,0.71,0.55,0.35,0.42,0.65,0.68,0.64,0.88,0.69,学区房,两室一厅,59,8576,市第二中学地理教师,二胎黄金期中大户型,上海中环品质两居，车位及空间极其拥挤,小区无地下车库且人车不分流，小孩在楼下玩耍或者推婴儿车极为不安全。,核心要求地块属于第一梯队名校学区，且周边500米内解决幼小衔接教育配套。,主要在陆家嘴/徐家汇CBD上班，首选地铁2/9号线沿线，通勤半小时内。,倡导轻户外，周末常带家人自驾野营或山系徒步，注重生活情调与手作咖啡。,名下持有一套旧两居，置换回款 65% + 个人理财储蓄补充 + 公积金商业贷,重性价比，不盲信大牌，但要求物业管理有序、绿化修剪及时、人防技防规范。,常年本地稳定居住，工作日职住通勤动线规则单一。
上_2008_00016,上海,2008,本地改善,53,女,1.1,13.2,0.45,22.0,4,2,是,B,agent,1,0.36,0.52,0.57,0.57,0.91,0.52,0.62,0.53,自住-改善,一室一厅,98,1709,邮政局局长秘书,二胎黄金期中大户型,上海中环品质两居，车位及空间极其拥挤,小区无地下车库且人车不分流，小孩在楼下玩耍或者推婴儿车极为不安全。,讲究超高得房率（超85%），主卧套房必须配备独立步入式衣帽间与干湿分离双卫。,主要在陆家嘴/徐家汇CBD上班，首选地铁2/9号线沿线，通勤半小时内。,倡导轻户外，周末常带家人自驾野营或山系徒步，注重生活情调与手作咖啡。,名下持有一套旧两居，置换回款 65% + 个人理财储蓄补充 + 公积金商业贷,重性价比，不盲信大牌，但要求物业管理有序、绿化修剪及时、人防技防规范。,常年本地稳定居住，工作日职住通勤动线规则单一。
上_2008_00017,上海,2008,本地改善,39,男,1.8,14.7,0.45,24.5,4,1,是,B,agent,0.9,0.44,0.62,0.59,0.58,0.91,0.71,0.67,0.65,自住-改善,两室一厅,58,2332,邮政局局长秘书,三口之家(学龄段),上海中环品质两居，车位及空间极其拥挤,小区无地下车库且人车不分流，小孩在楼下玩耍或者推婴儿车极为不安全。,讲究超高得房率（超85%），主卧套房必须配备独立步入式衣帽间与干湿分离双卫。,主要在陆家嘴/徐家汇CBD上班，首选地铁2/9号线沿线，通勤半小时内。,倡导轻户外，周末常带家人自驾野营或山系徒步，注重生活情调与手作咖啡。,名下持有一套旧两居，置换回款 65% + 个人理财储蓄补充 + 公积金商业贷,重性价比，不盲信大牌，但要求物业管理有序、绿化修剪及时、人防技防规范。,常年本地稳定居住，工作日职住通勤动线规则单一。
上_2008_00018,上海,2008,金融精英,42,女,5.9,49.9,0.4,93.6,3,1,是,A,research,0.43,0.51,0.78,0.54,0.62,0.78,0.71,0.77,0.69,自住-改善,一室一厅,98,7078,商业银行支行信贷科长,三口之家(学龄段),市中心私密洋房住宅,当前房屋属于旧多层无电梯房，父母年纪渐高每天爬楼梯极为吃力。,要求有超大面宽南向双阳台（观景家政分离），主卧大飘窗能270度直面自然景观。,主要在陆家嘴/徐家汇CBD上班，首选地铁2/9号线沿线，通勤半小时内。,周末常去高端商圈消费，热衷打网球和马术，重度手冲咖啡及黑胶唱片发烧友。,名下已有企业股权套现或分红现金，一次性全款付清，基本不加杠杆,重性价比，不盲信大牌，但要求物业管理有序、绿化修剪及时、人防技防规范。,常年本地稳定居住，工作日职住通勤动线规则单一。
上_2008_00019,上海,2008,金融精英,34,男,7.4,75.0,0.4,140.7,4,1,否,A,research,1,0.37,0.62,0.49,0.66,0.72,0.85,0.81,0.79,自住-首套,两室两厅,88,10682,老牌证券公司营业部经理,三口之家(幼龄段),陆家嘴核心区江景大平层,无高端私密会所及管家式物业配套，圈层鱼龙混杂，高净值居住体验差。,讲究超高得房率（超85%），主卧套房必须配备独立步入式衣帽间与干湿分离双卫。,主要在陆家嘴/徐家汇CBD上班，首选地铁2/9号线沿线，通勤半小时内。,周末常去高端商圈消费，热衷打网球和马术，重度手冲咖啡及黑胶唱片发烧友。,夫妻双方积蓄 + 双方父母出资赞助首付 + 公积金商业组合贷款,非仁恒、绿城、万科等金牌开发商不买，极度看重高端精装质量与顶级物业的增值口碑。,常年本地稳定居住，工作日职住通勤动线规则单一。
上_2008_00020,上海,2008,金融精英,37,女,9.6,64.5,0.4,121.0,3,1,否,A,research,0.58,0.35,0.67,0.59,0.65,0.68,0.6,0.71,0.89,自住-首套,一室一厅,67,11614,老牌证券公司营业部经理,三口之家(幼龄段),西湖边高精平层,无高端私密会所及管家式物业配套，圈层鱼龙混杂，高净值居住体验差。,核心要求地块属于第一梯队名校学区，且周边500米内解决幼小衔接教育配套。,主要在陆家嘴/徐家汇CBD上班，首选地铁2/9号线沿线，通勤半小时内。,周末常去高端商圈消费，热衷打网球和马术，重度手冲咖啡及黑胶唱片发烧友。,夫妻双方积蓄 + 双方父母出资赞助首付 + 公积金商业组合贷款,非仁恒、绿城、万科等金牌开发商不买，极度看重高端精装质量与顶级物业的增值口碑。,常年本地稳定居住，工作日职住通勤动线规则单一。
上_2008_00021,上海,2008,本地改善,56,男,2.7,25.8,0.45,42.9,4,3,否,B,agent,0.73,0.59,0.6,0.47,0.64,0.95,0.63,0.71,0.57,自住-改善,两室两厅,69,5159,市第二中学地理教师,二胎黄金期中大户型,上海中环品质两居，车位及空间极其拥挤,小区无地下车库且人车不分流，小孩在楼下玩耍或者推婴儿车极为不安全。,讲究超高得房率（超85%），主卧套房必须配备独立步入式衣帽间与干湿分离双卫。,主要在陆家嘴/徐家汇CBD上班，首选地铁2/9号线沿线，通勤半小时内。,倡导轻户外，周末常带家人自驾野营或山系徒步，注重生活情调与手作咖啡。,名下持有一套旧两居，置换回款 65% + 个人理财储蓄补充 + 公积金商业贷,重性价比，不盲信大牌，但要求物业管理有序、绿化修剪及时、人防技防规范。,常年本地稳定居住，工作日职住通勤动线规则单一。
上_2008_00022,上海,2008,本地改善,54,女,2.6,24.3,0.45,40.5,5,2,是,B,agent,0.64,0.46,0.6,0.58,0.43,0.85,0.62,0.74,0.43,自住-改善,两室一厅,81,2540,市第二中学地理教师,二胎黄金期中大户型,上海中环品质两居，车位及空间极其拥挤,小区无地下车库且人车不分流，小孩在楼下玩耍或者推婴儿车极为不安全。,讲究超高得房率（超85%），主卧套房必须配备独立步入式衣帽间与干湿分离双卫。,主要在陆家嘴/徐家汇CBD上班，首选地铁2/9号线沿线，通勤半小时内。,倡导轻户外，周末常带家人自驾野营或山系徒步，注重生活情调与手作咖啡。,名下持有一套旧两居，置换回款 65% + 个人理财储蓄补充 + 公积金商业贷,重性价比，不盲信大牌，但要求物业管理有序、绿化修剪及时、人防技防规范。,常年本地稳定居住，工作日职住通勤动线规则单一。
上_2008_00023,上海,2008,教育型买房,34,男,5.8,40.5,0.4,75.9,3,1,否,B,social,1,0.48,0.41,0.37,0.51,0.63,0.5,1,0.7,学区房,一室一厅,65,8305,邮政局局长秘书,三口之家(幼龄段),上海中环品质两居，车位及空间极其拥挤,小区无地下车库且人车不分流，小孩在楼下玩耍或者推婴儿车极为不安全。,核心要求地块属于第一梯队名校学区，且周边500米内解决幼小衔接教育配套。,主要在陆家嘴/徐家汇CBD上班，首选地铁2/9号线沿线，通勤半小时内。,倡导轻户外，周末常带家人自驾野营或山系徒步，注重生活情调与手作咖啡。,名下持有一套旧两居，置换回款 65% + 个人理财储蓄补充 + 公积金商业贷,非仁恒、绿城、万科等金牌开发商不买，极度看重高端精装质量与顶级物业的增值口碑。,常年本地稳定居住，工作日职住通勤动线规则单一。
上_2008_00024,上海,2008,外籍海归,39,女,6.0,36.4,0.4,68.3,4,1,否,A,social,0.79,0.39,0.51,0.55,0.77,0.59,0.74,0.95,0.76,自住-改善,两室一厅,99,4321,外企驻沪办事处代表,三口之家(学龄段),陆家嘴核心区江景大平层,无高端私密会所及管家式物业配套，圈层鱼龙混杂，高净值居住体验差。,核心要求地块属于第一梯队名校学区，且周边500米内解决幼小衔接教育配套。,主要在陆家嘴/徐家汇CBD上班，首选地铁2/9号线沿线，通勤半小时内。,周末常去高端商圈消费，热衷打网球和马术，重度手冲咖啡及黑胶唱片发烧友。,名下已有企业股权套现或分红现金，一次性全款付清，基本不加杠杆,非仁恒、绿城、万科等金牌开发商不买，极度看重高端精装质量与顶级物业的增值口碑。,常年本地稳定居住，工作日职住通勤动线规则单一。
上_2008_00025,上海,2008,本地改善,56,男,3.0,30.3,0.45,50.5,5,2,否,B,agent,0.74,0.46,0.52,0.48,0.51,0.88,0.56,0.78,0.58,自住-改善,两室一厅,58,6386,国企车间技术主任,二胎黄金期中大户型,上海中环品质两居，车位及空间极其拥挤,小区无地下车库且人车不分流，小孩在楼下玩耍或者推婴儿车极为不安全。,讲究超高得房率（超85%），主卧套房必须配备独立步入式衣帽间与干湿分离双卫。,主要在陆家嘴/徐家汇CBD上班，首选地铁2/9号线沿线，通勤半小时内。,倡导轻户外，周末常带家人自驾野营或山系徒步，注重生活情调与手作咖啡。,名下持有一套旧两居，置换回款 65% + 个人理财储蓄补充 + 公积金商业贷,重性价比，不盲信大牌，但要求物业管理有序、绿化修剪及时、人防技防规范。,常年本地稳定居住，工作日职住通勤动线规则单一。
上_2008_00026,上海,2008,金融精英,32,女,3.5,23.7,0.4,44.5,3,1,否,A,research,0.77,0.51,0.73,0.64,0.82,0.82,0.67,0.76,0.86,自住-首套,两室两厅,54,6626,老牌证券公司营业部经理,三口之家(幼龄段),市中心私密洋房住宅,无高端私密会所及管家式物业配套，圈层鱼龙混杂，高净值居住体验差。,要求有超大面宽南向双阳台（观景家政分离），主卧大飘窗能270度直面自然景观。,主要在陆家嘴/徐家汇CBD上班，首选地铁2/9号线沿线，通勤半小时内。,周末常去高端商圈消费，热衷打网球和马术，重度手冲咖啡及黑胶唱片发烧友。,夫妻双方积蓄 + 双方父母出资赞助首付 + 公积金商业组合贷款,非仁恒、绿城、万科等金牌开发商不买，极度看重高端精装质量与顶级物业的增值口碑。,常年本地稳定居住，工作日职住通勤动线规则单一。
上_2008_00027,上海,2008,金融精英,48,男,2.5,25.1,0.4,47.1,3,1,是,A,research,0.99,0.39,0.71,0.77,0.72,0.74,0.73,0.92,0.78,自住-首套,两室两厅,86,3159,老牌证券公司营业部经理,三口之家(学龄段),市中心私密洋房住宅,当前房屋属于旧多层无电梯房，父母年纪渐高每天爬楼梯极为吃力。,要求独立电梯入户，主次卧动线分明，配备独立保姆房和私密后院。,主要在陆家嘴/徐家汇CBD上班，首选地铁2/9号线沿线，通勤半小时内。,周末常去高端商圈消费，热衷打网球和马术，重度手冲咖啡及黑胶唱片发烧友。,夫妻双方积蓄 + 双方父母出资赞助首付 + 公积金商业组合贷款,非仁恒、绿城、万科等金牌开发商不买，极度看重高端精装质量与顶级物业的增值口碑。,常年本地稳定居住，工作日职住通勤动线规则单一。
上_2008_00028,上海,2008,教育型买房,47,男,4.0,28.3,0.4,53.1,3,0,否,B,social,0.85,0.53,0.38,0.45,0.7,0.73,0.58,0.84,0.59,学区房,两室一厅,52,7203,邮政局局长秘书,成熟期核心家庭,上海中环品质两居，车位及空间极其拥挤,老小区隔音差，邻里滋扰严重，且车位严重匮乏，每晚加班回来抢车位像打仗。,讲究超高得房率（超85%），主卧套房必须配备独立步入式衣帽间与干湿分离双卫。,主要在陆家嘴/徐家汇CBD上班，首选地铁2/9号线沿线，通勤半小时内。,倡导轻户外，周末常带家人自驾野营或山系徒步，注重生活情调与手作咖啡。,名下持有一套旧两居，置换回款 65% + 个人理财储蓄补充 + 公积金商业贷,重性价比，不盲信大牌，但要求物业管理有序、绿化修剪及时、人防技防规范。,常年本地稳定居住，工作日职住通勤动线规则单一。
上_2008_00029,上海,2008,金融精英,43,男,3.1,27.3,0.4,51.1,4,1,是,A,research,0.86,0.51,0.63,0.75,0.93,0.73,0.67,0.83,0.91,自住-改善,两室两厅,77,4247,老牌证券公司营业部经理,三口之家(学龄段),陆家嘴核心区江景大平层,当前房屋属于旧多层无电梯房，父母年纪渐高每天爬楼梯极为吃力。,要求独立电梯入户，主次卧动线分明，配备独立保姆房和私密后院。,主要在陆家嘴/徐家汇CBD上班，首选地铁2/9号线沿线，通勤半小时内。,周末常去高端商圈消费，热衷打网球和马术，重度手冲咖啡及黑胶唱片发烧友。,名下已有企业股权套现或分红现金，一次性全款付清，基本不加杠杆,非仁恒、绿城、万科等金牌开发商不买，极度看重高端精装质量与顶级物业的增值口碑。,常年本地稳定居住，工作日职住通勤动线规则单一。
上_2008_00030,上海,2008,本地改善,43,女,1.3,14.3,0.45,23.8,3,2,否,B,agent,1,0.49,0.56,0.47,0.55,0.77,0.72,0.58,0.62,自住-改善,一室一厅,85,2030,区财政局科员,二胎黄金期中大户型,上海中环品质两居，车位及空间极其拥挤,小区无地下车库且人车不分流，小孩在楼下玩耍或者推婴儿车极为不安全。,讲究超高得房率（超85%），主卧套房必须配备独立步入式衣帽间与干湿分离双卫。,主要在陆家嘴/徐家汇CBD上班，首选地铁2/9号线沿线，通勤半小时内。,倡导轻户外，周末常带家人自驾野营或山系徒步，注重生活情调与手作咖啡。,名下持有一套旧两居，置换回款 65% + 个人理财储蓄补充 + 公积金商业贷,重性价比，不盲信大牌，但要求物业管理有序、绿化修剪及时、人防技防规范。,常年本地稳定居住，工作日职住通勤动线规则单一。
上_2008_00031,上海,2008,本地改善,49,男,2.9,34.1,0.45,56.8,4,2,是,B,agent,0.61,0.47,0.64,0.6,0.48,1,0.47,0.65,0.53,自住-改善,两室两厅,87,4834,邮政局局长秘书,二胎黄金期中大户型,上海中环品质两居，车位及空间极其拥挤,小区无地下车库且人车不分流，小孩在楼下玩耍或者推婴儿车极为不安全。,讲究超高得房率（超85%），主卧套房必须配备独立步入式衣帽间与干湿分离双卫。,主要在陆家嘴/徐家汇CBD上班，首选地铁2/9号线沿线，通勤半小时内。,倡导轻户外，周末常带家人自驾野营或山系徒步，注重生活情调与手作咖啡。,名下持有一套旧两居，置换回款 65% + 个人理财储蓄补充 + 公积金商业贷,重性价比，不盲信大牌，但要求物业管理有序、绿化修剪及时、人防技防规范。,常年本地稳定居住，工作日职住通勤动线规则单一。
上_2008_00032,上海,2008,本地改善,44,男,2.7,32.6,0.45,54.3,5,2,是,B,agent,0.67,0.45,0.73,0.54,0.49,0.91,0.67,0.73,0.64,自住-改善,两室一厅,59,4629,邮政局局长秘书,二胎黄金期中大户型,上海中环品质两居，车位及空间极其拥挤,小区无地下车库且人车不分流，小孩在楼下玩耍或者推婴儿车极为不安全。,要求有超大面宽南向双阳台（观景家政分离），主卧大飘窗能270度直面自然景观。,主要在陆家嘴/徐家汇CBD上班，首选地铁2/9号线沿线，通勤半小时内。,倡导轻户外，周末常带家人自驾野营或山系徒步，注重生活情调与手作咖啡。,名下持有一套旧两居，置换回款 65% + 个人理财储蓄补充 + 公积金商业贷,重性价比，不盲信大牌，但要求物业管理有序、绿化修剪及时、人防技防规范。,常年本地稳定居住，工作日职住通勤动线规则单一。
上_2008_00033,上海,2008,外籍海归,43,女,4.1,37.3,0.4,69.9,4,1,否,A,social,0.6,0.32,0.49,0.51,0.58,0.79,0.53,0.99,0.81,自住-改善,两室一厅,86,5025,外企驻沪办事处代表,三口之家(学龄段),陆家嘴核心区江景大平层,无高端私密会所及管家式物业配套，圈层鱼龙混杂，高净值居住体验差。,讲究超高得房率（超85%），主卧套房必须配备独立步入式衣帽间与干湿分离双卫。,主要在陆家嘴/徐家汇CBD上班，首选地铁2/9号线沿线，通勤半小时内。,周末常去高端商圈消费，热衷打网球和马术，重度手冲咖啡及黑胶唱片发烧友。,名下已有企业股权套现或分红现金，一次性全款付清，基本不加杠杆,非仁恒、绿城、万科等金牌开发商不买，极度看重高端精装质量与顶级物业的增值口碑。,常年本地稳定居住，工作日职住通勤动线规则单一。
上_2008_00034,上海,2008,本地改善,50,女,0.7,6.7,0.45,11.1,4,1,否,B,agent,0.66,0.44,0.54,0.48,0.48,0.82,0.7,0.72,0.61,自住-改善,两室一厅,80,967,邮政局局长秘书,三口之家(学龄段),上海中环品质两居，车位及空间极其拥挤,小区无地下车库且人车不分流，小孩在楼下玩耍或者推婴儿车极为不安全。,讲究超高得房率（超85%），主卧套房必须配备独立步入式衣帽间与干湿分离双卫。,主要在陆家嘴/徐家汇CBD上班，首选地铁2/9号线沿线，通勤半小时内。,倡导轻户外，周末常带家人自驾野营或山系徒步，注重生活情调与手作咖啡。,名下持有一套旧两居，置换回款 65% + 个人理财储蓄补充 + 公积金商业贷,重性价比，不盲信大牌，但要求物业管理有序、绿化修剪及时、人防技防规范。,常年本地稳定居住，工作日职住通勤动线规则单一。
上_2008_00035,上海,2008,本地改善,39,男,1.2,11.0,0.45,18.4,3,3,是,B,agent,0.72,0.46,0.53,0.56,0.39,0.96,0.5,0.6,0.63,自住-改善,两室一厅,57,2333,市第二中学地理教师,二胎黄金期中大户型,上海中环品质两居，车位及空间极其拥挤,小区无地下车库且人车不分流，小孩在楼下玩耍或者推婴儿车极为不安全。,讲究超高得房率（超85%），主卧套房必须配备独立步入式衣帽间与干湿分离双卫。,主要在陆家嘴/徐家汇CBD上班，首选地铁2/9号线沿线，通勤半小时内。,倡导轻户外，周末常带家人自驾野营或山系徒步，注重生活情调与手作咖啡。,名下持有一套旧两居，置换回款 65% + 个人理财储蓄补充 + 公积金商业贷,重性价比，不盲信大牌，但要求物业管理有序、绿化修剪及时、人防技防规范。,常年本地稳定居住，工作日职住通勤动线规则单一。
上_2008_00036,上海,2008,本地改善,53,女,1.6,17.8,0.45,29.6,4,2,是,B,agent,0.58,0.53,0.6,0.33,0.46,0.88,0.39,0.65,0.45,自住-改善,一室一厅,76,2113,区财政局科员,二胎黄金期中大户型,上海中环品质两居，车位及空间极其拥挤,小区无地下车库且人车不分流，小孩在楼下玩耍或者推婴儿车极为不安全。,讲究超高得房率（超85%），主卧套房必须配备独立步入式衣帽间与干湿分离双卫。,主要在陆家嘴/徐家汇CBD上班，首选地铁2/9号线沿线，通勤半小时内。,倡导轻户外，周末常带家人自驾野营或山系徒步，注重生活情调与手作咖啡。,名下持有一套旧两居，置换回款 65% + 个人理财储蓄补充 + 公积金商业贷,重性价比，不盲信大牌，但要求物业管理有序、绿化修剪及时、人防技防规范。,常年本地稳定居住，工作日职住通勤动线规则单一。
上_2008_00037,上海,2008,金融精英,38,男,3.5,22.5,0.4,42.1,3,1,否,A,research,0.95,0.38,0.77,0.53,0.69,0.74,0.79,0.92,0.78,自住-改善,两室一厅,72,2973,商业银行支行信贷科长,三口之家(学龄段),陆家嘴核心区江景大平层,无高端私密会所及管家式物业配套，圈层鱼龙混杂，高净值居住体验差。,要求有超大面宽南向双阳台（观景家政分离），主卧大飘窗能270度直面自然景观。,主要在陆家嘴/徐家汇CBD上班，首选地铁2/9号线沿线，通勤半小时内。,周末常去高端商圈消费，热衷打网球和马术，重度手冲咖啡及黑胶唱片发烧友。,名下已有企业股权套现或分红现金，一次性全款付清，基本不加杠杆,非仁恒、绿城、万科等金牌开发商不买，极度看重高端精装质量与顶级物业的增值口碑。,常年本地稳定居住，工作日职住通勤动线规则单一。
上_2008_00038,上海,2008,教育型买房,48,男,1.6,11.0,0.4,20.7,4,1,否,B,social,0.6,0.45,0.31,0.29,0.59,0.77,0.36,0.9,0.52,学区房,两室两厅,69,1516,邮政局局长秘书,三口之家(学龄段),上海中环品质两居，车位及空间极其拥挤,小区无地下车库且人车不分流，小孩在楼下玩耍或者推婴儿车极为不安全。,讲究超高得房率（超85%），主卧套房必须配备独立步入式衣帽间与干湿分离双卫。,主要在陆家嘴/徐家汇CBD上班，首选地铁2/9号线沿线，通勤半小时内。,倡导轻户外，周末常带家人自驾野营或山系徒步，注重生活情调与手作咖啡。,名下持有一套旧两居，置换回款 65% + 个人理财储蓄补充 + 公积金商业贷,重性价比，不盲信大牌，但要求物业管理有序、绿化修剪及时、人防技防规范。,常年本地稳定居住，工作日职住通勤动线规则单一。
上_2008_00039,上海,2008,本地改善,39,女,1.1,7.8,0.45,13.0,3,3,否,B,agent,0.93,0.61,0.61,0.54,0.53,0.8,0.64,0.82,0.66,自住-改善,一室一厅,90,894,市第二中学地理教师,二胎黄金期中大户型,上海中环品质两居，车位及空间极其拥挤,小区无地下车库且人车不分流，小孩在楼下玩耍或者推婴儿车极为不安全。,讲究超高得房率（超85%），主卧套房必须配备独立步入式衣帽间与干湿分离双卫。,主要在陆家嘴/徐家汇CBD上班，首选地铁2/9号线沿线，通勤半小时内。,倡导轻户外，周末常带家人自驾野营或山系徒步，注重生活情调与手作咖啡。,名下持有一套旧两居，置换回款 65% + 个人理财储蓄补充 + 公积金商业贷,重性价比，不盲信大牌，但要求物业管理有序、绿化修剪及时、人防技防规范。,常年本地稳定居住，工作日职住通勤动线规则单一。
上_2008_00040,上海,2008,长三角家庭,42,男,1.8,14.7,0.45,24.4,5,2,是,B,agent,0.5,0.57,0.47,0.37,0.56,0.75,0.31,0.61,0.66,自住-改善,一室一厅,80,2481,邮政局局长秘书,二胎黄金期中大户型,上海中环品质两居，车位及空间极其拥挤,小区无地下车库且人车不分流，小孩在楼下玩耍或者推婴儿车极为不安全。,讲究超高得房率（超85%），主卧套房必须配备独立步入式衣帽间与干湿分离双卫。,主要在陆家嘴/徐家汇CBD上班，首选地铁2/9号线沿线，通勤半小时内。,倡导轻户外，周末常带家人自驾野营或山系徒步，注重生活情调与手作咖啡。,名下持有一套旧两居，置换回款 65% + 个人理财储蓄补充 + 公积金商业贷,重性价比，不盲信大牌，但要求物业管理有序、绿化修剪及时、人防技防规范。,常年本地稳定居住，工作日职住通勤动线规则单一。
上_2008_00041,上海,2008,本地改善,44,男,4.1,29.6,0.45,49.3,3,2,否,B,agent,0.94,0.45,0.61,0.69,0.5,0.86,0.62,0.73,0.74,自住-改善,一室一厅,73,3966,邮政局局长秘书,二胎黄金期中大户型,上海中环品质两居，车位及空间极其拥挤,小区无地下车库且人车不分流，小孩在楼下玩耍或者推婴儿车极为不安全。,讲究超高得房率（超85%），主卧套房必须配备独立步入式衣帽间与干湿分离双卫。,主要在陆家嘴/徐家汇CBD上班，首选地铁2/9号线沿线，通勤半小时内。,倡导轻户外，周末常带家人自驾野营或山系徒步，注重生活情调与手作咖啡。,名下持有一套旧两居，置换回款 65% + 个人理财储蓄补充 + 公积金商业贷,非仁恒、绿城、万科等金牌开发商不买，极度看重高端精装质量与顶级物业的增值口碑。,常年本地稳定居住，工作日职住通勤动线规则单一。
上_2008_00042,上海,2008,本地改善,42,男,3.1,24.0,0.45,40.0,3,2,是,B,agent,0.6,0.67,0.59,0.55,0.71,0.83,0.66,0.73,0.6,自住-改善,两室两厅,68,4526,市第二中学地理教师,二胎黄金期中大户型,上海中环品质两居，车位及空间极其拥挤,小区无地下车库且人车不分流，小孩在楼下玩耍或者推婴儿车极为不安全。,讲究超高得房率（超85%），主卧套房必须配备独立步入式衣帽间与干湿分离双卫。,主要在陆家嘴/徐家汇CBD上班，首选地铁2/9号线沿线，通勤半小时内。,倡导轻户外，周末常带家人自驾野营或山系徒步，注重生活情调与手作咖啡。,名下持有一套旧两居，置换回款 65% + 个人理财储蓄补充 + 公积金商业贷,重性价比，不盲信大牌，但要求物业管理有序、绿化修剪及时、人防技防规范。,常年本地稳定居住，工作日职住通勤动线规则单一。
上_2008_00043,上海,2008,本地改善,52,女,1.7,16.3,0.45,27.2,4,2,是,B,agent,1.0,0.55,0.51,0.45,0.7,0.76,0.61,0.66,0.68,自住-改善,两室两厅,100,2435,邮政局局长秘书,二胎黄金期中大户型,上海中环品质两居，车位及空间极其拥挤,小区无地下车库且人车不分流，小孩在楼下玩耍或者推婴儿车极为不安全。,讲究超高得房率（超85%），主卧套房必须配备独立步入式衣帽间与干湿分离双卫。,主要在陆家嘴/徐家汇CBD上班，首选地铁2/9号线沿线，通勤半小时内。,倡导轻户外，周末常带家人自驾野营或山系徒步，注重生活情调与手作咖啡。,名下持有一套旧两居，置换回款 65% + 个人理财储蓄补充 + 公积金商业贷,重性价比，不盲信大牌，但要求物业管理有序、绿化修剪及时、人防技防规范。,常年本地稳定居住，工作日职住通勤动线规则单一。
上_2008_00044,上海,2008,长三角家庭,37,女,2.7,22.5,0.45,37.5,4,2,否,B,agent,0.52,0.46,0.59,0.46,0.56,0.74,0.43,0.66,0.6,自住-首套,两室两厅,87,3117,市第二中学地理教师,二胎黄金期中大户型,上海中环品质两居，车位及空间极其拥挤,小区无地下车库且人车不分流，小孩在楼下玩耍或者推婴儿车极为不安全。,讲究超高得房率（超85%），主卧套房必须配备独立步入式衣帽间与干湿分离双卫。,主要在陆家嘴/徐家汇CBD上班，首选地铁2/9号线沿线，通勤半小时内。,倡导轻户外，周末常带家人自驾野营或山系徒步，注重生活情调与手作咖啡。,夫妻双方积蓄 + 双方父母出资赞助首付 + 公积金商业组合贷款,重性价比，不盲信大牌，但要求物业管理有序、绿化修剪及时、人防技防规范。,常年本地稳定居住，工作日职住通勤动线规则单一。
上_2008_00045,上海,2008,本地改善,44,男,1.5,10.3,0.45,17.1,3,2,否,B,agent,0.86,0.41,0.54,0.6,0.48,0.99,0.76,0.66,0.49,自住-改善,两室一厅,66,1418,市第二中学地理教师,二胎黄金期中大户型,上海中环品质两居，车位及空间极其拥挤,小区无地下车库且人车不分流，小孩在楼下玩耍或者推婴儿车极为不安全。,讲究超高得房率（超85%），主卧套房必须配备独立步入式衣帽间与干湿分离双卫。,主要在陆家嘴/徐家汇CBD上班，首选地铁2/9号线沿线，通勤半小时内。,倡导轻户外，周末常带家人自驾野营或山系徒步，注重生活情调与手作咖啡。,名下持有一套旧两居，置换回款 65% + 个人理财储蓄补充 + 公积金商业贷,重性价比，不盲信大牌，但要求物业管理有序、绿化修剪及时、人防技防规范。,常年本地稳定居住，工作日职住通勤动线规则单一。
上_2008_00046,上海,2008,金融精英,42,男,5.2,43.2,0.4,81.0,3,1,否,A,research,0.95,0.57,0.7,0.36,0.77,0.74,0.68,0.8,0.8,自住-改善,一室一厅,84,5224,商业银行支行信贷科长,三口之家(学龄段),西湖边高精平层,无高端私密会所及管家式物业配套，圈层鱼龙混杂，高净值居住体验差。,讲究超高得房率（超85%），主卧套房必须配备独立步入式衣帽间与干湿分离双卫。,主要在陆家嘴/徐家汇CBD上班，首选地铁2/9号线沿线，通勤半小时内。,周末常去高端商圈消费，热衷打网球和马术，重度手冲咖啡及黑胶唱片发烧友。,名下已有企业股权套现或分红现金，一次性全款付清，基本不加杠杆,非仁恒、绿城、万科等金牌开发商不买，极度看重高端精装质量与顶级物业的增值口碑。,常年本地稳定居住，工作日职住通勤动线规则单一。
上_2008_00047,上海,2008,本地改善,43,女,2.3,16.1,0.45,26.9,4,3,否,B,agent,0.68,0.5,0.49,0.57,0.55,0.86,0.59,0.78,0.64,自住-改善,两室两厅,61,2428,邮政局局长秘书,二胎黄金期中大户型,上海中环品质两居，车位及空间极其拥挤,小区无地下车库且人车不分流，小孩在楼下玩耍或者推婴儿车极为不安全。,讲究超高得房率（超85%），主卧套房必须配备独立步入式衣帽间与干湿分离双卫。,主要在陆家嘴/徐家汇CBD上班，首选地铁2/9号线沿线，通勤半小时内。,倡导轻户外，周末常带家人自驾野营或山系徒步，注重生活情调与手作咖啡。,名下持有一套旧两居，置换回款 65% + 个人理财储蓄补充 + 公积金商业贷,重性价比，不盲信大牌，但要求物业管理有序、绿化修剪及时、人防技防规范。,常年本地稳定居住，工作日职住通勤动线规则单一。
上_2008_00048,上海,2008,本地改善,52,男,3.5,31.1,0.45,51.8,4,1,是,B,agent,0.72,0.34,0.58,0.57,0.61,0.87,0.68,0.68,0.66,自住-改善,两室一厅,76,3956,市第二中学地理教师,三口之家(学龄段),上海中环品质两居，车位及空间极其拥挤,小区无地下车库且人车不分流，小孩在楼下玩耍或者推婴儿车极为不安全。,讲究超高得房率（超85%），主卧套房必须配备独立步入式衣帽间与干湿分离双卫。,主要在陆家嘴/徐家汇CBD上班，首选地铁2/9号线沿线，通勤半小时内。,倡导轻户外，周末常带家人自驾野营或山系徒步，注重生活情调与手作咖啡。,名下持有一套旧两居，置换回款 65% + 个人理财储蓄补充 + 公积金商业贷,重性价比，不盲信大牌，但要求物业管理有序、绿化修剪及时、人防技防规范。,常年本地稳定居住，工作日职住通勤动线规则单一。
上_2008_00049,上海,2008,金融精英,47,男,6.0,47.8,0.4,89.5,2,1,否,A,research,0.8,0.48,0.54,0.58,0.83,0.67,0.7,0.87,0.75,自住-首套,两室两厅,80,9594,老牌证券公司营业部经理,三口之家(学龄段),陆家嘴核心区江景大平层,无高端私密会所及管家式物业配套，圈层鱼龙混杂，高净值居住体验差。,核心要求地块属于第一梯队名校学区，且周边500米内解决幼小衔接教育配套。,主要在陆家嘴/徐家汇CBD上班，首选地铁2/9号线沿线，通勤半小时内。,周末常去高端商圈消费，热衷打网球和马术，重度手冲咖啡及黑胶唱片发烧友。,夫妻双方积蓄 + 双方父母出资赞助首付 + 公积金商业组合贷款,非仁恒、绿城、万科等金牌开发商不买，极度看重高端精装质量与顶级物业的增值口碑。,常年本地稳定居住，工作日职住通勤动线规则单一。
上_2008_00050,上海,2008,本地改善,57,女,3.8,43.8,0.45,73.0,3,1,否,B,agent,0.77,0.62,0.63,0.46,0.65,0.87,0.51,0.75,0.62,自住-改善,一室一厅,55,9058,区财政局科员,三口之家(学龄段),上海中环品质两居，车位及空间极其拥挤,小区无地下车库且人车不分流，小孩在楼下玩耍或者推婴儿车极为不安全。,讲究超高得房率（超85%），主卧套房必须配备独立步入式衣帽间与干湿分离双卫。,主要在陆家嘴/徐家汇CBD上班，首选地铁2/9号线沿线，通勤半小时内。,倡导轻户外，周末常带家人自驾野营或山系徒步，注重生活情调与手作咖啡。,名下持有一套旧两居，置换回款 65% + 个人理财储蓄补充 + 公积金商业贷,重性价比，不盲信大牌，但要求物业管理有序、绿化修剪及时、人防技防规范。,常年本地稳定居住，工作日职住通勤动线规则单一。
上_2008_00051,上海,2008,教育型买房,34,女,4.0,36.8,0.4,68.9,4,1,是,B,social,0.96,0.44,0.29,0.36,0.6,0.62,0.52,0.95,0.57,学区房,两室两厅,87,6286,市第二中学地理教师,三口之家(幼龄段),上海中环品质两居，车位及空间极其拥挤,小区无地下车库且人车不分流，小孩在楼下玩耍或者推婴儿车极为不安全。,核心要求地块属于第一梯队名校学区，且周边500米内解决幼小衔接教育配套。,主要在陆家嘴/徐家汇CBD上班，首选地铁2/9号线沿线，通勤半小时内。,倡导轻户外，周末常带家人自驾野营或山系徒步，注重生活情调与手作咖啡。,名下持有一套旧两居，置换回款 65% + 个人理财储蓄补充 + 公积金商业贷,重性价比，不盲信大牌，但要求物业管理有序、绿化修剪及时、人防技防规范。,常年本地稳定居住，工作日职住通勤动线规则单一。
上_2008_00052,上海,2008,本地改善,55,男,1.7,17.3,0.45,28.8,5,2,是,B,agent,1,0.5,0.64,0.49,0.72,0.79,0.53,0.61,0.7,自住-改善,一室一厅,56,3656,邮政局局长秘书,二胎黄金期中大户型,上海中环品质两居，车位及空间极其拥挤,小区无地下车库且人车不分流，小孩在楼下玩耍或者推婴儿车极为不安全。,讲究超高得房率（超85%），主卧套房必须配备独立步入式衣帽间与干湿分离双卫。,主要在陆家嘴/徐家汇CBD上班，首选地铁2/9号线沿线，通勤半小时内。,倡导轻户外，周末常带家人自驾野营或山系徒步，注重生活情调与手作咖啡。,名下持有一套旧两居，置换回款 65% + 个人理财储蓄补充 + 公积金商业贷,非仁恒、绿城、万科等金牌开发商不买，极度看重高端精装质量与顶级物业的增值口碑。,常年本地稳定居住，工作日职住通勤动线规则单一。
上_2008_00053,上海,2008,本地改善,41,女,1.7,12.7,0.45,21.1,4,2,否,B,agent,0.68,0.63,0.67,0.49,0.56,0.9,0.55,0.84,0.6,自住-改善,两室两厅,67,2789,区财政局科员,二胎黄金期中大户型,上海中环品质两居，车位及空间极其拥挤,小区无地下车库且人车不分流，小孩在楼下玩耍或者推婴儿车极为不安全。,讲究超高得房率（超85%），主卧套房必须配备独立步入式衣帽间与干湿分离双卫。,主要在陆家嘴/徐家汇CBD上班，首选地铁2/9号线沿线，通勤半小时内。,倡导轻户外，周末常带家人自驾野营或山系徒步，注重生活情调与手作咖啡。,名下持有一套旧两居，置换回款 65% + 个人理财储蓄补充 + 公积金商业贷,重性价比，不盲信大牌，但要求物业管理有序、绿化修剪及时、人防技防规范。,常年本地稳定居住，工作日职住通勤动线规则单一。
上_2008_00054,上海,2008,本地改善,42,女,2.1,22.2,0.45,37.1,5,2,否,B,agent,0.74,0.73,0.45,0.53,0.51,0.81,0.69,0.71,0.68,自住-改善,一室一厅,86,3520,邮政局局长秘书,二胎黄金期中大户型,上海中环品质两居，车位及空间极其拥挤,小区无地下车库且人车不分流，小孩在楼下玩耍或者推婴儿车极为不安全。,讲究超高得房率（超85%），主卧套房必须配备独立步入式衣帽间与干湿分离双卫。,主要在陆家嘴/徐家汇CBD上班，首选地铁2/9号线沿线，通勤半小时内。,倡导轻户外，周末常带家人自驾野营或山系徒步，注重生活情调与手作咖啡。,名下持有一套旧两居，置换回款 65% + 个人理财储蓄补充 + 公积金商业贷,重性价比，不盲信大牌，但要求物业管理有序、绿化修剪及时、人防技防规范。,常年本地稳定居住，工作日职住通勤动线规则单一。
上_2008_00055,上海,2008,金融精英,46,男,7.6,64.9,0.4,121.7,3,1,否,A,research,0.64,0.57,0.65,0.57,0.64,0.82,0.63,0.75,0.75,自住-改善,两室一厅,67,11740,商业银行支行信贷科长,三口之家(学龄段),市中心私密洋房住宅,无高端私密会所及管家式物业配套，圈层鱼龙混杂，高净值居住体验差。,讲究超高得房率（超85%），主卧套房必须配备独立步入式衣帽间与干湿分离双卫。,主要在陆家嘴/徐家汇CBD上班，首选地铁2/9号线沿线，通勤半小时内。,周末常去高端商圈消费，热衷打网球和马术，重度手冲咖啡及黑胶唱片发烧友。,名下已有企业股权套现或分红现金，一次性全款付清，基本不加杠杆,非仁恒、绿城、万科等金牌开发商不买，极度看重高端精装质量与顶级物业的增值口碑。,常年本地稳定居住，工作日职住通勤动线规则单一。
上_2008_00056,上海,2008,教育型买房,40,男,5.0,28.7,0.4,53.8,4,1,是,B,social,0.94,0.59,0.36,0.42,0.64,0.57,0.67,0.86,0.58,学区房,一室一厅,50,6671,市第二中学地理教师,三口之家(学龄段),上海中环品质两居，车位及空间极其拥挤,小区无地下车库且人车不分流，小孩在楼下玩耍或者推婴儿车极为不安全。,核心要求地块属于第一梯队名校学区，且周边500米内解决幼小衔接教育配套。,主要在陆家嘴/徐家汇CBD上班，首选地铁2/9号线沿线，通勤半小时内。,倡导轻户外，周末常带家人自驾野营或山系徒步，注重生活情调与手作咖啡。,名下持有一套旧两居，置换回款 65% + 个人理财储蓄补充 + 公积金商业贷,重性价比，不盲信大牌，但要求物业管理有序、绿化修剪及时、人防技防规范。,常年本地稳定居住，工作日职住通勤动线规则单一。
上_2008_00057,上海,2008,金融精英,49,男,9.5,69.1,0.4,129.6,4,1,否,A,research,0.69,0.5,0.78,0.59,0.66,0.81,0.81,0.87,0.91,自住-首套,一室一厅,79,13361,商业银行支行信贷科长,三口之家(学龄段),市中心私密洋房住宅,无高端私密会所及管家式物业配套，圈层鱼龙混杂，高净值居住体验差。,要求有超大面宽南向双阳台（观景家政分离），主卧大飘窗能270度直面自然景观。,主要在陆家嘴/徐家汇CBD上班，首选地铁2/9号线沿线，通勤半小时内。,周末常去高端商圈消费，热衷打网球和马术，重度手冲咖啡及黑胶唱片发烧友。,夫妻双方积蓄 + 双方父母出资赞助首付 + 公积金商业组合贷款,非仁恒、绿城、万科等金牌开发商不买，极度看重高端精装质量与顶级物业的增值口碑。,常年本地稳定居住，工作日职住通勤动线规则单一。
上_2008_00058,上海,2008,外籍海归,41,男,6.3,43.4,0.4,81.3,5,1,否,A,social,0.98,0.37,0.71,0.45,0.79,0.69,0.73,0.83,0.73,自住-改善,两室一厅,85,6694,外企驻沪办事处代表,三口之家(学龄段),西湖边高精平层,无高端私密会所及管家式物业配套，圈层鱼龙混杂，高净值居住体验差。,要求有超大面宽南向双阳台（观景家政分离），主卧大飘窗能270度直面自然景观。,主要在陆家嘴/徐家汇CBD上班，首选地铁2/9号线沿线，通勤半小时内。,周末常去高端商圈消费，热衷打网球和马术，重度手冲咖啡及黑胶唱片发烧友。,名下已有企业股权套现或分红现金，一次性全款付清，基本不加杠杆,非仁恒、绿城、万科等金牌开发商不买，极度看重高端精装质量与顶级物业的增值口碑。,常年本地稳定居住，工作日职住通勤动线规则单一。
上_2008_00059,上海,2008,金融精英,46,女,1.1,10.0,0.4,18.8,4,1,否,A,research,0.81,0.47,0.77,0.75,0.75,0.75,0.82,0.74,0.87,自住-改善,两室两厅,81,1197,老牌证券公司营业部经理,三口之家(学龄段),陆家嘴核心区江景大平层,无高端私密会所及管家式物业配套，圈层鱼龙混杂，高净值居住体验差。,要求独立电梯入户，主次卧动线分明，配备独立保姆房和私密后院。,主要在陆家嘴/徐家汇CBD上班，首选地铁2/9号线沿线，通勤半小时内。,周末常去高端商圈消费，热衷打网球和马术，重度手冲咖啡及黑胶唱片发烧友。,名下已有企业股权套现或分红现金，一次性全款付清，基本不加杠杆,非仁恒、绿城、万科等金牌开发商不买，极度看重高端精装质量与顶级物业的增值口碑。,常年本地稳定居住，工作日职住通勤动线规则单一。
上_2008_00060,上海,2008,教育型买房,34,男,1.8,12.2,0.4,22.9,3,1,否,B,social,0.84,0.37,0.3,0.42,0.59,0.62,0.58,0.91,0.55,学区房,两室一厅,51,3800,邮政局局长秘书,三口之家(幼龄段),上海中环品质两居，车位及空间极其拥挤,小区无地下车库且人车不分流，小孩在楼下玩耍或者推婴儿车极为不安全。,核心要求地块属于第一梯队名校学区，且周边500米内解决幼小衔接教育配套。,主要在陆家嘴/徐家汇CBD上班，首选地铁2/9号线沿线，通勤半小时内。,倡导轻户外，周末常带家人自驾野营或山系徒步，注重生活情调与手作咖啡。,名下持有一套旧两居，置换回款 65% + 个人理财储蓄补充 + 公积金商业贷,重性价比，不盲信大牌，但要求物业管理有序、绿化修剪及时、人防技防规范。,常年本地稳定居住，工作日职住通勤动线规则单一。
上_2008_00061,上海,2008,本地改善,44,女,1.5,15.6,0.45,25.9,4,2,是,B,agent,0.41,0.55,0.61,0.51,0.48,0.79,0.51,0.67,0.61,自住-改善,一室一厅,86,1943,区财政局科员,二胎黄金期中大户型,上海中环品质两居，车位及空间极其拥挤,小区无地下车库且人车不分流，小孩在楼下玩耍或者推婴儿车极为不安全。,讲究超高得房率（超85%），主卧套房必须配备独立步入式衣帽间与干湿分离双卫。,主要在陆家嘴/徐家汇CBD上班，首选地铁2/9号线沿线，通勤半小时内。,倡导轻户外，周末常带家人自驾野营或山系徒步，注重生活情调与手作咖啡。,名下持有一套旧两居，置换回款 65% + 个人理财储蓄补充 + 公积金商业贷,重性价比，不盲信大牌，但要求物业管理有序、绿化修剪及时、人防技防规范。,常年本地稳定居住，工作日职住通勤动线规则单一。
上_2008_00062,上海,2008,金融精英,44,女,6.6,53.8,0.4,101.0,3,1,否,A,research,0.77,0.24,0.62,0.64,0.82,0.73,0.65,0.7,0.73,自住-首套,一室一厅,64,11834,申银万国证券分析员,三口之家(学龄段),西湖边高精平层,无高端私密会所及管家式物业配套，圈层鱼龙混杂，高净值居住体验差。,讲究超高得房率（超85%），主卧套房必须配备独立步入式衣帽间与干湿分离双卫。,主要在陆家嘴/徐家汇CBD上班，首选地铁2/9号线沿线，通勤半小时内。,周末常去高端商圈消费，热衷打网球和马术，重度手冲咖啡及黑胶唱片发烧友。,夫妻双方积蓄 + 双方父母出资赞助首付 + 公积金商业组合贷款,非仁恒、绿城、万科等金牌开发商不买，极度看重高端精装质量与顶级物业的增值口碑。,常年本地稳定居住，工作日职住通勤动线规则单一。
上_2008_00063,上海,2008,长三角家庭,48,女,1.9,13.3,0.45,22.1,4,2,否,B,agent,0.88,0.61,0.5,0.49,0.4,0.73,0.33,0.67,0.66,自住-改善,两室两厅,98,1302,市第二中学地理教师,二胎黄金期中大户型,上海中环品质两居，车位及空间极其拥挤,小区无地下车库且人车不分流，小孩在楼下玩耍或者推婴儿车极为不安全。,讲究超高得房率（超85%），主卧套房必须配备独立步入式衣帽间与干湿分离双卫。,主要在陆家嘴/徐家汇CBD上班，首选地铁2/9号线沿线，通勤半小时内。,倡导轻户外，周末常带家人自驾野营或山系徒步，注重生活情调与手作咖啡。,名下持有一套旧两居，置换回款 65% + 个人理财储蓄补充 + 公积金商业贷,重性价比，不盲信大牌，但要求物业管理有序、绿化修剪及时、人防技防规范。,常年本地稳定居住，工作日职住通勤动线规则单一。
上_2008_00064,上海,2008,金融精英,38,男,6.1,58.4,0.4,109.4,2,0,否,A,research,0.52,0.38,0.65,0.59,0.73,0.79,0.6,0.94,0.87,自住-改善,两室两厅,82,10913,申银万国证券分析员,成熟期核心家庭,陆家嘴核心区江景大平层,无高端私密会所及管家式物业配套，圈层鱼龙混杂，高净值居住体验差。,讲究超高得房率（超85%），主卧套房必须配备独立步入式衣帽间与干湿分离双卫。,主要在陆家嘴/徐家汇CBD上班，首选地铁2/9号线沿线，通勤半小时内。,周末常去高端商圈消费，热衷打网球和马术，重度手冲咖啡及黑胶唱片发烧友。,名下已有企业股权套现或分红现金，一次性全款付清，基本不加杠杆,非仁恒、绿城、万科等金牌开发商不买，极度看重高端精装质量与顶级物业的增值口碑。,常年本地稳定居住，工作日职住通勤动线规则单一。
上_2008_00065,上海,2008,教育型买房,35,男,3.1,26.7,0.4,50.0,4,1,是,B,social,0.65,0.58,0.43,0.35,0.51,0.58,0.59,0.82,0.67,学区房,两室两厅,99,3097,区财政局科员,三口之家(幼龄段),上海中环品质两居，车位及空间极其拥挤,小区无地下车库且人车不分流，小孩在楼下玩耍或者推婴儿车极为不安全。,核心要求地块属于第一梯队名校学区，且周边500米内解决幼小衔接教育配套。,主要在陆家嘴/徐家汇CBD上班，首选地铁2/9号线沿线，通勤半小时内。,倡导轻户外，周末常带家人自驾野营或山系徒步，注重生活情调与手作咖啡。,名下持有一套旧两居，置换回款 65% + 个人理财储蓄补充 + 公积金商业贷,重性价比，不盲信大牌，但要求物业管理有序、绿化修剪及时、人防技防规范。,常年本地稳定居住，工作日职住通勤动线规则单一。
上_2008_00066,上海,2008,本地改善,56,男,2.0,25.1,0.45,41.9,3,2,否,B,agent,0.83,0.56,0.66,0.24,0.57,0.78,0.5,0.71,0.58,自住-改善,一室一厅,69,3632,国企车间技术主任,二胎黄金期中大户型,上海中环品质两居，车位及空间极其拥挤,小区无地下车库且人车不分流，小孩在楼下玩耍或者推婴儿车极为不安全。,讲究超高得房率（超85%），主卧套房必须配备独立步入式衣帽间与干湿分离双卫。,主要在陆家嘴/徐家汇CBD上班，首选地铁2/9号线沿线，通勤半小时内。,倡导轻户外，周末常带家人自驾野营或山系徒步，注重生活情调与手作咖啡。,名下持有一套旧两居，置换回款 65% + 个人理财储蓄补充 + 公积金商业贷,重性价比，不盲信大牌，但要求物业管理有序、绿化修剪及时、人防技防规范。,常年本地稳定居住，工作日职住通勤动线规则单一。
上_2008_00067,上海,2008,金融精英,44,男,0.7,5.4,0.4,10.1,3,1,是,A,research,0.46,0.33,0.67,0.67,0.75,0.69,0.79,0.76,0.76,自住-首套,一室一厅,67,1029,商业银行支行信贷科长,三口之家(学龄段),陆家嘴核心区江景大平层,当前房屋属于旧多层无电梯房，父母年纪渐高每天爬楼梯极为吃力。,核心要求地块属于第一梯队名校学区，且周边500米内解决幼小衔接教育配套。,主要在陆家嘴/徐家汇CBD上班，首选地铁2/9号线沿线，通勤半小时内。,周末常去高端商圈消费，热衷打网球和马术，重度手冲咖啡及黑胶唱片发烧友。,夫妻双方积蓄 + 双方父母出资赞助首付 + 公积金商业组合贷款,非仁恒、绿城、万科等金牌开发商不买，极度看重高端精装质量与顶级物业的增值口碑。,常年本地稳定居住，工作日职住通勤动线规则单一。
上_2008_00068,上海,2008,本地改善,52,女,1.5,11.6,0.45,19.3,4,2,否,B,agent,0.92,0.48,0.51,0.47,0.63,0.84,0.59,0.57,0.45,自住-改善,两室一厅,97,1064,邮政局局长秘书,二胎黄金期中大户型,上海中环品质两居，车位及空间极其拥挤,小区无地下车库且人车不分流，小孩在楼下玩耍或者推婴儿车极为不安全。,讲究超高得房率（超85%），主卧套房必须配备独立步入式衣帽间与干湿分离双卫。,主要在陆家嘴/徐家汇CBD上班，首选地铁2/9号线沿线，通勤半小时内。,倡导轻户外，周末常带家人自驾野营或山系徒步，注重生活情调与手作咖啡。,名下持有一套旧两居，置换回款 65% + 个人理财储蓄补充 + 公积金商业贷,重性价比，不盲信大牌，但要求物业管理有序、绿化修剪及时、人防技防规范。,常年本地稳定居住，工作日职住通勤动线规则单一。
上_2008_00069,上海,2008,教育型买房,39,男,3.7,37.3,0.4,69.9,4,0,否,B,social,0.99,0.52,0.29,0.2,0.61,0.56,0.58,1,0.56,学区房,一室一厅,84,7107,国企车间技术主任,成熟期核心家庭,上海中环品质两居，车位及空间极其拥挤,老小区隔音差，邻里滋扰严重，且车位严重匮乏，每晚加班回来抢车位像打仗。,核心要求地块属于第一梯队名校学区，且周边500米内解决幼小衔接教育配套。,主要在陆家嘴/徐家汇CBD上班，首选地铁2/9号线沿线，通勤半小时内。,倡导轻户外，周末常带家人自驾野营或山系徒步，注重生活情调与手作咖啡。,名下持有一套旧两居，置换回款 65% + 个人理财储蓄补充 + 公积金商业贷,重性价比，不盲信大牌，但要求物业管理有序、绿化修剪及时、人防技防规范。,常年本地稳定居住，工作日职住通勤动线规则单一。
上_2008_00070,上海,2008,本地改善,41,女,1.6,14.1,0.45,23.4,5,2,是,B,agent,0.55,0.64,0.46,0.5,0.42,0.85,0.49,0.58,0.59,自住-改善,两室两厅,92,1366,区财政局科员,二胎黄金期中大户型,上海中环品质两居，车位及空间极其拥挤,小区无地下车库且人车不分流，小孩在楼下玩耍或者推婴儿车极为不安全。,讲究超高得房率（超85%），主卧套房必须配备独立步入式衣帽间与干湿分离双卫。,主要在陆家嘴/徐家汇CBD上班，首选地铁2/9号线沿线，通勤半小时内。,倡导轻户外，周末常带家人自驾野营或山系徒步，注重生活情调与手作咖啡。,名下持有一套旧两居，置换回款 65% + 个人理财储蓄补充 + 公积金商业贷,重性价比，不盲信大牌，但要求物业管理有序、绿化修剪及时、人防技防规范。,常年本地稳定居住，工作日职住通勤动线规则单一。
上_2008_00071,上海,2008,本地改善,45,女,2.0,24.9,0.45,41.5,5,3,是,B,agent,0.81,0.53,0.61,0.45,0.55,0.87,0.58,0.67,0.61,自住-改善,两室一厅,88,2360,邮政局局长秘书,二胎黄金期中大户型,上海中环品质两居，车位及空间极其拥挤,小区无地下车库且人车不分流，小孩在楼下玩耍或者推婴儿车极为不安全。,讲究超高得房率（超85%），主卧套房必须配备独立步入式衣帽间与干湿分离双卫。,主要在陆家嘴/徐家汇CBD上班，首选地铁2/9号线沿线，通勤半小时内。,倡导轻户外，周末常带家人自驾野营或山系徒步，注重生活情调与手作咖啡。,名下持有一套旧两居，置换回款 65% + 个人理财储蓄补充 + 公积金商业贷,重性价比，不盲信大牌，但要求物业管理有序、绿化修剪及时、人防技防规范。,常年本地稳定居住，工作日职住通勤动线规则单一。
上_2008_00072,上海,2008,金融精英,43,男,4.8,39.4,0.4,73.8,3,1,否,A,research,0.9,0.52,0.6,0.6,0.67,0.8,0.77,0.73,0.77,自住-首套,两室一厅,94,4231,老牌证券公司营业部经理,三口之家(学龄段),陆家嘴核心区江景大平层,无高端私密会所及管家式物业配套，圈层鱼龙混杂，高净值居住体验差。,讲究超高得房率（超85%），主卧套房必须配备独立步入式衣帽间与干湿分离双卫。,主要在陆家嘴/徐家汇CBD上班，首选地铁2/9号线沿线，通勤半小时内。,周末常去高端商圈消费，热衷打网球和马术，重度手冲咖啡及黑胶唱片发烧友。,夫妻双方积蓄 + 双方父母出资赞助首付 + 公积金商业组合贷款,非仁恒、绿城、万科等金牌开发商不买，极度看重高端精装质量与顶级物业的增值口碑。,常年本地稳定居住，工作日职住通勤动线规则单一。
上_2008_00073,上海,2008,本地改善,53,女,2.6,18.6,0.45,31.0,4,3,否,B,agent,0.79,0.64,0.63,0.53,0.7,0.95,0.43,0.7,0.58,自住-改善,两室两厅,79,3187,市第二中学地理教师,二胎黄金期中大户型,上海中环品质两居，车位及空间极其拥挤,小区无地下车库且人车不分流，小孩在楼下玩耍或者推婴儿车极为不安全。,讲究超高得房率（超85%），主卧套房必须配备独立步入式衣帽间与干湿分离双卫。,主要在陆家嘴/徐家汇CBD上班，首选地铁2/9号线沿线，通勤半小时内。,倡导轻户外，周末常带家人自驾野营或山系徒步，注重生活情调与手作咖啡。,名下持有一套旧两居，置换回款 65% + 个人理财储蓄补充 + 公积金商业贷,重性价比，不盲信大牌，但要求物业管理有序、绿化修剪及时、人防技防规范。,常年本地稳定居住，工作日职住通勤动线规则单一。
上_2008_00074,上海,2008,金融精英,48,女,2.9,26.4,0.4,49.6,3,0,是,A,research,0.52,0.28,0.47,0.6,0.67,0.79,0.7,0.75,0.73,自住-改善,两室一厅,64,4876,商业银行支行信贷科长,成熟期核心家庭,西湖边高精平层,当前房屋属于旧多层无电梯房，父母年纪渐高每天爬楼梯极为吃力。,讲究超高得房率（超85%），主卧套房必须配备独立步入式衣帽间与干湿分离双卫。,主要在陆家嘴/徐家汇CBD上班，首选地铁2/9号线沿线，通勤半小时内。,周末常去高端商圈消费，热衷打网球和马术，重度手冲咖啡及黑胶唱片发烧友。,名下已有企业股权套现或分红现金，一次性全款付清，基本不加杠杆,非仁恒、绿城、万科等金牌开发商不买，极度看重高端精装质量与顶级物业的增值口碑。,常年本地稳定居住，工作日职住通勤动线规则单一。
上_2008_00075,上海,2008,本地改善,49,女,1.5,11.1,0.45,18.5,5,2,否,B,agent,0.82,0.49,0.62,0.52,0.74,0.8,0.65,0.75,0.56,自住-改善,两室一厅,58,2299,区财政局科员,二胎黄金期中大户型,上海中环品质两居，车位及空间极其拥挤,小区无地下车库且人车不分流，小孩在楼下玩耍或者推婴儿车极为不安全。,讲究超高得房率（超85%），主卧套房必须配备独立步入式衣帽间与干湿分离双卫。,主要在陆家嘴/徐家汇CBD上班，首选地铁2/9号线沿线，通勤半小时内。,倡导轻户外，周末常带家人自驾野营或山系徒步，注重生活情调与手作咖啡。,名下持有一套旧两居，置换回款 65% + 个人理财储蓄补充 + 公积金商业贷,重性价比，不盲信大牌，但要求物业管理有序、绿化修剪及时、人防技防规范。,常年本地稳定居住，工作日职住通勤动线规则单一。
上_2008_00076,上海,2008,本地改善,49,女,1.5,17.2,0.45,28.6,4,1,是,B,agent,0.61,0.41,0.53,0.36,0.4,0.72,0.56,0.76,0.64,自住-改善,一室一厅,76,2268,国企车间技术主任,三口之家(学龄段),上海中环品质两居，车位及空间极其拥挤,小区无地下车库且人车不分流，小孩在楼下玩耍或者推婴儿车极为不安全。,讲究超高得房率（超85%），主卧套房必须配备独立步入式衣帽间与干湿分离双卫。,主要在陆家嘴/徐家汇CBD上班，首选地铁2/9号线沿线，通勤半小时内。,倡导轻户外，周末常带家人自驾野营或山系徒步，注重生活情调与手作咖啡。,名下持有一套旧两居，置换回款 65% + 个人理财储蓄补充 + 公积金商业贷,重性价比，不盲信大牌，但要求物业管理有序、绿化修剪及时、人防技防规范。,常年本地稳定居住，工作日职住通勤动线规则单一。
上_2008_00077,上海,2008,教育型买房,32,女,3.7,37.0,0.4,69.4,4,1,是,B,social,0.82,0.48,0.4,0.48,0.6,0.5,0.61,1.0,0.55,学区房,一室一厅,86,6414,区财政局科员,三口之家(幼龄段),上海中环品质两居，车位及空间极其拥挤,小区无地下车库且人车不分流，小孩在楼下玩耍或者推婴儿车极为不安全。,核心要求地块属于第一梯队名校学区，且周边500米内解决幼小衔接教育配套。,主要在陆家嘴/徐家汇CBD上班，首选地铁2/9号线沿线，通勤半小时内。,倡导轻户外，周末常带家人自驾野营或山系徒步，注重生活情调与手作咖啡。,名下持有一套旧两居，置换回款 65% + 个人理财储蓄补充 + 公积金商业贷,重性价比，不盲信大牌，但要求物业管理有序、绿化修剪及时、人防技防规范。,常年本地稳定居住，工作日职住通勤动线规则单一。
上_2008_00078,上海,2008,金融精英,35,女,7.4,52.4,0.4,98.3,3,1,否,A,research,0.71,0.47,0.76,0.77,0.6,0.72,0.72,0.8,0.98,自住-改善,两室两厅,94,9145,老牌证券公司营业部经理,三口之家(幼龄段),市中心私密洋房住宅,无高端私密会所及管家式物业配套，圈层鱼龙混杂，高净值居住体验差。,要求独立电梯入户，主次卧动线分明，配备独立保姆房和私密后院。,主要在陆家嘴/徐家汇CBD上班，首选地铁2/9号线沿线，通勤半小时内。,周末常去高端商圈消费，热衷打网球和马术，重度手冲咖啡及黑胶唱片发烧友。,名下已有企业股权套现或分红现金，一次性全款付清，基本不加杠杆,非仁恒、绿城、万科等金牌开发商不买，极度看重高端精装质量与顶级物业的增值口碑。,常年本地稳定居住，工作日职住通勤动线规则单一。
上_2008_00079,上海,2008,教育型买房,46,女,2.3,21.9,0.4,41.1,2,0,是,B,social,0.97,0.58,0.45,0.49,0.53,0.77,0.54,0.86,0.45,学区房,一室一厅,91,3539,市第二中学地理教师,成熟期核心家庭,上海中环品质两居，车位及空间极其拥挤,当前房屋属于旧多层无电梯房，父母年纪渐高每天爬楼梯极为吃力。,讲究超高得房率（超85%），主卧套房必须配备独立步入式衣帽间与干湿分离双卫。,主要在陆家嘴/徐家汇CBD上班，首选地铁2/9号线沿线，通勤半小时内。,倡导轻户外，周末常带家人自驾野营或山系徒步，注重生活情调与手作咖啡。,名下持有一套旧两居，置换回款 65% + 个人理财储蓄补充 + 公积金商业贷,重性价比，不盲信大牌，但要求物业管理有序、绿化修剪及时、人防技防规范。,常年本地稳定居住，工作日职住通勤动线规则单一。
上_2008_00080,上海,2008,本地改善,43,男,3.1,25.4,0.45,42.3,3,2,是,B,agent,0.73,0.3,0.61,0.42,0.48,0.95,0.64,0.58,0.73,自住-改善,两室一厅,74,3518,区财政局科员,二胎黄金期中大户型,上海中环品质两居，车位及空间极其拥挤,小区无地下车库且人车不分流，小孩在楼下玩耍或者推婴儿车极为不安全。,讲究超高得房率（超85%），主卧套房必须配备独立步入式衣帽间与干湿分离双卫。,主要在陆家嘴/徐家汇CBD上班，首选地铁2/9号线沿线，通勤半小时内。,倡导轻户外，周末常带家人自驾野营或山系徒步，注重生活情调与手作咖啡。,名下持有一套旧两居，置换回款 65% + 个人理财储蓄补充 + 公积金商业贷,非仁恒、绿城、万科等金牌开发商不买，极度看重高端精装质量与顶级物业的增值口碑。,常年本地稳定居住，工作日职住通勤动线规则单一。
上_2008_00081,上海,2008,金融精英,40,女,1.0,7.7,0.4,14.5,2,1,否,A,research,0.82,0.6,0.63,0.83,0.76,0.78,0.72,0.75,0.71,自住-改善,两室一厅,94,1054,申银万国证券分析员,三口之家(学龄段),西湖边高精平层,无高端私密会所及管家式物业配套，圈层鱼龙混杂，高净值居住体验差。,要求独立电梯入户，主次卧动线分明，配备独立保姆房和私密后院。,主要在陆家嘴/徐家汇CBD上班，首选地铁2/9号线沿线，通勤半小时内。,周末常去高端商圈消费，热衷打网球和马术，重度手冲咖啡及黑胶唱片发烧友。,名下已有企业股权套现或分红现金，一次性全款付清，基本不加杠杆,非仁恒、绿城、万科等金牌开发商不买，极度看重高端精装质量与顶级物业的增值口碑。,常年本地稳定居住，工作日职住通勤动线规则单一。
上_2008_00082,上海,2008,金融精英,41,女,6.7,39.1,0.4,73.3,3,2,否,A,research,0.93,0.45,0.67,0.63,0.89,0.82,0.55,0.78,0.81,自住-改善,两室两厅,86,5534,申银万国证券分析员,二胎黄金期中大户型,陆家嘴核心区江景大平层,无高端私密会所及管家式物业配套，圈层鱼龙混杂，高净值居住体验差。,讲究超高得房率（超85%），主卧套房必须配备独立步入式衣帽间与干湿分离双卫。,主要在陆家嘴/徐家汇CBD上班，首选地铁2/9号线沿线，通勤半小时内。,周末常去高端商圈消费，热衷打网球和马术，重度手冲咖啡及黑胶唱片发烧友。,名下已有企业股权套现或分红现金，一次性全款付清，基本不加杠杆,非仁恒、绿城、万科等金牌开发商不买，极度看重高端精装质量与顶级物业的增值口碑。,常年本地稳定居住，工作日职住通勤动线规则单一。
上_2008_00083,上海,2008,外籍海归,33,男,6.4,34.2,0.4,64.1,3,2,否,A,social,0.62,0.54,0.61,0.45,0.86,0.84,0.54,0.8,0.75,婚房,两室两厅,84,6026,外企驻沪办事处代表,二胎黄金期中大户型,市中心私密洋房住宅,无高端私密会所及管家式物业配套，圈层鱼龙混杂，高净值居住体验差。,讲究超高得房率（超85%），主卧套房必须配备独立步入式衣帽间与干湿分离双卫。,主要在陆家嘴/徐家汇CBD上班，首选地铁2/9号线沿线，通勤半小时内。,周末常去高端商圈消费，热衷打网球和马术，重度手冲咖啡及黑胶唱片发烧友。,夫妻双方积蓄 + 双方父母出资赞助首付 + 公积金商业组合贷款,非仁恒、绿城、万科等金牌开发商不买，极度看重高端精装质量与顶级物业的增值口碑。,常年本地稳定居住，工作日职住通勤动线规则单一。
上_2008_00084,上海,2008,本地改善,41,女,1.0,12.0,0.45,20.0,5,3,否,B,agent,0.68,0.51,0.51,0.28,0.46,1,0.49,0.71,0.68,自住-改善,两室两厅,93,1682,区财政局科员,二胎黄金期中大户型,上海中环品质两居，车位及空间极其拥挤,小区无地下车库且人车不分流，小孩在楼下玩耍或者推婴儿车极为不安全。,讲究超高得房率（超85%），主卧套房必须配备独立步入式衣帽间与干湿分离双卫。,主要在陆家嘴/徐家汇CBD上班，首选地铁2/9号线沿线，通勤半小时内。,倡导轻户外，周末常带家人自驾野营或山系徒步，注重生活情调与手作咖啡。,名下持有一套旧两居，置换回款 65% + 个人理财储蓄补充 + 公积金商业贷,重性价比，不盲信大牌，但要求物业管理有序、绿化修剪及时、人防技防规范。,常年本地稳定居住，工作日职住通勤动线规则单一。
上_2008_00085,上海,2008,教育型买房,36,女,3.2,32.8,0.4,61.5,3,1,是,B,social,1.0,0.6,0.58,0.48,0.56,0.66,0.53,0.82,0.67,学区房,两室两厅,88,5357,国企车间技术主任,三口之家(幼龄段),上海中环品质两居，车位及空间极其拥挤,小区无地下车库且人车不分流，小孩在楼下玩耍或者推婴儿车极为不安全。,核心要求地块属于第一梯队名校学区，且周边500米内解决幼小衔接教育配套。,主要在陆家嘴/徐家汇CBD上班，首选地铁2/9号线沿线，通勤半小时内。,倡导轻户外，周末常带家人自驾野营或山系徒步，注重生活情调与手作咖啡。,名下持有一套旧两居，置换回款 65% + 个人理财储蓄补充 + 公积金商业贷,重性价比，不盲信大牌，但要求物业管理有序、绿化修剪及时、人防技防规范。,常年本地稳定居住，工作日职住通勤动线规则单一。
上_2008_00086,上海,2008,外籍海归,37,女,3.7,26.7,0.4,50.1,2,1,否,A,social,1,0.4,0.65,0.5,0.81,0.88,0.63,0.86,0.79,自住-首套,两室两厅,83,5095,外企驻沪办事处代表,三口之家(幼龄段),市中心私密洋房住宅,无高端私密会所及管家式物业配套，圈层鱼龙混杂，高净值居住体验差。,讲究超高得房率（超85%），主卧套房必须配备独立步入式衣帽间与干湿分离双卫。,主要在陆家嘴/徐家汇CBD上班，首选地铁2/9号线沿线，通勤半小时内。,周末常去高端商圈消费，热衷打网球和马术，重度手冲咖啡及黑胶唱片发烧友。,夫妻双方积蓄 + 双方父母出资赞助首付 + 公积金商业组合贷款,非仁恒、绿城、万科等金牌开发商不买，极度看重高端精装质量与顶级物业的增值口碑。,常年本地稳定居住，工作日职住通勤动线规则单一。
上_2008_00087,上海,2008,本地改善,42,女,1.2,14.8,0.45,24.6,4,3,否,B,agent,0.76,0.44,0.49,0.42,0.47,0.89,0.71,0.7,0.55,自住-改善,两室两厅,52,3659,国企车间技术主任,二胎黄金期中大户型,上海中环品质两居，车位及空间极其拥挤,小区无地下车库且人车不分流，小孩在楼下玩耍或者推婴儿车极为不安全。,讲究超高得房率（超85%），主卧套房必须配备独立步入式衣帽间与干湿分离双卫。,主要在陆家嘴/徐家汇CBD上班，首选地铁2/9号线沿线，通勤半小时内。,倡导轻户外，周末常带家人自驾野营或山系徒步，注重生活情调与手作咖啡。,名下持有一套旧两居，置换回款 65% + 个人理财储蓄补充 + 公积金商业贷,重性价比，不盲信大牌，但要求物业管理有序、绿化修剪及时、人防技防规范。,常年本地稳定居住，工作日职住通勤动线规则单一。
上_2008_00088,上海,2008,长三角家庭,37,男,3.5,29.5,0.45,49.1,4,2,是,B,agent,0.85,0.54,0.64,0.46,0.43,0.95,0.38,0.82,0.66,自住-改善,两室两厅,97,2756,区财政局科员,二胎黄金期中大户型,上海中环品质两居，车位及空间极其拥挤,小区无地下车库且人车不分流，小孩在楼下玩耍或者推婴儿车极为不安全。,讲究超高得房率（超85%），主卧套房必须配备独立步入式衣帽间与干湿分离双卫。,主要在陆家嘴/徐家汇CBD上班，首选地铁2/9号线沿线，通勤半小时内。,倡导轻户外，周末常带家人自驾野营或山系徒步，注重生活情调与手作咖啡。,名下持有一套旧两居，置换回款 65% + 个人理财储蓄补充 + 公积金商业贷,重性价比，不盲信大牌，但要求物业管理有序、绿化修剪及时、人防技防规范。,常年本地稳定居住，工作日职住通勤动线规则单一。
上_2008_00089,上海,2008,本地改善,41,女,2.9,24.3,0.45,40.5,5,3,是,B,agent,0.54,0.53,0.56,0.56,0.53,0.75,0.57,0.79,0.69,自住-改善,两室一厅,75,4444,区财政局科员,二胎黄金期中大户型,上海中环品质两居，车位及空间极其拥挤,小区无地下车库且人车不分流，小孩在楼下玩耍或者推婴儿车极为不安全。,讲究超高得房率（超85%），主卧套房必须配备独立步入式衣帽间与干湿分离双卫。,主要在陆家嘴/徐家汇CBD上班，首选地铁2/9号线沿线，通勤半小时内。,倡导轻户外，周末常带家人自驾野营或山系徒步，注重生活情调与手作咖啡。,名下持有一套旧两居，置换回款 65% + 个人理财储蓄补充 + 公积金商业贷,重性价比，不盲信大牌，但要求物业管理有序、绿化修剪及时、人防技防规范。,常年本地稳定居住，工作日职住通勤动线规则单一。
上_2008_00090,上海,2008,本地改善,53,女,1.7,15.1,0.45,25.2,3,2,是,B,agent,0.62,0.52,0.62,0.49,0.42,0.98,0.63,0.79,0.62,自住-改善,一室一厅,73,2922,邮政局局长秘书,二胎黄金期中大户型,上海中环品质两居，车位及空间极其拥挤,小区无地下车库且人车不分流，小孩在楼下玩耍或者推婴儿车极为不安全。,讲究超高得房率（超85%），主卧套房必须配备独立步入式衣帽间与干湿分离双卫。,主要在陆家嘴/徐家汇CBD上班，首选地铁2/9号线沿线，通勤半小时内。,倡导轻户外，周末常带家人自驾野营或山系徒步，注重生活情调与手作咖啡。,名下持有一套旧两居，置换回款 65% + 个人理财储蓄补充 + 公积金商业贷,重性价比，不盲信大牌，但要求物业管理有序、绿化修剪及时、人防技防规范。,常年本地稳定居住，工作日职住通勤动线规则单一。
上_2008_00091,上海,2008,金融精英,46,男,3.9,26.2,0.4,49.1,3,1,是,A,research,0.77,0.48,0.64,0.56,0.74,0.87,0.6,0.88,0.75,自住-首套,一室一厅,85,3120,商业银行支行信贷科长,三口之家(学龄段),西湖边高精平层,当前房屋属于旧多层无电梯房，父母年纪渐高每天爬楼梯极为吃力。,讲究超高得房率（超85%），主卧套房必须配备独立步入式衣帽间与干湿分离双卫。,主要在陆家嘴/徐家汇CBD上班，首选地铁2/9号线沿线，通勤半小时内。,周末常去高端商圈消费，热衷打网球和马术，重度手冲咖啡及黑胶唱片发烧友。,夫妻双方积蓄 + 双方父母出资赞助首付 + 公积金商业组合贷款,非仁恒、绿城、万科等金牌开发商不买，极度看重高端精装质量与顶级物业的增值口碑。,常年本地稳定居住，工作日职住通勤动线规则单一。
上_2008_00092,上海,2008,金融精英,45,男,7.7,60.2,0.4,112.9,3,1,是,A,research,1,0.6,0.76,0.61,0.71,0.87,0.72,0.89,0.82,自住-首套,两室两厅,63,11769,商业银行支行信贷科长,三口之家(学龄段),西湖边高精平层,当前房屋属于旧多层无电梯房，父母年纪渐高每天爬楼梯极为吃力。,要求有超大面宽南向双阳台（观景家政分离），主卧大飘窗能270度直面自然景观。,主要在陆家嘴/徐家汇CBD上班，首选地铁2/9号线沿线，通勤半小时内。,周末常去高端商圈消费，热衷打网球和马术，重度手冲咖啡及黑胶唱片发烧友。,夫妻双方积蓄 + 双方父母出资赞助首付 + 公积金商业组合贷款,非仁恒、绿城、万科等金牌开发商不买，极度看重高端精装质量与顶级物业的增值口碑。,常年本地稳定居住，工作日职住通勤动线规则单一。
上_2008_00093,上海,2008,本地改善,56,女,2.2,18.6,0.45,31.0,4,2,否,B,agent,0.53,0.49,0.49,0.33,0.39,0.87,0.63,0.56,0.53,自住-改善,一室一厅,93,2382,国企车间技术主任,二胎黄金期中大户型,上海中环品质两居，车位及空间极其拥挤,小区无地下车库且人车不分流，小孩在楼下玩耍或者推婴儿车极为不安全。,讲究超高得房率（超85%），主卧套房必须配备独立步入式衣帽间与干湿分离双卫。,主要在陆家嘴/徐家汇CBD上班，首选地铁2/9号线沿线，通勤半小时内。,倡导轻户外，周末常带家人自驾野营或山系徒步，注重生活情调与手作咖啡。,名下持有一套旧两居，置换回款 65% + 个人理财储蓄补充 + 公积金商业贷,重性价比，不盲信大牌，但要求物业管理有序、绿化修剪及时、人防技防规范。,常年本地稳定居住，工作日职住通勤动线规则单一。
上_2008_00094,上海,2008,本地改善,45,男,3.1,32.7,0.45,54.5,4,3,否,B,agent,0.68,0.54,0.49,0.6,0.53,0.83,0.7,0.65,0.52,自住-改善,两室一厅,53,5293,国企车间技术主任,二胎黄金期中大户型,上海中环品质两居，车位及空间极其拥挤,小区无地下车库且人车不分流，小孩在楼下玩耍或者推婴儿车极为不安全。,讲究超高得房率（超85%），主卧套房必须配备独立步入式衣帽间与干湿分离双卫。,主要在陆家嘴/徐家汇CBD上班，首选地铁2/9号线沿线，通勤半小时内。,倡导轻户外，周末常带家人自驾野营或山系徒步，注重生活情调与手作咖啡。,名下持有一套旧两居，置换回款 65% + 个人理财储蓄补充 + 公积金商业贷,重性价比，不盲信大牌，但要求物业管理有序、绿化修剪及时、人防技防规范。,常年本地稳定居住，工作日职住通勤动线规则单一。
上_2008_00095,上海,2008,本地改善,44,女,4.3,55.0,0.45,91.7,4,3,否,B,agent,0.95,0.39,0.44,0.42,0.53,0.69,0.68,0.8,0.64,自住-改善,一室一厅,74,10084,邮政局局长秘书,二胎黄金期中大户型,上海中环品质两居，车位及空间极其拥挤,小区无地下车库且人车不分流，小孩在楼下玩耍或者推婴儿车极为不安全。,核心要求地块属于第一梯队名校学区，且周边500米内解决幼小衔接教育配套。,主要在陆家嘴/徐家汇CBD上班，首选地铁2/9号线沿线，通勤半小时内。,倡导轻户外，周末常带家人自驾野营或山系徒步，注重生活情调与手作咖啡。,名下持有一套旧两居，置换回款 65% + 个人理财储蓄补充 + 公积金商业贷,重性价比，不盲信大牌，但要求物业管理有序、绿化修剪及时、人防技防规范。,常年本地稳定居住，工作日职住通勤动线规则单一。
上_2008_00096,上海,2008,金融精英,39,男,7.5,77.0,0.4,144.4,4,1,否,A,research,0.68,0.47,0.59,0.63,0.51,0.74,0.71,0.83,0.85,自住-改善,一室一厅,91,13763,老牌证券公司营业部经理,三口之家(学龄段),市中心私密洋房住宅,无高端私密会所及管家式物业配套，圈层鱼龙混杂，高净值居住体验差。,讲究超高得房率（超85%），主卧套房必须配备独立步入式衣帽间与干湿分离双卫。,主要在陆家嘴/徐家汇CBD上班，首选地铁2/9号线沿线，通勤半小时内。,周末常去高端商圈消费，热衷打网球和马术，重度手冲咖啡及黑胶唱片发烧友。,名下已有企业股权套现或分红现金，一次性全款付清，基本不加杠杆,非仁恒、绿城、万科等金牌开发商不买，极度看重高端精装质量与顶级物业的增值口碑。,常年本地稳定居住，工作日职住通勤动线规则单一。
上_2008_00097,上海,2008,本地改善,53,男,1.8,22.8,0.45,38.0,4,2,否,B,agent,0.57,0.39,0.51,0.51,0.75,0.79,0.52,0.76,0.72,自住-改善,两室两厅,52,3659,邮政局局长秘书,二胎黄金期中大户型,上海中环品质两居，车位及空间极其拥挤,小区无地下车库且人车不分流，小孩在楼下玩耍或者推婴儿车极为不安全。,讲究超高得房率（超85%），主卧套房必须配备独立步入式衣帽间与干湿分离双卫。,主要在陆家嘴/徐家汇CBD上班，首选地铁2/9号线沿线，通勤半小时内。,倡导轻户外，周末常带家人自驾野营或山系徒步，注重生活情调与手作咖啡。,名下持有一套旧两居，置换回款 65% + 个人理财储蓄补充 + 公积金商业贷,非仁恒、绿城、万科等金牌开发商不买，极度看重高端精装质量与顶级物业的增值口碑。,常年本地稳定居住，工作日职住通勤动线规则单一。
上_2008_00098,上海,2008,金融精英,36,男,4.4,36.0,0.4,67.4,3,1,否,A,research,0.74,0.47,0.61,0.68,0.88,0.75,0.7,0.85,0.79,自住-改善,两室一厅,58,7252,商业银行支行信贷科长,三口之家(幼龄段),西湖边高精平层,无高端私密会所及管家式物业配套，圈层鱼龙混杂，高净值居住体验差。,讲究超高得房率（超85%），主卧套房必须配备独立步入式衣帽间与干湿分离双卫。,主要在陆家嘴/徐家汇CBD上班，首选地铁2/9号线沿线，通勤半小时内。,周末常去高端商圈消费，热衷打网球和马术，重度手冲咖啡及黑胶唱片发烧友。,名下已有企业股权套现或分红现金，一次性全款付清，基本不加杠杆,非仁恒、绿城、万科等金牌开发商不买，极度看重高端精装质量与顶级物业的增值口碑。,常年本地稳定居住，工作日职住通勤动线规则单一。
上_2008_00099,上海,2008,本地改善,43,男,1.5,13.7,0.45,22.9,5,2,是,B,agent,0.66,0.39,0.43,0.62,0.69,0.85,0.56,0.64,0.48,自住-改善,一室一厅,66,2417,区财政局科员,二胎黄金期中大户型,上海中环品质两居，车位及空间极其拥挤,小区无地下车库且人车不分流，小孩在楼下玩耍或者推婴儿车极为不安全。,讲究超高得房率（超85%），主卧套房必须配备独立步入式衣帽间与干湿分离双卫。,主要在陆家嘴/徐家汇CBD上班，首选地铁2/9号线沿线，通勤半小时内。,倡导轻户外，周末常带家人自驾野营或山系徒步，注重生活情调与手作咖啡。,名下持有一套旧两居，置换回款 65% + 个人理财储蓄补充 + 公积金商业贷,重性价比，不盲信大牌，但要求物业管理有序、绿化修剪及时、人防技防规范。,常年本地稳定居住，工作日职住通勤动线规则单一。
上_2008_00100,上海,2008,本地改善,57,男,3.2,35.8,0.45,59.7,3,3,是,B,agent,0.79,0.49,0.58,0.47,0.53,0.77,0.68,0.76,0.52,自住-改善,一室一厅,83,6257,邮政局局长秘书,二胎黄金期中大户型,上海中环品质两居，车位及空间极其拥挤,小区无地下车库且人车不分流，小孩在楼下玩耍或者推婴儿车极为不安全。,讲究超高得房率（超85%），主卧套房必须配备独立步入式衣帽间与干湿分离双卫。,主要在陆家嘴/徐家汇CBD上班，首选地铁2/9号线沿线，通勤半小时内。,倡导轻户外，周末常带家人自驾野营或山系徒步，注重生活情调与手作咖啡。,名下持有一套旧两居，置换回款 65% + 个人理财储蓄补充 + 公积金商业贷,重性价比，不盲信大牌，但要求物业管理有序、绿化修剪及时、人防技防规范。,常年本地稳定居住，工作日职住通勤动线规则单一。
上_2008_00101,上海,2008,教育型买房,41,女,5.7,41.2,0.4,77.3,3,1,否,B,social,1,0.47,0.31,0.47,0.53,0.72,0.38,0.97,0.61,学区房,两室两厅,84,4782,国企车间技术主任,三口之家(学龄段),上海中环品质两居，车位及空间极其拥挤,小区无地下车库且人车不分流，小孩在楼下玩耍或者推婴儿车极为不安全。,讲究超高得房率（超85%），主卧套房必须配备独立步入式衣帽间与干湿分离双卫。,主要在陆家嘴/徐家汇CBD上班，首选地铁2/9号线沿线，通勤半小时内。,倡导轻户外，周末常带家人自驾野营或山系徒步，注重生活情调与手作咖啡。,名下持有一套旧两居，置换回款 65% + 个人理财储蓄补充 + 公积金商业贷,重性价比，不盲信大牌，但要求物业管理有序、绿化修剪及时、人防技防规范。,常年本地稳定居住，工作日职住通勤动线规则单一。
上_2008_00102,上海,2008,金融精英,49,男,4.3,29.1,0.4,54.5,2,1,否,A,research,0.9,0.51,0.66,0.65,0.81,0.69,0.81,0.93,0.85,自住-改善,两室两厅,89,3296,老牌证券公司营业部经理,三口之家(学龄段),市中心私密洋房住宅,无高端私密会所及管家式物业配套，圈层鱼龙混杂，高净值居住体验差。,核心要求地块属于第一梯队名校学区，且周边500米内解决幼小衔接教育配套。,主要在陆家嘴/徐家汇CBD上班，首选地铁2/9号线沿线，通勤半小时内。,周末常去高端商圈消费，热衷打网球和马术，重度手冲咖啡及黑胶唱片发烧友。,名下已有企业股权套现或分红现金，一次性全款付清，基本不加杠杆,非仁恒、绿城、万科等金牌开发商不买，极度看重高端精装质量与顶级物业的增值口碑。,常年本地稳定居住，工作日职住通勤动线规则单一。
上_2008_00103,上海,2008,长三角家庭,36,女,2.8,24.4,0.45,40.7,4,2,否,B,agent,0.9,0.47,0.57,0.52,0.32,0.74,0.39,0.63,0.74,自住-改善,两室一厅,99,2906,国企车间技术主任,二胎黄金期中大户型,上海中环品质两居，车位及空间极其拥挤,小区无地下车库且人车不分流，小孩在楼下玩耍或者推婴儿车极为不安全。,讲究超高得房率（超85%），主卧套房必须配备独立步入式衣帽间与干湿分离双卫。,主要在陆家嘴/徐家汇CBD上班，首选地铁2/9号线沿线，通勤半小时内。,倡导轻户外，周末常带家人自驾野营或山系徒步，注重生活情调与手作咖啡。,名下持有一套旧两居，置换回款 65% + 个人理财储蓄补充 + 公积金商业贷,非仁恒、绿城、万科等金牌开发商不买，极度看重高端精装质量与顶级物业的增值口碑。,常年本地稳定居住，工作日职住通勤动线规则单一。
上_2008_00104,上海,2008,教育型买房,35,女,5.3,53.6,0.4,100.4,3,1,否,B,social,0.75,0.34,0.38,0.49,0.55,0.74,0.71,0.95,0.5,学区房,两室两厅,79,10229,国企车间技术主任,三口之家(幼龄段),上海中环品质两居，车位及空间极其拥挤,小区无地下车库且人车不分流，小孩在楼下玩耍或者推婴儿车极为不安全。,讲究超高得房率（超85%），主卧套房必须配备独立步入式衣帽间与干湿分离双卫。,主要在陆家嘴/徐家汇CBD上班，首选地铁2/9号线沿线，通勤半小时内。,倡导轻户外，周末常带家人自驾野营或山系徒步，注重生活情调与手作咖啡。,名下持有一套旧两居，置换回款 65% + 个人理财储蓄补充 + 公积金商业贷,重性价比，不盲信大牌，但要求物业管理有序、绿化修剪及时、人防技防规范。,常年本地稳定居住，工作日职住通勤动线规则单一。
上_2008_00105,上海,2008,本地改善,57,女,2.7,23.3,0.45,38.9,4,2,否,B,agent,0.75,0.52,0.55,0.57,0.54,0.99,0.63,0.73,0.7,自住-改善,两室两厅,93,3372,市第二中学地理教师,二胎黄金期中大户型,上海中环品质两居，车位及空间极其拥挤,小区无地下车库且人车不分流，小孩在楼下玩耍或者推婴儿车极为不安全。,讲究超高得房率（超85%），主卧套房必须配备独立步入式衣帽间与干湿分离双卫。,主要在陆家嘴/徐家汇CBD上班，首选地铁2/9号线沿线，通勤半小时内。,倡导轻户外，周末常带家人自驾野营或山系徒步，注重生活情调与手作咖啡。,名下持有一套旧两居，置换回款 65% + 个人理财储蓄补充 + 公积金商业贷,重性价比，不盲信大牌，但要求物业管理有序、绿化修剪及时、人防技防规范。,常年本地稳定居住，工作日职住通勤动线规则单一。
上_2008_00106,上海,2008,本地改善,52,男,1.7,13.0,0.45,21.7,4,2,是,B,agent,0.88,0.47,0.47,0.58,0.51,0.94,0.54,0.7,0.66,自住-改善,两室两厅,88,1887,邮政局局长秘书,二胎黄金期中大户型,上海中环品质两居，车位及空间极其拥挤,小区无地下车库且人车不分流，小孩在楼下玩耍或者推婴儿车极为不安全。,讲究超高得房率（超85%），主卧套房必须配备独立步入式衣帽间与干湿分离双卫。,主要在陆家嘴/徐家汇CBD上班，首选地铁2/9号线沿线，通勤半小时内。,倡导轻户外，周末常带家人自驾野营或山系徒步，注重生活情调与手作咖啡。,名下持有一套旧两居，置换回款 65% + 个人理财储蓄补充 + 公积金商业贷,重性价比，不盲信大牌，但要求物业管理有序、绿化修剪及时、人防技防规范。,常年本地稳定居住，工作日职住通勤动线规则单一。
上_2008_00107,上海,2008,金融精英,47,女,5.0,30.0,0.4,56.3,2,0,否,A,research,1,0.51,0.71,0.74,0.83,0.77,0.67,0.74,0.7,自住-改善,两室两厅,87,5147,申银万国证券分析员,成熟期核心家庭,西湖边高精平层,无高端私密会所及管家式物业配套，圈层鱼龙混杂，高净值居住体验差。,要求独立电梯入户，主次卧动线分明，配备独立保姆房和私密后院。,主要在陆家嘴/徐家汇CBD上班，首选地铁2/9号线沿线，通勤半小时内。,周末常去高端商圈消费，热衷打网球和马术，重度手冲咖啡及黑胶唱片发烧友。,名下已有企业股权套现或分红现金，一次性全款付清，基本不加杠杆,非仁恒、绿城、万科等金牌开发商不买，极度看重高端精装质量与顶级物业的增值口碑。,常年本地稳定居住，工作日职住通勤动线规则单一。
上_2008_00108,上海,2008,金融精英,38,男,3.5,28.6,0.4,53.6,3,2,是,A,research,1,0.38,0.71,0.5,0.72,0.75,0.69,0.73,0.72,自住-首套,一室一厅,91,4563,申银万国证券分析员,二胎黄金期中大户型,市中心私密洋房住宅,当前房屋属于旧多层无电梯房，父母年纪渐高每天爬楼梯极为吃力。,要求有超大面宽南向双阳台（观景家政分离），主卧大飘窗能270度直面自然景观。,主要在陆家嘴/徐家汇CBD上班，首选地铁2/9号线沿线，通勤半小时内。,周末常去高端商圈消费，热衷打网球和马术，重度手冲咖啡及黑胶唱片发烧友。,夫妻双方积蓄 + 双方父母出资赞助首付 + 公积金商业组合贷款,非仁恒、绿城、万科等金牌开发商不买，极度看重高端精装质量与顶级物业的增值口碑。,常年本地稳定居住，工作日职住通勤动线规则单一。
上_2008_00109,上海,2008,长三角家庭,52,男,1.5,8.6,0.45,14.3,4,2,否,B,agent,0.86,0.48,0.65,0.42,0.5,0.87,0.33,0.67,0.72,自住-首套,两室两厅,96,757,国企车间技术主任,二胎黄金期中大户型,上海中环品质两居，车位及空间极其拥挤,小区无地下车库且人车不分流，小孩在楼下玩耍或者推婴儿车极为不安全。,讲究超高得房率（超85%），主卧套房必须配备独立步入式衣帽间与干湿分离双卫。,主要在陆家嘴/徐家汇CBD上班，首选地铁2/9号线沿线，通勤半小时内。,倡导轻户外，周末常带家人自驾野营或山系徒步，注重生活情调与手作咖啡。,夫妻双方积蓄 + 双方父母出资赞助首付 + 公积金商业组合贷款,非仁恒、绿城、万科等金牌开发商不买，极度看重高端精装质量与顶级物业的增值口碑。,常年本地稳定居住，工作日职住通勤动线规则单一。
上_2008_00110,上海,2008,金融精英,45,男,4.3,36.6,0.4,68.6,3,1,是,A,research,0.77,0.47,0.72,0.6,0.82,0.8,0.84,0.92,0.79,自住-首套,两室一厅,93,4736,老牌证券公司营业部经理,三口之家(学龄段),陆家嘴核心区江景大平层,当前房屋属于旧多层无电梯房，父母年纪渐高每天爬楼梯极为吃力。,要求有超大面宽南向双阳台（观景家政分离），主卧大飘窗能270度直面自然景观。,主要在陆家嘴/徐家汇CBD上班，首选地铁2/9号线沿线，通勤半小时内。,周末常去高端商圈消费，热衷打网球和马术，重度手冲咖啡及黑胶唱片发烧友。,夫妻双方积蓄 + 双方父母出资赞助首付 + 公积金商业组合贷款,非仁恒、绿城、万科等金牌开发商不买，极度看重高端精装质量与顶级物业的增值口碑。,常年本地稳定居住，工作日职住通勤动线规则单一。
上_2008_00111,上海,2008,本地改善,56,女,3.1,34.3,0.45,57.2,4,2,否,B,agent,0.84,0.38,0.45,0.46,0.44,0.72,0.79,0.63,0.44,自住-改善,一室一厅,95,4176,市第二中学地理教师,二胎黄金期中大户型,上海中环品质两居，车位及空间极其拥挤,小区无地下车库且人车不分流，小孩在楼下玩耍或者推婴儿车极为不安全。,讲究超高得房率（超85%），主卧套房必须配备独立步入式衣帽间与干湿分离双卫。,主要在陆家嘴/徐家汇CBD上班，首选地铁2/9号线沿线，通勤半小时内。,倡导轻户外，周末常带家人自驾野营或山系徒步，注重生活情调与手作咖啡。,名下持有一套旧两居，置换回款 65% + 个人理财储蓄补充 + 公积金商业贷,重性价比，不盲信大牌，但要求物业管理有序、绿化修剪及时、人防技防规范。,常年本地稳定居住，工作日职住通勤动线规则单一。
上_2008_00112,上海,2008,本地改善,55,男,3.0,26.5,0.45,44.2,4,3,否,B,agent,0.59,0.49,0.62,0.45,0.54,0.95,0.55,0.88,0.54,自住-改善,两室两厅,89,3415,区财政局科员,二胎黄金期中大户型,上海中环品质两居，车位及空间极其拥挤,小区无地下车库且人车不分流，小孩在楼下玩耍或者推婴儿车极为不安全。,讲究超高得房率（超85%），主卧套房必须配备独立步入式衣帽间与干湿分离双卫。,主要在陆家嘴/徐家汇CBD上班，首选地铁2/9号线沿线，通勤半小时内。,倡导轻户外，周末常带家人自驾野营或山系徒步，注重生活情调与手作咖啡。,名下持有一套旧两居，置换回款 65% + 个人理财储蓄补充 + 公积金商业贷,重性价比，不盲信大牌，但要求物业管理有序、绿化修剪及时、人防技防规范。,常年本地稳定居住，工作日职住通勤动线规则单一。
上_2008_00113,上海,2008,教育型买房,45,男,3.5,29.9,0.4,56.1,2,1,否,B,social,0.72,0.48,0.47,0.31,0.48,0.7,0.66,0.98,0.53,学区房,两室一厅,100,3134,邮政局局长秘书,三口之家(学龄段),上海中环品质两居，车位及空间极其拥挤,小区无地下车库且人车不分流，小孩在楼下玩耍或者推婴儿车极为不安全。,核心要求地块属于第一梯队名校学区，且周边500米内解决幼小衔接教育配套。,主要在陆家嘴/徐家汇CBD上班，首选地铁2/9号线沿线，通勤半小时内。,倡导轻户外，周末常带家人自驾野营或山系徒步，注重生活情调与手作咖啡。,名下持有一套旧两居，置换回款 65% + 个人理财储蓄补充 + 公积金商业贷,重性价比，不盲信大牌，但要求物业管理有序、绿化修剪及时、人防技防规范。,常年本地稳定居住，工作日职住通勤动线规则单一。
上_2008_00114,上海,2008,金融精英,34,男,7.7,46.5,0.4,87.3,3,1,否,A,research,0.75,0.39,0.65,0.58,0.73,0.7,0.73,0.8,0.88,婚房,两室一厅,85,7999,老牌证券公司营业部经理,三口之家(幼龄段),市中心私密洋房住宅,无高端私密会所及管家式物业配套，圈层鱼龙混杂，高净值居住体验差。,讲究超高得房率（超85%），主卧套房必须配备独立步入式衣帽间与干湿分离双卫。,主要在陆家嘴/徐家汇CBD上班，首选地铁2/9号线沿线，通勤半小时内。,周末常去高端商圈消费，热衷打网球和马术，重度手冲咖啡及黑胶唱片发烧友。,夫妻双方积蓄 + 双方父母出资赞助首付 + 公积金商业组合贷款,非仁恒、绿城、万科等金牌开发商不买，极度看重高端精装质量与顶级物业的增值口碑。,常年本地稳定居住，工作日职住通勤动线规则单一。
上_2008_00115,上海,2008,长三角家庭,40,女,2.2,17.0,0.45,28.3,5,3,是,B,agent,0.83,0.5,0.69,0.39,0.4,0.75,0.38,0.65,0.71,自住-改善,一室一厅,86,1799,市第二中学地理教师,二胎黄金期中大户型,上海中环品质两居，车位及空间极其拥挤,小区无地下车库且人车不分流，小孩在楼下玩耍或者推婴儿车极为不安全。,讲究超高得房率（超85%），主卧套房必须配备独立步入式衣帽间与干湿分离双卫。,主要在陆家嘴/徐家汇CBD上班，首选地铁2/9号线沿线，通勤半小时内。,倡导轻户外，周末常带家人自驾野营或山系徒步，注重生活情调与手作咖啡。,名下持有一套旧两居，置换回款 65% + 个人理财储蓄补充 + 公积金商业贷,非仁恒、绿城、万科等金牌开发商不买，极度看重高端精装质量与顶级物业的增值口碑。,常年本地稳定居住，工作日职住通勤动线规则单一。
上_2008_00116,上海,2008,教育型买房,35,女,2.7,23.1,0.4,43.3,3,0,否,B,social,0.94,0.52,0.48,0.38,0.57,0.79,0.53,1,0.6,学区房,两室两厅,62,5095,市第二中学地理教师,新婚过渡两居,上海中环品质两居，车位及空间极其拥挤,老小区隔音差，邻里滋扰严重，且车位严重匮乏，每晚加班回来抢车位像打仗。,讲究超高得房率（超85%），主卧套房必须配备独立步入式衣帽间与干湿分离双卫。,主要在陆家嘴/徐家汇CBD上班，首选地铁2/9号线沿线，通勤半小时内。,倡导轻户外，周末常带家人自驾野营或山系徒步，注重生活情调与手作咖啡。,名下持有一套旧两居，置换回款 65% + 个人理财储蓄补充 + 公积金商业贷,重性价比，不盲信大牌，但要求物业管理有序、绿化修剪及时、人防技防规范。,常年本地稳定居住，工作日职住通勤动线规则单一。
上_2008_00117,上海,2008,本地改善,43,女,2.3,27.3,0.45,45.5,2,2,否,B,agent,0.55,0.6,0.47,0.54,0.5,0.83,0.6,0.77,0.63,自住-改善,两室两厅,96,3597,市第二中学地理教师,二胎黄金期中大户型,上海中环品质两居，车位及空间极其拥挤,小区无地下车库且人车不分流，小孩在楼下玩耍或者推婴儿车极为不安全。,讲究超高得房率（超85%），主卧套房必须配备独立步入式衣帽间与干湿分离双卫。,主要在陆家嘴/徐家汇CBD上班，首选地铁2/9号线沿线，通勤半小时内。,倡导轻户外，周末常带家人自驾野营或山系徒步，注重生活情调与手作咖啡。,名下持有一套旧两居，置换回款 65% + 个人理财储蓄补充 + 公积金商业贷,重性价比，不盲信大牌，但要求物业管理有序、绿化修剪及时、人防技防规范。,常年本地稳定居住，工作日职住通勤动线规则单一。
上_2008_00118,上海,2008,本地改善,50,男,3.4,31.2,0.45,52.0,4,2,是,B,agent,0.69,0.5,0.48,0.51,0.61,0.9,0.58,0.51,0.72,自住-改善,两室一厅,92,3834,市第二中学地理教师,二胎黄金期中大户型,上海中环品质两居，车位及空间极其拥挤,小区无地下车库且人车不分流，小孩在楼下玩耍或者推婴儿车极为不安全。,讲究超高得房率（超85%），主卧套房必须配备独立步入式衣帽间与干湿分离双卫。,主要在陆家嘴/徐家汇CBD上班，首选地铁2/9号线沿线，通勤半小时内。,倡导轻户外，周末常带家人自驾野营或山系徒步，注重生活情调与手作咖啡。,名下持有一套旧两居，置换回款 65% + 个人理财储蓄补充 + 公积金商业贷,非仁恒、绿城、万科等金牌开发商不买，极度看重高端精装质量与顶级物业的增值口碑。,常年本地稳定居住，工作日职住通勤动线规则单一。
上_2008_00119,上海,2008,本地改善,52,男,1.5,10.7,0.45,17.9,4,2,否,B,agent,0.8,0.65,0.64,0.39,0.47,0.82,0.47,0.59,0.63,自住-改善,两室两厅,71,2110,区财政局科员,二胎黄金期中大户型,上海中环品质两居，车位及空间极其拥挤,小区无地下车库且人车不分流，小孩在楼下玩耍或者推婴儿车极为不安全。,讲究超高得房率（超85%），主卧套房必须配备独立步入式衣帽间与干湿分离双卫。,主要在陆家嘴/徐家汇CBD上班，首选地铁2/9号线沿线，通勤半小时内。,倡导轻户外，周末常带家人自驾野营或山系徒步，注重生活情调与手作咖啡。,名下持有一套旧两居，置换回款 65% + 个人理财储蓄补充 + 公积金商业贷,重性价比，不盲信大牌，但要求物业管理有序、绿化修剪及时、人防技防规范。,常年本地稳定居住，工作日职住通勤动线规则单一。
上_2008_00120,上海,2008,长三角家庭,39,男,2.5,13.1,0.45,21.8,3,2,是,B,agent,0.63,0.58,0.51,0.57,0.53,0.93,0.38,0.64,0.61,自住-改善,一室一厅,52,2400,区财政局科员,二胎黄金期中大户型,上海中环品质两居，车位及空间极其拥挤,小区无地下车库且人车不分流，小孩在楼下玩耍或者推婴儿车极为不安全。,讲究超高得房率（超85%），主卧套房必须配备独立步入式衣帽间与干湿分离双卫。,主要在陆家嘴/徐家汇CBD上班，首选地铁2/9号线沿线，通勤半小时内。,倡导轻户外，周末常带家人自驾野营或山系徒步，注重生活情调与手作咖啡。,名下持有一套旧两居，置换回款 65% + 个人理财储蓄补充 + 公积金商业贷,重性价比，不盲信大牌，但要求物业管理有序、绿化修剪及时、人防技防规范。,常年本地稳定居住，工作日职住通勤动线规则单一。
上_2008_00121,上海,2008,本地改善,47,女,0.9,8.0,0.45,13.4,4,2,是,B,agent,0.71,0.56,0.47,0.52,0.48,0.69,0.67,0.65,0.48,自住-改善,两室两厅,84,1181,邮政局局长秘书,二胎黄金期中大户型,上海中环品质两居，车位及空间极其拥挤,小区无地下车库且人车不分流，小孩在楼下玩耍或者推婴儿车极为不安全。,要求采光通透，全明户型，带多功能嵌入式收纳墙以最大化空间利用。,主要在陆家嘴/徐家汇CBD上班，首选地铁2/9号线沿线，通勤半小时内。,倡导轻户外，周末常带家人自驾野营或山系徒步，注重生活情调与手作咖啡。,名下持有一套旧两居，置换回款 65% + 个人理财储蓄补充 + 公积金商业贷,重性价比，不盲信大牌，但要求物业管理有序、绿化修剪及时、人防技防规范。,常年本地稳定居住，工作日职住通勤动线规则单一。
上_2008_00122,上海,2008,长三角家庭,45,男,2.8,24.7,0.45,41.2,4,1,否,B,agent,0.85,0.63,0.57,0.58,0.5,0.64,0.26,0.7,0.53,自住-改善,两室一厅,59,5189,区财政局科员,三口之家(学龄段),上海中环品质两居，车位及空间极其拥挤,小区无地下车库且人车不分流，小孩在楼下玩耍或者推婴儿车极为不安全。,核心要求地块属于第一梯队名校学区，且周边500米内解决幼小衔接教育配套。,主要在陆家嘴/徐家汇CBD上班，首选地铁2/9号线沿线，通勤半小时内。,倡导轻户外，周末常带家人自驾野营或山系徒步，注重生活情调与手作咖啡。,名下持有一套旧两居，置换回款 65% + 个人理财储蓄补充 + 公积金商业贷,重性价比，不盲信大牌，但要求物业管理有序、绿化修剪及时、人防技防规范。,常年本地稳定居住，工作日职住通勤动线规则单一。
上_2008_00123,上海,2008,金融精英,35,男,3.6,25.9,0.4,48.6,3,1,否,A,research,0.9,0.43,0.7,0.53,0.8,0.81,0.74,0.8,0.75,自住-首套,一室一厅,94,4030,老牌证券公司营业部经理,三口之家(幼龄段),陆家嘴核心区江景大平层,无高端私密会所及管家式物业配套，圈层鱼龙混杂，高净值居住体验差。,要求有超大面宽南向双阳台（观景家政分离），主卧大飘窗能270度直面自然景观。,主要在陆家嘴/徐家汇CBD上班，首选地铁2/9号线沿线，通勤半小时内。,周末常去高端商圈消费，热衷打网球和马术，重度手冲咖啡及黑胶唱片发烧友。,夫妻双方积蓄 + 双方父母出资赞助首付 + 公积金商业组合贷款,非仁恒、绿城、万科等金牌开发商不买，极度看重高端精装质量与顶级物业的增值口碑。,常年本地稳定居住，工作日职住通勤动线规则单一。
上_2008_00124,上海,2008,教育型买房,43,女,4.4,37.8,0.4,70.9,3,1,否,B,social,0.91,0.59,0.48,0.46,0.5,0.71,0.47,1,0.75,学区房,两室两厅,93,4512,邮政局局长秘书,三口之家(学龄段),上海中环品质两居，车位及空间极其拥挤,小区无地下车库且人车不分流，小孩在楼下玩耍或者推婴儿车极为不安全。,讲究超高得房率（超85%），主卧套房必须配备独立步入式衣帽间与干湿分离双卫。,主要在陆家嘴/徐家汇CBD上班，首选地铁2/9号线沿线，通勤半小时内。,倡导轻户外，周末常带家人自驾野营或山系徒步，注重生活情调与手作咖啡。,名下持有一套旧两居，置换回款 65% + 个人理财储蓄补充 + 公积金商业贷,非仁恒、绿城、万科等金牌开发商不买，极度看重高端精装质量与顶级物业的增值口碑。,常年本地稳定居住，工作日职住通勤动线规则单一。
上_2008_00125,上海,2008,金融精英,43,男,6.2,63.1,0.4,118.3,3,1,否,A,research,1,0.34,0.69,0.55,0.71,0.56,0.73,0.58,0.84,自住-改善,一室一厅,71,13230,老牌证券公司营业部经理,三口之家(学龄段),市中心私密洋房住宅,无高端私密会所及管家式物业配套，圈层鱼龙混杂，高净值居住体验差。,要求采光通透，全明户型，带多功能嵌入式收纳墙以最大化空间利用。,主要在陆家嘴/徐家汇CBD上班，首选地铁2/9号线沿线，通勤半小时内。,周末常去高端商圈消费，热衷打网球和马术，重度手冲咖啡及黑胶唱片发烧友。,名下已有企业股权套现或分红现金，一次性全款付清，基本不加杠杆,非仁恒、绿城、万科等金牌开发商不买，极度看重高端精装质量与顶级物业的增值口碑。,常年本地稳定居住，工作日职住通勤动线规则单一。
上_2008_00126,上海,2008,本地改善,42,女,1.1,10.8,0.45,18.0,4,1,否,B,agent,0.71,0.51,0.56,0.42,0.6,0.8,0.66,0.71,0.8,自住-改善,一室一厅,88,1148,国企车间技术主任,三口之家(学龄段),上海中环品质两居，车位及空间极其拥挤,小区无地下车库且人车不分流，小孩在楼下玩耍或者推婴儿车极为不安全。,讲究超高得房率（超85%），主卧套房必须配备独立步入式衣帽间与干湿分离双卫。,主要在陆家嘴/徐家汇CBD上班，首选地铁2/9号线沿线，通勤半小时内。,倡导轻户外，周末常带家人自驾野营或山系徒步，注重生活情调与手作咖啡。,名下持有一套旧两居，置换回款 65% + 个人理财储蓄补充 + 公积金商业贷,非仁恒、绿城、万科等金牌开发商不买，极度看重高端精装质量与顶级物业的增值口碑。,常年本地稳定居住，工作日职住通勤动线规则单一。
上_2008_00127,上海,2008,长三角家庭,47,男,1.3,7.0,0.45,11.7,5,3,是,B,agent,0.81,0.43,0.72,0.44,0.56,0.78,0.4,0.71,0.43,自住-改善,两室一厅,95,727,国企车间技术主任,二胎黄金期中大户型,上海中环品质两居，车位及空间极其拥挤,小区无地下车库且人车不分流，小孩在楼下玩耍或者推婴儿车极为不安全。,要求有超大面宽南向双阳台（观景家政分离），主卧大飘窗能270度直面自然景观。,主要在陆家嘴/徐家汇CBD上班，首选地铁2/9号线沿线，通勤半小时内。,倡导轻户外，周末常带家人自驾野营或山系徒步，注重生活情调与手作咖啡。,名下持有一套旧两居，置换回款 65% + 个人理财储蓄补充 + 公积金商业贷,重性价比，不盲信大牌，但要求物业管理有序、绿化修剪及时、人防技防规范。,常年本地稳定居住，工作日职住通勤动线规则单一。
上_2008_00128,上海,2008,外籍海归,44,女,2.1,10.4,0.4,19.5,3,1,否,A,social,0.76,0.37,0.48,0.44,0.78,0.65,0.67,0.76,0.7,自住-首套,两室两厅,75,1340,外企驻沪办事处代表,三口之家(学龄段),陆家嘴核心区江景大平层,无高端私密会所及管家式物业配套，圈层鱼龙混杂，高净值居住体验差。,核心要求地块属于第一梯队名校学区，且周边500米内解决幼小衔接教育配套。,主要在陆家嘴/徐家汇CBD上班，首选地铁2/9号线沿线，通勤半小时内。,周末常去高端商圈消费，热衷打网球和马术，重度手冲咖啡及黑胶唱片发烧友。,夫妻双方积蓄 + 双方父母出资赞助首付 + 公积金商业组合贷款,重性价比，不盲信大牌，但要求物业管理有序、绿化修剪及时、人防技防规范。,常年本地稳定居住，工作日职住通勤动线规则单一。
上_2008_00129,上海,2008,本地改善,41,女,2.6,19.4,0.45,32.4,4,2,是,B,agent,0.82,0.44,0.48,0.38,0.55,0.84,0.58,0.66,0.47,自住-改善,两室两厅,72,2916,邮政局局长秘书,二胎黄金期中大户型,上海中环品质两居，车位及空间极其拥挤,小区无地下车库且人车不分流，小孩在楼下玩耍或者推婴儿车极为不安全。,讲究超高得房率（超85%），主卧套房必须配备独立步入式衣帽间与干湿分离双卫。,主要在陆家嘴/徐家汇CBD上班，首选地铁2/9号线沿线，通勤半小时内。,倡导轻户外，周末常带家人自驾野营或山系徒步，注重生活情调与手作咖啡。,名下持有一套旧两居，置换回款 65% + 个人理财储蓄补充 + 公积金商业贷,重性价比，不盲信大牌，但要求物业管理有序、绿化修剪及时、人防技防规范。,常年本地稳定居住，工作日职住通勤动线规则单一。
上_2008_00130,上海,2008,教育型买房,46,女,3.4,35.1,0.4,65.8,2,1,否,B,social,0.77,0.45,0.4,0.31,0.56,0.65,0.41,0.96,0.52,学区房,两室两厅,96,5253,邮政局局长秘书,三口之家(学龄段),上海中环品质两居，车位及空间极其拥挤,小区无地下车库且人车不分流，小孩在楼下玩耍或者推婴儿车极为不安全。,核心要求地块属于第一梯队名校学区，且周边500米内解决幼小衔接教育配套。,主要在陆家嘴/徐家汇CBD上班，首选地铁2/9号线沿线，通勤半小时内。,倡导轻户外，周末常带家人自驾野营或山系徒步，注重生活情调与手作咖啡。,名下持有一套旧两居，置换回款 65% + 个人理财储蓄补充 + 公积金商业贷,重性价比，不盲信大牌，但要求物业管理有序、绿化修剪及时、人防技防规范。,常年本地稳定居住，工作日职住通勤动线规则单一。
上_2008_00131,上海,2008,外籍海归,42,男,3.6,23.9,0.4,44.8,3,1,是,A,social,0.89,0.57,0.38,0.5,0.79,0.74,0.67,0.9,0.85,自住-改善,两室一厅,84,4326,外企驻沪办事处代表,三口之家(学龄段),陆家嘴核心区江景大平层,当前房屋属于旧多层无电梯房，父母年纪渐高每天爬楼梯极为吃力。,讲究超高得房率（超85%），主卧套房必须配备独立步入式衣帽间与干湿分离双卫。,主要在陆家嘴/徐家汇CBD上班，首选地铁2/9号线沿线，通勤半小时内。,周末常去高端商圈消费，热衷打网球和马术，重度手冲咖啡及黑胶唱片发烧友。,名下已有企业股权套现或分红现金，一次性全款付清，基本不加杠杆,非仁恒、绿城、万科等金牌开发商不买，极度看重高端精装质量与顶级物业的增值口碑。,常年本地稳定居住，工作日职住通勤动线规则单一。
上_2008_00132,上海,2008,教育型买房,35,男,1.5,10.1,0.4,19.0,3,1,否,B,social,0.89,0.4,0.48,0.44,0.63,0.63,0.46,0.82,0.6,学区房,一室一厅,80,1443,邮政局局长秘书,三口之家(幼龄段),上海中环品质两居，车位及空间极其拥挤,小区无地下车库且人车不分流，小孩在楼下玩耍或者推婴儿车极为不安全。,核心要求地块属于第一梯队名校学区，且周边500米内解决幼小衔接教育配套。,主要在陆家嘴/徐家汇CBD上班，首选地铁2/9号线沿线，通勤半小时内。,倡导轻户外，周末常带家人自驾野营或山系徒步，注重生活情调与手作咖啡。,名下持有一套旧两居，置换回款 65% + 个人理财储蓄补充 + 公积金商业贷,重性价比，不盲信大牌，但要求物业管理有序、绿化修剪及时、人防技防规范。,常年本地稳定居住，工作日职住通勤动线规则单一。
上_2008_00133,上海,2008,长三角家庭,54,女,1.9,15.9,0.45,26.5,3,2,是,B,agent,0.77,0.56,0.43,0.41,0.56,0.78,0.29,0.76,0.68,自住-改善,两室两厅,98,1403,国企车间技术主任,二胎黄金期中大户型,上海中环品质两居，车位及空间极其拥挤,小区无地下车库且人车不分流，小孩在楼下玩耍或者推婴儿车极为不安全。,讲究超高得房率（超85%），主卧套房必须配备独立步入式衣帽间与干湿分离双卫。,主要在陆家嘴/徐家汇CBD上班，首选地铁2/9号线沿线，通勤半小时内。,倡导轻户外，周末常带家人自驾野营或山系徒步，注重生活情调与手作咖啡。,名下持有一套旧两居，置换回款 65% + 个人理财储蓄补充 + 公积金商业贷,重性价比，不盲信大牌，但要求物业管理有序、绿化修剪及时、人防技防规范。,常年本地稳定居住，工作日职住通勤动线规则单一。
上_2008_00134,上海,2008,金融精英,41,男,4.2,25.0,0.4,46.8,3,1,否,A,research,0.63,0.4,0.71,0.54,0.88,0.66,0.71,0.88,0.72,自住-改善,一室一厅,72,5539,老牌证券公司营业部经理,三口之家(学龄段),市中心私密洋房住宅,无高端私密会所及管家式物业配套，圈层鱼龙混杂，高净值居住体验差。,要求有超大面宽南向双阳台（观景家政分离），主卧大飘窗能270度直面自然景观。,主要在陆家嘴/徐家汇CBD上班，首选地铁2/9号线沿线，通勤半小时内。,周末常去高端商圈消费，热衷打网球和马术，重度手冲咖啡及黑胶唱片发烧友。,名下已有企业股权套现或分红现金，一次性全款付清，基本不加杠杆,非仁恒、绿城、万科等金牌开发商不买，极度看重高端精装质量与顶级物业的增值口碑。,常年本地稳定居住，工作日职住通勤动线规则单一。
上_2008_00135,上海,2008,本地改善,56,女,3.5,30.9,0.45,51.5,3,2,是,B,agent,0.8,0.46,0.64,0.52,0.69,0.84,0.62,0.8,0.59,自住-改善,两室两厅,73,4407,市第二中学地理教师,二胎黄金期中大户型,上海中环品质两居，车位及空间极其拥挤,小区无地下车库且人车不分流，小孩在楼下玩耍或者推婴儿车极为不安全。,讲究超高得房率（超85%），主卧套房必须配备独立步入式衣帽间与干湿分离双卫。,主要在陆家嘴/徐家汇CBD上班，首选地铁2/9号线沿线，通勤半小时内。,倡导轻户外，周末常带家人自驾野营或山系徒步，注重生活情调与手作咖啡。,名下持有一套旧两居，置换回款 65% + 个人理财储蓄补充 + 公积金商业贷,重性价比，不盲信大牌，但要求物业管理有序、绿化修剪及时、人防技防规范。,常年本地稳定居住，工作日职住通勤动线规则单一。
上_2008_00136,上海,2008,本地改善,55,女,1.7,16.9,0.45,28.2,4,2,是,B,agent,0.62,0.32,0.6,0.47,0.43,0.87,0.74,0.72,0.6,自住-改善,一室一厅,91,1894,区财政局科员,二胎黄金期中大户型,上海中环品质两居，车位及空间极其拥挤,小区无地下车库且人车不分流，小孩在楼下玩耍或者推婴儿车极为不安全。,讲究超高得房率（超85%），主卧套房必须配备独立步入式衣帽间与干湿分离双卫。,主要在陆家嘴/徐家汇CBD上班，首选地铁2/9号线沿线，通勤半小时内。,倡导轻户外，周末常带家人自驾野营或山系徒步，注重生活情调与手作咖啡。,名下持有一套旧两居，置换回款 65% + 个人理财储蓄补充 + 公积金商业贷,重性价比，不盲信大牌，但要求物业管理有序、绿化修剪及时、人防技防规范。,常年本地稳定居住，工作日职住通勤动线规则单一。
上_2008_00137,上海,2008,本地改善,40,女,2.5,29.0,0.45,48.3,4,1,是,B,agent,0.46,0.34,0.62,0.52,0.58,0.88,0.53,0.64,0.57,自住-改善,一室一厅,76,4229,区财政局科员,三口之家(学龄段),上海中环品质两居，车位及空间极其拥挤,小区无地下车库且人车不分流，小孩在楼下玩耍或者推婴儿车极为不安全。,讲究超高得房率（超85%），主卧套房必须配备独立步入式衣帽间与干湿分离双卫。,主要在陆家嘴/徐家汇CBD上班，首选地铁2/9号线沿线，通勤半小时内。,倡导轻户外，周末常带家人自驾野营或山系徒步，注重生活情调与手作咖啡。,名下持有一套旧两居，置换回款 65% + 个人理财储蓄补充 + 公积金商业贷,重性价比，不盲信大牌，但要求物业管理有序、绿化修剪及时、人防技防规范。,常年本地稳定居住，工作日职住通勤动线规则单一。
上_2008_00138,上海,2008,教育型买房,39,男,5.6,45.3,0.4,84.9,2,1,否,B,social,0.66,0.45,0.26,0.45,0.55,0.79,0.52,1,0.64,学区房,两室一厅,98,4445,市第二中学地理教师,三口之家(学龄段),上海中环品质两居，车位及空间极其拥挤,小区无地下车库且人车不分流，小孩在楼下玩耍或者推婴儿车极为不安全。,讲究超高得房率（超85%），主卧套房必须配备独立步入式衣帽间与干湿分离双卫。,主要在陆家嘴/徐家汇CBD上班，首选地铁2/9号线沿线，通勤半小时内。,倡导轻户外，周末常带家人自驾野营或山系徒步，注重生活情调与手作咖啡。,名下持有一套旧两居，置换回款 65% + 个人理财储蓄补充 + 公积金商业贷,重性价比，不盲信大牌，但要求物业管理有序、绿化修剪及时、人防技防规范。,常年本地稳定居住，工作日职住通勤动线规则单一。
上_2008_00139,上海,2008,本地改善,46,女,1.7,17.7,0.45,29.5,4,2,否,B,agent,0.72,0.41,0.5,0.54,0.46,0.85,0.59,0.67,0.69,自住-改善,两室两厅,55,4532,国企车间技术主任,二胎黄金期中大户型,上海中环品质两居，车位及空间极其拥挤,小区无地下车库且人车不分流，小孩在楼下玩耍或者推婴儿车极为不安全。,讲究超高得房率（超85%），主卧套房必须配备独立步入式衣帽间与干湿分离双卫。,主要在陆家嘴/徐家汇CBD上班，首选地铁2/9号线沿线，通勤半小时内。,倡导轻户外，周末常带家人自驾野营或山系徒步，注重生活情调与手作咖啡。,名下持有一套旧两居，置换回款 65% + 个人理财储蓄补充 + 公积金商业贷,重性价比，不盲信大牌，但要求物业管理有序、绿化修剪及时、人防技防规范。,常年本地稳定居住，工作日职住通勤动线规则单一。
上_2008_00140,上海,2008,金融精英,48,女,5.0,51.0,0.4,95.7,3,1,是,A,research,0.51,0.53,0.62,0.44,0.8,0.74,0.59,0.82,0.86,自住-改善,两室一厅,69,10109,老牌证券公司营业部经理,三口之家(学龄段),西湖边高精平层,当前房屋属于旧多层无电梯房，父母年纪渐高每天爬楼梯极为吃力。,讲究超高得房率（超85%），主卧套房必须配备独立步入式衣帽间与干湿分离双卫。,主要在陆家嘴/徐家汇CBD上班，首选地铁2/9号线沿线，通勤半小时内。,周末常去高端商圈消费，热衷打网球和马术，重度手冲咖啡及黑胶唱片发烧友。,名下已有企业股权套现或分红现金，一次性全款付清，基本不加杠杆,非仁恒、绿城、万科等金牌开发商不买，极度看重高端精装质量与顶级物业的增值口碑。,常年本地稳定居住，工作日职住通勤动线规则单一。
上_2008_00141,上海,2008,本地改善,48,女,2.3,22.0,0.45,36.7,5,2,否,B,agent,1,0.53,0.63,0.49,0.59,0.79,0.47,0.79,0.71,自住-改善,两室两厅,70,2982,区财政局科员,二胎黄金期中大户型,上海中环品质两居，车位及空间极其拥挤,小区无地下车库且人车不分流，小孩在楼下玩耍或者推婴儿车极为不安全。,讲究超高得房率（超85%），主卧套房必须配备独立步入式衣帽间与干湿分离双卫。,主要在陆家嘴/徐家汇CBD上班，首选地铁2/9号线沿线，通勤半小时内。,倡导轻户外，周末常带家人自驾野营或山系徒步，注重生活情调与手作咖啡。,名下持有一套旧两居，置换回款 65% + 个人理财储蓄补充 + 公积金商业贷,非仁恒、绿城、万科等金牌开发商不买，极度看重高端精装质量与顶级物业的增值口碑。,常年本地稳定居住，工作日职住通勤动线规则单一。
上_2008_00142,上海,2008,金融精英,46,女,4.8,42.9,0.4,80.4,2,1,否,A,research,0.77,0.45,0.61,0.62,0.9,0.77,0.75,0.79,0.76,自住-改善,两室一厅,53,11182,商业银行支行信贷科长,三口之家(学龄段),陆家嘴核心区江景大平层,无高端私密会所及管家式物业配套，圈层鱼龙混杂，高净值居住体验差。,讲究超高得房率（超85%），主卧套房必须配备独立步入式衣帽间与干湿分离双卫。,主要在陆家嘴/徐家汇CBD上班，首选地铁2/9号线沿线，通勤半小时内。,周末常去高端商圈消费，热衷打网球和马术，重度手冲咖啡及黑胶唱片发烧友。,名下已有企业股权套现或分红现金，一次性全款付清，基本不加杠杆,非仁恒、绿城、万科等金牌开发商不买，极度看重高端精装质量与顶级物业的增值口碑。,常年本地稳定居住，工作日职住通勤动线规则单一。
上_2008_00143,上海,2008,长三角家庭,51,男,1.6,13.5,0.45,22.5,4,2,否,B,agent,0.75,0.62,0.52,0.55,0.57,0.86,0.35,0.65,0.69,自住-改善,两室两厅,95,1447,市第二中学地理教师,二胎黄金期中大户型,上海中环品质两居，车位及空间极其拥挤,小区无地下车库且人车不分流，小孩在楼下玩耍或者推婴儿车极为不安全。,讲究超高得房率（超85%），主卧套房必须配备独立步入式衣帽间与干湿分离双卫。,主要在陆家嘴/徐家汇CBD上班，首选地铁2/9号线沿线，通勤半小时内。,倡导轻户外，周末常带家人自驾野营或山系徒步，注重生活情调与手作咖啡。,名下持有一套旧两居，置换回款 65% + 个人理财储蓄补充 + 公积金商业贷,重性价比，不盲信大牌，但要求物业管理有序、绿化修剪及时、人防技防规范。,常年本地稳定居住，工作日职住通勤动线规则单一。
上_2008_00144,上海,2008,本地改善,38,女,1.8,22.4,0.45,37.3,4,2,否,B,agent,0.95,0.47,0.6,0.37,0.32,0.79,0.62,0.77,0.57,自住-改善,两室两厅,88,3171,市第二中学地理教师,二胎黄金期中大户型,上海中环品质两居，车位及空间极其拥挤,小区无地下车库且人车不分流，小孩在楼下玩耍或者推婴儿车极为不安全。,讲究超高得房率（超85%），主卧套房必须配备独立步入式衣帽间与干湿分离双卫。,主要在陆家嘴/徐家汇CBD上班，首选地铁2/9号线沿线，通勤半小时内。,倡导轻户外，周末常带家人自驾野营或山系徒步，注重生活情调与手作咖啡。,名下持有一套旧两居，置换回款 65% + 个人理财储蓄补充 + 公积金商业贷,重性价比，不盲信大牌，但要求物业管理有序、绿化修剪及时、人防技防规范。,常年本地稳定居住，工作日职住通勤动线规则单一。
上_2008_00145,上海,2008,教育型买房,43,男,3.9,27.2,0.4,51.0,4,0,是,B,social,1,0.49,0.58,0.33,0.62,0.76,0.49,1,0.61,学区房,两室两厅,72,4535,邮政局局长秘书,成熟期核心家庭,上海中环品质两居，车位及空间极其拥挤,当前房屋属于旧多层无电梯房，父母年纪渐高每天爬楼梯极为吃力。,讲究超高得房率（超85%），主卧套房必须配备独立步入式衣帽间与干湿分离双卫。,主要在陆家嘴/徐家汇CBD上班，首选地铁2/9号线沿线，通勤半小时内。,倡导轻户外，周末常带家人自驾野营或山系徒步，注重生活情调与手作咖啡。,名下持有一套旧两居，置换回款 65% + 个人理财储蓄补充 + 公积金商业贷,重性价比，不盲信大牌，但要求物业管理有序、绿化修剪及时、人防技防规范。,常年本地稳定居住，工作日职住通勤动线规则单一。
上_2008_00146,上海,2008,本地改善,57,男,2.3,28.3,0.45,47.1,4,2,是,B,agent,0.73,0.45,0.47,0.4,0.57,0.77,0.64,0.64,0.56,自住-改善,一室一厅,55,4730,区财政局科员,二胎黄金期中大户型,上海中环品质两居，车位及空间极其拥挤,小区无地下车库且人车不分流，小孩在楼下玩耍或者推婴儿车极为不安全。,讲究超高得房率（超85%），主卧套房必须配备独立步入式衣帽间与干湿分离双卫。,主要在陆家嘴/徐家汇CBD上班，首选地铁2/9号线沿线，通勤半小时内。,倡导轻户外，周末常带家人自驾野营或山系徒步，注重生活情调与手作咖啡。,名下持有一套旧两居，置换回款 65% + 个人理财储蓄补充 + 公积金商业贷,重性价比，不盲信大牌，但要求物业管理有序、绿化修剪及时、人防技防规范。,常年本地稳定居住，工作日职住通勤动线规则单一。
上_2008_00147,上海,2008,本地改善,57,女,1.2,10.3,0.45,17.2,3,2,否,B,agent,0.76,0.42,0.39,0.58,0.7,0.75,0.61,0.61,0.64,自住-改善,两室一厅,74,1251,区财政局科员,二胎黄金期中大户型,上海中环品质两居，车位及空间极其拥挤,小区无地下车库且人车不分流，小孩在楼下玩耍或者推婴儿车极为不安全。,讲究超高得房率（超85%），主卧套房必须配备独立步入式衣帽间与干湿分离双卫。,主要在陆家嘴/徐家汇CBD上班，首选地铁2/9号线沿线，通勤半小时内。,倡导轻户外，周末常带家人自驾野营或山系徒步，注重生活情调与手作咖啡。,名下持有一套旧两居，置换回款 65% + 个人理财储蓄补充 + 公积金商业贷,重性价比，不盲信大牌，但要求物业管理有序、绿化修剪及时、人防技防规范。,常年本地稳定居住，工作日职住通勤动线规则单一。
上_2008_00148,上海,2008,教育型买房,38,女,3.1,24.9,0.4,46.7,4,2,否,B,social,1,0.58,0.42,0.43,0.57,0.79,0.56,0.91,0.57,学区房,一室一厅,56,7015,国企车间技术主任,二胎黄金期中大户型,上海中环品质两居，车位及空间极其拥挤,小区无地下车库且人车不分流，小孩在楼下玩耍或者推婴儿车极为不安全。,讲究超高得房率（超85%），主卧套房必须配备独立步入式衣帽间与干湿分离双卫。,主要在陆家嘴/徐家汇CBD上班，首选地铁2/9号线沿线，通勤半小时内。,倡导轻户外，周末常带家人自驾野营或山系徒步，注重生活情调与手作咖啡。,名下持有一套旧两居，置换回款 65% + 个人理财储蓄补充 + 公积金商业贷,重性价比，不盲信大牌，但要求物业管理有序、绿化修剪及时、人防技防规范。,常年本地稳定居住，工作日职住通勤动线规则单一。
上_2008_00149,上海,2008,本地改善,56,男,3.5,35.8,0.45,59.7,5,1,否,B,agent,0.96,0.38,0.57,0.45,0.45,0.88,0.74,0.67,0.55,自住-改善,两室两厅,76,4364,区财政局科员,三口之家(学龄段),上海中环品质两居，车位及空间极其拥挤,小区无地下车库且人车不分流，小孩在楼下玩耍或者推婴儿车极为不安全。,讲究超高得房率（超85%），主卧套房必须配备独立步入式衣帽间与干湿分离双卫。,主要在陆家嘴/徐家汇CBD上班，首选地铁2/9号线沿线，通勤半小时内。,倡导轻户外，周末常带家人自驾野营或山系徒步，注重生活情调与手作咖啡。,名下持有一套旧两居，置换回款 65% + 个人理财储蓄补充 + 公积金商业贷,重性价比，不盲信大牌，但要求物业管理有序、绿化修剪及时、人防技防规范。,常年本地稳定居住，工作日职住通勤动线规则单一。
上_2008_00150,上海,2008,本地改善,57,女,2.8,36.2,0.45,60.4,3,2,是,B,agent,0.95,0.48,0.57,0.64,0.53,0.85,0.76,0.73,0.65,自住-改善,一室一厅,72,5544,邮政局局长秘书,二胎黄金期中大户型,上海中环品质两居，车位及空间极其拥挤,小区无地下车库且人车不分流，小孩在楼下玩耍或者推婴儿车极为不安全。,讲究超高得房率（超85%），主卧套房必须配备独立步入式衣帽间与干湿分离双卫。,主要在陆家嘴/徐家汇CBD上班，首选地铁2/9号线沿线，通勤半小时内。,倡导轻户外，周末常带家人自驾野营或山系徒步，注重生活情调与手作咖啡。,名下持有一套旧两居，置换回款 65% + 个人理财储蓄补充 + 公积金商业贷,重性价比，不盲信大牌，但要求物业管理有序、绿化修剪及时、人防技防规范。,常年本地稳定居住，工作日职住通勤动线规则单一。
上_2008_00151,上海,2008,教育型买房,48,男,4.1,40.3,0.4,75.5,3,1,否,B,social,0.84,0.41,0.28,0.27,0.55,0.69,0.56,0.92,0.58,学区房,一室一厅,71,8174,国企车间技术主任,三口之家(学龄段),上海中环品质两居，车位及空间极其拥挤,小区无地下车库且人车不分流，小孩在楼下玩耍或者推婴儿车极为不安全。,核心要求地块属于第一梯队名校学区，且周边500米内解决幼小衔接教育配套。,主要在陆家嘴/徐家汇CBD上班，首选地铁2/9号线沿线，通勤半小时内。,倡导轻户外，周末常带家人自驾野营或山系徒步，注重生活情调与手作咖啡。,名下持有一套旧两居，置换回款 65% + 个人理财储蓄补充 + 公积金商业贷,重性价比，不盲信大牌，但要求物业管理有序、绿化修剪及时、人防技防规范。,常年本地稳定居住，工作日职住通勤动线规则单一。
上_2008_00152,上海,2008,教育型买房,36,男,2.8,17.7,0.4,33.2,4,1,是,B,social,0.84,0.3,0.48,0.35,0.54,0.8,0.7,1,0.49,学区房,两室一厅,87,2495,邮政局局长秘书,三口之家(幼龄段),上海中环品质两居，车位及空间极其拥挤,小区无地下车库且人车不分流，小孩在楼下玩耍或者推婴儿车极为不安全。,讲究超高得房率（超85%），主卧套房必须配备独立步入式衣帽间与干湿分离双卫。,主要在陆家嘴/徐家汇CBD上班，首选地铁2/9号线沿线，通勤半小时内。,倡导轻户外，周末常带家人自驾野营或山系徒步，注重生活情调与手作咖啡。,名下持有一套旧两居，置换回款 65% + 个人理财储蓄补充 + 公积金商业贷,重性价比，不盲信大牌，但要求物业管理有序、绿化修剪及时、人防技防规范。,常年本地稳定居住，工作日职住通勤动线规则单一。
上_2008_00153,上海,2008,本地改善,44,男,2.5,30.6,0.45,50.9,4,2,是,B,agent,0.7,0.65,0.43,0.39,0.58,0.87,0.62,0.52,0.66,自住-改善,一室一厅,63,6603,邮政局局长秘书,二胎黄金期中大户型,上海中环品质两居，车位及空间极其拥挤,小区无地下车库且人车不分流，小孩在楼下玩耍或者推婴儿车极为不安全。,讲究超高得房率（超85%），主卧套房必须配备独立步入式衣帽间与干湿分离双卫。,主要在陆家嘴/徐家汇CBD上班，首选地铁2/9号线沿线，通勤半小时内。,倡导轻户外，周末常带家人自驾野营或山系徒步，注重生活情调与手作咖啡。,名下持有一套旧两居，置换回款 65% + 个人理财储蓄补充 + 公积金商业贷,重性价比，不盲信大牌，但要求物业管理有序、绿化修剪及时、人防技防规范。,常年本地稳定居住，工作日职住通勤动线规则单一。
上_2008_00154,上海,2008,金融精英,32,女,5.5,53.0,0.4,99.3,3,1,否,A,research,0.91,0.57,0.52,0.6,0.85,0.74,0.68,0.82,0.74,自住-首套,两室一厅,81,10547,申银万国证券分析员,三口之家(幼龄段),陆家嘴核心区江景大平层,无高端私密会所及管家式物业配套，圈层鱼龙混杂，高净值居住体验差。,讲究超高得房率（超85%），主卧套房必须配备独立步入式衣帽间与干湿分离双卫。,主要在陆家嘴/徐家汇CBD上班，首选地铁2/9号线沿线，通勤半小时内。,周末常去高端商圈消费，热衷打网球和马术，重度手冲咖啡及黑胶唱片发烧友。,夫妻双方积蓄 + 双方父母出资赞助首付 + 公积金商业组合贷款,非仁恒、绿城、万科等金牌开发商不买，极度看重高端精装质量与顶级物业的增值口碑。,常年本地稳定居住，工作日职住通勤动线规则单一。
上_2008_00155,上海,2008,教育型买房,33,男,1.4,7.9,0.4,14.8,3,1,否,B,social,0.78,0.42,0.25,0.39,0.68,0.51,0.48,0.93,0.6,学区房,一室一厅,62,1322,邮政局局长秘书,三口之家(幼龄段),上海中环品质两居，车位及空间极其拥挤,小区无地下车库且人车不分流，小孩在楼下玩耍或者推婴儿车极为不安全。,核心要求地块属于第一梯队名校学区，且周边500米内解决幼小衔接教育配套。,主要在陆家嘴/徐家汇CBD上班，首选地铁2/9号线沿线，通勤半小时内。,倡导轻户外，周末常带家人自驾野营或山系徒步，注重生活情调与手作咖啡。,名下持有一套旧两居，置换回款 65% + 个人理财储蓄补充 + 公积金商业贷,重性价比，不盲信大牌，但要求物业管理有序、绿化修剪及时、人防技防规范。,常年本地稳定居住，工作日职住通勤动线规则单一。
上_2008_00156,上海,2008,金融精英,45,女,3.4,23.8,0.4,44.6,3,1,是,A,research,0.73,0.48,0.61,0.54,0.65,0.84,0.68,0.85,0.75,自住-首套,两室一厅,69,5271,老牌证券公司营业部经理,三口之家(学龄段),西湖边高精平层,当前房屋属于旧多层无电梯房，父母年纪渐高每天爬楼梯极为吃力。,讲究超高得房率（超85%），主卧套房必须配备独立步入式衣帽间与干湿分离双卫。,主要在陆家嘴/徐家汇CBD上班，首选地铁2/9号线沿线，通勤半小时内。,周末常去高端商圈消费，热衷打网球和马术，重度手冲咖啡及黑胶唱片发烧友。,夫妻双方积蓄 + 双方父母出资赞助首付 + 公积金商业组合贷款,非仁恒、绿城、万科等金牌开发商不买，极度看重高端精装质量与顶级物业的增值口碑。,常年本地稳定居住，工作日职住通勤动线规则单一。
上_2008_00157,上海,2008,金融精英,45,女,2.0,16.9,0.4,31.6,3,1,否,A,research,0.71,0.48,0.56,0.66,0.57,0.8,0.88,0.69,0.79,自住-改善,一室一厅,73,3313,申银万国证券分析员,三口之家(学龄段),市中心私密洋房住宅,无高端私密会所及管家式物业配套，圈层鱼龙混杂，高净值居住体验差。,讲究超高得房率（超85%），主卧套房必须配备独立步入式衣帽间与干湿分离双卫。,主要在陆家嘴/徐家汇CBD上班，首选地铁2/9号线沿线，通勤半小时内。,周末常去高端商圈消费，热衷打网球和马术，重度手冲咖啡及黑胶唱片发烧友。,名下已有企业股权套现或分红现金，一次性全款付清，基本不加杠杆,非仁恒、绿城、万科等金牌开发商不买，极度看重高端精装质量与顶级物业的增值口碑。,常年本地稳定居住，工作日职住通勤动线规则单一。
上_2008_00158,上海,2008,长三角家庭,41,男,2.5,14.7,0.45,24.4,4,1,是,B,agent,0.78,0.49,0.36,0.4,0.41,0.75,0.35,0.62,0.66,自住-改善,两室两厅,75,1845,邮政局局长秘书,三口之家(学龄段),上海中环品质两居，车位及空间极其拥挤,小区无地下车库且人车不分流，小孩在楼下玩耍或者推婴儿车极为不安全。,讲究超高得房率（超85%），主卧套房必须配备独立步入式衣帽间与干湿分离双卫。,主要在陆家嘴/徐家汇CBD上班，首选地铁2/9号线沿线，通勤半小时内。,倡导轻户外，周末常带家人自驾野营或山系徒步，注重生活情调与手作咖啡。,名下持有一套旧两居，置换回款 65% + 个人理财储蓄补充 + 公积金商业贷,重性价比，不盲信大牌，但要求物业管理有序、绿化修剪及时、人防技防规范。,常年本地稳定居住，工作日职住通勤动线规则单一。
上_2008_00159,上海,2008,金融精英,46,男,5.8,34.9,0.4,65.4,3,1,是,A,research,0.9,0.48,0.69,0.49,0.79,0.84,0.55,0.75,0.79,自住-改善,两室两厅,94,6168,老牌证券公司营业部经理,三口之家(学龄段),西湖边高精平层,当前房屋属于旧多层无电梯房，父母年纪渐高每天爬楼梯极为吃力。,讲究超高得房率（超85%），主卧套房必须配备独立步入式衣帽间与干湿分离双卫。,主要在陆家嘴/徐家汇CBD上班，首选地铁2/9号线沿线，通勤半小时内。,周末常去高端商圈消费，热衷打网球和马术，重度手冲咖啡及黑胶唱片发烧友。,名下已有企业股权套现或分红现金，一次性全款付清，基本不加杠杆,非仁恒、绿城、万科等金牌开发商不买，极度看重高端精装质量与顶级物业的增值口碑。,常年本地稳定居住，工作日职住通勤动线规则单一。
上_2008_00160,上海,2008,本地改善,56,女,1.2,9.1,0.45,15.1,5,1,否,B,agent,0.64,0.38,0.43,0.56,0.49,0.88,0.61,0.67,0.64,自住-改善,两室一厅,55,2289,国企车间技术主任,三口之家(学龄段),上海中环品质两居，车位及空间极其拥挤,小区无地下车库且人车不分流，小孩在楼下玩耍或者推婴儿车极为不安全。,讲究超高得房率（超85%），主卧套房必须配备独立步入式衣帽间与干湿分离双卫。,主要在陆家嘴/徐家汇CBD上班，首选地铁2/9号线沿线，通勤半小时内。,倡导轻户外，周末常带家人自驾野营或山系徒步，注重生活情调与手作咖啡。,名下持有一套旧两居，置换回款 65% + 个人理财储蓄补充 + 公积金商业贷,重性价比，不盲信大牌，但要求物业管理有序、绿化修剪及时、人防技防规范。,常年本地稳定居住，工作日职住通勤动线规则单一。
上_2008_00161,上海,2008,本地改善,55,女,0.8,8.8,0.45,14.7,4,3,否,B,agent,0.9,0.39,0.52,0.52,0.46,0.96,0.81,0.73,0.68,自住-改善,两室一厅,53,2125,区财政局科员,二胎黄金期中大户型,上海中环品质两居，车位及空间极其拥挤,小区无地下车库且人车不分流，小孩在楼下玩耍或者推婴儿车极为不安全。,讲究超高得房率（超85%），主卧套房必须配备独立步入式衣帽间与干湿分离双卫。,主要在陆家嘴/徐家汇CBD上班，首选地铁2/9号线沿线，通勤半小时内。,倡导轻户外，周末常带家人自驾野营或山系徒步，注重生活情调与手作咖啡。,名下持有一套旧两居，置换回款 65% + 个人理财储蓄补充 + 公积金商业贷,重性价比，不盲信大牌，但要求物业管理有序、绿化修剪及时、人防技防规范。,常年本地稳定居住，工作日职住通勤动线规则单一。
上_2008_00162,上海,2008,本地改善,53,男,3.2,25.0,0.45,41.7,5,1,否,B,agent,0.87,0.5,0.61,0.48,0.6,0.81,0.57,0.59,0.48,自住-改善,一室一厅,54,5025,市第二中学地理教师,三口之家(学龄段),上海中环品质两居，车位及空间极其拥挤,小区无地下车库且人车不分流，小孩在楼下玩耍或者推婴儿车极为不安全。,讲究超高得房率（超85%），主卧套房必须配备独立步入式衣帽间与干湿分离双卫。,主要在陆家嘴/徐家汇CBD上班，首选地铁2/9号线沿线，通勤半小时内。,倡导轻户外，周末常带家人自驾野营或山系徒步，注重生活情调与手作咖啡。,名下持有一套旧两居，置换回款 65% + 个人理财储蓄补充 + 公积金商业贷,重性价比，不盲信大牌，但要求物业管理有序、绿化修剪及时、人防技防规范。,常年本地稳定居住，工作日职住通勤动线规则单一。
上_2008_00163,上海,2008,本地改善,42,女,2.1,21.1,0.45,35.2,4,2,是,B,agent,0.53,0.59,0.66,0.55,0.53,0.78,0.55,0.79,0.54,自住-改善,两室两厅,82,2307,市第二中学地理教师,二胎黄金期中大户型,上海中环品质两居，车位及空间极其拥挤,小区无地下车库且人车不分流，小孩在楼下玩耍或者推婴儿车极为不安全。,讲究超高得房率（超85%），主卧套房必须配备独立步入式衣帽间与干湿分离双卫。,主要在陆家嘴/徐家汇CBD上班，首选地铁2/9号线沿线，通勤半小时内。,倡导轻户外，周末常带家人自驾野营或山系徒步，注重生活情调与手作咖啡。,名下持有一套旧两居，置换回款 65% + 个人理财储蓄补充 + 公积金商业贷,重性价比，不盲信大牌，但要求物业管理有序、绿化修剪及时、人防技防规范。,常年本地稳定居住，工作日职住通勤动线规则单一。
上_2008_00164,上海,2008,本地改善,41,女,3.8,36.2,0.45,60.4,4,2,是,B,agent,0.81,0.43,0.48,0.61,0.55,0.92,0.55,0.73,0.65,自住-改善,两室一厅,98,3648,邮政局局长秘书,二胎黄金期中大户型,上海中环品质两居，车位及空间极其拥挤,小区无地下车库且人车不分流，小孩在楼下玩耍或者推婴儿车极为不安全。,讲究超高得房率（超85%），主卧套房必须配备独立步入式衣帽间与干湿分离双卫。,主要在陆家嘴/徐家汇CBD上班，首选地铁2/9号线沿线，通勤半小时内。,倡导轻户外，周末常带家人自驾野营或山系徒步，注重生活情调与手作咖啡。,名下持有一套旧两居，置换回款 65% + 个人理财储蓄补充 + 公积金商业贷,重性价比，不盲信大牌，但要求物业管理有序、绿化修剪及时、人防技防规范。,常年本地稳定居住，工作日职住通勤动线规则单一。
上_2008_00165,上海,2008,教育型买房,42,女,1.7,15.4,0.4,28.9,3,1,否,B,social,0.81,0.52,0.48,0.27,0.81,0.77,0.69,0.86,0.63,学区房,一室一厅,83,1837,国企车间技术主任,三口之家(学龄段),上海中环品质两居，车位及空间极其拥挤,小区无地下车库且人车不分流，小孩在楼下玩耍或者推婴儿车极为不安全。,讲究超高得房率（超85%），主卧套房必须配备独立步入式衣帽间与干湿分离双卫。,主要在陆家嘴/徐家汇CBD上班，首选地铁2/9号线沿线，通勤半小时内。,倡导轻户外，周末常带家人自驾野营或山系徒步，注重生活情调与手作咖啡。,名下持有一套旧两居，置换回款 65% + 个人理财储蓄补充 + 公积金商业贷,重性价比，不盲信大牌，但要求物业管理有序、绿化修剪及时、人防技防规范。,常年本地稳定居住，工作日职住通勤动线规则单一。
上_2008_00166,上海,2008,本地改善,39,女,2.8,32.7,0.45,54.4,5,1,否,B,agent,0.62,0.51,0.75,0.57,0.49,0.88,0.5,0.61,0.55,自住-改善,一室一厅,53,8930,区财政局科员,三口之家(学龄段),上海中环品质两居，车位及空间极其拥挤,小区无地下车库且人车不分流，小孩在楼下玩耍或者推婴儿车极为不安全。,要求有超大面宽南向双阳台（观景家政分离），主卧大飘窗能270度直面自然景观。,主要在陆家嘴/徐家汇CBD上班，首选地铁2/9号线沿线，通勤半小时内。,倡导轻户外，周末常带家人自驾野营或山系徒步，注重生活情调与手作咖啡。,名下持有一套旧两居，置换回款 65% + 个人理财储蓄补充 + 公积金商业贷,重性价比，不盲信大牌，但要求物业管理有序、绿化修剪及时、人防技防规范。,常年本地稳定居住，工作日职住通勤动线规则单一。
上_2008_00167,上海,2008,本地改善,42,男,2.6,24.1,0.45,40.1,3,2,否,B,agent,0.95,0.52,0.52,0.55,0.53,0.77,0.6,0.75,0.63,自住-改善,一室一厅,77,3121,市第二中学地理教师,二胎黄金期中大户型,上海中环品质两居，车位及空间极其拥挤,小区无地下车库且人车不分流，小孩在楼下玩耍或者推婴儿车极为不安全。,讲究超高得房率（超85%），主卧套房必须配备独立步入式衣帽间与干湿分离双卫。,主要在陆家嘴/徐家汇CBD上班，首选地铁2/9号线沿线，通勤半小时内。,倡导轻户外，周末常带家人自驾野营或山系徒步，注重生活情调与手作咖啡。,名下持有一套旧两居，置换回款 65% + 个人理财储蓄补充 + 公积金商业贷,重性价比，不盲信大牌，但要求物业管理有序、绿化修剪及时、人防技防规范。,常年本地稳定居住，工作日职住通勤动线规则单一。
上_2008_00168,上海,2008,本地改善,44,女,1.8,19.2,0.45,32.0,5,2,是,B,agent,0.82,0.32,0.44,0.46,0.47,0.8,0.5,0.78,0.71,自住-改善,两室两厅,99,2797,邮政局局长秘书,二胎黄金期中大户型,上海中环品质两居，车位及空间极其拥挤,小区无地下车库且人车不分流，小孩在楼下玩耍或者推婴儿车极为不安全。,讲究超高得房率（超85%），主卧套房必须配备独立步入式衣帽间与干湿分离双卫。,主要在陆家嘴/徐家汇CBD上班，首选地铁2/9号线沿线，通勤半小时内。,倡导轻户外，周末常带家人自驾野营或山系徒步，注重生活情调与手作咖啡。,名下持有一套旧两居，置换回款 65% + 个人理财储蓄补充 + 公积金商业贷,非仁恒、绿城、万科等金牌开发商不买，极度看重高端精装质量与顶级物业的增值口碑。,常年本地稳定居住，工作日职住通勤动线规则单一。
上_2008_00169,上海,2008,金融精英,39,女,4.7,35.3,0.4,66.3,2,2,否,A,research,0.8,0.46,0.63,0.58,0.68,0.95,0.74,0.83,0.76,自住-首套,两室两厅,56,9542,申银万国证券分析员,二胎黄金期中大户型,西湖边高精平层,无高端私密会所及管家式物业配套，圈层鱼龙混杂，高净值居住体验差。,讲究超高得房率（超85%），主卧套房必须配备独立步入式衣帽间与干湿分离双卫。,主要在陆家嘴/徐家汇CBD上班，首选地铁2/9号线沿线，通勤半小时内。,周末常去高端商圈消费，热衷打网球和马术，重度手冲咖啡及黑胶唱片发烧友。,夫妻双方积蓄 + 双方父母出资赞助首付 + 公积金商业组合贷款,非仁恒、绿城、万科等金牌开发商不买，极度看重高端精装质量与顶级物业的增值口碑。,常年本地稳定居住，工作日职住通勤动线规则单一。
上_2008_00170,上海,2008,长三角家庭,37,女,3.5,27.9,0.45,46.6,5,2,否,B,agent,0.66,0.74,0.41,0.42,0.48,0.76,0.44,0.67,0.66,自住-首套,一室一厅,69,5827,国企车间技术主任,二胎黄金期中大户型,上海中环品质两居，车位及空间极其拥挤,小区无地下车库且人车不分流，小孩在楼下玩耍或者推婴儿车极为不安全。,讲究超高得房率（超85%），主卧套房必须配备独立步入式衣帽间与干湿分离双卫。,主要在陆家嘴/徐家汇CBD上班，首选地铁2/9号线沿线，通勤半小时内。,倡导轻户外，周末常带家人自驾野营或山系徒步，注重生活情调与手作咖啡。,夫妻双方积蓄 + 双方父母出资赞助首付 + 公积金商业组合贷款,重性价比，不盲信大牌，但要求物业管理有序、绿化修剪及时、人防技防规范。,常年本地稳定居住，工作日职住通勤动线规则单一。
上_2008_00171,上海,2008,外籍海归,32,男,3.0,16.5,0.4,30.9,3,1,否,A,social,1,0.48,0.62,0.61,0.78,0.64,0.65,0.79,0.7,婚房,两室两厅,95,2647,合资日化企业技术主管,三口之家(幼龄段),市中心私密洋房住宅,无高端私密会所及管家式物业配套，圈层鱼龙混杂，高净值居住体验差。,核心要求地块属于第一梯队名校学区，且周边500米内解决幼小衔接教育配套。,主要在陆家嘴/徐家汇CBD上班，首选地铁2/9号线沿线，通勤半小时内。,周末常去高端商圈消费，热衷打网球和马术，重度手冲咖啡及黑胶唱片发烧友。,夫妻双方积蓄 + 双方父母出资赞助首付 + 公积金商业组合贷款,非仁恒、绿城、万科等金牌开发商不买，极度看重高端精装质量与顶级物业的增值口碑。,常年本地稳定居住，工作日职住通勤动线规则单一。
上_2008_00172,上海,2008,金融精英,44,女,4.3,40.0,0.4,75.1,3,1,否,A,research,0.92,0.48,0.7,0.58,0.75,0.76,0.76,0.66,0.72,自住-改善,两室一厅,64,6901,商业银行支行信贷科长,三口之家(学龄段),市中心私密洋房住宅,无高端私密会所及管家式物业配套，圈层鱼龙混杂，高净值居住体验差。,要求有超大面宽南向双阳台（观景家政分离），主卧大飘窗能270度直面自然景观。,主要在陆家嘴/徐家汇CBD上班，首选地铁2/9号线沿线，通勤半小时内。,周末常去高端商圈消费，热衷打网球和马术，重度手冲咖啡及黑胶唱片发烧友。,名下已有企业股权套现或分红现金，一次性全款付清，基本不加杠杆,非仁恒、绿城、万科等金牌开发商不买，极度看重高端精装质量与顶级物业的增值口碑。,常年本地稳定居住，工作日职住通勤动线规则单一。
上_2008_00173,上海,2008,本地改善,57,女,2.4,30.8,0.45,51.3,4,2,否,B,agent,0.52,0.47,0.48,0.59,0.56,0.77,0.44,0.73,0.62,自住-改善,两室两厅,94,3736,市第二中学地理教师,二胎黄金期中大户型,上海中环品质两居，车位及空间极其拥挤,小区无地下车库且人车不分流，小孩在楼下玩耍或者推婴儿车极为不安全。,讲究超高得房率（超85%），主卧套房必须配备独立步入式衣帽间与干湿分离双卫。,主要在陆家嘴/徐家汇CBD上班，首选地铁2/9号线沿线，通勤半小时内。,倡导轻户外，周末常带家人自驾野营或山系徒步，注重生活情调与手作咖啡。,名下持有一套旧两居，置换回款 65% + 个人理财储蓄补充 + 公积金商业贷,重性价比，不盲信大牌，但要求物业管理有序、绿化修剪及时、人防技防规范。,常年本地稳定居住，工作日职住通勤动线规则单一。
上_2008_00174,上海,2008,教育型买房,44,男,2.7,19.5,0.4,36.6,3,1,否,B,social,0.96,0.46,0.23,0.46,0.58,0.65,0.39,1,0.61,学区房,两室两厅,84,2581,市第二中学地理教师,三口之家(学龄段),上海中环品质两居，车位及空间极其拥挤,小区无地下车库且人车不分流，小孩在楼下玩耍或者推婴儿车极为不安全。,核心要求地块属于第一梯队名校学区，且周边500米内解决幼小衔接教育配套。,主要在陆家嘴/徐家汇CBD上班，首选地铁2/9号线沿线，通勤半小时内。,倡导轻户外，周末常带家人自驾野营或山系徒步，注重生活情调与手作咖啡。,名下持有一套旧两居，置换回款 65% + 个人理财储蓄补充 + 公积金商业贷,重性价比，不盲信大牌，但要求物业管理有序、绿化修剪及时、人防技防规范。,常年本地稳定居住，工作日职住通勤动线规则单一。
上_2008_00175,上海,2008,金融精英,35,男,6.8,46.4,0.4,87.0,3,1,否,A,research,0.7,0.53,0.54,0.57,0.69,0.71,0.71,0.76,0.87,自住-首套,两室两厅,60,10808,商业银行支行信贷科长,三口之家(幼龄段),市中心私密洋房住宅,无高端私密会所及管家式物业配套，圈层鱼龙混杂，高净值居住体验差。,讲究超高得房率（超85%），主卧套房必须配备独立步入式衣帽间与干湿分离双卫。,主要在陆家嘴/徐家汇CBD上班，首选地铁2/9号线沿线，通勤半小时内。,周末常去高端商圈消费，热衷打网球和马术，重度手冲咖啡及黑胶唱片发烧友。,夫妻双方积蓄 + 双方父母出资赞助首付 + 公积金商业组合贷款,非仁恒、绿城、万科等金牌开发商不买，极度看重高端精装质量与顶级物业的增值口碑。,常年本地稳定居住，工作日职住通勤动线规则单一。
上_2008_00176,上海,2008,本地改善,57,男,2.4,23.2,0.45,38.7,4,1,否,B,agent,0.95,0.58,0.51,0.56,0.6,0.85,0.54,0.63,0.69,自住-改善,两室一厅,95,3178,区财政局科员,三口之家(学龄段),上海中环品质两居，车位及空间极其拥挤,小区无地下车库且人车不分流，小孩在楼下玩耍或者推婴儿车极为不安全。,讲究超高得房率（超85%），主卧套房必须配备独立步入式衣帽间与干湿分离双卫。,主要在陆家嘴/徐家汇CBD上班，首选地铁2/9号线沿线，通勤半小时内。,倡导轻户外，周末常带家人自驾野营或山系徒步，注重生活情调与手作咖啡。,名下持有一套旧两居，置换回款 65% + 个人理财储蓄补充 + 公积金商业贷,重性价比，不盲信大牌，但要求物业管理有序、绿化修剪及时、人防技防规范。,常年本地稳定居住，工作日职住通勤动线规则单一。
上_2008_00177,上海,2008,本地改善,41,女,3.1,25.4,0.45,42.3,5,3,是,B,agent,0.83,0.47,0.59,0.54,0.54,0.89,0.64,0.48,0.55,自住-改善,两室一厅,86,4375,国企车间技术主任,二胎黄金期中大户型,上海中环品质两居，车位及空间极其拥挤,小区无地下车库且人车不分流，小孩在楼下玩耍或者推婴儿车极为不安全。,讲究超高得房率（超85%），主卧套房必须配备独立步入式衣帽间与干湿分离双卫。,主要在陆家嘴/徐家汇CBD上班，首选地铁2/9号线沿线，通勤半小时内。,倡导轻户外，周末常带家人自驾野营或山系徒步，注重生活情调与手作咖啡。,名下持有一套旧两居，置换回款 65% + 个人理财储蓄补充 + 公积金商业贷,重性价比，不盲信大牌，但要求物业管理有序、绿化修剪及时、人防技防规范。,常年本地稳定居住，工作日职住通勤动线规则单一。
上_2008_00178,上海,2008,本地改善,46,男,1.8,21.3,0.45,35.5,4,3,否,B,agent,0.61,0.37,0.55,0.54,0.58,0.89,0.68,0.91,0.58,自住-改善,一室一厅,69,3775,市第二中学地理教师,二胎黄金期中大户型,上海中环品质两居，车位及空间极其拥挤,小区无地下车库且人车不分流，小孩在楼下玩耍或者推婴儿车极为不安全。,讲究超高得房率（超85%），主卧套房必须配备独立步入式衣帽间与干湿分离双卫。,主要在陆家嘴/徐家汇CBD上班，首选地铁2/9号线沿线，通勤半小时内。,倡导轻户外，周末常带家人自驾野营或山系徒步，注重生活情调与手作咖啡。,名下持有一套旧两居，置换回款 65% + 个人理财储蓄补充 + 公积金商业贷,重性价比，不盲信大牌，但要求物业管理有序、绿化修剪及时、人防技防规范。,常年本地稳定居住，工作日职住通勤动线规则单一。
上_2008_00179,上海,2008,本地改善,48,男,2.9,34.4,0.45,57.3,4,2,是,B,agent,0.63,0.39,0.6,0.49,0.39,0.74,0.59,0.62,0.58,自住-改善,两室两厅,85,5166,邮政局局长秘书,二胎黄金期中大户型,上海中环品质两居，车位及空间极其拥挤,小区无地下车库且人车不分流，小孩在楼下玩耍或者推婴儿车极为不安全。,讲究超高得房率（超85%），主卧套房必须配备独立步入式衣帽间与干湿分离双卫。,主要在陆家嘴/徐家汇CBD上班，首选地铁2/9号线沿线，通勤半小时内。,倡导轻户外，周末常带家人自驾野营或山系徒步，注重生活情调与手作咖啡。,名下持有一套旧两居，置换回款 65% + 个人理财储蓄补充 + 公积金商业贷,重性价比，不盲信大牌，但要求物业管理有序、绿化修剪及时、人防技防规范。,常年本地稳定居住，工作日职住通勤动线规则单一。
上_2008_00180,上海,2008,本地改善,42,女,3.2,25.8,0.45,42.9,4,2,否,B,agent,1,0.33,0.52,0.51,0.6,0.88,0.56,0.72,0.55,自住-改善,两室一厅,78,3574,邮政局局长秘书,二胎黄金期中大户型,上海中环品质两居，车位及空间极其拥挤,小区无地下车库且人车不分流，小孩在楼下玩耍或者推婴儿车极为不安全。,讲究超高得房率（超85%），主卧套房必须配备独立步入式衣帽间与干湿分离双卫。,主要在陆家嘴/徐家汇CBD上班，首选地铁2/9号线沿线，通勤半小时内。,倡导轻户外，周末常带家人自驾野营或山系徒步，注重生活情调与手作咖啡。,名下持有一套旧两居，置换回款 65% + 个人理财储蓄补充 + 公积金商业贷,重性价比，不盲信大牌，但要求物业管理有序、绿化修剪及时、人防技防规范。,常年本地稳定居住，工作日职住通勤动线规则单一。
上_2008_00181,上海,2008,外籍海归,35,女,0.8,4.2,0.4,7.9,2,0,否,A,social,0.63,0.46,0.55,0.58,0.67,0.71,0.62,0.86,0.86,自住-改善,两室一厅,79,545,合资日化企业技术主管,新婚过渡两居,陆家嘴核心区江景大平层,无高端私密会所及管家式物业配套，圈层鱼龙混杂，高净值居住体验差。,讲究超高得房率（超85%），主卧套房必须配备独立步入式衣帽间与干湿分离双卫。,主要在陆家嘴/徐家汇CBD上班，首选地铁2/9号线沿线，通勤半小时内。,周末常去高端商圈消费，热衷打网球和马术，重度手冲咖啡及黑胶唱片发烧友。,名下已有企业股权套现或分红现金，一次性全款付清，基本不加杠杆,非仁恒、绿城、万科等金牌开发商不买，极度看重高端精装质量与顶级物业的增值口碑。,常年本地稳定居住，工作日职住通勤动线规则单一。
上_2008_00182,上海,2008,本地改善,50,女,2.9,23.3,0.45,38.8,4,2,否,B,agent,0.62,0.48,0.56,0.58,0.67,0.85,0.48,0.75,0.59,自住-改善,一室一厅,81,3014,市第二中学地理教师,二胎黄金期中大户型,上海中环品质两居，车位及空间极其拥挤,小区无地下车库且人车不分流，小孩在楼下玩耍或者推婴儿车极为不安全。,讲究超高得房率（超85%），主卧套房必须配备独立步入式衣帽间与干湿分离双卫。,主要在陆家嘴/徐家汇CBD上班，首选地铁2/9号线沿线，通勤半小时内。,倡导轻户外，周末常带家人自驾野营或山系徒步，注重生活情调与手作咖啡。,名下持有一套旧两居，置换回款 65% + 个人理财储蓄补充 + 公积金商业贷,重性价比，不盲信大牌，但要求物业管理有序、绿化修剪及时、人防技防规范。,常年本地稳定居住，工作日职住通勤动线规则单一。
上_2008_00183,上海,2008,本地改善,41,女,2.7,34.5,0.45,57.5,3,2,是,B,agent,0.39,0.41,0.57,0.43,0.77,0.82,0.7,0.88,0.66,自住-改善,两室两厅,86,4598,邮政局局长秘书,二胎黄金期中大户型,上海中环品质两居，车位及空间极其拥挤,小区无地下车库且人车不分流，小孩在楼下玩耍或者推婴儿车极为不安全。,讲究超高得房率（超85%），主卧套房必须配备独立步入式衣帽间与干湿分离双卫。,主要在陆家嘴/徐家汇CBD上班，首选地铁2/9号线沿线，通勤半小时内。,倡导轻户外，周末常带家人自驾野营或山系徒步，注重生活情调与手作咖啡。,名下持有一套旧两居，置换回款 65% + 个人理财储蓄补充 + 公积金商业贷,重性价比，不盲信大牌，但要求物业管理有序、绿化修剪及时、人防技防规范。,常年本地稳定居住，工作日职住通勤动线规则单一。
上_2008_00184,上海,2008,教育型买房,36,男,3.8,38.8,0.4,72.8,3,2,否,B,social,0.94,0.67,0.44,0.32,0.61,0.65,0.5,0.92,0.63,学区房,两室一厅,75,8609,市第二中学地理教师,二胎黄金期中大户型,上海中环品质两居，车位及空间极其拥挤,小区无地下车库且人车不分流，小孩在楼下玩耍或者推婴儿车极为不安全。,核心要求地块属于第一梯队名校学区，且周边500米内解决幼小衔接教育配套。,主要在陆家嘴/徐家汇CBD上班，首选地铁2/9号线沿线，通勤半小时内。,倡导轻户外，周末常带家人自驾野营或山系徒步，注重生活情调与手作咖啡。,名下持有一套旧两居，置换回款 65% + 个人理财储蓄补充 + 公积金商业贷,重性价比，不盲信大牌，但要求物业管理有序、绿化修剪及时、人防技防规范。,常年本地稳定居住，工作日职住通勤动线规则单一。
上_2008_00185,上海,2008,长三角家庭,46,女,1.6,11.3,0.45,18.9,5,3,是,B,agent,0.81,0.45,0.46,0.57,0.59,0.76,0.43,0.67,0.55,自住-改善,两室两厅,86,1642,邮政局局长秘书,二胎黄金期中大户型,上海中环品质两居，车位及空间极其拥挤,小区无地下车库且人车不分流，小孩在楼下玩耍或者推婴儿车极为不安全。,讲究超高得房率（超85%），主卧套房必须配备独立步入式衣帽间与干湿分离双卫。,主要在陆家嘴/徐家汇CBD上班，首选地铁2/9号线沿线，通勤半小时内。,倡导轻户外，周末常带家人自驾野营或山系徒步，注重生活情调与手作咖啡。,名下持有一套旧两居，置换回款 65% + 个人理财储蓄补充 + 公积金商业贷,重性价比，不盲信大牌，但要求物业管理有序、绿化修剪及时、人防技防规范。,常年本地稳定居住，工作日职住通勤动线规则单一。
上_2008_00186,上海,2008,本地改善,42,男,2.7,18.7,0.45,31.1,3,2,否,B,agent,0.7,0.51,0.58,0.54,0.53,0.82,0.67,0.65,0.62,自住-改善,一室一厅,77,2706,市第二中学地理教师,二胎黄金期中大户型,上海中环品质两居，车位及空间极其拥挤,小区无地下车库且人车不分流，小孩在楼下玩耍或者推婴儿车极为不安全。,讲究超高得房率（超85%），主卧套房必须配备独立步入式衣帽间与干湿分离双卫。,主要在陆家嘴/徐家汇CBD上班，首选地铁2/9号线沿线，通勤半小时内。,倡导轻户外，周末常带家人自驾野营或山系徒步，注重生活情调与手作咖啡。,名下持有一套旧两居，置换回款 65% + 个人理财储蓄补充 + 公积金商业贷,重性价比，不盲信大牌，但要求物业管理有序、绿化修剪及时、人防技防规范。,常年本地稳定居住，工作日职住通勤动线规则单一。
上_2008_00187,上海,2008,教育型买房,45,男,5.0,34.7,0.4,65.1,4,1,否,B,social,1,0.49,0.38,0.29,0.54,0.81,0.65,0.94,0.6,学区房,两室一厅,78,6392,区财政局科员,三口之家(学龄段),上海中环品质两居，车位及空间极其拥挤,小区无地下车库且人车不分流，小孩在楼下玩耍或者推婴儿车极为不安全。,讲究超高得房率（超85%），主卧套房必须配备独立步入式衣帽间与干湿分离双卫。,主要在陆家嘴/徐家汇CBD上班，首选地铁2/9号线沿线，通勤半小时内。,倡导轻户外，周末常带家人自驾野营或山系徒步，注重生活情调与手作咖啡。,名下持有一套旧两居，置换回款 65% + 个人理财储蓄补充 + 公积金商业贷,重性价比，不盲信大牌，但要求物业管理有序、绿化修剪及时、人防技防规范。,常年本地稳定居住，工作日职住通勤动线规则单一。
上_2008_00188,上海,2008,本地改善,55,男,3.5,36.3,0.45,60.5,4,2,是,B,agent,0.86,0.5,0.52,0.38,0.69,0.85,0.52,0.59,0.66,自住-改善,两室两厅,74,6994,区财政局科员,二胎黄金期中大户型,上海中环品质两居，车位及空间极其拥挤,小区无地下车库且人车不分流，小孩在楼下玩耍或者推婴儿车极为不安全。,讲究超高得房率（超85%），主卧套房必须配备独立步入式衣帽间与干湿分离双卫。,主要在陆家嘴/徐家汇CBD上班，首选地铁2/9号线沿线，通勤半小时内。,倡导轻户外，周末常带家人自驾野营或山系徒步，注重生活情调与手作咖啡。,名下持有一套旧两居，置换回款 65% + 个人理财储蓄补充 + 公积金商业贷,重性价比，不盲信大牌，但要求物业管理有序、绿化修剪及时、人防技防规范。,常年本地稳定居住，工作日职住通勤动线规则单一。
上_2008_00189,上海,2008,本地改善,57,女,2.4,23.0,0.45,38.3,5,1,否,B,agent,0.71,0.52,0.59,0.68,0.53,0.91,0.5,0.61,0.67,自住-改善,两室两厅,53,5703,邮政局局长秘书,三口之家(学龄段),上海中环品质两居，车位及空间极其拥挤,小区无地下车库且人车不分流，小孩在楼下玩耍或者推婴儿车极为不安全。,讲究超高得房率（超85%），主卧套房必须配备独立步入式衣帽间与干湿分离双卫。,主要在陆家嘴/徐家汇CBD上班，首选地铁2/9号线沿线，通勤半小时内。,倡导轻户外，周末常带家人自驾野营或山系徒步，注重生活情调与手作咖啡。,名下持有一套旧两居，置换回款 65% + 个人理财储蓄补充 + 公积金商业贷,重性价比，不盲信大牌，但要求物业管理有序、绿化修剪及时、人防技防规范。,常年本地稳定居住，工作日职住通勤动线规则单一。
上_2008_00190,上海,2008,金融精英,33,男,8.3,47.0,0.4,88.2,3,2,否,A,research,0.86,0.47,0.65,0.61,0.62,0.79,0.69,0.94,0.68,自住-首套,两室一厅,88,6307,申银万国证券分析员,二胎黄金期中大户型,陆家嘴核心区江景大平层,无高端私密会所及管家式物业配套，圈层鱼龙混杂，高净值居住体验差。,讲究超高得房率（超85%），主卧套房必须配备独立步入式衣帽间与干湿分离双卫。,主要在陆家嘴/徐家汇CBD上班，首选地铁2/9号线沿线，通勤半小时内。,周末常去高端商圈消费，热衷打网球和马术，重度手冲咖啡及黑胶唱片发烧友。,夫妻双方积蓄 + 双方父母出资赞助首付 + 公积金商业组合贷款,重性价比，不盲信大牌，但要求物业管理有序、绿化修剪及时、人防技防规范。,常年本地稳定居住，工作日职住通勤动线规则单一。
上_2008_00191,上海,2008,本地改善,44,男,1.3,11.3,0.45,18.8,3,2,是,B,agent,0.54,0.52,0.62,0.65,0.67,0.88,0.51,0.57,0.61,自住-改善,两室一厅,69,2431,邮政局局长秘书,二胎黄金期中大户型,上海中环品质两居，车位及空间极其拥挤,小区无地下车库且人车不分流，小孩在楼下玩耍或者推婴儿车极为不安全。,讲究超高得房率（超85%），主卧套房必须配备独立步入式衣帽间与干湿分离双卫。,主要在陆家嘴/徐家汇CBD上班，首选地铁2/9号线沿线，通勤半小时内。,倡导轻户外，周末常带家人自驾野营或山系徒步，注重生活情调与手作咖啡。,名下持有一套旧两居，置换回款 65% + 个人理财储蓄补充 + 公积金商业贷,重性价比，不盲信大牌，但要求物业管理有序、绿化修剪及时、人防技防规范。,常年本地稳定居住，工作日职住通勤动线规则单一。
上_2008_00192,上海,2008,金融精英,49,男,6.6,49.3,0.4,92.5,3,1,是,A,research,0.79,0.48,0.59,0.53,0.75,0.77,0.79,1,0.77,自住-改善,两室两厅,50,12610,商业银行支行信贷科长,三口之家(学龄段),市中心私密洋房住宅,当前房屋属于旧多层无电梯房，父母年纪渐高每天爬楼梯极为吃力。,讲究超高得房率（超85%），主卧套房必须配备独立步入式衣帽间与干湿分离双卫。,主要在陆家嘴/徐家汇CBD上班，首选地铁2/9号线沿线，通勤半小时内。,周末常去高端商圈消费，热衷打网球和马术，重度手冲咖啡及黑胶唱片发烧友。,名下已有企业股权套现或分红现金，一次性全款付清，基本不加杠杆,非仁恒、绿城、万科等金牌开发商不买，极度看重高端精装质量与顶级物业的增值口碑。,常年本地稳定居住，工作日职住通勤动线规则单一。
上_2008_00193,上海,2008,本地改善,45,女,4.4,56.4,0.45,93.9,3,2,是,B,agent,0.5,0.57,0.45,0.52,0.52,0.85,0.6,0.77,0.53,自住-改善,两室两厅,76,9084,区财政局科员,二胎黄金期中大户型,上海中环品质两居，车位及空间极其拥挤,小区无地下车库且人车不分流，小孩在楼下玩耍或者推婴儿车极为不安全。,讲究超高得房率（超85%），主卧套房必须配备独立步入式衣帽间与干湿分离双卫。,主要在陆家嘴/徐家汇CBD上班，首选地铁2/9号线沿线，通勤半小时内。,倡导轻户外，周末常带家人自驾野营或山系徒步，注重生活情调与手作咖啡。,名下持有一套旧两居，置换回款 65% + 个人理财储蓄补充 + 公积金商业贷,重性价比，不盲信大牌，但要求物业管理有序、绿化修剪及时、人防技防规范。,常年本地稳定居住，工作日职住通勤动线规则单一。
上_2008_00194,上海,2008,金融精英,35,女,4.3,40.3,0.4,75.6,2,1,否,A,research,0.75,0.52,0.71,0.63,0.81,0.77,0.72,0.89,0.82,自住-首套,一室一厅,61,8736,商业银行支行信贷科长,三口之家(幼龄段),陆家嘴核心区江景大平层,无高端私密会所及管家式物业配套，圈层鱼龙混杂，高净值居住体验差。,要求有超大面宽南向双阳台（观景家政分离），主卧大飘窗能270度直面自然景观。,主要在陆家嘴/徐家汇CBD上班，首选地铁2/9号线沿线，通勤半小时内。,周末常去高端商圈消费，热衷打网球和马术，重度手冲咖啡及黑胶唱片发烧友。,夫妻双方积蓄 + 双方父母出资赞助首付 + 公积金商业组合贷款,非仁恒、绿城、万科等金牌开发商不买，极度看重高端精装质量与顶级物业的增值口碑。,常年本地稳定居住，工作日职住通勤动线规则单一。
上_2008_00195,上海,2008,本地改善,45,男,2.4,29.8,0.45,49.6,4,2,是,B,agent,0.68,0.34,0.62,0.5,0.45,0.88,0.71,0.81,0.77,自住-改善,两室一厅,76,5467,邮政局局长秘书,二胎黄金期中大户型,上海中环品质两居，车位及空间极其拥挤,小区无地下车库且人车不分流，小孩在楼下玩耍或者推婴儿车极为不安全。,讲究超高得房率（超85%），主卧套房必须配备独立步入式衣帽间与干湿分离双卫。,主要在陆家嘴/徐家汇CBD上班，首选地铁2/9号线沿线，通勤半小时内。,倡导轻户外，周末常带家人自驾野营或山系徒步，注重生活情调与手作咖啡。,名下持有一套旧两居，置换回款 65% + 个人理财储蓄补充 + 公积金商业贷,非仁恒、绿城、万科等金牌开发商不买，极度看重高端精装质量与顶级物业的增值口碑。,常年本地稳定居住，工作日职住通勤动线规则单一。
上_2008_00196,上海,2008,长三角家庭,43,男,1.5,12.3,0.45,20.5,3,2,否,B,agent,0.37,0.57,0.48,0.46,0.52,0.85,0.36,0.69,0.61,自住-首套,一室一厅,61,2151,市第二中学地理教师,二胎黄金期中大户型,上海中环品质两居，车位及空间极其拥挤,小区无地下车库且人车不分流，小孩在楼下玩耍或者推婴儿车极为不安全。,讲究超高得房率（超85%），主卧套房必须配备独立步入式衣帽间与干湿分离双卫。,主要在陆家嘴/徐家汇CBD上班，首选地铁2/9号线沿线，通勤半小时内。,倡导轻户外，周末常带家人自驾野营或山系徒步，注重生活情调与手作咖啡。,夫妻双方积蓄 + 双方父母出资赞助首付 + 公积金商业组合贷款,重性价比，不盲信大牌，但要求物业管理有序、绿化修剪及时、人防技防规范。,常年本地稳定居住，工作日职住通勤动线规则单一。
上_2008_00197,上海,2008,教育型买房,44,女,3.1,26.3,0.4,49.3,3,1,否,B,social,0.92,0.38,0.47,0.47,0.57,0.65,0.6,0.97,0.63,学区房,一室一厅,70,6124,市第二中学地理教师,三口之家(学龄段),上海中环品质两居，车位及空间极其拥挤,小区无地下车库且人车不分流，小孩在楼下玩耍或者推婴儿车极为不安全。,核心要求地块属于第一梯队名校学区，且周边500米内解决幼小衔接教育配套。,主要在陆家嘴/徐家汇CBD上班，首选地铁2/9号线沿线，通勤半小时内。,倡导轻户外，周末常带家人自驾野营或山系徒步，注重生活情调与手作咖啡。,名下持有一套旧两居，置换回款 65% + 个人理财储蓄补充 + 公积金商业贷,重性价比，不盲信大牌，但要求物业管理有序、绿化修剪及时、人防技防规范。,常年本地稳定居住，工作日职住通勤动线规则单一。
上_2008_00198,上海,2008,金融精英,47,男,4.1,23.3,0.4,43.6,2,1,否,A,research,0.78,0.39,0.71,0.66,0.87,0.74,0.62,0.98,0.84,自住-首套,两室两厅,76,4218,商业银行支行信贷科长,三口之家(学龄段),陆家嘴核心区江景大平层,无高端私密会所及管家式物业配套，圈层鱼龙混杂，高净值居住体验差。,要求有超大面宽南向双阳台（观景家政分离），主卧大飘窗能270度直面自然景观。,主要在陆家嘴/徐家汇CBD上班，首选地铁2/9号线沿线，通勤半小时内。,周末常去高端商圈消费，热衷打网球和马术，重度手冲咖啡及黑胶唱片发烧友。,夫妻双方积蓄 + 双方父母出资赞助首付 + 公积金商业组合贷款,非仁恒、绿城、万科等金牌开发商不买，极度看重高端精装质量与顶级物业的增值口碑。,常年本地稳定居住，工作日职住通勤动线规则单一。
上_2008_00199,上海,2008,长三角家庭,43,男,2.1,18.1,0.45,30.2,4,2,是,B,agent,0.9,0.48,0.48,0.55,0.62,0.83,0.32,0.76,0.64,自住-改善,两室一厅,50,4977,国企车间技术主任,二胎黄金期中大户型,上海中环品质两居，车位及空间极其拥挤,小区无地下车库且人车不分流，小孩在楼下玩耍或者推婴儿车极为不安全。,讲究超高得房率（超85%），主卧套房必须配备独立步入式衣帽间与干湿分离双卫。,主要在陆家嘴/徐家汇CBD上班，首选地铁2/9号线沿线，通勤半小时内。,倡导轻户外，周末常带家人自驾野营或山系徒步，注重生活情调与手作咖啡。,名下持有一套旧两居，置换回款 65% + 个人理财储蓄补充 + 公积金商业贷,重性价比，不盲信大牌，但要求物业管理有序、绿化修剪及时、人防技防规范。,常年本地稳定居住，工作日职住通勤动线规则单一。
上_2008_00200,上海,2008,教育型买房,33,男,2.7,20.3,0.4,38.0,3,0,否,B,social,0.79,0.59,0.32,0.37,0.66,0.65,0.66,0.99,0.54,学区房,两室一厅,80,3918,邮政局局长秘书,新婚过渡两居,上海中环品质两居，车位及空间极其拥挤,老小区隔音差，邻里滋扰严重，且车位严重匮乏，每晚加班回来抢车位像打仗。,核心要求地块属于第一梯队名校学区，且周边500米内解决幼小衔接教育配套。,主要在陆家嘴/徐家汇CBD上班，首选地铁2/9号线沿线，通勤半小时内。,倡导轻户外，周末常带家人自驾野营或山系徒步，注重生活情调与手作咖啡。,名下持有一套旧两居，置换回款 65% + 个人理财储蓄补充 + 公积金商业贷,重性价比，不盲信大牌，但要求物业管理有序、绿化修剪及时、人防技防规范。,常年本地稳定居住，工作日职住通勤动线规则单一。
上_2008_00201,上海,2008,金融精英,44,女,3.4,20.0,0.4,37.4,3,1,否,A,research,0.71,0.4,0.66,0.66,0.88,0.82,0.77,0.9,0.71,自住-首套,一室一厅,80,2437,老牌证券公司营业部经理,三口之家(学龄段),市中心私密洋房住宅,无高端私密会所及管家式物业配套，圈层鱼龙混杂，高净值居住体验差。,讲究超高得房率（超85%），主卧套房必须配备独立步入式衣帽间与干湿分离双卫。,主要在陆家嘴/徐家汇CBD上班，首选地铁2/9号线沿线，通勤半小时内。,周末常去高端商圈消费，热衷打网球和马术，重度手冲咖啡及黑胶唱片发烧友。,夫妻双方积蓄 + 双方父母出资赞助首付 + 公积金商业组合贷款,非仁恒、绿城、万科等金牌开发商不买，极度看重高端精装质量与顶级物业的增值口碑。,常年本地稳定居住，工作日职住通勤动线规则单一。
上_2008_00202,上海,2008,教育型买房,45,男,4.8,44.0,0.4,82.4,4,2,是,B,social,1,0.58,0.32,0.34,0.63,0.65,0.43,1,0.57,学区房,一室一厅,85,4989,区财政局科员,二胎黄金期中大户型,上海中环品质两居，车位及空间极其拥挤,小区无地下车库且人车不分流，小孩在楼下玩耍或者推婴儿车极为不安全。,核心要求地块属于第一梯队名校学区，且周边500米内解决幼小衔接教育配套。,主要在陆家嘴/徐家汇CBD上班，首选地铁2/9号线沿线，通勤半小时内。,倡导轻户外，周末常带家人自驾野营或山系徒步，注重生活情调与手作咖啡。,名下持有一套旧两居，置换回款 65% + 个人理财储蓄补充 + 公积金商业贷,重性价比，不盲信大牌，但要求物业管理有序、绿化修剪及时、人防技防规范。,常年本地稳定居住，工作日职住通勤动线规则单一。
上_2008_00203,上海,2008,本地改善,54,女,2.3,17.4,0.45,29.0,4,3,否,B,agent,0.66,0.5,0.52,0.61,0.49,0.75,0.6,0.59,0.45,自住-改善,一室一厅,91,2723,邮政局局长秘书,二胎黄金期中大户型,上海中环品质两居，车位及空间极其拥挤,小区无地下车库且人车不分流，小孩在楼下玩耍或者推婴儿车极为不安全。,讲究超高得房率（超85%），主卧套房必须配备独立步入式衣帽间与干湿分离双卫。,主要在陆家嘴/徐家汇CBD上班，首选地铁2/9号线沿线，通勤半小时内。,倡导轻户外，周末常带家人自驾野营或山系徒步，注重生活情调与手作咖啡。,名下持有一套旧两居，置换回款 65% + 个人理财储蓄补充 + 公积金商业贷,重性价比，不盲信大牌，但要求物业管理有序、绿化修剪及时、人防技防规范。,常年本地稳定居住，工作日职住通勤动线规则单一。
上_2008_00204,上海,2008,本地改善,43,女,2.1,18.0,0.45,30.0,4,2,是,B,agent,0.61,0.64,0.61,0.59,0.71,0.73,0.62,0.64,0.67,自住-改善,两室两厅,96,1652,区财政局科员,二胎黄金期中大户型,上海中环品质两居，车位及空间极其拥挤,小区无地下车库且人车不分流，小孩在楼下玩耍或者推婴儿车极为不安全。,讲究超高得房率（超85%），主卧套房必须配备独立步入式衣帽间与干湿分离双卫。,主要在陆家嘴/徐家汇CBD上班，首选地铁2/9号线沿线，通勤半小时内。,倡导轻户外，周末常带家人自驾野营或山系徒步，注重生活情调与手作咖啡。,名下持有一套旧两居，置换回款 65% + 个人理财储蓄补充 + 公积金商业贷,重性价比，不盲信大牌，但要求物业管理有序、绿化修剪及时、人防技防规范。,常年本地稳定居住，工作日职住通勤动线规则单一。
上_2008_00205,上海,2008,本地改善,47,女,1.1,10.7,0.45,17.9,3,2,否,B,agent,0.69,0.56,0.47,0.42,0.51,0.81,0.57,0.79,0.53,自住-改善,一室一厅,76,2114,区财政局科员,二胎黄金期中大户型,上海中环品质两居，车位及空间极其拥挤,小区无地下车库且人车不分流，小孩在楼下玩耍或者推婴儿车极为不安全。,讲究超高得房率（超85%），主卧套房必须配备独立步入式衣帽间与干湿分离双卫。,主要在陆家嘴/徐家汇CBD上班，首选地铁2/9号线沿线，通勤半小时内。,倡导轻户外，周末常带家人自驾野营或山系徒步，注重生活情调与手作咖啡。,名下持有一套旧两居，置换回款 65% + 个人理财储蓄补充 + 公积金商业贷,重性价比，不盲信大牌，但要求物业管理有序、绿化修剪及时、人防技防规范。,常年本地稳定居住，工作日职住通勤动线规则单一。
上_2008_00206,上海,2008,教育型买房,44,女,3.5,33.9,0.4,63.6,3,1,否,B,social,0.91,0.55,0.35,0.48,0.56,0.62,0.54,0.91,0.57,学区房,两室一厅,96,3491,国企车间技术主任,三口之家(学龄段),上海中环品质两居，车位及空间极其拥挤,小区无地下车库且人车不分流，小孩在楼下玩耍或者推婴儿车极为不安全。,核心要求地块属于第一梯队名校学区，且周边500米内解决幼小衔接教育配套。,主要在陆家嘴/徐家汇CBD上班，首选地铁2/9号线沿线，通勤半小时内。,倡导轻户外，周末常带家人自驾野营或山系徒步，注重生活情调与手作咖啡。,名下持有一套旧两居，置换回款 65% + 个人理财储蓄补充 + 公积金商业贷,重性价比，不盲信大牌，但要求物业管理有序、绿化修剪及时、人防技防规范。,常年本地稳定居住，工作日职住通勤动线规则单一。
上_2008_00207,上海,2008,本地改善,57,男,1.9,14.9,0.45,24.9,4,2,否,B,agent,0.82,0.31,0.53,0.51,0.73,0.75,0.73,0.67,0.56,自住-改善,两室一厅,96,2287,区财政局科员,二胎黄金期中大户型,上海中环品质两居，车位及空间极其拥挤,小区无地下车库且人车不分流，小孩在楼下玩耍或者推婴儿车极为不安全。,讲究超高得房率（超85%），主卧套房必须配备独立步入式衣帽间与干湿分离双卫。,主要在陆家嘴/徐家汇CBD上班，首选地铁2/9号线沿线，通勤半小时内。,倡导轻户外，周末常带家人自驾野营或山系徒步，注重生活情调与手作咖啡。,名下持有一套旧两居，置换回款 65% + 个人理财储蓄补充 + 公积金商业贷,重性价比，不盲信大牌，但要求物业管理有序、绿化修剪及时、人防技防规范。,常年本地稳定居住，工作日职住通勤动线规则单一。
上_2008_00208,上海,2008,本地改善,42,女,1.7,17.1,0.45,28.6,4,3,是,B,agent,0.73,0.54,0.6,0.56,0.47,0.74,0.68,0.77,0.58,自住-改善,两室两厅,94,1955,邮政局局长秘书,二胎黄金期中大户型,上海中环品质两居，车位及空间极其拥挤,小区无地下车库且人车不分流，小孩在楼下玩耍或者推婴儿车极为不安全。,讲究超高得房率（超85%），主卧套房必须配备独立步入式衣帽间与干湿分离双卫。,主要在陆家嘴/徐家汇CBD上班，首选地铁2/9号线沿线，通勤半小时内。,倡导轻户外，周末常带家人自驾野营或山系徒步，注重生活情调与手作咖啡。,名下持有一套旧两居，置换回款 65% + 个人理财储蓄补充 + 公积金商业贷,重性价比，不盲信大牌，但要求物业管理有序、绿化修剪及时、人防技防规范。,常年本地稳定居住，工作日职住通勤动线规则单一。
上_2008_00209,上海,2008,金融精英,36,女,6.5,50.2,0.4,94.1,4,2,否,A,research,0.89,0.33,0.66,0.74,0.74,0.75,0.86,0.71,0.72,自住-首套,两室两厅,85,6444,商业银行支行信贷科长,二胎黄金期中大户型,陆家嘴核心区江景大平层,无高端私密会所及管家式物业配套，圈层鱼龙混杂，高净值居住体验差。,要求独立电梯入户，主次卧动线分明，配备独立保姆房和私密后院。,主要在陆家嘴/徐家汇CBD上班，首选地铁2/9号线沿线，通勤半小时内。,周末常去高端商圈消费，热衷打网球和马术，重度手冲咖啡及黑胶唱片发烧友。,夫妻双方积蓄 + 双方父母出资赞助首付 + 公积金商业组合贷款,非仁恒、绿城、万科等金牌开发商不买，极度看重高端精装质量与顶级物业的增值口碑。,常年本地稳定居住，工作日职住通勤动线规则单一。
上_2008_00210,上海,2008,教育型买房,36,男,2.5,22.0,0.4,41.2,3,1,是,B,social,1,0.55,0.25,0.39,0.67,0.74,0.62,0.97,0.73,学区房,一室一厅,98,2964,市第二中学地理教师,三口之家(幼龄段),上海中环品质两居，车位及空间极其拥挤,小区无地下车库且人车不分流，小孩在楼下玩耍或者推婴儿车极为不安全。,讲究超高得房率（超85%），主卧套房必须配备独立步入式衣帽间与干湿分离双卫。,主要在陆家嘴/徐家汇CBD上班，首选地铁2/9号线沿线，通勤半小时内。,倡导轻户外，周末常带家人自驾野营或山系徒步，注重生活情调与手作咖啡。,名下持有一套旧两居，置换回款 65% + 个人理财储蓄补充 + 公积金商业贷,非仁恒、绿城、万科等金牌开发商不买，极度看重高端精装质量与顶级物业的增值口碑。,常年本地稳定居住，工作日职住通勤动线规则单一。
上_2008_00211,上海,2008,教育型买房,46,男,3.6,25.9,0.4,48.6,3,1,否,B,social,0.95,0.39,0.46,0.45,0.71,0.78,0.55,0.86,0.64,学区房,一室一厅,56,6738,邮政局局长秘书,三口之家(学龄段),上海中环品质两居，车位及空间极其拥挤,小区无地下车库且人车不分流，小孩在楼下玩耍或者推婴儿车极为不安全。,讲究超高得房率（超85%），主卧套房必须配备独立步入式衣帽间与干湿分离双卫。,主要在陆家嘴/徐家汇CBD上班，首选地铁2/9号线沿线，通勤半小时内。,倡导轻户外，周末常带家人自驾野营或山系徒步，注重生活情调与手作咖啡。,名下持有一套旧两居，置换回款 65% + 个人理财储蓄补充 + 公积金商业贷,重性价比，不盲信大牌，但要求物业管理有序、绿化修剪及时、人防技防规范。,常年本地稳定居住，工作日职住通勤动线规则单一。
上_2008_00212,上海,2008,教育型买房,36,女,1.5,12.2,0.4,22.9,4,1,否,B,social,0.96,0.55,0.41,0.48,0.76,0.72,0.58,0.84,0.57,学区房,一室一厅,60,3330,国企车间技术主任,三口之家(幼龄段),上海中环品质两居，车位及空间极其拥挤,小区无地下车库且人车不分流，小孩在楼下玩耍或者推婴儿车极为不安全。,讲究超高得房率（超85%），主卧套房必须配备独立步入式衣帽间与干湿分离双卫。,主要在陆家嘴/徐家汇CBD上班，首选地铁2/9号线沿线，通勤半小时内。,倡导轻户外，周末常带家人自驾野营或山系徒步，注重生活情调与手作咖啡。,名下持有一套旧两居，置换回款 65% + 个人理财储蓄补充 + 公积金商业贷,重性价比，不盲信大牌，但要求物业管理有序、绿化修剪及时、人防技防规范。,常年本地稳定居住，工作日职住通勤动线规则单一。
上_2008_00213,上海,2008,本地改善,43,男,3.1,32.2,0.45,53.7,4,1,否,B,agent,0.81,0.61,0.55,0.54,0.4,0.86,0.64,0.7,0.66,自住-改善,两室一厅,58,4976,区财政局科员,三口之家(学龄段),上海中环品质两居，车位及空间极其拥挤,小区无地下车库且人车不分流，小孩在楼下玩耍或者推婴儿车极为不安全。,讲究超高得房率（超85%），主卧套房必须配备独立步入式衣帽间与干湿分离双卫。,主要在陆家嘴/徐家汇CBD上班，首选地铁2/9号线沿线，通勤半小时内。,倡导轻户外，周末常带家人自驾野营或山系徒步，注重生活情调与手作咖啡。,名下持有一套旧两居，置换回款 65% + 个人理财储蓄补充 + 公积金商业贷,重性价比，不盲信大牌，但要求物业管理有序、绿化修剪及时、人防技防规范。,常年本地稳定居住，工作日职住通勤动线规则单一。
上_2008_00214,上海,2008,金融精英,45,女,3.2,32.3,0.4,60.6,4,1,否,A,research,0.43,0.35,0.67,0.68,0.72,0.69,0.66,0.89,0.77,自住-首套,两室两厅,100,3521,商业银行支行信贷科长,三口之家(学龄段),西湖边高精平层,无高端私密会所及管家式物业配套，圈层鱼龙混杂，高净值居住体验差。,核心要求地块属于第一梯队名校学区，且周边500米内解决幼小衔接教育配套。,主要在陆家嘴/徐家汇CBD上班，首选地铁2/9号线沿线，通勤半小时内。,周末常去高端商圈消费，热衷打网球和马术，重度手冲咖啡及黑胶唱片发烧友。,夫妻双方积蓄 + 双方父母出资赞助首付 + 公积金商业组合贷款,非仁恒、绿城、万科等金牌开发商不买，极度看重高端精装质量与顶级物业的增值口碑。,常年本地稳定居住，工作日职住通勤动线规则单一。
上_2008_00215,上海,2008,本地改善,42,男,1.5,14.6,0.45,24.4,4,2,否,B,agent,0.58,0.56,0.57,0.43,0.6,0.85,0.53,0.68,0.61,自住-改善,两室两厅,75,1849,区财政局科员,二胎黄金期中大户型,上海中环品质两居，车位及空间极其拥挤,小区无地下车库且人车不分流，小孩在楼下玩耍或者推婴儿车极为不安全。,讲究超高得房率（超85%），主卧套房必须配备独立步入式衣帽间与干湿分离双卫。,主要在陆家嘴/徐家汇CBD上班，首选地铁2/9号线沿线，通勤半小时内。,倡导轻户外，周末常带家人自驾野营或山系徒步，注重生活情调与手作咖啡。,名下持有一套旧两居，置换回款 65% + 个人理财储蓄补充 + 公积金商业贷,重性价比，不盲信大牌，但要求物业管理有序、绿化修剪及时、人防技防规范。,常年本地稳定居住，工作日职住通勤动线规则单一。
上_2008_00216,上海,2008,本地改善,38,女,3.3,40.8,0.45,67.9,4,2,是,B,agent,0.73,0.41,0.53,0.55,0.6,0.91,0.67,0.73,0.54,自住-改善,一室一厅,52,11153,区财政局科员,二胎黄金期中大户型,上海中环品质两居，车位及空间极其拥挤,小区无地下车库且人车不分流，小孩在楼下玩耍或者推婴儿车极为不安全。,讲究超高得房率（超85%），主卧套房必须配备独立步入式衣帽间与干湿分离双卫。,主要在陆家嘴/徐家汇CBD上班，首选地铁2/9号线沿线，通勤半小时内。,倡导轻户外，周末常带家人自驾野营或山系徒步，注重生活情调与手作咖啡。,名下持有一套旧两居，置换回款 65% + 个人理财储蓄补充 + 公积金商业贷,重性价比，不盲信大牌，但要求物业管理有序、绿化修剪及时、人防技防规范。,常年本地稳定居住，工作日职住通勤动线规则单一。
上_2008_00217,上海,2008,教育型买房,38,男,1.5,11.0,0.4,20.6,3,1,否,B,social,0.73,0.58,0.47,0.49,0.69,0.69,0.57,0.85,0.7,学区房,两室两厅,53,2708,市第二中学地理教师,三口之家(学龄段),上海中环品质两居，车位及空间极其拥挤,小区无地下车库且人车不分流，小孩在楼下玩耍或者推婴儿车极为不安全。,核心要求地块属于第一梯队名校学区，且周边500米内解决幼小衔接教育配套。,主要在陆家嘴/徐家汇CBD上班，首选地铁2/9号线沿线，通勤半小时内。,倡导轻户外，周末常带家人自驾野营或山系徒步，注重生活情调与手作咖啡。,名下持有一套旧两居，置换回款 65% + 个人理财储蓄补充 + 公积金商业贷,重性价比，不盲信大牌，但要求物业管理有序、绿化修剪及时、人防技防规范。,常年本地稳定居住，工作日职住通勤动线规则单一。
上_2008_00218,上海,2008,本地改善,44,男,3.2,37.8,0.45,62.9,4,2,是,B,agent,0.95,0.6,0.46,0.52,0.54,0.89,0.73,0.64,0.66,自住-改善,一室一厅,55,6770,邮政局局长秘书,二胎黄金期中大户型,上海中环品质两居，车位及空间极其拥挤,小区无地下车库且人车不分流，小孩在楼下玩耍或者推婴儿车极为不安全。,讲究超高得房率（超85%），主卧套房必须配备独立步入式衣帽间与干湿分离双卫。,主要在陆家嘴/徐家汇CBD上班，首选地铁2/9号线沿线，通勤半小时内。,倡导轻户外，周末常带家人自驾野营或山系徒步，注重生活情调与手作咖啡。,名下持有一套旧两居，置换回款 65% + 个人理财储蓄补充 + 公积金商业贷,重性价比，不盲信大牌，但要求物业管理有序、绿化修剪及时、人防技防规范。,常年本地稳定居住，工作日职住通勤动线规则单一。
上_2008_00219,上海,2008,教育型买房,45,男,2.2,17.3,0.4,32.4,3,1,是,B,social,0.9,0.51,0.46,0.43,0.62,0.66,0.53,1,0.57,学区房,两室一厅,53,5034,市第二中学地理教师,三口之家(学龄段),上海中环品质两居，车位及空间极其拥挤,小区无地下车库且人车不分流，小孩在楼下玩耍或者推婴儿车极为不安全。,核心要求地块属于第一梯队名校学区，且周边500米内解决幼小衔接教育配套。,主要在陆家嘴/徐家汇CBD上班，首选地铁2/9号线沿线，通勤半小时内。,倡导轻户外，周末常带家人自驾野营或山系徒步，注重生活情调与手作咖啡。,名下持有一套旧两居，置换回款 65% + 个人理财储蓄补充 + 公积金商业贷,重性价比，不盲信大牌，但要求物业管理有序、绿化修剪及时、人防技防规范。,常年本地稳定居住，工作日职住通勤动线规则单一。
上_2008_00220,上海,2008,本地改善,48,男,1.7,13.9,0.45,23.1,3,1,否,B,agent,0.67,0.44,0.62,0.41,0.64,0.91,0.64,0.6,0.64,自住-改善,两室一厅,66,2187,市第二中学地理教师,三口之家(学龄段),上海中环品质两居，车位及空间极其拥挤,小区无地下车库且人车不分流，小孩在楼下玩耍或者推婴儿车极为不安全。,讲究超高得房率（超85%），主卧套房必须配备独立步入式衣帽间与干湿分离双卫。,主要在陆家嘴/徐家汇CBD上班，首选地铁2/9号线沿线，通勤半小时内。,倡导轻户外，周末常带家人自驾野营或山系徒步，注重生活情调与手作咖啡。,名下持有一套旧两居，置换回款 65% + 个人理财储蓄补充 + 公积金商业贷,重性价比，不盲信大牌，但要求物业管理有序、绿化修剪及时、人防技防规范。,常年本地稳定居住，工作日职住通勤动线规则单一。
上_2008_00221,上海,2008,本地改善,54,女,2.6,26.5,0.45,44.2,4,3,否,B,agent,0.93,0.51,0.46,0.49,0.43,0.83,0.66,0.53,0.61,自住-改善,一室一厅,77,2918,区财政局科员,二胎黄金期中大户型,上海中环品质两居，车位及空间极其拥挤,小区无地下车库且人车不分流，小孩在楼下玩耍或者推婴儿车极为不安全。,讲究超高得房率（超85%），主卧套房必须配备独立步入式衣帽间与干湿分离双卫。,主要在陆家嘴/徐家汇CBD上班，首选地铁2/9号线沿线，通勤半小时内。,倡导轻户外，周末常带家人自驾野营或山系徒步，注重生活情调与手作咖啡。,名下持有一套旧两居，置换回款 65% + 个人理财储蓄补充 + 公积金商业贷,重性价比，不盲信大牌，但要求物业管理有序、绿化修剪及时、人防技防规范。,常年本地稳定居住，工作日职住通勤动线规则单一。
上_2008_00222,上海,2008,教育型买房,48,女,2.6,21.4,0.4,40.1,3,1,是,B,social,0.77,0.54,0.31,0.46,0.61,0.75,0.6,0.97,0.57,学区房,两室两厅,95,3709,邮政局局长秘书,三口之家(学龄段),上海中环品质两居，车位及空间极其拥挤,小区无地下车库且人车不分流，小孩在楼下玩耍或者推婴儿车极为不安全。,讲究超高得房率（超85%），主卧套房必须配备独立步入式衣帽间与干湿分离双卫。,主要在陆家嘴/徐家汇CBD上班，首选地铁2/9号线沿线，通勤半小时内。,倡导轻户外，周末常带家人自驾野营或山系徒步，注重生活情调与手作咖啡。,名下持有一套旧两居，置换回款 65% + 个人理财储蓄补充 + 公积金商业贷,重性价比，不盲信大牌，但要求物业管理有序、绿化修剪及时、人防技防规范。,常年本地稳定居住，工作日职住通勤动线规则单一。
上_2008_00223,上海,2008,本地改善,48,女,2.4,22.3,0.45,37.2,4,2,否,B,agent,0.91,0.55,0.55,0.57,0.45,0.98,0.68,0.62,0.63,自住-改善,两室两厅,90,3707,区财政局科员,二胎黄金期中大户型,上海中环品质两居，车位及空间极其拥挤,小区无地下车库且人车不分流，小孩在楼下玩耍或者推婴儿车极为不安全。,讲究超高得房率（超85%），主卧套房必须配备独立步入式衣帽间与干湿分离双卫。,主要在陆家嘴/徐家汇CBD上班，首选地铁2/9号线沿线，通勤半小时内。,倡导轻户外，周末常带家人自驾野营或山系徒步，注重生活情调与手作咖啡。,名下持有一套旧两居，置换回款 65% + 个人理财储蓄补充 + 公积金商业贷,重性价比，不盲信大牌，但要求物业管理有序、绿化修剪及时、人防技防规范。,常年本地稳定居住，工作日职住通勤动线规则单一。
上_2008_00224,上海,2008,本地改善,54,女,2.1,21.3,0.45,35.6,4,1,是,B,agent,0.81,0.42,0.47,0.49,0.65,0.94,0.57,0.79,0.58,自住-改善,一室一厅,96,2300,区财政局科员,三口之家(学龄段),上海中环品质两居，车位及空间极其拥挤,小区无地下车库且人车不分流，小孩在楼下玩耍或者推婴儿车极为不安全。,讲究超高得房率（超85%），主卧套房必须配备独立步入式衣帽间与干湿分离双卫。,主要在陆家嘴/徐家汇CBD上班，首选地铁2/9号线沿线，通勤半小时内。,倡导轻户外，周末常带家人自驾野营或山系徒步，注重生活情调与手作咖啡。,名下持有一套旧两居，置换回款 65% + 个人理财储蓄补充 + 公积金商业贷,重性价比，不盲信大牌，但要求物业管理有序、绿化修剪及时、人防技防规范。,常年本地稳定居住，工作日职住通勤动线规则单一。
上_2008_00225,上海,2008,金融精英,40,男,6.2,52.3,0.4,98.1,4,0,否,A,research,0.84,0.49,0.66,0.5,0.62,0.69,0.57,0.87,0.71,自住-改善,两室一厅,62,8735,申银万国证券分析员,成熟期核心家庭,市中心私密洋房住宅,无高端私密会所及管家式物业配套，圈层鱼龙混杂，高净值居住体验差。,核心要求地块属于第一梯队名校学区，且周边500米内解决幼小衔接教育配套。,主要在陆家嘴/徐家汇CBD上班，首选地铁2/9号线沿线，通勤半小时内。,周末常去高端商圈消费，热衷打网球和马术，重度手冲咖啡及黑胶唱片发烧友。,名下已有企业股权套现或分红现金，一次性全款付清，基本不加杠杆,非仁恒、绿城、万科等金牌开发商不买，极度看重高端精装质量与顶级物业的增值口碑。,常年本地稳定居住，工作日职住通勤动线规则单一。
上_2008_00226,上海,2008,金融精英,34,男,5.2,34.6,0.4,64.8,3,1,否,A,research,0.77,0.39,0.47,0.62,0.7,0.86,0.66,0.6,0.78,自住-首套,两室两厅,73,6585,老牌证券公司营业部经理,三口之家(幼龄段),陆家嘴核心区江景大平层,无高端私密会所及管家式物业配套，圈层鱼龙混杂，高净值居住体验差。,讲究超高得房率（超85%），主卧套房必须配备独立步入式衣帽间与干湿分离双卫。,主要在陆家嘴/徐家汇CBD上班，首选地铁2/9号线沿线，通勤半小时内。,周末常去高端商圈消费，热衷打网球和马术，重度手冲咖啡及黑胶唱片发烧友。,夫妻双方积蓄 + 双方父母出资赞助首付 + 公积金商业组合贷款,非仁恒、绿城、万科等金牌开发商不买，极度看重高端精装质量与顶级物业的增值口碑。,常年本地稳定居住，工作日职住通勤动线规则单一。
上_2008_00227,上海,2008,外籍海归,41,女,2.8,19.1,0.4,35.8,4,2,否,A,social,0.52,0.49,0.61,0.61,0.85,0.69,0.68,0.97,0.71,自住-改善,两室两厅,99,2263,外企驻沪办事处代表,二胎黄金期中大户型,市中心私密洋房住宅,无高端私密会所及管家式物业配套，圈层鱼龙混杂，高净值居住体验差。,核心要求地块属于第一梯队名校学区，且周边500米内解决幼小衔接教育配套。,主要在陆家嘴/徐家汇CBD上班，首选地铁2/9号线沿线，通勤半小时内。,周末常去高端商圈消费，热衷打网球和马术，重度手冲咖啡及黑胶唱片发烧友。,名下已有企业股权套现或分红现金，一次性全款付清，基本不加杠杆,非仁恒、绿城、万科等金牌开发商不买，极度看重高端精装质量与顶级物业的增值口碑。,常年本地稳定居住，工作日职住通勤动线规则单一。
上_2008_00228,上海,2008,教育型买房,39,男,1.7,13.9,0.4,26.1,3,1,是,B,social,1,0.52,0.37,0.45,0.65,0.76,0.46,1,0.57,学区房,两室一厅,83,2058,市第二中学地理教师,三口之家(学龄段),上海中环品质两居，车位及空间极其拥挤,小区无地下车库且人车不分流，小孩在楼下玩耍或者推婴儿车极为不安全。,讲究超高得房率（超85%），主卧套房必须配备独立步入式衣帽间与干湿分离双卫。,主要在陆家嘴/徐家汇CBD上班，首选地铁2/9号线沿线，通勤半小时内。,倡导轻户外，周末常带家人自驾野营或山系徒步，注重生活情调与手作咖啡。,名下持有一套旧两居，置换回款 65% + 个人理财储蓄补充 + 公积金商业贷,重性价比，不盲信大牌，但要求物业管理有序、绿化修剪及时、人防技防规范。,常年本地稳定居住，工作日职住通勤动线规则单一。
上_2008_00229,上海,2008,本地改善,53,女,2.5,18.0,0.45,30.0,4,2,否,B,agent,0.78,0.42,0.53,0.64,0.6,0.86,0.59,0.58,0.64,自住-改善,一室一厅,92,2366,市第二中学地理教师,二胎黄金期中大户型,上海中环品质两居，车位及空间极其拥挤,小区无地下车库且人车不分流，小孩在楼下玩耍或者推婴儿车极为不安全。,讲究超高得房率（超85%），主卧套房必须配备独立步入式衣帽间与干湿分离双卫。,主要在陆家嘴/徐家汇CBD上班，首选地铁2/9号线沿线，通勤半小时内。,倡导轻户外，周末常带家人自驾野营或山系徒步，注重生活情调与手作咖啡。,名下持有一套旧两居，置换回款 65% + 个人理财储蓄补充 + 公积金商业贷,重性价比，不盲信大牌，但要求物业管理有序、绿化修剪及时、人防技防规范。,常年本地稳定居住，工作日职住通勤动线规则单一。
上_2008_00230,上海,2008,本地改善,49,男,2.4,27.2,0.45,45.4,4,2,否,B,agent,0.89,0.61,0.7,0.43,0.49,0.75,0.47,0.73,0.64,自住-改善,两室两厅,52,5975,市第二中学地理教师,二胎黄金期中大户型,上海中环品质两居，车位及空间极其拥挤,小区无地下车库且人车不分流，小孩在楼下玩耍或者推婴儿车极为不安全。,要求有超大面宽南向双阳台（观景家政分离），主卧大飘窗能270度直面自然景观。,主要在陆家嘴/徐家汇CBD上班，首选地铁2/9号线沿线，通勤半小时内。,倡导轻户外，周末常带家人自驾野营或山系徒步，注重生活情调与手作咖啡。,名下持有一套旧两居，置换回款 65% + 个人理财储蓄补充 + 公积金商业贷,重性价比，不盲信大牌，但要求物业管理有序、绿化修剪及时、人防技防规范。,常年本地稳定居住，工作日职住通勤动线规则单一。
上_2008_00231,上海,2008,长三角家庭,49,女,2.6,23.3,0.45,38.8,4,2,否,B,agent,0.62,0.65,0.55,0.62,0.32,0.82,0.38,0.69,0.59,自住-改善,两室一厅,62,4949,市第二中学地理教师,二胎黄金期中大户型,上海中环品质两居，车位及空间极其拥挤,小区无地下车库且人车不分流，小孩在楼下玩耍或者推婴儿车极为不安全。,讲究超高得房率（超85%），主卧套房必须配备独立步入式衣帽间与干湿分离双卫。,主要在陆家嘴/徐家汇CBD上班，首选地铁2/9号线沿线，通勤半小时内。,倡导轻户外，周末常带家人自驾野营或山系徒步，注重生活情调与手作咖啡。,名下持有一套旧两居，置换回款 65% + 个人理财储蓄补充 + 公积金商业贷,重性价比，不盲信大牌，但要求物业管理有序、绿化修剪及时、人防技防规范。,常年本地稳定居住，工作日职住通勤动线规则单一。
上_2008_00232,上海,2008,长三角家庭,46,女,3.0,22.3,0.45,37.1,3,2,否,B,agent,0.82,0.53,0.49,0.37,0.59,0.78,0.47,0.67,0.56,自住-改善,一室一厅,83,2819,市第二中学地理教师,二胎黄金期中大户型,上海中环品质两居，车位及空间极其拥挤,小区无地下车库且人车不分流，小孩在楼下玩耍或者推婴儿车极为不安全。,讲究超高得房率（超85%），主卧套房必须配备独立步入式衣帽间与干湿分离双卫。,主要在陆家嘴/徐家汇CBD上班，首选地铁2/9号线沿线，通勤半小时内。,倡导轻户外，周末常带家人自驾野营或山系徒步，注重生活情调与手作咖啡。,名下持有一套旧两居，置换回款 65% + 个人理财储蓄补充 + 公积金商业贷,重性价比，不盲信大牌，但要求物业管理有序、绿化修剪及时、人防技防规范。,常年本地稳定居住，工作日职住通勤动线规则单一。
上_2008_00233,上海,2008,本地改善,53,女,3.9,34.1,0.45,56.9,4,2,是,B,agent,0.72,0.49,0.61,0.51,0.62,0.89,0.6,0.83,0.56,自住-改善,两室一厅,94,5381,国企车间技术主任,二胎黄金期中大户型,上海中环品质两居，车位及空间极其拥挤,小区无地下车库且人车不分流，小孩在楼下玩耍或者推婴儿车极为不安全。,讲究超高得房率（超85%），主卧套房必须配备独立步入式衣帽间与干湿分离双卫。,主要在陆家嘴/徐家汇CBD上班，首选地铁2/9号线沿线，通勤半小时内。,倡导轻户外，周末常带家人自驾野营或山系徒步，注重生活情调与手作咖啡。,名下持有一套旧两居，置换回款 65% + 个人理财储蓄补充 + 公积金商业贷,重性价比，不盲信大牌，但要求物业管理有序、绿化修剪及时、人防技防规范。,常年本地稳定居住，工作日职住通勤动线规则单一。
上_2008_00234,上海,2008,教育型买房,47,女,2.0,20.4,0.4,38.2,3,1,否,B,social,0.97,0.46,0.45,0.44,0.52,0.8,0.47,1.0,0.51,学区房,两室两厅,51,4805,市第二中学地理教师,三口之家(学龄段),上海中环品质两居，车位及空间极其拥挤,小区无地下车库且人车不分流，小孩在楼下玩耍或者推婴儿车极为不安全。,讲究超高得房率（超85%），主卧套房必须配备独立步入式衣帽间与干湿分离双卫。,主要在陆家嘴/徐家汇CBD上班，首选地铁2/9号线沿线，通勤半小时内。,倡导轻户外，周末常带家人自驾野营或山系徒步，注重生活情调与手作咖啡。,名下持有一套旧两居，置换回款 65% + 个人理财储蓄补充 + 公积金商业贷,重性价比，不盲信大牌，但要求物业管理有序、绿化修剪及时、人防技防规范。,常年本地稳定居住，工作日职住通勤动线规则单一。
上_2008_00235,上海,2008,本地改善,52,女,2.7,20.3,0.45,33.9,4,2,否,B,agent,0.76,0.57,0.58,0.43,0.65,0.95,0.61,0.76,0.49,自住-改善,两室两厅,70,2434,国企车间技术主任,二胎黄金期中大户型,上海中环品质两居，车位及空间极其拥挤,小区无地下车库且人车不分流，小孩在楼下玩耍或者推婴儿车极为不安全。,讲究超高得房率（超85%），主卧套房必须配备独立步入式衣帽间与干湿分离双卫。,主要在陆家嘴/徐家汇CBD上班，首选地铁2/9号线沿线，通勤半小时内。,倡导轻户外，周末常带家人自驾野营或山系徒步，注重生活情调与手作咖啡。,名下持有一套旧两居，置换回款 65% + 个人理财储蓄补充 + 公积金商业贷,重性价比，不盲信大牌，但要求物业管理有序、绿化修剪及时、人防技防规范。,常年本地稳定居住，工作日职住通勤动线规则单一。
上_2008_00236,上海,2008,本地改善,55,女,1.0,10.7,0.45,17.8,3,3,否,B,agent,0.65,0.55,0.54,0.44,0.49,0.71,0.6,0.73,0.57,自住-改善,两室两厅,81,1107,市第二中学地理教师,二胎黄金期中大户型,上海中环品质两居，车位及空间极其拥挤,小区无地下车库且人车不分流，小孩在楼下玩耍或者推婴儿车极为不安全。,讲究超高得房率（超85%），主卧套房必须配备独立步入式衣帽间与干湿分离双卫。,主要在陆家嘴/徐家汇CBD上班，首选地铁2/9号线沿线，通勤半小时内。,倡导轻户外，周末常带家人自驾野营或山系徒步，注重生活情调与手作咖啡。,名下持有一套旧两居，置换回款 65% + 个人理财储蓄补充 + 公积金商业贷,重性价比，不盲信大牌，但要求物业管理有序、绿化修剪及时、人防技防规范。,常年本地稳定居住，工作日职住通勤动线规则单一。
上_2008_00237,上海,2008,金融精英,45,女,6.8,43.5,0.4,81.5,3,1,否,A,research,0.57,0.45,0.61,0.59,0.7,0.71,0.72,0.95,0.95,自住-改善,一室一厅,53,13406,申银万国证券分析员,三口之家(学龄段),市中心私密洋房住宅,无高端私密会所及管家式物业配套，圈层鱼龙混杂，高净值居住体验差。,讲究超高得房率（超85%），主卧套房必须配备独立步入式衣帽间与干湿分离双卫。,主要在陆家嘴/徐家汇CBD上班，首选地铁2/9号线沿线，通勤半小时内。,周末常去高端商圈消费，热衷打网球和马术，重度手冲咖啡及黑胶唱片发烧友。,名下已有企业股权套现或分红现金，一次性全款付清，基本不加杠杆,非仁恒、绿城、万科等金牌开发商不买，极度看重高端精装质量与顶级物业的增值口碑。,常年本地稳定居住，工作日职住通勤动线规则单一。
上_2008_00238,上海,2008,金融精英,36,女,8.7,78.8,0.4,147.8,2,2,否,A,research,0.71,0.43,0.69,0.63,0.82,0.8,0.72,0.83,0.85,自住-首套,一室一厅,71,15658,老牌证券公司营业部经理,二胎黄金期中大户型,陆家嘴核心区江景大平层,无高端私密会所及管家式物业配套，圈层鱼龙混杂，高净值居住体验差。,讲究超高得房率（超85%），主卧套房必须配备独立步入式衣帽间与干湿分离双卫。,主要在陆家嘴/徐家汇CBD上班，首选地铁2/9号线沿线，通勤半小时内。,周末常去高端商圈消费，热衷打网球和马术，重度手冲咖啡及黑胶唱片发烧友。,夫妻双方积蓄 + 双方父母出资赞助首付 + 公积金商业组合贷款,非仁恒、绿城、万科等金牌开发商不买，极度看重高端精装质量与顶级物业的增值口碑。,常年本地稳定居住，工作日职住通勤动线规则单一。
上_2008_00239,上海,2008,金融精英,41,男,4.5,40.3,0.4,75.5,3,1,否,A,research,0.75,0.38,0.78,0.53,0.81,0.75,0.49,0.73,0.72,自住-首套,一室一厅,60,6658,申银万国证券分析员,三口之家(学龄段),市中心私密洋房住宅,无高端私密会所及管家式物业配套，圈层鱼龙混杂，高净值居住体验差。,要求有超大面宽南向双阳台（观景家政分离），主卧大飘窗能270度直面自然景观。,主要在陆家嘴/徐家汇CBD上班，首选地铁2/9号线沿线，通勤半小时内。,周末常去高端商圈消费，热衷打网球和马术，重度手冲咖啡及黑胶唱片发烧友。,夫妻双方积蓄 + 双方父母出资赞助首付 + 公积金商业组合贷款,非仁恒、绿城、万科等金牌开发商不买，极度看重高端精装质量与顶级物业的增值口碑。,常年本地稳定居住，工作日职住通勤动线规则单一。
上_2008_00240,上海,2008,教育型买房,45,男,1.6,12.9,0.4,24.2,3,1,是,B,social,0.88,0.47,0.44,0.35,0.64,0.69,0.45,1,0.66,学区房,两室一厅,83,1963,国企车间技术主任,三口之家(学龄段),上海中环品质两居，车位及空间极其拥挤,小区无地下车库且人车不分流，小孩在楼下玩耍或者推婴儿车极为不安全。,核心要求地块属于第一梯队名校学区，且周边500米内解决幼小衔接教育配套。,主要在陆家嘴/徐家汇CBD上班，首选地铁2/9号线沿线，通勤半小时内。,倡导轻户外，周末常带家人自驾野营或山系徒步，注重生活情调与手作咖啡。,名下持有一套旧两居，置换回款 65% + 个人理财储蓄补充 + 公积金商业贷,重性价比，不盲信大牌，但要求物业管理有序、绿化修剪及时、人防技防规范。,常年本地稳定居住，工作日职住通勤动线规则单一。
上_2008_00241,上海,2008,本地改善,47,女,2.1,24.5,0.45,40.8,2,2,否,B,agent,0.82,0.48,0.64,0.34,0.68,0.83,0.63,0.7,0.61,自住-改善,两室一厅,97,2332,邮政局局长秘书,二胎黄金期中大户型,上海中环品质两居，车位及空间极其拥挤,小区无地下车库且人车不分流，小孩在楼下玩耍或者推婴儿车极为不安全。,讲究超高得房率（超85%），主卧套房必须配备独立步入式衣帽间与干湿分离双卫。,主要在陆家嘴/徐家汇CBD上班，首选地铁2/9号线沿线，通勤半小时内。,倡导轻户外，周末常带家人自驾野营或山系徒步，注重生活情调与手作咖啡。,名下持有一套旧两居，置换回款 65% + 个人理财储蓄补充 + 公积金商业贷,重性价比，不盲信大牌，但要求物业管理有序、绿化修剪及时、人防技防规范。,常年本地稳定居住，工作日职住通勤动线规则单一。
上_2008_00242,上海,2008,本地改善,51,女,1.9,23.7,0.45,39.5,4,2,否,B,agent,0.81,0.48,0.54,0.45,0.57,0.9,0.68,0.6,0.59,自住-改善,一室一厅,67,4383,国企车间技术主任,二胎黄金期中大户型,上海中环品质两居，车位及空间极其拥挤,小区无地下车库且人车不分流，小孩在楼下玩耍或者推婴儿车极为不安全。,讲究超高得房率（超85%），主卧套房必须配备独立步入式衣帽间与干湿分离双卫。,主要在陆家嘴/徐家汇CBD上班，首选地铁2/9号线沿线，通勤半小时内。,倡导轻户外，周末常带家人自驾野营或山系徒步，注重生活情调与手作咖啡。,名下持有一套旧两居，置换回款 65% + 个人理财储蓄补充 + 公积金商业贷,重性价比，不盲信大牌，但要求物业管理有序、绿化修剪及时、人防技防规范。,常年本地稳定居住，工作日职住通勤动线规则单一。
上_2008_00243,上海,2008,教育型买房,45,男,2.1,20.6,0.4,38.6,4,1,是,B,social,1,0.5,0.47,0.46,0.61,0.8,0.56,0.93,0.8,学区房,两室一厅,79,3568,邮政局局长秘书,三口之家(学龄段),上海中环品质两居，车位及空间极其拥挤,小区无地下车库且人车不分流，小孩在楼下玩耍或者推婴儿车极为不安全。,讲究超高得房率（超85%），主卧套房必须配备独立步入式衣帽间与干湿分离双卫。,主要在陆家嘴/徐家汇CBD上班，首选地铁2/9号线沿线，通勤半小时内。,倡导轻户外，周末常带家人自驾野营或山系徒步，注重生活情调与手作咖啡。,名下持有一套旧两居，置换回款 65% + 个人理财储蓄补充 + 公积金商业贷,非仁恒、绿城、万科等金牌开发商不买，极度看重高端精装质量与顶级物业的增值口碑。,常年本地稳定居住，工作日职住通勤动线规则单一。
上_2008_00244,上海,2008,教育型买房,43,女,2.3,13.0,0.4,24.4,2,1,否,B,social,0.95,0.45,0.28,0.23,0.57,0.68,0.52,1,0.51,学区房,一室一厅,90,2048,国企车间技术主任,三口之家(学龄段),上海中环品质两居，车位及空间极其拥挤,小区无地下车库且人车不分流，小孩在楼下玩耍或者推婴儿车极为不安全。,核心要求地块属于第一梯队名校学区，且周边500米内解决幼小衔接教育配套。,主要在陆家嘴/徐家汇CBD上班，首选地铁2/9号线沿线，通勤半小时内。,倡导轻户外，周末常带家人自驾野营或山系徒步，注重生活情调与手作咖啡。,名下持有一套旧两居，置换回款 65% + 个人理财储蓄补充 + 公积金商业贷,重性价比，不盲信大牌，但要求物业管理有序、绿化修剪及时、人防技防规范。,常年本地稳定居住，工作日职住通勤动线规则单一。
上_2008_00245,上海,2008,教育型买房,48,男,2.2,23.1,0.4,43.4,5,2,否,B,social,1,0.43,0.44,0.43,0.65,0.8,0.62,0.98,0.71,学区房,两室两厅,57,5065,区财政局科员,二胎黄金期中大户型,上海中环品质两居，车位及空间极其拥挤,小区无地下车库且人车不分流，小孩在楼下玩耍或者推婴儿车极为不安全。,讲究超高得房率（超85%），主卧套房必须配备独立步入式衣帽间与干湿分离双卫。,主要在陆家嘴/徐家汇CBD上班，首选地铁2/9号线沿线，通勤半小时内。,倡导轻户外，周末常带家人自驾野营或山系徒步，注重生活情调与手作咖啡。,名下持有一套旧两居，置换回款 65% + 个人理财储蓄补充 + 公积金商业贷,非仁恒、绿城、万科等金牌开发商不买，极度看重高端精装质量与顶级物业的增值口碑。,常年本地稳定居住，工作日职住通勤动线规则单一。
上_2008_00246,上海,2008,长三角家庭,44,男,2.2,19.9,0.45,33.2,5,3,否,B,agent,0.91,0.43,0.49,0.51,0.54,0.82,0.21,0.8,0.75,自住-首套,一室一厅,85,2077,区财政局科员,二胎黄金期中大户型,上海中环品质两居，车位及空间极其拥挤,小区无地下车库且人车不分流，小孩在楼下玩耍或者推婴儿车极为不安全。,讲究超高得房率（超85%），主卧套房必须配备独立步入式衣帽间与干湿分离双卫。,主要在陆家嘴/徐家汇CBD上班，首选地铁2/9号线沿线，通勤半小时内。,倡导轻户外，周末常带家人自驾野营或山系徒步，注重生活情调与手作咖啡。,夫妻双方积蓄 + 双方父母出资赞助首付 + 公积金商业组合贷款,非仁恒、绿城、万科等金牌开发商不买，极度看重高端精装质量与顶级物业的增值口碑。,常年本地稳定居住，工作日职住通勤动线规则单一。
上_2008_00247,上海,2008,长三角家庭,35,女,1.7,9.3,0.45,15.6,3,2,否,B,agent,0.77,0.58,0.64,0.31,0.49,0.76,0.48,0.64,0.63,自住-改善,两室两厅,54,1592,市第二中学地理教师,二胎黄金期中大户型,上海中环品质两居，车位及空间极其拥挤,小区无地下车库且人车不分流，小孩在楼下玩耍或者推婴儿车极为不安全。,讲究超高得房率（超85%），主卧套房必须配备独立步入式衣帽间与干湿分离双卫。,主要在陆家嘴/徐家汇CBD上班，首选地铁2/9号线沿线，通勤半小时内。,倡导轻户外，周末常带家人自驾野营或山系徒步，注重生活情调与手作咖啡。,名下持有一套旧两居，置换回款 65% + 个人理财储蓄补充 + 公积金商业贷,重性价比，不盲信大牌，但要求物业管理有序、绿化修剪及时、人防技防规范。,常年本地稳定居住，工作日职住通勤动线规则单一。
上_2008_00248,上海,2008,长三角家庭,36,女,1.1,6.8,0.45,11.3,4,1,是,B,agent,0.7,0.49,0.57,0.44,0.54,0.77,0.41,0.75,0.73,自住-首套,两室一厅,57,1727,国企车间技术主任,三口之家(幼龄段),上海中环品质两居，车位及空间极其拥挤,小区无地下车库且人车不分流，小孩在楼下玩耍或者推婴儿车极为不安全。,讲究超高得房率（超85%），主卧套房必须配备独立步入式衣帽间与干湿分离双卫。,主要在陆家嘴/徐家汇CBD上班，首选地铁2/9号线沿线，通勤半小时内。,倡导轻户外，周末常带家人自驾野营或山系徒步，注重生活情调与手作咖啡。,夫妻双方积蓄 + 双方父母出资赞助首付 + 公积金商业组合贷款,非仁恒、绿城、万科等金牌开发商不买，极度看重高端精装质量与顶级物业的增值口碑。,常年本地稳定居住，工作日职住通勤动线规则单一。
上_2008_00249,上海,2008,教育型买房,33,女,0.9,8.1,0.4,15.1,4,1,否,B,social,1,0.39,0.4,0.41,0.66,0.79,0.52,1,0.62,学区房,一室一厅,62,1566,国企车间技术主任,三口之家(幼龄段),上海中环品质两居，车位及空间极其拥挤,小区无地下车库且人车不分流，小孩在楼下玩耍或者推婴儿车极为不安全。,讲究超高得房率（超85%），主卧套房必须配备独立步入式衣帽间与干湿分离双卫。,主要在陆家嘴/徐家汇CBD上班，首选地铁2/9号线沿线，通勤半小时内。,倡导轻户外，周末常带家人自驾野营或山系徒步，注重生活情调与手作咖啡。,名下持有一套旧两居，置换回款 65% + 个人理财储蓄补充 + 公积金商业贷,重性价比，不盲信大牌，但要求物业管理有序、绿化修剪及时、人防技防规范。,常年本地稳定居住，工作日职住通勤动线规则单一。
上_2008_00250,上海,2008,本地改善,43,男,2.2,16.8,0.45,28.0,4,1,否,B,agent,0.7,0.5,0.48,0.45,0.46,0.85,0.68,0.79,0.61,自住-改善,两室一厅,81,1796,市第二中学地理教师,三口之家(学龄段),上海中环品质两居，车位及空间极其拥挤,小区无地下车库且人车不分流，小孩在楼下玩耍或者推婴儿车极为不安全。,讲究超高得房率（超85%），主卧套房必须配备独立步入式衣帽间与干湿分离双卫。,主要在陆家嘴/徐家汇CBD上班，首选地铁2/9号线沿线，通勤半小时内。,倡导轻户外，周末常带家人自驾野营或山系徒步，注重生活情调与手作咖啡。,名下持有一套旧两居，置换回款 65% + 个人理财储蓄补充 + 公积金商业贷,重性价比，不盲信大牌，但要求物业管理有序、绿化修剪及时、人防技防规范。,常年本地稳定居住，工作日职住通勤动线规则单一。
上_2008_00251,上海,2008,金融精英,43,男,13.0,131.0,0.4,245.6,3,1,否,A,research,0.49,0.44,0.62,0.67,0.78,0.81,0.54,0.74,0.9,自住-首套,三室两厅,98,19112,商业银行支行信贷科长,三口之家(学龄段),西湖边高精平层,无高端私密会所及管家式物业配套，圈层鱼龙混杂，高净值居住体验差。,讲究超高得房率（超85%），主卧套房必须配备独立步入式衣帽间与干湿分离双卫。,主要在陆家嘴/徐家汇CBD上班，首选地铁2/9号线沿线，通勤半小时内。,周末常去高端商圈消费，热衷打网球和马术，重度手冲咖啡及黑胶唱片发烧友。,夫妻双方积蓄 + 双方父母出资赞助首付 + 公积金商业组合贷款,非仁恒、绿城、万科等金牌开发商不买，极度看重高端精装质量与顶级物业的增值口碑。,常年本地稳定居住，工作日职住通勤动线规则单一。
上_2008_00252,上海,2008,金融精英,34,男,2.8,26.8,0.4,50.2,3,1,否,A,research,0.72,0.28,0.62,0.66,0.92,0.71,0.72,0.91,0.78,婚房,两室两厅,83,4051,商业银行支行信贷科长,三口之家(幼龄段),市中心私密洋房住宅,无高端私密会所及管家式物业配套，圈层鱼龙混杂，高净值居住体验差。,讲究超高得房率（超85%），主卧套房必须配备独立步入式衣帽间与干湿分离双卫。,主要在陆家嘴/徐家汇CBD上班，首选地铁2/9号线沿线，通勤半小时内。,周末常去高端商圈消费，热衷打网球和马术，重度手冲咖啡及黑胶唱片发烧友。,夫妻双方积蓄 + 双方父母出资赞助首付 + 公积金商业组合贷款,非仁恒、绿城、万科等金牌开发商不买，极度看重高端精装质量与顶级物业的增值口碑。,常年本地稳定居住，工作日职住通勤动线规则单一。
上_2008_00253,上海,2008,金融精英,44,女,6.1,61.3,0.4,114.8,3,1,否,A,research,0.44,0.52,0.73,0.73,0.9,0.71,0.66,0.7,0.69,自住-首套,两室一厅,71,14318,申银万国证券分析员,三口之家(学龄段),西湖边高精平层,无高端私密会所及管家式物业配套，圈层鱼龙混杂，高净值居住体验差。,要求独立电梯入户，主次卧动线分明，配备独立保姆房和私密后院。,主要在陆家嘴/徐家汇CBD上班，首选地铁2/9号线沿线，通勤半小时内。,周末常去高端商圈消费，热衷打网球和马术，重度手冲咖啡及黑胶唱片发烧友。,夫妻双方积蓄 + 双方父母出资赞助首付 + 公积金商业组合贷款,重性价比，不盲信大牌，但要求物业管理有序、绿化修剪及时、人防技防规范。,常年本地稳定居住，工作日职住通勤动线规则单一。
上_2008_00254,上海,2008,金融精英,37,男,5.7,50.6,0.4,94.9,3,2,否,A,research,0.6,0.41,0.58,0.59,0.8,0.77,0.79,0.95,0.68,自住-首套,一室一厅,62,8992,老牌证券公司营业部经理,二胎黄金期中大户型,陆家嘴核心区江景大平层,无高端私密会所及管家式物业配套，圈层鱼龙混杂，高净值居住体验差。,讲究超高得房率（超85%），主卧套房必须配备独立步入式衣帽间与干湿分离双卫。,主要在陆家嘴/徐家汇CBD上班，首选地铁2/9号线沿线，通勤半小时内。,周末常去高端商圈消费，热衷打网球和马术，重度手冲咖啡及黑胶唱片发烧友。,夫妻双方积蓄 + 双方父母出资赞助首付 + 公积金商业组合贷款,重性价比，不盲信大牌，但要求物业管理有序、绿化修剪及时、人防技防规范。,常年本地稳定居住，工作日职住通勤动线规则单一。
上_2008_00255,上海,2008,本地改善,42,女,1.7,20.8,0.45,34.7,4,2,是,B,agent,0.91,0.51,0.59,0.45,0.53,0.89,0.61,0.72,0.55,自住-改善,两室一厅,90,2735,区财政局科员,二胎黄金期中大户型,上海中环品质两居，车位及空间极其拥挤,小区无地下车库且人车不分流，小孩在楼下玩耍或者推婴儿车极为不安全。,讲究超高得房率（超85%），主卧套房必须配备独立步入式衣帽间与干湿分离双卫。,主要在陆家嘴/徐家汇CBD上班，首选地铁2/9号线沿线，通勤半小时内。,倡导轻户外，周末常带家人自驾野营或山系徒步，注重生活情调与手作咖啡。,名下持有一套旧两居，置换回款 65% + 个人理财储蓄补充 + 公积金商业贷,重性价比，不盲信大牌，但要求物业管理有序、绿化修剪及时、人防技防规范。,常年本地稳定居住，工作日职住通勤动线规则单一。
上_2008_00256,上海,2008,长三角家庭,47,男,3.3,16.6,0.45,27.7,4,3,否,B,agent,0.78,0.51,0.47,0.46,0.44,0.83,0.23,0.71,0.65,自住-首套,一室一厅,81,2656,区财政局科员,二胎黄金期中大户型,上海中环品质两居，车位及空间极其拥挤,小区无地下车库且人车不分流，小孩在楼下玩耍或者推婴儿车极为不安全。,讲究超高得房率（超85%），主卧套房必须配备独立步入式衣帽间与干湿分离双卫。,主要在陆家嘴/徐家汇CBD上班，首选地铁2/9号线沿线，通勤半小时内。,倡导轻户外，周末常带家人自驾野营或山系徒步，注重生活情调与手作咖啡。,夫妻双方积蓄 + 双方父母出资赞助首付 + 公积金商业组合贷款,重性价比，不盲信大牌，但要求物业管理有序、绿化修剪及时、人防技防规范。,常年本地稳定居住，工作日职住通勤动线规则单一。
上_2008_00257,上海,2008,教育型买房,46,男,3.4,33.6,0.4,63.0,3,1,否,B,social,0.95,0.38,0.33,0.38,0.6,0.48,0.53,1,0.59,学区房,一室一厅,55,7962,市第二中学地理教师,三口之家(学龄段),上海中环品质两居，车位及空间极其拥挤,小区无地下车库且人车不分流，小孩在楼下玩耍或者推婴儿车极为不安全。,核心要求地块属于第一梯队名校学区，且周边500米内解决幼小衔接教育配套。,主要在陆家嘴/徐家汇CBD上班，首选地铁2/9号线沿线，通勤半小时内。,倡导轻户外，周末常带家人自驾野营或山系徒步，注重生活情调与手作咖啡。,名下持有一套旧两居，置换回款 65% + 个人理财储蓄补充 + 公积金商业贷,重性价比，不盲信大牌，但要求物业管理有序、绿化修剪及时、人防技防规范。,常年本地稳定居住，工作日职住通勤动线规则单一。
上_2008_00258,上海,2008,金融精英,34,男,4.8,42.6,0.4,79.9,3,2,否,A,research,0.77,0.46,0.62,0.59,0.86,0.65,0.54,0.82,0.81,婚房,两室一厅,60,6787,商业银行支行信贷科长,二胎黄金期中大户型,西湖边高精平层,无高端私密会所及管家式物业配套，圈层鱼龙混杂，高净值居住体验差。,核心要求地块属于第一梯队名校学区，且周边500米内解决幼小衔接教育配套。,主要在陆家嘴/徐家汇CBD上班，首选地铁2/9号线沿线，通勤半小时内。,周末常去高端商圈消费，热衷打网球和马术，重度手冲咖啡及黑胶唱片发烧友。,夫妻双方积蓄 + 双方父母出资赞助首付 + 公积金商业组合贷款,非仁恒、绿城、万科等金牌开发商不买，极度看重高端精装质量与顶级物业的增值口碑。,常年本地稳定居住，工作日职住通勤动线规则单一。
上_2008_00259,上海,2008,金融精英,47,男,5.0,48.8,0.4,91.5,4,2,否,A,research,0.7,0.46,0.66,0.58,0.77,0.72,0.74,0.79,0.83,自住-改善,两室两厅,57,9538,申银万国证券分析员,二胎黄金期中大户型,陆家嘴核心区江景大平层,无高端私密会所及管家式物业配套，圈层鱼龙混杂，高净值居住体验差。,讲究超高得房率（超85%），主卧套房必须配备独立步入式衣帽间与干湿分离双卫。,主要在陆家嘴/徐家汇CBD上班，首选地铁2/9号线沿线，通勤半小时内。,周末常去高端商圈消费，热衷打网球和马术，重度手冲咖啡及黑胶唱片发烧友。,名下已有企业股权套现或分红现金，一次性全款付清，基本不加杠杆,非仁恒、绿城、万科等金牌开发商不买，极度看重高端精装质量与顶级物业的增值口碑。,常年本地稳定居住，工作日职住通勤动线规则单一。
上_2008_00260,上海,2008,金融精英,38,男,1.9,11.4,0.4,21.4,3,1,否,A,research,0.77,0.38,0.62,0.57,0.87,0.76,0.67,0.61,0.94,自住-首套,两室一厅,72,1570,商业银行支行信贷科长,三口之家(学龄段),陆家嘴核心区江景大平层,无高端私密会所及管家式物业配套，圈层鱼龙混杂，高净值居住体验差。,讲究超高得房率（超85%），主卧套房必须配备独立步入式衣帽间与干湿分离双卫。,主要在陆家嘴/徐家汇CBD上班，首选地铁2/9号线沿线，通勤半小时内。,周末常去高端商圈消费，热衷打网球和马术，重度手冲咖啡及黑胶唱片发烧友。,夫妻双方积蓄 + 双方父母出资赞助首付 + 公积金商业组合贷款,非仁恒、绿城、万科等金牌开发商不买，极度看重高端精装质量与顶级物业的增值口碑。,常年本地稳定居住，工作日职住通勤动线规则单一。
上_2008_00261,上海,2008,教育型买房,34,女,4.1,37.2,0.4,69.7,4,1,否,B,social,1,0.42,0.38,0.39,0.58,0.55,0.48,0.95,0.65,学区房,一室一厅,63,7621,区财政局科员,三口之家(幼龄段),上海中环品质两居，车位及空间极其拥挤,小区无地下车库且人车不分流，小孩在楼下玩耍或者推婴儿车极为不安全。,核心要求地块属于第一梯队名校学区，且周边500米内解决幼小衔接教育配套。,主要在陆家嘴/徐家汇CBD上班，首选地铁2/9号线沿线，通勤半小时内。,倡导轻户外，周末常带家人自驾野营或山系徒步，注重生活情调与手作咖啡。,名下持有一套旧两居，置换回款 65% + 个人理财储蓄补充 + 公积金商业贷,重性价比，不盲信大牌，但要求物业管理有序、绿化修剪及时、人防技防规范。,常年本地稳定居住，工作日职住通勤动线规则单一。
上_2008_00262,上海,2008,外籍海归,43,女,3.8,27.0,0.4,50.6,2,1,否,A,social,0.69,0.48,0.55,0.55,0.8,0.6,0.73,0.83,0.8,自住-首套,一室一厅,86,2992,合资日化企业技术主管,三口之家(学龄段),西湖边高精平层,无高端私密会所及管家式物业配套，圈层鱼龙混杂，高净值居住体验差。,核心要求地块属于第一梯队名校学区，且周边500米内解决幼小衔接教育配套。,主要在陆家嘴/徐家汇CBD上班，首选地铁2/9号线沿线，通勤半小时内。,周末常去高端商圈消费，热衷打网球和马术，重度手冲咖啡及黑胶唱片发烧友。,夫妻双方积蓄 + 双方父母出资赞助首付 + 公积金商业组合贷款,非仁恒、绿城、万科等金牌开发商不买，极度看重高端精装质量与顶级物业的增值口碑。,常年本地稳定居住，工作日职住通勤动线规则单一。
上_2008_00263,上海,2008,金融精英,39,男,4.9,29.5,0.4,55.3,4,0,否,A,research,0.86,0.46,0.64,0.56,0.63,0.74,0.6,0.93,0.66,自住-首套,一室一厅,64,4406,老牌证券公司营业部经理,成熟期核心家庭,陆家嘴核心区江景大平层,无高端私密会所及管家式物业配套，圈层鱼龙混杂，高净值居住体验差。,讲究超高得房率（超85%），主卧套房必须配备独立步入式衣帽间与干湿分离双卫。,主要在陆家嘴/徐家汇CBD上班，首选地铁2/9号线沿线，通勤半小时内。,周末常去高端商圈消费，热衷打网球和马术，重度手冲咖啡及黑胶唱片发烧友。,夫妻双方积蓄 + 双方父母出资赞助首付 + 公积金商业组合贷款,重性价比，不盲信大牌，但要求物业管理有序、绿化修剪及时、人防技防规范。,常年本地稳定居住，工作日职住通勤动线规则单一。
上_2008_00264,上海,2008,金融精英,36,男,3.2,19.6,0.4,36.7,4,1,否,A,research,0.87,0.37,0.56,0.47,0.86,0.76,0.67,0.69,0.78,自住-改善,两室一厅,60,3269,老牌证券公司营业部经理,三口之家(幼龄段),西湖边高精平层,无高端私密会所及管家式物业配套，圈层鱼龙混杂，高净值居住体验差。,讲究超高得房率（超85%），主卧套房必须配备独立步入式衣帽间与干湿分离双卫。,主要在陆家嘴/徐家汇CBD上班，首选地铁2/9号线沿线，通勤半小时内。,周末常去高端商圈消费，热衷打网球和马术，重度手冲咖啡及黑胶唱片发烧友。,名下已有企业股权套现或分红现金，一次性全款付清，基本不加杠杆,非仁恒、绿城、万科等金牌开发商不买，极度看重高端精装质量与顶级物业的增值口碑。,常年本地稳定居住，工作日职住通勤动线规则单一。
上_2008_00265,上海,2008,金融精英,36,女,6.3,59.2,0.4,111.0,3,1,否,A,research,1,0.42,0.52,0.65,0.85,0.67,0.75,0.87,0.75,自住-改善,一室一厅,74,12484,老牌证券公司营业部经理,三口之家(幼龄段),陆家嘴核心区江景大平层,无高端私密会所及管家式物业配套，圈层鱼龙混杂，高净值居住体验差。,核心要求地块属于第一梯队名校学区，且周边500米内解决幼小衔接教育配套。,主要在陆家嘴/徐家汇CBD上班，首选地铁2/9号线沿线，通勤半小时内。,周末常去高端商圈消费，热衷打网球和马术，重度手冲咖啡及黑胶唱片发烧友。,名下已有企业股权套现或分红现金，一次性全款付清，基本不加杠杆,非仁恒、绿城、万科等金牌开发商不买，极度看重高端精装质量与顶级物业的增值口碑。,常年本地稳定居住，工作日职住通勤动线规则单一。
上_2008_00266,上海,2008,本地改善,40,男,1.3,16.4,0.45,27.4,3,2,否,B,agent,0.97,0.47,0.53,0.4,0.48,0.82,0.7,0.64,0.47,自住-改善,一室一厅,68,3220,邮政局局长秘书,二胎黄金期中大户型,上海中环品质两居，车位及空间极其拥挤,小区无地下车库且人车不分流，小孩在楼下玩耍或者推婴儿车极为不安全。,讲究超高得房率（超85%），主卧套房必须配备独立步入式衣帽间与干湿分离双卫。,主要在陆家嘴/徐家汇CBD上班，首选地铁2/9号线沿线，通勤半小时内。,倡导轻户外，周末常带家人自驾野营或山系徒步，注重生活情调与手作咖啡。,名下持有一套旧两居，置换回款 65% + 个人理财储蓄补充 + 公积金商业贷,重性价比，不盲信大牌，但要求物业管理有序、绿化修剪及时、人防技防规范。,常年本地稳定居住，工作日职住通勤动线规则单一。
上_2008_00267,上海,2008,本地改善,50,女,2.9,37.5,0.45,62.5,3,3,否,B,agent,0.99,0.49,0.51,0.33,0.53,0.92,0.49,0.65,0.73,自住-改善,一室一厅,61,8133,邮政局局长秘书,二胎黄金期中大户型,上海中环品质两居，车位及空间极其拥挤,小区无地下车库且人车不分流，小孩在楼下玩耍或者推婴儿车极为不安全。,讲究超高得房率（超85%），主卧套房必须配备独立步入式衣帽间与干湿分离双卫。,主要在陆家嘴/徐家汇CBD上班，首选地铁2/9号线沿线，通勤半小时内。,倡导轻户外，周末常带家人自驾野营或山系徒步，注重生活情调与手作咖啡。,名下持有一套旧两居，置换回款 65% + 个人理财储蓄补充 + 公积金商业贷,非仁恒、绿城、万科等金牌开发商不买，极度看重高端精装质量与顶级物业的增值口碑。,常年本地稳定居住，工作日职住通勤动线规则单一。
上_2008_00268,上海,2008,长三角家庭,52,女,4.2,25.4,0.45,42.3,5,1,否,B,agent,0.75,0.48,0.61,0.51,0.54,0.76,0.37,0.69,0.75,自住-改善,两室两厅,65,5101,国企车间技术主任,三口之家(学龄段),上海中环品质两居，车位及空间极其拥挤,小区无地下车库且人车不分流，小孩在楼下玩耍或者推婴儿车极为不安全。,讲究超高得房率（超85%），主卧套房必须配备独立步入式衣帽间与干湿分离双卫。,主要在陆家嘴/徐家汇CBD上班，首选地铁2/9号线沿线，通勤半小时内。,倡导轻户外，周末常带家人自驾野营或山系徒步，注重生活情调与手作咖啡。,名下持有一套旧两居，置换回款 65% + 个人理财储蓄补充 + 公积金商业贷,非仁恒、绿城、万科等金牌开发商不买，极度看重高端精装质量与顶级物业的增值口碑。,常年本地稳定居住，工作日职住通勤动线规则单一。
上_2008_00269,上海,2008,长三角家庭,47,女,1.4,10.5,0.45,17.5,5,2,是,B,agent,0.51,0.63,0.4,0.34,0.43,0.69,0.35,0.7,0.79,自住-改善,两室一厅,62,1825,邮政局局长秘书,二胎黄金期中大户型,上海中环品质两居，车位及空间极其拥挤,小区无地下车库且人车不分流，小孩在楼下玩耍或者推婴儿车极为不安全。,要求采光通透，全明户型，带多功能嵌入式收纳墙以最大化空间利用。,主要在陆家嘴/徐家汇CBD上班，首选地铁2/9号线沿线，通勤半小时内。,倡导轻户外，周末常带家人自驾野营或山系徒步，注重生活情调与手作咖啡。,名下持有一套旧两居，置换回款 65% + 个人理财储蓄补充 + 公积金商业贷,非仁恒、绿城、万科等金牌开发商不买，极度看重高端精装质量与顶级物业的增值口碑。,常年本地稳定居住，工作日职住通勤动线规则单一。
上_2008_00270,上海,2008,长三角家庭,48,男,2.0,10.3,0.45,17.2,4,1,是,B,agent,0.67,0.56,0.56,0.49,0.47,0.7,0.32,0.84,0.7,自住-改善,一室一厅,98,1318,国企车间技术主任,三口之家(学龄段),上海中环品质两居，车位及空间极其拥挤,小区无地下车库且人车不分流，小孩在楼下玩耍或者推婴儿车极为不安全。,讲究超高得房率（超85%），主卧套房必须配备独立步入式衣帽间与干湿分离双卫。,主要在陆家嘴/徐家汇CBD上班，首选地铁2/9号线沿线，通勤半小时内。,倡导轻户外，周末常带家人自驾野营或山系徒步，注重生活情调与手作咖啡。,名下持有一套旧两居，置换回款 65% + 个人理财储蓄补充 + 公积金商业贷,重性价比，不盲信大牌，但要求物业管理有序、绿化修剪及时、人防技防规范。,常年本地稳定居住，工作日职住通勤动线规则单一。
上_2008_00271,上海,2008,本地改善,42,女,2.0,20.2,0.45,33.7,5,2,否,B,agent,0.69,0.43,0.6,0.59,0.45,0.86,0.52,0.66,0.59,自住-改善,一室一厅,61,4934,区财政局科员,二胎黄金期中大户型,上海中环品质两居，车位及空间极其拥挤,小区无地下车库且人车不分流，小孩在楼下玩耍或者推婴儿车极为不安全。,讲究超高得房率（超85%），主卧套房必须配备独立步入式衣帽间与干湿分离双卫。,主要在陆家嘴/徐家汇CBD上班，首选地铁2/9号线沿线，通勤半小时内。,倡导轻户外，周末常带家人自驾野营或山系徒步，注重生活情调与手作咖啡。,名下持有一套旧两居，置换回款 65% + 个人理财储蓄补充 + 公积金商业贷,重性价比，不盲信大牌，但要求物业管理有序、绿化修剪及时、人防技防规范。,常年本地稳定居住，工作日职住通勤动线规则单一。
上_2008_00272,上海,2008,金融精英,49,女,5.0,32.6,0.4,61.1,3,1,否,A,research,0.57,0.4,0.64,0.69,0.69,0.72,0.64,0.76,0.81,自住-首套,两室一厅,54,6826,商业银行支行信贷科长,三口之家(学龄段),西湖边高精平层,无高端私密会所及管家式物业配套，圈层鱼龙混杂，高净值居住体验差。,讲究超高得房率（超85%），主卧套房必须配备独立步入式衣帽间与干湿分离双卫。,主要在陆家嘴/徐家汇CBD上班，首选地铁2/9号线沿线，通勤半小时内。,周末常去高端商圈消费，热衷打网球和马术，重度手冲咖啡及黑胶唱片发烧友。,夫妻双方积蓄 + 双方父母出资赞助首付 + 公积金商业组合贷款,非仁恒、绿城、万科等金牌开发商不买，极度看重高端精装质量与顶级物业的增值口碑。,常年本地稳定居住，工作日职住通勤动线规则单一。
上_2008_00273,上海,2008,金融精英,40,女,1.5,10.2,0.4,19.2,2,1,否,A,research,0.57,0.51,0.57,0.44,0.83,0.5,0.68,0.76,0.66,自住-改善,一室一厅,52,3314,申银万国证券分析员,三口之家(学龄段),陆家嘴核心区江景大平层,无高端私密会所及管家式物业配套，圈层鱼龙混杂，高净值居住体验差。,核心要求地块属于第一梯队名校学区，且周边500米内解决幼小衔接教育配套。,主要在陆家嘴/徐家汇CBD上班，首选地铁2/9号线沿线，通勤半小时内。,周末常去高端商圈消费，热衷打网球和马术，重度手冲咖啡及黑胶唱片发烧友。,名下已有企业股权套现或分红现金，一次性全款付清，基本不加杠杆,重性价比，不盲信大牌，但要求物业管理有序、绿化修剪及时、人防技防规范。,常年本地稳定居住，工作日职住通勤动线规则单一。
上_2008_00274,上海,2008,教育型买房,37,男,2.9,18.1,0.4,34.0,3,2,否,B,social,0.85,0.53,0.49,0.39,0.61,0.84,0.43,1,0.52,学区房,一室一厅,71,3758,国企车间技术主任,二胎黄金期中大户型,上海中环品质两居，车位及空间极其拥挤,小区无地下车库且人车不分流，小孩在楼下玩耍或者推婴儿车极为不安全。,讲究超高得房率（超85%），主卧套房必须配备独立步入式衣帽间与干湿分离双卫。,主要在陆家嘴/徐家汇CBD上班，首选地铁2/9号线沿线，通勤半小时内。,倡导轻户外，周末常带家人自驾野营或山系徒步，注重生活情调与手作咖啡。,名下持有一套旧两居，置换回款 65% + 个人理财储蓄补充 + 公积金商业贷,重性价比，不盲信大牌，但要求物业管理有序、绿化修剪及时、人防技防规范。,常年本地稳定居住，工作日职住通勤动线规则单一。
上_2008_00275,上海,2008,教育型买房,47,女,2.9,22.1,0.4,41.4,4,1,否,B,social,1,0.67,0.44,0.45,0.64,0.61,0.42,1,0.55,学区房,两室两厅,61,5536,国企车间技术主任,三口之家(学龄段),上海中环品质两居，车位及空间极其拥挤,小区无地下车库且人车不分流，小孩在楼下玩耍或者推婴儿车极为不安全。,核心要求地块属于第一梯队名校学区，且周边500米内解决幼小衔接教育配套。,主要在陆家嘴/徐家汇CBD上班，首选地铁2/9号线沿线，通勤半小时内。,倡导轻户外，周末常带家人自驾野营或山系徒步，注重生活情调与手作咖啡。,名下持有一套旧两居，置换回款 65% + 个人理财储蓄补充 + 公积金商业贷,重性价比，不盲信大牌，但要求物业管理有序、绿化修剪及时、人防技防规范。,常年本地稳定居住，工作日职住通勤动线规则单一。
上_2008_00276,上海,2008,本地改善,56,女,1.6,18.0,0.45,29.9,5,2,否,B,agent,0.73,0.49,0.62,0.44,0.55,0.92,0.66,0.7,0.52,自住-改善,一室一厅,88,3009,邮政局局长秘书,二胎黄金期中大户型,上海中环品质两居，车位及空间极其拥挤,小区无地下车库且人车不分流，小孩在楼下玩耍或者推婴儿车极为不安全。,讲究超高得房率（超85%），主卧套房必须配备独立步入式衣帽间与干湿分离双卫。,主要在陆家嘴/徐家汇CBD上班，首选地铁2/9号线沿线，通勤半小时内。,倡导轻户外，周末常带家人自驾野营或山系徒步，注重生活情调与手作咖啡。,名下持有一套旧两居，置换回款 65% + 个人理财储蓄补充 + 公积金商业贷,重性价比，不盲信大牌，但要求物业管理有序、绿化修剪及时、人防技防规范。,常年本地稳定居住，工作日职住通勤动线规则单一。
上_2008_00277,上海,2008,教育型买房,37,女,2.8,16.4,0.4,30.7,2,1,否,B,social,0.9,0.66,0.34,0.4,0.56,0.81,0.66,0.9,0.63,学区房,两室一厅,77,3312,市第二中学地理教师,三口之家(幼龄段),上海中环品质两居，车位及空间极其拥挤,小区无地下车库且人车不分流，小孩在楼下玩耍或者推婴儿车极为不安全。,讲究超高得房率（超85%），主卧套房必须配备独立步入式衣帽间与干湿分离双卫。,主要在陆家嘴/徐家汇CBD上班，首选地铁2/9号线沿线，通勤半小时内。,倡导轻户外，周末常带家人自驾野营或山系徒步，注重生活情调与手作咖啡。,名下持有一套旧两居，置换回款 65% + 个人理财储蓄补充 + 公积金商业贷,重性价比，不盲信大牌，但要求物业管理有序、绿化修剪及时、人防技防规范。,常年本地稳定居住，工作日职住通勤动线规则单一。
上_2008_00278,上海,2008,教育型买房,37,女,5.0,44.3,0.4,83.0,4,0,否,B,social,0.91,0.57,0.38,0.3,0.6,0.66,0.54,0.92,0.52,学区房,两室两厅,61,10750,国企车间技术主任,成熟期核心家庭,上海中环品质两居，车位及空间极其拥挤,老小区隔音差，邻里滋扰严重，且车位严重匮乏，每晚加班回来抢车位像打仗。,核心要求地块属于第一梯队名校学区，且周边500米内解决幼小衔接教育配套。,主要在陆家嘴/徐家汇CBD上班，首选地铁2/9号线沿线，通勤半小时内。,倡导轻户外，周末常带家人自驾野营或山系徒步，注重生活情调与手作咖啡。,名下持有一套旧两居，置换回款 65% + 个人理财储蓄补充 + 公积金商业贷,重性价比，不盲信大牌，但要求物业管理有序、绿化修剪及时、人防技防规范。,常年本地稳定居住，工作日职住通勤动线规则单一。
上_2008_00279,上海,2008,外籍海归,40,女,4.7,36.5,0.4,68.5,3,1,否,A,social,0.63,0.48,0.51,0.48,0.77,0.55,0.62,0.82,0.81,自住-改善,两室一厅,97,4641,外企驻沪办事处代表,三口之家(学龄段),陆家嘴核心区江景大平层,无高端私密会所及管家式物业配套，圈层鱼龙混杂，高净值居住体验差。,核心要求地块属于第一梯队名校学区，且周边500米内解决幼小衔接教育配套。,主要在陆家嘴/徐家汇CBD上班，首选地铁2/9号线沿线，通勤半小时内。,周末常去高端商圈消费，热衷打网球和马术，重度手冲咖啡及黑胶唱片发烧友。,名下已有企业股权套现或分红现金，一次性全款付清，基本不加杠杆,非仁恒、绿城、万科等金牌开发商不买，极度看重高端精装质量与顶级物业的增值口碑。,常年本地稳定居住，工作日职住通勤动线规则单一。
上_2008_00280,上海,2008,长三角家庭,36,男,3.0,26.9,0.45,44.8,4,2,否,B,agent,0.53,0.7,0.58,0.48,0.42,0.87,0.4,0.6,0.63,自住-首套,两室两厅,81,3509,区财政局科员,二胎黄金期中大户型,上海中环品质两居，车位及空间极其拥挤,小区无地下车库且人车不分流，小孩在楼下玩耍或者推婴儿车极为不安全。,讲究超高得房率（超85%），主卧套房必须配备独立步入式衣帽间与干湿分离双卫。,主要在陆家嘴/徐家汇CBD上班，首选地铁2/9号线沿线，通勤半小时内。,倡导轻户外，周末常带家人自驾野营或山系徒步，注重生活情调与手作咖啡。,夫妻双方积蓄 + 双方父母出资赞助首付 + 公积金商业组合贷款,重性价比，不盲信大牌，但要求物业管理有序、绿化修剪及时、人防技防规范。,常年本地稳定居住，工作日职住通勤动线规则单一。
上_2008_00281,上海,2008,外籍海归,41,男,4.7,26.5,0.4,49.7,3,1,否,A,social,0.84,0.45,0.55,0.57,0.86,0.84,0.71,0.65,0.73,自住-首套,两室两厅,61,7323,外企驻沪办事处代表,三口之家(学龄段),陆家嘴核心区江景大平层,无高端私密会所及管家式物业配套，圈层鱼龙混杂，高净值居住体验差。,讲究超高得房率（超85%），主卧套房必须配备独立步入式衣帽间与干湿分离双卫。,主要在陆家嘴/徐家汇CBD上班，首选地铁2/9号线沿线，通勤半小时内。,周末常去高端商圈消费，热衷打网球和马术，重度手冲咖啡及黑胶唱片发烧友。,夫妻双方积蓄 + 双方父母出资赞助首付 + 公积金商业组合贷款,非仁恒、绿城、万科等金牌开发商不买，极度看重高端精装质量与顶级物业的增值口碑。,常年本地稳定居住，工作日职住通勤动线规则单一。
上_2008_00282,上海,2008,教育型买房,40,男,2.7,21.9,0.4,41.0,2,1,是,B,social,0.96,0.41,0.49,0.26,0.49,0.59,0.57,1,0.58,学区房,两室一厅,63,5697,区财政局科员,三口之家(学龄段),上海中环品质两居，车位及空间极其拥挤,小区无地下车库且人车不分流，小孩在楼下玩耍或者推婴儿车极为不安全。,核心要求地块属于第一梯队名校学区，且周边500米内解决幼小衔接教育配套。,主要在陆家嘴/徐家汇CBD上班，首选地铁2/9号线沿线，通勤半小时内。,倡导轻户外，周末常带家人自驾野营或山系徒步，注重生活情调与手作咖啡。,名下持有一套旧两居，置换回款 65% + 个人理财储蓄补充 + 公积金商业贷,重性价比，不盲信大牌，但要求物业管理有序、绿化修剪及时、人防技防规范。,常年本地稳定居住，工作日职住通勤动线规则单一。
上_2008_00283,上海,2008,本地改善,45,男,1.0,7.2,0.45,12.0,4,1,是,B,agent,1,0.46,0.46,0.49,0.62,0.83,0.53,0.69,0.73,自住-改善,一室一厅,66,1139,区财政局科员,三口之家(学龄段),上海中环品质两居，车位及空间极其拥挤,小区无地下车库且人车不分流，小孩在楼下玩耍或者推婴儿车极为不安全。,讲究超高得房率（超85%），主卧套房必须配备独立步入式衣帽间与干湿分离双卫。,主要在陆家嘴/徐家汇CBD上班，首选地铁2/9号线沿线，通勤半小时内。,倡导轻户外，周末常带家人自驾野营或山系徒步，注重生活情调与手作咖啡。,名下持有一套旧两居，置换回款 65% + 个人理财储蓄补充 + 公积金商业贷,非仁恒、绿城、万科等金牌开发商不买，极度看重高端精装质量与顶级物业的增值口碑。,常年本地稳定居住，工作日职住通勤动线规则单一。
上_2008_00284,上海,2008,本地改善,52,女,2.0,22.4,0.45,37.3,4,2,是,B,agent,0.74,0.41,0.74,0.58,0.49,0.85,0.57,0.63,0.62,自住-改善,两室一厅,57,5621,区财政局科员,二胎黄金期中大户型,上海中环品质两居，车位及空间极其拥挤,小区无地下车库且人车不分流，小孩在楼下玩耍或者推婴儿车极为不安全。,要求有超大面宽南向双阳台（观景家政分离），主卧大飘窗能270度直面自然景观。,主要在陆家嘴/徐家汇CBD上班，首选地铁2/9号线沿线，通勤半小时内。,倡导轻户外，周末常带家人自驾野营或山系徒步，注重生活情调与手作咖啡。,名下持有一套旧两居，置换回款 65% + 个人理财储蓄补充 + 公积金商业贷,重性价比，不盲信大牌，但要求物业管理有序、绿化修剪及时、人防技防规范。,常年本地稳定居住，工作日职住通勤动线规则单一。
上_2008_00285,上海,2008,本地改善,45,女,1.2,10.0,0.45,16.7,4,2,是,B,agent,0.78,0.5,0.65,0.48,0.53,0.95,0.64,0.7,0.62,自住-改善,两室一厅,71,1262,市第二中学地理教师,二胎黄金期中大户型,上海中环品质两居，车位及空间极其拥挤,小区无地下车库且人车不分流，小孩在楼下玩耍或者推婴儿车极为不安全。,讲究超高得房率（超85%），主卧套房必须配备独立步入式衣帽间与干湿分离双卫。,主要在陆家嘴/徐家汇CBD上班，首选地铁2/9号线沿线，通勤半小时内。,倡导轻户外，周末常带家人自驾野营或山系徒步，注重生活情调与手作咖啡。,名下持有一套旧两居，置换回款 65% + 个人理财储蓄补充 + 公积金商业贷,重性价比，不盲信大牌，但要求物业管理有序、绿化修剪及时、人防技防规范。,常年本地稳定居住，工作日职住通勤动线规则单一。
上_2008_00286,上海,2008,教育型买房,35,男,2.7,16.5,0.4,31.0,4,1,否,B,social,0.71,0.53,0.51,0.42,0.6,0.79,0.48,1,0.54,学区房,两室两厅,74,3390,市第二中学地理教师,三口之家(幼龄段),上海中环品质两居，车位及空间极其拥挤,小区无地下车库且人车不分流，小孩在楼下玩耍或者推婴儿车极为不安全。,讲究超高得房率（超85%），主卧套房必须配备独立步入式衣帽间与干湿分离双卫。,主要在陆家嘴/徐家汇CBD上班，首选地铁2/9号线沿线，通勤半小时内。,倡导轻户外，周末常带家人自驾野营或山系徒步，注重生活情调与手作咖啡。,名下持有一套旧两居，置换回款 65% + 个人理财储蓄补充 + 公积金商业贷,重性价比，不盲信大牌，但要求物业管理有序、绿化修剪及时、人防技防规范。,常年本地稳定居住，工作日职住通勤动线规则单一。
上_2008_00287,上海,2008,教育型买房,44,女,3.2,30.3,0.4,56.7,2,1,否,B,social,1,0.37,0.45,0.58,0.61,0.74,0.54,0.95,0.67,学区房,两室一厅,99,4770,国企车间技术主任,三口之家(学龄段),上海中环品质两居，车位及空间极其拥挤,小区无地下车库且人车不分流，小孩在楼下玩耍或者推婴儿车极为不安全。,讲究超高得房率（超85%），主卧套房必须配备独立步入式衣帽间与干湿分离双卫。,主要在陆家嘴/徐家汇CBD上班，首选地铁2/9号线沿线，通勤半小时内。,倡导轻户外，周末常带家人自驾野营或山系徒步，注重生活情调与手作咖啡。,名下持有一套旧两居，置换回款 65% + 个人理财储蓄补充 + 公积金商业贷,重性价比，不盲信大牌，但要求物业管理有序、绿化修剪及时、人防技防规范。,常年本地稳定居住，工作日职住通勤动线规则单一。
上_2008_00288,上海,2008,本地改善,55,女,1.8,16.1,0.45,26.8,5,3,是,B,agent,0.77,0.48,0.58,0.45,0.59,0.83,0.66,0.83,0.7,自住-改善,两室一厅,93,1573,邮政局局长秘书,二胎黄金期中大户型,上海中环品质两居，车位及空间极其拥挤,小区无地下车库且人车不分流，小孩在楼下玩耍或者推婴儿车极为不安全。,讲究超高得房率（超85%），主卧套房必须配备独立步入式衣帽间与干湿分离双卫。,主要在陆家嘴/徐家汇CBD上班，首选地铁2/9号线沿线，通勤半小时内。,倡导轻户外，周末常带家人自驾野营或山系徒步，注重生活情调与手作咖啡。,名下持有一套旧两居，置换回款 65% + 个人理财储蓄补充 + 公积金商业贷,非仁恒、绿城、万科等金牌开发商不买，极度看重高端精装质量与顶级物业的增值口碑。,常年本地稳定居住，工作日职住通勤动线规则单一。
上_2008_00289,上海,2008,教育型买房,32,男,2.8,28.4,0.4,53.3,4,1,否,B,social,0.7,0.38,0.33,0.38,0.65,0.95,0.59,1,0.49,学区房,两室两厅,96,2827,区财政局科员,三口之家(幼龄段),上海中环品质两居，车位及空间极其拥挤,小区无地下车库且人车不分流，小孩在楼下玩耍或者推婴儿车极为不安全。,讲究超高得房率（超85%），主卧套房必须配备独立步入式衣帽间与干湿分离双卫。,主要在陆家嘴/徐家汇CBD上班，首选地铁2/9号线沿线，通勤半小时内。,倡导轻户外，周末常带家人自驾野营或山系徒步，注重生活情调与手作咖啡。,名下持有一套旧两居，置换回款 65% + 个人理财储蓄补充 + 公积金商业贷,重性价比，不盲信大牌，但要求物业管理有序、绿化修剪及时、人防技防规范。,常年本地稳定居住，工作日职住通勤动线规则单一。
上_2008_00290,上海,2008,金融精英,49,女,4.6,36.0,0.4,67.5,4,1,否,A,research,0.9,0.48,0.7,0.63,0.84,0.81,0.75,0.88,0.88,自住-首套,两室一厅,91,5941,商业银行支行信贷科长,三口之家(学龄段),西湖边高精平层,无高端私密会所及管家式物业配套，圈层鱼龙混杂，高净值居住体验差。,要求有超大面宽南向双阳台（观景家政分离），主卧大飘窗能270度直面自然景观。,主要在陆家嘴/徐家汇CBD上班，首选地铁2/9号线沿线，通勤半小时内。,周末常去高端商圈消费，热衷打网球和马术，重度手冲咖啡及黑胶唱片发烧友。,夫妻双方积蓄 + 双方父母出资赞助首付 + 公积金商业组合贷款,非仁恒、绿城、万科等金牌开发商不买，极度看重高端精装质量与顶级物业的增值口碑。,常年本地稳定居住，工作日职住通勤动线规则单一。
上_2008_00291,上海,2008,长三角家庭,55,女,3.3,18.6,0.45,30.9,4,2,是,B,agent,0.7,0.39,0.54,0.4,0.51,0.84,0.42,0.84,0.73,自住-改善,两室一厅,63,3457,区财政局科员,二胎黄金期中大户型,上海中环品质两居，车位及空间极其拥挤,小区无地下车库且人车不分流，小孩在楼下玩耍或者推婴儿车极为不安全。,讲究超高得房率（超85%），主卧套房必须配备独立步入式衣帽间与干湿分离双卫。,主要在陆家嘴/徐家汇CBD上班，首选地铁2/9号线沿线，通勤半小时内。,倡导轻户外，周末常带家人自驾野营或山系徒步，注重生活情调与手作咖啡。,名下持有一套旧两居，置换回款 65% + 个人理财储蓄补充 + 公积金商业贷,非仁恒、绿城、万科等金牌开发商不买，极度看重高端精装质量与顶级物业的增值口碑。,常年本地稳定居住，工作日职住通勤动线规则单一。
上_2008_00292,上海,2008,本地改善,51,女,1.3,10.3,0.45,17.1,4,1,是,B,agent,1,0.7,0.48,0.48,0.56,0.79,0.41,0.72,0.61,自住-改善,一室一厅,52,1983,国企车间技术主任,三口之家(学龄段),上海中环品质两居，车位及空间极其拥挤,小区无地下车库且人车不分流，小孩在楼下玩耍或者推婴儿车极为不安全。,讲究超高得房率（超85%），主卧套房必须配备独立步入式衣帽间与干湿分离双卫。,主要在陆家嘴/徐家汇CBD上班，首选地铁2/9号线沿线，通勤半小时内。,倡导轻户外，周末常带家人自驾野营或山系徒步，注重生活情调与手作咖啡。,名下持有一套旧两居，置换回款 65% + 个人理财储蓄补充 + 公积金商业贷,重性价比，不盲信大牌，但要求物业管理有序、绿化修剪及时、人防技防规范。,常年本地稳定居住，工作日职住通勤动线规则单一。
上_2008_00293,上海,2008,教育型买房,35,男,1.1,7.5,0.4,14.1,3,1,否,B,social,0.82,0.3,0.42,0.28,0.65,0.81,0.52,0.88,0.71,学区房,两室一厅,81,904,邮政局局长秘书,三口之家(幼龄段),上海中环品质两居，车位及空间极其拥挤,小区无地下车库且人车不分流，小孩在楼下玩耍或者推婴儿车极为不安全。,讲究超高得房率（超85%），主卧套房必须配备独立步入式衣帽间与干湿分离双卫。,主要在陆家嘴/徐家汇CBD上班，首选地铁2/9号线沿线，通勤半小时内。,倡导轻户外，周末常带家人自驾野营或山系徒步，注重生活情调与手作咖啡。,名下持有一套旧两居，置换回款 65% + 个人理财储蓄补充 + 公积金商业贷,非仁恒、绿城、万科等金牌开发商不买，极度看重高端精装质量与顶级物业的增值口碑。,常年本地稳定居住，工作日职住通勤动线规则单一。
上_2008_00294,上海,2008,教育型买房,39,男,2.0,12.9,0.4,24.3,3,1,是,B,social,0.85,0.59,0.38,0.33,0.56,0.69,0.57,0.88,0.48,学区房,一室一厅,90,1478,国企车间技术主任,三口之家(学龄段),上海中环品质两居，车位及空间极其拥挤,小区无地下车库且人车不分流，小孩在楼下玩耍或者推婴儿车极为不安全。,核心要求地块属于第一梯队名校学区，且周边500米内解决幼小衔接教育配套。,主要在陆家嘴/徐家汇CBD上班，首选地铁2/9号线沿线，通勤半小时内。,倡导轻户外，周末常带家人自驾野营或山系徒步，注重生活情调与手作咖啡。,名下持有一套旧两居，置换回款 65% + 个人理财储蓄补充 + 公积金商业贷,重性价比，不盲信大牌，但要求物业管理有序、绿化修剪及时、人防技防规范。,常年本地稳定居住，工作日职住通勤动线规则单一。
上_2008_00295,上海,2008,长三角家庭,50,女,1.6,13.6,0.45,22.6,4,3,是,B,agent,0.65,0.58,0.5,0.64,0.49,0.89,0.37,0.69,0.61,自住-改善,两室一厅,72,2161,国企车间技术主任,二胎黄金期中大户型,上海中环品质两居，车位及空间极其拥挤,小区无地下车库且人车不分流，小孩在楼下玩耍或者推婴儿车极为不安全。,讲究超高得房率（超85%），主卧套房必须配备独立步入式衣帽间与干湿分离双卫。,主要在陆家嘴/徐家汇CBD上班，首选地铁2/9号线沿线，通勤半小时内。,倡导轻户外，周末常带家人自驾野营或山系徒步，注重生活情调与手作咖啡。,名下持有一套旧两居，置换回款 65% + 个人理财储蓄补充 + 公积金商业贷,重性价比，不盲信大牌，但要求物业管理有序、绿化修剪及时、人防技防规范。,常年本地稳定居住，工作日职住通勤动线规则单一。
上_2008_00296,上海,2008,教育型买房,45,男,2.0,14.7,0.4,27.5,4,2,否,B,social,1,0.48,0.41,0.48,0.44,0.6,0.61,0.95,0.63,学区房,一室一厅,65,2607,国企车间技术主任,二胎黄金期中大户型,上海中环品质两居，车位及空间极其拥挤,小区无地下车库且人车不分流，小孩在楼下玩耍或者推婴儿车极为不安全。,核心要求地块属于第一梯队名校学区，且周边500米内解决幼小衔接教育配套。,主要在陆家嘴/徐家汇CBD上班，首选地铁2/9号线沿线，通勤半小时内。,倡导轻户外，周末常带家人自驾野营或山系徒步，注重生活情调与手作咖啡。,名下持有一套旧两居，置换回款 65% + 个人理财储蓄补充 + 公积金商业贷,重性价比，不盲信大牌，但要求物业管理有序、绿化修剪及时、人防技防规范。,常年本地稳定居住，工作日职住通勤动线规则单一。
上_2008_00297,上海,2008,金融精英,39,女,2.6,26.0,0.4,48.8,3,0,否,A,research,0.54,0.33,0.79,0.65,0.64,0.65,0.72,0.87,0.76,自住-改善,一室一厅,89,4421,老牌证券公司营业部经理,成熟期核心家庭,西湖边高精平层,无高端私密会所及管家式物业配套，圈层鱼龙混杂，高净值居住体验差。,要求有超大面宽南向双阳台（观景家政分离），主卧大飘窗能270度直面自然景观。,主要在陆家嘴/徐家汇CBD上班，首选地铁2/9号线沿线，通勤半小时内。,周末常去高端商圈消费，热衷打网球和马术，重度手冲咖啡及黑胶唱片发烧友。,名下已有企业股权套现或分红现金，一次性全款付清，基本不加杠杆,非仁恒、绿城、万科等金牌开发商不买，极度看重高端精装质量与顶级物业的增值口碑。,常年本地稳定居住，工作日职住通勤动线规则单一。
上_2008_00298,上海,2008,本地改善,56,女,1.6,13.5,0.45,22.5,5,2,是,B,agent,1,0.41,0.57,0.55,0.48,0.8,0.52,0.74,0.58,自住-改善,一室一厅,53,2160,区财政局科员,二胎黄金期中大户型,上海中环品质两居，车位及空间极其拥挤,小区无地下车库且人车不分流，小孩在楼下玩耍或者推婴儿车极为不安全。,讲究超高得房率（超85%），主卧套房必须配备独立步入式衣帽间与干湿分离双卫。,主要在陆家嘴/徐家汇CBD上班，首选地铁2/9号线沿线，通勤半小时内。,倡导轻户外，周末常带家人自驾野营或山系徒步，注重生活情调与手作咖啡。,名下持有一套旧两居，置换回款 65% + 个人理财储蓄补充 + 公积金商业贷,重性价比，不盲信大牌，但要求物业管理有序、绿化修剪及时、人防技防规范。,常年本地稳定居住，工作日职住通勤动线规则单一。
上_2008_00299,上海,2008,本地改善,57,女,3.7,46.0,0.45,76.7,4,2,否,B,agent,0.83,0.61,0.69,0.48,0.53,0.89,0.48,0.88,0.57,自住-改善,两室两厅,67,9701,国企车间技术主任,二胎黄金期中大户型,上海中环品质两居，车位及空间极其拥挤,小区无地下车库且人车不分流，小孩在楼下玩耍或者推婴儿车极为不安全。,讲究超高得房率（超85%），主卧套房必须配备独立步入式衣帽间与干湿分离双卫。,主要在陆家嘴/徐家汇CBD上班，首选地铁2/9号线沿线，通勤半小时内。,倡导轻户外，周末常带家人自驾野营或山系徒步，注重生活情调与手作咖啡。,名下持有一套旧两居，置换回款 65% + 个人理财储蓄补充 + 公积金商业贷,重性价比，不盲信大牌，但要求物业管理有序、绿化修剪及时、人防技防规范。,常年本地稳定居住，工作日职住通勤动线规则单一。
上_2008_00300,上海,2008,本地改善,40,女,1.8,17.8,0.45,29.7,5,1,是,B,agent,1,0.57,0.5,0.5,0.43,0.84,0.44,0.83,0.61,自住-改善,两室一厅,87,1924,区财政局科员,三口之家(学龄段),上海中环品质两居，车位及空间极其拥挤,小区无地下车库且人车不分流，小孩在楼下玩耍或者推婴儿车极为不安全。,讲究超高得房率（超85%），主卧套房必须配备独立步入式衣帽间与干湿分离双卫。,主要在陆家嘴/徐家汇CBD上班，首选地铁2/9号线沿线，通勤半小时内。,倡导轻户外，周末常带家人自驾野营或山系徒步，注重生活情调与手作咖啡。,名下持有一套旧两居，置换回款 65% + 个人理财储蓄补充 + 公积金商业贷,重性价比，不盲信大牌，但要求物业管理有序、绿化修剪及时、人防技防规范。,常年本地稳定居住，工作日职住通勤动线规则单一。
上_2008_00301,上海,2008,本地改善,40,男,1.6,17.4,0.45,29.1,5,2,否,B,agent,0.95,0.61,0.64,0.53,0.61,0.87,0.6,0.62,0.61,自住-改善,一室一厅,89,1699,国企车间技术主任,二胎黄金期中大户型,上海中环品质两居，车位及空间极其拥挤,小区无地下车库且人车不分流，小孩在楼下玩耍或者推婴儿车极为不安全。,讲究超高得房率（超85%），主卧套房必须配备独立步入式衣帽间与干湿分离双卫。,主要在陆家嘴/徐家汇CBD上班，首选地铁2/9号线沿线，通勤半小时内。,倡导轻户外，周末常带家人自驾野营或山系徒步，注重生活情调与手作咖啡。,名下持有一套旧两居，置换回款 65% + 个人理财储蓄补充 + 公积金商业贷,重性价比，不盲信大牌，但要求物业管理有序、绿化修剪及时、人防技防规范。,常年本地稳定居住，工作日职住通勤动线规则单一。
上_2008_00302,上海,2008,长三角家庭,42,男,2.4,15.4,0.45,25.6,4,2,是,B,agent,0.73,0.54,0.43,0.51,0.44,0.78,0.54,0.76,0.75,自住-首套,两室一厅,76,2555,区财政局科员,二胎黄金期中大户型,上海中环品质两居，车位及空间极其拥挤,小区无地下车库且人车不分流，小孩在楼下玩耍或者推婴儿车极为不安全。,讲究超高得房率（超85%），主卧套房必须配备独立步入式衣帽间与干湿分离双卫。,主要在陆家嘴/徐家汇CBD上班，首选地铁2/9号线沿线，通勤半小时内。,倡导轻户外，周末常带家人自驾野营或山系徒步，注重生活情调与手作咖啡。,夫妻双方积蓄 + 双方父母出资赞助首付 + 公积金商业组合贷款,非仁恒、绿城、万科等金牌开发商不买，极度看重高端精装质量与顶级物业的增值口碑。,常年本地稳定居住，工作日职住通勤动线规则单一。
上_2008_00303,上海,2008,金融精英,43,男,2.2,20.6,0.4,38.7,3,0,否,A,research,1,0.52,0.56,0.54,0.85,0.65,0.63,0.95,0.78,自住-首套,两室一厅,53,4428,老牌证券公司营业部经理,成熟期核心家庭,市中心私密洋房住宅,无高端私密会所及管家式物业配套，圈层鱼龙混杂，高净值居住体验差。,核心要求地块属于第一梯队名校学区，且周边500米内解决幼小衔接教育配套。,主要在陆家嘴/徐家汇CBD上班，首选地铁2/9号线沿线，通勤半小时内。,周末常去高端商圈消费，热衷打网球和马术，重度手冲咖啡及黑胶唱片发烧友。,夫妻双方积蓄 + 双方父母出资赞助首付 + 公积金商业组合贷款,非仁恒、绿城、万科等金牌开发商不买，极度看重高端精装质量与顶级物业的增值口碑。,常年本地稳定居住，工作日职住通勤动线规则单一。
上_2008_00304,上海,2008,本地改善,58,女,2.0,23.9,0.45,39.8,3,2,否,B,agent,0.4,0.5,0.6,0.48,0.56,0.72,0.61,0.7,0.58,自住-改善,两室两厅,83,3719,市第二中学地理教师,二胎黄金期中大户型,上海中环品质两居，车位及空间极其拥挤,小区无地下车库且人车不分流，小孩在楼下玩耍或者推婴儿车极为不安全。,讲究超高得房率（超85%），主卧套房必须配备独立步入式衣帽间与干湿分离双卫。,主要在陆家嘴/徐家汇CBD上班，首选地铁2/9号线沿线，通勤半小时内。,倡导轻户外，周末常带家人自驾野营或山系徒步，注重生活情调与手作咖啡。,名下持有一套旧两居，置换回款 65% + 个人理财储蓄补充 + 公积金商业贷,重性价比，不盲信大牌，但要求物业管理有序、绿化修剪及时、人防技防规范。,常年本地稳定居住，工作日职住通勤动线规则单一。
上_2008_00305,上海,2008,本地改善,40,女,2.0,22.4,0.45,37.3,5,2,否,B,agent,0.57,0.35,0.5,0.4,0.43,0.86,0.56,0.72,0.6,自住-改善,两室两厅,65,3423,邮政局局长秘书,二胎黄金期中大户型,上海中环品质两居，车位及空间极其拥挤,小区无地下车库且人车不分流，小孩在楼下玩耍或者推婴儿车极为不安全。,讲究超高得房率（超85%），主卧套房必须配备独立步入式衣帽间与干湿分离双卫。,主要在陆家嘴/徐家汇CBD上班，首选地铁2/9号线沿线，通勤半小时内。,倡导轻户外，周末常带家人自驾野营或山系徒步，注重生活情调与手作咖啡。,名下持有一套旧两居，置换回款 65% + 个人理财储蓄补充 + 公积金商业贷,重性价比，不盲信大牌，但要求物业管理有序、绿化修剪及时、人防技防规范。,常年本地稳定居住，工作日职住通勤动线规则单一。
上_2008_00306,上海,2008,教育型买房,45,男,5.5,31.9,0.4,59.7,4,2,否,B,social,0.63,0.39,0.35,0.4,0.65,0.81,0.54,1,0.56,学区房,一室一厅,84,5416,邮政局局长秘书,二胎黄金期中大户型,上海中环品质两居，车位及空间极其拥挤,小区无地下车库且人车不分流，小孩在楼下玩耍或者推婴儿车极为不安全。,讲究超高得房率（超85%），主卧套房必须配备独立步入式衣帽间与干湿分离双卫。,主要在陆家嘴/徐家汇CBD上班，首选地铁2/9号线沿线，通勤半小时内。,倡导轻户外，周末常带家人自驾野营或山系徒步，注重生活情调与手作咖啡。,名下持有一套旧两居，置换回款 65% + 个人理财储蓄补充 + 公积金商业贷,重性价比，不盲信大牌，但要求物业管理有序、绿化修剪及时、人防技防规范。,常年本地稳定居住，工作日职住通勤动线规则单一。
上_2008_00307,上海,2008,金融精英,32,男,5.5,55.3,0.4,103.7,3,2,否,A,research,0.59,0.45,0.71,0.57,0.82,0.63,0.79,0.87,0.68,自住-首套,两室一厅,94,8506,申银万国证券分析员,二胎黄金期中大户型,陆家嘴核心区江景大平层,无高端私密会所及管家式物业配套，圈层鱼龙混杂，高净值居住体验差。,要求有超大面宽南向双阳台（观景家政分离），主卧大飘窗能270度直面自然景观。,主要在陆家嘴/徐家汇CBD上班，首选地铁2/9号线沿线，通勤半小时内。,周末常去高端商圈消费，热衷打网球和马术，重度手冲咖啡及黑胶唱片发烧友。,夫妻双方积蓄 + 双方父母出资赞助首付 + 公积金商业组合贷款,重性价比，不盲信大牌，但要求物业管理有序、绿化修剪及时、人防技防规范。,常年本地稳定居住，工作日职住通勤动线规则单一。
上_2008_00308,上海,2008,长三角家庭,54,男,2.4,18.8,0.45,31.3,4,2,是,B,agent,0.68,0.57,0.56,0.44,0.44,0.62,0.32,0.79,0.73,自住-改善,两室两厅,50,4991,区财政局科员,二胎黄金期中大户型,上海中环品质两居，车位及空间极其拥挤,小区无地下车库且人车不分流，小孩在楼下玩耍或者推婴儿车极为不安全。,核心要求地块属于第一梯队名校学区，且周边500米内解决幼小衔接教育配套。,主要在陆家嘴/徐家汇CBD上班，首选地铁2/9号线沿线，通勤半小时内。,倡导轻户外，周末常带家人自驾野营或山系徒步，注重生活情调与手作咖啡。,名下持有一套旧两居，置换回款 65% + 个人理财储蓄补充 + 公积金商业贷,非仁恒、绿城、万科等金牌开发商不买，极度看重高端精装质量与顶级物业的增值口碑。,常年本地稳定居住，工作日职住通勤动线规则单一。
上_2008_00309,上海,2008,金融精英,45,女,4.6,38.1,0.4,71.5,3,2,否,A,research,0.68,0.44,0.78,0.52,0.78,0.71,0.79,0.81,0.93,自住-改善,一室一厅,65,9900,老牌证券公司营业部经理,二胎黄金期中大户型,陆家嘴核心区江景大平层,无高端私密会所及管家式物业配套，圈层鱼龙混杂，高净值居住体验差。,要求有超大面宽南向双阳台（观景家政分离），主卧大飘窗能270度直面自然景观。,主要在陆家嘴/徐家汇CBD上班，首选地铁2/9号线沿线，通勤半小时内。,周末常去高端商圈消费，热衷打网球和马术，重度手冲咖啡及黑胶唱片发烧友。,名下已有企业股权套现或分红现金，一次性全款付清，基本不加杠杆,非仁恒、绿城、万科等金牌开发商不买，极度看重高端精装质量与顶级物业的增值口碑。,常年本地稳定居住，工作日职住通勤动线规则单一。
上_2008_00310,上海,2008,本地改善,56,男,2.0,19.1,0.45,31.8,4,2,否,B,agent,0.74,0.45,0.49,0.59,0.63,0.86,0.46,0.71,0.56,自住-改善,两室一厅,58,3310,国企车间技术主任,二胎黄金期中大户型,上海中环品质两居，车位及空间极其拥挤,小区无地下车库且人车不分流，小孩在楼下玩耍或者推婴儿车极为不安全。,讲究超高得房率（超85%），主卧套房必须配备独立步入式衣帽间与干湿分离双卫。,主要在陆家嘴/徐家汇CBD上班，首选地铁2/9号线沿线，通勤半小时内。,倡导轻户外，周末常带家人自驾野营或山系徒步，注重生活情调与手作咖啡。,名下持有一套旧两居，置换回款 65% + 个人理财储蓄补充 + 公积金商业贷,重性价比，不盲信大牌，但要求物业管理有序、绿化修剪及时、人防技防规范。,常年本地稳定居住，工作日职住通勤动线规则单一。
上_2008_00311,上海,2008,金融精英,34,女,3.4,31.1,0.4,58.3,3,2,否,A,research,0.93,0.51,0.74,0.55,0.8,0.83,0.71,0.83,0.72,自住-首套,两室两厅,100,3282,申银万国证券分析员,二胎黄金期中大户型,市中心私密洋房住宅,无高端私密会所及管家式物业配套，圈层鱼龙混杂，高净值居住体验差。,要求有超大面宽南向双阳台（观景家政分离），主卧大飘窗能270度直面自然景观。,主要在陆家嘴/徐家汇CBD上班，首选地铁2/9号线沿线，通勤半小时内。,周末常去高端商圈消费，热衷打网球和马术，重度手冲咖啡及黑胶唱片发烧友。,夫妻双方积蓄 + 双方父母出资赞助首付 + 公积金商业组合贷款,非仁恒、绿城、万科等金牌开发商不买，极度看重高端精装质量与顶级物业的增值口碑。,常年本地稳定居住，工作日职住通勤动线规则单一。
上_2008_00312,上海,2008,金融精英,38,男,4.8,44.4,0.4,83.2,2,1,是,A,research,0.86,0.52,0.66,0.64,0.89,0.77,0.56,0.79,0.81,自住-改善,一室一厅,79,6334,商业银行支行信贷科长,三口之家(学龄段),市中心私密洋房住宅,当前房屋属于旧多层无电梯房，父母年纪渐高每天爬楼梯极为吃力。,讲究超高得房率（超85%），主卧套房必须配备独立步入式衣帽间与干湿分离双卫。,主要在陆家嘴/徐家汇CBD上班，首选地铁2/9号线沿线，通勤半小时内。,周末常去高端商圈消费，热衷打网球和马术，重度手冲咖啡及黑胶唱片发烧友。,名下已有企业股权套现或分红现金，一次性全款付清，基本不加杠杆,非仁恒、绿城、万科等金牌开发商不买，极度看重高端精装质量与顶级物业的增值口碑。,常年本地稳定居住，工作日职住通勤动线规则单一。
上_2008_00313,上海,2008,本地改善,50,女,1.7,13.4,0.45,22.4,4,1,是,B,agent,0.52,0.61,0.67,0.49,0.46,0.83,0.58,0.73,0.7,自住-改善,一室一厅,95,1746,国企车间技术主任,三口之家(学龄段),上海中环品质两居，车位及空间极其拥挤,小区无地下车库且人车不分流，小孩在楼下玩耍或者推婴儿车极为不安全。,讲究超高得房率（超85%），主卧套房必须配备独立步入式衣帽间与干湿分离双卫。,主要在陆家嘴/徐家汇CBD上班，首选地铁2/9号线沿线，通勤半小时内。,倡导轻户外，周末常带家人自驾野营或山系徒步，注重生活情调与手作咖啡。,名下持有一套旧两居，置换回款 65% + 个人理财储蓄补充 + 公积金商业贷,非仁恒、绿城、万科等金牌开发商不买，极度看重高端精装质量与顶级物业的增值口碑。,常年本地稳定居住，工作日职住通勤动线规则单一。
上_2008_00314,上海,2008,本地改善,43,男,3.3,25.1,0.45,41.9,4,3,否,B,agent,0.81,0.42,0.49,0.45,0.62,0.79,0.63,0.72,0.64,自住-改善,一室一厅,62,5663,区财政局科员,二胎黄金期中大户型,上海中环品质两居，车位及空间极其拥挤,小区无地下车库且人车不分流，小孩在楼下玩耍或者推婴儿车极为不安全。,讲究超高得房率（超85%），主卧套房必须配备独立步入式衣帽间与干湿分离双卫。,主要在陆家嘴/徐家汇CBD上班，首选地铁2/9号线沿线，通勤半小时内。,倡导轻户外，周末常带家人自驾野营或山系徒步，注重生活情调与手作咖啡。,名下持有一套旧两居，置换回款 65% + 个人理财储蓄补充 + 公积金商业贷,重性价比，不盲信大牌，但要求物业管理有序、绿化修剪及时、人防技防规范。,常年本地稳定居住，工作日职住通勤动线规则单一。
上_2008_00315,上海,2008,本地改善,57,女,1.6,13.6,0.45,22.7,4,2,是,B,agent,0.77,0.45,0.47,0.57,0.65,0.88,0.62,0.75,0.65,自住-改善,一室一厅,67,2896,市第二中学地理教师,二胎黄金期中大户型,上海中环品质两居，车位及空间极其拥挤,小区无地下车库且人车不分流，小孩在楼下玩耍或者推婴儿车极为不安全。,讲究超高得房率（超85%），主卧套房必须配备独立步入式衣帽间与干湿分离双卫。,主要在陆家嘴/徐家汇CBD上班，首选地铁2/9号线沿线，通勤半小时内。,倡导轻户外，周末常带家人自驾野营或山系徒步，注重生活情调与手作咖啡。,名下持有一套旧两居，置换回款 65% + 个人理财储蓄补充 + 公积金商业贷,重性价比，不盲信大牌，但要求物业管理有序、绿化修剪及时、人防技防规范。,常年本地稳定居住，工作日职住通勤动线规则单一。
上_2008_00316,上海,2008,金融精英,47,女,6.3,43.3,0.4,81.1,3,1,是,A,research,0.61,0.48,0.77,0.6,0.73,0.7,0.75,0.87,0.82,自住-首套,一室一厅,61,8984,申银万国证券分析员,三口之家(学龄段),西湖边高精平层,当前房屋属于旧多层无电梯房，父母年纪渐高每天爬楼梯极为吃力。,要求有超大面宽南向双阳台（观景家政分离），主卧大飘窗能270度直面自然景观。,主要在陆家嘴/徐家汇CBD上班，首选地铁2/9号线沿线，通勤半小时内。,周末常去高端商圈消费，热衷打网球和马术，重度手冲咖啡及黑胶唱片发烧友。,夫妻双方积蓄 + 双方父母出资赞助首付 + 公积金商业组合贷款,非仁恒、绿城、万科等金牌开发商不买，极度看重高端精装质量与顶级物业的增值口碑。,常年本地稳定居住，工作日职住通勤动线规则单一。
上_2008_00317,上海,2008,教育型买房,44,男,2.8,24.0,0.4,45.1,3,1,否,B,social,1,0.45,0.25,0.38,0.61,0.62,0.54,0.96,0.61,学区房,两室一厅,58,5751,国企车间技术主任,三口之家(学龄段),上海中环品质两居，车位及空间极其拥挤,小区无地下车库且人车不分流，小孩在楼下玩耍或者推婴儿车极为不安全。,核心要求地块属于第一梯队名校学区，且周边500米内解决幼小衔接教育配套。,主要在陆家嘴/徐家汇CBD上班，首选地铁2/9号线沿线，通勤半小时内。,倡导轻户外，周末常带家人自驾野营或山系徒步，注重生活情调与手作咖啡。,名下持有一套旧两居，置换回款 65% + 个人理财储蓄补充 + 公积金商业贷,重性价比，不盲信大牌，但要求物业管理有序、绿化修剪及时、人防技防规范。,常年本地稳定居住，工作日职住通勤动线规则单一。
上_2008_00318,上海,2008,金融精英,35,女,4.8,34.3,0.4,64.4,3,1,是,A,research,0.79,0.18,0.52,0.61,0.74,0.81,0.67,0.82,0.86,自住-首套,一室一厅,92,5154,申银万国证券分析员,三口之家(幼龄段),西湖边高精平层,当前房屋属于旧多层无电梯房，父母年纪渐高每天爬楼梯极为吃力。,讲究超高得房率（超85%），主卧套房必须配备独立步入式衣帽间与干湿分离双卫。,主要在陆家嘴/徐家汇CBD上班，首选地铁2/9号线沿线，通勤半小时内。,周末常去高端商圈消费，热衷打网球和马术，重度手冲咖啡及黑胶唱片发烧友。,夫妻双方积蓄 + 双方父母出资赞助首付 + 公积金商业组合贷款,非仁恒、绿城、万科等金牌开发商不买，极度看重高端精装质量与顶级物业的增值口碑。,常年本地稳定居住，工作日职住通勤动线规则单一。
上_2008_00319,上海,2008,金融精英,49,女,7.4,49.5,0.4,92.8,3,1,是,A,research,0.7,0.41,0.78,0.61,0.93,0.75,0.52,0.87,0.78,自住-首套,两室一厅,73,10316,申银万国证券分析员,三口之家(学龄段),陆家嘴核心区江景大平层,当前房屋属于旧多层无电梯房，父母年纪渐高每天爬楼梯极为吃力。,要求有超大面宽南向双阳台（观景家政分离），主卧大飘窗能270度直面自然景观。,主要在陆家嘴/徐家汇CBD上班，首选地铁2/9号线沿线，通勤半小时内。,周末常去高端商圈消费，热衷打网球和马术，重度手冲咖啡及黑胶唱片发烧友。,夫妻双方积蓄 + 双方父母出资赞助首付 + 公积金商业组合贷款,非仁恒、绿城、万科等金牌开发商不买，极度看重高端精装质量与顶级物业的增值口碑。,常年本地稳定居住，工作日职住通勤动线规则单一。
上_2008_00320,上海,2008,金融精英,46,女,3.2,28.6,0.4,53.6,3,1,是,A,research,0.48,0.42,0.59,0.75,0.84,0.67,0.71,0.89,0.86,自住-首套,两室一厅,58,6294,老牌证券公司营业部经理,三口之家(学龄段),西湖边高精平层,当前房屋属于旧多层无电梯房，父母年纪渐高每天爬楼梯极为吃力。,要求独立电梯入户，主次卧动线分明，配备独立保姆房和私密后院。,主要在陆家嘴/徐家汇CBD上班，首选地铁2/9号线沿线，通勤半小时内。,周末常去高端商圈消费，热衷打网球和马术，重度手冲咖啡及黑胶唱片发烧友。,夫妻双方积蓄 + 双方父母出资赞助首付 + 公积金商业组合贷款,非仁恒、绿城、万科等金牌开发商不买，极度看重高端精装质量与顶级物业的增值口碑。,常年本地稳定居住，工作日职住通勤动线规则单一。
上_2008_00321,上海,2008,长三角家庭,54,男,2.5,15.1,0.45,25.1,4,1,否,B,agent,0.68,0.57,0.61,0.48,0.59,0.87,0.36,0.63,0.67,自住-改善,一室一厅,95,2069,市第二中学地理教师,三口之家(学龄段),上海中环品质两居，车位及空间极其拥挤,小区无地下车库且人车不分流，小孩在楼下玩耍或者推婴儿车极为不安全。,讲究超高得房率（超85%），主卧套房必须配备独立步入式衣帽间与干湿分离双卫。,主要在陆家嘴/徐家汇CBD上班，首选地铁2/9号线沿线，通勤半小时内。,倡导轻户外，周末常带家人自驾野营或山系徒步，注重生活情调与手作咖啡。,名下持有一套旧两居，置换回款 65% + 个人理财储蓄补充 + 公积金商业贷,重性价比，不盲信大牌，但要求物业管理有序、绿化修剪及时、人防技防规范。,常年本地稳定居住，工作日职住通勤动线规则单一。
上_2008_00322,上海,2008,教育型买房,32,女,2.8,23.0,0.4,43.2,2,1,是,B,social,0.89,0.5,0.38,0.39,0.61,0.78,0.51,1,0.59,学区房,两室两厅,92,2514,国企车间技术主任,三口之家(幼龄段),上海中环品质两居，车位及空间极其拥挤,小区无地下车库且人车不分流，小孩在楼下玩耍或者推婴儿车极为不安全。,讲究超高得房率（超85%），主卧套房必须配备独立步入式衣帽间与干湿分离双卫。,主要在陆家嘴/徐家汇CBD上班，首选地铁2/9号线沿线，通勤半小时内。,倡导轻户外，周末常带家人自驾野营或山系徒步，注重生活情调与手作咖啡。,名下持有一套旧两居，置换回款 65% + 个人理财储蓄补充 + 公积金商业贷,重性价比，不盲信大牌，但要求物业管理有序、绿化修剪及时、人防技防规范。,常年本地稳定居住，工作日职住通勤动线规则单一。
上_2008_00323,上海,2008,金融精英,47,男,3.0,27.2,0.4,51.0,3,2,是,A,research,0.84,0.41,0.64,0.64,0.79,0.88,0.71,0.84,0.89,自住-首套,两室一厅,63,6137,申银万国证券分析员,二胎黄金期中大户型,西湖边高精平层,当前房屋属于旧多层无电梯房，父母年纪渐高每天爬楼梯极为吃力。,讲究超高得房率（超85%），主卧套房必须配备独立步入式衣帽间与干湿分离双卫。,主要在陆家嘴/徐家汇CBD上班，首选地铁2/9号线沿线，通勤半小时内。,周末常去高端商圈消费，热衷打网球和马术，重度手冲咖啡及黑胶唱片发烧友。,夫妻双方积蓄 + 双方父母出资赞助首付 + 公积金商业组合贷款,非仁恒、绿城、万科等金牌开发商不买，极度看重高端精装质量与顶级物业的增值口碑。,常年本地稳定居住，工作日职住通勤动线规则单一。
上_2008_00324,上海,2008,教育型买房,41,女,1.5,14.9,0.4,28.0,3,0,是,B,social,0.82,0.61,0.42,0.43,0.57,0.82,0.52,0.97,0.6,学区房,两室一厅,100,1702,国企车间技术主任,成熟期核心家庭,上海中环品质两居，车位及空间极其拥挤,当前房屋属于旧多层无电梯房，父母年纪渐高每天爬楼梯极为吃力。,讲究超高得房率（超85%），主卧套房必须配备独立步入式衣帽间与干湿分离双卫。,主要在陆家嘴/徐家汇CBD上班，首选地铁2/9号线沿线，通勤半小时内。,倡导轻户外，周末常带家人自驾野营或山系徒步，注重生活情调与手作咖啡。,名下持有一套旧两居，置换回款 65% + 个人理财储蓄补充 + 公积金商业贷,重性价比，不盲信大牌，但要求物业管理有序、绿化修剪及时、人防技防规范。,常年本地稳定居住，工作日职住通勤动线规则单一。
上_2008_00325,上海,2008,长三角家庭,43,女,1.2,8.9,0.45,14.8,4,1,是,B,agent,0.82,0.53,0.61,0.45,0.48,0.86,0.49,0.61,0.67,自住-改善,一室一厅,89,1483,国企车间技术主任,三口之家(学龄段),上海中环品质两居，车位及空间极其拥挤,小区无地下车库且人车不分流，小孩在楼下玩耍或者推婴儿车极为不安全。,讲究超高得房率（超85%），主卧套房必须配备独立步入式衣帽间与干湿分离双卫。,主要在陆家嘴/徐家汇CBD上班，首选地铁2/9号线沿线，通勤半小时内。,倡导轻户外，周末常带家人自驾野营或山系徒步，注重生活情调与手作咖啡。,名下持有一套旧两居，置换回款 65% + 个人理财储蓄补充 + 公积金商业贷,重性价比，不盲信大牌，但要求物业管理有序、绿化修剪及时、人防技防规范。,常年本地稳定居住，工作日职住通勤动线规则单一。
上_2008_00326,上海,2008,教育型买房,39,男,1.7,16.1,0.4,30.2,2,1,否,B,social,0.71,0.56,0.36,0.4,0.62,0.81,0.48,0.98,0.74,学区房,两室一厅,98,2444,邮政局局长秘书,三口之家(学龄段),上海中环品质两居，车位及空间极其拥挤,小区无地下车库且人车不分流，小孩在楼下玩耍或者推婴儿车极为不安全。,讲究超高得房率（超85%），主卧套房必须配备独立步入式衣帽间与干湿分离双卫。,主要在陆家嘴/徐家汇CBD上班，首选地铁2/9号线沿线，通勤半小时内。,倡导轻户外，周末常带家人自驾野营或山系徒步，注重生活情调与手作咖啡。,名下持有一套旧两居，置换回款 65% + 个人理财储蓄补充 + 公积金商业贷,非仁恒、绿城、万科等金牌开发商不买，极度看重高端精装质量与顶级物业的增值口碑。,常年本地稳定居住，工作日职住通勤动线规则单一。
上_2008_00327,上海,2008,教育型买房,40,男,2.9,29.4,0.4,55.0,4,2,否,B,social,0.62,0.52,0.44,0.45,0.78,0.64,0.48,1.0,0.44,学区房,一室一厅,78,5397,区财政局科员,二胎黄金期中大户型,上海中环品质两居，车位及空间极其拥挤,小区无地下车库且人车不分流，小孩在楼下玩耍或者推婴儿车极为不安全。,核心要求地块属于第一梯队名校学区，且周边500米内解决幼小衔接教育配套。,主要在陆家嘴/徐家汇CBD上班，首选地铁2/9号线沿线，通勤半小时内。,倡导轻户外，周末常带家人自驾野营或山系徒步，注重生活情调与手作咖啡。,名下持有一套旧两居，置换回款 65% + 个人理财储蓄补充 + 公积金商业贷,重性价比，不盲信大牌，但要求物业管理有序、绿化修剪及时、人防技防规范。,常年本地稳定居住，工作日职住通勤动线规则单一。
上_2008_00328,上海,2008,长三角家庭,46,女,3.1,24.8,0.45,41.3,3,2,否,B,agent,0.72,0.36,0.55,0.54,0.56,0.79,0.28,0.76,0.79,自住-改善,两室两厅,59,6058,市第二中学地理教师,二胎黄金期中大户型,上海中环品质两居，车位及空间极其拥挤,小区无地下车库且人车不分流，小孩在楼下玩耍或者推婴儿车极为不安全。,讲究超高得房率（超85%），主卧套房必须配备独立步入式衣帽间与干湿分离双卫。,主要在陆家嘴/徐家汇CBD上班，首选地铁2/9号线沿线，通勤半小时内。,倡导轻户外，周末常带家人自驾野营或山系徒步，注重生活情调与手作咖啡。,名下持有一套旧两居，置换回款 65% + 个人理财储蓄补充 + 公积金商业贷,非仁恒、绿城、万科等金牌开发商不买，极度看重高端精装质量与顶级物业的增值口碑。,常年本地稳定居住，工作日职住通勤动线规则单一。
上_2008_00329,上海,2008,金融精英,36,男,2.1,16.5,0.4,30.9,3,1,是,A,research,0.84,0.52,0.69,0.64,0.77,0.64,0.67,0.81,0.91,自住-改善,一室一厅,87,2234,商业银行支行信贷科长,三口之家(幼龄段),陆家嘴核心区江景大平层,当前房屋属于旧多层无电梯房，父母年纪渐高每天爬楼梯极为吃力。,核心要求地块属于第一梯队名校学区，且周边500米内解决幼小衔接教育配套。,主要在陆家嘴/徐家汇CBD上班，首选地铁2/9号线沿线，通勤半小时内。,周末常去高端商圈消费，热衷打网球和马术，重度手冲咖啡及黑胶唱片发烧友。,名下已有企业股权套现或分红现金，一次性全款付清，基本不加杠杆,非仁恒、绿城、万科等金牌开发商不买，极度看重高端精装质量与顶级物业的增值口碑。,常年本地稳定居住，工作日职住通勤动线规则单一。
上_2008_00330,上海,2008,本地改善,49,女,2.1,21.5,0.45,35.8,4,2,否,B,agent,0.52,0.54,0.57,0.46,0.61,0.82,0.68,0.55,0.62,自住-改善,两室两厅,78,3946,邮政局局长秘书,二胎黄金期中大户型,上海中环品质两居，车位及空间极其拥挤,小区无地下车库且人车不分流，小孩在楼下玩耍或者推婴儿车极为不安全。,讲究超高得房率（超85%），主卧套房必须配备独立步入式衣帽间与干湿分离双卫。,主要在陆家嘴/徐家汇CBD上班，首选地铁2/9号线沿线，通勤半小时内。,倡导轻户外，周末常带家人自驾野营或山系徒步，注重生活情调与手作咖啡。,名下持有一套旧两居，置换回款 65% + 个人理财储蓄补充 + 公积金商业贷,重性价比，不盲信大牌，但要求物业管理有序、绿化修剪及时、人防技防规范。,常年本地稳定居住，工作日职住通勤动线规则单一。
上_2008_00331,上海,2008,长三角家庭,45,女,2.1,16.7,0.45,27.8,4,1,否,B,agent,0.91,0.56,0.47,0.48,0.55,0.77,0.34,0.64,0.65,自住-改善,一室一厅,51,2820,市第二中学地理教师,三口之家(学龄段),上海中环品质两居，车位及空间极其拥挤,小区无地下车库且人车不分流，小孩在楼下玩耍或者推婴儿车极为不安全。,讲究超高得房率（超85%），主卧套房必须配备独立步入式衣帽间与干湿分离双卫。,主要在陆家嘴/徐家汇CBD上班，首选地铁2/9号线沿线，通勤半小时内。,倡导轻户外，周末常带家人自驾野营或山系徒步，注重生活情调与手作咖啡。,名下持有一套旧两居，置换回款 65% + 个人理财储蓄补充 + 公积金商业贷,重性价比，不盲信大牌，但要求物业管理有序、绿化修剪及时、人防技防规范。,常年本地稳定居住，工作日职住通勤动线规则单一。
上_2008_00332,上海,2008,教育型买房,46,女,2.8,23.7,0.4,44.4,3,1,是,B,social,0.66,0.47,0.38,0.25,0.68,0.8,0.47,0.86,0.59,学区房,两室一厅,71,5011,国企车间技术主任,三口之家(学龄段),上海中环品质两居，车位及空间极其拥挤,小区无地下车库且人车不分流，小孩在楼下玩耍或者推婴儿车极为不安全。,讲究超高得房率（超85%），主卧套房必须配备独立步入式衣帽间与干湿分离双卫。,主要在陆家嘴/徐家汇CBD上班，首选地铁2/9号线沿线，通勤半小时内。,倡导轻户外，周末常带家人自驾野营或山系徒步，注重生活情调与手作咖啡。,名下持有一套旧两居，置换回款 65% + 个人理财储蓄补充 + 公积金商业贷,重性价比，不盲信大牌，但要求物业管理有序、绿化修剪及时、人防技防规范。,常年本地稳定居住，工作日职住通勤动线规则单一。
上_2008_00333,上海,2008,本地改善,57,女,2.9,21.7,0.45,36.2,5,2,是,B,agent,0.85,0.63,0.58,0.39,0.54,0.69,0.59,0.66,0.64,自住-改善,一室一厅,68,2683,市第二中学地理教师,二胎黄金期中大户型,上海中环品质两居，车位及空间极其拥挤,小区无地下车库且人车不分流，小孩在楼下玩耍或者推婴儿车极为不安全。,要求采光通透，全明户型，带多功能嵌入式收纳墙以最大化空间利用。,主要在陆家嘴/徐家汇CBD上班，首选地铁2/9号线沿线，通勤半小时内。,倡导轻户外，周末常带家人自驾野营或山系徒步，注重生活情调与手作咖啡。,名下持有一套旧两居，置换回款 65% + 个人理财储蓄补充 + 公积金商业贷,重性价比，不盲信大牌，但要求物业管理有序、绿化修剪及时、人防技防规范。,常年本地稳定居住，工作日职住通勤动线规则单一。
上_2008_00334,上海,2008,金融精英,41,女,9.4,69.2,0.4,129.8,3,1,是,A,research,1,0.46,0.66,0.62,0.83,0.66,0.86,0.84,0.78,自住-改善,两室两厅,94,10185,商业银行支行信贷科长,三口之家(学龄段),西湖边高精平层,当前房屋属于旧多层无电梯房，父母年纪渐高每天爬楼梯极为吃力。,核心要求地块属于第一梯队名校学区，且周边500米内解决幼小衔接教育配套。,主要在陆家嘴/徐家汇CBD上班，首选地铁2/9号线沿线，通勤半小时内。,周末常去高端商圈消费，热衷打网球和马术，重度手冲咖啡及黑胶唱片发烧友。,名下已有企业股权套现或分红现金，一次性全款付清，基本不加杠杆,非仁恒、绿城、万科等金牌开发商不买，极度看重高端精装质量与顶级物业的增值口碑。,常年本地稳定居住，工作日职住通勤动线规则单一。
上_2008_00335,上海,2008,本地改善,47,男,1.5,16.8,0.45,27.9,4,2,否,B,agent,0.79,0.45,0.76,0.37,0.4,0.98,0.69,0.55,0.63,自住-改善,两室两厅,53,3634,邮政局局长秘书,二胎黄金期中大户型,上海中环品质两居，车位及空间极其拥挤,小区无地下车库且人车不分流，小孩在楼下玩耍或者推婴儿车极为不安全。,要求有超大面宽南向双阳台（观景家政分离），主卧大飘窗能270度直面自然景观。,主要在陆家嘴/徐家汇CBD上班，首选地铁2/9号线沿线，通勤半小时内。,倡导轻户外，周末常带家人自驾野营或山系徒步，注重生活情调与手作咖啡。,名下持有一套旧两居，置换回款 65% + 个人理财储蓄补充 + 公积金商业贷,重性价比，不盲信大牌，但要求物业管理有序、绿化修剪及时、人防技防规范。,常年本地稳定居住，工作日职住通勤动线规则单一。
上_2008_00336,上海,2008,长三角家庭,55,男,3.2,20.7,0.45,34.5,5,2,否,B,agent,0.76,0.48,0.57,0.58,0.53,0.89,0.45,0.61,0.62,自住-改善,两室一厅,91,3263,区财政局科员,二胎黄金期中大户型,上海中环品质两居，车位及空间极其拥挤,小区无地下车库且人车不分流，小孩在楼下玩耍或者推婴儿车极为不安全。,讲究超高得房率（超85%），主卧套房必须配备独立步入式衣帽间与干湿分离双卫。,主要在陆家嘴/徐家汇CBD上班，首选地铁2/9号线沿线，通勤半小时内。,倡导轻户外，周末常带家人自驾野营或山系徒步，注重生活情调与手作咖啡。,名下持有一套旧两居，置换回款 65% + 个人理财储蓄补充 + 公积金商业贷,重性价比，不盲信大牌，但要求物业管理有序、绿化修剪及时、人防技防规范。,常年本地稳定居住，工作日职住通勤动线规则单一。
上_2008_00337,上海,2008,本地改善,42,女,4.0,45.1,0.45,75.2,4,2,是,B,agent,0.69,0.55,0.58,0.48,0.58,0.92,0.61,0.71,0.42,自住-改善,两室两厅,89,4850,国企车间技术主任,二胎黄金期中大户型,上海中环品质两居，车位及空间极其拥挤,小区无地下车库且人车不分流，小孩在楼下玩耍或者推婴儿车极为不安全。,讲究超高得房率（超85%），主卧套房必须配备独立步入式衣帽间与干湿分离双卫。,主要在陆家嘴/徐家汇CBD上班，首选地铁2/9号线沿线，通勤半小时内。,倡导轻户外，周末常带家人自驾野营或山系徒步，注重生活情调与手作咖啡。,名下持有一套旧两居，置换回款 65% + 个人理财储蓄补充 + 公积金商业贷,重性价比，不盲信大牌，但要求物业管理有序、绿化修剪及时、人防技防规范。,常年本地稳定居住，工作日职住通勤动线规则单一。
上_2008_00338,上海,2008,外籍海归,38,女,3.3,21.7,0.4,40.7,4,1,否,A,social,0.86,0.55,0.69,0.44,0.74,0.74,0.69,0.73,0.68,自住-改善,两室两厅,66,3199,合资日化企业技术主管,三口之家(学龄段),陆家嘴核心区江景大平层,无高端私密会所及管家式物业配套，圈层鱼龙混杂，高净值居住体验差。,讲究超高得房率（超85%），主卧套房必须配备独立步入式衣帽间与干湿分离双卫。,主要在陆家嘴/徐家汇CBD上班，首选地铁2/9号线沿线，通勤半小时内。,周末常去高端商圈消费，热衷打网球和马术，重度手冲咖啡及黑胶唱片发烧友。,名下已有企业股权套现或分红现金，一次性全款付清，基本不加杠杆,重性价比，不盲信大牌，但要求物业管理有序、绿化修剪及时、人防技防规范。,常年本地稳定居住，工作日职住通勤动线规则单一。
上_2008_00339,上海,2008,长三角家庭,53,女,1.7,14.5,0.45,24.1,5,2,是,B,agent,0.67,0.55,0.58,0.69,0.52,0.78,0.53,0.6,0.62,自住-首套,一室一厅,56,2393,国企车间技术主任,二胎黄金期中大户型,上海中环品质两居，车位及空间极其拥挤,小区无地下车库且人车不分流，小孩在楼下玩耍或者推婴儿车极为不安全。,讲究超高得房率（超85%），主卧套房必须配备独立步入式衣帽间与干湿分离双卫。,主要在陆家嘴/徐家汇CBD上班，首选地铁2/9号线沿线，通勤半小时内。,倡导轻户外，周末常带家人自驾野营或山系徒步，注重生活情调与手作咖啡。,夫妻双方积蓄 + 双方父母出资赞助首付 + 公积金商业组合贷款,重性价比，不盲信大牌，但要求物业管理有序、绿化修剪及时、人防技防规范。,常年本地稳定居住，工作日职住通勤动线规则单一。
上_2008_00340,上海,2008,本地改善,51,男,2.2,17.4,0.45,29.0,4,2,否,B,agent,0.93,0.54,0.48,0.36,0.33,0.95,0.68,0.63,0.67,自住-改善,两室一厅,88,2082,邮政局局长秘书,二胎黄金期中大户型,上海中环品质两居，车位及空间极其拥挤,小区无地下车库且人车不分流，小孩在楼下玩耍或者推婴儿车极为不安全。,讲究超高得房率（超85%），主卧套房必须配备独立步入式衣帽间与干湿分离双卫。,主要在陆家嘴/徐家汇CBD上班，首选地铁2/9号线沿线，通勤半小时内。,倡导轻户外，周末常带家人自驾野营或山系徒步，注重生活情调与手作咖啡。,名下持有一套旧两居，置换回款 65% + 个人理财储蓄补充 + 公积金商业贷,重性价比，不盲信大牌，但要求物业管理有序、绿化修剪及时、人防技防规范。,常年本地稳定居住，工作日职住通勤动线规则单一。
上_2008_00341,上海,2008,教育型买房,35,女,4.3,35.0,0.4,65.7,3,2,是,B,social,1,0.39,0.3,0.43,0.57,0.72,0.6,1,0.61,学区房,两室一厅,64,8673,区财政局科员,二胎黄金期中大户型,上海中环品质两居，车位及空间极其拥挤,小区无地下车库且人车不分流，小孩在楼下玩耍或者推婴儿车极为不安全。,讲究超高得房率（超85%），主卧套房必须配备独立步入式衣帽间与干湿分离双卫。,主要在陆家嘴/徐家汇CBD上班，首选地铁2/9号线沿线，通勤半小时内。,倡导轻户外，周末常带家人自驾野营或山系徒步，注重生活情调与手作咖啡。,名下持有一套旧两居，置换回款 65% + 个人理财储蓄补充 + 公积金商业贷,重性价比，不盲信大牌，但要求物业管理有序、绿化修剪及时、人防技防规范。,常年本地稳定居住，工作日职住通勤动线规则单一。
上_2008_00342,上海,2008,教育型买房,39,男,4.4,37.7,0.4,70.8,2,0,是,B,social,0.86,0.46,0.29,0.27,0.45,0.68,0.54,0.99,0.77,学区房,两室两厅,53,9397,国企车间技术主任,成熟期核心家庭,上海中环品质两居，车位及空间极其拥挤,当前房屋属于旧多层无电梯房，父母年纪渐高每天爬楼梯极为吃力。,核心要求地块属于第一梯队名校学区，且周边500米内解决幼小衔接教育配套。,主要在陆家嘴/徐家汇CBD上班，首选地铁2/9号线沿线，通勤半小时内。,倡导轻户外，周末常带家人自驾野营或山系徒步，注重生活情调与手作咖啡。,名下持有一套旧两居，置换回款 65% + 个人理财储蓄补充 + 公积金商业贷,非仁恒、绿城、万科等金牌开发商不买，极度看重高端精装质量与顶级物业的增值口碑。,常年本地稳定居住，工作日职住通勤动线规则单一。
上_2008_00343,上海,2008,长三角家庭,42,女,3.3,27.3,0.45,45.6,5,2,否,B,agent,0.7,0.62,0.51,0.45,0.58,0.7,0.35,0.66,0.6,自住-改善,一室一厅,50,7326,区财政局科员,二胎黄金期中大户型,上海中环品质两居，车位及空间极其拥挤,小区无地下车库且人车不分流，小孩在楼下玩耍或者推婴儿车极为不安全。,讲究超高得房率（超85%），主卧套房必须配备独立步入式衣帽间与干湿分离双卫。,主要在陆家嘴/徐家汇CBD上班，首选地铁2/9号线沿线，通勤半小时内。,倡导轻户外，周末常带家人自驾野营或山系徒步，注重生活情调与手作咖啡。,名下持有一套旧两居，置换回款 65% + 个人理财储蓄补充 + 公积金商业贷,重性价比，不盲信大牌，但要求物业管理有序、绿化修剪及时、人防技防规范。,常年本地稳定居住，工作日职住通勤动线规则单一。
上_2008_00344,上海,2008,金融精英,34,男,1.8,18.8,0.4,35.2,4,0,否,A,research,0.68,0.29,0.89,0.73,0.74,0.72,0.69,0.88,0.86,自住-首套,一室一厅,79,3735,申银万国证券分析员,新婚过渡两居,陆家嘴核心区江景大平层,无高端私密会所及管家式物业配套，圈层鱼龙混杂，高净值居住体验差。,要求独立电梯入户，主次卧动线分明，配备独立保姆房和私密后院。,主要在陆家嘴/徐家汇CBD上班，首选地铁2/9号线沿线，通勤半小时内。,周末常去高端商圈消费，热衷打网球和马术，重度手冲咖啡及黑胶唱片发烧友。,夫妻双方积蓄 + 双方父母出资赞助首付 + 公积金商业组合贷款,非仁恒、绿城、万科等金牌开发商不买，极度看重高端精装质量与顶级物业的增值口碑。,常年本地稳定居住，工作日职住通勤动线规则单一。
上_2008_00345,上海,2008,教育型买房,34,女,2.4,23.8,0.4,44.7,3,1,否,B,social,0.92,0.53,0.5,0.39,0.57,0.61,0.65,0.98,0.57,学区房,两室两厅,96,3280,国企车间技术主任,三口之家(幼龄段),上海中环品质两居，车位及空间极其拥挤,小区无地下车库且人车不分流，小孩在楼下玩耍或者推婴儿车极为不安全。,核心要求地块属于第一梯队名校学区，且周边500米内解决幼小衔接教育配套。,主要在陆家嘴/徐家汇CBD上班，首选地铁2/9号线沿线，通勤半小时内。,倡导轻户外，周末常带家人自驾野营或山系徒步，注重生活情调与手作咖啡。,名下持有一套旧两居，置换回款 65% + 个人理财储蓄补充 + 公积金商业贷,重性价比，不盲信大牌，但要求物业管理有序、绿化修剪及时、人防技防规范。,常年本地稳定居住，工作日职住通勤动线规则单一。
上_2008_00346,上海,2008,教育型买房,39,女,3.1,21.5,0.4,40.2,2,0,否,B,social,1,0.54,0.4,0.28,0.59,0.63,0.56,1,0.64,学区房,两室两厅,70,4452,邮政局局长秘书,成熟期核心家庭,上海中环品质两居，车位及空间极其拥挤,老小区隔音差，邻里滋扰严重，且车位严重匮乏，每晚加班回来抢车位像打仗。,核心要求地块属于第一梯队名校学区，且周边500米内解决幼小衔接教育配套。,主要在陆家嘴/徐家汇CBD上班，首选地铁2/9号线沿线，通勤半小时内。,倡导轻户外，周末常带家人自驾野营或山系徒步，注重生活情调与手作咖啡。,名下持有一套旧两居，置换回款 65% + 个人理财储蓄补充 + 公积金商业贷,重性价比，不盲信大牌，但要求物业管理有序、绿化修剪及时、人防技防规范。,常年本地稳定居住，工作日职住通勤动线规则单一。
上_2008_00347,上海,2008,本地改善,52,女,1.9,20.2,0.45,33.6,3,2,否,B,agent,0.76,0.53,0.46,0.38,0.66,0.83,0.54,0.7,0.62,自住-改善,一室一厅,89,3208,邮政局局长秘书,二胎黄金期中大户型,上海中环品质两居，车位及空间极其拥挤,小区无地下车库且人车不分流，小孩在楼下玩耍或者推婴儿车极为不安全。,讲究超高得房率（超85%），主卧套房必须配备独立步入式衣帽间与干湿分离双卫。,主要在陆家嘴/徐家汇CBD上班，首选地铁2/9号线沿线，通勤半小时内。,倡导轻户外，周末常带家人自驾野营或山系徒步，注重生活情调与手作咖啡。,名下持有一套旧两居，置换回款 65% + 个人理财储蓄补充 + 公积金商业贷,重性价比，不盲信大牌，但要求物业管理有序、绿化修剪及时、人防技防规范。,常年本地稳定居住，工作日职住通勤动线规则单一。
上_2008_00348,上海,2008,本地改善,46,男,3.2,38.9,0.45,64.9,4,2,是,B,agent,0.94,0.53,0.57,0.51,0.56,0.91,0.66,0.71,0.63,自住-改善,一室一厅,86,6514,邮政局局长秘书,二胎黄金期中大户型,上海中环品质两居，车位及空间极其拥挤,小区无地下车库且人车不分流，小孩在楼下玩耍或者推婴儿车极为不安全。,讲究超高得房率（超85%），主卧套房必须配备独立步入式衣帽间与干湿分离双卫。,主要在陆家嘴/徐家汇CBD上班，首选地铁2/9号线沿线，通勤半小时内。,倡导轻户外，周末常带家人自驾野营或山系徒步，注重生活情调与手作咖啡。,名下持有一套旧两居，置换回款 65% + 个人理财储蓄补充 + 公积金商业贷,重性价比，不盲信大牌，但要求物业管理有序、绿化修剪及时、人防技防规范。,常年本地稳定居住，工作日职住通勤动线规则单一。
上_2008_00349,上海,2008,本地改善,56,女,2.6,30.4,0.45,50.6,5,3,否,B,agent,0.61,0.63,0.56,0.54,0.67,0.79,0.64,0.7,0.7,自住-改善,两室两厅,70,5163,邮政局局长秘书,二胎黄金期中大户型,上海中环品质两居，车位及空间极其拥挤,小区无地下车库且人车不分流，小孩在楼下玩耍或者推婴儿车极为不安全。,讲究超高得房率（超85%），主卧套房必须配备独立步入式衣帽间与干湿分离双卫。,主要在陆家嘴/徐家汇CBD上班，首选地铁2/9号线沿线，通勤半小时内。,倡导轻户外，周末常带家人自驾野营或山系徒步，注重生活情调与手作咖啡。,名下持有一套旧两居，置换回款 65% + 个人理财储蓄补充 + 公积金商业贷,重性价比，不盲信大牌，但要求物业管理有序、绿化修剪及时、人防技防规范。,常年本地稳定居住，工作日职住通勤动线规则单一。
上_2008_00350,上海,2008,本地改善,53,男,2.2,21.1,0.45,35.2,4,2,否,B,agent,0.79,0.52,0.48,0.47,0.52,0.79,0.62,0.7,0.56,自住-改善,两室两厅,95,1861,国企车间技术主任,二胎黄金期中大户型,上海中环品质两居，车位及空间极其拥挤,小区无地下车库且人车不分流，小孩在楼下玩耍或者推婴儿车极为不安全。,讲究超高得房率（超85%），主卧套房必须配备独立步入式衣帽间与干湿分离双卫。,主要在陆家嘴/徐家汇CBD上班，首选地铁2/9号线沿线，通勤半小时内。,倡导轻户外，周末常带家人自驾野营或山系徒步，注重生活情调与手作咖啡。,名下持有一套旧两居，置换回款 65% + 个人理财储蓄补充 + 公积金商业贷,重性价比，不盲信大牌，但要求物业管理有序、绿化修剪及时、人防技防规范。,常年本地稳定居住，工作日职住通勤动线规则单一。
上_2008_00351,上海,2008,本地改善,45,男,2.6,24.7,0.45,41.2,4,1,是,B,agent,0.66,0.64,0.67,0.57,0.44,0.87,0.59,0.75,0.57,自住-改善,两室两厅,69,3478,市第二中学地理教师,三口之家(学龄段),上海中环品质两居，车位及空间极其拥挤,小区无地下车库且人车不分流，小孩在楼下玩耍或者推婴儿车极为不安全。,讲究超高得房率（超85%），主卧套房必须配备独立步入式衣帽间与干湿分离双卫。,主要在陆家嘴/徐家汇CBD上班，首选地铁2/9号线沿线，通勤半小时内。,倡导轻户外，周末常带家人自驾野营或山系徒步，注重生活情调与手作咖啡。,名下持有一套旧两居，置换回款 65% + 个人理财储蓄补充 + 公积金商业贷,重性价比，不盲信大牌，但要求物业管理有序、绿化修剪及时、人防技防规范。,常年本地稳定居住，工作日职住通勤动线规则单一。
上_2008_00352,上海,2008,金融精英,49,男,4.9,38.4,0.4,72.0,3,1,否,A,research,0.71,0.34,0.53,0.71,0.62,0.79,0.78,0.8,0.9,自住-改善,一室一厅,94,5760,老牌证券公司营业部经理,三口之家(学龄段),西湖边高精平层,无高端私密会所及管家式物业配套，圈层鱼龙混杂，高净值居住体验差。,要求独立电梯入户，主次卧动线分明，配备独立保姆房和私密后院。,主要在陆家嘴/徐家汇CBD上班，首选地铁2/9号线沿线，通勤半小时内。,周末常去高端商圈消费，热衷打网球和马术，重度手冲咖啡及黑胶唱片发烧友。,名下已有企业股权套现或分红现金，一次性全款付清，基本不加杠杆,非仁恒、绿城、万科等金牌开发商不买，极度看重高端精装质量与顶级物业的增值口碑。,常年本地稳定居住，工作日职住通勤动线规则单一。
上_2008_00353,上海,2008,本地改善,43,男,2.2,21.9,0.45,36.6,4,2,是,B,agent,0.66,0.6,0.53,0.61,0.69,0.86,0.51,0.81,0.59,自住-改善,两室两厅,96,2221,国企车间技术主任,二胎黄金期中大户型,上海中环品质两居，车位及空间极其拥挤,小区无地下车库且人车不分流，小孩在楼下玩耍或者推婴儿车极为不安全。,讲究超高得房率（超85%），主卧套房必须配备独立步入式衣帽间与干湿分离双卫。,主要在陆家嘴/徐家汇CBD上班，首选地铁2/9号线沿线，通勤半小时内。,倡导轻户外，周末常带家人自驾野营或山系徒步，注重生活情调与手作咖啡。,名下持有一套旧两居，置换回款 65% + 个人理财储蓄补充 + 公积金商业贷,重性价比，不盲信大牌，但要求物业管理有序、绿化修剪及时、人防技防规范。,常年本地稳定居住，工作日职住通勤动线规则单一。
上_2008_00354,上海,2008,外籍海归,38,女,4.6,40.2,0.4,75.3,4,1,否,A,social,0.81,0.43,0.49,0.52,0.79,0.79,0.7,0.75,0.7,自住-改善,两室两厅,77,7019,外企驻沪办事处代表,三口之家(学龄段),西湖边高精平层,无高端私密会所及管家式物业配套，圈层鱼龙混杂，高净值居住体验差。,讲究超高得房率（超85%），主卧套房必须配备独立步入式衣帽间与干湿分离双卫。,主要在陆家嘴/徐家汇CBD上班，首选地铁2/9号线沿线，通勤半小时内。,周末常去高端商圈消费，热衷打网球和马术，重度手冲咖啡及黑胶唱片发烧友。,名下已有企业股权套现或分红现金，一次性全款付清，基本不加杠杆,重性价比，不盲信大牌，但要求物业管理有序、绿化修剪及时、人防技防规范。,常年本地稳定居住，工作日职住通勤动线规则单一。
上_2008_00355,上海,2008,本地改善,52,男,0.9,9.6,0.45,16.0,5,2,是,B,agent,0.71,0.49,0.6,0.37,0.41,0.82,0.6,0.69,0.74,自住-改善,两室两厅,94,1174,区财政局科员,二胎黄金期中大户型,上海中环品质两居，车位及空间极其拥挤,小区无地下车库且人车不分流，小孩在楼下玩耍或者推婴儿车极为不安全。,讲究超高得房率（超85%），主卧套房必须配备独立步入式衣帽间与干湿分离双卫。,主要在陆家嘴/徐家汇CBD上班，首选地铁2/9号线沿线，通勤半小时内。,倡导轻户外，周末常带家人自驾野营或山系徒步，注重生活情调与手作咖啡。,名下持有一套旧两居，置换回款 65% + 个人理财储蓄补充 + 公积金商业贷,非仁恒、绿城、万科等金牌开发商不买，极度看重高端精装质量与顶级物业的增值口碑。,常年本地稳定居住，工作日职住通勤动线规则单一。
上_2008_00356,上海,2008,教育型买房,39,男,3.7,38.1,0.4,71.5,3,1,否,B,social,0.87,0.52,0.33,0.46,0.64,0.69,0.46,0.94,0.71,学区房,两室两厅,93,5134,市第二中学地理教师,三口之家(学龄段),上海中环品质两居，车位及空间极其拥挤,小区无地下车库且人车不分流，小孩在楼下玩耍或者推婴儿车极为不安全。,核心要求地块属于第一梯队名校学区，且周边500米内解决幼小衔接教育配套。,主要在陆家嘴/徐家汇CBD上班，首选地铁2/9号线沿线，通勤半小时内。,倡导轻户外，周末常带家人自驾野营或山系徒步，注重生活情调与手作咖啡。,名下持有一套旧两居，置换回款 65% + 个人理财储蓄补充 + 公积金商业贷,非仁恒、绿城、万科等金牌开发商不买，极度看重高端精装质量与顶级物业的增值口碑。,常年本地稳定居住，工作日职住通勤动线规则单一。
上_2008_00357,上海,2008,金融精英,41,女,3.0,21.1,0.4,39.5,2,1,否,A,research,0.8,0.63,0.55,0.53,0.77,0.56,0.53,0.79,0.9,自住-改善,两室一厅,98,2375,商业银行支行信贷科长,三口之家(学龄段),西湖边高精平层,无高端私密会所及管家式物业配套，圈层鱼龙混杂，高净值居住体验差。,核心要求地块属于第一梯队名校学区，且周边500米内解决幼小衔接教育配套。,主要在陆家嘴/徐家汇CBD上班，首选地铁2/9号线沿线，通勤半小时内。,周末常去高端商圈消费，热衷打网球和马术，重度手冲咖啡及黑胶唱片发烧友。,名下已有企业股权套现或分红现金，一次性全款付清，基本不加杠杆,非仁恒、绿城、万科等金牌开发商不买，极度看重高端精装质量与顶级物业的增值口碑。,常年本地稳定居住，工作日职住通勤动线规则单一。
上_2008_00358,上海,2008,金融精英,50,女,2.5,23.4,0.4,43.8,3,0,否,A,research,0.97,0.4,0.7,0.42,0.83,0.78,0.62,0.68,0.72,自住-改善,两室一厅,93,2910,老牌证券公司营业部经理,成熟期核心家庭,西湖边高精平层,无高端私密会所及管家式物业配套，圈层鱼龙混杂，高净值居住体验差。,要求有超大面宽南向双阳台（观景家政分离），主卧大飘窗能270度直面自然景观。,主要在陆家嘴/徐家汇CBD上班，首选地铁2/9号线沿线，通勤半小时内。,周末常去高端商圈消费，热衷打网球和马术，重度手冲咖啡及黑胶唱片发烧友。,名下已有企业股权套现或分红现金，一次性全款付清，基本不加杠杆,非仁恒、绿城、万科等金牌开发商不买，极度看重高端精装质量与顶级物业的增值口碑。,常年本地稳定居住，工作日职住通勤动线规则单一。
上_2008_00359,上海,2008,本地改善,49,男,3.0,25.2,0.45,42.0,5,2,否,B,agent,0.59,0.47,0.62,0.5,0.53,0.89,0.61,0.61,0.53,自住-改善,两室两厅,69,4358,市第二中学地理教师,二胎黄金期中大户型,上海中环品质两居，车位及空间极其拥挤,小区无地下车库且人车不分流，小孩在楼下玩耍或者推婴儿车极为不安全。,讲究超高得房率（超85%），主卧套房必须配备独立步入式衣帽间与干湿分离双卫。,主要在陆家嘴/徐家汇CBD上班，首选地铁2/9号线沿线，通勤半小时内。,倡导轻户外，周末常带家人自驾野营或山系徒步，注重生活情调与手作咖啡。,名下持有一套旧两居，置换回款 65% + 个人理财储蓄补充 + 公积金商业贷,重性价比，不盲信大牌，但要求物业管理有序、绿化修剪及时、人防技防规范。,常年本地稳定居住，工作日职住通勤动线规则单一。
上_2008_00360,上海,2008,金融精英,50,男,4.7,47.5,0.4,89.1,3,1,是,A,research,0.72,0.43,0.75,0.55,0.59,0.65,0.77,0.84,0.87,自住-改善,两室一厅,57,9158,商业银行支行信贷科长,三口之家(学龄段),市中心私密洋房住宅,当前房屋属于旧多层无电梯房，父母年纪渐高每天爬楼梯极为吃力。,要求有超大面宽南向双阳台（观景家政分离），主卧大飘窗能270度直面自然景观。,主要在陆家嘴/徐家汇CBD上班，首选地铁2/9号线沿线，通勤半小时内。,周末常去高端商圈消费，热衷打网球和马术，重度手冲咖啡及黑胶唱片发烧友。,名下已有企业股权套现或分红现金，一次性全款付清，基本不加杠杆,非仁恒、绿城、万科等金牌开发商不买，极度看重高端精装质量与顶级物业的增值口碑。,常年本地稳定居住，工作日职住通勤动线规则单一。
上_2008_00361,上海,2008,本地改善,50,女,2.3,21.8,0.45,36.3,4,1,是,B,agent,0.58,0.43,0.52,0.43,0.45,0.85,0.65,0.66,0.53,自住-改善,两室一厅,55,5478,邮政局局长秘书,三口之家(学龄段),上海中环品质两居，车位及空间极其拥挤,小区无地下车库且人车不分流，小孩在楼下玩耍或者推婴儿车极为不安全。,讲究超高得房率（超85%），主卧套房必须配备独立步入式衣帽间与干湿分离双卫。,主要在陆家嘴/徐家汇CBD上班，首选地铁2/9号线沿线，通勤半小时内。,倡导轻户外，周末常带家人自驾野营或山系徒步，注重生活情调与手作咖啡。,名下持有一套旧两居，置换回款 65% + 个人理财储蓄补充 + 公积金商业贷,重性价比，不盲信大牌，但要求物业管理有序、绿化修剪及时、人防技防规范。,常年本地稳定居住，工作日职住通勤动线规则单一。
上_2008_00362,上海,2008,本地改善,43,女,2.0,21.7,0.45,36.2,4,1,否,B,agent,0.36,0.46,0.59,0.48,0.59,0.57,0.57,0.7,0.58,自住-改善,两室一厅,75,4082,邮政局局长秘书,三口之家(学龄段),上海中环品质两居，车位及空间极其拥挤,小区无地下车库且人车不分流，小孩在楼下玩耍或者推婴儿车极为不安全。,要求采光通透，全明户型，带多功能嵌入式收纳墙以最大化空间利用。,主要在陆家嘴/徐家汇CBD上班，首选地铁2/9号线沿线，通勤半小时内。,倡导轻户外，周末常带家人自驾野营或山系徒步，注重生活情调与手作咖啡。,名下持有一套旧两居，置换回款 65% + 个人理财储蓄补充 + 公积金商业贷,重性价比，不盲信大牌，但要求物业管理有序、绿化修剪及时、人防技防规范。,常年本地稳定居住，工作日职住通勤动线规则单一。
上_2008_00363,上海,2008,本地改善,43,女,1.2,9.6,0.45,16.1,5,2,是,B,agent,0.84,0.53,0.6,0.56,0.52,0.79,0.45,0.65,0.51,自住-改善,两室一厅,62,1554,邮政局局长秘书,二胎黄金期中大户型,上海中环品质两居，车位及空间极其拥挤,小区无地下车库且人车不分流，小孩在楼下玩耍或者推婴儿车极为不安全。,讲究超高得房率（超85%），主卧套房必须配备独立步入式衣帽间与干湿分离双卫。,主要在陆家嘴/徐家汇CBD上班，首选地铁2/9号线沿线，通勤半小时内。,倡导轻户外，周末常带家人自驾野营或山系徒步，注重生活情调与手作咖啡。,名下持有一套旧两居，置换回款 65% + 个人理财储蓄补充 + 公积金商业贷,重性价比，不盲信大牌，但要求物业管理有序、绿化修剪及时、人防技防规范。,常年本地稳定居住，工作日职住通勤动线规则单一。
上_2008_00364,上海,2008,本地改善,47,男,2.2,25.8,0.45,43.0,5,2,否,B,agent,0.85,0.6,0.5,0.51,0.57,0.79,0.61,0.81,0.55,自住-改善,两室两厅,74,3636,邮政局局长秘书,二胎黄金期中大户型,上海中环品质两居，车位及空间极其拥挤,小区无地下车库且人车不分流，小孩在楼下玩耍或者推婴儿车极为不安全。,讲究超高得房率（超85%），主卧套房必须配备独立步入式衣帽间与干湿分离双卫。,主要在陆家嘴/徐家汇CBD上班，首选地铁2/9号线沿线，通勤半小时内。,倡导轻户外，周末常带家人自驾野营或山系徒步，注重生活情调与手作咖啡。,名下持有一套旧两居，置换回款 65% + 个人理财储蓄补充 + 公积金商业贷,重性价比，不盲信大牌，但要求物业管理有序、绿化修剪及时、人防技防规范。,常年本地稳定居住，工作日职住通勤动线规则单一。
上_2008_00365,上海,2008,本地改善,48,男,2.1,19.1,0.45,31.8,3,2,否,B,agent,0.59,0.41,0.6,0.42,0.51,0.81,0.57,0.82,0.67,自住-改善,两室一厅,71,2524,市第二中学地理教师,二胎黄金期中大户型,上海中环品质两居，车位及空间极其拥挤,小区无地下车库且人车不分流，小孩在楼下玩耍或者推婴儿车极为不安全。,讲究超高得房率（超85%），主卧套房必须配备独立步入式衣帽间与干湿分离双卫。,主要在陆家嘴/徐家汇CBD上班，首选地铁2/9号线沿线，通勤半小时内。,倡导轻户外，周末常带家人自驾野营或山系徒步，注重生活情调与手作咖啡。,名下持有一套旧两居，置换回款 65% + 个人理财储蓄补充 + 公积金商业贷,重性价比，不盲信大牌，但要求物业管理有序、绿化修剪及时、人防技防规范。,常年本地稳定居住，工作日职住通勤动线规则单一。
上_2008_00366,上海,2008,金融精英,49,女,2.8,19.5,0.4,36.6,3,1,是,A,research,0.69,0.42,0.71,0.64,0.77,0.81,0.69,0.7,0.78,自住-首套,两室一厅,52,6089,老牌证券公司营业部经理,三口之家(学龄段),西湖边高精平层,当前房屋属于旧多层无电梯房，父母年纪渐高每天爬楼梯极为吃力。,要求有超大面宽南向双阳台（观景家政分离），主卧大飘窗能270度直面自然景观。,主要在陆家嘴/徐家汇CBD上班，首选地铁2/9号线沿线，通勤半小时内。,周末常去高端商圈消费，热衷打网球和马术，重度手冲咖啡及黑胶唱片发烧友。,夫妻双方积蓄 + 双方父母出资赞助首付 + 公积金商业组合贷款,非仁恒、绿城、万科等金牌开发商不买，极度看重高端精装质量与顶级物业的增值口碑。,常年本地稳定居住，工作日职住通勤动线规则单一。
上_2008_00367,上海,2008,本地改善,46,女,2.0,23.8,0.45,39.7,5,2,否,B,agent,0.73,0.47,0.48,0.47,0.55,0.83,0.69,0.6,0.55,自住-改善,两室一厅,80,3610,邮政局局长秘书,二胎黄金期中大户型,上海中环品质两居，车位及空间极其拥挤,小区无地下车库且人车不分流，小孩在楼下玩耍或者推婴儿车极为不安全。,讲究超高得房率（超85%），主卧套房必须配备独立步入式衣帽间与干湿分离双卫。,主要在陆家嘴/徐家汇CBD上班，首选地铁2/9号线沿线，通勤半小时内。,倡导轻户外，周末常带家人自驾野营或山系徒步，注重生活情调与手作咖啡。,名下持有一套旧两居，置换回款 65% + 个人理财储蓄补充 + 公积金商业贷,重性价比，不盲信大牌，但要求物业管理有序、绿化修剪及时、人防技防规范。,常年本地稳定居住，工作日职住通勤动线规则单一。
上_2008_00368,上海,2008,教育型买房,37,女,3.4,29.9,0.4,56.1,3,0,否,B,social,0.92,0.74,0.51,0.43,0.61,0.56,0.46,0.84,0.55,学区房,两室两厅,98,4367,国企车间技术主任,成熟期核心家庭,上海中环品质两居，车位及空间极其拥挤,老小区隔音差，邻里滋扰严重，且车位严重匮乏，每晚加班回来抢车位像打仗。,核心要求地块属于第一梯队名校学区，且周边500米内解决幼小衔接教育配套。,主要在陆家嘴/徐家汇CBD上班，首选地铁2/9号线沿线，通勤半小时内。,倡导轻户外，周末常带家人自驾野营或山系徒步，注重生活情调与手作咖啡。,名下持有一套旧两居，置换回款 65% + 个人理财储蓄补充 + 公积金商业贷,重性价比，不盲信大牌，但要求物业管理有序、绿化修剪及时、人防技防规范。,常年本地稳定居住，工作日职住通勤动线规则单一。
上_2008_00369,上海,2008,金融精英,47,女,4.3,31.6,0.4,59.3,3,1,否,A,research,0.74,0.51,0.52,0.51,0.68,0.76,0.73,0.82,0.79,自住-改善,一室一厅,79,4191,老牌证券公司营业部经理,三口之家(学龄段),陆家嘴核心区江景大平层,无高端私密会所及管家式物业配套，圈层鱼龙混杂，高净值居住体验差。,讲究超高得房率（超85%），主卧套房必须配备独立步入式衣帽间与干湿分离双卫。,主要在陆家嘴/徐家汇CBD上班，首选地铁2/9号线沿线，通勤半小时内。,周末常去高端商圈消费，热衷打网球和马术，重度手冲咖啡及黑胶唱片发烧友。,名下已有企业股权套现或分红现金，一次性全款付清，基本不加杠杆,非仁恒、绿城、万科等金牌开发商不买，极度看重高端精装质量与顶级物业的增值口碑。,常年本地稳定居住，工作日职住通勤动线规则单一。
上_2008_00370,上海,2008,本地改善,41,女,1.7,21.4,0.45,35.7,4,2,是,B,agent,0.79,0.47,0.48,0.46,0.56,0.82,0.61,0.76,0.61,自住-改善,一室一厅,88,2974,区财政局科员,二胎黄金期中大户型,上海中环品质两居，车位及空间极其拥挤,小区无地下车库且人车不分流，小孩在楼下玩耍或者推婴儿车极为不安全。,讲究超高得房率（超85%），主卧套房必须配备独立步入式衣帽间与干湿分离双卫。,主要在陆家嘴/徐家汇CBD上班，首选地铁2/9号线沿线，通勤半小时内。,倡导轻户外，周末常带家人自驾野营或山系徒步，注重生活情调与手作咖啡。,名下持有一套旧两居，置换回款 65% + 个人理财储蓄补充 + 公积金商业贷,重性价比，不盲信大牌，但要求物业管理有序、绿化修剪及时、人防技防规范。,常年本地稳定居住，工作日职住通勤动线规则单一。
上_2008_00371,上海,2008,本地改善,43,男,2.3,24.5,0.45,40.8,5,2,否,B,agent,0.63,0.46,0.54,0.6,0.48,0.85,0.57,0.7,0.6,自住-改善,一室一厅,98,3732,邮政局局长秘书,二胎黄金期中大户型,上海中环品质两居，车位及空间极其拥挤,小区无地下车库且人车不分流，小孩在楼下玩耍或者推婴儿车极为不安全。,讲究超高得房率（超85%），主卧套房必须配备独立步入式衣帽间与干湿分离双卫。,主要在陆家嘴/徐家汇CBD上班，首选地铁2/9号线沿线，通勤半小时内。,倡导轻户外，周末常带家人自驾野营或山系徒步，注重生活情调与手作咖啡。,名下持有一套旧两居，置换回款 65% + 个人理财储蓄补充 + 公积金商业贷,重性价比，不盲信大牌，但要求物业管理有序、绿化修剪及时、人防技防规范。,常年本地稳定居住，工作日职住通勤动线规则单一。
上_2008_00372,上海,2008,长三角家庭,41,女,3.6,24.6,0.45,41.0,5,2,否,B,agent,0.6,0.6,0.52,0.52,0.64,0.73,0.3,0.64,0.61,自住-首套,一室一厅,53,6396,市第二中学地理教师,二胎黄金期中大户型,上海中环品质两居，车位及空间极其拥挤,小区无地下车库且人车不分流，小孩在楼下玩耍或者推婴儿车极为不安全。,讲究超高得房率（超85%），主卧套房必须配备独立步入式衣帽间与干湿分离双卫。,主要在陆家嘴/徐家汇CBD上班，首选地铁2/9号线沿线，通勤半小时内。,倡导轻户外，周末常带家人自驾野营或山系徒步，注重生活情调与手作咖啡。,夫妻双方积蓄 + 双方父母出资赞助首付 + 公积金商业组合贷款,重性价比，不盲信大牌，但要求物业管理有序、绿化修剪及时、人防技防规范。,常年本地稳定居住，工作日职住通勤动线规则单一。
上_2008_00373,上海,2008,金融精英,40,男,7.5,61.9,0.4,116.0,3,1,否,A,research,0.6,0.39,0.69,0.62,0.72,0.57,0.71,0.68,0.78,自住-首套,两室一厅,78,10332,申银万国证券分析员,三口之家(学龄段),西湖边高精平层,无高端私密会所及管家式物业配套，圈层鱼龙混杂，高净值居住体验差。,要求采光通透，全明户型，带多功能嵌入式收纳墙以最大化空间利用。,主要在陆家嘴/徐家汇CBD上班，首选地铁2/9号线沿线，通勤半小时内。,周末常去高端商圈消费，热衷打网球和马术，重度手冲咖啡及黑胶唱片发烧友。,夫妻双方积蓄 + 双方父母出资赞助首付 + 公积金商业组合贷款,非仁恒、绿城、万科等金牌开发商不买，极度看重高端精装质量与顶级物业的增值口碑。,常年本地稳定居住，工作日职住通勤动线规则单一。
上_2008_00374,上海,2008,教育型买房,42,男,5.2,53.1,0.4,99.6,3,0,是,B,social,1,0.53,0.34,0.36,0.56,0.74,0.44,0.98,0.47,学区房,两室两厅,62,14388,区财政局科员,成熟期核心家庭,上海中环品质两居，车位及空间极其拥挤,当前房屋属于旧多层无电梯房，父母年纪渐高每天爬楼梯极为吃力。,讲究超高得房率（超85%），主卧套房必须配备独立步入式衣帽间与干湿分离双卫。,主要在陆家嘴/徐家汇CBD上班，首选地铁2/9号线沿线，通勤半小时内。,倡导轻户外，周末常带家人自驾野营或山系徒步，注重生活情调与手作咖啡。,名下持有一套旧两居，置换回款 65% + 个人理财储蓄补充 + 公积金商业贷,重性价比，不盲信大牌，但要求物业管理有序、绿化修剪及时、人防技防规范。,常年本地稳定居住，工作日职住通勤动线规则单一。
上_2008_00375,上海,2008,本地改善,54,男,3.6,31.9,0.45,53.1,4,2,否,B,agent,0.71,0.62,0.51,0.44,0.71,0.89,0.47,0.62,0.48,自住-改善,一室一厅,68,5890,市第二中学地理教师,二胎黄金期中大户型,上海中环品质两居，车位及空间极其拥挤,小区无地下车库且人车不分流，小孩在楼下玩耍或者推婴儿车极为不安全。,讲究超高得房率（超85%），主卧套房必须配备独立步入式衣帽间与干湿分离双卫。,主要在陆家嘴/徐家汇CBD上班，首选地铁2/9号线沿线，通勤半小时内。,倡导轻户外，周末常带家人自驾野营或山系徒步，注重生活情调与手作咖啡。,名下持有一套旧两居，置换回款 65% + 个人理财储蓄补充 + 公积金商业贷,重性价比，不盲信大牌，但要求物业管理有序、绿化修剪及时、人防技防规范。,常年本地稳定居住，工作日职住通勤动线规则单一。
上_2008_00376,上海,2008,长三角家庭,55,女,4.2,26.1,0.45,43.6,4,2,否,B,agent,0.83,0.41,0.53,0.59,0.37,0.91,0.34,0.69,0.6,自住-首套,两室一厅,74,4016,国企车间技术主任,二胎黄金期中大户型,上海中环品质两居，车位及空间极其拥挤,小区无地下车库且人车不分流，小孩在楼下玩耍或者推婴儿车极为不安全。,讲究超高得房率（超85%），主卧套房必须配备独立步入式衣帽间与干湿分离双卫。,主要在陆家嘴/徐家汇CBD上班，首选地铁2/9号线沿线，通勤半小时内。,倡导轻户外，周末常带家人自驾野营或山系徒步，注重生活情调与手作咖啡。,夫妻双方积蓄 + 双方父母出资赞助首付 + 公积金商业组合贷款,重性价比，不盲信大牌，但要求物业管理有序、绿化修剪及时、人防技防规范。,常年本地稳定居住，工作日职住通勤动线规则单一。
上_2008_00377,上海,2008,本地改善,48,女,1.7,21.1,0.45,35.2,4,2,否,B,agent,1,0.66,0.51,0.59,0.48,0.69,0.62,0.84,0.53,自住-改善,两室两厅,59,4540,区财政局科员,二胎黄金期中大户型,上海中环品质两居，车位及空间极其拥挤,小区无地下车库且人车不分流，小孩在楼下玩耍或者推婴儿车极为不安全。,核心要求地块属于第一梯队名校学区，且周边500米内解决幼小衔接教育配套。,主要在陆家嘴/徐家汇CBD上班，首选地铁2/9号线沿线，通勤半小时内。,倡导轻户外，周末常带家人自驾野营或山系徒步，注重生活情调与手作咖啡。,名下持有一套旧两居，置换回款 65% + 个人理财储蓄补充 + 公积金商业贷,重性价比，不盲信大牌，但要求物业管理有序、绿化修剪及时、人防技防规范。,常年本地稳定居住，工作日职住通勤动线规则单一。
上_2008_00378,上海,2008,本地改善,40,女,2.9,21.9,0.45,36.5,3,1,是,B,agent,0.83,0.41,0.46,0.56,0.58,0.96,0.62,0.75,0.68,自住-改善,一室一厅,59,4655,区财政局科员,三口之家(学龄段),上海中环品质两居，车位及空间极其拥挤,小区无地下车库且人车不分流，小孩在楼下玩耍或者推婴儿车极为不安全。,讲究超高得房率（超85%），主卧套房必须配备独立步入式衣帽间与干湿分离双卫。,主要在陆家嘴/徐家汇CBD上班，首选地铁2/9号线沿线，通勤半小时内。,倡导轻户外，周末常带家人自驾野营或山系徒步，注重生活情调与手作咖啡。,名下持有一套旧两居，置换回款 65% + 个人理财储蓄补充 + 公积金商业贷,重性价比，不盲信大牌，但要求物业管理有序、绿化修剪及时、人防技防规范。,常年本地稳定居住，工作日职住通勤动线规则单一。
上_2008_00379,上海,2008,长三角家庭,45,女,3.2,26.8,0.45,44.7,4,2,是,B,agent,0.73,0.6,0.38,0.61,0.53,0.84,0.44,0.77,0.45,自住-首套,两室一厅,87,4610,区财政局科员,二胎黄金期中大户型,上海中环品质两居，车位及空间极其拥挤,小区无地下车库且人车不分流，小孩在楼下玩耍或者推婴儿车极为不安全。,讲究超高得房率（超85%），主卧套房必须配备独立步入式衣帽间与干湿分离双卫。,主要在陆家嘴/徐家汇CBD上班，首选地铁2/9号线沿线，通勤半小时内。,倡导轻户外，周末常带家人自驾野营或山系徒步，注重生活情调与手作咖啡。,夫妻双方积蓄 + 双方父母出资赞助首付 + 公积金商业组合贷款,重性价比，不盲信大牌，但要求物业管理有序、绿化修剪及时、人防技防规范。,常年本地稳定居住，工作日职住通勤动线规则单一。
上_2008_00380,上海,2008,外籍海归,31,女,1.7,14.0,0.4,26.3,2,1,是,A,social,0.47,0.51,0.62,0.64,0.81,0.75,0.49,0.81,0.7,自住-首套,一室一厅,89,2273,外企驻沪办事处代表,三口之家(幼龄段),市中心私密洋房住宅,当前房屋属于旧多层无电梯房，父母年纪渐高每天爬楼梯极为吃力。,讲究超高得房率（超85%），主卧套房必须配备独立步入式衣帽间与干湿分离双卫。,主要在陆家嘴/徐家汇CBD上班，首选地铁2/9号线沿线，通勤半小时内。,周末常去高端商圈消费，热衷打网球和马术，重度手冲咖啡及黑胶唱片发烧友。,夫妻双方积蓄 + 双方父母出资赞助首付 + 公积金商业组合贷款,非仁恒、绿城、万科等金牌开发商不买，极度看重高端精装质量与顶级物业的增值口碑。,常年本地稳定居住，工作日职住通勤动线规则单一。
上_2008_00381,上海,2008,本地改善,50,女,2.7,25.3,0.45,42.2,4,2,否,B,agent,0.77,0.49,0.5,0.5,0.62,0.94,0.53,0.73,0.61,自住-改善,两室一厅,51,6493,区财政局科员,二胎黄金期中大户型,上海中环品质两居，车位及空间极其拥挤,小区无地下车库且人车不分流，小孩在楼下玩耍或者推婴儿车极为不安全。,讲究超高得房率（超85%），主卧套房必须配备独立步入式衣帽间与干湿分离双卫。,主要在陆家嘴/徐家汇CBD上班，首选地铁2/9号线沿线，通勤半小时内。,倡导轻户外，周末常带家人自驾野营或山系徒步，注重生活情调与手作咖啡。,名下持有一套旧两居，置换回款 65% + 个人理财储蓄补充 + 公积金商业贷,重性价比，不盲信大牌，但要求物业管理有序、绿化修剪及时、人防技防规范。,常年本地稳定居住，工作日职住通勤动线规则单一。
上_2008_00382,上海,2008,本地改善,45,女,1.7,18.6,0.45,30.9,4,1,是,B,agent,0.59,0.45,0.42,0.44,0.54,0.83,0.59,0.75,0.48,自住-改善,两室两厅,83,2830,区财政局科员,三口之家(学龄段),上海中环品质两居，车位及空间极其拥挤,小区无地下车库且人车不分流，小孩在楼下玩耍或者推婴儿车极为不安全。,讲究超高得房率（超85%），主卧套房必须配备独立步入式衣帽间与干湿分离双卫。,主要在陆家嘴/徐家汇CBD上班，首选地铁2/9号线沿线，通勤半小时内。,倡导轻户外，周末常带家人自驾野营或山系徒步，注重生活情调与手作咖啡。,名下持有一套旧两居，置换回款 65% + 个人理财储蓄补充 + 公积金商业贷,重性价比，不盲信大牌，但要求物业管理有序、绿化修剪及时、人防技防规范。,常年本地稳定居住，工作日职住通勤动线规则单一。
上_2008_00383,上海,2008,金融精英,48,女,7.0,67.4,0.4,126.3,3,1,否,A,research,0.65,0.5,0.66,0.47,0.82,0.74,0.88,0.87,0.74,自住-改善,两室一厅,67,11518,老牌证券公司营业部经理,三口之家(学龄段),西湖边高精平层,无高端私密会所及管家式物业配套，圈层鱼龙混杂，高净值居住体验差。,讲究超高得房率（超85%），主卧套房必须配备独立步入式衣帽间与干湿分离双卫。,主要在陆家嘴/徐家汇CBD上班，首选地铁2/9号线沿线，通勤半小时内。,周末常去高端商圈消费，热衷打网球和马术，重度手冲咖啡及黑胶唱片发烧友。,名下已有企业股权套现或分红现金，一次性全款付清，基本不加杠杆,非仁恒、绿城、万科等金牌开发商不买，极度看重高端精装质量与顶级物业的增值口碑。,常年本地稳定居住，工作日职住通勤动线规则单一。
上_2008_00384,上海,2008,本地改善,45,女,1.8,21.0,0.45,34.9,3,2,是,B,agent,0.93,0.43,0.71,0.64,0.58,0.79,0.57,0.74,0.62,自住-改善,一室一厅,76,3401,国企车间技术主任,二胎黄金期中大户型,上海中环品质两居，车位及空间极其拥挤,小区无地下车库且人车不分流，小孩在楼下玩耍或者推婴儿车极为不安全。,要求有超大面宽南向双阳台（观景家政分离），主卧大飘窗能270度直面自然景观。,主要在陆家嘴/徐家汇CBD上班，首选地铁2/9号线沿线，通勤半小时内。,倡导轻户外，周末常带家人自驾野营或山系徒步，注重生活情调与手作咖啡。,名下持有一套旧两居，置换回款 65% + 个人理财储蓄补充 + 公积金商业贷,重性价比，不盲信大牌，但要求物业管理有序、绿化修剪及时、人防技防规范。,常年本地稳定居住，工作日职住通勤动线规则单一。
上_2008_00385,上海,2008,本地改善,56,女,2.3,17.5,0.45,29.1,3,2,否,B,agent,0.86,0.58,0.55,0.44,0.49,0.74,0.81,0.72,0.63,自住-改善,两室一厅,99,1800,邮政局局长秘书,二胎黄金期中大户型,上海中环品质两居，车位及空间极其拥挤,小区无地下车库且人车不分流，小孩在楼下玩耍或者推婴儿车极为不安全。,讲究超高得房率（超85%），主卧套房必须配备独立步入式衣帽间与干湿分离双卫。,主要在陆家嘴/徐家汇CBD上班，首选地铁2/9号线沿线，通勤半小时内。,倡导轻户外，周末常带家人自驾野营或山系徒步，注重生活情调与手作咖啡。,名下持有一套旧两居，置换回款 65% + 个人理财储蓄补充 + 公积金商业贷,重性价比，不盲信大牌，但要求物业管理有序、绿化修剪及时、人防技防规范。,常年本地稳定居住，工作日职住通勤动线规则单一。
上_2008_00386,上海,2008,本地改善,40,男,1.4,12.2,0.45,20.3,5,2,否,B,agent,0.88,0.43,0.61,0.39,0.54,0.96,0.75,0.71,0.68,自住-改善,两室两厅,78,1872,区财政局科员,二胎黄金期中大户型,上海中环品质两居，车位及空间极其拥挤,小区无地下车库且人车不分流，小孩在楼下玩耍或者推婴儿车极为不安全。,讲究超高得房率（超85%），主卧套房必须配备独立步入式衣帽间与干湿分离双卫。,主要在陆家嘴/徐家汇CBD上班，首选地铁2/9号线沿线，通勤半小时内。,倡导轻户外，周末常带家人自驾野营或山系徒步，注重生活情调与手作咖啡。,名下持有一套旧两居，置换回款 65% + 个人理财储蓄补充 + 公积金商业贷,重性价比，不盲信大牌，但要求物业管理有序、绿化修剪及时、人防技防规范。,常年本地稳定居住，工作日职住通勤动线规则单一。
上_2008_00387,上海,2008,教育型买房,34,男,2.6,22.0,0.4,41.2,2,1,否,B,social,1,0.55,0.33,0.42,0.47,0.62,0.58,0.95,0.73,学区房,一室一厅,60,4078,邮政局局长秘书,三口之家(幼龄段),上海中环品质两居，车位及空间极其拥挤,小区无地下车库且人车不分流，小孩在楼下玩耍或者推婴儿车极为不安全。,核心要求地块属于第一梯队名校学区，且周边500米内解决幼小衔接教育配套。,主要在陆家嘴/徐家汇CBD上班，首选地铁2/9号线沿线，通勤半小时内。,倡导轻户外，周末常带家人自驾野营或山系徒步，注重生活情调与手作咖啡。,名下持有一套旧两居，置换回款 65% + 个人理财储蓄补充 + 公积金商业贷,非仁恒、绿城、万科等金牌开发商不买，极度看重高端精装质量与顶级物业的增值口碑。,常年本地稳定居住，工作日职住通勤动线规则单一。
上_2008_00388,上海,2008,本地改善,53,女,2.7,19.6,0.45,32.6,3,2,否,B,agent,0.82,0.54,0.71,0.53,0.61,0.74,0.64,0.7,0.68,自住-改善,一室一厅,53,4739,区财政局科员,二胎黄金期中大户型,上海中环品质两居，车位及空间极其拥挤,小区无地下车库且人车不分流，小孩在楼下玩耍或者推婴儿车极为不安全。,要求有超大面宽南向双阳台（观景家政分离），主卧大飘窗能270度直面自然景观。,主要在陆家嘴/徐家汇CBD上班，首选地铁2/9号线沿线，通勤半小时内。,倡导轻户外，周末常带家人自驾野营或山系徒步，注重生活情调与手作咖啡。,名下持有一套旧两居，置换回款 65% + 个人理财储蓄补充 + 公积金商业贷,重性价比，不盲信大牌，但要求物业管理有序、绿化修剪及时、人防技防规范。,常年本地稳定居住，工作日职住通勤动线规则单一。
上_2008_00389,上海,2008,教育型买房,37,男,2.3,21.6,0.4,40.6,3,1,是,B,social,0.69,0.63,0.46,0.33,0.58,0.59,0.52,1,0.49,学区房,一室一厅,52,6996,市第二中学地理教师,三口之家(幼龄段),上海中环品质两居，车位及空间极其拥挤,小区无地下车库且人车不分流，小孩在楼下玩耍或者推婴儿车极为不安全。,核心要求地块属于第一梯队名校学区，且周边500米内解决幼小衔接教育配套。,主要在陆家嘴/徐家汇CBD上班，首选地铁2/9号线沿线，通勤半小时内。,倡导轻户外，周末常带家人自驾野营或山系徒步，注重生活情调与手作咖啡。,名下持有一套旧两居，置换回款 65% + 个人理财储蓄补充 + 公积金商业贷,重性价比，不盲信大牌，但要求物业管理有序、绿化修剪及时、人防技防规范。,常年本地稳定居住，工作日职住通勤动线规则单一。
上_2008_00390,上海,2008,教育型买房,47,男,2.4,23.8,0.4,44.6,3,1,否,B,social,0.72,0.45,0.36,0.41,0.66,0.54,0.56,1,0.55,学区房,一室一厅,69,4946,国企车间技术主任,三口之家(学龄段),上海中环品质两居，车位及空间极其拥挤,小区无地下车库且人车不分流，小孩在楼下玩耍或者推婴儿车极为不安全。,核心要求地块属于第一梯队名校学区，且周边500米内解决幼小衔接教育配套。,主要在陆家嘴/徐家汇CBD上班，首选地铁2/9号线沿线，通勤半小时内。,倡导轻户外，周末常带家人自驾野营或山系徒步，注重生活情调与手作咖啡。,名下持有一套旧两居，置换回款 65% + 个人理财储蓄补充 + 公积金商业贷,重性价比，不盲信大牌，但要求物业管理有序、绿化修剪及时、人防技防规范。,常年本地稳定居住，工作日职住通勤动线规则单一。
上_2008_00391,上海,2008,教育型买房,33,女,5.1,35.7,0.4,66.9,4,1,是,B,social,1,0.53,0.36,0.42,0.65,0.73,0.61,0.96,0.68,学区房,两室两厅,71,7412,邮政局局长秘书,三口之家(幼龄段),上海中环品质两居，车位及空间极其拥挤,小区无地下车库且人车不分流，小孩在楼下玩耍或者推婴儿车极为不安全。,讲究超高得房率（超85%），主卧套房必须配备独立步入式衣帽间与干湿分离双卫。,主要在陆家嘴/徐家汇CBD上班，首选地铁2/9号线沿线，通勤半小时内。,倡导轻户外，周末常带家人自驾野营或山系徒步，注重生活情调与手作咖啡。,名下持有一套旧两居，置换回款 65% + 个人理财储蓄补充 + 公积金商业贷,重性价比，不盲信大牌，但要求物业管理有序、绿化修剪及时、人防技防规范。,常年本地稳定居住，工作日职住通勤动线规则单一。
上_2008_00392,上海,2008,本地改善,38,女,1.8,20.5,0.45,34.2,3,2,是,B,agent,0.81,0.42,0.48,0.56,0.64,0.72,0.65,0.53,0.53,自住-改善,一室一厅,60,3517,市第二中学地理教师,二胎黄金期中大户型,上海中环品质两居，车位及空间极其拥挤,小区无地下车库且人车不分流，小孩在楼下玩耍或者推婴儿车极为不安全。,讲究超高得房率（超85%），主卧套房必须配备独立步入式衣帽间与干湿分离双卫。,主要在陆家嘴/徐家汇CBD上班，首选地铁2/9号线沿线，通勤半小时内。,倡导轻户外，周末常带家人自驾野营或山系徒步，注重生活情调与手作咖啡。,名下持有一套旧两居，置换回款 65% + 个人理财储蓄补充 + 公积金商业贷,重性价比，不盲信大牌，但要求物业管理有序、绿化修剪及时、人防技防规范。,常年本地稳定居住，工作日职住通勤动线规则单一。
上_2008_00393,上海,2008,教育型买房,39,女,1.7,14.7,0.4,27.5,2,1,否,B,social,1,0.45,0.51,0.36,0.79,0.7,0.4,1,0.52,学区房,两室两厅,92,2407,市第二中学地理教师,三口之家(学龄段),上海中环品质两居，车位及空间极其拥挤,小区无地下车库且人车不分流，小孩在楼下玩耍或者推婴儿车极为不安全。,核心要求地块属于第一梯队名校学区，且周边500米内解决幼小衔接教育配套。,主要在陆家嘴/徐家汇CBD上班，首选地铁2/9号线沿线，通勤半小时内。,倡导轻户外，周末常带家人自驾野营或山系徒步，注重生活情调与手作咖啡。,名下持有一套旧两居，置换回款 65% + 个人理财储蓄补充 + 公积金商业贷,重性价比，不盲信大牌，但要求物业管理有序、绿化修剪及时、人防技防规范。,常年本地稳定居住，工作日职住通勤动线规则单一。
上_2008_00394,上海,2008,金融精英,32,女,6.4,57.0,0.4,107.0,3,1,否,A,research,0.97,0.47,0.78,0.53,0.7,0.75,0.65,0.75,0.69,自住-首套,一室一厅,58,9678,老牌证券公司营业部经理,三口之家(幼龄段),陆家嘴核心区江景大平层,无高端私密会所及管家式物业配套，圈层鱼龙混杂，高净值居住体验差。,要求有超大面宽南向双阳台（观景家政分离），主卧大飘窗能270度直面自然景观。,主要在陆家嘴/徐家汇CBD上班，首选地铁2/9号线沿线，通勤半小时内。,周末常去高端商圈消费，热衷打网球和马术，重度手冲咖啡及黑胶唱片发烧友。,夫妻双方积蓄 + 双方父母出资赞助首付 + 公积金商业组合贷款,重性价比，不盲信大牌，但要求物业管理有序、绿化修剪及时、人防技防规范。,常年本地稳定居住，工作日职住通勤动线规则单一。
上_2008_00395,上海,2008,长三角家庭,49,男,2.3,17.1,0.45,28.5,3,1,是,B,agent,0.83,0.5,0.48,0.46,0.46,0.76,0.36,0.56,0.6,自住-首套,一室一厅,72,3463,区财政局科员,三口之家(学龄段),上海中环品质两居，车位及空间极其拥挤,小区无地下车库且人车不分流，小孩在楼下玩耍或者推婴儿车极为不安全。,讲究超高得房率（超85%），主卧套房必须配备独立步入式衣帽间与干湿分离双卫。,主要在陆家嘴/徐家汇CBD上班，首选地铁2/9号线沿线，通勤半小时内。,倡导轻户外，周末常带家人自驾野营或山系徒步，注重生活情调与手作咖啡。,夫妻双方积蓄 + 双方父母出资赞助首付 + 公积金商业组合贷款,重性价比，不盲信大牌，但要求物业管理有序、绿化修剪及时、人防技防规范。,常年本地稳定居住，工作日职住通勤动线规则单一。
上_2008_00396,上海,2008,外籍海归,37,女,3.0,23.9,0.4,44.8,2,0,否,A,social,0.63,0.44,0.62,0.58,0.93,0.68,0.61,0.84,0.84,自住-首套,一室一厅,76,3060,外企驻沪办事处代表,成熟期核心家庭,市中心私密洋房住宅,无高端私密会所及管家式物业配套，圈层鱼龙混杂，高净值居住体验差。,核心要求地块属于第一梯队名校学区，且周边500米内解决幼小衔接教育配套。,主要在陆家嘴/徐家汇CBD上班，首选地铁2/9号线沿线，通勤半小时内。,周末常去高端商圈消费，热衷打网球和马术，重度手冲咖啡及黑胶唱片发烧友。,夫妻双方积蓄 + 双方父母出资赞助首付 + 公积金商业组合贷款,非仁恒、绿城、万科等金牌开发商不买，极度看重高端精装质量与顶级物业的增值口碑。,常年本地稳定居住，工作日职住通勤动线规则单一。
上_2008_00397,上海,2008,教育型买房,33,女,2.3,15.3,0.4,28.8,3,1,否,B,social,0.95,0.49,0.46,0.44,0.52,0.74,0.51,0.96,0.59,学区房,一室一厅,64,3059,邮政局局长秘书,三口之家(幼龄段),上海中环品质两居，车位及空间极其拥挤,小区无地下车库且人车不分流，小孩在楼下玩耍或者推婴儿车极为不安全。,讲究超高得房率（超85%），主卧套房必须配备独立步入式衣帽间与干湿分离双卫。,主要在陆家嘴/徐家汇CBD上班，首选地铁2/9号线沿线，通勤半小时内。,倡导轻户外，周末常带家人自驾野营或山系徒步，注重生活情调与手作咖啡。,名下持有一套旧两居，置换回款 65% + 个人理财储蓄补充 + 公积金商业贷,重性价比，不盲信大牌，但要求物业管理有序、绿化修剪及时、人防技防规范。,常年本地稳定居住，工作日职住通勤动线规则单一。
上_2008_00398,上海,2008,教育型买房,33,男,2.8,22.7,0.4,42.6,4,1,否,B,social,0.93,0.47,0.32,0.42,0.7,0.64,0.64,1,0.63,学区房,一室一厅,57,3986,市第二中学地理教师,三口之家(幼龄段),上海中环品质两居，车位及空间极其拥挤,小区无地下车库且人车不分流，小孩在楼下玩耍或者推婴儿车极为不安全。,核心要求地块属于第一梯队名校学区，且周边500米内解决幼小衔接教育配套。,主要在陆家嘴/徐家汇CBD上班，首选地铁2/9号线沿线，通勤半小时内。,倡导轻户外，周末常带家人自驾野营或山系徒步，注重生活情调与手作咖啡。,名下持有一套旧两居，置换回款 65% + 个人理财储蓄补充 + 公积金商业贷,重性价比，不盲信大牌，但要求物业管理有序、绿化修剪及时、人防技防规范。,常年本地稳定居住，工作日职住通勤动线规则单一。
上_2008_00399,上海,2008,本地改善,55,女,1.8,16.8,0.45,28.0,4,3,是,B,agent,0.89,0.45,0.48,0.51,0.49,0.88,0.57,0.64,0.75,自住-改善,一室一厅,73,3001,邮政局局长秘书,二胎黄金期中大户型,上海中环品质两居，车位及空间极其拥挤,小区无地下车库且人车不分流，小孩在楼下玩耍或者推婴儿车极为不安全。,讲究超高得房率（超85%），主卧套房必须配备独立步入式衣帽间与干湿分离双卫。,主要在陆家嘴/徐家汇CBD上班，首选地铁2/9号线沿线，通勤半小时内。,倡导轻户外，周末常带家人自驾野营或山系徒步，注重生活情调与手作咖啡。,名下持有一套旧两居，置换回款 65% + 个人理财储蓄补充 + 公积金商业贷,非仁恒、绿城、万科等金牌开发商不买，极度看重高端精装质量与顶级物业的增值口碑。,常年本地稳定居住，工作日职住通勤动线规则单一。
上_2008_00400,上海,2008,本地改善,52,女,2.0,14.9,0.45,24.9,3,2,否,B,agent,0.87,0.63,0.64,0.52,0.55,0.83,0.47,0.76,0.57,自住-改善,两室一厅,57,2705,市第二中学地理教师,二胎黄金期中大户型,上海中环品质两居，车位及空间极其拥挤,小区无地下车库且人车不分流，小孩在楼下玩耍或者推婴儿车极为不安全。,讲究超高得房率（超85%），主卧套房必须配备独立步入式衣帽间与干湿分离双卫。,主要在陆家嘴/徐家汇CBD上班，首选地铁2/9号线沿线，通勤半小时内。,倡导轻户外，周末常带家人自驾野营或山系徒步，注重生活情调与手作咖啡。,名下持有一套旧两居，置换回款 65% + 个人理财储蓄补充 + 公积金商业贷,重性价比，不盲信大牌，但要求物业管理有序、绿化修剪及时、人防技防规范。,常年本地稳定居住，工作日职住通勤动线规则单一。
上_2008_00401,上海,2008,本地改善,58,男,2.1,17.4,0.45,29.0,3,2,是,B,agent,0.71,0.52,0.65,0.37,0.73,0.91,0.54,0.52,0.62,自住-改善,一室一厅,52,3267,区财政局科员,二胎黄金期中大户型,上海中环品质两居，车位及空间极其拥挤,小区无地下车库且人车不分流，小孩在楼下玩耍或者推婴儿车极为不安全。,讲究超高得房率（超85%），主卧套房必须配备独立步入式衣帽间与干湿分离双卫。,主要在陆家嘴/徐家汇CBD上班，首选地铁2/9号线沿线，通勤半小时内。,倡导轻户外，周末常带家人自驾野营或山系徒步，注重生活情调与手作咖啡。,名下持有一套旧两居，置换回款 65% + 个人理财储蓄补充 + 公积金商业贷,重性价比，不盲信大牌，但要求物业管理有序、绿化修剪及时、人防技防规范。,常年本地稳定居住，工作日职住通勤动线规则单一。
上_2008_00402,上海,2008,长三角家庭,54,女,4.0,23.9,0.45,39.8,4,2,是,B,agent,0.6,0.56,0.51,0.61,0.4,0.8,0.54,0.78,0.65,自住-改善,两室一厅,66,4114,邮政局局长秘书,二胎黄金期中大户型,上海中环品质两居，车位及空间极其拥挤,小区无地下车库且人车不分流，小孩在楼下玩耍或者推婴儿车极为不安全。,讲究超高得房率（超85%），主卧套房必须配备独立步入式衣帽间与干湿分离双卫。,主要在陆家嘴/徐家汇CBD上班，首选地铁2/9号线沿线，通勤半小时内。,倡导轻户外，周末常带家人自驾野营或山系徒步，注重生活情调与手作咖啡。,名下持有一套旧两居，置换回款 65% + 个人理财储蓄补充 + 公积金商业贷,重性价比，不盲信大牌，但要求物业管理有序、绿化修剪及时、人防技防规范。,常年本地稳定居住，工作日职住通勤动线规则单一。
上_2008_00403,上海,2008,本地改善,52,女,1.8,15.6,0.45,25.9,3,2,是,B,agent,0.81,0.59,0.53,0.57,0.46,0.73,0.61,0.82,0.7,自住-改善,两室一厅,63,2395,区财政局科员,二胎黄金期中大户型,上海中环品质两居，车位及空间极其拥挤,小区无地下车库且人车不分流，小孩在楼下玩耍或者推婴儿车极为不安全。,讲究超高得房率（超85%），主卧套房必须配备独立步入式衣帽间与干湿分离双卫。,主要在陆家嘴/徐家汇CBD上班，首选地铁2/9号线沿线，通勤半小时内。,倡导轻户外，周末常带家人自驾野营或山系徒步，注重生活情调与手作咖啡。,名下持有一套旧两居，置换回款 65% + 个人理财储蓄补充 + 公积金商业贷,重性价比，不盲信大牌，但要求物业管理有序、绿化修剪及时、人防技防规范。,常年本地稳定居住，工作日职住通勤动线规则单一。
上_2008_00404,上海,2008,长三角家庭,36,女,2.9,15.9,0.45,26.5,3,2,否,B,agent,0.88,0.54,0.68,0.53,0.46,0.86,0.51,0.73,0.66,自住-首套,两室两厅,64,3347,区财政局科员,二胎黄金期中大户型,上海中环品质两居，车位及空间极其拥挤,小区无地下车库且人车不分流，小孩在楼下玩耍或者推婴儿车极为不安全。,讲究超高得房率（超85%），主卧套房必须配备独立步入式衣帽间与干湿分离双卫。,主要在陆家嘴/徐家汇CBD上班，首选地铁2/9号线沿线，通勤半小时内。,倡导轻户外，周末常带家人自驾野营或山系徒步，注重生活情调与手作咖啡。,夫妻双方积蓄 + 双方父母出资赞助首付 + 公积金商业组合贷款,重性价比，不盲信大牌，但要求物业管理有序、绿化修剪及时、人防技防规范。,常年本地稳定居住，工作日职住通勤动线规则单一。
上_2008_00405,上海,2008,本地改善,41,女,2.7,32.6,0.45,54.3,3,2,是,B,agent,0.68,0.42,0.52,0.46,0.67,0.83,0.58,0.65,0.56,自住-改善,两室两厅,86,4956,市第二中学地理教师,二胎黄金期中大户型,上海中环品质两居，车位及空间极其拥挤,小区无地下车库且人车不分流，小孩在楼下玩耍或者推婴儿车极为不安全。,讲究超高得房率（超85%），主卧套房必须配备独立步入式衣帽间与干湿分离双卫。,主要在陆家嘴/徐家汇CBD上班，首选地铁2/9号线沿线，通勤半小时内。,倡导轻户外，周末常带家人自驾野营或山系徒步，注重生活情调与手作咖啡。,名下持有一套旧两居，置换回款 65% + 个人理财储蓄补充 + 公积金商业贷,重性价比，不盲信大牌，但要求物业管理有序、绿化修剪及时、人防技防规范。,常年本地稳定居住，工作日职住通勤动线规则单一。
上_2008_00406,上海,2008,教育型买房,40,男,3.6,22.5,0.4,42.2,4,1,否,B,social,0.86,0.5,0.25,0.49,0.67,0.6,0.69,0.97,0.51,学区房,两室一厅,54,6975,区财政局科员,三口之家(学龄段),上海中环品质两居，车位及空间极其拥挤,小区无地下车库且人车不分流，小孩在楼下玩耍或者推婴儿车极为不安全。,核心要求地块属于第一梯队名校学区，且周边500米内解决幼小衔接教育配套。,主要在陆家嘴/徐家汇CBD上班，首选地铁2/9号线沿线，通勤半小时内。,倡导轻户外，周末常带家人自驾野营或山系徒步，注重生活情调与手作咖啡。,名下持有一套旧两居，置换回款 65% + 个人理财储蓄补充 + 公积金商业贷,重性价比，不盲信大牌，但要求物业管理有序、绿化修剪及时、人防技防规范。,常年本地稳定居住，工作日职住通勤动线规则单一。
上_2008_00407,上海,2008,本地改善,49,女,2.0,25.1,0.45,41.9,4,2,否,B,agent,0.64,0.48,0.6,0.57,0.51,0.79,0.72,0.76,0.56,自住-改善,两室两厅,82,4477,市第二中学地理教师,二胎黄金期中大户型,上海中环品质两居，车位及空间极其拥挤,小区无地下车库且人车不分流，小孩在楼下玩耍或者推婴儿车极为不安全。,讲究超高得房率（超85%），主卧套房必须配备独立步入式衣帽间与干湿分离双卫。,主要在陆家嘴/徐家汇CBD上班，首选地铁2/9号线沿线，通勤半小时内。,倡导轻户外，周末常带家人自驾野营或山系徒步，注重生活情调与手作咖啡。,名下持有一套旧两居，置换回款 65% + 个人理财储蓄补充 + 公积金商业贷,重性价比，不盲信大牌，但要求物业管理有序、绿化修剪及时、人防技防规范。,常年本地稳定居住，工作日职住通勤动线规则单一。
上_2008_00408,上海,2008,金融精英,42,男,5.4,46.9,0.4,87.9,3,1,否,A,research,0.49,0.56,0.73,0.61,0.74,0.65,0.57,0.75,0.86,自住-首套,一室一厅,93,8125,老牌证券公司营业部经理,三口之家(学龄段),市中心私密洋房住宅,无高端私密会所及管家式物业配套，圈层鱼龙混杂，高净值居住体验差。,要求有超大面宽南向双阳台（观景家政分离），主卧大飘窗能270度直面自然景观。,主要在陆家嘴/徐家汇CBD上班，首选地铁2/9号线沿线，通勤半小时内。,周末常去高端商圈消费，热衷打网球和马术，重度手冲咖啡及黑胶唱片发烧友。,夫妻双方积蓄 + 双方父母出资赞助首付 + 公积金商业组合贷款,非仁恒、绿城、万科等金牌开发商不买，极度看重高端精装质量与顶级物业的增值口碑。,常年本地稳定居住，工作日职住通勤动线规则单一。
上_2008_00409,上海,2008,金融精英,39,男,6.2,64.4,0.4,120.7,3,2,是,A,research,0.45,0.36,0.61,0.56,0.65,0.72,0.68,0.78,0.75,自住-改善,两室一厅,90,11019,商业银行支行信贷科长,二胎黄金期中大户型,市中心私密洋房住宅,当前房屋属于旧多层无电梯房，父母年纪渐高每天爬楼梯极为吃力。,讲究超高得房率（超85%），主卧套房必须配备独立步入式衣帽间与干湿分离双卫。,主要在陆家嘴/徐家汇CBD上班，首选地铁2/9号线沿线，通勤半小时内。,周末常去高端商圈消费，热衷打网球和马术，重度手冲咖啡及黑胶唱片发烧友。,名下已有企业股权套现或分红现金，一次性全款付清，基本不加杠杆,非仁恒、绿城、万科等金牌开发商不买，极度看重高端精装质量与顶级物业的增值口碑。,常年本地稳定居住，工作日职住通勤动线规则单一。
上_2008_00410,上海,2008,金融精英,47,男,6.9,42.5,0.4,79.6,2,1,是,A,research,0.89,0.49,0.67,0.44,0.74,0.67,0.75,0.83,0.75,自住-改善,两室两厅,60,11527,商业银行支行信贷科长,三口之家(学龄段),市中心私密洋房住宅,当前房屋属于旧多层无电梯房，父母年纪渐高每天爬楼梯极为吃力。,核心要求地块属于第一梯队名校学区，且周边500米内解决幼小衔接教育配套。,主要在陆家嘴/徐家汇CBD上班，首选地铁2/9号线沿线，通勤半小时内。,周末常去高端商圈消费，热衷打网球和马术，重度手冲咖啡及黑胶唱片发烧友。,名下已有企业股权套现或分红现金，一次性全款付清，基本不加杠杆,非仁恒、绿城、万科等金牌开发商不买，极度看重高端精装质量与顶级物业的增值口碑。,常年本地稳定居住，工作日职住通勤动线规则单一。
上_2008_00411,上海,2008,本地改善,55,女,1.9,23.0,0.45,38.3,4,3,否,B,agent,0.86,0.43,0.62,0.61,0.43,0.8,0.61,0.72,0.5,自住-改善,两室两厅,74,4127,国企车间技术主任,二胎黄金期中大户型,上海中环品质两居，车位及空间极其拥挤,小区无地下车库且人车不分流，小孩在楼下玩耍或者推婴儿车极为不安全。,讲究超高得房率（超85%），主卧套房必须配备独立步入式衣帽间与干湿分离双卫。,主要在陆家嘴/徐家汇CBD上班，首选地铁2/9号线沿线，通勤半小时内。,倡导轻户外，周末常带家人自驾野营或山系徒步，注重生活情调与手作咖啡。,名下持有一套旧两居，置换回款 65% + 个人理财储蓄补充 + 公积金商业贷,重性价比，不盲信大牌，但要求物业管理有序、绿化修剪及时、人防技防规范。,常年本地稳定居住，工作日职住通勤动线规则单一。
上_2008_00412,上海,2008,本地改善,53,女,2.5,32.2,0.45,53.7,4,3,否,B,agent,0.77,0.6,0.63,0.54,0.6,0.86,0.57,0.6,0.59,自住-改善,一室一厅,54,8375,邮政局局长秘书,二胎黄金期中大户型,上海中环品质两居，车位及空间极其拥挤,小区无地下车库且人车不分流，小孩在楼下玩耍或者推婴儿车极为不安全。,讲究超高得房率（超85%），主卧套房必须配备独立步入式衣帽间与干湿分离双卫。,主要在陆家嘴/徐家汇CBD上班，首选地铁2/9号线沿线，通勤半小时内。,倡导轻户外，周末常带家人自驾野营或山系徒步，注重生活情调与手作咖啡。,名下持有一套旧两居，置换回款 65% + 个人理财储蓄补充 + 公积金商业贷,重性价比，不盲信大牌，但要求物业管理有序、绿化修剪及时、人防技防规范。,常年本地稳定居住，工作日职住通勤动线规则单一。
上_2008_00413,上海,2008,教育型买房,47,男,2.5,18.4,0.4,34.4,2,0,是,B,social,0.82,0.49,0.25,0.48,0.41,0.8,0.56,0.86,0.57,学区房,一室一厅,83,2393,区财政局科员,成熟期核心家庭,上海中环品质两居，车位及空间极其拥挤,当前房屋属于旧多层无电梯房，父母年纪渐高每天爬楼梯极为吃力。,讲究超高得房率（超85%），主卧套房必须配备独立步入式衣帽间与干湿分离双卫。,主要在陆家嘴/徐家汇CBD上班，首选地铁2/9号线沿线，通勤半小时内。,倡导轻户外，周末常带家人自驾野营或山系徒步，注重生活情调与手作咖啡。,名下持有一套旧两居，置换回款 65% + 个人理财储蓄补充 + 公积金商业贷,重性价比，不盲信大牌，但要求物业管理有序、绿化修剪及时、人防技防规范。,常年本地稳定居住，工作日职住通勤动线规则单一。
上_2008_00414,上海,2008,金融精英,49,男,4.6,37.3,0.4,69.9,3,0,否,A,research,0.87,0.45,0.68,0.6,0.75,0.77,0.73,0.73,0.83,自住-首套,两室一厅,53,10910,老牌证券公司营业部经理,成熟期核心家庭,市中心私密洋房住宅,无高端私密会所及管家式物业配套，圈层鱼龙混杂，高净值居住体验差。,讲究超高得房率（超85%），主卧套房必须配备独立步入式衣帽间与干湿分离双卫。,主要在陆家嘴/徐家汇CBD上班，首选地铁2/9号线沿线，通勤半小时内。,周末常去高端商圈消费，热衷打网球和马术，重度手冲咖啡及黑胶唱片发烧友。,夫妻双方积蓄 + 双方父母出资赞助首付 + 公积金商业组合贷款,非仁恒、绿城、万科等金牌开发商不买，极度看重高端精装质量与顶级物业的增值口碑。,常年本地稳定居住，工作日职住通勤动线规则单一。
上_2008_00415,上海,2008,长三角家庭,41,女,2.4,17.2,0.45,28.6,5,2,否,B,agent,1,0.59,0.39,0.41,0.49,0.85,0.45,0.77,0.62,自住-首套,两室一厅,98,2232,国企车间技术主任,二胎黄金期中大户型,上海中环品质两居，车位及空间极其拥挤,小区无地下车库且人车不分流，小孩在楼下玩耍或者推婴儿车极为不安全。,讲究超高得房率（超85%），主卧套房必须配备独立步入式衣帽间与干湿分离双卫。,主要在陆家嘴/徐家汇CBD上班，首选地铁2/9号线沿线，通勤半小时内。,倡导轻户外，周末常带家人自驾野营或山系徒步，注重生活情调与手作咖啡。,夫妻双方积蓄 + 双方父母出资赞助首付 + 公积金商业组合贷款,重性价比，不盲信大牌，但要求物业管理有序、绿化修剪及时、人防技防规范。,常年本地稳定居住，工作日职住通勤动线规则单一。
上_2008_00416,上海,2008,本地改善,52,女,1.4,15.1,0.45,25.1,5,1,否,B,agent,0.64,0.42,0.54,0.5,0.58,0.91,0.62,0.67,0.63,自住-改善,一室一厅,84,2499,邮政局局长秘书,三口之家(学龄段),上海中环品质两居，车位及空间极其拥挤,小区无地下车库且人车不分流，小孩在楼下玩耍或者推婴儿车极为不安全。,讲究超高得房率（超85%），主卧套房必须配备独立步入式衣帽间与干湿分离双卫。,主要在陆家嘴/徐家汇CBD上班，首选地铁2/9号线沿线，通勤半小时内。,倡导轻户外，周末常带家人自驾野营或山系徒步，注重生活情调与手作咖啡。,名下持有一套旧两居，置换回款 65% + 个人理财储蓄补充 + 公积金商业贷,重性价比，不盲信大牌，但要求物业管理有序、绿化修剪及时、人防技防规范。,常年本地稳定居住，工作日职住通勤动线规则单一。
上_2008_00417,上海,2008,本地改善,43,女,2.7,21.4,0.45,35.6,4,3,是,B,agent,1,0.62,0.54,0.84,0.5,0.71,0.52,0.74,0.42,自住-改善,两室两厅,70,3473,邮政局局长秘书,二胎黄金期中大户型,上海中环品质两居，车位及空间极其拥挤,小区无地下车库且人车不分流，小孩在楼下玩耍或者推婴儿车极为不安全。,要求独立电梯入户，主次卧动线分明，配备独立保姆房和私密后院。,主要在陆家嘴/徐家汇CBD上班，首选地铁2/9号线沿线，通勤半小时内。,倡导轻户外，周末常带家人自驾野营或山系徒步，注重生活情调与手作咖啡。,名下持有一套旧两居，置换回款 65% + 个人理财储蓄补充 + 公积金商业贷,重性价比，不盲信大牌，但要求物业管理有序、绿化修剪及时、人防技防规范。,常年本地稳定居住，工作日职住通勤动线规则单一。
上_2008_00418,上海,2008,本地改善,43,男,3.9,43.0,0.45,71.7,4,3,否,B,agent,0.87,0.47,0.55,0.46,0.61,0.87,0.66,0.74,0.6,自住-改善,一室一厅,57,9361,国企车间技术主任,二胎黄金期中大户型,上海中环品质两居，车位及空间极其拥挤,小区无地下车库且人车不分流，小孩在楼下玩耍或者推婴儿车极为不安全。,讲究超高得房率（超85%），主卧套房必须配备独立步入式衣帽间与干湿分离双卫。,主要在陆家嘴/徐家汇CBD上班，首选地铁2/9号线沿线，通勤半小时内。,倡导轻户外，周末常带家人自驾野营或山系徒步，注重生活情调与手作咖啡。,名下持有一套旧两居，置换回款 65% + 个人理财储蓄补充 + 公积金商业贷,重性价比，不盲信大牌，但要求物业管理有序、绿化修剪及时、人防技防规范。,常年本地稳定居住，工作日职住通勤动线规则单一。
上_2008_00419,上海,2008,长三角家庭,35,女,1.4,11.9,0.45,19.8,4,1,是,B,agent,0.78,0.49,0.53,0.49,0.52,0.79,0.28,0.76,0.68,自住-改善,两室一厅,59,2882,国企车间技术主任,三口之家(幼龄段),上海中环品质两居，车位及空间极其拥挤,小区无地下车库且人车不分流，小孩在楼下玩耍或者推婴儿车极为不安全。,讲究超高得房率（超85%），主卧套房必须配备独立步入式衣帽间与干湿分离双卫。,主要在陆家嘴/徐家汇CBD上班，首选地铁2/9号线沿线，通勤半小时内。,倡导轻户外，周末常带家人自驾野营或山系徒步，注重生活情调与手作咖啡。,名下持有一套旧两居，置换回款 65% + 个人理财储蓄补充 + 公积金商业贷,重性价比，不盲信大牌，但要求物业管理有序、绿化修剪及时、人防技防规范。,常年本地稳定居住，工作日职住通勤动线规则单一。
上_2008_00420,上海,2008,教育型买房,33,男,3.2,32.4,0.4,60.8,4,1,否,B,social,0.96,0.55,0.45,0.37,0.67,0.66,0.67,0.91,0.62,学区房,一室一厅,56,5606,邮政局局长秘书,三口之家(幼龄段),上海中环品质两居，车位及空间极其拥挤,小区无地下车库且人车不分流，小孩在楼下玩耍或者推婴儿车极为不安全。,核心要求地块属于第一梯队名校学区，且周边500米内解决幼小衔接教育配套。,主要在陆家嘴/徐家汇CBD上班，首选地铁2/9号线沿线，通勤半小时内。,倡导轻户外，周末常带家人自驾野营或山系徒步，注重生活情调与手作咖啡。,名下持有一套旧两居，置换回款 65% + 个人理财储蓄补充 + 公积金商业贷,重性价比，不盲信大牌，但要求物业管理有序、绿化修剪及时、人防技防规范。,常年本地稳定居住，工作日职住通勤动线规则单一。
上_2008_00421,上海,2008,教育型买房,44,男,1.4,11.9,0.4,22.2,4,1,否,B,social,1,0.44,0.29,0.27,0.54,0.75,0.51,1,0.59,学区房,两室一厅,69,2208,邮政局局长秘书,三口之家(学龄段),上海中环品质两居，车位及空间极其拥挤,小区无地下车库且人车不分流，小孩在楼下玩耍或者推婴儿车极为不安全。,讲究超高得房率（超85%），主卧套房必须配备独立步入式衣帽间与干湿分离双卫。,主要在陆家嘴/徐家汇CBD上班，首选地铁2/9号线沿线，通勤半小时内。,倡导轻户外，周末常带家人自驾野营或山系徒步，注重生活情调与手作咖啡。,名下持有一套旧两居，置换回款 65% + 个人理财储蓄补充 + 公积金商业贷,重性价比，不盲信大牌，但要求物业管理有序、绿化修剪及时、人防技防规范。,常年本地稳定居住，工作日职住通勤动线规则单一。
上_2008_00422,上海,2008,金融精英,40,男,5.4,49.8,0.4,93.3,3,1,否,A,research,0.57,0.47,0.69,0.62,0.62,0.96,0.82,0.85,0.85,自住-首套,一室一厅,81,6934,申银万国证券分析员,三口之家(学龄段),市中心私密洋房住宅,无高端私密会所及管家式物业配套，圈层鱼龙混杂，高净值居住体验差。,讲究超高得房率（超85%），主卧套房必须配备独立步入式衣帽间与干湿分离双卫。,主要在陆家嘴/徐家汇CBD上班，首选地铁2/9号线沿线，通勤半小时内。,周末常去高端商圈消费，热衷打网球和马术，重度手冲咖啡及黑胶唱片发烧友。,夫妻双方积蓄 + 双方父母出资赞助首付 + 公积金商业组合贷款,非仁恒、绿城、万科等金牌开发商不买，极度看重高端精装质量与顶级物业的增值口碑。,常年本地稳定居住，工作日职住通勤动线规则单一。
上_2008_00423,上海,2008,金融精英,36,男,9.4,90.1,0.4,169.0,4,1,否,A,research,0.6,0.45,0.51,0.52,0.75,0.7,0.64,0.76,0.8,自住-改善,三室两厅,116,10038,申银万国证券分析员,三口之家(幼龄段),市中心私密洋房住宅,无高端私密会所及管家式物业配套，圈层鱼龙混杂，高净值居住体验差。,讲究超高得房率（超85%），主卧套房必须配备独立步入式衣帽间与干湿分离双卫。,主要在陆家嘴/徐家汇CBD上班，首选地铁2/9号线沿线，通勤半小时内。,周末常去高端商圈消费，热衷打网球和马术，重度手冲咖啡及黑胶唱片发烧友。,名下已有企业股权套现或分红现金，一次性全款付清，基本不加杠杆,非仁恒、绿城、万科等金牌开发商不买，极度看重高端精装质量与顶级物业的增值口碑。,常年本地稳定居住，工作日职住通勤动线规则单一。
上_2008_00424,上海,2008,教育型买房,45,男,1.6,13.7,0.4,25.6,3,1,是,B,social,0.79,0.62,0.45,0.46,0.58,0.82,0.51,0.97,0.63,学区房,两室两厅,67,1985,区财政局科员,三口之家(学龄段),上海中环品质两居，车位及空间极其拥挤,小区无地下车库且人车不分流，小孩在楼下玩耍或者推婴儿车极为不安全。,讲究超高得房率（超85%），主卧套房必须配备独立步入式衣帽间与干湿分离双卫。,主要在陆家嘴/徐家汇CBD上班，首选地铁2/9号线沿线，通勤半小时内。,倡导轻户外，周末常带家人自驾野营或山系徒步，注重生活情调与手作咖啡。,名下持有一套旧两居，置换回款 65% + 个人理财储蓄补充 + 公积金商业贷,重性价比，不盲信大牌，但要求物业管理有序、绿化修剪及时、人防技防规范。,常年本地稳定居住，工作日职住通勤动线规则单一。
上_2008_00425,上海,2008,长三角家庭,51,男,1.8,11.5,0.45,19.1,3,2,否,B,agent,0.73,0.46,0.49,0.51,0.47,0.89,0.52,0.78,0.61,自住-改善,两室两厅,95,1435,国企车间技术主任,二胎黄金期中大户型,上海中环品质两居，车位及空间极其拥挤,小区无地下车库且人车不分流，小孩在楼下玩耍或者推婴儿车极为不安全。,讲究超高得房率（超85%），主卧套房必须配备独立步入式衣帽间与干湿分离双卫。,主要在陆家嘴/徐家汇CBD上班，首选地铁2/9号线沿线，通勤半小时内。,倡导轻户外，周末常带家人自驾野营或山系徒步，注重生活情调与手作咖啡。,名下持有一套旧两居，置换回款 65% + 个人理财储蓄补充 + 公积金商业贷,重性价比，不盲信大牌，但要求物业管理有序、绿化修剪及时、人防技防规范。,常年本地稳定居住，工作日职住通勤动线规则单一。
上_2008_00426,上海,2008,外籍海归,40,女,3.7,22.7,0.4,42.5,3,1,否,A,social,0.95,0.4,0.52,0.65,0.81,0.83,0.7,0.88,0.65,自住-首套,两室一厅,90,3180,合资日化企业技术主管,三口之家(学龄段),西湖边高精平层,无高端私密会所及管家式物业配套，圈层鱼龙混杂，高净值居住体验差。,讲究超高得房率（超85%），主卧套房必须配备独立步入式衣帽间与干湿分离双卫。,主要在陆家嘴/徐家汇CBD上班，首选地铁2/9号线沿线，通勤半小时内。,周末常去高端商圈消费，热衷打网球和马术，重度手冲咖啡及黑胶唱片发烧友。,夫妻双方积蓄 + 双方父母出资赞助首付 + 公积金商业组合贷款,重性价比，不盲信大牌，但要求物业管理有序、绿化修剪及时、人防技防规范。,常年本地稳定居住，工作日职住通勤动线规则单一。
上_2008_00427,上海,2008,本地改善,42,男,1.2,14.5,0.45,24.1,5,2,是,B,agent,0.8,0.42,0.49,0.48,0.64,0.93,0.68,0.72,0.54,自住-改善,两室两厅,90,1992,国企车间技术主任,二胎黄金期中大户型,上海中环品质两居，车位及空间极其拥挤,小区无地下车库且人车不分流，小孩在楼下玩耍或者推婴儿车极为不安全。,讲究超高得房率（超85%），主卧套房必须配备独立步入式衣帽间与干湿分离双卫。,主要在陆家嘴/徐家汇CBD上班，首选地铁2/9号线沿线，通勤半小时内。,倡导轻户外，周末常带家人自驾野营或山系徒步，注重生活情调与手作咖啡。,名下持有一套旧两居，置换回款 65% + 个人理财储蓄补充 + 公积金商业贷,重性价比，不盲信大牌，但要求物业管理有序、绿化修剪及时、人防技防规范。,常年本地稳定居住，工作日职住通勤动线规则单一。
上_2008_00428,上海,2008,长三角家庭,36,女,1.4,10.7,0.45,17.8,4,3,是,B,agent,0.66,0.53,0.5,0.45,0.49,0.84,0.34,0.8,0.68,自住-改善,两室一厅,59,1901,国企车间技术主任,二胎黄金期中大户型,上海中环品质两居，车位及空间极其拥挤,小区无地下车库且人车不分流，小孩在楼下玩耍或者推婴儿车极为不安全。,讲究超高得房率（超85%），主卧套房必须配备独立步入式衣帽间与干湿分离双卫。,主要在陆家嘴/徐家汇CBD上班，首选地铁2/9号线沿线，通勤半小时内。,倡导轻户外，周末常带家人自驾野营或山系徒步，注重生活情调与手作咖啡。,名下持有一套旧两居，置换回款 65% + 个人理财储蓄补充 + 公积金商业贷,重性价比，不盲信大牌，但要求物业管理有序、绿化修剪及时、人防技防规范。,常年本地稳定居住，工作日职住通勤动线规则单一。
上_2008_00429,上海,2008,本地改善,58,男,0.9,11.1,0.45,18.5,5,3,是,B,agent,0.83,0.56,0.49,0.72,0.45,0.98,0.61,0.78,0.55,自住-改善,两室一厅,70,1562,邮政局局长秘书,二胎黄金期中大户型,上海中环品质两居，车位及空间极其拥挤,小区无地下车库且人车不分流，小孩在楼下玩耍或者推婴儿车极为不安全。,要求独立电梯入户，主次卧动线分明，配备独立保姆房和私密后院。,主要在陆家嘴/徐家汇CBD上班，首选地铁2/9号线沿线，通勤半小时内。,倡导轻户外，周末常带家人自驾野营或山系徒步，注重生活情调与手作咖啡。,名下持有一套旧两居，置换回款 65% + 个人理财储蓄补充 + 公积金商业贷,重性价比，不盲信大牌，但要求物业管理有序、绿化修剪及时、人防技防规范。,常年本地稳定居住，工作日职住通勤动线规则单一。
上_2008_00430,上海,2008,本地改善,40,男,1.5,19.3,0.45,32.2,4,2,否,B,agent,0.65,0.52,0.42,0.51,0.53,0.82,0.65,0.63,0.66,自住-改善,两室两厅,87,2361,国企车间技术主任,二胎黄金期中大户型,上海中环品质两居，车位及空间极其拥挤,小区无地下车库且人车不分流，小孩在楼下玩耍或者推婴儿车极为不安全。,讲究超高得房率（超85%），主卧套房必须配备独立步入式衣帽间与干湿分离双卫。,主要在陆家嘴/徐家汇CBD上班，首选地铁2/9号线沿线，通勤半小时内。,倡导轻户外，周末常带家人自驾野营或山系徒步，注重生活情调与手作咖啡。,名下持有一套旧两居，置换回款 65% + 个人理财储蓄补充 + 公积金商业贷,重性价比，不盲信大牌，但要求物业管理有序、绿化修剪及时、人防技防规范。,常年本地稳定居住，工作日职住通勤动线规则单一。
上_2008_00431,上海,2008,长三角家庭,44,女,1.3,7.7,0.45,12.9,5,2,是,B,agent,0.62,0.49,0.56,0.48,0.42,0.65,0.32,0.65,0.7,自住-首套,一室一厅,85,1215,区财政局科员,二胎黄金期中大户型,上海中环品质两居，车位及空间极其拥挤,小区无地下车库且人车不分流，小孩在楼下玩耍或者推婴儿车极为不安全。,要求采光通透，全明户型，带多功能嵌入式收纳墙以最大化空间利用。,主要在陆家嘴/徐家汇CBD上班，首选地铁2/9号线沿线，通勤半小时内。,倡导轻户外，周末常带家人自驾野营或山系徒步，注重生活情调与手作咖啡。,夫妻双方积蓄 + 双方父母出资赞助首付 + 公积金商业组合贷款,非仁恒、绿城、万科等金牌开发商不买，极度看重高端精装质量与顶级物业的增值口碑。,常年本地稳定居住，工作日职住通勤动线规则单一。
上_2008_00432,上海,2008,本地改善,47,女,2.6,27.4,0.45,45.7,5,2,是,B,agent,0.53,0.46,0.59,0.48,0.44,0.89,0.65,0.74,0.64,自住-改善,一室一厅,58,4576,邮政局局长秘书,二胎黄金期中大户型,上海中环品质两居，车位及空间极其拥挤,小区无地下车库且人车不分流，小孩在楼下玩耍或者推婴儿车极为不安全。,讲究超高得房率（超85%），主卧套房必须配备独立步入式衣帽间与干湿分离双卫。,主要在陆家嘴/徐家汇CBD上班，首选地铁2/9号线沿线，通勤半小时内。,倡导轻户外，周末常带家人自驾野营或山系徒步，注重生活情调与手作咖啡。,名下持有一套旧两居，置换回款 65% + 个人理财储蓄补充 + 公积金商业贷,重性价比，不盲信大牌，但要求物业管理有序、绿化修剪及时、人防技防规范。,常年本地稳定居住，工作日职住通勤动线规则单一。
上_2008_00433,上海,2008,教育型买房,34,男,2.8,16.8,0.4,31.4,3,1,否,B,social,1,0.38,0.41,0.38,0.73,0.72,0.53,0.87,0.55,学区房,两室两厅,97,1944,国企车间技术主任,三口之家(幼龄段),上海中环品质两居，车位及空间极其拥挤,小区无地下车库且人车不分流，小孩在楼下玩耍或者推婴儿车极为不安全。,讲究超高得房率（超85%），主卧套房必须配备独立步入式衣帽间与干湿分离双卫。,主要在陆家嘴/徐家汇CBD上班，首选地铁2/9号线沿线，通勤半小时内。,倡导轻户外，周末常带家人自驾野营或山系徒步，注重生活情调与手作咖啡。,名下持有一套旧两居，置换回款 65% + 个人理财储蓄补充 + 公积金商业贷,重性价比，不盲信大牌，但要求物业管理有序、绿化修剪及时、人防技防规范。,常年本地稳定居住，工作日职住通勤动线规则单一。
上_2008_00434,上海,2008,本地改善,44,男,0.9,10.4,0.45,17.4,4,2,是,B,agent,1,0.61,0.59,0.47,0.49,0.84,0.57,0.75,0.7,自住-改善,一室一厅,73,1672,邮政局局长秘书,二胎黄金期中大户型,上海中环品质两居，车位及空间极其拥挤,小区无地下车库且人车不分流，小孩在楼下玩耍或者推婴儿车极为不安全。,讲究超高得房率（超85%），主卧套房必须配备独立步入式衣帽间与干湿分离双卫。,主要在陆家嘴/徐家汇CBD上班，首选地铁2/9号线沿线，通勤半小时内。,倡导轻户外，周末常带家人自驾野营或山系徒步，注重生活情调与手作咖啡。,名下持有一套旧两居，置换回款 65% + 个人理财储蓄补充 + 公积金商业贷,非仁恒、绿城、万科等金牌开发商不买，极度看重高端精装质量与顶级物业的增值口碑。,常年本地稳定居住，工作日职住通勤动线规则单一。
上_2008_00435,上海,2008,金融精英,33,女,4.6,35.3,0.4,66.1,3,1,否,A,research,0.8,0.47,0.6,0.5,0.79,0.7,0.6,0.84,0.84,自住-首套,两室一厅,88,5960,申银万国证券分析员,三口之家(幼龄段),市中心私密洋房住宅,无高端私密会所及管家式物业配套，圈层鱼龙混杂，高净值居住体验差。,核心要求地块属于第一梯队名校学区，且周边500米内解决幼小衔接教育配套。,主要在陆家嘴/徐家汇CBD上班，首选地铁2/9号线沿线，通勤半小时内。,周末常去高端商圈消费，热衷打网球和马术，重度手冲咖啡及黑胶唱片发烧友。,夫妻双方积蓄 + 双方父母出资赞助首付 + 公积金商业组合贷款,非仁恒、绿城、万科等金牌开发商不买，极度看重高端精装质量与顶级物业的增值口碑。,常年本地稳定居住，工作日职住通勤动线规则单一。
上_2008_00436,上海,2008,长三角家庭,53,男,2.8,16.6,0.45,27.7,4,2,是,B,agent,0.94,0.56,0.59,0.6,0.42,0.82,0.22,0.66,0.83,自住-改善,两室两厅,57,3369,市第二中学地理教师,二胎黄金期中大户型,上海中环品质两居，车位及空间极其拥挤,小区无地下车库且人车不分流，小孩在楼下玩耍或者推婴儿车极为不安全。,讲究超高得房率（超85%），主卧套房必须配备独立步入式衣帽间与干湿分离双卫。,主要在陆家嘴/徐家汇CBD上班，首选地铁2/9号线沿线，通勤半小时内。,倡导轻户外，周末常带家人自驾野营或山系徒步，注重生活情调与手作咖啡。,名下持有一套旧两居，置换回款 65% + 个人理财储蓄补充 + 公积金商业贷,非仁恒、绿城、万科等金牌开发商不买，极度看重高端精装质量与顶级物业的增值口碑。,常年本地稳定居住，工作日职住通勤动线规则单一。
上_2008_00437,上海,2008,教育型买房,45,女,2.7,23.2,0.4,43.4,3,1,否,B,social,0.76,0.44,0.49,0.53,0.58,0.63,0.63,1,0.48,学区房,一室一厅,100,3405,国企车间技术主任,三口之家(学龄段),上海中环品质两居，车位及空间极其拥挤,小区无地下车库且人车不分流，小孩在楼下玩耍或者推婴儿车极为不安全。,核心要求地块属于第一梯队名校学区，且周边500米内解决幼小衔接教育配套。,主要在陆家嘴/徐家汇CBD上班，首选地铁2/9号线沿线，通勤半小时内。,倡导轻户外，周末常带家人自驾野营或山系徒步，注重生活情调与手作咖啡。,名下持有一套旧两居，置换回款 65% + 个人理财储蓄补充 + 公积金商业贷,重性价比，不盲信大牌，但要求物业管理有序、绿化修剪及时、人防技防规范。,常年本地稳定居住，工作日职住通勤动线规则单一。
上_2008_00438,上海,2008,教育型买房,43,男,4.2,24.9,0.4,46.7,3,0,否,B,social,0.93,0.57,0.44,0.32,0.69,0.71,0.65,0.96,0.65,学区房,两室两厅,50,6934,市第二中学地理教师,成熟期核心家庭,上海中环品质两居，车位及空间极其拥挤,老小区隔音差，邻里滋扰严重，且车位严重匮乏，每晚加班回来抢车位像打仗。,讲究超高得房率（超85%），主卧套房必须配备独立步入式衣帽间与干湿分离双卫。,主要在陆家嘴/徐家汇CBD上班，首选地铁2/9号线沿线，通勤半小时内。,倡导轻户外，周末常带家人自驾野营或山系徒步，注重生活情调与手作咖啡。,名下持有一套旧两居，置换回款 65% + 个人理财储蓄补充 + 公积金商业贷,重性价比，不盲信大牌，但要求物业管理有序、绿化修剪及时、人防技防规范。,常年本地稳定居住，工作日职住通勤动线规则单一。
上_2008_00439,上海,2008,本地改善,52,女,2.0,17.3,0.45,28.9,4,2,是,B,agent,0.67,0.44,0.48,0.54,0.47,0.86,0.56,0.64,0.63,自住-改善,一室一厅,60,4126,区财政局科员,二胎黄金期中大户型,上海中环品质两居，车位及空间极其拥挤,小区无地下车库且人车不分流，小孩在楼下玩耍或者推婴儿车极为不安全。,讲究超高得房率（超85%），主卧套房必须配备独立步入式衣帽间与干湿分离双卫。,主要在陆家嘴/徐家汇CBD上班，首选地铁2/9号线沿线，通勤半小时内。,倡导轻户外，周末常带家人自驾野营或山系徒步，注重生活情调与手作咖啡。,名下持有一套旧两居，置换回款 65% + 个人理财储蓄补充 + 公积金商业贷,重性价比，不盲信大牌，但要求物业管理有序、绿化修剪及时、人防技防规范。,常年本地稳定居住，工作日职住通勤动线规则单一。
上_2008_00440,上海,2008,教育型买房,43,男,1.0,9.4,0.4,17.5,4,0,是,B,social,1,0.62,0.33,0.21,0.68,0.76,0.52,1,0.61,学区房,两室一厅,52,2385,市第二中学地理教师,成熟期核心家庭,上海中环品质两居，车位及空间极其拥挤,当前房屋属于旧多层无电梯房，父母年纪渐高每天爬楼梯极为吃力。,讲究超高得房率（超85%），主卧套房必须配备独立步入式衣帽间与干湿分离双卫。,主要在陆家嘴/徐家汇CBD上班，首选地铁2/9号线沿线，通勤半小时内。,倡导轻户外，周末常带家人自驾野营或山系徒步，注重生活情调与手作咖啡。,名下持有一套旧两居，置换回款 65% + 个人理财储蓄补充 + 公积金商业贷,重性价比，不盲信大牌，但要求物业管理有序、绿化修剪及时、人防技防规范。,常年本地稳定居住，工作日职住通勤动线规则单一。
上_2008_00441,上海,2008,教育型买房,36,男,2.5,21.2,0.4,39.8,4,1,是,B,social,0.99,0.47,0.39,0.4,0.65,0.79,0.59,0.85,0.55,学区房,一室一厅,59,3432,市第二中学地理教师,三口之家(幼龄段),上海中环品质两居，车位及空间极其拥挤,小区无地下车库且人车不分流，小孩在楼下玩耍或者推婴儿车极为不安全。,讲究超高得房率（超85%），主卧套房必须配备独立步入式衣帽间与干湿分离双卫。,主要在陆家嘴/徐家汇CBD上班，首选地铁2/9号线沿线，通勤半小时内。,倡导轻户外，周末常带家人自驾野营或山系徒步，注重生活情调与手作咖啡。,名下持有一套旧两居，置换回款 65% + 个人理财储蓄补充 + 公积金商业贷,重性价比，不盲信大牌，但要求物业管理有序、绿化修剪及时、人防技防规范。,常年本地稳定居住，工作日职住通勤动线规则单一。
上_2008_00442,上海,2008,教育型买房,37,男,5.3,41.5,0.4,77.9,3,1,是,B,social,0.88,0.51,0.38,0.29,0.67,0.67,0.63,1,0.64,学区房,两室一厅,83,6556,国企车间技术主任,三口之家(幼龄段),上海中环品质两居，车位及空间极其拥挤,小区无地下车库且人车不分流，小孩在楼下玩耍或者推婴儿车极为不安全。,核心要求地块属于第一梯队名校学区，且周边500米内解决幼小衔接教育配套。,主要在陆家嘴/徐家汇CBD上班，首选地铁2/9号线沿线，通勤半小时内。,倡导轻户外，周末常带家人自驾野营或山系徒步，注重生活情调与手作咖啡。,名下持有一套旧两居，置换回款 65% + 个人理财储蓄补充 + 公积金商业贷,重性价比，不盲信大牌，但要求物业管理有序、绿化修剪及时、人防技防规范。,常年本地稳定居住，工作日职住通勤动线规则单一。
上_2008_00443,上海,2008,本地改善,42,女,2.2,20.4,0.45,34.0,4,3,是,B,agent,0.69,0.53,0.58,0.66,0.33,0.83,0.54,0.76,0.5,自住-改善,一室一厅,91,2891,邮政局局长秘书,二胎黄金期中大户型,上海中环品质两居，车位及空间极其拥挤,小区无地下车库且人车不分流，小孩在楼下玩耍或者推婴儿车极为不安全。,讲究超高得房率（超85%），主卧套房必须配备独立步入式衣帽间与干湿分离双卫。,主要在陆家嘴/徐家汇CBD上班，首选地铁2/9号线沿线，通勤半小时内。,倡导轻户外，周末常带家人自驾野营或山系徒步，注重生活情调与手作咖啡。,名下持有一套旧两居，置换回款 65% + 个人理财储蓄补充 + 公积金商业贷,重性价比，不盲信大牌，但要求物业管理有序、绿化修剪及时、人防技防规范。,常年本地稳定居住，工作日职住通勤动线规则单一。
上_2008_00444,上海,2008,本地改善,50,女,3.0,35.9,0.45,59.8,4,2,否,B,agent,0.96,0.61,0.48,0.5,0.61,0.9,0.54,0.74,0.54,自住-改善,一室一厅,77,6361,邮政局局长秘书,二胎黄金期中大户型,上海中环品质两居，车位及空间极其拥挤,小区无地下车库且人车不分流，小孩在楼下玩耍或者推婴儿车极为不安全。,讲究超高得房率（超85%），主卧套房必须配备独立步入式衣帽间与干湿分离双卫。,主要在陆家嘴/徐家汇CBD上班，首选地铁2/9号线沿线，通勤半小时内。,倡导轻户外，周末常带家人自驾野营或山系徒步，注重生活情调与手作咖啡。,名下持有一套旧两居，置换回款 65% + 个人理财储蓄补充 + 公积金商业贷,重性价比，不盲信大牌，但要求物业管理有序、绿化修剪及时、人防技防规范。,常年本地稳定居住，工作日职住通勤动线规则单一。
上_2008_00445,上海,2008,金融精英,38,男,6.0,45.4,0.4,85.2,3,0,否,A,research,0.99,0.43,0.69,0.73,0.82,0.82,0.87,0.8,0.73,自住-首套,两室两厅,69,10150,老牌证券公司营业部经理,成熟期核心家庭,西湖边高精平层,无高端私密会所及管家式物业配套，圈层鱼龙混杂，高净值居住体验差。,要求独立电梯入户，主次卧动线分明，配备独立保姆房和私密后院。,主要在陆家嘴/徐家汇CBD上班，首选地铁2/9号线沿线，通勤半小时内。,周末常去高端商圈消费，热衷打网球和马术，重度手冲咖啡及黑胶唱片发烧友。,夫妻双方积蓄 + 双方父母出资赞助首付 + 公积金商业组合贷款,非仁恒、绿城、万科等金牌开发商不买，极度看重高端精装质量与顶级物业的增值口碑。,常年本地稳定居住，工作日职住通勤动线规则单一。
上_2008_00446,上海,2008,金融精英,47,女,6.4,52.1,0.4,97.7,3,1,否,A,research,0.62,0.42,0.54,0.58,0.78,0.72,0.89,0.78,0.72,自住-首套,两室两厅,58,11323,老牌证券公司营业部经理,三口之家(学龄段),陆家嘴核心区江景大平层,无高端私密会所及管家式物业配套，圈层鱼龙混杂，高净值居住体验差。,讲究超高得房率（超85%），主卧套房必须配备独立步入式衣帽间与干湿分离双卫。,主要在陆家嘴/徐家汇CBD上班，首选地铁2/9号线沿线，通勤半小时内。,周末常去高端商圈消费，热衷打网球和马术，重度手冲咖啡及黑胶唱片发烧友。,夫妻双方积蓄 + 双方父母出资赞助首付 + 公积金商业组合贷款,非仁恒、绿城、万科等金牌开发商不买，极度看重高端精装质量与顶级物业的增值口碑。,常年本地稳定居住，工作日职住通勤动线规则单一。
上_2008_00447,上海,2008,本地改善,42,男,1.5,12.2,0.45,20.4,3,2,否,B,agent,0.5,0.41,0.56,0.69,0.45,0.85,0.59,0.62,0.72,自住-改善,两室一厅,53,3462,区财政局科员,二胎黄金期中大户型,上海中环品质两居，车位及空间极其拥挤,小区无地下车库且人车不分流，小孩在楼下玩耍或者推婴儿车极为不安全。,讲究超高得房率（超85%），主卧套房必须配备独立步入式衣帽间与干湿分离双卫。,主要在陆家嘴/徐家汇CBD上班，首选地铁2/9号线沿线，通勤半小时内。,倡导轻户外，周末常带家人自驾野营或山系徒步，注重生活情调与手作咖啡。,名下持有一套旧两居，置换回款 65% + 个人理财储蓄补充 + 公积金商业贷,非仁恒、绿城、万科等金牌开发商不买，极度看重高端精装质量与顶级物业的增值口碑。,常年本地稳定居住，工作日职住通勤动线规则单一。
上_2008_00448,上海,2008,金融精英,40,女,5.6,45.8,0.4,85.9,3,1,否,A,research,0.62,0.4,0.71,0.7,0.79,0.8,0.64,0.86,0.77,自住-首套,两室两厅,51,9901,商业银行支行信贷科长,三口之家(学龄段),市中心私密洋房住宅,无高端私密会所及管家式物业配套，圈层鱼龙混杂，高净值居住体验差。,要求独立电梯入户，主次卧动线分明，配备独立保姆房和私密后院。,主要在陆家嘴/徐家汇CBD上班，首选地铁2/9号线沿线，通勤半小时内。,周末常去高端商圈消费，热衷打网球和马术，重度手冲咖啡及黑胶唱片发烧友。,夫妻双方积蓄 + 双方父母出资赞助首付 + 公积金商业组合贷款,非仁恒、绿城、万科等金牌开发商不买，极度看重高端精装质量与顶级物业的增值口碑。,常年本地稳定居住，工作日职住通勤动线规则单一。
上_2008_00449,上海,2008,外籍海归,38,男,2.3,18.0,0.4,33.8,2,1,否,A,social,0.66,0.6,0.73,0.53,0.91,0.55,0.84,0.83,0.66,自住-首套,一室一厅,61,4098,合资日化企业技术主管,三口之家(学龄段),陆家嘴核心区江景大平层,无高端私密会所及管家式物业配套，圈层鱼龙混杂，高净值居住体验差。,要求有超大面宽南向双阳台（观景家政分离），主卧大飘窗能270度直面自然景观。,主要在陆家嘴/徐家汇CBD上班，首选地铁2/9号线沿线，通勤半小时内。,周末常去高端商圈消费，热衷打网球和马术，重度手冲咖啡及黑胶唱片发烧友。,夫妻双方积蓄 + 双方父母出资赞助首付 + 公积金商业组合贷款,重性价比，不盲信大牌，但要求物业管理有序、绿化修剪及时、人防技防规范。,常年本地稳定居住，工作日职住通勤动线规则单一。
上_2008_00450,上海,2008,金融精英,45,男,5.3,34.6,0.4,64.9,3,1,否,A,research,0.52,0.26,0.79,0.75,0.74,0.79,0.88,0.72,0.91,自住-首套,一室一厅,99,5483,老牌证券公司营业部经理,三口之家(学龄段),西湖边高精平层,无高端私密会所及管家式物业配套，圈层鱼龙混杂，高净值居住体验差。,要求独立电梯入户，主次卧动线分明，配备独立保姆房和私密后院。,主要在陆家嘴/徐家汇CBD上班，首选地铁2/9号线沿线，通勤半小时内。,周末常去高端商圈消费，热衷打网球和马术，重度手冲咖啡及黑胶唱片发烧友。,夫妻双方积蓄 + 双方父母出资赞助首付 + 公积金商业组合贷款,非仁恒、绿城、万科等金牌开发商不买，极度看重高端精装质量与顶级物业的增值口碑。,常年本地稳定居住，工作日职住通勤动线规则单一。
上_2008_00451,上海,2008,教育型买房,32,女,3.7,24.0,0.4,44.9,3,0,否,B,social,0.95,0.58,0.49,0.28,0.68,0.82,0.48,1,0.59,学区房,两室一厅,88,3861,市第二中学地理教师,新婚过渡两居,上海中环品质两居，车位及空间极其拥挤,老小区隔音差，邻里滋扰严重，且车位严重匮乏，每晚加班回来抢车位像打仗。,讲究超高得房率（超85%），主卧套房必须配备独立步入式衣帽间与干湿分离双卫。,主要在陆家嘴/徐家汇CBD上班，首选地铁2/9号线沿线，通勤半小时内。,倡导轻户外，周末常带家人自驾野营或山系徒步，注重生活情调与手作咖啡。,名下持有一套旧两居，置换回款 65% + 个人理财储蓄补充 + 公积金商业贷,重性价比，不盲信大牌，但要求物业管理有序、绿化修剪及时、人防技防规范。,常年本地稳定居住，工作日职住通勤动线规则单一。
上_2008_00452,上海,2008,金融精英,33,男,4.2,32.9,0.4,61.8,3,0,否,A,research,0.89,0.44,0.63,0.59,0.82,0.68,0.74,0.87,0.75,婚房,两室一厅,81,5310,商业银行支行信贷科长,新婚过渡两居,西湖边高精平层,无高端私密会所及管家式物业配套，圈层鱼龙混杂，高净值居住体验差。,核心要求地块属于第一梯队名校学区，且周边500米内解决幼小衔接教育配套。,主要在陆家嘴/徐家汇CBD上班，首选地铁2/9号线沿线，通勤半小时内。,周末常去高端商圈消费，热衷打网球和马术，重度手冲咖啡及黑胶唱片发烧友。,夫妻双方积蓄 + 双方父母出资赞助首付 + 公积金商业组合贷款,非仁恒、绿城、万科等金牌开发商不买，极度看重高端精装质量与顶级物业的增值口碑。,常年本地稳定居住，工作日职住通勤动线规则单一。
上_2008_00453,上海,2008,金融精英,35,男,4.4,41.0,0.4,76.8,1,0,是,A,research,0.6,0.42,0.75,0.5,0.84,0.74,0.76,0.78,0.67,自住-首套,两室一厅,61,8551,商业银行支行信贷科长,新婚过渡两居,市中心私密洋房住宅,当前房屋属于旧多层无电梯房，父母年纪渐高每天爬楼梯极为吃力。,要求有超大面宽南向双阳台（观景家政分离），主卧大飘窗能270度直面自然景观。,主要在陆家嘴/徐家汇CBD上班，首选地铁2/9号线沿线，通勤半小时内。,周末常去高端商圈消费，热衷打网球和马术，重度手冲咖啡及黑胶唱片发烧友。,夫妻双方积蓄 + 双方父母出资赞助首付 + 公积金商业组合贷款,重性价比，不盲信大牌，但要求物业管理有序、绿化修剪及时、人防技防规范。,常年本地稳定居住，工作日职住通勤动线规则单一。
上_2008_00454,上海,2008,长三角家庭,36,男,2.3,19.0,0.45,31.7,5,2,否,B,agent,0.54,0.64,0.61,0.52,0.58,0.75,0.46,0.73,0.65,自住-改善,两室一厅,68,3459,邮政局局长秘书,二胎黄金期中大户型,上海中环品质两居，车位及空间极其拥挤,小区无地下车库且人车不分流，小孩在楼下玩耍或者推婴儿车极为不安全。,讲究超高得房率（超85%），主卧套房必须配备独立步入式衣帽间与干湿分离双卫。,主要在陆家嘴/徐家汇CBD上班，首选地铁2/9号线沿线，通勤半小时内。,倡导轻户外，周末常带家人自驾野营或山系徒步，注重生活情调与手作咖啡。,名下持有一套旧两居，置换回款 65% + 个人理财储蓄补充 + 公积金商业贷,重性价比，不盲信大牌，但要求物业管理有序、绿化修剪及时、人防技防规范。,常年本地稳定居住，工作日职住通勤动线规则单一。
上_2008_00455,上海,2008,长三角家庭,54,女,2.1,17.7,0.45,29.5,4,3,否,B,agent,0.83,0.62,0.47,0.5,0.54,0.76,0.43,0.61,0.7,自住-改善,两室一厅,83,2303,邮政局局长秘书,二胎黄金期中大户型,上海中环品质两居，车位及空间极其拥挤,小区无地下车库且人车不分流，小孩在楼下玩耍或者推婴儿车极为不安全。,讲究超高得房率（超85%），主卧套房必须配备独立步入式衣帽间与干湿分离双卫。,主要在陆家嘴/徐家汇CBD上班，首选地铁2/9号线沿线，通勤半小时内。,倡导轻户外，周末常带家人自驾野营或山系徒步，注重生活情调与手作咖啡。,名下持有一套旧两居，置换回款 65% + 个人理财储蓄补充 + 公积金商业贷,非仁恒、绿城、万科等金牌开发商不买，极度看重高端精装质量与顶级物业的增值口碑。,常年本地稳定居住，工作日职住通勤动线规则单一。
上_2008_00456,上海,2008,金融精英,34,男,4.3,44.0,0.4,82.5,2,1,否,A,research,0.89,0.43,0.57,0.56,0.78,0.8,0.81,0.89,0.85,自住-首套,两室一厅,100,6668,申银万国证券分析员,三口之家(幼龄段),市中心私密洋房住宅,无高端私密会所及管家式物业配套，圈层鱼龙混杂，高净值居住体验差。,讲究超高得房率（超85%），主卧套房必须配备独立步入式衣帽间与干湿分离双卫。,主要在陆家嘴/徐家汇CBD上班，首选地铁2/9号线沿线，通勤半小时内。,周末常去高端商圈消费，热衷打网球和马术，重度手冲咖啡及黑胶唱片发烧友。,夫妻双方积蓄 + 双方父母出资赞助首付 + 公积金商业组合贷款,非仁恒、绿城、万科等金牌开发商不买，极度看重高端精装质量与顶级物业的增值口碑。,常年本地稳定居住，工作日职住通勤动线规则单一。
上_2008_00457,上海,2008,教育型买房,47,男,1.1,10.9,0.4,20.5,3,1,是,B,social,1,0.5,0.43,0.49,0.58,0.68,0.6,0.93,0.52,学区房,两室一厅,85,1310,国企车间技术主任,三口之家(学龄段),上海中环品质两居，车位及空间极其拥挤,小区无地下车库且人车不分流，小孩在楼下玩耍或者推婴儿车极为不安全。,核心要求地块属于第一梯队名校学区，且周边500米内解决幼小衔接教育配套。,主要在陆家嘴/徐家汇CBD上班，首选地铁2/9号线沿线，通勤半小时内。,倡导轻户外，周末常带家人自驾野营或山系徒步，注重生活情调与手作咖啡。,名下持有一套旧两居，置换回款 65% + 个人理财储蓄补充 + 公积金商业贷,重性价比，不盲信大牌，但要求物业管理有序、绿化修剪及时、人防技防规范。,常年本地稳定居住，工作日职住通勤动线规则单一。
上_2008_00458,上海,2008,教育型买房,34,男,3.1,31.0,0.4,58.2,2,1,是,B,social,0.88,0.55,0.45,0.39,0.6,0.61,0.62,1,0.72,学区房,两室两厅,82,4653,区财政局科员,三口之家(幼龄段),上海中环品质两居，车位及空间极其拥挤,小区无地下车库且人车不分流，小孩在楼下玩耍或者推婴儿车极为不安全。,核心要求地块属于第一梯队名校学区，且周边500米内解决幼小衔接教育配套。,主要在陆家嘴/徐家汇CBD上班，首选地铁2/9号线沿线，通勤半小时内。,倡导轻户外，周末常带家人自驾野营或山系徒步，注重生活情调与手作咖啡。,名下持有一套旧两居，置换回款 65% + 个人理财储蓄补充 + 公积金商业贷,非仁恒、绿城、万科等金牌开发商不买，极度看重高端精装质量与顶级物业的增值口碑。,常年本地稳定居住，工作日职住通勤动线规则单一。
上_2008_00459,上海,2008,本地改善,41,女,3.4,39.9,0.45,66.5,4,2,否,B,agent,0.95,0.49,0.48,0.49,0.46,0.87,0.63,0.67,0.45,自住-改善,两室两厅,59,10088,区财政局科员,二胎黄金期中大户型,上海中环品质两居，车位及空间极其拥挤,小区无地下车库且人车不分流，小孩在楼下玩耍或者推婴儿车极为不安全。,讲究超高得房率（超85%），主卧套房必须配备独立步入式衣帽间与干湿分离双卫。,主要在陆家嘴/徐家汇CBD上班，首选地铁2/9号线沿线，通勤半小时内。,倡导轻户外，周末常带家人自驾野营或山系徒步，注重生活情调与手作咖啡。,名下持有一套旧两居，置换回款 65% + 个人理财储蓄补充 + 公积金商业贷,重性价比，不盲信大牌，但要求物业管理有序、绿化修剪及时、人防技防规范。,常年本地稳定居住，工作日职住通勤动线规则单一。
上_2008_00460,上海,2008,教育型买房,41,男,1.7,10.2,0.4,19.1,4,1,是,B,social,0.83,0.45,0.45,0.52,0.5,0.58,0.56,0.84,0.56,学区房,一室一厅,72,1946,国企车间技术主任,三口之家(学龄段),上海中环品质两居，车位及空间极其拥挤,小区无地下车库且人车不分流，小孩在楼下玩耍或者推婴儿车极为不安全。,核心要求地块属于第一梯队名校学区，且周边500米内解决幼小衔接教育配套。,主要在陆家嘴/徐家汇CBD上班，首选地铁2/9号线沿线，通勤半小时内。,倡导轻户外，周末常带家人自驾野营或山系徒步，注重生活情调与手作咖啡。,名下持有一套旧两居，置换回款 65% + 个人理财储蓄补充 + 公积金商业贷,重性价比，不盲信大牌，但要求物业管理有序、绿化修剪及时、人防技防规范。,常年本地稳定居住，工作日职住通勤动线规则单一。
上_2008_00461,上海,2008,教育型买房,36,女,2.0,17.6,0.4,33.1,2,2,是,B,social,0.97,0.58,0.41,0.49,0.58,0.74,0.46,1.0,0.58,学区房,两室两厅,84,2440,区财政局科员,二胎黄金期中大户型,上海中环品质两居，车位及空间极其拥挤,小区无地下车库且人车不分流，小孩在楼下玩耍或者推婴儿车极为不安全。,讲究超高得房率（超85%），主卧套房必须配备独立步入式衣帽间与干湿分离双卫。,主要在陆家嘴/徐家汇CBD上班，首选地铁2/9号线沿线，通勤半小时内。,倡导轻户外，周末常带家人自驾野营或山系徒步，注重生活情调与手作咖啡。,名下持有一套旧两居，置换回款 65% + 个人理财储蓄补充 + 公积金商业贷,重性价比，不盲信大牌，但要求物业管理有序、绿化修剪及时、人防技防规范。,常年本地稳定居住，工作日职住通勤动线规则单一。
上_2008_00462,上海,2008,外籍海归,37,女,4.5,22.9,0.4,42.9,2,1,否,A,social,0.72,0.49,0.65,0.44,0.82,0.65,0.53,0.87,0.67,自住-改善,一室一厅,76,4887,外企驻沪办事处代表,三口之家(幼龄段),市中心私密洋房住宅,无高端私密会所及管家式物业配套，圈层鱼龙混杂，高净值居住体验差。,核心要求地块属于第一梯队名校学区，且周边500米内解决幼小衔接教育配套。,主要在陆家嘴/徐家汇CBD上班，首选地铁2/9号线沿线，通勤半小时内。,周末常去高端商圈消费，热衷打网球和马术，重度手冲咖啡及黑胶唱片发烧友。,名下已有企业股权套现或分红现金，一次性全款付清，基本不加杠杆,重性价比，不盲信大牌，但要求物业管理有序、绿化修剪及时、人防技防规范。,常年本地稳定居住，工作日职住通勤动线规则单一。
上_2008_00463,上海,2008,教育型买房,33,男,3.7,25.9,0.4,48.5,3,1,否,B,social,0.97,0.46,0.49,0.33,0.45,0.78,0.65,0.88,0.55,学区房,两室一厅,91,3092,区财政局科员,三口之家(幼龄段),上海中环品质两居，车位及空间极其拥挤,小区无地下车库且人车不分流，小孩在楼下玩耍或者推婴儿车极为不安全。,讲究超高得房率（超85%），主卧套房必须配备独立步入式衣帽间与干湿分离双卫。,主要在陆家嘴/徐家汇CBD上班，首选地铁2/9号线沿线，通勤半小时内。,倡导轻户外，周末常带家人自驾野营或山系徒步，注重生活情调与手作咖啡。,名下持有一套旧两居，置换回款 65% + 个人理财储蓄补充 + 公积金商业贷,重性价比，不盲信大牌，但要求物业管理有序、绿化修剪及时、人防技防规范。,常年本地稳定居住，工作日职住通勤动线规则单一。
上_2008_00464,上海,2008,长三角家庭,47,女,1.4,9.1,0.45,15.1,4,2,否,B,agent,0.89,0.61,0.63,0.45,0.64,0.72,0.31,0.81,0.68,自住-首套,一室一厅,65,1291,国企车间技术主任,二胎黄金期中大户型,上海中环品质两居，车位及空间极其拥挤,小区无地下车库且人车不分流，小孩在楼下玩耍或者推婴儿车极为不安全。,讲究超高得房率（超85%），主卧套房必须配备独立步入式衣帽间与干湿分离双卫。,主要在陆家嘴/徐家汇CBD上班，首选地铁2/9号线沿线，通勤半小时内。,倡导轻户外，周末常带家人自驾野营或山系徒步，注重生活情调与手作咖啡。,夫妻双方积蓄 + 双方父母出资赞助首付 + 公积金商业组合贷款,重性价比，不盲信大牌，但要求物业管理有序、绿化修剪及时、人防技防规范。,常年本地稳定居住，工作日职住通勤动线规则单一。
上_2008_00465,上海,2008,教育型买房,43,男,2.2,16.5,0.4,31.0,4,0,否,B,social,0.59,0.44,0.37,0.4,0.54,0.61,0.52,0.96,0.63,学区房,两室一厅,58,3048,国企车间技术主任,成熟期核心家庭,上海中环品质两居，车位及空间极其拥挤,老小区隔音差，邻里滋扰严重，且车位严重匮乏，每晚加班回来抢车位像打仗。,核心要求地块属于第一梯队名校学区，且周边500米内解决幼小衔接教育配套。,主要在陆家嘴/徐家汇CBD上班，首选地铁2/9号线沿线，通勤半小时内。,倡导轻户外，周末常带家人自驾野营或山系徒步，注重生活情调与手作咖啡。,名下持有一套旧两居，置换回款 65% + 个人理财储蓄补充 + 公积金商业贷,重性价比，不盲信大牌，但要求物业管理有序、绿化修剪及时、人防技防规范。,常年本地稳定居住，工作日职住通勤动线规则单一。
上_2008_00466,上海,2008,本地改善,55,女,2.7,21.3,0.45,35.5,5,2,是,B,agent,0.61,0.41,0.5,0.54,0.54,0.7,0.7,0.76,0.64,自住-改善,一室一厅,53,5749,市第二中学地理教师,二胎黄金期中大户型,上海中环品质两居，车位及空间极其拥挤,小区无地下车库且人车不分流，小孩在楼下玩耍或者推婴儿车极为不安全。,讲究超高得房率（超85%），主卧套房必须配备独立步入式衣帽间与干湿分离双卫。,主要在陆家嘴/徐家汇CBD上班，首选地铁2/9号线沿线，通勤半小时内。,倡导轻户外，周末常带家人自驾野营或山系徒步，注重生活情调与手作咖啡。,名下持有一套旧两居，置换回款 65% + 个人理财储蓄补充 + 公积金商业贷,重性价比，不盲信大牌，但要求物业管理有序、绿化修剪及时、人防技防规范。,常年本地稳定居住，工作日职住通勤动线规则单一。
上_2008_00467,上海,2008,外籍海归,45,男,3.5,19.0,0.4,35.6,3,1,否,A,social,0.7,0.55,0.55,0.53,0.83,0.77,0.53,0.77,0.82,自住-首套,两室两厅,74,2464,合资日化企业技术主管,三口之家(学龄段),西湖边高精平层,无高端私密会所及管家式物业配套，圈层鱼龙混杂，高净值居住体验差。,讲究超高得房率（超85%），主卧套房必须配备独立步入式衣帽间与干湿分离双卫。,主要在陆家嘴/徐家汇CBD上班，首选地铁2/9号线沿线，通勤半小时内。,周末常去高端商圈消费，热衷打网球和马术，重度手冲咖啡及黑胶唱片发烧友。,夫妻双方积蓄 + 双方父母出资赞助首付 + 公积金商业组合贷款,非仁恒、绿城、万科等金牌开发商不买，极度看重高端精装质量与顶级物业的增值口碑。,常年本地稳定居住，工作日职住通勤动线规则单一。
上_2008_00468,上海,2008,长三角家庭,35,男,1.8,9.2,0.45,15.3,5,1,否,B,agent,0.81,0.73,0.52,0.42,0.61,0.85,0.4,0.64,0.64,自住-首套,两室一厅,61,1984,区财政局科员,三口之家(幼龄段),上海中环品质两居，车位及空间极其拥挤,小区无地下车库且人车不分流，小孩在楼下玩耍或者推婴儿车极为不安全。,讲究超高得房率（超85%），主卧套房必须配备独立步入式衣帽间与干湿分离双卫。,主要在陆家嘴/徐家汇CBD上班，首选地铁2/9号线沿线，通勤半小时内。,倡导轻户外，周末常带家人自驾野营或山系徒步，注重生活情调与手作咖啡。,夫妻双方积蓄 + 双方父母出资赞助首付 + 公积金商业组合贷款,重性价比，不盲信大牌，但要求物业管理有序、绿化修剪及时、人防技防规范。,常年本地稳定居住，工作日职住通勤动线规则单一。
上_2008_00469,上海,2008,金融精英,38,女,3.6,35.3,0.4,66.2,3,1,否,A,research,0.78,0.35,0.8,0.5,0.72,0.73,0.89,0.84,0.83,自住-改善,两室一厅,87,4859,申银万国证券分析员,三口之家(学龄段),陆家嘴核心区江景大平层,无高端私密会所及管家式物业配套，圈层鱼龙混杂，高净值居住体验差。,要求有超大面宽南向双阳台（观景家政分离），主卧大飘窗能270度直面自然景观。,主要在陆家嘴/徐家汇CBD上班，首选地铁2/9号线沿线，通勤半小时内。,周末常去高端商圈消费，热衷打网球和马术，重度手冲咖啡及黑胶唱片发烧友。,名下已有企业股权套现或分红现金，一次性全款付清，基本不加杠杆,非仁恒、绿城、万科等金牌开发商不买，极度看重高端精装质量与顶级物业的增值口碑。,常年本地稳定居住，工作日职住通勤动线规则单一。
上_2008_00470,上海,2008,金融精英,41,男,7.3,67.5,0.4,126.6,3,1,否,A,research,0.49,0.49,0.69,0.6,0.7,0.77,0.7,0.78,0.87,自住-改善,两室一厅,65,10819,商业银行支行信贷科长,三口之家(学龄段),市中心私密洋房住宅,无高端私密会所及管家式物业配套，圈层鱼龙混杂，高净值居住体验差。,讲究超高得房率（超85%），主卧套房必须配备独立步入式衣帽间与干湿分离双卫。,主要在陆家嘴/徐家汇CBD上班，首选地铁2/9号线沿线，通勤半小时内。,周末常去高端商圈消费，热衷打网球和马术，重度手冲咖啡及黑胶唱片发烧友。,名下已有企业股权套现或分红现金，一次性全款付清，基本不加杠杆,非仁恒、绿城、万科等金牌开发商不买，极度看重高端精装质量与顶级物业的增值口碑。,常年本地稳定居住，工作日职住通勤动线规则单一。
上_2008_00471,上海,2008,本地改善,44,男,1.8,16.4,0.45,27.3,4,2,是,B,agent,0.6,0.38,0.44,0.45,0.55,0.9,0.57,0.73,0.59,自住-改善,两室两厅,75,2229,市第二中学地理教师,二胎黄金期中大户型,上海中环品质两居，车位及空间极其拥挤,小区无地下车库且人车不分流，小孩在楼下玩耍或者推婴儿车极为不安全。,讲究超高得房率（超85%），主卧套房必须配备独立步入式衣帽间与干湿分离双卫。,主要在陆家嘴/徐家汇CBD上班，首选地铁2/9号线沿线，通勤半小时内。,倡导轻户外，周末常带家人自驾野营或山系徒步，注重生活情调与手作咖啡。,名下持有一套旧两居，置换回款 65% + 个人理财储蓄补充 + 公积金商业贷,重性价比，不盲信大牌，但要求物业管理有序、绿化修剪及时、人防技防规范。,常年本地稳定居住，工作日职住通勤动线规则单一。
上_2008_00472,上海,2008,本地改善,43,女,1.2,14.9,0.45,24.9,3,2,否,B,agent,0.81,0.58,0.64,0.52,0.67,0.82,0.53,0.68,0.62,自住-改善,两室一厅,73,1963,邮政局局长秘书,二胎黄金期中大户型,上海中环品质两居，车位及空间极其拥挤,小区无地下车库且人车不分流，小孩在楼下玩耍或者推婴儿车极为不安全。,讲究超高得房率（超85%），主卧套房必须配备独立步入式衣帽间与干湿分离双卫。,主要在陆家嘴/徐家汇CBD上班，首选地铁2/9号线沿线，通勤半小时内。,倡导轻户外，周末常带家人自驾野营或山系徒步，注重生活情调与手作咖啡。,名下持有一套旧两居，置换回款 65% + 个人理财储蓄补充 + 公积金商业贷,重性价比，不盲信大牌，但要求物业管理有序、绿化修剪及时、人防技防规范。,常年本地稳定居住，工作日职住通勤动线规则单一。
上_2008_00473,上海,2008,金融精英,37,女,9.4,83.0,0.4,155.7,4,1,否,A,research,0.71,0.34,0.81,0.6,0.81,0.68,0.53,0.71,0.79,自住-改善,三室一厅,149,8680,商业银行支行信贷科长,三口之家(幼龄段),市中心私密洋房住宅,无高端私密会所及管家式物业配套，圈层鱼龙混杂，高净值居住体验差。,要求有超大面宽南向双阳台（观景家政分离），主卧大飘窗能270度直面自然景观。,主要在陆家嘴/徐家汇CBD上班，首选地铁2/9号线沿线，通勤半小时内。,周末常去高端商圈消费，热衷打网球和马术，重度手冲咖啡及黑胶唱片发烧友。,名下已有企业股权套现或分红现金，一次性全款付清，基本不加杠杆,非仁恒、绿城、万科等金牌开发商不买，极度看重高端精装质量与顶级物业的增值口碑。,常年本地稳定居住，工作日职住通勤动线规则单一。
上_2008_00474,上海,2008,教育型买房,43,男,1.4,10.0,0.4,18.8,4,1,否,B,social,0.98,0.5,0.54,0.52,0.61,0.62,0.4,0.92,0.6,学区房,两室一厅,51,3141,市第二中学地理教师,三口之家(学龄段),上海中环品质两居，车位及空间极其拥挤,小区无地下车库且人车不分流，小孩在楼下玩耍或者推婴儿车极为不安全。,核心要求地块属于第一梯队名校学区，且周边500米内解决幼小衔接教育配套。,主要在陆家嘴/徐家汇CBD上班，首选地铁2/9号线沿线，通勤半小时内。,倡导轻户外，周末常带家人自驾野营或山系徒步，注重生活情调与手作咖啡。,名下持有一套旧两居，置换回款 65% + 个人理财储蓄补充 + 公积金商业贷,重性价比，不盲信大牌，但要求物业管理有序、绿化修剪及时、人防技防规范。,常年本地稳定居住，工作日职住通勤动线规则单一。
上_2008_00475,上海,2008,教育型买房,35,男,3.8,22.8,0.4,42.7,3,1,是,B,social,0.88,0.58,0.41,0.4,0.52,0.64,0.55,1,0.62,学区房,两室两厅,78,3294,邮政局局长秘书,三口之家(幼龄段),上海中环品质两居，车位及空间极其拥挤,小区无地下车库且人车不分流，小孩在楼下玩耍或者推婴儿车极为不安全。,核心要求地块属于第一梯队名校学区，且周边500米内解决幼小衔接教育配套。,主要在陆家嘴/徐家汇CBD上班，首选地铁2/9号线沿线，通勤半小时内。,倡导轻户外，周末常带家人自驾野营或山系徒步，注重生活情调与手作咖啡。,名下持有一套旧两居，置换回款 65% + 个人理财储蓄补充 + 公积金商业贷,重性价比，不盲信大牌，但要求物业管理有序、绿化修剪及时、人防技防规范。,常年本地稳定居住，工作日职住通勤动线规则单一。
上_2008_00476,上海,2008,教育型买房,34,男,2.6,14.9,0.4,28.0,3,1,是,B,social,0.95,0.42,0.33,0.45,0.77,0.84,0.58,1,0.6,学区房,一室一厅,62,2675,区财政局科员,三口之家(幼龄段),上海中环品质两居，车位及空间极其拥挤,小区无地下车库且人车不分流，小孩在楼下玩耍或者推婴儿车极为不安全。,讲究超高得房率（超85%），主卧套房必须配备独立步入式衣帽间与干湿分离双卫。,主要在陆家嘴/徐家汇CBD上班，首选地铁2/9号线沿线，通勤半小时内。,倡导轻户外，周末常带家人自驾野营或山系徒步，注重生活情调与手作咖啡。,名下持有一套旧两居，置换回款 65% + 个人理财储蓄补充 + 公积金商业贷,重性价比，不盲信大牌，但要求物业管理有序、绿化修剪及时、人防技防规范。,常年本地稳定居住，工作日职住通勤动线规则单一。
上_2008_00477,上海,2008,金融精英,32,女,4.4,35.6,0.4,66.8,2,1,否,A,research,0.66,0.39,0.76,0.67,0.67,0.51,0.67,0.97,0.87,婚房,两室一厅,56,9083,老牌证券公司营业部经理,三口之家(幼龄段),西湖边高精平层,无高端私密会所及管家式物业配套，圈层鱼龙混杂，高净值居住体验差。,要求有超大面宽南向双阳台（观景家政分离），主卧大飘窗能270度直面自然景观。,主要在陆家嘴/徐家汇CBD上班，首选地铁2/9号线沿线，通勤半小时内。,周末常去高端商圈消费，热衷打网球和马术，重度手冲咖啡及黑胶唱片发烧友。,夫妻双方积蓄 + 双方父母出资赞助首付 + 公积金商业组合贷款,非仁恒、绿城、万科等金牌开发商不买，极度看重高端精装质量与顶级物业的增值口碑。,常年本地稳定居住，工作日职住通勤动线规则单一。
上_2008_00478,上海,2008,金融精英,39,男,2.6,26.0,0.4,48.7,3,1,是,A,research,0.95,0.4,0.66,0.63,0.67,0.72,0.74,0.83,0.67,自住-改善,两室一厅,100,3872,商业银行支行信贷科长,三口之家(学龄段),市中心私密洋房住宅,当前房屋属于旧多层无电梯房，父母年纪渐高每天爬楼梯极为吃力。,讲究超高得房率（超85%），主卧套房必须配备独立步入式衣帽间与干湿分离双卫。,主要在陆家嘴/徐家汇CBD上班，首选地铁2/9号线沿线，通勤半小时内。,周末常去高端商圈消费，热衷打网球和马术，重度手冲咖啡及黑胶唱片发烧友。,名下已有企业股权套现或分红现金，一次性全款付清，基本不加杠杆,重性价比，不盲信大牌，但要求物业管理有序、绿化修剪及时、人防技防规范。,常年本地稳定居住，工作日职住通勤动线规则单一。
上_2008_00479,上海,2008,本地改善,53,女,2.9,33.6,0.45,56.1,3,3,是,B,agent,0.9,0.49,0.63,0.59,0.56,0.95,0.69,0.65,0.62,自住-改善,一室一厅,79,3973,区财政局科员,二胎黄金期中大户型,上海中环品质两居，车位及空间极其拥挤,小区无地下车库且人车不分流，小孩在楼下玩耍或者推婴儿车极为不安全。,讲究超高得房率（超85%），主卧套房必须配备独立步入式衣帽间与干湿分离双卫。,主要在陆家嘴/徐家汇CBD上班，首选地铁2/9号线沿线，通勤半小时内。,倡导轻户外，周末常带家人自驾野营或山系徒步，注重生活情调与手作咖啡。,名下持有一套旧两居，置换回款 65% + 个人理财储蓄补充 + 公积金商业贷,重性价比，不盲信大牌，但要求物业管理有序、绿化修剪及时、人防技防规范。,常年本地稳定居住，工作日职住通勤动线规则单一。
上_2008_00480,上海,2008,本地改善,40,女,2.9,36.2,0.45,60.3,4,2,是,B,agent,0.73,0.52,0.39,0.53,0.59,0.87,0.55,0.85,0.65,自住-改善,一室一厅,58,7449,区财政局科员,二胎黄金期中大户型,上海中环品质两居，车位及空间极其拥挤,小区无地下车库且人车不分流，小孩在楼下玩耍或者推婴儿车极为不安全。,讲究超高得房率（超85%），主卧套房必须配备独立步入式衣帽间与干湿分离双卫。,主要在陆家嘴/徐家汇CBD上班，首选地铁2/9号线沿线，通勤半小时内。,倡导轻户外，周末常带家人自驾野营或山系徒步，注重生活情调与手作咖啡。,名下持有一套旧两居，置换回款 65% + 个人理财储蓄补充 + 公积金商业贷,重性价比，不盲信大牌，但要求物业管理有序、绿化修剪及时、人防技防规范。,常年本地稳定居住，工作日职住通勤动线规则单一。
上_2008_00481,上海,2008,金融精英,50,女,1.6,13.5,0.4,25.4,3,1,是,A,research,0.7,0.38,0.57,0.5,0.64,0.66,0.75,0.81,0.9,自住-首套,两室一厅,60,2580,申银万国证券分析员,三口之家(学龄段),西湖边高精平层,当前房屋属于旧多层无电梯房，父母年纪渐高每天爬楼梯极为吃力。,核心要求地块属于第一梯队名校学区，且周边500米内解决幼小衔接教育配套。,主要在陆家嘴/徐家汇CBD上班，首选地铁2/9号线沿线，通勤半小时内。,周末常去高端商圈消费，热衷打网球和马术，重度手冲咖啡及黑胶唱片发烧友。,夫妻双方积蓄 + 双方父母出资赞助首付 + 公积金商业组合贷款,非仁恒、绿城、万科等金牌开发商不买，极度看重高端精装质量与顶级物业的增值口碑。,常年本地稳定居住，工作日职住通勤动线规则单一。
上_2008_00482,上海,2008,教育型买房,46,男,2.5,18.9,0.4,35.4,3,2,否,B,social,1,0.54,0.35,0.47,0.42,0.8,0.47,0.88,0.68,学区房,两室一厅,98,2420,国企车间技术主任,二胎黄金期中大户型,上海中环品质两居，车位及空间极其拥挤,小区无地下车库且人车不分流，小孩在楼下玩耍或者推婴儿车极为不安全。,讲究超高得房率（超85%），主卧套房必须配备独立步入式衣帽间与干湿分离双卫。,主要在陆家嘴/徐家汇CBD上班，首选地铁2/9号线沿线，通勤半小时内。,倡导轻户外，周末常带家人自驾野营或山系徒步，注重生活情调与手作咖啡。,名下持有一套旧两居，置换回款 65% + 个人理财储蓄补充 + 公积金商业贷,重性价比，不盲信大牌，但要求物业管理有序、绿化修剪及时、人防技防规范。,常年本地稳定居住，工作日职住通勤动线规则单一。
上_2008_00483,上海,2008,金融精英,44,女,3.2,28.3,0.4,53.1,3,1,否,A,research,0.69,0.32,0.68,0.67,0.75,0.75,0.57,0.82,0.68,自住-首套,一室一厅,85,5209,申银万国证券分析员,三口之家(学龄段),西湖边高精平层,无高端私密会所及管家式物业配套，圈层鱼龙混杂，高净值居住体验差。,讲究超高得房率（超85%），主卧套房必须配备独立步入式衣帽间与干湿分离双卫。,主要在陆家嘴/徐家汇CBD上班，首选地铁2/9号线沿线，通勤半小时内。,周末常去高端商圈消费，热衷打网球和马术，重度手冲咖啡及黑胶唱片发烧友。,夫妻双方积蓄 + 双方父母出资赞助首付 + 公积金商业组合贷款,重性价比，不盲信大牌，但要求物业管理有序、绿化修剪及时、人防技防规范。,常年本地稳定居住，工作日职住通勤动线规则单一。
上_2008_00484,上海,2008,长三角家庭,54,男,2.4,16.2,0.45,27.0,4,2,是,B,agent,0.7,0.47,0.6,0.45,0.64,0.88,0.45,0.65,0.61,自住-首套,两室两厅,66,2690,邮政局局长秘书,二胎黄金期中大户型,上海中环品质两居，车位及空间极其拥挤,小区无地下车库且人车不分流，小孩在楼下玩耍或者推婴儿车极为不安全。,讲究超高得房率（超85%），主卧套房必须配备独立步入式衣帽间与干湿分离双卫。,主要在陆家嘴/徐家汇CBD上班，首选地铁2/9号线沿线，通勤半小时内。,倡导轻户外，周末常带家人自驾野营或山系徒步，注重生活情调与手作咖啡。,夫妻双方积蓄 + 双方父母出资赞助首付 + 公积金商业组合贷款,重性价比，不盲信大牌，但要求物业管理有序、绿化修剪及时、人防技防规范。,常年本地稳定居住，工作日职住通勤动线规则单一。
上_2008_00485,上海,2008,教育型买房,33,男,1.0,7.5,0.4,14.0,3,2,是,B,social,0.73,0.52,0.47,0.58,0.54,0.61,0.56,1,0.52,学区房,一室一厅,61,1389,区财政局科员,二胎黄金期中大户型,上海中环品质两居，车位及空间极其拥挤,小区无地下车库且人车不分流，小孩在楼下玩耍或者推婴儿车极为不安全。,核心要求地块属于第一梯队名校学区，且周边500米内解决幼小衔接教育配套。,主要在陆家嘴/徐家汇CBD上班，首选地铁2/9号线沿线，通勤半小时内。,倡导轻户外，周末常带家人自驾野营或山系徒步，注重生活情调与手作咖啡。,名下持有一套旧两居，置换回款 65% + 个人理财储蓄补充 + 公积金商业贷,重性价比，不盲信大牌，但要求物业管理有序、绿化修剪及时、人防技防规范。,常年本地稳定居住，工作日职住通勤动线规则单一。
上_2008_00486,上海,2008,本地改善,57,男,1.8,18.7,0.45,31.1,4,2,否,B,agent,0.7,0.54,0.48,0.46,0.74,0.88,0.59,0.74,0.8,自住-改善,两室两厅,79,2165,国企车间技术主任,二胎黄金期中大户型,上海中环品质两居，车位及空间极其拥挤,小区无地下车库且人车不分流，小孩在楼下玩耍或者推婴儿车极为不安全。,讲究超高得房率（超85%），主卧套房必须配备独立步入式衣帽间与干湿分离双卫。,主要在陆家嘴/徐家汇CBD上班，首选地铁2/9号线沿线，通勤半小时内。,倡导轻户外，周末常带家人自驾野营或山系徒步，注重生活情调与手作咖啡。,名下持有一套旧两居，置换回款 65% + 个人理财储蓄补充 + 公积金商业贷,非仁恒、绿城、万科等金牌开发商不买，极度看重高端精装质量与顶级物业的增值口碑。,常年本地稳定居住，工作日职住通勤动线规则单一。
上_2008_00487,上海,2008,本地改善,42,女,3.0,29.4,0.45,49.0,5,2,是,B,agent,0.83,0.44,0.47,0.43,0.56,0.86,0.62,0.77,0.64,自住-改善,两室两厅,80,5202,区财政局科员,二胎黄金期中大户型,上海中环品质两居，车位及空间极其拥挤,小区无地下车库且人车不分流，小孩在楼下玩耍或者推婴儿车极为不安全。,讲究超高得房率（超85%），主卧套房必须配备独立步入式衣帽间与干湿分离双卫。,主要在陆家嘴/徐家汇CBD上班，首选地铁2/9号线沿线，通勤半小时内。,倡导轻户外，周末常带家人自驾野营或山系徒步，注重生活情调与手作咖啡。,名下持有一套旧两居，置换回款 65% + 个人理财储蓄补充 + 公积金商业贷,重性价比，不盲信大牌，但要求物业管理有序、绿化修剪及时、人防技防规范。,常年本地稳定居住，工作日职住通勤动线规则单一。
上_2008_00488,上海,2008,本地改善,53,男,2.3,24.3,0.45,40.6,4,2,否,B,agent,0.83,0.46,0.54,0.5,0.53,0.81,0.49,0.79,0.72,自住-改善,两室一厅,98,3218,国企车间技术主任,二胎黄金期中大户型,上海中环品质两居，车位及空间极其拥挤,小区无地下车库且人车不分流，小孩在楼下玩耍或者推婴儿车极为不安全。,讲究超高得房率（超85%），主卧套房必须配备独立步入式衣帽间与干湿分离双卫。,主要在陆家嘴/徐家汇CBD上班，首选地铁2/9号线沿线，通勤半小时内。,倡导轻户外，周末常带家人自驾野营或山系徒步，注重生活情调与手作咖啡。,名下持有一套旧两居，置换回款 65% + 个人理财储蓄补充 + 公积金商业贷,非仁恒、绿城、万科等金牌开发商不买，极度看重高端精装质量与顶级物业的增值口碑。,常年本地稳定居住，工作日职住通勤动线规则单一。
上_2008_00489,上海,2008,本地改善,45,男,3.3,27.1,0.45,45.2,4,2,是,B,agent,0.83,0.58,0.49,0.4,0.51,0.8,0.55,0.54,0.66,自住-改善,两室两厅,73,5160,邮政局局长秘书,二胎黄金期中大户型,上海中环品质两居，车位及空间极其拥挤,小区无地下车库且人车不分流，小孩在楼下玩耍或者推婴儿车极为不安全。,讲究超高得房率（超85%），主卧套房必须配备独立步入式衣帽间与干湿分离双卫。,主要在陆家嘴/徐家汇CBD上班，首选地铁2/9号线沿线，通勤半小时内。,倡导轻户外，周末常带家人自驾野营或山系徒步，注重生活情调与手作咖啡。,名下持有一套旧两居，置换回款 65% + 个人理财储蓄补充 + 公积金商业贷,重性价比，不盲信大牌，但要求物业管理有序、绿化修剪及时、人防技防规范。,常年本地稳定居住，工作日职住通勤动线规则单一。
上_2008_00490,上海,2008,金融精英,44,女,4.6,41.0,0.4,76.8,2,1,是,A,research,1,0.5,0.63,0.57,0.78,0.57,0.59,0.66,0.7,自住-改善,两室两厅,69,6479,老牌证券公司营业部经理,三口之家(学龄段),市中心私密洋房住宅,当前房屋属于旧多层无电梯房，父母年纪渐高每天爬楼梯极为吃力。,要求采光通透，全明户型，带多功能嵌入式收纳墙以最大化空间利用。,主要在陆家嘴/徐家汇CBD上班，首选地铁2/9号线沿线，通勤半小时内。,周末常去高端商圈消费，热衷打网球和马术，重度手冲咖啡及黑胶唱片发烧友。,名下已有企业股权套现或分红现金，一次性全款付清，基本不加杠杆,重性价比，不盲信大牌，但要求物业管理有序、绿化修剪及时、人防技防规范。,常年本地稳定居住，工作日职住通勤动线规则单一。
上_2008_00491,上海,2008,金融精英,35,女,3.3,18.7,0.4,35.1,3,0,否,A,research,0.92,0.43,0.63,0.6,0.8,0.8,0.74,0.81,0.82,自住-首套,两室两厅,97,2439,申银万国证券分析员,新婚过渡两居,陆家嘴核心区江景大平层,无高端私密会所及管家式物业配套，圈层鱼龙混杂，高净值居住体验差。,讲究超高得房率（超85%），主卧套房必须配备独立步入式衣帽间与干湿分离双卫。,主要在陆家嘴/徐家汇CBD上班，首选地铁2/9号线沿线，通勤半小时内。,周末常去高端商圈消费，热衷打网球和马术，重度手冲咖啡及黑胶唱片发烧友。,夫妻双方积蓄 + 双方父母出资赞助首付 + 公积金商业组合贷款,非仁恒、绿城、万科等金牌开发商不买，极度看重高端精装质量与顶级物业的增值口碑。,常年本地稳定居住，工作日职住通勤动线规则单一。
上_2008_00492,上海,2008,长三角家庭,48,男,1.8,14.3,0.45,23.9,3,2,是,B,agent,0.66,0.65,0.65,0.45,0.46,0.87,0.55,0.59,0.57,自住-改善,两室一厅,65,2147,邮政局局长秘书,二胎黄金期中大户型,上海中环品质两居，车位及空间极其拥挤,小区无地下车库且人车不分流，小孩在楼下玩耍或者推婴儿车极为不安全。,讲究超高得房率（超85%），主卧套房必须配备独立步入式衣帽间与干湿分离双卫。,主要在陆家嘴/徐家汇CBD上班，首选地铁2/9号线沿线，通勤半小时内。,倡导轻户外，周末常带家人自驾野营或山系徒步，注重生活情调与手作咖啡。,名下持有一套旧两居，置换回款 65% + 个人理财储蓄补充 + 公积金商业贷,重性价比，不盲信大牌，但要求物业管理有序、绿化修剪及时、人防技防规范。,常年本地稳定居住，工作日职住通勤动线规则单一。
上_2008_00493,上海,2008,金融精英,39,女,6.7,67.3,0.4,126.1,3,1,否,A,research,0.8,0.38,0.55,0.52,0.69,0.71,0.75,0.74,0.79,自住-首套,两室两厅,50,19527,申银万国证券分析员,三口之家(学龄段),西湖边高精平层,无高端私密会所及管家式物业配套，圈层鱼龙混杂，高净值居住体验差。,讲究超高得房率（超85%），主卧套房必须配备独立步入式衣帽间与干湿分离双卫。,主要在陆家嘴/徐家汇CBD上班，首选地铁2/9号线沿线，通勤半小时内。,周末常去高端商圈消费，热衷打网球和马术，重度手冲咖啡及黑胶唱片发烧友。,夫妻双方积蓄 + 双方父母出资赞助首付 + 公积金商业组合贷款,非仁恒、绿城、万科等金牌开发商不买，极度看重高端精装质量与顶级物业的增值口碑。,常年本地稳定居住，工作日职住通勤动线规则单一。
上_2008_00494,上海,2008,长三角家庭,53,女,1.5,12.3,0.45,20.5,3,2,是,B,agent,0.81,0.64,0.37,0.46,0.46,0.75,0.48,0.77,0.83,自住-改善,两室一厅,99,1331,邮政局局长秘书,二胎黄金期中大户型,上海中环品质两居，车位及空间极其拥挤,小区无地下车库且人车不分流，小孩在楼下玩耍或者推婴儿车极为不安全。,讲究超高得房率（超85%），主卧套房必须配备独立步入式衣帽间与干湿分离双卫。,主要在陆家嘴/徐家汇CBD上班，首选地铁2/9号线沿线，通勤半小时内。,倡导轻户外，周末常带家人自驾野营或山系徒步，注重生活情调与手作咖啡。,名下持有一套旧两居，置换回款 65% + 个人理财储蓄补充 + 公积金商业贷,非仁恒、绿城、万科等金牌开发商不买，极度看重高端精装质量与顶级物业的增值口碑。,常年本地稳定居住，工作日职住通勤动线规则单一。
上_2008_00495,上海,2008,外籍海归,44,女,0.9,5.0,0.4,9.3,2,2,否,A,social,0.64,0.61,0.64,0.49,0.81,0.69,0.74,0.67,0.67,自住-改善,两室两厅,62,1317,合资日化企业技术主管,二胎黄金期中大户型,陆家嘴核心区江景大平层,无高端私密会所及管家式物业配套，圈层鱼龙混杂，高净值居住体验差。,要求采光通透，全明户型，带多功能嵌入式收纳墙以最大化空间利用。,主要在陆家嘴/徐家汇CBD上班，首选地铁2/9号线沿线，通勤半小时内。,周末常去高端商圈消费，热衷打网球和马术，重度手冲咖啡及黑胶唱片发烧友。,名下已有企业股权套现或分红现金，一次性全款付清，基本不加杠杆,重性价比，不盲信大牌，但要求物业管理有序、绿化修剪及时、人防技防规范。,常年本地稳定居住，工作日职住通勤动线规则单一。
上_2008_00496,上海,2008,金融精英,40,女,5.2,41.7,0.4,78.1,4,1,否,A,research,0.8,0.45,0.51,0.69,0.6,0.88,0.7,0.94,0.76,自住-首套,两室一厅,88,7657,申银万国证券分析员,三口之家(学龄段),市中心私密洋房住宅,无高端私密会所及管家式物业配套，圈层鱼龙混杂，高净值居住体验差。,讲究超高得房率（超85%），主卧套房必须配备独立步入式衣帽间与干湿分离双卫。,主要在陆家嘴/徐家汇CBD上班，首选地铁2/9号线沿线，通勤半小时内。,周末常去高端商圈消费，热衷打网球和马术，重度手冲咖啡及黑胶唱片发烧友。,夫妻双方积蓄 + 双方父母出资赞助首付 + 公积金商业组合贷款,非仁恒、绿城、万科等金牌开发商不买，极度看重高端精装质量与顶级物业的增值口碑。,常年本地稳定居住，工作日职住通勤动线规则单一。
上_2008_00497,上海,2008,金融精英,38,女,3.9,28.4,0.4,53.3,3,2,否,A,research,0.76,0.56,0.61,0.56,0.71,0.65,0.73,0.8,0.79,自住-改善,一室一厅,81,4943,申银万国证券分析员,二胎黄金期中大户型,市中心私密洋房住宅,无高端私密会所及管家式物业配套，圈层鱼龙混杂，高净值居住体验差。,核心要求地块属于第一梯队名校学区，且周边500米内解决幼小衔接教育配套。,主要在陆家嘴/徐家汇CBD上班，首选地铁2/9号线沿线，通勤半小时内。,周末常去高端商圈消费，热衷打网球和马术，重度手冲咖啡及黑胶唱片发烧友。,名下已有企业股权套现或分红现金，一次性全款付清，基本不加杠杆,非仁恒、绿城、万科等金牌开发商不买，极度看重高端精装质量与顶级物业的增值口碑。,常年本地稳定居住，工作日职住通勤动线规则单一。
上_2008_00498,上海,2008,本地改善,48,男,2.8,24.5,0.45,40.9,5,2,否,B,agent,0.55,0.53,0.65,0.61,0.44,0.93,0.59,0.76,0.63,自住-改善,一室一厅,82,2799,市第二中学地理教师,二胎黄金期中大户型,上海中环品质两居，车位及空间极其拥挤,小区无地下车库且人车不分流，小孩在楼下玩耍或者推婴儿车极为不安全。,讲究超高得房率（超85%），主卧套房必须配备独立步入式衣帽间与干湿分离双卫。,主要在陆家嘴/徐家汇CBD上班，首选地铁2/9号线沿线，通勤半小时内。,倡导轻户外，周末常带家人自驾野营或山系徒步，注重生活情调与手作咖啡。,名下持有一套旧两居，置换回款 65% + 个人理财储蓄补充 + 公积金商业贷,重性价比，不盲信大牌，但要求物业管理有序、绿化修剪及时、人防技防规范。,常年本地稳定居住，工作日职住通勤动线规则单一。
上_2008_00499,上海,2008,教育型买房,40,女,4.8,31.1,0.4,58.4,3,0,否,B,social,0.79,0.47,0.42,0.37,0.65,0.71,0.57,0.97,0.45,学区房,两室两厅,92,5328,邮政局局长秘书,成熟期核心家庭,上海中环品质两居，车位及空间极其拥挤,老小区隔音差，邻里滋扰严重，且车位严重匮乏，每晚加班回来抢车位像打仗。,讲究超高得房率（超85%），主卧套房必须配备独立步入式衣帽间与干湿分离双卫。,主要在陆家嘴/徐家汇CBD上班，首选地铁2/9号线沿线，通勤半小时内。,倡导轻户外，周末常带家人自驾野营或山系徒步，注重生活情调与手作咖啡。,名下持有一套旧两居，置换回款 65% + 个人理财储蓄补充 + 公积金商业贷,重性价比，不盲信大牌，但要求物业管理有序、绿化修剪及时、人防技防规范。,常年本地稳定居住，工作日职住通勤动线规则单一。
上_2008_00500,上海,2008,本地改善,46,女,2.0,17.3,0.45,28.8,4,2,是,B,agent,0.68,0.54,0.74,0.47,0.5,0.85,0.53,0.65,0.44,自住-改善,两室两厅,94,2009,国企车间技术主任,二胎黄金期中大户型,上海中环品质两居，车位及空间极其拥挤,小区无地下车库且人车不分流，小孩在楼下玩耍或者推婴儿车极为不安全。,要求有超大面宽南向双阳台（观景家政分离），主卧大飘窗能270度直面自然景观。,主要在陆家嘴/徐家汇CBD上班，首选地铁2/9号线沿线，通勤半小时内。,倡导轻户外，周末常带家人自驾野营或山系徒步，注重生活情调与手作咖啡。,名下持有一套旧两居，置换回款 65% + 个人理财储蓄补充 + 公积金商业贷,重性价比，不盲信大牌，但要求物业管理有序、绿化修剪及时、人防技防规范。,常年本地稳定居住，工作日职住通勤动线规则单一。
上_2008_00501,上海,2008,外籍海归,37,男,6.2,51.3,0.4,96.2,3,0,否,A,social,0.97,0.47,0.66,0.45,0.87,0.77,0.59,0.93,0.65,自住-首套,两室一厅,67,9015,外企驻沪办事处代表,成熟期核心家庭,西湖边高精平层,无高端私密会所及管家式物业配套，圈层鱼龙混杂，高净值居住体验差。,讲究超高得房率（超85%），主卧套房必须配备独立步入式衣帽间与干湿分离双卫。,主要在陆家嘴/徐家汇CBD上班，首选地铁2/9号线沿线，通勤半小时内。,周末常去高端商圈消费，热衷打网球和马术，重度手冲咖啡及黑胶唱片发烧友。,夫妻双方积蓄 + 双方父母出资赞助首付 + 公积金商业组合贷款,重性价比，不盲信大牌，但要求物业管理有序、绿化修剪及时、人防技防规范。,常年本地稳定居住，工作日职住通勤动线规则单一。
上_2008_00502,上海,2008,本地改善,47,男,2.0,21.5,0.45,35.9,5,2,否,B,agent,0.68,0.49,0.54,0.37,0.45,0.82,0.57,0.6,0.66,自住-改善,两室两厅,100,2937,区财政局科员,二胎黄金期中大户型,上海中环品质两居，车位及空间极其拥挤,小区无地下车库且人车不分流，小孩在楼下玩耍或者推婴儿车极为不安全。,讲究超高得房率（超85%），主卧套房必须配备独立步入式衣帽间与干湿分离双卫。,主要在陆家嘴/徐家汇CBD上班，首选地铁2/9号线沿线，通勤半小时内。,倡导轻户外，周末常带家人自驾野营或山系徒步，注重生活情调与手作咖啡。,名下持有一套旧两居，置换回款 65% + 个人理财储蓄补充 + 公积金商业贷,重性价比，不盲信大牌，但要求物业管理有序、绿化修剪及时、人防技防规范。,常年本地稳定居住，工作日职住通勤动线规则单一。
上_2008_00503,上海,2008,教育型买房,39,女,4.1,28.9,0.4,54.3,3,1,否,B,social,0.87,0.55,0.39,0.27,0.5,0.59,0.36,0.85,0.63,学区房,一室一厅,85,5352,市第二中学地理教师,三口之家(学龄段),上海中环品质两居，车位及空间极其拥挤,小区无地下车库且人车不分流，小孩在楼下玩耍或者推婴儿车极为不安全。,核心要求地块属于第一梯队名校学区，且周边500米内解决幼小衔接教育配套。,主要在陆家嘴/徐家汇CBD上班，首选地铁2/9号线沿线，通勤半小时内。,倡导轻户外，周末常带家人自驾野营或山系徒步，注重生活情调与手作咖啡。,名下持有一套旧两居，置换回款 65% + 个人理财储蓄补充 + 公积金商业贷,重性价比，不盲信大牌，但要求物业管理有序、绿化修剪及时、人防技防规范。,常年本地稳定居住，工作日职住通勤动线规则单一。
上_2008_00504,上海,2008,长三角家庭,48,男,1.8,8.8,0.45,14.6,4,2,否,B,agent,0.67,0.58,0.5,0.53,0.6,0.81,0.35,0.79,0.65,自住-首套,一室一厅,59,1661,邮政局局长秘书,二胎黄金期中大户型,上海中环品质两居，车位及空间极其拥挤,小区无地下车库且人车不分流，小孩在楼下玩耍或者推婴儿车极为不安全。,讲究超高得房率（超85%），主卧套房必须配备独立步入式衣帽间与干湿分离双卫。,主要在陆家嘴/徐家汇CBD上班，首选地铁2/9号线沿线，通勤半小时内。,倡导轻户外，周末常带家人自驾野营或山系徒步，注重生活情调与手作咖啡。,夫妻双方积蓄 + 双方父母出资赞助首付 + 公积金商业组合贷款,重性价比，不盲信大牌，但要求物业管理有序、绿化修剪及时、人防技防规范。,常年本地稳定居住，工作日职住通勤动线规则单一。
上_2008_00505,上海,2008,本地改善,43,男,1.4,9.5,0.45,15.8,4,2,是,B,agent,0.77,0.39,0.52,0.58,0.63,0.86,0.58,0.77,0.61,自住-改善,一室一厅,81,1612,区财政局科员,二胎黄金期中大户型,上海中环品质两居，车位及空间极其拥挤,小区无地下车库且人车不分流，小孩在楼下玩耍或者推婴儿车极为不安全。,讲究超高得房率（超85%），主卧套房必须配备独立步入式衣帽间与干湿分离双卫。,主要在陆家嘴/徐家汇CBD上班，首选地铁2/9号线沿线，通勤半小时内。,倡导轻户外，周末常带家人自驾野营或山系徒步，注重生活情调与手作咖啡。,名下持有一套旧两居，置换回款 65% + 个人理财储蓄补充 + 公积金商业贷,重性价比，不盲信大牌，但要求物业管理有序、绿化修剪及时、人防技防规范。,常年本地稳定居住，工作日职住通勤动线规则单一。
上_2008_00506,上海,2008,金融精英,39,男,5.0,49.7,0.4,93.2,3,1,否,A,research,0.77,0.56,0.7,0.64,0.83,0.74,0.68,0.73,0.94,自住-首套,两室一厅,97,4895,老牌证券公司营业部经理,三口之家(学龄段),陆家嘴核心区江景大平层,无高端私密会所及管家式物业配套，圈层鱼龙混杂，高净值居住体验差。,讲究超高得房率（超85%），主卧套房必须配备独立步入式衣帽间与干湿分离双卫。,主要在陆家嘴/徐家汇CBD上班，首选地铁2/9号线沿线，通勤半小时内。,周末常去高端商圈消费，热衷打网球和马术，重度手冲咖啡及黑胶唱片发烧友。,夫妻双方积蓄 + 双方父母出资赞助首付 + 公积金商业组合贷款,非仁恒、绿城、万科等金牌开发商不买，极度看重高端精装质量与顶级物业的增值口碑。,常年本地稳定居住，工作日职住通勤动线规则单一。
上_2008_00507,上海,2008,本地改善,57,男,2.1,22.0,0.45,36.7,4,2,否,B,agent,0.62,0.49,0.63,0.53,0.64,0.94,0.68,0.69,0.66,自住-改善,两室一厅,86,2619,市第二中学地理教师,二胎黄金期中大户型,上海中环品质两居，车位及空间极其拥挤,小区无地下车库且人车不分流，小孩在楼下玩耍或者推婴儿车极为不安全。,讲究超高得房率（超85%），主卧套房必须配备独立步入式衣帽间与干湿分离双卫。,主要在陆家嘴/徐家汇CBD上班，首选地铁2/9号线沿线，通勤半小时内。,倡导轻户外，周末常带家人自驾野营或山系徒步，注重生活情调与手作咖啡。,名下持有一套旧两居，置换回款 65% + 个人理财储蓄补充 + 公积金商业贷,重性价比，不盲信大牌，但要求物业管理有序、绿化修剪及时、人防技防规范。,常年本地稳定居住，工作日职住通勤动线规则单一。
上_2008_00508,上海,2008,长三角家庭,51,男,2.3,13.4,0.45,22.3,3,3,是,B,agent,0.85,0.49,0.39,0.5,0.57,0.91,0.48,0.59,0.59,自住-改善,一室一厅,85,1444,邮政局局长秘书,二胎黄金期中大户型,上海中环品质两居，车位及空间极其拥挤,小区无地下车库且人车不分流，小孩在楼下玩耍或者推婴儿车极为不安全。,讲究超高得房率（超85%），主卧套房必须配备独立步入式衣帽间与干湿分离双卫。,主要在陆家嘴/徐家汇CBD上班，首选地铁2/9号线沿线，通勤半小时内。,倡导轻户外，周末常带家人自驾野营或山系徒步，注重生活情调与手作咖啡。,名下持有一套旧两居，置换回款 65% + 个人理财储蓄补充 + 公积金商业贷,重性价比，不盲信大牌，但要求物业管理有序、绿化修剪及时、人防技防规范。,常年本地稳定居住，工作日职住通勤动线规则单一。
上_2008_00509,上海,2008,本地改善,47,男,2.3,18.7,0.45,31.2,4,2,是,B,agent,0.7,0.58,0.4,0.34,0.53,0.8,0.59,0.66,0.48,自住-改善,两室两厅,79,3470,邮政局局长秘书,二胎黄金期中大户型,上海中环品质两居，车位及空间极其拥挤,小区无地下车库且人车不分流，小孩在楼下玩耍或者推婴儿车极为不安全。,讲究超高得房率（超85%），主卧套房必须配备独立步入式衣帽间与干湿分离双卫。,主要在陆家嘴/徐家汇CBD上班，首选地铁2/9号线沿线，通勤半小时内。,倡导轻户外，周末常带家人自驾野营或山系徒步，注重生活情调与手作咖啡。,名下持有一套旧两居，置换回款 65% + 个人理财储蓄补充 + 公积金商业贷,重性价比，不盲信大牌，但要求物业管理有序、绿化修剪及时、人防技防规范。,常年本地稳定居住，工作日职住通勤动线规则单一。
上_2008_00510,上海,2008,本地改善,50,男,2.1,18.2,0.45,30.4,5,2,否,B,agent,0.8,0.43,0.66,0.72,0.6,0.83,0.69,0.76,0.52,自住-改善,两室两厅,60,3499,区财政局科员,二胎黄金期中大户型,上海中环品质两居，车位及空间极其拥挤,小区无地下车库且人车不分流，小孩在楼下玩耍或者推婴儿车极为不安全。,要求独立电梯入户，主次卧动线分明，配备独立保姆房和私密后院。,主要在陆家嘴/徐家汇CBD上班，首选地铁2/9号线沿线，通勤半小时内。,倡导轻户外，周末常带家人自驾野营或山系徒步，注重生活情调与手作咖啡。,名下持有一套旧两居，置换回款 65% + 个人理财储蓄补充 + 公积金商业贷,重性价比，不盲信大牌，但要求物业管理有序、绿化修剪及时、人防技防规范。,常年本地稳定居住，工作日职住通勤动线规则单一。
上_2008_00511,上海,2008,本地改善,48,女,2.3,28.8,0.45,48.0,3,2,否,B,agent,0.81,0.4,0.62,0.53,0.65,0.82,0.56,0.76,0.6,自住-改善,两室一厅,77,3986,市第二中学地理教师,二胎黄金期中大户型,上海中环品质两居，车位及空间极其拥挤,小区无地下车库且人车不分流，小孩在楼下玩耍或者推婴儿车极为不安全。,讲究超高得房率（超85%），主卧套房必须配备独立步入式衣帽间与干湿分离双卫。,主要在陆家嘴/徐家汇CBD上班，首选地铁2/9号线沿线，通勤半小时内。,倡导轻户外，周末常带家人自驾野营或山系徒步，注重生活情调与手作咖啡。,名下持有一套旧两居，置换回款 65% + 个人理财储蓄补充 + 公积金商业贷,重性价比，不盲信大牌，但要求物业管理有序、绿化修剪及时、人防技防规范。,常年本地稳定居住，工作日职住通勤动线规则单一。
上_2008_00512,上海,2008,金融精英,40,女,5.1,42.3,0.4,79.3,3,0,是,A,research,0.81,0.47,0.6,0.68,0.63,0.7,0.56,0.83,0.83,自住-改善,一室一厅,64,8636,商业银行支行信贷科长,成熟期核心家庭,市中心私密洋房住宅,当前房屋属于旧多层无电梯房，父母年纪渐高每天爬楼梯极为吃力。,讲究超高得房率（超85%），主卧套房必须配备独立步入式衣帽间与干湿分离双卫。,主要在陆家嘴/徐家汇CBD上班，首选地铁2/9号线沿线，通勤半小时内。,周末常去高端商圈消费，热衷打网球和马术，重度手冲咖啡及黑胶唱片发烧友。,名下已有企业股权套现或分红现金，一次性全款付清，基本不加杠杆,非仁恒、绿城、万科等金牌开发商不买，极度看重高端精装质量与顶级物业的增值口碑。,常年本地稳定居住，工作日职住通勤动线规则单一。
上_2008_00513,上海,2008,教育型买房,34,女,3.9,32.4,0.4,60.7,3,1,否,B,social,1,0.5,0.49,0.4,0.58,0.65,0.45,0.99,0.54,学区房,两室两厅,75,4665,区财政局科员,三口之家(幼龄段),上海中环品质两居，车位及空间极其拥挤,小区无地下车库且人车不分流，小孩在楼下玩耍或者推婴儿车极为不安全。,核心要求地块属于第一梯队名校学区，且周边500米内解决幼小衔接教育配套。,主要在陆家嘴/徐家汇CBD上班，首选地铁2/9号线沿线，通勤半小时内。,倡导轻户外，周末常带家人自驾野营或山系徒步，注重生活情调与手作咖啡。,名下持有一套旧两居，置换回款 65% + 个人理财储蓄补充 + 公积金商业贷,重性价比，不盲信大牌，但要求物业管理有序、绿化修剪及时、人防技防规范。,常年本地稳定居住，工作日职住通勤动线规则单一。
上_2008_00514,上海,2008,金融精英,44,女,4.3,24.3,0.4,45.6,2,1,否,A,research,0.8,0.27,0.58,0.6,0.79,0.7,0.74,0.71,0.92,自住-首套,一室一厅,76,3096,商业银行支行信贷科长,三口之家(学龄段),陆家嘴核心区江景大平层,无高端私密会所及管家式物业配套，圈层鱼龙混杂，高净值居住体验差。,核心要求地块属于第一梯队名校学区，且周边500米内解决幼小衔接教育配套。,主要在陆家嘴/徐家汇CBD上班，首选地铁2/9号线沿线，通勤半小时内。,周末常去高端商圈消费，热衷打网球和马术，重度手冲咖啡及黑胶唱片发烧友。,夫妻双方积蓄 + 双方父母出资赞助首付 + 公积金商业组合贷款,非仁恒、绿城、万科等金牌开发商不买，极度看重高端精装质量与顶级物业的增值口碑。,常年本地稳定居住，工作日职住通勤动线规则单一。
上_2008_00515,上海,2008,金融精英,33,男,3.2,19.7,0.4,37.0,4,1,是,A,research,0.72,0.54,0.53,0.75,0.62,0.75,0.69,0.8,0.82,婚房,一室一厅,78,2792,商业银行支行信贷科长,三口之家(幼龄段),西湖边高精平层,当前房屋属于旧多层无电梯房，父母年纪渐高每天爬楼梯极为吃力。,要求独立电梯入户，主次卧动线分明，配备独立保姆房和私密后院。,主要在陆家嘴/徐家汇CBD上班，首选地铁2/9号线沿线，通勤半小时内。,周末常去高端商圈消费，热衷打网球和马术，重度手冲咖啡及黑胶唱片发烧友。,夫妻双方积蓄 + 双方父母出资赞助首付 + 公积金商业组合贷款,非仁恒、绿城、万科等金牌开发商不买，极度看重高端精装质量与顶级物业的增值口碑。,常年本地稳定居住，工作日职住通勤动线规则单一。
上_2008_00516,上海,2008,金融精英,39,女,4.2,35.2,0.4,65.9,3,1,否,A,research,0.6,0.42,0.61,0.5,0.74,0.71,0.63,0.96,0.76,自住-首套,两室两厅,89,3844,商业银行支行信贷科长,三口之家(学龄段),西湖边高精平层,无高端私密会所及管家式物业配套，圈层鱼龙混杂，高净值居住体验差。,讲究超高得房率（超85%），主卧套房必须配备独立步入式衣帽间与干湿分离双卫。,主要在陆家嘴/徐家汇CBD上班，首选地铁2/9号线沿线，通勤半小时内。,周末常去高端商圈消费，热衷打网球和马术，重度手冲咖啡及黑胶唱片发烧友。,夫妻双方积蓄 + 双方父母出资赞助首付 + 公积金商业组合贷款,非仁恒、绿城、万科等金牌开发商不买，极度看重高端精装质量与顶级物业的增值口碑。,常年本地稳定居住，工作日职住通勤动线规则单一。
上_2008_00517,上海,2008,本地改善,50,女,2.5,21.2,0.45,35.3,4,2,否,B,agent,0.51,0.49,0.47,0.43,0.33,0.86,0.67,0.67,0.6,自住-改善,两室一厅,79,3913,邮政局局长秘书,二胎黄金期中大户型,上海中环品质两居，车位及空间极其拥挤,小区无地下车库且人车不分流，小孩在楼下玩耍或者推婴儿车极为不安全。,讲究超高得房率（超85%），主卧套房必须配备独立步入式衣帽间与干湿分离双卫。,主要在陆家嘴/徐家汇CBD上班，首选地铁2/9号线沿线，通勤半小时内。,倡导轻户外，周末常带家人自驾野营或山系徒步，注重生活情调与手作咖啡。,名下持有一套旧两居，置换回款 65% + 个人理财储蓄补充 + 公积金商业贷,重性价比，不盲信大牌，但要求物业管理有序、绿化修剪及时、人防技防规范。,常年本地稳定居住，工作日职住通勤动线规则单一。
上_2008_00518,上海,2008,本地改善,46,女,2.1,26.5,0.45,44.1,3,2,否,B,agent,0.57,0.49,0.53,0.62,0.6,0.85,0.56,0.64,0.78,自住-改善,两室一厅,94,3951,邮政局局长秘书,二胎黄金期中大户型,上海中环品质两居，车位及空间极其拥挤,小区无地下车库且人车不分流，小孩在楼下玩耍或者推婴儿车极为不安全。,讲究超高得房率（超85%），主卧套房必须配备独立步入式衣帽间与干湿分离双卫。,主要在陆家嘴/徐家汇CBD上班，首选地铁2/9号线沿线，通勤半小时内。,倡导轻户外，周末常带家人自驾野营或山系徒步，注重生活情调与手作咖啡。,名下持有一套旧两居，置换回款 65% + 个人理财储蓄补充 + 公积金商业贷,非仁恒、绿城、万科等金牌开发商不买，极度看重高端精装质量与顶级物业的增值口碑。,常年本地稳定居住，工作日职住通勤动线规则单一。
上_2008_00519,上海,2008,教育型买房,38,女,3.2,32.6,0.4,61.1,3,1,否,B,social,0.89,0.55,0.45,0.36,0.45,0.63,0.41,1,0.55,学区房,两室两厅,86,4682,区财政局科员,三口之家(学龄段),上海中环品质两居，车位及空间极其拥挤,小区无地下车库且人车不分流，小孩在楼下玩耍或者推婴儿车极为不安全。,核心要求地块属于第一梯队名校学区，且周边500米内解决幼小衔接教育配套。,主要在陆家嘴/徐家汇CBD上班，首选地铁2/9号线沿线，通勤半小时内。,倡导轻户外，周末常带家人自驾野营或山系徒步，注重生活情调与手作咖啡。,名下持有一套旧两居，置换回款 65% + 个人理财储蓄补充 + 公积金商业贷,重性价比，不盲信大牌，但要求物业管理有序、绿化修剪及时、人防技防规范。,常年本地稳定居住，工作日职住通勤动线规则单一。
上_2008_00520,上海,2008,金融精英,37,男,3.4,31.3,0.4,58.7,3,2,否,A,research,0.82,0.56,0.66,0.55,0.88,0.63,0.67,1.0,0.82,自住-改善,两室两厅,83,4225,申银万国证券分析员,二胎黄金期中大户型,陆家嘴核心区江景大平层,无高端私密会所及管家式物业配套，圈层鱼龙混杂，高净值居住体验差。,核心要求地块属于第一梯队名校学区，且周边500米内解决幼小衔接教育配套。,主要在陆家嘴/徐家汇CBD上班，首选地铁2/9号线沿线，通勤半小时内。,周末常去高端商圈消费，热衷打网球和马术，重度手冲咖啡及黑胶唱片发烧友。,名下已有企业股权套现或分红现金，一次性全款付清，基本不加杠杆,非仁恒、绿城、万科等金牌开发商不买，极度看重高端精装质量与顶级物业的增值口碑。,常年本地稳定居住，工作日职住通勤动线规则单一。
上_2008_00521,上海,2008,教育型买房,34,女,2.1,21.2,0.4,39.7,3,1,否,B,social,1,0.48,0.4,0.53,0.73,0.66,0.45,1,0.69,学区房,两室一厅,74,3759,国企车间技术主任,三口之家(幼龄段),上海中环品质两居，车位及空间极其拥挤,小区无地下车库且人车不分流，小孩在楼下玩耍或者推婴儿车极为不安全。,核心要求地块属于第一梯队名校学区，且周边500米内解决幼小衔接教育配套。,主要在陆家嘴/徐家汇CBD上班，首选地铁2/9号线沿线，通勤半小时内。,倡导轻户外，周末常带家人自驾野营或山系徒步，注重生活情调与手作咖啡。,名下持有一套旧两居，置换回款 65% + 个人理财储蓄补充 + 公积金商业贷,重性价比，不盲信大牌，但要求物业管理有序、绿化修剪及时、人防技防规范。,常年本地稳定居住，工作日职住通勤动线规则单一。
上_2008_00522,上海,2008,本地改善,48,女,1.6,12.4,0.45,20.7,4,2,否,B,agent,0.7,0.5,0.39,0.5,0.56,0.87,0.7,0.61,0.57,自住-改善,两室一厅,80,1396,市第二中学地理教师,二胎黄金期中大户型,上海中环品质两居，车位及空间极其拥挤,小区无地下车库且人车不分流，小孩在楼下玩耍或者推婴儿车极为不安全。,讲究超高得房率（超85%），主卧套房必须配备独立步入式衣帽间与干湿分离双卫。,主要在陆家嘴/徐家汇CBD上班，首选地铁2/9号线沿线，通勤半小时内。,倡导轻户外，周末常带家人自驾野营或山系徒步，注重生活情调与手作咖啡。,名下持有一套旧两居，置换回款 65% + 个人理财储蓄补充 + 公积金商业贷,重性价比，不盲信大牌，但要求物业管理有序、绿化修剪及时、人防技防规范。,常年本地稳定居住，工作日职住通勤动线规则单一。
上_2008_00523,上海,2008,本地改善,52,男,2.0,19.3,0.45,32.2,4,2,否,B,agent,0.69,0.58,0.48,0.43,0.58,0.72,0.55,0.68,0.56,自住-改善,一室一厅,84,2964,邮政局局长秘书,二胎黄金期中大户型,上海中环品质两居，车位及空间极其拥挤,小区无地下车库且人车不分流，小孩在楼下玩耍或者推婴儿车极为不安全。,讲究超高得房率（超85%），主卧套房必须配备独立步入式衣帽间与干湿分离双卫。,主要在陆家嘴/徐家汇CBD上班，首选地铁2/9号线沿线，通勤半小时内。,倡导轻户外，周末常带家人自驾野营或山系徒步，注重生活情调与手作咖啡。,名下持有一套旧两居，置换回款 65% + 个人理财储蓄补充 + 公积金商业贷,重性价比，不盲信大牌，但要求物业管理有序、绿化修剪及时、人防技防规范。,常年本地稳定居住，工作日职住通勤动线规则单一。
上_2008_00524,上海,2008,本地改善,46,女,2.5,28.6,0.45,47.7,3,2,是,B,agent,0.94,0.61,0.51,0.6,0.53,0.85,0.61,0.69,0.56,自住-改善,两室一厅,61,6119,市第二中学地理教师,二胎黄金期中大户型,上海中环品质两居，车位及空间极其拥挤,小区无地下车库且人车不分流，小孩在楼下玩耍或者推婴儿车极为不安全。,讲究超高得房率（超85%），主卧套房必须配备独立步入式衣帽间与干湿分离双卫。,主要在陆家嘴/徐家汇CBD上班，首选地铁2/9号线沿线，通勤半小时内。,倡导轻户外，周末常带家人自驾野营或山系徒步，注重生活情调与手作咖啡。,名下持有一套旧两居，置换回款 65% + 个人理财储蓄补充 + 公积金商业贷,重性价比，不盲信大牌，但要求物业管理有序、绿化修剪及时、人防技防规范。,常年本地稳定居住，工作日职住通勤动线规则单一。
上_2008_00525,上海,2008,教育型买房,36,女,3.3,20.9,0.4,39.1,4,1,否,B,social,1,0.52,0.23,0.46,0.5,0.65,0.54,1,0.56,学区房,两室两厅,56,6235,市第二中学地理教师,三口之家(幼龄段),上海中环品质两居，车位及空间极其拥挤,小区无地下车库且人车不分流，小孩在楼下玩耍或者推婴儿车极为不安全。,核心要求地块属于第一梯队名校学区，且周边500米内解决幼小衔接教育配套。,主要在陆家嘴/徐家汇CBD上班，首选地铁2/9号线沿线，通勤半小时内。,倡导轻户外，周末常带家人自驾野营或山系徒步，注重生活情调与手作咖啡。,名下持有一套旧两居，置换回款 65% + 个人理财储蓄补充 + 公积金商业贷,重性价比，不盲信大牌，但要求物业管理有序、绿化修剪及时、人防技防规范。,常年本地稳定居住，工作日职住通勤动线规则单一。
上_2008_00526,上海,2008,本地改善,40,女,1.1,14.0,0.45,23.3,5,3,否,B,agent,0.7,0.52,0.57,0.49,0.54,0.88,0.54,0.66,0.71,自住-改善,两室一厅,73,2667,国企车间技术主任,二胎黄金期中大户型,上海中环品质两居，车位及空间极其拥挤,小区无地下车库且人车不分流，小孩在楼下玩耍或者推婴儿车极为不安全。,讲究超高得房率（超85%），主卧套房必须配备独立步入式衣帽间与干湿分离双卫。,主要在陆家嘴/徐家汇CBD上班，首选地铁2/9号线沿线，通勤半小时内。,倡导轻户外，周末常带家人自驾野营或山系徒步，注重生活情调与手作咖啡。,名下持有一套旧两居，置换回款 65% + 个人理财储蓄补充 + 公积金商业贷,非仁恒、绿城、万科等金牌开发商不买，极度看重高端精装质量与顶级物业的增值口碑。,常年本地稳定居住，工作日职住通勤动线规则单一。
上_2008_00527,上海,2008,教育型买房,40,女,2.6,21.4,0.4,40.1,2,0,否,B,social,0.98,0.42,0.44,0.52,0.7,0.58,0.59,0.99,0.5,学区房,一室一厅,54,5383,国企车间技术主任,成熟期核心家庭,上海中环品质两居，车位及空间极其拥挤,老小区隔音差，邻里滋扰严重，且车位严重匮乏，每晚加班回来抢车位像打仗。,核心要求地块属于第一梯队名校学区，且周边500米内解决幼小衔接教育配套。,主要在陆家嘴/徐家汇CBD上班，首选地铁2/9号线沿线，通勤半小时内。,倡导轻户外，周末常带家人自驾野营或山系徒步，注重生活情调与手作咖啡。,名下持有一套旧两居，置换回款 65% + 个人理财储蓄补充 + 公积金商业贷,重性价比，不盲信大牌，但要求物业管理有序、绿化修剪及时、人防技防规范。,常年本地稳定居住，工作日职住通勤动线规则单一。
上_2008_00528,上海,2008,教育型买房,40,男,2.8,22.8,0.4,42.8,3,0,是,B,social,0.87,0.44,0.31,0.48,0.48,0.77,0.6,1,0.54,学区房,一室一厅,62,4956,区财政局科员,成熟期核心家庭,上海中环品质两居，车位及空间极其拥挤,当前房屋属于旧多层无电梯房，父母年纪渐高每天爬楼梯极为吃力。,讲究超高得房率（超85%），主卧套房必须配备独立步入式衣帽间与干湿分离双卫。,主要在陆家嘴/徐家汇CBD上班，首选地铁2/9号线沿线，通勤半小时内。,倡导轻户外，周末常带家人自驾野营或山系徒步，注重生活情调与手作咖啡。,名下持有一套旧两居，置换回款 65% + 个人理财储蓄补充 + 公积金商业贷,重性价比，不盲信大牌，但要求物业管理有序、绿化修剪及时、人防技防规范。,常年本地稳定居住，工作日职住通勤动线规则单一。
上_2008_00529,上海,2008,金融精英,32,男,4.1,34.4,0.4,64.5,2,1,否,A,research,0.86,0.5,0.61,0.74,0.78,0.67,0.71,0.81,0.77,自住-首套,两室两厅,93,4346,老牌证券公司营业部经理,三口之家(幼龄段),市中心私密洋房住宅,无高端私密会所及管家式物业配套，圈层鱼龙混杂，高净值居住体验差。,要求独立电梯入户，主次卧动线分明，配备独立保姆房和私密后院。,主要在陆家嘴/徐家汇CBD上班，首选地铁2/9号线沿线，通勤半小时内。,周末常去高端商圈消费，热衷打网球和马术，重度手冲咖啡及黑胶唱片发烧友。,夫妻双方积蓄 + 双方父母出资赞助首付 + 公积金商业组合贷款,非仁恒、绿城、万科等金牌开发商不买，极度看重高端精装质量与顶级物业的增值口碑。,常年本地稳定居住，工作日职住通勤动线规则单一。
上_2008_00530,上海,2008,本地改善,40,男,1.5,17.6,0.45,29.3,3,1,是,B,agent,0.94,0.5,0.45,0.44,0.65,0.83,0.69,0.77,0.61,自住-改善,两室两厅,85,1970,市第二中学地理教师,三口之家(学龄段),上海中环品质两居，车位及空间极其拥挤,小区无地下车库且人车不分流，小孩在楼下玩耍或者推婴儿车极为不安全。,讲究超高得房率（超85%），主卧套房必须配备独立步入式衣帽间与干湿分离双卫。,主要在陆家嘴/徐家汇CBD上班，首选地铁2/9号线沿线，通勤半小时内。,倡导轻户外，周末常带家人自驾野营或山系徒步，注重生活情调与手作咖啡。,名下持有一套旧两居，置换回款 65% + 个人理财储蓄补充 + 公积金商业贷,重性价比，不盲信大牌，但要求物业管理有序、绿化修剪及时、人防技防规范。,常年本地稳定居住，工作日职住通勤动线规则单一。
上_2008_00531,上海,2008,金融精英,38,女,7.3,67.0,0.4,125.6,2,1,否,A,research,0.63,0.43,0.86,0.53,0.84,0.74,0.79,0.81,0.78,自住-改善,两室两厅,96,10129,老牌证券公司营业部经理,三口之家(学龄段),市中心私密洋房住宅,无高端私密会所及管家式物业配套，圈层鱼龙混杂，高净值居住体验差。,要求有超大面宽南向双阳台（观景家政分离），主卧大飘窗能270度直面自然景观。,主要在陆家嘴/徐家汇CBD上班，首选地铁2/9号线沿线，通勤半小时内。,周末常去高端商圈消费，热衷打网球和马术，重度手冲咖啡及黑胶唱片发烧友。,名下已有企业股权套现或分红现金，一次性全款付清，基本不加杠杆,非仁恒、绿城、万科等金牌开发商不买，极度看重高端精装质量与顶级物业的增值口碑。,常年本地稳定居住，工作日职住通勤动线规则单一。
上_2008_00532,上海,2008,本地改善,52,男,3.3,28.7,0.45,47.8,5,3,是,B,agent,0.44,0.47,0.52,0.43,0.59,0.85,0.62,0.75,0.45,自住-改善,两室一厅,71,3385,邮政局局长秘书,二胎黄金期中大户型,上海中环品质两居，车位及空间极其拥挤,小区无地下车库且人车不分流，小孩在楼下玩耍或者推婴儿车极为不安全。,讲究超高得房率（超85%），主卧套房必须配备独立步入式衣帽间与干湿分离双卫。,主要在陆家嘴/徐家汇CBD上班，首选地铁2/9号线沿线，通勤半小时内。,倡导轻户外，周末常带家人自驾野营或山系徒步，注重生活情调与手作咖啡。,名下持有一套旧两居，置换回款 65% + 个人理财储蓄补充 + 公积金商业贷,重性价比，不盲信大牌，但要求物业管理有序、绿化修剪及时、人防技防规范。,常年本地稳定居住，工作日职住通勤动线规则单一。
上_2008_00533,上海,2008,教育型买房,46,男,4.5,41.4,0.4,77.7,2,1,否,B,social,1,0.5,0.52,0.43,0.64,0.86,0.54,1,0.47,学区房,两室一厅,53,12806,区财政局科员,三口之家(学龄段),上海中环品质两居，车位及空间极其拥挤,小区无地下车库且人车不分流，小孩在楼下玩耍或者推婴儿车极为不安全。,讲究超高得房率（超85%），主卧套房必须配备独立步入式衣帽间与干湿分离双卫。,主要在陆家嘴/徐家汇CBD上班，首选地铁2/9号线沿线，通勤半小时内。,倡导轻户外，周末常带家人自驾野营或山系徒步，注重生活情调与手作咖啡。,名下持有一套旧两居，置换回款 65% + 个人理财储蓄补充 + 公积金商业贷,重性价比，不盲信大牌，但要求物业管理有序、绿化修剪及时、人防技防规范。,常年本地稳定居住，工作日职住通勤动线规则单一。
上_2008_00534,上海,2008,本地改善,41,女,2.9,27.3,0.45,45.5,4,2,否,B,agent,0.65,0.4,0.5,0.47,0.61,0.85,0.52,0.77,0.57,自住-改善,两室两厅,85,2945,邮政局局长秘书,二胎黄金期中大户型,上海中环品质两居，车位及空间极其拥挤,小区无地下车库且人车不分流，小孩在楼下玩耍或者推婴儿车极为不安全。,讲究超高得房率（超85%），主卧套房必须配备独立步入式衣帽间与干湿分离双卫。,主要在陆家嘴/徐家汇CBD上班，首选地铁2/9号线沿线，通勤半小时内。,倡导轻户外，周末常带家人自驾野营或山系徒步，注重生活情调与手作咖啡。,名下持有一套旧两居，置换回款 65% + 个人理财储蓄补充 + 公积金商业贷,重性价比，不盲信大牌，但要求物业管理有序、绿化修剪及时、人防技防规范。,常年本地稳定居住，工作日职住通勤动线规则单一。
上_2008_00535,上海,2008,长三角家庭,49,女,3.6,28.7,0.45,47.8,4,2,是,B,agent,0.62,0.57,0.6,0.58,0.51,0.57,0.39,0.73,0.55,自住-首套,两室一厅,69,4798,市第二中学地理教师,二胎黄金期中大户型,上海中环品质两居，车位及空间极其拥挤,小区无地下车库且人车不分流，小孩在楼下玩耍或者推婴儿车极为不安全。,核心要求地块属于第一梯队名校学区，且周边500米内解决幼小衔接教育配套。,主要在陆家嘴/徐家汇CBD上班，首选地铁2/9号线沿线，通勤半小时内。,倡导轻户外，周末常带家人自驾野营或山系徒步，注重生活情调与手作咖啡。,夫妻双方积蓄 + 双方父母出资赞助首付 + 公积金商业组合贷款,重性价比，不盲信大牌，但要求物业管理有序、绿化修剪及时、人防技防规范。,常年本地稳定居住，工作日职住通勤动线规则单一。
上_2008_00536,上海,2008,本地改善,54,男,1.3,15.5,0.45,25.8,4,2,是,B,agent,0.48,0.53,0.54,0.5,0.32,0.8,0.67,0.59,0.4,自住-改善,一室一厅,79,2452,区财政局科员,二胎黄金期中大户型,上海中环品质两居，车位及空间极其拥挤,小区无地下车库且人车不分流，小孩在楼下玩耍或者推婴儿车极为不安全。,讲究超高得房率（超85%），主卧套房必须配备独立步入式衣帽间与干湿分离双卫。,主要在陆家嘴/徐家汇CBD上班，首选地铁2/9号线沿线，通勤半小时内。,倡导轻户外，周末常带家人自驾野营或山系徒步，注重生活情调与手作咖啡。,名下持有一套旧两居，置换回款 65% + 个人理财储蓄补充 + 公积金商业贷,重性价比，不盲信大牌，但要求物业管理有序、绿化修剪及时、人防技防规范。,常年本地稳定居住，工作日职住通勤动线规则单一。
上_2008_00537,上海,2008,本地改善,42,女,2.0,24.5,0.45,40.8,5,3,是,B,agent,0.62,0.5,0.59,0.42,0.43,0.86,0.55,0.72,0.65,自住-改善,两室两厅,100,3000,邮政局局长秘书,二胎黄金期中大户型,上海中环品质两居，车位及空间极其拥挤,小区无地下车库且人车不分流，小孩在楼下玩耍或者推婴儿车极为不安全。,讲究超高得房率（超85%），主卧套房必须配备独立步入式衣帽间与干湿分离双卫。,主要在陆家嘴/徐家汇CBD上班，首选地铁2/9号线沿线，通勤半小时内。,倡导轻户外，周末常带家人自驾野营或山系徒步，注重生活情调与手作咖啡。,名下持有一套旧两居，置换回款 65% + 个人理财储蓄补充 + 公积金商业贷,重性价比，不盲信大牌，但要求物业管理有序、绿化修剪及时、人防技防规范。,常年本地稳定居住，工作日职住通勤动线规则单一。
上_2008_00538,上海,2008,本地改善,46,女,2.8,34.2,0.45,57.0,4,1,是,B,agent,1,0.27,0.63,0.44,0.55,0.82,0.75,0.68,0.67,自住-改善,两室一厅,70,6487,市第二中学地理教师,三口之家(学龄段),上海中环品质两居，车位及空间极其拥挤,小区无地下车库且人车不分流，小孩在楼下玩耍或者推婴儿车极为不安全。,讲究超高得房率（超85%），主卧套房必须配备独立步入式衣帽间与干湿分离双卫。,主要在陆家嘴/徐家汇CBD上班，首选地铁2/9号线沿线，通勤半小时内。,倡导轻户外，周末常带家人自驾野营或山系徒步，注重生活情调与手作咖啡。,名下持有一套旧两居，置换回款 65% + 个人理财储蓄补充 + 公积金商业贷,重性价比，不盲信大牌，但要求物业管理有序、绿化修剪及时、人防技防规范。,常年本地稳定居住，工作日职住通勤动线规则单一。
上_2008_00539,上海,2008,金融精英,45,男,4.7,32.8,0.4,61.5,4,1,否,A,research,0.66,0.39,0.6,0.57,0.74,0.72,0.66,0.91,0.79,自住-改善,一室一厅,60,8201,商业银行支行信贷科长,三口之家(学龄段),市中心私密洋房住宅,无高端私密会所及管家式物业配套，圈层鱼龙混杂，高净值居住体验差。,讲究超高得房率（超85%），主卧套房必须配备独立步入式衣帽间与干湿分离双卫。,主要在陆家嘴/徐家汇CBD上班，首选地铁2/9号线沿线，通勤半小时内。,周末常去高端商圈消费，热衷打网球和马术，重度手冲咖啡及黑胶唱片发烧友。,名下已有企业股权套现或分红现金，一次性全款付清，基本不加杠杆,非仁恒、绿城、万科等金牌开发商不买，极度看重高端精装质量与顶级物业的增值口碑。,常年本地稳定居住，工作日职住通勤动线规则单一。
上_2008_00540,上海,2008,金融精英,49,女,3.4,24.5,0.4,45.9,3,0,否,A,research,0.94,0.51,0.7,0.59,0.78,0.66,0.82,0.83,0.87,自住-改善,两室一厅,87,2662,老牌证券公司营业部经理,成熟期核心家庭,市中心私密洋房住宅,无高端私密会所及管家式物业配套，圈层鱼龙混杂，高净值居住体验差。,核心要求地块属于第一梯队名校学区，且周边500米内解决幼小衔接教育配套。,主要在陆家嘴/徐家汇CBD上班，首选地铁2/9号线沿线，通勤半小时内。,周末常去高端商圈消费，热衷打网球和马术，重度手冲咖啡及黑胶唱片发烧友。,名下已有企业股权套现或分红现金，一次性全款付清，基本不加杠杆,非仁恒、绿城、万科等金牌开发商不买，极度看重高端精装质量与顶级物业的增值口碑。,常年本地稳定居住，工作日职住通勤动线规则单一。
上_2008_00541,上海,2008,本地改善,58,女,2.6,31.1,0.45,51.9,3,2,否,B,agent,0.7,0.39,0.68,0.39,0.47,0.8,0.61,0.64,0.54,自住-改善,两室两厅,68,5232,区财政局科员,二胎黄金期中大户型,上海中环品质两居，车位及空间极其拥挤,小区无地下车库且人车不分流，小孩在楼下玩耍或者推婴儿车极为不安全。,讲究超高得房率（超85%），主卧套房必须配备独立步入式衣帽间与干湿分离双卫。,主要在陆家嘴/徐家汇CBD上班，首选地铁2/9号线沿线，通勤半小时内。,倡导轻户外，周末常带家人自驾野营或山系徒步，注重生活情调与手作咖啡。,名下持有一套旧两居，置换回款 65% + 个人理财储蓄补充 + 公积金商业贷,重性价比，不盲信大牌，但要求物业管理有序、绿化修剪及时、人防技防规范。,常年本地稳定居住，工作日职住通勤动线规则单一。
上_2008_00542,上海,2008,教育型买房,33,女,5.4,30.5,0.4,57.2,4,1,否,B,social,0.83,0.53,0.22,0.33,0.63,0.68,0.55,1.0,0.66,学区房,两室一厅,98,5219,市第二中学地理教师,三口之家(幼龄段),上海中环品质两居，车位及空间极其拥挤,小区无地下车库且人车不分流，小孩在楼下玩耍或者推婴儿车极为不安全。,核心要求地块属于第一梯队名校学区，且周边500米内解决幼小衔接教育配套。,主要在陆家嘴/徐家汇CBD上班，首选地铁2/9号线沿线，通勤半小时内。,倡导轻户外，周末常带家人自驾野营或山系徒步，注重生活情调与手作咖啡。,名下持有一套旧两居，置换回款 65% + 个人理财储蓄补充 + 公积金商业贷,重性价比，不盲信大牌，但要求物业管理有序、绿化修剪及时、人防技防规范。,常年本地稳定居住，工作日职住通勤动线规则单一。
上_2008_00543,上海,2008,本地改善,38,女,5.0,57.4,0.45,95.7,4,2,否,B,agent,0.67,0.49,0.5,0.5,0.54,0.86,0.44,0.63,0.52,自住-改善,两室一厅,95,5303,邮政局局长秘书,二胎黄金期中大户型,上海中环品质两居，车位及空间极其拥挤,小区无地下车库且人车不分流，小孩在楼下玩耍或者推婴儿车极为不安全。,讲究超高得房率（超85%），主卧套房必须配备独立步入式衣帽间与干湿分离双卫。,主要在陆家嘴/徐家汇CBD上班，首选地铁2/9号线沿线，通勤半小时内。,倡导轻户外，周末常带家人自驾野营或山系徒步，注重生活情调与手作咖啡。,名下持有一套旧两居，置换回款 65% + 个人理财储蓄补充 + 公积金商业贷,重性价比，不盲信大牌，但要求物业管理有序、绿化修剪及时、人防技防规范。,常年本地稳定居住，工作日职住通勤动线规则单一。
上_2008_00544,上海,2008,教育型买房,40,男,2.8,24.2,0.4,45.5,4,1,是,B,social,0.65,0.54,0.5,0.46,0.67,0.66,0.54,1,0.47,学区房,两室两厅,57,5813,国企车间技术主任,三口之家(学龄段),上海中环品质两居，车位及空间极其拥挤,小区无地下车库且人车不分流，小孩在楼下玩耍或者推婴儿车极为不安全。,核心要求地块属于第一梯队名校学区，且周边500米内解决幼小衔接教育配套。,主要在陆家嘴/徐家汇CBD上班，首选地铁2/9号线沿线，通勤半小时内。,倡导轻户外，周末常带家人自驾野营或山系徒步，注重生活情调与手作咖啡。,名下持有一套旧两居，置换回款 65% + 个人理财储蓄补充 + 公积金商业贷,重性价比，不盲信大牌，但要求物业管理有序、绿化修剪及时、人防技防规范。,常年本地稳定居住，工作日职住通勤动线规则单一。
上_2008_00545,上海,2008,长三角家庭,43,男,2.0,10.2,0.45,17.0,3,2,否,B,agent,0.68,0.47,0.51,0.44,0.5,0.66,0.41,0.77,0.65,自住-首套,两室两厅,64,1655,邮政局局长秘书,二胎黄金期中大户型,上海中环品质两居，车位及空间极其拥挤,小区无地下车库且人车不分流，小孩在楼下玩耍或者推婴儿车极为不安全。,核心要求地块属于第一梯队名校学区，且周边500米内解决幼小衔接教育配套。,主要在陆家嘴/徐家汇CBD上班，首选地铁2/9号线沿线，通勤半小时内。,倡导轻户外，周末常带家人自驾野营或山系徒步，注重生活情调与手作咖啡。,夫妻双方积蓄 + 双方父母出资赞助首付 + 公积金商业组合贷款,重性价比，不盲信大牌，但要求物业管理有序、绿化修剪及时、人防技防规范。,常年本地稳定居住，工作日职住通勤动线规则单一。
上_2008_00546,上海,2008,本地改善,58,男,3.5,29.0,0.45,48.4,3,2,否,B,agent,0.95,0.54,0.67,0.47,0.48,0.89,0.63,0.56,0.67,自住-改善,一室一厅,70,5076,国企车间技术主任,二胎黄金期中大户型,上海中环品质两居，车位及空间极其拥挤,小区无地下车库且人车不分流，小孩在楼下玩耍或者推婴儿车极为不安全。,讲究超高得房率（超85%），主卧套房必须配备独立步入式衣帽间与干湿分离双卫。,主要在陆家嘴/徐家汇CBD上班，首选地铁2/9号线沿线，通勤半小时内。,倡导轻户外，周末常带家人自驾野营或山系徒步，注重生活情调与手作咖啡。,名下持有一套旧两居，置换回款 65% + 个人理财储蓄补充 + 公积金商业贷,重性价比，不盲信大牌，但要求物业管理有序、绿化修剪及时、人防技防规范。,常年本地稳定居住，工作日职住通勤动线规则单一。
上_2008_00547,上海,2008,金融精英,48,女,8.6,62.1,0.4,116.4,4,1,否,A,research,0.48,0.4,0.48,0.37,0.77,0.89,0.65,0.84,0.8,自住-首套,两室一厅,70,13214,商业银行支行信贷科长,三口之家(学龄段),西湖边高精平层,无高端私密会所及管家式物业配套，圈层鱼龙混杂，高净值居住体验差。,讲究超高得房率（超85%），主卧套房必须配备独立步入式衣帽间与干湿分离双卫。,主要在陆家嘴/徐家汇CBD上班，首选地铁2/9号线沿线，通勤半小时内。,周末常去高端商圈消费，热衷打网球和马术，重度手冲咖啡及黑胶唱片发烧友。,夫妻双方积蓄 + 双方父母出资赞助首付 + 公积金商业组合贷款,非仁恒、绿城、万科等金牌开发商不买，极度看重高端精装质量与顶级物业的增值口碑。,常年本地稳定居住，工作日职住通勤动线规则单一。
上_2008_00548,上海,2008,本地改善,52,女,3.7,39.4,0.45,65.7,4,2,是,B,agent,0.33,0.36,0.56,0.55,0.46,0.93,0.69,0.82,0.76,自住-改善,一室一厅,74,6353,区财政局科员,二胎黄金期中大户型,上海中环品质两居，车位及空间极其拥挤,小区无地下车库且人车不分流，小孩在楼下玩耍或者推婴儿车极为不安全。,讲究超高得房率（超85%），主卧套房必须配备独立步入式衣帽间与干湿分离双卫。,主要在陆家嘴/徐家汇CBD上班，首选地铁2/9号线沿线，通勤半小时内。,倡导轻户外，周末常带家人自驾野营或山系徒步，注重生活情调与手作咖啡。,名下持有一套旧两居，置换回款 65% + 个人理财储蓄补充 + 公积金商业贷,非仁恒、绿城、万科等金牌开发商不买，极度看重高端精装质量与顶级物业的增值口碑。,常年本地稳定居住，工作日职住通勤动线规则单一。
上_2008_00549,上海,2008,本地改善,40,男,1.7,15.7,0.45,26.1,4,2,是,B,agent,0.63,0.48,0.57,0.43,0.41,0.88,0.54,0.69,0.58,自住-改善,两室一厅,55,2513,邮政局局长秘书,二胎黄金期中大户型,上海中环品质两居，车位及空间极其拥挤,小区无地下车库且人车不分流，小孩在楼下玩耍或者推婴儿车极为不安全。,讲究超高得房率（超85%），主卧套房必须配备独立步入式衣帽间与干湿分离双卫。,主要在陆家嘴/徐家汇CBD上班，首选地铁2/9号线沿线，通勤半小时内。,倡导轻户外，周末常带家人自驾野营或山系徒步，注重生活情调与手作咖啡。,名下持有一套旧两居，置换回款 65% + 个人理财储蓄补充 + 公积金商业贷,重性价比，不盲信大牌，但要求物业管理有序、绿化修剪及时、人防技防规范。,常年本地稳定居住，工作日职住通勤动线规则单一。
上_2008_00550,上海,2008,本地改善,42,女,1.3,9.6,0.45,16.0,3,1,否,B,agent,0.6,0.48,0.66,0.49,0.5,0.77,0.65,0.72,0.66,自住-改善,两室两厅,66,2113,国企车间技术主任,三口之家(学龄段),上海中环品质两居，车位及空间极其拥挤,小区无地下车库且人车不分流，小孩在楼下玩耍或者推婴儿车极为不安全。,讲究超高得房率（超85%），主卧套房必须配备独立步入式衣帽间与干湿分离双卫。,主要在陆家嘴/徐家汇CBD上班，首选地铁2/9号线沿线，通勤半小时内。,倡导轻户外，周末常带家人自驾野营或山系徒步，注重生活情调与手作咖啡。,名下持有一套旧两居，置换回款 65% + 个人理财储蓄补充 + 公积金商业贷,重性价比，不盲信大牌，但要求物业管理有序、绿化修剪及时、人防技防规范。,常年本地稳定居住，工作日职住通勤动线规则单一。
上_2008_00551,上海,2008,金融精英,32,男,5.5,34.4,0.4,64.5,2,0,否,A,research,0.91,0.47,0.62,0.48,0.69,0.86,0.68,0.78,0.73,自住-首套,两室一厅,56,7277,申银万国证券分析员,新婚过渡两居,市中心私密洋房住宅,无高端私密会所及管家式物业配套，圈层鱼龙混杂，高净值居住体验差。,讲究超高得房率（超85%），主卧套房必须配备独立步入式衣帽间与干湿分离双卫。,主要在陆家嘴/徐家汇CBD上班，首选地铁2/9号线沿线，通勤半小时内。,周末常去高端商圈消费，热衷打网球和马术，重度手冲咖啡及黑胶唱片发烧友。,夫妻双方积蓄 + 双方父母出资赞助首付 + 公积金商业组合贷款,非仁恒、绿城、万科等金牌开发商不买，极度看重高端精装质量与顶级物业的增值口碑。,常年本地稳定居住，工作日职住通勤动线规则单一。
上_2008_00552,上海,2008,金融精英,32,女,2.2,14.7,0.4,27.7,3,0,否,A,research,0.67,0.29,0.6,0.42,0.67,0.8,0.63,0.82,0.84,婚房,一室一厅,85,2305,老牌证券公司营业部经理,新婚过渡两居,市中心私密洋房住宅,无高端私密会所及管家式物业配套，圈层鱼龙混杂，高净值居住体验差。,讲究超高得房率（超85%），主卧套房必须配备独立步入式衣帽间与干湿分离双卫。,主要在陆家嘴/徐家汇CBD上班，首选地铁2/9号线沿线，通勤半小时内。,周末常去高端商圈消费，热衷打网球和马术，重度手冲咖啡及黑胶唱片发烧友。,夫妻双方积蓄 + 双方父母出资赞助首付 + 公积金商业组合贷款,非仁恒、绿城、万科等金牌开发商不买，极度看重高端精装质量与顶级物业的增值口碑。,常年本地稳定居住，工作日职住通勤动线规则单一。
上_2008_00553,上海,2008,教育型买房,40,女,1.4,10.1,0.4,19.0,3,1,否,B,social,0.82,0.47,0.43,0.36,0.68,0.61,0.55,0.95,0.65,学区房,一室一厅,64,2327,市第二中学地理教师,三口之家(学龄段),上海中环品质两居，车位及空间极其拥挤,小区无地下车库且人车不分流，小孩在楼下玩耍或者推婴儿车极为不安全。,核心要求地块属于第一梯队名校学区，且周边500米内解决幼小衔接教育配套。,主要在陆家嘴/徐家汇CBD上班，首选地铁2/9号线沿线，通勤半小时内。,倡导轻户外，周末常带家人自驾野营或山系徒步，注重生活情调与手作咖啡。,名下持有一套旧两居，置换回款 65% + 个人理财储蓄补充 + 公积金商业贷,重性价比，不盲信大牌，但要求物业管理有序、绿化修剪及时、人防技防规范。,常年本地稳定居住，工作日职住通勤动线规则单一。
上_2008_00554,上海,2008,本地改善,51,男,1.6,11.8,0.45,19.7,3,2,是,B,agent,0.93,0.5,0.53,0.49,0.45,0.89,0.67,0.73,0.42,自住-改善,两室两厅,51,3368,市第二中学地理教师,二胎黄金期中大户型,上海中环品质两居，车位及空间极其拥挤,小区无地下车库且人车不分流，小孩在楼下玩耍或者推婴儿车极为不安全。,讲究超高得房率（超85%），主卧套房必须配备独立步入式衣帽间与干湿分离双卫。,主要在陆家嘴/徐家汇CBD上班，首选地铁2/9号线沿线，通勤半小时内。,倡导轻户外，周末常带家人自驾野营或山系徒步，注重生活情调与手作咖啡。,名下持有一套旧两居，置换回款 65% + 个人理财储蓄补充 + 公积金商业贷,重性价比，不盲信大牌，但要求物业管理有序、绿化修剪及时、人防技防规范。,常年本地稳定居住，工作日职住通勤动线规则单一。
上_2008_00555,上海,2008,本地改善,57,男,2.2,21.5,0.45,35.8,5,2,是,B,agent,0.64,0.47,0.59,0.44,0.65,0.88,0.76,0.69,0.61,自住-改善,两室两厅,65,4184,区财政局科员,二胎黄金期中大户型,上海中环品质两居，车位及空间极其拥挤,小区无地下车库且人车不分流，小孩在楼下玩耍或者推婴儿车极为不安全。,讲究超高得房率（超85%），主卧套房必须配备独立步入式衣帽间与干湿分离双卫。,主要在陆家嘴/徐家汇CBD上班，首选地铁2/9号线沿线，通勤半小时内。,倡导轻户外，周末常带家人自驾野营或山系徒步，注重生活情调与手作咖啡。,名下持有一套旧两居，置换回款 65% + 个人理财储蓄补充 + 公积金商业贷,重性价比，不盲信大牌，但要求物业管理有序、绿化修剪及时、人防技防规范。,常年本地稳定居住，工作日职住通勤动线规则单一。
上_2008_00556,上海,2008,金融精英,40,女,3.6,25.0,0.4,46.9,3,1,否,A,research,0.75,0.49,0.75,0.49,0.69,0.78,0.67,0.77,0.89,自住-首套,两室两厅,55,4361,老牌证券公司营业部经理,三口之家(学龄段),西湖边高精平层,无高端私密会所及管家式物业配套，圈层鱼龙混杂，高净值居住体验差。,要求有超大面宽南向双阳台（观景家政分离），主卧大飘窗能270度直面自然景观。,主要在陆家嘴/徐家汇CBD上班，首选地铁2/9号线沿线，通勤半小时内。,周末常去高端商圈消费，热衷打网球和马术，重度手冲咖啡及黑胶唱片发烧友。,夫妻双方积蓄 + 双方父母出资赞助首付 + 公积金商业组合贷款,非仁恒、绿城、万科等金牌开发商不买，极度看重高端精装质量与顶级物业的增值口碑。,常年本地稳定居住，工作日职住通勤动线规则单一。
上_2008_00557,上海,2008,教育型买房,45,女,1.9,19.0,0.4,35.7,3,0,是,B,social,1,0.65,0.39,0.37,0.47,0.67,0.56,1,0.44,学区房,两室一厅,77,2409,国企车间技术主任,成熟期核心家庭,上海中环品质两居，车位及空间极其拥挤,当前房屋属于旧多层无电梯房，父母年纪渐高每天爬楼梯极为吃力。,核心要求地块属于第一梯队名校学区，且周边500米内解决幼小衔接教育配套。,主要在陆家嘴/徐家汇CBD上班，首选地铁2/9号线沿线，通勤半小时内。,倡导轻户外，周末常带家人自驾野营或山系徒步，注重生活情调与手作咖啡。,名下持有一套旧两居，置换回款 65% + 个人理财储蓄补充 + 公积金商业贷,重性价比，不盲信大牌，但要求物业管理有序、绿化修剪及时、人防技防规范。,常年本地稳定居住，工作日职住通勤动线规则单一。
上_2008_00558,上海,2008,金融精英,49,男,5.1,30.3,0.4,56.8,3,1,否,A,research,0.6,0.48,0.59,0.55,0.73,0.84,0.73,0.78,0.65,自住-首套,两室一厅,89,3254,老牌证券公司营业部经理,三口之家(学龄段),西湖边高精平层,无高端私密会所及管家式物业配套，圈层鱼龙混杂，高净值居住体验差。,讲究超高得房率（超85%），主卧套房必须配备独立步入式衣帽间与干湿分离双卫。,主要在陆家嘴/徐家汇CBD上班，首选地铁2/9号线沿线，通勤半小时内。,周末常去高端商圈消费，热衷打网球和马术，重度手冲咖啡及黑胶唱片发烧友。,夫妻双方积蓄 + 双方父母出资赞助首付 + 公积金商业组合贷款,重性价比，不盲信大牌，但要求物业管理有序、绿化修剪及时、人防技防规范。,常年本地稳定居住，工作日职住通勤动线规则单一。
上_2008_00559,上海,2008,金融精英,44,女,6.1,49.0,0.4,91.9,3,1,否,A,research,0.6,0.49,0.73,0.74,0.8,0.75,0.54,0.66,0.74,自住-改善,一室一厅,60,12177,商业银行支行信贷科长,三口之家(学龄段),市中心私密洋房住宅,无高端私密会所及管家式物业配套，圈层鱼龙混杂，高净值居住体验差。,要求独立电梯入户，主次卧动线分明，配备独立保姆房和私密后院。,主要在陆家嘴/徐家汇CBD上班，首选地铁2/9号线沿线，通勤半小时内。,周末常去高端商圈消费，热衷打网球和马术，重度手冲咖啡及黑胶唱片发烧友。,名下已有企业股权套现或分红现金，一次性全款付清，基本不加杠杆,非仁恒、绿城、万科等金牌开发商不买，极度看重高端精装质量与顶级物业的增值口碑。,常年本地稳定居住，工作日职住通勤动线规则单一。
上_2008_00560,上海,2008,本地改善,56,男,3.1,30.7,0.45,51.2,5,2,是,B,agent,0.85,0.46,0.54,0.44,0.59,0.85,0.42,0.62,0.57,自住-改善,一室一厅,78,5418,国企车间技术主任,二胎黄金期中大户型,上海中环品质两居，车位及空间极其拥挤,小区无地下车库且人车不分流，小孩在楼下玩耍或者推婴儿车极为不安全。,讲究超高得房率（超85%），主卧套房必须配备独立步入式衣帽间与干湿分离双卫。,主要在陆家嘴/徐家汇CBD上班，首选地铁2/9号线沿线，通勤半小时内。,倡导轻户外，周末常带家人自驾野营或山系徒步，注重生活情调与手作咖啡。,名下持有一套旧两居，置换回款 65% + 个人理财储蓄补充 + 公积金商业贷,重性价比，不盲信大牌，但要求物业管理有序、绿化修剪及时、人防技防规范。,常年本地稳定居住，工作日职住通勤动线规则单一。
上_2008_00561,上海,2008,本地改善,43,男,2.0,23.8,0.45,39.6,4,2,是,B,agent,0.81,0.65,0.5,0.69,0.57,0.88,0.72,0.65,0.61,自住-改善,一室一厅,97,3227,国企车间技术主任,二胎黄金期中大户型,上海中环品质两居，车位及空间极其拥挤,小区无地下车库且人车不分流，小孩在楼下玩耍或者推婴儿车极为不安全。,讲究超高得房率（超85%），主卧套房必须配备独立步入式衣帽间与干湿分离双卫。,主要在陆家嘴/徐家汇CBD上班，首选地铁2/9号线沿线，通勤半小时内。,倡导轻户外，周末常带家人自驾野营或山系徒步，注重生活情调与手作咖啡。,名下持有一套旧两居，置换回款 65% + 个人理财储蓄补充 + 公积金商业贷,重性价比，不盲信大牌，但要求物业管理有序、绿化修剪及时、人防技防规范。,常年本地稳定居住，工作日职住通勤动线规则单一。
上_2008_00562,上海,2008,长三角家庭,44,女,2.3,15.6,0.45,26.0,4,2,是,B,agent,0.93,0.61,0.66,0.47,0.55,0.91,0.29,0.67,0.8,自住-改善,一室一厅,80,1734,邮政局局长秘书,二胎黄金期中大户型,上海中环品质两居，车位及空间极其拥挤,小区无地下车库且人车不分流，小孩在楼下玩耍或者推婴儿车极为不安全。,讲究超高得房率（超85%），主卧套房必须配备独立步入式衣帽间与干湿分离双卫。,主要在陆家嘴/徐家汇CBD上班，首选地铁2/9号线沿线，通勤半小时内。,倡导轻户外，周末常带家人自驾野营或山系徒步，注重生活情调与手作咖啡。,名下持有一套旧两居，置换回款 65% + 个人理财储蓄补充 + 公积金商业贷,非仁恒、绿城、万科等金牌开发商不买，极度看重高端精装质量与顶级物业的增值口碑。,常年本地稳定居住，工作日职住通勤动线规则单一。
上_2008_00563,上海,2008,本地改善,57,女,0.9,11.6,0.45,19.4,3,2,否,B,agent,0.88,0.53,0.67,0.48,0.55,0.77,0.59,0.81,0.66,自住-改善,一室一厅,60,2000,国企车间技术主任,二胎黄金期中大户型,上海中环品质两居，车位及空间极其拥挤,小区无地下车库且人车不分流，小孩在楼下玩耍或者推婴儿车极为不安全。,讲究超高得房率（超85%），主卧套房必须配备独立步入式衣帽间与干湿分离双卫。,主要在陆家嘴/徐家汇CBD上班，首选地铁2/9号线沿线，通勤半小时内。,倡导轻户外，周末常带家人自驾野营或山系徒步，注重生活情调与手作咖啡。,名下持有一套旧两居，置换回款 65% + 个人理财储蓄补充 + 公积金商业贷,重性价比，不盲信大牌，但要求物业管理有序、绿化修剪及时、人防技防规范。,常年本地稳定居住，工作日职住通勤动线规则单一。
上_2008_00564,上海,2008,教育型买房,38,男,3.3,22.4,0.4,42.0,2,0,是,B,social,0.8,0.52,0.4,0.42,0.56,0.67,0.53,0.97,0.75,学区房,两室一厅,87,4223,邮政局局长秘书,成熟期核心家庭,上海中环品质两居，车位及空间极其拥挤,当前房屋属于旧多层无电梯房，父母年纪渐高每天爬楼梯极为吃力。,核心要求地块属于第一梯队名校学区，且周边500米内解决幼小衔接教育配套。,主要在陆家嘴/徐家汇CBD上班，首选地铁2/9号线沿线，通勤半小时内。,倡导轻户外，周末常带家人自驾野营或山系徒步，注重生活情调与手作咖啡。,名下持有一套旧两居，置换回款 65% + 个人理财储蓄补充 + 公积金商业贷,非仁恒、绿城、万科等金牌开发商不买，极度看重高端精装质量与顶级物业的增值口碑。,常年本地稳定居住，工作日职住通勤动线规则单一。
上_2008_00565,上海,2008,本地改善,47,男,2.7,33.6,0.45,55.9,3,2,是,B,agent,0.76,0.47,0.67,0.5,0.51,0.89,0.63,0.63,0.59,自住-改善,一室一厅,97,5078,国企车间技术主任,二胎黄金期中大户型,上海中环品质两居，车位及空间极其拥挤,小区无地下车库且人车不分流，小孩在楼下玩耍或者推婴儿车极为不安全。,讲究超高得房率（超85%），主卧套房必须配备独立步入式衣帽间与干湿分离双卫。,主要在陆家嘴/徐家汇CBD上班，首选地铁2/9号线沿线，通勤半小时内。,倡导轻户外，周末常带家人自驾野营或山系徒步，注重生活情调与手作咖啡。,名下持有一套旧两居，置换回款 65% + 个人理财储蓄补充 + 公积金商业贷,重性价比，不盲信大牌，但要求物业管理有序、绿化修剪及时、人防技防规范。,常年本地稳定居住，工作日职住通勤动线规则单一。
上_2008_00566,上海,2008,金融精英,43,女,4.1,39.1,0.4,73.3,3,2,否,A,research,0.73,0.49,0.81,0.6,0.77,0.78,0.71,0.79,0.84,自住-首套,两室一厅,81,4561,申银万国证券分析员,二胎黄金期中大户型,市中心私密洋房住宅,无高端私密会所及管家式物业配套，圈层鱼龙混杂，高净值居住体验差。,要求有超大面宽南向双阳台（观景家政分离），主卧大飘窗能270度直面自然景观。,主要在陆家嘴/徐家汇CBD上班，首选地铁2/9号线沿线，通勤半小时内。,周末常去高端商圈消费，热衷打网球和马术，重度手冲咖啡及黑胶唱片发烧友。,夫妻双方积蓄 + 双方父母出资赞助首付 + 公积金商业组合贷款,非仁恒、绿城、万科等金牌开发商不买，极度看重高端精装质量与顶级物业的增值口碑。,常年本地稳定居住，工作日职住通勤动线规则单一。
上_2008_00567,上海,2008,外籍海归,35,男,6.4,57.3,0.4,107.4,3,1,否,A,social,0.78,0.31,0.75,0.62,0.84,0.67,0.65,0.81,0.83,自住-改善,一室一厅,57,9909,合资日化企业技术主管,三口之家(幼龄段),西湖边高精平层,无高端私密会所及管家式物业配套，圈层鱼龙混杂，高净值居住体验差。,要求有超大面宽南向双阳台（观景家政分离），主卧大飘窗能270度直面自然景观。,主要在陆家嘴/徐家汇CBD上班，首选地铁2/9号线沿线，通勤半小时内。,周末常去高端商圈消费，热衷打网球和马术，重度手冲咖啡及黑胶唱片发烧友。,名下已有企业股权套现或分红现金，一次性全款付清，基本不加杠杆,非仁恒、绿城、万科等金牌开发商不买，极度看重高端精装质量与顶级物业的增值口碑。,常年本地稳定居住，工作日职住通勤动线规则单一。
上_2008_00568,上海,2008,本地改善,56,女,1.7,14.8,0.45,24.6,5,2,是,B,agent,0.64,0.36,0.46,0.56,0.49,0.89,0.49,0.76,0.77,自住-改善,两室两厅,86,2204,邮政局局长秘书,二胎黄金期中大户型,上海中环品质两居，车位及空间极其拥挤,小区无地下车库且人车不分流，小孩在楼下玩耍或者推婴儿车极为不安全。,讲究超高得房率（超85%），主卧套房必须配备独立步入式衣帽间与干湿分离双卫。,主要在陆家嘴/徐家汇CBD上班，首选地铁2/9号线沿线，通勤半小时内。,倡导轻户外，周末常带家人自驾野营或山系徒步，注重生活情调与手作咖啡。,名下持有一套旧两居，置换回款 65% + 个人理财储蓄补充 + 公积金商业贷,非仁恒、绿城、万科等金牌开发商不买，极度看重高端精装质量与顶级物业的增值口碑。,常年本地稳定居住，工作日职住通勤动线规则单一。
上_2008_00569,上海,2008,金融精英,43,女,6.2,45.6,0.4,85.5,3,1,是,A,research,0.47,0.49,0.67,0.73,0.77,0.84,0.78,0.89,0.53,自住-改善,两室一厅,83,8478,商业银行支行信贷科长,三口之家(学龄段),西湖边高精平层,当前房屋属于旧多层无电梯房，父母年纪渐高每天爬楼梯极为吃力。,要求独立电梯入户，主次卧动线分明，配备独立保姆房和私密后院。,主要在陆家嘴/徐家汇CBD上班，首选地铁2/9号线沿线，通勤半小时内。,周末常去高端商圈消费，热衷打网球和马术，重度手冲咖啡及黑胶唱片发烧友。,名下已有企业股权套现或分红现金，一次性全款付清，基本不加杠杆,重性价比，不盲信大牌，但要求物业管理有序、绿化修剪及时、人防技防规范。,常年本地稳定居住，工作日职住通勤动线规则单一。
上_2008_00570,上海,2008,本地改善,58,男,3.2,23.6,0.45,39.3,4,3,是,B,agent,0.98,0.54,0.52,0.6,0.54,0.89,0.7,0.84,0.68,自住-改善,一室一厅,68,3488,区财政局科员,二胎黄金期中大户型,上海中环品质两居，车位及空间极其拥挤,小区无地下车库且人车不分流，小孩在楼下玩耍或者推婴儿车极为不安全。,讲究超高得房率（超85%），主卧套房必须配备独立步入式衣帽间与干湿分离双卫。,主要在陆家嘴/徐家汇CBD上班，首选地铁2/9号线沿线，通勤半小时内。,倡导轻户外，周末常带家人自驾野营或山系徒步，注重生活情调与手作咖啡。,名下持有一套旧两居，置换回款 65% + 个人理财储蓄补充 + 公积金商业贷,重性价比，不盲信大牌，但要求物业管理有序、绿化修剪及时、人防技防规范。,常年本地稳定居住，工作日职住通勤动线规则单一。
上_2008_00571,上海,2008,教育型买房,45,男,5.1,41.4,0.4,77.7,4,0,否,B,social,1,0.48,0.47,0.33,0.58,0.71,0.62,0.91,0.6,学区房,两室一厅,86,5162,市第二中学地理教师,成熟期核心家庭,上海中环品质两居，车位及空间极其拥挤,老小区隔音差，邻里滋扰严重，且车位严重匮乏，每晚加班回来抢车位像打仗。,讲究超高得房率（超85%），主卧套房必须配备独立步入式衣帽间与干湿分离双卫。,主要在陆家嘴/徐家汇CBD上班，首选地铁2/9号线沿线，通勤半小时内。,倡导轻户外，周末常带家人自驾野营或山系徒步，注重生活情调与手作咖啡。,名下持有一套旧两居，置换回款 65% + 个人理财储蓄补充 + 公积金商业贷,重性价比，不盲信大牌，但要求物业管理有序、绿化修剪及时、人防技防规范。,常年本地稳定居住，工作日职住通勤动线规则单一。
上_2008_00572,上海,2008,本地改善,44,男,2.3,23.7,0.45,39.6,5,1,否,B,agent,0.92,0.5,0.56,0.4,0.63,0.88,0.51,0.56,0.53,自住-改善,一室一厅,65,3133,区财政局科员,三口之家(学龄段),上海中环品质两居，车位及空间极其拥挤,小区无地下车库且人车不分流，小孩在楼下玩耍或者推婴儿车极为不安全。,讲究超高得房率（超85%），主卧套房必须配备独立步入式衣帽间与干湿分离双卫。,主要在陆家嘴/徐家汇CBD上班，首选地铁2/9号线沿线，通勤半小时内。,倡导轻户外，周末常带家人自驾野营或山系徒步，注重生活情调与手作咖啡。,名下持有一套旧两居，置换回款 65% + 个人理财储蓄补充 + 公积金商业贷,重性价比，不盲信大牌，但要求物业管理有序、绿化修剪及时、人防技防规范。,常年本地稳定居住，工作日职住通勤动线规则单一。
上_2008_00573,上海,2008,教育型买房,42,女,4.0,33.2,0.4,62.2,4,0,否,B,social,0.92,0.53,0.39,0.47,0.53,0.74,0.51,0.92,0.56,学区房,两室一厅,56,7780,国企车间技术主任,成熟期核心家庭,上海中环品质两居，车位及空间极其拥挤,老小区隔音差，邻里滋扰严重，且车位严重匮乏，每晚加班回来抢车位像打仗。,讲究超高得房率（超85%），主卧套房必须配备独立步入式衣帽间与干湿分离双卫。,主要在陆家嘴/徐家汇CBD上班，首选地铁2/9号线沿线，通勤半小时内。,倡导轻户外，周末常带家人自驾野营或山系徒步，注重生活情调与手作咖啡。,名下持有一套旧两居，置换回款 65% + 个人理财储蓄补充 + 公积金商业贷,重性价比，不盲信大牌，但要求物业管理有序、绿化修剪及时、人防技防规范。,常年本地稳定居住，工作日职住通勤动线规则单一。
上_2008_00574,上海,2008,金融精英,35,女,7.6,71.0,0.4,133.1,3,1,否,A,research,0.74,0.44,0.66,0.52,0.62,0.79,0.71,0.82,0.83,自住-首套,两室一厅,63,12584,商业银行支行信贷科长,三口之家(幼龄段),西湖边高精平层,无高端私密会所及管家式物业配套，圈层鱼龙混杂，高净值居住体验差。,讲究超高得房率（超85%），主卧套房必须配备独立步入式衣帽间与干湿分离双卫。,主要在陆家嘴/徐家汇CBD上班，首选地铁2/9号线沿线，通勤半小时内。,周末常去高端商圈消费，热衷打网球和马术，重度手冲咖啡及黑胶唱片发烧友。,夫妻双方积蓄 + 双方父母出资赞助首付 + 公积金商业组合贷款,非仁恒、绿城、万科等金牌开发商不买，极度看重高端精装质量与顶级物业的增值口碑。,常年本地稳定居住，工作日职住通勤动线规则单一。
上_2008_00575,上海,2008,教育型买房,41,女,4.0,34.7,0.4,65.1,3,1,否,B,social,0.88,0.43,0.31,0.42,0.78,0.69,0.5,0.77,0.57,学区房,两室一厅,68,5436,邮政局局长秘书,三口之家(学龄段),上海中环品质两居，车位及空间极其拥挤,小区无地下车库且人车不分流，小孩在楼下玩耍或者推婴儿车极为不安全。,核心要求地块属于第一梯队名校学区，且周边500米内解决幼小衔接教育配套。,主要在陆家嘴/徐家汇CBD上班，首选地铁2/9号线沿线，通勤半小时内。,倡导轻户外，周末常带家人自驾野营或山系徒步，注重生活情调与手作咖啡。,名下持有一套旧两居，置换回款 65% + 个人理财储蓄补充 + 公积金商业贷,重性价比，不盲信大牌，但要求物业管理有序、绿化修剪及时、人防技防规范。,常年本地稳定居住，工作日职住通勤动线规则单一。
上_2008_00576,上海,2008,本地改善,52,女,2.5,32.6,0.45,54.4,4,2,否,B,agent,0.86,0.57,0.54,0.49,0.51,0.96,0.66,0.67,0.48,自住-改善,一室一厅,65,6591,邮政局局长秘书,二胎黄金期中大户型,上海中环品质两居，车位及空间极其拥挤,小区无地下车库且人车不分流，小孩在楼下玩耍或者推婴儿车极为不安全。,讲究超高得房率（超85%），主卧套房必须配备独立步入式衣帽间与干湿分离双卫。,主要在陆家嘴/徐家汇CBD上班，首选地铁2/9号线沿线，通勤半小时内。,倡导轻户外，周末常带家人自驾野营或山系徒步，注重生活情调与手作咖啡。,名下持有一套旧两居，置换回款 65% + 个人理财储蓄补充 + 公积金商业贷,重性价比，不盲信大牌，但要求物业管理有序、绿化修剪及时、人防技防规范。,常年本地稳定居住，工作日职住通勤动线规则单一。
上_2008_00577,上海,2008,金融精英,48,男,6.0,51.5,0.4,96.5,3,0,否,A,research,0.7,0.43,0.63,0.6,0.89,0.71,0.64,0.78,0.78,自住-改善,两室一厅,66,8000,老牌证券公司营业部经理,成熟期核心家庭,市中心私密洋房住宅,无高端私密会所及管家式物业配套，圈层鱼龙混杂，高净值居住体验差。,讲究超高得房率（超85%），主卧套房必须配备独立步入式衣帽间与干湿分离双卫。,主要在陆家嘴/徐家汇CBD上班，首选地铁2/9号线沿线，通勤半小时内。,周末常去高端商圈消费，热衷打网球和马术，重度手冲咖啡及黑胶唱片发烧友。,名下已有企业股权套现或分红现金，一次性全款付清，基本不加杠杆,非仁恒、绿城、万科等金牌开发商不买，极度看重高端精装质量与顶级物业的增值口碑。,常年本地稳定居住，工作日职住通勤动线规则单一。
上_2008_00578,上海,2008,金融精英,42,女,7.4,69.9,0.4,131.0,3,2,否,A,research,0.47,0.41,0.59,0.62,0.78,0.71,0.77,0.79,0.82,自住-首套,两室两厅,74,12855,申银万国证券分析员,二胎黄金期中大户型,市中心私密洋房住宅,无高端私密会所及管家式物业配套，圈层鱼龙混杂，高净值居住体验差。,讲究超高得房率（超85%），主卧套房必须配备独立步入式衣帽间与干湿分离双卫。,主要在陆家嘴/徐家汇CBD上班，首选地铁2/9号线沿线，通勤半小时内。,周末常去高端商圈消费，热衷打网球和马术，重度手冲咖啡及黑胶唱片发烧友。,夫妻双方积蓄 + 双方父母出资赞助首付 + 公积金商业组合贷款,非仁恒、绿城、万科等金牌开发商不买，极度看重高端精装质量与顶级物业的增值口碑。,常年本地稳定居住，工作日职住通勤动线规则单一。
上_2008_00579,上海,2008,金融精英,47,男,4.1,40.1,0.4,75.1,4,1,是,A,research,0.52,0.42,0.65,0.64,0.75,0.7,0.61,0.81,0.84,自住-首套,一室一厅,51,13046,商业银行支行信贷科长,三口之家(学龄段),西湖边高精平层,当前房屋属于旧多层无电梯房，父母年纪渐高每天爬楼梯极为吃力。,讲究超高得房率（超85%），主卧套房必须配备独立步入式衣帽间与干湿分离双卫。,主要在陆家嘴/徐家汇CBD上班，首选地铁2/9号线沿线，通勤半小时内。,周末常去高端商圈消费，热衷打网球和马术，重度手冲咖啡及黑胶唱片发烧友。,夫妻双方积蓄 + 双方父母出资赞助首付 + 公积金商业组合贷款,非仁恒、绿城、万科等金牌开发商不买，极度看重高端精装质量与顶级物业的增值口碑。,常年本地稳定居住，工作日职住通勤动线规则单一。
上_2008_00580,上海,2008,本地改善,50,女,1.9,20.5,0.45,34.2,4,2,否,B,agent,0.88,0.62,0.43,0.61,0.54,0.91,0.65,0.62,0.55,自住-改善,两室一厅,87,2251,国企车间技术主任,二胎黄金期中大户型,上海中环品质两居，车位及空间极其拥挤,小区无地下车库且人车不分流，小孩在楼下玩耍或者推婴儿车极为不安全。,讲究超高得房率（超85%），主卧套房必须配备独立步入式衣帽间与干湿分离双卫。,主要在陆家嘴/徐家汇CBD上班，首选地铁2/9号线沿线，通勤半小时内。,倡导轻户外，周末常带家人自驾野营或山系徒步，注重生活情调与手作咖啡。,名下持有一套旧两居，置换回款 65% + 个人理财储蓄补充 + 公积金商业贷,重性价比，不盲信大牌，但要求物业管理有序、绿化修剪及时、人防技防规范。,常年本地稳定居住，工作日职住通勤动线规则单一。
上_2008_00581,上海,2008,本地改善,53,女,1.8,14.0,0.45,23.4,4,2,是,B,agent,0.67,0.47,0.51,0.4,0.67,0.85,0.75,0.64,0.46,自住-改善,两室一厅,55,3346,区财政局科员,二胎黄金期中大户型,上海中环品质两居，车位及空间极其拥挤,小区无地下车库且人车不分流，小孩在楼下玩耍或者推婴儿车极为不安全。,讲究超高得房率（超85%），主卧套房必须配备独立步入式衣帽间与干湿分离双卫。,主要在陆家嘴/徐家汇CBD上班，首选地铁2/9号线沿线，通勤半小时内。,倡导轻户外，周末常带家人自驾野营或山系徒步，注重生活情调与手作咖啡。,名下持有一套旧两居，置换回款 65% + 个人理财储蓄补充 + 公积金商业贷,重性价比，不盲信大牌，但要求物业管理有序、绿化修剪及时、人防技防规范。,常年本地稳定居住，工作日职住通勤动线规则单一。
上_2008_00582,上海,2008,金融精英,42,男,4.5,26.0,0.4,48.8,3,1,是,A,research,0.66,0.4,0.62,0.71,0.83,0.81,0.75,0.74,0.87,自住-首套,一室一厅,79,5218,商业银行支行信贷科长,三口之家(学龄段),西湖边高精平层,当前房屋属于旧多层无电梯房，父母年纪渐高每天爬楼梯极为吃力。,要求独立电梯入户，主次卧动线分明，配备独立保姆房和私密后院。,主要在陆家嘴/徐家汇CBD上班，首选地铁2/9号线沿线，通勤半小时内。,周末常去高端商圈消费，热衷打网球和马术，重度手冲咖啡及黑胶唱片发烧友。,夫妻双方积蓄 + 双方父母出资赞助首付 + 公积金商业组合贷款,非仁恒、绿城、万科等金牌开发商不买，极度看重高端精装质量与顶级物业的增值口碑。,常年本地稳定居住，工作日职住通勤动线规则单一。
上_2008_00583,上海,2008,本地改善,56,男,1.3,11.3,0.45,18.8,4,2,否,B,agent,0.69,0.49,0.47,0.61,0.64,0.77,0.48,0.64,0.65,自住-改善,一室一厅,65,1451,国企车间技术主任,二胎黄金期中大户型,上海中环品质两居，车位及空间极其拥挤,小区无地下车库且人车不分流，小孩在楼下玩耍或者推婴儿车极为不安全。,讲究超高得房率（超85%），主卧套房必须配备独立步入式衣帽间与干湿分离双卫。,主要在陆家嘴/徐家汇CBD上班，首选地铁2/9号线沿线，通勤半小时内。,倡导轻户外，周末常带家人自驾野营或山系徒步，注重生活情调与手作咖啡。,名下持有一套旧两居，置换回款 65% + 个人理财储蓄补充 + 公积金商业贷,重性价比，不盲信大牌，但要求物业管理有序、绿化修剪及时、人防技防规范。,常年本地稳定居住，工作日职住通勤动线规则单一。
上_2008_00584,上海,2008,长三角家庭,50,男,3.0,26.1,0.45,43.5,4,2,是,B,agent,1,0.6,0.45,0.49,0.41,0.65,0.46,0.83,0.7,自住-改善,两室两厅,72,3379,区财政局科员,二胎黄金期中大户型,上海中环品质两居，车位及空间极其拥挤,小区无地下车库且人车不分流，小孩在楼下玩耍或者推婴儿车极为不安全。,核心要求地块属于第一梯队名校学区，且周边500米内解决幼小衔接教育配套。,主要在陆家嘴/徐家汇CBD上班，首选地铁2/9号线沿线，通勤半小时内。,倡导轻户外，周末常带家人自驾野营或山系徒步，注重生活情调与手作咖啡。,名下持有一套旧两居，置换回款 65% + 个人理财储蓄补充 + 公积金商业贷,重性价比，不盲信大牌，但要求物业管理有序、绿化修剪及时、人防技防规范。,常年本地稳定居住，工作日职住通勤动线规则单一。
上_2008_00585,上海,2008,教育型买房,43,男,3.9,34.9,0.4,65.4,3,1,是,B,social,1,0.57,0.43,0.44,0.54,0.77,0.44,1,0.52,学区房,两室两厅,90,4338,国企车间技术主任,三口之家(学龄段),上海中环品质两居，车位及空间极其拥挤,小区无地下车库且人车不分流，小孩在楼下玩耍或者推婴儿车极为不安全。,讲究超高得房率（超85%），主卧套房必须配备独立步入式衣帽间与干湿分离双卫。,主要在陆家嘴/徐家汇CBD上班，首选地铁2/9号线沿线，通勤半小时内。,倡导轻户外，周末常带家人自驾野营或山系徒步，注重生活情调与手作咖啡。,名下持有一套旧两居，置换回款 65% + 个人理财储蓄补充 + 公积金商业贷,重性价比，不盲信大牌，但要求物业管理有序、绿化修剪及时、人防技防规范。,常年本地稳定居住，工作日职住通勤动线规则单一。
上_2008_00586,上海,2008,金融精英,33,男,3.0,21.7,0.4,40.7,3,0,否,A,research,0.87,0.4,0.76,0.7,0.67,0.64,0.69,0.68,0.73,婚房,两室一厅,67,4878,申银万国证券分析员,新婚过渡两居,市中心私密洋房住宅,无高端私密会所及管家式物业配套，圈层鱼龙混杂，高净值居住体验差。,要求有超大面宽南向双阳台（观景家政分离），主卧大飘窗能270度直面自然景观。,主要在陆家嘴/徐家汇CBD上班，首选地铁2/9号线沿线，通勤半小时内。,周末常去高端商圈消费，热衷打网球和马术，重度手冲咖啡及黑胶唱片发烧友。,夫妻双方积蓄 + 双方父母出资赞助首付 + 公积金商业组合贷款,非仁恒、绿城、万科等金牌开发商不买，极度看重高端精装质量与顶级物业的增值口碑。,常年本地稳定居住，工作日职住通勤动线规则单一。
上_2008_00587,上海,2008,本地改善,43,女,3.9,34.5,0.45,57.5,5,2,否,B,agent,0.55,0.35,0.52,0.55,0.42,0.91,0.59,0.82,0.48,自住-改善,两室两厅,93,3382,市第二中学地理教师,二胎黄金期中大户型,上海中环品质两居，车位及空间极其拥挤,小区无地下车库且人车不分流，小孩在楼下玩耍或者推婴儿车极为不安全。,讲究超高得房率（超85%），主卧套房必须配备独立步入式衣帽间与干湿分离双卫。,主要在陆家嘴/徐家汇CBD上班，首选地铁2/9号线沿线，通勤半小时内。,倡导轻户外，周末常带家人自驾野营或山系徒步，注重生活情调与手作咖啡。,名下持有一套旧两居，置换回款 65% + 个人理财储蓄补充 + 公积金商业贷,重性价比，不盲信大牌，但要求物业管理有序、绿化修剪及时、人防技防规范。,常年本地稳定居住，工作日职住通勤动线规则单一。
上_2008_00588,上海,2008,本地改善,41,女,3.3,28.0,0.45,46.6,5,2,是,B,agent,1,0.48,0.43,0.59,0.47,0.86,0.58,0.74,0.69,自住-改善,两室一厅,68,4705,国企车间技术主任,二胎黄金期中大户型,上海中环品质两居，车位及空间极其拥挤,小区无地下车库且人车不分流，小孩在楼下玩耍或者推婴儿车极为不安全。,讲究超高得房率（超85%），主卧套房必须配备独立步入式衣帽间与干湿分离双卫。,主要在陆家嘴/徐家汇CBD上班，首选地铁2/9号线沿线，通勤半小时内。,倡导轻户外，周末常带家人自驾野营或山系徒步，注重生活情调与手作咖啡。,名下持有一套旧两居，置换回款 65% + 个人理财储蓄补充 + 公积金商业贷,重性价比，不盲信大牌，但要求物业管理有序、绿化修剪及时、人防技防规范。,常年本地稳定居住，工作日职住通勤动线规则单一。
上_2008_00589,上海,2008,金融精英,41,女,4.1,28.3,0.4,53.0,2,1,否,A,research,0.94,0.56,0.62,0.61,0.61,0.8,0.74,0.82,0.73,自住-首套,两室两厅,91,3094,老牌证券公司营业部经理,三口之家(学龄段),陆家嘴核心区江景大平层,无高端私密会所及管家式物业配套，圈层鱼龙混杂，高净值居住体验差。,讲究超高得房率（超85%），主卧套房必须配备独立步入式衣帽间与干湿分离双卫。,主要在陆家嘴/徐家汇CBD上班，首选地铁2/9号线沿线，通勤半小时内。,周末常去高端商圈消费，热衷打网球和马术，重度手冲咖啡及黑胶唱片发烧友。,夫妻双方积蓄 + 双方父母出资赞助首付 + 公积金商业组合贷款,非仁恒、绿城、万科等金牌开发商不买，极度看重高端精装质量与顶级物业的增值口碑。,常年本地稳定居住，工作日职住通勤动线规则单一。
上_2008_00590,上海,2008,本地改善,46,男,1.8,22.3,0.45,37.1,3,2,否,B,agent,0.78,0.57,0.48,0.52,0.39,0.98,0.61,0.62,0.68,自住-改善,一室一厅,72,3036,邮政局局长秘书,二胎黄金期中大户型,上海中环品质两居，车位及空间极其拥挤,小区无地下车库且人车不分流，小孩在楼下玩耍或者推婴儿车极为不安全。,讲究超高得房率（超85%），主卧套房必须配备独立步入式衣帽间与干湿分离双卫。,主要在陆家嘴/徐家汇CBD上班，首选地铁2/9号线沿线，通勤半小时内。,倡导轻户外，周末常带家人自驾野营或山系徒步，注重生活情调与手作咖啡。,名下持有一套旧两居，置换回款 65% + 个人理财储蓄补充 + 公积金商业贷,重性价比，不盲信大牌，但要求物业管理有序、绿化修剪及时、人防技防规范。,常年本地稳定居住，工作日职住通勤动线规则单一。
上_2008_00591,上海,2008,教育型买房,36,女,2.3,22.6,0.4,42.4,2,1,否,B,social,0.97,0.56,0.44,0.43,0.59,0.79,0.5,1,0.47,学区房,两室两厅,87,3592,国企车间技术主任,三口之家(幼龄段),上海中环品质两居，车位及空间极其拥挤,小区无地下车库且人车不分流，小孩在楼下玩耍或者推婴儿车极为不安全。,讲究超高得房率（超85%），主卧套房必须配备独立步入式衣帽间与干湿分离双卫。,主要在陆家嘴/徐家汇CBD上班，首选地铁2/9号线沿线，通勤半小时内。,倡导轻户外，周末常带家人自驾野营或山系徒步，注重生活情调与手作咖啡。,名下持有一套旧两居，置换回款 65% + 个人理财储蓄补充 + 公积金商业贷,重性价比，不盲信大牌，但要求物业管理有序、绿化修剪及时、人防技防规范。,常年本地稳定居住，工作日职住通勤动线规则单一。
上_2008_00592,上海,2008,外籍海归,33,男,3.8,18.9,0.4,35.4,3,1,否,A,social,0.6,0.39,0.56,0.64,0.84,0.7,0.52,0.83,0.8,婚房,两室一厅,84,3021,合资日化企业技术主管,三口之家(幼龄段),西湖边高精平层,无高端私密会所及管家式物业配套，圈层鱼龙混杂，高净值居住体验差。,核心要求地块属于第一梯队名校学区，且周边500米内解决幼小衔接教育配套。,主要在陆家嘴/徐家汇CBD上班，首选地铁2/9号线沿线，通勤半小时内。,周末常去高端商圈消费，热衷打网球和马术，重度手冲咖啡及黑胶唱片发烧友。,夫妻双方积蓄 + 双方父母出资赞助首付 + 公积金商业组合贷款,非仁恒、绿城、万科等金牌开发商不买，极度看重高端精装质量与顶级物业的增值口碑。,常年本地稳定居住，工作日职住通勤动线规则单一。
上_2008_00593,上海,2008,金融精英,42,男,6.9,38.9,0.4,73.0,2,1,否,A,research,0.76,0.32,0.56,0.47,0.77,0.74,0.66,0.86,0.83,自住-首套,两室两厅,76,5203,申银万国证券分析员,三口之家(学龄段),西湖边高精平层,无高端私密会所及管家式物业配套，圈层鱼龙混杂，高净值居住体验差。,讲究超高得房率（超85%），主卧套房必须配备独立步入式衣帽间与干湿分离双卫。,主要在陆家嘴/徐家汇CBD上班，首选地铁2/9号线沿线，通勤半小时内。,周末常去高端商圈消费，热衷打网球和马术，重度手冲咖啡及黑胶唱片发烧友。,夫妻双方积蓄 + 双方父母出资赞助首付 + 公积金商业组合贷款,非仁恒、绿城、万科等金牌开发商不买，极度看重高端精装质量与顶级物业的增值口碑。,常年本地稳定居住，工作日职住通勤动线规则单一。
上_2008_00594,上海,2008,本地改善,50,女,3.6,40.7,0.45,67.9,4,2,否,B,agent,0.91,0.46,0.61,0.62,0.68,0.82,0.55,0.75,0.7,自住-改善,两室一厅,55,7235,国企车间技术主任,二胎黄金期中大户型,上海中环品质两居，车位及空间极其拥挤,小区无地下车库且人车不分流，小孩在楼下玩耍或者推婴儿车极为不安全。,讲究超高得房率（超85%），主卧套房必须配备独立步入式衣帽间与干湿分离双卫。,主要在陆家嘴/徐家汇CBD上班，首选地铁2/9号线沿线，通勤半小时内。,倡导轻户外，周末常带家人自驾野营或山系徒步，注重生活情调与手作咖啡。,名下持有一套旧两居，置换回款 65% + 个人理财储蓄补充 + 公积金商业贷,非仁恒、绿城、万科等金牌开发商不买，极度看重高端精装质量与顶级物业的增值口碑。,常年本地稳定居住，工作日职住通勤动线规则单一。
上_2008_00595,上海,2008,外籍海归,42,男,4.0,26.4,0.4,49.5,3,2,否,A,social,0.72,0.44,0.59,0.39,0.76,0.7,0.58,1,0.85,自住-改善,一室一厅,100,3009,合资日化企业技术主管,二胎黄金期中大户型,西湖边高精平层,无高端私密会所及管家式物业配套，圈层鱼龙混杂，高净值居住体验差。,讲究超高得房率（超85%），主卧套房必须配备独立步入式衣帽间与干湿分离双卫。,主要在陆家嘴/徐家汇CBD上班，首选地铁2/9号线沿线，通勤半小时内。,周末常去高端商圈消费，热衷打网球和马术，重度手冲咖啡及黑胶唱片发烧友。,名下已有企业股权套现或分红现金，一次性全款付清，基本不加杠杆,非仁恒、绿城、万科等金牌开发商不买，极度看重高端精装质量与顶级物业的增值口碑。,常年本地稳定居住，工作日职住通勤动线规则单一。
上_2008_00596,上海,2008,金融精英,33,男,3.2,24.8,0.4,46.4,2,1,是,A,research,0.58,0.44,0.76,0.72,0.8,0.65,0.73,0.65,0.84,婚房,一室一厅,98,4035,商业银行支行信贷科长,三口之家(幼龄段),西湖边高精平层,当前房屋属于旧多层无电梯房，父母年纪渐高每天爬楼梯极为吃力。,要求独立电梯入户，主次卧动线分明，配备独立保姆房和私密后院。,主要在陆家嘴/徐家汇CBD上班，首选地铁2/9号线沿线，通勤半小时内。,周末常去高端商圈消费，热衷打网球和马术，重度手冲咖啡及黑胶唱片发烧友。,夫妻双方积蓄 + 双方父母出资赞助首付 + 公积金商业组合贷款,非仁恒、绿城、万科等金牌开发商不买，极度看重高端精装质量与顶级物业的增值口碑。,常年本地稳定居住，工作日职住通勤动线规则单一。
上_2008_00597,上海,2008,教育型买房,36,男,1.3,8.7,0.4,16.3,4,1,否,B,social,0.89,0.33,0.58,0.51,0.65,0.73,0.55,0.85,0.65,学区房,两室两厅,74,1878,市第二中学地理教师,三口之家(幼龄段),上海中环品质两居，车位及空间极其拥挤,小区无地下车库且人车不分流，小孩在楼下玩耍或者推婴儿车极为不安全。,讲究超高得房率（超85%），主卧套房必须配备独立步入式衣帽间与干湿分离双卫。,主要在陆家嘴/徐家汇CBD上班，首选地铁2/9号线沿线，通勤半小时内。,倡导轻户外，周末常带家人自驾野营或山系徒步，注重生活情调与手作咖啡。,名下持有一套旧两居，置换回款 65% + 个人理财储蓄补充 + 公积金商业贷,重性价比，不盲信大牌，但要求物业管理有序、绿化修剪及时、人防技防规范。,常年本地稳定居住，工作日职住通勤动线规则单一。
上_2008_00598,上海,2008,长三角家庭,55,女,3.4,18.6,0.45,30.9,4,2,是,B,agent,0.69,0.58,0.43,0.5,0.58,0.91,0.37,0.58,0.59,自住-改善,两室两厅,82,2947,市第二中学地理教师,二胎黄金期中大户型,上海中环品质两居，车位及空间极其拥挤,小区无地下车库且人车不分流，小孩在楼下玩耍或者推婴儿车极为不安全。,讲究超高得房率（超85%），主卧套房必须配备独立步入式衣帽间与干湿分离双卫。,主要在陆家嘴/徐家汇CBD上班，首选地铁2/9号线沿线，通勤半小时内。,倡导轻户外，周末常带家人自驾野营或山系徒步，注重生活情调与手作咖啡。,名下持有一套旧两居，置换回款 65% + 个人理财储蓄补充 + 公积金商业贷,重性价比，不盲信大牌，但要求物业管理有序、绿化修剪及时、人防技防规范。,常年本地稳定居住，工作日职住通勤动线规则单一。
上_2008_00599,上海,2008,本地改善,51,男,2.0,24.1,0.45,40.2,5,2,是,B,agent,0.67,0.36,0.6,0.58,0.62,0.93,0.63,0.79,0.74,自住-改善,两室两厅,98,3453,邮政局局长秘书,二胎黄金期中大户型,上海中环品质两居，车位及空间极其拥挤,小区无地下车库且人车不分流，小孩在楼下玩耍或者推婴儿车极为不安全。,讲究超高得房率（超85%），主卧套房必须配备独立步入式衣帽间与干湿分离双卫。,主要在陆家嘴/徐家汇CBD上班，首选地铁2/9号线沿线，通勤半小时内。,倡导轻户外，周末常带家人自驾野营或山系徒步，注重生活情调与手作咖啡。,名下持有一套旧两居，置换回款 65% + 个人理财储蓄补充 + 公积金商业贷,非仁恒、绿城、万科等金牌开发商不买，极度看重高端精装质量与顶级物业的增值口碑。,常年本地稳定居住，工作日职住通勤动线规则单一。
上_2008_00600,上海,2008,教育型买房,44,女,3.6,30.5,0.4,57.2,3,1,否,B,social,0.84,0.57,0.46,0.43,0.63,0.74,0.61,1,0.61,学区房,两室一厅,85,4753,市第二中学地理教师,三口之家(学龄段),上海中环品质两居，车位及空间极其拥挤,小区无地下车库且人车不分流，小孩在楼下玩耍或者推婴儿车极为不安全。,讲究超高得房率（超85%），主卧套房必须配备独立步入式衣帽间与干湿分离双卫。,主要在陆家嘴/徐家汇CBD上班，首选地铁2/9号线沿线，通勤半小时内。,倡导轻户外，周末常带家人自驾野营或山系徒步，注重生活情调与手作咖啡。,名下持有一套旧两居，置换回款 65% + 个人理财储蓄补充 + 公积金商业贷,重性价比，不盲信大牌，但要求物业管理有序、绿化修剪及时、人防技防规范。,常年本地稳定居住，工作日职住通勤动线规则单一。
上_2008_00601,上海,2008,教育型买房,46,男,1.7,14.6,0.4,27.4,3,0,否,B,social,0.85,0.4,0.41,0.47,0.64,0.66,0.54,1,0.67,学区房,两室两厅,97,2485,邮政局局长秘书,成熟期核心家庭,上海中环品质两居，车位及空间极其拥挤,老小区隔音差，邻里滋扰严重，且车位严重匮乏，每晚加班回来抢车位像打仗。,核心要求地块属于第一梯队名校学区，且周边500米内解决幼小衔接教育配套。,主要在陆家嘴/徐家汇CBD上班，首选地铁2/9号线沿线，通勤半小时内。,倡导轻户外，周末常带家人自驾野营或山系徒步，注重生活情调与手作咖啡。,名下持有一套旧两居，置换回款 65% + 个人理财储蓄补充 + 公积金商业贷,重性价比，不盲信大牌，但要求物业管理有序、绿化修剪及时、人防技防规范。,常年本地稳定居住，工作日职住通勤动线规则单一。
上_2008_00602,上海,2008,本地改善,55,男,1.7,13.8,0.45,23.0,5,1,否,B,agent,0.77,0.49,0.57,0.4,0.59,0.88,0.53,0.67,0.53,自住-改善,一室一厅,100,1880,市第二中学地理教师,三口之家(学龄段),上海中环品质两居，车位及空间极其拥挤,小区无地下车库且人车不分流，小孩在楼下玩耍或者推婴儿车极为不安全。,讲究超高得房率（超85%），主卧套房必须配备独立步入式衣帽间与干湿分离双卫。,主要在陆家嘴/徐家汇CBD上班，首选地铁2/9号线沿线，通勤半小时内。,倡导轻户外，周末常带家人自驾野营或山系徒步，注重生活情调与手作咖啡。,名下持有一套旧两居，置换回款 65% + 个人理财储蓄补充 + 公积金商业贷,重性价比，不盲信大牌，但要求物业管理有序、绿化修剪及时、人防技防规范。,常年本地稳定居住，工作日职住通勤动线规则单一。
上_2008_00603,上海,2008,教育型买房,36,男,1.2,11.4,0.4,21.3,3,1,否,B,social,0.93,0.49,0.37,0.45,0.69,0.65,0.56,0.93,0.59,学区房,两室两厅,64,2951,区财政局科员,三口之家(幼龄段),上海中环品质两居，车位及空间极其拥挤,小区无地下车库且人车不分流，小孩在楼下玩耍或者推婴儿车极为不安全。,核心要求地块属于第一梯队名校学区，且周边500米内解决幼小衔接教育配套。,主要在陆家嘴/徐家汇CBD上班，首选地铁2/9号线沿线，通勤半小时内。,倡导轻户外，周末常带家人自驾野营或山系徒步，注重生活情调与手作咖啡。,名下持有一套旧两居，置换回款 65% + 个人理财储蓄补充 + 公积金商业贷,重性价比，不盲信大牌，但要求物业管理有序、绿化修剪及时、人防技防规范。,常年本地稳定居住，工作日职住通勤动线规则单一。
上_2008_00604,上海,2008,本地改善,42,男,2.6,18.5,0.45,30.9,3,2,否,B,agent,0.89,0.52,0.39,0.42,0.62,0.84,0.57,0.76,0.46,自住-改善,两室两厅,95,2789,市第二中学地理教师,二胎黄金期中大户型,上海中环品质两居，车位及空间极其拥挤,小区无地下车库且人车不分流，小孩在楼下玩耍或者推婴儿车极为不安全。,讲究超高得房率（超85%），主卧套房必须配备独立步入式衣帽间与干湿分离双卫。,主要在陆家嘴/徐家汇CBD上班，首选地铁2/9号线沿线，通勤半小时内。,倡导轻户外，周末常带家人自驾野营或山系徒步，注重生活情调与手作咖啡。,名下持有一套旧两居，置换回款 65% + 个人理财储蓄补充 + 公积金商业贷,重性价比，不盲信大牌，但要求物业管理有序、绿化修剪及时、人防技防规范。,常年本地稳定居住，工作日职住通勤动线规则单一。
上_2008_00605,上海,2008,金融精英,39,男,7.4,53.1,0.4,99.5,3,1,是,A,research,0.58,0.54,0.65,0.62,0.71,0.83,0.75,0.85,0.87,自住-改善,两室一厅,63,11586,老牌证券公司营业部经理,三口之家(学龄段),西湖边高精平层,当前房屋属于旧多层无电梯房，父母年纪渐高每天爬楼梯极为吃力。,讲究超高得房率（超85%），主卧套房必须配备独立步入式衣帽间与干湿分离双卫。,主要在陆家嘴/徐家汇CBD上班，首选地铁2/9号线沿线，通勤半小时内。,周末常去高端商圈消费，热衷打网球和马术，重度手冲咖啡及黑胶唱片发烧友。,名下已有企业股权套现或分红现金，一次性全款付清，基本不加杠杆,非仁恒、绿城、万科等金牌开发商不买，极度看重高端精装质量与顶级物业的增值口碑。,常年本地稳定居住，工作日职住通勤动线规则单一。
上_2008_00606,上海,2008,长三角家庭,40,女,2.5,14.6,0.45,24.4,4,2,是,B,agent,0.7,0.57,0.41,0.67,0.54,0.85,0.42,0.77,0.67,自住-首套,两室一厅,60,3617,国企车间技术主任,二胎黄金期中大户型,上海中环品质两居，车位及空间极其拥挤,小区无地下车库且人车不分流，小孩在楼下玩耍或者推婴儿车极为不安全。,讲究超高得房率（超85%），主卧套房必须配备独立步入式衣帽间与干湿分离双卫。,主要在陆家嘴/徐家汇CBD上班，首选地铁2/9号线沿线，通勤半小时内。,倡导轻户外，周末常带家人自驾野营或山系徒步，注重生活情调与手作咖啡。,夫妻双方积蓄 + 双方父母出资赞助首付 + 公积金商业组合贷款,重性价比，不盲信大牌，但要求物业管理有序、绿化修剪及时、人防技防规范。,常年本地稳定居住，工作日职住通勤动线规则单一。
上_2008_00607,上海,2008,本地改善,57,男,1.1,11.8,0.45,19.6,5,1,否,B,agent,0.79,0.36,0.73,0.51,0.66,0.98,0.68,0.78,0.63,自住-改善,一室一厅,71,1684,市第二中学地理教师,三口之家(学龄段),上海中环品质两居，车位及空间极其拥挤,小区无地下车库且人车不分流，小孩在楼下玩耍或者推婴儿车极为不安全。,要求有超大面宽南向双阳台（观景家政分离），主卧大飘窗能270度直面自然景观。,主要在陆家嘴/徐家汇CBD上班，首选地铁2/9号线沿线，通勤半小时内。,倡导轻户外，周末常带家人自驾野营或山系徒步，注重生活情调与手作咖啡。,名下持有一套旧两居，置换回款 65% + 个人理财储蓄补充 + 公积金商业贷,重性价比，不盲信大牌，但要求物业管理有序、绿化修剪及时、人防技防规范。,常年本地稳定居住，工作日职住通勤动线规则单一。
上_2008_00608,上海,2008,本地改善,52,男,1.2,13.7,0.45,22.8,4,1,是,B,agent,0.77,0.58,0.61,0.46,0.44,0.82,0.67,0.68,0.52,自住-改善,一室一厅,84,1911,国企车间技术主任,三口之家(学龄段),上海中环品质两居，车位及空间极其拥挤,小区无地下车库且人车不分流，小孩在楼下玩耍或者推婴儿车极为不安全。,讲究超高得房率（超85%），主卧套房必须配备独立步入式衣帽间与干湿分离双卫。,主要在陆家嘴/徐家汇CBD上班，首选地铁2/9号线沿线，通勤半小时内。,倡导轻户外，周末常带家人自驾野营或山系徒步，注重生活情调与手作咖啡。,名下持有一套旧两居，置换回款 65% + 个人理财储蓄补充 + 公积金商业贷,重性价比，不盲信大牌，但要求物业管理有序、绿化修剪及时、人防技防规范。,常年本地稳定居住，工作日职住通勤动线规则单一。
上_2008_00609,上海,2008,教育型买房,42,男,3.4,33.0,0.4,61.9,4,1,否,B,social,0.95,0.47,0.47,0.32,0.52,0.64,0.65,0.98,0.64,学区房,两室两厅,83,4106,区财政局科员,三口之家(学龄段),上海中环品质两居，车位及空间极其拥挤,小区无地下车库且人车不分流，小孩在楼下玩耍或者推婴儿车极为不安全。,核心要求地块属于第一梯队名校学区，且周边500米内解决幼小衔接教育配套。,主要在陆家嘴/徐家汇CBD上班，首选地铁2/9号线沿线，通勤半小时内。,倡导轻户外，周末常带家人自驾野营或山系徒步，注重生活情调与手作咖啡。,名下持有一套旧两居，置换回款 65% + 个人理财储蓄补充 + 公积金商业贷,重性价比，不盲信大牌，但要求物业管理有序、绿化修剪及时、人防技防规范。,常年本地稳定居住，工作日职住通勤动线规则单一。
上_2008_00610,上海,2008,教育型买房,33,男,3.0,18.1,0.4,33.9,3,2,否,B,social,0.76,0.58,0.49,0.26,0.6,0.7,0.63,1,0.66,学区房,两室一厅,69,3747,市第二中学地理教师,二胎黄金期中大户型,上海中环品质两居，车位及空间极其拥挤,小区无地下车库且人车不分流，小孩在楼下玩耍或者推婴儿车极为不安全。,核心要求地块属于第一梯队名校学区，且周边500米内解决幼小衔接教育配套。,主要在陆家嘴/徐家汇CBD上班，首选地铁2/9号线沿线，通勤半小时内。,倡导轻户外，周末常带家人自驾野营或山系徒步，注重生活情调与手作咖啡。,名下持有一套旧两居，置换回款 65% + 个人理财储蓄补充 + 公积金商业贷,重性价比，不盲信大牌，但要求物业管理有序、绿化修剪及时、人防技防规范。,常年本地稳定居住，工作日职住通勤动线规则单一。
上_2008_00611,上海,2008,长三角家庭,41,男,2.8,24.3,0.45,40.6,5,2,是,B,agent,0.6,0.61,0.68,0.45,0.57,0.9,0.6,0.43,0.7,自住-首套,一室一厅,52,4203,邮政局局长秘书,二胎黄金期中大户型,上海中环品质两居，车位及空间极其拥挤,小区无地下车库且人车不分流，小孩在楼下玩耍或者推婴儿车极为不安全。,讲究超高得房率（超85%），主卧套房必须配备独立步入式衣帽间与干湿分离双卫。,主要在陆家嘴/徐家汇CBD上班，首选地铁2/9号线沿线，通勤半小时内。,倡导轻户外，周末常带家人自驾野营或山系徒步，注重生活情调与手作咖啡。,夫妻双方积蓄 + 双方父母出资赞助首付 + 公积金商业组合贷款,非仁恒、绿城、万科等金牌开发商不买，极度看重高端精装质量与顶级物业的增值口碑。,常年本地稳定居住，工作日职住通勤动线规则单一。
上_2008_00612,上海,2008,金融精英,48,男,3.4,28.1,0.4,52.7,3,1,否,A,research,0.87,0.5,0.46,0.74,0.8,0.77,0.66,0.78,0.75,自住-改善,两室两厅,69,4586,老牌证券公司营业部经理,三口之家(学龄段),市中心私密洋房住宅,无高端私密会所及管家式物业配套，圈层鱼龙混杂，高净值居住体验差。,要求独立电梯入户，主次卧动线分明，配备独立保姆房和私密后院。,主要在陆家嘴/徐家汇CBD上班，首选地铁2/9号线沿线，通勤半小时内。,周末常去高端商圈消费，热衷打网球和马术，重度手冲咖啡及黑胶唱片发烧友。,名下已有企业股权套现或分红现金，一次性全款付清，基本不加杠杆,非仁恒、绿城、万科等金牌开发商不买，极度看重高端精装质量与顶级物业的增值口碑。,常年本地稳定居住，工作日职住通勤动线规则单一。
上_2008_00613,上海,2008,长三角家庭,38,女,1.6,9.7,0.45,16.2,4,2,是,B,agent,0.85,0.6,0.62,0.56,0.61,0.83,0.34,0.72,0.7,自住-首套,两室一厅,82,1023,区财政局科员,二胎黄金期中大户型,上海中环品质两居，车位及空间极其拥挤,小区无地下车库且人车不分流，小孩在楼下玩耍或者推婴儿车极为不安全。,讲究超高得房率（超85%），主卧套房必须配备独立步入式衣帽间与干湿分离双卫。,主要在陆家嘴/徐家汇CBD上班，首选地铁2/9号线沿线，通勤半小时内。,倡导轻户外，周末常带家人自驾野营或山系徒步，注重生活情调与手作咖啡。,夫妻双方积蓄 + 双方父母出资赞助首付 + 公积金商业组合贷款,非仁恒、绿城、万科等金牌开发商不买，极度看重高端精装质量与顶级物业的增值口碑。,常年本地稳定居住，工作日职住通勤动线规则单一。
上_2008_00614,上海,2008,本地改善,58,女,1.4,16.3,0.45,27.2,5,2,否,B,agent,0.75,0.57,0.66,0.51,0.46,0.79,0.64,0.68,0.69,自住-改善,两室两厅,90,2243,国企车间技术主任,二胎黄金期中大户型,上海中环品质两居，车位及空间极其拥挤,小区无地下车库且人车不分流，小孩在楼下玩耍或者推婴儿车极为不安全。,讲究超高得房率（超85%），主卧套房必须配备独立步入式衣帽间与干湿分离双卫。,主要在陆家嘴/徐家汇CBD上班，首选地铁2/9号线沿线，通勤半小时内。,倡导轻户外，周末常带家人自驾野营或山系徒步，注重生活情调与手作咖啡。,名下持有一套旧两居，置换回款 65% + 个人理财储蓄补充 + 公积金商业贷,重性价比，不盲信大牌，但要求物业管理有序、绿化修剪及时、人防技防规范。,常年本地稳定居住，工作日职住通勤动线规则单一。
上_2008_00615,上海,2008,本地改善,43,女,1.2,8.9,0.45,14.8,5,2,是,B,agent,0.85,0.55,0.54,0.49,0.49,0.66,0.57,0.69,0.51,自住-改善,两室两厅,80,957,国企车间技术主任,二胎黄金期中大户型,上海中环品质两居，车位及空间极其拥挤,小区无地下车库且人车不分流，小孩在楼下玩耍或者推婴儿车极为不安全。,要求采光通透，全明户型，带多功能嵌入式收纳墙以最大化空间利用。,主要在陆家嘴/徐家汇CBD上班，首选地铁2/9号线沿线，通勤半小时内。,倡导轻户外，周末常带家人自驾野营或山系徒步，注重生活情调与手作咖啡。,名下持有一套旧两居，置换回款 65% + 个人理财储蓄补充 + 公积金商业贷,重性价比，不盲信大牌，但要求物业管理有序、绿化修剪及时、人防技防规范。,常年本地稳定居住，工作日职住通勤动线规则单一。
上_2008_00616,上海,2008,本地改善,52,男,3.0,34.9,0.45,58.1,4,2,否,B,agent,0.69,0.63,0.57,0.53,0.59,0.81,0.54,0.8,0.56,自住-改善,两室一厅,61,5335,国企车间技术主任,二胎黄金期中大户型,上海中环品质两居，车位及空间极其拥挤,小区无地下车库且人车不分流，小孩在楼下玩耍或者推婴儿车极为不安全。,讲究超高得房率（超85%），主卧套房必须配备独立步入式衣帽间与干湿分离双卫。,主要在陆家嘴/徐家汇CBD上班，首选地铁2/9号线沿线，通勤半小时内。,倡导轻户外，周末常带家人自驾野营或山系徒步，注重生活情调与手作咖啡。,名下持有一套旧两居，置换回款 65% + 个人理财储蓄补充 + 公积金商业贷,重性价比，不盲信大牌，但要求物业管理有序、绿化修剪及时、人防技防规范。,常年本地稳定居住，工作日职住通勤动线规则单一。
上_2008_00617,上海,2008,金融精英,37,男,3.5,33.6,0.4,62.9,2,1,否,A,research,0.69,0.45,0.53,0.67,0.71,0.76,0.56,0.9,0.81,自住-改善,两室一厅,74,6739,商业银行支行信贷科长,三口之家(幼龄段),市中心私密洋房住宅,无高端私密会所及管家式物业配套，圈层鱼龙混杂，高净值居住体验差。,讲究超高得房率（超85%），主卧套房必须配备独立步入式衣帽间与干湿分离双卫。,主要在陆家嘴/徐家汇CBD上班，首选地铁2/9号线沿线，通勤半小时内。,周末常去高端商圈消费，热衷打网球和马术，重度手冲咖啡及黑胶唱片发烧友。,名下已有企业股权套现或分红现金，一次性全款付清，基本不加杠杆,非仁恒、绿城、万科等金牌开发商不买，极度看重高端精装质量与顶级物业的增值口碑。,常年本地稳定居住，工作日职住通勤动线规则单一。
上_2008_00618,上海,2008,金融精英,45,男,1.6,13.8,0.4,25.9,3,1,否,A,research,0.63,0.43,0.68,0.68,0.65,0.62,0.77,0.86,0.83,自住-首套,一室一厅,62,2487,商业银行支行信贷科长,三口之家(学龄段),陆家嘴核心区江景大平层,无高端私密会所及管家式物业配套，圈层鱼龙混杂，高净值居住体验差。,核心要求地块属于第一梯队名校学区，且周边500米内解决幼小衔接教育配套。,主要在陆家嘴/徐家汇CBD上班，首选地铁2/9号线沿线，通勤半小时内。,周末常去高端商圈消费，热衷打网球和马术，重度手冲咖啡及黑胶唱片发烧友。,夫妻双方积蓄 + 双方父母出资赞助首付 + 公积金商业组合贷款,非仁恒、绿城、万科等金牌开发商不买，极度看重高端精装质量与顶级物业的增值口碑。,常年本地稳定居住，工作日职住通勤动线规则单一。
上_2008_00619,上海,2008,外籍海归,41,男,5.6,39.7,0.4,74.5,2,2,否,A,social,0.77,0.44,0.6,0.46,0.8,0.8,0.62,0.79,0.65,自住-首套,两室两厅,77,6216,合资日化企业技术主管,二胎黄金期中大户型,陆家嘴核心区江景大平层,无高端私密会所及管家式物业配套，圈层鱼龙混杂，高净值居住体验差。,讲究超高得房率（超85%），主卧套房必须配备独立步入式衣帽间与干湿分离双卫。,主要在陆家嘴/徐家汇CBD上班，首选地铁2/9号线沿线，通勤半小时内。,周末常去高端商圈消费，热衷打网球和马术，重度手冲咖啡及黑胶唱片发烧友。,夫妻双方积蓄 + 双方父母出资赞助首付 + 公积金商业组合贷款,重性价比，不盲信大牌，但要求物业管理有序、绿化修剪及时、人防技防规范。,常年本地稳定居住，工作日职住通勤动线规则单一。
上_2008_00620,上海,2008,金融精英,34,女,5.3,47.0,0.4,88.2,3,1,否,A,research,0.71,0.26,0.42,0.61,0.65,0.77,0.92,0.79,0.83,自住-首套,一室一厅,53,12709,老牌证券公司营业部经理,三口之家(幼龄段),西湖边高精平层,无高端私密会所及管家式物业配套，圈层鱼龙混杂，高净值居住体验差。,讲究超高得房率（超85%），主卧套房必须配备独立步入式衣帽间与干湿分离双卫。,主要在陆家嘴/徐家汇CBD上班，首选地铁2/9号线沿线，通勤半小时内。,周末常去高端商圈消费，热衷打网球和马术，重度手冲咖啡及黑胶唱片发烧友。,夫妻双方积蓄 + 双方父母出资赞助首付 + 公积金商业组合贷款,非仁恒、绿城、万科等金牌开发商不买，极度看重高端精装质量与顶级物业的增值口碑。,常年本地稳定居住，工作日职住通勤动线规则单一。
上_2008_00621,上海,2008,教育型买房,46,女,3.5,29.6,0.4,55.4,4,2,否,B,social,0.51,0.56,0.47,0.52,0.61,0.77,0.63,0.92,0.57,学区房,两室一厅,64,5111,邮政局局长秘书,二胎黄金期中大户型,上海中环品质两居，车位及空间极其拥挤,小区无地下车库且人车不分流，小孩在楼下玩耍或者推婴儿车极为不安全。,讲究超高得房率（超85%），主卧套房必须配备独立步入式衣帽间与干湿分离双卫。,主要在陆家嘴/徐家汇CBD上班，首选地铁2/9号线沿线，通勤半小时内。,倡导轻户外，周末常带家人自驾野营或山系徒步，注重生活情调与手作咖啡。,名下持有一套旧两居，置换回款 65% + 个人理财储蓄补充 + 公积金商业贷,重性价比，不盲信大牌，但要求物业管理有序、绿化修剪及时、人防技防规范。,常年本地稳定居住，工作日职住通勤动线规则单一。
上_2008_00622,上海,2008,金融精英,36,女,4.5,42.3,0.4,79.2,3,0,否,A,research,0.77,0.53,0.54,0.48,0.64,0.78,0.84,0.87,0.81,自住-改善,两室一厅,86,5555,申银万国证券分析员,成熟期核心家庭,市中心私密洋房住宅,无高端私密会所及管家式物业配套，圈层鱼龙混杂，高净值居住体验差。,讲究超高得房率（超85%），主卧套房必须配备独立步入式衣帽间与干湿分离双卫。,主要在陆家嘴/徐家汇CBD上班，首选地铁2/9号线沿线，通勤半小时内。,周末常去高端商圈消费，热衷打网球和马术，重度手冲咖啡及黑胶唱片发烧友。,名下已有企业股权套现或分红现金，一次性全款付清，基本不加杠杆,非仁恒、绿城、万科等金牌开发商不买，极度看重高端精装质量与顶级物业的增值口碑。,常年本地稳定居住，工作日职住通勤动线规则单一。
上_2008_00623,上海,2008,教育型买房,48,男,3.2,29.4,0.4,55.1,3,1,是,B,social,0.9,0.57,0.37,0.35,0.63,0.76,0.77,0.97,0.42,学区房,两室两厅,61,7055,区财政局科员,三口之家(学龄段),上海中环品质两居，车位及空间极其拥挤,小区无地下车库且人车不分流，小孩在楼下玩耍或者推婴儿车极为不安全。,讲究超高得房率（超85%），主卧套房必须配备独立步入式衣帽间与干湿分离双卫。,主要在陆家嘴/徐家汇CBD上班，首选地铁2/9号线沿线，通勤半小时内。,倡导轻户外，周末常带家人自驾野营或山系徒步，注重生活情调与手作咖啡。,名下持有一套旧两居，置换回款 65% + 个人理财储蓄补充 + 公积金商业贷,重性价比，不盲信大牌，但要求物业管理有序、绿化修剪及时、人防技防规范。,常年本地稳定居住，工作日职住通勤动线规则单一。
上_2008_00624,上海,2008,教育型买房,44,女,2.1,19.5,0.4,36.6,2,1,否,B,social,0.76,0.49,0.32,0.21,0.58,0.59,0.56,1,0.53,学区房,一室一厅,86,3633,国企车间技术主任,三口之家(学龄段),上海中环品质两居，车位及空间极其拥挤,小区无地下车库且人车不分流，小孩在楼下玩耍或者推婴儿车极为不安全。,核心要求地块属于第一梯队名校学区，且周边500米内解决幼小衔接教育配套。,主要在陆家嘴/徐家汇CBD上班，首选地铁2/9号线沿线，通勤半小时内。,倡导轻户外，周末常带家人自驾野营或山系徒步，注重生活情调与手作咖啡。,名下持有一套旧两居，置换回款 65% + 个人理财储蓄补充 + 公积金商业贷,重性价比，不盲信大牌，但要求物业管理有序、绿化修剪及时、人防技防规范。,常年本地稳定居住，工作日职住通勤动线规则单一。
上_2008_00625,上海,2008,本地改善,53,男,2.7,33.9,0.45,56.5,3,1,是,B,agent,0.72,0.67,0.59,0.41,0.67,0.88,0.52,0.57,0.53,自住-改善,两室两厅,60,7463,邮政局局长秘书,三口之家(学龄段),上海中环品质两居，车位及空间极其拥挤,小区无地下车库且人车不分流，小孩在楼下玩耍或者推婴儿车极为不安全。,讲究超高得房率（超85%），主卧套房必须配备独立步入式衣帽间与干湿分离双卫。,主要在陆家嘴/徐家汇CBD上班，首选地铁2/9号线沿线，通勤半小时内。,倡导轻户外，周末常带家人自驾野营或山系徒步，注重生活情调与手作咖啡。,名下持有一套旧两居，置换回款 65% + 个人理财储蓄补充 + 公积金商业贷,重性价比，不盲信大牌，但要求物业管理有序、绿化修剪及时、人防技防规范。,常年本地稳定居住，工作日职住通勤动线规则单一。
上_2008_00626,上海,2008,本地改善,50,男,1.5,13.7,0.45,22.8,5,3,是,B,agent,0.96,0.58,0.56,0.38,0.6,0.92,0.62,0.65,0.64,自住-改善,一室一厅,81,1718,区财政局科员,二胎黄金期中大户型,上海中环品质两居，车位及空间极其拥挤,小区无地下车库且人车不分流，小孩在楼下玩耍或者推婴儿车极为不安全。,讲究超高得房率（超85%），主卧套房必须配备独立步入式衣帽间与干湿分离双卫。,主要在陆家嘴/徐家汇CBD上班，首选地铁2/9号线沿线，通勤半小时内。,倡导轻户外，周末常带家人自驾野营或山系徒步，注重生活情调与手作咖啡。,名下持有一套旧两居，置换回款 65% + 个人理财储蓄补充 + 公积金商业贷,重性价比，不盲信大牌，但要求物业管理有序、绿化修剪及时、人防技防规范。,常年本地稳定居住，工作日职住通勤动线规则单一。
上_2008_00627,上海,2008,本地改善,43,女,1.7,12.8,0.45,21.4,4,2,否,B,agent,0.77,0.52,0.55,0.54,0.58,0.79,0.62,0.6,0.57,自住-改善,两室一厅,51,2316,市第二中学地理教师,二胎黄金期中大户型,上海中环品质两居，车位及空间极其拥挤,小区无地下车库且人车不分流，小孩在楼下玩耍或者推婴儿车极为不安全。,讲究超高得房率（超85%），主卧套房必须配备独立步入式衣帽间与干湿分离双卫。,主要在陆家嘴/徐家汇CBD上班，首选地铁2/9号线沿线，通勤半小时内。,倡导轻户外，周末常带家人自驾野营或山系徒步，注重生活情调与手作咖啡。,名下持有一套旧两居，置换回款 65% + 个人理财储蓄补充 + 公积金商业贷,重性价比，不盲信大牌，但要求物业管理有序、绿化修剪及时、人防技防规范。,常年本地稳定居住，工作日职住通勤动线规则单一。
上_2008_00628,上海,2008,长三角家庭,47,女,3.6,26.5,0.45,44.1,4,2,是,B,agent,0.82,0.63,0.59,0.53,0.53,0.69,0.34,0.8,0.64,自住-改善,两室一厅,66,3830,国企车间技术主任,二胎黄金期中大户型,上海中环品质两居，车位及空间极其拥挤,小区无地下车库且人车不分流，小孩在楼下玩耍或者推婴儿车极为不安全。,核心要求地块属于第一梯队名校学区，且周边500米内解决幼小衔接教育配套。,主要在陆家嘴/徐家汇CBD上班，首选地铁2/9号线沿线，通勤半小时内。,倡导轻户外，周末常带家人自驾野营或山系徒步，注重生活情调与手作咖啡。,名下持有一套旧两居，置换回款 65% + 个人理财储蓄补充 + 公积金商业贷,重性价比，不盲信大牌，但要求物业管理有序、绿化修剪及时、人防技防规范。,常年本地稳定居住，工作日职住通勤动线规则单一。
上_2008_00629,上海,2008,长三角家庭,48,女,2.3,11.5,0.45,19.1,5,2,否,B,agent,0.91,0.64,0.72,0.61,0.72,0.8,0.3,0.81,0.73,自住-首套,一室一厅,83,1710,区财政局科员,二胎黄金期中大户型,上海中环品质两居，车位及空间极其拥挤,小区无地下车库且人车不分流，小孩在楼下玩耍或者推婴儿车极为不安全。,要求有超大面宽南向双阳台（观景家政分离），主卧大飘窗能270度直面自然景观。,主要在陆家嘴/徐家汇CBD上班，首选地铁2/9号线沿线，通勤半小时内。,倡导轻户外，周末常带家人自驾野营或山系徒步，注重生活情调与手作咖啡。,夫妻双方积蓄 + 双方父母出资赞助首付 + 公积金商业组合贷款,非仁恒、绿城、万科等金牌开发商不买，极度看重高端精装质量与顶级物业的增值口碑。,常年本地稳定居住，工作日职住通勤动线规则单一。
上_2008_00630,上海,2008,本地改善,43,女,1.4,14.9,0.45,24.8,4,2,否,B,agent,0.43,0.54,0.39,0.58,0.54,0.78,0.64,0.82,0.57,自住-改善,两室一厅,73,1735,区财政局科员,二胎黄金期中大户型,上海中环品质两居，车位及空间极其拥挤,小区无地下车库且人车不分流，小孩在楼下玩耍或者推婴儿车极为不安全。,讲究超高得房率（超85%），主卧套房必须配备独立步入式衣帽间与干湿分离双卫。,主要在陆家嘴/徐家汇CBD上班，首选地铁2/9号线沿线，通勤半小时内。,倡导轻户外，周末常带家人自驾野营或山系徒步，注重生活情调与手作咖啡。,名下持有一套旧两居，置换回款 65% + 个人理财储蓄补充 + 公积金商业贷,重性价比，不盲信大牌，但要求物业管理有序、绿化修剪及时、人防技防规范。,常年本地稳定居住，工作日职住通勤动线规则单一。
上_2008_00631,上海,2008,本地改善,47,女,1.6,13.4,0.45,22.4,4,2,是,B,agent,0.96,0.44,0.55,0.41,0.61,0.81,0.62,0.63,0.6,自住-改善,一室一厅,89,2096,邮政局局长秘书,二胎黄金期中大户型,上海中环品质两居，车位及空间极其拥挤,小区无地下车库且人车不分流，小孩在楼下玩耍或者推婴儿车极为不安全。,讲究超高得房率（超85%），主卧套房必须配备独立步入式衣帽间与干湿分离双卫。,主要在陆家嘴/徐家汇CBD上班，首选地铁2/9号线沿线，通勤半小时内。,倡导轻户外，周末常带家人自驾野营或山系徒步，注重生活情调与手作咖啡。,名下持有一套旧两居，置换回款 65% + 个人理财储蓄补充 + 公积金商业贷,重性价比，不盲信大牌，但要求物业管理有序、绿化修剪及时、人防技防规范。,常年本地稳定居住，工作日职住通勤动线规则单一。
上_2008_00632,上海,2008,本地改善,42,女,1.8,14.5,0.45,24.2,4,2,是,B,agent,0.99,0.54,0.64,0.53,0.5,0.74,0.52,0.83,0.51,自住-改善,两室两厅,96,1870,邮政局局长秘书,二胎黄金期中大户型,上海中环品质两居，车位及空间极其拥挤,小区无地下车库且人车不分流，小孩在楼下玩耍或者推婴儿车极为不安全。,讲究超高得房率（超85%），主卧套房必须配备独立步入式衣帽间与干湿分离双卫。,主要在陆家嘴/徐家汇CBD上班，首选地铁2/9号线沿线，通勤半小时内。,倡导轻户外，周末常带家人自驾野营或山系徒步，注重生活情调与手作咖啡。,名下持有一套旧两居，置换回款 65% + 个人理财储蓄补充 + 公积金商业贷,重性价比，不盲信大牌，但要求物业管理有序、绿化修剪及时、人防技防规范。,常年本地稳定居住，工作日职住通勤动线规则单一。
上_2008_00633,上海,2008,金融精英,50,男,9.4,83.7,0.4,156.9,2,1,否,A,research,0.63,0.42,0.76,0.73,0.81,0.75,0.86,0.81,0.76,自住-首套,三室两厅,119,7280,老牌证券公司营业部经理,三口之家(学龄段),陆家嘴核心区江景大平层,无高端私密会所及管家式物业配套，圈层鱼龙混杂，高净值居住体验差。,要求独立电梯入户，主次卧动线分明，配备独立保姆房和私密后院。,主要在陆家嘴/徐家汇CBD上班，首选地铁2/9号线沿线，通勤半小时内。,周末常去高端商圈消费，热衷打网球和马术，重度手冲咖啡及黑胶唱片发烧友。,夫妻双方积蓄 + 双方父母出资赞助首付 + 公积金商业组合贷款,非仁恒、绿城、万科等金牌开发商不买，极度看重高端精装质量与顶级物业的增值口碑。,常年本地稳定居住，工作日职住通勤动线规则单一。
上_2008_00634,上海,2008,金融精英,44,女,6.8,46.8,0.4,87.7,3,1,否,A,research,1,0.42,0.64,0.54,0.89,0.7,0.64,0.78,0.64,自住-改善,两室两厅,96,5666,老牌证券公司营业部经理,三口之家(学龄段),西湖边高精平层,无高端私密会所及管家式物业配套，圈层鱼龙混杂，高净值居住体验差。,讲究超高得房率（超85%），主卧套房必须配备独立步入式衣帽间与干湿分离双卫。,主要在陆家嘴/徐家汇CBD上班，首选地铁2/9号线沿线，通勤半小时内。,周末常去高端商圈消费，热衷打网球和马术，重度手冲咖啡及黑胶唱片发烧友。,名下已有企业股权套现或分红现金，一次性全款付清，基本不加杠杆,重性价比，不盲信大牌，但要求物业管理有序、绿化修剪及时、人防技防规范。,常年本地稳定居住，工作日职住通勤动线规则单一。
上_2008_00635,上海,2008,教育型买房,32,男,4.9,50.3,0.4,94.2,2,0,否,B,social,0.8,0.51,0.35,0.32,0.67,0.7,0.55,0.92,0.52,学区房,一室一厅,89,9015,区财政局科员,新婚过渡两居,上海中环品质两居，车位及空间极其拥挤,老小区隔音差，邻里滋扰严重，且车位严重匮乏，每晚加班回来抢车位像打仗。,核心要求地块属于第一梯队名校学区，且周边500米内解决幼小衔接教育配套。,主要在陆家嘴/徐家汇CBD上班，首选地铁2/9号线沿线，通勤半小时内。,倡导轻户外，周末常带家人自驾野营或山系徒步，注重生活情调与手作咖啡。,名下持有一套旧两居，置换回款 65% + 个人理财储蓄补充 + 公积金商业贷,重性价比，不盲信大牌，但要求物业管理有序、绿化修剪及时、人防技防规范。,常年本地稳定居住，工作日职住通勤动线规则单一。
上_2008_00636,上海,2008,本地改善,49,男,2.9,23.9,0.45,39.8,2,1,否,B,agent,0.74,0.52,0.58,0.72,0.6,0.98,0.65,0.79,0.59,自住-改善,两室一厅,64,4848,市第二中学地理教师,三口之家(学龄段),上海中环品质两居，车位及空间极其拥挤,小区无地下车库且人车不分流，小孩在楼下玩耍或者推婴儿车极为不安全。,要求独立电梯入户，主次卧动线分明，配备独立保姆房和私密后院。,主要在陆家嘴/徐家汇CBD上班，首选地铁2/9号线沿线，通勤半小时内。,倡导轻户外，周末常带家人自驾野营或山系徒步，注重生活情调与手作咖啡。,名下持有一套旧两居，置换回款 65% + 个人理财储蓄补充 + 公积金商业贷,重性价比，不盲信大牌，但要求物业管理有序、绿化修剪及时、人防技防规范。,常年本地稳定居住，工作日职住通勤动线规则单一。
上_2008_00637,上海,2008,金融精英,47,男,5.3,34.7,0.4,65.0,3,0,否,A,research,0.87,0.51,0.6,0.63,0.84,0.74,0.62,0.84,0.85,自住-改善,两室两厅,60,6448,老牌证券公司营业部经理,成熟期核心家庭,陆家嘴核心区江景大平层,无高端私密会所及管家式物业配套，圈层鱼龙混杂，高净值居住体验差。,讲究超高得房率（超85%），主卧套房必须配备独立步入式衣帽间与干湿分离双卫。,主要在陆家嘴/徐家汇CBD上班，首选地铁2/9号线沿线，通勤半小时内。,周末常去高端商圈消费，热衷打网球和马术，重度手冲咖啡及黑胶唱片发烧友。,名下已有企业股权套现或分红现金，一次性全款付清，基本不加杠杆,非仁恒、绿城、万科等金牌开发商不买，极度看重高端精装质量与顶级物业的增值口碑。,常年本地稳定居住，工作日职住通勤动线规则单一。
上_2008_00638,上海,2008,本地改善,44,女,2.5,23.1,0.45,38.6,5,2,是,B,agent,1,0.38,0.56,0.46,0.5,0.84,0.53,0.63,0.44,自住-改善,两室两厅,99,2215,邮政局局长秘书,二胎黄金期中大户型,上海中环品质两居，车位及空间极其拥挤,小区无地下车库且人车不分流，小孩在楼下玩耍或者推婴儿车极为不安全。,讲究超高得房率（超85%），主卧套房必须配备独立步入式衣帽间与干湿分离双卫。,主要在陆家嘴/徐家汇CBD上班，首选地铁2/9号线沿线，通勤半小时内。,倡导轻户外，周末常带家人自驾野营或山系徒步，注重生活情调与手作咖啡。,名下持有一套旧两居，置换回款 65% + 个人理财储蓄补充 + 公积金商业贷,重性价比，不盲信大牌，但要求物业管理有序、绿化修剪及时、人防技防规范。,常年本地稳定居住，工作日职住通勤动线规则单一。
上_2008_00639,上海,2008,本地改善,40,女,2.3,16.2,0.45,27.0,4,2,否,B,agent,0.69,0.62,0.65,0.55,0.61,0.93,0.64,0.76,0.63,自住-改善,一室一厅,54,4126,市第二中学地理教师,二胎黄金期中大户型,上海中环品质两居，车位及空间极其拥挤,小区无地下车库且人车不分流，小孩在楼下玩耍或者推婴儿车极为不安全。,讲究超高得房率（超85%），主卧套房必须配备独立步入式衣帽间与干湿分离双卫。,主要在陆家嘴/徐家汇CBD上班，首选地铁2/9号线沿线，通勤半小时内。,倡导轻户外，周末常带家人自驾野营或山系徒步，注重生活情调与手作咖啡。,名下持有一套旧两居，置换回款 65% + 个人理财储蓄补充 + 公积金商业贷,重性价比，不盲信大牌，但要求物业管理有序、绿化修剪及时、人防技防规范。,常年本地稳定居住，工作日职住通勤动线规则单一。
上_2008_00640,上海,2008,本地改善,38,男,2.9,32.4,0.45,54.0,3,3,是,B,agent,0.72,0.55,0.59,0.43,0.59,0.78,0.64,0.67,0.48,自住-改善,一室一厅,82,4684,邮政局局长秘书,二胎黄金期中大户型,上海中环品质两居，车位及空间极其拥挤,小区无地下车库且人车不分流，小孩在楼下玩耍或者推婴儿车极为不安全。,讲究超高得房率（超85%），主卧套房必须配备独立步入式衣帽间与干湿分离双卫。,主要在陆家嘴/徐家汇CBD上班，首选地铁2/9号线沿线，通勤半小时内。,倡导轻户外，周末常带家人自驾野营或山系徒步，注重生活情调与手作咖啡。,名下持有一套旧两居，置换回款 65% + 个人理财储蓄补充 + 公积金商业贷,重性价比，不盲信大牌，但要求物业管理有序、绿化修剪及时、人防技防规范。,常年本地稳定居住，工作日职住通勤动线规则单一。
上_2008_00641,上海,2008,金融精英,50,女,3.0,28.4,0.4,53.2,3,1,否,A,research,0.65,0.42,0.58,0.41,0.69,0.7,0.77,0.88,0.8,自住-首套,一室一厅,94,4919,老牌证券公司营业部经理,三口之家(学龄段),市中心私密洋房住宅,无高端私密会所及管家式物业配套，圈层鱼龙混杂，高净值居住体验差。,讲究超高得房率（超85%），主卧套房必须配备独立步入式衣帽间与干湿分离双卫。,主要在陆家嘴/徐家汇CBD上班，首选地铁2/9号线沿线，通勤半小时内。,周末常去高端商圈消费，热衷打网球和马术，重度手冲咖啡及黑胶唱片发烧友。,夫妻双方积蓄 + 双方父母出资赞助首付 + 公积金商业组合贷款,非仁恒、绿城、万科等金牌开发商不买，极度看重高端精装质量与顶级物业的增值口碑。,常年本地稳定居住，工作日职住通勤动线规则单一。
上_2008_00642,上海,2008,教育型买房,32,女,1.7,13.3,0.4,25.0,3,0,否,B,social,0.9,0.53,0.23,0.25,0.6,0.77,0.68,1,0.58,学区房,一室一厅,72,2945,市第二中学地理教师,新婚过渡两居,上海中环品质两居，车位及空间极其拥挤,老小区隔音差，邻里滋扰严重，且车位严重匮乏，每晚加班回来抢车位像打仗。,讲究超高得房率（超85%），主卧套房必须配备独立步入式衣帽间与干湿分离双卫。,主要在陆家嘴/徐家汇CBD上班，首选地铁2/9号线沿线，通勤半小时内。,倡导轻户外，周末常带家人自驾野营或山系徒步，注重生活情调与手作咖啡。,名下持有一套旧两居，置换回款 65% + 个人理财储蓄补充 + 公积金商业贷,重性价比，不盲信大牌，但要求物业管理有序、绿化修剪及时、人防技防规范。,常年本地稳定居住，工作日职住通勤动线规则单一。
上_2008_00643,上海,2008,教育型买房,39,男,2.9,19.5,0.4,36.6,3,1,否,B,social,0.62,0.44,0.28,0.42,0.67,0.88,0.56,0.82,0.64,学区房,一室一厅,99,1922,邮政局局长秘书,三口之家(学龄段),上海中环品质两居，车位及空间极其拥挤,小区无地下车库且人车不分流，小孩在楼下玩耍或者推婴儿车极为不安全。,讲究超高得房率（超85%），主卧套房必须配备独立步入式衣帽间与干湿分离双卫。,主要在陆家嘴/徐家汇CBD上班，首选地铁2/9号线沿线，通勤半小时内。,倡导轻户外，周末常带家人自驾野营或山系徒步，注重生活情调与手作咖啡。,名下持有一套旧两居，置换回款 65% + 个人理财储蓄补充 + 公积金商业贷,重性价比，不盲信大牌，但要求物业管理有序、绿化修剪及时、人防技防规范。,常年本地稳定居住，工作日职住通勤动线规则单一。
上_2008_00644,上海,2008,本地改善,47,女,1.6,16.6,0.45,27.7,5,1,是,B,agent,1,0.57,0.58,0.5,0.55,0.81,0.57,0.63,0.58,自住-改善,一室一厅,51,4776,邮政局局长秘书,三口之家(学龄段),上海中环品质两居，车位及空间极其拥挤,小区无地下车库且人车不分流，小孩在楼下玩耍或者推婴儿车极为不安全。,讲究超高得房率（超85%），主卧套房必须配备独立步入式衣帽间与干湿分离双卫。,主要在陆家嘴/徐家汇CBD上班，首选地铁2/9号线沿线，通勤半小时内。,倡导轻户外，周末常带家人自驾野营或山系徒步，注重生活情调与手作咖啡。,名下持有一套旧两居，置换回款 65% + 个人理财储蓄补充 + 公积金商业贷,重性价比，不盲信大牌，但要求物业管理有序、绿化修剪及时、人防技防规范。,常年本地稳定居住，工作日职住通勤动线规则单一。
上_2008_00645,上海,2008,本地改善,58,男,2.1,16.2,0.45,27.1,5,2,是,B,agent,0.82,0.4,0.56,0.63,0.59,0.81,0.59,0.76,0.61,自住-改善,两室一厅,67,3165,国企车间技术主任,二胎黄金期中大户型,上海中环品质两居，车位及空间极其拥挤,小区无地下车库且人车不分流，小孩在楼下玩耍或者推婴儿车极为不安全。,讲究超高得房率（超85%），主卧套房必须配备独立步入式衣帽间与干湿分离双卫。,主要在陆家嘴/徐家汇CBD上班，首选地铁2/9号线沿线，通勤半小时内。,倡导轻户外，周末常带家人自驾野营或山系徒步，注重生活情调与手作咖啡。,名下持有一套旧两居，置换回款 65% + 个人理财储蓄补充 + 公积金商业贷,重性价比，不盲信大牌，但要求物业管理有序、绿化修剪及时、人防技防规范。,常年本地稳定居住，工作日职住通勤动线规则单一。
上_2008_00646,上海,2008,金融精英,48,男,5.5,48.1,0.4,90.2,3,0,是,A,research,0.73,0.61,0.74,0.54,0.76,0.76,0.74,0.86,0.5,自住-改善,一室一厅,63,11618,申银万国证券分析员,成熟期核心家庭,西湖边高精平层,当前房屋属于旧多层无电梯房，父母年纪渐高每天爬楼梯极为吃力。,要求有超大面宽南向双阳台（观景家政分离），主卧大飘窗能270度直面自然景观。,主要在陆家嘴/徐家汇CBD上班，首选地铁2/9号线沿线，通勤半小时内。,周末常去高端商圈消费，热衷打网球和马术，重度手冲咖啡及黑胶唱片发烧友。,名下已有企业股权套现或分红现金，一次性全款付清，基本不加杠杆,重性价比，不盲信大牌，但要求物业管理有序、绿化修剪及时、人防技防规范。,常年本地稳定居住，工作日职住通勤动线规则单一。
上_2008_00647,上海,2008,本地改善,51,女,1.6,11.4,0.45,19.0,4,2,否,B,agent,0.63,0.28,0.47,0.5,0.48,0.89,0.68,0.74,0.5,自住-改善,一室一厅,86,1123,国企车间技术主任,二胎黄金期中大户型,上海中环品质两居，车位及空间极其拥挤,小区无地下车库且人车不分流，小孩在楼下玩耍或者推婴儿车极为不安全。,讲究超高得房率（超85%），主卧套房必须配备独立步入式衣帽间与干湿分离双卫。,主要在陆家嘴/徐家汇CBD上班，首选地铁2/9号线沿线，通勤半小时内。,倡导轻户外，周末常带家人自驾野营或山系徒步，注重生活情调与手作咖啡。,名下持有一套旧两居，置换回款 65% + 个人理财储蓄补充 + 公积金商业贷,重性价比，不盲信大牌，但要求物业管理有序、绿化修剪及时、人防技防规范。,常年本地稳定居住，工作日职住通勤动线规则单一。
上_2008_00648,上海,2008,金融精英,40,男,6.4,50.1,0.4,94.0,3,1,否,A,research,0.63,0.5,0.78,0.6,0.83,0.73,0.63,0.67,0.76,自住-首套,两室一厅,66,8138,申银万国证券分析员,三口之家(学龄段),市中心私密洋房住宅,无高端私密会所及管家式物业配套，圈层鱼龙混杂，高净值居住体验差。,要求有超大面宽南向双阳台（观景家政分离），主卧大飘窗能270度直面自然景观。,主要在陆家嘴/徐家汇CBD上班，首选地铁2/9号线沿线，通勤半小时内。,周末常去高端商圈消费，热衷打网球和马术，重度手冲咖啡及黑胶唱片发烧友。,夫妻双方积蓄 + 双方父母出资赞助首付 + 公积金商业组合贷款,非仁恒、绿城、万科等金牌开发商不买，极度看重高端精装质量与顶级物业的增值口碑。,常年本地稳定居住，工作日职住通勤动线规则单一。
上_2008_00649,上海,2008,教育型买房,37,男,3.6,20.1,0.4,37.7,2,1,否,B,social,1,0.51,0.24,0.56,0.61,0.74,0.4,0.87,0.62,学区房,一室一厅,86,3037,区财政局科员,三口之家(幼龄段),上海中环品质两居，车位及空间极其拥挤,小区无地下车库且人车不分流，小孩在楼下玩耍或者推婴儿车极为不安全。,讲究超高得房率（超85%），主卧套房必须配备独立步入式衣帽间与干湿分离双卫。,主要在陆家嘴/徐家汇CBD上班，首选地铁2/9号线沿线，通勤半小时内。,倡导轻户外，周末常带家人自驾野营或山系徒步，注重生活情调与手作咖啡。,名下持有一套旧两居，置换回款 65% + 个人理财储蓄补充 + 公积金商业贷,重性价比，不盲信大牌，但要求物业管理有序、绿化修剪及时、人防技防规范。,常年本地稳定居住，工作日职住通勤动线规则单一。
上_2008_00650,上海,2008,教育型买房,44,男,2.9,18.0,0.4,33.7,2,1,否,B,social,0.73,0.45,0.4,0.43,0.54,0.65,0.58,0.99,0.56,学区房,一室一厅,56,4489,市第二中学地理教师,三口之家(学龄段),上海中环品质两居，车位及空间极其拥挤,小区无地下车库且人车不分流，小孩在楼下玩耍或者推婴儿车极为不安全。,核心要求地块属于第一梯队名校学区，且周边500米内解决幼小衔接教育配套。,主要在陆家嘴/徐家汇CBD上班，首选地铁2/9号线沿线，通勤半小时内。,倡导轻户外，周末常带家人自驾野营或山系徒步，注重生活情调与手作咖啡。,名下持有一套旧两居，置换回款 65% + 个人理财储蓄补充 + 公积金商业贷,重性价比，不盲信大牌，但要求物业管理有序、绿化修剪及时、人防技防规范。,常年本地稳定居住，工作日职住通勤动线规则单一。
上_2008_00651,上海,2008,本地改善,48,女,1.1,12.4,0.45,20.7,5,2,否,B,agent,0.59,0.53,0.49,0.5,0.61,0.75,0.51,0.66,0.51,自住-改善,两室两厅,99,1315,国企车间技术主任,二胎黄金期中大户型,上海中环品质两居，车位及空间极其拥挤,小区无地下车库且人车不分流，小孩在楼下玩耍或者推婴儿车极为不安全。,讲究超高得房率（超85%），主卧套房必须配备独立步入式衣帽间与干湿分离双卫。,主要在陆家嘴/徐家汇CBD上班，首选地铁2/9号线沿线，通勤半小时内。,倡导轻户外，周末常带家人自驾野营或山系徒步，注重生活情调与手作咖啡。,名下持有一套旧两居，置换回款 65% + 个人理财储蓄补充 + 公积金商业贷,重性价比，不盲信大牌，但要求物业管理有序、绿化修剪及时、人防技防规范。,常年本地稳定居住，工作日职住通勤动线规则单一。
上_2008_00652,上海,2008,金融精英,40,男,3.9,30.7,0.4,57.6,4,1,否,A,research,0.54,0.51,0.62,0.52,0.85,0.68,0.83,0.78,0.79,自住-首套,两室两厅,88,4031,老牌证券公司营业部经理,三口之家(学龄段),陆家嘴核心区江景大平层,无高端私密会所及管家式物业配套，圈层鱼龙混杂，高净值居住体验差。,核心要求地块属于第一梯队名校学区，且周边500米内解决幼小衔接教育配套。,主要在陆家嘴/徐家汇CBD上班，首选地铁2/9号线沿线，通勤半小时内。,周末常去高端商圈消费，热衷打网球和马术，重度手冲咖啡及黑胶唱片发烧友。,夫妻双方积蓄 + 双方父母出资赞助首付 + 公积金商业组合贷款,非仁恒、绿城、万科等金牌开发商不买，极度看重高端精装质量与顶级物业的增值口碑。,常年本地稳定居住，工作日职住通勤动线规则单一。
上_2008_00653,上海,2008,外籍海归,45,女,4.1,20.9,0.4,39.2,3,1,否,A,social,0.28,0.49,0.66,0.73,0.75,0.69,0.6,0.76,0.74,自住-首套,两室一厅,56,3987,外企驻沪办事处代表,三口之家(学龄段),陆家嘴核心区江景大平层,无高端私密会所及管家式物业配套，圈层鱼龙混杂，高净值居住体验差。,要求独立电梯入户，主次卧动线分明，配备独立保姆房和私密后院。,主要在陆家嘴/徐家汇CBD上班，首选地铁2/9号线沿线，通勤半小时内。,周末常去高端商圈消费，热衷打网球和马术，重度手冲咖啡及黑胶唱片发烧友。,夫妻双方积蓄 + 双方父母出资赞助首付 + 公积金商业组合贷款,非仁恒、绿城、万科等金牌开发商不买，极度看重高端精装质量与顶级物业的增值口碑。,常年本地稳定居住，工作日职住通勤动线规则单一。
上_2008_00654,上海,2008,本地改善,43,男,2.9,28.7,0.45,47.8,5,2,否,B,agent,0.92,0.47,0.58,0.49,0.56,0.93,0.46,0.72,0.6,自住-改善,一室一厅,68,3653,国企车间技术主任,二胎黄金期中大户型,上海中环品质两居，车位及空间极其拥挤,小区无地下车库且人车不分流，小孩在楼下玩耍或者推婴儿车极为不安全。,讲究超高得房率（超85%），主卧套房必须配备独立步入式衣帽间与干湿分离双卫。,主要在陆家嘴/徐家汇CBD上班，首选地铁2/9号线沿线，通勤半小时内。,倡导轻户外，周末常带家人自驾野营或山系徒步，注重生活情调与手作咖啡。,名下持有一套旧两居，置换回款 65% + 个人理财储蓄补充 + 公积金商业贷,重性价比，不盲信大牌，但要求物业管理有序、绿化修剪及时、人防技防规范。,常年本地稳定居住，工作日职住通勤动线规则单一。
上_2008_00655,上海,2008,本地改善,49,男,2.2,20.2,0.45,33.6,4,2,否,B,agent,0.53,0.5,0.69,0.41,0.58,0.83,0.63,0.74,0.66,自住-改善,两室两厅,79,2820,市第二中学地理教师,二胎黄金期中大户型,上海中环品质两居，车位及空间极其拥挤,小区无地下车库且人车不分流，小孩在楼下玩耍或者推婴儿车极为不安全。,讲究超高得房率（超85%），主卧套房必须配备独立步入式衣帽间与干湿分离双卫。,主要在陆家嘴/徐家汇CBD上班，首选地铁2/9号线沿线，通勤半小时内。,倡导轻户外，周末常带家人自驾野营或山系徒步，注重生活情调与手作咖啡。,名下持有一套旧两居，置换回款 65% + 个人理财储蓄补充 + 公积金商业贷,重性价比，不盲信大牌，但要求物业管理有序、绿化修剪及时、人防技防规范。,常年本地稳定居住，工作日职住通勤动线规则单一。
上_2008_00656,上海,2008,长三角家庭,35,男,3.0,16.3,0.45,27.1,4,2,否,B,agent,0.79,0.56,0.67,0.55,0.48,0.78,0.36,0.7,0.82,自住-改善,一室一厅,86,1630,区财政局科员,二胎黄金期中大户型,上海中环品质两居，车位及空间极其拥挤,小区无地下车库且人车不分流，小孩在楼下玩耍或者推婴儿车极为不安全。,讲究超高得房率（超85%），主卧套房必须配备独立步入式衣帽间与干湿分离双卫。,主要在陆家嘴/徐家汇CBD上班，首选地铁2/9号线沿线，通勤半小时内。,倡导轻户外，周末常带家人自驾野营或山系徒步，注重生活情调与手作咖啡。,名下持有一套旧两居，置换回款 65% + 个人理财储蓄补充 + 公积金商业贷,非仁恒、绿城、万科等金牌开发商不买，极度看重高端精装质量与顶级物业的增值口碑。,常年本地稳定居住，工作日职住通勤动线规则单一。
上_2008_00657,上海,2008,金融精英,44,女,3.0,26.0,0.4,48.8,1,2,是,A,research,0.74,0.49,0.49,0.56,0.72,0.86,0.77,0.91,0.91,自住-改善,两室两厅,97,3995,老牌证券公司营业部经理,二胎黄金期中大户型,市中心私密洋房住宅,当前房屋属于旧多层无电梯房，父母年纪渐高每天爬楼梯极为吃力。,讲究超高得房率（超85%），主卧套房必须配备独立步入式衣帽间与干湿分离双卫。,主要在陆家嘴/徐家汇CBD上班，首选地铁2/9号线沿线，通勤半小时内。,周末常去高端商圈消费，热衷打网球和马术，重度手冲咖啡及黑胶唱片发烧友。,名下已有企业股权套现或分红现金，一次性全款付清，基本不加杠杆,非仁恒、绿城、万科等金牌开发商不买，极度看重高端精装质量与顶级物业的增值口碑。,常年本地稳定居住，工作日职住通勤动线规则单一。
上_2008_00658,上海,2008,教育型买房,42,女,3.2,20.7,0.4,38.8,2,1,否,B,social,1,0.42,0.45,0.41,0.61,0.87,0.39,1,0.61,学区房,一室一厅,74,4218,邮政局局长秘书,三口之家(学龄段),上海中环品质两居，车位及空间极其拥挤,小区无地下车库且人车不分流，小孩在楼下玩耍或者推婴儿车极为不安全。,讲究超高得房率（超85%），主卧套房必须配备独立步入式衣帽间与干湿分离双卫。,主要在陆家嘴/徐家汇CBD上班，首选地铁2/9号线沿线，通勤半小时内。,倡导轻户外，周末常带家人自驾野营或山系徒步，注重生活情调与手作咖啡。,名下持有一套旧两居，置换回款 65% + 个人理财储蓄补充 + 公积金商业贷,重性价比，不盲信大牌，但要求物业管理有序、绿化修剪及时、人防技防规范。,常年本地稳定居住，工作日职住通勤动线规则单一。
上_2008_00659,上海,2008,金融精英,34,男,4.2,40.5,0.4,75.9,3,1,否,A,research,0.57,0.4,0.68,0.67,0.79,0.85,0.64,0.78,0.76,自住-首套,两室两厅,68,6448,商业银行支行信贷科长,三口之家(幼龄段),陆家嘴核心区江景大平层,无高端私密会所及管家式物业配套，圈层鱼龙混杂，高净值居住体验差。,讲究超高得房率（超85%），主卧套房必须配备独立步入式衣帽间与干湿分离双卫。,主要在陆家嘴/徐家汇CBD上班，首选地铁2/9号线沿线，通勤半小时内。,周末常去高端商圈消费，热衷打网球和马术，重度手冲咖啡及黑胶唱片发烧友。,夫妻双方积蓄 + 双方父母出资赞助首付 + 公积金商业组合贷款,非仁恒、绿城、万科等金牌开发商不买，极度看重高端精装质量与顶级物业的增值口碑。,常年本地稳定居住，工作日职住通勤动线规则单一。
上_2008_00660,上海,2008,金融精英,33,男,3.8,31.6,0.4,59.2,3,1,否,A,research,0.64,0.4,0.58,0.56,0.8,0.72,0.72,0.87,0.86,婚房,一室一厅,79,4178,商业银行支行信贷科长,三口之家(幼龄段),陆家嘴核心区江景大平层,无高端私密会所及管家式物业配套，圈层鱼龙混杂，高净值居住体验差。,讲究超高得房率（超85%），主卧套房必须配备独立步入式衣帽间与干湿分离双卫。,主要在陆家嘴/徐家汇CBD上班，首选地铁2/9号线沿线，通勤半小时内。,周末常去高端商圈消费，热衷打网球和马术，重度手冲咖啡及黑胶唱片发烧友。,夫妻双方积蓄 + 双方父母出资赞助首付 + 公积金商业组合贷款,非仁恒、绿城、万科等金牌开发商不买，极度看重高端精装质量与顶级物业的增值口碑。,常年本地稳定居住，工作日职住通勤动线规则单一。
上_2008_00661,上海,2008,金融精英,49,女,1.3,7.6,0.4,14.3,2,1,是,A,research,0.91,0.44,0.55,0.59,0.52,0.69,0.59,0.78,0.77,自住-改善,一室一厅,50,1681,商业银行支行信贷科长,三口之家(学龄段),西湖边高精平层,当前房屋属于旧多层无电梯房，父母年纪渐高每天爬楼梯极为吃力。,核心要求地块属于第一梯队名校学区，且周边500米内解决幼小衔接教育配套。,主要在陆家嘴/徐家汇CBD上班，首选地铁2/9号线沿线，通勤半小时内。,周末常去高端商圈消费，热衷打网球和马术，重度手冲咖啡及黑胶唱片发烧友。,名下已有企业股权套现或分红现金，一次性全款付清，基本不加杠杆,非仁恒、绿城、万科等金牌开发商不买，极度看重高端精装质量与顶级物业的增值口碑。,常年本地稳定居住，工作日职住通勤动线规则单一。
上_2008_00662,上海,2008,本地改善,42,女,1.5,18.5,0.45,30.9,4,2,是,B,agent,0.87,0.48,0.69,0.43,0.43,0.9,0.57,0.64,0.52,自住-改善,两室一厅,79,2876,市第二中学地理教师,二胎黄金期中大户型,上海中环品质两居，车位及空间极其拥挤,小区无地下车库且人车不分流，小孩在楼下玩耍或者推婴儿车极为不安全。,讲究超高得房率（超85%），主卧套房必须配备独立步入式衣帽间与干湿分离双卫。,主要在陆家嘴/徐家汇CBD上班，首选地铁2/9号线沿线，通勤半小时内。,倡导轻户外，周末常带家人自驾野营或山系徒步，注重生活情调与手作咖啡。,名下持有一套旧两居，置换回款 65% + 个人理财储蓄补充 + 公积金商业贷,重性价比，不盲信大牌，但要求物业管理有序、绿化修剪及时、人防技防规范。,常年本地稳定居住，工作日职住通勤动线规则单一。
上_2008_00663,上海,2008,教育型买房,41,女,2.5,21.8,0.4,40.9,2,1,是,B,social,0.91,0.53,0.32,0.46,0.58,0.61,0.6,1,0.57,学区房,两室一厅,53,4712,邮政局局长秘书,三口之家(学龄段),上海中环品质两居，车位及空间极其拥挤,小区无地下车库且人车不分流，小孩在楼下玩耍或者推婴儿车极为不安全。,核心要求地块属于第一梯队名校学区，且周边500米内解决幼小衔接教育配套。,主要在陆家嘴/徐家汇CBD上班，首选地铁2/9号线沿线，通勤半小时内。,倡导轻户外，周末常带家人自驾野营或山系徒步，注重生活情调与手作咖啡。,名下持有一套旧两居，置换回款 65% + 个人理财储蓄补充 + 公积金商业贷,重性价比，不盲信大牌，但要求物业管理有序、绿化修剪及时、人防技防规范。,常年本地稳定居住，工作日职住通勤动线规则单一。
上_2008_00664,上海,2008,教育型买房,35,男,3.2,26.0,0.4,48.8,3,2,是,B,social,0.63,0.62,0.41,0.42,0.63,0.73,0.52,0.88,0.51,学区房,一室一厅,64,6538,区财政局科员,二胎黄金期中大户型,上海中环品质两居，车位及空间极其拥挤,小区无地下车库且人车不分流，小孩在楼下玩耍或者推婴儿车极为不安全。,讲究超高得房率（超85%），主卧套房必须配备独立步入式衣帽间与干湿分离双卫。,主要在陆家嘴/徐家汇CBD上班，首选地铁2/9号线沿线，通勤半小时内。,倡导轻户外，周末常带家人自驾野营或山系徒步，注重生活情调与手作咖啡。,名下持有一套旧两居，置换回款 65% + 个人理财储蓄补充 + 公积金商业贷,重性价比，不盲信大牌，但要求物业管理有序、绿化修剪及时、人防技防规范。,常年本地稳定居住，工作日职住通勤动线规则单一。
上_2008_00665,上海,2008,教育型买房,44,男,3.1,18.9,0.4,35.5,3,1,否,B,social,0.8,0.58,0.25,0.41,0.65,0.65,0.5,0.86,0.67,学区房,两室两厅,98,2073,区财政局科员,三口之家(学龄段),上海中环品质两居，车位及空间极其拥挤,小区无地下车库且人车不分流，小孩在楼下玩耍或者推婴儿车极为不安全。,核心要求地块属于第一梯队名校学区，且周边500米内解决幼小衔接教育配套。,主要在陆家嘴/徐家汇CBD上班，首选地铁2/9号线沿线，通勤半小时内。,倡导轻户外，周末常带家人自驾野营或山系徒步，注重生活情调与手作咖啡。,名下持有一套旧两居，置换回款 65% + 个人理财储蓄补充 + 公积金商业贷,重性价比，不盲信大牌，但要求物业管理有序、绿化修剪及时、人防技防规范。,常年本地稳定居住，工作日职住通勤动线规则单一。
上_2008_00666,上海,2008,长三角家庭,38,男,1.8,9.0,0.45,15.1,4,1,否,B,agent,0.92,0.55,0.57,0.42,0.44,0.86,0.31,0.69,0.66,自住-改善,一室一厅,57,1871,邮政局局长秘书,三口之家(学龄段),上海中环品质两居，车位及空间极其拥挤,小区无地下车库且人车不分流，小孩在楼下玩耍或者推婴儿车极为不安全。,讲究超高得房率（超85%），主卧套房必须配备独立步入式衣帽间与干湿分离双卫。,主要在陆家嘴/徐家汇CBD上班，首选地铁2/9号线沿线，通勤半小时内。,倡导轻户外，周末常带家人自驾野营或山系徒步，注重生活情调与手作咖啡。,名下持有一套旧两居，置换回款 65% + 个人理财储蓄补充 + 公积金商业贷,重性价比，不盲信大牌，但要求物业管理有序、绿化修剪及时、人防技防规范。,常年本地稳定居住，工作日职住通勤动线规则单一。
上_2008_00667,上海,2008,金融精英,39,女,2.0,15.9,0.4,29.7,3,1,否,A,research,0.81,0.48,0.62,0.5,0.73,0.77,0.71,0.82,0.74,自住-改善,两室两厅,59,3527,商业银行支行信贷科长,三口之家(学龄段),陆家嘴核心区江景大平层,无高端私密会所及管家式物业配套，圈层鱼龙混杂，高净值居住体验差。,讲究超高得房率（超85%），主卧套房必须配备独立步入式衣帽间与干湿分离双卫。,主要在陆家嘴/徐家汇CBD上班，首选地铁2/9号线沿线，通勤半小时内。,周末常去高端商圈消费，热衷打网球和马术，重度手冲咖啡及黑胶唱片发烧友。,名下已有企业股权套现或分红现金，一次性全款付清，基本不加杠杆,非仁恒、绿城、万科等金牌开发商不买，极度看重高端精装质量与顶级物业的增值口碑。,常年本地稳定居住，工作日职住通勤动线规则单一。
上_2008_00668,上海,2008,本地改善,41,女,2.4,18.1,0.45,30.2,5,2,否,B,agent,0.57,0.47,0.56,0.49,0.49,0.9,0.6,0.48,0.69,自住-改善,两室两厅,94,1707,国企车间技术主任,二胎黄金期中大户型,上海中环品质两居，车位及空间极其拥挤,小区无地下车库且人车不分流，小孩在楼下玩耍或者推婴儿车极为不安全。,讲究超高得房率（超85%），主卧套房必须配备独立步入式衣帽间与干湿分离双卫。,主要在陆家嘴/徐家汇CBD上班，首选地铁2/9号线沿线，通勤半小时内。,倡导轻户外，周末常带家人自驾野营或山系徒步，注重生活情调与手作咖啡。,名下持有一套旧两居，置换回款 65% + 个人理财储蓄补充 + 公积金商业贷,重性价比，不盲信大牌，但要求物业管理有序、绿化修剪及时、人防技防规范。,常年本地稳定居住，工作日职住通勤动线规则单一。
上_2008_00669,上海,2008,金融精英,36,女,0.9,7.9,0.4,14.7,3,1,否,A,research,0.65,0.56,0.7,0.52,0.64,0.87,0.68,0.84,0.76,自住-首套,两室两厅,99,1328,商业银行支行信贷科长,三口之家(幼龄段),陆家嘴核心区江景大平层,无高端私密会所及管家式物业配套，圈层鱼龙混杂，高净值居住体验差。,讲究超高得房率（超85%），主卧套房必须配备独立步入式衣帽间与干湿分离双卫。,主要在陆家嘴/徐家汇CBD上班，首选地铁2/9号线沿线，通勤半小时内。,周末常去高端商圈消费，热衷打网球和马术，重度手冲咖啡及黑胶唱片发烧友。,夫妻双方积蓄 + 双方父母出资赞助首付 + 公积金商业组合贷款,非仁恒、绿城、万科等金牌开发商不买，极度看重高端精装质量与顶级物业的增值口碑。,常年本地稳定居住，工作日职住通勤动线规则单一。
上_2008_00670,上海,2008,本地改善,52,男,1.1,13.4,0.45,22.4,4,2,否,B,agent,0.58,0.46,0.51,0.58,0.54,0.89,0.66,0.75,0.63,自住-改善,一室一厅,81,2338,市第二中学地理教师,二胎黄金期中大户型,上海中环品质两居，车位及空间极其拥挤,小区无地下车库且人车不分流，小孩在楼下玩耍或者推婴儿车极为不安全。,讲究超高得房率（超85%），主卧套房必须配备独立步入式衣帽间与干湿分离双卫。,主要在陆家嘴/徐家汇CBD上班，首选地铁2/9号线沿线，通勤半小时内。,倡导轻户外，周末常带家人自驾野营或山系徒步，注重生活情调与手作咖啡。,名下持有一套旧两居，置换回款 65% + 个人理财储蓄补充 + 公积金商业贷,重性价比，不盲信大牌，但要求物业管理有序、绿化修剪及时、人防技防规范。,常年本地稳定居住，工作日职住通勤动线规则单一。
上_2008_00671,上海,2008,本地改善,46,男,2.7,33.5,0.45,55.8,4,3,否,B,agent,0.74,0.37,0.51,0.5,0.78,0.71,0.58,0.56,0.48,自住-改善,一室一厅,65,7361,国企车间技术主任,二胎黄金期中大户型,上海中环品质两居，车位及空间极其拥挤,小区无地下车库且人车不分流，小孩在楼下玩耍或者推婴儿车极为不安全。,讲究超高得房率（超85%），主卧套房必须配备独立步入式衣帽间与干湿分离双卫。,主要在陆家嘴/徐家汇CBD上班，首选地铁2/9号线沿线，通勤半小时内。,倡导轻户外，周末常带家人自驾野营或山系徒步，注重生活情调与手作咖啡。,名下持有一套旧两居，置换回款 65% + 个人理财储蓄补充 + 公积金商业贷,重性价比，不盲信大牌，但要求物业管理有序、绿化修剪及时、人防技防规范。,常年本地稳定居住，工作日职住通勤动线规则单一。
上_2008_00672,上海,2008,金融精英,38,女,4.8,41.1,0.4,77.1,3,1,否,A,research,0.97,0.47,0.66,0.68,0.76,0.84,0.6,0.81,0.77,自住-改善,两室一厅,88,5729,商业银行支行信贷科长,三口之家(学龄段),陆家嘴核心区江景大平层,无高端私密会所及管家式物业配套，圈层鱼龙混杂，高净值居住体验差。,讲究超高得房率（超85%），主卧套房必须配备独立步入式衣帽间与干湿分离双卫。,主要在陆家嘴/徐家汇CBD上班，首选地铁2/9号线沿线，通勤半小时内。,周末常去高端商圈消费，热衷打网球和马术，重度手冲咖啡及黑胶唱片发烧友。,名下已有企业股权套现或分红现金，一次性全款付清，基本不加杠杆,非仁恒、绿城、万科等金牌开发商不买，极度看重高端精装质量与顶级物业的增值口碑。,常年本地稳定居住，工作日职住通勤动线规则单一。
上_2008_00673,上海,2008,教育型买房,35,男,1.3,11.0,0.4,20.7,2,1,是,B,social,0.77,0.49,0.48,0.54,0.54,0.7,0.61,1,0.63,学区房,两室一厅,89,1907,邮政局局长秘书,三口之家(幼龄段),上海中环品质两居，车位及空间极其拥挤,小区无地下车库且人车不分流，小孩在楼下玩耍或者推婴儿车极为不安全。,讲究超高得房率（超85%），主卧套房必须配备独立步入式衣帽间与干湿分离双卫。,主要在陆家嘴/徐家汇CBD上班，首选地铁2/9号线沿线，通勤半小时内。,倡导轻户外，周末常带家人自驾野营或山系徒步，注重生活情调与手作咖啡。,名下持有一套旧两居，置换回款 65% + 个人理财储蓄补充 + 公积金商业贷,重性价比，不盲信大牌，但要求物业管理有序、绿化修剪及时、人防技防规范。,常年本地稳定居住，工作日职住通勤动线规则单一。
上_2008_00674,上海,2008,本地改善,55,男,1.2,15.3,0.45,25.5,5,2,是,B,agent,0.9,0.42,0.54,0.43,0.58,0.89,0.63,0.89,0.64,自住-改善,一室一厅,93,1419,区财政局科员,二胎黄金期中大户型,上海中环品质两居，车位及空间极其拥挤,小区无地下车库且人车不分流，小孩在楼下玩耍或者推婴儿车极为不安全。,讲究超高得房率（超85%），主卧套房必须配备独立步入式衣帽间与干湿分离双卫。,主要在陆家嘴/徐家汇CBD上班，首选地铁2/9号线沿线，通勤半小时内。,倡导轻户外，周末常带家人自驾野营或山系徒步，注重生活情调与手作咖啡。,名下持有一套旧两居，置换回款 65% + 个人理财储蓄补充 + 公积金商业贷,重性价比，不盲信大牌，但要求物业管理有序、绿化修剪及时、人防技防规范。,常年本地稳定居住，工作日职住通勤动线规则单一。
上_2008_00675,上海,2008,教育型买房,35,女,3.7,35.1,0.4,65.8,4,1,是,B,social,0.99,0.63,0.44,0.45,0.54,0.73,0.73,1,0.85,学区房,两室一厅,77,7534,市第二中学地理教师,三口之家(幼龄段),上海中环品质两居，车位及空间极其拥挤,小区无地下车库且人车不分流，小孩在楼下玩耍或者推婴儿车极为不安全。,讲究超高得房率（超85%），主卧套房必须配备独立步入式衣帽间与干湿分离双卫。,主要在陆家嘴/徐家汇CBD上班，首选地铁2/9号线沿线，通勤半小时内。,倡导轻户外，周末常带家人自驾野营或山系徒步，注重生活情调与手作咖啡。,名下持有一套旧两居，置换回款 65% + 个人理财储蓄补充 + 公积金商业贷,非仁恒、绿城、万科等金牌开发商不买，极度看重高端精装质量与顶级物业的增值口碑。,常年本地稳定居住，工作日职住通勤动线规则单一。
上_2008_00676,上海,2008,金融精英,37,男,3.1,23.4,0.4,43.9,4,0,否,A,research,0.56,0.59,0.8,0.57,0.85,0.74,0.71,0.89,0.8,自住-改善,一室一厅,83,3619,申银万国证券分析员,成熟期核心家庭,市中心私密洋房住宅,无高端私密会所及管家式物业配套，圈层鱼龙混杂，高净值居住体验差。,要求有超大面宽南向双阳台（观景家政分离），主卧大飘窗能270度直面自然景观。,主要在陆家嘴/徐家汇CBD上班，首选地铁2/9号线沿线，通勤半小时内。,周末常去高端商圈消费，热衷打网球和马术，重度手冲咖啡及黑胶唱片发烧友。,名下已有企业股权套现或分红现金，一次性全款付清，基本不加杠杆,非仁恒、绿城、万科等金牌开发商不买，极度看重高端精装质量与顶级物业的增值口碑。,常年本地稳定居住，工作日职住通勤动线规则单一。
上_2008_00677,上海,2008,本地改善,56,女,2.0,22.4,0.45,37.3,5,2,否,B,agent,0.69,0.45,0.61,0.56,0.47,0.82,0.58,0.54,0.64,自住-改善,两室两厅,53,5704,区财政局科员,二胎黄金期中大户型,上海中环品质两居，车位及空间极其拥挤,小区无地下车库且人车不分流，小孩在楼下玩耍或者推婴儿车极为不安全。,讲究超高得房率（超85%），主卧套房必须配备独立步入式衣帽间与干湿分离双卫。,主要在陆家嘴/徐家汇CBD上班，首选地铁2/9号线沿线，通勤半小时内。,倡导轻户外，周末常带家人自驾野营或山系徒步，注重生活情调与手作咖啡。,名下持有一套旧两居，置换回款 65% + 个人理财储蓄补充 + 公积金商业贷,重性价比，不盲信大牌，但要求物业管理有序、绿化修剪及时、人防技防规范。,常年本地稳定居住，工作日职住通勤动线规则单一。
上_2008_00678,上海,2008,本地改善,46,女,1.7,15.7,0.45,26.1,4,3,是,B,agent,0.93,0.51,0.6,0.52,0.49,0.95,0.53,0.64,0.6,自住-改善,一室一厅,68,2695,邮政局局长秘书,二胎黄金期中大户型,上海中环品质两居，车位及空间极其拥挤,小区无地下车库且人车不分流，小孩在楼下玩耍或者推婴儿车极为不安全。,讲究超高得房率（超85%），主卧套房必须配备独立步入式衣帽间与干湿分离双卫。,主要在陆家嘴/徐家汇CBD上班，首选地铁2/9号线沿线，通勤半小时内。,倡导轻户外，周末常带家人自驾野营或山系徒步，注重生活情调与手作咖啡。,名下持有一套旧两居，置换回款 65% + 个人理财储蓄补充 + 公积金商业贷,重性价比，不盲信大牌，但要求物业管理有序、绿化修剪及时、人防技防规范。,常年本地稳定居住，工作日职住通勤动线规则单一。
上_2008_00679,上海,2008,教育型买房,43,男,3.3,24.5,0.4,46.0,4,0,是,B,social,1,0.35,0.51,0.29,0.61,0.76,0.6,1,0.6,学区房,两室两厅,83,3086,邮政局局长秘书,成熟期核心家庭,上海中环品质两居，车位及空间极其拥挤,当前房屋属于旧多层无电梯房，父母年纪渐高每天爬楼梯极为吃力。,讲究超高得房率（超85%），主卧套房必须配备独立步入式衣帽间与干湿分离双卫。,主要在陆家嘴/徐家汇CBD上班，首选地铁2/9号线沿线，通勤半小时内。,倡导轻户外，周末常带家人自驾野营或山系徒步，注重生活情调与手作咖啡。,名下持有一套旧两居，置换回款 65% + 个人理财储蓄补充 + 公积金商业贷,重性价比，不盲信大牌，但要求物业管理有序、绿化修剪及时、人防技防规范。,常年本地稳定居住，工作日职住通勤动线规则单一。
上_2008_00680,上海,2008,本地改善,54,女,1.8,22.1,0.45,36.8,4,2,否,B,agent,0.65,0.59,0.64,0.42,0.58,0.84,0.65,0.72,0.54,自住-改善,一室一厅,68,4464,邮政局局长秘书,二胎黄金期中大户型,上海中环品质两居，车位及空间极其拥挤,小区无地下车库且人车不分流，小孩在楼下玩耍或者推婴儿车极为不安全。,讲究超高得房率（超85%），主卧套房必须配备独立步入式衣帽间与干湿分离双卫。,主要在陆家嘴/徐家汇CBD上班，首选地铁2/9号线沿线，通勤半小时内。,倡导轻户外，周末常带家人自驾野营或山系徒步，注重生活情调与手作咖啡。,名下持有一套旧两居，置换回款 65% + 个人理财储蓄补充 + 公积金商业贷,重性价比，不盲信大牌，但要求物业管理有序、绿化修剪及时、人防技防规范。,常年本地稳定居住，工作日职住通勤动线规则单一。
上_2008_00681,上海,2008,教育型买房,47,女,3.4,30.4,0.4,57.1,3,2,否,B,social,1,0.65,0.27,0.36,0.55,0.73,0.57,0.93,0.58,学区房,两室两厅,51,7058,市第二中学地理教师,二胎黄金期中大户型,上海中环品质两居，车位及空间极其拥挤,小区无地下车库且人车不分流，小孩在楼下玩耍或者推婴儿车极为不安全。,讲究超高得房率（超85%），主卧套房必须配备独立步入式衣帽间与干湿分离双卫。,主要在陆家嘴/徐家汇CBD上班，首选地铁2/9号线沿线，通勤半小时内。,倡导轻户外，周末常带家人自驾野营或山系徒步，注重生活情调与手作咖啡。,名下持有一套旧两居，置换回款 65% + 个人理财储蓄补充 + 公积金商业贷,重性价比，不盲信大牌，但要求物业管理有序、绿化修剪及时、人防技防规范。,常年本地稳定居住，工作日职住通勤动线规则单一。
上_2008_00682,上海,2008,长三角家庭,42,男,3.8,27.8,0.45,46.3,5,2,否,B,agent,0.8,0.49,0.54,0.45,0.47,0.81,0.51,0.7,0.64,自住-改善,两室一厅,62,6114,区财政局科员,二胎黄金期中大户型,上海中环品质两居，车位及空间极其拥挤,小区无地下车库且人车不分流，小孩在楼下玩耍或者推婴儿车极为不安全。,讲究超高得房率（超85%），主卧套房必须配备独立步入式衣帽间与干湿分离双卫。,主要在陆家嘴/徐家汇CBD上班，首选地铁2/9号线沿线，通勤半小时内。,倡导轻户外，周末常带家人自驾野营或山系徒步，注重生活情调与手作咖啡。,名下持有一套旧两居，置换回款 65% + 个人理财储蓄补充 + 公积金商业贷,重性价比，不盲信大牌，但要求物业管理有序、绿化修剪及时、人防技防规范。,常年本地稳定居住，工作日职住通勤动线规则单一。
上_2008_00683,上海,2008,教育型买房,44,女,2.8,23.6,0.4,44.2,3,0,是,B,social,1,0.48,0.39,0.44,0.67,0.73,0.54,1,0.56,学区房,一室一厅,61,3638,邮政局局长秘书,成熟期核心家庭,上海中环品质两居，车位及空间极其拥挤,当前房屋属于旧多层无电梯房，父母年纪渐高每天爬楼梯极为吃力。,讲究超高得房率（超85%），主卧套房必须配备独立步入式衣帽间与干湿分离双卫。,主要在陆家嘴/徐家汇CBD上班，首选地铁2/9号线沿线，通勤半小时内。,倡导轻户外，周末常带家人自驾野营或山系徒步，注重生活情调与手作咖啡。,名下持有一套旧两居，置换回款 65% + 个人理财储蓄补充 + 公积金商业贷,重性价比，不盲信大牌，但要求物业管理有序、绿化修剪及时、人防技防规范。,常年本地稳定居住，工作日职住通勤动线规则单一。
上_2008_00684,上海,2008,教育型买房,33,女,3.3,33.8,0.4,63.4,2,1,是,B,social,0.97,0.41,0.43,0.41,0.65,0.63,0.48,0.97,0.48,学区房,两室一厅,99,3676,区财政局科员,三口之家(幼龄段),上海中环品质两居，车位及空间极其拥挤,小区无地下车库且人车不分流，小孩在楼下玩耍或者推婴儿车极为不安全。,核心要求地块属于第一梯队名校学区，且周边500米内解决幼小衔接教育配套。,主要在陆家嘴/徐家汇CBD上班，首选地铁2/9号线沿线，通勤半小时内。,倡导轻户外，周末常带家人自驾野营或山系徒步，注重生活情调与手作咖啡。,名下持有一套旧两居，置换回款 65% + 个人理财储蓄补充 + 公积金商业贷,重性价比，不盲信大牌，但要求物业管理有序、绿化修剪及时、人防技防规范。,常年本地稳定居住，工作日职住通勤动线规则单一。
上_2008_00685,上海,2008,长三角家庭,36,男,3.8,20.8,0.45,34.7,4,1,否,B,agent,0.78,0.57,0.46,0.41,0.49,0.79,0.3,0.71,0.57,自住-改善,两室一厅,87,2494,区财政局科员,三口之家(幼龄段),上海中环品质两居，车位及空间极其拥挤,小区无地下车库且人车不分流，小孩在楼下玩耍或者推婴儿车极为不安全。,讲究超高得房率（超85%），主卧套房必须配备独立步入式衣帽间与干湿分离双卫。,主要在陆家嘴/徐家汇CBD上班，首选地铁2/9号线沿线，通勤半小时内。,倡导轻户外，周末常带家人自驾野营或山系徒步，注重生活情调与手作咖啡。,名下持有一套旧两居，置换回款 65% + 个人理财储蓄补充 + 公积金商业贷,重性价比，不盲信大牌，但要求物业管理有序、绿化修剪及时、人防技防规范。,常年本地稳定居住，工作日职住通勤动线规则单一。
上_2008_00686,上海,2008,教育型买房,47,男,1.4,10.4,0.4,19.4,3,1,是,B,social,0.79,0.49,0.38,0.37,0.58,0.8,0.43,1,0.64,学区房,一室一厅,83,1994,国企车间技术主任,三口之家(学龄段),上海中环品质两居，车位及空间极其拥挤,小区无地下车库且人车不分流，小孩在楼下玩耍或者推婴儿车极为不安全。,讲究超高得房率（超85%），主卧套房必须配备独立步入式衣帽间与干湿分离双卫。,主要在陆家嘴/徐家汇CBD上班，首选地铁2/9号线沿线，通勤半小时内。,倡导轻户外，周末常带家人自驾野营或山系徒步，注重生活情调与手作咖啡。,名下持有一套旧两居，置换回款 65% + 个人理财储蓄补充 + 公积金商业贷,重性价比，不盲信大牌，但要求物业管理有序、绿化修剪及时、人防技防规范。,常年本地稳定居住，工作日职住通勤动线规则单一。
上_2008_00687,上海,2008,本地改善,50,男,2.6,31.8,0.45,52.9,3,2,否,B,agent,0.62,0.59,0.51,0.38,0.66,0.99,0.64,0.57,0.48,自住-改善,一室一厅,97,4876,市第二中学地理教师,二胎黄金期中大户型,上海中环品质两居，车位及空间极其拥挤,小区无地下车库且人车不分流，小孩在楼下玩耍或者推婴儿车极为不安全。,讲究超高得房率（超85%），主卧套房必须配备独立步入式衣帽间与干湿分离双卫。,主要在陆家嘴/徐家汇CBD上班，首选地铁2/9号线沿线，通勤半小时内。,倡导轻户外，周末常带家人自驾野营或山系徒步，注重生活情调与手作咖啡。,名下持有一套旧两居，置换回款 65% + 个人理财储蓄补充 + 公积金商业贷,重性价比，不盲信大牌，但要求物业管理有序、绿化修剪及时、人防技防规范。,常年本地稳定居住，工作日职住通勤动线规则单一。
上_2008_00688,上海,2008,教育型买房,45,男,4.2,24.2,0.4,45.3,3,1,否,B,social,0.88,0.6,0.48,0.48,0.67,0.69,0.46,0.86,0.61,学区房,一室一厅,50,7248,邮政局局长秘书,三口之家(学龄段),上海中环品质两居，车位及空间极其拥挤,小区无地下车库且人车不分流，小孩在楼下玩耍或者推婴儿车极为不安全。,核心要求地块属于第一梯队名校学区，且周边500米内解决幼小衔接教育配套。,主要在陆家嘴/徐家汇CBD上班，首选地铁2/9号线沿线，通勤半小时内。,倡导轻户外，周末常带家人自驾野营或山系徒步，注重生活情调与手作咖啡。,名下持有一套旧两居，置换回款 65% + 个人理财储蓄补充 + 公积金商业贷,重性价比，不盲信大牌，但要求物业管理有序、绿化修剪及时、人防技防规范。,常年本地稳定居住，工作日职住通勤动线规则单一。
上_2008_00689,上海,2008,本地改善,47,男,1.9,23.6,0.45,39.3,4,2,是,B,agent,0.61,0.6,0.57,0.4,0.63,1,0.6,0.74,0.57,自住-改善,一室一厅,97,3486,国企车间技术主任,二胎黄金期中大户型,上海中环品质两居，车位及空间极其拥挤,小区无地下车库且人车不分流，小孩在楼下玩耍或者推婴儿车极为不安全。,讲究超高得房率（超85%），主卧套房必须配备独立步入式衣帽间与干湿分离双卫。,主要在陆家嘴/徐家汇CBD上班，首选地铁2/9号线沿线，通勤半小时内。,倡导轻户外，周末常带家人自驾野营或山系徒步，注重生活情调与手作咖啡。,名下持有一套旧两居，置换回款 65% + 个人理财储蓄补充 + 公积金商业贷,重性价比，不盲信大牌，但要求物业管理有序、绿化修剪及时、人防技防规范。,常年本地稳定居住，工作日职住通勤动线规则单一。
上_2008_00690,上海,2008,教育型买房,35,女,3.5,30.9,0.4,57.9,4,1,是,B,social,0.9,0.41,0.36,0.35,0.76,0.69,0.54,1,0.65,学区房,两室一厅,54,7750,市第二中学地理教师,三口之家(幼龄段),上海中环品质两居，车位及空间极其拥挤,小区无地下车库且人车不分流，小孩在楼下玩耍或者推婴儿车极为不安全。,核心要求地块属于第一梯队名校学区，且周边500米内解决幼小衔接教育配套。,主要在陆家嘴/徐家汇CBD上班，首选地铁2/9号线沿线，通勤半小时内。,倡导轻户外，周末常带家人自驾野营或山系徒步，注重生活情调与手作咖啡。,名下持有一套旧两居，置换回款 65% + 个人理财储蓄补充 + 公积金商业贷,重性价比，不盲信大牌，但要求物业管理有序、绿化修剪及时、人防技防规范。,常年本地稳定居住，工作日职住通勤动线规则单一。
上_2008_00691,上海,2008,本地改善,38,女,0.8,8.6,0.45,14.3,3,2,是,B,agent,0.85,0.36,0.47,0.55,0.67,0.89,0.67,0.76,0.55,自住-改善,一室一厅,95,995,国企车间技术主任,二胎黄金期中大户型,上海中环品质两居，车位及空间极其拥挤,小区无地下车库且人车不分流，小孩在楼下玩耍或者推婴儿车极为不安全。,讲究超高得房率（超85%），主卧套房必须配备独立步入式衣帽间与干湿分离双卫。,主要在陆家嘴/徐家汇CBD上班，首选地铁2/9号线沿线，通勤半小时内。,倡导轻户外，周末常带家人自驾野营或山系徒步，注重生活情调与手作咖啡。,名下持有一套旧两居，置换回款 65% + 个人理财储蓄补充 + 公积金商业贷,重性价比，不盲信大牌，但要求物业管理有序、绿化修剪及时、人防技防规范。,常年本地稳定居住，工作日职住通勤动线规则单一。
上_2008_00692,上海,2008,本地改善,51,男,3.8,44.8,0.45,74.7,4,2,否,B,agent,0.94,0.52,0.5,0.5,0.61,0.75,0.56,0.74,0.71,自住-改善,两室一厅,77,6855,邮政局局长秘书,二胎黄金期中大户型,上海中环品质两居，车位及空间极其拥挤,小区无地下车库且人车不分流，小孩在楼下玩耍或者推婴儿车极为不安全。,讲究超高得房率（超85%），主卧套房必须配备独立步入式衣帽间与干湿分离双卫。,主要在陆家嘴/徐家汇CBD上班，首选地铁2/9号线沿线，通勤半小时内。,倡导轻户外，周末常带家人自驾野营或山系徒步，注重生活情调与手作咖啡。,名下持有一套旧两居，置换回款 65% + 个人理财储蓄补充 + 公积金商业贷,非仁恒、绿城、万科等金牌开发商不买，极度看重高端精装质量与顶级物业的增值口碑。,常年本地稳定居住，工作日职住通勤动线规则单一。
上_2008_00693,上海,2008,长三角家庭,43,女,1.9,12.8,0.45,21.3,5,3,否,B,agent,1,0.43,0.47,0.5,0.48,0.78,0.32,0.84,0.54,自住-改善,一室一厅,77,1932,国企车间技术主任,二胎黄金期中大户型,上海中环品质两居，车位及空间极其拥挤,小区无地下车库且人车不分流，小孩在楼下玩耍或者推婴儿车极为不安全。,讲究超高得房率（超85%），主卧套房必须配备独立步入式衣帽间与干湿分离双卫。,主要在陆家嘴/徐家汇CBD上班，首选地铁2/9号线沿线，通勤半小时内。,倡导轻户外，周末常带家人自驾野营或山系徒步，注重生活情调与手作咖啡。,名下持有一套旧两居，置换回款 65% + 个人理财储蓄补充 + 公积金商业贷,重性价比，不盲信大牌，但要求物业管理有序、绿化修剪及时、人防技防规范。,常年本地稳定居住，工作日职住通勤动线规则单一。
上_2008_00694,上海,2008,本地改善,56,女,2.7,19.8,0.45,33.0,5,2,否,B,agent,0.65,0.47,0.5,0.68,0.45,0.84,0.73,0.77,0.47,自住-改善,两室一厅,54,4932,区财政局科员,二胎黄金期中大户型,上海中环品质两居，车位及空间极其拥挤,小区无地下车库且人车不分流，小孩在楼下玩耍或者推婴儿车极为不安全。,讲究超高得房率（超85%），主卧套房必须配备独立步入式衣帽间与干湿分离双卫。,主要在陆家嘴/徐家汇CBD上班，首选地铁2/9号线沿线，通勤半小时内。,倡导轻户外，周末常带家人自驾野营或山系徒步，注重生活情调与手作咖啡。,名下持有一套旧两居，置换回款 65% + 个人理财储蓄补充 + 公积金商业贷,重性价比，不盲信大牌，但要求物业管理有序、绿化修剪及时、人防技防规范。,常年本地稳定居住，工作日职住通勤动线规则单一。
上_2008_00695,上海,2008,本地改善,40,男,3.1,26.1,0.45,43.5,4,2,否,B,agent,0.78,0.57,0.68,0.51,0.56,0.85,0.68,0.79,0.63,自住-改善,两室两厅,82,4148,邮政局局长秘书,二胎黄金期中大户型,上海中环品质两居，车位及空间极其拥挤,小区无地下车库且人车不分流，小孩在楼下玩耍或者推婴儿车极为不安全。,讲究超高得房率（超85%），主卧套房必须配备独立步入式衣帽间与干湿分离双卫。,主要在陆家嘴/徐家汇CBD上班，首选地铁2/9号线沿线，通勤半小时内。,倡导轻户外，周末常带家人自驾野营或山系徒步，注重生活情调与手作咖啡。,名下持有一套旧两居，置换回款 65% + 个人理财储蓄补充 + 公积金商业贷,重性价比，不盲信大牌，但要求物业管理有序、绿化修剪及时、人防技防规范。,常年本地稳定居住，工作日职住通勤动线规则单一。
上_2008_00696,上海,2008,本地改善,40,男,3.8,40.8,0.45,68.0,4,2,否,B,agent,0.69,0.46,0.51,0.51,0.59,0.67,0.64,0.68,0.52,自住-改善,一室一厅,89,5636,国企车间技术主任,二胎黄金期中大户型,上海中环品质两居，车位及空间极其拥挤,小区无地下车库且人车不分流，小孩在楼下玩耍或者推婴儿车极为不安全。,要求采光通透，全明户型，带多功能嵌入式收纳墙以最大化空间利用。,主要在陆家嘴/徐家汇CBD上班，首选地铁2/9号线沿线，通勤半小时内。,倡导轻户外，周末常带家人自驾野营或山系徒步，注重生活情调与手作咖啡。,名下持有一套旧两居，置换回款 65% + 个人理财储蓄补充 + 公积金商业贷,重性价比，不盲信大牌，但要求物业管理有序、绿化修剪及时、人防技防规范。,常年本地稳定居住，工作日职住通勤动线规则单一。
上_2008_00697,上海,2008,金融精英,49,女,7.0,70.0,0.4,131.2,3,2,否,A,research,0.73,0.61,0.69,0.71,0.69,0.71,0.93,0.84,0.65,自住-改善,两室一厅,63,13083,申银万国证券分析员,二胎黄金期中大户型,西湖边高精平层,无高端私密会所及管家式物业配套，圈层鱼龙混杂，高净值居住体验差。,要求独立电梯入户，主次卧动线分明，配备独立保姆房和私密后院。,主要在陆家嘴/徐家汇CBD上班，首选地铁2/9号线沿线，通勤半小时内。,周末常去高端商圈消费，热衷打网球和马术，重度手冲咖啡及黑胶唱片发烧友。,名下已有企业股权套现或分红现金，一次性全款付清，基本不加杠杆,重性价比，不盲信大牌，但要求物业管理有序、绿化修剪及时、人防技防规范。,常年本地稳定居住，工作日职住通勤动线规则单一。
上_2008_00698,上海,2008,教育型买房,43,女,3.7,25.3,0.4,47.4,3,1,否,B,social,1,0.47,0.43,0.35,0.6,0.76,0.44,0.98,0.53,学区房,一室一厅,80,4564,邮政局局长秘书,三口之家(学龄段),上海中环品质两居，车位及空间极其拥挤,小区无地下车库且人车不分流，小孩在楼下玩耍或者推婴儿车极为不安全。,讲究超高得房率（超85%），主卧套房必须配备独立步入式衣帽间与干湿分离双卫。,主要在陆家嘴/徐家汇CBD上班，首选地铁2/9号线沿线，通勤半小时内。,倡导轻户外，周末常带家人自驾野营或山系徒步，注重生活情调与手作咖啡。,名下持有一套旧两居，置换回款 65% + 个人理财储蓄补充 + 公积金商业贷,重性价比，不盲信大牌，但要求物业管理有序、绿化修剪及时、人防技防规范。,常年本地稳定居住，工作日职住通勤动线规则单一。
上_2008_00699,上海,2008,本地改善,53,男,1.7,12.8,0.45,21.3,5,2,否,B,agent,0.73,0.53,0.57,0.44,0.64,0.71,0.6,0.62,0.48,自住-改善,两室一厅,55,2760,区财政局科员,二胎黄金期中大户型,上海中环品质两居，车位及空间极其拥挤,小区无地下车库且人车不分流，小孩在楼下玩耍或者推婴儿车极为不安全。,讲究超高得房率（超85%），主卧套房必须配备独立步入式衣帽间与干湿分离双卫。,主要在陆家嘴/徐家汇CBD上班，首选地铁2/9号线沿线，通勤半小时内。,倡导轻户外，周末常带家人自驾野营或山系徒步，注重生活情调与手作咖啡。,名下持有一套旧两居，置换回款 65% + 个人理财储蓄补充 + 公积金商业贷,重性价比，不盲信大牌，但要求物业管理有序、绿化修剪及时、人防技防规范。,常年本地稳定居住，工作日职住通勤动线规则单一。
上_2008_00700,上海,2008,金融精英,40,男,1.6,11.5,0.4,21.6,3,1,否,A,research,0.47,0.47,0.57,0.54,0.86,0.7,0.61,0.76,0.75,自住-改善,两室两厅,96,1743,老牌证券公司营业部经理,三口之家(学龄段),陆家嘴核心区江景大平层,无高端私密会所及管家式物业配套，圈层鱼龙混杂，高净值居住体验差。,核心要求地块属于第一梯队名校学区，且周边500米内解决幼小衔接教育配套。,主要在陆家嘴/徐家汇CBD上班，首选地铁2/9号线沿线，通勤半小时内。,周末常去高端商圈消费，热衷打网球和马术，重度手冲咖啡及黑胶唱片发烧友。,名下已有企业股权套现或分红现金，一次性全款付清，基本不加杠杆,非仁恒、绿城、万科等金牌开发商不买，极度看重高端精装质量与顶级物业的增值口碑。,常年本地稳定居住，工作日职住通勤动线规则单一。
上_2008_00701,上海,2008,长三角家庭,53,女,2.9,15.6,0.45,25.9,5,2,否,B,agent,0.72,0.63,0.51,0.61,0.49,0.73,0.45,0.88,0.69,自住-改善,两室两厅,93,1874,区财政局科员,二胎黄金期中大户型,上海中环品质两居，车位及空间极其拥挤,小区无地下车库且人车不分流，小孩在楼下玩耍或者推婴儿车极为不安全。,讲究超高得房率（超85%），主卧套房必须配备独立步入式衣帽间与干湿分离双卫。,主要在陆家嘴/徐家汇CBD上班，首选地铁2/9号线沿线，通勤半小时内。,倡导轻户外，周末常带家人自驾野营或山系徒步，注重生活情调与手作咖啡。,名下持有一套旧两居，置换回款 65% + 个人理财储蓄补充 + 公积金商业贷,重性价比，不盲信大牌，但要求物业管理有序、绿化修剪及时、人防技防规范。,常年本地稳定居住，工作日职住通勤动线规则单一。
上_2008_00702,上海,2008,教育型买房,42,男,1.0,10.3,0.4,19.3,3,0,是,B,social,0.94,0.66,0.46,0.35,0.55,0.68,0.49,0.97,0.66,学区房,两室一厅,64,1698,国企车间技术主任,成熟期核心家庭,上海中环品质两居，车位及空间极其拥挤,当前房屋属于旧多层无电梯房，父母年纪渐高每天爬楼梯极为吃力。,核心要求地块属于第一梯队名校学区，且周边500米内解决幼小衔接教育配套。,主要在陆家嘴/徐家汇CBD上班，首选地铁2/9号线沿线，通勤半小时内。,倡导轻户外，周末常带家人自驾野营或山系徒步，注重生活情调与手作咖啡。,名下持有一套旧两居，置换回款 65% + 个人理财储蓄补充 + 公积金商业贷,重性价比，不盲信大牌，但要求物业管理有序、绿化修剪及时、人防技防规范。,常年本地稳定居住，工作日职住通勤动线规则单一。
上_2008_00703,上海,2008,金融精英,46,女,5.8,43.0,0.4,80.6,2,1,是,A,research,1,0.4,0.68,0.53,0.75,0.77,0.77,0.94,0.85,自住-首套,一室一厅,66,9651,老牌证券公司营业部经理,三口之家(学龄段),陆家嘴核心区江景大平层,当前房屋属于旧多层无电梯房，父母年纪渐高每天爬楼梯极为吃力。,讲究超高得房率（超85%），主卧套房必须配备独立步入式衣帽间与干湿分离双卫。,主要在陆家嘴/徐家汇CBD上班，首选地铁2/9号线沿线，通勤半小时内。,周末常去高端商圈消费，热衷打网球和马术，重度手冲咖啡及黑胶唱片发烧友。,夫妻双方积蓄 + 双方父母出资赞助首付 + 公积金商业组合贷款,非仁恒、绿城、万科等金牌开发商不买，极度看重高端精装质量与顶级物业的增值口碑。,常年本地稳定居住，工作日职住通勤动线规则单一。
上_2008_00704,上海,2008,外籍海归,32,男,5.7,39.0,0.4,73.2,3,1,否,A,social,0.63,0.5,0.58,0.55,0.73,0.72,0.67,0.88,0.93,自住-首套,两室两厅,50,10285,合资日化企业技术主管,三口之家(幼龄段),市中心私密洋房住宅,无高端私密会所及管家式物业配套，圈层鱼龙混杂，高净值居住体验差。,讲究超高得房率（超85%），主卧套房必须配备独立步入式衣帽间与干湿分离双卫。,主要在陆家嘴/徐家汇CBD上班，首选地铁2/9号线沿线，通勤半小时内。,周末常去高端商圈消费，热衷打网球和马术，重度手冲咖啡及黑胶唱片发烧友。,夫妻双方积蓄 + 双方父母出资赞助首付 + 公积金商业组合贷款,非仁恒、绿城、万科等金牌开发商不买，极度看重高端精装质量与顶级物业的增值口碑。,常年本地稳定居住，工作日职住通勤动线规则单一。
上_2008_00705,上海,2008,教育型买房,42,女,2.9,25.5,0.4,47.9,4,1,否,B,social,1,0.6,0.5,0.38,0.46,0.75,0.66,0.95,0.61,学区房,两室一厅,93,3847,市第二中学地理教师,三口之家(学龄段),上海中环品质两居，车位及空间极其拥挤,小区无地下车库且人车不分流，小孩在楼下玩耍或者推婴儿车极为不安全。,讲究超高得房率（超85%），主卧套房必须配备独立步入式衣帽间与干湿分离双卫。,主要在陆家嘴/徐家汇CBD上班，首选地铁2/9号线沿线，通勤半小时内。,倡导轻户外，周末常带家人自驾野营或山系徒步，注重生活情调与手作咖啡。,名下持有一套旧两居，置换回款 65% + 个人理财储蓄补充 + 公积金商业贷,重性价比，不盲信大牌，但要求物业管理有序、绿化修剪及时、人防技防规范。,常年本地稳定居住，工作日职住通勤动线规则单一。
上_2008_00706,上海,2008,本地改善,42,女,1.6,12.2,0.45,20.3,3,1,否,B,agent,0.68,0.47,0.47,0.67,0.37,0.9,0.69,0.49,0.63,自住-改善,两室两厅,100,1227,市第二中学地理教师,三口之家(学龄段),上海中环品质两居，车位及空间极其拥挤,小区无地下车库且人车不分流，小孩在楼下玩耍或者推婴儿车极为不安全。,讲究超高得房率（超85%），主卧套房必须配备独立步入式衣帽间与干湿分离双卫。,主要在陆家嘴/徐家汇CBD上班，首选地铁2/9号线沿线，通勤半小时内。,倡导轻户外，周末常带家人自驾野营或山系徒步，注重生活情调与手作咖啡。,名下持有一套旧两居，置换回款 65% + 个人理财储蓄补充 + 公积金商业贷,重性价比，不盲信大牌，但要求物业管理有序、绿化修剪及时、人防技防规范。,常年本地稳定居住，工作日职住通勤动线规则单一。
上_2008_00707,上海,2008,金融精英,40,男,3.8,36.1,0.4,67.7,2,1,否,A,research,0.94,0.48,0.68,0.64,0.83,0.81,0.64,0.83,0.88,自住-首套,一室一厅,64,6108,商业银行支行信贷科长,三口之家(学龄段),陆家嘴核心区江景大平层,无高端私密会所及管家式物业配套，圈层鱼龙混杂，高净值居住体验差。,讲究超高得房率（超85%），主卧套房必须配备独立步入式衣帽间与干湿分离双卫。,主要在陆家嘴/徐家汇CBD上班，首选地铁2/9号线沿线，通勤半小时内。,周末常去高端商圈消费，热衷打网球和马术，重度手冲咖啡及黑胶唱片发烧友。,夫妻双方积蓄 + 双方父母出资赞助首付 + 公积金商业组合贷款,非仁恒、绿城、万科等金牌开发商不买，极度看重高端精装质量与顶级物业的增值口碑。,常年本地稳定居住，工作日职住通勤动线规则单一。
上_2008_00708,上海,2008,本地改善,57,女,2.3,27.6,0.45,46.0,5,2,是,B,agent,0.79,0.52,0.49,0.55,0.48,0.82,0.71,0.64,0.72,自住-改善,两室一厅,70,4891,市第二中学地理教师,二胎黄金期中大户型,上海中环品质两居，车位及空间极其拥挤,小区无地下车库且人车不分流，小孩在楼下玩耍或者推婴儿车极为不安全。,讲究超高得房率（超85%），主卧套房必须配备独立步入式衣帽间与干湿分离双卫。,主要在陆家嘴/徐家汇CBD上班，首选地铁2/9号线沿线，通勤半小时内。,倡导轻户外，周末常带家人自驾野营或山系徒步，注重生活情调与手作咖啡。,名下持有一套旧两居，置换回款 65% + 个人理财储蓄补充 + 公积金商业贷,非仁恒、绿城、万科等金牌开发商不买，极度看重高端精装质量与顶级物业的增值口碑。,常年本地稳定居住，工作日职住通勤动线规则单一。
上_2008_00709,上海,2008,本地改善,56,女,3.1,27.5,0.45,45.8,4,3,否,B,agent,0.66,0.43,0.68,0.55,0.5,0.91,0.48,0.84,0.56,自住-改善,一室一厅,56,5076,国企车间技术主任,二胎黄金期中大户型,上海中环品质两居，车位及空间极其拥挤,小区无地下车库且人车不分流，小孩在楼下玩耍或者推婴儿车极为不安全。,讲究超高得房率（超85%），主卧套房必须配备独立步入式衣帽间与干湿分离双卫。,主要在陆家嘴/徐家汇CBD上班，首选地铁2/9号线沿线，通勤半小时内。,倡导轻户外，周末常带家人自驾野营或山系徒步，注重生活情调与手作咖啡。,名下持有一套旧两居，置换回款 65% + 个人理财储蓄补充 + 公积金商业贷,重性价比，不盲信大牌，但要求物业管理有序、绿化修剪及时、人防技防规范。,常年本地稳定居住，工作日职住通勤动线规则单一。
上_2008_00710,上海,2008,本地改善,50,男,1.7,14.7,0.45,24.5,3,3,是,B,agent,0.56,0.49,0.59,0.34,0.68,0.74,0.64,0.74,0.6,自住-改善,一室一厅,57,2812,邮政局局长秘书,二胎黄金期中大户型,上海中环品质两居，车位及空间极其拥挤,小区无地下车库且人车不分流，小孩在楼下玩耍或者推婴儿车极为不安全。,讲究超高得房率（超85%），主卧套房必须配备独立步入式衣帽间与干湿分离双卫。,主要在陆家嘴/徐家汇CBD上班，首选地铁2/9号线沿线，通勤半小时内。,倡导轻户外，周末常带家人自驾野营或山系徒步，注重生活情调与手作咖啡。,名下持有一套旧两居，置换回款 65% + 个人理财储蓄补充 + 公积金商业贷,重性价比，不盲信大牌，但要求物业管理有序、绿化修剪及时、人防技防规范。,常年本地稳定居住，工作日职住通勤动线规则单一。
上_2008_00711,上海,2008,本地改善,55,男,1.9,16.1,0.45,26.8,4,2,是,B,agent,0.89,0.49,0.62,0.59,0.69,0.92,0.45,0.8,0.48,自住-改善,两室两厅,81,2094,市第二中学地理教师,二胎黄金期中大户型,上海中环品质两居，车位及空间极其拥挤,小区无地下车库且人车不分流，小孩在楼下玩耍或者推婴儿车极为不安全。,讲究超高得房率（超85%），主卧套房必须配备独立步入式衣帽间与干湿分离双卫。,主要在陆家嘴/徐家汇CBD上班，首选地铁2/9号线沿线，通勤半小时内。,倡导轻户外，周末常带家人自驾野营或山系徒步，注重生活情调与手作咖啡。,名下持有一套旧两居，置换回款 65% + 个人理财储蓄补充 + 公积金商业贷,重性价比，不盲信大牌，但要求物业管理有序、绿化修剪及时、人防技防规范。,常年本地稳定居住，工作日职住通勤动线规则单一。
上_2008_00712,上海,2008,本地改善,40,女,1.8,19.3,0.45,32.2,4,2,否,B,agent,0.98,0.47,0.36,0.54,0.56,0.73,0.48,0.7,0.49,自住-改善,一室一厅,62,3661,市第二中学地理教师,二胎黄金期中大户型,上海中环品质两居，车位及空间极其拥挤,小区无地下车库且人车不分流，小孩在楼下玩耍或者推婴儿车极为不安全。,讲究超高得房率（超85%），主卧套房必须配备独立步入式衣帽间与干湿分离双卫。,主要在陆家嘴/徐家汇CBD上班，首选地铁2/9号线沿线，通勤半小时内。,倡导轻户外，周末常带家人自驾野营或山系徒步，注重生活情调与手作咖啡。,名下持有一套旧两居，置换回款 65% + 个人理财储蓄补充 + 公积金商业贷,重性价比，不盲信大牌，但要求物业管理有序、绿化修剪及时、人防技防规范。,常年本地稳定居住，工作日职住通勤动线规则单一。
上_2008_00713,上海,2008,本地改善,38,男,1.3,13.4,0.45,22.3,3,2,是,B,agent,0.81,0.52,0.5,0.55,0.53,0.91,0.59,0.73,0.66,自住-改善,两室一厅,94,1630,邮政局局长秘书,二胎黄金期中大户型,上海中环品质两居，车位及空间极其拥挤,小区无地下车库且人车不分流，小孩在楼下玩耍或者推婴儿车极为不安全。,讲究超高得房率（超85%），主卧套房必须配备独立步入式衣帽间与干湿分离双卫。,主要在陆家嘴/徐家汇CBD上班，首选地铁2/9号线沿线，通勤半小时内。,倡导轻户外，周末常带家人自驾野营或山系徒步，注重生活情调与手作咖啡。,名下持有一套旧两居，置换回款 65% + 个人理财储蓄补充 + 公积金商业贷,重性价比，不盲信大牌，但要求物业管理有序、绿化修剪及时、人防技防规范。,常年本地稳定居住，工作日职住通勤动线规则单一。
上_2008_00714,上海,2008,教育型买房,35,男,3.5,26.9,0.4,50.5,2,1,否,B,social,0.99,0.47,0.39,0.51,0.61,0.74,0.61,0.92,0.59,学区房,两室一厅,95,3350,邮政局局长秘书,三口之家(幼龄段),上海中环品质两居，车位及空间极其拥挤,小区无地下车库且人车不分流，小孩在楼下玩耍或者推婴儿车极为不安全。,讲究超高得房率（超85%），主卧套房必须配备独立步入式衣帽间与干湿分离双卫。,主要在陆家嘴/徐家汇CBD上班，首选地铁2/9号线沿线，通勤半小时内。,倡导轻户外，周末常带家人自驾野营或山系徒步，注重生活情调与手作咖啡。,名下持有一套旧两居，置换回款 65% + 个人理财储蓄补充 + 公积金商业贷,重性价比，不盲信大牌，但要求物业管理有序、绿化修剪及时、人防技防规范。,常年本地稳定居住，工作日职住通勤动线规则单一。
上_2008_00715,上海,2008,本地改善,53,男,1.1,13.4,0.45,22.3,4,3,是,B,agent,0.92,0.52,0.64,0.37,0.62,0.94,0.57,0.65,0.56,自住-改善,两室两厅,87,1616,区财政局科员,二胎黄金期中大户型,上海中环品质两居，车位及空间极其拥挤,小区无地下车库且人车不分流，小孩在楼下玩耍或者推婴儿车极为不安全。,讲究超高得房率（超85%），主卧套房必须配备独立步入式衣帽间与干湿分离双卫。,主要在陆家嘴/徐家汇CBD上班，首选地铁2/9号线沿线，通勤半小时内。,倡导轻户外，周末常带家人自驾野营或山系徒步，注重生活情调与手作咖啡。,名下持有一套旧两居，置换回款 65% + 个人理财储蓄补充 + 公积金商业贷,重性价比，不盲信大牌，但要求物业管理有序、绿化修剪及时、人防技防规范。,常年本地稳定居住，工作日职住通勤动线规则单一。
上_2008_00716,上海,2008,长三角家庭,47,女,2.2,16.3,0.45,27.1,3,2,否,B,agent,0.86,0.48,0.7,0.39,0.56,0.82,0.48,0.71,0.6,自住-改善,两室两厅,92,1935,国企车间技术主任,二胎黄金期中大户型,上海中环品质两居，车位及空间极其拥挤,小区无地下车库且人车不分流，小孩在楼下玩耍或者推婴儿车极为不安全。,讲究超高得房率（超85%），主卧套房必须配备独立步入式衣帽间与干湿分离双卫。,主要在陆家嘴/徐家汇CBD上班，首选地铁2/9号线沿线，通勤半小时内。,倡导轻户外，周末常带家人自驾野营或山系徒步，注重生活情调与手作咖啡。,名下持有一套旧两居，置换回款 65% + 个人理财储蓄补充 + 公积金商业贷,重性价比，不盲信大牌，但要求物业管理有序、绿化修剪及时、人防技防规范。,常年本地稳定居住，工作日职住通勤动线规则单一。
上_2008_00717,上海,2008,教育型买房,33,男,3.3,22.8,0.4,42.8,3,1,是,B,social,1.0,0.36,0.46,0.5,0.61,0.69,0.5,1,0.69,学区房,两室两厅,66,5426,市第二中学地理教师,三口之家(幼龄段),上海中环品质两居，车位及空间极其拥挤,小区无地下车库且人车不分流，小孩在楼下玩耍或者推婴儿车极为不安全。,核心要求地块属于第一梯队名校学区，且周边500米内解决幼小衔接教育配套。,主要在陆家嘴/徐家汇CBD上班，首选地铁2/9号线沿线，通勤半小时内。,倡导轻户外，周末常带家人自驾野营或山系徒步，注重生活情调与手作咖啡。,名下持有一套旧两居，置换回款 65% + 个人理财储蓄补充 + 公积金商业贷,重性价比，不盲信大牌，但要求物业管理有序、绿化修剪及时、人防技防规范。,常年本地稳定居住，工作日职住通勤动线规则单一。
上_2008_00718,上海,2008,本地改善,42,男,2.1,17.4,0.45,29.0,4,2,否,B,agent,0.83,0.59,0.53,0.54,0.55,0.83,0.65,0.73,0.65,自住-改善,两室一厅,53,4297,区财政局科员,二胎黄金期中大户型,上海中环品质两居，车位及空间极其拥挤,小区无地下车库且人车不分流，小孩在楼下玩耍或者推婴儿车极为不安全。,讲究超高得房率（超85%），主卧套房必须配备独立步入式衣帽间与干湿分离双卫。,主要在陆家嘴/徐家汇CBD上班，首选地铁2/9号线沿线，通勤半小时内。,倡导轻户外，周末常带家人自驾野营或山系徒步，注重生活情调与手作咖啡。,名下持有一套旧两居，置换回款 65% + 个人理财储蓄补充 + 公积金商业贷,重性价比，不盲信大牌，但要求物业管理有序、绿化修剪及时、人防技防规范。,常年本地稳定居住，工作日职住通勤动线规则单一。
上_2008_00719,上海,2008,本地改善,41,女,2.2,23.3,0.45,38.9,4,3,否,B,agent,0.93,0.53,0.51,0.33,0.5,0.76,0.66,0.67,0.67,自住-改善,两室一厅,78,2780,区财政局科员,二胎黄金期中大户型,上海中环品质两居，车位及空间极其拥挤,小区无地下车库且人车不分流，小孩在楼下玩耍或者推婴儿车极为不安全。,讲究超高得房率（超85%），主卧套房必须配备独立步入式衣帽间与干湿分离双卫。,主要在陆家嘴/徐家汇CBD上班，首选地铁2/9号线沿线，通勤半小时内。,倡导轻户外，周末常带家人自驾野营或山系徒步，注重生活情调与手作咖啡。,名下持有一套旧两居，置换回款 65% + 个人理财储蓄补充 + 公积金商业贷,重性价比，不盲信大牌，但要求物业管理有序、绿化修剪及时、人防技防规范。,常年本地稳定居住，工作日职住通勤动线规则单一。
上_2008_00720,上海,2008,教育型买房,40,男,3.2,28.6,0.4,53.7,3,1,是,B,social,0.9,0.48,0.38,0.4,0.74,0.64,0.6,1,0.69,学区房,一室一厅,76,4246,国企车间技术主任,三口之家(学龄段),上海中环品质两居，车位及空间极其拥挤,小区无地下车库且人车不分流，小孩在楼下玩耍或者推婴儿车极为不安全。,核心要求地块属于第一梯队名校学区，且周边500米内解决幼小衔接教育配套。,主要在陆家嘴/徐家汇CBD上班，首选地铁2/9号线沿线，通勤半小时内。,倡导轻户外，周末常带家人自驾野营或山系徒步，注重生活情调与手作咖啡。,名下持有一套旧两居，置换回款 65% + 个人理财储蓄补充 + 公积金商业贷,重性价比，不盲信大牌，但要求物业管理有序、绿化修剪及时、人防技防规范。,常年本地稳定居住，工作日职住通勤动线规则单一。
上_2008_00721,上海,2008,金融精英,32,女,4.5,39.0,0.4,73.1,3,0,否,A,research,0.68,0.44,0.62,0.57,0.81,0.86,0.7,0.77,0.87,自住-首套,两室两厅,69,6693,申银万国证券分析员,新婚过渡两居,陆家嘴核心区江景大平层,无高端私密会所及管家式物业配套，圈层鱼龙混杂，高净值居住体验差。,讲究超高得房率（超85%），主卧套房必须配备独立步入式衣帽间与干湿分离双卫。,主要在陆家嘴/徐家汇CBD上班，首选地铁2/9号线沿线，通勤半小时内。,周末常去高端商圈消费，热衷打网球和马术，重度手冲咖啡及黑胶唱片发烧友。,夫妻双方积蓄 + 双方父母出资赞助首付 + 公积金商业组合贷款,非仁恒、绿城、万科等金牌开发商不买，极度看重高端精装质量与顶级物业的增值口碑。,常年本地稳定居住，工作日职住通勤动线规则单一。
上_2008_00722,上海,2008,长三角家庭,37,女,3.0,17.8,0.45,29.7,4,2,否,B,agent,0.73,0.62,0.54,0.4,0.55,0.8,0.25,0.58,0.65,自住-首套,两室一厅,89,2067,邮政局局长秘书,二胎黄金期中大户型,上海中环品质两居，车位及空间极其拥挤,小区无地下车库且人车不分流，小孩在楼下玩耍或者推婴儿车极为不安全。,讲究超高得房率（超85%），主卧套房必须配备独立步入式衣帽间与干湿分离双卫。,主要在陆家嘴/徐家汇CBD上班，首选地铁2/9号线沿线，通勤半小时内。,倡导轻户外，周末常带家人自驾野营或山系徒步，注重生活情调与手作咖啡。,夫妻双方积蓄 + 双方父母出资赞助首付 + 公积金商业组合贷款,重性价比，不盲信大牌，但要求物业管理有序、绿化修剪及时、人防技防规范。,常年本地稳定居住，工作日职住通勤动线规则单一。
上_2008_00723,上海,2008,本地改善,54,男,1.4,17.8,0.45,29.6,4,2,否,B,agent,0.86,0.56,0.52,0.48,0.5,0.91,0.67,0.64,0.64,自住-改善,两室两厅,91,2255,邮政局局长秘书,二胎黄金期中大户型,上海中环品质两居，车位及空间极其拥挤,小区无地下车库且人车不分流，小孩在楼下玩耍或者推婴儿车极为不安全。,讲究超高得房率（超85%），主卧套房必须配备独立步入式衣帽间与干湿分离双卫。,主要在陆家嘴/徐家汇CBD上班，首选地铁2/9号线沿线，通勤半小时内。,倡导轻户外，周末常带家人自驾野营或山系徒步，注重生活情调与手作咖啡。,名下持有一套旧两居，置换回款 65% + 个人理财储蓄补充 + 公积金商业贷,重性价比，不盲信大牌，但要求物业管理有序、绿化修剪及时、人防技防规范。,常年本地稳定居住，工作日职住通勤动线规则单一。
上_2008_00724,上海,2008,教育型买房,34,男,4.7,32.4,0.4,60.8,3,1,是,B,social,0.54,0.64,0.45,0.37,0.7,0.66,0.51,0.9,0.58,学区房,两室一厅,53,7038,区财政局科员,三口之家(幼龄段),上海中环品质两居，车位及空间极其拥挤,小区无地下车库且人车不分流，小孩在楼下玩耍或者推婴儿车极为不安全。,核心要求地块属于第一梯队名校学区，且周边500米内解决幼小衔接教育配套。,主要在陆家嘴/徐家汇CBD上班，首选地铁2/9号线沿线，通勤半小时内。,倡导轻户外，周末常带家人自驾野营或山系徒步，注重生活情调与手作咖啡。,名下持有一套旧两居，置换回款 65% + 个人理财储蓄补充 + 公积金商业贷,重性价比，不盲信大牌，但要求物业管理有序、绿化修剪及时、人防技防规范。,常年本地稳定居住，工作日职住通勤动线规则单一。
上_2008_00725,上海,2008,长三角家庭,41,女,0.8,6.6,0.45,11.0,4,2,否,B,agent,0.87,0.57,0.59,0.43,0.59,0.73,0.45,0.56,0.57,自住-首套,两室一厅,93,1058,市第二中学地理教师,二胎黄金期中大户型,上海中环品质两居，车位及空间极其拥挤,小区无地下车库且人车不分流，小孩在楼下玩耍或者推婴儿车极为不安全。,讲究超高得房率（超85%），主卧套房必须配备独立步入式衣帽间与干湿分离双卫。,主要在陆家嘴/徐家汇CBD上班，首选地铁2/9号线沿线，通勤半小时内。,倡导轻户外，周末常带家人自驾野营或山系徒步，注重生活情调与手作咖啡。,夫妻双方积蓄 + 双方父母出资赞助首付 + 公积金商业组合贷款,重性价比，不盲信大牌，但要求物业管理有序、绿化修剪及时、人防技防规范。,常年本地稳定居住，工作日职住通勤动线规则单一。
上_2008_00726,上海,2008,本地改善,57,女,2.0,17.1,0.45,28.5,4,2,是,B,agent,0.85,0.49,0.51,0.6,0.57,0.79,0.54,0.53,0.5,自住-改善,两室一厅,61,2406,市第二中学地理教师,二胎黄金期中大户型,上海中环品质两居，车位及空间极其拥挤,小区无地下车库且人车不分流，小孩在楼下玩耍或者推婴儿车极为不安全。,讲究超高得房率（超85%），主卧套房必须配备独立步入式衣帽间与干湿分离双卫。,主要在陆家嘴/徐家汇CBD上班，首选地铁2/9号线沿线，通勤半小时内。,倡导轻户外，周末常带家人自驾野营或山系徒步，注重生活情调与手作咖啡。,名下持有一套旧两居，置换回款 65% + 个人理财储蓄补充 + 公积金商业贷,重性价比，不盲信大牌，但要求物业管理有序、绿化修剪及时、人防技防规范。,常年本地稳定居住，工作日职住通勤动线规则单一。
上_2008_00727,上海,2008,本地改善,45,女,1.0,8.6,0.45,14.3,4,2,是,B,agent,0.6,0.49,0.4,0.5,0.66,0.75,0.59,0.71,0.6,自住-改善,一室一厅,88,1273,国企车间技术主任,二胎黄金期中大户型,上海中环品质两居，车位及空间极其拥挤,小区无地下车库且人车不分流，小孩在楼下玩耍或者推婴儿车极为不安全。,讲究超高得房率（超85%），主卧套房必须配备独立步入式衣帽间与干湿分离双卫。,主要在陆家嘴/徐家汇CBD上班，首选地铁2/9号线沿线，通勤半小时内。,倡导轻户外，周末常带家人自驾野营或山系徒步，注重生活情调与手作咖啡。,名下持有一套旧两居，置换回款 65% + 个人理财储蓄补充 + 公积金商业贷,重性价比，不盲信大牌，但要求物业管理有序、绿化修剪及时、人防技防规范。,常年本地稳定居住，工作日职住通勤动线规则单一。
上_2008_00728,上海,2008,本地改善,52,男,1.6,12.7,0.45,21.2,3,2,是,B,agent,0.44,0.47,0.52,0.62,0.64,0.88,0.59,0.67,0.61,自住-改善,两室一厅,73,1928,国企车间技术主任,二胎黄金期中大户型,上海中环品质两居，车位及空间极其拥挤,小区无地下车库且人车不分流，小孩在楼下玩耍或者推婴儿车极为不安全。,讲究超高得房率（超85%），主卧套房必须配备独立步入式衣帽间与干湿分离双卫。,主要在陆家嘴/徐家汇CBD上班，首选地铁2/9号线沿线，通勤半小时内。,倡导轻户外，周末常带家人自驾野营或山系徒步，注重生活情调与手作咖啡。,名下持有一套旧两居，置换回款 65% + 个人理财储蓄补充 + 公积金商业贷,重性价比，不盲信大牌，但要求物业管理有序、绿化修剪及时、人防技防规范。,常年本地稳定居住，工作日职住通勤动线规则单一。
上_2008_00729,上海,2008,金融精英,40,女,6.9,52.5,0.4,98.5,4,1,否,A,research,0.71,0.47,0.67,0.64,0.66,0.75,0.91,0.85,0.74,自住-改善,一室一厅,78,7531,申银万国证券分析员,三口之家(学龄段),西湖边高精平层,无高端私密会所及管家式物业配套，圈层鱼龙混杂，高净值居住体验差。,讲究超高得房率（超85%），主卧套房必须配备独立步入式衣帽间与干湿分离双卫。,主要在陆家嘴/徐家汇CBD上班，首选地铁2/9号线沿线，通勤半小时内。,周末常去高端商圈消费，热衷打网球和马术，重度手冲咖啡及黑胶唱片发烧友。,名下已有企业股权套现或分红现金，一次性全款付清，基本不加杠杆,非仁恒、绿城、万科等金牌开发商不买，极度看重高端精装质量与顶级物业的增值口碑。,常年本地稳定居住，工作日职住通勤动线规则单一。
上_2008_00730,上海,2008,金融精英,39,女,4.2,32.8,0.4,61.5,2,0,否,A,research,0.92,0.35,0.6,0.64,0.8,0.65,0.64,0.82,0.93,自住-首套,一室一厅,77,4737,申银万国证券分析员,成熟期核心家庭,陆家嘴核心区江景大平层,无高端私密会所及管家式物业配套，圈层鱼龙混杂，高净值居住体验差。,核心要求地块属于第一梯队名校学区，且周边500米内解决幼小衔接教育配套。,主要在陆家嘴/徐家汇CBD上班，首选地铁2/9号线沿线，通勤半小时内。,周末常去高端商圈消费，热衷打网球和马术，重度手冲咖啡及黑胶唱片发烧友。,夫妻双方积蓄 + 双方父母出资赞助首付 + 公积金商业组合贷款,非仁恒、绿城、万科等金牌开发商不买，极度看重高端精装质量与顶级物业的增值口碑。,常年本地稳定居住，工作日职住通勤动线规则单一。
上_2008_00731,上海,2008,教育型买房,33,女,2.3,13.6,0.4,25.5,3,1,是,B,social,0.8,0.42,0.38,0.45,0.75,0.67,0.51,1,0.54,学区房,两室一厅,64,2718,国企车间技术主任,三口之家(幼龄段),上海中环品质两居，车位及空间极其拥挤,小区无地下车库且人车不分流，小孩在楼下玩耍或者推婴儿车极为不安全。,核心要求地块属于第一梯队名校学区，且周边500米内解决幼小衔接教育配套。,主要在陆家嘴/徐家汇CBD上班，首选地铁2/9号线沿线，通勤半小时内。,倡导轻户外，周末常带家人自驾野营或山系徒步，注重生活情调与手作咖啡。,名下持有一套旧两居，置换回款 65% + 个人理财储蓄补充 + 公积金商业贷,重性价比，不盲信大牌，但要求物业管理有序、绿化修剪及时、人防技防规范。,常年本地稳定居住，工作日职住通勤动线规则单一。
上_2008_00732,上海,2008,本地改善,39,女,2.8,34.7,0.45,57.9,4,2,是,B,agent,1,0.54,0.38,0.48,0.67,0.94,0.59,0.74,0.75,自住-改善,两室一厅,63,7074,市第二中学地理教师,二胎黄金期中大户型,上海中环品质两居，车位及空间极其拥挤,小区无地下车库且人车不分流，小孩在楼下玩耍或者推婴儿车极为不安全。,讲究超高得房率（超85%），主卧套房必须配备独立步入式衣帽间与干湿分离双卫。,主要在陆家嘴/徐家汇CBD上班，首选地铁2/9号线沿线，通勤半小时内。,倡导轻户外，周末常带家人自驾野营或山系徒步，注重生活情调与手作咖啡。,名下持有一套旧两居，置换回款 65% + 个人理财储蓄补充 + 公积金商业贷,非仁恒、绿城、万科等金牌开发商不买，极度看重高端精装质量与顶级物业的增值口碑。,常年本地稳定居住，工作日职住通勤动线规则单一。
上_2008_00733,上海,2008,本地改善,50,男,1.5,15.8,0.45,26.4,4,3,否,B,agent,0.71,0.44,0.46,0.59,0.57,0.93,0.51,0.59,0.59,自住-改善,两室两厅,63,2816,国企车间技术主任,二胎黄金期中大户型,上海中环品质两居，车位及空间极其拥挤,小区无地下车库且人车不分流，小孩在楼下玩耍或者推婴儿车极为不安全。,讲究超高得房率（超85%），主卧套房必须配备独立步入式衣帽间与干湿分离双卫。,主要在陆家嘴/徐家汇CBD上班，首选地铁2/9号线沿线，通勤半小时内。,倡导轻户外，周末常带家人自驾野营或山系徒步，注重生活情调与手作咖啡。,名下持有一套旧两居，置换回款 65% + 个人理财储蓄补充 + 公积金商业贷,重性价比，不盲信大牌，但要求物业管理有序、绿化修剪及时、人防技防规范。,常年本地稳定居住，工作日职住通勤动线规则单一。
上_2008_00734,上海,2008,本地改善,54,女,2.0,26.0,0.45,43.4,3,1,是,B,agent,0.81,0.57,0.58,0.5,0.46,0.75,0.64,0.55,0.62,自住-改善,一室一厅,69,3627,邮政局局长秘书,三口之家(学龄段),上海中环品质两居，车位及空间极其拥挤,小区无地下车库且人车不分流，小孩在楼下玩耍或者推婴儿车极为不安全。,讲究超高得房率（超85%），主卧套房必须配备独立步入式衣帽间与干湿分离双卫。,主要在陆家嘴/徐家汇CBD上班，首选地铁2/9号线沿线，通勤半小时内。,倡导轻户外，周末常带家人自驾野营或山系徒步，注重生活情调与手作咖啡。,名下持有一套旧两居，置换回款 65% + 个人理财储蓄补充 + 公积金商业贷,重性价比，不盲信大牌，但要求物业管理有序、绿化修剪及时、人防技防规范。,常年本地稳定居住，工作日职住通勤动线规则单一。
上_2008_00735,上海,2008,金融精英,48,男,4.9,28.8,0.4,54.0,4,1,否,A,research,0.8,0.36,0.6,0.69,0.93,0.79,0.81,0.75,0.87,自住-首套,两室一厅,56,6985,老牌证券公司营业部经理,三口之家(学龄段),西湖边高精平层,无高端私密会所及管家式物业配套，圈层鱼龙混杂，高净值居住体验差。,讲究超高得房率（超85%），主卧套房必须配备独立步入式衣帽间与干湿分离双卫。,主要在陆家嘴/徐家汇CBD上班，首选地铁2/9号线沿线，通勤半小时内。,周末常去高端商圈消费，热衷打网球和马术，重度手冲咖啡及黑胶唱片发烧友。,夫妻双方积蓄 + 双方父母出资赞助首付 + 公积金商业组合贷款,非仁恒、绿城、万科等金牌开发商不买，极度看重高端精装质量与顶级物业的增值口碑。,常年本地稳定居住，工作日职住通勤动线规则单一。
上_2008_00736,上海,2008,金融精英,47,女,3.0,20.4,0.4,38.2,3,1,否,A,research,1,0.32,0.66,0.63,0.82,0.65,0.75,0.84,0.88,自住-改善,两室两厅,82,4091,老牌证券公司营业部经理,三口之家(学龄段),陆家嘴核心区江景大平层,无高端私密会所及管家式物业配套，圈层鱼龙混杂，高净值居住体验差。,核心要求地块属于第一梯队名校学区，且周边500米内解决幼小衔接教育配套。,主要在陆家嘴/徐家汇CBD上班，首选地铁2/9号线沿线，通勤半小时内。,周末常去高端商圈消费，热衷打网球和马术，重度手冲咖啡及黑胶唱片发烧友。,名下已有企业股权套现或分红现金，一次性全款付清，基本不加杠杆,非仁恒、绿城、万科等金牌开发商不买，极度看重高端精装质量与顶级物业的增值口碑。,常年本地稳定居住，工作日职住通勤动线规则单一。
上_2008_00737,上海,2008,本地改善,47,男,4.4,55.5,0.45,92.4,6,2,否,B,agent,0.83,0.61,0.47,0.47,0.66,0.87,0.77,0.83,0.47,自住-改善,两室一厅,56,12904,区财政局科员,二胎黄金期中大户型,上海中环品质两居，车位及空间极其拥挤,小区无地下车库且人车不分流，小孩在楼下玩耍或者推婴儿车极为不安全。,讲究超高得房率（超85%），主卧套房必须配备独立步入式衣帽间与干湿分离双卫。,主要在陆家嘴/徐家汇CBD上班，首选地铁2/9号线沿线，通勤半小时内。,倡导轻户外，周末常带家人自驾野营或山系徒步，注重生活情调与手作咖啡。,名下持有一套旧两居，置换回款 65% + 个人理财储蓄补充 + 公积金商业贷,重性价比，不盲信大牌，但要求物业管理有序、绿化修剪及时、人防技防规范。,常年本地稳定居住，工作日职住通勤动线规则单一。
上_2008_00738,上海,2008,本地改善,43,男,2.7,18.8,0.45,31.4,4,2,否,B,agent,0.96,0.49,0.58,0.42,0.69,0.9,0.61,0.7,0.61,自住-改善,两室两厅,80,3342,国企车间技术主任,二胎黄金期中大户型,上海中环品质两居，车位及空间极其拥挤,小区无地下车库且人车不分流，小孩在楼下玩耍或者推婴儿车极为不安全。,讲究超高得房率（超85%），主卧套房必须配备独立步入式衣帽间与干湿分离双卫。,主要在陆家嘴/徐家汇CBD上班，首选地铁2/9号线沿线，通勤半小时内。,倡导轻户外，周末常带家人自驾野营或山系徒步，注重生活情调与手作咖啡。,名下持有一套旧两居，置换回款 65% + 个人理财储蓄补充 + 公积金商业贷,重性价比，不盲信大牌，但要求物业管理有序、绿化修剪及时、人防技防规范。,常年本地稳定居住，工作日职住通勤动线规则单一。
上_2008_00739,上海,2008,长三角家庭,42,男,2.0,12.3,0.45,20.6,3,3,是,B,agent,0.78,0.64,0.69,0.47,0.52,0.82,0.44,0.8,0.74,自住-首套,两室两厅,58,1897,区财政局科员,二胎黄金期中大户型,上海中环品质两居，车位及空间极其拥挤,小区无地下车库且人车不分流，小孩在楼下玩耍或者推婴儿车极为不安全。,讲究超高得房率（超85%），主卧套房必须配备独立步入式衣帽间与干湿分离双卫。,主要在陆家嘴/徐家汇CBD上班，首选地铁2/9号线沿线，通勤半小时内。,倡导轻户外，周末常带家人自驾野营或山系徒步，注重生活情调与手作咖啡。,夫妻双方积蓄 + 双方父母出资赞助首付 + 公积金商业组合贷款,非仁恒、绿城、万科等金牌开发商不买，极度看重高端精装质量与顶级物业的增值口碑。,常年本地稳定居住，工作日职住通勤动线规则单一。
上_2008_00740,上海,2008,金融精英,40,男,3.8,32.4,0.4,60.7,3,1,否,A,research,1,0.42,0.71,0.53,0.67,0.73,0.65,0.84,0.83,自住-首套,一室一厅,80,6301,商业银行支行信贷科长,三口之家(学龄段),西湖边高精平层,无高端私密会所及管家式物业配套，圈层鱼龙混杂，高净值居住体验差。,要求有超大面宽南向双阳台（观景家政分离），主卧大飘窗能270度直面自然景观。,主要在陆家嘴/徐家汇CBD上班，首选地铁2/9号线沿线，通勤半小时内。,周末常去高端商圈消费，热衷打网球和马术，重度手冲咖啡及黑胶唱片发烧友。,夫妻双方积蓄 + 双方父母出资赞助首付 + 公积金商业组合贷款,非仁恒、绿城、万科等金牌开发商不买，极度看重高端精装质量与顶级物业的增值口碑。,常年本地稳定居住，工作日职住通勤动线规则单一。
上_2008_00741,上海,2008,本地改善,50,女,1.1,13.7,0.45,22.9,4,1,否,B,agent,0.77,0.38,0.51,0.4,0.42,0.85,0.63,0.67,0.72,自住-改善,两室两厅,66,2161,市第二中学地理教师,三口之家(学龄段),上海中环品质两居，车位及空间极其拥挤,小区无地下车库且人车不分流，小孩在楼下玩耍或者推婴儿车极为不安全。,讲究超高得房率（超85%），主卧套房必须配备独立步入式衣帽间与干湿分离双卫。,主要在陆家嘴/徐家汇CBD上班，首选地铁2/9号线沿线，通勤半小时内。,倡导轻户外，周末常带家人自驾野营或山系徒步，注重生活情调与手作咖啡。,名下持有一套旧两居，置换回款 65% + 个人理财储蓄补充 + 公积金商业贷,非仁恒、绿城、万科等金牌开发商不买，极度看重高端精装质量与顶级物业的增值口碑。,常年本地稳定居住，工作日职住通勤动线规则单一。
上_2008_00742,上海,2008,本地改善,57,男,2.4,27.4,0.45,45.7,5,3,否,B,agent,0.83,0.46,0.58,0.45,0.6,0.58,0.6,0.66,0.59,自住-改善,一室一厅,61,5502,邮政局局长秘书,二胎黄金期中大户型,上海中环品质两居，车位及空间极其拥挤,小区无地下车库且人车不分流，小孩在楼下玩耍或者推婴儿车极为不安全。,要求采光通透，全明户型，带多功能嵌入式收纳墙以最大化空间利用。,主要在陆家嘴/徐家汇CBD上班，首选地铁2/9号线沿线，通勤半小时内。,倡导轻户外，周末常带家人自驾野营或山系徒步，注重生活情调与手作咖啡。,名下持有一套旧两居，置换回款 65% + 个人理财储蓄补充 + 公积金商业贷,重性价比，不盲信大牌，但要求物业管理有序、绿化修剪及时、人防技防规范。,常年本地稳定居住，工作日职住通勤动线规则单一。
上_2008_00743,上海,2008,金融精英,33,女,5.9,38.1,0.4,71.4,3,1,否,A,research,0.54,0.5,0.66,0.53,0.74,0.67,0.72,0.68,0.83,自住-首套,两室一厅,58,10713,申银万国证券分析员,三口之家(幼龄段),陆家嘴核心区江景大平层,无高端私密会所及管家式物业配套，圈层鱼龙混杂，高净值居住体验差。,要求采光通透，全明户型，带多功能嵌入式收纳墙以最大化空间利用。,主要在陆家嘴/徐家汇CBD上班，首选地铁2/9号线沿线，通勤半小时内。,周末常去高端商圈消费，热衷打网球和马术，重度手冲咖啡及黑胶唱片发烧友。,夫妻双方积蓄 + 双方父母出资赞助首付 + 公积金商业组合贷款,非仁恒、绿城、万科等金牌开发商不买，极度看重高端精装质量与顶级物业的增值口碑。,常年本地稳定居住，工作日职住通勤动线规则单一。
上_2008_00744,上海,2008,金融精英,33,男,5.8,37.5,0.4,70.4,2,1,否,A,research,0.61,0.43,0.85,0.55,0.77,0.69,0.85,0.96,0.9,婚房,两室两厅,89,5177,老牌证券公司营业部经理,三口之家(幼龄段),陆家嘴核心区江景大平层,无高端私密会所及管家式物业配套，圈层鱼龙混杂，高净值居住体验差。,要求有超大面宽南向双阳台（观景家政分离），主卧大飘窗能270度直面自然景观。,主要在陆家嘴/徐家汇CBD上班，首选地铁2/9号线沿线，通勤半小时内。,周末常去高端商圈消费，热衷打网球和马术，重度手冲咖啡及黑胶唱片发烧友。,夫妻双方积蓄 + 双方父母出资赞助首付 + 公积金商业组合贷款,非仁恒、绿城、万科等金牌开发商不买，极度看重高端精装质量与顶级物业的增值口碑。,常年本地稳定居住，工作日职住通勤动线规则单一。
上_2008_00745,上海,2008,金融精英,36,女,8.2,56.1,0.4,105.1,3,2,否,A,research,0.7,0.49,0.71,0.46,0.71,0.7,0.83,0.78,0.81,自住-首套,两室两厅,70,9553,老牌证券公司营业部经理,二胎黄金期中大户型,陆家嘴核心区江景大平层,无高端私密会所及管家式物业配套，圈层鱼龙混杂，高净值居住体验差。,要求有超大面宽南向双阳台（观景家政分离），主卧大飘窗能270度直面自然景观。,主要在陆家嘴/徐家汇CBD上班，首选地铁2/9号线沿线，通勤半小时内。,周末常去高端商圈消费，热衷打网球和马术，重度手冲咖啡及黑胶唱片发烧友。,夫妻双方积蓄 + 双方父母出资赞助首付 + 公积金商业组合贷款,非仁恒、绿城、万科等金牌开发商不买，极度看重高端精装质量与顶级物业的增值口碑。,常年本地稳定居住，工作日职住通勤动线规则单一。
上_2008_00746,上海,2008,本地改善,39,男,2.6,31.5,0.45,52.5,4,2,否,B,agent,0.65,0.56,0.53,0.46,0.43,0.82,0.64,0.61,0.56,自住-改善,一室一厅,51,7006,区财政局科员,二胎黄金期中大户型,上海中环品质两居，车位及空间极其拥挤,小区无地下车库且人车不分流，小孩在楼下玩耍或者推婴儿车极为不安全。,讲究超高得房率（超85%），主卧套房必须配备独立步入式衣帽间与干湿分离双卫。,主要在陆家嘴/徐家汇CBD上班，首选地铁2/9号线沿线，通勤半小时内。,倡导轻户外，周末常带家人自驾野营或山系徒步，注重生活情调与手作咖啡。,名下持有一套旧两居，置换回款 65% + 个人理财储蓄补充 + 公积金商业贷,重性价比，不盲信大牌，但要求物业管理有序、绿化修剪及时、人防技防规范。,常年本地稳定居住，工作日职住通勤动线规则单一。
上_2008_00747,上海,2008,本地改善,41,女,2.0,15.6,0.45,26.1,4,3,是,B,agent,0.71,0.56,0.45,0.61,0.52,0.88,0.56,0.7,0.63,自住-改善,两室两厅,62,3195,邮政局局长秘书,二胎黄金期中大户型,上海中环品质两居，车位及空间极其拥挤,小区无地下车库且人车不分流，小孩在楼下玩耍或者推婴儿车极为不安全。,讲究超高得房率（超85%），主卧套房必须配备独立步入式衣帽间与干湿分离双卫。,主要在陆家嘴/徐家汇CBD上班，首选地铁2/9号线沿线，通勤半小时内。,倡导轻户外，周末常带家人自驾野营或山系徒步，注重生活情调与手作咖啡。,名下持有一套旧两居，置换回款 65% + 个人理财储蓄补充 + 公积金商业贷,重性价比，不盲信大牌，但要求物业管理有序、绿化修剪及时、人防技防规范。,常年本地稳定居住，工作日职住通勤动线规则单一。
上_2008_00748,上海,2008,教育型买房,35,男,1.6,9.3,0.4,17.5,2,1,是,B,social,0.83,0.51,0.45,0.34,0.66,0.69,0.51,1.0,0.69,学区房,一室一厅,62,2175,邮政局局长秘书,三口之家(幼龄段),上海中环品质两居，车位及空间极其拥挤,小区无地下车库且人车不分流，小孩在楼下玩耍或者推婴儿车极为不安全。,核心要求地块属于第一梯队名校学区，且周边500米内解决幼小衔接教育配套。,主要在陆家嘴/徐家汇CBD上班，首选地铁2/9号线沿线，通勤半小时内。,倡导轻户外，周末常带家人自驾野营或山系徒步，注重生活情调与手作咖啡。,名下持有一套旧两居，置换回款 65% + 个人理财储蓄补充 + 公积金商业贷,重性价比，不盲信大牌，但要求物业管理有序、绿化修剪及时、人防技防规范。,常年本地稳定居住，工作日职住通勤动线规则单一。
上_2008_00749,上海,2008,教育型买房,44,女,3.3,29.7,0.4,55.6,2,0,是,B,social,1,0.51,0.36,0.36,0.46,0.74,0.58,1,0.57,学区房,一室一厅,93,3271,区财政局科员,成熟期核心家庭,上海中环品质两居，车位及空间极其拥挤,当前房屋属于旧多层无电梯房，父母年纪渐高每天爬楼梯极为吃力。,讲究超高得房率（超85%），主卧套房必须配备独立步入式衣帽间与干湿分离双卫。,主要在陆家嘴/徐家汇CBD上班，首选地铁2/9号线沿线，通勤半小时内。,倡导轻户外，周末常带家人自驾野营或山系徒步，注重生活情调与手作咖啡。,名下持有一套旧两居，置换回款 65% + 个人理财储蓄补充 + 公积金商业贷,重性价比，不盲信大牌，但要求物业管理有序、绿化修剪及时、人防技防规范。,常年本地稳定居住，工作日职住通勤动线规则单一。
上_2008_00750,上海,2008,教育型买房,35,男,3.3,32.0,0.4,60.0,3,0,否,B,social,0.85,0.54,0.41,0.42,0.75,0.67,0.53,0.94,0.66,学区房,一室一厅,97,3709,邮政局局长秘书,新婚过渡两居,上海中环品质两居，车位及空间极其拥挤,老小区隔音差，邻里滋扰严重，且车位严重匮乏，每晚加班回来抢车位像打仗。,核心要求地块属于第一梯队名校学区，且周边500米内解决幼小衔接教育配套。,主要在陆家嘴/徐家汇CBD上班，首选地铁2/9号线沿线，通勤半小时内。,倡导轻户外，周末常带家人自驾野营或山系徒步，注重生活情调与手作咖啡。,名下持有一套旧两居，置换回款 65% + 个人理财储蓄补充 + 公积金商业贷,重性价比，不盲信大牌，但要求物业管理有序、绿化修剪及时、人防技防规范。,常年本地稳定居住，工作日职住通勤动线规则单一。
上_2008_00751,上海,2008,金融精英,46,女,4.5,36.9,0.4,69.1,4,1,否,A,research,0.78,0.51,0.61,0.63,0.89,0.78,0.68,0.86,0.8,自住-首套,两室一厅,69,5022,老牌证券公司营业部经理,三口之家(学龄段),市中心私密洋房住宅,无高端私密会所及管家式物业配套，圈层鱼龙混杂，高净值居住体验差。,讲究超高得房率（超85%），主卧套房必须配备独立步入式衣帽间与干湿分离双卫。,主要在陆家嘴/徐家汇CBD上班，首选地铁2/9号线沿线，通勤半小时内。,周末常去高端商圈消费，热衷打网球和马术，重度手冲咖啡及黑胶唱片发烧友。,夫妻双方积蓄 + 双方父母出资赞助首付 + 公积金商业组合贷款,非仁恒、绿城、万科等金牌开发商不买，极度看重高端精装质量与顶级物业的增值口碑。,常年本地稳定居住，工作日职住通勤动线规则单一。
上_2008_00752,上海,2008,金融精英,38,男,2.7,25.6,0.4,47.9,3,1,否,A,research,0.74,0.44,0.72,0.56,0.78,0.83,0.56,0.75,0.78,自住-改善,两室一厅,94,3874,老牌证券公司营业部经理,三口之家(学龄段),西湖边高精平层,无高端私密会所及管家式物业配套，圈层鱼龙混杂，高净值居住体验差。,要求有超大面宽南向双阳台（观景家政分离），主卧大飘窗能270度直面自然景观。,主要在陆家嘴/徐家汇CBD上班，首选地铁2/9号线沿线，通勤半小时内。,周末常去高端商圈消费，热衷打网球和马术，重度手冲咖啡及黑胶唱片发烧友。,名下已有企业股权套现或分红现金，一次性全款付清，基本不加杠杆,非仁恒、绿城、万科等金牌开发商不买，极度看重高端精装质量与顶级物业的增值口碑。,常年本地稳定居住，工作日职住通勤动线规则单一。
上_2008_00753,上海,2008,本地改善,40,男,1.8,23.6,0.45,39.3,4,2,否,B,agent,0.76,0.45,0.59,0.5,0.37,0.88,0.66,0.68,0.62,自住-改善,一室一厅,80,3253,国企车间技术主任,二胎黄金期中大户型,上海中环品质两居，车位及空间极其拥挤,小区无地下车库且人车不分流，小孩在楼下玩耍或者推婴儿车极为不安全。,讲究超高得房率（超85%），主卧套房必须配备独立步入式衣帽间与干湿分离双卫。,主要在陆家嘴/徐家汇CBD上班，首选地铁2/9号线沿线，通勤半小时内。,倡导轻户外，周末常带家人自驾野营或山系徒步，注重生活情调与手作咖啡。,名下持有一套旧两居，置换回款 65% + 个人理财储蓄补充 + 公积金商业贷,重性价比，不盲信大牌，但要求物业管理有序、绿化修剪及时、人防技防规范。,常年本地稳定居住，工作日职住通勤动线规则单一。
上_2008_00754,上海,2008,本地改善,42,女,1.1,10.7,0.45,17.9,4,3,否,B,agent,0.72,0.56,0.46,0.53,0.6,0.7,0.54,0.82,0.52,自住-改善,两室两厅,94,1300,邮政局局长秘书,二胎黄金期中大户型,上海中环品质两居，车位及空间极其拥挤,小区无地下车库且人车不分流，小孩在楼下玩耍或者推婴儿车极为不安全。,讲究超高得房率（超85%），主卧套房必须配备独立步入式衣帽间与干湿分离双卫。,主要在陆家嘴/徐家汇CBD上班，首选地铁2/9号线沿线，通勤半小时内。,倡导轻户外，周末常带家人自驾野营或山系徒步，注重生活情调与手作咖啡。,名下持有一套旧两居，置换回款 65% + 个人理财储蓄补充 + 公积金商业贷,重性价比，不盲信大牌，但要求物业管理有序、绿化修剪及时、人防技防规范。,常年本地稳定居住，工作日职住通勤动线规则单一。
上_2008_00755,上海,2008,本地改善,39,女,0.8,6.4,0.45,10.6,3,1,否,B,agent,0.83,0.41,0.66,0.62,0.39,0.8,0.7,0.73,0.59,自住-改善,两室两厅,86,888,市第二中学地理教师,三口之家(学龄段),上海中环品质两居，车位及空间极其拥挤,小区无地下车库且人车不分流，小孩在楼下玩耍或者推婴儿车极为不安全。,讲究超高得房率（超85%），主卧套房必须配备独立步入式衣帽间与干湿分离双卫。,主要在陆家嘴/徐家汇CBD上班，首选地铁2/9号线沿线，通勤半小时内。,倡导轻户外，周末常带家人自驾野营或山系徒步，注重生活情调与手作咖啡。,名下持有一套旧两居，置换回款 65% + 个人理财储蓄补充 + 公积金商业贷,重性价比，不盲信大牌，但要求物业管理有序、绿化修剪及时、人防技防规范。,常年本地稳定居住，工作日职住通勤动线规则单一。
上_2008_00756,上海,2008,长三角家庭,44,女,3.8,20.1,0.45,33.5,3,2,否,B,agent,0.74,0.61,0.48,0.61,0.46,0.72,0.33,0.74,0.54,自住-改善,两室两厅,100,2564,市第二中学地理教师,二胎黄金期中大户型,上海中环品质两居，车位及空间极其拥挤,小区无地下车库且人车不分流，小孩在楼下玩耍或者推婴儿车极为不安全。,讲究超高得房率（超85%），主卧套房必须配备独立步入式衣帽间与干湿分离双卫。,主要在陆家嘴/徐家汇CBD上班，首选地铁2/9号线沿线，通勤半小时内。,倡导轻户外，周末常带家人自驾野营或山系徒步，注重生活情调与手作咖啡。,名下持有一套旧两居，置换回款 65% + 个人理财储蓄补充 + 公积金商业贷,重性价比，不盲信大牌，但要求物业管理有序、绿化修剪及时、人防技防规范。,常年本地稳定居住，工作日职住通勤动线规则单一。
上_2008_00757,上海,2008,本地改善,53,男,1.5,17.2,0.45,28.7,4,2,是,B,agent,0.88,0.57,0.6,0.59,0.61,0.98,0.57,0.9,0.62,自住-改善,一室一厅,94,1625,邮政局局长秘书,二胎黄金期中大户型,上海中环品质两居，车位及空间极其拥挤,小区无地下车库且人车不分流，小孩在楼下玩耍或者推婴儿车极为不安全。,讲究超高得房率（超85%），主卧套房必须配备独立步入式衣帽间与干湿分离双卫。,主要在陆家嘴/徐家汇CBD上班，首选地铁2/9号线沿线，通勤半小时内。,倡导轻户外，周末常带家人自驾野营或山系徒步，注重生活情调与手作咖啡。,名下持有一套旧两居，置换回款 65% + 个人理财储蓄补充 + 公积金商业贷,重性价比，不盲信大牌，但要求物业管理有序、绿化修剪及时、人防技防规范。,常年本地稳定居住，工作日职住通勤动线规则单一。
上_2008_00758,上海,2008,本地改善,39,女,2.9,27.6,0.45,46.0,4,3,否,B,agent,0.82,0.5,0.66,0.41,0.57,0.91,0.54,0.72,0.68,自住-改善,两室一厅,95,4072,国企车间技术主任,二胎黄金期中大户型,上海中环品质两居，车位及空间极其拥挤,小区无地下车库且人车不分流，小孩在楼下玩耍或者推婴儿车极为不安全。,讲究超高得房率（超85%），主卧套房必须配备独立步入式衣帽间与干湿分离双卫。,主要在陆家嘴/徐家汇CBD上班，首选地铁2/9号线沿线，通勤半小时内。,倡导轻户外，周末常带家人自驾野营或山系徒步，注重生活情调与手作咖啡。,名下持有一套旧两居，置换回款 65% + 个人理财储蓄补充 + 公积金商业贷,重性价比，不盲信大牌，但要求物业管理有序、绿化修剪及时、人防技防规范。,常年本地稳定居住，工作日职住通勤动线规则单一。
上_2008_00759,上海,2008,金融精英,46,男,1.6,13.7,0.4,25.6,3,1,否,A,research,0.92,0.43,0.61,0.54,0.77,0.88,0.72,0.79,0.89,自住-改善,一室一厅,76,1735,老牌证券公司营业部经理,三口之家(学龄段),市中心私密洋房住宅,无高端私密会所及管家式物业配套，圈层鱼龙混杂，高净值居住体验差。,讲究超高得房率（超85%），主卧套房必须配备独立步入式衣帽间与干湿分离双卫。,主要在陆家嘴/徐家汇CBD上班，首选地铁2/9号线沿线，通勤半小时内。,周末常去高端商圈消费，热衷打网球和马术，重度手冲咖啡及黑胶唱片发烧友。,名下已有企业股权套现或分红现金，一次性全款付清，基本不加杠杆,非仁恒、绿城、万科等金牌开发商不买，极度看重高端精装质量与顶级物业的增值口碑。,常年本地稳定居住，工作日职住通勤动线规则单一。
上_2008_00760,上海,2008,长三角家庭,41,女,2.5,16.1,0.45,26.8,4,2,否,B,agent,1,0.64,0.39,0.48,0.45,0.74,0.58,0.78,0.61,自住-首套,两室一厅,61,3576,区财政局科员,二胎黄金期中大户型,上海中环品质两居，车位及空间极其拥挤,小区无地下车库且人车不分流，小孩在楼下玩耍或者推婴儿车极为不安全。,讲究超高得房率（超85%），主卧套房必须配备独立步入式衣帽间与干湿分离双卫。,主要在陆家嘴/徐家汇CBD上班，首选地铁2/9号线沿线，通勤半小时内。,倡导轻户外，周末常带家人自驾野营或山系徒步，注重生活情调与手作咖啡。,夫妻双方积蓄 + 双方父母出资赞助首付 + 公积金商业组合贷款,重性价比，不盲信大牌，但要求物业管理有序、绿化修剪及时、人防技防规范。,常年本地稳定居住，工作日职住通勤动线规则单一。
上_2008_00761,上海,2008,本地改善,38,男,3.0,37.7,0.45,62.8,4,2,是,B,agent,0.46,0.37,0.42,0.51,0.7,0.88,0.55,0.65,0.72,自住-改善,一室一厅,100,4244,邮政局局长秘书,二胎黄金期中大户型,上海中环品质两居，车位及空间极其拥挤,小区无地下车库且人车不分流，小孩在楼下玩耍或者推婴儿车极为不安全。,讲究超高得房率（超85%），主卧套房必须配备独立步入式衣帽间与干湿分离双卫。,主要在陆家嘴/徐家汇CBD上班，首选地铁2/9号线沿线，通勤半小时内。,倡导轻户外，周末常带家人自驾野营或山系徒步，注重生活情调与手作咖啡。,名下持有一套旧两居，置换回款 65% + 个人理财储蓄补充 + 公积金商业贷,非仁恒、绿城、万科等金牌开发商不买，极度看重高端精装质量与顶级物业的增值口碑。,常年本地稳定居住，工作日职住通勤动线规则单一。
上_2008_00762,上海,2008,金融精英,44,女,6.1,45.8,0.4,85.9,4,1,否,A,research,0.88,0.41,0.73,0.71,0.55,0.76,0.73,0.86,0.83,自住-首套,两室一厅,71,9487,商业银行支行信贷科长,三口之家(学龄段),陆家嘴核心区江景大平层,无高端私密会所及管家式物业配套，圈层鱼龙混杂，高净值居住体验差。,要求独立电梯入户，主次卧动线分明，配备独立保姆房和私密后院。,主要在陆家嘴/徐家汇CBD上班，首选地铁2/9号线沿线，通勤半小时内。,周末常去高端商圈消费，热衷打网球和马术，重度手冲咖啡及黑胶唱片发烧友。,夫妻双方积蓄 + 双方父母出资赞助首付 + 公积金商业组合贷款,非仁恒、绿城、万科等金牌开发商不买，极度看重高端精装质量与顶级物业的增值口碑。,常年本地稳定居住，工作日职住通勤动线规则单一。
上_2008_00763,上海,2008,教育型买房,43,女,1.7,12.7,0.4,23.7,3,2,否,B,social,0.84,0.41,0.47,0.3,0.61,0.79,0.63,0.97,0.64,学区房,两室两厅,82,2069,国企车间技术主任,二胎黄金期中大户型,上海中环品质两居，车位及空间极其拥挤,小区无地下车库且人车不分流，小孩在楼下玩耍或者推婴儿车极为不安全。,讲究超高得房率（超85%），主卧套房必须配备独立步入式衣帽间与干湿分离双卫。,主要在陆家嘴/徐家汇CBD上班，首选地铁2/9号线沿线，通勤半小时内。,倡导轻户外，周末常带家人自驾野营或山系徒步，注重生活情调与手作咖啡。,名下持有一套旧两居，置换回款 65% + 个人理财储蓄补充 + 公积金商业贷,重性价比，不盲信大牌，但要求物业管理有序、绿化修剪及时、人防技防规范。,常年本地稳定居住，工作日职住通勤动线规则单一。
上_2008_00764,上海,2008,本地改善,56,女,2.0,16.9,0.45,28.2,3,2,否,B,agent,0.58,0.49,0.31,0.47,0.58,0.9,0.67,0.69,0.55,自住-改善,两室两厅,70,2595,邮政局局长秘书,二胎黄金期中大户型,上海中环品质两居，车位及空间极其拥挤,小区无地下车库且人车不分流，小孩在楼下玩耍或者推婴儿车极为不安全。,讲究超高得房率（超85%），主卧套房必须配备独立步入式衣帽间与干湿分离双卫。,主要在陆家嘴/徐家汇CBD上班，首选地铁2/9号线沿线，通勤半小时内。,倡导轻户外，周末常带家人自驾野营或山系徒步，注重生活情调与手作咖啡。,名下持有一套旧两居，置换回款 65% + 个人理财储蓄补充 + 公积金商业贷,重性价比，不盲信大牌，但要求物业管理有序、绿化修剪及时、人防技防规范。,常年本地稳定居住，工作日职住通勤动线规则单一。
上_2008_00765,上海,2008,教育型买房,36,男,3.0,29.5,0.4,55.3,4,1,否,B,social,0.74,0.45,0.34,0.4,0.6,0.68,0.53,0.95,0.56,学区房,两室一厅,82,5609,国企车间技术主任,三口之家(幼龄段),上海中环品质两居，车位及空间极其拥挤,小区无地下车库且人车不分流，小孩在楼下玩耍或者推婴儿车极为不安全。,核心要求地块属于第一梯队名校学区，且周边500米内解决幼小衔接教育配套。,主要在陆家嘴/徐家汇CBD上班，首选地铁2/9号线沿线，通勤半小时内。,倡导轻户外，周末常带家人自驾野营或山系徒步，注重生活情调与手作咖啡。,名下持有一套旧两居，置换回款 65% + 个人理财储蓄补充 + 公积金商业贷,重性价比，不盲信大牌，但要求物业管理有序、绿化修剪及时、人防技防规范。,常年本地稳定居住，工作日职住通勤动线规则单一。
上_2008_00766,上海,2008,本地改善,56,男,5.2,38.1,0.45,63.5,4,1,否,B,agent,0.76,0.46,0.61,0.54,0.55,0.82,0.58,0.69,0.67,自住-改善,一室一厅,65,7323,区财政局科员,三口之家(学龄段),上海中环品质两居，车位及空间极其拥挤,小区无地下车库且人车不分流，小孩在楼下玩耍或者推婴儿车极为不安全。,讲究超高得房率（超85%），主卧套房必须配备独立步入式衣帽间与干湿分离双卫。,主要在陆家嘴/徐家汇CBD上班，首选地铁2/9号线沿线，通勤半小时内。,倡导轻户外，周末常带家人自驾野营或山系徒步，注重生活情调与手作咖啡。,名下持有一套旧两居，置换回款 65% + 个人理财储蓄补充 + 公积金商业贷,重性价比，不盲信大牌，但要求物业管理有序、绿化修剪及时、人防技防规范。,常年本地稳定居住，工作日职住通勤动线规则单一。
上_2008_00767,上海,2008,教育型买房,35,男,2.8,24.5,0.4,46.0,3,1,否,B,social,0.94,0.48,0.48,0.39,0.6,0.58,0.45,1,0.54,学区房,两室一厅,74,5203,国企车间技术主任,三口之家(幼龄段),上海中环品质两居，车位及空间极其拥挤,小区无地下车库且人车不分流，小孩在楼下玩耍或者推婴儿车极为不安全。,核心要求地块属于第一梯队名校学区，且周边500米内解决幼小衔接教育配套。,主要在陆家嘴/徐家汇CBD上班，首选地铁2/9号线沿线，通勤半小时内。,倡导轻户外，周末常带家人自驾野营或山系徒步，注重生活情调与手作咖啡。,名下持有一套旧两居，置换回款 65% + 个人理财储蓄补充 + 公积金商业贷,重性价比，不盲信大牌，但要求物业管理有序、绿化修剪及时、人防技防规范。,常年本地稳定居住，工作日职住通勤动线规则单一。
上_2008_00768,上海,2008,本地改善,45,男,3.2,32.2,0.45,53.6,3,1,否,B,agent,0.75,0.49,0.48,0.6,0.58,0.85,0.64,0.68,0.57,自住-改善,两室两厅,87,5482,市第二中学地理教师,三口之家(学龄段),上海中环品质两居，车位及空间极其拥挤,小区无地下车库且人车不分流，小孩在楼下玩耍或者推婴儿车极为不安全。,讲究超高得房率（超85%），主卧套房必须配备独立步入式衣帽间与干湿分离双卫。,主要在陆家嘴/徐家汇CBD上班，首选地铁2/9号线沿线，通勤半小时内。,倡导轻户外，周末常带家人自驾野营或山系徒步，注重生活情调与手作咖啡。,名下持有一套旧两居，置换回款 65% + 个人理财储蓄补充 + 公积金商业贷,重性价比，不盲信大牌，但要求物业管理有序、绿化修剪及时、人防技防规范。,常年本地稳定居住，工作日职住通勤动线规则单一。
上_2008_00769,上海,2008,教育型买房,48,男,2.2,15.4,0.4,28.9,4,1,是,B,social,0.71,0.5,0.33,0.46,0.53,0.76,0.54,0.95,0.51,学区房,两室一厅,50,4214,邮政局局长秘书,三口之家(学龄段),上海中环品质两居，车位及空间极其拥挤,小区无地下车库且人车不分流，小孩在楼下玩耍或者推婴儿车极为不安全。,讲究超高得房率（超85%），主卧套房必须配备独立步入式衣帽间与干湿分离双卫。,主要在陆家嘴/徐家汇CBD上班，首选地铁2/9号线沿线，通勤半小时内。,倡导轻户外，周末常带家人自驾野营或山系徒步，注重生活情调与手作咖啡。,名下持有一套旧两居，置换回款 65% + 个人理财储蓄补充 + 公积金商业贷,重性价比，不盲信大牌，但要求物业管理有序、绿化修剪及时、人防技防规范。,常年本地稳定居住，工作日职住通勤动线规则单一。
上_2008_00770,上海,2008,本地改善,52,女,1.1,7.9,0.45,13.2,4,3,否,B,agent,0.61,0.58,0.58,0.53,0.57,0.83,0.62,0.68,0.63,自住-改善,一室一厅,99,1059,邮政局局长秘书,二胎黄金期中大户型,上海中环品质两居，车位及空间极其拥挤,小区无地下车库且人车不分流，小孩在楼下玩耍或者推婴儿车极为不安全。,讲究超高得房率（超85%），主卧套房必须配备独立步入式衣帽间与干湿分离双卫。,主要在陆家嘴/徐家汇CBD上班，首选地铁2/9号线沿线，通勤半小时内。,倡导轻户外，周末常带家人自驾野营或山系徒步，注重生活情调与手作咖啡。,名下持有一套旧两居，置换回款 65% + 个人理财储蓄补充 + 公积金商业贷,重性价比，不盲信大牌，但要求物业管理有序、绿化修剪及时、人防技防规范。,常年本地稳定居住，工作日职住通勤动线规则单一。
上_2008_00771,上海,2008,教育型买房,47,女,2.6,26.4,0.4,49.6,2,1,是,B,social,1,0.46,0.39,0.35,0.64,0.69,0.58,1,0.6,学区房,一室一厅,90,4811,邮政局局长秘书,三口之家(学龄段),上海中环品质两居，车位及空间极其拥挤,小区无地下车库且人车不分流，小孩在楼下玩耍或者推婴儿车极为不安全。,核心要求地块属于第一梯队名校学区，且周边500米内解决幼小衔接教育配套。,主要在陆家嘴/徐家汇CBD上班，首选地铁2/9号线沿线，通勤半小时内。,倡导轻户外，周末常带家人自驾野营或山系徒步，注重生活情调与手作咖啡。,名下持有一套旧两居，置换回款 65% + 个人理财储蓄补充 + 公积金商业贷,重性价比，不盲信大牌，但要求物业管理有序、绿化修剪及时、人防技防规范。,常年本地稳定居住，工作日职住通勤动线规则单一。
上_2008_00772,上海,2008,本地改善,45,女,2.4,18.1,0.45,30.2,4,2,否,B,agent,0.45,0.49,0.34,0.41,0.47,0.77,0.54,0.75,0.61,自住-改善,两室一厅,53,4244,区财政局科员,二胎黄金期中大户型,上海中环品质两居，车位及空间极其拥挤,小区无地下车库且人车不分流，小孩在楼下玩耍或者推婴儿车极为不安全。,讲究超高得房率（超85%），主卧套房必须配备独立步入式衣帽间与干湿分离双卫。,主要在陆家嘴/徐家汇CBD上班，首选地铁2/9号线沿线，通勤半小时内。,倡导轻户外，周末常带家人自驾野营或山系徒步，注重生活情调与手作咖啡。,名下持有一套旧两居，置换回款 65% + 个人理财储蓄补充 + 公积金商业贷,重性价比，不盲信大牌，但要求物业管理有序、绿化修剪及时、人防技防规范。,常年本地稳定居住，工作日职住通勤动线规则单一。
上_2008_00773,上海,2008,长三角家庭,49,男,3.4,23.4,0.45,39.1,4,2,否,B,agent,0.52,0.51,0.7,0.53,0.46,0.8,0.27,0.71,0.72,自住-首套,一室一厅,69,4069,市第二中学地理教师,二胎黄金期中大户型,上海中环品质两居，车位及空间极其拥挤,小区无地下车库且人车不分流，小孩在楼下玩耍或者推婴儿车极为不安全。,要求有超大面宽南向双阳台（观景家政分离），主卧大飘窗能270度直面自然景观。,主要在陆家嘴/徐家汇CBD上班，首选地铁2/9号线沿线，通勤半小时内。,倡导轻户外，周末常带家人自驾野营或山系徒步，注重生活情调与手作咖啡。,夫妻双方积蓄 + 双方父母出资赞助首付 + 公积金商业组合贷款,非仁恒、绿城、万科等金牌开发商不买，极度看重高端精装质量与顶级物业的增值口碑。,常年本地稳定居住，工作日职住通勤动线规则单一。
上_2008_00774,上海,2008,教育型买房,34,女,2.5,18.5,0.4,34.7,3,1,是,B,social,1,0.49,0.38,0.43,0.73,0.54,0.49,1,0.58,学区房,两室两厅,52,4523,市第二中学地理教师,三口之家(幼龄段),上海中环品质两居，车位及空间极其拥挤,小区无地下车库且人车不分流，小孩在楼下玩耍或者推婴儿车极为不安全。,核心要求地块属于第一梯队名校学区，且周边500米内解决幼小衔接教育配套。,主要在陆家嘴/徐家汇CBD上班，首选地铁2/9号线沿线，通勤半小时内。,倡导轻户外，周末常带家人自驾野营或山系徒步，注重生活情调与手作咖啡。,名下持有一套旧两居，置换回款 65% + 个人理财储蓄补充 + 公积金商业贷,重性价比，不盲信大牌，但要求物业管理有序、绿化修剪及时、人防技防规范。,常年本地稳定居住，工作日职住通勤动线规则单一。
上_2008_00775,上海,2008,本地改善,39,男,2.4,25.4,0.45,42.4,5,2,否,B,agent,0.81,0.37,0.48,0.47,0.54,0.85,0.47,0.68,0.55,自住-改善,两室一厅,74,3934,市第二中学地理教师,二胎黄金期中大户型,上海中环品质两居，车位及空间极其拥挤,小区无地下车库且人车不分流，小孩在楼下玩耍或者推婴儿车极为不安全。,讲究超高得房率（超85%），主卧套房必须配备独立步入式衣帽间与干湿分离双卫。,主要在陆家嘴/徐家汇CBD上班，首选地铁2/9号线沿线，通勤半小时内。,倡导轻户外，周末常带家人自驾野营或山系徒步，注重生活情调与手作咖啡。,名下持有一套旧两居，置换回款 65% + 个人理财储蓄补充 + 公积金商业贷,重性价比，不盲信大牌，但要求物业管理有序、绿化修剪及时、人防技防规范。,常年本地稳定居住，工作日职住通勤动线规则单一。
上_2008_00776,上海,2008,金融精英,42,男,7.1,72.2,0.4,135.4,3,1,否,A,research,0.99,0.44,0.72,0.66,0.75,0.75,0.85,0.7,0.78,自住-首套,一室一厅,71,14818,申银万国证券分析员,三口之家(学龄段),市中心私密洋房住宅,无高端私密会所及管家式物业配套，圈层鱼龙混杂，高净值居住体验差。,要求有超大面宽南向双阳台（观景家政分离），主卧大飘窗能270度直面自然景观。,主要在陆家嘴/徐家汇CBD上班，首选地铁2/9号线沿线，通勤半小时内。,周末常去高端商圈消费，热衷打网球和马术，重度手冲咖啡及黑胶唱片发烧友。,夫妻双方积蓄 + 双方父母出资赞助首付 + 公积金商业组合贷款,非仁恒、绿城、万科等金牌开发商不买，极度看重高端精装质量与顶级物业的增值口碑。,常年本地稳定居住，工作日职住通勤动线规则单一。
上_2008_00777,上海,2008,金融精英,42,男,5.8,53.4,0.4,100.0,3,1,否,A,research,1,0.5,0.55,0.74,0.81,0.72,0.7,0.82,0.84,自住-首套,两室两厅,78,10633,申银万国证券分析员,三口之家(学龄段),市中心私密洋房住宅,无高端私密会所及管家式物业配套，圈层鱼龙混杂，高净值居住体验差。,要求独立电梯入户，主次卧动线分明，配备独立保姆房和私密后院。,主要在陆家嘴/徐家汇CBD上班，首选地铁2/9号线沿线，通勤半小时内。,周末常去高端商圈消费，热衷打网球和马术，重度手冲咖啡及黑胶唱片发烧友。,夫妻双方积蓄 + 双方父母出资赞助首付 + 公积金商业组合贷款,非仁恒、绿城、万科等金牌开发商不买，极度看重高端精装质量与顶级物业的增值口碑。,常年本地稳定居住，工作日职住通勤动线规则单一。
上_2008_00778,上海,2008,教育型买房,46,女,2.9,27.0,0.4,50.7,3,0,是,B,social,0.73,0.54,0.49,0.34,0.72,0.59,0.42,0.91,0.41,学区房,一室一厅,82,4627,市第二中学地理教师,成熟期核心家庭,上海中环品质两居，车位及空间极其拥挤,当前房屋属于旧多层无电梯房，父母年纪渐高每天爬楼梯极为吃力。,核心要求地块属于第一梯队名校学区，且周边500米内解决幼小衔接教育配套。,主要在陆家嘴/徐家汇CBD上班，首选地铁2/9号线沿线，通勤半小时内。,倡导轻户外，周末常带家人自驾野营或山系徒步，注重生活情调与手作咖啡。,名下持有一套旧两居，置换回款 65% + 个人理财储蓄补充 + 公积金商业贷,重性价比，不盲信大牌，但要求物业管理有序、绿化修剪及时、人防技防规范。,常年本地稳定居住，工作日职住通勤动线规则单一。
上_2008_00779,上海,2008,教育型买房,43,男,2.9,17.4,0.4,32.6,2,1,是,B,social,1,0.41,0.43,0.39,0.54,0.79,0.55,0.98,0.65,学区房,两室一厅,57,5094,区财政局科员,三口之家(学龄段),上海中环品质两居，车位及空间极其拥挤,小区无地下车库且人车不分流，小孩在楼下玩耍或者推婴儿车极为不安全。,讲究超高得房率（超85%），主卧套房必须配备独立步入式衣帽间与干湿分离双卫。,主要在陆家嘴/徐家汇CBD上班，首选地铁2/9号线沿线，通勤半小时内。,倡导轻户外，周末常带家人自驾野营或山系徒步，注重生活情调与手作咖啡。,名下持有一套旧两居，置换回款 65% + 个人理财储蓄补充 + 公积金商业贷,重性价比，不盲信大牌，但要求物业管理有序、绿化修剪及时、人防技防规范。,常年本地稳定居住，工作日职住通勤动线规则单一。
上_2008_00780,上海,2008,金融精英,36,男,5.8,37.0,0.4,69.4,4,1,否,A,research,0.88,0.39,0.62,0.6,0.72,0.71,0.69,0.72,0.72,自住-改善,一室一厅,67,5472,申银万国证券分析员,三口之家(幼龄段),市中心私密洋房住宅,无高端私密会所及管家式物业配套，圈层鱼龙混杂，高净值居住体验差。,讲究超高得房率（超85%），主卧套房必须配备独立步入式衣帽间与干湿分离双卫。,主要在陆家嘴/徐家汇CBD上班，首选地铁2/9号线沿线，通勤半小时内。,周末常去高端商圈消费，热衷打网球和马术，重度手冲咖啡及黑胶唱片发烧友。,名下已有企业股权套现或分红现金，一次性全款付清，基本不加杠杆,非仁恒、绿城、万科等金牌开发商不买，极度看重高端精装质量与顶级物业的增值口碑。,常年本地稳定居住，工作日职住通勤动线规则单一。
上_2008_00781,上海,2008,教育型买房,41,男,2.7,25.6,0.4,48.1,2,1,是,B,social,1,0.52,0.44,0.31,0.73,0.61,0.48,1,0.4,学区房,一室一厅,55,6043,国企车间技术主任,三口之家(学龄段),上海中环品质两居，车位及空间极其拥挤,小区无地下车库且人车不分流，小孩在楼下玩耍或者推婴儿车极为不安全。,核心要求地块属于第一梯队名校学区，且周边500米内解决幼小衔接教育配套。,主要在陆家嘴/徐家汇CBD上班，首选地铁2/9号线沿线，通勤半小时内。,倡导轻户外，周末常带家人自驾野营或山系徒步，注重生活情调与手作咖啡。,名下持有一套旧两居，置换回款 65% + 个人理财储蓄补充 + 公积金商业贷,重性价比，不盲信大牌，但要求物业管理有序、绿化修剪及时、人防技防规范。,常年本地稳定居住，工作日职住通勤动线规则单一。
上_2008_00782,上海,2008,教育型买房,41,男,2.4,21.1,0.4,39.6,3,1,是,B,social,0.91,0.43,0.42,0.39,0.53,0.66,0.51,1,0.71,学区房,一室一厅,64,3721,国企车间技术主任,三口之家(学龄段),上海中环品质两居，车位及空间极其拥挤,小区无地下车库且人车不分流，小孩在楼下玩耍或者推婴儿车极为不安全。,核心要求地块属于第一梯队名校学区，且周边500米内解决幼小衔接教育配套。,主要在陆家嘴/徐家汇CBD上班，首选地铁2/9号线沿线，通勤半小时内。,倡导轻户外，周末常带家人自驾野营或山系徒步，注重生活情调与手作咖啡。,名下持有一套旧两居，置换回款 65% + 个人理财储蓄补充 + 公积金商业贷,非仁恒、绿城、万科等金牌开发商不买，极度看重高端精装质量与顶级物业的增值口碑。,常年本地稳定居住，工作日职住通勤动线规则单一。
上_2008_00783,上海,2008,金融精英,42,女,4.9,28.4,0.4,53.2,4,2,否,A,research,0.65,0.5,0.71,0.57,0.57,0.74,0.69,0.77,0.72,自住-首套,一室一厅,57,6034,老牌证券公司营业部经理,二胎黄金期中大户型,陆家嘴核心区江景大平层,无高端私密会所及管家式物业配套，圈层鱼龙混杂，高净值居住体验差。,要求有超大面宽南向双阳台（观景家政分离），主卧大飘窗能270度直面自然景观。,主要在陆家嘴/徐家汇CBD上班，首选地铁2/9号线沿线，通勤半小时内。,周末常去高端商圈消费，热衷打网球和马术，重度手冲咖啡及黑胶唱片发烧友。,夫妻双方积蓄 + 双方父母出资赞助首付 + 公积金商业组合贷款,非仁恒、绿城、万科等金牌开发商不买，极度看重高端精装质量与顶级物业的增值口碑。,常年本地稳定居住，工作日职住通勤动线规则单一。
上_2008_00784,上海,2008,金融精英,38,男,3.3,28.6,0.4,53.7,2,1,是,A,research,0.83,0.5,0.59,0.62,0.86,0.83,0.72,0.85,0.69,自住-改善,两室一厅,95,4357,商业银行支行信贷科长,三口之家(学龄段),西湖边高精平层,当前房屋属于旧多层无电梯房，父母年纪渐高每天爬楼梯极为吃力。,讲究超高得房率（超85%），主卧套房必须配备独立步入式衣帽间与干湿分离双卫。,主要在陆家嘴/徐家汇CBD上班，首选地铁2/9号线沿线，通勤半小时内。,周末常去高端商圈消费，热衷打网球和马术，重度手冲咖啡及黑胶唱片发烧友。,名下已有企业股权套现或分红现金，一次性全款付清，基本不加杠杆,重性价比，不盲信大牌，但要求物业管理有序、绿化修剪及时、人防技防规范。,常年本地稳定居住，工作日职住通勤动线规则单一。
上_2008_00785,上海,2008,教育型买房,44,男,3.6,36.1,0.4,67.7,3,2,是,B,social,0.75,0.61,0.39,0.56,0.67,0.63,0.66,1,0.59,学区房,两室两厅,70,5615,区财政局科员,二胎黄金期中大户型,上海中环品质两居，车位及空间极其拥挤,小区无地下车库且人车不分流，小孩在楼下玩耍或者推婴儿车极为不安全。,核心要求地块属于第一梯队名校学区，且周边500米内解决幼小衔接教育配套。,主要在陆家嘴/徐家汇CBD上班，首选地铁2/9号线沿线，通勤半小时内。,倡导轻户外，周末常带家人自驾野营或山系徒步，注重生活情调与手作咖啡。,名下持有一套旧两居，置换回款 65% + 个人理财储蓄补充 + 公积金商业贷,重性价比，不盲信大牌，但要求物业管理有序、绿化修剪及时、人防技防规范。,常年本地稳定居住，工作日职住通勤动线规则单一。
上_2008_00786,上海,2008,金融精英,39,女,6.2,56.0,0.4,105.0,3,2,否,A,research,0.6,0.56,0.73,0.66,0.82,0.81,0.71,0.68,0.94,自住-首套,两室两厅,59,9687,商业银行支行信贷科长,二胎黄金期中大户型,市中心私密洋房住宅,无高端私密会所及管家式物业配套，圈层鱼龙混杂，高净值居住体验差。,要求有超大面宽南向双阳台（观景家政分离），主卧大飘窗能270度直面自然景观。,主要在陆家嘴/徐家汇CBD上班，首选地铁2/9号线沿线，通勤半小时内。,周末常去高端商圈消费，热衷打网球和马术，重度手冲咖啡及黑胶唱片发烧友。,夫妻双方积蓄 + 双方父母出资赞助首付 + 公积金商业组合贷款,非仁恒、绿城、万科等金牌开发商不买，极度看重高端精装质量与顶级物业的增值口碑。,常年本地稳定居住，工作日职住通勤动线规则单一。
上_2008_00787,上海,2008,金融精英,32,女,6.2,50.9,0.4,95.4,2,1,否,A,research,0.64,0.41,0.62,0.61,0.85,0.81,0.8,0.8,0.84,自住-首套,两室一厅,62,10108,商业银行支行信贷科长,三口之家(幼龄段),陆家嘴核心区江景大平层,无高端私密会所及管家式物业配套，圈层鱼龙混杂，高净值居住体验差。,讲究超高得房率（超85%），主卧套房必须配备独立步入式衣帽间与干湿分离双卫。,主要在陆家嘴/徐家汇CBD上班，首选地铁2/9号线沿线，通勤半小时内。,周末常去高端商圈消费，热衷打网球和马术，重度手冲咖啡及黑胶唱片发烧友。,夫妻双方积蓄 + 双方父母出资赞助首付 + 公积金商业组合贷款,非仁恒、绿城、万科等金牌开发商不买，极度看重高端精装质量与顶级物业的增值口碑。,常年本地稳定居住，工作日职住通勤动线规则单一。
上_2008_00788,上海,2008,教育型买房,32,女,4.2,41.2,0.4,77.3,3,1,否,B,social,0.8,0.49,0.39,0.42,0.68,0.66,0.54,1,0.62,学区房,一室一厅,93,7202,市第二中学地理教师,三口之家(幼龄段),上海中环品质两居，车位及空间极其拥挤,小区无地下车库且人车不分流，小孩在楼下玩耍或者推婴儿车极为不安全。,核心要求地块属于第一梯队名校学区，且周边500米内解决幼小衔接教育配套。,主要在陆家嘴/徐家汇CBD上班，首选地铁2/9号线沿线，通勤半小时内。,倡导轻户外，周末常带家人自驾野营或山系徒步，注重生活情调与手作咖啡。,名下持有一套旧两居，置换回款 65% + 个人理财储蓄补充 + 公积金商业贷,重性价比，不盲信大牌，但要求物业管理有序、绿化修剪及时、人防技防规范。,常年本地稳定居住，工作日职住通勤动线规则单一。
上_2008_00789,上海,2008,教育型买房,44,男,3.4,30.1,0.4,56.4,2,1,是,B,social,0.79,0.58,0.42,0.3,0.56,0.69,0.57,0.94,0.66,学区房,一室一厅,54,5980,市第二中学地理教师,三口之家(学龄段),上海中环品质两居，车位及空间极其拥挤,小区无地下车库且人车不分流，小孩在楼下玩耍或者推婴儿车极为不安全。,核心要求地块属于第一梯队名校学区，且周边500米内解决幼小衔接教育配套。,主要在陆家嘴/徐家汇CBD上班，首选地铁2/9号线沿线，通勤半小时内。,倡导轻户外，周末常带家人自驾野营或山系徒步，注重生活情调与手作咖啡。,名下持有一套旧两居，置换回款 65% + 个人理财储蓄补充 + 公积金商业贷,重性价比，不盲信大牌，但要求物业管理有序、绿化修剪及时、人防技防规范。,常年本地稳定居住，工作日职住通勤动线规则单一。
上_2008_00790,上海,2008,本地改善,42,女,2.7,22.6,0.45,37.7,5,2,是,B,agent,0.74,0.5,0.59,0.56,0.48,0.76,0.68,0.83,0.43,自住-改善,两室两厅,89,3454,国企车间技术主任,二胎黄金期中大户型,上海中环品质两居，车位及空间极其拥挤,小区无地下车库且人车不分流，小孩在楼下玩耍或者推婴儿车极为不安全。,讲究超高得房率（超85%），主卧套房必须配备独立步入式衣帽间与干湿分离双卫。,主要在陆家嘴/徐家汇CBD上班，首选地铁2/9号线沿线，通勤半小时内。,倡导轻户外，周末常带家人自驾野营或山系徒步，注重生活情调与手作咖啡。,名下持有一套旧两居，置换回款 65% + 个人理财储蓄补充 + 公积金商业贷,重性价比，不盲信大牌，但要求物业管理有序、绿化修剪及时、人防技防规范。,常年本地稳定居住，工作日职住通勤动线规则单一。
上_2008_00791,上海,2008,本地改善,48,男,2.3,18.9,0.45,31.6,5,1,是,B,agent,0.91,0.46,0.47,0.58,0.53,0.96,0.53,0.67,0.46,自住-改善,两室两厅,67,2649,邮政局局长秘书,三口之家(学龄段),上海中环品质两居，车位及空间极其拥挤,小区无地下车库且人车不分流，小孩在楼下玩耍或者推婴儿车极为不安全。,讲究超高得房率（超85%），主卧套房必须配备独立步入式衣帽间与干湿分离双卫。,主要在陆家嘴/徐家汇CBD上班，首选地铁2/9号线沿线，通勤半小时内。,倡导轻户外，周末常带家人自驾野营或山系徒步，注重生活情调与手作咖啡。,名下持有一套旧两居，置换回款 65% + 个人理财储蓄补充 + 公积金商业贷,重性价比，不盲信大牌，但要求物业管理有序、绿化修剪及时、人防技防规范。,常年本地稳定居住，工作日职住通勤动线规则单一。
上_2008_00792,上海,2008,本地改善,38,女,2.0,24.4,0.45,40.7,3,2,否,B,agent,0.7,0.55,0.58,0.45,0.59,0.89,0.64,0.81,0.54,自住-改善,两室一厅,71,3724,国企车间技术主任,二胎黄金期中大户型,上海中环品质两居，车位及空间极其拥挤,小区无地下车库且人车不分流，小孩在楼下玩耍或者推婴儿车极为不安全。,讲究超高得房率（超85%），主卧套房必须配备独立步入式衣帽间与干湿分离双卫。,主要在陆家嘴/徐家汇CBD上班，首选地铁2/9号线沿线，通勤半小时内。,倡导轻户外，周末常带家人自驾野营或山系徒步，注重生活情调与手作咖啡。,名下持有一套旧两居，置换回款 65% + 个人理财储蓄补充 + 公积金商业贷,重性价比，不盲信大牌，但要求物业管理有序、绿化修剪及时、人防技防规范。,常年本地稳定居住，工作日职住通勤动线规则单一。
上_2008_00793,上海,2008,本地改善,57,男,3.5,30.4,0.45,50.7,3,2,否,B,agent,0.82,0.56,0.54,0.37,0.71,0.75,0.64,0.87,0.67,自住-改善,一室一厅,57,5248,市第二中学地理教师,二胎黄金期中大户型,上海中环品质两居，车位及空间极其拥挤,小区无地下车库且人车不分流，小孩在楼下玩耍或者推婴儿车极为不安全。,讲究超高得房率（超85%），主卧套房必须配备独立步入式衣帽间与干湿分离双卫。,主要在陆家嘴/徐家汇CBD上班，首选地铁2/9号线沿线，通勤半小时内。,倡导轻户外，周末常带家人自驾野营或山系徒步，注重生活情调与手作咖啡。,名下持有一套旧两居，置换回款 65% + 个人理财储蓄补充 + 公积金商业贷,重性价比，不盲信大牌，但要求物业管理有序、绿化修剪及时、人防技防规范。,常年本地稳定居住，工作日职住通勤动线规则单一。
上_2008_00794,上海,2008,教育型买房,45,男,2.9,27.2,0.4,51.1,3,1,是,B,social,0.67,0.64,0.44,0.53,0.7,0.8,0.55,1,0.61,学区房,两室一厅,87,3976,邮政局局长秘书,三口之家(学龄段),上海中环品质两居，车位及空间极其拥挤,小区无地下车库且人车不分流，小孩在楼下玩耍或者推婴儿车极为不安全。,讲究超高得房率（超85%），主卧套房必须配备独立步入式衣帽间与干湿分离双卫。,主要在陆家嘴/徐家汇CBD上班，首选地铁2/9号线沿线，通勤半小时内。,倡导轻户外，周末常带家人自驾野营或山系徒步，注重生活情调与手作咖啡。,名下持有一套旧两居，置换回款 65% + 个人理财储蓄补充 + 公积金商业贷,重性价比，不盲信大牌，但要求物业管理有序、绿化修剪及时、人防技防规范。,常年本地稳定居住，工作日职住通勤动线规则单一。
上_2008_00795,上海,2008,教育型买房,40,女,1.5,10.8,0.4,20.3,3,0,否,B,social,0.62,0.57,0.54,0.29,0.51,0.85,0.64,1,0.6,学区房,两室一厅,55,1855,国企车间技术主任,成熟期核心家庭,上海中环品质两居，车位及空间极其拥挤,老小区隔音差，邻里滋扰严重，且车位严重匮乏，每晚加班回来抢车位像打仗。,讲究超高得房率（超85%），主卧套房必须配备独立步入式衣帽间与干湿分离双卫。,主要在陆家嘴/徐家汇CBD上班，首选地铁2/9号线沿线，通勤半小时内。,倡导轻户外，周末常带家人自驾野营或山系徒步，注重生活情调与手作咖啡。,名下持有一套旧两居，置换回款 65% + 个人理财储蓄补充 + 公积金商业贷,重性价比，不盲信大牌，但要求物业管理有序、绿化修剪及时、人防技防规范。,常年本地稳定居住，工作日职住通勤动线规则单一。
上_2008_00796,上海,2008,金融精英,46,女,2.3,18.8,0.4,35.2,3,1,否,A,research,0.84,0.56,0.65,0.54,0.8,0.63,0.86,0.63,0.71,自住-改善,两室一厅,78,3811,申银万国证券分析员,三口之家(学龄段),市中心私密洋房住宅,无高端私密会所及管家式物业配套，圈层鱼龙混杂，高净值居住体验差。,要求采光通透，全明户型，带多功能嵌入式收纳墙以最大化空间利用。,主要在陆家嘴/徐家汇CBD上班，首选地铁2/9号线沿线，通勤半小时内。,周末常去高端商圈消费，热衷打网球和马术，重度手冲咖啡及黑胶唱片发烧友。,名下已有企业股权套现或分红现金，一次性全款付清，基本不加杠杆,非仁恒、绿城、万科等金牌开发商不买，极度看重高端精装质量与顶级物业的增值口碑。,常年本地稳定居住，工作日职住通勤动线规则单一。
上_2008_00797,上海,2008,金融精英,48,男,5.7,32.3,0.4,60.6,4,1,否,A,research,0.58,0.48,0.67,0.58,0.76,0.85,0.6,0.8,0.9,自住-首套,两室两厅,96,3868,老牌证券公司营业部经理,三口之家(学龄段),陆家嘴核心区江景大平层,无高端私密会所及管家式物业配套，圈层鱼龙混杂，高净值居住体验差。,讲究超高得房率（超85%），主卧套房必须配备独立步入式衣帽间与干湿分离双卫。,主要在陆家嘴/徐家汇CBD上班，首选地铁2/9号线沿线，通勤半小时内。,周末常去高端商圈消费，热衷打网球和马术，重度手冲咖啡及黑胶唱片发烧友。,夫妻双方积蓄 + 双方父母出资赞助首付 + 公积金商业组合贷款,非仁恒、绿城、万科等金牌开发商不买，极度看重高端精装质量与顶级物业的增值口碑。,常年本地稳定居住，工作日职住通勤动线规则单一。
上_2008_00798,上海,2008,本地改善,57,女,2.5,22.7,0.45,37.9,4,2,否,B,agent,1,0.45,0.54,0.52,0.59,0.74,0.63,0.59,0.5,自住-改善,两室一厅,71,3538,邮政局局长秘书,二胎黄金期中大户型,上海中环品质两居，车位及空间极其拥挤,小区无地下车库且人车不分流，小孩在楼下玩耍或者推婴儿车极为不安全。,讲究超高得房率（超85%），主卧套房必须配备独立步入式衣帽间与干湿分离双卫。,主要在陆家嘴/徐家汇CBD上班，首选地铁2/9号线沿线，通勤半小时内。,倡导轻户外，周末常带家人自驾野营或山系徒步，注重生活情调与手作咖啡。,名下持有一套旧两居，置换回款 65% + 个人理财储蓄补充 + 公积金商业贷,重性价比，不盲信大牌，但要求物业管理有序、绿化修剪及时、人防技防规范。,常年本地稳定居住，工作日职住通勤动线规则单一。
上_2008_00799,上海,2008,教育型买房,44,男,4.4,32.9,0.4,61.8,4,0,是,B,social,0.84,0.41,0.39,0.26,0.57,0.68,0.63,0.96,0.52,学区房,两室一厅,99,4269,区财政局科员,成熟期核心家庭,上海中环品质两居，车位及空间极其拥挤,当前房屋属于旧多层无电梯房，父母年纪渐高每天爬楼梯极为吃力。,核心要求地块属于第一梯队名校学区，且周边500米内解决幼小衔接教育配套。,主要在陆家嘴/徐家汇CBD上班，首选地铁2/9号线沿线，通勤半小时内。,倡导轻户外，周末常带家人自驾野营或山系徒步，注重生活情调与手作咖啡。,名下持有一套旧两居，置换回款 65% + 个人理财储蓄补充 + 公积金商业贷,重性价比，不盲信大牌，但要求物业管理有序、绿化修剪及时、人防技防规范。,常年本地稳定居住，工作日职住通勤动线规则单一。
上_2008_00800,上海,2008,本地改善,40,男,2.2,24.0,0.45,40.0,4,2,否,B,agent,0.86,0.43,0.56,0.47,0.46,0.85,0.63,0.72,0.49,自住-改善,一室一厅,97,2161,市第二中学地理教师,二胎黄金期中大户型,上海中环品质两居，车位及空间极其拥挤,小区无地下车库且人车不分流，小孩在楼下玩耍或者推婴儿车极为不安全。,讲究超高得房率（超85%），主卧套房必须配备独立步入式衣帽间与干湿分离双卫。,主要在陆家嘴/徐家汇CBD上班，首选地铁2/9号线沿线，通勤半小时内。,倡导轻户外，周末常带家人自驾野营或山系徒步，注重生活情调与手作咖啡。,名下持有一套旧两居，置换回款 65% + 个人理财储蓄补充 + 公积金商业贷,重性价比，不盲信大牌，但要求物业管理有序、绿化修剪及时、人防技防规范。,常年本地稳定居住，工作日职住通勤动线规则单一。
上_2008_00801,上海,2008,长三角家庭,50,男,2.3,19.2,0.45,31.9,4,2,否,B,agent,0.72,0.46,0.66,0.58,0.54,0.88,0.41,0.68,0.43,自住-改善,两室两厅,78,2459,国企车间技术主任,二胎黄金期中大户型,上海中环品质两居，车位及空间极其拥挤,小区无地下车库且人车不分流，小孩在楼下玩耍或者推婴儿车极为不安全。,讲究超高得房率（超85%），主卧套房必须配备独立步入式衣帽间与干湿分离双卫。,主要在陆家嘴/徐家汇CBD上班，首选地铁2/9号线沿线，通勤半小时内。,倡导轻户外，周末常带家人自驾野营或山系徒步，注重生活情调与手作咖啡。,名下持有一套旧两居，置换回款 65% + 个人理财储蓄补充 + 公积金商业贷,重性价比，不盲信大牌，但要求物业管理有序、绿化修剪及时、人防技防规范。,常年本地稳定居住，工作日职住通勤动线规则单一。
上_2008_00802,上海,2008,金融精英,32,男,7.7,47.4,0.4,88.9,3,0,否,A,research,0.83,0.57,0.62,0.53,0.8,0.78,0.73,0.74,0.76,婚房,两室两厅,70,10985,申银万国证券分析员,新婚过渡两居,陆家嘴核心区江景大平层,无高端私密会所及管家式物业配套，圈层鱼龙混杂，高净值居住体验差。,讲究超高得房率（超85%），主卧套房必须配备独立步入式衣帽间与干湿分离双卫。,主要在陆家嘴/徐家汇CBD上班，首选地铁2/9号线沿线，通勤半小时内。,周末常去高端商圈消费，热衷打网球和马术，重度手冲咖啡及黑胶唱片发烧友。,夫妻双方积蓄 + 双方父母出资赞助首付 + 公积金商业组合贷款,非仁恒、绿城、万科等金牌开发商不买，极度看重高端精装质量与顶级物业的增值口碑。,常年本地稳定居住，工作日职住通勤动线规则单一。
上_2008_00803,上海,2008,本地改善,38,女,2.3,21.0,0.45,35.0,4,2,是,B,agent,0.68,0.37,0.51,0.46,0.57,0.94,0.68,0.69,0.42,自住-改善,两室两厅,68,3182,国企车间技术主任,二胎黄金期中大户型,上海中环品质两居，车位及空间极其拥挤,小区无地下车库且人车不分流，小孩在楼下玩耍或者推婴儿车极为不安全。,讲究超高得房率（超85%），主卧套房必须配备独立步入式衣帽间与干湿分离双卫。,主要在陆家嘴/徐家汇CBD上班，首选地铁2/9号线沿线，通勤半小时内。,倡导轻户外，周末常带家人自驾野营或山系徒步，注重生活情调与手作咖啡。,名下持有一套旧两居，置换回款 65% + 个人理财储蓄补充 + 公积金商业贷,重性价比，不盲信大牌，但要求物业管理有序、绿化修剪及时、人防技防规范。,常年本地稳定居住，工作日职住通勤动线规则单一。
上_2008_00804,上海,2008,长三角家庭,42,男,2.5,12.9,0.45,21.4,4,1,否,B,agent,0.7,0.59,0.67,0.53,0.47,0.79,0.41,0.69,0.76,自住-首套,一室一厅,96,1239,区财政局科员,三口之家(学龄段),上海中环品质两居，车位及空间极其拥挤,小区无地下车库且人车不分流，小孩在楼下玩耍或者推婴儿车极为不安全。,讲究超高得房率（超85%），主卧套房必须配备独立步入式衣帽间与干湿分离双卫。,主要在陆家嘴/徐家汇CBD上班，首选地铁2/9号线沿线，通勤半小时内。,倡导轻户外，周末常带家人自驾野营或山系徒步，注重生活情调与手作咖啡。,夫妻双方积蓄 + 双方父母出资赞助首付 + 公积金商业组合贷款,非仁恒、绿城、万科等金牌开发商不买，极度看重高端精装质量与顶级物业的增值口碑。,常年本地稳定居住，工作日职住通勤动线规则单一。
上_2008_00805,上海,2008,金融精英,50,女,4.0,32.4,0.4,60.7,3,1,否,A,research,0.78,0.43,0.68,0.62,0.74,0.75,0.6,0.86,0.72,自住-首套,一室一厅,53,7350,老牌证券公司营业部经理,三口之家(学龄段),市中心私密洋房住宅,无高端私密会所及管家式物业配套，圈层鱼龙混杂，高净值居住体验差。,讲究超高得房率（超85%），主卧套房必须配备独立步入式衣帽间与干湿分离双卫。,主要在陆家嘴/徐家汇CBD上班，首选地铁2/9号线沿线，通勤半小时内。,周末常去高端商圈消费，热衷打网球和马术，重度手冲咖啡及黑胶唱片发烧友。,夫妻双方积蓄 + 双方父母出资赞助首付 + 公积金商业组合贷款,非仁恒、绿城、万科等金牌开发商不买，极度看重高端精装质量与顶级物业的增值口碑。,常年本地稳定居住，工作日职住通勤动线规则单一。
上_2008_00806,上海,2008,本地改善,42,女,2.3,20.2,0.45,33.6,4,2,否,B,agent,0.6,0.39,0.6,0.39,0.53,0.95,0.5,0.64,0.61,自住-改善,两室两厅,51,4184,市第二中学地理教师,二胎黄金期中大户型,上海中环品质两居，车位及空间极其拥挤,小区无地下车库且人车不分流，小孩在楼下玩耍或者推婴儿车极为不安全。,讲究超高得房率（超85%），主卧套房必须配备独立步入式衣帽间与干湿分离双卫。,主要在陆家嘴/徐家汇CBD上班，首选地铁2/9号线沿线，通勤半小时内。,倡导轻户外，周末常带家人自驾野营或山系徒步，注重生活情调与手作咖啡。,名下持有一套旧两居，置换回款 65% + 个人理财储蓄补充 + 公积金商业贷,重性价比，不盲信大牌，但要求物业管理有序、绿化修剪及时、人防技防规范。,常年本地稳定居住，工作日职住通勤动线规则单一。
上_2008_00807,上海,2008,金融精英,48,女,4.1,31.8,0.4,59.6,3,1,是,A,research,0.92,0.39,0.67,0.68,0.75,0.73,0.72,0.7,0.75,自住-改善,两室两厅,79,5105,老牌证券公司营业部经理,三口之家(学龄段),西湖边高精平层,当前房屋属于旧多层无电梯房，父母年纪渐高每天爬楼梯极为吃力。,讲究超高得房率（超85%），主卧套房必须配备独立步入式衣帽间与干湿分离双卫。,主要在陆家嘴/徐家汇CBD上班，首选地铁2/9号线沿线，通勤半小时内。,周末常去高端商圈消费，热衷打网球和马术，重度手冲咖啡及黑胶唱片发烧友。,名下已有企业股权套现或分红现金，一次性全款付清，基本不加杠杆,非仁恒、绿城、万科等金牌开发商不买，极度看重高端精装质量与顶级物业的增值口碑。,常年本地稳定居住，工作日职住通勤动线规则单一。
上_2008_00808,上海,2008,金融精英,42,男,9.5,93.2,0.4,174.7,2,1,否,A,research,0.7,0.46,0.62,0.52,0.77,0.81,0.78,0.85,0.85,自住-首套,三室两厅,148,8816,商业银行支行信贷科长,三口之家(学龄段),陆家嘴核心区江景大平层,无高端私密会所及管家式物业配套，圈层鱼龙混杂，高净值居住体验差。,讲究超高得房率（超85%），主卧套房必须配备独立步入式衣帽间与干湿分离双卫。,主要在陆家嘴/徐家汇CBD上班，首选地铁2/9号线沿线，通勤半小时内。,周末常去高端商圈消费，热衷打网球和马术，重度手冲咖啡及黑胶唱片发烧友。,夫妻双方积蓄 + 双方父母出资赞助首付 + 公积金商业组合贷款,非仁恒、绿城、万科等金牌开发商不买，极度看重高端精装质量与顶级物业的增值口碑。,常年本地稳定居住，工作日职住通勤动线规则单一。
上_2008_00809,上海,2008,长三角家庭,43,女,2.4,12.9,0.45,21.5,4,2,否,B,agent,0.71,0.6,0.55,0.46,0.46,0.92,0.59,0.67,0.73,自住-改善,一室一厅,82,2112,国企车间技术主任,二胎黄金期中大户型,上海中环品质两居，车位及空间极其拥挤,小区无地下车库且人车不分流，小孩在楼下玩耍或者推婴儿车极为不安全。,讲究超高得房率（超85%），主卧套房必须配备独立步入式衣帽间与干湿分离双卫。,主要在陆家嘴/徐家汇CBD上班，首选地铁2/9号线沿线，通勤半小时内。,倡导轻户外，周末常带家人自驾野营或山系徒步，注重生活情调与手作咖啡。,名下持有一套旧两居，置换回款 65% + 个人理财储蓄补充 + 公积金商业贷,非仁恒、绿城、万科等金牌开发商不买，极度看重高端精装质量与顶级物业的增值口碑。,常年本地稳定居住，工作日职住通勤动线规则单一。
上_2008_00810,上海,2008,教育型买房,33,女,2.8,21.6,0.4,40.6,3,0,是,B,social,0.74,0.57,0.44,0.43,0.73,0.83,0.57,0.9,0.65,学区房,一室一厅,91,2874,市第二中学地理教师,新婚过渡两居,上海中环品质两居，车位及空间极其拥挤,当前房屋属于旧多层无电梯房，父母年纪渐高每天爬楼梯极为吃力。,讲究超高得房率（超85%），主卧套房必须配备独立步入式衣帽间与干湿分离双卫。,主要在陆家嘴/徐家汇CBD上班，首选地铁2/9号线沿线，通勤半小时内。,倡导轻户外，周末常带家人自驾野营或山系徒步，注重生活情调与手作咖啡。,名下持有一套旧两居，置换回款 65% + 个人理财储蓄补充 + 公积金商业贷,重性价比，不盲信大牌，但要求物业管理有序、绿化修剪及时、人防技防规范。,常年本地稳定居住，工作日职住通勤动线规则单一。
上_2008_00811,上海,2008,本地改善,57,女,2.6,21.0,0.45,34.9,4,1,是,B,agent,0.84,0.56,0.63,0.55,0.53,0.75,0.66,0.68,0.54,自住-改善,一室一厅,89,2179,区财政局科员,三口之家(学龄段),上海中环品质两居，车位及空间极其拥挤,小区无地下车库且人车不分流，小孩在楼下玩耍或者推婴儿车极为不安全。,讲究超高得房率（超85%），主卧套房必须配备独立步入式衣帽间与干湿分离双卫。,主要在陆家嘴/徐家汇CBD上班，首选地铁2/9号线沿线，通勤半小时内。,倡导轻户外，周末常带家人自驾野营或山系徒步，注重生活情调与手作咖啡。,名下持有一套旧两居，置换回款 65% + 个人理财储蓄补充 + 公积金商业贷,重性价比，不盲信大牌，但要求物业管理有序、绿化修剪及时、人防技防规范。,常年本地稳定居住，工作日职住通勤动线规则单一。
上_2008_00812,上海,2008,外籍海归,38,女,2.5,17.4,0.4,32.7,3,1,否,A,social,0.75,0.46,0.63,0.58,0.96,0.73,0.68,0.83,0.74,自住-首套,两室两厅,54,4576,合资日化企业技术主管,三口之家(学龄段),西湖边高精平层,无高端私密会所及管家式物业配套，圈层鱼龙混杂，高净值居住体验差。,讲究超高得房率（超85%），主卧套房必须配备独立步入式衣帽间与干湿分离双卫。,主要在陆家嘴/徐家汇CBD上班，首选地铁2/9号线沿线，通勤半小时内。,周末常去高端商圈消费，热衷打网球和马术，重度手冲咖啡及黑胶唱片发烧友。,夫妻双方积蓄 + 双方父母出资赞助首付 + 公积金商业组合贷款,非仁恒、绿城、万科等金牌开发商不买，极度看重高端精装质量与顶级物业的增值口碑。,常年本地稳定居住，工作日职住通勤动线规则单一。
上_2008_00813,上海,2008,本地改善,54,男,2.2,26.1,0.45,43.5,4,2,是,B,agent,0.67,0.46,0.49,0.48,0.54,0.91,0.56,0.68,0.6,自住-改善,两室两厅,54,4102,市第二中学地理教师,二胎黄金期中大户型,上海中环品质两居，车位及空间极其拥挤,小区无地下车库且人车不分流，小孩在楼下玩耍或者推婴儿车极为不安全。,讲究超高得房率（超85%），主卧套房必须配备独立步入式衣帽间与干湿分离双卫。,主要在陆家嘴/徐家汇CBD上班，首选地铁2/9号线沿线，通勤半小时内。,倡导轻户外，周末常带家人自驾野营或山系徒步，注重生活情调与手作咖啡。,名下持有一套旧两居，置换回款 65% + 个人理财储蓄补充 + 公积金商业贷,重性价比，不盲信大牌，但要求物业管理有序、绿化修剪及时、人防技防规范。,常年本地稳定居住，工作日职住通勤动线规则单一。
上_2008_00814,上海,2008,金融精英,43,男,5.3,47.1,0.4,88.3,3,0,否,A,research,1,0.51,0.57,0.63,0.78,0.69,0.65,0.84,0.96,自住-首套,两室一厅,81,7444,申银万国证券分析员,成熟期核心家庭,市中心私密洋房住宅,无高端私密会所及管家式物业配套，圈层鱼龙混杂，高净值居住体验差。,核心要求地块属于第一梯队名校学区，且周边500米内解决幼小衔接教育配套。,主要在陆家嘴/徐家汇CBD上班，首选地铁2/9号线沿线，通勤半小时内。,周末常去高端商圈消费，热衷打网球和马术，重度手冲咖啡及黑胶唱片发烧友。,夫妻双方积蓄 + 双方父母出资赞助首付 + 公积金商业组合贷款,非仁恒、绿城、万科等金牌开发商不买，极度看重高端精装质量与顶级物业的增值口碑。,常年本地稳定居住，工作日职住通勤动线规则单一。
上_2008_00815,上海,2008,本地改善,40,男,1.7,17.8,0.45,29.6,5,2,否,B,agent,0.65,0.44,0.57,0.51,0.55,0.72,0.75,0.67,0.6,自住-改善,一室一厅,71,2202,区财政局科员,二胎黄金期中大户型,上海中环品质两居，车位及空间极其拥挤,小区无地下车库且人车不分流，小孩在楼下玩耍或者推婴儿车极为不安全。,讲究超高得房率（超85%），主卧套房必须配备独立步入式衣帽间与干湿分离双卫。,主要在陆家嘴/徐家汇CBD上班，首选地铁2/9号线沿线，通勤半小时内。,倡导轻户外，周末常带家人自驾野营或山系徒步，注重生活情调与手作咖啡。,名下持有一套旧两居，置换回款 65% + 个人理财储蓄补充 + 公积金商业贷,重性价比，不盲信大牌，但要求物业管理有序、绿化修剪及时、人防技防规范。,常年本地稳定居住，工作日职住通勤动线规则单一。
上_2008_00816,上海,2008,金融精英,33,女,2.2,21.9,0.4,41.1,4,1,否,A,research,0.89,0.41,0.67,0.54,0.67,0.69,0.66,0.82,0.73,自住-首套,两室两厅,60,4599,商业银行支行信贷科长,三口之家(幼龄段),陆家嘴核心区江景大平层,无高端私密会所及管家式物业配套，圈层鱼龙混杂，高净值居住体验差。,核心要求地块属于第一梯队名校学区，且周边500米内解决幼小衔接教育配套。,主要在陆家嘴/徐家汇CBD上班，首选地铁2/9号线沿线，通勤半小时内。,周末常去高端商圈消费，热衷打网球和马术，重度手冲咖啡及黑胶唱片发烧友。,夫妻双方积蓄 + 双方父母出资赞助首付 + 公积金商业组合贷款,非仁恒、绿城、万科等金牌开发商不买，极度看重高端精装质量与顶级物业的增值口碑。,常年本地稳定居住，工作日职住通勤动线规则单一。
上_2008_00817,上海,2008,外籍海归,43,男,4.8,29.8,0.4,55.9,3,1,否,A,social,0.73,0.49,0.67,0.54,0.79,0.63,0.69,1,0.7,自住-改善,两室一厅,74,5228,外企驻沪办事处代表,三口之家(学龄段),市中心私密洋房住宅,无高端私密会所及管家式物业配套，圈层鱼龙混杂，高净值居住体验差。,核心要求地块属于第一梯队名校学区，且周边500米内解决幼小衔接教育配套。,主要在陆家嘴/徐家汇CBD上班，首选地铁2/9号线沿线，通勤半小时内。,周末常去高端商圈消费，热衷打网球和马术，重度手冲咖啡及黑胶唱片发烧友。,名下已有企业股权套现或分红现金，一次性全款付清，基本不加杠杆,重性价比，不盲信大牌，但要求物业管理有序、绿化修剪及时、人防技防规范。,常年本地稳定居住，工作日职住通勤动线规则单一。
上_2008_00818,上海,2008,本地改善,54,男,2.2,18.2,0.45,30.4,4,2,否,B,agent,0.68,0.51,0.52,0.37,0.59,0.83,0.57,0.73,0.6,自住-改善,两室一厅,81,3312,区财政局科员,二胎黄金期中大户型,上海中环品质两居，车位及空间极其拥挤,小区无地下车库且人车不分流，小孩在楼下玩耍或者推婴儿车极为不安全。,讲究超高得房率（超85%），主卧套房必须配备独立步入式衣帽间与干湿分离双卫。,主要在陆家嘴/徐家汇CBD上班，首选地铁2/9号线沿线，通勤半小时内。,倡导轻户外，周末常带家人自驾野营或山系徒步，注重生活情调与手作咖啡。,名下持有一套旧两居，置换回款 65% + 个人理财储蓄补充 + 公积金商业贷,重性价比，不盲信大牌，但要求物业管理有序、绿化修剪及时、人防技防规范。,常年本地稳定居住，工作日职住通勤动线规则单一。
上_2008_00819,上海,2008,金融精英,43,女,4.4,44.4,0.4,83.3,3,1,否,A,research,0.85,0.52,0.81,0.67,0.68,0.58,0.67,0.75,0.91,自住-改善,一室一厅,79,6318,老牌证券公司营业部经理,三口之家(学龄段),市中心私密洋房住宅,无高端私密会所及管家式物业配套，圈层鱼龙混杂，高净值居住体验差。,要求有超大面宽南向双阳台（观景家政分离），主卧大飘窗能270度直面自然景观。,主要在陆家嘴/徐家汇CBD上班，首选地铁2/9号线沿线，通勤半小时内。,周末常去高端商圈消费，热衷打网球和马术，重度手冲咖啡及黑胶唱片发烧友。,名下已有企业股权套现或分红现金，一次性全款付清，基本不加杠杆,非仁恒、绿城、万科等金牌开发商不买，极度看重高端精装质量与顶级物业的增值口碑。,常年本地稳定居住，工作日职住通勤动线规则单一。
上_2008_00820,上海,2008,本地改善,38,男,1.5,11.3,0.45,18.8,4,1,是,B,agent,0.69,0.55,0.54,0.57,0.55,0.81,0.6,0.74,0.74,自住-改善,两室两厅,58,2434,邮政局局长秘书,三口之家(学龄段),上海中环品质两居，车位及空间极其拥挤,小区无地下车库且人车不分流，小孩在楼下玩耍或者推婴儿车极为不安全。,讲究超高得房率（超85%），主卧套房必须配备独立步入式衣帽间与干湿分离双卫。,主要在陆家嘴/徐家汇CBD上班，首选地铁2/9号线沿线，通勤半小时内。,倡导轻户外，周末常带家人自驾野营或山系徒步，注重生活情调与手作咖啡。,名下持有一套旧两居，置换回款 65% + 个人理财储蓄补充 + 公积金商业贷,非仁恒、绿城、万科等金牌开发商不买，极度看重高端精装质量与顶级物业的增值口碑。,常年本地稳定居住，工作日职住通勤动线规则单一。
上_2008_00821,上海,2008,金融精英,36,女,3.2,29.2,0.4,54.7,3,0,否,A,research,0.39,0.42,0.73,0.61,0.87,0.73,0.62,0.65,0.7,自住-改善,一室一厅,68,4567,申银万国证券分析员,成熟期核心家庭,陆家嘴核心区江景大平层,无高端私密会所及管家式物业配套，圈层鱼龙混杂，高净值居住体验差。,要求有超大面宽南向双阳台（观景家政分离），主卧大飘窗能270度直面自然景观。,主要在陆家嘴/徐家汇CBD上班，首选地铁2/9号线沿线，通勤半小时内。,周末常去高端商圈消费，热衷打网球和马术，重度手冲咖啡及黑胶唱片发烧友。,名下已有企业股权套现或分红现金，一次性全款付清，基本不加杠杆,重性价比，不盲信大牌，但要求物业管理有序、绿化修剪及时、人防技防规范。,常年本地稳定居住，工作日职住通勤动线规则单一。
上_2008_00822,上海,2008,本地改善,48,男,1.3,11.3,0.45,18.9,4,2,是,B,agent,0.88,0.53,0.48,0.44,0.52,0.75,0.47,0.72,0.62,自住-改善,一室一厅,100,989,市第二中学地理教师,二胎黄金期中大户型,上海中环品质两居，车位及空间极其拥挤,小区无地下车库且人车不分流，小孩在楼下玩耍或者推婴儿车极为不安全。,讲究超高得房率（超85%），主卧套房必须配备独立步入式衣帽间与干湿分离双卫。,主要在陆家嘴/徐家汇CBD上班，首选地铁2/9号线沿线，通勤半小时内。,倡导轻户外，周末常带家人自驾野营或山系徒步，注重生活情调与手作咖啡。,名下持有一套旧两居，置换回款 65% + 个人理财储蓄补充 + 公积金商业贷,重性价比，不盲信大牌，但要求物业管理有序、绿化修剪及时、人防技防规范。,常年本地稳定居住，工作日职住通勤动线规则单一。
上_2008_00823,上海,2008,金融精英,46,男,5.7,46.2,0.4,86.6,4,1,否,A,research,0.49,0.59,0.73,0.73,0.78,0.85,0.76,0.83,0.78,自住-改善,两室一厅,60,10553,老牌证券公司营业部经理,三口之家(学龄段),陆家嘴核心区江景大平层,无高端私密会所及管家式物业配套，圈层鱼龙混杂，高净值居住体验差。,要求独立电梯入户，主次卧动线分明，配备独立保姆房和私密后院。,主要在陆家嘴/徐家汇CBD上班，首选地铁2/9号线沿线，通勤半小时内。,周末常去高端商圈消费，热衷打网球和马术，重度手冲咖啡及黑胶唱片发烧友。,名下已有企业股权套现或分红现金，一次性全款付清，基本不加杠杆,非仁恒、绿城、万科等金牌开发商不买，极度看重高端精装质量与顶级物业的增值口碑。,常年本地稳定居住，工作日职住通勤动线规则单一。
上_2008_00824,上海,2008,本地改善,49,女,3.3,27.2,0.45,45.3,5,2,是,B,agent,0.61,0.43,0.5,0.69,0.42,0.85,0.52,0.71,0.64,自住-改善,两室两厅,71,4769,邮政局局长秘书,二胎黄金期中大户型,上海中环品质两居，车位及空间极其拥挤,小区无地下车库且人车不分流，小孩在楼下玩耍或者推婴儿车极为不安全。,讲究超高得房率（超85%），主卧套房必须配备独立步入式衣帽间与干湿分离双卫。,主要在陆家嘴/徐家汇CBD上班，首选地铁2/9号线沿线，通勤半小时内。,倡导轻户外，周末常带家人自驾野营或山系徒步，注重生活情调与手作咖啡。,名下持有一套旧两居，置换回款 65% + 个人理财储蓄补充 + 公积金商业贷,重性价比，不盲信大牌，但要求物业管理有序、绿化修剪及时、人防技防规范。,常年本地稳定居住，工作日职住通勤动线规则单一。
上_2008_00825,上海,2008,长三角家庭,54,女,2.2,17.5,0.45,29.2,5,2,是,B,agent,0.88,0.59,0.53,0.48,0.47,0.78,0.26,0.58,0.74,自住-首套,两室一厅,53,4316,国企车间技术主任,二胎黄金期中大户型,上海中环品质两居，车位及空间极其拥挤,小区无地下车库且人车不分流，小孩在楼下玩耍或者推婴儿车极为不安全。,讲究超高得房率（超85%），主卧套房必须配备独立步入式衣帽间与干湿分离双卫。,主要在陆家嘴/徐家汇CBD上班，首选地铁2/9号线沿线，通勤半小时内。,倡导轻户外，周末常带家人自驾野营或山系徒步，注重生活情调与手作咖啡。,夫妻双方积蓄 + 双方父母出资赞助首付 + 公积金商业组合贷款,非仁恒、绿城、万科等金牌开发商不买，极度看重高端精装质量与顶级物业的增值口碑。,常年本地稳定居住，工作日职住通勤动线规则单一。
上_2008_00826,上海,2008,金融精英,34,女,1.6,9.8,0.4,18.4,2,0,否,A,research,1,0.52,0.67,0.51,0.69,0.83,0.68,0.83,0.77,自住-首套,两室两厅,54,2252,老牌证券公司营业部经理,新婚过渡两居,陆家嘴核心区江景大平层,无高端私密会所及管家式物业配套，圈层鱼龙混杂，高净值居住体验差。,讲究超高得房率（超85%），主卧套房必须配备独立步入式衣帽间与干湿分离双卫。,主要在陆家嘴/徐家汇CBD上班，首选地铁2/9号线沿线，通勤半小时内。,周末常去高端商圈消费，热衷打网球和马术，重度手冲咖啡及黑胶唱片发烧友。,夫妻双方积蓄 + 双方父母出资赞助首付 + 公积金商业组合贷款,非仁恒、绿城、万科等金牌开发商不买，极度看重高端精装质量与顶级物业的增值口碑。,常年本地稳定居住，工作日职住通勤动线规则单一。
上_2008_00827,上海,2008,金融精英,43,女,4.1,26.9,0.4,50.4,2,2,否,A,research,0.96,0.39,0.63,0.65,0.69,0.88,0.76,0.8,1,自住-首套,两室两厅,51,8315,申银万国证券分析员,二胎黄金期中大户型,市中心私密洋房住宅,无高端私密会所及管家式物业配套，圈层鱼龙混杂，高净值居住体验差。,讲究超高得房率（超85%），主卧套房必须配备独立步入式衣帽间与干湿分离双卫。,主要在陆家嘴/徐家汇CBD上班，首选地铁2/9号线沿线，通勤半小时内。,周末常去高端商圈消费，热衷打网球和马术，重度手冲咖啡及黑胶唱片发烧友。,夫妻双方积蓄 + 双方父母出资赞助首付 + 公积金商业组合贷款,非仁恒、绿城、万科等金牌开发商不买，极度看重高端精装质量与顶级物业的增值口碑。,常年本地稳定居住，工作日职住通勤动线规则单一。
上_2008_00828,上海,2008,长三角家庭,44,男,2.3,17.3,0.45,28.9,5,1,否,B,agent,0.73,0.67,0.69,0.56,0.48,0.71,0.42,0.65,0.66,自住-改善,一室一厅,61,3088,邮政局局长秘书,三口之家(学龄段),上海中环品质两居，车位及空间极其拥挤,小区无地下车库且人车不分流，小孩在楼下玩耍或者推婴儿车极为不安全。,讲究超高得房率（超85%），主卧套房必须配备独立步入式衣帽间与干湿分离双卫。,主要在陆家嘴/徐家汇CBD上班，首选地铁2/9号线沿线，通勤半小时内。,倡导轻户外，周末常带家人自驾野营或山系徒步，注重生活情调与手作咖啡。,名下持有一套旧两居，置换回款 65% + 个人理财储蓄补充 + 公积金商业贷,重性价比，不盲信大牌，但要求物业管理有序、绿化修剪及时、人防技防规范。,常年本地稳定居住，工作日职住通勤动线规则单一。
上_2008_00829,上海,2008,教育型买房,40,女,2.8,16.5,0.4,31.0,2,1,否,B,social,1,0.42,0.39,0.3,0.46,0.64,0.49,1,0.61,学区房,两室两厅,84,2823,国企车间技术主任,三口之家(学龄段),上海中环品质两居，车位及空间极其拥挤,小区无地下车库且人车不分流，小孩在楼下玩耍或者推婴儿车极为不安全。,核心要求地块属于第一梯队名校学区，且周边500米内解决幼小衔接教育配套。,主要在陆家嘴/徐家汇CBD上班，首选地铁2/9号线沿线，通勤半小时内。,倡导轻户外，周末常带家人自驾野营或山系徒步，注重生活情调与手作咖啡。,名下持有一套旧两居，置换回款 65% + 个人理财储蓄补充 + 公积金商业贷,重性价比，不盲信大牌，但要求物业管理有序、绿化修剪及时、人防技防规范。,常年本地稳定居住，工作日职住通勤动线规则单一。
上_2008_00830,上海,2008,教育型买房,35,女,2.9,16.7,0.4,31.3,3,1,否,B,social,1,0.43,0.3,0.41,0.56,0.76,0.42,0.8,0.46,学区房,一室一厅,76,3235,邮政局局长秘书,三口之家(幼龄段),上海中环品质两居，车位及空间极其拥挤,小区无地下车库且人车不分流，小孩在楼下玩耍或者推婴儿车极为不安全。,讲究超高得房率（超85%），主卧套房必须配备独立步入式衣帽间与干湿分离双卫。,主要在陆家嘴/徐家汇CBD上班，首选地铁2/9号线沿线，通勤半小时内。,倡导轻户外，周末常带家人自驾野营或山系徒步，注重生活情调与手作咖啡。,名下持有一套旧两居，置换回款 65% + 个人理财储蓄补充 + 公积金商业贷,重性价比，不盲信大牌，但要求物业管理有序、绿化修剪及时、人防技防规范。,常年本地稳定居住，工作日职住通勤动线规则单一。
上_2008_00831,上海,2008,本地改善,53,男,1.9,21.2,0.45,35.3,5,2,否,B,agent,0.46,0.5,0.46,0.5,0.57,0.86,0.71,0.59,0.61,自住-改善,两室两厅,81,2192,国企车间技术主任,二胎黄金期中大户型,上海中环品质两居，车位及空间极其拥挤,小区无地下车库且人车不分流，小孩在楼下玩耍或者推婴儿车极为不安全。,讲究超高得房率（超85%），主卧套房必须配备独立步入式衣帽间与干湿分离双卫。,主要在陆家嘴/徐家汇CBD上班，首选地铁2/9号线沿线，通勤半小时内。,倡导轻户外，周末常带家人自驾野营或山系徒步，注重生活情调与手作咖啡。,名下持有一套旧两居，置换回款 65% + 个人理财储蓄补充 + 公积金商业贷,重性价比，不盲信大牌，但要求物业管理有序、绿化修剪及时、人防技防规范。,常年本地稳定居住，工作日职住通勤动线规则单一。
上_2008_00832,上海,2008,教育型买房,37,女,5.1,42.9,0.4,80.4,3,1,否,B,social,0.92,0.48,0.43,0.28,0.52,0.48,0.63,1,0.67,学区房,一室一厅,97,4415,市第二中学地理教师,三口之家(幼龄段),上海中环品质两居，车位及空间极其拥挤,小区无地下车库且人车不分流，小孩在楼下玩耍或者推婴儿车极为不安全。,核心要求地块属于第一梯队名校学区，且周边500米内解决幼小衔接教育配套。,主要在陆家嘴/徐家汇CBD上班，首选地铁2/9号线沿线，通勤半小时内。,倡导轻户外，周末常带家人自驾野营或山系徒步，注重生活情调与手作咖啡。,名下持有一套旧两居，置换回款 65% + 个人理财储蓄补充 + 公积金商业贷,重性价比，不盲信大牌，但要求物业管理有序、绿化修剪及时、人防技防规范。,常年本地稳定居住，工作日职住通勤动线规则单一。
上_2008_00833,上海,2008,教育型买房,34,男,2.3,13.7,0.4,25.6,1,1,是,B,social,0.84,0.61,0.22,0.21,0.49,0.68,0.56,0.89,0.6,学区房,一室一厅,85,1588,市第二中学地理教师,三口之家(幼龄段),上海中环品质两居，车位及空间极其拥挤,小区无地下车库且人车不分流，小孩在楼下玩耍或者推婴儿车极为不安全。,核心要求地块属于第一梯队名校学区，且周边500米内解决幼小衔接教育配套。,主要在陆家嘴/徐家汇CBD上班，首选地铁2/9号线沿线，通勤半小时内。,倡导轻户外，周末常带家人自驾野营或山系徒步，注重生活情调与手作咖啡。,名下持有一套旧两居，置换回款 65% + 个人理财储蓄补充 + 公积金商业贷,重性价比，不盲信大牌，但要求物业管理有序、绿化修剪及时、人防技防规范。,常年本地稳定居住，工作日职住通勤动线规则单一。
上_2008_00834,上海,2008,长三角家庭,41,女,3.9,19.0,0.45,31.7,5,2,是,B,agent,0.72,0.6,0.73,0.48,0.45,1,0.3,0.7,0.6,自住-改善,两室两厅,68,3950,区财政局科员,二胎黄金期中大户型,上海中环品质两居，车位及空间极其拥挤,小区无地下车库且人车不分流，小孩在楼下玩耍或者推婴儿车极为不安全。,要求有超大面宽南向双阳台（观景家政分离），主卧大飘窗能270度直面自然景观。,主要在陆家嘴/徐家汇CBD上班，首选地铁2/9号线沿线，通勤半小时内。,倡导轻户外，周末常带家人自驾野营或山系徒步，注重生活情调与手作咖啡。,名下持有一套旧两居，置换回款 65% + 个人理财储蓄补充 + 公积金商业贷,重性价比，不盲信大牌，但要求物业管理有序、绿化修剪及时、人防技防规范。,常年本地稳定居住，工作日职住通勤动线规则单一。
上_2008_00835,上海,2008,本地改善,38,女,1.0,10.1,0.45,16.8,3,1,否,B,agent,0.31,0.39,0.55,0.56,0.56,0.71,0.57,0.8,0.66,自住-改善,两室一厅,75,1481,区财政局科员,三口之家(学龄段),上海中环品质两居，车位及空间极其拥挤,小区无地下车库且人车不分流，小孩在楼下玩耍或者推婴儿车极为不安全。,讲究超高得房率（超85%），主卧套房必须配备独立步入式衣帽间与干湿分离双卫。,主要在陆家嘴/徐家汇CBD上班，首选地铁2/9号线沿线，通勤半小时内。,倡导轻户外，周末常带家人自驾野营或山系徒步，注重生活情调与手作咖啡。,名下持有一套旧两居，置换回款 65% + 个人理财储蓄补充 + 公积金商业贷,重性价比，不盲信大牌，但要求物业管理有序、绿化修剪及时、人防技防规范。,常年本地稳定居住，工作日职住通勤动线规则单一。
上_2008_00836,上海,2008,本地改善,38,女,1.8,23.2,0.45,38.7,3,3,否,B,agent,0.54,0.52,0.47,0.5,0.6,0.94,0.62,0.66,0.62,自住-改善,两室两厅,75,4385,区财政局科员,二胎黄金期中大户型,上海中环品质两居，车位及空间极其拥挤,小区无地下车库且人车不分流，小孩在楼下玩耍或者推婴儿车极为不安全。,讲究超高得房率（超85%），主卧套房必须配备独立步入式衣帽间与干湿分离双卫。,主要在陆家嘴/徐家汇CBD上班，首选地铁2/9号线沿线，通勤半小时内。,倡导轻户外，周末常带家人自驾野营或山系徒步，注重生活情调与手作咖啡。,名下持有一套旧两居，置换回款 65% + 个人理财储蓄补充 + 公积金商业贷,重性价比，不盲信大牌，但要求物业管理有序、绿化修剪及时、人防技防规范。,常年本地稳定居住，工作日职住通勤动线规则单一。
上_2008_00837,上海,2008,金融精英,34,女,1.3,12.3,0.4,23.0,3,1,否,A,research,0.74,0.47,0.68,0.52,0.77,0.7,0.75,0.97,0.71,婚房,两室两厅,50,3283,商业银行支行信贷科长,三口之家(幼龄段),西湖边高精平层,无高端私密会所及管家式物业配套，圈层鱼龙混杂，高净值居住体验差。,讲究超高得房率（超85%），主卧套房必须配备独立步入式衣帽间与干湿分离双卫。,主要在陆家嘴/徐家汇CBD上班，首选地铁2/9号线沿线，通勤半小时内。,周末常去高端商圈消费，热衷打网球和马术，重度手冲咖啡及黑胶唱片发烧友。,夫妻双方积蓄 + 双方父母出资赞助首付 + 公积金商业组合贷款,非仁恒、绿城、万科等金牌开发商不买，极度看重高端精装质量与顶级物业的增值口碑。,常年本地稳定居住，工作日职住通勤动线规则单一。
上_2008_00838,上海,2008,本地改善,44,女,1.0,10.7,0.45,17.8,4,2,否,B,agent,0.65,0.51,0.56,0.62,0.52,0.79,0.58,0.56,0.52,自住-改善,两室一厅,93,1285,邮政局局长秘书,二胎黄金期中大户型,上海中环品质两居，车位及空间极其拥挤,小区无地下车库且人车不分流，小孩在楼下玩耍或者推婴儿车极为不安全。,讲究超高得房率（超85%），主卧套房必须配备独立步入式衣帽间与干湿分离双卫。,主要在陆家嘴/徐家汇CBD上班，首选地铁2/9号线沿线，通勤半小时内。,倡导轻户外，周末常带家人自驾野营或山系徒步，注重生活情调与手作咖啡。,名下持有一套旧两居，置换回款 65% + 个人理财储蓄补充 + 公积金商业贷,重性价比，不盲信大牌，但要求物业管理有序、绿化修剪及时、人防技防规范。,常年本地稳定居住，工作日职住通勤动线规则单一。
上_2008_00839,上海,2008,外籍海归,42,女,3.7,25.6,0.4,48.0,3,1,否,A,social,0.79,0.49,0.65,0.49,0.67,0.52,0.66,0.91,0.79,自住-首套,一室一厅,55,5462,合资日化企业技术主管,三口之家(学龄段),西湖边高精平层,无高端私密会所及管家式物业配套，圈层鱼龙混杂，高净值居住体验差。,核心要求地块属于第一梯队名校学区，且周边500米内解决幼小衔接教育配套。,主要在陆家嘴/徐家汇CBD上班，首选地铁2/9号线沿线，通勤半小时内。,周末常去高端商圈消费，热衷打网球和马术，重度手冲咖啡及黑胶唱片发烧友。,夫妻双方积蓄 + 双方父母出资赞助首付 + 公积金商业组合贷款,非仁恒、绿城、万科等金牌开发商不买，极度看重高端精装质量与顶级物业的增值口碑。,常年本地稳定居住，工作日职住通勤动线规则单一。
上_2008_00840,上海,2008,教育型买房,47,男,3.5,24.6,0.4,46.2,4,1,是,B,social,0.88,0.43,0.36,0.33,0.42,0.59,0.53,0.85,0.61,学区房,两室两厅,95,3473,区财政局科员,三口之家(学龄段),上海中环品质两居，车位及空间极其拥挤,小区无地下车库且人车不分流，小孩在楼下玩耍或者推婴儿车极为不安全。,核心要求地块属于第一梯队名校学区，且周边500米内解决幼小衔接教育配套。,主要在陆家嘴/徐家汇CBD上班，首选地铁2/9号线沿线，通勤半小时内。,倡导轻户外，周末常带家人自驾野营或山系徒步，注重生活情调与手作咖啡。,名下持有一套旧两居，置换回款 65% + 个人理财储蓄补充 + 公积金商业贷,重性价比，不盲信大牌，但要求物业管理有序、绿化修剪及时、人防技防规范。,常年本地稳定居住，工作日职住通勤动线规则单一。
上_2008_00841,上海,2008,本地改善,53,男,1.5,12.6,0.45,21.0,4,2,否,B,agent,0.72,0.38,0.57,0.49,0.49,0.89,0.56,0.66,0.48,自住-改善,两室一厅,63,1925,市第二中学地理教师,二胎黄金期中大户型,上海中环品质两居，车位及空间极其拥挤,小区无地下车库且人车不分流，小孩在楼下玩耍或者推婴儿车极为不安全。,讲究超高得房率（超85%），主卧套房必须配备独立步入式衣帽间与干湿分离双卫。,主要在陆家嘴/徐家汇CBD上班，首选地铁2/9号线沿线，通勤半小时内。,倡导轻户外，周末常带家人自驾野营或山系徒步，注重生活情调与手作咖啡。,名下持有一套旧两居，置换回款 65% + 个人理财储蓄补充 + 公积金商业贷,重性价比，不盲信大牌，但要求物业管理有序、绿化修剪及时、人防技防规范。,常年本地稳定居住，工作日职住通勤动线规则单一。
上_2008_00842,上海,2008,金融精英,46,男,2.5,16.8,0.4,31.5,2,1,否,A,research,0.75,0.46,0.63,0.57,0.7,0.91,0.59,0.83,0.84,自住-首套,两室一厅,63,3165,商业银行支行信贷科长,三口之家(学龄段),市中心私密洋房住宅,无高端私密会所及管家式物业配套，圈层鱼龙混杂，高净值居住体验差。,讲究超高得房率（超85%），主卧套房必须配备独立步入式衣帽间与干湿分离双卫。,主要在陆家嘴/徐家汇CBD上班，首选地铁2/9号线沿线，通勤半小时内。,周末常去高端商圈消费，热衷打网球和马术，重度手冲咖啡及黑胶唱片发烧友。,夫妻双方积蓄 + 双方父母出资赞助首付 + 公积金商业组合贷款,非仁恒、绿城、万科等金牌开发商不买，极度看重高端精装质量与顶级物业的增值口碑。,常年本地稳定居住，工作日职住通勤动线规则单一。
上_2008_00843,上海,2008,金融精英,35,女,5.4,54.3,0.4,101.9,4,1,否,A,research,0.57,0.4,0.56,0.64,0.76,0.74,0.66,0.77,0.92,自住-首套,一室一厅,87,7349,老牌证券公司营业部经理,三口之家(幼龄段),西湖边高精平层,无高端私密会所及管家式物业配套，圈层鱼龙混杂，高净值居住体验差。,讲究超高得房率（超85%），主卧套房必须配备独立步入式衣帽间与干湿分离双卫。,主要在陆家嘴/徐家汇CBD上班，首选地铁2/9号线沿线，通勤半小时内。,周末常去高端商圈消费，热衷打网球和马术，重度手冲咖啡及黑胶唱片发烧友。,夫妻双方积蓄 + 双方父母出资赞助首付 + 公积金商业组合贷款,非仁恒、绿城、万科等金牌开发商不买，极度看重高端精装质量与顶级物业的增值口碑。,常年本地稳定居住，工作日职住通勤动线规则单一。
上_2008_00844,上海,2008,本地改善,54,女,1.0,9.1,0.45,15.1,3,2,是,B,agent,0.46,0.48,0.46,0.39,0.51,0.96,0.69,0.8,0.73,自住-改善,两室一厅,57,2028,国企车间技术主任,二胎黄金期中大户型,上海中环品质两居，车位及空间极其拥挤,小区无地下车库且人车不分流，小孩在楼下玩耍或者推婴儿车极为不安全。,讲究超高得房率（超85%），主卧套房必须配备独立步入式衣帽间与干湿分离双卫。,主要在陆家嘴/徐家汇CBD上班，首选地铁2/9号线沿线，通勤半小时内。,倡导轻户外，周末常带家人自驾野营或山系徒步，注重生活情调与手作咖啡。,名下持有一套旧两居，置换回款 65% + 个人理财储蓄补充 + 公积金商业贷,非仁恒、绿城、万科等金牌开发商不买，极度看重高端精装质量与顶级物业的增值口碑。,常年本地稳定居住，工作日职住通勤动线规则单一。
上_2008_00845,上海,2008,本地改善,40,女,1.4,10.1,0.45,16.9,4,3,否,B,agent,0.77,0.54,0.45,0.5,0.47,0.81,0.63,0.69,0.55,自住-改善,一室一厅,95,1499,国企车间技术主任,二胎黄金期中大户型,上海中环品质两居，车位及空间极其拥挤,小区无地下车库且人车不分流，小孩在楼下玩耍或者推婴儿车极为不安全。,讲究超高得房率（超85%），主卧套房必须配备独立步入式衣帽间与干湿分离双卫。,主要在陆家嘴/徐家汇CBD上班，首选地铁2/9号线沿线，通勤半小时内。,倡导轻户外，周末常带家人自驾野营或山系徒步，注重生活情调与手作咖啡。,名下持有一套旧两居，置换回款 65% + 个人理财储蓄补充 + 公积金商业贷,重性价比，不盲信大牌，但要求物业管理有序、绿化修剪及时、人防技防规范。,常年本地稳定居住，工作日职住通勤动线规则单一。
上_2008_00846,上海,2008,教育型买房,48,女,1.5,15.1,0.4,28.4,2,1,否,B,social,0.87,0.58,0.39,0.32,0.67,0.75,0.54,0.93,0.76,学区房,两室一厅,53,4337,区财政局科员,三口之家(学龄段),上海中环品质两居，车位及空间极其拥挤,小区无地下车库且人车不分流，小孩在楼下玩耍或者推婴儿车极为不安全。,讲究超高得房率（超85%），主卧套房必须配备独立步入式衣帽间与干湿分离双卫。,主要在陆家嘴/徐家汇CBD上班，首选地铁2/9号线沿线，通勤半小时内。,倡导轻户外，周末常带家人自驾野营或山系徒步，注重生活情调与手作咖啡。,名下持有一套旧两居，置换回款 65% + 个人理财储蓄补充 + 公积金商业贷,非仁恒、绿城、万科等金牌开发商不买，极度看重高端精装质量与顶级物业的增值口碑。,常年本地稳定居住，工作日职住通勤动线规则单一。
上_2008_00847,上海,2008,长三角家庭,51,男,2.6,15.3,0.45,25.6,5,3,是,B,agent,0.74,0.54,0.54,0.51,0.59,0.87,0.38,0.69,0.76,自住-改善,一室一厅,75,3042,区财政局科员,二胎黄金期中大户型,上海中环品质两居，车位及空间极其拥挤,小区无地下车库且人车不分流，小孩在楼下玩耍或者推婴儿车极为不安全。,讲究超高得房率（超85%），主卧套房必须配备独立步入式衣帽间与干湿分离双卫。,主要在陆家嘴/徐家汇CBD上班，首选地铁2/9号线沿线，通勤半小时内。,倡导轻户外，周末常带家人自驾野营或山系徒步，注重生活情调与手作咖啡。,名下持有一套旧两居，置换回款 65% + 个人理财储蓄补充 + 公积金商业贷,非仁恒、绿城、万科等金牌开发商不买，极度看重高端精装质量与顶级物业的增值口碑。,常年本地稳定居住，工作日职住通勤动线规则单一。
上_2008_00848,上海,2008,本地改善,50,女,1.6,17.5,0.45,29.2,4,1,是,B,agent,0.69,0.52,0.66,0.56,0.55,0.67,0.62,0.77,0.63,自住-改善,两室一厅,57,4372,国企车间技术主任,三口之家(学龄段),上海中环品质两居，车位及空间极其拥挤,小区无地下车库且人车不分流，小孩在楼下玩耍或者推婴儿车极为不安全。,核心要求地块属于第一梯队名校学区，且周边500米内解决幼小衔接教育配套。,主要在陆家嘴/徐家汇CBD上班，首选地铁2/9号线沿线，通勤半小时内。,倡导轻户外，周末常带家人自驾野营或山系徒步，注重生活情调与手作咖啡。,名下持有一套旧两居，置换回款 65% + 个人理财储蓄补充 + 公积金商业贷,重性价比，不盲信大牌，但要求物业管理有序、绿化修剪及时、人防技防规范。,常年本地稳定居住，工作日职住通勤动线规则单一。
上_2008_00849,上海,2008,教育型买房,44,男,5.1,45.2,0.4,84.8,2,1,否,B,social,0.8,0.53,0.43,0.31,0.69,0.89,0.5,0.95,0.7,学区房,两室两厅,80,7155,邮政局局长秘书,三口之家(学龄段),上海中环品质两居，车位及空间极其拥挤,小区无地下车库且人车不分流，小孩在楼下玩耍或者推婴儿车极为不安全。,讲究超高得房率（超85%），主卧套房必须配备独立步入式衣帽间与干湿分离双卫。,主要在陆家嘴/徐家汇CBD上班，首选地铁2/9号线沿线，通勤半小时内。,倡导轻户外，周末常带家人自驾野营或山系徒步，注重生活情调与手作咖啡。,名下持有一套旧两居，置换回款 65% + 个人理财储蓄补充 + 公积金商业贷,重性价比，不盲信大牌，但要求物业管理有序、绿化修剪及时、人防技防规范。,常年本地稳定居住，工作日职住通勤动线规则单一。
上_2008_00850,上海,2008,金融精英,49,男,3.2,29.0,0.4,54.5,4,2,否,A,research,0.72,0.49,0.67,0.59,0.82,0.72,0.7,0.9,0.8,自住-首套,一室一厅,94,3899,商业银行支行信贷科长,二胎黄金期中大户型,市中心私密洋房住宅,无高端私密会所及管家式物业配套，圈层鱼龙混杂，高净值居住体验差。,讲究超高得房率（超85%），主卧套房必须配备独立步入式衣帽间与干湿分离双卫。,主要在陆家嘴/徐家汇CBD上班，首选地铁2/9号线沿线，通勤半小时内。,周末常去高端商圈消费，热衷打网球和马术，重度手冲咖啡及黑胶唱片发烧友。,夫妻双方积蓄 + 双方父母出资赞助首付 + 公积金商业组合贷款,非仁恒、绿城、万科等金牌开发商不买，极度看重高端精装质量与顶级物业的增值口碑。,常年本地稳定居住，工作日职住通勤动线规则单一。
上_2008_00851,上海,2008,本地改善,39,女,3.2,40.0,0.45,66.6,4,2,否,B,agent,0.73,0.67,0.43,0.39,0.5,0.86,0.68,0.69,0.59,自住-改善,一室一厅,85,4900,市第二中学地理教师,二胎黄金期中大户型,上海中环品质两居，车位及空间极其拥挤,小区无地下车库且人车不分流，小孩在楼下玩耍或者推婴儿车极为不安全。,讲究超高得房率（超85%），主卧套房必须配备独立步入式衣帽间与干湿分离双卫。,主要在陆家嘴/徐家汇CBD上班，首选地铁2/9号线沿线，通勤半小时内。,倡导轻户外，周末常带家人自驾野营或山系徒步，注重生活情调与手作咖啡。,名下持有一套旧两居，置换回款 65% + 个人理财储蓄补充 + 公积金商业贷,重性价比，不盲信大牌，但要求物业管理有序、绿化修剪及时、人防技防规范。,常年本地稳定居住，工作日职住通勤动线规则单一。
上_2008_00852,上海,2008,教育型买房,43,男,0.9,5.9,0.4,11.0,3,1,否,B,social,1,0.61,0.36,0.35,0.66,0.76,0.67,1,0.59,学区房,一室一厅,72,1089,国企车间技术主任,三口之家(学龄段),上海中环品质两居，车位及空间极其拥挤,小区无地下车库且人车不分流，小孩在楼下玩耍或者推婴儿车极为不安全。,讲究超高得房率（超85%），主卧套房必须配备独立步入式衣帽间与干湿分离双卫。,主要在陆家嘴/徐家汇CBD上班，首选地铁2/9号线沿线，通勤半小时内。,倡导轻户外，周末常带家人自驾野营或山系徒步，注重生活情调与手作咖啡。,名下持有一套旧两居，置换回款 65% + 个人理财储蓄补充 + 公积金商业贷,重性价比，不盲信大牌，但要求物业管理有序、绿化修剪及时、人防技防规范。,常年本地稳定居住，工作日职住通勤动线规则单一。
上_2008_00853,上海,2008,金融精英,47,男,5.4,31.2,0.4,58.4,1,1,否,A,research,0.9,0.39,0.85,0.69,0.83,0.78,0.73,0.76,0.88,自住-改善,两室一厅,96,3693,老牌证券公司营业部经理,三口之家(学龄段),西湖边高精平层,无高端私密会所及管家式物业配套，圈层鱼龙混杂，高净值居住体验差。,要求有超大面宽南向双阳台（观景家政分离），主卧大飘窗能270度直面自然景观。,主要在陆家嘴/徐家汇CBD上班，首选地铁2/9号线沿线，通勤半小时内。,周末常去高端商圈消费，热衷打网球和马术，重度手冲咖啡及黑胶唱片发烧友。,名下已有企业股权套现或分红现金，一次性全款付清，基本不加杠杆,非仁恒、绿城、万科等金牌开发商不买，极度看重高端精装质量与顶级物业的增值口碑。,常年本地稳定居住，工作日职住通勤动线规则单一。
上_2008_00854,上海,2008,金融精英,36,男,5.5,35.9,0.4,67.4,3,0,是,A,research,0.68,0.35,0.58,0.63,0.74,0.83,0.65,0.75,0.76,自住-首套,两室一厅,68,6315,商业银行支行信贷科长,成熟期核心家庭,陆家嘴核心区江景大平层,当前房屋属于旧多层无电梯房，父母年纪渐高每天爬楼梯极为吃力。,讲究超高得房率（超85%），主卧套房必须配备独立步入式衣帽间与干湿分离双卫。,主要在陆家嘴/徐家汇CBD上班，首选地铁2/9号线沿线，通勤半小时内。,周末常去高端商圈消费，热衷打网球和马术，重度手冲咖啡及黑胶唱片发烧友。,夫妻双方积蓄 + 双方父母出资赞助首付 + 公积金商业组合贷款,非仁恒、绿城、万科等金牌开发商不买，极度看重高端精装质量与顶级物业的增值口碑。,常年本地稳定居住，工作日职住通勤动线规则单一。
上_2008_00855,上海,2008,金融精英,35,男,3.8,28.6,0.4,53.6,3,2,否,A,research,0.64,0.46,0.65,0.56,0.9,0.69,0.74,0.78,0.85,自住-首套,一室一厅,96,2842,申银万国证券分析员,二胎黄金期中大户型,市中心私密洋房住宅,无高端私密会所及管家式物业配套，圈层鱼龙混杂，高净值居住体验差。,核心要求地块属于第一梯队名校学区，且周边500米内解决幼小衔接教育配套。,主要在陆家嘴/徐家汇CBD上班，首选地铁2/9号线沿线，通勤半小时内。,周末常去高端商圈消费，热衷打网球和马术，重度手冲咖啡及黑胶唱片发烧友。,夫妻双方积蓄 + 双方父母出资赞助首付 + 公积金商业组合贷款,非仁恒、绿城、万科等金牌开发商不买，极度看重高端精装质量与顶级物业的增值口碑。,常年本地稳定居住，工作日职住通勤动线规则单一。
上_2008_00856,上海,2008,本地改善,49,女,1.6,19.5,0.45,32.5,4,3,否,B,agent,0.46,0.61,0.54,0.5,0.54,0.93,0.69,0.55,0.6,自住-改善,一室一厅,80,2251,邮政局局长秘书,二胎黄金期中大户型,上海中环品质两居，车位及空间极其拥挤,小区无地下车库且人车不分流，小孩在楼下玩耍或者推婴儿车极为不安全。,讲究超高得房率（超85%），主卧套房必须配备独立步入式衣帽间与干湿分离双卫。,主要在陆家嘴/徐家汇CBD上班，首选地铁2/9号线沿线，通勤半小时内。,倡导轻户外，周末常带家人自驾野营或山系徒步，注重生活情调与手作咖啡。,名下持有一套旧两居，置换回款 65% + 个人理财储蓄补充 + 公积金商业贷,重性价比，不盲信大牌，但要求物业管理有序、绿化修剪及时、人防技防规范。,常年本地稳定居住，工作日职住通勤动线规则单一。
上_2008_00857,上海,2008,教育型买房,33,男,4.9,31.2,0.4,58.5,3,1,否,B,social,0.98,0.45,0.36,0.35,0.6,0.75,0.59,0.9,0.51,学区房,两室一厅,92,5699,邮政局局长秘书,三口之家(幼龄段),上海中环品质两居，车位及空间极其拥挤,小区无地下车库且人车不分流，小孩在楼下玩耍或者推婴儿车极为不安全。,讲究超高得房率（超85%），主卧套房必须配备独立步入式衣帽间与干湿分离双卫。,主要在陆家嘴/徐家汇CBD上班，首选地铁2/9号线沿线，通勤半小时内。,倡导轻户外，周末常带家人自驾野营或山系徒步，注重生活情调与手作咖啡。,名下持有一套旧两居，置换回款 65% + 个人理财储蓄补充 + 公积金商业贷,重性价比，不盲信大牌，但要求物业管理有序、绿化修剪及时、人防技防规范。,常年本地稳定居住，工作日职住通勤动线规则单一。
上_2008_00858,上海,2008,教育型买房,46,女,1.6,13.7,0.4,25.6,3,1,是,B,social,0.95,0.43,0.34,0.58,0.66,0.82,0.48,1,0.45,学区房,两室一厅,63,3287,区财政局科员,三口之家(学龄段),上海中环品质两居，车位及空间极其拥挤,小区无地下车库且人车不分流，小孩在楼下玩耍或者推婴儿车极为不安全。,讲究超高得房率（超85%），主卧套房必须配备独立步入式衣帽间与干湿分离双卫。,主要在陆家嘴/徐家汇CBD上班，首选地铁2/9号线沿线，通勤半小时内。,倡导轻户外，周末常带家人自驾野营或山系徒步，注重生活情调与手作咖啡。,名下持有一套旧两居，置换回款 65% + 个人理财储蓄补充 + 公积金商业贷,重性价比，不盲信大牌，但要求物业管理有序、绿化修剪及时、人防技防规范。,常年本地稳定居住，工作日职住通勤动线规则单一。
上_2008_00859,上海,2008,金融精英,50,男,6.4,61.5,0.4,115.4,3,1,否,A,research,0.67,0.43,0.5,0.57,0.75,0.83,0.67,0.77,0.72,自住-首套,一室一厅,54,12733,申银万国证券分析员,三口之家(学龄段),陆家嘴核心区江景大平层,无高端私密会所及管家式物业配套，圈层鱼龙混杂，高净值居住体验差。,讲究超高得房率（超85%），主卧套房必须配备独立步入式衣帽间与干湿分离双卫。,主要在陆家嘴/徐家汇CBD上班，首选地铁2/9号线沿线，通勤半小时内。,周末常去高端商圈消费，热衷打网球和马术，重度手冲咖啡及黑胶唱片发烧友。,夫妻双方积蓄 + 双方父母出资赞助首付 + 公积金商业组合贷款,非仁恒、绿城、万科等金牌开发商不买，极度看重高端精装质量与顶级物业的增值口碑。,常年本地稳定居住，工作日职住通勤动线规则单一。
上_2008_00860,上海,2008,本地改善,56,男,1.3,12.3,0.45,20.5,4,3,是,B,agent,0.75,0.69,0.51,0.48,0.61,0.8,0.71,0.64,0.69,自住-改善,两室一厅,67,2159,国企车间技术主任,二胎黄金期中大户型,上海中环品质两居，车位及空间极其拥挤,小区无地下车库且人车不分流，小孩在楼下玩耍或者推婴儿车极为不安全。,讲究超高得房率（超85%），主卧套房必须配备独立步入式衣帽间与干湿分离双卫。,主要在陆家嘴/徐家汇CBD上班，首选地铁2/9号线沿线，通勤半小时内。,倡导轻户外，周末常带家人自驾野营或山系徒步，注重生活情调与手作咖啡。,名下持有一套旧两居，置换回款 65% + 个人理财储蓄补充 + 公积金商业贷,重性价比，不盲信大牌，但要求物业管理有序、绿化修剪及时、人防技防规范。,常年本地稳定居住，工作日职住通勤动线规则单一。
上_2008_00861,上海,2008,金融精英,36,男,2.4,17.6,0.4,33.0,3,1,否,A,research,0.68,0.33,0.67,0.5,0.79,0.75,0.74,0.91,0.86,自住-改善,一室一厅,57,4481,商业银行支行信贷科长,三口之家(幼龄段),市中心私密洋房住宅,无高端私密会所及管家式物业配套，圈层鱼龙混杂，高净值居住体验差。,讲究超高得房率（超85%），主卧套房必须配备独立步入式衣帽间与干湿分离双卫。,主要在陆家嘴/徐家汇CBD上班，首选地铁2/9号线沿线，通勤半小时内。,周末常去高端商圈消费，热衷打网球和马术，重度手冲咖啡及黑胶唱片发烧友。,名下已有企业股权套现或分红现金，一次性全款付清，基本不加杠杆,非仁恒、绿城、万科等金牌开发商不买，极度看重高端精装质量与顶级物业的增值口碑。,常年本地稳定居住，工作日职住通勤动线规则单一。
上_2008_00862,上海,2008,本地改善,41,女,0.9,11.4,0.45,19.0,3,3,是,B,agent,0.6,0.55,0.45,0.38,0.58,0.88,0.68,0.82,0.68,自住-改善,两室一厅,99,1591,市第二中学地理教师,二胎黄金期中大户型,上海中环品质两居，车位及空间极其拥挤,小区无地下车库且人车不分流，小孩在楼下玩耍或者推婴儿车极为不安全。,讲究超高得房率（超85%），主卧套房必须配备独立步入式衣帽间与干湿分离双卫。,主要在陆家嘴/徐家汇CBD上班，首选地铁2/9号线沿线，通勤半小时内。,倡导轻户外，周末常带家人自驾野营或山系徒步，注重生活情调与手作咖啡。,名下持有一套旧两居，置换回款 65% + 个人理财储蓄补充 + 公积金商业贷,重性价比，不盲信大牌，但要求物业管理有序、绿化修剪及时、人防技防规范。,常年本地稳定居住，工作日职住通勤动线规则单一。
上_2008_00863,上海,2008,本地改善,42,男,1.5,13.1,0.45,21.8,5,2,否,B,agent,1,0.5,0.55,0.43,0.44,0.91,0.51,0.71,0.6,自住-改善,两室一厅,82,1399,市第二中学地理教师,二胎黄金期中大户型,上海中环品质两居，车位及空间极其拥挤,小区无地下车库且人车不分流，小孩在楼下玩耍或者推婴儿车极为不安全。,讲究超高得房率（超85%），主卧套房必须配备独立步入式衣帽间与干湿分离双卫。,主要在陆家嘴/徐家汇CBD上班，首选地铁2/9号线沿线，通勤半小时内。,倡导轻户外，周末常带家人自驾野营或山系徒步，注重生活情调与手作咖啡。,名下持有一套旧两居，置换回款 65% + 个人理财储蓄补充 + 公积金商业贷,重性价比，不盲信大牌，但要求物业管理有序、绿化修剪及时、人防技防规范。,常年本地稳定居住，工作日职住通勤动线规则单一。
上_2008_00864,上海,2008,本地改善,56,男,1.7,17.2,0.45,28.6,5,1,是,B,agent,1,0.48,0.6,0.45,0.59,0.95,0.6,0.56,0.58,自住-改善,两室一厅,65,2774,区财政局科员,三口之家(学龄段),上海中环品质两居，车位及空间极其拥挤,小区无地下车库且人车不分流，小孩在楼下玩耍或者推婴儿车极为不安全。,讲究超高得房率（超85%），主卧套房必须配备独立步入式衣帽间与干湿分离双卫。,主要在陆家嘴/徐家汇CBD上班，首选地铁2/9号线沿线，通勤半小时内。,倡导轻户外，周末常带家人自驾野营或山系徒步，注重生活情调与手作咖啡。,名下持有一套旧两居，置换回款 65% + 个人理财储蓄补充 + 公积金商业贷,重性价比，不盲信大牌，但要求物业管理有序、绿化修剪及时、人防技防规范。,常年本地稳定居住，工作日职住通勤动线规则单一。
上_2008_00865,上海,2008,金融精英,36,男,4.0,22.9,0.4,42.9,2,2,是,A,research,0.75,0.46,0.59,0.55,0.84,0.82,0.79,0.87,0.9,自住-首套,两室两厅,59,6274,申银万国证券分析员,二胎黄金期中大户型,陆家嘴核心区江景大平层,当前房屋属于旧多层无电梯房，父母年纪渐高每天爬楼梯极为吃力。,讲究超高得房率（超85%），主卧套房必须配备独立步入式衣帽间与干湿分离双卫。,主要在陆家嘴/徐家汇CBD上班，首选地铁2/9号线沿线，通勤半小时内。,周末常去高端商圈消费，热衷打网球和马术，重度手冲咖啡及黑胶唱片发烧友。,夫妻双方积蓄 + 双方父母出资赞助首付 + 公积金商业组合贷款,非仁恒、绿城、万科等金牌开发商不买，极度看重高端精装质量与顶级物业的增值口碑。,常年本地稳定居住，工作日职住通勤动线规则单一。
上_2008_00866,上海,2008,教育型买房,39,男,2.7,18.0,0.4,33.7,3,0,是,B,social,0.92,0.46,0.31,0.39,0.64,0.62,0.56,0.82,0.62,学区房,两室两厅,75,4011,国企车间技术主任,成熟期核心家庭,上海中环品质两居，车位及空间极其拥挤,当前房屋属于旧多层无电梯房，父母年纪渐高每天爬楼梯极为吃力。,核心要求地块属于第一梯队名校学区，且周边500米内解决幼小衔接教育配套。,主要在陆家嘴/徐家汇CBD上班，首选地铁2/9号线沿线，通勤半小时内。,倡导轻户外，周末常带家人自驾野营或山系徒步，注重生活情调与手作咖啡。,名下持有一套旧两居，置换回款 65% + 个人理财储蓄补充 + 公积金商业贷,重性价比，不盲信大牌，但要求物业管理有序、绿化修剪及时、人防技防规范。,常年本地稳定居住，工作日职住通勤动线规则单一。
上_2008_00867,上海,2008,本地改善,51,男,1.2,12.8,0.45,21.3,5,2,是,B,agent,0.75,0.59,0.68,0.51,0.4,0.87,0.49,0.81,0.61,自住-改善,一室一厅,71,1529,邮政局局长秘书,二胎黄金期中大户型,上海中环品质两居，车位及空间极其拥挤,小区无地下车库且人车不分流，小孩在楼下玩耍或者推婴儿车极为不安全。,讲究超高得房率（超85%），主卧套房必须配备独立步入式衣帽间与干湿分离双卫。,主要在陆家嘴/徐家汇CBD上班，首选地铁2/9号线沿线，通勤半小时内。,倡导轻户外，周末常带家人自驾野营或山系徒步，注重生活情调与手作咖啡。,名下持有一套旧两居，置换回款 65% + 个人理财储蓄补充 + 公积金商业贷,重性价比，不盲信大牌，但要求物业管理有序、绿化修剪及时、人防技防规范。,常年本地稳定居住，工作日职住通勤动线规则单一。
上_2008_00868,上海,2008,本地改善,50,男,2.7,25.1,0.45,41.8,5,1,否,B,agent,0.73,0.4,0.66,0.5,0.55,0.85,0.7,0.62,0.66,自住-改善,两室两厅,51,5765,区财政局科员,三口之家(学龄段),上海中环品质两居，车位及空间极其拥挤,小区无地下车库且人车不分流，小孩在楼下玩耍或者推婴儿车极为不安全。,讲究超高得房率（超85%），主卧套房必须配备独立步入式衣帽间与干湿分离双卫。,主要在陆家嘴/徐家汇CBD上班，首选地铁2/9号线沿线，通勤半小时内。,倡导轻户外，周末常带家人自驾野营或山系徒步，注重生活情调与手作咖啡。,名下持有一套旧两居，置换回款 65% + 个人理财储蓄补充 + 公积金商业贷,重性价比，不盲信大牌，但要求物业管理有序、绿化修剪及时、人防技防规范。,常年本地稳定居住，工作日职住通勤动线规则单一。
上_2008_00869,上海,2008,金融精英,40,男,5.7,57.2,0.4,107.2,2,0,否,A,research,0.72,0.54,0.55,0.59,0.79,0.79,0.76,0.86,0.82,自住-改善,两室一厅,88,8354,商业银行支行信贷科长,成熟期核心家庭,西湖边高精平层,无高端私密会所及管家式物业配套，圈层鱼龙混杂，高净值居住体验差。,讲究超高得房率（超85%），主卧套房必须配备独立步入式衣帽间与干湿分离双卫。,主要在陆家嘴/徐家汇CBD上班，首选地铁2/9号线沿线，通勤半小时内。,周末常去高端商圈消费，热衷打网球和马术，重度手冲咖啡及黑胶唱片发烧友。,名下已有企业股权套现或分红现金，一次性全款付清，基本不加杠杆,非仁恒、绿城、万科等金牌开发商不买，极度看重高端精装质量与顶级物业的增值口碑。,常年本地稳定居住，工作日职住通勤动线规则单一。
上_2008_00870,上海,2008,本地改善,51,女,2.9,32.5,0.45,54.1,4,2,否,B,agent,0.36,0.42,0.48,0.36,0.57,0.85,0.59,0.85,0.6,自住-改善,两室两厅,91,4638,国企车间技术主任,二胎黄金期中大户型,上海中环品质两居，车位及空间极其拥挤,小区无地下车库且人车不分流，小孩在楼下玩耍或者推婴儿车极为不安全。,讲究超高得房率（超85%），主卧套房必须配备独立步入式衣帽间与干湿分离双卫。,主要在陆家嘴/徐家汇CBD上班，首选地铁2/9号线沿线，通勤半小时内。,倡导轻户外，周末常带家人自驾野营或山系徒步，注重生活情调与手作咖啡。,名下持有一套旧两居，置换回款 65% + 个人理财储蓄补充 + 公积金商业贷,重性价比，不盲信大牌，但要求物业管理有序、绿化修剪及时、人防技防规范。,常年本地稳定居住，工作日职住通勤动线规则单一。
上_2008_00871,上海,2008,金融精英,44,女,3.2,29.7,0.4,55.8,4,2,否,A,research,0.58,0.44,0.54,0.63,0.78,0.76,0.71,0.8,0.78,自住-改善,两室一厅,71,6688,老牌证券公司营业部经理,二胎黄金期中大户型,陆家嘴核心区江景大平层,无高端私密会所及管家式物业配套，圈层鱼龙混杂，高净值居住体验差。,讲究超高得房率（超85%），主卧套房必须配备独立步入式衣帽间与干湿分离双卫。,主要在陆家嘴/徐家汇CBD上班，首选地铁2/9号线沿线，通勤半小时内。,周末常去高端商圈消费，热衷打网球和马术，重度手冲咖啡及黑胶唱片发烧友。,名下已有企业股权套现或分红现金，一次性全款付清，基本不加杠杆,非仁恒、绿城、万科等金牌开发商不买，极度看重高端精装质量与顶级物业的增值口碑。,常年本地稳定居住，工作日职住通勤动线规则单一。
上_2008_00872,上海,2008,本地改善,51,女,1.8,17.3,0.45,28.9,3,2,否,B,agent,0.7,0.51,0.57,0.63,0.49,0.98,0.67,0.66,0.56,自住-改善,两室一厅,60,3462,国企车间技术主任,二胎黄金期中大户型,上海中环品质两居，车位及空间极其拥挤,小区无地下车库且人车不分流，小孩在楼下玩耍或者推婴儿车极为不安全。,讲究超高得房率（超85%），主卧套房必须配备独立步入式衣帽间与干湿分离双卫。,主要在陆家嘴/徐家汇CBD上班，首选地铁2/9号线沿线，通勤半小时内。,倡导轻户外，周末常带家人自驾野营或山系徒步，注重生活情调与手作咖啡。,名下持有一套旧两居，置换回款 65% + 个人理财储蓄补充 + 公积金商业贷,重性价比，不盲信大牌，但要求物业管理有序、绿化修剪及时、人防技防规范。,常年本地稳定居住，工作日职住通勤动线规则单一。
上_2008_00873,上海,2008,本地改善,50,男,1.2,13.5,0.45,22.6,4,2,否,B,agent,0.77,0.45,0.63,0.54,0.49,0.88,0.7,0.68,0.69,自住-改善,一室一厅,87,2153,区财政局科员,二胎黄金期中大户型,上海中环品质两居，车位及空间极其拥挤,小区无地下车库且人车不分流，小孩在楼下玩耍或者推婴儿车极为不安全。,讲究超高得房率（超85%），主卧套房必须配备独立步入式衣帽间与干湿分离双卫。,主要在陆家嘴/徐家汇CBD上班，首选地铁2/9号线沿线，通勤半小时内。,倡导轻户外，周末常带家人自驾野营或山系徒步，注重生活情调与手作咖啡。,名下持有一套旧两居，置换回款 65% + 个人理财储蓄补充 + 公积金商业贷,重性价比，不盲信大牌，但要求物业管理有序、绿化修剪及时、人防技防规范。,常年本地稳定居住，工作日职住通勤动线规则单一。
上_2008_00874,上海,2008,金融精英,49,女,4.1,38.5,0.4,72.2,3,2,否,A,research,1,0.57,0.7,0.54,0.6,0.74,0.74,0.64,0.77,自住-首套,两室两厅,93,5809,老牌证券公司营业部经理,二胎黄金期中大户型,西湖边高精平层,无高端私密会所及管家式物业配套，圈层鱼龙混杂，高净值居住体验差。,讲究超高得房率（超85%），主卧套房必须配备独立步入式衣帽间与干湿分离双卫。,主要在陆家嘴/徐家汇CBD上班，首选地铁2/9号线沿线，通勤半小时内。,周末常去高端商圈消费，热衷打网球和马术，重度手冲咖啡及黑胶唱片发烧友。,夫妻双方积蓄 + 双方父母出资赞助首付 + 公积金商业组合贷款,非仁恒、绿城、万科等金牌开发商不买，极度看重高端精装质量与顶级物业的增值口碑。,常年本地稳定居住，工作日职住通勤动线规则单一。
上_2008_00875,上海,2008,本地改善,54,女,0.7,8.0,0.45,13.3,5,2,是,B,agent,0.99,0.54,0.61,0.5,0.72,0.8,0.58,0.6,0.55,自住-改善,两室一厅,92,1045,国企车间技术主任,二胎黄金期中大户型,上海中环品质两居，车位及空间极其拥挤,小区无地下车库且人车不分流，小孩在楼下玩耍或者推婴儿车极为不安全。,讲究超高得房率（超85%），主卧套房必须配备独立步入式衣帽间与干湿分离双卫。,主要在陆家嘴/徐家汇CBD上班，首选地铁2/9号线沿线，通勤半小时内。,倡导轻户外，周末常带家人自驾野营或山系徒步，注重生活情调与手作咖啡。,名下持有一套旧两居，置换回款 65% + 个人理财储蓄补充 + 公积金商业贷,重性价比，不盲信大牌，但要求物业管理有序、绿化修剪及时、人防技防规范。,常年本地稳定居住，工作日职住通勤动线规则单一。
上_2008_00876,上海,2008,教育型买房,43,女,4.4,39.2,0.4,73.5,3,1,是,B,social,0.96,0.38,0.47,0.37,0.59,0.63,0.43,0.94,0.6,学区房,两室一厅,100,6427,区财政局科员,三口之家(学龄段),上海中环品质两居，车位及空间极其拥挤,小区无地下车库且人车不分流，小孩在楼下玩耍或者推婴儿车极为不安全。,核心要求地块属于第一梯队名校学区，且周边500米内解决幼小衔接教育配套。,主要在陆家嘴/徐家汇CBD上班，首选地铁2/9号线沿线，通勤半小时内。,倡导轻户外，周末常带家人自驾野营或山系徒步，注重生活情调与手作咖啡。,名下持有一套旧两居，置换回款 65% + 个人理财储蓄补充 + 公积金商业贷,重性价比，不盲信大牌，但要求物业管理有序、绿化修剪及时、人防技防规范。,常年本地稳定居住，工作日职住通勤动线规则单一。
上_2008_00877,上海,2008,金融精英,43,女,8.1,65.9,0.4,123.6,3,1,否,A,research,0.94,0.47,0.68,0.53,0.83,0.88,0.78,0.77,0.69,自住-改善,一室一厅,84,11649,申银万国证券分析员,三口之家(学龄段),西湖边高精平层,无高端私密会所及管家式物业配套，圈层鱼龙混杂，高净值居住体验差。,讲究超高得房率（超85%），主卧套房必须配备独立步入式衣帽间与干湿分离双卫。,主要在陆家嘴/徐家汇CBD上班，首选地铁2/9号线沿线，通勤半小时内。,周末常去高端商圈消费，热衷打网球和马术，重度手冲咖啡及黑胶唱片发烧友。,名下已有企业股权套现或分红现金，一次性全款付清，基本不加杠杆,重性价比，不盲信大牌，但要求物业管理有序、绿化修剪及时、人防技防规范。,常年本地稳定居住，工作日职住通勤动线规则单一。
上_2008_00878,上海,2008,金融精英,38,男,8.2,67.4,0.4,126.4,3,1,否,A,research,0.59,0.61,0.64,0.63,0.62,0.78,0.78,0.85,0.71,自住-改善,两室一厅,67,16888,申银万国证券分析员,三口之家(学龄段),市中心私密洋房住宅,无高端私密会所及管家式物业配套，圈层鱼龙混杂，高净值居住体验差。,讲究超高得房率（超85%），主卧套房必须配备独立步入式衣帽间与干湿分离双卫。,主要在陆家嘴/徐家汇CBD上班，首选地铁2/9号线沿线，通勤半小时内。,周末常去高端商圈消费，热衷打网球和马术，重度手冲咖啡及黑胶唱片发烧友。,名下已有企业股权套现或分红现金，一次性全款付清，基本不加杠杆,非仁恒、绿城、万科等金牌开发商不买，极度看重高端精装质量与顶级物业的增值口碑。,常年本地稳定居住，工作日职住通勤动线规则单一。
上_2008_00879,上海,2008,金融精英,47,男,3.5,20.4,0.4,38.2,4,0,否,A,research,0.91,0.48,0.57,0.72,0.73,0.74,0.73,0.73,0.7,自住-改善,两室一厅,82,2643,商业银行支行信贷科长,成熟期核心家庭,陆家嘴核心区江景大平层,无高端私密会所及管家式物业配套，圈层鱼龙混杂，高净值居住体验差。,要求独立电梯入户，主次卧动线分明，配备独立保姆房和私密后院。,主要在陆家嘴/徐家汇CBD上班，首选地铁2/9号线沿线，通勤半小时内。,周末常去高端商圈消费，热衷打网球和马术，重度手冲咖啡及黑胶唱片发烧友。,名下已有企业股权套现或分红现金，一次性全款付清，基本不加杠杆,重性价比，不盲信大牌，但要求物业管理有序、绿化修剪及时、人防技防规范。,常年本地稳定居住，工作日职住通勤动线规则单一。
上_2008_00880,上海,2008,金融精英,50,女,6.8,55.4,0.4,104.0,3,1,否,A,research,0.57,0.48,0.6,0.68,0.88,0.85,0.65,0.85,0.79,自住-首套,两室两厅,79,9298,申银万国证券分析员,三口之家(学龄段),西湖边高精平层,无高端私密会所及管家式物业配套，圈层鱼龙混杂，高净值居住体验差。,讲究超高得房率（超85%），主卧套房必须配备独立步入式衣帽间与干湿分离双卫。,主要在陆家嘴/徐家汇CBD上班，首选地铁2/9号线沿线，通勤半小时内。,周末常去高端商圈消费，热衷打网球和马术，重度手冲咖啡及黑胶唱片发烧友。,夫妻双方积蓄 + 双方父母出资赞助首付 + 公积金商业组合贷款,非仁恒、绿城、万科等金牌开发商不买，极度看重高端精装质量与顶级物业的增值口碑。,常年本地稳定居住，工作日职住通勤动线规则单一。
上_2008_00881,上海,2008,外籍海归,30,女,4.3,31.9,0.4,59.7,3,2,否,A,social,0.87,0.55,0.56,0.52,0.89,0.68,0.7,0.83,0.78,婚房,两室两厅,56,5977,合资日化企业技术主管,二胎黄金期中大户型,西湖边高精平层,无高端私密会所及管家式物业配套，圈层鱼龙混杂，高净值居住体验差。,核心要求地块属于第一梯队名校学区，且周边500米内解决幼小衔接教育配套。,主要在陆家嘴/徐家汇CBD上班，首选地铁2/9号线沿线，通勤半小时内。,周末常去高端商圈消费，热衷打网球和马术，重度手冲咖啡及黑胶唱片发烧友。,夫妻双方积蓄 + 双方父母出资赞助首付 + 公积金商业组合贷款,非仁恒、绿城、万科等金牌开发商不买，极度看重高端精装质量与顶级物业的增值口碑。,常年本地稳定居住，工作日职住通勤动线规则单一。
上_2008_00882,上海,2008,金融精英,47,女,4.2,30.4,0.4,57.0,3,1,是,A,research,0.83,0.39,0.73,0.41,0.79,0.8,0.75,0.93,0.77,自住-改善,一室一厅,59,7718,申银万国证券分析员,三口之家(学龄段),市中心私密洋房住宅,当前房屋属于旧多层无电梯房，父母年纪渐高每天爬楼梯极为吃力。,要求有超大面宽南向双阳台（观景家政分离），主卧大飘窗能270度直面自然景观。,主要在陆家嘴/徐家汇CBD上班，首选地铁2/9号线沿线，通勤半小时内。,周末常去高端商圈消费，热衷打网球和马术，重度手冲咖啡及黑胶唱片发烧友。,名下已有企业股权套现或分红现金，一次性全款付清，基本不加杠杆,非仁恒、绿城、万科等金牌开发商不买，极度看重高端精装质量与顶级物业的增值口碑。,常年本地稳定居住，工作日职住通勤动线规则单一。
上_2008_00883,上海,2008,本地改善,54,女,1.8,23.3,0.45,38.9,4,1,是,B,agent,0.74,0.55,0.55,0.33,0.49,1,0.59,0.67,0.49,自住-改善,两室两厅,50,3980,国企车间技术主任,三口之家(学龄段),上海中环品质两居，车位及空间极其拥挤,小区无地下车库且人车不分流，小孩在楼下玩耍或者推婴儿车极为不安全。,讲究超高得房率（超85%），主卧套房必须配备独立步入式衣帽间与干湿分离双卫。,主要在陆家嘴/徐家汇CBD上班，首选地铁2/9号线沿线，通勤半小时内。,倡导轻户外，周末常带家人自驾野营或山系徒步，注重生活情调与手作咖啡。,名下持有一套旧两居，置换回款 65% + 个人理财储蓄补充 + 公积金商业贷,重性价比，不盲信大牌，但要求物业管理有序、绿化修剪及时、人防技防规范。,常年本地稳定居住，工作日职住通勤动线规则单一。
上_2008_00884,上海,2008,本地改善,40,女,1.7,19.9,0.45,33.1,4,2,是,B,agent,0.84,0.47,0.36,0.54,0.51,0.92,0.62,0.73,0.56,自住-改善,两室一厅,87,2034,邮政局局长秘书,二胎黄金期中大户型,上海中环品质两居，车位及空间极其拥挤,小区无地下车库且人车不分流，小孩在楼下玩耍或者推婴儿车极为不安全。,讲究超高得房率（超85%），主卧套房必须配备独立步入式衣帽间与干湿分离双卫。,主要在陆家嘴/徐家汇CBD上班，首选地铁2/9号线沿线，通勤半小时内。,倡导轻户外，周末常带家人自驾野营或山系徒步，注重生活情调与手作咖啡。,名下持有一套旧两居，置换回款 65% + 个人理财储蓄补充 + 公积金商业贷,重性价比，不盲信大牌，但要求物业管理有序、绿化修剪及时、人防技防规范。,常年本地稳定居住，工作日职住通勤动线规则单一。
上_2008_00885,上海,2008,金融精英,34,男,3.3,27.0,0.4,50.6,3,1,否,A,research,0.78,0.52,0.75,0.6,0.78,0.71,0.75,0.9,0.83,婚房,两室一厅,72,4745,商业银行支行信贷科长,三口之家(幼龄段),陆家嘴核心区江景大平层,无高端私密会所及管家式物业配套，圈层鱼龙混杂，高净值居住体验差。,要求有超大面宽南向双阳台（观景家政分离），主卧大飘窗能270度直面自然景观。,主要在陆家嘴/徐家汇CBD上班，首选地铁2/9号线沿线，通勤半小时内。,周末常去高端商圈消费，热衷打网球和马术，重度手冲咖啡及黑胶唱片发烧友。,夫妻双方积蓄 + 双方父母出资赞助首付 + 公积金商业组合贷款,非仁恒、绿城、万科等金牌开发商不买，极度看重高端精装质量与顶级物业的增值口碑。,常年本地稳定居住，工作日职住通勤动线规则单一。
上_2008_00886,上海,2008,本地改善,51,女,2.1,18.5,0.45,30.9,5,2,是,B,agent,0.52,0.52,0.51,0.44,0.58,0.89,0.59,0.59,0.59,自住-改善,两室一厅,85,3172,市第二中学地理教师,二胎黄金期中大户型,上海中环品质两居，车位及空间极其拥挤,小区无地下车库且人车不分流，小孩在楼下玩耍或者推婴儿车极为不安全。,讲究超高得房率（超85%），主卧套房必须配备独立步入式衣帽间与干湿分离双卫。,主要在陆家嘴/徐家汇CBD上班，首选地铁2/9号线沿线，通勤半小时内。,倡导轻户外，周末常带家人自驾野营或山系徒步，注重生活情调与手作咖啡。,名下持有一套旧两居，置换回款 65% + 个人理财储蓄补充 + 公积金商业贷,重性价比，不盲信大牌，但要求物业管理有序、绿化修剪及时、人防技防规范。,常年本地稳定居住，工作日职住通勤动线规则单一。
上_2008_00887,上海,2008,长三角家庭,43,女,1.7,9.6,0.45,16.0,3,2,否,B,agent,0.75,0.54,0.6,0.47,0.47,0.66,0.48,0.9,0.64,自住-改善,两室两厅,97,978,邮政局局长秘书,二胎黄金期中大户型,上海中环品质两居，车位及空间极其拥挤,小区无地下车库且人车不分流，小孩在楼下玩耍或者推婴儿车极为不安全。,核心要求地块属于第一梯队名校学区，且周边500米内解决幼小衔接教育配套。,主要在陆家嘴/徐家汇CBD上班，首选地铁2/9号线沿线，通勤半小时内。,倡导轻户外，周末常带家人自驾野营或山系徒步，注重生活情调与手作咖啡。,名下持有一套旧两居，置换回款 65% + 个人理财储蓄补充 + 公积金商业贷,重性价比，不盲信大牌，但要求物业管理有序、绿化修剪及时、人防技防规范。,常年本地稳定居住，工作日职住通勤动线规则单一。
上_2008_00888,上海,2008,本地改善,51,女,1.0,9.8,0.45,16.4,4,2,是,B,agent,0.82,0.48,0.67,0.51,0.49,0.85,0.55,0.64,0.68,自住-改善,两室两厅,54,1939,邮政局局长秘书,二胎黄金期中大户型,上海中环品质两居，车位及空间极其拥挤,小区无地下车库且人车不分流，小孩在楼下玩耍或者推婴儿车极为不安全。,讲究超高得房率（超85%），主卧套房必须配备独立步入式衣帽间与干湿分离双卫。,主要在陆家嘴/徐家汇CBD上班，首选地铁2/9号线沿线，通勤半小时内。,倡导轻户外，周末常带家人自驾野营或山系徒步，注重生活情调与手作咖啡。,名下持有一套旧两居，置换回款 65% + 个人理财储蓄补充 + 公积金商业贷,重性价比，不盲信大牌，但要求物业管理有序、绿化修剪及时、人防技防规范。,常年本地稳定居住，工作日职住通勤动线规则单一。
上_2008_00889,上海,2008,金融精英,42,男,3.9,23.6,0.4,44.3,2,2,是,A,research,1,0.48,0.71,0.47,0.81,0.77,0.78,0.77,0.78,自住-改善,一室一厅,98,3748,申银万国证券分析员,二胎黄金期中大户型,西湖边高精平层,当前房屋属于旧多层无电梯房，父母年纪渐高每天爬楼梯极为吃力。,要求有超大面宽南向双阳台（观景家政分离），主卧大飘窗能270度直面自然景观。,主要在陆家嘴/徐家汇CBD上班，首选地铁2/9号线沿线，通勤半小时内。,周末常去高端商圈消费，热衷打网球和马术，重度手冲咖啡及黑胶唱片发烧友。,名下已有企业股权套现或分红现金，一次性全款付清，基本不加杠杆,非仁恒、绿城、万科等金牌开发商不买，极度看重高端精装质量与顶级物业的增值口碑。,常年本地稳定居住，工作日职住通勤动线规则单一。
上_2008_00890,上海,2008,金融精英,35,男,6.8,66.9,0.4,125.5,3,1,否,A,research,1.0,0.36,0.72,0.69,0.66,0.7,0.71,0.7,0.75,自住-改善,两室一厅,73,15410,老牌证券公司营业部经理,三口之家(幼龄段),市中心私密洋房住宅,无高端私密会所及管家式物业配套，圈层鱼龙混杂，高净值居住体验差。,要求有超大面宽南向双阳台（观景家政分离），主卧大飘窗能270度直面自然景观。,主要在陆家嘴/徐家汇CBD上班，首选地铁2/9号线沿线，通勤半小时内。,周末常去高端商圈消费，热衷打网球和马术，重度手冲咖啡及黑胶唱片发烧友。,名下已有企业股权套现或分红现金，一次性全款付清，基本不加杠杆,非仁恒、绿城、万科等金牌开发商不买，极度看重高端精装质量与顶级物业的增值口碑。,常年本地稳定居住，工作日职住通勤动线规则单一。
上_2008_00891,上海,2008,教育型买房,47,男,1.9,17.0,0.4,31.9,3,1,否,B,social,1,0.46,0.34,0.46,0.52,0.66,0.7,1,0.65,学区房,一室一厅,85,3069,区财政局科员,三口之家(学龄段),上海中环品质两居，车位及空间极其拥挤,小区无地下车库且人车不分流，小孩在楼下玩耍或者推婴儿车极为不安全。,核心要求地块属于第一梯队名校学区，且周边500米内解决幼小衔接教育配套。,主要在陆家嘴/徐家汇CBD上班，首选地铁2/9号线沿线，通勤半小时内。,倡导轻户外，周末常带家人自驾野营或山系徒步，注重生活情调与手作咖啡。,名下持有一套旧两居，置换回款 65% + 个人理财储蓄补充 + 公积金商业贷,重性价比，不盲信大牌，但要求物业管理有序、绿化修剪及时、人防技防规范。,常年本地稳定居住，工作日职住通勤动线规则单一。
上_2008_00892,上海,2008,本地改善,49,女,0.8,6.5,0.45,10.9,4,1,否,B,agent,0.63,0.41,0.55,0.32,0.64,0.75,0.45,0.69,0.71,自住-改善,一室一厅,51,1256,国企车间技术主任,三口之家(学龄段),上海中环品质两居，车位及空间极其拥挤,小区无地下车库且人车不分流，小孩在楼下玩耍或者推婴儿车极为不安全。,讲究超高得房率（超85%），主卧套房必须配备独立步入式衣帽间与干湿分离双卫。,主要在陆家嘴/徐家汇CBD上班，首选地铁2/9号线沿线，通勤半小时内。,倡导轻户外，周末常带家人自驾野营或山系徒步，注重生活情调与手作咖啡。,名下持有一套旧两居，置换回款 65% + 个人理财储蓄补充 + 公积金商业贷,非仁恒、绿城、万科等金牌开发商不买，极度看重高端精装质量与顶级物业的增值口碑。,常年本地稳定居住，工作日职住通勤动线规则单一。
上_2008_00893,上海,2008,外籍海归,34,女,2.2,11.2,0.4,21.0,2,1,否,A,social,0.72,0.49,0.58,0.63,0.84,0.61,0.63,0.91,0.75,婚房,两室两厅,56,1930,外企驻沪办事处代表,三口之家(幼龄段),西湖边高精平层,无高端私密会所及管家式物业配套，圈层鱼龙混杂，高净值居住体验差。,核心要求地块属于第一梯队名校学区，且周边500米内解决幼小衔接教育配套。,主要在陆家嘴/徐家汇CBD上班，首选地铁2/9号线沿线，通勤半小时内。,周末常去高端商圈消费，热衷打网球和马术，重度手冲咖啡及黑胶唱片发烧友。,夫妻双方积蓄 + 双方父母出资赞助首付 + 公积金商业组合贷款,非仁恒、绿城、万科等金牌开发商不买，极度看重高端精装质量与顶级物业的增值口碑。,常年本地稳定居住，工作日职住通勤动线规则单一。
上_2008_00894,上海,2008,外籍海归,41,女,3.7,30.1,0.4,56.5,5,1,否,A,social,0.78,0.51,0.72,0.48,0.84,0.77,0.74,0.92,0.84,自住-首套,两室两厅,73,6416,合资日化企业技术主管,三口之家(学龄段),市中心私密洋房住宅,无高端私密会所及管家式物业配套，圈层鱼龙混杂，高净值居住体验差。,要求有超大面宽南向双阳台（观景家政分离），主卧大飘窗能270度直面自然景观。,主要在陆家嘴/徐家汇CBD上班，首选地铁2/9号线沿线，通勤半小时内。,周末常去高端商圈消费，热衷打网球和马术，重度手冲咖啡及黑胶唱片发烧友。,夫妻双方积蓄 + 双方父母出资赞助首付 + 公积金商业组合贷款,非仁恒、绿城、万科等金牌开发商不买，极度看重高端精装质量与顶级物业的增值口碑。,常年本地稳定居住，工作日职住通勤动线规则单一。
上_2008_00895,上海,2008,教育型买房,46,男,2.7,20.4,0.4,38.3,4,1,是,B,social,0.91,0.45,0.49,0.41,0.55,0.58,0.62,0.92,0.6,学区房,两室一厅,59,3993,邮政局局长秘书,三口之家(学龄段),上海中环品质两居，车位及空间极其拥挤,小区无地下车库且人车不分流，小孩在楼下玩耍或者推婴儿车极为不安全。,核心要求地块属于第一梯队名校学区，且周边500米内解决幼小衔接教育配套。,主要在陆家嘴/徐家汇CBD上班，首选地铁2/9号线沿线，通勤半小时内。,倡导轻户外，周末常带家人自驾野营或山系徒步，注重生活情调与手作咖啡。,名下持有一套旧两居，置换回款 65% + 个人理财储蓄补充 + 公积金商业贷,重性价比，不盲信大牌，但要求物业管理有序、绿化修剪及时、人防技防规范。,常年本地稳定居住，工作日职住通勤动线规则单一。
上_2008_00896,上海,2008,教育型买房,37,男,3.7,25.2,0.4,47.2,3,1,是,B,social,0.97,0.46,0.42,0.36,0.55,0.73,0.45,1,0.57,学区房,一室一厅,92,3494,邮政局局长秘书,三口之家(幼龄段),上海中环品质两居，车位及空间极其拥挤,小区无地下车库且人车不分流，小孩在楼下玩耍或者推婴儿车极为不安全。,讲究超高得房率（超85%），主卧套房必须配备独立步入式衣帽间与干湿分离双卫。,主要在陆家嘴/徐家汇CBD上班，首选地铁2/9号线沿线，通勤半小时内。,倡导轻户外，周末常带家人自驾野营或山系徒步，注重生活情调与手作咖啡。,名下持有一套旧两居，置换回款 65% + 个人理财储蓄补充 + 公积金商业贷,重性价比，不盲信大牌，但要求物业管理有序、绿化修剪及时、人防技防规范。,常年本地稳定居住，工作日职住通勤动线规则单一。
上_2008_00897,上海,2008,本地改善,48,男,2.0,25.3,0.45,42.1,4,2,是,B,agent,0.59,0.4,0.48,0.44,0.48,0.97,0.71,0.57,0.48,自住-改善,两室两厅,87,2908,区财政局科员,二胎黄金期中大户型,上海中环品质两居，车位及空间极其拥挤,小区无地下车库且人车不分流，小孩在楼下玩耍或者推婴儿车极为不安全。,讲究超高得房率（超85%），主卧套房必须配备独立步入式衣帽间与干湿分离双卫。,主要在陆家嘴/徐家汇CBD上班，首选地铁2/9号线沿线，通勤半小时内。,倡导轻户外，周末常带家人自驾野营或山系徒步，注重生活情调与手作咖啡。,名下持有一套旧两居，置换回款 65% + 个人理财储蓄补充 + 公积金商业贷,重性价比，不盲信大牌，但要求物业管理有序、绿化修剪及时、人防技防规范。,常年本地稳定居住，工作日职住通勤动线规则单一。
上_2008_00898,上海,2008,本地改善,50,女,1.9,20.3,0.45,33.8,4,2,否,B,agent,0.88,0.47,0.55,0.42,0.53,0.91,0.74,0.54,0.53,自住-改善,一室一厅,69,2829,市第二中学地理教师,二胎黄金期中大户型,上海中环品质两居，车位及空间极其拥挤,小区无地下车库且人车不分流，小孩在楼下玩耍或者推婴儿车极为不安全。,讲究超高得房率（超85%），主卧套房必须配备独立步入式衣帽间与干湿分离双卫。,主要在陆家嘴/徐家汇CBD上班，首选地铁2/9号线沿线，通勤半小时内。,倡导轻户外，周末常带家人自驾野营或山系徒步，注重生活情调与手作咖啡。,名下持有一套旧两居，置换回款 65% + 个人理财储蓄补充 + 公积金商业贷,重性价比，不盲信大牌，但要求物业管理有序、绿化修剪及时、人防技防规范。,常年本地稳定居住，工作日职住通勤动线规则单一。
上_2008_00899,上海,2008,本地改善,42,女,2.4,27.7,0.45,46.1,4,2,是,B,agent,0.71,0.42,0.61,0.44,0.83,1,0.66,0.75,0.62,自住-改善,一室一厅,76,4868,市第二中学地理教师,二胎黄金期中大户型,上海中环品质两居，车位及空间极其拥挤,小区无地下车库且人车不分流，小孩在楼下玩耍或者推婴儿车极为不安全。,讲究超高得房率（超85%），主卧套房必须配备独立步入式衣帽间与干湿分离双卫。,主要在陆家嘴/徐家汇CBD上班，首选地铁2/9号线沿线，通勤半小时内。,倡导轻户外，周末常带家人自驾野营或山系徒步，注重生活情调与手作咖啡。,名下持有一套旧两居，置换回款 65% + 个人理财储蓄补充 + 公积金商业贷,重性价比，不盲信大牌，但要求物业管理有序、绿化修剪及时、人防技防规范。,常年本地稳定居住，工作日职住通勤动线规则单一。
上_2008_00900,上海,2008,长三角家庭,50,女,2.4,16.5,0.45,27.5,4,3,否,B,agent,0.82,0.59,0.79,0.4,0.47,0.88,0.44,0.66,0.72,自住-改善,两室一厅,60,3317,市第二中学地理教师,二胎黄金期中大户型,上海中环品质两居，车位及空间极其拥挤,小区无地下车库且人车不分流，小孩在楼下玩耍或者推婴儿车极为不安全。,要求有超大面宽南向双阳台（观景家政分离），主卧大飘窗能270度直面自然景观。,主要在陆家嘴/徐家汇CBD上班，首选地铁2/9号线沿线，通勤半小时内。,倡导轻户外，周末常带家人自驾野营或山系徒步，注重生活情调与手作咖啡。,名下持有一套旧两居，置换回款 65% + 个人理财储蓄补充 + 公积金商业贷,非仁恒、绿城、万科等金牌开发商不买，极度看重高端精装质量与顶级物业的增值口碑。,常年本地稳定居住，工作日职住通勤动线规则单一。
上_2008_00901,上海,2008,本地改善,51,女,1.6,13.6,0.45,22.6,4,2,否,B,agent,0.77,0.62,0.35,0.49,0.54,0.88,0.59,0.74,0.5,自住-改善,一室一厅,78,2208,国企车间技术主任,二胎黄金期中大户型,上海中环品质两居，车位及空间极其拥挤,小区无地下车库且人车不分流，小孩在楼下玩耍或者推婴儿车极为不安全。,讲究超高得房率（超85%），主卧套房必须配备独立步入式衣帽间与干湿分离双卫。,主要在陆家嘴/徐家汇CBD上班，首选地铁2/9号线沿线，通勤半小时内。,倡导轻户外，周末常带家人自驾野营或山系徒步，注重生活情调与手作咖啡。,名下持有一套旧两居，置换回款 65% + 个人理财储蓄补充 + 公积金商业贷,重性价比，不盲信大牌，但要求物业管理有序、绿化修剪及时、人防技防规范。,常年本地稳定居住，工作日职住通勤动线规则单一。
上_2008_00902,上海,2008,金融精英,48,女,2.3,20.4,0.4,38.3,3,2,否,A,research,0.89,0.46,0.74,0.49,0.76,0.81,0.78,0.9,0.71,自住-首套,两室一厅,72,4543,申银万国证券分析员,二胎黄金期中大户型,市中心私密洋房住宅,无高端私密会所及管家式物业配套，圈层鱼龙混杂，高净值居住体验差。,要求有超大面宽南向双阳台（观景家政分离），主卧大飘窗能270度直面自然景观。,主要在陆家嘴/徐家汇CBD上班，首选地铁2/9号线沿线，通勤半小时内。,周末常去高端商圈消费，热衷打网球和马术，重度手冲咖啡及黑胶唱片发烧友。,夫妻双方积蓄 + 双方父母出资赞助首付 + 公积金商业组合贷款,非仁恒、绿城、万科等金牌开发商不买，极度看重高端精装质量与顶级物业的增值口碑。,常年本地稳定居住，工作日职住通勤动线规则单一。
上_2008_00903,上海,2008,长三角家庭,39,男,3.0,17.6,0.45,29.4,5,2,是,B,agent,0.66,0.69,0.72,0.6,0.45,0.82,0.32,0.69,0.74,自住-改善,一室一厅,95,1981,市第二中学地理教师,二胎黄金期中大户型,上海中环品质两居，车位及空间极其拥挤,小区无地下车库且人车不分流，小孩在楼下玩耍或者推婴儿车极为不安全。,要求有超大面宽南向双阳台（观景家政分离），主卧大飘窗能270度直面自然景观。,主要在陆家嘴/徐家汇CBD上班，首选地铁2/9号线沿线，通勤半小时内。,倡导轻户外，周末常带家人自驾野营或山系徒步，注重生活情调与手作咖啡。,名下持有一套旧两居，置换回款 65% + 个人理财储蓄补充 + 公积金商业贷,非仁恒、绿城、万科等金牌开发商不买，极度看重高端精装质量与顶级物业的增值口碑。,常年本地稳定居住，工作日职住通勤动线规则单一。
上_2008_00904,上海,2008,本地改善,55,男,3.3,33.5,0.45,55.8,5,2,否,B,agent,0.71,0.48,0.53,0.54,0.56,0.8,0.51,0.64,0.71,自住-改善,一室一厅,59,7096,市第二中学地理教师,二胎黄金期中大户型,上海中环品质两居，车位及空间极其拥挤,小区无地下车库且人车不分流，小孩在楼下玩耍或者推婴儿车极为不安全。,讲究超高得房率（超85%），主卧套房必须配备独立步入式衣帽间与干湿分离双卫。,主要在陆家嘴/徐家汇CBD上班，首选地铁2/9号线沿线，通勤半小时内。,倡导轻户外，周末常带家人自驾野营或山系徒步，注重生活情调与手作咖啡。,名下持有一套旧两居，置换回款 65% + 个人理财储蓄补充 + 公积金商业贷,非仁恒、绿城、万科等金牌开发商不买，极度看重高端精装质量与顶级物业的增值口碑。,常年本地稳定居住，工作日职住通勤动线规则单一。
上_2008_00905,上海,2008,本地改善,56,女,2.5,23.8,0.45,39.7,4,2,是,B,agent,0.85,0.44,0.44,0.5,0.46,0.8,0.46,0.76,0.61,自住-改善,两室两厅,71,4300,国企车间技术主任,二胎黄金期中大户型,上海中环品质两居，车位及空间极其拥挤,小区无地下车库且人车不分流，小孩在楼下玩耍或者推婴儿车极为不安全。,讲究超高得房率（超85%），主卧套房必须配备独立步入式衣帽间与干湿分离双卫。,主要在陆家嘴/徐家汇CBD上班，首选地铁2/9号线沿线，通勤半小时内。,倡导轻户外，周末常带家人自驾野营或山系徒步，注重生活情调与手作咖啡。,名下持有一套旧两居，置换回款 65% + 个人理财储蓄补充 + 公积金商业贷,重性价比，不盲信大牌，但要求物业管理有序、绿化修剪及时、人防技防规范。,常年本地稳定居住，工作日职住通勤动线规则单一。
上_2008_00906,上海,2008,教育型买房,47,女,3.3,20.3,0.4,38.1,3,1,否,B,social,1,0.48,0.33,0.4,0.52,0.61,0.53,0.99,0.55,学区房,两室一厅,88,3677,国企车间技术主任,三口之家(学龄段),上海中环品质两居，车位及空间极其拥挤,小区无地下车库且人车不分流，小孩在楼下玩耍或者推婴儿车极为不安全。,核心要求地块属于第一梯队名校学区，且周边500米内解决幼小衔接教育配套。,主要在陆家嘴/徐家汇CBD上班，首选地铁2/9号线沿线，通勤半小时内。,倡导轻户外，周末常带家人自驾野营或山系徒步，注重生活情调与手作咖啡。,名下持有一套旧两居，置换回款 65% + 个人理财储蓄补充 + 公积金商业贷,重性价比，不盲信大牌，但要求物业管理有序、绿化修剪及时、人防技防规范。,常年本地稳定居住，工作日职住通勤动线规则单一。
上_2008_00907,上海,2008,外籍海归,40,男,6.2,55.5,0.4,104.1,2,1,是,A,social,0.79,0.6,0.57,0.61,0.92,0.66,0.55,0.82,0.86,自住-改善,一室一厅,56,14775,合资日化企业技术主管,三口之家(学龄段),陆家嘴核心区江景大平层,当前房屋属于旧多层无电梯房，父母年纪渐高每天爬楼梯极为吃力。,核心要求地块属于第一梯队名校学区，且周边500米内解决幼小衔接教育配套。,主要在陆家嘴/徐家汇CBD上班，首选地铁2/9号线沿线，通勤半小时内。,周末常去高端商圈消费，热衷打网球和马术，重度手冲咖啡及黑胶唱片发烧友。,名下已有企业股权套现或分红现金，一次性全款付清，基本不加杠杆,非仁恒、绿城、万科等金牌开发商不买，极度看重高端精装质量与顶级物业的增值口碑。,常年本地稳定居住，工作日职住通勤动线规则单一。
上_2008_00908,上海,2008,教育型买房,38,男,3.0,17.3,0.4,32.3,3,2,否,B,social,0.94,0.57,0.36,0.44,0.56,0.68,0.55,0.95,0.53,学区房,两室两厅,77,3228,区财政局科员,二胎黄金期中大户型,上海中环品质两居，车位及空间极其拥挤,小区无地下车库且人车不分流，小孩在楼下玩耍或者推婴儿车极为不安全。,核心要求地块属于第一梯队名校学区，且周边500米内解决幼小衔接教育配套。,主要在陆家嘴/徐家汇CBD上班，首选地铁2/9号线沿线，通勤半小时内。,倡导轻户外，周末常带家人自驾野营或山系徒步，注重生活情调与手作咖啡。,名下持有一套旧两居，置换回款 65% + 个人理财储蓄补充 + 公积金商业贷,重性价比，不盲信大牌，但要求物业管理有序、绿化修剪及时、人防技防规范。,常年本地稳定居住，工作日职住通勤动线规则单一。
上_2008_00909,上海,2008,本地改善,47,男,1.3,13.4,0.45,22.4,5,2,否,B,agent,0.75,0.43,0.4,0.38,0.67,0.86,0.74,0.66,0.64,自住-改善,一室一厅,70,1694,国企车间技术主任,二胎黄金期中大户型,上海中环品质两居，车位及空间极其拥挤,小区无地下车库且人车不分流，小孩在楼下玩耍或者推婴儿车极为不安全。,讲究超高得房率（超85%），主卧套房必须配备独立步入式衣帽间与干湿分离双卫。,主要在陆家嘴/徐家汇CBD上班，首选地铁2/9号线沿线，通勤半小时内。,倡导轻户外，周末常带家人自驾野营或山系徒步，注重生活情调与手作咖啡。,名下持有一套旧两居，置换回款 65% + 个人理财储蓄补充 + 公积金商业贷,重性价比，不盲信大牌，但要求物业管理有序、绿化修剪及时、人防技防规范。,常年本地稳定居住，工作日职住通勤动线规则单一。
上_2008_00910,上海,2008,金融精英,44,女,2.8,23.1,0.4,43.3,3,1,否,A,research,0.83,0.48,0.5,0.47,0.76,0.61,0.79,0.96,0.86,自住-首套,两室一厅,90,3774,商业银行支行信贷科长,三口之家(学龄段),西湖边高精平层,无高端私密会所及管家式物业配套，圈层鱼龙混杂，高净值居住体验差。,核心要求地块属于第一梯队名校学区，且周边500米内解决幼小衔接教育配套。,主要在陆家嘴/徐家汇CBD上班，首选地铁2/9号线沿线，通勤半小时内。,周末常去高端商圈消费，热衷打网球和马术，重度手冲咖啡及黑胶唱片发烧友。,夫妻双方积蓄 + 双方父母出资赞助首付 + 公积金商业组合贷款,非仁恒、绿城、万科等金牌开发商不买，极度看重高端精装质量与顶级物业的增值口碑。,常年本地稳定居住，工作日职住通勤动线规则单一。
上_2008_00911,上海,2008,本地改善,47,女,1.8,19.3,0.45,32.1,4,2,是,B,agent,0.63,0.45,0.61,0.53,0.54,0.9,0.6,0.71,0.67,自住-改善,两室一厅,82,3202,市第二中学地理教师,二胎黄金期中大户型,上海中环品质两居，车位及空间极其拥挤,小区无地下车库且人车不分流，小孩在楼下玩耍或者推婴儿车极为不安全。,讲究超高得房率（超85%），主卧套房必须配备独立步入式衣帽间与干湿分离双卫。,主要在陆家嘴/徐家汇CBD上班，首选地铁2/9号线沿线，通勤半小时内。,倡导轻户外，周末常带家人自驾野营或山系徒步，注重生活情调与手作咖啡。,名下持有一套旧两居，置换回款 65% + 个人理财储蓄补充 + 公积金商业贷,重性价比，不盲信大牌，但要求物业管理有序、绿化修剪及时、人防技防规范。,常年本地稳定居住，工作日职住通勤动线规则单一。
上_2008_00912,上海,2008,金融精英,40,女,7.5,46.5,0.4,87.1,4,1,否,A,research,0.52,0.33,0.76,0.63,0.66,0.81,0.74,0.81,0.78,自住-首套,两室两厅,68,7958,老牌证券公司营业部经理,三口之家(学龄段),陆家嘴核心区江景大平层,无高端私密会所及管家式物业配套，圈层鱼龙混杂，高净值居住体验差。,要求有超大面宽南向双阳台（观景家政分离），主卧大飘窗能270度直面自然景观。,主要在陆家嘴/徐家汇CBD上班，首选地铁2/9号线沿线，通勤半小时内。,周末常去高端商圈消费，热衷打网球和马术，重度手冲咖啡及黑胶唱片发烧友。,夫妻双方积蓄 + 双方父母出资赞助首付 + 公积金商业组合贷款,非仁恒、绿城、万科等金牌开发商不买，极度看重高端精装质量与顶级物业的增值口碑。,常年本地稳定居住，工作日职住通勤动线规则单一。
上_2008_00913,上海,2008,本地改善,43,男,2.7,32.6,0.45,54.4,5,3,是,B,agent,0.72,0.53,0.78,0.61,0.55,0.85,0.6,0.56,0.65,自住-改善,两室两厅,63,5157,邮政局局长秘书,二胎黄金期中大户型,上海中环品质两居，车位及空间极其拥挤,小区无地下车库且人车不分流，小孩在楼下玩耍或者推婴儿车极为不安全。,要求有超大面宽南向双阳台（观景家政分离），主卧大飘窗能270度直面自然景观。,主要在陆家嘴/徐家汇CBD上班，首选地铁2/9号线沿线，通勤半小时内。,倡导轻户外，周末常带家人自驾野营或山系徒步，注重生活情调与手作咖啡。,名下持有一套旧两居，置换回款 65% + 个人理财储蓄补充 + 公积金商业贷,重性价比，不盲信大牌，但要求物业管理有序、绿化修剪及时、人防技防规范。,常年本地稳定居住，工作日职住通勤动线规则单一。
上_2008_00914,上海,2008,金融精英,42,男,3.9,31.2,0.4,58.5,3,1,否,A,research,0.81,0.34,0.48,0.59,0.77,0.85,0.72,0.87,0.87,自住-改善,一室一厅,58,8521,商业银行支行信贷科长,三口之家(学龄段),陆家嘴核心区江景大平层,无高端私密会所及管家式物业配套，圈层鱼龙混杂，高净值居住体验差。,讲究超高得房率（超85%），主卧套房必须配备独立步入式衣帽间与干湿分离双卫。,主要在陆家嘴/徐家汇CBD上班，首选地铁2/9号线沿线，通勤半小时内。,周末常去高端商圈消费，热衷打网球和马术，重度手冲咖啡及黑胶唱片发烧友。,名下已有企业股权套现或分红现金，一次性全款付清，基本不加杠杆,非仁恒、绿城、万科等金牌开发商不买，极度看重高端精装质量与顶级物业的增值口碑。,常年本地稳定居住，工作日职住通勤动线规则单一。
上_2008_00915,上海,2008,本地改善,39,女,1.0,8.4,0.45,14.0,5,2,是,B,agent,0.83,0.43,0.45,0.61,0.41,0.92,0.56,0.87,0.68,自住-改善,一室一厅,58,2115,邮政局局长秘书,二胎黄金期中大户型,上海中环品质两居，车位及空间极其拥挤,小区无地下车库且人车不分流，小孩在楼下玩耍或者推婴儿车极为不安全。,讲究超高得房率（超85%），主卧套房必须配备独立步入式衣帽间与干湿分离双卫。,主要在陆家嘴/徐家汇CBD上班，首选地铁2/9号线沿线，通勤半小时内。,倡导轻户外，周末常带家人自驾野营或山系徒步，注重生活情调与手作咖啡。,名下持有一套旧两居，置换回款 65% + 个人理财储蓄补充 + 公积金商业贷,重性价比，不盲信大牌，但要求物业管理有序、绿化修剪及时、人防技防规范。,常年本地稳定居住，工作日职住通勤动线规则单一。
上_2008_00916,上海,2008,金融精英,46,女,6.4,46.5,0.4,87.2,3,2,否,A,research,0.84,0.45,0.67,0.5,0.77,0.76,0.78,0.75,0.9,自住-改善,两室一厅,80,9597,老牌证券公司营业部经理,二胎黄金期中大户型,市中心私密洋房住宅,无高端私密会所及管家式物业配套，圈层鱼龙混杂，高净值居住体验差。,讲究超高得房率（超85%），主卧套房必须配备独立步入式衣帽间与干湿分离双卫。,主要在陆家嘴/徐家汇CBD上班，首选地铁2/9号线沿线，通勤半小时内。,周末常去高端商圈消费，热衷打网球和马术，重度手冲咖啡及黑胶唱片发烧友。,名下已有企业股权套现或分红现金，一次性全款付清，基本不加杠杆,非仁恒、绿城、万科等金牌开发商不买，极度看重高端精装质量与顶级物业的增值口碑。,常年本地稳定居住，工作日职住通勤动线规则单一。
上_2008_00917,上海,2008,本地改善,50,男,2.3,21.8,0.45,36.4,4,3,否,B,agent,0.81,0.48,0.44,0.46,0.62,0.71,0.57,0.69,0.52,自住-改善,一室一厅,71,3466,国企车间技术主任,二胎黄金期中大户型,上海中环品质两居，车位及空间极其拥挤,小区无地下车库且人车不分流，小孩在楼下玩耍或者推婴儿车极为不安全。,讲究超高得房率（超85%），主卧套房必须配备独立步入式衣帽间与干湿分离双卫。,主要在陆家嘴/徐家汇CBD上班，首选地铁2/9号线沿线，通勤半小时内。,倡导轻户外，周末常带家人自驾野营或山系徒步，注重生活情调与手作咖啡。,名下持有一套旧两居，置换回款 65% + 个人理财储蓄补充 + 公积金商业贷,重性价比，不盲信大牌，但要求物业管理有序、绿化修剪及时、人防技防规范。,常年本地稳定居住，工作日职住通勤动线规则单一。
上_2008_00918,上海,2008,本地改善,42,女,1.1,13.0,0.45,21.7,5,2,否,B,agent,0.76,0.47,0.48,0.39,0.6,1,0.6,0.58,0.55,自住-改善,两室两厅,94,1933,区财政局科员,二胎黄金期中大户型,上海中环品质两居，车位及空间极其拥挤,小区无地下车库且人车不分流，小孩在楼下玩耍或者推婴儿车极为不安全。,讲究超高得房率（超85%），主卧套房必须配备独立步入式衣帽间与干湿分离双卫。,主要在陆家嘴/徐家汇CBD上班，首选地铁2/9号线沿线，通勤半小时内。,倡导轻户外，周末常带家人自驾野营或山系徒步，注重生活情调与手作咖啡。,名下持有一套旧两居，置换回款 65% + 个人理财储蓄补充 + 公积金商业贷,重性价比，不盲信大牌，但要求物业管理有序、绿化修剪及时、人防技防规范。,常年本地稳定居住，工作日职住通勤动线规则单一。
上_2008_00919,上海,2008,本地改善,41,男,3.1,39.6,0.45,66.0,4,2,否,B,agent,0.78,0.38,0.51,0.48,0.59,0.87,0.71,0.62,0.71,自住-改善,两室一厅,94,5794,邮政局局长秘书,二胎黄金期中大户型,上海中环品质两居，车位及空间极其拥挤,小区无地下车库且人车不分流，小孩在楼下玩耍或者推婴儿车极为不安全。,讲究超高得房率（超85%），主卧套房必须配备独立步入式衣帽间与干湿分离双卫。,主要在陆家嘴/徐家汇CBD上班，首选地铁2/9号线沿线，通勤半小时内。,倡导轻户外，周末常带家人自驾野营或山系徒步，注重生活情调与手作咖啡。,名下持有一套旧两居，置换回款 65% + 个人理财储蓄补充 + 公积金商业贷,非仁恒、绿城、万科等金牌开发商不买，极度看重高端精装质量与顶级物业的增值口碑。,常年本地稳定居住，工作日职住通勤动线规则单一。
上_2008_00920,上海,2008,本地改善,49,男,1.3,12.5,0.45,20.8,4,3,否,B,agent,0.89,0.44,0.57,0.59,0.62,0.95,0.53,0.68,0.64,自住-改善,两室一厅,79,1499,市第二中学地理教师,二胎黄金期中大户型,上海中环品质两居，车位及空间极其拥挤,小区无地下车库且人车不分流，小孩在楼下玩耍或者推婴儿车极为不安全。,讲究超高得房率（超85%），主卧套房必须配备独立步入式衣帽间与干湿分离双卫。,主要在陆家嘴/徐家汇CBD上班，首选地铁2/9号线沿线，通勤半小时内。,倡导轻户外，周末常带家人自驾野营或山系徒步，注重生活情调与手作咖啡。,名下持有一套旧两居，置换回款 65% + 个人理财储蓄补充 + 公积金商业贷,重性价比，不盲信大牌，但要求物业管理有序、绿化修剪及时、人防技防规范。,常年本地稳定居住，工作日职住通勤动线规则单一。
上_2008_00921,上海,2008,长三角家庭,43,男,3.8,28.9,0.45,48.2,4,2,是,B,agent,0.57,0.58,0.53,0.57,0.57,0.88,0.35,0.77,0.71,自住-改善,一室一厅,83,5062,市第二中学地理教师,二胎黄金期中大户型,上海中环品质两居，车位及空间极其拥挤,小区无地下车库且人车不分流，小孩在楼下玩耍或者推婴儿车极为不安全。,讲究超高得房率（超85%），主卧套房必须配备独立步入式衣帽间与干湿分离双卫。,主要在陆家嘴/徐家汇CBD上班，首选地铁2/9号线沿线，通勤半小时内。,倡导轻户外，周末常带家人自驾野营或山系徒步，注重生活情调与手作咖啡。,名下持有一套旧两居，置换回款 65% + 个人理财储蓄补充 + 公积金商业贷,非仁恒、绿城、万科等金牌开发商不买，极度看重高端精装质量与顶级物业的增值口碑。,常年本地稳定居住，工作日职住通勤动线规则单一。
上_2008_00922,上海,2008,外籍海归,38,女,5.4,34.3,0.4,64.3,3,1,否,A,social,0.77,0.33,0.59,0.61,0.77,0.69,0.58,0.86,0.74,自住-首套,两室一厅,62,8929,合资日化企业技术主管,三口之家(学龄段),市中心私密洋房住宅,无高端私密会所及管家式物业配套，圈层鱼龙混杂，高净值居住体验差。,核心要求地块属于第一梯队名校学区，且周边500米内解决幼小衔接教育配套。,主要在陆家嘴/徐家汇CBD上班，首选地铁2/9号线沿线，通勤半小时内。,周末常去高端商圈消费，热衷打网球和马术，重度手冲咖啡及黑胶唱片发烧友。,夫妻双方积蓄 + 双方父母出资赞助首付 + 公积金商业组合贷款,非仁恒、绿城、万科等金牌开发商不买，极度看重高端精装质量与顶级物业的增值口碑。,常年本地稳定居住，工作日职住通勤动线规则单一。
上_2008_00923,上海,2008,本地改善,40,男,2.8,20.5,0.45,34.2,3,2,否,B,agent,0.68,0.44,0.66,0.58,0.46,0.86,0.59,0.83,0.7,自住-改善,两室两厅,58,5174,市第二中学地理教师,二胎黄金期中大户型,上海中环品质两居，车位及空间极其拥挤,小区无地下车库且人车不分流，小孩在楼下玩耍或者推婴儿车极为不安全。,讲究超高得房率（超85%），主卧套房必须配备独立步入式衣帽间与干湿分离双卫。,主要在陆家嘴/徐家汇CBD上班，首选地铁2/9号线沿线，通勤半小时内。,倡导轻户外，周末常带家人自驾野营或山系徒步，注重生活情调与手作咖啡。,名下持有一套旧两居，置换回款 65% + 个人理财储蓄补充 + 公积金商业贷,非仁恒、绿城、万科等金牌开发商不买，极度看重高端精装质量与顶级物业的增值口碑。,常年本地稳定居住，工作日职住通勤动线规则单一。
上_2008_00924,上海,2008,长三角家庭,39,男,2.3,14.1,0.45,23.5,4,1,是,B,agent,1,0.72,0.51,0.6,0.37,0.73,0.34,0.62,0.67,自住-首套,两室两厅,86,1826,市第二中学地理教师,三口之家(学龄段),上海中环品质两居，车位及空间极其拥挤,小区无地下车库且人车不分流，小孩在楼下玩耍或者推婴儿车极为不安全。,讲究超高得房率（超85%），主卧套房必须配备独立步入式衣帽间与干湿分离双卫。,主要在陆家嘴/徐家汇CBD上班，首选地铁2/9号线沿线，通勤半小时内。,倡导轻户外，周末常带家人自驾野营或山系徒步，注重生活情调与手作咖啡。,夫妻双方积蓄 + 双方父母出资赞助首付 + 公积金商业组合贷款,重性价比，不盲信大牌，但要求物业管理有序、绿化修剪及时、人防技防规范。,常年本地稳定居住，工作日职住通勤动线规则单一。
上_2008_00925,上海,2008,金融精英,32,男,7.1,65.9,0.4,123.6,2,0,否,A,research,0.6,0.41,0.61,0.58,0.8,0.84,0.66,0.97,0.77,婚房,两室一厅,67,10293,商业银行支行信贷科长,新婚过渡两居,陆家嘴核心区江景大平层,无高端私密会所及管家式物业配套，圈层鱼龙混杂，高净值居住体验差。,讲究超高得房率（超85%），主卧套房必须配备独立步入式衣帽间与干湿分离双卫。,主要在陆家嘴/徐家汇CBD上班，首选地铁2/9号线沿线，通勤半小时内。,周末常去高端商圈消费，热衷打网球和马术，重度手冲咖啡及黑胶唱片发烧友。,夫妻双方积蓄 + 双方父母出资赞助首付 + 公积金商业组合贷款,非仁恒、绿城、万科等金牌开发商不买，极度看重高端精装质量与顶级物业的增值口碑。,常年本地稳定居住，工作日职住通勤动线规则单一。
上_2008_00926,上海,2008,本地改善,42,男,0.9,12.1,0.45,20.1,4,2,否,B,agent,0.75,0.51,0.53,0.53,0.65,0.93,0.67,0.71,0.56,自住-改善,一室一厅,68,1688,邮政局局长秘书,二胎黄金期中大户型,上海中环品质两居，车位及空间极其拥挤,小区无地下车库且人车不分流，小孩在楼下玩耍或者推婴儿车极为不安全。,讲究超高得房率（超85%），主卧套房必须配备独立步入式衣帽间与干湿分离双卫。,主要在陆家嘴/徐家汇CBD上班，首选地铁2/9号线沿线，通勤半小时内。,倡导轻户外，周末常带家人自驾野营或山系徒步，注重生活情调与手作咖啡。,名下持有一套旧两居，置换回款 65% + 个人理财储蓄补充 + 公积金商业贷,重性价比，不盲信大牌，但要求物业管理有序、绿化修剪及时、人防技防规范。,常年本地稳定居住，工作日职住通勤动线规则单一。
上_2008_00927,上海,2008,教育型买房,37,男,2.2,21.8,0.4,40.9,4,1,是,B,social,0.96,0.57,0.48,0.33,0.63,0.69,0.48,0.99,0.56,学区房,两室两厅,54,6198,国企车间技术主任,三口之家(幼龄段),上海中环品质两居，车位及空间极其拥挤,小区无地下车库且人车不分流，小孩在楼下玩耍或者推婴儿车极为不安全。,核心要求地块属于第一梯队名校学区，且周边500米内解决幼小衔接教育配套。,主要在陆家嘴/徐家汇CBD上班，首选地铁2/9号线沿线，通勤半小时内。,倡导轻户外，周末常带家人自驾野营或山系徒步，注重生活情调与手作咖啡。,名下持有一套旧两居，置换回款 65% + 个人理财储蓄补充 + 公积金商业贷,重性价比，不盲信大牌，但要求物业管理有序、绿化修剪及时、人防技防规范。,常年本地稳定居住，工作日职住通勤动线规则单一。
上_2008_00928,上海,2008,金融精英,40,男,4.7,40.9,0.4,76.7,3,1,否,A,research,0.9,0.48,0.61,0.7,0.75,0.72,0.8,0.84,0.85,自住-改善,两室一厅,75,8536,商业银行支行信贷科长,三口之家(学龄段),陆家嘴核心区江景大平层,无高端私密会所及管家式物业配套，圈层鱼龙混杂，高净值居住体验差。,讲究超高得房率（超85%），主卧套房必须配备独立步入式衣帽间与干湿分离双卫。,主要在陆家嘴/徐家汇CBD上班，首选地铁2/9号线沿线，通勤半小时内。,周末常去高端商圈消费，热衷打网球和马术，重度手冲咖啡及黑胶唱片发烧友。,名下已有企业股权套现或分红现金，一次性全款付清，基本不加杠杆,非仁恒、绿城、万科等金牌开发商不买，极度看重高端精装质量与顶级物业的增值口碑。,常年本地稳定居住，工作日职住通勤动线规则单一。
上_2008_00929,上海,2008,本地改善,52,男,0.8,8.7,0.45,14.5,4,2,是,B,agent,1,0.37,0.59,0.39,0.5,0.85,0.54,0.69,0.56,自住-改善,两室两厅,65,1392,国企车间技术主任,二胎黄金期中大户型,上海中环品质两居，车位及空间极其拥挤,小区无地下车库且人车不分流，小孩在楼下玩耍或者推婴儿车极为不安全。,讲究超高得房率（超85%），主卧套房必须配备独立步入式衣帽间与干湿分离双卫。,主要在陆家嘴/徐家汇CBD上班，首选地铁2/9号线沿线，通勤半小时内。,倡导轻户外，周末常带家人自驾野营或山系徒步，注重生活情调与手作咖啡。,名下持有一套旧两居，置换回款 65% + 个人理财储蓄补充 + 公积金商业贷,重性价比，不盲信大牌，但要求物业管理有序、绿化修剪及时、人防技防规范。,常年本地稳定居住，工作日职住通勤动线规则单一。
上_2008_00930,上海,2008,教育型买房,46,女,2.6,20.2,0.4,37.9,2,1,否,B,social,0.84,0.46,0.45,0.33,0.61,0.74,0.58,0.92,0.64,学区房,一室一厅,83,2834,区财政局科员,三口之家(学龄段),上海中环品质两居，车位及空间极其拥挤,小区无地下车库且人车不分流，小孩在楼下玩耍或者推婴儿车极为不安全。,讲究超高得房率（超85%），主卧套房必须配备独立步入式衣帽间与干湿分离双卫。,主要在陆家嘴/徐家汇CBD上班，首选地铁2/9号线沿线，通勤半小时内。,倡导轻户外，周末常带家人自驾野营或山系徒步，注重生活情调与手作咖啡。,名下持有一套旧两居，置换回款 65% + 个人理财储蓄补充 + 公积金商业贷,重性价比，不盲信大牌，但要求物业管理有序、绿化修剪及时、人防技防规范。,常年本地稳定居住，工作日职住通勤动线规则单一。
上_2008_00931,上海,2008,金融精英,50,女,9.8,97.9,0.4,183.6,3,2,否,A,research,0.92,0.47,0.61,0.58,0.56,0.81,0.78,0.85,0.92,自住-首套,三室两厅,119,8666,申银万国证券分析员,二胎黄金期中大户型,西湖边高精平层,无高端私密会所及管家式物业配套，圈层鱼龙混杂，高净值居住体验差。,讲究超高得房率（超85%），主卧套房必须配备独立步入式衣帽间与干湿分离双卫。,主要在陆家嘴/徐家汇CBD上班，首选地铁2/9号线沿线，通勤半小时内。,周末常去高端商圈消费，热衷打网球和马术，重度手冲咖啡及黑胶唱片发烧友。,夫妻双方积蓄 + 双方父母出资赞助首付 + 公积金商业组合贷款,非仁恒、绿城、万科等金牌开发商不买，极度看重高端精装质量与顶级物业的增值口碑。,常年本地稳定居住，工作日职住通勤动线规则单一。
上_2008_00932,上海,2008,教育型买房,39,男,2.3,16.3,0.4,30.6,4,1,否,B,social,0.97,0.51,0.36,0.26,0.54,0.85,0.34,0.96,0.64,学区房,两室两厅,85,2264,区财政局科员,三口之家(学龄段),上海中环品质两居，车位及空间极其拥挤,小区无地下车库且人车不分流，小孩在楼下玩耍或者推婴儿车极为不安全。,讲究超高得房率（超85%），主卧套房必须配备独立步入式衣帽间与干湿分离双卫。,主要在陆家嘴/徐家汇CBD上班，首选地铁2/9号线沿线，通勤半小时内。,倡导轻户外，周末常带家人自驾野营或山系徒步，注重生活情调与手作咖啡。,名下持有一套旧两居，置换回款 65% + 个人理财储蓄补充 + 公积金商业贷,重性价比，不盲信大牌，但要求物业管理有序、绿化修剪及时、人防技防规范。,常年本地稳定居住，工作日职住通勤动线规则单一。
上_2008_00933,上海,2008,本地改善,44,男,2.9,27.0,0.45,45.0,4,3,是,B,agent,0.71,0.56,0.61,0.45,0.57,0.7,0.74,0.68,0.65,自住-改善,一室一厅,99,3688,区财政局科员,二胎黄金期中大户型,上海中环品质两居，车位及空间极其拥挤,小区无地下车库且人车不分流，小孩在楼下玩耍或者推婴儿车极为不安全。,要求采光通透，全明户型，带多功能嵌入式收纳墙以最大化空间利用。,主要在陆家嘴/徐家汇CBD上班，首选地铁2/9号线沿线，通勤半小时内。,倡导轻户外，周末常带家人自驾野营或山系徒步，注重生活情调与手作咖啡。,名下持有一套旧两居，置换回款 65% + 个人理财储蓄补充 + 公积金商业贷,重性价比，不盲信大牌，但要求物业管理有序、绿化修剪及时、人防技防规范。,常年本地稳定居住，工作日职住通勤动线规则单一。
上_2008_00934,上海,2008,本地改善,38,男,2.8,21.8,0.45,36.3,5,2,是,B,agent,0.7,0.52,0.61,0.59,0.62,0.86,0.54,0.62,0.63,自住-改善,两室两厅,70,3107,区财政局科员,二胎黄金期中大户型,上海中环品质两居，车位及空间极其拥挤,小区无地下车库且人车不分流，小孩在楼下玩耍或者推婴儿车极为不安全。,讲究超高得房率（超85%），主卧套房必须配备独立步入式衣帽间与干湿分离双卫。,主要在陆家嘴/徐家汇CBD上班，首选地铁2/9号线沿线，通勤半小时内。,倡导轻户外，周末常带家人自驾野营或山系徒步，注重生活情调与手作咖啡。,名下持有一套旧两居，置换回款 65% + 个人理财储蓄补充 + 公积金商业贷,重性价比，不盲信大牌，但要求物业管理有序、绿化修剪及时、人防技防规范。,常年本地稳定居住，工作日职住通勤动线规则单一。
上_2008_00935,上海,2008,本地改善,38,男,2.8,23.9,0.45,39.8,5,1,是,B,agent,0.94,0.54,0.44,0.53,0.63,0.72,0.61,0.68,0.63,自住-改善,两室一厅,93,2872,国企车间技术主任,三口之家(学龄段),上海中环品质两居，车位及空间极其拥挤,小区无地下车库且人车不分流，小孩在楼下玩耍或者推婴儿车极为不安全。,讲究超高得房率（超85%），主卧套房必须配备独立步入式衣帽间与干湿分离双卫。,主要在陆家嘴/徐家汇CBD上班，首选地铁2/9号线沿线，通勤半小时内。,倡导轻户外，周末常带家人自驾野营或山系徒步，注重生活情调与手作咖啡。,名下持有一套旧两居，置换回款 65% + 个人理财储蓄补充 + 公积金商业贷,重性价比，不盲信大牌，但要求物业管理有序、绿化修剪及时、人防技防规范。,常年本地稳定居住，工作日职住通勤动线规则单一。
上_2008_00936,上海,2008,长三角家庭,42,女,3.8,30.5,0.45,50.9,3,2,是,B,agent,0.51,0.52,0.53,0.54,0.66,1,0.34,0.51,0.66,自住-改善,两室一厅,78,4372,国企车间技术主任,二胎黄金期中大户型,上海中环品质两居，车位及空间极其拥挤,小区无地下车库且人车不分流，小孩在楼下玩耍或者推婴儿车极为不安全。,讲究超高得房率（超85%），主卧套房必须配备独立步入式衣帽间与干湿分离双卫。,主要在陆家嘴/徐家汇CBD上班，首选地铁2/9号线沿线，通勤半小时内。,倡导轻户外，周末常带家人自驾野营或山系徒步，注重生活情调与手作咖啡。,名下持有一套旧两居，置换回款 65% + 个人理财储蓄补充 + 公积金商业贷,重性价比，不盲信大牌，但要求物业管理有序、绿化修剪及时、人防技防规范。,常年本地稳定居住，工作日职住通勤动线规则单一。
上_2008_00937,上海,2008,长三角家庭,53,男,3.0,18.4,0.45,30.7,4,1,是,B,agent,0.83,0.6,0.66,0.56,0.52,0.83,0.43,0.54,0.67,自住-首套,两室两厅,82,3154,区财政局科员,三口之家(学龄段),上海中环品质两居，车位及空间极其拥挤,小区无地下车库且人车不分流，小孩在楼下玩耍或者推婴儿车极为不安全。,讲究超高得房率（超85%），主卧套房必须配备独立步入式衣帽间与干湿分离双卫。,主要在陆家嘴/徐家汇CBD上班，首选地铁2/9号线沿线，通勤半小时内。,倡导轻户外，周末常带家人自驾野营或山系徒步，注重生活情调与手作咖啡。,夫妻双方积蓄 + 双方父母出资赞助首付 + 公积金商业组合贷款,重性价比，不盲信大牌，但要求物业管理有序、绿化修剪及时、人防技防规范。,常年本地稳定居住，工作日职住通勤动线规则单一。
上_2008_00938,上海,2008,金融精英,33,男,3.2,21.6,0.4,40.6,3,1,否,A,research,0.88,0.5,0.63,0.67,0.84,0.69,0.6,0.84,0.92,婚房,两室两厅,67,5331,申银万国证券分析员,三口之家(幼龄段),西湖边高精平层,无高端私密会所及管家式物业配套，圈层鱼龙混杂，高净值居住体验差。,核心要求地块属于第一梯队名校学区，且周边500米内解决幼小衔接教育配套。,主要在陆家嘴/徐家汇CBD上班，首选地铁2/9号线沿线，通勤半小时内。,周末常去高端商圈消费，热衷打网球和马术，重度手冲咖啡及黑胶唱片发烧友。,夫妻双方积蓄 + 双方父母出资赞助首付 + 公积金商业组合贷款,非仁恒、绿城、万科等金牌开发商不买，极度看重高端精装质量与顶级物业的增值口碑。,常年本地稳定居住，工作日职住通勤动线规则单一。
上_2008_00939,上海,2008,教育型买房,38,女,2.4,22.7,0.4,42.5,4,1,是,B,social,0.92,0.48,0.3,0.4,0.67,0.74,0.66,0.96,0.8,学区房,两室一厅,90,3383,国企车间技术主任,三口之家(学龄段),上海中环品质两居，车位及空间极其拥挤,小区无地下车库且人车不分流，小孩在楼下玩耍或者推婴儿车极为不安全。,讲究超高得房率（超85%），主卧套房必须配备独立步入式衣帽间与干湿分离双卫。,主要在陆家嘴/徐家汇CBD上班，首选地铁2/9号线沿线，通勤半小时内。,倡导轻户外，周末常带家人自驾野营或山系徒步，注重生活情调与手作咖啡。,名下持有一套旧两居，置换回款 65% + 个人理财储蓄补充 + 公积金商业贷,非仁恒、绿城、万科等金牌开发商不买，极度看重高端精装质量与顶级物业的增值口碑。,常年本地稳定居住，工作日职住通勤动线规则单一。
上_2008_00940,上海,2008,本地改善,56,女,0.9,11.2,0.45,18.6,5,2,是,B,agent,0.84,0.48,0.53,0.52,0.57,0.82,0.58,0.74,0.71,自住-改善,两室两厅,50,2063,市第二中学地理教师,二胎黄金期中大户型,上海中环品质两居，车位及空间极其拥挤,小区无地下车库且人车不分流，小孩在楼下玩耍或者推婴儿车极为不安全。,讲究超高得房率（超85%），主卧套房必须配备独立步入式衣帽间与干湿分离双卫。,主要在陆家嘴/徐家汇CBD上班，首选地铁2/9号线沿线，通勤半小时内。,倡导轻户外，周末常带家人自驾野营或山系徒步，注重生活情调与手作咖啡。,名下持有一套旧两居，置换回款 65% + 个人理财储蓄补充 + 公积金商业贷,非仁恒、绿城、万科等金牌开发商不买，极度看重高端精装质量与顶级物业的增值口碑。,常年本地稳定居住，工作日职住通勤动线规则单一。
上_2008_00941,上海,2008,教育型买房,34,男,1.2,12.0,0.4,22.6,3,0,是,B,social,0.95,0.5,0.46,0.4,0.66,0.63,0.66,0.88,0.51,学区房,一室一厅,56,2655,市第二中学地理教师,新婚过渡两居,上海中环品质两居，车位及空间极其拥挤,当前房屋属于旧多层无电梯房，父母年纪渐高每天爬楼梯极为吃力。,核心要求地块属于第一梯队名校学区，且周边500米内解决幼小衔接教育配套。,主要在陆家嘴/徐家汇CBD上班，首选地铁2/9号线沿线，通勤半小时内。,倡导轻户外，周末常带家人自驾野营或山系徒步，注重生活情调与手作咖啡。,名下持有一套旧两居，置换回款 65% + 个人理财储蓄补充 + 公积金商业贷,重性价比，不盲信大牌，但要求物业管理有序、绿化修剪及时、人防技防规范。,常年本地稳定居住，工作日职住通勤动线规则单一。
上_2008_00942,上海,2008,本地改善,47,男,3.2,25.6,0.45,42.7,5,2,是,B,agent,0.8,0.59,0.54,0.46,0.63,0.82,0.58,0.75,0.59,自住-改善,两室一厅,53,6859,邮政局局长秘书,二胎黄金期中大户型,上海中环品质两居，车位及空间极其拥挤,小区无地下车库且人车不分流，小孩在楼下玩耍或者推婴儿车极为不安全。,讲究超高得房率（超85%），主卧套房必须配备独立步入式衣帽间与干湿分离双卫。,主要在陆家嘴/徐家汇CBD上班，首选地铁2/9号线沿线，通勤半小时内。,倡导轻户外，周末常带家人自驾野营或山系徒步，注重生活情调与手作咖啡。,名下持有一套旧两居，置换回款 65% + 个人理财储蓄补充 + 公积金商业贷,重性价比，不盲信大牌，但要求物业管理有序、绿化修剪及时、人防技防规范。,常年本地稳定居住，工作日职住通勤动线规则单一。
上_2008_00943,上海,2008,本地改善,54,女,2.2,17.5,0.45,29.2,3,1,是,B,agent,0.8,0.57,0.55,0.53,0.47,0.73,0.7,0.73,0.49,自住-改善,两室两厅,88,2265,邮政局局长秘书,三口之家(学龄段),上海中环品质两居，车位及空间极其拥挤,小区无地下车库且人车不分流，小孩在楼下玩耍或者推婴儿车极为不安全。,讲究超高得房率（超85%），主卧套房必须配备独立步入式衣帽间与干湿分离双卫。,主要在陆家嘴/徐家汇CBD上班，首选地铁2/9号线沿线，通勤半小时内。,倡导轻户外，周末常带家人自驾野营或山系徒步，注重生活情调与手作咖啡。,名下持有一套旧两居，置换回款 65% + 个人理财储蓄补充 + 公积金商业贷,重性价比，不盲信大牌，但要求物业管理有序、绿化修剪及时、人防技防规范。,常年本地稳定居住，工作日职住通勤动线规则单一。
上_2008_00944,上海,2008,金融精英,48,女,4.8,48.9,0.4,91.7,4,2,是,A,research,0.75,0.5,0.61,0.63,0.72,0.76,0.63,0.82,0.89,自住-改善,两室一厅,67,10809,商业银行支行信贷科长,二胎黄金期中大户型,西湖边高精平层,当前房屋属于旧多层无电梯房，父母年纪渐高每天爬楼梯极为吃力。,讲究超高得房率（超85%），主卧套房必须配备独立步入式衣帽间与干湿分离双卫。,主要在陆家嘴/徐家汇CBD上班，首选地铁2/9号线沿线，通勤半小时内。,周末常去高端商圈消费，热衷打网球和马术，重度手冲咖啡及黑胶唱片发烧友。,名下已有企业股权套现或分红现金，一次性全款付清，基本不加杠杆,非仁恒、绿城、万科等金牌开发商不买，极度看重高端精装质量与顶级物业的增值口碑。,常年本地稳定居住，工作日职住通勤动线规则单一。
上_2008_00945,上海,2008,本地改善,53,男,1.4,16.7,0.45,27.9,3,2,否,B,agent,0.67,0.6,0.58,0.53,0.53,0.81,0.62,0.57,0.48,自住-改善,一室一厅,67,3235,国企车间技术主任,二胎黄金期中大户型,上海中环品质两居，车位及空间极其拥挤,小区无地下车库且人车不分流，小孩在楼下玩耍或者推婴儿车极为不安全。,讲究超高得房率（超85%），主卧套房必须配备独立步入式衣帽间与干湿分离双卫。,主要在陆家嘴/徐家汇CBD上班，首选地铁2/9号线沿线，通勤半小时内。,倡导轻户外，周末常带家人自驾野营或山系徒步，注重生活情调与手作咖啡。,名下持有一套旧两居，置换回款 65% + 个人理财储蓄补充 + 公积金商业贷,重性价比，不盲信大牌，但要求物业管理有序、绿化修剪及时、人防技防规范。,常年本地稳定居住，工作日职住通勤动线规则单一。
上_2008_00946,上海,2008,本地改善,58,女,2.3,21.4,0.45,35.7,3,2,否,B,agent,0.61,0.5,0.76,0.43,0.53,0.83,0.83,0.55,0.56,自住-改善,一室一厅,86,2239,国企车间技术主任,二胎黄金期中大户型,上海中环品质两居，车位及空间极其拥挤,小区无地下车库且人车不分流，小孩在楼下玩耍或者推婴儿车极为不安全。,要求有超大面宽南向双阳台（观景家政分离），主卧大飘窗能270度直面自然景观。,主要在陆家嘴/徐家汇CBD上班，首选地铁2/9号线沿线，通勤半小时内。,倡导轻户外，周末常带家人自驾野营或山系徒步，注重生活情调与手作咖啡。,名下持有一套旧两居，置换回款 65% + 个人理财储蓄补充 + 公积金商业贷,重性价比，不盲信大牌，但要求物业管理有序、绿化修剪及时、人防技防规范。,常年本地稳定居住，工作日职住通勤动线规则单一。
上_2008_00947,上海,2008,金融精英,32,男,5.2,46.7,0.4,87.6,3,1,否,A,research,0.72,0.49,0.57,0.51,0.83,0.77,0.65,0.92,0.83,自住-首套,两室一厅,50,13555,申银万国证券分析员,三口之家(幼龄段),西湖边高精平层,无高端私密会所及管家式物业配套，圈层鱼龙混杂，高净值居住体验差。,讲究超高得房率（超85%），主卧套房必须配备独立步入式衣帽间与干湿分离双卫。,主要在陆家嘴/徐家汇CBD上班，首选地铁2/9号线沿线，通勤半小时内。,周末常去高端商圈消费，热衷打网球和马术，重度手冲咖啡及黑胶唱片发烧友。,夫妻双方积蓄 + 双方父母出资赞助首付 + 公积金商业组合贷款,非仁恒、绿城、万科等金牌开发商不买，极度看重高端精装质量与顶级物业的增值口碑。,常年本地稳定居住，工作日职住通勤动线规则单一。
上_2008_00948,上海,2008,教育型买房,34,男,2.2,18.3,0.4,34.4,3,1,是,B,social,0.74,0.56,0.37,0.43,0.59,0.69,0.66,1,0.58,学区房,一室一厅,53,4944,国企车间技术主任,三口之家(幼龄段),上海中环品质两居，车位及空间极其拥挤,小区无地下车库且人车不分流，小孩在楼下玩耍或者推婴儿车极为不安全。,核心要求地块属于第一梯队名校学区，且周边500米内解决幼小衔接教育配套。,主要在陆家嘴/徐家汇CBD上班，首选地铁2/9号线沿线，通勤半小时内。,倡导轻户外，周末常带家人自驾野营或山系徒步，注重生活情调与手作咖啡。,名下持有一套旧两居，置换回款 65% + 个人理财储蓄补充 + 公积金商业贷,重性价比，不盲信大牌，但要求物业管理有序、绿化修剪及时、人防技防规范。,常年本地稳定居住，工作日职住通勤动线规则单一。
上_2008_00949,上海,2008,教育型买房,36,女,1.8,12.8,0.4,24.0,3,1,否,B,social,1,0.54,0.54,0.37,0.65,0.57,0.66,0.83,0.69,学区房,一室一厅,86,1868,邮政局局长秘书,三口之家(幼龄段),上海中环品质两居，车位及空间极其拥挤,小区无地下车库且人车不分流，小孩在楼下玩耍或者推婴儿车极为不安全。,核心要求地块属于第一梯队名校学区，且周边500米内解决幼小衔接教育配套。,主要在陆家嘴/徐家汇CBD上班，首选地铁2/9号线沿线，通勤半小时内。,倡导轻户外，周末常带家人自驾野营或山系徒步，注重生活情调与手作咖啡。,名下持有一套旧两居，置换回款 65% + 个人理财储蓄补充 + 公积金商业贷,重性价比，不盲信大牌，但要求物业管理有序、绿化修剪及时、人防技防规范。,常年本地稳定居住，工作日职住通勤动线规则单一。
上_2008_00950,上海,2008,本地改善,44,男,1.8,13.3,0.45,22.2,3,2,是,B,agent,0.71,0.32,0.56,0.42,0.57,0.64,0.65,0.75,0.66,自住-改善,一室一厅,67,1701,国企车间技术主任,二胎黄金期中大户型,上海中环品质两居，车位及空间极其拥挤,小区无地下车库且人车不分流，小孩在楼下玩耍或者推婴儿车极为不安全。,核心要求地块属于第一梯队名校学区，且周边500米内解决幼小衔接教育配套。,主要在陆家嘴/徐家汇CBD上班，首选地铁2/9号线沿线，通勤半小时内。,倡导轻户外，周末常带家人自驾野营或山系徒步，注重生活情调与手作咖啡。,名下持有一套旧两居，置换回款 65% + 个人理财储蓄补充 + 公积金商业贷,重性价比，不盲信大牌，但要求物业管理有序、绿化修剪及时、人防技防规范。,常年本地稳定居住，工作日职住通勤动线规则单一。
上_2008_00951,上海,2008,本地改善,38,女,1.1,11.8,0.45,19.7,5,2,否,B,agent,0.91,0.49,0.58,0.51,0.63,0.97,0.66,0.63,0.56,自住-改善,两室两厅,61,2100,市第二中学地理教师,二胎黄金期中大户型,上海中环品质两居，车位及空间极其拥挤,小区无地下车库且人车不分流，小孩在楼下玩耍或者推婴儿车极为不安全。,讲究超高得房率（超85%），主卧套房必须配备独立步入式衣帽间与干湿分离双卫。,主要在陆家嘴/徐家汇CBD上班，首选地铁2/9号线沿线，通勤半小时内。,倡导轻户外，周末常带家人自驾野营或山系徒步，注重生活情调与手作咖啡。,名下持有一套旧两居，置换回款 65% + 个人理财储蓄补充 + 公积金商业贷,重性价比，不盲信大牌，但要求物业管理有序、绿化修剪及时、人防技防规范。,常年本地稳定居住，工作日职住通勤动线规则单一。
上_2008_00952,上海,2008,金融精英,42,女,9.4,57.4,0.4,107.6,3,1,否,A,research,0.81,0.41,0.67,0.56,0.73,0.68,0.65,0.82,0.84,自住-首套,一室一厅,74,11081,老牌证券公司营业部经理,三口之家(学龄段),陆家嘴核心区江景大平层,无高端私密会所及管家式物业配套，圈层鱼龙混杂，高净值居住体验差。,核心要求地块属于第一梯队名校学区，且周边500米内解决幼小衔接教育配套。,主要在陆家嘴/徐家汇CBD上班，首选地铁2/9号线沿线，通勤半小时内。,周末常去高端商圈消费，热衷打网球和马术，重度手冲咖啡及黑胶唱片发烧友。,夫妻双方积蓄 + 双方父母出资赞助首付 + 公积金商业组合贷款,非仁恒、绿城、万科等金牌开发商不买，极度看重高端精装质量与顶级物业的增值口碑。,常年本地稳定居住，工作日职住通勤动线规则单一。
上_2008_00953,上海,2008,本地改善,43,男,2.0,17.3,0.45,28.8,3,2,是,B,agent,0.68,0.36,0.65,0.58,0.5,0.74,0.49,0.7,0.62,自住-改善,两室两厅,85,2922,市第二中学地理教师,二胎黄金期中大户型,上海中环品质两居，车位及空间极其拥挤,小区无地下车库且人车不分流，小孩在楼下玩耍或者推婴儿车极为不安全。,讲究超高得房率（超85%），主卧套房必须配备独立步入式衣帽间与干湿分离双卫。,主要在陆家嘴/徐家汇CBD上班，首选地铁2/9号线沿线，通勤半小时内。,倡导轻户外，周末常带家人自驾野营或山系徒步，注重生活情调与手作咖啡。,名下持有一套旧两居，置换回款 65% + 个人理财储蓄补充 + 公积金商业贷,重性价比，不盲信大牌，但要求物业管理有序、绿化修剪及时、人防技防规范。,常年本地稳定居住，工作日职住通勤动线规则单一。
上_2008_00954,上海,2008,本地改善,50,女,3.3,23.5,0.45,39.2,4,2,否,B,agent,0.67,0.41,0.59,0.56,0.42,0.86,0.65,0.64,0.62,自住-改善,两室两厅,81,3042,国企车间技术主任,二胎黄金期中大户型,上海中环品质两居，车位及空间极其拥挤,小区无地下车库且人车不分流，小孩在楼下玩耍或者推婴儿车极为不安全。,讲究超高得房率（超85%），主卧套房必须配备独立步入式衣帽间与干湿分离双卫。,主要在陆家嘴/徐家汇CBD上班，首选地铁2/9号线沿线，通勤半小时内。,倡导轻户外，周末常带家人自驾野营或山系徒步，注重生活情调与手作咖啡。,名下持有一套旧两居，置换回款 65% + 个人理财储蓄补充 + 公积金商业贷,重性价比，不盲信大牌，但要求物业管理有序、绿化修剪及时、人防技防规范。,常年本地稳定居住，工作日职住通勤动线规则单一。
上_2008_00955,上海,2008,长三角家庭,43,男,0.9,8.0,0.45,13.4,5,2,是,B,agent,0.43,0.44,0.53,0.43,0.6,0.7,0.46,0.65,0.83,自住-改善,两室一厅,66,1456,区财政局科员,二胎黄金期中大户型,上海中环品质两居，车位及空间极其拥挤,小区无地下车库且人车不分流，小孩在楼下玩耍或者推婴儿车极为不安全。,讲究超高得房率（超85%），主卧套房必须配备独立步入式衣帽间与干湿分离双卫。,主要在陆家嘴/徐家汇CBD上班，首选地铁2/9号线沿线，通勤半小时内。,倡导轻户外，周末常带家人自驾野营或山系徒步，注重生活情调与手作咖啡。,名下持有一套旧两居，置换回款 65% + 个人理财储蓄补充 + 公积金商业贷,非仁恒、绿城、万科等金牌开发商不买，极度看重高端精装质量与顶级物业的增值口碑。,常年本地稳定居住，工作日职住通勤动线规则单一。
上_2008_00956,上海,2008,长三角家庭,39,女,3.5,28.1,0.45,46.8,4,2,否,B,agent,0.75,0.6,0.6,0.59,0.5,0.63,0.43,0.81,0.55,自住-首套,两室两厅,87,3644,邮政局局长秘书,二胎黄金期中大户型,上海中环品质两居，车位及空间极其拥挤,小区无地下车库且人车不分流，小孩在楼下玩耍或者推婴儿车极为不安全。,核心要求地块属于第一梯队名校学区，且周边500米内解决幼小衔接教育配套。,主要在陆家嘴/徐家汇CBD上班，首选地铁2/9号线沿线，通勤半小时内。,倡导轻户外，周末常带家人自驾野营或山系徒步，注重生活情调与手作咖啡。,夫妻双方积蓄 + 双方父母出资赞助首付 + 公积金商业组合贷款,重性价比，不盲信大牌，但要求物业管理有序、绿化修剪及时、人防技防规范。,常年本地稳定居住，工作日职住通勤动线规则单一。
上_2008_00957,上海,2008,金融精英,39,女,5.2,54.3,0.4,101.9,3,2,否,A,research,1,0.36,0.73,0.56,0.8,0.9,0.69,0.76,0.76,自住-改善,一室一厅,98,8288,老牌证券公司营业部经理,二胎黄金期中大户型,西湖边高精平层,无高端私密会所及管家式物业配套，圈层鱼龙混杂，高净值居住体验差。,要求有超大面宽南向双阳台（观景家政分离），主卧大飘窗能270度直面自然景观。,主要在陆家嘴/徐家汇CBD上班，首选地铁2/9号线沿线，通勤半小时内。,周末常去高端商圈消费，热衷打网球和马术，重度手冲咖啡及黑胶唱片发烧友。,名下已有企业股权套现或分红现金，一次性全款付清，基本不加杠杆,非仁恒、绿城、万科等金牌开发商不买，极度看重高端精装质量与顶级物业的增值口碑。,常年本地稳定居住，工作日职住通勤动线规则单一。
上_2008_00958,上海,2008,本地改善,53,女,1.2,12.1,0.45,20.1,4,2,是,B,agent,0.6,0.45,0.59,0.56,0.62,0.85,0.57,0.88,0.67,自住-改善,两室一厅,100,1176,邮政局局长秘书,二胎黄金期中大户型,上海中环品质两居，车位及空间极其拥挤,小区无地下车库且人车不分流，小孩在楼下玩耍或者推婴儿车极为不安全。,讲究超高得房率（超85%），主卧套房必须配备独立步入式衣帽间与干湿分离双卫。,主要在陆家嘴/徐家汇CBD上班，首选地铁2/9号线沿线，通勤半小时内。,倡导轻户外，周末常带家人自驾野营或山系徒步，注重生活情调与手作咖啡。,名下持有一套旧两居，置换回款 65% + 个人理财储蓄补充 + 公积金商业贷,重性价比，不盲信大牌，但要求物业管理有序、绿化修剪及时、人防技防规范。,常年本地稳定居住，工作日职住通勤动线规则单一。
上_2008_00959,上海,2008,本地改善,47,男,4.0,29.9,0.45,49.8,5,2,是,B,agent,0.99,0.48,0.69,0.51,0.66,0.84,0.63,0.67,0.59,自住-改善,两室两厅,50,5336,邮政局局长秘书,二胎黄金期中大户型,上海中环品质两居，车位及空间极其拥挤,小区无地下车库且人车不分流，小孩在楼下玩耍或者推婴儿车极为不安全。,讲究超高得房率（超85%），主卧套房必须配备独立步入式衣帽间与干湿分离双卫。,主要在陆家嘴/徐家汇CBD上班，首选地铁2/9号线沿线，通勤半小时内。,倡导轻户外，周末常带家人自驾野营或山系徒步，注重生活情调与手作咖啡。,名下持有一套旧两居，置换回款 65% + 个人理财储蓄补充 + 公积金商业贷,重性价比，不盲信大牌，但要求物业管理有序、绿化修剪及时、人防技防规范。,常年本地稳定居住，工作日职住通勤动线规则单一。
上_2008_00960,上海,2008,本地改善,57,女,1.8,13.8,0.45,22.9,4,2,是,B,agent,0.5,0.61,0.48,0.41,0.5,0.68,0.43,0.57,0.5,自住-改善,两室一厅,51,2282,国企车间技术主任,二胎黄金期中大户型,上海中环品质两居，车位及空间极其拥挤,小区无地下车库且人车不分流，小孩在楼下玩耍或者推婴儿车极为不安全。,要求采光通透，全明户型，带多功能嵌入式收纳墙以最大化空间利用。,主要在陆家嘴/徐家汇CBD上班，首选地铁2/9号线沿线，通勤半小时内。,倡导轻户外，周末常带家人自驾野营或山系徒步，注重生活情调与手作咖啡。,名下持有一套旧两居，置换回款 65% + 个人理财储蓄补充 + 公积金商业贷,重性价比，不盲信大牌，但要求物业管理有序、绿化修剪及时、人防技防规范。,常年本地稳定居住，工作日职住通勤动线规则单一。
上_2008_00961,上海,2008,长三角家庭,51,男,3.3,26.9,0.45,44.8,4,2,是,B,agent,0.9,0.49,0.52,0.51,0.39,0.89,0.28,0.74,0.57,自住-首套,一室一厅,72,5462,国企车间技术主任,二胎黄金期中大户型,上海中环品质两居，车位及空间极其拥挤,小区无地下车库且人车不分流，小孩在楼下玩耍或者推婴儿车极为不安全。,讲究超高得房率（超85%），主卧套房必须配备独立步入式衣帽间与干湿分离双卫。,主要在陆家嘴/徐家汇CBD上班，首选地铁2/9号线沿线，通勤半小时内。,倡导轻户外，周末常带家人自驾野营或山系徒步，注重生活情调与手作咖啡。,夫妻双方积蓄 + 双方父母出资赞助首付 + 公积金商业组合贷款,重性价比，不盲信大牌，但要求物业管理有序、绿化修剪及时、人防技防规范。,常年本地稳定居住，工作日职住通勤动线规则单一。
上_2008_00962,上海,2008,金融精英,39,女,4.6,29.5,0.4,55.3,2,1,否,A,research,0.63,0.31,0.7,0.59,0.85,0.9,0.75,0.79,0.68,自住-改善,两室一厅,55,7460,申银万国证券分析员,三口之家(学龄段),陆家嘴核心区江景大平层,无高端私密会所及管家式物业配套，圈层鱼龙混杂，高净值居住体验差。,讲究超高得房率（超85%），主卧套房必须配备独立步入式衣帽间与干湿分离双卫。,主要在陆家嘴/徐家汇CBD上班，首选地铁2/9号线沿线，通勤半小时内。,周末常去高端商圈消费，热衷打网球和马术，重度手冲咖啡及黑胶唱片发烧友。,名下已有企业股权套现或分红现金，一次性全款付清，基本不加杠杆,重性价比，不盲信大牌，但要求物业管理有序、绿化修剪及时、人防技防规范。,常年本地稳定居住，工作日职住通勤动线规则单一。
上_2008_00963,上海,2008,金融精英,50,男,7.8,61.9,0.4,116.2,4,1,否,A,research,0.82,0.34,0.58,0.42,0.74,0.72,0.75,0.89,0.88,自住-改善,一室一厅,95,8072,申银万国证券分析员,三口之家(学龄段),市中心私密洋房住宅,无高端私密会所及管家式物业配套，圈层鱼龙混杂，高净值居住体验差。,讲究超高得房率（超85%），主卧套房必须配备独立步入式衣帽间与干湿分离双卫。,主要在陆家嘴/徐家汇CBD上班，首选地铁2/9号线沿线，通勤半小时内。,周末常去高端商圈消费，热衷打网球和马术，重度手冲咖啡及黑胶唱片发烧友。,名下已有企业股权套现或分红现金，一次性全款付清，基本不加杠杆,非仁恒、绿城、万科等金牌开发商不买，极度看重高端精装质量与顶级物业的增值口碑。,常年本地稳定居住，工作日职住通勤动线规则单一。
上_2008_00964,上海,2008,教育型买房,43,女,4.2,37.8,0.4,70.9,3,0,是,B,social,0.86,0.51,0.53,0.39,0.6,0.69,0.67,0.99,0.54,学区房,两室一厅,97,4345,邮政局局长秘书,成熟期核心家庭,上海中环品质两居，车位及空间极其拥挤,当前房屋属于旧多层无电梯房，父母年纪渐高每天爬楼梯极为吃力。,核心要求地块属于第一梯队名校学区，且周边500米内解决幼小衔接教育配套。,主要在陆家嘴/徐家汇CBD上班，首选地铁2/9号线沿线，通勤半小时内。,倡导轻户外，周末常带家人自驾野营或山系徒步，注重生活情调与手作咖啡。,名下持有一套旧两居，置换回款 65% + 个人理财储蓄补充 + 公积金商业贷,重性价比，不盲信大牌，但要求物业管理有序、绿化修剪及时、人防技防规范。,常年本地稳定居住，工作日职住通勤动线规则单一。
上_2008_00965,上海,2008,金融精英,37,女,4.2,32.6,0.4,61.1,3,1,否,A,research,0.57,0.51,0.64,0.53,0.87,0.72,0.71,0.98,0.72,自住-首套,两室两厅,97,3654,老牌证券公司营业部经理,三口之家(幼龄段),市中心私密洋房住宅,无高端私密会所及管家式物业配套，圈层鱼龙混杂，高净值居住体验差。,讲究超高得房率（超85%），主卧套房必须配备独立步入式衣帽间与干湿分离双卫。,主要在陆家嘴/徐家汇CBD上班，首选地铁2/9号线沿线，通勤半小时内。,周末常去高端商圈消费，热衷打网球和马术，重度手冲咖啡及黑胶唱片发烧友。,夫妻双方积蓄 + 双方父母出资赞助首付 + 公积金商业组合贷款,非仁恒、绿城、万科等金牌开发商不买，极度看重高端精装质量与顶级物业的增值口碑。,常年本地稳定居住，工作日职住通勤动线规则单一。
上_2008_00966,上海,2008,教育型买房,32,男,3.9,24.0,0.4,45.0,2,1,否,B,social,1,0.56,0.42,0.37,0.43,0.64,0.51,0.89,0.42,学区房,两室一厅,65,4738,国企车间技术主任,三口之家(幼龄段),上海中环品质两居，车位及空间极其拥挤,小区无地下车库且人车不分流，小孩在楼下玩耍或者推婴儿车极为不安全。,核心要求地块属于第一梯队名校学区，且周边500米内解决幼小衔接教育配套。,主要在陆家嘴/徐家汇CBD上班，首选地铁2/9号线沿线，通勤半小时内。,倡导轻户外，周末常带家人自驾野营或山系徒步，注重生活情调与手作咖啡。,名下持有一套旧两居，置换回款 65% + 个人理财储蓄补充 + 公积金商业贷,重性价比，不盲信大牌，但要求物业管理有序、绿化修剪及时、人防技防规范。,常年本地稳定居住，工作日职住通勤动线规则单一。
上_2008_00967,上海,2008,教育型买房,48,女,5.0,34.2,0.4,64.0,3,1,否,B,social,0.85,0.49,0.49,0.32,0.58,0.58,0.58,1.0,0.62,学区房,两室两厅,69,5456,市第二中学地理教师,三口之家(学龄段),上海中环品质两居，车位及空间极其拥挤,小区无地下车库且人车不分流，小孩在楼下玩耍或者推婴儿车极为不安全。,核心要求地块属于第一梯队名校学区，且周边500米内解决幼小衔接教育配套。,主要在陆家嘴/徐家汇CBD上班，首选地铁2/9号线沿线，通勤半小时内。,倡导轻户外，周末常带家人自驾野营或山系徒步，注重生活情调与手作咖啡。,名下持有一套旧两居，置换回款 65% + 个人理财储蓄补充 + 公积金商业贷,重性价比，不盲信大牌，但要求物业管理有序、绿化修剪及时、人防技防规范。,常年本地稳定居住，工作日职住通勤动线规则单一。
上_2008_00968,上海,2008,教育型买房,40,男,1.2,9.4,0.4,17.6,3,1,是,B,social,1,0.43,0.41,0.31,0.87,0.65,0.48,1,0.5,学区房,两室一厅,78,1798,邮政局局长秘书,三口之家(学龄段),上海中环品质两居，车位及空间极其拥挤,小区无地下车库且人车不分流，小孩在楼下玩耍或者推婴儿车极为不安全。,核心要求地块属于第一梯队名校学区，且周边500米内解决幼小衔接教育配套。,主要在陆家嘴/徐家汇CBD上班，首选地铁2/9号线沿线，通勤半小时内。,倡导轻户外，周末常带家人自驾野营或山系徒步，注重生活情调与手作咖啡。,名下持有一套旧两居，置换回款 65% + 个人理财储蓄补充 + 公积金商业贷,重性价比，不盲信大牌，但要求物业管理有序、绿化修剪及时、人防技防规范。,常年本地稳定居住，工作日职住通勤动线规则单一。
上_2008_00969,上海,2008,长三角家庭,49,女,2.4,16.7,0.45,27.8,4,2,否,B,agent,0.96,0.55,0.6,0.55,0.57,0.84,0.39,0.69,0.75,自住-首套,两室一厅,63,3342,区财政局科员,二胎黄金期中大户型,上海中环品质两居，车位及空间极其拥挤,小区无地下车库且人车不分流，小孩在楼下玩耍或者推婴儿车极为不安全。,讲究超高得房率（超85%），主卧套房必须配备独立步入式衣帽间与干湿分离双卫。,主要在陆家嘴/徐家汇CBD上班，首选地铁2/9号线沿线，通勤半小时内。,倡导轻户外，周末常带家人自驾野营或山系徒步，注重生活情调与手作咖啡。,夫妻双方积蓄 + 双方父母出资赞助首付 + 公积金商业组合贷款,非仁恒、绿城、万科等金牌开发商不买，极度看重高端精装质量与顶级物业的增值口碑。,常年本地稳定居住，工作日职住通勤动线规则单一。
上_2008_00970,上海,2008,金融精英,45,女,1.5,9.7,0.4,18.2,2,1,否,A,research,0.78,0.33,0.69,0.61,0.76,0.74,0.71,0.76,0.76,自住-首套,两室两厅,62,2063,老牌证券公司营业部经理,三口之家(学龄段),陆家嘴核心区江景大平层,无高端私密会所及管家式物业配套，圈层鱼龙混杂，高净值居住体验差。,讲究超高得房率（超85%），主卧套房必须配备独立步入式衣帽间与干湿分离双卫。,主要在陆家嘴/徐家汇CBD上班，首选地铁2/9号线沿线，通勤半小时内。,周末常去高端商圈消费，热衷打网球和马术，重度手冲咖啡及黑胶唱片发烧友。,夫妻双方积蓄 + 双方父母出资赞助首付 + 公积金商业组合贷款,非仁恒、绿城、万科等金牌开发商不买，极度看重高端精装质量与顶级物业的增值口碑。,常年本地稳定居住，工作日职住通勤动线规则单一。
上_2008_00971,上海,2008,本地改善,55,女,2.2,16.1,0.45,26.8,4,3,否,B,agent,0.94,0.42,0.58,0.52,0.57,0.79,0.59,0.68,0.59,自住-改善,两室两厅,72,3236,市第二中学地理教师,二胎黄金期中大户型,上海中环品质两居，车位及空间极其拥挤,小区无地下车库且人车不分流，小孩在楼下玩耍或者推婴儿车极为不安全。,讲究超高得房率（超85%），主卧套房必须配备独立步入式衣帽间与干湿分离双卫。,主要在陆家嘴/徐家汇CBD上班，首选地铁2/9号线沿线，通勤半小时内。,倡导轻户外，周末常带家人自驾野营或山系徒步，注重生活情调与手作咖啡。,名下持有一套旧两居，置换回款 65% + 个人理财储蓄补充 + 公积金商业贷,重性价比，不盲信大牌，但要求物业管理有序、绿化修剪及时、人防技防规范。,常年本地稳定居住，工作日职住通勤动线规则单一。
上_2008_00972,上海,2008,金融精英,45,女,6.3,37.0,0.4,69.3,4,0,否,A,research,0.54,0.45,0.63,0.69,0.89,0.6,0.62,0.61,0.97,自住-改善,两室两厅,96,4921,商业银行支行信贷科长,成熟期核心家庭,陆家嘴核心区江景大平层,无高端私密会所及管家式物业配套，圈层鱼龙混杂，高净值居住体验差。,要求采光通透，全明户型，带多功能嵌入式收纳墙以最大化空间利用。,主要在陆家嘴/徐家汇CBD上班，首选地铁2/9号线沿线，通勤半小时内。,周末常去高端商圈消费，热衷打网球和马术，重度手冲咖啡及黑胶唱片发烧友。,名下已有企业股权套现或分红现金，一次性全款付清，基本不加杠杆,非仁恒、绿城、万科等金牌开发商不买，极度看重高端精装质量与顶级物业的增值口碑。,常年本地稳定居住，工作日职住通勤动线规则单一。
上_2008_00973,上海,2008,金融精英,47,男,1.9,10.6,0.4,20.0,3,1,是,A,research,0.86,0.49,0.51,0.65,0.77,0.69,0.62,0.87,0.84,自住-改善,一室一厅,78,1874,申银万国证券分析员,三口之家(学龄段),西湖边高精平层,当前房屋属于旧多层无电梯房，父母年纪渐高每天爬楼梯极为吃力。,核心要求地块属于第一梯队名校学区，且周边500米内解决幼小衔接教育配套。,主要在陆家嘴/徐家汇CBD上班，首选地铁2/9号线沿线，通勤半小时内。,周末常去高端商圈消费，热衷打网球和马术，重度手冲咖啡及黑胶唱片发烧友。,名下已有企业股权套现或分红现金，一次性全款付清，基本不加杠杆,非仁恒、绿城、万科等金牌开发商不买，极度看重高端精装质量与顶级物业的增值口碑。,常年本地稳定居住，工作日职住通勤动线规则单一。
上_2008_00974,上海,2008,本地改善,49,女,2.5,24.7,0.45,41.2,4,2,否,B,agent,0.97,0.52,0.68,0.5,0.65,0.8,0.45,0.61,0.6,自住-改善,两室一厅,64,3843,区财政局科员,二胎黄金期中大户型,上海中环品质两居，车位及空间极其拥挤,小区无地下车库且人车不分流，小孩在楼下玩耍或者推婴儿车极为不安全。,讲究超高得房率（超85%），主卧套房必须配备独立步入式衣帽间与干湿分离双卫。,主要在陆家嘴/徐家汇CBD上班，首选地铁2/9号线沿线，通勤半小时内。,倡导轻户外，周末常带家人自驾野营或山系徒步，注重生活情调与手作咖啡。,名下持有一套旧两居，置换回款 65% + 个人理财储蓄补充 + 公积金商业贷,重性价比，不盲信大牌，但要求物业管理有序、绿化修剪及时、人防技防规范。,常年本地稳定居住，工作日职住通勤动线规则单一。
上_2008_00975,上海,2008,教育型买房,34,男,2.7,26.7,0.4,50.1,4,1,是,B,social,1,0.52,0.46,0.27,0.55,0.8,0.6,0.98,0.51,学区房,两室一厅,73,4116,市第二中学地理教师,三口之家(幼龄段),上海中环品质两居，车位及空间极其拥挤,小区无地下车库且人车不分流，小孩在楼下玩耍或者推婴儿车极为不安全。,讲究超高得房率（超85%），主卧套房必须配备独立步入式衣帽间与干湿分离双卫。,主要在陆家嘴/徐家汇CBD上班，首选地铁2/9号线沿线，通勤半小时内。,倡导轻户外，周末常带家人自驾野营或山系徒步，注重生活情调与手作咖啡。,名下持有一套旧两居，置换回款 65% + 个人理财储蓄补充 + 公积金商业贷,重性价比，不盲信大牌，但要求物业管理有序、绿化修剪及时、人防技防规范。,常年本地稳定居住，工作日职住通勤动线规则单一。
上_2008_00976,上海,2008,长三角家庭,42,男,2.4,13.4,0.45,22.3,2,1,否,B,agent,1,0.52,0.57,0.59,0.52,0.69,0.55,0.69,0.75,自住-首套,两室一厅,71,1998,区财政局科员,三口之家(学龄段),上海中环品质两居，车位及空间极其拥挤,小区无地下车库且人车不分流，小孩在楼下玩耍或者推婴儿车极为不安全。,要求采光通透，全明户型，带多功能嵌入式收纳墙以最大化空间利用。,主要在陆家嘴/徐家汇CBD上班，首选地铁2/9号线沿线，通勤半小时内。,倡导轻户外，周末常带家人自驾野营或山系徒步，注重生活情调与手作咖啡。,夫妻双方积蓄 + 双方父母出资赞助首付 + 公积金商业组合贷款,非仁恒、绿城、万科等金牌开发商不买，极度看重高端精装质量与顶级物业的增值口碑。,常年本地稳定居住，工作日职住通勤动线规则单一。
上_2008_00977,上海,2008,长三角家庭,53,女,2.1,12.4,0.45,20.6,4,2,是,B,agent,0.62,0.51,0.59,0.62,0.48,0.73,0.41,0.7,0.52,自住-首套,一室一厅,62,2155,市第二中学地理教师,二胎黄金期中大户型,上海中环品质两居，车位及空间极其拥挤,小区无地下车库且人车不分流，小孩在楼下玩耍或者推婴儿车极为不安全。,讲究超高得房率（超85%），主卧套房必须配备独立步入式衣帽间与干湿分离双卫。,主要在陆家嘴/徐家汇CBD上班，首选地铁2/9号线沿线，通勤半小时内。,倡导轻户外，周末常带家人自驾野营或山系徒步，注重生活情调与手作咖啡。,夫妻双方积蓄 + 双方父母出资赞助首付 + 公积金商业组合贷款,重性价比，不盲信大牌，但要求物业管理有序、绿化修剪及时、人防技防规范。,常年本地稳定居住，工作日职住通勤动线规则单一。
上_2008_00978,上海,2008,本地改善,55,女,2.6,18.5,0.45,30.9,4,2,是,B,agent,0.88,0.48,0.47,0.53,0.67,0.83,0.6,0.73,0.42,自住-改善,两室一厅,76,3263,市第二中学地理教师,二胎黄金期中大户型,上海中环品质两居，车位及空间极其拥挤,小区无地下车库且人车不分流，小孩在楼下玩耍或者推婴儿车极为不安全。,讲究超高得房率（超85%），主卧套房必须配备独立步入式衣帽间与干湿分离双卫。,主要在陆家嘴/徐家汇CBD上班，首选地铁2/9号线沿线，通勤半小时内。,倡导轻户外，周末常带家人自驾野营或山系徒步，注重生活情调与手作咖啡。,名下持有一套旧两居，置换回款 65% + 个人理财储蓄补充 + 公积金商业贷,重性价比，不盲信大牌，但要求物业管理有序、绿化修剪及时、人防技防规范。,常年本地稳定居住，工作日职住通勤动线规则单一。
上_2008_00979,上海,2008,金融精英,34,男,2.0,20.4,0.4,38.3,3,2,否,A,research,0.6,0.47,0.45,0.64,0.78,0.78,0.57,0.97,0.82,婚房,一室一厅,87,2332,商业银行支行信贷科长,二胎黄金期中大户型,市中心私密洋房住宅,无高端私密会所及管家式物业配套，圈层鱼龙混杂，高净值居住体验差。,讲究超高得房率（超85%），主卧套房必须配备独立步入式衣帽间与干湿分离双卫。,主要在陆家嘴/徐家汇CBD上班，首选地铁2/9号线沿线，通勤半小时内。,周末常去高端商圈消费，热衷打网球和马术，重度手冲咖啡及黑胶唱片发烧友。,夫妻双方积蓄 + 双方父母出资赞助首付 + 公积金商业组合贷款,非仁恒、绿城、万科等金牌开发商不买，极度看重高端精装质量与顶级物业的增值口碑。,常年本地稳定居住，工作日职住通勤动线规则单一。
上_2008_00980,上海,2008,本地改善,51,男,3.7,38.3,0.45,63.8,5,2,否,B,agent,0.78,0.61,0.5,0.44,0.7,0.77,0.67,0.75,0.55,自住-改善,两室一厅,78,5536,邮政局局长秘书,二胎黄金期中大户型,上海中环品质两居，车位及空间极其拥挤,小区无地下车库且人车不分流，小孩在楼下玩耍或者推婴儿车极为不安全。,讲究超高得房率（超85%），主卧套房必须配备独立步入式衣帽间与干湿分离双卫。,主要在陆家嘴/徐家汇CBD上班，首选地铁2/9号线沿线，通勤半小时内。,倡导轻户外，周末常带家人自驾野营或山系徒步，注重生活情调与手作咖啡。,名下持有一套旧两居，置换回款 65% + 个人理财储蓄补充 + 公积金商业贷,重性价比，不盲信大牌，但要求物业管理有序、绿化修剪及时、人防技防规范。,常年本地稳定居住，工作日职住通勤动线规则单一。
上_2008_00981,上海,2008,本地改善,57,男,2.9,34.1,0.45,56.9,4,1,否,B,agent,0.73,0.61,0.51,0.38,0.57,1,0.45,0.66,0.62,自住-改善,一室一厅,57,6611,邮政局局长秘书,三口之家(学龄段),上海中环品质两居，车位及空间极其拥挤,小区无地下车库且人车不分流，小孩在楼下玩耍或者推婴儿车极为不安全。,讲究超高得房率（超85%），主卧套房必须配备独立步入式衣帽间与干湿分离双卫。,主要在陆家嘴/徐家汇CBD上班，首选地铁2/9号线沿线，通勤半小时内。,倡导轻户外，周末常带家人自驾野营或山系徒步，注重生活情调与手作咖啡。,名下持有一套旧两居，置换回款 65% + 个人理财储蓄补充 + 公积金商业贷,重性价比，不盲信大牌，但要求物业管理有序、绿化修剪及时、人防技防规范。,常年本地稳定居住，工作日职住通勤动线规则单一。
上_2008_00982,上海,2008,外籍海归,38,女,5.2,37.7,0.4,70.7,1,1,是,A,social,0.64,0.3,0.57,0.69,0.84,0.65,0.68,0.81,0.73,自住-首套,两室两厅,99,5362,外企驻沪办事处代表,三口之家(学龄段),市中心私密洋房住宅,当前房屋属于旧多层无电梯房，父母年纪渐高每天爬楼梯极为吃力。,核心要求地块属于第一梯队名校学区，且周边500米内解决幼小衔接教育配套。,主要在陆家嘴/徐家汇CBD上班，首选地铁2/9号线沿线，通勤半小时内。,周末常去高端商圈消费，热衷打网球和马术，重度手冲咖啡及黑胶唱片发烧友。,夫妻双方积蓄 + 双方父母出资赞助首付 + 公积金商业组合贷款,非仁恒、绿城、万科等金牌开发商不买，极度看重高端精装质量与顶级物业的增值口碑。,常年本地稳定居住，工作日职住通勤动线规则单一。
上_2008_00983,上海,2008,金融精英,35,男,2.6,20.7,0.4,38.8,3,1,否,A,research,0.91,0.48,0.63,0.71,0.66,0.78,0.66,0.78,0.89,自住-首套,一室一厅,73,2893,老牌证券公司营业部经理,三口之家(幼龄段),市中心私密洋房住宅,无高端私密会所及管家式物业配套，圈层鱼龙混杂，高净值居住体验差。,要求独立电梯入户，主次卧动线分明，配备独立保姆房和私密后院。,主要在陆家嘴/徐家汇CBD上班，首选地铁2/9号线沿线，通勤半小时内。,周末常去高端商圈消费，热衷打网球和马术，重度手冲咖啡及黑胶唱片发烧友。,夫妻双方积蓄 + 双方父母出资赞助首付 + 公积金商业组合贷款,非仁恒、绿城、万科等金牌开发商不买，极度看重高端精装质量与顶级物业的增值口碑。,常年本地稳定居住，工作日职住通勤动线规则单一。
上_2008_00984,上海,2008,教育型买房,33,男,2.9,18.7,0.4,35.0,3,1,是,B,social,1,0.33,0.33,0.37,0.48,0.78,0.56,0.94,0.51,学区房,一室一厅,87,3370,市第二中学地理教师,三口之家(幼龄段),上海中环品质两居，车位及空间极其拥挤,小区无地下车库且人车不分流，小孩在楼下玩耍或者推婴儿车极为不安全。,讲究超高得房率（超85%），主卧套房必须配备独立步入式衣帽间与干湿分离双卫。,主要在陆家嘴/徐家汇CBD上班，首选地铁2/9号线沿线，通勤半小时内。,倡导轻户外，周末常带家人自驾野营或山系徒步，注重生活情调与手作咖啡。,名下持有一套旧两居，置换回款 65% + 个人理财储蓄补充 + 公积金商业贷,重性价比，不盲信大牌，但要求物业管理有序、绿化修剪及时、人防技防规范。,常年本地稳定居住，工作日职住通勤动线规则单一。
上_2008_00985,上海,2008,长三角家庭,39,女,1.3,11.3,0.45,18.9,3,3,否,B,agent,0.74,0.59,0.53,0.49,0.65,0.6,0.41,0.58,0.56,自住-首套,两室两厅,76,1723,市第二中学地理教师,二胎黄金期中大户型,上海中环品质两居，车位及空间极其拥挤,小区无地下车库且人车不分流，小孩在楼下玩耍或者推婴儿车极为不安全。,要求采光通透，全明户型，带多功能嵌入式收纳墙以最大化空间利用。,主要在陆家嘴/徐家汇CBD上班，首选地铁2/9号线沿线，通勤半小时内。,倡导轻户外，周末常带家人自驾野营或山系徒步，注重生活情调与手作咖啡。,夫妻双方积蓄 + 双方父母出资赞助首付 + 公积金商业组合贷款,重性价比，不盲信大牌，但要求物业管理有序、绿化修剪及时、人防技防规范。,常年本地稳定居住，工作日职住通勤动线规则单一。
上_2008_00986,上海,2008,金融精英,47,女,8.2,73.8,0.4,138.4,4,2,否,A,research,0.83,0.37,0.74,0.67,0.85,0.78,0.66,0.8,0.82,自住-首套,两室一厅,50,20319,老牌证券公司营业部经理,二胎黄金期中大户型,西湖边高精平层,无高端私密会所及管家式物业配套，圈层鱼龙混杂，高净值居住体验差。,要求有超大面宽南向双阳台（观景家政分离），主卧大飘窗能270度直面自然景观。,主要在陆家嘴/徐家汇CBD上班，首选地铁2/9号线沿线，通勤半小时内。,周末常去高端商圈消费，热衷打网球和马术，重度手冲咖啡及黑胶唱片发烧友。,夫妻双方积蓄 + 双方父母出资赞助首付 + 公积金商业组合贷款,非仁恒、绿城、万科等金牌开发商不买，极度看重高端精装质量与顶级物业的增值口碑。,常年本地稳定居住，工作日职住通勤动线规则单一。
上_2008_00987,上海,2008,教育型买房,40,女,2.9,20.0,0.4,37.5,3,1,否,B,social,1,0.61,0.23,0.44,0.7,0.72,0.59,1,0.62,学区房,一室一厅,59,3304,区财政局科员,三口之家(学龄段),上海中环品质两居，车位及空间极其拥挤,小区无地下车库且人车不分流，小孩在楼下玩耍或者推婴儿车极为不安全。,讲究超高得房率（超85%），主卧套房必须配备独立步入式衣帽间与干湿分离双卫。,主要在陆家嘴/徐家汇CBD上班，首选地铁2/9号线沿线，通勤半小时内。,倡导轻户外，周末常带家人自驾野营或山系徒步，注重生活情调与手作咖啡。,名下持有一套旧两居，置换回款 65% + 个人理财储蓄补充 + 公积金商业贷,重性价比，不盲信大牌，但要求物业管理有序、绿化修剪及时、人防技防规范。,常年本地稳定居住，工作日职住通勤动线规则单一。
上_2008_00988,上海,2008,本地改善,51,女,3.6,44.8,0.45,74.7,4,2,是,B,agent,0.66,0.5,0.66,0.45,0.58,0.74,0.61,0.72,0.48,自住-改善,一室一厅,52,8082,市第二中学地理教师,二胎黄金期中大户型,上海中环品质两居，车位及空间极其拥挤,小区无地下车库且人车不分流，小孩在楼下玩耍或者推婴儿车极为不安全。,讲究超高得房率（超85%），主卧套房必须配备独立步入式衣帽间与干湿分离双卫。,主要在陆家嘴/徐家汇CBD上班，首选地铁2/9号线沿线，通勤半小时内。,倡导轻户外，周末常带家人自驾野营或山系徒步，注重生活情调与手作咖啡。,名下持有一套旧两居，置换回款 65% + 个人理财储蓄补充 + 公积金商业贷,重性价比，不盲信大牌，但要求物业管理有序、绿化修剪及时、人防技防规范。,常年本地稳定居住，工作日职住通勤动线规则单一。
上_2008_00989,上海,2008,本地改善,49,女,2.4,26.0,0.45,43.4,4,2,否,B,agent,0.88,0.38,0.67,0.69,0.68,0.74,0.59,0.58,0.78,自住-改善,两室两厅,88,3147,区财政局科员,二胎黄金期中大户型,上海中环品质两居，车位及空间极其拥挤,小区无地下车库且人车不分流，小孩在楼下玩耍或者推婴儿车极为不安全。,讲究超高得房率（超85%），主卧套房必须配备独立步入式衣帽间与干湿分离双卫。,主要在陆家嘴/徐家汇CBD上班，首选地铁2/9号线沿线，通勤半小时内。,倡导轻户外，周末常带家人自驾野营或山系徒步，注重生活情调与手作咖啡。,名下持有一套旧两居，置换回款 65% + 个人理财储蓄补充 + 公积金商业贷,非仁恒、绿城、万科等金牌开发商不买，极度看重高端精装质量与顶级物业的增值口碑。,常年本地稳定居住，工作日职住通勤动线规则单一。
上_2008_00990,上海,2008,本地改善,38,女,0.7,5.5,0.45,9.1,4,2,否,B,agent,1,0.48,0.55,0.6,0.63,0.8,0.69,0.8,0.63,自住-改善,两室两厅,87,538,国企车间技术主任,二胎黄金期中大户型,上海中环品质两居，车位及空间极其拥挤,小区无地下车库且人车不分流，小孩在楼下玩耍或者推婴儿车极为不安全。,讲究超高得房率（超85%），主卧套房必须配备独立步入式衣帽间与干湿分离双卫。,主要在陆家嘴/徐家汇CBD上班，首选地铁2/9号线沿线，通勤半小时内。,倡导轻户外，周末常带家人自驾野营或山系徒步，注重生活情调与手作咖啡。,名下持有一套旧两居，置换回款 65% + 个人理财储蓄补充 + 公积金商业贷,重性价比，不盲信大牌，但要求物业管理有序、绿化修剪及时、人防技防规范。,常年本地稳定居住，工作日职住通勤动线规则单一。
上_2008_00991,上海,2008,金融精英,44,男,4.0,27.1,0.4,50.8,3,1,否,A,research,1.0,0.34,0.63,0.57,0.81,0.77,0.82,0.8,0.92,自住-首套,两室一厅,84,4977,老牌证券公司营业部经理,三口之家(学龄段),市中心私密洋房住宅,无高端私密会所及管家式物业配套，圈层鱼龙混杂，高净值居住体验差。,讲究超高得房率（超85%），主卧套房必须配备独立步入式衣帽间与干湿分离双卫。,主要在陆家嘴/徐家汇CBD上班，首选地铁2/9号线沿线，通勤半小时内。,周末常去高端商圈消费，热衷打网球和马术，重度手冲咖啡及黑胶唱片发烧友。,夫妻双方积蓄 + 双方父母出资赞助首付 + 公积金商业组合贷款,非仁恒、绿城、万科等金牌开发商不买，极度看重高端精装质量与顶级物业的增值口碑。,常年本地稳定居住，工作日职住通勤动线规则单一。
上_2008_00992,上海,2008,本地改善,45,女,3.5,37.5,0.45,62.6,4,1,否,B,agent,0.65,0.36,0.49,0.59,0.59,0.89,0.64,0.72,0.69,自住-改善,两室两厅,76,4863,市第二中学地理教师,三口之家(学龄段),上海中环品质两居，车位及空间极其拥挤,小区无地下车库且人车不分流，小孩在楼下玩耍或者推婴儿车极为不安全。,讲究超高得房率（超85%），主卧套房必须配备独立步入式衣帽间与干湿分离双卫。,主要在陆家嘴/徐家汇CBD上班，首选地铁2/9号线沿线，通勤半小时内。,倡导轻户外，周末常带家人自驾野营或山系徒步，注重生活情调与手作咖啡。,名下持有一套旧两居，置换回款 65% + 个人理财储蓄补充 + 公积金商业贷,重性价比，不盲信大牌，但要求物业管理有序、绿化修剪及时、人防技防规范。,常年本地稳定居住，工作日职住通勤动线规则单一。
上_2008_00993,上海,2008,本地改善,49,男,2.1,22.2,0.45,37.0,4,2,否,B,agent,0.55,0.32,0.35,0.46,0.5,0.9,0.69,0.76,0.75,自住-改善,两室一厅,84,2461,邮政局局长秘书,二胎黄金期中大户型,上海中环品质两居，车位及空间极其拥挤,小区无地下车库且人车不分流，小孩在楼下玩耍或者推婴儿车极为不安全。,讲究超高得房率（超85%），主卧套房必须配备独立步入式衣帽间与干湿分离双卫。,主要在陆家嘴/徐家汇CBD上班，首选地铁2/9号线沿线，通勤半小时内。,倡导轻户外，周末常带家人自驾野营或山系徒步，注重生活情调与手作咖啡。,名下持有一套旧两居，置换回款 65% + 个人理财储蓄补充 + 公积金商业贷,非仁恒、绿城、万科等金牌开发商不买，极度看重高端精装质量与顶级物业的增值口碑。,常年本地稳定居住，工作日职住通勤动线规则单一。
上_2008_00994,上海,2008,教育型买房,46,男,4.4,40.4,0.4,75.8,3,1,是,B,social,1,0.51,0.36,0.49,0.61,0.66,0.61,0.98,0.68,学区房,两室一厅,72,7932,邮政局局长秘书,三口之家(学龄段),上海中环品质两居，车位及空间极其拥挤,小区无地下车库且人车不分流，小孩在楼下玩耍或者推婴儿车极为不安全。,核心要求地块属于第一梯队名校学区，且周边500米内解决幼小衔接教育配套。,主要在陆家嘴/徐家汇CBD上班，首选地铁2/9号线沿线，通勤半小时内。,倡导轻户外，周末常带家人自驾野营或山系徒步，注重生活情调与手作咖啡。,名下持有一套旧两居，置换回款 65% + 个人理财储蓄补充 + 公积金商业贷,重性价比，不盲信大牌，但要求物业管理有序、绿化修剪及时、人防技防规范。,常年本地稳定居住，工作日职住通勤动线规则单一。
上_2008_00995,上海,2008,本地改善,58,女,1.8,15.1,0.45,25.2,3,3,否,B,agent,1,0.63,0.44,0.42,0.57,0.79,0.68,0.51,0.55,自住-改善,两室一厅,86,2292,国企车间技术主任,二胎黄金期中大户型,上海中环品质两居，车位及空间极其拥挤,小区无地下车库且人车不分流，小孩在楼下玩耍或者推婴儿车极为不安全。,讲究超高得房率（超85%），主卧套房必须配备独立步入式衣帽间与干湿分离双卫。,主要在陆家嘴/徐家汇CBD上班，首选地铁2/9号线沿线，通勤半小时内。,倡导轻户外，周末常带家人自驾野营或山系徒步，注重生活情调与手作咖啡。,名下持有一套旧两居，置换回款 65% + 个人理财储蓄补充 + 公积金商业贷,重性价比，不盲信大牌，但要求物业管理有序、绿化修剪及时、人防技防规范。,常年本地稳定居住，工作日职住通勤动线规则单一。
上_2008_00996,上海,2008,金融精英,44,男,5.4,47.5,0.4,89.1,2,1,否,A,research,0.76,0.37,0.55,0.51,0.64,0.66,0.68,0.81,0.89,自住-改善,两室两厅,91,8367,老牌证券公司营业部经理,三口之家(学龄段),西湖边高精平层,无高端私密会所及管家式物业配套，圈层鱼龙混杂，高净值居住体验差。,核心要求地块属于第一梯队名校学区，且周边500米内解决幼小衔接教育配套。,主要在陆家嘴/徐家汇CBD上班，首选地铁2/9号线沿线，通勤半小时内。,周末常去高端商圈消费，热衷打网球和马术，重度手冲咖啡及黑胶唱片发烧友。,名下已有企业股权套现或分红现金，一次性全款付清，基本不加杠杆,非仁恒、绿城、万科等金牌开发商不买，极度看重高端精装质量与顶级物业的增值口碑。,常年本地稳定居住，工作日职住通勤动线规则单一。
上_2008_00997,上海,2008,本地改善,45,男,1.9,21.9,0.45,36.5,4,3,否,B,agent,0.74,0.36,0.48,0.44,0.64,0.88,0.64,0.69,0.51,自住-改善,一室一厅,61,3440,市第二中学地理教师,二胎黄金期中大户型,上海中环品质两居，车位及空间极其拥挤,小区无地下车库且人车不分流，小孩在楼下玩耍或者推婴儿车极为不安全。,讲究超高得房率（超85%），主卧套房必须配备独立步入式衣帽间与干湿分离双卫。,主要在陆家嘴/徐家汇CBD上班，首选地铁2/9号线沿线，通勤半小时内。,倡导轻户外，周末常带家人自驾野营或山系徒步，注重生活情调与手作咖啡。,名下持有一套旧两居，置换回款 65% + 个人理财储蓄补充 + 公积金商业贷,重性价比，不盲信大牌，但要求物业管理有序、绿化修剪及时、人防技防规范。,常年本地稳定居住，工作日职住通勤动线规则单一。
上_2008_00998,上海,2008,长三角家庭,38,女,3.0,23.4,0.45,39.0,5,2,是,B,agent,1,0.54,0.58,0.36,0.37,0.82,0.39,0.62,0.7,自住-改善,一室一厅,100,2629,区财政局科员,二胎黄金期中大户型,上海中环品质两居，车位及空间极其拥挤,小区无地下车库且人车不分流，小孩在楼下玩耍或者推婴儿车极为不安全。,讲究超高得房率（超85%），主卧套房必须配备独立步入式衣帽间与干湿分离双卫。,主要在陆家嘴/徐家汇CBD上班，首选地铁2/9号线沿线，通勤半小时内。,倡导轻户外，周末常带家人自驾野营或山系徒步，注重生活情调与手作咖啡。,名下持有一套旧两居，置换回款 65% + 个人理财储蓄补充 + 公积金商业贷,非仁恒、绿城、万科等金牌开发商不买，极度看重高端精装质量与顶级物业的增值口碑。,常年本地稳定居住，工作日职住通勤动线规则单一。
上_2008_00999,上海,2008,教育型买房,42,男,0.9,8.0,0.4,15.0,4,1,是,B,social,0.76,0.47,0.45,0.54,0.66,0.76,0.59,0.91,0.52,学区房,一室一厅,96,863,市第二中学地理教师,三口之家(学龄段),上海中环品质两居，车位及空间极其拥挤,小区无地下车库且人车不分流，小孩在楼下玩耍或者推婴儿车极为不安全。,讲究超高得房率（超85%），主卧套房必须配备独立步入式衣帽间与干湿分离双卫。,主要在陆家嘴/徐家汇CBD上班，首选地铁2/9号线沿线，通勤半小时内。,倡导轻户外，周末常带家人自驾野营或山系徒步，注重生活情调与手作咖啡。,名下持有一套旧两居，置换回款 65% + 个人理财储蓄补充 + 公积金商业贷,重性价比，不盲信大牌，但要求物业管理有序、绿化修剪及时、人防技防规范。,常年本地稳定居住，工作日职住通勤动线规则单一。
上_2008_01000,上海,2008,本地改善,46,女,1.5,13.1,0.45,21.8,3,2,是,B,agent,1,0.56,0.63,0.51,0.55,0.95,0.57,0.7,0.47,自住-改善,两室一厅,78,2156,邮政局局长秘书,二胎黄金期中大户型,上海中环品质两居，车位及空间极其拥挤,小区无地下车库且人车不分流，小孩在楼下玩耍或者推婴儿车极为不安全。,讲究超高得房率（超85%），主卧套房必须配备独立步入式衣帽间与干湿分离双卫。,主要在陆家嘴/徐家汇CBD上班，首选地铁2/9号线沿线，通勤半小时内。,倡导轻户外，周末常带家人自驾野营或山系徒步，注重生活情调与手作咖啡。,名下持有一套旧两居，置换回款 65% + 个人理财储蓄补充 + 公积金商业贷,重性价比，不盲信大牌，但要求物业管理有序、绿化修剪及时、人防技防规范。,常年本地稳定居住，工作日职住通勤动线规则单一。
上_2008_01001,上海,2008,本地改善,53,女,2.8,31.5,0.45,52.5,3,2,是,B,agent,0.71,0.5,0.51,0.35,0.45,0.9,0.63,0.67,0.66,自住-改善,一室一厅,73,4354,市第二中学地理教师,二胎黄金期中大户型,上海中环品质两居，车位及空间极其拥挤,小区无地下车库且人车不分流，小孩在楼下玩耍或者推婴儿车极为不安全。,讲究超高得房率（超85%），主卧套房必须配备独立步入式衣帽间与干湿分离双卫。,主要在陆家嘴/徐家汇CBD上班，首选地铁2/9号线沿线，通勤半小时内。,倡导轻户外，周末常带家人自驾野营或山系徒步，注重生活情调与手作咖啡。,名下持有一套旧两居，置换回款 65% + 个人理财储蓄补充 + 公积金商业贷,重性价比，不盲信大牌，但要求物业管理有序、绿化修剪及时、人防技防规范。,常年本地稳定居住，工作日职住通勤动线规则单一。
上_2008_01002,上海,2008,长三角家庭,46,男,2.0,11.6,0.45,19.3,4,1,是,B,agent,0.77,0.6,0.59,0.4,0.55,0.78,0.25,0.8,0.75,自住-改善,两室两厅,55,2150,市第二中学地理教师,三口之家(学龄段),上海中环品质两居，车位及空间极其拥挤,小区无地下车库且人车不分流，小孩在楼下玩耍或者推婴儿车极为不安全。,讲究超高得房率（超85%），主卧套房必须配备独立步入式衣帽间与干湿分离双卫。,主要在陆家嘴/徐家汇CBD上班，首选地铁2/9号线沿线，通勤半小时内。,倡导轻户外，周末常带家人自驾野营或山系徒步，注重生活情调与手作咖啡。,名下持有一套旧两居，置换回款 65% + 个人理财储蓄补充 + 公积金商业贷,非仁恒、绿城、万科等金牌开发商不买，极度看重高端精装质量与顶级物业的增值口碑。,常年本地稳定居住，工作日职住通勤动线规则单一。
上_2008_01003,上海,2008,外籍海归,32,男,6.3,46.4,0.4,87.0,4,1,否,A,social,0.77,0.66,0.64,0.51,0.8,0.74,0.71,0.83,0.74,自住-首套,一室一厅,58,13076,外企驻沪办事处代表,三口之家(幼龄段),市中心私密洋房住宅,无高端私密会所及管家式物业配套，圈层鱼龙混杂，高净值居住体验差。,讲究超高得房率（超85%），主卧套房必须配备独立步入式衣帽间与干湿分离双卫。,主要在陆家嘴/徐家汇CBD上班，首选地铁2/9号线沿线，通勤半小时内。,周末常去高端商圈消费，热衷打网球和马术，重度手冲咖啡及黑胶唱片发烧友。,夫妻双方积蓄 + 双方父母出资赞助首付 + 公积金商业组合贷款,非仁恒、绿城、万科等金牌开发商不买，极度看重高端精装质量与顶级物业的增值口碑。,常年本地稳定居住，工作日职住通勤动线规则单一。
上_2008_01004,上海,2008,本地改善,45,男,4.4,42.5,0.45,70.8,4,2,否,B,agent,0.8,0.54,0.5,0.68,0.59,0.88,0.67,0.7,0.55,自住-改善,一室一厅,100,5386,区财政局科员,二胎黄金期中大户型,上海中环品质两居，车位及空间极其拥挤,小区无地下车库且人车不分流，小孩在楼下玩耍或者推婴儿车极为不安全。,讲究超高得房率（超85%），主卧套房必须配备独立步入式衣帽间与干湿分离双卫。,主要在陆家嘴/徐家汇CBD上班，首选地铁2/9号线沿线，通勤半小时内。,倡导轻户外，周末常带家人自驾野营或山系徒步，注重生活情调与手作咖啡。,名下持有一套旧两居，置换回款 65% + 个人理财储蓄补充 + 公积金商业贷,重性价比，不盲信大牌，但要求物业管理有序、绿化修剪及时、人防技防规范。,常年本地稳定居住，工作日职住通勤动线规则单一。
上_2008_01005,上海,2008,金融精英,47,女,6.3,54.4,0.4,102.0,3,1,是,A,research,0.84,0.53,0.54,0.53,0.76,0.58,0.69,0.88,0.8,自住-改善,两室两厅,64,11686,申银万国证券分析员,三口之家(学龄段),市中心私密洋房住宅,当前房屋属于旧多层无电梯房，父母年纪渐高每天爬楼梯极为吃力。,核心要求地块属于第一梯队名校学区，且周边500米内解决幼小衔接教育配套。,主要在陆家嘴/徐家汇CBD上班，首选地铁2/9号线沿线，通勤半小时内。,周末常去高端商圈消费，热衷打网球和马术，重度手冲咖啡及黑胶唱片发烧友。,名下已有企业股权套现或分红现金，一次性全款付清，基本不加杠杆,非仁恒、绿城、万科等金牌开发商不买，极度看重高端精装质量与顶级物业的增值口碑。,常年本地稳定居住，工作日职住通勤动线规则单一。
上_2008_01006,上海,2008,本地改善,58,男,1.8,23.2,0.45,38.6,3,2,否,B,agent,0.57,0.56,0.57,0.49,0.56,0.94,0.66,0.69,0.59,自住-改善,一室一厅,67,5016,邮政局局长秘书,二胎黄金期中大户型,上海中环品质两居，车位及空间极其拥挤,小区无地下车库且人车不分流，小孩在楼下玩耍或者推婴儿车极为不安全。,讲究超高得房率（超85%），主卧套房必须配备独立步入式衣帽间与干湿分离双卫。,主要在陆家嘴/徐家汇CBD上班，首选地铁2/9号线沿线，通勤半小时内。,倡导轻户外，周末常带家人自驾野营或山系徒步，注重生活情调与手作咖啡。,名下持有一套旧两居，置换回款 65% + 个人理财储蓄补充 + 公积金商业贷,重性价比，不盲信大牌，但要求物业管理有序、绿化修剪及时、人防技防规范。,常年本地稳定居住，工作日职住通勤动线规则单一。
上_2008_01007,上海,2008,本地改善,45,女,1.2,11.9,0.45,19.8,4,2,是,B,agent,0.6,0.42,0.59,0.5,0.44,0.73,0.66,0.67,0.53,自住-改善,两室一厅,89,1284,区财政局科员,二胎黄金期中大户型,上海中环品质两居，车位及空间极其拥挤,小区无地下车库且人车不分流，小孩在楼下玩耍或者推婴儿车极为不安全。,讲究超高得房率（超85%），主卧套房必须配备独立步入式衣帽间与干湿分离双卫。,主要在陆家嘴/徐家汇CBD上班，首选地铁2/9号线沿线，通勤半小时内。,倡导轻户外，周末常带家人自驾野营或山系徒步，注重生活情调与手作咖啡。,名下持有一套旧两居，置换回款 65% + 个人理财储蓄补充 + 公积金商业贷,重性价比，不盲信大牌，但要求物业管理有序、绿化修剪及时、人防技防规范。,常年本地稳定居住，工作日职住通勤动线规则单一。
上_2008_01008,上海,2008,教育型买房,36,男,1.1,8.2,0.4,15.5,3,1,否,B,social,0.78,0.52,0.45,0.44,0.59,0.67,0.54,0.93,0.53,学区房,一室一厅,88,1295,市第二中学地理教师,三口之家(幼龄段),上海中环品质两居，车位及空间极其拥挤,小区无地下车库且人车不分流，小孩在楼下玩耍或者推婴儿车极为不安全。,核心要求地块属于第一梯队名校学区，且周边500米内解决幼小衔接教育配套。,主要在陆家嘴/徐家汇CBD上班，首选地铁2/9号线沿线，通勤半小时内。,倡导轻户外，周末常带家人自驾野营或山系徒步，注重生活情调与手作咖啡。,名下持有一套旧两居，置换回款 65% + 个人理财储蓄补充 + 公积金商业贷,重性价比，不盲信大牌，但要求物业管理有序、绿化修剪及时、人防技防规范。,常年本地稳定居住，工作日职住通勤动线规则单一。
上_2008_01009,上海,2008,本地改善,47,男,2.0,18.6,0.45,31.1,5,3,否,B,agent,0.85,0.57,0.37,0.51,0.6,0.76,0.63,0.64,0.57,自住-改善,两室一厅,76,2663,区财政局科员,二胎黄金期中大户型,上海中环品质两居，车位及空间极其拥挤,小区无地下车库且人车不分流，小孩在楼下玩耍或者推婴儿车极为不安全。,讲究超高得房率（超85%），主卧套房必须配备独立步入式衣帽间与干湿分离双卫。,主要在陆家嘴/徐家汇CBD上班，首选地铁2/9号线沿线，通勤半小时内。,倡导轻户外，周末常带家人自驾野营或山系徒步，注重生活情调与手作咖啡。,名下持有一套旧两居，置换回款 65% + 个人理财储蓄补充 + 公积金商业贷,重性价比，不盲信大牌，但要求物业管理有序、绿化修剪及时、人防技防规范。,常年本地稳定居住，工作日职住通勤动线规则单一。
上_2008_01010,上海,2008,本地改善,54,女,4.1,43.9,0.45,73.1,4,3,否,B,agent,0.67,0.5,0.52,0.56,0.64,1,0.55,0.67,0.54,自住-改善,两室一厅,75,8338,区财政局科员,二胎黄金期中大户型,上海中环品质两居，车位及空间极其拥挤,小区无地下车库且人车不分流，小孩在楼下玩耍或者推婴儿车极为不安全。,讲究超高得房率（超85%），主卧套房必须配备独立步入式衣帽间与干湿分离双卫。,主要在陆家嘴/徐家汇CBD上班，首选地铁2/9号线沿线，通勤半小时内。,倡导轻户外，周末常带家人自驾野营或山系徒步，注重生活情调与手作咖啡。,名下持有一套旧两居，置换回款 65% + 个人理财储蓄补充 + 公积金商业贷,重性价比，不盲信大牌，但要求物业管理有序、绿化修剪及时、人防技防规范。,常年本地稳定居住，工作日职住通勤动线规则单一。
上_2008_01011,上海,2008,金融精英,50,女,3.5,24.8,0.4,46.5,4,0,是,A,research,0.72,0.44,0.69,0.63,0.7,0.62,0.75,0.85,0.76,自住-改善,两室两厅,62,4245,老牌证券公司营业部经理,成熟期核心家庭,陆家嘴核心区江景大平层,当前房屋属于旧多层无电梯房，父母年纪渐高每天爬楼梯极为吃力。,核心要求地块属于第一梯队名校学区，且周边500米内解决幼小衔接教育配套。,主要在陆家嘴/徐家汇CBD上班，首选地铁2/9号线沿线，通勤半小时内。,周末常去高端商圈消费，热衷打网球和马术，重度手冲咖啡及黑胶唱片发烧友。,名下已有企业股权套现或分红现金，一次性全款付清，基本不加杠杆,非仁恒、绿城、万科等金牌开发商不买，极度看重高端精装质量与顶级物业的增值口碑。,常年本地稳定居住，工作日职住通勤动线规则单一。
上_2008_01012,上海,2008,长三角家庭,46,男,2.5,16.2,0.45,27.0,4,1,否,B,agent,0.8,0.44,0.58,0.55,0.54,0.7,0.38,0.66,0.61,自住-首套,两室一厅,92,2323,区财政局科员,三口之家(学龄段),上海中环品质两居，车位及空间极其拥挤,小区无地下车库且人车不分流，小孩在楼下玩耍或者推婴儿车极为不安全。,讲究超高得房率（超85%），主卧套房必须配备独立步入式衣帽间与干湿分离双卫。,主要在陆家嘴/徐家汇CBD上班，首选地铁2/9号线沿线，通勤半小时内。,倡导轻户外，周末常带家人自驾野营或山系徒步，注重生活情调与手作咖啡。,夫妻双方积蓄 + 双方父母出资赞助首付 + 公积金商业组合贷款,重性价比，不盲信大牌，但要求物业管理有序、绿化修剪及时、人防技防规范。,常年本地稳定居住，工作日职住通勤动线规则单一。
上_2008_01013,上海,2008,金融精英,39,男,5.6,49.1,0.4,92.1,3,2,否,A,research,0.67,0.46,0.83,0.64,0.74,0.84,0.7,0.7,0.9,自住-首套,两室一厅,93,6074,申银万国证券分析员,二胎黄金期中大户型,陆家嘴核心区江景大平层,无高端私密会所及管家式物业配套，圈层鱼龙混杂，高净值居住体验差。,要求有超大面宽南向双阳台（观景家政分离），主卧大飘窗能270度直面自然景观。,主要在陆家嘴/徐家汇CBD上班，首选地铁2/9号线沿线，通勤半小时内。,周末常去高端商圈消费，热衷打网球和马术，重度手冲咖啡及黑胶唱片发烧友。,夫妻双方积蓄 + 双方父母出资赞助首付 + 公积金商业组合贷款,非仁恒、绿城、万科等金牌开发商不买，极度看重高端精装质量与顶级物业的增值口碑。,常年本地稳定居住，工作日职住通勤动线规则单一。
上_2008_01014,上海,2008,金融精英,33,男,3.2,26.6,0.4,49.8,2,2,否,A,research,0.65,0.44,0.68,0.62,0.66,0.68,0.61,0.74,0.81,婚房,一室一厅,50,7560,老牌证券公司营业部经理,二胎黄金期中大户型,市中心私密洋房住宅,无高端私密会所及管家式物业配套，圈层鱼龙混杂，高净值居住体验差。,核心要求地块属于第一梯队名校学区，且周边500米内解决幼小衔接教育配套。,主要在陆家嘴/徐家汇CBD上班，首选地铁2/9号线沿线，通勤半小时内。,周末常去高端商圈消费，热衷打网球和马术，重度手冲咖啡及黑胶唱片发烧友。,夫妻双方积蓄 + 双方父母出资赞助首付 + 公积金商业组合贷款,非仁恒、绿城、万科等金牌开发商不买，极度看重高端精装质量与顶级物业的增值口碑。,常年本地稳定居住，工作日职住通勤动线规则单一。
上_2008_01015,上海,2008,金融精英,33,男,5.3,49.4,0.4,92.5,3,0,否,A,research,0.77,0.38,0.62,0.7,0.76,0.76,0.5,0.81,0.71,自住-首套,两室两厅,62,10758,老牌证券公司营业部经理,新婚过渡两居,市中心私密洋房住宅,无高端私密会所及管家式物业配套，圈层鱼龙混杂，高净值居住体验差。,讲究超高得房率（超85%），主卧套房必须配备独立步入式衣帽间与干湿分离双卫。,主要在陆家嘴/徐家汇CBD上班，首选地铁2/9号线沿线，通勤半小时内。,周末常去高端商圈消费，热衷打网球和马术，重度手冲咖啡及黑胶唱片发烧友。,夫妻双方积蓄 + 双方父母出资赞助首付 + 公积金商业组合贷款,非仁恒、绿城、万科等金牌开发商不买，极度看重高端精装质量与顶级物业的增值口碑。,常年本地稳定居住，工作日职住通勤动线规则单一。
上_2008_01016,上海,2008,金融精英,45,女,5.5,51.9,0.4,97.3,3,1,是,A,research,0.75,0.37,0.71,0.52,0.84,0.77,0.64,0.79,0.82,自住-改善,一室一厅,94,8520,老牌证券公司营业部经理,三口之家(学龄段),陆家嘴核心区江景大平层,当前房屋属于旧多层无电梯房，父母年纪渐高每天爬楼梯极为吃力。,要求有超大面宽南向双阳台（观景家政分离），主卧大飘窗能270度直面自然景观。,主要在陆家嘴/徐家汇CBD上班，首选地铁2/9号线沿线，通勤半小时内。,周末常去高端商圈消费，热衷打网球和马术，重度手冲咖啡及黑胶唱片发烧友。,名下已有企业股权套现或分红现金，一次性全款付清，基本不加杠杆,非仁恒、绿城、万科等金牌开发商不买，极度看重高端精装质量与顶级物业的增值口碑。,常年本地稳定居住，工作日职住通勤动线规则单一。
上_2008_01017,上海,2008,金融精英,38,男,4.7,43.2,0.4,80.9,2,1,是,A,research,1,0.3,0.63,0.57,0.72,0.78,0.82,0.8,0.76,自住-首套,一室一厅,80,5901,老牌证券公司营业部经理,三口之家(学龄段),西湖边高精平层,当前房屋属于旧多层无电梯房，父母年纪渐高每天爬楼梯极为吃力。,讲究超高得房率（超85%），主卧套房必须配备独立步入式衣帽间与干湿分离双卫。,主要在陆家嘴/徐家汇CBD上班，首选地铁2/9号线沿线，通勤半小时内。,周末常去高端商圈消费，热衷打网球和马术，重度手冲咖啡及黑胶唱片发烧友。,夫妻双方积蓄 + 双方父母出资赞助首付 + 公积金商业组合贷款,非仁恒、绿城、万科等金牌开发商不买，极度看重高端精装质量与顶级物业的增值口碑。,常年本地稳定居住，工作日职住通勤动线规则单一。
上_2008_01018,上海,2008,本地改善,56,女,3.0,39.6,0.45,66.0,5,2,是,B,agent,0.73,0.46,0.61,0.55,0.42,0.88,0.61,0.54,0.58,自住-改善,两室一厅,73,7425,国企车间技术主任,二胎黄金期中大户型,上海中环品质两居，车位及空间极其拥挤,小区无地下车库且人车不分流，小孩在楼下玩耍或者推婴儿车极为不安全。,讲究超高得房率（超85%），主卧套房必须配备独立步入式衣帽间与干湿分离双卫。,主要在陆家嘴/徐家汇CBD上班，首选地铁2/9号线沿线，通勤半小时内。,倡导轻户外，周末常带家人自驾野营或山系徒步，注重生活情调与手作咖啡。,名下持有一套旧两居，置换回款 65% + 个人理财储蓄补充 + 公积金商业贷,重性价比，不盲信大牌，但要求物业管理有序、绿化修剪及时、人防技防规范。,常年本地稳定居住，工作日职住通勤动线规则单一。
上_2008_01019,上海,2008,本地改善,49,男,1.1,8.0,0.45,13.3,4,3,是,B,agent,0.55,0.53,0.62,0.57,0.49,0.9,0.58,0.74,0.38,自住-改善,两室一厅,72,1623,市第二中学地理教师,二胎黄金期中大户型,上海中环品质两居，车位及空间极其拥挤,小区无地下车库且人车不分流，小孩在楼下玩耍或者推婴儿车极为不安全。,讲究超高得房率（超85%），主卧套房必须配备独立步入式衣帽间与干湿分离双卫。,主要在陆家嘴/徐家汇CBD上班，首选地铁2/9号线沿线，通勤半小时内。,倡导轻户外，周末常带家人自驾野营或山系徒步，注重生活情调与手作咖啡。,名下持有一套旧两居，置换回款 65% + 个人理财储蓄补充 + 公积金商业贷,重性价比，不盲信大牌，但要求物业管理有序、绿化修剪及时、人防技防规范。,常年本地稳定居住，工作日职住通勤动线规则单一。
上_2008_01020,上海,2008,外籍海归,37,男,4.4,32.2,0.4,60.4,4,2,否,A,social,0.76,0.43,0.59,0.51,0.84,0.7,0.56,0.77,0.77,自住-改善,两室一厅,99,3292,合资日化企业技术主管,二胎黄金期中大户型,陆家嘴核心区江景大平层,无高端私密会所及管家式物业配套，圈层鱼龙混杂，高净值居住体验差。,核心要求地块属于第一梯队名校学区，且周边500米内解决幼小衔接教育配套。,主要在陆家嘴/徐家汇CBD上班，首选地铁2/9号线沿线，通勤半小时内。,周末常去高端商圈消费，热衷打网球和马术，重度手冲咖啡及黑胶唱片发烧友。,名下已有企业股权套现或分红现金，一次性全款付清，基本不加杠杆,非仁恒、绿城、万科等金牌开发商不买，极度看重高端精装质量与顶级物业的增值口碑。,常年本地稳定居住，工作日职住通勤动线规则单一。
上_2008_01021,上海,2008,教育型买房,47,男,3.7,37.7,0.4,70.7,4,1,是,B,social,0.73,0.54,0.49,0.36,0.59,0.79,0.42,0.93,0.5,学区房,一室一厅,57,10576,邮政局局长秘书,三口之家(学龄段),上海中环品质两居，车位及空间极其拥挤,小区无地下车库且人车不分流，小孩在楼下玩耍或者推婴儿车极为不安全。,讲究超高得房率（超85%），主卧套房必须配备独立步入式衣帽间与干湿分离双卫。,主要在陆家嘴/徐家汇CBD上班，首选地铁2/9号线沿线，通勤半小时内。,倡导轻户外，周末常带家人自驾野营或山系徒步，注重生活情调与手作咖啡。,名下持有一套旧两居，置换回款 65% + 个人理财储蓄补充 + 公积金商业贷,重性价比，不盲信大牌，但要求物业管理有序、绿化修剪及时、人防技防规范。,常年本地稳定居住，工作日职住通勤动线规则单一。
上_2008_01022,上海,2008,教育型买房,41,男,3.1,20.4,0.4,38.3,3,0,否,B,social,0.88,0.58,0.35,0.51,0.53,0.55,0.37,1,0.56,学区房,两室两厅,76,3248,邮政局局长秘书,成熟期核心家庭,上海中环品质两居，车位及空间极其拥挤,老小区隔音差，邻里滋扰严重，且车位严重匮乏，每晚加班回来抢车位像打仗。,核心要求地块属于第一梯队名校学区，且周边500米内解决幼小衔接教育配套。,主要在陆家嘴/徐家汇CBD上班，首选地铁2/9号线沿线，通勤半小时内。,倡导轻户外，周末常带家人自驾野营或山系徒步，注重生活情调与手作咖啡。,名下持有一套旧两居，置换回款 65% + 个人理财储蓄补充 + 公积金商业贷,重性价比，不盲信大牌，但要求物业管理有序、绿化修剪及时、人防技防规范。,常年本地稳定居住，工作日职住通勤动线规则单一。
上_2008_01023,上海,2008,金融精英,44,男,8.2,51.7,0.4,96.9,3,1,是,A,research,0.82,0.44,0.51,0.56,0.84,0.79,0.73,0.84,0.99,自住-改善,两室两厅,99,6696,老牌证券公司营业部经理,三口之家(学龄段),市中心私密洋房住宅,当前房屋属于旧多层无电梯房，父母年纪渐高每天爬楼梯极为吃力。,讲究超高得房率（超85%），主卧套房必须配备独立步入式衣帽间与干湿分离双卫。,主要在陆家嘴/徐家汇CBD上班，首选地铁2/9号线沿线，通勤半小时内。,周末常去高端商圈消费，热衷打网球和马术，重度手冲咖啡及黑胶唱片发烧友。,名下已有企业股权套现或分红现金，一次性全款付清，基本不加杠杆,非仁恒、绿城、万科等金牌开发商不买，极度看重高端精装质量与顶级物业的增值口碑。,常年本地稳定居住，工作日职住通勤动线规则单一。
上_2008_01024,上海,2008,教育型买房,39,男,3.2,29.5,0.4,55.2,3,2,否,B,social,0.8,0.51,0.33,0.47,0.45,0.65,0.52,0.93,0.51,学区房,两室一厅,87,3226,市第二中学地理教师,二胎黄金期中大户型,上海中环品质两居，车位及空间极其拥挤,小区无地下车库且人车不分流，小孩在楼下玩耍或者推婴儿车极为不安全。,核心要求地块属于第一梯队名校学区，且周边500米内解决幼小衔接教育配套。,主要在陆家嘴/徐家汇CBD上班，首选地铁2/9号线沿线，通勤半小时内。,倡导轻户外，周末常带家人自驾野营或山系徒步，注重生活情调与手作咖啡。,名下持有一套旧两居，置换回款 65% + 个人理财储蓄补充 + 公积金商业贷,重性价比，不盲信大牌，但要求物业管理有序、绿化修剪及时、人防技防规范。,常年本地稳定居住，工作日职住通勤动线规则单一。
上_2008_01025,上海,2008,本地改善,41,女,3.8,31.9,0.45,53.1,5,2,是,B,agent,0.62,0.34,0.57,0.51,0.59,0.95,0.7,0.78,0.62,自住-改善,一室一厅,68,6629,区财政局科员,二胎黄金期中大户型,上海中环品质两居，车位及空间极其拥挤,小区无地下车库且人车不分流，小孩在楼下玩耍或者推婴儿车极为不安全。,讲究超高得房率（超85%），主卧套房必须配备独立步入式衣帽间与干湿分离双卫。,主要在陆家嘴/徐家汇CBD上班，首选地铁2/9号线沿线，通勤半小时内。,倡导轻户外，周末常带家人自驾野营或山系徒步，注重生活情调与手作咖啡。,名下持有一套旧两居，置换回款 65% + 个人理财储蓄补充 + 公积金商业贷,重性价比，不盲信大牌，但要求物业管理有序、绿化修剪及时、人防技防规范。,常年本地稳定居住，工作日职住通勤动线规则单一。
上_2008_01026,上海,2008,本地改善,57,男,2.7,21.5,0.45,35.9,5,2,否,B,agent,0.74,0.56,0.52,0.43,0.65,0.76,0.62,0.8,0.64,自住-改善,两室两厅,100,2979,市第二中学地理教师,二胎黄金期中大户型,上海中环品质两居，车位及空间极其拥挤,小区无地下车库且人车不分流，小孩在楼下玩耍或者推婴儿车极为不安全。,讲究超高得房率（超85%），主卧套房必须配备独立步入式衣帽间与干湿分离双卫。,主要在陆家嘴/徐家汇CBD上班，首选地铁2/9号线沿线，通勤半小时内。,倡导轻户外，周末常带家人自驾野营或山系徒步，注重生活情调与手作咖啡。,名下持有一套旧两居，置换回款 65% + 个人理财储蓄补充 + 公积金商业贷,重性价比，不盲信大牌，但要求物业管理有序、绿化修剪及时、人防技防规范。,常年本地稳定居住，工作日职住通勤动线规则单一。
上_2008_01027,上海,2008,教育型买房,39,女,2.5,16.7,0.4,31.3,4,1,否,B,social,0.86,0.41,0.25,0.47,0.59,0.45,0.51,0.92,0.55,学区房,一室一厅,62,4512,区财政局科员,三口之家(学龄段),上海中环品质两居，车位及空间极其拥挤,小区无地下车库且人车不分流，小孩在楼下玩耍或者推婴儿车极为不安全。,核心要求地块属于第一梯队名校学区，且周边500米内解决幼小衔接教育配套。,主要在陆家嘴/徐家汇CBD上班，首选地铁2/9号线沿线，通勤半小时内。,倡导轻户外，周末常带家人自驾野营或山系徒步，注重生活情调与手作咖啡。,名下持有一套旧两居，置换回款 65% + 个人理财储蓄补充 + 公积金商业贷,重性价比，不盲信大牌，但要求物业管理有序、绿化修剪及时、人防技防规范。,常年本地稳定居住，工作日职住通勤动线规则单一。
上_2008_01028,上海,2008,金融精英,33,男,3.1,19.7,0.4,36.8,3,1,否,A,research,0.54,0.56,0.67,0.38,0.81,0.78,0.66,0.84,0.85,自住-首套,一室一厅,96,2164,老牌证券公司营业部经理,三口之家(幼龄段),西湖边高精平层,无高端私密会所及管家式物业配套，圈层鱼龙混杂，高净值居住体验差。,讲究超高得房率（超85%），主卧套房必须配备独立步入式衣帽间与干湿分离双卫。,主要在陆家嘴/徐家汇CBD上班，首选地铁2/9号线沿线，通勤半小时内。,周末常去高端商圈消费，热衷打网球和马术，重度手冲咖啡及黑胶唱片发烧友。,夫妻双方积蓄 + 双方父母出资赞助首付 + 公积金商业组合贷款,非仁恒、绿城、万科等金牌开发商不买，极度看重高端精装质量与顶级物业的增值口碑。,常年本地稳定居住，工作日职住通勤动线规则单一。
上_2008_01029,上海,2008,本地改善,41,女,3.6,28.1,0.45,46.8,4,2,是,B,agent,0.78,0.63,0.5,0.53,0.53,0.73,0.56,0.76,0.63,自住-改善,两室两厅,66,4998,市第二中学地理教师,二胎黄金期中大户型,上海中环品质两居，车位及空间极其拥挤,小区无地下车库且人车不分流，小孩在楼下玩耍或者推婴儿车极为不安全。,讲究超高得房率（超85%），主卧套房必须配备独立步入式衣帽间与干湿分离双卫。,主要在陆家嘴/徐家汇CBD上班，首选地铁2/9号线沿线，通勤半小时内。,倡导轻户外，周末常带家人自驾野营或山系徒步，注重生活情调与手作咖啡。,名下持有一套旧两居，置换回款 65% + 个人理财储蓄补充 + 公积金商业贷,重性价比，不盲信大牌，但要求物业管理有序、绿化修剪及时、人防技防规范。,常年本地稳定居住，工作日职住通勤动线规则单一。
上_2008_01030,上海,2008,长三角家庭,48,女,1.8,9.1,0.45,15.2,5,2,否,B,agent,0.8,0.53,0.51,0.57,0.44,0.67,0.45,0.67,0.54,自住-改善,一室一厅,65,1908,国企车间技术主任,二胎黄金期中大户型,上海中环品质两居，车位及空间极其拥挤,小区无地下车库且人车不分流，小孩在楼下玩耍或者推婴儿车极为不安全。,要求采光通透，全明户型，带多功能嵌入式收纳墙以最大化空间利用。,主要在陆家嘴/徐家汇CBD上班，首选地铁2/9号线沿线，通勤半小时内。,倡导轻户外，周末常带家人自驾野营或山系徒步，注重生活情调与手作咖啡。,名下持有一套旧两居，置换回款 65% + 个人理财储蓄补充 + 公积金商业贷,重性价比，不盲信大牌，但要求物业管理有序、绿化修剪及时、人防技防规范。,常年本地稳定居住，工作日职住通勤动线规则单一。
上_2008_01031,上海,2008,教育型买房,48,女,1.9,17.9,0.4,33.5,4,1,是,B,social,0.87,0.62,0.31,0.44,0.48,0.74,0.47,0.87,0.57,学区房,两室两厅,76,2400,区财政局科员,三口之家(学龄段),上海中环品质两居，车位及空间极其拥挤,小区无地下车库且人车不分流，小孩在楼下玩耍或者推婴儿车极为不安全。,讲究超高得房率（超85%），主卧套房必须配备独立步入式衣帽间与干湿分离双卫。,主要在陆家嘴/徐家汇CBD上班，首选地铁2/9号线沿线，通勤半小时内。,倡导轻户外，周末常带家人自驾野营或山系徒步，注重生活情调与手作咖啡。,名下持有一套旧两居，置换回款 65% + 个人理财储蓄补充 + 公积金商业贷,重性价比，不盲信大牌，但要求物业管理有序、绿化修剪及时、人防技防规范。,常年本地稳定居住，工作日职住通勤动线规则单一。
上_2008_01032,上海,2008,长三角家庭,49,女,1.6,13.0,0.45,21.7,4,2,否,B,agent,0.8,0.58,0.64,0.51,0.42,0.8,0.37,0.79,0.81,自住-改善,一室一厅,66,1792,邮政局局长秘书,二胎黄金期中大户型,上海中环品质两居，车位及空间极其拥挤,小区无地下车库且人车不分流，小孩在楼下玩耍或者推婴儿车极为不安全。,讲究超高得房率（超85%），主卧套房必须配备独立步入式衣帽间与干湿分离双卫。,主要在陆家嘴/徐家汇CBD上班，首选地铁2/9号线沿线，通勤半小时内。,倡导轻户外，周末常带家人自驾野营或山系徒步，注重生活情调与手作咖啡。,名下持有一套旧两居，置换回款 65% + 个人理财储蓄补充 + 公积金商业贷,非仁恒、绿城、万科等金牌开发商不买，极度看重高端精装质量与顶级物业的增值口碑。,常年本地稳定居住，工作日职住通勤动线规则单一。
上_2008_01033,上海,2008,教育型买房,32,男,3.6,36.5,0.4,68.5,4,1,否,B,social,0.86,0.5,0.39,0.41,0.67,0.76,0.37,0.98,0.68,学区房,两室两厅,76,5853,市第二中学地理教师,三口之家(幼龄段),上海中环品质两居，车位及空间极其拥挤,小区无地下车库且人车不分流，小孩在楼下玩耍或者推婴儿车极为不安全。,讲究超高得房率（超85%），主卧套房必须配备独立步入式衣帽间与干湿分离双卫。,主要在陆家嘴/徐家汇CBD上班，首选地铁2/9号线沿线，通勤半小时内。,倡导轻户外，周末常带家人自驾野营或山系徒步，注重生活情调与手作咖啡。,名下持有一套旧两居，置换回款 65% + 个人理财储蓄补充 + 公积金商业贷,重性价比，不盲信大牌，但要求物业管理有序、绿化修剪及时、人防技防规范。,常年本地稳定居住，工作日职住通勤动线规则单一。
上_2008_01034,上海,2008,教育型买房,42,男,2.0,15.9,0.4,29.8,2,2,是,B,social,1,0.5,0.52,0.5,0.62,0.54,0.63,0.95,0.65,学区房,两室两厅,74,3388,国企车间技术主任,二胎黄金期中大户型,上海中环品质两居，车位及空间极其拥挤,小区无地下车库且人车不分流，小孩在楼下玩耍或者推婴儿车极为不安全。,核心要求地块属于第一梯队名校学区，且周边500米内解决幼小衔接教育配套。,主要在陆家嘴/徐家汇CBD上班，首选地铁2/9号线沿线，通勤半小时内。,倡导轻户外，周末常带家人自驾野营或山系徒步，注重生活情调与手作咖啡。,名下持有一套旧两居，置换回款 65% + 个人理财储蓄补充 + 公积金商业贷,重性价比，不盲信大牌，但要求物业管理有序、绿化修剪及时、人防技防规范。,常年本地稳定居住，工作日职住通勤动线规则单一。
上_2008_01035,上海,2008,金融精英,35,男,2.6,18.5,0.4,34.7,4,1,否,A,research,0.7,0.5,0.65,0.63,0.77,0.72,0.72,0.86,0.8,自住-改善,一室一厅,81,3472,申银万国证券分析员,三口之家(幼龄段),市中心私密洋房住宅,无高端私密会所及管家式物业配套，圈层鱼龙混杂，高净值居住体验差。,讲究超高得房率（超85%），主卧套房必须配备独立步入式衣帽间与干湿分离双卫。,主要在陆家嘴/徐家汇CBD上班，首选地铁2/9号线沿线，通勤半小时内。,周末常去高端商圈消费，热衷打网球和马术，重度手冲咖啡及黑胶唱片发烧友。,名下已有企业股权套现或分红现金，一次性全款付清，基本不加杠杆,非仁恒、绿城、万科等金牌开发商不买，极度看重高端精装质量与顶级物业的增值口碑。,常年本地稳定居住，工作日职住通勤动线规则单一。
上_2008_01036,上海,2008,本地改善,41,女,4.8,35.4,0.45,59.1,4,1,是,B,agent,0.61,0.4,0.74,0.55,0.66,0.93,0.56,0.65,0.58,自住-改善,一室一厅,91,3432,国企车间技术主任,三口之家(学龄段),上海中环品质两居，车位及空间极其拥挤,小区无地下车库且人车不分流，小孩在楼下玩耍或者推婴儿车极为不安全。,要求有超大面宽南向双阳台（观景家政分离），主卧大飘窗能270度直面自然景观。,主要在陆家嘴/徐家汇CBD上班，首选地铁2/9号线沿线，通勤半小时内。,倡导轻户外，周末常带家人自驾野营或山系徒步，注重生活情调与手作咖啡。,名下持有一套旧两居，置换回款 65% + 个人理财储蓄补充 + 公积金商业贷,重性价比，不盲信大牌，但要求物业管理有序、绿化修剪及时、人防技防规范。,常年本地稳定居住，工作日职住通勤动线规则单一。
上_2008_01037,上海,2008,本地改善,47,女,2.8,21.0,0.45,35.0,5,2,否,B,agent,0.57,0.43,0.72,0.56,0.52,0.8,0.54,0.58,0.65,自住-改善,一室一厅,76,3416,市第二中学地理教师,二胎黄金期中大户型,上海中环品质两居，车位及空间极其拥挤,小区无地下车库且人车不分流，小孩在楼下玩耍或者推婴儿车极为不安全。,要求有超大面宽南向双阳台（观景家政分离），主卧大飘窗能270度直面自然景观。,主要在陆家嘴/徐家汇CBD上班，首选地铁2/9号线沿线，通勤半小时内。,倡导轻户外，周末常带家人自驾野营或山系徒步，注重生活情调与手作咖啡。,名下持有一套旧两居，置换回款 65% + 个人理财储蓄补充 + 公积金商业贷,重性价比，不盲信大牌，但要求物业管理有序、绿化修剪及时、人防技防规范。,常年本地稳定居住，工作日职住通勤动线规则单一。
上_2008_01038,上海,2008,金融精英,47,男,4.9,42.8,0.4,80.3,2,2,否,A,research,0.71,0.35,0.72,0.62,0.75,0.69,0.65,0.89,0.68,自住-改善,一室一厅,70,6720,老牌证券公司营业部经理,二胎黄金期中大户型,市中心私密洋房住宅,无高端私密会所及管家式物业配套，圈层鱼龙混杂，高净值居住体验差。,要求有超大面宽南向双阳台（观景家政分离），主卧大飘窗能270度直面自然景观。,主要在陆家嘴/徐家汇CBD上班，首选地铁2/9号线沿线，通勤半小时内。,周末常去高端商圈消费，热衷打网球和马术，重度手冲咖啡及黑胶唱片发烧友。,名下已有企业股权套现或分红现金，一次性全款付清，基本不加杠杆,重性价比，不盲信大牌，但要求物业管理有序、绿化修剪及时、人防技防规范。,常年本地稳定居住，工作日职住通勤动线规则单一。
上_2008_01039,上海,2008,本地改善,44,男,3.1,35.8,0.45,59.7,5,2,是,B,agent,0.79,0.41,0.64,0.5,0.49,0.98,0.54,0.77,0.51,自住-改善,两室一厅,74,7197,区财政局科员,二胎黄金期中大户型,上海中环品质两居，车位及空间极其拥挤,小区无地下车库且人车不分流，小孩在楼下玩耍或者推婴儿车极为不安全。,讲究超高得房率（超85%），主卧套房必须配备独立步入式衣帽间与干湿分离双卫。,主要在陆家嘴/徐家汇CBD上班，首选地铁2/9号线沿线，通勤半小时内。,倡导轻户外，周末常带家人自驾野营或山系徒步，注重生活情调与手作咖啡。,名下持有一套旧两居，置换回款 65% + 个人理财储蓄补充 + 公积金商业贷,重性价比，不盲信大牌，但要求物业管理有序、绿化修剪及时、人防技防规范。,常年本地稳定居住，工作日职住通勤动线规则单一。
上_2008_01040,上海,2008,金融精英,46,女,1.9,12.3,0.4,23.0,3,0,否,A,research,1.0,0.33,0.63,0.66,0.73,0.83,0.64,0.82,0.94,自住-首套,两室一厅,61,3091,老牌证券公司营业部经理,成熟期核心家庭,市中心私密洋房住宅,无高端私密会所及管家式物业配套，圈层鱼龙混杂，高净值居住体验差。,讲究超高得房率（超85%），主卧套房必须配备独立步入式衣帽间与干湿分离双卫。,主要在陆家嘴/徐家汇CBD上班，首选地铁2/9号线沿线，通勤半小时内。,周末常去高端商圈消费，热衷打网球和马术，重度手冲咖啡及黑胶唱片发烧友。,夫妻双方积蓄 + 双方父母出资赞助首付 + 公积金商业组合贷款,非仁恒、绿城、万科等金牌开发商不买，极度看重高端精装质量与顶级物业的增值口碑。,常年本地稳定居住，工作日职住通勤动线规则单一。
上_2008_01041,上海,2008,教育型买房,48,男,2.6,24.3,0.4,45.5,2,1,否,B,social,1,0.47,0.46,0.46,0.47,0.57,0.5,0.84,0.7,学区房,两室两厅,94,2985,区财政局科员,三口之家(学龄段),上海中环品质两居，车位及空间极其拥挤,小区无地下车库且人车不分流，小孩在楼下玩耍或者推婴儿车极为不安全。,核心要求地块属于第一梯队名校学区，且周边500米内解决幼小衔接教育配套。,主要在陆家嘴/徐家汇CBD上班，首选地铁2/9号线沿线，通勤半小时内。,倡导轻户外，周末常带家人自驾野营或山系徒步，注重生活情调与手作咖啡。,名下持有一套旧两居，置换回款 65% + 个人理财储蓄补充 + 公积金商业贷,重性价比，不盲信大牌，但要求物业管理有序、绿化修剪及时、人防技防规范。,常年本地稳定居住，工作日职住通勤动线规则单一。
上_2008_01042,上海,2008,本地改善,49,女,2.9,25.8,0.45,42.9,4,2,是,B,agent,0.78,0.64,0.47,0.42,0.6,0.75,0.76,0.86,0.62,自住-改善,两室一厅,50,4714,市第二中学地理教师,二胎黄金期中大户型,上海中环品质两居，车位及空间极其拥挤,小区无地下车库且人车不分流，小孩在楼下玩耍或者推婴儿车极为不安全。,讲究超高得房率（超85%），主卧套房必须配备独立步入式衣帽间与干湿分离双卫。,主要在陆家嘴/徐家汇CBD上班，首选地铁2/9号线沿线，通勤半小时内。,倡导轻户外，周末常带家人自驾野营或山系徒步，注重生活情调与手作咖啡。,名下持有一套旧两居，置换回款 65% + 个人理财储蓄补充 + 公积金商业贷,重性价比，不盲信大牌，但要求物业管理有序、绿化修剪及时、人防技防规范。,常年本地稳定居住，工作日职住通勤动线规则单一。
上_2008_01043,上海,2008,本地改善,39,男,2.3,20.2,0.45,33.6,4,2,是,B,agent,0.96,0.58,0.62,0.48,0.4,0.76,0.58,0.68,0.67,自住-改善,两室两厅,67,3412,国企车间技术主任,二胎黄金期中大户型,上海中环品质两居，车位及空间极其拥挤,小区无地下车库且人车不分流，小孩在楼下玩耍或者推婴儿车极为不安全。,讲究超高得房率（超85%），主卧套房必须配备独立步入式衣帽间与干湿分离双卫。,主要在陆家嘴/徐家汇CBD上班，首选地铁2/9号线沿线，通勤半小时内。,倡导轻户外，周末常带家人自驾野营或山系徒步，注重生活情调与手作咖啡。,名下持有一套旧两居，置换回款 65% + 个人理财储蓄补充 + 公积金商业贷,重性价比，不盲信大牌，但要求物业管理有序、绿化修剪及时、人防技防规范。,常年本地稳定居住，工作日职住通勤动线规则单一。
上_2008_01044,上海,2008,教育型买房,36,男,2.6,20.7,0.4,38.9,3,0,是,B,social,1,0.48,0.36,0.48,0.64,0.62,0.49,0.98,0.5,学区房,一室一厅,71,3972,邮政局局长秘书,成熟期核心家庭,上海中环品质两居，车位及空间极其拥挤,当前房屋属于旧多层无电梯房，父母年纪渐高每天爬楼梯极为吃力。,核心要求地块属于第一梯队名校学区，且周边500米内解决幼小衔接教育配套。,主要在陆家嘴/徐家汇CBD上班，首选地铁2/9号线沿线，通勤半小时内。,倡导轻户外，周末常带家人自驾野营或山系徒步，注重生活情调与手作咖啡。,名下持有一套旧两居，置换回款 65% + 个人理财储蓄补充 + 公积金商业贷,重性价比，不盲信大牌，但要求物业管理有序、绿化修剪及时、人防技防规范。,常年本地稳定居住，工作日职住通勤动线规则单一。
上_2008_01045,上海,2008,金融精英,36,男,1.5,15.8,0.4,29.6,4,1,否,A,research,0.78,0.58,0.65,0.58,0.78,0.87,0.76,0.76,0.74,自住-首套,两室一厅,93,2851,申银万国证券分析员,三口之家(幼龄段),西湖边高精平层,无高端私密会所及管家式物业配套，圈层鱼龙混杂，高净值居住体验差。,讲究超高得房率（超85%），主卧套房必须配备独立步入式衣帽间与干湿分离双卫。,主要在陆家嘴/徐家汇CBD上班，首选地铁2/9号线沿线，通勤半小时内。,周末常去高端商圈消费，热衷打网球和马术，重度手冲咖啡及黑胶唱片发烧友。,夫妻双方积蓄 + 双方父母出资赞助首付 + 公积金商业组合贷款,非仁恒、绿城、万科等金牌开发商不买，极度看重高端精装质量与顶级物业的增值口碑。,常年本地稳定居住，工作日职住通勤动线规则单一。
上_2008_01046,上海,2008,金融精英,39,女,5.9,46.1,0.4,86.4,2,1,否,A,research,0.73,0.45,0.69,0.63,0.85,0.88,0.68,0.84,0.79,自住-首套,两室一厅,54,12337,商业银行支行信贷科长,三口之家(学龄段),西湖边高精平层,无高端私密会所及管家式物业配套，圈层鱼龙混杂，高净值居住体验差。,讲究超高得房率（超85%），主卧套房必须配备独立步入式衣帽间与干湿分离双卫。,主要在陆家嘴/徐家汇CBD上班，首选地铁2/9号线沿线，通勤半小时内。,周末常去高端商圈消费，热衷打网球和马术，重度手冲咖啡及黑胶唱片发烧友。,夫妻双方积蓄 + 双方父母出资赞助首付 + 公积金商业组合贷款,非仁恒、绿城、万科等金牌开发商不买，极度看重高端精装质量与顶级物业的增值口碑。,常年本地稳定居住，工作日职住通勤动线规则单一。
上_2008_01047,上海,2008,外籍海归,35,男,3.8,19.3,0.4,36.1,4,1,否,A,social,0.8,0.55,0.6,0.58,0.72,0.75,0.66,0.88,0.84,自住-改善,两室两厅,80,2829,合资日化企业技术主管,三口之家(幼龄段),西湖边高精平层,无高端私密会所及管家式物业配套，圈层鱼龙混杂，高净值居住体验差。,讲究超高得房率（超85%），主卧套房必须配备独立步入式衣帽间与干湿分离双卫。,主要在陆家嘴/徐家汇CBD上班，首选地铁2/9号线沿线，通勤半小时内。,周末常去高端商圈消费，热衷打网球和马术，重度手冲咖啡及黑胶唱片发烧友。,名下已有企业股权套现或分红现金，一次性全款付清，基本不加杠杆,非仁恒、绿城、万科等金牌开发商不买，极度看重高端精装质量与顶级物业的增值口碑。,常年本地稳定居住，工作日职住通勤动线规则单一。
上_2008_01048,上海,2008,本地改善,55,男,2.9,33.1,0.45,55.2,4,1,是,B,agent,0.49,0.58,0.49,0.27,0.6,0.84,0.58,0.69,0.64,自住-改善,一室一厅,96,3897,区财政局科员,三口之家(学龄段),上海中环品质两居，车位及空间极其拥挤,小区无地下车库且人车不分流，小孩在楼下玩耍或者推婴儿车极为不安全。,讲究超高得房率（超85%），主卧套房必须配备独立步入式衣帽间与干湿分离双卫。,主要在陆家嘴/徐家汇CBD上班，首选地铁2/9号线沿线，通勤半小时内。,倡导轻户外，周末常带家人自驾野营或山系徒步，注重生活情调与手作咖啡。,名下持有一套旧两居，置换回款 65% + 个人理财储蓄补充 + 公积金商业贷,重性价比，不盲信大牌，但要求物业管理有序、绿化修剪及时、人防技防规范。,常年本地稳定居住，工作日职住通勤动线规则单一。
上_2008_01049,上海,2008,本地改善,57,男,1.2,13.3,0.45,22.1,4,1,是,B,agent,0.85,0.43,0.49,0.58,0.53,0.69,0.78,0.66,0.67,自住-改善,一室一厅,57,2745,邮政局局长秘书,三口之家(学龄段),上海中环品质两居，车位及空间极其拥挤,小区无地下车库且人车不分流，小孩在楼下玩耍或者推婴儿车极为不安全。,要求采光通透，全明户型，带多功能嵌入式收纳墙以最大化空间利用。,主要在陆家嘴/徐家汇CBD上班，首选地铁2/9号线沿线，通勤半小时内。,倡导轻户外，周末常带家人自驾野营或山系徒步，注重生活情调与手作咖啡。,名下持有一套旧两居，置换回款 65% + 个人理财储蓄补充 + 公积金商业贷,重性价比，不盲信大牌，但要求物业管理有序、绿化修剪及时、人防技防规范。,常年本地稳定居住，工作日职住通勤动线规则单一。
上_2008_01050,上海,2008,本地改善,46,女,1.2,11.9,0.45,19.8,3,1,是,B,agent,0.51,0.42,0.53,0.45,0.62,0.9,0.67,0.46,0.62,自住-改善,两室两厅,96,1660,市第二中学地理教师,三口之家(学龄段),上海中环品质两居，车位及空间极其拥挤,小区无地下车库且人车不分流，小孩在楼下玩耍或者推婴儿车极为不安全。,讲究超高得房率（超85%），主卧套房必须配备独立步入式衣帽间与干湿分离双卫。,主要在陆家嘴/徐家汇CBD上班，首选地铁2/9号线沿线，通勤半小时内。,倡导轻户外，周末常带家人自驾野营或山系徒步，注重生活情调与手作咖啡。,名下持有一套旧两居，置换回款 65% + 个人理财储蓄补充 + 公积金商业贷,重性价比，不盲信大牌，但要求物业管理有序、绿化修剪及时、人防技防规范。,常年本地稳定居住，工作日职住通勤动线规则单一。
上_2008_01051,上海,2008,教育型买房,36,女,1.8,14.7,0.4,27.5,3,2,否,B,social,1.0,0.47,0.46,0.56,0.65,0.77,0.57,0.9,0.67,学区房,两室两厅,60,3011,国企车间技术主任,二胎黄金期中大户型,上海中环品质两居，车位及空间极其拥挤,小区无地下车库且人车不分流，小孩在楼下玩耍或者推婴儿车极为不安全。,讲究超高得房率（超85%），主卧套房必须配备独立步入式衣帽间与干湿分离双卫。,主要在陆家嘴/徐家汇CBD上班，首选地铁2/9号线沿线，通勤半小时内。,倡导轻户外，周末常带家人自驾野营或山系徒步，注重生活情调与手作咖啡。,名下持有一套旧两居，置换回款 65% + 个人理财储蓄补充 + 公积金商业贷,重性价比，不盲信大牌，但要求物业管理有序、绿化修剪及时、人防技防规范。,常年本地稳定居住，工作日职住通勤动线规则单一。
上_2008_01052,上海,2008,本地改善,52,男,2.6,29.7,0.45,49.5,4,1,是,B,agent,0.72,0.47,0.55,0.42,0.47,0.85,0.64,0.75,0.61,自住-改善,两室两厅,88,4915,国企车间技术主任,三口之家(学龄段),上海中环品质两居，车位及空间极其拥挤,小区无地下车库且人车不分流，小孩在楼下玩耍或者推婴儿车极为不安全。,讲究超高得房率（超85%），主卧套房必须配备独立步入式衣帽间与干湿分离双卫。,主要在陆家嘴/徐家汇CBD上班，首选地铁2/9号线沿线，通勤半小时内。,倡导轻户外，周末常带家人自驾野营或山系徒步，注重生活情调与手作咖啡。,名下持有一套旧两居，置换回款 65% + 个人理财储蓄补充 + 公积金商业贷,重性价比，不盲信大牌，但要求物业管理有序、绿化修剪及时、人防技防规范。,常年本地稳定居住，工作日职住通勤动线规则单一。
上_2008_01053,上海,2008,教育型买房,35,男,2.2,13.7,0.4,25.7,3,2,否,B,social,0.85,0.58,0.31,0.31,0.68,0.66,0.55,0.9,0.53,学区房,两室一厅,73,1791,邮政局局长秘书,二胎黄金期中大户型,上海中环品质两居，车位及空间极其拥挤,小区无地下车库且人车不分流，小孩在楼下玩耍或者推婴儿车极为不安全。,核心要求地块属于第一梯队名校学区，且周边500米内解决幼小衔接教育配套。,主要在陆家嘴/徐家汇CBD上班，首选地铁2/9号线沿线，通勤半小时内。,倡导轻户外，周末常带家人自驾野营或山系徒步，注重生活情调与手作咖啡。,名下持有一套旧两居，置换回款 65% + 个人理财储蓄补充 + 公积金商业贷,重性价比，不盲信大牌，但要求物业管理有序、绿化修剪及时、人防技防规范。,常年本地稳定居住，工作日职住通勤动线规则单一。
上_2008_01054,上海,2008,金融精英,44,女,8.5,70.0,0.4,131.2,4,1,否,A,research,0.81,0.5,0.7,0.6,0.8,0.76,0.75,0.63,0.87,自住-改善,一室一厅,52,20066,申银万国证券分析员,三口之家(学龄段),市中心私密洋房住宅,无高端私密会所及管家式物业配套，圈层鱼龙混杂，高净值居住体验差。,讲究超高得房率（超85%），主卧套房必须配备独立步入式衣帽间与干湿分离双卫。,主要在陆家嘴/徐家汇CBD上班，首选地铁2/9号线沿线，通勤半小时内。,周末常去高端商圈消费，热衷打网球和马术，重度手冲咖啡及黑胶唱片发烧友。,名下已有企业股权套现或分红现金，一次性全款付清，基本不加杠杆,非仁恒、绿城、万科等金牌开发商不买，极度看重高端精装质量与顶级物业的增值口碑。,常年本地稳定居住，工作日职住通勤动线规则单一。
上_2008_01055,上海,2008,金融精英,46,男,3.4,28.8,0.4,54.0,3,2,否,A,research,0.51,0.43,0.63,0.69,0.64,0.95,0.71,0.66,0.92,自住-改善,一室一厅,58,6013,申银万国证券分析员,二胎黄金期中大户型,陆家嘴核心区江景大平层,无高端私密会所及管家式物业配套，圈层鱼龙混杂，高净值居住体验差。,讲究超高得房率（超85%），主卧套房必须配备独立步入式衣帽间与干湿分离双卫。,主要在陆家嘴/徐家汇CBD上班，首选地铁2/9号线沿线，通勤半小时内。,周末常去高端商圈消费，热衷打网球和马术，重度手冲咖啡及黑胶唱片发烧友。,名下已有企业股权套现或分红现金，一次性全款付清，基本不加杠杆,非仁恒、绿城、万科等金牌开发商不买，极度看重高端精装质量与顶级物业的增值口碑。,常年本地稳定居住，工作日职住通勤动线规则单一。
上_2008_01056,上海,2008,教育型买房,47,女,1.1,10.5,0.4,19.8,4,1,是,B,social,1,0.51,0.46,0.42,0.54,0.79,0.51,0.85,0.54,学区房,两室一厅,92,1303,市第二中学地理教师,三口之家(学龄段),上海中环品质两居，车位及空间极其拥挤,小区无地下车库且人车不分流，小孩在楼下玩耍或者推婴儿车极为不安全。,讲究超高得房率（超85%），主卧套房必须配备独立步入式衣帽间与干湿分离双卫。,主要在陆家嘴/徐家汇CBD上班，首选地铁2/9号线沿线，通勤半小时内。,倡导轻户外，周末常带家人自驾野营或山系徒步，注重生活情调与手作咖啡。,名下持有一套旧两居，置换回款 65% + 个人理财储蓄补充 + 公积金商业贷,重性价比，不盲信大牌，但要求物业管理有序、绿化修剪及时、人防技防规范。,常年本地稳定居住，工作日职住通勤动线规则单一。
上_2008_01057,上海,2008,本地改善,42,女,2.8,26.7,0.45,44.6,4,2,是,B,agent,0.91,0.54,0.54,0.45,0.6,0.81,0.62,0.64,0.67,自住-改善,一室一厅,59,5691,市第二中学地理教师,二胎黄金期中大户型,上海中环品质两居，车位及空间极其拥挤,小区无地下车库且人车不分流，小孩在楼下玩耍或者推婴儿车极为不安全。,讲究超高得房率（超85%），主卧套房必须配备独立步入式衣帽间与干湿分离双卫。,主要在陆家嘴/徐家汇CBD上班，首选地铁2/9号线沿线，通勤半小时内。,倡导轻户外，周末常带家人自驾野营或山系徒步，注重生活情调与手作咖啡。,名下持有一套旧两居，置换回款 65% + 个人理财储蓄补充 + 公积金商业贷,重性价比，不盲信大牌，但要求物业管理有序、绿化修剪及时、人防技防规范。,常年本地稳定居住，工作日职住通勤动线规则单一。
上_2008_01058,上海,2008,教育型买房,35,男,4.4,37.0,0.4,69.4,3,1,是,B,social,0.89,0.6,0.38,0.41,0.54,0.8,0.54,0.96,0.54,学区房,一室一厅,73,7751,市第二中学地理教师,三口之家(幼龄段),上海中环品质两居，车位及空间极其拥挤,小区无地下车库且人车不分流，小孩在楼下玩耍或者推婴儿车极为不安全。,讲究超高得房率（超85%），主卧套房必须配备独立步入式衣帽间与干湿分离双卫。,主要在陆家嘴/徐家汇CBD上班，首选地铁2/9号线沿线，通勤半小时内。,倡导轻户外，周末常带家人自驾野营或山系徒步，注重生活情调与手作咖啡。,名下持有一套旧两居，置换回款 65% + 个人理财储蓄补充 + 公积金商业贷,重性价比，不盲信大牌，但要求物业管理有序、绿化修剪及时、人防技防规范。,常年本地稳定居住，工作日职住通勤动线规则单一。
上_2008_01059,上海,2008,长三角家庭,35,男,2.6,22.5,0.45,37.5,4,2,否,B,agent,0.9,0.64,0.51,0.38,0.5,0.91,0.53,0.62,0.71,自住-首套,两室两厅,93,2034,市第二中学地理教师,二胎黄金期中大户型,上海中环品质两居，车位及空间极其拥挤,小区无地下车库且人车不分流，小孩在楼下玩耍或者推婴儿车极为不安全。,讲究超高得房率（超85%），主卧套房必须配备独立步入式衣帽间与干湿分离双卫。,主要在陆家嘴/徐家汇CBD上班，首选地铁2/9号线沿线，通勤半小时内。,倡导轻户外，周末常带家人自驾野营或山系徒步，注重生活情调与手作咖啡。,夫妻双方积蓄 + 双方父母出资赞助首付 + 公积金商业组合贷款,非仁恒、绿城、万科等金牌开发商不买，极度看重高端精装质量与顶级物业的增值口碑。,常年本地稳定居住，工作日职住通勤动线规则单一。
上_2008_01060,上海,2008,本地改善,51,女,2.6,18.2,0.45,30.4,3,2,是,B,agent,0.7,0.52,0.47,0.34,0.62,0.86,0.65,0.71,0.63,自住-改善,两室一厅,71,2634,邮政局局长秘书,二胎黄金期中大户型,上海中环品质两居，车位及空间极其拥挤,小区无地下车库且人车不分流，小孩在楼下玩耍或者推婴儿车极为不安全。,讲究超高得房率（超85%），主卧套房必须配备独立步入式衣帽间与干湿分离双卫。,主要在陆家嘴/徐家汇CBD上班，首选地铁2/9号线沿线，通勤半小时内。,倡导轻户外，周末常带家人自驾野营或山系徒步，注重生活情调与手作咖啡。,名下持有一套旧两居，置换回款 65% + 个人理财储蓄补充 + 公积金商业贷,重性价比，不盲信大牌，但要求物业管理有序、绿化修剪及时、人防技防规范。,常年本地稳定居住，工作日职住通勤动线规则单一。
上_2008_01061,上海,2008,金融精英,44,女,6.5,48.3,0.4,90.6,3,2,否,A,research,0.72,0.48,0.71,0.51,0.78,0.72,0.67,0.92,0.8,自住-改善,两室一厅,51,12990,商业银行支行信贷科长,二胎黄金期中大户型,陆家嘴核心区江景大平层,无高端私密会所及管家式物业配套，圈层鱼龙混杂，高净值居住体验差。,要求有超大面宽南向双阳台（观景家政分离），主卧大飘窗能270度直面自然景观。,主要在陆家嘴/徐家汇CBD上班，首选地铁2/9号线沿线，通勤半小时内。,周末常去高端商圈消费，热衷打网球和马术，重度手冲咖啡及黑胶唱片发烧友。,名下已有企业股权套现或分红现金，一次性全款付清，基本不加杠杆,非仁恒、绿城、万科等金牌开发商不买，极度看重高端精装质量与顶级物业的增值口碑。,常年本地稳定居住，工作日职住通勤动线规则单一。
上_2008_01062,上海,2008,金融精英,34,女,7.0,60.0,0.4,112.4,1,1,否,A,research,0.85,0.47,0.76,0.53,0.86,0.81,0.74,0.74,0.77,婚房,一室一厅,60,16143,老牌证券公司营业部经理,三口之家(幼龄段),陆家嘴核心区江景大平层,无高端私密会所及管家式物业配套，圈层鱼龙混杂，高净值居住体验差。,要求有超大面宽南向双阳台（观景家政分离），主卧大飘窗能270度直面自然景观。,主要在陆家嘴/徐家汇CBD上班，首选地铁2/9号线沿线，通勤半小时内。,周末常去高端商圈消费，热衷打网球和马术，重度手冲咖啡及黑胶唱片发烧友。,夫妻双方积蓄 + 双方父母出资赞助首付 + 公积金商业组合贷款,非仁恒、绿城、万科等金牌开发商不买，极度看重高端精装质量与顶级物业的增值口碑。,常年本地稳定居住，工作日职住通勤动线规则单一。
上_2008_01063,上海,2008,本地改善,52,女,2.1,26.0,0.45,43.3,5,2,是,B,agent,0.81,0.42,0.54,0.59,0.44,0.87,0.6,0.76,0.47,自住-改善,两室一厅,70,4113,国企车间技术主任,二胎黄金期中大户型,上海中环品质两居，车位及空间极其拥挤,小区无地下车库且人车不分流，小孩在楼下玩耍或者推婴儿车极为不安全。,讲究超高得房率（超85%），主卧套房必须配备独立步入式衣帽间与干湿分离双卫。,主要在陆家嘴/徐家汇CBD上班，首选地铁2/9号线沿线，通勤半小时内。,倡导轻户外，周末常带家人自驾野营或山系徒步，注重生活情调与手作咖啡。,名下持有一套旧两居，置换回款 65% + 个人理财储蓄补充 + 公积金商业贷,重性价比，不盲信大牌，但要求物业管理有序、绿化修剪及时、人防技防规范。,常年本地稳定居住，工作日职住通勤动线规则单一。
上_2008_01064,上海,2008,教育型买房,47,男,2.5,19.4,0.4,36.3,3,1,否,B,social,0.91,0.43,0.47,0.43,0.74,0.66,0.54,0.95,0.71,学区房,两室两厅,81,3304,区财政局科员,三口之家(学龄段),上海中环品质两居，车位及空间极其拥挤,小区无地下车库且人车不分流，小孩在楼下玩耍或者推婴儿车极为不安全。,核心要求地块属于第一梯队名校学区，且周边500米内解决幼小衔接教育配套。,主要在陆家嘴/徐家汇CBD上班，首选地铁2/9号线沿线，通勤半小时内。,倡导轻户外，周末常带家人自驾野营或山系徒步，注重生活情调与手作咖啡。,名下持有一套旧两居，置换回款 65% + 个人理财储蓄补充 + 公积金商业贷,非仁恒、绿城、万科等金牌开发商不买，极度看重高端精装质量与顶级物业的增值口碑。,常年本地稳定居住，工作日职住通勤动线规则单一。
上_2008_01065,上海,2008,本地改善,44,女,2.1,23.0,0.45,38.3,3,1,是,B,agent,0.87,0.56,0.59,0.63,0.46,0.74,0.55,0.55,0.63,自住-改善,两室一厅,100,2462,邮政局局长秘书,三口之家(学龄段),上海中环品质两居，车位及空间极其拥挤,小区无地下车库且人车不分流，小孩在楼下玩耍或者推婴儿车极为不安全。,讲究超高得房率（超85%），主卧套房必须配备独立步入式衣帽间与干湿分离双卫。,主要在陆家嘴/徐家汇CBD上班，首选地铁2/9号线沿线，通勤半小时内。,倡导轻户外，周末常带家人自驾野营或山系徒步，注重生活情调与手作咖啡。,名下持有一套旧两居，置换回款 65% + 个人理财储蓄补充 + 公积金商业贷,重性价比，不盲信大牌，但要求物业管理有序、绿化修剪及时、人防技防规范。,常年本地稳定居住，工作日职住通勤动线规则单一。
上_2008_01066,上海,2008,金融精英,36,男,1.7,10.4,0.4,19.5,4,1,否,A,research,0.75,0.52,0.63,0.7,0.72,0.73,0.58,0.91,0.77,自住-首套,两室一厅,94,1158,老牌证券公司营业部经理,三口之家(幼龄段),市中心私密洋房住宅,无高端私密会所及管家式物业配套，圈层鱼龙混杂，高净值居住体验差。,讲究超高得房率（超85%），主卧套房必须配备独立步入式衣帽间与干湿分离双卫。,主要在陆家嘴/徐家汇CBD上班，首选地铁2/9号线沿线，通勤半小时内。,周末常去高端商圈消费，热衷打网球和马术，重度手冲咖啡及黑胶唱片发烧友。,夫妻双方积蓄 + 双方父母出资赞助首付 + 公积金商业组合贷款,非仁恒、绿城、万科等金牌开发商不买，极度看重高端精装质量与顶级物业的增值口碑。,常年本地稳定居住，工作日职住通勤动线规则单一。
上_2008_01067,上海,2008,金融精英,42,男,4.5,47.1,0.4,88.3,2,0,否,A,research,0.72,0.6,0.69,0.56,0.81,0.75,0.72,0.75,0.92,自住-首套,一室一厅,71,10647,申银万国证券分析员,成熟期核心家庭,西湖边高精平层,无高端私密会所及管家式物业配套，圈层鱼龙混杂，高净值居住体验差。,讲究超高得房率（超85%），主卧套房必须配备独立步入式衣帽间与干湿分离双卫。,主要在陆家嘴/徐家汇CBD上班，首选地铁2/9号线沿线，通勤半小时内。,周末常去高端商圈消费，热衷打网球和马术，重度手冲咖啡及黑胶唱片发烧友。,夫妻双方积蓄 + 双方父母出资赞助首付 + 公积金商业组合贷款,非仁恒、绿城、万科等金牌开发商不买，极度看重高端精装质量与顶级物业的增值口碑。,常年本地稳定居住，工作日职住通勤动线规则单一。
上_2008_01068,上海,2008,教育型买房,44,男,2.1,19.6,0.4,36.8,4,0,是,B,social,0.84,0.51,0.25,0.31,0.5,0.68,0.57,1,0.6,学区房,一室一厅,54,4022,区财政局科员,成熟期核心家庭,上海中环品质两居，车位及空间极其拥挤,当前房屋属于旧多层无电梯房，父母年纪渐高每天爬楼梯极为吃力。,核心要求地块属于第一梯队名校学区，且周边500米内解决幼小衔接教育配套。,主要在陆家嘴/徐家汇CBD上班，首选地铁2/9号线沿线，通勤半小时内。,倡导轻户外，周末常带家人自驾野营或山系徒步，注重生活情调与手作咖啡。,名下持有一套旧两居，置换回款 65% + 个人理财储蓄补充 + 公积金商业贷,重性价比，不盲信大牌，但要求物业管理有序、绿化修剪及时、人防技防规范。,常年本地稳定居住，工作日职住通勤动线规则单一。
上_2008_01069,上海,2008,本地改善,50,男,1.2,10.0,0.45,16.7,4,2,是,B,agent,0.72,0.56,0.65,0.54,0.49,0.69,0.67,0.71,0.64,自住-改善,两室一厅,57,2136,市第二中学地理教师,二胎黄金期中大户型,上海中环品质两居，车位及空间极其拥挤,小区无地下车库且人车不分流，小孩在楼下玩耍或者推婴儿车极为不安全。,核心要求地块属于第一梯队名校学区，且周边500米内解决幼小衔接教育配套。,主要在陆家嘴/徐家汇CBD上班，首选地铁2/9号线沿线，通勤半小时内。,倡导轻户外，周末常带家人自驾野营或山系徒步，注重生活情调与手作咖啡。,名下持有一套旧两居，置换回款 65% + 个人理财储蓄补充 + 公积金商业贷,重性价比，不盲信大牌，但要求物业管理有序、绿化修剪及时、人防技防规范。,常年本地稳定居住，工作日职住通勤动线规则单一。
上_2008_01070,上海,2008,本地改善,51,男,3.2,34.0,0.45,56.6,4,2,否,B,agent,0.77,0.59,0.53,0.55,0.55,0.85,0.57,0.57,0.51,自住-改善,一室一厅,84,4592,区财政局科员,二胎黄金期中大户型,上海中环品质两居，车位及空间极其拥挤,小区无地下车库且人车不分流，小孩在楼下玩耍或者推婴儿车极为不安全。,讲究超高得房率（超85%），主卧套房必须配备独立步入式衣帽间与干湿分离双卫。,主要在陆家嘴/徐家汇CBD上班，首选地铁2/9号线沿线，通勤半小时内。,倡导轻户外，周末常带家人自驾野营或山系徒步，注重生活情调与手作咖啡。,名下持有一套旧两居，置换回款 65% + 个人理财储蓄补充 + 公积金商业贷,重性价比，不盲信大牌，但要求物业管理有序、绿化修剪及时、人防技防规范。,常年本地稳定居住，工作日职住通勤动线规则单一。
上_2008_01071,上海,2008,金融精英,43,男,3.1,28.9,0.4,54.1,2,1,是,A,research,0.98,0.54,0.58,0.65,0.76,0.82,0.55,0.69,0.9,自住-改善,两室两厅,55,5700,商业银行支行信贷科长,三口之家(学龄段),陆家嘴核心区江景大平层,当前房屋属于旧多层无电梯房，父母年纪渐高每天爬楼梯极为吃力。,讲究超高得房率（超85%），主卧套房必须配备独立步入式衣帽间与干湿分离双卫。,主要在陆家嘴/徐家汇CBD上班，首选地铁2/9号线沿线，通勤半小时内。,周末常去高端商圈消费，热衷打网球和马术，重度手冲咖啡及黑胶唱片发烧友。,名下已有企业股权套现或分红现金，一次性全款付清，基本不加杠杆,非仁恒、绿城、万科等金牌开发商不买，极度看重高端精装质量与顶级物业的增值口碑。,常年本地稳定居住，工作日职住通勤动线规则单一。
上_2008_01072,上海,2008,长三角家庭,48,男,2.6,13.8,0.45,22.9,3,2,是,B,agent,0.72,0.56,0.41,0.58,0.55,0.81,0.45,0.67,0.63,自住-改善,一室一厅,93,2167,市第二中学地理教师,二胎黄金期中大户型,上海中环品质两居，车位及空间极其拥挤,小区无地下车库且人车不分流，小孩在楼下玩耍或者推婴儿车极为不安全。,讲究超高得房率（超85%），主卧套房必须配备独立步入式衣帽间与干湿分离双卫。,主要在陆家嘴/徐家汇CBD上班，首选地铁2/9号线沿线，通勤半小时内。,倡导轻户外，周末常带家人自驾野营或山系徒步，注重生活情调与手作咖啡。,名下持有一套旧两居，置换回款 65% + 个人理财储蓄补充 + 公积金商业贷,重性价比，不盲信大牌，但要求物业管理有序、绿化修剪及时、人防技防规范。,常年本地稳定居住，工作日职住通勤动线规则单一。
上_2008_01073,上海,2008,教育型买房,48,男,3.2,27.9,0.4,52.2,3,1,否,B,social,0.89,0.47,0.43,0.41,0.55,0.69,0.55,1,0.57,学区房,一室一厅,72,6390,区财政局科员,三口之家(学龄段),上海中环品质两居，车位及空间极其拥挤,小区无地下车库且人车不分流，小孩在楼下玩耍或者推婴儿车极为不安全。,核心要求地块属于第一梯队名校学区，且周边500米内解决幼小衔接教育配套。,主要在陆家嘴/徐家汇CBD上班，首选地铁2/9号线沿线，通勤半小时内。,倡导轻户外，周末常带家人自驾野营或山系徒步，注重生活情调与手作咖啡。,名下持有一套旧两居，置换回款 65% + 个人理财储蓄补充 + 公积金商业贷,重性价比，不盲信大牌，但要求物业管理有序、绿化修剪及时、人防技防规范。,常年本地稳定居住，工作日职住通勤动线规则单一。
上_2008_01074,上海,2008,本地改善,47,女,1.7,18.3,0.45,30.5,3,2,否,B,agent,0.79,0.48,0.54,0.5,0.49,0.72,0.64,0.8,0.59,自住-改善,一室一厅,93,2196,区财政局科员,二胎黄金期中大户型,上海中环品质两居，车位及空间极其拥挤,小区无地下车库且人车不分流，小孩在楼下玩耍或者推婴儿车极为不安全。,讲究超高得房率（超85%），主卧套房必须配备独立步入式衣帽间与干湿分离双卫。,主要在陆家嘴/徐家汇CBD上班，首选地铁2/9号线沿线，通勤半小时内。,倡导轻户外，周末常带家人自驾野营或山系徒步，注重生活情调与手作咖啡。,名下持有一套旧两居，置换回款 65% + 个人理财储蓄补充 + 公积金商业贷,重性价比，不盲信大牌，但要求物业管理有序、绿化修剪及时、人防技防规范。,常年本地稳定居住，工作日职住通勤动线规则单一。
上_2008_01075,上海,2008,本地改善,48,女,2.4,29.3,0.45,48.9,4,2,否,B,agent,0.6,0.38,0.6,0.6,0.55,0.91,0.72,0.58,0.62,自住-改善,一室一厅,74,5863,国企车间技术主任,二胎黄金期中大户型,上海中环品质两居，车位及空间极其拥挤,小区无地下车库且人车不分流，小孩在楼下玩耍或者推婴儿车极为不安全。,讲究超高得房率（超85%），主卧套房必须配备独立步入式衣帽间与干湿分离双卫。,主要在陆家嘴/徐家汇CBD上班，首选地铁2/9号线沿线，通勤半小时内。,倡导轻户外，周末常带家人自驾野营或山系徒步，注重生活情调与手作咖啡。,名下持有一套旧两居，置换回款 65% + 个人理财储蓄补充 + 公积金商业贷,重性价比，不盲信大牌，但要求物业管理有序、绿化修剪及时、人防技防规范。,常年本地稳定居住，工作日职住通勤动线规则单一。
上_2008_01076,上海,2008,教育型买房,33,女,2.9,19.0,0.4,35.6,4,1,否,B,social,0.96,0.61,0.28,0.45,0.46,0.72,0.57,0.98,0.57,学区房,两室两厅,56,4187,市第二中学地理教师,三口之家(幼龄段),上海中环品质两居，车位及空间极其拥挤,小区无地下车库且人车不分流，小孩在楼下玩耍或者推婴儿车极为不安全。,讲究超高得房率（超85%），主卧套房必须配备独立步入式衣帽间与干湿分离双卫。,主要在陆家嘴/徐家汇CBD上班，首选地铁2/9号线沿线，通勤半小时内。,倡导轻户外，周末常带家人自驾野营或山系徒步，注重生活情调与手作咖啡。,名下持有一套旧两居，置换回款 65% + 个人理财储蓄补充 + 公积金商业贷,重性价比，不盲信大牌，但要求物业管理有序、绿化修剪及时、人防技防规范。,常年本地稳定居住，工作日职住通勤动线规则单一。
上_2008_01077,上海,2008,金融精英,36,女,1.5,9.0,0.4,16.9,3,2,否,A,research,0.9,0.4,0.65,0.55,0.67,0.84,0.8,0.81,0.82,自住-首套,一室一厅,50,2748,商业银行支行信贷科长,二胎黄金期中大户型,市中心私密洋房住宅,无高端私密会所及管家式物业配套，圈层鱼龙混杂，高净值居住体验差。,讲究超高得房率（超85%），主卧套房必须配备独立步入式衣帽间与干湿分离双卫。,主要在陆家嘴/徐家汇CBD上班，首选地铁2/9号线沿线，通勤半小时内。,周末常去高端商圈消费，热衷打网球和马术，重度手冲咖啡及黑胶唱片发烧友。,夫妻双方积蓄 + 双方父母出资赞助首付 + 公积金商业组合贷款,非仁恒、绿城、万科等金牌开发商不买，极度看重高端精装质量与顶级物业的增值口碑。,常年本地稳定居住，工作日职住通勤动线规则单一。
上_2008_01078,上海,2008,长三角家庭,42,男,2.3,19.4,0.45,32.4,3,2,是,B,agent,0.79,0.57,0.52,0.39,0.33,0.87,0.29,0.78,0.72,自住-改善,两室一厅,91,2257,市第二中学地理教师,二胎黄金期中大户型,上海中环品质两居，车位及空间极其拥挤,小区无地下车库且人车不分流，小孩在楼下玩耍或者推婴儿车极为不安全。,讲究超高得房率（超85%），主卧套房必须配备独立步入式衣帽间与干湿分离双卫。,主要在陆家嘴/徐家汇CBD上班，首选地铁2/9号线沿线，通勤半小时内。,倡导轻户外，周末常带家人自驾野营或山系徒步，注重生活情调与手作咖啡。,名下持有一套旧两居，置换回款 65% + 个人理财储蓄补充 + 公积金商业贷,非仁恒、绿城、万科等金牌开发商不买，极度看重高端精装质量与顶级物业的增值口碑。,常年本地稳定居住，工作日职住通勤动线规则单一。
上_2008_01079,上海,2008,教育型买房,42,男,3.3,19.6,0.4,36.8,3,1,是,B,social,0.77,0.48,0.47,0.29,0.59,0.73,0.51,0.95,0.56,学区房,一室一厅,53,4155,国企车间技术主任,三口之家(学龄段),上海中环品质两居，车位及空间极其拥挤,小区无地下车库且人车不分流，小孩在楼下玩耍或者推婴儿车极为不安全。,讲究超高得房率（超85%），主卧套房必须配备独立步入式衣帽间与干湿分离双卫。,主要在陆家嘴/徐家汇CBD上班，首选地铁2/9号线沿线，通勤半小时内。,倡导轻户外，周末常带家人自驾野营或山系徒步，注重生活情调与手作咖啡。,名下持有一套旧两居，置换回款 65% + 个人理财储蓄补充 + 公积金商业贷,重性价比，不盲信大牌，但要求物业管理有序、绿化修剪及时、人防技防规范。,常年本地稳定居住，工作日职住通勤动线规则单一。
上_2008_01080,上海,2008,教育型买房,43,男,2.3,17.4,0.4,32.7,3,1,否,B,social,0.88,0.43,0.42,0.5,0.57,0.65,0.57,0.99,0.56,学区房,两室两厅,83,2229,邮政局局长秘书,三口之家(学龄段),上海中环品质两居，车位及空间极其拥挤,小区无地下车库且人车不分流，小孩在楼下玩耍或者推婴儿车极为不安全。,核心要求地块属于第一梯队名校学区，且周边500米内解决幼小衔接教育配套。,主要在陆家嘴/徐家汇CBD上班，首选地铁2/9号线沿线，通勤半小时内。,倡导轻户外，周末常带家人自驾野营或山系徒步，注重生活情调与手作咖啡。,名下持有一套旧两居，置换回款 65% + 个人理财储蓄补充 + 公积金商业贷,重性价比，不盲信大牌，但要求物业管理有序、绿化修剪及时、人防技防规范。,常年本地稳定居住，工作日职住通勤动线规则单一。
上_2008_01081,上海,2008,教育型买房,35,男,2.7,17.4,0.4,32.5,3,1,否,B,social,0.72,0.45,0.4,0.3,0.52,0.81,0.61,1,0.69,学区房,一室一厅,52,3905,国企车间技术主任,三口之家(幼龄段),上海中环品质两居，车位及空间极其拥挤,小区无地下车库且人车不分流，小孩在楼下玩耍或者推婴儿车极为不安全。,讲究超高得房率（超85%），主卧套房必须配备独立步入式衣帽间与干湿分离双卫。,主要在陆家嘴/徐家汇CBD上班，首选地铁2/9号线沿线，通勤半小时内。,倡导轻户外，周末常带家人自驾野营或山系徒步，注重生活情调与手作咖啡。,名下持有一套旧两居，置换回款 65% + 个人理财储蓄补充 + 公积金商业贷,重性价比，不盲信大牌，但要求物业管理有序、绿化修剪及时、人防技防规范。,常年本地稳定居住，工作日职住通勤动线规则单一。
上_2008_01082,上海,2008,本地改善,54,男,1.9,18.4,0.45,30.6,3,2,否,B,agent,0.74,0.55,0.53,0.46,0.63,0.76,0.7,0.68,0.49,自住-改善,一室一厅,50,4877,区财政局科员,二胎黄金期中大户型,上海中环品质两居，车位及空间极其拥挤,小区无地下车库且人车不分流，小孩在楼下玩耍或者推婴儿车极为不安全。,讲究超高得房率（超85%），主卧套房必须配备独立步入式衣帽间与干湿分离双卫。,主要在陆家嘴/徐家汇CBD上班，首选地铁2/9号线沿线，通勤半小时内。,倡导轻户外，周末常带家人自驾野营或山系徒步，注重生活情调与手作咖啡。,名下持有一套旧两居，置换回款 65% + 个人理财储蓄补充 + 公积金商业贷,重性价比，不盲信大牌，但要求物业管理有序、绿化修剪及时、人防技防规范。,常年本地稳定居住，工作日职住通勤动线规则单一。
上_2008_01083,上海,2008,本地改善,47,女,1.3,13.7,0.45,22.8,4,2,否,B,agent,0.47,0.57,0.57,0.5,0.68,0.84,0.6,0.62,0.72,自住-改善,两室两厅,55,3514,区财政局科员,二胎黄金期中大户型,上海中环品质两居，车位及空间极其拥挤,小区无地下车库且人车不分流，小孩在楼下玩耍或者推婴儿车极为不安全。,讲究超高得房率（超85%），主卧套房必须配备独立步入式衣帽间与干湿分离双卫。,主要在陆家嘴/徐家汇CBD上班，首选地铁2/9号线沿线，通勤半小时内。,倡导轻户外，周末常带家人自驾野营或山系徒步，注重生活情调与手作咖啡。,名下持有一套旧两居，置换回款 65% + 个人理财储蓄补充 + 公积金商业贷,非仁恒、绿城、万科等金牌开发商不买，极度看重高端精装质量与顶级物业的增值口碑。,常年本地稳定居住，工作日职住通勤动线规则单一。
上_2008_01084,上海,2008,教育型买房,44,女,2.6,15.4,0.4,28.9,4,1,是,B,social,1.0,0.55,0.47,0.39,0.46,0.63,0.47,1,0.55,学区房,两室两厅,80,2577,区财政局科员,三口之家(学龄段),上海中环品质两居，车位及空间极其拥挤,小区无地下车库且人车不分流，小孩在楼下玩耍或者推婴儿车极为不安全。,核心要求地块属于第一梯队名校学区，且周边500米内解决幼小衔接教育配套。,主要在陆家嘴/徐家汇CBD上班，首选地铁2/9号线沿线，通勤半小时内。,倡导轻户外，周末常带家人自驾野营或山系徒步，注重生活情调与手作咖啡。,名下持有一套旧两居，置换回款 65% + 个人理财储蓄补充 + 公积金商业贷,重性价比，不盲信大牌，但要求物业管理有序、绿化修剪及时、人防技防规范。,常年本地稳定居住，工作日职住通勤动线规则单一。
上_2008_01085,上海,2008,教育型买房,34,女,2.4,15.0,0.4,28.2,3,1,否,B,social,1,0.46,0.5,0.46,0.44,0.54,0.63,0.82,0.45,学区房,两室一厅,93,2505,区财政局科员,三口之家(幼龄段),上海中环品质两居，车位及空间极其拥挤,小区无地下车库且人车不分流，小孩在楼下玩耍或者推婴儿车极为不安全。,核心要求地块属于第一梯队名校学区，且周边500米内解决幼小衔接教育配套。,主要在陆家嘴/徐家汇CBD上班，首选地铁2/9号线沿线，通勤半小时内。,倡导轻户外，周末常带家人自驾野营或山系徒步，注重生活情调与手作咖啡。,名下持有一套旧两居，置换回款 65% + 个人理财储蓄补充 + 公积金商业贷,重性价比，不盲信大牌，但要求物业管理有序、绿化修剪及时、人防技防规范。,常年本地稳定居住，工作日职住通勤动线规则单一。
上_2008_01086,上海,2008,教育型买房,48,男,2.4,22.7,0.4,42.6,1,1,否,B,social,0.7,0.61,0.43,0.45,0.73,0.66,0.54,0.89,0.6,学区房,两室两厅,66,3653,邮政局局长秘书,三口之家(学龄段),上海中环品质两居，车位及空间极其拥挤,小区无地下车库且人车不分流，小孩在楼下玩耍或者推婴儿车极为不安全。,核心要求地块属于第一梯队名校学区，且周边500米内解决幼小衔接教育配套。,主要在陆家嘴/徐家汇CBD上班，首选地铁2/9号线沿线，通勤半小时内。,倡导轻户外，周末常带家人自驾野营或山系徒步，注重生活情调与手作咖啡。,名下持有一套旧两居，置换回款 65% + 个人理财储蓄补充 + 公积金商业贷,重性价比，不盲信大牌，但要求物业管理有序、绿化修剪及时、人防技防规范。,常年本地稳定居住，工作日职住通勤动线规则单一。
上_2008_01087,上海,2008,本地改善,54,男,3.4,30.5,0.45,50.9,4,2,是,B,agent,0.87,0.41,0.58,0.5,0.5,0.75,0.75,0.71,0.63,自住-改善,一室一厅,58,6836,市第二中学地理教师,二胎黄金期中大户型,上海中环品质两居，车位及空间极其拥挤,小区无地下车库且人车不分流，小孩在楼下玩耍或者推婴儿车极为不安全。,讲究超高得房率（超85%），主卧套房必须配备独立步入式衣帽间与干湿分离双卫。,主要在陆家嘴/徐家汇CBD上班，首选地铁2/9号线沿线，通勤半小时内。,倡导轻户外，周末常带家人自驾野营或山系徒步，注重生活情调与手作咖啡。,名下持有一套旧两居，置换回款 65% + 个人理财储蓄补充 + 公积金商业贷,重性价比，不盲信大牌，但要求物业管理有序、绿化修剪及时、人防技防规范。,常年本地稳定居住，工作日职住通勤动线规则单一。
上_2008_01088,上海,2008,本地改善,58,女,2.5,30.4,0.45,50.7,4,2,是,B,agent,0.85,0.5,0.48,0.49,0.49,0.76,0.69,0.75,0.63,自住-改善,两室两厅,74,4247,邮政局局长秘书,二胎黄金期中大户型,上海中环品质两居，车位及空间极其拥挤,小区无地下车库且人车不分流，小孩在楼下玩耍或者推婴儿车极为不安全。,讲究超高得房率（超85%），主卧套房必须配备独立步入式衣帽间与干湿分离双卫。,主要在陆家嘴/徐家汇CBD上班，首选地铁2/9号线沿线，通勤半小时内。,倡导轻户外，周末常带家人自驾野营或山系徒步，注重生活情调与手作咖啡。,名下持有一套旧两居，置换回款 65% + 个人理财储蓄补充 + 公积金商业贷,重性价比，不盲信大牌，但要求物业管理有序、绿化修剪及时、人防技防规范。,常年本地稳定居住，工作日职住通勤动线规则单一。
上_2008_01089,上海,2008,金融精英,33,女,6.1,35.4,0.4,66.4,3,1,否,A,research,0.81,0.51,0.64,0.59,0.75,0.85,0.67,0.87,0.69,自住-首套,一室一厅,72,5134,商业银行支行信贷科长,三口之家(幼龄段),陆家嘴核心区江景大平层,无高端私密会所及管家式物业配套，圈层鱼龙混杂，高净值居住体验差。,讲究超高得房率（超85%），主卧套房必须配备独立步入式衣帽间与干湿分离双卫。,主要在陆家嘴/徐家汇CBD上班，首选地铁2/9号线沿线，通勤半小时内。,周末常去高端商圈消费，热衷打网球和马术，重度手冲咖啡及黑胶唱片发烧友。,夫妻双方积蓄 + 双方父母出资赞助首付 + 公积金商业组合贷款,重性价比，不盲信大牌，但要求物业管理有序、绿化修剪及时、人防技防规范。,常年本地稳定居住，工作日职住通勤动线规则单一。
上_2008_01090,上海,2008,长三角家庭,53,男,3.9,25.1,0.45,41.8,3,2,是,B,agent,0.76,0.61,0.59,0.57,0.58,0.86,0.32,0.72,0.61,自住-首套,一室一厅,80,4375,邮政局局长秘书,二胎黄金期中大户型,上海中环品质两居，车位及空间极其拥挤,小区无地下车库且人车不分流，小孩在楼下玩耍或者推婴儿车极为不安全。,讲究超高得房率（超85%），主卧套房必须配备独立步入式衣帽间与干湿分离双卫。,主要在陆家嘴/徐家汇CBD上班，首选地铁2/9号线沿线，通勤半小时内。,倡导轻户外，周末常带家人自驾野营或山系徒步，注重生活情调与手作咖啡。,夫妻双方积蓄 + 双方父母出资赞助首付 + 公积金商业组合贷款,重性价比，不盲信大牌，但要求物业管理有序、绿化修剪及时、人防技防规范。,常年本地稳定居住，工作日职住通勤动线规则单一。
上_2008_01091,上海,2008,长三角家庭,50,女,4.6,39.8,0.45,66.4,4,2,否,B,agent,1,0.67,0.6,0.48,0.55,0.84,0.24,0.75,0.76,自住-首套,两室两厅,64,6248,区财政局科员,二胎黄金期中大户型,上海中环品质两居，车位及空间极其拥挤,小区无地下车库且人车不分流，小孩在楼下玩耍或者推婴儿车极为不安全。,讲究超高得房率（超85%），主卧套房必须配备独立步入式衣帽间与干湿分离双卫。,主要在陆家嘴/徐家汇CBD上班，首选地铁2/9号线沿线，通勤半小时内。,倡导轻户外，周末常带家人自驾野营或山系徒步，注重生活情调与手作咖啡。,夫妻双方积蓄 + 双方父母出资赞助首付 + 公积金商业组合贷款,非仁恒、绿城、万科等金牌开发商不买，极度看重高端精装质量与顶级物业的增值口碑。,常年本地稳定居住，工作日职住通勤动线规则单一。
上_2008_01092,上海,2008,本地改善,39,男,4.0,37.9,0.45,63.1,3,2,否,B,agent,0.67,0.57,0.38,0.67,0.51,0.76,0.63,0.59,0.53,自住-改善,一室一厅,93,3492,市第二中学地理教师,二胎黄金期中大户型,上海中环品质两居，车位及空间极其拥挤,小区无地下车库且人车不分流，小孩在楼下玩耍或者推婴儿车极为不安全。,讲究超高得房率（超85%），主卧套房必须配备独立步入式衣帽间与干湿分离双卫。,主要在陆家嘴/徐家汇CBD上班，首选地铁2/9号线沿线，通勤半小时内。,倡导轻户外，周末常带家人自驾野营或山系徒步，注重生活情调与手作咖啡。,名下持有一套旧两居，置换回款 65% + 个人理财储蓄补充 + 公积金商业贷,重性价比，不盲信大牌，但要求物业管理有序、绿化修剪及时、人防技防规范。,常年本地稳定居住，工作日职住通勤动线规则单一。
上_2008_01093,上海,2008,本地改善,57,男,1.5,16.7,0.45,27.8,4,2,是,B,agent,0.92,0.55,0.52,0.41,0.6,0.87,0.52,0.89,0.55,自住-改善,两室两厅,51,4702,国企车间技术主任,二胎黄金期中大户型,上海中环品质两居，车位及空间极其拥挤,小区无地下车库且人车不分流，小孩在楼下玩耍或者推婴儿车极为不安全。,讲究超高得房率（超85%），主卧套房必须配备独立步入式衣帽间与干湿分离双卫。,主要在陆家嘴/徐家汇CBD上班，首选地铁2/9号线沿线，通勤半小时内。,倡导轻户外，周末常带家人自驾野营或山系徒步，注重生活情调与手作咖啡。,名下持有一套旧两居，置换回款 65% + 个人理财储蓄补充 + 公积金商业贷,重性价比，不盲信大牌，但要求物业管理有序、绿化修剪及时、人防技防规范。,常年本地稳定居住，工作日职住通勤动线规则单一。
上_2008_01094,上海,2008,金融精英,42,女,2.2,17.2,0.4,32.3,2,0,是,A,research,0.8,0.56,0.62,0.56,0.86,0.74,0.76,0.85,0.96,自住-首套,两室一厅,75,3496,老牌证券公司营业部经理,成熟期核心家庭,陆家嘴核心区江景大平层,当前房屋属于旧多层无电梯房，父母年纪渐高每天爬楼梯极为吃力。,讲究超高得房率（超85%），主卧套房必须配备独立步入式衣帽间与干湿分离双卫。,主要在陆家嘴/徐家汇CBD上班，首选地铁2/9号线沿线，通勤半小时内。,周末常去高端商圈消费，热衷打网球和马术，重度手冲咖啡及黑胶唱片发烧友。,夫妻双方积蓄 + 双方父母出资赞助首付 + 公积金商业组合贷款,非仁恒、绿城、万科等金牌开发商不买，极度看重高端精装质量与顶级物业的增值口碑。,常年本地稳定居住，工作日职住通勤动线规则单一。
上_2008_01095,上海,2008,教育型买房,37,女,3.1,30.3,0.4,56.8,4,0,否,B,social,0.92,0.46,0.29,0.33,0.66,0.66,0.55,1,0.68,学区房,两室一厅,65,4409,区财政局科员,成熟期核心家庭,上海中环品质两居，车位及空间极其拥挤,老小区隔音差，邻里滋扰严重，且车位严重匮乏，每晚加班回来抢车位像打仗。,核心要求地块属于第一梯队名校学区，且周边500米内解决幼小衔接教育配套。,主要在陆家嘴/徐家汇CBD上班，首选地铁2/9号线沿线，通勤半小时内。,倡导轻户外，周末常带家人自驾野营或山系徒步，注重生活情调与手作咖啡。,名下持有一套旧两居，置换回款 65% + 个人理财储蓄补充 + 公积金商业贷,重性价比，不盲信大牌，但要求物业管理有序、绿化修剪及时、人防技防规范。,常年本地稳定居住，工作日职住通勤动线规则单一。
上_2008_01096,上海,2008,教育型买房,42,女,2.0,20.3,0.4,38.0,2,1,否,B,social,0.82,0.5,0.54,0.42,0.59,0.81,0.53,1,0.59,学区房,两室两厅,55,3594,邮政局局长秘书,三口之家(学龄段),上海中环品质两居，车位及空间极其拥挤,小区无地下车库且人车不分流，小孩在楼下玩耍或者推婴儿车极为不安全。,讲究超高得房率（超85%），主卧套房必须配备独立步入式衣帽间与干湿分离双卫。,主要在陆家嘴/徐家汇CBD上班，首选地铁2/9号线沿线，通勤半小时内。,倡导轻户外，周末常带家人自驾野营或山系徒步，注重生活情调与手作咖啡。,名下持有一套旧两居，置换回款 65% + 个人理财储蓄补充 + 公积金商业贷,重性价比，不盲信大牌，但要求物业管理有序、绿化修剪及时、人防技防规范。,常年本地稳定居住，工作日职住通勤动线规则单一。
上_2008_01097,上海,2008,本地改善,43,男,2.3,16.3,0.45,27.1,3,2,否,B,agent,1,0.41,0.49,0.52,0.59,0.91,0.54,0.73,0.63,自住-改善,两室一厅,67,2648,市第二中学地理教师,二胎黄金期中大户型,上海中环品质两居，车位及空间极其拥挤,小区无地下车库且人车不分流，小孩在楼下玩耍或者推婴儿车极为不安全。,讲究超高得房率（超85%），主卧套房必须配备独立步入式衣帽间与干湿分离双卫。,主要在陆家嘴/徐家汇CBD上班，首选地铁2/9号线沿线，通勤半小时内。,倡导轻户外，周末常带家人自驾野营或山系徒步，注重生活情调与手作咖啡。,名下持有一套旧两居，置换回款 65% + 个人理财储蓄补充 + 公积金商业贷,重性价比，不盲信大牌，但要求物业管理有序、绿化修剪及时、人防技防规范。,常年本地稳定居住，工作日职住通勤动线规则单一。
上_2008_01098,上海,2008,本地改善,51,女,1.5,16.4,0.45,27.4,3,2,否,B,agent,0.91,0.61,0.63,0.38,0.57,0.88,0.48,0.74,0.43,自住-改善,一室一厅,84,2203,邮政局局长秘书,二胎黄金期中大户型,上海中环品质两居，车位及空间极其拥挤,小区无地下车库且人车不分流，小孩在楼下玩耍或者推婴儿车极为不安全。,讲究超高得房率（超85%），主卧套房必须配备独立步入式衣帽间与干湿分离双卫。,主要在陆家嘴/徐家汇CBD上班，首选地铁2/9号线沿线，通勤半小时内。,倡导轻户外，周末常带家人自驾野营或山系徒步，注重生活情调与手作咖啡。,名下持有一套旧两居，置换回款 65% + 个人理财储蓄补充 + 公积金商业贷,重性价比，不盲信大牌，但要求物业管理有序、绿化修剪及时、人防技防规范。,常年本地稳定居住，工作日职住通勤动线规则单一。
上_2008_01099,上海,2008,外籍海归,45,男,4.5,22.4,0.4,41.9,1,1,否,A,social,0.71,0.43,0.64,0.61,0.64,0.77,0.74,0.87,0.73,自住-首套,两室一厅,69,3458,合资日化企业技术主管,三口之家(学龄段),市中心私密洋房住宅,无高端私密会所及管家式物业配套，圈层鱼龙混杂，高净值居住体验差。,讲究超高得房率（超85%），主卧套房必须配备独立步入式衣帽间与干湿分离双卫。,主要在陆家嘴/徐家汇CBD上班，首选地铁2/9号线沿线，通勤半小时内。,周末常去高端商圈消费，热衷打网球和马术，重度手冲咖啡及黑胶唱片发烧友。,夫妻双方积蓄 + 双方父母出资赞助首付 + 公积金商业组合贷款,非仁恒、绿城、万科等金牌开发商不买，极度看重高端精装质量与顶级物业的增值口碑。,常年本地稳定居住，工作日职住通勤动线规则单一。
上_2008_01100,上海,2008,金融精英,44,男,2.0,18.6,0.4,34.8,3,1,否,A,research,0.93,0.37,0.67,0.62,0.81,0.64,0.69,0.94,0.81,自住-改善,两室一厅,75,2978,商业银行支行信贷科长,三口之家(学龄段),西湖边高精平层,无高端私密会所及管家式物业配套，圈层鱼龙混杂，高净值居住体验差。,核心要求地块属于第一梯队名校学区，且周边500米内解决幼小衔接教育配套。,主要在陆家嘴/徐家汇CBD上班，首选地铁2/9号线沿线，通勤半小时内。,周末常去高端商圈消费，热衷打网球和马术，重度手冲咖啡及黑胶唱片发烧友。,名下已有企业股权套现或分红现金，一次性全款付清，基本不加杠杆,非仁恒、绿城、万科等金牌开发商不买，极度看重高端精装质量与顶级物业的增值口碑。,常年本地稳定居住，工作日职住通勤动线规则单一。
上_2008_01101,上海,2008,长三角家庭,39,男,3.5,27.1,0.45,45.1,4,2,否,B,agent,0.72,0.42,0.46,0.37,0.44,0.74,0.34,0.65,0.64,自住-首套,两室一厅,96,3411,国企车间技术主任,二胎黄金期中大户型,上海中环品质两居，车位及空间极其拥挤,小区无地下车库且人车不分流，小孩在楼下玩耍或者推婴儿车极为不安全。,讲究超高得房率（超85%），主卧套房必须配备独立步入式衣帽间与干湿分离双卫。,主要在陆家嘴/徐家汇CBD上班，首选地铁2/9号线沿线，通勤半小时内。,倡导轻户外，周末常带家人自驾野营或山系徒步，注重生活情调与手作咖啡。,夫妻双方积蓄 + 双方父母出资赞助首付 + 公积金商业组合贷款,重性价比，不盲信大牌，但要求物业管理有序、绿化修剪及时、人防技防规范。,常年本地稳定居住，工作日职住通勤动线规则单一。
上_2008_01102,上海,2008,本地改善,47,男,2.7,24.1,0.45,40.2,5,2,是,B,agent,0.66,0.49,0.49,0.58,0.47,0.9,0.44,0.54,0.58,自住-改善,两室两厅,82,3995,邮政局局长秘书,二胎黄金期中大户型,上海中环品质两居，车位及空间极其拥挤,小区无地下车库且人车不分流，小孩在楼下玩耍或者推婴儿车极为不安全。,讲究超高得房率（超85%），主卧套房必须配备独立步入式衣帽间与干湿分离双卫。,主要在陆家嘴/徐家汇CBD上班，首选地铁2/9号线沿线，通勤半小时内。,倡导轻户外，周末常带家人自驾野营或山系徒步，注重生活情调与手作咖啡。,名下持有一套旧两居，置换回款 65% + 个人理财储蓄补充 + 公积金商业贷,重性价比，不盲信大牌，但要求物业管理有序、绿化修剪及时、人防技防规范。,常年本地稳定居住，工作日职住通勤动线规则单一。
上_2008_01103,上海,2008,教育型买房,40,男,0.8,7.8,0.4,14.6,3,1,否,B,social,0.77,0.53,0.35,0.54,0.58,0.76,0.59,0.92,0.54,学区房,一室一厅,58,1929,邮政局局长秘书,三口之家(学龄段),上海中环品质两居，车位及空间极其拥挤,小区无地下车库且人车不分流，小孩在楼下玩耍或者推婴儿车极为不安全。,讲究超高得房率（超85%），主卧套房必须配备独立步入式衣帽间与干湿分离双卫。,主要在陆家嘴/徐家汇CBD上班，首选地铁2/9号线沿线，通勤半小时内。,倡导轻户外，周末常带家人自驾野营或山系徒步，注重生活情调与手作咖啡。,名下持有一套旧两居，置换回款 65% + 个人理财储蓄补充 + 公积金商业贷,重性价比，不盲信大牌，但要求物业管理有序、绿化修剪及时、人防技防规范。,常年本地稳定居住，工作日职住通勤动线规则单一。
上_2008_01104,上海,2008,本地改善,49,男,1.2,13.6,0.45,22.6,4,2,否,B,agent,0.86,0.48,0.49,0.49,0.62,0.76,0.61,0.8,0.66,自住-改善,两室一厅,97,1896,邮政局局长秘书,二胎黄金期中大户型,上海中环品质两居，车位及空间极其拥挤,小区无地下车库且人车不分流，小孩在楼下玩耍或者推婴儿车极为不安全。,讲究超高得房率（超85%），主卧套房必须配备独立步入式衣帽间与干湿分离双卫。,主要在陆家嘴/徐家汇CBD上班，首选地铁2/9号线沿线，通勤半小时内。,倡导轻户外，周末常带家人自驾野营或山系徒步，注重生活情调与手作咖啡。,名下持有一套旧两居，置换回款 65% + 个人理财储蓄补充 + 公积金商业贷,重性价比，不盲信大牌，但要求物业管理有序、绿化修剪及时、人防技防规范。,常年本地稳定居住，工作日职住通勤动线规则单一。
上_2008_01105,上海,2008,金融精英,40,男,3.4,31.3,0.4,58.7,3,1,否,A,research,0.76,0.45,0.82,0.63,0.71,0.71,0.59,0.83,0.82,自住-首套,一室一厅,67,5690,老牌证券公司营业部经理,三口之家(学龄段),西湖边高精平层,无高端私密会所及管家式物业配套，圈层鱼龙混杂，高净值居住体验差。,要求有超大面宽南向双阳台（观景家政分离），主卧大飘窗能270度直面自然景观。,主要在陆家嘴/徐家汇CBD上班，首选地铁2/9号线沿线，通勤半小时内。,周末常去高端商圈消费，热衷打网球和马术，重度手冲咖啡及黑胶唱片发烧友。,夫妻双方积蓄 + 双方父母出资赞助首付 + 公积金商业组合贷款,非仁恒、绿城、万科等金牌开发商不买，极度看重高端精装质量与顶级物业的增值口碑。,常年本地稳定居住，工作日职住通勤动线规则单一。
上_2008_01106,上海,2008,教育型买房,45,女,3.5,29.7,0.4,55.8,4,1,是,B,social,1.0,0.55,0.51,0.33,0.53,0.66,0.54,0.96,0.53,学区房,一室一厅,70,4963,区财政局科员,三口之家(学龄段),上海中环品质两居，车位及空间极其拥挤,小区无地下车库且人车不分流，小孩在楼下玩耍或者推婴儿车极为不安全。,核心要求地块属于第一梯队名校学区，且周边500米内解决幼小衔接教育配套。,主要在陆家嘴/徐家汇CBD上班，首选地铁2/9号线沿线，通勤半小时内。,倡导轻户外，周末常带家人自驾野营或山系徒步，注重生活情调与手作咖啡。,名下持有一套旧两居，置换回款 65% + 个人理财储蓄补充 + 公积金商业贷,重性价比，不盲信大牌，但要求物业管理有序、绿化修剪及时、人防技防规范。,常年本地稳定居住，工作日职住通勤动线规则单一。
上_2008_01107,上海,2008,教育型买房,35,男,3.2,26.6,0.4,49.8,3,1,否,B,social,0.91,0.53,0.38,0.38,0.64,0.73,0.72,0.96,0.52,学区房,两室两厅,70,5348,邮政局局长秘书,三口之家(幼龄段),上海中环品质两居，车位及空间极其拥挤,小区无地下车库且人车不分流，小孩在楼下玩耍或者推婴儿车极为不安全。,讲究超高得房率（超85%），主卧套房必须配备独立步入式衣帽间与干湿分离双卫。,主要在陆家嘴/徐家汇CBD上班，首选地铁2/9号线沿线，通勤半小时内。,倡导轻户外，周末常带家人自驾野营或山系徒步，注重生活情调与手作咖啡。,名下持有一套旧两居，置换回款 65% + 个人理财储蓄补充 + 公积金商业贷,重性价比，不盲信大牌，但要求物业管理有序、绿化修剪及时、人防技防规范。,常年本地稳定居住，工作日职住通勤动线规则单一。
上_2008_01108,上海,2008,教育型买房,44,女,2.7,21.1,0.4,39.6,4,2,否,B,social,1,0.67,0.46,0.32,0.54,0.75,0.61,0.93,0.59,学区房,两室两厅,70,3075,邮政局局长秘书,二胎黄金期中大户型,上海中环品质两居，车位及空间极其拥挤,小区无地下车库且人车不分流，小孩在楼下玩耍或者推婴儿车极为不安全。,讲究超高得房率（超85%），主卧套房必须配备独立步入式衣帽间与干湿分离双卫。,主要在陆家嘴/徐家汇CBD上班，首选地铁2/9号线沿线，通勤半小时内。,倡导轻户外，周末常带家人自驾野营或山系徒步，注重生活情调与手作咖啡。,名下持有一套旧两居，置换回款 65% + 个人理财储蓄补充 + 公积金商业贷,重性价比，不盲信大牌，但要求物业管理有序、绿化修剪及时、人防技防规范。,常年本地稳定居住，工作日职住通勤动线规则单一。
上_2008_01109,上海,2008,金融精英,32,男,5.6,52.7,0.4,98.8,3,2,否,A,research,0.76,0.51,0.7,0.55,0.63,0.64,0.63,0.73,0.86,婚房,两室一厅,97,8180,商业银行支行信贷科长,二胎黄金期中大户型,市中心私密洋房住宅,无高端私密会所及管家式物业配套，圈层鱼龙混杂，高净值居住体验差。,要求有超大面宽南向双阳台（观景家政分离），主卧大飘窗能270度直面自然景观。,主要在陆家嘴/徐家汇CBD上班，首选地铁2/9号线沿线，通勤半小时内。,周末常去高端商圈消费，热衷打网球和马术，重度手冲咖啡及黑胶唱片发烧友。,夫妻双方积蓄 + 双方父母出资赞助首付 + 公积金商业组合贷款,非仁恒、绿城、万科等金牌开发商不买，极度看重高端精装质量与顶级物业的增值口碑。,常年本地稳定居住，工作日职住通勤动线规则单一。
上_2008_01110,上海,2008,金融精英,43,女,4.7,40.0,0.4,75.0,3,1,否,A,research,0.58,0.56,0.57,0.51,0.66,0.85,0.73,0.68,0.77,自住-首套,两室一厅,93,6247,商业银行支行信贷科长,三口之家(学龄段),西湖边高精平层,无高端私密会所及管家式物业配套，圈层鱼龙混杂，高净值居住体验差。,讲究超高得房率（超85%），主卧套房必须配备独立步入式衣帽间与干湿分离双卫。,主要在陆家嘴/徐家汇CBD上班，首选地铁2/9号线沿线，通勤半小时内。,周末常去高端商圈消费，热衷打网球和马术，重度手冲咖啡及黑胶唱片发烧友。,夫妻双方积蓄 + 双方父母出资赞助首付 + 公积金商业组合贷款,非仁恒、绿城、万科等金牌开发商不买，极度看重高端精装质量与顶级物业的增值口碑。,常年本地稳定居住，工作日职住通勤动线规则单一。
上_2008_01111,上海,2008,外籍海归,45,女,5.3,30.7,0.4,57.6,4,1,否,A,social,0.44,0.47,0.48,0.58,0.89,0.51,0.81,0.88,0.64,自住-改善,一室一厅,83,4845,合资日化企业技术主管,三口之家(学龄段),市中心私密洋房住宅,无高端私密会所及管家式物业配套，圈层鱼龙混杂，高净值居住体验差。,核心要求地块属于第一梯队名校学区，且周边500米内解决幼小衔接教育配套。,主要在陆家嘴/徐家汇CBD上班，首选地铁2/9号线沿线，通勤半小时内。,周末常去高端商圈消费，热衷打网球和马术，重度手冲咖啡及黑胶唱片发烧友。,名下已有企业股权套现或分红现金，一次性全款付清，基本不加杠杆,重性价比，不盲信大牌，但要求物业管理有序、绿化修剪及时、人防技防规范。,常年本地稳定居住，工作日职住通勤动线规则单一。
上_2008_01112,上海,2008,本地改善,53,女,2.1,21.1,0.45,35.1,5,1,是,B,agent,0.71,0.48,0.42,0.34,0.59,0.69,0.52,0.74,0.63,自住-改善,一室一厅,60,5196,区财政局科员,三口之家(学龄段),上海中环品质两居，车位及空间极其拥挤,小区无地下车库且人车不分流，小孩在楼下玩耍或者推婴儿车极为不安全。,核心要求地块属于第一梯队名校学区，且周边500米内解决幼小衔接教育配套。,主要在陆家嘴/徐家汇CBD上班，首选地铁2/9号线沿线，通勤半小时内。,倡导轻户外，周末常带家人自驾野营或山系徒步，注重生活情调与手作咖啡。,名下持有一套旧两居，置换回款 65% + 个人理财储蓄补充 + 公积金商业贷,重性价比，不盲信大牌，但要求物业管理有序、绿化修剪及时、人防技防规范。,常年本地稳定居住，工作日职住通勤动线规则单一。
上_2008_01113,上海,2008,教育型买房,33,男,1.7,14.8,0.4,27.7,3,1,否,B,social,0.92,0.57,0.37,0.45,0.6,0.63,0.47,0.9,0.57,学区房,两室两厅,73,2633,区财政局科员,三口之家(幼龄段),上海中环品质两居，车位及空间极其拥挤,小区无地下车库且人车不分流，小孩在楼下玩耍或者推婴儿车极为不安全。,核心要求地块属于第一梯队名校学区，且周边500米内解决幼小衔接教育配套。,主要在陆家嘴/徐家汇CBD上班，首选地铁2/9号线沿线，通勤半小时内。,倡导轻户外，周末常带家人自驾野营或山系徒步，注重生活情调与手作咖啡。,名下持有一套旧两居，置换回款 65% + 个人理财储蓄补充 + 公积金商业贷,重性价比，不盲信大牌，但要求物业管理有序、绿化修剪及时、人防技防规范。,常年本地稳定居住，工作日职住通勤动线规则单一。
上_2008_01114,上海,2008,金融精英,34,女,4.9,34.8,0.4,65.3,3,1,否,A,research,0.87,0.39,0.82,0.51,0.83,0.81,0.74,0.65,0.74,婚房,两室一厅,79,4139,商业银行支行信贷科长,三口之家(幼龄段),陆家嘴核心区江景大平层,无高端私密会所及管家式物业配套，圈层鱼龙混杂，高净值居住体验差。,要求有超大面宽南向双阳台（观景家政分离），主卧大飘窗能270度直面自然景观。,主要在陆家嘴/徐家汇CBD上班，首选地铁2/9号线沿线，通勤半小时内。,周末常去高端商圈消费，热衷打网球和马术，重度手冲咖啡及黑胶唱片发烧友。,夫妻双方积蓄 + 双方父母出资赞助首付 + 公积金商业组合贷款,非仁恒、绿城、万科等金牌开发商不买，极度看重高端精装质量与顶级物业的增值口碑。,常年本地稳定居住，工作日职住通勤动线规则单一。
上_2008_01115,上海,2008,本地改善,42,女,3.0,31.5,0.45,52.5,4,1,是,B,agent,0.69,0.49,0.58,0.51,0.58,0.81,0.61,0.62,0.67,自住-改善,两室两厅,84,4875,区财政局科员,三口之家(学龄段),上海中环品质两居，车位及空间极其拥挤,小区无地下车库且人车不分流，小孩在楼下玩耍或者推婴儿车极为不安全。,讲究超高得房率（超85%），主卧套房必须配备独立步入式衣帽间与干湿分离双卫。,主要在陆家嘴/徐家汇CBD上班，首选地铁2/9号线沿线，通勤半小时内。,倡导轻户外，周末常带家人自驾野营或山系徒步，注重生活情调与手作咖啡。,名下持有一套旧两居，置换回款 65% + 个人理财储蓄补充 + 公积金商业贷,重性价比，不盲信大牌，但要求物业管理有序、绿化修剪及时、人防技防规范。,常年本地稳定居住，工作日职住通勤动线规则单一。
上_2008_01116,上海,2008,本地改善,41,女,2.5,25.1,0.45,41.9,5,2,是,B,agent,0.72,0.41,0.62,0.38,0.58,0.85,0.46,0.65,0.75,自住-改善,一室一厅,82,4062,邮政局局长秘书,二胎黄金期中大户型,上海中环品质两居，车位及空间极其拥挤,小区无地下车库且人车不分流，小孩在楼下玩耍或者推婴儿车极为不安全。,讲究超高得房率（超85%），主卧套房必须配备独立步入式衣帽间与干湿分离双卫。,主要在陆家嘴/徐家汇CBD上班，首选地铁2/9号线沿线，通勤半小时内。,倡导轻户外，周末常带家人自驾野营或山系徒步，注重生活情调与手作咖啡。,名下持有一套旧两居，置换回款 65% + 个人理财储蓄补充 + 公积金商业贷,非仁恒、绿城、万科等金牌开发商不买，极度看重高端精装质量与顶级物业的增值口碑。,常年本地稳定居住，工作日职住通勤动线规则单一。
上_2008_01117,上海,2008,本地改善,38,男,2.7,26.5,0.45,44.2,3,2,否,B,agent,0.59,0.47,0.55,0.54,0.54,0.84,0.64,0.65,0.46,自住-改善,两室一厅,96,3065,国企车间技术主任,二胎黄金期中大户型,上海中环品质两居，车位及空间极其拥挤,小区无地下车库且人车不分流，小孩在楼下玩耍或者推婴儿车极为不安全。,讲究超高得房率（超85%），主卧套房必须配备独立步入式衣帽间与干湿分离双卫。,主要在陆家嘴/徐家汇CBD上班，首选地铁2/9号线沿线，通勤半小时内。,倡导轻户外，周末常带家人自驾野营或山系徒步，注重生活情调与手作咖啡。,名下持有一套旧两居，置换回款 65% + 个人理财储蓄补充 + 公积金商业贷,重性价比，不盲信大牌，但要求物业管理有序、绿化修剪及时、人防技防规范。,常年本地稳定居住，工作日职住通勤动线规则单一。
上_2008_01118,上海,2008,本地改善,58,男,2.1,23.2,0.45,38.7,3,2,是,B,agent,0.97,0.53,0.6,0.61,0.5,0.83,0.54,0.7,0.59,自住-改善,一室一厅,77,3478,邮政局局长秘书,二胎黄金期中大户型,上海中环品质两居，车位及空间极其拥挤,小区无地下车库且人车不分流，小孩在楼下玩耍或者推婴儿车极为不安全。,讲究超高得房率（超85%），主卧套房必须配备独立步入式衣帽间与干湿分离双卫。,主要在陆家嘴/徐家汇CBD上班，首选地铁2/9号线沿线，通勤半小时内。,倡导轻户外，周末常带家人自驾野营或山系徒步，注重生活情调与手作咖啡。,名下持有一套旧两居，置换回款 65% + 个人理财储蓄补充 + 公积金商业贷,重性价比，不盲信大牌，但要求物业管理有序、绿化修剪及时、人防技防规范。,常年本地稳定居住，工作日职住通勤动线规则单一。
上_2008_01119,上海,2008,金融精英,38,男,4.3,37.0,0.4,69.3,3,1,否,A,research,0.59,0.45,0.78,0.67,0.88,0.84,0.66,0.85,0.82,自住-改善,两室一厅,68,6861,老牌证券公司营业部经理,三口之家(学龄段),西湖边高精平层,无高端私密会所及管家式物业配套，圈层鱼龙混杂，高净值居住体验差。,要求有超大面宽南向双阳台（观景家政分离），主卧大飘窗能270度直面自然景观。,主要在陆家嘴/徐家汇CBD上班，首选地铁2/9号线沿线，通勤半小时内。,周末常去高端商圈消费，热衷打网球和马术，重度手冲咖啡及黑胶唱片发烧友。,名下已有企业股权套现或分红现金，一次性全款付清，基本不加杠杆,非仁恒、绿城、万科等金牌开发商不买，极度看重高端精装质量与顶级物业的增值口碑。,常年本地稳定居住，工作日职住通勤动线规则单一。
上_2008_01120,上海,2008,金融精英,35,女,5.7,51.1,0.4,95.7,3,1,否,A,research,0.8,0.41,0.65,0.6,0.6,0.77,0.82,0.74,0.71,自住-首套,一室一厅,81,10324,老牌证券公司营业部经理,三口之家(幼龄段),市中心私密洋房住宅,无高端私密会所及管家式物业配套，圈层鱼龙混杂，高净值居住体验差。,讲究超高得房率（超85%），主卧套房必须配备独立步入式衣帽间与干湿分离双卫。,主要在陆家嘴/徐家汇CBD上班，首选地铁2/9号线沿线，通勤半小时内。,周末常去高端商圈消费，热衷打网球和马术，重度手冲咖啡及黑胶唱片发烧友。,夫妻双方积蓄 + 双方父母出资赞助首付 + 公积金商业组合贷款,非仁恒、绿城、万科等金牌开发商不买，极度看重高端精装质量与顶级物业的增值口碑。,常年本地稳定居住，工作日职住通勤动线规则单一。
上_2008_01121,上海,2008,本地改善,38,女,1.9,21.2,0.45,35.3,4,3,是,B,agent,0.64,0.49,0.51,0.38,0.59,0.84,0.55,0.66,0.61,自住-改善,两室一厅,75,3717,区财政局科员,二胎黄金期中大户型,上海中环品质两居，车位及空间极其拥挤,小区无地下车库且人车不分流，小孩在楼下玩耍或者推婴儿车极为不安全。,讲究超高得房率（超85%），主卧套房必须配备独立步入式衣帽间与干湿分离双卫。,主要在陆家嘴/徐家汇CBD上班，首选地铁2/9号线沿线，通勤半小时内。,倡导轻户外，周末常带家人自驾野营或山系徒步，注重生活情调与手作咖啡。,名下持有一套旧两居，置换回款 65% + 个人理财储蓄补充 + 公积金商业贷,重性价比，不盲信大牌，但要求物业管理有序、绿化修剪及时、人防技防规范。,常年本地稳定居住，工作日职住通勤动线规则单一。
上_2008_01122,上海,2008,金融精英,34,女,2.1,21.2,0.4,39.8,3,1,否,A,research,0.72,0.27,0.64,0.72,0.79,0.84,0.54,0.77,0.85,婚房,两室一厅,71,3989,申银万国证券分析员,三口之家(幼龄段),市中心私密洋房住宅,无高端私密会所及管家式物业配套，圈层鱼龙混杂，高净值居住体验差。,要求独立电梯入户，主次卧动线分明，配备独立保姆房和私密后院。,主要在陆家嘴/徐家汇CBD上班，首选地铁2/9号线沿线，通勤半小时内。,周末常去高端商圈消费，热衷打网球和马术，重度手冲咖啡及黑胶唱片发烧友。,夫妻双方积蓄 + 双方父母出资赞助首付 + 公积金商业组合贷款,非仁恒、绿城、万科等金牌开发商不买，极度看重高端精装质量与顶级物业的增值口碑。,常年本地稳定居住，工作日职住通勤动线规则单一。
上_2008_01123,上海,2008,金融精英,50,男,7.5,76.0,0.4,142.5,3,2,是,A,research,0.6,0.45,0.59,0.66,0.87,0.67,0.83,0.8,0.71,自住-改善,两室一厅,59,12585,老牌证券公司营业部经理,二胎黄金期中大户型,陆家嘴核心区江景大平层,当前房屋属于旧多层无电梯房，父母年纪渐高每天爬楼梯极为吃力。,核心要求地块属于第一梯队名校学区，且周边500米内解决幼小衔接教育配套。,主要在陆家嘴/徐家汇CBD上班，首选地铁2/9号线沿线，通勤半小时内。,周末常去高端商圈消费，热衷打网球和马术，重度手冲咖啡及黑胶唱片发烧友。,名下已有企业股权套现或分红现金，一次性全款付清，基本不加杠杆,非仁恒、绿城、万科等金牌开发商不买，极度看重高端精装质量与顶级物业的增值口碑。,常年本地稳定居住，工作日职住通勤动线规则单一。
上_2008_01124,上海,2008,本地改善,50,女,1.8,14.6,0.45,24.3,4,2,是,B,agent,0.72,0.6,0.47,0.47,0.5,0.88,0.63,0.68,0.62,自住-改善,两室一厅,94,1459,邮政局局长秘书,二胎黄金期中大户型,上海中环品质两居，车位及空间极其拥挤,小区无地下车库且人车不分流，小孩在楼下玩耍或者推婴儿车极为不安全。,讲究超高得房率（超85%），主卧套房必须配备独立步入式衣帽间与干湿分离双卫。,主要在陆家嘴/徐家汇CBD上班，首选地铁2/9号线沿线，通勤半小时内。,倡导轻户外，周末常带家人自驾野营或山系徒步，注重生活情调与手作咖啡。,名下持有一套旧两居，置换回款 65% + 个人理财储蓄补充 + 公积金商业贷,重性价比，不盲信大牌，但要求物业管理有序、绿化修剪及时、人防技防规范。,常年本地稳定居住，工作日职住通勤动线规则单一。
上_2008_01125,上海,2008,本地改善,49,男,1.7,16.8,0.45,28.1,4,2,否,B,agent,0.9,0.43,0.58,0.5,0.51,0.93,0.46,0.6,0.5,自住-改善,两室一厅,61,2772,区财政局科员,二胎黄金期中大户型,上海中环品质两居，车位及空间极其拥挤,小区无地下车库且人车不分流，小孩在楼下玩耍或者推婴儿车极为不安全。,讲究超高得房率（超85%），主卧套房必须配备独立步入式衣帽间与干湿分离双卫。,主要在陆家嘴/徐家汇CBD上班，首选地铁2/9号线沿线，通勤半小时内。,倡导轻户外，周末常带家人自驾野营或山系徒步，注重生活情调与手作咖啡。,名下持有一套旧两居，置换回款 65% + 个人理财储蓄补充 + 公积金商业贷,重性价比，不盲信大牌，但要求物业管理有序、绿化修剪及时、人防技防规范。,常年本地稳定居住，工作日职住通勤动线规则单一。
上_2008_01126,上海,2008,本地改善,41,男,3.0,29.7,0.45,49.6,5,1,否,B,agent,0.51,0.3,0.66,0.47,0.59,0.86,0.61,0.79,0.54,自住-改善,两室两厅,84,3653,区财政局科员,三口之家(学龄段),上海中环品质两居，车位及空间极其拥挤,小区无地下车库且人车不分流，小孩在楼下玩耍或者推婴儿车极为不安全。,讲究超高得房率（超85%），主卧套房必须配备独立步入式衣帽间与干湿分离双卫。,主要在陆家嘴/徐家汇CBD上班，首选地铁2/9号线沿线，通勤半小时内。,倡导轻户外，周末常带家人自驾野营或山系徒步，注重生活情调与手作咖啡。,名下持有一套旧两居，置换回款 65% + 个人理财储蓄补充 + 公积金商业贷,重性价比，不盲信大牌，但要求物业管理有序、绿化修剪及时、人防技防规范。,常年本地稳定居住，工作日职住通勤动线规则单一。
上_2008_01127,上海,2008,金融精英,34,男,6.1,63.4,0.4,118.9,3,1,是,A,research,0.82,0.57,0.55,0.65,0.69,0.73,0.62,0.72,0.65,婚房,两室一厅,54,12966,商业银行支行信贷科长,三口之家(幼龄段),西湖边高精平层,当前房屋属于旧多层无电梯房，父母年纪渐高每天爬楼梯极为吃力。,讲究超高得房率（超85%），主卧套房必须配备独立步入式衣帽间与干湿分离双卫。,主要在陆家嘴/徐家汇CBD上班，首选地铁2/9号线沿线，通勤半小时内。,周末常去高端商圈消费，热衷打网球和马术，重度手冲咖啡及黑胶唱片发烧友。,夫妻双方积蓄 + 双方父母出资赞助首付 + 公积金商业组合贷款,重性价比，不盲信大牌，但要求物业管理有序、绿化修剪及时、人防技防规范。,常年本地稳定居住，工作日职住通勤动线规则单一。
上_2008_01128,上海,2008,本地改善,53,男,3.0,23.3,0.45,38.8,4,2,是,B,agent,1,0.45,0.54,0.4,0.53,0.69,0.59,0.75,0.63,自住-改善,一室一厅,97,2202,区财政局科员,二胎黄金期中大户型,上海中环品质两居，车位及空间极其拥挤,小区无地下车库且人车不分流，小孩在楼下玩耍或者推婴儿车极为不安全。,核心要求地块属于第一梯队名校学区，且周边500米内解决幼小衔接教育配套。,主要在陆家嘴/徐家汇CBD上班，首选地铁2/9号线沿线，通勤半小时内。,倡导轻户外，周末常带家人自驾野营或山系徒步，注重生活情调与手作咖啡。,名下持有一套旧两居，置换回款 65% + 个人理财储蓄补充 + 公积金商业贷,重性价比，不盲信大牌，但要求物业管理有序、绿化修剪及时、人防技防规范。,常年本地稳定居住，工作日职住通勤动线规则单一。
上_2008_01129,上海,2008,长三角家庭,53,男,2.6,15.9,0.45,26.5,4,2,否,B,agent,0.96,0.53,0.66,0.58,0.46,0.7,0.42,0.67,0.72,自住-改善,一室一厅,92,1459,市第二中学地理教师,二胎黄金期中大户型,上海中环品质两居，车位及空间极其拥挤,小区无地下车库且人车不分流，小孩在楼下玩耍或者推婴儿车极为不安全。,讲究超高得房率（超85%），主卧套房必须配备独立步入式衣帽间与干湿分离双卫。,主要在陆家嘴/徐家汇CBD上班，首选地铁2/9号线沿线，通勤半小时内。,倡导轻户外，周末常带家人自驾野营或山系徒步，注重生活情调与手作咖啡。,名下持有一套旧两居，置换回款 65% + 个人理财储蓄补充 + 公积金商业贷,非仁恒、绿城、万科等金牌开发商不买，极度看重高端精装质量与顶级物业的增值口碑。,常年本地稳定居住，工作日职住通勤动线规则单一。
上_2008_01130,上海,2008,长三角家庭,36,女,2.9,19.1,0.45,31.9,4,1,是,B,agent,0.89,0.6,0.58,0.57,0.55,0.78,0.42,0.74,0.71,自住-改善,一室一厅,74,2622,邮政局局长秘书,三口之家(幼龄段),上海中环品质两居，车位及空间极其拥挤,小区无地下车库且人车不分流，小孩在楼下玩耍或者推婴儿车极为不安全。,讲究超高得房率（超85%），主卧套房必须配备独立步入式衣帽间与干湿分离双卫。,主要在陆家嘴/徐家汇CBD上班，首选地铁2/9号线沿线，通勤半小时内。,倡导轻户外，周末常带家人自驾野营或山系徒步，注重生活情调与手作咖啡。,名下持有一套旧两居，置换回款 65% + 个人理财储蓄补充 + 公积金商业贷,非仁恒、绿城、万科等金牌开发商不买，极度看重高端精装质量与顶级物业的增值口碑。,常年本地稳定居住，工作日职住通勤动线规则单一。
上_2008_01131,上海,2008,金融精英,48,男,5.5,56.9,0.4,106.7,3,1,否,A,research,0.59,0.52,0.58,0.68,0.6,0.86,0.74,0.76,0.72,自住-首套,一室一厅,57,11764,申银万国证券分析员,三口之家(学龄段),市中心私密洋房住宅,无高端私密会所及管家式物业配套，圈层鱼龙混杂，高净值居住体验差。,讲究超高得房率（超85%），主卧套房必须配备独立步入式衣帽间与干湿分离双卫。,主要在陆家嘴/徐家汇CBD上班，首选地铁2/9号线沿线，通勤半小时内。,周末常去高端商圈消费，热衷打网球和马术，重度手冲咖啡及黑胶唱片发烧友。,夫妻双方积蓄 + 双方父母出资赞助首付 + 公积金商业组合贷款,非仁恒、绿城、万科等金牌开发商不买，极度看重高端精装质量与顶级物业的增值口碑。,常年本地稳定居住，工作日职住通勤动线规则单一。
上_2008_01132,上海,2008,金融精英,40,男,3.5,28.3,0.4,53.2,3,1,是,A,research,0.95,0.23,0.52,0.62,0.81,0.72,0.7,0.74,0.85,自住-首套,两室一厅,53,8014,老牌证券公司营业部经理,三口之家(学龄段),市中心私密洋房住宅,当前房屋属于旧多层无电梯房，父母年纪渐高每天爬楼梯极为吃力。,讲究超高得房率（超85%），主卧套房必须配备独立步入式衣帽间与干湿分离双卫。,主要在陆家嘴/徐家汇CBD上班，首选地铁2/9号线沿线，通勤半小时内。,周末常去高端商圈消费，热衷打网球和马术，重度手冲咖啡及黑胶唱片发烧友。,夫妻双方积蓄 + 双方父母出资赞助首付 + 公积金商业组合贷款,非仁恒、绿城、万科等金牌开发商不买，极度看重高端精装质量与顶级物业的增值口碑。,常年本地稳定居住，工作日职住通勤动线规则单一。
上_2008_01133,上海,2008,金融精英,47,男,6.2,61.2,0.4,114.7,3,1,否,A,research,0.68,0.39,0.73,0.6,0.63,0.79,0.7,0.91,0.91,自住-改善,两室一厅,68,15157,申银万国证券分析员,三口之家(学龄段),西湖边高精平层,无高端私密会所及管家式物业配套，圈层鱼龙混杂，高净值居住体验差。,要求有超大面宽南向双阳台（观景家政分离），主卧大飘窗能270度直面自然景观。,主要在陆家嘴/徐家汇CBD上班，首选地铁2/9号线沿线，通勤半小时内。,周末常去高端商圈消费，热衷打网球和马术，重度手冲咖啡及黑胶唱片发烧友。,名下已有企业股权套现或分红现金，一次性全款付清，基本不加杠杆,非仁恒、绿城、万科等金牌开发商不买，极度看重高端精装质量与顶级物业的增值口碑。,常年本地稳定居住，工作日职住通勤动线规则单一。
上_2008_01134,上海,2008,外籍海归,31,女,7.3,56.4,0.4,105.7,2,1,否,A,social,0.6,0.47,0.54,0.5,0.85,0.83,0.51,0.91,0.77,婚房,两室两厅,52,14000,合资日化企业技术主管,三口之家(幼龄段),西湖边高精平层,无高端私密会所及管家式物业配套，圈层鱼龙混杂，高净值居住体验差。,讲究超高得房率（超85%），主卧套房必须配备独立步入式衣帽间与干湿分离双卫。,主要在陆家嘴/徐家汇CBD上班，首选地铁2/9号线沿线，通勤半小时内。,周末常去高端商圈消费，热衷打网球和马术，重度手冲咖啡及黑胶唱片发烧友。,夫妻双方积蓄 + 双方父母出资赞助首付 + 公积金商业组合贷款,非仁恒、绿城、万科等金牌开发商不买，极度看重高端精装质量与顶级物业的增值口碑。,常年本地稳定居住，工作日职住通勤动线规则单一。
上_2008_01135,上海,2008,本地改善,43,男,2.6,23.2,0.45,38.7,4,2,否,B,agent,0.5,0.67,0.54,0.58,0.48,0.87,0.71,0.69,0.72,自住-改善,两室一厅,73,3468,国企车间技术主任,二胎黄金期中大户型,上海中环品质两居，车位及空间极其拥挤,小区无地下车库且人车不分流，小孩在楼下玩耍或者推婴儿车极为不安全。,讲究超高得房率（超85%），主卧套房必须配备独立步入式衣帽间与干湿分离双卫。,主要在陆家嘴/徐家汇CBD上班，首选地铁2/9号线沿线，通勤半小时内。,倡导轻户外，周末常带家人自驾野营或山系徒步，注重生活情调与手作咖啡。,名下持有一套旧两居，置换回款 65% + 个人理财储蓄补充 + 公积金商业贷,非仁恒、绿城、万科等金牌开发商不买，极度看重高端精装质量与顶级物业的增值口碑。,常年本地稳定居住，工作日职住通勤动线规则单一。
上_2008_01136,上海,2008,金融精英,36,女,3.5,30.6,0.4,57.4,4,1,否,A,research,0.72,0.53,0.71,0.62,0.64,0.69,0.73,0.76,0.78,自住-改善,两室一厅,60,7317,老牌证券公司营业部经理,三口之家(幼龄段),西湖边高精平层,无高端私密会所及管家式物业配套，圈层鱼龙混杂，高净值居住体验差。,要求有超大面宽南向双阳台（观景家政分离），主卧大飘窗能270度直面自然景观。,主要在陆家嘴/徐家汇CBD上班，首选地铁2/9号线沿线，通勤半小时内。,周末常去高端商圈消费，热衷打网球和马术，重度手冲咖啡及黑胶唱片发烧友。,名下已有企业股权套现或分红现金，一次性全款付清，基本不加杠杆,非仁恒、绿城、万科等金牌开发商不买，极度看重高端精装质量与顶级物业的增值口碑。,常年本地稳定居住，工作日职住通勤动线规则单一。
上_2008_01137,上海,2008,教育型买房,42,女,2.3,17.5,0.4,32.8,3,2,否,B,social,1,0.45,0.4,0.25,0.55,0.7,0.44,0.95,0.57,学区房,一室一厅,61,4512,市第二中学地理教师,二胎黄金期中大户型,上海中环品质两居，车位及空间极其拥挤,小区无地下车库且人车不分流，小孩在楼下玩耍或者推婴儿车极为不安全。,核心要求地块属于第一梯队名校学区，且周边500米内解决幼小衔接教育配套。,主要在陆家嘴/徐家汇CBD上班，首选地铁2/9号线沿线，通勤半小时内。,倡导轻户外，周末常带家人自驾野营或山系徒步，注重生活情调与手作咖啡。,名下持有一套旧两居，置换回款 65% + 个人理财储蓄补充 + 公积金商业贷,重性价比，不盲信大牌，但要求物业管理有序、绿化修剪及时、人防技防规范。,常年本地稳定居住，工作日职住通勤动线规则单一。
上_2008_01138,上海,2008,长三角家庭,51,男,2.4,16.1,0.45,26.9,5,2,否,B,agent,0.91,0.49,0.57,0.36,0.59,0.94,0.37,0.69,0.65,自住-改善,两室一厅,92,2602,国企车间技术主任,二胎黄金期中大户型,上海中环品质两居，车位及空间极其拥挤,小区无地下车库且人车不分流，小孩在楼下玩耍或者推婴儿车极为不安全。,讲究超高得房率（超85%），主卧套房必须配备独立步入式衣帽间与干湿分离双卫。,主要在陆家嘴/徐家汇CBD上班，首选地铁2/9号线沿线，通勤半小时内。,倡导轻户外，周末常带家人自驾野营或山系徒步，注重生活情调与手作咖啡。,名下持有一套旧两居，置换回款 65% + 个人理财储蓄补充 + 公积金商业贷,重性价比，不盲信大牌，但要求物业管理有序、绿化修剪及时、人防技防规范。,常年本地稳定居住，工作日职住通勤动线规则单一。
上_2008_01139,上海,2008,金融精英,41,男,4.6,27.9,0.4,52.3,3,1,否,A,research,0.75,0.47,0.76,0.46,0.76,0.85,0.66,0.88,0.92,自住-首套,一室一厅,82,4047,老牌证券公司营业部经理,三口之家(学龄段),陆家嘴核心区江景大平层,无高端私密会所及管家式物业配套，圈层鱼龙混杂，高净值居住体验差。,要求有超大面宽南向双阳台（观景家政分离），主卧大飘窗能270度直面自然景观。,主要在陆家嘴/徐家汇CBD上班，首选地铁2/9号线沿线，通勤半小时内。,周末常去高端商圈消费，热衷打网球和马术，重度手冲咖啡及黑胶唱片发烧友。,夫妻双方积蓄 + 双方父母出资赞助首付 + 公积金商业组合贷款,非仁恒、绿城、万科等金牌开发商不买，极度看重高端精装质量与顶级物业的增值口碑。,常年本地稳定居住，工作日职住通勤动线规则单一。
上_2008_01140,上海,2008,教育型买房,36,女,3.8,29.6,0.4,55.5,2,2,否,B,social,0.94,0.44,0.45,0.45,0.59,0.81,0.53,1,0.64,学区房,一室一厅,93,3489,区财政局科员,二胎黄金期中大户型,上海中环品质两居，车位及空间极其拥挤,小区无地下车库且人车不分流，小孩在楼下玩耍或者推婴儿车极为不安全。,讲究超高得房率（超85%），主卧套房必须配备独立步入式衣帽间与干湿分离双卫。,主要在陆家嘴/徐家汇CBD上班，首选地铁2/9号线沿线，通勤半小时内。,倡导轻户外，周末常带家人自驾野营或山系徒步，注重生活情调与手作咖啡。,名下持有一套旧两居，置换回款 65% + 个人理财储蓄补充 + 公积金商业贷,重性价比，不盲信大牌，但要求物业管理有序、绿化修剪及时、人防技防规范。,常年本地稳定居住，工作日职住通勤动线规则单一。
上_2008_01141,上海,2008,长三角家庭,54,女,2.3,11.8,0.45,19.7,5,2,否,B,agent,0.8,0.47,0.5,0.54,0.49,0.73,0.33,0.7,0.62,自住-改善,两室两厅,83,1889,国企车间技术主任,二胎黄金期中大户型,上海中环品质两居，车位及空间极其拥挤,小区无地下车库且人车不分流，小孩在楼下玩耍或者推婴儿车极为不安全。,讲究超高得房率（超85%），主卧套房必须配备独立步入式衣帽间与干湿分离双卫。,主要在陆家嘴/徐家汇CBD上班，首选地铁2/9号线沿线，通勤半小时内。,倡导轻户外，周末常带家人自驾野营或山系徒步，注重生活情调与手作咖啡。,名下持有一套旧两居，置换回款 65% + 个人理财储蓄补充 + 公积金商业贷,重性价比，不盲信大牌，但要求物业管理有序、绿化修剪及时、人防技防规范。,常年本地稳定居住，工作日职住通勤动线规则单一。
上_2008_01142,上海,2008,教育型买房,36,女,2.1,16.0,0.4,30.0,3,1,否,B,social,0.75,0.58,0.39,0.45,0.62,0.78,0.52,1,0.51,学区房,两室两厅,55,4506,国企车间技术主任,三口之家(幼龄段),上海中环品质两居，车位及空间极其拥挤,小区无地下车库且人车不分流，小孩在楼下玩耍或者推婴儿车极为不安全。,讲究超高得房率（超85%），主卧套房必须配备独立步入式衣帽间与干湿分离双卫。,主要在陆家嘴/徐家汇CBD上班，首选地铁2/9号线沿线，通勤半小时内。,倡导轻户外，周末常带家人自驾野营或山系徒步，注重生活情调与手作咖啡。,名下持有一套旧两居，置换回款 65% + 个人理财储蓄补充 + 公积金商业贷,重性价比，不盲信大牌，但要求物业管理有序、绿化修剪及时、人防技防规范。,常年本地稳定居住，工作日职住通勤动线规则单一。
上_2008_01143,上海,2008,金融精英,48,女,3.2,28.7,0.4,53.8,3,2,否,A,research,0.68,0.37,0.57,0.68,0.76,0.66,0.86,0.9,0.89,自住-改善,两室一厅,76,5769,申银万国证券分析员,二胎黄金期中大户型,西湖边高精平层,无高端私密会所及管家式物业配套，圈层鱼龙混杂，高净值居住体验差。,核心要求地块属于第一梯队名校学区，且周边500米内解决幼小衔接教育配套。,主要在陆家嘴/徐家汇CBD上班，首选地铁2/9号线沿线，通勤半小时内。,周末常去高端商圈消费，热衷打网球和马术，重度手冲咖啡及黑胶唱片发烧友。,名下已有企业股权套现或分红现金，一次性全款付清，基本不加杠杆,非仁恒、绿城、万科等金牌开发商不买，极度看重高端精装质量与顶级物业的增值口碑。,常年本地稳定居住，工作日职住通勤动线规则单一。
上_2008_01144,上海,2008,本地改善,56,男,1.8,16.0,0.45,26.7,4,2,是,B,agent,0.91,0.59,0.55,0.52,0.47,0.83,0.62,0.64,0.8,自住-改善,两室两厅,93,2281,国企车间技术主任,二胎黄金期中大户型,上海中环品质两居，车位及空间极其拥挤,小区无地下车库且人车不分流，小孩在楼下玩耍或者推婴儿车极为不安全。,讲究超高得房率（超85%），主卧套房必须配备独立步入式衣帽间与干湿分离双卫。,主要在陆家嘴/徐家汇CBD上班，首选地铁2/9号线沿线，通勤半小时内。,倡导轻户外，周末常带家人自驾野营或山系徒步，注重生活情调与手作咖啡。,名下持有一套旧两居，置换回款 65% + 个人理财储蓄补充 + 公积金商业贷,非仁恒、绿城、万科等金牌开发商不买，极度看重高端精装质量与顶级物业的增值口碑。,常年本地稳定居住，工作日职住通勤动线规则单一。
上_2008_01145,上海,2008,本地改善,47,女,2.8,34.5,0.45,57.6,4,2,否,B,agent,0.83,0.58,0.5,0.44,0.41,0.93,0.66,0.54,0.59,自住-改善,两室一厅,64,4966,国企车间技术主任,二胎黄金期中大户型,上海中环品质两居，车位及空间极其拥挤,小区无地下车库且人车不分流，小孩在楼下玩耍或者推婴儿车极为不安全。,讲究超高得房率（超85%），主卧套房必须配备独立步入式衣帽间与干湿分离双卫。,主要在陆家嘴/徐家汇CBD上班，首选地铁2/9号线沿线，通勤半小时内。,倡导轻户外，周末常带家人自驾野营或山系徒步，注重生活情调与手作咖啡。,名下持有一套旧两居，置换回款 65% + 个人理财储蓄补充 + 公积金商业贷,重性价比，不盲信大牌，但要求物业管理有序、绿化修剪及时、人防技防规范。,常年本地稳定居住，工作日职住通勤动线规则单一。
上_2008_01146,上海,2008,本地改善,54,女,2.0,15.5,0.45,25.8,4,1,否,B,agent,0.68,0.62,0.57,0.43,0.62,0.83,0.63,0.64,0.49,自住-改善,一室一厅,60,3780,邮政局局长秘书,三口之家(学龄段),上海中环品质两居，车位及空间极其拥挤,小区无地下车库且人车不分流，小孩在楼下玩耍或者推婴儿车极为不安全。,讲究超高得房率（超85%），主卧套房必须配备独立步入式衣帽间与干湿分离双卫。,主要在陆家嘴/徐家汇CBD上班，首选地铁2/9号线沿线，通勤半小时内。,倡导轻户外，周末常带家人自驾野营或山系徒步，注重生活情调与手作咖啡。,名下持有一套旧两居，置换回款 65% + 个人理财储蓄补充 + 公积金商业贷,重性价比，不盲信大牌，但要求物业管理有序、绿化修剪及时、人防技防规范。,常年本地稳定居住，工作日职住通勤动线规则单一。
上_2008_01147,上海,2008,教育型买房,33,男,3.8,26.3,0.4,49.4,3,2,否,B,social,0.93,0.48,0.34,0.48,0.57,0.64,0.47,1,0.48,学区房,两室两厅,71,5428,市第二中学地理教师,二胎黄金期中大户型,上海中环品质两居，车位及空间极其拥挤,小区无地下车库且人车不分流，小孩在楼下玩耍或者推婴儿车极为不安全。,核心要求地块属于第一梯队名校学区，且周边500米内解决幼小衔接教育配套。,主要在陆家嘴/徐家汇CBD上班，首选地铁2/9号线沿线，通勤半小时内。,倡导轻户外，周末常带家人自驾野营或山系徒步，注重生活情调与手作咖啡。,名下持有一套旧两居，置换回款 65% + 个人理财储蓄补充 + 公积金商业贷,重性价比，不盲信大牌，但要求物业管理有序、绿化修剪及时、人防技防规范。,常年本地稳定居住，工作日职住通勤动线规则单一。
上_2008_01148,上海,2008,本地改善,49,男,3.1,40.1,0.45,66.8,4,2,是,B,agent,0.91,0.59,0.64,0.59,0.42,0.95,0.57,0.78,0.61,自住-改善,两室一厅,62,8763,国企车间技术主任,二胎黄金期中大户型,上海中环品质两居，车位及空间极其拥挤,小区无地下车库且人车不分流，小孩在楼下玩耍或者推婴儿车极为不安全。,讲究超高得房率（超85%），主卧套房必须配备独立步入式衣帽间与干湿分离双卫。,主要在陆家嘴/徐家汇CBD上班，首选地铁2/9号线沿线，通勤半小时内。,倡导轻户外，周末常带家人自驾野营或山系徒步，注重生活情调与手作咖啡。,名下持有一套旧两居，置换回款 65% + 个人理财储蓄补充 + 公积金商业贷,重性价比，不盲信大牌，但要求物业管理有序、绿化修剪及时、人防技防规范。,常年本地稳定居住，工作日职住通勤动线规则单一。
上_2008_01149,上海,2008,长三角家庭,36,男,1.6,8.6,0.45,14.3,4,1,否,B,agent,0.57,0.57,0.59,0.35,0.43,0.79,0.42,0.76,0.72,自住-改善,一室一厅,67,1286,国企车间技术主任,三口之家(幼龄段),上海中环品质两居，车位及空间极其拥挤,小区无地下车库且人车不分流，小孩在楼下玩耍或者推婴儿车极为不安全。,讲究超高得房率（超85%），主卧套房必须配备独立步入式衣帽间与干湿分离双卫。,主要在陆家嘴/徐家汇CBD上班，首选地铁2/9号线沿线，通勤半小时内。,倡导轻户外，周末常带家人自驾野营或山系徒步，注重生活情调与手作咖啡。,名下持有一套旧两居，置换回款 65% + 个人理财储蓄补充 + 公积金商业贷,非仁恒、绿城、万科等金牌开发商不买，极度看重高端精装质量与顶级物业的增值口碑。,常年本地稳定居住，工作日职住通勤动线规则单一。
上_2008_01150,上海,2008,金融精英,38,男,9.8,100.1,0.4,187.7,3,1,是,A,research,0.76,0.34,0.7,0.61,0.68,0.92,0.66,0.89,0.85,自住-首套,三室两厅,132,9024,老牌证券公司营业部经理,三口之家(学龄段),市中心私密洋房住宅,当前房屋属于旧多层无电梯房，父母年纪渐高每天爬楼梯极为吃力。,要求有超大面宽南向双阳台（观景家政分离），主卧大飘窗能270度直面自然景观。,主要在陆家嘴/徐家汇CBD上班，首选地铁2/9号线沿线，通勤半小时内。,周末常去高端商圈消费，热衷打网球和马术，重度手冲咖啡及黑胶唱片发烧友。,夫妻双方积蓄 + 双方父母出资赞助首付 + 公积金商业组合贷款,非仁恒、绿城、万科等金牌开发商不买，极度看重高端精装质量与顶级物业的增值口碑。,常年本地稳定居住，工作日职住通勤动线规则单一。
上_2008_01151,上海,2008,本地改善,50,女,2.7,29.3,0.45,48.9,4,2,否,B,agent,0.71,0.55,0.58,0.43,0.48,0.78,0.77,0.9,0.62,自住-改善,一室一厅,76,4099,邮政局局长秘书,二胎黄金期中大户型,上海中环品质两居，车位及空间极其拥挤,小区无地下车库且人车不分流，小孩在楼下玩耍或者推婴儿车极为不安全。,讲究超高得房率（超85%），主卧套房必须配备独立步入式衣帽间与干湿分离双卫。,主要在陆家嘴/徐家汇CBD上班，首选地铁2/9号线沿线，通勤半小时内。,倡导轻户外，周末常带家人自驾野营或山系徒步，注重生活情调与手作咖啡。,名下持有一套旧两居，置换回款 65% + 个人理财储蓄补充 + 公积金商业贷,重性价比，不盲信大牌，但要求物业管理有序、绿化修剪及时、人防技防规范。,常年本地稳定居住，工作日职住通勤动线规则单一。
上_2008_01152,上海,2008,本地改善,45,女,2.1,27.6,0.45,46.0,4,2,是,B,agent,0.64,0.43,0.57,0.38,0.51,0.82,0.67,0.69,0.61,自住-改善,两室一厅,57,5468,邮政局局长秘书,二胎黄金期中大户型,上海中环品质两居，车位及空间极其拥挤,小区无地下车库且人车不分流，小孩在楼下玩耍或者推婴儿车极为不安全。,讲究超高得房率（超85%），主卧套房必须配备独立步入式衣帽间与干湿分离双卫。,主要在陆家嘴/徐家汇CBD上班，首选地铁2/9号线沿线，通勤半小时内。,倡导轻户外，周末常带家人自驾野营或山系徒步，注重生活情调与手作咖啡。,名下持有一套旧两居，置换回款 65% + 个人理财储蓄补充 + 公积金商业贷,重性价比，不盲信大牌，但要求物业管理有序、绿化修剪及时、人防技防规范。,常年本地稳定居住，工作日职住通勤动线规则单一。
上_2008_01153,上海,2008,长三角家庭,40,男,2.5,22.0,0.45,36.7,4,2,否,B,agent,0.79,0.49,0.57,0.49,0.51,0.76,0.22,0.63,0.67,自住-改善,两室一厅,63,4925,邮政局局长秘书,二胎黄金期中大户型,上海中环品质两居，车位及空间极其拥挤,小区无地下车库且人车不分流，小孩在楼下玩耍或者推婴儿车极为不安全。,讲究超高得房率（超85%），主卧套房必须配备独立步入式衣帽间与干湿分离双卫。,主要在陆家嘴/徐家汇CBD上班，首选地铁2/9号线沿线，通勤半小时内。,倡导轻户外，周末常带家人自驾野营或山系徒步，注重生活情调与手作咖啡。,名下持有一套旧两居，置换回款 65% + 个人理财储蓄补充 + 公积金商业贷,重性价比，不盲信大牌，但要求物业管理有序、绿化修剪及时、人防技防规范。,常年本地稳定居住，工作日职住通勤动线规则单一。
上_2008_01154,上海,2008,本地改善,40,女,3.5,27.9,0.45,46.5,4,3,否,B,agent,0.76,0.56,0.64,0.51,0.52,0.84,0.6,0.72,0.67,自住-改善,一室一厅,77,3322,市第二中学地理教师,二胎黄金期中大户型,上海中环品质两居，车位及空间极其拥挤,小区无地下车库且人车不分流，小孩在楼下玩耍或者推婴儿车极为不安全。,讲究超高得房率（超85%），主卧套房必须配备独立步入式衣帽间与干湿分离双卫。,主要在陆家嘴/徐家汇CBD上班，首选地铁2/9号线沿线，通勤半小时内。,倡导轻户外，周末常带家人自驾野营或山系徒步，注重生活情调与手作咖啡。,名下持有一套旧两居，置换回款 65% + 个人理财储蓄补充 + 公积金商业贷,重性价比，不盲信大牌，但要求物业管理有序、绿化修剪及时、人防技防规范。,常年本地稳定居住，工作日职住通勤动线规则单一。
上_2008_01155,上海,2008,本地改善,55,女,2.2,15.3,0.45,25.5,5,2,是,B,agent,0.84,0.54,0.58,0.46,0.53,0.9,0.73,0.61,0.55,自住-改善,两室一厅,92,2262,区财政局科员,二胎黄金期中大户型,上海中环品质两居，车位及空间极其拥挤,小区无地下车库且人车不分流，小孩在楼下玩耍或者推婴儿车极为不安全。,讲究超高得房率（超85%），主卧套房必须配备独立步入式衣帽间与干湿分离双卫。,主要在陆家嘴/徐家汇CBD上班，首选地铁2/9号线沿线，通勤半小时内。,倡导轻户外，周末常带家人自驾野营或山系徒步，注重生活情调与手作咖啡。,名下持有一套旧两居，置换回款 65% + 个人理财储蓄补充 + 公积金商业贷,重性价比，不盲信大牌，但要求物业管理有序、绿化修剪及时、人防技防规范。,常年本地稳定居住，工作日职住通勤动线规则单一。
上_2008_01156,上海,2008,金融精英,41,男,5.8,51.9,0.4,97.3,4,0,否,A,research,0.93,0.46,0.65,0.51,0.78,0.79,0.64,0.78,0.75,自住-改善,两室两厅,51,12656,申银万国证券分析员,成熟期核心家庭,西湖边高精平层,无高端私密会所及管家式物业配套，圈层鱼龙混杂，高净值居住体验差。,讲究超高得房率（超85%），主卧套房必须配备独立步入式衣帽间与干湿分离双卫。,主要在陆家嘴/徐家汇CBD上班，首选地铁2/9号线沿线，通勤半小时内。,周末常去高端商圈消费，热衷打网球和马术，重度手冲咖啡及黑胶唱片发烧友。,名下已有企业股权套现或分红现金，一次性全款付清，基本不加杠杆,非仁恒、绿城、万科等金牌开发商不买，极度看重高端精装质量与顶级物业的增值口碑。,常年本地稳定居住，工作日职住通勤动线规则单一。
上_2008_01157,上海,2008,教育型买房,48,男,2.8,21.1,0.4,39.5,4,1,否,B,social,0.82,0.38,0.42,0.33,0.53,0.87,0.64,0.91,0.61,学区房,两室一厅,92,2423,邮政局局长秘书,三口之家(学龄段),上海中环品质两居，车位及空间极其拥挤,小区无地下车库且人车不分流，小孩在楼下玩耍或者推婴儿车极为不安全。,讲究超高得房率（超85%），主卧套房必须配备独立步入式衣帽间与干湿分离双卫。,主要在陆家嘴/徐家汇CBD上班，首选地铁2/9号线沿线，通勤半小时内。,倡导轻户外，周末常带家人自驾野营或山系徒步，注重生活情调与手作咖啡。,名下持有一套旧两居，置换回款 65% + 个人理财储蓄补充 + 公积金商业贷,重性价比，不盲信大牌，但要求物业管理有序、绿化修剪及时、人防技防规范。,常年本地稳定居住，工作日职住通勤动线规则单一。
上_2008_01158,上海,2008,金融精英,50,男,2.2,19.2,0.4,36.1,4,2,否,A,research,0.74,0.63,0.63,0.4,0.81,0.65,0.7,0.88,0.85,自住-首套,一室一厅,72,3559,申银万国证券分析员,二胎黄金期中大户型,西湖边高精平层,无高端私密会所及管家式物业配套，圈层鱼龙混杂，高净值居住体验差。,核心要求地块属于第一梯队名校学区，且周边500米内解决幼小衔接教育配套。,主要在陆家嘴/徐家汇CBD上班，首选地铁2/9号线沿线，通勤半小时内。,周末常去高端商圈消费，热衷打网球和马术，重度手冲咖啡及黑胶唱片发烧友。,夫妻双方积蓄 + 双方父母出资赞助首付 + 公积金商业组合贷款,非仁恒、绿城、万科等金牌开发商不买，极度看重高端精装质量与顶级物业的增值口碑。,常年本地稳定居住，工作日职住通勤动线规则单一。
上_2008_01159,上海,2008,长三角家庭,41,男,2.4,20.8,0.45,34.6,5,2,否,B,agent,0.8,0.58,0.52,0.58,0.35,0.58,0.47,0.71,0.54,自住-首套,两室两厅,59,4880,国企车间技术主任,二胎黄金期中大户型,上海中环品质两居，车位及空间极其拥挤,小区无地下车库且人车不分流，小孩在楼下玩耍或者推婴儿车极为不安全。,核心要求地块属于第一梯队名校学区，且周边500米内解决幼小衔接教育配套。,主要在陆家嘴/徐家汇CBD上班，首选地铁2/9号线沿线，通勤半小时内。,倡导轻户外，周末常带家人自驾野营或山系徒步，注重生活情调与手作咖啡。,夫妻双方积蓄 + 双方父母出资赞助首付 + 公积金商业组合贷款,重性价比，不盲信大牌，但要求物业管理有序、绿化修剪及时、人防技防规范。,常年本地稳定居住，工作日职住通勤动线规则单一。
上_2008_01160,上海,2008,教育型买房,39,女,4.6,37.9,0.4,71.0,4,1,是,B,social,1,0.47,0.34,0.46,0.65,0.72,0.64,0.99,0.51,学区房,一室一厅,62,5776,区财政局科员,三口之家(学龄段),上海中环品质两居，车位及空间极其拥挤,小区无地下车库且人车不分流，小孩在楼下玩耍或者推婴儿车极为不安全。,讲究超高得房率（超85%），主卧套房必须配备独立步入式衣帽间与干湿分离双卫。,主要在陆家嘴/徐家汇CBD上班，首选地铁2/9号线沿线，通勤半小时内。,倡导轻户外，周末常带家人自驾野营或山系徒步，注重生活情调与手作咖啡。,名下持有一套旧两居，置换回款 65% + 个人理财储蓄补充 + 公积金商业贷,重性价比，不盲信大牌，但要求物业管理有序、绿化修剪及时、人防技防规范。,常年本地稳定居住，工作日职住通勤动线规则单一。
上_2008_01161,上海,2008,本地改善,39,男,1.0,9.1,0.45,15.1,5,2,是,B,agent,0.7,0.46,0.56,0.59,0.71,0.89,0.66,0.7,0.52,自住-改善,两室两厅,82,1583,区财政局科员,二胎黄金期中大户型,上海中环品质两居，车位及空间极其拥挤,小区无地下车库且人车不分流，小孩在楼下玩耍或者推婴儿车极为不安全。,讲究超高得房率（超85%），主卧套房必须配备独立步入式衣帽间与干湿分离双卫。,主要在陆家嘴/徐家汇CBD上班，首选地铁2/9号线沿线，通勤半小时内。,倡导轻户外，周末常带家人自驾野营或山系徒步，注重生活情调与手作咖啡。,名下持有一套旧两居，置换回款 65% + 个人理财储蓄补充 + 公积金商业贷,重性价比，不盲信大牌，但要求物业管理有序、绿化修剪及时、人防技防规范。,常年本地稳定居住，工作日职住通勤动线规则单一。
上_2008_01162,上海,2008,金融精英,37,女,5.1,43.0,0.4,80.7,3,2,否,A,research,0.86,0.47,0.61,0.61,0.8,0.53,0.63,0.73,0.87,自住-改善,两室一厅,67,6155,老牌证券公司营业部经理,二胎黄金期中大户型,西湖边高精平层,无高端私密会所及管家式物业配套，圈层鱼龙混杂，高净值居住体验差。,核心要求地块属于第一梯队名校学区，且周边500米内解决幼小衔接教育配套。,主要在陆家嘴/徐家汇CBD上班，首选地铁2/9号线沿线，通勤半小时内。,周末常去高端商圈消费，热衷打网球和马术，重度手冲咖啡及黑胶唱片发烧友。,名下已有企业股权套现或分红现金，一次性全款付清，基本不加杠杆,非仁恒、绿城、万科等金牌开发商不买，极度看重高端精装质量与顶级物业的增值口碑。,常年本地稳定居住，工作日职住通勤动线规则单一。
上_2008_01163,上海,2008,本地改善,46,女,1.4,13.2,0.45,22.1,4,2,是,B,agent,0.76,0.54,0.51,0.47,0.53,0.98,0.71,0.57,0.49,自住-改善,一室一厅,83,2335,市第二中学地理教师,二胎黄金期中大户型,上海中环品质两居，车位及空间极其拥挤,小区无地下车库且人车不分流，小孩在楼下玩耍或者推婴儿车极为不安全。,讲究超高得房率（超85%），主卧套房必须配备独立步入式衣帽间与干湿分离双卫。,主要在陆家嘴/徐家汇CBD上班，首选地铁2/9号线沿线，通勤半小时内。,倡导轻户外，周末常带家人自驾野营或山系徒步，注重生活情调与手作咖啡。,名下持有一套旧两居，置换回款 65% + 个人理财储蓄补充 + 公积金商业贷,重性价比，不盲信大牌，但要求物业管理有序、绿化修剪及时、人防技防规范。,常年本地稳定居住，工作日职住通勤动线规则单一。
上_2008_01164,上海,2008,长三角家庭,51,男,1.9,13.9,0.45,23.2,4,2,是,B,agent,0.73,0.47,0.64,0.57,0.53,0.82,0.38,0.86,0.58,自住-改善,两室一厅,86,2079,市第二中学地理教师,二胎黄金期中大户型,上海中环品质两居，车位及空间极其拥挤,小区无地下车库且人车不分流，小孩在楼下玩耍或者推婴儿车极为不安全。,讲究超高得房率（超85%），主卧套房必须配备独立步入式衣帽间与干湿分离双卫。,主要在陆家嘴/徐家汇CBD上班，首选地铁2/9号线沿线，通勤半小时内。,倡导轻户外，周末常带家人自驾野营或山系徒步，注重生活情调与手作咖啡。,名下持有一套旧两居，置换回款 65% + 个人理财储蓄补充 + 公积金商业贷,重性价比，不盲信大牌，但要求物业管理有序、绿化修剪及时、人防技防规范。,常年本地稳定居住，工作日职住通勤动线规则单一。
上_2008_01165,上海,2008,本地改善,41,男,0.9,6.6,0.45,11.0,4,2,是,B,agent,0.69,0.52,0.59,0.3,0.49,0.87,0.7,0.73,0.6,自住-改善,两室两厅,70,1384,邮政局局长秘书,二胎黄金期中大户型,上海中环品质两居，车位及空间极其拥挤,小区无地下车库且人车不分流，小孩在楼下玩耍或者推婴儿车极为不安全。,讲究超高得房率（超85%），主卧套房必须配备独立步入式衣帽间与干湿分离双卫。,主要在陆家嘴/徐家汇CBD上班，首选地铁2/9号线沿线，通勤半小时内。,倡导轻户外，周末常带家人自驾野营或山系徒步，注重生活情调与手作咖啡。,名下持有一套旧两居，置换回款 65% + 个人理财储蓄补充 + 公积金商业贷,重性价比，不盲信大牌，但要求物业管理有序、绿化修剪及时、人防技防规范。,常年本地稳定居住，工作日职住通勤动线规则单一。
上_2008_01166,上海,2008,教育型买房,35,男,2.8,27.2,0.4,50.9,4,2,是,B,social,1,0.68,0.32,0.45,0.64,0.74,0.49,0.81,0.56,学区房,两室两厅,67,4317,市第二中学地理教师,二胎黄金期中大户型,上海中环品质两居，车位及空间极其拥挤,小区无地下车库且人车不分流，小孩在楼下玩耍或者推婴儿车极为不安全。,讲究超高得房率（超85%），主卧套房必须配备独立步入式衣帽间与干湿分离双卫。,主要在陆家嘴/徐家汇CBD上班，首选地铁2/9号线沿线，通勤半小时内。,倡导轻户外，周末常带家人自驾野营或山系徒步，注重生活情调与手作咖啡。,名下持有一套旧两居，置换回款 65% + 个人理财储蓄补充 + 公积金商业贷,重性价比，不盲信大牌，但要求物业管理有序、绿化修剪及时、人防技防规范。,常年本地稳定居住，工作日职住通勤动线规则单一。
上_2008_01167,上海,2008,金融精英,46,女,4.5,35.5,0.4,66.5,3,1,否,A,research,0.68,0.34,0.6,0.62,0.81,0.75,0.62,0.71,0.83,自住-首套,两室一厅,68,8460,商业银行支行信贷科长,三口之家(学龄段),陆家嘴核心区江景大平层,无高端私密会所及管家式物业配套，圈层鱼龙混杂，高净值居住体验差。,讲究超高得房率（超85%），主卧套房必须配备独立步入式衣帽间与干湿分离双卫。,主要在陆家嘴/徐家汇CBD上班，首选地铁2/9号线沿线，通勤半小时内。,周末常去高端商圈消费，热衷打网球和马术，重度手冲咖啡及黑胶唱片发烧友。,夫妻双方积蓄 + 双方父母出资赞助首付 + 公积金商业组合贷款,非仁恒、绿城、万科等金牌开发商不买，极度看重高端精装质量与顶级物业的增值口碑。,常年本地稳定居住，工作日职住通勤动线规则单一。
上_2008_01168,上海,2008,金融精英,38,女,3.8,26.3,0.4,49.3,3,1,是,A,research,0.56,0.57,0.7,0.68,0.58,0.82,0.72,0.97,0.79,自住-改善,两室一厅,51,6722,老牌证券公司营业部经理,三口之家(学龄段),陆家嘴核心区江景大平层,当前房屋属于旧多层无电梯房，父母年纪渐高每天爬楼梯极为吃力。,讲究超高得房率（超85%），主卧套房必须配备独立步入式衣帽间与干湿分离双卫。,主要在陆家嘴/徐家汇CBD上班，首选地铁2/9号线沿线，通勤半小时内。,周末常去高端商圈消费，热衷打网球和马术，重度手冲咖啡及黑胶唱片发烧友。,名下已有企业股权套现或分红现金，一次性全款付清，基本不加杠杆,非仁恒、绿城、万科等金牌开发商不买，极度看重高端精装质量与顶级物业的增值口碑。,常年本地稳定居住，工作日职住通勤动线规则单一。
上_2008_01169,上海,2008,本地改善,49,女,3.2,34.5,0.45,57.5,4,2,是,B,agent,0.92,0.57,0.5,0.43,0.52,0.82,0.54,0.85,0.4,自住-改善,两室两厅,68,7553,市第二中学地理教师,二胎黄金期中大户型,上海中环品质两居，车位及空间极其拥挤,小区无地下车库且人车不分流，小孩在楼下玩耍或者推婴儿车极为不安全。,讲究超高得房率（超85%），主卧套房必须配备独立步入式衣帽间与干湿分离双卫。,主要在陆家嘴/徐家汇CBD上班，首选地铁2/9号线沿线，通勤半小时内。,倡导轻户外，周末常带家人自驾野营或山系徒步，注重生活情调与手作咖啡。,名下持有一套旧两居，置换回款 65% + 个人理财储蓄补充 + 公积金商业贷,重性价比，不盲信大牌，但要求物业管理有序、绿化修剪及时、人防技防规范。,常年本地稳定居住，工作日职住通勤动线规则单一。
上_2008_01170,上海,2008,金融精英,47,女,5.7,38.9,0.4,73.0,3,1,否,A,research,0.6,0.45,0.73,0.58,0.74,0.6,0.72,1,0.86,自住-首套,两室两厅,51,8237,商业银行支行信贷科长,三口之家(学龄段),西湖边高精平层,无高端私密会所及管家式物业配套，圈层鱼龙混杂，高净值居住体验差。,要求有超大面宽南向双阳台（观景家政分离），主卧大飘窗能270度直面自然景观。,主要在陆家嘴/徐家汇CBD上班，首选地铁2/9号线沿线，通勤半小时内。,周末常去高端商圈消费，热衷打网球和马术，重度手冲咖啡及黑胶唱片发烧友。,夫妻双方积蓄 + 双方父母出资赞助首付 + 公积金商业组合贷款,非仁恒、绿城、万科等金牌开发商不买，极度看重高端精装质量与顶级物业的增值口碑。,常年本地稳定居住，工作日职住通勤动线规则单一。
上_2008_01171,上海,2008,金融精英,43,男,1.8,12.2,0.4,23.0,3,1,是,A,research,0.81,0.55,0.58,0.62,0.81,0.9,0.71,0.86,0.79,自住-首套,两室两厅,75,2669,商业银行支行信贷科长,三口之家(学龄段),西湖边高精平层,当前房屋属于旧多层无电梯房，父母年纪渐高每天爬楼梯极为吃力。,讲究超高得房率（超85%），主卧套房必须配备独立步入式衣帽间与干湿分离双卫。,主要在陆家嘴/徐家汇CBD上班，首选地铁2/9号线沿线，通勤半小时内。,周末常去高端商圈消费，热衷打网球和马术，重度手冲咖啡及黑胶唱片发烧友。,夫妻双方积蓄 + 双方父母出资赞助首付 + 公积金商业组合贷款,非仁恒、绿城、万科等金牌开发商不买，极度看重高端精装质量与顶级物业的增值口碑。,常年本地稳定居住，工作日职住通勤动线规则单一。
上_2008_01172,上海,2008,长三角家庭,55,女,2.7,20.9,0.45,34.8,3,1,否,B,agent,0.57,0.71,0.58,0.5,0.5,0.72,0.36,0.76,0.56,自住-首套,两室一厅,61,3186,国企车间技术主任,三口之家(学龄段),上海中环品质两居，车位及空间极其拥挤,小区无地下车库且人车不分流，小孩在楼下玩耍或者推婴儿车极为不安全。,讲究超高得房率（超85%），主卧套房必须配备独立步入式衣帽间与干湿分离双卫。,主要在陆家嘴/徐家汇CBD上班，首选地铁2/9号线沿线，通勤半小时内。,倡导轻户外，周末常带家人自驾野营或山系徒步，注重生活情调与手作咖啡。,夫妻双方积蓄 + 双方父母出资赞助首付 + 公积金商业组合贷款,重性价比，不盲信大牌，但要求物业管理有序、绿化修剪及时、人防技防规范。,常年本地稳定居住，工作日职住通勤动线规则单一。
上_2008_01173,上海,2008,教育型买房,48,男,1.3,10.0,0.4,18.7,3,2,是,B,social,0.79,0.61,0.45,0.34,0.65,0.6,0.56,1,0.71,学区房,两室两厅,82,2033,邮政局局长秘书,二胎黄金期中大户型,上海中环品质两居，车位及空间极其拥挤,小区无地下车库且人车不分流，小孩在楼下玩耍或者推婴儿车极为不安全。,核心要求地块属于第一梯队名校学区，且周边500米内解决幼小衔接教育配套。,主要在陆家嘴/徐家汇CBD上班，首选地铁2/9号线沿线，通勤半小时内。,倡导轻户外，周末常带家人自驾野营或山系徒步，注重生活情调与手作咖啡。,名下持有一套旧两居，置换回款 65% + 个人理财储蓄补充 + 公积金商业贷,非仁恒、绿城、万科等金牌开发商不买，极度看重高端精装质量与顶级物业的增值口碑。,常年本地稳定居住，工作日职住通勤动线规则单一。
上_2008_01174,上海,2008,本地改善,57,女,1.5,17.5,0.45,29.2,4,1,否,B,agent,0.67,0.51,0.54,0.56,0.48,0.93,0.57,0.66,0.65,自住-改善,一室一厅,95,2026,邮政局局长秘书,三口之家(学龄段),上海中环品质两居，车位及空间极其拥挤,小区无地下车库且人车不分流，小孩在楼下玩耍或者推婴儿车极为不安全。,讲究超高得房率（超85%），主卧套房必须配备独立步入式衣帽间与干湿分离双卫。,主要在陆家嘴/徐家汇CBD上班，首选地铁2/9号线沿线，通勤半小时内。,倡导轻户外，周末常带家人自驾野营或山系徒步，注重生活情调与手作咖啡。,名下持有一套旧两居，置换回款 65% + 个人理财储蓄补充 + 公积金商业贷,重性价比，不盲信大牌，但要求物业管理有序、绿化修剪及时、人防技防规范。,常年本地稳定居住，工作日职住通勤动线规则单一。
上_2008_01175,上海,2008,教育型买房,43,男,1.6,12.9,0.4,24.2,2,1,是,B,social,0.98,0.59,0.39,0.41,0.51,0.74,0.51,0.91,0.61,学区房,两室一厅,82,2021,国企车间技术主任,三口之家(学龄段),上海中环品质两居，车位及空间极其拥挤,小区无地下车库且人车不分流，小孩在楼下玩耍或者推婴儿车极为不安全。,讲究超高得房率（超85%），主卧套房必须配备独立步入式衣帽间与干湿分离双卫。,主要在陆家嘴/徐家汇CBD上班，首选地铁2/9号线沿线，通勤半小时内。,倡导轻户外，周末常带家人自驾野营或山系徒步，注重生活情调与手作咖啡。,名下持有一套旧两居，置换回款 65% + 个人理财储蓄补充 + 公积金商业贷,重性价比，不盲信大牌，但要求物业管理有序、绿化修剪及时、人防技防规范。,常年本地稳定居住，工作日职住通勤动线规则单一。
上_2008_01176,上海,2008,金融精英,42,男,6.4,40.6,0.4,76.2,3,1,否,A,research,0.67,0.57,0.67,0.69,0.85,0.81,0.75,0.83,0.85,自住-改善,两室一厅,69,7698,老牌证券公司营业部经理,三口之家(学龄段),西湖边高精平层,无高端私密会所及管家式物业配套，圈层鱼龙混杂，高净值居住体验差。,讲究超高得房率（超85%），主卧套房必须配备独立步入式衣帽间与干湿分离双卫。,主要在陆家嘴/徐家汇CBD上班，首选地铁2/9号线沿线，通勤半小时内。,周末常去高端商圈消费，热衷打网球和马术，重度手冲咖啡及黑胶唱片发烧友。,名下已有企业股权套现或分红现金，一次性全款付清，基本不加杠杆,非仁恒、绿城、万科等金牌开发商不买，极度看重高端精装质量与顶级物业的增值口碑。,常年本地稳定居住，工作日职住通勤动线规则单一。
上_2008_01177,上海,2008,金融精英,33,女,4.0,24.9,0.4,46.6,3,2,否,A,research,0.93,0.33,0.69,0.65,0.69,0.79,0.69,0.77,0.73,婚房,两室两厅,60,3885,申银万国证券分析员,二胎黄金期中大户型,市中心私密洋房住宅,无高端私密会所及管家式物业配套，圈层鱼龙混杂，高净值居住体验差。,讲究超高得房率（超85%），主卧套房必须配备独立步入式衣帽间与干湿分离双卫。,主要在陆家嘴/徐家汇CBD上班，首选地铁2/9号线沿线，通勤半小时内。,周末常去高端商圈消费，热衷打网球和马术，重度手冲咖啡及黑胶唱片发烧友。,夫妻双方积蓄 + 双方父母出资赞助首付 + 公积金商业组合贷款,非仁恒、绿城、万科等金牌开发商不买，极度看重高端精装质量与顶级物业的增值口碑。,常年本地稳定居住，工作日职住通勤动线规则单一。
上_2008_01178,上海,2008,本地改善,57,男,4.7,54.6,0.45,91.0,4,3,是,B,agent,0.68,0.51,0.51,0.55,0.54,0.99,0.56,0.68,0.46,自住-改善,两室一厅,95,4852,市第二中学地理教师,二胎黄金期中大户型,上海中环品质两居，车位及空间极其拥挤,小区无地下车库且人车不分流，小孩在楼下玩耍或者推婴儿车极为不安全。,讲究超高得房率（超85%），主卧套房必须配备独立步入式衣帽间与干湿分离双卫。,主要在陆家嘴/徐家汇CBD上班，首选地铁2/9号线沿线，通勤半小时内。,倡导轻户外，周末常带家人自驾野营或山系徒步，注重生活情调与手作咖啡。,名下持有一套旧两居，置换回款 65% + 个人理财储蓄补充 + 公积金商业贷,重性价比，不盲信大牌，但要求物业管理有序、绿化修剪及时、人防技防规范。,常年本地稳定居住，工作日职住通勤动线规则单一。
上_2008_01179,上海,2008,金融精英,47,女,1.9,19.0,0.4,35.6,4,0,否,A,research,0.49,0.46,0.61,0.48,0.72,0.69,0.51,0.92,0.75,自住-改善,两室两厅,67,4460,老牌证券公司营业部经理,成熟期核心家庭,陆家嘴核心区江景大平层,无高端私密会所及管家式物业配套，圈层鱼龙混杂，高净值居住体验差。,核心要求地块属于第一梯队名校学区，且周边500米内解决幼小衔接教育配套。,主要在陆家嘴/徐家汇CBD上班，首选地铁2/9号线沿线，通勤半小时内。,周末常去高端商圈消费，热衷打网球和马术，重度手冲咖啡及黑胶唱片发烧友。,名下已有企业股权套现或分红现金，一次性全款付清，基本不加杠杆,非仁恒、绿城、万科等金牌开发商不买，极度看重高端精装质量与顶级物业的增值口碑。,常年本地稳定居住，工作日职住通勤动线规则单一。
上_2008_01180,上海,2008,金融精英,48,男,6.3,44.7,0.4,83.7,3,0,否,A,research,0.87,0.33,0.55,0.64,0.82,0.78,0.7,0.62,0.78,自住-首套,一室一厅,66,7417,商业银行支行信贷科长,成熟期核心家庭,市中心私密洋房住宅,无高端私密会所及管家式物业配套，圈层鱼龙混杂，高净值居住体验差。,讲究超高得房率（超85%），主卧套房必须配备独立步入式衣帽间与干湿分离双卫。,主要在陆家嘴/徐家汇CBD上班，首选地铁2/9号线沿线，通勤半小时内。,周末常去高端商圈消费，热衷打网球和马术，重度手冲咖啡及黑胶唱片发烧友。,夫妻双方积蓄 + 双方父母出资赞助首付 + 公积金商业组合贷款,非仁恒、绿城、万科等金牌开发商不买，极度看重高端精装质量与顶级物业的增值口碑。,常年本地稳定居住，工作日职住通勤动线规则单一。
上_2008_01181,上海,2008,本地改善,50,男,1.2,8.7,0.45,14.4,4,2,是,B,agent,1,0.47,0.51,0.51,0.7,0.91,0.52,0.66,0.75,自住-改善,两室两厅,95,947,市第二中学地理教师,二胎黄金期中大户型,上海中环品质两居，车位及空间极其拥挤,小区无地下车库且人车不分流，小孩在楼下玩耍或者推婴儿车极为不安全。,讲究超高得房率（超85%），主卧套房必须配备独立步入式衣帽间与干湿分离双卫。,主要在陆家嘴/徐家汇CBD上班，首选地铁2/9号线沿线，通勤半小时内。,倡导轻户外，周末常带家人自驾野营或山系徒步，注重生活情调与手作咖啡。,名下持有一套旧两居，置换回款 65% + 个人理财储蓄补充 + 公积金商业贷,非仁恒、绿城、万科等金牌开发商不买，极度看重高端精装质量与顶级物业的增值口碑。,常年本地稳定居住，工作日职住通勤动线规则单一。
上_2008_01182,上海,2008,本地改善,46,男,2.7,24.0,0.45,40.0,3,2,否,B,agent,0.66,0.59,0.57,0.45,0.55,0.87,0.51,0.7,0.66,自住-改善,一室一厅,98,2965,市第二中学地理教师,二胎黄金期中大户型,上海中环品质两居，车位及空间极其拥挤,小区无地下车库且人车不分流，小孩在楼下玩耍或者推婴儿车极为不安全。,讲究超高得房率（超85%），主卧套房必须配备独立步入式衣帽间与干湿分离双卫。,主要在陆家嘴/徐家汇CBD上班，首选地铁2/9号线沿线，通勤半小时内。,倡导轻户外，周末常带家人自驾野营或山系徒步，注重生活情调与手作咖啡。,名下持有一套旧两居，置换回款 65% + 个人理财储蓄补充 + 公积金商业贷,重性价比，不盲信大牌，但要求物业管理有序、绿化修剪及时、人防技防规范。,常年本地稳定居住，工作日职住通勤动线规则单一。
上_2008_01183,上海,2008,金融精英,41,男,8.4,87.0,0.4,163.2,2,1,是,A,research,0.86,0.31,0.76,0.6,0.72,0.69,0.64,0.81,0.8,自住-首套,两室两厅,101,14194,老牌证券公司营业部经理,三口之家(学龄段),市中心私密洋房住宅,当前房屋属于旧多层无电梯房，父母年纪渐高每天爬楼梯极为吃力。,要求有超大面宽南向双阳台（观景家政分离），主卧大飘窗能270度直面自然景观。,主要在陆家嘴/徐家汇CBD上班，首选地铁2/9号线沿线，通勤半小时内。,周末常去高端商圈消费，热衷打网球和马术，重度手冲咖啡及黑胶唱片发烧友。,夫妻双方积蓄 + 双方父母出资赞助首付 + 公积金商业组合贷款,非仁恒、绿城、万科等金牌开发商不买，极度看重高端精装质量与顶级物业的增值口碑。,常年本地稳定居住，工作日职住通勤动线规则单一。
上_2008_01184,上海,2008,本地改善,38,女,1.0,11.2,0.45,18.6,3,3,否,B,agent,0.71,0.52,0.69,0.71,0.59,0.92,0.46,0.63,0.72,自住-改善,两室一厅,85,1579,国企车间技术主任,二胎黄金期中大户型,上海中环品质两居，车位及空间极其拥挤,小区无地下车库且人车不分流，小孩在楼下玩耍或者推婴儿车极为不安全。,要求独立电梯入户，主次卧动线分明，配备独立保姆房和私密后院。,主要在陆家嘴/徐家汇CBD上班，首选地铁2/9号线沿线，通勤半小时内。,倡导轻户外，周末常带家人自驾野营或山系徒步，注重生活情调与手作咖啡。,名下持有一套旧两居，置换回款 65% + 个人理财储蓄补充 + 公积金商业贷,非仁恒、绿城、万科等金牌开发商不买，极度看重高端精装质量与顶级物业的增值口碑。,常年本地稳定居住，工作日职住通勤动线规则单一。
上_2008_01185,上海,2008,教育型买房,48,男,1.4,10.3,0.4,19.2,3,1,否,B,social,0.81,0.55,0.41,0.33,0.58,0.6,0.62,0.92,0.52,学区房,两室一厅,85,1303,邮政局局长秘书,三口之家(学龄段),上海中环品质两居，车位及空间极其拥挤,小区无地下车库且人车不分流，小孩在楼下玩耍或者推婴儿车极为不安全。,核心要求地块属于第一梯队名校学区，且周边500米内解决幼小衔接教育配套。,主要在陆家嘴/徐家汇CBD上班，首选地铁2/9号线沿线，通勤半小时内。,倡导轻户外，周末常带家人自驾野营或山系徒步，注重生活情调与手作咖啡。,名下持有一套旧两居，置换回款 65% + 个人理财储蓄补充 + 公积金商业贷,重性价比，不盲信大牌，但要求物业管理有序、绿化修剪及时、人防技防规范。,常年本地稳定居住，工作日职住通勤动线规则单一。
上_2008_01186,上海,2008,本地改善,45,男,1.7,21.1,0.45,35.2,3,2,是,B,agent,0.71,0.47,0.64,0.53,0.62,0.91,0.59,0.73,0.53,自住-改善,两室两厅,81,2744,市第二中学地理教师,二胎黄金期中大户型,上海中环品质两居，车位及空间极其拥挤,小区无地下车库且人车不分流，小孩在楼下玩耍或者推婴儿车极为不安全。,讲究超高得房率（超85%），主卧套房必须配备独立步入式衣帽间与干湿分离双卫。,主要在陆家嘴/徐家汇CBD上班，首选地铁2/9号线沿线，通勤半小时内。,倡导轻户外，周末常带家人自驾野营或山系徒步，注重生活情调与手作咖啡。,名下持有一套旧两居，置换回款 65% + 个人理财储蓄补充 + 公积金商业贷,重性价比，不盲信大牌，但要求物业管理有序、绿化修剪及时、人防技防规范。,常年本地稳定居住，工作日职住通勤动线规则单一。
上_2008_01187,上海,2008,本地改善,47,男,1.6,13.0,0.45,21.7,4,2,是,B,agent,0.68,0.45,0.52,0.57,0.52,0.89,0.62,0.69,0.59,自住-改善,两室一厅,55,2101,区财政局科员,二胎黄金期中大户型,上海中环品质两居，车位及空间极其拥挤,小区无地下车库且人车不分流，小孩在楼下玩耍或者推婴儿车极为不安全。,讲究超高得房率（超85%），主卧套房必须配备独立步入式衣帽间与干湿分离双卫。,主要在陆家嘴/徐家汇CBD上班，首选地铁2/9号线沿线，通勤半小时内。,倡导轻户外，周末常带家人自驾野营或山系徒步，注重生活情调与手作咖啡。,名下持有一套旧两居，置换回款 65% + 个人理财储蓄补充 + 公积金商业贷,重性价比，不盲信大牌，但要求物业管理有序、绿化修剪及时、人防技防规范。,常年本地稳定居住，工作日职住通勤动线规则单一。
上_2008_01188,上海,2008,金融精英,39,女,6.5,50.4,0.4,94.5,3,2,是,A,research,1.0,0.39,0.76,0.54,0.82,0.82,0.69,0.87,0.72,自住-首套,两室两厅,64,9174,老牌证券公司营业部经理,二胎黄金期中大户型,陆家嘴核心区江景大平层,当前房屋属于旧多层无电梯房，父母年纪渐高每天爬楼梯极为吃力。,要求有超大面宽南向双阳台（观景家政分离），主卧大飘窗能270度直面自然景观。,主要在陆家嘴/徐家汇CBD上班，首选地铁2/9号线沿线，通勤半小时内。,周末常去高端商圈消费，热衷打网球和马术，重度手冲咖啡及黑胶唱片发烧友。,夫妻双方积蓄 + 双方父母出资赞助首付 + 公积金商业组合贷款,非仁恒、绿城、万科等金牌开发商不买，极度看重高端精装质量与顶级物业的增值口碑。,常年本地稳定居住，工作日职住通勤动线规则单一。
上_2008_01189,上海,2008,教育型买房,36,男,4.3,44.1,0.4,82.7,3,2,是,B,social,1,0.55,0.36,0.26,0.67,0.67,0.61,0.94,0.58,学区房,一室一厅,89,7847,国企车间技术主任,二胎黄金期中大户型,上海中环品质两居，车位及空间极其拥挤,小区无地下车库且人车不分流，小孩在楼下玩耍或者推婴儿车极为不安全。,核心要求地块属于第一梯队名校学区，且周边500米内解决幼小衔接教育配套。,主要在陆家嘴/徐家汇CBD上班，首选地铁2/9号线沿线，通勤半小时内。,倡导轻户外，周末常带家人自驾野营或山系徒步，注重生活情调与手作咖啡。,名下持有一套旧两居，置换回款 65% + 个人理财储蓄补充 + 公积金商业贷,重性价比，不盲信大牌，但要求物业管理有序、绿化修剪及时、人防技防规范。,常年本地稳定居住，工作日职住通勤动线规则单一。
上_2008_01190,上海,2008,教育型买房,44,女,3.7,22.9,0.4,42.9,3,2,是,B,social,0.72,0.39,0.32,0.36,0.51,0.66,0.5,0.8,0.5,学区房,两室两厅,50,4789,国企车间技术主任,二胎黄金期中大户型,上海中环品质两居，车位及空间极其拥挤,小区无地下车库且人车不分流，小孩在楼下玩耍或者推婴儿车极为不安全。,核心要求地块属于第一梯队名校学区，且周边500米内解决幼小衔接教育配套。,主要在陆家嘴/徐家汇CBD上班，首选地铁2/9号线沿线，通勤半小时内。,倡导轻户外，周末常带家人自驾野营或山系徒步，注重生活情调与手作咖啡。,名下持有一套旧两居，置换回款 65% + 个人理财储蓄补充 + 公积金商业贷,重性价比，不盲信大牌，但要求物业管理有序、绿化修剪及时、人防技防规范。,常年本地稳定居住，工作日职住通勤动线规则单一。
上_2008_01191,上海,2008,金融精英,45,男,0.9,6.1,0.4,11.5,4,0,否,A,research,0.7,0.52,0.73,0.75,0.67,0.67,0.74,0.79,0.82,自住-首套,两室一厅,81,767,申银万国证券分析员,成熟期核心家庭,市中心私密洋房住宅,无高端私密会所及管家式物业配套，圈层鱼龙混杂，高净值居住体验差。,要求独立电梯入户，主次卧动线分明，配备独立保姆房和私密后院。,主要在陆家嘴/徐家汇CBD上班，首选地铁2/9号线沿线，通勤半小时内。,周末常去高端商圈消费，热衷打网球和马术，重度手冲咖啡及黑胶唱片发烧友。,夫妻双方积蓄 + 双方父母出资赞助首付 + 公积金商业组合贷款,非仁恒、绿城、万科等金牌开发商不买，极度看重高端精装质量与顶级物业的增值口碑。,常年本地稳定居住，工作日职住通勤动线规则单一。
上_2008_01192,上海,2008,教育型买房,47,女,2.1,15.5,0.4,29.1,4,1,否,B,social,0.98,0.44,0.17,0.41,0.6,0.8,0.36,1,0.64,学区房,两室两厅,57,3374,区财政局科员,三口之家(学龄段),上海中环品质两居，车位及空间极其拥挤,小区无地下车库且人车不分流，小孩在楼下玩耍或者推婴儿车极为不安全。,讲究超高得房率（超85%），主卧套房必须配备独立步入式衣帽间与干湿分离双卫。,主要在陆家嘴/徐家汇CBD上班，首选地铁2/9号线沿线，通勤半小时内。,倡导轻户外，周末常带家人自驾野营或山系徒步，注重生活情调与手作咖啡。,名下持有一套旧两居，置换回款 65% + 个人理财储蓄补充 + 公积金商业贷,重性价比，不盲信大牌，但要求物业管理有序、绿化修剪及时、人防技防规范。,常年本地稳定居住，工作日职住通勤动线规则单一。
上_2008_01193,上海,2008,本地改善,54,女,1.8,20.5,0.45,34.2,5,1,否,B,agent,0.88,0.44,0.51,0.54,0.56,0.87,0.52,0.89,0.51,自住-改善,两室一厅,55,3260,国企车间技术主任,三口之家(学龄段),上海中环品质两居，车位及空间极其拥挤,小区无地下车库且人车不分流，小孩在楼下玩耍或者推婴儿车极为不安全。,讲究超高得房率（超85%），主卧套房必须配备独立步入式衣帽间与干湿分离双卫。,主要在陆家嘴/徐家汇CBD上班，首选地铁2/9号线沿线，通勤半小时内。,倡导轻户外，周末常带家人自驾野营或山系徒步，注重生活情调与手作咖啡。,名下持有一套旧两居，置换回款 65% + 个人理财储蓄补充 + 公积金商业贷,重性价比，不盲信大牌，但要求物业管理有序、绿化修剪及时、人防技防规范。,常年本地稳定居住，工作日职住通勤动线规则单一。
上_2008_01194,上海,2008,本地改善,50,男,2.7,28.1,0.45,46.8,4,2,否,B,agent,0.78,0.48,0.59,0.58,0.44,0.93,0.54,0.65,0.56,自住-改善,两室两厅,92,3538,邮政局局长秘书,二胎黄金期中大户型,上海中环品质两居，车位及空间极其拥挤,小区无地下车库且人车不分流，小孩在楼下玩耍或者推婴儿车极为不安全。,讲究超高得房率（超85%），主卧套房必须配备独立步入式衣帽间与干湿分离双卫。,主要在陆家嘴/徐家汇CBD上班，首选地铁2/9号线沿线，通勤半小时内。,倡导轻户外，周末常带家人自驾野营或山系徒步，注重生活情调与手作咖啡。,名下持有一套旧两居，置换回款 65% + 个人理财储蓄补充 + 公积金商业贷,重性价比，不盲信大牌，但要求物业管理有序、绿化修剪及时、人防技防规范。,常年本地稳定居住，工作日职住通勤动线规则单一。
上_2008_01195,上海,2008,本地改善,48,女,3.2,25.5,0.45,42.4,5,2,否,B,agent,0.85,0.44,0.57,0.62,0.66,0.85,0.49,0.75,0.44,自住-改善,两室一厅,79,4735,市第二中学地理教师,二胎黄金期中大户型,上海中环品质两居，车位及空间极其拥挤,小区无地下车库且人车不分流，小孩在楼下玩耍或者推婴儿车极为不安全。,讲究超高得房率（超85%），主卧套房必须配备独立步入式衣帽间与干湿分离双卫。,主要在陆家嘴/徐家汇CBD上班，首选地铁2/9号线沿线，通勤半小时内。,倡导轻户外，周末常带家人自驾野营或山系徒步，注重生活情调与手作咖啡。,名下持有一套旧两居，置换回款 65% + 个人理财储蓄补充 + 公积金商业贷,重性价比，不盲信大牌，但要求物业管理有序、绿化修剪及时、人防技防规范。,常年本地稳定居住，工作日职住通勤动线规则单一。
上_2008_01196,上海,2008,长三角家庭,41,男,2.3,16.3,0.45,27.2,4,2,是,B,agent,0.89,0.69,0.68,0.33,0.52,0.71,0.35,0.78,0.64,自住-改善,两室两厅,91,1582,国企车间技术主任,二胎黄金期中大户型,上海中环品质两居，车位及空间极其拥挤,小区无地下车库且人车不分流，小孩在楼下玩耍或者推婴儿车极为不安全。,讲究超高得房率（超85%），主卧套房必须配备独立步入式衣帽间与干湿分离双卫。,主要在陆家嘴/徐家汇CBD上班，首选地铁2/9号线沿线，通勤半小时内。,倡导轻户外，周末常带家人自驾野营或山系徒步，注重生活情调与手作咖啡。,名下持有一套旧两居，置换回款 65% + 个人理财储蓄补充 + 公积金商业贷,重性价比，不盲信大牌，但要求物业管理有序、绿化修剪及时、人防技防规范。,常年本地稳定居住，工作日职住通勤动线规则单一。
上_2008_01197,上海,2008,本地改善,41,女,2.2,15.5,0.45,25.8,4,2,否,B,agent,0.64,0.47,0.62,0.53,0.58,0.85,0.71,0.8,0.61,自住-改善,一室一厅,80,2852,国企车间技术主任,二胎黄金期中大户型,上海中环品质两居，车位及空间极其拥挤,小区无地下车库且人车不分流，小孩在楼下玩耍或者推婴儿车极为不安全。,讲究超高得房率（超85%），主卧套房必须配备独立步入式衣帽间与干湿分离双卫。,主要在陆家嘴/徐家汇CBD上班，首选地铁2/9号线沿线，通勤半小时内。,倡导轻户外，周末常带家人自驾野营或山系徒步，注重生活情调与手作咖啡。,名下持有一套旧两居，置换回款 65% + 个人理财储蓄补充 + 公积金商业贷,重性价比，不盲信大牌，但要求物业管理有序、绿化修剪及时、人防技防规范。,常年本地稳定居住，工作日职住通勤动线规则单一。
上_2008_01198,上海,2008,教育型买房,41,男,1.4,9.7,0.4,18.2,3,1,是,B,social,0.91,0.45,0.46,0.36,0.64,0.64,0.52,0.99,0.62,学区房,一室一厅,78,1208,邮政局局长秘书,三口之家(学龄段),上海中环品质两居，车位及空间极其拥挤,小区无地下车库且人车不分流，小孩在楼下玩耍或者推婴儿车极为不安全。,核心要求地块属于第一梯队名校学区，且周边500米内解决幼小衔接教育配套。,主要在陆家嘴/徐家汇CBD上班，首选地铁2/9号线沿线，通勤半小时内。,倡导轻户外，周末常带家人自驾野营或山系徒步，注重生活情调与手作咖啡。,名下持有一套旧两居，置换回款 65% + 个人理财储蓄补充 + 公积金商业贷,重性价比，不盲信大牌，但要求物业管理有序、绿化修剪及时、人防技防规范。,常年本地稳定居住，工作日职住通勤动线规则单一。
上_2008_01199,上海,2008,外籍海归,44,女,4.8,37.1,0.4,69.5,2,1,否,A,social,0.75,0.55,0.56,0.68,0.79,0.73,0.63,0.83,0.87,自住-改善,一室一厅,91,4293,外企驻沪办事处代表,三口之家(学龄段),市中心私密洋房住宅,无高端私密会所及管家式物业配套，圈层鱼龙混杂，高净值居住体验差。,讲究超高得房率（超85%），主卧套房必须配备独立步入式衣帽间与干湿分离双卫。,主要在陆家嘴/徐家汇CBD上班，首选地铁2/9号线沿线，通勤半小时内。,周末常去高端商圈消费，热衷打网球和马术，重度手冲咖啡及黑胶唱片发烧友。,名下已有企业股权套现或分红现金，一次性全款付清，基本不加杠杆,非仁恒、绿城、万科等金牌开发商不买，极度看重高端精装质量与顶级物业的增值口碑。,常年本地稳定居住，工作日职住通勤动线规则单一。
上_2008_01200,上海,2008,本地改善,50,女,3.0,36.7,0.45,61.1,4,2,否,B,agent,0.83,0.51,0.59,0.51,0.7,0.81,0.62,0.82,0.54,自住-改善,两室两厅,60,8660,国企车间技术主任,二胎黄金期中大户型,上海中环品质两居，车位及空间极其拥挤,小区无地下车库且人车不分流，小孩在楼下玩耍或者推婴儿车极为不安全。,讲究超高得房率（超85%），主卧套房必须配备独立步入式衣帽间与干湿分离双卫。,主要在陆家嘴/徐家汇CBD上班，首选地铁2/9号线沿线，通勤半小时内。,倡导轻户外，周末常带家人自驾野营或山系徒步，注重生活情调与手作咖啡。,名下持有一套旧两居，置换回款 65% + 个人理财储蓄补充 + 公积金商业贷,重性价比，不盲信大牌，但要求物业管理有序、绿化修剪及时、人防技防规范。,常年本地稳定居住，工作日职住通勤动线规则单一。
上_2008_01201,上海,2008,金融精英,34,男,1.7,11.7,0.4,21.9,3,1,否,A,research,0.72,0.35,0.69,0.58,0.7,0.74,0.84,0.7,0.77,婚房,两室两厅,92,2138,老牌证券公司营业部经理,三口之家(幼龄段),西湖边高精平层,无高端私密会所及管家式物业配套，圈层鱼龙混杂，高净值居住体验差。,讲究超高得房率（超85%），主卧套房必须配备独立步入式衣帽间与干湿分离双卫。,主要在陆家嘴/徐家汇CBD上班，首选地铁2/9号线沿线，通勤半小时内。,周末常去高端商圈消费，热衷打网球和马术，重度手冲咖啡及黑胶唱片发烧友。,夫妻双方积蓄 + 双方父母出资赞助首付 + 公积金商业组合贷款,非仁恒、绿城、万科等金牌开发商不买，极度看重高端精装质量与顶级物业的增值口碑。,常年本地稳定居住，工作日职住通勤动线规则单一。
上_2008_01202,上海,2008,金融精英,34,女,4.9,36.4,0.4,68.2,2,1,是,A,research,0.76,0.44,0.71,0.73,0.82,0.65,0.7,0.87,0.83,婚房,两室一厅,59,7669,老牌证券公司营业部经理,三口之家(幼龄段),陆家嘴核心区江景大平层,当前房屋属于旧多层无电梯房，父母年纪渐高每天爬楼梯极为吃力。,要求独立电梯入户，主次卧动线分明，配备独立保姆房和私密后院。,主要在陆家嘴/徐家汇CBD上班，首选地铁2/9号线沿线，通勤半小时内。,周末常去高端商圈消费，热衷打网球和马术，重度手冲咖啡及黑胶唱片发烧友。,夫妻双方积蓄 + 双方父母出资赞助首付 + 公积金商业组合贷款,非仁恒、绿城、万科等金牌开发商不买，极度看重高端精装质量与顶级物业的增值口碑。,常年本地稳定居住，工作日职住通勤动线规则单一。
上_2008_01203,上海,2008,本地改善,43,女,1.8,23.0,0.45,38.4,4,2,否,B,agent,0.66,0.62,0.5,0.61,0.66,0.92,0.55,0.66,0.56,自住-改善,两室两厅,75,3697,区财政局科员,二胎黄金期中大户型,上海中环品质两居，车位及空间极其拥挤,小区无地下车库且人车不分流，小孩在楼下玩耍或者推婴儿车极为不安全。,讲究超高得房率（超85%），主卧套房必须配备独立步入式衣帽间与干湿分离双卫。,主要在陆家嘴/徐家汇CBD上班，首选地铁2/9号线沿线，通勤半小时内。,倡导轻户外，周末常带家人自驾野营或山系徒步，注重生活情调与手作咖啡。,名下持有一套旧两居，置换回款 65% + 个人理财储蓄补充 + 公积金商业贷,重性价比，不盲信大牌，但要求物业管理有序、绿化修剪及时、人防技防规范。,常年本地稳定居住，工作日职住通勤动线规则单一。
上_2008_01204,上海,2008,教育型买房,46,女,1.9,12.6,0.4,23.7,4,1,否,B,social,0.88,0.54,0.46,0.32,0.59,0.78,0.48,1,0.71,学区房,两室一厅,66,3021,国企车间技术主任,三口之家(学龄段),上海中环品质两居，车位及空间极其拥挤,小区无地下车库且人车不分流，小孩在楼下玩耍或者推婴儿车极为不安全。,讲究超高得房率（超85%），主卧套房必须配备独立步入式衣帽间与干湿分离双卫。,主要在陆家嘴/徐家汇CBD上班，首选地铁2/9号线沿线，通勤半小时内。,倡导轻户外，周末常带家人自驾野营或山系徒步，注重生活情调与手作咖啡。,名下持有一套旧两居，置换回款 65% + 个人理财储蓄补充 + 公积金商业贷,非仁恒、绿城、万科等金牌开发商不买，极度看重高端精装质量与顶级物业的增值口碑。,常年本地稳定居住，工作日职住通勤动线规则单一。
上_2008_01205,上海,2008,外籍海归,45,女,3.7,31.6,0.4,59.2,3,1,否,A,social,0.55,0.39,0.6,0.72,0.7,0.76,0.69,0.92,0.78,自住-首套,两室一厅,80,5396,合资日化企业技术主管,三口之家(学龄段),西湖边高精平层,无高端私密会所及管家式物业配套，圈层鱼龙混杂，高净值居住体验差。,要求独立电梯入户，主次卧动线分明，配备独立保姆房和私密后院。,主要在陆家嘴/徐家汇CBD上班，首选地铁2/9号线沿线，通勤半小时内。,周末常去高端商圈消费，热衷打网球和马术，重度手冲咖啡及黑胶唱片发烧友。,夫妻双方积蓄 + 双方父母出资赞助首付 + 公积金商业组合贷款,非仁恒、绿城、万科等金牌开发商不买，极度看重高端精装质量与顶级物业的增值口碑。,常年本地稳定居住，工作日职住通勤动线规则单一。
上_2008_01206,上海,2008,金融精英,42,男,8.3,56.4,0.4,105.8,3,1,否,A,research,0.72,0.44,0.65,0.56,0.79,0.68,0.76,0.92,0.93,自住-首套,一室一厅,89,8248,商业银行支行信贷科长,三口之家(学龄段),陆家嘴核心区江景大平层,无高端私密会所及管家式物业配套，圈层鱼龙混杂，高净值居住体验差。,核心要求地块属于第一梯队名校学区，且周边500米内解决幼小衔接教育配套。,主要在陆家嘴/徐家汇CBD上班，首选地铁2/9号线沿线，通勤半小时内。,周末常去高端商圈消费，热衷打网球和马术，重度手冲咖啡及黑胶唱片发烧友。,夫妻双方积蓄 + 双方父母出资赞助首付 + 公积金商业组合贷款,非仁恒、绿城、万科等金牌开发商不买，极度看重高端精装质量与顶级物业的增值口碑。,常年本地稳定居住，工作日职住通勤动线规则单一。
上_2008_01207,上海,2008,本地改善,40,男,1.7,20.3,0.45,33.8,5,3,否,B,agent,0.75,0.68,0.53,0.4,0.51,0.89,0.64,0.64,0.48,自住-改善,两室一厅,70,3707,国企车间技术主任,二胎黄金期中大户型,上海中环品质两居，车位及空间极其拥挤,小区无地下车库且人车不分流，小孩在楼下玩耍或者推婴儿车极为不安全。,讲究超高得房率（超85%），主卧套房必须配备独立步入式衣帽间与干湿分离双卫。,主要在陆家嘴/徐家汇CBD上班，首选地铁2/9号线沿线，通勤半小时内。,倡导轻户外，周末常带家人自驾野营或山系徒步，注重生活情调与手作咖啡。,名下持有一套旧两居，置换回款 65% + 个人理财储蓄补充 + 公积金商业贷,重性价比，不盲信大牌，但要求物业管理有序、绿化修剪及时、人防技防规范。,常年本地稳定居住，工作日职住通勤动线规则单一。
上_2008_01208,上海,2008,教育型买房,37,女,4.7,29.5,0.4,55.3,2,1,否,B,social,0.72,0.52,0.41,0.36,0.62,0.61,0.54,0.86,0.62,学区房,两室两厅,60,5867,市第二中学地理教师,三口之家(幼龄段),上海中环品质两居，车位及空间极其拥挤,小区无地下车库且人车不分流，小孩在楼下玩耍或者推婴儿车极为不安全。,核心要求地块属于第一梯队名校学区，且周边500米内解决幼小衔接教育配套。,主要在陆家嘴/徐家汇CBD上班，首选地铁2/9号线沿线，通勤半小时内。,倡导轻户外，周末常带家人自驾野营或山系徒步，注重生活情调与手作咖啡。,名下持有一套旧两居，置换回款 65% + 个人理财储蓄补充 + 公积金商业贷,重性价比，不盲信大牌，但要求物业管理有序、绿化修剪及时、人防技防规范。,常年本地稳定居住，工作日职住通勤动线规则单一。
上_2008_01209,上海,2008,外籍海归,40,女,1.4,11.8,0.4,22.2,3,1,否,A,social,0.62,0.46,0.54,0.54,0.83,0.66,0.56,0.88,0.53,自住-首套,一室一厅,87,1566,外企驻沪办事处代表,三口之家(学龄段),陆家嘴核心区江景大平层,无高端私密会所及管家式物业配套，圈层鱼龙混杂，高净值居住体验差。,核心要求地块属于第一梯队名校学区，且周边500米内解决幼小衔接教育配套。,主要在陆家嘴/徐家汇CBD上班，首选地铁2/9号线沿线，通勤半小时内。,周末常去高端商圈消费，热衷打网球和马术，重度手冲咖啡及黑胶唱片发烧友。,夫妻双方积蓄 + 双方父母出资赞助首付 + 公积金商业组合贷款,重性价比，不盲信大牌，但要求物业管理有序、绿化修剪及时、人防技防规范。,常年本地稳定居住，工作日职住通勤动线规则单一。
上_2008_01210,上海,2008,本地改善,50,女,2.7,27.5,0.45,45.8,4,2,否,B,agent,0.87,0.63,0.5,0.49,0.54,0.95,0.56,0.74,0.67,自住-改善,一室一厅,57,6644,国企车间技术主任,二胎黄金期中大户型,上海中环品质两居，车位及空间极其拥挤,小区无地下车库且人车不分流，小孩在楼下玩耍或者推婴儿车极为不安全。,讲究超高得房率（超85%），主卧套房必须配备独立步入式衣帽间与干湿分离双卫。,主要在陆家嘴/徐家汇CBD上班，首选地铁2/9号线沿线，通勤半小时内。,倡导轻户外，周末常带家人自驾野营或山系徒步，注重生活情调与手作咖啡。,名下持有一套旧两居，置换回款 65% + 个人理财储蓄补充 + 公积金商业贷,重性价比，不盲信大牌，但要求物业管理有序、绿化修剪及时、人防技防规范。,常年本地稳定居住，工作日职住通勤动线规则单一。
上_2008_01211,上海,2008,金融精英,32,女,3.7,24.6,0.4,46.1,4,0,否,A,research,0.8,0.46,0.65,0.57,0.9,0.8,0.81,0.89,0.81,自住-首套,两室两厅,67,4800,商业银行支行信贷科长,新婚过渡两居,陆家嘴核心区江景大平层,无高端私密会所及管家式物业配套，圈层鱼龙混杂，高净值居住体验差。,讲究超高得房率（超85%），主卧套房必须配备独立步入式衣帽间与干湿分离双卫。,主要在陆家嘴/徐家汇CBD上班，首选地铁2/9号线沿线，通勤半小时内。,周末常去高端商圈消费，热衷打网球和马术，重度手冲咖啡及黑胶唱片发烧友。,夫妻双方积蓄 + 双方父母出资赞助首付 + 公积金商业组合贷款,非仁恒、绿城、万科等金牌开发商不买，极度看重高端精装质量与顶级物业的增值口碑。,常年本地稳定居住，工作日职住通勤动线规则单一。
上_2008_01212,上海,2008,本地改善,38,男,2.1,22.4,0.45,37.4,4,2,是,B,agent,0.67,0.54,0.69,0.59,0.44,1,0.73,0.89,0.73,自住-改善,一室一厅,69,4491,邮政局局长秘书,二胎黄金期中大户型,上海中环品质两居，车位及空间极其拥挤,小区无地下车库且人车不分流，小孩在楼下玩耍或者推婴儿车极为不安全。,讲究超高得房率（超85%），主卧套房必须配备独立步入式衣帽间与干湿分离双卫。,主要在陆家嘴/徐家汇CBD上班，首选地铁2/9号线沿线，通勤半小时内。,倡导轻户外，周末常带家人自驾野营或山系徒步，注重生活情调与手作咖啡。,名下持有一套旧两居，置换回款 65% + 个人理财储蓄补充 + 公积金商业贷,非仁恒、绿城、万科等金牌开发商不买，极度看重高端精装质量与顶级物业的增值口碑。,常年本地稳定居住，工作日职住通勤动线规则单一。
上_2008_01213,上海,2008,本地改善,57,男,2.6,27.0,0.45,45.0,5,2,是,B,agent,0.86,0.49,0.65,0.43,0.57,0.67,0.58,0.92,0.61,自住-改善,两室两厅,55,4566,区财政局科员,二胎黄金期中大户型,上海中环品质两居，车位及空间极其拥挤,小区无地下车库且人车不分流，小孩在楼下玩耍或者推婴儿车极为不安全。,核心要求地块属于第一梯队名校学区，且周边500米内解决幼小衔接教育配套。,主要在陆家嘴/徐家汇CBD上班，首选地铁2/9号线沿线，通勤半小时内。,倡导轻户外，周末常带家人自驾野营或山系徒步，注重生活情调与手作咖啡。,名下持有一套旧两居，置换回款 65% + 个人理财储蓄补充 + 公积金商业贷,重性价比，不盲信大牌，但要求物业管理有序、绿化修剪及时、人防技防规范。,常年本地稳定居住，工作日职住通勤动线规则单一。
上_2008_01214,上海,2008,本地改善,49,女,2.7,27.9,0.45,46.4,4,2,是,B,agent,0.71,0.59,0.62,0.55,0.54,0.83,0.66,0.56,0.58,自住-改善,一室一厅,57,6910,邮政局局长秘书,二胎黄金期中大户型,上海中环品质两居，车位及空间极其拥挤,小区无地下车库且人车不分流，小孩在楼下玩耍或者推婴儿车极为不安全。,讲究超高得房率（超85%），主卧套房必须配备独立步入式衣帽间与干湿分离双卫。,主要在陆家嘴/徐家汇CBD上班，首选地铁2/9号线沿线，通勤半小时内。,倡导轻户外，周末常带家人自驾野营或山系徒步，注重生活情调与手作咖啡。,名下持有一套旧两居，置换回款 65% + 个人理财储蓄补充 + 公积金商业贷,重性价比，不盲信大牌，但要求物业管理有序、绿化修剪及时、人防技防规范。,常年本地稳定居住，工作日职住通勤动线规则单一。
上_2008_01215,上海,2008,本地改善,40,男,3.1,27.3,0.45,45.5,5,2,是,B,agent,0.65,0.44,0.55,0.4,0.59,1,0.53,0.65,0.47,自住-改善,一室一厅,67,5467,区财政局科员,二胎黄金期中大户型,上海中环品质两居，车位及空间极其拥挤,小区无地下车库且人车不分流，小孩在楼下玩耍或者推婴儿车极为不安全。,讲究超高得房率（超85%），主卧套房必须配备独立步入式衣帽间与干湿分离双卫。,主要在陆家嘴/徐家汇CBD上班，首选地铁2/9号线沿线，通勤半小时内。,倡导轻户外，周末常带家人自驾野营或山系徒步，注重生活情调与手作咖啡。,名下持有一套旧两居，置换回款 65% + 个人理财储蓄补充 + 公积金商业贷,重性价比，不盲信大牌，但要求物业管理有序、绿化修剪及时、人防技防规范。,常年本地稳定居住，工作日职住通勤动线规则单一。
上_2008_01216,上海,2008,本地改善,49,男,1.2,8.7,0.45,14.4,4,2,否,B,agent,0.51,0.44,0.48,0.58,0.52,0.8,0.65,0.75,0.61,自住-改善,两室两厅,65,1198,市第二中学地理教师,二胎黄金期中大户型,上海中环品质两居，车位及空间极其拥挤,小区无地下车库且人车不分流，小孩在楼下玩耍或者推婴儿车极为不安全。,讲究超高得房率（超85%），主卧套房必须配备独立步入式衣帽间与干湿分离双卫。,主要在陆家嘴/徐家汇CBD上班，首选地铁2/9号线沿线，通勤半小时内。,倡导轻户外，周末常带家人自驾野营或山系徒步，注重生活情调与手作咖啡。,名下持有一套旧两居，置换回款 65% + 个人理财储蓄补充 + 公积金商业贷,重性价比，不盲信大牌，但要求物业管理有序、绿化修剪及时、人防技防规范。,常年本地稳定居住，工作日职住通勤动线规则单一。
上_2008_01217,上海,2008,本地改善,48,男,2.6,24.9,0.45,41.5,4,2,否,B,agent,0.74,0.23,0.63,0.36,0.56,0.86,0.6,0.68,0.62,自住-改善,两室一厅,99,2992,区财政局科员,二胎黄金期中大户型,上海中环品质两居，车位及空间极其拥挤,小区无地下车库且人车不分流，小孩在楼下玩耍或者推婴儿车极为不安全。,讲究超高得房率（超85%），主卧套房必须配备独立步入式衣帽间与干湿分离双卫。,主要在陆家嘴/徐家汇CBD上班，首选地铁2/9号线沿线，通勤半小时内。,倡导轻户外，周末常带家人自驾野营或山系徒步，注重生活情调与手作咖啡。,名下持有一套旧两居，置换回款 65% + 个人理财储蓄补充 + 公积金商业贷,重性价比，不盲信大牌，但要求物业管理有序、绿化修剪及时、人防技防规范。,常年本地稳定居住，工作日职住通勤动线规则单一。
上_2008_01218,上海,2008,本地改善,47,女,1.8,20.6,0.45,34.3,4,3,否,B,agent,0.95,0.62,0.53,0.58,0.56,0.9,0.55,0.7,0.54,自住-改善,一室一厅,81,2550,邮政局局长秘书,二胎黄金期中大户型,上海中环品质两居，车位及空间极其拥挤,小区无地下车库且人车不分流，小孩在楼下玩耍或者推婴儿车极为不安全。,讲究超高得房率（超85%），主卧套房必须配备独立步入式衣帽间与干湿分离双卫。,主要在陆家嘴/徐家汇CBD上班，首选地铁2/9号线沿线，通勤半小时内。,倡导轻户外，周末常带家人自驾野营或山系徒步，注重生活情调与手作咖啡。,名下持有一套旧两居，置换回款 65% + 个人理财储蓄补充 + 公积金商业贷,重性价比，不盲信大牌，但要求物业管理有序、绿化修剪及时、人防技防规范。,常年本地稳定居住，工作日职住通勤动线规则单一。
上_2008_01219,上海,2008,金融精英,36,女,3.8,31.0,0.4,58.1,3,1,否,A,research,0.76,0.35,0.71,0.55,0.75,0.73,0.76,0.81,0.73,自住-首套,两室两厅,53,8828,商业银行支行信贷科长,三口之家(幼龄段),市中心私密洋房住宅,无高端私密会所及管家式物业配套，圈层鱼龙混杂，高净值居住体验差。,要求有超大面宽南向双阳台（观景家政分离），主卧大飘窗能270度直面自然景观。,主要在陆家嘴/徐家汇CBD上班，首选地铁2/9号线沿线，通勤半小时内。,周末常去高端商圈消费，热衷打网球和马术，重度手冲咖啡及黑胶唱片发烧友。,夫妻双方积蓄 + 双方父母出资赞助首付 + 公积金商业组合贷款,非仁恒、绿城、万科等金牌开发商不买，极度看重高端精装质量与顶级物业的增值口碑。,常年本地稳定居住，工作日职住通勤动线规则单一。
上_2008_01220,上海,2008,金融精英,45,女,5.7,55.6,0.4,104.2,2,1,是,A,research,0.7,0.5,0.58,0.47,0.73,0.79,0.61,0.9,0.75,自住-首套,一室一厅,52,12173,老牌证券公司营业部经理,三口之家(学龄段),西湖边高精平层,当前房屋属于旧多层无电梯房，父母年纪渐高每天爬楼梯极为吃力。,讲究超高得房率（超85%），主卧套房必须配备独立步入式衣帽间与干湿分离双卫。,主要在陆家嘴/徐家汇CBD上班，首选地铁2/9号线沿线，通勤半小时内。,周末常去高端商圈消费，热衷打网球和马术，重度手冲咖啡及黑胶唱片发烧友。,夫妻双方积蓄 + 双方父母出资赞助首付 + 公积金商业组合贷款,非仁恒、绿城、万科等金牌开发商不买，极度看重高端精装质量与顶级物业的增值口碑。,常年本地稳定居住，工作日职住通勤动线规则单一。
上_2008_01221,上海,2008,金融精英,41,女,4.5,34.0,0.4,63.8,3,2,是,A,research,0.67,0.37,0.56,0.59,0.68,0.69,0.86,0.67,0.72,自住-改善,两室两厅,50,9911,商业银行支行信贷科长,二胎黄金期中大户型,陆家嘴核心区江景大平层,当前房屋属于旧多层无电梯房，父母年纪渐高每天爬楼梯极为吃力。,要求采光通透，全明户型，带多功能嵌入式收纳墙以最大化空间利用。,主要在陆家嘴/徐家汇CBD上班，首选地铁2/9号线沿线，通勤半小时内。,周末常去高端商圈消费，热衷打网球和马术，重度手冲咖啡及黑胶唱片发烧友。,名下已有企业股权套现或分红现金，一次性全款付清，基本不加杠杆,非仁恒、绿城、万科等金牌开发商不买，极度看重高端精装质量与顶级物业的增值口碑。,常年本地稳定居住，工作日职住通勤动线规则单一。
上_2008_01222,上海,2008,长三角家庭,39,男,3.8,34.2,0.45,57.1,4,2,否,B,agent,0.96,0.56,0.62,0.49,0.45,0.67,0.37,0.71,0.62,自住-首套,一室一厅,73,7025,邮政局局长秘书,二胎黄金期中大户型,上海中环品质两居，车位及空间极其拥挤,小区无地下车库且人车不分流，小孩在楼下玩耍或者推婴儿车极为不安全。,核心要求地块属于第一梯队名校学区，且周边500米内解决幼小衔接教育配套。,主要在陆家嘴/徐家汇CBD上班，首选地铁2/9号线沿线，通勤半小时内。,倡导轻户外，周末常带家人自驾野营或山系徒步，注重生活情调与手作咖啡。,夫妻双方积蓄 + 双方父母出资赞助首付 + 公积金商业组合贷款,重性价比，不盲信大牌，但要求物业管理有序、绿化修剪及时、人防技防规范。,常年本地稳定居住，工作日职住通勤动线规则单一。
上_2008_01223,上海,2008,本地改善,39,男,2.4,29.5,0.45,49.1,3,2,是,B,agent,0.67,0.45,0.62,0.56,0.56,0.9,0.57,0.61,0.63,自住-改善,两室两厅,79,3210,国企车间技术主任,二胎黄金期中大户型,上海中环品质两居，车位及空间极其拥挤,小区无地下车库且人车不分流，小孩在楼下玩耍或者推婴儿车极为不安全。,讲究超高得房率（超85%），主卧套房必须配备独立步入式衣帽间与干湿分离双卫。,主要在陆家嘴/徐家汇CBD上班，首选地铁2/9号线沿线，通勤半小时内。,倡导轻户外，周末常带家人自驾野营或山系徒步，注重生活情调与手作咖啡。,名下持有一套旧两居，置换回款 65% + 个人理财储蓄补充 + 公积金商业贷,重性价比，不盲信大牌，但要求物业管理有序、绿化修剪及时、人防技防规范。,常年本地稳定居住，工作日职住通勤动线规则单一。
上_2008_01224,上海,2008,本地改善,44,男,3.0,25.5,0.45,42.6,5,2,是,B,agent,0.84,0.41,0.6,0.5,0.56,0.94,0.65,0.66,0.63,自住-改善,两室一厅,76,4639,市第二中学地理教师,二胎黄金期中大户型,上海中环品质两居，车位及空间极其拥挤,小区无地下车库且人车不分流，小孩在楼下玩耍或者推婴儿车极为不安全。,讲究超高得房率（超85%），主卧套房必须配备独立步入式衣帽间与干湿分离双卫。,主要在陆家嘴/徐家汇CBD上班，首选地铁2/9号线沿线，通勤半小时内。,倡导轻户外，周末常带家人自驾野营或山系徒步，注重生活情调与手作咖啡。,名下持有一套旧两居，置换回款 65% + 个人理财储蓄补充 + 公积金商业贷,重性价比，不盲信大牌，但要求物业管理有序、绿化修剪及时、人防技防规范。,常年本地稳定居住，工作日职住通勤动线规则单一。
上_2008_01225,上海,2008,本地改善,47,女,3.1,23.3,0.45,38.8,4,1,否,B,agent,0.78,0.53,0.46,0.48,0.65,0.93,0.6,0.78,0.64,自住-改善,一室一厅,53,5435,区财政局科员,三口之家(学龄段),上海中环品质两居，车位及空间极其拥挤,小区无地下车库且人车不分流，小孩在楼下玩耍或者推婴儿车极为不安全。,讲究超高得房率（超85%），主卧套房必须配备独立步入式衣帽间与干湿分离双卫。,主要在陆家嘴/徐家汇CBD上班，首选地铁2/9号线沿线，通勤半小时内。,倡导轻户外，周末常带家人自驾野营或山系徒步，注重生活情调与手作咖啡。,名下持有一套旧两居，置换回款 65% + 个人理财储蓄补充 + 公积金商业贷,重性价比，不盲信大牌，但要求物业管理有序、绿化修剪及时、人防技防规范。,常年本地稳定居住，工作日职住通勤动线规则单一。
上_2008_01226,上海,2008,本地改善,48,男,1.6,11.1,0.45,18.5,3,2,是,B,agent,0.68,0.54,0.55,0.55,0.54,0.91,0.51,0.76,0.52,自住-改善,一室一厅,100,1109,市第二中学地理教师,二胎黄金期中大户型,上海中环品质两居，车位及空间极其拥挤,小区无地下车库且人车不分流，小孩在楼下玩耍或者推婴儿车极为不安全。,讲究超高得房率（超85%），主卧套房必须配备独立步入式衣帽间与干湿分离双卫。,主要在陆家嘴/徐家汇CBD上班，首选地铁2/9号线沿线，通勤半小时内。,倡导轻户外，周末常带家人自驾野营或山系徒步，注重生活情调与手作咖啡。,名下持有一套旧两居，置换回款 65% + 个人理财储蓄补充 + 公积金商业贷,重性价比，不盲信大牌，但要求物业管理有序、绿化修剪及时、人防技防规范。,常年本地稳定居住，工作日职住通勤动线规则单一。
上_2008_01227,上海,2008,长三角家庭,40,男,3.4,21.4,0.45,35.7,4,1,否,B,agent,0.8,0.54,0.46,0.49,0.32,0.85,0.43,0.87,0.67,自住-改善,一室一厅,97,2292,区财政局科员,三口之家(学龄段),上海中环品质两居，车位及空间极其拥挤,小区无地下车库且人车不分流，小孩在楼下玩耍或者推婴儿车极为不安全。,讲究超高得房率（超85%），主卧套房必须配备独立步入式衣帽间与干湿分离双卫。,主要在陆家嘴/徐家汇CBD上班，首选地铁2/9号线沿线，通勤半小时内。,倡导轻户外，周末常带家人自驾野营或山系徒步，注重生活情调与手作咖啡。,名下持有一套旧两居，置换回款 65% + 个人理财储蓄补充 + 公积金商业贷,重性价比，不盲信大牌，但要求物业管理有序、绿化修剪及时、人防技防规范。,常年本地稳定居住，工作日职住通勤动线规则单一。
上_2008_01228,上海,2008,本地改善,58,女,1.6,20.6,0.45,34.4,3,3,否,B,agent,0.64,0.41,0.49,0.53,0.54,0.77,0.58,0.72,0.44,自住-改善,一室一厅,72,3401,邮政局局长秘书,二胎黄金期中大户型,上海中环品质两居，车位及空间极其拥挤,小区无地下车库且人车不分流，小孩在楼下玩耍或者推婴儿车极为不安全。,讲究超高得房率（超85%），主卧套房必须配备独立步入式衣帽间与干湿分离双卫。,主要在陆家嘴/徐家汇CBD上班，首选地铁2/9号线沿线，通勤半小时内。,倡导轻户外，周末常带家人自驾野营或山系徒步，注重生活情调与手作咖啡。,名下持有一套旧两居，置换回款 65% + 个人理财储蓄补充 + 公积金商业贷,重性价比，不盲信大牌，但要求物业管理有序、绿化修剪及时、人防技防规范。,常年本地稳定居住，工作日职住通勤动线规则单一。
上_2008_01229,上海,2008,本地改善,54,女,3.6,25.5,0.45,42.4,4,2,否,B,agent,0.48,0.47,0.58,0.44,0.58,0.81,0.58,0.69,0.48,自住-改善,一室一厅,53,7109,市第二中学地理教师,二胎黄金期中大户型,上海中环品质两居，车位及空间极其拥挤,小区无地下车库且人车不分流，小孩在楼下玩耍或者推婴儿车极为不安全。,讲究超高得房率（超85%），主卧套房必须配备独立步入式衣帽间与干湿分离双卫。,主要在陆家嘴/徐家汇CBD上班，首选地铁2/9号线沿线，通勤半小时内。,倡导轻户外，周末常带家人自驾野营或山系徒步，注重生活情调与手作咖啡。,名下持有一套旧两居，置换回款 65% + 个人理财储蓄补充 + 公积金商业贷,重性价比，不盲信大牌，但要求物业管理有序、绿化修剪及时、人防技防规范。,常年本地稳定居住，工作日职住通勤动线规则单一。
上_2008_01230,上海,2008,金融精英,47,女,1.3,8.4,0.4,15.8,3,2,否,A,research,0.77,0.41,0.73,0.56,0.76,0.76,0.77,0.72,0.85,自住-改善,两室一厅,50,2763,申银万国证券分析员,二胎黄金期中大户型,西湖边高精平层,无高端私密会所及管家式物业配套，圈层鱼龙混杂，高净值居住体验差。,要求有超大面宽南向双阳台（观景家政分离），主卧大飘窗能270度直面自然景观。,主要在陆家嘴/徐家汇CBD上班，首选地铁2/9号线沿线，通勤半小时内。,周末常去高端商圈消费，热衷打网球和马术，重度手冲咖啡及黑胶唱片发烧友。,名下已有企业股权套现或分红现金，一次性全款付清，基本不加杠杆,非仁恒、绿城、万科等金牌开发商不买，极度看重高端精装质量与顶级物业的增值口碑。,常年本地稳定居住，工作日职住通勤动线规则单一。
上_2008_01231,上海,2008,教育型买房,35,女,4.4,32.9,0.4,61.6,3,1,否,B,social,1,0.52,0.37,0.46,0.62,0.71,0.59,1,0.52,学区房,两室两厅,68,6090,区财政局科员,三口之家(幼龄段),上海中环品质两居，车位及空间极其拥挤,小区无地下车库且人车不分流，小孩在楼下玩耍或者推婴儿车极为不安全。,讲究超高得房率（超85%），主卧套房必须配备独立步入式衣帽间与干湿分离双卫。,主要在陆家嘴/徐家汇CBD上班，首选地铁2/9号线沿线，通勤半小时内。,倡导轻户外，周末常带家人自驾野营或山系徒步，注重生活情调与手作咖啡。,名下持有一套旧两居，置换回款 65% + 个人理财储蓄补充 + 公积金商业贷,重性价比，不盲信大牌，但要求物业管理有序、绿化修剪及时、人防技防规范。,常年本地稳定居住，工作日职住通勤动线规则单一。
上_2008_01232,上海,2008,本地改善,56,女,2.2,18.1,0.45,30.1,4,1,否,B,agent,0.6,0.34,0.47,0.52,0.63,0.8,0.6,0.68,0.58,自住-改善,一室一厅,97,2681,国企车间技术主任,三口之家(学龄段),上海中环品质两居，车位及空间极其拥挤,小区无地下车库且人车不分流，小孩在楼下玩耍或者推婴儿车极为不安全。,讲究超高得房率（超85%），主卧套房必须配备独立步入式衣帽间与干湿分离双卫。,主要在陆家嘴/徐家汇CBD上班，首选地铁2/9号线沿线，通勤半小时内。,倡导轻户外，周末常带家人自驾野营或山系徒步，注重生活情调与手作咖啡。,名下持有一套旧两居，置换回款 65% + 个人理财储蓄补充 + 公积金商业贷,重性价比，不盲信大牌，但要求物业管理有序、绿化修剪及时、人防技防规范。,常年本地稳定居住，工作日职住通勤动线规则单一。
上_2008_01233,上海,2008,教育型买房,42,男,1.7,16.5,0.4,30.9,4,1,否,B,social,0.88,0.44,0.36,0.56,0.64,0.71,0.57,1,0.53,学区房,两室两厅,83,3236,市第二中学地理教师,三口之家(学龄段),上海中环品质两居，车位及空间极其拥挤,小区无地下车库且人车不分流，小孩在楼下玩耍或者推婴儿车极为不安全。,讲究超高得房率（超85%），主卧套房必须配备独立步入式衣帽间与干湿分离双卫。,主要在陆家嘴/徐家汇CBD上班，首选地铁2/9号线沿线，通勤半小时内。,倡导轻户外，周末常带家人自驾野营或山系徒步，注重生活情调与手作咖啡。,名下持有一套旧两居，置换回款 65% + 个人理财储蓄补充 + 公积金商业贷,重性价比，不盲信大牌，但要求物业管理有序、绿化修剪及时、人防技防规范。,常年本地稳定居住，工作日职住通勤动线规则单一。
上_2008_01234,上海,2008,长三角家庭,48,男,3.0,20.3,0.45,33.8,5,1,是,B,agent,0.58,0.6,0.58,0.5,0.59,0.98,0.54,0.69,0.71,自住-改善,两室两厅,57,5137,国企车间技术主任,三口之家(学龄段),上海中环品质两居，车位及空间极其拥挤,小区无地下车库且人车不分流，小孩在楼下玩耍或者推婴儿车极为不安全。,讲究超高得房率（超85%），主卧套房必须配备独立步入式衣帽间与干湿分离双卫。,主要在陆家嘴/徐家汇CBD上班，首选地铁2/9号线沿线，通勤半小时内。,倡导轻户外，周末常带家人自驾野营或山系徒步，注重生活情调与手作咖啡。,名下持有一套旧两居，置换回款 65% + 个人理财储蓄补充 + 公积金商业贷,非仁恒、绿城、万科等金牌开发商不买，极度看重高端精装质量与顶级物业的增值口碑。,常年本地稳定居住，工作日职住通勤动线规则单一。
上_2008_01235,上海,2008,金融精英,48,女,8.4,86.1,0.4,161.4,4,1,是,A,research,0.76,0.41,0.6,0.6,0.72,0.76,0.77,0.94,0.78,自住-首套,三室一厅,96,12703,商业银行支行信贷科长,三口之家(学龄段),陆家嘴核心区江景大平层,当前房屋属于旧多层无电梯房，父母年纪渐高每天爬楼梯极为吃力。,讲究超高得房率（超85%），主卧套房必须配备独立步入式衣帽间与干湿分离双卫。,主要在陆家嘴/徐家汇CBD上班，首选地铁2/9号线沿线，通勤半小时内。,周末常去高端商圈消费，热衷打网球和马术，重度手冲咖啡及黑胶唱片发烧友。,夫妻双方积蓄 + 双方父母出资赞助首付 + 公积金商业组合贷款,非仁恒、绿城、万科等金牌开发商不买，极度看重高端精装质量与顶级物业的增值口碑。,常年本地稳定居住，工作日职住通勤动线规则单一。
上_2008_01236,上海,2008,金融精英,38,女,6.7,53.7,0.4,100.6,4,1,否,A,research,0.83,0.53,0.69,0.48,0.66,0.75,0.76,0.77,0.74,自住-改善,两室一厅,88,6758,商业银行支行信贷科长,三口之家(学龄段),陆家嘴核心区江景大平层,无高端私密会所及管家式物业配套，圈层鱼龙混杂，高净值居住体验差。,讲究超高得房率（超85%），主卧套房必须配备独立步入式衣帽间与干湿分离双卫。,主要在陆家嘴/徐家汇CBD上班，首选地铁2/9号线沿线，通勤半小时内。,周末常去高端商圈消费，热衷打网球和马术，重度手冲咖啡及黑胶唱片发烧友。,名下已有企业股权套现或分红现金，一次性全款付清，基本不加杠杆,非仁恒、绿城、万科等金牌开发商不买，极度看重高端精装质量与顶级物业的增值口碑。,常年本地稳定居住，工作日职住通勤动线规则单一。
上_2008_01237,上海,2008,教育型买房,44,女,0.8,7.5,0.4,14.1,3,0,是,B,social,0.98,0.46,0.32,0.36,0.56,0.66,0.55,1,0.67,学区房,一室一厅,77,1271,邮政局局长秘书,成熟期核心家庭,上海中环品质两居，车位及空间极其拥挤,当前房屋属于旧多层无电梯房，父母年纪渐高每天爬楼梯极为吃力。,核心要求地块属于第一梯队名校学区，且周边500米内解决幼小衔接教育配套。,主要在陆家嘴/徐家汇CBD上班，首选地铁2/9号线沿线，通勤半小时内。,倡导轻户外，周末常带家人自驾野营或山系徒步，注重生活情调与手作咖啡。,名下持有一套旧两居，置换回款 65% + 个人理财储蓄补充 + 公积金商业贷,重性价比，不盲信大牌，但要求物业管理有序、绿化修剪及时、人防技防规范。,常年本地稳定居住，工作日职住通勤动线规则单一。
上_2008_01238,上海,2008,教育型买房,40,女,2.1,20.2,0.4,37.9,4,1,是,B,social,1,0.37,0.6,0.41,0.65,0.69,0.52,0.91,0.57,学区房,两室一厅,68,4672,区财政局科员,三口之家(学龄段),上海中环品质两居，车位及空间极其拥挤,小区无地下车库且人车不分流，小孩在楼下玩耍或者推婴儿车极为不安全。,核心要求地块属于第一梯队名校学区，且周边500米内解决幼小衔接教育配套。,主要在陆家嘴/徐家汇CBD上班，首选地铁2/9号线沿线，通勤半小时内。,倡导轻户外，周末常带家人自驾野营或山系徒步，注重生活情调与手作咖啡。,名下持有一套旧两居，置换回款 65% + 个人理财储蓄补充 + 公积金商业贷,重性价比，不盲信大牌，但要求物业管理有序、绿化修剪及时、人防技防规范。,常年本地稳定居住，工作日职住通勤动线规则单一。
上_2008_01239,上海,2008,本地改善,58,女,3.5,34.0,0.45,56.6,5,2,否,B,agent,0.98,0.48,0.46,0.47,0.53,0.7,0.48,0.66,0.54,自住-改善,一室一厅,68,6708,国企车间技术主任,二胎黄金期中大户型,上海中环品质两居，车位及空间极其拥挤,小区无地下车库且人车不分流，小孩在楼下玩耍或者推婴儿车极为不安全。,讲究超高得房率（超85%），主卧套房必须配备独立步入式衣帽间与干湿分离双卫。,主要在陆家嘴/徐家汇CBD上班，首选地铁2/9号线沿线，通勤半小时内。,倡导轻户外，周末常带家人自驾野营或山系徒步，注重生活情调与手作咖啡。,名下持有一套旧两居，置换回款 65% + 个人理财储蓄补充 + 公积金商业贷,重性价比，不盲信大牌，但要求物业管理有序、绿化修剪及时、人防技防规范。,常年本地稳定居住，工作日职住通勤动线规则单一。
上_2008_01240,上海,2008,教育型买房,34,女,1.4,10.3,0.4,19.3,4,1,否,B,social,0.87,0.39,0.46,0.47,0.69,0.58,0.58,0.88,0.56,学区房,一室一厅,75,1791,市第二中学地理教师,三口之家(幼龄段),上海中环品质两居，车位及空间极其拥挤,小区无地下车库且人车不分流，小孩在楼下玩耍或者推婴儿车极为不安全。,核心要求地块属于第一梯队名校学区，且周边500米内解决幼小衔接教育配套。,主要在陆家嘴/徐家汇CBD上班，首选地铁2/9号线沿线，通勤半小时内。,倡导轻户外，周末常带家人自驾野营或山系徒步，注重生活情调与手作咖啡。,名下持有一套旧两居，置换回款 65% + 个人理财储蓄补充 + 公积金商业贷,重性价比，不盲信大牌，但要求物业管理有序、绿化修剪及时、人防技防规范。,常年本地稳定居住，工作日职住通勤动线规则单一。
上_2008_01241,上海,2008,金融精英,44,女,4.5,37.3,0.4,69.9,3,1,否,A,research,0.74,0.33,0.66,0.65,0.79,0.7,0.8,0.75,0.75,自住-首套,两室一厅,51,8912,商业银行支行信贷科长,三口之家(学龄段),陆家嘴核心区江景大平层,无高端私密会所及管家式物业配套，圈层鱼龙混杂，高净值居住体验差。,核心要求地块属于第一梯队名校学区，且周边500米内解决幼小衔接教育配套。,主要在陆家嘴/徐家汇CBD上班，首选地铁2/9号线沿线，通勤半小时内。,周末常去高端商圈消费，热衷打网球和马术，重度手冲咖啡及黑胶唱片发烧友。,夫妻双方积蓄 + 双方父母出资赞助首付 + 公积金商业组合贷款,非仁恒、绿城、万科等金牌开发商不买，极度看重高端精装质量与顶级物业的增值口碑。,常年本地稳定居住，工作日职住通勤动线规则单一。
上_2008_01242,上海,2008,长三角家庭,36,男,4.6,32.9,0.45,54.8,5,1,是,B,agent,0.81,0.64,0.39,0.54,0.57,0.67,0.42,0.5,0.57,自住-首套,两室两厅,83,3870,国企车间技术主任,三口之家(幼龄段),上海中环品质两居，车位及空间极其拥挤,小区无地下车库且人车不分流，小孩在楼下玩耍或者推婴儿车极为不安全。,要求采光通透，全明户型，带多功能嵌入式收纳墙以最大化空间利用。,主要在陆家嘴/徐家汇CBD上班，首选地铁2/9号线沿线，通勤半小时内。,倡导轻户外，周末常带家人自驾野营或山系徒步，注重生活情调与手作咖啡。,夫妻双方积蓄 + 双方父母出资赞助首付 + 公积金商业组合贷款,重性价比，不盲信大牌，但要求物业管理有序、绿化修剪及时、人防技防规范。,常年本地稳定居住，工作日职住通勤动线规则单一。
上_2008_01243,上海,2008,金融精英,37,男,8.2,68.6,0.4,128.7,4,0,否,A,research,0.74,0.35,0.47,0.58,0.68,0.6,0.62,0.86,0.82,自住-改善,两室两厅,81,10448,申银万国证券分析员,成熟期核心家庭,西湖边高精平层,无高端私密会所及管家式物业配套，圈层鱼龙混杂，高净值居住体验差。,核心要求地块属于第一梯队名校学区，且周边500米内解决幼小衔接教育配套。,主要在陆家嘴/徐家汇CBD上班，首选地铁2/9号线沿线，通勤半小时内。,周末常去高端商圈消费，热衷打网球和马术，重度手冲咖啡及黑胶唱片发烧友。,名下已有企业股权套现或分红现金，一次性全款付清，基本不加杠杆,非仁恒、绿城、万科等金牌开发商不买，极度看重高端精装质量与顶级物业的增值口碑。,常年本地稳定居住，工作日职住通勤动线规则单一。
上_2008_01244,上海,2008,金融精英,44,女,7.6,74.4,0.4,139.6,3,1,否,A,research,0.77,0.51,0.57,0.62,0.78,0.88,0.76,0.76,0.75,自住-首套,两室一厅,60,17785,商业银行支行信贷科长,三口之家(学龄段),市中心私密洋房住宅,无高端私密会所及管家式物业配套，圈层鱼龙混杂，高净值居住体验差。,讲究超高得房率（超85%），主卧套房必须配备独立步入式衣帽间与干湿分离双卫。,主要在陆家嘴/徐家汇CBD上班，首选地铁2/9号线沿线，通勤半小时内。,周末常去高端商圈消费，热衷打网球和马术，重度手冲咖啡及黑胶唱片发烧友。,夫妻双方积蓄 + 双方父母出资赞助首付 + 公积金商业组合贷款,非仁恒、绿城、万科等金牌开发商不买，极度看重高端精装质量与顶级物业的增值口碑。,常年本地稳定居住，工作日职住通勤动线规则单一。
上_2008_01245,上海,2008,金融精英,43,女,3.5,20.0,0.4,37.4,4,1,否,A,research,0.82,0.57,0.63,0.61,0.72,0.86,0.87,0.73,0.89,自住-首套,两室两厅,98,2124,老牌证券公司营业部经理,三口之家(学龄段),陆家嘴核心区江景大平层,无高端私密会所及管家式物业配套，圈层鱼龙混杂，高净值居住体验差。,讲究超高得房率（超85%），主卧套房必须配备独立步入式衣帽间与干湿分离双卫。,主要在陆家嘴/徐家汇CBD上班，首选地铁2/9号线沿线，通勤半小时内。,周末常去高端商圈消费，热衷打网球和马术，重度手冲咖啡及黑胶唱片发烧友。,夫妻双方积蓄 + 双方父母出资赞助首付 + 公积金商业组合贷款,非仁恒、绿城、万科等金牌开发商不买，极度看重高端精装质量与顶级物业的增值口碑。,常年本地稳定居住，工作日职住通勤动线规则单一。
上_2008_01246,上海,2008,金融精英,38,男,3.8,22.7,0.4,42.6,3,1,是,A,research,0.52,0.39,0.72,0.54,0.78,0.82,0.67,0.86,0.82,自住-改善,一室一厅,50,4835,申银万国证券分析员,三口之家(学龄段),市中心私密洋房住宅,当前房屋属于旧多层无电梯房，父母年纪渐高每天爬楼梯极为吃力。,要求有超大面宽南向双阳台（观景家政分离），主卧大飘窗能270度直面自然景观。,主要在陆家嘴/徐家汇CBD上班，首选地铁2/9号线沿线，通勤半小时内。,周末常去高端商圈消费，热衷打网球和马术，重度手冲咖啡及黑胶唱片发烧友。,名下已有企业股权套现或分红现金，一次性全款付清，基本不加杠杆,非仁恒、绿城、万科等金牌开发商不买，极度看重高端精装质量与顶级物业的增值口碑。,常年本地稳定居住，工作日职住通勤动线规则单一。
上_2008_01247,上海,2008,本地改善,46,女,1.2,11.7,0.45,19.5,5,3,是,B,agent,0.87,0.38,0.56,0.58,0.65,0.84,0.68,0.65,0.66,自住-改善,一室一厅,79,2164,市第二中学地理教师,二胎黄金期中大户型,上海中环品质两居，车位及空间极其拥挤,小区无地下车库且人车不分流，小孩在楼下玩耍或者推婴儿车极为不安全。,讲究超高得房率（超85%），主卧套房必须配备独立步入式衣帽间与干湿分离双卫。,主要在陆家嘴/徐家汇CBD上班，首选地铁2/9号线沿线，通勤半小时内。,倡导轻户外，周末常带家人自驾野营或山系徒步，注重生活情调与手作咖啡。,名下持有一套旧两居，置换回款 65% + 个人理财储蓄补充 + 公积金商业贷,重性价比，不盲信大牌，但要求物业管理有序、绿化修剪及时、人防技防规范。,常年本地稳定居住，工作日职住通勤动线规则单一。
上_2008_01248,上海,2008,金融精英,39,男,7.0,54.0,0.4,101.2,3,2,否,A,research,0.85,0.39,0.61,0.55,0.81,0.77,0.76,0.77,0.75,自住-首套,两室两厅,91,7560,商业银行支行信贷科长,二胎黄金期中大户型,市中心私密洋房住宅,无高端私密会所及管家式物业配套，圈层鱼龙混杂，高净值居住体验差。,讲究超高得房率（超85%），主卧套房必须配备独立步入式衣帽间与干湿分离双卫。,主要在陆家嘴/徐家汇CBD上班，首选地铁2/9号线沿线，通勤半小时内。,周末常去高端商圈消费，热衷打网球和马术，重度手冲咖啡及黑胶唱片发烧友。,夫妻双方积蓄 + 双方父母出资赞助首付 + 公积金商业组合贷款,非仁恒、绿城、万科等金牌开发商不买，极度看重高端精装质量与顶级物业的增值口碑。,常年本地稳定居住，工作日职住通勤动线规则单一。
上_2008_01249,上海,2008,本地改善,39,男,2.2,27.3,0.45,45.5,5,2,否,B,agent,0.76,0.53,0.53,0.55,0.63,0.97,0.56,0.76,0.68,自住-改善,一室一厅,75,5123,区财政局科员,二胎黄金期中大户型,上海中环品质两居，车位及空间极其拥挤,小区无地下车库且人车不分流，小孩在楼下玩耍或者推婴儿车极为不安全。,讲究超高得房率（超85%），主卧套房必须配备独立步入式衣帽间与干湿分离双卫。,主要在陆家嘴/徐家汇CBD上班，首选地铁2/9号线沿线，通勤半小时内。,倡导轻户外，周末常带家人自驾野营或山系徒步，注重生活情调与手作咖啡。,名下持有一套旧两居，置换回款 65% + 个人理财储蓄补充 + 公积金商业贷,重性价比，不盲信大牌，但要求物业管理有序、绿化修剪及时、人防技防规范。,常年本地稳定居住，工作日职住通勤动线规则单一。
上_2008_01250,上海,2008,金融精英,34,女,3.0,17.4,0.4,32.6,1,2,是,A,research,0.8,0.51,0.65,0.67,0.81,0.78,0.66,0.76,0.7,自住-首套,两室一厅,77,3804,申银万国证券分析员,二胎黄金期中大户型,西湖边高精平层,当前房屋属于旧多层无电梯房，父母年纪渐高每天爬楼梯极为吃力。,讲究超高得房率（超85%），主卧套房必须配备独立步入式衣帽间与干湿分离双卫。,主要在陆家嘴/徐家汇CBD上班，首选地铁2/9号线沿线，通勤半小时内。,周末常去高端商圈消费，热衷打网球和马术，重度手冲咖啡及黑胶唱片发烧友。,夫妻双方积蓄 + 双方父母出资赞助首付 + 公积金商业组合贷款,重性价比，不盲信大牌，但要求物业管理有序、绿化修剪及时、人防技防规范。,常年本地稳定居住，工作日职住通勤动线规则单一。
上_2008_01251,上海,2008,外籍海归,32,女,4.8,27.6,0.4,51.8,2,1,否,A,social,0.83,0.54,0.56,0.63,0.62,0.61,0.61,0.72,0.74,自住-首套,两室两厅,75,5417,合资日化企业技术主管,三口之家(幼龄段),市中心私密洋房住宅,无高端私密会所及管家式物业配套，圈层鱼龙混杂，高净值居住体验差。,核心要求地块属于第一梯队名校学区，且周边500米内解决幼小衔接教育配套。,主要在陆家嘴/徐家汇CBD上班，首选地铁2/9号线沿线，通勤半小时内。,周末常去高端商圈消费，热衷打网球和马术，重度手冲咖啡及黑胶唱片发烧友。,夫妻双方积蓄 + 双方父母出资赞助首付 + 公积金商业组合贷款,非仁恒、绿城、万科等金牌开发商不买，极度看重高端精装质量与顶级物业的增值口碑。,常年本地稳定居住，工作日职住通勤动线规则单一。
上_2008_01252,上海,2008,金融精英,45,女,5.1,29.2,0.4,54.8,4,0,否,A,research,0.63,0.5,0.67,0.62,0.83,0.73,0.61,0.82,0.95,自住-首套,两室两厅,96,3278,商业银行支行信贷科长,成熟期核心家庭,市中心私密洋房住宅,无高端私密会所及管家式物业配套，圈层鱼龙混杂，高净值居住体验差。,讲究超高得房率（超85%），主卧套房必须配备独立步入式衣帽间与干湿分离双卫。,主要在陆家嘴/徐家汇CBD上班，首选地铁2/9号线沿线，通勤半小时内。,周末常去高端商圈消费，热衷打网球和马术，重度手冲咖啡及黑胶唱片发烧友。,夫妻双方积蓄 + 双方父母出资赞助首付 + 公积金商业组合贷款,非仁恒、绿城、万科等金牌开发商不买，极度看重高端精装质量与顶级物业的增值口碑。,常年本地稳定居住，工作日职住通勤动线规则单一。
上_2008_01253,上海,2008,本地改善,41,男,1.2,14.4,0.45,24.1,4,3,是,B,agent,0.75,0.41,0.5,0.44,0.69,0.73,0.52,0.57,0.63,自住-改善,两室两厅,65,2252,区财政局科员,二胎黄金期中大户型,上海中环品质两居，车位及空间极其拥挤,小区无地下车库且人车不分流，小孩在楼下玩耍或者推婴儿车极为不安全。,讲究超高得房率（超85%），主卧套房必须配备独立步入式衣帽间与干湿分离双卫。,主要在陆家嘴/徐家汇CBD上班，首选地铁2/9号线沿线，通勤半小时内。,倡导轻户外，周末常带家人自驾野营或山系徒步，注重生活情调与手作咖啡。,名下持有一套旧两居，置换回款 65% + 个人理财储蓄补充 + 公积金商业贷,重性价比，不盲信大牌，但要求物业管理有序、绿化修剪及时、人防技防规范。,常年本地稳定居住，工作日职住通勤动线规则单一。
上_2008_01254,上海,2008,金融精英,32,女,2.7,18.7,0.4,35.1,3,1,否,A,research,0.63,0.46,0.71,0.6,0.64,0.87,0.75,0.84,0.69,自住-首套,两室两厅,63,3300,商业银行支行信贷科长,三口之家(幼龄段),西湖边高精平层,无高端私密会所及管家式物业配套，圈层鱼龙混杂，高净值居住体验差。,要求有超大面宽南向双阳台（观景家政分离），主卧大飘窗能270度直面自然景观。,主要在陆家嘴/徐家汇CBD上班，首选地铁2/9号线沿线，通勤半小时内。,周末常去高端商圈消费，热衷打网球和马术，重度手冲咖啡及黑胶唱片发烧友。,夫妻双方积蓄 + 双方父母出资赞助首付 + 公积金商业组合贷款,重性价比，不盲信大牌，但要求物业管理有序、绿化修剪及时、人防技防规范。,常年本地稳定居住，工作日职住通勤动线规则单一。
上_2008_01255,上海,2008,金融精英,36,女,4.9,30.9,0.4,58.0,3,1,否,A,research,0.74,0.37,0.66,0.6,0.76,0.63,0.8,0.85,0.8,自住-改善,两室两厅,87,4345,申银万国证券分析员,三口之家(幼龄段),西湖边高精平层,无高端私密会所及管家式物业配套，圈层鱼龙混杂，高净值居住体验差。,核心要求地块属于第一梯队名校学区，且周边500米内解决幼小衔接教育配套。,主要在陆家嘴/徐家汇CBD上班，首选地铁2/9号线沿线，通勤半小时内。,周末常去高端商圈消费，热衷打网球和马术，重度手冲咖啡及黑胶唱片发烧友。,名下已有企业股权套现或分红现金，一次性全款付清，基本不加杠杆,非仁恒、绿城、万科等金牌开发商不买，极度看重高端精装质量与顶级物业的增值口碑。,常年本地稳定居住，工作日职住通勤动线规则单一。
上_2008_01256,上海,2008,金融精英,32,男,1.1,6.1,0.4,11.5,3,1,否,A,research,0.73,0.48,0.76,0.54,0.8,0.62,0.67,0.8,0.69,自住-首套,两室一厅,73,877,老牌证券公司营业部经理,三口之家(幼龄段),陆家嘴核心区江景大平层,无高端私密会所及管家式物业配套，圈层鱼龙混杂，高净值居住体验差。,要求有超大面宽南向双阳台（观景家政分离），主卧大飘窗能270度直面自然景观。,主要在陆家嘴/徐家汇CBD上班，首选地铁2/9号线沿线，通勤半小时内。,周末常去高端商圈消费，热衷打网球和马术，重度手冲咖啡及黑胶唱片发烧友。,夫妻双方积蓄 + 双方父母出资赞助首付 + 公积金商业组合贷款,重性价比，不盲信大牌，但要求物业管理有序、绿化修剪及时、人防技防规范。,常年本地稳定居住，工作日职住通勤动线规则单一。
上_2008_01257,上海,2008,本地改善,58,男,1.9,17.9,0.45,29.8,4,2,否,B,agent,0.85,0.47,0.62,0.41,0.69,0.98,0.42,0.62,0.6,自住-改善,一室一厅,83,1912,市第二中学地理教师,二胎黄金期中大户型,上海中环品质两居，车位及空间极其拥挤,小区无地下车库且人车不分流，小孩在楼下玩耍或者推婴儿车极为不安全。,讲究超高得房率（超85%），主卧套房必须配备独立步入式衣帽间与干湿分离双卫。,主要在陆家嘴/徐家汇CBD上班，首选地铁2/9号线沿线，通勤半小时内。,倡导轻户外，周末常带家人自驾野营或山系徒步，注重生活情调与手作咖啡。,名下持有一套旧两居，置换回款 65% + 个人理财储蓄补充 + 公积金商业贷,重性价比，不盲信大牌，但要求物业管理有序、绿化修剪及时、人防技防规范。,常年本地稳定居住，工作日职住通勤动线规则单一。
上_2008_01258,上海,2008,教育型买房,33,女,2.8,29.0,0.4,54.4,3,0,是,B,social,1,0.43,0.33,0.45,0.73,0.61,0.64,0.8,0.56,学区房,一室一厅,93,3248,邮政局局长秘书,新婚过渡两居,上海中环品质两居，车位及空间极其拥挤,当前房屋属于旧多层无电梯房，父母年纪渐高每天爬楼梯极为吃力。,核心要求地块属于第一梯队名校学区，且周边500米内解决幼小衔接教育配套。,主要在陆家嘴/徐家汇CBD上班，首选地铁2/9号线沿线，通勤半小时内。,倡导轻户外，周末常带家人自驾野营或山系徒步，注重生活情调与手作咖啡。,名下持有一套旧两居，置换回款 65% + 个人理财储蓄补充 + 公积金商业贷,重性价比，不盲信大牌，但要求物业管理有序、绿化修剪及时、人防技防规范。,常年本地稳定居住，工作日职住通勤动线规则单一。
上_2008_01259,上海,2008,教育型买房,43,男,3.2,25.9,0.4,48.6,3,1,否,B,social,0.9,0.51,0.39,0.26,0.66,0.77,0.71,0.92,0.69,学区房,两室两厅,63,5185,市第二中学地理教师,三口之家(学龄段),上海中环品质两居，车位及空间极其拥挤,小区无地下车库且人车不分流，小孩在楼下玩耍或者推婴儿车极为不安全。,讲究超高得房率（超85%），主卧套房必须配备独立步入式衣帽间与干湿分离双卫。,主要在陆家嘴/徐家汇CBD上班，首选地铁2/9号线沿线，通勤半小时内。,倡导轻户外，周末常带家人自驾野营或山系徒步，注重生活情调与手作咖啡。,名下持有一套旧两居，置换回款 65% + 个人理财储蓄补充 + 公积金商业贷,重性价比，不盲信大牌，但要求物业管理有序、绿化修剪及时、人防技防规范。,常年本地稳定居住，工作日职住通勤动线规则单一。
上_2008_01260,上海,2008,金融精英,40,男,1.3,12.0,0.4,22.5,3,1,是,A,research,0.63,0.47,0.73,0.71,0.8,0.67,0.75,0.75,0.7,自住-改善,两室两厅,88,1994,商业银行支行信贷科长,三口之家(学龄段),西湖边高精平层,当前房屋属于旧多层无电梯房，父母年纪渐高每天爬楼梯极为吃力。,要求独立电梯入户，主次卧动线分明，配备独立保姆房和私密后院。,主要在陆家嘴/徐家汇CBD上班，首选地铁2/9号线沿线，通勤半小时内。,周末常去高端商圈消费，热衷打网球和马术，重度手冲咖啡及黑胶唱片发烧友。,名下已有企业股权套现或分红现金，一次性全款付清，基本不加杠杆,非仁恒、绿城、万科等金牌开发商不买，极度看重高端精装质量与顶级物业的增值口碑。,常年本地稳定居住，工作日职住通勤动线规则单一。
上_2008_01261,上海,2008,本地改善,40,女,3.0,31.4,0.45,52.3,4,3,否,B,agent,0.73,0.5,0.5,0.53,0.52,0.78,0.59,0.67,0.54,自住-改善,两室一厅,75,4534,邮政局局长秘书,二胎黄金期中大户型,上海中环品质两居，车位及空间极其拥挤,小区无地下车库且人车不分流，小孩在楼下玩耍或者推婴儿车极为不安全。,讲究超高得房率（超85%），主卧套房必须配备独立步入式衣帽间与干湿分离双卫。,主要在陆家嘴/徐家汇CBD上班，首选地铁2/9号线沿线，通勤半小时内。,倡导轻户外，周末常带家人自驾野营或山系徒步，注重生活情调与手作咖啡。,名下持有一套旧两居，置换回款 65% + 个人理财储蓄补充 + 公积金商业贷,重性价比，不盲信大牌，但要求物业管理有序、绿化修剪及时、人防技防规范。,常年本地稳定居住，工作日职住通勤动线规则单一。
上_2008_01262,上海,2008,本地改善,52,女,1.3,15.9,0.45,26.5,4,2,是,B,agent,0.82,0.6,0.54,0.4,0.56,0.8,0.56,0.81,0.84,自住-改善,两室两厅,64,3259,邮政局局长秘书,二胎黄金期中大户型,上海中环品质两居，车位及空间极其拥挤,小区无地下车库且人车不分流，小孩在楼下玩耍或者推婴儿车极为不安全。,讲究超高得房率（超85%），主卧套房必须配备独立步入式衣帽间与干湿分离双卫。,主要在陆家嘴/徐家汇CBD上班，首选地铁2/9号线沿线，通勤半小时内。,倡导轻户外，周末常带家人自驾野营或山系徒步，注重生活情调与手作咖啡。,名下持有一套旧两居，置换回款 65% + 个人理财储蓄补充 + 公积金商业贷,非仁恒、绿城、万科等金牌开发商不买，极度看重高端精装质量与顶级物业的增值口碑。,常年本地稳定居住，工作日职住通勤动线规则单一。
上_2008_01263,上海,2008,教育型买房,35,男,5.0,28.9,0.4,54.1,3,1,否,B,social,0.93,0.64,0.38,0.47,0.57,0.75,0.54,1,0.64,学区房,两室一厅,73,4246,邮政局局长秘书,三口之家(幼龄段),上海中环品质两居，车位及空间极其拥挤,小区无地下车库且人车不分流，小孩在楼下玩耍或者推婴儿车极为不安全。,讲究超高得房率（超85%），主卧套房必须配备独立步入式衣帽间与干湿分离双卫。,主要在陆家嘴/徐家汇CBD上班，首选地铁2/9号线沿线，通勤半小时内。,倡导轻户外，周末常带家人自驾野营或山系徒步，注重生活情调与手作咖啡。,名下持有一套旧两居，置换回款 65% + 个人理财储蓄补充 + 公积金商业贷,重性价比，不盲信大牌，但要求物业管理有序、绿化修剪及时、人防技防规范。,常年本地稳定居住，工作日职住通勤动线规则单一。
上_2008_01264,上海,2008,教育型买房,34,女,3.0,20.6,0.4,38.7,3,1,否,B,social,0.88,0.62,0.46,0.37,0.76,0.69,0.4,1,0.59,学区房,两室一厅,57,3574,市第二中学地理教师,三口之家(幼龄段),上海中环品质两居，车位及空间极其拥挤,小区无地下车库且人车不分流，小孩在楼下玩耍或者推婴儿车极为不安全。,核心要求地块属于第一梯队名校学区，且周边500米内解决幼小衔接教育配套。,主要在陆家嘴/徐家汇CBD上班，首选地铁2/9号线沿线，通勤半小时内。,倡导轻户外，周末常带家人自驾野营或山系徒步，注重生活情调与手作咖啡。,名下持有一套旧两居，置换回款 65% + 个人理财储蓄补充 + 公积金商业贷,重性价比，不盲信大牌，但要求物业管理有序、绿化修剪及时、人防技防规范。,常年本地稳定居住，工作日职住通勤动线规则单一。
上_2008_01265,上海,2008,本地改善,40,男,3.3,24.6,0.45,41.1,4,2,否,B,agent,0.77,0.56,0.52,0.46,0.54,0.8,0.57,0.8,0.67,自住-改善,两室两厅,80,4231,市第二中学地理教师,二胎黄金期中大户型,上海中环品质两居，车位及空间极其拥挤,小区无地下车库且人车不分流，小孩在楼下玩耍或者推婴儿车极为不安全。,讲究超高得房率（超85%），主卧套房必须配备独立步入式衣帽间与干湿分离双卫。,主要在陆家嘴/徐家汇CBD上班，首选地铁2/9号线沿线，通勤半小时内。,倡导轻户外，周末常带家人自驾野营或山系徒步，注重生活情调与手作咖啡。,名下持有一套旧两居，置换回款 65% + 个人理财储蓄补充 + 公积金商业贷,重性价比，不盲信大牌，但要求物业管理有序、绿化修剪及时、人防技防规范。,常年本地稳定居住，工作日职住通勤动线规则单一。
上_2008_01266,上海,2008,本地改善,42,女,1.7,18.1,0.45,30.2,4,1,否,B,agent,0.5,0.6,0.52,0.52,0.56,0.89,0.8,0.62,0.68,自住-改善,两室一厅,79,2206,区财政局科员,三口之家(学龄段),上海中环品质两居，车位及空间极其拥挤,小区无地下车库且人车不分流，小孩在楼下玩耍或者推婴儿车极为不安全。,讲究超高得房率（超85%），主卧套房必须配备独立步入式衣帽间与干湿分离双卫。,主要在陆家嘴/徐家汇CBD上班，首选地铁2/9号线沿线，通勤半小时内。,倡导轻户外，周末常带家人自驾野营或山系徒步，注重生活情调与手作咖啡。,名下持有一套旧两居，置换回款 65% + 个人理财储蓄补充 + 公积金商业贷,重性价比，不盲信大牌，但要求物业管理有序、绿化修剪及时、人防技防规范。,常年本地稳定居住，工作日职住通勤动线规则单一。
上_2008_01267,上海,2008,教育型买房,37,男,2.1,18.7,0.4,35.0,4,0,否,B,social,1,0.43,0.31,0.44,0.62,0.67,0.4,0.72,0.61,学区房,一室一厅,72,3404,市第二中学地理教师,成熟期核心家庭,上海中环品质两居，车位及空间极其拥挤,老小区隔音差，邻里滋扰严重，且车位严重匮乏，每晚加班回来抢车位像打仗。,核心要求地块属于第一梯队名校学区，且周边500米内解决幼小衔接教育配套。,主要在陆家嘴/徐家汇CBD上班，首选地铁2/9号线沿线，通勤半小时内。,倡导轻户外，周末常带家人自驾野营或山系徒步，注重生活情调与手作咖啡。,名下持有一套旧两居，置换回款 65% + 个人理财储蓄补充 + 公积金商业贷,重性价比，不盲信大牌，但要求物业管理有序、绿化修剪及时、人防技防规范。,常年本地稳定居住，工作日职住通勤动线规则单一。
上_2008_01268,上海,2008,教育型买房,35,男,2.8,20.5,0.4,38.5,4,2,否,B,social,0.94,0.53,0.41,0.59,0.65,0.58,0.5,1,0.58,学区房,两室一厅,95,2673,区财政局科员,二胎黄金期中大户型,上海中环品质两居，车位及空间极其拥挤,小区无地下车库且人车不分流，小孩在楼下玩耍或者推婴儿车极为不安全。,核心要求地块属于第一梯队名校学区，且周边500米内解决幼小衔接教育配套。,主要在陆家嘴/徐家汇CBD上班，首选地铁2/9号线沿线，通勤半小时内。,倡导轻户外，周末常带家人自驾野营或山系徒步，注重生活情调与手作咖啡。,名下持有一套旧两居，置换回款 65% + 个人理财储蓄补充 + 公积金商业贷,重性价比，不盲信大牌，但要求物业管理有序、绿化修剪及时、人防技防规范。,常年本地稳定居住，工作日职住通勤动线规则单一。
上_2008_01269,上海,2008,本地改善,49,男,1.0,11.3,0.45,18.8,5,3,否,B,agent,0.61,0.45,0.54,0.53,0.62,0.86,0.58,0.76,0.59,自住-改善,两室两厅,51,3248,区财政局科员,二胎黄金期中大户型,上海中环品质两居，车位及空间极其拥挤,小区无地下车库且人车不分流，小孩在楼下玩耍或者推婴儿车极为不安全。,讲究超高得房率（超85%），主卧套房必须配备独立步入式衣帽间与干湿分离双卫。,主要在陆家嘴/徐家汇CBD上班，首选地铁2/9号线沿线，通勤半小时内。,倡导轻户外，周末常带家人自驾野营或山系徒步，注重生活情调与手作咖啡。,名下持有一套旧两居，置换回款 65% + 个人理财储蓄补充 + 公积金商业贷,重性价比，不盲信大牌，但要求物业管理有序、绿化修剪及时、人防技防规范。,常年本地稳定居住，工作日职住通勤动线规则单一。
上_2008_01270,上海,2008,本地改善,42,女,2.4,30.9,0.45,51.5,5,1,否,B,agent,0.51,0.55,0.66,0.53,0.61,0.78,0.63,0.7,0.57,自住-改善,两室一厅,62,6817,市第二中学地理教师,三口之家(学龄段),上海中环品质两居，车位及空间极其拥挤,小区无地下车库且人车不分流，小孩在楼下玩耍或者推婴儿车极为不安全。,讲究超高得房率（超85%），主卧套房必须配备独立步入式衣帽间与干湿分离双卫。,主要在陆家嘴/徐家汇CBD上班，首选地铁2/9号线沿线，通勤半小时内。,倡导轻户外，周末常带家人自驾野营或山系徒步，注重生活情调与手作咖啡。,名下持有一套旧两居，置换回款 65% + 个人理财储蓄补充 + 公积金商业贷,重性价比，不盲信大牌，但要求物业管理有序、绿化修剪及时、人防技防规范。,常年本地稳定居住，工作日职住通勤动线规则单一。
上_2008_01271,上海,2008,本地改善,44,男,1.8,14.7,0.45,24.6,5,2,否,B,agent,0.74,0.48,0.53,0.49,0.47,0.9,0.73,0.6,0.58,自住-改善,两室一厅,94,1546,区财政局科员,二胎黄金期中大户型,上海中环品质两居，车位及空间极其拥挤,小区无地下车库且人车不分流，小孩在楼下玩耍或者推婴儿车极为不安全。,讲究超高得房率（超85%），主卧套房必须配备独立步入式衣帽间与干湿分离双卫。,主要在陆家嘴/徐家汇CBD上班，首选地铁2/9号线沿线，通勤半小时内。,倡导轻户外，周末常带家人自驾野营或山系徒步，注重生活情调与手作咖啡。,名下持有一套旧两居，置换回款 65% + 个人理财储蓄补充 + 公积金商业贷,重性价比，不盲信大牌，但要求物业管理有序、绿化修剪及时、人防技防规范。,常年本地稳定居住，工作日职住通勤动线规则单一。
上_2008_01272,上海,2008,本地改善,44,男,1.8,19.5,0.45,32.6,3,2,否,B,agent,0.94,0.61,0.63,0.54,0.62,0.77,0.53,0.77,0.61,自住-改善,两室一厅,74,3648,区财政局科员,二胎黄金期中大户型,上海中环品质两居，车位及空间极其拥挤,小区无地下车库且人车不分流，小孩在楼下玩耍或者推婴儿车极为不安全。,讲究超高得房率（超85%），主卧套房必须配备独立步入式衣帽间与干湿分离双卫。,主要在陆家嘴/徐家汇CBD上班，首选地铁2/9号线沿线，通勤半小时内。,倡导轻户外，周末常带家人自驾野营或山系徒步，注重生活情调与手作咖啡。,名下持有一套旧两居，置换回款 65% + 个人理财储蓄补充 + 公积金商业贷,重性价比，不盲信大牌，但要求物业管理有序、绿化修剪及时、人防技防规范。,常年本地稳定居住，工作日职住通勤动线规则单一。
上_2008_01273,上海,2008,金融精英,46,女,5.8,34.1,0.4,63.9,3,1,是,A,research,0.76,0.45,0.49,0.56,0.69,0.88,0.74,0.8,0.58,自住-首套,一室一厅,84,6632,老牌证券公司营业部经理,三口之家(学龄段),陆家嘴核心区江景大平层,当前房屋属于旧多层无电梯房，父母年纪渐高每天爬楼梯极为吃力。,讲究超高得房率（超85%），主卧套房必须配备独立步入式衣帽间与干湿分离双卫。,主要在陆家嘴/徐家汇CBD上班，首选地铁2/9号线沿线，通勤半小时内。,周末常去高端商圈消费，热衷打网球和马术，重度手冲咖啡及黑胶唱片发烧友。,夫妻双方积蓄 + 双方父母出资赞助首付 + 公积金商业组合贷款,重性价比，不盲信大牌，但要求物业管理有序、绿化修剪及时、人防技防规范。,常年本地稳定居住，工作日职住通勤动线规则单一。
上_2008_01274,上海,2008,本地改善,53,男,2.2,26.7,0.45,44.5,5,2,是,B,agent,0.74,0.44,0.59,0.42,0.46,0.84,0.8,0.58,0.76,自住-改善,两室两厅,100,2451,市第二中学地理教师,二胎黄金期中大户型,上海中环品质两居，车位及空间极其拥挤,小区无地下车库且人车不分流，小孩在楼下玩耍或者推婴儿车极为不安全。,讲究超高得房率（超85%），主卧套房必须配备独立步入式衣帽间与干湿分离双卫。,主要在陆家嘴/徐家汇CBD上班，首选地铁2/9号线沿线，通勤半小时内。,倡导轻户外，周末常带家人自驾野营或山系徒步，注重生活情调与手作咖啡。,名下持有一套旧两居，置换回款 65% + 个人理财储蓄补充 + 公积金商业贷,非仁恒、绿城、万科等金牌开发商不买，极度看重高端精装质量与顶级物业的增值口碑。,常年本地稳定居住，工作日职住通勤动线规则单一。
上_2008_01275,上海,2008,教育型买房,47,男,1.8,14.4,0.4,27.1,3,1,否,B,social,0.78,0.62,0.44,0.33,0.62,0.71,0.49,1,0.45,学区房,两室两厅,69,2913,国企车间技术主任,三口之家(学龄段),上海中环品质两居，车位及空间极其拥挤,小区无地下车库且人车不分流，小孩在楼下玩耍或者推婴儿车极为不安全。,讲究超高得房率（超85%），主卧套房必须配备独立步入式衣帽间与干湿分离双卫。,主要在陆家嘴/徐家汇CBD上班，首选地铁2/9号线沿线，通勤半小时内。,倡导轻户外，周末常带家人自驾野营或山系徒步，注重生活情调与手作咖啡。,名下持有一套旧两居，置换回款 65% + 个人理财储蓄补充 + 公积金商业贷,重性价比，不盲信大牌，但要求物业管理有序、绿化修剪及时、人防技防规范。,常年本地稳定居住，工作日职住通勤动线规则单一。
上_2008_01276,上海,2008,本地改善,56,女,2.7,33.7,0.45,56.2,4,2,否,B,agent,0.62,0.47,0.49,0.33,0.52,0.75,0.49,0.78,0.65,自住-改善,一室一厅,75,6554,区财政局科员,二胎黄金期中大户型,上海中环品质两居，车位及空间极其拥挤,小区无地下车库且人车不分流，小孩在楼下玩耍或者推婴儿车极为不安全。,讲究超高得房率（超85%），主卧套房必须配备独立步入式衣帽间与干湿分离双卫。,主要在陆家嘴/徐家汇CBD上班，首选地铁2/9号线沿线，通勤半小时内。,倡导轻户外，周末常带家人自驾野营或山系徒步，注重生活情调与手作咖啡。,名下持有一套旧两居，置换回款 65% + 个人理财储蓄补充 + 公积金商业贷,重性价比，不盲信大牌，但要求物业管理有序、绿化修剪及时、人防技防规范。,常年本地稳定居住，工作日职住通勤动线规则单一。
上_2008_01277,上海,2008,本地改善,53,男,3.5,27.9,0.45,46.5,4,2,是,B,agent,0.82,0.46,0.43,0.37,0.61,0.86,0.61,0.55,0.59,自住-改善,两室一厅,66,5257,邮政局局长秘书,二胎黄金期中大户型,上海中环品质两居，车位及空间极其拥挤,小区无地下车库且人车不分流，小孩在楼下玩耍或者推婴儿车极为不安全。,讲究超高得房率（超85%），主卧套房必须配备独立步入式衣帽间与干湿分离双卫。,主要在陆家嘴/徐家汇CBD上班，首选地铁2/9号线沿线，通勤半小时内。,倡导轻户外，周末常带家人自驾野营或山系徒步，注重生活情调与手作咖啡。,名下持有一套旧两居，置换回款 65% + 个人理财储蓄补充 + 公积金商业贷,重性价比，不盲信大牌，但要求物业管理有序、绿化修剪及时、人防技防规范。,常年本地稳定居住，工作日职住通勤动线规则单一。
上_2008_01278,上海,2008,外籍海归,37,女,3.3,19.7,0.4,36.9,3,2,否,A,social,0.77,0.49,0.47,0.62,0.86,0.69,0.63,0.89,0.76,自住-首套,一室一厅,76,3662,外企驻沪办事处代表,二胎黄金期中大户型,西湖边高精平层,无高端私密会所及管家式物业配套，圈层鱼龙混杂，高净值居住体验差。,核心要求地块属于第一梯队名校学区，且周边500米内解决幼小衔接教育配套。,主要在陆家嘴/徐家汇CBD上班，首选地铁2/9号线沿线，通勤半小时内。,周末常去高端商圈消费，热衷打网球和马术，重度手冲咖啡及黑胶唱片发烧友。,夫妻双方积蓄 + 双方父母出资赞助首付 + 公积金商业组合贷款,非仁恒、绿城、万科等金牌开发商不买，极度看重高端精装质量与顶级物业的增值口碑。,常年本地稳定居住，工作日职住通勤动线规则单一。
上_2008_01279,上海,2008,外籍海归,34,男,5.4,39.2,0.4,73.5,3,1,否,A,social,0.77,0.52,0.65,0.5,0.9,0.84,0.76,0.87,0.9,婚房,一室一厅,53,10050,外企驻沪办事处代表,三口之家(幼龄段),市中心私密洋房住宅,无高端私密会所及管家式物业配套，圈层鱼龙混杂，高净值居住体验差。,讲究超高得房率（超85%），主卧套房必须配备独立步入式衣帽间与干湿分离双卫。,主要在陆家嘴/徐家汇CBD上班，首选地铁2/9号线沿线，通勤半小时内。,周末常去高端商圈消费，热衷打网球和马术，重度手冲咖啡及黑胶唱片发烧友。,夫妻双方积蓄 + 双方父母出资赞助首付 + 公积金商业组合贷款,非仁恒、绿城、万科等金牌开发商不买，极度看重高端精装质量与顶级物业的增值口碑。,常年本地稳定居住，工作日职住通勤动线规则单一。
上_2008_01280,上海,2008,金融精英,37,女,7.5,67.5,0.4,126.6,3,1,否,A,research,0.7,0.52,0.74,0.48,0.81,0.66,0.81,0.88,0.79,自住-首套,两室一厅,92,10810,老牌证券公司营业部经理,三口之家(幼龄段),西湖边高精平层,无高端私密会所及管家式物业配套，圈层鱼龙混杂，高净值居住体验差。,要求有超大面宽南向双阳台（观景家政分离），主卧大飘窗能270度直面自然景观。,主要在陆家嘴/徐家汇CBD上班，首选地铁2/9号线沿线，通勤半小时内。,周末常去高端商圈消费，热衷打网球和马术，重度手冲咖啡及黑胶唱片发烧友。,夫妻双方积蓄 + 双方父母出资赞助首付 + 公积金商业组合贷款,非仁恒、绿城、万科等金牌开发商不买，极度看重高端精装质量与顶级物业的增值口碑。,常年本地稳定居住，工作日职住通勤动线规则单一。
上_2008_01281,上海,2008,长三角家庭,40,女,3.2,18.6,0.45,31.1,4,2,是,B,agent,0.49,0.46,0.52,0.45,0.46,0.75,0.44,0.72,0.65,自住-改善,一室一厅,51,3357,邮政局局长秘书,二胎黄金期中大户型,上海中环品质两居，车位及空间极其拥挤,小区无地下车库且人车不分流，小孩在楼下玩耍或者推婴儿车极为不安全。,讲究超高得房率（超85%），主卧套房必须配备独立步入式衣帽间与干湿分离双卫。,主要在陆家嘴/徐家汇CBD上班，首选地铁2/9号线沿线，通勤半小时内。,倡导轻户外，周末常带家人自驾野营或山系徒步，注重生活情调与手作咖啡。,名下持有一套旧两居，置换回款 65% + 个人理财储蓄补充 + 公积金商业贷,重性价比，不盲信大牌，但要求物业管理有序、绿化修剪及时、人防技防规范。,常年本地稳定居住，工作日职住通勤动线规则单一。
上_2008_01282,上海,2008,本地改善,46,男,1.0,10.2,0.45,17.0,4,2,是,B,agent,0.61,0.57,0.61,0.65,0.6,0.83,0.68,0.71,0.56,自住-改善,两室一厅,96,1347,市第二中学地理教师,二胎黄金期中大户型,上海中环品质两居，车位及空间极其拥挤,小区无地下车库且人车不分流，小孩在楼下玩耍或者推婴儿车极为不安全。,讲究超高得房率（超85%），主卧套房必须配备独立步入式衣帽间与干湿分离双卫。,主要在陆家嘴/徐家汇CBD上班，首选地铁2/9号线沿线，通勤半小时内。,倡导轻户外，周末常带家人自驾野营或山系徒步，注重生活情调与手作咖啡。,名下持有一套旧两居，置换回款 65% + 个人理财储蓄补充 + 公积金商业贷,重性价比，不盲信大牌，但要求物业管理有序、绿化修剪及时、人防技防规范。,常年本地稳定居住，工作日职住通勤动线规则单一。
上_2008_01283,上海,2008,本地改善,43,男,2.6,30.4,0.45,50.7,5,2,是,B,agent,0.75,0.49,0.54,0.5,0.46,1,0.59,0.71,0.7,自住-改善,两室一厅,87,4637,邮政局局长秘书,二胎黄金期中大户型,上海中环品质两居，车位及空间极其拥挤,小区无地下车库且人车不分流，小孩在楼下玩耍或者推婴儿车极为不安全。,讲究超高得房率（超85%），主卧套房必须配备独立步入式衣帽间与干湿分离双卫。,主要在陆家嘴/徐家汇CBD上班，首选地铁2/9号线沿线，通勤半小时内。,倡导轻户外，周末常带家人自驾野营或山系徒步，注重生活情调与手作咖啡。,名下持有一套旧两居，置换回款 65% + 个人理财储蓄补充 + 公积金商业贷,非仁恒、绿城、万科等金牌开发商不买，极度看重高端精装质量与顶级物业的增值口碑。,常年本地稳定居住，工作日职住通勤动线规则单一。
上_2008_01284,上海,2008,本地改善,58,男,1.7,14.3,0.45,23.8,4,2,否,B,agent,0.75,0.33,0.6,0.45,0.65,0.83,0.59,0.65,0.59,自住-改善,一室一厅,70,2366,国企车间技术主任,二胎黄金期中大户型,上海中环品质两居，车位及空间极其拥挤,小区无地下车库且人车不分流，小孩在楼下玩耍或者推婴儿车极为不安全。,讲究超高得房率（超85%），主卧套房必须配备独立步入式衣帽间与干湿分离双卫。,主要在陆家嘴/徐家汇CBD上班，首选地铁2/9号线沿线，通勤半小时内。,倡导轻户外，周末常带家人自驾野营或山系徒步，注重生活情调与手作咖啡。,名下持有一套旧两居，置换回款 65% + 个人理财储蓄补充 + 公积金商业贷,重性价比，不盲信大牌，但要求物业管理有序、绿化修剪及时、人防技防规范。,常年本地稳定居住，工作日职住通勤动线规则单一。
上_2008_01285,上海,2008,本地改善,53,女,4.2,39.9,0.45,66.5,4,2,是,B,agent,0.97,0.53,0.52,0.53,0.39,0.9,0.68,0.67,0.5,自住-改善,一室一厅,65,5137,市第二中学地理教师,二胎黄金期中大户型,上海中环品质两居，车位及空间极其拥挤,小区无地下车库且人车不分流，小孩在楼下玩耍或者推婴儿车极为不安全。,讲究超高得房率（超85%），主卧套房必须配备独立步入式衣帽间与干湿分离双卫。,主要在陆家嘴/徐家汇CBD上班，首选地铁2/9号线沿线，通勤半小时内。,倡导轻户外，周末常带家人自驾野营或山系徒步，注重生活情调与手作咖啡。,名下持有一套旧两居，置换回款 65% + 个人理财储蓄补充 + 公积金商业贷,重性价比，不盲信大牌，但要求物业管理有序、绿化修剪及时、人防技防规范。,常年本地稳定居住，工作日职住通勤动线规则单一。
上_2008_01286,上海,2008,长三角家庭,45,女,3.5,24.5,0.45,40.9,4,2,否,B,agent,0.54,0.59,0.51,0.5,0.69,0.75,0.32,0.76,0.77,自住-首套,两室两厅,91,3759,市第二中学地理教师,二胎黄金期中大户型,上海中环品质两居，车位及空间极其拥挤,小区无地下车库且人车不分流，小孩在楼下玩耍或者推婴儿车极为不安全。,讲究超高得房率（超85%），主卧套房必须配备独立步入式衣帽间与干湿分离双卫。,主要在陆家嘴/徐家汇CBD上班，首选地铁2/9号线沿线，通勤半小时内。,倡导轻户外，周末常带家人自驾野营或山系徒步，注重生活情调与手作咖啡。,夫妻双方积蓄 + 双方父母出资赞助首付 + 公积金商业组合贷款,非仁恒、绿城、万科等金牌开发商不买，极度看重高端精装质量与顶级物业的增值口碑。,常年本地稳定居住，工作日职住通勤动线规则单一。
上_2008_01287,上海,2008,金融精英,45,男,7.4,64.1,0.4,120.3,4,1,是,A,research,0.86,0.54,0.64,0.56,0.8,0.81,0.67,0.88,0.92,自住-改善,两室一厅,85,11491,老牌证券公司营业部经理,三口之家(学龄段),陆家嘴核心区江景大平层,当前房屋属于旧多层无电梯房，父母年纪渐高每天爬楼梯极为吃力。,讲究超高得房率（超85%），主卧套房必须配备独立步入式衣帽间与干湿分离双卫。,主要在陆家嘴/徐家汇CBD上班，首选地铁2/9号线沿线，通勤半小时内。,周末常去高端商圈消费，热衷打网球和马术，重度手冲咖啡及黑胶唱片发烧友。,名下已有企业股权套现或分红现金，一次性全款付清，基本不加杠杆,非仁恒、绿城、万科等金牌开发商不买，极度看重高端精装质量与顶级物业的增值口碑。,常年本地稳定居住，工作日职住通勤动线规则单一。
上_2008_01288,上海,2008,外籍海归,34,女,4.1,23.1,0.4,43.4,2,0,否,A,social,0.69,0.5,0.54,0.6,0.81,0.66,0.62,0.78,0.66,自住-首套,两室一厅,89,3869,外企驻沪办事处代表,新婚过渡两居,西湖边高精平层,无高端私密会所及管家式物业配套，圈层鱼龙混杂，高净值居住体验差。,核心要求地块属于第一梯队名校学区，且周边500米内解决幼小衔接教育配套。,主要在陆家嘴/徐家汇CBD上班，首选地铁2/9号线沿线，通勤半小时内。,周末常去高端商圈消费，热衷打网球和马术，重度手冲咖啡及黑胶唱片发烧友。,夫妻双方积蓄 + 双方父母出资赞助首付 + 公积金商业组合贷款,重性价比，不盲信大牌，但要求物业管理有序、绿化修剪及时、人防技防规范。,常年本地稳定居住，工作日职住通勤动线规则单一。
上_2008_01289,上海,2008,长三角家庭,50,女,2.7,20.6,0.45,34.4,4,3,否,B,agent,0.38,0.48,0.62,0.52,0.45,0.78,0.36,0.8,0.66,自住-首套,两室两厅,50,5602,区财政局科员,二胎黄金期中大户型,上海中环品质两居，车位及空间极其拥挤,小区无地下车库且人车不分流，小孩在楼下玩耍或者推婴儿车极为不安全。,讲究超高得房率（超85%），主卧套房必须配备独立步入式衣帽间与干湿分离双卫。,主要在陆家嘴/徐家汇CBD上班，首选地铁2/9号线沿线，通勤半小时内。,倡导轻户外，周末常带家人自驾野营或山系徒步，注重生活情调与手作咖啡。,夫妻双方积蓄 + 双方父母出资赞助首付 + 公积金商业组合贷款,重性价比，不盲信大牌，但要求物业管理有序、绿化修剪及时、人防技防规范。,常年本地稳定居住，工作日职住通勤动线规则单一。
上_2008_01290,上海,2008,教育型买房,32,男,6.4,41.9,0.4,78.5,2,1,否,B,social,0.98,0.49,0.45,0.33,0.59,0.78,0.57,0.91,0.8,学区房,两室两厅,57,12310,市第二中学地理教师,三口之家(幼龄段),上海中环品质两居，车位及空间极其拥挤,小区无地下车库且人车不分流，小孩在楼下玩耍或者推婴儿车极为不安全。,讲究超高得房率（超85%），主卧套房必须配备独立步入式衣帽间与干湿分离双卫。,主要在陆家嘴/徐家汇CBD上班，首选地铁2/9号线沿线，通勤半小时内。,倡导轻户外，周末常带家人自驾野营或山系徒步，注重生活情调与手作咖啡。,名下持有一套旧两居，置换回款 65% + 个人理财储蓄补充 + 公积金商业贷,非仁恒、绿城、万科等金牌开发商不买，极度看重高端精装质量与顶级物业的增值口碑。,常年本地稳定居住，工作日职住通勤动线规则单一。
上_2008_01291,上海,2008,本地改善,40,男,1.0,7.4,0.45,12.4,4,2,是,B,agent,0.79,0.52,0.52,0.47,0.41,0.91,0.58,0.65,0.57,自住-改善,两室一厅,54,1528,市第二中学地理教师,二胎黄金期中大户型,上海中环品质两居，车位及空间极其拥挤,小区无地下车库且人车不分流，小孩在楼下玩耍或者推婴儿车极为不安全。,讲究超高得房率（超85%），主卧套房必须配备独立步入式衣帽间与干湿分离双卫。,主要在陆家嘴/徐家汇CBD上班，首选地铁2/9号线沿线，通勤半小时内。,倡导轻户外，周末常带家人自驾野营或山系徒步，注重生活情调与手作咖啡。,名下持有一套旧两居，置换回款 65% + 个人理财储蓄补充 + 公积金商业贷,重性价比，不盲信大牌，但要求物业管理有序、绿化修剪及时、人防技防规范。,常年本地稳定居住，工作日职住通勤动线规则单一。
上_2008_01292,上海,2008,本地改善,46,男,1.7,14.4,0.45,24.0,4,1,是,B,agent,0.73,0.5,0.52,0.63,0.59,0.78,0.63,0.77,0.79,自住-改善,两室两厅,81,1604,邮政局局长秘书,三口之家(学龄段),上海中环品质两居，车位及空间极其拥挤,小区无地下车库且人车不分流，小孩在楼下玩耍或者推婴儿车极为不安全。,讲究超高得房率（超85%），主卧套房必须配备独立步入式衣帽间与干湿分离双卫。,主要在陆家嘴/徐家汇CBD上班，首选地铁2/9号线沿线，通勤半小时内。,倡导轻户外，周末常带家人自驾野营或山系徒步，注重生活情调与手作咖啡。,名下持有一套旧两居，置换回款 65% + 个人理财储蓄补充 + 公积金商业贷,非仁恒、绿城、万科等金牌开发商不买，极度看重高端精装质量与顶级物业的增值口碑。,常年本地稳定居住，工作日职住通勤动线规则单一。
上_2008_01293,上海,2008,本地改善,48,男,1.8,16.2,0.45,27.0,4,2,否,B,agent,1,0.6,0.49,0.67,0.51,0.73,0.48,0.86,0.49,自住-改善,两室两厅,100,2417,市第二中学地理教师,二胎黄金期中大户型,上海中环品质两居，车位及空间极其拥挤,小区无地下车库且人车不分流，小孩在楼下玩耍或者推婴儿车极为不安全。,讲究超高得房率（超85%），主卧套房必须配备独立步入式衣帽间与干湿分离双卫。,主要在陆家嘴/徐家汇CBD上班，首选地铁2/9号线沿线，通勤半小时内。,倡导轻户外，周末常带家人自驾野营或山系徒步，注重生活情调与手作咖啡。,名下持有一套旧两居，置换回款 65% + 个人理财储蓄补充 + 公积金商业贷,重性价比，不盲信大牌，但要求物业管理有序、绿化修剪及时、人防技防规范。,常年本地稳定居住，工作日职住通勤动线规则单一。
上_2008_01294,上海,2008,教育型买房,34,男,2.3,16.9,0.4,31.6,3,2,否,B,social,0.81,0.59,0.44,0.4,0.48,0.66,0.58,1,0.71,学区房,两室一厅,84,3343,国企车间技术主任,二胎黄金期中大户型,上海中环品质两居，车位及空间极其拥挤,小区无地下车库且人车不分流，小孩在楼下玩耍或者推婴儿车极为不安全。,核心要求地块属于第一梯队名校学区，且周边500米内解决幼小衔接教育配套。,主要在陆家嘴/徐家汇CBD上班，首选地铁2/9号线沿线，通勤半小时内。,倡导轻户外，周末常带家人自驾野营或山系徒步，注重生活情调与手作咖啡。,名下持有一套旧两居，置换回款 65% + 个人理财储蓄补充 + 公积金商业贷,非仁恒、绿城、万科等金牌开发商不买，极度看重高端精装质量与顶级物业的增值口碑。,常年本地稳定居住，工作日职住通勤动线规则单一。
上_2008_01295,上海,2008,教育型买房,36,男,3.0,28.8,0.4,54.0,3,0,是,B,social,0.77,0.48,0.36,0.45,0.65,0.56,0.58,1,0.72,学区房,两室两厅,71,5942,国企车间技术主任,成熟期核心家庭,上海中环品质两居，车位及空间极其拥挤,当前房屋属于旧多层无电梯房，父母年纪渐高每天爬楼梯极为吃力。,核心要求地块属于第一梯队名校学区，且周边500米内解决幼小衔接教育配套。,主要在陆家嘴/徐家汇CBD上班，首选地铁2/9号线沿线，通勤半小时内。,倡导轻户外，周末常带家人自驾野营或山系徒步，注重生活情调与手作咖啡。,名下持有一套旧两居，置换回款 65% + 个人理财储蓄补充 + 公积金商业贷,非仁恒、绿城、万科等金牌开发商不买，极度看重高端精装质量与顶级物业的增值口碑。,常年本地稳定居住，工作日职住通勤动线规则单一。
上_2008_01296,上海,2008,本地改善,47,男,3.1,31.0,0.45,51.6,5,1,是,B,agent,0.67,0.4,0.64,0.65,0.52,0.91,0.64,0.77,0.57,自住-改善,一室一厅,52,5609,邮政局局长秘书,三口之家(学龄段),上海中环品质两居，车位及空间极其拥挤,小区无地下车库且人车不分流，小孩在楼下玩耍或者推婴儿车极为不安全。,讲究超高得房率（超85%），主卧套房必须配备独立步入式衣帽间与干湿分离双卫。,主要在陆家嘴/徐家汇CBD上班，首选地铁2/9号线沿线，通勤半小时内。,倡导轻户外，周末常带家人自驾野营或山系徒步，注重生活情调与手作咖啡。,名下持有一套旧两居，置换回款 65% + 个人理财储蓄补充 + 公积金商业贷,重性价比，不盲信大牌，但要求物业管理有序、绿化修剪及时、人防技防规范。,常年本地稳定居住，工作日职住通勤动线规则单一。
上_2008_01297,上海,2008,长三角家庭,47,女,1.2,6.1,0.45,10.2,3,2,是,B,agent,0.71,0.52,0.37,0.55,0.5,0.79,0.39,0.8,0.61,自住-改善,一室一厅,61,1033,区财政局科员,二胎黄金期中大户型,上海中环品质两居，车位及空间极其拥挤,小区无地下车库且人车不分流，小孩在楼下玩耍或者推婴儿车极为不安全。,讲究超高得房率（超85%），主卧套房必须配备独立步入式衣帽间与干湿分离双卫。,主要在陆家嘴/徐家汇CBD上班，首选地铁2/9号线沿线，通勤半小时内。,倡导轻户外，周末常带家人自驾野营或山系徒步，注重生活情调与手作咖啡。,名下持有一套旧两居，置换回款 65% + 个人理财储蓄补充 + 公积金商业贷,重性价比，不盲信大牌，但要求物业管理有序、绿化修剪及时、人防技防规范。,常年本地稳定居住，工作日职住通勤动线规则单一。
上_2008_01298,上海,2008,本地改善,56,女,2.3,20.4,0.45,34.1,4,1,是,B,agent,0.8,0.52,0.56,0.41,0.62,0.86,0.47,0.8,0.63,自住-改善,两室一厅,58,3233,邮政局局长秘书,三口之家(学龄段),上海中环品质两居，车位及空间极其拥挤,小区无地下车库且人车不分流，小孩在楼下玩耍或者推婴儿车极为不安全。,讲究超高得房率（超85%），主卧套房必须配备独立步入式衣帽间与干湿分离双卫。,主要在陆家嘴/徐家汇CBD上班，首选地铁2/9号线沿线，通勤半小时内。,倡导轻户外，周末常带家人自驾野营或山系徒步，注重生活情调与手作咖啡。,名下持有一套旧两居，置换回款 65% + 个人理财储蓄补充 + 公积金商业贷,重性价比，不盲信大牌，但要求物业管理有序、绿化修剪及时、人防技防规范。,常年本地稳定居住，工作日职住通勤动线规则单一。
上_2008_01299,上海,2008,金融精英,35,女,6.1,54.7,0.4,102.6,2,0,是,A,research,0.59,0.43,0.58,0.67,0.88,0.76,0.72,0.67,0.85,自住-改善,两室一厅,87,10600,老牌证券公司营业部经理,新婚过渡两居,陆家嘴核心区江景大平层,当前房屋属于旧多层无电梯房，父母年纪渐高每天爬楼梯极为吃力。,讲究超高得房率（超85%），主卧套房必须配备独立步入式衣帽间与干湿分离双卫。,主要在陆家嘴/徐家汇CBD上班，首选地铁2/9号线沿线，通勤半小时内。,周末常去高端商圈消费，热衷打网球和马术，重度手冲咖啡及黑胶唱片发烧友。,名下已有企业股权套现或分红现金，一次性全款付清，基本不加杠杆,非仁恒、绿城、万科等金牌开发商不买，极度看重高端精装质量与顶级物业的增值口碑。,常年本地稳定居住，工作日职住通勤动线规则单一。
上_2008_01300,上海,2008,教育型买房,43,女,3.7,37.2,0.4,69.7,3,2,否,B,social,0.72,0.44,0.34,0.37,0.64,0.68,0.62,0.9,0.56,学区房,一室一厅,90,4423,邮政局局长秘书,二胎黄金期中大户型,上海中环品质两居，车位及空间极其拥挤,小区无地下车库且人车不分流，小孩在楼下玩耍或者推婴儿车极为不安全。,核心要求地块属于第一梯队名校学区，且周边500米内解决幼小衔接教育配套。,主要在陆家嘴/徐家汇CBD上班，首选地铁2/9号线沿线，通勤半小时内。,倡导轻户外，周末常带家人自驾野营或山系徒步，注重生活情调与手作咖啡。,名下持有一套旧两居，置换回款 65% + 个人理财储蓄补充 + 公积金商业贷,重性价比，不盲信大牌，但要求物业管理有序、绿化修剪及时、人防技防规范。,常年本地稳定居住，工作日职住通勤动线规则单一。
上_2008_01301,上海,2008,本地改善,51,男,4.5,41.7,0.45,69.5,4,2,否,B,agent,0.4,0.45,0.61,0.43,0.64,0.84,0.62,0.76,0.54,自住-改善,一室一厅,88,5895,市第二中学地理教师,二胎黄金期中大户型,上海中环品质两居，车位及空间极其拥挤,小区无地下车库且人车不分流，小孩在楼下玩耍或者推婴儿车极为不安全。,讲究超高得房率（超85%），主卧套房必须配备独立步入式衣帽间与干湿分离双卫。,主要在陆家嘴/徐家汇CBD上班，首选地铁2/9号线沿线，通勤半小时内。,倡导轻户外，周末常带家人自驾野营或山系徒步，注重生活情调与手作咖啡。,名下持有一套旧两居，置换回款 65% + 个人理财储蓄补充 + 公积金商业贷,重性价比，不盲信大牌，但要求物业管理有序、绿化修剪及时、人防技防规范。,常年本地稳定居住，工作日职住通勤动线规则单一。
上_2008_01302,上海,2008,本地改善,49,女,1.8,13.6,0.45,22.6,4,2,否,B,agent,0.76,0.56,0.56,0.58,0.56,0.86,0.64,0.65,0.61,自住-改善,一室一厅,80,1520,国企车间技术主任,二胎黄金期中大户型,上海中环品质两居，车位及空间极其拥挤,小区无地下车库且人车不分流，小孩在楼下玩耍或者推婴儿车极为不安全。,讲究超高得房率（超85%），主卧套房必须配备独立步入式衣帽间与干湿分离双卫。,主要在陆家嘴/徐家汇CBD上班，首选地铁2/9号线沿线，通勤半小时内。,倡导轻户外，周末常带家人自驾野营或山系徒步，注重生活情调与手作咖啡。,名下持有一套旧两居，置换回款 65% + 个人理财储蓄补充 + 公积金商业贷,重性价比，不盲信大牌，但要求物业管理有序、绿化修剪及时、人防技防规范。,常年本地稳定居住，工作日职住通勤动线规则单一。
上_2008_01303,上海,2008,教育型买房,35,男,3.6,20.4,0.4,38.2,3,1,否,B,social,0.84,0.45,0.4,0.39,0.5,0.72,0.51,0.92,0.64,学区房,一室一厅,86,3482,国企车间技术主任,三口之家(幼龄段),上海中环品质两居，车位及空间极其拥挤,小区无地下车库且人车不分流，小孩在楼下玩耍或者推婴儿车极为不安全。,讲究超高得房率（超85%），主卧套房必须配备独立步入式衣帽间与干湿分离双卫。,主要在陆家嘴/徐家汇CBD上班，首选地铁2/9号线沿线，通勤半小时内。,倡导轻户外，周末常带家人自驾野营或山系徒步，注重生活情调与手作咖啡。,名下持有一套旧两居，置换回款 65% + 个人理财储蓄补充 + 公积金商业贷,重性价比，不盲信大牌，但要求物业管理有序、绿化修剪及时、人防技防规范。,常年本地稳定居住，工作日职住通勤动线规则单一。
上_2008_01304,上海,2008,本地改善,48,女,2.7,20.3,0.45,33.9,4,2,否,B,agent,0.58,0.57,0.41,0.64,0.55,0.8,0.56,0.61,0.79,自住-改善,两室两厅,100,2598,邮政局局长秘书,二胎黄金期中大户型,上海中环品质两居，车位及空间极其拥挤,小区无地下车库且人车不分流，小孩在楼下玩耍或者推婴儿车极为不安全。,讲究超高得房率（超85%），主卧套房必须配备独立步入式衣帽间与干湿分离双卫。,主要在陆家嘴/徐家汇CBD上班，首选地铁2/9号线沿线，通勤半小时内。,倡导轻户外，周末常带家人自驾野营或山系徒步，注重生活情调与手作咖啡。,名下持有一套旧两居，置换回款 65% + 个人理财储蓄补充 + 公积金商业贷,非仁恒、绿城、万科等金牌开发商不买，极度看重高端精装质量与顶级物业的增值口碑。,常年本地稳定居住，工作日职住通勤动线规则单一。
上_2008_01305,上海,2008,本地改善,56,男,1.8,19.2,0.45,32.0,3,2,否,B,agent,0.68,0.41,0.49,0.31,0.61,0.73,0.55,0.63,0.55,自住-改善,两室一厅,87,2679,市第二中学地理教师,二胎黄金期中大户型,上海中环品质两居，车位及空间极其拥挤,小区无地下车库且人车不分流，小孩在楼下玩耍或者推婴儿车极为不安全。,讲究超高得房率（超85%），主卧套房必须配备独立步入式衣帽间与干湿分离双卫。,主要在陆家嘴/徐家汇CBD上班，首选地铁2/9号线沿线，通勤半小时内。,倡导轻户外，周末常带家人自驾野营或山系徒步，注重生活情调与手作咖啡。,名下持有一套旧两居，置换回款 65% + 个人理财储蓄补充 + 公积金商业贷,重性价比，不盲信大牌，但要求物业管理有序、绿化修剪及时、人防技防规范。,常年本地稳定居住，工作日职住通勤动线规则单一。
上_2008_01306,上海,2008,本地改善,38,男,2.1,18.9,0.45,31.6,4,2,是,B,agent,0.9,0.55,0.55,0.56,0.56,0.74,0.75,0.73,0.69,自住-改善,两室两厅,100,2199,国企车间技术主任,二胎黄金期中大户型,上海中环品质两居，车位及空间极其拥挤,小区无地下车库且人车不分流，小孩在楼下玩耍或者推婴儿车极为不安全。,讲究超高得房率（超85%），主卧套房必须配备独立步入式衣帽间与干湿分离双卫。,主要在陆家嘴/徐家汇CBD上班，首选地铁2/9号线沿线，通勤半小时内。,倡导轻户外，周末常带家人自驾野营或山系徒步，注重生活情调与手作咖啡。,名下持有一套旧两居，置换回款 65% + 个人理财储蓄补充 + 公积金商业贷,重性价比，不盲信大牌，但要求物业管理有序、绿化修剪及时、人防技防规范。,常年本地稳定居住，工作日职住通勤动线规则单一。
上_2008_01307,上海,2008,长三角家庭,51,男,2.1,14.1,0.45,23.5,4,1,否,B,agent,0.74,0.53,0.5,0.56,0.46,0.91,0.42,0.81,0.78,自住-首套,一室一厅,64,2921,区财政局科员,三口之家(学龄段),上海中环品质两居，车位及空间极其拥挤,小区无地下车库且人车不分流，小孩在楼下玩耍或者推婴儿车极为不安全。,讲究超高得房率（超85%），主卧套房必须配备独立步入式衣帽间与干湿分离双卫。,主要在陆家嘴/徐家汇CBD上班，首选地铁2/9号线沿线，通勤半小时内。,倡导轻户外，周末常带家人自驾野营或山系徒步，注重生活情调与手作咖啡。,夫妻双方积蓄 + 双方父母出资赞助首付 + 公积金商业组合贷款,非仁恒、绿城、万科等金牌开发商不买，极度看重高端精装质量与顶级物业的增值口碑。,常年本地稳定居住，工作日职住通勤动线规则单一。
上_2008_01308,上海,2008,长三角家庭,47,女,1.9,10.4,0.45,17.3,4,1,是,B,agent,0.95,0.6,0.44,0.53,0.57,0.77,0.38,0.77,0.65,自住-改善,两室两厅,70,2128,国企车间技术主任,三口之家(学龄段),上海中环品质两居，车位及空间极其拥挤,小区无地下车库且人车不分流，小孩在楼下玩耍或者推婴儿车极为不安全。,讲究超高得房率（超85%），主卧套房必须配备独立步入式衣帽间与干湿分离双卫。,主要在陆家嘴/徐家汇CBD上班，首选地铁2/9号线沿线，通勤半小时内。,倡导轻户外，周末常带家人自驾野营或山系徒步，注重生活情调与手作咖啡。,名下持有一套旧两居，置换回款 65% + 个人理财储蓄补充 + 公积金商业贷,重性价比，不盲信大牌，但要求物业管理有序、绿化修剪及时、人防技防规范。,常年本地稳定居住，工作日职住通勤动线规则单一。
上_2008_01309,上海,2008,教育型买房,37,女,3.0,18.6,0.4,34.9,3,1,是,B,social,1,0.39,0.3,0.35,0.63,0.78,0.59,0.88,0.61,学区房,两室一厅,78,3711,区财政局科员,三口之家(幼龄段),上海中环品质两居，车位及空间极其拥挤,小区无地下车库且人车不分流，小孩在楼下玩耍或者推婴儿车极为不安全。,讲究超高得房率（超85%），主卧套房必须配备独立步入式衣帽间与干湿分离双卫。,主要在陆家嘴/徐家汇CBD上班，首选地铁2/9号线沿线，通勤半小时内。,倡导轻户外，周末常带家人自驾野营或山系徒步，注重生活情调与手作咖啡。,名下持有一套旧两居，置换回款 65% + 个人理财储蓄补充 + 公积金商业贷,重性价比，不盲信大牌，但要求物业管理有序、绿化修剪及时、人防技防规范。,常年本地稳定居住，工作日职住通勤动线规则单一。
上_2008_01310,上海,2008,本地改善,46,女,2.0,23.1,0.45,38.6,4,2,是,B,agent,0.83,0.44,0.5,0.44,0.51,0.92,0.43,0.72,0.68,自住-改善,两室一厅,79,3838,邮政局局长秘书,二胎黄金期中大户型,上海中环品质两居，车位及空间极其拥挤,小区无地下车库且人车不分流，小孩在楼下玩耍或者推婴儿车极为不安全。,讲究超高得房率（超85%），主卧套房必须配备独立步入式衣帽间与干湿分离双卫。,主要在陆家嘴/徐家汇CBD上班，首选地铁2/9号线沿线，通勤半小时内。,倡导轻户外，周末常带家人自驾野营或山系徒步，注重生活情调与手作咖啡。,名下持有一套旧两居，置换回款 65% + 个人理财储蓄补充 + 公积金商业贷,重性价比，不盲信大牌，但要求物业管理有序、绿化修剪及时、人防技防规范。,常年本地稳定居住，工作日职住通勤动线规则单一。
上_2008_01311,上海,2008,教育型买房,46,男,3.8,23.4,0.4,43.9,3,0,是,B,social,0.76,0.41,0.37,0.48,0.52,0.55,0.54,1.0,0.59,学区房,两室两厅,53,5469,市第二中学地理教师,成熟期核心家庭,上海中环品质两居，车位及空间极其拥挤,当前房屋属于旧多层无电梯房，父母年纪渐高每天爬楼梯极为吃力。,核心要求地块属于第一梯队名校学区，且周边500米内解决幼小衔接教育配套。,主要在陆家嘴/徐家汇CBD上班，首选地铁2/9号线沿线，通勤半小时内。,倡导轻户外，周末常带家人自驾野营或山系徒步，注重生活情调与手作咖啡。,名下持有一套旧两居，置换回款 65% + 个人理财储蓄补充 + 公积金商业贷,重性价比，不盲信大牌，但要求物业管理有序、绿化修剪及时、人防技防规范。,常年本地稳定居住，工作日职住通勤动线规则单一。
上_2008_01312,上海,2008,教育型买房,43,男,2.5,23.2,0.4,43.5,4,1,否,B,social,1,0.51,0.45,0.44,0.68,0.71,0.48,1.0,0.64,学区房,两室一厅,90,2448,区财政局科员,三口之家(学龄段),上海中环品质两居，车位及空间极其拥挤,小区无地下车库且人车不分流，小孩在楼下玩耍或者推婴儿车极为不安全。,讲究超高得房率（超85%），主卧套房必须配备独立步入式衣帽间与干湿分离双卫。,主要在陆家嘴/徐家汇CBD上班，首选地铁2/9号线沿线，通勤半小时内。,倡导轻户外，周末常带家人自驾野营或山系徒步，注重生活情调与手作咖啡。,名下持有一套旧两居，置换回款 65% + 个人理财储蓄补充 + 公积金商业贷,重性价比，不盲信大牌，但要求物业管理有序、绿化修剪及时、人防技防规范。,常年本地稳定居住，工作日职住通勤动线规则单一。
上_2008_01313,上海,2008,教育型买房,47,女,3.1,19.2,0.4,36.0,3,1,否,B,social,1,0.55,0.27,0.37,0.57,0.65,0.46,1,0.45,学区房,一室一厅,91,2565,区财政局科员,三口之家(学龄段),上海中环品质两居，车位及空间极其拥挤,小区无地下车库且人车不分流，小孩在楼下玩耍或者推婴儿车极为不安全。,核心要求地块属于第一梯队名校学区，且周边500米内解决幼小衔接教育配套。,主要在陆家嘴/徐家汇CBD上班，首选地铁2/9号线沿线，通勤半小时内。,倡导轻户外，周末常带家人自驾野营或山系徒步，注重生活情调与手作咖啡。,名下持有一套旧两居，置换回款 65% + 个人理财储蓄补充 + 公积金商业贷,重性价比，不盲信大牌，但要求物业管理有序、绿化修剪及时、人防技防规范。,常年本地稳定居住，工作日职住通勤动线规则单一。
上_2008_01314,上海,2008,本地改善,56,男,2.1,25.1,0.45,41.8,4,2,否,B,agent,0.84,0.48,0.59,0.46,0.54,0.87,0.63,0.6,0.66,自住-改善,一室一厅,72,4809,国企车间技术主任,二胎黄金期中大户型,上海中环品质两居，车位及空间极其拥挤,小区无地下车库且人车不分流，小孩在楼下玩耍或者推婴儿车极为不安全。,讲究超高得房率（超85%），主卧套房必须配备独立步入式衣帽间与干湿分离双卫。,主要在陆家嘴/徐家汇CBD上班，首选地铁2/9号线沿线，通勤半小时内。,倡导轻户外，周末常带家人自驾野营或山系徒步，注重生活情调与手作咖啡。,名下持有一套旧两居，置换回款 65% + 个人理财储蓄补充 + 公积金商业贷,重性价比，不盲信大牌，但要求物业管理有序、绿化修剪及时、人防技防规范。,常年本地稳定居住，工作日职住通勤动线规则单一。
上_2008_01315,上海,2008,金融精英,47,女,0.9,6.8,0.4,12.7,2,1,否,A,research,0.76,0.48,0.67,0.67,0.8,0.53,0.8,0.78,0.81,自住-改善,一室一厅,70,1127,申银万国证券分析员,三口之家(学龄段),陆家嘴核心区江景大平层,无高端私密会所及管家式物业配套，圈层鱼龙混杂，高净值居住体验差。,核心要求地块属于第一梯队名校学区，且周边500米内解决幼小衔接教育配套。,主要在陆家嘴/徐家汇CBD上班，首选地铁2/9号线沿线，通勤半小时内。,周末常去高端商圈消费，热衷打网球和马术，重度手冲咖啡及黑胶唱片发烧友。,名下已有企业股权套现或分红现金，一次性全款付清，基本不加杠杆,非仁恒、绿城、万科等金牌开发商不买，极度看重高端精装质量与顶级物业的增值口碑。,常年本地稳定居住，工作日职住通勤动线规则单一。
上_2008_01316,上海,2008,金融精英,50,女,4.8,28.9,0.4,54.3,4,0,否,A,research,1,0.36,0.68,0.59,0.81,0.84,0.7,0.73,0.85,自住-改善,两室两厅,79,4202,申银万国证券分析员,成熟期核心家庭,陆家嘴核心区江景大平层,无高端私密会所及管家式物业配套，圈层鱼龙混杂，高净值居住体验差。,讲究超高得房率（超85%），主卧套房必须配备独立步入式衣帽间与干湿分离双卫。,主要在陆家嘴/徐家汇CBD上班，首选地铁2/9号线沿线，通勤半小时内。,周末常去高端商圈消费，热衷打网球和马术，重度手冲咖啡及黑胶唱片发烧友。,名下已有企业股权套现或分红现金，一次性全款付清，基本不加杠杆,非仁恒、绿城、万科等金牌开发商不买，极度看重高端精装质量与顶级物业的增值口碑。,常年本地稳定居住，工作日职住通勤动线规则单一。
上_2008_01317,上海,2008,金融精英,43,男,6.9,43.2,0.4,80.9,3,0,否,A,research,0.6,0.46,0.7,0.47,0.71,0.92,0.74,0.85,0.91,自住-首套,两室两厅,51,10140,商业银行支行信贷科长,成熟期核心家庭,市中心私密洋房住宅,无高端私密会所及管家式物业配套，圈层鱼龙混杂，高净值居住体验差。,要求有超大面宽南向双阳台（观景家政分离），主卧大飘窗能270度直面自然景观。,主要在陆家嘴/徐家汇CBD上班，首选地铁2/9号线沿线，通勤半小时内。,周末常去高端商圈消费，热衷打网球和马术，重度手冲咖啡及黑胶唱片发烧友。,夫妻双方积蓄 + 双方父母出资赞助首付 + 公积金商业组合贷款,非仁恒、绿城、万科等金牌开发商不买，极度看重高端精装质量与顶级物业的增值口碑。,常年本地稳定居住，工作日职住通勤动线规则单一。
上_2008_01318,上海,2008,教育型买房,34,男,2.2,20.1,0.4,37.6,3,0,否,B,social,0.89,0.43,0.53,0.33,0.61,0.62,0.43,1,0.46,学区房,两室一厅,95,2018,邮政局局长秘书,新婚过渡两居,上海中环品质两居，车位及空间极其拥挤,老小区隔音差，邻里滋扰严重，且车位严重匮乏，每晚加班回来抢车位像打仗。,核心要求地块属于第一梯队名校学区，且周边500米内解决幼小衔接教育配套。,主要在陆家嘴/徐家汇CBD上班，首选地铁2/9号线沿线，通勤半小时内。,倡导轻户外，周末常带家人自驾野营或山系徒步，注重生活情调与手作咖啡。,名下持有一套旧两居，置换回款 65% + 个人理财储蓄补充 + 公积金商业贷,重性价比，不盲信大牌，但要求物业管理有序、绿化修剪及时、人防技防规范。,常年本地稳定居住，工作日职住通勤动线规则单一。
上_2008_01319,上海,2008,教育型买房,39,男,1.3,12.3,0.4,23.0,4,1,是,B,social,0.88,0.42,0.48,0.41,0.61,0.82,0.57,1,0.71,学区房,一室一厅,54,2438,区财政局科员,三口之家(学龄段),上海中环品质两居，车位及空间极其拥挤,小区无地下车库且人车不分流，小孩在楼下玩耍或者推婴儿车极为不安全。,讲究超高得房率（超85%），主卧套房必须配备独立步入式衣帽间与干湿分离双卫。,主要在陆家嘴/徐家汇CBD上班，首选地铁2/9号线沿线，通勤半小时内。,倡导轻户外，周末常带家人自驾野营或山系徒步，注重生活情调与手作咖啡。,名下持有一套旧两居，置换回款 65% + 个人理财储蓄补充 + 公积金商业贷,非仁恒、绿城、万科等金牌开发商不买，极度看重高端精装质量与顶级物业的增值口碑。,常年本地稳定居住，工作日职住通勤动线规则单一。
上_2008_01320,上海,2008,本地改善,38,女,3.2,41.4,0.45,69.1,3,1,否,B,agent,0.7,0.52,0.44,0.52,0.56,0.89,0.68,0.46,0.7,自住-改善,两室两厅,74,6794,国企车间技术主任,三口之家(学龄段),上海中环品质两居，车位及空间极其拥挤,小区无地下车库且人车不分流，小孩在楼下玩耍或者推婴儿车极为不安全。,讲究超高得房率（超85%），主卧套房必须配备独立步入式衣帽间与干湿分离双卫。,主要在陆家嘴/徐家汇CBD上班，首选地铁2/9号线沿线，通勤半小时内。,倡导轻户外，周末常带家人自驾野营或山系徒步，注重生活情调与手作咖啡。,名下持有一套旧两居，置换回款 65% + 个人理财储蓄补充 + 公积金商业贷,非仁恒、绿城、万科等金牌开发商不买，极度看重高端精装质量与顶级物业的增值口碑。,常年本地稳定居住，工作日职住通勤动线规则单一。
上_2008_01321,上海,2008,金融精英,41,男,3.9,26.8,0.4,50.2,3,1,否,A,research,0.68,0.53,0.69,0.64,0.73,0.82,0.76,0.77,0.82,自住-首套,一室一厅,84,4466,申银万国证券分析员,三口之家(学龄段),西湖边高精平层,无高端私密会所及管家式物业配套，圈层鱼龙混杂，高净值居住体验差。,讲究超高得房率（超85%），主卧套房必须配备独立步入式衣帽间与干湿分离双卫。,主要在陆家嘴/徐家汇CBD上班，首选地铁2/9号线沿线，通勤半小时内。,周末常去高端商圈消费，热衷打网球和马术，重度手冲咖啡及黑胶唱片发烧友。,夫妻双方积蓄 + 双方父母出资赞助首付 + 公积金商业组合贷款,非仁恒、绿城、万科等金牌开发商不买，极度看重高端精装质量与顶级物业的增值口碑。,常年本地稳定居住，工作日职住通勤动线规则单一。
上_2008_01322,上海,2008,本地改善,45,男,2.4,28.5,0.45,47.6,5,2,是,B,agent,0.88,0.51,0.61,0.55,0.69,0.85,0.57,0.78,0.73,自住-改善,一室一厅,53,6162,国企车间技术主任,二胎黄金期中大户型,上海中环品质两居，车位及空间极其拥挤,小区无地下车库且人车不分流，小孩在楼下玩耍或者推婴儿车极为不安全。,讲究超高得房率（超85%），主卧套房必须配备独立步入式衣帽间与干湿分离双卫。,主要在陆家嘴/徐家汇CBD上班，首选地铁2/9号线沿线，通勤半小时内。,倡导轻户外，周末常带家人自驾野营或山系徒步，注重生活情调与手作咖啡。,名下持有一套旧两居，置换回款 65% + 个人理财储蓄补充 + 公积金商业贷,非仁恒、绿城、万科等金牌开发商不买，极度看重高端精装质量与顶级物业的增值口碑。,常年本地稳定居住，工作日职住通勤动线规则单一。
上_2008_01323,上海,2008,教育型买房,44,女,2.6,18.1,0.4,33.9,3,1,否,B,social,0.89,0.48,0.36,0.57,0.69,0.93,0.61,0.94,0.61,学区房,两室两厅,93,2036,市第二中学地理教师,三口之家(学龄段),上海中环品质两居，车位及空间极其拥挤,小区无地下车库且人车不分流，小孩在楼下玩耍或者推婴儿车极为不安全。,讲究超高得房率（超85%），主卧套房必须配备独立步入式衣帽间与干湿分离双卫。,主要在陆家嘴/徐家汇CBD上班，首选地铁2/9号线沿线，通勤半小时内。,倡导轻户外，周末常带家人自驾野营或山系徒步，注重生活情调与手作咖啡。,名下持有一套旧两居，置换回款 65% + 个人理财储蓄补充 + 公积金商业贷,重性价比，不盲信大牌，但要求物业管理有序、绿化修剪及时、人防技防规范。,常年本地稳定居住，工作日职住通勤动线规则单一。
上_2008_01324,上海,2008,金融精英,48,男,2.1,13.9,0.4,26.0,2,1,是,A,research,0.38,0.53,0.78,0.73,0.82,0.75,0.59,0.89,0.76,自住-首套,一室一厅,66,3064,商业银行支行信贷科长,三口之家(学龄段),市中心私密洋房住宅,当前房屋属于旧多层无电梯房，父母年纪渐高每天爬楼梯极为吃力。,要求独立电梯入户，主次卧动线分明，配备独立保姆房和私密后院。,主要在陆家嘴/徐家汇CBD上班，首选地铁2/9号线沿线，通勤半小时内。,周末常去高端商圈消费，热衷打网球和马术，重度手冲咖啡及黑胶唱片发烧友。,夫妻双方积蓄 + 双方父母出资赞助首付 + 公积金商业组合贷款,非仁恒、绿城、万科等金牌开发商不买，极度看重高端精装质量与顶级物业的增值口碑。,常年本地稳定居住，工作日职住通勤动线规则单一。
上_2008_01325,上海,2008,本地改善,49,女,1.4,13.9,0.45,23.2,4,2,否,B,agent,0.6,0.46,0.45,0.51,0.53,0.92,0.66,0.63,0.54,自住-改善,一室一厅,97,2125,邮政局局长秘书,二胎黄金期中大户型,上海中环品质两居，车位及空间极其拥挤,小区无地下车库且人车不分流，小孩在楼下玩耍或者推婴儿车极为不安全。,讲究超高得房率（超85%），主卧套房必须配备独立步入式衣帽间与干湿分离双卫。,主要在陆家嘴/徐家汇CBD上班，首选地铁2/9号线沿线，通勤半小时内。,倡导轻户外，周末常带家人自驾野营或山系徒步，注重生活情调与手作咖啡。,名下持有一套旧两居，置换回款 65% + 个人理财储蓄补充 + 公积金商业贷,重性价比，不盲信大牌，但要求物业管理有序、绿化修剪及时、人防技防规范。,常年本地稳定居住，工作日职住通勤动线规则单一。
上_2008_01326,上海,2008,本地改善,51,男,1.8,20.2,0.45,33.7,4,3,否,B,agent,0.51,0.32,0.46,0.57,0.69,0.84,0.5,0.56,0.61,自住-改善,一室一厅,94,2307,国企车间技术主任,二胎黄金期中大户型,上海中环品质两居，车位及空间极其拥挤,小区无地下车库且人车不分流，小孩在楼下玩耍或者推婴儿车极为不安全。,讲究超高得房率（超85%），主卧套房必须配备独立步入式衣帽间与干湿分离双卫。,主要在陆家嘴/徐家汇CBD上班，首选地铁2/9号线沿线，通勤半小时内。,倡导轻户外，周末常带家人自驾野营或山系徒步，注重生活情调与手作咖啡。,名下持有一套旧两居，置换回款 65% + 个人理财储蓄补充 + 公积金商业贷,重性价比，不盲信大牌，但要求物业管理有序、绿化修剪及时、人防技防规范。,常年本地稳定居住，工作日职住通勤动线规则单一。
上_2008_01327,上海,2008,教育型买房,46,男,2.2,19.5,0.4,36.5,3,1,否,B,social,0.91,0.27,0.35,0.52,0.4,0.63,0.53,0.97,0.61,学区房,两室两厅,73,3586,邮政局局长秘书,三口之家(学龄段),上海中环品质两居，车位及空间极其拥挤,小区无地下车库且人车不分流，小孩在楼下玩耍或者推婴儿车极为不安全。,核心要求地块属于第一梯队名校学区，且周边500米内解决幼小衔接教育配套。,主要在陆家嘴/徐家汇CBD上班，首选地铁2/9号线沿线，通勤半小时内。,倡导轻户外，周末常带家人自驾野营或山系徒步，注重生活情调与手作咖啡。,名下持有一套旧两居，置换回款 65% + 个人理财储蓄补充 + 公积金商业贷,重性价比，不盲信大牌，但要求物业管理有序、绿化修剪及时、人防技防规范。,常年本地稳定居住，工作日职住通勤动线规则单一。
上_2008_01328,上海,2008,本地改善,50,男,2.3,26.0,0.45,43.4,4,3,否,B,agent,0.89,0.61,0.57,0.46,0.29,0.82,0.41,0.78,0.52,自住-改善,两室两厅,76,4112,市第二中学地理教师,二胎黄金期中大户型,上海中环品质两居，车位及空间极其拥挤,小区无地下车库且人车不分流，小孩在楼下玩耍或者推婴儿车极为不安全。,讲究超高得房率（超85%），主卧套房必须配备独立步入式衣帽间与干湿分离双卫。,主要在陆家嘴/徐家汇CBD上班，首选地铁2/9号线沿线，通勤半小时内。,倡导轻户外，周末常带家人自驾野营或山系徒步，注重生活情调与手作咖啡。,名下持有一套旧两居，置换回款 65% + 个人理财储蓄补充 + 公积金商业贷,重性价比，不盲信大牌，但要求物业管理有序、绿化修剪及时、人防技防规范。,常年本地稳定居住，工作日职住通勤动线规则单一。
上_2008_01329,上海,2008,本地改善,53,男,2.7,30.5,0.45,50.8,4,2,是,B,agent,0.9,0.46,0.58,0.46,0.51,0.75,0.48,0.78,0.57,自住-改善,两室一厅,71,3741,国企车间技术主任,二胎黄金期中大户型,上海中环品质两居，车位及空间极其拥挤,小区无地下车库且人车不分流，小孩在楼下玩耍或者推婴儿车极为不安全。,讲究超高得房率（超85%），主卧套房必须配备独立步入式衣帽间与干湿分离双卫。,主要在陆家嘴/徐家汇CBD上班，首选地铁2/9号线沿线，通勤半小时内。,倡导轻户外，周末常带家人自驾野营或山系徒步，注重生活情调与手作咖啡。,名下持有一套旧两居，置换回款 65% + 个人理财储蓄补充 + 公积金商业贷,重性价比，不盲信大牌，但要求物业管理有序、绿化修剪及时、人防技防规范。,常年本地稳定居住，工作日职住通勤动线规则单一。
上_2008_01330,上海,2008,金融精英,38,男,3.3,24.6,0.4,46.2,4,0,否,A,research,0.72,0.54,0.54,0.69,0.75,0.67,0.67,0.83,0.84,自住-改善,两室两厅,51,7986,商业银行支行信贷科长,成熟期核心家庭,陆家嘴核心区江景大平层,无高端私密会所及管家式物业配套，圈层鱼龙混杂，高净值居住体验差。,核心要求地块属于第一梯队名校学区，且周边500米内解决幼小衔接教育配套。,主要在陆家嘴/徐家汇CBD上班，首选地铁2/9号线沿线，通勤半小时内。,周末常去高端商圈消费，热衷打网球和马术，重度手冲咖啡及黑胶唱片发烧友。,名下已有企业股权套现或分红现金，一次性全款付清，基本不加杠杆,非仁恒、绿城、万科等金牌开发商不买，极度看重高端精装质量与顶级物业的增值口碑。,常年本地稳定居住，工作日职住通勤动线规则单一。
上_2008_01331,上海,2008,教育型买房,38,女,3.0,28.7,0.4,53.7,3,1,否,B,social,0.89,0.58,0.47,0.3,0.52,0.67,0.44,0.94,0.71,学区房,一室一厅,92,4846,区财政局科员,三口之家(学龄段),上海中环品质两居，车位及空间极其拥挤,小区无地下车库且人车不分流，小孩在楼下玩耍或者推婴儿车极为不安全。,核心要求地块属于第一梯队名校学区，且周边500米内解决幼小衔接教育配套。,主要在陆家嘴/徐家汇CBD上班，首选地铁2/9号线沿线，通勤半小时内。,倡导轻户外，周末常带家人自驾野营或山系徒步，注重生活情调与手作咖啡。,名下持有一套旧两居，置换回款 65% + 个人理财储蓄补充 + 公积金商业贷,非仁恒、绿城、万科等金牌开发商不买，极度看重高端精装质量与顶级物业的增值口碑。,常年本地稳定居住，工作日职住通勤动线规则单一。
上_2008_01332,上海,2008,本地改善,41,女,2.0,16.7,0.45,27.9,4,2,否,B,agent,0.78,0.38,0.54,0.59,0.55,0.92,0.61,0.51,0.58,自住-改善,两室两厅,55,3923,邮政局局长秘书,二胎黄金期中大户型,上海中环品质两居，车位及空间极其拥挤,小区无地下车库且人车不分流，小孩在楼下玩耍或者推婴儿车极为不安全。,讲究超高得房率（超85%），主卧套房必须配备独立步入式衣帽间与干湿分离双卫。,主要在陆家嘴/徐家汇CBD上班，首选地铁2/9号线沿线，通勤半小时内。,倡导轻户外，周末常带家人自驾野营或山系徒步，注重生活情调与手作咖啡。,名下持有一套旧两居，置换回款 65% + 个人理财储蓄补充 + 公积金商业贷,重性价比，不盲信大牌，但要求物业管理有序、绿化修剪及时、人防技防规范。,常年本地稳定居住，工作日职住通勤动线规则单一。
上_2008_01333,上海,2008,本地改善,43,男,1.9,15.7,0.45,26.1,4,3,否,B,agent,0.96,0.53,0.57,0.33,0.52,0.83,0.58,0.58,0.65,自住-改善,一室一厅,98,1469,区财政局科员,二胎黄金期中大户型,上海中环品质两居，车位及空间极其拥挤,小区无地下车库且人车不分流，小孩在楼下玩耍或者推婴儿车极为不安全。,讲究超高得房率（超85%），主卧套房必须配备独立步入式衣帽间与干湿分离双卫。,主要在陆家嘴/徐家汇CBD上班，首选地铁2/9号线沿线，通勤半小时内。,倡导轻户外，周末常带家人自驾野营或山系徒步，注重生活情调与手作咖啡。,名下持有一套旧两居，置换回款 65% + 个人理财储蓄补充 + 公积金商业贷,重性价比，不盲信大牌，但要求物业管理有序、绿化修剪及时、人防技防规范。,常年本地稳定居住，工作日职住通勤动线规则单一。
上_2008_01334,上海,2008,本地改善,53,女,3.2,23.3,0.45,38.9,3,1,否,B,agent,0.75,0.52,0.63,0.55,0.59,0.76,0.61,0.61,0.53,自住-改善,两室两厅,98,2845,国企车间技术主任,三口之家(学龄段),上海中环品质两居，车位及空间极其拥挤,小区无地下车库且人车不分流，小孩在楼下玩耍或者推婴儿车极为不安全。,讲究超高得房率（超85%），主卧套房必须配备独立步入式衣帽间与干湿分离双卫。,主要在陆家嘴/徐家汇CBD上班，首选地铁2/9号线沿线，通勤半小时内。,倡导轻户外，周末常带家人自驾野营或山系徒步，注重生活情调与手作咖啡。,名下持有一套旧两居，置换回款 65% + 个人理财储蓄补充 + 公积金商业贷,重性价比，不盲信大牌，但要求物业管理有序、绿化修剪及时、人防技防规范。,常年本地稳定居住，工作日职住通勤动线规则单一。
上_2008_01335,上海,2008,教育型买房,39,女,5.9,37.4,0.4,70.0,3,1,否,B,social,1,0.57,0.4,0.49,0.6,0.7,0.57,0.96,0.63,学区房,一室一厅,92,6362,邮政局局长秘书,三口之家(学龄段),上海中环品质两居，车位及空间极其拥挤,小区无地下车库且人车不分流，小孩在楼下玩耍或者推婴儿车极为不安全。,核心要求地块属于第一梯队名校学区，且周边500米内解决幼小衔接教育配套。,主要在陆家嘴/徐家汇CBD上班，首选地铁2/9号线沿线，通勤半小时内。,倡导轻户外，周末常带家人自驾野营或山系徒步，注重生活情调与手作咖啡。,名下持有一套旧两居，置换回款 65% + 个人理财储蓄补充 + 公积金商业贷,重性价比，不盲信大牌，但要求物业管理有序、绿化修剪及时、人防技防规范。,常年本地稳定居住，工作日职住通勤动线规则单一。
上_2008_01336,上海,2008,本地改善,58,男,2.3,29.5,0.45,49.2,4,2,是,B,agent,0.71,0.51,0.49,0.63,0.53,0.86,0.56,0.68,0.56,自住-改善,一室一厅,70,5223,市第二中学地理教师,二胎黄金期中大户型,上海中环品质两居，车位及空间极其拥挤,小区无地下车库且人车不分流，小孩在楼下玩耍或者推婴儿车极为不安全。,讲究超高得房率（超85%），主卧套房必须配备独立步入式衣帽间与干湿分离双卫。,主要在陆家嘴/徐家汇CBD上班，首选地铁2/9号线沿线，通勤半小时内。,倡导轻户外，周末常带家人自驾野营或山系徒步，注重生活情调与手作咖啡。,名下持有一套旧两居，置换回款 65% + 个人理财储蓄补充 + 公积金商业贷,重性价比，不盲信大牌，但要求物业管理有序、绿化修剪及时、人防技防规范。,常年本地稳定居住，工作日职住通勤动线规则单一。
上_2008_01337,上海,2008,金融精英,32,男,9.5,97.4,0.4,182.7,4,1,否,A,research,0.41,0.58,0.67,0.62,0.66,0.73,0.8,0.81,0.85,自住-首套,三室两厅,150,7877,老牌证券公司营业部经理,三口之家(幼龄段),陆家嘴核心区江景大平层,无高端私密会所及管家式物业配套，圈层鱼龙混杂，高净值居住体验差。,讲究超高得房率（超85%），主卧套房必须配备独立步入式衣帽间与干湿分离双卫。,主要在陆家嘴/徐家汇CBD上班，首选地铁2/9号线沿线，通勤半小时内。,周末常去高端商圈消费，热衷打网球和马术，重度手冲咖啡及黑胶唱片发烧友。,夫妻双方积蓄 + 双方父母出资赞助首付 + 公积金商业组合贷款,非仁恒、绿城、万科等金牌开发商不买，极度看重高端精装质量与顶级物业的增值口碑。,常年本地稳定居住，工作日职住通勤动线规则单一。
上_2008_01338,上海,2008,教育型买房,47,女,1.8,13.7,0.4,25.6,3,2,是,B,social,1,0.45,0.43,0.43,0.68,0.6,0.58,1,0.69,学区房,两室一厅,89,2237,邮政局局长秘书,二胎黄金期中大户型,上海中环品质两居，车位及空间极其拥挤,小区无地下车库且人车不分流，小孩在楼下玩耍或者推婴儿车极为不安全。,核心要求地块属于第一梯队名校学区，且周边500米内解决幼小衔接教育配套。,主要在陆家嘴/徐家汇CBD上班，首选地铁2/9号线沿线，通勤半小时内。,倡导轻户外，周末常带家人自驾野营或山系徒步，注重生活情调与手作咖啡。,名下持有一套旧两居，置换回款 65% + 个人理财储蓄补充 + 公积金商业贷,重性价比，不盲信大牌，但要求物业管理有序、绿化修剪及时、人防技防规范。,常年本地稳定居住，工作日职住通勤动线规则单一。
上_2008_01339,上海,2008,教育型买房,44,男,2.7,15.9,0.4,29.8,3,1,否,B,social,0.92,0.41,0.29,0.34,0.68,0.7,0.58,0.92,0.67,学区房,两室两厅,87,2027,邮政局局长秘书,三口之家(学龄段),上海中环品质两居，车位及空间极其拥挤,小区无地下车库且人车不分流，小孩在楼下玩耍或者推婴儿车极为不安全。,核心要求地块属于第一梯队名校学区，且周边500米内解决幼小衔接教育配套。,主要在陆家嘴/徐家汇CBD上班，首选地铁2/9号线沿线，通勤半小时内。,倡导轻户外，周末常带家人自驾野营或山系徒步，注重生活情调与手作咖啡。,名下持有一套旧两居，置换回款 65% + 个人理财储蓄补充 + 公积金商业贷,重性价比，不盲信大牌，但要求物业管理有序、绿化修剪及时、人防技防规范。,常年本地稳定居住，工作日职住通勤动线规则单一。
上_2008_01340,上海,2008,本地改善,56,男,2.6,27.6,0.45,46.0,4,2,否,B,agent,0.86,0.43,0.56,0.54,0.46,0.79,0.63,0.69,0.63,自住-改善,两室一厅,88,3341,区财政局科员,二胎黄金期中大户型,上海中环品质两居，车位及空间极其拥挤,小区无地下车库且人车不分流，小孩在楼下玩耍或者推婴儿车极为不安全。,讲究超高得房率（超85%），主卧套房必须配备独立步入式衣帽间与干湿分离双卫。,主要在陆家嘴/徐家汇CBD上班，首选地铁2/9号线沿线，通勤半小时内。,倡导轻户外，周末常带家人自驾野营或山系徒步，注重生活情调与手作咖啡。,名下持有一套旧两居，置换回款 65% + 个人理财储蓄补充 + 公积金商业贷,重性价比，不盲信大牌，但要求物业管理有序、绿化修剪及时、人防技防规范。,常年本地稳定居住，工作日职住通勤动线规则单一。
上_2008_01341,上海,2008,金融精英,41,女,3.7,33.4,0.4,62.6,4,1,是,A,research,0.51,0.57,0.47,0.51,0.85,0.68,0.75,0.7,0.88,自住-首套,两室一厅,64,6843,商业银行支行信贷科长,三口之家(学龄段),西湖边高精平层,当前房屋属于旧多层无电梯房，父母年纪渐高每天爬楼梯极为吃力。,核心要求地块属于第一梯队名校学区，且周边500米内解决幼小衔接教育配套。,主要在陆家嘴/徐家汇CBD上班，首选地铁2/9号线沿线，通勤半小时内。,周末常去高端商圈消费，热衷打网球和马术，重度手冲咖啡及黑胶唱片发烧友。,夫妻双方积蓄 + 双方父母出资赞助首付 + 公积金商业组合贷款,非仁恒、绿城、万科等金牌开发商不买，极度看重高端精装质量与顶级物业的增值口碑。,常年本地稳定居住，工作日职住通勤动线规则单一。
上_2008_01342,上海,2008,本地改善,42,男,2.6,32.4,0.45,54.0,4,2,是,B,agent,0.72,0.57,0.61,0.64,0.67,0.77,0.66,0.57,0.61,自住-改善,一室一厅,68,5966,邮政局局长秘书,二胎黄金期中大户型,上海中环品质两居，车位及空间极其拥挤,小区无地下车库且人车不分流，小孩在楼下玩耍或者推婴儿车极为不安全。,讲究超高得房率（超85%），主卧套房必须配备独立步入式衣帽间与干湿分离双卫。,主要在陆家嘴/徐家汇CBD上班，首选地铁2/9号线沿线，通勤半小时内。,倡导轻户外，周末常带家人自驾野营或山系徒步，注重生活情调与手作咖啡。,名下持有一套旧两居，置换回款 65% + 个人理财储蓄补充 + 公积金商业贷,重性价比，不盲信大牌，但要求物业管理有序、绿化修剪及时、人防技防规范。,常年本地稳定居住，工作日职住通勤动线规则单一。
上_2008_01343,上海,2008,本地改善,49,男,2.9,34.4,0.45,57.4,4,1,否,B,agent,0.73,0.64,0.61,0.6,0.6,0.77,0.52,0.82,0.56,自住-改善,两室两厅,83,4097,国企车间技术主任,三口之家(学龄段),上海中环品质两居，车位及空间极其拥挤,小区无地下车库且人车不分流，小孩在楼下玩耍或者推婴儿车极为不安全。,讲究超高得房率（超85%），主卧套房必须配备独立步入式衣帽间与干湿分离双卫。,主要在陆家嘴/徐家汇CBD上班，首选地铁2/9号线沿线，通勤半小时内。,倡导轻户外，周末常带家人自驾野营或山系徒步，注重生活情调与手作咖啡。,名下持有一套旧两居，置换回款 65% + 个人理财储蓄补充 + 公积金商业贷,重性价比，不盲信大牌，但要求物业管理有序、绿化修剪及时、人防技防规范。,常年本地稳定居住，工作日职住通勤动线规则单一。
上_2008_01344,上海,2008,本地改善,51,女,3.7,47.7,0.45,79.4,3,1,否,B,agent,0.7,0.46,0.61,0.47,0.39,0.93,0.68,0.6,0.59,自住-改善,一室一厅,74,7590,市第二中学地理教师,三口之家(学龄段),上海中环品质两居，车位及空间极其拥挤,小区无地下车库且人车不分流，小孩在楼下玩耍或者推婴儿车极为不安全。,讲究超高得房率（超85%），主卧套房必须配备独立步入式衣帽间与干湿分离双卫。,主要在陆家嘴/徐家汇CBD上班，首选地铁2/9号线沿线，通勤半小时内。,倡导轻户外，周末常带家人自驾野营或山系徒步，注重生活情调与手作咖啡。,名下持有一套旧两居，置换回款 65% + 个人理财储蓄补充 + 公积金商业贷,重性价比，不盲信大牌，但要求物业管理有序、绿化修剪及时、人防技防规范。,常年本地稳定居住，工作日职住通勤动线规则单一。
上_2008_01345,上海,2008,本地改善,55,女,2.2,28.2,0.45,47.0,3,2,否,B,agent,0.72,0.46,0.49,0.43,0.59,0.86,0.48,0.59,0.67,自住-改善,一室一厅,77,5256,市第二中学地理教师,二胎黄金期中大户型,上海中环品质两居，车位及空间极其拥挤,小区无地下车库且人车不分流，小孩在楼下玩耍或者推婴儿车极为不安全。,讲究超高得房率（超85%），主卧套房必须配备独立步入式衣帽间与干湿分离双卫。,主要在陆家嘴/徐家汇CBD上班，首选地铁2/9号线沿线，通勤半小时内。,倡导轻户外，周末常带家人自驾野营或山系徒步，注重生活情调与手作咖啡。,名下持有一套旧两居，置换回款 65% + 个人理财储蓄补充 + 公积金商业贷,重性价比，不盲信大牌，但要求物业管理有序、绿化修剪及时、人防技防规范。,常年本地稳定居住，工作日职住通勤动线规则单一。
上_2008_01346,上海,2008,金融精英,43,女,7.0,58.9,0.4,110.4,4,1,否,A,research,0.88,0.43,0.6,0.59,0.8,0.81,0.63,0.81,0.74,自住-首套,一室一厅,95,6691,申银万国证券分析员,三口之家(学龄段),陆家嘴核心区江景大平层,无高端私密会所及管家式物业配套，圈层鱼龙混杂，高净值居住体验差。,讲究超高得房率（超85%），主卧套房必须配备独立步入式衣帽间与干湿分离双卫。,主要在陆家嘴/徐家汇CBD上班，首选地铁2/9号线沿线，通勤半小时内。,周末常去高端商圈消费，热衷打网球和马术，重度手冲咖啡及黑胶唱片发烧友。,夫妻双方积蓄 + 双方父母出资赞助首付 + 公积金商业组合贷款,非仁恒、绿城、万科等金牌开发商不买，极度看重高端精装质量与顶级物业的增值口碑。,常年本地稳定居住，工作日职住通勤动线规则单一。
上_2008_01347,上海,2008,本地改善,39,男,1.9,22.5,0.45,37.5,4,3,是,B,agent,0.54,0.5,0.35,0.55,0.52,0.87,0.68,0.79,0.67,自住-改善,两室两厅,84,3768,国企车间技术主任,二胎黄金期中大户型,上海中环品质两居，车位及空间极其拥挤,小区无地下车库且人车不分流，小孩在楼下玩耍或者推婴儿车极为不安全。,讲究超高得房率（超85%），主卧套房必须配备独立步入式衣帽间与干湿分离双卫。,主要在陆家嘴/徐家汇CBD上班，首选地铁2/9号线沿线，通勤半小时内。,倡导轻户外，周末常带家人自驾野营或山系徒步，注重生活情调与手作咖啡。,名下持有一套旧两居，置换回款 65% + 个人理财储蓄补充 + 公积金商业贷,重性价比，不盲信大牌，但要求物业管理有序、绿化修剪及时、人防技防规范。,常年本地稳定居住，工作日职住通勤动线规则单一。
上_2008_01348,上海,2008,本地改善,55,男,1.8,14.8,0.45,24.7,5,2,是,B,agent,0.57,0.52,0.67,0.56,0.57,0.94,0.58,0.76,0.61,自住-改善,一室一厅,57,3107,区财政局科员,二胎黄金期中大户型,上海中环品质两居，车位及空间极其拥挤,小区无地下车库且人车不分流，小孩在楼下玩耍或者推婴儿车极为不安全。,讲究超高得房率（超85%），主卧套房必须配备独立步入式衣帽间与干湿分离双卫。,主要在陆家嘴/徐家汇CBD上班，首选地铁2/9号线沿线，通勤半小时内。,倡导轻户外，周末常带家人自驾野营或山系徒步，注重生活情调与手作咖啡。,名下持有一套旧两居，置换回款 65% + 个人理财储蓄补充 + 公积金商业贷,重性价比，不盲信大牌，但要求物业管理有序、绿化修剪及时、人防技防规范。,常年本地稳定居住，工作日职住通勤动线规则单一。
上_2008_01349,上海,2008,本地改善,44,女,1.3,16.7,0.45,27.8,5,2,否,B,agent,0.77,0.56,0.6,0.43,0.45,0.88,0.64,0.68,0.69,自住-改善,两室一厅,79,3114,市第二中学地理教师,二胎黄金期中大户型,上海中环品质两居，车位及空间极其拥挤,小区无地下车库且人车不分流，小孩在楼下玩耍或者推婴儿车极为不安全。,讲究超高得房率（超85%），主卧套房必须配备独立步入式衣帽间与干湿分离双卫。,主要在陆家嘴/徐家汇CBD上班，首选地铁2/9号线沿线，通勤半小时内。,倡导轻户外，周末常带家人自驾野营或山系徒步，注重生活情调与手作咖啡。,名下持有一套旧两居，置换回款 65% + 个人理财储蓄补充 + 公积金商业贷,重性价比，不盲信大牌，但要求物业管理有序、绿化修剪及时、人防技防规范。,常年本地稳定居住，工作日职住通勤动线规则单一。
上_2008_01350,上海,2008,本地改善,41,女,3.0,30.0,0.45,50.1,4,2,否,B,agent,0.97,0.5,0.55,0.49,0.46,0.8,0.7,0.71,0.61,自住-改善,两室两厅,54,6686,邮政局局长秘书,二胎黄金期中大户型,上海中环品质两居，车位及空间极其拥挤,小区无地下车库且人车不分流，小孩在楼下玩耍或者推婴儿车极为不安全。,讲究超高得房率（超85%），主卧套房必须配备独立步入式衣帽间与干湿分离双卫。,主要在陆家嘴/徐家汇CBD上班，首选地铁2/9号线沿线，通勤半小时内。,倡导轻户外，周末常带家人自驾野营或山系徒步，注重生活情调与手作咖啡。,名下持有一套旧两居，置换回款 65% + 个人理财储蓄补充 + 公积金商业贷,重性价比，不盲信大牌，但要求物业管理有序、绿化修剪及时、人防技防规范。,常年本地稳定居住，工作日职住通勤动线规则单一。
上_2008_01351,上海,2008,长三角家庭,36,女,1.5,13.1,0.45,21.8,4,1,否,B,agent,0.79,0.62,0.52,0.43,0.34,0.75,0.52,0.67,0.64,自住-首套,两室一厅,56,3419,区财政局科员,三口之家(幼龄段),上海中环品质两居，车位及空间极其拥挤,小区无地下车库且人车不分流，小孩在楼下玩耍或者推婴儿车极为不安全。,讲究超高得房率（超85%），主卧套房必须配备独立步入式衣帽间与干湿分离双卫。,主要在陆家嘴/徐家汇CBD上班，首选地铁2/9号线沿线，通勤半小时内。,倡导轻户外，周末常带家人自驾野营或山系徒步，注重生活情调与手作咖啡。,夫妻双方积蓄 + 双方父母出资赞助首付 + 公积金商业组合贷款,重性价比，不盲信大牌，但要求物业管理有序、绿化修剪及时、人防技防规范。,常年本地稳定居住，工作日职住通勤动线规则单一。
上_2008_01352,上海,2008,本地改善,47,女,1.3,10.8,0.45,18.0,4,2,是,B,agent,0.51,0.52,0.55,0.48,0.6,0.99,0.59,0.79,0.6,自住-改善,两室两厅,88,1094,市第二中学地理教师,二胎黄金期中大户型,上海中环品质两居，车位及空间极其拥挤,小区无地下车库且人车不分流，小孩在楼下玩耍或者推婴儿车极为不安全。,讲究超高得房率（超85%），主卧套房必须配备独立步入式衣帽间与干湿分离双卫。,主要在陆家嘴/徐家汇CBD上班，首选地铁2/9号线沿线，通勤半小时内。,倡导轻户外，周末常带家人自驾野营或山系徒步，注重生活情调与手作咖啡。,名下持有一套旧两居，置换回款 65% + 个人理财储蓄补充 + 公积金商业贷,重性价比，不盲信大牌，但要求物业管理有序、绿化修剪及时、人防技防规范。,常年本地稳定居住，工作日职住通勤动线规则单一。
上_2008_01353,上海,2008,长三角家庭,52,女,2.7,17.8,0.45,29.7,4,2,否,B,agent,0.69,0.42,0.55,0.56,0.51,0.86,0.51,0.65,0.69,自住-首套,一室一厅,51,3975,国企车间技术主任,二胎黄金期中大户型,上海中环品质两居，车位及空间极其拥挤,小区无地下车库且人车不分流，小孩在楼下玩耍或者推婴儿车极为不安全。,讲究超高得房率（超85%），主卧套房必须配备独立步入式衣帽间与干湿分离双卫。,主要在陆家嘴/徐家汇CBD上班，首选地铁2/9号线沿线，通勤半小时内。,倡导轻户外，周末常带家人自驾野营或山系徒步，注重生活情调与手作咖啡。,夫妻双方积蓄 + 双方父母出资赞助首付 + 公积金商业组合贷款,重性价比，不盲信大牌，但要求物业管理有序、绿化修剪及时、人防技防规范。,常年本地稳定居住，工作日职住通勤动线规则单一。
上_2008_01354,上海,2008,金融精英,48,女,2.0,14.0,0.4,26.2,4,1,否,A,research,0.86,0.41,0.66,0.58,0.79,0.63,0.63,0.87,0.81,自住-首套,两室两厅,98,2044,老牌证券公司营业部经理,三口之家(学龄段),陆家嘴核心区江景大平层,无高端私密会所及管家式物业配套，圈层鱼龙混杂，高净值居住体验差。,核心要求地块属于第一梯队名校学区，且周边500米内解决幼小衔接教育配套。,主要在陆家嘴/徐家汇CBD上班，首选地铁2/9号线沿线，通勤半小时内。,周末常去高端商圈消费，热衷打网球和马术，重度手冲咖啡及黑胶唱片发烧友。,夫妻双方积蓄 + 双方父母出资赞助首付 + 公积金商业组合贷款,非仁恒、绿城、万科等金牌开发商不买，极度看重高端精装质量与顶级物业的增值口碑。,常年本地稳定居住，工作日职住通勤动线规则单一。
上_2008_01355,上海,2008,教育型买房,40,男,3.7,21.9,0.4,41.1,4,1,是,B,social,0.94,0.45,0.36,0.31,0.54,0.71,0.54,0.95,0.75,学区房,两室一厅,74,4240,市第二中学地理教师,三口之家(学龄段),上海中环品质两居，车位及空间极其拥挤,小区无地下车库且人车不分流，小孩在楼下玩耍或者推婴儿车极为不安全。,讲究超高得房率（超85%），主卧套房必须配备独立步入式衣帽间与干湿分离双卫。,主要在陆家嘴/徐家汇CBD上班，首选地铁2/9号线沿线，通勤半小时内。,倡导轻户外，周末常带家人自驾野营或山系徒步，注重生活情调与手作咖啡。,名下持有一套旧两居，置换回款 65% + 个人理财储蓄补充 + 公积金商业贷,非仁恒、绿城、万科等金牌开发商不买，极度看重高端精装质量与顶级物业的增值口碑。,常年本地稳定居住，工作日职住通勤动线规则单一。
上_2008_01356,上海,2008,金融精英,35,女,7.7,66.4,0.4,124.5,2,1,否,A,research,0.78,0.36,0.7,0.69,0.79,0.72,0.65,0.75,0.78,自住-首套,一室一厅,62,10330,申银万国证券分析员,三口之家(幼龄段),陆家嘴核心区江景大平层,无高端私密会所及管家式物业配套，圈层鱼龙混杂，高净值居住体验差。,要求有超大面宽南向双阳台（观景家政分离），主卧大飘窗能270度直面自然景观。,主要在陆家嘴/徐家汇CBD上班，首选地铁2/9号线沿线，通勤半小时内。,周末常去高端商圈消费，热衷打网球和马术，重度手冲咖啡及黑胶唱片发烧友。,夫妻双方积蓄 + 双方父母出资赞助首付 + 公积金商业组合贷款,非仁恒、绿城、万科等金牌开发商不买，极度看重高端精装质量与顶级物业的增值口碑。,常年本地稳定居住，工作日职住通勤动线规则单一。
上_2008_01357,上海,2008,本地改善,49,男,1.7,17.8,0.45,29.6,4,2,否,B,agent,0.85,0.55,0.57,0.4,0.54,0.88,0.49,0.72,0.68,自住-改善,两室一厅,86,2084,区财政局科员,二胎黄金期中大户型,上海中环品质两居，车位及空间极其拥挤,小区无地下车库且人车不分流，小孩在楼下玩耍或者推婴儿车极为不安全。,讲究超高得房率（超85%），主卧套房必须配备独立步入式衣帽间与干湿分离双卫。,主要在陆家嘴/徐家汇CBD上班，首选地铁2/9号线沿线，通勤半小时内。,倡导轻户外，周末常带家人自驾野营或山系徒步，注重生活情调与手作咖啡。,名下持有一套旧两居，置换回款 65% + 个人理财储蓄补充 + 公积金商业贷,重性价比，不盲信大牌，但要求物业管理有序、绿化修剪及时、人防技防规范。,常年本地稳定居住，工作日职住通勤动线规则单一。
上_2008_01358,上海,2008,金融精英,45,女,3.9,25.8,0.4,48.4,2,2,否,A,research,0.74,0.42,0.64,0.5,0.71,0.73,0.6,0.96,0.69,自住-改善,一室一厅,53,7999,申银万国证券分析员,二胎黄金期中大户型,市中心私密洋房住宅,无高端私密会所及管家式物业配套，圈层鱼龙混杂，高净值居住体验差。,讲究超高得房率（超85%），主卧套房必须配备独立步入式衣帽间与干湿分离双卫。,主要在陆家嘴/徐家汇CBD上班，首选地铁2/9号线沿线，通勤半小时内。,周末常去高端商圈消费，热衷打网球和马术，重度手冲咖啡及黑胶唱片发烧友。,名下已有企业股权套现或分红现金，一次性全款付清，基本不加杠杆,重性价比，不盲信大牌，但要求物业管理有序、绿化修剪及时、人防技防规范。,常年本地稳定居住，工作日职住通勤动线规则单一。
上_2008_01359,上海,2008,本地改善,48,女,0.8,6.3,0.45,10.5,4,2,是,B,agent,0.8,0.42,0.6,0.55,0.5,0.84,0.58,0.7,0.66,自住-改善,两室两厅,58,1062,区财政局科员,二胎黄金期中大户型,上海中环品质两居，车位及空间极其拥挤,小区无地下车库且人车不分流，小孩在楼下玩耍或者推婴儿车极为不安全。,讲究超高得房率（超85%），主卧套房必须配备独立步入式衣帽间与干湿分离双卫。,主要在陆家嘴/徐家汇CBD上班，首选地铁2/9号线沿线，通勤半小时内。,倡导轻户外，周末常带家人自驾野营或山系徒步，注重生活情调与手作咖啡。,名下持有一套旧两居，置换回款 65% + 个人理财储蓄补充 + 公积金商业贷,重性价比，不盲信大牌，但要求物业管理有序、绿化修剪及时、人防技防规范。,常年本地稳定居住，工作日职住通勤动线规则单一。
上_2008_01360,上海,2008,本地改善,56,男,2.0,18.5,0.45,30.8,4,2,是,B,agent,0.41,0.41,0.58,0.35,0.64,0.87,0.61,0.58,0.6,自住-改善,一室一厅,67,3643,市第二中学地理教师,二胎黄金期中大户型,上海中环品质两居，车位及空间极其拥挤,小区无地下车库且人车不分流，小孩在楼下玩耍或者推婴儿车极为不安全。,讲究超高得房率（超85%），主卧套房必须配备独立步入式衣帽间与干湿分离双卫。,主要在陆家嘴/徐家汇CBD上班，首选地铁2/9号线沿线，通勤半小时内。,倡导轻户外，周末常带家人自驾野营或山系徒步，注重生活情调与手作咖啡。,名下持有一套旧两居，置换回款 65% + 个人理财储蓄补充 + 公积金商业贷,重性价比，不盲信大牌，但要求物业管理有序、绿化修剪及时、人防技防规范。,常年本地稳定居住，工作日职住通勤动线规则单一。
上_2008_01361,上海,2008,外籍海归,34,女,5.6,30.8,0.4,57.7,4,1,否,A,social,0.79,0.38,0.62,0.44,0.72,0.8,0.71,0.83,0.64,婚房,两室一厅,51,5742,合资日化企业技术主管,三口之家(幼龄段),陆家嘴核心区江景大平层,无高端私密会所及管家式物业配套，圈层鱼龙混杂，高净值居住体验差。,讲究超高得房率（超85%），主卧套房必须配备独立步入式衣帽间与干湿分离双卫。,主要在陆家嘴/徐家汇CBD上班，首选地铁2/9号线沿线，通勤半小时内。,周末常去高端商圈消费，热衷打网球和马术，重度手冲咖啡及黑胶唱片发烧友。,夫妻双方积蓄 + 双方父母出资赞助首付 + 公积金商业组合贷款,重性价比，不盲信大牌，但要求物业管理有序、绿化修剪及时、人防技防规范。,常年本地稳定居住，工作日职住通勤动线规则单一。
上_2008_01362,上海,2008,本地改善,52,男,2.7,22.3,0.45,37.2,3,2,是,B,agent,0.79,0.52,0.47,0.65,0.56,0.83,0.55,0.68,0.68,自住-改善,两室两厅,96,2817,邮政局局长秘书,二胎黄金期中大户型,上海中环品质两居，车位及空间极其拥挤,小区无地下车库且人车不分流，小孩在楼下玩耍或者推婴儿车极为不安全。,讲究超高得房率（超85%），主卧套房必须配备独立步入式衣帽间与干湿分离双卫。,主要在陆家嘴/徐家汇CBD上班，首选地铁2/9号线沿线，通勤半小时内。,倡导轻户外，周末常带家人自驾野营或山系徒步，注重生活情调与手作咖啡。,名下持有一套旧两居，置换回款 65% + 个人理财储蓄补充 + 公积金商业贷,重性价比，不盲信大牌，但要求物业管理有序、绿化修剪及时、人防技防规范。,常年本地稳定居住，工作日职住通勤动线规则单一。
上_2008_01363,上海,2008,金融精英,38,女,6.9,43.5,0.4,81.6,3,1,是,A,research,0.52,0.48,0.65,0.6,0.78,0.75,0.77,0.91,0.84,自住-首套,两室一厅,100,6611,商业银行支行信贷科长,三口之家(学龄段),西湖边高精平层,当前房屋属于旧多层无电梯房，父母年纪渐高每天爬楼梯极为吃力。,讲究超高得房率（超85%），主卧套房必须配备独立步入式衣帽间与干湿分离双卫。,主要在陆家嘴/徐家汇CBD上班，首选地铁2/9号线沿线，通勤半小时内。,周末常去高端商圈消费，热衷打网球和马术，重度手冲咖啡及黑胶唱片发烧友。,夫妻双方积蓄 + 双方父母出资赞助首付 + 公积金商业组合贷款,非仁恒、绿城、万科等金牌开发商不买，极度看重高端精装质量与顶级物业的增值口碑。,常年本地稳定居住，工作日职住通勤动线规则单一。
上_2008_01364,上海,2008,教育型买房,47,男,3.5,19.8,0.4,37.1,3,1,是,B,social,1,0.54,0.32,0.32,0.51,0.81,0.65,0.91,0.51,学区房,两室两厅,84,3470,国企车间技术主任,三口之家(学龄段),上海中环品质两居，车位及空间极其拥挤,小区无地下车库且人车不分流，小孩在楼下玩耍或者推婴儿车极为不安全。,讲究超高得房率（超85%），主卧套房必须配备独立步入式衣帽间与干湿分离双卫。,主要在陆家嘴/徐家汇CBD上班，首选地铁2/9号线沿线，通勤半小时内。,倡导轻户外，周末常带家人自驾野营或山系徒步，注重生活情调与手作咖啡。,名下持有一套旧两居，置换回款 65% + 个人理财储蓄补充 + 公积金商业贷,重性价比，不盲信大牌，但要求物业管理有序、绿化修剪及时、人防技防规范。,常年本地稳定居住，工作日职住通勤动线规则单一。
上_2008_01365,上海,2008,本地改善,55,女,1.9,24.4,0.45,40.6,3,1,否,B,agent,0.79,0.71,0.46,0.63,0.63,0.9,0.65,0.7,0.43,自住-改善,两室一厅,57,6189,国企车间技术主任,三口之家(学龄段),上海中环品质两居，车位及空间极其拥挤,小区无地下车库且人车不分流，小孩在楼下玩耍或者推婴儿车极为不安全。,讲究超高得房率（超85%），主卧套房必须配备独立步入式衣帽间与干湿分离双卫。,主要在陆家嘴/徐家汇CBD上班，首选地铁2/9号线沿线，通勤半小时内。,倡导轻户外，周末常带家人自驾野营或山系徒步，注重生活情调与手作咖啡。,名下持有一套旧两居，置换回款 65% + 个人理财储蓄补充 + 公积金商业贷,重性价比，不盲信大牌，但要求物业管理有序、绿化修剪及时、人防技防规范。,常年本地稳定居住，工作日职住通勤动线规则单一。
上_2008_01366,上海,2008,本地改善,47,男,1.5,15.6,0.45,26.0,3,2,否,B,agent,0.76,0.55,0.51,0.52,0.58,0.7,0.64,0.64,0.6,自住-改善,一室一厅,62,2654,区财政局科员,二胎黄金期中大户型,上海中环品质两居，车位及空间极其拥挤,小区无地下车库且人车不分流，小孩在楼下玩耍或者推婴儿车极为不安全。,要求采光通透，全明户型，带多功能嵌入式收纳墙以最大化空间利用。,主要在陆家嘴/徐家汇CBD上班，首选地铁2/9号线沿线，通勤半小时内。,倡导轻户外，周末常带家人自驾野营或山系徒步，注重生活情调与手作咖啡。,名下持有一套旧两居，置换回款 65% + 个人理财储蓄补充 + 公积金商业贷,重性价比，不盲信大牌，但要求物业管理有序、绿化修剪及时、人防技防规范。,常年本地稳定居住，工作日职住通勤动线规则单一。
上_2008_01367,上海,2008,金融精英,35,女,7.1,53.6,0.4,100.5,3,1,否,A,research,0.5,0.5,0.65,0.74,0.69,0.84,0.69,0.89,0.79,自住-首套,两室两厅,70,12262,申银万国证券分析员,三口之家(幼龄段),市中心私密洋房住宅,无高端私密会所及管家式物业配套，圈层鱼龙混杂，高净值居住体验差。,要求独立电梯入户，主次卧动线分明，配备独立保姆房和私密后院。,主要在陆家嘴/徐家汇CBD上班，首选地铁2/9号线沿线，通勤半小时内。,周末常去高端商圈消费，热衷打网球和马术，重度手冲咖啡及黑胶唱片发烧友。,夫妻双方积蓄 + 双方父母出资赞助首付 + 公积金商业组合贷款,非仁恒、绿城、万科等金牌开发商不买，极度看重高端精装质量与顶级物业的增值口碑。,常年本地稳定居住，工作日职住通勤动线规则单一。
上_2008_01368,上海,2008,教育型买房,39,男,2.9,29.0,0.4,54.4,3,0,否,B,social,0.84,0.54,0.42,0.38,0.55,0.65,0.54,1,0.58,学区房,一室一厅,75,4255,区财政局科员,成熟期核心家庭,上海中环品质两居，车位及空间极其拥挤,老小区隔音差，邻里滋扰严重，且车位严重匮乏，每晚加班回来抢车位像打仗。,核心要求地块属于第一梯队名校学区，且周边500米内解决幼小衔接教育配套。,主要在陆家嘴/徐家汇CBD上班，首选地铁2/9号线沿线，通勤半小时内。,倡导轻户外，周末常带家人自驾野营或山系徒步，注重生活情调与手作咖啡。,名下持有一套旧两居，置换回款 65% + 个人理财储蓄补充 + 公积金商业贷,重性价比，不盲信大牌，但要求物业管理有序、绿化修剪及时、人防技防规范。,常年本地稳定居住，工作日职住通勤动线规则单一。
上_2008_01369,上海,2008,金融精英,38,男,5.0,29.5,0.4,55.3,3,1,否,A,research,1,0.49,0.65,0.59,0.71,0.89,0.72,0.71,0.66,自住-首套,两室一厅,67,4643,商业银行支行信贷科长,三口之家(学龄段),市中心私密洋房住宅,无高端私密会所及管家式物业配套，圈层鱼龙混杂，高净值居住体验差。,讲究超高得房率（超85%），主卧套房必须配备独立步入式衣帽间与干湿分离双卫。,主要在陆家嘴/徐家汇CBD上班，首选地铁2/9号线沿线，通勤半小时内。,周末常去高端商圈消费，热衷打网球和马术，重度手冲咖啡及黑胶唱片发烧友。,夫妻双方积蓄 + 双方父母出资赞助首付 + 公积金商业组合贷款,重性价比，不盲信大牌，但要求物业管理有序、绿化修剪及时、人防技防规范。,常年本地稳定居住，工作日职住通勤动线规则单一。
上_2008_01370,上海,2008,本地改善,58,男,2.6,26.1,0.45,43.5,4,2,是,B,agent,0.79,0.52,0.46,0.53,0.49,0.87,0.66,0.7,0.59,自住-改善,两室一厅,96,2532,国企车间技术主任,二胎黄金期中大户型,上海中环品质两居，车位及空间极其拥挤,小区无地下车库且人车不分流，小孩在楼下玩耍或者推婴儿车极为不安全。,讲究超高得房率（超85%），主卧套房必须配备独立步入式衣帽间与干湿分离双卫。,主要在陆家嘴/徐家汇CBD上班，首选地铁2/9号线沿线，通勤半小时内。,倡导轻户外，周末常带家人自驾野营或山系徒步，注重生活情调与手作咖啡。,名下持有一套旧两居，置换回款 65% + 个人理财储蓄补充 + 公积金商业贷,重性价比，不盲信大牌，但要求物业管理有序、绿化修剪及时、人防技防规范。,常年本地稳定居住，工作日职住通勤动线规则单一。
上_2008_01371,上海,2008,金融精英,50,女,6.0,51.0,0.4,95.6,4,1,是,A,research,0.82,0.39,0.68,0.49,0.75,0.65,0.61,0.81,0.78,自住-首套,两室两厅,84,8508,申银万国证券分析员,三口之家(学龄段),市中心私密洋房住宅,当前房屋属于旧多层无电梯房，父母年纪渐高每天爬楼梯极为吃力。,核心要求地块属于第一梯队名校学区，且周边500米内解决幼小衔接教育配套。,主要在陆家嘴/徐家汇CBD上班，首选地铁2/9号线沿线，通勤半小时内。,周末常去高端商圈消费，热衷打网球和马术，重度手冲咖啡及黑胶唱片发烧友。,夫妻双方积蓄 + 双方父母出资赞助首付 + 公积金商业组合贷款,非仁恒、绿城、万科等金牌开发商不买，极度看重高端精装质量与顶级物业的增值口碑。,常年本地稳定居住，工作日职住通勤动线规则单一。
上_2008_01372,上海,2008,本地改善,48,女,1.4,16.2,0.45,27.0,4,2,否,B,agent,0.63,0.37,0.61,0.51,0.65,0.73,0.59,0.61,0.66,自住-改善,两室一厅,93,2227,区财政局科员,二胎黄金期中大户型,上海中环品质两居，车位及空间极其拥挤,小区无地下车库且人车不分流，小孩在楼下玩耍或者推婴儿车极为不安全。,讲究超高得房率（超85%），主卧套房必须配备独立步入式衣帽间与干湿分离双卫。,主要在陆家嘴/徐家汇CBD上班，首选地铁2/9号线沿线，通勤半小时内。,倡导轻户外，周末常带家人自驾野营或山系徒步，注重生活情调与手作咖啡。,名下持有一套旧两居，置换回款 65% + 个人理财储蓄补充 + 公积金商业贷,重性价比，不盲信大牌，但要求物业管理有序、绿化修剪及时、人防技防规范。,常年本地稳定居住，工作日职住通勤动线规则单一。
上_2008_01373,上海,2008,教育型买房,45,女,2.4,18.0,0.4,33.8,3,1,否,B,social,0.99,0.51,0.27,0.41,0.55,0.74,0.64,0.93,0.49,学区房,一室一厅,50,5378,国企车间技术主任,三口之家(学龄段),上海中环品质两居，车位及空间极其拥挤,小区无地下车库且人车不分流，小孩在楼下玩耍或者推婴儿车极为不安全。,讲究超高得房率（超85%），主卧套房必须配备独立步入式衣帽间与干湿分离双卫。,主要在陆家嘴/徐家汇CBD上班，首选地铁2/9号线沿线，通勤半小时内。,倡导轻户外，周末常带家人自驾野营或山系徒步，注重生活情调与手作咖啡。,名下持有一套旧两居，置换回款 65% + 个人理财储蓄补充 + 公积金商业贷,重性价比，不盲信大牌，但要求物业管理有序、绿化修剪及时、人防技防规范。,常年本地稳定居住，工作日职住通勤动线规则单一。
上_2008_01374,上海,2008,金融精英,40,女,5.0,36.5,0.4,68.5,3,1,否,A,research,0.68,0.38,0.42,0.53,0.74,0.67,0.79,0.86,0.89,自住-改善,两室一厅,78,6105,商业银行支行信贷科长,三口之家(学龄段),陆家嘴核心区江景大平层,无高端私密会所及管家式物业配套，圈层鱼龙混杂，高净值居住体验差。,核心要求地块属于第一梯队名校学区，且周边500米内解决幼小衔接教育配套。,主要在陆家嘴/徐家汇CBD上班，首选地铁2/9号线沿线，通勤半小时内。,周末常去高端商圈消费，热衷打网球和马术，重度手冲咖啡及黑胶唱片发烧友。,名下已有企业股权套现或分红现金，一次性全款付清，基本不加杠杆,非仁恒、绿城、万科等金牌开发商不买，极度看重高端精装质量与顶级物业的增值口碑。,常年本地稳定居住，工作日职住通勤动线规则单一。
上_2008_01375,上海,2008,金融精英,32,男,6.8,53.0,0.4,99.4,4,2,否,A,research,0.72,0.48,0.68,0.66,0.81,0.66,0.81,0.9,0.83,婚房,两室一厅,81,6805,老牌证券公司营业部经理,二胎黄金期中大户型,西湖边高精平层,无高端私密会所及管家式物业配套，圈层鱼龙混杂，高净值居住体验差。,核心要求地块属于第一梯队名校学区，且周边500米内解决幼小衔接教育配套。,主要在陆家嘴/徐家汇CBD上班，首选地铁2/9号线沿线，通勤半小时内。,周末常去高端商圈消费，热衷打网球和马术，重度手冲咖啡及黑胶唱片发烧友。,夫妻双方积蓄 + 双方父母出资赞助首付 + 公积金商业组合贷款,非仁恒、绿城、万科等金牌开发商不买，极度看重高端精装质量与顶级物业的增值口碑。,常年本地稳定居住，工作日职住通勤动线规则单一。
上_2008_01376,上海,2008,本地改善,45,女,1.1,7.7,0.45,12.8,4,1,是,B,agent,1,0.55,0.47,0.5,0.6,0.88,0.82,0.56,0.55,自住-改善,两室一厅,72,1525,邮政局局长秘书,三口之家(学龄段),上海中环品质两居，车位及空间极其拥挤,小区无地下车库且人车不分流，小孩在楼下玩耍或者推婴儿车极为不安全。,讲究超高得房率（超85%），主卧套房必须配备独立步入式衣帽间与干湿分离双卫。,主要在陆家嘴/徐家汇CBD上班，首选地铁2/9号线沿线，通勤半小时内。,倡导轻户外，周末常带家人自驾野营或山系徒步，注重生活情调与手作咖啡。,名下持有一套旧两居，置换回款 65% + 个人理财储蓄补充 + 公积金商业贷,重性价比，不盲信大牌，但要求物业管理有序、绿化修剪及时、人防技防规范。,常年本地稳定居住，工作日职住通勤动线规则单一。
上_2008_01377,上海,2008,长三角家庭,49,男,3.3,18.8,0.45,31.3,4,2,否,B,agent,0.75,0.63,0.5,0.62,0.5,0.81,0.32,0.55,0.59,自住-首套,两室两厅,51,3856,国企车间技术主任,二胎黄金期中大户型,上海中环品质两居，车位及空间极其拥挤,小区无地下车库且人车不分流，小孩在楼下玩耍或者推婴儿车极为不安全。,讲究超高得房率（超85%），主卧套房必须配备独立步入式衣帽间与干湿分离双卫。,主要在陆家嘴/徐家汇CBD上班，首选地铁2/9号线沿线，通勤半小时内。,倡导轻户外，周末常带家人自驾野营或山系徒步，注重生活情调与手作咖啡。,夫妻双方积蓄 + 双方父母出资赞助首付 + 公积金商业组合贷款,重性价比，不盲信大牌，但要求物业管理有序、绿化修剪及时、人防技防规范。,常年本地稳定居住，工作日职住通勤动线规则单一。
上_2008_01378,上海,2008,长三角家庭,54,女,3.0,19.1,0.45,31.8,4,2,否,B,agent,0.97,0.57,0.52,0.56,0.58,0.77,0.32,0.66,0.7,自住-改善,两室一厅,90,2818,区财政局科员,二胎黄金期中大户型,上海中环品质两居，车位及空间极其拥挤,小区无地下车库且人车不分流，小孩在楼下玩耍或者推婴儿车极为不安全。,讲究超高得房率（超85%），主卧套房必须配备独立步入式衣帽间与干湿分离双卫。,主要在陆家嘴/徐家汇CBD上班，首选地铁2/9号线沿线，通勤半小时内。,倡导轻户外，周末常带家人自驾野营或山系徒步，注重生活情调与手作咖啡。,名下持有一套旧两居，置换回款 65% + 个人理财储蓄补充 + 公积金商业贷,非仁恒、绿城、万科等金牌开发商不买，极度看重高端精装质量与顶级物业的增值口碑。,常年本地稳定居住，工作日职住通勤动线规则单一。
上_2008_01379,上海,2008,本地改善,45,男,1.3,13.4,0.45,22.3,3,2,是,B,agent,0.74,0.62,0.7,0.47,0.6,0.79,0.39,0.72,0.49,自住-改善,一室一厅,73,1873,区财政局科员,二胎黄金期中大户型,上海中环品质两居，车位及空间极其拥挤,小区无地下车库且人车不分流，小孩在楼下玩耍或者推婴儿车极为不安全。,讲究超高得房率（超85%），主卧套房必须配备独立步入式衣帽间与干湿分离双卫。,主要在陆家嘴/徐家汇CBD上班，首选地铁2/9号线沿线，通勤半小时内。,倡导轻户外，周末常带家人自驾野营或山系徒步，注重生活情调与手作咖啡。,名下持有一套旧两居，置换回款 65% + 个人理财储蓄补充 + 公积金商业贷,重性价比，不盲信大牌，但要求物业管理有序、绿化修剪及时、人防技防规范。,常年本地稳定居住，工作日职住通勤动线规则单一。
上_2008_01380,上海,2008,本地改善,42,女,1.6,15.7,0.45,26.2,4,2,否,B,agent,0.58,0.43,0.66,0.53,0.53,0.92,0.78,0.75,0.8,自住-改善,两室两厅,54,2480,市第二中学地理教师,二胎黄金期中大户型,上海中环品质两居，车位及空间极其拥挤,小区无地下车库且人车不分流，小孩在楼下玩耍或者推婴儿车极为不安全。,讲究超高得房率（超85%），主卧套房必须配备独立步入式衣帽间与干湿分离双卫。,主要在陆家嘴/徐家汇CBD上班，首选地铁2/9号线沿线，通勤半小时内。,倡导轻户外，周末常带家人自驾野营或山系徒步，注重生活情调与手作咖啡。,名下持有一套旧两居，置换回款 65% + 个人理财储蓄补充 + 公积金商业贷,非仁恒、绿城、万科等金牌开发商不买，极度看重高端精装质量与顶级物业的增值口碑。,常年本地稳定居住，工作日职住通勤动线规则单一。
上_2008_01381,上海,2008,本地改善,49,女,1.2,11.8,0.45,19.7,4,1,否,B,agent,0.76,0.61,0.41,0.51,0.55,0.89,0.57,0.65,0.51,自住-改善,一室一厅,99,1702,市第二中学地理教师,三口之家(学龄段),上海中环品质两居，车位及空间极其拥挤,小区无地下车库且人车不分流，小孩在楼下玩耍或者推婴儿车极为不安全。,讲究超高得房率（超85%），主卧套房必须配备独立步入式衣帽间与干湿分离双卫。,主要在陆家嘴/徐家汇CBD上班，首选地铁2/9号线沿线，通勤半小时内。,倡导轻户外，周末常带家人自驾野营或山系徒步，注重生活情调与手作咖啡。,名下持有一套旧两居，置换回款 65% + 个人理财储蓄补充 + 公积金商业贷,重性价比，不盲信大牌，但要求物业管理有序、绿化修剪及时、人防技防规范。,常年本地稳定居住，工作日职住通勤动线规则单一。
上_2008_01382,上海,2008,教育型买房,39,男,1.6,10.2,0.4,19.2,3,0,是,B,social,0.78,0.42,0.64,0.37,0.55,0.77,0.73,0.95,0.52,学区房,两室一厅,74,1735,区财政局科员,成熟期核心家庭,上海中环品质两居，车位及空间极其拥挤,当前房屋属于旧多层无电梯房，父母年纪渐高每天爬楼梯极为吃力。,讲究超高得房率（超85%），主卧套房必须配备独立步入式衣帽间与干湿分离双卫。,主要在陆家嘴/徐家汇CBD上班，首选地铁2/9号线沿线，通勤半小时内。,倡导轻户外，周末常带家人自驾野营或山系徒步，注重生活情调与手作咖啡。,名下持有一套旧两居，置换回款 65% + 个人理财储蓄补充 + 公积金商业贷,重性价比，不盲信大牌，但要求物业管理有序、绿化修剪及时、人防技防规范。,常年本地稳定居住，工作日职住通勤动线规则单一。
上_2008_01383,上海,2008,外籍海归,31,男,2.6,23.3,0.4,43.8,2,1,否,A,social,0.77,0.49,0.66,0.52,0.98,0.65,0.59,0.93,0.79,自住-首套,一室一厅,97,2298,合资日化企业技术主管,三口之家(幼龄段),市中心私密洋房住宅,无高端私密会所及管家式物业配套，圈层鱼龙混杂，高净值居住体验差。,核心要求地块属于第一梯队名校学区，且周边500米内解决幼小衔接教育配套。,主要在陆家嘴/徐家汇CBD上班，首选地铁2/9号线沿线，通勤半小时内。,周末常去高端商圈消费，热衷打网球和马术，重度手冲咖啡及黑胶唱片发烧友。,夫妻双方积蓄 + 双方父母出资赞助首付 + 公积金商业组合贷款,非仁恒、绿城、万科等金牌开发商不买，极度看重高端精装质量与顶级物业的增值口碑。,常年本地稳定居住，工作日职住通勤动线规则单一。
上_2008_01384,上海,2008,长三角家庭,47,男,2.4,14.7,0.45,24.6,4,2,否,B,agent,0.87,0.47,0.65,0.34,0.4,0.7,0.47,0.52,0.8,自住-首套,一室一厅,62,2554,邮政局局长秘书,二胎黄金期中大户型,上海中环品质两居，车位及空间极其拥挤,小区无地下车库且人车不分流，小孩在楼下玩耍或者推婴儿车极为不安全。,要求采光通透，全明户型，带多功能嵌入式收纳墙以最大化空间利用。,主要在陆家嘴/徐家汇CBD上班，首选地铁2/9号线沿线，通勤半小时内。,倡导轻户外，周末常带家人自驾野营或山系徒步，注重生活情调与手作咖啡。,夫妻双方积蓄 + 双方父母出资赞助首付 + 公积金商业组合贷款,非仁恒、绿城、万科等金牌开发商不买，极度看重高端精装质量与顶级物业的增值口碑。,常年本地稳定居住，工作日职住通勤动线规则单一。
上_2008_01385,上海,2008,长三角家庭,40,男,2.8,24.4,0.45,40.7,5,1,否,B,agent,0.92,0.69,0.39,0.5,0.43,0.74,0.39,0.74,0.72,自住-首套,一室一厅,74,3580,邮政局局长秘书,三口之家(学龄段),上海中环品质两居，车位及空间极其拥挤,小区无地下车库且人车不分流，小孩在楼下玩耍或者推婴儿车极为不安全。,讲究超高得房率（超85%），主卧套房必须配备独立步入式衣帽间与干湿分离双卫。,主要在陆家嘴/徐家汇CBD上班，首选地铁2/9号线沿线，通勤半小时内。,倡导轻户外，周末常带家人自驾野营或山系徒步，注重生活情调与手作咖啡。,夫妻双方积蓄 + 双方父母出资赞助首付 + 公积金商业组合贷款,非仁恒、绿城、万科等金牌开发商不买，极度看重高端精装质量与顶级物业的增值口碑。,常年本地稳定居住，工作日职住通勤动线规则单一。
上_2008_01386,上海,2008,本地改善,39,女,2.0,15.8,0.45,26.3,3,2,否,B,agent,0.73,0.5,0.55,0.47,0.59,0.84,0.55,0.69,0.64,自住-改善,一室一厅,95,1740,国企车间技术主任,二胎黄金期中大户型,上海中环品质两居，车位及空间极其拥挤,小区无地下车库且人车不分流，小孩在楼下玩耍或者推婴儿车极为不安全。,讲究超高得房率（超85%），主卧套房必须配备独立步入式衣帽间与干湿分离双卫。,主要在陆家嘴/徐家汇CBD上班，首选地铁2/9号线沿线，通勤半小时内。,倡导轻户外，周末常带家人自驾野营或山系徒步，注重生活情调与手作咖啡。,名下持有一套旧两居，置换回款 65% + 个人理财储蓄补充 + 公积金商业贷,重性价比，不盲信大牌，但要求物业管理有序、绿化修剪及时、人防技防规范。,常年本地稳定居住，工作日职住通勤动线规则单一。
上_2008_01387,上海,2008,本地改善,48,女,2.3,23.4,0.45,39.0,5,2,否,B,agent,0.67,0.55,0.5,0.66,0.55,0.81,0.46,0.7,0.61,自住-改善,两室一厅,62,4991,区财政局科员,二胎黄金期中大户型,上海中环品质两居，车位及空间极其拥挤,小区无地下车库且人车不分流，小孩在楼下玩耍或者推婴儿车极为不安全。,讲究超高得房率（超85%），主卧套房必须配备独立步入式衣帽间与干湿分离双卫。,主要在陆家嘴/徐家汇CBD上班，首选地铁2/9号线沿线，通勤半小时内。,倡导轻户外，周末常带家人自驾野营或山系徒步，注重生活情调与手作咖啡。,名下持有一套旧两居，置换回款 65% + 个人理财储蓄补充 + 公积金商业贷,重性价比，不盲信大牌，但要求物业管理有序、绿化修剪及时、人防技防规范。,常年本地稳定居住，工作日职住通勤动线规则单一。
上_2008_01388,上海,2008,本地改善,41,女,3.3,25.3,0.45,42.2,4,2,否,B,agent,0.82,0.54,0.29,0.65,0.47,0.97,0.46,0.76,0.58,自住-改善,两室一厅,83,4031,市第二中学地理教师,二胎黄金期中大户型,上海中环品质两居，车位及空间极其拥挤,小区无地下车库且人车不分流，小孩在楼下玩耍或者推婴儿车极为不安全。,讲究超高得房率（超85%），主卧套房必须配备独立步入式衣帽间与干湿分离双卫。,主要在陆家嘴/徐家汇CBD上班，首选地铁2/9号线沿线，通勤半小时内。,倡导轻户外，周末常带家人自驾野营或山系徒步，注重生活情调与手作咖啡。,名下持有一套旧两居，置换回款 65% + 个人理财储蓄补充 + 公积金商业贷,重性价比，不盲信大牌，但要求物业管理有序、绿化修剪及时、人防技防规范。,常年本地稳定居住，工作日职住通勤动线规则单一。
上_2008_01389,上海,2008,金融精英,35,女,4.6,34.7,0.4,65.2,3,2,否,A,research,0.78,0.45,0.68,0.56,0.75,0.86,0.74,0.76,0.79,自住-首套,两室两厅,50,10989,老牌证券公司营业部经理,二胎黄金期中大户型,西湖边高精平层,无高端私密会所及管家式物业配套，圈层鱼龙混杂，高净值居住体验差。,讲究超高得房率（超85%），主卧套房必须配备独立步入式衣帽间与干湿分离双卫。,主要在陆家嘴/徐家汇CBD上班，首选地铁2/9号线沿线，通勤半小时内。,周末常去高端商圈消费，热衷打网球和马术，重度手冲咖啡及黑胶唱片发烧友。,夫妻双方积蓄 + 双方父母出资赞助首付 + 公积金商业组合贷款,非仁恒、绿城、万科等金牌开发商不买，极度看重高端精装质量与顶级物业的增值口碑。,常年本地稳定居住，工作日职住通勤动线规则单一。
上_2008_01390,上海,2008,金融精英,37,男,5.7,48.9,0.4,91.6,3,1,否,A,research,0.65,0.32,0.73,0.56,0.74,0.62,0.65,0.78,0.85,自住-首套,两室一厅,82,9455,申银万国证券分析员,三口之家(幼龄段),西湖边高精平层,无高端私密会所及管家式物业配套，圈层鱼龙混杂，高净值居住体验差。,要求有超大面宽南向双阳台（观景家政分离），主卧大飘窗能270度直面自然景观。,主要在陆家嘴/徐家汇CBD上班，首选地铁2/9号线沿线，通勤半小时内。,周末常去高端商圈消费，热衷打网球和马术，重度手冲咖啡及黑胶唱片发烧友。,夫妻双方积蓄 + 双方父母出资赞助首付 + 公积金商业组合贷款,非仁恒、绿城、万科等金牌开发商不买，极度看重高端精装质量与顶级物业的增值口碑。,常年本地稳定居住，工作日职住通勤动线规则单一。
上_2008_01391,上海,2008,本地改善,48,女,2.2,21.5,0.45,35.9,4,3,否,B,agent,0.5,0.48,0.62,0.54,0.52,0.79,0.47,0.71,0.73,自住-改善,一室一厅,62,3433,邮政局局长秘书,二胎黄金期中大户型,上海中环品质两居，车位及空间极其拥挤,小区无地下车库且人车不分流，小孩在楼下玩耍或者推婴儿车极为不安全。,讲究超高得房率（超85%），主卧套房必须配备独立步入式衣帽间与干湿分离双卫。,主要在陆家嘴/徐家汇CBD上班，首选地铁2/9号线沿线，通勤半小时内。,倡导轻户外，周末常带家人自驾野营或山系徒步，注重生活情调与手作咖啡。,名下持有一套旧两居，置换回款 65% + 个人理财储蓄补充 + 公积金商业贷,非仁恒、绿城、万科等金牌开发商不买，极度看重高端精装质量与顶级物业的增值口碑。,常年本地稳定居住，工作日职住通勤动线规则单一。
上_2008_01392,上海,2008,长三角家庭,39,女,2.2,18.1,0.45,30.1,4,2,是,B,agent,0.85,0.6,0.42,0.58,0.64,0.98,0.46,0.78,0.7,自住-首套,两室一厅,98,2714,邮政局局长秘书,二胎黄金期中大户型,上海中环品质两居，车位及空间极其拥挤,小区无地下车库且人车不分流，小孩在楼下玩耍或者推婴儿车极为不安全。,讲究超高得房率（超85%），主卧套房必须配备独立步入式衣帽间与干湿分离双卫。,主要在陆家嘴/徐家汇CBD上班，首选地铁2/9号线沿线，通勤半小时内。,倡导轻户外，周末常带家人自驾野营或山系徒步，注重生活情调与手作咖啡。,夫妻双方积蓄 + 双方父母出资赞助首付 + 公积金商业组合贷款,重性价比，不盲信大牌，但要求物业管理有序、绿化修剪及时、人防技防规范。,常年本地稳定居住，工作日职住通勤动线规则单一。
上_2008_01393,上海,2008,金融精英,40,男,5.9,59.0,0.4,110.6,3,1,否,A,research,0.49,0.39,0.65,0.69,0.82,0.69,0.61,0.96,0.77,自住-改善,两室两厅,93,9306,老牌证券公司营业部经理,三口之家(学龄段),市中心私密洋房住宅,无高端私密会所及管家式物业配套，圈层鱼龙混杂，高净值居住体验差。,核心要求地块属于第一梯队名校学区，且周边500米内解决幼小衔接教育配套。,主要在陆家嘴/徐家汇CBD上班，首选地铁2/9号线沿线，通勤半小时内。,周末常去高端商圈消费，热衷打网球和马术，重度手冲咖啡及黑胶唱片发烧友。,名下已有企业股权套现或分红现金，一次性全款付清，基本不加杠杆,非仁恒、绿城、万科等金牌开发商不买，极度看重高端精装质量与顶级物业的增值口碑。,常年本地稳定居住，工作日职住通勤动线规则单一。
上_2008_01394,上海,2008,外籍海归,40,女,5.7,43.5,0.4,81.6,3,2,否,A,social,0.95,0.45,0.48,0.61,0.92,0.87,0.62,0.81,0.67,自住-改善,两室两厅,70,5939,外企驻沪办事处代表,二胎黄金期中大户型,陆家嘴核心区江景大平层,无高端私密会所及管家式物业配套，圈层鱼龙混杂，高净值居住体验差。,讲究超高得房率（超85%），主卧套房必须配备独立步入式衣帽间与干湿分离双卫。,主要在陆家嘴/徐家汇CBD上班，首选地铁2/9号线沿线，通勤半小时内。,周末常去高端商圈消费，热衷打网球和马术，重度手冲咖啡及黑胶唱片发烧友。,名下已有企业股权套现或分红现金，一次性全款付清，基本不加杠杆,重性价比，不盲信大牌，但要求物业管理有序、绿化修剪及时、人防技防规范。,常年本地稳定居住，工作日职住通勤动线规则单一。
上_2008_01395,上海,2008,长三角家庭,45,女,2.3,19.4,0.45,32.3,5,2,否,B,agent,0.67,0.59,0.54,0.64,0.48,0.8,0.52,0.66,0.79,自住-首套,一室一厅,78,3174,邮政局局长秘书,二胎黄金期中大户型,上海中环品质两居，车位及空间极其拥挤,小区无地下车库且人车不分流，小孩在楼下玩耍或者推婴儿车极为不安全。,讲究超高得房率（超85%），主卧套房必须配备独立步入式衣帽间与干湿分离双卫。,主要在陆家嘴/徐家汇CBD上班，首选地铁2/9号线沿线，通勤半小时内。,倡导轻户外，周末常带家人自驾野营或山系徒步，注重生活情调与手作咖啡。,夫妻双方积蓄 + 双方父母出资赞助首付 + 公积金商业组合贷款,非仁恒、绿城、万科等金牌开发商不买，极度看重高端精装质量与顶级物业的增值口碑。,常年本地稳定居住，工作日职住通勤动线规则单一。
上_2008_01396,上海,2008,本地改善,55,男,1.3,9.7,0.45,16.2,4,1,否,B,agent,0.61,0.47,0.58,0.4,0.42,0.79,0.65,0.65,0.57,自住-改善,两室一厅,55,2083,市第二中学地理教师,三口之家(学龄段),上海中环品质两居，车位及空间极其拥挤,小区无地下车库且人车不分流，小孩在楼下玩耍或者推婴儿车极为不安全。,讲究超高得房率（超85%），主卧套房必须配备独立步入式衣帽间与干湿分离双卫。,主要在陆家嘴/徐家汇CBD上班，首选地铁2/9号线沿线，通勤半小时内。,倡导轻户外，周末常带家人自驾野营或山系徒步，注重生活情调与手作咖啡。,名下持有一套旧两居，置换回款 65% + 个人理财储蓄补充 + 公积金商业贷,重性价比，不盲信大牌，但要求物业管理有序、绿化修剪及时、人防技防规范。,常年本地稳定居住，工作日职住通勤动线规则单一。
上_2008_01397,上海,2008,教育型买房,48,女,2.6,21.0,0.4,39.3,4,1,是,B,social,0.68,0.47,0.28,0.43,0.67,0.69,0.64,0.97,0.52,学区房,两室两厅,51,3858,国企车间技术主任,三口之家(学龄段),上海中环品质两居，车位及空间极其拥挤,小区无地下车库且人车不分流，小孩在楼下玩耍或者推婴儿车极为不安全。,核心要求地块属于第一梯队名校学区，且周边500米内解决幼小衔接教育配套。,主要在陆家嘴/徐家汇CBD上班，首选地铁2/9号线沿线，通勤半小时内。,倡导轻户外，周末常带家人自驾野营或山系徒步，注重生活情调与手作咖啡。,名下持有一套旧两居，置换回款 65% + 个人理财储蓄补充 + 公积金商业贷,重性价比，不盲信大牌，但要求物业管理有序、绿化修剪及时、人防技防规范。,常年本地稳定居住，工作日职住通勤动线规则单一。
上_2008_01398,上海,2008,本地改善,54,男,4.4,32.1,0.45,53.6,4,3,否,B,agent,0.46,0.43,0.52,0.48,0.38,0.87,0.67,0.6,0.58,自住-改善,一室一厅,80,4999,邮政局局长秘书,二胎黄金期中大户型,上海中环品质两居，车位及空间极其拥挤,小区无地下车库且人车不分流，小孩在楼下玩耍或者推婴儿车极为不安全。,讲究超高得房率（超85%），主卧套房必须配备独立步入式衣帽间与干湿分离双卫。,主要在陆家嘴/徐家汇CBD上班，首选地铁2/9号线沿线，通勤半小时内。,倡导轻户外，周末常带家人自驾野营或山系徒步，注重生活情调与手作咖啡。,名下持有一套旧两居，置换回款 65% + 个人理财储蓄补充 + 公积金商业贷,重性价比，不盲信大牌，但要求物业管理有序、绿化修剪及时、人防技防规范。,常年本地稳定居住，工作日职住通勤动线规则单一。
上_2008_01399,上海,2008,本地改善,57,女,0.9,7.1,0.45,11.8,4,2,否,B,agent,0.79,0.63,0.6,0.55,0.69,0.85,0.53,0.72,0.53,自住-改善,一室一厅,100,787,区财政局科员,二胎黄金期中大户型,上海中环品质两居，车位及空间极其拥挤,小区无地下车库且人车不分流，小孩在楼下玩耍或者推婴儿车极为不安全。,讲究超高得房率（超85%），主卧套房必须配备独立步入式衣帽间与干湿分离双卫。,主要在陆家嘴/徐家汇CBD上班，首选地铁2/9号线沿线，通勤半小时内。,倡导轻户外，周末常带家人自驾野营或山系徒步，注重生活情调与手作咖啡。,名下持有一套旧两居，置换回款 65% + 个人理财储蓄补充 + 公积金商业贷,重性价比，不盲信大牌，但要求物业管理有序、绿化修剪及时、人防技防规范。,常年本地稳定居住，工作日职住通勤动线规则单一。
上_2008_01400,上海,2008,本地改善,50,女,3.1,27.5,0.45,45.8,3,2,是,B,agent,0.98,0.39,0.5,0.53,0.46,0.81,0.76,0.84,0.67,自住-改善,两室一厅,50,4972,国企车间技术主任,二胎黄金期中大户型,上海中环品质两居，车位及空间极其拥挤,小区无地下车库且人车不分流，小孩在楼下玩耍或者推婴儿车极为不安全。,讲究超高得房率（超85%），主卧套房必须配备独立步入式衣帽间与干湿分离双卫。,主要在陆家嘴/徐家汇CBD上班，首选地铁2/9号线沿线，通勤半小时内。,倡导轻户外，周末常带家人自驾野营或山系徒步，注重生活情调与手作咖啡。,名下持有一套旧两居，置换回款 65% + 个人理财储蓄补充 + 公积金商业贷,重性价比，不盲信大牌，但要求物业管理有序、绿化修剪及时、人防技防规范。,常年本地稳定居住，工作日职住通勤动线规则单一。
上_2008_01401,上海,2008,本地改善,57,女,1.5,11.5,0.45,19.2,4,3,是,B,agent,0.75,0.55,0.43,0.6,0.5,0.96,0.69,0.81,0.63,自住-改善,两室两厅,88,1672,区财政局科员,二胎黄金期中大户型,上海中环品质两居，车位及空间极其拥挤,小区无地下车库且人车不分流，小孩在楼下玩耍或者推婴儿车极为不安全。,讲究超高得房率（超85%），主卧套房必须配备独立步入式衣帽间与干湿分离双卫。,主要在陆家嘴/徐家汇CBD上班，首选地铁2/9号线沿线，通勤半小时内。,倡导轻户外，周末常带家人自驾野营或山系徒步，注重生活情调与手作咖啡。,名下持有一套旧两居，置换回款 65% + 个人理财储蓄补充 + 公积金商业贷,重性价比，不盲信大牌，但要求物业管理有序、绿化修剪及时、人防技防规范。,常年本地稳定居住，工作日职住通勤动线规则单一。
上_2008_01402,上海,2008,长三角家庭,44,女,3.1,23.8,0.45,39.6,3,3,否,B,agent,0.8,0.59,0.52,0.58,0.6,0.57,0.47,0.79,0.51,自住-首套,两室一厅,51,4667,市第二中学地理教师,二胎黄金期中大户型,上海中环品质两居，车位及空间极其拥挤,小区无地下车库且人车不分流，小孩在楼下玩耍或者推婴儿车极为不安全。,核心要求地块属于第一梯队名校学区，且周边500米内解决幼小衔接教育配套。,主要在陆家嘴/徐家汇CBD上班，首选地铁2/9号线沿线，通勤半小时内。,倡导轻户外，周末常带家人自驾野营或山系徒步，注重生活情调与手作咖啡。,夫妻双方积蓄 + 双方父母出资赞助首付 + 公积金商业组合贷款,重性价比，不盲信大牌，但要求物业管理有序、绿化修剪及时、人防技防规范。,常年本地稳定居住，工作日职住通勤动线规则单一。
上_2008_01403,上海,2008,长三角家庭,53,男,2.4,20.0,0.45,33.3,4,2,否,B,agent,0.76,0.52,0.6,0.59,0.6,0.94,0.43,0.73,0.61,自住-改善,一室一厅,72,2927,市第二中学地理教师,二胎黄金期中大户型,上海中环品质两居，车位及空间极其拥挤,小区无地下车库且人车不分流，小孩在楼下玩耍或者推婴儿车极为不安全。,讲究超高得房率（超85%），主卧套房必须配备独立步入式衣帽间与干湿分离双卫。,主要在陆家嘴/徐家汇CBD上班，首选地铁2/9号线沿线，通勤半小时内。,倡导轻户外，周末常带家人自驾野营或山系徒步，注重生活情调与手作咖啡。,名下持有一套旧两居，置换回款 65% + 个人理财储蓄补充 + 公积金商业贷,重性价比，不盲信大牌，但要求物业管理有序、绿化修剪及时、人防技防规范。,常年本地稳定居住，工作日职住通勤动线规则单一。
上_2008_01404,上海,2008,本地改善,40,女,1.2,10.3,0.45,17.1,3,2,否,B,agent,0.66,0.5,0.58,0.58,0.54,0.99,0.73,0.64,0.65,自住-改善,两室一厅,77,1823,区财政局科员,二胎黄金期中大户型,上海中环品质两居，车位及空间极其拥挤,小区无地下车库且人车不分流，小孩在楼下玩耍或者推婴儿车极为不安全。,讲究超高得房率（超85%），主卧套房必须配备独立步入式衣帽间与干湿分离双卫。,主要在陆家嘴/徐家汇CBD上班，首选地铁2/9号线沿线，通勤半小时内。,倡导轻户外，周末常带家人自驾野营或山系徒步，注重生活情调与手作咖啡。,名下持有一套旧两居，置换回款 65% + 个人理财储蓄补充 + 公积金商业贷,重性价比，不盲信大牌，但要求物业管理有序、绿化修剪及时、人防技防规范。,常年本地稳定居住，工作日职住通勤动线规则单一。
上_2008_01405,上海,2008,金融精英,40,男,8.0,46.5,0.4,87.3,4,2,是,A,research,0.64,0.44,0.62,0.61,0.81,0.7,0.63,0.91,0.8,自住-首套,两室一厅,59,13305,老牌证券公司营业部经理,二胎黄金期中大户型,西湖边高精平层,当前房屋属于旧多层无电梯房，父母年纪渐高每天爬楼梯极为吃力。,讲究超高得房率（超85%），主卧套房必须配备独立步入式衣帽间与干湿分离双卫。,主要在陆家嘴/徐家汇CBD上班，首选地铁2/9号线沿线，通勤半小时内。,周末常去高端商圈消费，热衷打网球和马术，重度手冲咖啡及黑胶唱片发烧友。,夫妻双方积蓄 + 双方父母出资赞助首付 + 公积金商业组合贷款,非仁恒、绿城、万科等金牌开发商不买，极度看重高端精装质量与顶级物业的增值口碑。,常年本地稳定居住，工作日职住通勤动线规则单一。
上_2008_01406,上海,2008,金融精英,34,女,3.6,36.6,0.4,68.6,2,1,否,A,research,0.47,0.49,0.73,0.54,0.78,0.75,0.65,0.81,0.72,婚房,两室一厅,68,5598,商业银行支行信贷科长,三口之家(幼龄段),市中心私密洋房住宅,无高端私密会所及管家式物业配套，圈层鱼龙混杂，高净值居住体验差。,要求有超大面宽南向双阳台（观景家政分离），主卧大飘窗能270度直面自然景观。,主要在陆家嘴/徐家汇CBD上班，首选地铁2/9号线沿线，通勤半小时内。,周末常去高端商圈消费，热衷打网球和马术，重度手冲咖啡及黑胶唱片发烧友。,夫妻双方积蓄 + 双方父母出资赞助首付 + 公积金商业组合贷款,非仁恒、绿城、万科等金牌开发商不买，极度看重高端精装质量与顶级物业的增值口碑。,常年本地稳定居住，工作日职住通勤动线规则单一。
上_2008_01407,上海,2008,金融精英,35,男,4.7,47.9,0.4,89.8,3,1,否,A,research,0.68,0.5,0.56,0.62,0.82,0.7,0.75,0.81,0.99,自住-首套,两室两厅,53,14346,申银万国证券分析员,三口之家(幼龄段),市中心私密洋房住宅,无高端私密会所及管家式物业配套，圈层鱼龙混杂，高净值居住体验差。,讲究超高得房率（超85%），主卧套房必须配备独立步入式衣帽间与干湿分离双卫。,主要在陆家嘴/徐家汇CBD上班，首选地铁2/9号线沿线，通勤半小时内。,周末常去高端商圈消费，热衷打网球和马术，重度手冲咖啡及黑胶唱片发烧友。,夫妻双方积蓄 + 双方父母出资赞助首付 + 公积金商业组合贷款,非仁恒、绿城、万科等金牌开发商不买，极度看重高端精装质量与顶级物业的增值口碑。,常年本地稳定居住，工作日职住通勤动线规则单一。
上_2008_01408,上海,2008,金融精英,37,男,4.6,47.5,0.4,89.0,2,1,否,A,research,0.72,0.43,0.64,0.65,0.83,0.64,0.66,0.78,0.77,自住-首套,一室一厅,62,9191,老牌证券公司营业部经理,三口之家(幼龄段),陆家嘴核心区江景大平层,无高端私密会所及管家式物业配套，圈层鱼龙混杂，高净值居住体验差。,核心要求地块属于第一梯队名校学区，且周边500米内解决幼小衔接教育配套。,主要在陆家嘴/徐家汇CBD上班，首选地铁2/9号线沿线，通勤半小时内。,周末常去高端商圈消费，热衷打网球和马术，重度手冲咖啡及黑胶唱片发烧友。,夫妻双方积蓄 + 双方父母出资赞助首付 + 公积金商业组合贷款,非仁恒、绿城、万科等金牌开发商不买，极度看重高端精装质量与顶级物业的增值口碑。,常年本地稳定居住，工作日职住通勤动线规则单一。
上_2008_01409,上海,2008,教育型买房,45,女,0.9,6.0,0.4,11.2,3,1,否,B,social,0.7,0.34,0.38,0.34,0.61,0.59,0.61,1.0,0.62,学区房,一室一厅,70,1030,区财政局科员,三口之家(学龄段),上海中环品质两居，车位及空间极其拥挤,小区无地下车库且人车不分流，小孩在楼下玩耍或者推婴儿车极为不安全。,核心要求地块属于第一梯队名校学区，且周边500米内解决幼小衔接教育配套。,主要在陆家嘴/徐家汇CBD上班，首选地铁2/9号线沿线，通勤半小时内。,倡导轻户外，周末常带家人自驾野营或山系徒步，注重生活情调与手作咖啡。,名下持有一套旧两居，置换回款 65% + 个人理财储蓄补充 + 公积金商业贷,重性价比，不盲信大牌，但要求物业管理有序、绿化修剪及时、人防技防规范。,常年本地稳定居住，工作日职住通勤动线规则单一。
上_2008_01410,上海,2008,金融精英,38,男,7.7,62.6,0.4,117.3,2,1,否,A,research,0.78,0.54,0.62,0.61,0.61,0.78,0.69,0.72,0.84,自住-首套,一室一厅,85,12253,老牌证券公司营业部经理,三口之家(学龄段),市中心私密洋房住宅,无高端私密会所及管家式物业配套，圈层鱼龙混杂，高净值居住体验差。,讲究超高得房率（超85%），主卧套房必须配备独立步入式衣帽间与干湿分离双卫。,主要在陆家嘴/徐家汇CBD上班，首选地铁2/9号线沿线，通勤半小时内。,周末常去高端商圈消费，热衷打网球和马术，重度手冲咖啡及黑胶唱片发烧友。,夫妻双方积蓄 + 双方父母出资赞助首付 + 公积金商业组合贷款,非仁恒、绿城、万科等金牌开发商不买，极度看重高端精装质量与顶级物业的增值口碑。,常年本地稳定居住，工作日职住通勤动线规则单一。
上_2008_01411,上海,2008,金融精英,43,男,5.1,49.6,0.4,93.0,4,1,是,A,research,0.63,0.41,0.78,0.54,0.68,0.79,0.59,0.81,0.84,自住-改善,一室一厅,76,10685,商业银行支行信贷科长,三口之家(学龄段),陆家嘴核心区江景大平层,当前房屋属于旧多层无电梯房，父母年纪渐高每天爬楼梯极为吃力。,要求有超大面宽南向双阳台（观景家政分离），主卧大飘窗能270度直面自然景观。,主要在陆家嘴/徐家汇CBD上班，首选地铁2/9号线沿线，通勤半小时内。,周末常去高端商圈消费，热衷打网球和马术，重度手冲咖啡及黑胶唱片发烧友。,名下已有企业股权套现或分红现金，一次性全款付清，基本不加杠杆,非仁恒、绿城、万科等金牌开发商不买，极度看重高端精装质量与顶级物业的增值口碑。,常年本地稳定居住，工作日职住通勤动线规则单一。
上_2008_01412,上海,2008,金融精英,37,男,2.8,23.4,0.4,43.8,4,1,是,A,research,0.81,0.51,0.61,0.55,0.82,0.8,0.82,0.61,0.75,自住-首套,两室两厅,96,2291,老牌证券公司营业部经理,三口之家(幼龄段),陆家嘴核心区江景大平层,当前房屋属于旧多层无电梯房，父母年纪渐高每天爬楼梯极为吃力。,讲究超高得房率（超85%），主卧套房必须配备独立步入式衣帽间与干湿分离双卫。,主要在陆家嘴/徐家汇CBD上班，首选地铁2/9号线沿线，通勤半小时内。,周末常去高端商圈消费，热衷打网球和马术，重度手冲咖啡及黑胶唱片发烧友。,夫妻双方积蓄 + 双方父母出资赞助首付 + 公积金商业组合贷款,非仁恒、绿城、万科等金牌开发商不买，极度看重高端精装质量与顶级物业的增值口碑。,常年本地稳定居住，工作日职住通勤动线规则单一。
上_2008_01413,上海,2008,长三角家庭,35,男,1.6,13.3,0.45,22.2,3,2,否,B,agent,0.84,0.58,0.52,0.39,0.41,0.92,0.26,0.69,0.63,自住-改善,两室两厅,60,3140,区财政局科员,二胎黄金期中大户型,上海中环品质两居，车位及空间极其拥挤,小区无地下车库且人车不分流，小孩在楼下玩耍或者推婴儿车极为不安全。,讲究超高得房率（超85%），主卧套房必须配备独立步入式衣帽间与干湿分离双卫。,主要在陆家嘴/徐家汇CBD上班，首选地铁2/9号线沿线，通勤半小时内。,倡导轻户外，周末常带家人自驾野营或山系徒步，注重生活情调与手作咖啡。,名下持有一套旧两居，置换回款 65% + 个人理财储蓄补充 + 公积金商业贷,重性价比，不盲信大牌，但要求物业管理有序、绿化修剪及时、人防技防规范。,常年本地稳定居住，工作日职住通勤动线规则单一。
上_2008_01414,上海,2008,本地改善,53,男,1.7,12.6,0.45,21.0,4,1,否,B,agent,0.73,0.55,0.39,0.51,0.61,0.9,0.59,0.7,0.67,自住-改善,两室一厅,93,1648,市第二中学地理教师,三口之家(学龄段),上海中环品质两居，车位及空间极其拥挤,小区无地下车库且人车不分流，小孩在楼下玩耍或者推婴儿车极为不安全。,讲究超高得房率（超85%），主卧套房必须配备独立步入式衣帽间与干湿分离双卫。,主要在陆家嘴/徐家汇CBD上班，首选地铁2/9号线沿线，通勤半小时内。,倡导轻户外，周末常带家人自驾野营或山系徒步，注重生活情调与手作咖啡。,名下持有一套旧两居，置换回款 65% + 个人理财储蓄补充 + 公积金商业贷,重性价比，不盲信大牌，但要求物业管理有序、绿化修剪及时、人防技防规范。,常年本地稳定居住，工作日职住通勤动线规则单一。
上_2008_01415,上海,2008,教育型买房,44,女,3.8,27.8,0.4,52.2,4,1,否,B,social,0.66,0.51,0.32,0.28,0.5,0.6,0.59,1,0.55,学区房,一室一厅,57,5848,区财政局科员,三口之家(学龄段),上海中环品质两居，车位及空间极其拥挤,小区无地下车库且人车不分流，小孩在楼下玩耍或者推婴儿车极为不安全。,核心要求地块属于第一梯队名校学区，且周边500米内解决幼小衔接教育配套。,主要在陆家嘴/徐家汇CBD上班，首选地铁2/9号线沿线，通勤半小时内。,倡导轻户外，周末常带家人自驾野营或山系徒步，注重生活情调与手作咖啡。,名下持有一套旧两居，置换回款 65% + 个人理财储蓄补充 + 公积金商业贷,重性价比，不盲信大牌，但要求物业管理有序、绿化修剪及时、人防技防规范。,常年本地稳定居住，工作日职住通勤动线规则单一。
上_2008_01416,上海,2008,本地改善,55,女,2.4,25.9,0.45,43.2,4,2,是,B,agent,0.54,0.44,0.54,0.43,0.58,0.97,0.75,0.8,0.59,自住-改善,两室两厅,79,2822,邮政局局长秘书,二胎黄金期中大户型,上海中环品质两居，车位及空间极其拥挤,小区无地下车库且人车不分流，小孩在楼下玩耍或者推婴儿车极为不安全。,讲究超高得房率（超85%），主卧套房必须配备独立步入式衣帽间与干湿分离双卫。,主要在陆家嘴/徐家汇CBD上班，首选地铁2/9号线沿线，通勤半小时内。,倡导轻户外，周末常带家人自驾野营或山系徒步，注重生活情调与手作咖啡。,名下持有一套旧两居，置换回款 65% + 个人理财储蓄补充 + 公积金商业贷,重性价比，不盲信大牌，但要求物业管理有序、绿化修剪及时、人防技防规范。,常年本地稳定居住，工作日职住通勤动线规则单一。
上_2008_01417,上海,2008,本地改善,50,男,4.5,52.1,0.45,86.8,4,1,是,B,agent,0.64,0.44,0.56,0.49,0.45,0.99,0.46,0.74,0.56,自住-改善,两室一厅,69,7140,市第二中学地理教师,三口之家(学龄段),上海中环品质两居，车位及空间极其拥挤,小区无地下车库且人车不分流，小孩在楼下玩耍或者推婴儿车极为不安全。,讲究超高得房率（超85%），主卧套房必须配备独立步入式衣帽间与干湿分离双卫。,主要在陆家嘴/徐家汇CBD上班，首选地铁2/9号线沿线，通勤半小时内。,倡导轻户外，周末常带家人自驾野营或山系徒步，注重生活情调与手作咖啡。,名下持有一套旧两居，置换回款 65% + 个人理财储蓄补充 + 公积金商业贷,重性价比，不盲信大牌，但要求物业管理有序、绿化修剪及时、人防技防规范。,常年本地稳定居住，工作日职住通勤动线规则单一。
上_2008_01418,上海,2008,本地改善,45,男,2.5,20.7,0.45,34.5,4,1,否,B,agent,0.66,0.41,0.43,0.4,0.64,0.91,0.56,0.83,0.69,自住-改善,一室一厅,97,3028,国企车间技术主任,三口之家(学龄段),上海中环品质两居，车位及空间极其拥挤,小区无地下车库且人车不分流，小孩在楼下玩耍或者推婴儿车极为不安全。,讲究超高得房率（超85%），主卧套房必须配备独立步入式衣帽间与干湿分离双卫。,主要在陆家嘴/徐家汇CBD上班，首选地铁2/9号线沿线，通勤半小时内。,倡导轻户外，周末常带家人自驾野营或山系徒步，注重生活情调与手作咖啡。,名下持有一套旧两居，置换回款 65% + 个人理财储蓄补充 + 公积金商业贷,重性价比，不盲信大牌，但要求物业管理有序、绿化修剪及时、人防技防规范。,常年本地稳定居住，工作日职住通勤动线规则单一。
上_2008_01419,上海,2008,本地改善,50,男,1.8,15.2,0.45,25.3,4,2,是,B,agent,0.82,0.46,0.58,0.35,0.44,0.85,0.46,0.73,0.63,自住-改善,一室一厅,87,2201,市第二中学地理教师,二胎黄金期中大户型,上海中环品质两居，车位及空间极其拥挤,小区无地下车库且人车不分流，小孩在楼下玩耍或者推婴儿车极为不安全。,讲究超高得房率（超85%），主卧套房必须配备独立步入式衣帽间与干湿分离双卫。,主要在陆家嘴/徐家汇CBD上班，首选地铁2/9号线沿线，通勤半小时内。,倡导轻户外，周末常带家人自驾野营或山系徒步，注重生活情调与手作咖啡。,名下持有一套旧两居，置换回款 65% + 个人理财储蓄补充 + 公积金商业贷,重性价比，不盲信大牌，但要求物业管理有序、绿化修剪及时、人防技防规范。,常年本地稳定居住，工作日职住通勤动线规则单一。
上_2008_01420,上海,2008,长三角家庭,55,女,2.9,24.0,0.45,40.0,3,2,否,B,agent,0.54,0.66,0.62,0.46,0.43,0.82,0.31,0.74,0.56,自住-改善,一室一厅,91,2627,国企车间技术主任,二胎黄金期中大户型,上海中环品质两居，车位及空间极其拥挤,小区无地下车库且人车不分流，小孩在楼下玩耍或者推婴儿车极为不安全。,讲究超高得房率（超85%），主卧套房必须配备独立步入式衣帽间与干湿分离双卫。,主要在陆家嘴/徐家汇CBD上班，首选地铁2/9号线沿线，通勤半小时内。,倡导轻户外，周末常带家人自驾野营或山系徒步，注重生活情调与手作咖啡。,名下持有一套旧两居，置换回款 65% + 个人理财储蓄补充 + 公积金商业贷,重性价比，不盲信大牌，但要求物业管理有序、绿化修剪及时、人防技防规范。,常年本地稳定居住，工作日职住通勤动线规则单一。
上_2008_01421,上海,2008,本地改善,46,女,1.5,13.5,0.45,22.5,3,1,否,B,agent,0.66,0.56,0.75,0.54,0.45,0.88,0.58,0.64,0.72,自住-改善,两室两厅,90,1633,国企车间技术主任,三口之家(学龄段),上海中环品质两居，车位及空间极其拥挤,小区无地下车库且人车不分流，小孩在楼下玩耍或者推婴儿车极为不安全。,要求有超大面宽南向双阳台（观景家政分离），主卧大飘窗能270度直面自然景观。,主要在陆家嘴/徐家汇CBD上班，首选地铁2/9号线沿线，通勤半小时内。,倡导轻户外，周末常带家人自驾野营或山系徒步，注重生活情调与手作咖啡。,名下持有一套旧两居，置换回款 65% + 个人理财储蓄补充 + 公积金商业贷,非仁恒、绿城、万科等金牌开发商不买，极度看重高端精装质量与顶级物业的增值口碑。,常年本地稳定居住，工作日职住通勤动线规则单一。
上_2008_01422,上海,2008,本地改善,48,女,2.1,19.3,0.45,32.2,4,2,是,B,agent,0.68,0.41,0.55,0.41,0.58,0.62,0.55,0.64,0.69,自住-改善,一室一厅,61,3610,邮政局局长秘书,二胎黄金期中大户型,上海中环品质两居，车位及空间极其拥挤,小区无地下车库且人车不分流，小孩在楼下玩耍或者推婴儿车极为不安全。,要求采光通透，全明户型，带多功能嵌入式收纳墙以最大化空间利用。,主要在陆家嘴/徐家汇CBD上班，首选地铁2/9号线沿线，通勤半小时内。,倡导轻户外，周末常带家人自驾野营或山系徒步，注重生活情调与手作咖啡。,名下持有一套旧两居，置换回款 65% + 个人理财储蓄补充 + 公积金商业贷,重性价比，不盲信大牌，但要求物业管理有序、绿化修剪及时、人防技防规范。,常年本地稳定居住，工作日职住通勤动线规则单一。
上_2008_01423,上海,2008,金融精英,36,男,4.9,44.2,0.4,82.8,2,1,是,A,research,1,0.39,0.57,0.55,0.7,0.84,0.67,0.79,0.79,自住-首套,一室一厅,85,5801,老牌证券公司营业部经理,三口之家(幼龄段),西湖边高精平层,当前房屋属于旧多层无电梯房，父母年纪渐高每天爬楼梯极为吃力。,讲究超高得房率（超85%），主卧套房必须配备独立步入式衣帽间与干湿分离双卫。,主要在陆家嘴/徐家汇CBD上班，首选地铁2/9号线沿线，通勤半小时内。,周末常去高端商圈消费，热衷打网球和马术，重度手冲咖啡及黑胶唱片发烧友。,夫妻双方积蓄 + 双方父母出资赞助首付 + 公积金商业组合贷款,非仁恒、绿城、万科等金牌开发商不买，极度看重高端精装质量与顶级物业的增值口碑。,常年本地稳定居住，工作日职住通勤动线规则单一。
上_2008_01424,上海,2008,教育型买房,33,男,2.2,18.1,0.4,34.0,4,1,否,B,social,0.97,0.4,0.3,0.48,0.54,0.71,0.53,0.95,0.65,学区房,两室两厅,88,2654,邮政局局长秘书,三口之家(幼龄段),上海中环品质两居，车位及空间极其拥挤,小区无地下车库且人车不分流，小孩在楼下玩耍或者推婴儿车极为不安全。,讲究超高得房率（超85%），主卧套房必须配备独立步入式衣帽间与干湿分离双卫。,主要在陆家嘴/徐家汇CBD上班，首选地铁2/9号线沿线，通勤半小时内。,倡导轻户外，周末常带家人自驾野营或山系徒步，注重生活情调与手作咖啡。,名下持有一套旧两居，置换回款 65% + 个人理财储蓄补充 + 公积金商业贷,重性价比，不盲信大牌，但要求物业管理有序、绿化修剪及时、人防技防规范。,常年本地稳定居住，工作日职住通勤动线规则单一。
上_2008_01425,上海,2008,教育型买房,40,男,1.8,14.0,0.4,26.3,2,1,否,B,social,0.96,0.5,0.41,0.43,0.5,0.61,0.7,0.96,0.57,学区房,一室一厅,94,2212,市第二中学地理教师,三口之家(学龄段),上海中环品质两居，车位及空间极其拥挤,小区无地下车库且人车不分流，小孩在楼下玩耍或者推婴儿车极为不安全。,核心要求地块属于第一梯队名校学区，且周边500米内解决幼小衔接教育配套。,主要在陆家嘴/徐家汇CBD上班，首选地铁2/9号线沿线，通勤半小时内。,倡导轻户外，周末常带家人自驾野营或山系徒步，注重生活情调与手作咖啡。,名下持有一套旧两居，置换回款 65% + 个人理财储蓄补充 + 公积金商业贷,重性价比，不盲信大牌，但要求物业管理有序、绿化修剪及时、人防技防规范。,常年本地稳定居住，工作日职住通勤动线规则单一。
上_2008_01426,上海,2008,本地改善,57,男,2.8,26.9,0.45,44.8,4,2,否,B,agent,0.79,0.42,0.55,0.53,0.47,0.73,0.79,0.69,0.62,自住-改善,两室一厅,86,4664,邮政局局长秘书,二胎黄金期中大户型,上海中环品质两居，车位及空间极其拥挤,小区无地下车库且人车不分流，小孩在楼下玩耍或者推婴儿车极为不安全。,讲究超高得房率（超85%），主卧套房必须配备独立步入式衣帽间与干湿分离双卫。,主要在陆家嘴/徐家汇CBD上班，首选地铁2/9号线沿线，通勤半小时内。,倡导轻户外，周末常带家人自驾野营或山系徒步，注重生活情调与手作咖啡。,名下持有一套旧两居，置换回款 65% + 个人理财储蓄补充 + 公积金商业贷,重性价比，不盲信大牌，但要求物业管理有序、绿化修剪及时、人防技防规范。,常年本地稳定居住，工作日职住通勤动线规则单一。
上_2008_01427,上海,2008,本地改善,45,女,3.4,36.5,0.45,60.8,4,2,是,B,agent,0.73,0.57,0.52,0.55,0.57,0.79,0.69,0.68,0.56,自住-改善,一室一厅,57,7671,区财政局科员,二胎黄金期中大户型,上海中环品质两居，车位及空间极其拥挤,小区无地下车库且人车不分流，小孩在楼下玩耍或者推婴儿车极为不安全。,讲究超高得房率（超85%），主卧套房必须配备独立步入式衣帽间与干湿分离双卫。,主要在陆家嘴/徐家汇CBD上班，首选地铁2/9号线沿线，通勤半小时内。,倡导轻户外，周末常带家人自驾野营或山系徒步，注重生活情调与手作咖啡。,名下持有一套旧两居，置换回款 65% + 个人理财储蓄补充 + 公积金商业贷,重性价比，不盲信大牌，但要求物业管理有序、绿化修剪及时、人防技防规范。,常年本地稳定居住，工作日职住通勤动线规则单一。
上_2008_01428,上海,2008,外籍海归,37,女,4.4,33.8,0.4,63.3,2,1,是,A,social,0.81,0.45,0.46,0.62,0.62,0.66,0.62,0.75,0.82,自住-改善,两室两厅,67,7883,合资日化企业技术主管,三口之家(幼龄段),西湖边高精平层,当前房屋属于旧多层无电梯房，父母年纪渐高每天爬楼梯极为吃力。,核心要求地块属于第一梯队名校学区，且周边500米内解决幼小衔接教育配套。,主要在陆家嘴/徐家汇CBD上班，首选地铁2/9号线沿线，通勤半小时内。,周末常去高端商圈消费，热衷打网球和马术，重度手冲咖啡及黑胶唱片发烧友。,名下已有企业股权套现或分红现金，一次性全款付清，基本不加杠杆,非仁恒、绿城、万科等金牌开发商不买，极度看重高端精装质量与顶级物业的增值口碑。,常年本地稳定居住，工作日职住通勤动线规则单一。
上_2008_01429,上海,2008,金融精英,41,女,1.9,17.3,0.4,32.4,3,1,否,A,research,0.56,0.4,0.78,0.55,0.79,0.67,0.64,1,0.98,自住-改善,两室一厅,71,2582,商业银行支行信贷科长,三口之家(学龄段),市中心私密洋房住宅,无高端私密会所及管家式物业配套，圈层鱼龙混杂，高净值居住体验差。,要求有超大面宽南向双阳台（观景家政分离），主卧大飘窗能270度直面自然景观。,主要在陆家嘴/徐家汇CBD上班，首选地铁2/9号线沿线，通勤半小时内。,周末常去高端商圈消费，热衷打网球和马术，重度手冲咖啡及黑胶唱片发烧友。,名下已有企业股权套现或分红现金，一次性全款付清，基本不加杠杆,非仁恒、绿城、万科等金牌开发商不买，极度看重高端精装质量与顶级物业的增值口碑。,常年本地稳定居住，工作日职住通勤动线规则单一。
上_2008_01430,上海,2008,教育型买房,48,男,2.6,19.4,0.4,36.5,3,1,否,B,social,1,0.42,0.44,0.31,0.53,0.58,0.58,0.93,0.69,学区房,两室两厅,56,5235,区财政局科员,三口之家(学龄段),上海中环品质两居，车位及空间极其拥挤,小区无地下车库且人车不分流，小孩在楼下玩耍或者推婴儿车极为不安全。,核心要求地块属于第一梯队名校学区，且周边500米内解决幼小衔接教育配套。,主要在陆家嘴/徐家汇CBD上班，首选地铁2/9号线沿线，通勤半小时内。,倡导轻户外，周末常带家人自驾野营或山系徒步，注重生活情调与手作咖啡。,名下持有一套旧两居，置换回款 65% + 个人理财储蓄补充 + 公积金商业贷,重性价比，不盲信大牌，但要求物业管理有序、绿化修剪及时、人防技防规范。,常年本地稳定居住，工作日职住通勤动线规则单一。
上_2008_01431,上海,2008,外籍海归,36,女,5.9,40.3,0.4,75.5,3,1,否,A,social,0.73,0.53,0.55,0.54,0.93,0.68,0.75,0.78,0.82,自住-首套,两室一厅,57,10672,外企驻沪办事处代表,三口之家(幼龄段),陆家嘴核心区江景大平层,无高端私密会所及管家式物业配套，圈层鱼龙混杂，高净值居住体验差。,核心要求地块属于第一梯队名校学区，且周边500米内解决幼小衔接教育配套。,主要在陆家嘴/徐家汇CBD上班，首选地铁2/9号线沿线，通勤半小时内。,周末常去高端商圈消费，热衷打网球和马术，重度手冲咖啡及黑胶唱片发烧友。,夫妻双方积蓄 + 双方父母出资赞助首付 + 公积金商业组合贷款,非仁恒、绿城、万科等金牌开发商不买，极度看重高端精装质量与顶级物业的增值口碑。,常年本地稳定居住，工作日职住通勤动线规则单一。
上_2008_01432,上海,2008,本地改善,53,女,2.8,25.5,0.45,42.6,5,2,否,B,agent,0.51,0.56,0.63,0.78,0.47,0.82,0.59,0.63,0.72,自住-改善,两室两厅,87,3829,市第二中学地理教师,二胎黄金期中大户型,上海中环品质两居，车位及空间极其拥挤,小区无地下车库且人车不分流，小孩在楼下玩耍或者推婴儿车极为不安全。,要求独立电梯入户，主次卧动线分明，配备独立保姆房和私密后院。,主要在陆家嘴/徐家汇CBD上班，首选地铁2/9号线沿线，通勤半小时内。,倡导轻户外，周末常带家人自驾野营或山系徒步，注重生活情调与手作咖啡。,名下持有一套旧两居，置换回款 65% + 个人理财储蓄补充 + 公积金商业贷,非仁恒、绿城、万科等金牌开发商不买，极度看重高端精装质量与顶级物业的增值口碑。,常年本地稳定居住，工作日职住通勤动线规则单一。
上_2008_01433,上海,2008,外籍海归,41,男,5.0,25.2,0.4,47.3,3,1,否,A,social,0.7,0.62,0.54,0.58,0.66,0.7,0.53,0.88,0.79,自住-改善,两室一厅,85,3565,外企驻沪办事处代表,三口之家(学龄段),陆家嘴核心区江景大平层,无高端私密会所及管家式物业配套，圈层鱼龙混杂，高净值居住体验差。,讲究超高得房率（超85%），主卧套房必须配备独立步入式衣帽间与干湿分离双卫。,主要在陆家嘴/徐家汇CBD上班，首选地铁2/9号线沿线，通勤半小时内。,周末常去高端商圈消费，热衷打网球和马术，重度手冲咖啡及黑胶唱片发烧友。,名下已有企业股权套现或分红现金，一次性全款付清，基本不加杠杆,非仁恒、绿城、万科等金牌开发商不买，极度看重高端精装质量与顶级物业的增值口碑。,常年本地稳定居住，工作日职住通勤动线规则单一。
上_2008_01434,上海,2008,本地改善,48,男,2.2,22.7,0.45,37.9,5,2,是,B,agent,0.88,0.43,0.55,0.65,0.46,0.92,0.58,0.83,0.41,自住-改善,两室一厅,93,2237,区财政局科员,二胎黄金期中大户型,上海中环品质两居，车位及空间极其拥挤,小区无地下车库且人车不分流，小孩在楼下玩耍或者推婴儿车极为不安全。,讲究超高得房率（超85%），主卧套房必须配备独立步入式衣帽间与干湿分离双卫。,主要在陆家嘴/徐家汇CBD上班，首选地铁2/9号线沿线，通勤半小时内。,倡导轻户外，周末常带家人自驾野营或山系徒步，注重生活情调与手作咖啡。,名下持有一套旧两居，置换回款 65% + 个人理财储蓄补充 + 公积金商业贷,重性价比，不盲信大牌，但要求物业管理有序、绿化修剪及时、人防技防规范。,常年本地稳定居住，工作日职住通勤动线规则单一。
上_2008_01435,上海,2008,金融精英,44,男,5.1,41.1,0.4,77.1,3,1,否,A,research,0.82,0.5,0.72,0.58,0.64,0.75,0.68,0.69,0.88,自住-首套,一室一厅,92,4267,申银万国证券分析员,三口之家(学龄段),西湖边高精平层,无高端私密会所及管家式物业配套，圈层鱼龙混杂，高净值居住体验差。,要求有超大面宽南向双阳台（观景家政分离），主卧大飘窗能270度直面自然景观。,主要在陆家嘴/徐家汇CBD上班，首选地铁2/9号线沿线，通勤半小时内。,周末常去高端商圈消费，热衷打网球和马术，重度手冲咖啡及黑胶唱片发烧友。,夫妻双方积蓄 + 双方父母出资赞助首付 + 公积金商业组合贷款,非仁恒、绿城、万科等金牌开发商不买，极度看重高端精装质量与顶级物业的增值口碑。,常年本地稳定居住，工作日职住通勤动线规则单一。
上_2008_01436,上海,2008,金融精英,34,女,1.5,13.0,0.4,24.4,4,0,是,A,research,0.78,0.35,0.61,0.55,0.73,0.81,0.74,0.8,0.73,婚房,一室一厅,85,1580,老牌证券公司营业部经理,新婚过渡两居,西湖边高精平层,当前房屋属于旧多层无电梯房，父母年纪渐高每天爬楼梯极为吃力。,讲究超高得房率（超85%），主卧套房必须配备独立步入式衣帽间与干湿分离双卫。,主要在陆家嘴/徐家汇CBD上班，首选地铁2/9号线沿线，通勤半小时内。,周末常去高端商圈消费，热衷打网球和马术，重度手冲咖啡及黑胶唱片发烧友。,夫妻双方积蓄 + 双方父母出资赞助首付 + 公积金商业组合贷款,非仁恒、绿城、万科等金牌开发商不买，极度看重高端精装质量与顶级物业的增值口碑。,常年本地稳定居住，工作日职住通勤动线规则单一。
上_2008_01437,上海,2008,金融精英,39,女,6.2,57.9,0.4,108.5,3,1,否,A,research,1,0.57,0.62,0.64,0.71,0.76,0.83,0.82,0.67,自住-改善,两室一厅,78,7210,商业银行支行信贷科长,三口之家(学龄段),市中心私密洋房住宅,无高端私密会所及管家式物业配套，圈层鱼龙混杂，高净值居住体验差。,讲究超高得房率（超85%），主卧套房必须配备独立步入式衣帽间与干湿分离双卫。,主要在陆家嘴/徐家汇CBD上班，首选地铁2/9号线沿线，通勤半小时内。,周末常去高端商圈消费，热衷打网球和马术，重度手冲咖啡及黑胶唱片发烧友。,名下已有企业股权套现或分红现金，一次性全款付清，基本不加杠杆,重性价比，不盲信大牌，但要求物业管理有序、绿化修剪及时、人防技防规范。,常年本地稳定居住，工作日职住通勤动线规则单一。
上_2008_01438,上海,2008,教育型买房,42,男,2.8,27.4,0.4,51.3,2,2,是,B,social,1,0.4,0.25,0.28,0.68,0.69,0.52,1,0.55,学区房,两室两厅,53,7825,区财政局科员,二胎黄金期中大户型,上海中环品质两居，车位及空间极其拥挤,小区无地下车库且人车不分流，小孩在楼下玩耍或者推婴儿车极为不安全。,核心要求地块属于第一梯队名校学区，且周边500米内解决幼小衔接教育配套。,主要在陆家嘴/徐家汇CBD上班，首选地铁2/9号线沿线，通勤半小时内。,倡导轻户外，周末常带家人自驾野营或山系徒步，注重生活情调与手作咖啡。,名下持有一套旧两居，置换回款 65% + 个人理财储蓄补充 + 公积金商业贷,重性价比，不盲信大牌，但要求物业管理有序、绿化修剪及时、人防技防规范。,常年本地稳定居住，工作日职住通勤动线规则单一。
上_2008_01439,上海,2008,本地改善,47,男,2.1,16.0,0.45,26.7,4,2,否,B,agent,0.82,0.46,0.56,0.53,0.49,0.92,0.53,0.73,0.58,自住-改善,两室两厅,92,2192,市第二中学地理教师,二胎黄金期中大户型,上海中环品质两居，车位及空间极其拥挤,小区无地下车库且人车不分流，小孩在楼下玩耍或者推婴儿车极为不安全。,讲究超高得房率（超85%），主卧套房必须配备独立步入式衣帽间与干湿分离双卫。,主要在陆家嘴/徐家汇CBD上班，首选地铁2/9号线沿线，通勤半小时内。,倡导轻户外，周末常带家人自驾野营或山系徒步，注重生活情调与手作咖啡。,名下持有一套旧两居，置换回款 65% + 个人理财储蓄补充 + 公积金商业贷,重性价比，不盲信大牌，但要求物业管理有序、绿化修剪及时、人防技防规范。,常年本地稳定居住，工作日职住通勤动线规则单一。
上_2008_01440,上海,2008,本地改善,38,男,3.7,31.9,0.45,53.2,5,1,否,B,agent,0.58,0.38,0.62,0.55,0.47,0.83,0.74,0.58,0.56,自住-改善,两室一厅,94,3903,区财政局科员,三口之家(学龄段),上海中环品质两居，车位及空间极其拥挤,小区无地下车库且人车不分流，小孩在楼下玩耍或者推婴儿车极为不安全。,讲究超高得房率（超85%），主卧套房必须配备独立步入式衣帽间与干湿分离双卫。,主要在陆家嘴/徐家汇CBD上班，首选地铁2/9号线沿线，通勤半小时内。,倡导轻户外，周末常带家人自驾野营或山系徒步，注重生活情调与手作咖啡。,名下持有一套旧两居，置换回款 65% + 个人理财储蓄补充 + 公积金商业贷,重性价比，不盲信大牌，但要求物业管理有序、绿化修剪及时、人防技防规范。,常年本地稳定居住，工作日职住通勤动线规则单一。
上_2008_01441,上海,2008,金融精英,44,女,7.8,67.9,0.4,127.3,4,2,否,A,research,0.55,0.42,0.76,0.55,0.81,0.73,0.73,0.68,0.92,自住-首套,两室一厅,74,9699,申银万国证券分析员,二胎黄金期中大户型,西湖边高精平层,无高端私密会所及管家式物业配套，圈层鱼龙混杂，高净值居住体验差。,要求有超大面宽南向双阳台（观景家政分离），主卧大飘窗能270度直面自然景观。,主要在陆家嘴/徐家汇CBD上班，首选地铁2/9号线沿线，通勤半小时内。,周末常去高端商圈消费，热衷打网球和马术，重度手冲咖啡及黑胶唱片发烧友。,夫妻双方积蓄 + 双方父母出资赞助首付 + 公积金商业组合贷款,非仁恒、绿城、万科等金牌开发商不买，极度看重高端精装质量与顶级物业的增值口碑。,常年本地稳定居住，工作日职住通勤动线规则单一。
上_2008_01442,上海,2008,教育型买房,32,男,2.5,20.3,0.4,38.2,2,2,是,B,social,0.98,0.62,0.38,0.33,0.62,0.77,0.47,0.85,0.59,学区房,两室一厅,90,2168,邮政局局长秘书,二胎黄金期中大户型,上海中环品质两居，车位及空间极其拥挤,小区无地下车库且人车不分流，小孩在楼下玩耍或者推婴儿车极为不安全。,讲究超高得房率（超85%），主卧套房必须配备独立步入式衣帽间与干湿分离双卫。,主要在陆家嘴/徐家汇CBD上班，首选地铁2/9号线沿线，通勤半小时内。,倡导轻户外，周末常带家人自驾野营或山系徒步，注重生活情调与手作咖啡。,名下持有一套旧两居，置换回款 65% + 个人理财储蓄补充 + 公积金商业贷,重性价比，不盲信大牌，但要求物业管理有序、绿化修剪及时、人防技防规范。,常年本地稳定居住，工作日职住通勤动线规则单一。
上_2008_01443,上海,2008,教育型买房,40,女,2.2,21.2,0.4,39.8,4,0,否,B,social,0.92,0.51,0.41,0.44,0.68,0.6,0.56,0.86,0.69,学区房,两室一厅,64,3245,区财政局科员,成熟期核心家庭,上海中环品质两居，车位及空间极其拥挤,老小区隔音差，邻里滋扰严重，且车位严重匮乏，每晚加班回来抢车位像打仗。,核心要求地块属于第一梯队名校学区，且周边500米内解决幼小衔接教育配套。,主要在陆家嘴/徐家汇CBD上班，首选地铁2/9号线沿线，通勤半小时内。,倡导轻户外，周末常带家人自驾野营或山系徒步，注重生活情调与手作咖啡。,名下持有一套旧两居，置换回款 65% + 个人理财储蓄补充 + 公积金商业贷,重性价比，不盲信大牌，但要求物业管理有序、绿化修剪及时、人防技防规范。,常年本地稳定居住，工作日职住通勤动线规则单一。
上_2008_01444,上海,2008,教育型买房,32,男,2.5,25.0,0.4,46.8,4,1,是,B,social,0.76,0.53,0.36,0.39,0.48,0.64,0.72,0.79,0.56,学区房,两室两厅,57,6374,市第二中学地理教师,三口之家(幼龄段),上海中环品质两居，车位及空间极其拥挤,小区无地下车库且人车不分流，小孩在楼下玩耍或者推婴儿车极为不安全。,核心要求地块属于第一梯队名校学区，且周边500米内解决幼小衔接教育配套。,主要在陆家嘴/徐家汇CBD上班，首选地铁2/9号线沿线，通勤半小时内。,倡导轻户外，周末常带家人自驾野营或山系徒步，注重生活情调与手作咖啡。,名下持有一套旧两居，置换回款 65% + 个人理财储蓄补充 + 公积金商业贷,重性价比，不盲信大牌，但要求物业管理有序、绿化修剪及时、人防技防规范。,常年本地稳定居住，工作日职住通勤动线规则单一。
上_2008_01445,上海,2008,本地改善,50,女,1.3,16.3,0.45,27.2,5,2,否,B,agent,0.84,0.6,0.63,0.49,0.64,0.86,0.54,0.72,0.51,自住-改善,两室两厅,68,2685,区财政局科员,二胎黄金期中大户型,上海中环品质两居，车位及空间极其拥挤,小区无地下车库且人车不分流，小孩在楼下玩耍或者推婴儿车极为不安全。,讲究超高得房率（超85%），主卧套房必须配备独立步入式衣帽间与干湿分离双卫。,主要在陆家嘴/徐家汇CBD上班，首选地铁2/9号线沿线，通勤半小时内。,倡导轻户外，周末常带家人自驾野营或山系徒步，注重生活情调与手作咖啡。,名下持有一套旧两居，置换回款 65% + 个人理财储蓄补充 + 公积金商业贷,重性价比，不盲信大牌，但要求物业管理有序、绿化修剪及时、人防技防规范。,常年本地稳定居住，工作日职住通勤动线规则单一。
上_2008_01446,上海,2008,教育型买房,36,男,2.9,26.4,0.4,49.6,2,1,否,B,social,0.9,0.63,0.51,0.5,0.64,0.65,0.59,1,0.56,学区房,两室一厅,91,4461,市第二中学地理教师,三口之家(幼龄段),上海中环品质两居，车位及空间极其拥挤,小区无地下车库且人车不分流，小孩在楼下玩耍或者推婴儿车极为不安全。,核心要求地块属于第一梯队名校学区，且周边500米内解决幼小衔接教育配套。,主要在陆家嘴/徐家汇CBD上班，首选地铁2/9号线沿线，通勤半小时内。,倡导轻户外，周末常带家人自驾野营或山系徒步，注重生活情调与手作咖啡。,名下持有一套旧两居，置换回款 65% + 个人理财储蓄补充 + 公积金商业贷,重性价比，不盲信大牌，但要求物业管理有序、绿化修剪及时、人防技防规范。,常年本地稳定居住，工作日职住通勤动线规则单一。
上_2008_01447,上海,2008,金融精英,40,男,3.3,31.4,0.4,58.8,3,1,否,A,research,0.98,0.44,0.6,0.54,0.76,0.89,0.79,0.66,0.85,自住-首套,一室一厅,69,4378,商业银行支行信贷科长,三口之家(学龄段),西湖边高精平层,无高端私密会所及管家式物业配套，圈层鱼龙混杂，高净值居住体验差。,讲究超高得房率（超85%），主卧套房必须配备独立步入式衣帽间与干湿分离双卫。,主要在陆家嘴/徐家汇CBD上班，首选地铁2/9号线沿线，通勤半小时内。,周末常去高端商圈消费，热衷打网球和马术，重度手冲咖啡及黑胶唱片发烧友。,夫妻双方积蓄 + 双方父母出资赞助首付 + 公积金商业组合贷款,非仁恒、绿城、万科等金牌开发商不买，极度看重高端精装质量与顶级物业的增值口碑。,常年本地稳定居住，工作日职住通勤动线规则单一。
上_2008_01448,上海,2008,金融精英,37,女,5.5,50.1,0.4,94.0,3,0,否,A,research,0.78,0.47,0.56,0.73,0.75,0.7,0.68,0.62,0.81,自住-首套,一室一厅,87,8635,申银万国证券分析员,成熟期核心家庭,陆家嘴核心区江景大平层,无高端私密会所及管家式物业配套，圈层鱼龙混杂，高净值居住体验差。,要求独立电梯入户，主次卧动线分明，配备独立保姆房和私密后院。,主要在陆家嘴/徐家汇CBD上班，首选地铁2/9号线沿线，通勤半小时内。,周末常去高端商圈消费，热衷打网球和马术，重度手冲咖啡及黑胶唱片发烧友。,夫妻双方积蓄 + 双方父母出资赞助首付 + 公积金商业组合贷款,非仁恒、绿城、万科等金牌开发商不买，极度看重高端精装质量与顶级物业的增值口碑。,常年本地稳定居住，工作日职住通勤动线规则单一。
上_2008_01449,上海,2008,本地改善,55,男,1.0,11.3,0.45,18.8,4,2,否,B,agent,0.89,0.54,0.54,0.32,0.45,0.82,0.77,0.7,0.56,自住-改善,一室一厅,93,1478,区财政局科员,二胎黄金期中大户型,上海中环品质两居，车位及空间极其拥挤,小区无地下车库且人车不分流，小孩在楼下玩耍或者推婴儿车极为不安全。,讲究超高得房率（超85%），主卧套房必须配备独立步入式衣帽间与干湿分离双卫。,主要在陆家嘴/徐家汇CBD上班，首选地铁2/9号线沿线，通勤半小时内。,倡导轻户外，周末常带家人自驾野营或山系徒步，注重生活情调与手作咖啡。,名下持有一套旧两居，置换回款 65% + 个人理财储蓄补充 + 公积金商业贷,重性价比，不盲信大牌，但要求物业管理有序、绿化修剪及时、人防技防规范。,常年本地稳定居住，工作日职住通勤动线规则单一。
上_2008_01450,上海,2008,本地改善,42,女,3.7,39.6,0.45,66.1,4,2,是,B,agent,0.98,0.58,0.62,0.54,0.55,0.89,0.73,0.69,0.43,自住-改善,一室一厅,95,6056,邮政局局长秘书,二胎黄金期中大户型,上海中环品质两居，车位及空间极其拥挤,小区无地下车库且人车不分流，小孩在楼下玩耍或者推婴儿车极为不安全。,讲究超高得房率（超85%），主卧套房必须配备独立步入式衣帽间与干湿分离双卫。,主要在陆家嘴/徐家汇CBD上班，首选地铁2/9号线沿线，通勤半小时内。,倡导轻户外，周末常带家人自驾野营或山系徒步，注重生活情调与手作咖啡。,名下持有一套旧两居，置换回款 65% + 个人理财储蓄补充 + 公积金商业贷,重性价比，不盲信大牌，但要求物业管理有序、绿化修剪及时、人防技防规范。,常年本地稳定居住，工作日职住通勤动线规则单一。
上_2008_01451,上海,2008,金融精英,45,男,1.0,8.3,0.4,15.5,4,1,否,A,research,0.67,0.45,0.69,0.51,0.78,0.7,0.76,0.75,0.82,自住-改善,一室一厅,89,1274,老牌证券公司营业部经理,三口之家(学龄段),陆家嘴核心区江景大平层,无高端私密会所及管家式物业配套，圈层鱼龙混杂，高净值居住体验差。,讲究超高得房率（超85%），主卧套房必须配备独立步入式衣帽间与干湿分离双卫。,主要在陆家嘴/徐家汇CBD上班，首选地铁2/9号线沿线，通勤半小时内。,周末常去高端商圈消费，热衷打网球和马术，重度手冲咖啡及黑胶唱片发烧友。,名下已有企业股权套现或分红现金，一次性全款付清，基本不加杠杆,非仁恒、绿城、万科等金牌开发商不买，极度看重高端精装质量与顶级物业的增值口碑。,常年本地稳定居住，工作日职住通勤动线规则单一。
上_2008_01452,上海,2008,本地改善,53,男,2.2,27.4,0.45,45.7,3,3,是,B,agent,0.71,0.52,0.57,0.47,0.56,0.99,0.6,0.62,0.58,自住-改善,一室一厅,64,3976,区财政局科员,二胎黄金期中大户型,上海中环品质两居，车位及空间极其拥挤,小区无地下车库且人车不分流，小孩在楼下玩耍或者推婴儿车极为不安全。,讲究超高得房率（超85%），主卧套房必须配备独立步入式衣帽间与干湿分离双卫。,主要在陆家嘴/徐家汇CBD上班，首选地铁2/9号线沿线，通勤半小时内。,倡导轻户外，周末常带家人自驾野营或山系徒步，注重生活情调与手作咖啡。,名下持有一套旧两居，置换回款 65% + 个人理财储蓄补充 + 公积金商业贷,重性价比，不盲信大牌，但要求物业管理有序、绿化修剪及时、人防技防规范。,常年本地稳定居住，工作日职住通勤动线规则单一。
上_2008_01453,上海,2008,金融精英,40,男,7.0,55.2,0.4,103.5,2,1,否,A,research,0.66,0.53,0.71,0.6,0.82,0.77,0.57,0.81,0.83,自住-首套,一室一厅,99,7146,申银万国证券分析员,三口之家(学龄段),西湖边高精平层,无高端私密会所及管家式物业配套，圈层鱼龙混杂，高净值居住体验差。,要求有超大面宽南向双阳台（观景家政分离），主卧大飘窗能270度直面自然景观。,主要在陆家嘴/徐家汇CBD上班，首选地铁2/9号线沿线，通勤半小时内。,周末常去高端商圈消费，热衷打网球和马术，重度手冲咖啡及黑胶唱片发烧友。,夫妻双方积蓄 + 双方父母出资赞助首付 + 公积金商业组合贷款,非仁恒、绿城、万科等金牌开发商不买，极度看重高端精装质量与顶级物业的增值口碑。,常年本地稳定居住，工作日职住通勤动线规则单一。
上_2008_01454,上海,2008,教育型买房,37,男,4.5,30.7,0.4,57.6,3,2,否,B,social,0.99,0.41,0.28,0.29,0.54,0.78,0.51,0.97,0.69,学区房,一室一厅,59,5591,邮政局局长秘书,二胎黄金期中大户型,上海中环品质两居，车位及空间极其拥挤,小区无地下车库且人车不分流，小孩在楼下玩耍或者推婴儿车极为不安全。,讲究超高得房率（超85%），主卧套房必须配备独立步入式衣帽间与干湿分离双卫。,主要在陆家嘴/徐家汇CBD上班，首选地铁2/9号线沿线，通勤半小时内。,倡导轻户外，周末常带家人自驾野营或山系徒步，注重生活情调与手作咖啡。,名下持有一套旧两居，置换回款 65% + 个人理财储蓄补充 + 公积金商业贷,重性价比，不盲信大牌，但要求物业管理有序、绿化修剪及时、人防技防规范。,常年本地稳定居住，工作日职住通勤动线规则单一。
上_2008_01455,上海,2008,金融精英,46,男,4.8,40.3,0.4,75.5,2,1,否,A,research,0.54,0.41,0.55,0.6,0.66,0.75,0.69,0.78,0.78,自住-改善,两室一厅,56,10116,申银万国证券分析员,三口之家(学龄段),市中心私密洋房住宅,无高端私密会所及管家式物业配套，圈层鱼龙混杂，高净值居住体验差。,讲究超高得房率（超85%），主卧套房必须配备独立步入式衣帽间与干湿分离双卫。,主要在陆家嘴/徐家汇CBD上班，首选地铁2/9号线沿线，通勤半小时内。,周末常去高端商圈消费，热衷打网球和马术，重度手冲咖啡及黑胶唱片发烧友。,名下已有企业股权套现或分红现金，一次性全款付清，基本不加杠杆,非仁恒、绿城、万科等金牌开发商不买，极度看重高端精装质量与顶级物业的增值口碑。,常年本地稳定居住，工作日职住通勤动线规则单一。
上_2008_01456,上海,2008,本地改善,49,女,3.5,44.2,0.45,73.6,3,1,否,B,agent,0.52,0.44,0.63,0.49,0.66,0.98,0.55,0.63,0.72,自住-改善,两室两厅,75,8752,国企车间技术主任,三口之家(学龄段),上海中环品质两居，车位及空间极其拥挤,小区无地下车库且人车不分流，小孩在楼下玩耍或者推婴儿车极为不安全。,讲究超高得房率（超85%），主卧套房必须配备独立步入式衣帽间与干湿分离双卫。,主要在陆家嘴/徐家汇CBD上班，首选地铁2/9号线沿线，通勤半小时内。,倡导轻户外，周末常带家人自驾野营或山系徒步，注重生活情调与手作咖啡。,名下持有一套旧两居，置换回款 65% + 个人理财储蓄补充 + 公积金商业贷,非仁恒、绿城、万科等金牌开发商不买，极度看重高端精装质量与顶级物业的增值口碑。,常年本地稳定居住，工作日职住通勤动线规则单一。
上_2008_01457,上海,2008,金融精英,33,男,6.7,41.3,0.4,77.5,3,1,否,A,research,0.51,0.48,0.68,0.5,0.64,0.77,0.62,0.67,0.8,婚房,一室一厅,60,6819,申银万国证券分析员,三口之家(幼龄段),西湖边高精平层,无高端私密会所及管家式物业配套，圈层鱼龙混杂，高净值居住体验差。,讲究超高得房率（超85%），主卧套房必须配备独立步入式衣帽间与干湿分离双卫。,主要在陆家嘴/徐家汇CBD上班，首选地铁2/9号线沿线，通勤半小时内。,周末常去高端商圈消费，热衷打网球和马术，重度手冲咖啡及黑胶唱片发烧友。,夫妻双方积蓄 + 双方父母出资赞助首付 + 公积金商业组合贷款,非仁恒、绿城、万科等金牌开发商不买，极度看重高端精装质量与顶级物业的增值口碑。,常年本地稳定居住，工作日职住通勤动线规则单一。
上_2008_01458,上海,2008,本地改善,46,女,3.0,26.3,0.45,43.8,4,2,是,B,agent,0.78,0.4,0.55,0.63,0.57,0.95,0.76,0.66,0.63,自住-改善,一室一厅,61,5641,区财政局科员,二胎黄金期中大户型,上海中环品质两居，车位及空间极其拥挤,小区无地下车库且人车不分流，小孩在楼下玩耍或者推婴儿车极为不安全。,讲究超高得房率（超85%），主卧套房必须配备独立步入式衣帽间与干湿分离双卫。,主要在陆家嘴/徐家汇CBD上班，首选地铁2/9号线沿线，通勤半小时内。,倡导轻户外，周末常带家人自驾野营或山系徒步，注重生活情调与手作咖啡。,名下持有一套旧两居，置换回款 65% + 个人理财储蓄补充 + 公积金商业贷,重性价比，不盲信大牌，但要求物业管理有序、绿化修剪及时、人防技防规范。,常年本地稳定居住，工作日职住通勤动线规则单一。
上_2008_01459,上海,2008,长三角家庭,53,女,2.0,16.0,0.45,26.6,4,2,否,B,agent,0.65,0.48,0.55,0.51,0.57,0.76,0.3,0.74,0.8,自住-改善,一室一厅,68,3475,区财政局科员,二胎黄金期中大户型,上海中环品质两居，车位及空间极其拥挤,小区无地下车库且人车不分流，小孩在楼下玩耍或者推婴儿车极为不安全。,讲究超高得房率（超85%），主卧套房必须配备独立步入式衣帽间与干湿分离双卫。,主要在陆家嘴/徐家汇CBD上班，首选地铁2/9号线沿线，通勤半小时内。,倡导轻户外，周末常带家人自驾野营或山系徒步，注重生活情调与手作咖啡。,名下持有一套旧两居，置换回款 65% + 个人理财储蓄补充 + 公积金商业贷,非仁恒、绿城、万科等金牌开发商不买，极度看重高端精装质量与顶级物业的增值口碑。,常年本地稳定居住，工作日职住通勤动线规则单一。
上_2008_01460,上海,2008,教育型买房,48,女,4.9,29.1,0.4,54.6,2,2,否,B,social,0.88,0.42,0.46,0.39,0.55,0.57,0.48,0.97,0.64,学区房,两室两厅,86,5574,市第二中学地理教师,二胎黄金期中大户型,上海中环品质两居，车位及空间极其拥挤,小区无地下车库且人车不分流，小孩在楼下玩耍或者推婴儿车极为不安全。,核心要求地块属于第一梯队名校学区，且周边500米内解决幼小衔接教育配套。,主要在陆家嘴/徐家汇CBD上班，首选地铁2/9号线沿线，通勤半小时内。,倡导轻户外，周末常带家人自驾野营或山系徒步，注重生活情调与手作咖啡。,名下持有一套旧两居，置换回款 65% + 个人理财储蓄补充 + 公积金商业贷,重性价比，不盲信大牌，但要求物业管理有序、绿化修剪及时、人防技防规范。,常年本地稳定居住，工作日职住通勤动线规则单一。
上_2008_01461,上海,2008,长三角家庭,41,男,2.3,16.6,0.45,27.6,3,2,是,B,agent,0.92,0.63,0.47,0.49,0.58,0.85,0.31,0.69,0.61,自住-改善,一室一厅,74,2506,区财政局科员,二胎黄金期中大户型,上海中环品质两居，车位及空间极其拥挤,小区无地下车库且人车不分流，小孩在楼下玩耍或者推婴儿车极为不安全。,讲究超高得房率（超85%），主卧套房必须配备独立步入式衣帽间与干湿分离双卫。,主要在陆家嘴/徐家汇CBD上班，首选地铁2/9号线沿线，通勤半小时内。,倡导轻户外，周末常带家人自驾野营或山系徒步，注重生活情调与手作咖啡。,名下持有一套旧两居，置换回款 65% + 个人理财储蓄补充 + 公积金商业贷,重性价比，不盲信大牌，但要求物业管理有序、绿化修剪及时、人防技防规范。,常年本地稳定居住，工作日职住通勤动线规则单一。
上_2008_01462,上海,2008,本地改善,47,男,2.8,29.6,0.45,49.4,5,2,否,B,agent,0.58,0.57,0.56,0.5,0.72,0.81,0.5,0.72,0.64,自住-改善,一室一厅,52,7756,邮政局局长秘书,二胎黄金期中大户型,上海中环品质两居，车位及空间极其拥挤,小区无地下车库且人车不分流，小孩在楼下玩耍或者推婴儿车极为不安全。,讲究超高得房率（超85%），主卧套房必须配备独立步入式衣帽间与干湿分离双卫。,主要在陆家嘴/徐家汇CBD上班，首选地铁2/9号线沿线，通勤半小时内。,倡导轻户外，周末常带家人自驾野营或山系徒步，注重生活情调与手作咖啡。,名下持有一套旧两居，置换回款 65% + 个人理财储蓄补充 + 公积金商业贷,重性价比，不盲信大牌，但要求物业管理有序、绿化修剪及时、人防技防规范。,常年本地稳定居住，工作日职住通勤动线规则单一。
上_2008_01463,上海,2008,本地改善,54,男,1.0,8.8,0.45,14.7,5,3,是,B,agent,0.63,0.42,0.53,0.35,0.59,0.84,0.66,0.87,0.56,自住-改善,两室两厅,65,1807,市第二中学地理教师,二胎黄金期中大户型,上海中环品质两居，车位及空间极其拥挤,小区无地下车库且人车不分流，小孩在楼下玩耍或者推婴儿车极为不安全。,讲究超高得房率（超85%），主卧套房必须配备独立步入式衣帽间与干湿分离双卫。,主要在陆家嘴/徐家汇CBD上班，首选地铁2/9号线沿线，通勤半小时内。,倡导轻户外，周末常带家人自驾野营或山系徒步，注重生活情调与手作咖啡。,名下持有一套旧两居，置换回款 65% + 个人理财储蓄补充 + 公积金商业贷,重性价比，不盲信大牌，但要求物业管理有序、绿化修剪及时、人防技防规范。,常年本地稳定居住，工作日职住通勤动线规则单一。
上_2008_01464,上海,2008,本地改善,51,男,1.7,17.0,0.45,28.3,3,2,是,B,agent,0.87,0.41,0.68,0.49,0.5,0.78,0.59,0.69,0.74,自住-改善,一室一厅,83,2058,市第二中学地理教师,二胎黄金期中大户型,上海中环品质两居，车位及空间极其拥挤,小区无地下车库且人车不分流，小孩在楼下玩耍或者推婴儿车极为不安全。,讲究超高得房率（超85%），主卧套房必须配备独立步入式衣帽间与干湿分离双卫。,主要在陆家嘴/徐家汇CBD上班，首选地铁2/9号线沿线，通勤半小时内。,倡导轻户外，周末常带家人自驾野营或山系徒步，注重生活情调与手作咖啡。,名下持有一套旧两居，置换回款 65% + 个人理财储蓄补充 + 公积金商业贷,非仁恒、绿城、万科等金牌开发商不买，极度看重高端精装质量与顶级物业的增值口碑。,常年本地稳定居住，工作日职住通勤动线规则单一。
上_2008_01465,上海,2008,教育型买房,45,女,2.2,18.6,0.4,34.8,3,1,否,B,social,0.97,0.57,0.34,0.41,0.58,0.8,0.62,0.98,0.59,学区房,一室一厅,70,4423,国企车间技术主任,三口之家(学龄段),上海中环品质两居，车位及空间极其拥挤,小区无地下车库且人车不分流，小孩在楼下玩耍或者推婴儿车极为不安全。,讲究超高得房率（超85%），主卧套房必须配备独立步入式衣帽间与干湿分离双卫。,主要在陆家嘴/徐家汇CBD上班，首选地铁2/9号线沿线，通勤半小时内。,倡导轻户外，周末常带家人自驾野营或山系徒步，注重生活情调与手作咖啡。,名下持有一套旧两居，置换回款 65% + 个人理财储蓄补充 + 公积金商业贷,重性价比，不盲信大牌，但要求物业管理有序、绿化修剪及时、人防技防规范。,常年本地稳定居住，工作日职住通勤动线规则单一。
上_2008_01466,上海,2008,教育型买房,44,男,3.1,28.0,0.4,52.4,3,1,否,B,social,0.78,0.43,0.35,0.35,0.6,0.72,0.5,0.95,0.59,学区房,两室两厅,86,3419,邮政局局长秘书,三口之家(学龄段),上海中环品质两居，车位及空间极其拥挤,小区无地下车库且人车不分流，小孩在楼下玩耍或者推婴儿车极为不安全。,讲究超高得房率（超85%），主卧套房必须配备独立步入式衣帽间与干湿分离双卫。,主要在陆家嘴/徐家汇CBD上班，首选地铁2/9号线沿线，通勤半小时内。,倡导轻户外，周末常带家人自驾野营或山系徒步，注重生活情调与手作咖啡。,名下持有一套旧两居，置换回款 65% + 个人理财储蓄补充 + 公积金商业贷,重性价比，不盲信大牌，但要求物业管理有序、绿化修剪及时、人防技防规范。,常年本地稳定居住，工作日职住通勤动线规则单一。
上_2008_01467,上海,2008,教育型买房,33,男,4.1,40.8,0.4,76.6,3,1,是,B,social,0.84,0.5,0.46,0.33,0.66,0.75,0.64,1,0.68,学区房,两室两厅,66,6961,国企车间技术主任,三口之家(幼龄段),上海中环品质两居，车位及空间极其拥挤,小区无地下车库且人车不分流，小孩在楼下玩耍或者推婴儿车极为不安全。,讲究超高得房率（超85%），主卧套房必须配备独立步入式衣帽间与干湿分离双卫。,主要在陆家嘴/徐家汇CBD上班，首选地铁2/9号线沿线，通勤半小时内。,倡导轻户外，周末常带家人自驾野营或山系徒步，注重生活情调与手作咖啡。,名下持有一套旧两居，置换回款 65% + 个人理财储蓄补充 + 公积金商业贷,重性价比，不盲信大牌，但要求物业管理有序、绿化修剪及时、人防技防规范。,常年本地稳定居住，工作日职住通勤动线规则单一。
上_2008_01468,上海,2008,金融精英,37,男,7.8,76.8,0.4,143.9,3,0,是,A,research,0.73,0.43,0.54,0.68,0.83,0.79,0.65,0.85,0.9,自住-首套,两室一厅,87,10913,申银万国证券分析员,成熟期核心家庭,西湖边高精平层,当前房屋属于旧多层无电梯房，父母年纪渐高每天爬楼梯极为吃力。,讲究超高得房率（超85%），主卧套房必须配备独立步入式衣帽间与干湿分离双卫。,主要在陆家嘴/徐家汇CBD上班，首选地铁2/9号线沿线，通勤半小时内。,周末常去高端商圈消费，热衷打网球和马术，重度手冲咖啡及黑胶唱片发烧友。,夫妻双方积蓄 + 双方父母出资赞助首付 + 公积金商业组合贷款,非仁恒、绿城、万科等金牌开发商不买，极度看重高端精装质量与顶级物业的增值口碑。,常年本地稳定居住，工作日职住通勤动线规则单一。
上_2008_01469,上海,2008,本地改善,53,女,1.5,12.3,0.45,20.5,4,3,否,B,agent,1,0.59,0.53,0.57,0.31,0.8,0.54,0.69,0.69,自住-改善,两室一厅,57,1936,市第二中学地理教师,二胎黄金期中大户型,上海中环品质两居，车位及空间极其拥挤,小区无地下车库且人车不分流，小孩在楼下玩耍或者推婴儿车极为不安全。,讲究超高得房率（超85%），主卧套房必须配备独立步入式衣帽间与干湿分离双卫。,主要在陆家嘴/徐家汇CBD上班，首选地铁2/9号线沿线，通勤半小时内。,倡导轻户外，周末常带家人自驾野营或山系徒步，注重生活情调与手作咖啡。,名下持有一套旧两居，置换回款 65% + 个人理财储蓄补充 + 公积金商业贷,重性价比，不盲信大牌，但要求物业管理有序、绿化修剪及时、人防技防规范。,常年本地稳定居住，工作日职住通勤动线规则单一。
上_2008_01470,上海,2008,本地改善,51,男,3.0,32.4,0.45,54.0,3,2,否,B,agent,0.68,0.38,0.56,0.55,0.51,0.86,0.64,0.83,0.5,自住-改善,一室一厅,66,7269,国企车间技术主任,二胎黄金期中大户型,上海中环品质两居，车位及空间极其拥挤,小区无地下车库且人车不分流，小孩在楼下玩耍或者推婴儿车极为不安全。,讲究超高得房率（超85%），主卧套房必须配备独立步入式衣帽间与干湿分离双卫。,主要在陆家嘴/徐家汇CBD上班，首选地铁2/9号线沿线，通勤半小时内。,倡导轻户外，周末常带家人自驾野营或山系徒步，注重生活情调与手作咖啡。,名下持有一套旧两居，置换回款 65% + 个人理财储蓄补充 + 公积金商业贷,重性价比，不盲信大牌，但要求物业管理有序、绿化修剪及时、人防技防规范。,常年本地稳定居住，工作日职住通勤动线规则单一。
上_2008_01471,上海,2008,教育型买房,43,女,4.4,37.2,0.4,69.8,3,1,否,B,social,0.86,0.49,0.39,0.26,0.51,0.69,0.58,1,0.59,学区房,两室两厅,96,4652,邮政局局长秘书,三口之家(学龄段),上海中环品质两居，车位及空间极其拥挤,小区无地下车库且人车不分流，小孩在楼下玩耍或者推婴儿车极为不安全。,核心要求地块属于第一梯队名校学区，且周边500米内解决幼小衔接教育配套。,主要在陆家嘴/徐家汇CBD上班，首选地铁2/9号线沿线，通勤半小时内。,倡导轻户外，周末常带家人自驾野营或山系徒步，注重生活情调与手作咖啡。,名下持有一套旧两居，置换回款 65% + 个人理财储蓄补充 + 公积金商业贷,重性价比，不盲信大牌，但要求物业管理有序、绿化修剪及时、人防技防规范。,常年本地稳定居住，工作日职住通勤动线规则单一。
上_2008_01472,上海,2008,教育型买房,32,女,5.5,44.7,0.4,83.9,3,1,否,B,social,0.74,0.39,0.46,0.43,0.57,0.65,0.53,0.85,0.6,学区房,一室一厅,52,11620,区财政局科员,三口之家(幼龄段),上海中环品质两居，车位及空间极其拥挤,小区无地下车库且人车不分流，小孩在楼下玩耍或者推婴儿车极为不安全。,核心要求地块属于第一梯队名校学区，且周边500米内解决幼小衔接教育配套。,主要在陆家嘴/徐家汇CBD上班，首选地铁2/9号线沿线，通勤半小时内。,倡导轻户外，周末常带家人自驾野营或山系徒步，注重生活情调与手作咖啡。,名下持有一套旧两居，置换回款 65% + 个人理财储蓄补充 + 公积金商业贷,重性价比，不盲信大牌，但要求物业管理有序、绿化修剪及时、人防技防规范。,常年本地稳定居住，工作日职住通勤动线规则单一。
上_2008_01473,上海,2008,本地改善,47,女,2.0,20.5,0.45,34.1,4,2,否,B,agent,1,0.45,0.55,0.58,0.56,0.83,0.61,0.79,0.54,自住-改善,一室一厅,58,4330,国企车间技术主任,二胎黄金期中大户型,上海中环品质两居，车位及空间极其拥挤,小区无地下车库且人车不分流，小孩在楼下玩耍或者推婴儿车极为不安全。,讲究超高得房率（超85%），主卧套房必须配备独立步入式衣帽间与干湿分离双卫。,主要在陆家嘴/徐家汇CBD上班，首选地铁2/9号线沿线，通勤半小时内。,倡导轻户外，周末常带家人自驾野营或山系徒步，注重生活情调与手作咖啡。,名下持有一套旧两居，置换回款 65% + 个人理财储蓄补充 + 公积金商业贷,重性价比，不盲信大牌，但要求物业管理有序、绿化修剪及时、人防技防规范。,常年本地稳定居住，工作日职住通勤动线规则单一。
上_2008_01474,上海,2008,本地改善,47,男,1.4,10.2,0.45,17.0,4,2,否,B,agent,0.79,0.47,0.57,0.5,0.55,0.88,0.54,0.73,0.65,自住-改善,两室两厅,65,1416,国企车间技术主任,二胎黄金期中大户型,上海中环品质两居，车位及空间极其拥挤,小区无地下车库且人车不分流，小孩在楼下玩耍或者推婴儿车极为不安全。,讲究超高得房率（超85%），主卧套房必须配备独立步入式衣帽间与干湿分离双卫。,主要在陆家嘴/徐家汇CBD上班，首选地铁2/9号线沿线，通勤半小时内。,倡导轻户外，周末常带家人自驾野营或山系徒步，注重生活情调与手作咖啡。,名下持有一套旧两居，置换回款 65% + 个人理财储蓄补充 + 公积金商业贷,重性价比，不盲信大牌，但要求物业管理有序、绿化修剪及时、人防技防规范。,常年本地稳定居住，工作日职住通勤动线规则单一。
上_2008_01475,上海,2008,金融精英,32,女,4.2,32.9,0.4,61.8,3,1,是,A,research,0.7,0.31,0.55,0.61,0.65,0.71,0.84,0.74,0.78,自住-首套,两室两厅,98,5205,老牌证券公司营业部经理,三口之家(幼龄段),市中心私密洋房住宅,当前房屋属于旧多层无电梯房，父母年纪渐高每天爬楼梯极为吃力。,讲究超高得房率（超85%），主卧套房必须配备独立步入式衣帽间与干湿分离双卫。,主要在陆家嘴/徐家汇CBD上班，首选地铁2/9号线沿线，通勤半小时内。,周末常去高端商圈消费，热衷打网球和马术，重度手冲咖啡及黑胶唱片发烧友。,夫妻双方积蓄 + 双方父母出资赞助首付 + 公积金商业组合贷款,非仁恒、绿城、万科等金牌开发商不买，极度看重高端精装质量与顶级物业的增值口碑。,常年本地稳定居住，工作日职住通勤动线规则单一。
上_2008_01476,上海,2008,本地改善,48,男,2.7,31.8,0.45,53.0,4,2,否,B,agent,0.5,0.41,0.47,0.5,0.56,0.83,0.62,0.6,0.63,自住-改善,一室一厅,65,5919,区财政局科员,二胎黄金期中大户型,上海中环品质两居，车位及空间极其拥挤,小区无地下车库且人车不分流，小孩在楼下玩耍或者推婴儿车极为不安全。,讲究超高得房率（超85%），主卧套房必须配备独立步入式衣帽间与干湿分离双卫。,主要在陆家嘴/徐家汇CBD上班，首选地铁2/9号线沿线，通勤半小时内。,倡导轻户外，周末常带家人自驾野营或山系徒步，注重生活情调与手作咖啡。,名下持有一套旧两居，置换回款 65% + 个人理财储蓄补充 + 公积金商业贷,重性价比，不盲信大牌，但要求物业管理有序、绿化修剪及时、人防技防规范。,常年本地稳定居住，工作日职住通勤动线规则单一。
上_2008_01477,上海,2008,本地改善,38,女,2.5,19.3,0.45,32.2,4,2,否,B,agent,0.66,0.5,0.59,0.61,0.6,0.84,0.66,0.69,0.69,自住-改善,两室两厅,70,3525,市第二中学地理教师,二胎黄金期中大户型,上海中环品质两居，车位及空间极其拥挤,小区无地下车库且人车不分流，小孩在楼下玩耍或者推婴儿车极为不安全。,讲究超高得房率（超85%），主卧套房必须配备独立步入式衣帽间与干湿分离双卫。,主要在陆家嘴/徐家汇CBD上班，首选地铁2/9号线沿线，通勤半小时内。,倡导轻户外，周末常带家人自驾野营或山系徒步，注重生活情调与手作咖啡。,名下持有一套旧两居，置换回款 65% + 个人理财储蓄补充 + 公积金商业贷,重性价比，不盲信大牌，但要求物业管理有序、绿化修剪及时、人防技防规范。,常年本地稳定居住，工作日职住通勤动线规则单一。
上_2008_01478,上海,2008,外籍海归,39,女,2.2,17.5,0.4,32.8,3,0,否,A,social,0.8,0.51,0.41,0.54,0.8,0.64,0.59,0.73,0.89,自住-改善,两室两厅,79,3259,合资日化企业技术主管,成熟期核心家庭,西湖边高精平层,无高端私密会所及管家式物业配套，圈层鱼龙混杂，高净值居住体验差。,核心要求地块属于第一梯队名校学区，且周边500米内解决幼小衔接教育配套。,主要在陆家嘴/徐家汇CBD上班，首选地铁2/9号线沿线，通勤半小时内。,周末常去高端商圈消费，热衷打网球和马术，重度手冲咖啡及黑胶唱片发烧友。,名下已有企业股权套现或分红现金，一次性全款付清，基本不加杠杆,非仁恒、绿城、万科等金牌开发商不买，极度看重高端精装质量与顶级物业的增值口碑。,常年本地稳定居住，工作日职住通勤动线规则单一。
上_2008_01479,上海,2008,本地改善,49,女,2.2,23.4,0.45,38.9,4,2,是,B,agent,0.6,0.54,0.49,0.51,0.63,0.81,0.67,0.55,0.72,自住-改善,两室两厅,99,2882,市第二中学地理教师,二胎黄金期中大户型,上海中环品质两居，车位及空间极其拥挤,小区无地下车库且人车不分流，小孩在楼下玩耍或者推婴儿车极为不安全。,讲究超高得房率（超85%），主卧套房必须配备独立步入式衣帽间与干湿分离双卫。,主要在陆家嘴/徐家汇CBD上班，首选地铁2/9号线沿线，通勤半小时内。,倡导轻户外，周末常带家人自驾野营或山系徒步，注重生活情调与手作咖啡。,名下持有一套旧两居，置换回款 65% + 个人理财储蓄补充 + 公积金商业贷,非仁恒、绿城、万科等金牌开发商不买，极度看重高端精装质量与顶级物业的增值口碑。,常年本地稳定居住，工作日职住通勤动线规则单一。
上_2008_01480,上海,2008,本地改善,57,女,2.7,27.5,0.45,45.9,4,2,否,B,agent,0.48,0.59,0.61,0.55,0.52,0.91,0.51,0.86,0.5,自住-改善,两室两厅,74,4851,区财政局科员,二胎黄金期中大户型,上海中环品质两居，车位及空间极其拥挤,小区无地下车库且人车不分流，小孩在楼下玩耍或者推婴儿车极为不安全。,讲究超高得房率（超85%），主卧套房必须配备独立步入式衣帽间与干湿分离双卫。,主要在陆家嘴/徐家汇CBD上班，首选地铁2/9号线沿线，通勤半小时内。,倡导轻户外，周末常带家人自驾野营或山系徒步，注重生活情调与手作咖啡。,名下持有一套旧两居，置换回款 65% + 个人理财储蓄补充 + 公积金商业贷,重性价比，不盲信大牌，但要求物业管理有序、绿化修剪及时、人防技防规范。,常年本地稳定居住，工作日职住通勤动线规则单一。
上_2008_01481,上海,2008,金融精英,35,男,6.4,42.3,0.4,79.4,3,0,否,A,research,0.63,0.49,0.65,0.63,0.7,0.55,0.72,0.75,0.81,自住-首套,两室两厅,87,6716,老牌证券公司营业部经理,新婚过渡两居,陆家嘴核心区江景大平层,无高端私密会所及管家式物业配套，圈层鱼龙混杂，高净值居住体验差。,核心要求地块属于第一梯队名校学区，且周边500米内解决幼小衔接教育配套。,主要在陆家嘴/徐家汇CBD上班，首选地铁2/9号线沿线，通勤半小时内。,周末常去高端商圈消费，热衷打网球和马术，重度手冲咖啡及黑胶唱片发烧友。,夫妻双方积蓄 + 双方父母出资赞助首付 + 公积金商业组合贷款,非仁恒、绿城、万科等金牌开发商不买，极度看重高端精装质量与顶级物业的增值口碑。,常年本地稳定居住，工作日职住通勤动线规则单一。
上_2008_01482,上海,2008,本地改善,48,男,1.8,19.0,0.45,31.7,4,2,是,B,agent,0.96,0.63,0.69,0.31,0.5,0.95,0.56,0.76,0.62,自住-改善,两室一厅,61,3578,邮政局局长秘书,二胎黄金期中大户型,上海中环品质两居，车位及空间极其拥挤,小区无地下车库且人车不分流，小孩在楼下玩耍或者推婴儿车极为不安全。,讲究超高得房率（超85%），主卧套房必须配备独立步入式衣帽间与干湿分离双卫。,主要在陆家嘴/徐家汇CBD上班，首选地铁2/9号线沿线，通勤半小时内。,倡导轻户外，周末常带家人自驾野营或山系徒步，注重生活情调与手作咖啡。,名下持有一套旧两居，置换回款 65% + 个人理财储蓄补充 + 公积金商业贷,重性价比，不盲信大牌，但要求物业管理有序、绿化修剪及时、人防技防规范。,常年本地稳定居住，工作日职住通勤动线规则单一。
上_2008_01483,上海,2008,本地改善,58,男,2.1,23.8,0.45,39.6,4,2,是,B,agent,0.49,0.55,0.48,0.46,0.38,0.88,0.69,0.62,0.69,自住-改善,两室一厅,92,2927,邮政局局长秘书,二胎黄金期中大户型,上海中环品质两居，车位及空间极其拥挤,小区无地下车库且人车不分流，小孩在楼下玩耍或者推婴儿车极为不安全。,讲究超高得房率（超85%），主卧套房必须配备独立步入式衣帽间与干湿分离双卫。,主要在陆家嘴/徐家汇CBD上班，首选地铁2/9号线沿线，通勤半小时内。,倡导轻户外，周末常带家人自驾野营或山系徒步，注重生活情调与手作咖啡。,名下持有一套旧两居，置换回款 65% + 个人理财储蓄补充 + 公积金商业贷,重性价比，不盲信大牌，但要求物业管理有序、绿化修剪及时、人防技防规范。,常年本地稳定居住，工作日职住通勤动线规则单一。
上_2008_01484,上海,2008,长三角家庭,52,女,2.0,14.3,0.45,23.8,4,2,否,B,agent,0.67,0.5,0.55,0.32,0.4,0.82,0.33,0.72,0.74,自住-首套,两室两厅,53,2454,邮政局局长秘书,二胎黄金期中大户型,上海中环品质两居，车位及空间极其拥挤,小区无地下车库且人车不分流，小孩在楼下玩耍或者推婴儿车极为不安全。,讲究超高得房率（超85%），主卧套房必须配备独立步入式衣帽间与干湿分离双卫。,主要在陆家嘴/徐家汇CBD上班，首选地铁2/9号线沿线，通勤半小时内。,倡导轻户外，周末常带家人自驾野营或山系徒步，注重生活情调与手作咖啡。,夫妻双方积蓄 + 双方父母出资赞助首付 + 公积金商业组合贷款,非仁恒、绿城、万科等金牌开发商不买，极度看重高端精装质量与顶级物业的增值口碑。,常年本地稳定居住，工作日职住通勤动线规则单一。
上_2008_01485,上海,2008,长三角家庭,47,男,3.1,27.2,0.45,45.3,3,3,否,B,agent,0.55,0.56,0.62,0.44,0.36,0.82,0.37,0.74,0.66,自住-改善,两室两厅,94,2631,国企车间技术主任,二胎黄金期中大户型,上海中环品质两居，车位及空间极其拥挤,小区无地下车库且人车不分流，小孩在楼下玩耍或者推婴儿车极为不安全。,讲究超高得房率（超85%），主卧套房必须配备独立步入式衣帽间与干湿分离双卫。,主要在陆家嘴/徐家汇CBD上班，首选地铁2/9号线沿线，通勤半小时内。,倡导轻户外，周末常带家人自驾野营或山系徒步，注重生活情调与手作咖啡。,名下持有一套旧两居，置换回款 65% + 个人理财储蓄补充 + 公积金商业贷,重性价比，不盲信大牌，但要求物业管理有序、绿化修剪及时、人防技防规范。,常年本地稳定居住，工作日职住通勤动线规则单一。
上_2008_01486,上海,2008,本地改善,41,男,2.0,16.1,0.45,26.9,5,3,否,B,agent,0.81,0.45,0.7,0.42,0.67,0.79,0.65,0.57,0.58,自住-改善,一室一厅,75,2880,邮政局局长秘书,二胎黄金期中大户型,上海中环品质两居，车位及空间极其拥挤,小区无地下车库且人车不分流，小孩在楼下玩耍或者推婴儿车极为不安全。,要求有超大面宽南向双阳台（观景家政分离），主卧大飘窗能270度直面自然景观。,主要在陆家嘴/徐家汇CBD上班，首选地铁2/9号线沿线，通勤半小时内。,倡导轻户外，周末常带家人自驾野营或山系徒步，注重生活情调与手作咖啡。,名下持有一套旧两居，置换回款 65% + 个人理财储蓄补充 + 公积金商业贷,重性价比，不盲信大牌，但要求物业管理有序、绿化修剪及时、人防技防规范。,常年本地稳定居住，工作日职住通勤动线规则单一。
上_2008_01487,上海,2008,长三角家庭,43,女,1.1,9.5,0.45,15.9,4,3,是,B,agent,0.67,0.56,0.59,0.5,0.43,0.86,0.28,0.71,0.66,自住-首套,两室一厅,100,1027,邮政局局长秘书,二胎黄金期中大户型,上海中环品质两居，车位及空间极其拥挤,小区无地下车库且人车不分流，小孩在楼下玩耍或者推婴儿车极为不安全。,讲究超高得房率（超85%），主卧套房必须配备独立步入式衣帽间与干湿分离双卫。,主要在陆家嘴/徐家汇CBD上班，首选地铁2/9号线沿线，通勤半小时内。,倡导轻户外，周末常带家人自驾野营或山系徒步，注重生活情调与手作咖啡。,夫妻双方积蓄 + 双方父母出资赞助首付 + 公积金商业组合贷款,重性价比，不盲信大牌，但要求物业管理有序、绿化修剪及时、人防技防规范。,常年本地稳定居住，工作日职住通勤动线规则单一。
上_2008_01488,上海,2008,教育型买房,40,女,5.3,35.2,0.4,66.1,3,1,是,B,social,1,0.5,0.5,0.49,0.54,0.61,0.7,1,0.57,学区房,两室两厅,50,9891,邮政局局长秘书,三口之家(学龄段),上海中环品质两居，车位及空间极其拥挤,小区无地下车库且人车不分流，小孩在楼下玩耍或者推婴儿车极为不安全。,核心要求地块属于第一梯队名校学区，且周边500米内解决幼小衔接教育配套。,主要在陆家嘴/徐家汇CBD上班，首选地铁2/9号线沿线，通勤半小时内。,倡导轻户外，周末常带家人自驾野营或山系徒步，注重生活情调与手作咖啡。,名下持有一套旧两居，置换回款 65% + 个人理财储蓄补充 + 公积金商业贷,重性价比，不盲信大牌，但要求物业管理有序、绿化修剪及时、人防技防规范。,常年本地稳定居住，工作日职住通勤动线规则单一。
上_2008_01489,上海,2008,金融精英,40,男,5.8,58.9,0.4,110.5,4,1,否,A,research,0.68,0.47,0.68,0.63,0.81,0.7,0.72,0.84,0.79,自住-首套,两室一厅,61,13847,老牌证券公司营业部经理,三口之家(学龄段),市中心私密洋房住宅,无高端私密会所及管家式物业配套，圈层鱼龙混杂，高净值居住体验差。,讲究超高得房率（超85%），主卧套房必须配备独立步入式衣帽间与干湿分离双卫。,主要在陆家嘴/徐家汇CBD上班，首选地铁2/9号线沿线，通勤半小时内。,周末常去高端商圈消费，热衷打网球和马术，重度手冲咖啡及黑胶唱片发烧友。,夫妻双方积蓄 + 双方父母出资赞助首付 + 公积金商业组合贷款,非仁恒、绿城、万科等金牌开发商不买，极度看重高端精装质量与顶级物业的增值口碑。,常年本地稳定居住，工作日职住通勤动线规则单一。
上_2008_01490,上海,2008,本地改善,53,男,3.2,26.6,0.45,44.4,3,2,是,B,agent,0.73,0.49,0.62,0.58,0.48,0.85,0.67,0.64,0.71,自住-改善,两室一厅,93,3489,国企车间技术主任,二胎黄金期中大户型,上海中环品质两居，车位及空间极其拥挤,小区无地下车库且人车不分流，小孩在楼下玩耍或者推婴儿车极为不安全。,讲究超高得房率（超85%），主卧套房必须配备独立步入式衣帽间与干湿分离双卫。,主要在陆家嘴/徐家汇CBD上班，首选地铁2/9号线沿线，通勤半小时内。,倡导轻户外，周末常带家人自驾野营或山系徒步，注重生活情调与手作咖啡。,名下持有一套旧两居，置换回款 65% + 个人理财储蓄补充 + 公积金商业贷,非仁恒、绿城、万科等金牌开发商不买，极度看重高端精装质量与顶级物业的增值口碑。,常年本地稳定居住，工作日职住通勤动线规则单一。
上_2008_01491,上海,2008,教育型买房,36,男,3.0,26.4,0.4,49.4,3,1,是,B,social,1,0.52,0.48,0.49,0.46,0.71,0.68,0.99,0.53,学区房,一室一厅,84,3816,邮政局局长秘书,三口之家(幼龄段),上海中环品质两居，车位及空间极其拥挤,小区无地下车库且人车不分流，小孩在楼下玩耍或者推婴儿车极为不安全。,讲究超高得房率（超85%），主卧套房必须配备独立步入式衣帽间与干湿分离双卫。,主要在陆家嘴/徐家汇CBD上班，首选地铁2/9号线沿线，通勤半小时内。,倡导轻户外，周末常带家人自驾野营或山系徒步，注重生活情调与手作咖啡。,名下持有一套旧两居，置换回款 65% + 个人理财储蓄补充 + 公积金商业贷,重性价比，不盲信大牌，但要求物业管理有序、绿化修剪及时、人防技防规范。,常年本地稳定居住，工作日职住通勤动线规则单一。
上_2008_01492,上海,2008,教育型买房,37,女,3.0,19.7,0.4,36.9,2,1,是,B,social,1,0.54,0.49,0.44,0.66,0.71,0.54,0.92,0.55,学区房,两室两厅,73,4120,区财政局科员,三口之家(幼龄段),上海中环品质两居，车位及空间极其拥挤,小区无地下车库且人车不分流，小孩在楼下玩耍或者推婴儿车极为不安全。,讲究超高得房率（超85%），主卧套房必须配备独立步入式衣帽间与干湿分离双卫。,主要在陆家嘴/徐家汇CBD上班，首选地铁2/9号线沿线，通勤半小时内。,倡导轻户外，周末常带家人自驾野营或山系徒步，注重生活情调与手作咖啡。,名下持有一套旧两居，置换回款 65% + 个人理财储蓄补充 + 公积金商业贷,重性价比，不盲信大牌，但要求物业管理有序、绿化修剪及时、人防技防规范。,常年本地稳定居住，工作日职住通勤动线规则单一。
上_2008_01493,上海,2008,本地改善,44,女,1.9,22.1,0.45,36.9,4,2,否,B,agent,0.69,0.55,0.63,0.39,0.57,0.86,0.61,0.76,0.52,自住-改善,两室一厅,92,2572,区财政局科员,二胎黄金期中大户型,上海中环品质两居，车位及空间极其拥挤,小区无地下车库且人车不分流，小孩在楼下玩耍或者推婴儿车极为不安全。,讲究超高得房率（超85%），主卧套房必须配备独立步入式衣帽间与干湿分离双卫。,主要在陆家嘴/徐家汇CBD上班，首选地铁2/9号线沿线，通勤半小时内。,倡导轻户外，周末常带家人自驾野营或山系徒步，注重生活情调与手作咖啡。,名下持有一套旧两居，置换回款 65% + 个人理财储蓄补充 + 公积金商业贷,重性价比，不盲信大牌，但要求物业管理有序、绿化修剪及时、人防技防规范。,常年本地稳定居住，工作日职住通勤动线规则单一。
上_2008_01494,上海,2008,金融精英,48,男,5.4,42.0,0.4,78.8,3,1,否,A,research,0.85,0.45,0.71,0.58,0.81,0.73,0.65,0.79,0.79,自住-首套,两室两厅,89,4538,商业银行支行信贷科长,三口之家(学龄段),西湖边高精平层,无高端私密会所及管家式物业配套，圈层鱼龙混杂，高净值居住体验差。,要求有超大面宽南向双阳台（观景家政分离），主卧大飘窗能270度直面自然景观。,主要在陆家嘴/徐家汇CBD上班，首选地铁2/9号线沿线，通勤半小时内。,周末常去高端商圈消费，热衷打网球和马术，重度手冲咖啡及黑胶唱片发烧友。,夫妻双方积蓄 + 双方父母出资赞助首付 + 公积金商业组合贷款,非仁恒、绿城、万科等金牌开发商不买，极度看重高端精装质量与顶级物业的增值口碑。,常年本地稳定居住，工作日职住通勤动线规则单一。
上_2008_01495,上海,2008,外籍海归,37,女,1.4,10.8,0.4,20.2,3,2,否,A,social,0.98,0.54,0.67,0.55,0.8,0.72,0.72,1,0.85,自住-改善,两室两厅,97,1333,外企驻沪办事处代表,二胎黄金期中大户型,西湖边高精平层,无高端私密会所及管家式物业配套，圈层鱼龙混杂，高净值居住体验差。,讲究超高得房率（超85%），主卧套房必须配备独立步入式衣帽间与干湿分离双卫。,主要在陆家嘴/徐家汇CBD上班，首选地铁2/9号线沿线，通勤半小时内。,周末常去高端商圈消费，热衷打网球和马术，重度手冲咖啡及黑胶唱片发烧友。,名下已有企业股权套现或分红现金，一次性全款付清，基本不加杠杆,非仁恒、绿城、万科等金牌开发商不买，极度看重高端精装质量与顶级物业的增值口碑。,常年本地稳定居住，工作日职住通勤动线规则单一。
上_2008_01496,上海,2008,金融精英,49,男,3.7,21.7,0.4,40.7,3,1,是,A,research,0.71,0.58,0.77,0.7,0.64,0.71,0.68,0.85,0.81,自住-改善,一室一厅,83,4274,申银万国证券分析员,三口之家(学龄段),陆家嘴核心区江景大平层,当前房屋属于旧多层无电梯房，父母年纪渐高每天爬楼梯极为吃力。,要求有超大面宽南向双阳台（观景家政分离），主卧大飘窗能270度直面自然景观。,主要在陆家嘴/徐家汇CBD上班，首选地铁2/9号线沿线，通勤半小时内。,周末常去高端商圈消费，热衷打网球和马术，重度手冲咖啡及黑胶唱片发烧友。,名下已有企业股权套现或分红现金，一次性全款付清，基本不加杠杆,非仁恒、绿城、万科等金牌开发商不买，极度看重高端精装质量与顶级物业的增值口碑。,常年本地稳定居住，工作日职住通勤动线规则单一。
上_2008_01497,上海,2008,金融精英,39,女,4.9,43.0,0.4,80.7,4,1,否,A,research,0.97,0.61,0.66,0.52,0.8,0.77,0.8,0.91,0.8,自住-首套,一室一厅,76,5599,老牌证券公司营业部经理,三口之家(学龄段),市中心私密洋房住宅,无高端私密会所及管家式物业配套，圈层鱼龙混杂，高净值居住体验差。,讲究超高得房率（超85%），主卧套房必须配备独立步入式衣帽间与干湿分离双卫。,主要在陆家嘴/徐家汇CBD上班，首选地铁2/9号线沿线，通勤半小时内。,周末常去高端商圈消费，热衷打网球和马术，重度手冲咖啡及黑胶唱片发烧友。,夫妻双方积蓄 + 双方父母出资赞助首付 + 公积金商业组合贷款,非仁恒、绿城、万科等金牌开发商不买，极度看重高端精装质量与顶级物业的增值口碑。,常年本地稳定居住，工作日职住通勤动线规则单一。
上_2008_01498,上海,2008,本地改善,55,男,2.5,23.4,0.45,39.0,4,2,否,B,agent,0.64,0.64,0.43,0.61,0.55,0.83,0.67,0.77,0.74,自住-改善,一室一厅,89,2454,市第二中学地理教师,二胎黄金期中大户型,上海中环品质两居，车位及空间极其拥挤,小区无地下车库且人车不分流，小孩在楼下玩耍或者推婴儿车极为不安全。,讲究超高得房率（超85%），主卧套房必须配备独立步入式衣帽间与干湿分离双卫。,主要在陆家嘴/徐家汇CBD上班，首选地铁2/9号线沿线，通勤半小时内。,倡导轻户外，周末常带家人自驾野营或山系徒步，注重生活情调与手作咖啡。,名下持有一套旧两居，置换回款 65% + 个人理财储蓄补充 + 公积金商业贷,非仁恒、绿城、万科等金牌开发商不买，极度看重高端精装质量与顶级物业的增值口碑。,常年本地稳定居住，工作日职住通勤动线规则单一。
上_2008_01499,上海,2008,本地改善,55,女,2.6,23.0,0.45,38.3,4,2,否,B,agent,0.52,0.52,0.43,0.56,0.57,0.94,0.57,0.73,0.66,自住-改善,一室一厅,51,6319,国企车间技术主任,二胎黄金期中大户型,上海中环品质两居，车位及空间极其拥挤,小区无地下车库且人车不分流，小孩在楼下玩耍或者推婴儿车极为不安全。,讲究超高得房率（超85%），主卧套房必须配备独立步入式衣帽间与干湿分离双卫。,主要在陆家嘴/徐家汇CBD上班，首选地铁2/9号线沿线，通勤半小时内。,倡导轻户外，周末常带家人自驾野营或山系徒步，注重生活情调与手作咖啡。,名下持有一套旧两居，置换回款 65% + 个人理财储蓄补充 + 公积金商业贷,重性价比，不盲信大牌，但要求物业管理有序、绿化修剪及时、人防技防规范。,常年本地稳定居住，工作日职住通勤动线规则单一。
上_2008_01500,上海,2008,长三角家庭,49,男,4.1,29.3,0.45,48.9,4,2,否,B,agent,0.79,0.54,0.51,0.32,0.51,0.77,0.46,0.74,0.67,自住-首套,两室两厅,73,4308,邮政局局长秘书,二胎黄金期中大户型,上海中环品质两居，车位及空间极其拥挤,小区无地下车库且人车不分流，小孩在楼下玩耍或者推婴儿车极为不安全。,讲究超高得房率（超85%），主卧套房必须配备独立步入式衣帽间与干湿分离双卫。,主要在陆家嘴/徐家汇CBD上班，首选地铁2/9号线沿线，通勤半小时内。,倡导轻户外，周末常带家人自驾野营或山系徒步，注重生活情调与手作咖啡。,夫妻双方积蓄 + 双方父母出资赞助首付 + 公积金商业组合贷款,重性价比，不盲信大牌，但要求物业管理有序、绿化修剪及时、人防技防规范。,常年本地稳定居住，工作日职住通勤动线规则单一。
上_2008_01501,上海,2008,本地改善,54,女,1.4,13.8,0.45,23.1,4,1,是,B,agent,0.68,0.39,0.55,0.46,0.47,0.95,0.6,0.72,0.58,自住-改善,两室一厅,86,2333,邮政局局长秘书,三口之家(学龄段),上海中环品质两居，车位及空间极其拥挤,小区无地下车库且人车不分流，小孩在楼下玩耍或者推婴儿车极为不安全。,讲究超高得房率（超85%），主卧套房必须配备独立步入式衣帽间与干湿分离双卫。,主要在陆家嘴/徐家汇CBD上班，首选地铁2/9号线沿线，通勤半小时内。,倡导轻户外，周末常带家人自驾野营或山系徒步，注重生活情调与手作咖啡。,名下持有一套旧两居，置换回款 65% + 个人理财储蓄补充 + 公积金商业贷,重性价比，不盲信大牌，但要求物业管理有序、绿化修剪及时、人防技防规范。,常年本地稳定居住，工作日职住通勤动线规则单一。
上_2008_01502,上海,2008,金融精英,40,男,3.8,23.4,0.4,43.9,4,0,否,A,research,0.56,0.36,0.64,0.66,0.71,0.73,0.75,0.89,0.85,自住-改善,两室两厅,72,3643,老牌证券公司营业部经理,成熟期核心家庭,陆家嘴核心区江景大平层,无高端私密会所及管家式物业配套，圈层鱼龙混杂，高净值居住体验差。,讲究超高得房率（超85%），主卧套房必须配备独立步入式衣帽间与干湿分离双卫。,主要在陆家嘴/徐家汇CBD上班，首选地铁2/9号线沿线，通勤半小时内。,周末常去高端商圈消费，热衷打网球和马术，重度手冲咖啡及黑胶唱片发烧友。,名下已有企业股权套现或分红现金，一次性全款付清，基本不加杠杆,非仁恒、绿城、万科等金牌开发商不买，极度看重高端精装质量与顶级物业的增值口碑。,常年本地稳定居住，工作日职住通勤动线规则单一。
上_2008_01503,上海,2008,金融精英,32,男,7.3,74.0,0.4,138.8,4,1,是,A,research,0.7,0.58,0.51,0.56,0.67,0.77,0.57,0.93,0.63,自住-首套,两室一厅,71,16370,申银万国证券分析员,三口之家(幼龄段),西湖边高精平层,当前房屋属于旧多层无电梯房，父母年纪渐高每天爬楼梯极为吃力。,讲究超高得房率（超85%），主卧套房必须配备独立步入式衣帽间与干湿分离双卫。,主要在陆家嘴/徐家汇CBD上班，首选地铁2/9号线沿线，通勤半小时内。,周末常去高端商圈消费，热衷打网球和马术，重度手冲咖啡及黑胶唱片发烧友。,夫妻双方积蓄 + 双方父母出资赞助首付 + 公积金商业组合贷款,重性价比，不盲信大牌，但要求物业管理有序、绿化修剪及时、人防技防规范。,常年本地稳定居住，工作日职住通勤动线规则单一。
上_2008_01504,上海,2008,金融精英,46,男,4.4,43.9,0.4,82.4,4,1,是,A,research,0.86,0.28,0.67,0.54,0.85,0.74,0.61,0.91,0.73,自住-改善,两室两厅,55,9809,申银万国证券分析员,三口之家(学龄段),西湖边高精平层,当前房屋属于旧多层无电梯房，父母年纪渐高每天爬楼梯极为吃力。,讲究超高得房率（超85%），主卧套房必须配备独立步入式衣帽间与干湿分离双卫。,主要在陆家嘴/徐家汇CBD上班，首选地铁2/9号线沿线，通勤半小时内。,周末常去高端商圈消费，热衷打网球和马术，重度手冲咖啡及黑胶唱片发烧友。,名下已有企业股权套现或分红现金，一次性全款付清，基本不加杠杆,非仁恒、绿城、万科等金牌开发商不买，极度看重高端精装质量与顶级物业的增值口碑。,常年本地稳定居住，工作日职住通勤动线规则单一。
上_2008_01505,上海,2008,金融精英,33,女,4.0,29.2,0.4,54.7,3,0,否,A,research,0.7,0.37,0.69,0.62,0.68,0.92,0.65,0.77,0.69,自住-首套,两室两厅,100,2836,老牌证券公司营业部经理,新婚过渡两居,西湖边高精平层,无高端私密会所及管家式物业配套，圈层鱼龙混杂，高净值居住体验差。,讲究超高得房率（超85%），主卧套房必须配备独立步入式衣帽间与干湿分离双卫。,主要在陆家嘴/徐家汇CBD上班，首选地铁2/9号线沿线，通勤半小时内。,周末常去高端商圈消费，热衷打网球和马术，重度手冲咖啡及黑胶唱片发烧友。,夫妻双方积蓄 + 双方父母出资赞助首付 + 公积金商业组合贷款,重性价比，不盲信大牌，但要求物业管理有序、绿化修剪及时、人防技防规范。,常年本地稳定居住，工作日职住通勤动线规则单一。
上_2008_01506,上海,2008,本地改善,54,男,2.7,21.9,0.45,36.5,4,1,是,B,agent,0.74,0.38,0.56,0.36,0.49,0.89,0.59,0.64,0.68,自住-改善,两室一厅,56,5241,区财政局科员,三口之家(学龄段),上海中环品质两居，车位及空间极其拥挤,小区无地下车库且人车不分流，小孩在楼下玩耍或者推婴儿车极为不安全。,讲究超高得房率（超85%），主卧套房必须配备独立步入式衣帽间与干湿分离双卫。,主要在陆家嘴/徐家汇CBD上班，首选地铁2/9号线沿线，通勤半小时内。,倡导轻户外，周末常带家人自驾野营或山系徒步，注重生活情调与手作咖啡。,名下持有一套旧两居，置换回款 65% + 个人理财储蓄补充 + 公积金商业贷,重性价比，不盲信大牌，但要求物业管理有序、绿化修剪及时、人防技防规范。,常年本地稳定居住，工作日职住通勤动线规则单一。
上_2008_01507,上海,2008,本地改善,38,女,2.5,31.9,0.45,53.2,3,2,是,B,agent,0.63,0.45,0.44,0.59,0.49,0.86,0.67,0.66,0.46,自住-改善,两室一厅,95,2827,国企车间技术主任,二胎黄金期中大户型,上海中环品质两居，车位及空间极其拥挤,小区无地下车库且人车不分流，小孩在楼下玩耍或者推婴儿车极为不安全。,讲究超高得房率（超85%），主卧套房必须配备独立步入式衣帽间与干湿分离双卫。,主要在陆家嘴/徐家汇CBD上班，首选地铁2/9号线沿线，通勤半小时内。,倡导轻户外，周末常带家人自驾野营或山系徒步，注重生活情调与手作咖啡。,名下持有一套旧两居，置换回款 65% + 个人理财储蓄补充 + 公积金商业贷,重性价比，不盲信大牌，但要求物业管理有序、绿化修剪及时、人防技防规范。,常年本地稳定居住，工作日职住通勤动线规则单一。
上_2008_01508,上海,2008,本地改善,56,男,4.1,42.5,0.45,70.8,4,2,否,B,agent,0.67,0.55,0.67,0.44,0.55,0.79,0.66,0.76,0.67,自住-改善,两室两厅,84,7419,市第二中学地理教师,二胎黄金期中大户型,上海中环品质两居，车位及空间极其拥挤,小区无地下车库且人车不分流，小孩在楼下玩耍或者推婴儿车极为不安全。,讲究超高得房率（超85%），主卧套房必须配备独立步入式衣帽间与干湿分离双卫。,主要在陆家嘴/徐家汇CBD上班，首选地铁2/9号线沿线，通勤半小时内。,倡导轻户外，周末常带家人自驾野营或山系徒步，注重生活情调与手作咖啡。,名下持有一套旧两居，置换回款 65% + 个人理财储蓄补充 + 公积金商业贷,重性价比，不盲信大牌，但要求物业管理有序、绿化修剪及时、人防技防规范。,常年本地稳定居住，工作日职住通勤动线规则单一。
上_2008_01509,上海,2008,教育型买房,36,女,2.5,16.9,0.4,31.6,3,2,否,B,social,1,0.48,0.24,0.52,0.45,0.83,0.47,0.95,0.72,学区房,一室一厅,65,3275,国企车间技术主任,二胎黄金期中大户型,上海中环品质两居，车位及空间极其拥挤,小区无地下车库且人车不分流，小孩在楼下玩耍或者推婴儿车极为不安全。,讲究超高得房率（超85%），主卧套房必须配备独立步入式衣帽间与干湿分离双卫。,主要在陆家嘴/徐家汇CBD上班，首选地铁2/9号线沿线，通勤半小时内。,倡导轻户外，周末常带家人自驾野营或山系徒步，注重生活情调与手作咖啡。,名下持有一套旧两居，置换回款 65% + 个人理财储蓄补充 + 公积金商业贷,非仁恒、绿城、万科等金牌开发商不买，极度看重高端精装质量与顶级物业的增值口碑。,常年本地稳定居住，工作日职住通勤动线规则单一。
上_2008_01510,上海,2008,本地改善,42,男,1.0,9.1,0.45,15.1,4,2,否,B,agent,0.95,0.44,0.5,0.54,0.49,0.82,0.68,0.72,0.63,自住-改善,一室一厅,82,1559,邮政局局长秘书,二胎黄金期中大户型,上海中环品质两居，车位及空间极其拥挤,小区无地下车库且人车不分流，小孩在楼下玩耍或者推婴儿车极为不安全。,讲究超高得房率（超85%），主卧套房必须配备独立步入式衣帽间与干湿分离双卫。,主要在陆家嘴/徐家汇CBD上班，首选地铁2/9号线沿线，通勤半小时内。,倡导轻户外，周末常带家人自驾野营或山系徒步，注重生活情调与手作咖啡。,名下持有一套旧两居，置换回款 65% + 个人理财储蓄补充 + 公积金商业贷,重性价比，不盲信大牌，但要求物业管理有序、绿化修剪及时、人防技防规范。,常年本地稳定居住，工作日职住通勤动线规则单一。
上_2008_01511,上海,2008,金融精英,46,女,1.3,8.7,0.4,16.3,2,1,是,A,research,0.57,0.34,0.6,0.45,0.92,0.9,0.76,0.9,0.66,自住-首套,一室一厅,70,1952,申银万国证券分析员,三口之家(学龄段),市中心私密洋房住宅,当前房屋属于旧多层无电梯房，父母年纪渐高每天爬楼梯极为吃力。,讲究超高得房率（超85%），主卧套房必须配备独立步入式衣帽间与干湿分离双卫。,主要在陆家嘴/徐家汇CBD上班，首选地铁2/9号线沿线，通勤半小时内。,周末常去高端商圈消费，热衷打网球和马术，重度手冲咖啡及黑胶唱片发烧友。,夫妻双方积蓄 + 双方父母出资赞助首付 + 公积金商业组合贷款,重性价比，不盲信大牌，但要求物业管理有序、绿化修剪及时、人防技防规范。,常年本地稳定居住，工作日职住通勤动线规则单一。
上_2008_01512,上海,2008,本地改善,43,男,2.5,30.1,0.45,50.1,3,3,否,B,agent,0.44,0.47,0.65,0.48,0.59,0.84,0.67,0.7,0.67,自住-改善,两室两厅,100,4433,区财政局科员,二胎黄金期中大户型,上海中环品质两居，车位及空间极其拥挤,小区无地下车库且人车不分流，小孩在楼下玩耍或者推婴儿车极为不安全。,讲究超高得房率（超85%），主卧套房必须配备独立步入式衣帽间与干湿分离双卫。,主要在陆家嘴/徐家汇CBD上班，首选地铁2/9号线沿线，通勤半小时内。,倡导轻户外，周末常带家人自驾野营或山系徒步，注重生活情调与手作咖啡。,名下持有一套旧两居，置换回款 65% + 个人理财储蓄补充 + 公积金商业贷,重性价比，不盲信大牌，但要求物业管理有序、绿化修剪及时、人防技防规范。,常年本地稳定居住，工作日职住通勤动线规则单一。
上_2008_01513,上海,2008,教育型买房,37,女,1.9,17.3,0.4,32.4,2,0,否,B,social,0.73,0.4,0.47,0.45,0.56,0.76,0.58,1,0.39,学区房,一室一厅,74,2880,区财政局科员,成熟期核心家庭,上海中环品质两居，车位及空间极其拥挤,老小区隔音差，邻里滋扰严重，且车位严重匮乏，每晚加班回来抢车位像打仗。,讲究超高得房率（超85%），主卧套房必须配备独立步入式衣帽间与干湿分离双卫。,主要在陆家嘴/徐家汇CBD上班，首选地铁2/9号线沿线，通勤半小时内。,倡导轻户外，周末常带家人自驾野营或山系徒步，注重生活情调与手作咖啡。,名下持有一套旧两居，置换回款 65% + 个人理财储蓄补充 + 公积金商业贷,重性价比，不盲信大牌，但要求物业管理有序、绿化修剪及时、人防技防规范。,常年本地稳定居住，工作日职住通勤动线规则单一。
上_2008_01514,上海,2008,金融精英,49,男,5.9,46.4,0.4,87.0,4,1,否,A,research,0.98,0.6,0.61,0.62,0.67,0.65,0.82,0.75,0.84,自住-首套,两室两厅,51,8669,老牌证券公司营业部经理,三口之家(学龄段),西湖边高精平层,无高端私密会所及管家式物业配套，圈层鱼龙混杂，高净值居住体验差。,核心要求地块属于第一梯队名校学区，且周边500米内解决幼小衔接教育配套。,主要在陆家嘴/徐家汇CBD上班，首选地铁2/9号线沿线，通勤半小时内。,周末常去高端商圈消费，热衷打网球和马术，重度手冲咖啡及黑胶唱片发烧友。,夫妻双方积蓄 + 双方父母出资赞助首付 + 公积金商业组合贷款,非仁恒、绿城、万科等金牌开发商不买，极度看重高端精装质量与顶级物业的增值口碑。,常年本地稳定居住，工作日职住通勤动线规则单一。
上_2008_01515,上海,2008,金融精英,48,男,7.3,72.2,0.4,135.5,3,1,否,A,research,0.76,0.32,0.65,0.72,0.82,0.77,0.66,0.69,0.9,自住-改善,一室一厅,55,19851,申银万国证券分析员,三口之家(学龄段),市中心私密洋房住宅,无高端私密会所及管家式物业配套，圈层鱼龙混杂，高净值居住体验差。,要求独立电梯入户，主次卧动线分明，配备独立保姆房和私密后院。,主要在陆家嘴/徐家汇CBD上班，首选地铁2/9号线沿线，通勤半小时内。,周末常去高端商圈消费，热衷打网球和马术，重度手冲咖啡及黑胶唱片发烧友。,名下已有企业股权套现或分红现金，一次性全款付清，基本不加杠杆,非仁恒、绿城、万科等金牌开发商不买，极度看重高端精装质量与顶级物业的增值口碑。,常年本地稳定居住，工作日职住通勤动线规则单一。
上_2008_01516,上海,2008,教育型买房,43,女,1.3,7.5,0.4,14.1,4,2,否,B,social,0.85,0.51,0.38,0.43,0.47,0.71,0.41,0.87,0.63,学区房,一室一厅,65,1780,国企车间技术主任,二胎黄金期中大户型,上海中环品质两居，车位及空间极其拥挤,小区无地下车库且人车不分流，小孩在楼下玩耍或者推婴儿车极为不安全。,讲究超高得房率（超85%），主卧套房必须配备独立步入式衣帽间与干湿分离双卫。,主要在陆家嘴/徐家汇CBD上班，首选地铁2/9号线沿线，通勤半小时内。,倡导轻户外，周末常带家人自驾野营或山系徒步，注重生活情调与手作咖啡。,名下持有一套旧两居，置换回款 65% + 个人理财储蓄补充 + 公积金商业贷,重性价比，不盲信大牌，但要求物业管理有序、绿化修剪及时、人防技防规范。,常年本地稳定居住，工作日职住通勤动线规则单一。
上_2008_01517,上海,2008,金融精英,45,女,4.0,28.6,0.4,53.7,2,1,否,A,research,0.75,0.39,0.62,0.64,0.77,0.89,0.67,0.73,0.94,自住-首套,两室两厅,82,4703,商业银行支行信贷科长,三口之家(学龄段),市中心私密洋房住宅,无高端私密会所及管家式物业配套，圈层鱼龙混杂，高净值居住体验差。,讲究超高得房率（超85%），主卧套房必须配备独立步入式衣帽间与干湿分离双卫。,主要在陆家嘴/徐家汇CBD上班，首选地铁2/9号线沿线，通勤半小时内。,周末常去高端商圈消费，热衷打网球和马术，重度手冲咖啡及黑胶唱片发烧友。,夫妻双方积蓄 + 双方父母出资赞助首付 + 公积金商业组合贷款,非仁恒、绿城、万科等金牌开发商不买，极度看重高端精装质量与顶级物业的增值口碑。,常年本地稳定居住，工作日职住通勤动线规则单一。
上_2008_01518,上海,2008,金融精英,33,女,6.4,52.9,0.4,99.2,3,1,是,A,research,0.76,0.54,0.57,0.55,0.74,0.58,0.66,0.85,0.8,婚房,一室一厅,64,11192,申银万国证券分析员,三口之家(幼龄段),西湖边高精平层,当前房屋属于旧多层无电梯房，父母年纪渐高每天爬楼梯极为吃力。,核心要求地块属于第一梯队名校学区，且周边500米内解决幼小衔接教育配套。,主要在陆家嘴/徐家汇CBD上班，首选地铁2/9号线沿线，通勤半小时内。,周末常去高端商圈消费，热衷打网球和马术，重度手冲咖啡及黑胶唱片发烧友。,夫妻双方积蓄 + 双方父母出资赞助首付 + 公积金商业组合贷款,非仁恒、绿城、万科等金牌开发商不买，极度看重高端精装质量与顶级物业的增值口碑。,常年本地稳定居住，工作日职住通勤动线规则单一。
上_2008_01519,上海,2008,外籍海归,30,女,4.4,27.4,0.4,51.4,4,1,否,A,social,0.55,0.51,0.74,0.55,0.83,0.6,0.52,0.79,0.8,婚房,两室一厅,84,4146,合资日化企业技术主管,三口之家(幼龄段),西湖边高精平层,无高端私密会所及管家式物业配套，圈层鱼龙混杂，高净值居住体验差。,要求有超大面宽南向双阳台（观景家政分离），主卧大飘窗能270度直面自然景观。,主要在陆家嘴/徐家汇CBD上班，首选地铁2/9号线沿线，通勤半小时内。,周末常去高端商圈消费，热衷打网球和马术，重度手冲咖啡及黑胶唱片发烧友。,夫妻双方积蓄 + 双方父母出资赞助首付 + 公积金商业组合贷款,非仁恒、绿城、万科等金牌开发商不买，极度看重高端精装质量与顶级物业的增值口碑。,常年本地稳定居住，工作日职住通勤动线规则单一。
上_2008_01520,上海,2008,本地改善,57,男,2.4,17.2,0.45,28.7,4,1,是,B,agent,0.62,0.5,0.53,0.57,0.43,0.84,0.69,0.64,0.67,自住-改善,两室一厅,89,2637,市第二中学地理教师,三口之家(学龄段),上海中环品质两居，车位及空间极其拥挤,小区无地下车库且人车不分流，小孩在楼下玩耍或者推婴儿车极为不安全。,讲究超高得房率（超85%），主卧套房必须配备独立步入式衣帽间与干湿分离双卫。,主要在陆家嘴/徐家汇CBD上班，首选地铁2/9号线沿线，通勤半小时内。,倡导轻户外，周末常带家人自驾野营或山系徒步，注重生活情调与手作咖啡。,名下持有一套旧两居，置换回款 65% + 个人理财储蓄补充 + 公积金商业贷,重性价比，不盲信大牌，但要求物业管理有序、绿化修剪及时、人防技防规范。,常年本地稳定居住，工作日职住通勤动线规则单一。
上_2008_01521,上海,2008,本地改善,45,女,2.0,24.1,0.45,40.1,4,2,是,B,agent,0.5,0.59,0.41,0.45,0.52,0.87,0.72,0.69,0.75,自住-改善,两室一厅,85,3254,市第二中学地理教师,二胎黄金期中大户型,上海中环品质两居，车位及空间极其拥挤,小区无地下车库且人车不分流，小孩在楼下玩耍或者推婴儿车极为不安全。,讲究超高得房率（超85%），主卧套房必须配备独立步入式衣帽间与干湿分离双卫。,主要在陆家嘴/徐家汇CBD上班，首选地铁2/9号线沿线，通勤半小时内。,倡导轻户外，周末常带家人自驾野营或山系徒步，注重生活情调与手作咖啡。,名下持有一套旧两居，置换回款 65% + 个人理财储蓄补充 + 公积金商业贷,非仁恒、绿城、万科等金牌开发商不买，极度看重高端精装质量与顶级物业的增值口碑。,常年本地稳定居住，工作日职住通勤动线规则单一。
上_2008_01522,上海,2008,长三角家庭,43,男,1.9,15.8,0.45,26.4,5,2,是,B,agent,0.83,0.57,0.45,0.43,0.47,0.71,0.48,0.77,0.63,自住-改善,两室一厅,66,3337,邮政局局长秘书,二胎黄金期中大户型,上海中环品质两居，车位及空间极其拥挤,小区无地下车库且人车不分流，小孩在楼下玩耍或者推婴儿车极为不安全。,讲究超高得房率（超85%），主卧套房必须配备独立步入式衣帽间与干湿分离双卫。,主要在陆家嘴/徐家汇CBD上班，首选地铁2/9号线沿线，通勤半小时内。,倡导轻户外，周末常带家人自驾野营或山系徒步，注重生活情调与手作咖啡。,名下持有一套旧两居，置换回款 65% + 个人理财储蓄补充 + 公积金商业贷,重性价比，不盲信大牌，但要求物业管理有序、绿化修剪及时、人防技防规范。,常年本地稳定居住，工作日职住通勤动线规则单一。
上_2008_01523,上海,2008,本地改善,43,男,1.6,14.3,0.45,23.9,5,2,是,B,agent,0.72,0.51,0.59,0.54,0.6,0.75,0.68,0.68,0.61,自住-改善,两室一厅,97,1471,邮政局局长秘书,二胎黄金期中大户型,上海中环品质两居，车位及空间极其拥挤,小区无地下车库且人车不分流，小孩在楼下玩耍或者推婴儿车极为不安全。,讲究超高得房率（超85%），主卧套房必须配备独立步入式衣帽间与干湿分离双卫。,主要在陆家嘴/徐家汇CBD上班，首选地铁2/9号线沿线，通勤半小时内。,倡导轻户外，周末常带家人自驾野营或山系徒步，注重生活情调与手作咖啡。,名下持有一套旧两居，置换回款 65% + 个人理财储蓄补充 + 公积金商业贷,重性价比，不盲信大牌，但要求物业管理有序、绿化修剪及时、人防技防规范。,常年本地稳定居住，工作日职住通勤动线规则单一。
上_2008_01524,上海,2008,本地改善,40,男,1.8,16.9,0.45,28.2,4,2,是,B,agent,0.75,0.57,0.44,0.3,0.65,0.88,0.69,0.66,0.66,自住-改善,两室两厅,91,2321,邮政局局长秘书,二胎黄金期中大户型,上海中环品质两居，车位及空间极其拥挤,小区无地下车库且人车不分流，小孩在楼下玩耍或者推婴儿车极为不安全。,讲究超高得房率（超85%），主卧套房必须配备独立步入式衣帽间与干湿分离双卫。,主要在陆家嘴/徐家汇CBD上班，首选地铁2/9号线沿线，通勤半小时内。,倡导轻户外，周末常带家人自驾野营或山系徒步，注重生活情调与手作咖啡。,名下持有一套旧两居，置换回款 65% + 个人理财储蓄补充 + 公积金商业贷,重性价比，不盲信大牌，但要求物业管理有序、绿化修剪及时、人防技防规范。,常年本地稳定居住，工作日职住通勤动线规则单一。
上_2008_01525,上海,2008,本地改善,54,女,1.9,19.3,0.45,32.2,3,2,否,B,agent,0.92,0.48,0.44,0.46,0.65,0.78,0.74,0.78,0.51,自住-改善,一室一厅,62,3868,国企车间技术主任,二胎黄金期中大户型,上海中环品质两居，车位及空间极其拥挤,小区无地下车库且人车不分流，小孩在楼下玩耍或者推婴儿车极为不安全。,讲究超高得房率（超85%），主卧套房必须配备独立步入式衣帽间与干湿分离双卫。,主要在陆家嘴/徐家汇CBD上班，首选地铁2/9号线沿线，通勤半小时内。,倡导轻户外，周末常带家人自驾野营或山系徒步，注重生活情调与手作咖啡。,名下持有一套旧两居，置换回款 65% + 个人理财储蓄补充 + 公积金商业贷,重性价比，不盲信大牌，但要求物业管理有序、绿化修剪及时、人防技防规范。,常年本地稳定居住，工作日职住通勤动线规则单一。
上_2008_01526,上海,2008,金融精英,50,男,12.1,101.9,0.4,191.0,3,1,是,A,research,0.84,0.38,0.63,0.46,0.7,0.65,0.62,0.86,0.82,自住-首套,两室两厅,101,11681,商业银行支行信贷科长,三口之家(学龄段),市中心私密洋房住宅,当前房屋属于旧多层无电梯房，父母年纪渐高每天爬楼梯极为吃力。,核心要求地块属于第一梯队名校学区，且周边500米内解决幼小衔接教育配套。,主要在陆家嘴/徐家汇CBD上班，首选地铁2/9号线沿线，通勤半小时内。,周末常去高端商圈消费，热衷打网球和马术，重度手冲咖啡及黑胶唱片发烧友。,夫妻双方积蓄 + 双方父母出资赞助首付 + 公积金商业组合贷款,非仁恒、绿城、万科等金牌开发商不买，极度看重高端精装质量与顶级物业的增值口碑。,常年本地稳定居住，工作日职住通勤动线规则单一。
上_2008_01527,上海,2008,本地改善,48,男,4.3,35.8,0.45,59.7,3,2,是,B,agent,0.67,0.51,0.64,0.58,0.42,0.86,0.58,0.68,0.62,自住-改善,两室一厅,60,6252,市第二中学地理教师,二胎黄金期中大户型,上海中环品质两居，车位及空间极其拥挤,小区无地下车库且人车不分流，小孩在楼下玩耍或者推婴儿车极为不安全。,讲究超高得房率（超85%），主卧套房必须配备独立步入式衣帽间与干湿分离双卫。,主要在陆家嘴/徐家汇CBD上班，首选地铁2/9号线沿线，通勤半小时内。,倡导轻户外，周末常带家人自驾野营或山系徒步，注重生活情调与手作咖啡。,名下持有一套旧两居，置换回款 65% + 个人理财储蓄补充 + 公积金商业贷,重性价比，不盲信大牌，但要求物业管理有序、绿化修剪及时、人防技防规范。,常年本地稳定居住，工作日职住通勤动线规则单一。
上_2008_01528,上海,2008,本地改善,45,男,3.0,28.3,0.45,47.2,4,2,是,B,agent,0.82,0.64,0.68,0.42,0.54,0.81,0.6,0.66,0.59,自住-改善,两室一厅,97,3608,区财政局科员,二胎黄金期中大户型,上海中环品质两居，车位及空间极其拥挤,小区无地下车库且人车不分流，小孩在楼下玩耍或者推婴儿车极为不安全。,讲究超高得房率（超85%），主卧套房必须配备独立步入式衣帽间与干湿分离双卫。,主要在陆家嘴/徐家汇CBD上班，首选地铁2/9号线沿线，通勤半小时内。,倡导轻户外，周末常带家人自驾野营或山系徒步，注重生活情调与手作咖啡。,名下持有一套旧两居，置换回款 65% + 个人理财储蓄补充 + 公积金商业贷,重性价比，不盲信大牌，但要求物业管理有序、绿化修剪及时、人防技防规范。,常年本地稳定居住，工作日职住通勤动线规则单一。
上_2008_01529,上海,2008,金融精英,35,女,4.9,30.4,0.4,57.0,2,1,否,A,research,0.81,0.44,0.54,0.63,0.68,0.8,0.6,0.88,0.68,自住-改善,一室一厅,91,4540,申银万国证券分析员,三口之家(幼龄段),陆家嘴核心区江景大平层,无高端私密会所及管家式物业配套，圈层鱼龙混杂，高净值居住体验差。,讲究超高得房率（超85%），主卧套房必须配备独立步入式衣帽间与干湿分离双卫。,主要在陆家嘴/徐家汇CBD上班，首选地铁2/9号线沿线，通勤半小时内。,周末常去高端商圈消费，热衷打网球和马术，重度手冲咖啡及黑胶唱片发烧友。,名下已有企业股权套现或分红现金，一次性全款付清，基本不加杠杆,重性价比，不盲信大牌，但要求物业管理有序、绿化修剪及时、人防技防规范。,常年本地稳定居住，工作日职住通勤动线规则单一。
上_2008_01530,上海,2008,本地改善,50,女,3.7,38.6,0.45,64.3,3,2,是,B,agent,0.67,0.45,0.42,0.39,0.59,0.8,0.61,0.7,0.69,自住-改善,两室两厅,59,6601,国企车间技术主任,二胎黄金期中大户型,上海中环品质两居，车位及空间极其拥挤,小区无地下车库且人车不分流，小孩在楼下玩耍或者推婴儿车极为不安全。,讲究超高得房率（超85%），主卧套房必须配备独立步入式衣帽间与干湿分离双卫。,主要在陆家嘴/徐家汇CBD上班，首选地铁2/9号线沿线，通勤半小时内。,倡导轻户外，周末常带家人自驾野营或山系徒步，注重生活情调与手作咖啡。,名下持有一套旧两居，置换回款 65% + 个人理财储蓄补充 + 公积金商业贷,重性价比，不盲信大牌，但要求物业管理有序、绿化修剪及时、人防技防规范。,常年本地稳定居住，工作日职住通勤动线规则单一。
上_2008_01531,上海,2008,本地改善,53,女,1.7,13.8,0.45,23.0,4,2,否,B,agent,0.8,0.47,0.52,0.42,0.34,0.84,0.47,0.6,0.62,自住-改善,两室一厅,91,1725,国企车间技术主任,二胎黄金期中大户型,上海中环品质两居，车位及空间极其拥挤,小区无地下车库且人车不分流，小孩在楼下玩耍或者推婴儿车极为不安全。,讲究超高得房率（超85%），主卧套房必须配备独立步入式衣帽间与干湿分离双卫。,主要在陆家嘴/徐家汇CBD上班，首选地铁2/9号线沿线，通勤半小时内。,倡导轻户外，周末常带家人自驾野营或山系徒步，注重生活情调与手作咖啡。,名下持有一套旧两居，置换回款 65% + 个人理财储蓄补充 + 公积金商业贷,重性价比，不盲信大牌，但要求物业管理有序、绿化修剪及时、人防技防规范。,常年本地稳定居住，工作日职住通勤动线规则单一。
上_2008_01532,上海,2008,金融精英,44,女,4.1,39.7,0.4,74.5,3,1,否,A,research,0.67,0.51,0.52,0.51,0.8,0.61,0.73,0.69,0.84,自住-首套,两室一厅,51,10902,老牌证券公司营业部经理,三口之家(学龄段),陆家嘴核心区江景大平层,无高端私密会所及管家式物业配套，圈层鱼龙混杂，高净值居住体验差。,要求采光通透，全明户型，带多功能嵌入式收纳墙以最大化空间利用。,主要在陆家嘴/徐家汇CBD上班，首选地铁2/9号线沿线，通勤半小时内。,周末常去高端商圈消费，热衷打网球和马术，重度手冲咖啡及黑胶唱片发烧友。,夫妻双方积蓄 + 双方父母出资赞助首付 + 公积金商业组合贷款,非仁恒、绿城、万科等金牌开发商不买，极度看重高端精装质量与顶级物业的增值口碑。,常年本地稳定居住，工作日职住通勤动线规则单一。
上_2008_01533,上海,2008,本地改善,43,男,3.3,29.1,0.45,48.6,5,2,否,B,agent,0.6,0.39,0.63,0.59,0.59,0.78,0.64,0.58,0.52,自住-改善,一室一厅,53,5967,市第二中学地理教师,二胎黄金期中大户型,上海中环品质两居，车位及空间极其拥挤,小区无地下车库且人车不分流，小孩在楼下玩耍或者推婴儿车极为不安全。,讲究超高得房率（超85%），主卧套房必须配备独立步入式衣帽间与干湿分离双卫。,主要在陆家嘴/徐家汇CBD上班，首选地铁2/9号线沿线，通勤半小时内。,倡导轻户外，周末常带家人自驾野营或山系徒步，注重生活情调与手作咖啡。,名下持有一套旧两居，置换回款 65% + 个人理财储蓄补充 + 公积金商业贷,重性价比，不盲信大牌，但要求物业管理有序、绿化修剪及时、人防技防规范。,常年本地稳定居住，工作日职住通勤动线规则单一。
上_2008_01534,上海,2008,本地改善,49,男,1.4,13.9,0.45,23.2,4,3,否,B,agent,0.49,0.55,0.55,0.39,0.38,0.87,0.66,0.54,0.59,自住-改善,两室一厅,50,2391,国企车间技术主任,二胎黄金期中大户型,上海中环品质两居，车位及空间极其拥挤,小区无地下车库且人车不分流，小孩在楼下玩耍或者推婴儿车极为不安全。,讲究超高得房率（超85%），主卧套房必须配备独立步入式衣帽间与干湿分离双卫。,主要在陆家嘴/徐家汇CBD上班，首选地铁2/9号线沿线，通勤半小时内。,倡导轻户外，周末常带家人自驾野营或山系徒步，注重生活情调与手作咖啡。,名下持有一套旧两居，置换回款 65% + 个人理财储蓄补充 + 公积金商业贷,重性价比，不盲信大牌，但要求物业管理有序、绿化修剪及时、人防技防规范。,常年本地稳定居住，工作日职住通勤动线规则单一。
上_2008_01535,上海,2008,教育型买房,35,女,4.2,24.1,0.4,45.1,2,1,否,B,social,0.89,0.51,0.4,0.36,0.62,0.71,0.51,0.96,0.52,学区房,两室两厅,60,4646,邮政局局长秘书,三口之家(幼龄段),上海中环品质两居，车位及空间极其拥挤,小区无地下车库且人车不分流，小孩在楼下玩耍或者推婴儿车极为不安全。,讲究超高得房率（超85%），主卧套房必须配备独立步入式衣帽间与干湿分离双卫。,主要在陆家嘴/徐家汇CBD上班，首选地铁2/9号线沿线，通勤半小时内。,倡导轻户外，周末常带家人自驾野营或山系徒步，注重生活情调与手作咖啡。,名下持有一套旧两居，置换回款 65% + 个人理财储蓄补充 + 公积金商业贷,重性价比，不盲信大牌，但要求物业管理有序、绿化修剪及时、人防技防规范。,常年本地稳定居住，工作日职住通勤动线规则单一。
上_2008_01536,上海,2008,本地改善,39,女,1.3,10.9,0.45,18.1,4,1,是,B,agent,0.44,0.53,0.5,0.48,0.66,0.9,0.44,0.56,0.73,自住-改善,一室一厅,50,2609,国企车间技术主任,三口之家(学龄段),上海中环品质两居，车位及空间极其拥挤,小区无地下车库且人车不分流，小孩在楼下玩耍或者推婴儿车极为不安全。,讲究超高得房率（超85%），主卧套房必须配备独立步入式衣帽间与干湿分离双卫。,主要在陆家嘴/徐家汇CBD上班，首选地铁2/9号线沿线，通勤半小时内。,倡导轻户外，周末常带家人自驾野营或山系徒步，注重生活情调与手作咖啡。,名下持有一套旧两居，置换回款 65% + 个人理财储蓄补充 + 公积金商业贷,非仁恒、绿城、万科等金牌开发商不买，极度看重高端精装质量与顶级物业的增值口碑。,常年本地稳定居住，工作日职住通勤动线规则单一。
上_2008_01537,上海,2008,长三角家庭,36,女,2.8,19.1,0.45,31.8,4,2,否,B,agent,0.64,0.56,0.64,0.54,0.46,0.73,0.47,0.81,0.56,自住-改善,一室一厅,84,2041,国企车间技术主任,二胎黄金期中大户型,上海中环品质两居，车位及空间极其拥挤,小区无地下车库且人车不分流，小孩在楼下玩耍或者推婴儿车极为不安全。,讲究超高得房率（超85%），主卧套房必须配备独立步入式衣帽间与干湿分离双卫。,主要在陆家嘴/徐家汇CBD上班，首选地铁2/9号线沿线，通勤半小时内。,倡导轻户外，周末常带家人自驾野营或山系徒步，注重生活情调与手作咖啡。,名下持有一套旧两居，置换回款 65% + 个人理财储蓄补充 + 公积金商业贷,重性价比，不盲信大牌，但要求物业管理有序、绿化修剪及时、人防技防规范。,常年本地稳定居住，工作日职住通勤动线规则单一。
上_2008_01538,上海,2008,长三角家庭,41,女,3.3,25.4,0.45,42.4,4,2,否,B,agent,0.69,0.52,0.61,0.49,0.61,0.85,0.44,0.76,0.58,自住-改善,两室一厅,66,5353,邮政局局长秘书,二胎黄金期中大户型,上海中环品质两居，车位及空间极其拥挤,小区无地下车库且人车不分流，小孩在楼下玩耍或者推婴儿车极为不安全。,讲究超高得房率（超85%），主卧套房必须配备独立步入式衣帽间与干湿分离双卫。,主要在陆家嘴/徐家汇CBD上班，首选地铁2/9号线沿线，通勤半小时内。,倡导轻户外，周末常带家人自驾野营或山系徒步，注重生活情调与手作咖啡。,名下持有一套旧两居，置换回款 65% + 个人理财储蓄补充 + 公积金商业贷,重性价比，不盲信大牌，但要求物业管理有序、绿化修剪及时、人防技防规范。,常年本地稳定居住，工作日职住通勤动线规则单一。
上_2008_01539,上海,2008,本地改善,40,女,3.0,38.0,0.45,63.4,5,2,否,B,agent,0.88,0.53,0.57,0.57,0.59,0.77,0.58,0.79,0.68,自住-改善,两室一厅,77,6089,国企车间技术主任,二胎黄金期中大户型,上海中环品质两居，车位及空间极其拥挤,小区无地下车库且人车不分流，小孩在楼下玩耍或者推婴儿车极为不安全。,讲究超高得房率（超85%），主卧套房必须配备独立步入式衣帽间与干湿分离双卫。,主要在陆家嘴/徐家汇CBD上班，首选地铁2/9号线沿线，通勤半小时内。,倡导轻户外，周末常带家人自驾野营或山系徒步，注重生活情调与手作咖啡。,名下持有一套旧两居，置换回款 65% + 个人理财储蓄补充 + 公积金商业贷,重性价比，不盲信大牌，但要求物业管理有序、绿化修剪及时、人防技防规范。,常年本地稳定居住，工作日职住通勤动线规则单一。
上_2008_01540,上海,2008,本地改善,51,女,2.5,26.3,0.45,43.8,4,3,否,B,agent,0.74,0.48,0.51,0.3,0.63,0.82,0.63,0.61,0.63,自住-改善,一室一厅,94,3433,区财政局科员,二胎黄金期中大户型,上海中环品质两居，车位及空间极其拥挤,小区无地下车库且人车不分流，小孩在楼下玩耍或者推婴儿车极为不安全。,讲究超高得房率（超85%），主卧套房必须配备独立步入式衣帽间与干湿分离双卫。,主要在陆家嘴/徐家汇CBD上班，首选地铁2/9号线沿线，通勤半小时内。,倡导轻户外，周末常带家人自驾野营或山系徒步，注重生活情调与手作咖啡。,名下持有一套旧两居，置换回款 65% + 个人理财储蓄补充 + 公积金商业贷,重性价比，不盲信大牌，但要求物业管理有序、绿化修剪及时、人防技防规范。,常年本地稳定居住，工作日职住通勤动线规则单一。
上_2008_01541,上海,2008,本地改善,51,女,2.3,23.0,0.45,38.4,4,2,否,B,agent,0.63,0.41,0.64,0.61,0.45,0.9,0.47,0.64,0.59,自住-改善,一室一厅,55,5494,区财政局科员,二胎黄金期中大户型,上海中环品质两居，车位及空间极其拥挤,小区无地下车库且人车不分流，小孩在楼下玩耍或者推婴儿车极为不安全。,讲究超高得房率（超85%），主卧套房必须配备独立步入式衣帽间与干湿分离双卫。,主要在陆家嘴/徐家汇CBD上班，首选地铁2/9号线沿线，通勤半小时内。,倡导轻户外，周末常带家人自驾野营或山系徒步，注重生活情调与手作咖啡。,名下持有一套旧两居，置换回款 65% + 个人理财储蓄补充 + 公积金商业贷,重性价比，不盲信大牌，但要求物业管理有序、绿化修剪及时、人防技防规范。,常年本地稳定居住，工作日职住通勤动线规则单一。
上_2008_01542,上海,2008,长三角家庭,47,女,1.8,10.9,0.45,18.1,3,3,否,B,agent,0.71,0.54,0.7,0.54,0.37,0.89,0.28,0.65,0.62,自住-改善,一室一厅,62,1857,区财政局科员,二胎黄金期中大户型,上海中环品质两居，车位及空间极其拥挤,小区无地下车库且人车不分流，小孩在楼下玩耍或者推婴儿车极为不安全。,讲究超高得房率（超85%），主卧套房必须配备独立步入式衣帽间与干湿分离双卫。,主要在陆家嘴/徐家汇CBD上班，首选地铁2/9号线沿线，通勤半小时内。,倡导轻户外，周末常带家人自驾野营或山系徒步，注重生活情调与手作咖啡。,名下持有一套旧两居，置换回款 65% + 个人理财储蓄补充 + 公积金商业贷,重性价比，不盲信大牌，但要求物业管理有序、绿化修剪及时、人防技防规范。,常年本地稳定居住，工作日职住通勤动线规则单一。
上_2008_01543,上海,2008,教育型买房,36,男,2.2,14.6,0.4,27.4,3,2,否,B,social,0.85,0.38,0.45,0.43,0.67,0.69,0.47,1,0.57,学区房,两室一厅,90,1637,区财政局科员,二胎黄金期中大户型,上海中环品质两居，车位及空间极其拥挤,小区无地下车库且人车不分流，小孩在楼下玩耍或者推婴儿车极为不安全。,核心要求地块属于第一梯队名校学区，且周边500米内解决幼小衔接教育配套。,主要在陆家嘴/徐家汇CBD上班，首选地铁2/9号线沿线，通勤半小时内。,倡导轻户外，周末常带家人自驾野营或山系徒步，注重生活情调与手作咖啡。,名下持有一套旧两居，置换回款 65% + 个人理财储蓄补充 + 公积金商业贷,重性价比，不盲信大牌，但要求物业管理有序、绿化修剪及时、人防技防规范。,常年本地稳定居住，工作日职住通勤动线规则单一。
上_2008_01544,上海,2008,本地改善,55,男,2.9,29.5,0.45,49.2,4,2,是,B,agent,0.96,0.4,0.47,0.57,0.52,0.89,0.64,0.77,0.56,自住-改善,一室一厅,58,6384,邮政局局长秘书,二胎黄金期中大户型,上海中环品质两居，车位及空间极其拥挤,小区无地下车库且人车不分流，小孩在楼下玩耍或者推婴儿车极为不安全。,讲究超高得房率（超85%），主卧套房必须配备独立步入式衣帽间与干湿分离双卫。,主要在陆家嘴/徐家汇CBD上班，首选地铁2/9号线沿线，通勤半小时内。,倡导轻户外，周末常带家人自驾野营或山系徒步，注重生活情调与手作咖啡。,名下持有一套旧两居，置换回款 65% + 个人理财储蓄补充 + 公积金商业贷,重性价比，不盲信大牌，但要求物业管理有序、绿化修剪及时、人防技防规范。,常年本地稳定居住，工作日职住通勤动线规则单一。
上_2008_01545,上海,2008,金融精英,47,男,8.9,86.8,0.4,162.8,2,1,否,A,research,0.99,0.41,0.7,0.54,0.77,0.92,0.63,0.79,0.9,自住-改善,三室一厅,148,6960,申银万国证券分析员,三口之家(学龄段),陆家嘴核心区江景大平层,无高端私密会所及管家式物业配套，圈层鱼龙混杂，高净值居住体验差。,讲究超高得房率（超85%），主卧套房必须配备独立步入式衣帽间与干湿分离双卫。,主要在陆家嘴/徐家汇CBD上班，首选地铁2/9号线沿线，通勤半小时内。,周末常去高端商圈消费，热衷打网球和马术，重度手冲咖啡及黑胶唱片发烧友。,名下已有企业股权套现或分红现金，一次性全款付清，基本不加杠杆,非仁恒、绿城、万科等金牌开发商不买，极度看重高端精装质量与顶级物业的增值口碑。,常年本地稳定居住，工作日职住通勤动线规则单一。
上_2008_01546,上海,2008,长三角家庭,37,女,1.5,10.6,0.45,17.7,3,3,否,B,agent,0.85,0.57,0.68,0.64,0.4,0.81,0.26,0.64,0.66,自住-首套,两室一厅,60,2290,国企车间技术主任,二胎黄金期中大户型,上海中环品质两居，车位及空间极其拥挤,小区无地下车库且人车不分流，小孩在楼下玩耍或者推婴儿车极为不安全。,讲究超高得房率（超85%），主卧套房必须配备独立步入式衣帽间与干湿分离双卫。,主要在陆家嘴/徐家汇CBD上班，首选地铁2/9号线沿线，通勤半小时内。,倡导轻户外，周末常带家人自驾野营或山系徒步，注重生活情调与手作咖啡。,夫妻双方积蓄 + 双方父母出资赞助首付 + 公积金商业组合贷款,重性价比，不盲信大牌，但要求物业管理有序、绿化修剪及时、人防技防规范。,常年本地稳定居住，工作日职住通勤动线规则单一。
上_2008_01547,上海,2008,教育型买房,47,女,2.9,17.8,0.4,33.3,2,1,是,B,social,0.85,0.49,0.45,0.45,0.6,0.81,0.55,1,0.65,学区房,两室两厅,81,3064,国企车间技术主任,三口之家(学龄段),上海中环品质两居，车位及空间极其拥挤,小区无地下车库且人车不分流，小孩在楼下玩耍或者推婴儿车极为不安全。,讲究超高得房率（超85%），主卧套房必须配备独立步入式衣帽间与干湿分离双卫。,主要在陆家嘴/徐家汇CBD上班，首选地铁2/9号线沿线，通勤半小时内。,倡导轻户外，周末常带家人自驾野营或山系徒步，注重生活情调与手作咖啡。,名下持有一套旧两居，置换回款 65% + 个人理财储蓄补充 + 公积金商业贷,重性价比，不盲信大牌，但要求物业管理有序、绿化修剪及时、人防技防规范。,常年本地稳定居住，工作日职住通勤动线规则单一。
上_2008_01548,上海,2008,教育型买房,36,女,2.7,26.5,0.4,49.6,3,1,否,B,social,0.97,0.45,0.4,0.56,0.62,0.81,0.54,0.94,0.61,学区房,两室一厅,95,4083,国企车间技术主任,三口之家(幼龄段),上海中环品质两居，车位及空间极其拥挤,小区无地下车库且人车不分流，小孩在楼下玩耍或者推婴儿车极为不安全。,讲究超高得房率（超85%），主卧套房必须配备独立步入式衣帽间与干湿分离双卫。,主要在陆家嘴/徐家汇CBD上班，首选地铁2/9号线沿线，通勤半小时内。,倡导轻户外，周末常带家人自驾野营或山系徒步，注重生活情调与手作咖啡。,名下持有一套旧两居，置换回款 65% + 个人理财储蓄补充 + 公积金商业贷,重性价比，不盲信大牌，但要求物业管理有序、绿化修剪及时、人防技防规范。,常年本地稳定居住，工作日职住通勤动线规则单一。
上_2008_01549,上海,2008,金融精英,41,女,4.4,33.7,0.4,63.2,3,1,否,A,research,0.53,0.65,0.53,0.58,0.8,0.67,0.65,0.82,0.91,自住-改善,两室一厅,61,6334,申银万国证券分析员,三口之家(学龄段),市中心私密洋房住宅,无高端私密会所及管家式物业配套，圈层鱼龙混杂，高净值居住体验差。,核心要求地块属于第一梯队名校学区，且周边500米内解决幼小衔接教育配套。,主要在陆家嘴/徐家汇CBD上班，首选地铁2/9号线沿线，通勤半小时内。,周末常去高端商圈消费，热衷打网球和马术，重度手冲咖啡及黑胶唱片发烧友。,名下已有企业股权套现或分红现金，一次性全款付清，基本不加杠杆,非仁恒、绿城、万科等金牌开发商不买，极度看重高端精装质量与顶级物业的增值口碑。,常年本地稳定居住，工作日职住通勤动线规则单一。
上_2008_01550,上海,2008,金融精英,48,男,3.5,20.8,0.4,38.9,3,1,否,A,research,0.72,0.52,0.69,0.69,0.77,0.69,0.53,0.85,0.81,自住-首套,两室一厅,96,3075,老牌证券公司营业部经理,三口之家(学龄段),市中心私密洋房住宅,无高端私密会所及管家式物业配套，圈层鱼龙混杂，高净值居住体验差。,核心要求地块属于第一梯队名校学区，且周边500米内解决幼小衔接教育配套。,主要在陆家嘴/徐家汇CBD上班，首选地铁2/9号线沿线，通勤半小时内。,周末常去高端商圈消费，热衷打网球和马术，重度手冲咖啡及黑胶唱片发烧友。,夫妻双方积蓄 + 双方父母出资赞助首付 + 公积金商业组合贷款,非仁恒、绿城、万科等金牌开发商不买，极度看重高端精装质量与顶级物业的增值口碑。,常年本地稳定居住，工作日职住通勤动线规则单一。
上_2008_01551,上海,2008,本地改善,40,女,3.6,36.7,0.45,61.1,4,1,否,B,agent,1,0.6,0.38,0.43,0.45,0.84,0.43,0.62,0.66,自住-改善,两室两厅,92,4091,区财政局科员,三口之家(学龄段),上海中环品质两居，车位及空间极其拥挤,小区无地下车库且人车不分流，小孩在楼下玩耍或者推婴儿车极为不安全。,讲究超高得房率（超85%），主卧套房必须配备独立步入式衣帽间与干湿分离双卫。,主要在陆家嘴/徐家汇CBD上班，首选地铁2/9号线沿线，通勤半小时内。,倡导轻户外，周末常带家人自驾野营或山系徒步，注重生活情调与手作咖啡。,名下持有一套旧两居，置换回款 65% + 个人理财储蓄补充 + 公积金商业贷,重性价比，不盲信大牌，但要求物业管理有序、绿化修剪及时、人防技防规范。,常年本地稳定居住，工作日职住通勤动线规则单一。
上_2008_01552,上海,2008,金融精英,33,男,6.3,35.2,0.4,66.0,3,1,是,A,research,0.34,0.31,0.64,0.59,0.76,0.63,0.71,0.78,0.86,婚房,两室两厅,93,4658,老牌证券公司营业部经理,三口之家(幼龄段),西湖边高精平层,当前房屋属于旧多层无电梯房，父母年纪渐高每天爬楼梯极为吃力。,核心要求地块属于第一梯队名校学区，且周边500米内解决幼小衔接教育配套。,主要在陆家嘴/徐家汇CBD上班，首选地铁2/9号线沿线，通勤半小时内。,周末常去高端商圈消费，热衷打网球和马术，重度手冲咖啡及黑胶唱片发烧友。,夫妻双方积蓄 + 双方父母出资赞助首付 + 公积金商业组合贷款,非仁恒、绿城、万科等金牌开发商不买，极度看重高端精装质量与顶级物业的增值口碑。,常年本地稳定居住，工作日职住通勤动线规则单一。
上_2008_01553,上海,2008,本地改善,46,男,3.0,37.3,0.45,62.1,4,3,否,B,agent,0.87,0.52,0.69,0.6,0.64,0.75,0.65,0.72,0.71,自住-改善,两室一厅,85,3741,市第二中学地理教师,二胎黄金期中大户型,上海中环品质两居，车位及空间极其拥挤,小区无地下车库且人车不分流，小孩在楼下玩耍或者推婴儿车极为不安全。,讲究超高得房率（超85%），主卧套房必须配备独立步入式衣帽间与干湿分离双卫。,主要在陆家嘴/徐家汇CBD上班，首选地铁2/9号线沿线，通勤半小时内。,倡导轻户外，周末常带家人自驾野营或山系徒步，注重生活情调与手作咖啡。,名下持有一套旧两居，置换回款 65% + 个人理财储蓄补充 + 公积金商业贷,非仁恒、绿城、万科等金牌开发商不买，极度看重高端精装质量与顶级物业的增值口碑。,常年本地稳定居住，工作日职住通勤动线规则单一。
上_2008_01554,上海,2008,金融精英,43,男,5.3,40.0,0.4,75.0,2,1,否,A,research,0.62,0.42,0.72,0.6,0.69,0.7,0.76,0.73,0.85,自住-改善,两室两厅,54,8941,老牌证券公司营业部经理,三口之家(学龄段),西湖边高精平层,无高端私密会所及管家式物业配套，圈层鱼龙混杂，高净值居住体验差。,要求有超大面宽南向双阳台（观景家政分离），主卧大飘窗能270度直面自然景观。,主要在陆家嘴/徐家汇CBD上班，首选地铁2/9号线沿线，通勤半小时内。,周末常去高端商圈消费，热衷打网球和马术，重度手冲咖啡及黑胶唱片发烧友。,名下已有企业股权套现或分红现金，一次性全款付清，基本不加杠杆,非仁恒、绿城、万科等金牌开发商不买，极度看重高端精装质量与顶级物业的增值口碑。,常年本地稳定居住，工作日职住通勤动线规则单一。
上_2008_01555,上海,2008,金融精英,39,女,7.1,59.4,0.4,111.4,3,1,否,A,research,0.99,0.59,0.65,0.5,0.75,0.67,0.77,0.91,0.8,自住-改善,一室一厅,93,9408,申银万国证券分析员,三口之家(学龄段),陆家嘴核心区江景大平层,无高端私密会所及管家式物业配套，圈层鱼龙混杂，高净值居住体验差。,核心要求地块属于第一梯队名校学区，且周边500米内解决幼小衔接教育配套。,主要在陆家嘴/徐家汇CBD上班，首选地铁2/9号线沿线，通勤半小时内。,周末常去高端商圈消费，热衷打网球和马术，重度手冲咖啡及黑胶唱片发烧友。,名下已有企业股权套现或分红现金，一次性全款付清，基本不加杠杆,非仁恒、绿城、万科等金牌开发商不买，极度看重高端精装质量与顶级物业的增值口碑。,常年本地稳定居住，工作日职住通勤动线规则单一。
上_2008_01556,上海,2008,教育型买房,43,男,3.5,36.0,0.4,67.5,3,1,否,B,social,0.8,0.42,0.3,0.41,0.59,0.69,0.59,0.97,0.49,学区房,两室一厅,97,5160,市第二中学地理教师,三口之家(学龄段),上海中环品质两居，车位及空间极其拥挤,小区无地下车库且人车不分流，小孩在楼下玩耍或者推婴儿车极为不安全。,核心要求地块属于第一梯队名校学区，且周边500米内解决幼小衔接教育配套。,主要在陆家嘴/徐家汇CBD上班，首选地铁2/9号线沿线，通勤半小时内。,倡导轻户外，周末常带家人自驾野营或山系徒步，注重生活情调与手作咖啡。,名下持有一套旧两居，置换回款 65% + 个人理财储蓄补充 + 公积金商业贷,重性价比，不盲信大牌，但要求物业管理有序、绿化修剪及时、人防技防规范。,常年本地稳定居住，工作日职住通勤动线规则单一。
上_2008_01557,上海,2008,教育型买房,33,女,3.6,23.2,0.4,43.4,4,1,是,B,social,0.8,0.63,0.46,0.45,0.6,0.74,0.48,0.96,0.6,学区房,两室一厅,64,5180,邮政局局长秘书,三口之家(幼龄段),上海中环品质两居，车位及空间极其拥挤,小区无地下车库且人车不分流，小孩在楼下玩耍或者推婴儿车极为不安全。,讲究超高得房率（超85%），主卧套房必须配备独立步入式衣帽间与干湿分离双卫。,主要在陆家嘴/徐家汇CBD上班，首选地铁2/9号线沿线，通勤半小时内。,倡导轻户外，周末常带家人自驾野营或山系徒步，注重生活情调与手作咖啡。,名下持有一套旧两居，置换回款 65% + 个人理财储蓄补充 + 公积金商业贷,重性价比，不盲信大牌，但要求物业管理有序、绿化修剪及时、人防技防规范。,常年本地稳定居住，工作日职住通勤动线规则单一。
上_2008_01558,上海,2008,本地改善,41,女,2.4,21.8,0.45,36.4,3,2,否,B,agent,0.92,0.47,0.53,0.56,0.51,0.73,0.65,0.69,0.59,自住-改善,两室两厅,72,3687,区财政局科员,二胎黄金期中大户型,上海中环品质两居，车位及空间极其拥挤,小区无地下车库且人车不分流，小孩在楼下玩耍或者推婴儿车极为不安全。,讲究超高得房率（超85%），主卧套房必须配备独立步入式衣帽间与干湿分离双卫。,主要在陆家嘴/徐家汇CBD上班，首选地铁2/9号线沿线，通勤半小时内。,倡导轻户外，周末常带家人自驾野营或山系徒步，注重生活情调与手作咖啡。,名下持有一套旧两居，置换回款 65% + 个人理财储蓄补充 + 公积金商业贷,重性价比，不盲信大牌，但要求物业管理有序、绿化修剪及时、人防技防规范。,常年本地稳定居住，工作日职住通勤动线规则单一。
上_2008_01559,上海,2008,本地改善,49,男,2.9,34.0,0.45,56.7,5,2,否,B,agent,0.69,0.47,0.63,0.58,0.46,0.81,0.54,0.59,0.67,自住-改善,两室一厅,81,3834,区财政局科员,二胎黄金期中大户型,上海中环品质两居，车位及空间极其拥挤,小区无地下车库且人车不分流，小孩在楼下玩耍或者推婴儿车极为不安全。,讲究超高得房率（超85%），主卧套房必须配备独立步入式衣帽间与干湿分离双卫。,主要在陆家嘴/徐家汇CBD上班，首选地铁2/9号线沿线，通勤半小时内。,倡导轻户外，周末常带家人自驾野营或山系徒步，注重生活情调与手作咖啡。,名下持有一套旧两居，置换回款 65% + 个人理财储蓄补充 + 公积金商业贷,重性价比，不盲信大牌，但要求物业管理有序、绿化修剪及时、人防技防规范。,常年本地稳定居住，工作日职住通勤动线规则单一。
上_2008_01560,上海,2008,金融精英,40,男,6.0,45.5,0.4,85.3,3,2,否,A,research,0.67,0.46,0.48,0.59,0.73,0.88,0.66,0.79,0.76,自住-改善,一室一厅,74,7720,老牌证券公司营业部经理,二胎黄金期中大户型,陆家嘴核心区江景大平层,无高端私密会所及管家式物业配套，圈层鱼龙混杂，高净值居住体验差。,讲究超高得房率（超85%），主卧套房必须配备独立步入式衣帽间与干湿分离双卫。,主要在陆家嘴/徐家汇CBD上班，首选地铁2/9号线沿线，通勤半小时内。,周末常去高端商圈消费，热衷打网球和马术，重度手冲咖啡及黑胶唱片发烧友。,名下已有企业股权套现或分红现金，一次性全款付清，基本不加杠杆,非仁恒、绿城、万科等金牌开发商不买，极度看重高端精装质量与顶级物业的增值口碑。,常年本地稳定居住，工作日职住通勤动线规则单一。
上_2008_01561,上海,2008,金融精英,36,女,7.8,81.4,0.4,152.6,2,2,否,A,research,0.83,0.49,0.68,0.57,0.81,0.95,0.81,0.76,0.58,自住-首套,三室一厅,115,11541,老牌证券公司营业部经理,二胎黄金期中大户型,陆家嘴核心区江景大平层,无高端私密会所及管家式物业配套，圈层鱼龙混杂，高净值居住体验差。,讲究超高得房率（超85%），主卧套房必须配备独立步入式衣帽间与干湿分离双卫。,主要在陆家嘴/徐家汇CBD上班，首选地铁2/9号线沿线，通勤半小时内。,周末常去高端商圈消费，热衷打网球和马术，重度手冲咖啡及黑胶唱片发烧友。,夫妻双方积蓄 + 双方父母出资赞助首付 + 公积金商业组合贷款,重性价比，不盲信大牌，但要求物业管理有序、绿化修剪及时、人防技防规范。,常年本地稳定居住，工作日职住通勤动线规则单一。
上_2008_01562,上海,2008,金融精英,43,男,4.3,44.4,0.4,83.2,3,1,否,A,research,0.36,0.53,0.68,0.57,0.84,0.74,0.61,0.84,0.78,自住-首套,两室两厅,65,11316,老牌证券公司营业部经理,三口之家(学龄段),西湖边高精平层,无高端私密会所及管家式物业配套，圈层鱼龙混杂，高净值居住体验差。,讲究超高得房率（超85%），主卧套房必须配备独立步入式衣帽间与干湿分离双卫。,主要在陆家嘴/徐家汇CBD上班，首选地铁2/9号线沿线，通勤半小时内。,周末常去高端商圈消费，热衷打网球和马术，重度手冲咖啡及黑胶唱片发烧友。,夫妻双方积蓄 + 双方父母出资赞助首付 + 公积金商业组合贷款,非仁恒、绿城、万科等金牌开发商不买，极度看重高端精装质量与顶级物业的增值口碑。,常年本地稳定居住，工作日职住通勤动线规则单一。
上_2008_01563,上海,2008,本地改善,53,男,3.8,40.3,0.45,67.2,4,3,否,B,agent,1,0.5,0.55,0.55,0.56,0.86,0.62,0.59,0.62,自住-改善,两室一厅,89,4259,国企车间技术主任,二胎黄金期中大户型,上海中环品质两居，车位及空间极其拥挤,小区无地下车库且人车不分流，小孩在楼下玩耍或者推婴儿车极为不安全。,讲究超高得房率（超85%），主卧套房必须配备独立步入式衣帽间与干湿分离双卫。,主要在陆家嘴/徐家汇CBD上班，首选地铁2/9号线沿线，通勤半小时内。,倡导轻户外，周末常带家人自驾野营或山系徒步，注重生活情调与手作咖啡。,名下持有一套旧两居，置换回款 65% + 个人理财储蓄补充 + 公积金商业贷,重性价比，不盲信大牌，但要求物业管理有序、绿化修剪及时、人防技防规范。,常年本地稳定居住，工作日职住通勤动线规则单一。
上_2008_01564,上海,2008,本地改善,48,男,2.0,19.1,0.45,31.8,5,2,否,B,agent,0.7,0.64,0.69,0.46,0.55,0.82,0.62,0.58,0.63,自住-改善,两室两厅,73,2776,国企车间技术主任,二胎黄金期中大户型,上海中环品质两居，车位及空间极其拥挤,小区无地下车库且人车不分流，小孩在楼下玩耍或者推婴儿车极为不安全。,讲究超高得房率（超85%），主卧套房必须配备独立步入式衣帽间与干湿分离双卫。,主要在陆家嘴/徐家汇CBD上班，首选地铁2/9号线沿线，通勤半小时内。,倡导轻户外，周末常带家人自驾野营或山系徒步，注重生活情调与手作咖啡。,名下持有一套旧两居，置换回款 65% + 个人理财储蓄补充 + 公积金商业贷,重性价比，不盲信大牌，但要求物业管理有序、绿化修剪及时、人防技防规范。,常年本地稳定居住，工作日职住通勤动线规则单一。
上_2008_01565,上海,2008,金融精英,41,女,3.1,22.8,0.4,42.8,2,0,否,A,research,0.76,0.43,0.68,0.81,0.69,0.85,0.71,0.75,0.87,自住-改善,两室两厅,94,2598,老牌证券公司营业部经理,成熟期核心家庭,陆家嘴核心区江景大平层,无高端私密会所及管家式物业配套，圈层鱼龙混杂，高净值居住体验差。,要求独立电梯入户，主次卧动线分明，配备独立保姆房和私密后院。,主要在陆家嘴/徐家汇CBD上班，首选地铁2/9号线沿线，通勤半小时内。,周末常去高端商圈消费，热衷打网球和马术，重度手冲咖啡及黑胶唱片发烧友。,名下已有企业股权套现或分红现金，一次性全款付清，基本不加杠杆,非仁恒、绿城、万科等金牌开发商不买，极度看重高端精装质量与顶级物业的增值口碑。,常年本地稳定居住，工作日职住通勤动线规则单一。
上_2008_01566,上海,2008,本地改善,45,男,2.9,26.5,0.45,44.2,5,2,是,B,agent,0.71,0.7,0.51,0.51,0.65,0.84,0.64,0.68,0.7,自住-改善,两室一厅,89,3792,邮政局局长秘书,二胎黄金期中大户型,上海中环品质两居，车位及空间极其拥挤,小区无地下车库且人车不分流，小孩在楼下玩耍或者推婴儿车极为不安全。,讲究超高得房率（超85%），主卧套房必须配备独立步入式衣帽间与干湿分离双卫。,主要在陆家嘴/徐家汇CBD上班，首选地铁2/9号线沿线，通勤半小时内。,倡导轻户外，周末常带家人自驾野营或山系徒步，注重生活情调与手作咖啡。,名下持有一套旧两居，置换回款 65% + 个人理财储蓄补充 + 公积金商业贷,非仁恒、绿城、万科等金牌开发商不买，极度看重高端精装质量与顶级物业的增值口碑。,常年本地稳定居住，工作日职住通勤动线规则单一。
上_2008_01567,上海,2008,金融精英,50,女,4.2,38.2,0.4,71.6,3,1,否,A,research,0.43,0.46,0.68,0.61,0.79,0.75,0.74,0.8,0.79,自住-改善,两室一厅,92,4804,商业银行支行信贷科长,三口之家(学龄段),陆家嘴核心区江景大平层,无高端私密会所及管家式物业配套，圈层鱼龙混杂，高净值居住体验差。,讲究超高得房率（超85%），主卧套房必须配备独立步入式衣帽间与干湿分离双卫。,主要在陆家嘴/徐家汇CBD上班，首选地铁2/9号线沿线，通勤半小时内。,周末常去高端商圈消费，热衷打网球和马术，重度手冲咖啡及黑胶唱片发烧友。,名下已有企业股权套现或分红现金，一次性全款付清，基本不加杠杆,非仁恒、绿城、万科等金牌开发商不买，极度看重高端精装质量与顶级物业的增值口碑。,常年本地稳定居住，工作日职住通勤动线规则单一。
上_2008_01568,上海,2008,本地改善,58,女,1.5,16.7,0.45,27.9,4,2,否,B,agent,0.51,0.6,0.44,0.5,0.5,0.83,0.61,0.67,0.46,自住-改善,两室两厅,90,2105,邮政局局长秘书,二胎黄金期中大户型,上海中环品质两居，车位及空间极其拥挤,小区无地下车库且人车不分流，小孩在楼下玩耍或者推婴儿车极为不安全。,讲究超高得房率（超85%），主卧套房必须配备独立步入式衣帽间与干湿分离双卫。,主要在陆家嘴/徐家汇CBD上班，首选地铁2/9号线沿线，通勤半小时内。,倡导轻户外，周末常带家人自驾野营或山系徒步，注重生活情调与手作咖啡。,名下持有一套旧两居，置换回款 65% + 个人理财储蓄补充 + 公积金商业贷,重性价比，不盲信大牌，但要求物业管理有序、绿化修剪及时、人防技防规范。,常年本地稳定居住，工作日职住通勤动线规则单一。
上_2008_01569,上海,2008,本地改善,48,男,2.0,17.5,0.45,29.2,4,2,是,B,agent,0.72,0.47,0.61,0.48,0.68,0.85,0.55,0.85,0.46,自住-改善,一室一厅,100,1503,邮政局局长秘书,二胎黄金期中大户型,上海中环品质两居，车位及空间极其拥挤,小区无地下车库且人车不分流，小孩在楼下玩耍或者推婴儿车极为不安全。,讲究超高得房率（超85%），主卧套房必须配备独立步入式衣帽间与干湿分离双卫。,主要在陆家嘴/徐家汇CBD上班，首选地铁2/9号线沿线，通勤半小时内。,倡导轻户外，周末常带家人自驾野营或山系徒步，注重生活情调与手作咖啡。,名下持有一套旧两居，置换回款 65% + 个人理财储蓄补充 + 公积金商业贷,重性价比，不盲信大牌，但要求物业管理有序、绿化修剪及时、人防技防规范。,常年本地稳定居住，工作日职住通勤动线规则单一。
上_2008_01570,上海,2008,本地改善,38,女,1.5,19.0,0.45,31.7,4,3,是,B,agent,0.68,0.4,0.49,0.58,0.56,0.8,0.53,0.61,0.59,自住-改善,一室一厅,95,1785,市第二中学地理教师,二胎黄金期中大户型,上海中环品质两居，车位及空间极其拥挤,小区无地下车库且人车不分流，小孩在楼下玩耍或者推婴儿车极为不安全。,讲究超高得房率（超85%），主卧套房必须配备独立步入式衣帽间与干湿分离双卫。,主要在陆家嘴/徐家汇CBD上班，首选地铁2/9号线沿线，通勤半小时内。,倡导轻户外，周末常带家人自驾野营或山系徒步，注重生活情调与手作咖啡。,名下持有一套旧两居，置换回款 65% + 个人理财储蓄补充 + 公积金商业贷,重性价比，不盲信大牌，但要求物业管理有序、绿化修剪及时、人防技防规范。,常年本地稳定居住，工作日职住通勤动线规则单一。
上_2008_01571,上海,2008,教育型买房,42,男,2.3,17.9,0.4,33.6,2,1,否,B,social,0.93,0.52,0.52,0.51,0.52,0.6,0.47,1,0.64,学区房,一室一厅,54,4031,市第二中学地理教师,三口之家(学龄段),上海中环品质两居，车位及空间极其拥挤,小区无地下车库且人车不分流，小孩在楼下玩耍或者推婴儿车极为不安全。,核心要求地块属于第一梯队名校学区，且周边500米内解决幼小衔接教育配套。,主要在陆家嘴/徐家汇CBD上班，首选地铁2/9号线沿线，通勤半小时内。,倡导轻户外，周末常带家人自驾野营或山系徒步，注重生活情调与手作咖啡。,名下持有一套旧两居，置换回款 65% + 个人理财储蓄补充 + 公积金商业贷,重性价比，不盲信大牌，但要求物业管理有序、绿化修剪及时、人防技防规范。,常年本地稳定居住，工作日职住通勤动线规则单一。
上_2008_01572,上海,2008,长三角家庭,36,男,1.8,10.3,0.45,17.2,5,3,否,B,agent,0.77,0.64,0.47,0.59,0.63,0.78,0.31,0.73,0.68,自住-首套,两室两厅,82,1147,区财政局科员,二胎黄金期中大户型,上海中环品质两居，车位及空间极其拥挤,小区无地下车库且人车不分流，小孩在楼下玩耍或者推婴儿车极为不安全。,讲究超高得房率（超85%），主卧套房必须配备独立步入式衣帽间与干湿分离双卫。,主要在陆家嘴/徐家汇CBD上班，首选地铁2/9号线沿线，通勤半小时内。,倡导轻户外，周末常带家人自驾野营或山系徒步，注重生活情调与手作咖啡。,夫妻双方积蓄 + 双方父母出资赞助首付 + 公积金商业组合贷款,重性价比，不盲信大牌，但要求物业管理有序、绿化修剪及时、人防技防规范。,常年本地稳定居住，工作日职住通勤动线规则单一。
上_2008_01573,上海,2008,教育型买房,44,男,3.1,29.7,0.4,55.7,3,0,否,B,social,0.88,0.48,0.25,0.35,0.49,0.88,0.58,1,0.57,学区房,一室一厅,90,4114,邮政局局长秘书,成熟期核心家庭,上海中环品质两居，车位及空间极其拥挤,老小区隔音差，邻里滋扰严重，且车位严重匮乏，每晚加班回来抢车位像打仗。,讲究超高得房率（超85%），主卧套房必须配备独立步入式衣帽间与干湿分离双卫。,主要在陆家嘴/徐家汇CBD上班，首选地铁2/9号线沿线，通勤半小时内。,倡导轻户外，周末常带家人自驾野营或山系徒步，注重生活情调与手作咖啡。,名下持有一套旧两居，置换回款 65% + 个人理财储蓄补充 + 公积金商业贷,重性价比，不盲信大牌，但要求物业管理有序、绿化修剪及时、人防技防规范。,常年本地稳定居住，工作日职住通勤动线规则单一。
上_2008_01574,上海,2008,本地改善,39,女,2.1,17.4,0.45,29.0,4,3,是,B,agent,0.8,0.38,0.6,0.4,0.43,1,0.63,0.56,0.67,自住-改善,两室两厅,87,2659,区财政局科员,二胎黄金期中大户型,上海中环品质两居，车位及空间极其拥挤,小区无地下车库且人车不分流，小孩在楼下玩耍或者推婴儿车极为不安全。,讲究超高得房率（超85%），主卧套房必须配备独立步入式衣帽间与干湿分离双卫。,主要在陆家嘴/徐家汇CBD上班，首选地铁2/9号线沿线，通勤半小时内。,倡导轻户外，周末常带家人自驾野营或山系徒步，注重生活情调与手作咖啡。,名下持有一套旧两居，置换回款 65% + 个人理财储蓄补充 + 公积金商业贷,重性价比，不盲信大牌，但要求物业管理有序、绿化修剪及时、人防技防规范。,常年本地稳定居住，工作日职住通勤动线规则单一。
上_2008_01575,上海,2008,本地改善,49,女,2.1,26.4,0.45,43.9,4,3,否,B,agent,1,0.42,0.55,0.5,0.49,0.91,0.62,0.72,0.6,自住-改善,两室一厅,80,4692,区财政局科员,二胎黄金期中大户型,上海中环品质两居，车位及空间极其拥挤,小区无地下车库且人车不分流，小孩在楼下玩耍或者推婴儿车极为不安全。,讲究超高得房率（超85%），主卧套房必须配备独立步入式衣帽间与干湿分离双卫。,主要在陆家嘴/徐家汇CBD上班，首选地铁2/9号线沿线，通勤半小时内。,倡导轻户外，周末常带家人自驾野营或山系徒步，注重生活情调与手作咖啡。,名下持有一套旧两居，置换回款 65% + 个人理财储蓄补充 + 公积金商业贷,重性价比，不盲信大牌，但要求物业管理有序、绿化修剪及时、人防技防规范。,常年本地稳定居住，工作日职住通勤动线规则单一。
上_2008_01576,上海,2008,本地改善,45,男,0.9,6.9,0.45,11.4,4,2,否,B,agent,0.73,0.53,0.5,0.59,0.38,0.75,0.56,0.71,0.64,自住-改善,两室两厅,81,1119,国企车间技术主任,二胎黄金期中大户型,上海中环品质两居，车位及空间极其拥挤,小区无地下车库且人车不分流，小孩在楼下玩耍或者推婴儿车极为不安全。,讲究超高得房率（超85%），主卧套房必须配备独立步入式衣帽间与干湿分离双卫。,主要在陆家嘴/徐家汇CBD上班，首选地铁2/9号线沿线，通勤半小时内。,倡导轻户外，周末常带家人自驾野营或山系徒步，注重生活情调与手作咖啡。,名下持有一套旧两居，置换回款 65% + 个人理财储蓄补充 + 公积金商业贷,重性价比，不盲信大牌，但要求物业管理有序、绿化修剪及时、人防技防规范。,常年本地稳定居住，工作日职住通勤动线规则单一。
上_2008_01577,上海,2008,金融精英,43,女,6.5,63.8,0.4,119.6,2,1,否,A,research,0.96,0.32,0.75,0.54,0.82,0.78,0.69,0.77,0.64,自住-首套,一室一厅,71,13650,商业银行支行信贷科长,三口之家(学龄段),陆家嘴核心区江景大平层,无高端私密会所及管家式物业配套，圈层鱼龙混杂，高净值居住体验差。,要求有超大面宽南向双阳台（观景家政分离），主卧大飘窗能270度直面自然景观。,主要在陆家嘴/徐家汇CBD上班，首选地铁2/9号线沿线，通勤半小时内。,周末常去高端商圈消费，热衷打网球和马术，重度手冲咖啡及黑胶唱片发烧友。,夫妻双方积蓄 + 双方父母出资赞助首付 + 公积金商业组合贷款,重性价比，不盲信大牌，但要求物业管理有序、绿化修剪及时、人防技防规范。,常年本地稳定居住，工作日职住通勤动线规则单一。
上_2008_01578,上海,2008,本地改善,45,男,3.1,30.5,0.45,50.8,4,2,是,B,agent,0.81,0.66,0.54,0.48,0.56,0.89,0.41,0.73,0.6,自住-改善,两室一厅,52,5330,市第二中学地理教师,二胎黄金期中大户型,上海中环品质两居，车位及空间极其拥挤,小区无地下车库且人车不分流，小孩在楼下玩耍或者推婴儿车极为不安全。,讲究超高得房率（超85%），主卧套房必须配备独立步入式衣帽间与干湿分离双卫。,主要在陆家嘴/徐家汇CBD上班，首选地铁2/9号线沿线，通勤半小时内。,倡导轻户外，周末常带家人自驾野营或山系徒步，注重生活情调与手作咖啡。,名下持有一套旧两居，置换回款 65% + 个人理财储蓄补充 + 公积金商业贷,重性价比，不盲信大牌，但要求物业管理有序、绿化修剪及时、人防技防规范。,常年本地稳定居住，工作日职住通勤动线规则单一。
上_2008_01579,上海,2008,本地改善,53,女,1.7,19.8,0.45,33.1,4,2,是,B,agent,1,0.56,0.55,0.58,0.52,0.82,0.74,0.7,0.59,自住-改善,两室一厅,88,2025,国企车间技术主任,二胎黄金期中大户型,上海中环品质两居，车位及空间极其拥挤,小区无地下车库且人车不分流，小孩在楼下玩耍或者推婴儿车极为不安全。,讲究超高得房率（超85%），主卧套房必须配备独立步入式衣帽间与干湿分离双卫。,主要在陆家嘴/徐家汇CBD上班，首选地铁2/9号线沿线，通勤半小时内。,倡导轻户外，周末常带家人自驾野营或山系徒步，注重生活情调与手作咖啡。,名下持有一套旧两居，置换回款 65% + 个人理财储蓄补充 + 公积金商业贷,重性价比，不盲信大牌，但要求物业管理有序、绿化修剪及时、人防技防规范。,常年本地稳定居住，工作日职住通勤动线规则单一。
上_2008_01580,上海,2008,本地改善,42,女,2.6,21.3,0.45,35.5,3,2,否,B,agent,0.7,0.68,0.45,0.61,0.77,0.91,0.67,0.67,0.63,自住-改善,一室一厅,98,1830,国企车间技术主任,二胎黄金期中大户型,上海中环品质两居，车位及空间极其拥挤,小区无地下车库且人车不分流，小孩在楼下玩耍或者推婴儿车极为不安全。,讲究超高得房率（超85%），主卧套房必须配备独立步入式衣帽间与干湿分离双卫。,主要在陆家嘴/徐家汇CBD上班，首选地铁2/9号线沿线，通勤半小时内。,倡导轻户外，周末常带家人自驾野营或山系徒步，注重生活情调与手作咖啡。,名下持有一套旧两居，置换回款 65% + 个人理财储蓄补充 + 公积金商业贷,重性价比，不盲信大牌，但要求物业管理有序、绿化修剪及时、人防技防规范。,常年本地稳定居住，工作日职住通勤动线规则单一。
上_2008_01581,上海,2008,教育型买房,39,男,2.8,15.6,0.4,29.2,3,1,否,B,social,1,0.59,0.41,0.16,0.67,0.65,0.53,0.92,0.71,学区房,一室一厅,55,3063,市第二中学地理教师,三口之家(学龄段),上海中环品质两居，车位及空间极其拥挤,小区无地下车库且人车不分流，小孩在楼下玩耍或者推婴儿车极为不安全。,核心要求地块属于第一梯队名校学区，且周边500米内解决幼小衔接教育配套。,主要在陆家嘴/徐家汇CBD上班，首选地铁2/9号线沿线，通勤半小时内。,倡导轻户外，周末常带家人自驾野营或山系徒步，注重生活情调与手作咖啡。,名下持有一套旧两居，置换回款 65% + 个人理财储蓄补充 + 公积金商业贷,非仁恒、绿城、万科等金牌开发商不买，极度看重高端精装质量与顶级物业的增值口碑。,常年本地稳定居住，工作日职住通勤动线规则单一。
上_2008_01582,上海,2008,金融精英,41,女,4.2,44.1,0.4,82.7,3,1,否,A,research,0.68,0.4,0.69,0.64,0.58,0.7,0.59,0.94,0.84,自住-改善,两室两厅,100,4658,老牌证券公司营业部经理,三口之家(学龄段),西湖边高精平层,无高端私密会所及管家式物业配套，圈层鱼龙混杂，高净值居住体验差。,讲究超高得房率（超85%），主卧套房必须配备独立步入式衣帽间与干湿分离双卫。,主要在陆家嘴/徐家汇CBD上班，首选地铁2/9号线沿线，通勤半小时内。,周末常去高端商圈消费，热衷打网球和马术，重度手冲咖啡及黑胶唱片发烧友。,名下已有企业股权套现或分红现金，一次性全款付清，基本不加杠杆,非仁恒、绿城、万科等金牌开发商不买，极度看重高端精装质量与顶级物业的增值口碑。,常年本地稳定居住，工作日职住通勤动线规则单一。
上_2008_01583,上海,2008,教育型买房,40,男,3.9,37.5,0.4,70.2,3,2,是,B,social,0.59,0.48,0.47,0.49,0.64,0.63,0.51,0.85,0.59,学区房,两室两厅,67,8199,区财政局科员,二胎黄金期中大户型,上海中环品质两居，车位及空间极其拥挤,小区无地下车库且人车不分流，小孩在楼下玩耍或者推婴儿车极为不安全。,核心要求地块属于第一梯队名校学区，且周边500米内解决幼小衔接教育配套。,主要在陆家嘴/徐家汇CBD上班，首选地铁2/9号线沿线，通勤半小时内。,倡导轻户外，周末常带家人自驾野营或山系徒步，注重生活情调与手作咖啡。,名下持有一套旧两居，置换回款 65% + 个人理财储蓄补充 + 公积金商业贷,重性价比，不盲信大牌，但要求物业管理有序、绿化修剪及时、人防技防规范。,常年本地稳定居住，工作日职住通勤动线规则单一。
上_2008_01584,上海,2008,本地改善,49,男,3.4,33.3,0.45,55.5,4,2,是,B,agent,0.74,0.43,0.59,0.51,0.45,0.95,0.64,0.78,0.41,自住-改善,两室一厅,93,2985,区财政局科员,二胎黄金期中大户型,上海中环品质两居，车位及空间极其拥挤,小区无地下车库且人车不分流，小孩在楼下玩耍或者推婴儿车极为不安全。,讲究超高得房率（超85%），主卧套房必须配备独立步入式衣帽间与干湿分离双卫。,主要在陆家嘴/徐家汇CBD上班，首选地铁2/9号线沿线，通勤半小时内。,倡导轻户外，周末常带家人自驾野营或山系徒步，注重生活情调与手作咖啡。,名下持有一套旧两居，置换回款 65% + 个人理财储蓄补充 + 公积金商业贷,重性价比，不盲信大牌，但要求物业管理有序、绿化修剪及时、人防技防规范。,常年本地稳定居住，工作日职住通勤动线规则单一。
上_2008_01585,上海,2008,本地改善,52,男,2.3,20.1,0.45,33.5,2,2,否,B,agent,0.6,0.53,0.57,0.53,0.55,0.78,0.64,0.79,0.55,自住-改善,两室两厅,72,4060,市第二中学地理教师,二胎黄金期中大户型,上海中环品质两居，车位及空间极其拥挤,小区无地下车库且人车不分流，小孩在楼下玩耍或者推婴儿车极为不安全。,讲究超高得房率（超85%），主卧套房必须配备独立步入式衣帽间与干湿分离双卫。,主要在陆家嘴/徐家汇CBD上班，首选地铁2/9号线沿线，通勤半小时内。,倡导轻户外，周末常带家人自驾野营或山系徒步，注重生活情调与手作咖啡。,名下持有一套旧两居，置换回款 65% + 个人理财储蓄补充 + 公积金商业贷,重性价比，不盲信大牌，但要求物业管理有序、绿化修剪及时、人防技防规范。,常年本地稳定居住，工作日职住通勤动线规则单一。
上_2008_01586,上海,2008,本地改善,47,男,1.3,15.1,0.45,25.2,4,2,是,B,agent,0.9,0.58,0.6,0.48,0.66,0.74,0.46,0.72,0.59,自住-改善,两室两厅,99,2136,国企车间技术主任,二胎黄金期中大户型,上海中环品质两居，车位及空间极其拥挤,小区无地下车库且人车不分流，小孩在楼下玩耍或者推婴儿车极为不安全。,讲究超高得房率（超85%），主卧套房必须配备独立步入式衣帽间与干湿分离双卫。,主要在陆家嘴/徐家汇CBD上班，首选地铁2/9号线沿线，通勤半小时内。,倡导轻户外，周末常带家人自驾野营或山系徒步，注重生活情调与手作咖啡。,名下持有一套旧两居，置换回款 65% + 个人理财储蓄补充 + 公积金商业贷,重性价比，不盲信大牌，但要求物业管理有序、绿化修剪及时、人防技防规范。,常年本地稳定居住，工作日职住通勤动线规则单一。
上_2008_01587,上海,2008,金融精英,49,男,8.9,86.5,0.4,162.2,4,1,是,A,research,0.57,0.46,0.59,0.57,0.71,0.84,0.72,0.9,0.75,自住-改善,两室两厅,114,7217,老牌证券公司营业部经理,三口之家(学龄段),市中心私密洋房住宅,当前房屋属于旧多层无电梯房，父母年纪渐高每天爬楼梯极为吃力。,讲究超高得房率（超85%），主卧套房必须配备独立步入式衣帽间与干湿分离双卫。,主要在陆家嘴/徐家汇CBD上班，首选地铁2/9号线沿线，通勤半小时内。,周末常去高端商圈消费，热衷打网球和马术，重度手冲咖啡及黑胶唱片发烧友。,名下已有企业股权套现或分红现金，一次性全款付清，基本不加杠杆,非仁恒、绿城、万科等金牌开发商不买，极度看重高端精装质量与顶级物业的增值口碑。,常年本地稳定居住，工作日职住通勤动线规则单一。
上_2008_01588,上海,2008,教育型买房,47,女,3.9,30.5,0.4,57.2,3,1,否,B,social,0.94,0.6,0.24,0.44,0.53,0.83,0.55,1,0.7,学区房,一室一厅,83,5470,市第二中学地理教师,三口之家(学龄段),上海中环品质两居，车位及空间极其拥挤,小区无地下车库且人车不分流，小孩在楼下玩耍或者推婴儿车极为不安全。,讲究超高得房率（超85%），主卧套房必须配备独立步入式衣帽间与干湿分离双卫。,主要在陆家嘴/徐家汇CBD上班，首选地铁2/9号线沿线，通勤半小时内。,倡导轻户外，周末常带家人自驾野营或山系徒步，注重生活情调与手作咖啡。,名下持有一套旧两居，置换回款 65% + 个人理财储蓄补充 + 公积金商业贷,重性价比，不盲信大牌，但要求物业管理有序、绿化修剪及时、人防技防规范。,常年本地稳定居住，工作日职住通勤动线规则单一。
上_2008_01589,上海,2008,本地改善,54,男,1.2,14.3,0.45,23.8,4,1,否,B,agent,0.36,0.52,0.63,0.49,0.57,0.79,0.62,0.85,0.65,自住-改善,两室两厅,94,1421,市第二中学地理教师,三口之家(学龄段),上海中环品质两居，车位及空间极其拥挤,小区无地下车库且人车不分流，小孩在楼下玩耍或者推婴儿车极为不安全。,讲究超高得房率（超85%），主卧套房必须配备独立步入式衣帽间与干湿分离双卫。,主要在陆家嘴/徐家汇CBD上班，首选地铁2/9号线沿线，通勤半小时内。,倡导轻户外，周末常带家人自驾野营或山系徒步，注重生活情调与手作咖啡。,名下持有一套旧两居，置换回款 65% + 个人理财储蓄补充 + 公积金商业贷,重性价比，不盲信大牌，但要求物业管理有序、绿化修剪及时、人防技防规范。,常年本地稳定居住，工作日职住通勤动线规则单一。
上_2008_01590,上海,2008,本地改善,55,女,1.7,18.6,0.45,30.9,5,1,是,B,agent,0.55,0.42,0.56,0.59,0.59,0.85,0.67,0.62,0.59,自住-改善,两室一厅,53,4526,国企车间技术主任,三口之家(学龄段),上海中环品质两居，车位及空间极其拥挤,小区无地下车库且人车不分流，小孩在楼下玩耍或者推婴儿车极为不安全。,讲究超高得房率（超85%），主卧套房必须配备独立步入式衣帽间与干湿分离双卫。,主要在陆家嘴/徐家汇CBD上班，首选地铁2/9号线沿线，通勤半小时内。,倡导轻户外，周末常带家人自驾野营或山系徒步，注重生活情调与手作咖啡。,名下持有一套旧两居，置换回款 65% + 个人理财储蓄补充 + 公积金商业贷,重性价比，不盲信大牌，但要求物业管理有序、绿化修剪及时、人防技防规范。,常年本地稳定居住，工作日职住通勤动线规则单一。
上_2008_01591,上海,2008,教育型买房,34,女,3.1,27.2,0.4,51.1,3,1,否,B,social,0.81,0.49,0.44,0.56,0.69,0.58,0.8,0.93,0.56,学区房,两室一厅,86,3372,区财政局科员,三口之家(幼龄段),上海中环品质两居，车位及空间极其拥挤,小区无地下车库且人车不分流，小孩在楼下玩耍或者推婴儿车极为不安全。,核心要求地块属于第一梯队名校学区，且周边500米内解决幼小衔接教育配套。,主要在陆家嘴/徐家汇CBD上班，首选地铁2/9号线沿线，通勤半小时内。,倡导轻户外，周末常带家人自驾野营或山系徒步，注重生活情调与手作咖啡。,名下持有一套旧两居，置换回款 65% + 个人理财储蓄补充 + 公积金商业贷,重性价比，不盲信大牌，但要求物业管理有序、绿化修剪及时、人防技防规范。,常年本地稳定居住，工作日职住通勤动线规则单一。
上_2008_01592,上海,2008,本地改善,45,女,2.3,27.4,0.45,45.6,4,2,是,B,agent,0.78,0.45,0.65,0.37,0.48,0.83,0.49,0.65,0.72,自住-改善,两室两厅,64,5323,区财政局科员,二胎黄金期中大户型,上海中环品质两居，车位及空间极其拥挤,小区无地下车库且人车不分流，小孩在楼下玩耍或者推婴儿车极为不安全。,讲究超高得房率（超85%），主卧套房必须配备独立步入式衣帽间与干湿分离双卫。,主要在陆家嘴/徐家汇CBD上班，首选地铁2/9号线沿线，通勤半小时内。,倡导轻户外，周末常带家人自驾野营或山系徒步，注重生活情调与手作咖啡。,名下持有一套旧两居，置换回款 65% + 个人理财储蓄补充 + 公积金商业贷,非仁恒、绿城、万科等金牌开发商不买，极度看重高端精装质量与顶级物业的增值口碑。,常年本地稳定居住，工作日职住通勤动线规则单一。
上_2008_01593,上海,2008,长三角家庭,47,男,1.7,13.2,0.45,22.1,4,1,否,B,agent,0.79,0.74,0.44,0.41,0.68,0.78,0.32,0.58,0.67,自住-改善,两室两厅,68,2381,邮政局局长秘书,三口之家(学龄段),上海中环品质两居，车位及空间极其拥挤,小区无地下车库且人车不分流，小孩在楼下玩耍或者推婴儿车极为不安全。,讲究超高得房率（超85%），主卧套房必须配备独立步入式衣帽间与干湿分离双卫。,主要在陆家嘴/徐家汇CBD上班，首选地铁2/9号线沿线，通勤半小时内。,倡导轻户外，周末常带家人自驾野营或山系徒步，注重生活情调与手作咖啡。,名下持有一套旧两居，置换回款 65% + 个人理财储蓄补充 + 公积金商业贷,重性价比，不盲信大牌，但要求物业管理有序、绿化修剪及时、人防技防规范。,常年本地稳定居住，工作日职住通勤动线规则单一。
上_2008_01594,上海,2008,金融精英,34,女,2.8,26.3,0.4,49.2,4,1,是,A,research,0.76,0.36,0.6,0.64,0.67,0.71,0.82,0.74,0.72,自住-首套,一室一厅,56,4409,商业银行支行信贷科长,三口之家(幼龄段),市中心私密洋房住宅,当前房屋属于旧多层无电梯房，父母年纪渐高每天爬楼梯极为吃力。,讲究超高得房率（超85%），主卧套房必须配备独立步入式衣帽间与干湿分离双卫。,主要在陆家嘴/徐家汇CBD上班，首选地铁2/9号线沿线，通勤半小时内。,周末常去高端商圈消费，热衷打网球和马术，重度手冲咖啡及黑胶唱片发烧友。,夫妻双方积蓄 + 双方父母出资赞助首付 + 公积金商业组合贷款,非仁恒、绿城、万科等金牌开发商不买，极度看重高端精装质量与顶级物业的增值口碑。,常年本地稳定居住，工作日职住通勤动线规则单一。
上_2008_01595,上海,2008,教育型买房,42,男,2.8,22.8,0.4,42.8,4,0,是,B,social,0.79,0.55,0.32,0.35,0.59,0.71,0.44,1,0.56,学区房,两室一厅,78,2859,邮政局局长秘书,成熟期核心家庭,上海中环品质两居，车位及空间极其拥挤,当前房屋属于旧多层无电梯房，父母年纪渐高每天爬楼梯极为吃力。,讲究超高得房率（超85%），主卧套房必须配备独立步入式衣帽间与干湿分离双卫。,主要在陆家嘴/徐家汇CBD上班，首选地铁2/9号线沿线，通勤半小时内。,倡导轻户外，周末常带家人自驾野营或山系徒步，注重生活情调与手作咖啡。,名下持有一套旧两居，置换回款 65% + 个人理财储蓄补充 + 公积金商业贷,重性价比，不盲信大牌，但要求物业管理有序、绿化修剪及时、人防技防规范。,常年本地稳定居住，工作日职住通勤动线规则单一。
上_2008_01596,上海,2008,教育型买房,41,女,4.4,29.7,0.4,55.7,4,1,是,B,social,0.99,0.63,0.62,0.31,0.7,0.72,0.56,1,0.65,学区房,两室一厅,68,6407,区财政局科员,三口之家(学龄段),上海中环品质两居，车位及空间极其拥挤,小区无地下车库且人车不分流，小孩在楼下玩耍或者推婴儿车极为不安全。,讲究超高得房率（超85%），主卧套房必须配备独立步入式衣帽间与干湿分离双卫。,主要在陆家嘴/徐家汇CBD上班，首选地铁2/9号线沿线，通勤半小时内。,倡导轻户外，周末常带家人自驾野营或山系徒步，注重生活情调与手作咖啡。,名下持有一套旧两居，置换回款 65% + 个人理财储蓄补充 + 公积金商业贷,重性价比，不盲信大牌，但要求物业管理有序、绿化修剪及时、人防技防规范。,常年本地稳定居住，工作日职住通勤动线规则单一。
上_2008_01597,上海,2008,本地改善,45,女,1.0,8.7,0.45,14.5,4,3,是,B,agent,0.78,0.47,0.45,0.5,0.6,0.85,0.66,0.81,0.67,自住-改善,两室两厅,65,1820,邮政局局长秘书,二胎黄金期中大户型,上海中环品质两居，车位及空间极其拥挤,小区无地下车库且人车不分流，小孩在楼下玩耍或者推婴儿车极为不安全。,讲究超高得房率（超85%），主卧套房必须配备独立步入式衣帽间与干湿分离双卫。,主要在陆家嘴/徐家汇CBD上班，首选地铁2/9号线沿线，通勤半小时内。,倡导轻户外，周末常带家人自驾野营或山系徒步，注重生活情调与手作咖啡。,名下持有一套旧两居，置换回款 65% + 个人理财储蓄补充 + 公积金商业贷,重性价比，不盲信大牌，但要求物业管理有序、绿化修剪及时、人防技防规范。,常年本地稳定居住，工作日职住通勤动线规则单一。
上_2008_01598,上海,2008,金融精英,49,女,7.9,61.8,0.4,115.9,4,1,否,A,research,0.58,0.38,0.67,0.46,0.82,0.79,0.75,0.9,1,自住-首套,两室一厅,64,12798,老牌证券公司营业部经理,三口之家(学龄段),陆家嘴核心区江景大平层,无高端私密会所及管家式物业配套，圈层鱼龙混杂，高净值居住体验差。,讲究超高得房率（超85%），主卧套房必须配备独立步入式衣帽间与干湿分离双卫。,主要在陆家嘴/徐家汇CBD上班，首选地铁2/9号线沿线，通勤半小时内。,周末常去高端商圈消费，热衷打网球和马术，重度手冲咖啡及黑胶唱片发烧友。,夫妻双方积蓄 + 双方父母出资赞助首付 + 公积金商业组合贷款,非仁恒、绿城、万科等金牌开发商不买，极度看重高端精装质量与顶级物业的增值口碑。,常年本地稳定居住，工作日职住通勤动线规则单一。
上_2008_01599,上海,2008,本地改善,47,男,2.5,21.7,0.45,36.2,4,2,否,B,agent,0.92,0.62,0.48,0.43,0.47,0.79,0.58,0.81,0.51,自住-改善,两室两厅,82,2337,区财政局科员,二胎黄金期中大户型,上海中环品质两居，车位及空间极其拥挤,小区无地下车库且人车不分流，小孩在楼下玩耍或者推婴儿车极为不安全。,讲究超高得房率（超85%），主卧套房必须配备独立步入式衣帽间与干湿分离双卫。,主要在陆家嘴/徐家汇CBD上班，首选地铁2/9号线沿线，通勤半小时内。,倡导轻户外，周末常带家人自驾野营或山系徒步，注重生活情调与手作咖啡。,名下持有一套旧两居，置换回款 65% + 个人理财储蓄补充 + 公积金商业贷,重性价比，不盲信大牌，但要求物业管理有序、绿化修剪及时、人防技防规范。,常年本地稳定居住，工作日职住通勤动线规则单一。
上_2008_01600,上海,2008,金融精英,48,男,4.9,50.3,0.4,94.3,3,1,否,A,research,0.85,0.36,0.79,0.66,0.71,0.68,0.57,0.82,0.92,自住-改善,两室一厅,52,11037,申银万国证券分析员,三口之家(学龄段),市中心私密洋房住宅,无高端私密会所及管家式物业配套，圈层鱼龙混杂，高净值居住体验差。,要求有超大面宽南向双阳台（观景家政分离），主卧大飘窗能270度直面自然景观。,主要在陆家嘴/徐家汇CBD上班，首选地铁2/9号线沿线，通勤半小时内。,周末常去高端商圈消费，热衷打网球和马术，重度手冲咖啡及黑胶唱片发烧友。,名下已有企业股权套现或分红现金，一次性全款付清，基本不加杠杆,非仁恒、绿城、万科等金牌开发商不买，极度看重高端精装质量与顶级物业的增值口碑。,常年本地稳定居住，工作日职住通勤动线规则单一。
上_2008_01601,上海,2008,本地改善,39,男,2.7,20.0,0.45,33.3,4,2,否,B,agent,1,0.31,0.45,0.4,0.7,0.86,0.6,0.91,0.8,自住-改善,两室两厅,69,2625,国企车间技术主任,二胎黄金期中大户型,上海中环品质两居，车位及空间极其拥挤,小区无地下车库且人车不分流，小孩在楼下玩耍或者推婴儿车极为不安全。,讲究超高得房率（超85%），主卧套房必须配备独立步入式衣帽间与干湿分离双卫。,主要在陆家嘴/徐家汇CBD上班，首选地铁2/9号线沿线，通勤半小时内。,倡导轻户外，周末常带家人自驾野营或山系徒步，注重生活情调与手作咖啡。,名下持有一套旧两居，置换回款 65% + 个人理财储蓄补充 + 公积金商业贷,非仁恒、绿城、万科等金牌开发商不买，极度看重高端精装质量与顶级物业的增值口碑。,常年本地稳定居住，工作日职住通勤动线规则单一。
上_2008_01602,上海,2008,金融精英,50,男,3.1,24.6,0.4,46.0,4,2,是,A,research,0.8,0.44,0.65,0.63,0.83,0.84,0.73,0.84,0.67,自住-改善,两室一厅,96,2438,申银万国证券分析员,二胎黄金期中大户型,市中心私密洋房住宅,当前房屋属于旧多层无电梯房，父母年纪渐高每天爬楼梯极为吃力。,讲究超高得房率（超85%），主卧套房必须配备独立步入式衣帽间与干湿分离双卫。,主要在陆家嘴/徐家汇CBD上班，首选地铁2/9号线沿线，通勤半小时内。,周末常去高端商圈消费，热衷打网球和马术，重度手冲咖啡及黑胶唱片发烧友。,名下已有企业股权套现或分红现金，一次性全款付清，基本不加杠杆,重性价比，不盲信大牌，但要求物业管理有序、绿化修剪及时、人防技防规范。,常年本地稳定居住，工作日职住通勤动线规则单一。
上_2008_01603,上海,2008,教育型买房,48,女,1.6,14.0,0.4,26.2,3,0,否,B,social,1,0.55,0.46,0.36,0.55,0.7,0.56,0.88,0.68,学区房,两室一厅,76,2072,邮政局局长秘书,成熟期核心家庭,上海中环品质两居，车位及空间极其拥挤,老小区隔音差，邻里滋扰严重，且车位严重匮乏，每晚加班回来抢车位像打仗。,核心要求地块属于第一梯队名校学区，且周边500米内解决幼小衔接教育配套。,主要在陆家嘴/徐家汇CBD上班，首选地铁2/9号线沿线，通勤半小时内。,倡导轻户外，周末常带家人自驾野营或山系徒步，注重生活情调与手作咖啡。,名下持有一套旧两居，置换回款 65% + 个人理财储蓄补充 + 公积金商业贷,重性价比，不盲信大牌，但要求物业管理有序、绿化修剪及时、人防技防规范。,常年本地稳定居住，工作日职住通勤动线规则单一。
上_2008_01604,上海,2008,长三角家庭,48,男,1.4,7.6,0.45,12.6,5,2,否,B,agent,0.77,0.54,0.54,0.7,0.49,0.75,0.31,0.63,0.75,自住-改善,两室一厅,52,1659,邮政局局长秘书,二胎黄金期中大户型,上海中环品质两居，车位及空间极其拥挤,小区无地下车库且人车不分流，小孩在楼下玩耍或者推婴儿车极为不安全。,要求独立电梯入户，主次卧动线分明，配备独立保姆房和私密后院。,主要在陆家嘴/徐家汇CBD上班，首选地铁2/9号线沿线，通勤半小时内。,倡导轻户外，周末常带家人自驾野营或山系徒步，注重生活情调与手作咖啡。,名下持有一套旧两居，置换回款 65% + 个人理财储蓄补充 + 公积金商业贷,非仁恒、绿城、万科等金牌开发商不买，极度看重高端精装质量与顶级物业的增值口碑。,常年本地稳定居住，工作日职住通勤动线规则单一。
上_2008_01605,上海,2008,教育型买房,45,女,3.3,23.4,0.4,43.9,3,1,是,B,social,0.95,0.38,0.36,0.34,0.5,0.74,0.56,1,0.52,学区房,两室两厅,99,2544,区财政局科员,三口之家(学龄段),上海中环品质两居，车位及空间极其拥挤,小区无地下车库且人车不分流，小孩在楼下玩耍或者推婴儿车极为不安全。,讲究超高得房率（超85%），主卧套房必须配备独立步入式衣帽间与干湿分离双卫。,主要在陆家嘴/徐家汇CBD上班，首选地铁2/9号线沿线，通勤半小时内。,倡导轻户外，周末常带家人自驾野营或山系徒步，注重生活情调与手作咖啡。,名下持有一套旧两居，置换回款 65% + 个人理财储蓄补充 + 公积金商业贷,重性价比，不盲信大牌，但要求物业管理有序、绿化修剪及时、人防技防规范。,常年本地稳定居住，工作日职住通勤动线规则单一。
上_2008_01606,上海,2008,金融精英,42,女,1.3,8.9,0.4,16.6,4,1,否,A,research,0.62,0.54,0.68,0.51,0.88,0.87,0.68,0.86,0.77,自住-改善,一室一厅,99,1302,老牌证券公司营业部经理,三口之家(学龄段),市中心私密洋房住宅,无高端私密会所及管家式物业配套，圈层鱼龙混杂，高净值居住体验差。,讲究超高得房率（超85%），主卧套房必须配备独立步入式衣帽间与干湿分离双卫。,主要在陆家嘴/徐家汇CBD上班，首选地铁2/9号线沿线，通勤半小时内。,周末常去高端商圈消费，热衷打网球和马术，重度手冲咖啡及黑胶唱片发烧友。,名下已有企业股权套现或分红现金，一次性全款付清，基本不加杠杆,非仁恒、绿城、万科等金牌开发商不买，极度看重高端精装质量与顶级物业的增值口碑。,常年本地稳定居住，工作日职住通勤动线规则单一。
上_2008_01607,上海,2008,金融精英,39,女,4.7,35.7,0.4,67.0,4,1,否,A,research,0.72,0.5,0.62,0.62,0.88,0.71,0.63,0.79,0.85,自住-改善,两室两厅,75,7675,商业银行支行信贷科长,三口之家(学龄段),市中心私密洋房住宅,无高端私密会所及管家式物业配套，圈层鱼龙混杂，高净值居住体验差。,讲究超高得房率（超85%），主卧套房必须配备独立步入式衣帽间与干湿分离双卫。,主要在陆家嘴/徐家汇CBD上班，首选地铁2/9号线沿线，通勤半小时内。,周末常去高端商圈消费，热衷打网球和马术，重度手冲咖啡及黑胶唱片发烧友。,名下已有企业股权套现或分红现金，一次性全款付清，基本不加杠杆,非仁恒、绿城、万科等金牌开发商不买，极度看重高端精装质量与顶级物业的增值口碑。,常年本地稳定居住，工作日职住通勤动线规则单一。
上_2008_01608,上海,2008,本地改善,56,男,2.2,26.0,0.45,43.4,4,2,否,B,agent,0.88,0.49,0.52,0.44,0.5,0.94,0.48,0.6,0.65,自住-改善,一室一厅,75,4678,邮政局局长秘书,二胎黄金期中大户型,上海中环品质两居，车位及空间极其拥挤,小区无地下车库且人车不分流，小孩在楼下玩耍或者推婴儿车极为不安全。,讲究超高得房率（超85%），主卧套房必须配备独立步入式衣帽间与干湿分离双卫。,主要在陆家嘴/徐家汇CBD上班，首选地铁2/9号线沿线，通勤半小时内。,倡导轻户外，周末常带家人自驾野营或山系徒步，注重生活情调与手作咖啡。,名下持有一套旧两居，置换回款 65% + 个人理财储蓄补充 + 公积金商业贷,重性价比，不盲信大牌，但要求物业管理有序、绿化修剪及时、人防技防规范。,常年本地稳定居住，工作日职住通勤动线规则单一。
上_2008_01609,上海,2008,本地改善,56,女,2.0,17.6,0.45,29.3,5,2,否,B,agent,0.8,0.52,0.55,0.5,0.43,0.92,0.53,0.68,0.55,自住-改善,两室一厅,64,4122,市第二中学地理教师,二胎黄金期中大户型,上海中环品质两居，车位及空间极其拥挤,小区无地下车库且人车不分流，小孩在楼下玩耍或者推婴儿车极为不安全。,讲究超高得房率（超85%），主卧套房必须配备独立步入式衣帽间与干湿分离双卫。,主要在陆家嘴/徐家汇CBD上班，首选地铁2/9号线沿线，通勤半小时内。,倡导轻户外，周末常带家人自驾野营或山系徒步，注重生活情调与手作咖啡。,名下持有一套旧两居，置换回款 65% + 个人理财储蓄补充 + 公积金商业贷,重性价比，不盲信大牌，但要求物业管理有序、绿化修剪及时、人防技防规范。,常年本地稳定居住，工作日职住通勤动线规则单一。
上_2008_01610,上海,2008,金融精英,32,女,4.9,48.0,0.4,90.1,4,2,否,A,research,0.82,0.48,0.73,0.69,0.79,0.65,0.76,0.75,0.87,自住-首套,一室一厅,73,6990,商业银行支行信贷科长,二胎黄金期中大户型,市中心私密洋房住宅,无高端私密会所及管家式物业配套，圈层鱼龙混杂，高净值居住体验差。,要求有超大面宽南向双阳台（观景家政分离），主卧大飘窗能270度直面自然景观。,主要在陆家嘴/徐家汇CBD上班，首选地铁2/9号线沿线，通勤半小时内。,周末常去高端商圈消费，热衷打网球和马术，重度手冲咖啡及黑胶唱片发烧友。,夫妻双方积蓄 + 双方父母出资赞助首付 + 公积金商业组合贷款,非仁恒、绿城、万科等金牌开发商不买，极度看重高端精装质量与顶级物业的增值口碑。,常年本地稳定居住，工作日职住通勤动线规则单一。
上_2008_01611,上海,2008,本地改善,47,女,1.8,19.6,0.45,32.7,5,2,是,B,agent,1,0.44,0.47,0.43,0.61,0.94,0.6,0.78,0.56,自住-改善,两室两厅,99,2825,区财政局科员,二胎黄金期中大户型,上海中环品质两居，车位及空间极其拥挤,小区无地下车库且人车不分流，小孩在楼下玩耍或者推婴儿车极为不安全。,讲究超高得房率（超85%），主卧套房必须配备独立步入式衣帽间与干湿分离双卫。,主要在陆家嘴/徐家汇CBD上班，首选地铁2/9号线沿线，通勤半小时内。,倡导轻户外，周末常带家人自驾野营或山系徒步，注重生活情调与手作咖啡。,名下持有一套旧两居，置换回款 65% + 个人理财储蓄补充 + 公积金商业贷,重性价比，不盲信大牌，但要求物业管理有序、绿化修剪及时、人防技防规范。,常年本地稳定居住，工作日职住通勤动线规则单一。
上_2008_01612,上海,2008,金融精英,47,男,4.2,42.7,0.4,80.1,3,1,否,A,research,0.77,0.36,0.69,0.47,0.8,0.75,0.61,0.81,0.83,自住-首套,两室一厅,84,7550,商业银行支行信贷科长,三口之家(学龄段),市中心私密洋房住宅,无高端私密会所及管家式物业配套，圈层鱼龙混杂，高净值居住体验差。,讲究超高得房率（超85%），主卧套房必须配备独立步入式衣帽间与干湿分离双卫。,主要在陆家嘴/徐家汇CBD上班，首选地铁2/9号线沿线，通勤半小时内。,周末常去高端商圈消费，热衷打网球和马术，重度手冲咖啡及黑胶唱片发烧友。,夫妻双方积蓄 + 双方父母出资赞助首付 + 公积金商业组合贷款,非仁恒、绿城、万科等金牌开发商不买，极度看重高端精装质量与顶级物业的增值口碑。,常年本地稳定居住，工作日职住通勤动线规则单一。
上_2008_01613,上海,2008,教育型买房,48,男,2.5,15.3,0.4,28.8,3,0,是,B,social,1,0.61,0.42,0.4,0.56,0.78,0.51,1,0.68,学区房,两室两厅,52,4623,国企车间技术主任,成熟期核心家庭,上海中环品质两居，车位及空间极其拥挤,当前房屋属于旧多层无电梯房，父母年纪渐高每天爬楼梯极为吃力。,讲究超高得房率（超85%），主卧套房必须配备独立步入式衣帽间与干湿分离双卫。,主要在陆家嘴/徐家汇CBD上班，首选地铁2/9号线沿线，通勤半小时内。,倡导轻户外，周末常带家人自驾野营或山系徒步，注重生活情调与手作咖啡。,名下持有一套旧两居，置换回款 65% + 个人理财储蓄补充 + 公积金商业贷,重性价比，不盲信大牌，但要求物业管理有序、绿化修剪及时、人防技防规范。,常年本地稳定居住，工作日职住通勤动线规则单一。
上_2008_01614,上海,2008,长三角家庭,39,女,1.6,12.8,0.45,21.3,3,3,否,B,agent,0.96,0.45,0.54,0.67,0.45,0.76,0.42,0.67,0.73,自住-首套,一室一厅,72,1885,区财政局科员,二胎黄金期中大户型,上海中环品质两居，车位及空间极其拥挤,小区无地下车库且人车不分流，小孩在楼下玩耍或者推婴儿车极为不安全。,讲究超高得房率（超85%），主卧套房必须配备独立步入式衣帽间与干湿分离双卫。,主要在陆家嘴/徐家汇CBD上班，首选地铁2/9号线沿线，通勤半小时内。,倡导轻户外，周末常带家人自驾野营或山系徒步，注重生活情调与手作咖啡。,夫妻双方积蓄 + 双方父母出资赞助首付 + 公积金商业组合贷款,非仁恒、绿城、万科等金牌开发商不买，极度看重高端精装质量与顶级物业的增值口碑。,常年本地稳定居住，工作日职住通勤动线规则单一。
上_2008_01615,上海,2008,教育型买房,38,女,2.1,13.5,0.4,25.2,3,1,否,B,social,1.0,0.45,0.3,0.52,0.49,0.66,0.39,0.93,0.65,学区房,两室两厅,50,4331,市第二中学地理教师,三口之家(学龄段),上海中环品质两居，车位及空间极其拥挤,小区无地下车库且人车不分流，小孩在楼下玩耍或者推婴儿车极为不安全。,核心要求地块属于第一梯队名校学区，且周边500米内解决幼小衔接教育配套。,主要在陆家嘴/徐家汇CBD上班，首选地铁2/9号线沿线，通勤半小时内。,倡导轻户外，周末常带家人自驾野营或山系徒步，注重生活情调与手作咖啡。,名下持有一套旧两居，置换回款 65% + 个人理财储蓄补充 + 公积金商业贷,重性价比，不盲信大牌，但要求物业管理有序、绿化修剪及时、人防技防规范。,常年本地稳定居住，工作日职住通勤动线规则单一。
上_2008_01616,上海,2008,本地改善,49,女,1.7,20.2,0.45,33.7,3,2,否,B,agent,1,0.45,0.64,0.46,0.68,0.83,0.5,0.71,0.61,自住-改善,两室一厅,95,3015,区财政局科员,二胎黄金期中大户型,上海中环品质两居，车位及空间极其拥挤,小区无地下车库且人车不分流，小孩在楼下玩耍或者推婴儿车极为不安全。,讲究超高得房率（超85%），主卧套房必须配备独立步入式衣帽间与干湿分离双卫。,主要在陆家嘴/徐家汇CBD上班，首选地铁2/9号线沿线，通勤半小时内。,倡导轻户外，周末常带家人自驾野营或山系徒步，注重生活情调与手作咖啡。,名下持有一套旧两居，置换回款 65% + 个人理财储蓄补充 + 公积金商业贷,重性价比，不盲信大牌，但要求物业管理有序、绿化修剪及时、人防技防规范。,常年本地稳定居住，工作日职住通勤动线规则单一。
上_2008_01617,上海,2008,教育型买房,40,男,1.9,14.3,0.4,26.9,3,1,否,B,social,1,0.48,0.39,0.43,0.75,0.57,0.43,0.96,0.59,学区房,两室两厅,100,1566,区财政局科员,三口之家(学龄段),上海中环品质两居，车位及空间极其拥挤,小区无地下车库且人车不分流，小孩在楼下玩耍或者推婴儿车极为不安全。,核心要求地块属于第一梯队名校学区，且周边500米内解决幼小衔接教育配套。,主要在陆家嘴/徐家汇CBD上班，首选地铁2/9号线沿线，通勤半小时内。,倡导轻户外，周末常带家人自驾野营或山系徒步，注重生活情调与手作咖啡。,名下持有一套旧两居，置换回款 65% + 个人理财储蓄补充 + 公积金商业贷,重性价比，不盲信大牌，但要求物业管理有序、绿化修剪及时、人防技防规范。,常年本地稳定居住，工作日职住通勤动线规则单一。
上_2008_01618,上海,2008,本地改善,58,男,1.7,20.2,0.45,33.7,4,2,否,B,agent,0.92,0.54,0.61,0.6,0.51,0.98,0.66,0.65,0.53,自住-改善,两室两厅,52,3309,市第二中学地理教师,二胎黄金期中大户型,上海中环品质两居，车位及空间极其拥挤,小区无地下车库且人车不分流，小孩在楼下玩耍或者推婴儿车极为不安全。,讲究超高得房率（超85%），主卧套房必须配备独立步入式衣帽间与干湿分离双卫。,主要在陆家嘴/徐家汇CBD上班，首选地铁2/9号线沿线，通勤半小时内。,倡导轻户外，周末常带家人自驾野营或山系徒步，注重生活情调与手作咖啡。,名下持有一套旧两居，置换回款 65% + 个人理财储蓄补充 + 公积金商业贷,重性价比，不盲信大牌，但要求物业管理有序、绿化修剪及时、人防技防规范。,常年本地稳定居住，工作日职住通勤动线规则单一。
上_2008_01619,上海,2008,金融精英,47,女,3.8,37.2,0.4,69.7,2,1,否,A,research,0.61,0.41,0.7,0.65,0.74,0.73,0.68,0.77,0.82,自住-首套,两室两厅,58,6202,申银万国证券分析员,三口之家(学龄段),陆家嘴核心区江景大平层,无高端私密会所及管家式物业配套，圈层鱼龙混杂，高净值居住体验差。,要求有超大面宽南向双阳台（观景家政分离），主卧大飘窗能270度直面自然景观。,主要在陆家嘴/徐家汇CBD上班，首选地铁2/9号线沿线，通勤半小时内。,周末常去高端商圈消费，热衷打网球和马术，重度手冲咖啡及黑胶唱片发烧友。,夫妻双方积蓄 + 双方父母出资赞助首付 + 公积金商业组合贷款,非仁恒、绿城、万科等金牌开发商不买，极度看重高端精装质量与顶级物业的增值口碑。,常年本地稳定居住，工作日职住通勤动线规则单一。
上_2008_01620,上海,2008,金融精英,46,男,2.6,15.7,0.4,29.5,3,1,否,A,research,0.89,0.45,0.56,0.54,0.82,0.66,0.79,0.74,0.92,自住-首套,两室一厅,52,4123,商业银行支行信贷科长,三口之家(学龄段),陆家嘴核心区江景大平层,无高端私密会所及管家式物业配套，圈层鱼龙混杂，高净值居住体验差。,核心要求地块属于第一梯队名校学区，且周边500米内解决幼小衔接教育配套。,主要在陆家嘴/徐家汇CBD上班，首选地铁2/9号线沿线，通勤半小时内。,周末常去高端商圈消费，热衷打网球和马术，重度手冲咖啡及黑胶唱片发烧友。,夫妻双方积蓄 + 双方父母出资赞助首付 + 公积金商业组合贷款,非仁恒、绿城、万科等金牌开发商不买，极度看重高端精装质量与顶级物业的增值口碑。,常年本地稳定居住，工作日职住通勤动线规则单一。
上_2008_01621,上海,2008,长三角家庭,44,男,2.8,22.1,0.45,36.9,5,2,否,B,agent,0.51,0.77,0.51,0.5,0.48,0.67,0.26,0.52,0.65,自住-首套,一室一厅,92,3120,市第二中学地理教师,二胎黄金期中大户型,上海中环品质两居，车位及空间极其拥挤,小区无地下车库且人车不分流，小孩在楼下玩耍或者推婴儿车极为不安全。,要求采光通透，全明户型，带多功能嵌入式收纳墙以最大化空间利用。,主要在陆家嘴/徐家汇CBD上班，首选地铁2/9号线沿线，通勤半小时内。,倡导轻户外，周末常带家人自驾野营或山系徒步，注重生活情调与手作咖啡。,夫妻双方积蓄 + 双方父母出资赞助首付 + 公积金商业组合贷款,重性价比，不盲信大牌，但要求物业管理有序、绿化修剪及时、人防技防规范。,常年本地稳定居住，工作日职住通勤动线规则单一。
上_2008_01622,上海,2008,金融精英,49,女,3.1,18.1,0.4,34.0,2,1,是,A,research,0.68,0.31,0.69,0.69,0.72,0.89,0.66,0.89,0.89,自住-首套,一室一厅,83,2223,老牌证券公司营业部经理,三口之家(学龄段),市中心私密洋房住宅,当前房屋属于旧多层无电梯房，父母年纪渐高每天爬楼梯极为吃力。,讲究超高得房率（超85%），主卧套房必须配备独立步入式衣帽间与干湿分离双卫。,主要在陆家嘴/徐家汇CBD上班，首选地铁2/9号线沿线，通勤半小时内。,周末常去高端商圈消费，热衷打网球和马术，重度手冲咖啡及黑胶唱片发烧友。,夫妻双方积蓄 + 双方父母出资赞助首付 + 公积金商业组合贷款,非仁恒、绿城、万科等金牌开发商不买，极度看重高端精装质量与顶级物业的增值口碑。,常年本地稳定居住，工作日职住通勤动线规则单一。
上_2008_01623,上海,2008,教育型买房,37,女,0.8,6.1,0.4,11.5,3,1,否,B,social,0.86,0.59,0.24,0.38,0.58,0.71,0.51,0.93,0.68,学区房,一室一厅,65,1176,邮政局局长秘书,三口之家(幼龄段),上海中环品质两居，车位及空间极其拥挤,小区无地下车库且人车不分流，小孩在楼下玩耍或者推婴儿车极为不安全。,讲究超高得房率（超85%），主卧套房必须配备独立步入式衣帽间与干湿分离双卫。,主要在陆家嘴/徐家汇CBD上班，首选地铁2/9号线沿线，通勤半小时内。,倡导轻户外，周末常带家人自驾野营或山系徒步，注重生活情调与手作咖啡。,名下持有一套旧两居，置换回款 65% + 个人理财储蓄补充 + 公积金商业贷,重性价比，不盲信大牌，但要求物业管理有序、绿化修剪及时、人防技防规范。,常年本地稳定居住，工作日职住通勤动线规则单一。
上_2008_01624,上海,2008,本地改善,47,女,2.6,21.6,0.45,35.9,5,2,否,B,agent,0.53,0.58,0.46,0.49,0.66,0.79,0.62,0.64,0.62,自住-改善,两室一厅,60,3217,国企车间技术主任,二胎黄金期中大户型,上海中环品质两居，车位及空间极其拥挤,小区无地下车库且人车不分流，小孩在楼下玩耍或者推婴儿车极为不安全。,讲究超高得房率（超85%），主卧套房必须配备独立步入式衣帽间与干湿分离双卫。,主要在陆家嘴/徐家汇CBD上班，首选地铁2/9号线沿线，通勤半小时内。,倡导轻户外，周末常带家人自驾野营或山系徒步，注重生活情调与手作咖啡。,名下持有一套旧两居，置换回款 65% + 个人理财储蓄补充 + 公积金商业贷,重性价比，不盲信大牌，但要求物业管理有序、绿化修剪及时、人防技防规范。,常年本地稳定居住，工作日职住通勤动线规则单一。
上_2008_01625,上海,2008,长三角家庭,45,女,1.6,11.1,0.45,18.5,4,2,否,B,agent,0.68,0.69,0.52,0.5,0.47,0.81,0.47,0.53,0.7,自住-首套,两室两厅,65,2039,邮政局局长秘书,二胎黄金期中大户型,上海中环品质两居，车位及空间极其拥挤,小区无地下车库且人车不分流，小孩在楼下玩耍或者推婴儿车极为不安全。,讲究超高得房率（超85%），主卧套房必须配备独立步入式衣帽间与干湿分离双卫。,主要在陆家嘴/徐家汇CBD上班，首选地铁2/9号线沿线，通勤半小时内。,倡导轻户外，周末常带家人自驾野营或山系徒步，注重生活情调与手作咖啡。,夫妻双方积蓄 + 双方父母出资赞助首付 + 公积金商业组合贷款,重性价比，不盲信大牌，但要求物业管理有序、绿化修剪及时、人防技防规范。,常年本地稳定居住，工作日职住通勤动线规则单一。
上_2008_01626,上海,2008,本地改善,38,男,2.3,19.4,0.45,32.3,4,2,否,B,agent,0.77,0.51,0.5,0.55,0.65,0.76,0.46,0.59,0.56,自住-改善,一室一厅,95,3018,市第二中学地理教师,二胎黄金期中大户型,上海中环品质两居，车位及空间极其拥挤,小区无地下车库且人车不分流，小孩在楼下玩耍或者推婴儿车极为不安全。,讲究超高得房率（超85%），主卧套房必须配备独立步入式衣帽间与干湿分离双卫。,主要在陆家嘴/徐家汇CBD上班，首选地铁2/9号线沿线，通勤半小时内。,倡导轻户外，周末常带家人自驾野营或山系徒步，注重生活情调与手作咖啡。,名下持有一套旧两居，置换回款 65% + 个人理财储蓄补充 + 公积金商业贷,重性价比，不盲信大牌，但要求物业管理有序、绿化修剪及时、人防技防规范。,常年本地稳定居住，工作日职住通勤动线规则单一。
上_2008_01627,上海,2008,本地改善,48,男,1.3,11.7,0.45,19.4,4,2,否,B,agent,0.63,0.54,0.52,0.65,0.51,0.75,0.67,0.79,0.58,自住-改善,两室两厅,86,1893,邮政局局长秘书,二胎黄金期中大户型,上海中环品质两居，车位及空间极其拥挤,小区无地下车库且人车不分流，小孩在楼下玩耍或者推婴儿车极为不安全。,讲究超高得房率（超85%），主卧套房必须配备独立步入式衣帽间与干湿分离双卫。,主要在陆家嘴/徐家汇CBD上班，首选地铁2/9号线沿线，通勤半小时内。,倡导轻户外，周末常带家人自驾野营或山系徒步，注重生活情调与手作咖啡。,名下持有一套旧两居，置换回款 65% + 个人理财储蓄补充 + 公积金商业贷,重性价比，不盲信大牌，但要求物业管理有序、绿化修剪及时、人防技防规范。,常年本地稳定居住，工作日职住通勤动线规则单一。
上_2008_01628,上海,2008,长三角家庭,49,男,3.5,27.1,0.45,45.1,3,2,否,B,agent,0.76,0.55,0.62,0.45,0.57,0.76,0.34,0.81,0.67,自住-改善,两室一厅,82,4323,区财政局科员,二胎黄金期中大户型,上海中环品质两居，车位及空间极其拥挤,小区无地下车库且人车不分流，小孩在楼下玩耍或者推婴儿车极为不安全。,讲究超高得房率（超85%），主卧套房必须配备独立步入式衣帽间与干湿分离双卫。,主要在陆家嘴/徐家汇CBD上班，首选地铁2/9号线沿线，通勤半小时内。,倡导轻户外，周末常带家人自驾野营或山系徒步，注重生活情调与手作咖啡。,名下持有一套旧两居，置换回款 65% + 个人理财储蓄补充 + 公积金商业贷,重性价比，不盲信大牌，但要求物业管理有序、绿化修剪及时、人防技防规范。,常年本地稳定居住，工作日职住通勤动线规则单一。
上_2008_01629,上海,2008,长三角家庭,43,男,3.2,21.0,0.45,35.0,5,2,否,B,agent,0.66,0.6,0.47,0.56,0.6,0.64,0.38,0.59,0.62,自住-首套,两室一厅,100,2003,区财政局科员,二胎黄金期中大户型,上海中环品质两居，车位及空间极其拥挤,小区无地下车库且人车不分流，小孩在楼下玩耍或者推婴儿车极为不安全。,要求采光通透，全明户型，带多功能嵌入式收纳墙以最大化空间利用。,主要在陆家嘴/徐家汇CBD上班，首选地铁2/9号线沿线，通勤半小时内。,倡导轻户外，周末常带家人自驾野营或山系徒步，注重生活情调与手作咖啡。,夫妻双方积蓄 + 双方父母出资赞助首付 + 公积金商业组合贷款,重性价比，不盲信大牌，但要求物业管理有序、绿化修剪及时、人防技防规范。,常年本地稳定居住，工作日职住通勤动线规则单一。
上_2008_01630,上海,2008,金融精英,37,女,3.9,32.7,0.4,61.3,3,0,否,A,research,0.68,0.57,0.65,0.67,0.96,0.82,0.59,0.84,0.89,自住-首套,一室一厅,66,8361,商业银行支行信贷科长,成熟期核心家庭,市中心私密洋房住宅,无高端私密会所及管家式物业配套，圈层鱼龙混杂，高净值居住体验差。,讲究超高得房率（超85%），主卧套房必须配备独立步入式衣帽间与干湿分离双卫。,主要在陆家嘴/徐家汇CBD上班，首选地铁2/9号线沿线，通勤半小时内。,周末常去高端商圈消费，热衷打网球和马术，重度手冲咖啡及黑胶唱片发烧友。,夫妻双方积蓄 + 双方父母出资赞助首付 + 公积金商业组合贷款,非仁恒、绿城、万科等金牌开发商不买，极度看重高端精装质量与顶级物业的增值口碑。,常年本地稳定居住，工作日职住通勤动线规则单一。
上_2008_01631,上海,2008,本地改善,55,女,1.0,8.1,0.45,13.5,4,1,否,B,agent,0.75,0.41,0.51,0.59,0.46,0.93,0.62,0.66,0.58,自住-改善,两室一厅,68,1391,区财政局科员,三口之家(学龄段),上海中环品质两居，车位及空间极其拥挤,小区无地下车库且人车不分流，小孩在楼下玩耍或者推婴儿车极为不安全。,讲究超高得房率（超85%），主卧套房必须配备独立步入式衣帽间与干湿分离双卫。,主要在陆家嘴/徐家汇CBD上班，首选地铁2/9号线沿线，通勤半小时内。,倡导轻户外，周末常带家人自驾野营或山系徒步，注重生活情调与手作咖啡。,名下持有一套旧两居，置换回款 65% + 个人理财储蓄补充 + 公积金商业贷,重性价比，不盲信大牌，但要求物业管理有序、绿化修剪及时、人防技防规范。,常年本地稳定居住，工作日职住通勤动线规则单一。
上_2008_01632,上海,2008,金融精英,44,女,5.1,43.4,0.4,81.4,3,1,是,A,research,0.69,0.31,0.61,0.63,0.76,0.69,0.71,0.82,0.58,自住-首套,两室两厅,78,6852,商业银行支行信贷科长,三口之家(学龄段),西湖边高精平层,当前房屋属于旧多层无电梯房，父母年纪渐高每天爬楼梯极为吃力。,核心要求地块属于第一梯队名校学区，且周边500米内解决幼小衔接教育配套。,主要在陆家嘴/徐家汇CBD上班，首选地铁2/9号线沿线，通勤半小时内。,周末常去高端商圈消费，热衷打网球和马术，重度手冲咖啡及黑胶唱片发烧友。,夫妻双方积蓄 + 双方父母出资赞助首付 + 公积金商业组合贷款,重性价比，不盲信大牌，但要求物业管理有序、绿化修剪及时、人防技防规范。,常年本地稳定居住，工作日职住通勤动线规则单一。
上_2008_01633,上海,2008,外籍海归,44,女,3.9,19.1,0.4,35.7,2,1,否,A,social,0.57,0.53,0.47,0.54,0.7,0.77,0.74,0.75,0.74,自住-改善,一室一厅,69,3372,合资日化企业技术主管,三口之家(学龄段),陆家嘴核心区江景大平层,无高端私密会所及管家式物业配套，圈层鱼龙混杂，高净值居住体验差。,讲究超高得房率（超85%），主卧套房必须配备独立步入式衣帽间与干湿分离双卫。,主要在陆家嘴/徐家汇CBD上班，首选地铁2/9号线沿线，通勤半小时内。,周末常去高端商圈消费，热衷打网球和马术，重度手冲咖啡及黑胶唱片发烧友。,名下已有企业股权套现或分红现金，一次性全款付清，基本不加杠杆,非仁恒、绿城、万科等金牌开发商不买，极度看重高端精装质量与顶级物业的增值口碑。,常年本地稳定居住，工作日职住通勤动线规则单一。
上_2008_01634,上海,2008,本地改善,42,女,2.4,26.9,0.45,44.9,3,3,否,B,agent,0.83,0.45,0.59,0.56,0.44,0.94,0.63,0.72,0.78,自住-改善,两室一厅,70,3394,区财政局科员,二胎黄金期中大户型,上海中环品质两居，车位及空间极其拥挤,小区无地下车库且人车不分流，小孩在楼下玩耍或者推婴儿车极为不安全。,讲究超高得房率（超85%），主卧套房必须配备独立步入式衣帽间与干湿分离双卫。,主要在陆家嘴/徐家汇CBD上班，首选地铁2/9号线沿线，通勤半小时内。,倡导轻户外，周末常带家人自驾野营或山系徒步，注重生活情调与手作咖啡。,名下持有一套旧两居，置换回款 65% + 个人理财储蓄补充 + 公积金商业贷,非仁恒、绿城、万科等金牌开发商不买，极度看重高端精装质量与顶级物业的增值口碑。,常年本地稳定居住，工作日职住通勤动线规则单一。
上_2008_01635,上海,2008,金融精英,32,女,4.8,41.6,0.4,77.9,3,1,否,A,research,1,0.6,0.59,0.54,0.7,0.89,0.74,0.77,0.69,婚房,一室一厅,90,5615,老牌证券公司营业部经理,三口之家(幼龄段),陆家嘴核心区江景大平层,无高端私密会所及管家式物业配套，圈层鱼龙混杂，高净值居住体验差。,讲究超高得房率（超85%），主卧套房必须配备独立步入式衣帽间与干湿分离双卫。,主要在陆家嘴/徐家汇CBD上班，首选地铁2/9号线沿线，通勤半小时内。,周末常去高端商圈消费，热衷打网球和马术，重度手冲咖啡及黑胶唱片发烧友。,夫妻双方积蓄 + 双方父母出资赞助首付 + 公积金商业组合贷款,重性价比，不盲信大牌，但要求物业管理有序、绿化修剪及时、人防技防规范。,常年本地稳定居住，工作日职住通勤动线规则单一。
上_2008_01636,上海,2008,外籍海归,39,男,2.5,19.9,0.4,37.4,4,1,否,A,social,0.47,0.6,0.64,0.64,0.79,0.73,0.41,0.88,0.78,自住-改善,两室两厅,50,4598,外企驻沪办事处代表,三口之家(学龄段),西湖边高精平层,无高端私密会所及管家式物业配套，圈层鱼龙混杂，高净值居住体验差。,讲究超高得房率（超85%），主卧套房必须配备独立步入式衣帽间与干湿分离双卫。,主要在陆家嘴/徐家汇CBD上班，首选地铁2/9号线沿线，通勤半小时内。,周末常去高端商圈消费，热衷打网球和马术，重度手冲咖啡及黑胶唱片发烧友。,名下已有企业股权套现或分红现金，一次性全款付清，基本不加杠杆,非仁恒、绿城、万科等金牌开发商不买，极度看重高端精装质量与顶级物业的增值口碑。,常年本地稳定居住，工作日职住通勤动线规则单一。
上_2008_01637,上海,2008,教育型买房,41,女,3.1,30.0,0.4,56.3,3,0,否,B,social,1,0.56,0.48,0.32,0.71,0.81,0.5,0.99,0.52,学区房,两室一厅,72,5543,邮政局局长秘书,成熟期核心家庭,上海中环品质两居，车位及空间极其拥挤,老小区隔音差，邻里滋扰严重，且车位严重匮乏，每晚加班回来抢车位像打仗。,讲究超高得房率（超85%），主卧套房必须配备独立步入式衣帽间与干湿分离双卫。,主要在陆家嘴/徐家汇CBD上班，首选地铁2/9号线沿线，通勤半小时内。,倡导轻户外，周末常带家人自驾野营或山系徒步，注重生活情调与手作咖啡。,名下持有一套旧两居，置换回款 65% + 个人理财储蓄补充 + 公积金商业贷,重性价比，不盲信大牌，但要求物业管理有序、绿化修剪及时、人防技防规范。,常年本地稳定居住，工作日职住通勤动线规则单一。
上_2008_01638,上海,2008,金融精英,43,女,5.8,44.0,0.4,82.5,3,1,否,A,research,0.81,0.43,0.63,0.62,0.66,0.73,0.65,0.74,0.83,自住-首套,两室一厅,54,11990,申银万国证券分析员,三口之家(学龄段),市中心私密洋房住宅,无高端私密会所及管家式物业配套，圈层鱼龙混杂，高净值居住体验差。,讲究超高得房率（超85%），主卧套房必须配备独立步入式衣帽间与干湿分离双卫。,主要在陆家嘴/徐家汇CBD上班，首选地铁2/9号线沿线，通勤半小时内。,周末常去高端商圈消费，热衷打网球和马术，重度手冲咖啡及黑胶唱片发烧友。,夫妻双方积蓄 + 双方父母出资赞助首付 + 公积金商业组合贷款,非仁恒、绿城、万科等金牌开发商不买，极度看重高端精装质量与顶级物业的增值口碑。,常年本地稳定居住，工作日职住通勤动线规则单一。
上_2008_01639,上海,2008,教育型买房,46,男,2.5,15.7,0.4,29.5,4,0,否,B,social,0.84,0.55,0.37,0.19,0.71,0.62,0.63,1,0.6,学区房,两室一厅,81,3199,区财政局科员,成熟期核心家庭,上海中环品质两居，车位及空间极其拥挤,老小区隔音差，邻里滋扰严重，且车位严重匮乏，每晚加班回来抢车位像打仗。,核心要求地块属于第一梯队名校学区，且周边500米内解决幼小衔接教育配套。,主要在陆家嘴/徐家汇CBD上班，首选地铁2/9号线沿线，通勤半小时内。,倡导轻户外，周末常带家人自驾野营或山系徒步，注重生活情调与手作咖啡。,名下持有一套旧两居，置换回款 65% + 个人理财储蓄补充 + 公积金商业贷,重性价比，不盲信大牌，但要求物业管理有序、绿化修剪及时、人防技防规范。,常年本地稳定居住，工作日职住通勤动线规则单一。
上_2008_01640,上海,2008,教育型买房,46,女,3.5,32.0,0.4,60.0,2,1,否,B,social,0.8,0.58,0.32,0.39,0.67,0.75,0.49,1,0.48,学区房,两室一厅,51,9187,市第二中学地理教师,三口之家(学龄段),上海中环品质两居，车位及空间极其拥挤,小区无地下车库且人车不分流，小孩在楼下玩耍或者推婴儿车极为不安全。,讲究超高得房率（超85%），主卧套房必须配备独立步入式衣帽间与干湿分离双卫。,主要在陆家嘴/徐家汇CBD上班，首选地铁2/9号线沿线，通勤半小时内。,倡导轻户外，周末常带家人自驾野营或山系徒步，注重生活情调与手作咖啡。,名下持有一套旧两居，置换回款 65% + 个人理财储蓄补充 + 公积金商业贷,重性价比，不盲信大牌，但要求物业管理有序、绿化修剪及时、人防技防规范。,常年本地稳定居住，工作日职住通勤动线规则单一。
上_2008_01641,上海,2008,教育型买房,32,男,3.2,21.2,0.4,39.7,3,1,是,B,social,0.97,0.42,0.37,0.35,0.48,0.62,0.66,0.96,0.63,学区房,两室两厅,79,2518,市第二中学地理教师,三口之家(幼龄段),上海中环品质两居，车位及空间极其拥挤,小区无地下车库且人车不分流，小孩在楼下玩耍或者推婴儿车极为不安全。,核心要求地块属于第一梯队名校学区，且周边500米内解决幼小衔接教育配套。,主要在陆家嘴/徐家汇CBD上班，首选地铁2/9号线沿线，通勤半小时内。,倡导轻户外，周末常带家人自驾野营或山系徒步，注重生活情调与手作咖啡。,名下持有一套旧两居，置换回款 65% + 个人理财储蓄补充 + 公积金商业贷,重性价比，不盲信大牌，但要求物业管理有序、绿化修剪及时、人防技防规范。,常年本地稳定居住，工作日职住通勤动线规则单一。
上_2008_01642,上海,2008,外籍海归,45,男,3.3,20.1,0.4,37.8,3,1,否,A,social,0.94,0.51,0.58,0.68,0.8,0.65,0.52,0.73,0.65,自住-改善,一室一厅,86,3592,合资日化企业技术主管,三口之家(学龄段),市中心私密洋房住宅,无高端私密会所及管家式物业配套，圈层鱼龙混杂，高净值居住体验差。,核心要求地块属于第一梯队名校学区，且周边500米内解决幼小衔接教育配套。,主要在陆家嘴/徐家汇CBD上班，首选地铁2/9号线沿线，通勤半小时内。,周末常去高端商圈消费，热衷打网球和马术，重度手冲咖啡及黑胶唱片发烧友。,名下已有企业股权套现或分红现金，一次性全款付清，基本不加杠杆,重性价比，不盲信大牌，但要求物业管理有序、绿化修剪及时、人防技防规范。,常年本地稳定居住，工作日职住通勤动线规则单一。
上_2008_01643,上海,2008,本地改善,39,女,2.3,19.7,0.45,32.8,5,2,是,B,agent,0.88,0.38,0.49,0.38,0.6,0.74,0.7,0.74,0.6,自住-改善,两室一厅,50,3782,区财政局科员,二胎黄金期中大户型,上海中环品质两居，车位及空间极其拥挤,小区无地下车库且人车不分流，小孩在楼下玩耍或者推婴儿车极为不安全。,讲究超高得房率（超85%），主卧套房必须配备独立步入式衣帽间与干湿分离双卫。,主要在陆家嘴/徐家汇CBD上班，首选地铁2/9号线沿线，通勤半小时内。,倡导轻户外，周末常带家人自驾野营或山系徒步，注重生活情调与手作咖啡。,名下持有一套旧两居，置换回款 65% + 个人理财储蓄补充 + 公积金商业贷,重性价比，不盲信大牌，但要求物业管理有序、绿化修剪及时、人防技防规范。,常年本地稳定居住，工作日职住通勤动线规则单一。
上_2008_01644,上海,2008,金融精英,50,女,3.1,28.3,0.4,53.0,3,1,是,A,research,0.84,0.4,0.66,0.56,0.84,0.56,0.76,0.84,0.78,自住-首套,两室两厅,91,4268,申银万国证券分析员,三口之家(学龄段),陆家嘴核心区江景大平层,当前房屋属于旧多层无电梯房，父母年纪渐高每天爬楼梯极为吃力。,核心要求地块属于第一梯队名校学区，且周边500米内解决幼小衔接教育配套。,主要在陆家嘴/徐家汇CBD上班，首选地铁2/9号线沿线，通勤半小时内。,周末常去高端商圈消费，热衷打网球和马术，重度手冲咖啡及黑胶唱片发烧友。,夫妻双方积蓄 + 双方父母出资赞助首付 + 公积金商业组合贷款,非仁恒、绿城、万科等金牌开发商不买，极度看重高端精装质量与顶级物业的增值口碑。,常年本地稳定居住，工作日职住通勤动线规则单一。
上_2008_01645,上海,2008,本地改善,53,女,2.8,31.3,0.45,52.2,3,3,是,B,agent,0.72,0.5,0.46,0.45,0.54,0.82,0.55,0.66,0.63,自住-改善,一室一厅,91,4488,邮政局局长秘书,二胎黄金期中大户型,上海中环品质两居，车位及空间极其拥挤,小区无地下车库且人车不分流，小孩在楼下玩耍或者推婴儿车极为不安全。,讲究超高得房率（超85%），主卧套房必须配备独立步入式衣帽间与干湿分离双卫。,主要在陆家嘴/徐家汇CBD上班，首选地铁2/9号线沿线，通勤半小时内。,倡导轻户外，周末常带家人自驾野营或山系徒步，注重生活情调与手作咖啡。,名下持有一套旧两居，置换回款 65% + 个人理财储蓄补充 + 公积金商业贷,重性价比，不盲信大牌，但要求物业管理有序、绿化修剪及时、人防技防规范。,常年本地稳定居住，工作日职住通勤动线规则单一。
上_2008_01646,上海,2008,教育型买房,41,女,3.0,18.2,0.4,34.2,2,2,否,B,social,0.79,0.71,0.52,0.35,0.59,0.75,0.63,0.94,0.69,学区房,两室两厅,84,2349,邮政局局长秘书,二胎黄金期中大户型,上海中环品质两居，车位及空间极其拥挤,小区无地下车库且人车不分流，小孩在楼下玩耍或者推婴儿车极为不安全。,讲究超高得房率（超85%），主卧套房必须配备独立步入式衣帽间与干湿分离双卫。,主要在陆家嘴/徐家汇CBD上班，首选地铁2/9号线沿线，通勤半小时内。,倡导轻户外，周末常带家人自驾野营或山系徒步，注重生活情调与手作咖啡。,名下持有一套旧两居，置换回款 65% + 个人理财储蓄补充 + 公积金商业贷,重性价比，不盲信大牌，但要求物业管理有序、绿化修剪及时、人防技防规范。,常年本地稳定居住，工作日职住通勤动线规则单一。
上_2008_01647,上海,2008,金融精英,40,男,1.7,15.2,0.4,28.5,4,2,否,A,research,0.45,0.52,0.78,0.57,0.62,0.73,0.81,0.76,0.69,自住-改善,一室一厅,89,2479,申银万国证券分析员,二胎黄金期中大户型,西湖边高精平层,无高端私密会所及管家式物业配套，圈层鱼龙混杂，高净值居住体验差。,要求有超大面宽南向双阳台（观景家政分离），主卧大飘窗能270度直面自然景观。,主要在陆家嘴/徐家汇CBD上班，首选地铁2/9号线沿线，通勤半小时内。,周末常去高端商圈消费，热衷打网球和马术，重度手冲咖啡及黑胶唱片发烧友。,名下已有企业股权套现或分红现金，一次性全款付清，基本不加杠杆,重性价比，不盲信大牌，但要求物业管理有序、绿化修剪及时、人防技防规范。,常年本地稳定居住，工作日职住通勤动线规则单一。
上_2008_01648,上海,2008,本地改善,40,女,0.8,6.9,0.45,11.5,4,1,是,B,agent,0.68,0.65,0.65,0.49,0.49,0.79,0.68,0.74,0.56,自住-改善,一室一厅,60,1012,市第二中学地理教师,三口之家(学龄段),上海中环品质两居，车位及空间极其拥挤,小区无地下车库且人车不分流，小孩在楼下玩耍或者推婴儿车极为不安全。,讲究超高得房率（超85%），主卧套房必须配备独立步入式衣帽间与干湿分离双卫。,主要在陆家嘴/徐家汇CBD上班，首选地铁2/9号线沿线，通勤半小时内。,倡导轻户外，周末常带家人自驾野营或山系徒步，注重生活情调与手作咖啡。,名下持有一套旧两居，置换回款 65% + 个人理财储蓄补充 + 公积金商业贷,重性价比，不盲信大牌，但要求物业管理有序、绿化修剪及时、人防技防规范。,常年本地稳定居住，工作日职住通勤动线规则单一。
上_2008_01649,上海,2008,长三角家庭,36,女,2.3,16.8,0.45,28.0,2,2,否,B,agent,0.72,0.62,0.57,0.38,0.51,0.73,0.26,0.66,0.67,自住-改善,两室一厅,53,3114,邮政局局长秘书,二胎黄金期中大户型,上海中环品质两居，车位及空间极其拥挤,小区无地下车库且人车不分流，小孩在楼下玩耍或者推婴儿车极为不安全。,讲究超高得房率（超85%），主卧套房必须配备独立步入式衣帽间与干湿分离双卫。,主要在陆家嘴/徐家汇CBD上班，首选地铁2/9号线沿线，通勤半小时内。,倡导轻户外，周末常带家人自驾野营或山系徒步，注重生活情调与手作咖啡。,名下持有一套旧两居，置换回款 65% + 个人理财储蓄补充 + 公积金商业贷,重性价比，不盲信大牌，但要求物业管理有序、绿化修剪及时、人防技防规范。,常年本地稳定居住，工作日职住通勤动线规则单一。
上_2008_01650,上海,2008,本地改善,44,女,1.4,15.7,0.45,26.2,4,2,否,B,agent,0.89,0.55,0.57,0.55,0.57,0.87,0.65,0.52,0.6,自住-改善,一室一厅,94,1859,区财政局科员,二胎黄金期中大户型,上海中环品质两居，车位及空间极其拥挤,小区无地下车库且人车不分流，小孩在楼下玩耍或者推婴儿车极为不安全。,讲究超高得房率（超85%），主卧套房必须配备独立步入式衣帽间与干湿分离双卫。,主要在陆家嘴/徐家汇CBD上班，首选地铁2/9号线沿线，通勤半小时内。,倡导轻户外，周末常带家人自驾野营或山系徒步，注重生活情调与手作咖啡。,名下持有一套旧两居，置换回款 65% + 个人理财储蓄补充 + 公积金商业贷,重性价比，不盲信大牌，但要求物业管理有序、绿化修剪及时、人防技防规范。,常年本地稳定居住，工作日职住通勤动线规则单一。
上_2008_01651,上海,2008,本地改善,50,女,3.3,27.7,0.45,46.2,3,2,是,B,agent,0.59,0.56,0.38,0.62,0.59,0.96,0.71,0.74,0.56,自住-改善,两室两厅,80,5148,市第二中学地理教师,二胎黄金期中大户型,上海中环品质两居，车位及空间极其拥挤,小区无地下车库且人车不分流，小孩在楼下玩耍或者推婴儿车极为不安全。,讲究超高得房率（超85%），主卧套房必须配备独立步入式衣帽间与干湿分离双卫。,主要在陆家嘴/徐家汇CBD上班，首选地铁2/9号线沿线，通勤半小时内。,倡导轻户外，周末常带家人自驾野营或山系徒步，注重生活情调与手作咖啡。,名下持有一套旧两居，置换回款 65% + 个人理财储蓄补充 + 公积金商业贷,重性价比，不盲信大牌，但要求物业管理有序、绿化修剪及时、人防技防规范。,常年本地稳定居住，工作日职住通勤动线规则单一。
上_2008_01652,上海,2008,长三角家庭,49,女,2.3,14.8,0.45,24.7,5,2,是,B,agent,1,0.57,0.54,0.59,0.51,0.7,0.52,0.77,0.71,自住-改善,一室一厅,96,1402,市第二中学地理教师,二胎黄金期中大户型,上海中环品质两居，车位及空间极其拥挤,小区无地下车库且人车不分流，小孩在楼下玩耍或者推婴儿车极为不安全。,讲究超高得房率（超85%），主卧套房必须配备独立步入式衣帽间与干湿分离双卫。,主要在陆家嘴/徐家汇CBD上班，首选地铁2/9号线沿线，通勤半小时内。,倡导轻户外，周末常带家人自驾野营或山系徒步，注重生活情调与手作咖啡。,名下持有一套旧两居，置换回款 65% + 个人理财储蓄补充 + 公积金商业贷,非仁恒、绿城、万科等金牌开发商不买，极度看重高端精装质量与顶级物业的增值口碑。,常年本地稳定居住，工作日职住通勤动线规则单一。
上_2008_01653,上海,2008,金融精英,39,女,5.0,28.6,0.4,53.7,3,0,是,A,research,0.75,0.45,0.72,0.59,0.8,0.83,0.81,0.72,0.88,自住-改善,两室一厅,51,8399,商业银行支行信贷科长,成熟期核心家庭,市中心私密洋房住宅,当前房屋属于旧多层无电梯房，父母年纪渐高每天爬楼梯极为吃力。,要求有超大面宽南向双阳台（观景家政分离），主卧大飘窗能270度直面自然景观。,主要在陆家嘴/徐家汇CBD上班，首选地铁2/9号线沿线，通勤半小时内。,周末常去高端商圈消费，热衷打网球和马术，重度手冲咖啡及黑胶唱片发烧友。,名下已有企业股权套现或分红现金，一次性全款付清，基本不加杠杆,非仁恒、绿城、万科等金牌开发商不买，极度看重高端精装质量与顶级物业的增值口碑。,常年本地稳定居住，工作日职住通勤动线规则单一。
上_2008_01654,上海,2008,金融精英,33,女,1.9,16.9,0.4,31.7,3,1,否,A,research,0.64,0.59,0.67,0.58,0.9,0.58,0.67,0.73,0.89,自住-首套,两室一厅,57,3992,申银万国证券分析员,三口之家(幼龄段),市中心私密洋房住宅,无高端私密会所及管家式物业配套，圈层鱼龙混杂，高净值居住体验差。,核心要求地块属于第一梯队名校学区，且周边500米内解决幼小衔接教育配套。,主要在陆家嘴/徐家汇CBD上班，首选地铁2/9号线沿线，通勤半小时内。,周末常去高端商圈消费，热衷打网球和马术，重度手冲咖啡及黑胶唱片发烧友。,夫妻双方积蓄 + 双方父母出资赞助首付 + 公积金商业组合贷款,非仁恒、绿城、万科等金牌开发商不买，极度看重高端精装质量与顶级物业的增值口碑。,常年本地稳定居住，工作日职住通勤动线规则单一。
上_2008_01655,上海,2008,本地改善,42,女,2.5,27.2,0.45,45.3,4,1,否,B,agent,0.67,0.35,0.61,0.38,0.59,0.84,0.57,0.56,0.5,自住-改善,两室两厅,59,3989,国企车间技术主任,三口之家(学龄段),上海中环品质两居，车位及空间极其拥挤,小区无地下车库且人车不分流，小孩在楼下玩耍或者推婴儿车极为不安全。,讲究超高得房率（超85%），主卧套房必须配备独立步入式衣帽间与干湿分离双卫。,主要在陆家嘴/徐家汇CBD上班，首选地铁2/9号线沿线，通勤半小时内。,倡导轻户外，周末常带家人自驾野营或山系徒步，注重生活情调与手作咖啡。,名下持有一套旧两居，置换回款 65% + 个人理财储蓄补充 + 公积金商业贷,重性价比，不盲信大牌，但要求物业管理有序、绿化修剪及时、人防技防规范。,常年本地稳定居住，工作日职住通勤动线规则单一。
上_2008_01656,上海,2008,本地改善,39,男,1.5,14.4,0.45,23.9,4,2,否,B,agent,0.59,0.5,0.61,0.52,0.6,0.85,0.52,0.78,0.68,自住-改善,两室两厅,59,2624,区财政局科员,二胎黄金期中大户型,上海中环品质两居，车位及空间极其拥挤,小区无地下车库且人车不分流，小孩在楼下玩耍或者推婴儿车极为不安全。,讲究超高得房率（超85%），主卧套房必须配备独立步入式衣帽间与干湿分离双卫。,主要在陆家嘴/徐家汇CBD上班，首选地铁2/9号线沿线，通勤半小时内。,倡导轻户外，周末常带家人自驾野营或山系徒步，注重生活情调与手作咖啡。,名下持有一套旧两居，置换回款 65% + 个人理财储蓄补充 + 公积金商业贷,重性价比，不盲信大牌，但要求物业管理有序、绿化修剪及时、人防技防规范。,常年本地稳定居住，工作日职住通勤动线规则单一。
上_2008_01657,上海,2008,本地改善,43,女,1.5,16.9,0.45,28.1,5,1,是,B,agent,0.64,0.56,0.56,0.48,0.47,0.87,0.61,0.7,0.59,自住-改善,两室两厅,95,1971,国企车间技术主任,三口之家(学龄段),上海中环品质两居，车位及空间极其拥挤,小区无地下车库且人车不分流，小孩在楼下玩耍或者推婴儿车极为不安全。,讲究超高得房率（超85%），主卧套房必须配备独立步入式衣帽间与干湿分离双卫。,主要在陆家嘴/徐家汇CBD上班，首选地铁2/9号线沿线，通勤半小时内。,倡导轻户外，周末常带家人自驾野营或山系徒步，注重生活情调与手作咖啡。,名下持有一套旧两居，置换回款 65% + 个人理财储蓄补充 + 公积金商业贷,重性价比，不盲信大牌，但要求物业管理有序、绿化修剪及时、人防技防规范。,常年本地稳定居住，工作日职住通勤动线规则单一。
上_2008_01658,上海,2008,教育型买房,38,女,4.0,35.6,0.4,66.7,3,1,否,B,social,0.98,0.64,0.42,0.37,0.56,0.6,0.43,0.94,0.66,学区房,两室一厅,70,8452,区财政局科员,三口之家(学龄段),上海中环品质两居，车位及空间极其拥挤,小区无地下车库且人车不分流，小孩在楼下玩耍或者推婴儿车极为不安全。,核心要求地块属于第一梯队名校学区，且周边500米内解决幼小衔接教育配套。,主要在陆家嘴/徐家汇CBD上班，首选地铁2/9号线沿线，通勤半小时内。,倡导轻户外，周末常带家人自驾野营或山系徒步，注重生活情调与手作咖啡。,名下持有一套旧两居，置换回款 65% + 个人理财储蓄补充 + 公积金商业贷,重性价比，不盲信大牌，但要求物业管理有序、绿化修剪及时、人防技防规范。,常年本地稳定居住，工作日职住通勤动线规则单一。
上_2008_01659,上海,2008,教育型买房,36,男,4.3,35.8,0.4,67.1,3,0,是,B,social,0.97,0.53,0.4,0.5,0.67,0.59,0.66,1,0.72,学区房,两室两厅,87,4621,区财政局科员,成熟期核心家庭,上海中环品质两居，车位及空间极其拥挤,当前房屋属于旧多层无电梯房，父母年纪渐高每天爬楼梯极为吃力。,核心要求地块属于第一梯队名校学区，且周边500米内解决幼小衔接教育配套。,主要在陆家嘴/徐家汇CBD上班，首选地铁2/9号线沿线，通勤半小时内。,倡导轻户外，周末常带家人自驾野营或山系徒步，注重生活情调与手作咖啡。,名下持有一套旧两居，置换回款 65% + 个人理财储蓄补充 + 公积金商业贷,非仁恒、绿城、万科等金牌开发商不买，极度看重高端精装质量与顶级物业的增值口碑。,常年本地稳定居住，工作日职住通勤动线规则单一。
上_2008_01660,上海,2008,本地改善,40,男,3.9,39.8,0.45,66.4,4,2,否,B,agent,0.63,0.54,0.57,0.51,0.45,0.88,0.64,0.73,0.41,自住-改善,一室一厅,73,5012,国企车间技术主任,二胎黄金期中大户型,上海中环品质两居，车位及空间极其拥挤,小区无地下车库且人车不分流，小孩在楼下玩耍或者推婴儿车极为不安全。,讲究超高得房率（超85%），主卧套房必须配备独立步入式衣帽间与干湿分离双卫。,主要在陆家嘴/徐家汇CBD上班，首选地铁2/9号线沿线，通勤半小时内。,倡导轻户外，周末常带家人自驾野营或山系徒步，注重生活情调与手作咖啡。,名下持有一套旧两居，置换回款 65% + 个人理财储蓄补充 + 公积金商业贷,重性价比，不盲信大牌，但要求物业管理有序、绿化修剪及时、人防技防规范。,常年本地稳定居住，工作日职住通勤动线规则单一。
上_2008_01661,上海,2008,金融精英,48,女,8.1,74.3,0.4,139.4,3,1,否,A,research,0.69,0.55,0.63,0.55,0.83,0.8,0.74,0.83,0.7,自住-首套,一室一厅,85,9993,老牌证券公司营业部经理,三口之家(学龄段),陆家嘴核心区江景大平层,无高端私密会所及管家式物业配套，圈层鱼龙混杂，高净值居住体验差。,讲究超高得房率（超85%），主卧套房必须配备独立步入式衣帽间与干湿分离双卫。,主要在陆家嘴/徐家汇CBD上班，首选地铁2/9号线沿线，通勤半小时内。,周末常去高端商圈消费，热衷打网球和马术，重度手冲咖啡及黑胶唱片发烧友。,夫妻双方积蓄 + 双方父母出资赞助首付 + 公积金商业组合贷款,非仁恒、绿城、万科等金牌开发商不买，极度看重高端精装质量与顶级物业的增值口碑。,常年本地稳定居住，工作日职住通勤动线规则单一。
上_2008_01662,上海,2008,金融精英,32,男,5.9,46.7,0.4,87.6,3,1,否,A,research,0.94,0.43,0.66,0.61,0.75,0.76,0.61,0.61,0.96,自住-首套,两室一厅,73,7638,申银万国证券分析员,三口之家(幼龄段),市中心私密洋房住宅,无高端私密会所及管家式物业配套，圈层鱼龙混杂，高净值居住体验差。,讲究超高得房率（超85%），主卧套房必须配备独立步入式衣帽间与干湿分离双卫。,主要在陆家嘴/徐家汇CBD上班，首选地铁2/9号线沿线，通勤半小时内。,周末常去高端商圈消费，热衷打网球和马术，重度手冲咖啡及黑胶唱片发烧友。,夫妻双方积蓄 + 双方父母出资赞助首付 + 公积金商业组合贷款,非仁恒、绿城、万科等金牌开发商不买，极度看重高端精装质量与顶级物业的增值口碑。,常年本地稳定居住，工作日职住通勤动线规则单一。
上_2008_01663,上海,2008,教育型买房,45,女,4.8,32.1,0.4,60.1,3,0,是,B,social,0.87,0.53,0.35,0.34,0.64,0.74,0.63,0.94,0.59,学区房,两室一厅,50,8728,邮政局局长秘书,成熟期核心家庭,上海中环品质两居，车位及空间极其拥挤,当前房屋属于旧多层无电梯房，父母年纪渐高每天爬楼梯极为吃力。,讲究超高得房率（超85%），主卧套房必须配备独立步入式衣帽间与干湿分离双卫。,主要在陆家嘴/徐家汇CBD上班，首选地铁2/9号线沿线，通勤半小时内。,倡导轻户外，周末常带家人自驾野营或山系徒步，注重生活情调与手作咖啡。,名下持有一套旧两居，置换回款 65% + 个人理财储蓄补充 + 公积金商业贷,重性价比，不盲信大牌，但要求物业管理有序、绿化修剪及时、人防技防规范。,常年本地稳定居住，工作日职住通勤动线规则单一。
上_2008_01664,上海,2008,本地改善,55,女,3.0,32.4,0.45,54.1,4,2,是,B,agent,0.75,0.41,0.62,0.47,0.58,0.89,0.59,0.67,0.81,自住-改善,两室一厅,72,5769,国企车间技术主任,二胎黄金期中大户型,上海中环品质两居，车位及空间极其拥挤,小区无地下车库且人车不分流，小孩在楼下玩耍或者推婴儿车极为不安全。,讲究超高得房率（超85%），主卧套房必须配备独立步入式衣帽间与干湿分离双卫。,主要在陆家嘴/徐家汇CBD上班，首选地铁2/9号线沿线，通勤半小时内。,倡导轻户外，周末常带家人自驾野营或山系徒步，注重生活情调与手作咖啡。,名下持有一套旧两居，置换回款 65% + 个人理财储蓄补充 + 公积金商业贷,非仁恒、绿城、万科等金牌开发商不买，极度看重高端精装质量与顶级物业的增值口碑。,常年本地稳定居住，工作日职住通勤动线规则单一。
上_2008_01665,上海,2008,金融精英,34,女,5.1,43.8,0.4,82.0,3,1,否,A,research,0.6,0.43,0.59,0.47,0.58,0.77,0.88,0.85,0.81,婚房,两室一厅,79,7141,申银万国证券分析员,三口之家(幼龄段),市中心私密洋房住宅,无高端私密会所及管家式物业配套，圈层鱼龙混杂，高净值居住体验差。,讲究超高得房率（超85%），主卧套房必须配备独立步入式衣帽间与干湿分离双卫。,主要在陆家嘴/徐家汇CBD上班，首选地铁2/9号线沿线，通勤半小时内。,周末常去高端商圈消费，热衷打网球和马术，重度手冲咖啡及黑胶唱片发烧友。,夫妻双方积蓄 + 双方父母出资赞助首付 + 公积金商业组合贷款,非仁恒、绿城、万科等金牌开发商不买，极度看重高端精装质量与顶级物业的增值口碑。,常年本地稳定居住，工作日职住通勤动线规则单一。
上_2008_01666,上海,2008,本地改善,55,男,2.9,21.8,0.45,36.3,4,1,是,B,agent,0.76,0.45,0.43,0.39,0.56,0.96,0.68,0.77,0.7,自住-改善,一室一厅,54,4787,国企车间技术主任,三口之家(学龄段),上海中环品质两居，车位及空间极其拥挤,小区无地下车库且人车不分流，小孩在楼下玩耍或者推婴儿车极为不安全。,讲究超高得房率（超85%），主卧套房必须配备独立步入式衣帽间与干湿分离双卫。,主要在陆家嘴/徐家汇CBD上班，首选地铁2/9号线沿线，通勤半小时内。,倡导轻户外，周末常带家人自驾野营或山系徒步，注重生活情调与手作咖啡。,名下持有一套旧两居，置换回款 65% + 个人理财储蓄补充 + 公积金商业贷,重性价比，不盲信大牌，但要求物业管理有序、绿化修剪及时、人防技防规范。,常年本地稳定居住，工作日职住通勤动线规则单一。
上_2008_01667,上海,2008,金融精英,49,女,2.3,14.9,0.4,28.0,3,1,否,A,research,1,0.36,0.84,0.62,0.72,0.75,0.67,0.86,0.78,自住-首套,两室一厅,63,3990,申银万国证券分析员,三口之家(学龄段),西湖边高精平层,无高端私密会所及管家式物业配套，圈层鱼龙混杂，高净值居住体验差。,要求有超大面宽南向双阳台（观景家政分离），主卧大飘窗能270度直面自然景观。,主要在陆家嘴/徐家汇CBD上班，首选地铁2/9号线沿线，通勤半小时内。,周末常去高端商圈消费，热衷打网球和马术，重度手冲咖啡及黑胶唱片发烧友。,夫妻双方积蓄 + 双方父母出资赞助首付 + 公积金商业组合贷款,非仁恒、绿城、万科等金牌开发商不买，极度看重高端精装质量与顶级物业的增值口碑。,常年本地稳定居住，工作日职住通勤动线规则单一。
上_2008_01668,上海,2008,教育型买房,33,男,1.7,12.3,0.4,23.1,4,0,否,B,social,0.96,0.59,0.28,0.43,0.46,0.78,0.59,1,0.53,学区房,两室两厅,56,3591,区财政局科员,新婚过渡两居,上海中环品质两居，车位及空间极其拥挤,老小区隔音差，邻里滋扰严重，且车位严重匮乏，每晚加班回来抢车位像打仗。,讲究超高得房率（超85%），主卧套房必须配备独立步入式衣帽间与干湿分离双卫。,主要在陆家嘴/徐家汇CBD上班，首选地铁2/9号线沿线，通勤半小时内。,倡导轻户外，周末常带家人自驾野营或山系徒步，注重生活情调与手作咖啡。,名下持有一套旧两居，置换回款 65% + 个人理财储蓄补充 + 公积金商业贷,重性价比，不盲信大牌，但要求物业管理有序、绿化修剪及时、人防技防规范。,常年本地稳定居住，工作日职住通勤动线规则单一。
上_2008_01669,上海,2008,本地改善,41,女,2.7,20.2,0.45,33.7,5,2,是,B,agent,0.84,0.55,0.53,0.42,0.55,0.85,0.56,0.78,0.57,自住-改善,一室一厅,97,2311,区财政局科员,二胎黄金期中大户型,上海中环品质两居，车位及空间极其拥挤,小区无地下车库且人车不分流，小孩在楼下玩耍或者推婴儿车极为不安全。,讲究超高得房率（超85%），主卧套房必须配备独立步入式衣帽间与干湿分离双卫。,主要在陆家嘴/徐家汇CBD上班，首选地铁2/9号线沿线，通勤半小时内。,倡导轻户外，周末常带家人自驾野营或山系徒步，注重生活情调与手作咖啡。,名下持有一套旧两居，置换回款 65% + 个人理财储蓄补充 + 公积金商业贷,重性价比，不盲信大牌，但要求物业管理有序、绿化修剪及时、人防技防规范。,常年本地稳定居住，工作日职住通勤动线规则单一。
上_2008_01670,上海,2008,本地改善,58,女,1.1,11.3,0.45,18.8,4,2,否,B,agent,0.91,0.44,0.57,0.46,0.62,0.95,0.59,0.71,0.53,自住-改善,两室一厅,79,1354,市第二中学地理教师,二胎黄金期中大户型,上海中环品质两居，车位及空间极其拥挤,小区无地下车库且人车不分流，小孩在楼下玩耍或者推婴儿车极为不安全。,讲究超高得房率（超85%），主卧套房必须配备独立步入式衣帽间与干湿分离双卫。,主要在陆家嘴/徐家汇CBD上班，首选地铁2/9号线沿线，通勤半小时内。,倡导轻户外，周末常带家人自驾野营或山系徒步，注重生活情调与手作咖啡。,名下持有一套旧两居，置换回款 65% + 个人理财储蓄补充 + 公积金商业贷,重性价比，不盲信大牌，但要求物业管理有序、绿化修剪及时、人防技防规范。,常年本地稳定居住，工作日职住通勤动线规则单一。
上_2008_01671,上海,2008,金融精英,42,男,3.2,31.8,0.4,59.6,3,1,否,A,research,0.9,0.5,0.7,0.48,0.88,0.76,0.52,0.84,0.81,自住-首套,一室一厅,64,6750,申银万国证券分析员,三口之家(学龄段),陆家嘴核心区江景大平层,无高端私密会所及管家式物业配套，圈层鱼龙混杂，高净值居住体验差。,讲究超高得房率（超85%），主卧套房必须配备独立步入式衣帽间与干湿分离双卫。,主要在陆家嘴/徐家汇CBD上班，首选地铁2/9号线沿线，通勤半小时内。,周末常去高端商圈消费，热衷打网球和马术，重度手冲咖啡及黑胶唱片发烧友。,夫妻双方积蓄 + 双方父母出资赞助首付 + 公积金商业组合贷款,非仁恒、绿城、万科等金牌开发商不买，极度看重高端精装质量与顶级物业的增值口碑。,常年本地稳定居住，工作日职住通勤动线规则单一。
上_2008_01672,上海,2008,长三角家庭,53,女,2.6,13.1,0.45,21.8,4,3,是,B,agent,0.71,0.46,0.62,0.53,0.49,0.86,0.32,0.86,0.72,自住-改善,一室一厅,100,1934,国企车间技术主任,二胎黄金期中大户型,上海中环品质两居，车位及空间极其拥挤,小区无地下车库且人车不分流，小孩在楼下玩耍或者推婴儿车极为不安全。,讲究超高得房率（超85%），主卧套房必须配备独立步入式衣帽间与干湿分离双卫。,主要在陆家嘴/徐家汇CBD上班，首选地铁2/9号线沿线，通勤半小时内。,倡导轻户外，周末常带家人自驾野营或山系徒步，注重生活情调与手作咖啡。,名下持有一套旧两居，置换回款 65% + 个人理财储蓄补充 + 公积金商业贷,非仁恒、绿城、万科等金牌开发商不买，极度看重高端精装质量与顶级物业的增值口碑。,常年本地稳定居住，工作日职住通勤动线规则单一。
上_2008_01673,上海,2008,教育型买房,48,男,2.6,20.2,0.4,37.9,3,1,否,B,social,0.84,0.43,0.28,0.43,0.54,0.76,0.54,0.96,0.58,学区房,两室一厅,94,2327,区财政局科员,三口之家(学龄段),上海中环品质两居，车位及空间极其拥挤,小区无地下车库且人车不分流，小孩在楼下玩耍或者推婴儿车极为不安全。,讲究超高得房率（超85%），主卧套房必须配备独立步入式衣帽间与干湿分离双卫。,主要在陆家嘴/徐家汇CBD上班，首选地铁2/9号线沿线，通勤半小时内。,倡导轻户外，周末常带家人自驾野营或山系徒步，注重生活情调与手作咖啡。,名下持有一套旧两居，置换回款 65% + 个人理财储蓄补充 + 公积金商业贷,重性价比，不盲信大牌，但要求物业管理有序、绿化修剪及时、人防技防规范。,常年本地稳定居住，工作日职住通勤动线规则单一。
上_2008_01674,上海,2008,金融精英,32,男,3.3,21.4,0.4,40.0,3,2,是,A,research,0.98,0.48,0.64,0.65,0.69,0.72,0.82,0.73,0.8,婚房,一室一厅,60,5697,申银万国证券分析员,二胎黄金期中大户型,陆家嘴核心区江景大平层,当前房屋属于旧多层无电梯房，父母年纪渐高每天爬楼梯极为吃力。,讲究超高得房率（超85%），主卧套房必须配备独立步入式衣帽间与干湿分离双卫。,主要在陆家嘴/徐家汇CBD上班，首选地铁2/9号线沿线，通勤半小时内。,周末常去高端商圈消费，热衷打网球和马术，重度手冲咖啡及黑胶唱片发烧友。,夫妻双方积蓄 + 双方父母出资赞助首付 + 公积金商业组合贷款,非仁恒、绿城、万科等金牌开发商不买，极度看重高端精装质量与顶级物业的增值口碑。,常年本地稳定居住，工作日职住通勤动线规则单一。
上_2008_01675,上海,2008,外籍海归,34,女,4.6,36.6,0.4,68.6,3,1,否,A,social,0.71,0.58,0.55,0.56,0.68,0.65,0.65,0.76,0.72,自住-首套,一室一厅,88,4073,合资日化企业技术主管,三口之家(幼龄段),市中心私密洋房住宅,无高端私密会所及管家式物业配套，圈层鱼龙混杂，高净值居住体验差。,核心要求地块属于第一梯队名校学区，且周边500米内解决幼小衔接教育配套。,主要在陆家嘴/徐家汇CBD上班，首选地铁2/9号线沿线，通勤半小时内。,周末常去高端商圈消费，热衷打网球和马术，重度手冲咖啡及黑胶唱片发烧友。,夫妻双方积蓄 + 双方父母出资赞助首付 + 公积金商业组合贷款,非仁恒、绿城、万科等金牌开发商不买，极度看重高端精装质量与顶级物业的增值口碑。,常年本地稳定居住，工作日职住通勤动线规则单一。
上_2008_01676,上海,2008,本地改善,47,男,2.9,30.1,0.45,50.2,4,2,否,B,agent,0.77,0.51,0.51,0.54,0.41,0.78,0.61,0.64,0.75,自住-改善,一室一厅,96,4568,市第二中学地理教师,二胎黄金期中大户型,上海中环品质两居，车位及空间极其拥挤,小区无地下车库且人车不分流，小孩在楼下玩耍或者推婴儿车极为不安全。,讲究超高得房率（超85%），主卧套房必须配备独立步入式衣帽间与干湿分离双卫。,主要在陆家嘴/徐家汇CBD上班，首选地铁2/9号线沿线，通勤半小时内。,倡导轻户外，周末常带家人自驾野营或山系徒步，注重生活情调与手作咖啡。,名下持有一套旧两居，置换回款 65% + 个人理财储蓄补充 + 公积金商业贷,非仁恒、绿城、万科等金牌开发商不买，极度看重高端精装质量与顶级物业的增值口碑。,常年本地稳定居住，工作日职住通勤动线规则单一。
上_2008_01677,上海,2008,本地改善,46,女,3.3,35.3,0.45,58.8,4,2,否,B,agent,0.86,0.62,0.47,0.47,0.52,0.88,0.59,0.71,0.41,自住-改善,一室一厅,86,5069,市第二中学地理教师,二胎黄金期中大户型,上海中环品质两居，车位及空间极其拥挤,小区无地下车库且人车不分流，小孩在楼下玩耍或者推婴儿车极为不安全。,讲究超高得房率（超85%），主卧套房必须配备独立步入式衣帽间与干湿分离双卫。,主要在陆家嘴/徐家汇CBD上班，首选地铁2/9号线沿线，通勤半小时内。,倡导轻户外，周末常带家人自驾野营或山系徒步，注重生活情调与手作咖啡。,名下持有一套旧两居，置换回款 65% + 个人理财储蓄补充 + 公积金商业贷,重性价比，不盲信大牌，但要求物业管理有序、绿化修剪及时、人防技防规范。,常年本地稳定居住，工作日职住通勤动线规则单一。
上_2008_01678,上海,2008,教育型买房,34,女,3.7,30.1,0.4,56.4,3,0,是,B,social,0.95,0.52,0.31,0.27,0.5,0.75,0.6,0.97,0.73,学区房,两室两厅,67,6642,邮政局局长秘书,新婚过渡两居,上海中环品质两居，车位及空间极其拥挤,当前房屋属于旧多层无电梯房，父母年纪渐高每天爬楼梯极为吃力。,讲究超高得房率（超85%），主卧套房必须配备独立步入式衣帽间与干湿分离双卫。,主要在陆家嘴/徐家汇CBD上班，首选地铁2/9号线沿线，通勤半小时内。,倡导轻户外，周末常带家人自驾野营或山系徒步，注重生活情调与手作咖啡。,名下持有一套旧两居，置换回款 65% + 个人理财储蓄补充 + 公积金商业贷,非仁恒、绿城、万科等金牌开发商不买，极度看重高端精装质量与顶级物业的增值口碑。,常年本地稳定居住，工作日职住通勤动线规则单一。
上_2008_01679,上海,2008,本地改善,43,男,2.8,21.4,0.45,35.7,4,2,否,B,agent,1,0.38,0.38,0.49,0.55,0.87,0.46,0.73,0.67,自住-改善,一室一厅,57,3448,区财政局科员,二胎黄金期中大户型,上海中环品质两居，车位及空间极其拥挤,小区无地下车库且人车不分流，小孩在楼下玩耍或者推婴儿车极为不安全。,讲究超高得房率（超85%），主卧套房必须配备独立步入式衣帽间与干湿分离双卫。,主要在陆家嘴/徐家汇CBD上班，首选地铁2/9号线沿线，通勤半小时内。,倡导轻户外，周末常带家人自驾野营或山系徒步，注重生活情调与手作咖啡。,名下持有一套旧两居，置换回款 65% + 个人理财储蓄补充 + 公积金商业贷,重性价比，不盲信大牌，但要求物业管理有序、绿化修剪及时、人防技防规范。,常年本地稳定居住，工作日职住通勤动线规则单一。
上_2008_01680,上海,2008,金融精英,44,女,4.6,30.3,0.4,56.9,3,1,否,A,research,0.85,0.42,0.65,0.57,0.86,0.68,0.59,0.69,0.79,自住-改善,一室一厅,52,7948,老牌证券公司营业部经理,三口之家(学龄段),西湖边高精平层,无高端私密会所及管家式物业配套，圈层鱼龙混杂，高净值居住体验差。,要求采光通透，全明户型，带多功能嵌入式收纳墙以最大化空间利用。,主要在陆家嘴/徐家汇CBD上班，首选地铁2/9号线沿线，通勤半小时内。,周末常去高端商圈消费，热衷打网球和马术，重度手冲咖啡及黑胶唱片发烧友。,名下已有企业股权套现或分红现金，一次性全款付清，基本不加杠杆,非仁恒、绿城、万科等金牌开发商不买，极度看重高端精装质量与顶级物业的增值口碑。,常年本地稳定居住，工作日职住通勤动线规则单一。
上_2008_01681,上海,2008,教育型买房,35,男,2.3,14.4,0.4,26.9,4,1,否,B,social,0.81,0.48,0.42,0.37,0.57,0.73,0.55,1,0.66,学区房,两室两厅,88,1770,邮政局局长秘书,三口之家(幼龄段),上海中环品质两居，车位及空间极其拥挤,小区无地下车库且人车不分流，小孩在楼下玩耍或者推婴儿车极为不安全。,讲究超高得房率（超85%），主卧套房必须配备独立步入式衣帽间与干湿分离双卫。,主要在陆家嘴/徐家汇CBD上班，首选地铁2/9号线沿线，通勤半小时内。,倡导轻户外，周末常带家人自驾野营或山系徒步，注重生活情调与手作咖啡。,名下持有一套旧两居，置换回款 65% + 个人理财储蓄补充 + 公积金商业贷,重性价比，不盲信大牌，但要求物业管理有序、绿化修剪及时、人防技防规范。,常年本地稳定居住，工作日职住通勤动线规则单一。
上_2008_01682,上海,2008,金融精英,50,男,5.3,52.0,0.4,97.6,3,1,否,A,research,0.76,0.43,0.61,0.7,0.68,0.7,0.68,0.75,0.72,自住-首套,两室一厅,80,10892,老牌证券公司营业部经理,三口之家(学龄段),西湖边高精平层,无高端私密会所及管家式物业配套，圈层鱼龙混杂，高净值居住体验差。,讲究超高得房率（超85%），主卧套房必须配备独立步入式衣帽间与干湿分离双卫。,主要在陆家嘴/徐家汇CBD上班，首选地铁2/9号线沿线，通勤半小时内。,周末常去高端商圈消费，热衷打网球和马术，重度手冲咖啡及黑胶唱片发烧友。,夫妻双方积蓄 + 双方父母出资赞助首付 + 公积金商业组合贷款,非仁恒、绿城、万科等金牌开发商不买，极度看重高端精装质量与顶级物业的增值口碑。,常年本地稳定居住，工作日职住通勤动线规则单一。
上_2008_01683,上海,2008,金融精英,38,女,6.5,50.0,0.4,93.7,3,0,否,A,research,0.73,0.42,0.73,0.55,0.6,0.83,0.75,0.8,0.93,自住-首套,两室一厅,53,10270,申银万国证券分析员,成熟期核心家庭,西湖边高精平层,无高端私密会所及管家式物业配套，圈层鱼龙混杂，高净值居住体验差。,要求有超大面宽南向双阳台（观景家政分离），主卧大飘窗能270度直面自然景观。,主要在陆家嘴/徐家汇CBD上班，首选地铁2/9号线沿线，通勤半小时内。,周末常去高端商圈消费，热衷打网球和马术，重度手冲咖啡及黑胶唱片发烧友。,夫妻双方积蓄 + 双方父母出资赞助首付 + 公积金商业组合贷款,非仁恒、绿城、万科等金牌开发商不买，极度看重高端精装质量与顶级物业的增值口碑。,常年本地稳定居住，工作日职住通勤动线规则单一。
上_2008_01684,上海,2008,长三角家庭,53,男,2.1,10.5,0.45,17.6,4,1,是,B,agent,0.9,0.57,0.47,0.43,0.56,0.74,0.31,0.78,0.64,自住-首套,一室一厅,82,1185,国企车间技术主任,三口之家(学龄段),上海中环品质两居，车位及空间极其拥挤,小区无地下车库且人车不分流，小孩在楼下玩耍或者推婴儿车极为不安全。,讲究超高得房率（超85%），主卧套房必须配备独立步入式衣帽间与干湿分离双卫。,主要在陆家嘴/徐家汇CBD上班，首选地铁2/9号线沿线，通勤半小时内。,倡导轻户外，周末常带家人自驾野营或山系徒步，注重生活情调与手作咖啡。,夫妻双方积蓄 + 双方父母出资赞助首付 + 公积金商业组合贷款,重性价比，不盲信大牌，但要求物业管理有序、绿化修剪及时、人防技防规范。,常年本地稳定居住，工作日职住通勤动线规则单一。
上_2008_01685,上海,2008,本地改善,57,女,2.3,16.8,0.45,28.0,4,2,否,B,agent,0.59,0.51,0.6,0.55,0.57,0.91,0.6,0.65,0.58,自住-改善,两室一厅,53,4358,市第二中学地理教师,二胎黄金期中大户型,上海中环品质两居，车位及空间极其拥挤,小区无地下车库且人车不分流，小孩在楼下玩耍或者推婴儿车极为不安全。,讲究超高得房率（超85%），主卧套房必须配备独立步入式衣帽间与干湿分离双卫。,主要在陆家嘴/徐家汇CBD上班，首选地铁2/9号线沿线，通勤半小时内。,倡导轻户外，周末常带家人自驾野营或山系徒步，注重生活情调与手作咖啡。,名下持有一套旧两居，置换回款 65% + 个人理财储蓄补充 + 公积金商业贷,重性价比，不盲信大牌，但要求物业管理有序、绿化修剪及时、人防技防规范。,常年本地稳定居住，工作日职住通勤动线规则单一。
上_2008_01686,上海,2008,金融精英,50,男,3.7,33.5,0.4,62.9,3,0,否,A,research,0.72,0.46,0.67,0.68,0.71,0.75,0.65,0.64,0.98,自住-首套,两室一厅,56,9917,老牌证券公司营业部经理,成熟期核心家庭,陆家嘴核心区江景大平层,无高端私密会所及管家式物业配套，圈层鱼龙混杂，高净值居住体验差。,讲究超高得房率（超85%），主卧套房必须配备独立步入式衣帽间与干湿分离双卫。,主要在陆家嘴/徐家汇CBD上班，首选地铁2/9号线沿线，通勤半小时内。,周末常去高端商圈消费，热衷打网球和马术，重度手冲咖啡及黑胶唱片发烧友。,夫妻双方积蓄 + 双方父母出资赞助首付 + 公积金商业组合贷款,非仁恒、绿城、万科等金牌开发商不买，极度看重高端精装质量与顶级物业的增值口碑。,常年本地稳定居住，工作日职住通勤动线规则单一。
上_2008_01687,上海,2008,本地改善,39,女,1.8,22.4,0.45,37.3,4,2,否,B,agent,0.67,0.51,0.44,0.43,0.58,0.86,0.64,0.72,0.62,自住-改善,两室两厅,51,4164,区财政局科员,二胎黄金期中大户型,上海中环品质两居，车位及空间极其拥挤,小区无地下车库且人车不分流，小孩在楼下玩耍或者推婴儿车极为不安全。,讲究超高得房率（超85%），主卧套房必须配备独立步入式衣帽间与干湿分离双卫。,主要在陆家嘴/徐家汇CBD上班，首选地铁2/9号线沿线，通勤半小时内。,倡导轻户外，周末常带家人自驾野营或山系徒步，注重生活情调与手作咖啡。,名下持有一套旧两居，置换回款 65% + 个人理财储蓄补充 + 公积金商业贷,重性价比，不盲信大牌，但要求物业管理有序、绿化修剪及时、人防技防规范。,常年本地稳定居住，工作日职住通勤动线规则单一。
上_2008_01688,上海,2008,金融精英,44,男,6.0,49.7,0.4,93.2,4,1,否,A,research,0.44,0.47,0.6,0.6,0.71,0.7,0.72,0.76,0.85,自住-改善,两室一厅,55,13052,老牌证券公司营业部经理,三口之家(学龄段),市中心私密洋房住宅,无高端私密会所及管家式物业配套，圈层鱼龙混杂，高净值居住体验差。,讲究超高得房率（超85%），主卧套房必须配备独立步入式衣帽间与干湿分离双卫。,主要在陆家嘴/徐家汇CBD上班，首选地铁2/9号线沿线，通勤半小时内。,周末常去高端商圈消费，热衷打网球和马术，重度手冲咖啡及黑胶唱片发烧友。,名下已有企业股权套现或分红现金，一次性全款付清，基本不加杠杆,非仁恒、绿城、万科等金牌开发商不买，极度看重高端精装质量与顶级物业的增值口碑。,常年本地稳定居住，工作日职住通勤动线规则单一。
上_2008_01689,上海,2008,本地改善,57,男,2.1,26.1,0.45,43.4,4,1,否,B,agent,0.56,0.47,0.55,0.6,0.46,0.92,0.56,0.76,0.57,自住-改善,两室两厅,85,2612,区财政局科员,三口之家(学龄段),上海中环品质两居，车位及空间极其拥挤,小区无地下车库且人车不分流，小孩在楼下玩耍或者推婴儿车极为不安全。,讲究超高得房率（超85%），主卧套房必须配备独立步入式衣帽间与干湿分离双卫。,主要在陆家嘴/徐家汇CBD上班，首选地铁2/9号线沿线，通勤半小时内。,倡导轻户外，周末常带家人自驾野营或山系徒步，注重生活情调与手作咖啡。,名下持有一套旧两居，置换回款 65% + 个人理财储蓄补充 + 公积金商业贷,重性价比，不盲信大牌，但要求物业管理有序、绿化修剪及时、人防技防规范。,常年本地稳定居住，工作日职住通勤动线规则单一。
上_2008_01690,上海,2008,金融精英,49,女,2.2,18.2,0.4,34.1,4,0,是,A,research,0.64,0.64,0.63,0.57,0.85,0.72,0.59,0.73,0.7,自住-首套,两室一厅,59,4476,商业银行支行信贷科长,成熟期核心家庭,陆家嘴核心区江景大平层,当前房屋属于旧多层无电梯房，父母年纪渐高每天爬楼梯极为吃力。,讲究超高得房率（超85%），主卧套房必须配备独立步入式衣帽间与干湿分离双卫。,主要在陆家嘴/徐家汇CBD上班，首选地铁2/9号线沿线，通勤半小时内。,周末常去高端商圈消费，热衷打网球和马术，重度手冲咖啡及黑胶唱片发烧友。,夫妻双方积蓄 + 双方父母出资赞助首付 + 公积金商业组合贷款,非仁恒、绿城、万科等金牌开发商不买，极度看重高端精装质量与顶级物业的增值口碑。,常年本地稳定居住，工作日职住通勤动线规则单一。
上_2008_01691,上海,2008,教育型买房,41,男,2.0,14.6,0.4,27.4,3,1,否,B,social,1,0.47,0.2,0.38,0.47,0.77,0.58,1,0.48,学区房,一室一厅,69,3515,邮政局局长秘书,三口之家(学龄段),上海中环品质两居，车位及空间极其拥挤,小区无地下车库且人车不分流，小孩在楼下玩耍或者推婴儿车极为不安全。,讲究超高得房率（超85%），主卧套房必须配备独立步入式衣帽间与干湿分离双卫。,主要在陆家嘴/徐家汇CBD上班，首选地铁2/9号线沿线，通勤半小时内。,倡导轻户外，周末常带家人自驾野营或山系徒步，注重生活情调与手作咖啡。,名下持有一套旧两居，置换回款 65% + 个人理财储蓄补充 + 公积金商业贷,重性价比，不盲信大牌，但要求物业管理有序、绿化修剪及时、人防技防规范。,常年本地稳定居住，工作日职住通勤动线规则单一。
上_2008_01692,上海,2008,本地改善,40,女,3.9,34.9,0.45,58.2,4,3,是,B,agent,1,0.48,0.5,0.46,0.7,1,0.61,0.75,0.34,自住-改善,两室一厅,78,4270,邮政局局长秘书,二胎黄金期中大户型,上海中环品质两居，车位及空间极其拥挤,小区无地下车库且人车不分流，小孩在楼下玩耍或者推婴儿车极为不安全。,讲究超高得房率（超85%），主卧套房必须配备独立步入式衣帽间与干湿分离双卫。,主要在陆家嘴/徐家汇CBD上班，首选地铁2/9号线沿线，通勤半小时内。,倡导轻户外，周末常带家人自驾野营或山系徒步，注重生活情调与手作咖啡。,名下持有一套旧两居，置换回款 65% + 个人理财储蓄补充 + 公积金商业贷,重性价比，不盲信大牌，但要求物业管理有序、绿化修剪及时、人防技防规范。,常年本地稳定居住，工作日职住通勤动线规则单一。
上_2008_01693,上海,2008,本地改善,58,女,3.3,38.3,0.45,63.8,5,2,是,B,agent,0.72,0.49,0.5,0.55,0.51,0.68,0.63,0.77,0.73,自住-改善,两室两厅,60,7492,邮政局局长秘书,二胎黄金期中大户型,上海中环品质两居，车位及空间极其拥挤,小区无地下车库且人车不分流，小孩在楼下玩耍或者推婴儿车极为不安全。,核心要求地块属于第一梯队名校学区，且周边500米内解决幼小衔接教育配套。,主要在陆家嘴/徐家汇CBD上班，首选地铁2/9号线沿线，通勤半小时内。,倡导轻户外，周末常带家人自驾野营或山系徒步，注重生活情调与手作咖啡。,名下持有一套旧两居，置换回款 65% + 个人理财储蓄补充 + 公积金商业贷,非仁恒、绿城、万科等金牌开发商不买，极度看重高端精装质量与顶级物业的增值口碑。,常年本地稳定居住，工作日职住通勤动线规则单一。
上_2008_01694,上海,2008,本地改善,51,男,1.8,20.5,0.45,34.2,4,2,是,B,agent,0.56,0.46,0.58,0.33,0.49,0.82,0.56,0.8,0.77,自住-改善,一室一厅,94,2183,邮政局局长秘书,二胎黄金期中大户型,上海中环品质两居，车位及空间极其拥挤,小区无地下车库且人车不分流，小孩在楼下玩耍或者推婴儿车极为不安全。,讲究超高得房率（超85%），主卧套房必须配备独立步入式衣帽间与干湿分离双卫。,主要在陆家嘴/徐家汇CBD上班，首选地铁2/9号线沿线，通勤半小时内。,倡导轻户外，周末常带家人自驾野营或山系徒步，注重生活情调与手作咖啡。,名下持有一套旧两居，置换回款 65% + 个人理财储蓄补充 + 公积金商业贷,非仁恒、绿城、万科等金牌开发商不买，极度看重高端精装质量与顶级物业的增值口碑。,常年本地稳定居住，工作日职住通勤动线规则单一。
上_2008_01695,上海,2008,金融精英,48,女,5.0,40.8,0.4,76.5,3,1,是,A,research,0.56,0.4,0.59,0.72,0.76,0.74,0.71,0.78,0.75,自住-改善,一室一厅,76,7988,申银万国证券分析员,三口之家(学龄段),市中心私密洋房住宅,当前房屋属于旧多层无电梯房，父母年纪渐高每天爬楼梯极为吃力。,要求独立电梯入户，主次卧动线分明，配备独立保姆房和私密后院。,主要在陆家嘴/徐家汇CBD上班，首选地铁2/9号线沿线，通勤半小时内。,周末常去高端商圈消费，热衷打网球和马术，重度手冲咖啡及黑胶唱片发烧友。,名下已有企业股权套现或分红现金，一次性全款付清，基本不加杠杆,非仁恒、绿城、万科等金牌开发商不买，极度看重高端精装质量与顶级物业的增值口碑。,常年本地稳定居住，工作日职住通勤动线规则单一。
上_2008_01696,上海,2008,外籍海归,39,男,1.4,11.8,0.4,22.2,4,0,否,A,social,0.7,0.37,0.54,0.59,0.91,0.56,0.57,0.92,0.76,自住-首套,两室一厅,89,1584,外企驻沪办事处代表,成熟期核心家庭,西湖边高精平层,无高端私密会所及管家式物业配套，圈层鱼龙混杂，高净值居住体验差。,核心要求地块属于第一梯队名校学区，且周边500米内解决幼小衔接教育配套。,主要在陆家嘴/徐家汇CBD上班，首选地铁2/9号线沿线，通勤半小时内。,周末常去高端商圈消费，热衷打网球和马术，重度手冲咖啡及黑胶唱片发烧友。,夫妻双方积蓄 + 双方父母出资赞助首付 + 公积金商业组合贷款,非仁恒、绿城、万科等金牌开发商不买，极度看重高端精装质量与顶级物业的增值口碑。,常年本地稳定居住，工作日职住通勤动线规则单一。
上_2008_01697,上海,2008,本地改善,38,女,2.4,19.9,0.45,33.2,4,3,是,B,agent,0.72,0.46,0.66,0.36,0.4,0.71,0.82,0.72,0.51,自住-改善,两室一厅,81,3074,国企车间技术主任,二胎黄金期中大户型,上海中环品质两居，车位及空间极其拥挤,小区无地下车库且人车不分流，小孩在楼下玩耍或者推婴儿车极为不安全。,讲究超高得房率（超85%），主卧套房必须配备独立步入式衣帽间与干湿分离双卫。,主要在陆家嘴/徐家汇CBD上班，首选地铁2/9号线沿线，通勤半小时内。,倡导轻户外，周末常带家人自驾野营或山系徒步，注重生活情调与手作咖啡。,名下持有一套旧两居，置换回款 65% + 个人理财储蓄补充 + 公积金商业贷,重性价比，不盲信大牌，但要求物业管理有序、绿化修剪及时、人防技防规范。,常年本地稳定居住，工作日职住通勤动线规则单一。
上_2008_01698,上海,2008,长三角家庭,52,女,2.3,12.6,0.45,21.0,4,2,否,B,agent,0.74,0.52,0.48,0.51,0.42,0.8,0.46,0.57,0.57,自住-首套,一室一厅,98,1246,区财政局科员,二胎黄金期中大户型,上海中环品质两居，车位及空间极其拥挤,小区无地下车库且人车不分流，小孩在楼下玩耍或者推婴儿车极为不安全。,讲究超高得房率（超85%），主卧套房必须配备独立步入式衣帽间与干湿分离双卫。,主要在陆家嘴/徐家汇CBD上班，首选地铁2/9号线沿线，通勤半小时内。,倡导轻户外，周末常带家人自驾野营或山系徒步，注重生活情调与手作咖啡。,夫妻双方积蓄 + 双方父母出资赞助首付 + 公积金商业组合贷款,重性价比，不盲信大牌，但要求物业管理有序、绿化修剪及时、人防技防规范。,常年本地稳定居住，工作日职住通勤动线规则单一。
上_2008_01699,上海,2008,本地改善,40,女,2.3,16.6,0.45,27.6,4,2,是,B,agent,0.95,0.32,0.45,0.43,0.56,0.9,0.59,0.73,0.61,自住-改善,一室一厅,75,2964,邮政局局长秘书,二胎黄金期中大户型,上海中环品质两居，车位及空间极其拥挤,小区无地下车库且人车不分流，小孩在楼下玩耍或者推婴儿车极为不安全。,讲究超高得房率（超85%），主卧套房必须配备独立步入式衣帽间与干湿分离双卫。,主要在陆家嘴/徐家汇CBD上班，首选地铁2/9号线沿线，通勤半小时内。,倡导轻户外，周末常带家人自驾野营或山系徒步，注重生活情调与手作咖啡。,名下持有一套旧两居，置换回款 65% + 个人理财储蓄补充 + 公积金商业贷,重性价比，不盲信大牌，但要求物业管理有序、绿化修剪及时、人防技防规范。,常年本地稳定居住，工作日职住通勤动线规则单一。
上_2008_01700,上海,2008,教育型买房,39,女,1.9,13.4,0.4,25.0,3,1,是,B,social,1,0.34,0.36,0.37,0.63,0.67,0.42,1,0.61,学区房,两室一厅,69,2370,市第二中学地理教师,三口之家(学龄段),上海中环品质两居，车位及空间极其拥挤,小区无地下车库且人车不分流，小孩在楼下玩耍或者推婴儿车极为不安全。,核心要求地块属于第一梯队名校学区，且周边500米内解决幼小衔接教育配套。,主要在陆家嘴/徐家汇CBD上班，首选地铁2/9号线沿线，通勤半小时内。,倡导轻户外，周末常带家人自驾野营或山系徒步，注重生活情调与手作咖啡。,名下持有一套旧两居，置换回款 65% + 个人理财储蓄补充 + 公积金商业贷,重性价比，不盲信大牌，但要求物业管理有序、绿化修剪及时、人防技防规范。,常年本地稳定居住，工作日职住通勤动线规则单一。
上_2008_01701,上海,2008,教育型买房,35,女,2.7,18.1,0.4,33.9,3,1,是,B,social,1,0.61,0.33,0.4,0.61,0.64,0.43,0.95,0.62,学区房,两室两厅,51,4259,国企车间技术主任,三口之家(幼龄段),上海中环品质两居，车位及空间极其拥挤,小区无地下车库且人车不分流，小孩在楼下玩耍或者推婴儿车极为不安全。,核心要求地块属于第一梯队名校学区，且周边500米内解决幼小衔接教育配套。,主要在陆家嘴/徐家汇CBD上班，首选地铁2/9号线沿线，通勤半小时内。,倡导轻户外，周末常带家人自驾野营或山系徒步，注重生活情调与手作咖啡。,名下持有一套旧两居，置换回款 65% + 个人理财储蓄补充 + 公积金商业贷,重性价比，不盲信大牌，但要求物业管理有序、绿化修剪及时、人防技防规范。,常年本地稳定居住，工作日职住通勤动线规则单一。
上_2008_01702,上海,2008,本地改善,52,女,4.2,40.6,0.45,67.6,4,1,是,B,agent,0.61,0.46,0.43,0.48,0.5,1,0.55,0.59,0.56,自住-改善,一室一厅,78,6006,区财政局科员,三口之家(学龄段),上海中环品质两居，车位及空间极其拥挤,小区无地下车库且人车不分流，小孩在楼下玩耍或者推婴儿车极为不安全。,讲究超高得房率（超85%），主卧套房必须配备独立步入式衣帽间与干湿分离双卫。,主要在陆家嘴/徐家汇CBD上班，首选地铁2/9号线沿线，通勤半小时内。,倡导轻户外，周末常带家人自驾野营或山系徒步，注重生活情调与手作咖啡。,名下持有一套旧两居，置换回款 65% + 个人理财储蓄补充 + 公积金商业贷,重性价比，不盲信大牌，但要求物业管理有序、绿化修剪及时、人防技防规范。,常年本地稳定居住，工作日职住通勤动线规则单一。
上_2008_01703,上海,2008,教育型买房,48,女,3.0,31.1,0.4,58.2,3,1,是,B,social,0.85,0.54,0.31,0.3,0.68,0.73,0.65,1,0.57,学区房,两室一厅,52,5953,区财政局科员,三口之家(学龄段),上海中环品质两居，车位及空间极其拥挤,小区无地下车库且人车不分流，小孩在楼下玩耍或者推婴儿车极为不安全。,讲究超高得房率（超85%），主卧套房必须配备独立步入式衣帽间与干湿分离双卫。,主要在陆家嘴/徐家汇CBD上班，首选地铁2/9号线沿线，通勤半小时内。,倡导轻户外，周末常带家人自驾野营或山系徒步，注重生活情调与手作咖啡。,名下持有一套旧两居，置换回款 65% + 个人理财储蓄补充 + 公积金商业贷,重性价比，不盲信大牌，但要求物业管理有序、绿化修剪及时、人防技防规范。,常年本地稳定居住，工作日职住通勤动线规则单一。
上_2008_01704,上海,2008,教育型买房,47,女,3.2,18.7,0.4,35.1,2,1,否,B,social,0.56,0.44,0.46,0.37,0.54,0.73,0.6,1,0.54,学区房,两室两厅,75,2669,市第二中学地理教师,三口之家(学龄段),上海中环品质两居，车位及空间极其拥挤,小区无地下车库且人车不分流，小孩在楼下玩耍或者推婴儿车极为不安全。,讲究超高得房率（超85%），主卧套房必须配备独立步入式衣帽间与干湿分离双卫。,主要在陆家嘴/徐家汇CBD上班，首选地铁2/9号线沿线，通勤半小时内。,倡导轻户外，周末常带家人自驾野营或山系徒步，注重生活情调与手作咖啡。,名下持有一套旧两居，置换回款 65% + 个人理财储蓄补充 + 公积金商业贷,重性价比，不盲信大牌，但要求物业管理有序、绿化修剪及时、人防技防规范。,常年本地稳定居住，工作日职住通勤动线规则单一。
上_2008_01705,上海,2008,金融精英,42,女,4.3,40.4,0.4,75.7,3,2,否,A,research,0.72,0.56,0.77,0.55,0.68,0.8,0.8,0.78,0.81,自住-改善,两室两厅,63,7384,商业银行支行信贷科长,二胎黄金期中大户型,陆家嘴核心区江景大平层,无高端私密会所及管家式物业配套，圈层鱼龙混杂，高净值居住体验差。,要求有超大面宽南向双阳台（观景家政分离），主卧大飘窗能270度直面自然景观。,主要在陆家嘴/徐家汇CBD上班，首选地铁2/9号线沿线，通勤半小时内。,周末常去高端商圈消费，热衷打网球和马术，重度手冲咖啡及黑胶唱片发烧友。,名下已有企业股权套现或分红现金，一次性全款付清，基本不加杠杆,非仁恒、绿城、万科等金牌开发商不买，极度看重高端精装质量与顶级物业的增值口碑。,常年本地稳定居住，工作日职住通勤动线规则单一。
上_2008_01706,上海,2008,本地改善,43,男,1.8,14.4,0.45,24.1,4,2,是,B,agent,0.87,0.55,0.59,0.49,0.63,0.87,0.66,0.64,0.49,自住-改善,两室一厅,93,1420,邮政局局长秘书,二胎黄金期中大户型,上海中环品质两居，车位及空间极其拥挤,小区无地下车库且人车不分流，小孩在楼下玩耍或者推婴儿车极为不安全。,讲究超高得房率（超85%），主卧套房必须配备独立步入式衣帽间与干湿分离双卫。,主要在陆家嘴/徐家汇CBD上班，首选地铁2/9号线沿线，通勤半小时内。,倡导轻户外，周末常带家人自驾野营或山系徒步，注重生活情调与手作咖啡。,名下持有一套旧两居，置换回款 65% + 个人理财储蓄补充 + 公积金商业贷,重性价比，不盲信大牌，但要求物业管理有序、绿化修剪及时、人防技防规范。,常年本地稳定居住，工作日职住通勤动线规则单一。
上_2008_01707,上海,2008,外籍海归,38,女,3.6,22.7,0.4,42.6,3,1,否,A,social,0.6,0.45,0.63,0.47,0.79,0.62,0.7,0.8,0.53,自住-改善,一室一厅,60,5252,外企驻沪办事处代表,三口之家(学龄段),西湖边高精平层,无高端私密会所及管家式物业配套，圈层鱼龙混杂，高净值居住体验差。,核心要求地块属于第一梯队名校学区，且周边500米内解决幼小衔接教育配套。,主要在陆家嘴/徐家汇CBD上班，首选地铁2/9号线沿线，通勤半小时内。,周末常去高端商圈消费，热衷打网球和马术，重度手冲咖啡及黑胶唱片发烧友。,名下已有企业股权套现或分红现金，一次性全款付清，基本不加杠杆,重性价比，不盲信大牌，但要求物业管理有序、绿化修剪及时、人防技防规范。,常年本地稳定居住，工作日职住通勤动线规则单一。
上_2008_01708,上海,2008,本地改善,56,男,1.8,13.6,0.45,22.6,4,2,是,B,agent,0.82,0.49,0.69,0.46,0.62,1,0.46,0.89,0.63,自住-改善,两室一厅,90,1615,国企车间技术主任,二胎黄金期中大户型,上海中环品质两居，车位及空间极其拥挤,小区无地下车库且人车不分流，小孩在楼下玩耍或者推婴儿车极为不安全。,讲究超高得房率（超85%），主卧套房必须配备独立步入式衣帽间与干湿分离双卫。,主要在陆家嘴/徐家汇CBD上班，首选地铁2/9号线沿线，通勤半小时内。,倡导轻户外，周末常带家人自驾野营或山系徒步，注重生活情调与手作咖啡。,名下持有一套旧两居，置换回款 65% + 个人理财储蓄补充 + 公积金商业贷,重性价比，不盲信大牌，但要求物业管理有序、绿化修剪及时、人防技防规范。,常年本地稳定居住，工作日职住通勤动线规则单一。
上_2008_01709,上海,2008,金融精英,40,男,6.5,42.1,0.4,78.9,2,1,否,A,research,0.71,0.5,0.64,0.51,0.72,0.8,0.62,0.86,0.9,自住-首套,两室两厅,94,6773,申银万国证券分析员,三口之家(学龄段),陆家嘴核心区江景大平层,无高端私密会所及管家式物业配套，圈层鱼龙混杂，高净值居住体验差。,讲究超高得房率（超85%），主卧套房必须配备独立步入式衣帽间与干湿分离双卫。,主要在陆家嘴/徐家汇CBD上班，首选地铁2/9号线沿线，通勤半小时内。,周末常去高端商圈消费，热衷打网球和马术，重度手冲咖啡及黑胶唱片发烧友。,夫妻双方积蓄 + 双方父母出资赞助首付 + 公积金商业组合贷款,非仁恒、绿城、万科等金牌开发商不买，极度看重高端精装质量与顶级物业的增值口碑。,常年本地稳定居住，工作日职住通勤动线规则单一。
上_2008_01710,上海,2008,本地改善,54,女,1.2,13.9,0.45,23.2,4,1,否,B,agent,0.69,0.51,0.37,0.57,0.49,0.81,0.51,0.77,0.45,自住-改善,两室两厅,98,1221,国企车间技术主任,三口之家(学龄段),上海中环品质两居，车位及空间极其拥挤,小区无地下车库且人车不分流，小孩在楼下玩耍或者推婴儿车极为不安全。,讲究超高得房率（超85%），主卧套房必须配备独立步入式衣帽间与干湿分离双卫。,主要在陆家嘴/徐家汇CBD上班，首选地铁2/9号线沿线，通勤半小时内。,倡导轻户外，周末常带家人自驾野营或山系徒步，注重生活情调与手作咖啡。,名下持有一套旧两居，置换回款 65% + 个人理财储蓄补充 + 公积金商业贷,重性价比，不盲信大牌，但要求物业管理有序、绿化修剪及时、人防技防规范。,常年本地稳定居住，工作日职住通勤动线规则单一。
上_2008_01711,上海,2008,本地改善,49,男,2.4,25.1,0.45,41.8,4,2,否,B,agent,0.78,0.54,0.65,0.59,0.56,0.93,0.46,0.71,0.54,自住-改善,两室两厅,99,3422,市第二中学地理教师,二胎黄金期中大户型,上海中环品质两居，车位及空间极其拥挤,小区无地下车库且人车不分流，小孩在楼下玩耍或者推婴儿车极为不安全。,讲究超高得房率（超85%），主卧套房必须配备独立步入式衣帽间与干湿分离双卫。,主要在陆家嘴/徐家汇CBD上班，首选地铁2/9号线沿线，通勤半小时内。,倡导轻户外，周末常带家人自驾野营或山系徒步，注重生活情调与手作咖啡。,名下持有一套旧两居，置换回款 65% + 个人理财储蓄补充 + 公积金商业贷,重性价比，不盲信大牌，但要求物业管理有序、绿化修剪及时、人防技防规范。,常年本地稳定居住，工作日职住通勤动线规则单一。
上_2008_01712,上海,2008,本地改善,40,女,1.2,12.8,0.45,21.4,5,2,否,B,agent,0.55,0.5,0.47,0.37,0.6,0.84,0.74,0.63,0.56,自住-改善,一室一厅,82,2326,市第二中学地理教师,二胎黄金期中大户型,上海中环品质两居，车位及空间极其拥挤,小区无地下车库且人车不分流，小孩在楼下玩耍或者推婴儿车极为不安全。,讲究超高得房率（超85%），主卧套房必须配备独立步入式衣帽间与干湿分离双卫。,主要在陆家嘴/徐家汇CBD上班，首选地铁2/9号线沿线，通勤半小时内。,倡导轻户外，周末常带家人自驾野营或山系徒步，注重生活情调与手作咖啡。,名下持有一套旧两居，置换回款 65% + 个人理财储蓄补充 + 公积金商业贷,重性价比，不盲信大牌，但要求物业管理有序、绿化修剪及时、人防技防规范。,常年本地稳定居住，工作日职住通勤动线规则单一。
上_2008_01713,上海,2008,金融精英,37,男,7.6,78.9,0.4,148.0,4,0,否,A,research,0.76,0.47,0.7,0.47,0.92,0.77,0.84,0.76,0.79,自住-改善,一室一厅,61,20940,申银万国证券分析员,成熟期核心家庭,西湖边高精平层,无高端私密会所及管家式物业配套，圈层鱼龙混杂，高净值居住体验差。,讲究超高得房率（超85%），主卧套房必须配备独立步入式衣帽间与干湿分离双卫。,主要在陆家嘴/徐家汇CBD上班，首选地铁2/9号线沿线，通勤半小时内。,周末常去高端商圈消费，热衷打网球和马术，重度手冲咖啡及黑胶唱片发烧友。,名下已有企业股权套现或分红现金，一次性全款付清，基本不加杠杆,非仁恒、绿城、万科等金牌开发商不买，极度看重高端精装质量与顶级物业的增值口碑。,常年本地稳定居住，工作日职住通勤动线规则单一。
上_2008_01714,上海,2008,金融精英,48,女,5.6,34.8,0.4,65.3,3,0,否,A,research,0.5,0.5,0.82,0.55,0.74,0.66,0.77,0.87,0.74,自住-首套,两室一厅,81,4281,商业银行支行信贷科长,成熟期核心家庭,西湖边高精平层,无高端私密会所及管家式物业配套，圈层鱼龙混杂，高净值居住体验差。,要求有超大面宽南向双阳台（观景家政分离），主卧大飘窗能270度直面自然景观。,主要在陆家嘴/徐家汇CBD上班，首选地铁2/9号线沿线，通勤半小时内。,周末常去高端商圈消费，热衷打网球和马术，重度手冲咖啡及黑胶唱片发烧友。,夫妻双方积蓄 + 双方父母出资赞助首付 + 公积金商业组合贷款,非仁恒、绿城、万科等金牌开发商不买，极度看重高端精装质量与顶级物业的增值口碑。,常年本地稳定居住，工作日职住通勤动线规则单一。
上_2008_01715,上海,2008,本地改善,47,男,1.2,13.9,0.45,23.2,4,2,否,B,agent,0.64,0.59,0.55,0.32,0.59,0.88,0.52,0.66,0.58,自住-改善,两室两厅,80,2486,邮政局局长秘书,二胎黄金期中大户型,上海中环品质两居，车位及空间极其拥挤,小区无地下车库且人车不分流，小孩在楼下玩耍或者推婴儿车极为不安全。,讲究超高得房率（超85%），主卧套房必须配备独立步入式衣帽间与干湿分离双卫。,主要在陆家嘴/徐家汇CBD上班，首选地铁2/9号线沿线，通勤半小时内。,倡导轻户外，周末常带家人自驾野营或山系徒步，注重生活情调与手作咖啡。,名下持有一套旧两居，置换回款 65% + 个人理财储蓄补充 + 公积金商业贷,重性价比，不盲信大牌，但要求物业管理有序、绿化修剪及时、人防技防规范。,常年本地稳定居住，工作日职住通勤动线规则单一。
上_2008_01716,上海,2008,金融精英,44,男,4.4,43.2,0.4,81.1,2,1,否,A,research,0.99,0.54,0.61,0.59,0.82,0.84,0.75,0.72,0.73,自住-改善,两室两厅,78,6102,老牌证券公司营业部经理,三口之家(学龄段),市中心私密洋房住宅,无高端私密会所及管家式物业配套，圈层鱼龙混杂，高净值居住体验差。,讲究超高得房率（超85%），主卧套房必须配备独立步入式衣帽间与干湿分离双卫。,主要在陆家嘴/徐家汇CBD上班，首选地铁2/9号线沿线，通勤半小时内。,周末常去高端商圈消费，热衷打网球和马术，重度手冲咖啡及黑胶唱片发烧友。,名下已有企业股权套现或分红现金，一次性全款付清，基本不加杠杆,非仁恒、绿城、万科等金牌开发商不买，极度看重高端精装质量与顶级物业的增值口碑。,常年本地稳定居住，工作日职住通勤动线规则单一。
上_2008_01717,上海,2008,教育型买房,34,男,3.6,23.8,0.4,44.7,2,0,否,B,social,0.86,0.47,0.38,0.33,0.52,0.67,0.59,1,0.51,学区房,两室一厅,73,5062,邮政局局长秘书,新婚过渡两居,上海中环品质两居，车位及空间极其拥挤,老小区隔音差，邻里滋扰严重，且车位严重匮乏，每晚加班回来抢车位像打仗。,核心要求地块属于第一梯队名校学区，且周边500米内解决幼小衔接教育配套。,主要在陆家嘴/徐家汇CBD上班，首选地铁2/9号线沿线，通勤半小时内。,倡导轻户外，周末常带家人自驾野营或山系徒步，注重生活情调与手作咖啡。,名下持有一套旧两居，置换回款 65% + 个人理财储蓄补充 + 公积金商业贷,重性价比，不盲信大牌，但要求物业管理有序、绿化修剪及时、人防技防规范。,常年本地稳定居住，工作日职住通勤动线规则单一。
上_2008_01718,上海,2008,教育型买房,32,女,2.4,15.5,0.4,29.1,4,1,否,B,social,0.77,0.6,0.44,0.48,0.46,0.56,0.57,1,0.53,学区房,两室两厅,95,2702,区财政局科员,三口之家(幼龄段),上海中环品质两居，车位及空间极其拥挤,小区无地下车库且人车不分流，小孩在楼下玩耍或者推婴儿车极为不安全。,核心要求地块属于第一梯队名校学区，且周边500米内解决幼小衔接教育配套。,主要在陆家嘴/徐家汇CBD上班，首选地铁2/9号线沿线，通勤半小时内。,倡导轻户外，周末常带家人自驾野营或山系徒步，注重生活情调与手作咖啡。,名下持有一套旧两居，置换回款 65% + 个人理财储蓄补充 + 公积金商业贷,重性价比，不盲信大牌，但要求物业管理有序、绿化修剪及时、人防技防规范。,常年本地稳定居住，工作日职住通勤动线规则单一。
上_2008_01719,上海,2008,本地改善,51,男,2.4,17.6,0.45,29.4,4,3,是,B,agent,0.83,0.49,0.48,0.66,0.63,0.81,0.62,0.68,0.65,自住-改善,两室一厅,67,2856,邮政局局长秘书,二胎黄金期中大户型,上海中环品质两居，车位及空间极其拥挤,小区无地下车库且人车不分流，小孩在楼下玩耍或者推婴儿车极为不安全。,讲究超高得房率（超85%），主卧套房必须配备独立步入式衣帽间与干湿分离双卫。,主要在陆家嘴/徐家汇CBD上班，首选地铁2/9号线沿线，通勤半小时内。,倡导轻户外，周末常带家人自驾野营或山系徒步，注重生活情调与手作咖啡。,名下持有一套旧两居，置换回款 65% + 个人理财储蓄补充 + 公积金商业贷,重性价比，不盲信大牌，但要求物业管理有序、绿化修剪及时、人防技防规范。,常年本地稳定居住，工作日职住通勤动线规则单一。
上_2008_01720,上海,2008,本地改善,38,女,1.4,12.7,0.45,21.1,5,2,否,B,agent,0.68,0.56,0.55,0.53,0.5,0.94,0.72,0.71,0.58,自住-改善,两室两厅,83,1943,邮政局局长秘书,二胎黄金期中大户型,上海中环品质两居，车位及空间极其拥挤,小区无地下车库且人车不分流，小孩在楼下玩耍或者推婴儿车极为不安全。,讲究超高得房率（超85%），主卧套房必须配备独立步入式衣帽间与干湿分离双卫。,主要在陆家嘴/徐家汇CBD上班，首选地铁2/9号线沿线，通勤半小时内。,倡导轻户外，周末常带家人自驾野营或山系徒步，注重生活情调与手作咖啡。,名下持有一套旧两居，置换回款 65% + 个人理财储蓄补充 + 公积金商业贷,重性价比，不盲信大牌，但要求物业管理有序、绿化修剪及时、人防技防规范。,常年本地稳定居住，工作日职住通勤动线规则单一。
上_2008_01721,上海,2008,教育型买房,38,男,4.3,39.4,0.4,73.9,2,1,是,B,social,0.51,0.54,0.4,0.37,0.62,0.57,0.59,0.96,0.54,学区房,一室一厅,67,5582,国企车间技术主任,三口之家(学龄段),上海中环品质两居，车位及空间极其拥挤,小区无地下车库且人车不分流，小孩在楼下玩耍或者推婴儿车极为不安全。,核心要求地块属于第一梯队名校学区，且周边500米内解决幼小衔接教育配套。,主要在陆家嘴/徐家汇CBD上班，首选地铁2/9号线沿线，通勤半小时内。,倡导轻户外，周末常带家人自驾野营或山系徒步，注重生活情调与手作咖啡。,名下持有一套旧两居，置换回款 65% + 个人理财储蓄补充 + 公积金商业贷,重性价比，不盲信大牌，但要求物业管理有序、绿化修剪及时、人防技防规范。,常年本地稳定居住，工作日职住通勤动线规则单一。
上_2008_01722,上海,2008,长三角家庭,37,男,2.5,13.7,0.45,22.8,5,2,是,B,agent,0.85,0.65,0.6,0.43,0.55,0.85,0.33,0.54,0.61,自住-改善,两室一厅,75,2122,市第二中学地理教师,二胎黄金期中大户型,上海中环品质两居，车位及空间极其拥挤,小区无地下车库且人车不分流，小孩在楼下玩耍或者推婴儿车极为不安全。,讲究超高得房率（超85%），主卧套房必须配备独立步入式衣帽间与干湿分离双卫。,主要在陆家嘴/徐家汇CBD上班，首选地铁2/9号线沿线，通勤半小时内。,倡导轻户外，周末常带家人自驾野营或山系徒步，注重生活情调与手作咖啡。,名下持有一套旧两居，置换回款 65% + 个人理财储蓄补充 + 公积金商业贷,重性价比，不盲信大牌，但要求物业管理有序、绿化修剪及时、人防技防规范。,常年本地稳定居住，工作日职住通勤动线规则单一。
上_2008_01723,上海,2008,教育型买房,42,女,1.5,14.0,0.4,26.3,4,0,是,B,social,1,0.42,0.38,0.38,0.56,0.74,0.56,0.9,0.68,学区房,两室两厅,66,3105,市第二中学地理教师,成熟期核心家庭,上海中环品质两居，车位及空间极其拥挤,当前房屋属于旧多层无电梯房，父母年纪渐高每天爬楼梯极为吃力。,讲究超高得房率（超85%），主卧套房必须配备独立步入式衣帽间与干湿分离双卫。,主要在陆家嘴/徐家汇CBD上班，首选地铁2/9号线沿线，通勤半小时内。,倡导轻户外，周末常带家人自驾野营或山系徒步，注重生活情调与手作咖啡。,名下持有一套旧两居，置换回款 65% + 个人理财储蓄补充 + 公积金商业贷,重性价比，不盲信大牌，但要求物业管理有序、绿化修剪及时、人防技防规范。,常年本地稳定居住，工作日职住通勤动线规则单一。
上_2008_01724,上海,2008,外籍海归,37,男,5.4,30.8,0.4,57.7,2,1,否,A,social,0.67,0.44,0.57,0.51,0.79,0.72,0.71,0.75,0.75,自住-首套,两室一厅,71,6833,外企驻沪办事处代表,三口之家(幼龄段),陆家嘴核心区江景大平层,无高端私密会所及管家式物业配套，圈层鱼龙混杂，高净值居住体验差。,讲究超高得房率（超85%），主卧套房必须配备独立步入式衣帽间与干湿分离双卫。,主要在陆家嘴/徐家汇CBD上班，首选地铁2/9号线沿线，通勤半小时内。,周末常去高端商圈消费，热衷打网球和马术，重度手冲咖啡及黑胶唱片发烧友。,夫妻双方积蓄 + 双方父母出资赞助首付 + 公积金商业组合贷款,非仁恒、绿城、万科等金牌开发商不买，极度看重高端精装质量与顶级物业的增值口碑。,常年本地稳定居住，工作日职住通勤动线规则单一。
上_2008_01725,上海,2008,教育型买房,42,女,3.5,35.0,0.4,65.6,3,0,否,B,social,1,0.45,0.48,0.38,0.59,0.69,0.56,1,0.7,学区房,两室两厅,84,4177,区财政局科员,成熟期核心家庭,上海中环品质两居，车位及空间极其拥挤,老小区隔音差，邻里滋扰严重，且车位严重匮乏，每晚加班回来抢车位像打仗。,核心要求地块属于第一梯队名校学区，且周边500米内解决幼小衔接教育配套。,主要在陆家嘴/徐家汇CBD上班，首选地铁2/9号线沿线，通勤半小时内。,倡导轻户外，周末常带家人自驾野营或山系徒步，注重生活情调与手作咖啡。,名下持有一套旧两居，置换回款 65% + 个人理财储蓄补充 + 公积金商业贷,重性价比，不盲信大牌，但要求物业管理有序、绿化修剪及时、人防技防规范。,常年本地稳定居住，工作日职住通勤动线规则单一。
上_2008_01726,上海,2008,金融精英,38,女,4.0,31.0,0.4,58.2,4,0,是,A,research,0.64,0.53,0.77,0.59,0.69,0.69,0.74,0.79,0.82,自住-首套,两室两厅,50,8652,商业银行支行信贷科长,成熟期核心家庭,陆家嘴核心区江景大平层,当前房屋属于旧多层无电梯房，父母年纪渐高每天爬楼梯极为吃力。,要求有超大面宽南向双阳台（观景家政分离），主卧大飘窗能270度直面自然景观。,主要在陆家嘴/徐家汇CBD上班，首选地铁2/9号线沿线，通勤半小时内。,周末常去高端商圈消费，热衷打网球和马术，重度手冲咖啡及黑胶唱片发烧友。,夫妻双方积蓄 + 双方父母出资赞助首付 + 公积金商业组合贷款,非仁恒、绿城、万科等金牌开发商不买，极度看重高端精装质量与顶级物业的增值口碑。,常年本地稳定居住，工作日职住通勤动线规则单一。
上_2008_01727,上海,2008,长三角家庭,48,男,3.3,17.7,0.45,29.5,4,1,是,B,agent,0.73,0.67,0.52,0.57,0.35,0.76,0.47,0.69,0.58,自住-首套,两室两厅,100,2138,区财政局科员,三口之家(学龄段),上海中环品质两居，车位及空间极其拥挤,小区无地下车库且人车不分流，小孩在楼下玩耍或者推婴儿车极为不安全。,讲究超高得房率（超85%），主卧套房必须配备独立步入式衣帽间与干湿分离双卫。,主要在陆家嘴/徐家汇CBD上班，首选地铁2/9号线沿线，通勤半小时内。,倡导轻户外，周末常带家人自驾野营或山系徒步，注重生活情调与手作咖啡。,夫妻双方积蓄 + 双方父母出资赞助首付 + 公积金商业组合贷款,重性价比，不盲信大牌，但要求物业管理有序、绿化修剪及时、人防技防规范。,常年本地稳定居住，工作日职住通勤动线规则单一。
上_2008_01728,上海,2008,教育型买房,37,女,3.1,29.4,0.4,55.1,3,0,否,B,social,0.93,0.53,0.52,0.34,0.7,0.73,0.55,0.94,0.59,学区房,一室一厅,89,4465,市第二中学地理教师,成熟期核心家庭,上海中环品质两居，车位及空间极其拥挤,老小区隔音差，邻里滋扰严重，且车位严重匮乏，每晚加班回来抢车位像打仗。,讲究超高得房率（超85%），主卧套房必须配备独立步入式衣帽间与干湿分离双卫。,主要在陆家嘴/徐家汇CBD上班，首选地铁2/9号线沿线，通勤半小时内。,倡导轻户外，周末常带家人自驾野营或山系徒步，注重生活情调与手作咖啡。,名下持有一套旧两居，置换回款 65% + 个人理财储蓄补充 + 公积金商业贷,重性价比，不盲信大牌，但要求物业管理有序、绿化修剪及时、人防技防规范。,常年本地稳定居住，工作日职住通勤动线规则单一。
上_2008_01729,上海,2008,本地改善,46,女,1.6,18.8,0.45,31.3,4,2,否,B,agent,0.54,0.52,0.72,0.47,0.52,0.8,0.47,0.78,0.55,自住-改善,两室两厅,77,2797,国企车间技术主任,二胎黄金期中大户型,上海中环品质两居，车位及空间极其拥挤,小区无地下车库且人车不分流，小孩在楼下玩耍或者推婴儿车极为不安全。,要求有超大面宽南向双阳台（观景家政分离），主卧大飘窗能270度直面自然景观。,主要在陆家嘴/徐家汇CBD上班，首选地铁2/9号线沿线，通勤半小时内。,倡导轻户外，周末常带家人自驾野营或山系徒步，注重生活情调与手作咖啡。,名下持有一套旧两居，置换回款 65% + 个人理财储蓄补充 + 公积金商业贷,重性价比，不盲信大牌，但要求物业管理有序、绿化修剪及时、人防技防规范。,常年本地稳定居住，工作日职住通勤动线规则单一。
上_2008_01730,上海,2008,教育型买房,45,男,3.6,29.2,0.4,54.8,4,1,否,B,social,0.76,0.59,0.35,0.28,0.6,0.61,0.52,0.96,0.61,学区房,两室一厅,86,4770,区财政局科员,三口之家(学龄段),上海中环品质两居，车位及空间极其拥挤,小区无地下车库且人车不分流，小孩在楼下玩耍或者推婴儿车极为不安全。,核心要求地块属于第一梯队名校学区，且周边500米内解决幼小衔接教育配套。,主要在陆家嘴/徐家汇CBD上班，首选地铁2/9号线沿线，通勤半小时内。,倡导轻户外，周末常带家人自驾野营或山系徒步，注重生活情调与手作咖啡。,名下持有一套旧两居，置换回款 65% + 个人理财储蓄补充 + 公积金商业贷,重性价比，不盲信大牌，但要求物业管理有序、绿化修剪及时、人防技防规范。,常年本地稳定居住，工作日职住通勤动线规则单一。
上_2008_01731,上海,2008,本地改善,51,女,1.7,17.0,0.45,28.3,3,1,否,B,agent,0.46,0.56,0.56,0.56,0.5,0.96,0.61,0.59,0.5,自住-改善,两室一厅,68,2447,区财政局科员,三口之家(学龄段),上海中环品质两居，车位及空间极其拥挤,小区无地下车库且人车不分流，小孩在楼下玩耍或者推婴儿车极为不安全。,讲究超高得房率（超85%），主卧套房必须配备独立步入式衣帽间与干湿分离双卫。,主要在陆家嘴/徐家汇CBD上班，首选地铁2/9号线沿线，通勤半小时内。,倡导轻户外，周末常带家人自驾野营或山系徒步，注重生活情调与手作咖啡。,名下持有一套旧两居，置换回款 65% + 个人理财储蓄补充 + 公积金商业贷,重性价比，不盲信大牌，但要求物业管理有序、绿化修剪及时、人防技防规范。,常年本地稳定居住，工作日职住通勤动线规则单一。
上_2008_01732,上海,2008,本地改善,53,男,1.1,10.5,0.45,17.4,4,2,是,B,agent,0.77,0.52,0.59,0.56,0.55,0.81,0.57,0.67,0.64,自住-改善,一室一厅,75,1952,市第二中学地理教师,二胎黄金期中大户型,上海中环品质两居，车位及空间极其拥挤,小区无地下车库且人车不分流，小孩在楼下玩耍或者推婴儿车极为不安全。,讲究超高得房率（超85%），主卧套房必须配备独立步入式衣帽间与干湿分离双卫。,主要在陆家嘴/徐家汇CBD上班，首选地铁2/9号线沿线，通勤半小时内。,倡导轻户外，周末常带家人自驾野营或山系徒步，注重生活情调与手作咖啡。,名下持有一套旧两居，置换回款 65% + 个人理财储蓄补充 + 公积金商业贷,重性价比，不盲信大牌，但要求物业管理有序、绿化修剪及时、人防技防规范。,常年本地稳定居住，工作日职住通勤动线规则单一。
上_2008_01733,上海,2008,本地改善,53,女,3.3,42.6,0.45,71.0,4,2,是,B,agent,0.73,0.47,0.59,0.41,0.51,0.8,0.54,0.62,0.47,自住-改善,两室两厅,77,5774,邮政局局长秘书,二胎黄金期中大户型,上海中环品质两居，车位及空间极其拥挤,小区无地下车库且人车不分流，小孩在楼下玩耍或者推婴儿车极为不安全。,讲究超高得房率（超85%），主卧套房必须配备独立步入式衣帽间与干湿分离双卫。,主要在陆家嘴/徐家汇CBD上班，首选地铁2/9号线沿线，通勤半小时内。,倡导轻户外，周末常带家人自驾野营或山系徒步，注重生活情调与手作咖啡。,名下持有一套旧两居，置换回款 65% + 个人理财储蓄补充 + 公积金商业贷,重性价比，不盲信大牌，但要求物业管理有序、绿化修剪及时、人防技防规范。,常年本地稳定居住，工作日职住通勤动线规则单一。
上_2008_01734,上海,2008,金融精英,41,女,4.6,32.8,0.4,61.6,3,1,否,A,research,0.91,0.5,0.7,0.72,0.69,0.6,0.61,0.88,0.88,自住-改善,两室两厅,74,6599,老牌证券公司营业部经理,三口之家(学龄段),西湖边高精平层,无高端私密会所及管家式物业配套，圈层鱼龙混杂，高净值居住体验差。,要求独立电梯入户，主次卧动线分明，配备独立保姆房和私密后院。,主要在陆家嘴/徐家汇CBD上班，首选地铁2/9号线沿线，通勤半小时内。,周末常去高端商圈消费，热衷打网球和马术，重度手冲咖啡及黑胶唱片发烧友。,名下已有企业股权套现或分红现金，一次性全款付清，基本不加杠杆,非仁恒、绿城、万科等金牌开发商不买，极度看重高端精装质量与顶级物业的增值口碑。,常年本地稳定居住，工作日职住通勤动线规则单一。
上_2008_01735,上海,2008,教育型买房,40,男,3.0,30.1,0.4,56.5,2,1,否,B,social,1,0.42,0.36,0.39,0.7,0.76,0.53,0.88,0.6,学区房,两室两厅,87,4291,市第二中学地理教师,三口之家(学龄段),上海中环品质两居，车位及空间极其拥挤,小区无地下车库且人车不分流，小孩在楼下玩耍或者推婴儿车极为不安全。,讲究超高得房率（超85%），主卧套房必须配备独立步入式衣帽间与干湿分离双卫。,主要在陆家嘴/徐家汇CBD上班，首选地铁2/9号线沿线，通勤半小时内。,倡导轻户外，周末常带家人自驾野营或山系徒步，注重生活情调与手作咖啡。,名下持有一套旧两居，置换回款 65% + 个人理财储蓄补充 + 公积金商业贷,重性价比，不盲信大牌，但要求物业管理有序、绿化修剪及时、人防技防规范。,常年本地稳定居住，工作日职住通勤动线规则单一。
上_2008_01736,上海,2008,本地改善,44,男,2.6,20.4,0.45,34.1,4,2,是,B,agent,0.9,0.49,0.51,0.29,0.61,0.88,0.57,0.72,0.54,自住-改善,两室一厅,90,1906,区财政局科员,二胎黄金期中大户型,上海中环品质两居，车位及空间极其拥挤,小区无地下车库且人车不分流，小孩在楼下玩耍或者推婴儿车极为不安全。,讲究超高得房率（超85%），主卧套房必须配备独立步入式衣帽间与干湿分离双卫。,主要在陆家嘴/徐家汇CBD上班，首选地铁2/9号线沿线，通勤半小时内。,倡导轻户外，周末常带家人自驾野营或山系徒步，注重生活情调与手作咖啡。,名下持有一套旧两居，置换回款 65% + 个人理财储蓄补充 + 公积金商业贷,重性价比，不盲信大牌，但要求物业管理有序、绿化修剪及时、人防技防规范。,常年本地稳定居住，工作日职住通勤动线规则单一。
上_2008_01737,上海,2008,本地改善,38,女,1.8,20.3,0.45,33.8,3,2,否,B,agent,0.75,0.57,0.65,0.68,0.5,0.72,0.56,0.71,0.51,自住-改善,两室一厅,72,3414,市第二中学地理教师,二胎黄金期中大户型,上海中环品质两居，车位及空间极其拥挤,小区无地下车库且人车不分流，小孩在楼下玩耍或者推婴儿车极为不安全。,讲究超高得房率（超85%），主卧套房必须配备独立步入式衣帽间与干湿分离双卫。,主要在陆家嘴/徐家汇CBD上班，首选地铁2/9号线沿线，通勤半小时内。,倡导轻户外，周末常带家人自驾野营或山系徒步，注重生活情调与手作咖啡。,名下持有一套旧两居，置换回款 65% + 个人理财储蓄补充 + 公积金商业贷,重性价比，不盲信大牌，但要求物业管理有序、绿化修剪及时、人防技防规范。,常年本地稳定居住，工作日职住通勤动线规则单一。
上_2008_01738,上海,2008,教育型买房,41,女,2.7,23.2,0.4,43.5,3,0,否,B,social,0.7,0.73,0.37,0.43,0.61,0.74,0.42,1,0.64,学区房,两室一厅,91,3428,市第二中学地理教师,成熟期核心家庭,上海中环品质两居，车位及空间极其拥挤,老小区隔音差，邻里滋扰严重，且车位严重匮乏，每晚加班回来抢车位像打仗。,讲究超高得房率（超85%），主卧套房必须配备独立步入式衣帽间与干湿分离双卫。,主要在陆家嘴/徐家汇CBD上班，首选地铁2/9号线沿线，通勤半小时内。,倡导轻户外，周末常带家人自驾野营或山系徒步，注重生活情调与手作咖啡。,名下持有一套旧两居，置换回款 65% + 个人理财储蓄补充 + 公积金商业贷,重性价比，不盲信大牌，但要求物业管理有序、绿化修剪及时、人防技防规范。,常年本地稳定居住，工作日职住通勤动线规则单一。
上_2008_01739,上海,2008,本地改善,46,男,2.8,21.7,0.45,36.1,5,2,否,B,agent,0.74,0.45,0.45,0.41,0.55,0.91,0.75,0.68,0.64,自住-改善,两室两厅,64,4557,区财政局科员,二胎黄金期中大户型,上海中环品质两居，车位及空间极其拥挤,小区无地下车库且人车不分流，小孩在楼下玩耍或者推婴儿车极为不安全。,讲究超高得房率（超85%），主卧套房必须配备独立步入式衣帽间与干湿分离双卫。,主要在陆家嘴/徐家汇CBD上班，首选地铁2/9号线沿线，通勤半小时内。,倡导轻户外，周末常带家人自驾野营或山系徒步，注重生活情调与手作咖啡。,名下持有一套旧两居，置换回款 65% + 个人理财储蓄补充 + 公积金商业贷,重性价比，不盲信大牌，但要求物业管理有序、绿化修剪及时、人防技防规范。,常年本地稳定居住，工作日职住通勤动线规则单一。
上_2008_01740,上海,2008,本地改善,41,女,1.7,14.5,0.45,24.1,4,2,是,B,agent,0.67,0.5,0.71,0.56,0.63,0.84,0.66,0.64,0.6,自住-改善,两室两厅,85,2382,区财政局科员,二胎黄金期中大户型,上海中环品质两居，车位及空间极其拥挤,小区无地下车库且人车不分流，小孩在楼下玩耍或者推婴儿车极为不安全。,要求有超大面宽南向双阳台（观景家政分离），主卧大飘窗能270度直面自然景观。,主要在陆家嘴/徐家汇CBD上班，首选地铁2/9号线沿线，通勤半小时内。,倡导轻户外，周末常带家人自驾野营或山系徒步，注重生活情调与手作咖啡。,名下持有一套旧两居，置换回款 65% + 个人理财储蓄补充 + 公积金商业贷,重性价比，不盲信大牌，但要求物业管理有序、绿化修剪及时、人防技防规范。,常年本地稳定居住，工作日职住通勤动线规则单一。
上_2008_01741,上海,2008,本地改善,49,男,1.4,18.1,0.45,30.1,5,2,是,B,agent,0.77,0.56,0.51,0.43,0.55,0.93,0.74,0.75,0.61,自住-改善,一室一厅,72,3693,区财政局科员,二胎黄金期中大户型,上海中环品质两居，车位及空间极其拥挤,小区无地下车库且人车不分流，小孩在楼下玩耍或者推婴儿车极为不安全。,讲究超高得房率（超85%），主卧套房必须配备独立步入式衣帽间与干湿分离双卫。,主要在陆家嘴/徐家汇CBD上班，首选地铁2/9号线沿线，通勤半小时内。,倡导轻户外，周末常带家人自驾野营或山系徒步，注重生活情调与手作咖啡。,名下持有一套旧两居，置换回款 65% + 个人理财储蓄补充 + 公积金商业贷,重性价比，不盲信大牌，但要求物业管理有序、绿化修剪及时、人防技防规范。,常年本地稳定居住，工作日职住通勤动线规则单一。
上_2008_01742,上海,2008,本地改善,56,男,1.3,13.0,0.45,21.7,3,2,否,B,agent,0.6,0.59,0.56,0.48,0.61,0.81,0.76,0.73,0.71,自住-改善,两室两厅,98,1546,邮政局局长秘书,二胎黄金期中大户型,上海中环品质两居，车位及空间极其拥挤,小区无地下车库且人车不分流，小孩在楼下玩耍或者推婴儿车极为不安全。,讲究超高得房率（超85%），主卧套房必须配备独立步入式衣帽间与干湿分离双卫。,主要在陆家嘴/徐家汇CBD上班，首选地铁2/9号线沿线，通勤半小时内。,倡导轻户外，周末常带家人自驾野营或山系徒步，注重生活情调与手作咖啡。,名下持有一套旧两居，置换回款 65% + 个人理财储蓄补充 + 公积金商业贷,非仁恒、绿城、万科等金牌开发商不买，极度看重高端精装质量与顶级物业的增值口碑。,常年本地稳定居住，工作日职住通勤动线规则单一。
上_2008_01743,上海,2008,金融精英,37,男,6.0,53.9,0.4,101.0,3,1,否,A,research,1,0.37,0.59,0.48,0.72,0.65,0.71,0.82,0.86,自住-改善,两室一厅,73,8962,老牌证券公司营业部经理,三口之家(幼龄段),市中心私密洋房住宅,无高端私密会所及管家式物业配套，圈层鱼龙混杂，高净值居住体验差。,核心要求地块属于第一梯队名校学区，且周边500米内解决幼小衔接教育配套。,主要在陆家嘴/徐家汇CBD上班，首选地铁2/9号线沿线，通勤半小时内。,周末常去高端商圈消费，热衷打网球和马术，重度手冲咖啡及黑胶唱片发烧友。,名下已有企业股权套现或分红现金，一次性全款付清，基本不加杠杆,非仁恒、绿城、万科等金牌开发商不买，极度看重高端精装质量与顶级物业的增值口碑。,常年本地稳定居住，工作日职住通勤动线规则单一。
上_2008_01744,上海,2008,本地改善,47,女,1.8,20.2,0.45,33.6,4,2,否,B,agent,0.71,0.55,0.51,0.54,0.58,0.85,0.64,0.82,0.63,自住-改善,一室一厅,63,3814,区财政局科员,二胎黄金期中大户型,上海中环品质两居，车位及空间极其拥挤,小区无地下车库且人车不分流，小孩在楼下玩耍或者推婴儿车极为不安全。,讲究超高得房率（超85%），主卧套房必须配备独立步入式衣帽间与干湿分离双卫。,主要在陆家嘴/徐家汇CBD上班，首选地铁2/9号线沿线，通勤半小时内。,倡导轻户外，周末常带家人自驾野营或山系徒步，注重生活情调与手作咖啡。,名下持有一套旧两居，置换回款 65% + 个人理财储蓄补充 + 公积金商业贷,重性价比，不盲信大牌，但要求物业管理有序、绿化修剪及时、人防技防规范。,常年本地稳定居住，工作日职住通勤动线规则单一。
上_2008_01745,上海,2008,外籍海归,41,女,2.1,14.3,0.4,26.8,2,1,否,A,social,0.69,0.49,0.62,0.55,0.85,0.7,0.65,0.97,0.64,自住-首套,一室一厅,79,2491,外企驻沪办事处代表,三口之家(学龄段),市中心私密洋房住宅,无高端私密会所及管家式物业配套，圈层鱼龙混杂，高净值居住体验差。,讲究超高得房率（超85%），主卧套房必须配备独立步入式衣帽间与干湿分离双卫。,主要在陆家嘴/徐家汇CBD上班，首选地铁2/9号线沿线，通勤半小时内。,周末常去高端商圈消费，热衷打网球和马术，重度手冲咖啡及黑胶唱片发烧友。,夫妻双方积蓄 + 双方父母出资赞助首付 + 公积金商业组合贷款,重性价比，不盲信大牌，但要求物业管理有序、绿化修剪及时、人防技防规范。,常年本地稳定居住，工作日职住通勤动线规则单一。
上_2008_01746,上海,2008,本地改善,40,女,2.5,22.0,0.45,36.6,4,2,是,B,agent,0.86,0.5,0.41,0.51,0.59,0.91,0.67,0.66,0.68,自住-改善,一室一厅,84,2408,邮政局局长秘书,二胎黄金期中大户型,上海中环品质两居，车位及空间极其拥挤,小区无地下车库且人车不分流，小孩在楼下玩耍或者推婴儿车极为不安全。,讲究超高得房率（超85%），主卧套房必须配备独立步入式衣帽间与干湿分离双卫。,主要在陆家嘴/徐家汇CBD上班，首选地铁2/9号线沿线，通勤半小时内。,倡导轻户外，周末常带家人自驾野营或山系徒步，注重生活情调与手作咖啡。,名下持有一套旧两居，置换回款 65% + 个人理财储蓄补充 + 公积金商业贷,重性价比，不盲信大牌，但要求物业管理有序、绿化修剪及时、人防技防规范。,常年本地稳定居住，工作日职住通勤动线规则单一。
上_2008_01747,上海,2008,教育型买房,45,男,1.7,11.7,0.4,21.9,3,1,否,B,social,1,0.41,0.45,0.49,0.59,0.85,0.43,0.82,0.66,学区房,两室两厅,85,2051,区财政局科员,三口之家(学龄段),上海中环品质两居，车位及空间极其拥挤,小区无地下车库且人车不分流，小孩在楼下玩耍或者推婴儿车极为不安全。,讲究超高得房率（超85%），主卧套房必须配备独立步入式衣帽间与干湿分离双卫。,主要在陆家嘴/徐家汇CBD上班，首选地铁2/9号线沿线，通勤半小时内。,倡导轻户外，周末常带家人自驾野营或山系徒步，注重生活情调与手作咖啡。,名下持有一套旧两居，置换回款 65% + 个人理财储蓄补充 + 公积金商业贷,重性价比，不盲信大牌，但要求物业管理有序、绿化修剪及时、人防技防规范。,常年本地稳定居住，工作日职住通勤动线规则单一。
上_2008_01748,上海,2008,本地改善,39,男,2.6,25.6,0.45,42.6,4,2,否,B,agent,0.62,0.3,0.58,0.57,0.65,0.98,0.52,0.51,0.61,自住-改善,两室一厅,86,3856,区财政局科员,二胎黄金期中大户型,上海中环品质两居，车位及空间极其拥挤,小区无地下车库且人车不分流，小孩在楼下玩耍或者推婴儿车极为不安全。,讲究超高得房率（超85%），主卧套房必须配备独立步入式衣帽间与干湿分离双卫。,主要在陆家嘴/徐家汇CBD上班，首选地铁2/9号线沿线，通勤半小时内。,倡导轻户外，周末常带家人自驾野营或山系徒步，注重生活情调与手作咖啡。,名下持有一套旧两居，置换回款 65% + 个人理财储蓄补充 + 公积金商业贷,重性价比，不盲信大牌，但要求物业管理有序、绿化修剪及时、人防技防规范。,常年本地稳定居住，工作日职住通勤动线规则单一。
上_2008_01749,上海,2008,金融精英,49,女,4.8,35.1,0.4,65.7,3,1,否,A,research,0.63,0.48,0.72,0.52,0.71,0.74,0.67,0.71,0.82,自住-改善,两室一厅,100,5785,商业银行支行信贷科长,三口之家(学龄段),西湖边高精平层,无高端私密会所及管家式物业配套，圈层鱼龙混杂，高净值居住体验差。,要求有超大面宽南向双阳台（观景家政分离），主卧大飘窗能270度直面自然景观。,主要在陆家嘴/徐家汇CBD上班，首选地铁2/9号线沿线，通勤半小时内。,周末常去高端商圈消费，热衷打网球和马术，重度手冲咖啡及黑胶唱片发烧友。,名下已有企业股权套现或分红现金，一次性全款付清，基本不加杠杆,非仁恒、绿城、万科等金牌开发商不买，极度看重高端精装质量与顶级物业的增值口碑。,常年本地稳定居住，工作日职住通勤动线规则单一。
上_2008_01750,上海,2008,金融精英,36,女,8.8,76.9,0.4,144.1,4,1,否,A,research,0.85,0.43,0.61,0.72,0.68,0.7,0.6,0.88,0.78,自住-改善,两室一厅,100,10603,商业银行支行信贷科长,三口之家(幼龄段),陆家嘴核心区江景大平层,无高端私密会所及管家式物业配套，圈层鱼龙混杂，高净值居住体验差。,要求独立电梯入户，主次卧动线分明，配备独立保姆房和私密后院。,主要在陆家嘴/徐家汇CBD上班，首选地铁2/9号线沿线，通勤半小时内。,周末常去高端商圈消费，热衷打网球和马术，重度手冲咖啡及黑胶唱片发烧友。,名下已有企业股权套现或分红现金，一次性全款付清，基本不加杠杆,非仁恒、绿城、万科等金牌开发商不买，极度看重高端精装质量与顶级物业的增值口碑。,常年本地稳定居住，工作日职住通勤动线规则单一。
上_2008_01751,上海,2008,金融精英,41,男,3.8,36.4,0.4,68.2,3,2,否,A,research,0.83,0.36,0.64,0.67,0.9,0.87,0.83,0.87,0.76,自住-改善,两室一厅,58,9013,商业银行支行信贷科长,二胎黄金期中大户型,西湖边高精平层,无高端私密会所及管家式物业配套，圈层鱼龙混杂，高净值居住体验差。,讲究超高得房率（超85%），主卧套房必须配备独立步入式衣帽间与干湿分离双卫。,主要在陆家嘴/徐家汇CBD上班，首选地铁2/9号线沿线，通勤半小时内。,周末常去高端商圈消费，热衷打网球和马术，重度手冲咖啡及黑胶唱片发烧友。,名下已有企业股权套现或分红现金，一次性全款付清，基本不加杠杆,非仁恒、绿城、万科等金牌开发商不买，极度看重高端精装质量与顶级物业的增值口碑。,常年本地稳定居住，工作日职住通勤动线规则单一。
上_2008_01752,上海,2008,教育型买房,39,男,3.1,18.5,0.4,34.7,3,1,是,B,social,0.95,0.61,0.43,0.32,0.68,0.57,0.51,0.97,0.6,学区房,两室两厅,60,5051,邮政局局长秘书,三口之家(学龄段),上海中环品质两居，车位及空间极其拥挤,小区无地下车库且人车不分流，小孩在楼下玩耍或者推婴儿车极为不安全。,核心要求地块属于第一梯队名校学区，且周边500米内解决幼小衔接教育配套。,主要在陆家嘴/徐家汇CBD上班，首选地铁2/9号线沿线，通勤半小时内。,倡导轻户外，周末常带家人自驾野营或山系徒步，注重生活情调与手作咖啡。,名下持有一套旧两居，置换回款 65% + 个人理财储蓄补充 + 公积金商业贷,重性价比，不盲信大牌，但要求物业管理有序、绿化修剪及时、人防技防规范。,常年本地稳定居住，工作日职住通勤动线规则单一。
上_2008_01753,上海,2008,金融精英,41,女,5.6,41.9,0.4,78.6,3,1,否,A,research,0.55,0.51,0.66,0.52,0.69,0.85,0.61,0.87,0.85,自住-改善,两室两厅,71,6943,申银万国证券分析员,三口之家(学龄段),西湖边高精平层,无高端私密会所及管家式物业配套，圈层鱼龙混杂，高净值居住体验差。,讲究超高得房率（超85%），主卧套房必须配备独立步入式衣帽间与干湿分离双卫。,主要在陆家嘴/徐家汇CBD上班，首选地铁2/9号线沿线，通勤半小时内。,周末常去高端商圈消费，热衷打网球和马术，重度手冲咖啡及黑胶唱片发烧友。,名下已有企业股权套现或分红现金，一次性全款付清，基本不加杠杆,非仁恒、绿城、万科等金牌开发商不买，极度看重高端精装质量与顶级物业的增值口碑。,常年本地稳定居住，工作日职住通勤动线规则单一。
上_2008_01754,上海,2008,本地改善,52,女,2.5,28.2,0.45,46.9,5,2,否,B,agent,0.91,0.5,0.33,0.66,0.51,0.8,0.53,0.69,0.57,自住-改善,一室一厅,78,4225,国企车间技术主任,二胎黄金期中大户型,上海中环品质两居，车位及空间极其拥挤,小区无地下车库且人车不分流，小孩在楼下玩耍或者推婴儿车极为不安全。,讲究超高得房率（超85%），主卧套房必须配备独立步入式衣帽间与干湿分离双卫。,主要在陆家嘴/徐家汇CBD上班，首选地铁2/9号线沿线，通勤半小时内。,倡导轻户外，周末常带家人自驾野营或山系徒步，注重生活情调与手作咖啡。,名下持有一套旧两居，置换回款 65% + 个人理财储蓄补充 + 公积金商业贷,重性价比，不盲信大牌，但要求物业管理有序、绿化修剪及时、人防技防规范。,常年本地稳定居住，工作日职住通勤动线规则单一。
上_2008_01755,上海,2008,教育型买房,33,女,2.9,21.4,0.4,40.2,3,2,否,B,social,0.91,0.52,0.37,0.55,0.66,0.82,0.82,0.86,0.63,学区房,两室两厅,87,3915,邮政局局长秘书,二胎黄金期中大户型,上海中环品质两居，车位及空间极其拥挤,小区无地下车库且人车不分流，小孩在楼下玩耍或者推婴儿车极为不安全。,讲究超高得房率（超85%），主卧套房必须配备独立步入式衣帽间与干湿分离双卫。,主要在陆家嘴/徐家汇CBD上班，首选地铁2/9号线沿线，通勤半小时内。,倡导轻户外，周末常带家人自驾野营或山系徒步，注重生活情调与手作咖啡。,名下持有一套旧两居，置换回款 65% + 个人理财储蓄补充 + 公积金商业贷,重性价比，不盲信大牌，但要求物业管理有序、绿化修剪及时、人防技防规范。,常年本地稳定居住，工作日职住通勤动线规则单一。
上_2008_01756,上海,2008,教育型买房,35,男,3.1,18.2,0.4,34.1,2,1,是,B,social,0.99,0.33,0.34,0.37,0.59,0.7,0.48,1,0.6,学区房,两室一厅,57,5325,邮政局局长秘书,三口之家(幼龄段),上海中环品质两居，车位及空间极其拥挤,小区无地下车库且人车不分流，小孩在楼下玩耍或者推婴儿车极为不安全。,核心要求地块属于第一梯队名校学区，且周边500米内解决幼小衔接教育配套。,主要在陆家嘴/徐家汇CBD上班，首选地铁2/9号线沿线，通勤半小时内。,倡导轻户外，周末常带家人自驾野营或山系徒步，注重生活情调与手作咖啡。,名下持有一套旧两居，置换回款 65% + 个人理财储蓄补充 + 公积金商业贷,重性价比，不盲信大牌，但要求物业管理有序、绿化修剪及时、人防技防规范。,常年本地稳定居住，工作日职住通勤动线规则单一。
上_2008_01757,上海,2008,长三角家庭,37,男,4.0,36.5,0.45,60.9,3,1,是,B,agent,0.68,0.63,0.55,0.52,0.64,0.91,0.38,0.85,0.55,自住-改善,两室两厅,68,6975,国企车间技术主任,三口之家(幼龄段),上海中环品质两居，车位及空间极其拥挤,小区无地下车库且人车不分流，小孩在楼下玩耍或者推婴儿车极为不安全。,讲究超高得房率（超85%），主卧套房必须配备独立步入式衣帽间与干湿分离双卫。,主要在陆家嘴/徐家汇CBD上班，首选地铁2/9号线沿线，通勤半小时内。,倡导轻户外，周末常带家人自驾野营或山系徒步，注重生活情调与手作咖啡。,名下持有一套旧两居，置换回款 65% + 个人理财储蓄补充 + 公积金商业贷,重性价比，不盲信大牌，但要求物业管理有序、绿化修剪及时、人防技防规范。,常年本地稳定居住，工作日职住通勤动线规则单一。
上_2008_01758,上海,2008,教育型买房,47,女,4.5,37.1,0.4,69.6,3,1,否,B,social,0.54,0.31,0.49,0.4,0.55,0.72,0.5,1,0.6,学区房,两室两厅,62,9083,市第二中学地理教师,三口之家(学龄段),上海中环品质两居，车位及空间极其拥挤,小区无地下车库且人车不分流，小孩在楼下玩耍或者推婴儿车极为不安全。,讲究超高得房率（超85%），主卧套房必须配备独立步入式衣帽间与干湿分离双卫。,主要在陆家嘴/徐家汇CBD上班，首选地铁2/9号线沿线，通勤半小时内。,倡导轻户外，周末常带家人自驾野营或山系徒步，注重生活情调与手作咖啡。,名下持有一套旧两居，置换回款 65% + 个人理财储蓄补充 + 公积金商业贷,重性价比，不盲信大牌，但要求物业管理有序、绿化修剪及时、人防技防规范。,常年本地稳定居住，工作日职住通勤动线规则单一。
上_2008_01759,上海,2008,外籍海归,36,女,4.5,27.6,0.4,51.8,3,0,否,A,social,0.67,0.53,0.62,0.59,0.83,0.65,0.67,0.81,0.88,自住-首套,两室两厅,86,5023,合资日化企业技术主管,成熟期核心家庭,陆家嘴核心区江景大平层,无高端私密会所及管家式物业配套，圈层鱼龙混杂，高净值居住体验差。,核心要求地块属于第一梯队名校学区，且周边500米内解决幼小衔接教育配套。,主要在陆家嘴/徐家汇CBD上班，首选地铁2/9号线沿线，通勤半小时内。,周末常去高端商圈消费，热衷打网球和马术，重度手冲咖啡及黑胶唱片发烧友。,夫妻双方积蓄 + 双方父母出资赞助首付 + 公积金商业组合贷款,非仁恒、绿城、万科等金牌开发商不买，极度看重高端精装质量与顶级物业的增值口碑。,常年本地稳定居住，工作日职住通勤动线规则单一。
上_2008_01760,上海,2008,金融精英,34,男,2.9,18.9,0.4,35.5,3,0,否,A,research,0.83,0.47,0.83,0.51,0.86,0.72,0.76,0.79,0.85,自住-首套,两室两厅,77,3767,商业银行支行信贷科长,新婚过渡两居,陆家嘴核心区江景大平层,无高端私密会所及管家式物业配套，圈层鱼龙混杂，高净值居住体验差。,要求有超大面宽南向双阳台（观景家政分离），主卧大飘窗能270度直面自然景观。,主要在陆家嘴/徐家汇CBD上班，首选地铁2/9号线沿线，通勤半小时内。,周末常去高端商圈消费，热衷打网球和马术，重度手冲咖啡及黑胶唱片发烧友。,夫妻双方积蓄 + 双方父母出资赞助首付 + 公积金商业组合贷款,非仁恒、绿城、万科等金牌开发商不买，极度看重高端精装质量与顶级物业的增值口碑。,常年本地稳定居住，工作日职住通勤动线规则单一。
上_2008_01761,上海,2008,本地改善,56,男,1.5,14.9,0.45,24.8,4,1,是,B,agent,0.69,0.58,0.51,0.45,0.61,0.93,0.57,0.69,0.59,自住-改善,两室一厅,51,3258,国企车间技术主任,三口之家(学龄段),上海中环品质两居，车位及空间极其拥挤,小区无地下车库且人车不分流，小孩在楼下玩耍或者推婴儿车极为不安全。,讲究超高得房率（超85%），主卧套房必须配备独立步入式衣帽间与干湿分离双卫。,主要在陆家嘴/徐家汇CBD上班，首选地铁2/9号线沿线，通勤半小时内。,倡导轻户外，周末常带家人自驾野营或山系徒步，注重生活情调与手作咖啡。,名下持有一套旧两居，置换回款 65% + 个人理财储蓄补充 + 公积金商业贷,重性价比，不盲信大牌，但要求物业管理有序、绿化修剪及时、人防技防规范。,常年本地稳定居住，工作日职住通勤动线规则单一。
上_2008_01762,上海,2008,教育型买房,44,男,2.7,24.0,0.4,45.0,3,1,是,B,social,0.86,0.52,0.48,0.39,0.56,0.67,0.46,1,0.58,学区房,两室一厅,79,3799,区财政局科员,三口之家(学龄段),上海中环品质两居，车位及空间极其拥挤,小区无地下车库且人车不分流，小孩在楼下玩耍或者推婴儿车极为不安全。,核心要求地块属于第一梯队名校学区，且周边500米内解决幼小衔接教育配套。,主要在陆家嘴/徐家汇CBD上班，首选地铁2/9号线沿线，通勤半小时内。,倡导轻户外，周末常带家人自驾野营或山系徒步，注重生活情调与手作咖啡。,名下持有一套旧两居，置换回款 65% + 个人理财储蓄补充 + 公积金商业贷,重性价比，不盲信大牌，但要求物业管理有序、绿化修剪及时、人防技防规范。,常年本地稳定居住，工作日职住通勤动线规则单一。
上_2008_01763,上海,2008,金融精英,47,女,7.4,69.4,0.4,130.2,4,1,否,A,research,0.83,0.38,0.62,0.65,0.76,0.79,0.72,0.88,0.76,自住-首套,两室一厅,64,17631,商业银行支行信贷科长,三口之家(学龄段),陆家嘴核心区江景大平层,无高端私密会所及管家式物业配套，圈层鱼龙混杂，高净值居住体验差。,讲究超高得房率（超85%），主卧套房必须配备独立步入式衣帽间与干湿分离双卫。,主要在陆家嘴/徐家汇CBD上班，首选地铁2/9号线沿线，通勤半小时内。,周末常去高端商圈消费，热衷打网球和马术，重度手冲咖啡及黑胶唱片发烧友。,夫妻双方积蓄 + 双方父母出资赞助首付 + 公积金商业组合贷款,非仁恒、绿城、万科等金牌开发商不买，极度看重高端精装质量与顶级物业的增值口碑。,常年本地稳定居住，工作日职住通勤动线规则单一。
上_2008_01764,上海,2008,教育型买房,47,女,2.8,22.5,0.4,42.2,3,2,否,B,social,0.99,0.77,0.31,0.36,0.7,0.68,0.44,1,0.69,学区房,一室一厅,62,4506,邮政局局长秘书,二胎黄金期中大户型,上海中环品质两居，车位及空间极其拥挤,小区无地下车库且人车不分流，小孩在楼下玩耍或者推婴儿车极为不安全。,核心要求地块属于第一梯队名校学区，且周边500米内解决幼小衔接教育配套。,主要在陆家嘴/徐家汇CBD上班，首选地铁2/9号线沿线，通勤半小时内。,倡导轻户外，周末常带家人自驾野营或山系徒步，注重生活情调与手作咖啡。,名下持有一套旧两居，置换回款 65% + 个人理财储蓄补充 + 公积金商业贷,重性价比，不盲信大牌，但要求物业管理有序、绿化修剪及时、人防技防规范。,常年本地稳定居住，工作日职住通勤动线规则单一。
上_2008_01765,上海,2008,教育型买房,41,男,2.8,21.2,0.4,39.8,3,1,否,B,social,0.71,0.39,0.52,0.36,0.6,0.78,0.66,1,0.49,学区房,一室一厅,81,2991,国企车间技术主任,三口之家(学龄段),上海中环品质两居，车位及空间极其拥挤,小区无地下车库且人车不分流，小孩在楼下玩耍或者推婴儿车极为不安全。,讲究超高得房率（超85%），主卧套房必须配备独立步入式衣帽间与干湿分离双卫。,主要在陆家嘴/徐家汇CBD上班，首选地铁2/9号线沿线，通勤半小时内。,倡导轻户外，周末常带家人自驾野营或山系徒步，注重生活情调与手作咖啡。,名下持有一套旧两居，置换回款 65% + 个人理财储蓄补充 + 公积金商业贷,重性价比，不盲信大牌，但要求物业管理有序、绿化修剪及时、人防技防规范。,常年本地稳定居住，工作日职住通勤动线规则单一。
上_2008_01766,上海,2008,金融精英,44,男,3.0,28.6,0.4,53.5,1,2,否,A,research,0.53,0.41,0.69,0.77,0.8,0.81,0.61,0.9,0.79,自住-改善,两室两厅,74,6261,申银万国证券分析员,二胎黄金期中大户型,陆家嘴核心区江景大平层,无高端私密会所及管家式物业配套，圈层鱼龙混杂，高净值居住体验差。,要求独立电梯入户，主次卧动线分明，配备独立保姆房和私密后院。,主要在陆家嘴/徐家汇CBD上班，首选地铁2/9号线沿线，通勤半小时内。,周末常去高端商圈消费，热衷打网球和马术，重度手冲咖啡及黑胶唱片发烧友。,名下已有企业股权套现或分红现金，一次性全款付清，基本不加杠杆,非仁恒、绿城、万科等金牌开发商不买，极度看重高端精装质量与顶级物业的增值口碑。,常年本地稳定居住，工作日职住通勤动线规则单一。
上_2008_01767,上海,2008,外籍海归,32,男,5.3,26.6,0.4,49.9,3,2,否,A,social,1,0.63,0.62,0.56,0.68,0.71,0.67,0.83,0.76,婚房,一室一厅,82,4351,合资日化企业技术主管,二胎黄金期中大户型,陆家嘴核心区江景大平层,无高端私密会所及管家式物业配套，圈层鱼龙混杂，高净值居住体验差。,讲究超高得房率（超85%），主卧套房必须配备独立步入式衣帽间与干湿分离双卫。,主要在陆家嘴/徐家汇CBD上班，首选地铁2/9号线沿线，通勤半小时内。,周末常去高端商圈消费，热衷打网球和马术，重度手冲咖啡及黑胶唱片发烧友。,夫妻双方积蓄 + 双方父母出资赞助首付 + 公积金商业组合贷款,非仁恒、绿城、万科等金牌开发商不买，极度看重高端精装质量与顶级物业的增值口碑。,常年本地稳定居住，工作日职住通勤动线规则单一。
上_2008_01768,上海,2008,教育型买房,32,女,5.4,30.4,0.4,56.9,3,1,是,B,social,0.87,0.64,0.3,0.32,0.61,0.71,0.46,0.93,0.52,学区房,两室一厅,98,4831,区财政局科员,三口之家(幼龄段),上海中环品质两居，车位及空间极其拥挤,小区无地下车库且人车不分流，小孩在楼下玩耍或者推婴儿车极为不安全。,讲究超高得房率（超85%），主卧套房必须配备独立步入式衣帽间与干湿分离双卫。,主要在陆家嘴/徐家汇CBD上班，首选地铁2/9号线沿线，通勤半小时内。,倡导轻户外，周末常带家人自驾野营或山系徒步，注重生活情调与手作咖啡。,名下持有一套旧两居，置换回款 65% + 个人理财储蓄补充 + 公积金商业贷,重性价比，不盲信大牌，但要求物业管理有序、绿化修剪及时、人防技防规范。,常年本地稳定居住，工作日职住通勤动线规则单一。
上_2008_01769,上海,2008,本地改善,48,男,2.8,29.9,0.45,49.9,4,1,否,B,agent,0.71,0.58,0.61,0.56,0.57,0.91,0.61,0.75,0.57,自住-改善,两室两厅,98,4309,市第二中学地理教师,三口之家(学龄段),上海中环品质两居，车位及空间极其拥挤,小区无地下车库且人车不分流，小孩在楼下玩耍或者推婴儿车极为不安全。,讲究超高得房率（超85%），主卧套房必须配备独立步入式衣帽间与干湿分离双卫。,主要在陆家嘴/徐家汇CBD上班，首选地铁2/9号线沿线，通勤半小时内。,倡导轻户外，周末常带家人自驾野营或山系徒步，注重生活情调与手作咖啡。,名下持有一套旧两居，置换回款 65% + 个人理财储蓄补充 + 公积金商业贷,重性价比，不盲信大牌，但要求物业管理有序、绿化修剪及时、人防技防规范。,常年本地稳定居住，工作日职住通勤动线规则单一。
上_2008_01770,上海,2008,教育型买房,37,男,3.8,21.9,0.4,41.0,4,1,否,B,social,0.73,0.6,0.46,0.25,0.77,0.64,0.48,0.93,0.75,学区房,两室一厅,92,2888,市第二中学地理教师,三口之家(幼龄段),上海中环品质两居，车位及空间极其拥挤,小区无地下车库且人车不分流，小孩在楼下玩耍或者推婴儿车极为不安全。,核心要求地块属于第一梯队名校学区，且周边500米内解决幼小衔接教育配套。,主要在陆家嘴/徐家汇CBD上班，首选地铁2/9号线沿线，通勤半小时内。,倡导轻户外，周末常带家人自驾野营或山系徒步，注重生活情调与手作咖啡。,名下持有一套旧两居，置换回款 65% + 个人理财储蓄补充 + 公积金商业贷,非仁恒、绿城、万科等金牌开发商不买，极度看重高端精装质量与顶级物业的增值口碑。,常年本地稳定居住，工作日职住通勤动线规则单一。
上_2008_01771,上海,2008,长三角家庭,41,女,3.8,29.4,0.45,48.9,4,1,否,B,agent,0.77,0.57,0.53,0.58,0.44,0.86,0.37,0.79,0.71,自住-首套,两室两厅,86,4080,国企车间技术主任,三口之家(学龄段),上海中环品质两居，车位及空间极其拥挤,小区无地下车库且人车不分流，小孩在楼下玩耍或者推婴儿车极为不安全。,讲究超高得房率（超85%），主卧套房必须配备独立步入式衣帽间与干湿分离双卫。,主要在陆家嘴/徐家汇CBD上班，首选地铁2/9号线沿线，通勤半小时内。,倡导轻户外，周末常带家人自驾野营或山系徒步，注重生活情调与手作咖啡。,夫妻双方积蓄 + 双方父母出资赞助首付 + 公积金商业组合贷款,非仁恒、绿城、万科等金牌开发商不买，极度看重高端精装质量与顶级物业的增值口碑。,常年本地稳定居住，工作日职住通勤动线规则单一。
上_2008_01772,上海,2008,教育型买房,47,女,2.5,21.4,0.4,40.1,3,2,否,B,social,0.88,0.37,0.39,0.42,0.65,0.67,0.69,1,0.46,学区房,两室一厅,76,2893,国企车间技术主任,二胎黄金期中大户型,上海中环品质两居，车位及空间极其拥挤,小区无地下车库且人车不分流，小孩在楼下玩耍或者推婴儿车极为不安全。,核心要求地块属于第一梯队名校学区，且周边500米内解决幼小衔接教育配套。,主要在陆家嘴/徐家汇CBD上班，首选地铁2/9号线沿线，通勤半小时内。,倡导轻户外，周末常带家人自驾野营或山系徒步，注重生活情调与手作咖啡。,名下持有一套旧两居，置换回款 65% + 个人理财储蓄补充 + 公积金商业贷,重性价比，不盲信大牌，但要求物业管理有序、绿化修剪及时、人防技防规范。,常年本地稳定居住，工作日职住通勤动线规则单一。
上_2008_01773,上海,2008,本地改善,39,男,2.5,24.3,0.45,40.5,4,2,是,B,agent,0.93,0.47,0.42,0.58,0.57,0.8,0.73,0.71,0.53,自住-改善,两室两厅,64,4628,区财政局科员,二胎黄金期中大户型,上海中环品质两居，车位及空间极其拥挤,小区无地下车库且人车不分流，小孩在楼下玩耍或者推婴儿车极为不安全。,讲究超高得房率（超85%），主卧套房必须配备独立步入式衣帽间与干湿分离双卫。,主要在陆家嘴/徐家汇CBD上班，首选地铁2/9号线沿线，通勤半小时内。,倡导轻户外，周末常带家人自驾野营或山系徒步，注重生活情调与手作咖啡。,名下持有一套旧两居，置换回款 65% + 个人理财储蓄补充 + 公积金商业贷,重性价比，不盲信大牌，但要求物业管理有序、绿化修剪及时、人防技防规范。,常年本地稳定居住，工作日职住通勤动线规则单一。
上_2008_01774,上海,2008,教育型买房,44,女,1.8,16.8,0.4,31.5,3,2,否,B,social,0.67,0.55,0.4,0.27,0.62,0.72,0.66,0.89,0.65,学区房,一室一厅,88,2427,邮政局局长秘书,二胎黄金期中大户型,上海中环品质两居，车位及空间极其拥挤,小区无地下车库且人车不分流，小孩在楼下玩耍或者推婴儿车极为不安全。,讲究超高得房率（超85%），主卧套房必须配备独立步入式衣帽间与干湿分离双卫。,主要在陆家嘴/徐家汇CBD上班，首选地铁2/9号线沿线，通勤半小时内。,倡导轻户外，周末常带家人自驾野营或山系徒步，注重生活情调与手作咖啡。,名下持有一套旧两居，置换回款 65% + 个人理财储蓄补充 + 公积金商业贷,重性价比，不盲信大牌，但要求物业管理有序、绿化修剪及时、人防技防规范。,常年本地稳定居住，工作日职住通勤动线规则单一。
上_2008_01775,上海,2008,金融精英,42,男,3.7,31.2,0.4,58.5,4,2,否,A,research,0.72,0.42,0.59,0.51,0.76,0.85,0.63,0.77,0.87,自住-首套,一室一厅,70,5999,申银万国证券分析员,二胎黄金期中大户型,市中心私密洋房住宅,无高端私密会所及管家式物业配套，圈层鱼龙混杂，高净值居住体验差。,讲究超高得房率（超85%），主卧套房必须配备独立步入式衣帽间与干湿分离双卫。,主要在陆家嘴/徐家汇CBD上班，首选地铁2/9号线沿线，通勤半小时内。,周末常去高端商圈消费，热衷打网球和马术，重度手冲咖啡及黑胶唱片发烧友。,夫妻双方积蓄 + 双方父母出资赞助首付 + 公积金商业组合贷款,非仁恒、绿城、万科等金牌开发商不买，极度看重高端精装质量与顶级物业的增值口碑。,常年本地稳定居住，工作日职住通勤动线规则单一。
上_2008_01776,上海,2008,本地改善,42,女,1.0,8.6,0.45,14.4,5,2,否,B,agent,0.72,0.57,0.52,0.56,0.56,0.85,0.53,0.57,0.54,自住-改善,两室两厅,85,931,邮政局局长秘书,二胎黄金期中大户型,上海中环品质两居，车位及空间极其拥挤,小区无地下车库且人车不分流，小孩在楼下玩耍或者推婴儿车极为不安全。,讲究超高得房率（超85%），主卧套房必须配备独立步入式衣帽间与干湿分离双卫。,主要在陆家嘴/徐家汇CBD上班，首选地铁2/9号线沿线，通勤半小时内。,倡导轻户外，周末常带家人自驾野营或山系徒步，注重生活情调与手作咖啡。,名下持有一套旧两居，置换回款 65% + 个人理财储蓄补充 + 公积金商业贷,重性价比，不盲信大牌，但要求物业管理有序、绿化修剪及时、人防技防规范。,常年本地稳定居住，工作日职住通勤动线规则单一。
上_2008_01777,上海,2008,金融精英,34,女,4.2,36.9,0.4,69.1,3,2,否,A,research,0.76,0.29,0.7,0.62,0.85,0.88,0.66,0.76,0.85,婚房,两室两厅,79,4521,申银万国证券分析员,二胎黄金期中大户型,市中心私密洋房住宅,无高端私密会所及管家式物业配套，圈层鱼龙混杂，高净值居住体验差。,讲究超高得房率（超85%），主卧套房必须配备独立步入式衣帽间与干湿分离双卫。,主要在陆家嘴/徐家汇CBD上班，首选地铁2/9号线沿线，通勤半小时内。,周末常去高端商圈消费，热衷打网球和马术，重度手冲咖啡及黑胶唱片发烧友。,夫妻双方积蓄 + 双方父母出资赞助首付 + 公积金商业组合贷款,非仁恒、绿城、万科等金牌开发商不买，极度看重高端精装质量与顶级物业的增值口碑。,常年本地稳定居住，工作日职住通勤动线规则单一。
上_2008_01778,上海,2008,本地改善,47,女,1.8,13.0,0.45,21.6,5,2,否,B,agent,0.76,0.44,0.63,0.52,0.65,0.68,0.59,0.74,0.68,自住-改善,两室一厅,80,1403,国企车间技术主任,二胎黄金期中大户型,上海中环品质两居，车位及空间极其拥挤,小区无地下车库且人车不分流，小孩在楼下玩耍或者推婴儿车极为不安全。,核心要求地块属于第一梯队名校学区，且周边500米内解决幼小衔接教育配套。,主要在陆家嘴/徐家汇CBD上班，首选地铁2/9号线沿线，通勤半小时内。,倡导轻户外，周末常带家人自驾野营或山系徒步，注重生活情调与手作咖啡。,名下持有一套旧两居，置换回款 65% + 个人理财储蓄补充 + 公积金商业贷,重性价比，不盲信大牌，但要求物业管理有序、绿化修剪及时、人防技防规范。,常年本地稳定居住，工作日职住通勤动线规则单一。
上_2008_01779,上海,2008,金融精英,43,女,8.0,73.9,0.4,138.6,3,1,否,A,research,0.65,0.42,0.66,0.49,0.66,0.82,0.66,0.85,0.95,自住-首套,两室一厅,99,10655,申银万国证券分析员,三口之家(学龄段),陆家嘴核心区江景大平层,无高端私密会所及管家式物业配套，圈层鱼龙混杂，高净值居住体验差。,讲究超高得房率（超85%），主卧套房必须配备独立步入式衣帽间与干湿分离双卫。,主要在陆家嘴/徐家汇CBD上班，首选地铁2/9号线沿线，通勤半小时内。,周末常去高端商圈消费，热衷打网球和马术，重度手冲咖啡及黑胶唱片发烧友。,夫妻双方积蓄 + 双方父母出资赞助首付 + 公积金商业组合贷款,非仁恒、绿城、万科等金牌开发商不买，极度看重高端精装质量与顶级物业的增值口碑。,常年本地稳定居住，工作日职住通勤动线规则单一。
上_2008_01780,上海,2008,本地改善,51,男,1.3,14.4,0.45,24.0,4,2,否,B,agent,0.66,0.7,0.66,0.63,0.58,0.93,0.75,0.79,0.7,自住-改善,两室两厅,92,1769,国企车间技术主任,二胎黄金期中大户型,上海中环品质两居，车位及空间极其拥挤,小区无地下车库且人车不分流，小孩在楼下玩耍或者推婴儿车极为不安全。,讲究超高得房率（超85%），主卧套房必须配备独立步入式衣帽间与干湿分离双卫。,主要在陆家嘴/徐家汇CBD上班，首选地铁2/9号线沿线，通勤半小时内。,倡导轻户外，周末常带家人自驾野营或山系徒步，注重生活情调与手作咖啡。,名下持有一套旧两居，置换回款 65% + 个人理财储蓄补充 + 公积金商业贷,重性价比，不盲信大牌，但要求物业管理有序、绿化修剪及时、人防技防规范。,常年本地稳定居住，工作日职住通勤动线规则单一。
上_2008_01781,上海,2008,教育型买房,33,女,2.8,20.0,0.4,37.5,4,0,否,B,social,0.56,0.61,0.49,0.5,0.7,0.68,0.49,1,0.56,学区房,两室两厅,62,4500,邮政局局长秘书,新婚过渡两居,上海中环品质两居，车位及空间极其拥挤,老小区隔音差，邻里滋扰严重，且车位严重匮乏，每晚加班回来抢车位像打仗。,核心要求地块属于第一梯队名校学区，且周边500米内解决幼小衔接教育配套。,主要在陆家嘴/徐家汇CBD上班，首选地铁2/9号线沿线，通勤半小时内。,倡导轻户外，周末常带家人自驾野营或山系徒步，注重生活情调与手作咖啡。,名下持有一套旧两居，置换回款 65% + 个人理财储蓄补充 + 公积金商业贷,重性价比，不盲信大牌，但要求物业管理有序、绿化修剪及时、人防技防规范。,常年本地稳定居住，工作日职住通勤动线规则单一。
上_2008_01782,上海,2008,本地改善,44,男,1.2,12.9,0.45,21.5,3,3,否,B,agent,0.75,0.56,0.66,0.56,0.57,0.91,0.66,0.65,0.67,自住-改善,一室一厅,69,2104,国企车间技术主任,二胎黄金期中大户型,上海中环品质两居，车位及空间极其拥挤,小区无地下车库且人车不分流，小孩在楼下玩耍或者推婴儿车极为不安全。,讲究超高得房率（超85%），主卧套房必须配备独立步入式衣帽间与干湿分离双卫。,主要在陆家嘴/徐家汇CBD上班，首选地铁2/9号线沿线，通勤半小时内。,倡导轻户外，周末常带家人自驾野营或山系徒步，注重生活情调与手作咖啡。,名下持有一套旧两居，置换回款 65% + 个人理财储蓄补充 + 公积金商业贷,重性价比，不盲信大牌，但要求物业管理有序、绿化修剪及时、人防技防规范。,常年本地稳定居住，工作日职住通勤动线规则单一。
上_2008_01783,上海,2008,本地改善,40,女,2.6,25.8,0.45,43.0,4,1,是,B,agent,0.71,0.5,0.54,0.54,0.63,0.68,0.7,0.87,0.55,自住-改善,一室一厅,54,5249,市第二中学地理教师,三口之家(学龄段),上海中环品质两居，车位及空间极其拥挤,小区无地下车库且人车不分流，小孩在楼下玩耍或者推婴儿车极为不安全。,核心要求地块属于第一梯队名校学区，且周边500米内解决幼小衔接教育配套。,主要在陆家嘴/徐家汇CBD上班，首选地铁2/9号线沿线，通勤半小时内。,倡导轻户外，周末常带家人自驾野营或山系徒步，注重生活情调与手作咖啡。,名下持有一套旧两居，置换回款 65% + 个人理财储蓄补充 + 公积金商业贷,重性价比，不盲信大牌，但要求物业管理有序、绿化修剪及时、人防技防规范。,常年本地稳定居住，工作日职住通勤动线规则单一。
上_2008_01784,上海,2008,教育型买房,33,女,4.0,38.9,0.4,72.9,3,1,否,B,social,0.81,0.54,0.4,0.46,0.59,0.81,0.52,0.85,0.65,学区房,一室一厅,96,3842,国企车间技术主任,三口之家(幼龄段),上海中环品质两居，车位及空间极其拥挤,小区无地下车库且人车不分流，小孩在楼下玩耍或者推婴儿车极为不安全。,讲究超高得房率（超85%），主卧套房必须配备独立步入式衣帽间与干湿分离双卫。,主要在陆家嘴/徐家汇CBD上班，首选地铁2/9号线沿线，通勤半小时内。,倡导轻户外，周末常带家人自驾野营或山系徒步，注重生活情调与手作咖啡。,名下持有一套旧两居，置换回款 65% + 个人理财储蓄补充 + 公积金商业贷,重性价比，不盲信大牌，但要求物业管理有序、绿化修剪及时、人防技防规范。,常年本地稳定居住，工作日职住通勤动线规则单一。
上_2008_01785,上海,2008,金融精英,34,男,3.8,37.2,0.4,69.8,3,1,否,A,research,0.83,0.43,0.54,0.57,0.76,0.83,0.64,0.83,0.77,婚房,一室一厅,98,6331,商业银行支行信贷科长,三口之家(幼龄段),陆家嘴核心区江景大平层,无高端私密会所及管家式物业配套，圈层鱼龙混杂，高净值居住体验差。,讲究超高得房率（超85%），主卧套房必须配备独立步入式衣帽间与干湿分离双卫。,主要在陆家嘴/徐家汇CBD上班，首选地铁2/9号线沿线，通勤半小时内。,周末常去高端商圈消费，热衷打网球和马术，重度手冲咖啡及黑胶唱片发烧友。,夫妻双方积蓄 + 双方父母出资赞助首付 + 公积金商业组合贷款,非仁恒、绿城、万科等金牌开发商不买，极度看重高端精装质量与顶级物业的增值口碑。,常年本地稳定居住，工作日职住通勤动线规则单一。
上_2008_01786,上海,2008,金融精英,42,男,6.3,48.7,0.4,91.3,3,1,是,A,research,0.86,0.43,0.62,0.62,0.66,0.79,0.64,0.76,0.78,自住-首套,两室一厅,100,6683,老牌证券公司营业部经理,三口之家(学龄段),市中心私密洋房住宅,当前房屋属于旧多层无电梯房，父母年纪渐高每天爬楼梯极为吃力。,讲究超高得房率（超85%），主卧套房必须配备独立步入式衣帽间与干湿分离双卫。,主要在陆家嘴/徐家汇CBD上班，首选地铁2/9号线沿线，通勤半小时内。,周末常去高端商圈消费，热衷打网球和马术，重度手冲咖啡及黑胶唱片发烧友。,夫妻双方积蓄 + 双方父母出资赞助首付 + 公积金商业组合贷款,非仁恒、绿城、万科等金牌开发商不买，极度看重高端精装质量与顶级物业的增值口碑。,常年本地稳定居住，工作日职住通勤动线规则单一。
上_2008_01787,上海,2008,本地改善,50,男,2.0,20.2,0.45,33.6,4,2,是,B,agent,0.62,0.45,0.57,0.48,0.5,0.85,0.53,0.66,0.66,自住-改善,一室一厅,76,2310,市第二中学地理教师,二胎黄金期中大户型,上海中环品质两居，车位及空间极其拥挤,小区无地下车库且人车不分流，小孩在楼下玩耍或者推婴儿车极为不安全。,讲究超高得房率（超85%），主卧套房必须配备独立步入式衣帽间与干湿分离双卫。,主要在陆家嘴/徐家汇CBD上班，首选地铁2/9号线沿线，通勤半小时内。,倡导轻户外，周末常带家人自驾野营或山系徒步，注重生活情调与手作咖啡。,名下持有一套旧两居，置换回款 65% + 个人理财储蓄补充 + 公积金商业贷,重性价比，不盲信大牌，但要求物业管理有序、绿化修剪及时、人防技防规范。,常年本地稳定居住，工作日职住通勤动线规则单一。
上_2008_01788,上海,2008,金融精英,42,女,5.3,37.1,0.4,69.6,4,0,否,A,research,1.0,0.54,0.95,0.62,0.88,0.79,0.71,0.9,0.69,自住-首套,两室两厅,84,5135,商业银行支行信贷科长,成熟期核心家庭,陆家嘴核心区江景大平层,无高端私密会所及管家式物业配套，圈层鱼龙混杂，高净值居住体验差。,要求有超大面宽南向双阳台（观景家政分离），主卧大飘窗能270度直面自然景观。,主要在陆家嘴/徐家汇CBD上班，首选地铁2/9号线沿线，通勤半小时内。,周末常去高端商圈消费，热衷打网球和马术，重度手冲咖啡及黑胶唱片发烧友。,夫妻双方积蓄 + 双方父母出资赞助首付 + 公积金商业组合贷款,重性价比，不盲信大牌，但要求物业管理有序、绿化修剪及时、人防技防规范。,常年本地稳定居住，工作日职住通勤动线规则单一。
上_2008_01789,上海,2008,金融精英,33,男,1.7,16.4,0.4,30.7,2,1,否,A,research,0.72,0.3,0.69,0.63,0.75,0.73,0.67,0.93,0.73,婚房,两室两厅,87,3171,申银万国证券分析员,三口之家(幼龄段),陆家嘴核心区江景大平层,无高端私密会所及管家式物业配套，圈层鱼龙混杂，高净值居住体验差。,讲究超高得房率（超85%），主卧套房必须配备独立步入式衣帽间与干湿分离双卫。,主要在陆家嘴/徐家汇CBD上班，首选地铁2/9号线沿线，通勤半小时内。,周末常去高端商圈消费，热衷打网球和马术，重度手冲咖啡及黑胶唱片发烧友。,夫妻双方积蓄 + 双方父母出资赞助首付 + 公积金商业组合贷款,非仁恒、绿城、万科等金牌开发商不买，极度看重高端精装质量与顶级物业的增值口碑。,常年本地稳定居住，工作日职住通勤动线规则单一。
上_2008_01790,上海,2008,本地改善,45,男,3.2,32.5,0.45,54.2,4,2,否,B,agent,0.84,0.54,0.61,0.43,0.61,0.86,0.52,0.62,0.51,自住-改善,一室一厅,62,6886,区财政局科员,二胎黄金期中大户型,上海中环品质两居，车位及空间极其拥挤,小区无地下车库且人车不分流，小孩在楼下玩耍或者推婴儿车极为不安全。,讲究超高得房率（超85%），主卧套房必须配备独立步入式衣帽间与干湿分离双卫。,主要在陆家嘴/徐家汇CBD上班，首选地铁2/9号线沿线，通勤半小时内。,倡导轻户外，周末常带家人自驾野营或山系徒步，注重生活情调与手作咖啡。,名下持有一套旧两居，置换回款 65% + 个人理财储蓄补充 + 公积金商业贷,重性价比，不盲信大牌，但要求物业管理有序、绿化修剪及时、人防技防规范。,常年本地稳定居住，工作日职住通勤动线规则单一。
上_2008_01791,上海,2008,金融精英,48,女,9.1,68.2,0.4,127.8,3,2,否,A,research,0.81,0.33,0.54,0.55,0.71,0.76,0.57,0.74,0.75,自住-改善,两室两厅,98,7294,申银万国证券分析员,二胎黄金期中大户型,陆家嘴核心区江景大平层,无高端私密会所及管家式物业配套，圈层鱼龙混杂，高净值居住体验差。,讲究超高得房率（超85%），主卧套房必须配备独立步入式衣帽间与干湿分离双卫。,主要在陆家嘴/徐家汇CBD上班，首选地铁2/9号线沿线，通勤半小时内。,周末常去高端商圈消费，热衷打网球和马术，重度手冲咖啡及黑胶唱片发烧友。,名下已有企业股权套现或分红现金，一次性全款付清，基本不加杠杆,非仁恒、绿城、万科等金牌开发商不买，极度看重高端精装质量与顶级物业的增值口碑。,常年本地稳定居住，工作日职住通勤动线规则单一。
上_2008_01792,上海,2008,外籍海归,40,男,2.8,19.3,0.4,36.2,3,0,否,A,social,0.72,0.51,0.55,0.55,0.8,0.68,0.67,0.88,0.8,自住-首套,两室一厅,73,2937,外企驻沪办事处代表,成熟期核心家庭,陆家嘴核心区江景大平层,无高端私密会所及管家式物业配套，圈层鱼龙混杂，高净值居住体验差。,核心要求地块属于第一梯队名校学区，且周边500米内解决幼小衔接教育配套。,主要在陆家嘴/徐家汇CBD上班，首选地铁2/9号线沿线，通勤半小时内。,周末常去高端商圈消费，热衷打网球和马术，重度手冲咖啡及黑胶唱片发烧友。,夫妻双方积蓄 + 双方父母出资赞助首付 + 公积金商业组合贷款,非仁恒、绿城、万科等金牌开发商不买，极度看重高端精装质量与顶级物业的增值口碑。,常年本地稳定居住，工作日职住通勤动线规则单一。
上_2008_01793,上海,2008,金融精英,38,女,6.8,48.3,0.4,90.6,4,0,是,A,research,0.7,0.58,0.76,0.64,0.73,0.87,0.83,0.74,0.73,自住-改善,一室一厅,93,8143,申银万国证券分析员,成熟期核心家庭,陆家嘴核心区江景大平层,当前房屋属于旧多层无电梯房，父母年纪渐高每天爬楼梯极为吃力。,要求有超大面宽南向双阳台（观景家政分离），主卧大飘窗能270度直面自然景观。,主要在陆家嘴/徐家汇CBD上班，首选地铁2/9号线沿线，通勤半小时内。,周末常去高端商圈消费，热衷打网球和马术，重度手冲咖啡及黑胶唱片发烧友。,名下已有企业股权套现或分红现金，一次性全款付清，基本不加杠杆,非仁恒、绿城、万科等金牌开发商不买，极度看重高端精装质量与顶级物业的增值口碑。,常年本地稳定居住，工作日职住通勤动线规则单一。
上_2008_01794,上海,2008,外籍海归,34,男,1.3,9.0,0.4,16.8,2,1,否,A,social,1,0.67,0.58,0.48,0.87,0.72,0.64,0.92,0.86,自住-首套,两室两厅,62,2425,外企驻沪办事处代表,三口之家(幼龄段),西湖边高精平层,无高端私密会所及管家式物业配套，圈层鱼龙混杂，高净值居住体验差。,讲究超高得房率（超85%），主卧套房必须配备独立步入式衣帽间与干湿分离双卫。,主要在陆家嘴/徐家汇CBD上班，首选地铁2/9号线沿线，通勤半小时内。,周末常去高端商圈消费，热衷打网球和马术，重度手冲咖啡及黑胶唱片发烧友。,夫妻双方积蓄 + 双方父母出资赞助首付 + 公积金商业组合贷款,非仁恒、绿城、万科等金牌开发商不买，极度看重高端精装质量与顶级物业的增值口碑。,常年本地稳定居住，工作日职住通勤动线规则单一。
上_2008_01795,上海,2008,本地改善,51,女,2.6,32.6,0.45,54.3,4,2,否,B,agent,0.76,0.58,0.64,0.39,0.45,0.84,0.67,0.66,0.56,自住-改善,两室两厅,62,6043,区财政局科员,二胎黄金期中大户型,上海中环品质两居，车位及空间极其拥挤,小区无地下车库且人车不分流，小孩在楼下玩耍或者推婴儿车极为不安全。,讲究超高得房率（超85%），主卧套房必须配备独立步入式衣帽间与干湿分离双卫。,主要在陆家嘴/徐家汇CBD上班，首选地铁2/9号线沿线，通勤半小时内。,倡导轻户外，周末常带家人自驾野营或山系徒步，注重生活情调与手作咖啡。,名下持有一套旧两居，置换回款 65% + 个人理财储蓄补充 + 公积金商业贷,重性价比，不盲信大牌，但要求物业管理有序、绿化修剪及时、人防技防规范。,常年本地稳定居住，工作日职住通勤动线规则单一。
上_2008_01796,上海,2008,长三角家庭,47,男,1.4,10.7,0.45,17.8,4,1,是,B,agent,0.72,0.42,0.55,0.66,0.51,0.8,0.53,0.62,0.68,自住-改善,一室一厅,52,2879,市第二中学地理教师,三口之家(学龄段),上海中环品质两居，车位及空间极其拥挤,小区无地下车库且人车不分流，小孩在楼下玩耍或者推婴儿车极为不安全。,讲究超高得房率（超85%），主卧套房必须配备独立步入式衣帽间与干湿分离双卫。,主要在陆家嘴/徐家汇CBD上班，首选地铁2/9号线沿线，通勤半小时内。,倡导轻户外，周末常带家人自驾野营或山系徒步，注重生活情调与手作咖啡。,名下持有一套旧两居，置换回款 65% + 个人理财储蓄补充 + 公积金商业贷,重性价比，不盲信大牌，但要求物业管理有序、绿化修剪及时、人防技防规范。,常年本地稳定居住，工作日职住通勤动线规则单一。
上_2008_01797,上海,2008,金融精英,41,男,4.9,44.5,0.4,83.5,3,1,否,A,research,0.64,0.59,0.59,0.68,0.86,0.7,0.75,0.95,0.88,自住-首套,两室一厅,87,6288,商业银行支行信贷科长,三口之家(学龄段),西湖边高精平层,无高端私密会所及管家式物业配套，圈层鱼龙混杂，高净值居住体验差。,讲究超高得房率（超85%），主卧套房必须配备独立步入式衣帽间与干湿分离双卫。,主要在陆家嘴/徐家汇CBD上班，首选地铁2/9号线沿线，通勤半小时内。,周末常去高端商圈消费，热衷打网球和马术，重度手冲咖啡及黑胶唱片发烧友。,夫妻双方积蓄 + 双方父母出资赞助首付 + 公积金商业组合贷款,非仁恒、绿城、万科等金牌开发商不买，极度看重高端精装质量与顶级物业的增值口碑。,常年本地稳定居住，工作日职住通勤动线规则单一。
上_2008_01798,上海,2008,长三角家庭,45,女,2.4,20.1,0.45,33.5,4,2,否,B,agent,1,0.6,0.61,0.45,0.5,0.83,0.4,0.68,0.76,自住-首套,两室两厅,72,3200,市第二中学地理教师,二胎黄金期中大户型,上海中环品质两居，车位及空间极其拥挤,小区无地下车库且人车不分流，小孩在楼下玩耍或者推婴儿车极为不安全。,讲究超高得房率（超85%），主卧套房必须配备独立步入式衣帽间与干湿分离双卫。,主要在陆家嘴/徐家汇CBD上班，首选地铁2/9号线沿线，通勤半小时内。,倡导轻户外，周末常带家人自驾野营或山系徒步，注重生活情调与手作咖啡。,夫妻双方积蓄 + 双方父母出资赞助首付 + 公积金商业组合贷款,非仁恒、绿城、万科等金牌开发商不买，极度看重高端精装质量与顶级物业的增值口碑。,常年本地稳定居住，工作日职住通勤动线规则单一。
上_2008_01799,上海,2008,金融精英,50,女,3.6,24.3,0.4,45.6,3,2,否,A,research,0.69,0.49,0.7,0.61,0.66,0.65,0.77,0.81,0.73,自住-改善,一室一厅,70,3500,老牌证券公司营业部经理,二胎黄金期中大户型,西湖边高精平层,无高端私密会所及管家式物业配套，圈层鱼龙混杂，高净值居住体验差。,要求有超大面宽南向双阳台（观景家政分离），主卧大飘窗能270度直面自然景观。,主要在陆家嘴/徐家汇CBD上班，首选地铁2/9号线沿线，通勤半小时内。,周末常去高端商圈消费，热衷打网球和马术，重度手冲咖啡及黑胶唱片发烧友。,名下已有企业股权套现或分红现金，一次性全款付清，基本不加杠杆,非仁恒、绿城、万科等金牌开发商不买，极度看重高端精装质量与顶级物业的增值口碑。,常年本地稳定居住，工作日职住通勤动线规则单一。
上_2008_01800,上海,2008,本地改善,56,女,2.2,24.3,0.45,40.5,3,3,是,B,agent,0.45,0.56,0.5,0.28,0.54,0.84,0.62,0.83,0.49,自住-改善,一室一厅,85,3681,邮政局局长秘书,二胎黄金期中大户型,上海中环品质两居，车位及空间极其拥挤,小区无地下车库且人车不分流，小孩在楼下玩耍或者推婴儿车极为不安全。,讲究超高得房率（超85%），主卧套房必须配备独立步入式衣帽间与干湿分离双卫。,主要在陆家嘴/徐家汇CBD上班，首选地铁2/9号线沿线，通勤半小时内。,倡导轻户外，周末常带家人自驾野营或山系徒步，注重生活情调与手作咖啡。,名下持有一套旧两居，置换回款 65% + 个人理财储蓄补充 + 公积金商业贷,重性价比，不盲信大牌，但要求物业管理有序、绿化修剪及时、人防技防规范。,常年本地稳定居住，工作日职住通勤动线规则单一。
上_2008_01801,上海,2008,本地改善,46,男,1.3,13.3,0.45,22.2,3,3,否,B,agent,0.81,0.47,0.45,0.47,0.58,0.88,0.61,0.77,0.65,自住-改善,一室一厅,68,2671,市第二中学地理教师,二胎黄金期中大户型,上海中环品质两居，车位及空间极其拥挤,小区无地下车库且人车不分流，小孩在楼下玩耍或者推婴儿车极为不安全。,讲究超高得房率（超85%），主卧套房必须配备独立步入式衣帽间与干湿分离双卫。,主要在陆家嘴/徐家汇CBD上班，首选地铁2/9号线沿线，通勤半小时内。,倡导轻户外，周末常带家人自驾野营或山系徒步，注重生活情调与手作咖啡。,名下持有一套旧两居，置换回款 65% + 个人理财储蓄补充 + 公积金商业贷,重性价比，不盲信大牌，但要求物业管理有序、绿化修剪及时、人防技防规范。,常年本地稳定居住，工作日职住通勤动线规则单一。
上_2008_01802,上海,2008,教育型买房,43,女,2.7,28.0,0.4,52.5,3,0,否,B,social,1,0.5,0.54,0.4,0.46,0.67,0.53,1,0.62,学区房,两室两厅,60,7338,区财政局科员,成熟期核心家庭,上海中环品质两居，车位及空间极其拥挤,老小区隔音差，邻里滋扰严重，且车位严重匮乏，每晚加班回来抢车位像打仗。,核心要求地块属于第一梯队名校学区，且周边500米内解决幼小衔接教育配套。,主要在陆家嘴/徐家汇CBD上班，首选地铁2/9号线沿线，通勤半小时内。,倡导轻户外，周末常带家人自驾野营或山系徒步，注重生活情调与手作咖啡。,名下持有一套旧两居，置换回款 65% + 个人理财储蓄补充 + 公积金商业贷,重性价比，不盲信大牌，但要求物业管理有序、绿化修剪及时、人防技防规范。,常年本地稳定居住，工作日职住通勤动线规则单一。
上_2008_01803,上海,2008,长三角家庭,48,男,2.4,19.4,0.45,32.3,4,2,是,B,agent,0.73,0.42,0.45,0.51,0.59,0.75,0.49,0.75,0.59,自住-首套,一室一厅,68,3541,邮政局局长秘书,二胎黄金期中大户型,上海中环品质两居，车位及空间极其拥挤,小区无地下车库且人车不分流，小孩在楼下玩耍或者推婴儿车极为不安全。,讲究超高得房率（超85%），主卧套房必须配备独立步入式衣帽间与干湿分离双卫。,主要在陆家嘴/徐家汇CBD上班，首选地铁2/9号线沿线，通勤半小时内。,倡导轻户外，周末常带家人自驾野营或山系徒步，注重生活情调与手作咖啡。,夫妻双方积蓄 + 双方父母出资赞助首付 + 公积金商业组合贷款,重性价比，不盲信大牌，但要求物业管理有序、绿化修剪及时、人防技防规范。,常年本地稳定居住，工作日职住通勤动线规则单一。
上_2008_01804,上海,2008,金融精英,48,男,4.7,35.7,0.4,66.9,3,0,是,A,research,1,0.57,0.66,0.67,0.89,0.82,0.69,0.66,0.69,自住-首套,一室一厅,95,4393,老牌证券公司营业部经理,成熟期核心家庭,陆家嘴核心区江景大平层,当前房屋属于旧多层无电梯房，父母年纪渐高每天爬楼梯极为吃力。,讲究超高得房率（超85%），主卧套房必须配备独立步入式衣帽间与干湿分离双卫。,主要在陆家嘴/徐家汇CBD上班，首选地铁2/9号线沿线，通勤半小时内。,周末常去高端商圈消费，热衷打网球和马术，重度手冲咖啡及黑胶唱片发烧友。,夫妻双方积蓄 + 双方父母出资赞助首付 + 公积金商业组合贷款,重性价比，不盲信大牌，但要求物业管理有序、绿化修剪及时、人防技防规范。,常年本地稳定居住，工作日职住通勤动线规则单一。
上_2008_01805,上海,2008,本地改善,54,男,3.2,34.5,0.45,57.5,4,2,否,B,agent,0.77,0.43,0.53,0.36,0.53,0.78,0.66,0.57,0.45,自住-改善,两室两厅,96,4893,市第二中学地理教师,二胎黄金期中大户型,上海中环品质两居，车位及空间极其拥挤,小区无地下车库且人车不分流，小孩在楼下玩耍或者推婴儿车极为不安全。,讲究超高得房率（超85%），主卧套房必须配备独立步入式衣帽间与干湿分离双卫。,主要在陆家嘴/徐家汇CBD上班，首选地铁2/9号线沿线，通勤半小时内。,倡导轻户外，周末常带家人自驾野营或山系徒步，注重生活情调与手作咖啡。,名下持有一套旧两居，置换回款 65% + 个人理财储蓄补充 + 公积金商业贷,重性价比，不盲信大牌，但要求物业管理有序、绿化修剪及时、人防技防规范。,常年本地稳定居住，工作日职住通勤动线规则单一。
上_2008_01806,上海,2008,长三角家庭,39,男,1.5,8.1,0.45,13.6,4,2,是,B,agent,0.78,0.58,0.68,0.53,0.46,0.62,0.53,0.75,0.72,自住-首套,两室一厅,59,1150,邮政局局长秘书,二胎黄金期中大户型,上海中环品质两居，车位及空间极其拥挤,小区无地下车库且人车不分流，小孩在楼下玩耍或者推婴儿车极为不安全。,核心要求地块属于第一梯队名校学区，且周边500米内解决幼小衔接教育配套。,主要在陆家嘴/徐家汇CBD上班，首选地铁2/9号线沿线，通勤半小时内。,倡导轻户外，周末常带家人自驾野营或山系徒步，注重生活情调与手作咖啡。,夫妻双方积蓄 + 双方父母出资赞助首付 + 公积金商业组合贷款,非仁恒、绿城、万科等金牌开发商不买，极度看重高端精装质量与顶级物业的增值口碑。,常年本地稳定居住，工作日职住通勤动线规则单一。
上_2008_01807,上海,2008,本地改善,39,女,2.8,34.6,0.45,57.7,4,3,否,B,agent,0.7,0.52,0.4,0.47,0.47,0.85,0.61,0.66,0.51,自住-改善,一室一厅,53,6126,区财政局科员,二胎黄金期中大户型,上海中环品质两居，车位及空间极其拥挤,小区无地下车库且人车不分流，小孩在楼下玩耍或者推婴儿车极为不安全。,讲究超高得房率（超85%），主卧套房必须配备独立步入式衣帽间与干湿分离双卫。,主要在陆家嘴/徐家汇CBD上班，首选地铁2/9号线沿线，通勤半小时内。,倡导轻户外，周末常带家人自驾野营或山系徒步，注重生活情调与手作咖啡。,名下持有一套旧两居，置换回款 65% + 个人理财储蓄补充 + 公积金商业贷,重性价比，不盲信大牌，但要求物业管理有序、绿化修剪及时、人防技防规范。,常年本地稳定居住，工作日职住通勤动线规则单一。
上_2008_01808,上海,2008,金融精英,38,男,8.1,83.1,0.4,155.8,2,1,否,A,research,0.83,0.5,0.49,0.57,0.75,0.81,0.71,0.98,0.67,自住-首套,三室两厅,125,7235,申银万国证券分析员,三口之家(学龄段),市中心私密洋房住宅,无高端私密会所及管家式物业配套，圈层鱼龙混杂，高净值居住体验差。,讲究超高得房率（超85%），主卧套房必须配备独立步入式衣帽间与干湿分离双卫。,主要在陆家嘴/徐家汇CBD上班，首选地铁2/9号线沿线，通勤半小时内。,周末常去高端商圈消费，热衷打网球和马术，重度手冲咖啡及黑胶唱片发烧友。,夫妻双方积蓄 + 双方父母出资赞助首付 + 公积金商业组合贷款,重性价比，不盲信大牌，但要求物业管理有序、绿化修剪及时、人防技防规范。,常年本地稳定居住，工作日职住通勤动线规则单一。
上_2008_01809,上海,2008,金融精英,41,女,4.9,43.4,0.4,81.4,3,1,否,A,research,0.55,0.43,0.68,0.44,0.71,0.87,0.71,0.9,0.88,自住-首套,两室一厅,90,6469,商业银行支行信贷科长,三口之家(学龄段),陆家嘴核心区江景大平层,无高端私密会所及管家式物业配套，圈层鱼龙混杂，高净值居住体验差。,讲究超高得房率（超85%），主卧套房必须配备独立步入式衣帽间与干湿分离双卫。,主要在陆家嘴/徐家汇CBD上班，首选地铁2/9号线沿线，通勤半小时内。,周末常去高端商圈消费，热衷打网球和马术，重度手冲咖啡及黑胶唱片发烧友。,夫妻双方积蓄 + 双方父母出资赞助首付 + 公积金商业组合贷款,非仁恒、绿城、万科等金牌开发商不买，极度看重高端精装质量与顶级物业的增值口碑。,常年本地稳定居住，工作日职住通勤动线规则单一。
上_2008_01810,上海,2008,本地改善,38,女,2.6,24.9,0.45,41.6,4,1,是,B,agent,0.83,0.45,0.61,0.56,0.59,0.8,0.56,0.74,0.59,自住-改善,两室一厅,93,2634,国企车间技术主任,三口之家(学龄段),上海中环品质两居，车位及空间极其拥挤,小区无地下车库且人车不分流，小孩在楼下玩耍或者推婴儿车极为不安全。,讲究超高得房率（超85%），主卧套房必须配备独立步入式衣帽间与干湿分离双卫。,主要在陆家嘴/徐家汇CBD上班，首选地铁2/9号线沿线，通勤半小时内。,倡导轻户外，周末常带家人自驾野营或山系徒步，注重生活情调与手作咖啡。,名下持有一套旧两居，置换回款 65% + 个人理财储蓄补充 + 公积金商业贷,重性价比，不盲信大牌，但要求物业管理有序、绿化修剪及时、人防技防规范。,常年本地稳定居住，工作日职住通勤动线规则单一。
上_2008_01811,上海,2008,金融精英,48,男,5.0,35.6,0.4,66.8,3,2,是,A,research,0.78,0.53,0.68,0.68,0.59,0.84,0.64,0.62,0.71,自住-改善,两室一厅,98,6102,申银万国证券分析员,二胎黄金期中大户型,西湖边高精平层,当前房屋属于旧多层无电梯房，父母年纪渐高每天爬楼梯极为吃力。,讲究超高得房率（超85%），主卧套房必须配备独立步入式衣帽间与干湿分离双卫。,主要在陆家嘴/徐家汇CBD上班，首选地铁2/9号线沿线，通勤半小时内。,周末常去高端商圈消费，热衷打网球和马术，重度手冲咖啡及黑胶唱片发烧友。,名下已有企业股权套现或分红现金，一次性全款付清，基本不加杠杆,非仁恒、绿城、万科等金牌开发商不买，极度看重高端精装质量与顶级物业的增值口碑。,常年本地稳定居住，工作日职住通勤动线规则单一。
上_2008_01812,上海,2008,本地改善,39,女,4.4,55.1,0.45,91.9,4,3,否,B,agent,0.95,0.42,0.52,0.49,0.53,0.77,0.64,0.53,0.56,自住-改善,两室两厅,53,15334,区财政局科员,二胎黄金期中大户型,上海中环品质两居，车位及空间极其拥挤,小区无地下车库且人车不分流，小孩在楼下玩耍或者推婴儿车极为不安全。,讲究超高得房率（超85%），主卧套房必须配备独立步入式衣帽间与干湿分离双卫。,主要在陆家嘴/徐家汇CBD上班，首选地铁2/9号线沿线，通勤半小时内。,倡导轻户外，周末常带家人自驾野营或山系徒步，注重生活情调与手作咖啡。,名下持有一套旧两居，置换回款 65% + 个人理财储蓄补充 + 公积金商业贷,重性价比，不盲信大牌，但要求物业管理有序、绿化修剪及时、人防技防规范。,常年本地稳定居住，工作日职住通勤动线规则单一。
上_2008_01813,上海,2008,金融精英,43,女,9.0,52.2,0.4,97.8,4,0,否,A,research,0.55,0.42,0.62,0.56,0.76,0.62,0.69,0.81,0.71,自住-改善,一室一厅,92,8812,老牌证券公司营业部经理,成熟期核心家庭,陆家嘴核心区江景大平层,无高端私密会所及管家式物业配套，圈层鱼龙混杂，高净值居住体验差。,核心要求地块属于第一梯队名校学区，且周边500米内解决幼小衔接教育配套。,主要在陆家嘴/徐家汇CBD上班，首选地铁2/9号线沿线，通勤半小时内。,周末常去高端商圈消费，热衷打网球和马术，重度手冲咖啡及黑胶唱片发烧友。,名下已有企业股权套现或分红现金，一次性全款付清，基本不加杠杆,非仁恒、绿城、万科等金牌开发商不买，极度看重高端精装质量与顶级物业的增值口碑。,常年本地稳定居住，工作日职住通勤动线规则单一。
上_2008_01814,上海,2008,本地改善,51,男,3.1,30.5,0.45,50.8,4,2,是,B,agent,0.6,0.52,0.68,0.56,0.59,0.91,0.51,0.75,0.54,自住-改善,两室一厅,86,4874,区财政局科员,二胎黄金期中大户型,上海中环品质两居，车位及空间极其拥挤,小区无地下车库且人车不分流，小孩在楼下玩耍或者推婴儿车极为不安全。,讲究超高得房率（超85%），主卧套房必须配备独立步入式衣帽间与干湿分离双卫。,主要在陆家嘴/徐家汇CBD上班，首选地铁2/9号线沿线，通勤半小时内。,倡导轻户外，周末常带家人自驾野营或山系徒步，注重生活情调与手作咖啡。,名下持有一套旧两居，置换回款 65% + 个人理财储蓄补充 + 公积金商业贷,重性价比，不盲信大牌，但要求物业管理有序、绿化修剪及时、人防技防规范。,常年本地稳定居住，工作日职住通勤动线规则单一。
上_2008_01815,上海,2008,本地改善,56,男,1.4,14.1,0.45,23.5,3,2,否,B,agent,0.51,0.43,0.46,0.54,0.75,0.79,0.5,0.59,0.61,自住-改善,一室一厅,55,3733,区财政局科员,二胎黄金期中大户型,上海中环品质两居，车位及空间极其拥挤,小区无地下车库且人车不分流，小孩在楼下玩耍或者推婴儿车极为不安全。,讲究超高得房率（超85%），主卧套房必须配备独立步入式衣帽间与干湿分离双卫。,主要在陆家嘴/徐家汇CBD上班，首选地铁2/9号线沿线，通勤半小时内。,倡导轻户外，周末常带家人自驾野营或山系徒步，注重生活情调与手作咖啡。,名下持有一套旧两居，置换回款 65% + 个人理财储蓄补充 + 公积金商业贷,重性价比，不盲信大牌，但要求物业管理有序、绿化修剪及时、人防技防规范。,常年本地稳定居住，工作日职住通勤动线规则单一。
上_2008_01816,上海,2008,长三角家庭,53,女,2.9,21.5,0.45,35.9,4,2,是,B,agent,0.88,0.53,0.65,0.5,0.57,0.69,0.45,0.79,0.57,自住-改善,两室一厅,94,3179,区财政局科员,二胎黄金期中大户型,上海中环品质两居，车位及空间极其拥挤,小区无地下车库且人车不分流，小孩在楼下玩耍或者推婴儿车极为不安全。,核心要求地块属于第一梯队名校学区，且周边500米内解决幼小衔接教育配套。,主要在陆家嘴/徐家汇CBD上班，首选地铁2/9号线沿线，通勤半小时内。,倡导轻户外，周末常带家人自驾野营或山系徒步，注重生活情调与手作咖啡。,名下持有一套旧两居，置换回款 65% + 个人理财储蓄补充 + 公积金商业贷,重性价比，不盲信大牌，但要求物业管理有序、绿化修剪及时、人防技防规范。,常年本地稳定居住，工作日职住通勤动线规则单一。
上_2008_01817,上海,2008,长三角家庭,43,女,3.4,22.0,0.45,36.7,4,1,是,B,agent,0.63,0.75,0.54,0.55,0.5,0.97,0.47,0.58,0.71,自住-改善,两室一厅,51,4326,邮政局局长秘书,三口之家(学龄段),上海中环品质两居，车位及空间极其拥挤,小区无地下车库且人车不分流，小孩在楼下玩耍或者推婴儿车极为不安全。,讲究超高得房率（超85%），主卧套房必须配备独立步入式衣帽间与干湿分离双卫。,主要在陆家嘴/徐家汇CBD上班，首选地铁2/9号线沿线，通勤半小时内。,倡导轻户外，周末常带家人自驾野营或山系徒步，注重生活情调与手作咖啡。,名下持有一套旧两居，置换回款 65% + 个人理财储蓄补充 + 公积金商业贷,非仁恒、绿城、万科等金牌开发商不买，极度看重高端精装质量与顶级物业的增值口碑。,常年本地稳定居住，工作日职住通勤动线规则单一。
上_2008_01818,上海,2008,本地改善,55,女,2.0,22.6,0.45,37.7,4,2,否,B,agent,0.74,0.52,0.4,0.43,0.6,0.79,0.56,0.63,0.73,自住-改善,两室两厅,67,4434,市第二中学地理教师,二胎黄金期中大户型,上海中环品质两居，车位及空间极其拥挤,小区无地下车库且人车不分流，小孩在楼下玩耍或者推婴儿车极为不安全。,讲究超高得房率（超85%），主卧套房必须配备独立步入式衣帽间与干湿分离双卫。,主要在陆家嘴/徐家汇CBD上班，首选地铁2/9号线沿线，通勤半小时内。,倡导轻户外，周末常带家人自驾野营或山系徒步，注重生活情调与手作咖啡。,名下持有一套旧两居，置换回款 65% + 个人理财储蓄补充 + 公积金商业贷,非仁恒、绿城、万科等金牌开发商不买，极度看重高端精装质量与顶级物业的增值口碑。,常年本地稳定居住，工作日职住通勤动线规则单一。
上_2008_01819,上海,2008,本地改善,47,男,3.0,24.7,0.45,41.1,4,1,否,B,agent,0.64,0.57,0.64,0.54,0.51,0.94,0.53,0.65,0.58,自住-改善,一室一厅,82,2812,区财政局科员,三口之家(学龄段),上海中环品质两居，车位及空间极其拥挤,小区无地下车库且人车不分流，小孩在楼下玩耍或者推婴儿车极为不安全。,讲究超高得房率（超85%），主卧套房必须配备独立步入式衣帽间与干湿分离双卫。,主要在陆家嘴/徐家汇CBD上班，首选地铁2/9号线沿线，通勤半小时内。,倡导轻户外，周末常带家人自驾野营或山系徒步，注重生活情调与手作咖啡。,名下持有一套旧两居，置换回款 65% + 个人理财储蓄补充 + 公积金商业贷,重性价比，不盲信大牌，但要求物业管理有序、绿化修剪及时、人防技防规范。,常年本地稳定居住，工作日职住通勤动线规则单一。
上_2008_01820,上海,2008,本地改善,57,女,0.8,8.2,0.45,13.6,3,2,否,B,agent,0.88,0.56,0.4,0.52,0.5,0.83,0.62,0.72,0.67,自住-改善,两室两厅,83,1257,市第二中学地理教师,二胎黄金期中大户型,上海中环品质两居，车位及空间极其拥挤,小区无地下车库且人车不分流，小孩在楼下玩耍或者推婴儿车极为不安全。,讲究超高得房率（超85%），主卧套房必须配备独立步入式衣帽间与干湿分离双卫。,主要在陆家嘴/徐家汇CBD上班，首选地铁2/9号线沿线，通勤半小时内。,倡导轻户外，周末常带家人自驾野营或山系徒步，注重生活情调与手作咖啡。,名下持有一套旧两居，置换回款 65% + 个人理财储蓄补充 + 公积金商业贷,重性价比，不盲信大牌，但要求物业管理有序、绿化修剪及时、人防技防规范。,常年本地稳定居住，工作日职住通勤动线规则单一。
上_2008_01821,上海,2008,本地改善,51,女,2.7,31.4,0.45,52.4,4,2,否,B,agent,0.97,0.54,0.5,0.46,0.55,0.69,0.35,0.75,0.6,自住-改善,一室一厅,91,4950,邮政局局长秘书,二胎黄金期中大户型,上海中环品质两居，车位及空间极其拥挤,小区无地下车库且人车不分流，小孩在楼下玩耍或者推婴儿车极为不安全。,核心要求地块属于第一梯队名校学区，且周边500米内解决幼小衔接教育配套。,主要在陆家嘴/徐家汇CBD上班，首选地铁2/9号线沿线，通勤半小时内。,倡导轻户外，周末常带家人自驾野营或山系徒步，注重生活情调与手作咖啡。,名下持有一套旧两居，置换回款 65% + 个人理财储蓄补充 + 公积金商业贷,重性价比，不盲信大牌，但要求物业管理有序、绿化修剪及时、人防技防规范。,常年本地稳定居住，工作日职住通勤动线规则单一。
上_2008_01822,上海,2008,金融精英,37,女,0.8,4.8,0.4,8.9,3,2,是,A,research,0.88,0.45,0.54,0.71,0.68,0.61,0.72,0.88,0.97,自住-改善,一室一厅,84,840,申银万国证券分析员,二胎黄金期中大户型,西湖边高精平层,当前房屋属于旧多层无电梯房，父母年纪渐高每天爬楼梯极为吃力。,要求独立电梯入户，主次卧动线分明，配备独立保姆房和私密后院。,主要在陆家嘴/徐家汇CBD上班，首选地铁2/9号线沿线，通勤半小时内。,周末常去高端商圈消费，热衷打网球和马术，重度手冲咖啡及黑胶唱片发烧友。,名下已有企业股权套现或分红现金，一次性全款付清，基本不加杠杆,非仁恒、绿城、万科等金牌开发商不买，极度看重高端精装质量与顶级物业的增值口碑。,常年本地稳定居住，工作日职住通勤动线规则单一。
上_2008_01823,上海,2008,教育型买房,41,女,2.9,21.4,0.4,40.1,3,1,是,B,social,0.7,0.35,0.51,0.5,0.52,0.65,0.48,1,0.64,学区房,两室两厅,90,3859,区财政局科员,三口之家(学龄段),上海中环品质两居，车位及空间极其拥挤,小区无地下车库且人车不分流，小孩在楼下玩耍或者推婴儿车极为不安全。,核心要求地块属于第一梯队名校学区，且周边500米内解决幼小衔接教育配套。,主要在陆家嘴/徐家汇CBD上班，首选地铁2/9号线沿线，通勤半小时内。,倡导轻户外，周末常带家人自驾野营或山系徒步，注重生活情调与手作咖啡。,名下持有一套旧两居，置换回款 65% + 个人理财储蓄补充 + 公积金商业贷,重性价比，不盲信大牌，但要求物业管理有序、绿化修剪及时、人防技防规范。,常年本地稳定居住，工作日职住通勤动线规则单一。
上_2008_01824,上海,2008,本地改善,48,男,0.9,8.2,0.45,13.6,4,2,否,B,agent,0.88,0.49,0.68,0.46,0.53,0.92,0.56,0.64,0.57,自住-改善,一室一厅,75,1280,邮政局局长秘书,二胎黄金期中大户型,上海中环品质两居，车位及空间极其拥挤,小区无地下车库且人车不分流，小孩在楼下玩耍或者推婴儿车极为不安全。,讲究超高得房率（超85%），主卧套房必须配备独立步入式衣帽间与干湿分离双卫。,主要在陆家嘴/徐家汇CBD上班，首选地铁2/9号线沿线，通勤半小时内。,倡导轻户外，周末常带家人自驾野营或山系徒步，注重生活情调与手作咖啡。,名下持有一套旧两居，置换回款 65% + 个人理财储蓄补充 + 公积金商业贷,重性价比，不盲信大牌，但要求物业管理有序、绿化修剪及时、人防技防规范。,常年本地稳定居住，工作日职住通勤动线规则单一。
上_2008_01825,上海,2008,金融精英,46,女,4.1,39.2,0.4,73.5,3,1,是,A,research,1,0.45,0.54,0.58,0.76,0.75,0.63,0.84,0.73,自住-改善,一室一厅,65,9812,商业银行支行信贷科长,三口之家(学龄段),市中心私密洋房住宅,当前房屋属于旧多层无电梯房，父母年纪渐高每天爬楼梯极为吃力。,讲究超高得房率（超85%），主卧套房必须配备独立步入式衣帽间与干湿分离双卫。,主要在陆家嘴/徐家汇CBD上班，首选地铁2/9号线沿线，通勤半小时内。,周末常去高端商圈消费，热衷打网球和马术，重度手冲咖啡及黑胶唱片发烧友。,名下已有企业股权套现或分红现金，一次性全款付清，基本不加杠杆,非仁恒、绿城、万科等金牌开发商不买，极度看重高端精装质量与顶级物业的增值口碑。,常年本地稳定居住，工作日职住通勤动线规则单一。
上_2008_01826,上海,2008,本地改善,43,男,1.6,18.4,0.45,30.7,5,1,否,B,agent,0.65,0.43,0.55,0.57,0.47,0.84,0.55,0.75,0.52,自住-改善,两室两厅,72,3470,市第二中学地理教师,三口之家(学龄段),上海中环品质两居，车位及空间极其拥挤,小区无地下车库且人车不分流，小孩在楼下玩耍或者推婴儿车极为不安全。,讲究超高得房率（超85%），主卧套房必须配备独立步入式衣帽间与干湿分离双卫。,主要在陆家嘴/徐家汇CBD上班，首选地铁2/9号线沿线，通勤半小时内。,倡导轻户外，周末常带家人自驾野营或山系徒步，注重生活情调与手作咖啡。,名下持有一套旧两居，置换回款 65% + 个人理财储蓄补充 + 公积金商业贷,重性价比，不盲信大牌，但要求物业管理有序、绿化修剪及时、人防技防规范。,常年本地稳定居住，工作日职住通勤动线规则单一。
上_2008_01827,上海,2008,教育型买房,43,女,4.9,29.6,0.4,55.5,3,1,是,B,social,0.86,0.59,0.33,0.37,0.6,0.8,0.61,1,0.57,学区房,两室一厅,92,4552,市第二中学地理教师,三口之家(学龄段),上海中环品质两居，车位及空间极其拥挤,小区无地下车库且人车不分流，小孩在楼下玩耍或者推婴儿车极为不安全。,讲究超高得房率（超85%），主卧套房必须配备独立步入式衣帽间与干湿分离双卫。,主要在陆家嘴/徐家汇CBD上班，首选地铁2/9号线沿线，通勤半小时内。,倡导轻户外，周末常带家人自驾野营或山系徒步，注重生活情调与手作咖啡。,名下持有一套旧两居，置换回款 65% + 个人理财储蓄补充 + 公积金商业贷,重性价比，不盲信大牌，但要求物业管理有序、绿化修剪及时、人防技防规范。,常年本地稳定居住，工作日职住通勤动线规则单一。
上_2008_01828,上海,2008,金融精英,35,女,6.9,39.8,0.4,74.6,4,0,否,A,research,0.49,0.38,0.65,0.71,0.69,0.78,0.74,0.81,0.88,自住-首套,两室一厅,50,11805,老牌证券公司营业部经理,新婚过渡两居,陆家嘴核心区江景大平层,无高端私密会所及管家式物业配套，圈层鱼龙混杂，高净值居住体验差。,要求独立电梯入户，主次卧动线分明，配备独立保姆房和私密后院。,主要在陆家嘴/徐家汇CBD上班，首选地铁2/9号线沿线，通勤半小时内。,周末常去高端商圈消费，热衷打网球和马术，重度手冲咖啡及黑胶唱片发烧友。,夫妻双方积蓄 + 双方父母出资赞助首付 + 公积金商业组合贷款,非仁恒、绿城、万科等金牌开发商不买，极度看重高端精装质量与顶级物业的增值口碑。,常年本地稳定居住，工作日职住通勤动线规则单一。
上_2008_01829,上海,2008,教育型买房,35,男,2.9,20.9,0.4,39.2,4,1,否,B,social,0.89,0.61,0.44,0.48,0.59,0.74,0.52,1,0.68,学区房,两室一厅,96,2402,国企车间技术主任,三口之家(幼龄段),上海中环品质两居，车位及空间极其拥挤,小区无地下车库且人车不分流，小孩在楼下玩耍或者推婴儿车极为不安全。,讲究超高得房率（超85%），主卧套房必须配备独立步入式衣帽间与干湿分离双卫。,主要在陆家嘴/徐家汇CBD上班，首选地铁2/9号线沿线，通勤半小时内。,倡导轻户外，周末常带家人自驾野营或山系徒步，注重生活情调与手作咖啡。,名下持有一套旧两居，置换回款 65% + 个人理财储蓄补充 + 公积金商业贷,重性价比，不盲信大牌，但要求物业管理有序、绿化修剪及时、人防技防规范。,常年本地稳定居住，工作日职住通勤动线规则单一。
上_2008_01830,上海,2008,教育型买房,35,女,1.8,16.3,0.4,30.6,3,1,否,B,social,0.95,0.45,0.49,0.61,0.49,0.65,0.47,0.96,0.62,学区房,两室两厅,79,2469,国企车间技术主任,三口之家(幼龄段),上海中环品质两居，车位及空间极其拥挤,小区无地下车库且人车不分流，小孩在楼下玩耍或者推婴儿车极为不安全。,核心要求地块属于第一梯队名校学区，且周边500米内解决幼小衔接教育配套。,主要在陆家嘴/徐家汇CBD上班，首选地铁2/9号线沿线，通勤半小时内。,倡导轻户外，周末常带家人自驾野营或山系徒步，注重生活情调与手作咖啡。,名下持有一套旧两居，置换回款 65% + 个人理财储蓄补充 + 公积金商业贷,重性价比，不盲信大牌，但要求物业管理有序、绿化修剪及时、人防技防规范。,常年本地稳定居住，工作日职住通勤动线规则单一。
上_2008_01831,上海,2008,长三角家庭,40,男,3.8,20.0,0.45,33.3,4,1,是,B,agent,0.82,0.51,0.54,0.46,0.55,0.63,0.47,0.57,0.67,自住-改善,两室一厅,97,2860,国企车间技术主任,三口之家(学龄段),上海中环品质两居，车位及空间极其拥挤,小区无地下车库且人车不分流，小孩在楼下玩耍或者推婴儿车极为不安全。,要求采光通透，全明户型，带多功能嵌入式收纳墙以最大化空间利用。,主要在陆家嘴/徐家汇CBD上班，首选地铁2/9号线沿线，通勤半小时内。,倡导轻户外，周末常带家人自驾野营或山系徒步，注重生活情调与手作咖啡。,名下持有一套旧两居，置换回款 65% + 个人理财储蓄补充 + 公积金商业贷,重性价比，不盲信大牌，但要求物业管理有序、绿化修剪及时、人防技防规范。,常年本地稳定居住，工作日职住通勤动线规则单一。
上_2008_01832,上海,2008,金融精英,41,女,2.9,25.8,0.4,48.4,3,0,否,A,research,0.63,0.48,0.63,0.53,0.78,0.8,0.74,0.65,0.9,自住-首套,一室一厅,92,3790,申银万国证券分析员,成熟期核心家庭,市中心私密洋房住宅,无高端私密会所及管家式物业配套，圈层鱼龙混杂，高净值居住体验差。,讲究超高得房率（超85%），主卧套房必须配备独立步入式衣帽间与干湿分离双卫。,主要在陆家嘴/徐家汇CBD上班，首选地铁2/9号线沿线，通勤半小时内。,周末常去高端商圈消费，热衷打网球和马术，重度手冲咖啡及黑胶唱片发烧友。,夫妻双方积蓄 + 双方父母出资赞助首付 + 公积金商业组合贷款,非仁恒、绿城、万科等金牌开发商不买，极度看重高端精装质量与顶级物业的增值口碑。,常年本地稳定居住，工作日职住通勤动线规则单一。
上_2008_01833,上海,2008,金融精英,50,女,6.2,56.2,0.4,105.3,3,1,否,A,research,0.65,0.47,0.75,0.66,0.73,0.69,0.58,0.69,0.81,自住-改善,一室一厅,70,8520,申银万国证券分析员,三口之家(学龄段),陆家嘴核心区江景大平层,无高端私密会所及管家式物业配套，圈层鱼龙混杂，高净值居住体验差。,要求有超大面宽南向双阳台（观景家政分离），主卧大飘窗能270度直面自然景观。,主要在陆家嘴/徐家汇CBD上班，首选地铁2/9号线沿线，通勤半小时内。,周末常去高端商圈消费，热衷打网球和马术，重度手冲咖啡及黑胶唱片发烧友。,名下已有企业股权套现或分红现金，一次性全款付清，基本不加杠杆,非仁恒、绿城、万科等金牌开发商不买，极度看重高端精装质量与顶级物业的增值口碑。,常年本地稳定居住，工作日职住通勤动线规则单一。
上_2008_01834,上海,2008,本地改善,54,男,2.4,23.9,0.45,39.8,4,2,是,B,agent,0.76,0.58,0.62,0.45,0.61,0.81,0.52,0.78,0.51,自住-改善,两室一厅,72,4805,邮政局局长秘书,二胎黄金期中大户型,上海中环品质两居，车位及空间极其拥挤,小区无地下车库且人车不分流，小孩在楼下玩耍或者推婴儿车极为不安全。,讲究超高得房率（超85%），主卧套房必须配备独立步入式衣帽间与干湿分离双卫。,主要在陆家嘴/徐家汇CBD上班，首选地铁2/9号线沿线，通勤半小时内。,倡导轻户外，周末常带家人自驾野营或山系徒步，注重生活情调与手作咖啡。,名下持有一套旧两居，置换回款 65% + 个人理财储蓄补充 + 公积金商业贷,重性价比，不盲信大牌，但要求物业管理有序、绿化修剪及时、人防技防规范。,常年本地稳定居住，工作日职住通勤动线规则单一。
上_2008_01835,上海,2008,金融精英,35,男,4.5,37.5,0.4,70.4,3,2,否,A,research,0.79,0.43,0.84,0.51,0.82,0.69,0.8,0.81,0.91,自住-首套,两室两厅,60,10450,老牌证券公司营业部经理,二胎黄金期中大户型,西湖边高精平层,无高端私密会所及管家式物业配套，圈层鱼龙混杂，高净值居住体验差。,要求有超大面宽南向双阳台（观景家政分离），主卧大飘窗能270度直面自然景观。,主要在陆家嘴/徐家汇CBD上班，首选地铁2/9号线沿线，通勤半小时内。,周末常去高端商圈消费，热衷打网球和马术，重度手冲咖啡及黑胶唱片发烧友。,夫妻双方积蓄 + 双方父母出资赞助首付 + 公积金商业组合贷款,非仁恒、绿城、万科等金牌开发商不买，极度看重高端精装质量与顶级物业的增值口碑。,常年本地稳定居住，工作日职住通勤动线规则单一。
上_2008_01836,上海,2008,金融精英,48,女,5.0,49.9,0.4,93.6,3,1,否,A,research,0.64,0.39,0.75,0.57,0.68,0.65,0.81,0.79,0.84,自住-改善,两室一厅,94,6106,老牌证券公司营业部经理,三口之家(学龄段),西湖边高精平层,无高端私密会所及管家式物业配套，圈层鱼龙混杂，高净值居住体验差。,要求有超大面宽南向双阳台（观景家政分离），主卧大飘窗能270度直面自然景观。,主要在陆家嘴/徐家汇CBD上班，首选地铁2/9号线沿线，通勤半小时内。,周末常去高端商圈消费，热衷打网球和马术，重度手冲咖啡及黑胶唱片发烧友。,名下已有企业股权套现或分红现金，一次性全款付清，基本不加杠杆,非仁恒、绿城、万科等金牌开发商不买，极度看重高端精装质量与顶级物业的增值口碑。,常年本地稳定居住，工作日职住通勤动线规则单一。
上_2008_01837,上海,2008,本地改善,41,男,3.4,26.5,0.45,44.1,5,3,是,B,agent,0.68,0.58,0.57,0.62,0.53,0.7,0.59,0.7,0.46,自住-改善,两室一厅,86,3752,市第二中学地理教师,二胎黄金期中大户型,上海中环品质两居，车位及空间极其拥挤,小区无地下车库且人车不分流，小孩在楼下玩耍或者推婴儿车极为不安全。,讲究超高得房率（超85%），主卧套房必须配备独立步入式衣帽间与干湿分离双卫。,主要在陆家嘴/徐家汇CBD上班，首选地铁2/9号线沿线，通勤半小时内。,倡导轻户外，周末常带家人自驾野营或山系徒步，注重生活情调与手作咖啡。,名下持有一套旧两居，置换回款 65% + 个人理财储蓄补充 + 公积金商业贷,重性价比，不盲信大牌，但要求物业管理有序、绿化修剪及时、人防技防规范。,常年本地稳定居住，工作日职住通勤动线规则单一。
上_2008_01838,上海,2008,金融精英,32,女,4.6,37.8,0.4,71.0,3,1,否,A,research,0.79,0.52,0.67,0.67,0.81,0.77,0.74,0.85,0.73,自住-首套,一室一厅,74,6271,申银万国证券分析员,三口之家(幼龄段),陆家嘴核心区江景大平层,无高端私密会所及管家式物业配套，圈层鱼龙混杂，高净值居住体验差。,讲究超高得房率（超85%），主卧套房必须配备独立步入式衣帽间与干湿分离双卫。,主要在陆家嘴/徐家汇CBD上班，首选地铁2/9号线沿线，通勤半小时内。,周末常去高端商圈消费，热衷打网球和马术，重度手冲咖啡及黑胶唱片发烧友。,夫妻双方积蓄 + 双方父母出资赞助首付 + 公积金商业组合贷款,非仁恒、绿城、万科等金牌开发商不买，极度看重高端精装质量与顶级物业的增值口碑。,常年本地稳定居住，工作日职住通勤动线规则单一。
上_2008_01839,上海,2008,本地改善,44,男,1.3,13.4,0.45,22.3,3,1,是,B,agent,0.81,0.52,0.51,0.69,0.68,0.84,0.6,0.65,0.56,自住-改善,两室一厅,82,1980,区财政局科员,三口之家(学龄段),上海中环品质两居，车位及空间极其拥挤,小区无地下车库且人车不分流，小孩在楼下玩耍或者推婴儿车极为不安全。,讲究超高得房率（超85%），主卧套房必须配备独立步入式衣帽间与干湿分离双卫。,主要在陆家嘴/徐家汇CBD上班，首选地铁2/9号线沿线，通勤半小时内。,倡导轻户外，周末常带家人自驾野营或山系徒步，注重生活情调与手作咖啡。,名下持有一套旧两居，置换回款 65% + 个人理财储蓄补充 + 公积金商业贷,重性价比，不盲信大牌，但要求物业管理有序、绿化修剪及时、人防技防规范。,常年本地稳定居住，工作日职住通勤动线规则单一。
上_2008_01840,上海,2008,外籍海归,35,男,2.8,16.4,0.4,30.8,4,2,否,A,social,0.77,0.52,0.69,0.58,0.76,0.87,0.82,0.9,0.68,自住-首套,两室两厅,63,4074,合资日化企业技术主管,二胎黄金期中大户型,西湖边高精平层,无高端私密会所及管家式物业配套，圈层鱼龙混杂，高净值居住体验差。,讲究超高得房率（超85%），主卧套房必须配备独立步入式衣帽间与干湿分离双卫。,主要在陆家嘴/徐家汇CBD上班，首选地铁2/9号线沿线，通勤半小时内。,周末常去高端商圈消费，热衷打网球和马术，重度手冲咖啡及黑胶唱片发烧友。,夫妻双方积蓄 + 双方父母出资赞助首付 + 公积金商业组合贷款,重性价比，不盲信大牌，但要求物业管理有序、绿化修剪及时、人防技防规范。,常年本地稳定居住，工作日职住通勤动线规则单一。
上_2008_01841,上海,2008,本地改善,38,男,2.4,18.9,0.45,31.4,4,2,否,B,agent,0.88,0.5,0.51,0.6,0.44,0.87,0.6,0.81,0.58,自住-改善,两室两厅,69,4091,市第二中学地理教师,二胎黄金期中大户型,上海中环品质两居，车位及空间极其拥挤,小区无地下车库且人车不分流，小孩在楼下玩耍或者推婴儿车极为不安全。,讲究超高得房率（超85%），主卧套房必须配备独立步入式衣帽间与干湿分离双卫。,主要在陆家嘴/徐家汇CBD上班，首选地铁2/9号线沿线，通勤半小时内。,倡导轻户外，周末常带家人自驾野营或山系徒步，注重生活情调与手作咖啡。,名下持有一套旧两居，置换回款 65% + 个人理财储蓄补充 + 公积金商业贷,重性价比，不盲信大牌，但要求物业管理有序、绿化修剪及时、人防技防规范。,常年本地稳定居住，工作日职住通勤动线规则单一。
上_2008_01842,上海,2008,本地改善,46,女,1.2,13.6,0.45,22.7,4,2,是,B,agent,0.66,0.59,0.44,0.65,0.66,0.83,0.61,0.7,0.57,自住-改善,一室一厅,87,1548,国企车间技术主任,二胎黄金期中大户型,上海中环品质两居，车位及空间极其拥挤,小区无地下车库且人车不分流，小孩在楼下玩耍或者推婴儿车极为不安全。,讲究超高得房率（超85%），主卧套房必须配备独立步入式衣帽间与干湿分离双卫。,主要在陆家嘴/徐家汇CBD上班，首选地铁2/9号线沿线，通勤半小时内。,倡导轻户外，周末常带家人自驾野营或山系徒步，注重生活情调与手作咖啡。,名下持有一套旧两居，置换回款 65% + 个人理财储蓄补充 + 公积金商业贷,重性价比，不盲信大牌，但要求物业管理有序、绿化修剪及时、人防技防规范。,常年本地稳定居住，工作日职住通勤动线规则单一。
上_2008_01843,上海,2008,本地改善,43,男,2.1,26.1,0.45,43.5,5,2,否,B,agent,0.96,0.32,0.52,0.41,0.45,0.84,0.55,0.64,0.61,自住-改善,两室一厅,65,4459,市第二中学地理教师,二胎黄金期中大户型,上海中环品质两居，车位及空间极其拥挤,小区无地下车库且人车不分流，小孩在楼下玩耍或者推婴儿车极为不安全。,讲究超高得房率（超85%），主卧套房必须配备独立步入式衣帽间与干湿分离双卫。,主要在陆家嘴/徐家汇CBD上班，首选地铁2/9号线沿线，通勤半小时内。,倡导轻户外，周末常带家人自驾野营或山系徒步，注重生活情调与手作咖啡。,名下持有一套旧两居，置换回款 65% + 个人理财储蓄补充 + 公积金商业贷,重性价比，不盲信大牌，但要求物业管理有序、绿化修剪及时、人防技防规范。,常年本地稳定居住，工作日职住通勤动线规则单一。
上_2008_01844,上海,2008,教育型买房,35,男,4.7,38.8,0.4,72.7,3,1,是,B,social,0.88,0.44,0.38,0.29,0.66,0.63,0.57,1,0.42,学区房,一室一厅,82,4553,区财政局科员,三口之家(幼龄段),上海中环品质两居，车位及空间极其拥挤,小区无地下车库且人车不分流，小孩在楼下玩耍或者推婴儿车极为不安全。,核心要求地块属于第一梯队名校学区，且周边500米内解决幼小衔接教育配套。,主要在陆家嘴/徐家汇CBD上班，首选地铁2/9号线沿线，通勤半小时内。,倡导轻户外，周末常带家人自驾野营或山系徒步，注重生活情调与手作咖啡。,名下持有一套旧两居，置换回款 65% + 个人理财储蓄补充 + 公积金商业贷,重性价比，不盲信大牌，但要求物业管理有序、绿化修剪及时、人防技防规范。,常年本地稳定居住，工作日职住通勤动线规则单一。
上_2008_01845,上海,2008,教育型买房,40,女,4.0,40.5,0.4,75.9,4,1,是,B,social,0.84,0.48,0.44,0.36,0.56,0.74,0.62,1,0.57,学区房,一室一厅,97,6832,国企车间技术主任,三口之家(学龄段),上海中环品质两居，车位及空间极其拥挤,小区无地下车库且人车不分流，小孩在楼下玩耍或者推婴儿车极为不安全。,讲究超高得房率（超85%），主卧套房必须配备独立步入式衣帽间与干湿分离双卫。,主要在陆家嘴/徐家汇CBD上班，首选地铁2/9号线沿线，通勤半小时内。,倡导轻户外，周末常带家人自驾野营或山系徒步，注重生活情调与手作咖啡。,名下持有一套旧两居，置换回款 65% + 个人理财储蓄补充 + 公积金商业贷,重性价比，不盲信大牌，但要求物业管理有序、绿化修剪及时、人防技防规范。,常年本地稳定居住，工作日职住通勤动线规则单一。
上_2008_01846,上海,2008,长三角家庭,52,女,2.4,13.6,0.45,22.7,3,2,是,B,agent,0.63,0.62,0.57,0.56,0.46,0.91,0.4,0.81,0.66,自住-改善,两室一厅,75,1889,区财政局科员,二胎黄金期中大户型,上海中环品质两居，车位及空间极其拥挤,小区无地下车库且人车不分流，小孩在楼下玩耍或者推婴儿车极为不安全。,讲究超高得房率（超85%），主卧套房必须配备独立步入式衣帽间与干湿分离双卫。,主要在陆家嘴/徐家汇CBD上班，首选地铁2/9号线沿线，通勤半小时内。,倡导轻户外，周末常带家人自驾野营或山系徒步，注重生活情调与手作咖啡。,名下持有一套旧两居，置换回款 65% + 个人理财储蓄补充 + 公积金商业贷,重性价比，不盲信大牌，但要求物业管理有序、绿化修剪及时、人防技防规范。,常年本地稳定居住，工作日职住通勤动线规则单一。
上_2008_01847,上海,2008,本地改善,45,男,2.8,30.8,0.45,51.4,5,3,是,B,agent,0.72,0.54,0.45,0.46,0.58,0.97,0.63,0.64,0.55,自住-改善,两室两厅,58,5366,区财政局科员,二胎黄金期中大户型,上海中环品质两居，车位及空间极其拥挤,小区无地下车库且人车不分流，小孩在楼下玩耍或者推婴儿车极为不安全。,讲究超高得房率（超85%），主卧套房必须配备独立步入式衣帽间与干湿分离双卫。,主要在陆家嘴/徐家汇CBD上班，首选地铁2/9号线沿线，通勤半小时内。,倡导轻户外，周末常带家人自驾野营或山系徒步，注重生活情调与手作咖啡。,名下持有一套旧两居，置换回款 65% + 个人理财储蓄补充 + 公积金商业贷,重性价比，不盲信大牌，但要求物业管理有序、绿化修剪及时、人防技防规范。,常年本地稳定居住，工作日职住通勤动线规则单一。
上_2008_01848,上海,2008,本地改善,51,男,2.7,27.8,0.45,46.3,5,2,否,B,agent,0.6,0.54,0.46,0.4,0.4,0.75,0.63,0.72,0.65,自住-改善,一室一厅,53,7239,区财政局科员,二胎黄金期中大户型,上海中环品质两居，车位及空间极其拥挤,小区无地下车库且人车不分流，小孩在楼下玩耍或者推婴儿车极为不安全。,讲究超高得房率（超85%），主卧套房必须配备独立步入式衣帽间与干湿分离双卫。,主要在陆家嘴/徐家汇CBD上班，首选地铁2/9号线沿线，通勤半小时内。,倡导轻户外，周末常带家人自驾野营或山系徒步，注重生活情调与手作咖啡。,名下持有一套旧两居，置换回款 65% + 个人理财储蓄补充 + 公积金商业贷,重性价比，不盲信大牌，但要求物业管理有序、绿化修剪及时、人防技防规范。,常年本地稳定居住，工作日职住通勤动线规则单一。
上_2008_01849,上海,2008,本地改善,42,男,1.1,14.7,0.45,24.5,4,3,是,B,agent,0.89,0.71,0.5,0.5,0.52,1,0.57,0.73,0.65,自住-改善,两室一厅,54,3320,区财政局科员,二胎黄金期中大户型,上海中环品质两居，车位及空间极其拥挤,小区无地下车库且人车不分流，小孩在楼下玩耍或者推婴儿车极为不安全。,讲究超高得房率（超85%），主卧套房必须配备独立步入式衣帽间与干湿分离双卫。,主要在陆家嘴/徐家汇CBD上班，首选地铁2/9号线沿线，通勤半小时内。,倡导轻户外，周末常带家人自驾野营或山系徒步，注重生活情调与手作咖啡。,名下持有一套旧两居，置换回款 65% + 个人理财储蓄补充 + 公积金商业贷,重性价比，不盲信大牌，但要求物业管理有序、绿化修剪及时、人防技防规范。,常年本地稳定居住，工作日职住通勤动线规则单一。
上_2008_01850,上海,2008,本地改善,50,男,2.5,24.6,0.45,41.0,4,3,否,B,agent,0.73,0.47,0.58,0.65,0.57,0.87,0.52,0.61,0.55,自住-改善,两室两厅,74,3477,国企车间技术主任,二胎黄金期中大户型,上海中环品质两居，车位及空间极其拥挤,小区无地下车库且人车不分流，小孩在楼下玩耍或者推婴儿车极为不安全。,讲究超高得房率（超85%），主卧套房必须配备独立步入式衣帽间与干湿分离双卫。,主要在陆家嘴/徐家汇CBD上班，首选地铁2/9号线沿线，通勤半小时内。,倡导轻户外，周末常带家人自驾野营或山系徒步，注重生活情调与手作咖啡。,名下持有一套旧两居，置换回款 65% + 个人理财储蓄补充 + 公积金商业贷,重性价比，不盲信大牌，但要求物业管理有序、绿化修剪及时、人防技防规范。,常年本地稳定居住，工作日职住通勤动线规则单一。
上_2008_01851,上海,2008,长三角家庭,37,男,3.3,21.7,0.45,36.2,4,2,否,B,agent,0.89,0.43,0.41,0.49,0.53,0.83,0.55,0.57,0.67,自住-改善,两室两厅,75,4071,区财政局科员,二胎黄金期中大户型,上海中环品质两居，车位及空间极其拥挤,小区无地下车库且人车不分流，小孩在楼下玩耍或者推婴儿车极为不安全。,讲究超高得房率（超85%），主卧套房必须配备独立步入式衣帽间与干湿分离双卫。,主要在陆家嘴/徐家汇CBD上班，首选地铁2/9号线沿线，通勤半小时内。,倡导轻户外，周末常带家人自驾野营或山系徒步，注重生活情调与手作咖啡。,名下持有一套旧两居，置换回款 65% + 个人理财储蓄补充 + 公积金商业贷,重性价比，不盲信大牌，但要求物业管理有序、绿化修剪及时、人防技防规范。,常年本地稳定居住，工作日职住通勤动线规则单一。
上_2008_01852,上海,2008,本地改善,55,男,3.9,35.1,0.45,58.5,3,2,是,B,agent,0.77,0.35,0.58,0.52,0.54,0.99,0.71,0.72,0.61,自住-改善,两室一厅,61,5560,邮政局局长秘书,二胎黄金期中大户型,上海中环品质两居，车位及空间极其拥挤,小区无地下车库且人车不分流，小孩在楼下玩耍或者推婴儿车极为不安全。,讲究超高得房率（超85%），主卧套房必须配备独立步入式衣帽间与干湿分离双卫。,主要在陆家嘴/徐家汇CBD上班，首选地铁2/9号线沿线，通勤半小时内。,倡导轻户外，周末常带家人自驾野营或山系徒步，注重生活情调与手作咖啡。,名下持有一套旧两居，置换回款 65% + 个人理财储蓄补充 + 公积金商业贷,重性价比，不盲信大牌，但要求物业管理有序、绿化修剪及时、人防技防规范。,常年本地稳定居住，工作日职住通勤动线规则单一。
上_2008_01853,上海,2008,教育型买房,40,男,2.2,16.5,0.4,30.9,3,1,否,B,social,1,0.51,0.4,0.3,0.6,0.67,0.63,0.86,0.56,学区房,一室一厅,76,2124,区财政局科员,三口之家(学龄段),上海中环品质两居，车位及空间极其拥挤,小区无地下车库且人车不分流，小孩在楼下玩耍或者推婴儿车极为不安全。,核心要求地块属于第一梯队名校学区，且周边500米内解决幼小衔接教育配套。,主要在陆家嘴/徐家汇CBD上班，首选地铁2/9号线沿线，通勤半小时内。,倡导轻户外，周末常带家人自驾野营或山系徒步，注重生活情调与手作咖啡。,名下持有一套旧两居，置换回款 65% + 个人理财储蓄补充 + 公积金商业贷,重性价比，不盲信大牌，但要求物业管理有序、绿化修剪及时、人防技防规范。,常年本地稳定居住，工作日职住通勤动线规则单一。
上_2008_01854,上海,2008,本地改善,58,女,2.1,20.0,0.45,33.3,4,1,是,B,agent,0.42,0.42,0.52,0.6,0.57,0.84,0.62,0.63,0.65,自住-改善,两室一厅,98,3010,国企车间技术主任,三口之家(学龄段),上海中环品质两居，车位及空间极其拥挤,小区无地下车库且人车不分流，小孩在楼下玩耍或者推婴儿车极为不安全。,讲究超高得房率（超85%），主卧套房必须配备独立步入式衣帽间与干湿分离双卫。,主要在陆家嘴/徐家汇CBD上班，首选地铁2/9号线沿线，通勤半小时内。,倡导轻户外，周末常带家人自驾野营或山系徒步，注重生活情调与手作咖啡。,名下持有一套旧两居，置换回款 65% + 个人理财储蓄补充 + 公积金商业贷,重性价比，不盲信大牌，但要求物业管理有序、绿化修剪及时、人防技防规范。,常年本地稳定居住，工作日职住通勤动线规则单一。
上_2008_01855,上海,2008,长三角家庭,53,男,2.9,21.6,0.45,36.0,4,1,否,B,agent,0.91,0.61,0.56,0.45,0.52,1,0.52,0.82,0.55,自住-改善,两室一厅,85,2169,市第二中学地理教师,三口之家(学龄段),上海中环品质两居，车位及空间极其拥挤,小区无地下车库且人车不分流，小孩在楼下玩耍或者推婴儿车极为不安全。,讲究超高得房率（超85%），主卧套房必须配备独立步入式衣帽间与干湿分离双卫。,主要在陆家嘴/徐家汇CBD上班，首选地铁2/9号线沿线，通勤半小时内。,倡导轻户外，周末常带家人自驾野营或山系徒步，注重生活情调与手作咖啡。,名下持有一套旧两居，置换回款 65% + 个人理财储蓄补充 + 公积金商业贷,重性价比，不盲信大牌，但要求物业管理有序、绿化修剪及时、人防技防规范。,常年本地稳定居住，工作日职住通勤动线规则单一。
上_2008_01856,上海,2008,金融精英,46,男,9.5,68.0,0.4,127.5,4,2,否,A,research,0.82,0.46,0.69,0.6,0.71,0.95,0.67,0.87,0.64,自住-改善,两室两厅,85,9552,老牌证券公司营业部经理,二胎黄金期中大户型,西湖边高精平层,无高端私密会所及管家式物业配套，圈层鱼龙混杂，高净值居住体验差。,讲究超高得房率（超85%），主卧套房必须配备独立步入式衣帽间与干湿分离双卫。,主要在陆家嘴/徐家汇CBD上班，首选地铁2/9号线沿线，通勤半小时内。,周末常去高端商圈消费，热衷打网球和马术，重度手冲咖啡及黑胶唱片发烧友。,名下已有企业股权套现或分红现金，一次性全款付清，基本不加杠杆,重性价比，不盲信大牌，但要求物业管理有序、绿化修剪及时、人防技防规范。,常年本地稳定居住，工作日职住通勤动线规则单一。
上_2008_01857,上海,2008,教育型买房,40,男,0.9,5.1,0.4,9.7,4,1,是,B,social,0.81,0.46,0.43,0.48,0.62,0.79,0.57,1,0.5,学区房,两室两厅,67,838,区财政局科员,三口之家(学龄段),上海中环品质两居，车位及空间极其拥挤,小区无地下车库且人车不分流，小孩在楼下玩耍或者推婴儿车极为不安全。,讲究超高得房率（超85%），主卧套房必须配备独立步入式衣帽间与干湿分离双卫。,主要在陆家嘴/徐家汇CBD上班，首选地铁2/9号线沿线，通勤半小时内。,倡导轻户外，周末常带家人自驾野营或山系徒步，注重生活情调与手作咖啡。,名下持有一套旧两居，置换回款 65% + 个人理财储蓄补充 + 公积金商业贷,重性价比，不盲信大牌，但要求物业管理有序、绿化修剪及时、人防技防规范。,常年本地稳定居住，工作日职住通勤动线规则单一。
上_2008_01858,上海,2008,本地改善,57,男,1.4,13.9,0.45,23.2,4,1,否,B,agent,0.83,0.68,0.55,0.44,0.59,0.86,0.51,0.74,0.62,自住-改善,一室一厅,100,1763,国企车间技术主任,三口之家(学龄段),上海中环品质两居，车位及空间极其拥挤,小区无地下车库且人车不分流，小孩在楼下玩耍或者推婴儿车极为不安全。,讲究超高得房率（超85%），主卧套房必须配备独立步入式衣帽间与干湿分离双卫。,主要在陆家嘴/徐家汇CBD上班，首选地铁2/9号线沿线，通勤半小时内。,倡导轻户外，周末常带家人自驾野营或山系徒步，注重生活情调与手作咖啡。,名下持有一套旧两居，置换回款 65% + 个人理财储蓄补充 + 公积金商业贷,重性价比，不盲信大牌，但要求物业管理有序、绿化修剪及时、人防技防规范。,常年本地稳定居住，工作日职住通勤动线规则单一。
上_2008_01859,上海,2008,金融精英,47,男,3.6,32.2,0.4,60.4,3,1,否,A,research,0.72,0.28,0.7,0.68,0.61,0.56,0.73,0.83,0.87,自住-首套,两室两厅,74,6569,老牌证券公司营业部经理,三口之家(学龄段),西湖边高精平层,无高端私密会所及管家式物业配套，圈层鱼龙混杂，高净值居住体验差。,要求有超大面宽南向双阳台（观景家政分离），主卧大飘窗能270度直面自然景观。,主要在陆家嘴/徐家汇CBD上班，首选地铁2/9号线沿线，通勤半小时内。,周末常去高端商圈消费，热衷打网球和马术，重度手冲咖啡及黑胶唱片发烧友。,夫妻双方积蓄 + 双方父母出资赞助首付 + 公积金商业组合贷款,非仁恒、绿城、万科等金牌开发商不买，极度看重高端精装质量与顶级物业的增值口碑。,常年本地稳定居住，工作日职住通勤动线规则单一。
上_2008_01860,上海,2008,本地改善,42,女,2.1,27.6,0.45,46.0,5,2,是,B,agent,0.42,0.35,0.48,0.47,0.56,0.79,0.59,0.44,0.56,自住-改善,两室两厅,100,3699,国企车间技术主任,二胎黄金期中大户型,上海中环品质两居，车位及空间极其拥挤,小区无地下车库且人车不分流，小孩在楼下玩耍或者推婴儿车极为不安全。,讲究超高得房率（超85%），主卧套房必须配备独立步入式衣帽间与干湿分离双卫。,主要在陆家嘴/徐家汇CBD上班，首选地铁2/9号线沿线，通勤半小时内。,倡导轻户外，周末常带家人自驾野营或山系徒步，注重生活情调与手作咖啡。,名下持有一套旧两居，置换回款 65% + 个人理财储蓄补充 + 公积金商业贷,重性价比，不盲信大牌，但要求物业管理有序、绿化修剪及时、人防技防规范。,常年本地稳定居住，工作日职住通勤动线规则单一。
上_2008_01861,上海,2008,外籍海归,37,男,2.6,17.7,0.4,33.2,3,0,是,A,social,0.79,0.43,0.62,0.55,0.81,0.68,0.55,0.84,0.66,自住-首套,一室一厅,76,3843,合资日化企业技术主管,成熟期核心家庭,陆家嘴核心区江景大平层,当前房屋属于旧多层无电梯房，父母年纪渐高每天爬楼梯极为吃力。,核心要求地块属于第一梯队名校学区，且周边500米内解决幼小衔接教育配套。,主要在陆家嘴/徐家汇CBD上班，首选地铁2/9号线沿线，通勤半小时内。,周末常去高端商圈消费，热衷打网球和马术，重度手冲咖啡及黑胶唱片发烧友。,夫妻双方积蓄 + 双方父母出资赞助首付 + 公积金商业组合贷款,重性价比，不盲信大牌，但要求物业管理有序、绿化修剪及时、人防技防规范。,常年本地稳定居住，工作日职住通勤动线规则单一。
上_2008_01862,上海,2008,金融精英,37,男,3.7,28.4,0.4,53.2,4,1,否,A,research,0.76,0.38,0.59,0.61,0.63,0.72,0.63,0.82,0.89,自住-改善,两室一厅,57,7632,申银万国证券分析员,三口之家(幼龄段),市中心私密洋房住宅,无高端私密会所及管家式物业配套，圈层鱼龙混杂，高净值居住体验差。,讲究超高得房率（超85%），主卧套房必须配备独立步入式衣帽间与干湿分离双卫。,主要在陆家嘴/徐家汇CBD上班，首选地铁2/9号线沿线，通勤半小时内。,周末常去高端商圈消费，热衷打网球和马术，重度手冲咖啡及黑胶唱片发烧友。,名下已有企业股权套现或分红现金，一次性全款付清，基本不加杠杆,非仁恒、绿城、万科等金牌开发商不买，极度看重高端精装质量与顶级物业的增值口碑。,常年本地稳定居住，工作日职住通勤动线规则单一。
上_2008_01863,上海,2008,金融精英,33,男,6.9,66.5,0.4,124.6,2,1,是,A,research,0.68,0.45,0.46,0.67,0.69,0.66,0.7,0.9,0.71,婚房,两室一厅,62,11716,申银万国证券分析员,三口之家(幼龄段),陆家嘴核心区江景大平层,当前房屋属于旧多层无电梯房，父母年纪渐高每天爬楼梯极为吃力。,核心要求地块属于第一梯队名校学区，且周边500米内解决幼小衔接教育配套。,主要在陆家嘴/徐家汇CBD上班，首选地铁2/9号线沿线，通勤半小时内。,周末常去高端商圈消费，热衷打网球和马术，重度手冲咖啡及黑胶唱片发烧友。,夫妻双方积蓄 + 双方父母出资赞助首付 + 公积金商业组合贷款,非仁恒、绿城、万科等金牌开发商不买，极度看重高端精装质量与顶级物业的增值口碑。,常年本地稳定居住，工作日职住通勤动线规则单一。
上_2008_01864,上海,2008,长三角家庭,46,女,2.6,15.1,0.45,25.2,5,2,是,B,agent,0.8,0.41,0.66,0.43,0.55,0.72,0.43,0.74,0.7,自住-首套,两室一厅,89,2003,邮政局局长秘书,二胎黄金期中大户型,上海中环品质两居，车位及空间极其拥挤,小区无地下车库且人车不分流，小孩在楼下玩耍或者推婴儿车极为不安全。,讲究超高得房率（超85%），主卧套房必须配备独立步入式衣帽间与干湿分离双卫。,主要在陆家嘴/徐家汇CBD上班，首选地铁2/9号线沿线，通勤半小时内。,倡导轻户外，周末常带家人自驾野营或山系徒步，注重生活情调与手作咖啡。,夫妻双方积蓄 + 双方父母出资赞助首付 + 公积金商业组合贷款,非仁恒、绿城、万科等金牌开发商不买，极度看重高端精装质量与顶级物业的增值口碑。,常年本地稳定居住，工作日职住通勤动线规则单一。
上_2008_01865,上海,2008,教育型买房,34,女,1.6,9.6,0.4,17.9,3,0,是,B,social,1,0.43,0.32,0.44,0.57,0.72,0.68,0.91,0.66,学区房,两室一厅,67,1906,邮政局局长秘书,新婚过渡两居,上海中环品质两居，车位及空间极其拥挤,当前房屋属于旧多层无电梯房，父母年纪渐高每天爬楼梯极为吃力。,讲究超高得房率（超85%），主卧套房必须配备独立步入式衣帽间与干湿分离双卫。,主要在陆家嘴/徐家汇CBD上班，首选地铁2/9号线沿线，通勤半小时内。,倡导轻户外，周末常带家人自驾野营或山系徒步，注重生活情调与手作咖啡。,名下持有一套旧两居，置换回款 65% + 个人理财储蓄补充 + 公积金商业贷,重性价比，不盲信大牌，但要求物业管理有序、绿化修剪及时、人防技防规范。,常年本地稳定居住，工作日职住通勤动线规则单一。
上_2008_01866,上海,2008,长三角家庭,49,女,2.6,22.1,0.45,36.9,4,3,否,B,agent,0.69,0.59,0.59,0.6,0.52,0.85,0.37,0.78,0.53,自住-首套,两室两厅,79,3455,邮政局局长秘书,二胎黄金期中大户型,上海中环品质两居，车位及空间极其拥挤,小区无地下车库且人车不分流，小孩在楼下玩耍或者推婴儿车极为不安全。,讲究超高得房率（超85%），主卧套房必须配备独立步入式衣帽间与干湿分离双卫。,主要在陆家嘴/徐家汇CBD上班，首选地铁2/9号线沿线，通勤半小时内。,倡导轻户外，周末常带家人自驾野营或山系徒步，注重生活情调与手作咖啡。,夫妻双方积蓄 + 双方父母出资赞助首付 + 公积金商业组合贷款,重性价比，不盲信大牌，但要求物业管理有序、绿化修剪及时、人防技防规范。,常年本地稳定居住，工作日职住通勤动线规则单一。
上_2008_01867,上海,2008,教育型买房,46,男,0.9,8.0,0.4,15.0,3,1,否,B,social,1,0.43,0.39,0.28,0.61,0.62,0.57,0.93,0.61,学区房,一室一厅,84,1136,市第二中学地理教师,三口之家(学龄段),上海中环品质两居，车位及空间极其拥挤,小区无地下车库且人车不分流，小孩在楼下玩耍或者推婴儿车极为不安全。,核心要求地块属于第一梯队名校学区，且周边500米内解决幼小衔接教育配套。,主要在陆家嘴/徐家汇CBD上班，首选地铁2/9号线沿线，通勤半小时内。,倡导轻户外，周末常带家人自驾野营或山系徒步，注重生活情调与手作咖啡。,名下持有一套旧两居，置换回款 65% + 个人理财储蓄补充 + 公积金商业贷,重性价比，不盲信大牌，但要求物业管理有序、绿化修剪及时、人防技防规范。,常年本地稳定居住，工作日职住通勤动线规则单一。
上_2008_01868,上海,2008,金融精英,36,女,4.9,39.0,0.4,73.1,4,1,否,A,research,0.73,0.57,0.67,0.68,0.79,0.67,0.81,0.86,0.94,自住-改善,两室一厅,61,6718,老牌证券公司营业部经理,三口之家(幼龄段),市中心私密洋房住宅,无高端私密会所及管家式物业配套，圈层鱼龙混杂，高净值居住体验差。,核心要求地块属于第一梯队名校学区，且周边500米内解决幼小衔接教育配套。,主要在陆家嘴/徐家汇CBD上班，首选地铁2/9号线沿线，通勤半小时内。,周末常去高端商圈消费，热衷打网球和马术，重度手冲咖啡及黑胶唱片发烧友。,名下已有企业股权套现或分红现金，一次性全款付清，基本不加杠杆,非仁恒、绿城、万科等金牌开发商不买，极度看重高端精装质量与顶级物业的增值口碑。,常年本地稳定居住，工作日职住通勤动线规则单一。
上_2008_01869,上海,2008,金融精英,33,女,4.1,32.3,0.4,60.6,2,1,否,A,research,0.93,0.53,0.69,0.6,0.84,0.79,0.72,0.74,0.82,自住-首套,两室两厅,64,7071,申银万国证券分析员,三口之家(幼龄段),陆家嘴核心区江景大平层,无高端私密会所及管家式物业配套，圈层鱼龙混杂，高净值居住体验差。,讲究超高得房率（超85%），主卧套房必须配备独立步入式衣帽间与干湿分离双卫。,主要在陆家嘴/徐家汇CBD上班，首选地铁2/9号线沿线，通勤半小时内。,周末常去高端商圈消费，热衷打网球和马术，重度手冲咖啡及黑胶唱片发烧友。,夫妻双方积蓄 + 双方父母出资赞助首付 + 公积金商业组合贷款,非仁恒、绿城、万科等金牌开发商不买，极度看重高端精装质量与顶级物业的增值口碑。,常年本地稳定居住，工作日职住通勤动线规则单一。
上_2008_01870,上海,2008,长三角家庭,47,男,2.8,22.1,0.45,36.8,4,1,是,B,agent,0.89,0.58,0.53,0.55,0.42,0.94,0.45,0.61,0.68,自住-首套,一室一厅,93,2074,市第二中学地理教师,三口之家(学龄段),上海中环品质两居，车位及空间极其拥挤,小区无地下车库且人车不分流，小孩在楼下玩耍或者推婴儿车极为不安全。,讲究超高得房率（超85%），主卧套房必须配备独立步入式衣帽间与干湿分离双卫。,主要在陆家嘴/徐家汇CBD上班，首选地铁2/9号线沿线，通勤半小时内。,倡导轻户外，周末常带家人自驾野营或山系徒步，注重生活情调与手作咖啡。,夫妻双方积蓄 + 双方父母出资赞助首付 + 公积金商业组合贷款,重性价比，不盲信大牌，但要求物业管理有序、绿化修剪及时、人防技防规范。,常年本地稳定居住，工作日职住通勤动线规则单一。
上_2008_01871,上海,2008,本地改善,48,男,3.5,38.9,0.45,64.9,5,2,否,B,agent,0.84,0.36,0.52,0.53,0.65,0.79,0.6,0.72,0.53,自住-改善,两室一厅,81,5282,区财政局科员,二胎黄金期中大户型,上海中环品质两居，车位及空间极其拥挤,小区无地下车库且人车不分流，小孩在楼下玩耍或者推婴儿车极为不安全。,讲究超高得房率（超85%），主卧套房必须配备独立步入式衣帽间与干湿分离双卫。,主要在陆家嘴/徐家汇CBD上班，首选地铁2/9号线沿线，通勤半小时内。,倡导轻户外，周末常带家人自驾野营或山系徒步，注重生活情调与手作咖啡。,名下持有一套旧两居，置换回款 65% + 个人理财储蓄补充 + 公积金商业贷,重性价比，不盲信大牌，但要求物业管理有序、绿化修剪及时、人防技防规范。,常年本地稳定居住，工作日职住通勤动线规则单一。
上_2008_01872,上海,2008,外籍海归,31,女,2.0,14.0,0.4,26.2,4,1,是,A,social,0.76,0.42,0.49,0.79,0.84,0.6,0.74,0.87,0.82,婚房,两室两厅,62,2130,外企驻沪办事处代表,三口之家(幼龄段),陆家嘴核心区江景大平层,当前房屋属于旧多层无电梯房，父母年纪渐高每天爬楼梯极为吃力。,要求独立电梯入户，主次卧动线分明，配备独立保姆房和私密后院。,主要在陆家嘴/徐家汇CBD上班，首选地铁2/9号线沿线，通勤半小时内。,周末常去高端商圈消费，热衷打网球和马术，重度手冲咖啡及黑胶唱片发烧友。,夫妻双方积蓄 + 双方父母出资赞助首付 + 公积金商业组合贷款,非仁恒、绿城、万科等金牌开发商不买，极度看重高端精装质量与顶级物业的增值口碑。,常年本地稳定居住，工作日职住通勤动线规则单一。
上_2008_01873,上海,2008,金融精英,46,男,4.9,30.0,0.4,56.2,4,2,否,A,research,0.99,0.39,0.66,0.63,0.79,0.73,0.64,0.76,0.82,自住-首套,一室一厅,68,6058,申银万国证券分析员,二胎黄金期中大户型,西湖边高精平层,无高端私密会所及管家式物业配套，圈层鱼龙混杂，高净值居住体验差。,讲究超高得房率（超85%），主卧套房必须配备独立步入式衣帽间与干湿分离双卫。,主要在陆家嘴/徐家汇CBD上班，首选地铁2/9号线沿线，通勤半小时内。,周末常去高端商圈消费，热衷打网球和马术，重度手冲咖啡及黑胶唱片发烧友。,夫妻双方积蓄 + 双方父母出资赞助首付 + 公积金商业组合贷款,非仁恒、绿城、万科等金牌开发商不买，极度看重高端精装质量与顶级物业的增值口碑。,常年本地稳定居住，工作日职住通勤动线规则单一。
上_2008_01874,上海,2008,本地改善,58,女,1.5,18.3,0.45,30.6,4,3,是,B,agent,0.76,0.53,0.51,0.55,0.53,0.91,0.58,0.72,0.63,自住-改善,一室一厅,82,2151,国企车间技术主任,二胎黄金期中大户型,上海中环品质两居，车位及空间极其拥挤,小区无地下车库且人车不分流，小孩在楼下玩耍或者推婴儿车极为不安全。,讲究超高得房率（超85%），主卧套房必须配备独立步入式衣帽间与干湿分离双卫。,主要在陆家嘴/徐家汇CBD上班，首选地铁2/9号线沿线，通勤半小时内。,倡导轻户外，周末常带家人自驾野营或山系徒步，注重生活情调与手作咖啡。,名下持有一套旧两居，置换回款 65% + 个人理财储蓄补充 + 公积金商业贷,重性价比，不盲信大牌，但要求物业管理有序、绿化修剪及时、人防技防规范。,常年本地稳定居住，工作日职住通勤动线规则单一。
上_2008_01875,上海,2008,本地改善,57,男,2.7,34.5,0.45,57.5,4,2,否,B,agent,0.74,0.7,0.48,0.43,0.42,0.8,0.55,0.63,0.54,自住-改善,一室一厅,73,5410,邮政局局长秘书,二胎黄金期中大户型,上海中环品质两居，车位及空间极其拥挤,小区无地下车库且人车不分流，小孩在楼下玩耍或者推婴儿车极为不安全。,讲究超高得房率（超85%），主卧套房必须配备独立步入式衣帽间与干湿分离双卫。,主要在陆家嘴/徐家汇CBD上班，首选地铁2/9号线沿线，通勤半小时内。,倡导轻户外，周末常带家人自驾野营或山系徒步，注重生活情调与手作咖啡。,名下持有一套旧两居，置换回款 65% + 个人理财储蓄补充 + 公积金商业贷,重性价比，不盲信大牌，但要求物业管理有序、绿化修剪及时、人防技防规范。,常年本地稳定居住，工作日职住通勤动线规则单一。
上_2008_01876,上海,2008,长三角家庭,52,女,2.6,16.1,0.45,26.8,5,2,否,B,agent,0.75,0.37,0.54,0.57,0.61,0.86,0.33,0.74,0.65,自住-改善,两室一厅,82,2907,国企车间技术主任,二胎黄金期中大户型,上海中环品质两居，车位及空间极其拥挤,小区无地下车库且人车不分流，小孩在楼下玩耍或者推婴儿车极为不安全。,讲究超高得房率（超85%），主卧套房必须配备独立步入式衣帽间与干湿分离双卫。,主要在陆家嘴/徐家汇CBD上班，首选地铁2/9号线沿线，通勤半小时内。,倡导轻户外，周末常带家人自驾野营或山系徒步，注重生活情调与手作咖啡。,名下持有一套旧两居，置换回款 65% + 个人理财储蓄补充 + 公积金商业贷,重性价比，不盲信大牌，但要求物业管理有序、绿化修剪及时、人防技防规范。,常年本地稳定居住，工作日职住通勤动线规则单一。
上_2008_01877,上海,2008,长三角家庭,47,男,4.1,20.6,0.45,34.4,4,2,是,B,agent,0.59,0.6,0.61,0.44,0.5,0.88,0.37,0.85,0.68,自住-首套,两室两厅,69,3051,国企车间技术主任,二胎黄金期中大户型,上海中环品质两居，车位及空间极其拥挤,小区无地下车库且人车不分流，小孩在楼下玩耍或者推婴儿车极为不安全。,讲究超高得房率（超85%），主卧套房必须配备独立步入式衣帽间与干湿分离双卫。,主要在陆家嘴/徐家汇CBD上班，首选地铁2/9号线沿线，通勤半小时内。,倡导轻户外，周末常带家人自驾野营或山系徒步，注重生活情调与手作咖啡。,夫妻双方积蓄 + 双方父母出资赞助首付 + 公积金商业组合贷款,重性价比，不盲信大牌，但要求物业管理有序、绿化修剪及时、人防技防规范。,常年本地稳定居住，工作日职住通勤动线规则单一。
上_2008_01878,上海,2008,本地改善,43,男,1.9,17.0,0.45,28.3,6,2,否,B,agent,0.86,0.44,0.5,0.65,0.55,0.81,0.56,0.67,0.57,自住-改善,一室一厅,65,2549,国企车间技术主任,二胎黄金期中大户型,上海中环品质两居，车位及空间极其拥挤,小区无地下车库且人车不分流，小孩在楼下玩耍或者推婴儿车极为不安全。,讲究超高得房率（超85%），主卧套房必须配备独立步入式衣帽间与干湿分离双卫。,主要在陆家嘴/徐家汇CBD上班，首选地铁2/9号线沿线，通勤半小时内。,倡导轻户外，周末常带家人自驾野营或山系徒步，注重生活情调与手作咖啡。,名下持有一套旧两居，置换回款 65% + 个人理财储蓄补充 + 公积金商业贷,重性价比，不盲信大牌，但要求物业管理有序、绿化修剪及时、人防技防规范。,常年本地稳定居住，工作日职住通勤动线规则单一。
上_2008_01879,上海,2008,金融精英,42,女,4.1,35.6,0.4,66.7,2,1,否,A,research,0.77,0.59,0.6,0.62,0.73,0.76,0.75,0.72,0.81,自住-改善,一室一厅,51,8150,申银万国证券分析员,三口之家(学龄段),西湖边高精平层,无高端私密会所及管家式物业配套，圈层鱼龙混杂，高净值居住体验差。,讲究超高得房率（超85%），主卧套房必须配备独立步入式衣帽间与干湿分离双卫。,主要在陆家嘴/徐家汇CBD上班，首选地铁2/9号线沿线，通勤半小时内。,周末常去高端商圈消费，热衷打网球和马术，重度手冲咖啡及黑胶唱片发烧友。,名下已有企业股权套现或分红现金，一次性全款付清，基本不加杠杆,非仁恒、绿城、万科等金牌开发商不买，极度看重高端精装质量与顶级物业的增值口碑。,常年本地稳定居住，工作日职住通勤动线规则单一。
上_2008_01880,上海,2008,本地改善,53,男,2.6,29.3,0.45,48.8,3,2,否,B,agent,0.86,0.43,0.48,0.5,0.62,0.86,0.67,0.7,0.55,自住-改善,两室一厅,93,3646,国企车间技术主任,二胎黄金期中大户型,上海中环品质两居，车位及空间极其拥挤,小区无地下车库且人车不分流，小孩在楼下玩耍或者推婴儿车极为不安全。,讲究超高得房率（超85%），主卧套房必须配备独立步入式衣帽间与干湿分离双卫。,主要在陆家嘴/徐家汇CBD上班，首选地铁2/9号线沿线，通勤半小时内。,倡导轻户外，周末常带家人自驾野营或山系徒步，注重生活情调与手作咖啡。,名下持有一套旧两居，置换回款 65% + 个人理财储蓄补充 + 公积金商业贷,重性价比，不盲信大牌，但要求物业管理有序、绿化修剪及时、人防技防规范。,常年本地稳定居住，工作日职住通勤动线规则单一。
上_2008_01881,上海,2008,本地改善,46,女,3.7,33.2,0.45,55.4,4,2,否,B,agent,0.75,0.48,0.54,0.52,0.46,0.93,0.6,0.65,0.67,自住-改善,两室两厅,58,5711,区财政局科员,二胎黄金期中大户型,上海中环品质两居，车位及空间极其拥挤,小区无地下车库且人车不分流，小孩在楼下玩耍或者推婴儿车极为不安全。,讲究超高得房率（超85%），主卧套房必须配备独立步入式衣帽间与干湿分离双卫。,主要在陆家嘴/徐家汇CBD上班，首选地铁2/9号线沿线，通勤半小时内。,倡导轻户外，周末常带家人自驾野营或山系徒步，注重生活情调与手作咖啡。,名下持有一套旧两居，置换回款 65% + 个人理财储蓄补充 + 公积金商业贷,重性价比，不盲信大牌，但要求物业管理有序、绿化修剪及时、人防技防规范。,常年本地稳定居住，工作日职住通勤动线规则单一。
上_2008_01882,上海,2008,金融精英,39,男,4.7,35.6,0.4,66.8,3,0,否,A,research,0.82,0.44,0.7,0.68,0.73,0.71,0.69,0.91,0.92,自住-首套,两室一厅,89,5303,申银万国证券分析员,成熟期核心家庭,市中心私密洋房住宅,无高端私密会所及管家式物业配套，圈层鱼龙混杂，高净值居住体验差。,讲究超高得房率（超85%），主卧套房必须配备独立步入式衣帽间与干湿分离双卫。,主要在陆家嘴/徐家汇CBD上班，首选地铁2/9号线沿线，通勤半小时内。,周末常去高端商圈消费，热衷打网球和马术，重度手冲咖啡及黑胶唱片发烧友。,夫妻双方积蓄 + 双方父母出资赞助首付 + 公积金商业组合贷款,非仁恒、绿城、万科等金牌开发商不买，极度看重高端精装质量与顶级物业的增值口碑。,常年本地稳定居住，工作日职住通勤动线规则单一。
上_2008_01883,上海,2008,长三角家庭,46,女,2.4,16.3,0.45,27.2,4,2,否,B,agent,0.87,0.51,0.62,0.37,0.48,0.76,0.36,0.75,0.62,自住-改善,两室两厅,94,1572,市第二中学地理教师,二胎黄金期中大户型,上海中环品质两居，车位及空间极其拥挤,小区无地下车库且人车不分流，小孩在楼下玩耍或者推婴儿车极为不安全。,讲究超高得房率（超85%），主卧套房必须配备独立步入式衣帽间与干湿分离双卫。,主要在陆家嘴/徐家汇CBD上班，首选地铁2/9号线沿线，通勤半小时内。,倡导轻户外，周末常带家人自驾野营或山系徒步，注重生活情调与手作咖啡。,名下持有一套旧两居，置换回款 65% + 个人理财储蓄补充 + 公积金商业贷,重性价比，不盲信大牌，但要求物业管理有序、绿化修剪及时、人防技防规范。,常年本地稳定居住，工作日职住通勤动线规则单一。
上_2008_01884,上海,2008,长三角家庭,42,女,3.8,28.8,0.45,48.0,4,2,是,B,agent,0.72,0.62,0.53,0.55,0.44,0.91,0.31,0.85,0.85,自住-改善,两室一厅,52,6704,市第二中学地理教师,二胎黄金期中大户型,上海中环品质两居，车位及空间极其拥挤,小区无地下车库且人车不分流，小孩在楼下玩耍或者推婴儿车极为不安全。,讲究超高得房率（超85%），主卧套房必须配备独立步入式衣帽间与干湿分离双卫。,主要在陆家嘴/徐家汇CBD上班，首选地铁2/9号线沿线，通勤半小时内。,倡导轻户外，周末常带家人自驾野营或山系徒步，注重生活情调与手作咖啡。,名下持有一套旧两居，置换回款 65% + 个人理财储蓄补充 + 公积金商业贷,非仁恒、绿城、万科等金牌开发商不买，极度看重高端精装质量与顶级物业的增值口碑。,常年本地稳定居住，工作日职住通勤动线规则单一。
上_2008_01885,上海,2008,金融精英,50,男,4.6,46.8,0.4,87.8,5,1,否,A,research,0.83,0.66,0.71,0.59,0.68,0.91,0.64,0.73,0.66,自住-改善,两室两厅,83,9006,老牌证券公司营业部经理,三口之家(学龄段),市中心私密洋房住宅,无高端私密会所及管家式物业配套，圈层鱼龙混杂，高净值居住体验差。,要求有超大面宽南向双阳台（观景家政分离），主卧大飘窗能270度直面自然景观。,主要在陆家嘴/徐家汇CBD上班，首选地铁2/9号线沿线，通勤半小时内。,周末常去高端商圈消费，热衷打网球和马术，重度手冲咖啡及黑胶唱片发烧友。,名下已有企业股权套现或分红现金，一次性全款付清，基本不加杠杆,重性价比，不盲信大牌，但要求物业管理有序、绿化修剪及时、人防技防规范。,常年本地稳定居住，工作日职住通勤动线规则单一。
上_2008_01886,上海,2008,教育型买房,48,女,2.1,17.2,0.4,32.2,4,2,是,B,social,0.97,0.47,0.4,0.43,0.48,0.78,0.44,0.96,0.57,学区房,一室一厅,99,2093,区财政局科员,二胎黄金期中大户型,上海中环品质两居，车位及空间极其拥挤,小区无地下车库且人车不分流，小孩在楼下玩耍或者推婴儿车极为不安全。,讲究超高得房率（超85%），主卧套房必须配备独立步入式衣帽间与干湿分离双卫。,主要在陆家嘴/徐家汇CBD上班，首选地铁2/9号线沿线，通勤半小时内。,倡导轻户外，周末常带家人自驾野营或山系徒步，注重生活情调与手作咖啡。,名下持有一套旧两居，置换回款 65% + 个人理财储蓄补充 + 公积金商业贷,重性价比，不盲信大牌，但要求物业管理有序、绿化修剪及时、人防技防规范。,常年本地稳定居住，工作日职住通勤动线规则单一。
上_2008_01887,上海,2008,外籍海归,34,男,4.7,25.2,0.4,47.3,3,1,否,A,social,0.82,0.52,0.5,0.48,0.89,0.69,0.56,0.8,0.86,婚房,两室两厅,99,3188,合资日化企业技术主管,三口之家(幼龄段),陆家嘴核心区江景大平层,无高端私密会所及管家式物业配套，圈层鱼龙混杂，高净值居住体验差。,核心要求地块属于第一梯队名校学区，且周边500米内解决幼小衔接教育配套。,主要在陆家嘴/徐家汇CBD上班，首选地铁2/9号线沿线，通勤半小时内。,周末常去高端商圈消费，热衷打网球和马术，重度手冲咖啡及黑胶唱片发烧友。,夫妻双方积蓄 + 双方父母出资赞助首付 + 公积金商业组合贷款,非仁恒、绿城、万科等金牌开发商不买，极度看重高端精装质量与顶级物业的增值口碑。,常年本地稳定居住，工作日职住通勤动线规则单一。
上_2008_01888,上海,2008,长三角家庭,41,男,3.7,28.9,0.45,48.2,4,3,是,B,agent,0.86,0.64,0.57,0.48,0.37,0.75,0.43,0.68,0.65,自住-首套,两室两厅,84,2958,区财政局科员,二胎黄金期中大户型,上海中环品质两居，车位及空间极其拥挤,小区无地下车库且人车不分流，小孩在楼下玩耍或者推婴儿车极为不安全。,讲究超高得房率（超85%），主卧套房必须配备独立步入式衣帽间与干湿分离双卫。,主要在陆家嘴/徐家汇CBD上班，首选地铁2/9号线沿线，通勤半小时内。,倡导轻户外，周末常带家人自驾野营或山系徒步，注重生活情调与手作咖啡。,夫妻双方积蓄 + 双方父母出资赞助首付 + 公积金商业组合贷款,重性价比，不盲信大牌，但要求物业管理有序、绿化修剪及时、人防技防规范。,常年本地稳定居住，工作日职住通勤动线规则单一。
上_2008_01889,上海,2008,教育型买房,38,女,3.2,20.5,0.4,38.5,3,0,否,B,social,0.71,0.27,0.45,0.32,0.63,0.77,0.54,0.84,0.53,学区房,一室一厅,73,4259,邮政局局长秘书,成熟期核心家庭,上海中环品质两居，车位及空间极其拥挤,老小区隔音差，邻里滋扰严重，且车位严重匮乏，每晚加班回来抢车位像打仗。,讲究超高得房率（超85%），主卧套房必须配备独立步入式衣帽间与干湿分离双卫。,主要在陆家嘴/徐家汇CBD上班，首选地铁2/9号线沿线，通勤半小时内。,倡导轻户外，周末常带家人自驾野营或山系徒步，注重生活情调与手作咖啡。,名下持有一套旧两居，置换回款 65% + 个人理财储蓄补充 + 公积金商业贷,重性价比，不盲信大牌，但要求物业管理有序、绿化修剪及时、人防技防规范。,常年本地稳定居住，工作日职住通勤动线规则单一。
上_2008_01890,上海,2008,金融精英,49,女,4.2,28.6,0.4,53.7,2,1,是,A,research,0.86,0.45,0.66,0.5,0.77,0.82,0.75,0.85,0.86,自住-改善,一室一厅,82,4616,老牌证券公司营业部经理,三口之家(学龄段),市中心私密洋房住宅,当前房屋属于旧多层无电梯房，父母年纪渐高每天爬楼梯极为吃力。,讲究超高得房率（超85%），主卧套房必须配备独立步入式衣帽间与干湿分离双卫。,主要在陆家嘴/徐家汇CBD上班，首选地铁2/9号线沿线，通勤半小时内。,周末常去高端商圈消费，热衷打网球和马术，重度手冲咖啡及黑胶唱片发烧友。,名下已有企业股权套现或分红现金，一次性全款付清，基本不加杠杆,非仁恒、绿城、万科等金牌开发商不买，极度看重高端精装质量与顶级物业的增值口碑。,常年本地稳定居住，工作日职住通勤动线规则单一。
上_2008_01891,上海,2008,长三角家庭,49,男,1.6,12.0,0.45,20.0,4,2,是,B,agent,0.86,0.59,0.51,0.48,0.54,0.69,0.45,0.7,0.67,自住-改善,一室一厅,94,1761,国企车间技术主任,二胎黄金期中大户型,上海中环品质两居，车位及空间极其拥挤,小区无地下车库且人车不分流，小孩在楼下玩耍或者推婴儿车极为不安全。,核心要求地块属于第一梯队名校学区，且周边500米内解决幼小衔接教育配套。,主要在陆家嘴/徐家汇CBD上班，首选地铁2/9号线沿线，通勤半小时内。,倡导轻户外，周末常带家人自驾野营或山系徒步，注重生活情调与手作咖啡。,名下持有一套旧两居，置换回款 65% + 个人理财储蓄补充 + 公积金商业贷,重性价比，不盲信大牌，但要求物业管理有序、绿化修剪及时、人防技防规范。,常年本地稳定居住，工作日职住通勤动线规则单一。
上_2008_01892,上海,2008,教育型买房,45,女,3.2,27.3,0.4,51.2,3,1,是,B,social,0.9,0.54,0.43,0.41,0.47,0.59,0.65,1,0.61,学区房,一室一厅,65,4224,市第二中学地理教师,三口之家(学龄段),上海中环品质两居，车位及空间极其拥挤,小区无地下车库且人车不分流，小孩在楼下玩耍或者推婴儿车极为不安全。,核心要求地块属于第一梯队名校学区，且周边500米内解决幼小衔接教育配套。,主要在陆家嘴/徐家汇CBD上班，首选地铁2/9号线沿线，通勤半小时内。,倡导轻户外，周末常带家人自驾野营或山系徒步，注重生活情调与手作咖啡。,名下持有一套旧两居，置换回款 65% + 个人理财储蓄补充 + 公积金商业贷,重性价比，不盲信大牌，但要求物业管理有序、绿化修剪及时、人防技防规范。,常年本地稳定居住，工作日职住通勤动线规则单一。
上_2008_01893,上海,2008,本地改善,43,男,2.2,26.9,0.45,44.8,5,2,是,B,agent,0.62,0.57,0.4,0.57,0.51,0.97,0.58,0.62,0.54,自住-改善,一室一厅,66,3900,区财政局科员,二胎黄金期中大户型,上海中环品质两居，车位及空间极其拥挤,小区无地下车库且人车不分流，小孩在楼下玩耍或者推婴儿车极为不安全。,讲究超高得房率（超85%），主卧套房必须配备独立步入式衣帽间与干湿分离双卫。,主要在陆家嘴/徐家汇CBD上班，首选地铁2/9号线沿线，通勤半小时内。,倡导轻户外，周末常带家人自驾野营或山系徒步，注重生活情调与手作咖啡。,名下持有一套旧两居，置换回款 65% + 个人理财储蓄补充 + 公积金商业贷,重性价比，不盲信大牌，但要求物业管理有序、绿化修剪及时、人防技防规范。,常年本地稳定居住，工作日职住通勤动线规则单一。
上_2008_01894,上海,2008,本地改善,55,男,0.8,8.7,0.45,14.5,5,3,否,B,agent,0.74,0.53,0.75,0.43,0.52,0.87,0.54,0.71,0.72,自住-改善,两室两厅,84,1166,国企车间技术主任,二胎黄金期中大户型,上海中环品质两居，车位及空间极其拥挤,小区无地下车库且人车不分流，小孩在楼下玩耍或者推婴儿车极为不安全。,要求有超大面宽南向双阳台（观景家政分离），主卧大飘窗能270度直面自然景观。,主要在陆家嘴/徐家汇CBD上班，首选地铁2/9号线沿线，通勤半小时内。,倡导轻户外，周末常带家人自驾野营或山系徒步，注重生活情调与手作咖啡。,名下持有一套旧两居，置换回款 65% + 个人理财储蓄补充 + 公积金商业贷,非仁恒、绿城、万科等金牌开发商不买，极度看重高端精装质量与顶级物业的增值口碑。,常年本地稳定居住，工作日职住通勤动线规则单一。
上_2008_01895,上海,2008,教育型买房,39,男,4.5,26.2,0.4,49.2,4,1,否,B,social,0.66,0.5,0.46,0.39,0.74,0.82,0.65,1,0.62,学区房,一室一厅,93,3204,市第二中学地理教师,三口之家(学龄段),上海中环品质两居，车位及空间极其拥挤,小区无地下车库且人车不分流，小孩在楼下玩耍或者推婴儿车极为不安全。,讲究超高得房率（超85%），主卧套房必须配备独立步入式衣帽间与干湿分离双卫。,主要在陆家嘴/徐家汇CBD上班，首选地铁2/9号线沿线，通勤半小时内。,倡导轻户外，周末常带家人自驾野营或山系徒步，注重生活情调与手作咖啡。,名下持有一套旧两居，置换回款 65% + 个人理财储蓄补充 + 公积金商业贷,重性价比，不盲信大牌，但要求物业管理有序、绿化修剪及时、人防技防规范。,常年本地稳定居住，工作日职住通勤动线规则单一。
上_2008_01896,上海,2008,金融精英,40,男,9.0,82.1,0.4,154.0,4,0,否,A,research,0.73,0.4,0.75,0.55,0.59,0.69,0.6,0.84,0.94,自住-改善,两室两厅,127,7666,老牌证券公司营业部经理,成熟期核心家庭,市中心私密洋房住宅,无高端私密会所及管家式物业配套，圈层鱼龙混杂，高净值居住体验差。,要求有超大面宽南向双阳台（观景家政分离），主卧大飘窗能270度直面自然景观。,主要在陆家嘴/徐家汇CBD上班，首选地铁2/9号线沿线，通勤半小时内。,周末常去高端商圈消费，热衷打网球和马术，重度手冲咖啡及黑胶唱片发烧友。,名下已有企业股权套现或分红现金，一次性全款付清，基本不加杠杆,非仁恒、绿城、万科等金牌开发商不买，极度看重高端精装质量与顶级物业的增值口碑。,常年本地稳定居住，工作日职住通勤动线规则单一。
上_2008_01897,上海,2008,教育型买房,36,女,2.5,22.7,0.4,42.5,4,2,是,B,social,0.88,0.63,0.55,0.57,0.6,0.71,0.72,1,0.7,学区房,两室一厅,90,2787,市第二中学地理教师,二胎黄金期中大户型,上海中环品质两居，车位及空间极其拥挤,小区无地下车库且人车不分流，小孩在楼下玩耍或者推婴儿车极为不安全。,讲究超高得房率（超85%），主卧套房必须配备独立步入式衣帽间与干湿分离双卫。,主要在陆家嘴/徐家汇CBD上班，首选地铁2/9号线沿线，通勤半小时内。,倡导轻户外，周末常带家人自驾野营或山系徒步，注重生活情调与手作咖啡。,名下持有一套旧两居，置换回款 65% + 个人理财储蓄补充 + 公积金商业贷,重性价比，不盲信大牌，但要求物业管理有序、绿化修剪及时、人防技防规范。,常年本地稳定居住，工作日职住通勤动线规则单一。
上_2008_01898,上海,2008,金融精英,32,男,4.8,32.8,0.4,61.5,3,1,否,A,research,0.75,0.51,0.64,0.62,0.71,0.82,0.67,0.89,0.6,婚房,两室两厅,88,5470,商业银行支行信贷科长,三口之家(幼龄段),市中心私密洋房住宅,无高端私密会所及管家式物业配套，圈层鱼龙混杂，高净值居住体验差。,讲究超高得房率（超85%），主卧套房必须配备独立步入式衣帽间与干湿分离双卫。,主要在陆家嘴/徐家汇CBD上班，首选地铁2/9号线沿线，通勤半小时内。,周末常去高端商圈消费，热衷打网球和马术，重度手冲咖啡及黑胶唱片发烧友。,夫妻双方积蓄 + 双方父母出资赞助首付 + 公积金商业组合贷款,重性价比，不盲信大牌，但要求物业管理有序、绿化修剪及时、人防技防规范。,常年本地稳定居住，工作日职住通勤动线规则单一。
上_2008_01899,上海,2008,本地改善,55,男,2.8,27.7,0.45,46.1,4,3,否,B,agent,0.6,0.54,0.51,0.58,0.49,0.83,0.58,0.63,0.59,自住-改善,两室一厅,66,5959,邮政局局长秘书,二胎黄金期中大户型,上海中环品质两居，车位及空间极其拥挤,小区无地下车库且人车不分流，小孩在楼下玩耍或者推婴儿车极为不安全。,讲究超高得房率（超85%），主卧套房必须配备独立步入式衣帽间与干湿分离双卫。,主要在陆家嘴/徐家汇CBD上班，首选地铁2/9号线沿线，通勤半小时内。,倡导轻户外，周末常带家人自驾野营或山系徒步，注重生活情调与手作咖啡。,名下持有一套旧两居，置换回款 65% + 个人理财储蓄补充 + 公积金商业贷,重性价比，不盲信大牌，但要求物业管理有序、绿化修剪及时、人防技防规范。,常年本地稳定居住，工作日职住通勤动线规则单一。
上_2008_01900,上海,2008,本地改善,49,男,3.0,35.2,0.45,58.7,5,2,是,B,agent,0.66,0.5,0.62,0.41,0.55,0.78,0.64,0.81,0.7,自住-改善,两室一厅,71,5403,区财政局科员,二胎黄金期中大户型,上海中环品质两居，车位及空间极其拥挤,小区无地下车库且人车不分流，小孩在楼下玩耍或者推婴儿车极为不安全。,讲究超高得房率（超85%），主卧套房必须配备独立步入式衣帽间与干湿分离双卫。,主要在陆家嘴/徐家汇CBD上班，首选地铁2/9号线沿线，通勤半小时内。,倡导轻户外，周末常带家人自驾野营或山系徒步，注重生活情调与手作咖啡。,名下持有一套旧两居，置换回款 65% + 个人理财储蓄补充 + 公积金商业贷,非仁恒、绿城、万科等金牌开发商不买，极度看重高端精装质量与顶级物业的增值口碑。,常年本地稳定居住，工作日职住通勤动线规则单一。
上_2008_01901,上海,2008,教育型买房,46,女,2.5,20.3,0.4,38.2,3,1,是,B,social,1,0.44,0.27,0.5,0.47,0.75,0.56,0.89,0.66,学区房,两室一厅,82,3863,市第二中学地理教师,三口之家(学龄段),上海中环品质两居，车位及空间极其拥挤,小区无地下车库且人车不分流，小孩在楼下玩耍或者推婴儿车极为不安全。,讲究超高得房率（超85%），主卧套房必须配备独立步入式衣帽间与干湿分离双卫。,主要在陆家嘴/徐家汇CBD上班，首选地铁2/9号线沿线，通勤半小时内。,倡导轻户外，周末常带家人自驾野营或山系徒步，注重生活情调与手作咖啡。,名下持有一套旧两居，置换回款 65% + 个人理财储蓄补充 + 公积金商业贷,重性价比，不盲信大牌，但要求物业管理有序、绿化修剪及时、人防技防规范。,常年本地稳定居住，工作日职住通勤动线规则单一。
上_2008_01902,上海,2008,金融精英,50,男,7.3,42.3,0.4,79.3,3,1,否,A,research,0.75,0.36,0.68,0.57,0.7,0.69,0.71,0.77,0.76,自住-首套,一室一厅,65,7526,老牌证券公司营业部经理,三口之家(学龄段),市中心私密洋房住宅,无高端私密会所及管家式物业配套，圈层鱼龙混杂，高净值居住体验差。,核心要求地块属于第一梯队名校学区，且周边500米内解决幼小衔接教育配套。,主要在陆家嘴/徐家汇CBD上班，首选地铁2/9号线沿线，通勤半小时内。,周末常去高端商圈消费，热衷打网球和马术，重度手冲咖啡及黑胶唱片发烧友。,夫妻双方积蓄 + 双方父母出资赞助首付 + 公积金商业组合贷款,非仁恒、绿城、万科等金牌开发商不买，极度看重高端精装质量与顶级物业的增值口碑。,常年本地稳定居住，工作日职住通勤动线规则单一。
上_2008_01903,上海,2008,本地改善,48,女,1.4,16.3,0.45,27.1,5,1,否,B,agent,0.71,0.5,0.45,0.49,0.62,0.8,0.64,0.7,0.69,自住-改善,两室两厅,57,3455,邮政局局长秘书,三口之家(学龄段),上海中环品质两居，车位及空间极其拥挤,小区无地下车库且人车不分流，小孩在楼下玩耍或者推婴儿车极为不安全。,讲究超高得房率（超85%），主卧套房必须配备独立步入式衣帽间与干湿分离双卫。,主要在陆家嘴/徐家汇CBD上班，首选地铁2/9号线沿线，通勤半小时内。,倡导轻户外，周末常带家人自驾野营或山系徒步，注重生活情调与手作咖啡。,名下持有一套旧两居，置换回款 65% + 个人理财储蓄补充 + 公积金商业贷,重性价比，不盲信大牌，但要求物业管理有序、绿化修剪及时、人防技防规范。,常年本地稳定居住，工作日职住通勤动线规则单一。
上_2008_01904,上海,2008,本地改善,51,男,0.8,8.1,0.45,13.5,4,2,否,B,agent,0.71,0.56,0.45,0.41,0.63,0.89,0.61,0.63,0.68,自住-改善,两室一厅,50,2088,区财政局科员,二胎黄金期中大户型,上海中环品质两居，车位及空间极其拥挤,小区无地下车库且人车不分流，小孩在楼下玩耍或者推婴儿车极为不安全。,讲究超高得房率（超85%），主卧套房必须配备独立步入式衣帽间与干湿分离双卫。,主要在陆家嘴/徐家汇CBD上班，首选地铁2/9号线沿线，通勤半小时内。,倡导轻户外，周末常带家人自驾野营或山系徒步，注重生活情调与手作咖啡。,名下持有一套旧两居，置换回款 65% + 个人理财储蓄补充 + 公积金商业贷,重性价比，不盲信大牌，但要求物业管理有序、绿化修剪及时、人防技防规范。,常年本地稳定居住，工作日职住通勤动线规则单一。
上_2008_01905,上海,2008,本地改善,52,男,0.9,8.8,0.45,14.7,4,3,否,B,agent,0.9,0.54,0.61,0.44,0.54,0.77,0.76,0.75,0.62,自住-改善,两室两厅,76,1227,市第二中学地理教师,二胎黄金期中大户型,上海中环品质两居，车位及空间极其拥挤,小区无地下车库且人车不分流，小孩在楼下玩耍或者推婴儿车极为不安全。,讲究超高得房率（超85%），主卧套房必须配备独立步入式衣帽间与干湿分离双卫。,主要在陆家嘴/徐家汇CBD上班，首选地铁2/9号线沿线，通勤半小时内。,倡导轻户外，周末常带家人自驾野营或山系徒步，注重生活情调与手作咖啡。,名下持有一套旧两居，置换回款 65% + 个人理财储蓄补充 + 公积金商业贷,重性价比，不盲信大牌，但要求物业管理有序、绿化修剪及时、人防技防规范。,常年本地稳定居住，工作日职住通勤动线规则单一。
上_2008_01906,上海,2008,金融精英,47,男,4.0,33.3,0.4,62.5,2,0,是,A,research,0.81,0.49,0.53,0.56,0.68,0.71,0.71,0.78,0.85,自住-首套,一室一厅,53,10600,老牌证券公司营业部经理,成熟期核心家庭,市中心私密洋房住宅,当前房屋属于旧多层无电梯房，父母年纪渐高每天爬楼梯极为吃力。,讲究超高得房率（超85%），主卧套房必须配备独立步入式衣帽间与干湿分离双卫。,主要在陆家嘴/徐家汇CBD上班，首选地铁2/9号线沿线，通勤半小时内。,周末常去高端商圈消费，热衷打网球和马术，重度手冲咖啡及黑胶唱片发烧友。,夫妻双方积蓄 + 双方父母出资赞助首付 + 公积金商业组合贷款,非仁恒、绿城、万科等金牌开发商不买，极度看重高端精装质量与顶级物业的增值口碑。,常年本地稳定居住，工作日职住通勤动线规则单一。
上_2008_01907,上海,2008,本地改善,41,男,3.4,39.0,0.45,65.0,2,1,是,B,agent,0.62,0.59,0.48,0.5,0.63,0.94,0.71,0.63,0.61,自住-改善,两室一厅,56,6003,市第二中学地理教师,三口之家(学龄段),上海中环品质两居，车位及空间极其拥挤,小区无地下车库且人车不分流，小孩在楼下玩耍或者推婴儿车极为不安全。,讲究超高得房率（超85%），主卧套房必须配备独立步入式衣帽间与干湿分离双卫。,主要在陆家嘴/徐家汇CBD上班，首选地铁2/9号线沿线，通勤半小时内。,倡导轻户外，周末常带家人自驾野营或山系徒步，注重生活情调与手作咖啡。,名下持有一套旧两居，置换回款 65% + 个人理财储蓄补充 + 公积金商业贷,重性价比，不盲信大牌，但要求物业管理有序、绿化修剪及时、人防技防规范。,常年本地稳定居住，工作日职住通勤动线规则单一。
上_2008_01908,上海,2008,教育型买房,43,男,3.8,36.1,0.4,67.7,4,1,否,B,social,1.0,0.46,0.39,0.42,0.58,0.61,0.5,0.91,0.49,学区房,两室两厅,91,5162,邮政局局长秘书,三口之家(学龄段),上海中环品质两居，车位及空间极其拥挤,小区无地下车库且人车不分流，小孩在楼下玩耍或者推婴儿车极为不安全。,核心要求地块属于第一梯队名校学区，且周边500米内解决幼小衔接教育配套。,主要在陆家嘴/徐家汇CBD上班，首选地铁2/9号线沿线，通勤半小时内。,倡导轻户外，周末常带家人自驾野营或山系徒步，注重生活情调与手作咖啡。,名下持有一套旧两居，置换回款 65% + 个人理财储蓄补充 + 公积金商业贷,重性价比，不盲信大牌，但要求物业管理有序、绿化修剪及时、人防技防规范。,常年本地稳定居住，工作日职住通勤动线规则单一。
上_2008_01909,上海,2008,本地改善,56,男,3.1,33.2,0.45,55.4,4,2,是,B,agent,0.55,0.38,0.53,0.5,0.62,0.68,0.65,0.61,0.67,自住-改善,两室一厅,67,5851,国企车间技术主任,二胎黄金期中大户型,上海中环品质两居，车位及空间极其拥挤,小区无地下车库且人车不分流，小孩在楼下玩耍或者推婴儿车极为不安全。,要求采光通透，全明户型，带多功能嵌入式收纳墙以最大化空间利用。,主要在陆家嘴/徐家汇CBD上班，首选地铁2/9号线沿线，通勤半小时内。,倡导轻户外，周末常带家人自驾野营或山系徒步，注重生活情调与手作咖啡。,名下持有一套旧两居，置换回款 65% + 个人理财储蓄补充 + 公积金商业贷,重性价比，不盲信大牌，但要求物业管理有序、绿化修剪及时、人防技防规范。,常年本地稳定居住，工作日职住通勤动线规则单一。
上_2008_01910,上海,2008,本地改善,53,男,4.4,46.0,0.45,76.7,5,2,是,B,agent,0.75,0.55,0.58,0.54,0.45,0.79,0.61,0.7,0.75,自住-改善,两室两厅,91,4971,国企车间技术主任,二胎黄金期中大户型,上海中环品质两居，车位及空间极其拥挤,小区无地下车库且人车不分流，小孩在楼下玩耍或者推婴儿车极为不安全。,讲究超高得房率（超85%），主卧套房必须配备独立步入式衣帽间与干湿分离双卫。,主要在陆家嘴/徐家汇CBD上班，首选地铁2/9号线沿线，通勤半小时内。,倡导轻户外，周末常带家人自驾野营或山系徒步，注重生活情调与手作咖啡。,名下持有一套旧两居，置换回款 65% + 个人理财储蓄补充 + 公积金商业贷,非仁恒、绿城、万科等金牌开发商不买，极度看重高端精装质量与顶级物业的增值口碑。,常年本地稳定居住，工作日职住通勤动线规则单一。
上_2008_01911,上海,2008,本地改善,57,男,1.8,19.1,0.45,31.9,3,1,是,B,agent,0.76,0.55,0.52,0.51,0.68,0.74,0.6,0.75,0.62,自住-改善,两室一厅,88,2284,邮政局局长秘书,三口之家(学龄段),上海中环品质两居，车位及空间极其拥挤,小区无地下车库且人车不分流，小孩在楼下玩耍或者推婴儿车极为不安全。,讲究超高得房率（超85%），主卧套房必须配备独立步入式衣帽间与干湿分离双卫。,主要在陆家嘴/徐家汇CBD上班，首选地铁2/9号线沿线，通勤半小时内。,倡导轻户外，周末常带家人自驾野营或山系徒步，注重生活情调与手作咖啡。,名下持有一套旧两居，置换回款 65% + 个人理财储蓄补充 + 公积金商业贷,重性价比，不盲信大牌，但要求物业管理有序、绿化修剪及时、人防技防规范。,常年本地稳定居住，工作日职住通勤动线规则单一。
上_2008_01912,上海,2008,教育型买房,38,男,3.3,23.6,0.4,44.3,2,1,是,B,social,1.0,0.62,0.47,0.31,0.61,0.66,0.55,0.98,0.58,学区房,两室两厅,67,5932,国企车间技术主任,三口之家(学龄段),上海中环品质两居，车位及空间极其拥挤,小区无地下车库且人车不分流，小孩在楼下玩耍或者推婴儿车极为不安全。,核心要求地块属于第一梯队名校学区，且周边500米内解决幼小衔接教育配套。,主要在陆家嘴/徐家汇CBD上班，首选地铁2/9号线沿线，通勤半小时内。,倡导轻户外，周末常带家人自驾野营或山系徒步，注重生活情调与手作咖啡。,名下持有一套旧两居，置换回款 65% + 个人理财储蓄补充 + 公积金商业贷,重性价比，不盲信大牌，但要求物业管理有序、绿化修剪及时、人防技防规范。,常年本地稳定居住，工作日职住通勤动线规则单一。
上_2008_01913,上海,2008,金融精英,43,女,3.9,39.4,0.4,73.9,2,1,否,A,research,0.8,0.56,0.71,0.55,0.73,0.64,0.86,0.73,0.65,自住-改善,两室两厅,77,5637,商业银行支行信贷科长,三口之家(学龄段),西湖边高精平层,无高端私密会所及管家式物业配套，圈层鱼龙混杂，高净值居住体验差。,要求有超大面宽南向双阳台（观景家政分离），主卧大飘窗能270度直面自然景观。,主要在陆家嘴/徐家汇CBD上班，首选地铁2/9号线沿线，通勤半小时内。,周末常去高端商圈消费，热衷打网球和马术，重度手冲咖啡及黑胶唱片发烧友。,名下已有企业股权套现或分红现金，一次性全款付清，基本不加杠杆,重性价比，不盲信大牌，但要求物业管理有序、绿化修剪及时、人防技防规范。,常年本地稳定居住，工作日职住通勤动线规则单一。
上_2008_01914,上海,2008,本地改善,42,女,1.7,18.8,0.45,31.3,4,1,是,B,agent,0.89,0.57,0.51,0.51,0.52,0.9,0.48,0.58,0.68,自住-改善,两室一厅,100,2292,市第二中学地理教师,三口之家(学龄段),上海中环品质两居，车位及空间极其拥挤,小区无地下车库且人车不分流，小孩在楼下玩耍或者推婴儿车极为不安全。,讲究超高得房率（超85%），主卧套房必须配备独立步入式衣帽间与干湿分离双卫。,主要在陆家嘴/徐家汇CBD上班，首选地铁2/9号线沿线，通勤半小时内。,倡导轻户外，周末常带家人自驾野营或山系徒步，注重生活情调与手作咖啡。,名下持有一套旧两居，置换回款 65% + 个人理财储蓄补充 + 公积金商业贷,重性价比，不盲信大牌，但要求物业管理有序、绿化修剪及时、人防技防规范。,常年本地稳定居住，工作日职住通勤动线规则单一。
上_2008_01915,上海,2008,金融精英,50,女,6.6,63.7,0.4,119.4,2,2,否,A,research,0.98,0.43,0.49,0.69,0.83,0.77,0.75,0.86,0.84,自住-首套,一室一厅,57,10815,申银万国证券分析员,二胎黄金期中大户型,西湖边高精平层,无高端私密会所及管家式物业配套，圈层鱼龙混杂，高净值居住体验差。,讲究超高得房率（超85%），主卧套房必须配备独立步入式衣帽间与干湿分离双卫。,主要在陆家嘴/徐家汇CBD上班，首选地铁2/9号线沿线，通勤半小时内。,周末常去高端商圈消费，热衷打网球和马术，重度手冲咖啡及黑胶唱片发烧友。,夫妻双方积蓄 + 双方父母出资赞助首付 + 公积金商业组合贷款,非仁恒、绿城、万科等金牌开发商不买，极度看重高端精装质量与顶级物业的增值口碑。,常年本地稳定居住，工作日职住通勤动线规则单一。
上_2008_01916,上海,2008,金融精英,40,女,4.4,27.8,0.4,52.2,3,1,否,A,research,0.8,0.48,0.63,0.75,0.64,0.78,0.77,0.75,0.76,自住-改善,一室一厅,52,5597,老牌证券公司营业部经理,三口之家(学龄段),陆家嘴核心区江景大平层,无高端私密会所及管家式物业配套，圈层鱼龙混杂，高净值居住体验差。,要求独立电梯入户，主次卧动线分明，配备独立保姆房和私密后院。,主要在陆家嘴/徐家汇CBD上班，首选地铁2/9号线沿线，通勤半小时内。,周末常去高端商圈消费，热衷打网球和马术，重度手冲咖啡及黑胶唱片发烧友。,名下已有企业股权套现或分红现金，一次性全款付清，基本不加杠杆,非仁恒、绿城、万科等金牌开发商不买，极度看重高端精装质量与顶级物业的增值口碑。,常年本地稳定居住，工作日职住通勤动线规则单一。
上_2008_01917,上海,2008,本地改善,41,男,3.0,28.8,0.45,48.1,5,2,否,B,agent,0.69,0.42,0.57,0.44,0.54,0.87,0.54,0.65,0.48,自住-改善,两室一厅,85,3260,区财政局科员,二胎黄金期中大户型,上海中环品质两居，车位及空间极其拥挤,小区无地下车库且人车不分流，小孩在楼下玩耍或者推婴儿车极为不安全。,讲究超高得房率（超85%），主卧套房必须配备独立步入式衣帽间与干湿分离双卫。,主要在陆家嘴/徐家汇CBD上班，首选地铁2/9号线沿线，通勤半小时内。,倡导轻户外，周末常带家人自驾野营或山系徒步，注重生活情调与手作咖啡。,名下持有一套旧两居，置换回款 65% + 个人理财储蓄补充 + 公积金商业贷,重性价比，不盲信大牌，但要求物业管理有序、绿化修剪及时、人防技防规范。,常年本地稳定居住，工作日职住通勤动线规则单一。
上_2008_01918,上海,2008,本地改善,44,男,2.4,30.0,0.45,50.0,3,3,是,B,agent,1,0.58,0.42,0.53,0.57,0.88,0.54,0.73,0.76,自住-改善,两室一厅,92,4637,区财政局科员,二胎黄金期中大户型,上海中环品质两居，车位及空间极其拥挤,小区无地下车库且人车不分流，小孩在楼下玩耍或者推婴儿车极为不安全。,讲究超高得房率（超85%），主卧套房必须配备独立步入式衣帽间与干湿分离双卫。,主要在陆家嘴/徐家汇CBD上班，首选地铁2/9号线沿线，通勤半小时内。,倡导轻户外，周末常带家人自驾野营或山系徒步，注重生活情调与手作咖啡。,名下持有一套旧两居，置换回款 65% + 个人理财储蓄补充 + 公积金商业贷,非仁恒、绿城、万科等金牌开发商不买，极度看重高端精装质量与顶级物业的增值口碑。,常年本地稳定居住，工作日职住通勤动线规则单一。
上_2008_01919,上海,2008,本地改善,55,男,2.0,17.1,0.45,28.5,3,1,否,B,agent,1,0.53,0.62,0.58,0.44,0.84,0.65,0.79,0.6,自住-改善,两室两厅,83,1958,邮政局局长秘书,三口之家(学龄段),上海中环品质两居，车位及空间极其拥挤,小区无地下车库且人车不分流，小孩在楼下玩耍或者推婴儿车极为不安全。,讲究超高得房率（超85%），主卧套房必须配备独立步入式衣帽间与干湿分离双卫。,主要在陆家嘴/徐家汇CBD上班，首选地铁2/9号线沿线，通勤半小时内。,倡导轻户外，周末常带家人自驾野营或山系徒步，注重生活情调与手作咖啡。,名下持有一套旧两居，置换回款 65% + 个人理财储蓄补充 + 公积金商业贷,重性价比，不盲信大牌，但要求物业管理有序、绿化修剪及时、人防技防规范。,常年本地稳定居住，工作日职住通勤动线规则单一。
上_2008_01920,上海,2008,长三角家庭,43,男,1.9,10.5,0.45,17.5,3,1,否,B,agent,1.0,0.54,0.49,0.38,0.58,0.86,0.48,0.67,0.57,自住-首套,两室一厅,68,2053,市第二中学地理教师,三口之家(学龄段),上海中环品质两居，车位及空间极其拥挤,小区无地下车库且人车不分流，小孩在楼下玩耍或者推婴儿车极为不安全。,讲究超高得房率（超85%），主卧套房必须配备独立步入式衣帽间与干湿分离双卫。,主要在陆家嘴/徐家汇CBD上班，首选地铁2/9号线沿线，通勤半小时内。,倡导轻户外，周末常带家人自驾野营或山系徒步，注重生活情调与手作咖啡。,夫妻双方积蓄 + 双方父母出资赞助首付 + 公积金商业组合贷款,重性价比，不盲信大牌，但要求物业管理有序、绿化修剪及时、人防技防规范。,常年本地稳定居住，工作日职住通勤动线规则单一。
上_2008_01921,上海,2008,本地改善,41,男,2.7,24.5,0.45,40.9,5,2,否,B,agent,0.96,0.44,0.62,0.55,0.59,0.9,0.75,0.59,0.76,自住-改善,一室一厅,89,3664,市第二中学地理教师,二胎黄金期中大户型,上海中环品质两居，车位及空间极其拥挤,小区无地下车库且人车不分流，小孩在楼下玩耍或者推婴儿车极为不安全。,讲究超高得房率（超85%），主卧套房必须配备独立步入式衣帽间与干湿分离双卫。,主要在陆家嘴/徐家汇CBD上班，首选地铁2/9号线沿线，通勤半小时内。,倡导轻户外，周末常带家人自驾野营或山系徒步，注重生活情调与手作咖啡。,名下持有一套旧两居，置换回款 65% + 个人理财储蓄补充 + 公积金商业贷,非仁恒、绿城、万科等金牌开发商不买，极度看重高端精装质量与顶级物业的增值口碑。,常年本地稳定居住，工作日职住通勤动线规则单一。
上_2008_01922,上海,2008,金融精英,37,男,3.2,28.2,0.4,52.8,2,1,否,A,research,0.91,0.33,0.7,0.71,0.72,0.69,0.78,0.82,0.96,自住-改善,两室一厅,87,4531,申银万国证券分析员,三口之家(幼龄段),西湖边高精平层,无高端私密会所及管家式物业配套，圈层鱼龙混杂，高净值居住体验差。,要求独立电梯入户，主次卧动线分明，配备独立保姆房和私密后院。,主要在陆家嘴/徐家汇CBD上班，首选地铁2/9号线沿线，通勤半小时内。,周末常去高端商圈消费，热衷打网球和马术，重度手冲咖啡及黑胶唱片发烧友。,名下已有企业股权套现或分红现金，一次性全款付清，基本不加杠杆,非仁恒、绿城、万科等金牌开发商不买，极度看重高端精装质量与顶级物业的增值口碑。,常年本地稳定居住，工作日职住通勤动线规则单一。
上_2008_01923,上海,2008,外籍海归,36,男,4.0,32.1,0.4,60.2,3,2,否,A,social,0.46,0.55,0.56,0.74,0.93,0.72,0.65,0.85,0.71,自住-首套,两室一厅,51,9422,合资日化企业技术主管,二胎黄金期中大户型,西湖边高精平层,无高端私密会所及管家式物业配套，圈层鱼龙混杂，高净值居住体验差。,要求独立电梯入户，主次卧动线分明，配备独立保姆房和私密后院。,主要在陆家嘴/徐家汇CBD上班，首选地铁2/9号线沿线，通勤半小时内。,周末常去高端商圈消费，热衷打网球和马术，重度手冲咖啡及黑胶唱片发烧友。,夫妻双方积蓄 + 双方父母出资赞助首付 + 公积金商业组合贷款,非仁恒、绿城、万科等金牌开发商不买，极度看重高端精装质量与顶级物业的增值口碑。,常年本地稳定居住，工作日职住通勤动线规则单一。
上_2008_01924,上海,2008,教育型买房,47,女,1.2,8.6,0.4,16.2,3,2,是,B,social,0.77,0.49,0.27,0.37,0.61,0.71,0.59,0.92,0.58,学区房,一室一厅,61,1742,国企车间技术主任,二胎黄金期中大户型,上海中环品质两居，车位及空间极其拥挤,小区无地下车库且人车不分流，小孩在楼下玩耍或者推婴儿车极为不安全。,讲究超高得房率（超85%），主卧套房必须配备独立步入式衣帽间与干湿分离双卫。,主要在陆家嘴/徐家汇CBD上班，首选地铁2/9号线沿线，通勤半小时内。,倡导轻户外，周末常带家人自驾野营或山系徒步，注重生活情调与手作咖啡。,名下持有一套旧两居，置换回款 65% + 个人理财储蓄补充 + 公积金商业贷,重性价比，不盲信大牌，但要求物业管理有序、绿化修剪及时、人防技防规范。,常年本地稳定居住，工作日职住通勤动线规则单一。
上_2008_01925,上海,2008,教育型买房,33,男,3.3,29.1,0.4,54.6,3,0,是,B,social,0.84,0.59,0.35,0.47,0.72,0.67,0.51,1,0.66,学区房,一室一厅,51,5886,市第二中学地理教师,新婚过渡两居,上海中环品质两居，车位及空间极其拥挤,当前房屋属于旧多层无电梯房，父母年纪渐高每天爬楼梯极为吃力。,核心要求地块属于第一梯队名校学区，且周边500米内解决幼小衔接教育配套。,主要在陆家嘴/徐家汇CBD上班，首选地铁2/9号线沿线，通勤半小时内。,倡导轻户外，周末常带家人自驾野营或山系徒步，注重生活情调与手作咖啡。,名下持有一套旧两居，置换回款 65% + 个人理财储蓄补充 + 公积金商业贷,重性价比，不盲信大牌，但要求物业管理有序、绿化修剪及时、人防技防规范。,常年本地稳定居住，工作日职住通勤动线规则单一。
上_2008_01926,上海,2008,教育型买房,41,男,4.6,42.1,0.4,79.0,3,0,是,B,social,0.98,0.46,0.34,0.34,0.55,0.79,0.68,1,0.61,学区房,两室一厅,68,10362,邮政局局长秘书,成熟期核心家庭,上海中环品质两居，车位及空间极其拥挤,当前房屋属于旧多层无电梯房，父母年纪渐高每天爬楼梯极为吃力。,讲究超高得房率（超85%），主卧套房必须配备独立步入式衣帽间与干湿分离双卫。,主要在陆家嘴/徐家汇CBD上班，首选地铁2/9号线沿线，通勤半小时内。,倡导轻户外，周末常带家人自驾野营或山系徒步，注重生活情调与手作咖啡。,名下持有一套旧两居，置换回款 65% + 个人理财储蓄补充 + 公积金商业贷,重性价比，不盲信大牌，但要求物业管理有序、绿化修剪及时、人防技防规范。,常年本地稳定居住，工作日职住通勤动线规则单一。
上_2008_01927,上海,2008,本地改善,50,女,1.3,15.0,0.45,25.0,4,2,否,B,agent,0.54,0.63,0.49,0.53,0.7,0.88,0.68,0.78,0.66,自住-改善,两室一厅,77,1843,区财政局科员,二胎黄金期中大户型,上海中环品质两居，车位及空间极其拥挤,小区无地下车库且人车不分流，小孩在楼下玩耍或者推婴儿车极为不安全。,讲究超高得房率（超85%），主卧套房必须配备独立步入式衣帽间与干湿分离双卫。,主要在陆家嘴/徐家汇CBD上班，首选地铁2/9号线沿线，通勤半小时内。,倡导轻户外，周末常带家人自驾野营或山系徒步，注重生活情调与手作咖啡。,名下持有一套旧两居，置换回款 65% + 个人理财储蓄补充 + 公积金商业贷,重性价比，不盲信大牌，但要求物业管理有序、绿化修剪及时、人防技防规范。,常年本地稳定居住，工作日职住通勤动线规则单一。
上_2008_01928,上海,2008,本地改善,56,女,2.2,20.9,0.45,34.8,4,2,否,B,agent,0.54,0.5,0.52,0.43,0.56,0.96,0.61,0.75,0.58,自住-改善,两室一厅,58,4215,国企车间技术主任,二胎黄金期中大户型,上海中环品质两居，车位及空间极其拥挤,小区无地下车库且人车不分流，小孩在楼下玩耍或者推婴儿车极为不安全。,讲究超高得房率（超85%），主卧套房必须配备独立步入式衣帽间与干湿分离双卫。,主要在陆家嘴/徐家汇CBD上班，首选地铁2/9号线沿线，通勤半小时内。,倡导轻户外，周末常带家人自驾野营或山系徒步，注重生活情调与手作咖啡。,名下持有一套旧两居，置换回款 65% + 个人理财储蓄补充 + 公积金商业贷,重性价比，不盲信大牌，但要求物业管理有序、绿化修剪及时、人防技防规范。,常年本地稳定居住，工作日职住通勤动线规则单一。
上_2008_01929,上海,2008,教育型买房,33,女,2.7,27.8,0.4,52.2,3,2,是,B,social,1,0.58,0.48,0.32,0.57,0.75,0.37,0.93,0.48,学区房,两室一厅,53,6864,区财政局科员,二胎黄金期中大户型,上海中环品质两居，车位及空间极其拥挤,小区无地下车库且人车不分流，小孩在楼下玩耍或者推婴儿车极为不安全。,讲究超高得房率（超85%），主卧套房必须配备独立步入式衣帽间与干湿分离双卫。,主要在陆家嘴/徐家汇CBD上班，首选地铁2/9号线沿线，通勤半小时内。,倡导轻户外，周末常带家人自驾野营或山系徒步，注重生活情调与手作咖啡。,名下持有一套旧两居，置换回款 65% + 个人理财储蓄补充 + 公积金商业贷,重性价比，不盲信大牌，但要求物业管理有序、绿化修剪及时、人防技防规范。,常年本地稳定居住，工作日职住通勤动线规则单一。
上_2008_01930,上海,2008,金融精英,46,女,7.1,55.7,0.4,104.4,3,0,否,A,research,0.77,0.51,0.66,0.58,0.81,0.73,0.79,0.85,0.66,自住-改善,一室一厅,88,7441,商业银行支行信贷科长,成熟期核心家庭,西湖边高精平层,无高端私密会所及管家式物业配套，圈层鱼龙混杂，高净值居住体验差。,讲究超高得房率（超85%），主卧套房必须配备独立步入式衣帽间与干湿分离双卫。,主要在陆家嘴/徐家汇CBD上班，首选地铁2/9号线沿线，通勤半小时内。,周末常去高端商圈消费，热衷打网球和马术，重度手冲咖啡及黑胶唱片发烧友。,名下已有企业股权套现或分红现金，一次性全款付清，基本不加杠杆,重性价比，不盲信大牌，但要求物业管理有序、绿化修剪及时、人防技防规范。,常年本地稳定居住，工作日职住通勤动线规则单一。
上_2008_01931,上海,2008,本地改善,41,女,1.6,11.6,0.45,19.4,3,2,否,B,agent,0.79,0.47,0.51,0.5,0.58,0.83,0.62,0.68,0.67,自住-改善,一室一厅,91,1791,区财政局科员,二胎黄金期中大户型,上海中环品质两居，车位及空间极其拥挤,小区无地下车库且人车不分流，小孩在楼下玩耍或者推婴儿车极为不安全。,讲究超高得房率（超85%），主卧套房必须配备独立步入式衣帽间与干湿分离双卫。,主要在陆家嘴/徐家汇CBD上班，首选地铁2/9号线沿线，通勤半小时内。,倡导轻户外，周末常带家人自驾野营或山系徒步，注重生活情调与手作咖啡。,名下持有一套旧两居，置换回款 65% + 个人理财储蓄补充 + 公积金商业贷,重性价比，不盲信大牌，但要求物业管理有序、绿化修剪及时、人防技防规范。,常年本地稳定居住，工作日职住通勤动线规则单一。
上_2008_01932,上海,2008,本地改善,50,女,1.5,18.4,0.45,30.6,4,2,是,B,agent,0.8,0.58,0.38,0.41,0.59,0.86,0.7,0.83,0.6,自住-改善,两室一厅,98,2497,邮政局局长秘书,二胎黄金期中大户型,上海中环品质两居，车位及空间极其拥挤,小区无地下车库且人车不分流，小孩在楼下玩耍或者推婴儿车极为不安全。,讲究超高得房率（超85%），主卧套房必须配备独立步入式衣帽间与干湿分离双卫。,主要在陆家嘴/徐家汇CBD上班，首选地铁2/9号线沿线，通勤半小时内。,倡导轻户外，周末常带家人自驾野营或山系徒步，注重生活情调与手作咖啡。,名下持有一套旧两居，置换回款 65% + 个人理财储蓄补充 + 公积金商业贷,重性价比，不盲信大牌，但要求物业管理有序、绿化修剪及时、人防技防规范。,常年本地稳定居住，工作日职住通勤动线规则单一。
上_2008_01933,上海,2008,长三角家庭,53,男,3.2,28.7,0.45,47.8,4,2,是,B,agent,0.76,0.52,0.52,0.37,0.58,0.76,0.28,0.82,0.63,自住-首套,两室两厅,97,2742,邮政局局长秘书,二胎黄金期中大户型,上海中环品质两居，车位及空间极其拥挤,小区无地下车库且人车不分流，小孩在楼下玩耍或者推婴儿车极为不安全。,讲究超高得房率（超85%），主卧套房必须配备独立步入式衣帽间与干湿分离双卫。,主要在陆家嘴/徐家汇CBD上班，首选地铁2/9号线沿线，通勤半小时内。,倡导轻户外，周末常带家人自驾野营或山系徒步，注重生活情调与手作咖啡。,夫妻双方积蓄 + 双方父母出资赞助首付 + 公积金商业组合贷款,重性价比，不盲信大牌，但要求物业管理有序、绿化修剪及时、人防技防规范。,常年本地稳定居住，工作日职住通勤动线规则单一。
上_2008_01934,上海,2008,本地改善,56,男,3.5,36.3,0.45,60.6,3,2,是,B,agent,0.92,0.55,0.68,0.61,0.56,0.99,0.65,0.69,0.66,自住-改善,两室两厅,64,7827,邮政局局长秘书,二胎黄金期中大户型,上海中环品质两居，车位及空间极其拥挤,小区无地下车库且人车不分流，小孩在楼下玩耍或者推婴儿车极为不安全。,讲究超高得房率（超85%），主卧套房必须配备独立步入式衣帽间与干湿分离双卫。,主要在陆家嘴/徐家汇CBD上班，首选地铁2/9号线沿线，通勤半小时内。,倡导轻户外，周末常带家人自驾野营或山系徒步，注重生活情调与手作咖啡。,名下持有一套旧两居，置换回款 65% + 个人理财储蓄补充 + 公积金商业贷,重性价比，不盲信大牌，但要求物业管理有序、绿化修剪及时、人防技防规范。,常年本地稳定居住，工作日职住通勤动线规则单一。
上_2008_01935,上海,2008,教育型买房,40,女,4.6,45.4,0.4,85.2,3,0,否,B,social,1,0.36,0.51,0.4,0.49,0.66,0.53,1.0,0.61,学区房,两室两厅,66,11551,国企车间技术主任,成熟期核心家庭,上海中环品质两居，车位及空间极其拥挤,老小区隔音差，邻里滋扰严重，且车位严重匮乏，每晚加班回来抢车位像打仗。,核心要求地块属于第一梯队名校学区，且周边500米内解决幼小衔接教育配套。,主要在陆家嘴/徐家汇CBD上班，首选地铁2/9号线沿线，通勤半小时内。,倡导轻户外，周末常带家人自驾野营或山系徒步，注重生活情调与手作咖啡。,名下持有一套旧两居，置换回款 65% + 个人理财储蓄补充 + 公积金商业贷,重性价比，不盲信大牌，但要求物业管理有序、绿化修剪及时、人防技防规范。,常年本地稳定居住，工作日职住通勤动线规则单一。
上_2008_01936,上海,2008,本地改善,58,女,2.2,23.7,0.45,39.6,4,3,是,B,agent,0.82,0.41,0.58,0.56,0.55,0.78,0.73,0.76,0.65,自住-改善,两室一厅,50,4299,邮政局局长秘书,二胎黄金期中大户型,上海中环品质两居，车位及空间极其拥挤,小区无地下车库且人车不分流，小孩在楼下玩耍或者推婴儿车极为不安全。,讲究超高得房率（超85%），主卧套房必须配备独立步入式衣帽间与干湿分离双卫。,主要在陆家嘴/徐家汇CBD上班，首选地铁2/9号线沿线，通勤半小时内。,倡导轻户外，周末常带家人自驾野营或山系徒步，注重生活情调与手作咖啡。,名下持有一套旧两居，置换回款 65% + 个人理财储蓄补充 + 公积金商业贷,重性价比，不盲信大牌，但要求物业管理有序、绿化修剪及时、人防技防规范。,常年本地稳定居住，工作日职住通勤动线规则单一。
上_2008_01937,上海,2008,金融精英,44,男,4.1,35.1,0.4,65.8,4,1,是,A,research,0.8,0.43,0.46,0.66,0.85,0.71,0.74,0.64,0.79,自住-改善,两室两厅,91,6287,申银万国证券分析员,三口之家(学龄段),市中心私密洋房住宅,当前房屋属于旧多层无电梯房，父母年纪渐高每天爬楼梯极为吃力。,讲究超高得房率（超85%），主卧套房必须配备独立步入式衣帽间与干湿分离双卫。,主要在陆家嘴/徐家汇CBD上班，首选地铁2/9号线沿线，通勤半小时内。,周末常去高端商圈消费，热衷打网球和马术，重度手冲咖啡及黑胶唱片发烧友。,名下已有企业股权套现或分红现金，一次性全款付清，基本不加杠杆,非仁恒、绿城、万科等金牌开发商不买，极度看重高端精装质量与顶级物业的增值口碑。,常年本地稳定居住，工作日职住通勤动线规则单一。
上_2008_01938,上海,2008,金融精英,49,女,8.2,67.5,0.4,126.7,4,1,否,A,research,0.72,0.45,0.66,0.57,0.82,0.75,0.62,0.69,0.69,自住-改善,两室两厅,71,15620,申银万国证券分析员,三口之家(学龄段),市中心私密洋房住宅,无高端私密会所及管家式物业配套，圈层鱼龙混杂，高净值居住体验差。,讲究超高得房率（超85%），主卧套房必须配备独立步入式衣帽间与干湿分离双卫。,主要在陆家嘴/徐家汇CBD上班，首选地铁2/9号线沿线，通勤半小时内。,周末常去高端商圈消费，热衷打网球和马术，重度手冲咖啡及黑胶唱片发烧友。,名下已有企业股权套现或分红现金，一次性全款付清，基本不加杠杆,重性价比，不盲信大牌，但要求物业管理有序、绿化修剪及时、人防技防规范。,常年本地稳定居住，工作日职住通勤动线规则单一。
上_2008_01939,上海,2008,金融精英,36,男,3.8,23.0,0.4,43.2,2,1,否,A,research,0.76,0.46,0.73,0.68,0.74,0.64,0.82,0.75,0.93,自住-改善,两室一厅,59,4057,申银万国证券分析员,三口之家(幼龄段),陆家嘴核心区江景大平层,无高端私密会所及管家式物业配套，圈层鱼龙混杂，高净值居住体验差。,要求有超大面宽南向双阳台（观景家政分离），主卧大飘窗能270度直面自然景观。,主要在陆家嘴/徐家汇CBD上班，首选地铁2/9号线沿线，通勤半小时内。,周末常去高端商圈消费，热衷打网球和马术，重度手冲咖啡及黑胶唱片发烧友。,名下已有企业股权套现或分红现金，一次性全款付清，基本不加杠杆,非仁恒、绿城、万科等金牌开发商不买，极度看重高端精装质量与顶级物业的增值口碑。,常年本地稳定居住，工作日职住通勤动线规则单一。
上_2008_01940,上海,2008,教育型买房,46,男,4.7,38.0,0.4,71.2,3,1,是,B,social,0.71,0.35,0.49,0.27,0.71,0.71,0.5,0.91,0.6,学区房,两室一厅,74,7070,区财政局科员,三口之家(学龄段),上海中环品质两居，车位及空间极其拥挤,小区无地下车库且人车不分流，小孩在楼下玩耍或者推婴儿车极为不安全。,讲究超高得房率（超85%），主卧套房必须配备独立步入式衣帽间与干湿分离双卫。,主要在陆家嘴/徐家汇CBD上班，首选地铁2/9号线沿线，通勤半小时内。,倡导轻户外，周末常带家人自驾野营或山系徒步，注重生活情调与手作咖啡。,名下持有一套旧两居，置换回款 65% + 个人理财储蓄补充 + 公积金商业贷,重性价比，不盲信大牌，但要求物业管理有序、绿化修剪及时、人防技防规范。,常年本地稳定居住，工作日职住通勤动线规则单一。
上_2008_01941,上海,2008,本地改善,45,男,1.1,8.5,0.45,14.2,5,2,否,B,agent,0.77,0.72,0.61,0.54,0.56,0.88,0.47,0.77,0.48,自住-改善,一室一厅,68,1630,区财政局科员,二胎黄金期中大户型,上海中环品质两居，车位及空间极其拥挤,小区无地下车库且人车不分流，小孩在楼下玩耍或者推婴儿车极为不安全。,讲究超高得房率（超85%），主卧套房必须配备独立步入式衣帽间与干湿分离双卫。,主要在陆家嘴/徐家汇CBD上班，首选地铁2/9号线沿线，通勤半小时内。,倡导轻户外，周末常带家人自驾野营或山系徒步，注重生活情调与手作咖啡。,名下持有一套旧两居，置换回款 65% + 个人理财储蓄补充 + 公积金商业贷,重性价比，不盲信大牌，但要求物业管理有序、绿化修剪及时、人防技防规范。,常年本地稳定居住，工作日职住通勤动线规则单一。
上_2008_01942,上海,2008,金融精英,43,男,7.0,43.3,0.4,81.2,2,0,否,A,research,0.68,0.22,0.49,0.58,0.62,0.65,0.74,0.82,0.89,自住-改善,两室一厅,52,12036,申银万国证券分析员,成熟期核心家庭,西湖边高精平层,无高端私密会所及管家式物业配套，圈层鱼龙混杂，高净值居住体验差。,核心要求地块属于第一梯队名校学区，且周边500米内解决幼小衔接教育配套。,主要在陆家嘴/徐家汇CBD上班，首选地铁2/9号线沿线，通勤半小时内。,周末常去高端商圈消费，热衷打网球和马术，重度手冲咖啡及黑胶唱片发烧友。,名下已有企业股权套现或分红现金，一次性全款付清，基本不加杠杆,非仁恒、绿城、万科等金牌开发商不买，极度看重高端精装质量与顶级物业的增值口碑。,常年本地稳定居住，工作日职住通勤动线规则单一。
上_2008_01943,上海,2008,本地改善,56,男,3.2,39.5,0.45,65.8,5,2,否,B,agent,0.56,0.49,0.5,0.51,0.62,0.87,0.61,0.71,0.5,自住-改善,两室两厅,64,7616,邮政局局长秘书,二胎黄金期中大户型,上海中环品质两居，车位及空间极其拥挤,小区无地下车库且人车不分流，小孩在楼下玩耍或者推婴儿车极为不安全。,讲究超高得房率（超85%），主卧套房必须配备独立步入式衣帽间与干湿分离双卫。,主要在陆家嘴/徐家汇CBD上班，首选地铁2/9号线沿线，通勤半小时内。,倡导轻户外，周末常带家人自驾野营或山系徒步，注重生活情调与手作咖啡。,名下持有一套旧两居，置换回款 65% + 个人理财储蓄补充 + 公积金商业贷,重性价比，不盲信大牌，但要求物业管理有序、绿化修剪及时、人防技防规范。,常年本地稳定居住，工作日职住通勤动线规则单一。
上_2008_01944,上海,2008,本地改善,58,男,1.5,15.6,0.45,26.0,5,1,是,B,agent,0.74,0.5,0.5,0.47,0.53,1,0.65,0.71,0.7,自住-改善,两室两厅,88,1631,区财政局科员,三口之家(学龄段),上海中环品质两居，车位及空间极其拥挤,小区无地下车库且人车不分流，小孩在楼下玩耍或者推婴儿车极为不安全。,讲究超高得房率（超85%），主卧套房必须配备独立步入式衣帽间与干湿分离双卫。,主要在陆家嘴/徐家汇CBD上班，首选地铁2/9号线沿线，通勤半小时内。,倡导轻户外，周末常带家人自驾野营或山系徒步，注重生活情调与手作咖啡。,名下持有一套旧两居，置换回款 65% + 个人理财储蓄补充 + 公积金商业贷,非仁恒、绿城、万科等金牌开发商不买，极度看重高端精装质量与顶级物业的增值口碑。,常年本地稳定居住，工作日职住通勤动线规则单一。
上_2008_01945,上海,2008,金融精英,43,男,5.0,34.5,0.4,64.7,3,2,否,A,research,1,0.39,0.66,0.72,0.81,0.89,0.86,0.77,0.85,自住-改善,两室一厅,55,7709,商业银行支行信贷科长,二胎黄金期中大户型,陆家嘴核心区江景大平层,无高端私密会所及管家式物业配套，圈层鱼龙混杂，高净值居住体验差。,要求独立电梯入户，主次卧动线分明，配备独立保姆房和私密后院。,主要在陆家嘴/徐家汇CBD上班，首选地铁2/9号线沿线，通勤半小时内。,周末常去高端商圈消费，热衷打网球和马术，重度手冲咖啡及黑胶唱片发烧友。,名下已有企业股权套现或分红现金，一次性全款付清，基本不加杠杆,非仁恒、绿城、万科等金牌开发商不买，极度看重高端精装质量与顶级物业的增值口碑。,常年本地稳定居住，工作日职住通勤动线规则单一。
上_2008_01946,上海,2008,本地改善,46,男,2.9,25.2,0.45,42.0,5,1,否,B,agent,0.46,0.44,0.52,0.52,0.56,0.67,0.62,0.67,0.72,自住-改善,两室一厅,89,3859,邮政局局长秘书,三口之家(学龄段),上海中环品质两居，车位及空间极其拥挤,小区无地下车库且人车不分流，小孩在楼下玩耍或者推婴儿车极为不安全。,要求采光通透，全明户型，带多功能嵌入式收纳墙以最大化空间利用。,主要在陆家嘴/徐家汇CBD上班，首选地铁2/9号线沿线，通勤半小时内。,倡导轻户外，周末常带家人自驾野营或山系徒步，注重生活情调与手作咖啡。,名下持有一套旧两居，置换回款 65% + 个人理财储蓄补充 + 公积金商业贷,非仁恒、绿城、万科等金牌开发商不买，极度看重高端精装质量与顶级物业的增值口碑。,常年本地稳定居住，工作日职住通勤动线规则单一。
上_2008_01947,上海,2008,本地改善,56,男,2.0,21.6,0.45,36.0,4,2,否,B,agent,0.78,0.47,0.48,0.51,0.5,0.73,0.61,0.66,0.59,自住-改善,一室一厅,75,2989,国企车间技术主任,二胎黄金期中大户型,上海中环品质两居，车位及空间极其拥挤,小区无地下车库且人车不分流，小孩在楼下玩耍或者推婴儿车极为不安全。,讲究超高得房率（超85%），主卧套房必须配备独立步入式衣帽间与干湿分离双卫。,主要在陆家嘴/徐家汇CBD上班，首选地铁2/9号线沿线，通勤半小时内。,倡导轻户外，周末常带家人自驾野营或山系徒步，注重生活情调与手作咖啡。,名下持有一套旧两居，置换回款 65% + 个人理财储蓄补充 + 公积金商业贷,重性价比，不盲信大牌，但要求物业管理有序、绿化修剪及时、人防技防规范。,常年本地稳定居住，工作日职住通勤动线规则单一。
上_2008_01948,上海,2008,教育型买房,41,女,3.1,25.1,0.4,47.1,2,1,是,B,social,1,0.56,0.47,0.48,0.57,0.68,0.75,0.88,0.55,学区房,一室一厅,79,3194,国企车间技术主任,三口之家(学龄段),上海中环品质两居，车位及空间极其拥挤,小区无地下车库且人车不分流，小孩在楼下玩耍或者推婴儿车极为不安全。,核心要求地块属于第一梯队名校学区，且周边500米内解决幼小衔接教育配套。,主要在陆家嘴/徐家汇CBD上班，首选地铁2/9号线沿线，通勤半小时内。,倡导轻户外，周末常带家人自驾野营或山系徒步，注重生活情调与手作咖啡。,名下持有一套旧两居，置换回款 65% + 个人理财储蓄补充 + 公积金商业贷,重性价比，不盲信大牌，但要求物业管理有序、绿化修剪及时、人防技防规范。,常年本地稳定居住，工作日职住通勤动线规则单一。
上_2008_01949,上海,2008,本地改善,53,女,3.8,45.0,0.45,75.0,3,2,是,B,agent,0.91,0.61,0.53,0.54,0.56,0.87,0.7,0.64,0.61,自住-改善,两室一厅,74,6469,国企车间技术主任,二胎黄金期中大户型,上海中环品质两居，车位及空间极其拥挤,小区无地下车库且人车不分流，小孩在楼下玩耍或者推婴儿车极为不安全。,讲究超高得房率（超85%），主卧套房必须配备独立步入式衣帽间与干湿分离双卫。,主要在陆家嘴/徐家汇CBD上班，首选地铁2/9号线沿线，通勤半小时内。,倡导轻户外，周末常带家人自驾野营或山系徒步，注重生活情调与手作咖啡。,名下持有一套旧两居，置换回款 65% + 个人理财储蓄补充 + 公积金商业贷,重性价比，不盲信大牌，但要求物业管理有序、绿化修剪及时、人防技防规范。,常年本地稳定居住，工作日职住通勤动线规则单一。
上_2008_01950,上海,2008,金融精英,45,男,4.8,27.7,0.4,51.9,4,2,否,A,research,0.75,0.54,0.6,0.53,0.71,0.67,0.59,0.83,0.77,自住-改善,两室一厅,92,3429,老牌证券公司营业部经理,二胎黄金期中大户型,陆家嘴核心区江景大平层,无高端私密会所及管家式物业配套，圈层鱼龙混杂，高净值居住体验差。,核心要求地块属于第一梯队名校学区，且周边500米内解决幼小衔接教育配套。,主要在陆家嘴/徐家汇CBD上班，首选地铁2/9号线沿线，通勤半小时内。,周末常去高端商圈消费，热衷打网球和马术，重度手冲咖啡及黑胶唱片发烧友。,名下已有企业股权套现或分红现金，一次性全款付清，基本不加杠杆,非仁恒、绿城、万科等金牌开发商不买，极度看重高端精装质量与顶级物业的增值口碑。,常年本地稳定居住，工作日职住通勤动线规则单一。
上_2008_01951,上海,2008,外籍海归,40,女,0.9,6.9,0.4,13.0,4,2,否,A,social,0.73,0.46,0.63,0.59,0.89,0.85,0.71,0.86,0.89,自住-首套,两室一厅,72,955,外企驻沪办事处代表,二胎黄金期中大户型,陆家嘴核心区江景大平层,无高端私密会所及管家式物业配套，圈层鱼龙混杂，高净值居住体验差。,讲究超高得房率（超85%），主卧套房必须配备独立步入式衣帽间与干湿分离双卫。,主要在陆家嘴/徐家汇CBD上班，首选地铁2/9号线沿线，通勤半小时内。,周末常去高端商圈消费，热衷打网球和马术，重度手冲咖啡及黑胶唱片发烧友。,夫妻双方积蓄 + 双方父母出资赞助首付 + 公积金商业组合贷款,非仁恒、绿城、万科等金牌开发商不买，极度看重高端精装质量与顶级物业的增值口碑。,常年本地稳定居住，工作日职住通勤动线规则单一。
上_2008_01952,上海,2008,金融精英,40,男,2.0,13.7,0.4,25.6,3,2,否,A,research,0.77,0.39,0.73,0.62,0.79,0.7,0.85,0.86,0.8,自住-首套,两室两厅,50,3852,老牌证券公司营业部经理,二胎黄金期中大户型,陆家嘴核心区江景大平层,无高端私密会所及管家式物业配套，圈层鱼龙混杂，高净值居住体验差。,要求有超大面宽南向双阳台（观景家政分离），主卧大飘窗能270度直面自然景观。,主要在陆家嘴/徐家汇CBD上班，首选地铁2/9号线沿线，通勤半小时内。,周末常去高端商圈消费，热衷打网球和马术，重度手冲咖啡及黑胶唱片发烧友。,夫妻双方积蓄 + 双方父母出资赞助首付 + 公积金商业组合贷款,非仁恒、绿城、万科等金牌开发商不买，极度看重高端精装质量与顶级物业的增值口碑。,常年本地稳定居住，工作日职住通勤动线规则单一。
上_2008_01953,上海,2008,教育型买房,32,女,1.6,14.1,0.4,26.4,3,0,否,B,social,0.82,0.51,0.52,0.5,0.68,0.68,0.56,0.95,0.6,学区房,两室一厅,72,2122,市第二中学地理教师,新婚过渡两居,上海中环品质两居，车位及空间极其拥挤,老小区隔音差，邻里滋扰严重，且车位严重匮乏，每晚加班回来抢车位像打仗。,核心要求地块属于第一梯队名校学区，且周边500米内解决幼小衔接教育配套。,主要在陆家嘴/徐家汇CBD上班，首选地铁2/9号线沿线，通勤半小时内。,倡导轻户外，周末常带家人自驾野营或山系徒步，注重生活情调与手作咖啡。,名下持有一套旧两居，置换回款 65% + 个人理财储蓄补充 + 公积金商业贷,重性价比，不盲信大牌，但要求物业管理有序、绿化修剪及时、人防技防规范。,常年本地稳定居住，工作日职住通勤动线规则单一。
上_2008_01954,上海,2008,金融精英,45,男,3.5,32.1,0.4,60.1,3,0,否,A,research,0.61,0.49,0.63,0.57,0.67,0.85,0.85,0.8,0.88,自住-改善,一室一厅,94,4072,申银万国证券分析员,成熟期核心家庭,西湖边高精平层,无高端私密会所及管家式物业配套，圈层鱼龙混杂，高净值居住体验差。,讲究超高得房率（超85%），主卧套房必须配备独立步入式衣帽间与干湿分离双卫。,主要在陆家嘴/徐家汇CBD上班，首选地铁2/9号线沿线，通勤半小时内。,周末常去高端商圈消费，热衷打网球和马术，重度手冲咖啡及黑胶唱片发烧友。,名下已有企业股权套现或分红现金，一次性全款付清，基本不加杠杆,非仁恒、绿城、万科等金牌开发商不买，极度看重高端精装质量与顶级物业的增值口碑。,常年本地稳定居住，工作日职住通勤动线规则单一。
上_2008_01955,上海,2008,金融精英,32,男,4.6,30.7,0.4,57.6,3,0,否,A,research,0.7,0.53,0.63,0.55,0.88,0.8,0.78,0.74,0.76,婚房,两室一厅,77,3829,申银万国证券分析员,新婚过渡两居,市中心私密洋房住宅,无高端私密会所及管家式物业配套，圈层鱼龙混杂，高净值居住体验差。,讲究超高得房率（超85%），主卧套房必须配备独立步入式衣帽间与干湿分离双卫。,主要在陆家嘴/徐家汇CBD上班，首选地铁2/9号线沿线，通勤半小时内。,周末常去高端商圈消费，热衷打网球和马术，重度手冲咖啡及黑胶唱片发烧友。,夫妻双方积蓄 + 双方父母出资赞助首付 + 公积金商业组合贷款,非仁恒、绿城、万科等金牌开发商不买，极度看重高端精装质量与顶级物业的增值口碑。,常年本地稳定居住，工作日职住通勤动线规则单一。
上_2008_01956,上海,2008,本地改善,43,女,1.9,14.7,0.45,24.6,3,2,是,B,agent,0.91,0.56,0.55,0.54,0.53,0.86,0.61,0.73,0.68,自住-改善,两室一厅,88,1618,市第二中学地理教师,二胎黄金期中大户型,上海中环品质两居，车位及空间极其拥挤,小区无地下车库且人车不分流，小孩在楼下玩耍或者推婴儿车极为不安全。,讲究超高得房率（超85%），主卧套房必须配备独立步入式衣帽间与干湿分离双卫。,主要在陆家嘴/徐家汇CBD上班，首选地铁2/9号线沿线，通勤半小时内。,倡导轻户外，周末常带家人自驾野营或山系徒步，注重生活情调与手作咖啡。,名下持有一套旧两居，置换回款 65% + 个人理财储蓄补充 + 公积金商业贷,重性价比，不盲信大牌，但要求物业管理有序、绿化修剪及时、人防技防规范。,常年本地稳定居住，工作日职住通勤动线规则单一。
上_2008_01957,上海,2008,本地改善,55,女,2.4,28.1,0.45,46.8,4,2,否,B,agent,0.91,0.44,0.44,0.51,0.66,0.97,0.65,0.56,0.69,自住-改善,一室一厅,89,2792,国企车间技术主任,二胎黄金期中大户型,上海中环品质两居，车位及空间极其拥挤,小区无地下车库且人车不分流，小孩在楼下玩耍或者推婴儿车极为不安全。,讲究超高得房率（超85%），主卧套房必须配备独立步入式衣帽间与干湿分离双卫。,主要在陆家嘴/徐家汇CBD上班，首选地铁2/9号线沿线，通勤半小时内。,倡导轻户外，周末常带家人自驾野营或山系徒步，注重生活情调与手作咖啡。,名下持有一套旧两居，置换回款 65% + 个人理财储蓄补充 + 公积金商业贷,重性价比，不盲信大牌，但要求物业管理有序、绿化修剪及时、人防技防规范。,常年本地稳定居住，工作日职住通勤动线规则单一。
上_2008_01958,上海,2008,教育型买房,32,女,2.0,20.0,0.4,37.6,4,0,是,B,social,1,0.59,0.39,0.41,0.72,0.78,0.66,1,0.67,学区房,两室一厅,78,2735,区财政局科员,新婚过渡两居,上海中环品质两居，车位及空间极其拥挤,当前房屋属于旧多层无电梯房，父母年纪渐高每天爬楼梯极为吃力。,讲究超高得房率（超85%），主卧套房必须配备独立步入式衣帽间与干湿分离双卫。,主要在陆家嘴/徐家汇CBD上班，首选地铁2/9号线沿线，通勤半小时内。,倡导轻户外，周末常带家人自驾野营或山系徒步，注重生活情调与手作咖啡。,名下持有一套旧两居，置换回款 65% + 个人理财储蓄补充 + 公积金商业贷,重性价比，不盲信大牌，但要求物业管理有序、绿化修剪及时、人防技防规范。,常年本地稳定居住，工作日职住通勤动线规则单一。
上_2008_01959,上海,2008,金融精英,46,男,2.9,21.4,0.4,40.1,3,2,否,A,research,0.74,0.38,0.59,0.62,0.83,0.7,0.59,0.82,0.69,自住-改善,一室一厅,70,4106,老牌证券公司营业部经理,二胎黄金期中大户型,西湖边高精平层,无高端私密会所及管家式物业配套，圈层鱼龙混杂，高净值居住体验差。,讲究超高得房率（超85%），主卧套房必须配备独立步入式衣帽间与干湿分离双卫。,主要在陆家嘴/徐家汇CBD上班，首选地铁2/9号线沿线，通勤半小时内。,周末常去高端商圈消费，热衷打网球和马术，重度手冲咖啡及黑胶唱片发烧友。,名下已有企业股权套现或分红现金，一次性全款付清，基本不加杠杆,重性价比，不盲信大牌，但要求物业管理有序、绿化修剪及时、人防技防规范。,常年本地稳定居住，工作日职住通勤动线规则单一。
上_2008_01960,上海,2008,金融精英,44,女,5.8,58.4,0.4,109.5,3,1,否,A,research,0.51,0.55,0.57,0.56,0.71,0.67,0.85,0.66,0.88,自住-首套,两室一厅,72,10777,申银万国证券分析员,三口之家(学龄段),西湖边高精平层,无高端私密会所及管家式物业配套，圈层鱼龙混杂，高净值居住体验差。,要求采光通透，全明户型，带多功能嵌入式收纳墙以最大化空间利用。,主要在陆家嘴/徐家汇CBD上班，首选地铁2/9号线沿线，通勤半小时内。,周末常去高端商圈消费，热衷打网球和马术，重度手冲咖啡及黑胶唱片发烧友。,夫妻双方积蓄 + 双方父母出资赞助首付 + 公积金商业组合贷款,非仁恒、绿城、万科等金牌开发商不买，极度看重高端精装质量与顶级物业的增值口碑。,常年本地稳定居住，工作日职住通勤动线规则单一。
上_2008_01961,上海,2008,教育型买房,34,女,3.5,30.4,0.4,56.9,4,1,否,B,social,0.75,0.5,0.32,0.36,0.67,0.72,0.6,0.99,0.6,学区房,一室一厅,85,3631,区财政局科员,三口之家(幼龄段),上海中环品质两居，车位及空间极其拥挤,小区无地下车库且人车不分流，小孩在楼下玩耍或者推婴儿车极为不安全。,讲究超高得房率（超85%），主卧套房必须配备独立步入式衣帽间与干湿分离双卫。,主要在陆家嘴/徐家汇CBD上班，首选地铁2/9号线沿线，通勤半小时内。,倡导轻户外，周末常带家人自驾野营或山系徒步，注重生活情调与手作咖啡。,名下持有一套旧两居，置换回款 65% + 个人理财储蓄补充 + 公积金商业贷,重性价比，不盲信大牌，但要求物业管理有序、绿化修剪及时、人防技防规范。,常年本地稳定居住，工作日职住通勤动线规则单一。
上_2008_01962,上海,2008,本地改善,47,女,1.9,19.3,0.45,32.1,3,1,否,B,agent,0.41,0.54,0.45,0.5,0.65,0.98,0.54,0.69,0.34,自住-改善,一室一厅,55,3505,国企车间技术主任,三口之家(学龄段),上海中环品质两居，车位及空间极其拥挤,小区无地下车库且人车不分流，小孩在楼下玩耍或者推婴儿车极为不安全。,讲究超高得房率（超85%），主卧套房必须配备独立步入式衣帽间与干湿分离双卫。,主要在陆家嘴/徐家汇CBD上班，首选地铁2/9号线沿线，通勤半小时内。,倡导轻户外，周末常带家人自驾野营或山系徒步，注重生活情调与手作咖啡。,名下持有一套旧两居，置换回款 65% + 个人理财储蓄补充 + 公积金商业贷,重性价比，不盲信大牌，但要求物业管理有序、绿化修剪及时、人防技防规范。,常年本地稳定居住，工作日职住通勤动线规则单一。
上_2008_01963,上海,2008,教育型买房,33,女,3.5,24.7,0.4,46.3,3,1,是,B,social,0.79,0.48,0.32,0.5,0.68,0.57,0.69,0.93,0.57,学区房,一室一厅,87,4194,邮政局局长秘书,三口之家(幼龄段),上海中环品质两居，车位及空间极其拥挤,小区无地下车库且人车不分流，小孩在楼下玩耍或者推婴儿车极为不安全。,核心要求地块属于第一梯队名校学区，且周边500米内解决幼小衔接教育配套。,主要在陆家嘴/徐家汇CBD上班，首选地铁2/9号线沿线，通勤半小时内。,倡导轻户外，周末常带家人自驾野营或山系徒步，注重生活情调与手作咖啡。,名下持有一套旧两居，置换回款 65% + 个人理财储蓄补充 + 公积金商业贷,重性价比，不盲信大牌，但要求物业管理有序、绿化修剪及时、人防技防规范。,常年本地稳定居住，工作日职住通勤动线规则单一。
上_2008_01964,上海,2008,金融精英,48,女,3.3,20.6,0.4,38.7,3,0,是,A,research,0.62,0.42,0.74,0.6,0.85,0.77,0.64,0.77,0.86,自住-首套,两室两厅,74,3307,申银万国证券分析员,成熟期核心家庭,西湖边高精平层,当前房屋属于旧多层无电梯房，父母年纪渐高每天爬楼梯极为吃力。,要求有超大面宽南向双阳台（观景家政分离），主卧大飘窗能270度直面自然景观。,主要在陆家嘴/徐家汇CBD上班，首选地铁2/9号线沿线，通勤半小时内。,周末常去高端商圈消费，热衷打网球和马术，重度手冲咖啡及黑胶唱片发烧友。,夫妻双方积蓄 + 双方父母出资赞助首付 + 公积金商业组合贷款,非仁恒、绿城、万科等金牌开发商不买，极度看重高端精装质量与顶级物业的增值口碑。,常年本地稳定居住，工作日职住通勤动线规则单一。
上_2008_01965,上海,2008,本地改善,48,女,3.4,41.4,0.45,69.0,3,2,是,B,agent,0.72,0.39,0.58,0.56,0.63,0.92,0.79,0.75,0.75,自住-改善,两室两厅,63,9340,国企车间技术主任,二胎黄金期中大户型,上海中环品质两居，车位及空间极其拥挤,小区无地下车库且人车不分流，小孩在楼下玩耍或者推婴儿车极为不安全。,讲究超高得房率（超85%），主卧套房必须配备独立步入式衣帽间与干湿分离双卫。,主要在陆家嘴/徐家汇CBD上班，首选地铁2/9号线沿线，通勤半小时内。,倡导轻户外，周末常带家人自驾野营或山系徒步，注重生活情调与手作咖啡。,名下持有一套旧两居，置换回款 65% + 个人理财储蓄补充 + 公积金商业贷,非仁恒、绿城、万科等金牌开发商不买，极度看重高端精装质量与顶级物业的增值口碑。,常年本地稳定居住，工作日职住通勤动线规则单一。
上_2008_01966,上海,2008,金融精英,49,女,3.1,22.8,0.4,42.7,4,1,否,A,research,0.88,0.39,0.65,0.64,0.75,0.86,0.81,0.78,0.75,自住-改善,两室一厅,68,4164,老牌证券公司营业部经理,三口之家(学龄段),市中心私密洋房住宅,无高端私密会所及管家式物业配套，圈层鱼龙混杂，高净值居住体验差。,讲究超高得房率（超85%），主卧套房必须配备独立步入式衣帽间与干湿分离双卫。,主要在陆家嘴/徐家汇CBD上班，首选地铁2/9号线沿线，通勤半小时内。,周末常去高端商圈消费，热衷打网球和马术，重度手冲咖啡及黑胶唱片发烧友。,名下已有企业股权套现或分红现金，一次性全款付清，基本不加杠杆,非仁恒、绿城、万科等金牌开发商不买，极度看重高端精装质量与顶级物业的增值口碑。,常年本地稳定居住，工作日职住通勤动线规则单一。
上_2008_01967,上海,2008,教育型买房,38,男,5.9,33.5,0.4,62.8,4,2,否,B,social,1,0.47,0.39,0.45,0.63,0.7,0.48,1,0.52,学区房,一室一厅,83,4918,市第二中学地理教师,二胎黄金期中大户型,上海中环品质两居，车位及空间极其拥挤,小区无地下车库且人车不分流，小孩在楼下玩耍或者推婴儿车极为不安全。,讲究超高得房率（超85%），主卧套房必须配备独立步入式衣帽间与干湿分离双卫。,主要在陆家嘴/徐家汇CBD上班，首选地铁2/9号线沿线，通勤半小时内。,倡导轻户外，周末常带家人自驾野营或山系徒步，注重生活情调与手作咖啡。,名下持有一套旧两居，置换回款 65% + 个人理财储蓄补充 + 公积金商业贷,重性价比，不盲信大牌，但要求物业管理有序、绿化修剪及时、人防技防规范。,常年本地稳定居住，工作日职住通勤动线规则单一。
上_2008_01968,上海,2008,金融精英,36,女,6.6,54.4,0.4,101.9,4,1,否,A,research,0.67,0.57,0.77,0.5,0.72,0.66,0.64,0.85,0.79,自住-首套,两室两厅,87,7367,老牌证券公司营业部经理,三口之家(幼龄段),西湖边高精平层,无高端私密会所及管家式物业配套，圈层鱼龙混杂，高净值居住体验差。,要求有超大面宽南向双阳台（观景家政分离），主卧大飘窗能270度直面自然景观。,主要在陆家嘴/徐家汇CBD上班，首选地铁2/9号线沿线，通勤半小时内。,周末常去高端商圈消费，热衷打网球和马术，重度手冲咖啡及黑胶唱片发烧友。,夫妻双方积蓄 + 双方父母出资赞助首付 + 公积金商业组合贷款,非仁恒、绿城、万科等金牌开发商不买，极度看重高端精装质量与顶级物业的增值口碑。,常年本地稳定居住，工作日职住通勤动线规则单一。
上_2008_01969,上海,2008,本地改善,55,女,3.2,35.8,0.45,59.7,4,2,是,B,agent,0.64,0.36,0.56,0.42,0.55,0.94,0.71,0.61,0.65,自住-改善,两室两厅,62,8169,邮政局局长秘书,二胎黄金期中大户型,上海中环品质两居，车位及空间极其拥挤,小区无地下车库且人车不分流，小孩在楼下玩耍或者推婴儿车极为不安全。,讲究超高得房率（超85%），主卧套房必须配备独立步入式衣帽间与干湿分离双卫。,主要在陆家嘴/徐家汇CBD上班，首选地铁2/9号线沿线，通勤半小时内。,倡导轻户外，周末常带家人自驾野营或山系徒步，注重生活情调与手作咖啡。,名下持有一套旧两居，置换回款 65% + 个人理财储蓄补充 + 公积金商业贷,重性价比，不盲信大牌，但要求物业管理有序、绿化修剪及时、人防技防规范。,常年本地稳定居住，工作日职住通勤动线规则单一。
上_2008_01970,上海,2008,外籍海归,39,男,4.3,32.1,0.4,60.2,4,2,否,A,social,0.68,0.5,0.4,0.66,0.84,0.69,0.58,0.94,0.73,自住-首套,一室一厅,100,3652,外企驻沪办事处代表,二胎黄金期中大户型,市中心私密洋房住宅,无高端私密会所及管家式物业配套，圈层鱼龙混杂，高净值居住体验差。,核心要求地块属于第一梯队名校学区，且周边500米内解决幼小衔接教育配套。,主要在陆家嘴/徐家汇CBD上班，首选地铁2/9号线沿线，通勤半小时内。,周末常去高端商圈消费，热衷打网球和马术，重度手冲咖啡及黑胶唱片发烧友。,夫妻双方积蓄 + 双方父母出资赞助首付 + 公积金商业组合贷款,非仁恒、绿城、万科等金牌开发商不买，极度看重高端精装质量与顶级物业的增值口碑。,常年本地稳定居住，工作日职住通勤动线规则单一。
上_2008_01971,上海,2008,外籍海归,45,女,4.3,36.5,0.4,68.5,3,2,是,A,social,0.67,0.55,0.57,0.64,0.67,0.76,0.68,0.95,0.77,自住-改善,一室一厅,54,9608,外企驻沪办事处代表,二胎黄金期中大户型,西湖边高精平层,当前房屋属于旧多层无电梯房，父母年纪渐高每天爬楼梯极为吃力。,讲究超高得房率（超85%），主卧套房必须配备独立步入式衣帽间与干湿分离双卫。,主要在陆家嘴/徐家汇CBD上班，首选地铁2/9号线沿线，通勤半小时内。,周末常去高端商圈消费，热衷打网球和马术，重度手冲咖啡及黑胶唱片发烧友。,名下已有企业股权套现或分红现金，一次性全款付清，基本不加杠杆,非仁恒、绿城、万科等金牌开发商不买，极度看重高端精装质量与顶级物业的增值口碑。,常年本地稳定居住，工作日职住通勤动线规则单一。
上_2008_01972,上海,2008,教育型买房,35,女,2.7,18.9,0.4,35.4,4,2,是,B,social,0.93,0.55,0.47,0.41,0.67,0.8,0.58,0.91,0.58,学区房,一室一厅,92,3290,区财政局科员,二胎黄金期中大户型,上海中环品质两居，车位及空间极其拥挤,小区无地下车库且人车不分流，小孩在楼下玩耍或者推婴儿车极为不安全。,讲究超高得房率（超85%），主卧套房必须配备独立步入式衣帽间与干湿分离双卫。,主要在陆家嘴/徐家汇CBD上班，首选地铁2/9号线沿线，通勤半小时内。,倡导轻户外，周末常带家人自驾野营或山系徒步，注重生活情调与手作咖啡。,名下持有一套旧两居，置换回款 65% + 个人理财储蓄补充 + 公积金商业贷,重性价比，不盲信大牌，但要求物业管理有序、绿化修剪及时、人防技防规范。,常年本地稳定居住，工作日职住通勤动线规则单一。
上_2008_01973,上海,2008,长三角家庭,49,男,2.6,15.9,0.45,26.5,5,2,否,B,agent,0.68,0.48,0.6,0.49,0.59,0.85,0.41,0.57,0.66,自住-改善,两室一厅,95,1670,国企车间技术主任,二胎黄金期中大户型,上海中环品质两居，车位及空间极其拥挤,小区无地下车库且人车不分流，小孩在楼下玩耍或者推婴儿车极为不安全。,讲究超高得房率（超85%），主卧套房必须配备独立步入式衣帽间与干湿分离双卫。,主要在陆家嘴/徐家汇CBD上班，首选地铁2/9号线沿线，通勤半小时内。,倡导轻户外，周末常带家人自驾野营或山系徒步，注重生活情调与手作咖啡。,名下持有一套旧两居，置换回款 65% + 个人理财储蓄补充 + 公积金商业贷,重性价比，不盲信大牌，但要求物业管理有序、绿化修剪及时、人防技防规范。,常年本地稳定居住，工作日职住通勤动线规则单一。
上_2008_01974,上海,2008,教育型买房,32,男,2.1,15.9,0.4,29.8,3,0,否,B,social,1,0.54,0.53,0.39,0.61,0.72,0.47,0.82,0.59,学区房,一室一厅,89,2910,国企车间技术主任,新婚过渡两居,上海中环品质两居，车位及空间极其拥挤,老小区隔音差，邻里滋扰严重，且车位严重匮乏，每晚加班回来抢车位像打仗。,讲究超高得房率（超85%），主卧套房必须配备独立步入式衣帽间与干湿分离双卫。,主要在陆家嘴/徐家汇CBD上班，首选地铁2/9号线沿线，通勤半小时内。,倡导轻户外，周末常带家人自驾野营或山系徒步，注重生活情调与手作咖啡。,名下持有一套旧两居，置换回款 65% + 个人理财储蓄补充 + 公积金商业贷,重性价比，不盲信大牌，但要求物业管理有序、绿化修剪及时、人防技防规范。,常年本地稳定居住，工作日职住通勤动线规则单一。
上_2008_01975,上海,2008,外籍海归,35,女,3.5,29.7,0.4,55.7,2,1,否,A,social,0.53,0.44,0.66,0.52,0.89,0.79,0.54,0.92,0.58,自住-首套,两室两厅,50,7627,合资日化企业技术主管,三口之家(幼龄段),陆家嘴核心区江景大平层,无高端私密会所及管家式物业配套，圈层鱼龙混杂，高净值居住体验差。,讲究超高得房率（超85%），主卧套房必须配备独立步入式衣帽间与干湿分离双卫。,主要在陆家嘴/徐家汇CBD上班，首选地铁2/9号线沿线，通勤半小时内。,周末常去高端商圈消费，热衷打网球和马术，重度手冲咖啡及黑胶唱片发烧友。,夫妻双方积蓄 + 双方父母出资赞助首付 + 公积金商业组合贷款,重性价比，不盲信大牌，但要求物业管理有序、绿化修剪及时、人防技防规范。,常年本地稳定居住，工作日职住通勤动线规则单一。
上_2008_01976,上海,2008,外籍海归,38,女,6.0,32.7,0.4,61.2,2,1,否,A,social,0.67,0.55,0.61,0.53,0.84,0.62,0.66,0.85,0.76,自住-改善,两室两厅,100,5126,合资日化企业技术主管,三口之家(学龄段),市中心私密洋房住宅,无高端私密会所及管家式物业配套，圈层鱼龙混杂，高净值居住体验差。,核心要求地块属于第一梯队名校学区，且周边500米内解决幼小衔接教育配套。,主要在陆家嘴/徐家汇CBD上班，首选地铁2/9号线沿线，通勤半小时内。,周末常去高端商圈消费，热衷打网球和马术，重度手冲咖啡及黑胶唱片发烧友。,名下已有企业股权套现或分红现金，一次性全款付清，基本不加杠杆,非仁恒、绿城、万科等金牌开发商不买，极度看重高端精装质量与顶级物业的增值口碑。,常年本地稳定居住，工作日职住通勤动线规则单一。
上_2008_01977,上海,2008,教育型买房,48,女,2.2,17.2,0.4,32.3,3,1,是,B,social,1,0.38,0.38,0.51,0.73,0.7,0.49,0.84,0.43,学区房,两室一厅,67,4072,国企车间技术主任,三口之家(学龄段),上海中环品质两居，车位及空间极其拥挤,小区无地下车库且人车不分流，小孩在楼下玩耍或者推婴儿车极为不安全。,讲究超高得房率（超85%），主卧套房必须配备独立步入式衣帽间与干湿分离双卫。,主要在陆家嘴/徐家汇CBD上班，首选地铁2/9号线沿线，通勤半小时内。,倡导轻户外，周末常带家人自驾野营或山系徒步，注重生活情调与手作咖啡。,名下持有一套旧两居，置换回款 65% + 个人理财储蓄补充 + 公积金商业贷,重性价比，不盲信大牌，但要求物业管理有序、绿化修剪及时、人防技防规范。,常年本地稳定居住，工作日职住通勤动线规则单一。
上_2008_01978,上海,2008,本地改善,54,男,1.3,9.7,0.45,16.2,3,2,是,B,agent,0.84,0.52,0.52,0.61,0.5,0.92,0.59,0.75,0.61,自住-改善,两室一厅,60,2289,邮政局局长秘书,二胎黄金期中大户型,上海中环品质两居，车位及空间极其拥挤,小区无地下车库且人车不分流，小孩在楼下玩耍或者推婴儿车极为不安全。,讲究超高得房率（超85%），主卧套房必须配备独立步入式衣帽间与干湿分离双卫。,主要在陆家嘴/徐家汇CBD上班，首选地铁2/9号线沿线，通勤半小时内。,倡导轻户外，周末常带家人自驾野营或山系徒步，注重生活情调与手作咖啡。,名下持有一套旧两居，置换回款 65% + 个人理财储蓄补充 + 公积金商业贷,重性价比，不盲信大牌，但要求物业管理有序、绿化修剪及时、人防技防规范。,常年本地稳定居住，工作日职住通勤动线规则单一。
上_2008_01979,上海,2008,教育型买房,32,男,3.0,27.8,0.4,52.1,3,1,否,B,social,0.92,0.49,0.49,0.4,0.48,0.74,0.7,0.95,0.55,学区房,两室两厅,98,4007,国企车间技术主任,三口之家(幼龄段),上海中环品质两居，车位及空间极其拥挤,小区无地下车库且人车不分流，小孩在楼下玩耍或者推婴儿车极为不安全。,讲究超高得房率（超85%），主卧套房必须配备独立步入式衣帽间与干湿分离双卫。,主要在陆家嘴/徐家汇CBD上班，首选地铁2/9号线沿线，通勤半小时内。,倡导轻户外，周末常带家人自驾野营或山系徒步，注重生活情调与手作咖啡。,名下持有一套旧两居，置换回款 65% + 个人理财储蓄补充 + 公积金商业贷,重性价比，不盲信大牌，但要求物业管理有序、绿化修剪及时、人防技防规范。,常年本地稳定居住，工作日职住通勤动线规则单一。
上_2008_01980,上海,2008,教育型买房,39,女,3.0,25.8,0.4,48.3,4,1,是,B,social,0.82,0.39,0.25,0.4,0.79,0.86,0.6,0.91,0.64,学区房,两室一厅,56,5091,国企车间技术主任,三口之家(学龄段),上海中环品质两居，车位及空间极其拥挤,小区无地下车库且人车不分流，小孩在楼下玩耍或者推婴儿车极为不安全。,讲究超高得房率（超85%），主卧套房必须配备独立步入式衣帽间与干湿分离双卫。,主要在陆家嘴/徐家汇CBD上班，首选地铁2/9号线沿线，通勤半小时内。,倡导轻户外，周末常带家人自驾野营或山系徒步，注重生活情调与手作咖啡。,名下持有一套旧两居，置换回款 65% + 个人理财储蓄补充 + 公积金商业贷,重性价比，不盲信大牌，但要求物业管理有序、绿化修剪及时、人防技防规范。,常年本地稳定居住，工作日职住通勤动线规则单一。
上_2008_01981,上海,2008,金融精英,37,女,0.7,5.7,0.4,10.8,3,1,否,A,research,0.77,0.4,0.63,0.65,0.8,0.86,0.67,0.76,0.95,自住-改善,两室两厅,91,789,申银万国证券分析员,三口之家(幼龄段),陆家嘴核心区江景大平层,无高端私密会所及管家式物业配套，圈层鱼龙混杂，高净值居住体验差。,讲究超高得房率（超85%），主卧套房必须配备独立步入式衣帽间与干湿分离双卫。,主要在陆家嘴/徐家汇CBD上班，首选地铁2/9号线沿线，通勤半小时内。,周末常去高端商圈消费，热衷打网球和马术，重度手冲咖啡及黑胶唱片发烧友。,名下已有企业股权套现或分红现金，一次性全款付清，基本不加杠杆,非仁恒、绿城、万科等金牌开发商不买，极度看重高端精装质量与顶级物业的增值口碑。,常年本地稳定居住，工作日职住通勤动线规则单一。
上_2008_01982,上海,2008,金融精英,34,男,1.8,15.2,0.4,28.5,4,0,否,A,research,0.78,0.33,0.7,0.53,0.62,0.73,0.72,0.77,0.8,自住-首套,一室一厅,79,1955,商业银行支行信贷科长,新婚过渡两居,陆家嘴核心区江景大平层,无高端私密会所及管家式物业配套，圈层鱼龙混杂，高净值居住体验差。,要求有超大面宽南向双阳台（观景家政分离），主卧大飘窗能270度直面自然景观。,主要在陆家嘴/徐家汇CBD上班，首选地铁2/9号线沿线，通勤半小时内。,周末常去高端商圈消费，热衷打网球和马术，重度手冲咖啡及黑胶唱片发烧友。,夫妻双方积蓄 + 双方父母出资赞助首付 + 公积金商业组合贷款,非仁恒、绿城、万科等金牌开发商不买，极度看重高端精装质量与顶级物业的增值口碑。,常年本地稳定居住，工作日职住通勤动线规则单一。
上_2008_01983,上海,2008,本地改善,38,女,2.0,23.6,0.45,39.3,3,1,否,B,agent,0.54,0.65,0.62,0.62,0.53,0.98,0.58,0.84,0.62,自住-改善,一室一厅,51,4054,区财政局科员,三口之家(学龄段),上海中环品质两居，车位及空间极其拥挤,小区无地下车库且人车不分流，小孩在楼下玩耍或者推婴儿车极为不安全。,讲究超高得房率（超85%），主卧套房必须配备独立步入式衣帽间与干湿分离双卫。,主要在陆家嘴/徐家汇CBD上班，首选地铁2/9号线沿线，通勤半小时内。,倡导轻户外，周末常带家人自驾野营或山系徒步，注重生活情调与手作咖啡。,名下持有一套旧两居，置换回款 65% + 个人理财储蓄补充 + 公积金商业贷,重性价比，不盲信大牌，但要求物业管理有序、绿化修剪及时、人防技防规范。,常年本地稳定居住，工作日职住通勤动线规则单一。
上_2008_01984,上海,2008,金融精英,45,女,3.3,31.8,0.4,59.6,3,1,否,A,research,0.75,0.46,0.66,0.67,0.8,0.77,0.64,0.89,0.75,自住-首套,一室一厅,59,7296,申银万国证券分析员,三口之家(学龄段),陆家嘴核心区江景大平层,无高端私密会所及管家式物业配套，圈层鱼龙混杂，高净值居住体验差。,讲究超高得房率（超85%），主卧套房必须配备独立步入式衣帽间与干湿分离双卫。,主要在陆家嘴/徐家汇CBD上班，首选地铁2/9号线沿线，通勤半小时内。,周末常去高端商圈消费，热衷打网球和马术，重度手冲咖啡及黑胶唱片发烧友。,夫妻双方积蓄 + 双方父母出资赞助首付 + 公积金商业组合贷款,非仁恒、绿城、万科等金牌开发商不买，极度看重高端精装质量与顶级物业的增值口碑。,常年本地稳定居住，工作日职住通勤动线规则单一。
上_2008_01985,上海,2008,长三角家庭,50,女,3.2,20.5,0.45,34.2,4,1,否,B,agent,0.78,0.58,0.42,0.46,0.54,0.73,0.47,0.69,0.71,自住-首套,两室一厅,79,2497,国企车间技术主任,三口之家(学龄段),上海中环品质两居，车位及空间极其拥挤,小区无地下车库且人车不分流，小孩在楼下玩耍或者推婴儿车极为不安全。,讲究超高得房率（超85%），主卧套房必须配备独立步入式衣帽间与干湿分离双卫。,主要在陆家嘴/徐家汇CBD上班，首选地铁2/9号线沿线，通勤半小时内。,倡导轻户外，周末常带家人自驾野营或山系徒步，注重生活情调与手作咖啡。,夫妻双方积蓄 + 双方父母出资赞助首付 + 公积金商业组合贷款,非仁恒、绿城、万科等金牌开发商不买，极度看重高端精装质量与顶级物业的增值口碑。,常年本地稳定居住，工作日职住通勤动线规则单一。
上_2008_01986,上海,2008,金融精英,37,男,8.1,81.6,0.4,152.9,3,1,否,A,research,0.94,0.36,0.75,0.5,0.9,0.79,0.64,0.87,0.82,自住-首套,两室两厅,133,6943,老牌证券公司营业部经理,三口之家(幼龄段),西湖边高精平层,无高端私密会所及管家式物业配套，圈层鱼龙混杂，高净值居住体验差。,要求有超大面宽南向双阳台（观景家政分离），主卧大飘窗能270度直面自然景观。,主要在陆家嘴/徐家汇CBD上班，首选地铁2/9号线沿线，通勤半小时内。,周末常去高端商圈消费，热衷打网球和马术，重度手冲咖啡及黑胶唱片发烧友。,夫妻双方积蓄 + 双方父母出资赞助首付 + 公积金商业组合贷款,非仁恒、绿城、万科等金牌开发商不买，极度看重高端精装质量与顶级物业的增值口碑。,常年本地稳定居住，工作日职住通勤动线规则单一。
上_2008_01987,上海,2008,教育型买房,33,女,5.5,32.6,0.4,61.1,3,0,是,B,social,0.72,0.46,0.36,0.59,0.63,0.64,0.57,1,0.7,学区房,两室一厅,58,5397,市第二中学地理教师,新婚过渡两居,上海中环品质两居，车位及空间极其拥挤,当前房屋属于旧多层无电梯房，父母年纪渐高每天爬楼梯极为吃力。,核心要求地块属于第一梯队名校学区，且周边500米内解决幼小衔接教育配套。,主要在陆家嘴/徐家汇CBD上班，首选地铁2/9号线沿线，通勤半小时内。,倡导轻户外，周末常带家人自驾野营或山系徒步，注重生活情调与手作咖啡。,名下持有一套旧两居，置换回款 65% + 个人理财储蓄补充 + 公积金商业贷,非仁恒、绿城、万科等金牌开发商不买，极度看重高端精装质量与顶级物业的增值口碑。,常年本地稳定居住，工作日职住通勤动线规则单一。
上_2008_01988,上海,2008,长三角家庭,39,女,4.4,31.0,0.45,51.6,4,2,是,B,agent,0.9,0.63,0.52,0.33,0.61,0.69,0.42,0.71,0.66,自住-首套,两室一厅,95,4617,区财政局科员,二胎黄金期中大户型,上海中环品质两居，车位及空间极其拥挤,小区无地下车库且人车不分流，小孩在楼下玩耍或者推婴儿车极为不安全。,核心要求地块属于第一梯队名校学区，且周边500米内解决幼小衔接教育配套。,主要在陆家嘴/徐家汇CBD上班，首选地铁2/9号线沿线，通勤半小时内。,倡导轻户外，周末常带家人自驾野营或山系徒步，注重生活情调与手作咖啡。,夫妻双方积蓄 + 双方父母出资赞助首付 + 公积金商业组合贷款,重性价比，不盲信大牌，但要求物业管理有序、绿化修剪及时、人防技防规范。,常年本地稳定居住，工作日职住通勤动线规则单一。
上_2008_01989,上海,2008,教育型买房,47,女,2.6,17.8,0.4,33.3,3,1,否,B,social,0.89,0.65,0.32,0.51,0.61,0.66,0.69,0.78,0.48,学区房,一室一厅,73,3121,国企车间技术主任,三口之家(学龄段),上海中环品质两居，车位及空间极其拥挤,小区无地下车库且人车不分流，小孩在楼下玩耍或者推婴儿车极为不安全。,核心要求地块属于第一梯队名校学区，且周边500米内解决幼小衔接教育配套。,主要在陆家嘴/徐家汇CBD上班，首选地铁2/9号线沿线，通勤半小时内。,倡导轻户外，周末常带家人自驾野营或山系徒步，注重生活情调与手作咖啡。,名下持有一套旧两居，置换回款 65% + 个人理财储蓄补充 + 公积金商业贷,重性价比，不盲信大牌，但要求物业管理有序、绿化修剪及时、人防技防规范。,常年本地稳定居住，工作日职住通勤动线规则单一。
上_2008_01990,上海,2008,本地改善,50,女,0.8,7.1,0.45,11.8,4,3,是,B,agent,0.68,0.4,0.42,0.46,0.56,0.77,0.63,0.77,0.62,自住-改善,两室一厅,73,974,市第二中学地理教师,二胎黄金期中大户型,上海中环品质两居，车位及空间极其拥挤,小区无地下车库且人车不分流，小孩在楼下玩耍或者推婴儿车极为不安全。,讲究超高得房率（超85%），主卧套房必须配备独立步入式衣帽间与干湿分离双卫。,主要在陆家嘴/徐家汇CBD上班，首选地铁2/9号线沿线，通勤半小时内。,倡导轻户外，周末常带家人自驾野营或山系徒步，注重生活情调与手作咖啡。,名下持有一套旧两居，置换回款 65% + 个人理财储蓄补充 + 公积金商业贷,重性价比，不盲信大牌，但要求物业管理有序、绿化修剪及时、人防技防规范。,常年本地稳定居住，工作日职住通勤动线规则单一。
上_2008_01991,上海,2008,本地改善,51,男,2.2,23.3,0.45,38.8,4,2,否,B,agent,0.5,0.41,0.5,0.52,0.56,0.83,0.52,0.76,0.49,自住-改善,两室一厅,84,3399,国企车间技术主任,二胎黄金期中大户型,上海中环品质两居，车位及空间极其拥挤,小区无地下车库且人车不分流，小孩在楼下玩耍或者推婴儿车极为不安全。,讲究超高得房率（超85%），主卧套房必须配备独立步入式衣帽间与干湿分离双卫。,主要在陆家嘴/徐家汇CBD上班，首选地铁2/9号线沿线，通勤半小时内。,倡导轻户外，周末常带家人自驾野营或山系徒步，注重生活情调与手作咖啡。,名下持有一套旧两居，置换回款 65% + 个人理财储蓄补充 + 公积金商业贷,重性价比，不盲信大牌，但要求物业管理有序、绿化修剪及时、人防技防规范。,常年本地稳定居住，工作日职住通勤动线规则单一。
上_2008_01992,上海,2008,外籍海归,33,女,5.5,38.4,0.4,72.1,3,1,否,A,social,0.78,0.49,0.43,0.72,0.79,0.91,0.69,0.81,0.67,自住-首套,一室一厅,83,6715,外企驻沪办事处代表,三口之家(幼龄段),西湖边高精平层,无高端私密会所及管家式物业配套，圈层鱼龙混杂，高净值居住体验差。,要求独立电梯入户，主次卧动线分明，配备独立保姆房和私密后院。,主要在陆家嘴/徐家汇CBD上班，首选地铁2/9号线沿线，通勤半小时内。,周末常去高端商圈消费，热衷打网球和马术，重度手冲咖啡及黑胶唱片发烧友。,夫妻双方积蓄 + 双方父母出资赞助首付 + 公积金商业组合贷款,重性价比，不盲信大牌，但要求物业管理有序、绿化修剪及时、人防技防规范。,常年本地稳定居住，工作日职住通勤动线规则单一。
上_2008_01993,上海,2008,本地改善,38,男,2.1,23.5,0.45,39.2,5,2,否,B,agent,0.79,0.48,0.46,0.48,0.55,0.77,0.47,0.66,0.59,自住-改善,两室一厅,95,2367,市第二中学地理教师,二胎黄金期中大户型,上海中环品质两居，车位及空间极其拥挤,小区无地下车库且人车不分流，小孩在楼下玩耍或者推婴儿车极为不安全。,讲究超高得房率（超85%），主卧套房必须配备独立步入式衣帽间与干湿分离双卫。,主要在陆家嘴/徐家汇CBD上班，首选地铁2/9号线沿线，通勤半小时内。,倡导轻户外，周末常带家人自驾野营或山系徒步，注重生活情调与手作咖啡。,名下持有一套旧两居，置换回款 65% + 个人理财储蓄补充 + 公积金商业贷,重性价比，不盲信大牌，但要求物业管理有序、绿化修剪及时、人防技防规范。,常年本地稳定居住，工作日职住通勤动线规则单一。
上_2008_01994,上海,2008,本地改善,42,男,2.2,21.9,0.45,36.5,4,2,否,B,agent,0.25,0.5,0.6,0.51,0.48,0.83,0.66,0.66,0.79,自住-改善,两室一厅,98,2573,区财政局科员,二胎黄金期中大户型,上海中环品质两居，车位及空间极其拥挤,小区无地下车库且人车不分流，小孩在楼下玩耍或者推婴儿车极为不安全。,讲究超高得房率（超85%），主卧套房必须配备独立步入式衣帽间与干湿分离双卫。,主要在陆家嘴/徐家汇CBD上班，首选地铁2/9号线沿线，通勤半小时内。,倡导轻户外，周末常带家人自驾野营或山系徒步，注重生活情调与手作咖啡。,名下持有一套旧两居，置换回款 65% + 个人理财储蓄补充 + 公积金商业贷,非仁恒、绿城、万科等金牌开发商不买，极度看重高端精装质量与顶级物业的增值口碑。,常年本地稳定居住，工作日职住通勤动线规则单一。
上_2008_01995,上海,2008,金融精英,34,男,6.1,40.1,0.4,75.3,3,0,否,A,research,0.77,0.27,0.6,0.74,0.97,0.79,0.69,0.85,0.78,婚房,一室一厅,78,4840,商业银行支行信贷科长,新婚过渡两居,陆家嘴核心区江景大平层,无高端私密会所及管家式物业配套，圈层鱼龙混杂，高净值居住体验差。,要求独立电梯入户，主次卧动线分明，配备独立保姆房和私密后院。,主要在陆家嘴/徐家汇CBD上班，首选地铁2/9号线沿线，通勤半小时内。,周末常去高端商圈消费，热衷打网球和马术，重度手冲咖啡及黑胶唱片发烧友。,夫妻双方积蓄 + 双方父母出资赞助首付 + 公积金商业组合贷款,非仁恒、绿城、万科等金牌开发商不买，极度看重高端精装质量与顶级物业的增值口碑。,常年本地稳定居住，工作日职住通勤动线规则单一。
上_2008_01996,上海,2008,金融精英,50,女,5.1,42.5,0.4,79.7,2,0,否,A,research,0.62,0.54,0.6,0.58,0.79,0.8,0.73,0.82,0.78,自住-改善,两室一厅,53,13117,申银万国证券分析员,成熟期核心家庭,陆家嘴核心区江景大平层,无高端私密会所及管家式物业配套，圈层鱼龙混杂，高净值居住体验差。,讲究超高得房率（超85%），主卧套房必须配备独立步入式衣帽间与干湿分离双卫。,主要在陆家嘴/徐家汇CBD上班，首选地铁2/9号线沿线，通勤半小时内。,周末常去高端商圈消费，热衷打网球和马术，重度手冲咖啡及黑胶唱片发烧友。,名下已有企业股权套现或分红现金，一次性全款付清，基本不加杠杆,非仁恒、绿城、万科等金牌开发商不买，极度看重高端精装质量与顶级物业的增值口碑。,常年本地稳定居住，工作日职住通勤动线规则单一。
上_2008_01997,上海,2008,金融精英,46,男,6.8,58.6,0.4,109.9,3,1,否,A,research,0.79,0.39,0.59,0.59,0.9,0.7,0.76,0.79,0.68,自住-首套,两室一厅,52,18115,老牌证券公司营业部经理,三口之家(学龄段),陆家嘴核心区江景大平层,无高端私密会所及管家式物业配套，圈层鱼龙混杂，高净值居住体验差。,核心要求地块属于第一梯队名校学区，且周边500米内解决幼小衔接教育配套。,主要在陆家嘴/徐家汇CBD上班，首选地铁2/9号线沿线，通勤半小时内。,周末常去高端商圈消费，热衷打网球和马术，重度手冲咖啡及黑胶唱片发烧友。,夫妻双方积蓄 + 双方父母出资赞助首付 + 公积金商业组合贷款,重性价比，不盲信大牌，但要求物业管理有序、绿化修剪及时、人防技防规范。,常年本地稳定居住，工作日职住通勤动线规则单一。
上_2008_01998,上海,2008,金融精英,32,男,2.8,26.3,0.4,49.3,3,1,否,A,research,0.58,0.47,0.68,0.56,0.6,0.6,0.63,0.95,0.82,婚房,两室两厅,52,5333,申银万国证券分析员,三口之家(幼龄段),市中心私密洋房住宅,无高端私密会所及管家式物业配套，圈层鱼龙混杂，高净值居住体验差。,核心要求地块属于第一梯队名校学区，且周边500米内解决幼小衔接教育配套。,主要在陆家嘴/徐家汇CBD上班，首选地铁2/9号线沿线，通勤半小时内。,周末常去高端商圈消费，热衷打网球和马术，重度手冲咖啡及黑胶唱片发烧友。,夫妻双方积蓄 + 双方父母出资赞助首付 + 公积金商业组合贷款,非仁恒、绿城、万科等金牌开发商不买，极度看重高端精装质量与顶级物业的增值口碑。,常年本地稳定居住，工作日职住通勤动线规则单一。
上_2008_01999,上海,2008,教育型买房,35,女,6.6,51.2,0.4,96.1,2,1,否,B,social,1,0.51,0.53,0.38,0.69,0.71,0.48,0.93,0.53,学区房,一室一厅,61,13503,邮政局局长秘书,三口之家(幼龄段),上海中环品质两居，车位及空间极其拥挤,小区无地下车库且人车不分流，小孩在楼下玩耍或者推婴儿车极为不安全。,讲究超高得房率（超85%），主卧套房必须配备独立步入式衣帽间与干湿分离双卫。,主要在陆家嘴/徐家汇CBD上班，首选地铁2/9号线沿线，通勤半小时内。,倡导轻户外，周末常带家人自驾野营或山系徒步，注重生活情调与手作咖啡。,名下持有一套旧两居，置换回款 65% + 个人理财储蓄补充 + 公积金商业贷,重性价比，不盲信大牌，但要求物业管理有序、绿化修剪及时、人防技防规范。,常年本地稳定居住，工作日职住通勤动线规则单一。
上_2008_02000,上海,2008,金融精英,36,男,4.6,40.8,0.4,76.4,3,1,否,A,research,0.64,0.43,0.71,0.81,0.79,0.81,0.78,0.87,0.67,自住-首套,两室两厅,94,6256,申银万国证券分析员,三口之家(幼龄段),陆家嘴核心区江景大平层,无高端私密会所及管家式物业配套，圈层鱼龙混杂，高净值居住体验差。,要求独立电梯入户，主次卧动线分明，配备独立保姆房和私密后院。,主要在陆家嘴/徐家汇CBD上班，首选地铁2/9号线沿线，通勤半小时内。,周末常去高端商圈消费，热衷打网球和马术，重度手冲咖啡及黑胶唱片发烧友。,夫妻双方积蓄 + 双方父母出资赞助首付 + 公积金商业组合贷款,重性价比，不盲信大牌，但要求物业管理有序、绿化修剪及时、人防技防规范。,常年本地稳定居住，工作日职住通勤动线规则单一。
