样本ID,城市,年份,客群类型,年龄,性别,年收入_万,总资产_万,首付比例,预算上限_万,家庭人数,孩子数,老人同住,社会阶层,信息渠道,决策紧迫度,风险厌恶,偏好_景观,偏好_私密,偏好_圈层,偏好_户型,偏好_通勤,偏好_学校,偏好_品牌,购房目的,意向户型,意向面积_㎡,支付意愿_元每㎡,细分职业,家庭生命周期阶段,目前居住状况,目前居住痛点,核心看房细节需求,职住通勤偏好,生活方式偏好,首付资金来源,品牌与服务诉求,旅居度假频次
青_2008_00001,青岛,2008,本地改善,45,男,3.5,34.6,0.4,64.9,4,1,否,B,agent,0.71,0.51,0.59,0.32,0.43,0.88,0.63,0.63,0.53,自住-改善,两室两厅,83,4878,区财政局科员,三口之家(学龄段),青岛中环品质两居，车位及空间极其拥挤,小区无地下车库且人车不分流，小孩在楼下玩耍或者推婴儿车极为不安全。,讲究超高得房率（超85%），主卧套房必须配备独立步入式衣帽间与干湿分离双卫。,在市中心核心写字楼工作，首选半小时核心通勤圈内。,倡导轻户外，周末常带家人自驾野营或山系徒步，注重生活情调与手作咖啡。,名下持有一套旧两居，置换回款 65% + 个人理财储蓄补充 + 公积金商业贷,重性价比，不盲信大牌，但要求物业管理有序、绿化修剪及时、人防技防规范。,本地常住人口，四季生活规律，度假频次为常规年假出行。
青_2008_00002,青岛,2008,山东省内异地,60,男,1.6,13.4,0.45,22.3,3,1,否,C,network,0.95,0.72,0.92,0.42,0.53,0.8,0,0.45,0.54,自住-首套,两室两厅,71,2286,市第二中学地理教师,三口之家(学龄段),与父母同住，三代人拥挤在旧区小户型老房中,小区无地下车库且人车不分流，小孩在楼下玩耍或者推婴儿车极为不安全。,要求有超大面宽南向双阳台（观景家政分离），主卧大飘窗能270度直面自然景观。,在市中心核心写字楼工作，首选半小时核心通勤圈内。,爱猫狗，喜欢烹饪和插花，主打经济舒适的生活小确幸。,夫妻双方积蓄 + 双方父母出资赞助首付 + 公积金商业组合贷款,重性价比，不盲信大牌，但要求物业管理有序、绿化修剪及时、人防技防规范。,本地常住人口，四季生活规律，度假频次为常规年假出行。
青_2008_00003,青岛,2008,本地改善,46,男,2.1,16.5,0.4,30.9,4,1,否,B,agent,0.92,0.42,0.71,0.46,0.61,0.99,0.75,0.52,0.57,自住-改善,两室一厅,75,2146,区财政局科员,三口之家(学龄段),青岛中环品质两居，车位及空间极其拥挤,小区无地下车库且人车不分流，小孩在楼下玩耍或者推婴儿车极为不安全。,要求有超大面宽南向双阳台（观景家政分离），主卧大飘窗能270度直面自然景观。,在市中心核心写字楼工作，首选半小时核心通勤圈内。,倡导轻户外，周末常带家人自驾野营或山系徒步，注重生活情调与手作咖啡。,名下持有一套旧两居，置换回款 65% + 个人理财储蓄补充 + 公积金商业贷,重性价比，不盲信大牌，但要求物业管理有序、绿化修剪及时、人防技防规范。,本地常住人口，四季生活规律，度假频次为常规年假出行。
青_2008_00004,青岛,2008,本地改善,39,男,1.9,14.6,0.4,27.4,4,1,否,B,agent,0.49,0.38,0.75,0.47,0.58,0.8,0.47,0.62,0.48,自住-改善,两室两厅,76,2123,市第二中学地理教师,三口之家(学龄段),青岛中环品质两居，车位及空间极其拥挤,小区无地下车库且人车不分流，小孩在楼下玩耍或者推婴儿车极为不安全。,要求有超大面宽南向双阳台（观景家政分离），主卧大飘窗能270度直面自然景观。,在市中心核心写字楼工作，首选半小时核心通勤圈内。,倡导轻户外，周末常带家人自驾野营或山系徒步，注重生活情调与手作咖啡。,名下持有一套旧两居，置换回款 65% + 个人理财储蓄补充 + 公积金商业贷,重性价比，不盲信大牌，但要求物业管理有序、绿化修剪及时、人防技防规范。,本地常住人口，四季生活规律，度假频次为常规年假出行。
青_2008_00005,青岛,2008,本地改善,53,女,1.1,7.2,0.4,13.5,4,1,是,B,agent,1,0.4,0.63,0.58,0.38,0.91,0.65,0.8,0.64,自住-改善,两室一厅,75,996,邮政局局长秘书,三口之家(学龄段),青岛中环品质两居，车位及空间极其拥挤,小区无地下车库且人车不分流，小孩在楼下玩耍或者推婴儿车极为不安全。,讲究超高得房率（超85%），主卧套房必须配备独立步入式衣帽间与干湿分离双卫。,在市中心核心写字楼工作，首选半小时核心通勤圈内。,倡导轻户外，周末常带家人自驾野营或山系徒步，注重生活情调与手作咖啡。,名下持有一套旧两居，置换回款 65% + 个人理财储蓄补充 + 公积金商业贷,重性价比，不盲信大牌，但要求物业管理有序、绿化修剪及时、人防技防规范。,本地常住人口，四季生活规律，度假频次为常规年假出行。
青_2008_00006,青岛,2008,山东省内异地,43,女,2.6,18.6,0.45,30.9,3,2,否,C,network,0.8,0.56,0.95,0.53,0.5,0.62,0,0.39,0.72,自住-改善,两室两厅,76,2739,区财政局科员,二胎黄金期中大户型,与父母同住，三代人拥挤在旧区小户型老房中,小区无地下车库且人车不分流，小孩在楼下玩耍或者推婴儿车极为不安全。,要求有超大面宽南向双阳台（观景家政分离），主卧大飘窗能270度直面自然景观。,在市中心核心写字楼工作，首选半小时核心通勤圈内。,爱猫狗，喜欢烹饪和插花，主打经济舒适的生活小确幸。,名下持有一套旧两居，置换回款 65% + 个人理财储蓄补充 + 公积金商业贷,非仁恒、绿城、万科等金牌开发商不买，极度看重高端精装质量与顶级物业的增值口碑。,本地常住人口，四季生活规律，度假频次为常规年假出行。
青_2008_00007,青岛,2008,本地改善,38,女,2.0,16.3,0.4,30.6,2,1,否,B,agent,0.91,0.39,0.81,0.48,0.43,0.9,0.56,0.57,0.4,自住-改善,两室一厅,61,3695,邮政局局长秘书,三口之家(学龄段),青岛中环品质两居，车位及空间极其拥挤,小区无地下车库且人车不分流，小孩在楼下玩耍或者推婴儿车极为不安全。,要求有超大面宽南向双阳台（观景家政分离），主卧大飘窗能270度直面自然景观。,在市中心核心写字楼工作，首选半小时核心通勤圈内。,倡导轻户外，周末常带家人自驾野营或山系徒步，注重生活情调与手作咖啡。,名下持有一套旧两居，置换回款 65% + 个人理财储蓄补充 + 公积金商业贷,重性价比，不盲信大牌，但要求物业管理有序、绿化修剪及时、人防技防规范。,本地常住人口，四季生活规律，度假频次为常规年假出行。
青_2008_00008,青岛,2008,本地改善,54,男,1.5,14.5,0.4,27.2,4,0,是,B,agent,0.38,0.45,0.84,0.52,0.51,0.91,0.71,0.67,0.79,自住-改善,一室一厅,90,2463,国企车间技术主任,成熟期核心家庭,青岛中环品质两居，车位及空间极其拥挤,当前房屋属于旧多层无电梯房，父母年纪渐高每天爬楼梯极为吃力。,要求有超大面宽南向双阳台（观景家政分离），主卧大飘窗能270度直面自然景观。,在市中心核心写字楼工作，首选半小时核心通勤圈内。,倡导轻户外，周末常带家人自驾野营或山系徒步，注重生活情调与手作咖啡。,名下持有一套旧两居，置换回款 65% + 个人理财储蓄补充 + 公积金商业贷,非仁恒、绿城、万科等金牌开发商不买，极度看重高端精装质量与顶级物业的增值口碑。,本地常住人口，四季生活规律，度假频次为常规年假出行。
青_2008_00009,青岛,2008,山东省内异地,49,男,2.5,23.0,0.45,38.3,3,2,是,C,network,0.21,0.63,0.98,0.52,0.51,0.49,0,0.5,0.72,自住-改善,一室一厅,92,2204,邮政局局长秘书,二胎黄金期中大户型,与父母同住，三代人拥挤在旧区小户型老房中,小区无地下车库且人车不分流，小孩在楼下玩耍或者推婴儿车极为不安全。,要求有超大面宽南向双阳台（观景家政分离），主卧大飘窗能270度直面自然景观。,在市中心核心写字楼工作，首选半小时核心通勤圈内。,爱猫狗，喜欢烹饪和插花，主打经济舒适的生活小确幸。,名下持有一套旧两居，置换回款 65% + 个人理财储蓄补充 + 公积金商业贷,非仁恒、绿城、万科等金牌开发商不买，极度看重高端精装质量与顶级物业的增值口碑。,本地常住人口，四季生活规律，度假频次为常规年假出行。
青_2008_00010,青岛,2008,本地改善,47,男,1.5,10.4,0.4,19.4,4,1,否,B,agent,0.41,0.62,0.79,0.6,0.38,0.85,0.5,0.59,0.42,自住-改善,两室一厅,51,2857,国企车间技术主任,三口之家(学龄段),青岛中环品质两居，车位及空间极其拥挤,小区无地下车库且人车不分流，小孩在楼下玩耍或者推婴儿车极为不安全。,要求有超大面宽南向双阳台（观景家政分离），主卧大飘窗能270度直面自然景观。,在市中心核心写字楼工作，首选半小时核心通勤圈内。,倡导轻户外，周末常带家人自驾野营或山系徒步，注重生活情调与手作咖啡。,名下持有一套旧两居，置换回款 65% + 个人理财储蓄补充 + 公积金商业贷,重性价比，不盲信大牌，但要求物业管理有序、绿化修剪及时、人防技防规范。,本地常住人口，四季生活规律，度假频次为常规年假出行。
青_2008_00011,青岛,2008,本地改善,39,男,2.7,19.7,0.4,37.0,3,1,否,B,agent,0.99,0.47,0.6,0.4,0.6,0.75,0.47,0.76,0.69,自住-改善,两室两厅,61,4595,国企车间技术主任,三口之家(学龄段),青岛中环品质两居，车位及空间极其拥挤,小区无地下车库且人车不分流，小孩在楼下玩耍或者推婴儿车极为不安全。,讲究超高得房率（超85%），主卧套房必须配备独立步入式衣帽间与干湿分离双卫。,在市中心核心写字楼工作，首选半小时核心通勤圈内。,倡导轻户外，周末常带家人自驾野营或山系徒步，注重生活情调与手作咖啡。,名下持有一套旧两居，置换回款 65% + 个人理财储蓄补充 + 公积金商业贷,重性价比，不盲信大牌，但要求物业管理有序、绿化修剪及时、人防技防规范。,本地常住人口，四季生活规律，度假频次为常规年假出行。
青_2008_00012,青岛,2008,高端海景收藏,46,女,16.4,146.0,0.6,182.4,2,0,否,A,network,0.7,0.49,1,0.82,0.65,0.58,0,0,0.97,投资-长持,三室两厅,103,11747,上市公司退休联合创始人,成熟期核心家庭,市中心私密洋房住宅,无高端私密会所及管家式物业配套，圈层鱼龙混杂，高净值居住体验差。,要求独立电梯入户，主次卧动线分明，配备独立保姆房和私密后院。,在市中心核心写字楼工作，首选半小时核心通勤圈内。,周末常去高端商圈消费，热衷打网球和马术，重度手冲咖啡及黑胶唱片发烧友。,名下已有企业股权套现或分红现金，一次性全款付清，基本不加杠杆,非仁恒、绿城、万科等金牌开发商不买，极度看重高端精装质量与顶级物业的增值口碑。,本地常住人口，四季生活规律，度假频次为常规年假出行。
青_2008_00013,青岛,2008,学区刚需,34,女,2.5,10.7,0.3,26.7,3,0,否,C,agent,0.85,0.47,0.43,0.5,0.33,0.74,0.59,0.83,0.44,学区房,两室两厅,99,2027,区财政局科员,新婚过渡两居,与父母同住，三代人拥挤在旧区小户型老房中,老小区隔音差，邻里滋扰严重，且车位严重匮乏，每晚加班回来抢车位像打仗。,讲究超高得房率（超85%），主卧套房必须配备独立步入式衣帽间与干湿分离双卫。,在市中心核心写字楼工作，首选半小时核心通勤圈内。,爱猫狗，喜欢烹饪和插花，主打经济舒适的生活小确幸。,名下持有一套旧两居，置换回款 65% + 个人理财储蓄补充 + 公积金商业贷,重性价比，不盲信大牌，但要求物业管理有序、绿化修剪及时、人防技防规范。,本地常住人口，四季生活规律，度假频次为常规年假出行。
青_2008_00014,青岛,2008,本地改善,42,男,2.9,25.7,0.4,48.1,4,1,是,B,agent,0.71,0.45,0.78,0.3,0.46,0.83,0.5,0.75,0.66,自住-改善,一室一厅,56,6923,市第二中学地理教师,三口之家(学龄段),青岛中环品质两居，车位及空间极其拥挤,小区无地下车库且人车不分流，小孩在楼下玩耍或者推婴儿车极为不安全。,要求有超大面宽南向双阳台（观景家政分离），主卧大飘窗能270度直面自然景观。,在市中心核心写字楼工作，首选半小时核心通勤圈内。,倡导轻户外，周末常带家人自驾野营或山系徒步，注重生活情调与手作咖啡。,名下持有一套旧两居，置换回款 65% + 个人理财储蓄补充 + 公积金商业贷,重性价比，不盲信大牌，但要求物业管理有序、绿化修剪及时、人防技防规范。,本地常住人口，四季生活规律，度假频次为常规年假出行。
青_2008_00015,青岛,2008,本地改善,36,女,2.4,21.4,0.4,40.1,4,1,否,B,agent,0.81,0.54,0.86,0.46,0.47,0.83,0.51,0.64,0.64,自住-改善,一室一厅,76,2818,国企车间技术主任,三口之家(幼龄段),青岛中环品质两居，车位及空间极其拥挤,小区无地下车库且人车不分流，小孩在楼下玩耍或者推婴儿车极为不安全。,要求有超大面宽南向双阳台（观景家政分离），主卧大飘窗能270度直面自然景观。,在市中心核心写字楼工作，首选半小时核心通勤圈内。,倡导轻户外，周末常带家人自驾野营或山系徒步，注重生活情调与手作咖啡。,名下持有一套旧两居，置换回款 65% + 个人理财储蓄补充 + 公积金商业贷,重性价比，不盲信大牌，但要求物业管理有序、绿化修剪及时、人防技防规范。,本地常住人口，四季生活规律，度假频次为常规年假出行。
青_2008_00016,青岛,2008,本地改善,54,男,1.0,7.7,0.4,14.4,3,1,否,B,agent,0.53,0.49,0.79,0.42,0.5,0.84,0.5,0.82,0.44,自住-改善,两室两厅,80,1307,市第二中学地理教师,三口之家(学龄段),青岛中环品质两居，车位及空间极其拥挤,小区无地下车库且人车不分流，小孩在楼下玩耍或者推婴儿车极为不安全。,要求有超大面宽南向双阳台（观景家政分离），主卧大飘窗能270度直面自然景观。,在市中心核心写字楼工作，首选半小时核心通勤圈内。,倡导轻户外，周末常带家人自驾野营或山系徒步，注重生活情调与手作咖啡。,名下持有一套旧两居，置换回款 65% + 个人理财储蓄补充 + 公积金商业贷,重性价比，不盲信大牌，但要求物业管理有序、绿化修剪及时、人防技防规范。,本地常住人口，四季生活规律，度假频次为常规年假出行。
青_2008_00017,青岛,2008,本地改善,44,女,1.8,11.4,0.4,21.3,5,1,是,B,agent,0.94,0.49,0.59,0.58,0.62,0.89,0.5,0.75,0.63,自住-改善,两室两厅,77,2228,区财政局科员,三口之家(学龄段),青岛中环品质两居，车位及空间极其拥挤,小区无地下车库且人车不分流，小孩在楼下玩耍或者推婴儿车极为不安全。,讲究超高得房率（超85%），主卧套房必须配备独立步入式衣帽间与干湿分离双卫。,在市中心核心写字楼工作，首选半小时核心通勤圈内。,倡导轻户外，周末常带家人自驾野营或山系徒步，注重生活情调与手作咖啡。,名下持有一套旧两居，置换回款 65% + 个人理财储蓄补充 + 公积金商业贷,重性价比，不盲信大牌，但要求物业管理有序、绿化修剪及时、人防技防规范。,本地常住人口，四季生活规律，度假频次为常规年假出行。
青_2008_00018,青岛,2008,北方度假投资,55,男,5.3,37.4,0.5,56.2,1,1,否,B,research,0.93,0.51,0.88,0.57,0.42,0.36,0.08,0,0.65,投资-短期,一室一厅,93,4119,知名中医药连锁投资人,三口之家(学龄段),青岛中环品质两居，车位及空间极其拥挤,小区无地下车库且人车不分流，小孩在楼下玩耍或者推婴儿车极为不安全。,要求有超大面宽南向双阳台（观景家政分离），主卧大飘窗能270度直面自然景观。,在市中心核心写字楼工作，首选半小时核心通勤圈内。,倡导轻户外，周末常带家人自驾野营或山系徒步，注重生活情调与手作咖啡。,名下持有一套旧两居，置换回款 65% + 个人理财储蓄补充 + 公积金商业贷,重性价比，不盲信大牌，但要求物业管理有序、绿化修剪及时、人防技防规范。,每年11月至次年3月到此度过漫长冬季，极其依赖周边的康养及适老化服务。
青_2008_00019,青岛,2008,本地改善,38,男,1.2,10.4,0.4,19.5,4,2,否,B,agent,0.73,0.4,0.75,0.56,0.45,0.89,0.64,0.64,0.63,自住-改善,两室一厅,59,1995,邮政局局长秘书,二胎黄金期中大户型,青岛中环品质两居，车位及空间极其拥挤,小区无地下车库且人车不分流，小孩在楼下玩耍或者推婴儿车极为不安全。,要求有超大面宽南向双阳台（观景家政分离），主卧大飘窗能270度直面自然景观。,在市中心核心写字楼工作，首选半小时核心通勤圈内。,倡导轻户外，周末常带家人自驾野营或山系徒步，注重生活情调与手作咖啡。,名下持有一套旧两居，置换回款 65% + 个人理财储蓄补充 + 公积金商业贷,重性价比，不盲信大牌，但要求物业管理有序、绿化修剪及时、人防技防规范。,本地常住人口，四季生活规律，度假频次为常规年假出行。
青_2008_00020,青岛,2008,学区刚需,38,男,1.8,9.5,0.3,23.7,3,0,是,C,agent,0.98,0.61,0.34,0.33,0.3,0.7,0.56,1,0.45,学区房,两室两厅,61,3118,区财政局科员,成熟期核心家庭,与父母同住，三代人拥挤在旧区小户型老房中,当前房屋属于旧多层无电梯房，父母年纪渐高每天爬楼梯极为吃力。,讲究超高得房率（超85%），主卧套房必须配备独立步入式衣帽间与干湿分离双卫。,在市中心核心写字楼工作，首选半小时核心通勤圈内。,爱猫狗，喜欢烹饪和插花，主打经济舒适的生活小确幸。,名下持有一套旧两居，置换回款 65% + 个人理财储蓄补充 + 公积金商业贷,重性价比，不盲信大牌，但要求物业管理有序、绿化修剪及时、人防技防规范。,本地常住人口，四季生活规律，度假频次为常规年假出行。
青_2008_00021,青岛,2008,北方度假投资,46,女,3.2,29.4,0.5,44.0,2,0,否,B,research,0.91,0.32,1,0.59,0.54,0.55,0.01,0,0.82,投资-长持,两室两厅,55,4200,高端海景资产收藏家,成熟期核心家庭,青岛中环品质两居，车位及空间极其拥挤,老小区隔音差，邻里滋扰严重，且车位严重匮乏，每晚加班回来抢车位像打仗。,要求有超大面宽南向双阳台（观景家政分离），主卧大飘窗能270度直面自然景观。,在市中心核心写字楼工作，首选半小时核心通勤圈内。,倡导轻户外，周末常带家人自驾野营或山系徒步，注重生活情调与手作咖啡。,名下持有一套旧两居，置换回款 65% + 个人理财储蓄补充 + 公积金商业贷,非仁恒、绿城、万科等金牌开发商不买，极度看重高端精装质量与顶级物业的增值口碑。,每年11月至次年3月到此度过漫长冬季，极其依赖周边的康养及适老化服务。
青_2008_00022,青岛,2008,山东省内异地,53,女,2.4,22.9,0.45,38.1,3,1,是,C,network,0.75,0.51,1,0.54,0.57,0.77,0,0.42,0.5,自住-首套,一室一厅,72,4000,邮政局局长秘书,三口之家(学龄段),与父母同住，三代人拥挤在旧区小户型老房中,小区无地下车库且人车不分流，小孩在楼下玩耍或者推婴儿车极为不安全。,要求有超大面宽南向双阳台（观景家政分离），主卧大飘窗能270度直面自然景观。,在市中心核心写字楼工作，首选半小时核心通勤圈内。,爱猫狗，喜欢烹饪和插花，主打经济舒适的生活小确幸。,夫妻双方积蓄 + 双方父母出资赞助首付 + 公积金商业组合贷款,重性价比，不盲信大牌，但要求物业管理有序、绿化修剪及时、人防技防规范。,本地常住人口，四季生活规律，度假频次为常规年假出行。
青_2008_00023,青岛,2008,本地改善,53,女,2.7,20.1,0.4,37.7,6,0,否,B,agent,0.65,0.51,0.74,0.45,0.36,0.8,0.76,0.73,0.54,自住-改善,两室两厅,89,3285,国企车间技术主任,成熟期核心家庭,青岛中环品质两居，车位及空间极其拥挤,老小区隔音差，邻里滋扰严重，且车位严重匮乏，每晚加班回来抢车位像打仗。,要求有超大面宽南向双阳台（观景家政分离），主卧大飘窗能270度直面自然景观。,在市中心核心写字楼工作，首选半小时核心通勤圈内。,倡导轻户外，周末常带家人自驾野营或山系徒步，注重生活情调与手作咖啡。,名下持有一套旧两居，置换回款 65% + 个人理财储蓄补充 + 公积金商业贷,重性价比，不盲信大牌，但要求物业管理有序、绿化修剪及时、人防技防规范。,本地常住人口，四季生活规律，度假频次为常规年假出行。
青_2008_00024,青岛,2008,学区刚需,44,男,1.9,12.3,0.3,30.7,4,1,是,C,agent,0.73,0.62,0.43,0.25,0.26,0.59,0.59,0.84,0.45,学区房,两室一厅,61,3157,国企车间技术主任,三口之家(学龄段),与父母同住，三代人拥挤在旧区小户型老房中,小区无地下车库且人车不分流，小孩在楼下玩耍或者推婴儿车极为不安全。,核心要求地块属于第一梯队名校学区，且周边500米内解决幼小衔接教育配套。,在市中心核心写字楼工作，首选半小时核心通勤圈内。,爱猫狗，喜欢烹饪和插花，主打经济舒适的生活小确幸。,名下持有一套旧两居，置换回款 65% + 个人理财储蓄补充 + 公积金商业贷,重性价比，不盲信大牌，但要求物业管理有序、绿化修剪及时、人防技防规范。,本地常住人口，四季生活规律，度假频次为常规年假出行。
青_2008_00025,青岛,2008,本地改善,35,男,3.3,28.3,0.4,53.1,4,1,否,B,agent,0.53,0.46,0.78,0.57,0.55,0.93,0.59,0.74,0.58,自住-改善,两室一厅,51,5928,区财政局科员,三口之家(幼龄段),青岛中环品质两居，车位及空间极其拥挤,小区无地下车库且人车不分流，小孩在楼下玩耍或者推婴儿车极为不安全。,要求有超大面宽南向双阳台（观景家政分离），主卧大飘窗能270度直面自然景观。,在市中心核心写字楼工作，首选半小时核心通勤圈内。,倡导轻户外，周末常带家人自驾野营或山系徒步，注重生活情调与手作咖啡。,名下持有一套旧两居，置换回款 65% + 个人理财储蓄补充 + 公积金商业贷,重性价比，不盲信大牌，但要求物业管理有序、绿化修剪及时、人防技防规范。,本地常住人口，四季生活规律，度假频次为常规年假出行。
青_2008_00026,青岛,2008,高端海景收藏,51,男,12.9,166.3,0.6,207.8,2,0,否,A,network,0.65,0.31,0.94,0.81,0.88,0.53,0.06,0,0.8,度假,两室两厅,104,14225,知名中医药连锁投资人,成熟期核心家庭,市中心私密洋房住宅,无高端私密会所及管家式物业配套，圈层鱼龙混杂，高净值居住体验差。,要求独立电梯入户，主次卧动线分明，配备独立保姆房和私密后院。,在市中心核心写字楼工作，首选半小时核心通勤圈内。,周末常去高端商圈消费，热衷打网球和马术，重度手冲咖啡及黑胶唱片发烧友。,名下已有企业股权套现或分红现金，一次性全款付清，基本不加杠杆,非仁恒、绿城、万科等金牌开发商不买，极度看重高端精装质量与顶级物业的增值口碑。,本地常住人口，四季生活规律，度假频次为常规年假出行。
青_2008_00027,青岛,2008,学区刚需,42,女,1.2,8.2,0.3,20.6,4,0,否,C,agent,0.95,0.61,0.41,0.35,0.31,0.79,0.53,0.99,0.41,学区房,两室两厅,70,2280,区财政局科员,成熟期核心家庭,与父母同住，三代人拥挤在旧区小户型老房中,老小区隔音差，邻里滋扰严重，且车位严重匮乏，每晚加班回来抢车位像打仗。,讲究超高得房率（超85%），主卧套房必须配备独立步入式衣帽间与干湿分离双卫。,在市中心核心写字楼工作，首选半小时核心通勤圈内。,爱猫狗，喜欢烹饪和插花，主打经济舒适的生活小确幸。,名下持有一套旧两居，置换回款 65% + 个人理财储蓄补充 + 公积金商业贷,重性价比，不盲信大牌，但要求物业管理有序、绿化修剪及时、人防技防规范。,本地常住人口，四季生活规律，度假频次为常规年假出行。
青_2008_00028,青岛,2008,本地改善,42,男,1.6,14.2,0.4,26.6,3,0,是,B,agent,0.91,0.51,0.74,0.57,0.52,0.88,0.52,0.73,0.47,自住-改善,一室一厅,86,2577,国企车间技术主任,成熟期核心家庭,青岛中环品质两居，车位及空间极其拥挤,当前房屋属于旧多层无电梯房，父母年纪渐高每天爬楼梯极为吃力。,要求有超大面宽南向双阳台（观景家政分离），主卧大飘窗能270度直面自然景观。,在市中心核心写字楼工作，首选半小时核心通勤圈内。,倡导轻户外，周末常带家人自驾野营或山系徒步，注重生活情调与手作咖啡。,名下持有一套旧两居，置换回款 65% + 个人理财储蓄补充 + 公积金商业贷,重性价比，不盲信大牌，但要求物业管理有序、绿化修剪及时、人防技防规范。,本地常住人口，四季生活规律，度假频次为常规年假出行。
青_2008_00029,青岛,2008,本地改善,41,女,2.2,19.4,0.4,36.5,4,1,否,B,agent,0.84,0.49,0.89,0.63,0.51,0.83,0.57,0.8,0.62,自住-改善,一室一厅,98,2594,区财政局科员,三口之家(学龄段),青岛中环品质两居，车位及空间极其拥挤,小区无地下车库且人车不分流，小孩在楼下玩耍或者推婴儿车极为不安全。,要求有超大面宽南向双阳台（观景家政分离），主卧大飘窗能270度直面自然景观。,在市中心核心写字楼工作，首选半小时核心通勤圈内。,倡导轻户外，周末常带家人自驾野营或山系徒步，注重生活情调与手作咖啡。,名下持有一套旧两居，置换回款 65% + 个人理财储蓄补充 + 公积金商业贷,重性价比，不盲信大牌，但要求物业管理有序、绿化修剪及时、人防技防规范。,本地常住人口，四季生活规律，度假频次为常规年假出行。
青_2008_00030,青岛,2008,学区刚需,35,女,2.3,12.1,0.3,30.1,4,1,否,C,agent,0.59,0.57,0.44,0.37,0.42,0.85,0.38,0.88,0.28,学区房,两室一厅,92,1951,国企车间技术主任,三口之家(幼龄段),与父母同住，三代人拥挤在旧区小户型老房中,小区无地下车库且人车不分流，小孩在楼下玩耍或者推婴儿车极为不安全。,讲究超高得房率（超85%），主卧套房必须配备独立步入式衣帽间与干湿分离双卫。,在市中心核心写字楼工作，首选半小时核心通勤圈内。,爱猫狗，喜欢烹饪和插花，主打经济舒适的生活小确幸。,名下持有一套旧两居，置换回款 65% + 个人理财储蓄补充 + 公积金商业贷,重性价比，不盲信大牌，但要求物业管理有序、绿化修剪及时、人防技防规范。,本地常住人口，四季生活规律，度假频次为常规年假出行。
青_2008_00031,青岛,2008,本地改善,52,男,2.9,23.5,0.4,44.1,4,1,否,B,agent,0.87,0.31,0.75,0.44,0.5,0.85,0.52,0.7,0.42,自住-改善,两室一厅,90,3625,区财政局科员,三口之家(学龄段),青岛中环品质两居，车位及空间极其拥挤,小区无地下车库且人车不分流，小孩在楼下玩耍或者推婴儿车极为不安全。,要求有超大面宽南向双阳台（观景家政分离），主卧大飘窗能270度直面自然景观。,在市中心核心写字楼工作，首选半小时核心通勤圈内。,倡导轻户外，周末常带家人自驾野营或山系徒步，注重生活情调与手作咖啡。,名下持有一套旧两居，置换回款 65% + 个人理财储蓄补充 + 公积金商业贷,重性价比，不盲信大牌，但要求物业管理有序、绿化修剪及时、人防技防规范。,本地常住人口，四季生活规律，度假频次为常规年假出行。
青_2008_00032,青岛,2008,本地改善,54,女,1.1,9.3,0.4,17.4,4,1,是,B,agent,1,0.63,0.82,0.49,0.45,0.86,0.59,0.75,0.42,自住-改善,一室一厅,52,2526,邮政局局长秘书,三口之家(学龄段),青岛中环品质两居，车位及空间极其拥挤,小区无地下车库且人车不分流，小孩在楼下玩耍或者推婴儿车极为不安全。,要求有超大面宽南向双阳台（观景家政分离），主卧大飘窗能270度直面自然景观。,在市中心核心写字楼工作，首选半小时核心通勤圈内。,倡导轻户外，周末常带家人自驾野营或山系徒步，注重生活情调与手作咖啡。,名下持有一套旧两居，置换回款 65% + 个人理财储蓄补充 + 公积金商业贷,重性价比，不盲信大牌，但要求物业管理有序、绿化修剪及时、人防技防规范。,本地常住人口，四季生活规律，度假频次为常规年假出行。
青_2008_00033,青岛,2008,北方度假投资,63,女,5.2,62.6,0.5,93.9,1,1,是,B,research,0.94,0.5,0.94,0.64,0.54,0.54,0,0,0.82,度假,一室一厅,62,7639,上市公司退休联合创始人,三口之家(学龄段),青岛中环品质两居，车位及空间极其拥挤,小区无地下车库且人车不分流，小孩在楼下玩耍或者推婴儿车极为不安全。,要求有超大面宽南向双阳台（观景家政分离），主卧大飘窗能270度直面自然景观。,在市中心核心写字楼工作，首选半小时核心通勤圈内。,倡导轻户外，周末常带家人自驾野营或山系徒步，注重生活情调与手作咖啡。,名下持有一套旧两居，置换回款 65% + 个人理财储蓄补充 + 公积金商业贷,非仁恒、绿城、万科等金牌开发商不买，极度看重高端精装质量与顶级物业的增值口碑。,每年11月至次年3月到此度过漫长冬季，极其依赖周边的康养及适老化服务。
青_2008_00034,青岛,2008,本地改善,36,女,1.7,10.4,0.4,19.5,4,1,否,B,agent,0.67,0.58,0.83,0.4,0.51,0.73,0.76,0.88,0.49,自住-改善,两室两厅,60,1701,市第二中学地理教师,三口之家(幼龄段),青岛中环品质两居，车位及空间极其拥挤,小区无地下车库且人车不分流，小孩在楼下玩耍或者推婴儿车极为不安全。,要求有超大面宽南向双阳台（观景家政分离），主卧大飘窗能270度直面自然景观。,在市中心核心写字楼工作，首选半小时核心通勤圈内。,倡导轻户外，周末常带家人自驾野营或山系徒步，注重生活情调与手作咖啡。,名下持有一套旧两居，置换回款 65% + 个人理财储蓄补充 + 公积金商业贷,重性价比，不盲信大牌，但要求物业管理有序、绿化修剪及时、人防技防规范。,本地常住人口，四季生活规律，度假频次为常规年假出行。
青_2008_00035,青岛,2008,本地改善,38,男,2.8,20.9,0.4,39.2,4,1,否,B,agent,0.71,0.55,0.69,0.56,0.54,0.97,0.53,0.71,0.6,自住-改善,一室一厅,78,3143,国企车间技术主任,三口之家(学龄段),青岛中环品质两居，车位及空间极其拥挤,小区无地下车库且人车不分流，小孩在楼下玩耍或者推婴儿车极为不安全。,讲究超高得房率（超85%），主卧套房必须配备独立步入式衣帽间与干湿分离双卫。,在市中心核心写字楼工作，首选半小时核心通勤圈内。,倡导轻户外，周末常带家人自驾野营或山系徒步，注重生活情调与手作咖啡。,名下持有一套旧两居，置换回款 65% + 个人理财储蓄补充 + 公积金商业贷,重性价比，不盲信大牌，但要求物业管理有序、绿化修剪及时、人防技防规范。,本地常住人口，四季生活规律，度假频次为常规年假出行。
青_2008_00036,青岛,2008,本地改善,39,女,1.8,10.0,0.4,18.7,4,1,是,B,agent,0.65,0.48,0.77,0.47,0.52,0.76,0.6,0.81,0.6,自住-改善,两室两厅,69,2180,国企车间技术主任,三口之家(学龄段),青岛中环品质两居，车位及空间极其拥挤,小区无地下车库且人车不分流，小孩在楼下玩耍或者推婴儿车极为不安全。,要求有超大面宽南向双阳台（观景家政分离），主卧大飘窗能270度直面自然景观。,在市中心核心写字楼工作，首选半小时核心通勤圈内。,倡导轻户外，周末常带家人自驾野营或山系徒步，注重生活情调与手作咖啡。,名下持有一套旧两居，置换回款 65% + 个人理财储蓄补充 + 公积金商业贷,重性价比，不盲信大牌，但要求物业管理有序、绿化修剪及时、人防技防规范。,本地常住人口，四季生活规律，度假频次为常规年假出行。
青_2008_00037,青岛,2008,山东省内异地,43,女,2.5,21.9,0.45,36.6,3,1,否,C,network,0.54,0.48,0.86,0.58,0.38,0.79,0,0.36,0.6,自住-改善,两室一厅,99,2022,区财政局科员,三口之家(学龄段),与父母同住，三代人拥挤在旧区小户型老房中,小区无地下车库且人车不分流，小孩在楼下玩耍或者推婴儿车极为不安全。,要求有超大面宽南向双阳台（观景家政分离），主卧大飘窗能270度直面自然景观。,在市中心核心写字楼工作，首选半小时核心通勤圈内。,爱猫狗，喜欢烹饪和插花，主打经济舒适的生活小确幸。,名下持有一套旧两居，置换回款 65% + 个人理财储蓄补充 + 公积金商业贷,重性价比，不盲信大牌，但要求物业管理有序、绿化修剪及时、人防技防规范。,本地常住人口，四季生活规律，度假频次为常规年假出行。
青_2008_00038,青岛,2008,本地改善,43,女,2.2,14.3,0.4,26.8,4,1,否,B,agent,0.97,0.46,0.77,0.44,0.55,0.72,0.61,0.68,0.51,自住-改善,一室一厅,59,2660,市第二中学地理教师,三口之家(学龄段),青岛中环品质两居，车位及空间极其拥挤,小区无地下车库且人车不分流，小孩在楼下玩耍或者推婴儿车极为不安全。,要求有超大面宽南向双阳台（观景家政分离），主卧大飘窗能270度直面自然景观。,在市中心核心写字楼工作，首选半小时核心通勤圈内。,倡导轻户外，周末常带家人自驾野营或山系徒步，注重生活情调与手作咖啡。,名下持有一套旧两居，置换回款 65% + 个人理财储蓄补充 + 公积金商业贷,重性价比，不盲信大牌，但要求物业管理有序、绿化修剪及时、人防技防规范。,本地常住人口，四季生活规律，度假频次为常规年假出行。
青_2008_00039,青岛,2008,本地改善,47,女,1.3,9.7,0.4,18.2,4,1,否,B,agent,0.52,0.44,0.8,0.61,0.42,0.78,0.48,0.59,0.69,自住-改善,一室一厅,66,1453,邮政局局长秘书,三口之家(学龄段),青岛中环品质两居，车位及空间极其拥挤,小区无地下车库且人车不分流，小孩在楼下玩耍或者推婴儿车极为不安全。,要求有超大面宽南向双阳台（观景家政分离），主卧大飘窗能270度直面自然景观。,在市中心核心写字楼工作，首选半小时核心通勤圈内。,倡导轻户外，周末常带家人自驾野营或山系徒步，注重生活情调与手作咖啡。,名下持有一套旧两居，置换回款 65% + 个人理财储蓄补充 + 公积金商业贷,重性价比，不盲信大牌，但要求物业管理有序、绿化修剪及时、人防技防规范。,本地常住人口，四季生活规律，度假频次为常规年假出行。
青_2008_00040,青岛,2008,本地改善,43,男,1.7,13.3,0.4,24.9,4,0,否,B,agent,0.67,0.44,0.81,0.45,0.62,0.83,0.66,0.71,0.56,自住-改善,两室一厅,92,1405,国企车间技术主任,成熟期核心家庭,青岛中环品质两居，车位及空间极其拥挤,老小区隔音差，邻里滋扰严重，且车位严重匮乏，每晚加班回来抢车位像打仗。,要求有超大面宽南向双阳台（观景家政分离），主卧大飘窗能270度直面自然景观。,在市中心核心写字楼工作，首选半小时核心通勤圈内。,倡导轻户外，周末常带家人自驾野营或山系徒步，注重生活情调与手作咖啡。,名下持有一套旧两居，置换回款 65% + 个人理财储蓄补充 + 公积金商业贷,重性价比，不盲信大牌，但要求物业管理有序、绿化修剪及时、人防技防规范。,本地常住人口，四季生活规律，度假频次为常规年假出行。
青_2008_00041,青岛,2008,本地改善,53,男,1.4,9.9,0.4,18.5,4,1,是,B,agent,0.84,0.51,0.62,0.45,0.59,0.74,0.54,0.57,0.52,自住-改善,一室一厅,55,1948,区财政局科员,三口之家(学龄段),青岛中环品质两居，车位及空间极其拥挤,小区无地下车库且人车不分流，小孩在楼下玩耍或者推婴儿车极为不安全。,讲究超高得房率（超85%），主卧套房必须配备独立步入式衣帽间与干湿分离双卫。,在市中心核心写字楼工作，首选半小时核心通勤圈内。,倡导轻户外，周末常带家人自驾野营或山系徒步，注重生活情调与手作咖啡。,名下持有一套旧两居，置换回款 65% + 个人理财储蓄补充 + 公积金商业贷,重性价比，不盲信大牌，但要求物业管理有序、绿化修剪及时、人防技防规范。,本地常住人口，四季生活规律，度假频次为常规年假出行。
青_2008_00042,青岛,2008,学区刚需,41,男,1.6,9.5,0.3,23.8,4,1,是,C,agent,0.98,0.5,0.35,0.35,0.5,0.79,0.53,1,0.34,学区房,两室一厅,75,1783,国企车间技术主任,三口之家(学龄段),与父母同住，三代人拥挤在旧区小户型老房中,小区无地下车库且人车不分流，小孩在楼下玩耍或者推婴儿车极为不安全。,讲究超高得房率（超85%），主卧套房必须配备独立步入式衣帽间与干湿分离双卫。,在市中心核心写字楼工作，首选半小时核心通勤圈内。,爱猫狗，喜欢烹饪和插花，主打经济舒适的生活小确幸。,名下持有一套旧两居，置换回款 65% + 个人理财储蓄补充 + 公积金商业贷,重性价比，不盲信大牌，但要求物业管理有序、绿化修剪及时、人防技防规范。,本地常住人口，四季生活规律，度假频次为常规年假出行。
青_2008_00043,青岛,2008,本地改善,46,男,2.3,13.4,0.4,25.1,3,1,否,B,agent,1,0.47,0.77,0.62,0.52,0.86,0.61,0.69,0.59,自住-改善,一室一厅,76,2090,邮政局局长秘书,三口之家(学龄段),青岛中环品质两居，车位及空间极其拥挤,小区无地下车库且人车不分流，小孩在楼下玩耍或者推婴儿车极为不安全。,要求有超大面宽南向双阳台（观景家政分离），主卧大飘窗能270度直面自然景观。,在市中心核心写字楼工作，首选半小时核心通勤圈内。,倡导轻户外，周末常带家人自驾野营或山系徒步，注重生活情调与手作咖啡。,名下持有一套旧两居，置换回款 65% + 个人理财储蓄补充 + 公积金商业贷,重性价比，不盲信大牌，但要求物业管理有序、绿化修剪及时、人防技防规范。,本地常住人口，四季生活规律，度假频次为常规年假出行。
青_2008_00044,青岛,2008,本地改善,37,女,2.7,19.0,0.4,35.6,4,1,是,B,agent,0.67,0.49,0.63,0.56,0.42,0.86,0.65,0.69,0.72,自住-改善,一室一厅,64,3472,国企车间技术主任,三口之家(幼龄段),青岛中环品质两居，车位及空间极其拥挤,小区无地下车库且人车不分流，小孩在楼下玩耍或者推婴儿车极为不安全。,讲究超高得房率（超85%），主卧套房必须配备独立步入式衣帽间与干湿分离双卫。,在市中心核心写字楼工作，首选半小时核心通勤圈内。,倡导轻户外，周末常带家人自驾野营或山系徒步，注重生活情调与手作咖啡。,名下持有一套旧两居，置换回款 65% + 个人理财储蓄补充 + 公积金商业贷,非仁恒、绿城、万科等金牌开发商不买，极度看重高端精装质量与顶级物业的增值口碑。,本地常住人口，四季生活规律，度假频次为常规年假出行。
青_2008_00045,青岛,2008,学区刚需,44,女,2.1,14.3,0.3,35.7,3,0,否,C,agent,0.78,0.57,0.36,0.33,0.39,0.68,0.46,0.84,0.4,学区房,两室一厅,83,3215,国企车间技术主任,成熟期核心家庭,与父母同住，三代人拥挤在旧区小户型老房中,老小区隔音差，邻里滋扰严重，且车位严重匮乏，每晚加班回来抢车位像打仗。,核心要求地块属于第一梯队名校学区，且周边500米内解决幼小衔接教育配套。,在市中心核心写字楼工作，首选半小时核心通勤圈内。,爱猫狗，喜欢烹饪和插花，主打经济舒适的生活小确幸。,名下持有一套旧两居，置换回款 65% + 个人理财储蓄补充 + 公积金商业贷,重性价比，不盲信大牌，但要求物业管理有序、绿化修剪及时、人防技防规范。,本地常住人口，四季生活规律，度假频次为常规年假出行。
青_2008_00046,青岛,2008,山东省内异地,40,女,2.7,16.4,0.45,27.3,4,0,否,C,network,0.71,0.68,0.83,0.51,0.54,0.78,0,0.34,0.52,自住-改善,两室两厅,72,1939,市第二中学地理教师,成熟期核心家庭,与父母同住，三代人拥挤在旧区小户型老房中,老小区隔音差，邻里滋扰严重，且车位严重匮乏，每晚加班回来抢车位像打仗。,要求有超大面宽南向双阳台（观景家政分离），主卧大飘窗能270度直面自然景观。,在市中心核心写字楼工作，首选半小时核心通勤圈内。,爱猫狗，喜欢烹饪和插花，主打经济舒适的生活小确幸。,名下持有一套旧两居，置换回款 65% + 个人理财储蓄补充 + 公积金商业贷,重性价比，不盲信大牌，但要求物业管理有序、绿化修剪及时、人防技防规范。,本地常住人口，四季生活规律，度假频次为常规年假出行。
青_2008_00047,青岛,2008,本地改善,49,女,1.1,8.6,0.4,16.1,3,1,是,B,agent,0.84,0.49,0.79,0.49,0.56,0.81,0.8,0.69,0.56,自住-改善,两室两厅,83,1055,区财政局科员,三口之家(学龄段),青岛中环品质两居，车位及空间极其拥挤,小区无地下车库且人车不分流，小孩在楼下玩耍或者推婴儿车极为不安全。,要求有超大面宽南向双阳台（观景家政分离），主卧大飘窗能270度直面自然景观。,在市中心核心写字楼工作，首选半小时核心通勤圈内。,倡导轻户外，周末常带家人自驾野营或山系徒步，注重生活情调与手作咖啡。,名下持有一套旧两居，置换回款 65% + 个人理财储蓄补充 + 公积金商业贷,重性价比，不盲信大牌，但要求物业管理有序、绿化修剪及时、人防技防规范。,本地常住人口，四季生活规律，度假频次为常规年假出行。
青_2008_00048,青岛,2008,山东省内异地,52,女,2.3,18.5,0.45,30.9,3,1,是,C,network,0.72,0.58,0.82,0.52,0.57,0.69,0.01,0.51,0.56,自住-首套,两室一厅,83,3001,邮政局局长秘书,三口之家(学龄段),与父母同住，三代人拥挤在旧区小户型老房中,小区无地下车库且人车不分流，小孩在楼下玩耍或者推婴儿车极为不安全。,要求有超大面宽南向双阳台（观景家政分离），主卧大飘窗能270度直面自然景观。,在市中心核心写字楼工作，首选半小时核心通勤圈内。,爱猫狗，喜欢烹饪和插花，主打经济舒适的生活小确幸。,夫妻双方积蓄 + 双方父母出资赞助首付 + 公积金商业组合贷款,重性价比，不盲信大牌，但要求物业管理有序、绿化修剪及时、人防技防规范。,本地常住人口，四季生活规律，度假频次为常规年假出行。
青_2008_00049,青岛,2008,本地改善,39,男,2.9,27.8,0.4,52.1,4,0,是,B,agent,0.69,0.55,0.61,0.56,0.51,0.76,0.49,0.89,0.46,自住-改善,两室一厅,83,4171,市第二中学地理教师,成熟期核心家庭,青岛中环品质两居，车位及空间极其拥挤,当前房屋属于旧多层无电梯房，父母年纪渐高每天爬楼梯极为吃力。,讲究超高得房率（超85%），主卧套房必须配备独立步入式衣帽间与干湿分离双卫。,在市中心核心写字楼工作，首选半小时核心通勤圈内。,倡导轻户外，周末常带家人自驾野营或山系徒步，注重生活情调与手作咖啡。,名下持有一套旧两居，置换回款 65% + 个人理财储蓄补充 + 公积金商业贷,重性价比，不盲信大牌，但要求物业管理有序、绿化修剪及时、人防技防规范。,本地常住人口，四季生活规律，度假频次为常规年假出行。
青_2008_00050,青岛,2008,本地改善,38,女,1.9,15.9,0.4,29.9,3,2,否,B,agent,0.79,0.58,0.8,0.59,0.59,0.75,0.64,0.8,0.63,自住-改善,两室一厅,60,4109,国企车间技术主任,二胎黄金期中大户型,青岛中环品质两居，车位及空间极其拥挤,小区无地下车库且人车不分流，小孩在楼下玩耍或者推婴儿车极为不安全。,要求有超大面宽南向双阳台（观景家政分离），主卧大飘窗能270度直面自然景观。,在市中心核心写字楼工作，首选半小时核心通勤圈内。,倡导轻户外，周末常带家人自驾野营或山系徒步，注重生活情调与手作咖啡。,名下持有一套旧两居，置换回款 65% + 个人理财储蓄补充 + 公积金商业贷,重性价比，不盲信大牌，但要求物业管理有序、绿化修剪及时、人防技防规范。,本地常住人口，四季生活规律，度假频次为常规年假出行。
青_2008_00051,青岛,2008,学区刚需,32,男,1.9,13.1,0.3,32.7,2,0,否,C,agent,0.86,0.64,0.42,0.29,0.42,0.7,0.49,0.99,0.58,学区房,两室两厅,51,5689,国企车间技术主任,新婚过渡两居,与父母同住，三代人拥挤在旧区小户型老房中,老小区隔音差，邻里滋扰严重，且车位严重匮乏，每晚加班回来抢车位像打仗。,讲究超高得房率（超85%），主卧套房必须配备独立步入式衣帽间与干湿分离双卫。,在市中心核心写字楼工作，首选半小时核心通勤圈内。,爱猫狗，喜欢烹饪和插花，主打经济舒适的生活小确幸。,名下持有一套旧两居，置换回款 65% + 个人理财储蓄补充 + 公积金商业贷,重性价比，不盲信大牌，但要求物业管理有序、绿化修剪及时、人防技防规范。,本地常住人口，四季生活规律，度假频次为常规年假出行。
青_2008_00052,青岛,2008,山东省内异地,53,男,3.0,29.6,0.45,49.3,3,0,是,C,network,0.87,0.56,0.91,0.58,0.45,0.8,0.05,0.4,0.6,自住-改善,一室一厅,88,3740,邮政局局长秘书,成熟期核心家庭,与父母同住，三代人拥挤在旧区小户型老房中,当前房屋属于旧多层无电梯房，父母年纪渐高每天爬楼梯极为吃力。,要求有超大面宽南向双阳台（观景家政分离），主卧大飘窗能270度直面自然景观。,在市中心核心写字楼工作，首选半小时核心通勤圈内。,爱猫狗，喜欢烹饪和插花，主打经济舒适的生活小确幸。,名下持有一套旧两居，置换回款 65% + 个人理财储蓄补充 + 公积金商业贷,重性价比，不盲信大牌，但要求物业管理有序、绿化修剪及时、人防技防规范。,本地常住人口，四季生活规律，度假频次为常规年假出行。
青_2008_00053,青岛,2008,本地改善,50,男,1.8,15.1,0.4,28.3,4,0,否,B,agent,1,0.36,0.71,0.4,0.54,0.72,0.5,0.67,0.5,自住-改善,两室一厅,72,2866,市第二中学地理教师,成熟期核心家庭,青岛中环品质两居，车位及空间极其拥挤,老小区隔音差，邻里滋扰严重，且车位严重匮乏，每晚加班回来抢车位像打仗。,要求有超大面宽南向双阳台（观景家政分离），主卧大飘窗能270度直面自然景观。,在市中心核心写字楼工作，首选半小时核心通勤圈内。,倡导轻户外，周末常带家人自驾野营或山系徒步，注重生活情调与手作咖啡。,名下持有一套旧两居，置换回款 65% + 个人理财储蓄补充 + 公积金商业贷,重性价比，不盲信大牌，但要求物业管理有序、绿化修剪及时、人防技防规范。,本地常住人口，四季生活规律，度假频次为常规年假出行。
青_2008_00054,青岛,2008,本地改善,36,女,2.0,16.2,0.4,30.3,5,1,否,B,agent,0.73,0.46,0.66,0.48,0.69,0.92,0.62,0.62,0.52,自住-改善,两室一厅,82,3146,区财政局科员,三口之家(幼龄段),青岛中环品质两居，车位及空间极其拥挤,小区无地下车库且人车不分流，小孩在楼下玩耍或者推婴儿车极为不安全。,讲究超高得房率（超85%），主卧套房必须配备独立步入式衣帽间与干湿分离双卫。,在市中心核心写字楼工作，首选半小时核心通勤圈内。,倡导轻户外，周末常带家人自驾野营或山系徒步，注重生活情调与手作咖啡。,名下持有一套旧两居，置换回款 65% + 个人理财储蓄补充 + 公积金商业贷,重性价比，不盲信大牌，但要求物业管理有序、绿化修剪及时、人防技防规范。,本地常住人口，四季生活规律，度假频次为常规年假出行。
青_2008_00055,青岛,2008,本地改善,43,男,2.4,22.1,0.4,41.5,4,1,否,B,agent,0.9,0.54,0.66,0.44,0.46,0.77,0.51,0.86,0.51,自住-改善,两室两厅,92,3889,区财政局科员,三口之家(学龄段),青岛中环品质两居，车位及空间极其拥挤,小区无地下车库且人车不分流，小孩在楼下玩耍或者推婴儿车极为不安全。,讲究超高得房率（超85%），主卧套房必须配备独立步入式衣帽间与干湿分离双卫。,在市中心核心写字楼工作，首选半小时核心通勤圈内。,倡导轻户外，周末常带家人自驾野营或山系徒步，注重生活情调与手作咖啡。,名下持有一套旧两居，置换回款 65% + 个人理财储蓄补充 + 公积金商业贷,重性价比，不盲信大牌，但要求物业管理有序、绿化修剪及时、人防技防规范。,本地常住人口，四季生活规律，度假频次为常规年假出行。
青_2008_00056,青岛,2008,学区刚需,40,女,2.8,18.6,0.3,46.5,3,1,是,C,agent,0.88,0.58,0.31,0.26,0.3,0.88,0.68,0.9,0.36,学区房,两室一厅,68,5757,国企车间技术主任,三口之家(学龄段),与父母同住，三代人拥挤在旧区小户型老房中,小区无地下车库且人车不分流，小孩在楼下玩耍或者推婴儿车极为不安全。,讲究超高得房率（超85%），主卧套房必须配备独立步入式衣帽间与干湿分离双卫。,在市中心核心写字楼工作，首选半小时核心通勤圈内。,爱猫狗，喜欢烹饪和插花，主打经济舒适的生活小确幸。,名下持有一套旧两居，置换回款 65% + 个人理财储蓄补充 + 公积金商业贷,重性价比，不盲信大牌，但要求物业管理有序、绿化修剪及时、人防技防规范。,本地常住人口，四季生活规律，度假频次为常规年假出行。
青_2008_00057,青岛,2008,本地改善,46,女,1.1,8.6,0.4,16.0,3,1,否,B,agent,0.57,0.57,0.73,0.58,0.63,0.74,0.56,0.58,0.51,自住-改善,两室一厅,51,1893,国企车间技术主任,三口之家(学龄段),青岛中环品质两居，车位及空间极其拥挤,小区无地下车库且人车不分流，小孩在楼下玩耍或者推婴儿车极为不安全。,要求有超大面宽南向双阳台（观景家政分离），主卧大飘窗能270度直面自然景观。,在市中心核心写字楼工作，首选半小时核心通勤圈内。,倡导轻户外，周末常带家人自驾野营或山系徒步，注重生活情调与手作咖啡。,名下持有一套旧两居，置换回款 65% + 个人理财储蓄补充 + 公积金商业贷,重性价比，不盲信大牌，但要求物业管理有序、绿化修剪及时、人防技防规范。,本地常住人口，四季生活规律，度假频次为常规年假出行。
青_2008_00058,青岛,2008,高端海景收藏,56,女,19.4,265.7,0.6,332.1,2,0,否,A,network,0.68,0.42,0.96,0.74,0.81,0.55,0,0.17,1,投资-短期,三室两厅,137,16880,上市公司退休联合创始人,高知退休康养,西湖边高精平层,无高端私密会所及管家式物业配套，圈层鱼龙混杂，高净值居住体验差。,要求独立电梯入户，主次卧动线分明，配备独立保姆房和私密后院。,在市中心核心写字楼工作，首选半小时核心通勤圈内。,周末常去高端商圈消费，热衷打网球和马术，重度手冲咖啡及黑胶唱片发烧友。,名下已有企业股权套现或分红现金，一次性全款付清，基本不加杠杆,非仁恒、绿城、万科等金牌开发商不买，极度看重高端精装质量与顶级物业的增值口碑。,本地常住人口，四季生活规律，度假频次为常规年假出行。
青_2008_00059,青岛,2008,学区刚需,40,男,2.4,17.0,0.3,42.6,2,0,否,C,agent,0.65,0.57,0.49,0.32,0.39,0.75,0.68,0.98,0.35,学区房,两室一厅,66,5219,国企车间技术主任,成熟期核心家庭,与父母同住，三代人拥挤在旧区小户型老房中,老小区隔音差，邻里滋扰严重，且车位严重匮乏，每晚加班回来抢车位像打仗。,讲究超高得房率（超85%），主卧套房必须配备独立步入式衣帽间与干湿分离双卫。,在市中心核心写字楼工作，首选半小时核心通勤圈内。,爱猫狗，喜欢烹饪和插花，主打经济舒适的生活小确幸。,名下持有一套旧两居，置换回款 65% + 个人理财储蓄补充 + 公积金商业贷,重性价比，不盲信大牌，但要求物业管理有序、绿化修剪及时、人防技防规范。,本地常住人口，四季生活规律，度假频次为常规年假出行。
青_2008_00060,青岛,2008,本地改善,51,男,1.1,10.3,0.4,19.3,4,1,否,B,agent,0.98,0.43,0.83,0.5,0.41,0.75,0.64,0.89,0.54,自住-改善,两室一厅,51,2449,邮政局局长秘书,三口之家(学龄段),青岛中环品质两居，车位及空间极其拥挤,小区无地下车库且人车不分流，小孩在楼下玩耍或者推婴儿车极为不安全。,要求有超大面宽南向双阳台（观景家政分离），主卧大飘窗能270度直面自然景观。,在市中心核心写字楼工作，首选半小时核心通勤圈内。,倡导轻户外，周末常带家人自驾野营或山系徒步，注重生活情调与手作咖啡。,名下持有一套旧两居，置换回款 65% + 个人理财储蓄补充 + 公积金商业贷,重性价比，不盲信大牌，但要求物业管理有序、绿化修剪及时、人防技防规范。,本地常住人口，四季生活规律，度假频次为常规年假出行。
青_2008_00061,青岛,2008,学区刚需,36,女,2.5,11.9,0.3,29.8,4,1,是,C,agent,1,0.62,0.43,0.42,0.51,0.75,0.5,0.97,0.31,学区房,一室一厅,69,2815,区财政局科员,三口之家(幼龄段),与父母同住，三代人拥挤在旧区小户型老房中,小区无地下车库且人车不分流，小孩在楼下玩耍或者推婴儿车极为不安全。,讲究超高得房率（超85%），主卧套房必须配备独立步入式衣帽间与干湿分离双卫。,在市中心核心写字楼工作，首选半小时核心通勤圈内。,爱猫狗，喜欢烹饪和插花，主打经济舒适的生活小确幸。,名下持有一套旧两居，置换回款 65% + 个人理财储蓄补充 + 公积金商业贷,重性价比，不盲信大牌，但要求物业管理有序、绿化修剪及时、人防技防规范。,本地常住人口，四季生活规律，度假频次为常规年假出行。
青_2008_00062,青岛,2008,北方度假投资,54,女,7.7,79.7,0.5,119.5,2,0,否,B,research,0.72,0.52,0.94,0.59,0.6,0.49,0,0.02,0.74,投资-长持,一室一厅,85,7470,知名中医药连锁投资人,成熟期核心家庭,青岛中环品质两居，车位及空间极其拥挤,老小区隔音差，邻里滋扰严重，且车位严重匮乏，每晚加班回来抢车位像打仗。,要求有超大面宽南向双阳台（观景家政分离），主卧大飘窗能270度直面自然景观。,在市中心核心写字楼工作，首选半小时核心通勤圈内。,倡导轻户外，周末常带家人自驾野营或山系徒步，注重生活情调与手作咖啡。,名下持有一套旧两居，置换回款 65% + 个人理财储蓄补充 + 公积金商业贷,非仁恒、绿城、万科等金牌开发商不买，极度看重高端精装质量与顶级物业的增值口碑。,每年11月至次年3月到此度过漫长冬季，极其依赖周边的康养及适老化服务。
青_2008_00063,青岛,2008,本地改善,49,女,1.8,13.9,0.4,26.0,3,1,否,B,agent,1,0.48,0.76,0.56,0.43,0.89,0.51,0.63,0.58,自住-改善,一室一厅,72,2172,区财政局科员,三口之家(学龄段),青岛中环品质两居，车位及空间极其拥挤,小区无地下车库且人车不分流，小孩在楼下玩耍或者推婴儿车极为不安全。,要求有超大面宽南向双阳台（观景家政分离），主卧大飘窗能270度直面自然景观。,在市中心核心写字楼工作，首选半小时核心通勤圈内。,倡导轻户外，周末常带家人自驾野营或山系徒步，注重生活情调与手作咖啡。,名下持有一套旧两居，置换回款 65% + 个人理财储蓄补充 + 公积金商业贷,重性价比，不盲信大牌，但要求物业管理有序、绿化修剪及时、人防技防规范。,本地常住人口，四季生活规律，度假频次为常规年假出行。
青_2008_00064,青岛,2008,学区刚需,40,男,1.1,6.6,0.3,16.6,3,1,否,C,agent,1,0.43,0.33,0.14,0.31,0.8,0.53,0.94,0.51,学区房,两室一厅,70,1824,市第二中学地理教师,三口之家(学龄段),与父母同住，三代人拥挤在旧区小户型老房中,小区无地下车库且人车不分流，小孩在楼下玩耍或者推婴儿车极为不安全。,讲究超高得房率（超85%），主卧套房必须配备独立步入式衣帽间与干湿分离双卫。,在市中心核心写字楼工作，首选半小时核心通勤圈内。,爱猫狗，喜欢烹饪和插花，主打经济舒适的生活小确幸。,名下持有一套旧两居，置换回款 65% + 个人理财储蓄补充 + 公积金商业贷,重性价比，不盲信大牌，但要求物业管理有序、绿化修剪及时、人防技防规范。,本地常住人口，四季生活规律，度假频次为常规年假出行。
青_2008_00065,青岛,2008,本地改善,37,女,1.8,12.3,0.4,23.1,4,1,是,B,agent,0.88,0.65,0.76,0.42,0.53,0.95,0.6,0.81,0.62,自住-改善,两室一厅,88,1965,邮政局局长秘书,三口之家(幼龄段),青岛中环品质两居，车位及空间极其拥挤,小区无地下车库且人车不分流，小孩在楼下玩耍或者推婴儿车极为不安全。,要求有超大面宽南向双阳台（观景家政分离），主卧大飘窗能270度直面自然景观。,在市中心核心写字楼工作，首选半小时核心通勤圈内。,倡导轻户外，周末常带家人自驾野营或山系徒步，注重生活情调与手作咖啡。,名下持有一套旧两居，置换回款 65% + 个人理财储蓄补充 + 公积金商业贷,重性价比，不盲信大牌，但要求物业管理有序、绿化修剪及时、人防技防规范。,本地常住人口，四季生活规律，度假频次为常规年假出行。
青_2008_00066,青岛,2008,本地改善,39,男,3.4,29.7,0.4,55.7,3,1,否,B,agent,0.7,0.55,0.76,0.61,0.56,0.92,0.64,0.7,0.41,自住-改善,一室一厅,73,4597,邮政局局长秘书,三口之家(学龄段),青岛中环品质两居，车位及空间极其拥挤,小区无地下车库且人车不分流，小孩在楼下玩耍或者推婴儿车极为不安全。,要求有超大面宽南向双阳台（观景家政分离），主卧大飘窗能270度直面自然景观。,在市中心核心写字楼工作，首选半小时核心通勤圈内。,倡导轻户外，周末常带家人自驾野营或山系徒步，注重生活情调与手作咖啡。,名下持有一套旧两居，置换回款 65% + 个人理财储蓄补充 + 公积金商业贷,重性价比，不盲信大牌，但要求物业管理有序、绿化修剪及时、人防技防规范。,本地常住人口，四季生活规律，度假频次为常规年假出行。
青_2008_00067,青岛,2008,本地改善,45,男,1.7,17.4,0.4,32.6,4,1,否,B,agent,1,0.46,0.7,0.47,0.51,1,0.56,0.74,0.48,自住-改善,一室一厅,52,3688,市第二中学地理教师,三口之家(学龄段),青岛中环品质两居，车位及空间极其拥挤,小区无地下车库且人车不分流，小孩在楼下玩耍或者推婴儿车极为不安全。,讲究超高得房率（超85%），主卧套房必须配备独立步入式衣帽间与干湿分离双卫。,在市中心核心写字楼工作，首选半小时核心通勤圈内。,倡导轻户外，周末常带家人自驾野营或山系徒步，注重生活情调与手作咖啡。,名下持有一套旧两居，置换回款 65% + 个人理财储蓄补充 + 公积金商业贷,重性价比，不盲信大牌，但要求物业管理有序、绿化修剪及时、人防技防规范。,本地常住人口，四季生活规律，度假频次为常规年假出行。
青_2008_00068,青岛,2008,本地改善,39,男,3.0,29.5,0.4,55.3,3,1,否,B,agent,0.71,0.37,0.63,0.59,0.47,0.89,0.74,0.63,0.44,自住-改善,两室两厅,83,5390,国企车间技术主任,三口之家(学龄段),青岛中环品质两居，车位及空间极其拥挤,小区无地下车库且人车不分流，小孩在楼下玩耍或者推婴儿车极为不安全。,讲究超高得房率（超85%），主卧套房必须配备独立步入式衣帽间与干湿分离双卫。,在市中心核心写字楼工作，首选半小时核心通勤圈内。,倡导轻户外，周末常带家人自驾野营或山系徒步，注重生活情调与手作咖啡。,名下持有一套旧两居，置换回款 65% + 个人理财储蓄补充 + 公积金商业贷,重性价比，不盲信大牌，但要求物业管理有序、绿化修剪及时、人防技防规范。,本地常住人口，四季生活规律，度假频次为常规年假出行。
青_2008_00069,青岛,2008,学区刚需,36,男,1.6,11.8,0.3,29.5,4,1,是,C,agent,0.95,0.54,0.39,0.4,0.32,0.65,0.58,0.94,0.41,学区房,两室两厅,67,3473,邮政局局长秘书,三口之家(幼龄段),与父母同住，三代人拥挤在旧区小户型老房中,小区无地下车库且人车不分流，小孩在楼下玩耍或者推婴儿车极为不安全。,核心要求地块属于第一梯队名校学区，且周边500米内解决幼小衔接教育配套。,在市中心核心写字楼工作，首选半小时核心通勤圈内。,爱猫狗，喜欢烹饪和插花，主打经济舒适的生活小确幸。,名下持有一套旧两居，置换回款 65% + 个人理财储蓄补充 + 公积金商业贷,重性价比，不盲信大牌，但要求物业管理有序、绿化修剪及时、人防技防规范。,本地常住人口，四季生活规律，度假频次为常规年假出行。
青_2008_00070,青岛,2008,本地改善,53,男,2.8,27.7,0.4,51.9,4,1,是,B,agent,0.84,0.49,0.76,0.44,0.44,0.75,0.62,0.82,0.42,自住-改善,两室一厅,72,4366,市第二中学地理教师,三口之家(学龄段),青岛中环品质两居，车位及空间极其拥挤,小区无地下车库且人车不分流，小孩在楼下玩耍或者推婴儿车极为不安全。,要求有超大面宽南向双阳台（观景家政分离），主卧大飘窗能270度直面自然景观。,在市中心核心写字楼工作，首选半小时核心通勤圈内。,倡导轻户外，周末常带家人自驾野营或山系徒步，注重生活情调与手作咖啡。,名下持有一套旧两居，置换回款 65% + 个人理财储蓄补充 + 公积金商业贷,重性价比，不盲信大牌，但要求物业管理有序、绿化修剪及时、人防技防规范。,本地常住人口，四季生活规律，度假频次为常规年假出行。
青_2008_00071,青岛,2008,高端海景收藏,65,女,5.9,48.4,0.6,60.5,2,0,否,A,network,0.84,0.45,0.84,0.91,0.87,0.48,0.05,0,0.82,投资-长持,两室一厅,70,5201,知名中医药连锁投资人,高知退休康养,陆家嘴核心区江景大平层,无高端私密会所及管家式物业配套，圈层鱼龙混杂，高净值居住体验差。,要求独立电梯入户，主次卧动线分明，配备独立保姆房和私密后院。,在市中心核心写字楼工作，首选半小时核心通勤圈内。,周末常去高端商圈消费，热衷打网球和马术，重度手冲咖啡及黑胶唱片发烧友。,名下已有企业股权套现或分红现金，一次性全款付清，基本不加杠杆,非仁恒、绿城、万科等金牌开发商不买，极度看重高端精装质量与顶级物业的增值口碑。,本地常住人口，四季生活规律，度假频次为常规年假出行。
青_2008_00072,青岛,2008,本地改善,38,女,2.3,23.0,0.4,43.1,3,0,否,B,agent,0.64,0.41,0.77,0.56,0.42,0.93,0.67,0.65,0.65,自住-改善,两室一厅,98,2427,邮政局局长秘书,成熟期核心家庭,青岛中环品质两居，车位及空间极其拥挤,老小区隔音差，邻里滋扰严重，且车位严重匮乏，每晚加班回来抢车位像打仗。,要求有超大面宽南向双阳台（观景家政分离），主卧大飘窗能270度直面自然景观。,在市中心核心写字楼工作，首选半小时核心通勤圈内。,倡导轻户外，周末常带家人自驾野营或山系徒步，注重生活情调与手作咖啡。,名下持有一套旧两居，置换回款 65% + 个人理财储蓄补充 + 公积金商业贷,重性价比，不盲信大牌，但要求物业管理有序、绿化修剪及时、人防技防规范。,本地常住人口，四季生活规律，度假频次为常规年假出行。
青_2008_00073,青岛,2008,本地改善,46,女,1.4,13.0,0.4,24.5,5,2,否,B,agent,0.84,0.62,0.8,0.54,0.3,0.83,0.76,0.7,0.54,自住-改善,一室一厅,56,2627,邮政局局长秘书,二胎黄金期中大户型,青岛中环品质两居，车位及空间极其拥挤,小区无地下车库且人车不分流，小孩在楼下玩耍或者推婴儿车极为不安全。,要求有超大面宽南向双阳台（观景家政分离），主卧大飘窗能270度直面自然景观。,在市中心核心写字楼工作，首选半小时核心通勤圈内。,倡导轻户外，周末常带家人自驾野营或山系徒步，注重生活情调与手作咖啡。,名下持有一套旧两居，置换回款 65% + 个人理财储蓄补充 + 公积金商业贷,重性价比，不盲信大牌，但要求物业管理有序、绿化修剪及时、人防技防规范。,本地常住人口，四季生活规律，度假频次为常规年假出行。
青_2008_00074,青岛,2008,山东省内异地,54,男,1.1,6.4,0.45,10.6,3,1,否,C,network,0.59,0.53,0.83,0.53,0.58,0.8,0.06,0.41,0.55,自住-首套,一室一厅,78,692,区财政局科员,三口之家(学龄段),与父母同住，三代人拥挤在旧区小户型老房中,小区无地下车库且人车不分流，小孩在楼下玩耍或者推婴儿车极为不安全。,要求有超大面宽南向双阳台（观景家政分离），主卧大飘窗能270度直面自然景观。,在市中心核心写字楼工作，首选半小时核心通勤圈内。,爱猫狗，喜欢烹饪和插花，主打经济舒适的生活小确幸。,夫妻双方积蓄 + 双方父母出资赞助首付 + 公积金商业组合贷款,重性价比，不盲信大牌，但要求物业管理有序、绿化修剪及时、人防技防规范。,本地常住人口，四季生活规律，度假频次为常规年假出行。
青_2008_00075,青岛,2008,本地改善,49,男,1.8,11.8,0.4,22.1,3,1,否,B,agent,0.78,0.44,0.63,0.44,0.55,0.93,0.67,0.65,0.55,自住-改善,一室一厅,100,1584,国企车间技术主任,三口之家(学龄段),青岛中环品质两居，车位及空间极其拥挤,小区无地下车库且人车不分流，小孩在楼下玩耍或者推婴儿车极为不安全。,讲究超高得房率（超85%），主卧套房必须配备独立步入式衣帽间与干湿分离双卫。,在市中心核心写字楼工作，首选半小时核心通勤圈内。,倡导轻户外，周末常带家人自驾野营或山系徒步，注重生活情调与手作咖啡。,名下持有一套旧两居，置换回款 65% + 个人理财储蓄补充 + 公积金商业贷,重性价比，不盲信大牌，但要求物业管理有序、绿化修剪及时、人防技防规范。,本地常住人口，四季生活规律，度假频次为常规年假出行。
青_2008_00076,青岛,2008,山东省内异地,56,男,2.5,21.0,0.45,35.0,3,0,是,C,network,0.82,0.5,0.93,0.57,0.61,0.79,0,0.59,0.62,自住-首套,一室一厅,67,4314,邮政局局长秘书,高知退休康养,与父母同住，三代人拥挤在旧区小户型老房中,当前房屋属于旧多层无电梯房，父母年纪渐高每天爬楼梯极为吃力。,要求有超大面宽南向双阳台（观景家政分离），主卧大飘窗能270度直面自然景观。,在市中心核心写字楼工作，首选半小时核心通勤圈内。,爱猫狗，喜欢烹饪和插花，主打经济舒适的生活小确幸。,夫妻双方积蓄 + 双方父母出资赞助首付 + 公积金商业组合贷款,重性价比，不盲信大牌，但要求物业管理有序、绿化修剪及时、人防技防规范。,本地常住人口，四季生活规律，度假频次为常规年假出行。
青_2008_00077,青岛,2008,学区刚需,33,男,1.2,7.2,0.3,18.0,4,1,否,C,agent,0.94,0.59,0.44,0.25,0.4,0.76,0.8,0.77,0.52,学区房,两室两厅,86,1121,国企车间技术主任,三口之家(幼龄段),与父母同住，三代人拥挤在旧区小户型老房中,小区无地下车库且人车不分流，小孩在楼下玩耍或者推婴儿车极为不安全。,讲究超高得房率（超85%），主卧套房必须配备独立步入式衣帽间与干湿分离双卫。,在市中心核心写字楼工作，首选半小时核心通勤圈内。,爱猫狗，喜欢烹饪和插花，主打经济舒适的生活小确幸。,名下持有一套旧两居，置换回款 65% + 个人理财储蓄补充 + 公积金商业贷,重性价比，不盲信大牌，但要求物业管理有序、绿化修剪及时、人防技防规范。,本地常住人口，四季生活规律，度假频次为常规年假出行。
青_2008_00078,青岛,2008,本地改善,50,男,2.1,16.8,0.4,31.5,4,1,否,B,agent,0.72,0.54,0.81,0.51,0.52,0.89,0.66,0.74,0.55,自住-改善,两室一厅,74,2680,市第二中学地理教师,三口之家(学龄段),青岛中环品质两居，车位及空间极其拥挤,小区无地下车库且人车不分流，小孩在楼下玩耍或者推婴儿车极为不安全。,要求有超大面宽南向双阳台（观景家政分离），主卧大飘窗能270度直面自然景观。,在市中心核心写字楼工作，首选半小时核心通勤圈内。,倡导轻户外，周末常带家人自驾野营或山系徒步，注重生活情调与手作咖啡。,名下持有一套旧两居，置换回款 65% + 个人理财储蓄补充 + 公积金商业贷,重性价比，不盲信大牌，但要求物业管理有序、绿化修剪及时、人防技防规范。,本地常住人口，四季生活规律，度假频次为常规年假出行。
青_2008_00079,青岛,2008,本地改善,42,女,1.7,13.2,0.4,24.8,5,1,是,B,agent,0.64,0.54,0.69,0.47,0.49,0.81,0.75,0.79,0.53,自住-改善,两室两厅,54,2838,邮政局局长秘书,三口之家(学龄段),青岛中环品质两居，车位及空间极其拥挤,小区无地下车库且人车不分流，小孩在楼下玩耍或者推婴儿车极为不安全。,讲究超高得房率（超85%），主卧套房必须配备独立步入式衣帽间与干湿分离双卫。,在市中心核心写字楼工作，首选半小时核心通勤圈内。,倡导轻户外，周末常带家人自驾野营或山系徒步，注重生活情调与手作咖啡。,名下持有一套旧两居，置换回款 65% + 个人理财储蓄补充 + 公积金商业贷,重性价比，不盲信大牌，但要求物业管理有序、绿化修剪及时、人防技防规范。,本地常住人口，四季生活规律，度假频次为常规年假出行。
青_2008_00080,青岛,2008,本地改善,43,男,2.5,21.3,0.4,39.9,4,1,否,B,agent,1.0,0.57,0.7,0.45,0.54,0.8,0.56,0.81,0.7,自住-改善,一室一厅,81,4098,国企车间技术主任,三口之家(学龄段),青岛中环品质两居，车位及空间极其拥挤,小区无地下车库且人车不分流，小孩在楼下玩耍或者推婴儿车极为不安全。,讲究超高得房率（超85%），主卧套房必须配备独立步入式衣帽间与干湿分离双卫。,在市中心核心写字楼工作，首选半小时核心通勤圈内。,倡导轻户外，周末常带家人自驾野营或山系徒步，注重生活情调与手作咖啡。,名下持有一套旧两居，置换回款 65% + 个人理财储蓄补充 + 公积金商业贷,重性价比，不盲信大牌，但要求物业管理有序、绿化修剪及时、人防技防规范。,本地常住人口，四季生活规律，度假频次为常规年假出行。
青_2008_00081,青岛,2008,学区刚需,33,女,2.0,13.3,0.3,33.3,3,2,否,C,agent,0.83,0.43,0.5,0.41,0.51,0.62,0.54,0.88,0.39,学区房,两室一厅,72,3818,国企车间技术主任,二胎黄金期中大户型,与父母同住，三代人拥挤在旧区小户型老房中,小区无地下车库且人车不分流，小孩在楼下玩耍或者推婴儿车极为不安全。,核心要求地块属于第一梯队名校学区，且周边500米内解决幼小衔接教育配套。,在市中心核心写字楼工作，首选半小时核心通勤圈内。,爱猫狗，喜欢烹饪和插花，主打经济舒适的生活小确幸。,名下持有一套旧两居，置换回款 65% + 个人理财储蓄补充 + 公积金商业贷,重性价比，不盲信大牌，但要求物业管理有序、绿化修剪及时、人防技防规范。,本地常住人口，四季生活规律，度假频次为常规年假出行。
青_2008_00082,青岛,2008,本地改善,43,女,2.8,27.4,0.4,51.3,3,0,否,B,agent,0.9,0.56,0.78,0.46,0.44,0.72,0.63,0.73,0.58,自住-改善,两室一厅,94,4207,市第二中学地理教师,成熟期核心家庭,青岛中环品质两居，车位及空间极其拥挤,老小区隔音差，邻里滋扰严重，且车位严重匮乏，每晚加班回来抢车位像打仗。,要求有超大面宽南向双阳台（观景家政分离），主卧大飘窗能270度直面自然景观。,在市中心核心写字楼工作，首选半小时核心通勤圈内。,倡导轻户外，周末常带家人自驾野营或山系徒步，注重生活情调与手作咖啡。,名下持有一套旧两居，置换回款 65% + 个人理财储蓄补充 + 公积金商业贷,重性价比，不盲信大牌，但要求物业管理有序、绿化修剪及时、人防技防规范。,本地常住人口，四季生活规律，度假频次为常规年假出行。
青_2008_00083,青岛,2008,山东省内异地,53,女,1.5,15.2,0.45,25.4,2,1,否,C,network,0.51,0.59,1,0.58,0.47,0.64,0,0.17,0.61,自住-改善,两室两厅,98,2179,区财政局科员,三口之家(学龄段),与父母同住，三代人拥挤在旧区小户型老房中,小区无地下车库且人车不分流，小孩在楼下玩耍或者推婴儿车极为不安全。,要求有超大面宽南向双阳台（观景家政分离），主卧大飘窗能270度直面自然景观。,在市中心核心写字楼工作，首选半小时核心通勤圈内。,爱猫狗，喜欢烹饪和插花，主打经济舒适的生活小确幸。,名下持有一套旧两居，置换回款 65% + 个人理财储蓄补充 + 公积金商业贷,重性价比，不盲信大牌，但要求物业管理有序、绿化修剪及时、人防技防规范。,本地常住人口，四季生活规律，度假频次为常规年假出行。
青_2008_00084,青岛,2008,本地改善,50,女,2.3,16.0,0.4,30.1,3,0,否,B,agent,0.78,0.42,0.78,0.39,0.43,0.86,0.69,0.64,0.65,自住-改善,两室一厅,96,2323,市第二中学地理教师,成熟期核心家庭,青岛中环品质两居，车位及空间极其拥挤,老小区隔音差，邻里滋扰严重，且车位严重匮乏，每晚加班回来抢车位像打仗。,要求有超大面宽南向双阳台（观景家政分离），主卧大飘窗能270度直面自然景观。,在市中心核心写字楼工作，首选半小时核心通勤圈内。,倡导轻户外，周末常带家人自驾野营或山系徒步，注重生活情调与手作咖啡。,名下持有一套旧两居，置换回款 65% + 个人理财储蓄补充 + 公积金商业贷,重性价比，不盲信大牌，但要求物业管理有序、绿化修剪及时、人防技防规范。,本地常住人口，四季生活规律，度假频次为常规年假出行。
青_2008_00085,青岛,2008,本地改善,47,男,1.2,8.8,0.4,16.6,4,1,否,B,agent,0.57,0.57,0.8,0.46,0.5,0.81,0.56,0.73,0.55,自住-改善,两室两厅,78,1189,市第二中学地理教师,三口之家(学龄段),青岛中环品质两居，车位及空间极其拥挤,小区无地下车库且人车不分流，小孩在楼下玩耍或者推婴儿车极为不安全。,要求有超大面宽南向双阳台（观景家政分离），主卧大飘窗能270度直面自然景观。,在市中心核心写字楼工作，首选半小时核心通勤圈内。,倡导轻户外，周末常带家人自驾野营或山系徒步，注重生活情调与手作咖啡。,名下持有一套旧两居，置换回款 65% + 个人理财储蓄补充 + 公积金商业贷,重性价比，不盲信大牌，但要求物业管理有序、绿化修剪及时、人防技防规范。,本地常住人口，四季生活规律，度假频次为常规年假出行。
青_2008_00086,青岛,2008,山东省内异地,58,女,3.2,32.2,0.45,53.6,2,1,否,C,network,0.54,0.6,0.83,0.52,0.49,0.63,0.01,0.37,0.52,自住-改善,两室一厅,96,4693,邮政局局长秘书,三口之家(学龄段),与父母同住，三代人拥挤在旧区小户型老房中,小区无地下车库且人车不分流，小孩在楼下玩耍或者推婴儿车极为不安全。,要求有超大面宽南向双阳台（观景家政分离），主卧大飘窗能270度直面自然景观。,在市中心核心写字楼工作，首选半小时核心通勤圈内。,爱猫狗，喜欢烹饪和插花，主打经济舒适的生活小确幸。,名下持有一套旧两居，置换回款 65% + 个人理财储蓄补充 + 公积金商业贷,重性价比，不盲信大牌，但要求物业管理有序、绿化修剪及时、人防技防规范。,本地常住人口，四季生活规律，度假频次为常规年假出行。
青_2008_00087,青岛,2008,山东省内异地,60,男,1.3,10.1,0.45,16.8,4,1,否,C,network,0.57,0.62,0.95,0.58,0.55,0.72,0,0.3,0.64,自住-首套,两室一厅,70,2069,国企车间技术主任,三口之家(学龄段),与父母同住，三代人拥挤在旧区小户型老房中,小区无地下车库且人车不分流，小孩在楼下玩耍或者推婴儿车极为不安全。,要求有超大面宽南向双阳台（观景家政分离），主卧大飘窗能270度直面自然景观。,在市中心核心写字楼工作，首选半小时核心通勤圈内。,爱猫狗，喜欢烹饪和插花，主打经济舒适的生活小确幸。,夫妻双方积蓄 + 双方父母出资赞助首付 + 公积金商业组合贷款,重性价比，不盲信大牌，但要求物业管理有序、绿化修剪及时、人防技防规范。,本地常住人口，四季生活规律，度假频次为常规年假出行。
青_2008_00088,青岛,2008,本地改善,55,男,3.0,29.4,0.4,55.1,4,1,否,B,agent,0.96,0.7,0.84,0.47,0.49,0.84,0.51,0.74,0.45,自住-改善,两室一厅,84,5778,市第二中学地理教师,三口之家(学龄段),青岛中环品质两居，车位及空间极其拥挤,小区无地下车库且人车不分流，小孩在楼下玩耍或者推婴儿车极为不安全。,要求有超大面宽南向双阳台（观景家政分离），主卧大飘窗能270度直面自然景观。,在市中心核心写字楼工作，首选半小时核心通勤圈内。,倡导轻户外，周末常带家人自驾野营或山系徒步，注重生活情调与手作咖啡。,名下持有一套旧两居，置换回款 65% + 个人理财储蓄补充 + 公积金商业贷,重性价比，不盲信大牌，但要求物业管理有序、绿化修剪及时、人防技防规范。,本地常住人口，四季生活规律，度假频次为常规年假出行。
青_2008_00089,青岛,2008,本地改善,48,男,3.5,19.9,0.4,37.4,4,1,否,B,agent,0.49,0.53,0.76,0.51,0.45,0.72,0.54,0.85,0.62,自住-改善,两室两厅,75,3529,国企车间技术主任,三口之家(学龄段),青岛中环品质两居，车位及空间极其拥挤,小区无地下车库且人车不分流，小孩在楼下玩耍或者推婴儿车极为不安全。,要求有超大面宽南向双阳台（观景家政分离），主卧大飘窗能270度直面自然景观。,在市中心核心写字楼工作，首选半小时核心通勤圈内。,倡导轻户外，周末常带家人自驾野营或山系徒步，注重生活情调与手作咖啡。,名下持有一套旧两居，置换回款 65% + 个人理财储蓄补充 + 公积金商业贷,重性价比，不盲信大牌，但要求物业管理有序、绿化修剪及时、人防技防规范。,本地常住人口，四季生活规律，度假频次为常规年假出行。
青_2008_00090,青岛,2008,本地改善,37,女,2.9,26.0,0.4,48.7,4,1,否,B,agent,0.76,0.44,0.72,0.47,0.45,0.7,0.67,0.63,0.56,自住-改善,两室两厅,54,4767,区财政局科员,三口之家(幼龄段),青岛中环品质两居，车位及空间极其拥挤,小区无地下车库且人车不分流，小孩在楼下玩耍或者推婴儿车极为不安全。,要求有超大面宽南向双阳台（观景家政分离），主卧大飘窗能270度直面自然景观。,在市中心核心写字楼工作，首选半小时核心通勤圈内。,倡导轻户外，周末常带家人自驾野营或山系徒步，注重生活情调与手作咖啡。,名下持有一套旧两居，置换回款 65% + 个人理财储蓄补充 + 公积金商业贷,重性价比，不盲信大牌，但要求物业管理有序、绿化修剪及时、人防技防规范。,本地常住人口，四季生活规律，度假频次为常规年假出行。
青_2008_00091,青岛,2008,本地改善,36,男,3.4,33.9,0.4,63.5,3,1,否,B,agent,0.73,0.54,0.67,0.55,0.6,0.8,0.63,0.85,0.49,自住-改善,两室两厅,100,4413,邮政局局长秘书,三口之家(幼龄段),青岛中环品质两居，车位及空间极其拥挤,小区无地下车库且人车不分流，小孩在楼下玩耍或者推婴儿车极为不安全。,讲究超高得房率（超85%），主卧套房必须配备独立步入式衣帽间与干湿分离双卫。,在市中心核心写字楼工作，首选半小时核心通勤圈内。,倡导轻户外，周末常带家人自驾野营或山系徒步，注重生活情调与手作咖啡。,名下持有一套旧两居，置换回款 65% + 个人理财储蓄补充 + 公积金商业贷,重性价比，不盲信大牌，但要求物业管理有序、绿化修剪及时、人防技防规范。,本地常住人口，四季生活规律，度假频次为常规年假出行。
青_2008_00092,青岛,2008,学区刚需,33,女,2.9,13.7,0.3,34.3,2,1,否,C,agent,0.96,0.67,0.28,0.25,0.46,0.72,0.44,0.77,0.44,学区房,一室一厅,85,3411,国企车间技术主任,三口之家(幼龄段),与父母同住，三代人拥挤在旧区小户型老房中,小区无地下车库且人车不分流，小孩在楼下玩耍或者推婴儿车极为不安全。,讲究超高得房率（超85%），主卧套房必须配备独立步入式衣帽间与干湿分离双卫。,在市中心核心写字楼工作，首选半小时核心通勤圈内。,爱猫狗，喜欢烹饪和插花，主打经济舒适的生活小确幸。,名下持有一套旧两居，置换回款 65% + 个人理财储蓄补充 + 公积金商业贷,重性价比，不盲信大牌，但要求物业管理有序、绿化修剪及时、人防技防规范。,本地常住人口，四季生活规律，度假频次为常规年假出行。
青_2008_00093,青岛,2008,学区刚需,44,女,1.7,9.3,0.3,23.2,2,1,否,C,agent,1,0.56,0.4,0.18,0.5,0.71,0.61,0.92,0.47,学区房,两室一厅,91,1890,市第二中学地理教师,三口之家(学龄段),与父母同住，三代人拥挤在旧区小户型老房中,小区无地下车库且人车不分流，小孩在楼下玩耍或者推婴儿车极为不安全。,讲究超高得房率（超85%），主卧套房必须配备独立步入式衣帽间与干湿分离双卫。,在市中心核心写字楼工作，首选半小时核心通勤圈内。,爱猫狗，喜欢烹饪和插花，主打经济舒适的生活小确幸。,名下持有一套旧两居，置换回款 65% + 个人理财储蓄补充 + 公积金商业贷,重性价比，不盲信大牌，但要求物业管理有序、绿化修剪及时、人防技防规范。,本地常住人口，四季生活规律，度假频次为常规年假出行。
青_2008_00094,青岛,2008,本地改善,42,男,2.9,19.1,0.4,35.8,4,1,否,B,agent,0.66,0.58,0.85,0.41,0.54,0.92,0.68,0.82,0.51,自住-改善,一室一厅,55,3719,邮政局局长秘书,三口之家(学龄段),青岛中环品质两居，车位及空间极其拥挤,小区无地下车库且人车不分流，小孩在楼下玩耍或者推婴儿车极为不安全。,要求有超大面宽南向双阳台（观景家政分离），主卧大飘窗能270度直面自然景观。,在市中心核心写字楼工作，首选半小时核心通勤圈内。,倡导轻户外，周末常带家人自驾野营或山系徒步，注重生活情调与手作咖啡。,名下持有一套旧两居，置换回款 65% + 个人理财储蓄补充 + 公积金商业贷,重性价比，不盲信大牌，但要求物业管理有序、绿化修剪及时、人防技防规范。,本地常住人口，四季生活规律，度假频次为常规年假出行。
青_2008_00095,青岛,2008,本地改善,48,女,1.6,11.2,0.4,21.0,4,1,是,B,agent,0.88,0.57,0.77,0.57,0.43,0.84,0.49,0.79,0.62,自住-改善,两室两厅,93,1670,市第二中学地理教师,三口之家(学龄段),青岛中环品质两居，车位及空间极其拥挤,小区无地下车库且人车不分流，小孩在楼下玩耍或者推婴儿车极为不安全。,要求有超大面宽南向双阳台（观景家政分离），主卧大飘窗能270度直面自然景观。,在市中心核心写字楼工作，首选半小时核心通勤圈内。,倡导轻户外，周末常带家人自驾野营或山系徒步，注重生活情调与手作咖啡。,名下持有一套旧两居，置换回款 65% + 个人理财储蓄补充 + 公积金商业贷,重性价比，不盲信大牌，但要求物业管理有序、绿化修剪及时、人防技防规范。,本地常住人口，四季生活规律，度假频次为常规年假出行。
青_2008_00096,青岛,2008,北方度假投资,63,男,3.9,29.6,0.5,44.3,3,0,否,B,research,0.67,0.38,0.96,0.65,0.45,0.47,0.01,0,0.61,投资-长持,两室一厅,61,5368,高端海景资产收藏家,高知退休康养,青岛中环品质两居，车位及空间极其拥挤,老小区隔音差，邻里滋扰严重，且车位严重匮乏，每晚加班回来抢车位像打仗。,要求有超大面宽南向双阳台（观景家政分离），主卧大飘窗能270度直面自然景观。,在市中心核心写字楼工作，首选半小时核心通勤圈内。,倡导轻户外，周末常带家人自驾野营或山系徒步，注重生活情调与手作咖啡。,名下持有一套旧两居，置换回款 65% + 个人理财储蓄补充 + 公积金商业贷,重性价比，不盲信大牌，但要求物业管理有序、绿化修剪及时、人防技防规范。,每年11月至次年3月到此度过漫长冬季，极其依赖周边的康养及适老化服务。
青_2008_00097,青岛,2008,本地改善,39,男,2.8,26.9,0.4,50.5,4,0,是,B,agent,0.68,0.35,0.79,0.57,0.46,0.97,0.57,0.7,0.43,自住-改善,两室一厅,75,4312,市第二中学地理教师,成熟期核心家庭,青岛中环品质两居，车位及空间极其拥挤,当前房屋属于旧多层无电梯房，父母年纪渐高每天爬楼梯极为吃力。,要求有超大面宽南向双阳台（观景家政分离），主卧大飘窗能270度直面自然景观。,在市中心核心写字楼工作，首选半小时核心通勤圈内。,倡导轻户外，周末常带家人自驾野营或山系徒步，注重生活情调与手作咖啡。,名下持有一套旧两居，置换回款 65% + 个人理财储蓄补充 + 公积金商业贷,重性价比，不盲信大牌，但要求物业管理有序、绿化修剪及时、人防技防规范。,本地常住人口，四季生活规律，度假频次为常规年假出行。
青_2008_00098,青岛,2008,本地改善,55,女,2.6,17.2,0.4,32.3,4,1,是,B,agent,0.92,0.49,0.68,0.51,0.28,0.99,0.68,0.63,0.53,自住-改善,两室一厅,85,2155,区财政局科员,三口之家(学龄段),青岛中环品质两居，车位及空间极其拥挤,小区无地下车库且人车不分流，小孩在楼下玩耍或者推婴儿车极为不安全。,讲究超高得房率（超85%），主卧套房必须配备独立步入式衣帽间与干湿分离双卫。,在市中心核心写字楼工作，首选半小时核心通勤圈内。,倡导轻户外，周末常带家人自驾野营或山系徒步，注重生活情调与手作咖啡。,名下持有一套旧两居，置换回款 65% + 个人理财储蓄补充 + 公积金商业贷,重性价比，不盲信大牌，但要求物业管理有序、绿化修剪及时、人防技防规范。,本地常住人口，四季生活规律，度假频次为常规年假出行。
青_2008_00099,青岛,2008,山东省内异地,42,女,2.2,15.9,0.45,26.5,3,1,否,C,network,0.71,0.59,0.92,0.68,0.43,0.66,0.11,0.46,0.56,自住-首套,两室两厅,78,2510,邮政局局长秘书,三口之家(学龄段),与父母同住，三代人拥挤在旧区小户型老房中,小区无地下车库且人车不分流，小孩在楼下玩耍或者推婴儿车极为不安全。,要求有超大面宽南向双阳台（观景家政分离），主卧大飘窗能270度直面自然景观。,在市中心核心写字楼工作，首选半小时核心通勤圈内。,爱猫狗，喜欢烹饪和插花，主打经济舒适的生活小确幸。,夫妻双方积蓄 + 双方父母出资赞助首付 + 公积金商业组合贷款,重性价比，不盲信大牌，但要求物业管理有序、绿化修剪及时、人防技防规范。,本地常住人口，四季生活规律，度假频次为常规年假出行。
青_2008_00100,青岛,2008,本地改善,36,女,0.9,8.0,0.4,15.0,4,1,否,B,agent,0.87,0.36,0.71,0.6,0.45,0.88,0.61,0.8,0.73,自住-改善,一室一厅,76,1014,邮政局局长秘书,三口之家(幼龄段),青岛中环品质两居，车位及空间极其拥挤,小区无地下车库且人车不分流，小孩在楼下玩耍或者推婴儿车极为不安全。,要求有超大面宽南向双阳台（观景家政分离），主卧大飘窗能270度直面自然景观。,在市中心核心写字楼工作，首选半小时核心通勤圈内。,倡导轻户外，周末常带家人自驾野营或山系徒步，注重生活情调与手作咖啡。,名下持有一套旧两居，置换回款 65% + 个人理财储蓄补充 + 公积金商业贷,非仁恒、绿城、万科等金牌开发商不买，极度看重高端精装质量与顶级物业的增值口碑。,本地常住人口，四季生活规律，度假频次为常规年假出行。
青_2008_00101,青岛,2008,山东省内异地,47,女,2.8,24.6,0.45,40.9,4,2,否,C,network,0.85,0.53,0.77,0.6,0.44,0.68,0,0.31,0.62,自住-改善,两室两厅,78,3993,市第二中学地理教师,二胎黄金期中大户型,与父母同住，三代人拥挤在旧区小户型老房中,小区无地下车库且人车不分流，小孩在楼下玩耍或者推婴儿车极为不安全。,要求有超大面宽南向双阳台（观景家政分离），主卧大飘窗能270度直面自然景观。,在市中心核心写字楼工作，首选半小时核心通勤圈内。,爱猫狗，喜欢烹饪和插花，主打经济舒适的生活小确幸。,名下持有一套旧两居，置换回款 65% + 个人理财储蓄补充 + 公积金商业贷,重性价比，不盲信大牌，但要求物业管理有序、绿化修剪及时、人防技防规范。,本地常住人口，四季生活规律，度假频次为常规年假出行。
青_2008_00102,青岛,2008,本地改善,48,男,2.9,22.5,0.4,42.3,4,1,是,B,agent,0.69,0.58,0.8,0.61,0.49,0.79,0.62,0.72,0.51,自住-改善,两室一厅,74,3654,市第二中学地理教师,三口之家(学龄段),青岛中环品质两居，车位及空间极其拥挤,小区无地下车库且人车不分流，小孩在楼下玩耍或者推婴儿车极为不安全。,要求有超大面宽南向双阳台（观景家政分离），主卧大飘窗能270度直面自然景观。,在市中心核心写字楼工作，首选半小时核心通勤圈内。,倡导轻户外，周末常带家人自驾野营或山系徒步，注重生活情调与手作咖啡。,名下持有一套旧两居，置换回款 65% + 个人理财储蓄补充 + 公积金商业贷,重性价比，不盲信大牌，但要求物业管理有序、绿化修剪及时、人防技防规范。,本地常住人口，四季生活规律，度假频次为常规年假出行。
青_2008_00103,青岛,2008,本地改善,49,男,1.4,8.5,0.4,15.9,5,1,否,B,agent,0.57,0.41,0.82,0.45,0.54,0.69,0.6,0.75,0.6,自住-改善,一室一厅,75,1150,国企车间技术主任,三口之家(学龄段),青岛中环品质两居，车位及空间极其拥挤,小区无地下车库且人车不分流，小孩在楼下玩耍或者推婴儿车极为不安全。,要求有超大面宽南向双阳台（观景家政分离），主卧大飘窗能270度直面自然景观。,在市中心核心写字楼工作，首选半小时核心通勤圈内。,倡导轻户外，周末常带家人自驾野营或山系徒步，注重生活情调与手作咖啡。,名下持有一套旧两居，置换回款 65% + 个人理财储蓄补充 + 公积金商业贷,重性价比，不盲信大牌，但要求物业管理有序、绿化修剪及时、人防技防规范。,本地常住人口，四季生活规律，度假频次为常规年假出行。
青_2008_00104,青岛,2008,北方度假投资,57,女,4.4,43.3,0.5,64.9,1,0,否,B,research,0.93,0.48,0.87,0.55,0.42,0.52,0,0.01,0.67,度假,两室两厅,54,9765,知名中医药连锁投资人,高知退休康养,青岛中环品质两居，车位及空间极其拥挤,老小区隔音差，邻里滋扰严重，且车位严重匮乏，每晚加班回来抢车位像打仗。,要求有超大面宽南向双阳台（观景家政分离），主卧大飘窗能270度直面自然景观。,在市中心核心写字楼工作，首选半小时核心通勤圈内。,倡导轻户外，周末常带家人自驾野营或山系徒步，注重生活情调与手作咖啡。,名下持有一套旧两居，置换回款 65% + 个人理财储蓄补充 + 公积金商业贷,重性价比，不盲信大牌，但要求物业管理有序、绿化修剪及时、人防技防规范。,每年11月至次年3月到此度过漫长冬季，极其依赖周边的康养及适老化服务。
青_2008_00105,青岛,2008,本地改善,44,男,1.1,9.8,0.4,18.4,3,0,是,B,agent,0.88,0.49,0.87,0.55,0.51,0.85,0.55,0.76,0.55,自住-改善,两室两厅,99,1319,邮政局局长秘书,成熟期核心家庭,青岛中环品质两居，车位及空间极其拥挤,当前房屋属于旧多层无电梯房，父母年纪渐高每天爬楼梯极为吃力。,要求有超大面宽南向双阳台（观景家政分离），主卧大飘窗能270度直面自然景观。,在市中心核心写字楼工作，首选半小时核心通勤圈内。,倡导轻户外，周末常带家人自驾野营或山系徒步，注重生活情调与手作咖啡。,名下持有一套旧两居，置换回款 65% + 个人理财储蓄补充 + 公积金商业贷,重性价比，不盲信大牌，但要求物业管理有序、绿化修剪及时、人防技防规范。,本地常住人口，四季生活规律，度假频次为常规年假出行。
青_2008_00106,青岛,2008,本地改善,45,女,1.4,11.2,0.4,21.0,4,0,否,B,agent,0.81,0.5,0.68,0.37,0.5,0.87,0.58,0.72,0.4,自住-改善,两室一厅,52,2219,邮政局局长秘书,成熟期核心家庭,青岛中环品质两居，车位及空间极其拥挤,老小区隔音差，邻里滋扰严重，且车位严重匮乏，每晚加班回来抢车位像打仗。,讲究超高得房率（超85%），主卧套房必须配备独立步入式衣帽间与干湿分离双卫。,在市中心核心写字楼工作，首选半小时核心通勤圈内。,倡导轻户外，周末常带家人自驾野营或山系徒步，注重生活情调与手作咖啡。,名下持有一套旧两居，置换回款 65% + 个人理财储蓄补充 + 公积金商业贷,重性价比，不盲信大牌，但要求物业管理有序、绿化修剪及时、人防技防规范。,本地常住人口，四季生活规律，度假频次为常规年假出行。
青_2008_00107,青岛,2008,本地改善,48,男,2.7,20.2,0.4,37.8,5,1,是,B,agent,0.99,0.44,0.72,0.34,0.44,0.86,0.67,0.69,0.49,自住-改善,两室一厅,74,3646,邮政局局长秘书,三口之家(学龄段),青岛中环品质两居，车位及空间极其拥挤,小区无地下车库且人车不分流，小孩在楼下玩耍或者推婴儿车极为不安全。,要求有超大面宽南向双阳台（观景家政分离），主卧大飘窗能270度直面自然景观。,在市中心核心写字楼工作，首选半小时核心通勤圈内。,倡导轻户外，周末常带家人自驾野营或山系徒步，注重生活情调与手作咖啡。,名下持有一套旧两居，置换回款 65% + 个人理财储蓄补充 + 公积金商业贷,重性价比，不盲信大牌，但要求物业管理有序、绿化修剪及时、人防技防规范。,本地常住人口，四季生活规律，度假频次为常规年假出行。
青_2008_00108,青岛,2008,本地改善,49,男,1.7,13.0,0.4,24.4,3,1,否,B,agent,0.73,0.55,0.82,0.45,0.45,0.87,0.68,0.78,0.64,自住-改善,两室一厅,83,1987,区财政局科员,三口之家(学龄段),青岛中环品质两居，车位及空间极其拥挤,小区无地下车库且人车不分流，小孩在楼下玩耍或者推婴儿车极为不安全。,要求有超大面宽南向双阳台（观景家政分离），主卧大飘窗能270度直面自然景观。,在市中心核心写字楼工作，首选半小时核心通勤圈内。,倡导轻户外，周末常带家人自驾野营或山系徒步，注重生活情调与手作咖啡。,名下持有一套旧两居，置换回款 65% + 个人理财储蓄补充 + 公积金商业贷,重性价比，不盲信大牌，但要求物业管理有序、绿化修剪及时、人防技防规范。,本地常住人口，四季生活规律，度假频次为常规年假出行。
青_2008_00109,青岛,2008,本地改善,39,男,1.7,11.8,0.4,22.1,4,1,否,B,agent,0.7,0.59,0.77,0.55,0.43,0.79,0.6,0.71,0.5,自住-改善,一室一厅,71,2167,市第二中学地理教师,三口之家(学龄段),青岛中环品质两居，车位及空间极其拥挤,小区无地下车库且人车不分流，小孩在楼下玩耍或者推婴儿车极为不安全。,要求有超大面宽南向双阳台（观景家政分离），主卧大飘窗能270度直面自然景观。,在市中心核心写字楼工作，首选半小时核心通勤圈内。,倡导轻户外，周末常带家人自驾野营或山系徒步，注重生活情调与手作咖啡。,名下持有一套旧两居，置换回款 65% + 个人理财储蓄补充 + 公积金商业贷,重性价比，不盲信大牌，但要求物业管理有序、绿化修剪及时、人防技防规范。,本地常住人口，四季生活规律，度假频次为常规年假出行。
青_2008_00110,青岛,2008,本地改善,40,男,4.1,38.7,0.4,72.5,4,1,是,B,agent,0.57,0.55,0.74,0.38,0.4,0.79,0.68,0.95,0.41,自住-改善,一室一厅,61,8832,区财政局科员,三口之家(学龄段),青岛中环品质两居，车位及空间极其拥挤,小区无地下车库且人车不分流，小孩在楼下玩耍或者推婴儿车极为不安全。,要求有超大面宽南向双阳台（观景家政分离），主卧大飘窗能270度直面自然景观。,在市中心核心写字楼工作，首选半小时核心通勤圈内。,倡导轻户外，周末常带家人自驾野营或山系徒步，注重生活情调与手作咖啡。,名下持有一套旧两居，置换回款 65% + 个人理财储蓄补充 + 公积金商业贷,重性价比，不盲信大牌，但要求物业管理有序、绿化修剪及时、人防技防规范。,本地常住人口，四季生活规律，度假频次为常规年假出行。
青_2008_00111,青岛,2008,本地改善,36,男,1.9,18.7,0.4,35.0,4,1,是,B,agent,0.75,0.4,0.66,0.58,0.49,0.8,0.57,0.61,0.49,自住-改善,两室两厅,51,6137,区财政局科员,三口之家(幼龄段),青岛中环品质两居，车位及空间极其拥挤,小区无地下车库且人车不分流，小孩在楼下玩耍或者推婴儿车极为不安全。,讲究超高得房率（超85%），主卧套房必须配备独立步入式衣帽间与干湿分离双卫。,在市中心核心写字楼工作，首选半小时核心通勤圈内。,倡导轻户外，周末常带家人自驾野营或山系徒步，注重生活情调与手作咖啡。,名下持有一套旧两居，置换回款 65% + 个人理财储蓄补充 + 公积金商业贷,重性价比，不盲信大牌，但要求物业管理有序、绿化修剪及时、人防技防规范。,本地常住人口，四季生活规律，度假频次为常规年假出行。
青_2008_00112,青岛,2008,本地改善,41,女,2.6,18.0,0.4,33.7,4,1,是,B,agent,0.77,0.39,0.73,0.44,0.58,0.84,0.52,0.63,0.56,自住-改善,一室一厅,99,1754,区财政局科员,三口之家(学龄段),青岛中环品质两居，车位及空间极其拥挤,小区无地下车库且人车不分流，小孩在楼下玩耍或者推婴儿车极为不安全。,要求有超大面宽南向双阳台（观景家政分离），主卧大飘窗能270度直面自然景观。,在市中心核心写字楼工作，首选半小时核心通勤圈内。,倡导轻户外，周末常带家人自驾野营或山系徒步，注重生活情调与手作咖啡。,名下持有一套旧两居，置换回款 65% + 个人理财储蓄补充 + 公积金商业贷,重性价比，不盲信大牌，但要求物业管理有序、绿化修剪及时、人防技防规范。,本地常住人口，四季生活规律，度假频次为常规年假出行。
青_2008_00113,青岛,2008,本地改善,47,男,2.7,19.7,0.4,36.9,4,1,否,B,agent,0.56,0.5,0.68,0.44,0.51,0.8,0.52,0.63,0.47,自住-改善,两室一厅,95,3191,区财政局科员,三口之家(学龄段),青岛中环品质两居，车位及空间极其拥挤,小区无地下车库且人车不分流，小孩在楼下玩耍或者推婴儿车极为不安全。,讲究超高得房率（超85%），主卧套房必须配备独立步入式衣帽间与干湿分离双卫。,在市中心核心写字楼工作，首选半小时核心通勤圈内。,倡导轻户外，周末常带家人自驾野营或山系徒步，注重生活情调与手作咖啡。,名下持有一套旧两居，置换回款 65% + 个人理财储蓄补充 + 公积金商业贷,重性价比，不盲信大牌，但要求物业管理有序、绿化修剪及时、人防技防规范。,本地常住人口，四季生活规律，度假频次为常规年假出行。
青_2008_00114,青岛,2008,北方度假投资,47,男,1.2,8.2,0.5,12.3,1,0,否,B,research,0.7,0.4,0.84,0.69,0.71,0.63,0.01,0.07,0.8,投资-短期,一室一厅,59,1121,上市公司退休联合创始人,成熟期核心家庭,青岛中环品质两居，车位及空间极其拥挤,老小区隔音差，邻里滋扰严重，且车位严重匮乏，每晚加班回来抢车位像打仗。,要求有超大面宽南向双阳台（观景家政分离），主卧大飘窗能270度直面自然景观。,在市中心核心写字楼工作，首选半小时核心通勤圈内。,倡导轻户外，周末常带家人自驾野营或山系徒步，注重生活情调与手作咖啡。,名下持有一套旧两居，置换回款 65% + 个人理财储蓄补充 + 公积金商业贷,非仁恒、绿城、万科等金牌开发商不买，极度看重高端精装质量与顶级物业的增值口碑。,每年11月至次年3月到此度过漫长冬季，极其依赖周边的康养及适老化服务。
青_2008_00115,青岛,2008,本地改善,38,女,2.1,15.6,0.4,29.2,3,0,否,B,agent,0.79,0.58,0.65,0.56,0.37,0.88,0.61,0.66,0.5,自住-改善,一室一厅,88,2972,邮政局局长秘书,成熟期核心家庭,青岛中环品质两居，车位及空间极其拥挤,老小区隔音差，邻里滋扰严重，且车位严重匮乏，每晚加班回来抢车位像打仗。,讲究超高得房率（超85%），主卧套房必须配备独立步入式衣帽间与干湿分离双卫。,在市中心核心写字楼工作，首选半小时核心通勤圈内。,倡导轻户外，周末常带家人自驾野营或山系徒步，注重生活情调与手作咖啡。,名下持有一套旧两居，置换回款 65% + 个人理财储蓄补充 + 公积金商业贷,重性价比，不盲信大牌，但要求物业管理有序、绿化修剪及时、人防技防规范。,本地常住人口，四季生活规律，度假频次为常规年假出行。
青_2008_00116,青岛,2008,山东省内异地,51,女,2.9,21.9,0.45,36.4,3,1,是,C,network,0.25,0.44,0.82,0.48,0.5,0.69,0,0.45,0.62,自住-首套,两室两厅,62,3638,市第二中学地理教师,三口之家(学龄段),与父母同住，三代人拥挤在旧区小户型老房中,小区无地下车库且人车不分流，小孩在楼下玩耍或者推婴儿车极为不安全。,要求有超大面宽南向双阳台（观景家政分离），主卧大飘窗能270度直面自然景观。,在市中心核心写字楼工作，首选半小时核心通勤圈内。,爱猫狗，喜欢烹饪和插花，主打经济舒适的生活小确幸。,夫妻双方积蓄 + 双方父母出资赞助首付 + 公积金商业组合贷款,重性价比，不盲信大牌，但要求物业管理有序、绿化修剪及时、人防技防规范。,本地常住人口，四季生活规律，度假频次为常规年假出行。
青_2008_00117,青岛,2008,本地改善,40,女,3.0,27.9,0.4,52.4,5,0,否,B,agent,0.45,0.44,0.86,0.6,0.49,0.8,0.63,0.66,0.59,自住-改善,一室一厅,68,4924,邮政局局长秘书,成熟期核心家庭,青岛中环品质两居，车位及空间极其拥挤,老小区隔音差，邻里滋扰严重，且车位严重匮乏，每晚加班回来抢车位像打仗。,要求有超大面宽南向双阳台（观景家政分离），主卧大飘窗能270度直面自然景观。,在市中心核心写字楼工作，首选半小时核心通勤圈内。,倡导轻户外，周末常带家人自驾野营或山系徒步，注重生活情调与手作咖啡。,名下持有一套旧两居，置换回款 65% + 个人理财储蓄补充 + 公积金商业贷,重性价比，不盲信大牌，但要求物业管理有序、绿化修剪及时、人防技防规范。,本地常住人口，四季生活规律，度假频次为常规年假出行。
青_2008_00118,青岛,2008,本地改善,41,男,1.6,10.5,0.4,19.6,4,1,是,B,agent,0.69,0.61,0.72,0.51,0.48,0.73,0.54,0.77,0.64,自住-改善,一室一厅,92,1420,国企车间技术主任,三口之家(学龄段),青岛中环品质两居，车位及空间极其拥挤,小区无地下车库且人车不分流，小孩在楼下玩耍或者推婴儿车极为不安全。,要求有超大面宽南向双阳台（观景家政分离），主卧大飘窗能270度直面自然景观。,在市中心核心写字楼工作，首选半小时核心通勤圈内。,倡导轻户外，周末常带家人自驾野营或山系徒步，注重生活情调与手作咖啡。,名下持有一套旧两居，置换回款 65% + 个人理财储蓄补充 + 公积金商业贷,重性价比，不盲信大牌，但要求物业管理有序、绿化修剪及时、人防技防规范。,本地常住人口，四季生活规律，度假频次为常规年假出行。
青_2008_00119,青岛,2008,本地改善,44,女,2.1,15.9,0.4,29.7,4,1,否,B,agent,0.58,0.38,0.74,0.56,0.54,0.83,0.57,0.72,0.48,自住-改善,两室一厅,81,3028,国企车间技术主任,三口之家(学龄段),青岛中环品质两居，车位及空间极其拥挤,小区无地下车库且人车不分流，小孩在楼下玩耍或者推婴儿车极为不安全。,要求有超大面宽南向双阳台（观景家政分离），主卧大飘窗能270度直面自然景观。,在市中心核心写字楼工作，首选半小时核心通勤圈内。,倡导轻户外，周末常带家人自驾野营或山系徒步，注重生活情调与手作咖啡。,名下持有一套旧两居，置换回款 65% + 个人理财储蓄补充 + 公积金商业贷,重性价比，不盲信大牌，但要求物业管理有序、绿化修剪及时、人防技防规范。,本地常住人口，四季生活规律，度假频次为常规年假出行。
青_2008_00120,青岛,2008,本地改善,41,女,3.1,32.0,0.4,60.0,4,1,否,B,agent,0.47,0.46,0.81,0.45,0.49,0.94,0.69,0.76,0.49,自住-改善,两室两厅,91,4094,市第二中学地理教师,三口之家(学龄段),青岛中环品质两居，车位及空间极其拥挤,小区无地下车库且人车不分流，小孩在楼下玩耍或者推婴儿车极为不安全。,要求有超大面宽南向双阳台（观景家政分离），主卧大飘窗能270度直面自然景观。,在市中心核心写字楼工作，首选半小时核心通勤圈内。,倡导轻户外，周末常带家人自驾野营或山系徒步，注重生活情调与手作咖啡。,名下持有一套旧两居，置换回款 65% + 个人理财储蓄补充 + 公积金商业贷,重性价比，不盲信大牌，但要求物业管理有序、绿化修剪及时、人防技防规范。,本地常住人口，四季生活规律，度假频次为常规年假出行。
青_2008_00121,青岛,2008,本地改善,36,男,3.3,30.4,0.4,57.0,5,1,是,B,agent,0.85,0.48,0.7,0.59,0.52,0.83,0.58,0.68,0.69,自住-改善,两室两厅,66,6284,市第二中学地理教师,三口之家(幼龄段),青岛中环品质两居，车位及空间极其拥挤,小区无地下车库且人车不分流，小孩在楼下玩耍或者推婴儿车极为不安全。,要求有超大面宽南向双阳台（观景家政分离），主卧大飘窗能270度直面自然景观。,在市中心核心写字楼工作，首选半小时核心通勤圈内。,倡导轻户外，周末常带家人自驾野营或山系徒步，注重生活情调与手作咖啡。,名下持有一套旧两居，置换回款 65% + 个人理财储蓄补充 + 公积金商业贷,重性价比，不盲信大牌，但要求物业管理有序、绿化修剪及时、人防技防规范。,本地常住人口，四季生活规律，度假频次为常规年假出行。
青_2008_00122,青岛,2008,本地改善,52,男,1.5,12.7,0.4,23.7,5,0,否,B,agent,0.91,0.53,0.66,0.5,0.51,0.96,0.56,0.81,0.51,自住-改善,一室一厅,64,2135,国企车间技术主任,成熟期核心家庭,青岛中环品质两居，车位及空间极其拥挤,老小区隔音差，邻里滋扰严重，且车位严重匮乏，每晚加班回来抢车位像打仗。,讲究超高得房率（超85%），主卧套房必须配备独立步入式衣帽间与干湿分离双卫。,在市中心核心写字楼工作，首选半小时核心通勤圈内。,倡导轻户外，周末常带家人自驾野营或山系徒步，注重生活情调与手作咖啡。,名下持有一套旧两居，置换回款 65% + 个人理财储蓄补充 + 公积金商业贷,重性价比，不盲信大牌，但要求物业管理有序、绿化修剪及时、人防技防规范。,本地常住人口，四季生活规律，度假频次为常规年假出行。
青_2008_00123,青岛,2008,本地改善,42,男,2.1,19.8,0.4,37.2,4,1,否,B,agent,1,0.61,0.75,0.5,0.48,0.89,0.51,0.62,0.57,自住-改善,两室两厅,68,3824,区财政局科员,三口之家(学龄段),青岛中环品质两居，车位及空间极其拥挤,小区无地下车库且人车不分流，小孩在楼下玩耍或者推婴儿车极为不安全。,要求有超大面宽南向双阳台（观景家政分离），主卧大飘窗能270度直面自然景观。,在市中心核心写字楼工作，首选半小时核心通勤圈内。,倡导轻户外，周末常带家人自驾野营或山系徒步，注重生活情调与手作咖啡。,名下持有一套旧两居，置换回款 65% + 个人理财储蓄补充 + 公积金商业贷,重性价比，不盲信大牌，但要求物业管理有序、绿化修剪及时、人防技防规范。,本地常住人口，四季生活规律，度假频次为常规年假出行。
青_2008_00124,青岛,2008,本地改善,48,女,1.9,14.4,0.4,27.0,3,1,否,B,agent,0.67,0.55,0.78,0.5,0.56,0.73,0.68,0.73,0.56,自住-改善,两室两厅,76,2730,市第二中学地理教师,三口之家(学龄段),青岛中环品质两居，车位及空间极其拥挤,小区无地下车库且人车不分流，小孩在楼下玩耍或者推婴儿车极为不安全。,要求有超大面宽南向双阳台（观景家政分离），主卧大飘窗能270度直面自然景观。,在市中心核心写字楼工作，首选半小时核心通勤圈内。,倡导轻户外，周末常带家人自驾野营或山系徒步，注重生活情调与手作咖啡。,名下持有一套旧两居，置换回款 65% + 个人理财储蓄补充 + 公积金商业贷,重性价比，不盲信大牌，但要求物业管理有序、绿化修剪及时、人防技防规范。,本地常住人口，四季生活规律，度假频次为常规年假出行。
青_2008_00125,青岛,2008,学区刚需,30,男,1.6,9.0,0.3,22.6,4,1,否,C,agent,0.78,0.58,0.39,0.17,0.5,0.78,0.57,0.95,0.46,学区房,两室一厅,97,1423,国企车间技术主任,三口之家(幼龄段),与父母同住，三代人拥挤在旧区小户型老房中,小区无地下车库且人车不分流，小孩在楼下玩耍或者推婴儿车极为不安全。,讲究超高得房率（超85%），主卧套房必须配备独立步入式衣帽间与干湿分离双卫。,在市中心核心写字楼工作，首选半小时核心通勤圈内。,爱猫狗，喜欢烹饪和插花，主打经济舒适的生活小确幸。,名下持有一套旧两居，置换回款 65% + 个人理财储蓄补充 + 公积金商业贷,重性价比，不盲信大牌，但要求物业管理有序、绿化修剪及时、人防技防规范。,本地常住人口，四季生活规律，度假频次为常规年假出行。
青_2008_00126,青岛,2008,本地改善,51,女,1.1,6.5,0.4,12.3,5,1,否,B,agent,0.82,0.38,0.78,0.51,0.55,0.82,0.62,0.62,0.63,自住-改善,一室一厅,53,1440,区财政局科员,三口之家(学龄段),青岛中环品质两居，车位及空间极其拥挤,小区无地下车库且人车不分流，小孩在楼下玩耍或者推婴儿车极为不安全。,要求有超大面宽南向双阳台（观景家政分离），主卧大飘窗能270度直面自然景观。,在市中心核心写字楼工作，首选半小时核心通勤圈内。,倡导轻户外，周末常带家人自驾野营或山系徒步，注重生活情调与手作咖啡。,名下持有一套旧两居，置换回款 65% + 个人理财储蓄补充 + 公积金商业贷,重性价比，不盲信大牌，但要求物业管理有序、绿化修剪及时、人防技防规范。,本地常住人口，四季生活规律，度假频次为常规年假出行。
青_2008_00127,青岛,2008,学区刚需,38,女,1.5,12.0,0.3,30.0,4,2,是,C,agent,0.87,0.39,0.43,0.2,0.45,0.78,0.51,1,0.44,学区房,一室一厅,75,3410,区财政局科员,二胎黄金期中大户型,与父母同住，三代人拥挤在旧区小户型老房中,小区无地下车库且人车不分流，小孩在楼下玩耍或者推婴儿车极为不安全。,讲究超高得房率（超85%），主卧套房必须配备独立步入式衣帽间与干湿分离双卫。,在市中心核心写字楼工作，首选半小时核心通勤圈内。,爱猫狗，喜欢烹饪和插花，主打经济舒适的生活小确幸。,名下持有一套旧两居，置换回款 65% + 个人理财储蓄补充 + 公积金商业贷,重性价比，不盲信大牌，但要求物业管理有序、绿化修剪及时、人防技防规范。,本地常住人口，四季生活规律，度假频次为常规年假出行。
青_2008_00128,青岛,2008,本地改善,44,女,2.1,14.2,0.4,26.6,5,0,否,B,agent,0.81,0.42,0.91,0.58,0.4,0.82,0.59,0.78,0.49,自住-改善,两室两厅,75,2280,国企车间技术主任,成熟期核心家庭,青岛中环品质两居，车位及空间极其拥挤,老小区隔音差，邻里滋扰严重，且车位严重匮乏，每晚加班回来抢车位像打仗。,要求有超大面宽南向双阳台（观景家政分离），主卧大飘窗能270度直面自然景观。,在市中心核心写字楼工作，首选半小时核心通勤圈内。,倡导轻户外，周末常带家人自驾野营或山系徒步，注重生活情调与手作咖啡。,名下持有一套旧两居，置换回款 65% + 个人理财储蓄补充 + 公积金商业贷,重性价比，不盲信大牌，但要求物业管理有序、绿化修剪及时、人防技防规范。,本地常住人口，四季生活规律，度假频次为常规年假出行。
青_2008_00129,青岛,2008,山东省内异地,40,女,3.7,35.2,0.45,58.6,3,1,否,C,network,0.59,0.59,0.8,0.6,0.44,0.7,0,0.31,0.54,自住-首套,一室一厅,52,7270,市第二中学地理教师,三口之家(学龄段),与父母同住，三代人拥挤在旧区小户型老房中,小区无地下车库且人车不分流，小孩在楼下玩耍或者推婴儿车极为不安全。,要求有超大面宽南向双阳台（观景家政分离），主卧大飘窗能270度直面自然景观。,在市中心核心写字楼工作，首选半小时核心通勤圈内。,爱猫狗，喜欢烹饪和插花，主打经济舒适的生活小确幸。,夫妻双方积蓄 + 双方父母出资赞助首付 + 公积金商业组合贷款,重性价比，不盲信大牌，但要求物业管理有序、绿化修剪及时、人防技防规范。,本地常住人口，四季生活规律，度假频次为常规年假出行。
青_2008_00130,青岛,2008,本地改善,48,女,2.5,25.5,0.4,47.8,4,2,否,B,agent,0.83,0.44,0.7,0.69,0.69,0.85,0.53,0.69,0.66,自住-改善,一室一厅,85,4827,市第二中学地理教师,二胎黄金期中大户型,青岛中环品质两居，车位及空间极其拥挤,小区无地下车库且人车不分流，小孩在楼下玩耍或者推婴儿车极为不安全。,要求有超大面宽南向双阳台（观景家政分离），主卧大飘窗能270度直面自然景观。,在市中心核心写字楼工作，首选半小时核心通勤圈内。,倡导轻户外，周末常带家人自驾野营或山系徒步，注重生活情调与手作咖啡。,名下持有一套旧两居，置换回款 65% + 个人理财储蓄补充 + 公积金商业贷,重性价比，不盲信大牌，但要求物业管理有序、绿化修剪及时、人防技防规范。,本地常住人口，四季生活规律，度假频次为常规年假出行。
青_2008_00131,青岛,2008,学区刚需,40,男,2.0,11.8,0.3,29.5,3,1,否,C,agent,1,0.56,0.28,0.3,0.37,0.87,0.51,0.91,0.38,学区房,两室一厅,84,2848,国企车间技术主任,三口之家(学龄段),与父母同住，三代人拥挤在旧区小户型老房中,小区无地下车库且人车不分流，小孩在楼下玩耍或者推婴儿车极为不安全。,讲究超高得房率（超85%），主卧套房必须配备独立步入式衣帽间与干湿分离双卫。,在市中心核心写字楼工作，首选半小时核心通勤圈内。,爱猫狗，喜欢烹饪和插花，主打经济舒适的生活小确幸。,名下持有一套旧两居，置换回款 65% + 个人理财储蓄补充 + 公积金商业贷,重性价比，不盲信大牌，但要求物业管理有序、绿化修剪及时、人防技防规范。,本地常住人口，四季生活规律，度假频次为常规年假出行。
青_2008_00132,青岛,2008,山东省内异地,51,男,3.4,30.7,0.45,51.2,4,0,是,C,network,0.44,0.52,0.85,0.66,0.4,0.7,0,0.48,0.63,自住-首套,两室一厅,71,4395,市第二中学地理教师,成熟期核心家庭,与父母同住，三代人拥挤在旧区小户型老房中,当前房屋属于旧多层无电梯房，父母年纪渐高每天爬楼梯极为吃力。,要求有超大面宽南向双阳台（观景家政分离），主卧大飘窗能270度直面自然景观。,在市中心核心写字楼工作，首选半小时核心通勤圈内。,爱猫狗，喜欢烹饪和插花，主打经济舒适的生活小确幸。,夫妻双方积蓄 + 双方父母出资赞助首付 + 公积金商业组合贷款,重性价比，不盲信大牌，但要求物业管理有序、绿化修剪及时、人防技防规范。,本地常住人口，四季生活规律，度假频次为常规年假出行。
青_2008_00133,青岛,2008,本地改善,50,男,2.9,19.4,0.4,36.4,5,0,是,B,agent,0.83,0.4,0.75,0.48,0.39,0.94,0.71,0.77,0.5,自住-改善,两室一厅,65,3710,区财政局科员,成熟期核心家庭,青岛中环品质两居，车位及空间极其拥挤,当前房屋属于旧多层无电梯房，父母年纪渐高每天爬楼梯极为吃力。,要求有超大面宽南向双阳台（观景家政分离），主卧大飘窗能270度直面自然景观。,在市中心核心写字楼工作，首选半小时核心通勤圈内。,倡导轻户外，周末常带家人自驾野营或山系徒步，注重生活情调与手作咖啡。,名下持有一套旧两居，置换回款 65% + 个人理财储蓄补充 + 公积金商业贷,重性价比，不盲信大牌，但要求物业管理有序、绿化修剪及时、人防技防规范。,本地常住人口，四季生活规律，度假频次为常规年假出行。
青_2008_00134,青岛,2008,本地改善,42,女,1.4,9.8,0.4,18.3,3,1,否,B,agent,0.99,0.57,0.78,0.54,0.6,0.73,0.7,0.74,0.62,自住-改善,两室一厅,69,1710,区财政局科员,三口之家(学龄段),青岛中环品质两居，车位及空间极其拥挤,小区无地下车库且人车不分流，小孩在楼下玩耍或者推婴儿车极为不安全。,要求有超大面宽南向双阳台（观景家政分离），主卧大飘窗能270度直面自然景观。,在市中心核心写字楼工作，首选半小时核心通勤圈内。,倡导轻户外，周末常带家人自驾野营或山系徒步，注重生活情调与手作咖啡。,名下持有一套旧两居，置换回款 65% + 个人理财储蓄补充 + 公积金商业贷,重性价比，不盲信大牌，但要求物业管理有序、绿化修剪及时、人防技防规范。,本地常住人口，四季生活规律，度假频次为常规年假出行。
青_2008_00135,青岛,2008,本地改善,54,男,2.1,19.7,0.4,37.0,4,1,否,B,agent,0.75,0.58,0.78,0.59,0.54,0.87,0.6,0.71,0.36,自住-改善,一室一厅,57,3685,邮政局局长秘书,三口之家(学龄段),青岛中环品质两居，车位及空间极其拥挤,小区无地下车库且人车不分流，小孩在楼下玩耍或者推婴儿车极为不安全。,要求有超大面宽南向双阳台（观景家政分离），主卧大飘窗能270度直面自然景观。,在市中心核心写字楼工作，首选半小时核心通勤圈内。,倡导轻户外，周末常带家人自驾野营或山系徒步，注重生活情调与手作咖啡。,名下持有一套旧两居，置换回款 65% + 个人理财储蓄补充 + 公积金商业贷,重性价比，不盲信大牌，但要求物业管理有序、绿化修剪及时、人防技防规范。,本地常住人口，四季生活规律，度假频次为常规年假出行。
青_2008_00136,青岛,2008,本地改善,38,男,2.2,19.3,0.4,36.2,3,1,否,B,agent,0.82,0.59,0.8,0.52,0.46,0.81,0.7,0.72,0.5,自住-改善,一室一厅,55,5177,市第二中学地理教师,三口之家(学龄段),青岛中环品质两居，车位及空间极其拥挤,小区无地下车库且人车不分流，小孩在楼下玩耍或者推婴儿车极为不安全。,要求有超大面宽南向双阳台（观景家政分离），主卧大飘窗能270度直面自然景观。,在市中心核心写字楼工作，首选半小时核心通勤圈内。,倡导轻户外，周末常带家人自驾野营或山系徒步，注重生活情调与手作咖啡。,名下持有一套旧两居，置换回款 65% + 个人理财储蓄补充 + 公积金商业贷,重性价比，不盲信大牌，但要求物业管理有序、绿化修剪及时、人防技防规范。,本地常住人口，四季生活规律，度假频次为常规年假出行。
青_2008_00137,青岛,2008,学区刚需,45,女,1.7,10.7,0.3,26.9,3,1,是,C,agent,0.89,0.51,0.57,0.23,0.34,0.64,0.57,1,0.5,学区房,一室一厅,52,3622,国企车间技术主任,三口之家(学龄段),与父母同住，三代人拥挤在旧区小户型老房中,小区无地下车库且人车不分流，小孩在楼下玩耍或者推婴儿车极为不安全。,核心要求地块属于第一梯队名校学区，且周边500米内解决幼小衔接教育配套。,在市中心核心写字楼工作，首选半小时核心通勤圈内。,爱猫狗，喜欢烹饪和插花，主打经济舒适的生活小确幸。,名下持有一套旧两居，置换回款 65% + 个人理财储蓄补充 + 公积金商业贷,重性价比，不盲信大牌，但要求物业管理有序、绿化修剪及时、人防技防规范。,本地常住人口，四季生活规律，度假频次为常规年假出行。
青_2008_00138,青岛,2008,山东省内异地,40,女,1.3,12.5,0.45,20.9,3,1,是,C,network,0.63,0.64,0.84,0.65,0.59,0.65,0.08,0.38,0.57,自住-改善,一室一厅,59,3131,区财政局科员,三口之家(学龄段),与父母同住，三代人拥挤在旧区小户型老房中,小区无地下车库且人车不分流，小孩在楼下玩耍或者推婴儿车极为不安全。,要求有超大面宽南向双阳台（观景家政分离），主卧大飘窗能270度直面自然景观。,在市中心核心写字楼工作，首选半小时核心通勤圈内。,爱猫狗，喜欢烹饪和插花，主打经济舒适的生活小确幸。,名下持有一套旧两居，置换回款 65% + 个人理财储蓄补充 + 公积金商业贷,重性价比，不盲信大牌，但要求物业管理有序、绿化修剪及时、人防技防规范。,本地常住人口，四季生活规律，度假频次为常规年假出行。
青_2008_00139,青岛,2008,本地改善,38,女,0.9,8.3,0.4,15.6,5,1,否,B,agent,0.74,0.52,0.77,0.4,0.42,0.84,0.59,0.76,0.53,自住-改善,两室一厅,71,1268,国企车间技术主任,三口之家(学龄段),青岛中环品质两居，车位及空间极其拥挤,小区无地下车库且人车不分流，小孩在楼下玩耍或者推婴儿车极为不安全。,要求有超大面宽南向双阳台（观景家政分离），主卧大飘窗能270度直面自然景观。,在市中心核心写字楼工作，首选半小时核心通勤圈内。,倡导轻户外，周末常带家人自驾野营或山系徒步，注重生活情调与手作咖啡。,名下持有一套旧两居，置换回款 65% + 个人理财储蓄补充 + 公积金商业贷,重性价比，不盲信大牌，但要求物业管理有序、绿化修剪及时、人防技防规范。,本地常住人口，四季生活规律，度假频次为常规年假出行。
青_2008_00140,青岛,2008,学区刚需,42,女,1.5,6.6,0.3,16.5,3,1,否,C,agent,0.95,0.67,0.46,0.37,0.55,0.74,0.67,0.86,0.39,学区房,两室两厅,57,2527,区财政局科员,三口之家(学龄段),与父母同住，三代人拥挤在旧区小户型老房中,小区无地下车库且人车不分流，小孩在楼下玩耍或者推婴儿车极为不安全。,讲究超高得房率（超85%），主卧套房必须配备独立步入式衣帽间与干湿分离双卫。,在市中心核心写字楼工作，首选半小时核心通勤圈内。,爱猫狗，喜欢烹饪和插花，主打经济舒适的生活小确幸。,名下持有一套旧两居，置换回款 65% + 个人理财储蓄补充 + 公积金商业贷,重性价比，不盲信大牌，但要求物业管理有序、绿化修剪及时、人防技防规范。,本地常住人口，四季生活规律，度假频次为常规年假出行。
青_2008_00141,青岛,2008,本地改善,50,男,2.1,14.1,0.4,26.5,3,2,是,B,agent,0.56,0.34,0.71,0.48,0.57,0.84,0.6,0.57,0.51,自住-改善,一室一厅,99,2268,国企车间技术主任,二胎黄金期中大户型,青岛中环品质两居，车位及空间极其拥挤,小区无地下车库且人车不分流，小孩在楼下玩耍或者推婴儿车极为不安全。,要求有超大面宽南向双阳台（观景家政分离），主卧大飘窗能270度直面自然景观。,在市中心核心写字楼工作，首选半小时核心通勤圈内。,倡导轻户外，周末常带家人自驾野营或山系徒步，注重生活情调与手作咖啡。,名下持有一套旧两居，置换回款 65% + 个人理财储蓄补充 + 公积金商业贷,重性价比，不盲信大牌，但要求物业管理有序、绿化修剪及时、人防技防规范。,本地常住人口，四季生活规律，度假频次为常规年假出行。
青_2008_00142,青岛,2008,本地改善,49,女,1.5,15.6,0.4,29.3,3,1,否,B,agent,0.65,0.53,0.91,0.59,0.52,0.76,0.63,0.7,0.61,自住-改善,两室一厅,91,2323,区财政局科员,三口之家(学龄段),青岛中环品质两居，车位及空间极其拥挤,小区无地下车库且人车不分流，小孩在楼下玩耍或者推婴儿车极为不安全。,要求有超大面宽南向双阳台（观景家政分离），主卧大飘窗能270度直面自然景观。,在市中心核心写字楼工作，首选半小时核心通勤圈内。,倡导轻户外，周末常带家人自驾野营或山系徒步，注重生活情调与手作咖啡。,名下持有一套旧两居，置换回款 65% + 个人理财储蓄补充 + 公积金商业贷,重性价比，不盲信大牌，但要求物业管理有序、绿化修剪及时、人防技防规范。,本地常住人口，四季生活规律，度假频次为常规年假出行。
青_2008_00143,青岛,2008,山东省内异地,40,女,3.0,26.4,0.45,44.0,3,1,是,C,network,0.78,0.63,0.99,0.59,0.41,0.65,0,0.47,0.41,自住-首套,一室一厅,76,4534,国企车间技术主任,三口之家(学龄段),与父母同住，三代人拥挤在旧区小户型老房中,小区无地下车库且人车不分流，小孩在楼下玩耍或者推婴儿车极为不安全。,要求有超大面宽南向双阳台（观景家政分离），主卧大飘窗能270度直面自然景观。,在市中心核心写字楼工作，首选半小时核心通勤圈内。,爱猫狗，喜欢烹饪和插花，主打经济舒适的生活小确幸。,夫妻双方积蓄 + 双方父母出资赞助首付 + 公积金商业组合贷款,重性价比，不盲信大牌，但要求物业管理有序、绿化修剪及时、人防技防规范。,本地常住人口，四季生活规律，度假频次为常规年假出行。
青_2008_00144,青岛,2008,本地改善,38,女,2.4,22.1,0.4,41.4,4,2,否,B,agent,0.84,0.58,0.82,0.6,0.42,0.93,0.57,0.6,0.52,自住-改善,两室一厅,52,6102,市第二中学地理教师,二胎黄金期中大户型,青岛中环品质两居，车位及空间极其拥挤,小区无地下车库且人车不分流，小孩在楼下玩耍或者推婴儿车极为不安全。,要求有超大面宽南向双阳台（观景家政分离），主卧大飘窗能270度直面自然景观。,在市中心核心写字楼工作，首选半小时核心通勤圈内。,倡导轻户外，周末常带家人自驾野营或山系徒步，注重生活情调与手作咖啡。,名下持有一套旧两居，置换回款 65% + 个人理财储蓄补充 + 公积金商业贷,重性价比，不盲信大牌，但要求物业管理有序、绿化修剪及时、人防技防规范。,本地常住人口，四季生活规律，度假频次为常规年假出行。
青_2008_00145,青岛,2008,本地改善,41,女,2.3,20.5,0.4,38.3,5,1,是,B,agent,0.93,0.44,0.69,0.45,0.38,0.74,0.49,0.54,0.45,自住-改善,两室两厅,64,3274,市第二中学地理教师,三口之家(学龄段),青岛中环品质两居，车位及空间极其拥挤,小区无地下车库且人车不分流，小孩在楼下玩耍或者推婴儿车极为不安全。,讲究超高得房率（超85%），主卧套房必须配备独立步入式衣帽间与干湿分离双卫。,在市中心核心写字楼工作，首选半小时核心通勤圈内。,倡导轻户外，周末常带家人自驾野营或山系徒步，注重生活情调与手作咖啡。,名下持有一套旧两居，置换回款 65% + 个人理财储蓄补充 + 公积金商业贷,重性价比，不盲信大牌，但要求物业管理有序、绿化修剪及时、人防技防规范。,本地常住人口，四季生活规律，度假频次为常规年假出行。
青_2008_00146,青岛,2008,本地改善,47,男,2.4,21.3,0.4,40.0,4,1,否,B,agent,0.6,0.52,0.69,0.51,0.44,0.92,0.64,0.74,0.49,自住-改善,两室一厅,73,3255,市第二中学地理教师,三口之家(学龄段),青岛中环品质两居，车位及空间极其拥挤,小区无地下车库且人车不分流，小孩在楼下玩耍或者推婴儿车极为不安全。,讲究超高得房率（超85%），主卧套房必须配备独立步入式衣帽间与干湿分离双卫。,在市中心核心写字楼工作，首选半小时核心通勤圈内。,倡导轻户外，周末常带家人自驾野营或山系徒步，注重生活情调与手作咖啡。,名下持有一套旧两居，置换回款 65% + 个人理财储蓄补充 + 公积金商业贷,重性价比，不盲信大牌，但要求物业管理有序、绿化修剪及时、人防技防规范。,本地常住人口，四季生活规律，度假频次为常规年假出行。
青_2008_00147,青岛,2008,本地改善,37,女,2.7,19.0,0.4,35.6,4,1,否,B,agent,0.58,0.46,0.78,0.39,0.38,0.87,0.54,0.76,0.69,自住-改善,一室一厅,81,2450,国企车间技术主任,三口之家(幼龄段),青岛中环品质两居，车位及空间极其拥挤,小区无地下车库且人车不分流，小孩在楼下玩耍或者推婴儿车极为不安全。,要求有超大面宽南向双阳台（观景家政分离），主卧大飘窗能270度直面自然景观。,在市中心核心写字楼工作，首选半小时核心通勤圈内。,倡导轻户外，周末常带家人自驾野营或山系徒步，注重生活情调与手作咖啡。,名下持有一套旧两居，置换回款 65% + 个人理财储蓄补充 + 公积金商业贷,重性价比，不盲信大牌，但要求物业管理有序、绿化修剪及时、人防技防规范。,本地常住人口，四季生活规律，度假频次为常规年假出行。
青_2008_00148,青岛,2008,本地改善,36,男,1.8,12.3,0.4,23.1,4,1,否,B,agent,0.87,0.54,0.71,0.41,0.47,0.85,0.56,0.75,0.54,自住-改善,两室两厅,51,3312,区财政局科员,三口之家(幼龄段),青岛中环品质两居，车位及空间极其拥挤,小区无地下车库且人车不分流，小孩在楼下玩耍或者推婴儿车极为不安全。,要求有超大面宽南向双阳台（观景家政分离），主卧大飘窗能270度直面自然景观。,在市中心核心写字楼工作，首选半小时核心通勤圈内。,倡导轻户外，周末常带家人自驾野营或山系徒步，注重生活情调与手作咖啡。,名下持有一套旧两居，置换回款 65% + 个人理财储蓄补充 + 公积金商业贷,重性价比，不盲信大牌，但要求物业管理有序、绿化修剪及时、人防技防规范。,本地常住人口，四季生活规律，度假频次为常规年假出行。
青_2008_00149,青岛,2008,高端海景收藏,46,男,12.2,170.9,0.6,213.6,2,0,否,A,network,0.43,0.48,0.93,0.75,0.83,0.59,0,0,0.76,度假,两室两厅,127,8849,高端海景资产收藏家,成熟期核心家庭,陆家嘴核心区江景大平层,无高端私密会所及管家式物业配套，圈层鱼龙混杂，高净值居住体验差。,要求独立电梯入户，主次卧动线分明，配备独立保姆房和私密后院。,在市中心核心写字楼工作，首选半小时核心通勤圈内。,周末常去高端商圈消费，热衷打网球和马术，重度手冲咖啡及黑胶唱片发烧友。,名下已有企业股权套现或分红现金，一次性全款付清，基本不加杠杆,非仁恒、绿城、万科等金牌开发商不买，极度看重高端精装质量与顶级物业的增值口碑。,本地常住人口，四季生活规律，度假频次为常规年假出行。
青_2008_00150,青岛,2008,本地改善,39,女,1.8,14.8,0.4,27.8,4,0,否,B,agent,0.63,0.52,0.82,0.57,0.53,0.96,0.52,0.7,0.5,自住-改善,两室两厅,77,2226,区财政局科员,成熟期核心家庭,青岛中环品质两居，车位及空间极其拥挤,老小区隔音差，邻里滋扰严重，且车位严重匮乏，每晚加班回来抢车位像打仗。,要求有超大面宽南向双阳台（观景家政分离），主卧大飘窗能270度直面自然景观。,在市中心核心写字楼工作，首选半小时核心通勤圈内。,倡导轻户外，周末常带家人自驾野营或山系徒步，注重生活情调与手作咖啡。,名下持有一套旧两居，置换回款 65% + 个人理财储蓄补充 + 公积金商业贷,重性价比，不盲信大牌，但要求物业管理有序、绿化修剪及时、人防技防规范。,本地常住人口，四季生活规律，度假频次为常规年假出行。
青_2008_00151,青岛,2008,山东省内异地,60,女,2.8,17.3,0.45,28.8,3,2,否,C,network,0.34,0.55,0.86,0.55,0.55,0.79,0.03,0.49,0.55,自住-首套,两室两厅,96,1675,邮政局局长秘书,二胎黄金期中大户型,与父母同住，三代人拥挤在旧区小户型老房中,小区无地下车库且人车不分流，小孩在楼下玩耍或者推婴儿车极为不安全。,要求有超大面宽南向双阳台（观景家政分离），主卧大飘窗能270度直面自然景观。,在市中心核心写字楼工作，首选半小时核心通勤圈内。,爱猫狗，喜欢烹饪和插花，主打经济舒适的生活小确幸。,夫妻双方积蓄 + 双方父母出资赞助首付 + 公积金商业组合贷款,重性价比，不盲信大牌，但要求物业管理有序、绿化修剪及时、人防技防规范。,本地常住人口，四季生活规律，度假频次为常规年假出行。
青_2008_00152,青岛,2008,本地改善,37,女,2.1,17.9,0.4,33.5,3,1,是,B,agent,0.72,0.46,0.76,0.48,0.52,0.96,0.61,0.54,0.51,自住-改善,两室两厅,65,3361,市第二中学地理教师,三口之家(幼龄段),青岛中环品质两居，车位及空间极其拥挤,小区无地下车库且人车不分流，小孩在楼下玩耍或者推婴儿车极为不安全。,要求有超大面宽南向双阳台（观景家政分离），主卧大飘窗能270度直面自然景观。,在市中心核心写字楼工作，首选半小时核心通勤圈内。,倡导轻户外，周末常带家人自驾野营或山系徒步，注重生活情调与手作咖啡。,名下持有一套旧两居，置换回款 65% + 个人理财储蓄补充 + 公积金商业贷,重性价比，不盲信大牌，但要求物业管理有序、绿化修剪及时、人防技防规范。,本地常住人口，四季生活规律，度假频次为常规年假出行。
青_2008_00153,青岛,2008,学区刚需,45,男,1.2,8.3,0.3,20.6,3,2,否,C,agent,0.84,0.45,0.41,0.35,0.37,0.76,0.53,0.89,0.5,学区房,两室两厅,64,1699,国企车间技术主任,二胎黄金期中大户型,与父母同住，三代人拥挤在旧区小户型老房中,小区无地下车库且人车不分流，小孩在楼下玩耍或者推婴儿车极为不安全。,讲究超高得房率（超85%），主卧套房必须配备独立步入式衣帽间与干湿分离双卫。,在市中心核心写字楼工作，首选半小时核心通勤圈内。,爱猫狗，喜欢烹饪和插花，主打经济舒适的生活小确幸。,名下持有一套旧两居，置换回款 65% + 个人理财储蓄补充 + 公积金商业贷,重性价比，不盲信大牌，但要求物业管理有序、绿化修剪及时、人防技防规范。,本地常住人口，四季生活规律，度假频次为常规年假出行。
青_2008_00154,青岛,2008,山东省内异地,55,男,1.3,10.2,0.45,17.0,2,1,是,C,network,0.8,0.43,0.81,0.62,0.3,0.71,0,0.4,0.48,自住-改善,一室一厅,85,1475,邮政局局长秘书,三口之家(学龄段),与父母同住，三代人拥挤在旧区小户型老房中,小区无地下车库且人车不分流，小孩在楼下玩耍或者推婴儿车极为不安全。,要求有超大面宽南向双阳台（观景家政分离），主卧大飘窗能270度直面自然景观。,在市中心核心写字楼工作，首选半小时核心通勤圈内。,爱猫狗，喜欢烹饪和插花，主打经济舒适的生活小确幸。,名下持有一套旧两居，置换回款 65% + 个人理财储蓄补充 + 公积金商业贷,重性价比，不盲信大牌，但要求物业管理有序、绿化修剪及时、人防技防规范。,本地常住人口，四季生活规律，度假频次为常规年假出行。
青_2008_00155,青岛,2008,山东省内异地,50,女,3.8,34.8,0.45,57.9,3,1,否,C,network,0.36,0.35,0.9,0.6,0.46,0.61,0,0.29,0.52,自住-改善,一室一厅,85,4242,区财政局科员,三口之家(学龄段),与父母同住，三代人拥挤在旧区小户型老房中,小区无地下车库且人车不分流，小孩在楼下玩耍或者推婴儿车极为不安全。,要求有超大面宽南向双阳台（观景家政分离），主卧大飘窗能270度直面自然景观。,在市中心核心写字楼工作，首选半小时核心通勤圈内。,爱猫狗，喜欢烹饪和插花，主打经济舒适的生活小确幸。,名下持有一套旧两居，置换回款 65% + 个人理财储蓄补充 + 公积金商业贷,重性价比，不盲信大牌，但要求物业管理有序、绿化修剪及时、人防技防规范。,本地常住人口，四季生活规律，度假频次为常规年假出行。
青_2008_00156,青岛,2008,高端海景收藏,60,男,22.1,231.9,0.6,289.9,1,1,否,A,network,0.8,0.47,0.95,0.86,0.8,0.4,0,0.17,0.92,投资-短期,三室一厅,106,16456,高端海景资产收藏家,三口之家(学龄段),市中心私密洋房住宅,无高端私密会所及管家式物业配套，圈层鱼龙混杂，高净值居住体验差。,要求独立电梯入户，主次卧动线分明，配备独立保姆房和私密后院。,在市中心核心写字楼工作，首选半小时核心通勤圈内。,周末常去高端商圈消费，热衷打网球和马术，重度手冲咖啡及黑胶唱片发烧友。,名下已有企业股权套现或分红现金，一次性全款付清，基本不加杠杆,非仁恒、绿城、万科等金牌开发商不买，极度看重高端精装质量与顶级物业的增值口碑。,本地常住人口，四季生活规律，度假频次为常规年假出行。
青_2008_00157,青岛,2008,高端海景收藏,60,男,8.2,78.4,0.6,98.0,2,0,是,A,network,0.46,0.28,0.86,0.89,0.75,0.54,0,0,0.98,投资-短期,两室两厅,91,6542,上市公司退休联合创始人,高知退休康养,西湖边高精平层,当前房屋属于旧多层无电梯房，父母年纪渐高每天爬楼梯极为吃力。,要求独立电梯入户，主次卧动线分明，配备独立保姆房和私密后院。,在市中心核心写字楼工作，首选半小时核心通勤圈内。,周末常去高端商圈消费，热衷打网球和马术，重度手冲咖啡及黑胶唱片发烧友。,名下已有企业股权套现或分红现金，一次性全款付清，基本不加杠杆,非仁恒、绿城、万科等金牌开发商不买，极度看重高端精装质量与顶级物业的增值口碑。,本地常住人口，四季生活规律，度假频次为常规年假出行。
青_2008_00158,青岛,2008,山东省内异地,44,女,2.1,16.4,0.45,27.4,4,1,否,C,network,0.67,0.65,0.72,0.72,0.45,0.71,0.1,0.54,0.47,自住-首套,两室一厅,80,2620,市第二中学地理教师,三口之家(学龄段),与父母同住，三代人拥挤在旧区小户型老房中,小区无地下车库且人车不分流，小孩在楼下玩耍或者推婴儿车极为不安全。,要求独立电梯入户，主次卧动线分明，配备独立保姆房和私密后院。,在市中心核心写字楼工作，首选半小时核心通勤圈内。,爱猫狗，喜欢烹饪和插花，主打经济舒适的生活小确幸。,夫妻双方积蓄 + 双方父母出资赞助首付 + 公积金商业组合贷款,重性价比，不盲信大牌，但要求物业管理有序、绿化修剪及时、人防技防规范。,本地常住人口，四季生活规律，度假频次为常规年假出行。
青_2008_00159,青岛,2008,本地改善,38,女,2.6,20.9,0.4,39.1,3,1,是,B,agent,0.73,0.55,0.75,0.45,0.37,0.8,0.62,0.7,0.58,自住-改善,两室一厅,83,4072,市第二中学地理教师,三口之家(学龄段),青岛中环品质两居，车位及空间极其拥挤,小区无地下车库且人车不分流，小孩在楼下玩耍或者推婴儿车极为不安全。,要求有超大面宽南向双阳台（观景家政分离），主卧大飘窗能270度直面自然景观。,在市中心核心写字楼工作，首选半小时核心通勤圈内。,倡导轻户外，周末常带家人自驾野营或山系徒步，注重生活情调与手作咖啡。,名下持有一套旧两居，置换回款 65% + 个人理财储蓄补充 + 公积金商业贷,重性价比，不盲信大牌，但要求物业管理有序、绿化修剪及时、人防技防规范。,本地常住人口，四季生活规律，度假频次为常规年假出行。
青_2008_00160,青岛,2008,本地改善,45,男,1.6,15.3,0.4,28.7,5,1,否,B,agent,0.71,0.43,0.67,0.49,0.53,0.86,0.68,0.82,0.44,自住-改善,两室一厅,75,2508,国企车间技术主任,三口之家(学龄段),青岛中环品质两居，车位及空间极其拥挤,小区无地下车库且人车不分流，小孩在楼下玩耍或者推婴儿车极为不安全。,讲究超高得房率（超85%），主卧套房必须配备独立步入式衣帽间与干湿分离双卫。,在市中心核心写字楼工作，首选半小时核心通勤圈内。,倡导轻户外，周末常带家人自驾野营或山系徒步，注重生活情调与手作咖啡。,名下持有一套旧两居，置换回款 65% + 个人理财储蓄补充 + 公积金商业贷,重性价比，不盲信大牌，但要求物业管理有序、绿化修剪及时、人防技防规范。,本地常住人口，四季生活规律，度假频次为常规年假出行。
青_2008_00161,青岛,2008,本地改善,35,男,3.0,24.3,0.4,45.5,4,2,否,B,agent,0.82,0.64,0.72,0.42,0.61,0.81,0.47,0.7,0.57,自住-改善,两室两厅,62,5905,国企车间技术主任,二胎黄金期中大户型,青岛中环品质两居，车位及空间极其拥挤,小区无地下车库且人车不分流，小孩在楼下玩耍或者推婴儿车极为不安全。,要求有超大面宽南向双阳台（观景家政分离），主卧大飘窗能270度直面自然景观。,在市中心核心写字楼工作，首选半小时核心通勤圈内。,倡导轻户外，周末常带家人自驾野营或山系徒步，注重生活情调与手作咖啡。,名下持有一套旧两居，置换回款 65% + 个人理财储蓄补充 + 公积金商业贷,重性价比，不盲信大牌，但要求物业管理有序、绿化修剪及时、人防技防规范。,本地常住人口，四季生活规律，度假频次为常规年假出行。
青_2008_00162,青岛,2008,学区刚需,39,女,2.2,9.5,0.3,23.7,4,1,是,C,agent,0.68,0.51,0.48,0.24,0.4,0.77,0.59,0.87,0.37,学区房,一室一厅,83,1994,邮政局局长秘书,三口之家(学龄段),与父母同住，三代人拥挤在旧区小户型老房中,小区无地下车库且人车不分流，小孩在楼下玩耍或者推婴儿车极为不安全。,讲究超高得房率（超85%），主卧套房必须配备独立步入式衣帽间与干湿分离双卫。,在市中心核心写字楼工作，首选半小时核心通勤圈内。,爱猫狗，喜欢烹饪和插花，主打经济舒适的生活小确幸。,名下持有一套旧两居，置换回款 65% + 个人理财储蓄补充 + 公积金商业贷,重性价比，不盲信大牌，但要求物业管理有序、绿化修剪及时、人防技防规范。,本地常住人口，四季生活规律，度假频次为常规年假出行。
青_2008_00163,青岛,2008,本地改善,49,男,1.9,12.2,0.4,22.8,4,0,是,B,agent,0.96,0.5,0.74,0.55,0.47,0.82,0.65,0.68,0.46,自住-改善,两室两厅,97,1569,市第二中学地理教师,成熟期核心家庭,青岛中环品质两居，车位及空间极其拥挤,当前房屋属于旧多层无电梯房，父母年纪渐高每天爬楼梯极为吃力。,要求有超大面宽南向双阳台（观景家政分离），主卧大飘窗能270度直面自然景观。,在市中心核心写字楼工作，首选半小时核心通勤圈内。,倡导轻户外，周末常带家人自驾野营或山系徒步，注重生活情调与手作咖啡。,名下持有一套旧两居，置换回款 65% + 个人理财储蓄补充 + 公积金商业贷,重性价比，不盲信大牌，但要求物业管理有序、绿化修剪及时、人防技防规范。,本地常住人口，四季生活规律，度假频次为常规年假出行。
青_2008_00164,青岛,2008,本地改善,47,男,3.7,37.6,0.4,70.5,4,0,是,B,agent,0.6,0.49,0.77,0.49,0.44,0.79,0.65,0.64,0.43,自住-改善,一室一厅,70,7672,邮政局局长秘书,成熟期核心家庭,青岛中环品质两居，车位及空间极其拥挤,当前房屋属于旧多层无电梯房，父母年纪渐高每天爬楼梯极为吃力。,要求有超大面宽南向双阳台（观景家政分离），主卧大飘窗能270度直面自然景观。,在市中心核心写字楼工作，首选半小时核心通勤圈内。,倡导轻户外，周末常带家人自驾野营或山系徒步，注重生活情调与手作咖啡。,名下持有一套旧两居，置换回款 65% + 个人理财储蓄补充 + 公积金商业贷,重性价比，不盲信大牌，但要求物业管理有序、绿化修剪及时、人防技防规范。,本地常住人口，四季生活规律，度假频次为常规年假出行。
青_2008_00165,青岛,2008,学区刚需,33,男,2.8,16.1,0.3,40.3,4,1,否,C,agent,0.89,0.66,0.54,0.24,0.29,0.8,0.58,1,0.52,学区房,两室一厅,65,3817,邮政局局长秘书,三口之家(幼龄段),与父母同住，三代人拥挤在旧区小户型老房中,小区无地下车库且人车不分流，小孩在楼下玩耍或者推婴儿车极为不安全。,讲究超高得房率（超85%），主卧套房必须配备独立步入式衣帽间与干湿分离双卫。,在市中心核心写字楼工作，首选半小时核心通勤圈内。,爱猫狗，喜欢烹饪和插花，主打经济舒适的生活小确幸。,名下持有一套旧两居，置换回款 65% + 个人理财储蓄补充 + 公积金商业贷,重性价比，不盲信大牌，但要求物业管理有序、绿化修剪及时、人防技防规范。,本地常住人口，四季生活规律，度假频次为常规年假出行。
青_2008_00166,青岛,2008,本地改善,37,男,2.2,22.7,0.4,42.5,4,1,否,B,agent,0.97,0.5,0.75,0.49,0.62,0.77,0.49,0.77,0.57,自住-改善,两室两厅,72,3602,市第二中学地理教师,三口之家(幼龄段),青岛中环品质两居，车位及空间极其拥挤,小区无地下车库且人车不分流，小孩在楼下玩耍或者推婴儿车极为不安全。,要求有超大面宽南向双阳台（观景家政分离），主卧大飘窗能270度直面自然景观。,在市中心核心写字楼工作，首选半小时核心通勤圈内。,倡导轻户外，周末常带家人自驾野营或山系徒步，注重生活情调与手作咖啡。,名下持有一套旧两居，置换回款 65% + 个人理财储蓄补充 + 公积金商业贷,重性价比，不盲信大牌，但要求物业管理有序、绿化修剪及时、人防技防规范。,本地常住人口，四季生活规律，度假频次为常规年假出行。
青_2008_00167,青岛,2008,本地改善,40,女,1.3,8.0,0.4,15.0,4,0,否,B,agent,0.68,0.55,0.82,0.48,0.57,0.79,0.61,0.59,0.46,自住-改善,一室一厅,64,1926,市第二中学地理教师,成熟期核心家庭,青岛中环品质两居，车位及空间极其拥挤,老小区隔音差，邻里滋扰严重，且车位严重匮乏，每晚加班回来抢车位像打仗。,要求有超大面宽南向双阳台（观景家政分离），主卧大飘窗能270度直面自然景观。,在市中心核心写字楼工作，首选半小时核心通勤圈内。,倡导轻户外，周末常带家人自驾野营或山系徒步，注重生活情调与手作咖啡。,名下持有一套旧两居，置换回款 65% + 个人理财储蓄补充 + 公积金商业贷,重性价比，不盲信大牌，但要求物业管理有序、绿化修剪及时、人防技防规范。,本地常住人口，四季生活规律，度假频次为常规年假出行。
青_2008_00168,青岛,2008,本地改善,43,男,2.2,16.5,0.4,31.0,3,1,否,B,agent,0.75,0.46,0.66,0.61,0.6,0.73,0.71,0.81,0.6,自住-改善,一室一厅,95,2533,国企车间技术主任,三口之家(学龄段),青岛中环品质两居，车位及空间极其拥挤,小区无地下车库且人车不分流，小孩在楼下玩耍或者推婴儿车极为不安全。,讲究超高得房率（超85%），主卧套房必须配备独立步入式衣帽间与干湿分离双卫。,在市中心核心写字楼工作，首选半小时核心通勤圈内。,倡导轻户外，周末常带家人自驾野营或山系徒步，注重生活情调与手作咖啡。,名下持有一套旧两居，置换回款 65% + 个人理财储蓄补充 + 公积金商业贷,重性价比，不盲信大牌，但要求物业管理有序、绿化修剪及时、人防技防规范。,本地常住人口，四季生活规律，度假频次为常规年假出行。
青_2008_00169,青岛,2008,本地改善,44,女,1.7,16.0,0.4,30.0,4,1,是,B,agent,0.77,0.64,0.69,0.47,0.42,0.93,0.51,0.67,0.56,自住-改善,两室两厅,67,3169,市第二中学地理教师,三口之家(学龄段),青岛中环品质两居，车位及空间极其拥挤,小区无地下车库且人车不分流，小孩在楼下玩耍或者推婴儿车极为不安全。,讲究超高得房率（超85%），主卧套房必须配备独立步入式衣帽间与干湿分离双卫。,在市中心核心写字楼工作，首选半小时核心通勤圈内。,倡导轻户外，周末常带家人自驾野营或山系徒步，注重生活情调与手作咖啡。,名下持有一套旧两居，置换回款 65% + 个人理财储蓄补充 + 公积金商业贷,重性价比，不盲信大牌，但要求物业管理有序、绿化修剪及时、人防技防规范。,本地常住人口，四季生活规律，度假频次为常规年假出行。
青_2008_00170,青岛,2008,本地改善,37,男,1.9,13.3,0.4,24.9,4,2,否,B,agent,0.72,0.61,0.66,0.57,0.5,0.81,0.45,0.84,0.47,自住-改善,一室一厅,81,1590,区财政局科员,二胎黄金期中大户型,青岛中环品质两居，车位及空间极其拥挤,小区无地下车库且人车不分流，小孩在楼下玩耍或者推婴儿车极为不安全。,讲究超高得房率（超85%），主卧套房必须配备独立步入式衣帽间与干湿分离双卫。,在市中心核心写字楼工作，首选半小时核心通勤圈内。,倡导轻户外，周末常带家人自驾野营或山系徒步，注重生活情调与手作咖啡。,名下持有一套旧两居，置换回款 65% + 个人理财储蓄补充 + 公积金商业贷,重性价比，不盲信大牌，但要求物业管理有序、绿化修剪及时、人防技防规范。,本地常住人口，四季生活规律，度假频次为常规年假出行。
青_2008_00171,青岛,2008,山东省内异地,57,男,1.9,19.0,0.45,31.7,3,1,是,C,network,0.67,0.47,0.77,0.51,0.5,0.64,0,0.31,0.49,自住-改善,一室一厅,97,1840,国企车间技术主任,三口之家(学龄段),与父母同住，三代人拥挤在旧区小户型老房中,小区无地下车库且人车不分流，小孩在楼下玩耍或者推婴儿车极为不安全。,要求有超大面宽南向双阳台（观景家政分离），主卧大飘窗能270度直面自然景观。,在市中心核心写字楼工作，首选半小时核心通勤圈内。,爱猫狗，喜欢烹饪和插花，主打经济舒适的生活小确幸。,名下持有一套旧两居，置换回款 65% + 个人理财储蓄补充 + 公积金商业贷,重性价比，不盲信大牌，但要求物业管理有序、绿化修剪及时、人防技防规范。,本地常住人口，四季生活规律，度假频次为常规年假出行。
青_2008_00172,青岛,2008,本地改善,45,男,1.0,8.5,0.4,15.9,5,2,否,B,agent,0.76,0.61,0.82,0.64,0.47,0.78,0.56,0.66,0.41,自住-改善,一室一厅,73,1753,市第二中学地理教师,二胎黄金期中大户型,青岛中环品质两居，车位及空间极其拥挤,小区无地下车库且人车不分流，小孩在楼下玩耍或者推婴儿车极为不安全。,要求有超大面宽南向双阳台（观景家政分离），主卧大飘窗能270度直面自然景观。,在市中心核心写字楼工作，首选半小时核心通勤圈内。,倡导轻户外，周末常带家人自驾野营或山系徒步，注重生活情调与手作咖啡。,名下持有一套旧两居，置换回款 65% + 个人理财储蓄补充 + 公积金商业贷,重性价比，不盲信大牌，但要求物业管理有序、绿化修剪及时、人防技防规范。,本地常住人口，四季生活规律，度假频次为常规年假出行。
青_2008_00173,青岛,2008,本地改善,38,男,1.4,10.7,0.4,20.1,4,2,是,B,agent,0.75,0.43,0.74,0.59,0.42,0.82,0.56,0.91,0.78,自住-改善,两室一厅,94,1664,邮政局局长秘书,二胎黄金期中大户型,青岛中环品质两居，车位及空间极其拥挤,小区无地下车库且人车不分流，小孩在楼下玩耍或者推婴儿车极为不安全。,要求有超大面宽南向双阳台（观景家政分离），主卧大飘窗能270度直面自然景观。,在市中心核心写字楼工作，首选半小时核心通勤圈内。,倡导轻户外，周末常带家人自驾野营或山系徒步，注重生活情调与手作咖啡。,名下持有一套旧两居，置换回款 65% + 个人理财储蓄补充 + 公积金商业贷,非仁恒、绿城、万科等金牌开发商不买，极度看重高端精装质量与顶级物业的增值口碑。,本地常住人口，四季生活规律，度假频次为常规年假出行。
青_2008_00174,青岛,2008,本地改善,37,女,2.5,16.3,0.4,30.6,3,1,否,B,agent,0.77,0.48,0.69,0.6,0.61,0.99,0.62,0.88,0.51,自住-改善,两室一厅,62,4385,市第二中学地理教师,三口之家(幼龄段),青岛中环品质两居，车位及空间极其拥挤,小区无地下车库且人车不分流，小孩在楼下玩耍或者推婴儿车极为不安全。,讲究超高得房率（超85%），主卧套房必须配备独立步入式衣帽间与干湿分离双卫。,在市中心核心写字楼工作，首选半小时核心通勤圈内。,倡导轻户外，周末常带家人自驾野营或山系徒步，注重生活情调与手作咖啡。,名下持有一套旧两居，置换回款 65% + 个人理财储蓄补充 + 公积金商业贷,重性价比，不盲信大牌，但要求物业管理有序、绿化修剪及时、人防技防规范。,本地常住人口，四季生活规律，度假频次为常规年假出行。
青_2008_00175,青岛,2008,本地改善,54,男,2.6,24.4,0.4,45.8,5,1,是,B,agent,0.72,0.44,0.63,0.51,0.51,0.79,0.52,0.64,0.53,自住-改善,两室一厅,93,3394,国企车间技术主任,三口之家(学龄段),青岛中环品质两居，车位及空间极其拥挤,小区无地下车库且人车不分流，小孩在楼下玩耍或者推婴儿车极为不安全。,讲究超高得房率（超85%），主卧套房必须配备独立步入式衣帽间与干湿分离双卫。,在市中心核心写字楼工作，首选半小时核心通勤圈内。,倡导轻户外，周末常带家人自驾野营或山系徒步，注重生活情调与手作咖啡。,名下持有一套旧两居，置换回款 65% + 个人理财储蓄补充 + 公积金商业贷,重性价比，不盲信大牌，但要求物业管理有序、绿化修剪及时、人防技防规范。,本地常住人口，四季生活规律，度假频次为常规年假出行。
青_2008_00176,青岛,2008,本地改善,43,女,1.9,14.2,0.4,26.6,5,1,否,B,agent,0.95,0.58,0.73,0.54,0.42,0.99,0.7,0.69,0.57,自住-改善,一室一厅,64,2732,区财政局科员,三口之家(学龄段),青岛中环品质两居，车位及空间极其拥挤,小区无地下车库且人车不分流，小孩在楼下玩耍或者推婴儿车极为不安全。,要求有超大面宽南向双阳台（观景家政分离），主卧大飘窗能270度直面自然景观。,在市中心核心写字楼工作，首选半小时核心通勤圈内。,倡导轻户外，周末常带家人自驾野营或山系徒步，注重生活情调与手作咖啡。,名下持有一套旧两居，置换回款 65% + 个人理财储蓄补充 + 公积金商业贷,重性价比，不盲信大牌，但要求物业管理有序、绿化修剪及时、人防技防规范。,本地常住人口，四季生活规律，度假频次为常规年假出行。
青_2008_00177,青岛,2008,本地改善,35,男,1.7,16.5,0.4,31.0,4,1,否,B,agent,0.84,0.4,0.73,0.58,0.5,0.92,0.7,0.64,0.45,自住-改善,一室一厅,61,3851,邮政局局长秘书,三口之家(幼龄段),青岛中环品质两居，车位及空间极其拥挤,小区无地下车库且人车不分流，小孩在楼下玩耍或者推婴儿车极为不安全。,要求有超大面宽南向双阳台（观景家政分离），主卧大飘窗能270度直面自然景观。,在市中心核心写字楼工作，首选半小时核心通勤圈内。,倡导轻户外，周末常带家人自驾野营或山系徒步，注重生活情调与手作咖啡。,名下持有一套旧两居，置换回款 65% + 个人理财储蓄补充 + 公积金商业贷,重性价比，不盲信大牌，但要求物业管理有序、绿化修剪及时、人防技防规范。,本地常住人口，四季生活规律，度假频次为常规年假出行。
青_2008_00178,青岛,2008,本地改善,52,女,1.5,14.3,0.4,26.9,4,1,是,B,agent,0.86,0.52,0.74,0.39,0.45,0.84,0.39,0.57,0.7,自住-改善,一室一厅,90,1894,邮政局局长秘书,三口之家(学龄段),青岛中环品质两居，车位及空间极其拥挤,小区无地下车库且人车不分流，小孩在楼下玩耍或者推婴儿车极为不安全。,要求有超大面宽南向双阳台（观景家政分离），主卧大飘窗能270度直面自然景观。,在市中心核心写字楼工作，首选半小时核心通勤圈内。,倡导轻户外，周末常带家人自驾野营或山系徒步，注重生活情调与手作咖啡。,名下持有一套旧两居，置换回款 65% + 个人理财储蓄补充 + 公积金商业贷,非仁恒、绿城、万科等金牌开发商不买，极度看重高端精装质量与顶级物业的增值口碑。,本地常住人口，四季生活规律，度假频次为常规年假出行。
青_2008_00179,青岛,2008,本地改善,45,男,1.3,8.0,0.4,15.0,4,1,是,B,agent,0.63,0.47,0.77,0.59,0.53,0.86,0.63,0.65,0.72,自住-改善,两室两厅,80,1244,邮政局局长秘书,三口之家(学龄段),青岛中环品质两居，车位及空间极其拥挤,小区无地下车库且人车不分流，小孩在楼下玩耍或者推婴儿车极为不安全。,要求有超大面宽南向双阳台（观景家政分离），主卧大飘窗能270度直面自然景观。,在市中心核心写字楼工作，首选半小时核心通勤圈内。,倡导轻户外，周末常带家人自驾野营或山系徒步，注重生活情调与手作咖啡。,名下持有一套旧两居，置换回款 65% + 个人理财储蓄补充 + 公积金商业贷,非仁恒、绿城、万科等金牌开发商不买，极度看重高端精装质量与顶级物业的增值口碑。,本地常住人口，四季生活规律，度假频次为常规年假出行。
青_2008_00180,青岛,2008,本地改善,55,男,3.0,23.0,0.4,43.1,3,1,否,B,agent,0.88,0.54,0.76,0.62,0.52,0.95,0.69,0.82,0.49,自住-改善,一室一厅,80,3309,区财政局科员,三口之家(学龄段),青岛中环品质两居，车位及空间极其拥挤,小区无地下车库且人车不分流，小孩在楼下玩耍或者推婴儿车极为不安全。,要求有超大面宽南向双阳台（观景家政分离），主卧大飘窗能270度直面自然景观。,在市中心核心写字楼工作，首选半小时核心通勤圈内。,倡导轻户外，周末常带家人自驾野营或山系徒步，注重生活情调与手作咖啡。,名下持有一套旧两居，置换回款 65% + 个人理财储蓄补充 + 公积金商业贷,重性价比，不盲信大牌，但要求物业管理有序、绿化修剪及时、人防技防规范。,本地常住人口，四季生活规律，度假频次为常规年假出行。
青_2008_00181,青岛,2008,本地改善,42,男,1.3,13.8,0.4,25.8,4,1,否,B,agent,0.77,0.47,0.75,0.37,0.6,0.83,0.6,0.6,0.43,自住-改善,一室一厅,86,1989,市第二中学地理教师,三口之家(学龄段),青岛中环品质两居，车位及空间极其拥挤,小区无地下车库且人车不分流，小孩在楼下玩耍或者推婴儿车极为不安全。,要求有超大面宽南向双阳台（观景家政分离），主卧大飘窗能270度直面自然景观。,在市中心核心写字楼工作，首选半小时核心通勤圈内。,倡导轻户外，周末常带家人自驾野营或山系徒步，注重生活情调与手作咖啡。,名下持有一套旧两居，置换回款 65% + 个人理财储蓄补充 + 公积金商业贷,重性价比，不盲信大牌，但要求物业管理有序、绿化修剪及时、人防技防规范。,本地常住人口，四季生活规律，度假频次为常规年假出行。
青_2008_00182,青岛,2008,山东省内异地,53,男,1.2,9.3,0.45,15.5,2,1,否,C,network,0.54,0.58,0.9,0.54,0.27,0.68,0,0.31,0.57,自住-首套,一室一厅,95,1030,邮政局局长秘书,三口之家(学龄段),与父母同住，三代人拥挤在旧区小户型老房中,小区无地下车库且人车不分流，小孩在楼下玩耍或者推婴儿车极为不安全。,要求有超大面宽南向双阳台（观景家政分离），主卧大飘窗能270度直面自然景观。,在市中心核心写字楼工作，首选半小时核心通勤圈内。,爱猫狗，喜欢烹饪和插花，主打经济舒适的生活小确幸。,夫妻双方积蓄 + 双方父母出资赞助首付 + 公积金商业组合贷款,重性价比，不盲信大牌，但要求物业管理有序、绿化修剪及时、人防技防规范。,本地常住人口，四季生活规律，度假频次为常规年假出行。
青_2008_00183,青岛,2008,本地改善,55,女,2.0,12.1,0.4,22.7,3,0,否,B,agent,0.88,0.4,0.68,0.6,0.44,0.87,0.62,0.69,0.55,自住-改善,一室一厅,56,3237,国企车间技术主任,高知退休康养,青岛中环品质两居，车位及空间极其拥挤,老小区隔音差，邻里滋扰严重，且车位严重匮乏，每晚加班回来抢车位像打仗。,讲究超高得房率（超85%），主卧套房必须配备独立步入式衣帽间与干湿分离双卫。,在市中心核心写字楼工作，首选半小时核心通勤圈内。,倡导轻户外，周末常带家人自驾野营或山系徒步，注重生活情调与手作咖啡。,名下持有一套旧两居，置换回款 65% + 个人理财储蓄补充 + 公积金商业贷,重性价比，不盲信大牌，但要求物业管理有序、绿化修剪及时、人防技防规范。,本地常住人口，四季生活规律，度假频次为常规年假出行。
青_2008_00184,青岛,2008,本地改善,43,女,1.5,12.7,0.4,23.7,5,0,是,B,agent,0.5,0.5,0.66,0.4,0.33,0.77,0.52,0.85,0.55,自住-改善,一室一厅,86,1587,邮政局局长秘书,成熟期核心家庭,青岛中环品质两居，车位及空间极其拥挤,当前房屋属于旧多层无电梯房，父母年纪渐高每天爬楼梯极为吃力。,讲究超高得房率（超85%），主卧套房必须配备独立步入式衣帽间与干湿分离双卫。,在市中心核心写字楼工作，首选半小时核心通勤圈内。,倡导轻户外，周末常带家人自驾野营或山系徒步，注重生活情调与手作咖啡。,名下持有一套旧两居，置换回款 65% + 个人理财储蓄补充 + 公积金商业贷,重性价比，不盲信大牌，但要求物业管理有序、绿化修剪及时、人防技防规范。,本地常住人口，四季生活规律，度假频次为常规年假出行。
青_2008_00185,青岛,2008,山东省内异地,51,女,1.2,11.0,0.45,18.3,3,0,否,C,network,0.64,0.59,0.92,0.56,0.52,0.77,0,0.38,0.62,自住-改善,两室一厅,72,1852,市第二中学地理教师,成熟期核心家庭,与父母同住，三代人拥挤在旧区小户型老房中,老小区隔音差，邻里滋扰严重，且车位严重匮乏，每晚加班回来抢车位像打仗。,要求有超大面宽南向双阳台（观景家政分离），主卧大飘窗能270度直面自然景观。,在市中心核心写字楼工作，首选半小时核心通勤圈内。,爱猫狗，喜欢烹饪和插花，主打经济舒适的生活小确幸。,名下持有一套旧两居，置换回款 65% + 个人理财储蓄补充 + 公积金商业贷,重性价比，不盲信大牌，但要求物业管理有序、绿化修剪及时、人防技防规范。,本地常住人口，四季生活规律，度假频次为常规年假出行。
青_2008_00186,青岛,2008,山东省内异地,51,男,3.0,19.5,0.45,32.4,3,2,是,C,network,1,0.49,0.79,0.53,0.62,0.72,0,0.42,0.46,自住-首套,两室一厅,62,4382,国企车间技术主任,二胎黄金期中大户型,与父母同住，三代人拥挤在旧区小户型老房中,小区无地下车库且人车不分流，小孩在楼下玩耍或者推婴儿车极为不安全。,要求有超大面宽南向双阳台（观景家政分离），主卧大飘窗能270度直面自然景观。,在市中心核心写字楼工作，首选半小时核心通勤圈内。,爱猫狗，喜欢烹饪和插花，主打经济舒适的生活小确幸。,夫妻双方积蓄 + 双方父母出资赞助首付 + 公积金商业组合贷款,重性价比，不盲信大牌，但要求物业管理有序、绿化修剪及时、人防技防规范。,本地常住人口，四季生活规律，度假频次为常规年假出行。
青_2008_00187,青岛,2008,北方度假投资,47,男,3.5,31.0,0.5,46.4,2,0,否,B,research,0.6,0.56,1,0.64,0.5,0.6,0,0.02,0.88,投资-长持,一室一厅,61,5592,上市公司退休联合创始人,成熟期核心家庭,青岛中环品质两居，车位及空间极其拥挤,老小区隔音差，邻里滋扰严重，且车位严重匮乏，每晚加班回来抢车位像打仗。,要求有超大面宽南向双阳台（观景家政分离），主卧大飘窗能270度直面自然景观。,在市中心核心写字楼工作，首选半小时核心通勤圈内。,倡导轻户外，周末常带家人自驾野营或山系徒步，注重生活情调与手作咖啡。,名下持有一套旧两居，置换回款 65% + 个人理财储蓄补充 + 公积金商业贷,非仁恒、绿城、万科等金牌开发商不买，极度看重高端精装质量与顶级物业的增值口碑。,每年11月至次年3月到此度过漫长冬季，极其依赖周边的康养及适老化服务。
青_2008_00188,青岛,2008,本地改善,47,男,3.2,22.1,0.4,41.5,3,0,否,B,agent,0.68,0.48,0.83,0.53,0.47,0.81,0.59,0.73,0.68,自住-改善,一室一厅,54,4653,市第二中学地理教师,成熟期核心家庭,青岛中环品质两居，车位及空间极其拥挤,老小区隔音差，邻里滋扰严重，且车位严重匮乏，每晚加班回来抢车位像打仗。,要求有超大面宽南向双阳台（观景家政分离），主卧大飘窗能270度直面自然景观。,在市中心核心写字楼工作，首选半小时核心通勤圈内。,倡导轻户外，周末常带家人自驾野营或山系徒步，注重生活情调与手作咖啡。,名下持有一套旧两居，置换回款 65% + 个人理财储蓄补充 + 公积金商业贷,重性价比，不盲信大牌，但要求物业管理有序、绿化修剪及时、人防技防规范。,本地常住人口，四季生活规律，度假频次为常规年假出行。
青_2008_00189,青岛,2008,本地改善,50,男,1.2,8.4,0.4,15.8,5,1,否,B,agent,0.74,0.46,0.67,0.52,0.33,0.92,0.67,0.81,0.48,自住-改善,两室一厅,99,1046,市第二中学地理教师,三口之家(学龄段),青岛中环品质两居，车位及空间极其拥挤,小区无地下车库且人车不分流，小孩在楼下玩耍或者推婴儿车极为不安全。,讲究超高得房率（超85%），主卧套房必须配备独立步入式衣帽间与干湿分离双卫。,在市中心核心写字楼工作，首选半小时核心通勤圈内。,倡导轻户外，周末常带家人自驾野营或山系徒步，注重生活情调与手作咖啡。,名下持有一套旧两居，置换回款 65% + 个人理财储蓄补充 + 公积金商业贷,重性价比，不盲信大牌，但要求物业管理有序、绿化修剪及时、人防技防规范。,本地常住人口，四季生活规律，度假频次为常规年假出行。
青_2008_00190,青岛,2008,本地改善,42,男,2.3,21.6,0.4,40.5,5,1,否,B,agent,0.74,0.35,0.76,0.64,0.55,0.95,0.59,0.73,0.54,自住-改善,两室两厅,87,2405,国企车间技术主任,三口之家(学龄段),青岛中环品质两居，车位及空间极其拥挤,小区无地下车库且人车不分流，小孩在楼下玩耍或者推婴儿车极为不安全。,要求有超大面宽南向双阳台（观景家政分离），主卧大飘窗能270度直面自然景观。,在市中心核心写字楼工作，首选半小时核心通勤圈内。,倡导轻户外，周末常带家人自驾野营或山系徒步，注重生活情调与手作咖啡。,名下持有一套旧两居，置换回款 65% + 个人理财储蓄补充 + 公积金商业贷,重性价比，不盲信大牌，但要求物业管理有序、绿化修剪及时、人防技防规范。,本地常住人口，四季生活规律，度假频次为常规年假出行。
青_2008_00191,青岛,2008,本地改善,53,女,1.8,11.7,0.4,22.0,3,2,否,B,agent,0.62,0.55,0.77,0.37,0.48,0.85,0.73,0.75,0.57,自住-改善,两室两厅,92,1301,邮政局局长秘书,二胎黄金期中大户型,青岛中环品质两居，车位及空间极其拥挤,小区无地下车库且人车不分流，小孩在楼下玩耍或者推婴儿车极为不安全。,要求有超大面宽南向双阳台（观景家政分离），主卧大飘窗能270度直面自然景观。,在市中心核心写字楼工作，首选半小时核心通勤圈内。,倡导轻户外，周末常带家人自驾野营或山系徒步，注重生活情调与手作咖啡。,名下持有一套旧两居，置换回款 65% + 个人理财储蓄补充 + 公积金商业贷,重性价比，不盲信大牌，但要求物业管理有序、绿化修剪及时、人防技防规范。,本地常住人口，四季生活规律，度假频次为常规年假出行。
青_2008_00192,青岛,2008,北方度假投资,65,女,4.4,51.4,0.5,77.1,3,0,否,B,research,0.83,0.48,0.98,0.68,0.6,0.5,0.0,0.03,0.68,投资-长持,两室一厅,72,6784,高端海景资产收藏家,高知退休康养,青岛中环品质两居，车位及空间极其拥挤,老小区隔音差，邻里滋扰严重，且车位严重匮乏，每晚加班回来抢车位像打仗。,要求有超大面宽南向双阳台（观景家政分离），主卧大飘窗能270度直面自然景观。,在市中心核心写字楼工作，首选半小时核心通勤圈内。,倡导轻户外，周末常带家人自驾野营或山系徒步，注重生活情调与手作咖啡。,名下持有一套旧两居，置换回款 65% + 个人理财储蓄补充 + 公积金商业贷,重性价比，不盲信大牌，但要求物业管理有序、绿化修剪及时、人防技防规范。,每年11月至次年3月到此度过漫长冬季，极其依赖周边的康养及适老化服务。
青_2008_00193,青岛,2008,高端海景收藏,55,男,12.0,93.4,0.6,116.8,3,0,否,A,network,0.68,0.39,1,0.84,0.61,0.52,0.14,0.06,0.85,度假,两室一厅,66,15917,高端海景资产收藏家,高知退休康养,西湖边高精平层,无高端私密会所及管家式物业配套，圈层鱼龙混杂，高净值居住体验差。,要求独立电梯入户，主次卧动线分明，配备独立保姆房和私密后院。,在市中心核心写字楼工作，首选半小时核心通勤圈内。,周末常去高端商圈消费，热衷打网球和马术，重度手冲咖啡及黑胶唱片发烧友。,名下已有企业股权套现或分红现金，一次性全款付清，基本不加杠杆,非仁恒、绿城、万科等金牌开发商不买，极度看重高端精装质量与顶级物业的增值口碑。,本地常住人口，四季生活规律，度假频次为常规年假出行。
青_2008_00194,青岛,2008,本地改善,38,女,3.0,23.5,0.4,44.1,4,1,是,B,agent,0.94,0.4,0.82,0.55,0.43,0.89,0.62,0.53,0.44,自住-改善,两室一厅,80,4075,国企车间技术主任,三口之家(学龄段),青岛中环品质两居，车位及空间极其拥挤,小区无地下车库且人车不分流，小孩在楼下玩耍或者推婴儿车极为不安全。,要求有超大面宽南向双阳台（观景家政分离），主卧大飘窗能270度直面自然景观。,在市中心核心写字楼工作，首选半小时核心通勤圈内。,倡导轻户外，周末常带家人自驾野营或山系徒步，注重生活情调与手作咖啡。,名下持有一套旧两居，置换回款 65% + 个人理财储蓄补充 + 公积金商业贷,重性价比，不盲信大牌，但要求物业管理有序、绿化修剪及时、人防技防规范。,本地常住人口，四季生活规律，度假频次为常规年假出行。
青_2008_00195,青岛,2008,本地改善,45,男,2.5,22.8,0.4,42.8,5,0,否,B,agent,1,0.52,0.7,0.45,0.46,0.8,0.58,0.77,0.53,自住-改善,两室两厅,92,2843,市第二中学地理教师,成熟期核心家庭,青岛中环品质两居，车位及空间极其拥挤,老小区隔音差，邻里滋扰严重，且车位严重匮乏，每晚加班回来抢车位像打仗。,讲究超高得房率（超85%），主卧套房必须配备独立步入式衣帽间与干湿分离双卫。,在市中心核心写字楼工作，首选半小时核心通勤圈内。,倡导轻户外，周末常带家人自驾野营或山系徒步，注重生活情调与手作咖啡。,名下持有一套旧两居，置换回款 65% + 个人理财储蓄补充 + 公积金商业贷,重性价比，不盲信大牌，但要求物业管理有序、绿化修剪及时、人防技防规范。,本地常住人口，四季生活规律，度假频次为常规年假出行。
青_2008_00196,青岛,2008,本地改善,46,男,1.8,18.2,0.4,34.0,4,2,否,B,agent,0.81,0.51,0.72,0.47,0.52,0.76,0.6,0.7,0.63,自住-改善,一室一厅,97,3079,市第二中学地理教师,二胎黄金期中大户型,青岛中环品质两居，车位及空间极其拥挤,小区无地下车库且人车不分流，小孩在楼下玩耍或者推婴儿车极为不安全。,要求有超大面宽南向双阳台（观景家政分离），主卧大飘窗能270度直面自然景观。,在市中心核心写字楼工作，首选半小时核心通勤圈内。,倡导轻户外，周末常带家人自驾野营或山系徒步，注重生活情调与手作咖啡。,名下持有一套旧两居，置换回款 65% + 个人理财储蓄补充 + 公积金商业贷,重性价比，不盲信大牌，但要求物业管理有序、绿化修剪及时、人防技防规范。,本地常住人口，四季生活规律，度假频次为常规年假出行。
青_2008_00197,青岛,2008,本地改善,42,女,2.4,20.9,0.4,39.1,3,1,否,B,agent,0.97,0.53,0.81,0.47,0.44,0.86,0.51,0.68,0.73,自住-改善,两室两厅,100,3225,国企车间技术主任,三口之家(学龄段),青岛中环品质两居，车位及空间极其拥挤,小区无地下车库且人车不分流，小孩在楼下玩耍或者推婴儿车极为不安全。,要求有超大面宽南向双阳台（观景家政分离），主卧大飘窗能270度直面自然景观。,在市中心核心写字楼工作，首选半小时核心通勤圈内。,倡导轻户外，周末常带家人自驾野营或山系徒步，注重生活情调与手作咖啡。,名下持有一套旧两居，置换回款 65% + 个人理财储蓄补充 + 公积金商业贷,非仁恒、绿城、万科等金牌开发商不买，极度看重高端精装质量与顶级物业的增值口碑。,本地常住人口，四季生活规律，度假频次为常规年假出行。
青_2008_00198,青岛,2008,山东省内异地,50,女,1.2,9.8,0.45,16.4,3,0,否,C,network,0.72,0.56,0.84,0.73,0.35,0.75,0,0.54,0.65,自住-改善,两室两厅,84,1601,市第二中学地理教师,成熟期核心家庭,与父母同住，三代人拥挤在旧区小户型老房中,老小区隔音差，邻里滋扰严重，且车位严重匮乏，每晚加班回来抢车位像打仗。,要求独立电梯入户，主次卧动线分明，配备独立保姆房和私密后院。,在市中心核心写字楼工作，首选半小时核心通勤圈内。,爱猫狗，喜欢烹饪和插花，主打经济舒适的生活小确幸。,名下持有一套旧两居，置换回款 65% + 个人理财储蓄补充 + 公积金商业贷,重性价比，不盲信大牌，但要求物业管理有序、绿化修剪及时、人防技防规范。,本地常住人口，四季生活规律，度假频次为常规年假出行。
青_2008_00199,青岛,2008,学区刚需,36,女,1.8,11.0,0.3,27.6,3,1,否,C,agent,0.96,0.55,0.58,0.26,0.44,0.61,0.55,0.91,0.52,学区房,两室一厅,81,2618,区财政局科员,三口之家(幼龄段),与父母同住，三代人拥挤在旧区小户型老房中,小区无地下车库且人车不分流，小孩在楼下玩耍或者推婴儿车极为不安全。,核心要求地块属于第一梯队名校学区，且周边500米内解决幼小衔接教育配套。,在市中心核心写字楼工作，首选半小时核心通勤圈内。,爱猫狗，喜欢烹饪和插花，主打经济舒适的生活小确幸。,名下持有一套旧两居，置换回款 65% + 个人理财储蓄补充 + 公积金商业贷,重性价比，不盲信大牌，但要求物业管理有序、绿化修剪及时、人防技防规范。,本地常住人口，四季生活规律，度假频次为常规年假出行。
青_2008_00200,青岛,2008,本地改善,54,男,2.2,14.9,0.4,27.9,4,2,否,B,agent,0.84,0.49,0.87,0.46,0.41,0.73,0.64,0.71,0.57,自住-改善,两室两厅,99,1411,市第二中学地理教师,二胎黄金期中大户型,青岛中环品质两居，车位及空间极其拥挤,小区无地下车库且人车不分流，小孩在楼下玩耍或者推婴儿车极为不安全。,要求有超大面宽南向双阳台（观景家政分离），主卧大飘窗能270度直面自然景观。,在市中心核心写字楼工作，首选半小时核心通勤圈内。,倡导轻户外，周末常带家人自驾野营或山系徒步，注重生活情调与手作咖啡。,名下持有一套旧两居，置换回款 65% + 个人理财储蓄补充 + 公积金商业贷,重性价比，不盲信大牌，但要求物业管理有序、绿化修剪及时、人防技防规范。,本地常住人口，四季生活规律，度假频次为常规年假出行。
青_2008_00201,青岛,2008,本地改善,51,女,2.7,20.6,0.4,38.6,4,1,否,B,agent,0.49,0.58,0.88,0.6,0.51,1.0,0.7,0.74,0.53,自住-改善,两室一厅,51,4474,国企车间技术主任,三口之家(学龄段),青岛中环品质两居，车位及空间极其拥挤,小区无地下车库且人车不分流，小孩在楼下玩耍或者推婴儿车极为不安全。,要求有超大面宽南向双阳台（观景家政分离），主卧大飘窗能270度直面自然景观。,在市中心核心写字楼工作，首选半小时核心通勤圈内。,倡导轻户外，周末常带家人自驾野营或山系徒步，注重生活情调与手作咖啡。,名下持有一套旧两居，置换回款 65% + 个人理财储蓄补充 + 公积金商业贷,重性价比，不盲信大牌，但要求物业管理有序、绿化修剪及时、人防技防规范。,本地常住人口，四季生活规律，度假频次为常规年假出行。
青_2008_00202,青岛,2008,山东省内异地,51,男,2.8,26.6,0.45,44.3,3,1,否,C,network,0.63,0.59,0.92,0.69,0.49,0.79,0,0.43,0.56,自住-首套,两室两厅,56,5730,国企车间技术主任,三口之家(学龄段),与父母同住，三代人拥挤在旧区小户型老房中,小区无地下车库且人车不分流，小孩在楼下玩耍或者推婴儿车极为不安全。,要求有超大面宽南向双阳台（观景家政分离），主卧大飘窗能270度直面自然景观。,在市中心核心写字楼工作，首选半小时核心通勤圈内。,爱猫狗，喜欢烹饪和插花，主打经济舒适的生活小确幸。,夫妻双方积蓄 + 双方父母出资赞助首付 + 公积金商业组合贷款,重性价比，不盲信大牌，但要求物业管理有序、绿化修剪及时、人防技防规范。,本地常住人口，四季生活规律，度假频次为常规年假出行。
青_2008_00203,青岛,2008,本地改善,36,女,1.9,12.4,0.4,23.2,4,0,否,B,agent,0.68,0.48,0.78,0.47,0.52,0.86,0.57,0.79,0.58,自住-改善,两室两厅,88,1849,邮政局局长秘书,成熟期核心家庭,青岛中环品质两居，车位及空间极其拥挤,老小区隔音差，邻里滋扰严重，且车位严重匮乏，每晚加班回来抢车位像打仗。,要求有超大面宽南向双阳台（观景家政分离），主卧大飘窗能270度直面自然景观。,在市中心核心写字楼工作，首选半小时核心通勤圈内。,倡导轻户外，周末常带家人自驾野营或山系徒步，注重生活情调与手作咖啡。,名下持有一套旧两居，置换回款 65% + 个人理财储蓄补充 + 公积金商业贷,重性价比，不盲信大牌，但要求物业管理有序、绿化修剪及时、人防技防规范。,本地常住人口，四季生活规律，度假频次为常规年假出行。
青_2008_00204,青岛,2008,北方度假投资,46,女,2.4,23.7,0.5,35.5,2,0,否,B,research,0.83,0.56,0.85,0.6,0.45,0.46,0,0.01,0.78,投资-短期,两室一厅,56,4918,知名中医药连锁投资人,成熟期核心家庭,青岛中环品质两居，车位及空间极其拥挤,老小区隔音差，邻里滋扰严重，且车位严重匮乏，每晚加班回来抢车位像打仗。,要求有超大面宽南向双阳台（观景家政分离），主卧大飘窗能270度直面自然景观。,在市中心核心写字楼工作，首选半小时核心通勤圈内。,倡导轻户外，周末常带家人自驾野营或山系徒步，注重生活情调与手作咖啡。,名下持有一套旧两居，置换回款 65% + 个人理财储蓄补充 + 公积金商业贷,非仁恒、绿城、万科等金牌开发商不买，极度看重高端精装质量与顶级物业的增值口碑。,每年11月至次年3月到此度过漫长冬季，极其依赖周边的康养及适老化服务。
青_2008_00205,青岛,2008,本地改善,41,女,1.3,9.9,0.4,18.5,5,1,否,B,agent,0.59,0.5,0.89,0.64,0.51,0.79,0.63,0.57,0.6,自住-改善,两室两厅,53,2369,区财政局科员,三口之家(学龄段),青岛中环品质两居，车位及空间极其拥挤,小区无地下车库且人车不分流，小孩在楼下玩耍或者推婴儿车极为不安全。,要求有超大面宽南向双阳台（观景家政分离），主卧大飘窗能270度直面自然景观。,在市中心核心写字楼工作，首选半小时核心通勤圈内。,倡导轻户外，周末常带家人自驾野营或山系徒步，注重生活情调与手作咖啡。,名下持有一套旧两居，置换回款 65% + 个人理财储蓄补充 + 公积金商业贷,重性价比，不盲信大牌，但要求物业管理有序、绿化修剪及时、人防技防规范。,本地常住人口，四季生活规律，度假频次为常规年假出行。
青_2008_00206,青岛,2008,本地改善,53,男,3.6,34.5,0.4,64.7,4,2,是,B,agent,0.89,0.48,0.81,0.53,0.47,0.86,0.67,0.59,0.54,自住-改善,一室一厅,83,4560,邮政局局长秘书,二胎黄金期中大户型,青岛中环品质两居，车位及空间极其拥挤,小区无地下车库且人车不分流，小孩在楼下玩耍或者推婴儿车极为不安全。,要求有超大面宽南向双阳台（观景家政分离），主卧大飘窗能270度直面自然景观。,在市中心核心写字楼工作，首选半小时核心通勤圈内。,倡导轻户外，周末常带家人自驾野营或山系徒步，注重生活情调与手作咖啡。,名下持有一套旧两居，置换回款 65% + 个人理财储蓄补充 + 公积金商业贷,重性价比，不盲信大牌，但要求物业管理有序、绿化修剪及时、人防技防规范。,本地常住人口，四季生活规律，度假频次为常规年假出行。
青_2008_00207,青岛,2008,本地改善,48,女,1.5,11.8,0.4,22.1,4,2,否,B,agent,0.79,0.52,0.73,0.4,0.52,0.85,0.56,0.69,0.6,自住-改善,两室一厅,76,1465,区财政局科员,二胎黄金期中大户型,青岛中环品质两居，车位及空间极其拥挤,小区无地下车库且人车不分流，小孩在楼下玩耍或者推婴儿车极为不安全。,要求有超大面宽南向双阳台（观景家政分离），主卧大飘窗能270度直面自然景观。,在市中心核心写字楼工作，首选半小时核心通勤圈内。,倡导轻户外，周末常带家人自驾野营或山系徒步，注重生活情调与手作咖啡。,名下持有一套旧两居，置换回款 65% + 个人理财储蓄补充 + 公积金商业贷,重性价比，不盲信大牌，但要求物业管理有序、绿化修剪及时、人防技防规范。,本地常住人口，四季生活规律，度假频次为常规年假出行。
青_2008_00208,青岛,2008,本地改善,54,男,1.2,9.9,0.4,18.5,5,1,是,B,agent,0.81,0.67,0.68,0.69,0.56,0.78,0.63,0.75,0.68,自住-改善,两室一厅,90,1588,市第二中学地理教师,三口之家(学龄段),青岛中环品质两居，车位及空间极其拥挤,小区无地下车库且人车不分流，小孩在楼下玩耍或者推婴儿车极为不安全。,讲究超高得房率（超85%），主卧套房必须配备独立步入式衣帽间与干湿分离双卫。,在市中心核心写字楼工作，首选半小时核心通勤圈内。,倡导轻户外，周末常带家人自驾野营或山系徒步，注重生活情调与手作咖啡。,名下持有一套旧两居，置换回款 65% + 个人理财储蓄补充 + 公积金商业贷,重性价比，不盲信大牌，但要求物业管理有序、绿化修剪及时、人防技防规范。,本地常住人口，四季生活规律，度假频次为常规年假出行。
青_2008_00209,青岛,2008,本地改善,37,男,2.1,13.5,0.4,25.4,5,0,是,B,agent,0.57,0.52,0.84,0.42,0.5,0.88,0.63,0.72,0.5,自住-改善,两室两厅,70,2773,邮政局局长秘书,成熟期核心家庭,青岛中环品质两居，车位及空间极其拥挤,当前房屋属于旧多层无电梯房，父母年纪渐高每天爬楼梯极为吃力。,要求有超大面宽南向双阳台（观景家政分离），主卧大飘窗能270度直面自然景观。,在市中心核心写字楼工作，首选半小时核心通勤圈内。,倡导轻户外，周末常带家人自驾野营或山系徒步，注重生活情调与手作咖啡。,名下持有一套旧两居，置换回款 65% + 个人理财储蓄补充 + 公积金商业贷,重性价比，不盲信大牌，但要求物业管理有序、绿化修剪及时、人防技防规范。,本地常住人口，四季生活规律，度假频次为常规年假出行。
青_2008_00210,青岛,2008,山东省内异地,55,男,2.1,15.1,0.45,25.2,3,2,否,C,network,0.82,0.65,0.84,0.51,0.4,0.73,0.02,0.42,0.47,自住-改善,一室一厅,65,2505,国企车间技术主任,二胎黄金期中大户型,与父母同住，三代人拥挤在旧区小户型老房中,小区无地下车库且人车不分流，小孩在楼下玩耍或者推婴儿车极为不安全。,要求有超大面宽南向双阳台（观景家政分离），主卧大飘窗能270度直面自然景观。,在市中心核心写字楼工作，首选半小时核心通勤圈内。,爱猫狗，喜欢烹饪和插花，主打经济舒适的生活小确幸。,名下持有一套旧两居，置换回款 65% + 个人理财储蓄补充 + 公积金商业贷,重性价比，不盲信大牌，但要求物业管理有序、绿化修剪及时、人防技防规范。,本地常住人口，四季生活规律，度假频次为常规年假出行。
青_2008_00211,青岛,2008,本地改善,47,女,2.6,23.8,0.4,44.6,4,1,是,B,agent,0.43,0.45,0.69,0.53,0.41,0.88,0.51,0.62,0.46,自住-改善,两室一厅,81,4787,国企车间技术主任,三口之家(学龄段),青岛中环品质两居，车位及空间极其拥挤,小区无地下车库且人车不分流，小孩在楼下玩耍或者推婴儿车极为不安全。,讲究超高得房率（超85%），主卧套房必须配备独立步入式衣帽间与干湿分离双卫。,在市中心核心写字楼工作，首选半小时核心通勤圈内。,倡导轻户外，周末常带家人自驾野营或山系徒步，注重生活情调与手作咖啡。,名下持有一套旧两居，置换回款 65% + 个人理财储蓄补充 + 公积金商业贷,重性价比，不盲信大牌，但要求物业管理有序、绿化修剪及时、人防技防规范。,本地常住人口，四季生活规律，度假频次为常规年假出行。
青_2008_00212,青岛,2008,山东省内异地,55,女,1.4,9.2,0.45,15.3,3,1,否,C,network,0.61,0.57,0.98,0.6,0.51,0.76,0,0.33,0.5,自住-首套,两室两厅,68,1686,邮政局局长秘书,三口之家(学龄段),与父母同住，三代人拥挤在旧区小户型老房中,小区无地下车库且人车不分流，小孩在楼下玩耍或者推婴儿车极为不安全。,要求有超大面宽南向双阳台（观景家政分离），主卧大飘窗能270度直面自然景观。,在市中心核心写字楼工作，首选半小时核心通勤圈内。,爱猫狗，喜欢烹饪和插花，主打经济舒适的生活小确幸。,夫妻双方积蓄 + 双方父母出资赞助首付 + 公积金商业组合贷款,重性价比，不盲信大牌，但要求物业管理有序、绿化修剪及时、人防技防规范。,本地常住人口，四季生活规律，度假频次为常规年假出行。
青_2008_00213,青岛,2008,山东省内异地,50,男,1.2,13.0,0.45,21.6,3,1,是,C,network,0.57,0.71,0.93,0.4,0.49,0.53,0,0.42,0.55,自住-改善,两室一厅,90,2102,市第二中学地理教师,三口之家(学龄段),与父母同住，三代人拥挤在旧区小户型老房中,小区无地下车库且人车不分流，小孩在楼下玩耍或者推婴儿车极为不安全。,要求有超大面宽南向双阳台（观景家政分离），主卧大飘窗能270度直面自然景观。,在市中心核心写字楼工作，首选半小时核心通勤圈内。,爱猫狗，喜欢烹饪和插花，主打经济舒适的生活小确幸。,名下持有一套旧两居，置换回款 65% + 个人理财储蓄补充 + 公积金商业贷,重性价比，不盲信大牌，但要求物业管理有序、绿化修剪及时、人防技防规范。,本地常住人口，四季生活规律，度假频次为常规年假出行。
青_2008_00214,青岛,2008,学区刚需,34,女,2.6,13.8,0.3,34.5,3,1,否,C,agent,1,0.39,0.49,0.25,0.47,0.71,0.46,1,0.46,学区房,两室两厅,66,3642,市第二中学地理教师,三口之家(幼龄段),与父母同住，三代人拥挤在旧区小户型老房中,小区无地下车库且人车不分流，小孩在楼下玩耍或者推婴儿车极为不安全。,讲究超高得房率（超85%），主卧套房必须配备独立步入式衣帽间与干湿分离双卫。,在市中心核心写字楼工作，首选半小时核心通勤圈内。,爱猫狗，喜欢烹饪和插花，主打经济舒适的生活小确幸。,名下持有一套旧两居，置换回款 65% + 个人理财储蓄补充 + 公积金商业贷,重性价比，不盲信大牌，但要求物业管理有序、绿化修剪及时、人防技防规范。,本地常住人口，四季生活规律，度假频次为常规年假出行。
青_2008_00215,青岛,2008,山东省内异地,43,女,1.7,17.4,0.45,29.0,3,1,否,C,network,0.72,0.57,0.87,0.53,0.53,0.71,0,0.35,0.49,自住-改善,两室两厅,80,2755,市第二中学地理教师,三口之家(学龄段),与父母同住，三代人拥挤在旧区小户型老房中,小区无地下车库且人车不分流，小孩在楼下玩耍或者推婴儿车极为不安全。,要求有超大面宽南向双阳台（观景家政分离），主卧大飘窗能270度直面自然景观。,在市中心核心写字楼工作，首选半小时核心通勤圈内。,爱猫狗，喜欢烹饪和插花，主打经济舒适的生活小确幸。,名下持有一套旧两居，置换回款 65% + 个人理财储蓄补充 + 公积金商业贷,重性价比，不盲信大牌，但要求物业管理有序、绿化修剪及时、人防技防规范。,本地常住人口，四季生活规律，度假频次为常规年假出行。
青_2008_00216,青岛,2008,学区刚需,30,女,1.3,6.5,0.3,16.2,4,1,否,C,agent,0.84,0.6,0.49,0.31,0.32,0.68,0.47,0.8,0.5,学区房,两室一厅,100,1445,市第二中学地理教师,三口之家(幼龄段),与父母同住，三代人拥挤在旧区小户型老房中,小区无地下车库且人车不分流，小孩在楼下玩耍或者推婴儿车极为不安全。,核心要求地块属于第一梯队名校学区，且周边500米内解决幼小衔接教育配套。,在市中心核心写字楼工作，首选半小时核心通勤圈内。,爱猫狗，喜欢烹饪和插花，主打经济舒适的生活小确幸。,名下持有一套旧两居，置换回款 65% + 个人理财储蓄补充 + 公积金商业贷,重性价比，不盲信大牌，但要求物业管理有序、绿化修剪及时、人防技防规范。,本地常住人口，四季生活规律，度假频次为常规年假出行。
青_2008_00217,青岛,2008,本地改善,44,男,1.3,11.3,0.4,21.3,4,1,否,B,agent,0.82,0.37,0.82,0.46,0.59,0.77,0.59,0.69,0.57,自住-改善,两室一厅,66,1871,邮政局局长秘书,三口之家(学龄段),青岛中环品质两居，车位及空间极其拥挤,小区无地下车库且人车不分流，小孩在楼下玩耍或者推婴儿车极为不安全。,要求有超大面宽南向双阳台（观景家政分离），主卧大飘窗能270度直面自然景观。,在市中心核心写字楼工作，首选半小时核心通勤圈内。,倡导轻户外，周末常带家人自驾野营或山系徒步，注重生活情调与手作咖啡。,名下持有一套旧两居，置换回款 65% + 个人理财储蓄补充 + 公积金商业贷,重性价比，不盲信大牌，但要求物业管理有序、绿化修剪及时、人防技防规范。,本地常住人口，四季生活规律，度假频次为常规年假出行。
青_2008_00218,青岛,2008,山东省内异地,52,女,2.9,18.8,0.45,31.4,3,2,是,C,network,0.74,0.62,0.9,0.5,0.45,0.71,0.13,0.41,0.55,自住-首套,两室两厅,96,1750,国企车间技术主任,二胎黄金期中大户型,与父母同住，三代人拥挤在旧区小户型老房中,小区无地下车库且人车不分流，小孩在楼下玩耍或者推婴儿车极为不安全。,要求有超大面宽南向双阳台（观景家政分离），主卧大飘窗能270度直面自然景观。,在市中心核心写字楼工作，首选半小时核心通勤圈内。,爱猫狗，喜欢烹饪和插花，主打经济舒适的生活小确幸。,夫妻双方积蓄 + 双方父母出资赞助首付 + 公积金商业组合贷款,重性价比，不盲信大牌，但要求物业管理有序、绿化修剪及时、人防技防规范。,本地常住人口，四季生活规律，度假频次为常规年假出行。
青_2008_00219,青岛,2008,本地改善,49,女,1.7,17.0,0.4,31.9,4,1,是,B,agent,0.68,0.5,0.71,0.61,0.66,0.89,0.77,0.58,0.65,自住-改善,两室两厅,78,3391,区财政局科员,三口之家(学龄段),青岛中环品质两居，车位及空间极其拥挤,小区无地下车库且人车不分流，小孩在楼下玩耍或者推婴儿车极为不安全。,要求有超大面宽南向双阳台（观景家政分离），主卧大飘窗能270度直面自然景观。,在市中心核心写字楼工作，首选半小时核心通勤圈内。,倡导轻户外，周末常带家人自驾野营或山系徒步，注重生活情调与手作咖啡。,名下持有一套旧两居，置换回款 65% + 个人理财储蓄补充 + 公积金商业贷,重性价比，不盲信大牌，但要求物业管理有序、绿化修剪及时、人防技防规范。,本地常住人口，四季生活规律，度假频次为常规年假出行。
青_2008_00220,青岛,2008,山东省内异地,42,男,2.9,18.7,0.45,31.2,3,1,否,C,network,0.7,0.67,0.75,0.53,0.44,0.79,0.05,0.41,0.63,自住-改善,一室一厅,81,3158,国企车间技术主任,三口之家(学龄段),与父母同住，三代人拥挤在旧区小户型老房中,小区无地下车库且人车不分流，小孩在楼下玩耍或者推婴儿车极为不安全。,要求有超大面宽南向双阳台（观景家政分离），主卧大飘窗能270度直面自然景观。,在市中心核心写字楼工作，首选半小时核心通勤圈内。,爱猫狗，喜欢烹饪和插花，主打经济舒适的生活小确幸。,名下持有一套旧两居，置换回款 65% + 个人理财储蓄补充 + 公积金商业贷,重性价比，不盲信大牌，但要求物业管理有序、绿化修剪及时、人防技防规范。,本地常住人口，四季生活规律，度假频次为常规年假出行。
青_2008_00221,青岛,2008,本地改善,55,女,2.8,27.0,0.4,50.7,4,1,是,B,agent,1,0.49,0.72,0.55,0.47,0.9,0.58,0.75,0.45,自住-改善,一室一厅,67,6521,国企车间技术主任,三口之家(学龄段),青岛中环品质两居，车位及空间极其拥挤,小区无地下车库且人车不分流，小孩在楼下玩耍或者推婴儿车极为不安全。,要求有超大面宽南向双阳台（观景家政分离），主卧大飘窗能270度直面自然景观。,在市中心核心写字楼工作，首选半小时核心通勤圈内。,倡导轻户外，周末常带家人自驾野营或山系徒步，注重生活情调与手作咖啡。,名下持有一套旧两居，置换回款 65% + 个人理财储蓄补充 + 公积金商业贷,重性价比，不盲信大牌，但要求物业管理有序、绿化修剪及时、人防技防规范。,本地常住人口，四季生活规律，度假频次为常规年假出行。
青_2008_00222,青岛,2008,北方度假投资,65,女,5.3,62.0,0.5,92.9,2,0,否,B,research,1,0.37,0.92,0.62,0.55,0.48,0.16,0,0.8,度假,两室两厅,89,7532,上市公司退休联合创始人,高知退休康养,青岛中环品质两居，车位及空间极其拥挤,老小区隔音差，邻里滋扰严重，且车位严重匮乏，每晚加班回来抢车位像打仗。,要求有超大面宽南向双阳台（观景家政分离），主卧大飘窗能270度直面自然景观。,在市中心核心写字楼工作，首选半小时核心通勤圈内。,倡导轻户外，周末常带家人自驾野营或山系徒步，注重生活情调与手作咖啡。,名下持有一套旧两居，置换回款 65% + 个人理财储蓄补充 + 公积金商业贷,非仁恒、绿城、万科等金牌开发商不买，极度看重高端精装质量与顶级物业的增值口碑。,每年11月至次年3月到此度过漫长冬季，极其依赖周边的康养及适老化服务。
青_2008_00223,青岛,2008,本地改善,53,女,2.2,21.4,0.4,40.1,4,0,是,B,agent,0.92,0.55,0.87,0.54,0.56,0.99,0.7,0.74,0.48,自住-改善,两室两厅,85,2464,区财政局科员,成熟期核心家庭,青岛中环品质两居，车位及空间极其拥挤,当前房屋属于旧多层无电梯房，父母年纪渐高每天爬楼梯极为吃力。,要求有超大面宽南向双阳台（观景家政分离），主卧大飘窗能270度直面自然景观。,在市中心核心写字楼工作，首选半小时核心通勤圈内。,倡导轻户外，周末常带家人自驾野营或山系徒步，注重生活情调与手作咖啡。,名下持有一套旧两居，置换回款 65% + 个人理财储蓄补充 + 公积金商业贷,重性价比，不盲信大牌，但要求物业管理有序、绿化修剪及时、人防技防规范。,本地常住人口，四季生活规律，度假频次为常规年假出行。
青_2008_00224,青岛,2008,本地改善,50,女,1.1,8.3,0.4,15.6,3,1,是,B,agent,0.69,0.61,0.62,0.68,0.63,0.96,0.53,0.7,0.62,自住-改善,两室两厅,83,943,国企车间技术主任,三口之家(学龄段),青岛中环品质两居，车位及空间极其拥挤,小区无地下车库且人车不分流，小孩在楼下玩耍或者推婴儿车极为不安全。,讲究超高得房率（超85%），主卧套房必须配备独立步入式衣帽间与干湿分离双卫。,在市中心核心写字楼工作，首选半小时核心通勤圈内。,倡导轻户外，周末常带家人自驾野营或山系徒步，注重生活情调与手作咖啡。,名下持有一套旧两居，置换回款 65% + 个人理财储蓄补充 + 公积金商业贷,重性价比，不盲信大牌，但要求物业管理有序、绿化修剪及时、人防技防规范。,本地常住人口，四季生活规律，度假频次为常规年假出行。
青_2008_00225,青岛,2008,山东省内异地,40,男,3.1,19.0,0.45,31.6,3,1,否,C,network,0.74,0.65,0.78,0.48,0.57,0.69,0.06,0.34,0.58,自住-改善,两室一厅,65,3138,市第二中学地理教师,三口之家(学龄段),与父母同住，三代人拥挤在旧区小户型老房中,小区无地下车库且人车不分流，小孩在楼下玩耍或者推婴儿车极为不安全。,要求有超大面宽南向双阳台（观景家政分离），主卧大飘窗能270度直面自然景观。,在市中心核心写字楼工作，首选半小时核心通勤圈内。,爱猫狗，喜欢烹饪和插花，主打经济舒适的生活小确幸。,名下持有一套旧两居，置换回款 65% + 个人理财储蓄补充 + 公积金商业贷,重性价比，不盲信大牌，但要求物业管理有序、绿化修剪及时、人防技防规范。,本地常住人口，四季生活规律，度假频次为常规年假出行。
青_2008_00226,青岛,2008,本地改善,47,男,1.7,17.6,0.4,33.0,5,1,是,B,agent,0.91,0.54,0.7,0.53,0.62,0.86,0.49,0.76,0.6,自住-改善,两室两厅,70,2537,邮政局局长秘书,三口之家(学龄段),青岛中环品质两居，车位及空间极其拥挤,小区无地下车库且人车不分流，小孩在楼下玩耍或者推婴儿车极为不安全。,要求有超大面宽南向双阳台（观景家政分离），主卧大飘窗能270度直面自然景观。,在市中心核心写字楼工作，首选半小时核心通勤圈内。,倡导轻户外，周末常带家人自驾野营或山系徒步，注重生活情调与手作咖啡。,名下持有一套旧两居，置换回款 65% + 个人理财储蓄补充 + 公积金商业贷,重性价比，不盲信大牌，但要求物业管理有序、绿化修剪及时、人防技防规范。,本地常住人口，四季生活规律，度假频次为常规年假出行。
青_2008_00227,青岛,2008,本地改善,44,男,2.5,16.8,0.4,31.6,4,1,是,B,agent,0.75,0.49,0.78,0.49,0.66,1,0.57,0.52,0.5,自住-改善,一室一厅,85,2455,邮政局局长秘书,三口之家(学龄段),青岛中环品质两居，车位及空间极其拥挤,小区无地下车库且人车不分流，小孩在楼下玩耍或者推婴儿车极为不安全。,要求有超大面宽南向双阳台（观景家政分离），主卧大飘窗能270度直面自然景观。,在市中心核心写字楼工作，首选半小时核心通勤圈内。,倡导轻户外，周末常带家人自驾野营或山系徒步，注重生活情调与手作咖啡。,名下持有一套旧两居，置换回款 65% + 个人理财储蓄补充 + 公积金商业贷,重性价比，不盲信大牌，但要求物业管理有序、绿化修剪及时、人防技防规范。,本地常住人口，四季生活规律，度假频次为常规年假出行。
青_2008_00228,青岛,2008,山东省内异地,49,女,2.3,20.4,0.45,34.1,4,1,否,C,network,0.48,0.53,0.8,0.72,0.47,0.75,0.05,0.39,0.6,自住-改善,一室一厅,85,2052,市第二中学地理教师,三口之家(学龄段),与父母同住，三代人拥挤在旧区小户型老房中,小区无地下车库且人车不分流，小孩在楼下玩耍或者推婴儿车极为不安全。,要求独立电梯入户，主次卧动线分明，配备独立保姆房和私密后院。,在市中心核心写字楼工作，首选半小时核心通勤圈内。,爱猫狗，喜欢烹饪和插花，主打经济舒适的生活小确幸。,名下持有一套旧两居，置换回款 65% + 个人理财储蓄补充 + 公积金商业贷,重性价比，不盲信大牌，但要求物业管理有序、绿化修剪及时、人防技防规范。,本地常住人口，四季生活规律，度假频次为常规年假出行。
青_2008_00229,青岛,2008,本地改善,47,男,1.5,14.4,0.4,26.9,4,0,否,B,agent,0.88,0.44,0.95,0.68,0.61,0.88,0.66,0.72,0.68,自住-改善,两室一厅,57,2971,区财政局科员,成熟期核心家庭,青岛中环品质两居，车位及空间极其拥挤,老小区隔音差，邻里滋扰严重，且车位严重匮乏，每晚加班回来抢车位像打仗。,要求有超大面宽南向双阳台（观景家政分离），主卧大飘窗能270度直面自然景观。,在市中心核心写字楼工作，首选半小时核心通勤圈内。,倡导轻户外，周末常带家人自驾野营或山系徒步，注重生活情调与手作咖啡。,名下持有一套旧两居，置换回款 65% + 个人理财储蓄补充 + 公积金商业贷,重性价比，不盲信大牌，但要求物业管理有序、绿化修剪及时、人防技防规范。,本地常住人口，四季生活规律，度假频次为常规年假出行。
青_2008_00230,青岛,2008,学区刚需,38,男,2.2,10.5,0.3,26.2,2,1,否,C,agent,1,0.49,0.38,0.42,0.32,0.79,0.48,0.82,0.42,学区房,两室两厅,74,2093,邮政局局长秘书,三口之家(学龄段),与父母同住，三代人拥挤在旧区小户型老房中,小区无地下车库且人车不分流，小孩在楼下玩耍或者推婴儿车极为不安全。,讲究超高得房率（超85%），主卧套房必须配备独立步入式衣帽间与干湿分离双卫。,在市中心核心写字楼工作，首选半小时核心通勤圈内。,爱猫狗，喜欢烹饪和插花，主打经济舒适的生活小确幸。,名下持有一套旧两居，置换回款 65% + 个人理财储蓄补充 + 公积金商业贷,重性价比，不盲信大牌，但要求物业管理有序、绿化修剪及时、人防技防规范。,本地常住人口，四季生活规律，度假频次为常规年假出行。
青_2008_00231,青岛,2008,本地改善,44,男,2.8,21.9,0.4,41.0,3,0,是,B,agent,0.91,0.4,0.78,0.6,0.52,0.92,0.61,0.71,0.58,自住-改善,两室两厅,74,4335,市第二中学地理教师,成熟期核心家庭,青岛中环品质两居，车位及空间极其拥挤,当前房屋属于旧多层无电梯房，父母年纪渐高每天爬楼梯极为吃力。,要求有超大面宽南向双阳台（观景家政分离），主卧大飘窗能270度直面自然景观。,在市中心核心写字楼工作，首选半小时核心通勤圈内。,倡导轻户外，周末常带家人自驾野营或山系徒步，注重生活情调与手作咖啡。,名下持有一套旧两居，置换回款 65% + 个人理财储蓄补充 + 公积金商业贷,重性价比，不盲信大牌，但要求物业管理有序、绿化修剪及时、人防技防规范。,本地常住人口，四季生活规律，度假频次为常规年假出行。
青_2008_00232,青岛,2008,山东省内异地,52,女,2.7,17.2,0.45,28.7,2,3,否,C,network,0.55,0.57,0.9,0.46,0.4,0.64,0,0.44,0.41,自住-改善,两室一厅,75,2120,区财政局科员,二胎黄金期中大户型,与父母同住，三代人拥挤在旧区小户型老房中,小区无地下车库且人车不分流，小孩在楼下玩耍或者推婴儿车极为不安全。,要求有超大面宽南向双阳台（观景家政分离），主卧大飘窗能270度直面自然景观。,在市中心核心写字楼工作，首选半小时核心通勤圈内。,爱猫狗，喜欢烹饪和插花，主打经济舒适的生活小确幸。,名下持有一套旧两居，置换回款 65% + 个人理财储蓄补充 + 公积金商业贷,重性价比，不盲信大牌，但要求物业管理有序、绿化修剪及时、人防技防规范。,本地常住人口，四季生活规律，度假频次为常规年假出行。
青_2008_00233,青岛,2008,本地改善,36,男,2.0,20.1,0.4,37.7,4,1,否,B,agent,0.79,0.51,0.75,0.66,0.55,0.89,0.64,0.73,0.54,自住-改善,两室一厅,52,5006,国企车间技术主任,三口之家(幼龄段),青岛中环品质两居，车位及空间极其拥挤,小区无地下车库且人车不分流，小孩在楼下玩耍或者推婴儿车极为不安全。,要求有超大面宽南向双阳台（观景家政分离），主卧大飘窗能270度直面自然景观。,在市中心核心写字楼工作，首选半小时核心通勤圈内。,倡导轻户外，周末常带家人自驾野营或山系徒步，注重生活情调与手作咖啡。,名下持有一套旧两居，置换回款 65% + 个人理财储蓄补充 + 公积金商业贷,重性价比，不盲信大牌，但要求物业管理有序、绿化修剪及时、人防技防规范。,本地常住人口，四季生活规律，度假频次为常规年假出行。
青_2008_00234,青岛,2008,学区刚需,42,女,1.7,11.2,0.3,27.9,3,1,否,C,agent,0.9,0.61,0.27,0.23,0.39,0.77,0.5,0.93,0.42,学区房,两室一厅,95,2325,邮政局局长秘书,三口之家(学龄段),与父母同住，三代人拥挤在旧区小户型老房中,小区无地下车库且人车不分流，小孩在楼下玩耍或者推婴儿车极为不安全。,讲究超高得房率（超85%），主卧套房必须配备独立步入式衣帽间与干湿分离双卫。,在市中心核心写字楼工作，首选半小时核心通勤圈内。,爱猫狗，喜欢烹饪和插花，主打经济舒适的生活小确幸。,名下持有一套旧两居，置换回款 65% + 个人理财储蓄补充 + 公积金商业贷,重性价比，不盲信大牌，但要求物业管理有序、绿化修剪及时、人防技防规范。,本地常住人口，四季生活规律，度假频次为常规年假出行。
青_2008_00235,青岛,2008,本地改善,38,男,3.2,29.5,0.4,55.2,5,1,是,B,agent,0.75,0.42,0.78,0.36,0.5,0.86,0.62,0.67,0.55,自住-改善,两室一厅,61,5707,区财政局科员,三口之家(学龄段),青岛中环品质两居，车位及空间极其拥挤,小区无地下车库且人车不分流，小孩在楼下玩耍或者推婴儿车极为不安全。,要求有超大面宽南向双阳台（观景家政分离），主卧大飘窗能270度直面自然景观。,在市中心核心写字楼工作，首选半小时核心通勤圈内。,倡导轻户外，周末常带家人自驾野营或山系徒步，注重生活情调与手作咖啡。,名下持有一套旧两居，置换回款 65% + 个人理财储蓄补充 + 公积金商业贷,重性价比，不盲信大牌，但要求物业管理有序、绿化修剪及时、人防技防规范。,本地常住人口，四季生活规律，度假频次为常规年假出行。
青_2008_00236,青岛,2008,山东省内异地,55,男,1.4,10.9,0.45,18.1,3,1,否,C,network,0.74,0.43,0.72,0.46,0.44,0.64,0,0.38,0.59,自住-首套,两室两厅,93,1483,区财政局科员,三口之家(学龄段),与父母同住，三代人拥挤在旧区小户型老房中,小区无地下车库且人车不分流，小孩在楼下玩耍或者推婴儿车极为不安全。,要求有超大面宽南向双阳台（观景家政分离），主卧大飘窗能270度直面自然景观。,在市中心核心写字楼工作，首选半小时核心通勤圈内。,爱猫狗，喜欢烹饪和插花，主打经济舒适的生活小确幸。,夫妻双方积蓄 + 双方父母出资赞助首付 + 公积金商业组合贷款,重性价比，不盲信大牌，但要求物业管理有序、绿化修剪及时、人防技防规范。,本地常住人口，四季生活规律，度假频次为常规年假出行。
青_2008_00237,青岛,2008,本地改善,44,男,1.8,10.8,0.4,20.3,3,1,否,B,agent,0.85,0.57,0.7,0.52,0.29,0.9,0.69,0.66,0.62,自住-改善,一室一厅,52,2507,市第二中学地理教师,三口之家(学龄段),青岛中环品质两居，车位及空间极其拥挤,小区无地下车库且人车不分流，小孩在楼下玩耍或者推婴儿车极为不安全。,要求有超大面宽南向双阳台（观景家政分离），主卧大飘窗能270度直面自然景观。,在市中心核心写字楼工作，首选半小时核心通勤圈内。,倡导轻户外，周末常带家人自驾野营或山系徒步，注重生活情调与手作咖啡。,名下持有一套旧两居，置换回款 65% + 个人理财储蓄补充 + 公积金商业贷,重性价比，不盲信大牌，但要求物业管理有序、绿化修剪及时、人防技防规范。,本地常住人口，四季生活规律，度假频次为常规年假出行。
青_2008_00238,青岛,2008,山东省内异地,54,女,2.3,13.2,0.45,21.9,4,1,否,C,network,0.58,0.61,0.77,0.63,0.47,0.8,0.03,0.45,0.52,自住-改善,两室一厅,69,2341,市第二中学地理教师,三口之家(学龄段),与父母同住，三代人拥挤在旧区小户型老房中,小区无地下车库且人车不分流，小孩在楼下玩耍或者推婴儿车极为不安全。,要求有超大面宽南向双阳台（观景家政分离），主卧大飘窗能270度直面自然景观。,在市中心核心写字楼工作，首选半小时核心通勤圈内。,爱猫狗，喜欢烹饪和插花，主打经济舒适的生活小确幸。,名下持有一套旧两居，置换回款 65% + 个人理财储蓄补充 + 公积金商业贷,重性价比，不盲信大牌，但要求物业管理有序、绿化修剪及时、人防技防规范。,本地常住人口，四季生活规律，度假频次为常规年假出行。
青_2008_00239,青岛,2008,本地改善,37,男,1.6,13.4,0.4,25.1,4,1,否,B,agent,0.65,0.36,0.72,0.45,0.44,0.92,0.68,0.67,0.73,自住-改善,两室一厅,54,2378,国企车间技术主任,三口之家(幼龄段),青岛中环品质两居，车位及空间极其拥挤,小区无地下车库且人车不分流，小孩在楼下玩耍或者推婴儿车极为不安全。,要求有超大面宽南向双阳台（观景家政分离），主卧大飘窗能270度直面自然景观。,在市中心核心写字楼工作，首选半小时核心通勤圈内。,倡导轻户外，周末常带家人自驾野营或山系徒步，注重生活情调与手作咖啡。,名下持有一套旧两居，置换回款 65% + 个人理财储蓄补充 + 公积金商业贷,非仁恒、绿城、万科等金牌开发商不买，极度看重高端精装质量与顶级物业的增值口碑。,本地常住人口，四季生活规律，度假频次为常规年假出行。
青_2008_00240,青岛,2008,本地改善,40,女,2.1,15.1,0.4,28.3,4,1,否,B,agent,0.91,0.48,0.78,0.49,0.49,0.76,0.69,0.81,0.61,自住-改善,一室一厅,55,3065,区财政局科员,三口之家(学龄段),青岛中环品质两居，车位及空间极其拥挤,小区无地下车库且人车不分流，小孩在楼下玩耍或者推婴儿车极为不安全。,要求有超大面宽南向双阳台（观景家政分离），主卧大飘窗能270度直面自然景观。,在市中心核心写字楼工作，首选半小时核心通勤圈内。,倡导轻户外，周末常带家人自驾野营或山系徒步，注重生活情调与手作咖啡。,名下持有一套旧两居，置换回款 65% + 个人理财储蓄补充 + 公积金商业贷,重性价比，不盲信大牌，但要求物业管理有序、绿化修剪及时、人防技防规范。,本地常住人口，四季生活规律，度假频次为常规年假出行。
青_2008_00241,青岛,2008,本地改善,45,男,3.7,28.6,0.4,53.7,4,2,否,B,agent,0.55,0.45,0.88,0.62,0.62,0.91,0.54,0.56,0.56,自住-改善,一室一厅,88,3671,区财政局科员,二胎黄金期中大户型,青岛中环品质两居，车位及空间极其拥挤,小区无地下车库且人车不分流，小孩在楼下玩耍或者推婴儿车极为不安全。,要求有超大面宽南向双阳台（观景家政分离），主卧大飘窗能270度直面自然景观。,在市中心核心写字楼工作，首选半小时核心通勤圈内。,倡导轻户外，周末常带家人自驾野营或山系徒步，注重生活情调与手作咖啡。,名下持有一套旧两居，置换回款 65% + 个人理财储蓄补充 + 公积金商业贷,重性价比，不盲信大牌，但要求物业管理有序、绿化修剪及时、人防技防规范。,本地常住人口，四季生活规律，度假频次为常规年假出行。
青_2008_00242,青岛,2008,学区刚需,34,女,2.2,15.1,0.3,37.8,2,1,否,C,agent,0.98,0.48,0.22,0.29,0.28,0.84,0.53,0.92,0.6,学区房,两室一厅,94,3461,国企车间技术主任,三口之家(幼龄段),与父母同住，三代人拥挤在旧区小户型老房中,小区无地下车库且人车不分流，小孩在楼下玩耍或者推婴儿车极为不安全。,讲究超高得房率（超85%），主卧套房必须配备独立步入式衣帽间与干湿分离双卫。,在市中心核心写字楼工作，首选半小时核心通勤圈内。,爱猫狗，喜欢烹饪和插花，主打经济舒适的生活小确幸。,名下持有一套旧两居，置换回款 65% + 个人理财储蓄补充 + 公积金商业贷,重性价比，不盲信大牌，但要求物业管理有序、绿化修剪及时、人防技防规范。,本地常住人口，四季生活规律，度假频次为常规年假出行。
青_2008_00243,青岛,2008,本地改善,48,女,2.9,19.0,0.4,35.6,5,1,是,B,agent,0.86,0.46,0.8,0.63,0.62,1,0.65,0.76,0.54,自住-改善,一室一厅,89,3429,国企车间技术主任,三口之家(学龄段),青岛中环品质两居，车位及空间极其拥挤,小区无地下车库且人车不分流，小孩在楼下玩耍或者推婴儿车极为不安全。,要求有超大面宽南向双阳台（观景家政分离），主卧大飘窗能270度直面自然景观。,在市中心核心写字楼工作，首选半小时核心通勤圈内。,倡导轻户外，周末常带家人自驾野营或山系徒步，注重生活情调与手作咖啡。,名下持有一套旧两居，置换回款 65% + 个人理财储蓄补充 + 公积金商业贷,重性价比，不盲信大牌，但要求物业管理有序、绿化修剪及时、人防技防规范。,本地常住人口，四季生活规律，度假频次为常规年假出行。
青_2008_00244,青岛,2008,本地改善,49,男,1.0,6.1,0.4,11.4,4,1,否,B,agent,0.83,0.56,0.76,0.55,0.65,0.68,0.6,0.8,0.59,自住-改善,一室一厅,94,1004,邮政局局长秘书,三口之家(学龄段),青岛中环品质两居，车位及空间极其拥挤,小区无地下车库且人车不分流，小孩在楼下玩耍或者推婴儿车极为不安全。,要求有超大面宽南向双阳台（观景家政分离），主卧大飘窗能270度直面自然景观。,在市中心核心写字楼工作，首选半小时核心通勤圈内。,倡导轻户外，周末常带家人自驾野营或山系徒步，注重生活情调与手作咖啡。,名下持有一套旧两居，置换回款 65% + 个人理财储蓄补充 + 公积金商业贷,重性价比，不盲信大牌，但要求物业管理有序、绿化修剪及时、人防技防规范。,本地常住人口，四季生活规律，度假频次为常规年假出行。
青_2008_00245,青岛,2008,本地改善,45,男,2.3,23.7,0.4,44.5,4,1,否,B,agent,0.73,0.51,0.71,0.54,0.62,0.98,0.68,0.78,0.48,自住-改善,两室两厅,60,6204,区财政局科员,三口之家(学龄段),青岛中环品质两居，车位及空间极其拥挤,小区无地下车库且人车不分流，小孩在楼下玩耍或者推婴儿车极为不安全。,要求有超大面宽南向双阳台（观景家政分离），主卧大飘窗能270度直面自然景观。,在市中心核心写字楼工作，首选半小时核心通勤圈内。,倡导轻户外，周末常带家人自驾野营或山系徒步，注重生活情调与手作咖啡。,名下持有一套旧两居，置换回款 65% + 个人理财储蓄补充 + 公积金商业贷,重性价比，不盲信大牌，但要求物业管理有序、绿化修剪及时、人防技防规范。,本地常住人口，四季生活规律，度假频次为常规年假出行。
青_2008_00246,青岛,2008,高端海景收藏,51,女,18.2,201.9,0.6,252.4,2,0,否,A,network,0.85,0.41,1,0.82,0.77,0.66,0,0.04,0.93,投资-长持,三室两厅,128,14395,知名中医药连锁投资人,成熟期核心家庭,陆家嘴核心区江景大平层,无高端私密会所及管家式物业配套，圈层鱼龙混杂，高净值居住体验差。,要求独立电梯入户，主次卧动线分明，配备独立保姆房和私密后院。,在市中心核心写字楼工作，首选半小时核心通勤圈内。,周末常去高端商圈消费，热衷打网球和马术，重度手冲咖啡及黑胶唱片发烧友。,名下已有企业股权套现或分红现金，一次性全款付清，基本不加杠杆,非仁恒、绿城、万科等金牌开发商不买，极度看重高端精装质量与顶级物业的增值口碑。,本地常住人口，四季生活规律，度假频次为常规年假出行。
青_2008_00247,青岛,2008,山东省内异地,43,男,2.6,23.0,0.45,38.3,3,1,否,C,network,0.51,0.54,0.92,0.51,0.38,0.59,0.02,0.39,0.52,自住-改善,一室一厅,92,2590,区财政局科员,三口之家(学龄段),与父母同住，三代人拥挤在旧区小户型老房中,小区无地下车库且人车不分流，小孩在楼下玩耍或者推婴儿车极为不安全。,要求有超大面宽南向双阳台（观景家政分离），主卧大飘窗能270度直面自然景观。,在市中心核心写字楼工作，首选半小时核心通勤圈内。,爱猫狗，喜欢烹饪和插花，主打经济舒适的生活小确幸。,名下持有一套旧两居，置换回款 65% + 个人理财储蓄补充 + 公积金商业贷,重性价比，不盲信大牌，但要求物业管理有序、绿化修剪及时、人防技防规范。,本地常住人口，四季生活规律，度假频次为常规年假出行。
青_2008_00248,青岛,2008,本地改善,46,男,2.1,13.6,0.4,25.4,4,2,否,B,agent,0.54,0.49,0.62,0.45,0.46,0.8,0.58,0.73,0.51,自住-改善,两室两厅,83,2465,市第二中学地理教师,二胎黄金期中大户型,青岛中环品质两居，车位及空间极其拥挤,小区无地下车库且人车不分流，小孩在楼下玩耍或者推婴儿车极为不安全。,讲究超高得房率（超85%），主卧套房必须配备独立步入式衣帽间与干湿分离双卫。,在市中心核心写字楼工作，首选半小时核心通勤圈内。,倡导轻户外，周末常带家人自驾野营或山系徒步，注重生活情调与手作咖啡。,名下持有一套旧两居，置换回款 65% + 个人理财储蓄补充 + 公积金商业贷,重性价比，不盲信大牌，但要求物业管理有序、绿化修剪及时、人防技防规范。,本地常住人口，四季生活规律，度假频次为常规年假出行。
青_2008_00249,青岛,2008,山东省内异地,52,女,3.1,20.7,0.45,34.5,3,1,否,C,network,0.49,0.58,0.72,0.59,0.4,0.72,0,0.32,0.61,自住-首套,两室一厅,86,2524,市第二中学地理教师,三口之家(学龄段),与父母同住，三代人拥挤在旧区小户型老房中,小区无地下车库且人车不分流，小孩在楼下玩耍或者推婴儿车极为不安全。,要求有超大面宽南向双阳台（观景家政分离），主卧大飘窗能270度直面自然景观。,在市中心核心写字楼工作，首选半小时核心通勤圈内。,爱猫狗，喜欢烹饪和插花，主打经济舒适的生活小确幸。,夫妻双方积蓄 + 双方父母出资赞助首付 + 公积金商业组合贷款,重性价比，不盲信大牌，但要求物业管理有序、绿化修剪及时、人防技防规范。,本地常住人口，四季生活规律，度假频次为常规年假出行。
青_2008_00250,青岛,2008,本地改善,40,女,1.9,14.9,0.4,27.9,4,1,是,B,agent,0.72,0.54,0.63,0.51,0.49,0.85,0.66,0.74,0.45,自住-改善,两室一厅,83,2285,国企车间技术主任,三口之家(学龄段),青岛中环品质两居，车位及空间极其拥挤,小区无地下车库且人车不分流，小孩在楼下玩耍或者推婴儿车极为不安全。,讲究超高得房率（超85%），主卧套房必须配备独立步入式衣帽间与干湿分离双卫。,在市中心核心写字楼工作，首选半小时核心通勤圈内。,倡导轻户外，周末常带家人自驾野营或山系徒步，注重生活情调与手作咖啡。,名下持有一套旧两居，置换回款 65% + 个人理财储蓄补充 + 公积金商业贷,重性价比，不盲信大牌，但要求物业管理有序、绿化修剪及时、人防技防规范。,本地常住人口，四季生活规律，度假频次为常规年假出行。
青_2008_00251,青岛,2008,本地改善,55,女,2.7,25.7,0.4,48.1,3,0,否,B,agent,0.92,0.47,0.68,0.52,0.46,0.78,0.64,0.73,0.52,自住-改善,一室一厅,66,3645,邮政局局长秘书,高知退休康养,青岛中环品质两居，车位及空间极其拥挤,老小区隔音差，邻里滋扰严重，且车位严重匮乏，每晚加班回来抢车位像打仗。,讲究超高得房率（超85%），主卧套房必须配备独立步入式衣帽间与干湿分离双卫。,在市中心核心写字楼工作，首选半小时核心通勤圈内。,倡导轻户外，周末常带家人自驾野营或山系徒步，注重生活情调与手作咖啡。,名下持有一套旧两居，置换回款 65% + 个人理财储蓄补充 + 公积金商业贷,重性价比，不盲信大牌，但要求物业管理有序、绿化修剪及时、人防技防规范。,本地常住人口，四季生活规律，度假频次为常规年假出行。
青_2008_00252,青岛,2008,本地改善,49,女,0.9,9.3,0.4,17.4,4,2,否,B,agent,0.63,0.65,0.77,0.51,0.56,0.76,0.53,0.66,0.58,自住-改善,两室两厅,61,1658,区财政局科员,二胎黄金期中大户型,青岛中环品质两居，车位及空间极其拥挤,小区无地下车库且人车不分流，小孩在楼下玩耍或者推婴儿车极为不安全。,要求有超大面宽南向双阳台（观景家政分离），主卧大飘窗能270度直面自然景观。,在市中心核心写字楼工作，首选半小时核心通勤圈内。,倡导轻户外，周末常带家人自驾野营或山系徒步，注重生活情调与手作咖啡。,名下持有一套旧两居，置换回款 65% + 个人理财储蓄补充 + 公积金商业贷,重性价比，不盲信大牌，但要求物业管理有序、绿化修剪及时、人防技防规范。,本地常住人口，四季生活规律，度假频次为常规年假出行。
青_2008_00253,青岛,2008,北方度假投资,55,女,3.8,29.1,0.5,43.7,1,0,否,B,research,0.87,0.49,0.86,0.52,0.56,0.37,0.08,0,0.7,度假,一室一厅,57,3960,知名中医药连锁投资人,高知退休康养,青岛中环品质两居，车位及空间极其拥挤,老小区隔音差，邻里滋扰严重，且车位严重匮乏，每晚加班回来抢车位像打仗。,要求有超大面宽南向双阳台（观景家政分离），主卧大飘窗能270度直面自然景观。,在市中心核心写字楼工作，首选半小时核心通勤圈内。,倡导轻户外，周末常带家人自驾野营或山系徒步，注重生活情调与手作咖啡。,名下持有一套旧两居，置换回款 65% + 个人理财储蓄补充 + 公积金商业贷,重性价比，不盲信大牌，但要求物业管理有序、绿化修剪及时、人防技防规范。,每年11月至次年3月到此度过漫长冬季，极其依赖周边的康养及适老化服务。
青_2008_00254,青岛,2008,本地改善,50,女,1.7,11.0,0.4,20.6,3,1,是,B,agent,0.87,0.55,0.62,0.56,0.35,0.91,0.46,0.63,0.54,自住-改善,一室一厅,93,1318,区财政局科员,三口之家(学龄段),青岛中环品质两居，车位及空间极其拥挤,小区无地下车库且人车不分流，小孩在楼下玩耍或者推婴儿车极为不安全。,讲究超高得房率（超85%），主卧套房必须配备独立步入式衣帽间与干湿分离双卫。,在市中心核心写字楼工作，首选半小时核心通勤圈内。,倡导轻户外，周末常带家人自驾野营或山系徒步，注重生活情调与手作咖啡。,名下持有一套旧两居，置换回款 65% + 个人理财储蓄补充 + 公积金商业贷,重性价比，不盲信大牌，但要求物业管理有序、绿化修剪及时、人防技防规范。,本地常住人口，四季生活规律，度假频次为常规年假出行。
青_2008_00255,青岛,2008,北方度假投资,52,男,4.3,39.3,0.5,59.0,2,0,否,B,research,0.45,0.76,0.91,0.61,0.38,0.61,0.0,0,0.69,投资-短期,两室一厅,71,4340,知名中医药连锁投资人,成熟期核心家庭,青岛中环品质两居，车位及空间极其拥挤,老小区隔音差，邻里滋扰严重，且车位严重匮乏，每晚加班回来抢车位像打仗。,要求有超大面宽南向双阳台（观景家政分离），主卧大飘窗能270度直面自然景观。,在市中心核心写字楼工作，首选半小时核心通勤圈内。,倡导轻户外，周末常带家人自驾野营或山系徒步，注重生活情调与手作咖啡。,名下持有一套旧两居，置换回款 65% + 个人理财储蓄补充 + 公积金商业贷,重性价比，不盲信大牌，但要求物业管理有序、绿化修剪及时、人防技防规范。,每年11月至次年3月到此度过漫长冬季，极其依赖周边的康养及适老化服务。
青_2008_00256,青岛,2008,学区刚需,44,女,1.3,8.2,0.3,20.4,2,1,是,C,agent,0.98,0.53,0.4,0.42,0.14,0.75,0.59,0.88,0.46,学区房,两室一厅,60,2289,国企车间技术主任,三口之家(学龄段),与父母同住，三代人拥挤在旧区小户型老房中,小区无地下车库且人车不分流，小孩在楼下玩耍或者推婴儿车极为不安全。,讲究超高得房率（超85%），主卧套房必须配备独立步入式衣帽间与干湿分离双卫。,在市中心核心写字楼工作，首选半小时核心通勤圈内。,爱猫狗，喜欢烹饪和插花，主打经济舒适的生活小确幸。,名下持有一套旧两居，置换回款 65% + 个人理财储蓄补充 + 公积金商业贷,重性价比，不盲信大牌，但要求物业管理有序、绿化修剪及时、人防技防规范。,本地常住人口，四季生活规律，度假频次为常规年假出行。
青_2008_00257,青岛,2008,本地改善,35,男,2.0,12.0,0.4,22.4,4,0,否,B,agent,0.53,0.47,0.84,0.5,0.41,0.87,0.58,0.75,0.58,自住-改善,两室两厅,64,2958,国企车间技术主任,新婚过渡两居,青岛中环品质两居，车位及空间极其拥挤,老小区隔音差，邻里滋扰严重，且车位严重匮乏，每晚加班回来抢车位像打仗。,要求有超大面宽南向双阳台（观景家政分离），主卧大飘窗能270度直面自然景观。,在市中心核心写字楼工作，首选半小时核心通勤圈内。,倡导轻户外，周末常带家人自驾野营或山系徒步，注重生活情调与手作咖啡。,名下持有一套旧两居，置换回款 65% + 个人理财储蓄补充 + 公积金商业贷,重性价比，不盲信大牌，但要求物业管理有序、绿化修剪及时、人防技防规范。,本地常住人口，四季生活规律，度假频次为常规年假出行。
青_2008_00258,青岛,2008,本地改善,54,男,3.0,18.3,0.4,34.3,4,1,否,B,agent,0.79,0.43,0.74,0.44,0.6,0.84,0.7,0.64,0.68,自住-改善,两室两厅,87,2852,区财政局科员,三口之家(学龄段),青岛中环品质两居，车位及空间极其拥挤,小区无地下车库且人车不分流，小孩在楼下玩耍或者推婴儿车极为不安全。,要求有超大面宽南向双阳台（观景家政分离），主卧大飘窗能270度直面自然景观。,在市中心核心写字楼工作，首选半小时核心通勤圈内。,倡导轻户外，周末常带家人自驾野营或山系徒步，注重生活情调与手作咖啡。,名下持有一套旧两居，置换回款 65% + 个人理财储蓄补充 + 公积金商业贷,重性价比，不盲信大牌，但要求物业管理有序、绿化修剪及时、人防技防规范。,本地常住人口，四季生活规律，度假频次为常规年假出行。
青_2008_00259,青岛,2008,山东省内异地,54,女,1.4,9.5,0.45,15.8,3,1,是,C,network,0.73,0.63,0.95,0.64,0.64,0.68,0,0.31,0.53,自住-首套,一室一厅,86,1615,市第二中学地理教师,三口之家(学龄段),与父母同住，三代人拥挤在旧区小户型老房中,小区无地下车库且人车不分流，小孩在楼下玩耍或者推婴儿车极为不安全。,要求有超大面宽南向双阳台（观景家政分离），主卧大飘窗能270度直面自然景观。,在市中心核心写字楼工作，首选半小时核心通勤圈内。,爱猫狗，喜欢烹饪和插花，主打经济舒适的生活小确幸。,夫妻双方积蓄 + 双方父母出资赞助首付 + 公积金商业组合贷款,重性价比，不盲信大牌，但要求物业管理有序、绿化修剪及时、人防技防规范。,本地常住人口，四季生活规律，度假频次为常规年假出行。
青_2008_00260,青岛,2008,学区刚需,40,女,1.6,10.9,0.3,27.1,4,2,否,C,agent,0.91,0.53,0.49,0.39,0.42,0.81,0.57,0.87,0.38,学区房,两室两厅,86,2477,国企车间技术主任,二胎黄金期中大户型,与父母同住，三代人拥挤在旧区小户型老房中,小区无地下车库且人车不分流，小孩在楼下玩耍或者推婴儿车极为不安全。,讲究超高得房率（超85%），主卧套房必须配备独立步入式衣帽间与干湿分离双卫。,在市中心核心写字楼工作，首选半小时核心通勤圈内。,爱猫狗，喜欢烹饪和插花，主打经济舒适的生活小确幸。,名下持有一套旧两居，置换回款 65% + 个人理财储蓄补充 + 公积金商业贷,重性价比，不盲信大牌，但要求物业管理有序、绿化修剪及时、人防技防规范。,本地常住人口，四季生活规律，度假频次为常规年假出行。
青_2008_00261,青岛,2008,本地改善,37,女,1.4,10.0,0.4,18.8,4,1,是,B,agent,0.83,0.62,0.72,0.57,0.5,0.7,0.65,0.72,0.66,自住-改善,一室一厅,83,1795,区财政局科员,三口之家(幼龄段),青岛中环品质两居，车位及空间极其拥挤,小区无地下车库且人车不分流，小孩在楼下玩耍或者推婴儿车极为不安全。,要求有超大面宽南向双阳台（观景家政分离），主卧大飘窗能270度直面自然景观。,在市中心核心写字楼工作，首选半小时核心通勤圈内。,倡导轻户外，周末常带家人自驾野营或山系徒步，注重生活情调与手作咖啡。,名下持有一套旧两居，置换回款 65% + 个人理财储蓄补充 + 公积金商业贷,重性价比，不盲信大牌，但要求物业管理有序、绿化修剪及时、人防技防规范。,本地常住人口，四季生活规律，度假频次为常规年假出行。
青_2008_00262,青岛,2008,高端海景收藏,65,男,7.4,96.4,0.6,120.5,2,0,否,A,network,0.91,0.18,1,0.87,0.84,0.58,0,0.07,0.95,投资-长持,两室一厅,97,9218,上市公司退休联合创始人,高知退休康养,陆家嘴核心区江景大平层,无高端私密会所及管家式物业配套，圈层鱼龙混杂，高净值居住体验差。,要求独立电梯入户，主次卧动线分明，配备独立保姆房和私密后院。,在市中心核心写字楼工作，首选半小时核心通勤圈内。,周末常去高端商圈消费，热衷打网球和马术，重度手冲咖啡及黑胶唱片发烧友。,名下已有企业股权套现或分红现金，一次性全款付清，基本不加杠杆,非仁恒、绿城、万科等金牌开发商不买，极度看重高端精装质量与顶级物业的增值口碑。,本地常住人口，四季生活规律，度假频次为常规年假出行。
青_2008_00263,青岛,2008,本地改善,51,男,2.9,21.8,0.4,40.8,3,2,否,B,agent,0.8,0.58,0.6,0.5,0.49,0.87,0.62,0.81,0.64,自住-改善,两室两厅,89,3132,区财政局科员,二胎黄金期中大户型,青岛中环品质两居，车位及空间极其拥挤,小区无地下车库且人车不分流，小孩在楼下玩耍或者推婴儿车极为不安全。,讲究超高得房率（超85%），主卧套房必须配备独立步入式衣帽间与干湿分离双卫。,在市中心核心写字楼工作，首选半小时核心通勤圈内。,倡导轻户外，周末常带家人自驾野营或山系徒步，注重生活情调与手作咖啡。,名下持有一套旧两居，置换回款 65% + 个人理财储蓄补充 + 公积金商业贷,重性价比，不盲信大牌，但要求物业管理有序、绿化修剪及时、人防技防规范。,本地常住人口，四季生活规律，度假频次为常规年假出行。
青_2008_00264,青岛,2008,本地改善,50,男,3.4,33.7,0.4,63.2,4,1,否,B,agent,0.93,0.43,0.7,0.48,0.47,0.85,0.7,0.67,0.48,自住-改善,两室一厅,95,4813,国企车间技术主任,三口之家(学龄段),青岛中环品质两居，车位及空间极其拥挤,小区无地下车库且人车不分流，小孩在楼下玩耍或者推婴儿车极为不安全。,要求有超大面宽南向双阳台（观景家政分离），主卧大飘窗能270度直面自然景观。,在市中心核心写字楼工作，首选半小时核心通勤圈内。,倡导轻户外，周末常带家人自驾野营或山系徒步，注重生活情调与手作咖啡。,名下持有一套旧两居，置换回款 65% + 个人理财储蓄补充 + 公积金商业贷,重性价比，不盲信大牌，但要求物业管理有序、绿化修剪及时、人防技防规范。,本地常住人口，四季生活规律，度假频次为常规年假出行。
青_2008_00265,青岛,2008,山东省内异地,55,男,2.9,29.1,0.45,48.4,5,1,是,C,network,0.55,0.46,0.92,0.38,0.43,0.76,0.12,0.31,0.65,自住-首套,两室两厅,73,4778,区财政局科员,三口之家(学龄段),与父母同住，三代人拥挤在旧区小户型老房中,小区无地下车库且人车不分流，小孩在楼下玩耍或者推婴儿车极为不安全。,要求有超大面宽南向双阳台（观景家政分离），主卧大飘窗能270度直面自然景观。,在市中心核心写字楼工作，首选半小时核心通勤圈内。,爱猫狗，喜欢烹饪和插花，主打经济舒适的生活小确幸。,夫妻双方积蓄 + 双方父母出资赞助首付 + 公积金商业组合贷款,重性价比，不盲信大牌，但要求物业管理有序、绿化修剪及时、人防技防规范。,本地常住人口，四季生活规律，度假频次为常规年假出行。
青_2008_00266,青岛,2008,本地改善,36,男,2.2,21.0,0.4,39.4,4,1,是,B,agent,1,0.5,0.82,0.55,0.47,0.71,0.79,0.73,0.73,自住-改善,一室一厅,75,4616,国企车间技术主任,三口之家(幼龄段),青岛中环品质两居，车位及空间极其拥挤,小区无地下车库且人车不分流，小孩在楼下玩耍或者推婴儿车极为不安全。,要求有超大面宽南向双阳台（观景家政分离），主卧大飘窗能270度直面自然景观。,在市中心核心写字楼工作，首选半小时核心通勤圈内。,倡导轻户外，周末常带家人自驾野营或山系徒步，注重生活情调与手作咖啡。,名下持有一套旧两居，置换回款 65% + 个人理财储蓄补充 + 公积金商业贷,非仁恒、绿城、万科等金牌开发商不买，极度看重高端精装质量与顶级物业的增值口碑。,本地常住人口，四季生活规律，度假频次为常规年假出行。
青_2008_00267,青岛,2008,本地改善,49,男,3.6,25.4,0.4,47.6,4,0,否,B,agent,0.81,0.31,0.65,0.39,0.47,0.79,0.58,0.68,0.44,自住-改善,一室一厅,74,4257,市第二中学地理教师,成熟期核心家庭,青岛中环品质两居，车位及空间极其拥挤,老小区隔音差，邻里滋扰严重，且车位严重匮乏，每晚加班回来抢车位像打仗。,讲究超高得房率（超85%），主卧套房必须配备独立步入式衣帽间与干湿分离双卫。,在市中心核心写字楼工作，首选半小时核心通勤圈内。,倡导轻户外，周末常带家人自驾野营或山系徒步，注重生活情调与手作咖啡。,名下持有一套旧两居，置换回款 65% + 个人理财储蓄补充 + 公积金商业贷,重性价比，不盲信大牌，但要求物业管理有序、绿化修剪及时、人防技防规范。,本地常住人口，四季生活规律，度假频次为常规年假出行。
青_2008_00268,青岛,2008,本地改善,43,女,1.0,8.6,0.4,16.2,5,1,否,B,agent,0.53,0.57,0.7,0.47,0.48,0.86,0.61,0.81,0.38,自住-改善,两室一厅,98,921,邮政局局长秘书,三口之家(学龄段),青岛中环品质两居，车位及空间极其拥挤,小区无地下车库且人车不分流，小孩在楼下玩耍或者推婴儿车极为不安全。,讲究超高得房率（超85%），主卧套房必须配备独立步入式衣帽间与干湿分离双卫。,在市中心核心写字楼工作，首选半小时核心通勤圈内。,倡导轻户外，周末常带家人自驾野营或山系徒步，注重生活情调与手作咖啡。,名下持有一套旧两居，置换回款 65% + 个人理财储蓄补充 + 公积金商业贷,重性价比，不盲信大牌，但要求物业管理有序、绿化修剪及时、人防技防规范。,本地常住人口，四季生活规律，度假频次为常规年假出行。
青_2008_00269,青岛,2008,学区刚需,38,女,1.3,8.7,0.3,21.6,3,1,否,C,agent,0.92,0.54,0.39,0.28,0.34,0.74,0.55,1,0.5,学区房,一室一厅,93,1191,市第二中学地理教师,三口之家(学龄段),与父母同住，三代人拥挤在旧区小户型老房中,小区无地下车库且人车不分流，小孩在楼下玩耍或者推婴儿车极为不安全。,讲究超高得房率（超85%），主卧套房必须配备独立步入式衣帽间与干湿分离双卫。,在市中心核心写字楼工作，首选半小时核心通勤圈内。,爱猫狗，喜欢烹饪和插花，主打经济舒适的生活小确幸。,名下持有一套旧两居，置换回款 65% + 个人理财储蓄补充 + 公积金商业贷,重性价比，不盲信大牌，但要求物业管理有序、绿化修剪及时、人防技防规范。,本地常住人口，四季生活规律，度假频次为常规年假出行。
青_2008_00270,青岛,2008,本地改善,37,女,2.2,21.8,0.4,40.8,5,1,是,B,agent,0.65,0.46,0.76,0.57,0.55,0.8,0.68,0.58,0.63,自住-改善,一室一厅,72,4238,邮政局局长秘书,三口之家(幼龄段),青岛中环品质两居，车位及空间极其拥挤,小区无地下车库且人车不分流，小孩在楼下玩耍或者推婴儿车极为不安全。,要求有超大面宽南向双阳台（观景家政分离），主卧大飘窗能270度直面自然景观。,在市中心核心写字楼工作，首选半小时核心通勤圈内。,倡导轻户外，周末常带家人自驾野营或山系徒步，注重生活情调与手作咖啡。,名下持有一套旧两居，置换回款 65% + 个人理财储蓄补充 + 公积金商业贷,重性价比，不盲信大牌，但要求物业管理有序、绿化修剪及时、人防技防规范。,本地常住人口，四季生活规律，度假频次为常规年假出行。
青_2008_00271,青岛,2008,本地改善,42,男,2.2,22.1,0.4,41.5,4,2,是,B,agent,0.87,0.51,0.76,0.59,0.48,0.92,0.5,0.67,0.59,自住-改善,两室一厅,77,2759,邮政局局长秘书,二胎黄金期中大户型,青岛中环品质两居，车位及空间极其拥挤,小区无地下车库且人车不分流，小孩在楼下玩耍或者推婴儿车极为不安全。,要求有超大面宽南向双阳台（观景家政分离），主卧大飘窗能270度直面自然景观。,在市中心核心写字楼工作，首选半小时核心通勤圈内。,倡导轻户外，周末常带家人自驾野营或山系徒步，注重生活情调与手作咖啡。,名下持有一套旧两居，置换回款 65% + 个人理财储蓄补充 + 公积金商业贷,重性价比，不盲信大牌，但要求物业管理有序、绿化修剪及时、人防技防规范。,本地常住人口，四季生活规律，度假频次为常规年假出行。
青_2008_00272,青岛,2008,本地改善,38,男,1.5,14.1,0.4,26.5,4,1,否,B,agent,0.66,0.54,0.9,0.47,0.46,0.95,0.6,0.58,0.64,自住-改善,一室一厅,99,1782,邮政局局长秘书,三口之家(学龄段),青岛中环品质两居，车位及空间极其拥挤,小区无地下车库且人车不分流，小孩在楼下玩耍或者推婴儿车极为不安全。,要求有超大面宽南向双阳台（观景家政分离），主卧大飘窗能270度直面自然景观。,在市中心核心写字楼工作，首选半小时核心通勤圈内。,倡导轻户外，周末常带家人自驾野营或山系徒步，注重生活情调与手作咖啡。,名下持有一套旧两居，置换回款 65% + 个人理财储蓄补充 + 公积金商业贷,重性价比，不盲信大牌，但要求物业管理有序、绿化修剪及时、人防技防规范。,本地常住人口，四季生活规律，度假频次为常规年假出行。
青_2008_00273,青岛,2008,山东省内异地,54,女,2.3,23.1,0.45,38.5,3,1,是,C,network,0.42,0.66,0.99,0.52,0.44,0.78,0,0.43,0.54,自住-首套,两室两厅,77,2825,邮政局局长秘书,三口之家(学龄段),与父母同住，三代人拥挤在旧区小户型老房中,小区无地下车库且人车不分流，小孩在楼下玩耍或者推婴儿车极为不安全。,要求有超大面宽南向双阳台（观景家政分离），主卧大飘窗能270度直面自然景观。,在市中心核心写字楼工作，首选半小时核心通勤圈内。,爱猫狗，喜欢烹饪和插花，主打经济舒适的生活小确幸。,夫妻双方积蓄 + 双方父母出资赞助首付 + 公积金商业组合贷款,重性价比，不盲信大牌，但要求物业管理有序、绿化修剪及时、人防技防规范。,本地常住人口，四季生活规律，度假频次为常规年假出行。
青_2008_00274,青岛,2008,本地改善,35,女,2.8,20.3,0.4,38.1,4,1,是,B,agent,0.79,0.6,0.69,0.33,0.51,0.66,0.56,0.65,0.6,自住-改善,两室两厅,61,4392,国企车间技术主任,三口之家(幼龄段),青岛中环品质两居，车位及空间极其拥挤,小区无地下车库且人车不分流，小孩在楼下玩耍或者推婴儿车极为不安全。,要求采光通透，全明户型，带多功能嵌入式收纳墙以最大化空间利用。,在市中心核心写字楼工作，首选半小时核心通勤圈内。,倡导轻户外，周末常带家人自驾野营或山系徒步，注重生活情调与手作咖啡。,名下持有一套旧两居，置换回款 65% + 个人理财储蓄补充 + 公积金商业贷,重性价比，不盲信大牌，但要求物业管理有序、绿化修剪及时、人防技防规范。,本地常住人口，四季生活规律，度假频次为常规年假出行。
青_2008_00275,青岛,2008,本地改善,38,女,1.3,12.1,0.4,22.6,5,2,否,B,agent,0.92,0.64,0.82,0.64,0.52,0.99,0.59,0.74,0.5,自住-改善,一室一厅,62,2615,区财政局科员,二胎黄金期中大户型,青岛中环品质两居，车位及空间极其拥挤,小区无地下车库且人车不分流，小孩在楼下玩耍或者推婴儿车极为不安全。,要求有超大面宽南向双阳台（观景家政分离），主卧大飘窗能270度直面自然景观。,在市中心核心写字楼工作，首选半小时核心通勤圈内。,倡导轻户外，周末常带家人自驾野营或山系徒步，注重生活情调与手作咖啡。,名下持有一套旧两居，置换回款 65% + 个人理财储蓄补充 + 公积金商业贷,重性价比，不盲信大牌，但要求物业管理有序、绿化修剪及时、人防技防规范。,本地常住人口，四季生活规律，度假频次为常规年假出行。
青_2008_00276,青岛,2008,学区刚需,38,男,1.9,10.0,0.3,25.1,2,1,是,C,agent,1.0,0.52,0.33,0.29,0.39,0.79,0.57,1,0.51,学区房,一室一厅,64,2477,市第二中学地理教师,三口之家(学龄段),与父母同住，三代人拥挤在旧区小户型老房中,小区无地下车库且人车不分流，小孩在楼下玩耍或者推婴儿车极为不安全。,讲究超高得房率（超85%），主卧套房必须配备独立步入式衣帽间与干湿分离双卫。,在市中心核心写字楼工作，首选半小时核心通勤圈内。,爱猫狗，喜欢烹饪和插花，主打经济舒适的生活小确幸。,名下持有一套旧两居，置换回款 65% + 个人理财储蓄补充 + 公积金商业贷,重性价比，不盲信大牌，但要求物业管理有序、绿化修剪及时、人防技防规范。,本地常住人口，四季生活规律，度假频次为常规年假出行。
青_2008_00277,青岛,2008,本地改善,51,女,1.7,11.6,0.4,21.8,4,1,是,B,agent,0.72,0.54,0.75,0.44,0.55,0.91,0.51,0.68,0.56,自住-改善,两室两厅,86,1977,市第二中学地理教师,三口之家(学龄段),青岛中环品质两居，车位及空间极其拥挤,小区无地下车库且人车不分流，小孩在楼下玩耍或者推婴儿车极为不安全。,要求有超大面宽南向双阳台（观景家政分离），主卧大飘窗能270度直面自然景观。,在市中心核心写字楼工作，首选半小时核心通勤圈内。,倡导轻户外，周末常带家人自驾野营或山系徒步，注重生活情调与手作咖啡。,名下持有一套旧两居，置换回款 65% + 个人理财储蓄补充 + 公积金商业贷,重性价比，不盲信大牌，但要求物业管理有序、绿化修剪及时、人防技防规范。,本地常住人口，四季生活规律，度假频次为常规年假出行。
青_2008_00278,青岛,2008,本地改善,35,女,3.9,33.1,0.4,62.0,5,1,否,B,agent,0.8,0.51,0.85,0.53,0.41,0.88,0.63,0.74,0.61,自住-改善,两室两厅,57,9441,国企车间技术主任,三口之家(幼龄段),青岛中环品质两居，车位及空间极其拥挤,小区无地下车库且人车不分流，小孩在楼下玩耍或者推婴儿车极为不安全。,要求有超大面宽南向双阳台（观景家政分离），主卧大飘窗能270度直面自然景观。,在市中心核心写字楼工作，首选半小时核心通勤圈内。,倡导轻户外，周末常带家人自驾野营或山系徒步，注重生活情调与手作咖啡。,名下持有一套旧两居，置换回款 65% + 个人理财储蓄补充 + 公积金商业贷,重性价比，不盲信大牌，但要求物业管理有序、绿化修剪及时、人防技防规范。,本地常住人口，四季生活规律，度假频次为常规年假出行。
青_2008_00279,青岛,2008,学区刚需,33,男,1.2,6.6,0.3,16.4,2,1,否,C,agent,0.69,0.48,0.43,0.41,0.35,0.88,0.59,0.82,0.54,学区房,两室一厅,57,2197,邮政局局长秘书,三口之家(幼龄段),与父母同住，三代人拥挤在旧区小户型老房中,小区无地下车库且人车不分流，小孩在楼下玩耍或者推婴儿车极为不安全。,讲究超高得房率（超85%），主卧套房必须配备独立步入式衣帽间与干湿分离双卫。,在市中心核心写字楼工作，首选半小时核心通勤圈内。,爱猫狗，喜欢烹饪和插花，主打经济舒适的生活小确幸。,名下持有一套旧两居，置换回款 65% + 个人理财储蓄补充 + 公积金商业贷,重性价比，不盲信大牌，但要求物业管理有序、绿化修剪及时、人防技防规范。,本地常住人口，四季生活规律，度假频次为常规年假出行。
青_2008_00280,青岛,2008,本地改善,37,女,2.2,18.6,0.4,34.8,4,1,是,B,agent,0.94,0.55,0.7,0.46,0.34,0.89,0.68,0.56,0.39,自住-改善,两室两厅,68,4009,区财政局科员,三口之家(幼龄段),青岛中环品质两居，车位及空间极其拥挤,小区无地下车库且人车不分流，小孩在楼下玩耍或者推婴儿车极为不安全。,要求有超大面宽南向双阳台（观景家政分离），主卧大飘窗能270度直面自然景观。,在市中心核心写字楼工作，首选半小时核心通勤圈内。,倡导轻户外，周末常带家人自驾野营或山系徒步，注重生活情调与手作咖啡。,名下持有一套旧两居，置换回款 65% + 个人理财储蓄补充 + 公积金商业贷,重性价比，不盲信大牌，但要求物业管理有序、绿化修剪及时、人防技防规范。,本地常住人口，四季生活规律，度假频次为常规年假出行。
青_2008_00281,青岛,2008,本地改善,35,男,1.7,13.0,0.4,24.5,5,1,否,B,agent,0.87,0.54,0.73,0.57,0.45,1,0.75,0.67,0.57,自住-改善,一室一厅,74,1760,国企车间技术主任,三口之家(幼龄段),青岛中环品质两居，车位及空间极其拥挤,小区无地下车库且人车不分流，小孩在楼下玩耍或者推婴儿车极为不安全。,要求有超大面宽南向双阳台（观景家政分离），主卧大飘窗能270度直面自然景观。,在市中心核心写字楼工作，首选半小时核心通勤圈内。,倡导轻户外，周末常带家人自驾野营或山系徒步，注重生活情调与手作咖啡。,名下持有一套旧两居，置换回款 65% + 个人理财储蓄补充 + 公积金商业贷,重性价比，不盲信大牌，但要求物业管理有序、绿化修剪及时、人防技防规范。,本地常住人口，四季生活规律，度假频次为常规年假出行。
青_2008_00282,青岛,2008,本地改善,43,女,2.9,18.2,0.4,34.1,4,0,否,B,agent,0.77,0.64,0.71,0.57,0.45,0.77,0.7,0.53,0.63,自住-改善,两室两厅,58,3661,邮政局局长秘书,成熟期核心家庭,青岛中环品质两居，车位及空间极其拥挤,老小区隔音差，邻里滋扰严重，且车位严重匮乏，每晚加班回来抢车位像打仗。,要求有超大面宽南向双阳台（观景家政分离），主卧大飘窗能270度直面自然景观。,在市中心核心写字楼工作，首选半小时核心通勤圈内。,倡导轻户外，周末常带家人自驾野营或山系徒步，注重生活情调与手作咖啡。,名下持有一套旧两居，置换回款 65% + 个人理财储蓄补充 + 公积金商业贷,重性价比，不盲信大牌，但要求物业管理有序、绿化修剪及时、人防技防规范。,本地常住人口，四季生活规律，度假频次为常规年假出行。
青_2008_00283,青岛,2008,学区刚需,34,女,1.6,11.7,0.3,29.4,3,1,否,C,agent,0.84,0.7,0.62,0.41,0.37,0.77,0.6,0.98,0.39,学区房,两室一厅,70,2868,国企车间技术主任,三口之家(幼龄段),与父母同住，三代人拥挤在旧区小户型老房中,小区无地下车库且人车不分流，小孩在楼下玩耍或者推婴儿车极为不安全。,讲究超高得房率（超85%），主卧套房必须配备独立步入式衣帽间与干湿分离双卫。,在市中心核心写字楼工作，首选半小时核心通勤圈内。,爱猫狗，喜欢烹饪和插花，主打经济舒适的生活小确幸。,名下持有一套旧两居，置换回款 65% + 个人理财储蓄补充 + 公积金商业贷,重性价比，不盲信大牌，但要求物业管理有序、绿化修剪及时、人防技防规范。,本地常住人口，四季生活规律，度假频次为常规年假出行。
青_2008_00284,青岛,2008,山东省内异地,49,男,3.3,29.6,0.45,49.3,4,0,是,C,network,0.52,0.48,0.95,0.59,0.61,0.62,0,0.4,0.43,自住-首套,两室一厅,50,8559,邮政局局长秘书,成熟期核心家庭,与父母同住，三代人拥挤在旧区小户型老房中,当前房屋属于旧多层无电梯房，父母年纪渐高每天爬楼梯极为吃力。,要求有超大面宽南向双阳台（观景家政分离），主卧大飘窗能270度直面自然景观。,在市中心核心写字楼工作，首选半小时核心通勤圈内。,爱猫狗，喜欢烹饪和插花，主打经济舒适的生活小确幸。,夫妻双方积蓄 + 双方父母出资赞助首付 + 公积金商业组合贷款,重性价比，不盲信大牌，但要求物业管理有序、绿化修剪及时、人防技防规范。,本地常住人口，四季生活规律，度假频次为常规年假出行。
青_2008_00285,青岛,2008,本地改善,41,男,1.2,11.9,0.4,22.3,3,0,否,B,agent,0.72,0.39,0.64,0.55,0.44,0.84,0.59,0.71,0.58,自住-改善,两室一厅,68,2026,区财政局科员,成熟期核心家庭,青岛中环品质两居，车位及空间极其拥挤,老小区隔音差，邻里滋扰严重，且车位严重匮乏，每晚加班回来抢车位像打仗。,讲究超高得房率（超85%），主卧套房必须配备独立步入式衣帽间与干湿分离双卫。,在市中心核心写字楼工作，首选半小时核心通勤圈内。,倡导轻户外，周末常带家人自驾野营或山系徒步，注重生活情调与手作咖啡。,名下持有一套旧两居，置换回款 65% + 个人理财储蓄补充 + 公积金商业贷,重性价比，不盲信大牌，但要求物业管理有序、绿化修剪及时、人防技防规范。,本地常住人口，四季生活规律，度假频次为常规年假出行。
青_2008_00286,青岛,2008,山东省内异地,56,女,1.8,17.9,0.45,29.9,4,2,是,C,network,0.68,0.67,0.88,0.4,0.48,0.69,0,0.35,0.55,自住-首套,一室一厅,96,2595,市第二中学地理教师,二胎黄金期中大户型,与父母同住，三代人拥挤在旧区小户型老房中,小区无地下车库且人车不分流，小孩在楼下玩耍或者推婴儿车极为不安全。,要求有超大面宽南向双阳台（观景家政分离），主卧大飘窗能270度直面自然景观。,在市中心核心写字楼工作，首选半小时核心通勤圈内。,爱猫狗，喜欢烹饪和插花，主打经济舒适的生活小确幸。,夫妻双方积蓄 + 双方父母出资赞助首付 + 公积金商业组合贷款,重性价比，不盲信大牌，但要求物业管理有序、绿化修剪及时、人防技防规范。,本地常住人口，四季生活规律，度假频次为常规年假出行。
青_2008_00287,青岛,2008,山东省内异地,49,男,3.5,31.9,0.45,53.2,3,2,是,C,network,0.86,0.57,0.87,0.55,0.45,0.61,0.02,0.25,0.4,自住-首套,两室一厅,95,4171,邮政局局长秘书,二胎黄金期中大户型,与父母同住，三代人拥挤在旧区小户型老房中,小区无地下车库且人车不分流，小孩在楼下玩耍或者推婴儿车极为不安全。,要求有超大面宽南向双阳台（观景家政分离），主卧大飘窗能270度直面自然景观。,在市中心核心写字楼工作，首选半小时核心通勤圈内。,爱猫狗，喜欢烹饪和插花，主打经济舒适的生活小确幸。,夫妻双方积蓄 + 双方父母出资赞助首付 + 公积金商业组合贷款,重性价比，不盲信大牌，但要求物业管理有序、绿化修剪及时、人防技防规范。,本地常住人口，四季生活规律，度假频次为常规年假出行。
青_2008_00288,青岛,2008,本地改善,36,男,1.3,8.5,0.4,15.9,4,0,否,B,agent,0.82,0.59,0.7,0.61,0.47,0.79,0.77,0.69,0.68,自住-改善,两室一厅,89,1337,邮政局局长秘书,成熟期核心家庭,青岛中环品质两居，车位及空间极其拥挤,老小区隔音差，邻里滋扰严重，且车位严重匮乏，每晚加班回来抢车位像打仗。,讲究超高得房率（超85%），主卧套房必须配备独立步入式衣帽间与干湿分离双卫。,在市中心核心写字楼工作，首选半小时核心通勤圈内。,倡导轻户外，周末常带家人自驾野营或山系徒步，注重生活情调与手作咖啡。,名下持有一套旧两居，置换回款 65% + 个人理财储蓄补充 + 公积金商业贷,重性价比，不盲信大牌，但要求物业管理有序、绿化修剪及时、人防技防规范。,本地常住人口，四季生活规律，度假频次为常规年假出行。
青_2008_00289,青岛,2008,本地改善,38,男,1.3,12.4,0.4,23.3,4,1,否,B,agent,0.86,0.53,0.86,0.4,0.45,0.81,0.6,0.56,0.63,自住-改善,两室一厅,54,2450,国企车间技术主任,三口之家(学龄段),青岛中环品质两居，车位及空间极其拥挤,小区无地下车库且人车不分流，小孩在楼下玩耍或者推婴儿车极为不安全。,要求有超大面宽南向双阳台（观景家政分离），主卧大飘窗能270度直面自然景观。,在市中心核心写字楼工作，首选半小时核心通勤圈内。,倡导轻户外，周末常带家人自驾野营或山系徒步，注重生活情调与手作咖啡。,名下持有一套旧两居，置换回款 65% + 个人理财储蓄补充 + 公积金商业贷,重性价比，不盲信大牌，但要求物业管理有序、绿化修剪及时、人防技防规范。,本地常住人口，四季生活规律，度假频次为常规年假出行。
青_2008_00290,青岛,2008,本地改善,47,女,2.5,19.0,0.4,35.7,5,0,是,B,agent,0.7,0.56,0.57,0.53,0.49,1,0.75,0.8,0.45,自住-改善,一室一厅,59,5155,邮政局局长秘书,成熟期核心家庭,青岛中环品质两居，车位及空间极其拥挤,当前房屋属于旧多层无电梯房，父母年纪渐高每天爬楼梯极为吃力。,讲究超高得房率（超85%），主卧套房必须配备独立步入式衣帽间与干湿分离双卫。,在市中心核心写字楼工作，首选半小时核心通勤圈内。,倡导轻户外，周末常带家人自驾野营或山系徒步，注重生活情调与手作咖啡。,名下持有一套旧两居，置换回款 65% + 个人理财储蓄补充 + 公积金商业贷,重性价比，不盲信大牌，但要求物业管理有序、绿化修剪及时、人防技防规范。,本地常住人口，四季生活规律，度假频次为常规年假出行。
青_2008_00291,青岛,2008,本地改善,54,男,1.4,14.1,0.4,26.5,4,1,否,B,agent,0.59,0.7,0.78,0.44,0.45,0.68,0.62,0.77,0.44,自住-改善,一室一厅,54,3339,国企车间技术主任,三口之家(学龄段),青岛中环品质两居，车位及空间极其拥挤,小区无地下车库且人车不分流，小孩在楼下玩耍或者推婴儿车极为不安全。,要求有超大面宽南向双阳台（观景家政分离），主卧大飘窗能270度直面自然景观。,在市中心核心写字楼工作，首选半小时核心通勤圈内。,倡导轻户外，周末常带家人自驾野营或山系徒步，注重生活情调与手作咖啡。,名下持有一套旧两居，置换回款 65% + 个人理财储蓄补充 + 公积金商业贷,重性价比，不盲信大牌，但要求物业管理有序、绿化修剪及时、人防技防规范。,本地常住人口，四季生活规律，度假频次为常规年假出行。
青_2008_00292,青岛,2008,学区刚需,40,女,1.4,8.6,0.3,21.6,3,1,否,C,agent,1,0.53,0.41,0.41,0.4,0.6,0.5,1.0,0.41,学区房,一室一厅,72,2438,邮政局局长秘书,三口之家(学龄段),与父母同住，三代人拥挤在旧区小户型老房中,小区无地下车库且人车不分流，小孩在楼下玩耍或者推婴儿车极为不安全。,核心要求地块属于第一梯队名校学区，且周边500米内解决幼小衔接教育配套。,在市中心核心写字楼工作，首选半小时核心通勤圈内。,爱猫狗，喜欢烹饪和插花，主打经济舒适的生活小确幸。,名下持有一套旧两居，置换回款 65% + 个人理财储蓄补充 + 公积金商业贷,重性价比，不盲信大牌，但要求物业管理有序、绿化修剪及时、人防技防规范。,本地常住人口，四季生活规律，度假频次为常规年假出行。
青_2008_00293,青岛,2008,学区刚需,35,男,1.0,4.5,0.3,11.2,4,1,否,C,agent,0.97,0.52,0.25,0.41,0.56,0.75,0.5,0.99,0.37,学区房,一室一厅,60,969,邮政局局长秘书,三口之家(幼龄段),与父母同住，三代人拥挤在旧区小户型老房中,小区无地下车库且人车不分流，小孩在楼下玩耍或者推婴儿车极为不安全。,讲究超高得房率（超85%），主卧套房必须配备独立步入式衣帽间与干湿分离双卫。,在市中心核心写字楼工作，首选半小时核心通勤圈内。,爱猫狗，喜欢烹饪和插花，主打经济舒适的生活小确幸。,名下持有一套旧两居，置换回款 65% + 个人理财储蓄补充 + 公积金商业贷,重性价比，不盲信大牌，但要求物业管理有序、绿化修剪及时、人防技防规范。,本地常住人口，四季生活规律，度假频次为常规年假出行。
青_2008_00294,青岛,2008,山东省内异地,54,男,2.3,21.0,0.45,35.0,3,0,否,C,network,0.54,0.59,0.71,0.58,0.47,0.65,0.06,0.36,0.56,自住-首套,一室一厅,95,2969,市第二中学地理教师,成熟期核心家庭,与父母同住，三代人拥挤在旧区小户型老房中,老小区隔音差，邻里滋扰严重，且车位严重匮乏，每晚加班回来抢车位像打仗。,要求有超大面宽南向双阳台（观景家政分离），主卧大飘窗能270度直面自然景观。,在市中心核心写字楼工作，首选半小时核心通勤圈内。,爱猫狗，喜欢烹饪和插花，主打经济舒适的生活小确幸。,夫妻双方积蓄 + 双方父母出资赞助首付 + 公积金商业组合贷款,重性价比，不盲信大牌，但要求物业管理有序、绿化修剪及时、人防技防规范。,本地常住人口，四季生活规律，度假频次为常规年假出行。
青_2008_00295,青岛,2008,山东省内异地,54,女,1.8,15.2,0.45,25.3,3,1,是,C,network,1,0.57,0.85,0.64,0.51,0.74,0.05,0.45,0.33,自住-首套,两室两厅,98,1847,邮政局局长秘书,三口之家(学龄段),与父母同住，三代人拥挤在旧区小户型老房中,小区无地下车库且人车不分流，小孩在楼下玩耍或者推婴儿车极为不安全。,要求有超大面宽南向双阳台（观景家政分离），主卧大飘窗能270度直面自然景观。,在市中心核心写字楼工作，首选半小时核心通勤圈内。,爱猫狗，喜欢烹饪和插花，主打经济舒适的生活小确幸。,夫妻双方积蓄 + 双方父母出资赞助首付 + 公积金商业组合贷款,重性价比，不盲信大牌，但要求物业管理有序、绿化修剪及时、人防技防规范。,本地常住人口，四季生活规律，度假频次为常规年假出行。
青_2008_00296,青岛,2008,山东省内异地,53,男,2.7,18.3,0.45,30.6,2,1,否,C,network,0.82,0.69,1,0.65,0.6,0.6,0,0.32,0.51,自住-改善,一室一厅,57,4161,区财政局科员,三口之家(学龄段),与父母同住，三代人拥挤在旧区小户型老房中,小区无地下车库且人车不分流，小孩在楼下玩耍或者推婴儿车极为不安全。,要求有超大面宽南向双阳台（观景家政分离），主卧大飘窗能270度直面自然景观。,在市中心核心写字楼工作，首选半小时核心通勤圈内。,爱猫狗，喜欢烹饪和插花，主打经济舒适的生活小确幸。,名下持有一套旧两居，置换回款 65% + 个人理财储蓄补充 + 公积金商业贷,重性价比，不盲信大牌，但要求物业管理有序、绿化修剪及时、人防技防规范。,本地常住人口，四季生活规律，度假频次为常规年假出行。
青_2008_00297,青岛,2008,本地改善,42,女,2.0,11.3,0.4,21.2,3,0,否,B,agent,0.66,0.51,0.79,0.44,0.64,0.88,0.46,0.59,0.52,自住-改善,两室一厅,57,2820,市第二中学地理教师,成熟期核心家庭,青岛中环品质两居，车位及空间极其拥挤,老小区隔音差，邻里滋扰严重，且车位严重匮乏，每晚加班回来抢车位像打仗。,要求有超大面宽南向双阳台（观景家政分离），主卧大飘窗能270度直面自然景观。,在市中心核心写字楼工作，首选半小时核心通勤圈内。,倡导轻户外，周末常带家人自驾野营或山系徒步，注重生活情调与手作咖啡。,名下持有一套旧两居，置换回款 65% + 个人理财储蓄补充 + 公积金商业贷,重性价比，不盲信大牌，但要求物业管理有序、绿化修剪及时、人防技防规范。,本地常住人口，四季生活规律，度假频次为常规年假出行。
青_2008_00298,青岛,2008,本地改善,40,男,1.6,13.0,0.4,24.4,5,1,否,B,agent,0.85,0.6,0.67,0.63,0.43,0.79,0.63,0.65,0.63,自住-改善,一室一厅,61,2538,区财政局科员,三口之家(学龄段),青岛中环品质两居，车位及空间极其拥挤,小区无地下车库且人车不分流，小孩在楼下玩耍或者推婴儿车极为不安全。,讲究超高得房率（超85%），主卧套房必须配备独立步入式衣帽间与干湿分离双卫。,在市中心核心写字楼工作，首选半小时核心通勤圈内。,倡导轻户外，周末常带家人自驾野营或山系徒步，注重生活情调与手作咖啡。,名下持有一套旧两居，置换回款 65% + 个人理财储蓄补充 + 公积金商业贷,重性价比，不盲信大牌，但要求物业管理有序、绿化修剪及时、人防技防规范。,本地常住人口，四季生活规律，度假频次为常规年假出行。
青_2008_00299,青岛,2008,本地改善,45,男,1.4,12.1,0.4,22.7,5,1,否,B,agent,0.62,0.34,0.66,0.53,0.43,0.77,0.63,0.74,0.51,自住-改善,两室一厅,56,2467,市第二中学地理教师,三口之家(学龄段),青岛中环品质两居，车位及空间极其拥挤,小区无地下车库且人车不分流，小孩在楼下玩耍或者推婴儿车极为不安全。,讲究超高得房率（超85%），主卧套房必须配备独立步入式衣帽间与干湿分离双卫。,在市中心核心写字楼工作，首选半小时核心通勤圈内。,倡导轻户外，周末常带家人自驾野营或山系徒步，注重生活情调与手作咖啡。,名下持有一套旧两居，置换回款 65% + 个人理财储蓄补充 + 公积金商业贷,重性价比，不盲信大牌，但要求物业管理有序、绿化修剪及时、人防技防规范。,本地常住人口，四季生活规律，度假频次为常规年假出行。
青_2008_00300,青岛,2008,本地改善,39,男,1.9,16.9,0.4,31.7,4,1,是,B,agent,0.95,0.35,0.58,0.53,0.44,0.92,0.64,0.68,0.57,自住-改善,两室一厅,61,2727,区财政局科员,三口之家(学龄段),青岛中环品质两居，车位及空间极其拥挤,小区无地下车库且人车不分流，小孩在楼下玩耍或者推婴儿车极为不安全。,讲究超高得房率（超85%），主卧套房必须配备独立步入式衣帽间与干湿分离双卫。,在市中心核心写字楼工作，首选半小时核心通勤圈内。,倡导轻户外，周末常带家人自驾野营或山系徒步，注重生活情调与手作咖啡。,名下持有一套旧两居，置换回款 65% + 个人理财储蓄补充 + 公积金商业贷,重性价比，不盲信大牌，但要求物业管理有序、绿化修剪及时、人防技防规范。,本地常住人口，四季生活规律，度假频次为常规年假出行。
青_2008_00301,青岛,2008,学区刚需,31,女,2.0,15.1,0.3,37.8,3,1,否,C,agent,0.64,0.46,0.28,0.31,0.47,0.73,0.6,0.99,0.54,学区房,两室两厅,70,4231,区财政局科员,三口之家(幼龄段),与父母同住，三代人拥挤在旧区小户型老房中,小区无地下车库且人车不分流，小孩在楼下玩耍或者推婴儿车极为不安全。,讲究超高得房率（超85%），主卧套房必须配备独立步入式衣帽间与干湿分离双卫。,在市中心核心写字楼工作，首选半小时核心通勤圈内。,爱猫狗，喜欢烹饪和插花，主打经济舒适的生活小确幸。,名下持有一套旧两居，置换回款 65% + 个人理财储蓄补充 + 公积金商业贷,重性价比，不盲信大牌，但要求物业管理有序、绿化修剪及时、人防技防规范。,本地常住人口，四季生活规律，度假频次为常规年假出行。
青_2008_00302,青岛,2008,本地改善,50,女,5.4,33.6,0.4,62.9,4,1,是,B,agent,0.76,0.37,0.73,0.75,0.54,0.86,0.61,0.61,0.46,自住-改善,一室一厅,52,9144,邮政局局长秘书,三口之家(学龄段),青岛中环品质两居，车位及空间极其拥挤,小区无地下车库且人车不分流，小孩在楼下玩耍或者推婴儿车极为不安全。,要求独立电梯入户，主次卧动线分明，配备独立保姆房和私密后院。,在市中心核心写字楼工作，首选半小时核心通勤圈内。,倡导轻户外，周末常带家人自驾野营或山系徒步，注重生活情调与手作咖啡。,名下持有一套旧两居，置换回款 65% + 个人理财储蓄补充 + 公积金商业贷,重性价比，不盲信大牌，但要求物业管理有序、绿化修剪及时、人防技防规范。,本地常住人口，四季生活规律，度假频次为常规年假出行。
青_2008_00303,青岛,2008,本地改善,42,女,1.8,15.8,0.4,29.6,4,1,是,B,agent,0.92,0.42,0.77,0.4,0.47,0.9,0.57,0.64,0.71,自住-改善,两室两厅,82,2705,市第二中学地理教师,三口之家(学龄段),青岛中环品质两居，车位及空间极其拥挤,小区无地下车库且人车不分流，小孩在楼下玩耍或者推婴儿车极为不安全。,要求有超大面宽南向双阳台（观景家政分离），主卧大飘窗能270度直面自然景观。,在市中心核心写字楼工作，首选半小时核心通勤圈内。,倡导轻户外，周末常带家人自驾野营或山系徒步，注重生活情调与手作咖啡。,名下持有一套旧两居，置换回款 65% + 个人理财储蓄补充 + 公积金商业贷,非仁恒、绿城、万科等金牌开发商不买，极度看重高端精装质量与顶级物业的增值口碑。,本地常住人口，四季生活规律，度假频次为常规年假出行。
青_2008_00304,青岛,2008,本地改善,39,男,1.9,11.9,0.4,22.3,5,1,是,B,agent,0.64,0.46,0.75,0.49,0.5,0.78,0.7,0.73,0.62,自住-改善,两室两厅,76,1568,区财政局科员,三口之家(学龄段),青岛中环品质两居，车位及空间极其拥挤,小区无地下车库且人车不分流，小孩在楼下玩耍或者推婴儿车极为不安全。,要求有超大面宽南向双阳台（观景家政分离），主卧大飘窗能270度直面自然景观。,在市中心核心写字楼工作，首选半小时核心通勤圈内。,倡导轻户外，周末常带家人自驾野营或山系徒步，注重生活情调与手作咖啡。,名下持有一套旧两居，置换回款 65% + 个人理财储蓄补充 + 公积金商业贷,重性价比，不盲信大牌，但要求物业管理有序、绿化修剪及时、人防技防规范。,本地常住人口，四季生活规律，度假频次为常规年假出行。
青_2008_00305,青岛,2008,山东省内异地,40,男,3.2,29.1,0.45,48.6,2,1,是,C,network,0.74,0.48,0.76,0.64,0.53,0.78,0.09,0.47,0.57,自住-改善,两室一厅,90,4300,国企车间技术主任,三口之家(学龄段),与父母同住，三代人拥挤在旧区小户型老房中,小区无地下车库且人车不分流，小孩在楼下玩耍或者推婴儿车极为不安全。,要求有超大面宽南向双阳台（观景家政分离），主卧大飘窗能270度直面自然景观。,在市中心核心写字楼工作，首选半小时核心通勤圈内。,爱猫狗，喜欢烹饪和插花，主打经济舒适的生活小确幸。,名下持有一套旧两居，置换回款 65% + 个人理财储蓄补充 + 公积金商业贷,重性价比，不盲信大牌，但要求物业管理有序、绿化修剪及时、人防技防规范。,本地常住人口，四季生活规律，度假频次为常规年假出行。
青_2008_00306,青岛,2008,本地改善,55,男,1.9,15.2,0.4,28.4,3,1,否,B,agent,0.58,0.61,0.87,0.32,0.38,1,0.53,0.83,0.69,自住-改善,两室一厅,81,2664,市第二中学地理教师,三口之家(学龄段),青岛中环品质两居，车位及空间极其拥挤,小区无地下车库且人车不分流，小孩在楼下玩耍或者推婴儿车极为不安全。,要求有超大面宽南向双阳台（观景家政分离），主卧大飘窗能270度直面自然景观。,在市中心核心写字楼工作，首选半小时核心通勤圈内。,倡导轻户外，周末常带家人自驾野营或山系徒步，注重生活情调与手作咖啡。,名下持有一套旧两居，置换回款 65% + 个人理财储蓄补充 + 公积金商业贷,重性价比，不盲信大牌，但要求物业管理有序、绿化修剪及时、人防技防规范。,本地常住人口，四季生活规律，度假频次为常规年假出行。
青_2008_00307,青岛,2008,本地改善,44,男,1.1,10.5,0.4,19.8,5,0,否,B,agent,0.87,0.6,0.73,0.53,0.48,0.75,0.55,0.57,0.51,自住-改善,一室一厅,90,1143,邮政局局长秘书,成熟期核心家庭,青岛中环品质两居，车位及空间极其拥挤,老小区隔音差，邻里滋扰严重，且车位严重匮乏，每晚加班回来抢车位像打仗。,要求有超大面宽南向双阳台（观景家政分离），主卧大飘窗能270度直面自然景观。,在市中心核心写字楼工作，首选半小时核心通勤圈内。,倡导轻户外，周末常带家人自驾野营或山系徒步，注重生活情调与手作咖啡。,名下持有一套旧两居，置换回款 65% + 个人理财储蓄补充 + 公积金商业贷,重性价比，不盲信大牌，但要求物业管理有序、绿化修剪及时、人防技防规范。,本地常住人口，四季生活规律，度假频次为常规年假出行。
青_2008_00308,青岛,2008,本地改善,40,男,1.1,6.6,0.4,12.4,4,1,否,B,agent,0.58,0.6,0.81,0.48,0.52,0.95,0.68,0.73,0.59,自住-改善,两室两厅,84,1212,邮政局局长秘书,三口之家(学龄段),青岛中环品质两居，车位及空间极其拥挤,小区无地下车库且人车不分流，小孩在楼下玩耍或者推婴儿车极为不安全。,要求有超大面宽南向双阳台（观景家政分离），主卧大飘窗能270度直面自然景观。,在市中心核心写字楼工作，首选半小时核心通勤圈内。,倡导轻户外，周末常带家人自驾野营或山系徒步，注重生活情调与手作咖啡。,名下持有一套旧两居，置换回款 65% + 个人理财储蓄补充 + 公积金商业贷,重性价比，不盲信大牌，但要求物业管理有序、绿化修剪及时、人防技防规范。,本地常住人口，四季生活规律，度假频次为常规年假出行。
青_2008_00309,青岛,2008,本地改善,53,女,2.2,18.0,0.4,33.7,4,1,是,B,agent,0.68,0.43,0.69,0.49,0.36,0.79,0.71,0.72,0.48,自住-改善,两室一厅,58,4513,区财政局科员,三口之家(学龄段),青岛中环品质两居，车位及空间极其拥挤,小区无地下车库且人车不分流，小孩在楼下玩耍或者推婴儿车极为不安全。,讲究超高得房率（超85%），主卧套房必须配备独立步入式衣帽间与干湿分离双卫。,在市中心核心写字楼工作，首选半小时核心通勤圈内。,倡导轻户外，周末常带家人自驾野营或山系徒步，注重生活情调与手作咖啡。,名下持有一套旧两居，置换回款 65% + 个人理财储蓄补充 + 公积金商业贷,重性价比，不盲信大牌，但要求物业管理有序、绿化修剪及时、人防技防规范。,本地常住人口，四季生活规律，度假频次为常规年假出行。
青_2008_00310,青岛,2008,山东省内异地,42,女,1.3,8.5,0.45,14.2,3,2,是,C,network,0.41,0.37,0.81,0.57,0.39,0.68,0.05,0.39,0.63,自住-改善,一室一厅,65,1310,邮政局局长秘书,二胎黄金期中大户型,与父母同住，三代人拥挤在旧区小户型老房中,小区无地下车库且人车不分流，小孩在楼下玩耍或者推婴儿车极为不安全。,要求有超大面宽南向双阳台（观景家政分离），主卧大飘窗能270度直面自然景观。,在市中心核心写字楼工作，首选半小时核心通勤圈内。,爱猫狗，喜欢烹饪和插花，主打经济舒适的生活小确幸。,名下持有一套旧两居，置换回款 65% + 个人理财储蓄补充 + 公积金商业贷,重性价比，不盲信大牌，但要求物业管理有序、绿化修剪及时、人防技防规范。,本地常住人口，四季生活规律，度假频次为常规年假出行。
青_2008_00311,青岛,2008,学区刚需,43,女,1.2,7.7,0.3,19.2,3,2,否,C,agent,1,0.57,0.37,0.33,0.34,0.79,0.52,0.88,0.42,学区房,两室两厅,72,1520,国企车间技术主任,二胎黄金期中大户型,与父母同住，三代人拥挤在旧区小户型老房中,小区无地下车库且人车不分流，小孩在楼下玩耍或者推婴儿车极为不安全。,讲究超高得房率（超85%），主卧套房必须配备独立步入式衣帽间与干湿分离双卫。,在市中心核心写字楼工作，首选半小时核心通勤圈内。,爱猫狗，喜欢烹饪和插花，主打经济舒适的生活小确幸。,名下持有一套旧两居，置换回款 65% + 个人理财储蓄补充 + 公积金商业贷,重性价比，不盲信大牌，但要求物业管理有序、绿化修剪及时、人防技防规范。,本地常住人口，四季生活规律，度假频次为常规年假出行。
青_2008_00312,青岛,2008,本地改善,50,女,3.1,26.1,0.4,49.0,3,2,是,B,agent,0.82,0.49,0.79,0.25,0.44,0.87,0.74,0.63,0.48,自住-改善,两室两厅,88,4317,国企车间技术主任,二胎黄金期中大户型,青岛中环品质两居，车位及空间极其拥挤,小区无地下车库且人车不分流，小孩在楼下玩耍或者推婴儿车极为不安全。,要求有超大面宽南向双阳台（观景家政分离），主卧大飘窗能270度直面自然景观。,在市中心核心写字楼工作，首选半小时核心通勤圈内。,倡导轻户外，周末常带家人自驾野营或山系徒步，注重生活情调与手作咖啡。,名下持有一套旧两居，置换回款 65% + 个人理财储蓄补充 + 公积金商业贷,重性价比，不盲信大牌，但要求物业管理有序、绿化修剪及时、人防技防规范。,本地常住人口，四季生活规律，度假频次为常规年假出行。
青_2008_00313,青岛,2008,学区刚需,38,女,1.8,11.1,0.3,27.8,3,1,是,C,agent,0.93,0.48,0.38,0.29,0.3,0.72,0.5,0.86,0.56,学区房,两室一厅,68,3189,邮政局局长秘书,三口之家(学龄段),与父母同住，三代人拥挤在旧区小户型老房中,小区无地下车库且人车不分流，小孩在楼下玩耍或者推婴儿车极为不安全。,讲究超高得房率（超85%），主卧套房必须配备独立步入式衣帽间与干湿分离双卫。,在市中心核心写字楼工作，首选半小时核心通勤圈内。,爱猫狗，喜欢烹饪和插花，主打经济舒适的生活小确幸。,名下持有一套旧两居，置换回款 65% + 个人理财储蓄补充 + 公积金商业贷,重性价比，不盲信大牌，但要求物业管理有序、绿化修剪及时、人防技防规范。,本地常住人口，四季生活规律，度假频次为常规年假出行。
青_2008_00314,青岛,2008,本地改善,51,男,2.0,15.7,0.4,29.5,4,1,否,B,agent,0.56,0.41,0.76,0.63,0.43,0.91,0.51,0.72,0.69,自住-改善,两室两厅,98,1540,国企车间技术主任,三口之家(学龄段),青岛中环品质两居，车位及空间极其拥挤,小区无地下车库且人车不分流，小孩在楼下玩耍或者推婴儿车极为不安全。,要求有超大面宽南向双阳台（观景家政分离），主卧大飘窗能270度直面自然景观。,在市中心核心写字楼工作，首选半小时核心通勤圈内。,倡导轻户外，周末常带家人自驾野营或山系徒步，注重生活情调与手作咖啡。,名下持有一套旧两居，置换回款 65% + 个人理财储蓄补充 + 公积金商业贷,重性价比，不盲信大牌，但要求物业管理有序、绿化修剪及时、人防技防规范。,本地常住人口，四季生活规律，度假频次为常规年假出行。
青_2008_00315,青岛,2008,山东省内异地,49,男,1.9,15.0,0.45,25.0,3,1,否,C,network,0.28,0.56,0.69,0.68,0.54,0.66,0,0.34,0.49,自住-改善,一室一厅,57,3821,区财政局科员,三口之家(学龄段),与父母同住，三代人拥挤在旧区小户型老房中,小区无地下车库且人车不分流，小孩在楼下玩耍或者推婴儿车极为不安全。,要求采光通透，全明户型，带多功能嵌入式收纳墙以最大化空间利用。,在市中心核心写字楼工作，首选半小时核心通勤圈内。,爱猫狗，喜欢烹饪和插花，主打经济舒适的生活小确幸。,名下持有一套旧两居，置换回款 65% + 个人理财储蓄补充 + 公积金商业贷,重性价比，不盲信大牌，但要求物业管理有序、绿化修剪及时、人防技防规范。,本地常住人口，四季生活规律，度假频次为常规年假出行。
青_2008_00316,青岛,2008,本地改善,41,男,2.3,24.2,0.4,45.3,5,1,否,B,agent,0.68,0.5,0.82,0.59,0.6,0.82,0.67,0.75,0.41,自住-改善,两室一厅,79,4477,区财政局科员,三口之家(学龄段),青岛中环品质两居，车位及空间极其拥挤,小区无地下车库且人车不分流，小孩在楼下玩耍或者推婴儿车极为不安全。,要求有超大面宽南向双阳台（观景家政分离），主卧大飘窗能270度直面自然景观。,在市中心核心写字楼工作，首选半小时核心通勤圈内。,倡导轻户外，周末常带家人自驾野营或山系徒步，注重生活情调与手作咖啡。,名下持有一套旧两居，置换回款 65% + 个人理财储蓄补充 + 公积金商业贷,重性价比，不盲信大牌，但要求物业管理有序、绿化修剪及时、人防技防规范。,本地常住人口，四季生活规律，度假频次为常规年假出行。
青_2008_00317,青岛,2008,学区刚需,40,女,1.0,6.3,0.3,15.8,3,1,是,C,agent,1,0.66,0.43,0.46,0.42,0.9,0.35,0.92,0.4,学区房,两室两厅,55,2118,市第二中学地理教师,三口之家(学龄段),与父母同住，三代人拥挤在旧区小户型老房中,小区无地下车库且人车不分流，小孩在楼下玩耍或者推婴儿车极为不安全。,讲究超高得房率（超85%），主卧套房必须配备独立步入式衣帽间与干湿分离双卫。,在市中心核心写字楼工作，首选半小时核心通勤圈内。,爱猫狗，喜欢烹饪和插花，主打经济舒适的生活小确幸。,名下持有一套旧两居，置换回款 65% + 个人理财储蓄补充 + 公积金商业贷,重性价比，不盲信大牌，但要求物业管理有序、绿化修剪及时、人防技防规范。,本地常住人口，四季生活规律，度假频次为常规年假出行。
青_2008_00318,青岛,2008,本地改善,50,女,1.5,13.2,0.4,24.7,4,2,是,B,agent,0.47,0.55,0.71,0.45,0.59,0.65,0.53,0.7,0.52,自住-改善,两室两厅,81,2694,区财政局科员,二胎黄金期中大户型,青岛中环品质两居，车位及空间极其拥挤,小区无地下车库且人车不分流，小孩在楼下玩耍或者推婴儿车极为不安全。,要求有超大面宽南向双阳台（观景家政分离），主卧大飘窗能270度直面自然景观。,在市中心核心写字楼工作，首选半小时核心通勤圈内。,倡导轻户外，周末常带家人自驾野营或山系徒步，注重生活情调与手作咖啡。,名下持有一套旧两居，置换回款 65% + 个人理财储蓄补充 + 公积金商业贷,重性价比，不盲信大牌，但要求物业管理有序、绿化修剪及时、人防技防规范。,本地常住人口，四季生活规律，度假频次为常规年假出行。
青_2008_00319,青岛,2008,学区刚需,40,男,1.6,8.3,0.3,20.7,2,1,否,C,agent,0.65,0.52,0.44,0.44,0.37,0.62,0.67,0.98,0.48,学区房,一室一厅,65,1958,市第二中学地理教师,三口之家(学龄段),与父母同住，三代人拥挤在旧区小户型老房中,小区无地下车库且人车不分流，小孩在楼下玩耍或者推婴儿车极为不安全。,核心要求地块属于第一梯队名校学区，且周边500米内解决幼小衔接教育配套。,在市中心核心写字楼工作，首选半小时核心通勤圈内。,爱猫狗，喜欢烹饪和插花，主打经济舒适的生活小确幸。,名下持有一套旧两居，置换回款 65% + 个人理财储蓄补充 + 公积金商业贷,重性价比，不盲信大牌，但要求物业管理有序、绿化修剪及时、人防技防规范。,本地常住人口，四季生活规律，度假频次为常规年假出行。
青_2008_00320,青岛,2008,本地改善,52,男,2.0,14.9,0.4,28.0,4,2,否,B,agent,0.73,0.58,0.69,0.55,0.51,0.84,0.61,0.68,0.57,自住-改善,两室一厅,85,2346,邮政局局长秘书,二胎黄金期中大户型,青岛中环品质两居，车位及空间极其拥挤,小区无地下车库且人车不分流，小孩在楼下玩耍或者推婴儿车极为不安全。,讲究超高得房率（超85%），主卧套房必须配备独立步入式衣帽间与干湿分离双卫。,在市中心核心写字楼工作，首选半小时核心通勤圈内。,倡导轻户外，周末常带家人自驾野营或山系徒步，注重生活情调与手作咖啡。,名下持有一套旧两居，置换回款 65% + 个人理财储蓄补充 + 公积金商业贷,重性价比，不盲信大牌，但要求物业管理有序、绿化修剪及时、人防技防规范。,本地常住人口，四季生活规律，度假频次为常规年假出行。
青_2008_00321,青岛,2008,本地改善,47,男,1.2,8.1,0.4,15.3,3,1,否,B,agent,0.54,0.55,0.81,0.57,0.55,0.9,0.53,0.64,0.55,自住-改善,两室两厅,62,1729,市第二中学地理教师,三口之家(学龄段),青岛中环品质两居，车位及空间极其拥挤,小区无地下车库且人车不分流，小孩在楼下玩耍或者推婴儿车极为不安全。,要求有超大面宽南向双阳台（观景家政分离），主卧大飘窗能270度直面自然景观。,在市中心核心写字楼工作，首选半小时核心通勤圈内。,倡导轻户外，周末常带家人自驾野营或山系徒步，注重生活情调与手作咖啡。,名下持有一套旧两居，置换回款 65% + 个人理财储蓄补充 + 公积金商业贷,重性价比，不盲信大牌，但要求物业管理有序、绿化修剪及时、人防技防规范。,本地常住人口，四季生活规律，度假频次为常规年假出行。
青_2008_00322,青岛,2008,山东省内异地,49,男,3.1,17.7,0.45,29.5,3,1,否,C,network,0.73,0.64,0.97,0.53,0.51,0.8,0.04,0.4,0.51,自住-改善,两室一厅,61,3435,邮政局局长秘书,三口之家(学龄段),与父母同住，三代人拥挤在旧区小户型老房中,小区无地下车库且人车不分流，小孩在楼下玩耍或者推婴儿车极为不安全。,要求有超大面宽南向双阳台（观景家政分离），主卧大飘窗能270度直面自然景观。,在市中心核心写字楼工作，首选半小时核心通勤圈内。,爱猫狗，喜欢烹饪和插花，主打经济舒适的生活小确幸。,名下持有一套旧两居，置换回款 65% + 个人理财储蓄补充 + 公积金商业贷,重性价比，不盲信大牌，但要求物业管理有序、绿化修剪及时、人防技防规范。,本地常住人口，四季生活规律，度假频次为常规年假出行。
青_2008_00323,青岛,2008,学区刚需,38,女,1.9,10.5,0.3,26.2,3,1,是,C,agent,0.98,0.52,0.29,0.38,0.63,0.88,0.43,1,0.57,学区房,两室两厅,71,2381,邮政局局长秘书,三口之家(学龄段),与父母同住，三代人拥挤在旧区小户型老房中,小区无地下车库且人车不分流，小孩在楼下玩耍或者推婴儿车极为不安全。,讲究超高得房率（超85%），主卧套房必须配备独立步入式衣帽间与干湿分离双卫。,在市中心核心写字楼工作，首选半小时核心通勤圈内。,爱猫狗，喜欢烹饪和插花，主打经济舒适的生活小确幸。,名下持有一套旧两居，置换回款 65% + 个人理财储蓄补充 + 公积金商业贷,重性价比，不盲信大牌，但要求物业管理有序、绿化修剪及时、人防技防规范。,本地常住人口，四季生活规律，度假频次为常规年假出行。
青_2008_00324,青岛,2008,本地改善,44,女,1.7,17.5,0.4,32.8,3,2,否,B,agent,0.48,0.48,0.78,0.46,0.44,0.74,0.53,0.7,0.44,自住-改善,两室两厅,62,3689,国企车间技术主任,二胎黄金期中大户型,青岛中环品质两居，车位及空间极其拥挤,小区无地下车库且人车不分流，小孩在楼下玩耍或者推婴儿车极为不安全。,要求有超大面宽南向双阳台（观景家政分离），主卧大飘窗能270度直面自然景观。,在市中心核心写字楼工作，首选半小时核心通勤圈内。,倡导轻户外，周末常带家人自驾野营或山系徒步，注重生活情调与手作咖啡。,名下持有一套旧两居，置换回款 65% + 个人理财储蓄补充 + 公积金商业贷,重性价比，不盲信大牌，但要求物业管理有序、绿化修剪及时、人防技防规范。,本地常住人口，四季生活规律，度假频次为常规年假出行。
青_2008_00325,青岛,2008,学区刚需,30,女,2.3,12.3,0.3,30.8,2,0,是,C,agent,0.83,0.5,0.57,0.28,0.49,0.91,0.47,0.9,0.23,学区房,一室一厅,51,3572,区财政局科员,新婚过渡两居,与父母同住，三代人拥挤在旧区小户型老房中,当前房屋属于旧多层无电梯房，父母年纪渐高每天爬楼梯极为吃力。,讲究超高得房率（超85%），主卧套房必须配备独立步入式衣帽间与干湿分离双卫。,在市中心核心写字楼工作，首选半小时核心通勤圈内。,爱猫狗，喜欢烹饪和插花，主打经济舒适的生活小确幸。,名下持有一套旧两居，置换回款 65% + 个人理财储蓄补充 + 公积金商业贷,重性价比，不盲信大牌，但要求物业管理有序、绿化修剪及时、人防技防规范。,本地常住人口，四季生活规律，度假频次为常规年假出行。
青_2008_00326,青岛,2008,学区刚需,38,男,1.5,7.9,0.3,19.7,3,1,否,C,agent,0.83,0.51,0.32,0.23,0.38,0.68,0.64,0.89,0.45,学区房,两室两厅,80,1788,区财政局科员,三口之家(学龄段),与父母同住，三代人拥挤在旧区小户型老房中,小区无地下车库且人车不分流，小孩在楼下玩耍或者推婴儿车极为不安全。,核心要求地块属于第一梯队名校学区，且周边500米内解决幼小衔接教育配套。,在市中心核心写字楼工作，首选半小时核心通勤圈内。,爱猫狗，喜欢烹饪和插花，主打经济舒适的生活小确幸。,名下持有一套旧两居，置换回款 65% + 个人理财储蓄补充 + 公积金商业贷,重性价比，不盲信大牌，但要求物业管理有序、绿化修剪及时、人防技防规范。,本地常住人口，四季生活规律，度假频次为常规年假出行。
青_2008_00327,青岛,2008,本地改善,54,女,1.8,14.2,0.4,26.7,4,2,否,B,agent,0.9,0.46,0.86,0.55,0.37,0.88,0.63,0.69,0.53,自住-改善,两室一厅,82,1839,区财政局科员,二胎黄金期中大户型,青岛中环品质两居，车位及空间极其拥挤,小区无地下车库且人车不分流，小孩在楼下玩耍或者推婴儿车极为不安全。,要求有超大面宽南向双阳台（观景家政分离），主卧大飘窗能270度直面自然景观。,在市中心核心写字楼工作，首选半小时核心通勤圈内。,倡导轻户外，周末常带家人自驾野营或山系徒步，注重生活情调与手作咖啡。,名下持有一套旧两居，置换回款 65% + 个人理财储蓄补充 + 公积金商业贷,重性价比，不盲信大牌，但要求物业管理有序、绿化修剪及时、人防技防规范。,本地常住人口，四季生活规律，度假频次为常规年假出行。
青_2008_00328,青岛,2008,本地改善,54,女,1.2,7.1,0.4,13.3,5,2,是,B,agent,0.79,0.33,0.68,0.48,0.61,0.8,0.64,0.77,0.57,自住-改善,两室两厅,65,1326,邮政局局长秘书,二胎黄金期中大户型,青岛中环品质两居，车位及空间极其拥挤,小区无地下车库且人车不分流，小孩在楼下玩耍或者推婴儿车极为不安全。,讲究超高得房率（超85%），主卧套房必须配备独立步入式衣帽间与干湿分离双卫。,在市中心核心写字楼工作，首选半小时核心通勤圈内。,倡导轻户外，周末常带家人自驾野营或山系徒步，注重生活情调与手作咖啡。,名下持有一套旧两居，置换回款 65% + 个人理财储蓄补充 + 公积金商业贷,重性价比，不盲信大牌，但要求物业管理有序、绿化修剪及时、人防技防规范。,本地常住人口，四季生活规律，度假频次为常规年假出行。
青_2008_00329,青岛,2008,山东省内异地,42,女,3.9,32.0,0.45,53.3,4,1,是,C,network,0.59,0.5,0.94,0.55,0.37,0.66,0,0.38,0.42,自住-首套,两室两厅,79,3902,市第二中学地理教师,三口之家(学龄段),与父母同住，三代人拥挤在旧区小户型老房中,小区无地下车库且人车不分流，小孩在楼下玩耍或者推婴儿车极为不安全。,要求有超大面宽南向双阳台（观景家政分离），主卧大飘窗能270度直面自然景观。,在市中心核心写字楼工作，首选半小时核心通勤圈内。,爱猫狗，喜欢烹饪和插花，主打经济舒适的生活小确幸。,夫妻双方积蓄 + 双方父母出资赞助首付 + 公积金商业组合贷款,重性价比，不盲信大牌，但要求物业管理有序、绿化修剪及时、人防技防规范。,本地常住人口，四季生活规律，度假频次为常规年假出行。
青_2008_00330,青岛,2008,高端海景收藏,50,男,4.5,49.1,0.6,61.4,3,0,否,A,network,0.54,0.3,0.98,0.78,0.71,0.54,0.03,0.11,0.93,度假,两室一厅,69,5975,高端海景资产收藏家,成熟期核心家庭,市中心私密洋房住宅,无高端私密会所及管家式物业配套，圈层鱼龙混杂，高净值居住体验差。,要求独立电梯入户，主次卧动线分明，配备独立保姆房和私密后院。,在市中心核心写字楼工作，首选半小时核心通勤圈内。,周末常去高端商圈消费，热衷打网球和马术，重度手冲咖啡及黑胶唱片发烧友。,名下已有企业股权套现或分红现金，一次性全款付清，基本不加杠杆,非仁恒、绿城、万科等金牌开发商不买，极度看重高端精装质量与顶级物业的增值口碑。,本地常住人口，四季生活规律，度假频次为常规年假出行。
青_2008_00331,青岛,2008,山东省内异地,51,男,1.8,12.5,0.45,20.8,3,0,否,C,network,0.47,0.5,0.9,0.61,0.42,0.66,0.01,0.38,0.62,自住-改善,两室一厅,93,1915,市第二中学地理教师,成熟期核心家庭,与父母同住，三代人拥挤在旧区小户型老房中,老小区隔音差，邻里滋扰严重，且车位严重匮乏，每晚加班回来抢车位像打仗。,要求有超大面宽南向双阳台（观景家政分离），主卧大飘窗能270度直面自然景观。,在市中心核心写字楼工作，首选半小时核心通勤圈内。,爱猫狗，喜欢烹饪和插花，主打经济舒适的生活小确幸。,名下持有一套旧两居，置换回款 65% + 个人理财储蓄补充 + 公积金商业贷,重性价比，不盲信大牌，但要求物业管理有序、绿化修剪及时、人防技防规范。,本地常住人口，四季生活规律，度假频次为常规年假出行。
青_2008_00332,青岛,2008,本地改善,49,男,2.6,20.9,0.4,39.3,4,1,是,B,agent,0.55,0.37,0.7,0.35,0.64,0.75,0.48,0.68,0.68,自住-改善,两室一厅,53,3866,邮政局局长秘书,三口之家(学龄段),青岛中环品质两居，车位及空间极其拥挤,小区无地下车库且人车不分流，小孩在楼下玩耍或者推婴儿车极为不安全。,讲究超高得房率（超85%），主卧套房必须配备独立步入式衣帽间与干湿分离双卫。,在市中心核心写字楼工作，首选半小时核心通勤圈内。,倡导轻户外，周末常带家人自驾野营或山系徒步，注重生活情调与手作咖啡。,名下持有一套旧两居，置换回款 65% + 个人理财储蓄补充 + 公积金商业贷,重性价比，不盲信大牌，但要求物业管理有序、绿化修剪及时、人防技防规范。,本地常住人口，四季生活规律，度假频次为常规年假出行。
青_2008_00333,青岛,2008,山东省内异地,52,女,2.0,11.9,0.45,19.8,2,1,否,C,network,0.53,0.51,0.86,0.51,0.5,0.66,0.2,0.37,0.48,自住-首套,两室一厅,84,1386,国企车间技术主任,三口之家(学龄段),与父母同住，三代人拥挤在旧区小户型老房中,小区无地下车库且人车不分流，小孩在楼下玩耍或者推婴儿车极为不安全。,要求有超大面宽南向双阳台（观景家政分离），主卧大飘窗能270度直面自然景观。,在市中心核心写字楼工作，首选半小时核心通勤圈内。,爱猫狗，喜欢烹饪和插花，主打经济舒适的生活小确幸。,夫妻双方积蓄 + 双方父母出资赞助首付 + 公积金商业组合贷款,重性价比，不盲信大牌，但要求物业管理有序、绿化修剪及时、人防技防规范。,本地常住人口，四季生活规律，度假频次为常规年假出行。
青_2008_00334,青岛,2008,本地改善,36,女,3.3,31.0,0.4,58.2,3,1,否,B,agent,0.61,0.64,0.81,0.52,0.49,0.85,0.7,0.59,0.54,自住-改善,两室一厅,56,8570,区财政局科员,三口之家(幼龄段),青岛中环品质两居，车位及空间极其拥挤,小区无地下车库且人车不分流，小孩在楼下玩耍或者推婴儿车极为不安全。,要求有超大面宽南向双阳台（观景家政分离），主卧大飘窗能270度直面自然景观。,在市中心核心写字楼工作，首选半小时核心通勤圈内。,倡导轻户外，周末常带家人自驾野营或山系徒步，注重生活情调与手作咖啡。,名下持有一套旧两居，置换回款 65% + 个人理财储蓄补充 + 公积金商业贷,重性价比，不盲信大牌，但要求物业管理有序、绿化修剪及时、人防技防规范。,本地常住人口，四季生活规律，度假频次为常规年假出行。
青_2008_00335,青岛,2008,本地改善,51,女,3.0,29.5,0.4,55.2,3,2,否,B,agent,0.89,0.61,0.7,0.56,0.72,0.97,0.54,0.75,0.5,自住-改善,一室一厅,74,6215,区财政局科员,二胎黄金期中大户型,青岛中环品质两居，车位及空间极其拥挤,小区无地下车库且人车不分流，小孩在楼下玩耍或者推婴儿车极为不安全。,讲究超高得房率（超85%），主卧套房必须配备独立步入式衣帽间与干湿分离双卫。,在市中心核心写字楼工作，首选半小时核心通勤圈内。,倡导轻户外，周末常带家人自驾野营或山系徒步，注重生活情调与手作咖啡。,名下持有一套旧两居，置换回款 65% + 个人理财储蓄补充 + 公积金商业贷,重性价比，不盲信大牌，但要求物业管理有序、绿化修剪及时、人防技防规范。,本地常住人口，四季生活规律，度假频次为常规年假出行。
青_2008_00336,青岛,2008,本地改善,43,男,1.1,9.5,0.4,17.9,3,1,否,B,agent,0.8,0.37,0.78,0.58,0.47,0.96,0.61,0.78,0.49,自住-改善,两室一厅,99,1125,区财政局科员,三口之家(学龄段),青岛中环品质两居，车位及空间极其拥挤,小区无地下车库且人车不分流，小孩在楼下玩耍或者推婴儿车极为不安全。,要求有超大面宽南向双阳台（观景家政分离），主卧大飘窗能270度直面自然景观。,在市中心核心写字楼工作，首选半小时核心通勤圈内。,倡导轻户外，周末常带家人自驾野营或山系徒步，注重生活情调与手作咖啡。,名下持有一套旧两居，置换回款 65% + 个人理财储蓄补充 + 公积金商业贷,重性价比，不盲信大牌，但要求物业管理有序、绿化修剪及时、人防技防规范。,本地常住人口，四季生活规律，度假频次为常规年假出行。
青_2008_00337,青岛,2008,学区刚需,36,女,2.7,17.0,0.3,42.5,2,0,否,C,agent,0.92,0.44,0.36,0.29,0.31,0.65,0.54,0.86,0.31,学区房,两室两厅,79,4188,市第二中学地理教师,成熟期核心家庭,与父母同住，三代人拥挤在旧区小户型老房中,老小区隔音差，邻里滋扰严重，且车位严重匮乏，每晚加班回来抢车位像打仗。,核心要求地块属于第一梯队名校学区，且周边500米内解决幼小衔接教育配套。,在市中心核心写字楼工作，首选半小时核心通勤圈内。,爱猫狗，喜欢烹饪和插花，主打经济舒适的生活小确幸。,名下持有一套旧两居，置换回款 65% + 个人理财储蓄补充 + 公积金商业贷,重性价比，不盲信大牌，但要求物业管理有序、绿化修剪及时、人防技防规范。,本地常住人口，四季生活规律，度假频次为常规年假出行。
青_2008_00338,青岛,2008,学区刚需,34,男,2.4,11.1,0.3,27.6,3,1,是,C,agent,0.9,0.5,0.48,0.24,0.53,0.7,0.69,1,0.54,学区房,两室两厅,80,2429,市第二中学地理教师,三口之家(幼龄段),与父母同住，三代人拥挤在旧区小户型老房中,小区无地下车库且人车不分流，小孩在楼下玩耍或者推婴儿车极为不安全。,讲究超高得房率（超85%），主卧套房必须配备独立步入式衣帽间与干湿分离双卫。,在市中心核心写字楼工作，首选半小时核心通勤圈内。,爱猫狗，喜欢烹饪和插花，主打经济舒适的生活小确幸。,名下持有一套旧两居，置换回款 65% + 个人理财储蓄补充 + 公积金商业贷,重性价比，不盲信大牌，但要求物业管理有序、绿化修剪及时、人防技防规范。,本地常住人口，四季生活规律，度假频次为常规年假出行。
青_2008_00339,青岛,2008,本地改善,48,女,1.4,11.6,0.4,21.7,3,1,否,B,agent,0.51,0.47,0.74,0.51,0.58,0.88,0.67,0.69,0.6,自住-改善,一室一厅,87,1362,国企车间技术主任,三口之家(学龄段),青岛中环品质两居，车位及空间极其拥挤,小区无地下车库且人车不分流，小孩在楼下玩耍或者推婴儿车极为不安全。,要求有超大面宽南向双阳台（观景家政分离），主卧大飘窗能270度直面自然景观。,在市中心核心写字楼工作，首选半小时核心通勤圈内。,倡导轻户外，周末常带家人自驾野营或山系徒步，注重生活情调与手作咖啡。,名下持有一套旧两居，置换回款 65% + 个人理财储蓄补充 + 公积金商业贷,重性价比，不盲信大牌，但要求物业管理有序、绿化修剪及时、人防技防规范。,本地常住人口，四季生活规律，度假频次为常规年假出行。
青_2008_00340,青岛,2008,山东省内异地,52,女,2.3,21.2,0.45,35.3,2,1,否,C,network,0.63,0.52,0.75,0.53,0.33,0.75,0.03,0.44,0.49,自住-改善,一室一厅,53,4025,邮政局局长秘书,三口之家(学龄段),与父母同住，三代人拥挤在旧区小户型老房中,小区无地下车库且人车不分流，小孩在楼下玩耍或者推婴儿车极为不安全。,要求有超大面宽南向双阳台（观景家政分离），主卧大飘窗能270度直面自然景观。,在市中心核心写字楼工作，首选半小时核心通勤圈内。,爱猫狗，喜欢烹饪和插花，主打经济舒适的生活小确幸。,名下持有一套旧两居，置换回款 65% + 个人理财储蓄补充 + 公积金商业贷,重性价比，不盲信大牌，但要求物业管理有序、绿化修剪及时、人防技防规范。,本地常住人口，四季生活规律，度假频次为常规年假出行。
青_2008_00341,青岛,2008,学区刚需,40,男,1.4,8.6,0.3,21.6,2,2,否,C,agent,0.92,0.45,0.29,0.21,0.41,0.79,0.7,0.95,0.47,学区房,两室两厅,52,2557,市第二中学地理教师,二胎黄金期中大户型,与父母同住，三代人拥挤在旧区小户型老房中,小区无地下车库且人车不分流，小孩在楼下玩耍或者推婴儿车极为不安全。,讲究超高得房率（超85%），主卧套房必须配备独立步入式衣帽间与干湿分离双卫。,在市中心核心写字楼工作，首选半小时核心通勤圈内。,爱猫狗，喜欢烹饪和插花，主打经济舒适的生活小确幸。,名下持有一套旧两居，置换回款 65% + 个人理财储蓄补充 + 公积金商业贷,重性价比，不盲信大牌，但要求物业管理有序、绿化修剪及时、人防技防规范。,本地常住人口，四季生活规律，度假频次为常规年假出行。
青_2008_00342,青岛,2008,学区刚需,39,男,1.5,11.6,0.3,29.0,4,2,否,C,agent,1,0.57,0.43,0.18,0.23,0.71,0.55,1,0.44,学区房,一室一厅,52,4084,区财政局科员,二胎黄金期中大户型,与父母同住，三代人拥挤在旧区小户型老房中,小区无地下车库且人车不分流，小孩在楼下玩耍或者推婴儿车极为不安全。,讲究超高得房率（超85%），主卧套房必须配备独立步入式衣帽间与干湿分离双卫。,在市中心核心写字楼工作，首选半小时核心通勤圈内。,爱猫狗，喜欢烹饪和插花，主打经济舒适的生活小确幸。,名下持有一套旧两居，置换回款 65% + 个人理财储蓄补充 + 公积金商业贷,重性价比，不盲信大牌，但要求物业管理有序、绿化修剪及时、人防技防规范。,本地常住人口，四季生活规律，度假频次为常规年假出行。
青_2008_00343,青岛,2008,本地改善,38,男,2.0,13.4,0.4,25.1,4,0,是,B,agent,0.62,0.43,0.79,0.53,0.67,0.94,0.6,0.74,0.49,自住-改善,一室一厅,81,1572,国企车间技术主任,成熟期核心家庭,青岛中环品质两居，车位及空间极其拥挤,当前房屋属于旧多层无电梯房，父母年纪渐高每天爬楼梯极为吃力。,要求有超大面宽南向双阳台（观景家政分离），主卧大飘窗能270度直面自然景观。,在市中心核心写字楼工作，首选半小时核心通勤圈内。,倡导轻户外，周末常带家人自驾野营或山系徒步，注重生活情调与手作咖啡。,名下持有一套旧两居，置换回款 65% + 个人理财储蓄补充 + 公积金商业贷,重性价比，不盲信大牌，但要求物业管理有序、绿化修剪及时、人防技防规范。,本地常住人口，四季生活规律，度假频次为常规年假出行。
青_2008_00344,青岛,2008,北方度假投资,52,男,2.9,32.6,0.5,48.9,2,0,否,B,research,0.65,0.58,0.84,0.66,0.47,0.47,0.03,0.07,0.75,投资-短期,一室一厅,90,3389,高端海景资产收藏家,成熟期核心家庭,青岛中环品质两居，车位及空间极其拥挤,老小区隔音差，邻里滋扰严重，且车位严重匮乏，每晚加班回来抢车位像打仗。,要求有超大面宽南向双阳台（观景家政分离），主卧大飘窗能270度直面自然景观。,在市中心核心写字楼工作，首选半小时核心通勤圈内。,倡导轻户外，周末常带家人自驾野营或山系徒步，注重生活情调与手作咖啡。,名下持有一套旧两居，置换回款 65% + 个人理财储蓄补充 + 公积金商业贷,非仁恒、绿城、万科等金牌开发商不买，极度看重高端精装质量与顶级物业的增值口碑。,每年11月至次年3月到此度过漫长冬季，极其依赖周边的康养及适老化服务。
青_2008_00345,青岛,2008,北方度假投资,57,女,4.8,49.0,0.5,73.5,2,0,否,B,research,1.0,0.56,1.0,0.66,0.5,0.43,0.01,0.03,0.71,度假,一室一厅,85,5551,高端海景资产收藏家,高知退休康养,青岛中环品质两居，车位及空间极其拥挤,老小区隔音差，邻里滋扰严重，且车位严重匮乏，每晚加班回来抢车位像打仗。,要求有超大面宽南向双阳台（观景家政分离），主卧大飘窗能270度直面自然景观。,在市中心核心写字楼工作，首选半小时核心通勤圈内。,倡导轻户外，周末常带家人自驾野营或山系徒步，注重生活情调与手作咖啡。,名下持有一套旧两居，置换回款 65% + 个人理财储蓄补充 + 公积金商业贷,非仁恒、绿城、万科等金牌开发商不买，极度看重高端精装质量与顶级物业的增值口碑。,每年11月至次年3月到此度过漫长冬季，极其依赖周边的康养及适老化服务。
青_2008_00346,青岛,2008,本地改善,35,女,1.5,10.3,0.4,19.3,5,1,否,B,agent,0.54,0.38,0.77,0.53,0.48,0.81,0.49,0.72,0.72,自住-改善,一室一厅,77,1558,邮政局局长秘书,三口之家(幼龄段),青岛中环品质两居，车位及空间极其拥挤,小区无地下车库且人车不分流，小孩在楼下玩耍或者推婴儿车极为不安全。,要求有超大面宽南向双阳台（观景家政分离），主卧大飘窗能270度直面自然景观。,在市中心核心写字楼工作，首选半小时核心通勤圈内。,倡导轻户外，周末常带家人自驾野营或山系徒步，注重生活情调与手作咖啡。,名下持有一套旧两居，置换回款 65% + 个人理财储蓄补充 + 公积金商业贷,非仁恒、绿城、万科等金牌开发商不买，极度看重高端精装质量与顶级物业的增值口碑。,本地常住人口，四季生活规律，度假频次为常规年假出行。
青_2008_00347,青岛,2008,北方度假投资,57,男,3.2,39.3,0.5,59.0,3,0,否,B,research,0.88,0.51,0.88,0.59,0.49,0.41,0,0.07,0.62,度假,两室两厅,70,5274,高端海景资产收藏家,高知退休康养,青岛中环品质两居，车位及空间极其拥挤,老小区隔音差，邻里滋扰严重，且车位严重匮乏，每晚加班回来抢车位像打仗。,要求有超大面宽南向双阳台（观景家政分离），主卧大飘窗能270度直面自然景观。,在市中心核心写字楼工作，首选半小时核心通勤圈内。,倡导轻户外，周末常带家人自驾野营或山系徒步，注重生活情调与手作咖啡。,名下持有一套旧两居，置换回款 65% + 个人理财储蓄补充 + 公积金商业贷,重性价比，不盲信大牌，但要求物业管理有序、绿化修剪及时、人防技防规范。,每年11月至次年3月到此度过漫长冬季，极其依赖周边的康养及适老化服务。
青_2008_00348,青岛,2008,北方度假投资,45,女,3.5,36.5,0.5,54.8,1,0,否,B,research,0.54,0.57,0.81,0.7,0.55,0.44,0.11,0,0.7,度假,两室两厅,64,5168,知名中医药连锁投资人,成熟期核心家庭,青岛中环品质两居，车位及空间极其拥挤,老小区隔音差，邻里滋扰严重，且车位严重匮乏，每晚加班回来抢车位像打仗。,要求独立电梯入户，主次卧动线分明，配备独立保姆房和私密后院。,在市中心核心写字楼工作，首选半小时核心通勤圈内。,倡导轻户外，周末常带家人自驾野营或山系徒步，注重生活情调与手作咖啡。,名下持有一套旧两居，置换回款 65% + 个人理财储蓄补充 + 公积金商业贷,重性价比，不盲信大牌，但要求物业管理有序、绿化修剪及时、人防技防规范。,每年11月至次年3月到此度过漫长冬季，极其依赖周边的康养及适老化服务。
青_2008_00349,青岛,2008,本地改善,37,女,2.4,14.7,0.4,27.6,4,1,否,B,agent,0.8,0.43,0.77,0.57,0.58,0.8,0.57,0.61,0.58,自住-改善,两室一厅,90,2746,区财政局科员,三口之家(幼龄段),青岛中环品质两居，车位及空间极其拥挤,小区无地下车库且人车不分流，小孩在楼下玩耍或者推婴儿车极为不安全。,要求有超大面宽南向双阳台（观景家政分离），主卧大飘窗能270度直面自然景观。,在市中心核心写字楼工作，首选半小时核心通勤圈内。,倡导轻户外，周末常带家人自驾野营或山系徒步，注重生活情调与手作咖啡。,名下持有一套旧两居，置换回款 65% + 个人理财储蓄补充 + 公积金商业贷,重性价比，不盲信大牌，但要求物业管理有序、绿化修剪及时、人防技防规范。,本地常住人口，四季生活规律，度假频次为常规年假出行。
青_2008_00350,青岛,2008,本地改善,35,男,1.3,7.7,0.4,14.5,5,1,否,B,agent,0.84,0.43,0.77,0.45,0.43,0.92,0.6,0.67,0.45,自住-改善,两室两厅,96,1152,邮政局局长秘书,三口之家(幼龄段),青岛中环品质两居，车位及空间极其拥挤,小区无地下车库且人车不分流，小孩在楼下玩耍或者推婴儿车极为不安全。,要求有超大面宽南向双阳台（观景家政分离），主卧大飘窗能270度直面自然景观。,在市中心核心写字楼工作，首选半小时核心通勤圈内。,倡导轻户外，周末常带家人自驾野营或山系徒步，注重生活情调与手作咖啡。,名下持有一套旧两居，置换回款 65% + 个人理财储蓄补充 + 公积金商业贷,重性价比，不盲信大牌，但要求物业管理有序、绿化修剪及时、人防技防规范。,本地常住人口，四季生活规律，度假频次为常规年假出行。
青_2008_00351,青岛,2008,本地改善,47,女,1.4,13.8,0.4,25.8,4,2,否,B,agent,0.79,0.55,0.71,0.59,0.51,0.84,0.43,0.74,0.55,自住-改善,两室两厅,70,2288,邮政局局长秘书,二胎黄金期中大户型,青岛中环品质两居，车位及空间极其拥挤,小区无地下车库且人车不分流，小孩在楼下玩耍或者推婴儿车极为不安全。,要求有超大面宽南向双阳台（观景家政分离），主卧大飘窗能270度直面自然景观。,在市中心核心写字楼工作，首选半小时核心通勤圈内。,倡导轻户外，周末常带家人自驾野营或山系徒步，注重生活情调与手作咖啡。,名下持有一套旧两居，置换回款 65% + 个人理财储蓄补充 + 公积金商业贷,重性价比，不盲信大牌，但要求物业管理有序、绿化修剪及时、人防技防规范。,本地常住人口，四季生活规律，度假频次为常规年假出行。
青_2008_00352,青岛,2008,山东省内异地,46,男,4.6,43.5,0.45,72.5,3,1,否,C,network,0.9,0.48,0.77,0.68,0.49,0.55,0,0.53,0.62,自住-改善,两室两厅,91,5253,国企车间技术主任,三口之家(学龄段),与父母同住，三代人拥挤在旧区小户型老房中,小区无地下车库且人车不分流，小孩在楼下玩耍或者推婴儿车极为不安全。,要求有超大面宽南向双阳台（观景家政分离），主卧大飘窗能270度直面自然景观。,在市中心核心写字楼工作，首选半小时核心通勤圈内。,爱猫狗，喜欢烹饪和插花，主打经济舒适的生活小确幸。,名下持有一套旧两居，置换回款 65% + 个人理财储蓄补充 + 公积金商业贷,重性价比，不盲信大牌，但要求物业管理有序、绿化修剪及时、人防技防规范。,本地常住人口，四季生活规律，度假频次为常规年假出行。
青_2008_00353,青岛,2008,本地改善,49,女,2.9,23.7,0.4,44.4,4,1,否,B,agent,0.95,0.57,0.63,0.48,0.6,0.87,0.48,0.65,0.44,自住-改善,一室一厅,96,3497,国企车间技术主任,三口之家(学龄段),青岛中环品质两居，车位及空间极其拥挤,小区无地下车库且人车不分流，小孩在楼下玩耍或者推婴儿车极为不安全。,讲究超高得房率（超85%），主卧套房必须配备独立步入式衣帽间与干湿分离双卫。,在市中心核心写字楼工作，首选半小时核心通勤圈内。,倡导轻户外，周末常带家人自驾野营或山系徒步，注重生活情调与手作咖啡。,名下持有一套旧两居，置换回款 65% + 个人理财储蓄补充 + 公积金商业贷,重性价比，不盲信大牌，但要求物业管理有序、绿化修剪及时、人防技防规范。,本地常住人口，四季生活规律，度假频次为常规年假出行。
青_2008_00354,青岛,2008,本地改善,42,男,2.1,19.5,0.4,36.6,4,1,是,B,agent,0.66,0.59,0.76,0.58,0.39,0.91,0.52,0.81,0.69,自住-改善,一室一厅,62,3342,国企车间技术主任,三口之家(学龄段),青岛中环品质两居，车位及空间极其拥挤,小区无地下车库且人车不分流，小孩在楼下玩耍或者推婴儿车极为不安全。,要求有超大面宽南向双阳台（观景家政分离），主卧大飘窗能270度直面自然景观。,在市中心核心写字楼工作，首选半小时核心通勤圈内。,倡导轻户外，周末常带家人自驾野营或山系徒步，注重生活情调与手作咖啡。,名下持有一套旧两居，置换回款 65% + 个人理财储蓄补充 + 公积金商业贷,重性价比，不盲信大牌，但要求物业管理有序、绿化修剪及时、人防技防规范。,本地常住人口，四季生活规律，度假频次为常规年假出行。
青_2008_00355,青岛,2008,山东省内异地,52,男,2.1,17.8,0.45,29.7,3,1,是,C,network,0.48,0.45,0.85,0.54,0.69,0.8,0,0.36,0.51,自住-改善,两室两厅,73,3102,邮政局局长秘书,三口之家(学龄段),与父母同住，三代人拥挤在旧区小户型老房中,小区无地下车库且人车不分流，小孩在楼下玩耍或者推婴儿车极为不安全。,要求有超大面宽南向双阳台（观景家政分离），主卧大飘窗能270度直面自然景观。,在市中心核心写字楼工作，首选半小时核心通勤圈内。,爱猫狗，喜欢烹饪和插花，主打经济舒适的生活小确幸。,名下持有一套旧两居，置换回款 65% + 个人理财储蓄补充 + 公积金商业贷,重性价比，不盲信大牌，但要求物业管理有序、绿化修剪及时、人防技防规范。,本地常住人口，四季生活规律，度假频次为常规年假出行。
青_2008_00356,青岛,2008,山东省内异地,46,女,2.4,15.9,0.45,26.5,4,1,否,C,network,0.74,0.57,0.87,0.65,0.53,0.72,0,0.35,0.59,自住-首套,一室一厅,79,2242,区财政局科员,三口之家(学龄段),与父母同住，三代人拥挤在旧区小户型老房中,小区无地下车库且人车不分流，小孩在楼下玩耍或者推婴儿车极为不安全。,要求有超大面宽南向双阳台（观景家政分离），主卧大飘窗能270度直面自然景观。,在市中心核心写字楼工作，首选半小时核心通勤圈内。,爱猫狗，喜欢烹饪和插花，主打经济舒适的生活小确幸。,夫妻双方积蓄 + 双方父母出资赞助首付 + 公积金商业组合贷款,重性价比，不盲信大牌，但要求物业管理有序、绿化修剪及时、人防技防规范。,本地常住人口，四季生活规律，度假频次为常规年假出行。
青_2008_00357,青岛,2008,本地改善,48,女,2.9,27.7,0.4,51.9,4,0,是,B,agent,0.99,0.55,0.77,0.42,0.53,0.84,0.35,0.72,0.49,自住-改善,一室一厅,100,3767,区财政局科员,成熟期核心家庭,青岛中环品质两居，车位及空间极其拥挤,当前房屋属于旧多层无电梯房，父母年纪渐高每天爬楼梯极为吃力。,要求有超大面宽南向双阳台（观景家政分离），主卧大飘窗能270度直面自然景观。,在市中心核心写字楼工作，首选半小时核心通勤圈内。,倡导轻户外，周末常带家人自驾野营或山系徒步，注重生活情调与手作咖啡。,名下持有一套旧两居，置换回款 65% + 个人理财储蓄补充 + 公积金商业贷,重性价比，不盲信大牌，但要求物业管理有序、绿化修剪及时、人防技防规范。,本地常住人口，四季生活规律，度假频次为常规年假出行。
青_2008_00358,青岛,2008,山东省内异地,44,女,3.3,20.2,0.45,33.7,2,1,否,C,network,0.71,0.43,0.93,0.55,0.45,0.62,0,0.45,0.56,自住-首套,两室一厅,72,3787,邮政局局长秘书,三口之家(学龄段),与父母同住，三代人拥挤在旧区小户型老房中,小区无地下车库且人车不分流，小孩在楼下玩耍或者推婴儿车极为不安全。,要求有超大面宽南向双阳台（观景家政分离），主卧大飘窗能270度直面自然景观。,在市中心核心写字楼工作，首选半小时核心通勤圈内。,爱猫狗，喜欢烹饪和插花，主打经济舒适的生活小确幸。,夫妻双方积蓄 + 双方父母出资赞助首付 + 公积金商业组合贷款,重性价比，不盲信大牌，但要求物业管理有序、绿化修剪及时、人防技防规范。,本地常住人口，四季生活规律，度假频次为常规年假出行。
青_2008_00359,青岛,2008,本地改善,43,男,1.5,13.7,0.4,25.8,4,0,是,B,agent,0.52,0.51,0.76,0.61,0.36,0.72,0.71,0.61,0.61,自住-改善,两室一厅,69,3220,国企车间技术主任,成熟期核心家庭,青岛中环品质两居，车位及空间极其拥挤,当前房屋属于旧多层无电梯房，父母年纪渐高每天爬楼梯极为吃力。,要求有超大面宽南向双阳台（观景家政分离），主卧大飘窗能270度直面自然景观。,在市中心核心写字楼工作，首选半小时核心通勤圈内。,倡导轻户外，周末常带家人自驾野营或山系徒步，注重生活情调与手作咖啡。,名下持有一套旧两居，置换回款 65% + 个人理财储蓄补充 + 公积金商业贷,重性价比，不盲信大牌，但要求物业管理有序、绿化修剪及时、人防技防规范。,本地常住人口，四季生活规律，度假频次为常规年假出行。
青_2008_00360,青岛,2008,本地改善,40,男,1.2,9.7,0.4,18.3,4,1,否,B,agent,0.74,0.44,0.67,0.42,0.46,0.65,0.66,0.66,0.54,自住-改善,两室一厅,64,2146,邮政局局长秘书,三口之家(学龄段),青岛中环品质两居，车位及空间极其拥挤,小区无地下车库且人车不分流，小孩在楼下玩耍或者推婴儿车极为不安全。,要求采光通透，全明户型，带多功能嵌入式收纳墙以最大化空间利用。,在市中心核心写字楼工作，首选半小时核心通勤圈内。,倡导轻户外，周末常带家人自驾野营或山系徒步，注重生活情调与手作咖啡。,名下持有一套旧两居，置换回款 65% + 个人理财储蓄补充 + 公积金商业贷,重性价比，不盲信大牌，但要求物业管理有序、绿化修剪及时、人防技防规范。,本地常住人口，四季生活规律，度假频次为常规年假出行。
青_2008_00361,青岛,2008,山东省内异地,42,男,2.9,28.6,0.45,47.7,2,1,是,C,network,0.79,0.64,0.73,0.42,0.53,0.75,0.17,0.43,0.58,自住-首套,一室一厅,62,6133,邮政局局长秘书,三口之家(学龄段),与父母同住，三代人拥挤在旧区小户型老房中,小区无地下车库且人车不分流，小孩在楼下玩耍或者推婴儿车极为不安全。,要求有超大面宽南向双阳台（观景家政分离），主卧大飘窗能270度直面自然景观。,在市中心核心写字楼工作，首选半小时核心通勤圈内。,爱猫狗，喜欢烹饪和插花，主打经济舒适的生活小确幸。,夫妻双方积蓄 + 双方父母出资赞助首付 + 公积金商业组合贷款,重性价比，不盲信大牌，但要求物业管理有序、绿化修剪及时、人防技防规范。,本地常住人口，四季生活规律，度假频次为常规年假出行。
青_2008_00362,青岛,2008,本地改善,45,女,2.3,19.8,0.4,37.1,3,1,是,B,agent,0.81,0.52,0.9,0.54,0.33,0.96,0.69,0.64,0.45,自住-改善,两室一厅,68,4727,区财政局科员,三口之家(学龄段),青岛中环品质两居，车位及空间极其拥挤,小区无地下车库且人车不分流，小孩在楼下玩耍或者推婴儿车极为不安全。,要求有超大面宽南向双阳台（观景家政分离），主卧大飘窗能270度直面自然景观。,在市中心核心写字楼工作，首选半小时核心通勤圈内。,倡导轻户外，周末常带家人自驾野营或山系徒步，注重生活情调与手作咖啡。,名下持有一套旧两居，置换回款 65% + 个人理财储蓄补充 + 公积金商业贷,重性价比，不盲信大牌，但要求物业管理有序、绿化修剪及时、人防技防规范。,本地常住人口，四季生活规律，度假频次为常规年假出行。
青_2008_00363,青岛,2008,学区刚需,35,男,1.0,6.7,0.3,16.8,3,1,否,C,agent,0.88,0.46,0.45,0.3,0.38,0.67,0.5,0.85,0.64,学区房,两室两厅,75,1765,国企车间技术主任,三口之家(幼龄段),与父母同住，三代人拥挤在旧区小户型老房中,小区无地下车库且人车不分流，小孩在楼下玩耍或者推婴儿车极为不安全。,核心要求地块属于第一梯队名校学区，且周边500米内解决幼小衔接教育配套。,在市中心核心写字楼工作，首选半小时核心通勤圈内。,爱猫狗，喜欢烹饪和插花，主打经济舒适的生活小确幸。,名下持有一套旧两居，置换回款 65% + 个人理财储蓄补充 + 公积金商业贷,重性价比，不盲信大牌，但要求物业管理有序、绿化修剪及时、人防技防规范。,本地常住人口，四季生活规律，度假频次为常规年假出行。
青_2008_00364,青岛,2008,本地改善,51,男,2.1,17.6,0.4,33.0,6,1,否,B,agent,0.83,0.72,0.75,0.53,0.54,0.75,0.65,0.63,0.6,自住-改善,两室一厅,64,3487,区财政局科员,三口之家(学龄段),青岛中环品质两居，车位及空间极其拥挤,小区无地下车库且人车不分流，小孩在楼下玩耍或者推婴儿车极为不安全。,要求有超大面宽南向双阳台（观景家政分离），主卧大飘窗能270度直面自然景观。,在市中心核心写字楼工作，首选半小时核心通勤圈内。,倡导轻户外，周末常带家人自驾野营或山系徒步，注重生活情调与手作咖啡。,名下持有一套旧两居，置换回款 65% + 个人理财储蓄补充 + 公积金商业贷,重性价比，不盲信大牌，但要求物业管理有序、绿化修剪及时、人防技防规范。,本地常住人口，四季生活规律，度假频次为常规年假出行。
青_2008_00365,青岛,2008,本地改善,51,女,2.0,13.8,0.4,25.9,4,1,是,B,agent,0.72,0.43,0.72,0.61,0.52,0.72,0.59,0.58,0.46,自住-改善,一室一厅,93,2449,国企车间技术主任,三口之家(学龄段),青岛中环品质两居，车位及空间极其拥挤,小区无地下车库且人车不分流，小孩在楼下玩耍或者推婴儿车极为不安全。,要求有超大面宽南向双阳台（观景家政分离），主卧大飘窗能270度直面自然景观。,在市中心核心写字楼工作，首选半小时核心通勤圈内。,倡导轻户外，周末常带家人自驾野营或山系徒步，注重生活情调与手作咖啡。,名下持有一套旧两居，置换回款 65% + 个人理财储蓄补充 + 公积金商业贷,重性价比，不盲信大牌，但要求物业管理有序、绿化修剪及时、人防技防规范。,本地常住人口，四季生活规律，度假频次为常规年假出行。
青_2008_00366,青岛,2008,本地改善,47,女,0.9,7.1,0.4,13.3,4,1,否,B,agent,0.95,0.56,0.77,0.38,0.36,0.87,0.59,0.67,0.49,自住-改善,两室两厅,75,1466,市第二中学地理教师,三口之家(学龄段),青岛中环品质两居，车位及空间极其拥挤,小区无地下车库且人车不分流，小孩在楼下玩耍或者推婴儿车极为不安全。,要求有超大面宽南向双阳台（观景家政分离），主卧大飘窗能270度直面自然景观。,在市中心核心写字楼工作，首选半小时核心通勤圈内。,倡导轻户外，周末常带家人自驾野营或山系徒步，注重生活情调与手作咖啡。,名下持有一套旧两居，置换回款 65% + 个人理财储蓄补充 + 公积金商业贷,重性价比，不盲信大牌，但要求物业管理有序、绿化修剪及时、人防技防规范。,本地常住人口，四季生活规律，度假频次为常规年假出行。
青_2008_00367,青岛,2008,本地改善,48,女,1.5,9.6,0.4,18.0,4,2,否,B,agent,0.86,0.37,0.63,0.46,0.35,0.72,0.57,0.62,0.49,自住-改善,两室两厅,78,1274,区财政局科员,二胎黄金期中大户型,青岛中环品质两居，车位及空间极其拥挤,小区无地下车库且人车不分流，小孩在楼下玩耍或者推婴儿车极为不安全。,讲究超高得房率（超85%），主卧套房必须配备独立步入式衣帽间与干湿分离双卫。,在市中心核心写字楼工作，首选半小时核心通勤圈内。,倡导轻户外，周末常带家人自驾野营或山系徒步，注重生活情调与手作咖啡。,名下持有一套旧两居，置换回款 65% + 个人理财储蓄补充 + 公积金商业贷,重性价比，不盲信大牌，但要求物业管理有序、绿化修剪及时、人防技防规范。,本地常住人口，四季生活规律，度假频次为常规年假出行。
青_2008_00368,青岛,2008,北方度假投资,54,男,3.6,32.9,0.5,49.4,1,0,否,B,research,0.92,0.4,1,0.56,0.5,0.49,0,0,0.77,投资-短期,两室一厅,68,5158,上市公司退休联合创始人,成熟期核心家庭,青岛中环品质两居，车位及空间极其拥挤,老小区隔音差，邻里滋扰严重，且车位严重匮乏，每晚加班回来抢车位像打仗。,要求有超大面宽南向双阳台（观景家政分离），主卧大飘窗能270度直面自然景观。,在市中心核心写字楼工作，首选半小时核心通勤圈内。,倡导轻户外，周末常带家人自驾野营或山系徒步，注重生活情调与手作咖啡。,名下持有一套旧两居，置换回款 65% + 个人理财储蓄补充 + 公积金商业贷,非仁恒、绿城、万科等金牌开发商不买，极度看重高端精装质量与顶级物业的增值口碑。,每年11月至次年3月到此度过漫长冬季，极其依赖周边的康养及适老化服务。
青_2008_00369,青岛,2008,本地改善,53,女,2.5,18.1,0.4,33.9,4,1,否,B,agent,0.71,0.46,0.79,0.44,0.51,0.78,0.64,0.72,0.58,自住-改善,一室一厅,70,3485,市第二中学地理教师,三口之家(学龄段),青岛中环品质两居，车位及空间极其拥挤,小区无地下车库且人车不分流，小孩在楼下玩耍或者推婴儿车极为不安全。,要求有超大面宽南向双阳台（观景家政分离），主卧大飘窗能270度直面自然景观。,在市中心核心写字楼工作，首选半小时核心通勤圈内。,倡导轻户外，周末常带家人自驾野营或山系徒步，注重生活情调与手作咖啡。,名下持有一套旧两居，置换回款 65% + 个人理财储蓄补充 + 公积金商业贷,重性价比，不盲信大牌，但要求物业管理有序、绿化修剪及时、人防技防规范。,本地常住人口，四季生活规律，度假频次为常规年假出行。
青_2008_00370,青岛,2008,本地改善,43,男,2.7,16.1,0.4,30.1,4,2,否,B,agent,0.77,0.54,0.8,0.45,0.39,0.86,0.6,0.87,0.66,自住-改善,两室一厅,81,3087,邮政局局长秘书,二胎黄金期中大户型,青岛中环品质两居，车位及空间极其拥挤,小区无地下车库且人车不分流，小孩在楼下玩耍或者推婴儿车极为不安全。,要求有超大面宽南向双阳台（观景家政分离），主卧大飘窗能270度直面自然景观。,在市中心核心写字楼工作，首选半小时核心通勤圈内。,倡导轻户外，周末常带家人自驾野营或山系徒步，注重生活情调与手作咖啡。,名下持有一套旧两居，置换回款 65% + 个人理财储蓄补充 + 公积金商业贷,重性价比，不盲信大牌，但要求物业管理有序、绿化修剪及时、人防技防规范。,本地常住人口，四季生活规律，度假频次为常规年假出行。
青_2008_00371,青岛,2008,本地改善,40,男,2.5,25.6,0.4,48.1,3,0,否,B,agent,1,0.6,0.75,0.59,0.45,0.94,0.53,0.78,0.56,自住-改善,两室一厅,95,3428,国企车间技术主任,成熟期核心家庭,青岛中环品质两居，车位及空间极其拥挤,老小区隔音差，邻里滋扰严重，且车位严重匮乏，每晚加班回来抢车位像打仗。,要求有超大面宽南向双阳台（观景家政分离），主卧大飘窗能270度直面自然景观。,在市中心核心写字楼工作，首选半小时核心通勤圈内。,倡导轻户外，周末常带家人自驾野营或山系徒步，注重生活情调与手作咖啡。,名下持有一套旧两居，置换回款 65% + 个人理财储蓄补充 + 公积金商业贷,重性价比，不盲信大牌，但要求物业管理有序、绿化修剪及时、人防技防规范。,本地常住人口，四季生活规律，度假频次为常规年假出行。
青_2008_00372,青岛,2008,本地改善,42,女,1.3,11.5,0.4,21.5,3,1,否,B,agent,0.79,0.53,0.74,0.55,0.56,0.7,0.73,0.67,0.48,自住-改善,一室一厅,65,2879,邮政局局长秘书,三口之家(学龄段),青岛中环品质两居，车位及空间极其拥挤,小区无地下车库且人车不分流，小孩在楼下玩耍或者推婴儿车极为不安全。,要求有超大面宽南向双阳台（观景家政分离），主卧大飘窗能270度直面自然景观。,在市中心核心写字楼工作，首选半小时核心通勤圈内。,倡导轻户外，周末常带家人自驾野营或山系徒步，注重生活情调与手作咖啡。,名下持有一套旧两居，置换回款 65% + 个人理财储蓄补充 + 公积金商业贷,重性价比，不盲信大牌，但要求物业管理有序、绿化修剪及时、人防技防规范。,本地常住人口，四季生活规律，度假频次为常规年假出行。
青_2008_00373,青岛,2008,学区刚需,32,男,2.2,17.3,0.3,43.2,3,0,是,C,agent,1,0.56,0.54,0.25,0.48,0.68,0.51,0.9,0.36,学区房,一室一厅,82,3353,邮政局局长秘书,新婚过渡两居,与父母同住，三代人拥挤在旧区小户型老房中,当前房屋属于旧多层无电梯房，父母年纪渐高每天爬楼梯极为吃力。,核心要求地块属于第一梯队名校学区，且周边500米内解决幼小衔接教育配套。,在市中心核心写字楼工作，首选半小时核心通勤圈内。,爱猫狗，喜欢烹饪和插花，主打经济舒适的生活小确幸。,名下持有一套旧两居，置换回款 65% + 个人理财储蓄补充 + 公积金商业贷,重性价比，不盲信大牌，但要求物业管理有序、绿化修剪及时、人防技防规范。,本地常住人口，四季生活规律，度假频次为常规年假出行。
青_2008_00374,青岛,2008,本地改善,54,男,1.6,10.7,0.4,20.1,4,0,否,B,agent,0.8,0.47,0.7,0.57,0.36,0.94,0.54,0.64,0.59,自住-改善,两室两厅,89,1740,市第二中学地理教师,成熟期核心家庭,青岛中环品质两居，车位及空间极其拥挤,老小区隔音差，邻里滋扰严重，且车位严重匮乏，每晚加班回来抢车位像打仗。,讲究超高得房率（超85%），主卧套房必须配备独立步入式衣帽间与干湿分离双卫。,在市中心核心写字楼工作，首选半小时核心通勤圈内。,倡导轻户外，周末常带家人自驾野营或山系徒步，注重生活情调与手作咖啡。,名下持有一套旧两居，置换回款 65% + 个人理财储蓄补充 + 公积金商业贷,重性价比，不盲信大牌，但要求物业管理有序、绿化修剪及时、人防技防规范。,本地常住人口，四季生活规律，度假频次为常规年假出行。
青_2008_00375,青岛,2008,北方度假投资,53,女,3.3,26.4,0.5,39.5,1,0,否,B,research,0.92,0.57,1,0.67,0.5,0.45,0,0.0,0.66,投资-长持,一室一厅,98,3254,知名中医药连锁投资人,成熟期核心家庭,青岛中环品质两居，车位及空间极其拥挤,老小区隔音差，邻里滋扰严重，且车位严重匮乏，每晚加班回来抢车位像打仗。,要求有超大面宽南向双阳台（观景家政分离），主卧大飘窗能270度直面自然景观。,在市中心核心写字楼工作，首选半小时核心通勤圈内。,倡导轻户外，周末常带家人自驾野营或山系徒步，注重生活情调与手作咖啡。,名下持有一套旧两居，置换回款 65% + 个人理财储蓄补充 + 公积金商业贷,重性价比，不盲信大牌，但要求物业管理有序、绿化修剪及时、人防技防规范。,每年11月至次年3月到此度过漫长冬季，极其依赖周边的康养及适老化服务。
青_2008_00376,青岛,2008,北方度假投资,57,男,2.1,19.3,0.5,28.9,1,0,否,B,research,0.87,0.54,0.84,0.72,0.42,0.55,0.08,0,0.61,度假,两室两厅,89,2708,高端海景资产收藏家,高知退休康养,青岛中环品质两居，车位及空间极其拥挤,老小区隔音差，邻里滋扰严重，且车位严重匮乏，每晚加班回来抢车位像打仗。,要求独立电梯入户，主次卧动线分明，配备独立保姆房和私密后院。,在市中心核心写字楼工作，首选半小时核心通勤圈内。,倡导轻户外，周末常带家人自驾野营或山系徒步，注重生活情调与手作咖啡。,名下持有一套旧两居，置换回款 65% + 个人理财储蓄补充 + 公积金商业贷,重性价比，不盲信大牌，但要求物业管理有序、绿化修剪及时、人防技防规范。,每年11月至次年3月到此度过漫长冬季，极其依赖周边的康养及适老化服务。
青_2008_00377,青岛,2008,山东省内异地,60,男,2.8,26.8,0.45,44.6,4,0,否,C,network,0.58,0.31,0.97,0.67,0.46,0.7,0,0.47,0.5,自住-改善,两室一厅,60,5070,国企车间技术主任,高知退休康养,与父母同住，三代人拥挤在旧区小户型老房中,老小区隔音差，邻里滋扰严重，且车位严重匮乏，每晚加班回来抢车位像打仗。,要求有超大面宽南向双阳台（观景家政分离），主卧大飘窗能270度直面自然景观。,在市中心核心写字楼工作，首选半小时核心通勤圈内。,爱猫狗，喜欢烹饪和插花，主打经济舒适的生活小确幸。,名下持有一套旧两居，置换回款 65% + 个人理财储蓄补充 + 公积金商业贷,重性价比，不盲信大牌，但要求物业管理有序、绿化修剪及时、人防技防规范。,本地常住人口，四季生活规律，度假频次为常规年假出行。
青_2008_00378,青岛,2008,本地改善,51,男,3.4,28.5,0.4,53.4,4,1,否,B,agent,0.8,0.46,0.74,0.53,0.48,0.76,0.58,0.64,0.48,自住-改善,两室两厅,91,3492,邮政局局长秘书,三口之家(学龄段),青岛中环品质两居，车位及空间极其拥挤,小区无地下车库且人车不分流，小孩在楼下玩耍或者推婴儿车极为不安全。,要求有超大面宽南向双阳台（观景家政分离），主卧大飘窗能270度直面自然景观。,在市中心核心写字楼工作，首选半小时核心通勤圈内。,倡导轻户外，周末常带家人自驾野营或山系徒步，注重生活情调与手作咖啡。,名下持有一套旧两居，置换回款 65% + 个人理财储蓄补充 + 公积金商业贷,重性价比，不盲信大牌，但要求物业管理有序、绿化修剪及时、人防技防规范。,本地常住人口，四季生活规律，度假频次为常规年假出行。
青_2008_00379,青岛,2008,本地改善,42,女,2.3,14.4,0.4,27.0,3,0,否,B,agent,0.48,0.48,0.79,0.49,0.42,0.93,0.55,0.78,0.68,自住-改善,两室两厅,75,2656,区财政局科员,成熟期核心家庭,青岛中环品质两居，车位及空间极其拥挤,老小区隔音差，邻里滋扰严重，且车位严重匮乏，每晚加班回来抢车位像打仗。,要求有超大面宽南向双阳台（观景家政分离），主卧大飘窗能270度直面自然景观。,在市中心核心写字楼工作，首选半小时核心通勤圈内。,倡导轻户外，周末常带家人自驾野营或山系徒步，注重生活情调与手作咖啡。,名下持有一套旧两居，置换回款 65% + 个人理财储蓄补充 + 公积金商业贷,重性价比，不盲信大牌，但要求物业管理有序、绿化修剪及时、人防技防规范。,本地常住人口，四季生活规律，度假频次为常规年假出行。
青_2008_00380,青岛,2008,山东省内异地,53,女,1.8,16.0,0.45,26.6,2,2,否,C,network,0.55,0.54,0.74,0.51,0.45,0.73,0.04,0.4,0.61,自住-首套,两室两厅,57,2916,邮政局局长秘书,二胎黄金期中大户型,与父母同住，三代人拥挤在旧区小户型老房中,小区无地下车库且人车不分流，小孩在楼下玩耍或者推婴儿车极为不安全。,要求有超大面宽南向双阳台（观景家政分离），主卧大飘窗能270度直面自然景观。,在市中心核心写字楼工作，首选半小时核心通勤圈内。,爱猫狗，喜欢烹饪和插花，主打经济舒适的生活小确幸。,夫妻双方积蓄 + 双方父母出资赞助首付 + 公积金商业组合贷款,重性价比，不盲信大牌，但要求物业管理有序、绿化修剪及时、人防技防规范。,本地常住人口，四季生活规律，度假频次为常规年假出行。
青_2008_00381,青岛,2008,本地改善,50,女,2.5,23.1,0.4,43.2,4,0,否,B,agent,0.91,0.48,0.87,0.6,0.39,0.92,0.35,0.79,0.53,自住-改善,两室两厅,94,3235,国企车间技术主任,成熟期核心家庭,青岛中环品质两居，车位及空间极其拥挤,老小区隔音差，邻里滋扰严重，且车位严重匮乏，每晚加班回来抢车位像打仗。,要求有超大面宽南向双阳台（观景家政分离），主卧大飘窗能270度直面自然景观。,在市中心核心写字楼工作，首选半小时核心通勤圈内。,倡导轻户外，周末常带家人自驾野营或山系徒步，注重生活情调与手作咖啡。,名下持有一套旧两居，置换回款 65% + 个人理财储蓄补充 + 公积金商业贷,重性价比，不盲信大牌，但要求物业管理有序、绿化修剪及时、人防技防规范。,本地常住人口，四季生活规律，度假频次为常规年假出行。
青_2008_00382,青岛,2008,本地改善,46,女,2.7,19.6,0.4,36.7,4,3,否,B,agent,0.93,0.5,0.76,0.51,0.58,0.78,0.5,0.68,0.6,自住-改善,两室两厅,81,3748,国企车间技术主任,二胎黄金期中大户型,青岛中环品质两居，车位及空间极其拥挤,小区无地下车库且人车不分流，小孩在楼下玩耍或者推婴儿车极为不安全。,要求有超大面宽南向双阳台（观景家政分离），主卧大飘窗能270度直面自然景观。,在市中心核心写字楼工作，首选半小时核心通勤圈内。,倡导轻户外，周末常带家人自驾野营或山系徒步，注重生活情调与手作咖啡。,名下持有一套旧两居，置换回款 65% + 个人理财储蓄补充 + 公积金商业贷,重性价比，不盲信大牌，但要求物业管理有序、绿化修剪及时、人防技防规范。,本地常住人口，四季生活规律，度假频次为常规年假出行。
青_2008_00383,青岛,2008,本地改善,39,女,1.9,17.1,0.4,32.1,4,0,否,B,agent,0.86,0.5,0.8,0.49,0.53,0.8,0.64,0.77,0.55,自住-改善,两室两厅,87,2721,邮政局局长秘书,成熟期核心家庭,青岛中环品质两居，车位及空间极其拥挤,老小区隔音差，邻里滋扰严重，且车位严重匮乏，每晚加班回来抢车位像打仗。,要求有超大面宽南向双阳台（观景家政分离），主卧大飘窗能270度直面自然景观。,在市中心核心写字楼工作，首选半小时核心通勤圈内。,倡导轻户外，周末常带家人自驾野营或山系徒步，注重生活情调与手作咖啡。,名下持有一套旧两居，置换回款 65% + 个人理财储蓄补充 + 公积金商业贷,重性价比，不盲信大牌，但要求物业管理有序、绿化修剪及时、人防技防规范。,本地常住人口，四季生活规律，度假频次为常规年假出行。
青_2008_00384,青岛,2008,本地改善,41,男,2.3,20.3,0.4,38.0,4,1,否,B,agent,0.7,0.47,0.59,0.52,0.48,0.79,0.54,0.66,0.56,自住-改善,两室两厅,73,3497,邮政局局长秘书,三口之家(学龄段),青岛中环品质两居，车位及空间极其拥挤,小区无地下车库且人车不分流，小孩在楼下玩耍或者推婴儿车极为不安全。,讲究超高得房率（超85%），主卧套房必须配备独立步入式衣帽间与干湿分离双卫。,在市中心核心写字楼工作，首选半小时核心通勤圈内。,倡导轻户外，周末常带家人自驾野营或山系徒步，注重生活情调与手作咖啡。,名下持有一套旧两居，置换回款 65% + 个人理财储蓄补充 + 公积金商业贷,重性价比，不盲信大牌，但要求物业管理有序、绿化修剪及时、人防技防规范。,本地常住人口，四季生活规律，度假频次为常规年假出行。
青_2008_00385,青岛,2008,山东省内异地,53,男,3.3,28.0,0.45,46.7,2,1,否,C,network,0.7,0.54,0.91,0.59,0.67,0.75,0,0.18,0.52,自住-首套,两室两厅,93,3493,市第二中学地理教师,三口之家(学龄段),与父母同住，三代人拥挤在旧区小户型老房中,小区无地下车库且人车不分流，小孩在楼下玩耍或者推婴儿车极为不安全。,要求有超大面宽南向双阳台（观景家政分离），主卧大飘窗能270度直面自然景观。,在市中心核心写字楼工作，首选半小时核心通勤圈内。,爱猫狗，喜欢烹饪和插花，主打经济舒适的生活小确幸。,夫妻双方积蓄 + 双方父母出资赞助首付 + 公积金商业组合贷款,重性价比，不盲信大牌，但要求物业管理有序、绿化修剪及时、人防技防规范。,本地常住人口，四季生活规律，度假频次为常规年假出行。
青_2008_00386,青岛,2008,本地改善,45,男,2.0,19.1,0.4,35.9,4,1,否,B,agent,0.85,0.34,0.7,0.51,0.5,0.78,0.76,0.67,0.51,自住-改善,一室一厅,69,3139,国企车间技术主任,三口之家(学龄段),青岛中环品质两居，车位及空间极其拥挤,小区无地下车库且人车不分流，小孩在楼下玩耍或者推婴儿车极为不安全。,要求有超大面宽南向双阳台（观景家政分离），主卧大飘窗能270度直面自然景观。,在市中心核心写字楼工作，首选半小时核心通勤圈内。,倡导轻户外，周末常带家人自驾野营或山系徒步，注重生活情调与手作咖啡。,名下持有一套旧两居，置换回款 65% + 个人理财储蓄补充 + 公积金商业贷,重性价比，不盲信大牌，但要求物业管理有序、绿化修剪及时、人防技防规范。,本地常住人口，四季生活规律，度假频次为常规年假出行。
青_2008_00387,青岛,2008,本地改善,40,男,2.0,16.3,0.4,30.6,4,2,否,B,agent,0.83,0.5,0.87,0.6,0.47,0.79,0.56,0.74,0.49,自住-改善,两室两厅,54,4520,市第二中学地理教师,二胎黄金期中大户型,青岛中环品质两居，车位及空间极其拥挤,小区无地下车库且人车不分流，小孩在楼下玩耍或者推婴儿车极为不安全。,要求有超大面宽南向双阳台（观景家政分离），主卧大飘窗能270度直面自然景观。,在市中心核心写字楼工作，首选半小时核心通勤圈内。,倡导轻户外，周末常带家人自驾野营或山系徒步，注重生活情调与手作咖啡。,名下持有一套旧两居，置换回款 65% + 个人理财储蓄补充 + 公积金商业贷,重性价比，不盲信大牌，但要求物业管理有序、绿化修剪及时、人防技防规范。,本地常住人口，四季生活规律，度假频次为常规年假出行。
青_2008_00388,青岛,2008,山东省内异地,40,男,3.6,33.7,0.45,56.1,3,1,否,C,network,0.37,0.54,0.85,0.61,0.52,0.83,0,0.33,0.57,自住-首套,一室一厅,70,4399,国企车间技术主任,三口之家(学龄段),与父母同住，三代人拥挤在旧区小户型老房中,小区无地下车库且人车不分流，小孩在楼下玩耍或者推婴儿车极为不安全。,要求有超大面宽南向双阳台（观景家政分离），主卧大飘窗能270度直面自然景观。,在市中心核心写字楼工作，首选半小时核心通勤圈内。,爱猫狗，喜欢烹饪和插花，主打经济舒适的生活小确幸。,夫妻双方积蓄 + 双方父母出资赞助首付 + 公积金商业组合贷款,重性价比，不盲信大牌，但要求物业管理有序、绿化修剪及时、人防技防规范。,本地常住人口，四季生活规律，度假频次为常规年假出行。
青_2008_00389,青岛,2008,山东省内异地,59,男,1.0,9.7,0.45,16.1,3,1,否,C,network,0.62,0.44,0.99,0.51,0.44,0.76,0.02,0.32,0.55,自住-改善,两室一厅,63,1443,国企车间技术主任,三口之家(学龄段),与父母同住，三代人拥挤在旧区小户型老房中,小区无地下车库且人车不分流，小孩在楼下玩耍或者推婴儿车极为不安全。,要求有超大面宽南向双阳台（观景家政分离），主卧大飘窗能270度直面自然景观。,在市中心核心写字楼工作，首选半小时核心通勤圈内。,爱猫狗，喜欢烹饪和插花，主打经济舒适的生活小确幸。,名下持有一套旧两居，置换回款 65% + 个人理财储蓄补充 + 公积金商业贷,重性价比，不盲信大牌，但要求物业管理有序、绿化修剪及时、人防技防规范。,本地常住人口，四季生活规律，度假频次为常规年假出行。
青_2008_00390,青岛,2008,本地改善,44,男,1.9,15.5,0.4,29.1,4,1,否,B,agent,0.74,0.51,0.79,0.49,0.43,0.86,0.66,0.65,0.5,自住-改善,一室一厅,55,4021,区财政局科员,三口之家(学龄段),青岛中环品质两居，车位及空间极其拥挤,小区无地下车库且人车不分流，小孩在楼下玩耍或者推婴儿车极为不安全。,要求有超大面宽南向双阳台（观景家政分离），主卧大飘窗能270度直面自然景观。,在市中心核心写字楼工作，首选半小时核心通勤圈内。,倡导轻户外，周末常带家人自驾野营或山系徒步，注重生活情调与手作咖啡。,名下持有一套旧两居，置换回款 65% + 个人理财储蓄补充 + 公积金商业贷,重性价比，不盲信大牌，但要求物业管理有序、绿化修剪及时、人防技防规范。,本地常住人口，四季生活规律，度假频次为常规年假出行。
青_2008_00391,青岛,2008,本地改善,55,女,1.6,14.8,0.4,27.7,4,2,否,B,agent,0.69,0.59,0.79,0.49,0.52,0.7,0.55,0.58,0.52,自住-改善,两室两厅,68,2044,邮政局局长秘书,二胎黄金期中大户型,青岛中环品质两居，车位及空间极其拥挤,小区无地下车库且人车不分流，小孩在楼下玩耍或者推婴儿车极为不安全。,要求有超大面宽南向双阳台（观景家政分离），主卧大飘窗能270度直面自然景观。,在市中心核心写字楼工作，首选半小时核心通勤圈内。,倡导轻户外，周末常带家人自驾野营或山系徒步，注重生活情调与手作咖啡。,名下持有一套旧两居，置换回款 65% + 个人理财储蓄补充 + 公积金商业贷,重性价比，不盲信大牌，但要求物业管理有序、绿化修剪及时、人防技防规范。,本地常住人口，四季生活规律，度假频次为常规年假出行。
青_2008_00392,青岛,2008,本地改善,55,女,2.8,19.4,0.4,36.4,4,1,否,B,agent,0.8,0.49,0.68,0.54,0.62,0.87,0.64,0.7,0.47,自住-改善,两室一厅,69,4109,区财政局科员,三口之家(学龄段),青岛中环品质两居，车位及空间极其拥挤,小区无地下车库且人车不分流，小孩在楼下玩耍或者推婴儿车极为不安全。,讲究超高得房率（超85%），主卧套房必须配备独立步入式衣帽间与干湿分离双卫。,在市中心核心写字楼工作，首选半小时核心通勤圈内。,倡导轻户外，周末常带家人自驾野营或山系徒步，注重生活情调与手作咖啡。,名下持有一套旧两居，置换回款 65% + 个人理财储蓄补充 + 公积金商业贷,重性价比，不盲信大牌，但要求物业管理有序、绿化修剪及时、人防技防规范。,本地常住人口，四季生活规律，度假频次为常规年假出行。
青_2008_00393,青岛,2008,本地改善,40,男,1.6,12.1,0.4,22.6,3,1,是,B,agent,0.55,0.61,0.77,0.48,0.48,0.8,0.58,0.75,0.43,自住-改善,一室一厅,73,1774,国企车间技术主任,三口之家(学龄段),青岛中环品质两居，车位及空间极其拥挤,小区无地下车库且人车不分流，小孩在楼下玩耍或者推婴儿车极为不安全。,要求有超大面宽南向双阳台（观景家政分离），主卧大飘窗能270度直面自然景观。,在市中心核心写字楼工作，首选半小时核心通勤圈内。,倡导轻户外，周末常带家人自驾野营或山系徒步，注重生活情调与手作咖啡。,名下持有一套旧两居，置换回款 65% + 个人理财储蓄补充 + 公积金商业贷,重性价比，不盲信大牌，但要求物业管理有序、绿化修剪及时、人防技防规范。,本地常住人口，四季生活规律，度假频次为常规年假出行。
青_2008_00394,青岛,2008,北方度假投资,58,男,4.8,44.6,0.5,67.0,2,0,否,B,research,0.73,0.53,0.96,0.52,0.49,0.38,0,0,0.76,度假,两室两厅,90,6608,高端海景资产收藏家,高知退休康养,青岛中环品质两居，车位及空间极其拥挤,老小区隔音差，邻里滋扰严重，且车位严重匮乏，每晚加班回来抢车位像打仗。,要求有超大面宽南向双阳台（观景家政分离），主卧大飘窗能270度直面自然景观。,在市中心核心写字楼工作，首选半小时核心通勤圈内。,倡导轻户外，周末常带家人自驾野营或山系徒步，注重生活情调与手作咖啡。,名下持有一套旧两居，置换回款 65% + 个人理财储蓄补充 + 公积金商业贷,非仁恒、绿城、万科等金牌开发商不买，极度看重高端精装质量与顶级物业的增值口碑。,每年11月至次年3月到此度过漫长冬季，极其依赖周边的康养及适老化服务。
青_2008_00395,青岛,2008,北方度假投资,46,男,1.3,10.9,0.5,16.4,2,0,否,B,research,0.77,0.58,0.94,0.64,0.62,0.49,0.03,0,0.72,投资-短期,两室一厅,99,1244,高端海景资产收藏家,成熟期核心家庭,青岛中环品质两居，车位及空间极其拥挤,老小区隔音差，邻里滋扰严重，且车位严重匮乏，每晚加班回来抢车位像打仗。,要求有超大面宽南向双阳台（观景家政分离），主卧大飘窗能270度直面自然景观。,在市中心核心写字楼工作，首选半小时核心通勤圈内。,倡导轻户外，周末常带家人自驾野营或山系徒步，注重生活情调与手作咖啡。,名下持有一套旧两居，置换回款 65% + 个人理财储蓄补充 + 公积金商业贷,非仁恒、绿城、万科等金牌开发商不买，极度看重高端精装质量与顶级物业的增值口碑。,每年11月至次年3月到此度过漫长冬季，极其依赖周边的康养及适老化服务。
青_2008_00396,青岛,2008,本地改善,52,女,2.0,17.5,0.4,32.9,3,1,否,B,agent,0.79,0.51,0.68,0.42,0.51,0.74,0.56,0.77,0.59,自住-改善,两室两厅,59,3728,国企车间技术主任,三口之家(学龄段),青岛中环品质两居，车位及空间极其拥挤,小区无地下车库且人车不分流，小孩在楼下玩耍或者推婴儿车极为不安全。,讲究超高得房率（超85%），主卧套房必须配备独立步入式衣帽间与干湿分离双卫。,在市中心核心写字楼工作，首选半小时核心通勤圈内。,倡导轻户外，周末常带家人自驾野营或山系徒步，注重生活情调与手作咖啡。,名下持有一套旧两居，置换回款 65% + 个人理财储蓄补充 + 公积金商业贷,重性价比，不盲信大牌，但要求物业管理有序、绿化修剪及时、人防技防规范。,本地常住人口，四季生活规律，度假频次为常规年假出行。
青_2008_00397,青岛,2008,本地改善,46,男,2.8,15.8,0.4,29.6,5,1,是,B,agent,0.58,0.51,0.77,0.37,0.51,0.78,0.68,0.71,0.51,自住-改善,两室一厅,81,2238,市第二中学地理教师,三口之家(学龄段),青岛中环品质两居，车位及空间极其拥挤,小区无地下车库且人车不分流，小孩在楼下玩耍或者推婴儿车极为不安全。,要求有超大面宽南向双阳台（观景家政分离），主卧大飘窗能270度直面自然景观。,在市中心核心写字楼工作，首选半小时核心通勤圈内。,倡导轻户外，周末常带家人自驾野营或山系徒步，注重生活情调与手作咖啡。,名下持有一套旧两居，置换回款 65% + 个人理财储蓄补充 + 公积金商业贷,重性价比，不盲信大牌，但要求物业管理有序、绿化修剪及时、人防技防规范。,本地常住人口，四季生活规律，度假频次为常规年假出行。
青_2008_00398,青岛,2008,学区刚需,43,女,1.5,7.7,0.3,19.2,4,1,否,C,agent,1,0.5,0.31,0.27,0.34,0.84,0.62,0.99,0.49,学区房,两室一厅,81,2109,市第二中学地理教师,三口之家(学龄段),与父母同住，三代人拥挤在旧区小户型老房中,小区无地下车库且人车不分流，小孩在楼下玩耍或者推婴儿车极为不安全。,讲究超高得房率（超85%），主卧套房必须配备独立步入式衣帽间与干湿分离双卫。,在市中心核心写字楼工作，首选半小时核心通勤圈内。,爱猫狗，喜欢烹饪和插花，主打经济舒适的生活小确幸。,名下持有一套旧两居，置换回款 65% + 个人理财储蓄补充 + 公积金商业贷,重性价比，不盲信大牌，但要求物业管理有序、绿化修剪及时、人防技防规范。,本地常住人口，四季生活规律，度假频次为常规年假出行。
青_2008_00399,青岛,2008,本地改善,46,男,2.9,25.1,0.4,47.1,4,0,否,B,agent,0.64,0.41,0.85,0.47,0.47,0.81,0.58,0.65,0.36,自住-改善,两室一厅,88,4802,国企车间技术主任,成熟期核心家庭,青岛中环品质两居，车位及空间极其拥挤,老小区隔音差，邻里滋扰严重，且车位严重匮乏，每晚加班回来抢车位像打仗。,要求有超大面宽南向双阳台（观景家政分离），主卧大飘窗能270度直面自然景观。,在市中心核心写字楼工作，首选半小时核心通勤圈内。,倡导轻户外，周末常带家人自驾野营或山系徒步，注重生活情调与手作咖啡。,名下持有一套旧两居，置换回款 65% + 个人理财储蓄补充 + 公积金商业贷,重性价比，不盲信大牌，但要求物业管理有序、绿化修剪及时、人防技防规范。,本地常住人口，四季生活规律，度假频次为常规年假出行。
青_2008_00400,青岛,2008,本地改善,35,男,1.9,17.5,0.4,32.8,5,1,否,B,agent,0.86,0.54,0.7,0.32,0.56,0.86,0.54,0.66,0.54,自住-改善,两室一厅,71,3049,国企车间技术主任,三口之家(幼龄段),青岛中环品质两居，车位及空间极其拥挤,小区无地下车库且人车不分流，小孩在楼下玩耍或者推婴儿车极为不安全。,讲究超高得房率（超85%），主卧套房必须配备独立步入式衣帽间与干湿分离双卫。,在市中心核心写字楼工作，首选半小时核心通勤圈内。,倡导轻户外，周末常带家人自驾野营或山系徒步，注重生活情调与手作咖啡。,名下持有一套旧两居，置换回款 65% + 个人理财储蓄补充 + 公积金商业贷,重性价比，不盲信大牌，但要求物业管理有序、绿化修剪及时、人防技防规范。,本地常住人口，四季生活规律，度假频次为常规年假出行。
青_2008_00401,青岛,2008,本地改善,36,男,2.3,17.6,0.4,32.9,3,0,否,B,agent,0.61,0.5,0.71,0.58,0.48,0.83,0.65,0.67,0.66,自住-改善,两室一厅,84,3470,市第二中学地理教师,成熟期核心家庭,青岛中环品质两居，车位及空间极其拥挤,老小区隔音差，邻里滋扰严重，且车位严重匮乏，每晚加班回来抢车位像打仗。,要求有超大面宽南向双阳台（观景家政分离），主卧大飘窗能270度直面自然景观。,在市中心核心写字楼工作，首选半小时核心通勤圈内。,倡导轻户外，周末常带家人自驾野营或山系徒步，注重生活情调与手作咖啡。,名下持有一套旧两居，置换回款 65% + 个人理财储蓄补充 + 公积金商业贷,重性价比，不盲信大牌，但要求物业管理有序、绿化修剪及时、人防技防规范。,本地常住人口，四季生活规律，度假频次为常规年假出行。
青_2008_00402,青岛,2008,山东省内异地,41,女,1.4,14.5,0.45,24.2,3,2,是,C,network,0.48,0.47,1,0.49,0.49,0.74,0.02,0.46,0.52,自住-首套,两室一厅,69,2117,区财政局科员,二胎黄金期中大户型,与父母同住，三代人拥挤在旧区小户型老房中,小区无地下车库且人车不分流，小孩在楼下玩耍或者推婴儿车极为不安全。,要求有超大面宽南向双阳台（观景家政分离），主卧大飘窗能270度直面自然景观。,在市中心核心写字楼工作，首选半小时核心通勤圈内。,爱猫狗，喜欢烹饪和插花，主打经济舒适的生活小确幸。,夫妻双方积蓄 + 双方父母出资赞助首付 + 公积金商业组合贷款,重性价比，不盲信大牌，但要求物业管理有序、绿化修剪及时、人防技防规范。,本地常住人口，四季生活规律，度假频次为常规年假出行。
青_2008_00403,青岛,2008,山东省内异地,44,女,2.3,16.3,0.45,27.2,3,1,否,C,network,0.24,0.58,0.95,0.58,0.46,0.75,0.05,0.39,0.63,自住-改善,两室两厅,58,3177,国企车间技术主任,三口之家(学龄段),与父母同住，三代人拥挤在旧区小户型老房中,小区无地下车库且人车不分流，小孩在楼下玩耍或者推婴儿车极为不安全。,要求有超大面宽南向双阳台（观景家政分离），主卧大飘窗能270度直面自然景观。,在市中心核心写字楼工作，首选半小时核心通勤圈内。,爱猫狗，喜欢烹饪和插花，主打经济舒适的生活小确幸。,名下持有一套旧两居，置换回款 65% + 个人理财储蓄补充 + 公积金商业贷,重性价比，不盲信大牌，但要求物业管理有序、绿化修剪及时、人防技防规范。,本地常住人口，四季生活规律，度假频次为常规年假出行。
青_2008_00404,青岛,2008,学区刚需,33,男,2.2,12.5,0.3,31.3,3,1,否,C,agent,1,0.55,0.44,0.24,0.42,0.74,0.61,0.86,0.47,学区房,两室两厅,51,3643,区财政局科员,三口之家(幼龄段),与父母同住，三代人拥挤在旧区小户型老房中,小区无地下车库且人车不分流，小孩在楼下玩耍或者推婴儿车极为不安全。,讲究超高得房率（超85%），主卧套房必须配备独立步入式衣帽间与干湿分离双卫。,在市中心核心写字楼工作，首选半小时核心通勤圈内。,爱猫狗，喜欢烹饪和插花，主打经济舒适的生活小确幸。,名下持有一套旧两居，置换回款 65% + 个人理财储蓄补充 + 公积金商业贷,重性价比，不盲信大牌，但要求物业管理有序、绿化修剪及时、人防技防规范。,本地常住人口，四季生活规律，度假频次为常规年假出行。
青_2008_00405,青岛,2008,本地改善,47,男,1.7,13.9,0.4,26.0,5,1,否,B,agent,1,0.49,0.77,0.59,0.37,0.9,0.64,0.78,0.52,自住-改善,两室一厅,98,1603,市第二中学地理教师,三口之家(学龄段),青岛中环品质两居，车位及空间极其拥挤,小区无地下车库且人车不分流，小孩在楼下玩耍或者推婴儿车极为不安全。,要求有超大面宽南向双阳台（观景家政分离），主卧大飘窗能270度直面自然景观。,在市中心核心写字楼工作，首选半小时核心通勤圈内。,倡导轻户外，周末常带家人自驾野营或山系徒步，注重生活情调与手作咖啡。,名下持有一套旧两居，置换回款 65% + 个人理财储蓄补充 + 公积金商业贷,重性价比，不盲信大牌，但要求物业管理有序、绿化修剪及时、人防技防规范。,本地常住人口，四季生活规律，度假频次为常规年假出行。
青_2008_00406,青岛,2008,北方度假投资,61,男,4.8,54.5,0.5,81.7,2,0,否,B,research,0.87,0.46,1,0.49,0.53,0.58,0.07,0,0.71,投资-长持,两室一厅,100,5766,知名中医药连锁投资人,高知退休康养,青岛中环品质两居，车位及空间极其拥挤,老小区隔音差，邻里滋扰严重，且车位严重匮乏，每晚加班回来抢车位像打仗。,要求有超大面宽南向双阳台（观景家政分离），主卧大飘窗能270度直面自然景观。,在市中心核心写字楼工作，首选半小时核心通勤圈内。,倡导轻户外，周末常带家人自驾野营或山系徒步，注重生活情调与手作咖啡。,名下持有一套旧两居，置换回款 65% + 个人理财储蓄补充 + 公积金商业贷,非仁恒、绿城、万科等金牌开发商不买，极度看重高端精装质量与顶级物业的增值口碑。,每年11月至次年3月到此度过漫长冬季，极其依赖周边的康养及适老化服务。
青_2008_00407,青岛,2008,山东省内异地,43,女,3.5,36.4,0.45,60.6,3,0,否,C,network,0.52,0.48,0.81,0.45,0.61,0.66,0.04,0.4,0.48,自住-首套,两室一厅,98,5379,市第二中学地理教师,成熟期核心家庭,与父母同住，三代人拥挤在旧区小户型老房中,老小区隔音差，邻里滋扰严重，且车位严重匮乏，每晚加班回来抢车位像打仗。,要求有超大面宽南向双阳台（观景家政分离），主卧大飘窗能270度直面自然景观。,在市中心核心写字楼工作，首选半小时核心通勤圈内。,爱猫狗，喜欢烹饪和插花，主打经济舒适的生活小确幸。,夫妻双方积蓄 + 双方父母出资赞助首付 + 公积金商业组合贷款,重性价比，不盲信大牌，但要求物业管理有序、绿化修剪及时、人防技防规范。,本地常住人口，四季生活规律，度假频次为常规年假出行。
青_2008_00408,青岛,2008,本地改善,37,女,1.8,12.9,0.4,24.2,3,0,是,B,agent,0.6,0.59,0.7,0.48,0.62,0.74,0.51,0.64,0.57,自住-改善,两室一厅,84,2363,邮政局局长秘书,成熟期核心家庭,青岛中环品质两居，车位及空间极其拥挤,当前房屋属于旧多层无电梯房，父母年纪渐高每天爬楼梯极为吃力。,要求有超大面宽南向双阳台（观景家政分离），主卧大飘窗能270度直面自然景观。,在市中心核心写字楼工作，首选半小时核心通勤圈内。,倡导轻户外，周末常带家人自驾野营或山系徒步，注重生活情调与手作咖啡。,名下持有一套旧两居，置换回款 65% + 个人理财储蓄补充 + 公积金商业贷,重性价比，不盲信大牌，但要求物业管理有序、绿化修剪及时、人防技防规范。,本地常住人口，四季生活规律，度假频次为常规年假出行。
青_2008_00409,青岛,2008,本地改善,38,女,3.1,28.9,0.4,54.2,4,1,否,B,agent,0.64,0.42,0.72,0.43,0.49,0.83,0.55,0.69,0.59,自住-改善,两室两厅,80,4589,区财政局科员,三口之家(学龄段),青岛中环品质两居，车位及空间极其拥挤,小区无地下车库且人车不分流，小孩在楼下玩耍或者推婴儿车极为不安全。,要求有超大面宽南向双阳台（观景家政分离），主卧大飘窗能270度直面自然景观。,在市中心核心写字楼工作，首选半小时核心通勤圈内。,倡导轻户外，周末常带家人自驾野营或山系徒步，注重生活情调与手作咖啡。,名下持有一套旧两居，置换回款 65% + 个人理财储蓄补充 + 公积金商业贷,重性价比，不盲信大牌，但要求物业管理有序、绿化修剪及时、人防技防规范。,本地常住人口，四季生活规律，度假频次为常规年假出行。
青_2008_00410,青岛,2008,学区刚需,39,男,1.3,10.0,0.3,25.0,3,1,否,C,agent,0.63,0.44,0.45,0.35,0.49,0.88,0.58,0.97,0.49,学区房,一室一厅,99,1814,区财政局科员,三口之家(学龄段),与父母同住，三代人拥挤在旧区小户型老房中,小区无地下车库且人车不分流，小孩在楼下玩耍或者推婴儿车极为不安全。,讲究超高得房率（超85%），主卧套房必须配备独立步入式衣帽间与干湿分离双卫。,在市中心核心写字楼工作，首选半小时核心通勤圈内。,爱猫狗，喜欢烹饪和插花，主打经济舒适的生活小确幸。,名下持有一套旧两居，置换回款 65% + 个人理财储蓄补充 + 公积金商业贷,重性价比，不盲信大牌，但要求物业管理有序、绿化修剪及时、人防技防规范。,本地常住人口，四季生活规律，度假频次为常规年假出行。
青_2008_00411,青岛,2008,山东省内异地,53,男,1.9,12.5,0.45,20.8,2,1,是,C,network,0.46,0.53,0.74,0.61,0.53,0.69,0,0.31,0.49,自住-改善,两室两厅,85,1245,区财政局科员,三口之家(学龄段),与父母同住，三代人拥挤在旧区小户型老房中,小区无地下车库且人车不分流，小孩在楼下玩耍或者推婴儿车极为不安全。,要求有超大面宽南向双阳台（观景家政分离），主卧大飘窗能270度直面自然景观。,在市中心核心写字楼工作，首选半小时核心通勤圈内。,爱猫狗，喜欢烹饪和插花，主打经济舒适的生活小确幸。,名下持有一套旧两居，置换回款 65% + 个人理财储蓄补充 + 公积金商业贷,重性价比，不盲信大牌，但要求物业管理有序、绿化修剪及时、人防技防规范。,本地常住人口，四季生活规律，度假频次为常规年假出行。
青_2008_00412,青岛,2008,学区刚需,31,女,2.2,10.3,0.3,25.7,2,1,是,C,agent,0.8,0.46,0.41,0.31,0.59,0.8,0.57,0.91,0.58,学区房,两室一厅,69,2570,市第二中学地理教师,三口之家(幼龄段),与父母同住，三代人拥挤在旧区小户型老房中,小区无地下车库且人车不分流，小孩在楼下玩耍或者推婴儿车极为不安全。,讲究超高得房率（超85%），主卧套房必须配备独立步入式衣帽间与干湿分离双卫。,在市中心核心写字楼工作，首选半小时核心通勤圈内。,爱猫狗，喜欢烹饪和插花，主打经济舒适的生活小确幸。,名下持有一套旧两居，置换回款 65% + 个人理财储蓄补充 + 公积金商业贷,重性价比，不盲信大牌，但要求物业管理有序、绿化修剪及时、人防技防规范。,本地常住人口，四季生活规律，度假频次为常规年假出行。
青_2008_00413,青岛,2008,山东省内异地,51,男,2.6,27.2,0.45,45.4,4,1,是,C,network,0.61,0.52,0.76,0.58,0.48,0.85,0,0.4,0.48,自住-改善,两室两厅,60,5413,国企车间技术主任,三口之家(学龄段),与父母同住，三代人拥挤在旧区小户型老房中,小区无地下车库且人车不分流，小孩在楼下玩耍或者推婴儿车极为不安全。,要求有超大面宽南向双阳台（观景家政分离），主卧大飘窗能270度直面自然景观。,在市中心核心写字楼工作，首选半小时核心通勤圈内。,爱猫狗，喜欢烹饪和插花，主打经济舒适的生活小确幸。,名下持有一套旧两居，置换回款 65% + 个人理财储蓄补充 + 公积金商业贷,重性价比，不盲信大牌，但要求物业管理有序、绿化修剪及时、人防技防规范。,本地常住人口，四季生活规律，度假频次为常规年假出行。
青_2008_00414,青岛,2008,本地改善,46,男,3.6,35.1,0.4,65.7,4,1,是,B,agent,0.73,0.48,0.83,0.58,0.35,0.73,0.6,0.78,0.64,自住-改善,一室一厅,53,11117,邮政局局长秘书,三口之家(学龄段),青岛中环品质两居，车位及空间极其拥挤,小区无地下车库且人车不分流，小孩在楼下玩耍或者推婴儿车极为不安全。,要求有超大面宽南向双阳台（观景家政分离），主卧大飘窗能270度直面自然景观。,在市中心核心写字楼工作，首选半小时核心通勤圈内。,倡导轻户外，周末常带家人自驾野营或山系徒步，注重生活情调与手作咖啡。,名下持有一套旧两居，置换回款 65% + 个人理财储蓄补充 + 公积金商业贷,重性价比，不盲信大牌，但要求物业管理有序、绿化修剪及时、人防技防规范。,本地常住人口，四季生活规律，度假频次为常规年假出行。
青_2008_00415,青岛,2008,本地改善,53,女,3.2,18.5,0.4,34.8,5,1,否,B,agent,0.71,0.44,0.7,0.54,0.49,1,0.52,0.72,0.5,自住-改善,两室一厅,74,3875,邮政局局长秘书,三口之家(学龄段),青岛中环品质两居，车位及空间极其拥挤,小区无地下车库且人车不分流，小孩在楼下玩耍或者推婴儿车极为不安全。,讲究超高得房率（超85%），主卧套房必须配备独立步入式衣帽间与干湿分离双卫。,在市中心核心写字楼工作，首选半小时核心通勤圈内。,倡导轻户外，周末常带家人自驾野营或山系徒步，注重生活情调与手作咖啡。,名下持有一套旧两居，置换回款 65% + 个人理财储蓄补充 + 公积金商业贷,重性价比，不盲信大牌，但要求物业管理有序、绿化修剪及时、人防技防规范。,本地常住人口，四季生活规律，度假频次为常规年假出行。
青_2008_00416,青岛,2008,本地改善,42,男,2.1,18.8,0.4,35.2,5,0,否,B,agent,0.76,0.57,0.76,0.56,0.44,0.76,0.65,0.54,0.52,自住-改善,一室一厅,60,5043,市第二中学地理教师,成熟期核心家庭,青岛中环品质两居，车位及空间极其拥挤,老小区隔音差，邻里滋扰严重，且车位严重匮乏，每晚加班回来抢车位像打仗。,要求有超大面宽南向双阳台（观景家政分离），主卧大飘窗能270度直面自然景观。,在市中心核心写字楼工作，首选半小时核心通勤圈内。,倡导轻户外，周末常带家人自驾野营或山系徒步，注重生活情调与手作咖啡。,名下持有一套旧两居，置换回款 65% + 个人理财储蓄补充 + 公积金商业贷,重性价比，不盲信大牌，但要求物业管理有序、绿化修剪及时、人防技防规范。,本地常住人口，四季生活规律，度假频次为常规年假出行。
青_2008_00417,青岛,2008,山东省内异地,43,男,2.4,18.2,0.45,30.4,3,2,否,C,network,0.42,0.62,0.75,0.57,0.64,0.69,0.06,0.38,0.56,自住-改善,两室两厅,80,2152,国企车间技术主任,二胎黄金期中大户型,与父母同住，三代人拥挤在旧区小户型老房中,小区无地下车库且人车不分流，小孩在楼下玩耍或者推婴儿车极为不安全。,要求有超大面宽南向双阳台（观景家政分离），主卧大飘窗能270度直面自然景观。,在市中心核心写字楼工作，首选半小时核心通勤圈内。,爱猫狗，喜欢烹饪和插花，主打经济舒适的生活小确幸。,名下持有一套旧两居，置换回款 65% + 个人理财储蓄补充 + 公积金商业贷,重性价比，不盲信大牌，但要求物业管理有序、绿化修剪及时、人防技防规范。,本地常住人口，四季生活规律，度假频次为常规年假出行。
青_2008_00418,青岛,2008,本地改善,35,男,1.2,8.6,0.4,16.2,4,1,否,B,agent,0.84,0.51,0.78,0.57,0.51,0.82,0.58,0.66,0.5,自住-改善,两室一厅,71,1233,区财政局科员,三口之家(幼龄段),青岛中环品质两居，车位及空间极其拥挤,小区无地下车库且人车不分流，小孩在楼下玩耍或者推婴儿车极为不安全。,要求有超大面宽南向双阳台（观景家政分离），主卧大飘窗能270度直面自然景观。,在市中心核心写字楼工作，首选半小时核心通勤圈内。,倡导轻户外，周末常带家人自驾野营或山系徒步，注重生活情调与手作咖啡。,名下持有一套旧两居，置换回款 65% + 个人理财储蓄补充 + 公积金商业贷,重性价比，不盲信大牌，但要求物业管理有序、绿化修剪及时、人防技防规范。,本地常住人口，四季生活规律，度假频次为常规年假出行。
青_2008_00419,青岛,2008,本地改善,47,女,3.0,19.2,0.4,36.0,3,1,否,B,agent,0.61,0.51,0.68,0.37,0.59,0.81,0.68,0.84,0.61,自住-改善,两室一厅,60,3171,市第二中学地理教师,三口之家(学龄段),青岛中环品质两居，车位及空间极其拥挤,小区无地下车库且人车不分流，小孩在楼下玩耍或者推婴儿车极为不安全。,讲究超高得房率（超85%），主卧套房必须配备独立步入式衣帽间与干湿分离双卫。,在市中心核心写字楼工作，首选半小时核心通勤圈内。,倡导轻户外，周末常带家人自驾野营或山系徒步，注重生活情调与手作咖啡。,名下持有一套旧两居，置换回款 65% + 个人理财储蓄补充 + 公积金商业贷,重性价比，不盲信大牌，但要求物业管理有序、绿化修剪及时、人防技防规范。,本地常住人口，四季生活规律，度假频次为常规年假出行。
青_2008_00420,青岛,2008,本地改善,54,女,3.4,33.6,0.4,63.0,4,1,否,B,agent,0.88,0.49,0.76,0.47,0.55,0.84,0.67,0.71,0.5,自住-改善,两室两厅,74,5594,市第二中学地理教师,三口之家(学龄段),青岛中环品质两居，车位及空间极其拥挤,小区无地下车库且人车不分流，小孩在楼下玩耍或者推婴儿车极为不安全。,要求有超大面宽南向双阳台（观景家政分离），主卧大飘窗能270度直面自然景观。,在市中心核心写字楼工作，首选半小时核心通勤圈内。,倡导轻户外，周末常带家人自驾野营或山系徒步，注重生活情调与手作咖啡。,名下持有一套旧两居，置换回款 65% + 个人理财储蓄补充 + 公积金商业贷,重性价比，不盲信大牌，但要求物业管理有序、绿化修剪及时、人防技防规范。,本地常住人口，四季生活规律，度假频次为常规年假出行。
青_2008_00421,青岛,2008,本地改善,52,男,2.3,21.2,0.4,39.8,4,1,否,B,agent,0.91,0.58,0.79,0.49,0.44,0.88,0.62,0.79,0.61,自住-改善,两室一厅,92,2934,邮政局局长秘书,三口之家(学龄段),青岛中环品质两居，车位及空间极其拥挤,小区无地下车库且人车不分流，小孩在楼下玩耍或者推婴儿车极为不安全。,要求有超大面宽南向双阳台（观景家政分离），主卧大飘窗能270度直面自然景观。,在市中心核心写字楼工作，首选半小时核心通勤圈内。,倡导轻户外，周末常带家人自驾野营或山系徒步，注重生活情调与手作咖啡。,名下持有一套旧两居，置换回款 65% + 个人理财储蓄补充 + 公积金商业贷,重性价比，不盲信大牌，但要求物业管理有序、绿化修剪及时、人防技防规范。,本地常住人口，四季生活规律，度假频次为常规年假出行。
青_2008_00422,青岛,2008,高端海景收藏,56,男,10.0,107.4,0.6,134.3,2,0,否,A,network,0.81,0.37,0.92,0.97,0.68,0.45,0.06,0,0.88,度假,一室一厅,87,12185,高端海景资产收藏家,高知退休康养,西湖边高精平层,无高端私密会所及管家式物业配套，圈层鱼龙混杂，高净值居住体验差。,要求独立电梯入户，主次卧动线分明，配备独立保姆房和私密后院。,在市中心核心写字楼工作，首选半小时核心通勤圈内。,周末常去高端商圈消费，热衷打网球和马术，重度手冲咖啡及黑胶唱片发烧友。,名下已有企业股权套现或分红现金，一次性全款付清，基本不加杠杆,非仁恒、绿城、万科等金牌开发商不买，极度看重高端精装质量与顶级物业的增值口碑。,本地常住人口，四季生活规律，度假频次为常规年假出行。
青_2008_00423,青岛,2008,本地改善,47,女,1.6,15.7,0.4,29.4,3,1,否,B,agent,0.93,0.49,0.66,0.45,0.36,0.8,0.56,0.74,0.66,自住-改善,一室一厅,58,4083,市第二中学地理教师,三口之家(学龄段),青岛中环品质两居，车位及空间极其拥挤,小区无地下车库且人车不分流，小孩在楼下玩耍或者推婴儿车极为不安全。,讲究超高得房率（超85%），主卧套房必须配备独立步入式衣帽间与干湿分离双卫。,在市中心核心写字楼工作，首选半小时核心通勤圈内。,倡导轻户外，周末常带家人自驾野营或山系徒步，注重生活情调与手作咖啡。,名下持有一套旧两居，置换回款 65% + 个人理财储蓄补充 + 公积金商业贷,重性价比，不盲信大牌，但要求物业管理有序、绿化修剪及时、人防技防规范。,本地常住人口，四季生活规律，度假频次为常规年假出行。
青_2008_00424,青岛,2008,本地改善,46,女,1.4,8.8,0.4,16.6,4,1,否,B,agent,0.9,0.57,0.65,0.37,0.42,0.96,0.59,0.76,0.52,自住-改善,两室一厅,75,1950,区财政局科员,三口之家(学龄段),青岛中环品质两居，车位及空间极其拥挤,小区无地下车库且人车不分流，小孩在楼下玩耍或者推婴儿车极为不安全。,讲究超高得房率（超85%），主卧套房必须配备独立步入式衣帽间与干湿分离双卫。,在市中心核心写字楼工作，首选半小时核心通勤圈内。,倡导轻户外，周末常带家人自驾野营或山系徒步，注重生活情调与手作咖啡。,名下持有一套旧两居，置换回款 65% + 个人理财储蓄补充 + 公积金商业贷,重性价比，不盲信大牌，但要求物业管理有序、绿化修剪及时、人防技防规范。,本地常住人口，四季生活规律，度假频次为常规年假出行。
青_2008_00425,青岛,2008,学区刚需,38,男,1.7,9.1,0.3,22.7,1,2,是,C,agent,0.94,0.53,0.46,0.26,0.39,0.64,0.51,0.96,0.44,学区房,一室一厅,74,1959,国企车间技术主任,二胎黄金期中大户型,与父母同住，三代人拥挤在旧区小户型老房中,小区无地下车库且人车不分流，小孩在楼下玩耍或者推婴儿车极为不安全。,核心要求地块属于第一梯队名校学区，且周边500米内解决幼小衔接教育配套。,在市中心核心写字楼工作，首选半小时核心通勤圈内。,爱猫狗，喜欢烹饪和插花，主打经济舒适的生活小确幸。,名下持有一套旧两居，置换回款 65% + 个人理财储蓄补充 + 公积金商业贷,重性价比，不盲信大牌，但要求物业管理有序、绿化修剪及时、人防技防规范。,本地常住人口，四季生活规律，度假频次为常规年假出行。
青_2008_00426,青岛,2008,山东省内异地,48,女,2.5,20.2,0.45,33.7,2,1,否,C,network,0.75,0.46,0.75,0.7,0.53,0.74,0,0.45,0.67,自住-首套,两室两厅,68,3621,国企车间技术主任,三口之家(学龄段),与父母同住，三代人拥挤在旧区小户型老房中,小区无地下车库且人车不分流，小孩在楼下玩耍或者推婴儿车极为不安全。,要求有超大面宽南向双阳台（观景家政分离），主卧大飘窗能270度直面自然景观。,在市中心核心写字楼工作，首选半小时核心通勤圈内。,爱猫狗，喜欢烹饪和插花，主打经济舒适的生活小确幸。,夫妻双方积蓄 + 双方父母出资赞助首付 + 公积金商业组合贷款,重性价比，不盲信大牌，但要求物业管理有序、绿化修剪及时、人防技防规范。,本地常住人口，四季生活规律，度假频次为常规年假出行。
青_2008_00427,青岛,2008,高端海景收藏,52,女,7.1,91.9,0.6,114.8,1,0,否,A,network,0.55,0.54,1,0.91,0.83,0.46,0.11,0.03,0.88,度假,一室一厅,58,15188,知名中医药连锁投资人,成熟期核心家庭,陆家嘴核心区江景大平层,无高端私密会所及管家式物业配套，圈层鱼龙混杂，高净值居住体验差。,要求独立电梯入户，主次卧动线分明，配备独立保姆房和私密后院。,在市中心核心写字楼工作，首选半小时核心通勤圈内。,周末常去高端商圈消费，热衷打网球和马术，重度手冲咖啡及黑胶唱片发烧友。,名下已有企业股权套现或分红现金，一次性全款付清，基本不加杠杆,非仁恒、绿城、万科等金牌开发商不买，极度看重高端精装质量与顶级物业的增值口碑。,本地常住人口，四季生活规律，度假频次为常规年假出行。
青_2008_00428,青岛,2008,本地改善,47,男,2.6,24.0,0.4,45.0,5,0,否,B,agent,0.86,0.47,0.6,0.55,0.43,0.8,0.6,0.74,0.6,自住-改善,两室一厅,94,3154,邮政局局长秘书,成熟期核心家庭,青岛中环品质两居，车位及空间极其拥挤,老小区隔音差，邻里滋扰严重，且车位严重匮乏，每晚加班回来抢车位像打仗。,讲究超高得房率（超85%），主卧套房必须配备独立步入式衣帽间与干湿分离双卫。,在市中心核心写字楼工作，首选半小时核心通勤圈内。,倡导轻户外，周末常带家人自驾野营或山系徒步，注重生活情调与手作咖啡。,名下持有一套旧两居，置换回款 65% + 个人理财储蓄补充 + 公积金商业贷,重性价比，不盲信大牌，但要求物业管理有序、绿化修剪及时、人防技防规范。,本地常住人口，四季生活规律，度假频次为常规年假出行。
青_2008_00429,青岛,2008,本地改善,55,男,2.6,17.0,0.4,31.9,4,1,否,B,agent,0.7,0.44,0.84,0.62,0.54,0.7,0.56,0.74,0.56,自住-改善,两室两厅,67,3789,区财政局科员,三口之家(学龄段),青岛中环品质两居，车位及空间极其拥挤,小区无地下车库且人车不分流，小孩在楼下玩耍或者推婴儿车极为不安全。,要求有超大面宽南向双阳台（观景家政分离），主卧大飘窗能270度直面自然景观。,在市中心核心写字楼工作，首选半小时核心通勤圈内。,倡导轻户外，周末常带家人自驾野营或山系徒步，注重生活情调与手作咖啡。,名下持有一套旧两居，置换回款 65% + 个人理财储蓄补充 + 公积金商业贷,重性价比，不盲信大牌，但要求物业管理有序、绿化修剪及时、人防技防规范。,本地常住人口，四季生活规律，度假频次为常规年假出行。
青_2008_00430,青岛,2008,本地改善,39,女,2.4,17.7,0.4,33.3,4,0,否,B,agent,0.65,0.42,0.81,0.48,0.61,0.98,0.7,0.67,0.58,自住-改善,两室两厅,97,2440,邮政局局长秘书,成熟期核心家庭,青岛中环品质两居，车位及空间极其拥挤,老小区隔音差，邻里滋扰严重，且车位严重匮乏，每晚加班回来抢车位像打仗。,要求有超大面宽南向双阳台（观景家政分离），主卧大飘窗能270度直面自然景观。,在市中心核心写字楼工作，首选半小时核心通勤圈内。,倡导轻户外，周末常带家人自驾野营或山系徒步，注重生活情调与手作咖啡。,名下持有一套旧两居，置换回款 65% + 个人理财储蓄补充 + 公积金商业贷,重性价比，不盲信大牌，但要求物业管理有序、绿化修剪及时、人防技防规范。,本地常住人口，四季生活规律，度假频次为常规年假出行。
青_2008_00431,青岛,2008,本地改善,46,女,1.9,13.1,0.4,24.6,4,1,否,B,agent,0.71,0.42,0.7,0.48,0.38,0.78,0.59,0.43,0.54,自住-改善,两室两厅,98,2162,国企车间技术主任,三口之家(学龄段),青岛中环品质两居，车位及空间极其拥挤,小区无地下车库且人车不分流，小孩在楼下玩耍或者推婴儿车极为不安全。,讲究超高得房率（超85%），主卧套房必须配备独立步入式衣帽间与干湿分离双卫。,在市中心核心写字楼工作，首选半小时核心通勤圈内。,倡导轻户外，周末常带家人自驾野营或山系徒步，注重生活情调与手作咖啡。,名下持有一套旧两居，置换回款 65% + 个人理财储蓄补充 + 公积金商业贷,重性价比，不盲信大牌，但要求物业管理有序、绿化修剪及时、人防技防规范。,本地常住人口，四季生活规律，度假频次为常规年假出行。
青_2008_00432,青岛,2008,学区刚需,30,女,2.7,20.2,0.3,50.6,4,1,否,C,agent,0.89,0.53,0.47,0.15,0.31,0.71,0.53,0.93,0.43,学区房,两室两厅,87,3704,市第二中学地理教师,三口之家(幼龄段),与父母同住，三代人拥挤在旧区小户型老房中,小区无地下车库且人车不分流，小孩在楼下玩耍或者推婴儿车极为不安全。,讲究超高得房率（超85%），主卧套房必须配备独立步入式衣帽间与干湿分离双卫。,在市中心核心写字楼工作，首选半小时核心通勤圈内。,爱猫狗，喜欢烹饪和插花，主打经济舒适的生活小确幸。,名下持有一套旧两居，置换回款 65% + 个人理财储蓄补充 + 公积金商业贷,重性价比，不盲信大牌，但要求物业管理有序、绿化修剪及时、人防技防规范。,本地常住人口，四季生活规律，度假频次为常规年假出行。
青_2008_00433,青岛,2008,本地改善,45,男,3.0,20.8,0.4,38.9,4,1,是,B,agent,0.95,0.49,0.75,0.37,0.54,0.87,0.53,0.63,0.56,自住-改善,两室两厅,57,4209,邮政局局长秘书,三口之家(学龄段),青岛中环品质两居，车位及空间极其拥挤,小区无地下车库且人车不分流，小孩在楼下玩耍或者推婴儿车极为不安全。,要求有超大面宽南向双阳台（观景家政分离），主卧大飘窗能270度直面自然景观。,在市中心核心写字楼工作，首选半小时核心通勤圈内。,倡导轻户外，周末常带家人自驾野营或山系徒步，注重生活情调与手作咖啡。,名下持有一套旧两居，置换回款 65% + 个人理财储蓄补充 + 公积金商业贷,重性价比，不盲信大牌，但要求物业管理有序、绿化修剪及时、人防技防规范。,本地常住人口，四季生活规律，度假频次为常规年假出行。
青_2008_00434,青岛,2008,本地改善,54,女,1.7,13.2,0.4,24.7,3,1,否,B,agent,0.83,0.35,0.86,0.53,0.58,0.75,0.47,0.62,0.67,自住-改善,两室两厅,95,1397,市第二中学地理教师,三口之家(学龄段),青岛中环品质两居，车位及空间极其拥挤,小区无地下车库且人车不分流，小孩在楼下玩耍或者推婴儿车极为不安全。,要求有超大面宽南向双阳台（观景家政分离），主卧大飘窗能270度直面自然景观。,在市中心核心写字楼工作，首选半小时核心通勤圈内。,倡导轻户外，周末常带家人自驾野营或山系徒步，注重生活情调与手作咖啡。,名下持有一套旧两居，置换回款 65% + 个人理财储蓄补充 + 公积金商业贷,重性价比，不盲信大牌，但要求物业管理有序、绿化修剪及时、人防技防规范。,本地常住人口，四季生活规律，度假频次为常规年假出行。
青_2008_00435,青岛,2008,山东省内异地,43,女,1.4,10.8,0.45,18.1,3,1,否,C,network,0.94,0.44,0.8,0.52,0.33,0.8,0.11,0.36,0.6,自住-改善,一室一厅,74,1788,市第二中学地理教师,三口之家(学龄段),与父母同住，三代人拥挤在旧区小户型老房中,小区无地下车库且人车不分流，小孩在楼下玩耍或者推婴儿车极为不安全。,要求有超大面宽南向双阳台（观景家政分离），主卧大飘窗能270度直面自然景观。,在市中心核心写字楼工作，首选半小时核心通勤圈内。,爱猫狗，喜欢烹饪和插花，主打经济舒适的生活小确幸。,名下持有一套旧两居，置换回款 65% + 个人理财储蓄补充 + 公积金商业贷,重性价比，不盲信大牌，但要求物业管理有序、绿化修剪及时、人防技防规范。,本地常住人口，四季生活规律，度假频次为常规年假出行。
青_2008_00436,青岛,2008,本地改善,42,男,2.6,23.0,0.4,43.1,5,1,否,B,agent,0.8,0.48,0.84,0.6,0.46,0.9,0.64,0.56,0.4,自住-改善,两室一厅,50,6069,市第二中学地理教师,三口之家(学龄段),青岛中环品质两居，车位及空间极其拥挤,小区无地下车库且人车不分流，小孩在楼下玩耍或者推婴儿车极为不安全。,要求有超大面宽南向双阳台（观景家政分离），主卧大飘窗能270度直面自然景观。,在市中心核心写字楼工作，首选半小时核心通勤圈内。,倡导轻户外，周末常带家人自驾野营或山系徒步，注重生活情调与手作咖啡。,名下持有一套旧两居，置换回款 65% + 个人理财储蓄补充 + 公积金商业贷,重性价比，不盲信大牌，但要求物业管理有序、绿化修剪及时、人防技防规范。,本地常住人口，四季生活规律，度假频次为常规年假出行。
青_2008_00437,青岛,2008,北方度假投资,64,女,4.7,47.7,0.5,71.5,2,0,否,B,research,0.71,0.48,0.97,0.5,0.43,0.67,0,0,0.7,投资-短期,一室一厅,76,6556,知名中医药连锁投资人,高知退休康养,青岛中环品质两居，车位及空间极其拥挤,老小区隔音差，邻里滋扰严重，且车位严重匮乏，每晚加班回来抢车位像打仗。,要求有超大面宽南向双阳台（观景家政分离），主卧大飘窗能270度直面自然景观。,在市中心核心写字楼工作，首选半小时核心通勤圈内。,倡导轻户外，周末常带家人自驾野营或山系徒步，注重生活情调与手作咖啡。,名下持有一套旧两居，置换回款 65% + 个人理财储蓄补充 + 公积金商业贷,重性价比，不盲信大牌，但要求物业管理有序、绿化修剪及时、人防技防规范。,每年11月至次年3月到此度过漫长冬季，极其依赖周边的康养及适老化服务。
青_2008_00438,青岛,2008,本地改善,38,男,1.3,11.7,0.4,22.0,5,2,是,B,agent,0.73,0.47,0.64,0.6,0.54,0.95,0.64,0.82,0.62,自住-改善,一室一厅,89,1889,国企车间技术主任,二胎黄金期中大户型,青岛中环品质两居，车位及空间极其拥挤,小区无地下车库且人车不分流，小孩在楼下玩耍或者推婴儿车极为不安全。,讲究超高得房率（超85%），主卧套房必须配备独立步入式衣帽间与干湿分离双卫。,在市中心核心写字楼工作，首选半小时核心通勤圈内。,倡导轻户外，周末常带家人自驾野营或山系徒步，注重生活情调与手作咖啡。,名下持有一套旧两居，置换回款 65% + 个人理财储蓄补充 + 公积金商业贷,重性价比，不盲信大牌，但要求物业管理有序、绿化修剪及时、人防技防规范。,本地常住人口，四季生活规律，度假频次为常规年假出行。
青_2008_00439,青岛,2008,学区刚需,31,女,2.6,13.2,0.3,32.9,4,0,是,C,agent,1,0.57,0.39,0.37,0.37,0.84,0.38,0.97,0.37,学区房,两室一厅,50,4801,市第二中学地理教师,新婚过渡两居,与父母同住，三代人拥挤在旧区小户型老房中,当前房屋属于旧多层无电梯房，父母年纪渐高每天爬楼梯极为吃力。,讲究超高得房率（超85%），主卧套房必须配备独立步入式衣帽间与干湿分离双卫。,在市中心核心写字楼工作，首选半小时核心通勤圈内。,爱猫狗，喜欢烹饪和插花，主打经济舒适的生活小确幸。,名下持有一套旧两居，置换回款 65% + 个人理财储蓄补充 + 公积金商业贷,重性价比，不盲信大牌，但要求物业管理有序、绿化修剪及时、人防技防规范。,本地常住人口，四季生活规律，度假频次为常规年假出行。
青_2008_00440,青岛,2008,北方度假投资,52,男,1.3,10.1,0.5,15.2,2,0,否,B,research,0.74,0.58,1,0.63,0.5,0.37,0.07,0.05,0.64,度假,两室两厅,72,1543,高端海景资产收藏家,成熟期核心家庭,青岛中环品质两居，车位及空间极其拥挤,老小区隔音差，邻里滋扰严重，且车位严重匮乏，每晚加班回来抢车位像打仗。,要求有超大面宽南向双阳台（观景家政分离），主卧大飘窗能270度直面自然景观。,在市中心核心写字楼工作，首选半小时核心通勤圈内。,倡导轻户外，周末常带家人自驾野营或山系徒步，注重生活情调与手作咖啡。,名下持有一套旧两居，置换回款 65% + 个人理财储蓄补充 + 公积金商业贷,重性价比，不盲信大牌，但要求物业管理有序、绿化修剪及时、人防技防规范。,每年11月至次年3月到此度过漫长冬季，极其依赖周边的康养及适老化服务。
青_2008_00441,青岛,2008,学区刚需,45,男,1.3,9.0,0.3,22.4,3,1,否,C,agent,0.97,0.44,0.51,0.26,0.26,0.77,0.58,1,0.57,学区房,两室两厅,53,2263,市第二中学地理教师,三口之家(学龄段),与父母同住，三代人拥挤在旧区小户型老房中,小区无地下车库且人车不分流，小孩在楼下玩耍或者推婴儿车极为不安全。,讲究超高得房率（超85%），主卧套房必须配备独立步入式衣帽间与干湿分离双卫。,在市中心核心写字楼工作，首选半小时核心通勤圈内。,爱猫狗，喜欢烹饪和插花，主打经济舒适的生活小确幸。,名下持有一套旧两居，置换回款 65% + 个人理财储蓄补充 + 公积金商业贷,重性价比，不盲信大牌，但要求物业管理有序、绿化修剪及时、人防技防规范。,本地常住人口，四季生活规律，度假频次为常规年假出行。
青_2008_00442,青岛,2008,山东省内异地,51,女,1.8,17.9,0.45,29.9,3,1,否,C,network,0.6,0.63,0.91,0.62,0.46,0.72,0,0.64,0.58,自住-首套,两室一厅,66,3404,市第二中学地理教师,三口之家(学龄段),与父母同住，三代人拥挤在旧区小户型老房中,小区无地下车库且人车不分流，小孩在楼下玩耍或者推婴儿车极为不安全。,要求有超大面宽南向双阳台（观景家政分离），主卧大飘窗能270度直面自然景观。,在市中心核心写字楼工作，首选半小时核心通勤圈内。,爱猫狗，喜欢烹饪和插花，主打经济舒适的生活小确幸。,夫妻双方积蓄 + 双方父母出资赞助首付 + 公积金商业组合贷款,重性价比，不盲信大牌，但要求物业管理有序、绿化修剪及时、人防技防规范。,本地常住人口，四季生活规律，度假频次为常规年假出行。
青_2008_00443,青岛,2008,山东省内异地,59,女,2.3,12.8,0.45,21.4,3,1,是,C,network,0.56,0.5,0.82,0.57,0.65,0.82,0,0.39,0.5,自住-改善,两室两厅,74,2074,区财政局科员,三口之家(学龄段),与父母同住，三代人拥挤在旧区小户型老房中,小区无地下车库且人车不分流，小孩在楼下玩耍或者推婴儿车极为不安全。,要求有超大面宽南向双阳台（观景家政分离），主卧大飘窗能270度直面自然景观。,在市中心核心写字楼工作，首选半小时核心通勤圈内。,爱猫狗，喜欢烹饪和插花，主打经济舒适的生活小确幸。,名下持有一套旧两居，置换回款 65% + 个人理财储蓄补充 + 公积金商业贷,重性价比，不盲信大牌，但要求物业管理有序、绿化修剪及时、人防技防规范。,本地常住人口，四季生活规律，度假频次为常规年假出行。
青_2008_00444,青岛,2008,山东省内异地,59,女,1.2,6.8,0.45,11.3,3,1,否,C,network,0.53,0.59,0.93,0.67,0.42,0.67,0.05,0.42,0.54,自住-改善,两室两厅,66,939,邮政局局长秘书,三口之家(学龄段),与父母同住，三代人拥挤在旧区小户型老房中,小区无地下车库且人车不分流，小孩在楼下玩耍或者推婴儿车极为不安全。,要求有超大面宽南向双阳台（观景家政分离），主卧大飘窗能270度直面自然景观。,在市中心核心写字楼工作，首选半小时核心通勤圈内。,爱猫狗，喜欢烹饪和插花，主打经济舒适的生活小确幸。,名下持有一套旧两居，置换回款 65% + 个人理财储蓄补充 + 公积金商业贷,重性价比，不盲信大牌，但要求物业管理有序、绿化修剪及时、人防技防规范。,本地常住人口，四季生活规律，度假频次为常规年假出行。
青_2008_00445,青岛,2008,北方度假投资,60,男,4.6,58.7,0.5,88.0,2,0,否,B,research,0.81,0.38,0.88,0.72,0.45,0.47,0.03,0,0.78,投资-短期,两室两厅,53,10021,上市公司退休联合创始人,高知退休康养,青岛中环品质两居，车位及空间极其拥挤,老小区隔音差，邻里滋扰严重，且车位严重匮乏，每晚加班回来抢车位像打仗。,要求独立电梯入户，主次卧动线分明，配备独立保姆房和私密后院。,在市中心核心写字楼工作，首选半小时核心通勤圈内。,倡导轻户外，周末常带家人自驾野营或山系徒步，注重生活情调与手作咖啡。,名下持有一套旧两居，置换回款 65% + 个人理财储蓄补充 + 公积金商业贷,非仁恒、绿城、万科等金牌开发商不买，极度看重高端精装质量与顶级物业的增值口碑。,每年11月至次年3月到此度过漫长冬季，极其依赖周边的康养及适老化服务。
青_2008_00446,青岛,2008,本地改善,48,男,1.8,15.1,0.4,28.2,5,1,是,B,agent,1,0.41,0.69,0.55,0.57,0.86,0.56,0.66,0.58,自住-改善,一室一厅,97,2494,市第二中学地理教师,三口之家(学龄段),青岛中环品质两居，车位及空间极其拥挤,小区无地下车库且人车不分流，小孩在楼下玩耍或者推婴儿车极为不安全。,讲究超高得房率（超85%），主卧套房必须配备独立步入式衣帽间与干湿分离双卫。,在市中心核心写字楼工作，首选半小时核心通勤圈内。,倡导轻户外，周末常带家人自驾野营或山系徒步，注重生活情调与手作咖啡。,名下持有一套旧两居，置换回款 65% + 个人理财储蓄补充 + 公积金商业贷,重性价比，不盲信大牌，但要求物业管理有序、绿化修剪及时、人防技防规范。,本地常住人口，四季生活规律，度假频次为常规年假出行。
青_2008_00447,青岛,2008,本地改善,35,女,2.4,24.2,0.4,45.3,5,1,是,B,agent,0.69,0.45,0.74,0.35,0.57,0.84,0.64,0.76,0.45,自住-改善,一室一厅,59,3969,邮政局局长秘书,三口之家(幼龄段),青岛中环品质两居，车位及空间极其拥挤,小区无地下车库且人车不分流，小孩在楼下玩耍或者推婴儿车极为不安全。,要求有超大面宽南向双阳台（观景家政分离），主卧大飘窗能270度直面自然景观。,在市中心核心写字楼工作，首选半小时核心通勤圈内。,倡导轻户外，周末常带家人自驾野营或山系徒步，注重生活情调与手作咖啡。,名下持有一套旧两居，置换回款 65% + 个人理财储蓄补充 + 公积金商业贷,重性价比，不盲信大牌，但要求物业管理有序、绿化修剪及时、人防技防规范。,本地常住人口，四季生活规律，度假频次为常规年假出行。
青_2008_00448,青岛,2008,本地改善,55,男,1.3,10.1,0.4,19.0,4,1,否,B,agent,0.76,0.44,0.87,0.52,0.49,0.92,0.53,0.67,0.57,自住-改善,两室两厅,88,1812,国企车间技术主任,三口之家(学龄段),青岛中环品质两居，车位及空间极其拥挤,小区无地下车库且人车不分流，小孩在楼下玩耍或者推婴儿车极为不安全。,要求有超大面宽南向双阳台（观景家政分离），主卧大飘窗能270度直面自然景观。,在市中心核心写字楼工作，首选半小时核心通勤圈内。,倡导轻户外，周末常带家人自驾野营或山系徒步，注重生活情调与手作咖啡。,名下持有一套旧两居，置换回款 65% + 个人理财储蓄补充 + 公积金商业贷,重性价比，不盲信大牌，但要求物业管理有序、绿化修剪及时、人防技防规范。,本地常住人口，四季生活规律，度假频次为常规年假出行。
青_2008_00449,青岛,2008,本地改善,38,男,2.1,20.2,0.4,37.8,3,1,否,B,agent,0.75,0.56,0.75,0.63,0.54,0.84,0.58,0.58,0.51,自住-改善,两室两厅,88,2151,市第二中学地理教师,三口之家(学龄段),青岛中环品质两居，车位及空间极其拥挤,小区无地下车库且人车不分流，小孩在楼下玩耍或者推婴儿车极为不安全。,要求有超大面宽南向双阳台（观景家政分离），主卧大飘窗能270度直面自然景观。,在市中心核心写字楼工作，首选半小时核心通勤圈内。,倡导轻户外，周末常带家人自驾野营或山系徒步，注重生活情调与手作咖啡。,名下持有一套旧两居，置换回款 65% + 个人理财储蓄补充 + 公积金商业贷,重性价比，不盲信大牌，但要求物业管理有序、绿化修剪及时、人防技防规范。,本地常住人口，四季生活规律，度假频次为常规年假出行。
青_2008_00450,青岛,2008,本地改善,39,女,1.6,11.7,0.4,22.0,3,1,否,B,agent,0.74,0.39,0.75,0.49,0.56,0.89,0.54,0.69,0.5,自住-改善,一室一厅,52,3689,国企车间技术主任,三口之家(学龄段),青岛中环品质两居，车位及空间极其拥挤,小区无地下车库且人车不分流，小孩在楼下玩耍或者推婴儿车极为不安全。,要求有超大面宽南向双阳台（观景家政分离），主卧大飘窗能270度直面自然景观。,在市中心核心写字楼工作，首选半小时核心通勤圈内。,倡导轻户外，周末常带家人自驾野营或山系徒步，注重生活情调与手作咖啡。,名下持有一套旧两居，置换回款 65% + 个人理财储蓄补充 + 公积金商业贷,重性价比，不盲信大牌，但要求物业管理有序、绿化修剪及时、人防技防规范。,本地常住人口，四季生活规律，度假频次为常规年假出行。
青_2008_00451,青岛,2008,本地改善,54,女,1.4,12.2,0.4,22.9,4,1,是,B,agent,0.5,0.45,0.57,0.43,0.48,0.84,0.62,0.71,0.58,自住-改善,两室两厅,94,1255,国企车间技术主任,三口之家(学龄段),青岛中环品质两居，车位及空间极其拥挤,小区无地下车库且人车不分流，小孩在楼下玩耍或者推婴儿车极为不安全。,讲究超高得房率（超85%），主卧套房必须配备独立步入式衣帽间与干湿分离双卫。,在市中心核心写字楼工作，首选半小时核心通勤圈内。,倡导轻户外，周末常带家人自驾野营或山系徒步，注重生活情调与手作咖啡。,名下持有一套旧两居，置换回款 65% + 个人理财储蓄补充 + 公积金商业贷,重性价比，不盲信大牌，但要求物业管理有序、绿化修剪及时、人防技防规范。,本地常住人口，四季生活规律，度假频次为常规年假出行。
青_2008_00452,青岛,2008,山东省内异地,57,女,2.0,11.8,0.45,19.7,3,0,是,C,network,0.53,0.58,0.93,0.59,0.5,0.8,0.05,0.64,0.58,自住-改善,两室一厅,96,1787,国企车间技术主任,高知退休康养,与父母同住，三代人拥挤在旧区小户型老房中,当前房屋属于旧多层无电梯房，父母年纪渐高每天爬楼梯极为吃力。,要求有超大面宽南向双阳台（观景家政分离），主卧大飘窗能270度直面自然景观。,在市中心核心写字楼工作，首选半小时核心通勤圈内。,爱猫狗，喜欢烹饪和插花，主打经济舒适的生活小确幸。,名下持有一套旧两居，置换回款 65% + 个人理财储蓄补充 + 公积金商业贷,重性价比，不盲信大牌，但要求物业管理有序、绿化修剪及时、人防技防规范。,本地常住人口，四季生活规律，度假频次为常规年假出行。
青_2008_00453,青岛,2008,本地改善,39,男,2.4,20.8,0.4,39.0,4,0,是,B,agent,0.78,0.57,0.8,0.67,0.47,0.91,0.55,0.86,0.54,自住-改善,一室一厅,70,4176,邮政局局长秘书,成熟期核心家庭,青岛中环品质两居，车位及空间极其拥挤,当前房屋属于旧多层无电梯房，父母年纪渐高每天爬楼梯极为吃力。,要求有超大面宽南向双阳台（观景家政分离），主卧大飘窗能270度直面自然景观。,在市中心核心写字楼工作，首选半小时核心通勤圈内。,倡导轻户外，周末常带家人自驾野营或山系徒步，注重生活情调与手作咖啡。,名下持有一套旧两居，置换回款 65% + 个人理财储蓄补充 + 公积金商业贷,重性价比，不盲信大牌，但要求物业管理有序、绿化修剪及时、人防技防规范。,本地常住人口，四季生活规律，度假频次为常规年假出行。
青_2008_00454,青岛,2008,山东省内异地,49,男,1.7,15.2,0.45,25.4,3,1,否,C,network,0.64,0.65,0.83,0.73,0.46,0.67,0,0.43,0.58,自住-改善,两室两厅,82,2268,邮政局局长秘书,三口之家(学龄段),与父母同住，三代人拥挤在旧区小户型老房中,小区无地下车库且人车不分流，小孩在楼下玩耍或者推婴儿车极为不安全。,要求独立电梯入户，主次卧动线分明，配备独立保姆房和私密后院。,在市中心核心写字楼工作，首选半小时核心通勤圈内。,爱猫狗，喜欢烹饪和插花，主打经济舒适的生活小确幸。,名下持有一套旧两居，置换回款 65% + 个人理财储蓄补充 + 公积金商业贷,重性价比，不盲信大牌，但要求物业管理有序、绿化修剪及时、人防技防规范。,本地常住人口，四季生活规律，度假频次为常规年假出行。
青_2008_00455,青岛,2008,本地改善,44,男,1.9,16.0,0.4,29.9,4,2,否,B,agent,0.45,0.57,0.85,0.53,0.52,0.85,0.37,0.55,0.59,自住-改善,两室一厅,50,3911,区财政局科员,二胎黄金期中大户型,青岛中环品质两居，车位及空间极其拥挤,小区无地下车库且人车不分流，小孩在楼下玩耍或者推婴儿车极为不安全。,要求有超大面宽南向双阳台（观景家政分离），主卧大飘窗能270度直面自然景观。,在市中心核心写字楼工作，首选半小时核心通勤圈内。,倡导轻户外，周末常带家人自驾野营或山系徒步，注重生活情调与手作咖啡。,名下持有一套旧两居，置换回款 65% + 个人理财储蓄补充 + 公积金商业贷,重性价比，不盲信大牌，但要求物业管理有序、绿化修剪及时、人防技防规范。,本地常住人口，四季生活规律，度假频次为常规年假出行。
青_2008_00456,青岛,2008,本地改善,51,女,2.5,20.5,0.4,38.3,4,2,否,B,agent,0.78,0.49,0.76,0.51,0.5,0.96,0.54,0.62,0.52,自住-改善,两室一厅,57,4073,国企车间技术主任,二胎黄金期中大户型,青岛中环品质两居，车位及空间极其拥挤,小区无地下车库且人车不分流，小孩在楼下玩耍或者推婴儿车极为不安全。,要求有超大面宽南向双阳台（观景家政分离），主卧大飘窗能270度直面自然景观。,在市中心核心写字楼工作，首选半小时核心通勤圈内。,倡导轻户外，周末常带家人自驾野营或山系徒步，注重生活情调与手作咖啡。,名下持有一套旧两居，置换回款 65% + 个人理财储蓄补充 + 公积金商业贷,重性价比，不盲信大牌，但要求物业管理有序、绿化修剪及时、人防技防规范。,本地常住人口，四季生活规律，度假频次为常规年假出行。
青_2008_00457,青岛,2008,学区刚需,42,女,1.4,9.1,0.3,22.8,3,0,否,C,agent,0.79,0.55,0.48,0.22,0.51,0.62,0.42,0.97,0.49,学区房,两室两厅,96,1621,区财政局科员,成熟期核心家庭,与父母同住，三代人拥挤在旧区小户型老房中,老小区隔音差，邻里滋扰严重，且车位严重匮乏，每晚加班回来抢车位像打仗。,核心要求地块属于第一梯队名校学区，且周边500米内解决幼小衔接教育配套。,在市中心核心写字楼工作，首选半小时核心通勤圈内。,爱猫狗，喜欢烹饪和插花，主打经济舒适的生活小确幸。,名下持有一套旧两居，置换回款 65% + 个人理财储蓄补充 + 公积金商业贷,重性价比，不盲信大牌，但要求物业管理有序、绿化修剪及时、人防技防规范。,本地常住人口，四季生活规律，度假频次为常规年假出行。
青_2008_00458,青岛,2008,北方度假投资,55,男,2.7,19.7,0.5,29.6,3,0,否,B,research,0.78,0.53,0.97,0.68,0.51,0.49,0.14,0.08,0.57,投资-短期,一室一厅,52,3647,高端海景资产收藏家,高知退休康养,青岛中环品质两居，车位及空间极其拥挤,老小区隔音差，邻里滋扰严重，且车位严重匮乏，每晚加班回来抢车位像打仗。,要求有超大面宽南向双阳台（观景家政分离），主卧大飘窗能270度直面自然景观。,在市中心核心写字楼工作，首选半小时核心通勤圈内。,倡导轻户外，周末常带家人自驾野营或山系徒步，注重生活情调与手作咖啡。,名下持有一套旧两居，置换回款 65% + 个人理财储蓄补充 + 公积金商业贷,重性价比，不盲信大牌，但要求物业管理有序、绿化修剪及时、人防技防规范。,每年11月至次年3月到此度过漫长冬季，极其依赖周边的康养及适老化服务。
青_2008_00459,青岛,2008,本地改善,55,女,1.9,12.7,0.4,23.7,4,1,否,B,agent,0.66,0.41,0.78,0.57,0.39,0.88,0.67,0.67,0.54,自住-改善,两室一厅,79,2047,国企车间技术主任,三口之家(学龄段),青岛中环品质两居，车位及空间极其拥挤,小区无地下车库且人车不分流，小孩在楼下玩耍或者推婴儿车极为不安全。,要求有超大面宽南向双阳台（观景家政分离），主卧大飘窗能270度直面自然景观。,在市中心核心写字楼工作，首选半小时核心通勤圈内。,倡导轻户外，周末常带家人自驾野营或山系徒步，注重生活情调与手作咖啡。,名下持有一套旧两居，置换回款 65% + 个人理财储蓄补充 + 公积金商业贷,重性价比，不盲信大牌，但要求物业管理有序、绿化修剪及时、人防技防规范。,本地常住人口，四季生活规律，度假频次为常规年假出行。
青_2008_00460,青岛,2008,山东省内异地,51,女,2.8,19.8,0.45,33.0,3,1,否,C,network,0.84,0.67,0.88,0.59,0.44,0.81,0.06,0.43,0.55,自住-改善,一室一厅,90,2124,国企车间技术主任,三口之家(学龄段),与父母同住，三代人拥挤在旧区小户型老房中,小区无地下车库且人车不分流，小孩在楼下玩耍或者推婴儿车极为不安全。,要求有超大面宽南向双阳台（观景家政分离），主卧大飘窗能270度直面自然景观。,在市中心核心写字楼工作，首选半小时核心通勤圈内。,爱猫狗，喜欢烹饪和插花，主打经济舒适的生活小确幸。,名下持有一套旧两居，置换回款 65% + 个人理财储蓄补充 + 公积金商业贷,重性价比，不盲信大牌，但要求物业管理有序、绿化修剪及时、人防技防规范。,本地常住人口，四季生活规律，度假频次为常规年假出行。
青_2008_00461,青岛,2008,本地改善,51,女,3.0,24.1,0.4,45.2,5,0,否,B,agent,0.57,0.63,0.83,0.51,0.62,0.83,0.6,0.7,0.55,自住-改善,两室一厅,59,5279,区财政局科员,成熟期核心家庭,青岛中环品质两居，车位及空间极其拥挤,老小区隔音差，邻里滋扰严重，且车位严重匮乏，每晚加班回来抢车位像打仗。,要求有超大面宽南向双阳台（观景家政分离），主卧大飘窗能270度直面自然景观。,在市中心核心写字楼工作，首选半小时核心通勤圈内。,倡导轻户外，周末常带家人自驾野营或山系徒步，注重生活情调与手作咖啡。,名下持有一套旧两居，置换回款 65% + 个人理财储蓄补充 + 公积金商业贷,重性价比，不盲信大牌，但要求物业管理有序、绿化修剪及时、人防技防规范。,本地常住人口，四季生活规律，度假频次为常规年假出行。
青_2008_00462,青岛,2008,本地改善,37,女,2.0,11.8,0.4,22.1,3,1,是,B,agent,0.87,0.46,0.88,0.61,0.37,0.82,0.65,0.59,0.48,自住-改善,两室两厅,90,2015,国企车间技术主任,三口之家(幼龄段),青岛中环品质两居，车位及空间极其拥挤,小区无地下车库且人车不分流，小孩在楼下玩耍或者推婴儿车极为不安全。,要求有超大面宽南向双阳台（观景家政分离），主卧大飘窗能270度直面自然景观。,在市中心核心写字楼工作，首选半小时核心通勤圈内。,倡导轻户外，周末常带家人自驾野营或山系徒步，注重生活情调与手作咖啡。,名下持有一套旧两居，置换回款 65% + 个人理财储蓄补充 + 公积金商业贷,重性价比，不盲信大牌，但要求物业管理有序、绿化修剪及时、人防技防规范。,本地常住人口，四季生活规律，度假频次为常规年假出行。
青_2008_00463,青岛,2008,本地改善,48,男,3.9,24.5,0.4,46.0,4,1,否,B,agent,0.67,0.47,0.77,0.62,0.57,0.89,0.63,0.74,0.6,自住-改善,两室两厅,90,3130,邮政局局长秘书,三口之家(学龄段),青岛中环品质两居，车位及空间极其拥挤,小区无地下车库且人车不分流，小孩在楼下玩耍或者推婴儿车极为不安全。,要求有超大面宽南向双阳台（观景家政分离），主卧大飘窗能270度直面自然景观。,在市中心核心写字楼工作，首选半小时核心通勤圈内。,倡导轻户外，周末常带家人自驾野营或山系徒步，注重生活情调与手作咖啡。,名下持有一套旧两居，置换回款 65% + 个人理财储蓄补充 + 公积金商业贷,重性价比，不盲信大牌，但要求物业管理有序、绿化修剪及时、人防技防规范。,本地常住人口，四季生活规律，度假频次为常规年假出行。
青_2008_00464,青岛,2008,山东省内异地,57,女,4.1,33.7,0.45,56.2,3,1,否,C,network,0.58,0.45,0.92,0.59,0.41,0.75,0.06,0.5,0.65,自住-改善,两室两厅,100,4109,市第二中学地理教师,三口之家(学龄段),与父母同住，三代人拥挤在旧区小户型老房中,小区无地下车库且人车不分流，小孩在楼下玩耍或者推婴儿车极为不安全。,要求有超大面宽南向双阳台（观景家政分离），主卧大飘窗能270度直面自然景观。,在市中心核心写字楼工作，首选半小时核心通勤圈内。,爱猫狗，喜欢烹饪和插花，主打经济舒适的生活小确幸。,名下持有一套旧两居，置换回款 65% + 个人理财储蓄补充 + 公积金商业贷,重性价比，不盲信大牌，但要求物业管理有序、绿化修剪及时、人防技防规范。,本地常住人口，四季生活规律，度假频次为常规年假出行。
青_2008_00465,青岛,2008,本地改善,50,女,2.3,17.6,0.4,33.1,5,0,是,B,agent,0.61,0.36,0.81,0.41,0.55,0.84,0.45,0.65,0.55,自住-改善,两室两厅,57,3140,邮政局局长秘书,成熟期核心家庭,青岛中环品质两居，车位及空间极其拥挤,当前房屋属于旧多层无电梯房，父母年纪渐高每天爬楼梯极为吃力。,要求有超大面宽南向双阳台（观景家政分离），主卧大飘窗能270度直面自然景观。,在市中心核心写字楼工作，首选半小时核心通勤圈内。,倡导轻户外，周末常带家人自驾野营或山系徒步，注重生活情调与手作咖啡。,名下持有一套旧两居，置换回款 65% + 个人理财储蓄补充 + 公积金商业贷,重性价比，不盲信大牌，但要求物业管理有序、绿化修剪及时、人防技防规范。,本地常住人口，四季生活规律，度假频次为常规年假出行。
青_2008_00466,青岛,2008,本地改善,43,女,1.3,9.7,0.4,18.2,5,1,是,B,agent,0.62,0.47,0.81,0.48,0.46,0.92,0.64,0.67,0.39,自住-改善,一室一厅,97,999,市第二中学地理教师,三口之家(学龄段),青岛中环品质两居，车位及空间极其拥挤,小区无地下车库且人车不分流，小孩在楼下玩耍或者推婴儿车极为不安全。,要求有超大面宽南向双阳台（观景家政分离），主卧大飘窗能270度直面自然景观。,在市中心核心写字楼工作，首选半小时核心通勤圈内。,倡导轻户外，周末常带家人自驾野营或山系徒步，注重生活情调与手作咖啡。,名下持有一套旧两居，置换回款 65% + 个人理财储蓄补充 + 公积金商业贷,重性价比，不盲信大牌，但要求物业管理有序、绿化修剪及时、人防技防规范。,本地常住人口，四季生活规律，度假频次为常规年假出行。
青_2008_00467,青岛,2008,本地改善,47,男,2.8,20.7,0.4,38.8,4,1,否,B,agent,0.52,0.53,0.76,0.54,0.41,0.99,0.7,0.72,0.45,自住-改善,一室一厅,68,4477,邮政局局长秘书,三口之家(学龄段),青岛中环品质两居，车位及空间极其拥挤,小区无地下车库且人车不分流，小孩在楼下玩耍或者推婴儿车极为不安全。,要求有超大面宽南向双阳台（观景家政分离），主卧大飘窗能270度直面自然景观。,在市中心核心写字楼工作，首选半小时核心通勤圈内。,倡导轻户外，周末常带家人自驾野营或山系徒步，注重生活情调与手作咖啡。,名下持有一套旧两居，置换回款 65% + 个人理财储蓄补充 + 公积金商业贷,重性价比，不盲信大牌，但要求物业管理有序、绿化修剪及时、人防技防规范。,本地常住人口，四季生活规律，度假频次为常规年假出行。
青_2008_00468,青岛,2008,本地改善,48,男,1.9,16.6,0.4,31.2,4,0,是,B,agent,0.8,0.45,0.66,0.51,0.51,0.78,0.56,0.67,0.41,自住-改善,两室一厅,73,3194,区财政局科员,成熟期核心家庭,青岛中环品质两居，车位及空间极其拥挤,当前房屋属于旧多层无电梯房，父母年纪渐高每天爬楼梯极为吃力。,讲究超高得房率（超85%），主卧套房必须配备独立步入式衣帽间与干湿分离双卫。,在市中心核心写字楼工作，首选半小时核心通勤圈内。,倡导轻户外，周末常带家人自驾野营或山系徒步，注重生活情调与手作咖啡。,名下持有一套旧两居，置换回款 65% + 个人理财储蓄补充 + 公积金商业贷,重性价比，不盲信大牌，但要求物业管理有序、绿化修剪及时、人防技防规范。,本地常住人口，四季生活规律，度假频次为常规年假出行。
青_2008_00469,青岛,2008,山东省内异地,52,女,3.8,33.3,0.45,55.5,4,1,否,C,network,0.88,0.51,0.87,0.53,0.54,0.73,0,0.44,0.54,自住-首套,一室一厅,86,4079,邮政局局长秘书,三口之家(学龄段),与父母同住，三代人拥挤在旧区小户型老房中,小区无地下车库且人车不分流，小孩在楼下玩耍或者推婴儿车极为不安全。,要求有超大面宽南向双阳台（观景家政分离），主卧大飘窗能270度直面自然景观。,在市中心核心写字楼工作，首选半小时核心通勤圈内。,爱猫狗，喜欢烹饪和插花，主打经济舒适的生活小确幸。,夫妻双方积蓄 + 双方父母出资赞助首付 + 公积金商业组合贷款,重性价比，不盲信大牌，但要求物业管理有序、绿化修剪及时、人防技防规范。,本地常住人口，四季生活规律，度假频次为常规年假出行。
青_2008_00470,青岛,2008,本地改善,36,女,1.7,10.8,0.4,20.3,3,0,是,B,agent,0.51,0.54,0.75,0.55,0.54,0.8,0.63,0.65,0.55,自住-改善,一室一厅,99,1219,邮政局局长秘书,成熟期核心家庭,青岛中环品质两居，车位及空间极其拥挤,当前房屋属于旧多层无电梯房，父母年纪渐高每天爬楼梯极为吃力。,要求有超大面宽南向双阳台（观景家政分离），主卧大飘窗能270度直面自然景观。,在市中心核心写字楼工作，首选半小时核心通勤圈内。,倡导轻户外，周末常带家人自驾野营或山系徒步，注重生活情调与手作咖啡。,名下持有一套旧两居，置换回款 65% + 个人理财储蓄补充 + 公积金商业贷,重性价比，不盲信大牌，但要求物业管理有序、绿化修剪及时、人防技防规范。,本地常住人口，四季生活规律，度假频次为常规年假出行。
青_2008_00471,青岛,2008,本地改善,36,男,1.7,12.4,0.4,23.3,4,2,是,B,agent,0.61,0.56,0.83,0.47,0.5,0.72,0.58,0.78,0.61,自住-改善,一室一厅,69,2493,市第二中学地理教师,二胎黄金期中大户型,青岛中环品质两居，车位及空间极其拥挤,小区无地下车库且人车不分流，小孩在楼下玩耍或者推婴儿车极为不安全。,要求有超大面宽南向双阳台（观景家政分离），主卧大飘窗能270度直面自然景观。,在市中心核心写字楼工作，首选半小时核心通勤圈内。,倡导轻户外，周末常带家人自驾野营或山系徒步，注重生活情调与手作咖啡。,名下持有一套旧两居，置换回款 65% + 个人理财储蓄补充 + 公积金商业贷,重性价比，不盲信大牌，但要求物业管理有序、绿化修剪及时、人防技防规范。,本地常住人口，四季生活规律，度假频次为常规年假出行。
青_2008_00472,青岛,2008,本地改善,41,男,2.8,22.1,0.4,41.5,4,1,否,B,agent,1,0.38,0.65,0.6,0.51,0.84,0.56,0.79,0.59,自住-改善,一室一厅,83,3383,市第二中学地理教师,三口之家(学龄段),青岛中环品质两居，车位及空间极其拥挤,小区无地下车库且人车不分流，小孩在楼下玩耍或者推婴儿车极为不安全。,讲究超高得房率（超85%），主卧套房必须配备独立步入式衣帽间与干湿分离双卫。,在市中心核心写字楼工作，首选半小时核心通勤圈内。,倡导轻户外，周末常带家人自驾野营或山系徒步，注重生活情调与手作咖啡。,名下持有一套旧两居，置换回款 65% + 个人理财储蓄补充 + 公积金商业贷,重性价比，不盲信大牌，但要求物业管理有序、绿化修剪及时、人防技防规范。,本地常住人口，四季生活规律，度假频次为常规年假出行。
青_2008_00473,青岛,2008,学区刚需,40,男,1.1,6.4,0.3,16.0,2,1,否,C,agent,0.63,0.58,0.49,0.39,0.32,0.77,0.45,0.98,0.42,学区房,一室一厅,92,1006,邮政局局长秘书,三口之家(学龄段),与父母同住，三代人拥挤在旧区小户型老房中,小区无地下车库且人车不分流，小孩在楼下玩耍或者推婴儿车极为不安全。,讲究超高得房率（超85%），主卧套房必须配备独立步入式衣帽间与干湿分离双卫。,在市中心核心写字楼工作，首选半小时核心通勤圈内。,爱猫狗，喜欢烹饪和插花，主打经济舒适的生活小确幸。,名下持有一套旧两居，置换回款 65% + 个人理财储蓄补充 + 公积金商业贷,重性价比，不盲信大牌，但要求物业管理有序、绿化修剪及时、人防技防规范。,本地常住人口，四季生活规律，度假频次为常规年假出行。
青_2008_00474,青岛,2008,本地改善,50,男,1.8,12.8,0.4,24.1,4,1,否,B,agent,0.79,0.38,0.82,0.45,0.65,0.88,0.75,0.73,0.47,自住-改善,两室两厅,76,2474,市第二中学地理教师,三口之家(学龄段),青岛中环品质两居，车位及空间极其拥挤,小区无地下车库且人车不分流，小孩在楼下玩耍或者推婴儿车极为不安全。,要求有超大面宽南向双阳台（观景家政分离），主卧大飘窗能270度直面自然景观。,在市中心核心写字楼工作，首选半小时核心通勤圈内。,倡导轻户外，周末常带家人自驾野营或山系徒步，注重生活情调与手作咖啡。,名下持有一套旧两居，置换回款 65% + 个人理财储蓄补充 + 公积金商业贷,重性价比，不盲信大牌，但要求物业管理有序、绿化修剪及时、人防技防规范。,本地常住人口，四季生活规律，度假频次为常规年假出行。
青_2008_00475,青岛,2008,学区刚需,32,女,2.0,14.8,0.3,36.9,3,1,否,C,agent,0.63,0.57,0.29,0.27,0.45,0.71,0.62,0.89,0.54,学区房,两室两厅,53,5228,区财政局科员,三口之家(幼龄段),与父母同住，三代人拥挤在旧区小户型老房中,小区无地下车库且人车不分流，小孩在楼下玩耍或者推婴儿车极为不安全。,讲究超高得房率（超85%），主卧套房必须配备独立步入式衣帽间与干湿分离双卫。,在市中心核心写字楼工作，首选半小时核心通勤圈内。,爱猫狗，喜欢烹饪和插花，主打经济舒适的生活小确幸。,名下持有一套旧两居，置换回款 65% + 个人理财储蓄补充 + 公积金商业贷,重性价比，不盲信大牌，但要求物业管理有序、绿化修剪及时、人防技防规范。,本地常住人口，四季生活规律，度假频次为常规年假出行。
青_2008_00476,青岛,2008,本地改善,52,女,3.1,30.5,0.4,57.2,5,1,否,B,agent,0.42,0.42,0.7,0.52,0.57,0.73,0.63,0.7,0.41,自住-改善,一室一厅,78,6025,邮政局局长秘书,三口之家(学龄段),青岛中环品质两居，车位及空间极其拥挤,小区无地下车库且人车不分流，小孩在楼下玩耍或者推婴儿车极为不安全。,讲究超高得房率（超85%），主卧套房必须配备独立步入式衣帽间与干湿分离双卫。,在市中心核心写字楼工作，首选半小时核心通勤圈内。,倡导轻户外，周末常带家人自驾野营或山系徒步，注重生活情调与手作咖啡。,名下持有一套旧两居，置换回款 65% + 个人理财储蓄补充 + 公积金商业贷,重性价比，不盲信大牌，但要求物业管理有序、绿化修剪及时、人防技防规范。,本地常住人口，四季生活规律，度假频次为常规年假出行。
青_2008_00477,青岛,2008,学区刚需,43,男,3.1,18.7,0.3,46.8,3,1,否,C,agent,1,0.77,0.4,0.34,0.33,0.8,0.61,1,0.49,学区房,两室一厅,66,6096,邮政局局长秘书,三口之家(学龄段),与父母同住，三代人拥挤在旧区小户型老房中,小区无地下车库且人车不分流，小孩在楼下玩耍或者推婴儿车极为不安全。,讲究超高得房率（超85%），主卧套房必须配备独立步入式衣帽间与干湿分离双卫。,在市中心核心写字楼工作，首选半小时核心通勤圈内。,爱猫狗，喜欢烹饪和插花，主打经济舒适的生活小确幸。,名下持有一套旧两居，置换回款 65% + 个人理财储蓄补充 + 公积金商业贷,重性价比，不盲信大牌，但要求物业管理有序、绿化修剪及时、人防技防规范。,本地常住人口，四季生活规律，度假频次为常规年假出行。
青_2008_00478,青岛,2008,本地改善,50,女,1.6,12.8,0.4,24.0,4,2,否,B,agent,0.64,0.52,0.71,0.5,0.47,0.92,0.78,0.79,0.65,自住-改善,两室两厅,64,2804,邮政局局长秘书,二胎黄金期中大户型,青岛中环品质两居，车位及空间极其拥挤,小区无地下车库且人车不分流，小孩在楼下玩耍或者推婴儿车极为不安全。,要求有超大面宽南向双阳台（观景家政分离），主卧大飘窗能270度直面自然景观。,在市中心核心写字楼工作，首选半小时核心通勤圈内。,倡导轻户外，周末常带家人自驾野营或山系徒步，注重生活情调与手作咖啡。,名下持有一套旧两居，置换回款 65% + 个人理财储蓄补充 + 公积金商业贷,重性价比，不盲信大牌，但要求物业管理有序、绿化修剪及时、人防技防规范。,本地常住人口，四季生活规律，度假频次为常规年假出行。
青_2008_00479,青岛,2008,本地改善,41,男,2.3,15.6,0.4,29.3,5,1,否,B,agent,0.58,0.56,0.85,0.44,0.49,0.92,0.53,0.44,0.68,自住-改善,两室两厅,58,3811,邮政局局长秘书,三口之家(学龄段),青岛中环品质两居，车位及空间极其拥挤,小区无地下车库且人车不分流，小孩在楼下玩耍或者推婴儿车极为不安全。,要求有超大面宽南向双阳台（观景家政分离），主卧大飘窗能270度直面自然景观。,在市中心核心写字楼工作，首选半小时核心通勤圈内。,倡导轻户外，周末常带家人自驾野营或山系徒步，注重生活情调与手作咖啡。,名下持有一套旧两居，置换回款 65% + 个人理财储蓄补充 + 公积金商业贷,重性价比，不盲信大牌，但要求物业管理有序、绿化修剪及时、人防技防规范。,本地常住人口，四季生活规律，度假频次为常规年假出行。
青_2008_00480,青岛,2008,山东省内异地,59,女,2.2,17.4,0.45,29.0,4,1,否,C,network,0.71,0.57,0.81,0.58,0.62,0.71,0.03,0.31,0.66,自住-改善,两室一厅,97,2555,邮政局局长秘书,三口之家(学龄段),与父母同住，三代人拥挤在旧区小户型老房中,小区无地下车库且人车不分流，小孩在楼下玩耍或者推婴儿车极为不安全。,要求有超大面宽南向双阳台（观景家政分离），主卧大飘窗能270度直面自然景观。,在市中心核心写字楼工作，首选半小时核心通勤圈内。,爱猫狗，喜欢烹饪和插花，主打经济舒适的生活小确幸。,名下持有一套旧两居，置换回款 65% + 个人理财储蓄补充 + 公积金商业贷,重性价比，不盲信大牌，但要求物业管理有序、绿化修剪及时、人防技防规范。,本地常住人口，四季生活规律，度假频次为常规年假出行。
青_2008_00481,青岛,2008,山东省内异地,55,男,2.7,28.2,0.45,47.0,3,0,否,C,network,0.64,0.6,0.95,0.61,0.56,0.87,0,0.42,0.55,自住-改善,一室一厅,100,2668,市第二中学地理教师,高知退休康养,与父母同住，三代人拥挤在旧区小户型老房中,老小区隔音差，邻里滋扰严重，且车位严重匮乏，每晚加班回来抢车位像打仗。,要求有超大面宽南向双阳台（观景家政分离），主卧大飘窗能270度直面自然景观。,在市中心核心写字楼工作，首选半小时核心通勤圈内。,爱猫狗，喜欢烹饪和插花，主打经济舒适的生活小确幸。,名下持有一套旧两居，置换回款 65% + 个人理财储蓄补充 + 公积金商业贷,重性价比，不盲信大牌，但要求物业管理有序、绿化修剪及时、人防技防规范。,本地常住人口，四季生活规律，度假频次为常规年假出行。
青_2008_00482,青岛,2008,北方度假投资,49,男,1.2,11.4,0.5,17.2,2,0,否,B,research,0.78,0.51,0.91,0.59,0.45,0.46,0,0.07,0.66,投资-长持,一室一厅,73,1257,知名中医药连锁投资人,成熟期核心家庭,青岛中环品质两居，车位及空间极其拥挤,老小区隔音差，邻里滋扰严重，且车位严重匮乏，每晚加班回来抢车位像打仗。,要求有超大面宽南向双阳台（观景家政分离），主卧大飘窗能270度直面自然景观。,在市中心核心写字楼工作，首选半小时核心通勤圈内。,倡导轻户外，周末常带家人自驾野营或山系徒步，注重生活情调与手作咖啡。,名下持有一套旧两居，置换回款 65% + 个人理财储蓄补充 + 公积金商业贷,重性价比，不盲信大牌，但要求物业管理有序、绿化修剪及时、人防技防规范。,每年11月至次年3月到此度过漫长冬季，极其依赖周边的康养及适老化服务。
青_2008_00483,青岛,2008,本地改善,50,男,2.8,19.9,0.4,37.3,3,1,否,B,agent,0.7,0.47,0.67,0.69,0.72,0.94,0.49,0.72,0.58,自住-改善,两室两厅,66,3522,邮政局局长秘书,三口之家(学龄段),青岛中环品质两居，车位及空间极其拥挤,小区无地下车库且人车不分流，小孩在楼下玩耍或者推婴儿车极为不安全。,讲究超高得房率（超85%），主卧套房必须配备独立步入式衣帽间与干湿分离双卫。,在市中心核心写字楼工作，首选半小时核心通勤圈内。,倡导轻户外，周末常带家人自驾野营或山系徒步，注重生活情调与手作咖啡。,名下持有一套旧两居，置换回款 65% + 个人理财储蓄补充 + 公积金商业贷,重性价比，不盲信大牌，但要求物业管理有序、绿化修剪及时、人防技防规范。,本地常住人口，四季生活规律，度假频次为常规年假出行。
青_2008_00484,青岛,2008,山东省内异地,49,男,2.7,15.9,0.45,26.5,3,0,是,C,network,0.53,0.69,0.95,0.67,0.57,0.69,0.05,0.47,0.62,自住-改善,一室一厅,73,2694,邮政局局长秘书,成熟期核心家庭,与父母同住，三代人拥挤在旧区小户型老房中,当前房屋属于旧多层无电梯房，父母年纪渐高每天爬楼梯极为吃力。,要求有超大面宽南向双阳台（观景家政分离），主卧大飘窗能270度直面自然景观。,在市中心核心写字楼工作，首选半小时核心通勤圈内。,爱猫狗，喜欢烹饪和插花，主打经济舒适的生活小确幸。,名下持有一套旧两居，置换回款 65% + 个人理财储蓄补充 + 公积金商业贷,重性价比，不盲信大牌，但要求物业管理有序、绿化修剪及时、人防技防规范。,本地常住人口，四季生活规律，度假频次为常规年假出行。
青_2008_00485,青岛,2008,本地改善,51,男,1.3,9.6,0.4,18.0,4,2,否,B,agent,0.61,0.52,0.84,0.53,0.49,0.92,0.39,0.72,0.69,自住-改善,一室一厅,75,1896,市第二中学地理教师,二胎黄金期中大户型,青岛中环品质两居，车位及空间极其拥挤,小区无地下车库且人车不分流，小孩在楼下玩耍或者推婴儿车极为不安全。,要求有超大面宽南向双阳台（观景家政分离），主卧大飘窗能270度直面自然景观。,在市中心核心写字楼工作，首选半小时核心通勤圈内。,倡导轻户外，周末常带家人自驾野营或山系徒步，注重生活情调与手作咖啡。,名下持有一套旧两居，置换回款 65% + 个人理财储蓄补充 + 公积金商业贷,重性价比，不盲信大牌，但要求物业管理有序、绿化修剪及时、人防技防规范。,本地常住人口，四季生活规律，度假频次为常规年假出行。
青_2008_00486,青岛,2008,本地改善,48,男,2.6,26.4,0.4,49.4,4,1,是,B,agent,0.67,0.51,0.64,0.54,0.48,0.66,0.46,0.59,0.46,自住-改善,两室一厅,67,6506,区财政局科员,三口之家(学龄段),青岛中环品质两居，车位及空间极其拥挤,小区无地下车库且人车不分流，小孩在楼下玩耍或者推婴儿车极为不安全。,要求采光通透，全明户型，带多功能嵌入式收纳墙以最大化空间利用。,在市中心核心写字楼工作，首选半小时核心通勤圈内。,倡导轻户外，周末常带家人自驾野营或山系徒步，注重生活情调与手作咖啡。,名下持有一套旧两居，置换回款 65% + 个人理财储蓄补充 + 公积金商业贷,重性价比，不盲信大牌，但要求物业管理有序、绿化修剪及时、人防技防规范。,本地常住人口，四季生活规律，度假频次为常规年假出行。
青_2008_00487,青岛,2008,本地改善,46,女,1.4,14.7,0.4,27.5,3,1,否,B,agent,0.55,0.39,0.74,0.53,0.46,1,0.62,0.73,0.57,自住-改善,一室一厅,64,2732,市第二中学地理教师,三口之家(学龄段),青岛中环品质两居，车位及空间极其拥挤,小区无地下车库且人车不分流，小孩在楼下玩耍或者推婴儿车极为不安全。,要求有超大面宽南向双阳台（观景家政分离），主卧大飘窗能270度直面自然景观。,在市中心核心写字楼工作，首选半小时核心通勤圈内。,倡导轻户外，周末常带家人自驾野营或山系徒步，注重生活情调与手作咖啡。,名下持有一套旧两居，置换回款 65% + 个人理财储蓄补充 + 公积金商业贷,重性价比，不盲信大牌，但要求物业管理有序、绿化修剪及时、人防技防规范。,本地常住人口，四季生活规律，度假频次为常规年假出行。
青_2008_00488,青岛,2008,本地改善,36,男,2.3,13.7,0.4,25.8,4,2,否,B,agent,0.78,0.37,0.73,0.59,0.51,0.96,0.62,0.58,0.51,自住-改善,一室一厅,89,1613,邮政局局长秘书,二胎黄金期中大户型,青岛中环品质两居，车位及空间极其拥挤,小区无地下车库且人车不分流，小孩在楼下玩耍或者推婴儿车极为不安全。,要求有超大面宽南向双阳台（观景家政分离），主卧大飘窗能270度直面自然景观。,在市中心核心写字楼工作，首选半小时核心通勤圈内。,倡导轻户外，周末常带家人自驾野营或山系徒步，注重生活情调与手作咖啡。,名下持有一套旧两居，置换回款 65% + 个人理财储蓄补充 + 公积金商业贷,重性价比，不盲信大牌，但要求物业管理有序、绿化修剪及时、人防技防规范。,本地常住人口，四季生活规律，度假频次为常规年假出行。
青_2008_00489,青岛,2008,本地改善,46,男,1.6,15.6,0.4,29.3,4,0,否,B,agent,0.81,0.39,0.85,0.42,0.53,0.95,0.53,0.64,0.58,自住-改善,两室一厅,79,2994,邮政局局长秘书,成熟期核心家庭,青岛中环品质两居，车位及空间极其拥挤,老小区隔音差，邻里滋扰严重，且车位严重匮乏，每晚加班回来抢车位像打仗。,要求有超大面宽南向双阳台（观景家政分离），主卧大飘窗能270度直面自然景观。,在市中心核心写字楼工作，首选半小时核心通勤圈内。,倡导轻户外，周末常带家人自驾野营或山系徒步，注重生活情调与手作咖啡。,名下持有一套旧两居，置换回款 65% + 个人理财储蓄补充 + 公积金商业贷,重性价比，不盲信大牌，但要求物业管理有序、绿化修剪及时、人防技防规范。,本地常住人口，四季生活规律，度假频次为常规年假出行。
青_2008_00490,青岛,2008,学区刚需,41,男,1.8,9.4,0.3,23.5,2,1,是,C,agent,0.95,0.51,0.62,0.33,0.42,0.61,0.56,0.99,0.37,学区房,一室一厅,60,2624,区财政局科员,三口之家(学龄段),与父母同住，三代人拥挤在旧区小户型老房中,小区无地下车库且人车不分流，小孩在楼下玩耍或者推婴儿车极为不安全。,核心要求地块属于第一梯队名校学区，且周边500米内解决幼小衔接教育配套。,在市中心核心写字楼工作，首选半小时核心通勤圈内。,爱猫狗，喜欢烹饪和插花，主打经济舒适的生活小确幸。,名下持有一套旧两居，置换回款 65% + 个人理财储蓄补充 + 公积金商业贷,重性价比，不盲信大牌，但要求物业管理有序、绿化修剪及时、人防技防规范。,本地常住人口，四季生活规律，度假频次为常规年假出行。
青_2008_00491,青岛,2008,学区刚需,33,女,1.2,8.8,0.3,22.1,3,0,否,C,agent,1,0.57,0.43,0.33,0.36,0.68,0.61,1,0.5,学区房,两室一厅,78,1674,邮政局局长秘书,新婚过渡两居,与父母同住，三代人拥挤在旧区小户型老房中,老小区隔音差，邻里滋扰严重，且车位严重匮乏，每晚加班回来抢车位像打仗。,核心要求地块属于第一梯队名校学区，且周边500米内解决幼小衔接教育配套。,在市中心核心写字楼工作，首选半小时核心通勤圈内。,爱猫狗，喜欢烹饪和插花，主打经济舒适的生活小确幸。,名下持有一套旧两居，置换回款 65% + 个人理财储蓄补充 + 公积金商业贷,重性价比，不盲信大牌，但要求物业管理有序、绿化修剪及时、人防技防规范。,本地常住人口，四季生活规律，度假频次为常规年假出行。
青_2008_00492,青岛,2008,山东省内异地,40,男,1.8,16.2,0.45,27.0,3,1,否,C,network,0.67,0.64,0.86,0.59,0.52,0.66,0,0.37,0.44,自住-首套,一室一厅,70,2303,国企车间技术主任,三口之家(学龄段),与父母同住，三代人拥挤在旧区小户型老房中,小区无地下车库且人车不分流，小孩在楼下玩耍或者推婴儿车极为不安全。,要求有超大面宽南向双阳台（观景家政分离），主卧大飘窗能270度直面自然景观。,在市中心核心写字楼工作，首选半小时核心通勤圈内。,爱猫狗，喜欢烹饪和插花，主打经济舒适的生活小确幸。,夫妻双方积蓄 + 双方父母出资赞助首付 + 公积金商业组合贷款,重性价比，不盲信大牌，但要求物业管理有序、绿化修剪及时、人防技防规范。,本地常住人口，四季生活规律，度假频次为常规年假出行。
青_2008_00493,青岛,2008,本地改善,51,男,3.4,30.2,0.4,56.6,3,1,否,B,agent,0.99,0.59,0.74,0.62,0.58,0.81,0.63,0.66,0.59,自住-改善,两室两厅,61,5494,邮政局局长秘书,三口之家(学龄段),青岛中环品质两居，车位及空间极其拥挤,小区无地下车库且人车不分流，小孩在楼下玩耍或者推婴儿车极为不安全。,要求有超大面宽南向双阳台（观景家政分离），主卧大飘窗能270度直面自然景观。,在市中心核心写字楼工作，首选半小时核心通勤圈内。,倡导轻户外，周末常带家人自驾野营或山系徒步，注重生活情调与手作咖啡。,名下持有一套旧两居，置换回款 65% + 个人理财储蓄补充 + 公积金商业贷,重性价比，不盲信大牌，但要求物业管理有序、绿化修剪及时、人防技防规范。,本地常住人口，四季生活规律，度假频次为常规年假出行。
青_2008_00494,青岛,2008,山东省内异地,42,女,2.2,16.1,0.45,26.9,3,2,是,C,network,0.71,0.68,0.85,0.69,0.54,0.65,0,0.22,0.61,自住-首套,一室一厅,57,3910,区财政局科员,二胎黄金期中大户型,与父母同住，三代人拥挤在旧区小户型老房中,小区无地下车库且人车不分流，小孩在楼下玩耍或者推婴儿车极为不安全。,要求有超大面宽南向双阳台（观景家政分离），主卧大飘窗能270度直面自然景观。,在市中心核心写字楼工作，首选半小时核心通勤圈内。,爱猫狗，喜欢烹饪和插花，主打经济舒适的生活小确幸。,夫妻双方积蓄 + 双方父母出资赞助首付 + 公积金商业组合贷款,重性价比，不盲信大牌，但要求物业管理有序、绿化修剪及时、人防技防规范。,本地常住人口，四季生活规律，度假频次为常规年假出行。
青_2008_00495,青岛,2008,本地改善,55,女,2.8,18.6,0.4,34.9,3,1,否,B,agent,0.34,0.44,0.83,0.54,0.51,0.8,0.67,0.73,0.54,自住-改善,两室两厅,76,3616,市第二中学地理教师,三口之家(学龄段),青岛中环品质两居，车位及空间极其拥挤,小区无地下车库且人车不分流，小孩在楼下玩耍或者推婴儿车极为不安全。,要求有超大面宽南向双阳台（观景家政分离），主卧大飘窗能270度直面自然景观。,在市中心核心写字楼工作，首选半小时核心通勤圈内。,倡导轻户外，周末常带家人自驾野营或山系徒步，注重生活情调与手作咖啡。,名下持有一套旧两居，置换回款 65% + 个人理财储蓄补充 + 公积金商业贷,重性价比，不盲信大牌，但要求物业管理有序、绿化修剪及时、人防技防规范。,本地常住人口，四季生活规律，度假频次为常规年假出行。
青_2008_00496,青岛,2008,山东省内异地,43,女,2.6,17.4,0.45,29.0,3,1,否,C,network,0.72,0.65,1,0.5,0.61,0.69,0,0.57,0.46,自住-改善,两室一厅,61,2690,区财政局科员,三口之家(学龄段),与父母同住，三代人拥挤在旧区小户型老房中,小区无地下车库且人车不分流，小孩在楼下玩耍或者推婴儿车极为不安全。,要求有超大面宽南向双阳台（观景家政分离），主卧大飘窗能270度直面自然景观。,在市中心核心写字楼工作，首选半小时核心通勤圈内。,爱猫狗，喜欢烹饪和插花，主打经济舒适的生活小确幸。,名下持有一套旧两居，置换回款 65% + 个人理财储蓄补充 + 公积金商业贷,重性价比，不盲信大牌，但要求物业管理有序、绿化修剪及时、人防技防规范。,本地常住人口，四季生活规律，度假频次为常规年假出行。
青_2008_00497,青岛,2008,本地改善,37,男,2.0,17.4,0.4,32.7,4,1,否,B,agent,0.74,0.55,0.66,0.47,0.52,0.76,0.53,0.58,0.61,自住-改善,两室一厅,78,2176,区财政局科员,三口之家(幼龄段),青岛中环品质两居，车位及空间极其拥挤,小区无地下车库且人车不分流，小孩在楼下玩耍或者推婴儿车极为不安全。,讲究超高得房率（超85%），主卧套房必须配备独立步入式衣帽间与干湿分离双卫。,在市中心核心写字楼工作，首选半小时核心通勤圈内。,倡导轻户外，周末常带家人自驾野营或山系徒步，注重生活情调与手作咖啡。,名下持有一套旧两居，置换回款 65% + 个人理财储蓄补充 + 公积金商业贷,重性价比，不盲信大牌，但要求物业管理有序、绿化修剪及时、人防技防规范。,本地常住人口，四季生活规律，度假频次为常规年假出行。
青_2008_00498,青岛,2008,本地改善,49,男,1.2,9.2,0.4,17.3,5,1,否,B,agent,0.74,0.59,0.64,0.42,0.4,0.77,0.55,0.63,0.5,自住-改善,一室一厅,80,1594,区财政局科员,三口之家(学龄段),青岛中环品质两居，车位及空间极其拥挤,小区无地下车库且人车不分流，小孩在楼下玩耍或者推婴儿车极为不安全。,讲究超高得房率（超85%），主卧套房必须配备独立步入式衣帽间与干湿分离双卫。,在市中心核心写字楼工作，首选半小时核心通勤圈内。,倡导轻户外，周末常带家人自驾野营或山系徒步，注重生活情调与手作咖啡。,名下持有一套旧两居，置换回款 65% + 个人理财储蓄补充 + 公积金商业贷,重性价比，不盲信大牌，但要求物业管理有序、绿化修剪及时、人防技防规范。,本地常住人口，四季生活规律，度假频次为常规年假出行。
青_2008_00499,青岛,2008,本地改善,48,女,1.7,15.2,0.4,28.4,5,1,否,B,agent,0.62,0.5,0.75,0.49,0.45,0.8,0.71,0.77,0.73,自住-改善,两室一厅,55,3214,国企车间技术主任,三口之家(学龄段),青岛中环品质两居，车位及空间极其拥挤,小区无地下车库且人车不分流，小孩在楼下玩耍或者推婴儿车极为不安全。,要求有超大面宽南向双阳台（观景家政分离），主卧大飘窗能270度直面自然景观。,在市中心核心写字楼工作，首选半小时核心通勤圈内。,倡导轻户外，周末常带家人自驾野营或山系徒步，注重生活情调与手作咖啡。,名下持有一套旧两居，置换回款 65% + 个人理财储蓄补充 + 公积金商业贷,非仁恒、绿城、万科等金牌开发商不买，极度看重高端精装质量与顶级物业的增值口碑。,本地常住人口，四季生活规律，度假频次为常规年假出行。
青_2008_00500,青岛,2008,本地改善,39,女,2.8,17.4,0.4,32.6,4,1,是,B,agent,0.44,0.54,0.76,0.43,0.39,0.86,0.66,0.75,0.56,自住-改善,一室一厅,50,3564,区财政局科员,三口之家(学龄段),青岛中环品质两居，车位及空间极其拥挤,小区无地下车库且人车不分流，小孩在楼下玩耍或者推婴儿车极为不安全。,要求有超大面宽南向双阳台（观景家政分离），主卧大飘窗能270度直面自然景观。,在市中心核心写字楼工作，首选半小时核心通勤圈内。,倡导轻户外，周末常带家人自驾野营或山系徒步，注重生活情调与手作咖啡。,名下持有一套旧两居，置换回款 65% + 个人理财储蓄补充 + 公积金商业贷,重性价比，不盲信大牌，但要求物业管理有序、绿化修剪及时、人防技防规范。,本地常住人口，四季生活规律，度假频次为常规年假出行。
青_2008_00501,青岛,2008,本地改善,42,男,2.4,16.9,0.4,31.7,5,1,否,B,agent,0.97,0.6,0.72,0.56,0.46,0.79,0.56,0.73,0.43,自住-改善,两室两厅,67,3903,市第二中学地理教师,三口之家(学龄段),青岛中环品质两居，车位及空间极其拥挤,小区无地下车库且人车不分流，小孩在楼下玩耍或者推婴儿车极为不安全。,要求有超大面宽南向双阳台（观景家政分离），主卧大飘窗能270度直面自然景观。,在市中心核心写字楼工作，首选半小时核心通勤圈内。,倡导轻户外，周末常带家人自驾野营或山系徒步，注重生活情调与手作咖啡。,名下持有一套旧两居，置换回款 65% + 个人理财储蓄补充 + 公积金商业贷,重性价比，不盲信大牌，但要求物业管理有序、绿化修剪及时、人防技防规范。,本地常住人口，四季生活规律，度假频次为常规年假出行。
青_2008_00502,青岛,2008,本地改善,43,女,1.0,10.4,0.4,19.5,4,0,否,B,agent,0.54,0.47,0.81,0.69,0.38,1,0.63,0.66,0.65,自住-改善,两室两厅,55,3000,国企车间技术主任,成熟期核心家庭,青岛中环品质两居，车位及空间极其拥挤,老小区隔音差，邻里滋扰严重，且车位严重匮乏，每晚加班回来抢车位像打仗。,要求有超大面宽南向双阳台（观景家政分离），主卧大飘窗能270度直面自然景观。,在市中心核心写字楼工作，首选半小时核心通勤圈内。,倡导轻户外，周末常带家人自驾野营或山系徒步，注重生活情调与手作咖啡。,名下持有一套旧两居，置换回款 65% + 个人理财储蓄补充 + 公积金商业贷,重性价比，不盲信大牌，但要求物业管理有序、绿化修剪及时、人防技防规范。,本地常住人口，四季生活规律，度假频次为常规年假出行。
青_2008_00503,青岛,2008,本地改善,53,女,3.2,19.5,0.4,36.6,3,1,是,B,agent,0.71,0.51,0.73,0.4,0.49,0.77,0.67,0.66,0.48,自住-改善,两室一厅,51,4700,国企车间技术主任,三口之家(学龄段),青岛中环品质两居，车位及空间极其拥挤,小区无地下车库且人车不分流，小孩在楼下玩耍或者推婴儿车极为不安全。,要求有超大面宽南向双阳台（观景家政分离），主卧大飘窗能270度直面自然景观。,在市中心核心写字楼工作，首选半小时核心通勤圈内。,倡导轻户外，周末常带家人自驾野营或山系徒步，注重生活情调与手作咖啡。,名下持有一套旧两居，置换回款 65% + 个人理财储蓄补充 + 公积金商业贷,重性价比，不盲信大牌，但要求物业管理有序、绿化修剪及时、人防技防规范。,本地常住人口，四季生活规律，度假频次为常规年假出行。
青_2008_00504,青岛,2008,本地改善,52,男,1.0,7.3,0.4,13.6,4,2,是,B,agent,0.71,0.48,0.73,0.48,0.52,0.96,0.55,0.74,0.52,自住-改善,两室一厅,62,1316,国企车间技术主任,二胎黄金期中大户型,青岛中环品质两居，车位及空间极其拥挤,小区无地下车库且人车不分流，小孩在楼下玩耍或者推婴儿车极为不安全。,要求有超大面宽南向双阳台（观景家政分离），主卧大飘窗能270度直面自然景观。,在市中心核心写字楼工作，首选半小时核心通勤圈内。,倡导轻户外，周末常带家人自驾野营或山系徒步，注重生活情调与手作咖啡。,名下持有一套旧两居，置换回款 65% + 个人理财储蓄补充 + 公积金商业贷,重性价比，不盲信大牌，但要求物业管理有序、绿化修剪及时、人防技防规范。,本地常住人口，四季生活规律，度假频次为常规年假出行。
青_2008_00505,青岛,2008,本地改善,54,女,1.9,17.2,0.4,32.2,3,2,否,B,agent,0.67,0.42,0.79,0.56,0.58,0.77,0.73,0.55,0.56,自住-改善,一室一厅,89,2265,市第二中学地理教师,二胎黄金期中大户型,青岛中环品质两居，车位及空间极其拥挤,小区无地下车库且人车不分流，小孩在楼下玩耍或者推婴儿车极为不安全。,要求有超大面宽南向双阳台（观景家政分离），主卧大飘窗能270度直面自然景观。,在市中心核心写字楼工作，首选半小时核心通勤圈内。,倡导轻户外，周末常带家人自驾野营或山系徒步，注重生活情调与手作咖啡。,名下持有一套旧两居，置换回款 65% + 个人理财储蓄补充 + 公积金商业贷,重性价比，不盲信大牌，但要求物业管理有序、绿化修剪及时、人防技防规范。,本地常住人口，四季生活规律，度假频次为常规年假出行。
青_2008_00506,青岛,2008,本地改善,55,男,2.4,20.2,0.4,37.8,3,1,否,B,agent,1,0.43,0.72,0.5,0.59,0.92,0.54,0.83,0.5,自住-改善,两室两厅,57,3547,邮政局局长秘书,三口之家(学龄段),青岛中环品质两居，车位及空间极其拥挤,小区无地下车库且人车不分流，小孩在楼下玩耍或者推婴儿车极为不安全。,要求有超大面宽南向双阳台（观景家政分离），主卧大飘窗能270度直面自然景观。,在市中心核心写字楼工作，首选半小时核心通勤圈内。,倡导轻户外，周末常带家人自驾野营或山系徒步，注重生活情调与手作咖啡。,名下持有一套旧两居，置换回款 65% + 个人理财储蓄补充 + 公积金商业贷,重性价比，不盲信大牌，但要求物业管理有序、绿化修剪及时、人防技防规范。,本地常住人口，四季生活规律，度假频次为常规年假出行。
青_2008_00507,青岛,2008,学区刚需,45,男,1.0,7.0,0.3,17.4,2,2,否,C,agent,0.96,0.63,0.38,0.23,0.63,0.78,0.64,1,0.45,学区房,一室一厅,86,1307,市第二中学地理教师,二胎黄金期中大户型,与父母同住，三代人拥挤在旧区小户型老房中,小区无地下车库且人车不分流，小孩在楼下玩耍或者推婴儿车极为不安全。,讲究超高得房率（超85%），主卧套房必须配备独立步入式衣帽间与干湿分离双卫。,在市中心核心写字楼工作，首选半小时核心通勤圈内。,爱猫狗，喜欢烹饪和插花，主打经济舒适的生活小确幸。,名下持有一套旧两居，置换回款 65% + 个人理财储蓄补充 + 公积金商业贷,重性价比，不盲信大牌，但要求物业管理有序、绿化修剪及时、人防技防规范。,本地常住人口，四季生活规律，度假频次为常规年假出行。
青_2008_00508,青岛,2008,本地改善,52,女,1.4,14.1,0.4,26.4,3,0,是,B,agent,0.56,0.51,0.51,0.53,0.5,0.97,0.74,0.81,0.52,自住-改善,两室两厅,98,1974,国企车间技术主任,成熟期核心家庭,青岛中环品质两居，车位及空间极其拥挤,当前房屋属于旧多层无电梯房，父母年纪渐高每天爬楼梯极为吃力。,讲究超高得房率（超85%），主卧套房必须配备独立步入式衣帽间与干湿分离双卫。,在市中心核心写字楼工作，首选半小时核心通勤圈内。,倡导轻户外，周末常带家人自驾野营或山系徒步，注重生活情调与手作咖啡。,名下持有一套旧两居，置换回款 65% + 个人理财储蓄补充 + 公积金商业贷,重性价比，不盲信大牌，但要求物业管理有序、绿化修剪及时、人防技防规范。,本地常住人口，四季生活规律，度假频次为常规年假出行。
青_2008_00509,青岛,2008,山东省内异地,44,男,3.5,20.5,0.45,34.2,2,1,否,C,network,0.96,0.56,0.98,0.43,0.38,0.78,0,0.38,0.62,自住-改善,两室两厅,86,2182,国企车间技术主任,三口之家(学龄段),与父母同住，三代人拥挤在旧区小户型老房中,小区无地下车库且人车不分流，小孩在楼下玩耍或者推婴儿车极为不安全。,要求有超大面宽南向双阳台（观景家政分离），主卧大飘窗能270度直面自然景观。,在市中心核心写字楼工作，首选半小时核心通勤圈内。,爱猫狗，喜欢烹饪和插花，主打经济舒适的生活小确幸。,名下持有一套旧两居，置换回款 65% + 个人理财储蓄补充 + 公积金商业贷,重性价比，不盲信大牌，但要求物业管理有序、绿化修剪及时、人防技防规范。,本地常住人口，四季生活规律，度假频次为常规年假出行。
青_2008_00510,青岛,2008,本地改善,44,男,1.7,16.4,0.4,30.7,4,0,否,B,agent,0.72,0.44,0.81,0.46,0.51,0.87,0.56,0.47,0.4,自住-改善,一室一厅,51,3458,国企车间技术主任,成熟期核心家庭,青岛中环品质两居，车位及空间极其拥挤,老小区隔音差，邻里滋扰严重，且车位严重匮乏，每晚加班回来抢车位像打仗。,要求有超大面宽南向双阳台（观景家政分离），主卧大飘窗能270度直面自然景观。,在市中心核心写字楼工作，首选半小时核心通勤圈内。,倡导轻户外，周末常带家人自驾野营或山系徒步，注重生活情调与手作咖啡。,名下持有一套旧两居，置换回款 65% + 个人理财储蓄补充 + 公积金商业贷,重性价比，不盲信大牌，但要求物业管理有序、绿化修剪及时、人防技防规范。,本地常住人口，四季生活规律，度假频次为常规年假出行。
青_2008_00511,青岛,2008,北方度假投资,61,女,5.2,66.3,0.5,99.4,2,0,否,B,research,0.89,0.51,0.79,0.59,0.58,0.54,0,0,0.7,度假,一室一厅,78,9904,上市公司退休联合创始人,高知退休康养,青岛中环品质两居，车位及空间极其拥挤,老小区隔音差，邻里滋扰严重，且车位严重匮乏，每晚加班回来抢车位像打仗。,要求有超大面宽南向双阳台（观景家政分离），主卧大飘窗能270度直面自然景观。,在市中心核心写字楼工作，首选半小时核心通勤圈内。,倡导轻户外，周末常带家人自驾野营或山系徒步，注重生活情调与手作咖啡。,名下持有一套旧两居，置换回款 65% + 个人理财储蓄补充 + 公积金商业贷,重性价比，不盲信大牌，但要求物业管理有序、绿化修剪及时、人防技防规范。,每年11月至次年3月到此度过漫长冬季，极其依赖周边的康养及适老化服务。
青_2008_00512,青岛,2008,学区刚需,33,男,2.4,13.0,0.3,32.6,4,2,否,C,agent,1,0.61,0.4,0.41,0.31,0.8,0.39,0.91,0.51,学区房,两室一厅,75,2697,市第二中学地理教师,二胎黄金期中大户型,与父母同住，三代人拥挤在旧区小户型老房中,小区无地下车库且人车不分流，小孩在楼下玩耍或者推婴儿车极为不安全。,讲究超高得房率（超85%），主卧套房必须配备独立步入式衣帽间与干湿分离双卫。,在市中心核心写字楼工作，首选半小时核心通勤圈内。,爱猫狗，喜欢烹饪和插花，主打经济舒适的生活小确幸。,名下持有一套旧两居，置换回款 65% + 个人理财储蓄补充 + 公积金商业贷,重性价比，不盲信大牌，但要求物业管理有序、绿化修剪及时、人防技防规范。,本地常住人口，四季生活规律，度假频次为常规年假出行。
青_2008_00513,青岛,2008,本地改善,36,男,1.8,16.9,0.4,31.7,3,1,否,B,agent,0.54,0.41,0.68,0.39,0.47,0.9,0.52,0.77,0.43,自住-改善,两室两厅,54,4518,市第二中学地理教师,三口之家(幼龄段),青岛中环品质两居，车位及空间极其拥挤,小区无地下车库且人车不分流，小孩在楼下玩耍或者推婴儿车极为不安全。,讲究超高得房率（超85%），主卧套房必须配备独立步入式衣帽间与干湿分离双卫。,在市中心核心写字楼工作，首选半小时核心通勤圈内。,倡导轻户外，周末常带家人自驾野营或山系徒步，注重生活情调与手作咖啡。,名下持有一套旧两居，置换回款 65% + 个人理财储蓄补充 + 公积金商业贷,重性价比，不盲信大牌，但要求物业管理有序、绿化修剪及时、人防技防规范。,本地常住人口，四季生活规律，度假频次为常规年假出行。
青_2008_00514,青岛,2008,本地改善,39,男,0.9,6.7,0.4,12.5,3,1,否,B,agent,0.73,0.46,0.68,0.5,0.54,0.94,0.55,0.65,0.49,自住-改善,一室一厅,68,1345,市第二中学地理教师,三口之家(学龄段),青岛中环品质两居，车位及空间极其拥挤,小区无地下车库且人车不分流，小孩在楼下玩耍或者推婴儿车极为不安全。,讲究超高得房率（超85%），主卧套房必须配备独立步入式衣帽间与干湿分离双卫。,在市中心核心写字楼工作，首选半小时核心通勤圈内。,倡导轻户外，周末常带家人自驾野营或山系徒步，注重生活情调与手作咖啡。,名下持有一套旧两居，置换回款 65% + 个人理财储蓄补充 + 公积金商业贷,重性价比，不盲信大牌，但要求物业管理有序、绿化修剪及时、人防技防规范。,本地常住人口，四季生活规律，度假频次为常规年假出行。
青_2008_00515,青岛,2008,山东省内异地,40,女,2.1,21.3,0.45,35.5,3,0,否,C,network,0.57,0.46,0.89,0.65,0.48,0.67,0.11,0.37,0.52,自住-首套,两室一厅,52,6052,市第二中学地理教师,成熟期核心家庭,与父母同住，三代人拥挤在旧区小户型老房中,老小区隔音差，邻里滋扰严重，且车位严重匮乏，每晚加班回来抢车位像打仗。,要求有超大面宽南向双阳台（观景家政分离），主卧大飘窗能270度直面自然景观。,在市中心核心写字楼工作，首选半小时核心通勤圈内。,爱猫狗，喜欢烹饪和插花，主打经济舒适的生活小确幸。,夫妻双方积蓄 + 双方父母出资赞助首付 + 公积金商业组合贷款,重性价比，不盲信大牌，但要求物业管理有序、绿化修剪及时、人防技防规范。,本地常住人口，四季生活规律，度假频次为常规年假出行。
青_2008_00516,青岛,2008,山东省内异地,55,女,1.9,17.3,0.45,28.9,3,1,否,C,network,0.68,0.44,0.76,0.59,0.53,0.69,0,0.43,0.58,自住-改善,一室一厅,64,2537,邮政局局长秘书,三口之家(学龄段),与父母同住，三代人拥挤在旧区小户型老房中,小区无地下车库且人车不分流，小孩在楼下玩耍或者推婴儿车极为不安全。,要求有超大面宽南向双阳台（观景家政分离），主卧大飘窗能270度直面自然景观。,在市中心核心写字楼工作，首选半小时核心通勤圈内。,爱猫狗，喜欢烹饪和插花，主打经济舒适的生活小确幸。,名下持有一套旧两居，置换回款 65% + 个人理财储蓄补充 + 公积金商业贷,重性价比，不盲信大牌，但要求物业管理有序、绿化修剪及时、人防技防规范。,本地常住人口，四季生活规律，度假频次为常规年假出行。
青_2008_00517,青岛,2008,本地改善,45,男,2.7,24.3,0.4,45.5,4,1,否,B,agent,0.81,0.51,0.72,0.4,0.52,0.85,0.76,0.68,0.39,自住-改善,一室一厅,82,4055,邮政局局长秘书,三口之家(学龄段),青岛中环品质两居，车位及空间极其拥挤,小区无地下车库且人车不分流，小孩在楼下玩耍或者推婴儿车极为不安全。,要求有超大面宽南向双阳台（观景家政分离），主卧大飘窗能270度直面自然景观。,在市中心核心写字楼工作，首选半小时核心通勤圈内。,倡导轻户外，周末常带家人自驾野营或山系徒步，注重生活情调与手作咖啡。,名下持有一套旧两居，置换回款 65% + 个人理财储蓄补充 + 公积金商业贷,重性价比，不盲信大牌，但要求物业管理有序、绿化修剪及时、人防技防规范。,本地常住人口，四季生活规律，度假频次为常规年假出行。
青_2008_00518,青岛,2008,高端海景收藏,58,女,12.6,115.8,0.6,144.7,3,0,否,A,network,0.58,0.35,1,0.94,0.79,0.6,0,0.02,0.89,投资-长持,两室一厅,69,16948,上市公司退休联合创始人,高知退休康养,西湖边高精平层,无高端私密会所及管家式物业配套，圈层鱼龙混杂，高净值居住体验差。,要求独立电梯入户，主次卧动线分明，配备独立保姆房和私密后院。,在市中心核心写字楼工作，首选半小时核心通勤圈内。,周末常去高端商圈消费，热衷打网球和马术，重度手冲咖啡及黑胶唱片发烧友。,名下已有企业股权套现或分红现金，一次性全款付清，基本不加杠杆,非仁恒、绿城、万科等金牌开发商不买，极度看重高端精装质量与顶级物业的增值口碑。,本地常住人口，四季生活规律，度假频次为常规年假出行。
青_2008_00519,青岛,2008,本地改善,52,男,1.4,10.5,0.4,19.7,4,1,是,B,agent,0.55,0.56,0.84,0.31,0.63,0.71,0.6,0.76,0.55,自住-改善,两室两厅,92,1260,区财政局科员,三口之家(学龄段),青岛中环品质两居，车位及空间极其拥挤,小区无地下车库且人车不分流，小孩在楼下玩耍或者推婴儿车极为不安全。,要求有超大面宽南向双阳台（观景家政分离），主卧大飘窗能270度直面自然景观。,在市中心核心写字楼工作，首选半小时核心通勤圈内。,倡导轻户外，周末常带家人自驾野营或山系徒步，注重生活情调与手作咖啡。,名下持有一套旧两居，置换回款 65% + 个人理财储蓄补充 + 公积金商业贷,重性价比，不盲信大牌，但要求物业管理有序、绿化修剪及时、人防技防规范。,本地常住人口，四季生活规律，度假频次为常规年假出行。
青_2008_00520,青岛,2008,山东省内异地,41,男,1.7,13.7,0.45,22.9,2,1,是,C,network,0.3,0.46,0.79,0.37,0.55,0.65,0.03,0.34,0.44,自住-改善,一室一厅,61,3079,国企车间技术主任,三口之家(学龄段),与父母同住，三代人拥挤在旧区小户型老房中,小区无地下车库且人车不分流，小孩在楼下玩耍或者推婴儿车极为不安全。,要求有超大面宽南向双阳台（观景家政分离），主卧大飘窗能270度直面自然景观。,在市中心核心写字楼工作，首选半小时核心通勤圈内。,爱猫狗，喜欢烹饪和插花，主打经济舒适的生活小确幸。,名下持有一套旧两居，置换回款 65% + 个人理财储蓄补充 + 公积金商业贷,重性价比，不盲信大牌，但要求物业管理有序、绿化修剪及时、人防技防规范。,本地常住人口，四季生活规律，度假频次为常规年假出行。
青_2008_00521,青岛,2008,本地改善,37,男,1.9,12.8,0.4,24.0,4,1,是,B,agent,0.9,0.71,0.83,0.49,0.55,0.89,0.59,0.71,0.62,自住-改善,两室一厅,50,4048,国企车间技术主任,三口之家(幼龄段),青岛中环品质两居，车位及空间极其拥挤,小区无地下车库且人车不分流，小孩在楼下玩耍或者推婴儿车极为不安全。,要求有超大面宽南向双阳台（观景家政分离），主卧大飘窗能270度直面自然景观。,在市中心核心写字楼工作，首选半小时核心通勤圈内。,倡导轻户外，周末常带家人自驾野营或山系徒步，注重生活情调与手作咖啡。,名下持有一套旧两居，置换回款 65% + 个人理财储蓄补充 + 公积金商业贷,重性价比，不盲信大牌，但要求物业管理有序、绿化修剪及时、人防技防规范。,本地常住人口，四季生活规律，度假频次为常规年假出行。
青_2008_00522,青岛,2008,本地改善,51,男,2.9,18.9,0.4,35.5,4,1,否,B,agent,0.77,0.49,0.78,0.47,0.47,0.79,0.59,0.69,0.46,自住-改善,一室一厅,68,4083,市第二中学地理教师,三口之家(学龄段),青岛中环品质两居，车位及空间极其拥挤,小区无地下车库且人车不分流，小孩在楼下玩耍或者推婴儿车极为不安全。,要求有超大面宽南向双阳台（观景家政分离），主卧大飘窗能270度直面自然景观。,在市中心核心写字楼工作，首选半小时核心通勤圈内。,倡导轻户外，周末常带家人自驾野营或山系徒步，注重生活情调与手作咖啡。,名下持有一套旧两居，置换回款 65% + 个人理财储蓄补充 + 公积金商业贷,重性价比，不盲信大牌，但要求物业管理有序、绿化修剪及时、人防技防规范。,本地常住人口，四季生活规律，度假频次为常规年假出行。
青_2008_00523,青岛,2008,本地改善,36,男,3.0,29.4,0.4,55.0,3,1,是,B,agent,0.67,0.46,0.72,0.67,0.55,0.91,0.76,0.72,0.57,自住-改善,两室两厅,99,3482,国企车间技术主任,三口之家(幼龄段),青岛中环品质两居，车位及空间极其拥挤,小区无地下车库且人车不分流，小孩在楼下玩耍或者推婴儿车极为不安全。,要求有超大面宽南向双阳台（观景家政分离），主卧大飘窗能270度直面自然景观。,在市中心核心写字楼工作，首选半小时核心通勤圈内。,倡导轻户外，周末常带家人自驾野营或山系徒步，注重生活情调与手作咖啡。,名下持有一套旧两居，置换回款 65% + 个人理财储蓄补充 + 公积金商业贷,重性价比，不盲信大牌，但要求物业管理有序、绿化修剪及时、人防技防规范。,本地常住人口，四季生活规律，度假频次为常规年假出行。
青_2008_00524,青岛,2008,本地改善,49,男,2.9,26.6,0.4,49.9,5,1,否,B,agent,0.64,0.43,0.75,0.66,0.49,0.95,0.56,0.73,0.59,自住-改善,一室一厅,92,3138,区财政局科员,三口之家(学龄段),青岛中环品质两居，车位及空间极其拥挤,小区无地下车库且人车不分流，小孩在楼下玩耍或者推婴儿车极为不安全。,要求有超大面宽南向双阳台（观景家政分离），主卧大飘窗能270度直面自然景观。,在市中心核心写字楼工作，首选半小时核心通勤圈内。,倡导轻户外，周末常带家人自驾野营或山系徒步，注重生活情调与手作咖啡。,名下持有一套旧两居，置换回款 65% + 个人理财储蓄补充 + 公积金商业贷,重性价比，不盲信大牌，但要求物业管理有序、绿化修剪及时、人防技防规范。,本地常住人口，四季生活规律，度假频次为常规年假出行。
青_2008_00525,青岛,2008,本地改善,54,男,1.9,13.5,0.4,25.3,3,1,否,B,agent,0.91,0.46,0.72,0.46,0.47,0.86,0.54,0.7,0.41,自住-改善,两室一厅,58,2351,市第二中学地理教师,三口之家(学龄段),青岛中环品质两居，车位及空间极其拥挤,小区无地下车库且人车不分流，小孩在楼下玩耍或者推婴儿车极为不安全。,要求有超大面宽南向双阳台（观景家政分离），主卧大飘窗能270度直面自然景观。,在市中心核心写字楼工作，首选半小时核心通勤圈内。,倡导轻户外，周末常带家人自驾野营或山系徒步，注重生活情调与手作咖啡。,名下持有一套旧两居，置换回款 65% + 个人理财储蓄补充 + 公积金商业贷,重性价比，不盲信大牌，但要求物业管理有序、绿化修剪及时、人防技防规范。,本地常住人口，四季生活规律，度假频次为常规年假出行。
青_2008_00526,青岛,2008,本地改善,39,男,3.1,27.3,0.4,51.2,4,1,否,B,agent,0.83,0.39,0.54,0.57,0.51,0.8,0.71,0.79,0.7,自住-改善,两室两厅,55,6417,区财政局科员,三口之家(学龄段),青岛中环品质两居，车位及空间极其拥挤,小区无地下车库且人车不分流，小孩在楼下玩耍或者推婴儿车极为不安全。,讲究超高得房率（超85%），主卧套房必须配备独立步入式衣帽间与干湿分离双卫。,在市中心核心写字楼工作，首选半小时核心通勤圈内。,倡导轻户外，周末常带家人自驾野营或山系徒步，注重生活情调与手作咖啡。,名下持有一套旧两居，置换回款 65% + 个人理财储蓄补充 + 公积金商业贷,重性价比，不盲信大牌，但要求物业管理有序、绿化修剪及时、人防技防规范。,本地常住人口，四季生活规律，度假频次为常规年假出行。
青_2008_00527,青岛,2008,本地改善,54,女,2.2,14.3,0.4,26.7,4,1,否,B,agent,0.65,0.66,0.7,0.45,0.52,0.88,0.56,0.61,0.66,自住-改善,两室两厅,52,4225,国企车间技术主任,三口之家(学龄段),青岛中环品质两居，车位及空间极其拥挤,小区无地下车库且人车不分流，小孩在楼下玩耍或者推婴儿车极为不安全。,要求有超大面宽南向双阳台（观景家政分离），主卧大飘窗能270度直面自然景观。,在市中心核心写字楼工作，首选半小时核心通勤圈内。,倡导轻户外，周末常带家人自驾野营或山系徒步，注重生活情调与手作咖啡。,名下持有一套旧两居，置换回款 65% + 个人理财储蓄补充 + 公积金商业贷,重性价比，不盲信大牌，但要求物业管理有序、绿化修剪及时、人防技防规范。,本地常住人口，四季生活规律，度假频次为常规年假出行。
青_2008_00528,青岛,2008,本地改善,37,男,1.9,12.3,0.4,23.1,4,1,是,B,agent,0.67,0.52,0.77,0.55,0.47,0.76,0.47,0.59,0.62,自住-改善,两室两厅,67,2147,区财政局科员,三口之家(幼龄段),青岛中环品质两居，车位及空间极其拥挤,小区无地下车库且人车不分流，小孩在楼下玩耍或者推婴儿车极为不安全。,要求有超大面宽南向双阳台（观景家政分离），主卧大飘窗能270度直面自然景观。,在市中心核心写字楼工作，首选半小时核心通勤圈内。,倡导轻户外，周末常带家人自驾野营或山系徒步，注重生活情调与手作咖啡。,名下持有一套旧两居，置换回款 65% + 个人理财储蓄补充 + 公积金商业贷,重性价比，不盲信大牌，但要求物业管理有序、绿化修剪及时、人防技防规范。,本地常住人口，四季生活规律，度假频次为常规年假出行。
青_2008_00529,青岛,2008,北方度假投资,59,男,2.2,16.8,0.5,25.2,1,0,否,B,research,0.48,0.6,1,0.49,0.41,0.42,0.07,0.14,0.89,度假,一室一厅,97,1479,上市公司退休联合创始人,高知退休康养,青岛中环品质两居，车位及空间极其拥挤,老小区隔音差，邻里滋扰严重，且车位严重匮乏，每晚加班回来抢车位像打仗。,要求有超大面宽南向双阳台（观景家政分离），主卧大飘窗能270度直面自然景观。,在市中心核心写字楼工作，首选半小时核心通勤圈内。,倡导轻户外，周末常带家人自驾野营或山系徒步，注重生活情调与手作咖啡。,名下持有一套旧两居，置换回款 65% + 个人理财储蓄补充 + 公积金商业贷,非仁恒、绿城、万科等金牌开发商不买，极度看重高端精装质量与顶级物业的增值口碑。,每年11月至次年3月到此度过漫长冬季，极其依赖周边的康养及适老化服务。
青_2008_00530,青岛,2008,本地改善,40,男,3.3,20.3,0.4,38.0,4,1,否,B,agent,0.96,0.57,0.61,0.55,0.46,0.83,0.63,0.75,0.47,自住-改善,两室两厅,77,3788,区财政局科员,三口之家(学龄段),青岛中环品质两居，车位及空间极其拥挤,小区无地下车库且人车不分流，小孩在楼下玩耍或者推婴儿车极为不安全。,讲究超高得房率（超85%），主卧套房必须配备独立步入式衣帽间与干湿分离双卫。,在市中心核心写字楼工作，首选半小时核心通勤圈内。,倡导轻户外，周末常带家人自驾野营或山系徒步，注重生活情调与手作咖啡。,名下持有一套旧两居，置换回款 65% + 个人理财储蓄补充 + 公积金商业贷,重性价比，不盲信大牌，但要求物业管理有序、绿化修剪及时、人防技防规范。,本地常住人口，四季生活规律，度假频次为常规年假出行。
青_2008_00531,青岛,2008,学区刚需,38,女,1.9,12.0,0.3,30.0,3,1,否,C,agent,0.81,0.55,0.2,0.4,0.38,0.84,0.71,1,0.52,学区房,两室一厅,96,2654,国企车间技术主任,三口之家(学龄段),与父母同住，三代人拥挤在旧区小户型老房中,小区无地下车库且人车不分流，小孩在楼下玩耍或者推婴儿车极为不安全。,讲究超高得房率（超85%），主卧套房必须配备独立步入式衣帽间与干湿分离双卫。,在市中心核心写字楼工作，首选半小时核心通勤圈内。,爱猫狗，喜欢烹饪和插花，主打经济舒适的生活小确幸。,名下持有一套旧两居，置换回款 65% + 个人理财储蓄补充 + 公积金商业贷,重性价比，不盲信大牌，但要求物业管理有序、绿化修剪及时、人防技防规范。,本地常住人口，四季生活规律，度假频次为常规年假出行。
青_2008_00532,青岛,2008,山东省内异地,40,男,2.3,14.4,0.45,24.0,4,2,是,C,network,0.8,0.55,0.92,0.61,0.69,0.72,0.2,0.43,0.46,自住-首套,一室一厅,87,2485,市第二中学地理教师,二胎黄金期中大户型,与父母同住，三代人拥挤在旧区小户型老房中,小区无地下车库且人车不分流，小孩在楼下玩耍或者推婴儿车极为不安全。,要求有超大面宽南向双阳台（观景家政分离），主卧大飘窗能270度直面自然景观。,在市中心核心写字楼工作，首选半小时核心通勤圈内。,爱猫狗，喜欢烹饪和插花，主打经济舒适的生活小确幸。,夫妻双方积蓄 + 双方父母出资赞助首付 + 公积金商业组合贷款,重性价比，不盲信大牌，但要求物业管理有序、绿化修剪及时、人防技防规范。,本地常住人口，四季生活规律，度假频次为常规年假出行。
青_2008_00533,青岛,2008,本地改善,55,男,2.5,15.0,0.4,28.0,4,0,否,B,agent,0.68,0.66,0.68,0.47,0.42,0.85,0.55,0.59,0.73,自住-改善,一室一厅,97,2085,邮政局局长秘书,高知退休康养,青岛中环品质两居，车位及空间极其拥挤,老小区隔音差，邻里滋扰严重，且车位严重匮乏，每晚加班回来抢车位像打仗。,讲究超高得房率（超85%），主卧套房必须配备独立步入式衣帽间与干湿分离双卫。,在市中心核心写字楼工作，首选半小时核心通勤圈内。,倡导轻户外，周末常带家人自驾野营或山系徒步，注重生活情调与手作咖啡。,名下持有一套旧两居，置换回款 65% + 个人理财储蓄补充 + 公积金商业贷,非仁恒、绿城、万科等金牌开发商不买，极度看重高端精装质量与顶级物业的增值口碑。,本地常住人口，四季生活规律，度假频次为常规年假出行。
青_2008_00534,青岛,2008,本地改善,51,女,2.5,21.9,0.4,41.0,4,1,是,B,agent,1,0.57,0.74,0.56,0.42,0.79,0.69,0.79,0.6,自住-改善,一室一厅,71,4380,区财政局科员,三口之家(学龄段),青岛中环品质两居，车位及空间极其拥挤,小区无地下车库且人车不分流，小孩在楼下玩耍或者推婴儿车极为不安全。,要求有超大面宽南向双阳台（观景家政分离），主卧大飘窗能270度直面自然景观。,在市中心核心写字楼工作，首选半小时核心通勤圈内。,倡导轻户外，周末常带家人自驾野营或山系徒步，注重生活情调与手作咖啡。,名下持有一套旧两居，置换回款 65% + 个人理财储蓄补充 + 公积金商业贷,重性价比，不盲信大牌，但要求物业管理有序、绿化修剪及时、人防技防规范。,本地常住人口，四季生活规律，度假频次为常规年假出行。
青_2008_00535,青岛,2008,本地改善,44,男,3.5,27.4,0.4,51.4,5,1,是,B,agent,1,0.49,0.78,0.48,0.39,0.85,0.54,0.64,0.49,自住-改善,两室两厅,68,4981,邮政局局长秘书,三口之家(学龄段),青岛中环品质两居，车位及空间极其拥挤,小区无地下车库且人车不分流，小孩在楼下玩耍或者推婴儿车极为不安全。,要求有超大面宽南向双阳台（观景家政分离），主卧大飘窗能270度直面自然景观。,在市中心核心写字楼工作，首选半小时核心通勤圈内。,倡导轻户外，周末常带家人自驾野营或山系徒步，注重生活情调与手作咖啡。,名下持有一套旧两居，置换回款 65% + 个人理财储蓄补充 + 公积金商业贷,重性价比，不盲信大牌，但要求物业管理有序、绿化修剪及时、人防技防规范。,本地常住人口，四季生活规律，度假频次为常规年假出行。
青_2008_00536,青岛,2008,本地改善,47,男,4.0,33.1,0.4,62.1,3,0,否,B,agent,0.6,0.58,0.87,0.52,0.47,0.9,0.54,0.65,0.67,自住-改善,两室两厅,82,6344,区财政局科员,成熟期核心家庭,青岛中环品质两居，车位及空间极其拥挤,老小区隔音差，邻里滋扰严重，且车位严重匮乏，每晚加班回来抢车位像打仗。,要求有超大面宽南向双阳台（观景家政分离），主卧大飘窗能270度直面自然景观。,在市中心核心写字楼工作，首选半小时核心通勤圈内。,倡导轻户外，周末常带家人自驾野营或山系徒步，注重生活情调与手作咖啡。,名下持有一套旧两居，置换回款 65% + 个人理财储蓄补充 + 公积金商业贷,重性价比，不盲信大牌，但要求物业管理有序、绿化修剪及时、人防技防规范。,本地常住人口，四季生活规律，度假频次为常规年假出行。
青_2008_00537,青岛,2008,本地改善,54,女,3.2,21.6,0.4,40.5,5,0,否,B,agent,0.77,0.58,0.93,0.61,0.68,0.71,0.61,0.74,0.54,自住-改善,一室一厅,86,3628,市第二中学地理教师,成熟期核心家庭,青岛中环品质两居，车位及空间极其拥挤,老小区隔音差，邻里滋扰严重，且车位严重匮乏，每晚加班回来抢车位像打仗。,要求有超大面宽南向双阳台（观景家政分离），主卧大飘窗能270度直面自然景观。,在市中心核心写字楼工作，首选半小时核心通勤圈内。,倡导轻户外，周末常带家人自驾野营或山系徒步，注重生活情调与手作咖啡。,名下持有一套旧两居，置换回款 65% + 个人理财储蓄补充 + 公积金商业贷,重性价比，不盲信大牌，但要求物业管理有序、绿化修剪及时、人防技防规范。,本地常住人口，四季生活规律，度假频次为常规年假出行。
青_2008_00538,青岛,2008,本地改善,47,女,1.3,7.7,0.4,14.4,3,1,否,B,agent,0.42,0.41,0.72,0.53,0.61,0.96,0.64,0.6,0.57,自住-改善,两室两厅,93,783,国企车间技术主任,三口之家(学龄段),青岛中环品质两居，车位及空间极其拥挤,小区无地下车库且人车不分流，小孩在楼下玩耍或者推婴儿车极为不安全。,要求有超大面宽南向双阳台（观景家政分离），主卧大飘窗能270度直面自然景观。,在市中心核心写字楼工作，首选半小时核心通勤圈内。,倡导轻户外，周末常带家人自驾野营或山系徒步，注重生活情调与手作咖啡。,名下持有一套旧两居，置换回款 65% + 个人理财储蓄补充 + 公积金商业贷,重性价比，不盲信大牌，但要求物业管理有序、绿化修剪及时、人防技防规范。,本地常住人口，四季生活规律，度假频次为常规年假出行。
青_2008_00539,青岛,2008,本地改善,49,男,2.5,15.5,0.4,29.0,5,1,是,B,agent,0.61,0.47,0.77,0.35,0.42,0.9,0.57,0.75,0.57,自住-改善,两室两厅,84,2156,邮政局局长秘书,三口之家(学龄段),青岛中环品质两居，车位及空间极其拥挤,小区无地下车库且人车不分流，小孩在楼下玩耍或者推婴儿车极为不安全。,要求有超大面宽南向双阳台（观景家政分离），主卧大飘窗能270度直面自然景观。,在市中心核心写字楼工作，首选半小时核心通勤圈内。,倡导轻户外，周末常带家人自驾野营或山系徒步，注重生活情调与手作咖啡。,名下持有一套旧两居，置换回款 65% + 个人理财储蓄补充 + 公积金商业贷,重性价比，不盲信大牌，但要求物业管理有序、绿化修剪及时、人防技防规范。,本地常住人口，四季生活规律，度假频次为常规年假出行。
青_2008_00540,青岛,2008,本地改善,38,女,2.2,22.2,0.4,41.7,3,0,否,B,agent,0.88,0.48,0.73,0.5,0.51,0.77,0.74,0.64,0.52,自住-改善,一室一厅,99,2462,市第二中学地理教师,成熟期核心家庭,青岛中环品质两居，车位及空间极其拥挤,老小区隔音差，邻里滋扰严重，且车位严重匮乏，每晚加班回来抢车位像打仗。,要求有超大面宽南向双阳台（观景家政分离），主卧大飘窗能270度直面自然景观。,在市中心核心写字楼工作，首选半小时核心通勤圈内。,倡导轻户外，周末常带家人自驾野营或山系徒步，注重生活情调与手作咖啡。,名下持有一套旧两居，置换回款 65% + 个人理财储蓄补充 + 公积金商业贷,重性价比，不盲信大牌，但要求物业管理有序、绿化修剪及时、人防技防规范。,本地常住人口，四季生活规律，度假频次为常规年假出行。
青_2008_00541,青岛,2008,本地改善,50,男,0.9,8.2,0.4,15.3,5,2,否,B,agent,0.56,0.45,0.8,0.49,0.51,0.9,0.7,0.62,0.49,自住-改善,两室两厅,94,866,市第二中学地理教师,二胎黄金期中大户型,青岛中环品质两居，车位及空间极其拥挤,小区无地下车库且人车不分流，小孩在楼下玩耍或者推婴儿车极为不安全。,要求有超大面宽南向双阳台（观景家政分离），主卧大飘窗能270度直面自然景观。,在市中心核心写字楼工作，首选半小时核心通勤圈内。,倡导轻户外，周末常带家人自驾野营或山系徒步，注重生活情调与手作咖啡。,名下持有一套旧两居，置换回款 65% + 个人理财储蓄补充 + 公积金商业贷,重性价比，不盲信大牌，但要求物业管理有序、绿化修剪及时、人防技防规范。,本地常住人口，四季生活规律，度假频次为常规年假出行。
青_2008_00542,青岛,2008,本地改善,45,女,2.2,20.6,0.4,38.6,4,1,否,B,agent,0.94,0.58,0.72,0.45,0.45,0.8,0.51,0.64,0.59,自住-改善,一室一厅,99,2695,邮政局局长秘书,三口之家(学龄段),青岛中环品质两居，车位及空间极其拥挤,小区无地下车库且人车不分流，小孩在楼下玩耍或者推婴儿车极为不安全。,要求有超大面宽南向双阳台（观景家政分离），主卧大飘窗能270度直面自然景观。,在市中心核心写字楼工作，首选半小时核心通勤圈内。,倡导轻户外，周末常带家人自驾野营或山系徒步，注重生活情调与手作咖啡。,名下持有一套旧两居，置换回款 65% + 个人理财储蓄补充 + 公积金商业贷,重性价比，不盲信大牌，但要求物业管理有序、绿化修剪及时、人防技防规范。,本地常住人口，四季生活规律，度假频次为常规年假出行。
青_2008_00543,青岛,2008,本地改善,42,女,2.0,17.3,0.4,32.5,5,1,否,B,agent,0.72,0.49,0.73,0.56,0.42,0.8,0.55,0.75,0.51,自住-改善,两室两厅,59,4433,区财政局科员,三口之家(学龄段),青岛中环品质两居，车位及空间极其拥挤,小区无地下车库且人车不分流，小孩在楼下玩耍或者推婴儿车极为不安全。,要求有超大面宽南向双阳台（观景家政分离），主卧大飘窗能270度直面自然景观。,在市中心核心写字楼工作，首选半小时核心通勤圈内。,倡导轻户外，周末常带家人自驾野营或山系徒步，注重生活情调与手作咖啡。,名下持有一套旧两居，置换回款 65% + 个人理财储蓄补充 + 公积金商业贷,重性价比，不盲信大牌，但要求物业管理有序、绿化修剪及时、人防技防规范。,本地常住人口，四季生活规律，度假频次为常规年假出行。
青_2008_00544,青岛,2008,山东省内异地,44,女,3.5,28.3,0.45,47.1,3,1,是,C,network,0.76,0.52,0.96,0.47,0.5,0.72,0,0.42,0.52,自住-改善,两室一厅,71,4313,国企车间技术主任,三口之家(学龄段),与父母同住，三代人拥挤在旧区小户型老房中,小区无地下车库且人车不分流，小孩在楼下玩耍或者推婴儿车极为不安全。,要求有超大面宽南向双阳台（观景家政分离），主卧大飘窗能270度直面自然景观。,在市中心核心写字楼工作，首选半小时核心通勤圈内。,爱猫狗，喜欢烹饪和插花，主打经济舒适的生活小确幸。,名下持有一套旧两居，置换回款 65% + 个人理财储蓄补充 + 公积金商业贷,重性价比，不盲信大牌，但要求物业管理有序、绿化修剪及时、人防技防规范。,本地常住人口，四季生活规律，度假频次为常规年假出行。
青_2008_00545,青岛,2008,学区刚需,45,女,1.9,14.3,0.3,35.7,2,1,是,C,agent,0.97,0.49,0.42,0.27,0.39,0.95,0.62,0.95,0.33,学区房,两室两厅,84,2712,区财政局科员,三口之家(学龄段),与父母同住，三代人拥挤在旧区小户型老房中,小区无地下车库且人车不分流，小孩在楼下玩耍或者推婴儿车极为不安全。,讲究超高得房率（超85%），主卧套房必须配备独立步入式衣帽间与干湿分离双卫。,在市中心核心写字楼工作，首选半小时核心通勤圈内。,爱猫狗，喜欢烹饪和插花，主打经济舒适的生活小确幸。,名下持有一套旧两居，置换回款 65% + 个人理财储蓄补充 + 公积金商业贷,重性价比，不盲信大牌，但要求物业管理有序、绿化修剪及时、人防技防规范。,本地常住人口，四季生活规律，度假频次为常规年假出行。
青_2008_00546,青岛,2008,本地改善,38,男,1.9,13.4,0.4,25.1,4,1,否,B,agent,0.97,0.53,0.69,0.66,0.49,0.96,0.57,0.7,0.51,自住-改善,一室一厅,81,2099,市第二中学地理教师,三口之家(学龄段),青岛中环品质两居，车位及空间极其拥挤,小区无地下车库且人车不分流，小孩在楼下玩耍或者推婴儿车极为不安全。,讲究超高得房率（超85%），主卧套房必须配备独立步入式衣帽间与干湿分离双卫。,在市中心核心写字楼工作，首选半小时核心通勤圈内。,倡导轻户外，周末常带家人自驾野营或山系徒步，注重生活情调与手作咖啡。,名下持有一套旧两居，置换回款 65% + 个人理财储蓄补充 + 公积金商业贷,重性价比，不盲信大牌，但要求物业管理有序、绿化修剪及时、人防技防规范。,本地常住人口，四季生活规律，度假频次为常规年假出行。
青_2008_00547,青岛,2008,学区刚需,36,男,1.3,6.7,0.3,16.7,4,1,否,C,agent,1,0.47,0.44,0.25,0.49,0.7,0.48,0.88,0.56,学区房,两室两厅,53,2456,区财政局科员,三口之家(幼龄段),与父母同住，三代人拥挤在旧区小户型老房中,小区无地下车库且人车不分流，小孩在楼下玩耍或者推婴儿车极为不安全。,核心要求地块属于第一梯队名校学区，且周边500米内解决幼小衔接教育配套。,在市中心核心写字楼工作，首选半小时核心通勤圈内。,爱猫狗，喜欢烹饪和插花，主打经济舒适的生活小确幸。,名下持有一套旧两居，置换回款 65% + 个人理财储蓄补充 + 公积金商业贷,重性价比，不盲信大牌，但要求物业管理有序、绿化修剪及时、人防技防规范。,本地常住人口，四季生活规律，度假频次为常规年假出行。
青_2008_00548,青岛,2008,本地改善,46,女,1.6,14.2,0.4,26.7,4,1,否,B,agent,0.67,0.49,0.63,0.46,0.54,0.8,0.64,0.69,0.74,自住-改善,两室两厅,60,2735,国企车间技术主任,三口之家(学龄段),青岛中环品质两居，车位及空间极其拥挤,小区无地下车库且人车不分流，小孩在楼下玩耍或者推婴儿车极为不安全。,讲究超高得房率（超85%），主卧套房必须配备独立步入式衣帽间与干湿分离双卫。,在市中心核心写字楼工作，首选半小时核心通勤圈内。,倡导轻户外，周末常带家人自驾野营或山系徒步，注重生活情调与手作咖啡。,名下持有一套旧两居，置换回款 65% + 个人理财储蓄补充 + 公积金商业贷,非仁恒、绿城、万科等金牌开发商不买，极度看重高端精装质量与顶级物业的增值口碑。,本地常住人口，四季生活规律，度假频次为常规年假出行。
青_2008_00549,青岛,2008,山东省内异地,60,女,2.3,18.4,0.45,30.6,3,0,否,C,network,0.46,0.52,0.86,0.44,0.62,0.72,0,0.38,0.58,自住-首套,两室两厅,72,2858,邮政局局长秘书,高知退休康养,与父母同住，三代人拥挤在旧区小户型老房中,老小区隔音差，邻里滋扰严重，且车位严重匮乏，每晚加班回来抢车位像打仗。,要求有超大面宽南向双阳台（观景家政分离），主卧大飘窗能270度直面自然景观。,在市中心核心写字楼工作，首选半小时核心通勤圈内。,爱猫狗，喜欢烹饪和插花，主打经济舒适的生活小确幸。,夫妻双方积蓄 + 双方父母出资赞助首付 + 公积金商业组合贷款,重性价比，不盲信大牌，但要求物业管理有序、绿化修剪及时、人防技防规范。,本地常住人口，四季生活规律，度假频次为常规年假出行。
青_2008_00550,青岛,2008,本地改善,37,男,3.5,27.8,0.4,52.1,4,1,否,B,agent,0.79,0.5,0.76,0.52,0.66,0.8,0.57,0.69,0.57,自住-改善,两室一厅,67,4595,邮政局局长秘书,三口之家(幼龄段),青岛中环品质两居，车位及空间极其拥挤,小区无地下车库且人车不分流，小孩在楼下玩耍或者推婴儿车极为不安全。,要求有超大面宽南向双阳台（观景家政分离），主卧大飘窗能270度直面自然景观。,在市中心核心写字楼工作，首选半小时核心通勤圈内。,倡导轻户外，周末常带家人自驾野营或山系徒步，注重生活情调与手作咖啡。,名下持有一套旧两居，置换回款 65% + 个人理财储蓄补充 + 公积金商业贷,重性价比，不盲信大牌，但要求物业管理有序、绿化修剪及时、人防技防规范。,本地常住人口，四季生活规律，度假频次为常规年假出行。
青_2008_00551,青岛,2008,本地改善,36,男,1.6,9.4,0.4,17.5,4,1,是,B,agent,0.74,0.51,0.86,0.54,0.48,0.81,0.54,0.6,0.48,自住-改善,两室一厅,100,1084,市第二中学地理教师,三口之家(幼龄段),青岛中环品质两居，车位及空间极其拥挤,小区无地下车库且人车不分流，小孩在楼下玩耍或者推婴儿车极为不安全。,要求有超大面宽南向双阳台（观景家政分离），主卧大飘窗能270度直面自然景观。,在市中心核心写字楼工作，首选半小时核心通勤圈内。,倡导轻户外，周末常带家人自驾野营或山系徒步，注重生活情调与手作咖啡。,名下持有一套旧两居，置换回款 65% + 个人理财储蓄补充 + 公积金商业贷,重性价比，不盲信大牌，但要求物业管理有序、绿化修剪及时、人防技防规范。,本地常住人口，四季生活规律，度假频次为常规年假出行。
青_2008_00552,青岛,2008,本地改善,55,男,2.4,15.3,0.4,28.7,4,2,否,B,agent,0.9,0.58,0.77,0.34,0.52,0.82,0.51,0.69,0.5,自住-改善,两室一厅,57,4134,邮政局局长秘书,二胎黄金期中大户型,青岛中环品质两居，车位及空间极其拥挤,小区无地下车库且人车不分流，小孩在楼下玩耍或者推婴儿车极为不安全。,要求有超大面宽南向双阳台（观景家政分离），主卧大飘窗能270度直面自然景观。,在市中心核心写字楼工作，首选半小时核心通勤圈内。,倡导轻户外，周末常带家人自驾野营或山系徒步，注重生活情调与手作咖啡。,名下持有一套旧两居，置换回款 65% + 个人理财储蓄补充 + 公积金商业贷,重性价比，不盲信大牌，但要求物业管理有序、绿化修剪及时、人防技防规范。,本地常住人口，四季生活规律，度假频次为常规年假出行。
青_2008_00553,青岛,2008,本地改善,49,男,2.0,17.5,0.4,32.8,3,1,否,B,agent,0.91,0.51,0.77,0.38,0.41,0.88,0.48,0.73,0.64,自住-改善,两室两厅,94,2041,市第二中学地理教师,三口之家(学龄段),青岛中环品质两居，车位及空间极其拥挤,小区无地下车库且人车不分流，小孩在楼下玩耍或者推婴儿车极为不安全。,要求有超大面宽南向双阳台（观景家政分离），主卧大飘窗能270度直面自然景观。,在市中心核心写字楼工作，首选半小时核心通勤圈内。,倡导轻户外，周末常带家人自驾野营或山系徒步，注重生活情调与手作咖啡。,名下持有一套旧两居，置换回款 65% + 个人理财储蓄补充 + 公积金商业贷,重性价比，不盲信大牌，但要求物业管理有序、绿化修剪及时、人防技防规范。,本地常住人口，四季生活规律，度假频次为常规年假出行。
青_2008_00554,青岛,2008,北方度假投资,59,女,3.5,40.2,0.5,60.3,1,0,否,B,research,0.79,0.48,0.88,0.54,0.54,0.5,0.03,0.11,0.77,投资-短期,两室一厅,81,4047,上市公司退休联合创始人,高知退休康养,青岛中环品质两居，车位及空间极其拥挤,老小区隔音差，邻里滋扰严重，且车位严重匮乏，每晚加班回来抢车位像打仗。,要求有超大面宽南向双阳台（观景家政分离），主卧大飘窗能270度直面自然景观。,在市中心核心写字楼工作，首选半小时核心通勤圈内。,倡导轻户外，周末常带家人自驾野营或山系徒步，注重生活情调与手作咖啡。,名下持有一套旧两居，置换回款 65% + 个人理财储蓄补充 + 公积金商业贷,非仁恒、绿城、万科等金牌开发商不买，极度看重高端精装质量与顶级物业的增值口碑。,每年11月至次年3月到此度过漫长冬季，极其依赖周边的康养及适老化服务。
青_2008_00555,青岛,2008,山东省内异地,56,女,3.0,29.2,0.45,48.6,2,1,否,C,network,0.5,0.55,0.88,0.69,0.53,0.82,0,0.37,0.55,自住-改善,两室一厅,50,4885,市第二中学地理教师,三口之家(学龄段),与父母同住，三代人拥挤在旧区小户型老房中,小区无地下车库且人车不分流，小孩在楼下玩耍或者推婴儿车极为不安全。,要求有超大面宽南向双阳台（观景家政分离），主卧大飘窗能270度直面自然景观。,在市中心核心写字楼工作，首选半小时核心通勤圈内。,爱猫狗，喜欢烹饪和插花，主打经济舒适的生活小确幸。,名下持有一套旧两居，置换回款 65% + 个人理财储蓄补充 + 公积金商业贷,重性价比，不盲信大牌，但要求物业管理有序、绿化修剪及时、人防技防规范。,本地常住人口，四季生活规律，度假频次为常规年假出行。
青_2008_00556,青岛,2008,山东省内异地,41,男,3.3,29.4,0.45,49.0,2,1,是,C,network,0.69,0.49,0.77,0.64,0.49,0.67,0.0,0.38,0.63,自住-改善,两室一厅,57,4450,邮政局局长秘书,三口之家(学龄段),与父母同住，三代人拥挤在旧区小户型老房中,小区无地下车库且人车不分流，小孩在楼下玩耍或者推婴儿车极为不安全。,要求有超大面宽南向双阳台（观景家政分离），主卧大飘窗能270度直面自然景观。,在市中心核心写字楼工作，首选半小时核心通勤圈内。,爱猫狗，喜欢烹饪和插花，主打经济舒适的生活小确幸。,名下持有一套旧两居，置换回款 65% + 个人理财储蓄补充 + 公积金商业贷,重性价比，不盲信大牌，但要求物业管理有序、绿化修剪及时、人防技防规范。,本地常住人口，四季生活规律，度假频次为常规年假出行。
青_2008_00557,青岛,2008,本地改善,49,女,2.0,14.3,0.4,26.9,4,2,是,B,agent,0.71,0.58,0.6,0.49,0.48,0.81,0.64,0.69,0.54,自住-改善,一室一厅,100,1932,市第二中学地理教师,二胎黄金期中大户型,青岛中环品质两居，车位及空间极其拥挤,小区无地下车库且人车不分流，小孩在楼下玩耍或者推婴儿车极为不安全。,讲究超高得房率（超85%），主卧套房必须配备独立步入式衣帽间与干湿分离双卫。,在市中心核心写字楼工作，首选半小时核心通勤圈内。,倡导轻户外，周末常带家人自驾野营或山系徒步，注重生活情调与手作咖啡。,名下持有一套旧两居，置换回款 65% + 个人理财储蓄补充 + 公积金商业贷,重性价比，不盲信大牌，但要求物业管理有序、绿化修剪及时、人防技防规范。,本地常住人口，四季生活规律，度假频次为常规年假出行。
青_2008_00558,青岛,2008,学区刚需,42,男,2.3,11.4,0.3,28.6,3,1,是,C,agent,0.98,0.6,0.32,0.25,0.34,0.73,0.52,0.91,0.4,学区房,两室两厅,72,2057,区财政局科员,三口之家(学龄段),与父母同住，三代人拥挤在旧区小户型老房中,小区无地下车库且人车不分流，小孩在楼下玩耍或者推婴儿车极为不安全。,讲究超高得房率（超85%），主卧套房必须配备独立步入式衣帽间与干湿分离双卫。,在市中心核心写字楼工作，首选半小时核心通勤圈内。,爱猫狗，喜欢烹饪和插花，主打经济舒适的生活小确幸。,名下持有一套旧两居，置换回款 65% + 个人理财储蓄补充 + 公积金商业贷,重性价比，不盲信大牌，但要求物业管理有序、绿化修剪及时、人防技防规范。,本地常住人口，四季生活规律，度假频次为常规年假出行。
青_2008_00559,青岛,2008,本地改善,42,女,1.6,11.5,0.4,21.6,4,1,否,B,agent,0.63,0.55,0.98,0.45,0.51,0.93,0.63,0.6,0.71,自住-改善,两室两厅,94,1647,国企车间技术主任,三口之家(学龄段),青岛中环品质两居，车位及空间极其拥挤,小区无地下车库且人车不分流，小孩在楼下玩耍或者推婴儿车极为不安全。,要求有超大面宽南向双阳台（观景家政分离），主卧大飘窗能270度直面自然景观。,在市中心核心写字楼工作，首选半小时核心通勤圈内。,倡导轻户外，周末常带家人自驾野营或山系徒步，注重生活情调与手作咖啡。,名下持有一套旧两居，置换回款 65% + 个人理财储蓄补充 + 公积金商业贷,非仁恒、绿城、万科等金牌开发商不买，极度看重高端精装质量与顶级物业的增值口碑。,本地常住人口，四季生活规律，度假频次为常规年假出行。
青_2008_00560,青岛,2008,山东省内异地,43,女,3.1,24.2,0.45,40.3,3,2,是,C,network,0.75,0.51,0.85,0.49,0.43,0.71,0.0,0.49,0.59,自住-首套,两室两厅,97,3535,区财政局科员,二胎黄金期中大户型,与父母同住，三代人拥挤在旧区小户型老房中,小区无地下车库且人车不分流，小孩在楼下玩耍或者推婴儿车极为不安全。,要求有超大面宽南向双阳台（观景家政分离），主卧大飘窗能270度直面自然景观。,在市中心核心写字楼工作，首选半小时核心通勤圈内。,爱猫狗，喜欢烹饪和插花，主打经济舒适的生活小确幸。,夫妻双方积蓄 + 双方父母出资赞助首付 + 公积金商业组合贷款,重性价比，不盲信大牌，但要求物业管理有序、绿化修剪及时、人防技防规范。,本地常住人口，四季生活规律，度假频次为常规年假出行。
青_2008_00561,青岛,2008,山东省内异地,42,女,4.2,37.0,0.45,61.6,3,1,是,C,network,0.81,0.51,0.87,0.4,0.53,0.74,0.06,0.58,0.67,自住-改善,两室一厅,53,8741,邮政局局长秘书,三口之家(学龄段),与父母同住，三代人拥挤在旧区小户型老房中,小区无地下车库且人车不分流，小孩在楼下玩耍或者推婴儿车极为不安全。,要求有超大面宽南向双阳台（观景家政分离），主卧大飘窗能270度直面自然景观。,在市中心核心写字楼工作，首选半小时核心通勤圈内。,爱猫狗，喜欢烹饪和插花，主打经济舒适的生活小确幸。,名下持有一套旧两居，置换回款 65% + 个人理财储蓄补充 + 公积金商业贷,重性价比，不盲信大牌，但要求物业管理有序、绿化修剪及时、人防技防规范。,本地常住人口，四季生活规律，度假频次为常规年假出行。
青_2008_00562,青岛,2008,本地改善,35,女,1.6,10.0,0.4,18.8,4,1,否,B,agent,1,0.62,0.74,0.3,0.33,0.86,0.69,0.64,0.74,自住-改善,两室两厅,81,1753,市第二中学地理教师,三口之家(幼龄段),青岛中环品质两居，车位及空间极其拥挤,小区无地下车库且人车不分流，小孩在楼下玩耍或者推婴儿车极为不安全。,要求有超大面宽南向双阳台（观景家政分离），主卧大飘窗能270度直面自然景观。,在市中心核心写字楼工作，首选半小时核心通勤圈内。,倡导轻户外，周末常带家人自驾野营或山系徒步，注重生活情调与手作咖啡。,名下持有一套旧两居，置换回款 65% + 个人理财储蓄补充 + 公积金商业贷,非仁恒、绿城、万科等金牌开发商不买，极度看重高端精装质量与顶级物业的增值口碑。,本地常住人口，四季生活规律，度假频次为常规年假出行。
青_2008_00563,青岛,2008,本地改善,53,男,2.1,19.5,0.4,36.5,4,0,否,B,agent,0.73,0.45,0.66,0.43,0.32,0.98,0.74,0.79,0.55,自住-改善,一室一厅,78,2643,邮政局局长秘书,成熟期核心家庭,青岛中环品质两居，车位及空间极其拥挤,老小区隔音差，邻里滋扰严重，且车位严重匮乏，每晚加班回来抢车位像打仗。,讲究超高得房率（超85%），主卧套房必须配备独立步入式衣帽间与干湿分离双卫。,在市中心核心写字楼工作，首选半小时核心通勤圈内。,倡导轻户外，周末常带家人自驾野营或山系徒步，注重生活情调与手作咖啡。,名下持有一套旧两居，置换回款 65% + 个人理财储蓄补充 + 公积金商业贷,重性价比，不盲信大牌，但要求物业管理有序、绿化修剪及时、人防技防规范。,本地常住人口，四季生活规律，度假频次为常规年假出行。
青_2008_00564,青岛,2008,本地改善,44,女,1.7,14.7,0.4,27.5,4,1,否,B,agent,0.93,0.49,0.82,0.59,0.57,0.91,0.61,0.76,0.62,自住-改善,两室一厅,71,2292,国企车间技术主任,三口之家(学龄段),青岛中环品质两居，车位及空间极其拥挤,小区无地下车库且人车不分流，小孩在楼下玩耍或者推婴儿车极为不安全。,要求有超大面宽南向双阳台（观景家政分离），主卧大飘窗能270度直面自然景观。,在市中心核心写字楼工作，首选半小时核心通勤圈内。,倡导轻户外，周末常带家人自驾野营或山系徒步，注重生活情调与手作咖啡。,名下持有一套旧两居，置换回款 65% + 个人理财储蓄补充 + 公积金商业贷,重性价比，不盲信大牌，但要求物业管理有序、绿化修剪及时、人防技防规范。,本地常住人口，四季生活规律，度假频次为常规年假出行。
青_2008_00565,青岛,2008,学区刚需,41,男,3.9,28.6,0.3,71.5,3,1,否,C,agent,0.98,0.65,0.44,0.31,0.44,0.71,0.42,0.97,0.32,学区房,两室两厅,73,6986,区财政局科员,三口之家(学龄段),与父母同住，三代人拥挤在旧区小户型老房中,小区无地下车库且人车不分流，小孩在楼下玩耍或者推婴儿车极为不安全。,讲究超高得房率（超85%），主卧套房必须配备独立步入式衣帽间与干湿分离双卫。,在市中心核心写字楼工作，首选半小时核心通勤圈内。,爱猫狗，喜欢烹饪和插花，主打经济舒适的生活小确幸。,名下持有一套旧两居，置换回款 65% + 个人理财储蓄补充 + 公积金商业贷,重性价比，不盲信大牌，但要求物业管理有序、绿化修剪及时、人防技防规范。,本地常住人口，四季生活规律，度假频次为常规年假出行。
青_2008_00566,青岛,2008,山东省内异地,40,男,1.7,12.1,0.45,20.1,3,1,否,C,network,0.76,0.46,0.88,0.56,0.56,0.61,0.0,0.39,0.53,自住-首套,两室一厅,88,1338,国企车间技术主任,三口之家(学龄段),与父母同住，三代人拥挤在旧区小户型老房中,小区无地下车库且人车不分流，小孩在楼下玩耍或者推婴儿车极为不安全。,要求有超大面宽南向双阳台（观景家政分离），主卧大飘窗能270度直面自然景观。,在市中心核心写字楼工作，首选半小时核心通勤圈内。,爱猫狗，喜欢烹饪和插花，主打经济舒适的生活小确幸。,夫妻双方积蓄 + 双方父母出资赞助首付 + 公积金商业组合贷款,重性价比，不盲信大牌，但要求物业管理有序、绿化修剪及时、人防技防规范。,本地常住人口，四季生活规律，度假频次为常规年假出行。
青_2008_00567,青岛,2008,本地改善,54,女,2.1,14.3,0.4,26.8,3,1,是,B,agent,0.76,0.49,0.74,0.6,0.58,0.69,0.54,0.66,0.59,自住-改善,两室一厅,51,3241,市第二中学地理教师,三口之家(学龄段),青岛中环品质两居，车位及空间极其拥挤,小区无地下车库且人车不分流，小孩在楼下玩耍或者推婴儿车极为不安全。,要求有超大面宽南向双阳台（观景家政分离），主卧大飘窗能270度直面自然景观。,在市中心核心写字楼工作，首选半小时核心通勤圈内。,倡导轻户外，周末常带家人自驾野营或山系徒步，注重生活情调与手作咖啡。,名下持有一套旧两居，置换回款 65% + 个人理财储蓄补充 + 公积金商业贷,重性价比，不盲信大牌，但要求物业管理有序、绿化修剪及时、人防技防规范。,本地常住人口，四季生活规律，度假频次为常规年假出行。
青_2008_00568,青岛,2008,本地改善,51,男,2.8,23.0,0.4,43.1,4,1,是,B,agent,0.8,0.48,0.63,0.58,0.53,0.82,0.64,0.67,0.65,自住-改善,两室一厅,94,3379,国企车间技术主任,三口之家(学龄段),青岛中环品质两居，车位及空间极其拥挤,小区无地下车库且人车不分流，小孩在楼下玩耍或者推婴儿车极为不安全。,讲究超高得房率（超85%），主卧套房必须配备独立步入式衣帽间与干湿分离双卫。,在市中心核心写字楼工作，首选半小时核心通勤圈内。,倡导轻户外，周末常带家人自驾野营或山系徒步，注重生活情调与手作咖啡。,名下持有一套旧两居，置换回款 65% + 个人理财储蓄补充 + 公积金商业贷,重性价比，不盲信大牌，但要求物业管理有序、绿化修剪及时、人防技防规范。,本地常住人口，四季生活规律，度假频次为常规年假出行。
青_2008_00569,青岛,2008,本地改善,45,女,1.7,11.0,0.4,20.6,4,1,否,B,agent,0.74,0.52,0.79,0.48,0.58,0.82,0.5,0.61,0.51,自住-改善,两室两厅,61,2259,国企车间技术主任,三口之家(学龄段),青岛中环品质两居，车位及空间极其拥挤,小区无地下车库且人车不分流，小孩在楼下玩耍或者推婴儿车极为不安全。,要求有超大面宽南向双阳台（观景家政分离），主卧大飘窗能270度直面自然景观。,在市中心核心写字楼工作，首选半小时核心通勤圈内。,倡导轻户外，周末常带家人自驾野营或山系徒步，注重生活情调与手作咖啡。,名下持有一套旧两居，置换回款 65% + 个人理财储蓄补充 + 公积金商业贷,重性价比，不盲信大牌，但要求物业管理有序、绿化修剪及时、人防技防规范。,本地常住人口，四季生活规律，度假频次为常规年假出行。
青_2008_00570,青岛,2008,本地改善,41,女,2.1,14.9,0.4,27.9,5,1,否,B,agent,0.75,0.34,0.74,0.57,0.44,0.89,0.59,0.74,0.56,自住-改善,两室一厅,74,2857,市第二中学地理教师,三口之家(学龄段),青岛中环品质两居，车位及空间极其拥挤,小区无地下车库且人车不分流，小孩在楼下玩耍或者推婴儿车极为不安全。,要求有超大面宽南向双阳台（观景家政分离），主卧大飘窗能270度直面自然景观。,在市中心核心写字楼工作，首选半小时核心通勤圈内。,倡导轻户外，周末常带家人自驾野营或山系徒步，注重生活情调与手作咖啡。,名下持有一套旧两居，置换回款 65% + 个人理财储蓄补充 + 公积金商业贷,重性价比，不盲信大牌，但要求物业管理有序、绿化修剪及时、人防技防规范。,本地常住人口，四季生活规律，度假频次为常规年假出行。
青_2008_00571,青岛,2008,学区刚需,38,女,1.2,5.9,0.3,14.8,2,0,否,C,agent,1,0.51,0.33,0.31,0.35,0.81,0.36,0.94,0.46,学区房,两室两厅,70,1379,邮政局局长秘书,成熟期核心家庭,与父母同住，三代人拥挤在旧区小户型老房中,老小区隔音差，邻里滋扰严重，且车位严重匮乏，每晚加班回来抢车位像打仗。,讲究超高得房率（超85%），主卧套房必须配备独立步入式衣帽间与干湿分离双卫。,在市中心核心写字楼工作，首选半小时核心通勤圈内。,爱猫狗，喜欢烹饪和插花，主打经济舒适的生活小确幸。,名下持有一套旧两居，置换回款 65% + 个人理财储蓄补充 + 公积金商业贷,重性价比，不盲信大牌，但要求物业管理有序、绿化修剪及时、人防技防规范。,本地常住人口，四季生活规律，度假频次为常规年假出行。
青_2008_00572,青岛,2008,学区刚需,33,女,1.2,5.9,0.3,14.7,4,0,否,C,agent,1,0.65,0.44,0.34,0.57,0.79,0.58,0.92,0.36,学区房,两室一厅,50,1906,国企车间技术主任,新婚过渡两居,与父母同住，三代人拥挤在旧区小户型老房中,老小区隔音差，邻里滋扰严重，且车位严重匮乏，每晚加班回来抢车位像打仗。,讲究超高得房率（超85%），主卧套房必须配备独立步入式衣帽间与干湿分离双卫。,在市中心核心写字楼工作，首选半小时核心通勤圈内。,爱猫狗，喜欢烹饪和插花，主打经济舒适的生活小确幸。,名下持有一套旧两居，置换回款 65% + 个人理财储蓄补充 + 公积金商业贷,重性价比，不盲信大牌，但要求物业管理有序、绿化修剪及时、人防技防规范。,本地常住人口，四季生活规律，度假频次为常规年假出行。
青_2008_00573,青岛,2008,本地改善,39,女,1.2,11.2,0.4,21.0,2,1,是,B,agent,0.71,0.59,0.86,0.47,0.49,0.87,0.68,0.79,0.67,自住-改善,两室两厅,73,2309,邮政局局长秘书,三口之家(学龄段),青岛中环品质两居，车位及空间极其拥挤,小区无地下车库且人车不分流，小孩在楼下玩耍或者推婴儿车极为不安全。,要求有超大面宽南向双阳台（观景家政分离），主卧大飘窗能270度直面自然景观。,在市中心核心写字楼工作，首选半小时核心通勤圈内。,倡导轻户外，周末常带家人自驾野营或山系徒步，注重生活情调与手作咖啡。,名下持有一套旧两居，置换回款 65% + 个人理财储蓄补充 + 公积金商业贷,重性价比，不盲信大牌，但要求物业管理有序、绿化修剪及时、人防技防规范。,本地常住人口，四季生活规律，度假频次为常规年假出行。
青_2008_00574,青岛,2008,本地改善,44,女,2.4,22.5,0.4,42.3,4,1,是,B,agent,0.53,0.62,0.69,0.56,0.49,0.79,0.69,0.63,0.57,自住-改善,两室一厅,80,3903,国企车间技术主任,三口之家(学龄段),青岛中环品质两居，车位及空间极其拥挤,小区无地下车库且人车不分流，小孩在楼下玩耍或者推婴儿车极为不安全。,讲究超高得房率（超85%），主卧套房必须配备独立步入式衣帽间与干湿分离双卫。,在市中心核心写字楼工作，首选半小时核心通勤圈内。,倡导轻户外，周末常带家人自驾野营或山系徒步，注重生活情调与手作咖啡。,名下持有一套旧两居，置换回款 65% + 个人理财储蓄补充 + 公积金商业贷,重性价比，不盲信大牌，但要求物业管理有序、绿化修剪及时、人防技防规范。,本地常住人口，四季生活规律，度假频次为常规年假出行。
青_2008_00575,青岛,2008,北方度假投资,49,女,4.5,32.1,0.5,48.1,2,0,否,B,research,0.72,0.56,0.93,0.68,0.54,0.5,0.12,0.07,0.69,投资-长持,一室一厅,74,5258,上市公司退休联合创始人,成熟期核心家庭,青岛中环品质两居，车位及空间极其拥挤,老小区隔音差，邻里滋扰严重，且车位严重匮乏，每晚加班回来抢车位像打仗。,要求有超大面宽南向双阳台（观景家政分离），主卧大飘窗能270度直面自然景观。,在市中心核心写字楼工作，首选半小时核心通勤圈内。,倡导轻户外，周末常带家人自驾野营或山系徒步，注重生活情调与手作咖啡。,名下持有一套旧两居，置换回款 65% + 个人理财储蓄补充 + 公积金商业贷,重性价比，不盲信大牌，但要求物业管理有序、绿化修剪及时、人防技防规范。,每年11月至次年3月到此度过漫长冬季，极其依赖周边的康养及适老化服务。
青_2008_00576,青岛,2008,学区刚需,32,男,1.8,10.9,0.3,27.2,3,1,否,C,agent,0.87,0.57,0.28,0.31,0.42,0.73,0.71,0.92,0.3,学区房,一室一厅,67,2401,区财政局科员,三口之家(幼龄段),与父母同住，三代人拥挤在旧区小户型老房中,小区无地下车库且人车不分流，小孩在楼下玩耍或者推婴儿车极为不安全。,讲究超高得房率（超85%），主卧套房必须配备独立步入式衣帽间与干湿分离双卫。,在市中心核心写字楼工作，首选半小时核心通勤圈内。,爱猫狗，喜欢烹饪和插花，主打经济舒适的生活小确幸。,名下持有一套旧两居，置换回款 65% + 个人理财储蓄补充 + 公积金商业贷,重性价比，不盲信大牌，但要求物业管理有序、绿化修剪及时、人防技防规范。,本地常住人口，四季生活规律，度假频次为常规年假出行。
青_2008_00577,青岛,2008,本地改善,40,女,2.2,13.1,0.4,24.5,4,0,否,B,agent,0.79,0.37,0.79,0.53,0.48,0.74,0.64,0.67,0.51,自住-改善,两室一厅,81,2097,邮政局局长秘书,成熟期核心家庭,青岛中环品质两居，车位及空间极其拥挤,老小区隔音差，邻里滋扰严重，且车位严重匮乏，每晚加班回来抢车位像打仗。,要求有超大面宽南向双阳台（观景家政分离），主卧大飘窗能270度直面自然景观。,在市中心核心写字楼工作，首选半小时核心通勤圈内。,倡导轻户外，周末常带家人自驾野营或山系徒步，注重生活情调与手作咖啡。,名下持有一套旧两居，置换回款 65% + 个人理财储蓄补充 + 公积金商业贷,重性价比，不盲信大牌，但要求物业管理有序、绿化修剪及时、人防技防规范。,本地常住人口，四季生活规律，度假频次为常规年假出行。
青_2008_00578,青岛,2008,学区刚需,37,女,2.1,15.2,0.3,37.9,4,1,否,C,agent,0.77,0.53,0.28,0.39,0.48,0.73,0.53,0.96,0.58,学区房,两室两厅,50,6776,区财政局科员,三口之家(幼龄段),与父母同住，三代人拥挤在旧区小户型老房中,小区无地下车库且人车不分流，小孩在楼下玩耍或者推婴儿车极为不安全。,讲究超高得房率（超85%），主卧套房必须配备独立步入式衣帽间与干湿分离双卫。,在市中心核心写字楼工作，首选半小时核心通勤圈内。,爱猫狗，喜欢烹饪和插花，主打经济舒适的生活小确幸。,名下持有一套旧两居，置换回款 65% + 个人理财储蓄补充 + 公积金商业贷,重性价比，不盲信大牌，但要求物业管理有序、绿化修剪及时、人防技防规范。,本地常住人口，四季生活规律，度假频次为常规年假出行。
青_2008_00579,青岛,2008,山东省内异地,53,男,3.0,24.9,0.45,41.5,4,1,是,C,network,0.58,0.52,0.76,0.55,0.68,0.66,0.03,0.46,0.51,自住-改善,一室一厅,82,4397,邮政局局长秘书,三口之家(学龄段),与父母同住，三代人拥挤在旧区小户型老房中,小区无地下车库且人车不分流，小孩在楼下玩耍或者推婴儿车极为不安全。,要求有超大面宽南向双阳台（观景家政分离），主卧大飘窗能270度直面自然景观。,在市中心核心写字楼工作，首选半小时核心通勤圈内。,爱猫狗，喜欢烹饪和插花，主打经济舒适的生活小确幸。,名下持有一套旧两居，置换回款 65% + 个人理财储蓄补充 + 公积金商业贷,重性价比，不盲信大牌，但要求物业管理有序、绿化修剪及时、人防技防规范。,本地常住人口，四季生活规律，度假频次为常规年假出行。
青_2008_00580,青岛,2008,学区刚需,31,男,1.0,6.5,0.3,16.1,3,0,否,C,agent,0.95,0.6,0.47,0.2,0.48,0.73,0.64,0.99,0.55,学区房,两室两厅,74,1927,区财政局科员,新婚过渡两居,与父母同住，三代人拥挤在旧区小户型老房中,老小区隔音差，邻里滋扰严重，且车位严重匮乏，每晚加班回来抢车位像打仗。,讲究超高得房率（超85%），主卧套房必须配备独立步入式衣帽间与干湿分离双卫。,在市中心核心写字楼工作，首选半小时核心通勤圈内。,爱猫狗，喜欢烹饪和插花，主打经济舒适的生活小确幸。,名下持有一套旧两居，置换回款 65% + 个人理财储蓄补充 + 公积金商业贷,重性价比，不盲信大牌，但要求物业管理有序、绿化修剪及时、人防技防规范。,本地常住人口，四季生活规律，度假频次为常规年假出行。
青_2008_00581,青岛,2008,本地改善,47,女,2.0,15.3,0.4,28.7,4,0,否,B,agent,0.43,0.6,0.65,0.23,0.49,0.86,0.65,0.72,0.65,自住-改善,一室一厅,78,2266,国企车间技术主任,成熟期核心家庭,青岛中环品质两居，车位及空间极其拥挤,老小区隔音差，邻里滋扰严重，且车位严重匮乏，每晚加班回来抢车位像打仗。,讲究超高得房率（超85%），主卧套房必须配备独立步入式衣帽间与干湿分离双卫。,在市中心核心写字楼工作，首选半小时核心通勤圈内。,倡导轻户外，周末常带家人自驾野营或山系徒步，注重生活情调与手作咖啡。,名下持有一套旧两居，置换回款 65% + 个人理财储蓄补充 + 公积金商业贷,重性价比，不盲信大牌，但要求物业管理有序、绿化修剪及时、人防技防规范。,本地常住人口，四季生活规律，度假频次为常规年假出行。
青_2008_00582,青岛,2008,山东省内异地,54,女,4.6,39.4,0.45,65.6,3,1,是,C,network,0.67,0.45,0.82,0.4,0.5,0.74,0.06,0.49,0.63,自住-首套,两室两厅,81,5500,国企车间技术主任,三口之家(学龄段),与父母同住，三代人拥挤在旧区小户型老房中,小区无地下车库且人车不分流，小孩在楼下玩耍或者推婴儿车极为不安全。,要求有超大面宽南向双阳台（观景家政分离），主卧大飘窗能270度直面自然景观。,在市中心核心写字楼工作，首选半小时核心通勤圈内。,爱猫狗，喜欢烹饪和插花，主打经济舒适的生活小确幸。,夫妻双方积蓄 + 双方父母出资赞助首付 + 公积金商业组合贷款,重性价比，不盲信大牌，但要求物业管理有序、绿化修剪及时、人防技防规范。,本地常住人口，四季生活规律，度假频次为常规年假出行。
青_2008_00583,青岛,2008,本地改善,37,女,1.1,7.1,0.4,13.2,4,2,否,B,agent,0.73,0.47,0.73,0.5,0.69,0.89,0.46,0.62,0.57,自住-改善,两室一厅,90,1247,区财政局科员,二胎黄金期中大户型,青岛中环品质两居，车位及空间极其拥挤,小区无地下车库且人车不分流，小孩在楼下玩耍或者推婴儿车极为不安全。,要求有超大面宽南向双阳台（观景家政分离），主卧大飘窗能270度直面自然景观。,在市中心核心写字楼工作，首选半小时核心通勤圈内。,倡导轻户外，周末常带家人自驾野营或山系徒步，注重生活情调与手作咖啡。,名下持有一套旧两居，置换回款 65% + 个人理财储蓄补充 + 公积金商业贷,重性价比，不盲信大牌，但要求物业管理有序、绿化修剪及时、人防技防规范。,本地常住人口，四季生活规律，度假频次为常规年假出行。
青_2008_00584,青岛,2008,本地改善,55,男,1.7,12.3,0.4,23.1,4,2,否,B,agent,0.47,0.61,0.78,0.51,0.53,0.77,0.57,0.67,0.57,自住-改善,两室一厅,78,2280,区财政局科员,二胎黄金期中大户型,青岛中环品质两居，车位及空间极其拥挤,小区无地下车库且人车不分流，小孩在楼下玩耍或者推婴儿车极为不安全。,要求有超大面宽南向双阳台（观景家政分离），主卧大飘窗能270度直面自然景观。,在市中心核心写字楼工作，首选半小时核心通勤圈内。,倡导轻户外，周末常带家人自驾野营或山系徒步，注重生活情调与手作咖啡。,名下持有一套旧两居，置换回款 65% + 个人理财储蓄补充 + 公积金商业贷,重性价比，不盲信大牌，但要求物业管理有序、绿化修剪及时、人防技防规范。,本地常住人口，四季生活规律，度假频次为常规年假出行。
青_2008_00585,青岛,2008,山东省内异地,40,男,3.6,20.1,0.45,33.4,2,1,否,C,network,0.87,0.72,0.83,0.52,0.56,0.9,0,0.43,0.71,自住-改善,两室一厅,62,3054,区财政局科员,三口之家(学龄段),与父母同住，三代人拥挤在旧区小户型老房中,小区无地下车库且人车不分流，小孩在楼下玩耍或者推婴儿车极为不安全。,要求有超大面宽南向双阳台（观景家政分离），主卧大飘窗能270度直面自然景观。,在市中心核心写字楼工作，首选半小时核心通勤圈内。,爱猫狗，喜欢烹饪和插花，主打经济舒适的生活小确幸。,名下持有一套旧两居，置换回款 65% + 个人理财储蓄补充 + 公积金商业贷,非仁恒、绿城、万科等金牌开发商不买，极度看重高端精装质量与顶级物业的增值口碑。,本地常住人口，四季生活规律，度假频次为常规年假出行。
青_2008_00586,青岛,2008,本地改善,40,女,2.1,14.6,0.4,27.3,3,2,否,B,agent,0.71,0.44,0.77,0.56,0.51,0.87,0.67,0.66,0.58,自住-改善,两室两厅,76,2608,国企车间技术主任,二胎黄金期中大户型,青岛中环品质两居，车位及空间极其拥挤,小区无地下车库且人车不分流，小孩在楼下玩耍或者推婴儿车极为不安全。,要求有超大面宽南向双阳台（观景家政分离），主卧大飘窗能270度直面自然景观。,在市中心核心写字楼工作，首选半小时核心通勤圈内。,倡导轻户外，周末常带家人自驾野营或山系徒步，注重生活情调与手作咖啡。,名下持有一套旧两居，置换回款 65% + 个人理财储蓄补充 + 公积金商业贷,重性价比，不盲信大牌，但要求物业管理有序、绿化修剪及时、人防技防规范。,本地常住人口，四季生活规律，度假频次为常规年假出行。
青_2008_00587,青岛,2008,本地改善,52,男,3.1,25.0,0.4,46.9,4,1,否,B,agent,0.78,0.53,0.63,0.45,0.39,0.8,0.4,0.66,0.54,自住-改善,一室一厅,59,5994,区财政局科员,三口之家(学龄段),青岛中环品质两居，车位及空间极其拥挤,小区无地下车库且人车不分流，小孩在楼下玩耍或者推婴儿车极为不安全。,讲究超高得房率（超85%），主卧套房必须配备独立步入式衣帽间与干湿分离双卫。,在市中心核心写字楼工作，首选半小时核心通勤圈内。,倡导轻户外，周末常带家人自驾野营或山系徒步，注重生活情调与手作咖啡。,名下持有一套旧两居，置换回款 65% + 个人理财储蓄补充 + 公积金商业贷,重性价比，不盲信大牌，但要求物业管理有序、绿化修剪及时、人防技防规范。,本地常住人口，四季生活规律，度假频次为常规年假出行。
青_2008_00588,青岛,2008,学区刚需,38,女,1.8,8.2,0.3,20.6,2,1,是,C,agent,0.82,0.63,0.46,0.32,0.33,0.72,0.51,1.0,0.36,学区房,一室一厅,58,2396,区财政局科员,三口之家(学龄段),与父母同住，三代人拥挤在旧区小户型老房中,小区无地下车库且人车不分流，小孩在楼下玩耍或者推婴儿车极为不安全。,讲究超高得房率（超85%），主卧套房必须配备独立步入式衣帽间与干湿分离双卫。,在市中心核心写字楼工作，首选半小时核心通勤圈内。,爱猫狗，喜欢烹饪和插花，主打经济舒适的生活小确幸。,名下持有一套旧两居，置换回款 65% + 个人理财储蓄补充 + 公积金商业贷,重性价比，不盲信大牌，但要求物业管理有序、绿化修剪及时、人防技防规范。,本地常住人口，四季生活规律，度假频次为常规年假出行。
青_2008_00589,青岛,2008,本地改善,48,男,1.4,11.3,0.4,21.2,4,1,否,B,agent,0.89,0.49,0.64,0.54,0.56,0.93,0.56,0.58,0.6,自住-改善,一室一厅,93,1611,邮政局局长秘书,三口之家(学龄段),青岛中环品质两居，车位及空间极其拥挤,小区无地下车库且人车不分流，小孩在楼下玩耍或者推婴儿车极为不安全。,讲究超高得房率（超85%），主卧套房必须配备独立步入式衣帽间与干湿分离双卫。,在市中心核心写字楼工作，首选半小时核心通勤圈内。,倡导轻户外，周末常带家人自驾野营或山系徒步，注重生活情调与手作咖啡。,名下持有一套旧两居，置换回款 65% + 个人理财储蓄补充 + 公积金商业贷,重性价比，不盲信大牌，但要求物业管理有序、绿化修剪及时、人防技防规范。,本地常住人口，四季生活规律，度假频次为常规年假出行。
青_2008_00590,青岛,2008,本地改善,37,女,1.7,12.1,0.4,22.7,4,1,是,B,agent,0.84,0.46,0.67,0.46,0.5,0.77,0.67,0.76,0.59,自住-改善,一室一厅,75,2055,邮政局局长秘书,三口之家(幼龄段),青岛中环品质两居，车位及空间极其拥挤,小区无地下车库且人车不分流，小孩在楼下玩耍或者推婴儿车极为不安全。,讲究超高得房率（超85%），主卧套房必须配备独立步入式衣帽间与干湿分离双卫。,在市中心核心写字楼工作，首选半小时核心通勤圈内。,倡导轻户外，周末常带家人自驾野营或山系徒步，注重生活情调与手作咖啡。,名下持有一套旧两居，置换回款 65% + 个人理财储蓄补充 + 公积金商业贷,重性价比，不盲信大牌，但要求物业管理有序、绿化修剪及时、人防技防规范。,本地常住人口，四季生活规律，度假频次为常规年假出行。
青_2008_00591,青岛,2008,本地改善,47,男,1.3,7.3,0.4,13.6,3,1,是,B,agent,0.62,0.41,0.87,0.64,0.46,1,0.37,0.74,0.52,自住-改善,一室一厅,98,1245,国企车间技术主任,三口之家(学龄段),青岛中环品质两居，车位及空间极其拥挤,小区无地下车库且人车不分流，小孩在楼下玩耍或者推婴儿车极为不安全。,要求有超大面宽南向双阳台（观景家政分离），主卧大飘窗能270度直面自然景观。,在市中心核心写字楼工作，首选半小时核心通勤圈内。,倡导轻户外，周末常带家人自驾野营或山系徒步，注重生活情调与手作咖啡。,名下持有一套旧两居，置换回款 65% + 个人理财储蓄补充 + 公积金商业贷,重性价比，不盲信大牌，但要求物业管理有序、绿化修剪及时、人防技防规范。,本地常住人口，四季生活规律，度假频次为常规年假出行。
青_2008_00592,青岛,2008,山东省内异地,47,女,3.0,26.4,0.45,43.9,4,0,否,C,network,0.71,0.39,0.92,0.6,0.66,0.78,0,0.33,0.53,自住-首套,一室一厅,63,3629,区财政局科员,成熟期核心家庭,与父母同住，三代人拥挤在旧区小户型老房中,老小区隔音差，邻里滋扰严重，且车位严重匮乏，每晚加班回来抢车位像打仗。,要求有超大面宽南向双阳台（观景家政分离），主卧大飘窗能270度直面自然景观。,在市中心核心写字楼工作，首选半小时核心通勤圈内。,爱猫狗，喜欢烹饪和插花，主打经济舒适的生活小确幸。,夫妻双方积蓄 + 双方父母出资赞助首付 + 公积金商业组合贷款,重性价比，不盲信大牌，但要求物业管理有序、绿化修剪及时、人防技防规范。,本地常住人口，四季生活规律，度假频次为常规年假出行。
青_2008_00593,青岛,2008,本地改善,48,女,1.7,12.4,0.4,23.3,4,0,是,B,agent,0.84,0.57,0.8,0.55,0.38,0.94,0.67,0.72,0.57,自住-改善,两室两厅,76,2102,市第二中学地理教师,成熟期核心家庭,青岛中环品质两居，车位及空间极其拥挤,当前房屋属于旧多层无电梯房，父母年纪渐高每天爬楼梯极为吃力。,要求有超大面宽南向双阳台（观景家政分离），主卧大飘窗能270度直面自然景观。,在市中心核心写字楼工作，首选半小时核心通勤圈内。,倡导轻户外，周末常带家人自驾野营或山系徒步，注重生活情调与手作咖啡。,名下持有一套旧两居，置换回款 65% + 个人理财储蓄补充 + 公积金商业贷,重性价比，不盲信大牌，但要求物业管理有序、绿化修剪及时、人防技防规范。,本地常住人口，四季生活规律，度假频次为常规年假出行。
青_2008_00594,青岛,2008,山东省内异地,55,男,2.8,22.1,0.45,36.8,3,1,否,C,network,0.85,0.42,0.91,0.52,0.57,0.5,0.02,0.5,0.38,自住-改善,一室一厅,80,2504,区财政局科员,三口之家(学龄段),与父母同住，三代人拥挤在旧区小户型老房中,小区无地下车库且人车不分流，小孩在楼下玩耍或者推婴儿车极为不安全。,要求有超大面宽南向双阳台（观景家政分离），主卧大飘窗能270度直面自然景观。,在市中心核心写字楼工作，首选半小时核心通勤圈内。,爱猫狗，喜欢烹饪和插花，主打经济舒适的生活小确幸。,名下持有一套旧两居，置换回款 65% + 个人理财储蓄补充 + 公积金商业贷,重性价比，不盲信大牌，但要求物业管理有序、绿化修剪及时、人防技防规范。,本地常住人口，四季生活规律，度假频次为常规年假出行。
青_2008_00595,青岛,2008,北方度假投资,54,男,4.7,42.6,0.5,64.0,2,0,否,B,research,0.8,0.44,0.95,0.55,0.49,0.59,0,0.11,0.69,投资-长持,两室一厅,56,5811,高端海景资产收藏家,成熟期核心家庭,青岛中环品质两居，车位及空间极其拥挤,老小区隔音差，邻里滋扰严重，且车位严重匮乏，每晚加班回来抢车位像打仗。,要求有超大面宽南向双阳台（观景家政分离），主卧大飘窗能270度直面自然景观。,在市中心核心写字楼工作，首选半小时核心通勤圈内。,倡导轻户外，周末常带家人自驾野营或山系徒步，注重生活情调与手作咖啡。,名下持有一套旧两居，置换回款 65% + 个人理财储蓄补充 + 公积金商业贷,重性价比，不盲信大牌，但要求物业管理有序、绿化修剪及时、人防技防规范。,每年11月至次年3月到此度过漫长冬季，极其依赖周边的康养及适老化服务。
青_2008_00596,青岛,2008,本地改善,47,男,2.0,20.3,0.4,38.0,4,2,否,B,agent,1,0.55,0.81,0.26,0.39,1,0.74,0.74,0.49,自住-改善,两室两厅,70,3714,邮政局局长秘书,二胎黄金期中大户型,青岛中环品质两居，车位及空间极其拥挤,小区无地下车库且人车不分流，小孩在楼下玩耍或者推婴儿车极为不安全。,要求有超大面宽南向双阳台（观景家政分离），主卧大飘窗能270度直面自然景观。,在市中心核心写字楼工作，首选半小时核心通勤圈内。,倡导轻户外，周末常带家人自驾野营或山系徒步，注重生活情调与手作咖啡。,名下持有一套旧两居，置换回款 65% + 个人理财储蓄补充 + 公积金商业贷,重性价比，不盲信大牌，但要求物业管理有序、绿化修剪及时、人防技防规范。,本地常住人口，四季生活规律，度假频次为常规年假出行。
青_2008_00597,青岛,2008,本地改善,35,女,1.4,13.0,0.4,24.4,5,1,否,B,agent,0.51,0.51,0.69,0.49,0.65,0.74,0.45,0.79,0.67,自住-改善,两室一厅,57,2546,区财政局科员,三口之家(幼龄段),青岛中环品质两居，车位及空间极其拥挤,小区无地下车库且人车不分流，小孩在楼下玩耍或者推婴儿车极为不安全。,讲究超高得房率（超85%），主卧套房必须配备独立步入式衣帽间与干湿分离双卫。,在市中心核心写字楼工作，首选半小时核心通勤圈内。,倡导轻户外，周末常带家人自驾野营或山系徒步，注重生活情调与手作咖啡。,名下持有一套旧两居，置换回款 65% + 个人理财储蓄补充 + 公积金商业贷,重性价比，不盲信大牌，但要求物业管理有序、绿化修剪及时、人防技防规范。,本地常住人口，四季生活规律，度假频次为常规年假出行。
青_2008_00598,青岛,2008,学区刚需,44,男,1.3,6.4,0.3,16.1,3,0,否,C,agent,1,0.56,0.3,0.38,0.42,0.84,0.62,1,0.41,学区房,两室两厅,94,1286,国企车间技术主任,成熟期核心家庭,与父母同住，三代人拥挤在旧区小户型老房中,老小区隔音差，邻里滋扰严重，且车位严重匮乏，每晚加班回来抢车位像打仗。,讲究超高得房率（超85%），主卧套房必须配备独立步入式衣帽间与干湿分离双卫。,在市中心核心写字楼工作，首选半小时核心通勤圈内。,爱猫狗，喜欢烹饪和插花，主打经济舒适的生活小确幸。,名下持有一套旧两居，置换回款 65% + 个人理财储蓄补充 + 公积金商业贷,重性价比，不盲信大牌，但要求物业管理有序、绿化修剪及时、人防技防规范。,本地常住人口，四季生活规律，度假频次为常规年假出行。
青_2008_00599,青岛,2008,本地改善,51,男,1.0,10.2,0.4,19.1,4,0,否,B,agent,0.84,0.63,0.7,0.53,0.49,0.96,0.52,0.8,0.6,自住-改善,两室一厅,87,1397,国企车间技术主任,成熟期核心家庭,青岛中环品质两居，车位及空间极其拥挤,老小区隔音差，邻里滋扰严重，且车位严重匮乏，每晚加班回来抢车位像打仗。,要求有超大面宽南向双阳台（观景家政分离），主卧大飘窗能270度直面自然景观。,在市中心核心写字楼工作，首选半小时核心通勤圈内。,倡导轻户外，周末常带家人自驾野营或山系徒步，注重生活情调与手作咖啡。,名下持有一套旧两居，置换回款 65% + 个人理财储蓄补充 + 公积金商业贷,重性价比，不盲信大牌，但要求物业管理有序、绿化修剪及时、人防技防规范。,本地常住人口，四季生活规律，度假频次为常规年假出行。
青_2008_00600,青岛,2008,本地改善,43,女,2.6,24.8,0.4,46.5,4,1,是,B,agent,0.81,0.48,0.82,0.47,0.29,0.8,0.61,0.63,0.51,自住-改善,两室一厅,70,5487,市第二中学地理教师,三口之家(学龄段),青岛中环品质两居，车位及空间极其拥挤,小区无地下车库且人车不分流，小孩在楼下玩耍或者推婴儿车极为不安全。,要求有超大面宽南向双阳台（观景家政分离），主卧大飘窗能270度直面自然景观。,在市中心核心写字楼工作，首选半小时核心通勤圈内。,倡导轻户外，周末常带家人自驾野营或山系徒步，注重生活情调与手作咖啡。,名下持有一套旧两居，置换回款 65% + 个人理财储蓄补充 + 公积金商业贷,重性价比，不盲信大牌，但要求物业管理有序、绿化修剪及时、人防技防规范。,本地常住人口，四季生活规律，度假频次为常规年假出行。
青_2008_00601,青岛,2008,山东省内异地,54,女,3.6,32.3,0.45,53.9,3,1,否,C,network,0.54,0.51,0.97,0.64,0.46,0.89,0.14,0.45,0.56,自住-首套,两室两厅,80,3833,国企车间技术主任,三口之家(学龄段),与父母同住，三代人拥挤在旧区小户型老房中,小区无地下车库且人车不分流，小孩在楼下玩耍或者推婴儿车极为不安全。,要求有超大面宽南向双阳台（观景家政分离），主卧大飘窗能270度直面自然景观。,在市中心核心写字楼工作，首选半小时核心通勤圈内。,爱猫狗，喜欢烹饪和插花，主打经济舒适的生活小确幸。,夫妻双方积蓄 + 双方父母出资赞助首付 + 公积金商业组合贷款,重性价比，不盲信大牌，但要求物业管理有序、绿化修剪及时、人防技防规范。,本地常住人口，四季生活规律，度假频次为常规年假出行。
青_2008_00602,青岛,2008,本地改善,55,女,2.1,12.5,0.4,23.4,5,2,否,B,agent,0.66,0.56,0.72,0.52,0.35,0.85,0.68,0.73,0.49,自住-改善,一室一厅,74,2683,市第二中学地理教师,二胎黄金期中大户型,青岛中环品质两居，车位及空间极其拥挤,小区无地下车库且人车不分流，小孩在楼下玩耍或者推婴儿车极为不安全。,要求有超大面宽南向双阳台（观景家政分离），主卧大飘窗能270度直面自然景观。,在市中心核心写字楼工作，首选半小时核心通勤圈内。,倡导轻户外，周末常带家人自驾野营或山系徒步，注重生活情调与手作咖啡。,名下持有一套旧两居，置换回款 65% + 个人理财储蓄补充 + 公积金商业贷,重性价比，不盲信大牌，但要求物业管理有序、绿化修剪及时、人防技防规范。,本地常住人口，四季生活规律，度假频次为常规年假出行。
青_2008_00603,青岛,2008,本地改善,55,女,2.3,23.7,0.4,44.5,4,0,否,B,agent,0.79,0.45,0.8,0.54,0.54,0.86,0.66,0.83,0.49,自住-改善,两室两厅,85,3038,邮政局局长秘书,高知退休康养,青岛中环品质两居，车位及空间极其拥挤,老小区隔音差，邻里滋扰严重，且车位严重匮乏，每晚加班回来抢车位像打仗。,要求有超大面宽南向双阳台（观景家政分离），主卧大飘窗能270度直面自然景观。,在市中心核心写字楼工作，首选半小时核心通勤圈内。,倡导轻户外，周末常带家人自驾野营或山系徒步，注重生活情调与手作咖啡。,名下持有一套旧两居，置换回款 65% + 个人理财储蓄补充 + 公积金商业贷,重性价比，不盲信大牌，但要求物业管理有序、绿化修剪及时、人防技防规范。,本地常住人口，四季生活规律，度假频次为常规年假出行。
青_2008_00604,青岛,2008,本地改善,46,男,1.6,12.2,0.4,22.9,4,2,否,B,agent,0.91,0.4,0.67,0.54,0.44,0.78,0.68,0.64,0.47,自住-改善,一室一厅,81,1676,邮政局局长秘书,二胎黄金期中大户型,青岛中环品质两居，车位及空间极其拥挤,小区无地下车库且人车不分流，小孩在楼下玩耍或者推婴儿车极为不安全。,讲究超高得房率（超85%），主卧套房必须配备独立步入式衣帽间与干湿分离双卫。,在市中心核心写字楼工作，首选半小时核心通勤圈内。,倡导轻户外，周末常带家人自驾野营或山系徒步，注重生活情调与手作咖啡。,名下持有一套旧两居，置换回款 65% + 个人理财储蓄补充 + 公积金商业贷,重性价比，不盲信大牌，但要求物业管理有序、绿化修剪及时、人防技防规范。,本地常住人口，四季生活规律，度假频次为常规年假出行。
青_2008_00605,青岛,2008,山东省内异地,59,男,2.3,16.3,0.45,27.2,2,1,是,C,network,0.54,0.56,0.71,0.62,0.52,0.77,0,0.55,0.48,自住-改善,两室一厅,93,2026,邮政局局长秘书,三口之家(学龄段),与父母同住，三代人拥挤在旧区小户型老房中,小区无地下车库且人车不分流，小孩在楼下玩耍或者推婴儿车极为不安全。,要求有超大面宽南向双阳台（观景家政分离），主卧大飘窗能270度直面自然景观。,在市中心核心写字楼工作，首选半小时核心通勤圈内。,爱猫狗，喜欢烹饪和插花，主打经济舒适的生活小确幸。,名下持有一套旧两居，置换回款 65% + 个人理财储蓄补充 + 公积金商业贷,重性价比，不盲信大牌，但要求物业管理有序、绿化修剪及时、人防技防规范。,本地常住人口，四季生活规律，度假频次为常规年假出行。
青_2008_00606,青岛,2008,本地改善,35,女,2.4,14.1,0.4,26.4,5,1,否,B,agent,0.63,0.37,0.67,0.44,0.47,0.76,0.64,0.67,0.45,自住-改善,两室两厅,88,1646,邮政局局长秘书,三口之家(幼龄段),青岛中环品质两居，车位及空间极其拥挤,小区无地下车库且人车不分流，小孩在楼下玩耍或者推婴儿车极为不安全。,讲究超高得房率（超85%），主卧套房必须配备独立步入式衣帽间与干湿分离双卫。,在市中心核心写字楼工作，首选半小时核心通勤圈内。,倡导轻户外，周末常带家人自驾野营或山系徒步，注重生活情调与手作咖啡。,名下持有一套旧两居，置换回款 65% + 个人理财储蓄补充 + 公积金商业贷,重性价比，不盲信大牌，但要求物业管理有序、绿化修剪及时、人防技防规范。,本地常住人口，四季生活规律，度假频次为常规年假出行。
青_2008_00607,青岛,2008,北方度假投资,57,女,4.7,52.5,0.5,78.8,2,1,否,B,research,0.6,0.36,0.99,0.63,0.56,0.7,0.03,0,0.63,投资-短期,一室一厅,78,6952,上市公司退休联合创始人,三口之家(学龄段),青岛中环品质两居，车位及空间极其拥挤,小区无地下车库且人车不分流，小孩在楼下玩耍或者推婴儿车极为不安全。,要求有超大面宽南向双阳台（观景家政分离），主卧大飘窗能270度直面自然景观。,在市中心核心写字楼工作，首选半小时核心通勤圈内。,倡导轻户外，周末常带家人自驾野营或山系徒步，注重生活情调与手作咖啡。,名下持有一套旧两居，置换回款 65% + 个人理财储蓄补充 + 公积金商业贷,重性价比，不盲信大牌，但要求物业管理有序、绿化修剪及时、人防技防规范。,每年11月至次年3月到此度过漫长冬季，极其依赖周边的康养及适老化服务。
青_2008_00608,青岛,2008,山东省内异地,54,男,3.8,23.5,0.45,39.2,4,1,否,C,network,0.79,0.46,0.76,0.56,0.62,0.66,0,0.5,0.64,自住-首套,两室两厅,94,3033,国企车间技术主任,三口之家(学龄段),与父母同住，三代人拥挤在旧区小户型老房中,小区无地下车库且人车不分流，小孩在楼下玩耍或者推婴儿车极为不安全。,要求有超大面宽南向双阳台（观景家政分离），主卧大飘窗能270度直面自然景观。,在市中心核心写字楼工作，首选半小时核心通勤圈内。,爱猫狗，喜欢烹饪和插花，主打经济舒适的生活小确幸。,夫妻双方积蓄 + 双方父母出资赞助首付 + 公积金商业组合贷款,重性价比，不盲信大牌，但要求物业管理有序、绿化修剪及时、人防技防规范。,本地常住人口，四季生活规律，度假频次为常规年假出行。
青_2008_00609,青岛,2008,本地改善,46,男,2.1,16.3,0.4,30.5,4,1,否,B,agent,0.72,0.39,0.63,0.64,0.59,0.92,0.59,0.68,0.47,自住-改善,两室一厅,80,2364,区财政局科员,三口之家(学龄段),青岛中环品质两居，车位及空间极其拥挤,小区无地下车库且人车不分流，小孩在楼下玩耍或者推婴儿车极为不安全。,讲究超高得房率（超85%），主卧套房必须配备独立步入式衣帽间与干湿分离双卫。,在市中心核心写字楼工作，首选半小时核心通勤圈内。,倡导轻户外，周末常带家人自驾野营或山系徒步，注重生活情调与手作咖啡。,名下持有一套旧两居，置换回款 65% + 个人理财储蓄补充 + 公积金商业贷,重性价比，不盲信大牌，但要求物业管理有序、绿化修剪及时、人防技防规范。,本地常住人口，四季生活规律，度假频次为常规年假出行。
青_2008_00610,青岛,2008,学区刚需,35,男,1.6,12.3,0.3,30.9,4,1,是,C,agent,0.98,0.64,0.34,0.28,0.42,0.69,0.42,0.91,0.23,学区房,两室两厅,92,2657,邮政局局长秘书,三口之家(幼龄段),与父母同住，三代人拥挤在旧区小户型老房中,小区无地下车库且人车不分流，小孩在楼下玩耍或者推婴儿车极为不安全。,核心要求地块属于第一梯队名校学区，且周边500米内解决幼小衔接教育配套。,在市中心核心写字楼工作，首选半小时核心通勤圈内。,爱猫狗，喜欢烹饪和插花，主打经济舒适的生活小确幸。,名下持有一套旧两居，置换回款 65% + 个人理财储蓄补充 + 公积金商业贷,重性价比，不盲信大牌，但要求物业管理有序、绿化修剪及时、人防技防规范。,本地常住人口，四季生活规律，度假频次为常规年假出行。
青_2008_00611,青岛,2008,北方度假投资,53,男,5.6,46.8,0.5,70.3,2,0,否,B,research,0.58,0.53,0.91,0.71,0.56,0.47,0.05,0.01,0.69,度假,两室两厅,67,5779,上市公司退休联合创始人,成熟期核心家庭,青岛中环品质两居，车位及空间极其拥挤,老小区隔音差，邻里滋扰严重，且车位严重匮乏，每晚加班回来抢车位像打仗。,要求独立电梯入户，主次卧动线分明，配备独立保姆房和私密后院。,在市中心核心写字楼工作，首选半小时核心通勤圈内。,倡导轻户外，周末常带家人自驾野营或山系徒步，注重生活情调与手作咖啡。,名下持有一套旧两居，置换回款 65% + 个人理财储蓄补充 + 公积金商业贷,重性价比，不盲信大牌，但要求物业管理有序、绿化修剪及时、人防技防规范。,每年11月至次年3月到此度过漫长冬季，极其依赖周边的康养及适老化服务。
青_2008_00612,青岛,2008,山东省内异地,42,女,3.2,30.6,0.45,51.0,3,1,是,C,network,0.77,0.46,0.94,0.59,0.42,0.62,0.07,0.3,0.49,自住-首套,两室一厅,88,4237,邮政局局长秘书,三口之家(学龄段),与父母同住，三代人拥挤在旧区小户型老房中,小区无地下车库且人车不分流，小孩在楼下玩耍或者推婴儿车极为不安全。,要求有超大面宽南向双阳台（观景家政分离），主卧大飘窗能270度直面自然景观。,在市中心核心写字楼工作，首选半小时核心通勤圈内。,爱猫狗，喜欢烹饪和插花，主打经济舒适的生活小确幸。,夫妻双方积蓄 + 双方父母出资赞助首付 + 公积金商业组合贷款,重性价比，不盲信大牌，但要求物业管理有序、绿化修剪及时、人防技防规范。,本地常住人口，四季生活规律，度假频次为常规年假出行。
青_2008_00613,青岛,2008,北方度假投资,61,女,4.3,41.0,0.5,61.5,2,0,否,B,research,0.84,0.53,0.9,0.59,0.42,0.48,0,0.02,0.62,投资-长持,两室一厅,94,4902,高端海景资产收藏家,高知退休康养,青岛中环品质两居，车位及空间极其拥挤,老小区隔音差，邻里滋扰严重，且车位严重匮乏，每晚加班回来抢车位像打仗。,要求有超大面宽南向双阳台（观景家政分离），主卧大飘窗能270度直面自然景观。,在市中心核心写字楼工作，首选半小时核心通勤圈内。,倡导轻户外，周末常带家人自驾野营或山系徒步，注重生活情调与手作咖啡。,名下持有一套旧两居，置换回款 65% + 个人理财储蓄补充 + 公积金商业贷,重性价比，不盲信大牌，但要求物业管理有序、绿化修剪及时、人防技防规范。,每年11月至次年3月到此度过漫长冬季，极其依赖周边的康养及适老化服务。
青_2008_00614,青岛,2008,山东省内异地,45,女,1.0,7.8,0.45,12.9,3,1,是,C,network,0.67,0.58,0.94,0.53,0.4,0.65,0,0.42,0.5,自住-改善,两室两厅,94,817,市第二中学地理教师,三口之家(学龄段),与父母同住，三代人拥挤在旧区小户型老房中,小区无地下车库且人车不分流，小孩在楼下玩耍或者推婴儿车极为不安全。,要求有超大面宽南向双阳台（观景家政分离），主卧大飘窗能270度直面自然景观。,在市中心核心写字楼工作，首选半小时核心通勤圈内。,爱猫狗，喜欢烹饪和插花，主打经济舒适的生活小确幸。,名下持有一套旧两居，置换回款 65% + 个人理财储蓄补充 + 公积金商业贷,重性价比，不盲信大牌，但要求物业管理有序、绿化修剪及时、人防技防规范。,本地常住人口，四季生活规律，度假频次为常规年假出行。
青_2008_00615,青岛,2008,本地改善,39,男,1.4,8.9,0.4,16.6,4,2,是,B,agent,0.91,0.42,0.75,0.34,0.6,0.97,0.56,0.68,0.53,自住-改善,一室一厅,94,1261,区财政局科员,二胎黄金期中大户型,青岛中环品质两居，车位及空间极其拥挤,小区无地下车库且人车不分流，小孩在楼下玩耍或者推婴儿车极为不安全。,要求有超大面宽南向双阳台（观景家政分离），主卧大飘窗能270度直面自然景观。,在市中心核心写字楼工作，首选半小时核心通勤圈内。,倡导轻户外，周末常带家人自驾野营或山系徒步，注重生活情调与手作咖啡。,名下持有一套旧两居，置换回款 65% + 个人理财储蓄补充 + 公积金商业贷,重性价比，不盲信大牌，但要求物业管理有序、绿化修剪及时、人防技防规范。,本地常住人口，四季生活规律，度假频次为常规年假出行。
青_2008_00616,青岛,2008,北方度假投资,59,女,3.6,43.9,0.5,65.9,1,0,否,B,research,0.81,0.56,0.93,0.61,0.43,0.5,0,0.08,0.64,投资-短期,两室一厅,97,4890,上市公司退休联合创始人,高知退休康养,青岛中环品质两居，车位及空间极其拥挤,老小区隔音差，邻里滋扰严重，且车位严重匮乏，每晚加班回来抢车位像打仗。,要求有超大面宽南向双阳台（观景家政分离），主卧大飘窗能270度直面自然景观。,在市中心核心写字楼工作，首选半小时核心通勤圈内。,倡导轻户外，周末常带家人自驾野营或山系徒步，注重生活情调与手作咖啡。,名下持有一套旧两居，置换回款 65% + 个人理财储蓄补充 + 公积金商业贷,重性价比，不盲信大牌，但要求物业管理有序、绿化修剪及时、人防技防规范。,每年11月至次年3月到此度过漫长冬季，极其依赖周边的康养及适老化服务。
青_2008_00617,青岛,2008,本地改善,40,女,1.8,14.8,0.4,27.7,4,2,否,B,agent,0.5,0.44,0.89,0.36,0.43,0.91,0.54,0.62,0.6,自住-改善,两室两厅,53,2991,区财政局科员,二胎黄金期中大户型,青岛中环品质两居，车位及空间极其拥挤,小区无地下车库且人车不分流，小孩在楼下玩耍或者推婴儿车极为不安全。,要求有超大面宽南向双阳台（观景家政分离），主卧大飘窗能270度直面自然景观。,在市中心核心写字楼工作，首选半小时核心通勤圈内。,倡导轻户外，周末常带家人自驾野营或山系徒步，注重生活情调与手作咖啡。,名下持有一套旧两居，置换回款 65% + 个人理财储蓄补充 + 公积金商业贷,重性价比，不盲信大牌，但要求物业管理有序、绿化修剪及时、人防技防规范。,本地常住人口，四季生活规律，度假频次为常规年假出行。
青_2008_00618,青岛,2008,本地改善,42,女,2.2,17.6,0.4,33.0,4,1,是,B,agent,1,0.38,0.89,0.38,0.49,0.85,0.58,0.78,0.45,自住-改善,一室一厅,60,3705,市第二中学地理教师,三口之家(学龄段),青岛中环品质两居，车位及空间极其拥挤,小区无地下车库且人车不分流，小孩在楼下玩耍或者推婴儿车极为不安全。,要求有超大面宽南向双阳台（观景家政分离），主卧大飘窗能270度直面自然景观。,在市中心核心写字楼工作，首选半小时核心通勤圈内。,倡导轻户外，周末常带家人自驾野营或山系徒步，注重生活情调与手作咖啡。,名下持有一套旧两居，置换回款 65% + 个人理财储蓄补充 + 公积金商业贷,重性价比，不盲信大牌，但要求物业管理有序、绿化修剪及时、人防技防规范。,本地常住人口，四季生活规律，度假频次为常规年假出行。
青_2008_00619,青岛,2008,本地改善,43,男,1.9,13.9,0.4,26.0,5,1,否,B,agent,0.62,0.45,0.68,0.55,0.55,0.81,0.62,0.59,0.75,自住-改善,一室一厅,95,2364,市第二中学地理教师,三口之家(学龄段),青岛中环品质两居，车位及空间极其拥挤,小区无地下车库且人车不分流，小孩在楼下玩耍或者推婴儿车极为不安全。,讲究超高得房率（超85%），主卧套房必须配备独立步入式衣帽间与干湿分离双卫。,在市中心核心写字楼工作，首选半小时核心通勤圈内。,倡导轻户外，周末常带家人自驾野营或山系徒步，注重生活情调与手作咖啡。,名下持有一套旧两居，置换回款 65% + 个人理财储蓄补充 + 公积金商业贷,非仁恒、绿城、万科等金牌开发商不买，极度看重高端精装质量与顶级物业的增值口碑。,本地常住人口，四季生活规律，度假频次为常规年假出行。
青_2008_00620,青岛,2008,本地改善,39,男,1.8,16.7,0.4,31.3,5,1,否,B,agent,0.63,0.44,0.73,0.36,0.52,0.93,0.59,0.72,0.59,自住-改善,两室一厅,68,2443,区财政局科员,三口之家(学龄段),青岛中环品质两居，车位及空间极其拥挤,小区无地下车库且人车不分流，小孩在楼下玩耍或者推婴儿车极为不安全。,要求有超大面宽南向双阳台（观景家政分离），主卧大飘窗能270度直面自然景观。,在市中心核心写字楼工作，首选半小时核心通勤圈内。,倡导轻户外，周末常带家人自驾野营或山系徒步，注重生活情调与手作咖啡。,名下持有一套旧两居，置换回款 65% + 个人理财储蓄补充 + 公积金商业贷,重性价比，不盲信大牌，但要求物业管理有序、绿化修剪及时、人防技防规范。,本地常住人口，四季生活规律，度假频次为常规年假出行。
青_2008_00621,青岛,2008,本地改善,43,女,2.7,21.3,0.4,40.0,4,1,否,B,agent,0.53,0.47,0.75,0.55,0.51,0.89,0.53,0.67,0.48,自住-改善,一室一厅,70,3112,市第二中学地理教师,三口之家(学龄段),青岛中环品质两居，车位及空间极其拥挤,小区无地下车库且人车不分流，小孩在楼下玩耍或者推婴儿车极为不安全。,要求有超大面宽南向双阳台（观景家政分离），主卧大飘窗能270度直面自然景观。,在市中心核心写字楼工作，首选半小时核心通勤圈内。,倡导轻户外，周末常带家人自驾野营或山系徒步，注重生活情调与手作咖啡。,名下持有一套旧两居，置换回款 65% + 个人理财储蓄补充 + 公积金商业贷,重性价比，不盲信大牌，但要求物业管理有序、绿化修剪及时、人防技防规范。,本地常住人口，四季生活规律，度假频次为常规年假出行。
青_2008_00622,青岛,2008,本地改善,45,男,2.2,15.7,0.4,29.4,4,2,否,B,agent,0.87,0.53,0.86,0.48,0.59,0.99,0.69,0.75,0.71,自住-改善,两室一厅,54,4143,邮政局局长秘书,二胎黄金期中大户型,青岛中环品质两居，车位及空间极其拥挤,小区无地下车库且人车不分流，小孩在楼下玩耍或者推婴儿车极为不安全。,要求有超大面宽南向双阳台（观景家政分离），主卧大飘窗能270度直面自然景观。,在市中心核心写字楼工作，首选半小时核心通勤圈内。,倡导轻户外，周末常带家人自驾野营或山系徒步，注重生活情调与手作咖啡。,名下持有一套旧两居，置换回款 65% + 个人理财储蓄补充 + 公积金商业贷,非仁恒、绿城、万科等金牌开发商不买，极度看重高端精装质量与顶级物业的增值口碑。,本地常住人口，四季生活规律，度假频次为常规年假出行。
青_2008_00623,青岛,2008,本地改善,55,男,2.7,16.8,0.4,31.5,4,0,否,B,agent,0.62,0.5,0.6,0.63,0.7,0.82,0.49,0.7,0.46,自住-改善,一室一厅,58,3704,邮政局局长秘书,高知退休康养,青岛中环品质两居，车位及空间极其拥挤,老小区隔音差，邻里滋扰严重，且车位严重匮乏，每晚加班回来抢车位像打仗。,讲究超高得房率（超85%），主卧套房必须配备独立步入式衣帽间与干湿分离双卫。,在市中心核心写字楼工作，首选半小时核心通勤圈内。,倡导轻户外，周末常带家人自驾野营或山系徒步，注重生活情调与手作咖啡。,名下持有一套旧两居，置换回款 65% + 个人理财储蓄补充 + 公积金商业贷,重性价比，不盲信大牌，但要求物业管理有序、绿化修剪及时、人防技防规范。,本地常住人口，四季生活规律，度假频次为常规年假出行。
青_2008_00624,青岛,2008,本地改善,38,女,1.8,13.2,0.4,24.7,4,1,否,B,agent,0.73,0.53,0.78,0.46,0.44,0.84,0.61,0.62,0.48,自住-改善,两室两厅,64,2400,国企车间技术主任,三口之家(学龄段),青岛中环品质两居，车位及空间极其拥挤,小区无地下车库且人车不分流，小孩在楼下玩耍或者推婴儿车极为不安全。,要求有超大面宽南向双阳台（观景家政分离），主卧大飘窗能270度直面自然景观。,在市中心核心写字楼工作，首选半小时核心通勤圈内。,倡导轻户外，周末常带家人自驾野营或山系徒步，注重生活情调与手作咖啡。,名下持有一套旧两居，置换回款 65% + 个人理财储蓄补充 + 公积金商业贷,重性价比，不盲信大牌，但要求物业管理有序、绿化修剪及时、人防技防规范。,本地常住人口，四季生活规律，度假频次为常规年假出行。
青_2008_00625,青岛,2008,高端海景收藏,64,女,13.9,146.2,0.6,182.8,2,0,否,A,network,0.56,0.47,0.94,0.86,0.74,0.6,0,0.13,0.75,投资-长持,三室两厅,114,8175,知名中医药连锁投资人,高知退休康养,陆家嘴核心区江景大平层,无高端私密会所及管家式物业配套，圈层鱼龙混杂，高净值居住体验差。,要求独立电梯入户，主次卧动线分明，配备独立保姆房和私密后院。,在市中心核心写字楼工作，首选半小时核心通勤圈内。,周末常去高端商圈消费，热衷打网球和马术，重度手冲咖啡及黑胶唱片发烧友。,名下已有企业股权套现或分红现金，一次性全款付清，基本不加杠杆,非仁恒、绿城、万科等金牌开发商不买，极度看重高端精装质量与顶级物业的增值口碑。,本地常住人口，四季生活规律，度假频次为常规年假出行。
青_2008_00626,青岛,2008,学区刚需,42,女,1.5,9.5,0.3,23.8,3,0,否,C,agent,0.91,0.55,0.37,0.22,0.42,0.76,0.54,0.85,0.59,学区房,两室一厅,52,3782,国企车间技术主任,成熟期核心家庭,与父母同住，三代人拥挤在旧区小户型老房中,老小区隔音差，邻里滋扰严重，且车位严重匮乏，每晚加班回来抢车位像打仗。,讲究超高得房率（超85%），主卧套房必须配备独立步入式衣帽间与干湿分离双卫。,在市中心核心写字楼工作，首选半小时核心通勤圈内。,爱猫狗，喜欢烹饪和插花，主打经济舒适的生活小确幸。,名下持有一套旧两居，置换回款 65% + 个人理财储蓄补充 + 公积金商业贷,重性价比，不盲信大牌，但要求物业管理有序、绿化修剪及时、人防技防规范。,本地常住人口，四季生活规律，度假频次为常规年假出行。
青_2008_00627,青岛,2008,本地改善,46,女,1.9,16.9,0.4,31.7,3,2,否,B,agent,0.78,0.51,0.8,0.55,0.56,0.91,0.65,0.68,0.53,自住-改善,一室一厅,80,3331,区财政局科员,二胎黄金期中大户型,青岛中环品质两居，车位及空间极其拥挤,小区无地下车库且人车不分流，小孩在楼下玩耍或者推婴儿车极为不安全。,要求有超大面宽南向双阳台（观景家政分离），主卧大飘窗能270度直面自然景观。,在市中心核心写字楼工作，首选半小时核心通勤圈内。,倡导轻户外，周末常带家人自驾野营或山系徒步，注重生活情调与手作咖啡。,名下持有一套旧两居，置换回款 65% + 个人理财储蓄补充 + 公积金商业贷,重性价比，不盲信大牌，但要求物业管理有序、绿化修剪及时、人防技防规范。,本地常住人口，四季生活规律，度假频次为常规年假出行。
青_2008_00628,青岛,2008,山东省内异地,43,女,2.4,21.4,0.45,35.6,4,1,否,C,network,0.54,0.65,0.74,0.55,0.45,0.7,0,0.53,0.64,自住-改善,两室两厅,90,2760,国企车间技术主任,三口之家(学龄段),与父母同住，三代人拥挤在旧区小户型老房中,小区无地下车库且人车不分流，小孩在楼下玩耍或者推婴儿车极为不安全。,要求有超大面宽南向双阳台（观景家政分离），主卧大飘窗能270度直面自然景观。,在市中心核心写字楼工作，首选半小时核心通勤圈内。,爱猫狗，喜欢烹饪和插花，主打经济舒适的生活小确幸。,名下持有一套旧两居，置换回款 65% + 个人理财储蓄补充 + 公积金商业贷,重性价比，不盲信大牌，但要求物业管理有序、绿化修剪及时、人防技防规范。,本地常住人口，四季生活规律，度假频次为常规年假出行。
青_2008_00629,青岛,2008,学区刚需,43,女,2.3,15.6,0.3,38.9,4,1,否,C,agent,0.65,0.5,0.36,0.35,0.39,0.76,0.58,1,0.38,学区房,两室两厅,83,3631,国企车间技术主任,三口之家(学龄段),与父母同住，三代人拥挤在旧区小户型老房中,小区无地下车库且人车不分流，小孩在楼下玩耍或者推婴儿车极为不安全。,讲究超高得房率（超85%），主卧套房必须配备独立步入式衣帽间与干湿分离双卫。,在市中心核心写字楼工作，首选半小时核心通勤圈内。,爱猫狗，喜欢烹饪和插花，主打经济舒适的生活小确幸。,名下持有一套旧两居，置换回款 65% + 个人理财储蓄补充 + 公积金商业贷,重性价比，不盲信大牌，但要求物业管理有序、绿化修剪及时、人防技防规范。,本地常住人口，四季生活规律，度假频次为常规年假出行。
青_2008_00630,青岛,2008,山东省内异地,52,女,2.3,20.4,0.45,34.1,3,1,是,C,network,0.65,0.51,1,0.54,0.46,0.69,0,0.42,0.58,自住-首套,两室两厅,61,2809,市第二中学地理教师,三口之家(学龄段),与父母同住，三代人拥挤在旧区小户型老房中,小区无地下车库且人车不分流，小孩在楼下玩耍或者推婴儿车极为不安全。,要求有超大面宽南向双阳台（观景家政分离），主卧大飘窗能270度直面自然景观。,在市中心核心写字楼工作，首选半小时核心通勤圈内。,爱猫狗，喜欢烹饪和插花，主打经济舒适的生活小确幸。,夫妻双方积蓄 + 双方父母出资赞助首付 + 公积金商业组合贷款,重性价比，不盲信大牌，但要求物业管理有序、绿化修剪及时、人防技防规范。,本地常住人口，四季生活规律，度假频次为常规年假出行。
青_2008_00631,青岛,2008,高端海景收藏,56,女,17.7,149.3,0.6,186.6,2,0,否,A,network,0.64,0.52,0.94,0.87,0.68,0.45,0,0.02,0.84,度假,两室两厅,99,14880,上市公司退休联合创始人,高知退休康养,市中心私密洋房住宅,无高端私密会所及管家式物业配套，圈层鱼龙混杂，高净值居住体验差。,要求独立电梯入户，主次卧动线分明，配备独立保姆房和私密后院。,在市中心核心写字楼工作，首选半小时核心通勤圈内。,周末常去高端商圈消费，热衷打网球和马术，重度手冲咖啡及黑胶唱片发烧友。,名下已有企业股权套现或分红现金，一次性全款付清，基本不加杠杆,非仁恒、绿城、万科等金牌开发商不买，极度看重高端精装质量与顶级物业的增值口碑。,本地常住人口，四季生活规律，度假频次为常规年假出行。
青_2008_00632,青岛,2008,本地改善,51,男,3.8,27.1,0.4,50.9,2,2,否,B,agent,0.92,0.57,0.57,0.42,0.56,0.69,0.53,0.79,0.56,自住-改善,两室两厅,50,6331,区财政局科员,二胎黄金期中大户型,青岛中环品质两居，车位及空间极其拥挤,小区无地下车库且人车不分流，小孩在楼下玩耍或者推婴儿车极为不安全。,核心要求地块属于第一梯队名校学区，且周边500米内解决幼小衔接教育配套。,在市中心核心写字楼工作，首选半小时核心通勤圈内。,倡导轻户外，周末常带家人自驾野营或山系徒步，注重生活情调与手作咖啡。,名下持有一套旧两居，置换回款 65% + 个人理财储蓄补充 + 公积金商业贷,重性价比，不盲信大牌，但要求物业管理有序、绿化修剪及时、人防技防规范。,本地常住人口，四季生活规律，度假频次为常规年假出行。
青_2008_00633,青岛,2008,本地改善,36,男,1.9,13.1,0.4,24.6,5,0,否,B,agent,0.81,0.49,0.69,0.54,0.4,0.76,0.55,0.75,0.63,自住-改善,两室一厅,78,2113,邮政局局长秘书,成熟期核心家庭,青岛中环品质两居，车位及空间极其拥挤,老小区隔音差，邻里滋扰严重，且车位严重匮乏，每晚加班回来抢车位像打仗。,讲究超高得房率（超85%），主卧套房必须配备独立步入式衣帽间与干湿分离双卫。,在市中心核心写字楼工作，首选半小时核心通勤圈内。,倡导轻户外，周末常带家人自驾野营或山系徒步，注重生活情调与手作咖啡。,名下持有一套旧两居，置换回款 65% + 个人理财储蓄补充 + 公积金商业贷,重性价比，不盲信大牌，但要求物业管理有序、绿化修剪及时、人防技防规范。,本地常住人口，四季生活规律，度假频次为常规年假出行。
青_2008_00634,青岛,2008,山东省内异地,43,女,2.6,22.1,0.45,36.9,3,1,否,C,network,0.76,0.56,0.85,0.68,0.51,0.6,0,0.22,0.59,自住-改善,两室一厅,67,3286,区财政局科员,三口之家(学龄段),与父母同住，三代人拥挤在旧区小户型老房中,小区无地下车库且人车不分流，小孩在楼下玩耍或者推婴儿车极为不安全。,要求有超大面宽南向双阳台（观景家政分离），主卧大飘窗能270度直面自然景观。,在市中心核心写字楼工作，首选半小时核心通勤圈内。,爱猫狗，喜欢烹饪和插花，主打经济舒适的生活小确幸。,名下持有一套旧两居，置换回款 65% + 个人理财储蓄补充 + 公积金商业贷,重性价比，不盲信大牌，但要求物业管理有序、绿化修剪及时、人防技防规范。,本地常住人口，四季生活规律，度假频次为常规年假出行。
青_2008_00635,青岛,2008,本地改善,46,女,2.8,24.7,0.4,46.3,4,1,否,B,agent,0.76,0.54,0.64,0.43,0.56,0.85,0.52,0.74,0.46,自住-改善,一室一厅,53,5834,邮政局局长秘书,三口之家(学龄段),青岛中环品质两居，车位及空间极其拥挤,小区无地下车库且人车不分流，小孩在楼下玩耍或者推婴儿车极为不安全。,讲究超高得房率（超85%），主卧套房必须配备独立步入式衣帽间与干湿分离双卫。,在市中心核心写字楼工作，首选半小时核心通勤圈内。,倡导轻户外，周末常带家人自驾野营或山系徒步，注重生活情调与手作咖啡。,名下持有一套旧两居，置换回款 65% + 个人理财储蓄补充 + 公积金商业贷,重性价比，不盲信大牌，但要求物业管理有序、绿化修剪及时、人防技防规范。,本地常住人口，四季生活规律，度假频次为常规年假出行。
青_2008_00636,青岛,2008,本地改善,49,女,1.2,9.7,0.4,18.2,3,1,否,B,agent,0.71,0.59,0.69,0.58,0.41,0.93,0.6,0.77,0.62,自住-改善,两室两厅,64,1526,国企车间技术主任,三口之家(学龄段),青岛中环品质两居，车位及空间极其拥挤,小区无地下车库且人车不分流，小孩在楼下玩耍或者推婴儿车极为不安全。,讲究超高得房率（超85%），主卧套房必须配备独立步入式衣帽间与干湿分离双卫。,在市中心核心写字楼工作，首选半小时核心通勤圈内。,倡导轻户外，周末常带家人自驾野营或山系徒步，注重生活情调与手作咖啡。,名下持有一套旧两居，置换回款 65% + 个人理财储蓄补充 + 公积金商业贷,重性价比，不盲信大牌，但要求物业管理有序、绿化修剪及时、人防技防规范。,本地常住人口，四季生活规律，度假频次为常规年假出行。
青_2008_00637,青岛,2008,本地改善,46,女,2.9,19.3,0.4,36.2,5,0,是,B,agent,0.79,0.46,0.58,0.64,0.44,0.82,0.61,0.75,0.6,自住-改善,一室一厅,65,3301,市第二中学地理教师,成熟期核心家庭,青岛中环品质两居，车位及空间极其拥挤,当前房屋属于旧多层无电梯房，父母年纪渐高每天爬楼梯极为吃力。,讲究超高得房率（超85%），主卧套房必须配备独立步入式衣帽间与干湿分离双卫。,在市中心核心写字楼工作，首选半小时核心通勤圈内。,倡导轻户外，周末常带家人自驾野营或山系徒步，注重生活情调与手作咖啡。,名下持有一套旧两居，置换回款 65% + 个人理财储蓄补充 + 公积金商业贷,重性价比，不盲信大牌，但要求物业管理有序、绿化修剪及时、人防技防规范。,本地常住人口，四季生活规律，度假频次为常规年假出行。
青_2008_00638,青岛,2008,学区刚需,34,女,1.5,7.4,0.3,18.4,3,1,否,C,agent,0.97,0.63,0.24,0.19,0.33,0.76,0.42,0.84,0.66,学区房,一室一厅,93,1571,区财政局科员,三口之家(幼龄段),与父母同住，三代人拥挤在旧区小户型老房中,小区无地下车库且人车不分流，小孩在楼下玩耍或者推婴儿车极为不安全。,讲究超高得房率（超85%），主卧套房必须配备独立步入式衣帽间与干湿分离双卫。,在市中心核心写字楼工作，首选半小时核心通勤圈内。,爱猫狗，喜欢烹饪和插花，主打经济舒适的生活小确幸。,名下持有一套旧两居，置换回款 65% + 个人理财储蓄补充 + 公积金商业贷,重性价比，不盲信大牌，但要求物业管理有序、绿化修剪及时、人防技防规范。,本地常住人口，四季生活规律，度假频次为常规年假出行。
青_2008_00639,青岛,2008,本地改善,38,男,3.8,29.3,0.4,55.0,5,2,否,B,agent,0.66,0.54,0.78,0.55,0.45,0.98,0.59,0.68,0.46,自住-改善,两室两厅,78,5543,国企车间技术主任,二胎黄金期中大户型,青岛中环品质两居，车位及空间极其拥挤,小区无地下车库且人车不分流，小孩在楼下玩耍或者推婴儿车极为不安全。,要求有超大面宽南向双阳台（观景家政分离），主卧大飘窗能270度直面自然景观。,在市中心核心写字楼工作，首选半小时核心通勤圈内。,倡导轻户外，周末常带家人自驾野营或山系徒步，注重生活情调与手作咖啡。,名下持有一套旧两居，置换回款 65% + 个人理财储蓄补充 + 公积金商业贷,重性价比，不盲信大牌，但要求物业管理有序、绿化修剪及时、人防技防规范。,本地常住人口，四季生活规律，度假频次为常规年假出行。
青_2008_00640,青岛,2008,本地改善,52,男,2.6,20.3,0.4,38.0,6,1,否,B,agent,0.65,0.54,0.78,0.47,0.5,0.82,0.53,0.8,0.6,自住-改善,两室一厅,64,3988,区财政局科员,三口之家(学龄段),青岛中环品质两居，车位及空间极其拥挤,小区无地下车库且人车不分流，小孩在楼下玩耍或者推婴儿车极为不安全。,要求有超大面宽南向双阳台（观景家政分离），主卧大飘窗能270度直面自然景观。,在市中心核心写字楼工作，首选半小时核心通勤圈内。,倡导轻户外，周末常带家人自驾野营或山系徒步，注重生活情调与手作咖啡。,名下持有一套旧两居，置换回款 65% + 个人理财储蓄补充 + 公积金商业贷,重性价比，不盲信大牌，但要求物业管理有序、绿化修剪及时、人防技防规范。,本地常住人口，四季生活规律，度假频次为常规年假出行。
青_2008_00641,青岛,2008,本地改善,47,男,3.0,26.7,0.4,50.1,4,1,是,B,agent,0.66,0.58,0.62,0.48,0.4,0.82,0.66,0.6,0.42,自住-改善,两室一厅,86,3277,区财政局科员,三口之家(学龄段),青岛中环品质两居，车位及空间极其拥挤,小区无地下车库且人车不分流，小孩在楼下玩耍或者推婴儿车极为不安全。,讲究超高得房率（超85%），主卧套房必须配备独立步入式衣帽间与干湿分离双卫。,在市中心核心写字楼工作，首选半小时核心通勤圈内。,倡导轻户外，周末常带家人自驾野营或山系徒步，注重生活情调与手作咖啡。,名下持有一套旧两居，置换回款 65% + 个人理财储蓄补充 + 公积金商业贷,重性价比，不盲信大牌，但要求物业管理有序、绿化修剪及时、人防技防规范。,本地常住人口，四季生活规律，度假频次为常规年假出行。
青_2008_00642,青岛,2008,本地改善,47,女,1.8,11.5,0.4,21.6,4,1,否,B,agent,0.62,0.59,0.78,0.56,0.43,0.87,0.51,0.81,0.5,自住-改善,两室两厅,81,1581,国企车间技术主任,三口之家(学龄段),青岛中环品质两居，车位及空间极其拥挤,小区无地下车库且人车不分流，小孩在楼下玩耍或者推婴儿车极为不安全。,要求有超大面宽南向双阳台（观景家政分离），主卧大飘窗能270度直面自然景观。,在市中心核心写字楼工作，首选半小时核心通勤圈内。,倡导轻户外，周末常带家人自驾野营或山系徒步，注重生活情调与手作咖啡。,名下持有一套旧两居，置换回款 65% + 个人理财储蓄补充 + 公积金商业贷,重性价比，不盲信大牌，但要求物业管理有序、绿化修剪及时、人防技防规范。,本地常住人口，四季生活规律，度假频次为常规年假出行。
青_2008_00643,青岛,2008,山东省内异地,58,女,1.8,16.7,0.45,27.9,3,1,否,C,network,0.62,0.44,0.87,0.61,0.47,0.7,0.09,0.46,0.61,自住-改善,两室一厅,96,1620,市第二中学地理教师,三口之家(学龄段),与父母同住，三代人拥挤在旧区小户型老房中,小区无地下车库且人车不分流，小孩在楼下玩耍或者推婴儿车极为不安全。,要求有超大面宽南向双阳台（观景家政分离），主卧大飘窗能270度直面自然景观。,在市中心核心写字楼工作，首选半小时核心通勤圈内。,爱猫狗，喜欢烹饪和插花，主打经济舒适的生活小确幸。,名下持有一套旧两居，置换回款 65% + 个人理财储蓄补充 + 公积金商业贷,重性价比，不盲信大牌，但要求物业管理有序、绿化修剪及时、人防技防规范。,本地常住人口，四季生活规律，度假频次为常规年假出行。
青_2008_00644,青岛,2008,学区刚需,33,男,1.4,6.5,0.3,16.3,3,1,否,C,agent,0.58,0.69,0.35,0.29,0.38,0.69,0.36,1,0.35,学区房,两室两厅,86,969,邮政局局长秘书,三口之家(幼龄段),与父母同住，三代人拥挤在旧区小户型老房中,小区无地下车库且人车不分流，小孩在楼下玩耍或者推婴儿车极为不安全。,核心要求地块属于第一梯队名校学区，且周边500米内解决幼小衔接教育配套。,在市中心核心写字楼工作，首选半小时核心通勤圈内。,爱猫狗，喜欢烹饪和插花，主打经济舒适的生活小确幸。,名下持有一套旧两居，置换回款 65% + 个人理财储蓄补充 + 公积金商业贷,重性价比，不盲信大牌，但要求物业管理有序、绿化修剪及时、人防技防规范。,本地常住人口，四季生活规律，度假频次为常规年假出行。
青_2008_00645,青岛,2008,山东省内异地,53,男,4.1,25.5,0.45,42.5,2,1,是,C,network,0.75,0.61,0.84,0.55,0.48,0.71,0.08,0.43,0.42,自住-改善,一室一厅,85,3387,区财政局科员,三口之家(学龄段),与父母同住，三代人拥挤在旧区小户型老房中,小区无地下车库且人车不分流，小孩在楼下玩耍或者推婴儿车极为不安全。,要求有超大面宽南向双阳台（观景家政分离），主卧大飘窗能270度直面自然景观。,在市中心核心写字楼工作，首选半小时核心通勤圈内。,爱猫狗，喜欢烹饪和插花，主打经济舒适的生活小确幸。,名下持有一套旧两居，置换回款 65% + 个人理财储蓄补充 + 公积金商业贷,重性价比，不盲信大牌，但要求物业管理有序、绿化修剪及时、人防技防规范。,本地常住人口，四季生活规律，度假频次为常规年假出行。
青_2008_00646,青岛,2008,本地改善,41,女,2.5,17.5,0.4,32.7,4,1,是,B,agent,0.92,0.62,0.88,0.62,0.56,0.95,0.6,0.75,0.55,自住-改善,两室两厅,71,3314,区财政局科员,三口之家(学龄段),青岛中环品质两居，车位及空间极其拥挤,小区无地下车库且人车不分流，小孩在楼下玩耍或者推婴儿车极为不安全。,要求有超大面宽南向双阳台（观景家政分离），主卧大飘窗能270度直面自然景观。,在市中心核心写字楼工作，首选半小时核心通勤圈内。,倡导轻户外，周末常带家人自驾野营或山系徒步，注重生活情调与手作咖啡。,名下持有一套旧两居，置换回款 65% + 个人理财储蓄补充 + 公积金商业贷,重性价比，不盲信大牌，但要求物业管理有序、绿化修剪及时、人防技防规范。,本地常住人口，四季生活规律，度假频次为常规年假出行。
青_2008_00647,青岛,2008,本地改善,50,男,2.8,25.6,0.4,48.0,4,1,否,B,agent,0.53,0.56,0.61,0.61,0.42,0.91,0.58,0.5,0.5,自住-改善,一室一厅,93,4305,国企车间技术主任,三口之家(学龄段),青岛中环品质两居，车位及空间极其拥挤,小区无地下车库且人车不分流，小孩在楼下玩耍或者推婴儿车极为不安全。,讲究超高得房率（超85%），主卧套房必须配备独立步入式衣帽间与干湿分离双卫。,在市中心核心写字楼工作，首选半小时核心通勤圈内。,倡导轻户外，周末常带家人自驾野营或山系徒步，注重生活情调与手作咖啡。,名下持有一套旧两居，置换回款 65% + 个人理财储蓄补充 + 公积金商业贷,重性价比，不盲信大牌，但要求物业管理有序、绿化修剪及时、人防技防规范。,本地常住人口，四季生活规律，度假频次为常规年假出行。
青_2008_00648,青岛,2008,本地改善,40,男,2.3,21.5,0.4,40.3,4,1,是,B,agent,0.87,0.49,0.81,0.74,0.55,0.87,0.64,0.75,0.55,自住-改善,两室两厅,88,3913,国企车间技术主任,三口之家(学龄段),青岛中环品质两居，车位及空间极其拥挤,小区无地下车库且人车不分流，小孩在楼下玩耍或者推婴儿车极为不安全。,要求独立电梯入户，主次卧动线分明，配备独立保姆房和私密后院。,在市中心核心写字楼工作，首选半小时核心通勤圈内。,倡导轻户外，周末常带家人自驾野营或山系徒步，注重生活情调与手作咖啡。,名下持有一套旧两居，置换回款 65% + 个人理财储蓄补充 + 公积金商业贷,重性价比，不盲信大牌，但要求物业管理有序、绿化修剪及时、人防技防规范。,本地常住人口，四季生活规律，度假频次为常规年假出行。
青_2008_00649,青岛,2008,学区刚需,32,女,2.0,15.4,0.3,38.4,3,1,否,C,agent,1,0.56,0.54,0.24,0.28,0.84,0.44,0.85,0.51,学区房,两室一厅,64,5176,国企车间技术主任,三口之家(幼龄段),与父母同住，三代人拥挤在旧区小户型老房中,小区无地下车库且人车不分流，小孩在楼下玩耍或者推婴儿车极为不安全。,讲究超高得房率（超85%），主卧套房必须配备独立步入式衣帽间与干湿分离双卫。,在市中心核心写字楼工作，首选半小时核心通勤圈内。,爱猫狗，喜欢烹饪和插花，主打经济舒适的生活小确幸。,名下持有一套旧两居，置换回款 65% + 个人理财储蓄补充 + 公积金商业贷,重性价比，不盲信大牌，但要求物业管理有序、绿化修剪及时、人防技防规范。,本地常住人口，四季生活规律，度假频次为常规年假出行。
青_2008_00650,青岛,2008,本地改善,51,男,1.9,12.1,0.4,22.7,4,1,否,B,agent,0.69,0.43,0.62,0.4,0.57,0.94,0.68,0.7,0.45,自住-改善,两室两厅,66,2624,市第二中学地理教师,三口之家(学龄段),青岛中环品质两居，车位及空间极其拥挤,小区无地下车库且人车不分流，小孩在楼下玩耍或者推婴儿车极为不安全。,讲究超高得房率（超85%），主卧套房必须配备独立步入式衣帽间与干湿分离双卫。,在市中心核心写字楼工作，首选半小时核心通勤圈内。,倡导轻户外，周末常带家人自驾野营或山系徒步，注重生活情调与手作咖啡。,名下持有一套旧两居，置换回款 65% + 个人理财储蓄补充 + 公积金商业贷,重性价比，不盲信大牌，但要求物业管理有序、绿化修剪及时、人防技防规范。,本地常住人口，四季生活规律，度假频次为常规年假出行。
青_2008_00651,青岛,2008,本地改善,51,女,1.4,10.8,0.4,20.2,4,1,否,B,agent,0.76,0.45,0.9,0.36,0.6,0.78,0.61,0.7,0.5,自住-改善,两室一厅,76,1777,市第二中学地理教师,三口之家(学龄段),青岛中环品质两居，车位及空间极其拥挤,小区无地下车库且人车不分流，小孩在楼下玩耍或者推婴儿车极为不安全。,要求有超大面宽南向双阳台（观景家政分离），主卧大飘窗能270度直面自然景观。,在市中心核心写字楼工作，首选半小时核心通勤圈内。,倡导轻户外，周末常带家人自驾野营或山系徒步，注重生活情调与手作咖啡。,名下持有一套旧两居，置换回款 65% + 个人理财储蓄补充 + 公积金商业贷,重性价比，不盲信大牌，但要求物业管理有序、绿化修剪及时、人防技防规范。,本地常住人口，四季生活规律，度假频次为常规年假出行。
青_2008_00652,青岛,2008,本地改善,50,女,2.9,26.6,0.4,50.0,4,1,否,B,agent,0.81,0.39,0.81,0.45,0.52,0.81,0.74,0.62,0.54,自住-改善,两室两厅,70,5521,国企车间技术主任,三口之家(学龄段),青岛中环品质两居，车位及空间极其拥挤,小区无地下车库且人车不分流，小孩在楼下玩耍或者推婴儿车极为不安全。,要求有超大面宽南向双阳台（观景家政分离），主卧大飘窗能270度直面自然景观。,在市中心核心写字楼工作，首选半小时核心通勤圈内。,倡导轻户外，周末常带家人自驾野营或山系徒步，注重生活情调与手作咖啡。,名下持有一套旧两居，置换回款 65% + 个人理财储蓄补充 + 公积金商业贷,重性价比，不盲信大牌，但要求物业管理有序、绿化修剪及时、人防技防规范。,本地常住人口，四季生活规律，度假频次为常规年假出行。
青_2008_00653,青岛,2008,学区刚需,32,男,1.4,7.8,0.3,19.5,3,1,否,C,agent,0.85,0.57,0.47,0.25,0.34,0.81,0.6,1,0.47,学区房,一室一厅,62,2619,区财政局科员,三口之家(幼龄段),与父母同住，三代人拥挤在旧区小户型老房中,小区无地下车库且人车不分流，小孩在楼下玩耍或者推婴儿车极为不安全。,讲究超高得房率（超85%），主卧套房必须配备独立步入式衣帽间与干湿分离双卫。,在市中心核心写字楼工作，首选半小时核心通勤圈内。,爱猫狗，喜欢烹饪和插花，主打经济舒适的生活小确幸。,名下持有一套旧两居，置换回款 65% + 个人理财储蓄补充 + 公积金商业贷,重性价比，不盲信大牌，但要求物业管理有序、绿化修剪及时、人防技防规范。,本地常住人口，四季生活规律，度假频次为常规年假出行。
青_2008_00654,青岛,2008,本地改善,48,男,1.5,10.1,0.4,18.9,4,1,是,B,agent,0.77,0.42,0.77,0.36,0.45,0.78,0.64,0.68,0.71,自住-改善,两室一厅,98,1171,市第二中学地理教师,三口之家(学龄段),青岛中环品质两居，车位及空间极其拥挤,小区无地下车库且人车不分流，小孩在楼下玩耍或者推婴儿车极为不安全。,要求有超大面宽南向双阳台（观景家政分离），主卧大飘窗能270度直面自然景观。,在市中心核心写字楼工作，首选半小时核心通勤圈内。,倡导轻户外，周末常带家人自驾野营或山系徒步，注重生活情调与手作咖啡。,名下持有一套旧两居，置换回款 65% + 个人理财储蓄补充 + 公积金商业贷,非仁恒、绿城、万科等金牌开发商不买，极度看重高端精装质量与顶级物业的增值口碑。,本地常住人口，四季生活规律，度假频次为常规年假出行。
青_2008_00655,青岛,2008,学区刚需,42,男,1.3,10.0,0.3,24.9,3,1,否,C,agent,1,0.39,0.39,0.17,0.45,0.72,0.64,0.95,0.3,学区房,两室一厅,73,2709,区财政局科员,三口之家(学龄段),与父母同住，三代人拥挤在旧区小户型老房中,小区无地下车库且人车不分流，小孩在楼下玩耍或者推婴儿车极为不安全。,讲究超高得房率（超85%），主卧套房必须配备独立步入式衣帽间与干湿分离双卫。,在市中心核心写字楼工作，首选半小时核心通勤圈内。,爱猫狗，喜欢烹饪和插花，主打经济舒适的生活小确幸。,名下持有一套旧两居，置换回款 65% + 个人理财储蓄补充 + 公积金商业贷,重性价比，不盲信大牌，但要求物业管理有序、绿化修剪及时、人防技防规范。,本地常住人口，四季生活规律，度假频次为常规年假出行。
青_2008_00656,青岛,2008,本地改善,54,男,2.1,20.7,0.4,38.7,3,1,否,B,agent,0.76,0.53,0.68,0.43,0.51,0.71,0.68,0.6,0.52,自住-改善,一室一厅,83,3999,市第二中学地理教师,三口之家(学龄段),青岛中环品质两居，车位及空间极其拥挤,小区无地下车库且人车不分流，小孩在楼下玩耍或者推婴儿车极为不安全。,讲究超高得房率（超85%），主卧套房必须配备独立步入式衣帽间与干湿分离双卫。,在市中心核心写字楼工作，首选半小时核心通勤圈内。,倡导轻户外，周末常带家人自驾野营或山系徒步，注重生活情调与手作咖啡。,名下持有一套旧两居，置换回款 65% + 个人理财储蓄补充 + 公积金商业贷,重性价比，不盲信大牌，但要求物业管理有序、绿化修剪及时、人防技防规范。,本地常住人口，四季生活规律，度假频次为常规年假出行。
青_2008_00657,青岛,2008,山东省内异地,52,女,2.2,12.7,0.45,21.1,3,1,是,C,network,0.6,0.43,0.86,0.61,0.39,0.64,0.1,0.47,0.53,自住-首套,一室一厅,81,1604,区财政局科员,三口之家(学龄段),与父母同住，三代人拥挤在旧区小户型老房中,小区无地下车库且人车不分流，小孩在楼下玩耍或者推婴儿车极为不安全。,要求有超大面宽南向双阳台（观景家政分离），主卧大飘窗能270度直面自然景观。,在市中心核心写字楼工作，首选半小时核心通勤圈内。,爱猫狗，喜欢烹饪和插花，主打经济舒适的生活小确幸。,夫妻双方积蓄 + 双方父母出资赞助首付 + 公积金商业组合贷款,重性价比，不盲信大牌，但要求物业管理有序、绿化修剪及时、人防技防规范。,本地常住人口，四季生活规律，度假频次为常规年假出行。
青_2008_00658,青岛,2008,山东省内异地,48,男,3.9,26.7,0.45,44.5,3,2,否,C,network,0.69,0.51,0.88,0.6,0.48,0.71,0.1,0.15,0.63,自住-首套,两室一厅,83,3729,区财政局科员,二胎黄金期中大户型,与父母同住，三代人拥挤在旧区小户型老房中,小区无地下车库且人车不分流，小孩在楼下玩耍或者推婴儿车极为不安全。,要求有超大面宽南向双阳台（观景家政分离），主卧大飘窗能270度直面自然景观。,在市中心核心写字楼工作，首选半小时核心通勤圈内。,爱猫狗，喜欢烹饪和插花，主打经济舒适的生活小确幸。,夫妻双方积蓄 + 双方父母出资赞助首付 + 公积金商业组合贷款,重性价比，不盲信大牌，但要求物业管理有序、绿化修剪及时、人防技防规范。,本地常住人口，四季生活规律，度假频次为常规年假出行。
青_2008_00659,青岛,2008,本地改善,54,男,1.4,9.7,0.4,18.1,4,2,否,B,agent,0.72,0.58,0.83,0.64,0.4,0.85,0.56,0.78,0.51,自住-改善,一室一厅,76,1231,国企车间技术主任,二胎黄金期中大户型,青岛中环品质两居，车位及空间极其拥挤,小区无地下车库且人车不分流，小孩在楼下玩耍或者推婴儿车极为不安全。,要求有超大面宽南向双阳台（观景家政分离），主卧大飘窗能270度直面自然景观。,在市中心核心写字楼工作，首选半小时核心通勤圈内。,倡导轻户外，周末常带家人自驾野营或山系徒步，注重生活情调与手作咖啡。,名下持有一套旧两居，置换回款 65% + 个人理财储蓄补充 + 公积金商业贷,重性价比，不盲信大牌，但要求物业管理有序、绿化修剪及时、人防技防规范。,本地常住人口，四季生活规律，度假频次为常规年假出行。
青_2008_00660,青岛,2008,山东省内异地,59,男,3.2,28.5,0.45,47.6,3,2,否,C,network,0.75,0.61,0.85,0.44,0.48,0.81,0.05,0.39,0.6,自住-改善,一室一厅,94,3302,邮政局局长秘书,二胎黄金期中大户型,与父母同住，三代人拥挤在旧区小户型老房中,小区无地下车库且人车不分流，小孩在楼下玩耍或者推婴儿车极为不安全。,要求有超大面宽南向双阳台（观景家政分离），主卧大飘窗能270度直面自然景观。,在市中心核心写字楼工作，首选半小时核心通勤圈内。,爱猫狗，喜欢烹饪和插花，主打经济舒适的生活小确幸。,名下持有一套旧两居，置换回款 65% + 个人理财储蓄补充 + 公积金商业贷,重性价比，不盲信大牌，但要求物业管理有序、绿化修剪及时、人防技防规范。,本地常住人口，四季生活规律，度假频次为常规年假出行。
青_2008_00661,青岛,2008,北方度假投资,64,男,1.0,7.4,0.5,11.0,1,0,否,B,research,0.6,0.51,0.83,0.62,0.51,0.55,0.09,0.19,0.82,投资-长持,两室两厅,72,1178,上市公司退休联合创始人,高知退休康养,青岛中环品质两居，车位及空间极其拥挤,老小区隔音差，邻里滋扰严重，且车位严重匮乏，每晚加班回来抢车位像打仗。,要求有超大面宽南向双阳台（观景家政分离），主卧大飘窗能270度直面自然景观。,在市中心核心写字楼工作，首选半小时核心通勤圈内。,倡导轻户外，周末常带家人自驾野营或山系徒步，注重生活情调与手作咖啡。,名下持有一套旧两居，置换回款 65% + 个人理财储蓄补充 + 公积金商业贷,非仁恒、绿城、万科等金牌开发商不买，极度看重高端精装质量与顶级物业的增值口碑。,每年11月至次年3月到此度过漫长冬季，极其依赖周边的康养及适老化服务。
青_2008_00662,青岛,2008,本地改善,41,女,2.2,22.5,0.4,42.2,5,1,否,B,agent,0.62,0.62,0.84,0.57,0.56,0.79,0.81,0.73,0.45,自住-改善,一室一厅,57,5347,市第二中学地理教师,三口之家(学龄段),青岛中环品质两居，车位及空间极其拥挤,小区无地下车库且人车不分流，小孩在楼下玩耍或者推婴儿车极为不安全。,要求有超大面宽南向双阳台（观景家政分离），主卧大飘窗能270度直面自然景观。,在市中心核心写字楼工作，首选半小时核心通勤圈内。,倡导轻户外，周末常带家人自驾野营或山系徒步，注重生活情调与手作咖啡。,名下持有一套旧两居，置换回款 65% + 个人理财储蓄补充 + 公积金商业贷,重性价比，不盲信大牌，但要求物业管理有序、绿化修剪及时、人防技防规范。,本地常住人口，四季生活规律，度假频次为常规年假出行。
青_2008_00663,青岛,2008,本地改善,36,男,2.8,28.2,0.4,52.9,4,1,否,B,agent,0.7,0.45,0.88,0.55,0.49,0.84,0.4,0.56,0.52,自住-改善,两室一厅,53,7846,市第二中学地理教师,三口之家(幼龄段),青岛中环品质两居，车位及空间极其拥挤,小区无地下车库且人车不分流，小孩在楼下玩耍或者推婴儿车极为不安全。,要求有超大面宽南向双阳台（观景家政分离），主卧大飘窗能270度直面自然景观。,在市中心核心写字楼工作，首选半小时核心通勤圈内。,倡导轻户外，周末常带家人自驾野营或山系徒步，注重生活情调与手作咖啡。,名下持有一套旧两居，置换回款 65% + 个人理财储蓄补充 + 公积金商业贷,重性价比，不盲信大牌，但要求物业管理有序、绿化修剪及时、人防技防规范。,本地常住人口，四季生活规律，度假频次为常规年假出行。
青_2008_00664,青岛,2008,本地改善,42,女,2.0,19.3,0.4,36.2,4,2,否,B,agent,0.92,0.39,0.74,0.55,0.48,0.81,0.61,0.73,0.49,自住-改善,一室一厅,70,4367,国企车间技术主任,二胎黄金期中大户型,青岛中环品质两居，车位及空间极其拥挤,小区无地下车库且人车不分流，小孩在楼下玩耍或者推婴儿车极为不安全。,要求有超大面宽南向双阳台（观景家政分离），主卧大飘窗能270度直面自然景观。,在市中心核心写字楼工作，首选半小时核心通勤圈内。,倡导轻户外，周末常带家人自驾野营或山系徒步，注重生活情调与手作咖啡。,名下持有一套旧两居，置换回款 65% + 个人理财储蓄补充 + 公积金商业贷,重性价比，不盲信大牌，但要求物业管理有序、绿化修剪及时、人防技防规范。,本地常住人口，四季生活规律，度假频次为常规年假出行。
青_2008_00665,青岛,2008,本地改善,36,男,1.7,14.8,0.4,27.8,5,0,是,B,agent,0.84,0.48,0.6,0.45,0.53,1,0.55,0.64,0.46,自住-改善,一室一厅,61,3142,邮政局局长秘书,成熟期核心家庭,青岛中环品质两居，车位及空间极其拥挤,当前房屋属于旧多层无电梯房，父母年纪渐高每天爬楼梯极为吃力。,讲究超高得房率（超85%），主卧套房必须配备独立步入式衣帽间与干湿分离双卫。,在市中心核心写字楼工作，首选半小时核心通勤圈内。,倡导轻户外，周末常带家人自驾野营或山系徒步，注重生活情调与手作咖啡。,名下持有一套旧两居，置换回款 65% + 个人理财储蓄补充 + 公积金商业贷,重性价比，不盲信大牌，但要求物业管理有序、绿化修剪及时、人防技防规范。,本地常住人口，四季生活规律，度假频次为常规年假出行。
青_2008_00666,青岛,2008,山东省内异地,54,女,4.0,35.6,0.45,59.3,3,1,否,C,network,0.49,0.49,0.85,0.52,0.52,0.66,0,0.42,0.54,自住-改善,一室一厅,70,5833,邮政局局长秘书,三口之家(学龄段),与父母同住，三代人拥挤在旧区小户型老房中,小区无地下车库且人车不分流，小孩在楼下玩耍或者推婴儿车极为不安全。,要求有超大面宽南向双阳台（观景家政分离），主卧大飘窗能270度直面自然景观。,在市中心核心写字楼工作，首选半小时核心通勤圈内。,爱猫狗，喜欢烹饪和插花，主打经济舒适的生活小确幸。,名下持有一套旧两居，置换回款 65% + 个人理财储蓄补充 + 公积金商业贷,重性价比，不盲信大牌，但要求物业管理有序、绿化修剪及时、人防技防规范。,本地常住人口，四季生活规律，度假频次为常规年假出行。
青_2008_00667,青岛,2008,山东省内异地,40,男,1.1,7.7,0.45,12.9,2,1,否,C,network,0.66,0.41,0.87,0.61,0.52,0.65,0,0.43,0.57,自住-首套,一室一厅,60,1120,市第二中学地理教师,三口之家(学龄段),与父母同住，三代人拥挤在旧区小户型老房中,小区无地下车库且人车不分流，小孩在楼下玩耍或者推婴儿车极为不安全。,要求有超大面宽南向双阳台（观景家政分离），主卧大飘窗能270度直面自然景观。,在市中心核心写字楼工作，首选半小时核心通勤圈内。,爱猫狗，喜欢烹饪和插花，主打经济舒适的生活小确幸。,夫妻双方积蓄 + 双方父母出资赞助首付 + 公积金商业组合贷款,重性价比，不盲信大牌，但要求物业管理有序、绿化修剪及时、人防技防规范。,本地常住人口，四季生活规律，度假频次为常规年假出行。
青_2008_00668,青岛,2008,本地改善,43,男,1.4,11.1,0.4,20.8,5,0,否,B,agent,0.59,0.48,0.65,0.47,0.41,0.96,0.52,0.77,0.55,自住-改善,两室两厅,65,2488,区财政局科员,成熟期核心家庭,青岛中环品质两居，车位及空间极其拥挤,老小区隔音差，邻里滋扰严重，且车位严重匮乏，每晚加班回来抢车位像打仗。,讲究超高得房率（超85%），主卧套房必须配备独立步入式衣帽间与干湿分离双卫。,在市中心核心写字楼工作，首选半小时核心通勤圈内。,倡导轻户外，周末常带家人自驾野营或山系徒步，注重生活情调与手作咖啡。,名下持有一套旧两居，置换回款 65% + 个人理财储蓄补充 + 公积金商业贷,重性价比，不盲信大牌，但要求物业管理有序、绿化修剪及时、人防技防规范。,本地常住人口，四季生活规律，度假频次为常规年假出行。
青_2008_00669,青岛,2008,本地改善,55,女,2.7,18.2,0.4,34.1,4,0,否,B,agent,0.95,0.44,0.77,0.56,0.37,0.63,0.64,0.8,0.59,自住-改善,一室一厅,83,2271,国企车间技术主任,高知退休康养,青岛中环品质两居，车位及空间极其拥挤,老小区隔音差，邻里滋扰严重，且车位严重匮乏，每晚加班回来抢车位像打仗。,要求有超大面宽南向双阳台（观景家政分离），主卧大飘窗能270度直面自然景观。,在市中心核心写字楼工作，首选半小时核心通勤圈内。,倡导轻户外，周末常带家人自驾野营或山系徒步，注重生活情调与手作咖啡。,名下持有一套旧两居，置换回款 65% + 个人理财储蓄补充 + 公积金商业贷,重性价比，不盲信大牌，但要求物业管理有序、绿化修剪及时、人防技防规范。,本地常住人口，四季生活规律，度假频次为常规年假出行。
青_2008_00670,青岛,2008,本地改善,54,女,1.3,9.9,0.4,18.5,3,1,否,B,agent,0.82,0.52,0.75,0.38,0.55,0.9,0.61,0.67,0.59,自住-改善,两室两厅,97,1189,区财政局科员,三口之家(学龄段),青岛中环品质两居，车位及空间极其拥挤,小区无地下车库且人车不分流，小孩在楼下玩耍或者推婴儿车极为不安全。,要求有超大面宽南向双阳台（观景家政分离），主卧大飘窗能270度直面自然景观。,在市中心核心写字楼工作，首选半小时核心通勤圈内。,倡导轻户外，周末常带家人自驾野营或山系徒步，注重生活情调与手作咖啡。,名下持有一套旧两居，置换回款 65% + 个人理财储蓄补充 + 公积金商业贷,重性价比，不盲信大牌，但要求物业管理有序、绿化修剪及时、人防技防规范。,本地常住人口，四季生活规律，度假频次为常规年假出行。
青_2008_00671,青岛,2008,学区刚需,34,男,1.5,6.9,0.3,17.2,3,1,否,C,agent,0.62,0.49,0.41,0.34,0.32,0.69,0.64,1,0.43,学区房,两室两厅,87,1166,国企车间技术主任,三口之家(幼龄段),与父母同住，三代人拥挤在旧区小户型老房中,小区无地下车库且人车不分流，小孩在楼下玩耍或者推婴儿车极为不安全。,核心要求地块属于第一梯队名校学区，且周边500米内解决幼小衔接教育配套。,在市中心核心写字楼工作，首选半小时核心通勤圈内。,爱猫狗，喜欢烹饪和插花，主打经济舒适的生活小确幸。,名下持有一套旧两居，置换回款 65% + 个人理财储蓄补充 + 公积金商业贷,重性价比，不盲信大牌，但要求物业管理有序、绿化修剪及时、人防技防规范。,本地常住人口，四季生活规律，度假频次为常规年假出行。
青_2008_00672,青岛,2008,学区刚需,35,女,1.8,10.1,0.3,25.3,2,1,否,C,agent,0.86,0.56,0.42,0.34,0.38,0.77,0.54,0.93,0.58,学区房,两室一厅,88,1566,区财政局科员,三口之家(幼龄段),与父母同住，三代人拥挤在旧区小户型老房中,小区无地下车库且人车不分流，小孩在楼下玩耍或者推婴儿车极为不安全。,讲究超高得房率（超85%），主卧套房必须配备独立步入式衣帽间与干湿分离双卫。,在市中心核心写字楼工作，首选半小时核心通勤圈内。,爱猫狗，喜欢烹饪和插花，主打经济舒适的生活小确幸。,名下持有一套旧两居，置换回款 65% + 个人理财储蓄补充 + 公积金商业贷,重性价比，不盲信大牌，但要求物业管理有序、绿化修剪及时、人防技防规范。,本地常住人口，四季生活规律，度假频次为常规年假出行。
青_2008_00673,青岛,2008,本地改善,50,男,1.8,16.3,0.4,30.6,3,1,是,B,agent,0.71,0.55,0.74,0.56,0.5,0.79,0.5,0.82,0.59,自住-改善,两室两厅,60,2863,邮政局局长秘书,三口之家(学龄段),青岛中环品质两居，车位及空间极其拥挤,小区无地下车库且人车不分流，小孩在楼下玩耍或者推婴儿车极为不安全。,要求有超大面宽南向双阳台（观景家政分离），主卧大飘窗能270度直面自然景观。,在市中心核心写字楼工作，首选半小时核心通勤圈内。,倡导轻户外，周末常带家人自驾野营或山系徒步，注重生活情调与手作咖啡。,名下持有一套旧两居，置换回款 65% + 个人理财储蓄补充 + 公积金商业贷,重性价比，不盲信大牌，但要求物业管理有序、绿化修剪及时、人防技防规范。,本地常住人口，四季生活规律，度假频次为常规年假出行。
青_2008_00674,青岛,2008,本地改善,52,男,2.7,24.7,0.4,46.2,4,1,是,B,agent,0.91,0.46,0.63,0.45,0.47,0.82,0.52,0.77,0.63,自住-改善,两室两厅,72,4392,邮政局局长秘书,三口之家(学龄段),青岛中环品质两居，车位及空间极其拥挤,小区无地下车库且人车不分流，小孩在楼下玩耍或者推婴儿车极为不安全。,讲究超高得房率（超85%），主卧套房必须配备独立步入式衣帽间与干湿分离双卫。,在市中心核心写字楼工作，首选半小时核心通勤圈内。,倡导轻户外，周末常带家人自驾野营或山系徒步，注重生活情调与手作咖啡。,名下持有一套旧两居，置换回款 65% + 个人理财储蓄补充 + 公积金商业贷,重性价比，不盲信大牌，但要求物业管理有序、绿化修剪及时、人防技防规范。,本地常住人口，四季生活规律，度假频次为常规年假出行。
青_2008_00675,青岛,2008,本地改善,38,男,1.4,8.7,0.4,16.3,4,1,否,B,agent,0.63,0.44,0.79,0.4,0.47,0.78,0.59,0.73,0.46,自住-改善,一室一厅,74,1596,市第二中学地理教师,三口之家(学龄段),青岛中环品质两居，车位及空间极其拥挤,小区无地下车库且人车不分流，小孩在楼下玩耍或者推婴儿车极为不安全。,要求有超大面宽南向双阳台（观景家政分离），主卧大飘窗能270度直面自然景观。,在市中心核心写字楼工作，首选半小时核心通勤圈内。,倡导轻户外，周末常带家人自驾野营或山系徒步，注重生活情调与手作咖啡。,名下持有一套旧两居，置换回款 65% + 个人理财储蓄补充 + 公积金商业贷,重性价比，不盲信大牌，但要求物业管理有序、绿化修剪及时、人防技防规范。,本地常住人口，四季生活规律，度假频次为常规年假出行。
青_2008_00676,青岛,2008,本地改善,43,男,2.3,19.8,0.4,37.1,4,1,否,B,agent,0.68,0.51,0.92,0.5,0.49,0.9,0.51,0.63,0.57,自住-改善,两室两厅,92,2052,国企车间技术主任,三口之家(学龄段),青岛中环品质两居，车位及空间极其拥挤,小区无地下车库且人车不分流，小孩在楼下玩耍或者推婴儿车极为不安全。,要求有超大面宽南向双阳台（观景家政分离），主卧大飘窗能270度直面自然景观。,在市中心核心写字楼工作，首选半小时核心通勤圈内。,倡导轻户外，周末常带家人自驾野营或山系徒步，注重生活情调与手作咖啡。,名下持有一套旧两居，置换回款 65% + 个人理财储蓄补充 + 公积金商业贷,重性价比，不盲信大牌，但要求物业管理有序、绿化修剪及时、人防技防规范。,本地常住人口，四季生活规律，度假频次为常规年假出行。
青_2008_00677,青岛,2008,本地改善,42,男,2.9,25.6,0.4,47.9,3,2,否,B,agent,0.52,0.49,0.83,0.38,0.34,0.82,0.61,0.57,0.51,自住-改善,两室一厅,85,4645,国企车间技术主任,二胎黄金期中大户型,青岛中环品质两居，车位及空间极其拥挤,小区无地下车库且人车不分流，小孩在楼下玩耍或者推婴儿车极为不安全。,要求有超大面宽南向双阳台（观景家政分离），主卧大飘窗能270度直面自然景观。,在市中心核心写字楼工作，首选半小时核心通勤圈内。,倡导轻户外，周末常带家人自驾野营或山系徒步，注重生活情调与手作咖啡。,名下持有一套旧两居，置换回款 65% + 个人理财储蓄补充 + 公积金商业贷,重性价比，不盲信大牌，但要求物业管理有序、绿化修剪及时、人防技防规范。,本地常住人口，四季生活规律，度假频次为常规年假出行。
青_2008_00678,青岛,2008,本地改善,38,女,2.5,23.7,0.4,44.5,5,1,是,B,agent,0.7,0.46,0.9,0.66,0.34,0.88,0.68,0.64,0.38,自住-改善,一室一厅,95,2764,邮政局局长秘书,三口之家(学龄段),青岛中环品质两居，车位及空间极其拥挤,小区无地下车库且人车不分流，小孩在楼下玩耍或者推婴儿车极为不安全。,要求有超大面宽南向双阳台（观景家政分离），主卧大飘窗能270度直面自然景观。,在市中心核心写字楼工作，首选半小时核心通勤圈内。,倡导轻户外，周末常带家人自驾野营或山系徒步，注重生活情调与手作咖啡。,名下持有一套旧两居，置换回款 65% + 个人理财储蓄补充 + 公积金商业贷,重性价比，不盲信大牌，但要求物业管理有序、绿化修剪及时、人防技防规范。,本地常住人口，四季生活规律，度假频次为常规年假出行。
青_2008_00679,青岛,2008,本地改善,45,男,1.4,8.2,0.4,15.3,4,2,是,B,agent,0.94,0.4,0.7,0.42,0.35,0.83,0.54,0.68,0.49,自住-改善,两室一厅,85,1411,市第二中学地理教师,二胎黄金期中大户型,青岛中环品质两居，车位及空间极其拥挤,小区无地下车库且人车不分流，小孩在楼下玩耍或者推婴儿车极为不安全。,讲究超高得房率（超85%），主卧套房必须配备独立步入式衣帽间与干湿分离双卫。,在市中心核心写字楼工作，首选半小时核心通勤圈内。,倡导轻户外，周末常带家人自驾野营或山系徒步，注重生活情调与手作咖啡。,名下持有一套旧两居，置换回款 65% + 个人理财储蓄补充 + 公积金商业贷,重性价比，不盲信大牌，但要求物业管理有序、绿化修剪及时、人防技防规范。,本地常住人口，四季生活规律，度假频次为常规年假出行。
青_2008_00680,青岛,2008,山东省内异地,59,男,2.9,22.0,0.45,36.6,3,2,否,C,network,0.68,0.66,0.97,0.34,0.49,0.74,0.07,0.39,0.6,自住-首套,一室一厅,96,3420,市第二中学地理教师,二胎黄金期中大户型,与父母同住，三代人拥挤在旧区小户型老房中,小区无地下车库且人车不分流，小孩在楼下玩耍或者推婴儿车极为不安全。,要求有超大面宽南向双阳台（观景家政分离），主卧大飘窗能270度直面自然景观。,在市中心核心写字楼工作，首选半小时核心通勤圈内。,爱猫狗，喜欢烹饪和插花，主打经济舒适的生活小确幸。,夫妻双方积蓄 + 双方父母出资赞助首付 + 公积金商业组合贷款,重性价比，不盲信大牌，但要求物业管理有序、绿化修剪及时、人防技防规范。,本地常住人口，四季生活规律，度假频次为常规年假出行。
青_2008_00681,青岛,2008,本地改善,42,男,2.1,17.7,0.4,33.2,5,0,否,B,agent,0.71,0.4,0.7,0.45,0.45,0.88,0.54,0.71,0.49,自住-改善,两室一厅,53,5048,区财政局科员,成熟期核心家庭,青岛中环品质两居，车位及空间极其拥挤,老小区隔音差，邻里滋扰严重，且车位严重匮乏，每晚加班回来抢车位像打仗。,讲究超高得房率（超85%），主卧套房必须配备独立步入式衣帽间与干湿分离双卫。,在市中心核心写字楼工作，首选半小时核心通勤圈内。,倡导轻户外，周末常带家人自驾野营或山系徒步，注重生活情调与手作咖啡。,名下持有一套旧两居，置换回款 65% + 个人理财储蓄补充 + 公积金商业贷,重性价比，不盲信大牌，但要求物业管理有序、绿化修剪及时、人防技防规范。,本地常住人口，四季生活规律，度假频次为常规年假出行。
青_2008_00682,青岛,2008,本地改善,55,女,1.7,14.0,0.4,26.3,4,1,否,B,agent,0.95,0.48,0.82,0.69,0.55,0.85,0.49,0.73,0.66,自住-改善,一室一厅,65,2281,市第二中学地理教师,三口之家(学龄段),青岛中环品质两居，车位及空间极其拥挤,小区无地下车库且人车不分流，小孩在楼下玩耍或者推婴儿车极为不安全。,要求有超大面宽南向双阳台（观景家政分离），主卧大飘窗能270度直面自然景观。,在市中心核心写字楼工作，首选半小时核心通勤圈内。,倡导轻户外，周末常带家人自驾野营或山系徒步，注重生活情调与手作咖啡。,名下持有一套旧两居，置换回款 65% + 个人理财储蓄补充 + 公积金商业贷,重性价比，不盲信大牌，但要求物业管理有序、绿化修剪及时、人防技防规范。,本地常住人口，四季生活规律，度假频次为常规年假出行。
青_2008_00683,青岛,2008,本地改善,45,男,1.0,7.9,0.4,14.7,3,2,是,B,agent,0.97,0.39,0.91,0.59,0.54,0.79,0.5,0.6,0.4,自住-改善,一室一厅,55,1889,市第二中学地理教师,二胎黄金期中大户型,青岛中环品质两居，车位及空间极其拥挤,小区无地下车库且人车不分流，小孩在楼下玩耍或者推婴儿车极为不安全。,要求有超大面宽南向双阳台（观景家政分离），主卧大飘窗能270度直面自然景观。,在市中心核心写字楼工作，首选半小时核心通勤圈内。,倡导轻户外，周末常带家人自驾野营或山系徒步，注重生活情调与手作咖啡。,名下持有一套旧两居，置换回款 65% + 个人理财储蓄补充 + 公积金商业贷,重性价比，不盲信大牌，但要求物业管理有序、绿化修剪及时、人防技防规范。,本地常住人口，四季生活规律，度假频次为常规年假出行。
青_2008_00684,青岛,2008,本地改善,36,女,1.1,9.6,0.4,18.0,4,0,否,B,agent,0.98,0.46,0.63,0.73,0.6,0.93,0.78,0.88,0.55,自住-改善,两室两厅,61,2332,区财政局科员,成熟期核心家庭,青岛中环品质两居，车位及空间极其拥挤,老小区隔音差，邻里滋扰严重，且车位严重匮乏，每晚加班回来抢车位像打仗。,要求独立电梯入户，主次卧动线分明，配备独立保姆房和私密后院。,在市中心核心写字楼工作，首选半小时核心通勤圈内。,倡导轻户外，周末常带家人自驾野营或山系徒步，注重生活情调与手作咖啡。,名下持有一套旧两居，置换回款 65% + 个人理财储蓄补充 + 公积金商业贷,重性价比，不盲信大牌，但要求物业管理有序、绿化修剪及时、人防技防规范。,本地常住人口，四季生活规律，度假频次为常规年假出行。
青_2008_00685,青岛,2008,学区刚需,38,男,1.2,9.0,0.3,22.6,4,1,是,C,agent,0.76,0.63,0.38,0.29,0.42,0.78,0.51,1,0.45,学区房,一室一厅,70,1875,市第二中学地理教师,三口之家(学龄段),与父母同住，三代人拥挤在旧区小户型老房中,小区无地下车库且人车不分流，小孩在楼下玩耍或者推婴儿车极为不安全。,讲究超高得房率（超85%），主卧套房必须配备独立步入式衣帽间与干湿分离双卫。,在市中心核心写字楼工作，首选半小时核心通勤圈内。,爱猫狗，喜欢烹饪和插花，主打经济舒适的生活小确幸。,名下持有一套旧两居，置换回款 65% + 个人理财储蓄补充 + 公积金商业贷,重性价比，不盲信大牌，但要求物业管理有序、绿化修剪及时、人防技防规范。,本地常住人口，四季生活规律，度假频次为常规年假出行。
青_2008_00686,青岛,2008,本地改善,41,男,1.5,13.9,0.4,26.0,4,1,否,B,agent,0.83,0.47,0.85,0.49,0.37,0.79,0.59,0.7,0.64,自住-改善,两室两厅,86,1607,国企车间技术主任,三口之家(学龄段),青岛中环品质两居，车位及空间极其拥挤,小区无地下车库且人车不分流，小孩在楼下玩耍或者推婴儿车极为不安全。,要求有超大面宽南向双阳台（观景家政分离），主卧大飘窗能270度直面自然景观。,在市中心核心写字楼工作，首选半小时核心通勤圈内。,倡导轻户外，周末常带家人自驾野营或山系徒步，注重生活情调与手作咖啡。,名下持有一套旧两居，置换回款 65% + 个人理财储蓄补充 + 公积金商业贷,重性价比，不盲信大牌，但要求物业管理有序、绿化修剪及时、人防技防规范。,本地常住人口，四季生活规律，度假频次为常规年假出行。
青_2008_00687,青岛,2008,山东省内异地,40,女,1.8,16.5,0.45,27.5,3,2,是,C,network,0.51,0.74,0.85,0.71,0.48,0.62,0.06,0.37,0.58,自住-首套,两室两厅,79,2029,邮政局局长秘书,二胎黄金期中大户型,与父母同住，三代人拥挤在旧区小户型老房中,小区无地下车库且人车不分流，小孩在楼下玩耍或者推婴儿车极为不安全。,要求独立电梯入户，主次卧动线分明，配备独立保姆房和私密后院。,在市中心核心写字楼工作，首选半小时核心通勤圈内。,爱猫狗，喜欢烹饪和插花，主打经济舒适的生活小确幸。,夫妻双方积蓄 + 双方父母出资赞助首付 + 公积金商业组合贷款,重性价比，不盲信大牌，但要求物业管理有序、绿化修剪及时、人防技防规范。,本地常住人口，四季生活规律，度假频次为常规年假出行。
青_2008_00688,青岛,2008,山东省内异地,48,女,2.9,22.3,0.45,37.2,3,2,否,C,network,0.77,0.61,0.82,0.54,0.51,0.79,0.13,0.21,0.54,自住-首套,两室两厅,61,4163,国企车间技术主任,二胎黄金期中大户型,与父母同住，三代人拥挤在旧区小户型老房中,小区无地下车库且人车不分流，小孩在楼下玩耍或者推婴儿车极为不安全。,要求有超大面宽南向双阳台（观景家政分离），主卧大飘窗能270度直面自然景观。,在市中心核心写字楼工作，首选半小时核心通勤圈内。,爱猫狗，喜欢烹饪和插花，主打经济舒适的生活小确幸。,夫妻双方积蓄 + 双方父母出资赞助首付 + 公积金商业组合贷款,重性价比，不盲信大牌，但要求物业管理有序、绿化修剪及时、人防技防规范。,本地常住人口，四季生活规律，度假频次为常规年假出行。
青_2008_00689,青岛,2008,本地改善,49,女,2.0,17.9,0.4,33.5,5,2,是,B,agent,0.65,0.46,0.68,0.51,0.6,0.87,0.5,0.54,0.63,自住-改善,一室一厅,81,2628,市第二中学地理教师,二胎黄金期中大户型,青岛中环品质两居，车位及空间极其拥挤,小区无地下车库且人车不分流，小孩在楼下玩耍或者推婴儿车极为不安全。,讲究超高得房率（超85%），主卧套房必须配备独立步入式衣帽间与干湿分离双卫。,在市中心核心写字楼工作，首选半小时核心通勤圈内。,倡导轻户外，周末常带家人自驾野营或山系徒步，注重生活情调与手作咖啡。,名下持有一套旧两居，置换回款 65% + 个人理财储蓄补充 + 公积金商业贷,重性价比，不盲信大牌，但要求物业管理有序、绿化修剪及时、人防技防规范。,本地常住人口，四季生活规律，度假频次为常规年假出行。
青_2008_00690,青岛,2008,山东省内异地,53,女,1.5,11.7,0.45,19.5,3,0,是,C,network,0.87,0.62,0.86,0.45,0.44,0.75,0.04,0.41,0.46,自住-改善,两室两厅,76,2227,市第二中学地理教师,成熟期核心家庭,与父母同住，三代人拥挤在旧区小户型老房中,当前房屋属于旧多层无电梯房，父母年纪渐高每天爬楼梯极为吃力。,要求有超大面宽南向双阳台（观景家政分离），主卧大飘窗能270度直面自然景观。,在市中心核心写字楼工作，首选半小时核心通勤圈内。,爱猫狗，喜欢烹饪和插花，主打经济舒适的生活小确幸。,名下持有一套旧两居，置换回款 65% + 个人理财储蓄补充 + 公积金商业贷,重性价比，不盲信大牌，但要求物业管理有序、绿化修剪及时、人防技防规范。,本地常住人口，四季生活规律，度假频次为常规年假出行。
青_2008_00691,青岛,2008,学区刚需,43,男,1.5,9.7,0.3,24.2,4,1,是,C,agent,0.95,0.55,0.2,0.45,0.36,0.74,0.58,1,0.25,学区房,两室两厅,55,2827,邮政局局长秘书,三口之家(学龄段),与父母同住，三代人拥挤在旧区小户型老房中,小区无地下车库且人车不分流，小孩在楼下玩耍或者推婴儿车极为不安全。,讲究超高得房率（超85%），主卧套房必须配备独立步入式衣帽间与干湿分离双卫。,在市中心核心写字楼工作，首选半小时核心通勤圈内。,爱猫狗，喜欢烹饪和插花，主打经济舒适的生活小确幸。,名下持有一套旧两居，置换回款 65% + 个人理财储蓄补充 + 公积金商业贷,重性价比，不盲信大牌，但要求物业管理有序、绿化修剪及时、人防技防规范。,本地常住人口，四季生活规律，度假频次为常规年假出行。
青_2008_00692,青岛,2008,本地改善,49,女,1.7,17.5,0.4,32.8,6,1,否,B,agent,0.78,0.49,0.85,0.55,0.53,0.97,0.64,0.66,0.62,自住-改善,两室两厅,85,2626,市第二中学地理教师,三口之家(学龄段),青岛中环品质两居，车位及空间极其拥挤,小区无地下车库且人车不分流，小孩在楼下玩耍或者推婴儿车极为不安全。,要求有超大面宽南向双阳台（观景家政分离），主卧大飘窗能270度直面自然景观。,在市中心核心写字楼工作，首选半小时核心通勤圈内。,倡导轻户外，周末常带家人自驾野营或山系徒步，注重生活情调与手作咖啡。,名下持有一套旧两居，置换回款 65% + 个人理财储蓄补充 + 公积金商业贷,重性价比，不盲信大牌，但要求物业管理有序、绿化修剪及时、人防技防规范。,本地常住人口，四季生活规律，度假频次为常规年假出行。
青_2008_00693,青岛,2008,本地改善,48,男,1.2,10.4,0.4,19.5,4,1,否,B,agent,0.82,0.42,0.77,0.51,0.61,0.85,0.6,0.67,0.52,自住-改善,两室两厅,53,2068,市第二中学地理教师,三口之家(学龄段),青岛中环品质两居，车位及空间极其拥挤,小区无地下车库且人车不分流，小孩在楼下玩耍或者推婴儿车极为不安全。,要求有超大面宽南向双阳台（观景家政分离），主卧大飘窗能270度直面自然景观。,在市中心核心写字楼工作，首选半小时核心通勤圈内。,倡导轻户外，周末常带家人自驾野营或山系徒步，注重生活情调与手作咖啡。,名下持有一套旧两居，置换回款 65% + 个人理财储蓄补充 + 公积金商业贷,重性价比，不盲信大牌，但要求物业管理有序、绿化修剪及时、人防技防规范。,本地常住人口，四季生活规律，度假频次为常规年假出行。
青_2008_00694,青岛,2008,本地改善,51,男,1.8,17.2,0.4,32.2,4,1,否,B,agent,0.72,0.4,0.68,0.5,0.36,0.87,0.43,0.66,0.51,自住-改善,一室一厅,86,2640,区财政局科员,三口之家(学龄段),青岛中环品质两居，车位及空间极其拥挤,小区无地下车库且人车不分流，小孩在楼下玩耍或者推婴儿车极为不安全。,讲究超高得房率（超85%），主卧套房必须配备独立步入式衣帽间与干湿分离双卫。,在市中心核心写字楼工作，首选半小时核心通勤圈内。,倡导轻户外，周末常带家人自驾野营或山系徒步，注重生活情调与手作咖啡。,名下持有一套旧两居，置换回款 65% + 个人理财储蓄补充 + 公积金商业贷,重性价比，不盲信大牌，但要求物业管理有序、绿化修剪及时、人防技防规范。,本地常住人口，四季生活规律，度假频次为常规年假出行。
青_2008_00695,青岛,2008,学区刚需,44,男,1.7,11.9,0.3,29.6,3,1,否,C,agent,0.89,0.57,0.64,0.34,0.5,0.76,0.63,1,0.47,学区房,一室一厅,63,2430,市第二中学地理教师,三口之家(学龄段),与父母同住，三代人拥挤在旧区小户型老房中,小区无地下车库且人车不分流，小孩在楼下玩耍或者推婴儿车极为不安全。,讲究超高得房率（超85%），主卧套房必须配备独立步入式衣帽间与干湿分离双卫。,在市中心核心写字楼工作，首选半小时核心通勤圈内。,爱猫狗，喜欢烹饪和插花，主打经济舒适的生活小确幸。,名下持有一套旧两居，置换回款 65% + 个人理财储蓄补充 + 公积金商业贷,重性价比，不盲信大牌，但要求物业管理有序、绿化修剪及时、人防技防规范。,本地常住人口，四季生活规律，度假频次为常规年假出行。
青_2008_00696,青岛,2008,学区刚需,43,男,1.3,7.9,0.3,19.8,3,1,否,C,agent,0.94,0.47,0.37,0.27,0.35,0.91,0.52,0.87,0.35,学区房,两室两厅,83,1495,国企车间技术主任,三口之家(学龄段),与父母同住，三代人拥挤在旧区小户型老房中,小区无地下车库且人车不分流，小孩在楼下玩耍或者推婴儿车极为不安全。,讲究超高得房率（超85%），主卧套房必须配备独立步入式衣帽间与干湿分离双卫。,在市中心核心写字楼工作，首选半小时核心通勤圈内。,爱猫狗，喜欢烹饪和插花，主打经济舒适的生活小确幸。,名下持有一套旧两居，置换回款 65% + 个人理财储蓄补充 + 公积金商业贷,重性价比，不盲信大牌，但要求物业管理有序、绿化修剪及时、人防技防规范。,本地常住人口，四季生活规律，度假频次为常规年假出行。
青_2008_00697,青岛,2008,本地改善,42,男,0.9,7.7,0.4,14.5,4,1,是,B,agent,0.77,0.51,0.77,0.46,0.47,0.82,0.61,0.68,0.66,自住-改善,一室一厅,92,1291,区财政局科员,三口之家(学龄段),青岛中环品质两居，车位及空间极其拥挤,小区无地下车库且人车不分流，小孩在楼下玩耍或者推婴儿车极为不安全。,要求有超大面宽南向双阳台（观景家政分离），主卧大飘窗能270度直面自然景观。,在市中心核心写字楼工作，首选半小时核心通勤圈内。,倡导轻户外，周末常带家人自驾野营或山系徒步，注重生活情调与手作咖啡。,名下持有一套旧两居，置换回款 65% + 个人理财储蓄补充 + 公积金商业贷,重性价比，不盲信大牌，但要求物业管理有序、绿化修剪及时、人防技防规范。,本地常住人口，四季生活规律，度假频次为常规年假出行。
青_2008_00698,青岛,2008,学区刚需,42,女,1.6,11.6,0.3,29.1,4,1,否,C,agent,1,0.56,0.4,0.19,0.23,0.73,0.74,0.86,0.55,学区房,两室两厅,66,3571,邮政局局长秘书,三口之家(学龄段),与父母同住，三代人拥挤在旧区小户型老房中,小区无地下车库且人车不分流，小孩在楼下玩耍或者推婴儿车极为不安全。,讲究超高得房率（超85%），主卧套房必须配备独立步入式衣帽间与干湿分离双卫。,在市中心核心写字楼工作，首选半小时核心通勤圈内。,爱猫狗，喜欢烹饪和插花，主打经济舒适的生活小确幸。,名下持有一套旧两居，置换回款 65% + 个人理财储蓄补充 + 公积金商业贷,重性价比，不盲信大牌，但要求物业管理有序、绿化修剪及时、人防技防规范。,本地常住人口，四季生活规律，度假频次为常规年假出行。
青_2008_00699,青岛,2008,本地改善,40,女,3.9,32.3,0.4,60.6,4,1,是,B,agent,0.72,0.44,0.76,0.49,0.55,0.99,0.51,0.78,0.51,自住-改善,一室一厅,74,4807,邮政局局长秘书,三口之家(学龄段),青岛中环品质两居，车位及空间极其拥挤,小区无地下车库且人车不分流，小孩在楼下玩耍或者推婴儿车极为不安全。,要求有超大面宽南向双阳台（观景家政分离），主卧大飘窗能270度直面自然景观。,在市中心核心写字楼工作，首选半小时核心通勤圈内。,倡导轻户外，周末常带家人自驾野营或山系徒步，注重生活情调与手作咖啡。,名下持有一套旧两居，置换回款 65% + 个人理财储蓄补充 + 公积金商业贷,重性价比，不盲信大牌，但要求物业管理有序、绿化修剪及时、人防技防规范。,本地常住人口，四季生活规律，度假频次为常规年假出行。
青_2008_00700,青岛,2008,本地改善,42,男,1.8,17.9,0.4,33.5,4,1,否,B,agent,0.47,0.5,0.73,0.51,0.53,0.78,0.77,0.72,0.67,自住-改善,两室一厅,97,1736,国企车间技术主任,三口之家(学龄段),青岛中环品质两居，车位及空间极其拥挤,小区无地下车库且人车不分流，小孩在楼下玩耍或者推婴儿车极为不安全。,要求有超大面宽南向双阳台（观景家政分离），主卧大飘窗能270度直面自然景观。,在市中心核心写字楼工作，首选半小时核心通勤圈内。,倡导轻户外，周末常带家人自驾野营或山系徒步，注重生活情调与手作咖啡。,名下持有一套旧两居，置换回款 65% + 个人理财储蓄补充 + 公积金商业贷,重性价比，不盲信大牌，但要求物业管理有序、绿化修剪及时、人防技防规范。,本地常住人口，四季生活规律，度假频次为常规年假出行。
青_2008_00701,青岛,2008,北方度假投资,55,女,2.6,22.0,0.5,33.0,2,0,否,B,research,0.78,0.55,1,0.5,0.5,0.52,0,0.06,0.63,投资-长持,两室两厅,100,2833,上市公司退休联合创始人,高知退休康养,青岛中环品质两居，车位及空间极其拥挤,老小区隔音差，邻里滋扰严重，且车位严重匮乏，每晚加班回来抢车位像打仗。,要求有超大面宽南向双阳台（观景家政分离），主卧大飘窗能270度直面自然景观。,在市中心核心写字楼工作，首选半小时核心通勤圈内。,倡导轻户外，周末常带家人自驾野营或山系徒步，注重生活情调与手作咖啡。,名下持有一套旧两居，置换回款 65% + 个人理财储蓄补充 + 公积金商业贷,重性价比，不盲信大牌，但要求物业管理有序、绿化修剪及时、人防技防规范。,每年11月至次年3月到此度过漫长冬季，极其依赖周边的康养及适老化服务。
青_2008_00702,青岛,2008,本地改善,50,女,3.1,21.5,0.4,40.4,4,0,是,B,agent,0.46,0.43,0.81,0.57,0.51,0.92,0.6,0.77,0.48,自住-改善,两室两厅,89,2726,邮政局局长秘书,成熟期核心家庭,青岛中环品质两居，车位及空间极其拥挤,当前房屋属于旧多层无电梯房，父母年纪渐高每天爬楼梯极为吃力。,要求有超大面宽南向双阳台（观景家政分离），主卧大飘窗能270度直面自然景观。,在市中心核心写字楼工作，首选半小时核心通勤圈内。,倡导轻户外，周末常带家人自驾野营或山系徒步，注重生活情调与手作咖啡。,名下持有一套旧两居，置换回款 65% + 个人理财储蓄补充 + 公积金商业贷,重性价比，不盲信大牌，但要求物业管理有序、绿化修剪及时、人防技防规范。,本地常住人口，四季生活规律，度假频次为常规年假出行。
青_2008_00703,青岛,2008,本地改善,46,女,2.0,13.7,0.4,25.8,3,1,否,B,agent,0.73,0.59,0.73,0.44,0.47,0.87,0.53,0.73,0.59,自住-改善,两室两厅,99,2022,邮政局局长秘书,三口之家(学龄段),青岛中环品质两居，车位及空间极其拥挤,小区无地下车库且人车不分流，小孩在楼下玩耍或者推婴儿车极为不安全。,要求有超大面宽南向双阳台（观景家政分离），主卧大飘窗能270度直面自然景观。,在市中心核心写字楼工作，首选半小时核心通勤圈内。,倡导轻户外，周末常带家人自驾野营或山系徒步，注重生活情调与手作咖啡。,名下持有一套旧两居，置换回款 65% + 个人理财储蓄补充 + 公积金商业贷,重性价比，不盲信大牌，但要求物业管理有序、绿化修剪及时、人防技防规范。,本地常住人口，四季生活规律，度假频次为常规年假出行。
青_2008_00704,青岛,2008,山东省内异地,48,男,2.2,13.1,0.45,21.9,2,1,是,C,network,0.57,0.57,0.83,0.49,0.44,0.65,0.05,0.41,0.59,自住-改善,两室两厅,77,2049,区财政局科员,三口之家(学龄段),与父母同住，三代人拥挤在旧区小户型老房中,小区无地下车库且人车不分流，小孩在楼下玩耍或者推婴儿车极为不安全。,要求有超大面宽南向双阳台（观景家政分离），主卧大飘窗能270度直面自然景观。,在市中心核心写字楼工作，首选半小时核心通勤圈内。,爱猫狗，喜欢烹饪和插花，主打经济舒适的生活小确幸。,名下持有一套旧两居，置换回款 65% + 个人理财储蓄补充 + 公积金商业贷,重性价比，不盲信大牌，但要求物业管理有序、绿化修剪及时、人防技防规范。,本地常住人口，四季生活规律，度假频次为常规年假出行。
青_2008_00705,青岛,2008,本地改善,39,女,2.2,17.9,0.4,33.6,3,1,否,B,agent,0.73,0.48,0.8,0.49,0.57,0.88,0.56,0.67,0.47,自住-改善,两室一厅,69,3391,市第二中学地理教师,三口之家(学龄段),青岛中环品质两居，车位及空间极其拥挤,小区无地下车库且人车不分流，小孩在楼下玩耍或者推婴儿车极为不安全。,要求有超大面宽南向双阳台（观景家政分离），主卧大飘窗能270度直面自然景观。,在市中心核心写字楼工作，首选半小时核心通勤圈内。,倡导轻户外，周末常带家人自驾野营或山系徒步，注重生活情调与手作咖啡。,名下持有一套旧两居，置换回款 65% + 个人理财储蓄补充 + 公积金商业贷,重性价比，不盲信大牌，但要求物业管理有序、绿化修剪及时、人防技防规范。,本地常住人口，四季生活规律，度假频次为常规年假出行。
青_2008_00706,青岛,2008,学区刚需,35,女,1.7,12.6,0.3,31.4,3,1,否,C,agent,0.82,0.6,0.49,0.4,0.37,0.52,0.51,0.93,0.4,学区房,一室一厅,95,1707,国企车间技术主任,三口之家(幼龄段),与父母同住，三代人拥挤在旧区小户型老房中,小区无地下车库且人车不分流，小孩在楼下玩耍或者推婴儿车极为不安全。,核心要求地块属于第一梯队名校学区，且周边500米内解决幼小衔接教育配套。,在市中心核心写字楼工作，首选半小时核心通勤圈内。,爱猫狗，喜欢烹饪和插花，主打经济舒适的生活小确幸。,名下持有一套旧两居，置换回款 65% + 个人理财储蓄补充 + 公积金商业贷,重性价比，不盲信大牌，但要求物业管理有序、绿化修剪及时、人防技防规范。,本地常住人口，四季生活规律，度假频次为常规年假出行。
青_2008_00707,青岛,2008,本地改善,55,男,1.8,15.2,0.4,28.4,4,1,否,B,agent,0.56,0.51,0.76,0.5,0.55,0.77,0.5,0.67,0.51,自住-改善,一室一厅,99,2044,区财政局科员,三口之家(学龄段),青岛中环品质两居，车位及空间极其拥挤,小区无地下车库且人车不分流，小孩在楼下玩耍或者推婴儿车极为不安全。,要求有超大面宽南向双阳台（观景家政分离），主卧大飘窗能270度直面自然景观。,在市中心核心写字楼工作，首选半小时核心通勤圈内。,倡导轻户外，周末常带家人自驾野营或山系徒步，注重生活情调与手作咖啡。,名下持有一套旧两居，置换回款 65% + 个人理财储蓄补充 + 公积金商业贷,重性价比，不盲信大牌，但要求物业管理有序、绿化修剪及时、人防技防规范。,本地常住人口，四季生活规律，度假频次为常规年假出行。
青_2008_00708,青岛,2008,北方度假投资,51,男,6.1,59.1,0.5,88.6,2,0,否,B,research,1,0.46,0.92,0.57,0.47,0.55,0,0.04,0.66,度假,两室两厅,98,7753,知名中医药连锁投资人,成熟期核心家庭,青岛中环品质两居，车位及空间极其拥挤,老小区隔音差，邻里滋扰严重，且车位严重匮乏，每晚加班回来抢车位像打仗。,要求有超大面宽南向双阳台（观景家政分离），主卧大飘窗能270度直面自然景观。,在市中心核心写字楼工作，首选半小时核心通勤圈内。,倡导轻户外，周末常带家人自驾野营或山系徒步，注重生活情调与手作咖啡。,名下持有一套旧两居，置换回款 65% + 个人理财储蓄补充 + 公积金商业贷,重性价比，不盲信大牌，但要求物业管理有序、绿化修剪及时、人防技防规范。,每年11月至次年3月到此度过漫长冬季，极其依赖周边的康养及适老化服务。
青_2008_00709,青岛,2008,本地改善,41,男,2.8,27.3,0.4,51.2,4,1,否,B,agent,0.61,0.52,0.81,0.45,0.59,0.83,0.62,0.72,0.63,自住-改善,两室一厅,64,4226,市第二中学地理教师,三口之家(学龄段),青岛中环品质两居，车位及空间极其拥挤,小区无地下车库且人车不分流，小孩在楼下玩耍或者推婴儿车极为不安全。,要求有超大面宽南向双阳台（观景家政分离），主卧大飘窗能270度直面自然景观。,在市中心核心写字楼工作，首选半小时核心通勤圈内。,倡导轻户外，周末常带家人自驾野营或山系徒步，注重生活情调与手作咖啡。,名下持有一套旧两居，置换回款 65% + 个人理财储蓄补充 + 公积金商业贷,重性价比，不盲信大牌，但要求物业管理有序、绿化修剪及时、人防技防规范。,本地常住人口，四季生活规律，度假频次为常规年假出行。
青_2008_00710,青岛,2008,本地改善,52,男,1.3,7.8,0.4,14.7,5,1,否,B,agent,0.66,0.68,0.65,0.46,0.51,0.94,0.67,0.71,0.57,自住-改善,一室一厅,61,1214,国企车间技术主任,三口之家(学龄段),青岛中环品质两居，车位及空间极其拥挤,小区无地下车库且人车不分流，小孩在楼下玩耍或者推婴儿车极为不安全。,讲究超高得房率（超85%），主卧套房必须配备独立步入式衣帽间与干湿分离双卫。,在市中心核心写字楼工作，首选半小时核心通勤圈内。,倡导轻户外，周末常带家人自驾野营或山系徒步，注重生活情调与手作咖啡。,名下持有一套旧两居，置换回款 65% + 个人理财储蓄补充 + 公积金商业贷,重性价比，不盲信大牌，但要求物业管理有序、绿化修剪及时、人防技防规范。,本地常住人口，四季生活规律，度假频次为常规年假出行。
青_2008_00711,青岛,2008,本地改善,54,男,1.4,14.2,0.4,26.7,4,0,是,B,agent,0.84,0.43,0.75,0.44,0.53,0.85,0.54,0.81,0.46,自住-改善,两室两厅,78,1886,市第二中学地理教师,成熟期核心家庭,青岛中环品质两居，车位及空间极其拥挤,当前房屋属于旧多层无电梯房，父母年纪渐高每天爬楼梯极为吃力。,要求有超大面宽南向双阳台（观景家政分离），主卧大飘窗能270度直面自然景观。,在市中心核心写字楼工作，首选半小时核心通勤圈内。,倡导轻户外，周末常带家人自驾野营或山系徒步，注重生活情调与手作咖啡。,名下持有一套旧两居，置换回款 65% + 个人理财储蓄补充 + 公积金商业贷,重性价比，不盲信大牌，但要求物业管理有序、绿化修剪及时、人防技防规范。,本地常住人口，四季生活规律，度假频次为常规年假出行。
青_2008_00712,青岛,2008,本地改善,48,女,2.0,15.7,0.4,29.4,4,2,是,B,agent,0.47,0.36,0.81,0.52,0.48,0.94,0.54,0.93,0.52,自住-改善,两室两厅,67,2894,国企车间技术主任,二胎黄金期中大户型,青岛中环品质两居，车位及空间极其拥挤,小区无地下车库且人车不分流，小孩在楼下玩耍或者推婴儿车极为不安全。,要求有超大面宽南向双阳台（观景家政分离），主卧大飘窗能270度直面自然景观。,在市中心核心写字楼工作，首选半小时核心通勤圈内。,倡导轻户外，周末常带家人自驾野营或山系徒步，注重生活情调与手作咖啡。,名下持有一套旧两居，置换回款 65% + 个人理财储蓄补充 + 公积金商业贷,重性价比，不盲信大牌，但要求物业管理有序、绿化修剪及时、人防技防规范。,本地常住人口，四季生活规律，度假频次为常规年假出行。
青_2008_00713,青岛,2008,山东省内异地,56,女,3.0,19.6,0.45,32.6,3,2,否,C,network,0.64,0.66,0.7,0.49,0.56,0.75,0.08,0.32,0.62,自住-首套,一室一厅,84,2266,区财政局科员,二胎黄金期中大户型,与父母同住，三代人拥挤在旧区小户型老房中,小区无地下车库且人车不分流，小孩在楼下玩耍或者推婴儿车极为不安全。,讲究超高得房率（超85%），主卧套房必须配备独立步入式衣帽间与干湿分离双卫。,在市中心核心写字楼工作，首选半小时核心通勤圈内。,爱猫狗，喜欢烹饪和插花，主打经济舒适的生活小确幸。,夫妻双方积蓄 + 双方父母出资赞助首付 + 公积金商业组合贷款,重性价比，不盲信大牌，但要求物业管理有序、绿化修剪及时、人防技防规范。,本地常住人口，四季生活规律，度假频次为常规年假出行。
青_2008_00714,青岛,2008,山东省内异地,41,女,4.0,28.9,0.45,48.2,3,1,是,C,network,0.76,0.7,0.86,0.61,0.52,0.78,0,0.3,0.71,自住-改善,两室两厅,51,7298,市第二中学地理教师,三口之家(学龄段),与父母同住，三代人拥挤在旧区小户型老房中,小区无地下车库且人车不分流，小孩在楼下玩耍或者推婴儿车极为不安全。,要求有超大面宽南向双阳台（观景家政分离），主卧大飘窗能270度直面自然景观。,在市中心核心写字楼工作，首选半小时核心通勤圈内。,爱猫狗，喜欢烹饪和插花，主打经济舒适的生活小确幸。,名下持有一套旧两居，置换回款 65% + 个人理财储蓄补充 + 公积金商业贷,非仁恒、绿城、万科等金牌开发商不买，极度看重高端精装质量与顶级物业的增值口碑。,本地常住人口，四季生活规律，度假频次为常规年假出行。
青_2008_00715,青岛,2008,山东省内异地,41,女,2.1,15.9,0.45,26.5,3,1,是,C,network,0.43,0.66,0.86,0.56,0.49,0.72,0.04,0.59,0.48,自住-改善,一室一厅,61,2931,邮政局局长秘书,三口之家(学龄段),与父母同住，三代人拥挤在旧区小户型老房中,小区无地下车库且人车不分流，小孩在楼下玩耍或者推婴儿车极为不安全。,要求有超大面宽南向双阳台（观景家政分离），主卧大飘窗能270度直面自然景观。,在市中心核心写字楼工作，首选半小时核心通勤圈内。,爱猫狗，喜欢烹饪和插花，主打经济舒适的生活小确幸。,名下持有一套旧两居，置换回款 65% + 个人理财储蓄补充 + 公积金商业贷,重性价比，不盲信大牌，但要求物业管理有序、绿化修剪及时、人防技防规范。,本地常住人口，四季生活规律，度假频次为常规年假出行。
青_2008_00716,青岛,2008,山东省内异地,55,女,2.4,18.4,0.45,30.6,4,1,否,C,network,0.95,0.46,0.84,0.6,0.52,0.73,0.1,0.34,0.61,自住-首套,两室一厅,81,3304,邮政局局长秘书,三口之家(学龄段),与父母同住，三代人拥挤在旧区小户型老房中,小区无地下车库且人车不分流，小孩在楼下玩耍或者推婴儿车极为不安全。,要求有超大面宽南向双阳台（观景家政分离），主卧大飘窗能270度直面自然景观。,在市中心核心写字楼工作，首选半小时核心通勤圈内。,爱猫狗，喜欢烹饪和插花，主打经济舒适的生活小确幸。,夫妻双方积蓄 + 双方父母出资赞助首付 + 公积金商业组合贷款,重性价比，不盲信大牌，但要求物业管理有序、绿化修剪及时、人防技防规范。,本地常住人口，四季生活规律，度假频次为常规年假出行。
青_2008_00717,青岛,2008,本地改善,49,女,2.0,13.7,0.4,25.7,4,0,否,B,agent,0.96,0.41,0.78,0.57,0.53,0.83,0.68,0.57,0.66,自住-改善,两室两厅,74,1999,区财政局科员,成熟期核心家庭,青岛中环品质两居，车位及空间极其拥挤,老小区隔音差，邻里滋扰严重，且车位严重匮乏，每晚加班回来抢车位像打仗。,要求有超大面宽南向双阳台（观景家政分离），主卧大飘窗能270度直面自然景观。,在市中心核心写字楼工作，首选半小时核心通勤圈内。,倡导轻户外，周末常带家人自驾野营或山系徒步，注重生活情调与手作咖啡。,名下持有一套旧两居，置换回款 65% + 个人理财储蓄补充 + 公积金商业贷,重性价比，不盲信大牌，但要求物业管理有序、绿化修剪及时、人防技防规范。,本地常住人口，四季生活规律，度假频次为常规年假出行。
青_2008_00718,青岛,2008,本地改善,53,男,2.7,27.8,0.4,52.1,3,1,是,B,agent,0.7,0.36,0.92,0.48,0.57,0.97,0.59,0.66,0.48,自住-改善,两室两厅,68,6887,国企车间技术主任,三口之家(学龄段),青岛中环品质两居，车位及空间极其拥挤,小区无地下车库且人车不分流，小孩在楼下玩耍或者推婴儿车极为不安全。,要求有超大面宽南向双阳台（观景家政分离），主卧大飘窗能270度直面自然景观。,在市中心核心写字楼工作，首选半小时核心通勤圈内。,倡导轻户外，周末常带家人自驾野营或山系徒步，注重生活情调与手作咖啡。,名下持有一套旧两居，置换回款 65% + 个人理财储蓄补充 + 公积金商业贷,重性价比，不盲信大牌，但要求物业管理有序、绿化修剪及时、人防技防规范。,本地常住人口，四季生活规律，度假频次为常规年假出行。
青_2008_00719,青岛,2008,本地改善,54,男,1.2,8.2,0.4,15.3,5,2,否,B,agent,0.63,0.5,0.73,0.43,0.5,0.86,0.55,0.64,0.64,自住-改善,一室一厅,92,996,区财政局科员,二胎黄金期中大户型,青岛中环品质两居，车位及空间极其拥挤,小区无地下车库且人车不分流，小孩在楼下玩耍或者推婴儿车极为不安全。,要求有超大面宽南向双阳台（观景家政分离），主卧大飘窗能270度直面自然景观。,在市中心核心写字楼工作，首选半小时核心通勤圈内。,倡导轻户外，周末常带家人自驾野营或山系徒步，注重生活情调与手作咖啡。,名下持有一套旧两居，置换回款 65% + 个人理财储蓄补充 + 公积金商业贷,重性价比，不盲信大牌，但要求物业管理有序、绿化修剪及时、人防技防规范。,本地常住人口，四季生活规律，度假频次为常规年假出行。
青_2008_00720,青岛,2008,学区刚需,38,男,1.5,8.9,0.3,22.1,2,1,是,C,agent,1,0.62,0.3,0.34,0.42,0.85,0.61,0.94,0.49,学区房,两室两厅,61,2907,区财政局科员,三口之家(学龄段),与父母同住，三代人拥挤在旧区小户型老房中,小区无地下车库且人车不分流，小孩在楼下玩耍或者推婴儿车极为不安全。,讲究超高得房率（超85%），主卧套房必须配备独立步入式衣帽间与干湿分离双卫。,在市中心核心写字楼工作，首选半小时核心通勤圈内。,爱猫狗，喜欢烹饪和插花，主打经济舒适的生活小确幸。,名下持有一套旧两居，置换回款 65% + 个人理财储蓄补充 + 公积金商业贷,重性价比，不盲信大牌，但要求物业管理有序、绿化修剪及时、人防技防规范。,本地常住人口，四季生活规律，度假频次为常规年假出行。
青_2008_00721,青岛,2008,本地改善,40,男,3.6,33.4,0.4,62.6,6,1,是,B,agent,0.94,0.68,0.75,0.58,0.59,0.86,0.55,0.69,0.52,自住-改善,两室两厅,86,4466,邮政局局长秘书,三口之家(学龄段),青岛中环品质两居，车位及空间极其拥挤,小区无地下车库且人车不分流，小孩在楼下玩耍或者推婴儿车极为不安全。,要求有超大面宽南向双阳台（观景家政分离），主卧大飘窗能270度直面自然景观。,在市中心核心写字楼工作，首选半小时核心通勤圈内。,倡导轻户外，周末常带家人自驾野营或山系徒步，注重生活情调与手作咖啡。,名下持有一套旧两居，置换回款 65% + 个人理财储蓄补充 + 公积金商业贷,重性价比，不盲信大牌，但要求物业管理有序、绿化修剪及时、人防技防规范。,本地常住人口，四季生活规律，度假频次为常规年假出行。
青_2008_00722,青岛,2008,学区刚需,43,男,1.6,11.2,0.3,28.0,3,0,否,C,agent,1,0.46,0.35,0.32,0.36,0.62,0.56,0.81,0.42,学区房,两室一厅,94,2419,邮政局局长秘书,成熟期核心家庭,与父母同住，三代人拥挤在旧区小户型老房中,老小区隔音差，邻里滋扰严重，且车位严重匮乏，每晚加班回来抢车位像打仗。,核心要求地块属于第一梯队名校学区，且周边500米内解决幼小衔接教育配套。,在市中心核心写字楼工作，首选半小时核心通勤圈内。,爱猫狗，喜欢烹饪和插花，主打经济舒适的生活小确幸。,名下持有一套旧两居，置换回款 65% + 个人理财储蓄补充 + 公积金商业贷,重性价比，不盲信大牌，但要求物业管理有序、绿化修剪及时、人防技防规范。,本地常住人口，四季生活规律，度假频次为常规年假出行。
青_2008_00723,青岛,2008,本地改善,37,女,1.4,11.5,0.4,21.6,4,1,否,B,agent,0.65,0.57,0.9,0.59,0.5,0.9,0.69,0.67,0.53,自住-改善,两室一厅,98,1939,国企车间技术主任,三口之家(幼龄段),青岛中环品质两居，车位及空间极其拥挤,小区无地下车库且人车不分流，小孩在楼下玩耍或者推婴儿车极为不安全。,要求有超大面宽南向双阳台（观景家政分离），主卧大飘窗能270度直面自然景观。,在市中心核心写字楼工作，首选半小时核心通勤圈内。,倡导轻户外，周末常带家人自驾野营或山系徒步，注重生活情调与手作咖啡。,名下持有一套旧两居，置换回款 65% + 个人理财储蓄补充 + 公积金商业贷,重性价比，不盲信大牌，但要求物业管理有序、绿化修剪及时、人防技防规范。,本地常住人口，四季生活规律，度假频次为常规年假出行。
青_2008_00724,青岛,2008,本地改善,37,女,2.0,14.5,0.4,27.2,4,0,是,B,agent,1,0.49,0.65,0.65,0.49,0.84,0.57,0.71,0.4,自住-改善,两室一厅,99,1497,国企车间技术主任,成熟期核心家庭,青岛中环品质两居，车位及空间极其拥挤,当前房屋属于旧多层无电梯房，父母年纪渐高每天爬楼梯极为吃力。,讲究超高得房率（超85%），主卧套房必须配备独立步入式衣帽间与干湿分离双卫。,在市中心核心写字楼工作，首选半小时核心通勤圈内。,倡导轻户外，周末常带家人自驾野营或山系徒步，注重生活情调与手作咖啡。,名下持有一套旧两居，置换回款 65% + 个人理财储蓄补充 + 公积金商业贷,重性价比，不盲信大牌，但要求物业管理有序、绿化修剪及时、人防技防规范。,本地常住人口，四季生活规律，度假频次为常规年假出行。
青_2008_00725,青岛,2008,本地改善,36,女,3.6,27.5,0.4,51.6,5,2,否,B,agent,0.72,0.58,0.76,0.5,0.61,0.94,0.6,0.67,0.58,自住-改善,一室一厅,75,6084,邮政局局长秘书,二胎黄金期中大户型,青岛中环品质两居，车位及空间极其拥挤,小区无地下车库且人车不分流，小孩在楼下玩耍或者推婴儿车极为不安全。,要求有超大面宽南向双阳台（观景家政分离），主卧大飘窗能270度直面自然景观。,在市中心核心写字楼工作，首选半小时核心通勤圈内。,倡导轻户外，周末常带家人自驾野营或山系徒步，注重生活情调与手作咖啡。,名下持有一套旧两居，置换回款 65% + 个人理财储蓄补充 + 公积金商业贷,重性价比，不盲信大牌，但要求物业管理有序、绿化修剪及时、人防技防规范。,本地常住人口，四季生活规律，度假频次为常规年假出行。
青_2008_00726,青岛,2008,本地改善,51,男,1.3,12.1,0.4,22.6,4,1,是,B,agent,0.68,0.58,0.78,0.55,0.45,0.91,0.52,0.86,0.57,自住-改善,两室一厅,92,1425,区财政局科员,三口之家(学龄段),青岛中环品质两居，车位及空间极其拥挤,小区无地下车库且人车不分流，小孩在楼下玩耍或者推婴儿车极为不安全。,要求有超大面宽南向双阳台（观景家政分离），主卧大飘窗能270度直面自然景观。,在市中心核心写字楼工作，首选半小时核心通勤圈内。,倡导轻户外，周末常带家人自驾野营或山系徒步，注重生活情调与手作咖啡。,名下持有一套旧两居，置换回款 65% + 个人理财储蓄补充 + 公积金商业贷,重性价比，不盲信大牌，但要求物业管理有序、绿化修剪及时、人防技防规范。,本地常住人口，四季生活规律，度假频次为常规年假出行。
青_2008_00727,青岛,2008,本地改善,52,男,1.1,9.6,0.4,18.0,5,1,否,B,agent,0.94,0.5,0.86,0.44,0.56,0.73,0.78,0.87,0.49,自住-改善,两室一厅,74,1489,邮政局局长秘书,三口之家(学龄段),青岛中环品质两居，车位及空间极其拥挤,小区无地下车库且人车不分流，小孩在楼下玩耍或者推婴儿车极为不安全。,要求有超大面宽南向双阳台（观景家政分离），主卧大飘窗能270度直面自然景观。,在市中心核心写字楼工作，首选半小时核心通勤圈内。,倡导轻户外，周末常带家人自驾野营或山系徒步，注重生活情调与手作咖啡。,名下持有一套旧两居，置换回款 65% + 个人理财储蓄补充 + 公积金商业贷,重性价比，不盲信大牌，但要求物业管理有序、绿化修剪及时、人防技防规范。,本地常住人口，四季生活规律，度假频次为常规年假出行。
青_2008_00728,青岛,2008,北方度假投资,52,女,6.5,70.9,0.5,106.3,2,0,否,B,research,0.46,0.5,0.95,0.64,0.49,0.59,0.0,0.05,0.62,投资-长持,一室一厅,94,6765,上市公司退休联合创始人,成熟期核心家庭,青岛中环品质两居，车位及空间极其拥挤,老小区隔音差，邻里滋扰严重，且车位严重匮乏，每晚加班回来抢车位像打仗。,要求有超大面宽南向双阳台（观景家政分离），主卧大飘窗能270度直面自然景观。,在市中心核心写字楼工作，首选半小时核心通勤圈内。,倡导轻户外，周末常带家人自驾野营或山系徒步，注重生活情调与手作咖啡。,名下持有一套旧两居，置换回款 65% + 个人理财储蓄补充 + 公积金商业贷,重性价比，不盲信大牌，但要求物业管理有序、绿化修剪及时、人防技防规范。,每年11月至次年3月到此度过漫长冬季，极其依赖周边的康养及适老化服务。
青_2008_00729,青岛,2008,学区刚需,41,男,1.1,5.8,0.3,14.5,3,1,否,C,agent,1,0.51,0.34,0.25,0.44,0.7,0.71,0.96,0.4,学区房,两室一厅,68,1500,区财政局科员,三口之家(学龄段),与父母同住，三代人拥挤在旧区小户型老房中,小区无地下车库且人车不分流，小孩在楼下玩耍或者推婴儿车极为不安全。,讲究超高得房率（超85%），主卧套房必须配备独立步入式衣帽间与干湿分离双卫。,在市中心核心写字楼工作，首选半小时核心通勤圈内。,爱猫狗，喜欢烹饪和插花，主打经济舒适的生活小确幸。,名下持有一套旧两居，置换回款 65% + 个人理财储蓄补充 + 公积金商业贷,重性价比，不盲信大牌，但要求物业管理有序、绿化修剪及时、人防技防规范。,本地常住人口，四季生活规律，度假频次为常规年假出行。
青_2008_00730,青岛,2008,本地改善,47,男,2.5,18.9,0.4,35.4,4,2,否,B,agent,0.62,0.5,0.77,0.41,0.48,0.88,0.68,0.56,0.58,自住-改善,两室一厅,85,2087,国企车间技术主任,二胎黄金期中大户型,青岛中环品质两居，车位及空间极其拥挤,小区无地下车库且人车不分流，小孩在楼下玩耍或者推婴儿车极为不安全。,要求有超大面宽南向双阳台（观景家政分离），主卧大飘窗能270度直面自然景观。,在市中心核心写字楼工作，首选半小时核心通勤圈内。,倡导轻户外，周末常带家人自驾野营或山系徒步，注重生活情调与手作咖啡。,名下持有一套旧两居，置换回款 65% + 个人理财储蓄补充 + 公积金商业贷,重性价比，不盲信大牌，但要求物业管理有序、绿化修剪及时、人防技防规范。,本地常住人口，四季生活规律，度假频次为常规年假出行。
青_2008_00731,青岛,2008,本地改善,41,女,1.7,12.4,0.4,23.3,4,2,是,B,agent,0.78,0.43,0.81,0.47,0.39,1,0.62,0.59,0.64,自住-改善,一室一厅,91,1501,国企车间技术主任,二胎黄金期中大户型,青岛中环品质两居，车位及空间极其拥挤,小区无地下车库且人车不分流，小孩在楼下玩耍或者推婴儿车极为不安全。,要求有超大面宽南向双阳台（观景家政分离），主卧大飘窗能270度直面自然景观。,在市中心核心写字楼工作，首选半小时核心通勤圈内。,倡导轻户外，周末常带家人自驾野营或山系徒步，注重生活情调与手作咖啡。,名下持有一套旧两居，置换回款 65% + 个人理财储蓄补充 + 公积金商业贷,重性价比，不盲信大牌，但要求物业管理有序、绿化修剪及时、人防技防规范。,本地常住人口，四季生活规律，度假频次为常规年假出行。
青_2008_00732,青岛,2008,本地改善,41,女,2.1,17.9,0.4,33.6,4,0,是,B,agent,1.0,0.42,0.8,0.45,0.48,0.74,0.53,0.74,0.57,自住-改善,两室两厅,59,4903,区财政局科员,成熟期核心家庭,青岛中环品质两居，车位及空间极其拥挤,当前房屋属于旧多层无电梯房，父母年纪渐高每天爬楼梯极为吃力。,要求有超大面宽南向双阳台（观景家政分离），主卧大飘窗能270度直面自然景观。,在市中心核心写字楼工作，首选半小时核心通勤圈内。,倡导轻户外，周末常带家人自驾野营或山系徒步，注重生活情调与手作咖啡。,名下持有一套旧两居，置换回款 65% + 个人理财储蓄补充 + 公积金商业贷,重性价比，不盲信大牌，但要求物业管理有序、绿化修剪及时、人防技防规范。,本地常住人口，四季生活规律，度假频次为常规年假出行。
青_2008_00733,青岛,2008,学区刚需,44,女,1.0,5.2,0.3,13.0,2,1,是,C,agent,0.78,0.36,0.38,0.41,0.56,0.73,0.61,0.99,0.37,学区房,一室一厅,80,1086,区财政局科员,三口之家(学龄段),与父母同住，三代人拥挤在旧区小户型老房中,小区无地下车库且人车不分流，小孩在楼下玩耍或者推婴儿车极为不安全。,讲究超高得房率（超85%），主卧套房必须配备独立步入式衣帽间与干湿分离双卫。,在市中心核心写字楼工作，首选半小时核心通勤圈内。,爱猫狗，喜欢烹饪和插花，主打经济舒适的生活小确幸。,名下持有一套旧两居，置换回款 65% + 个人理财储蓄补充 + 公积金商业贷,重性价比，不盲信大牌，但要求物业管理有序、绿化修剪及时、人防技防规范。,本地常住人口，四季生活规律，度假频次为常规年假出行。
青_2008_00734,青岛,2008,本地改善,53,男,1.8,17.7,0.4,33.3,5,1,否,B,agent,0.56,0.52,0.71,0.61,0.38,0.75,0.45,0.68,0.38,自住-改善,两室一厅,88,3116,邮政局局长秘书,三口之家(学龄段),青岛中环品质两居，车位及空间极其拥挤,小区无地下车库且人车不分流，小孩在楼下玩耍或者推婴儿车极为不安全。,要求有超大面宽南向双阳台（观景家政分离），主卧大飘窗能270度直面自然景观。,在市中心核心写字楼工作，首选半小时核心通勤圈内。,倡导轻户外，周末常带家人自驾野营或山系徒步，注重生活情调与手作咖啡。,名下持有一套旧两居，置换回款 65% + 个人理财储蓄补充 + 公积金商业贷,重性价比，不盲信大牌，但要求物业管理有序、绿化修剪及时、人防技防规范。,本地常住人口，四季生活规律，度假频次为常规年假出行。
青_2008_00735,青岛,2008,本地改善,36,男,1.7,16.5,0.4,30.9,5,1,是,B,agent,0.66,0.54,0.84,0.5,0.42,0.91,0.64,0.82,0.48,自住-改善,两室两厅,100,1605,区财政局科员,三口之家(幼龄段),青岛中环品质两居，车位及空间极其拥挤,小区无地下车库且人车不分流，小孩在楼下玩耍或者推婴儿车极为不安全。,要求有超大面宽南向双阳台（观景家政分离），主卧大飘窗能270度直面自然景观。,在市中心核心写字楼工作，首选半小时核心通勤圈内。,倡导轻户外，周末常带家人自驾野营或山系徒步，注重生活情调与手作咖啡。,名下持有一套旧两居，置换回款 65% + 个人理财储蓄补充 + 公积金商业贷,重性价比，不盲信大牌，但要求物业管理有序、绿化修剪及时、人防技防规范。,本地常住人口，四季生活规律，度假频次为常规年假出行。
青_2008_00736,青岛,2008,本地改善,36,女,1.7,16.4,0.4,30.8,5,2,是,B,agent,0.63,0.48,0.83,0.55,0.55,0.87,0.45,0.55,0.37,自住-改善,两室一厅,67,3804,市第二中学地理教师,二胎黄金期中大户型,青岛中环品质两居，车位及空间极其拥挤,小区无地下车库且人车不分流，小孩在楼下玩耍或者推婴儿车极为不安全。,要求有超大面宽南向双阳台（观景家政分离），主卧大飘窗能270度直面自然景观。,在市中心核心写字楼工作，首选半小时核心通勤圈内。,倡导轻户外，周末常带家人自驾野营或山系徒步，注重生活情调与手作咖啡。,名下持有一套旧两居，置换回款 65% + 个人理财储蓄补充 + 公积金商业贷,重性价比，不盲信大牌，但要求物业管理有序、绿化修剪及时、人防技防规范。,本地常住人口，四季生活规律，度假频次为常规年假出行。
青_2008_00737,青岛,2008,本地改善,53,男,2.7,17.7,0.4,33.1,4,1,是,B,agent,0.58,0.54,0.86,0.41,0.36,0.77,0.52,0.74,0.5,自住-改善,两室两厅,70,3147,区财政局科员,三口之家(学龄段),青岛中环品质两居，车位及空间极其拥挤,小区无地下车库且人车不分流，小孩在楼下玩耍或者推婴儿车极为不安全。,要求有超大面宽南向双阳台（观景家政分离），主卧大飘窗能270度直面自然景观。,在市中心核心写字楼工作，首选半小时核心通勤圈内。,倡导轻户外，周末常带家人自驾野营或山系徒步，注重生活情调与手作咖啡。,名下持有一套旧两居，置换回款 65% + 个人理财储蓄补充 + 公积金商业贷,重性价比，不盲信大牌，但要求物业管理有序、绿化修剪及时、人防技防规范。,本地常住人口，四季生活规律，度假频次为常规年假出行。
青_2008_00738,青岛,2008,本地改善,43,女,1.8,16.3,0.4,30.5,5,1,否,B,agent,0.71,0.49,0.76,0.37,0.5,0.74,0.64,0.62,0.61,自住-改善,一室一厅,92,2329,国企车间技术主任,三口之家(学龄段),青岛中环品质两居，车位及空间极其拥挤,小区无地下车库且人车不分流，小孩在楼下玩耍或者推婴儿车极为不安全。,要求有超大面宽南向双阳台（观景家政分离），主卧大飘窗能270度直面自然景观。,在市中心核心写字楼工作，首选半小时核心通勤圈内。,倡导轻户外，周末常带家人自驾野营或山系徒步，注重生活情调与手作咖啡。,名下持有一套旧两居，置换回款 65% + 个人理财储蓄补充 + 公积金商业贷,重性价比，不盲信大牌，但要求物业管理有序、绿化修剪及时、人防技防规范。,本地常住人口，四季生活规律，度假频次为常规年假出行。
青_2008_00739,青岛,2008,山东省内异地,50,女,1.4,10.7,0.45,17.9,3,1,是,C,network,0.47,0.61,0.8,0.6,0.47,0.69,0.11,0.45,0.52,自住-首套,两室两厅,99,1346,市第二中学地理教师,三口之家(学龄段),与父母同住，三代人拥挤在旧区小户型老房中,小区无地下车库且人车不分流，小孩在楼下玩耍或者推婴儿车极为不安全。,要求有超大面宽南向双阳台（观景家政分离），主卧大飘窗能270度直面自然景观。,在市中心核心写字楼工作，首选半小时核心通勤圈内。,爱猫狗，喜欢烹饪和插花，主打经济舒适的生活小确幸。,夫妻双方积蓄 + 双方父母出资赞助首付 + 公积金商业组合贷款,重性价比，不盲信大牌，但要求物业管理有序、绿化修剪及时、人防技防规范。,本地常住人口，四季生活规律，度假频次为常规年假出行。
青_2008_00740,青岛,2008,本地改善,46,男,3.4,31.7,0.4,59.5,3,1,否,B,agent,0.57,0.45,0.68,0.53,0.45,0.75,0.7,0.8,0.5,自住-改善,两室一厅,90,4282,邮政局局长秘书,三口之家(学龄段),青岛中环品质两居，车位及空间极其拥挤,小区无地下车库且人车不分流，小孩在楼下玩耍或者推婴儿车极为不安全。,讲究超高得房率（超85%），主卧套房必须配备独立步入式衣帽间与干湿分离双卫。,在市中心核心写字楼工作，首选半小时核心通勤圈内。,倡导轻户外，周末常带家人自驾野营或山系徒步，注重生活情调与手作咖啡。,名下持有一套旧两居，置换回款 65% + 个人理财储蓄补充 + 公积金商业贷,重性价比，不盲信大牌，但要求物业管理有序、绿化修剪及时、人防技防规范。,本地常住人口，四季生活规律，度假频次为常规年假出行。
青_2008_00741,青岛,2008,本地改善,39,女,3.9,33.3,0.4,62.4,3,1,是,B,agent,1,0.52,0.74,0.38,0.44,0.88,0.54,0.73,0.59,自住-改善,两室一厅,95,4593,邮政局局长秘书,三口之家(学龄段),青岛中环品质两居，车位及空间极其拥挤,小区无地下车库且人车不分流，小孩在楼下玩耍或者推婴儿车极为不安全。,要求有超大面宽南向双阳台（观景家政分离），主卧大飘窗能270度直面自然景观。,在市中心核心写字楼工作，首选半小时核心通勤圈内。,倡导轻户外，周末常带家人自驾野营或山系徒步，注重生活情调与手作咖啡。,名下持有一套旧两居，置换回款 65% + 个人理财储蓄补充 + 公积金商业贷,重性价比，不盲信大牌，但要求物业管理有序、绿化修剪及时、人防技防规范。,本地常住人口，四季生活规律，度假频次为常规年假出行。
青_2008_00742,青岛,2008,高端海景收藏,51,女,16.3,209.3,0.6,261.6,3,0,是,A,network,0.64,0.31,1,0.8,0.69,0.67,0,0.05,0.89,投资-长持,三室两厅,133,17174,上市公司退休联合创始人,成熟期核心家庭,西湖边高精平层,当前房屋属于旧多层无电梯房，父母年纪渐高每天爬楼梯极为吃力。,要求独立电梯入户，主次卧动线分明，配备独立保姆房和私密后院。,在市中心核心写字楼工作，首选半小时核心通勤圈内。,周末常去高端商圈消费，热衷打网球和马术，重度手冲咖啡及黑胶唱片发烧友。,名下已有企业股权套现或分红现金，一次性全款付清，基本不加杠杆,非仁恒、绿城、万科等金牌开发商不买，极度看重高端精装质量与顶级物业的增值口碑。,本地常住人口，四季生活规律，度假频次为常规年假出行。
青_2008_00743,青岛,2008,北方度假投资,48,男,6.0,44.2,0.5,66.3,2,0,否,B,research,0.95,0.62,1,0.65,0.43,0.46,0,0.16,0.75,投资-长持,两室两厅,57,8350,知名中医药连锁投资人,成熟期核心家庭,青岛中环品质两居，车位及空间极其拥挤,老小区隔音差，邻里滋扰严重，且车位严重匮乏，每晚加班回来抢车位像打仗。,要求有超大面宽南向双阳台（观景家政分离），主卧大飘窗能270度直面自然景观。,在市中心核心写字楼工作，首选半小时核心通勤圈内。,倡导轻户外，周末常带家人自驾野营或山系徒步，注重生活情调与手作咖啡。,名下持有一套旧两居，置换回款 65% + 个人理财储蓄补充 + 公积金商业贷,非仁恒、绿城、万科等金牌开发商不买，极度看重高端精装质量与顶级物业的增值口碑。,每年11月至次年3月到此度过漫长冬季，极其依赖周边的康养及适老化服务。
青_2008_00744,青岛,2008,本地改善,54,男,2.3,14.9,0.4,27.9,4,1,是,B,agent,0.77,0.39,0.79,0.41,0.48,0.88,0.76,0.59,0.53,自住-改善,两室两厅,63,3573,市第二中学地理教师,三口之家(学龄段),青岛中环品质两居，车位及空间极其拥挤,小区无地下车库且人车不分流，小孩在楼下玩耍或者推婴儿车极为不安全。,要求有超大面宽南向双阳台（观景家政分离），主卧大飘窗能270度直面自然景观。,在市中心核心写字楼工作，首选半小时核心通勤圈内。,倡导轻户外，周末常带家人自驾野营或山系徒步，注重生活情调与手作咖啡。,名下持有一套旧两居，置换回款 65% + 个人理财储蓄补充 + 公积金商业贷,重性价比，不盲信大牌，但要求物业管理有序、绿化修剪及时、人防技防规范。,本地常住人口，四季生活规律，度假频次为常规年假出行。
青_2008_00745,青岛,2008,山东省内异地,44,女,2.8,18.6,0.45,31.0,2,1,否,C,network,0.81,0.5,0.88,0.6,0.54,0.66,0.03,0.36,0.39,自住-首套,两室一厅,78,3540,国企车间技术主任,三口之家(学龄段),与父母同住，三代人拥挤在旧区小户型老房中,小区无地下车库且人车不分流，小孩在楼下玩耍或者推婴儿车极为不安全。,要求有超大面宽南向双阳台（观景家政分离），主卧大飘窗能270度直面自然景观。,在市中心核心写字楼工作，首选半小时核心通勤圈内。,爱猫狗，喜欢烹饪和插花，主打经济舒适的生活小确幸。,夫妻双方积蓄 + 双方父母出资赞助首付 + 公积金商业组合贷款,重性价比，不盲信大牌，但要求物业管理有序、绿化修剪及时、人防技防规范。,本地常住人口，四季生活规律，度假频次为常规年假出行。
青_2008_00746,青岛,2008,本地改善,46,男,1.7,9.4,0.4,17.7,4,1,是,B,agent,0.44,0.6,0.7,0.58,0.51,0.81,0.66,0.69,0.41,自住-改善,两室一厅,60,2486,区财政局科员,三口之家(学龄段),青岛中环品质两居，车位及空间极其拥挤,小区无地下车库且人车不分流，小孩在楼下玩耍或者推婴儿车极为不安全。,要求有超大面宽南向双阳台（观景家政分离），主卧大飘窗能270度直面自然景观。,在市中心核心写字楼工作，首选半小时核心通勤圈内。,倡导轻户外，周末常带家人自驾野营或山系徒步，注重生活情调与手作咖啡。,名下持有一套旧两居，置换回款 65% + 个人理财储蓄补充 + 公积金商业贷,重性价比，不盲信大牌，但要求物业管理有序、绿化修剪及时、人防技防规范。,本地常住人口，四季生活规律，度假频次为常规年假出行。
青_2008_00747,青岛,2008,本地改善,36,男,1.8,11.6,0.4,21.7,3,1,否,B,agent,0.66,0.45,0.76,0.67,0.53,1.0,0.68,0.83,0.56,自住-改善,两室两厅,83,1676,市第二中学地理教师,三口之家(幼龄段),青岛中环品质两居，车位及空间极其拥挤,小区无地下车库且人车不分流，小孩在楼下玩耍或者推婴儿车极为不安全。,要求有超大面宽南向双阳台（观景家政分离），主卧大飘窗能270度直面自然景观。,在市中心核心写字楼工作，首选半小时核心通勤圈内。,倡导轻户外，周末常带家人自驾野营或山系徒步，注重生活情调与手作咖啡。,名下持有一套旧两居，置换回款 65% + 个人理财储蓄补充 + 公积金商业贷,重性价比，不盲信大牌，但要求物业管理有序、绿化修剪及时、人防技防规范。,本地常住人口，四季生活规律，度假频次为常规年假出行。
青_2008_00748,青岛,2008,本地改善,35,女,1.8,14.1,0.4,26.4,4,1,否,B,agent,0.54,0.61,0.8,0.44,0.27,0.91,0.56,0.68,0.61,自住-改善,两室两厅,60,2846,区财政局科员,三口之家(幼龄段),青岛中环品质两居，车位及空间极其拥挤,小区无地下车库且人车不分流，小孩在楼下玩耍或者推婴儿车极为不安全。,要求有超大面宽南向双阳台（观景家政分离），主卧大飘窗能270度直面自然景观。,在市中心核心写字楼工作，首选半小时核心通勤圈内。,倡导轻户外，周末常带家人自驾野营或山系徒步，注重生活情调与手作咖啡。,名下持有一套旧两居，置换回款 65% + 个人理财储蓄补充 + 公积金商业贷,重性价比，不盲信大牌，但要求物业管理有序、绿化修剪及时、人防技防规范。,本地常住人口，四季生活规律，度假频次为常规年假出行。
青_2008_00749,青岛,2008,山东省内异地,54,女,4.9,46.5,0.45,77.5,3,1,否,C,network,0.89,0.57,0.89,0.55,0.55,0.58,0.19,0.51,0.51,自住-改善,一室一厅,99,5105,邮政局局长秘书,三口之家(学龄段),与父母同住，三代人拥挤在旧区小户型老房中,小区无地下车库且人车不分流，小孩在楼下玩耍或者推婴儿车极为不安全。,要求有超大面宽南向双阳台（观景家政分离），主卧大飘窗能270度直面自然景观。,在市中心核心写字楼工作，首选半小时核心通勤圈内。,爱猫狗，喜欢烹饪和插花，主打经济舒适的生活小确幸。,名下持有一套旧两居，置换回款 65% + 个人理财储蓄补充 + 公积金商业贷,重性价比，不盲信大牌，但要求物业管理有序、绿化修剪及时、人防技防规范。,本地常住人口，四季生活规律，度假频次为常规年假出行。
青_2008_00750,青岛,2008,本地改善,51,女,2.4,18.7,0.4,35.0,5,1,否,B,agent,0.74,0.51,0.74,0.46,0.55,0.86,0.79,0.84,0.48,自住-改善,一室一厅,78,3170,国企车间技术主任,三口之家(学龄段),青岛中环品质两居，车位及空间极其拥挤,小区无地下车库且人车不分流，小孩在楼下玩耍或者推婴儿车极为不安全。,要求有超大面宽南向双阳台（观景家政分离），主卧大飘窗能270度直面自然景观。,在市中心核心写字楼工作，首选半小时核心通勤圈内。,倡导轻户外，周末常带家人自驾野营或山系徒步，注重生活情调与手作咖啡。,名下持有一套旧两居，置换回款 65% + 个人理财储蓄补充 + 公积金商业贷,重性价比，不盲信大牌，但要求物业管理有序、绿化修剪及时、人防技防规范。,本地常住人口，四季生活规律，度假频次为常规年假出行。
青_2008_00751,青岛,2008,学区刚需,36,女,2.0,10.5,0.3,26.4,2,1,是,C,agent,0.82,0.56,0.45,0.36,0.46,0.85,0.6,0.89,0.48,学区房,一室一厅,57,4057,国企车间技术主任,三口之家(幼龄段),与父母同住，三代人拥挤在旧区小户型老房中,小区无地下车库且人车不分流，小孩在楼下玩耍或者推婴儿车极为不安全。,讲究超高得房率（超85%），主卧套房必须配备独立步入式衣帽间与干湿分离双卫。,在市中心核心写字楼工作，首选半小时核心通勤圈内。,爱猫狗，喜欢烹饪和插花，主打经济舒适的生活小确幸。,名下持有一套旧两居，置换回款 65% + 个人理财储蓄补充 + 公积金商业贷,重性价比，不盲信大牌，但要求物业管理有序、绿化修剪及时、人防技防规范。,本地常住人口，四季生活规律，度假频次为常规年假出行。
青_2008_00752,青岛,2008,山东省内异地,40,女,3.7,36.9,0.45,61.5,3,0,是,C,network,0.74,0.41,0.86,0.65,0.53,0.76,0,0.41,0.35,自住-首套,两室一厅,63,6469,国企车间技术主任,成熟期核心家庭,与父母同住，三代人拥挤在旧区小户型老房中,当前房屋属于旧多层无电梯房，父母年纪渐高每天爬楼梯极为吃力。,要求有超大面宽南向双阳台（观景家政分离），主卧大飘窗能270度直面自然景观。,在市中心核心写字楼工作，首选半小时核心通勤圈内。,爱猫狗，喜欢烹饪和插花，主打经济舒适的生活小确幸。,夫妻双方积蓄 + 双方父母出资赞助首付 + 公积金商业组合贷款,重性价比，不盲信大牌，但要求物业管理有序、绿化修剪及时、人防技防规范。,本地常住人口，四季生活规律，度假频次为常规年假出行。
青_2008_00753,青岛,2008,本地改善,47,男,3.0,17.9,0.4,33.6,4,1,是,B,agent,0.68,0.45,0.83,0.58,0.47,0.9,0.64,0.68,0.57,自住-改善,两室两厅,64,2623,市第二中学地理教师,三口之家(学龄段),青岛中环品质两居，车位及空间极其拥挤,小区无地下车库且人车不分流，小孩在楼下玩耍或者推婴儿车极为不安全。,要求有超大面宽南向双阳台（观景家政分离），主卧大飘窗能270度直面自然景观。,在市中心核心写字楼工作，首选半小时核心通勤圈内。,倡导轻户外，周末常带家人自驾野营或山系徒步，注重生活情调与手作咖啡。,名下持有一套旧两居，置换回款 65% + 个人理财储蓄补充 + 公积金商业贷,重性价比，不盲信大牌，但要求物业管理有序、绿化修剪及时、人防技防规范。,本地常住人口，四季生活规律，度假频次为常规年假出行。
青_2008_00754,青岛,2008,山东省内异地,50,女,2.1,15.9,0.45,26.5,3,1,否,C,network,0.7,0.54,0.87,0.54,0.64,0.84,0.08,0.44,0.59,自住-首套,两室两厅,58,3902,国企车间技术主任,三口之家(学龄段),与父母同住，三代人拥挤在旧区小户型老房中,小区无地下车库且人车不分流，小孩在楼下玩耍或者推婴儿车极为不安全。,要求有超大面宽南向双阳台（观景家政分离），主卧大飘窗能270度直面自然景观。,在市中心核心写字楼工作，首选半小时核心通勤圈内。,爱猫狗，喜欢烹饪和插花，主打经济舒适的生活小确幸。,夫妻双方积蓄 + 双方父母出资赞助首付 + 公积金商业组合贷款,重性价比，不盲信大牌，但要求物业管理有序、绿化修剪及时、人防技防规范。,本地常住人口，四季生活规律，度假频次为常规年假出行。
青_2008_00755,青岛,2008,本地改善,46,男,2.3,20.0,0.4,37.4,4,1,否,B,agent,0.87,0.57,0.63,0.4,0.45,0.9,0.52,0.69,0.56,自住-改善,两室两厅,76,2940,邮政局局长秘书,三口之家(学龄段),青岛中环品质两居，车位及空间极其拥挤,小区无地下车库且人车不分流，小孩在楼下玩耍或者推婴儿车极为不安全。,讲究超高得房率（超85%），主卧套房必须配备独立步入式衣帽间与干湿分离双卫。,在市中心核心写字楼工作，首选半小时核心通勤圈内。,倡导轻户外，周末常带家人自驾野营或山系徒步，注重生活情调与手作咖啡。,名下持有一套旧两居，置换回款 65% + 个人理财储蓄补充 + 公积金商业贷,重性价比，不盲信大牌，但要求物业管理有序、绿化修剪及时、人防技防规范。,本地常住人口，四季生活规律，度假频次为常规年假出行。
青_2008_00756,青岛,2008,山东省内异地,43,男,3.4,20.2,0.45,33.6,3,1,是,C,network,0.67,0.42,0.81,0.56,0.59,0.83,0.08,0.23,0.62,自住-改善,两室两厅,84,2288,国企车间技术主任,三口之家(学龄段),与父母同住，三代人拥挤在旧区小户型老房中,小区无地下车库且人车不分流，小孩在楼下玩耍或者推婴儿车极为不安全。,要求有超大面宽南向双阳台（观景家政分离），主卧大飘窗能270度直面自然景观。,在市中心核心写字楼工作，首选半小时核心通勤圈内。,爱猫狗，喜欢烹饪和插花，主打经济舒适的生活小确幸。,名下持有一套旧两居，置换回款 65% + 个人理财储蓄补充 + 公积金商业贷,重性价比，不盲信大牌，但要求物业管理有序、绿化修剪及时、人防技防规范。,本地常住人口，四季生活规律，度假频次为常规年假出行。
青_2008_00757,青岛,2008,山东省内异地,50,女,2.2,18.3,0.45,30.5,3,1,否,C,network,0.71,0.66,0.76,0.51,0.54,0.66,0,0.3,0.61,自住-改善,两室一厅,57,2785,市第二中学地理教师,三口之家(学龄段),与父母同住，三代人拥挤在旧区小户型老房中,小区无地下车库且人车不分流，小孩在楼下玩耍或者推婴儿车极为不安全。,要求有超大面宽南向双阳台（观景家政分离），主卧大飘窗能270度直面自然景观。,在市中心核心写字楼工作，首选半小时核心通勤圈内。,爱猫狗，喜欢烹饪和插花，主打经济舒适的生活小确幸。,名下持有一套旧两居，置换回款 65% + 个人理财储蓄补充 + 公积金商业贷,重性价比，不盲信大牌，但要求物业管理有序、绿化修剪及时、人防技防规范。,本地常住人口，四季生活规律，度假频次为常规年假出行。
青_2008_00758,青岛,2008,高端海景收藏,49,男,14.5,198.0,0.6,247.5,2,0,否,A,network,0.67,0.19,0.91,0.82,0.7,0.75,0,0,1,度假,三室两厅,96,15383,高端海景资产收藏家,成熟期核心家庭,陆家嘴核心区江景大平层,无高端私密会所及管家式物业配套，圈层鱼龙混杂，高净值居住体验差。,要求独立电梯入户，主次卧动线分明，配备独立保姆房和私密后院。,在市中心核心写字楼工作，首选半小时核心通勤圈内。,周末常去高端商圈消费，热衷打网球和马术，重度手冲咖啡及黑胶唱片发烧友。,名下已有企业股权套现或分红现金，一次性全款付清，基本不加杠杆,非仁恒、绿城、万科等金牌开发商不买，极度看重高端精装质量与顶级物业的增值口碑。,本地常住人口，四季生活规律，度假频次为常规年假出行。
青_2008_00759,青岛,2008,山东省内异地,47,男,4.3,37.3,0.45,62.1,3,1,是,C,network,0.34,0.63,0.88,0.7,0.59,0.81,0.0,0.4,0.55,自住-首套,一室一厅,77,4525,国企车间技术主任,三口之家(学龄段),与父母同住，三代人拥挤在旧区小户型老房中,小区无地下车库且人车不分流，小孩在楼下玩耍或者推婴儿车极为不安全。,要求有超大面宽南向双阳台（观景家政分离），主卧大飘窗能270度直面自然景观。,在市中心核心写字楼工作，首选半小时核心通勤圈内。,爱猫狗，喜欢烹饪和插花，主打经济舒适的生活小确幸。,夫妻双方积蓄 + 双方父母出资赞助首付 + 公积金商业组合贷款,重性价比，不盲信大牌，但要求物业管理有序、绿化修剪及时、人防技防规范。,本地常住人口，四季生活规律，度假频次为常规年假出行。
青_2008_00760,青岛,2008,山东省内异地,60,男,2.7,25.6,0.45,42.6,3,1,是,C,network,0.59,0.57,0.89,0.63,0.62,0.83,0,0.23,0.5,自住-改善,一室一厅,64,3554,区财政局科员,三口之家(学龄段),与父母同住，三代人拥挤在旧区小户型老房中,小区无地下车库且人车不分流，小孩在楼下玩耍或者推婴儿车极为不安全。,要求有超大面宽南向双阳台（观景家政分离），主卧大飘窗能270度直面自然景观。,在市中心核心写字楼工作，首选半小时核心通勤圈内。,爱猫狗，喜欢烹饪和插花，主打经济舒适的生活小确幸。,名下持有一套旧两居，置换回款 65% + 个人理财储蓄补充 + 公积金商业贷,重性价比，不盲信大牌，但要求物业管理有序、绿化修剪及时、人防技防规范。,本地常住人口，四季生活规律，度假频次为常规年假出行。
青_2008_00761,青岛,2008,学区刚需,30,女,1.9,8.5,0.3,21.2,3,1,是,C,agent,0.95,0.55,0.37,0.42,0.5,0.73,0.44,0.93,0.49,学区房,两室一厅,94,1133,区财政局科员,三口之家(幼龄段),与父母同住，三代人拥挤在旧区小户型老房中,小区无地下车库且人车不分流，小孩在楼下玩耍或者推婴儿车极为不安全。,讲究超高得房率（超85%），主卧套房必须配备独立步入式衣帽间与干湿分离双卫。,在市中心核心写字楼工作，首选半小时核心通勤圈内。,爱猫狗，喜欢烹饪和插花，主打经济舒适的生活小确幸。,名下持有一套旧两居，置换回款 65% + 个人理财储蓄补充 + 公积金商业贷,重性价比，不盲信大牌，但要求物业管理有序、绿化修剪及时、人防技防规范。,本地常住人口，四季生活规律，度假频次为常规年假出行。
青_2008_00762,青岛,2008,本地改善,43,女,2.3,16.3,0.4,30.7,3,0,否,B,agent,0.78,0.58,0.78,0.43,0.49,0.78,0.58,0.8,0.42,自住-改善,一室一厅,77,3280,区财政局科员,成熟期核心家庭,青岛中环品质两居，车位及空间极其拥挤,老小区隔音差，邻里滋扰严重，且车位严重匮乏，每晚加班回来抢车位像打仗。,要求有超大面宽南向双阳台（观景家政分离），主卧大飘窗能270度直面自然景观。,在市中心核心写字楼工作，首选半小时核心通勤圈内。,倡导轻户外，周末常带家人自驾野营或山系徒步，注重生活情调与手作咖啡。,名下持有一套旧两居，置换回款 65% + 个人理财储蓄补充 + 公积金商业贷,重性价比，不盲信大牌，但要求物业管理有序、绿化修剪及时、人防技防规范。,本地常住人口，四季生活规律，度假频次为常规年假出行。
青_2008_00763,青岛,2008,山东省内异地,42,女,4.7,43.9,0.45,73.1,2,1,否,C,network,0.82,0.59,0.89,0.58,0.51,0.65,0,0.43,0.49,自住-改善,两室一厅,57,10141,邮政局局长秘书,三口之家(学龄段),与父母同住，三代人拥挤在旧区小户型老房中,小区无地下车库且人车不分流，小孩在楼下玩耍或者推婴儿车极为不安全。,要求有超大面宽南向双阳台（观景家政分离），主卧大飘窗能270度直面自然景观。,在市中心核心写字楼工作，首选半小时核心通勤圈内。,爱猫狗，喜欢烹饪和插花，主打经济舒适的生活小确幸。,名下持有一套旧两居，置换回款 65% + 个人理财储蓄补充 + 公积金商业贷,重性价比，不盲信大牌，但要求物业管理有序、绿化修剪及时、人防技防规范。,本地常住人口，四季生活规律，度假频次为常规年假出行。
青_2008_00764,青岛,2008,学区刚需,35,女,1.7,9.7,0.3,24.2,3,1,否,C,agent,0.85,0.43,0.3,0.25,0.35,0.74,0.49,0.95,0.42,学区房,两室一厅,78,2700,邮政局局长秘书,三口之家(幼龄段),与父母同住，三代人拥挤在旧区小户型老房中,小区无地下车库且人车不分流，小孩在楼下玩耍或者推婴儿车极为不安全。,讲究超高得房率（超85%），主卧套房必须配备独立步入式衣帽间与干湿分离双卫。,在市中心核心写字楼工作，首选半小时核心通勤圈内。,爱猫狗，喜欢烹饪和插花，主打经济舒适的生活小确幸。,名下持有一套旧两居，置换回款 65% + 个人理财储蓄补充 + 公积金商业贷,重性价比，不盲信大牌，但要求物业管理有序、绿化修剪及时、人防技防规范。,本地常住人口，四季生活规律，度假频次为常规年假出行。
青_2008_00765,青岛,2008,本地改善,54,女,2.7,24.4,0.4,45.8,4,1,否,B,agent,0.58,0.55,0.76,0.48,0.52,0.87,0.58,0.64,0.57,自住-改善,两室一厅,84,3118,国企车间技术主任,三口之家(学龄段),青岛中环品质两居，车位及空间极其拥挤,小区无地下车库且人车不分流，小孩在楼下玩耍或者推婴儿车极为不安全。,要求有超大面宽南向双阳台（观景家政分离），主卧大飘窗能270度直面自然景观。,在市中心核心写字楼工作，首选半小时核心通勤圈内。,倡导轻户外，周末常带家人自驾野营或山系徒步，注重生活情调与手作咖啡。,名下持有一套旧两居，置换回款 65% + 个人理财储蓄补充 + 公积金商业贷,重性价比，不盲信大牌，但要求物业管理有序、绿化修剪及时、人防技防规范。,本地常住人口，四季生活规律，度假频次为常规年假出行。
青_2008_00766,青岛,2008,北方度假投资,47,男,6.1,69.2,0.5,103.7,1,0,否,B,research,0.63,0.56,1,0.61,0.45,0.64,0.05,0.13,0.81,投资-短期,一室一厅,78,10471,上市公司退休联合创始人,成熟期核心家庭,青岛中环品质两居，车位及空间极其拥挤,老小区隔音差，邻里滋扰严重，且车位严重匮乏，每晚加班回来抢车位像打仗。,要求有超大面宽南向双阳台（观景家政分离），主卧大飘窗能270度直面自然景观。,在市中心核心写字楼工作，首选半小时核心通勤圈内。,倡导轻户外，周末常带家人自驾野营或山系徒步，注重生活情调与手作咖啡。,名下持有一套旧两居，置换回款 65% + 个人理财储蓄补充 + 公积金商业贷,非仁恒、绿城、万科等金牌开发商不买，极度看重高端精装质量与顶级物业的增值口碑。,每年11月至次年3月到此度过漫长冬季，极其依赖周边的康养及适老化服务。
青_2008_00767,青岛,2008,本地改善,51,女,3.3,26.8,0.4,50.2,4,1,否,B,agent,0.63,0.52,0.66,0.67,0.48,0.96,0.57,0.62,0.4,自住-改善,两室一厅,91,3266,市第二中学地理教师,三口之家(学龄段),青岛中环品质两居，车位及空间极其拥挤,小区无地下车库且人车不分流，小孩在楼下玩耍或者推婴儿车极为不安全。,讲究超高得房率（超85%），主卧套房必须配备独立步入式衣帽间与干湿分离双卫。,在市中心核心写字楼工作，首选半小时核心通勤圈内。,倡导轻户外，周末常带家人自驾野营或山系徒步，注重生活情调与手作咖啡。,名下持有一套旧两居，置换回款 65% + 个人理财储蓄补充 + 公积金商业贷,重性价比，不盲信大牌，但要求物业管理有序、绿化修剪及时、人防技防规范。,本地常住人口，四季生活规律，度假频次为常规年假出行。
青_2008_00768,青岛,2008,本地改善,47,女,2.4,24.5,0.4,46.0,5,2,否,B,agent,0.87,0.52,0.8,0.57,0.49,0.7,0.67,0.63,0.55,自住-改善,两室一厅,62,5900,邮政局局长秘书,二胎黄金期中大户型,青岛中环品质两居，车位及空间极其拥挤,小区无地下车库且人车不分流，小孩在楼下玩耍或者推婴儿车极为不安全。,要求有超大面宽南向双阳台（观景家政分离），主卧大飘窗能270度直面自然景观。,在市中心核心写字楼工作，首选半小时核心通勤圈内。,倡导轻户外，周末常带家人自驾野营或山系徒步，注重生活情调与手作咖啡。,名下持有一套旧两居，置换回款 65% + 个人理财储蓄补充 + 公积金商业贷,重性价比，不盲信大牌，但要求物业管理有序、绿化修剪及时、人防技防规范。,本地常住人口，四季生活规律，度假频次为常规年假出行。
青_2008_00769,青岛,2008,本地改善,44,女,2.4,15.5,0.4,29.1,3,1,是,B,agent,0.62,0.26,0.75,0.54,0.62,0.98,0.52,0.59,0.48,自住-改善,两室一厅,99,1579,邮政局局长秘书,三口之家(学龄段),青岛中环品质两居，车位及空间极其拥挤,小区无地下车库且人车不分流，小孩在楼下玩耍或者推婴儿车极为不安全。,要求有超大面宽南向双阳台（观景家政分离），主卧大飘窗能270度直面自然景观。,在市中心核心写字楼工作，首选半小时核心通勤圈内。,倡导轻户外，周末常带家人自驾野营或山系徒步，注重生活情调与手作咖啡。,名下持有一套旧两居，置换回款 65% + 个人理财储蓄补充 + 公积金商业贷,重性价比，不盲信大牌，但要求物业管理有序、绿化修剪及时、人防技防规范。,本地常住人口，四季生活规律，度假频次为常规年假出行。
青_2008_00770,青岛,2008,本地改善,44,女,2.4,24.7,0.4,46.4,4,1,否,B,agent,0.85,0.4,0.83,0.36,0.53,0.84,0.5,0.58,0.57,自住-改善,两室一厅,54,7704,国企车间技术主任,三口之家(学龄段),青岛中环品质两居，车位及空间极其拥挤,小区无地下车库且人车不分流，小孩在楼下玩耍或者推婴儿车极为不安全。,要求有超大面宽南向双阳台（观景家政分离），主卧大飘窗能270度直面自然景观。,在市中心核心写字楼工作，首选半小时核心通勤圈内。,倡导轻户外，周末常带家人自驾野营或山系徒步，注重生活情调与手作咖啡。,名下持有一套旧两居，置换回款 65% + 个人理财储蓄补充 + 公积金商业贷,重性价比，不盲信大牌，但要求物业管理有序、绿化修剪及时、人防技防规范。,本地常住人口，四季生活规律，度假频次为常规年假出行。
青_2008_00771,青岛,2008,本地改善,50,女,3.2,19.1,0.4,35.9,4,1,否,B,agent,0.89,0.48,0.76,0.45,0.58,0.84,0.57,0.63,0.5,自住-改善,两室一厅,66,2750,邮政局局长秘书,三口之家(学龄段),青岛中环品质两居，车位及空间极其拥挤,小区无地下车库且人车不分流，小孩在楼下玩耍或者推婴儿车极为不安全。,要求有超大面宽南向双阳台（观景家政分离），主卧大飘窗能270度直面自然景观。,在市中心核心写字楼工作，首选半小时核心通勤圈内。,倡导轻户外，周末常带家人自驾野营或山系徒步，注重生活情调与手作咖啡。,名下持有一套旧两居，置换回款 65% + 个人理财储蓄补充 + 公积金商业贷,重性价比，不盲信大牌，但要求物业管理有序、绿化修剪及时、人防技防规范。,本地常住人口，四季生活规律，度假频次为常规年假出行。
青_2008_00772,青岛,2008,本地改善,39,女,1.1,11.2,0.4,20.9,3,2,是,B,agent,0.83,0.49,0.7,0.51,0.38,0.83,0.57,0.77,0.49,自住-改善,两室两厅,85,2194,区财政局科员,二胎黄金期中大户型,青岛中环品质两居，车位及空间极其拥挤,小区无地下车库且人车不分流，小孩在楼下玩耍或者推婴儿车极为不安全。,要求有超大面宽南向双阳台（观景家政分离），主卧大飘窗能270度直面自然景观。,在市中心核心写字楼工作，首选半小时核心通勤圈内。,倡导轻户外，周末常带家人自驾野营或山系徒步，注重生活情调与手作咖啡。,名下持有一套旧两居，置换回款 65% + 个人理财储蓄补充 + 公积金商业贷,重性价比，不盲信大牌，但要求物业管理有序、绿化修剪及时、人防技防规范。,本地常住人口，四季生活规律，度假频次为常规年假出行。
青_2008_00773,青岛,2008,本地改善,38,女,1.4,13.6,0.4,25.5,3,2,否,B,agent,0.51,0.6,0.78,0.47,0.39,0.87,0.59,0.74,0.45,自住-改善,一室一厅,71,2414,市第二中学地理教师,二胎黄金期中大户型,青岛中环品质两居，车位及空间极其拥挤,小区无地下车库且人车不分流，小孩在楼下玩耍或者推婴儿车极为不安全。,要求有超大面宽南向双阳台（观景家政分离），主卧大飘窗能270度直面自然景观。,在市中心核心写字楼工作，首选半小时核心通勤圈内。,倡导轻户外，周末常带家人自驾野营或山系徒步，注重生活情调与手作咖啡。,名下持有一套旧两居，置换回款 65% + 个人理财储蓄补充 + 公积金商业贷,重性价比，不盲信大牌，但要求物业管理有序、绿化修剪及时、人防技防规范。,本地常住人口，四季生活规律，度假频次为常规年假出行。
青_2008_00774,青岛,2008,本地改善,42,男,1.3,10.9,0.4,20.5,4,1,是,B,agent,0.68,0.52,0.72,0.44,0.35,0.96,0.45,0.68,0.61,自住-改善,一室一厅,55,2459,区财政局科员,三口之家(学龄段),青岛中环品质两居，车位及空间极其拥挤,小区无地下车库且人车不分流，小孩在楼下玩耍或者推婴儿车极为不安全。,要求有超大面宽南向双阳台（观景家政分离），主卧大飘窗能270度直面自然景观。,在市中心核心写字楼工作，首选半小时核心通勤圈内。,倡导轻户外，周末常带家人自驾野营或山系徒步，注重生活情调与手作咖啡。,名下持有一套旧两居，置换回款 65% + 个人理财储蓄补充 + 公积金商业贷,重性价比，不盲信大牌，但要求物业管理有序、绿化修剪及时、人防技防规范。,本地常住人口，四季生活规律，度假频次为常规年假出行。
青_2008_00775,青岛,2008,本地改善,40,女,2.1,14.9,0.4,27.9,3,2,是,B,agent,0.58,0.46,0.83,0.52,0.59,0.73,0.65,0.69,0.63,自住-改善,两室一厅,79,2404,邮政局局长秘书,二胎黄金期中大户型,青岛中环品质两居，车位及空间极其拥挤,小区无地下车库且人车不分流，小孩在楼下玩耍或者推婴儿车极为不安全。,要求有超大面宽南向双阳台（观景家政分离），主卧大飘窗能270度直面自然景观。,在市中心核心写字楼工作，首选半小时核心通勤圈内。,倡导轻户外，周末常带家人自驾野营或山系徒步，注重生活情调与手作咖啡。,名下持有一套旧两居，置换回款 65% + 个人理财储蓄补充 + 公积金商业贷,重性价比，不盲信大牌，但要求物业管理有序、绿化修剪及时、人防技防规范。,本地常住人口，四季生活规律，度假频次为常规年假出行。
青_2008_00776,青岛,2008,山东省内异地,52,男,2.3,19.1,0.45,31.8,2,0,是,C,network,0.6,0.6,0.9,0.53,0.4,0.78,0,0.48,0.46,自住-改善,一室一厅,73,2293,区财政局科员,成熟期核心家庭,与父母同住，三代人拥挤在旧区小户型老房中,当前房屋属于旧多层无电梯房，父母年纪渐高每天爬楼梯极为吃力。,要求有超大面宽南向双阳台（观景家政分离），主卧大飘窗能270度直面自然景观。,在市中心核心写字楼工作，首选半小时核心通勤圈内。,爱猫狗，喜欢烹饪和插花，主打经济舒适的生活小确幸。,名下持有一套旧两居，置换回款 65% + 个人理财储蓄补充 + 公积金商业贷,重性价比，不盲信大牌，但要求物业管理有序、绿化修剪及时、人防技防规范。,本地常住人口，四季生活规律，度假频次为常规年假出行。
青_2008_00777,青岛,2008,本地改善,43,男,1.6,10.6,0.4,19.9,4,1,是,B,agent,0.7,0.48,0.87,0.38,0.55,0.97,0.65,0.71,0.49,自住-改善,一室一厅,51,3396,邮政局局长秘书,三口之家(学龄段),青岛中环品质两居，车位及空间极其拥挤,小区无地下车库且人车不分流，小孩在楼下玩耍或者推婴儿车极为不安全。,要求有超大面宽南向双阳台（观景家政分离），主卧大飘窗能270度直面自然景观。,在市中心核心写字楼工作，首选半小时核心通勤圈内。,倡导轻户外，周末常带家人自驾野营或山系徒步，注重生活情调与手作咖啡。,名下持有一套旧两居，置换回款 65% + 个人理财储蓄补充 + 公积金商业贷,重性价比，不盲信大牌，但要求物业管理有序、绿化修剪及时、人防技防规范。,本地常住人口，四季生活规律，度假频次为常规年假出行。
青_2008_00778,青岛,2008,本地改善,45,女,2.3,18.2,0.4,34.2,5,1,是,B,agent,1,0.45,0.65,0.53,0.5,0.91,0.79,0.67,0.53,自住-改善,一室一厅,85,2692,区财政局科员,三口之家(学龄段),青岛中环品质两居，车位及空间极其拥挤,小区无地下车库且人车不分流，小孩在楼下玩耍或者推婴儿车极为不安全。,讲究超高得房率（超85%），主卧套房必须配备独立步入式衣帽间与干湿分离双卫。,在市中心核心写字楼工作，首选半小时核心通勤圈内。,倡导轻户外，周末常带家人自驾野营或山系徒步，注重生活情调与手作咖啡。,名下持有一套旧两居，置换回款 65% + 个人理财储蓄补充 + 公积金商业贷,重性价比，不盲信大牌，但要求物业管理有序、绿化修剪及时、人防技防规范。,本地常住人口，四季生活规律，度假频次为常规年假出行。
青_2008_00779,青岛,2008,北方度假投资,64,男,5.5,69.3,0.5,103.9,1,1,否,B,research,0.77,0.54,1,0.76,0.57,0.49,0,0,0.67,投资-短期,两室一厅,87,6158,高端海景资产收藏家,三口之家(学龄段),青岛中环品质两居，车位及空间极其拥挤,小区无地下车库且人车不分流，小孩在楼下玩耍或者推婴儿车极为不安全。,要求独立电梯入户，主次卧动线分明，配备独立保姆房和私密后院。,在市中心核心写字楼工作，首选半小时核心通勤圈内。,倡导轻户外，周末常带家人自驾野营或山系徒步，注重生活情调与手作咖啡。,名下持有一套旧两居，置换回款 65% + 个人理财储蓄补充 + 公积金商业贷,重性价比，不盲信大牌，但要求物业管理有序、绿化修剪及时、人防技防规范。,每年11月至次年3月到此度过漫长冬季，极其依赖周边的康养及适老化服务。
青_2008_00780,青岛,2008,本地改善,49,男,3.0,27.1,0.4,50.7,3,1,否,B,agent,0.4,0.53,0.69,0.32,0.56,0.82,0.69,0.79,0.66,自住-改善,两室两厅,93,3949,邮政局局长秘书,三口之家(学龄段),青岛中环品质两居，车位及空间极其拥挤,小区无地下车库且人车不分流，小孩在楼下玩耍或者推婴儿车极为不安全。,讲究超高得房率（超85%），主卧套房必须配备独立步入式衣帽间与干湿分离双卫。,在市中心核心写字楼工作，首选半小时核心通勤圈内。,倡导轻户外，周末常带家人自驾野营或山系徒步，注重生活情调与手作咖啡。,名下持有一套旧两居，置换回款 65% + 个人理财储蓄补充 + 公积金商业贷,重性价比，不盲信大牌，但要求物业管理有序、绿化修剪及时、人防技防规范。,本地常住人口，四季生活规律，度假频次为常规年假出行。
青_2008_00781,青岛,2008,山东省内异地,52,女,2.7,22.2,0.45,37.0,4,1,否,C,network,0.62,0.6,0.84,0.61,0.46,0.76,0,0.4,0.48,自住-首套,一室一厅,56,3624,国企车间技术主任,三口之家(学龄段),与父母同住，三代人拥挤在旧区小户型老房中,小区无地下车库且人车不分流，小孩在楼下玩耍或者推婴儿车极为不安全。,要求有超大面宽南向双阳台（观景家政分离），主卧大飘窗能270度直面自然景观。,在市中心核心写字楼工作，首选半小时核心通勤圈内。,爱猫狗，喜欢烹饪和插花，主打经济舒适的生活小确幸。,夫妻双方积蓄 + 双方父母出资赞助首付 + 公积金商业组合贷款,重性价比，不盲信大牌，但要求物业管理有序、绿化修剪及时、人防技防规范。,本地常住人口，四季生活规律，度假频次为常规年假出行。
青_2008_00782,青岛,2008,本地改善,55,女,1.0,9.4,0.4,17.6,4,1,否,B,agent,0.8,0.44,0.78,0.41,0.58,0.92,0.6,0.76,0.41,自住-改善,两室两厅,79,1285,邮政局局长秘书,三口之家(学龄段),青岛中环品质两居，车位及空间极其拥挤,小区无地下车库且人车不分流，小孩在楼下玩耍或者推婴儿车极为不安全。,要求有超大面宽南向双阳台（观景家政分离），主卧大飘窗能270度直面自然景观。,在市中心核心写字楼工作，首选半小时核心通勤圈内。,倡导轻户外，周末常带家人自驾野营或山系徒步，注重生活情调与手作咖啡。,名下持有一套旧两居，置换回款 65% + 个人理财储蓄补充 + 公积金商业贷,重性价比，不盲信大牌，但要求物业管理有序、绿化修剪及时、人防技防规范。,本地常住人口，四季生活规律，度假频次为常规年假出行。
青_2008_00783,青岛,2008,本地改善,48,男,3.1,19.5,0.4,36.6,3,1,是,B,agent,0.6,0.54,0.69,0.47,0.46,0.9,0.75,0.72,0.46,自住-改善,两室一厅,74,4435,国企车间技术主任,三口之家(学龄段),青岛中环品质两居，车位及空间极其拥挤,小区无地下车库且人车不分流，小孩在楼下玩耍或者推婴儿车极为不安全。,讲究超高得房率（超85%），主卧套房必须配备独立步入式衣帽间与干湿分离双卫。,在市中心核心写字楼工作，首选半小时核心通勤圈内。,倡导轻户外，周末常带家人自驾野营或山系徒步，注重生活情调与手作咖啡。,名下持有一套旧两居，置换回款 65% + 个人理财储蓄补充 + 公积金商业贷,重性价比，不盲信大牌，但要求物业管理有序、绿化修剪及时、人防技防规范。,本地常住人口，四季生活规律，度假频次为常规年假出行。
青_2008_00784,青岛,2008,本地改善,44,女,1.0,6.9,0.4,13.0,3,2,否,B,agent,0.73,0.51,0.64,0.68,0.54,0.87,0.53,0.79,0.61,自住-改善,两室一厅,68,1512,区财政局科员,二胎黄金期中大户型,青岛中环品质两居，车位及空间极其拥挤,小区无地下车库且人车不分流，小孩在楼下玩耍或者推婴儿车极为不安全。,讲究超高得房率（超85%），主卧套房必须配备独立步入式衣帽间与干湿分离双卫。,在市中心核心写字楼工作，首选半小时核心通勤圈内。,倡导轻户外，周末常带家人自驾野营或山系徒步，注重生活情调与手作咖啡。,名下持有一套旧两居，置换回款 65% + 个人理财储蓄补充 + 公积金商业贷,重性价比，不盲信大牌，但要求物业管理有序、绿化修剪及时、人防技防规范。,本地常住人口，四季生活规律，度假频次为常规年假出行。
青_2008_00785,青岛,2008,本地改善,41,男,2.4,23.2,0.4,43.4,4,1,否,B,agent,0.59,0.54,0.74,0.45,0.51,0.85,0.71,0.61,0.49,自住-改善,两室两厅,86,2817,邮政局局长秘书,三口之家(学龄段),青岛中环品质两居，车位及空间极其拥挤,小区无地下车库且人车不分流，小孩在楼下玩耍或者推婴儿车极为不安全。,要求有超大面宽南向双阳台（观景家政分离），主卧大飘窗能270度直面自然景观。,在市中心核心写字楼工作，首选半小时核心通勤圈内。,倡导轻户外，周末常带家人自驾野营或山系徒步，注重生活情调与手作咖啡。,名下持有一套旧两居，置换回款 65% + 个人理财储蓄补充 + 公积金商业贷,重性价比，不盲信大牌，但要求物业管理有序、绿化修剪及时、人防技防规范。,本地常住人口，四季生活规律，度假频次为常规年假出行。
青_2008_00786,青岛,2008,学区刚需,40,女,2.3,14.6,0.3,36.6,2,1,否,C,agent,1,0.58,0.41,0.27,0.28,0.78,0.59,1,0.43,学区房,两室两厅,85,3219,国企车间技术主任,三口之家(学龄段),与父母同住，三代人拥挤在旧区小户型老房中,小区无地下车库且人车不分流，小孩在楼下玩耍或者推婴儿车极为不安全。,讲究超高得房率（超85%），主卧套房必须配备独立步入式衣帽间与干湿分离双卫。,在市中心核心写字楼工作，首选半小时核心通勤圈内。,爱猫狗，喜欢烹饪和插花，主打经济舒适的生活小确幸。,名下持有一套旧两居，置换回款 65% + 个人理财储蓄补充 + 公积金商业贷,重性价比，不盲信大牌，但要求物业管理有序、绿化修剪及时、人防技防规范。,本地常住人口，四季生活规律，度假频次为常规年假出行。
青_2008_00787,青岛,2008,本地改善,43,女,1.0,5.9,0.4,11.0,4,1,否,B,agent,0.66,0.52,0.81,0.45,0.61,0.93,0.65,0.64,0.59,自住-改善,两室两厅,62,1300,市第二中学地理教师,三口之家(学龄段),青岛中环品质两居，车位及空间极其拥挤,小区无地下车库且人车不分流，小孩在楼下玩耍或者推婴儿车极为不安全。,要求有超大面宽南向双阳台（观景家政分离），主卧大飘窗能270度直面自然景观。,在市中心核心写字楼工作，首选半小时核心通勤圈内。,倡导轻户外，周末常带家人自驾野营或山系徒步，注重生活情调与手作咖啡。,名下持有一套旧两居，置换回款 65% + 个人理财储蓄补充 + 公积金商业贷,重性价比，不盲信大牌，但要求物业管理有序、绿化修剪及时、人防技防规范。,本地常住人口，四季生活规律，度假频次为常规年假出行。
青_2008_00788,青岛,2008,本地改善,44,女,1.7,10.8,0.4,20.2,3,2,是,B,agent,0.82,0.48,0.78,0.54,0.47,0.82,0.65,0.61,0.53,自住-改善,一室一厅,56,3190,国企车间技术主任,二胎黄金期中大户型,青岛中环品质两居，车位及空间极其拥挤,小区无地下车库且人车不分流，小孩在楼下玩耍或者推婴儿车极为不安全。,要求有超大面宽南向双阳台（观景家政分离），主卧大飘窗能270度直面自然景观。,在市中心核心写字楼工作，首选半小时核心通勤圈内。,倡导轻户外，周末常带家人自驾野营或山系徒步，注重生活情调与手作咖啡。,名下持有一套旧两居，置换回款 65% + 个人理财储蓄补充 + 公积金商业贷,重性价比，不盲信大牌，但要求物业管理有序、绿化修剪及时、人防技防规范。,本地常住人口，四季生活规律，度假频次为常规年假出行。
青_2008_00789,青岛,2008,本地改善,48,男,3.3,33.5,0.4,62.8,5,1,否,B,agent,0.78,0.51,0.73,0.51,0.55,0.64,0.67,0.59,0.55,自住-改善,一室一厅,86,4063,国企车间技术主任,三口之家(学龄段),青岛中环品质两居，车位及空间极其拥挤,小区无地下车库且人车不分流，小孩在楼下玩耍或者推婴儿车极为不安全。,要求有超大面宽南向双阳台（观景家政分离），主卧大飘窗能270度直面自然景观。,在市中心核心写字楼工作，首选半小时核心通勤圈内。,倡导轻户外，周末常带家人自驾野营或山系徒步，注重生活情调与手作咖啡。,名下持有一套旧两居，置换回款 65% + 个人理财储蓄补充 + 公积金商业贷,重性价比，不盲信大牌，但要求物业管理有序、绿化修剪及时、人防技防规范。,本地常住人口，四季生活规律，度假频次为常规年假出行。
青_2008_00790,青岛,2008,本地改善,41,女,2.5,17.8,0.4,33.3,4,1,否,B,agent,0.74,0.45,0.81,0.42,0.48,0.95,0.68,0.81,0.62,自住-改善,两室两厅,57,3326,区财政局科员,三口之家(学龄段),青岛中环品质两居，车位及空间极其拥挤,小区无地下车库且人车不分流，小孩在楼下玩耍或者推婴儿车极为不安全。,要求有超大面宽南向双阳台（观景家政分离），主卧大飘窗能270度直面自然景观。,在市中心核心写字楼工作，首选半小时核心通勤圈内。,倡导轻户外，周末常带家人自驾野营或山系徒步，注重生活情调与手作咖啡。,名下持有一套旧两居，置换回款 65% + 个人理财储蓄补充 + 公积金商业贷,重性价比，不盲信大牌，但要求物业管理有序、绿化修剪及时、人防技防规范。,本地常住人口，四季生活规律，度假频次为常规年假出行。
青_2008_00791,青岛,2008,本地改善,40,女,2.2,17.8,0.4,33.3,5,1,否,B,agent,0.69,0.56,0.9,0.52,0.42,0.88,0.5,0.75,0.61,自住-改善,两室两厅,70,4275,国企车间技术主任,三口之家(学龄段),青岛中环品质两居，车位及空间极其拥挤,小区无地下车库且人车不分流，小孩在楼下玩耍或者推婴儿车极为不安全。,要求有超大面宽南向双阳台（观景家政分离），主卧大飘窗能270度直面自然景观。,在市中心核心写字楼工作，首选半小时核心通勤圈内。,倡导轻户外，周末常带家人自驾野营或山系徒步，注重生活情调与手作咖啡。,名下持有一套旧两居，置换回款 65% + 个人理财储蓄补充 + 公积金商业贷,重性价比，不盲信大牌，但要求物业管理有序、绿化修剪及时、人防技防规范。,本地常住人口，四季生活规律，度假频次为常规年假出行。
青_2008_00792,青岛,2008,北方度假投资,49,男,4.4,32.9,0.5,49.3,2,0,是,B,research,0.78,0.46,0.91,0.73,0.47,0.44,0,0.18,0.69,投资-长持,一室一厅,91,3266,上市公司退休联合创始人,成熟期核心家庭,青岛中环品质两居，车位及空间极其拥挤,当前房屋属于旧多层无电梯房，父母年纪渐高每天爬楼梯极为吃力。,要求独立电梯入户，主次卧动线分明，配备独立保姆房和私密后院。,在市中心核心写字楼工作，首选半小时核心通勤圈内。,倡导轻户外，周末常带家人自驾野营或山系徒步，注重生活情调与手作咖啡。,名下持有一套旧两居，置换回款 65% + 个人理财储蓄补充 + 公积金商业贷,重性价比，不盲信大牌，但要求物业管理有序、绿化修剪及时、人防技防规范。,每年11月至次年3月到此度过漫长冬季，极其依赖周边的康养及适老化服务。
青_2008_00793,青岛,2008,学区刚需,42,男,1.6,11.2,0.3,28.1,3,0,否,C,agent,0.78,0.58,0.41,0.36,0.53,0.95,0.51,1,0.55,学区房,两室两厅,54,4298,邮政局局长秘书,成熟期核心家庭,与父母同住，三代人拥挤在旧区小户型老房中,老小区隔音差，邻里滋扰严重，且车位严重匮乏，每晚加班回来抢车位像打仗。,讲究超高得房率（超85%），主卧套房必须配备独立步入式衣帽间与干湿分离双卫。,在市中心核心写字楼工作，首选半小时核心通勤圈内。,爱猫狗，喜欢烹饪和插花，主打经济舒适的生活小确幸。,名下持有一套旧两居，置换回款 65% + 个人理财储蓄补充 + 公积金商业贷,重性价比，不盲信大牌，但要求物业管理有序、绿化修剪及时、人防技防规范。,本地常住人口，四季生活规律，度假频次为常规年假出行。
青_2008_00794,青岛,2008,本地改善,45,男,1.0,9.1,0.4,17.0,3,1,否,B,agent,0.92,0.55,0.71,0.52,0.41,0.86,0.56,0.6,0.57,自住-改善,一室一厅,100,1109,邮政局局长秘书,三口之家(学龄段),青岛中环品质两居，车位及空间极其拥挤,小区无地下车库且人车不分流，小孩在楼下玩耍或者推婴儿车极为不安全。,要求有超大面宽南向双阳台（观景家政分离），主卧大飘窗能270度直面自然景观。,在市中心核心写字楼工作，首选半小时核心通勤圈内。,倡导轻户外，周末常带家人自驾野营或山系徒步，注重生活情调与手作咖啡。,名下持有一套旧两居，置换回款 65% + 个人理财储蓄补充 + 公积金商业贷,重性价比，不盲信大牌，但要求物业管理有序、绿化修剪及时、人防技防规范。,本地常住人口，四季生活规律，度假频次为常规年假出行。
青_2008_00795,青岛,2008,本地改善,55,男,1.2,8.4,0.4,15.7,4,2,是,B,agent,0.96,0.44,0.75,0.56,0.51,0.82,0.49,0.83,0.47,自住-改善,两室一厅,80,1717,市第二中学地理教师,二胎黄金期中大户型,青岛中环品质两居，车位及空间极其拥挤,小区无地下车库且人车不分流，小孩在楼下玩耍或者推婴儿车极为不安全。,要求有超大面宽南向双阳台（观景家政分离），主卧大飘窗能270度直面自然景观。,在市中心核心写字楼工作，首选半小时核心通勤圈内。,倡导轻户外，周末常带家人自驾野营或山系徒步，注重生活情调与手作咖啡。,名下持有一套旧两居，置换回款 65% + 个人理财储蓄补充 + 公积金商业贷,重性价比，不盲信大牌，但要求物业管理有序、绿化修剪及时、人防技防规范。,本地常住人口，四季生活规律，度假频次为常规年假出行。
青_2008_00796,青岛,2008,本地改善,50,男,1.7,16.7,0.4,31.3,5,1,否,B,agent,0.8,0.52,0.63,0.43,0.47,0.91,0.62,0.6,0.56,自住-改善,两室一厅,64,4200,国企车间技术主任,三口之家(学龄段),青岛中环品质两居，车位及空间极其拥挤,小区无地下车库且人车不分流，小孩在楼下玩耍或者推婴儿车极为不安全。,讲究超高得房率（超85%），主卧套房必须配备独立步入式衣帽间与干湿分离双卫。,在市中心核心写字楼工作，首选半小时核心通勤圈内。,倡导轻户外，周末常带家人自驾野营或山系徒步，注重生活情调与手作咖啡。,名下持有一套旧两居，置换回款 65% + 个人理财储蓄补充 + 公积金商业贷,重性价比，不盲信大牌，但要求物业管理有序、绿化修剪及时、人防技防规范。,本地常住人口，四季生活规律，度假频次为常规年假出行。
青_2008_00797,青岛,2008,北方度假投资,45,女,4.7,42.8,0.5,64.2,2,0,否,B,research,0.82,0.58,0.92,0.67,0.5,0.53,0,0,0.73,投资-长持,一室一厅,72,6307,上市公司退休联合创始人,成熟期核心家庭,青岛中环品质两居，车位及空间极其拥挤,老小区隔音差，邻里滋扰严重，且车位严重匮乏，每晚加班回来抢车位像打仗。,要求有超大面宽南向双阳台（观景家政分离），主卧大飘窗能270度直面自然景观。,在市中心核心写字楼工作，首选半小时核心通勤圈内。,倡导轻户外，周末常带家人自驾野营或山系徒步，注重生活情调与手作咖啡。,名下持有一套旧两居，置换回款 65% + 个人理财储蓄补充 + 公积金商业贷,非仁恒、绿城、万科等金牌开发商不买，极度看重高端精装质量与顶级物业的增值口碑。,每年11月至次年3月到此度过漫长冬季，极其依赖周边的康养及适老化服务。
青_2008_00798,青岛,2008,本地改善,39,男,1.4,10.0,0.4,18.7,3,1,否,B,agent,0.9,0.49,0.69,0.49,0.59,0.78,0.4,0.73,0.59,自住-改善,两室一厅,65,2399,邮政局局长秘书,三口之家(学龄段),青岛中环品质两居，车位及空间极其拥挤,小区无地下车库且人车不分流，小孩在楼下玩耍或者推婴儿车极为不安全。,讲究超高得房率（超85%），主卧套房必须配备独立步入式衣帽间与干湿分离双卫。,在市中心核心写字楼工作，首选半小时核心通勤圈内。,倡导轻户外，周末常带家人自驾野营或山系徒步，注重生活情调与手作咖啡。,名下持有一套旧两居，置换回款 65% + 个人理财储蓄补充 + 公积金商业贷,重性价比，不盲信大牌，但要求物业管理有序、绿化修剪及时、人防技防规范。,本地常住人口，四季生活规律，度假频次为常规年假出行。
青_2008_00799,青岛,2008,本地改善,43,女,2.4,15.5,0.4,29.0,4,1,是,B,agent,0.8,0.68,0.83,0.47,0.64,0.72,0.66,0.67,0.45,自住-改善,一室一厅,83,2106,国企车间技术主任,三口之家(学龄段),青岛中环品质两居，车位及空间极其拥挤,小区无地下车库且人车不分流，小孩在楼下玩耍或者推婴儿车极为不安全。,要求有超大面宽南向双阳台（观景家政分离），主卧大飘窗能270度直面自然景观。,在市中心核心写字楼工作，首选半小时核心通勤圈内。,倡导轻户外，周末常带家人自驾野营或山系徒步，注重生活情调与手作咖啡。,名下持有一套旧两居，置换回款 65% + 个人理财储蓄补充 + 公积金商业贷,重性价比，不盲信大牌，但要求物业管理有序、绿化修剪及时、人防技防规范。,本地常住人口，四季生活规律，度假频次为常规年假出行。
青_2008_00800,青岛,2008,本地改善,45,男,2.9,27.8,0.4,52.0,4,0,是,B,agent,0.52,0.49,0.78,0.43,0.45,0.87,0.53,0.59,0.52,自住-改善,两室两厅,93,2908,邮政局局长秘书,成熟期核心家庭,青岛中环品质两居，车位及空间极其拥挤,当前房屋属于旧多层无电梯房，父母年纪渐高每天爬楼梯极为吃力。,要求有超大面宽南向双阳台（观景家政分离），主卧大飘窗能270度直面自然景观。,在市中心核心写字楼工作，首选半小时核心通勤圈内。,倡导轻户外，周末常带家人自驾野营或山系徒步，注重生活情调与手作咖啡。,名下持有一套旧两居，置换回款 65% + 个人理财储蓄补充 + 公积金商业贷,重性价比，不盲信大牌，但要求物业管理有序、绿化修剪及时、人防技防规范。,本地常住人口，四季生活规律，度假频次为常规年假出行。
青_2008_00801,青岛,2008,本地改善,43,女,2.4,14.0,0.4,26.3,3,1,是,B,agent,0.85,0.53,0.75,0.47,0.55,0.9,0.58,0.74,0.55,自住-改善,两室两厅,84,2535,国企车间技术主任,三口之家(学龄段),青岛中环品质两居，车位及空间极其拥挤,小区无地下车库且人车不分流，小孩在楼下玩耍或者推婴儿车极为不安全。,要求有超大面宽南向双阳台（观景家政分离），主卧大飘窗能270度直面自然景观。,在市中心核心写字楼工作，首选半小时核心通勤圈内。,倡导轻户外，周末常带家人自驾野营或山系徒步，注重生活情调与手作咖啡。,名下持有一套旧两居，置换回款 65% + 个人理财储蓄补充 + 公积金商业贷,重性价比，不盲信大牌，但要求物业管理有序、绿化修剪及时、人防技防规范。,本地常住人口，四季生活规律，度假频次为常规年假出行。
青_2008_00802,青岛,2008,学区刚需,33,男,1.8,10.1,0.3,25.4,3,0,否,C,agent,1,0.73,0.59,0.45,0.31,0.72,0.46,1.0,0.61,学区房,两室一厅,88,1861,国企车间技术主任,新婚过渡两居,与父母同住，三代人拥挤在旧区小户型老房中,老小区隔音差，邻里滋扰严重，且车位严重匮乏，每晚加班回来抢车位像打仗。,讲究超高得房率（超85%），主卧套房必须配备独立步入式衣帽间与干湿分离双卫。,在市中心核心写字楼工作，首选半小时核心通勤圈内。,爱猫狗，喜欢烹饪和插花，主打经济舒适的生活小确幸。,名下持有一套旧两居，置换回款 65% + 个人理财储蓄补充 + 公积金商业贷,重性价比，不盲信大牌，但要求物业管理有序、绿化修剪及时、人防技防规范。,本地常住人口，四季生活规律，度假频次为常规年假出行。
青_2008_00803,青岛,2008,本地改善,52,女,1.3,13.1,0.4,24.5,4,1,否,B,agent,0.77,0.49,0.73,0.48,0.37,0.84,0.52,0.69,0.55,自住-改善,两室两厅,89,2121,市第二中学地理教师,三口之家(学龄段),青岛中环品质两居，车位及空间极其拥挤,小区无地下车库且人车不分流，小孩在楼下玩耍或者推婴儿车极为不安全。,要求有超大面宽南向双阳台（观景家政分离），主卧大飘窗能270度直面自然景观。,在市中心核心写字楼工作，首选半小时核心通勤圈内。,倡导轻户外，周末常带家人自驾野营或山系徒步，注重生活情调与手作咖啡。,名下持有一套旧两居，置换回款 65% + 个人理财储蓄补充 + 公积金商业贷,重性价比，不盲信大牌，但要求物业管理有序、绿化修剪及时、人防技防规范。,本地常住人口，四季生活规律，度假频次为常规年假出行。
青_2008_00804,青岛,2008,本地改善,49,男,2.0,12.1,0.4,22.6,3,1,否,B,agent,1,0.51,0.78,0.49,0.55,0.69,0.65,0.73,0.49,自住-改善,两室一厅,59,3163,区财政局科员,三口之家(学龄段),青岛中环品质两居，车位及空间极其拥挤,小区无地下车库且人车不分流，小孩在楼下玩耍或者推婴儿车极为不安全。,要求有超大面宽南向双阳台（观景家政分离），主卧大飘窗能270度直面自然景观。,在市中心核心写字楼工作，首选半小时核心通勤圈内。,倡导轻户外，周末常带家人自驾野营或山系徒步，注重生活情调与手作咖啡。,名下持有一套旧两居，置换回款 65% + 个人理财储蓄补充 + 公积金商业贷,重性价比，不盲信大牌，但要求物业管理有序、绿化修剪及时、人防技防规范。,本地常住人口，四季生活规律，度假频次为常规年假出行。
青_2008_00805,青岛,2008,本地改善,46,女,2.4,21.6,0.4,40.5,4,0,是,B,agent,0.77,0.61,0.75,0.44,0.44,0.79,0.67,0.82,0.41,自住-改善,两室两厅,70,2992,区财政局科员,成熟期核心家庭,青岛中环品质两居，车位及空间极其拥挤,当前房屋属于旧多层无电梯房，父母年纪渐高每天爬楼梯极为吃力。,要求有超大面宽南向双阳台（观景家政分离），主卧大飘窗能270度直面自然景观。,在市中心核心写字楼工作，首选半小时核心通勤圈内。,倡导轻户外，周末常带家人自驾野营或山系徒步，注重生活情调与手作咖啡。,名下持有一套旧两居，置换回款 65% + 个人理财储蓄补充 + 公积金商业贷,重性价比，不盲信大牌，但要求物业管理有序、绿化修剪及时、人防技防规范。,本地常住人口，四季生活规律，度假频次为常规年假出行。
青_2008_00806,青岛,2008,本地改善,41,男,3.1,25.0,0.4,46.9,5,2,是,B,agent,0.62,0.56,0.72,0.34,0.59,0.64,0.61,0.7,0.69,自住-改善,两室一厅,95,3894,区财政局科员,二胎黄金期中大户型,青岛中环品质两居，车位及空间极其拥挤,小区无地下车库且人车不分流，小孩在楼下玩耍或者推婴儿车极为不安全。,要求有超大面宽南向双阳台（观景家政分离），主卧大飘窗能270度直面自然景观。,在市中心核心写字楼工作，首选半小时核心通勤圈内。,倡导轻户外，周末常带家人自驾野营或山系徒步，注重生活情调与手作咖啡。,名下持有一套旧两居，置换回款 65% + 个人理财储蓄补充 + 公积金商业贷,重性价比，不盲信大牌，但要求物业管理有序、绿化修剪及时、人防技防规范。,本地常住人口，四季生活规律，度假频次为常规年假出行。
青_2008_00807,青岛,2008,山东省内异地,59,女,2.0,17.5,0.45,29.2,3,1,是,C,network,0.54,0.69,0.94,0.62,0.59,0.73,0,0.28,0.7,自住-改善,两室一厅,95,2405,市第二中学地理教师,三口之家(学龄段),与父母同住，三代人拥挤在旧区小户型老房中,小区无地下车库且人车不分流，小孩在楼下玩耍或者推婴儿车极为不安全。,要求有超大面宽南向双阳台（观景家政分离），主卧大飘窗能270度直面自然景观。,在市中心核心写字楼工作，首选半小时核心通勤圈内。,爱猫狗，喜欢烹饪和插花，主打经济舒适的生活小确幸。,名下持有一套旧两居，置换回款 65% + 个人理财储蓄补充 + 公积金商业贷,非仁恒、绿城、万科等金牌开发商不买，极度看重高端精装质量与顶级物业的增值口碑。,本地常住人口，四季生活规律，度假频次为常规年假出行。
青_2008_00808,青岛,2008,山东省内异地,47,女,2.6,15.8,0.45,26.3,2,1,否,C,network,0.66,0.66,0.87,0.61,0.63,0.78,0.0,0.41,0.66,自住-改善,两室两厅,88,2635,国企车间技术主任,三口之家(学龄段),与父母同住，三代人拥挤在旧区小户型老房中,小区无地下车库且人车不分流，小孩在楼下玩耍或者推婴儿车极为不安全。,要求有超大面宽南向双阳台（观景家政分离），主卧大飘窗能270度直面自然景观。,在市中心核心写字楼工作，首选半小时核心通勤圈内。,爱猫狗，喜欢烹饪和插花，主打经济舒适的生活小确幸。,名下持有一套旧两居，置换回款 65% + 个人理财储蓄补充 + 公积金商业贷,重性价比，不盲信大牌，但要求物业管理有序、绿化修剪及时、人防技防规范。,本地常住人口，四季生活规律，度假频次为常规年假出行。
青_2008_00809,青岛,2008,本地改善,44,男,2.2,16.4,0.4,30.7,3,1,是,B,agent,0.54,0.56,0.72,0.54,0.48,0.92,0.64,0.6,0.56,自住-改善,两室一厅,85,1889,国企车间技术主任,三口之家(学龄段),青岛中环品质两居，车位及空间极其拥挤,小区无地下车库且人车不分流，小孩在楼下玩耍或者推婴儿车极为不安全。,要求有超大面宽南向双阳台（观景家政分离），主卧大飘窗能270度直面自然景观。,在市中心核心写字楼工作，首选半小时核心通勤圈内。,倡导轻户外，周末常带家人自驾野营或山系徒步，注重生活情调与手作咖啡。,名下持有一套旧两居，置换回款 65% + 个人理财储蓄补充 + 公积金商业贷,重性价比，不盲信大牌，但要求物业管理有序、绿化修剪及时、人防技防规范。,本地常住人口，四季生活规律，度假频次为常规年假出行。
青_2008_00810,青岛,2008,学区刚需,32,男,1.7,9.8,0.3,24.4,3,1,否,C,agent,0.91,0.5,0.33,0.28,0.34,0.69,0.48,0.84,0.46,学区房,两室一厅,94,1979,区财政局科员,三口之家(幼龄段),与父母同住，三代人拥挤在旧区小户型老房中,小区无地下车库且人车不分流，小孩在楼下玩耍或者推婴儿车极为不安全。,核心要求地块属于第一梯队名校学区，且周边500米内解决幼小衔接教育配套。,在市中心核心写字楼工作，首选半小时核心通勤圈内。,爱猫狗，喜欢烹饪和插花，主打经济舒适的生活小确幸。,名下持有一套旧两居，置换回款 65% + 个人理财储蓄补充 + 公积金商业贷,重性价比，不盲信大牌，但要求物业管理有序、绿化修剪及时、人防技防规范。,本地常住人口，四季生活规律，度假频次为常规年假出行。
青_2008_00811,青岛,2008,本地改善,53,男,3.0,23.5,0.4,44.0,4,2,否,B,agent,0.69,0.41,0.77,0.58,0.48,0.81,0.56,0.84,0.63,自住-改善,两室两厅,66,4573,邮政局局长秘书,二胎黄金期中大户型,青岛中环品质两居，车位及空间极其拥挤,小区无地下车库且人车不分流，小孩在楼下玩耍或者推婴儿车极为不安全。,要求有超大面宽南向双阳台（观景家政分离），主卧大飘窗能270度直面自然景观。,在市中心核心写字楼工作，首选半小时核心通勤圈内。,倡导轻户外，周末常带家人自驾野营或山系徒步，注重生活情调与手作咖啡。,名下持有一套旧两居，置换回款 65% + 个人理财储蓄补充 + 公积金商业贷,重性价比，不盲信大牌，但要求物业管理有序、绿化修剪及时、人防技防规范。,本地常住人口，四季生活规律，度假频次为常规年假出行。
青_2008_00812,青岛,2008,本地改善,55,女,3.1,22.5,0.4,42.1,4,0,否,B,agent,0.93,0.5,0.6,0.46,0.47,0.74,0.63,0.75,0.56,自住-改善,两室一厅,79,4757,区财政局科员,高知退休康养,青岛中环品质两居，车位及空间极其拥挤,老小区隔音差，邻里滋扰严重，且车位严重匮乏，每晚加班回来抢车位像打仗。,讲究超高得房率（超85%），主卧套房必须配备独立步入式衣帽间与干湿分离双卫。,在市中心核心写字楼工作，首选半小时核心通勤圈内。,倡导轻户外，周末常带家人自驾野营或山系徒步，注重生活情调与手作咖啡。,名下持有一套旧两居，置换回款 65% + 个人理财储蓄补充 + 公积金商业贷,重性价比，不盲信大牌，但要求物业管理有序、绿化修剪及时、人防技防规范。,本地常住人口，四季生活规律，度假频次为常规年假出行。
青_2008_00813,青岛,2008,本地改善,44,女,1.9,19.3,0.4,36.1,4,1,否,B,agent,0.63,0.53,0.74,0.48,0.61,0.97,0.82,0.92,0.56,自住-改善,两室一厅,68,3885,国企车间技术主任,三口之家(学龄段),青岛中环品质两居，车位及空间极其拥挤,小区无地下车库且人车不分流，小孩在楼下玩耍或者推婴儿车极为不安全。,要求有超大面宽南向双阳台（观景家政分离），主卧大飘窗能270度直面自然景观。,在市中心核心写字楼工作，首选半小时核心通勤圈内。,倡导轻户外，周末常带家人自驾野营或山系徒步，注重生活情调与手作咖啡。,名下持有一套旧两居，置换回款 65% + 个人理财储蓄补充 + 公积金商业贷,重性价比，不盲信大牌，但要求物业管理有序、绿化修剪及时、人防技防规范。,本地常住人口，四季生活规律，度假频次为常规年假出行。
青_2008_00814,青岛,2008,本地改善,43,女,1.7,13.2,0.4,24.7,4,1,否,B,agent,0.85,0.49,0.75,0.52,0.58,0.83,0.47,0.73,0.72,自住-改善,两室一厅,57,3206,市第二中学地理教师,三口之家(学龄段),青岛中环品质两居，车位及空间极其拥挤,小区无地下车库且人车不分流，小孩在楼下玩耍或者推婴儿车极为不安全。,要求有超大面宽南向双阳台（观景家政分离），主卧大飘窗能270度直面自然景观。,在市中心核心写字楼工作，首选半小时核心通勤圈内。,倡导轻户外，周末常带家人自驾野营或山系徒步，注重生活情调与手作咖啡。,名下持有一套旧两居，置换回款 65% + 个人理财储蓄补充 + 公积金商业贷,非仁恒、绿城、万科等金牌开发商不买，极度看重高端精装质量与顶级物业的增值口碑。,本地常住人口，四季生活规律，度假频次为常规年假出行。
青_2008_00815,青岛,2008,北方度假投资,56,男,2.6,25.7,0.5,38.6,3,0,否,B,research,0.5,0.33,0.76,0.56,0.57,0.54,0.03,0,0.67,投资-短期,一室一厅,59,5214,知名中医药连锁投资人,高知退休康养,青岛中环品质两居，车位及空间极其拥挤,老小区隔音差，邻里滋扰严重，且车位严重匮乏，每晚加班回来抢车位像打仗。,要求有超大面宽南向双阳台（观景家政分离），主卧大飘窗能270度直面自然景观。,在市中心核心写字楼工作，首选半小时核心通勤圈内。,倡导轻户外，周末常带家人自驾野营或山系徒步，注重生活情调与手作咖啡。,名下持有一套旧两居，置换回款 65% + 个人理财储蓄补充 + 公积金商业贷,重性价比，不盲信大牌，但要求物业管理有序、绿化修剪及时、人防技防规范。,每年11月至次年3月到此度过漫长冬季，极其依赖周边的康养及适老化服务。
青_2008_00816,青岛,2008,山东省内异地,41,男,2.7,15.3,0.45,25.5,3,0,否,C,network,0.62,0.61,0.94,0.63,0.5,0.55,0.06,0.37,0.59,自住-改善,两室一厅,50,3299,市第二中学地理教师,成熟期核心家庭,与父母同住，三代人拥挤在旧区小户型老房中,老小区隔音差，邻里滋扰严重，且车位严重匮乏，每晚加班回来抢车位像打仗。,要求有超大面宽南向双阳台（观景家政分离），主卧大飘窗能270度直面自然景观。,在市中心核心写字楼工作，首选半小时核心通勤圈内。,爱猫狗，喜欢烹饪和插花，主打经济舒适的生活小确幸。,名下持有一套旧两居，置换回款 65% + 个人理财储蓄补充 + 公积金商业贷,重性价比，不盲信大牌，但要求物业管理有序、绿化修剪及时、人防技防规范。,本地常住人口，四季生活规律，度假频次为常规年假出行。
青_2008_00817,青岛,2008,本地改善,47,男,2.1,20.1,0.4,37.6,4,0,否,B,agent,0.7,0.63,0.76,0.54,0.54,0.8,0.65,0.67,0.5,自住-改善,两室两厅,88,2829,区财政局科员,成熟期核心家庭,青岛中环品质两居，车位及空间极其拥挤,老小区隔音差，邻里滋扰严重，且车位严重匮乏，每晚加班回来抢车位像打仗。,要求有超大面宽南向双阳台（观景家政分离），主卧大飘窗能270度直面自然景观。,在市中心核心写字楼工作，首选半小时核心通勤圈内。,倡导轻户外，周末常带家人自驾野营或山系徒步，注重生活情调与手作咖啡。,名下持有一套旧两居，置换回款 65% + 个人理财储蓄补充 + 公积金商业贷,重性价比，不盲信大牌，但要求物业管理有序、绿化修剪及时、人防技防规范。,本地常住人口，四季生活规律，度假频次为常规年假出行。
青_2008_00818,青岛,2008,本地改善,37,女,3.3,30.2,0.4,56.5,4,2,是,B,agent,0.84,0.52,0.68,0.5,0.38,0.84,0.62,0.6,0.66,自住-改善,两室两厅,95,4970,市第二中学地理教师,二胎黄金期中大户型,青岛中环品质两居，车位及空间极其拥挤,小区无地下车库且人车不分流，小孩在楼下玩耍或者推婴儿车极为不安全。,讲究超高得房率（超85%），主卧套房必须配备独立步入式衣帽间与干湿分离双卫。,在市中心核心写字楼工作，首选半小时核心通勤圈内。,倡导轻户外，周末常带家人自驾野营或山系徒步，注重生活情调与手作咖啡。,名下持有一套旧两居，置换回款 65% + 个人理财储蓄补充 + 公积金商业贷,重性价比，不盲信大牌，但要求物业管理有序、绿化修剪及时、人防技防规范。,本地常住人口，四季生活规律，度假频次为常规年假出行。
青_2008_00819,青岛,2008,本地改善,44,女,2.6,14.7,0.4,27.5,4,1,否,B,agent,0.68,0.46,0.8,0.49,0.48,0.79,0.6,0.82,0.67,自住-改善,一室一厅,74,3248,邮政局局长秘书,三口之家(学龄段),青岛中环品质两居，车位及空间极其拥挤,小区无地下车库且人车不分流，小孩在楼下玩耍或者推婴儿车极为不安全。,要求有超大面宽南向双阳台（观景家政分离），主卧大飘窗能270度直面自然景观。,在市中心核心写字楼工作，首选半小时核心通勤圈内。,倡导轻户外，周末常带家人自驾野营或山系徒步，注重生活情调与手作咖啡。,名下持有一套旧两居，置换回款 65% + 个人理财储蓄补充 + 公积金商业贷,重性价比，不盲信大牌，但要求物业管理有序、绿化修剪及时、人防技防规范。,本地常住人口，四季生活规律，度假频次为常规年假出行。
青_2008_00820,青岛,2008,学区刚需,43,女,1.9,11.5,0.3,28.9,4,1,否,C,agent,1,0.53,0.41,0.3,0.42,0.69,0.5,0.86,0.36,学区房,两室两厅,64,3611,市第二中学地理教师,三口之家(学龄段),与父母同住，三代人拥挤在旧区小户型老房中,小区无地下车库且人车不分流，小孩在楼下玩耍或者推婴儿车极为不安全。,核心要求地块属于第一梯队名校学区，且周边500米内解决幼小衔接教育配套。,在市中心核心写字楼工作，首选半小时核心通勤圈内。,爱猫狗，喜欢烹饪和插花，主打经济舒适的生活小确幸。,名下持有一套旧两居，置换回款 65% + 个人理财储蓄补充 + 公积金商业贷,重性价比，不盲信大牌，但要求物业管理有序、绿化修剪及时、人防技防规范。,本地常住人口，四季生活规律，度假频次为常规年假出行。
青_2008_00821,青岛,2008,学区刚需,40,男,1.8,9.2,0.3,23.1,3,1,是,C,agent,0.91,0.56,0.5,0.28,0.36,0.8,0.57,1,0.42,学区房,两室一厅,91,2248,国企车间技术主任,三口之家(学龄段),与父母同住，三代人拥挤在旧区小户型老房中,小区无地下车库且人车不分流，小孩在楼下玩耍或者推婴儿车极为不安全。,讲究超高得房率（超85%），主卧套房必须配备独立步入式衣帽间与干湿分离双卫。,在市中心核心写字楼工作，首选半小时核心通勤圈内。,爱猫狗，喜欢烹饪和插花，主打经济舒适的生活小确幸。,名下持有一套旧两居，置换回款 65% + 个人理财储蓄补充 + 公积金商业贷,重性价比，不盲信大牌，但要求物业管理有序、绿化修剪及时、人防技防规范。,本地常住人口，四季生活规律，度假频次为常规年假出行。
青_2008_00822,青岛,2008,本地改善,37,男,4.4,34.9,0.4,65.4,4,1,否,B,agent,0.56,0.51,0.87,0.62,0.42,0.77,0.66,0.73,0.56,自住-改善,两室两厅,54,6678,邮政局局长秘书,三口之家(幼龄段),青岛中环品质两居，车位及空间极其拥挤,小区无地下车库且人车不分流，小孩在楼下玩耍或者推婴儿车极为不安全。,要求有超大面宽南向双阳台（观景家政分离），主卧大飘窗能270度直面自然景观。,在市中心核心写字楼工作，首选半小时核心通勤圈内。,倡导轻户外，周末常带家人自驾野营或山系徒步，注重生活情调与手作咖啡。,名下持有一套旧两居，置换回款 65% + 个人理财储蓄补充 + 公积金商业贷,重性价比，不盲信大牌，但要求物业管理有序、绿化修剪及时、人防技防规范。,本地常住人口，四季生活规律，度假频次为常规年假出行。
青_2008_00823,青岛,2008,本地改善,47,女,0.9,6.1,0.4,11.5,4,1,否,B,agent,0.79,0.53,0.79,0.48,0.54,0.79,0.49,0.66,0.43,自住-改善,一室一厅,99,817,国企车间技术主任,三口之家(学龄段),青岛中环品质两居，车位及空间极其拥挤,小区无地下车库且人车不分流，小孩在楼下玩耍或者推婴儿车极为不安全。,要求有超大面宽南向双阳台（观景家政分离），主卧大飘窗能270度直面自然景观。,在市中心核心写字楼工作，首选半小时核心通勤圈内。,倡导轻户外，周末常带家人自驾野营或山系徒步，注重生活情调与手作咖啡。,名下持有一套旧两居，置换回款 65% + 个人理财储蓄补充 + 公积金商业贷,重性价比，不盲信大牌，但要求物业管理有序、绿化修剪及时、人防技防规范。,本地常住人口，四季生活规律，度假频次为常规年假出行。
青_2008_00824,青岛,2008,学区刚需,31,男,1.0,7.9,0.3,19.8,3,1,否,C,agent,0.81,0.5,0.44,0.36,0.46,0.79,0.43,0.97,0.38,学区房,两室一厅,86,1962,邮政局局长秘书,三口之家(幼龄段),与父母同住，三代人拥挤在旧区小户型老房中,小区无地下车库且人车不分流，小孩在楼下玩耍或者推婴儿车极为不安全。,讲究超高得房率（超85%），主卧套房必须配备独立步入式衣帽间与干湿分离双卫。,在市中心核心写字楼工作，首选半小时核心通勤圈内。,爱猫狗，喜欢烹饪和插花，主打经济舒适的生活小确幸。,名下持有一套旧两居，置换回款 65% + 个人理财储蓄补充 + 公积金商业贷,重性价比，不盲信大牌，但要求物业管理有序、绿化修剪及时、人防技防规范。,本地常住人口，四季生活规律，度假频次为常规年假出行。
青_2008_00825,青岛,2008,山东省内异地,45,女,4.0,23.7,0.45,39.5,3,1,否,C,network,0.74,0.52,0.87,0.51,0.61,0.75,0.17,0.45,0.62,自住-首套,两室两厅,63,4984,国企车间技术主任,三口之家(学龄段),与父母同住，三代人拥挤在旧区小户型老房中,小区无地下车库且人车不分流，小孩在楼下玩耍或者推婴儿车极为不安全。,要求有超大面宽南向双阳台（观景家政分离），主卧大飘窗能270度直面自然景观。,在市中心核心写字楼工作，首选半小时核心通勤圈内。,爱猫狗，喜欢烹饪和插花，主打经济舒适的生活小确幸。,夫妻双方积蓄 + 双方父母出资赞助首付 + 公积金商业组合贷款,重性价比，不盲信大牌，但要求物业管理有序、绿化修剪及时、人防技防规范。,本地常住人口，四季生活规律，度假频次为常规年假出行。
青_2008_00826,青岛,2008,学区刚需,34,女,1.5,11.6,0.3,29.0,4,1,否,C,agent,0.99,0.63,0.49,0.17,0.37,0.74,0.48,0.83,0.32,学区房,两室一厅,77,2702,区财政局科员,三口之家(幼龄段),与父母同住，三代人拥挤在旧区小户型老房中,小区无地下车库且人车不分流，小孩在楼下玩耍或者推婴儿车极为不安全。,讲究超高得房率（超85%），主卧套房必须配备独立步入式衣帽间与干湿分离双卫。,在市中心核心写字楼工作，首选半小时核心通勤圈内。,爱猫狗，喜欢烹饪和插花，主打经济舒适的生活小确幸。,名下持有一套旧两居，置换回款 65% + 个人理财储蓄补充 + 公积金商业贷,重性价比，不盲信大牌，但要求物业管理有序、绿化修剪及时、人防技防规范。,本地常住人口，四季生活规律，度假频次为常规年假出行。
青_2008_00827,青岛,2008,本地改善,54,女,2.3,22.1,0.4,41.4,3,1,否,B,agent,0.86,0.3,0.79,0.48,0.41,1.0,0.74,0.59,0.61,自住-改善,两室一厅,72,3870,区财政局科员,三口之家(学龄段),青岛中环品质两居，车位及空间极其拥挤,小区无地下车库且人车不分流，小孩在楼下玩耍或者推婴儿车极为不安全。,要求有超大面宽南向双阳台（观景家政分离），主卧大飘窗能270度直面自然景观。,在市中心核心写字楼工作，首选半小时核心通勤圈内。,倡导轻户外，周末常带家人自驾野营或山系徒步，注重生活情调与手作咖啡。,名下持有一套旧两居，置换回款 65% + 个人理财储蓄补充 + 公积金商业贷,重性价比，不盲信大牌，但要求物业管理有序、绿化修剪及时、人防技防规范。,本地常住人口，四季生活规律，度假频次为常规年假出行。
青_2008_00828,青岛,2008,学区刚需,38,男,1.9,11.8,0.3,29.5,4,2,否,C,agent,0.92,0.42,0.39,0.2,0.4,0.81,0.56,0.99,0.51,学区房,一室一厅,50,4004,国企车间技术主任,二胎黄金期中大户型,与父母同住，三代人拥挤在旧区小户型老房中,小区无地下车库且人车不分流，小孩在楼下玩耍或者推婴儿车极为不安全。,讲究超高得房率（超85%），主卧套房必须配备独立步入式衣帽间与干湿分离双卫。,在市中心核心写字楼工作，首选半小时核心通勤圈内。,爱猫狗，喜欢烹饪和插花，主打经济舒适的生活小确幸。,名下持有一套旧两居，置换回款 65% + 个人理财储蓄补充 + 公积金商业贷,重性价比，不盲信大牌，但要求物业管理有序、绿化修剪及时、人防技防规范。,本地常住人口，四季生活规律，度假频次为常规年假出行。
青_2008_00829,青岛,2008,本地改善,37,女,2.5,22.9,0.4,43.0,4,2,否,B,agent,0.79,0.65,0.72,0.61,0.56,0.79,0.54,0.67,0.48,自住-改善,两室两厅,100,3319,区财政局科员,二胎黄金期中大户型,青岛中环品质两居，车位及空间极其拥挤,小区无地下车库且人车不分流，小孩在楼下玩耍或者推婴儿车极为不安全。,要求有超大面宽南向双阳台（观景家政分离），主卧大飘窗能270度直面自然景观。,在市中心核心写字楼工作，首选半小时核心通勤圈内。,倡导轻户外，周末常带家人自驾野营或山系徒步，注重生活情调与手作咖啡。,名下持有一套旧两居，置换回款 65% + 个人理财储蓄补充 + 公积金商业贷,重性价比，不盲信大牌，但要求物业管理有序、绿化修剪及时、人防技防规范。,本地常住人口，四季生活规律，度假频次为常规年假出行。
青_2008_00830,青岛,2008,本地改善,55,男,1.6,14.4,0.4,26.9,3,0,是,B,agent,0.65,0.53,0.64,0.48,0.74,0.81,0.59,0.62,0.38,自住-改善,两室两厅,72,2294,市第二中学地理教师,高知退休康养,青岛中环品质两居，车位及空间极其拥挤,当前房屋属于旧多层无电梯房，父母年纪渐高每天爬楼梯极为吃力。,讲究超高得房率（超85%），主卧套房必须配备独立步入式衣帽间与干湿分离双卫。,在市中心核心写字楼工作，首选半小时核心通勤圈内。,倡导轻户外，周末常带家人自驾野营或山系徒步，注重生活情调与手作咖啡。,名下持有一套旧两居，置换回款 65% + 个人理财储蓄补充 + 公积金商业贷,重性价比，不盲信大牌，但要求物业管理有序、绿化修剪及时、人防技防规范。,本地常住人口，四季生活规律，度假频次为常规年假出行。
青_2008_00831,青岛,2008,本地改善,54,女,1.4,10.1,0.4,18.9,4,1,是,B,agent,0.61,0.56,0.74,0.54,0.44,0.89,0.5,0.63,0.59,自住-改善,两室两厅,84,1261,市第二中学地理教师,三口之家(学龄段),青岛中环品质两居，车位及空间极其拥挤,小区无地下车库且人车不分流，小孩在楼下玩耍或者推婴儿车极为不安全。,要求有超大面宽南向双阳台（观景家政分离），主卧大飘窗能270度直面自然景观。,在市中心核心写字楼工作，首选半小时核心通勤圈内。,倡导轻户外，周末常带家人自驾野营或山系徒步，注重生活情调与手作咖啡。,名下持有一套旧两居，置换回款 65% + 个人理财储蓄补充 + 公积金商业贷,重性价比，不盲信大牌，但要求物业管理有序、绿化修剪及时、人防技防规范。,本地常住人口，四季生活规律，度假频次为常规年假出行。
青_2008_00832,青岛,2008,北方度假投资,59,女,3.1,28.9,0.5,43.3,2,0,否,B,research,0.85,0.55,0.96,0.55,0.54,0.49,0,0.08,0.61,投资-短期,一室一厅,64,4450,上市公司退休联合创始人,高知退休康养,青岛中环品质两居，车位及空间极其拥挤,老小区隔音差，邻里滋扰严重，且车位严重匮乏，每晚加班回来抢车位像打仗。,要求有超大面宽南向双阳台（观景家政分离），主卧大飘窗能270度直面自然景观。,在市中心核心写字楼工作，首选半小时核心通勤圈内。,倡导轻户外，周末常带家人自驾野营或山系徒步，注重生活情调与手作咖啡。,名下持有一套旧两居，置换回款 65% + 个人理财储蓄补充 + 公积金商业贷,重性价比，不盲信大牌，但要求物业管理有序、绿化修剪及时、人防技防规范。,每年11月至次年3月到此度过漫长冬季，极其依赖周边的康养及适老化服务。
青_2008_00833,青岛,2008,本地改善,40,男,1.1,10.0,0.4,18.7,5,2,否,B,agent,0.77,0.49,0.78,0.35,0.49,0.89,0.59,0.73,0.62,自住-改善,两室两厅,85,1175,国企车间技术主任,二胎黄金期中大户型,青岛中环品质两居，车位及空间极其拥挤,小区无地下车库且人车不分流，小孩在楼下玩耍或者推婴儿车极为不安全。,要求有超大面宽南向双阳台（观景家政分离），主卧大飘窗能270度直面自然景观。,在市中心核心写字楼工作，首选半小时核心通勤圈内。,倡导轻户外，周末常带家人自驾野营或山系徒步，注重生活情调与手作咖啡。,名下持有一套旧两居，置换回款 65% + 个人理财储蓄补充 + 公积金商业贷,重性价比，不盲信大牌，但要求物业管理有序、绿化修剪及时、人防技防规范。,本地常住人口，四季生活规律，度假频次为常规年假出行。
青_2008_00834,青岛,2008,本地改善,45,女,1.5,9.9,0.4,18.5,4,1,否,B,agent,0.69,0.54,0.68,0.59,0.62,0.83,0.68,0.65,0.53,自住-改善,两室一厅,94,1634,邮政局局长秘书,三口之家(学龄段),青岛中环品质两居，车位及空间极其拥挤,小区无地下车库且人车不分流，小孩在楼下玩耍或者推婴儿车极为不安全。,讲究超高得房率（超85%），主卧套房必须配备独立步入式衣帽间与干湿分离双卫。,在市中心核心写字楼工作，首选半小时核心通勤圈内。,倡导轻户外，周末常带家人自驾野营或山系徒步，注重生活情调与手作咖啡。,名下持有一套旧两居，置换回款 65% + 个人理财储蓄补充 + 公积金商业贷,重性价比，不盲信大牌，但要求物业管理有序、绿化修剪及时、人防技防规范。,本地常住人口，四季生活规律，度假频次为常规年假出行。
青_2008_00835,青岛,2008,学区刚需,43,男,2.9,17.3,0.3,43.2,3,1,是,C,agent,0.68,0.46,0.32,0.34,0.43,0.75,0.49,0.89,0.53,学区房,两室两厅,93,3773,区财政局科员,三口之家(学龄段),与父母同住，三代人拥挤在旧区小户型老房中,小区无地下车库且人车不分流，小孩在楼下玩耍或者推婴儿车极为不安全。,讲究超高得房率（超85%），主卧套房必须配备独立步入式衣帽间与干湿分离双卫。,在市中心核心写字楼工作，首选半小时核心通勤圈内。,爱猫狗，喜欢烹饪和插花，主打经济舒适的生活小确幸。,名下持有一套旧两居，置换回款 65% + 个人理财储蓄补充 + 公积金商业贷,重性价比，不盲信大牌，但要求物业管理有序、绿化修剪及时、人防技防规范。,本地常住人口，四季生活规律，度假频次为常规年假出行。
青_2008_00836,青岛,2008,本地改善,44,男,2.9,17.0,0.4,31.9,4,0,是,B,agent,0.88,0.57,0.73,0.41,0.52,0.67,0.73,0.67,0.64,自住-改善,两室两厅,63,4472,国企车间技术主任,成熟期核心家庭,青岛中环品质两居，车位及空间极其拥挤,当前房屋属于旧多层无电梯房，父母年纪渐高每天爬楼梯极为吃力。,要求有超大面宽南向双阳台（观景家政分离），主卧大飘窗能270度直面自然景观。,在市中心核心写字楼工作，首选半小时核心通勤圈内。,倡导轻户外，周末常带家人自驾野营或山系徒步，注重生活情调与手作咖啡。,名下持有一套旧两居，置换回款 65% + 个人理财储蓄补充 + 公积金商业贷,重性价比，不盲信大牌，但要求物业管理有序、绿化修剪及时、人防技防规范。,本地常住人口，四季生活规律，度假频次为常规年假出行。
青_2008_00837,青岛,2008,本地改善,41,男,1.6,14.7,0.4,27.6,4,1,是,B,agent,1,0.51,0.82,0.56,0.56,0.95,0.66,0.72,0.51,自住-改善,一室一厅,93,2557,邮政局局长秘书,三口之家(学龄段),青岛中环品质两居，车位及空间极其拥挤,小区无地下车库且人车不分流，小孩在楼下玩耍或者推婴儿车极为不安全。,要求有超大面宽南向双阳台（观景家政分离），主卧大飘窗能270度直面自然景观。,在市中心核心写字楼工作，首选半小时核心通勤圈内。,倡导轻户外，周末常带家人自驾野营或山系徒步，注重生活情调与手作咖啡。,名下持有一套旧两居，置换回款 65% + 个人理财储蓄补充 + 公积金商业贷,重性价比，不盲信大牌，但要求物业管理有序、绿化修剪及时、人防技防规范。,本地常住人口，四季生活规律，度假频次为常规年假出行。
青_2008_00838,青岛,2008,本地改善,42,女,4.2,24.0,0.4,45.1,4,1,是,B,agent,0.76,0.56,0.79,0.41,0.43,0.83,0.58,0.68,0.68,自住-改善,两室两厅,85,3516,邮政局局长秘书,三口之家(学龄段),青岛中环品质两居，车位及空间极其拥挤,小区无地下车库且人车不分流，小孩在楼下玩耍或者推婴儿车极为不安全。,要求有超大面宽南向双阳台（观景家政分离），主卧大飘窗能270度直面自然景观。,在市中心核心写字楼工作，首选半小时核心通勤圈内。,倡导轻户外，周末常带家人自驾野营或山系徒步，注重生活情调与手作咖啡。,名下持有一套旧两居，置换回款 65% + 个人理财储蓄补充 + 公积金商业贷,重性价比，不盲信大牌，但要求物业管理有序、绿化修剪及时、人防技防规范。,本地常住人口，四季生活规律，度假频次为常规年假出行。
青_2008_00839,青岛,2008,本地改善,51,女,0.9,7.0,0.4,13.1,4,1,否,B,agent,0.52,0.48,0.87,0.6,0.43,0.79,0.55,0.6,0.59,自住-改善,两室一厅,81,854,市第二中学地理教师,三口之家(学龄段),青岛中环品质两居，车位及空间极其拥挤,小区无地下车库且人车不分流，小孩在楼下玩耍或者推婴儿车极为不安全。,要求有超大面宽南向双阳台（观景家政分离），主卧大飘窗能270度直面自然景观。,在市中心核心写字楼工作，首选半小时核心通勤圈内。,倡导轻户外，周末常带家人自驾野营或山系徒步，注重生活情调与手作咖啡。,名下持有一套旧两居，置换回款 65% + 个人理财储蓄补充 + 公积金商业贷,重性价比，不盲信大牌，但要求物业管理有序、绿化修剪及时、人防技防规范。,本地常住人口，四季生活规律，度假频次为常规年假出行。
青_2008_00840,青岛,2008,本地改善,43,男,1.9,13.6,0.4,25.4,4,1,否,B,agent,0.76,0.49,0.8,0.57,0.56,0.92,0.65,0.66,0.59,自住-改善,一室一厅,59,2405,邮政局局长秘书,三口之家(学龄段),青岛中环品质两居，车位及空间极其拥挤,小区无地下车库且人车不分流，小孩在楼下玩耍或者推婴儿车极为不安全。,要求有超大面宽南向双阳台（观景家政分离），主卧大飘窗能270度直面自然景观。,在市中心核心写字楼工作，首选半小时核心通勤圈内。,倡导轻户外，周末常带家人自驾野营或山系徒步，注重生活情调与手作咖啡。,名下持有一套旧两居，置换回款 65% + 个人理财储蓄补充 + 公积金商业贷,重性价比，不盲信大牌，但要求物业管理有序、绿化修剪及时、人防技防规范。,本地常住人口，四季生活规律，度假频次为常规年假出行。
青_2008_00841,青岛,2008,本地改善,49,女,2.3,13.9,0.4,26.0,4,1,是,B,agent,0.65,0.67,0.76,0.56,0.59,0.93,0.57,0.87,0.52,自住-改善,两室一厅,93,1883,邮政局局长秘书,三口之家(学龄段),青岛中环品质两居，车位及空间极其拥挤,小区无地下车库且人车不分流，小孩在楼下玩耍或者推婴儿车极为不安全。,要求有超大面宽南向双阳台（观景家政分离），主卧大飘窗能270度直面自然景观。,在市中心核心写字楼工作，首选半小时核心通勤圈内。,倡导轻户外，周末常带家人自驾野营或山系徒步，注重生活情调与手作咖啡。,名下持有一套旧两居，置换回款 65% + 个人理财储蓄补充 + 公积金商业贷,重性价比，不盲信大牌，但要求物业管理有序、绿化修剪及时、人防技防规范。,本地常住人口，四季生活规律，度假频次为常规年假出行。
青_2008_00842,青岛,2008,本地改善,47,女,1.4,10.6,0.4,19.8,4,0,否,B,agent,0.57,0.58,0.89,0.54,0.51,1,0.51,0.75,0.6,自住-改善,一室一厅,86,2034,市第二中学地理教师,成熟期核心家庭,青岛中环品质两居，车位及空间极其拥挤,老小区隔音差，邻里滋扰严重，且车位严重匮乏，每晚加班回来抢车位像打仗。,要求有超大面宽南向双阳台（观景家政分离），主卧大飘窗能270度直面自然景观。,在市中心核心写字楼工作，首选半小时核心通勤圈内。,倡导轻户外，周末常带家人自驾野营或山系徒步，注重生活情调与手作咖啡。,名下持有一套旧两居，置换回款 65% + 个人理财储蓄补充 + 公积金商业贷,重性价比，不盲信大牌，但要求物业管理有序、绿化修剪及时、人防技防规范。,本地常住人口，四季生活规律，度假频次为常规年假出行。
青_2008_00843,青岛,2008,本地改善,35,女,1.9,12.0,0.4,22.5,4,1,是,B,agent,0.71,0.41,0.58,0.53,0.56,0.79,0.56,0.74,0.59,自住-改善,两室一厅,100,1804,区财政局科员,三口之家(幼龄段),青岛中环品质两居，车位及空间极其拥挤,小区无地下车库且人车不分流，小孩在楼下玩耍或者推婴儿车极为不安全。,讲究超高得房率（超85%），主卧套房必须配备独立步入式衣帽间与干湿分离双卫。,在市中心核心写字楼工作，首选半小时核心通勤圈内。,倡导轻户外，周末常带家人自驾野营或山系徒步，注重生活情调与手作咖啡。,名下持有一套旧两居，置换回款 65% + 个人理财储蓄补充 + 公积金商业贷,重性价比，不盲信大牌，但要求物业管理有序、绿化修剪及时、人防技防规范。,本地常住人口，四季生活规律，度假频次为常规年假出行。
青_2008_00844,青岛,2008,本地改善,35,男,2.5,18.1,0.4,34.0,5,1,否,B,agent,0.81,0.55,0.87,0.41,0.51,0.87,0.6,0.76,0.64,自住-改善,两室两厅,96,2345,市第二中学地理教师,三口之家(幼龄段),青岛中环品质两居，车位及空间极其拥挤,小区无地下车库且人车不分流，小孩在楼下玩耍或者推婴儿车极为不安全。,要求有超大面宽南向双阳台（观景家政分离），主卧大飘窗能270度直面自然景观。,在市中心核心写字楼工作，首选半小时核心通勤圈内。,倡导轻户外，周末常带家人自驾野营或山系徒步，注重生活情调与手作咖啡。,名下持有一套旧两居，置换回款 65% + 个人理财储蓄补充 + 公积金商业贷,重性价比，不盲信大牌，但要求物业管理有序、绿化修剪及时、人防技防规范。,本地常住人口，四季生活规律，度假频次为常规年假出行。
青_2008_00845,青岛,2008,学区刚需,39,女,1.6,10.0,0.3,25.0,3,2,否,C,agent,0.93,0.59,0.4,0.41,0.4,0.7,0.66,1,0.61,学区房,两室一厅,74,2046,国企车间技术主任,二胎黄金期中大户型,与父母同住，三代人拥挤在旧区小户型老房中,小区无地下车库且人车不分流，小孩在楼下玩耍或者推婴儿车极为不安全。,讲究超高得房率（超85%），主卧套房必须配备独立步入式衣帽间与干湿分离双卫。,在市中心核心写字楼工作，首选半小时核心通勤圈内。,爱猫狗，喜欢烹饪和插花，主打经济舒适的生活小确幸。,名下持有一套旧两居，置换回款 65% + 个人理财储蓄补充 + 公积金商业贷,重性价比，不盲信大牌，但要求物业管理有序、绿化修剪及时、人防技防规范。,本地常住人口，四季生活规律，度假频次为常规年假出行。
青_2008_00846,青岛,2008,山东省内异地,41,男,2.0,13.1,0.45,21.9,3,1,否,C,network,0.63,0.56,0.8,0.49,0.48,0.61,0,0.48,0.55,自住-首套,两室两厅,61,2073,市第二中学地理教师,三口之家(学龄段),与父母同住，三代人拥挤在旧区小户型老房中,小区无地下车库且人车不分流，小孩在楼下玩耍或者推婴儿车极为不安全。,要求有超大面宽南向双阳台（观景家政分离），主卧大飘窗能270度直面自然景观。,在市中心核心写字楼工作，首选半小时核心通勤圈内。,爱猫狗，喜欢烹饪和插花，主打经济舒适的生活小确幸。,夫妻双方积蓄 + 双方父母出资赞助首付 + 公积金商业组合贷款,重性价比，不盲信大牌，但要求物业管理有序、绿化修剪及时、人防技防规范。,本地常住人口，四季生活规律，度假频次为常规年假出行。
青_2008_00847,青岛,2008,山东省内异地,52,女,2.3,13.8,0.45,23.0,2,1,否,C,network,0.85,0.45,0.7,0.46,0.62,0.8,0.01,0.28,0.49,自住-首套,一室一厅,56,3208,市第二中学地理教师,三口之家(学龄段),与父母同住，三代人拥挤在旧区小户型老房中,小区无地下车库且人车不分流，小孩在楼下玩耍或者推婴儿车极为不安全。,讲究超高得房率（超85%），主卧套房必须配备独立步入式衣帽间与干湿分离双卫。,在市中心核心写字楼工作，首选半小时核心通勤圈内。,爱猫狗，喜欢烹饪和插花，主打经济舒适的生活小确幸。,夫妻双方积蓄 + 双方父母出资赞助首付 + 公积金商业组合贷款,重性价比，不盲信大牌，但要求物业管理有序、绿化修剪及时、人防技防规范。,本地常住人口，四季生活规律，度假频次为常规年假出行。
青_2008_00848,青岛,2008,山东省内异地,44,女,2.1,18.6,0.45,31.1,2,0,是,C,network,0.76,0.64,0.82,0.59,0.36,0.73,0.05,0.37,0.41,自住-改善,两室两厅,55,4141,区财政局科员,成熟期核心家庭,与父母同住，三代人拥挤在旧区小户型老房中,当前房屋属于旧多层无电梯房，父母年纪渐高每天爬楼梯极为吃力。,要求有超大面宽南向双阳台（观景家政分离），主卧大飘窗能270度直面自然景观。,在市中心核心写字楼工作，首选半小时核心通勤圈内。,爱猫狗，喜欢烹饪和插花，主打经济舒适的生活小确幸。,名下持有一套旧两居，置换回款 65% + 个人理财储蓄补充 + 公积金商业贷,重性价比，不盲信大牌，但要求物业管理有序、绿化修剪及时、人防技防规范。,本地常住人口，四季生活规律，度假频次为常规年假出行。
青_2008_00849,青岛,2008,山东省内异地,40,女,3.5,21.9,0.45,36.5,4,1,否,C,network,0.5,0.49,0.78,0.5,0.7,0.79,0.08,0.31,0.6,自住-改善,一室一厅,57,5004,市第二中学地理教师,三口之家(学龄段),与父母同住，三代人拥挤在旧区小户型老房中,小区无地下车库且人车不分流，小孩在楼下玩耍或者推婴儿车极为不安全。,要求有超大面宽南向双阳台（观景家政分离），主卧大飘窗能270度直面自然景观。,在市中心核心写字楼工作，首选半小时核心通勤圈内。,爱猫狗，喜欢烹饪和插花，主打经济舒适的生活小确幸。,名下持有一套旧两居，置换回款 65% + 个人理财储蓄补充 + 公积金商业贷,重性价比，不盲信大牌，但要求物业管理有序、绿化修剪及时、人防技防规范。,本地常住人口，四季生活规律，度假频次为常规年假出行。
青_2008_00850,青岛,2008,山东省内异地,42,女,1.3,7.5,0.45,12.5,3,0,否,C,network,0.94,0.64,0.98,0.59,0.4,0.77,0,0.32,0.52,自住-首套,两室两厅,64,1388,区财政局科员,成熟期核心家庭,与父母同住，三代人拥挤在旧区小户型老房中,老小区隔音差，邻里滋扰严重，且车位严重匮乏，每晚加班回来抢车位像打仗。,要求有超大面宽南向双阳台（观景家政分离），主卧大飘窗能270度直面自然景观。,在市中心核心写字楼工作，首选半小时核心通勤圈内。,爱猫狗，喜欢烹饪和插花，主打经济舒适的生活小确幸。,夫妻双方积蓄 + 双方父母出资赞助首付 + 公积金商业组合贷款,重性价比，不盲信大牌，但要求物业管理有序、绿化修剪及时、人防技防规范。,本地常住人口，四季生活规律，度假频次为常规年假出行。
青_2008_00851,青岛,2008,本地改善,48,女,2.5,24.1,0.4,45.2,5,1,否,B,agent,0.75,0.55,0.79,0.4,0.56,0.81,0.52,0.82,0.47,自住-改善,两室两厅,89,3423,区财政局科员,三口之家(学龄段),青岛中环品质两居，车位及空间极其拥挤,小区无地下车库且人车不分流，小孩在楼下玩耍或者推婴儿车极为不安全。,要求有超大面宽南向双阳台（观景家政分离），主卧大飘窗能270度直面自然景观。,在市中心核心写字楼工作，首选半小时核心通勤圈内。,倡导轻户外，周末常带家人自驾野营或山系徒步，注重生活情调与手作咖啡。,名下持有一套旧两居，置换回款 65% + 个人理财储蓄补充 + 公积金商业贷,重性价比，不盲信大牌，但要求物业管理有序、绿化修剪及时、人防技防规范。,本地常住人口，四季生活规律，度假频次为常规年假出行。
青_2008_00852,青岛,2008,学区刚需,43,男,0.9,6.4,0.3,16.1,1,1,是,C,agent,0.92,0.7,0.48,0.33,0.54,0.58,0.79,0.87,0.57,学区房,一室一厅,63,1904,市第二中学地理教师,三口之家(学龄段),与父母同住，三代人拥挤在旧区小户型老房中,小区无地下车库且人车不分流，小孩在楼下玩耍或者推婴儿车极为不安全。,核心要求地块属于第一梯队名校学区，且周边500米内解决幼小衔接教育配套。,在市中心核心写字楼工作，首选半小时核心通勤圈内。,爱猫狗，喜欢烹饪和插花，主打经济舒适的生活小确幸。,名下持有一套旧两居，置换回款 65% + 个人理财储蓄补充 + 公积金商业贷,重性价比，不盲信大牌，但要求物业管理有序、绿化修剪及时、人防技防规范。,本地常住人口，四季生活规律，度假频次为常规年假出行。
青_2008_00853,青岛,2008,本地改善,49,女,2.7,17.0,0.4,31.9,4,0,否,B,agent,0.84,0.51,0.66,0.37,0.42,0.71,0.64,0.76,0.54,自住-改善,一室一厅,76,3555,国企车间技术主任,成熟期核心家庭,青岛中环品质两居，车位及空间极其拥挤,老小区隔音差，邻里滋扰严重，且车位严重匮乏，每晚加班回来抢车位像打仗。,讲究超高得房率（超85%），主卧套房必须配备独立步入式衣帽间与干湿分离双卫。,在市中心核心写字楼工作，首选半小时核心通勤圈内。,倡导轻户外，周末常带家人自驾野营或山系徒步，注重生活情调与手作咖啡。,名下持有一套旧两居，置换回款 65% + 个人理财储蓄补充 + 公积金商业贷,重性价比，不盲信大牌，但要求物业管理有序、绿化修剪及时、人防技防规范。,本地常住人口，四季生活规律，度假频次为常规年假出行。
青_2008_00854,青岛,2008,本地改善,54,男,3.1,19.5,0.4,36.6,5,2,是,B,agent,0.75,0.54,0.64,0.42,0.44,0.9,0.43,0.64,0.68,自住-改善,一室一厅,66,4147,国企车间技术主任,二胎黄金期中大户型,青岛中环品质两居，车位及空间极其拥挤,小区无地下车库且人车不分流，小孩在楼下玩耍或者推婴儿车极为不安全。,讲究超高得房率（超85%），主卧套房必须配备独立步入式衣帽间与干湿分离双卫。,在市中心核心写字楼工作，首选半小时核心通勤圈内。,倡导轻户外，周末常带家人自驾野营或山系徒步，注重生活情调与手作咖啡。,名下持有一套旧两居，置换回款 65% + 个人理财储蓄补充 + 公积金商业贷,重性价比，不盲信大牌，但要求物业管理有序、绿化修剪及时、人防技防规范。,本地常住人口，四季生活规律，度假频次为常规年假出行。
青_2008_00855,青岛,2008,学区刚需,33,女,1.9,9.7,0.3,24.1,2,2,否,C,agent,0.87,0.59,0.23,0.39,0.24,0.72,0.53,0.84,0.47,学区房,两室两厅,84,1762,区财政局科员,二胎黄金期中大户型,与父母同住，三代人拥挤在旧区小户型老房中,小区无地下车库且人车不分流，小孩在楼下玩耍或者推婴儿车极为不安全。,讲究超高得房率（超85%），主卧套房必须配备独立步入式衣帽间与干湿分离双卫。,在市中心核心写字楼工作，首选半小时核心通勤圈内。,爱猫狗，喜欢烹饪和插花，主打经济舒适的生活小确幸。,名下持有一套旧两居，置换回款 65% + 个人理财储蓄补充 + 公积金商业贷,重性价比，不盲信大牌，但要求物业管理有序、绿化修剪及时、人防技防规范。,本地常住人口，四季生活规律，度假频次为常规年假出行。
青_2008_00856,青岛,2008,本地改善,50,男,2.2,13.8,0.4,25.9,4,1,否,B,agent,1,0.55,0.74,0.46,0.62,0.95,0.57,0.85,0.64,自住-改善,两室一厅,63,3613,国企车间技术主任,三口之家(学龄段),青岛中环品质两居，车位及空间极其拥挤,小区无地下车库且人车不分流，小孩在楼下玩耍或者推婴儿车极为不安全。,要求有超大面宽南向双阳台（观景家政分离），主卧大飘窗能270度直面自然景观。,在市中心核心写字楼工作，首选半小时核心通勤圈内。,倡导轻户外，周末常带家人自驾野营或山系徒步，注重生活情调与手作咖啡。,名下持有一套旧两居，置换回款 65% + 个人理财储蓄补充 + 公积金商业贷,重性价比，不盲信大牌，但要求物业管理有序、绿化修剪及时、人防技防规范。,本地常住人口，四季生活规律，度假频次为常规年假出行。
青_2008_00857,青岛,2008,学区刚需,35,女,2.6,15.5,0.3,38.8,3,1,否,C,agent,1,0.54,0.19,0.39,0.47,0.6,0.53,0.95,0.49,学区房,一室一厅,81,2698,国企车间技术主任,三口之家(幼龄段),与父母同住，三代人拥挤在旧区小户型老房中,小区无地下车库且人车不分流，小孩在楼下玩耍或者推婴儿车极为不安全。,核心要求地块属于第一梯队名校学区，且周边500米内解决幼小衔接教育配套。,在市中心核心写字楼工作，首选半小时核心通勤圈内。,爱猫狗，喜欢烹饪和插花，主打经济舒适的生活小确幸。,名下持有一套旧两居，置换回款 65% + 个人理财储蓄补充 + 公积金商业贷,重性价比，不盲信大牌，但要求物业管理有序、绿化修剪及时、人防技防规范。,本地常住人口，四季生活规律，度假频次为常规年假出行。
青_2008_00858,青岛,2008,山东省内异地,50,男,2.4,21.9,0.45,36.5,3,1,否,C,network,0.99,0.58,0.98,0.52,0.49,0.85,0,0.47,0.47,自住-首套,一室一厅,79,3463,市第二中学地理教师,三口之家(学龄段),与父母同住，三代人拥挤在旧区小户型老房中,小区无地下车库且人车不分流，小孩在楼下玩耍或者推婴儿车极为不安全。,要求有超大面宽南向双阳台（观景家政分离），主卧大飘窗能270度直面自然景观。,在市中心核心写字楼工作，首选半小时核心通勤圈内。,爱猫狗，喜欢烹饪和插花，主打经济舒适的生活小确幸。,夫妻双方积蓄 + 双方父母出资赞助首付 + 公积金商业组合贷款,重性价比，不盲信大牌，但要求物业管理有序、绿化修剪及时、人防技防规范。,本地常住人口，四季生活规律，度假频次为常规年假出行。
青_2008_00859,青岛,2008,本地改善,45,女,2.1,12.3,0.4,23.0,4,1,否,B,agent,0.57,0.5,0.73,0.44,0.54,0.85,0.6,0.68,0.57,自住-改善,一室一厅,88,1891,市第二中学地理教师,三口之家(学龄段),青岛中环品质两居，车位及空间极其拥挤,小区无地下车库且人车不分流，小孩在楼下玩耍或者推婴儿车极为不安全。,要求有超大面宽南向双阳台（观景家政分离），主卧大飘窗能270度直面自然景观。,在市中心核心写字楼工作，首选半小时核心通勤圈内。,倡导轻户外，周末常带家人自驾野营或山系徒步，注重生活情调与手作咖啡。,名下持有一套旧两居，置换回款 65% + 个人理财储蓄补充 + 公积金商业贷,重性价比，不盲信大牌，但要求物业管理有序、绿化修剪及时、人防技防规范。,本地常住人口，四季生活规律，度假频次为常规年假出行。
青_2008_00860,青岛,2008,北方度假投资,52,男,4.1,31.7,0.5,47.6,2,0,否,B,research,0.83,0.55,0.81,0.56,0.46,0.49,0,0,0.63,投资-短期,两室两厅,56,4669,高端海景资产收藏家,成熟期核心家庭,青岛中环品质两居，车位及空间极其拥挤,老小区隔音差，邻里滋扰严重，且车位严重匮乏，每晚加班回来抢车位像打仗。,要求有超大面宽南向双阳台（观景家政分离），主卧大飘窗能270度直面自然景观。,在市中心核心写字楼工作，首选半小时核心通勤圈内。,倡导轻户外，周末常带家人自驾野营或山系徒步，注重生活情调与手作咖啡。,名下持有一套旧两居，置换回款 65% + 个人理财储蓄补充 + 公积金商业贷,重性价比，不盲信大牌，但要求物业管理有序、绿化修剪及时、人防技防规范。,每年11月至次年3月到此度过漫长冬季，极其依赖周边的康养及适老化服务。
青_2008_00861,青岛,2008,本地改善,40,女,3.5,33.9,0.4,63.5,4,0,否,B,agent,0.52,0.5,0.74,0.49,0.7,0.92,0.43,0.64,0.58,自住-改善,一室一厅,69,4684,市第二中学地理教师,成熟期核心家庭,青岛中环品质两居，车位及空间极其拥挤,老小区隔音差，邻里滋扰严重，且车位严重匮乏，每晚加班回来抢车位像打仗。,要求有超大面宽南向双阳台（观景家政分离），主卧大飘窗能270度直面自然景观。,在市中心核心写字楼工作，首选半小时核心通勤圈内。,倡导轻户外，周末常带家人自驾野营或山系徒步，注重生活情调与手作咖啡。,名下持有一套旧两居，置换回款 65% + 个人理财储蓄补充 + 公积金商业贷,重性价比，不盲信大牌，但要求物业管理有序、绿化修剪及时、人防技防规范。,本地常住人口，四季生活规律，度假频次为常规年假出行。
青_2008_00862,青岛,2008,学区刚需,40,女,1.6,7.7,0.3,19.4,4,2,否,C,agent,1,0.49,0.46,0.25,0.47,0.74,0.57,0.96,0.55,学区房,两室两厅,80,1805,国企车间技术主任,二胎黄金期中大户型,与父母同住，三代人拥挤在旧区小户型老房中,小区无地下车库且人车不分流，小孩在楼下玩耍或者推婴儿车极为不安全。,讲究超高得房率（超85%），主卧套房必须配备独立步入式衣帽间与干湿分离双卫。,在市中心核心写字楼工作，首选半小时核心通勤圈内。,爱猫狗，喜欢烹饪和插花，主打经济舒适的生活小确幸。,名下持有一套旧两居，置换回款 65% + 个人理财储蓄补充 + 公积金商业贷,重性价比，不盲信大牌，但要求物业管理有序、绿化修剪及时、人防技防规范。,本地常住人口，四季生活规律，度假频次为常规年假出行。
青_2008_00863,青岛,2008,本地改善,46,男,0.9,8.0,0.4,15.0,4,1,否,B,agent,0.65,0.48,0.61,0.58,0.52,0.87,0.58,0.75,0.68,自住-改善,两室一厅,52,1807,区财政局科员,三口之家(学龄段),青岛中环品质两居，车位及空间极其拥挤,小区无地下车库且人车不分流，小孩在楼下玩耍或者推婴儿车极为不安全。,讲究超高得房率（超85%），主卧套房必须配备独立步入式衣帽间与干湿分离双卫。,在市中心核心写字楼工作，首选半小时核心通勤圈内。,倡导轻户外，周末常带家人自驾野营或山系徒步，注重生活情调与手作咖啡。,名下持有一套旧两居，置换回款 65% + 个人理财储蓄补充 + 公积金商业贷,重性价比，不盲信大牌，但要求物业管理有序、绿化修剪及时、人防技防规范。,本地常住人口，四季生活规律，度假频次为常规年假出行。
青_2008_00864,青岛,2008,本地改善,39,男,2.3,22.3,0.4,41.9,4,1,是,B,agent,0.53,0.46,0.74,0.36,0.45,0.86,0.54,0.62,0.52,自住-改善,两室一厅,81,3692,国企车间技术主任,三口之家(学龄段),青岛中环品质两居，车位及空间极其拥挤,小区无地下车库且人车不分流，小孩在楼下玩耍或者推婴儿车极为不安全。,要求有超大面宽南向双阳台（观景家政分离），主卧大飘窗能270度直面自然景观。,在市中心核心写字楼工作，首选半小时核心通勤圈内。,倡导轻户外，周末常带家人自驾野营或山系徒步，注重生活情调与手作咖啡。,名下持有一套旧两居，置换回款 65% + 个人理财储蓄补充 + 公积金商业贷,重性价比，不盲信大牌，但要求物业管理有序、绿化修剪及时、人防技防规范。,本地常住人口，四季生活规律，度假频次为常规年假出行。
青_2008_00865,青岛,2008,本地改善,44,女,3.0,26.4,0.4,49.5,5,1,是,B,agent,0.89,0.63,0.67,0.49,0.46,0.87,0.49,0.53,0.53,自住-改善,一室一厅,94,4700,邮政局局长秘书,三口之家(学龄段),青岛中环品质两居，车位及空间极其拥挤,小区无地下车库且人车不分流，小孩在楼下玩耍或者推婴儿车极为不安全。,讲究超高得房率（超85%），主卧套房必须配备独立步入式衣帽间与干湿分离双卫。,在市中心核心写字楼工作，首选半小时核心通勤圈内。,倡导轻户外，周末常带家人自驾野营或山系徒步，注重生活情调与手作咖啡。,名下持有一套旧两居，置换回款 65% + 个人理财储蓄补充 + 公积金商业贷,重性价比，不盲信大牌，但要求物业管理有序、绿化修剪及时、人防技防规范。,本地常住人口，四季生活规律，度假频次为常规年假出行。
青_2008_00866,青岛,2008,北方度假投资,45,男,4.8,60.9,0.5,91.4,2,0,否,B,research,0.96,0.5,1,0.7,0.46,0.61,0.08,0.06,0.91,度假,两室一厅,74,6284,上市公司退休联合创始人,成熟期核心家庭,青岛中环品质两居，车位及空间极其拥挤,老小区隔音差，邻里滋扰严重，且车位严重匮乏，每晚加班回来抢车位像打仗。,要求独立电梯入户，主次卧动线分明，配备独立保姆房和私密后院。,在市中心核心写字楼工作，首选半小时核心通勤圈内。,倡导轻户外，周末常带家人自驾野营或山系徒步，注重生活情调与手作咖啡。,名下持有一套旧两居，置换回款 65% + 个人理财储蓄补充 + 公积金商业贷,非仁恒、绿城、万科等金牌开发商不买，极度看重高端精装质量与顶级物业的增值口碑。,每年11月至次年3月到此度过漫长冬季，极其依赖周边的康养及适老化服务。
青_2008_00867,青岛,2008,北方度假投资,62,男,6.1,53.6,0.5,80.4,2,0,否,B,research,0.93,0.47,1,0.66,0.54,0.49,0.07,0.02,0.62,度假,两室两厅,88,5390,高端海景资产收藏家,高知退休康养,青岛中环品质两居，车位及空间极其拥挤,老小区隔音差，邻里滋扰严重，且车位严重匮乏，每晚加班回来抢车位像打仗。,要求有超大面宽南向双阳台（观景家政分离），主卧大飘窗能270度直面自然景观。,在市中心核心写字楼工作，首选半小时核心通勤圈内。,倡导轻户外，周末常带家人自驾野营或山系徒步，注重生活情调与手作咖啡。,名下持有一套旧两居，置换回款 65% + 个人理财储蓄补充 + 公积金商业贷,重性价比，不盲信大牌，但要求物业管理有序、绿化修剪及时、人防技防规范。,每年11月至次年3月到此度过漫长冬季，极其依赖周边的康养及适老化服务。
青_2008_00868,青岛,2008,学区刚需,43,男,1.8,13.8,0.3,34.6,5,1,否,C,agent,0.99,0.56,0.35,0.24,0.4,0.71,0.49,0.94,0.56,学区房,一室一厅,70,2483,国企车间技术主任,三口之家(学龄段),与父母同住，三代人拥挤在旧区小户型老房中,小区无地下车库且人车不分流，小孩在楼下玩耍或者推婴儿车极为不安全。,讲究超高得房率（超85%），主卧套房必须配备独立步入式衣帽间与干湿分离双卫。,在市中心核心写字楼工作，首选半小时核心通勤圈内。,爱猫狗，喜欢烹饪和插花，主打经济舒适的生活小确幸。,名下持有一套旧两居，置换回款 65% + 个人理财储蓄补充 + 公积金商业贷,重性价比，不盲信大牌，但要求物业管理有序、绿化修剪及时、人防技防规范。,本地常住人口，四季生活规律，度假频次为常规年假出行。
青_2008_00869,青岛,2008,本地改善,51,女,1.0,8.1,0.4,15.2,4,1,否,B,agent,0.91,0.57,0.72,0.42,0.42,0.75,0.67,0.62,0.5,自住-改善,两室一厅,66,1675,市第二中学地理教师,三口之家(学龄段),青岛中环品质两居，车位及空间极其拥挤,小区无地下车库且人车不分流，小孩在楼下玩耍或者推婴儿车极为不安全。,要求有超大面宽南向双阳台（观景家政分离），主卧大飘窗能270度直面自然景观。,在市中心核心写字楼工作，首选半小时核心通勤圈内。,倡导轻户外，周末常带家人自驾野营或山系徒步，注重生活情调与手作咖啡。,名下持有一套旧两居，置换回款 65% + 个人理财储蓄补充 + 公积金商业贷,重性价比，不盲信大牌，但要求物业管理有序、绿化修剪及时、人防技防规范。,本地常住人口，四季生活规律，度假频次为常规年假出行。
青_2008_00870,青岛,2008,本地改善,45,男,2.0,13.4,0.4,25.1,4,0,否,B,agent,0.68,0.69,0.75,0.45,0.52,0.77,0.51,0.73,0.54,自住-改善,两室两厅,75,2778,区财政局科员,成熟期核心家庭,青岛中环品质两居，车位及空间极其拥挤,老小区隔音差，邻里滋扰严重，且车位严重匮乏，每晚加班回来抢车位像打仗。,要求有超大面宽南向双阳台（观景家政分离），主卧大飘窗能270度直面自然景观。,在市中心核心写字楼工作，首选半小时核心通勤圈内。,倡导轻户外，周末常带家人自驾野营或山系徒步，注重生活情调与手作咖啡。,名下持有一套旧两居，置换回款 65% + 个人理财储蓄补充 + 公积金商业贷,重性价比，不盲信大牌，但要求物业管理有序、绿化修剪及时、人防技防规范。,本地常住人口，四季生活规律，度假频次为常规年假出行。
青_2008_00871,青岛,2008,本地改善,45,男,1.0,9.0,0.4,16.9,4,1,否,B,agent,0.74,0.48,0.77,0.65,0.59,0.79,0.76,0.64,0.32,自住-改善,两室一厅,95,1501,区财政局科员,三口之家(学龄段),青岛中环品质两居，车位及空间极其拥挤,小区无地下车库且人车不分流，小孩在楼下玩耍或者推婴儿车极为不安全。,要求有超大面宽南向双阳台（观景家政分离），主卧大飘窗能270度直面自然景观。,在市中心核心写字楼工作，首选半小时核心通勤圈内。,倡导轻户外，周末常带家人自驾野营或山系徒步，注重生活情调与手作咖啡。,名下持有一套旧两居，置换回款 65% + 个人理财储蓄补充 + 公积金商业贷,重性价比，不盲信大牌，但要求物业管理有序、绿化修剪及时、人防技防规范。,本地常住人口，四季生活规律，度假频次为常规年假出行。
青_2008_00872,青岛,2008,本地改善,44,女,1.5,15.7,0.4,29.4,5,1,否,B,agent,0.32,0.55,0.75,0.44,0.42,0.87,0.61,0.64,0.58,自住-改善,两室一厅,92,2560,邮政局局长秘书,三口之家(学龄段),青岛中环品质两居，车位及空间极其拥挤,小区无地下车库且人车不分流，小孩在楼下玩耍或者推婴儿车极为不安全。,要求有超大面宽南向双阳台（观景家政分离），主卧大飘窗能270度直面自然景观。,在市中心核心写字楼工作，首选半小时核心通勤圈内。,倡导轻户外，周末常带家人自驾野营或山系徒步，注重生活情调与手作咖啡。,名下持有一套旧两居，置换回款 65% + 个人理财储蓄补充 + 公积金商业贷,重性价比，不盲信大牌，但要求物业管理有序、绿化修剪及时、人防技防规范。,本地常住人口，四季生活规律，度假频次为常规年假出行。
青_2008_00873,青岛,2008,学区刚需,40,女,1.8,7.9,0.3,19.7,3,2,否,C,agent,1,0.5,0.45,0.22,0.27,0.78,0.56,0.97,0.39,学区房,两室一厅,97,1790,区财政局科员,二胎黄金期中大户型,与父母同住，三代人拥挤在旧区小户型老房中,小区无地下车库且人车不分流，小孩在楼下玩耍或者推婴儿车极为不安全。,讲究超高得房率（超85%），主卧套房必须配备独立步入式衣帽间与干湿分离双卫。,在市中心核心写字楼工作，首选半小时核心通勤圈内。,爱猫狗，喜欢烹饪和插花，主打经济舒适的生活小确幸。,名下持有一套旧两居，置换回款 65% + 个人理财储蓄补充 + 公积金商业贷,重性价比，不盲信大牌，但要求物业管理有序、绿化修剪及时、人防技防规范。,本地常住人口，四季生活规律，度假频次为常规年假出行。
青_2008_00874,青岛,2008,本地改善,51,男,1.7,12.0,0.4,22.4,3,1,否,B,agent,0.65,0.65,0.64,0.51,0.59,0.72,0.45,0.7,0.69,自住-改善,一室一厅,80,2016,区财政局科员,三口之家(学龄段),青岛中环品质两居，车位及空间极其拥挤,小区无地下车库且人车不分流，小孩在楼下玩耍或者推婴儿车极为不安全。,讲究超高得房率（超85%），主卧套房必须配备独立步入式衣帽间与干湿分离双卫。,在市中心核心写字楼工作，首选半小时核心通勤圈内。,倡导轻户外，周末常带家人自驾野营或山系徒步，注重生活情调与手作咖啡。,名下持有一套旧两居，置换回款 65% + 个人理财储蓄补充 + 公积金商业贷,重性价比，不盲信大牌，但要求物业管理有序、绿化修剪及时、人防技防规范。,本地常住人口，四季生活规律，度假频次为常规年假出行。
青_2008_00875,青岛,2008,本地改善,50,男,2.8,21.0,0.4,39.3,4,1,否,B,agent,0.77,0.52,0.8,0.44,0.69,0.75,0.57,0.77,0.62,自住-改善,一室一厅,82,3335,区财政局科员,三口之家(学龄段),青岛中环品质两居，车位及空间极其拥挤,小区无地下车库且人车不分流，小孩在楼下玩耍或者推婴儿车极为不安全。,要求有超大面宽南向双阳台（观景家政分离），主卧大飘窗能270度直面自然景观。,在市中心核心写字楼工作，首选半小时核心通勤圈内。,倡导轻户外，周末常带家人自驾野营或山系徒步，注重生活情调与手作咖啡。,名下持有一套旧两居，置换回款 65% + 个人理财储蓄补充 + 公积金商业贷,重性价比，不盲信大牌，但要求物业管理有序、绿化修剪及时、人防技防规范。,本地常住人口，四季生活规律，度假频次为常规年假出行。
青_2008_00876,青岛,2008,山东省内异地,47,男,2.6,24.7,0.45,41.1,3,2,否,C,network,0.43,0.46,0.92,0.57,0.58,0.76,0.0,0.42,0.57,自住-改善,一室一厅,53,6144,国企车间技术主任,二胎黄金期中大户型,与父母同住，三代人拥挤在旧区小户型老房中,小区无地下车库且人车不分流，小孩在楼下玩耍或者推婴儿车极为不安全。,要求有超大面宽南向双阳台（观景家政分离），主卧大飘窗能270度直面自然景观。,在市中心核心写字楼工作，首选半小时核心通勤圈内。,爱猫狗，喜欢烹饪和插花，主打经济舒适的生活小确幸。,名下持有一套旧两居，置换回款 65% + 个人理财储蓄补充 + 公积金商业贷,重性价比，不盲信大牌，但要求物业管理有序、绿化修剪及时、人防技防规范。,本地常住人口，四季生活规律，度假频次为常规年假出行。
青_2008_00877,青岛,2008,本地改善,36,女,1.0,9.9,0.4,18.5,3,2,是,B,agent,0.73,0.4,0.78,0.47,0.63,0.9,0.72,0.73,0.65,自住-改善,一室一厅,54,2303,邮政局局长秘书,二胎黄金期中大户型,青岛中环品质两居，车位及空间极其拥挤,小区无地下车库且人车不分流，小孩在楼下玩耍或者推婴儿车极为不安全。,要求有超大面宽南向双阳台（观景家政分离），主卧大飘窗能270度直面自然景观。,在市中心核心写字楼工作，首选半小时核心通勤圈内。,倡导轻户外，周末常带家人自驾野营或山系徒步，注重生活情调与手作咖啡。,名下持有一套旧两居，置换回款 65% + 个人理财储蓄补充 + 公积金商业贷,重性价比，不盲信大牌，但要求物业管理有序、绿化修剪及时、人防技防规范。,本地常住人口，四季生活规律，度假频次为常规年假出行。
青_2008_00878,青岛,2008,北方度假投资,48,女,3.5,29.7,0.5,44.5,2,0,否,B,research,0.52,0.5,1,0.58,0.47,0.43,0,0,0.58,度假,两室两厅,100,3304,上市公司退休联合创始人,成熟期核心家庭,青岛中环品质两居，车位及空间极其拥挤,老小区隔音差，邻里滋扰严重，且车位严重匮乏，每晚加班回来抢车位像打仗。,要求有超大面宽南向双阳台（观景家政分离），主卧大飘窗能270度直面自然景观。,在市中心核心写字楼工作，首选半小时核心通勤圈内。,倡导轻户外，周末常带家人自驾野营或山系徒步，注重生活情调与手作咖啡。,名下持有一套旧两居，置换回款 65% + 个人理财储蓄补充 + 公积金商业贷,重性价比，不盲信大牌，但要求物业管理有序、绿化修剪及时、人防技防规范。,每年11月至次年3月到此度过漫长冬季，极其依赖周边的康养及适老化服务。
青_2008_00879,青岛,2008,本地改善,37,男,1.2,8.9,0.4,16.6,4,2,是,B,agent,0.88,0.49,0.68,0.51,0.43,0.88,0.5,0.72,0.68,自住-改善,一室一厅,50,2961,市第二中学地理教师,二胎黄金期中大户型,青岛中环品质两居，车位及空间极其拥挤,小区无地下车库且人车不分流，小孩在楼下玩耍或者推婴儿车极为不安全。,讲究超高得房率（超85%），主卧套房必须配备独立步入式衣帽间与干湿分离双卫。,在市中心核心写字楼工作，首选半小时核心通勤圈内。,倡导轻户外，周末常带家人自驾野营或山系徒步，注重生活情调与手作咖啡。,名下持有一套旧两居，置换回款 65% + 个人理财储蓄补充 + 公积金商业贷,重性价比，不盲信大牌，但要求物业管理有序、绿化修剪及时、人防技防规范。,本地常住人口，四季生活规律，度假频次为常规年假出行。
青_2008_00880,青岛,2008,本地改善,49,男,1.3,9.2,0.4,17.3,5,2,是,B,agent,0.52,0.29,0.66,0.34,0.53,0.9,0.56,0.59,0.51,自住-改善,两室两厅,84,1578,国企车间技术主任,二胎黄金期中大户型,青岛中环品质两居，车位及空间极其拥挤,小区无地下车库且人车不分流，小孩在楼下玩耍或者推婴儿车极为不安全。,讲究超高得房率（超85%），主卧套房必须配备独立步入式衣帽间与干湿分离双卫。,在市中心核心写字楼工作，首选半小时核心通勤圈内。,倡导轻户外，周末常带家人自驾野营或山系徒步，注重生活情调与手作咖啡。,名下持有一套旧两居，置换回款 65% + 个人理财储蓄补充 + 公积金商业贷,重性价比，不盲信大牌，但要求物业管理有序、绿化修剪及时、人防技防规范。,本地常住人口，四季生活规律，度假频次为常规年假出行。
青_2008_00881,青岛,2008,本地改善,38,女,2.2,21.3,0.4,39.9,3,1,否,B,agent,0.69,0.52,0.87,0.48,0.37,0.79,0.56,0.53,0.72,自住-改善,两室一厅,55,4320,国企车间技术主任,三口之家(学龄段),青岛中环品质两居，车位及空间极其拥挤,小区无地下车库且人车不分流，小孩在楼下玩耍或者推婴儿车极为不安全。,要求有超大面宽南向双阳台（观景家政分离），主卧大飘窗能270度直面自然景观。,在市中心核心写字楼工作，首选半小时核心通勤圈内。,倡导轻户外，周末常带家人自驾野营或山系徒步，注重生活情调与手作咖啡。,名下持有一套旧两居，置换回款 65% + 个人理财储蓄补充 + 公积金商业贷,非仁恒、绿城、万科等金牌开发商不买，极度看重高端精装质量与顶级物业的增值口碑。,本地常住人口，四季生活规律，度假频次为常规年假出行。
青_2008_00882,青岛,2008,学区刚需,39,女,2.6,15.8,0.3,39.4,3,1,否,C,agent,0.75,0.49,0.46,0.29,0.39,0.82,0.57,0.97,0.4,学区房,一室一厅,72,3473,区财政局科员,三口之家(学龄段),与父母同住，三代人拥挤在旧区小户型老房中,小区无地下车库且人车不分流，小孩在楼下玩耍或者推婴儿车极为不安全。,讲究超高得房率（超85%），主卧套房必须配备独立步入式衣帽间与干湿分离双卫。,在市中心核心写字楼工作，首选半小时核心通勤圈内。,爱猫狗，喜欢烹饪和插花，主打经济舒适的生活小确幸。,名下持有一套旧两居，置换回款 65% + 个人理财储蓄补充 + 公积金商业贷,重性价比，不盲信大牌，但要求物业管理有序、绿化修剪及时、人防技防规范。,本地常住人口，四季生活规律，度假频次为常规年假出行。
青_2008_00883,青岛,2008,本地改善,35,女,2.1,19.4,0.4,36.4,5,1,否,B,agent,0.79,0.58,0.74,0.42,0.27,0.95,0.6,0.69,0.55,自住-改善,两室两厅,82,3439,市第二中学地理教师,三口之家(幼龄段),青岛中环品质两居，车位及空间极其拥挤,小区无地下车库且人车不分流，小孩在楼下玩耍或者推婴儿车极为不安全。,要求有超大面宽南向双阳台（观景家政分离），主卧大飘窗能270度直面自然景观。,在市中心核心写字楼工作，首选半小时核心通勤圈内。,倡导轻户外，周末常带家人自驾野营或山系徒步，注重生活情调与手作咖啡。,名下持有一套旧两居，置换回款 65% + 个人理财储蓄补充 + 公积金商业贷,重性价比，不盲信大牌，但要求物业管理有序、绿化修剪及时、人防技防规范。,本地常住人口，四季生活规律，度假频次为常规年假出行。
青_2008_00884,青岛,2008,学区刚需,33,男,1.6,8.8,0.3,22.1,4,1,是,C,agent,0.79,0.46,0.46,0.22,0.31,0.64,0.49,1,0.39,学区房,两室一厅,88,1477,国企车间技术主任,三口之家(幼龄段),与父母同住，三代人拥挤在旧区小户型老房中,小区无地下车库且人车不分流，小孩在楼下玩耍或者推婴儿车极为不安全。,核心要求地块属于第一梯队名校学区，且周边500米内解决幼小衔接教育配套。,在市中心核心写字楼工作，首选半小时核心通勤圈内。,爱猫狗，喜欢烹饪和插花，主打经济舒适的生活小确幸。,名下持有一套旧两居，置换回款 65% + 个人理财储蓄补充 + 公积金商业贷,重性价比，不盲信大牌，但要求物业管理有序、绿化修剪及时、人防技防规范。,本地常住人口，四季生活规律，度假频次为常规年假出行。
青_2008_00885,青岛,2008,本地改善,44,男,1.7,17.4,0.4,32.6,4,1,是,B,agent,0.86,0.66,0.73,0.51,0.34,0.96,0.65,0.76,0.7,自住-改善,两室一厅,67,2448,市第二中学地理教师,三口之家(学龄段),青岛中环品质两居，车位及空间极其拥挤,小区无地下车库且人车不分流，小孩在楼下玩耍或者推婴儿车极为不安全。,要求有超大面宽南向双阳台（观景家政分离），主卧大飘窗能270度直面自然景观。,在市中心核心写字楼工作，首选半小时核心通勤圈内。,倡导轻户外，周末常带家人自驾野营或山系徒步，注重生活情调与手作咖啡。,名下持有一套旧两居，置换回款 65% + 个人理财储蓄补充 + 公积金商业贷,非仁恒、绿城、万科等金牌开发商不买，极度看重高端精装质量与顶级物业的增值口碑。,本地常住人口，四季生活规律，度假频次为常规年假出行。
青_2008_00886,青岛,2008,北方度假投资,52,女,5.7,67.5,0.5,101.3,2,0,否,B,research,0.69,0.52,1,0.64,0.39,0.42,0,0.09,0.51,投资-长持,一室一厅,89,7159,知名中医药连锁投资人,成熟期核心家庭,青岛中环品质两居，车位及空间极其拥挤,老小区隔音差，邻里滋扰严重，且车位严重匮乏，每晚加班回来抢车位像打仗。,要求有超大面宽南向双阳台（观景家政分离），主卧大飘窗能270度直面自然景观。,在市中心核心写字楼工作，首选半小时核心通勤圈内。,倡导轻户外，周末常带家人自驾野营或山系徒步，注重生活情调与手作咖啡。,名下持有一套旧两居，置换回款 65% + 个人理财储蓄补充 + 公积金商业贷,重性价比，不盲信大牌，但要求物业管理有序、绿化修剪及时、人防技防规范。,每年11月至次年3月到此度过漫长冬季，极其依赖周边的康养及适老化服务。
青_2008_00887,青岛,2008,本地改善,49,女,2.0,20.3,0.4,38.1,4,1,是,B,agent,0.88,0.55,0.79,0.51,0.51,1.0,0.65,0.76,0.58,自住-改善,两室两厅,96,3562,国企车间技术主任,三口之家(学龄段),青岛中环品质两居，车位及空间极其拥挤,小区无地下车库且人车不分流，小孩在楼下玩耍或者推婴儿车极为不安全。,要求有超大面宽南向双阳台（观景家政分离），主卧大飘窗能270度直面自然景观。,在市中心核心写字楼工作，首选半小时核心通勤圈内。,倡导轻户外，周末常带家人自驾野营或山系徒步，注重生活情调与手作咖啡。,名下持有一套旧两居，置换回款 65% + 个人理财储蓄补充 + 公积金商业贷,重性价比，不盲信大牌，但要求物业管理有序、绿化修剪及时、人防技防规范。,本地常住人口，四季生活规律，度假频次为常规年假出行。
青_2008_00888,青岛,2008,本地改善,51,男,2.2,22.2,0.4,41.6,4,0,是,B,agent,0.71,0.51,0.9,0.4,0.49,0.9,0.73,0.68,0.47,自住-改善,两室一厅,93,3556,邮政局局长秘书,成熟期核心家庭,青岛中环品质两居，车位及空间极其拥挤,当前房屋属于旧多层无电梯房，父母年纪渐高每天爬楼梯极为吃力。,要求有超大面宽南向双阳台（观景家政分离），主卧大飘窗能270度直面自然景观。,在市中心核心写字楼工作，首选半小时核心通勤圈内。,倡导轻户外，周末常带家人自驾野营或山系徒步，注重生活情调与手作咖啡。,名下持有一套旧两居，置换回款 65% + 个人理财储蓄补充 + 公积金商业贷,重性价比，不盲信大牌，但要求物业管理有序、绿化修剪及时、人防技防规范。,本地常住人口，四季生活规律，度假频次为常规年假出行。
青_2008_00889,青岛,2008,本地改善,43,女,3.4,25.2,0.4,47.2,5,1,否,B,agent,0.4,0.5,0.65,0.56,0.47,0.78,0.66,0.82,0.55,自住-改善,两室两厅,59,6789,邮政局局长秘书,三口之家(学龄段),青岛中环品质两居，车位及空间极其拥挤,小区无地下车库且人车不分流，小孩在楼下玩耍或者推婴儿车极为不安全。,讲究超高得房率（超85%），主卧套房必须配备独立步入式衣帽间与干湿分离双卫。,在市中心核心写字楼工作，首选半小时核心通勤圈内。,倡导轻户外，周末常带家人自驾野营或山系徒步，注重生活情调与手作咖啡。,名下持有一套旧两居，置换回款 65% + 个人理财储蓄补充 + 公积金商业贷,重性价比，不盲信大牌，但要求物业管理有序、绿化修剪及时、人防技防规范。,本地常住人口，四季生活规律，度假频次为常规年假出行。
青_2008_00890,青岛,2008,本地改善,35,男,2.4,22.1,0.4,41.4,4,2,否,B,agent,0.91,0.47,0.69,0.44,0.56,0.78,0.62,0.73,0.64,自住-改善,两室一厅,99,2350,市第二中学地理教师,二胎黄金期中大户型,青岛中环品质两居，车位及空间极其拥挤,小区无地下车库且人车不分流，小孩在楼下玩耍或者推婴儿车极为不安全。,讲究超高得房率（超85%），主卧套房必须配备独立步入式衣帽间与干湿分离双卫。,在市中心核心写字楼工作，首选半小时核心通勤圈内。,倡导轻户外，周末常带家人自驾野营或山系徒步，注重生活情调与手作咖啡。,名下持有一套旧两居，置换回款 65% + 个人理财储蓄补充 + 公积金商业贷,重性价比，不盲信大牌，但要求物业管理有序、绿化修剪及时、人防技防规范。,本地常住人口，四季生活规律，度假频次为常规年假出行。
青_2008_00891,青岛,2008,本地改善,36,男,1.5,15.2,0.4,28.6,3,1,否,B,agent,0.64,0.57,0.76,0.48,0.44,0.7,0.64,0.65,0.56,自住-改善,两室一厅,55,4200,市第二中学地理教师,三口之家(幼龄段),青岛中环品质两居，车位及空间极其拥挤,小区无地下车库且人车不分流，小孩在楼下玩耍或者推婴儿车极为不安全。,要求有超大面宽南向双阳台（观景家政分离），主卧大飘窗能270度直面自然景观。,在市中心核心写字楼工作，首选半小时核心通勤圈内。,倡导轻户外，周末常带家人自驾野营或山系徒步，注重生活情调与手作咖啡。,名下持有一套旧两居，置换回款 65% + 个人理财储蓄补充 + 公积金商业贷,重性价比，不盲信大牌，但要求物业管理有序、绿化修剪及时、人防技防规范。,本地常住人口，四季生活规律，度假频次为常规年假出行。
青_2008_00892,青岛,2008,山东省内异地,56,女,2.4,24.3,0.45,40.6,4,1,否,C,network,0.67,0.68,0.82,0.45,0.55,0.78,0,0.42,0.53,自住-改善,两室一厅,91,3301,市第二中学地理教师,三口之家(学龄段),与父母同住，三代人拥挤在旧区小户型老房中,小区无地下车库且人车不分流，小孩在楼下玩耍或者推婴儿车极为不安全。,要求有超大面宽南向双阳台（观景家政分离），主卧大飘窗能270度直面自然景观。,在市中心核心写字楼工作，首选半小时核心通勤圈内。,爱猫狗，喜欢烹饪和插花，主打经济舒适的生活小确幸。,名下持有一套旧两居，置换回款 65% + 个人理财储蓄补充 + 公积金商业贷,重性价比，不盲信大牌，但要求物业管理有序、绿化修剪及时、人防技防规范。,本地常住人口，四季生活规律，度假频次为常规年假出行。
青_2008_00893,青岛,2008,本地改善,41,女,1.7,17.1,0.4,32.0,3,1,否,B,agent,0.81,0.51,0.75,0.45,0.39,0.89,0.57,0.76,0.4,自住-改善,两室一厅,70,3813,国企车间技术主任,三口之家(学龄段),青岛中环品质两居，车位及空间极其拥挤,小区无地下车库且人车不分流，小孩在楼下玩耍或者推婴儿车极为不安全。,要求有超大面宽南向双阳台（观景家政分离），主卧大飘窗能270度直面自然景观。,在市中心核心写字楼工作，首选半小时核心通勤圈内。,倡导轻户外，周末常带家人自驾野营或山系徒步，注重生活情调与手作咖啡。,名下持有一套旧两居，置换回款 65% + 个人理财储蓄补充 + 公积金商业贷,重性价比，不盲信大牌，但要求物业管理有序、绿化修剪及时、人防技防规范。,本地常住人口，四季生活规律，度假频次为常规年假出行。
青_2008_00894,青岛,2008,学区刚需,44,女,2.6,15.4,0.3,38.5,3,0,否,C,agent,0.72,0.48,0.41,0.16,0.48,0.83,0.55,0.88,0.41,学区房,两室两厅,69,2841,邮政局局长秘书,成熟期核心家庭,与父母同住，三代人拥挤在旧区小户型老房中,老小区隔音差，邻里滋扰严重，且车位严重匮乏，每晚加班回来抢车位像打仗。,讲究超高得房率（超85%），主卧套房必须配备独立步入式衣帽间与干湿分离双卫。,在市中心核心写字楼工作，首选半小时核心通勤圈内。,爱猫狗，喜欢烹饪和插花，主打经济舒适的生活小确幸。,名下持有一套旧两居，置换回款 65% + 个人理财储蓄补充 + 公积金商业贷,重性价比，不盲信大牌，但要求物业管理有序、绿化修剪及时、人防技防规范。,本地常住人口，四季生活规律，度假频次为常规年假出行。
青_2008_00895,青岛,2008,本地改善,44,女,2.5,17.0,0.4,31.8,3,1,否,B,agent,0.64,0.51,0.77,0.6,0.54,0.83,0.54,0.74,0.52,自住-改善,两室两厅,72,2302,市第二中学地理教师,三口之家(学龄段),青岛中环品质两居，车位及空间极其拥挤,小区无地下车库且人车不分流，小孩在楼下玩耍或者推婴儿车极为不安全。,要求有超大面宽南向双阳台（观景家政分离），主卧大飘窗能270度直面自然景观。,在市中心核心写字楼工作，首选半小时核心通勤圈内。,倡导轻户外，周末常带家人自驾野营或山系徒步，注重生活情调与手作咖啡。,名下持有一套旧两居，置换回款 65% + 个人理财储蓄补充 + 公积金商业贷,重性价比，不盲信大牌，但要求物业管理有序、绿化修剪及时、人防技防规范。,本地常住人口，四季生活规律，度假频次为常规年假出行。
青_2008_00896,青岛,2008,本地改善,37,男,1.9,13.2,0.4,24.8,4,2,否,B,agent,0.77,0.41,0.72,0.5,0.55,0.64,0.64,0.76,0.54,自住-改善,一室一厅,78,1716,邮政局局长秘书,二胎黄金期中大户型,青岛中环品质两居，车位及空间极其拥挤,小区无地下车库且人车不分流，小孩在楼下玩耍或者推婴儿车极为不安全。,要求有超大面宽南向双阳台（观景家政分离），主卧大飘窗能270度直面自然景观。,在市中心核心写字楼工作，首选半小时核心通勤圈内。,倡导轻户外，周末常带家人自驾野营或山系徒步，注重生活情调与手作咖啡。,名下持有一套旧两居，置换回款 65% + 个人理财储蓄补充 + 公积金商业贷,重性价比，不盲信大牌，但要求物业管理有序、绿化修剪及时、人防技防规范。,本地常住人口，四季生活规律，度假频次为常规年假出行。
青_2008_00897,青岛,2008,高端海景收藏,49,男,3.5,44.1,0.6,55.1,2,0,是,A,network,0.64,0.29,1,0.95,0.7,0.36,0,0.14,0.89,投资-长持,两室一厅,75,3728,知名中医药连锁投资人,成熟期核心家庭,陆家嘴核心区江景大平层,当前房屋属于旧多层无电梯房，父母年纪渐高每天爬楼梯极为吃力。,要求独立电梯入户，主次卧动线分明，配备独立保姆房和私密后院。,在市中心核心写字楼工作，首选半小时核心通勤圈内。,周末常去高端商圈消费，热衷打网球和马术，重度手冲咖啡及黑胶唱片发烧友。,名下已有企业股权套现或分红现金，一次性全款付清，基本不加杠杆,非仁恒、绿城、万科等金牌开发商不买，极度看重高端精装质量与顶级物业的增值口碑。,本地常住人口，四季生活规律，度假频次为常规年假出行。
青_2008_00898,青岛,2008,本地改善,49,男,3.5,27.0,0.4,50.6,3,0,是,B,agent,0.64,0.53,0.87,0.5,0.67,0.73,0.73,0.48,0.62,自住-改善,两室两厅,89,3878,市第二中学地理教师,成熟期核心家庭,青岛中环品质两居，车位及空间极其拥挤,当前房屋属于旧多层无电梯房，父母年纪渐高每天爬楼梯极为吃力。,要求有超大面宽南向双阳台（观景家政分离），主卧大飘窗能270度直面自然景观。,在市中心核心写字楼工作，首选半小时核心通勤圈内。,倡导轻户外，周末常带家人自驾野营或山系徒步，注重生活情调与手作咖啡。,名下持有一套旧两居，置换回款 65% + 个人理财储蓄补充 + 公积金商业贷,重性价比，不盲信大牌，但要求物业管理有序、绿化修剪及时、人防技防规范。,本地常住人口，四季生活规律，度假频次为常规年假出行。
青_2008_00899,青岛,2008,本地改善,47,男,3.6,22.6,0.4,42.4,5,0,否,B,agent,1,0.6,0.72,0.51,0.65,0.76,0.63,0.59,0.46,自住-改善,两室一厅,98,2501,国企车间技术主任,成熟期核心家庭,青岛中环品质两居，车位及空间极其拥挤,老小区隔音差，邻里滋扰严重，且车位严重匮乏，每晚加班回来抢车位像打仗。,要求有超大面宽南向双阳台（观景家政分离），主卧大飘窗能270度直面自然景观。,在市中心核心写字楼工作，首选半小时核心通勤圈内。,倡导轻户外，周末常带家人自驾野营或山系徒步，注重生活情调与手作咖啡。,名下持有一套旧两居，置换回款 65% + 个人理财储蓄补充 + 公积金商业贷,重性价比，不盲信大牌，但要求物业管理有序、绿化修剪及时、人防技防规范。,本地常住人口，四季生活规律，度假频次为常规年假出行。
青_2008_00900,青岛,2008,本地改善,47,女,2.2,14.6,0.4,27.4,3,1,是,B,agent,0.69,0.53,0.65,0.4,0.5,0.9,0.64,0.66,0.58,自住-改善,一室一厅,89,1861,市第二中学地理教师,三口之家(学龄段),青岛中环品质两居，车位及空间极其拥挤,小区无地下车库且人车不分流，小孩在楼下玩耍或者推婴儿车极为不安全。,讲究超高得房率（超85%），主卧套房必须配备独立步入式衣帽间与干湿分离双卫。,在市中心核心写字楼工作，首选半小时核心通勤圈内。,倡导轻户外，周末常带家人自驾野营或山系徒步，注重生活情调与手作咖啡。,名下持有一套旧两居，置换回款 65% + 个人理财储蓄补充 + 公积金商业贷,重性价比，不盲信大牌，但要求物业管理有序、绿化修剪及时、人防技防规范。,本地常住人口，四季生活规律，度假频次为常规年假出行。
青_2008_00901,青岛,2008,山东省内异地,45,女,1.1,8.1,0.45,13.5,4,1,是,C,network,0.56,0.46,0.7,0.55,0.49,0.79,0.22,0.38,0.48,自住-改善,一室一厅,69,1584,区财政局科员,三口之家(学龄段),与父母同住，三代人拥挤在旧区小户型老房中,小区无地下车库且人车不分流，小孩在楼下玩耍或者推婴儿车极为不安全。,要求有超大面宽南向双阳台（观景家政分离），主卧大飘窗能270度直面自然景观。,在市中心核心写字楼工作，首选半小时核心通勤圈内。,爱猫狗，喜欢烹饪和插花，主打经济舒适的生活小确幸。,名下持有一套旧两居，置换回款 65% + 个人理财储蓄补充 + 公积金商业贷,重性价比，不盲信大牌，但要求物业管理有序、绿化修剪及时、人防技防规范。,本地常住人口，四季生活规律，度假频次为常规年假出行。
青_2008_00902,青岛,2008,山东省内异地,40,女,4.1,37.1,0.45,61.8,3,1,否,C,network,0.64,0.37,0.84,0.44,0.3,0.78,0.08,0.36,0.64,自住-首套,两室两厅,88,4720,区财政局科员,三口之家(学龄段),与父母同住，三代人拥挤在旧区小户型老房中,小区无地下车库且人车不分流，小孩在楼下玩耍或者推婴儿车极为不安全。,要求有超大面宽南向双阳台（观景家政分离），主卧大飘窗能270度直面自然景观。,在市中心核心写字楼工作，首选半小时核心通勤圈内。,爱猫狗，喜欢烹饪和插花，主打经济舒适的生活小确幸。,夫妻双方积蓄 + 双方父母出资赞助首付 + 公积金商业组合贷款,重性价比，不盲信大牌，但要求物业管理有序、绿化修剪及时、人防技防规范。,本地常住人口，四季生活规律，度假频次为常规年假出行。
青_2008_00903,青岛,2008,本地改善,42,男,2.4,23.5,0.4,44.1,5,1,是,B,agent,1,0.55,0.79,0.57,0.42,0.97,0.55,0.74,0.52,自住-改善,一室一厅,89,3315,国企车间技术主任,三口之家(学龄段),青岛中环品质两居，车位及空间极其拥挤,小区无地下车库且人车不分流，小孩在楼下玩耍或者推婴儿车极为不安全。,要求有超大面宽南向双阳台（观景家政分离），主卧大飘窗能270度直面自然景观。,在市中心核心写字楼工作，首选半小时核心通勤圈内。,倡导轻户外，周末常带家人自驾野营或山系徒步，注重生活情调与手作咖啡。,名下持有一套旧两居，置换回款 65% + 个人理财储蓄补充 + 公积金商业贷,重性价比，不盲信大牌，但要求物业管理有序、绿化修剪及时、人防技防规范。,本地常住人口，四季生活规律，度假频次为常规年假出行。
青_2008_00904,青岛,2008,本地改善,39,女,1.9,13.9,0.4,26.1,4,1,是,B,agent,0.68,0.44,0.73,0.43,0.48,0.84,0.61,0.73,0.58,自住-改善,一室一厅,65,3137,市第二中学地理教师,三口之家(学龄段),青岛中环品质两居，车位及空间极其拥挤,小区无地下车库且人车不分流，小孩在楼下玩耍或者推婴儿车极为不安全。,要求有超大面宽南向双阳台（观景家政分离），主卧大飘窗能270度直面自然景观。,在市中心核心写字楼工作，首选半小时核心通勤圈内。,倡导轻户外，周末常带家人自驾野营或山系徒步，注重生活情调与手作咖啡。,名下持有一套旧两居，置换回款 65% + 个人理财储蓄补充 + 公积金商业贷,重性价比，不盲信大牌，但要求物业管理有序、绿化修剪及时、人防技防规范。,本地常住人口，四季生活规律，度假频次为常规年假出行。
青_2008_00905,青岛,2008,本地改善,47,女,1.4,11.7,0.4,22.0,2,0,否,B,agent,0.83,0.52,0.79,0.48,0.63,0.91,0.44,0.72,0.63,自住-改善,两室两厅,51,2647,邮政局局长秘书,成熟期核心家庭,青岛中环品质两居，车位及空间极其拥挤,老小区隔音差，邻里滋扰严重，且车位严重匮乏，每晚加班回来抢车位像打仗。,要求有超大面宽南向双阳台（观景家政分离），主卧大飘窗能270度直面自然景观。,在市中心核心写字楼工作，首选半小时核心通勤圈内。,倡导轻户外，周末常带家人自驾野营或山系徒步，注重生活情调与手作咖啡。,名下持有一套旧两居，置换回款 65% + 个人理财储蓄补充 + 公积金商业贷,重性价比，不盲信大牌，但要求物业管理有序、绿化修剪及时、人防技防规范。,本地常住人口，四季生活规律，度假频次为常规年假出行。
青_2008_00906,青岛,2008,本地改善,43,男,1.4,10.8,0.4,20.3,4,1,否,B,agent,0.72,0.45,0.79,0.62,0.47,0.86,0.59,0.77,0.66,自住-改善,一室一厅,86,1787,市第二中学地理教师,三口之家(学龄段),青岛中环品质两居，车位及空间极其拥挤,小区无地下车库且人车不分流，小孩在楼下玩耍或者推婴儿车极为不安全。,要求有超大面宽南向双阳台（观景家政分离），主卧大飘窗能270度直面自然景观。,在市中心核心写字楼工作，首选半小时核心通勤圈内。,倡导轻户外，周末常带家人自驾野营或山系徒步，注重生活情调与手作咖啡。,名下持有一套旧两居，置换回款 65% + 个人理财储蓄补充 + 公积金商业贷,重性价比，不盲信大牌，但要求物业管理有序、绿化修剪及时、人防技防规范。,本地常住人口，四季生活规律，度假频次为常规年假出行。
青_2008_00907,青岛,2008,本地改善,54,女,4.0,34.7,0.4,65.0,4,0,否,B,agent,0.54,0.52,0.65,0.53,0.56,0.79,0.55,0.8,0.56,自住-改善,两室两厅,82,4391,国企车间技术主任,成熟期核心家庭,青岛中环品质两居，车位及空间极其拥挤,老小区隔音差，邻里滋扰严重，且车位严重匮乏，每晚加班回来抢车位像打仗。,讲究超高得房率（超85%），主卧套房必须配备独立步入式衣帽间与干湿分离双卫。,在市中心核心写字楼工作，首选半小时核心通勤圈内。,倡导轻户外，周末常带家人自驾野营或山系徒步，注重生活情调与手作咖啡。,名下持有一套旧两居，置换回款 65% + 个人理财储蓄补充 + 公积金商业贷,重性价比，不盲信大牌，但要求物业管理有序、绿化修剪及时、人防技防规范。,本地常住人口，四季生活规律，度假频次为常规年假出行。
青_2008_00908,青岛,2008,本地改善,53,女,3.0,27.6,0.4,51.7,5,1,否,B,agent,0.82,0.33,0.86,0.45,0.61,0.8,0.63,0.81,0.66,自住-改善,一室一厅,64,4177,邮政局局长秘书,三口之家(学龄段),青岛中环品质两居，车位及空间极其拥挤,小区无地下车库且人车不分流，小孩在楼下玩耍或者推婴儿车极为不安全。,要求有超大面宽南向双阳台（观景家政分离），主卧大飘窗能270度直面自然景观。,在市中心核心写字楼工作，首选半小时核心通勤圈内。,倡导轻户外，周末常带家人自驾野营或山系徒步，注重生活情调与手作咖啡。,名下持有一套旧两居，置换回款 65% + 个人理财储蓄补充 + 公积金商业贷,重性价比，不盲信大牌，但要求物业管理有序、绿化修剪及时、人防技防规范。,本地常住人口，四季生活规律，度假频次为常规年假出行。
青_2008_00909,青岛,2008,高端海景收藏,50,男,12.0,95.2,0.6,119.0,2,0,否,A,network,0.37,0.38,1,0.81,0.83,0.54,0,0,0.83,投资-短期,两室两厅,88,6764,高端海景资产收藏家,成熟期核心家庭,西湖边高精平层,无高端私密会所及管家式物业配套，圈层鱼龙混杂，高净值居住体验差。,要求独立电梯入户，主次卧动线分明，配备独立保姆房和私密后院。,在市中心核心写字楼工作，首选半小时核心通勤圈内。,周末常去高端商圈消费，热衷打网球和马术，重度手冲咖啡及黑胶唱片发烧友。,名下已有企业股权套现或分红现金，一次性全款付清，基本不加杠杆,非仁恒、绿城、万科等金牌开发商不买，极度看重高端精装质量与顶级物业的增值口碑。,本地常住人口，四季生活规律，度假频次为常规年假出行。
青_2008_00910,青岛,2008,本地改善,40,男,2.6,20.4,0.4,38.3,3,1,是,B,agent,0.46,0.46,0.72,0.58,0.51,0.87,0.54,0.72,0.46,自住-改善,两室两厅,90,2957,区财政局科员,三口之家(学龄段),青岛中环品质两居，车位及空间极其拥挤,小区无地下车库且人车不分流，小孩在楼下玩耍或者推婴儿车极为不安全。,要求有超大面宽南向双阳台（观景家政分离），主卧大飘窗能270度直面自然景观。,在市中心核心写字楼工作，首选半小时核心通勤圈内。,倡导轻户外，周末常带家人自驾野营或山系徒步，注重生活情调与手作咖啡。,名下持有一套旧两居，置换回款 65% + 个人理财储蓄补充 + 公积金商业贷,重性价比，不盲信大牌，但要求物业管理有序、绿化修剪及时、人防技防规范。,本地常住人口，四季生活规律，度假频次为常规年假出行。
青_2008_00911,青岛,2008,北方度假投资,53,女,5.3,51.5,0.5,77.2,2,0,否,B,research,0.78,0.52,0.97,0.49,0.53,0.57,0.06,0,0.73,度假,两室两厅,67,6196,知名中医药连锁投资人,成熟期核心家庭,青岛中环品质两居，车位及空间极其拥挤,老小区隔音差，邻里滋扰严重，且车位严重匮乏，每晚加班回来抢车位像打仗。,要求有超大面宽南向双阳台（观景家政分离），主卧大飘窗能270度直面自然景观。,在市中心核心写字楼工作，首选半小时核心通勤圈内。,倡导轻户外，周末常带家人自驾野营或山系徒步，注重生活情调与手作咖啡。,名下持有一套旧两居，置换回款 65% + 个人理财储蓄补充 + 公积金商业贷,非仁恒、绿城、万科等金牌开发商不买，极度看重高端精装质量与顶级物业的增值口碑。,每年11月至次年3月到此度过漫长冬季，极其依赖周边的康养及适老化服务。
青_2008_00912,青岛,2008,本地改善,36,男,1.9,11.1,0.4,20.8,4,1,是,B,agent,0.77,0.48,0.65,0.54,0.56,0.82,0.55,0.72,0.71,自住-改善,一室一厅,54,2649,国企车间技术主任,三口之家(幼龄段),青岛中环品质两居，车位及空间极其拥挤,小区无地下车库且人车不分流，小孩在楼下玩耍或者推婴儿车极为不安全。,讲究超高得房率（超85%），主卧套房必须配备独立步入式衣帽间与干湿分离双卫。,在市中心核心写字楼工作，首选半小时核心通勤圈内。,倡导轻户外，周末常带家人自驾野营或山系徒步，注重生活情调与手作咖啡。,名下持有一套旧两居，置换回款 65% + 个人理财储蓄补充 + 公积金商业贷,非仁恒、绿城、万科等金牌开发商不买，极度看重高端精装质量与顶级物业的增值口碑。,本地常住人口，四季生活规律，度假频次为常规年假出行。
青_2008_00913,青岛,2008,北方度假投资,45,女,1.8,17.9,0.5,26.9,2,0,是,B,research,0.45,0.59,1,0.59,0.55,0.5,0,0.07,0.67,度假,两室一厅,75,2712,知名中医药连锁投资人,成熟期核心家庭,青岛中环品质两居，车位及空间极其拥挤,当前房屋属于旧多层无电梯房，父母年纪渐高每天爬楼梯极为吃力。,要求有超大面宽南向双阳台（观景家政分离），主卧大飘窗能270度直面自然景观。,在市中心核心写字楼工作，首选半小时核心通勤圈内。,倡导轻户外，周末常带家人自驾野营或山系徒步，注重生活情调与手作咖啡。,名下持有一套旧两居，置换回款 65% + 个人理财储蓄补充 + 公积金商业贷,重性价比，不盲信大牌，但要求物业管理有序、绿化修剪及时、人防技防规范。,每年11月至次年3月到此度过漫长冬季，极其依赖周边的康养及适老化服务。
青_2008_00914,青岛,2008,本地改善,43,男,1.1,6.1,0.4,11.5,4,1,否,B,agent,0.89,0.46,0.79,0.58,0.46,0.92,0.51,0.72,0.45,自住-改善,一室一厅,69,888,市第二中学地理教师,三口之家(学龄段),青岛中环品质两居，车位及空间极其拥挤,小区无地下车库且人车不分流，小孩在楼下玩耍或者推婴儿车极为不安全。,要求有超大面宽南向双阳台（观景家政分离），主卧大飘窗能270度直面自然景观。,在市中心核心写字楼工作，首选半小时核心通勤圈内。,倡导轻户外，周末常带家人自驾野营或山系徒步，注重生活情调与手作咖啡。,名下持有一套旧两居，置换回款 65% + 个人理财储蓄补充 + 公积金商业贷,重性价比，不盲信大牌，但要求物业管理有序、绿化修剪及时、人防技防规范。,本地常住人口，四季生活规律，度假频次为常规年假出行。
青_2008_00915,青岛,2008,本地改善,53,女,3.7,26.4,0.4,49.5,4,1,是,B,agent,0.84,0.51,0.67,0.44,0.4,0.83,0.62,0.71,0.66,自住-改善,一室一厅,94,3447,市第二中学地理教师,三口之家(学龄段),青岛中环品质两居，车位及空间极其拥挤,小区无地下车库且人车不分流，小孩在楼下玩耍或者推婴儿车极为不安全。,讲究超高得房率（超85%），主卧套房必须配备独立步入式衣帽间与干湿分离双卫。,在市中心核心写字楼工作，首选半小时核心通勤圈内。,倡导轻户外，周末常带家人自驾野营或山系徒步，注重生活情调与手作咖啡。,名下持有一套旧两居，置换回款 65% + 个人理财储蓄补充 + 公积金商业贷,重性价比，不盲信大牌，但要求物业管理有序、绿化修剪及时、人防技防规范。,本地常住人口，四季生活规律，度假频次为常规年假出行。
青_2008_00916,青岛,2008,本地改善,41,男,1.7,13.4,0.4,25.2,4,1,否,B,agent,0.72,0.52,0.69,0.56,0.52,0.71,0.74,0.7,0.54,自住-改善,一室一厅,73,1797,国企车间技术主任,三口之家(学龄段),青岛中环品质两居，车位及空间极其拥挤,小区无地下车库且人车不分流，小孩在楼下玩耍或者推婴儿车极为不安全。,讲究超高得房率（超85%），主卧套房必须配备独立步入式衣帽间与干湿分离双卫。,在市中心核心写字楼工作，首选半小时核心通勤圈内。,倡导轻户外，周末常带家人自驾野营或山系徒步，注重生活情调与手作咖啡。,名下持有一套旧两居，置换回款 65% + 个人理财储蓄补充 + 公积金商业贷,重性价比，不盲信大牌，但要求物业管理有序、绿化修剪及时、人防技防规范。,本地常住人口，四季生活规律，度假频次为常规年假出行。
青_2008_00917,青岛,2008,本地改善,50,女,1.2,7.9,0.4,14.8,2,1,否,B,agent,0.82,0.57,0.83,0.52,0.63,0.9,0.55,0.66,0.69,自住-改善,两室一厅,88,1092,邮政局局长秘书,三口之家(学龄段),青岛中环品质两居，车位及空间极其拥挤,小区无地下车库且人车不分流，小孩在楼下玩耍或者推婴儿车极为不安全。,要求有超大面宽南向双阳台（观景家政分离），主卧大飘窗能270度直面自然景观。,在市中心核心写字楼工作，首选半小时核心通勤圈内。,倡导轻户外，周末常带家人自驾野营或山系徒步，注重生活情调与手作咖啡。,名下持有一套旧两居，置换回款 65% + 个人理财储蓄补充 + 公积金商业贷,重性价比，不盲信大牌，但要求物业管理有序、绿化修剪及时、人防技防规范。,本地常住人口，四季生活规律，度假频次为常规年假出行。
青_2008_00918,青岛,2008,本地改善,45,男,3.6,35.4,0.4,66.3,3,1,是,B,agent,0.87,0.48,0.87,0.42,0.44,0.81,0.46,0.77,0.62,自住-改善,两室一厅,67,8420,区财政局科员,三口之家(学龄段),青岛中环品质两居，车位及空间极其拥挤,小区无地下车库且人车不分流，小孩在楼下玩耍或者推婴儿车极为不安全。,要求有超大面宽南向双阳台（观景家政分离），主卧大飘窗能270度直面自然景观。,在市中心核心写字楼工作，首选半小时核心通勤圈内。,倡导轻户外，周末常带家人自驾野营或山系徒步，注重生活情调与手作咖啡。,名下持有一套旧两居，置换回款 65% + 个人理财储蓄补充 + 公积金商业贷,重性价比，不盲信大牌，但要求物业管理有序、绿化修剪及时、人防技防规范。,本地常住人口，四季生活规律，度假频次为常规年假出行。
青_2008_00919,青岛,2008,山东省内异地,55,女,3.0,24.6,0.45,40.9,3,1,否,C,network,0.93,0.69,0.87,0.5,0.59,0.75,0,0.4,0.63,自住-改善,一室一厅,53,6271,国企车间技术主任,三口之家(学龄段),与父母同住，三代人拥挤在旧区小户型老房中,小区无地下车库且人车不分流，小孩在楼下玩耍或者推婴儿车极为不安全。,要求有超大面宽南向双阳台（观景家政分离），主卧大飘窗能270度直面自然景观。,在市中心核心写字楼工作，首选半小时核心通勤圈内。,爱猫狗，喜欢烹饪和插花，主打经济舒适的生活小确幸。,名下持有一套旧两居，置换回款 65% + 个人理财储蓄补充 + 公积金商业贷,重性价比，不盲信大牌，但要求物业管理有序、绿化修剪及时、人防技防规范。,本地常住人口，四季生活规律，度假频次为常规年假出行。
青_2008_00920,青岛,2008,本地改善,47,女,1.2,8.6,0.4,16.1,3,0,否,B,agent,0.95,0.45,0.67,0.49,0.49,0.85,0.64,0.53,0.59,自住-改善,两室两厅,87,1223,区财政局科员,成熟期核心家庭,青岛中环品质两居，车位及空间极其拥挤,老小区隔音差，邻里滋扰严重，且车位严重匮乏，每晚加班回来抢车位像打仗。,讲究超高得房率（超85%），主卧套房必须配备独立步入式衣帽间与干湿分离双卫。,在市中心核心写字楼工作，首选半小时核心通勤圈内。,倡导轻户外，周末常带家人自驾野营或山系徒步，注重生活情调与手作咖啡。,名下持有一套旧两居，置换回款 65% + 个人理财储蓄补充 + 公积金商业贷,重性价比，不盲信大牌，但要求物业管理有序、绿化修剪及时、人防技防规范。,本地常住人口，四季生活规律，度假频次为常规年假出行。
青_2008_00921,青岛,2008,本地改善,52,女,2.1,20.1,0.4,37.7,4,1,是,B,agent,0.64,0.47,0.8,0.48,0.4,0.89,0.53,0.69,0.57,自住-改善,两室两厅,97,2666,区财政局科员,三口之家(学龄段),青岛中环品质两居，车位及空间极其拥挤,小区无地下车库且人车不分流，小孩在楼下玩耍或者推婴儿车极为不安全。,要求有超大面宽南向双阳台（观景家政分离），主卧大飘窗能270度直面自然景观。,在市中心核心写字楼工作，首选半小时核心通勤圈内。,倡导轻户外，周末常带家人自驾野营或山系徒步，注重生活情调与手作咖啡。,名下持有一套旧两居，置换回款 65% + 个人理财储蓄补充 + 公积金商业贷,重性价比，不盲信大牌，但要求物业管理有序、绿化修剪及时、人防技防规范。,本地常住人口，四季生活规律，度假频次为常规年假出行。
青_2008_00922,青岛,2008,本地改善,43,女,2.4,21.7,0.4,40.7,4,1,是,B,agent,0.96,0.44,0.74,0.38,0.59,0.88,0.62,0.67,0.62,自住-改善,两室一厅,92,3199,国企车间技术主任,三口之家(学龄段),青岛中环品质两居，车位及空间极其拥挤,小区无地下车库且人车不分流，小孩在楼下玩耍或者推婴儿车极为不安全。,要求有超大面宽南向双阳台（观景家政分离），主卧大飘窗能270度直面自然景观。,在市中心核心写字楼工作，首选半小时核心通勤圈内。,倡导轻户外，周末常带家人自驾野营或山系徒步，注重生活情调与手作咖啡。,名下持有一套旧两居，置换回款 65% + 个人理财储蓄补充 + 公积金商业贷,重性价比，不盲信大牌，但要求物业管理有序、绿化修剪及时、人防技防规范。,本地常住人口，四季生活规律，度假频次为常规年假出行。
青_2008_00923,青岛,2008,北方度假投资,55,女,3.1,36.1,0.5,54.1,2,0,否,B,research,0.54,0.51,0.84,0.54,0.52,0.54,0,0,0.62,投资-长持,两室两厅,96,4234,上市公司退休联合创始人,高知退休康养,青岛中环品质两居，车位及空间极其拥挤,老小区隔音差，邻里滋扰严重，且车位严重匮乏，每晚加班回来抢车位像打仗。,要求有超大面宽南向双阳台（观景家政分离），主卧大飘窗能270度直面自然景观。,在市中心核心写字楼工作，首选半小时核心通勤圈内。,倡导轻户外，周末常带家人自驾野营或山系徒步，注重生活情调与手作咖啡。,名下持有一套旧两居，置换回款 65% + 个人理财储蓄补充 + 公积金商业贷,重性价比，不盲信大牌，但要求物业管理有序、绿化修剪及时、人防技防规范。,每年11月至次年3月到此度过漫长冬季，极其依赖周边的康养及适老化服务。
青_2008_00924,青岛,2008,北方度假投资,60,女,3.5,43.0,0.5,64.5,4,0,否,B,research,0.96,0.54,0.93,0.64,0.5,0.57,0.06,0.0,0.63,度假,两室两厅,80,5566,知名中医药连锁投资人,高知退休康养,青岛中环品质两居，车位及空间极其拥挤,老小区隔音差，邻里滋扰严重，且车位严重匮乏，每晚加班回来抢车位像打仗。,要求有超大面宽南向双阳台（观景家政分离），主卧大飘窗能270度直面自然景观。,在市中心核心写字楼工作，首选半小时核心通勤圈内。,倡导轻户外，周末常带家人自驾野营或山系徒步，注重生活情调与手作咖啡。,名下持有一套旧两居，置换回款 65% + 个人理财储蓄补充 + 公积金商业贷,重性价比，不盲信大牌，但要求物业管理有序、绿化修剪及时、人防技防规范。,每年11月至次年3月到此度过漫长冬季，极其依赖周边的康养及适老化服务。
青_2008_00925,青岛,2008,本地改善,44,女,2.2,19.4,0.4,36.4,4,1,是,B,agent,0.82,0.4,0.6,0.46,0.41,0.95,0.66,0.68,0.48,自住-改善,一室一厅,88,2116,市第二中学地理教师,三口之家(学龄段),青岛中环品质两居，车位及空间极其拥挤,小区无地下车库且人车不分流，小孩在楼下玩耍或者推婴儿车极为不安全。,讲究超高得房率（超85%），主卧套房必须配备独立步入式衣帽间与干湿分离双卫。,在市中心核心写字楼工作，首选半小时核心通勤圈内。,倡导轻户外，周末常带家人自驾野营或山系徒步，注重生活情调与手作咖啡。,名下持有一套旧两居，置换回款 65% + 个人理财储蓄补充 + 公积金商业贷,重性价比，不盲信大牌，但要求物业管理有序、绿化修剪及时、人防技防规范。,本地常住人口，四季生活规律，度假频次为常规年假出行。
青_2008_00926,青岛,2008,学区刚需,39,女,2.0,11.4,0.3,28.6,3,1,否,C,agent,0.99,0.45,0.38,0.2,0.43,0.78,0.69,0.82,0.48,学区房,一室一厅,66,2369,市第二中学地理教师,三口之家(学龄段),与父母同住，三代人拥挤在旧区小户型老房中,小区无地下车库且人车不分流，小孩在楼下玩耍或者推婴儿车极为不安全。,讲究超高得房率（超85%），主卧套房必须配备独立步入式衣帽间与干湿分离双卫。,在市中心核心写字楼工作，首选半小时核心通勤圈内。,爱猫狗，喜欢烹饪和插花，主打经济舒适的生活小确幸。,名下持有一套旧两居，置换回款 65% + 个人理财储蓄补充 + 公积金商业贷,重性价比，不盲信大牌，但要求物业管理有序、绿化修剪及时、人防技防规范。,本地常住人口，四季生活规律，度假频次为常规年假出行。
青_2008_00927,青岛,2008,本地改善,55,男,3.0,27.6,0.4,51.8,5,1,否,B,agent,0.74,0.5,0.71,0.5,0.38,1.0,0.59,0.81,0.53,自住-改善,两室一厅,75,4784,邮政局局长秘书,三口之家(学龄段),青岛中环品质两居，车位及空间极其拥挤,小区无地下车库且人车不分流，小孩在楼下玩耍或者推婴儿车极为不安全。,要求有超大面宽南向双阳台（观景家政分离），主卧大飘窗能270度直面自然景观。,在市中心核心写字楼工作，首选半小时核心通勤圈内。,倡导轻户外，周末常带家人自驾野营或山系徒步，注重生活情调与手作咖啡。,名下持有一套旧两居，置换回款 65% + 个人理财储蓄补充 + 公积金商业贷,重性价比，不盲信大牌，但要求物业管理有序、绿化修剪及时、人防技防规范。,本地常住人口，四季生活规律，度假频次为常规年假出行。
青_2008_00928,青岛,2008,本地改善,36,女,1.3,12.9,0.4,24.1,3,1,否,B,agent,0.82,0.37,0.7,0.45,0.67,0.92,0.65,0.73,0.62,自住-改善,两室两厅,84,2454,国企车间技术主任,三口之家(幼龄段),青岛中环品质两居，车位及空间极其拥挤,小区无地下车库且人车不分流，小孩在楼下玩耍或者推婴儿车极为不安全。,要求有超大面宽南向双阳台（观景家政分离），主卧大飘窗能270度直面自然景观。,在市中心核心写字楼工作，首选半小时核心通勤圈内。,倡导轻户外，周末常带家人自驾野营或山系徒步，注重生活情调与手作咖啡。,名下持有一套旧两居，置换回款 65% + 个人理财储蓄补充 + 公积金商业贷,重性价比，不盲信大牌，但要求物业管理有序、绿化修剪及时、人防技防规范。,本地常住人口，四季生活规律，度假频次为常规年假出行。
青_2008_00929,青岛,2008,本地改善,39,男,1.7,15.0,0.4,28.0,4,0,否,B,agent,0.78,0.39,0.74,0.52,0.35,0.86,0.64,0.73,0.48,自住-改善,两室两厅,82,2344,国企车间技术主任,成熟期核心家庭,青岛中环品质两居，车位及空间极其拥挤,老小区隔音差，邻里滋扰严重，且车位严重匮乏，每晚加班回来抢车位像打仗。,要求有超大面宽南向双阳台（观景家政分离），主卧大飘窗能270度直面自然景观。,在市中心核心写字楼工作，首选半小时核心通勤圈内。,倡导轻户外，周末常带家人自驾野营或山系徒步，注重生活情调与手作咖啡。,名下持有一套旧两居，置换回款 65% + 个人理财储蓄补充 + 公积金商业贷,重性价比，不盲信大牌，但要求物业管理有序、绿化修剪及时、人防技防规范。,本地常住人口，四季生活规律，度假频次为常规年假出行。
青_2008_00930,青岛,2008,北方度假投资,61,女,3.8,46.8,0.5,70.2,3,0,是,B,research,0.8,0.46,0.77,0.57,0.59,0.57,0,0.01,0.69,度假,一室一厅,92,6342,知名中医药连锁投资人,高知退休康养,青岛中环品质两居，车位及空间极其拥挤,当前房屋属于旧多层无电梯房，父母年纪渐高每天爬楼梯极为吃力。,要求有超大面宽南向双阳台（观景家政分离），主卧大飘窗能270度直面自然景观。,在市中心核心写字楼工作，首选半小时核心通勤圈内。,倡导轻户外，周末常带家人自驾野营或山系徒步，注重生活情调与手作咖啡。,名下持有一套旧两居，置换回款 65% + 个人理财储蓄补充 + 公积金商业贷,重性价比，不盲信大牌，但要求物业管理有序、绿化修剪及时、人防技防规范。,每年11月至次年3月到此度过漫长冬季，极其依赖周边的康养及适老化服务。
青_2008_00931,青岛,2008,山东省内异地,55,女,2.3,18.0,0.45,30.0,4,0,是,C,network,0.97,0.43,0.78,0.58,0.45,0.88,0.03,0.42,0.56,自住-首套,两室一厅,71,3194,区财政局科员,高知退休康养,与父母同住，三代人拥挤在旧区小户型老房中,当前房屋属于旧多层无电梯房，父母年纪渐高每天爬楼梯极为吃力。,要求有超大面宽南向双阳台（观景家政分离），主卧大飘窗能270度直面自然景观。,在市中心核心写字楼工作，首选半小时核心通勤圈内。,爱猫狗，喜欢烹饪和插花，主打经济舒适的生活小确幸。,夫妻双方积蓄 + 双方父母出资赞助首付 + 公积金商业组合贷款,重性价比，不盲信大牌，但要求物业管理有序、绿化修剪及时、人防技防规范。,本地常住人口，四季生活规律，度假频次为常规年假出行。
青_2008_00932,青岛,2008,学区刚需,30,男,2.6,18.2,0.3,45.5,3,1,否,C,agent,0.98,0.62,0.37,0.23,0.38,0.81,0.51,0.89,0.52,学区房,两室两厅,79,3832,国企车间技术主任,三口之家(幼龄段),与父母同住，三代人拥挤在旧区小户型老房中,小区无地下车库且人车不分流，小孩在楼下玩耍或者推婴儿车极为不安全。,讲究超高得房率（超85%），主卧套房必须配备独立步入式衣帽间与干湿分离双卫。,在市中心核心写字楼工作，首选半小时核心通勤圈内。,爱猫狗，喜欢烹饪和插花，主打经济舒适的生活小确幸。,名下持有一套旧两居，置换回款 65% + 个人理财储蓄补充 + 公积金商业贷,重性价比，不盲信大牌，但要求物业管理有序、绿化修剪及时、人防技防规范。,本地常住人口，四季生活规律，度假频次为常规年假出行。
青_2008_00933,青岛,2008,本地改善,43,男,3.0,29.0,0.4,54.3,3,1,否,B,agent,0.78,0.45,0.92,0.6,0.25,0.92,0.63,0.74,0.56,自住-改善,一室一厅,95,3893,区财政局科员,三口之家(学龄段),青岛中环品质两居，车位及空间极其拥挤,小区无地下车库且人车不分流，小孩在楼下玩耍或者推婴儿车极为不安全。,要求有超大面宽南向双阳台（观景家政分离），主卧大飘窗能270度直面自然景观。,在市中心核心写字楼工作，首选半小时核心通勤圈内。,倡导轻户外，周末常带家人自驾野营或山系徒步，注重生活情调与手作咖啡。,名下持有一套旧两居，置换回款 65% + 个人理财储蓄补充 + 公积金商业贷,重性价比，不盲信大牌，但要求物业管理有序、绿化修剪及时、人防技防规范。,本地常住人口，四季生活规律，度假频次为常规年假出行。
青_2008_00934,青岛,2008,本地改善,50,男,2.0,12.3,0.4,23.1,4,1,否,B,agent,0.84,0.6,0.72,0.48,0.57,0.83,0.63,0.59,0.5,自住-改善,一室一厅,96,1401,国企车间技术主任,三口之家(学龄段),青岛中环品质两居，车位及空间极其拥挤,小区无地下车库且人车不分流，小孩在楼下玩耍或者推婴儿车极为不安全。,要求有超大面宽南向双阳台（观景家政分离），主卧大飘窗能270度直面自然景观。,在市中心核心写字楼工作，首选半小时核心通勤圈内。,倡导轻户外，周末常带家人自驾野营或山系徒步，注重生活情调与手作咖啡。,名下持有一套旧两居，置换回款 65% + 个人理财储蓄补充 + 公积金商业贷,重性价比，不盲信大牌，但要求物业管理有序、绿化修剪及时、人防技防规范。,本地常住人口，四季生活规律，度假频次为常规年假出行。
青_2008_00935,青岛,2008,本地改善,38,女,2.0,15.8,0.4,29.7,3,1,否,B,agent,0.91,0.48,0.66,0.48,0.47,0.9,0.55,0.53,0.56,自住-改善,两室一厅,96,1664,区财政局科员,三口之家(学龄段),青岛中环品质两居，车位及空间极其拥挤,小区无地下车库且人车不分流，小孩在楼下玩耍或者推婴儿车极为不安全。,讲究超高得房率（超85%），主卧套房必须配备独立步入式衣帽间与干湿分离双卫。,在市中心核心写字楼工作，首选半小时核心通勤圈内。,倡导轻户外，周末常带家人自驾野营或山系徒步，注重生活情调与手作咖啡。,名下持有一套旧两居，置换回款 65% + 个人理财储蓄补充 + 公积金商业贷,重性价比，不盲信大牌，但要求物业管理有序、绿化修剪及时、人防技防规范。,本地常住人口，四季生活规律，度假频次为常规年假出行。
青_2008_00936,青岛,2008,本地改善,46,女,1.9,12.9,0.4,24.2,4,1,是,B,agent,0.34,0.56,0.73,0.49,0.4,0.87,0.49,0.66,0.47,自住-改善,两室两厅,78,2150,国企车间技术主任,三口之家(学龄段),青岛中环品质两居，车位及空间极其拥挤,小区无地下车库且人车不分流，小孩在楼下玩耍或者推婴儿车极为不安全。,要求有超大面宽南向双阳台（观景家政分离），主卧大飘窗能270度直面自然景观。,在市中心核心写字楼工作，首选半小时核心通勤圈内。,倡导轻户外，周末常带家人自驾野营或山系徒步，注重生活情调与手作咖啡。,名下持有一套旧两居，置换回款 65% + 个人理财储蓄补充 + 公积金商业贷,重性价比，不盲信大牌，但要求物业管理有序、绿化修剪及时、人防技防规范。,本地常住人口，四季生活规律，度假频次为常规年假出行。
青_2008_00937,青岛,2008,北方度假投资,54,女,4.8,39.7,0.5,59.6,2,0,否,B,research,0.88,0.41,1,0.68,0.58,0.52,0,0,0.71,投资-短期,一室一厅,92,3297,高端海景资产收藏家,成熟期核心家庭,青岛中环品质两居，车位及空间极其拥挤,老小区隔音差，邻里滋扰严重，且车位严重匮乏，每晚加班回来抢车位像打仗。,要求有超大面宽南向双阳台（观景家政分离），主卧大飘窗能270度直面自然景观。,在市中心核心写字楼工作，首选半小时核心通勤圈内。,倡导轻户外，周末常带家人自驾野营或山系徒步，注重生活情调与手作咖啡。,名下持有一套旧两居，置换回款 65% + 个人理财储蓄补充 + 公积金商业贷,非仁恒、绿城、万科等金牌开发商不买，极度看重高端精装质量与顶级物业的增值口碑。,每年11月至次年3月到此度过漫长冬季，极其依赖周边的康养及适老化服务。
青_2008_00938,青岛,2008,山东省内异地,40,男,1.7,14.2,0.45,23.7,4,1,否,C,network,0.77,0.52,0.77,0.53,0.4,0.82,0.0,0.41,0.51,自住-改善,两室两厅,96,1446,区财政局科员,三口之家(学龄段),与父母同住，三代人拥挤在旧区小户型老房中,小区无地下车库且人车不分流，小孩在楼下玩耍或者推婴儿车极为不安全。,要求有超大面宽南向双阳台（观景家政分离），主卧大飘窗能270度直面自然景观。,在市中心核心写字楼工作，首选半小时核心通勤圈内。,爱猫狗，喜欢烹饪和插花，主打经济舒适的生活小确幸。,名下持有一套旧两居，置换回款 65% + 个人理财储蓄补充 + 公积金商业贷,重性价比，不盲信大牌，但要求物业管理有序、绿化修剪及时、人防技防规范。,本地常住人口，四季生活规律，度假频次为常规年假出行。
青_2008_00939,青岛,2008,北方度假投资,63,女,2.6,32.3,0.5,48.5,2,0,否,B,research,0.58,0.5,0.93,0.58,0.64,0.68,0.06,0,0.78,度假,一室一厅,52,6926,知名中医药连锁投资人,高知退休康养,青岛中环品质两居，车位及空间极其拥挤,老小区隔音差，邻里滋扰严重，且车位严重匮乏，每晚加班回来抢车位像打仗。,要求有超大面宽南向双阳台（观景家政分离），主卧大飘窗能270度直面自然景观。,在市中心核心写字楼工作，首选半小时核心通勤圈内。,倡导轻户外，周末常带家人自驾野营或山系徒步，注重生活情调与手作咖啡。,名下持有一套旧两居，置换回款 65% + 个人理财储蓄补充 + 公积金商业贷,非仁恒、绿城、万科等金牌开发商不买，极度看重高端精装质量与顶级物业的增值口碑。,每年11月至次年3月到此度过漫长冬季，极其依赖周边的康养及适老化服务。
青_2008_00940,青岛,2008,山东省内异地,45,女,3.4,23.7,0.45,39.4,3,1,否,C,network,0.82,0.55,0.9,0.56,0.38,0.72,0.01,0.38,0.49,自住-首套,两室一厅,77,3746,国企车间技术主任,三口之家(学龄段),与父母同住，三代人拥挤在旧区小户型老房中,小区无地下车库且人车不分流，小孩在楼下玩耍或者推婴儿车极为不安全。,要求有超大面宽南向双阳台（观景家政分离），主卧大飘窗能270度直面自然景观。,在市中心核心写字楼工作，首选半小时核心通勤圈内。,爱猫狗，喜欢烹饪和插花，主打经济舒适的生活小确幸。,夫妻双方积蓄 + 双方父母出资赞助首付 + 公积金商业组合贷款,重性价比，不盲信大牌，但要求物业管理有序、绿化修剪及时、人防技防规范。,本地常住人口，四季生活规律，度假频次为常规年假出行。
青_2008_00941,青岛,2008,本地改善,44,女,1.9,18.7,0.4,35.1,3,1,是,B,agent,0.67,0.44,0.87,0.49,0.35,0.77,0.56,0.81,0.56,自住-改善,两室一厅,70,2606,市第二中学地理教师,三口之家(学龄段),青岛中环品质两居，车位及空间极其拥挤,小区无地下车库且人车不分流，小孩在楼下玩耍或者推婴儿车极为不安全。,要求有超大面宽南向双阳台（观景家政分离），主卧大飘窗能270度直面自然景观。,在市中心核心写字楼工作，首选半小时核心通勤圈内。,倡导轻户外，周末常带家人自驾野营或山系徒步，注重生活情调与手作咖啡。,名下持有一套旧两居，置换回款 65% + 个人理财储蓄补充 + 公积金商业贷,重性价比，不盲信大牌，但要求物业管理有序、绿化修剪及时、人防技防规范。,本地常住人口，四季生活规律，度假频次为常规年假出行。
青_2008_00942,青岛,2008,本地改善,49,女,1.6,9.1,0.4,17.1,4,1,是,B,agent,0.79,0.66,0.69,0.5,0.62,0.7,0.67,0.57,0.63,自住-改善,两室一厅,95,1231,邮政局局长秘书,三口之家(学龄段),青岛中环品质两居，车位及空间极其拥挤,小区无地下车库且人车不分流，小孩在楼下玩耍或者推婴儿车极为不安全。,要求采光通透，全明户型，带多功能嵌入式收纳墙以最大化空间利用。,在市中心核心写字楼工作，首选半小时核心通勤圈内。,倡导轻户外，周末常带家人自驾野营或山系徒步，注重生活情调与手作咖啡。,名下持有一套旧两居，置换回款 65% + 个人理财储蓄补充 + 公积金商业贷,重性价比，不盲信大牌，但要求物业管理有序、绿化修剪及时、人防技防规范。,本地常住人口，四季生活规律，度假频次为常规年假出行。
青_2008_00943,青岛,2008,本地改善,47,男,2.0,17.3,0.4,32.5,5,1,否,B,agent,0.52,0.53,0.83,0.53,0.43,0.91,0.5,0.68,0.55,自住-改善,一室一厅,75,3075,邮政局局长秘书,三口之家(学龄段),青岛中环品质两居，车位及空间极其拥挤,小区无地下车库且人车不分流，小孩在楼下玩耍或者推婴儿车极为不安全。,要求有超大面宽南向双阳台（观景家政分离），主卧大飘窗能270度直面自然景观。,在市中心核心写字楼工作，首选半小时核心通勤圈内。,倡导轻户外，周末常带家人自驾野营或山系徒步，注重生活情调与手作咖啡。,名下持有一套旧两居，置换回款 65% + 个人理财储蓄补充 + 公积金商业贷,重性价比，不盲信大牌，但要求物业管理有序、绿化修剪及时、人防技防规范。,本地常住人口，四季生活规律，度假频次为常规年假出行。
青_2008_00944,青岛,2008,学区刚需,42,男,2.6,15.5,0.3,38.7,3,1,是,C,agent,0.97,0.62,0.39,0.29,0.37,0.69,0.53,0.99,0.46,学区房,一室一厅,74,3857,国企车间技术主任,三口之家(学龄段),与父母同住，三代人拥挤在旧区小户型老房中,小区无地下车库且人车不分流，小孩在楼下玩耍或者推婴儿车极为不安全。,核心要求地块属于第一梯队名校学区，且周边500米内解决幼小衔接教育配套。,在市中心核心写字楼工作，首选半小时核心通勤圈内。,爱猫狗，喜欢烹饪和插花，主打经济舒适的生活小确幸。,名下持有一套旧两居，置换回款 65% + 个人理财储蓄补充 + 公积金商业贷,重性价比，不盲信大牌，但要求物业管理有序、绿化修剪及时、人防技防规范。,本地常住人口，四季生活规律，度假频次为常规年假出行。
青_2008_00945,青岛,2008,本地改善,41,男,1.5,9.8,0.4,18.4,4,1,是,B,agent,0.77,0.54,0.81,0.59,0.55,0.8,0.56,0.8,0.53,自住-改善,一室一厅,60,1545,区财政局科员,三口之家(学龄段),青岛中环品质两居，车位及空间极其拥挤,小区无地下车库且人车不分流，小孩在楼下玩耍或者推婴儿车极为不安全。,要求有超大面宽南向双阳台（观景家政分离），主卧大飘窗能270度直面自然景观。,在市中心核心写字楼工作，首选半小时核心通勤圈内。,倡导轻户外，周末常带家人自驾野营或山系徒步，注重生活情调与手作咖啡。,名下持有一套旧两居，置换回款 65% + 个人理财储蓄补充 + 公积金商业贷,重性价比，不盲信大牌，但要求物业管理有序、绿化修剪及时、人防技防规范。,本地常住人口，四季生活规律，度假频次为常规年假出行。
青_2008_00946,青岛,2008,学区刚需,36,女,2.1,12.4,0.3,30.9,3,1,否,C,agent,0.96,0.61,0.35,0.17,0.47,0.87,0.69,0.96,0.51,学区房,两室两厅,75,3253,国企车间技术主任,三口之家(幼龄段),与父母同住，三代人拥挤在旧区小户型老房中,小区无地下车库且人车不分流，小孩在楼下玩耍或者推婴儿车极为不安全。,讲究超高得房率（超85%），主卧套房必须配备独立步入式衣帽间与干湿分离双卫。,在市中心核心写字楼工作，首选半小时核心通勤圈内。,爱猫狗，喜欢烹饪和插花，主打经济舒适的生活小确幸。,名下持有一套旧两居，置换回款 65% + 个人理财储蓄补充 + 公积金商业贷,重性价比，不盲信大牌，但要求物业管理有序、绿化修剪及时、人防技防规范。,本地常住人口，四季生活规律，度假频次为常规年假出行。
青_2008_00947,青岛,2008,本地改善,38,男,1.7,10.5,0.4,19.6,4,1,否,B,agent,0.63,0.45,0.8,0.47,0.55,0.91,0.63,0.82,0.62,自住-改善,两室两厅,75,2195,国企车间技术主任,三口之家(学龄段),青岛中环品质两居，车位及空间极其拥挤,小区无地下车库且人车不分流，小孩在楼下玩耍或者推婴儿车极为不安全。,要求有超大面宽南向双阳台（观景家政分离），主卧大飘窗能270度直面自然景观。,在市中心核心写字楼工作，首选半小时核心通勤圈内。,倡导轻户外，周末常带家人自驾野营或山系徒步，注重生活情调与手作咖啡。,名下持有一套旧两居，置换回款 65% + 个人理财储蓄补充 + 公积金商业贷,重性价比，不盲信大牌，但要求物业管理有序、绿化修剪及时、人防技防规范。,本地常住人口，四季生活规律，度假频次为常规年假出行。
青_2008_00948,青岛,2008,本地改善,43,男,1.5,9.7,0.4,18.2,5,1,否,B,agent,0.71,0.43,0.72,0.58,0.58,0.78,0.74,0.56,0.51,自住-改善,一室一厅,74,1409,邮政局局长秘书,三口之家(学龄段),青岛中环品质两居，车位及空间极其拥挤,小区无地下车库且人车不分流，小孩在楼下玩耍或者推婴儿车极为不安全。,要求有超大面宽南向双阳台（观景家政分离），主卧大飘窗能270度直面自然景观。,在市中心核心写字楼工作，首选半小时核心通勤圈内。,倡导轻户外，周末常带家人自驾野营或山系徒步，注重生活情调与手作咖啡。,名下持有一套旧两居，置换回款 65% + 个人理财储蓄补充 + 公积金商业贷,重性价比，不盲信大牌，但要求物业管理有序、绿化修剪及时、人防技防规范。,本地常住人口，四季生活规律，度假频次为常规年假出行。
青_2008_00949,青岛,2008,山东省内异地,44,男,3.8,34.6,0.45,57.6,1,1,是,C,network,0.78,0.59,0.84,0.42,0.53,0.84,0.07,0.52,0.43,自住-改善,一室一厅,52,6975,市第二中学地理教师,三口之家(学龄段),与父母同住，三代人拥挤在旧区小户型老房中,小区无地下车库且人车不分流，小孩在楼下玩耍或者推婴儿车极为不安全。,要求有超大面宽南向双阳台（观景家政分离），主卧大飘窗能270度直面自然景观。,在市中心核心写字楼工作，首选半小时核心通勤圈内。,爱猫狗，喜欢烹饪和插花，主打经济舒适的生活小确幸。,名下持有一套旧两居，置换回款 65% + 个人理财储蓄补充 + 公积金商业贷,重性价比，不盲信大牌，但要求物业管理有序、绿化修剪及时、人防技防规范。,本地常住人口，四季生活规律，度假频次为常规年假出行。
青_2008_00950,青岛,2008,本地改善,53,女,2.0,18.7,0.4,35.1,4,1,否,B,agent,0.79,0.6,0.78,0.5,0.55,0.76,0.48,0.69,0.57,自住-改善,一室一厅,79,3302,国企车间技术主任,三口之家(学龄段),青岛中环品质两居，车位及空间极其拥挤,小区无地下车库且人车不分流，小孩在楼下玩耍或者推婴儿车极为不安全。,要求有超大面宽南向双阳台（观景家政分离），主卧大飘窗能270度直面自然景观。,在市中心核心写字楼工作，首选半小时核心通勤圈内。,倡导轻户外，周末常带家人自驾野营或山系徒步，注重生活情调与手作咖啡。,名下持有一套旧两居，置换回款 65% + 个人理财储蓄补充 + 公积金商业贷,重性价比，不盲信大牌，但要求物业管理有序、绿化修剪及时、人防技防规范。,本地常住人口，四季生活规律，度假频次为常规年假出行。
青_2008_00951,青岛,2008,本地改善,35,女,1.8,16.1,0.4,30.2,3,1,否,B,agent,0.79,0.49,0.67,0.52,0.59,0.89,0.63,0.71,0.49,自住-改善,两室两厅,78,2314,邮政局局长秘书,三口之家(幼龄段),青岛中环品质两居，车位及空间极其拥挤,小区无地下车库且人车不分流，小孩在楼下玩耍或者推婴儿车极为不安全。,讲究超高得房率（超85%），主卧套房必须配备独立步入式衣帽间与干湿分离双卫。,在市中心核心写字楼工作，首选半小时核心通勤圈内。,倡导轻户外，周末常带家人自驾野营或山系徒步，注重生活情调与手作咖啡。,名下持有一套旧两居，置换回款 65% + 个人理财储蓄补充 + 公积金商业贷,重性价比，不盲信大牌，但要求物业管理有序、绿化修剪及时、人防技防规范。,本地常住人口，四季生活规律，度假频次为常规年假出行。
青_2008_00952,青岛,2008,本地改善,42,男,2.4,14.5,0.4,27.3,3,1,否,B,agent,0.76,0.52,0.67,0.41,0.38,0.8,0.6,0.8,0.42,自住-改善,两室一厅,83,1770,市第二中学地理教师,三口之家(学龄段),青岛中环品质两居，车位及空间极其拥挤,小区无地下车库且人车不分流，小孩在楼下玩耍或者推婴儿车极为不安全。,讲究超高得房率（超85%），主卧套房必须配备独立步入式衣帽间与干湿分离双卫。,在市中心核心写字楼工作，首选半小时核心通勤圈内。,倡导轻户外，周末常带家人自驾野营或山系徒步，注重生活情调与手作咖啡。,名下持有一套旧两居，置换回款 65% + 个人理财储蓄补充 + 公积金商业贷,重性价比，不盲信大牌，但要求物业管理有序、绿化修剪及时、人防技防规范。,本地常住人口，四季生活规律，度假频次为常规年假出行。
青_2008_00953,青岛,2008,学区刚需,43,男,1.9,11.3,0.3,28.3,2,1,否,C,agent,1,0.58,0.37,0.3,0.5,0.63,0.58,0.77,0.48,学区房,两室两厅,55,4082,区财政局科员,三口之家(学龄段),与父母同住，三代人拥挤在旧区小户型老房中,小区无地下车库且人车不分流，小孩在楼下玩耍或者推婴儿车极为不安全。,核心要求地块属于第一梯队名校学区，且周边500米内解决幼小衔接教育配套。,在市中心核心写字楼工作，首选半小时核心通勤圈内。,爱猫狗，喜欢烹饪和插花，主打经济舒适的生活小确幸。,名下持有一套旧两居，置换回款 65% + 个人理财储蓄补充 + 公积金商业贷,重性价比，不盲信大牌，但要求物业管理有序、绿化修剪及时、人防技防规范。,本地常住人口，四季生活规律，度假频次为常规年假出行。
青_2008_00954,青岛,2008,北方度假投资,51,女,4.3,35.4,0.5,53.1,1,0,否,B,research,0.55,0.53,0.93,0.64,0.37,0.59,0.04,0.15,0.49,度假,两室一厅,89,5137,高端海景资产收藏家,成熟期核心家庭,青岛中环品质两居，车位及空间极其拥挤,老小区隔音差，邻里滋扰严重，且车位严重匮乏，每晚加班回来抢车位像打仗。,要求有超大面宽南向双阳台（观景家政分离），主卧大飘窗能270度直面自然景观。,在市中心核心写字楼工作，首选半小时核心通勤圈内。,倡导轻户外，周末常带家人自驾野营或山系徒步，注重生活情调与手作咖啡。,名下持有一套旧两居，置换回款 65% + 个人理财储蓄补充 + 公积金商业贷,重性价比，不盲信大牌，但要求物业管理有序、绿化修剪及时、人防技防规范。,每年11月至次年3月到此度过漫长冬季，极其依赖周边的康养及适老化服务。
青_2008_00955,青岛,2008,山东省内异地,58,男,1.9,12.6,0.45,21.0,4,1,是,C,network,0.83,0.49,0.91,0.45,0.44,0.69,0.11,0.39,0.62,自住-首套,一室一厅,93,1284,国企车间技术主任,三口之家(学龄段),与父母同住，三代人拥挤在旧区小户型老房中,小区无地下车库且人车不分流，小孩在楼下玩耍或者推婴儿车极为不安全。,要求有超大面宽南向双阳台（观景家政分离），主卧大飘窗能270度直面自然景观。,在市中心核心写字楼工作，首选半小时核心通勤圈内。,爱猫狗，喜欢烹饪和插花，主打经济舒适的生活小确幸。,夫妻双方积蓄 + 双方父母出资赞助首付 + 公积金商业组合贷款,重性价比，不盲信大牌，但要求物业管理有序、绿化修剪及时、人防技防规范。,本地常住人口，四季生活规律，度假频次为常规年假出行。
青_2008_00956,青岛,2008,山东省内异地,57,男,1.5,10.4,0.45,17.4,3,0,否,C,network,0.57,0.66,0.78,0.55,0.6,0.75,0.07,0.47,0.42,自住-改善,两室两厅,96,1592,邮政局局长秘书,高知退休康养,与父母同住，三代人拥挤在旧区小户型老房中,老小区隔音差，邻里滋扰严重，且车位严重匮乏，每晚加班回来抢车位像打仗。,要求有超大面宽南向双阳台（观景家政分离），主卧大飘窗能270度直面自然景观。,在市中心核心写字楼工作，首选半小时核心通勤圈内。,爱猫狗，喜欢烹饪和插花，主打经济舒适的生活小确幸。,名下持有一套旧两居，置换回款 65% + 个人理财储蓄补充 + 公积金商业贷,重性价比，不盲信大牌，但要求物业管理有序、绿化修剪及时、人防技防规范。,本地常住人口，四季生活规律，度假频次为常规年假出行。
青_2008_00957,青岛,2008,山东省内异地,56,女,1.7,12.2,0.45,20.4,3,1,否,C,network,0.9,0.63,0.86,0.57,0.43,0.8,0.02,0.37,0.72,自住-首套,两室两厅,50,2656,国企车间技术主任,三口之家(学龄段),与父母同住，三代人拥挤在旧区小户型老房中,小区无地下车库且人车不分流，小孩在楼下玩耍或者推婴儿车极为不安全。,要求有超大面宽南向双阳台（观景家政分离），主卧大飘窗能270度直面自然景观。,在市中心核心写字楼工作，首选半小时核心通勤圈内。,爱猫狗，喜欢烹饪和插花，主打经济舒适的生活小确幸。,夫妻双方积蓄 + 双方父母出资赞助首付 + 公积金商业组合贷款,非仁恒、绿城、万科等金牌开发商不买，极度看重高端精装质量与顶级物业的增值口碑。,本地常住人口，四季生活规律，度假频次为常规年假出行。
青_2008_00958,青岛,2008,北方度假投资,64,男,5.7,52.5,0.5,78.7,3,0,否,B,research,0.79,0.65,1,0.58,0.55,0.6,0.0,0,0.65,投资-短期,一室一厅,67,9924,高端海景资产收藏家,高知退休康养,青岛中环品质两居，车位及空间极其拥挤,老小区隔音差，邻里滋扰严重，且车位严重匮乏，每晚加班回来抢车位像打仗。,要求有超大面宽南向双阳台（观景家政分离），主卧大飘窗能270度直面自然景观。,在市中心核心写字楼工作，首选半小时核心通勤圈内。,倡导轻户外，周末常带家人自驾野营或山系徒步，注重生活情调与手作咖啡。,名下持有一套旧两居，置换回款 65% + 个人理财储蓄补充 + 公积金商业贷,重性价比，不盲信大牌，但要求物业管理有序、绿化修剪及时、人防技防规范。,每年11月至次年3月到此度过漫长冬季，极其依赖周边的康养及适老化服务。
青_2008_00959,青岛,2008,本地改善,41,女,2.8,27.8,0.4,52.1,6,1,否,B,agent,0.83,0.49,0.69,0.66,0.55,0.92,0.67,0.73,0.51,自住-改善,两室两厅,64,5059,邮政局局长秘书,三口之家(学龄段),青岛中环品质两居，车位及空间极其拥挤,小区无地下车库且人车不分流，小孩在楼下玩耍或者推婴儿车极为不安全。,讲究超高得房率（超85%），主卧套房必须配备独立步入式衣帽间与干湿分离双卫。,在市中心核心写字楼工作，首选半小时核心通勤圈内。,倡导轻户外，周末常带家人自驾野营或山系徒步，注重生活情调与手作咖啡。,名下持有一套旧两居，置换回款 65% + 个人理财储蓄补充 + 公积金商业贷,重性价比，不盲信大牌，但要求物业管理有序、绿化修剪及时、人防技防规范。,本地常住人口，四季生活规律，度假频次为常规年假出行。
青_2008_00960,青岛,2008,山东省内异地,48,女,2.6,20.9,0.45,34.8,3,1,否,C,network,0.63,0.61,0.79,0.53,0.54,0.8,0,0.52,0.56,自住-改善,两室两厅,62,4991,区财政局科员,三口之家(学龄段),与父母同住，三代人拥挤在旧区小户型老房中,小区无地下车库且人车不分流，小孩在楼下玩耍或者推婴儿车极为不安全。,要求有超大面宽南向双阳台（观景家政分离），主卧大飘窗能270度直面自然景观。,在市中心核心写字楼工作，首选半小时核心通勤圈内。,爱猫狗，喜欢烹饪和插花，主打经济舒适的生活小确幸。,名下持有一套旧两居，置换回款 65% + 个人理财储蓄补充 + 公积金商业贷,重性价比，不盲信大牌，但要求物业管理有序、绿化修剪及时、人防技防规范。,本地常住人口，四季生活规律，度假频次为常规年假出行。
青_2008_00961,青岛,2008,本地改善,49,男,3.0,27.4,0.4,51.3,4,1,否,B,agent,0.64,0.64,0.79,0.49,0.41,0.7,0.76,0.73,0.59,自住-改善,两室一厅,90,4091,区财政局科员,三口之家(学龄段),青岛中环品质两居，车位及空间极其拥挤,小区无地下车库且人车不分流，小孩在楼下玩耍或者推婴儿车极为不安全。,要求有超大面宽南向双阳台（观景家政分离），主卧大飘窗能270度直面自然景观。,在市中心核心写字楼工作，首选半小时核心通勤圈内。,倡导轻户外，周末常带家人自驾野营或山系徒步，注重生活情调与手作咖啡。,名下持有一套旧两居，置换回款 65% + 个人理财储蓄补充 + 公积金商业贷,重性价比，不盲信大牌，但要求物业管理有序、绿化修剪及时、人防技防规范。,本地常住人口，四季生活规律，度假频次为常规年假出行。
青_2008_00962,青岛,2008,本地改善,44,女,1.4,13.6,0.4,25.6,4,1,否,B,agent,0.79,0.44,0.72,0.48,0.43,0.85,0.58,0.8,0.47,自住-改善,两室两厅,70,3157,邮政局局长秘书,三口之家(学龄段),青岛中环品质两居，车位及空间极其拥挤,小区无地下车库且人车不分流，小孩在楼下玩耍或者推婴儿车极为不安全。,要求有超大面宽南向双阳台（观景家政分离），主卧大飘窗能270度直面自然景观。,在市中心核心写字楼工作，首选半小时核心通勤圈内。,倡导轻户外，周末常带家人自驾野营或山系徒步，注重生活情调与手作咖啡。,名下持有一套旧两居，置换回款 65% + 个人理财储蓄补充 + 公积金商业贷,重性价比，不盲信大牌，但要求物业管理有序、绿化修剪及时、人防技防规范。,本地常住人口，四季生活规律，度假频次为常规年假出行。
青_2008_00963,青岛,2008,本地改善,39,男,2.0,12.1,0.4,22.7,4,1,是,B,agent,0.74,0.7,0.74,0.48,0.49,0.8,0.58,0.79,0.58,自住-改善,两室两厅,64,2970,国企车间技术主任,三口之家(学龄段),青岛中环品质两居，车位及空间极其拥挤,小区无地下车库且人车不分流，小孩在楼下玩耍或者推婴儿车极为不安全。,要求有超大面宽南向双阳台（观景家政分离），主卧大飘窗能270度直面自然景观。,在市中心核心写字楼工作，首选半小时核心通勤圈内。,倡导轻户外，周末常带家人自驾野营或山系徒步，注重生活情调与手作咖啡。,名下持有一套旧两居，置换回款 65% + 个人理财储蓄补充 + 公积金商业贷,重性价比，不盲信大牌，但要求物业管理有序、绿化修剪及时、人防技防规范。,本地常住人口，四季生活规律，度假频次为常规年假出行。
青_2008_00964,青岛,2008,本地改善,46,女,1.4,13.3,0.4,24.9,3,1,否,B,agent,0.51,0.5,0.71,0.6,0.61,0.78,0.67,0.66,0.66,自住-改善,两室一厅,89,1789,区财政局科员,三口之家(学龄段),青岛中环品质两居，车位及空间极其拥挤,小区无地下车库且人车不分流，小孩在楼下玩耍或者推婴儿车极为不安全。,要求有超大面宽南向双阳台（观景家政分离），主卧大飘窗能270度直面自然景观。,在市中心核心写字楼工作，首选半小时核心通勤圈内。,倡导轻户外，周末常带家人自驾野营或山系徒步，注重生活情调与手作咖啡。,名下持有一套旧两居，置换回款 65% + 个人理财储蓄补充 + 公积金商业贷,重性价比，不盲信大牌，但要求物业管理有序、绿化修剪及时、人防技防规范。,本地常住人口，四季生活规律，度假频次为常规年假出行。
青_2008_00965,青岛,2008,本地改善,37,女,1.9,13.6,0.4,25.5,4,1,是,B,agent,0.95,0.58,0.9,0.41,0.47,0.82,0.54,0.71,0.5,自住-改善,一室一厅,83,2624,邮政局局长秘书,三口之家(幼龄段),青岛中环品质两居，车位及空间极其拥挤,小区无地下车库且人车不分流，小孩在楼下玩耍或者推婴儿车极为不安全。,要求有超大面宽南向双阳台（观景家政分离），主卧大飘窗能270度直面自然景观。,在市中心核心写字楼工作，首选半小时核心通勤圈内。,倡导轻户外，周末常带家人自驾野营或山系徒步，注重生活情调与手作咖啡。,名下持有一套旧两居，置换回款 65% + 个人理财储蓄补充 + 公积金商业贷,重性价比，不盲信大牌，但要求物业管理有序、绿化修剪及时、人防技防规范。,本地常住人口，四季生活规律，度假频次为常规年假出行。
青_2008_00966,青岛,2008,山东省内异地,50,男,4.3,40.8,0.45,68.1,4,1,是,C,network,0.46,0.51,0.85,0.77,0.63,0.74,0.07,0.4,0.63,自住-改善,两室两厅,89,4956,邮政局局长秘书,三口之家(学龄段),与父母同住，三代人拥挤在旧区小户型老房中,小区无地下车库且人车不分流，小孩在楼下玩耍或者推婴儿车极为不安全。,要求独立电梯入户，主次卧动线分明，配备独立保姆房和私密后院。,在市中心核心写字楼工作，首选半小时核心通勤圈内。,爱猫狗，喜欢烹饪和插花，主打经济舒适的生活小确幸。,名下持有一套旧两居，置换回款 65% + 个人理财储蓄补充 + 公积金商业贷,重性价比，不盲信大牌，但要求物业管理有序、绿化修剪及时、人防技防规范。,本地常住人口，四季生活规律，度假频次为常规年假出行。
青_2008_00967,青岛,2008,本地改善,50,男,1.7,11.6,0.4,21.7,4,2,否,B,agent,1,0.4,0.63,0.5,0.36,0.81,0.61,0.71,0.42,自住-改善,两室两厅,96,1629,区财政局科员,二胎黄金期中大户型,青岛中环品质两居，车位及空间极其拥挤,小区无地下车库且人车不分流，小孩在楼下玩耍或者推婴儿车极为不安全。,讲究超高得房率（超85%），主卧套房必须配备独立步入式衣帽间与干湿分离双卫。,在市中心核心写字楼工作，首选半小时核心通勤圈内。,倡导轻户外，周末常带家人自驾野营或山系徒步，注重生活情调与手作咖啡。,名下持有一套旧两居，置换回款 65% + 个人理财储蓄补充 + 公积金商业贷,重性价比，不盲信大牌，但要求物业管理有序、绿化修剪及时、人防技防规范。,本地常住人口，四季生活规律，度假频次为常规年假出行。
青_2008_00968,青岛,2008,学区刚需,30,男,2.1,10.8,0.3,26.9,3,1,否,C,agent,0.94,0.6,0.4,0.33,0.48,0.82,0.64,0.97,0.46,学区房,两室一厅,55,3348,国企车间技术主任,三口之家(幼龄段),与父母同住，三代人拥挤在旧区小户型老房中,小区无地下车库且人车不分流，小孩在楼下玩耍或者推婴儿车极为不安全。,讲究超高得房率（超85%），主卧套房必须配备独立步入式衣帽间与干湿分离双卫。,在市中心核心写字楼工作，首选半小时核心通勤圈内。,爱猫狗，喜欢烹饪和插花，主打经济舒适的生活小确幸。,名下持有一套旧两居，置换回款 65% + 个人理财储蓄补充 + 公积金商业贷,重性价比，不盲信大牌，但要求物业管理有序、绿化修剪及时、人防技防规范。,本地常住人口，四季生活规律，度假频次为常规年假出行。
青_2008_00969,青岛,2008,本地改善,39,男,2.0,14.2,0.4,26.6,4,1,是,B,agent,0.79,0.35,0.77,0.43,0.45,0.97,0.63,0.83,0.47,自住-改善,一室一厅,92,1508,邮政局局长秘书,三口之家(学龄段),青岛中环品质两居，车位及空间极其拥挤,小区无地下车库且人车不分流，小孩在楼下玩耍或者推婴儿车极为不安全。,要求有超大面宽南向双阳台（观景家政分离），主卧大飘窗能270度直面自然景观。,在市中心核心写字楼工作，首选半小时核心通勤圈内。,倡导轻户外，周末常带家人自驾野营或山系徒步，注重生活情调与手作咖啡。,名下持有一套旧两居，置换回款 65% + 个人理财储蓄补充 + 公积金商业贷,重性价比，不盲信大牌，但要求物业管理有序、绿化修剪及时、人防技防规范。,本地常住人口，四季生活规律，度假频次为常规年假出行。
青_2008_00970,青岛,2008,山东省内异地,49,男,2.7,24.9,0.45,41.5,4,1,否,C,network,0.62,0.61,0.82,0.63,0.62,0.64,0.04,0.46,0.54,自住-首套,一室一厅,66,3364,邮政局局长秘书,三口之家(学龄段),与父母同住，三代人拥挤在旧区小户型老房中,小区无地下车库且人车不分流，小孩在楼下玩耍或者推婴儿车极为不安全。,要求有超大面宽南向双阳台（观景家政分离），主卧大飘窗能270度直面自然景观。,在市中心核心写字楼工作，首选半小时核心通勤圈内。,爱猫狗，喜欢烹饪和插花，主打经济舒适的生活小确幸。,夫妻双方积蓄 + 双方父母出资赞助首付 + 公积金商业组合贷款,重性价比，不盲信大牌，但要求物业管理有序、绿化修剪及时、人防技防规范。,本地常住人口，四季生活规律，度假频次为常规年假出行。
青_2008_00971,青岛,2008,北方度假投资,58,男,1.0,12.8,0.5,19.2,3,0,是,B,research,0.58,0.64,1,0.54,0.54,0.4,0,0.01,0.63,度假,两室一厅,62,2623,知名中医药连锁投资人,高知退休康养,青岛中环品质两居，车位及空间极其拥挤,当前房屋属于旧多层无电梯房，父母年纪渐高每天爬楼梯极为吃力。,要求有超大面宽南向双阳台（观景家政分离），主卧大飘窗能270度直面自然景观。,在市中心核心写字楼工作，首选半小时核心通勤圈内。,倡导轻户外，周末常带家人自驾野营或山系徒步，注重生活情调与手作咖啡。,名下持有一套旧两居，置换回款 65% + 个人理财储蓄补充 + 公积金商业贷,重性价比，不盲信大牌，但要求物业管理有序、绿化修剪及时、人防技防规范。,每年11月至次年3月到此度过漫长冬季，极其依赖周边的康养及适老化服务。
青_2008_00972,青岛,2008,本地改善,39,女,2.4,15.5,0.4,29.1,4,1,否,B,agent,0.8,0.39,0.69,0.46,0.57,0.88,0.54,0.77,0.59,自住-改善,两室一厅,65,3083,邮政局局长秘书,三口之家(学龄段),青岛中环品质两居，车位及空间极其拥挤,小区无地下车库且人车不分流，小孩在楼下玩耍或者推婴儿车极为不安全。,讲究超高得房率（超85%），主卧套房必须配备独立步入式衣帽间与干湿分离双卫。,在市中心核心写字楼工作，首选半小时核心通勤圈内。,倡导轻户外，周末常带家人自驾野营或山系徒步，注重生活情调与手作咖啡。,名下持有一套旧两居，置换回款 65% + 个人理财储蓄补充 + 公积金商业贷,重性价比，不盲信大牌，但要求物业管理有序、绿化修剪及时、人防技防规范。,本地常住人口，四季生活规律，度假频次为常规年假出行。
青_2008_00973,青岛,2008,本地改善,39,女,2.4,23.5,0.4,44.0,3,2,是,B,agent,0.63,0.45,0.67,0.52,0.53,0.88,0.63,0.68,0.53,自住-改善,两室两厅,50,5218,邮政局局长秘书,二胎黄金期中大户型,青岛中环品质两居，车位及空间极其拥挤,小区无地下车库且人车不分流，小孩在楼下玩耍或者推婴儿车极为不安全。,讲究超高得房率（超85%），主卧套房必须配备独立步入式衣帽间与干湿分离双卫。,在市中心核心写字楼工作，首选半小时核心通勤圈内。,倡导轻户外，周末常带家人自驾野营或山系徒步，注重生活情调与手作咖啡。,名下持有一套旧两居，置换回款 65% + 个人理财储蓄补充 + 公积金商业贷,重性价比，不盲信大牌，但要求物业管理有序、绿化修剪及时、人防技防规范。,本地常住人口，四季生活规律，度假频次为常规年假出行。
青_2008_00974,青岛,2008,学区刚需,30,男,1.4,9.3,0.3,23.3,2,1,否,C,agent,0.86,0.32,0.3,0.34,0.28,0.84,0.66,1,0.59,学区房,两室两厅,66,1978,邮政局局长秘书,三口之家(幼龄段),与父母同住，三代人拥挤在旧区小户型老房中,小区无地下车库且人车不分流，小孩在楼下玩耍或者推婴儿车极为不安全。,讲究超高得房率（超85%），主卧套房必须配备独立步入式衣帽间与干湿分离双卫。,在市中心核心写字楼工作，首选半小时核心通勤圈内。,爱猫狗，喜欢烹饪和插花，主打经济舒适的生活小确幸。,名下持有一套旧两居，置换回款 65% + 个人理财储蓄补充 + 公积金商业贷,重性价比，不盲信大牌，但要求物业管理有序、绿化修剪及时、人防技防规范。,本地常住人口，四季生活规律，度假频次为常规年假出行。
青_2008_00975,青岛,2008,本地改善,55,男,1.9,15.7,0.4,29.5,5,0,否,B,agent,0.65,0.45,0.84,0.48,0.48,0.76,0.58,0.65,0.48,自住-改善,两室一厅,90,2186,区财政局科员,高知退休康养,青岛中环品质两居，车位及空间极其拥挤,老小区隔音差，邻里滋扰严重，且车位严重匮乏，每晚加班回来抢车位像打仗。,要求有超大面宽南向双阳台（观景家政分离），主卧大飘窗能270度直面自然景观。,在市中心核心写字楼工作，首选半小时核心通勤圈内。,倡导轻户外，周末常带家人自驾野营或山系徒步，注重生活情调与手作咖啡。,名下持有一套旧两居，置换回款 65% + 个人理财储蓄补充 + 公积金商业贷,重性价比，不盲信大牌，但要求物业管理有序、绿化修剪及时、人防技防规范。,本地常住人口，四季生活规律，度假频次为常规年假出行。
青_2008_00976,青岛,2008,北方度假投资,49,男,4.0,50.8,0.5,76.2,2,0,否,B,research,0.57,0.42,0.92,0.6,0.52,0.49,0,0,0.63,投资-长持,一室一厅,98,6618,高端海景资产收藏家,成熟期核心家庭,青岛中环品质两居，车位及空间极其拥挤,老小区隔音差，邻里滋扰严重，且车位严重匮乏，每晚加班回来抢车位像打仗。,要求有超大面宽南向双阳台（观景家政分离），主卧大飘窗能270度直面自然景观。,在市中心核心写字楼工作，首选半小时核心通勤圈内。,倡导轻户外，周末常带家人自驾野营或山系徒步，注重生活情调与手作咖啡。,名下持有一套旧两居，置换回款 65% + 个人理财储蓄补充 + 公积金商业贷,重性价比，不盲信大牌，但要求物业管理有序、绿化修剪及时、人防技防规范。,每年11月至次年3月到此度过漫长冬季，极其依赖周边的康养及适老化服务。
青_2008_00977,青岛,2008,本地改善,36,男,3.0,24.0,0.4,45.0,2,1,否,B,agent,0.71,0.44,0.79,0.64,0.49,0.92,0.58,0.67,0.42,自住-改善,两室一厅,59,5435,市第二中学地理教师,三口之家(幼龄段),青岛中环品质两居，车位及空间极其拥挤,小区无地下车库且人车不分流，小孩在楼下玩耍或者推婴儿车极为不安全。,要求有超大面宽南向双阳台（观景家政分离），主卧大飘窗能270度直面自然景观。,在市中心核心写字楼工作，首选半小时核心通勤圈内。,倡导轻户外，周末常带家人自驾野营或山系徒步，注重生活情调与手作咖啡。,名下持有一套旧两居，置换回款 65% + 个人理财储蓄补充 + 公积金商业贷,重性价比，不盲信大牌，但要求物业管理有序、绿化修剪及时、人防技防规范。,本地常住人口，四季生活规律，度假频次为常规年假出行。
青_2008_00978,青岛,2008,本地改善,47,女,1.9,13.0,0.4,24.4,4,1,否,B,agent,0.61,0.51,0.72,0.48,0.44,0.81,0.56,0.72,0.68,自住-改善,两室两厅,72,2063,邮政局局长秘书,三口之家(学龄段),青岛中环品质两居，车位及空间极其拥挤,小区无地下车库且人车不分流，小孩在楼下玩耍或者推婴儿车极为不安全。,要求有超大面宽南向双阳台（观景家政分离），主卧大飘窗能270度直面自然景观。,在市中心核心写字楼工作，首选半小时核心通勤圈内。,倡导轻户外，周末常带家人自驾野营或山系徒步，注重生活情调与手作咖啡。,名下持有一套旧两居，置换回款 65% + 个人理财储蓄补充 + 公积金商业贷,重性价比，不盲信大牌，但要求物业管理有序、绿化修剪及时、人防技防规范。,本地常住人口，四季生活规律，度假频次为常规年假出行。
青_2008_00979,青岛,2008,学区刚需,37,女,1.2,9.3,0.3,23.4,3,1,否,C,agent,0.95,0.74,0.48,0.36,0.4,0.6,0.34,1,0.45,学区房,两室一厅,87,1838,区财政局科员,三口之家(幼龄段),与父母同住，三代人拥挤在旧区小户型老房中,小区无地下车库且人车不分流，小孩在楼下玩耍或者推婴儿车极为不安全。,核心要求地块属于第一梯队名校学区，且周边500米内解决幼小衔接教育配套。,在市中心核心写字楼工作，首选半小时核心通勤圈内。,爱猫狗，喜欢烹饪和插花，主打经济舒适的生活小确幸。,名下持有一套旧两居，置换回款 65% + 个人理财储蓄补充 + 公积金商业贷,重性价比，不盲信大牌，但要求物业管理有序、绿化修剪及时、人防技防规范。,本地常住人口，四季生活规律，度假频次为常规年假出行。
青_2008_00980,青岛,2008,本地改善,37,女,1.9,18.7,0.4,35.0,5,0,否,B,agent,0.96,0.53,0.87,0.56,0.42,0.83,0.82,0.61,0.63,自住-改善,一室一厅,93,2950,国企车间技术主任,成熟期核心家庭,青岛中环品质两居，车位及空间极其拥挤,老小区隔音差，邻里滋扰严重，且车位严重匮乏，每晚加班回来抢车位像打仗。,要求有超大面宽南向双阳台（观景家政分离），主卧大飘窗能270度直面自然景观。,在市中心核心写字楼工作，首选半小时核心通勤圈内。,倡导轻户外，周末常带家人自驾野营或山系徒步，注重生活情调与手作咖啡。,名下持有一套旧两居，置换回款 65% + 个人理财储蓄补充 + 公积金商业贷,重性价比，不盲信大牌，但要求物业管理有序、绿化修剪及时、人防技防规范。,本地常住人口，四季生活规律，度假频次为常规年假出行。
青_2008_00981,青岛,2008,学区刚需,39,女,2.0,10.9,0.3,27.2,3,1,否,C,agent,0.71,0.5,0.31,0.35,0.29,0.72,0.52,0.94,0.41,学区房,两室一厅,59,2360,区财政局科员,三口之家(学龄段),与父母同住，三代人拥挤在旧区小户型老房中,小区无地下车库且人车不分流，小孩在楼下玩耍或者推婴儿车极为不安全。,讲究超高得房率（超85%），主卧套房必须配备独立步入式衣帽间与干湿分离双卫。,在市中心核心写字楼工作，首选半小时核心通勤圈内。,爱猫狗，喜欢烹饪和插花，主打经济舒适的生活小确幸。,名下持有一套旧两居，置换回款 65% + 个人理财储蓄补充 + 公积金商业贷,重性价比，不盲信大牌，但要求物业管理有序、绿化修剪及时、人防技防规范。,本地常住人口，四季生活规律，度假频次为常规年假出行。
青_2008_00982,青岛,2008,山东省内异地,58,男,3.1,25.2,0.45,42.0,3,0,是,C,network,0.7,0.5,0.94,0.59,0.4,0.73,0,0.53,0.75,自住-首套,一室一厅,99,3395,区财政局科员,高知退休康养,与父母同住，三代人拥挤在旧区小户型老房中,当前房屋属于旧多层无电梯房，父母年纪渐高每天爬楼梯极为吃力。,要求有超大面宽南向双阳台（观景家政分离），主卧大飘窗能270度直面自然景观。,在市中心核心写字楼工作，首选半小时核心通勤圈内。,爱猫狗，喜欢烹饪和插花，主打经济舒适的生活小确幸。,夫妻双方积蓄 + 双方父母出资赞助首付 + 公积金商业组合贷款,非仁恒、绿城、万科等金牌开发商不买，极度看重高端精装质量与顶级物业的增值口碑。,本地常住人口，四季生活规律，度假频次为常规年假出行。
青_2008_00983,青岛,2008,本地改善,38,男,3.6,27.5,0.4,51.5,4,1,否,B,agent,0.77,0.38,0.79,0.59,0.39,0.91,0.54,0.68,0.65,自住-改善,一室一厅,83,4609,国企车间技术主任,三口之家(学龄段),青岛中环品质两居，车位及空间极其拥挤,小区无地下车库且人车不分流，小孩在楼下玩耍或者推婴儿车极为不安全。,要求有超大面宽南向双阳台（观景家政分离），主卧大飘窗能270度直面自然景观。,在市中心核心写字楼工作，首选半小时核心通勤圈内。,倡导轻户外，周末常带家人自驾野营或山系徒步，注重生活情调与手作咖啡。,名下持有一套旧两居，置换回款 65% + 个人理财储蓄补充 + 公积金商业贷,重性价比，不盲信大牌，但要求物业管理有序、绿化修剪及时、人防技防规范。,本地常住人口，四季生活规律，度假频次为常规年假出行。
青_2008_00984,青岛,2008,学区刚需,41,男,1.3,6.0,0.3,15.1,3,2,否,C,agent,1,0.5,0.43,0.37,0.46,0.7,0.64,0.96,0.39,学区房,两室一厅,68,1372,区财政局科员,二胎黄金期中大户型,与父母同住，三代人拥挤在旧区小户型老房中,小区无地下车库且人车不分流，小孩在楼下玩耍或者推婴儿车极为不安全。,讲究超高得房率（超85%），主卧套房必须配备独立步入式衣帽间与干湿分离双卫。,在市中心核心写字楼工作，首选半小时核心通勤圈内。,爱猫狗，喜欢烹饪和插花，主打经济舒适的生活小确幸。,名下持有一套旧两居，置换回款 65% + 个人理财储蓄补充 + 公积金商业贷,重性价比，不盲信大牌，但要求物业管理有序、绿化修剪及时、人防技防规范。,本地常住人口，四季生活规律，度假频次为常规年假出行。
青_2008_00985,青岛,2008,山东省内异地,58,男,3.8,22.4,0.45,37.4,4,2,否,C,network,0.52,0.46,0.91,0.61,0.53,0.57,0.01,0.5,0.49,自住-首套,两室一厅,80,3087,邮政局局长秘书,二胎黄金期中大户型,与父母同住，三代人拥挤在旧区小户型老房中,小区无地下车库且人车不分流，小孩在楼下玩耍或者推婴儿车极为不安全。,要求有超大面宽南向双阳台（观景家政分离），主卧大飘窗能270度直面自然景观。,在市中心核心写字楼工作，首选半小时核心通勤圈内。,爱猫狗，喜欢烹饪和插花，主打经济舒适的生活小确幸。,夫妻双方积蓄 + 双方父母出资赞助首付 + 公积金商业组合贷款,重性价比，不盲信大牌，但要求物业管理有序、绿化修剪及时、人防技防规范。,本地常住人口，四季生活规律，度假频次为常规年假出行。
青_2008_00986,青岛,2008,本地改善,52,男,1.1,7.7,0.4,14.4,2,1,否,B,agent,0.63,0.54,0.68,0.7,0.46,0.8,0.72,0.73,0.53,自住-改善,一室一厅,84,1210,国企车间技术主任,三口之家(学龄段),青岛中环品质两居，车位及空间极其拥挤,小区无地下车库且人车不分流，小孩在楼下玩耍或者推婴儿车极为不安全。,要求独立电梯入户，主次卧动线分明，配备独立保姆房和私密后院。,在市中心核心写字楼工作，首选半小时核心通勤圈内。,倡导轻户外，周末常带家人自驾野营或山系徒步，注重生活情调与手作咖啡。,名下持有一套旧两居，置换回款 65% + 个人理财储蓄补充 + 公积金商业贷,重性价比，不盲信大牌，但要求物业管理有序、绿化修剪及时、人防技防规范。,本地常住人口，四季生活规律，度假频次为常规年假出行。
青_2008_00987,青岛,2008,本地改善,47,男,2.4,18.2,0.4,34.1,4,1,否,B,agent,0.49,0.53,0.8,0.5,0.46,0.85,0.73,0.7,0.58,自住-改善,两室一厅,81,2700,区财政局科员,三口之家(学龄段),青岛中环品质两居，车位及空间极其拥挤,小区无地下车库且人车不分流，小孩在楼下玩耍或者推婴儿车极为不安全。,要求有超大面宽南向双阳台（观景家政分离），主卧大飘窗能270度直面自然景观。,在市中心核心写字楼工作，首选半小时核心通勤圈内。,倡导轻户外，周末常带家人自驾野营或山系徒步，注重生活情调与手作咖啡。,名下持有一套旧两居，置换回款 65% + 个人理财储蓄补充 + 公积金商业贷,重性价比，不盲信大牌，但要求物业管理有序、绿化修剪及时、人防技防规范。,本地常住人口，四季生活规律，度假频次为常规年假出行。
青_2008_00988,青岛,2008,本地改善,38,女,1.6,14.9,0.4,28.0,5,1,否,B,agent,0.84,0.39,0.7,0.49,0.39,0.72,0.54,0.64,0.71,自住-改善,一室一厅,77,2285,区财政局科员,三口之家(学龄段),青岛中环品质两居，车位及空间极其拥挤,小区无地下车库且人车不分流，小孩在楼下玩耍或者推婴儿车极为不安全。,讲究超高得房率（超85%），主卧套房必须配备独立步入式衣帽间与干湿分离双卫。,在市中心核心写字楼工作，首选半小时核心通勤圈内。,倡导轻户外，周末常带家人自驾野营或山系徒步，注重生活情调与手作咖啡。,名下持有一套旧两居，置换回款 65% + 个人理财储蓄补充 + 公积金商业贷,非仁恒、绿城、万科等金牌开发商不买，极度看重高端精装质量与顶级物业的增值口碑。,本地常住人口，四季生活规律，度假频次为常规年假出行。
青_2008_00989,青岛,2008,本地改善,55,女,2.8,16.1,0.4,30.2,4,1,否,B,agent,0.71,0.37,0.83,0.5,0.52,1,0.48,0.61,0.55,自住-改善,一室一厅,71,3432,市第二中学地理教师,三口之家(学龄段),青岛中环品质两居，车位及空间极其拥挤,小区无地下车库且人车不分流，小孩在楼下玩耍或者推婴儿车极为不安全。,要求有超大面宽南向双阳台（观景家政分离），主卧大飘窗能270度直面自然景观。,在市中心核心写字楼工作，首选半小时核心通勤圈内。,倡导轻户外，周末常带家人自驾野营或山系徒步，注重生活情调与手作咖啡。,名下持有一套旧两居，置换回款 65% + 个人理财储蓄补充 + 公积金商业贷,重性价比，不盲信大牌，但要求物业管理有序、绿化修剪及时、人防技防规范。,本地常住人口，四季生活规律，度假频次为常规年假出行。
青_2008_00990,青岛,2008,本地改善,36,男,2.2,22.1,0.4,41.4,3,1,否,B,agent,0.67,0.49,0.82,0.37,0.39,0.92,0.59,0.63,0.43,自住-改善,两室两厅,78,2777,邮政局局长秘书,三口之家(幼龄段),青岛中环品质两居，车位及空间极其拥挤,小区无地下车库且人车不分流，小孩在楼下玩耍或者推婴儿车极为不安全。,要求有超大面宽南向双阳台（观景家政分离），主卧大飘窗能270度直面自然景观。,在市中心核心写字楼工作，首选半小时核心通勤圈内。,倡导轻户外，周末常带家人自驾野营或山系徒步，注重生活情调与手作咖啡。,名下持有一套旧两居，置换回款 65% + 个人理财储蓄补充 + 公积金商业贷,重性价比，不盲信大牌，但要求物业管理有序、绿化修剪及时、人防技防规范。,本地常住人口，四季生活规律，度假频次为常规年假出行。
青_2008_00991,青岛,2008,北方度假投资,54,女,4.6,44.5,0.5,66.8,2,1,否,B,research,0.61,0.56,0.92,0.62,0.53,0.34,0,0.01,0.82,投资-短期,两室一厅,83,6762,上市公司退休联合创始人,三口之家(学龄段),青岛中环品质两居，车位及空间极其拥挤,小区无地下车库且人车不分流，小孩在楼下玩耍或者推婴儿车极为不安全。,要求有超大面宽南向双阳台（观景家政分离），主卧大飘窗能270度直面自然景观。,在市中心核心写字楼工作，首选半小时核心通勤圈内。,倡导轻户外，周末常带家人自驾野营或山系徒步，注重生活情调与手作咖啡。,名下持有一套旧两居，置换回款 65% + 个人理财储蓄补充 + 公积金商业贷,非仁恒、绿城、万科等金牌开发商不买，极度看重高端精装质量与顶级物业的增值口碑。,每年11月至次年3月到此度过漫长冬季，极其依赖周边的康养及适老化服务。
青_2008_00992,青岛,2008,本地改善,48,女,1.0,8.1,0.4,15.1,3,0,是,B,agent,0.7,0.41,0.81,0.42,0.64,0.8,0.74,0.61,0.47,自住-改善,一室一厅,65,1517,市第二中学地理教师,成熟期核心家庭,青岛中环品质两居，车位及空间极其拥挤,当前房屋属于旧多层无电梯房，父母年纪渐高每天爬楼梯极为吃力。,要求有超大面宽南向双阳台（观景家政分离），主卧大飘窗能270度直面自然景观。,在市中心核心写字楼工作，首选半小时核心通勤圈内。,倡导轻户外，周末常带家人自驾野营或山系徒步，注重生活情调与手作咖啡。,名下持有一套旧两居，置换回款 65% + 个人理财储蓄补充 + 公积金商业贷,重性价比，不盲信大牌，但要求物业管理有序、绿化修剪及时、人防技防规范。,本地常住人口，四季生活规律，度假频次为常规年假出行。
青_2008_00993,青岛,2008,本地改善,48,男,3.1,29.2,0.4,54.7,3,2,否,B,agent,0.9,0.42,0.81,0.55,0.45,0.89,0.62,0.75,0.48,自住-改善,一室一厅,54,6449,国企车间技术主任,二胎黄金期中大户型,青岛中环品质两居，车位及空间极其拥挤,小区无地下车库且人车不分流，小孩在楼下玩耍或者推婴儿车极为不安全。,要求有超大面宽南向双阳台（观景家政分离），主卧大飘窗能270度直面自然景观。,在市中心核心写字楼工作，首选半小时核心通勤圈内。,倡导轻户外，周末常带家人自驾野营或山系徒步，注重生活情调与手作咖啡。,名下持有一套旧两居，置换回款 65% + 个人理财储蓄补充 + 公积金商业贷,重性价比，不盲信大牌，但要求物业管理有序、绿化修剪及时、人防技防规范。,本地常住人口，四季生活规律，度假频次为常规年假出行。
青_2008_00994,青岛,2008,本地改善,36,男,1.2,9.2,0.4,17.3,5,1,否,B,agent,0.45,0.57,0.65,0.55,0.57,0.82,0.47,0.66,0.44,自住-改善,一室一厅,77,1892,邮政局局长秘书,三口之家(幼龄段),青岛中环品质两居，车位及空间极其拥挤,小区无地下车库且人车不分流，小孩在楼下玩耍或者推婴儿车极为不安全。,讲究超高得房率（超85%），主卧套房必须配备独立步入式衣帽间与干湿分离双卫。,在市中心核心写字楼工作，首选半小时核心通勤圈内。,倡导轻户外，周末常带家人自驾野营或山系徒步，注重生活情调与手作咖啡。,名下持有一套旧两居，置换回款 65% + 个人理财储蓄补充 + 公积金商业贷,重性价比，不盲信大牌，但要求物业管理有序、绿化修剪及时、人防技防规范。,本地常住人口，四季生活规律，度假频次为常规年假出行。
青_2008_00995,青岛,2008,山东省内异地,46,女,3.9,32.5,0.45,54.2,3,1,是,C,network,0.65,0.53,0.85,0.52,0.45,0.7,0.12,0.4,0.62,自住-首套,两室一厅,98,3379,国企车间技术主任,三口之家(学龄段),与父母同住，三代人拥挤在旧区小户型老房中,小区无地下车库且人车不分流，小孩在楼下玩耍或者推婴儿车极为不安全。,要求有超大面宽南向双阳台（观景家政分离），主卧大飘窗能270度直面自然景观。,在市中心核心写字楼工作，首选半小时核心通勤圈内。,爱猫狗，喜欢烹饪和插花，主打经济舒适的生活小确幸。,夫妻双方积蓄 + 双方父母出资赞助首付 + 公积金商业组合贷款,重性价比，不盲信大牌，但要求物业管理有序、绿化修剪及时、人防技防规范。,本地常住人口，四季生活规律，度假频次为常规年假出行。
青_2008_00996,青岛,2008,学区刚需,33,男,2.2,12.3,0.3,30.8,2,0,否,C,agent,0.8,0.45,0.39,0.26,0.47,0.67,0.43,0.85,0.47,学区房,一室一厅,79,3361,国企车间技术主任,新婚过渡两居,与父母同住，三代人拥挤在旧区小户型老房中,老小区隔音差，邻里滋扰严重，且车位严重匮乏，每晚加班回来抢车位像打仗。,核心要求地块属于第一梯队名校学区，且周边500米内解决幼小衔接教育配套。,在市中心核心写字楼工作，首选半小时核心通勤圈内。,爱猫狗，喜欢烹饪和插花，主打经济舒适的生活小确幸。,名下持有一套旧两居，置换回款 65% + 个人理财储蓄补充 + 公积金商业贷,重性价比，不盲信大牌，但要求物业管理有序、绿化修剪及时、人防技防规范。,本地常住人口，四季生活规律，度假频次为常规年假出行。
青_2008_00997,青岛,2008,本地改善,37,女,1.4,13.3,0.4,25.0,4,1,否,B,agent,0.96,0.43,0.71,0.45,0.42,0.68,0.52,0.69,0.35,自住-改善,一室一厅,77,2095,市第二中学地理教师,三口之家(幼龄段),青岛中环品质两居，车位及空间极其拥挤,小区无地下车库且人车不分流，小孩在楼下玩耍或者推婴儿车极为不安全。,要求有超大面宽南向双阳台（观景家政分离），主卧大飘窗能270度直面自然景观。,在市中心核心写字楼工作，首选半小时核心通勤圈内。,倡导轻户外，周末常带家人自驾野营或山系徒步，注重生活情调与手作咖啡。,名下持有一套旧两居，置换回款 65% + 个人理财储蓄补充 + 公积金商业贷,重性价比，不盲信大牌，但要求物业管理有序、绿化修剪及时、人防技防规范。,本地常住人口，四季生活规律，度假频次为常规年假出行。
青_2008_00998,青岛,2008,本地改善,38,男,2.3,19.8,0.4,37.1,4,0,否,B,agent,0.72,0.61,0.72,0.69,0.53,0.91,0.59,0.52,0.64,自住-改善,两室一厅,58,5273,区财政局科员,成熟期核心家庭,青岛中环品质两居，车位及空间极其拥挤,老小区隔音差，邻里滋扰严重，且车位严重匮乏，每晚加班回来抢车位像打仗。,要求有超大面宽南向双阳台（观景家政分离），主卧大飘窗能270度直面自然景观。,在市中心核心写字楼工作，首选半小时核心通勤圈内。,倡导轻户外，周末常带家人自驾野营或山系徒步，注重生活情调与手作咖啡。,名下持有一套旧两居，置换回款 65% + 个人理财储蓄补充 + 公积金商业贷,重性价比，不盲信大牌，但要求物业管理有序、绿化修剪及时、人防技防规范。,本地常住人口，四季生活规律，度假频次为常规年假出行。
青_2008_00999,青岛,2008,本地改善,55,女,2.2,18.1,0.4,33.9,2,2,否,B,agent,1,0.62,0.7,0.48,0.41,0.88,0.61,0.7,0.39,自住-改善,一室一厅,73,3813,区财政局科员,二胎黄金期中大户型,青岛中环品质两居，车位及空间极其拥挤,小区无地下车库且人车不分流，小孩在楼下玩耍或者推婴儿车极为不安全。,要求有超大面宽南向双阳台（观景家政分离），主卧大飘窗能270度直面自然景观。,在市中心核心写字楼工作，首选半小时核心通勤圈内。,倡导轻户外，周末常带家人自驾野营或山系徒步，注重生活情调与手作咖啡。,名下持有一套旧两居，置换回款 65% + 个人理财储蓄补充 + 公积金商业贷,重性价比，不盲信大牌，但要求物业管理有序、绿化修剪及时、人防技防规范。,本地常住人口，四季生活规律，度假频次为常规年假出行。
青_2008_01000,青岛,2008,本地改善,53,男,1.8,12.9,0.4,24.2,4,1,否,B,agent,0.75,0.55,0.81,0.43,0.54,0.9,0.49,0.71,0.71,自住-改善,两室两厅,86,2460,邮政局局长秘书,三口之家(学龄段),青岛中环品质两居，车位及空间极其拥挤,小区无地下车库且人车不分流，小孩在楼下玩耍或者推婴儿车极为不安全。,要求有超大面宽南向双阳台（观景家政分离），主卧大飘窗能270度直面自然景观。,在市中心核心写字楼工作，首选半小时核心通勤圈内。,倡导轻户外，周末常带家人自驾野营或山系徒步，注重生活情调与手作咖啡。,名下持有一套旧两居，置换回款 65% + 个人理财储蓄补充 + 公积金商业贷,非仁恒、绿城、万科等金牌开发商不买，极度看重高端精装质量与顶级物业的增值口碑。,本地常住人口，四季生活规律，度假频次为常规年假出行。
青_2008_01001,青岛,2008,山东省内异地,52,女,2.7,20.4,0.45,34.1,3,1,否,C,network,0.68,0.43,0.86,0.43,0.58,0.76,0.17,0.42,0.52,自住-改善,两室两厅,70,3630,区财政局科员,三口之家(学龄段),与父母同住，三代人拥挤在旧区小户型老房中,小区无地下车库且人车不分流，小孩在楼下玩耍或者推婴儿车极为不安全。,要求有超大面宽南向双阳台（观景家政分离），主卧大飘窗能270度直面自然景观。,在市中心核心写字楼工作，首选半小时核心通勤圈内。,爱猫狗，喜欢烹饪和插花，主打经济舒适的生活小确幸。,名下持有一套旧两居，置换回款 65% + 个人理财储蓄补充 + 公积金商业贷,重性价比，不盲信大牌，但要求物业管理有序、绿化修剪及时、人防技防规范。,本地常住人口，四季生活规律，度假频次为常规年假出行。
青_2008_01002,青岛,2008,本地改善,54,男,2.7,17.1,0.4,32.1,4,1,是,B,agent,1.0,0.59,0.71,0.55,0.53,1,0.49,0.62,0.55,自住-改善,一室一厅,79,2681,区财政局科员,三口之家(学龄段),青岛中环品质两居，车位及空间极其拥挤,小区无地下车库且人车不分流，小孩在楼下玩耍或者推婴儿车极为不安全。,要求有超大面宽南向双阳台（观景家政分离），主卧大飘窗能270度直面自然景观。,在市中心核心写字楼工作，首选半小时核心通勤圈内。,倡导轻户外，周末常带家人自驾野营或山系徒步，注重生活情调与手作咖啡。,名下持有一套旧两居，置换回款 65% + 个人理财储蓄补充 + 公积金商业贷,重性价比，不盲信大牌，但要求物业管理有序、绿化修剪及时、人防技防规范。,本地常住人口，四季生活规律，度假频次为常规年假出行。
青_2008_01003,青岛,2008,本地改善,40,女,2.8,24.5,0.4,45.9,5,1,否,B,agent,0.61,0.59,0.83,0.58,0.64,0.89,0.51,0.62,0.67,自住-改善,两室一厅,81,4972,市第二中学地理教师,三口之家(学龄段),青岛中环品质两居，车位及空间极其拥挤,小区无地下车库且人车不分流，小孩在楼下玩耍或者推婴儿车极为不安全。,要求有超大面宽南向双阳台（观景家政分离），主卧大飘窗能270度直面自然景观。,在市中心核心写字楼工作，首选半小时核心通勤圈内。,倡导轻户外，周末常带家人自驾野营或山系徒步，注重生活情调与手作咖啡。,名下持有一套旧两居，置换回款 65% + 个人理财储蓄补充 + 公积金商业贷,重性价比，不盲信大牌，但要求物业管理有序、绿化修剪及时、人防技防规范。,本地常住人口，四季生活规律，度假频次为常规年假出行。
青_2008_01004,青岛,2008,高端海景收藏,48,女,3.5,47.0,0.6,58.8,3,0,是,A,network,0.75,0.37,0.82,0.82,0.68,0.51,0.05,0,0.83,投资-短期,一室一厅,57,5517,上市公司退休联合创始人,成熟期核心家庭,陆家嘴核心区江景大平层,当前房屋属于旧多层无电梯房，父母年纪渐高每天爬楼梯极为吃力。,要求独立电梯入户，主次卧动线分明，配备独立保姆房和私密后院。,在市中心核心写字楼工作，首选半小时核心通勤圈内。,周末常去高端商圈消费，热衷打网球和马术，重度手冲咖啡及黑胶唱片发烧友。,名下已有企业股权套现或分红现金，一次性全款付清，基本不加杠杆,非仁恒、绿城、万科等金牌开发商不买，极度看重高端精装质量与顶级物业的增值口碑。,本地常住人口，四季生活规律，度假频次为常规年假出行。
青_2008_01005,青岛,2008,北方度假投资,64,男,1.3,14.4,0.5,21.6,3,1,否,B,research,1,0.6,0.96,0.56,0.63,0.49,0.1,0,0.77,度假,两室一厅,56,2458,上市公司退休联合创始人,三口之家(学龄段),青岛中环品质两居，车位及空间极其拥挤,小区无地下车库且人车不分流，小孩在楼下玩耍或者推婴儿车极为不安全。,要求有超大面宽南向双阳台（观景家政分离），主卧大飘窗能270度直面自然景观。,在市中心核心写字楼工作，首选半小时核心通勤圈内。,倡导轻户外，周末常带家人自驾野营或山系徒步，注重生活情调与手作咖啡。,名下持有一套旧两居，置换回款 65% + 个人理财储蓄补充 + 公积金商业贷,非仁恒、绿城、万科等金牌开发商不买，极度看重高端精装质量与顶级物业的增值口碑。,每年11月至次年3月到此度过漫长冬季，极其依赖周边的康养及适老化服务。
青_2008_01006,青岛,2008,本地改善,50,女,1.5,14.2,0.4,26.6,4,2,否,B,agent,0.75,0.43,0.9,0.42,0.53,0.89,0.61,0.69,0.55,自住-改善,两室一厅,69,2556,邮政局局长秘书,二胎黄金期中大户型,青岛中环品质两居，车位及空间极其拥挤,小区无地下车库且人车不分流，小孩在楼下玩耍或者推婴儿车极为不安全。,要求有超大面宽南向双阳台（观景家政分离），主卧大飘窗能270度直面自然景观。,在市中心核心写字楼工作，首选半小时核心通勤圈内。,倡导轻户外，周末常带家人自驾野营或山系徒步，注重生活情调与手作咖啡。,名下持有一套旧两居，置换回款 65% + 个人理财储蓄补充 + 公积金商业贷,重性价比，不盲信大牌，但要求物业管理有序、绿化修剪及时、人防技防规范。,本地常住人口，四季生活规律，度假频次为常规年假出行。
青_2008_01007,青岛,2008,本地改善,47,女,1.9,18.4,0.4,34.6,5,1,否,B,agent,0.85,0.53,0.82,0.7,0.52,0.79,0.54,0.81,0.65,自住-改善,两室两厅,67,3767,邮政局局长秘书,三口之家(学龄段),青岛中环品质两居，车位及空间极其拥挤,小区无地下车库且人车不分流，小孩在楼下玩耍或者推婴儿车极为不安全。,要求有超大面宽南向双阳台（观景家政分离），主卧大飘窗能270度直面自然景观。,在市中心核心写字楼工作，首选半小时核心通勤圈内。,倡导轻户外，周末常带家人自驾野营或山系徒步，注重生活情调与手作咖啡。,名下持有一套旧两居，置换回款 65% + 个人理财储蓄补充 + 公积金商业贷,重性价比，不盲信大牌，但要求物业管理有序、绿化修剪及时、人防技防规范。,本地常住人口，四季生活规律，度假频次为常规年假出行。
青_2008_01008,青岛,2008,学区刚需,34,女,2.1,15.4,0.3,38.6,3,1,否,C,agent,0.91,0.38,0.41,0.24,0.5,0.73,0.48,1,0.43,学区房,两室一厅,60,4215,邮政局局长秘书,三口之家(幼龄段),与父母同住，三代人拥挤在旧区小户型老房中,小区无地下车库且人车不分流，小孩在楼下玩耍或者推婴儿车极为不安全。,讲究超高得房率（超85%），主卧套房必须配备独立步入式衣帽间与干湿分离双卫。,在市中心核心写字楼工作，首选半小时核心通勤圈内。,爱猫狗，喜欢烹饪和插花，主打经济舒适的生活小确幸。,名下持有一套旧两居，置换回款 65% + 个人理财储蓄补充 + 公积金商业贷,重性价比，不盲信大牌，但要求物业管理有序、绿化修剪及时、人防技防规范。,本地常住人口，四季生活规律，度假频次为常规年假出行。
青_2008_01009,青岛,2008,本地改善,53,女,1.5,11.7,0.4,21.9,4,1,是,B,agent,0.64,0.56,0.92,0.65,0.51,0.86,0.68,0.74,0.55,自住-改善,两室一厅,99,1416,区财政局科员,三口之家(学龄段),青岛中环品质两居，车位及空间极其拥挤,小区无地下车库且人车不分流，小孩在楼下玩耍或者推婴儿车极为不安全。,要求有超大面宽南向双阳台（观景家政分离），主卧大飘窗能270度直面自然景观。,在市中心核心写字楼工作，首选半小时核心通勤圈内。,倡导轻户外，周末常带家人自驾野营或山系徒步，注重生活情调与手作咖啡。,名下持有一套旧两居，置换回款 65% + 个人理财储蓄补充 + 公积金商业贷,重性价比，不盲信大牌，但要求物业管理有序、绿化修剪及时、人防技防规范。,本地常住人口，四季生活规律，度假频次为常规年假出行。
青_2008_01010,青岛,2008,山东省内异地,58,男,3.2,22.2,0.45,37.1,3,0,否,C,network,0.72,0.56,0.87,0.55,0.46,0.65,0,0.42,0.56,自住-首套,两室两厅,89,3115,区财政局科员,高知退休康养,与父母同住，三代人拥挤在旧区小户型老房中,老小区隔音差，邻里滋扰严重，且车位严重匮乏，每晚加班回来抢车位像打仗。,要求有超大面宽南向双阳台（观景家政分离），主卧大飘窗能270度直面自然景观。,在市中心核心写字楼工作，首选半小时核心通勤圈内。,爱猫狗，喜欢烹饪和插花，主打经济舒适的生活小确幸。,夫妻双方积蓄 + 双方父母出资赞助首付 + 公积金商业组合贷款,重性价比，不盲信大牌，但要求物业管理有序、绿化修剪及时、人防技防规范。,本地常住人口，四季生活规律，度假频次为常规年假出行。
青_2008_01011,青岛,2008,本地改善,44,女,1.6,11.5,0.4,21.6,4,2,是,B,agent,0.77,0.61,0.65,0.43,0.55,0.77,0.62,0.59,0.56,自住-改善,两室一厅,76,2277,市第二中学地理教师,二胎黄金期中大户型,青岛中环品质两居，车位及空间极其拥挤,小区无地下车库且人车不分流，小孩在楼下玩耍或者推婴儿车极为不安全。,讲究超高得房率（超85%），主卧套房必须配备独立步入式衣帽间与干湿分离双卫。,在市中心核心写字楼工作，首选半小时核心通勤圈内。,倡导轻户外，周末常带家人自驾野营或山系徒步，注重生活情调与手作咖啡。,名下持有一套旧两居，置换回款 65% + 个人理财储蓄补充 + 公积金商业贷,重性价比，不盲信大牌，但要求物业管理有序、绿化修剪及时、人防技防规范。,本地常住人口，四季生活规律，度假频次为常规年假出行。
青_2008_01012,青岛,2008,本地改善,36,女,3.5,20.4,0.4,38.3,3,1,是,B,agent,0.35,0.65,0.65,0.48,0.48,0.74,0.46,0.67,0.62,自住-改善,两室一厅,55,5847,国企车间技术主任,三口之家(幼龄段),青岛中环品质两居，车位及空间极其拥挤,小区无地下车库且人车不分流，小孩在楼下玩耍或者推婴儿车极为不安全。,讲究超高得房率（超85%），主卧套房必须配备独立步入式衣帽间与干湿分离双卫。,在市中心核心写字楼工作，首选半小时核心通勤圈内。,倡导轻户外，周末常带家人自驾野营或山系徒步，注重生活情调与手作咖啡。,名下持有一套旧两居，置换回款 65% + 个人理财储蓄补充 + 公积金商业贷,重性价比，不盲信大牌，但要求物业管理有序、绿化修剪及时、人防技防规范。,本地常住人口，四季生活规律，度假频次为常规年假出行。
青_2008_01013,青岛,2008,本地改善,55,男,2.7,21.1,0.4,39.7,5,1,否,B,agent,0.46,0.51,0.86,0.69,0.57,0.96,0.49,0.58,0.46,自住-改善,两室一厅,65,3520,区财政局科员,三口之家(学龄段),青岛中环品质两居，车位及空间极其拥挤,小区无地下车库且人车不分流，小孩在楼下玩耍或者推婴儿车极为不安全。,要求有超大面宽南向双阳台（观景家政分离），主卧大飘窗能270度直面自然景观。,在市中心核心写字楼工作，首选半小时核心通勤圈内。,倡导轻户外，周末常带家人自驾野营或山系徒步，注重生活情调与手作咖啡。,名下持有一套旧两居，置换回款 65% + 个人理财储蓄补充 + 公积金商业贷,重性价比，不盲信大牌，但要求物业管理有序、绿化修剪及时、人防技防规范。,本地常住人口，四季生活规律，度假频次为常规年假出行。
青_2008_01014,青岛,2008,高端海景收藏,50,女,9.1,110.9,0.6,138.7,2,1,否,A,network,0.75,0.42,1,0.85,0.75,0.43,0.03,0.16,0.83,投资-长持,一室一厅,63,15193,知名中医药连锁投资人,三口之家(学龄段),西湖边高精平层,无高端私密会所及管家式物业配套，圈层鱼龙混杂，高净值居住体验差。,要求独立电梯入户，主次卧动线分明，配备独立保姆房和私密后院。,在市中心核心写字楼工作，首选半小时核心通勤圈内。,周末常去高端商圈消费，热衷打网球和马术，重度手冲咖啡及黑胶唱片发烧友。,名下已有企业股权套现或分红现金，一次性全款付清，基本不加杠杆,非仁恒、绿城、万科等金牌开发商不买，极度看重高端精装质量与顶级物业的增值口碑。,本地常住人口，四季生活规律，度假频次为常规年假出行。
青_2008_01015,青岛,2008,山东省内异地,46,男,2.8,24.7,0.45,41.2,3,0,否,C,network,0.51,0.49,0.83,0.52,0.45,0.71,0.05,0.52,0.59,自住-改善,两室一厅,91,3006,国企车间技术主任,成熟期核心家庭,与父母同住，三代人拥挤在旧区小户型老房中,老小区隔音差，邻里滋扰严重，且车位严重匮乏，每晚加班回来抢车位像打仗。,要求有超大面宽南向双阳台（观景家政分离），主卧大飘窗能270度直面自然景观。,在市中心核心写字楼工作，首选半小时核心通勤圈内。,爱猫狗，喜欢烹饪和插花，主打经济舒适的生活小确幸。,名下持有一套旧两居，置换回款 65% + 个人理财储蓄补充 + 公积金商业贷,重性价比，不盲信大牌，但要求物业管理有序、绿化修剪及时、人防技防规范。,本地常住人口，四季生活规律，度假频次为常规年假出行。
青_2008_01016,青岛,2008,本地改善,55,女,1.7,17.2,0.4,32.3,3,0,否,B,agent,0.69,0.46,0.73,0.45,0.36,0.96,0.64,0.66,0.57,自住-改善,两室一厅,50,3451,市第二中学地理教师,高知退休康养,青岛中环品质两居，车位及空间极其拥挤,老小区隔音差，邻里滋扰严重，且车位严重匮乏，每晚加班回来抢车位像打仗。,要求有超大面宽南向双阳台（观景家政分离），主卧大飘窗能270度直面自然景观。,在市中心核心写字楼工作，首选半小时核心通勤圈内。,倡导轻户外，周末常带家人自驾野营或山系徒步，注重生活情调与手作咖啡。,名下持有一套旧两居，置换回款 65% + 个人理财储蓄补充 + 公积金商业贷,重性价比，不盲信大牌，但要求物业管理有序、绿化修剪及时、人防技防规范。,本地常住人口，四季生活规律，度假频次为常规年假出行。
青_2008_01017,青岛,2008,本地改善,50,女,3.1,25.8,0.4,48.3,3,1,是,B,agent,1.0,0.48,0.78,0.44,0.48,0.88,0.56,0.72,0.6,自住-改善,一室一厅,80,4599,邮政局局长秘书,三口之家(学龄段),青岛中环品质两居，车位及空间极其拥挤,小区无地下车库且人车不分流，小孩在楼下玩耍或者推婴儿车极为不安全。,要求有超大面宽南向双阳台（观景家政分离），主卧大飘窗能270度直面自然景观。,在市中心核心写字楼工作，首选半小时核心通勤圈内。,倡导轻户外，周末常带家人自驾野营或山系徒步，注重生活情调与手作咖啡。,名下持有一套旧两居，置换回款 65% + 个人理财储蓄补充 + 公积金商业贷,重性价比，不盲信大牌，但要求物业管理有序、绿化修剪及时、人防技防规范。,本地常住人口，四季生活规律，度假频次为常规年假出行。
青_2008_01018,青岛,2008,本地改善,47,女,1.7,10.1,0.4,18.9,4,1,否,B,agent,0.37,0.29,0.74,0.47,0.38,0.91,0.64,0.57,0.48,自住-改善,两室一厅,60,1809,国企车间技术主任,三口之家(学龄段),青岛中环品质两居，车位及空间极其拥挤,小区无地下车库且人车不分流，小孩在楼下玩耍或者推婴儿车极为不安全。,要求有超大面宽南向双阳台（观景家政分离），主卧大飘窗能270度直面自然景观。,在市中心核心写字楼工作，首选半小时核心通勤圈内。,倡导轻户外，周末常带家人自驾野营或山系徒步，注重生活情调与手作咖啡。,名下持有一套旧两居，置换回款 65% + 个人理财储蓄补充 + 公积金商业贷,重性价比，不盲信大牌，但要求物业管理有序、绿化修剪及时、人防技防规范。,本地常住人口，四季生活规律，度假频次为常规年假出行。
青_2008_01019,青岛,2008,本地改善,37,男,1.7,10.7,0.4,20.0,4,1,是,B,agent,0.57,0.57,0.65,0.36,0.5,0.72,0.62,0.68,0.57,自住-改善,两室两厅,83,1633,国企车间技术主任,三口之家(幼龄段),青岛中环品质两居，车位及空间极其拥挤,小区无地下车库且人车不分流，小孩在楼下玩耍或者推婴儿车极为不安全。,讲究超高得房率（超85%），主卧套房必须配备独立步入式衣帽间与干湿分离双卫。,在市中心核心写字楼工作，首选半小时核心通勤圈内。,倡导轻户外，周末常带家人自驾野营或山系徒步，注重生活情调与手作咖啡。,名下持有一套旧两居，置换回款 65% + 个人理财储蓄补充 + 公积金商业贷,重性价比，不盲信大牌，但要求物业管理有序、绿化修剪及时、人防技防规范。,本地常住人口，四季生活规律，度假频次为常规年假出行。
青_2008_01020,青岛,2008,本地改善,53,女,2.0,12.2,0.4,22.9,4,2,是,B,agent,0.79,0.39,0.65,0.42,0.42,0.84,0.62,0.72,0.51,自住-改善,两室一厅,55,3723,市第二中学地理教师,二胎黄金期中大户型,青岛中环品质两居，车位及空间极其拥挤,小区无地下车库且人车不分流，小孩在楼下玩耍或者推婴儿车极为不安全。,讲究超高得房率（超85%），主卧套房必须配备独立步入式衣帽间与干湿分离双卫。,在市中心核心写字楼工作，首选半小时核心通勤圈内。,倡导轻户外，周末常带家人自驾野营或山系徒步，注重生活情调与手作咖啡。,名下持有一套旧两居，置换回款 65% + 个人理财储蓄补充 + 公积金商业贷,重性价比，不盲信大牌，但要求物业管理有序、绿化修剪及时、人防技防规范。,本地常住人口，四季生活规律，度假频次为常规年假出行。
青_2008_01021,青岛,2008,本地改善,45,女,1.9,14.8,0.4,27.8,4,1,否,B,agent,0.95,0.57,0.67,0.56,0.52,0.74,0.6,0.71,0.6,自住-改善,两室一厅,74,2316,市第二中学地理教师,三口之家(学龄段),青岛中环品质两居，车位及空间极其拥挤,小区无地下车库且人车不分流，小孩在楼下玩耍或者推婴儿车极为不安全。,讲究超高得房率（超85%），主卧套房必须配备独立步入式衣帽间与干湿分离双卫。,在市中心核心写字楼工作，首选半小时核心通勤圈内。,倡导轻户外，周末常带家人自驾野营或山系徒步，注重生活情调与手作咖啡。,名下持有一套旧两居，置换回款 65% + 个人理财储蓄补充 + 公积金商业贷,重性价比，不盲信大牌，但要求物业管理有序、绿化修剪及时、人防技防规范。,本地常住人口，四季生活规律，度假频次为常规年假出行。
青_2008_01022,青岛,2008,本地改善,41,男,3.8,25.6,0.4,48.0,4,0,否,B,agent,0.85,0.55,0.82,0.4,0.48,0.84,0.44,0.63,0.35,自住-改善,一室一厅,56,6280,市第二中学地理教师,成熟期核心家庭,青岛中环品质两居，车位及空间极其拥挤,老小区隔音差，邻里滋扰严重，且车位严重匮乏，每晚加班回来抢车位像打仗。,要求有超大面宽南向双阳台（观景家政分离），主卧大飘窗能270度直面自然景观。,在市中心核心写字楼工作，首选半小时核心通勤圈内。,倡导轻户外，周末常带家人自驾野营或山系徒步，注重生活情调与手作咖啡。,名下持有一套旧两居，置换回款 65% + 个人理财储蓄补充 + 公积金商业贷,重性价比，不盲信大牌，但要求物业管理有序、绿化修剪及时、人防技防规范。,本地常住人口，四季生活规律，度假频次为常规年假出行。
青_2008_01023,青岛,2008,本地改善,54,男,1.8,15.2,0.4,28.5,4,1,否,B,agent,0.67,0.61,0.81,0.46,0.44,0.92,0.51,0.71,0.64,自住-改善,两室一厅,100,1927,邮政局局长秘书,三口之家(学龄段),青岛中环品质两居，车位及空间极其拥挤,小区无地下车库且人车不分流，小孩在楼下玩耍或者推婴儿车极为不安全。,要求有超大面宽南向双阳台（观景家政分离），主卧大飘窗能270度直面自然景观。,在市中心核心写字楼工作，首选半小时核心通勤圈内。,倡导轻户外，周末常带家人自驾野营或山系徒步，注重生活情调与手作咖啡。,名下持有一套旧两居，置换回款 65% + 个人理财储蓄补充 + 公积金商业贷,重性价比，不盲信大牌，但要求物业管理有序、绿化修剪及时、人防技防规范。,本地常住人口，四季生活规律，度假频次为常规年假出行。
青_2008_01024,青岛,2008,本地改善,37,女,2.5,22.5,0.4,42.2,4,1,是,B,agent,0.77,0.55,0.78,0.48,0.53,1,0.61,0.79,0.53,自住-改善,两室两厅,61,4833,邮政局局长秘书,三口之家(幼龄段),青岛中环品质两居，车位及空间极其拥挤,小区无地下车库且人车不分流，小孩在楼下玩耍或者推婴儿车极为不安全。,要求有超大面宽南向双阳台（观景家政分离），主卧大飘窗能270度直面自然景观。,在市中心核心写字楼工作，首选半小时核心通勤圈内。,倡导轻户外，周末常带家人自驾野营或山系徒步，注重生活情调与手作咖啡。,名下持有一套旧两居，置换回款 65% + 个人理财储蓄补充 + 公积金商业贷,重性价比，不盲信大牌，但要求物业管理有序、绿化修剪及时、人防技防规范。,本地常住人口，四季生活规律，度假频次为常规年假出行。
青_2008_01025,青岛,2008,本地改善,42,女,2.9,18.4,0.4,34.5,4,1,否,B,agent,0.75,0.63,0.67,0.5,0.54,0.79,0.52,0.75,0.53,自住-改善,两室一厅,87,2576,邮政局局长秘书,三口之家(学龄段),青岛中环品质两居，车位及空间极其拥挤,小区无地下车库且人车不分流，小孩在楼下玩耍或者推婴儿车极为不安全。,讲究超高得房率（超85%），主卧套房必须配备独立步入式衣帽间与干湿分离双卫。,在市中心核心写字楼工作，首选半小时核心通勤圈内。,倡导轻户外，周末常带家人自驾野营或山系徒步，注重生活情调与手作咖啡。,名下持有一套旧两居，置换回款 65% + 个人理财储蓄补充 + 公积金商业贷,重性价比，不盲信大牌，但要求物业管理有序、绿化修剪及时、人防技防规范。,本地常住人口，四季生活规律，度假频次为常规年假出行。
青_2008_01026,青岛,2008,高端海景收藏,49,女,13.8,138.9,0.6,173.6,2,0,否,A,network,0.66,0.25,0.98,0.88,0.78,0.56,0.07,0,0.96,投资-长持,两室两厅,92,16358,高端海景资产收藏家,成熟期核心家庭,陆家嘴核心区江景大平层,无高端私密会所及管家式物业配套，圈层鱼龙混杂，高净值居住体验差。,要求独立电梯入户，主次卧动线分明，配备独立保姆房和私密后院。,在市中心核心写字楼工作，首选半小时核心通勤圈内。,周末常去高端商圈消费，热衷打网球和马术，重度手冲咖啡及黑胶唱片发烧友。,名下已有企业股权套现或分红现金，一次性全款付清，基本不加杠杆,非仁恒、绿城、万科等金牌开发商不买，极度看重高端精装质量与顶级物业的增值口碑。,本地常住人口，四季生活规律，度假频次为常规年假出行。
青_2008_01027,青岛,2008,学区刚需,43,男,2.8,19.0,0.3,47.4,3,1,是,C,agent,1,0.5,0.52,0.33,0.32,0.69,0.66,1,0.45,学区房,两室一厅,87,2731,邮政局局长秘书,三口之家(学龄段),与父母同住，三代人拥挤在旧区小户型老房中,小区无地下车库且人车不分流，小孩在楼下玩耍或者推婴儿车极为不安全。,核心要求地块属于第一梯队名校学区，且周边500米内解决幼小衔接教育配套。,在市中心核心写字楼工作，首选半小时核心通勤圈内。,爱猫狗，喜欢烹饪和插花，主打经济舒适的生活小确幸。,名下持有一套旧两居，置换回款 65% + 个人理财储蓄补充 + 公积金商业贷,重性价比，不盲信大牌，但要求物业管理有序、绿化修剪及时、人防技防规范。,本地常住人口，四季生活规律，度假频次为常规年假出行。
青_2008_01028,青岛,2008,北方度假投资,54,男,1.6,14.9,0.5,22.3,2,0,否,B,research,0.64,0.49,0.91,0.62,0.33,0.5,0,0,0.55,投资-长持,一室一厅,96,1316,上市公司退休联合创始人,成熟期核心家庭,青岛中环品质两居，车位及空间极其拥挤,老小区隔音差，邻里滋扰严重，且车位严重匮乏，每晚加班回来抢车位像打仗。,要求有超大面宽南向双阳台（观景家政分离），主卧大飘窗能270度直面自然景观。,在市中心核心写字楼工作，首选半小时核心通勤圈内。,倡导轻户外，周末常带家人自驾野营或山系徒步，注重生活情调与手作咖啡。,名下持有一套旧两居，置换回款 65% + 个人理财储蓄补充 + 公积金商业贷,重性价比，不盲信大牌，但要求物业管理有序、绿化修剪及时、人防技防规范。,每年11月至次年3月到此度过漫长冬季，极其依赖周边的康养及适老化服务。
青_2008_01029,青岛,2008,山东省内异地,59,女,2.3,18.2,0.45,30.4,4,1,是,C,network,0.83,0.43,0.92,0.52,0.43,0.72,0,0.27,0.72,自住-改善,两室两厅,80,1990,国企车间技术主任,三口之家(学龄段),与父母同住，三代人拥挤在旧区小户型老房中,小区无地下车库且人车不分流，小孩在楼下玩耍或者推婴儿车极为不安全。,要求有超大面宽南向双阳台（观景家政分离），主卧大飘窗能270度直面自然景观。,在市中心核心写字楼工作，首选半小时核心通勤圈内。,爱猫狗，喜欢烹饪和插花，主打经济舒适的生活小确幸。,名下持有一套旧两居，置换回款 65% + 个人理财储蓄补充 + 公积金商业贷,非仁恒、绿城、万科等金牌开发商不买，极度看重高端精装质量与顶级物业的增值口碑。,本地常住人口，四季生活规律，度假频次为常规年假出行。
青_2008_01030,青岛,2008,山东省内异地,40,女,2.0,16.4,0.45,27.3,4,1,是,C,network,0.68,0.55,0.81,0.48,0.57,0.71,0.01,0.37,0.57,自住-改善,一室一厅,77,2408,市第二中学地理教师,三口之家(学龄段),与父母同住，三代人拥挤在旧区小户型老房中,小区无地下车库且人车不分流，小孩在楼下玩耍或者推婴儿车极为不安全。,要求有超大面宽南向双阳台（观景家政分离），主卧大飘窗能270度直面自然景观。,在市中心核心写字楼工作，首选半小时核心通勤圈内。,爱猫狗，喜欢烹饪和插花，主打经济舒适的生活小确幸。,名下持有一套旧两居，置换回款 65% + 个人理财储蓄补充 + 公积金商业贷,重性价比，不盲信大牌，但要求物业管理有序、绿化修剪及时、人防技防规范。,本地常住人口，四季生活规律，度假频次为常规年假出行。
青_2008_01031,青岛,2008,本地改善,50,男,2.4,17.1,0.4,32.1,4,2,否,B,agent,0.68,0.41,0.77,0.48,0.62,0.99,0.51,0.63,0.53,自住-改善,一室一厅,85,2918,邮政局局长秘书,二胎黄金期中大户型,青岛中环品质两居，车位及空间极其拥挤,小区无地下车库且人车不分流，小孩在楼下玩耍或者推婴儿车极为不安全。,要求有超大面宽南向双阳台（观景家政分离），主卧大飘窗能270度直面自然景观。,在市中心核心写字楼工作，首选半小时核心通勤圈内。,倡导轻户外，周末常带家人自驾野营或山系徒步，注重生活情调与手作咖啡。,名下持有一套旧两居，置换回款 65% + 个人理财储蓄补充 + 公积金商业贷,重性价比，不盲信大牌，但要求物业管理有序、绿化修剪及时、人防技防规范。,本地常住人口，四季生活规律，度假频次为常规年假出行。
青_2008_01032,青岛,2008,本地改善,49,男,3.1,30.2,0.4,56.6,4,2,否,B,agent,0.56,0.39,0.78,0.43,0.54,0.72,0.63,0.61,0.59,自住-改善,两室两厅,75,4417,国企车间技术主任,二胎黄金期中大户型,青岛中环品质两居，车位及空间极其拥挤,小区无地下车库且人车不分流，小孩在楼下玩耍或者推婴儿车极为不安全。,要求有超大面宽南向双阳台（观景家政分离），主卧大飘窗能270度直面自然景观。,在市中心核心写字楼工作，首选半小时核心通勤圈内。,倡导轻户外，周末常带家人自驾野营或山系徒步，注重生活情调与手作咖啡。,名下持有一套旧两居，置换回款 65% + 个人理财储蓄补充 + 公积金商业贷,重性价比，不盲信大牌，但要求物业管理有序、绿化修剪及时、人防技防规范。,本地常住人口，四季生活规律，度假频次为常规年假出行。
青_2008_01033,青岛,2008,山东省内异地,45,女,3.2,23.6,0.45,39.4,3,2,是,C,network,0.52,0.49,0.85,0.5,0.54,0.78,0.01,0.48,0.58,自住-改善,两室两厅,63,5573,邮政局局长秘书,二胎黄金期中大户型,与父母同住，三代人拥挤在旧区小户型老房中,小区无地下车库且人车不分流，小孩在楼下玩耍或者推婴儿车极为不安全。,要求有超大面宽南向双阳台（观景家政分离），主卧大飘窗能270度直面自然景观。,在市中心核心写字楼工作，首选半小时核心通勤圈内。,爱猫狗，喜欢烹饪和插花，主打经济舒适的生活小确幸。,名下持有一套旧两居，置换回款 65% + 个人理财储蓄补充 + 公积金商业贷,重性价比，不盲信大牌，但要求物业管理有序、绿化修剪及时、人防技防规范。,本地常住人口，四季生活规律，度假频次为常规年假出行。
青_2008_01034,青岛,2008,学区刚需,38,女,2.0,11.0,0.3,27.6,3,0,是,C,agent,0.77,0.55,0.31,0.28,0.57,0.6,0.53,0.97,0.42,学区房,两室两厅,62,2493,市第二中学地理教师,成熟期核心家庭,与父母同住，三代人拥挤在旧区小户型老房中,当前房屋属于旧多层无电梯房，父母年纪渐高每天爬楼梯极为吃力。,核心要求地块属于第一梯队名校学区，且周边500米内解决幼小衔接教育配套。,在市中心核心写字楼工作，首选半小时核心通勤圈内。,爱猫狗，喜欢烹饪和插花，主打经济舒适的生活小确幸。,名下持有一套旧两居，置换回款 65% + 个人理财储蓄补充 + 公积金商业贷,重性价比，不盲信大牌，但要求物业管理有序、绿化修剪及时、人防技防规范。,本地常住人口，四季生活规律，度假频次为常规年假出行。
青_2008_01035,青岛,2008,北方度假投资,51,女,5.1,51.4,0.5,77.1,1,0,否,B,research,0.66,0.53,0.91,0.71,0.52,0.45,0.03,0.01,0.77,投资-短期,两室一厅,98,6783,高端海景资产收藏家,成熟期核心家庭,青岛中环品质两居，车位及空间极其拥挤,老小区隔音差，邻里滋扰严重，且车位严重匮乏，每晚加班回来抢车位像打仗。,要求独立电梯入户，主次卧动线分明，配备独立保姆房和私密后院。,在市中心核心写字楼工作，首选半小时核心通勤圈内。,倡导轻户外，周末常带家人自驾野营或山系徒步，注重生活情调与手作咖啡。,名下持有一套旧两居，置换回款 65% + 个人理财储蓄补充 + 公积金商业贷,非仁恒、绿城、万科等金牌开发商不买，极度看重高端精装质量与顶级物业的增值口碑。,每年11月至次年3月到此度过漫长冬季，极其依赖周边的康养及适老化服务。
青_2008_01036,青岛,2008,本地改善,36,男,1.2,7.7,0.4,14.4,4,0,否,B,agent,0.63,0.44,0.66,0.52,0.52,0.73,0.7,0.69,0.57,自住-改善,一室一厅,83,1552,国企车间技术主任,成熟期核心家庭,青岛中环品质两居，车位及空间极其拥挤,老小区隔音差，邻里滋扰严重，且车位严重匮乏，每晚加班回来抢车位像打仗。,讲究超高得房率（超85%），主卧套房必须配备独立步入式衣帽间与干湿分离双卫。,在市中心核心写字楼工作，首选半小时核心通勤圈内。,倡导轻户外，周末常带家人自驾野营或山系徒步，注重生活情调与手作咖啡。,名下持有一套旧两居，置换回款 65% + 个人理财储蓄补充 + 公积金商业贷,重性价比，不盲信大牌，但要求物业管理有序、绿化修剪及时、人防技防规范。,本地常住人口，四季生活规律，度假频次为常规年假出行。
青_2008_01037,青岛,2008,山东省内异地,53,男,1.4,14.7,0.45,24.4,3,1,是,C,network,0.84,0.49,0.74,0.37,0.41,0.58,0,0.53,0.56,自住-首套,两室两厅,84,2034,市第二中学地理教师,三口之家(学龄段),与父母同住，三代人拥挤在旧区小户型老房中,小区无地下车库且人车不分流，小孩在楼下玩耍或者推婴儿车极为不安全。,要求有超大面宽南向双阳台（观景家政分离），主卧大飘窗能270度直面自然景观。,在市中心核心写字楼工作，首选半小时核心通勤圈内。,爱猫狗，喜欢烹饪和插花，主打经济舒适的生活小确幸。,夫妻双方积蓄 + 双方父母出资赞助首付 + 公积金商业组合贷款,重性价比，不盲信大牌，但要求物业管理有序、绿化修剪及时、人防技防规范。,本地常住人口，四季生活规律，度假频次为常规年假出行。
青_2008_01038,青岛,2008,北方度假投资,57,男,4.5,54.7,0.5,82.0,1,1,否,B,research,0.8,0.55,0.8,0.53,0.33,0.53,0.03,0,0.72,投资-短期,两室两厅,97,4441,知名中医药连锁投资人,三口之家(学龄段),青岛中环品质两居，车位及空间极其拥挤,小区无地下车库且人车不分流，小孩在楼下玩耍或者推婴儿车极为不安全。,要求有超大面宽南向双阳台（观景家政分离），主卧大飘窗能270度直面自然景观。,在市中心核心写字楼工作，首选半小时核心通勤圈内。,倡导轻户外，周末常带家人自驾野营或山系徒步，注重生活情调与手作咖啡。,名下持有一套旧两居，置换回款 65% + 个人理财储蓄补充 + 公积金商业贷,非仁恒、绿城、万科等金牌开发商不买，极度看重高端精装质量与顶级物业的增值口碑。,每年11月至次年3月到此度过漫长冬季，极其依赖周边的康养及适老化服务。
青_2008_01039,青岛,2008,学区刚需,31,女,1.4,9.6,0.3,24.1,3,1,是,C,agent,1,0.37,0.46,0.26,0.39,0.69,0.59,1,0.43,学区房,两室一厅,68,2828,区财政局科员,三口之家(幼龄段),与父母同住，三代人拥挤在旧区小户型老房中,小区无地下车库且人车不分流，小孩在楼下玩耍或者推婴儿车极为不安全。,核心要求地块属于第一梯队名校学区，且周边500米内解决幼小衔接教育配套。,在市中心核心写字楼工作，首选半小时核心通勤圈内。,爱猫狗，喜欢烹饪和插花，主打经济舒适的生活小确幸。,名下持有一套旧两居，置换回款 65% + 个人理财储蓄补充 + 公积金商业贷,重性价比，不盲信大牌，但要求物业管理有序、绿化修剪及时、人防技防规范。,本地常住人口，四季生活规律，度假频次为常规年假出行。
青_2008_01040,青岛,2008,北方度假投资,54,女,6.9,69.2,0.5,103.9,2,0,否,B,research,0.76,0.59,1,0.63,0.58,0.5,0,0,0.51,投资-短期,一室一厅,67,9164,知名中医药连锁投资人,成熟期核心家庭,青岛中环品质两居，车位及空间极其拥挤,老小区隔音差，邻里滋扰严重，且车位严重匮乏，每晚加班回来抢车位像打仗。,要求有超大面宽南向双阳台（观景家政分离），主卧大飘窗能270度直面自然景观。,在市中心核心写字楼工作，首选半小时核心通勤圈内。,倡导轻户外，周末常带家人自驾野营或山系徒步，注重生活情调与手作咖啡。,名下持有一套旧两居，置换回款 65% + 个人理财储蓄补充 + 公积金商业贷,重性价比，不盲信大牌，但要求物业管理有序、绿化修剪及时、人防技防规范。,每年11月至次年3月到此度过漫长冬季，极其依赖周边的康养及适老化服务。
青_2008_01041,青岛,2008,本地改善,37,男,2.1,11.7,0.4,22.0,3,0,是,B,agent,0.7,0.62,0.68,0.42,0.56,0.76,0.81,0.73,0.5,自住-改善,两室两厅,68,2375,国企车间技术主任,成熟期核心家庭,青岛中环品质两居，车位及空间极其拥挤,当前房屋属于旧多层无电梯房，父母年纪渐高每天爬楼梯极为吃力。,讲究超高得房率（超85%），主卧套房必须配备独立步入式衣帽间与干湿分离双卫。,在市中心核心写字楼工作，首选半小时核心通勤圈内。,倡导轻户外，周末常带家人自驾野营或山系徒步，注重生活情调与手作咖啡。,名下持有一套旧两居，置换回款 65% + 个人理财储蓄补充 + 公积金商业贷,重性价比，不盲信大牌，但要求物业管理有序、绿化修剪及时、人防技防规范。,本地常住人口，四季生活规律，度假频次为常规年假出行。
青_2008_01042,青岛,2008,山东省内异地,47,男,2.2,13.8,0.45,23.0,3,1,否,C,network,0.6,0.64,0.87,0.66,0.46,0.76,0,0.48,0.56,自住-首套,两室一厅,55,2761,邮政局局长秘书,三口之家(学龄段),与父母同住，三代人拥挤在旧区小户型老房中,小区无地下车库且人车不分流，小孩在楼下玩耍或者推婴儿车极为不安全。,要求有超大面宽南向双阳台（观景家政分离），主卧大飘窗能270度直面自然景观。,在市中心核心写字楼工作，首选半小时核心通勤圈内。,爱猫狗，喜欢烹饪和插花，主打经济舒适的生活小确幸。,夫妻双方积蓄 + 双方父母出资赞助首付 + 公积金商业组合贷款,重性价比，不盲信大牌，但要求物业管理有序、绿化修剪及时、人防技防规范。,本地常住人口，四季生活规律，度假频次为常规年假出行。
青_2008_01043,青岛,2008,本地改善,36,女,1.8,10.1,0.4,18.9,4,1,是,B,agent,0.71,0.44,0.84,0.43,0.56,0.84,0.54,0.67,0.55,自住-改善,两室两厅,84,1517,邮政局局长秘书,三口之家(幼龄段),青岛中环品质两居，车位及空间极其拥挤,小区无地下车库且人车不分流，小孩在楼下玩耍或者推婴儿车极为不安全。,要求有超大面宽南向双阳台（观景家政分离），主卧大飘窗能270度直面自然景观。,在市中心核心写字楼工作，首选半小时核心通勤圈内。,倡导轻户外，周末常带家人自驾野营或山系徒步，注重生活情调与手作咖啡。,名下持有一套旧两居，置换回款 65% + 个人理财储蓄补充 + 公积金商业贷,重性价比，不盲信大牌，但要求物业管理有序、绿化修剪及时、人防技防规范。,本地常住人口，四季生活规律，度假频次为常规年假出行。
青_2008_01044,青岛,2008,本地改善,45,女,2.9,28.8,0.4,53.9,5,1,否,B,agent,0.83,0.59,0.73,0.52,0.43,0.83,0.57,0.82,0.46,自住-改善,一室一厅,87,4884,市第二中学地理教师,三口之家(学龄段),青岛中环品质两居，车位及空间极其拥挤,小区无地下车库且人车不分流，小孩在楼下玩耍或者推婴儿车极为不安全。,要求有超大面宽南向双阳台（观景家政分离），主卧大飘窗能270度直面自然景观。,在市中心核心写字楼工作，首选半小时核心通勤圈内。,倡导轻户外，周末常带家人自驾野营或山系徒步，注重生活情调与手作咖啡。,名下持有一套旧两居，置换回款 65% + 个人理财储蓄补充 + 公积金商业贷,重性价比，不盲信大牌，但要求物业管理有序、绿化修剪及时、人防技防规范。,本地常住人口，四季生活规律，度假频次为常规年假出行。
青_2008_01045,青岛,2008,本地改善,43,男,2.0,20.7,0.4,38.8,3,1,否,B,agent,0.61,0.35,0.67,0.33,0.54,0.93,0.64,0.64,0.48,自住-改善,两室一厅,81,3232,国企车间技术主任,三口之家(学龄段),青岛中环品质两居，车位及空间极其拥挤,小区无地下车库且人车不分流，小孩在楼下玩耍或者推婴儿车极为不安全。,讲究超高得房率（超85%），主卧套房必须配备独立步入式衣帽间与干湿分离双卫。,在市中心核心写字楼工作，首选半小时核心通勤圈内。,倡导轻户外，周末常带家人自驾野营或山系徒步，注重生活情调与手作咖啡。,名下持有一套旧两居，置换回款 65% + 个人理财储蓄补充 + 公积金商业贷,重性价比，不盲信大牌，但要求物业管理有序、绿化修剪及时、人防技防规范。,本地常住人口，四季生活规律，度假频次为常规年假出行。
青_2008_01046,青岛,2008,本地改善,37,男,1.5,11.7,0.4,22.0,3,1,是,B,agent,0.86,0.56,0.74,0.52,0.63,0.81,0.58,0.66,0.54,自住-改善,两室一厅,82,2345,邮政局局长秘书,三口之家(幼龄段),青岛中环品质两居，车位及空间极其拥挤,小区无地下车库且人车不分流，小孩在楼下玩耍或者推婴儿车极为不安全。,要求有超大面宽南向双阳台（观景家政分离），主卧大飘窗能270度直面自然景观。,在市中心核心写字楼工作，首选半小时核心通勤圈内。,倡导轻户外，周末常带家人自驾野营或山系徒步，注重生活情调与手作咖啡。,名下持有一套旧两居，置换回款 65% + 个人理财储蓄补充 + 公积金商业贷,重性价比，不盲信大牌，但要求物业管理有序、绿化修剪及时、人防技防规范。,本地常住人口，四季生活规律，度假频次为常规年假出行。
青_2008_01047,青岛,2008,本地改善,45,女,1.9,10.9,0.4,20.4,4,1,是,B,agent,0.5,0.53,0.86,0.44,0.46,1,0.72,0.75,0.67,自住-改善,一室一厅,74,2467,国企车间技术主任,三口之家(学龄段),青岛中环品质两居，车位及空间极其拥挤,小区无地下车库且人车不分流，小孩在楼下玩耍或者推婴儿车极为不安全。,要求有超大面宽南向双阳台（观景家政分离），主卧大飘窗能270度直面自然景观。,在市中心核心写字楼工作，首选半小时核心通勤圈内。,倡导轻户外，周末常带家人自驾野营或山系徒步，注重生活情调与手作咖啡。,名下持有一套旧两居，置换回款 65% + 个人理财储蓄补充 + 公积金商业贷,重性价比，不盲信大牌，但要求物业管理有序、绿化修剪及时、人防技防规范。,本地常住人口，四季生活规律，度假频次为常规年假出行。
青_2008_01048,青岛,2008,本地改善,44,男,1.9,15.3,0.4,28.7,4,1,否,B,agent,0.73,0.57,0.71,0.51,0.53,0.72,0.51,0.67,0.47,自住-改善,两室一厅,84,2120,国企车间技术主任,三口之家(学龄段),青岛中环品质两居，车位及空间极其拥挤,小区无地下车库且人车不分流，小孩在楼下玩耍或者推婴儿车极为不安全。,要求有超大面宽南向双阳台（观景家政分离），主卧大飘窗能270度直面自然景观。,在市中心核心写字楼工作，首选半小时核心通勤圈内。,倡导轻户外，周末常带家人自驾野营或山系徒步，注重生活情调与手作咖啡。,名下持有一套旧两居，置换回款 65% + 个人理财储蓄补充 + 公积金商业贷,重性价比，不盲信大牌，但要求物业管理有序、绿化修剪及时、人防技防规范。,本地常住人口，四季生活规律，度假频次为常规年假出行。
青_2008_01049,青岛,2008,本地改善,46,男,2.4,22.4,0.4,42.0,4,1,是,B,agent,0.65,0.61,0.73,0.47,0.48,0.94,0.53,0.78,0.47,自住-改善,两室两厅,64,3561,区财政局科员,三口之家(学龄段),青岛中环品质两居，车位及空间极其拥挤,小区无地下车库且人车不分流，小孩在楼下玩耍或者推婴儿车极为不安全。,要求有超大面宽南向双阳台（观景家政分离），主卧大飘窗能270度直面自然景观。,在市中心核心写字楼工作，首选半小时核心通勤圈内。,倡导轻户外，周末常带家人自驾野营或山系徒步，注重生活情调与手作咖啡。,名下持有一套旧两居，置换回款 65% + 个人理财储蓄补充 + 公积金商业贷,重性价比，不盲信大牌，但要求物业管理有序、绿化修剪及时、人防技防规范。,本地常住人口，四季生活规律，度假频次为常规年假出行。
青_2008_01050,青岛,2008,本地改善,47,女,1.9,12.8,0.4,23.9,4,1,否,B,agent,0.74,0.57,0.82,0.56,0.53,0.93,0.57,0.84,0.6,自住-改善,两室一厅,95,1569,区财政局科员,三口之家(学龄段),青岛中环品质两居，车位及空间极其拥挤,小区无地下车库且人车不分流，小孩在楼下玩耍或者推婴儿车极为不安全。,要求有超大面宽南向双阳台（观景家政分离），主卧大飘窗能270度直面自然景观。,在市中心核心写字楼工作，首选半小时核心通勤圈内。,倡导轻户外，周末常带家人自驾野营或山系徒步，注重生活情调与手作咖啡。,名下持有一套旧两居，置换回款 65% + 个人理财储蓄补充 + 公积金商业贷,重性价比，不盲信大牌，但要求物业管理有序、绿化修剪及时、人防技防规范。,本地常住人口，四季生活规律，度假频次为常规年假出行。
青_2008_01051,青岛,2008,本地改善,39,男,2.1,20.9,0.4,39.2,5,1,否,B,agent,0.84,0.46,0.79,0.32,0.64,0.99,0.66,0.71,0.61,自住-改善,一室一厅,53,3886,国企车间技术主任,三口之家(学龄段),青岛中环品质两居，车位及空间极其拥挤,小区无地下车库且人车不分流，小孩在楼下玩耍或者推婴儿车极为不安全。,要求有超大面宽南向双阳台（观景家政分离），主卧大飘窗能270度直面自然景观。,在市中心核心写字楼工作，首选半小时核心通勤圈内。,倡导轻户外，周末常带家人自驾野营或山系徒步，注重生活情调与手作咖啡。,名下持有一套旧两居，置换回款 65% + 个人理财储蓄补充 + 公积金商业贷,重性价比，不盲信大牌，但要求物业管理有序、绿化修剪及时、人防技防规范。,本地常住人口，四季生活规律，度假频次为常规年假出行。
青_2008_01052,青岛,2008,本地改善,41,女,2.8,25.2,0.4,47.2,4,1,否,B,agent,0.79,0.37,0.7,0.51,0.5,0.89,0.65,0.65,0.55,自住-改善,两室一厅,58,6593,邮政局局长秘书,三口之家(学龄段),青岛中环品质两居，车位及空间极其拥挤,小区无地下车库且人车不分流，小孩在楼下玩耍或者推婴儿车极为不安全。,讲究超高得房率（超85%），主卧套房必须配备独立步入式衣帽间与干湿分离双卫。,在市中心核心写字楼工作，首选半小时核心通勤圈内。,倡导轻户外，周末常带家人自驾野营或山系徒步，注重生活情调与手作咖啡。,名下持有一套旧两居，置换回款 65% + 个人理财储蓄补充 + 公积金商业贷,重性价比，不盲信大牌，但要求物业管理有序、绿化修剪及时、人防技防规范。,本地常住人口，四季生活规律，度假频次为常规年假出行。
青_2008_01053,青岛,2008,学区刚需,44,女,1.9,12.4,0.3,30.9,3,1,是,C,agent,0.87,0.47,0.32,0.54,0.35,0.77,0.51,0.87,0.55,学区房,两室两厅,83,2825,国企车间技术主任,三口之家(学龄段),与父母同住，三代人拥挤在旧区小户型老房中,小区无地下车库且人车不分流，小孩在楼下玩耍或者推婴儿车极为不安全。,讲究超高得房率（超85%），主卧套房必须配备独立步入式衣帽间与干湿分离双卫。,在市中心核心写字楼工作，首选半小时核心通勤圈内。,爱猫狗，喜欢烹饪和插花，主打经济舒适的生活小确幸。,名下持有一套旧两居，置换回款 65% + 个人理财储蓄补充 + 公积金商业贷,重性价比，不盲信大牌，但要求物业管理有序、绿化修剪及时、人防技防规范。,本地常住人口，四季生活规律，度假频次为常规年假出行。
青_2008_01054,青岛,2008,山东省内异地,56,男,2.6,16.8,0.45,28.0,3,2,否,C,network,0.85,0.51,0.93,0.65,0.66,0.67,0,0.44,0.63,自住-首套,一室一厅,69,3088,区财政局科员,二胎黄金期中大户型,与父母同住，三代人拥挤在旧区小户型老房中,小区无地下车库且人车不分流，小孩在楼下玩耍或者推婴儿车极为不安全。,要求有超大面宽南向双阳台（观景家政分离），主卧大飘窗能270度直面自然景观。,在市中心核心写字楼工作，首选半小时核心通勤圈内。,爱猫狗，喜欢烹饪和插花，主打经济舒适的生活小确幸。,夫妻双方积蓄 + 双方父母出资赞助首付 + 公积金商业组合贷款,重性价比，不盲信大牌，但要求物业管理有序、绿化修剪及时、人防技防规范。,本地常住人口，四季生活规律，度假频次为常规年假出行。
青_2008_01055,青岛,2008,学区刚需,33,女,1.6,10.0,0.3,25.1,2,0,否,C,agent,1,0.6,0.47,0.22,0.5,0.72,0.6,1,0.37,学区房,两室两厅,68,3079,国企车间技术主任,新婚过渡两居,与父母同住，三代人拥挤在旧区小户型老房中,老小区隔音差，邻里滋扰严重，且车位严重匮乏，每晚加班回来抢车位像打仗。,讲究超高得房率（超85%），主卧套房必须配备独立步入式衣帽间与干湿分离双卫。,在市中心核心写字楼工作，首选半小时核心通勤圈内。,爱猫狗，喜欢烹饪和插花，主打经济舒适的生活小确幸。,名下持有一套旧两居，置换回款 65% + 个人理财储蓄补充 + 公积金商业贷,重性价比，不盲信大牌，但要求物业管理有序、绿化修剪及时、人防技防规范。,本地常住人口，四季生活规律，度假频次为常规年假出行。
青_2008_01056,青岛,2008,本地改善,47,女,2.0,14.2,0.4,26.7,4,1,否,B,agent,0.98,0.38,0.83,0.54,0.52,0.88,0.66,0.8,0.66,自住-改善,两室两厅,68,3457,邮政局局长秘书,三口之家(学龄段),青岛中环品质两居，车位及空间极其拥挤,小区无地下车库且人车不分流，小孩在楼下玩耍或者推婴儿车极为不安全。,要求有超大面宽南向双阳台（观景家政分离），主卧大飘窗能270度直面自然景观。,在市中心核心写字楼工作，首选半小时核心通勤圈内。,倡导轻户外，周末常带家人自驾野营或山系徒步，注重生活情调与手作咖啡。,名下持有一套旧两居，置换回款 65% + 个人理财储蓄补充 + 公积金商业贷,重性价比，不盲信大牌，但要求物业管理有序、绿化修剪及时、人防技防规范。,本地常住人口，四季生活规律，度假频次为常规年假出行。
青_2008_01057,青岛,2008,北方度假投资,64,女,4.0,31.9,0.5,47.8,2,0,否,B,research,0.57,0.6,0.92,0.66,0.38,0.54,0,0.16,0.63,度假,两室一厅,56,6720,知名中医药连锁投资人,高知退休康养,青岛中环品质两居，车位及空间极其拥挤,老小区隔音差，邻里滋扰严重，且车位严重匮乏，每晚加班回来抢车位像打仗。,要求有超大面宽南向双阳台（观景家政分离），主卧大飘窗能270度直面自然景观。,在市中心核心写字楼工作，首选半小时核心通勤圈内。,倡导轻户外，周末常带家人自驾野营或山系徒步，注重生活情调与手作咖啡。,名下持有一套旧两居，置换回款 65% + 个人理财储蓄补充 + 公积金商业贷,重性价比，不盲信大牌，但要求物业管理有序、绿化修剪及时、人防技防规范。,每年11月至次年3月到此度过漫长冬季，极其依赖周边的康养及适老化服务。
青_2008_01058,青岛,2008,学区刚需,45,女,1.4,6.8,0.3,17.1,3,1,否,C,agent,1,0.54,0.37,0.27,0.34,0.73,0.72,1,0.42,学区房,两室一厅,68,1769,区财政局科员,三口之家(学龄段),与父母同住，三代人拥挤在旧区小户型老房中,小区无地下车库且人车不分流，小孩在楼下玩耍或者推婴儿车极为不安全。,讲究超高得房率（超85%），主卧套房必须配备独立步入式衣帽间与干湿分离双卫。,在市中心核心写字楼工作，首选半小时核心通勤圈内。,爱猫狗，喜欢烹饪和插花，主打经济舒适的生活小确幸。,名下持有一套旧两居，置换回款 65% + 个人理财储蓄补充 + 公积金商业贷,重性价比，不盲信大牌，但要求物业管理有序、绿化修剪及时、人防技防规范。,本地常住人口，四季生活规律，度假频次为常规年假出行。
青_2008_01059,青岛,2008,本地改善,46,女,2.4,20.9,0.4,39.2,4,1,否,B,agent,0.63,0.47,0.73,0.56,0.5,0.82,0.66,0.74,0.63,自住-改善,两室两厅,94,2420,区财政局科员,三口之家(学龄段),青岛中环品质两居，车位及空间极其拥挤,小区无地下车库且人车不分流，小孩在楼下玩耍或者推婴儿车极为不安全。,要求有超大面宽南向双阳台（观景家政分离），主卧大飘窗能270度直面自然景观。,在市中心核心写字楼工作，首选半小时核心通勤圈内。,倡导轻户外，周末常带家人自驾野营或山系徒步，注重生活情调与手作咖啡。,名下持有一套旧两居，置换回款 65% + 个人理财储蓄补充 + 公积金商业贷,重性价比，不盲信大牌，但要求物业管理有序、绿化修剪及时、人防技防规范。,本地常住人口，四季生活规律，度假频次为常规年假出行。
青_2008_01060,青岛,2008,北方度假投资,53,女,6.3,49.7,0.5,74.6,2,1,否,B,research,0.66,0.34,0.98,0.58,0.42,0.53,0,0,0.62,度假,两室一厅,88,7070,上市公司退休联合创始人,三口之家(学龄段),青岛中环品质两居，车位及空间极其拥挤,小区无地下车库且人车不分流，小孩在楼下玩耍或者推婴儿车极为不安全。,要求有超大面宽南向双阳台（观景家政分离），主卧大飘窗能270度直面自然景观。,在市中心核心写字楼工作，首选半小时核心通勤圈内。,倡导轻户外，周末常带家人自驾野营或山系徒步，注重生活情调与手作咖啡。,名下持有一套旧两居，置换回款 65% + 个人理财储蓄补充 + 公积金商业贷,重性价比，不盲信大牌，但要求物业管理有序、绿化修剪及时、人防技防规范。,每年11月至次年3月到此度过漫长冬季，极其依赖周边的康养及适老化服务。
青_2008_01061,青岛,2008,本地改善,45,女,2.5,20.6,0.4,38.6,5,1,否,B,agent,0.82,0.6,0.77,0.55,0.53,0.76,0.5,0.77,0.4,自住-改善,两室两厅,89,2952,邮政局局长秘书,三口之家(学龄段),青岛中环品质两居，车位及空间极其拥挤,小区无地下车库且人车不分流，小孩在楼下玩耍或者推婴儿车极为不安全。,要求有超大面宽南向双阳台（观景家政分离），主卧大飘窗能270度直面自然景观。,在市中心核心写字楼工作，首选半小时核心通勤圈内。,倡导轻户外，周末常带家人自驾野营或山系徒步，注重生活情调与手作咖啡。,名下持有一套旧两居，置换回款 65% + 个人理财储蓄补充 + 公积金商业贷,重性价比，不盲信大牌，但要求物业管理有序、绿化修剪及时、人防技防规范。,本地常住人口，四季生活规律，度假频次为常规年假出行。
青_2008_01062,青岛,2008,本地改善,35,男,2.8,28.1,0.4,52.6,4,2,否,B,agent,0.92,0.54,0.81,0.46,0.54,0.9,0.49,0.71,0.57,自住-改善,两室一厅,92,4931,国企车间技术主任,二胎黄金期中大户型,青岛中环品质两居，车位及空间极其拥挤,小区无地下车库且人车不分流，小孩在楼下玩耍或者推婴儿车极为不安全。,要求有超大面宽南向双阳台（观景家政分离），主卧大飘窗能270度直面自然景观。,在市中心核心写字楼工作，首选半小时核心通勤圈内。,倡导轻户外，周末常带家人自驾野营或山系徒步，注重生活情调与手作咖啡。,名下持有一套旧两居，置换回款 65% + 个人理财储蓄补充 + 公积金商业贷,重性价比，不盲信大牌，但要求物业管理有序、绿化修剪及时、人防技防规范。,本地常住人口，四季生活规律，度假频次为常规年假出行。
青_2008_01063,青岛,2008,本地改善,51,女,2.5,24.7,0.4,46.3,3,1,否,B,agent,0.55,0.47,0.82,0.42,0.57,0.83,0.64,0.68,0.49,自住-改善,两室一厅,82,3860,邮政局局长秘书,三口之家(学龄段),青岛中环品质两居，车位及空间极其拥挤,小区无地下车库且人车不分流，小孩在楼下玩耍或者推婴儿车极为不安全。,要求有超大面宽南向双阳台（观景家政分离），主卧大飘窗能270度直面自然景观。,在市中心核心写字楼工作，首选半小时核心通勤圈内。,倡导轻户外，周末常带家人自驾野营或山系徒步，注重生活情调与手作咖啡。,名下持有一套旧两居，置换回款 65% + 个人理财储蓄补充 + 公积金商业贷,重性价比，不盲信大牌，但要求物业管理有序、绿化修剪及时、人防技防规范。,本地常住人口，四季生活规律，度假频次为常规年假出行。
青_2008_01064,青岛,2008,本地改善,38,女,1.9,12.2,0.4,22.8,4,2,否,B,agent,0.74,0.43,0.69,0.5,0.6,0.89,0.67,0.56,0.58,自住-改善,两室一厅,86,1335,邮政局局长秘书,二胎黄金期中大户型,青岛中环品质两居，车位及空间极其拥挤,小区无地下车库且人车不分流，小孩在楼下玩耍或者推婴儿车极为不安全。,讲究超高得房率（超85%），主卧套房必须配备独立步入式衣帽间与干湿分离双卫。,在市中心核心写字楼工作，首选半小时核心通勤圈内。,倡导轻户外，周末常带家人自驾野营或山系徒步，注重生活情调与手作咖啡。,名下持有一套旧两居，置换回款 65% + 个人理财储蓄补充 + 公积金商业贷,重性价比，不盲信大牌，但要求物业管理有序、绿化修剪及时、人防技防规范。,本地常住人口，四季生活规律，度假频次为常规年假出行。
青_2008_01065,青岛,2008,本地改善,50,男,2.5,16.0,0.4,30.0,4,1,是,B,agent,0.89,0.51,0.86,0.55,0.53,0.81,0.57,0.59,0.47,自住-改善,两室两厅,90,2651,市第二中学地理教师,三口之家(学龄段),青岛中环品质两居，车位及空间极其拥挤,小区无地下车库且人车不分流，小孩在楼下玩耍或者推婴儿车极为不安全。,要求有超大面宽南向双阳台（观景家政分离），主卧大飘窗能270度直面自然景观。,在市中心核心写字楼工作，首选半小时核心通勤圈内。,倡导轻户外，周末常带家人自驾野营或山系徒步，注重生活情调与手作咖啡。,名下持有一套旧两居，置换回款 65% + 个人理财储蓄补充 + 公积金商业贷,重性价比，不盲信大牌，但要求物业管理有序、绿化修剪及时、人防技防规范。,本地常住人口，四季生活规律，度假频次为常规年假出行。
青_2008_01066,青岛,2008,山东省内异地,50,女,2.9,23.3,0.45,38.8,3,1,否,C,network,0.5,0.66,0.69,0.56,0.41,0.48,0.07,0.36,0.57,自住-首套,两室两厅,91,3788,邮政局局长秘书,三口之家(学龄段),与父母同住，三代人拥挤在旧区小户型老房中,小区无地下车库且人车不分流，小孩在楼下玩耍或者推婴儿车极为不安全。,要求采光通透，全明户型，带多功能嵌入式收纳墙以最大化空间利用。,在市中心核心写字楼工作，首选半小时核心通勤圈内。,爱猫狗，喜欢烹饪和插花，主打经济舒适的生活小确幸。,夫妻双方积蓄 + 双方父母出资赞助首付 + 公积金商业组合贷款,重性价比，不盲信大牌，但要求物业管理有序、绿化修剪及时、人防技防规范。,本地常住人口，四季生活规律，度假频次为常规年假出行。
青_2008_01067,青岛,2008,本地改善,51,女,2.0,12.2,0.4,23.0,4,1,是,B,agent,0.74,0.58,0.79,0.51,0.38,0.77,0.69,0.61,0.37,自住-改善,两室一厅,50,2381,邮政局局长秘书,三口之家(学龄段),青岛中环品质两居，车位及空间极其拥挤,小区无地下车库且人车不分流，小孩在楼下玩耍或者推婴儿车极为不安全。,要求有超大面宽南向双阳台（观景家政分离），主卧大飘窗能270度直面自然景观。,在市中心核心写字楼工作，首选半小时核心通勤圈内。,倡导轻户外，周末常带家人自驾野营或山系徒步，注重生活情调与手作咖啡。,名下持有一套旧两居，置换回款 65% + 个人理财储蓄补充 + 公积金商业贷,重性价比，不盲信大牌，但要求物业管理有序、绿化修剪及时、人防技防规范。,本地常住人口，四季生活规律，度假频次为常规年假出行。
青_2008_01068,青岛,2008,本地改善,44,女,2.3,13.3,0.4,24.9,4,2,否,B,agent,0.67,0.49,0.71,0.42,0.51,0.93,0.45,0.76,0.41,自住-改善,两室一厅,68,2734,区财政局科员,二胎黄金期中大户型,青岛中环品质两居，车位及空间极其拥挤,小区无地下车库且人车不分流，小孩在楼下玩耍或者推婴儿车极为不安全。,要求有超大面宽南向双阳台（观景家政分离），主卧大飘窗能270度直面自然景观。,在市中心核心写字楼工作，首选半小时核心通勤圈内。,倡导轻户外，周末常带家人自驾野营或山系徒步，注重生活情调与手作咖啡。,名下持有一套旧两居，置换回款 65% + 个人理财储蓄补充 + 公积金商业贷,重性价比，不盲信大牌，但要求物业管理有序、绿化修剪及时、人防技防规范。,本地常住人口，四季生活规律，度假频次为常规年假出行。
青_2008_01069,青岛,2008,本地改善,40,男,2.2,22.8,0.4,42.7,4,1,否,B,agent,0.58,0.65,0.79,0.42,0.41,0.84,0.63,0.75,0.53,自住-改善,两室两厅,68,5428,市第二中学地理教师,三口之家(学龄段),青岛中环品质两居，车位及空间极其拥挤,小区无地下车库且人车不分流，小孩在楼下玩耍或者推婴儿车极为不安全。,要求有超大面宽南向双阳台（观景家政分离），主卧大飘窗能270度直面自然景观。,在市中心核心写字楼工作，首选半小时核心通勤圈内。,倡导轻户外，周末常带家人自驾野营或山系徒步，注重生活情调与手作咖啡。,名下持有一套旧两居，置换回款 65% + 个人理财储蓄补充 + 公积金商业贷,重性价比，不盲信大牌，但要求物业管理有序、绿化修剪及时、人防技防规范。,本地常住人口，四季生活规律，度假频次为常规年假出行。
青_2008_01070,青岛,2008,学区刚需,35,男,1.3,8.5,0.3,21.3,3,1,是,C,agent,1,0.45,0.49,0.34,0.44,0.86,0.55,0.93,0.41,学区房,一室一厅,50,2357,市第二中学地理教师,三口之家(幼龄段),与父母同住，三代人拥挤在旧区小户型老房中,小区无地下车库且人车不分流，小孩在楼下玩耍或者推婴儿车极为不安全。,讲究超高得房率（超85%），主卧套房必须配备独立步入式衣帽间与干湿分离双卫。,在市中心核心写字楼工作，首选半小时核心通勤圈内。,爱猫狗，喜欢烹饪和插花，主打经济舒适的生活小确幸。,名下持有一套旧两居，置换回款 65% + 个人理财储蓄补充 + 公积金商业贷,重性价比，不盲信大牌，但要求物业管理有序、绿化修剪及时、人防技防规范。,本地常住人口，四季生活规律，度假频次为常规年假出行。
青_2008_01071,青岛,2008,本地改善,51,女,1.5,9.0,0.4,16.8,4,1,否,B,agent,0.78,0.49,0.77,0.53,0.41,0.9,0.57,0.65,0.53,自住-改善,一室一厅,69,1295,邮政局局长秘书,三口之家(学龄段),青岛中环品质两居，车位及空间极其拥挤,小区无地下车库且人车不分流，小孩在楼下玩耍或者推婴儿车极为不安全。,要求有超大面宽南向双阳台（观景家政分离），主卧大飘窗能270度直面自然景观。,在市中心核心写字楼工作，首选半小时核心通勤圈内。,倡导轻户外，周末常带家人自驾野营或山系徒步，注重生活情调与手作咖啡。,名下持有一套旧两居，置换回款 65% + 个人理财储蓄补充 + 公积金商业贷,重性价比，不盲信大牌，但要求物业管理有序、绿化修剪及时、人防技防规范。,本地常住人口，四季生活规律，度假频次为常规年假出行。
青_2008_01072,青岛,2008,山东省内异地,51,男,2.2,13.3,0.45,22.2,4,2,否,C,network,0.55,0.42,0.81,0.59,0.43,0.65,0.03,0.39,0.43,自住-首套,两室两厅,77,1519,国企车间技术主任,二胎黄金期中大户型,与父母同住，三代人拥挤在旧区小户型老房中,小区无地下车库且人车不分流，小孩在楼下玩耍或者推婴儿车极为不安全。,要求有超大面宽南向双阳台（观景家政分离），主卧大飘窗能270度直面自然景观。,在市中心核心写字楼工作，首选半小时核心通勤圈内。,爱猫狗，喜欢烹饪和插花，主打经济舒适的生活小确幸。,夫妻双方积蓄 + 双方父母出资赞助首付 + 公积金商业组合贷款,重性价比，不盲信大牌，但要求物业管理有序、绿化修剪及时、人防技防规范。,本地常住人口，四季生活规律，度假频次为常规年假出行。
青_2008_01073,青岛,2008,本地改善,37,男,2.6,16.8,0.4,31.6,4,1,否,B,agent,0.55,0.38,0.76,0.65,0.49,0.72,0.45,0.62,0.63,自住-改善,两室一厅,53,5297,国企车间技术主任,三口之家(幼龄段),青岛中环品质两居，车位及空间极其拥挤,小区无地下车库且人车不分流，小孩在楼下玩耍或者推婴儿车极为不安全。,要求有超大面宽南向双阳台（观景家政分离），主卧大飘窗能270度直面自然景观。,在市中心核心写字楼工作，首选半小时核心通勤圈内。,倡导轻户外，周末常带家人自驾野营或山系徒步，注重生活情调与手作咖啡。,名下持有一套旧两居，置换回款 65% + 个人理财储蓄补充 + 公积金商业贷,重性价比，不盲信大牌，但要求物业管理有序、绿化修剪及时、人防技防规范。,本地常住人口，四季生活规律，度假频次为常规年假出行。
青_2008_01074,青岛,2008,本地改善,48,女,1.6,12.4,0.4,23.3,4,1,是,B,agent,0.71,0.61,0.76,0.48,0.44,0.7,0.59,0.7,0.6,自住-改善,两室一厅,66,1815,区财政局科员,三口之家(学龄段),青岛中环品质两居，车位及空间极其拥挤,小区无地下车库且人车不分流，小孩在楼下玩耍或者推婴儿车极为不安全。,要求有超大面宽南向双阳台（观景家政分离），主卧大飘窗能270度直面自然景观。,在市中心核心写字楼工作，首选半小时核心通勤圈内。,倡导轻户外，周末常带家人自驾野营或山系徒步，注重生活情调与手作咖啡。,名下持有一套旧两居，置换回款 65% + 个人理财储蓄补充 + 公积金商业贷,重性价比，不盲信大牌，但要求物业管理有序、绿化修剪及时、人防技防规范。,本地常住人口，四季生活规律，度假频次为常规年假出行。
青_2008_01075,青岛,2008,学区刚需,37,女,3.3,19.2,0.3,48.0,3,1,否,C,agent,0.96,0.63,0.47,0.34,0.39,0.7,0.56,0.85,0.46,学区房,一室一厅,78,4837,邮政局局长秘书,三口之家(幼龄段),与父母同住，三代人拥挤在旧区小户型老房中,小区无地下车库且人车不分流，小孩在楼下玩耍或者推婴儿车极为不安全。,核心要求地块属于第一梯队名校学区，且周边500米内解决幼小衔接教育配套。,在市中心核心写字楼工作，首选半小时核心通勤圈内。,爱猫狗，喜欢烹饪和插花，主打经济舒适的生活小确幸。,名下持有一套旧两居，置换回款 65% + 个人理财储蓄补充 + 公积金商业贷,重性价比，不盲信大牌，但要求物业管理有序、绿化修剪及时、人防技防规范。,本地常住人口，四季生活规律，度假频次为常规年假出行。
青_2008_01076,青岛,2008,学区刚需,34,男,2.3,10.8,0.3,27.1,2,2,是,C,agent,1,0.61,0.45,0.23,0.56,0.65,0.62,0.91,0.51,学区房,两室两厅,92,2105,市第二中学地理教师,二胎黄金期中大户型,与父母同住，三代人拥挤在旧区小户型老房中,小区无地下车库且人车不分流，小孩在楼下玩耍或者推婴儿车极为不安全。,核心要求地块属于第一梯队名校学区，且周边500米内解决幼小衔接教育配套。,在市中心核心写字楼工作，首选半小时核心通勤圈内。,爱猫狗，喜欢烹饪和插花，主打经济舒适的生活小确幸。,名下持有一套旧两居，置换回款 65% + 个人理财储蓄补充 + 公积金商业贷,重性价比，不盲信大牌，但要求物业管理有序、绿化修剪及时、人防技防规范。,本地常住人口，四季生活规律，度假频次为常规年假出行。
青_2008_01077,青岛,2008,山东省内异地,50,男,2.7,18.9,0.45,31.5,4,2,否,C,network,0.55,0.5,0.92,0.58,0.37,0.74,0.13,0.4,0.58,自住-改善,两室两厅,99,1634,区财政局科员,二胎黄金期中大户型,与父母同住，三代人拥挤在旧区小户型老房中,小区无地下车库且人车不分流，小孩在楼下玩耍或者推婴儿车极为不安全。,要求有超大面宽南向双阳台（观景家政分离），主卧大飘窗能270度直面自然景观。,在市中心核心写字楼工作，首选半小时核心通勤圈内。,爱猫狗，喜欢烹饪和插花，主打经济舒适的生活小确幸。,名下持有一套旧两居，置换回款 65% + 个人理财储蓄补充 + 公积金商业贷,重性价比，不盲信大牌，但要求物业管理有序、绿化修剪及时、人防技防规范。,本地常住人口，四季生活规律，度假频次为常规年假出行。
青_2008_01078,青岛,2008,学区刚需,37,男,2.1,10.1,0.3,25.3,2,1,否,C,agent,1,0.5,0.44,0.35,0.42,0.71,0.46,0.89,0.57,学区房,一室一厅,73,1860,邮政局局长秘书,三口之家(幼龄段),与父母同住，三代人拥挤在旧区小户型老房中,小区无地下车库且人车不分流，小孩在楼下玩耍或者推婴儿车极为不安全。,讲究超高得房率（超85%），主卧套房必须配备独立步入式衣帽间与干湿分离双卫。,在市中心核心写字楼工作，首选半小时核心通勤圈内。,爱猫狗，喜欢烹饪和插花，主打经济舒适的生活小确幸。,名下持有一套旧两居，置换回款 65% + 个人理财储蓄补充 + 公积金商业贷,重性价比，不盲信大牌，但要求物业管理有序、绿化修剪及时、人防技防规范。,本地常住人口，四季生活规律，度假频次为常规年假出行。
青_2008_01079,青岛,2008,本地改善,44,男,1.7,15.2,0.4,28.5,3,2,是,B,agent,0.8,0.59,0.67,0.56,0.52,0.84,0.57,0.49,0.48,自住-改善,两室一厅,61,3150,区财政局科员,二胎黄金期中大户型,青岛中环品质两居，车位及空间极其拥挤,小区无地下车库且人车不分流，小孩在楼下玩耍或者推婴儿车极为不安全。,讲究超高得房率（超85%），主卧套房必须配备独立步入式衣帽间与干湿分离双卫。,在市中心核心写字楼工作，首选半小时核心通勤圈内。,倡导轻户外，周末常带家人自驾野营或山系徒步，注重生活情调与手作咖啡。,名下持有一套旧两居，置换回款 65% + 个人理财储蓄补充 + 公积金商业贷,重性价比，不盲信大牌，但要求物业管理有序、绿化修剪及时、人防技防规范。,本地常住人口，四季生活规律，度假频次为常规年假出行。
青_2008_01080,青岛,2008,本地改善,50,男,2.3,22.9,0.4,42.9,3,1,是,B,agent,0.57,0.55,0.7,0.5,0.43,0.81,0.57,0.72,0.56,自住-改善,两室一厅,70,3912,邮政局局长秘书,三口之家(学龄段),青岛中环品质两居，车位及空间极其拥挤,小区无地下车库且人车不分流，小孩在楼下玩耍或者推婴儿车极为不安全。,讲究超高得房率（超85%），主卧套房必须配备独立步入式衣帽间与干湿分离双卫。,在市中心核心写字楼工作，首选半小时核心通勤圈内。,倡导轻户外，周末常带家人自驾野营或山系徒步，注重生活情调与手作咖啡。,名下持有一套旧两居，置换回款 65% + 个人理财储蓄补充 + 公积金商业贷,重性价比，不盲信大牌，但要求物业管理有序、绿化修剪及时、人防技防规范。,本地常住人口，四季生活规律，度假频次为常规年假出行。
青_2008_01081,青岛,2008,本地改善,51,女,2.4,24.6,0.4,46.2,4,1,是,B,agent,0.86,0.44,0.68,0.45,0.5,0.9,0.58,0.72,0.62,自住-改善,两室两厅,78,3803,市第二中学地理教师,三口之家(学龄段),青岛中环品质两居，车位及空间极其拥挤,小区无地下车库且人车不分流，小孩在楼下玩耍或者推婴儿车极为不安全。,讲究超高得房率（超85%），主卧套房必须配备独立步入式衣帽间与干湿分离双卫。,在市中心核心写字楼工作，首选半小时核心通勤圈内。,倡导轻户外，周末常带家人自驾野营或山系徒步，注重生活情调与手作咖啡。,名下持有一套旧两居，置换回款 65% + 个人理财储蓄补充 + 公积金商业贷,重性价比，不盲信大牌，但要求物业管理有序、绿化修剪及时、人防技防规范。,本地常住人口，四季生活规律，度假频次为常规年假出行。
青_2008_01082,青岛,2008,本地改善,43,女,4.3,30.9,0.4,58.0,3,2,否,B,agent,0.41,0.38,0.74,0.55,0.61,0.74,0.61,0.67,0.49,自住-改善,两室一厅,97,3495,国企车间技术主任,二胎黄金期中大户型,青岛中环品质两居，车位及空间极其拥挤,小区无地下车库且人车不分流，小孩在楼下玩耍或者推婴儿车极为不安全。,要求有超大面宽南向双阳台（观景家政分离），主卧大飘窗能270度直面自然景观。,在市中心核心写字楼工作，首选半小时核心通勤圈内。,倡导轻户外，周末常带家人自驾野营或山系徒步，注重生活情调与手作咖啡。,名下持有一套旧两居，置换回款 65% + 个人理财储蓄补充 + 公积金商业贷,重性价比，不盲信大牌，但要求物业管理有序、绿化修剪及时、人防技防规范。,本地常住人口，四季生活规律，度假频次为常规年假出行。
青_2008_01083,青岛,2008,本地改善,52,男,3.3,33.9,0.4,63.6,4,1,否,B,agent,0.73,0.47,0.79,0.35,0.59,0.91,0.55,0.8,0.52,自住-改善,一室一厅,77,5931,邮政局局长秘书,三口之家(学龄段),青岛中环品质两居，车位及空间极其拥挤,小区无地下车库且人车不分流，小孩在楼下玩耍或者推婴儿车极为不安全。,要求有超大面宽南向双阳台（观景家政分离），主卧大飘窗能270度直面自然景观。,在市中心核心写字楼工作，首选半小时核心通勤圈内。,倡导轻户外，周末常带家人自驾野营或山系徒步，注重生活情调与手作咖啡。,名下持有一套旧两居，置换回款 65% + 个人理财储蓄补充 + 公积金商业贷,重性价比，不盲信大牌，但要求物业管理有序、绿化修剪及时、人防技防规范。,本地常住人口，四季生活规律，度假频次为常规年假出行。
青_2008_01084,青岛,2008,北方度假投资,52,男,2.7,26.2,0.5,39.4,2,0,否,B,research,0.95,0.42,1,0.62,0.66,0.56,0,0.07,0.63,投资-短期,两室一厅,87,3107,高端海景资产收藏家,成熟期核心家庭,青岛中环品质两居，车位及空间极其拥挤,老小区隔音差，邻里滋扰严重，且车位严重匮乏，每晚加班回来抢车位像打仗。,要求有超大面宽南向双阳台（观景家政分离），主卧大飘窗能270度直面自然景观。,在市中心核心写字楼工作，首选半小时核心通勤圈内。,倡导轻户外，周末常带家人自驾野营或山系徒步，注重生活情调与手作咖啡。,名下持有一套旧两居，置换回款 65% + 个人理财储蓄补充 + 公积金商业贷,重性价比，不盲信大牌，但要求物业管理有序、绿化修剪及时、人防技防规范。,每年11月至次年3月到此度过漫长冬季，极其依赖周边的康养及适老化服务。
青_2008_01085,青岛,2008,本地改善,37,男,2.8,27.9,0.4,52.4,4,1,是,B,agent,1,0.43,0.75,0.3,0.43,0.83,0.63,0.68,0.51,自住-改善,两室一厅,80,5856,邮政局局长秘书,三口之家(幼龄段),青岛中环品质两居，车位及空间极其拥挤,小区无地下车库且人车不分流，小孩在楼下玩耍或者推婴儿车极为不安全。,要求有超大面宽南向双阳台（观景家政分离），主卧大飘窗能270度直面自然景观。,在市中心核心写字楼工作，首选半小时核心通勤圈内。,倡导轻户外，周末常带家人自驾野营或山系徒步，注重生活情调与手作咖啡。,名下持有一套旧两居，置换回款 65% + 个人理财储蓄补充 + 公积金商业贷,重性价比，不盲信大牌，但要求物业管理有序、绿化修剪及时、人防技防规范。,本地常住人口，四季生活规律，度假频次为常规年假出行。
青_2008_01086,青岛,2008,本地改善,38,男,2.6,20.9,0.4,39.1,4,1,否,B,agent,0.83,0.49,0.67,0.48,0.62,0.81,0.64,0.66,0.53,自住-改善,两室两厅,96,2816,国企车间技术主任,三口之家(学龄段),青岛中环品质两居，车位及空间极其拥挤,小区无地下车库且人车不分流，小孩在楼下玩耍或者推婴儿车极为不安全。,讲究超高得房率（超85%），主卧套房必须配备独立步入式衣帽间与干湿分离双卫。,在市中心核心写字楼工作，首选半小时核心通勤圈内。,倡导轻户外，周末常带家人自驾野营或山系徒步，注重生活情调与手作咖啡。,名下持有一套旧两居，置换回款 65% + 个人理财储蓄补充 + 公积金商业贷,重性价比，不盲信大牌，但要求物业管理有序、绿化修剪及时、人防技防规范。,本地常住人口，四季生活规律，度假频次为常规年假出行。
青_2008_01087,青岛,2008,山东省内异地,41,男,3.2,29.2,0.45,48.6,3,2,否,C,network,0.4,0.57,0.96,0.51,0.59,0.65,0.19,0.3,0.66,自住-首套,一室一厅,74,5507,市第二中学地理教师,二胎黄金期中大户型,与父母同住，三代人拥挤在旧区小户型老房中,小区无地下车库且人车不分流，小孩在楼下玩耍或者推婴儿车极为不安全。,要求有超大面宽南向双阳台（观景家政分离），主卧大飘窗能270度直面自然景观。,在市中心核心写字楼工作，首选半小时核心通勤圈内。,爱猫狗，喜欢烹饪和插花，主打经济舒适的生活小确幸。,夫妻双方积蓄 + 双方父母出资赞助首付 + 公积金商业组合贷款,重性价比，不盲信大牌，但要求物业管理有序、绿化修剪及时、人防技防规范。,本地常住人口，四季生活规律，度假频次为常规年假出行。
青_2008_01088,青岛,2008,本地改善,38,男,3.9,39.7,0.4,74.4,3,1,是,B,agent,0.83,0.66,0.67,0.48,0.58,1,0.59,0.63,0.33,自住-改善,两室一厅,61,6394,市第二中学地理教师,三口之家(学龄段),青岛中环品质两居，车位及空间极其拥挤,小区无地下车库且人车不分流，小孩在楼下玩耍或者推婴儿车极为不安全。,讲究超高得房率（超85%），主卧套房必须配备独立步入式衣帽间与干湿分离双卫。,在市中心核心写字楼工作，首选半小时核心通勤圈内。,倡导轻户外，周末常带家人自驾野营或山系徒步，注重生活情调与手作咖啡。,名下持有一套旧两居，置换回款 65% + 个人理财储蓄补充 + 公积金商业贷,重性价比，不盲信大牌，但要求物业管理有序、绿化修剪及时、人防技防规范。,本地常住人口，四季生活规律，度假频次为常规年假出行。
青_2008_01089,青岛,2008,本地改善,55,女,1.4,9.1,0.4,17.1,3,1,否,B,agent,0.77,0.53,0.75,0.57,0.42,0.8,0.48,0.66,0.49,自住-改善,两室两厅,61,1764,市第二中学地理教师,三口之家(学龄段),青岛中环品质两居，车位及空间极其拥挤,小区无地下车库且人车不分流，小孩在楼下玩耍或者推婴儿车极为不安全。,要求有超大面宽南向双阳台（观景家政分离），主卧大飘窗能270度直面自然景观。,在市中心核心写字楼工作，首选半小时核心通勤圈内。,倡导轻户外，周末常带家人自驾野营或山系徒步，注重生活情调与手作咖啡。,名下持有一套旧两居，置换回款 65% + 个人理财储蓄补充 + 公积金商业贷,重性价比，不盲信大牌，但要求物业管理有序、绿化修剪及时、人防技防规范。,本地常住人口，四季生活规律，度假频次为常规年假出行。
青_2008_01090,青岛,2008,本地改善,45,女,2.9,27.7,0.4,51.9,3,1,否,B,agent,0.85,0.56,0.78,0.62,0.5,0.92,0.72,0.65,0.54,自住-改善,两室一厅,80,3283,邮政局局长秘书,三口之家(学龄段),青岛中环品质两居，车位及空间极其拥挤,小区无地下车库且人车不分流，小孩在楼下玩耍或者推婴儿车极为不安全。,要求有超大面宽南向双阳台（观景家政分离），主卧大飘窗能270度直面自然景观。,在市中心核心写字楼工作，首选半小时核心通勤圈内。,倡导轻户外，周末常带家人自驾野营或山系徒步，注重生活情调与手作咖啡。,名下持有一套旧两居，置换回款 65% + 个人理财储蓄补充 + 公积金商业贷,重性价比，不盲信大牌，但要求物业管理有序、绿化修剪及时、人防技防规范。,本地常住人口，四季生活规律，度假频次为常规年假出行。
青_2008_01091,青岛,2008,本地改善,39,女,1.2,7.9,0.4,14.7,4,1,否,B,agent,0.63,0.41,0.7,0.61,0.52,0.89,0.61,0.67,0.59,自住-改善,两室两厅,74,1345,区财政局科员,三口之家(学龄段),青岛中环品质两居，车位及空间极其拥挤,小区无地下车库且人车不分流，小孩在楼下玩耍或者推婴儿车极为不安全。,讲究超高得房率（超85%），主卧套房必须配备独立步入式衣帽间与干湿分离双卫。,在市中心核心写字楼工作，首选半小时核心通勤圈内。,倡导轻户外，周末常带家人自驾野营或山系徒步，注重生活情调与手作咖啡。,名下持有一套旧两居，置换回款 65% + 个人理财储蓄补充 + 公积金商业贷,重性价比，不盲信大牌，但要求物业管理有序、绿化修剪及时、人防技防规范。,本地常住人口，四季生活规律，度假频次为常规年假出行。
青_2008_01092,青岛,2008,学区刚需,41,男,1.7,12.5,0.3,31.2,4,1,否,C,agent,1,0.51,0.4,0.36,0.23,0.61,0.5,0.86,0.43,学区房,两室一厅,96,2889,国企车间技术主任,三口之家(学龄段),与父母同住，三代人拥挤在旧区小户型老房中,小区无地下车库且人车不分流，小孩在楼下玩耍或者推婴儿车极为不安全。,核心要求地块属于第一梯队名校学区，且周边500米内解决幼小衔接教育配套。,在市中心核心写字楼工作，首选半小时核心通勤圈内。,爱猫狗，喜欢烹饪和插花，主打经济舒适的生活小确幸。,名下持有一套旧两居，置换回款 65% + 个人理财储蓄补充 + 公积金商业贷,重性价比，不盲信大牌，但要求物业管理有序、绿化修剪及时、人防技防规范。,本地常住人口，四季生活规律，度假频次为常规年假出行。
青_2008_01093,青岛,2008,山东省内异地,44,男,1.6,16.3,0.45,27.1,3,1,是,C,network,0.57,0.36,1,0.59,0.5,0.81,0.13,0.27,0.44,自住-首套,一室一厅,82,1877,市第二中学地理教师,三口之家(学龄段),与父母同住，三代人拥挤在旧区小户型老房中,小区无地下车库且人车不分流，小孩在楼下玩耍或者推婴儿车极为不安全。,要求有超大面宽南向双阳台（观景家政分离），主卧大飘窗能270度直面自然景观。,在市中心核心写字楼工作，首选半小时核心通勤圈内。,爱猫狗，喜欢烹饪和插花，主打经济舒适的生活小确幸。,夫妻双方积蓄 + 双方父母出资赞助首付 + 公积金商业组合贷款,重性价比，不盲信大牌，但要求物业管理有序、绿化修剪及时、人防技防规范。,本地常住人口，四季生活规律，度假频次为常规年假出行。
青_2008_01094,青岛,2008,本地改善,37,男,1.2,12.2,0.4,23.0,3,1,否,B,agent,0.51,0.53,0.68,0.59,0.42,0.97,0.59,0.68,0.41,自住-改善,两室一厅,78,1822,国企车间技术主任,三口之家(幼龄段),青岛中环品质两居，车位及空间极其拥挤,小区无地下车库且人车不分流，小孩在楼下玩耍或者推婴儿车极为不安全。,讲究超高得房率（超85%），主卧套房必须配备独立步入式衣帽间与干湿分离双卫。,在市中心核心写字楼工作，首选半小时核心通勤圈内。,倡导轻户外，周末常带家人自驾野营或山系徒步，注重生活情调与手作咖啡。,名下持有一套旧两居，置换回款 65% + 个人理财储蓄补充 + 公积金商业贷,重性价比，不盲信大牌，但要求物业管理有序、绿化修剪及时、人防技防规范。,本地常住人口，四季生活规律，度假频次为常规年假出行。
青_2008_01095,青岛,2008,本地改善,51,女,2.5,23.9,0.4,44.7,4,0,否,B,agent,0.93,0.63,0.69,0.46,0.38,0.84,0.47,0.57,0.53,自住-改善,一室一厅,71,4772,区财政局科员,成熟期核心家庭,青岛中环品质两居，车位及空间极其拥挤,老小区隔音差，邻里滋扰严重，且车位严重匮乏，每晚加班回来抢车位像打仗。,讲究超高得房率（超85%），主卧套房必须配备独立步入式衣帽间与干湿分离双卫。,在市中心核心写字楼工作，首选半小时核心通勤圈内。,倡导轻户外，周末常带家人自驾野营或山系徒步，注重生活情调与手作咖啡。,名下持有一套旧两居，置换回款 65% + 个人理财储蓄补充 + 公积金商业贷,重性价比，不盲信大牌，但要求物业管理有序、绿化修剪及时、人防技防规范。,本地常住人口，四季生活规律，度假频次为常规年假出行。
青_2008_01096,青岛,2008,山东省内异地,46,女,2.0,17.3,0.45,28.8,4,0,是,C,network,0.6,0.54,0.93,0.37,0.5,0.65,0.06,0.38,0.51,自住-改善,两室两厅,63,3720,区财政局科员,成熟期核心家庭,与父母同住，三代人拥挤在旧区小户型老房中,当前房屋属于旧多层无电梯房，父母年纪渐高每天爬楼梯极为吃力。,要求有超大面宽南向双阳台（观景家政分离），主卧大飘窗能270度直面自然景观。,在市中心核心写字楼工作，首选半小时核心通勤圈内。,爱猫狗，喜欢烹饪和插花，主打经济舒适的生活小确幸。,名下持有一套旧两居，置换回款 65% + 个人理财储蓄补充 + 公积金商业贷,重性价比，不盲信大牌，但要求物业管理有序、绿化修剪及时、人防技防规范。,本地常住人口，四季生活规律，度假频次为常规年假出行。
青_2008_01097,青岛,2008,山东省内异地,42,女,3.5,32.6,0.45,54.4,2,0,是,C,network,0.54,0.53,0.85,0.62,0.59,0.67,0,0.42,0.66,自住-首套,两室两厅,97,2806,国企车间技术主任,成熟期核心家庭,与父母同住，三代人拥挤在旧区小户型老房中,当前房屋属于旧多层无电梯房，父母年纪渐高每天爬楼梯极为吃力。,要求有超大面宽南向双阳台（观景家政分离），主卧大飘窗能270度直面自然景观。,在市中心核心写字楼工作，首选半小时核心通勤圈内。,爱猫狗，喜欢烹饪和插花，主打经济舒适的生活小确幸。,夫妻双方积蓄 + 双方父母出资赞助首付 + 公积金商业组合贷款,重性价比，不盲信大牌，但要求物业管理有序、绿化修剪及时、人防技防规范。,本地常住人口，四季生活规律，度假频次为常规年假出行。
青_2008_01098,青岛,2008,本地改善,38,男,2.3,18.3,0.4,34.3,4,1,是,B,agent,0.72,0.62,0.88,0.52,0.48,0.82,0.6,0.73,0.49,自住-改善,两室两厅,99,2365,国企车间技术主任,三口之家(学龄段),青岛中环品质两居，车位及空间极其拥挤,小区无地下车库且人车不分流，小孩在楼下玩耍或者推婴儿车极为不安全。,要求有超大面宽南向双阳台（观景家政分离），主卧大飘窗能270度直面自然景观。,在市中心核心写字楼工作，首选半小时核心通勤圈内。,倡导轻户外，周末常带家人自驾野营或山系徒步，注重生活情调与手作咖啡。,名下持有一套旧两居，置换回款 65% + 个人理财储蓄补充 + 公积金商业贷,重性价比，不盲信大牌，但要求物业管理有序、绿化修剪及时、人防技防规范。,本地常住人口，四季生活规律，度假频次为常规年假出行。
青_2008_01099,青岛,2008,本地改善,38,女,2.2,15.6,0.4,29.3,4,0,否,B,agent,0.67,0.58,0.73,0.41,0.61,0.84,0.56,0.65,0.56,自住-改善,两室两厅,66,3640,国企车间技术主任,成熟期核心家庭,青岛中环品质两居，车位及空间极其拥挤,老小区隔音差，邻里滋扰严重，且车位严重匮乏，每晚加班回来抢车位像打仗。,要求有超大面宽南向双阳台（观景家政分离），主卧大飘窗能270度直面自然景观。,在市中心核心写字楼工作，首选半小时核心通勤圈内。,倡导轻户外，周末常带家人自驾野营或山系徒步，注重生活情调与手作咖啡。,名下持有一套旧两居，置换回款 65% + 个人理财储蓄补充 + 公积金商业贷,重性价比，不盲信大牌，但要求物业管理有序、绿化修剪及时、人防技防规范。,本地常住人口，四季生活规律，度假频次为常规年假出行。
青_2008_01100,青岛,2008,山东省内异地,43,女,0.9,5.9,0.45,9.9,4,0,否,C,network,0.66,0.44,0.83,0.45,0.54,0.65,0,0.26,0.5,自住-改善,一室一厅,95,731,区财政局科员,成熟期核心家庭,与父母同住，三代人拥挤在旧区小户型老房中,老小区隔音差，邻里滋扰严重，且车位严重匮乏，每晚加班回来抢车位像打仗。,要求有超大面宽南向双阳台（观景家政分离），主卧大飘窗能270度直面自然景观。,在市中心核心写字楼工作，首选半小时核心通勤圈内。,爱猫狗，喜欢烹饪和插花，主打经济舒适的生活小确幸。,名下持有一套旧两居，置换回款 65% + 个人理财储蓄补充 + 公积金商业贷,重性价比，不盲信大牌，但要求物业管理有序、绿化修剪及时、人防技防规范。,本地常住人口，四季生活规律，度假频次为常规年假出行。
青_2008_01101,青岛,2008,山东省内异地,54,女,2.2,21.2,0.45,35.4,3,2,是,C,network,0.77,0.66,0.83,0.64,0.41,0.62,0,0.36,0.61,自住-首套,一室一厅,62,3745,市第二中学地理教师,二胎黄金期中大户型,与父母同住，三代人拥挤在旧区小户型老房中,小区无地下车库且人车不分流，小孩在楼下玩耍或者推婴儿车极为不安全。,要求有超大面宽南向双阳台（观景家政分离），主卧大飘窗能270度直面自然景观。,在市中心核心写字楼工作，首选半小时核心通勤圈内。,爱猫狗，喜欢烹饪和插花，主打经济舒适的生活小确幸。,夫妻双方积蓄 + 双方父母出资赞助首付 + 公积金商业组合贷款,重性价比，不盲信大牌，但要求物业管理有序、绿化修剪及时、人防技防规范。,本地常住人口，四季生活规律，度假频次为常规年假出行。
青_2008_01102,青岛,2008,本地改善,46,男,1.0,8.1,0.4,15.1,4,1,是,B,agent,0.85,0.5,0.65,0.55,0.66,0.77,0.66,0.73,0.54,自住-改善,两室两厅,95,802,国企车间技术主任,三口之家(学龄段),青岛中环品质两居，车位及空间极其拥挤,小区无地下车库且人车不分流，小孩在楼下玩耍或者推婴儿车极为不安全。,讲究超高得房率（超85%），主卧套房必须配备独立步入式衣帽间与干湿分离双卫。,在市中心核心写字楼工作，首选半小时核心通勤圈内。,倡导轻户外，周末常带家人自驾野营或山系徒步，注重生活情调与手作咖啡。,名下持有一套旧两居，置换回款 65% + 个人理财储蓄补充 + 公积金商业贷,重性价比，不盲信大牌，但要求物业管理有序、绿化修剪及时、人防技防规范。,本地常住人口，四季生活规律，度假频次为常规年假出行。
青_2008_01103,青岛,2008,本地改善,48,女,1.1,6.6,0.4,12.3,4,1,否,B,agent,0.93,0.47,0.85,0.43,0.32,0.64,0.62,0.66,0.47,自住-改善,一室一厅,93,1012,区财政局科员,三口之家(学龄段),青岛中环品质两居，车位及空间极其拥挤,小区无地下车库且人车不分流，小孩在楼下玩耍或者推婴儿车极为不安全。,要求有超大面宽南向双阳台（观景家政分离），主卧大飘窗能270度直面自然景观。,在市中心核心写字楼工作，首选半小时核心通勤圈内。,倡导轻户外，周末常带家人自驾野营或山系徒步，注重生活情调与手作咖啡。,名下持有一套旧两居，置换回款 65% + 个人理财储蓄补充 + 公积金商业贷,重性价比，不盲信大牌，但要求物业管理有序、绿化修剪及时、人防技防规范。,本地常住人口，四季生活规律，度假频次为常规年假出行。
青_2008_01104,青岛,2008,学区刚需,34,男,1.7,12.5,0.3,31.2,3,1,否,C,agent,1,0.59,0.37,0.25,0.38,0.76,0.68,0.99,0.42,学区房,两室两厅,94,2522,邮政局局长秘书,三口之家(幼龄段),与父母同住，三代人拥挤在旧区小户型老房中,小区无地下车库且人车不分流，小孩在楼下玩耍或者推婴儿车极为不安全。,讲究超高得房率（超85%），主卧套房必须配备独立步入式衣帽间与干湿分离双卫。,在市中心核心写字楼工作，首选半小时核心通勤圈内。,爱猫狗，喜欢烹饪和插花，主打经济舒适的生活小确幸。,名下持有一套旧两居，置换回款 65% + 个人理财储蓄补充 + 公积金商业贷,重性价比，不盲信大牌，但要求物业管理有序、绿化修剪及时、人防技防规范。,本地常住人口，四季生活规律，度假频次为常规年假出行。
青_2008_01105,青岛,2008,本地改善,47,男,1.1,8.4,0.4,15.7,3,1,是,B,agent,0.78,0.69,0.72,0.55,0.55,0.82,0.7,0.56,0.54,自住-改善,两室两厅,100,878,市第二中学地理教师,三口之家(学龄段),青岛中环品质两居，车位及空间极其拥挤,小区无地下车库且人车不分流，小孩在楼下玩耍或者推婴儿车极为不安全。,要求有超大面宽南向双阳台（观景家政分离），主卧大飘窗能270度直面自然景观。,在市中心核心写字楼工作，首选半小时核心通勤圈内。,倡导轻户外，周末常带家人自驾野营或山系徒步，注重生活情调与手作咖啡。,名下持有一套旧两居，置换回款 65% + 个人理财储蓄补充 + 公积金商业贷,重性价比，不盲信大牌，但要求物业管理有序、绿化修剪及时、人防技防规范。,本地常住人口，四季生活规律，度假频次为常规年假出行。
青_2008_01106,青岛,2008,山东省内异地,44,女,4.0,35.6,0.45,59.3,3,2,否,C,network,1,0.62,0.81,0.42,0.52,0.63,0,0.33,0.53,自住-首套,一室一厅,69,6125,国企车间技术主任,二胎黄金期中大户型,与父母同住，三代人拥挤在旧区小户型老房中,小区无地下车库且人车不分流，小孩在楼下玩耍或者推婴儿车极为不安全。,要求有超大面宽南向双阳台（观景家政分离），主卧大飘窗能270度直面自然景观。,在市中心核心写字楼工作，首选半小时核心通勤圈内。,爱猫狗，喜欢烹饪和插花，主打经济舒适的生活小确幸。,夫妻双方积蓄 + 双方父母出资赞助首付 + 公积金商业组合贷款,重性价比，不盲信大牌，但要求物业管理有序、绿化修剪及时、人防技防规范。,本地常住人口，四季生活规律，度假频次为常规年假出行。
青_2008_01107,青岛,2008,学区刚需,30,男,1.3,6.4,0.3,16.0,3,0,是,C,agent,1,0.51,0.42,0.26,0.34,0.83,0.53,0.99,0.45,学区房,两室两厅,61,1680,国企车间技术主任,新婚过渡两居,与父母同住，三代人拥挤在旧区小户型老房中,当前房屋属于旧多层无电梯房，父母年纪渐高每天爬楼梯极为吃力。,讲究超高得房率（超85%），主卧套房必须配备独立步入式衣帽间与干湿分离双卫。,在市中心核心写字楼工作，首选半小时核心通勤圈内。,爱猫狗，喜欢烹饪和插花，主打经济舒适的生活小确幸。,名下持有一套旧两居，置换回款 65% + 个人理财储蓄补充 + 公积金商业贷,重性价比，不盲信大牌，但要求物业管理有序、绿化修剪及时、人防技防规范。,本地常住人口，四季生活规律，度假频次为常规年假出行。
青_2008_01108,青岛,2008,学区刚需,33,女,1.8,8.1,0.3,20.4,3,1,是,C,agent,0.83,0.51,0.54,0.09,0.49,0.83,0.64,0.96,0.36,学区房,两室一厅,57,2802,国企车间技术主任,三口之家(幼龄段),与父母同住，三代人拥挤在旧区小户型老房中,小区无地下车库且人车不分流，小孩在楼下玩耍或者推婴儿车极为不安全。,讲究超高得房率（超85%），主卧套房必须配备独立步入式衣帽间与干湿分离双卫。,在市中心核心写字楼工作，首选半小时核心通勤圈内。,爱猫狗，喜欢烹饪和插花，主打经济舒适的生活小确幸。,名下持有一套旧两居，置换回款 65% + 个人理财储蓄补充 + 公积金商业贷,重性价比，不盲信大牌，但要求物业管理有序、绿化修剪及时、人防技防规范。,本地常住人口，四季生活规律，度假频次为常规年假出行。
青_2008_01109,青岛,2008,北方度假投资,57,男,3.7,38.4,0.5,57.7,2,0,否,B,research,1,0.57,0.83,0.63,0.44,0.67,0,0,0.66,投资-短期,两室一厅,65,7687,上市公司退休联合创始人,高知退休康养,青岛中环品质两居，车位及空间极其拥挤,老小区隔音差，邻里滋扰严重，且车位严重匮乏，每晚加班回来抢车位像打仗。,要求有超大面宽南向双阳台（观景家政分离），主卧大飘窗能270度直面自然景观。,在市中心核心写字楼工作，首选半小时核心通勤圈内。,倡导轻户外，周末常带家人自驾野营或山系徒步，注重生活情调与手作咖啡。,名下持有一套旧两居，置换回款 65% + 个人理财储蓄补充 + 公积金商业贷,重性价比，不盲信大牌，但要求物业管理有序、绿化修剪及时、人防技防规范。,每年11月至次年3月到此度过漫长冬季，极其依赖周边的康养及适老化服务。
青_2008_01110,青岛,2008,本地改善,36,女,2.0,16.9,0.4,31.7,4,1,否,B,agent,0.77,0.43,0.75,0.49,0.49,0.81,0.69,0.74,0.56,自住-改善,两室一厅,88,1922,区财政局科员,三口之家(幼龄段),青岛中环品质两居，车位及空间极其拥挤,小区无地下车库且人车不分流，小孩在楼下玩耍或者推婴儿车极为不安全。,要求有超大面宽南向双阳台（观景家政分离），主卧大飘窗能270度直面自然景观。,在市中心核心写字楼工作，首选半小时核心通勤圈内。,倡导轻户外，周末常带家人自驾野营或山系徒步，注重生活情调与手作咖啡。,名下持有一套旧两居，置换回款 65% + 个人理财储蓄补充 + 公积金商业贷,重性价比，不盲信大牌，但要求物业管理有序、绿化修剪及时、人防技防规范。,本地常住人口，四季生活规律，度假频次为常规年假出行。
青_2008_01111,青岛,2008,本地改善,54,女,1.7,16.1,0.4,30.1,4,2,否,B,agent,0.76,0.53,0.72,0.48,0.36,0.88,0.65,0.86,0.66,自住-改善,两室两厅,61,4028,邮政局局长秘书,二胎黄金期中大户型,青岛中环品质两居，车位及空间极其拥挤,小区无地下车库且人车不分流，小孩在楼下玩耍或者推婴儿车极为不安全。,要求有超大面宽南向双阳台（观景家政分离），主卧大飘窗能270度直面自然景观。,在市中心核心写字楼工作，首选半小时核心通勤圈内。,倡导轻户外，周末常带家人自驾野营或山系徒步，注重生活情调与手作咖啡。,名下持有一套旧两居，置换回款 65% + 个人理财储蓄补充 + 公积金商业贷,重性价比，不盲信大牌，但要求物业管理有序、绿化修剪及时、人防技防规范。,本地常住人口，四季生活规律，度假频次为常规年假出行。
青_2008_01112,青岛,2008,山东省内异地,55,男,1.3,8.6,0.45,14.3,3,2,否,C,network,0.79,0.58,0.9,0.49,0.65,0.69,0,0.31,0.46,自住-改善,两室一厅,78,1596,邮政局局长秘书,二胎黄金期中大户型,与父母同住，三代人拥挤在旧区小户型老房中,小区无地下车库且人车不分流，小孩在楼下玩耍或者推婴儿车极为不安全。,要求有超大面宽南向双阳台（观景家政分离），主卧大飘窗能270度直面自然景观。,在市中心核心写字楼工作，首选半小时核心通勤圈内。,爱猫狗，喜欢烹饪和插花，主打经济舒适的生活小确幸。,名下持有一套旧两居，置换回款 65% + 个人理财储蓄补充 + 公积金商业贷,重性价比，不盲信大牌，但要求物业管理有序、绿化修剪及时、人防技防规范。,本地常住人口，四季生活规律，度假频次为常规年假出行。
青_2008_01113,青岛,2008,山东省内异地,46,女,4.0,39.5,0.45,65.8,3,1,否,C,network,0.85,0.45,0.78,0.58,0.43,0.54,0.08,0.4,0.51,自住-改善,两室一厅,68,8562,市第二中学地理教师,三口之家(学龄段),与父母同住，三代人拥挤在旧区小户型老房中,小区无地下车库且人车不分流，小孩在楼下玩耍或者推婴儿车极为不安全。,要求有超大面宽南向双阳台（观景家政分离），主卧大飘窗能270度直面自然景观。,在市中心核心写字楼工作，首选半小时核心通勤圈内。,爱猫狗，喜欢烹饪和插花，主打经济舒适的生活小确幸。,名下持有一套旧两居，置换回款 65% + 个人理财储蓄补充 + 公积金商业贷,重性价比，不盲信大牌，但要求物业管理有序、绿化修剪及时、人防技防规范。,本地常住人口，四季生活规律，度假频次为常规年假出行。
青_2008_01114,青岛,2008,本地改善,55,女,1.5,12.9,0.4,24.3,5,1,否,B,agent,0.77,0.36,0.84,0.45,0.66,0.68,0.57,0.71,0.6,自住-改善,一室一厅,59,2467,市第二中学地理教师,三口之家(学龄段),青岛中环品质两居，车位及空间极其拥挤,小区无地下车库且人车不分流，小孩在楼下玩耍或者推婴儿车极为不安全。,要求有超大面宽南向双阳台（观景家政分离），主卧大飘窗能270度直面自然景观。,在市中心核心写字楼工作，首选半小时核心通勤圈内。,倡导轻户外，周末常带家人自驾野营或山系徒步，注重生活情调与手作咖啡。,名下持有一套旧两居，置换回款 65% + 个人理财储蓄补充 + 公积金商业贷,重性价比，不盲信大牌，但要求物业管理有序、绿化修剪及时、人防技防规范。,本地常住人口，四季生活规律，度假频次为常规年假出行。
青_2008_01115,青岛,2008,山东省内异地,53,女,1.3,7.5,0.45,12.5,3,1,否,C,network,0.63,0.57,0.9,0.38,0.59,0.71,0,0.69,0.56,自住-首套,两室两厅,59,1314,区财政局科员,三口之家(学龄段),与父母同住，三代人拥挤在旧区小户型老房中,小区无地下车库且人车不分流，小孩在楼下玩耍或者推婴儿车极为不安全。,要求有超大面宽南向双阳台（观景家政分离），主卧大飘窗能270度直面自然景观。,在市中心核心写字楼工作，首选半小时核心通勤圈内。,爱猫狗，喜欢烹饪和插花，主打经济舒适的生活小确幸。,夫妻双方积蓄 + 双方父母出资赞助首付 + 公积金商业组合贷款,重性价比，不盲信大牌，但要求物业管理有序、绿化修剪及时、人防技防规范。,本地常住人口，四季生活规律，度假频次为常规年假出行。
青_2008_01116,青岛,2008,本地改善,47,男,1.2,9.9,0.4,18.6,4,1,否,B,agent,0.57,0.6,0.71,0.52,0.41,0.89,0.53,0.71,0.59,自住-改善,两室两厅,76,1345,邮政局局长秘书,三口之家(学龄段),青岛中环品质两居，车位及空间极其拥挤,小区无地下车库且人车不分流，小孩在楼下玩耍或者推婴儿车极为不安全。,要求有超大面宽南向双阳台（观景家政分离），主卧大飘窗能270度直面自然景观。,在市中心核心写字楼工作，首选半小时核心通勤圈内。,倡导轻户外，周末常带家人自驾野营或山系徒步，注重生活情调与手作咖啡。,名下持有一套旧两居，置换回款 65% + 个人理财储蓄补充 + 公积金商业贷,重性价比，不盲信大牌，但要求物业管理有序、绿化修剪及时、人防技防规范。,本地常住人口，四季生活规律，度假频次为常规年假出行。
青_2008_01117,青岛,2008,本地改善,42,女,1.1,11.0,0.4,20.6,4,1,否,B,agent,0.55,0.49,0.81,0.63,0.36,0.81,0.55,0.64,0.39,自住-改善,一室一厅,94,1681,区财政局科员,三口之家(学龄段),青岛中环品质两居，车位及空间极其拥挤,小区无地下车库且人车不分流，小孩在楼下玩耍或者推婴儿车极为不安全。,要求有超大面宽南向双阳台（观景家政分离），主卧大飘窗能270度直面自然景观。,在市中心核心写字楼工作，首选半小时核心通勤圈内。,倡导轻户外，周末常带家人自驾野营或山系徒步，注重生活情调与手作咖啡。,名下持有一套旧两居，置换回款 65% + 个人理财储蓄补充 + 公积金商业贷,重性价比，不盲信大牌，但要求物业管理有序、绿化修剪及时、人防技防规范。,本地常住人口，四季生活规律，度假频次为常规年假出行。
青_2008_01118,青岛,2008,山东省内异地,56,男,3.2,24.9,0.45,41.4,3,1,是,C,network,0.77,0.52,0.95,0.7,0.46,0.66,0,0.49,0.62,自住-改善,一室一厅,72,2907,国企车间技术主任,三口之家(学龄段),与父母同住，三代人拥挤在旧区小户型老房中,小区无地下车库且人车不分流，小孩在楼下玩耍或者推婴儿车极为不安全。,要求独立电梯入户，主次卧动线分明，配备独立保姆房和私密后院。,在市中心核心写字楼工作，首选半小时核心通勤圈内。,爱猫狗，喜欢烹饪和插花，主打经济舒适的生活小确幸。,名下持有一套旧两居，置换回款 65% + 个人理财储蓄补充 + 公积金商业贷,重性价比，不盲信大牌，但要求物业管理有序、绿化修剪及时、人防技防规范。,本地常住人口，四季生活规律，度假频次为常规年假出行。
青_2008_01119,青岛,2008,本地改善,43,女,2.6,22.7,0.4,42.6,4,0,否,B,agent,0.9,0.52,0.88,0.48,0.5,0.76,0.72,0.53,0.65,自住-改善,两室一厅,55,5344,国企车间技术主任,成熟期核心家庭,青岛中环品质两居，车位及空间极其拥挤,老小区隔音差，邻里滋扰严重，且车位严重匮乏，每晚加班回来抢车位像打仗。,要求有超大面宽南向双阳台（观景家政分离），主卧大飘窗能270度直面自然景观。,在市中心核心写字楼工作，首选半小时核心通勤圈内。,倡导轻户外，周末常带家人自驾野营或山系徒步，注重生活情调与手作咖啡。,名下持有一套旧两居，置换回款 65% + 个人理财储蓄补充 + 公积金商业贷,重性价比，不盲信大牌，但要求物业管理有序、绿化修剪及时、人防技防规范。,本地常住人口，四季生活规律，度假频次为常规年假出行。
青_2008_01120,青岛,2008,本地改善,41,男,2.7,24.4,0.4,45.8,4,1,是,B,agent,0.94,0.52,0.63,0.48,0.53,0.88,0.6,0.54,0.54,自住-改善,两室一厅,63,5982,区财政局科员,三口之家(学龄段),青岛中环品质两居，车位及空间极其拥挤,小区无地下车库且人车不分流，小孩在楼下玩耍或者推婴儿车极为不安全。,讲究超高得房率（超85%），主卧套房必须配备独立步入式衣帽间与干湿分离双卫。,在市中心核心写字楼工作，首选半小时核心通勤圈内。,倡导轻户外，周末常带家人自驾野营或山系徒步，注重生活情调与手作咖啡。,名下持有一套旧两居，置换回款 65% + 个人理财储蓄补充 + 公积金商业贷,重性价比，不盲信大牌，但要求物业管理有序、绿化修剪及时、人防技防规范。,本地常住人口，四季生活规律，度假频次为常规年假出行。
青_2008_01121,青岛,2008,北方度假投资,47,男,6.5,76.1,0.5,114.2,2,0,否,B,research,0.82,0.4,0.84,0.53,0.46,0.56,0.19,0.03,0.55,投资-长持,一室一厅,78,9533,高端海景资产收藏家,成熟期核心家庭,青岛中环品质两居，车位及空间极其拥挤,老小区隔音差，邻里滋扰严重，且车位严重匮乏，每晚加班回来抢车位像打仗。,要求有超大面宽南向双阳台（观景家政分离），主卧大飘窗能270度直面自然景观。,在市中心核心写字楼工作，首选半小时核心通勤圈内。,倡导轻户外，周末常带家人自驾野营或山系徒步，注重生活情调与手作咖啡。,名下持有一套旧两居，置换回款 65% + 个人理财储蓄补充 + 公积金商业贷,重性价比，不盲信大牌，但要求物业管理有序、绿化修剪及时、人防技防规范。,每年11月至次年3月到此度过漫长冬季，极其依赖周边的康养及适老化服务。
青_2008_01122,青岛,2008,学区刚需,41,女,2.0,11.9,0.3,29.7,3,1,否,C,agent,0.99,0.43,0.29,0.35,0.53,0.79,0.51,1,0.4,学区房,两室两厅,94,2096,邮政局局长秘书,三口之家(学龄段),与父母同住，三代人拥挤在旧区小户型老房中,小区无地下车库且人车不分流，小孩在楼下玩耍或者推婴儿车极为不安全。,讲究超高得房率（超85%），主卧套房必须配备独立步入式衣帽间与干湿分离双卫。,在市中心核心写字楼工作，首选半小时核心通勤圈内。,爱猫狗，喜欢烹饪和插花，主打经济舒适的生活小确幸。,名下持有一套旧两居，置换回款 65% + 个人理财储蓄补充 + 公积金商业贷,重性价比，不盲信大牌，但要求物业管理有序、绿化修剪及时、人防技防规范。,本地常住人口，四季生活规律，度假频次为常规年假出行。
青_2008_01123,青岛,2008,本地改善,55,男,0.9,6.6,0.4,12.3,3,1,否,B,agent,0.98,0.55,0.82,0.36,0.58,0.89,0.62,0.69,0.53,自住-改善,一室一厅,83,849,国企车间技术主任,三口之家(学龄段),青岛中环品质两居，车位及空间极其拥挤,小区无地下车库且人车不分流，小孩在楼下玩耍或者推婴儿车极为不安全。,要求有超大面宽南向双阳台（观景家政分离），主卧大飘窗能270度直面自然景观。,在市中心核心写字楼工作，首选半小时核心通勤圈内。,倡导轻户外，周末常带家人自驾野营或山系徒步，注重生活情调与手作咖啡。,名下持有一套旧两居，置换回款 65% + 个人理财储蓄补充 + 公积金商业贷,重性价比，不盲信大牌，但要求物业管理有序、绿化修剪及时、人防技防规范。,本地常住人口，四季生活规律，度假频次为常规年假出行。
青_2008_01124,青岛,2008,北方度假投资,45,男,5.2,66.6,0.5,99.9,3,0,否,B,research,0.57,0.48,0.93,0.66,0.36,0.54,0,0.08,0.76,度假,两室两厅,62,9689,高端海景资产收藏家,成熟期核心家庭,青岛中环品质两居，车位及空间极其拥挤,老小区隔音差，邻里滋扰严重，且车位严重匮乏，每晚加班回来抢车位像打仗。,要求有超大面宽南向双阳台（观景家政分离），主卧大飘窗能270度直面自然景观。,在市中心核心写字楼工作，首选半小时核心通勤圈内。,倡导轻户外，周末常带家人自驾野营或山系徒步，注重生活情调与手作咖啡。,名下持有一套旧两居，置换回款 65% + 个人理财储蓄补充 + 公积金商业贷,非仁恒、绿城、万科等金牌开发商不买，极度看重高端精装质量与顶级物业的增值口碑。,每年11月至次年3月到此度过漫长冬季，极其依赖周边的康养及适老化服务。
青_2008_01125,青岛,2008,本地改善,48,女,1.9,16.3,0.4,30.5,3,2,否,B,agent,0.77,0.4,0.61,0.45,0.43,0.83,0.63,0.7,0.38,自住-改善,两室两厅,72,3023,区财政局科员,二胎黄金期中大户型,青岛中环品质两居，车位及空间极其拥挤,小区无地下车库且人车不分流，小孩在楼下玩耍或者推婴儿车极为不安全。,讲究超高得房率（超85%），主卧套房必须配备独立步入式衣帽间与干湿分离双卫。,在市中心核心写字楼工作，首选半小时核心通勤圈内。,倡导轻户外，周末常带家人自驾野营或山系徒步，注重生活情调与手作咖啡。,名下持有一套旧两居，置换回款 65% + 个人理财储蓄补充 + 公积金商业贷,重性价比，不盲信大牌，但要求物业管理有序、绿化修剪及时、人防技防规范。,本地常住人口，四季生活规律，度假频次为常规年假出行。
青_2008_01126,青岛,2008,本地改善,53,男,1.9,13.5,0.4,25.3,5,1,否,B,agent,0.69,0.68,0.8,0.47,0.57,0.92,0.59,0.64,0.46,自住-改善,两室两厅,100,1459,区财政局科员,三口之家(学龄段),青岛中环品质两居，车位及空间极其拥挤,小区无地下车库且人车不分流，小孩在楼下玩耍或者推婴儿车极为不安全。,要求有超大面宽南向双阳台（观景家政分离），主卧大飘窗能270度直面自然景观。,在市中心核心写字楼工作，首选半小时核心通勤圈内。,倡导轻户外，周末常带家人自驾野营或山系徒步，注重生活情调与手作咖啡。,名下持有一套旧两居，置换回款 65% + 个人理财储蓄补充 + 公积金商业贷,重性价比，不盲信大牌，但要求物业管理有序、绿化修剪及时、人防技防规范。,本地常住人口，四季生活规律，度假频次为常规年假出行。
青_2008_01127,青岛,2008,本地改善,46,女,1.9,13.3,0.4,24.9,5,1,否,B,agent,0.58,0.39,0.77,0.61,0.49,0.71,0.66,0.8,0.51,自住-改善,两室两厅,95,1508,国企车间技术主任,三口之家(学龄段),青岛中环品质两居，车位及空间极其拥挤,小区无地下车库且人车不分流，小孩在楼下玩耍或者推婴儿车极为不安全。,要求有超大面宽南向双阳台（观景家政分离），主卧大飘窗能270度直面自然景观。,在市中心核心写字楼工作，首选半小时核心通勤圈内。,倡导轻户外，周末常带家人自驾野营或山系徒步，注重生活情调与手作咖啡。,名下持有一套旧两居，置换回款 65% + 个人理财储蓄补充 + 公积金商业贷,重性价比，不盲信大牌，但要求物业管理有序、绿化修剪及时、人防技防规范。,本地常住人口，四季生活规律，度假频次为常规年假出行。
青_2008_01128,青岛,2008,本地改善,54,男,2.2,21.0,0.4,39.4,4,1,否,B,agent,0.67,0.54,0.78,0.46,0.58,0.74,0.73,0.7,0.55,自住-改善,两室一厅,78,3030,邮政局局长秘书,三口之家(学龄段),青岛中环品质两居，车位及空间极其拥挤,小区无地下车库且人车不分流，小孩在楼下玩耍或者推婴儿车极为不安全。,要求有超大面宽南向双阳台（观景家政分离），主卧大飘窗能270度直面自然景观。,在市中心核心写字楼工作，首选半小时核心通勤圈内。,倡导轻户外，周末常带家人自驾野营或山系徒步，注重生活情调与手作咖啡。,名下持有一套旧两居，置换回款 65% + 个人理财储蓄补充 + 公积金商业贷,重性价比，不盲信大牌，但要求物业管理有序、绿化修剪及时、人防技防规范。,本地常住人口，四季生活规律，度假频次为常规年假出行。
青_2008_01129,青岛,2008,本地改善,51,男,2.4,15.3,0.4,28.7,4,2,否,B,agent,0.79,0.59,0.68,0.46,0.47,0.79,0.57,0.7,0.41,自住-改善,两室两厅,78,2295,国企车间技术主任,二胎黄金期中大户型,青岛中环品质两居，车位及空间极其拥挤,小区无地下车库且人车不分流，小孩在楼下玩耍或者推婴儿车极为不安全。,讲究超高得房率（超85%），主卧套房必须配备独立步入式衣帽间与干湿分离双卫。,在市中心核心写字楼工作，首选半小时核心通勤圈内。,倡导轻户外，周末常带家人自驾野营或山系徒步，注重生活情调与手作咖啡。,名下持有一套旧两居，置换回款 65% + 个人理财储蓄补充 + 公积金商业贷,重性价比，不盲信大牌，但要求物业管理有序、绿化修剪及时、人防技防规范。,本地常住人口，四季生活规律，度假频次为常规年假出行。
青_2008_01130,青岛,2008,学区刚需,44,男,2.0,11.0,0.3,27.5,3,1,是,C,agent,1.0,0.39,0.45,0.37,0.52,0.67,0.49,1,0.38,学区房,两室两厅,93,1949,市第二中学地理教师,三口之家(学龄段),与父母同住，三代人拥挤在旧区小户型老房中,小区无地下车库且人车不分流，小孩在楼下玩耍或者推婴儿车极为不安全。,核心要求地块属于第一梯队名校学区，且周边500米内解决幼小衔接教育配套。,在市中心核心写字楼工作，首选半小时核心通勤圈内。,爱猫狗，喜欢烹饪和插花，主打经济舒适的生活小确幸。,名下持有一套旧两居，置换回款 65% + 个人理财储蓄补充 + 公积金商业贷,重性价比，不盲信大牌，但要求物业管理有序、绿化修剪及时、人防技防规范。,本地常住人口，四季生活规律，度假频次为常规年假出行。
青_2008_01131,青岛,2008,本地改善,55,男,2.4,22.1,0.4,41.4,3,2,否,B,agent,0.78,0.64,0.64,0.4,0.54,0.92,0.68,0.67,0.51,自住-改善,两室两厅,76,2813,邮政局局长秘书,二胎黄金期中大户型,青岛中环品质两居，车位及空间极其拥挤,小区无地下车库且人车不分流，小孩在楼下玩耍或者推婴儿车极为不安全。,讲究超高得房率（超85%），主卧套房必须配备独立步入式衣帽间与干湿分离双卫。,在市中心核心写字楼工作，首选半小时核心通勤圈内。,倡导轻户外，周末常带家人自驾野营或山系徒步，注重生活情调与手作咖啡。,名下持有一套旧两居，置换回款 65% + 个人理财储蓄补充 + 公积金商业贷,重性价比，不盲信大牌，但要求物业管理有序、绿化修剪及时、人防技防规范。,本地常住人口，四季生活规律，度假频次为常规年假出行。
青_2008_01132,青岛,2008,本地改善,52,女,3.3,20.5,0.4,38.4,3,0,否,B,agent,0.89,0.49,0.73,0.51,0.53,0.84,0.59,0.63,0.47,自住-改善,一室一厅,54,5023,邮政局局长秘书,成熟期核心家庭,青岛中环品质两居，车位及空间极其拥挤,老小区隔音差，邻里滋扰严重，且车位严重匮乏，每晚加班回来抢车位像打仗。,要求有超大面宽南向双阳台（观景家政分离），主卧大飘窗能270度直面自然景观。,在市中心核心写字楼工作，首选半小时核心通勤圈内。,倡导轻户外，周末常带家人自驾野营或山系徒步，注重生活情调与手作咖啡。,名下持有一套旧两居，置换回款 65% + 个人理财储蓄补充 + 公积金商业贷,重性价比，不盲信大牌，但要求物业管理有序、绿化修剪及时、人防技防规范。,本地常住人口，四季生活规律，度假频次为常规年假出行。
青_2008_01133,青岛,2008,本地改善,35,女,3.2,29.1,0.4,54.6,4,1,否,B,agent,0.7,0.62,0.73,0.31,0.59,0.86,0.56,0.78,0.42,自住-改善,两室一厅,65,5865,区财政局科员,三口之家(幼龄段),青岛中环品质两居，车位及空间极其拥挤,小区无地下车库且人车不分流，小孩在楼下玩耍或者推婴儿车极为不安全。,要求有超大面宽南向双阳台（观景家政分离），主卧大飘窗能270度直面自然景观。,在市中心核心写字楼工作，首选半小时核心通勤圈内。,倡导轻户外，周末常带家人自驾野营或山系徒步，注重生活情调与手作咖啡。,名下持有一套旧两居，置换回款 65% + 个人理财储蓄补充 + 公积金商业贷,重性价比，不盲信大牌，但要求物业管理有序、绿化修剪及时、人防技防规范。,本地常住人口，四季生活规律，度假频次为常规年假出行。
青_2008_01134,青岛,2008,本地改善,41,女,2.0,17.7,0.4,33.2,4,1,否,B,agent,0.74,0.53,0.83,0.61,0.55,0.87,0.73,0.72,0.55,自住-改善,两室两厅,69,3497,邮政局局长秘书,三口之家(学龄段),青岛中环品质两居，车位及空间极其拥挤,小区无地下车库且人车不分流，小孩在楼下玩耍或者推婴儿车极为不安全。,要求有超大面宽南向双阳台（观景家政分离），主卧大飘窗能270度直面自然景观。,在市中心核心写字楼工作，首选半小时核心通勤圈内。,倡导轻户外，周末常带家人自驾野营或山系徒步，注重生活情调与手作咖啡。,名下持有一套旧两居，置换回款 65% + 个人理财储蓄补充 + 公积金商业贷,重性价比，不盲信大牌，但要求物业管理有序、绿化修剪及时、人防技防规范。,本地常住人口，四季生活规律，度假频次为常规年假出行。
青_2008_01135,青岛,2008,本地改善,43,男,2.0,15.8,0.4,29.7,3,1,是,B,agent,0.77,0.61,0.79,0.46,0.52,0.81,0.67,0.73,0.41,自住-改善,两室一厅,89,2954,邮政局局长秘书,三口之家(学龄段),青岛中环品质两居，车位及空间极其拥挤,小区无地下车库且人车不分流，小孩在楼下玩耍或者推婴儿车极为不安全。,要求有超大面宽南向双阳台（观景家政分离），主卧大飘窗能270度直面自然景观。,在市中心核心写字楼工作，首选半小时核心通勤圈内。,倡导轻户外，周末常带家人自驾野营或山系徒步，注重生活情调与手作咖啡。,名下持有一套旧两居，置换回款 65% + 个人理财储蓄补充 + 公积金商业贷,重性价比，不盲信大牌，但要求物业管理有序、绿化修剪及时、人防技防规范。,本地常住人口，四季生活规律，度假频次为常规年假出行。
青_2008_01136,青岛,2008,本地改善,37,女,1.3,9.4,0.4,17.6,4,1,是,B,agent,0.75,0.49,0.75,0.45,0.51,0.8,0.74,0.78,0.46,自住-改善,两室一厅,66,1902,国企车间技术主任,三口之家(幼龄段),青岛中环品质两居，车位及空间极其拥挤,小区无地下车库且人车不分流，小孩在楼下玩耍或者推婴儿车极为不安全。,要求有超大面宽南向双阳台（观景家政分离），主卧大飘窗能270度直面自然景观。,在市中心核心写字楼工作，首选半小时核心通勤圈内。,倡导轻户外，周末常带家人自驾野营或山系徒步，注重生活情调与手作咖啡。,名下持有一套旧两居，置换回款 65% + 个人理财储蓄补充 + 公积金商业贷,重性价比，不盲信大牌，但要求物业管理有序、绿化修剪及时、人防技防规范。,本地常住人口，四季生活规律，度假频次为常规年假出行。
青_2008_01137,青岛,2008,本地改善,45,女,1.5,12.2,0.4,22.9,5,1,否,B,agent,0.87,0.41,0.74,0.48,0.42,0.97,0.57,0.74,0.69,自住-改善,两室两厅,63,2893,市第二中学地理教师,三口之家(学龄段),青岛中环品质两居，车位及空间极其拥挤,小区无地下车库且人车不分流，小孩在楼下玩耍或者推婴儿车极为不安全。,要求有超大面宽南向双阳台（观景家政分离），主卧大飘窗能270度直面自然景观。,在市中心核心写字楼工作，首选半小时核心通勤圈内。,倡导轻户外，周末常带家人自驾野营或山系徒步，注重生活情调与手作咖啡。,名下持有一套旧两居，置换回款 65% + 个人理财储蓄补充 + 公积金商业贷,重性价比，不盲信大牌，但要求物业管理有序、绿化修剪及时、人防技防规范。,本地常住人口，四季生活规律，度假频次为常规年假出行。
青_2008_01138,青岛,2008,本地改善,54,男,2.5,14.8,0.4,27.7,4,0,是,B,agent,0.66,0.47,0.77,0.52,0.55,0.85,0.69,0.68,0.66,自住-改善,两室一厅,71,2816,市第二中学地理教师,成熟期核心家庭,青岛中环品质两居，车位及空间极其拥挤,当前房屋属于旧多层无电梯房，父母年纪渐高每天爬楼梯极为吃力。,要求有超大面宽南向双阳台（观景家政分离），主卧大飘窗能270度直面自然景观。,在市中心核心写字楼工作，首选半小时核心通勤圈内。,倡导轻户外，周末常带家人自驾野营或山系徒步，注重生活情调与手作咖啡。,名下持有一套旧两居，置换回款 65% + 个人理财储蓄补充 + 公积金商业贷,重性价比，不盲信大牌，但要求物业管理有序、绿化修剪及时、人防技防规范。,本地常住人口，四季生活规律，度假频次为常规年假出行。
青_2008_01139,青岛,2008,山东省内异地,45,男,1.9,15.5,0.45,25.8,3,1,否,C,network,0.57,0.66,0.84,0.62,0.37,0.75,0,0.36,0.52,自住-首套,两室两厅,61,3643,国企车间技术主任,三口之家(学龄段),与父母同住，三代人拥挤在旧区小户型老房中,小区无地下车库且人车不分流，小孩在楼下玩耍或者推婴儿车极为不安全。,要求有超大面宽南向双阳台（观景家政分离），主卧大飘窗能270度直面自然景观。,在市中心核心写字楼工作，首选半小时核心通勤圈内。,爱猫狗，喜欢烹饪和插花，主打经济舒适的生活小确幸。,夫妻双方积蓄 + 双方父母出资赞助首付 + 公积金商业组合贷款,重性价比，不盲信大牌，但要求物业管理有序、绿化修剪及时、人防技防规范。,本地常住人口，四季生活规律，度假频次为常规年假出行。
青_2008_01140,青岛,2008,山东省内异地,48,男,0.9,8.1,0.45,13.5,4,1,否,C,network,0.57,0.46,0.88,0.57,0.7,0.56,0,0.34,0.48,自住-首套,两室一厅,83,1452,区财政局科员,三口之家(学龄段),与父母同住，三代人拥挤在旧区小户型老房中,小区无地下车库且人车不分流，小孩在楼下玩耍或者推婴儿车极为不安全。,要求有超大面宽南向双阳台（观景家政分离），主卧大飘窗能270度直面自然景观。,在市中心核心写字楼工作，首选半小时核心通勤圈内。,爱猫狗，喜欢烹饪和插花，主打经济舒适的生活小确幸。,夫妻双方积蓄 + 双方父母出资赞助首付 + 公积金商业组合贷款,重性价比，不盲信大牌，但要求物业管理有序、绿化修剪及时、人防技防规范。,本地常住人口，四季生活规律，度假频次为常规年假出行。
青_2008_01141,青岛,2008,学区刚需,32,男,2.1,11.7,0.3,29.3,3,0,否,C,agent,0.87,0.49,0.36,0.34,0.26,0.71,0.68,1.0,0.36,学区房,两室一厅,97,1551,国企车间技术主任,新婚过渡两居,与父母同住，三代人拥挤在旧区小户型老房中,老小区隔音差，邻里滋扰严重，且车位严重匮乏，每晚加班回来抢车位像打仗。,讲究超高得房率（超85%），主卧套房必须配备独立步入式衣帽间与干湿分离双卫。,在市中心核心写字楼工作，首选半小时核心通勤圈内。,爱猫狗，喜欢烹饪和插花，主打经济舒适的生活小确幸。,名下持有一套旧两居，置换回款 65% + 个人理财储蓄补充 + 公积金商业贷,重性价比，不盲信大牌，但要求物业管理有序、绿化修剪及时、人防技防规范。,本地常住人口，四季生活规律，度假频次为常规年假出行。
青_2008_01142,青岛,2008,本地改善,43,男,3.0,26.4,0.4,49.5,4,1,否,B,agent,0.5,0.57,0.75,0.56,0.53,0.81,0.56,0.71,0.58,自住-改善,两室一厅,68,4994,区财政局科员,三口之家(学龄段),青岛中环品质两居，车位及空间极其拥挤,小区无地下车库且人车不分流，小孩在楼下玩耍或者推婴儿车极为不安全。,要求有超大面宽南向双阳台（观景家政分离），主卧大飘窗能270度直面自然景观。,在市中心核心写字楼工作，首选半小时核心通勤圈内。,倡导轻户外，周末常带家人自驾野营或山系徒步，注重生活情调与手作咖啡。,名下持有一套旧两居，置换回款 65% + 个人理财储蓄补充 + 公积金商业贷,重性价比，不盲信大牌，但要求物业管理有序、绿化修剪及时、人防技防规范。,本地常住人口，四季生活规律，度假频次为常规年假出行。
青_2008_01143,青岛,2008,学区刚需,36,男,2.4,15.1,0.3,37.8,3,1,是,C,agent,0.95,0.5,0.54,0.34,0.39,0.61,0.54,0.97,0.39,学区房,一室一厅,100,2577,国企车间技术主任,三口之家(幼龄段),与父母同住，三代人拥挤在旧区小户型老房中,小区无地下车库且人车不分流，小孩在楼下玩耍或者推婴儿车极为不安全。,核心要求地块属于第一梯队名校学区，且周边500米内解决幼小衔接教育配套。,在市中心核心写字楼工作，首选半小时核心通勤圈内。,爱猫狗，喜欢烹饪和插花，主打经济舒适的生活小确幸。,名下持有一套旧两居，置换回款 65% + 个人理财储蓄补充 + 公积金商业贷,重性价比，不盲信大牌，但要求物业管理有序、绿化修剪及时、人防技防规范。,本地常住人口，四季生活规律，度假频次为常规年假出行。
青_2008_01144,青岛,2008,本地改善,41,女,1.3,10.7,0.4,20.1,4,1,否,B,agent,0.72,0.6,0.82,0.63,0.52,0.74,0.59,0.71,0.65,自住-改善,两室一厅,81,1284,邮政局局长秘书,三口之家(学龄段),青岛中环品质两居，车位及空间极其拥挤,小区无地下车库且人车不分流，小孩在楼下玩耍或者推婴儿车极为不安全。,要求有超大面宽南向双阳台（观景家政分离），主卧大飘窗能270度直面自然景观。,在市中心核心写字楼工作，首选半小时核心通勤圈内。,倡导轻户外，周末常带家人自驾野营或山系徒步，注重生活情调与手作咖啡。,名下持有一套旧两居，置换回款 65% + 个人理财储蓄补充 + 公积金商业贷,重性价比，不盲信大牌，但要求物业管理有序、绿化修剪及时、人防技防规范。,本地常住人口，四季生活规律，度假频次为常规年假出行。
青_2008_01145,青岛,2008,本地改善,53,男,4.1,39.5,0.4,74.1,3,2,否,B,agent,0.8,0.35,0.69,0.57,0.4,0.89,0.48,0.8,0.47,自住-改善,两室两厅,89,6849,邮政局局长秘书,二胎黄金期中大户型,青岛中环品质两居，车位及空间极其拥挤,小区无地下车库且人车不分流，小孩在楼下玩耍或者推婴儿车极为不安全。,讲究超高得房率（超85%），主卧套房必须配备独立步入式衣帽间与干湿分离双卫。,在市中心核心写字楼工作，首选半小时核心通勤圈内。,倡导轻户外，周末常带家人自驾野营或山系徒步，注重生活情调与手作咖啡。,名下持有一套旧两居，置换回款 65% + 个人理财储蓄补充 + 公积金商业贷,重性价比，不盲信大牌，但要求物业管理有序、绿化修剪及时、人防技防规范。,本地常住人口，四季生活规律，度假频次为常规年假出行。
青_2008_01146,青岛,2008,北方度假投资,47,男,7.3,55.5,0.5,83.3,2,0,是,B,research,0.75,0.57,0.88,0.67,0.56,0.54,0.01,0,0.78,度假,一室一厅,60,7479,上市公司退休联合创始人,成熟期核心家庭,青岛中环品质两居，车位及空间极其拥挤,当前房屋属于旧多层无电梯房，父母年纪渐高每天爬楼梯极为吃力。,要求有超大面宽南向双阳台（观景家政分离），主卧大飘窗能270度直面自然景观。,在市中心核心写字楼工作，首选半小时核心通勤圈内。,倡导轻户外，周末常带家人自驾野营或山系徒步，注重生活情调与手作咖啡。,名下持有一套旧两居，置换回款 65% + 个人理财储蓄补充 + 公积金商业贷,非仁恒、绿城、万科等金牌开发商不买，极度看重高端精装质量与顶级物业的增值口碑。,每年11月至次年3月到此度过漫长冬季，极其依赖周边的康养及适老化服务。
青_2008_01147,青岛,2008,山东省内异地,44,女,2.0,14.0,0.45,23.3,2,1,是,C,network,0.43,0.46,0.89,0.54,0.63,0.75,0.04,0.44,0.57,自住-首套,两室两厅,75,1916,市第二中学地理教师,三口之家(学龄段),与父母同住，三代人拥挤在旧区小户型老房中,小区无地下车库且人车不分流，小孩在楼下玩耍或者推婴儿车极为不安全。,要求有超大面宽南向双阳台（观景家政分离），主卧大飘窗能270度直面自然景观。,在市中心核心写字楼工作，首选半小时核心通勤圈内。,爱猫狗，喜欢烹饪和插花，主打经济舒适的生活小确幸。,夫妻双方积蓄 + 双方父母出资赞助首付 + 公积金商业组合贷款,重性价比，不盲信大牌，但要求物业管理有序、绿化修剪及时、人防技防规范。,本地常住人口，四季生活规律，度假频次为常规年假出行。
青_2008_01148,青岛,2008,本地改善,43,女,3.2,19.0,0.4,35.6,4,2,是,B,agent,0.59,0.4,0.87,0.45,0.42,0.87,0.67,0.73,0.57,自住-改善,两室一厅,59,4363,邮政局局长秘书,二胎黄金期中大户型,青岛中环品质两居，车位及空间极其拥挤,小区无地下车库且人车不分流，小孩在楼下玩耍或者推婴儿车极为不安全。,要求有超大面宽南向双阳台（观景家政分离），主卧大飘窗能270度直面自然景观。,在市中心核心写字楼工作，首选半小时核心通勤圈内。,倡导轻户外，周末常带家人自驾野营或山系徒步，注重生活情调与手作咖啡。,名下持有一套旧两居，置换回款 65% + 个人理财储蓄补充 + 公积金商业贷,重性价比，不盲信大牌，但要求物业管理有序、绿化修剪及时、人防技防规范。,本地常住人口，四季生活规律，度假频次为常规年假出行。
青_2008_01149,青岛,2008,学区刚需,30,男,2.2,11.8,0.3,29.5,4,1,是,C,agent,0.96,0.47,0.46,0.26,0.32,0.79,0.45,0.84,0.4,学区房,两室两厅,70,3786,国企车间技术主任,三口之家(幼龄段),与父母同住，三代人拥挤在旧区小户型老房中,小区无地下车库且人车不分流，小孩在楼下玩耍或者推婴儿车极为不安全。,讲究超高得房率（超85%），主卧套房必须配备独立步入式衣帽间与干湿分离双卫。,在市中心核心写字楼工作，首选半小时核心通勤圈内。,爱猫狗，喜欢烹饪和插花，主打经济舒适的生活小确幸。,名下持有一套旧两居，置换回款 65% + 个人理财储蓄补充 + 公积金商业贷,重性价比，不盲信大牌，但要求物业管理有序、绿化修剪及时、人防技防规范。,本地常住人口，四季生活规律，度假频次为常规年假出行。
青_2008_01150,青岛,2008,本地改善,54,男,2.7,24.6,0.4,46.1,4,1,否,B,agent,0.67,0.69,0.8,0.53,0.39,0.84,0.63,0.77,0.4,自住-改善,两室一厅,82,3929,区财政局科员,三口之家(学龄段),青岛中环品质两居，车位及空间极其拥挤,小区无地下车库且人车不分流，小孩在楼下玩耍或者推婴儿车极为不安全。,要求有超大面宽南向双阳台（观景家政分离），主卧大飘窗能270度直面自然景观。,在市中心核心写字楼工作，首选半小时核心通勤圈内。,倡导轻户外，周末常带家人自驾野营或山系徒步，注重生活情调与手作咖啡。,名下持有一套旧两居，置换回款 65% + 个人理财储蓄补充 + 公积金商业贷,重性价比，不盲信大牌，但要求物业管理有序、绿化修剪及时、人防技防规范。,本地常住人口，四季生活规律，度假频次为常规年假出行。
青_2008_01151,青岛,2008,本地改善,47,男,2.2,21.4,0.4,40.1,4,1,否,B,agent,0.83,0.45,0.84,0.48,0.47,0.84,0.71,0.75,0.5,自住-改善,两室两厅,90,2804,国企车间技术主任,三口之家(学龄段),青岛中环品质两居，车位及空间极其拥挤,小区无地下车库且人车不分流，小孩在楼下玩耍或者推婴儿车极为不安全。,要求有超大面宽南向双阳台（观景家政分离），主卧大飘窗能270度直面自然景观。,在市中心核心写字楼工作，首选半小时核心通勤圈内。,倡导轻户外，周末常带家人自驾野营或山系徒步，注重生活情调与手作咖啡。,名下持有一套旧两居，置换回款 65% + 个人理财储蓄补充 + 公积金商业贷,重性价比，不盲信大牌，但要求物业管理有序、绿化修剪及时、人防技防规范。,本地常住人口，四季生活规律，度假频次为常规年假出行。
青_2008_01152,青岛,2008,本地改善,38,男,2.7,23.1,0.4,43.2,4,1,否,B,agent,0.57,0.45,0.71,0.7,0.48,0.78,0.4,0.87,0.53,自住-改善,两室一厅,95,4014,市第二中学地理教师,三口之家(学龄段),青岛中环品质两居，车位及空间极其拥挤,小区无地下车库且人车不分流，小孩在楼下玩耍或者推婴儿车极为不安全。,要求有超大面宽南向双阳台（观景家政分离），主卧大飘窗能270度直面自然景观。,在市中心核心写字楼工作，首选半小时核心通勤圈内。,倡导轻户外，周末常带家人自驾野营或山系徒步，注重生活情调与手作咖啡。,名下持有一套旧两居，置换回款 65% + 个人理财储蓄补充 + 公积金商业贷,重性价比，不盲信大牌，但要求物业管理有序、绿化修剪及时、人防技防规范。,本地常住人口，四季生活规律，度假频次为常规年假出行。
青_2008_01153,青岛,2008,本地改善,42,男,2.2,15.2,0.4,28.4,5,1,否,B,agent,0.81,0.53,0.77,0.61,0.39,0.78,0.55,0.71,0.58,自住-改善,两室一厅,99,1917,国企车间技术主任,三口之家(学龄段),青岛中环品质两居，车位及空间极其拥挤,小区无地下车库且人车不分流，小孩在楼下玩耍或者推婴儿车极为不安全。,要求有超大面宽南向双阳台（观景家政分离），主卧大飘窗能270度直面自然景观。,在市中心核心写字楼工作，首选半小时核心通勤圈内。,倡导轻户外，周末常带家人自驾野营或山系徒步，注重生活情调与手作咖啡。,名下持有一套旧两居，置换回款 65% + 个人理财储蓄补充 + 公积金商业贷,重性价比，不盲信大牌，但要求物业管理有序、绿化修剪及时、人防技防规范。,本地常住人口，四季生活规律，度假频次为常规年假出行。
青_2008_01154,青岛,2008,高端海景收藏,61,男,7.3,78.0,0.6,97.5,3,0,否,A,network,0.83,0.24,0.96,0.87,0.69,0.52,0.01,0,0.75,投资-短期,一室一厅,70,10098,上市公司退休联合创始人,高知退休康养,陆家嘴核心区江景大平层,无高端私密会所及管家式物业配套，圈层鱼龙混杂，高净值居住体验差。,要求独立电梯入户，主次卧动线分明，配备独立保姆房和私密后院。,在市中心核心写字楼工作，首选半小时核心通勤圈内。,周末常去高端商圈消费，热衷打网球和马术，重度手冲咖啡及黑胶唱片发烧友。,名下已有企业股权套现或分红现金，一次性全款付清，基本不加杠杆,非仁恒、绿城、万科等金牌开发商不买，极度看重高端精装质量与顶级物业的增值口碑。,本地常住人口，四季生活规律，度假频次为常规年假出行。
青_2008_01155,青岛,2008,本地改善,43,男,4.2,43.7,0.4,81.8,3,1,否,B,agent,1.0,0.6,0.75,0.48,0.51,0.95,0.56,0.75,0.44,自住-改善,两室一厅,77,5325,市第二中学地理教师,三口之家(学龄段),青岛中环品质两居，车位及空间极其拥挤,小区无地下车库且人车不分流，小孩在楼下玩耍或者推婴儿车极为不安全。,要求有超大面宽南向双阳台（观景家政分离），主卧大飘窗能270度直面自然景观。,在市中心核心写字楼工作，首选半小时核心通勤圈内。,倡导轻户外，周末常带家人自驾野营或山系徒步，注重生活情调与手作咖啡。,名下持有一套旧两居，置换回款 65% + 个人理财储蓄补充 + 公积金商业贷,重性价比，不盲信大牌，但要求物业管理有序、绿化修剪及时、人防技防规范。,本地常住人口，四季生活规律，度假频次为常规年假出行。
青_2008_01156,青岛,2008,本地改善,37,女,2.2,13.1,0.4,24.6,4,1,否,B,agent,0.79,0.45,0.73,0.46,0.43,0.93,0.61,0.75,0.47,自住-改善,两室两厅,53,3319,国企车间技术主任,三口之家(幼龄段),青岛中环品质两居，车位及空间极其拥挤,小区无地下车库且人车不分流，小孩在楼下玩耍或者推婴儿车极为不安全。,要求有超大面宽南向双阳台（观景家政分离），主卧大飘窗能270度直面自然景观。,在市中心核心写字楼工作，首选半小时核心通勤圈内。,倡导轻户外，周末常带家人自驾野营或山系徒步，注重生活情调与手作咖啡。,名下持有一套旧两居，置换回款 65% + 个人理财储蓄补充 + 公积金商业贷,重性价比，不盲信大牌，但要求物业管理有序、绿化修剪及时、人防技防规范。,本地常住人口，四季生活规律，度假频次为常规年假出行。
青_2008_01157,青岛,2008,学区刚需,39,女,2.6,12.5,0.3,31.3,4,1,否,C,agent,1,0.57,0.39,0.27,0.33,0.72,0.6,1,0.43,学区房,两室一厅,82,2951,市第二中学地理教师,三口之家(学龄段),与父母同住，三代人拥挤在旧区小户型老房中,小区无地下车库且人车不分流，小孩在楼下玩耍或者推婴儿车极为不安全。,讲究超高得房率（超85%），主卧套房必须配备独立步入式衣帽间与干湿分离双卫。,在市中心核心写字楼工作，首选半小时核心通勤圈内。,爱猫狗，喜欢烹饪和插花，主打经济舒适的生活小确幸。,名下持有一套旧两居，置换回款 65% + 个人理财储蓄补充 + 公积金商业贷,重性价比，不盲信大牌，但要求物业管理有序、绿化修剪及时、人防技防规范。,本地常住人口，四季生活规律，度假频次为常规年假出行。
青_2008_01158,青岛,2008,山东省内异地,45,女,1.2,10.9,0.45,18.2,3,0,是,C,network,0.68,0.65,0.89,0.53,0.53,0.66,0,0.47,0.64,自住-改善,两室两厅,90,1120,市第二中学地理教师,成熟期核心家庭,与父母同住，三代人拥挤在旧区小户型老房中,当前房屋属于旧多层无电梯房，父母年纪渐高每天爬楼梯极为吃力。,要求有超大面宽南向双阳台（观景家政分离），主卧大飘窗能270度直面自然景观。,在市中心核心写字楼工作，首选半小时核心通勤圈内。,爱猫狗，喜欢烹饪和插花，主打经济舒适的生活小确幸。,名下持有一套旧两居，置换回款 65% + 个人理财储蓄补充 + 公积金商业贷,重性价比，不盲信大牌，但要求物业管理有序、绿化修剪及时、人防技防规范。,本地常住人口，四季生活规律，度假频次为常规年假出行。
青_2008_01159,青岛,2008,北方度假投资,61,女,4.5,45.6,0.5,68.4,3,0,否,B,research,0.48,0.57,0.91,0.57,0.57,0.47,0,0,0.62,投资-短期,两室两厅,60,5925,高端海景资产收藏家,高知退休康养,青岛中环品质两居，车位及空间极其拥挤,老小区隔音差，邻里滋扰严重，且车位严重匮乏，每晚加班回来抢车位像打仗。,要求有超大面宽南向双阳台（观景家政分离），主卧大飘窗能270度直面自然景观。,在市中心核心写字楼工作，首选半小时核心通勤圈内。,倡导轻户外，周末常带家人自驾野营或山系徒步，注重生活情调与手作咖啡。,名下持有一套旧两居，置换回款 65% + 个人理财储蓄补充 + 公积金商业贷,重性价比，不盲信大牌，但要求物业管理有序、绿化修剪及时、人防技防规范。,每年11月至次年3月到此度过漫长冬季，极其依赖周边的康养及适老化服务。
青_2008_01160,青岛,2008,本地改善,51,女,3.5,25.9,0.4,48.5,6,1,是,B,agent,0.82,0.54,0.78,0.46,0.65,0.8,0.52,0.79,0.51,自住-改善,一室一厅,65,4707,市第二中学地理教师,三口之家(学龄段),青岛中环品质两居，车位及空间极其拥挤,小区无地下车库且人车不分流，小孩在楼下玩耍或者推婴儿车极为不安全。,要求有超大面宽南向双阳台（观景家政分离），主卧大飘窗能270度直面自然景观。,在市中心核心写字楼工作，首选半小时核心通勤圈内。,倡导轻户外，周末常带家人自驾野营或山系徒步，注重生活情调与手作咖啡。,名下持有一套旧两居，置换回款 65% + 个人理财储蓄补充 + 公积金商业贷,重性价比，不盲信大牌，但要求物业管理有序、绿化修剪及时、人防技防规范。,本地常住人口，四季生活规律，度假频次为常规年假出行。
青_2008_01161,青岛,2008,北方度假投资,58,男,3.9,45.3,0.5,67.9,2,0,否,B,research,0.91,0.54,1,0.58,0.53,0.58,0.05,0,0.63,投资-短期,一室一厅,58,6650,高端海景资产收藏家,高知退休康养,青岛中环品质两居，车位及空间极其拥挤,老小区隔音差，邻里滋扰严重，且车位严重匮乏，每晚加班回来抢车位像打仗。,要求有超大面宽南向双阳台（观景家政分离），主卧大飘窗能270度直面自然景观。,在市中心核心写字楼工作，首选半小时核心通勤圈内。,倡导轻户外，周末常带家人自驾野营或山系徒步，注重生活情调与手作咖啡。,名下持有一套旧两居，置换回款 65% + 个人理财储蓄补充 + 公积金商业贷,重性价比，不盲信大牌，但要求物业管理有序、绿化修剪及时、人防技防规范。,每年11月至次年3月到此度过漫长冬季，极其依赖周边的康养及适老化服务。
青_2008_01162,青岛,2008,学区刚需,40,女,2.5,12.6,0.3,31.4,3,2,否,C,agent,0.81,0.63,0.37,0.26,0.24,0.8,0.67,0.95,0.34,学区房,一室一厅,64,4169,市第二中学地理教师,二胎黄金期中大户型,与父母同住，三代人拥挤在旧区小户型老房中,小区无地下车库且人车不分流，小孩在楼下玩耍或者推婴儿车极为不安全。,讲究超高得房率（超85%），主卧套房必须配备独立步入式衣帽间与干湿分离双卫。,在市中心核心写字楼工作，首选半小时核心通勤圈内。,爱猫狗，喜欢烹饪和插花，主打经济舒适的生活小确幸。,名下持有一套旧两居，置换回款 65% + 个人理财储蓄补充 + 公积金商业贷,重性价比，不盲信大牌，但要求物业管理有序、绿化修剪及时、人防技防规范。,本地常住人口，四季生活规律，度假频次为常规年假出行。
青_2008_01163,青岛,2008,北方度假投资,53,女,3.0,22.1,0.5,33.2,2,0,是,B,research,0.61,0.47,0.91,0.73,0.5,0.55,0.04,0,0.81,投资-长持,两室一厅,91,2145,上市公司退休联合创始人,成熟期核心家庭,青岛中环品质两居，车位及空间极其拥挤,当前房屋属于旧多层无电梯房，父母年纪渐高每天爬楼梯极为吃力。,要求独立电梯入户，主次卧动线分明，配备独立保姆房和私密后院。,在市中心核心写字楼工作，首选半小时核心通勤圈内。,倡导轻户外，周末常带家人自驾野营或山系徒步，注重生活情调与手作咖啡。,名下持有一套旧两居，置换回款 65% + 个人理财储蓄补充 + 公积金商业贷,非仁恒、绿城、万科等金牌开发商不买，极度看重高端精装质量与顶级物业的增值口碑。,每年11月至次年3月到此度过漫长冬季，极其依赖周边的康养及适老化服务。
青_2008_01164,青岛,2008,本地改善,46,男,1.1,8.3,0.4,15.6,4,0,是,B,agent,1,0.54,0.65,0.43,0.52,0.92,0.62,0.72,0.54,自住-改善,两室一厅,51,1802,国企车间技术主任,成熟期核心家庭,青岛中环品质两居，车位及空间极其拥挤,当前房屋属于旧多层无电梯房，父母年纪渐高每天爬楼梯极为吃力。,讲究超高得房率（超85%），主卧套房必须配备独立步入式衣帽间与干湿分离双卫。,在市中心核心写字楼工作，首选半小时核心通勤圈内。,倡导轻户外，周末常带家人自驾野营或山系徒步，注重生活情调与手作咖啡。,名下持有一套旧两居，置换回款 65% + 个人理财储蓄补充 + 公积金商业贷,重性价比，不盲信大牌，但要求物业管理有序、绿化修剪及时、人防技防规范。,本地常住人口，四季生活规律，度假频次为常规年假出行。
青_2008_01165,青岛,2008,本地改善,49,女,1.1,8.9,0.4,16.7,5,1,否,B,agent,0.68,0.36,0.66,0.53,0.52,0.87,0.62,0.78,0.74,自住-改善,两室一厅,60,1698,市第二中学地理教师,三口之家(学龄段),青岛中环品质两居，车位及空间极其拥挤,小区无地下车库且人车不分流，小孩在楼下玩耍或者推婴儿车极为不安全。,讲究超高得房率（超85%），主卧套房必须配备独立步入式衣帽间与干湿分离双卫。,在市中心核心写字楼工作，首选半小时核心通勤圈内。,倡导轻户外，周末常带家人自驾野营或山系徒步，注重生活情调与手作咖啡。,名下持有一套旧两居，置换回款 65% + 个人理财储蓄补充 + 公积金商业贷,非仁恒、绿城、万科等金牌开发商不买，极度看重高端精装质量与顶级物业的增值口碑。,本地常住人口，四季生活规律，度假频次为常规年假出行。
青_2008_01166,青岛,2008,本地改善,54,男,1.7,14.4,0.4,26.9,4,1,是,B,agent,0.65,0.43,0.8,0.38,0.51,0.77,0.48,0.61,0.53,自住-改善,两室两厅,56,3189,市第二中学地理教师,三口之家(学龄段),青岛中环品质两居，车位及空间极其拥挤,小区无地下车库且人车不分流，小孩在楼下玩耍或者推婴儿车极为不安全。,要求有超大面宽南向双阳台（观景家政分离），主卧大飘窗能270度直面自然景观。,在市中心核心写字楼工作，首选半小时核心通勤圈内。,倡导轻户外，周末常带家人自驾野营或山系徒步，注重生活情调与手作咖啡。,名下持有一套旧两居，置换回款 65% + 个人理财储蓄补充 + 公积金商业贷,重性价比，不盲信大牌，但要求物业管理有序、绿化修剪及时、人防技防规范。,本地常住人口，四季生活规律，度假频次为常规年假出行。
青_2008_01167,青岛,2008,学区刚需,42,男,2.3,14.0,0.3,35.0,3,1,否,C,agent,1,0.47,0.41,0.24,0.45,0.8,0.38,0.92,0.41,学区房,两室两厅,84,2259,区财政局科员,三口之家(学龄段),与父母同住，三代人拥挤在旧区小户型老房中,小区无地下车库且人车不分流，小孩在楼下玩耍或者推婴儿车极为不安全。,讲究超高得房率（超85%），主卧套房必须配备独立步入式衣帽间与干湿分离双卫。,在市中心核心写字楼工作，首选半小时核心通勤圈内。,爱猫狗，喜欢烹饪和插花，主打经济舒适的生活小确幸。,名下持有一套旧两居，置换回款 65% + 个人理财储蓄补充 + 公积金商业贷,重性价比，不盲信大牌，但要求物业管理有序、绿化修剪及时、人防技防规范。,本地常住人口，四季生活规律，度假频次为常规年假出行。
青_2008_01168,青岛,2008,学区刚需,39,女,2.4,18.1,0.3,45.2,3,1,否,C,agent,1,0.32,0.38,0.21,0.37,0.81,0.56,0.98,0.37,学区房,一室一厅,59,4329,市第二中学地理教师,三口之家(学龄段),与父母同住，三代人拥挤在旧区小户型老房中,小区无地下车库且人车不分流，小孩在楼下玩耍或者推婴儿车极为不安全。,讲究超高得房率（超85%），主卧套房必须配备独立步入式衣帽间与干湿分离双卫。,在市中心核心写字楼工作，首选半小时核心通勤圈内。,爱猫狗，喜欢烹饪和插花，主打经济舒适的生活小确幸。,名下持有一套旧两居，置换回款 65% + 个人理财储蓄补充 + 公积金商业贷,重性价比，不盲信大牌，但要求物业管理有序、绿化修剪及时、人防技防规范。,本地常住人口，四季生活规律，度假频次为常规年假出行。
青_2008_01169,青岛,2008,本地改善,41,女,1.6,12.1,0.4,22.8,4,1,否,B,agent,0.79,0.42,0.77,0.41,0.5,0.66,0.5,0.62,0.54,自住-改善,两室一厅,81,2474,国企车间技术主任,三口之家(学龄段),青岛中环品质两居，车位及空间极其拥挤,小区无地下车库且人车不分流，小孩在楼下玩耍或者推婴儿车极为不安全。,要求有超大面宽南向双阳台（观景家政分离），主卧大飘窗能270度直面自然景观。,在市中心核心写字楼工作，首选半小时核心通勤圈内。,倡导轻户外，周末常带家人自驾野营或山系徒步，注重生活情调与手作咖啡。,名下持有一套旧两居，置换回款 65% + 个人理财储蓄补充 + 公积金商业贷,重性价比，不盲信大牌，但要求物业管理有序、绿化修剪及时、人防技防规范。,本地常住人口，四季生活规律，度假频次为常规年假出行。
青_2008_01170,青岛,2008,本地改善,52,男,1.4,14.0,0.4,26.3,4,2,否,B,agent,0.51,0.45,0.73,0.59,0.53,0.89,0.57,0.55,0.5,自住-改善,两室两厅,71,3147,区财政局科员,二胎黄金期中大户型,青岛中环品质两居，车位及空间极其拥挤,小区无地下车库且人车不分流，小孩在楼下玩耍或者推婴儿车极为不安全。,要求有超大面宽南向双阳台（观景家政分离），主卧大飘窗能270度直面自然景观。,在市中心核心写字楼工作，首选半小时核心通勤圈内。,倡导轻户外，周末常带家人自驾野营或山系徒步，注重生活情调与手作咖啡。,名下持有一套旧两居，置换回款 65% + 个人理财储蓄补充 + 公积金商业贷,重性价比，不盲信大牌，但要求物业管理有序、绿化修剪及时、人防技防规范。,本地常住人口，四季生活规律，度假频次为常规年假出行。
青_2008_01171,青岛,2008,本地改善,35,男,3.1,32.3,0.4,60.6,3,1,否,B,agent,1,0.54,0.78,0.53,0.51,0.9,0.68,0.76,0.48,自住-改善,一室一厅,93,4664,邮政局局长秘书,三口之家(幼龄段),青岛中环品质两居，车位及空间极其拥挤,小区无地下车库且人车不分流，小孩在楼下玩耍或者推婴儿车极为不安全。,要求有超大面宽南向双阳台（观景家政分离），主卧大飘窗能270度直面自然景观。,在市中心核心写字楼工作，首选半小时核心通勤圈内。,倡导轻户外，周末常带家人自驾野营或山系徒步，注重生活情调与手作咖啡。,名下持有一套旧两居，置换回款 65% + 个人理财储蓄补充 + 公积金商业贷,重性价比，不盲信大牌，但要求物业管理有序、绿化修剪及时、人防技防规范。,本地常住人口，四季生活规律，度假频次为常规年假出行。
青_2008_01172,青岛,2008,本地改善,44,女,2.6,19.3,0.4,36.1,3,1,否,B,agent,0.86,0.4,0.81,0.27,0.48,0.83,0.54,0.76,0.48,自住-改善,一室一厅,55,5323,邮政局局长秘书,三口之家(学龄段),青岛中环品质两居，车位及空间极其拥挤,小区无地下车库且人车不分流，小孩在楼下玩耍或者推婴儿车极为不安全。,要求有超大面宽南向双阳台（观景家政分离），主卧大飘窗能270度直面自然景观。,在市中心核心写字楼工作，首选半小时核心通勤圈内。,倡导轻户外，周末常带家人自驾野营或山系徒步，注重生活情调与手作咖啡。,名下持有一套旧两居，置换回款 65% + 个人理财储蓄补充 + 公积金商业贷,重性价比，不盲信大牌，但要求物业管理有序、绿化修剪及时、人防技防规范。,本地常住人口，四季生活规律，度假频次为常规年假出行。
青_2008_01173,青岛,2008,本地改善,50,女,1.6,16.1,0.4,30.1,4,1,是,B,agent,0.78,0.52,0.72,0.4,0.49,0.73,0.63,0.69,0.73,自住-改善,一室一厅,62,3159,区财政局科员,三口之家(学龄段),青岛中环品质两居，车位及空间极其拥挤,小区无地下车库且人车不分流，小孩在楼下玩耍或者推婴儿车极为不安全。,要求有超大面宽南向双阳台（观景家政分离），主卧大飘窗能270度直面自然景观。,在市中心核心写字楼工作，首选半小时核心通勤圈内。,倡导轻户外，周末常带家人自驾野营或山系徒步，注重生活情调与手作咖啡。,名下持有一套旧两居，置换回款 65% + 个人理财储蓄补充 + 公积金商业贷,非仁恒、绿城、万科等金牌开发商不买，极度看重高端精装质量与顶级物业的增值口碑。,本地常住人口，四季生活规律，度假频次为常规年假出行。
青_2008_01174,青岛,2008,本地改善,44,男,2.8,20.8,0.4,39.0,3,2,否,B,agent,0.68,0.59,0.73,0.53,0.46,0.82,0.53,0.61,0.48,自住-改善,两室一厅,99,2000,国企车间技术主任,二胎黄金期中大户型,青岛中环品质两居，车位及空间极其拥挤,小区无地下车库且人车不分流，小孩在楼下玩耍或者推婴儿车极为不安全。,要求有超大面宽南向双阳台（观景家政分离），主卧大飘窗能270度直面自然景观。,在市中心核心写字楼工作，首选半小时核心通勤圈内。,倡导轻户外，周末常带家人自驾野营或山系徒步，注重生活情调与手作咖啡。,名下持有一套旧两居，置换回款 65% + 个人理财储蓄补充 + 公积金商业贷,重性价比，不盲信大牌，但要求物业管理有序、绿化修剪及时、人防技防规范。,本地常住人口，四季生活规律，度假频次为常规年假出行。
青_2008_01175,青岛,2008,山东省内异地,45,女,2.1,17.1,0.45,28.5,4,0,是,C,network,0.42,0.6,0.9,0.52,0.52,0.65,0,0.39,0.42,自住-首套,一室一厅,96,2141,市第二中学地理教师,成熟期核心家庭,与父母同住，三代人拥挤在旧区小户型老房中,当前房屋属于旧多层无电梯房，父母年纪渐高每天爬楼梯极为吃力。,要求有超大面宽南向双阳台（观景家政分离），主卧大飘窗能270度直面自然景观。,在市中心核心写字楼工作，首选半小时核心通勤圈内。,爱猫狗，喜欢烹饪和插花，主打经济舒适的生活小确幸。,夫妻双方积蓄 + 双方父母出资赞助首付 + 公积金商业组合贷款,重性价比，不盲信大牌，但要求物业管理有序、绿化修剪及时、人防技防规范。,本地常住人口，四季生活规律，度假频次为常规年假出行。
青_2008_01176,青岛,2008,本地改善,41,男,1.6,11.9,0.4,22.4,4,1,否,B,agent,0.64,0.58,0.73,0.58,0.52,1,0.55,0.73,0.63,自住-改善,两室两厅,87,1725,邮政局局长秘书,三口之家(学龄段),青岛中环品质两居，车位及空间极其拥挤,小区无地下车库且人车不分流，小孩在楼下玩耍或者推婴儿车极为不安全。,要求有超大面宽南向双阳台（观景家政分离），主卧大飘窗能270度直面自然景观。,在市中心核心写字楼工作，首选半小时核心通勤圈内。,倡导轻户外，周末常带家人自驾野营或山系徒步，注重生活情调与手作咖啡。,名下持有一套旧两居，置换回款 65% + 个人理财储蓄补充 + 公积金商业贷,重性价比，不盲信大牌，但要求物业管理有序、绿化修剪及时、人防技防规范。,本地常住人口，四季生活规律，度假频次为常规年假出行。
青_2008_01177,青岛,2008,本地改善,54,男,3.3,33.0,0.4,61.9,5,2,否,B,agent,1,0.6,0.86,0.45,0.49,0.83,0.46,0.7,0.49,自住-改善,一室一厅,56,9790,邮政局局长秘书,二胎黄金期中大户型,青岛中环品质两居，车位及空间极其拥挤,小区无地下车库且人车不分流，小孩在楼下玩耍或者推婴儿车极为不安全。,要求有超大面宽南向双阳台（观景家政分离），主卧大飘窗能270度直面自然景观。,在市中心核心写字楼工作，首选半小时核心通勤圈内。,倡导轻户外，周末常带家人自驾野营或山系徒步，注重生活情调与手作咖啡。,名下持有一套旧两居，置换回款 65% + 个人理财储蓄补充 + 公积金商业贷,重性价比，不盲信大牌，但要求物业管理有序、绿化修剪及时、人防技防规范。,本地常住人口，四季生活规律，度假频次为常规年假出行。
青_2008_01178,青岛,2008,本地改善,47,女,2.1,15.8,0.4,29.7,4,1,是,B,agent,0.76,0.57,0.61,0.48,0.59,0.86,0.62,0.79,0.61,自住-改善,一室一厅,71,2781,国企车间技术主任,三口之家(学龄段),青岛中环品质两居，车位及空间极其拥挤,小区无地下车库且人车不分流，小孩在楼下玩耍或者推婴儿车极为不安全。,讲究超高得房率（超85%），主卧套房必须配备独立步入式衣帽间与干湿分离双卫。,在市中心核心写字楼工作，首选半小时核心通勤圈内。,倡导轻户外，周末常带家人自驾野营或山系徒步，注重生活情调与手作咖啡。,名下持有一套旧两居，置换回款 65% + 个人理财储蓄补充 + 公积金商业贷,重性价比，不盲信大牌，但要求物业管理有序、绿化修剪及时、人防技防规范。,本地常住人口，四季生活规律，度假频次为常规年假出行。
青_2008_01179,青岛,2008,山东省内异地,58,女,1.4,11.1,0.45,18.4,3,1,是,C,network,0.76,0.51,0.71,0.55,0.27,0.75,0,0.32,0.63,自住-首套,两室两厅,66,1954,市第二中学地理教师,三口之家(学龄段),与父母同住，三代人拥挤在旧区小户型老房中,小区无地下车库且人车不分流，小孩在楼下玩耍或者推婴儿车极为不安全。,要求有超大面宽南向双阳台（观景家政分离），主卧大飘窗能270度直面自然景观。,在市中心核心写字楼工作，首选半小时核心通勤圈内。,爱猫狗，喜欢烹饪和插花，主打经济舒适的生活小确幸。,夫妻双方积蓄 + 双方父母出资赞助首付 + 公积金商业组合贷款,重性价比，不盲信大牌，但要求物业管理有序、绿化修剪及时、人防技防规范。,本地常住人口，四季生活规律，度假频次为常规年假出行。
青_2008_01180,青岛,2008,高端海景收藏,60,女,26.5,326.0,0.6,407.5,1,0,否,A,network,0.77,0.33,1,0.81,0.88,0.69,0,0,0.74,投资-短期,四室两厅,190,18066,知名中医药连锁投资人,高知退休康养,西湖边高精平层,无高端私密会所及管家式物业配套，圈层鱼龙混杂，高净值居住体验差。,要求独立电梯入户，主次卧动线分明，配备独立保姆房和私密后院。,在市中心核心写字楼工作，首选半小时核心通勤圈内。,周末常去高端商圈消费，热衷打网球和马术，重度手冲咖啡及黑胶唱片发烧友。,名下已有企业股权套现或分红现金，一次性全款付清，基本不加杠杆,非仁恒、绿城、万科等金牌开发商不买，极度看重高端精装质量与顶级物业的增值口碑。,本地常住人口，四季生活规律，度假频次为常规年假出行。
青_2008_01181,青岛,2008,本地改善,50,男,2.2,21.9,0.4,41.1,4,1,是,B,agent,0.66,0.41,0.57,0.45,0.61,0.81,0.52,0.75,0.42,自住-改善,两室一厅,85,4054,市第二中学地理教师,三口之家(学龄段),青岛中环品质两居，车位及空间极其拥挤,小区无地下车库且人车不分流，小孩在楼下玩耍或者推婴儿车极为不安全。,讲究超高得房率（超85%），主卧套房必须配备独立步入式衣帽间与干湿分离双卫。,在市中心核心写字楼工作，首选半小时核心通勤圈内。,倡导轻户外，周末常带家人自驾野营或山系徒步，注重生活情调与手作咖啡。,名下持有一套旧两居，置换回款 65% + 个人理财储蓄补充 + 公积金商业贷,重性价比，不盲信大牌，但要求物业管理有序、绿化修剪及时、人防技防规范。,本地常住人口，四季生活规律，度假频次为常规年假出行。
青_2008_01182,青岛,2008,山东省内异地,52,女,1.1,8.9,0.45,14.8,3,1,否,C,network,0.91,0.53,0.69,0.52,0.37,0.72,0.19,0.51,0.57,自住-首套,两室两厅,62,1211,市第二中学地理教师,三口之家(学龄段),与父母同住，三代人拥挤在旧区小户型老房中,小区无地下车库且人车不分流，小孩在楼下玩耍或者推婴儿车极为不安全。,讲究超高得房率（超85%），主卧套房必须配备独立步入式衣帽间与干湿分离双卫。,在市中心核心写字楼工作，首选半小时核心通勤圈内。,爱猫狗，喜欢烹饪和插花，主打经济舒适的生活小确幸。,夫妻双方积蓄 + 双方父母出资赞助首付 + 公积金商业组合贷款,重性价比，不盲信大牌，但要求物业管理有序、绿化修剪及时、人防技防规范。,本地常住人口，四季生活规律，度假频次为常规年假出行。
青_2008_01183,青岛,2008,本地改善,45,女,1.3,8.8,0.4,16.5,5,1,是,B,agent,1,0.56,0.66,0.53,0.47,0.82,0.43,0.71,0.5,自住-改善,两室一厅,79,1142,国企车间技术主任,三口之家(学龄段),青岛中环品质两居，车位及空间极其拥挤,小区无地下车库且人车不分流，小孩在楼下玩耍或者推婴儿车极为不安全。,讲究超高得房率（超85%），主卧套房必须配备独立步入式衣帽间与干湿分离双卫。,在市中心核心写字楼工作，首选半小时核心通勤圈内。,倡导轻户外，周末常带家人自驾野营或山系徒步，注重生活情调与手作咖啡。,名下持有一套旧两居，置换回款 65% + 个人理财储蓄补充 + 公积金商业贷,重性价比，不盲信大牌，但要求物业管理有序、绿化修剪及时、人防技防规范。,本地常住人口，四季生活规律，度假频次为常规年假出行。
青_2008_01184,青岛,2008,本地改善,54,男,2.3,19.1,0.4,35.8,4,2,否,B,agent,0.58,0.41,0.58,0.41,0.55,0.8,0.85,0.77,0.54,自住-改善,两室一厅,91,2164,邮政局局长秘书,二胎黄金期中大户型,青岛中环品质两居，车位及空间极其拥挤,小区无地下车库且人车不分流，小孩在楼下玩耍或者推婴儿车极为不安全。,讲究超高得房率（超85%），主卧套房必须配备独立步入式衣帽间与干湿分离双卫。,在市中心核心写字楼工作，首选半小时核心通勤圈内。,倡导轻户外，周末常带家人自驾野营或山系徒步，注重生活情调与手作咖啡。,名下持有一套旧两居，置换回款 65% + 个人理财储蓄补充 + 公积金商业贷,重性价比，不盲信大牌，但要求物业管理有序、绿化修剪及时、人防技防规范。,本地常住人口，四季生活规律，度假频次为常规年假出行。
青_2008_01185,青岛,2008,本地改善,37,男,2.0,16.4,0.4,30.7,4,0,否,B,agent,0.86,0.46,0.73,0.57,0.52,0.93,0.65,0.66,0.55,自住-改善,一室一厅,60,4273,国企车间技术主任,成熟期核心家庭,青岛中环品质两居，车位及空间极其拥挤,老小区隔音差，邻里滋扰严重，且车位严重匮乏，每晚加班回来抢车位像打仗。,要求有超大面宽南向双阳台（观景家政分离），主卧大飘窗能270度直面自然景观。,在市中心核心写字楼工作，首选半小时核心通勤圈内。,倡导轻户外，周末常带家人自驾野营或山系徒步，注重生活情调与手作咖啡。,名下持有一套旧两居，置换回款 65% + 个人理财储蓄补充 + 公积金商业贷,重性价比，不盲信大牌，但要求物业管理有序、绿化修剪及时、人防技防规范。,本地常住人口，四季生活规律，度假频次为常规年假出行。
青_2008_01186,青岛,2008,本地改善,40,女,2.8,19.7,0.4,37.0,4,1,是,B,agent,0.55,0.45,0.73,0.45,0.49,0.97,0.54,0.69,0.53,自住-改善,一室一厅,83,2382,市第二中学地理教师,三口之家(学龄段),青岛中环品质两居，车位及空间极其拥挤,小区无地下车库且人车不分流，小孩在楼下玩耍或者推婴儿车极为不安全。,要求有超大面宽南向双阳台（观景家政分离），主卧大飘窗能270度直面自然景观。,在市中心核心写字楼工作，首选半小时核心通勤圈内。,倡导轻户外，周末常带家人自驾野营或山系徒步，注重生活情调与手作咖啡。,名下持有一套旧两居，置换回款 65% + 个人理财储蓄补充 + 公积金商业贷,重性价比，不盲信大牌，但要求物业管理有序、绿化修剪及时、人防技防规范。,本地常住人口，四季生活规律，度假频次为常规年假出行。
青_2008_01187,青岛,2008,高端海景收藏,53,女,14.8,152.3,0.6,190.4,1,0,否,A,network,0.49,0.34,0.99,0.92,0.78,0.62,0,0.14,0.76,投资-短期,两室两厅,104,15564,知名中医药连锁投资人,成熟期核心家庭,西湖边高精平层,无高端私密会所及管家式物业配套，圈层鱼龙混杂，高净值居住体验差。,要求独立电梯入户，主次卧动线分明，配备独立保姆房和私密后院。,在市中心核心写字楼工作，首选半小时核心通勤圈内。,周末常去高端商圈消费，热衷打网球和马术，重度手冲咖啡及黑胶唱片发烧友。,名下已有企业股权套现或分红现金，一次性全款付清，基本不加杠杆,非仁恒、绿城、万科等金牌开发商不买，极度看重高端精装质量与顶级物业的增值口碑。,本地常住人口，四季生活规律，度假频次为常规年假出行。
青_2008_01188,青岛,2008,本地改善,54,女,2.7,19.5,0.4,36.6,4,1,是,B,agent,0.74,0.47,0.73,0.42,0.55,0.94,0.62,0.76,0.67,自住-改善,一室一厅,57,4711,邮政局局长秘书,三口之家(学龄段),青岛中环品质两居，车位及空间极其拥挤,小区无地下车库且人车不分流，小孩在楼下玩耍或者推婴儿车极为不安全。,要求有超大面宽南向双阳台（观景家政分离），主卧大飘窗能270度直面自然景观。,在市中心核心写字楼工作，首选半小时核心通勤圈内。,倡导轻户外，周末常带家人自驾野营或山系徒步，注重生活情调与手作咖啡。,名下持有一套旧两居，置换回款 65% + 个人理财储蓄补充 + 公积金商业贷,重性价比，不盲信大牌，但要求物业管理有序、绿化修剪及时、人防技防规范。,本地常住人口，四季生活规律，度假频次为常规年假出行。
青_2008_01189,青岛,2008,本地改善,45,女,2.1,11.8,0.4,22.2,3,1,否,B,agent,0.69,0.44,0.71,0.46,0.48,1,0.72,0.74,0.51,自住-改善,两室两厅,63,3089,市第二中学地理教师,三口之家(学龄段),青岛中环品质两居，车位及空间极其拥挤,小区无地下车库且人车不分流，小孩在楼下玩耍或者推婴儿车极为不安全。,要求有超大面宽南向双阳台（观景家政分离），主卧大飘窗能270度直面自然景观。,在市中心核心写字楼工作，首选半小时核心通勤圈内。,倡导轻户外，周末常带家人自驾野营或山系徒步，注重生活情调与手作咖啡。,名下持有一套旧两居，置换回款 65% + 个人理财储蓄补充 + 公积金商业贷,重性价比，不盲信大牌，但要求物业管理有序、绿化修剪及时、人防技防规范。,本地常住人口，四季生活规律，度假频次为常规年假出行。
青_2008_01190,青岛,2008,学区刚需,42,男,1.7,13.0,0.3,32.5,3,2,否,C,agent,0.8,0.61,0.35,0.32,0.35,0.74,0.45,1,0.41,学区房,两室一厅,80,2079,国企车间技术主任,二胎黄金期中大户型,与父母同住，三代人拥挤在旧区小户型老房中,小区无地下车库且人车不分流，小孩在楼下玩耍或者推婴儿车极为不安全。,讲究超高得房率（超85%），主卧套房必须配备独立步入式衣帽间与干湿分离双卫。,在市中心核心写字楼工作，首选半小时核心通勤圈内。,爱猫狗，喜欢烹饪和插花，主打经济舒适的生活小确幸。,名下持有一套旧两居，置换回款 65% + 个人理财储蓄补充 + 公积金商业贷,重性价比，不盲信大牌，但要求物业管理有序、绿化修剪及时、人防技防规范。,本地常住人口，四季生活规律，度假频次为常规年假出行。
青_2008_01191,青岛,2008,学区刚需,45,男,1.2,8.5,0.3,21.3,2,1,否,C,agent,1.0,0.56,0.45,0.16,0.46,0.73,0.6,0.93,0.49,学区房,两室两厅,76,2435,市第二中学地理教师,三口之家(学龄段),与父母同住，三代人拥挤在旧区小户型老房中,小区无地下车库且人车不分流，小孩在楼下玩耍或者推婴儿车极为不安全。,讲究超高得房率（超85%），主卧套房必须配备独立步入式衣帽间与干湿分离双卫。,在市中心核心写字楼工作，首选半小时核心通勤圈内。,爱猫狗，喜欢烹饪和插花，主打经济舒适的生活小确幸。,名下持有一套旧两居，置换回款 65% + 个人理财储蓄补充 + 公积金商业贷,重性价比，不盲信大牌，但要求物业管理有序、绿化修剪及时、人防技防规范。,本地常住人口，四季生活规律，度假频次为常规年假出行。
青_2008_01192,青岛,2008,本地改善,55,女,2.6,27.3,0.4,51.1,4,1,否,B,agent,0.61,0.51,0.66,0.43,0.58,0.61,0.64,0.6,0.45,自住-改善,两室两厅,99,2793,区财政局科员,三口之家(学龄段),青岛中环品质两居，车位及空间极其拥挤,小区无地下车库且人车不分流，小孩在楼下玩耍或者推婴儿车极为不安全。,要求采光通透，全明户型，带多功能嵌入式收纳墙以最大化空间利用。,在市中心核心写字楼工作，首选半小时核心通勤圈内。,倡导轻户外，周末常带家人自驾野营或山系徒步，注重生活情调与手作咖啡。,名下持有一套旧两居，置换回款 65% + 个人理财储蓄补充 + 公积金商业贷,重性价比，不盲信大牌，但要求物业管理有序、绿化修剪及时、人防技防规范。,本地常住人口，四季生活规律，度假频次为常规年假出行。
青_2008_01193,青岛,2008,高端海景收藏,49,男,16.6,139.9,0.6,174.9,2,0,否,A,network,0.5,0.31,0.97,0.8,0.84,0.47,0.02,0,0.84,投资-长持,三室一厅,98,14009,高端海景资产收藏家,成熟期核心家庭,西湖边高精平层,无高端私密会所及管家式物业配套，圈层鱼龙混杂，高净值居住体验差。,要求独立电梯入户，主次卧动线分明，配备独立保姆房和私密后院。,在市中心核心写字楼工作，首选半小时核心通勤圈内。,周末常去高端商圈消费，热衷打网球和马术，重度手冲咖啡及黑胶唱片发烧友。,名下已有企业股权套现或分红现金，一次性全款付清，基本不加杠杆,非仁恒、绿城、万科等金牌开发商不买，极度看重高端精装质量与顶级物业的增值口碑。,本地常住人口，四季生活规律，度假频次为常规年假出行。
青_2008_01194,青岛,2008,山东省内异地,52,男,3.8,24.6,0.45,41.0,3,0,是,C,network,0.53,0.55,0.94,0.47,0.56,0.71,0.03,0.43,0.51,自住-首套,两室一厅,94,2763,邮政局局长秘书,成熟期核心家庭,与父母同住，三代人拥挤在旧区小户型老房中,当前房屋属于旧多层无电梯房，父母年纪渐高每天爬楼梯极为吃力。,要求有超大面宽南向双阳台（观景家政分离），主卧大飘窗能270度直面自然景观。,在市中心核心写字楼工作，首选半小时核心通勤圈内。,爱猫狗，喜欢烹饪和插花，主打经济舒适的生活小确幸。,夫妻双方积蓄 + 双方父母出资赞助首付 + 公积金商业组合贷款,重性价比，不盲信大牌，但要求物业管理有序、绿化修剪及时、人防技防规范。,本地常住人口，四季生活规律，度假频次为常规年假出行。
青_2008_01195,青岛,2008,本地改善,46,男,1.9,11.0,0.4,20.7,4,1,否,B,agent,0.62,0.54,0.83,0.41,0.49,0.89,0.58,0.73,0.52,自住-改善,两室两厅,61,1715,邮政局局长秘书,三口之家(学龄段),青岛中环品质两居，车位及空间极其拥挤,小区无地下车库且人车不分流，小孩在楼下玩耍或者推婴儿车极为不安全。,要求有超大面宽南向双阳台（观景家政分离），主卧大飘窗能270度直面自然景观。,在市中心核心写字楼工作，首选半小时核心通勤圈内。,倡导轻户外，周末常带家人自驾野营或山系徒步，注重生活情调与手作咖啡。,名下持有一套旧两居，置换回款 65% + 个人理财储蓄补充 + 公积金商业贷,重性价比，不盲信大牌，但要求物业管理有序、绿化修剪及时、人防技防规范。,本地常住人口，四季生活规律，度假频次为常规年假出行。
青_2008_01196,青岛,2008,本地改善,46,男,2.6,17.7,0.4,33.3,4,1,否,B,agent,0.86,0.44,0.74,0.49,0.43,0.93,0.54,0.74,0.48,自住-改善,两室两厅,79,2593,区财政局科员,三口之家(学龄段),青岛中环品质两居，车位及空间极其拥挤,小区无地下车库且人车不分流，小孩在楼下玩耍或者推婴儿车极为不安全。,要求有超大面宽南向双阳台（观景家政分离），主卧大飘窗能270度直面自然景观。,在市中心核心写字楼工作，首选半小时核心通勤圈内。,倡导轻户外，周末常带家人自驾野营或山系徒步，注重生活情调与手作咖啡。,名下持有一套旧两居，置换回款 65% + 个人理财储蓄补充 + 公积金商业贷,重性价比，不盲信大牌，但要求物业管理有序、绿化修剪及时、人防技防规范。,本地常住人口，四季生活规律，度假频次为常规年假出行。
青_2008_01197,青岛,2008,本地改善,54,女,2.6,25.5,0.4,47.7,4,1,否,B,agent,0.58,0.39,0.77,0.44,0.4,0.84,0.62,0.71,0.52,自住-改善,两室两厅,87,3658,区财政局科员,三口之家(学龄段),青岛中环品质两居，车位及空间极其拥挤,小区无地下车库且人车不分流，小孩在楼下玩耍或者推婴儿车极为不安全。,要求有超大面宽南向双阳台（观景家政分离），主卧大飘窗能270度直面自然景观。,在市中心核心写字楼工作，首选半小时核心通勤圈内。,倡导轻户外，周末常带家人自驾野营或山系徒步，注重生活情调与手作咖啡。,名下持有一套旧两居，置换回款 65% + 个人理财储蓄补充 + 公积金商业贷,重性价比，不盲信大牌，但要求物业管理有序、绿化修剪及时、人防技防规范。,本地常住人口，四季生活规律，度假频次为常规年假出行。
青_2008_01198,青岛,2008,本地改善,36,女,1.7,17.6,0.4,32.9,5,1,是,B,agent,0.39,0.33,0.86,0.42,0.48,0.81,0.59,0.66,0.67,自住-改善,两室一厅,78,2535,邮政局局长秘书,三口之家(幼龄段),青岛中环品质两居，车位及空间极其拥挤,小区无地下车库且人车不分流，小孩在楼下玩耍或者推婴儿车极为不安全。,要求有超大面宽南向双阳台（观景家政分离），主卧大飘窗能270度直面自然景观。,在市中心核心写字楼工作，首选半小时核心通勤圈内。,倡导轻户外，周末常带家人自驾野营或山系徒步，注重生活情调与手作咖啡。,名下持有一套旧两居，置换回款 65% + 个人理财储蓄补充 + 公积金商业贷,重性价比，不盲信大牌，但要求物业管理有序、绿化修剪及时、人防技防规范。,本地常住人口，四季生活规律，度假频次为常规年假出行。
青_2008_01199,青岛,2008,本地改善,45,男,3.7,30.2,0.4,56.7,4,1,否,B,agent,0.86,0.59,0.74,0.46,0.49,0.73,0.69,0.61,0.41,自住-改善,两室两厅,64,7762,市第二中学地理教师,三口之家(学龄段),青岛中环品质两居，车位及空间极其拥挤,小区无地下车库且人车不分流，小孩在楼下玩耍或者推婴儿车极为不安全。,要求有超大面宽南向双阳台（观景家政分离），主卧大飘窗能270度直面自然景观。,在市中心核心写字楼工作，首选半小时核心通勤圈内。,倡导轻户外，周末常带家人自驾野营或山系徒步，注重生活情调与手作咖啡。,名下持有一套旧两居，置换回款 65% + 个人理财储蓄补充 + 公积金商业贷,重性价比，不盲信大牌，但要求物业管理有序、绿化修剪及时、人防技防规范。,本地常住人口，四季生活规律，度假频次为常规年假出行。
青_2008_01200,青岛,2008,本地改善,45,男,2.3,21.9,0.4,41.1,4,1,否,B,agent,0.9,0.6,0.72,0.57,0.56,0.71,0.55,0.68,0.59,自住-改善,两室两厅,76,2843,国企车间技术主任,三口之家(学龄段),青岛中环品质两居，车位及空间极其拥挤,小区无地下车库且人车不分流，小孩在楼下玩耍或者推婴儿车极为不安全。,要求有超大面宽南向双阳台（观景家政分离），主卧大飘窗能270度直面自然景观。,在市中心核心写字楼工作，首选半小时核心通勤圈内。,倡导轻户外，周末常带家人自驾野营或山系徒步，注重生活情调与手作咖啡。,名下持有一套旧两居，置换回款 65% + 个人理财储蓄补充 + 公积金商业贷,重性价比，不盲信大牌，但要求物业管理有序、绿化修剪及时、人防技防规范。,本地常住人口，四季生活规律，度假频次为常规年假出行。
青_2008_01201,青岛,2008,学区刚需,41,男,1.4,9.0,0.3,22.4,3,1,是,C,agent,1,0.48,0.3,0.35,0.24,0.85,0.49,0.99,0.47,学区房,两室一厅,100,1697,市第二中学地理教师,三口之家(学龄段),与父母同住，三代人拥挤在旧区小户型老房中,小区无地下车库且人车不分流，小孩在楼下玩耍或者推婴儿车极为不安全。,讲究超高得房率（超85%），主卧套房必须配备独立步入式衣帽间与干湿分离双卫。,在市中心核心写字楼工作，首选半小时核心通勤圈内。,爱猫狗，喜欢烹饪和插花，主打经济舒适的生活小确幸。,名下持有一套旧两居，置换回款 65% + 个人理财储蓄补充 + 公积金商业贷,重性价比，不盲信大牌，但要求物业管理有序、绿化修剪及时、人防技防规范。,本地常住人口，四季生活规律，度假频次为常规年假出行。
青_2008_01202,青岛,2008,山东省内异地,51,女,1.0,5.5,0.45,9.1,2,1,是,C,network,0.93,0.48,0.97,0.3,0.43,0.59,0,0.52,0.63,自住-首套,两室一厅,53,960,国企车间技术主任,三口之家(学龄段),与父母同住，三代人拥挤在旧区小户型老房中,小区无地下车库且人车不分流，小孩在楼下玩耍或者推婴儿车极为不安全。,要求有超大面宽南向双阳台（观景家政分离），主卧大飘窗能270度直面自然景观。,在市中心核心写字楼工作，首选半小时核心通勤圈内。,爱猫狗，喜欢烹饪和插花，主打经济舒适的生活小确幸。,夫妻双方积蓄 + 双方父母出资赞助首付 + 公积金商业组合贷款,重性价比，不盲信大牌，但要求物业管理有序、绿化修剪及时、人防技防规范。,本地常住人口，四季生活规律，度假频次为常规年假出行。
青_2008_01203,青岛,2008,本地改善,40,女,1.2,7.1,0.4,13.4,4,0,否,B,agent,0.67,0.64,0.84,0.54,0.54,0.83,0.56,0.59,0.57,自住-改善,两室一厅,85,1074,区财政局科员,成熟期核心家庭,青岛中环品质两居，车位及空间极其拥挤,老小区隔音差，邻里滋扰严重，且车位严重匮乏，每晚加班回来抢车位像打仗。,要求有超大面宽南向双阳台（观景家政分离），主卧大飘窗能270度直面自然景观。,在市中心核心写字楼工作，首选半小时核心通勤圈内。,倡导轻户外，周末常带家人自驾野营或山系徒步，注重生活情调与手作咖啡。,名下持有一套旧两居，置换回款 65% + 个人理财储蓄补充 + 公积金商业贷,重性价比，不盲信大牌，但要求物业管理有序、绿化修剪及时、人防技防规范。,本地常住人口，四季生活规律，度假频次为常规年假出行。
青_2008_01204,青岛,2008,学区刚需,34,女,1.9,11.3,0.3,28.4,3,2,否,C,agent,1,0.57,0.58,0.4,0.39,0.68,0.6,0.82,0.57,学区房,一室一厅,75,2203,国企车间技术主任,二胎黄金期中大户型,与父母同住，三代人拥挤在旧区小户型老房中,小区无地下车库且人车不分流，小孩在楼下玩耍或者推婴儿车极为不安全。,核心要求地块属于第一梯队名校学区，且周边500米内解决幼小衔接教育配套。,在市中心核心写字楼工作，首选半小时核心通勤圈内。,爱猫狗，喜欢烹饪和插花，主打经济舒适的生活小确幸。,名下持有一套旧两居，置换回款 65% + 个人理财储蓄补充 + 公积金商业贷,重性价比，不盲信大牌，但要求物业管理有序、绿化修剪及时、人防技防规范。,本地常住人口，四季生活规律，度假频次为常规年假出行。
青_2008_01205,青岛,2008,学区刚需,31,男,2.3,11.0,0.3,27.4,4,1,是,C,agent,1,0.5,0.38,0.28,0.26,0.69,0.51,0.99,0.51,学区房,两室两厅,81,2274,区财政局科员,三口之家(幼龄段),与父母同住，三代人拥挤在旧区小户型老房中,小区无地下车库且人车不分流，小孩在楼下玩耍或者推婴儿车极为不安全。,核心要求地块属于第一梯队名校学区，且周边500米内解决幼小衔接教育配套。,在市中心核心写字楼工作，首选半小时核心通勤圈内。,爱猫狗，喜欢烹饪和插花，主打经济舒适的生活小确幸。,名下持有一套旧两居，置换回款 65% + 个人理财储蓄补充 + 公积金商业贷,重性价比，不盲信大牌，但要求物业管理有序、绿化修剪及时、人防技防规范。,本地常住人口，四季生活规律，度假频次为常规年假出行。
青_2008_01206,青岛,2008,学区刚需,33,男,1.6,8.6,0.3,21.6,3,2,否,C,agent,1,0.51,0.45,0.2,0.38,0.74,0.61,0.97,0.49,学区房,两室一厅,79,1662,邮政局局长秘书,二胎黄金期中大户型,与父母同住，三代人拥挤在旧区小户型老房中,小区无地下车库且人车不分流，小孩在楼下玩耍或者推婴儿车极为不安全。,讲究超高得房率（超85%），主卧套房必须配备独立步入式衣帽间与干湿分离双卫。,在市中心核心写字楼工作，首选半小时核心通勤圈内。,爱猫狗，喜欢烹饪和插花，主打经济舒适的生活小确幸。,名下持有一套旧两居，置换回款 65% + 个人理财储蓄补充 + 公积金商业贷,重性价比，不盲信大牌，但要求物业管理有序、绿化修剪及时、人防技防规范。,本地常住人口，四季生活规律，度假频次为常规年假出行。
青_2008_01207,青岛,2008,山东省内异地,40,女,2.0,15.7,0.45,26.2,3,1,否,C,network,0.43,0.61,0.87,0.54,0.36,0.75,0.04,0.4,0.46,自住-首套,两室一厅,86,1852,市第二中学地理教师,三口之家(学龄段),与父母同住，三代人拥挤在旧区小户型老房中,小区无地下车库且人车不分流，小孩在楼下玩耍或者推婴儿车极为不安全。,要求有超大面宽南向双阳台（观景家政分离），主卧大飘窗能270度直面自然景观。,在市中心核心写字楼工作，首选半小时核心通勤圈内。,爱猫狗，喜欢烹饪和插花，主打经济舒适的生活小确幸。,夫妻双方积蓄 + 双方父母出资赞助首付 + 公积金商业组合贷款,重性价比，不盲信大牌，但要求物业管理有序、绿化修剪及时、人防技防规范。,本地常住人口，四季生活规律，度假频次为常规年假出行。
青_2008_01208,青岛,2008,本地改善,43,男,2.1,14.2,0.4,26.6,3,1,否,B,agent,0.76,0.59,0.73,0.43,0.53,0.86,0.56,0.73,0.56,自住-改善,两室一厅,86,1993,市第二中学地理教师,三口之家(学龄段),青岛中环品质两居，车位及空间极其拥挤,小区无地下车库且人车不分流，小孩在楼下玩耍或者推婴儿车极为不安全。,要求有超大面宽南向双阳台（观景家政分离），主卧大飘窗能270度直面自然景观。,在市中心核心写字楼工作，首选半小时核心通勤圈内。,倡导轻户外，周末常带家人自驾野营或山系徒步，注重生活情调与手作咖啡。,名下持有一套旧两居，置换回款 65% + 个人理财储蓄补充 + 公积金商业贷,重性价比，不盲信大牌，但要求物业管理有序、绿化修剪及时、人防技防规范。,本地常住人口，四季生活规律，度假频次为常规年假出行。
青_2008_01209,青岛,2008,山东省内异地,53,女,1.7,11.9,0.45,19.8,3,0,否,C,network,0.6,0.5,0.77,0.48,0.51,0.6,0.02,0.31,0.54,自住-改善,一室一厅,75,2032,国企车间技术主任,成熟期核心家庭,与父母同住，三代人拥挤在旧区小户型老房中,老小区隔音差，邻里滋扰严重，且车位严重匮乏，每晚加班回来抢车位像打仗。,要求有超大面宽南向双阳台（观景家政分离），主卧大飘窗能270度直面自然景观。,在市中心核心写字楼工作，首选半小时核心通勤圈内。,爱猫狗，喜欢烹饪和插花，主打经济舒适的生活小确幸。,名下持有一套旧两居，置换回款 65% + 个人理财储蓄补充 + 公积金商业贷,重性价比，不盲信大牌，但要求物业管理有序、绿化修剪及时、人防技防规范。,本地常住人口，四季生活规律，度假频次为常规年假出行。
青_2008_01210,青岛,2008,山东省内异地,56,女,2.1,14.5,0.45,24.2,2,2,否,C,network,0.73,0.5,0.96,0.46,0.5,0.74,0.06,0.42,0.48,自住-改善,两室一厅,75,2681,邮政局局长秘书,二胎黄金期中大户型,与父母同住，三代人拥挤在旧区小户型老房中,小区无地下车库且人车不分流，小孩在楼下玩耍或者推婴儿车极为不安全。,要求有超大面宽南向双阳台（观景家政分离），主卧大飘窗能270度直面自然景观。,在市中心核心写字楼工作，首选半小时核心通勤圈内。,爱猫狗，喜欢烹饪和插花，主打经济舒适的生活小确幸。,名下持有一套旧两居，置换回款 65% + 个人理财储蓄补充 + 公积金商业贷,重性价比，不盲信大牌，但要求物业管理有序、绿化修剪及时、人防技防规范。,本地常住人口，四季生活规律，度假频次为常规年假出行。
青_2008_01211,青岛,2008,本地改善,43,女,3.5,26.3,0.4,49.2,4,1,是,B,agent,0.36,0.47,0.75,0.58,0.4,0.8,0.7,0.8,0.67,自住-改善,两室两厅,63,4462,市第二中学地理教师,三口之家(学龄段),青岛中环品质两居，车位及空间极其拥挤,小区无地下车库且人车不分流，小孩在楼下玩耍或者推婴儿车极为不安全。,要求有超大面宽南向双阳台（观景家政分离），主卧大飘窗能270度直面自然景观。,在市中心核心写字楼工作，首选半小时核心通勤圈内。,倡导轻户外，周末常带家人自驾野营或山系徒步，注重生活情调与手作咖啡。,名下持有一套旧两居，置换回款 65% + 个人理财储蓄补充 + 公积金商业贷,重性价比，不盲信大牌，但要求物业管理有序、绿化修剪及时、人防技防规范。,本地常住人口，四季生活规律，度假频次为常规年假出行。
青_2008_01212,青岛,2008,山东省内异地,42,女,4.3,39.5,0.45,65.8,2,1,否,C,network,0.83,0.57,0.87,0.47,0.56,0.72,0,0.32,0.42,自住-改善,两室一厅,68,7283,国企车间技术主任,三口之家(学龄段),与父母同住，三代人拥挤在旧区小户型老房中,小区无地下车库且人车不分流，小孩在楼下玩耍或者推婴儿车极为不安全。,要求有超大面宽南向双阳台（观景家政分离），主卧大飘窗能270度直面自然景观。,在市中心核心写字楼工作，首选半小时核心通勤圈内。,爱猫狗，喜欢烹饪和插花，主打经济舒适的生活小确幸。,名下持有一套旧两居，置换回款 65% + 个人理财储蓄补充 + 公积金商业贷,重性价比，不盲信大牌，但要求物业管理有序、绿化修剪及时、人防技防规范。,本地常住人口，四季生活规律，度假频次为常规年假出行。
青_2008_01213,青岛,2008,山东省内异地,48,男,4.6,46.1,0.45,76.9,3,1,否,C,network,0.7,0.5,0.89,0.42,0.48,0.69,0,0.39,0.45,自住-改善,一室一厅,55,12455,市第二中学地理教师,三口之家(学龄段),与父母同住，三代人拥挤在旧区小户型老房中,小区无地下车库且人车不分流，小孩在楼下玩耍或者推婴儿车极为不安全。,要求有超大面宽南向双阳台（观景家政分离），主卧大飘窗能270度直面自然景观。,在市中心核心写字楼工作，首选半小时核心通勤圈内。,爱猫狗，喜欢烹饪和插花，主打经济舒适的生活小确幸。,名下持有一套旧两居，置换回款 65% + 个人理财储蓄补充 + 公积金商业贷,重性价比，不盲信大牌，但要求物业管理有序、绿化修剪及时、人防技防规范。,本地常住人口，四季生活规律，度假频次为常规年假出行。
青_2008_01214,青岛,2008,本地改善,40,女,1.9,16.8,0.4,31.6,2,0,否,B,agent,0.59,0.52,0.95,0.52,0.52,0.88,0.56,0.67,0.57,自住-改善,一室一厅,55,3174,邮政局局长秘书,成熟期核心家庭,青岛中环品质两居，车位及空间极其拥挤,老小区隔音差，邻里滋扰严重，且车位严重匮乏，每晚加班回来抢车位像打仗。,要求有超大面宽南向双阳台（观景家政分离），主卧大飘窗能270度直面自然景观。,在市中心核心写字楼工作，首选半小时核心通勤圈内。,倡导轻户外，周末常带家人自驾野营或山系徒步，注重生活情调与手作咖啡。,名下持有一套旧两居，置换回款 65% + 个人理财储蓄补充 + 公积金商业贷,重性价比，不盲信大牌，但要求物业管理有序、绿化修剪及时、人防技防规范。,本地常住人口，四季生活规律，度假频次为常规年假出行。
青_2008_01215,青岛,2008,本地改善,35,女,3.5,29.4,0.4,55.2,4,1,是,B,agent,0.82,0.47,0.7,0.53,0.54,0.83,0.5,0.73,0.57,自住-改善,两室一厅,81,3632,区财政局科员,三口之家(幼龄段),青岛中环品质两居，车位及空间极其拥挤,小区无地下车库且人车不分流，小孩在楼下玩耍或者推婴儿车极为不安全。,讲究超高得房率（超85%），主卧套房必须配备独立步入式衣帽间与干湿分离双卫。,在市中心核心写字楼工作，首选半小时核心通勤圈内。,倡导轻户外，周末常带家人自驾野营或山系徒步，注重生活情调与手作咖啡。,名下持有一套旧两居，置换回款 65% + 个人理财储蓄补充 + 公积金商业贷,重性价比，不盲信大牌，但要求物业管理有序、绿化修剪及时、人防技防规范。,本地常住人口，四季生活规律，度假频次为常规年假出行。
青_2008_01216,青岛,2008,本地改善,37,女,3.5,31.2,0.4,58.5,5,0,是,B,agent,0.74,0.53,0.76,0.37,0.42,0.8,0.57,0.73,0.55,自住-改善,两室两厅,72,5392,国企车间技术主任,成熟期核心家庭,青岛中环品质两居，车位及空间极其拥挤,当前房屋属于旧多层无电梯房，父母年纪渐高每天爬楼梯极为吃力。,要求有超大面宽南向双阳台（观景家政分离），主卧大飘窗能270度直面自然景观。,在市中心核心写字楼工作，首选半小时核心通勤圈内。,倡导轻户外，周末常带家人自驾野营或山系徒步，注重生活情调与手作咖啡。,名下持有一套旧两居，置换回款 65% + 个人理财储蓄补充 + 公积金商业贷,重性价比，不盲信大牌，但要求物业管理有序、绿化修剪及时、人防技防规范。,本地常住人口，四季生活规律，度假频次为常规年假出行。
青_2008_01217,青岛,2008,本地改善,40,女,1.6,16.1,0.4,30.2,5,1,否,B,agent,0.72,0.38,0.74,0.38,0.48,0.89,0.62,0.68,0.48,自住-改善,一室一厅,93,1887,邮政局局长秘书,三口之家(学龄段),青岛中环品质两居，车位及空间极其拥挤,小区无地下车库且人车不分流，小孩在楼下玩耍或者推婴儿车极为不安全。,要求有超大面宽南向双阳台（观景家政分离），主卧大飘窗能270度直面自然景观。,在市中心核心写字楼工作，首选半小时核心通勤圈内。,倡导轻户外，周末常带家人自驾野营或山系徒步，注重生活情调与手作咖啡。,名下持有一套旧两居，置换回款 65% + 个人理财储蓄补充 + 公积金商业贷,重性价比，不盲信大牌，但要求物业管理有序、绿化修剪及时、人防技防规范。,本地常住人口，四季生活规律，度假频次为常规年假出行。
青_2008_01218,青岛,2008,本地改善,37,男,2.4,15.6,0.4,29.2,3,0,否,B,agent,0.69,0.55,0.86,0.4,0.5,0.79,0.5,0.76,0.5,自住-改善,两室一厅,53,3971,区财政局科员,成熟期核心家庭,青岛中环品质两居，车位及空间极其拥挤,老小区隔音差，邻里滋扰严重，且车位严重匮乏，每晚加班回来抢车位像打仗。,要求有超大面宽南向双阳台（观景家政分离），主卧大飘窗能270度直面自然景观。,在市中心核心写字楼工作，首选半小时核心通勤圈内。,倡导轻户外，周末常带家人自驾野营或山系徒步，注重生活情调与手作咖啡。,名下持有一套旧两居，置换回款 65% + 个人理财储蓄补充 + 公积金商业贷,重性价比，不盲信大牌，但要求物业管理有序、绿化修剪及时、人防技防规范。,本地常住人口，四季生活规律，度假频次为常规年假出行。
青_2008_01219,青岛,2008,山东省内异地,43,男,1.7,9.3,0.45,15.5,3,1,否,C,network,0.78,0.58,0.88,0.54,0.46,0.63,0,0.45,0.6,自住-改善,一室一厅,51,2466,国企车间技术主任,三口之家(学龄段),与父母同住，三代人拥挤在旧区小户型老房中,小区无地下车库且人车不分流，小孩在楼下玩耍或者推婴儿车极为不安全。,要求有超大面宽南向双阳台（观景家政分离），主卧大飘窗能270度直面自然景观。,在市中心核心写字楼工作，首选半小时核心通勤圈内。,爱猫狗，喜欢烹饪和插花，主打经济舒适的生活小确幸。,名下持有一套旧两居，置换回款 65% + 个人理财储蓄补充 + 公积金商业贷,重性价比，不盲信大牌，但要求物业管理有序、绿化修剪及时、人防技防规范。,本地常住人口，四季生活规律，度假频次为常规年假出行。
青_2008_01220,青岛,2008,本地改善,52,女,2.9,22.0,0.4,41.3,5,2,否,B,agent,0.53,0.54,0.55,0.32,0.41,0.89,0.59,0.61,0.56,自住-改善,两室两厅,58,5691,国企车间技术主任,二胎黄金期中大户型,青岛中环品质两居，车位及空间极其拥挤,小区无地下车库且人车不分流，小孩在楼下玩耍或者推婴儿车极为不安全。,讲究超高得房率（超85%），主卧套房必须配备独立步入式衣帽间与干湿分离双卫。,在市中心核心写字楼工作，首选半小时核心通勤圈内。,倡导轻户外，周末常带家人自驾野营或山系徒步，注重生活情调与手作咖啡。,名下持有一套旧两居，置换回款 65% + 个人理财储蓄补充 + 公积金商业贷,重性价比，不盲信大牌，但要求物业管理有序、绿化修剪及时、人防技防规范。,本地常住人口，四季生活规律，度假频次为常规年假出行。
青_2008_01221,青岛,2008,山东省内异地,50,男,2.5,25.6,0.45,42.7,3,1,是,C,network,0.63,0.7,0.79,0.51,0.53,0.81,0.04,0.34,0.52,自住-改善,一室一厅,96,3278,市第二中学地理教师,三口之家(学龄段),与父母同住，三代人拥挤在旧区小户型老房中,小区无地下车库且人车不分流，小孩在楼下玩耍或者推婴儿车极为不安全。,要求有超大面宽南向双阳台（观景家政分离），主卧大飘窗能270度直面自然景观。,在市中心核心写字楼工作，首选半小时核心通勤圈内。,爱猫狗，喜欢烹饪和插花，主打经济舒适的生活小确幸。,名下持有一套旧两居，置换回款 65% + 个人理财储蓄补充 + 公积金商业贷,重性价比，不盲信大牌，但要求物业管理有序、绿化修剪及时、人防技防规范。,本地常住人口，四季生活规律，度假频次为常规年假出行。
青_2008_01222,青岛,2008,本地改善,53,女,1.6,12.4,0.4,23.2,4,1,否,B,agent,0.81,0.43,0.75,0.47,0.53,0.87,0.61,0.8,0.53,自住-改善,一室一厅,53,2485,邮政局局长秘书,三口之家(学龄段),青岛中环品质两居，车位及空间极其拥挤,小区无地下车库且人车不分流，小孩在楼下玩耍或者推婴儿车极为不安全。,要求有超大面宽南向双阳台（观景家政分离），主卧大飘窗能270度直面自然景观。,在市中心核心写字楼工作，首选半小时核心通勤圈内。,倡导轻户外，周末常带家人自驾野营或山系徒步，注重生活情调与手作咖啡。,名下持有一套旧两居，置换回款 65% + 个人理财储蓄补充 + 公积金商业贷,重性价比，不盲信大牌，但要求物业管理有序、绿化修剪及时、人防技防规范。,本地常住人口，四季生活规律，度假频次为常规年假出行。
青_2008_01223,青岛,2008,学区刚需,43,男,0.9,5.4,0.3,13.5,3,1,否,C,agent,0.59,0.5,0.43,0.36,0.33,0.72,0.51,0.87,0.5,学区房,两室两厅,99,1035,国企车间技术主任,三口之家(学龄段),与父母同住，三代人拥挤在旧区小户型老房中,小区无地下车库且人车不分流，小孩在楼下玩耍或者推婴儿车极为不安全。,讲究超高得房率（超85%），主卧套房必须配备独立步入式衣帽间与干湿分离双卫。,在市中心核心写字楼工作，首选半小时核心通勤圈内。,爱猫狗，喜欢烹饪和插花，主打经济舒适的生活小确幸。,名下持有一套旧两居，置换回款 65% + 个人理财储蓄补充 + 公积金商业贷,重性价比，不盲信大牌，但要求物业管理有序、绿化修剪及时、人防技防规范。,本地常住人口，四季生活规律，度假频次为常规年假出行。
青_2008_01224,青岛,2008,本地改善,49,女,1.0,9.7,0.4,18.2,4,0,否,B,agent,0.66,0.58,0.67,0.43,0.54,0.76,0.54,0.66,0.57,自住-改善,两室两厅,83,1341,邮政局局长秘书,成熟期核心家庭,青岛中环品质两居，车位及空间极其拥挤,老小区隔音差，邻里滋扰严重，且车位严重匮乏，每晚加班回来抢车位像打仗。,讲究超高得房率（超85%），主卧套房必须配备独立步入式衣帽间与干湿分离双卫。,在市中心核心写字楼工作，首选半小时核心通勤圈内。,倡导轻户外，周末常带家人自驾野营或山系徒步，注重生活情调与手作咖啡。,名下持有一套旧两居，置换回款 65% + 个人理财储蓄补充 + 公积金商业贷,重性价比，不盲信大牌，但要求物业管理有序、绿化修剪及时、人防技防规范。,本地常住人口，四季生活规律，度假频次为常规年假出行。
青_2008_01225,青岛,2008,本地改善,42,女,1.4,12.8,0.4,24.1,3,1,否,B,agent,0.88,0.45,0.76,0.35,0.61,0.9,0.66,0.8,0.58,自住-改善,两室一厅,54,3545,市第二中学地理教师,三口之家(学龄段),青岛中环品质两居，车位及空间极其拥挤,小区无地下车库且人车不分流，小孩在楼下玩耍或者推婴儿车极为不安全。,要求有超大面宽南向双阳台（观景家政分离），主卧大飘窗能270度直面自然景观。,在市中心核心写字楼工作，首选半小时核心通勤圈内。,倡导轻户外，周末常带家人自驾野营或山系徒步，注重生活情调与手作咖啡。,名下持有一套旧两居，置换回款 65% + 个人理财储蓄补充 + 公积金商业贷,重性价比，不盲信大牌，但要求物业管理有序、绿化修剪及时、人防技防规范。,本地常住人口，四季生活规律，度假频次为常规年假出行。
青_2008_01226,青岛,2008,山东省内异地,58,男,2.1,19.3,0.45,32.2,3,1,否,C,network,0.68,0.6,0.79,0.67,0.48,0.65,0,0.3,0.55,自住-首套,两室一厅,78,3213,邮政局局长秘书,三口之家(学龄段),与父母同住，三代人拥挤在旧区小户型老房中,小区无地下车库且人车不分流，小孩在楼下玩耍或者推婴儿车极为不安全。,要求有超大面宽南向双阳台（观景家政分离），主卧大飘窗能270度直面自然景观。,在市中心核心写字楼工作，首选半小时核心通勤圈内。,爱猫狗，喜欢烹饪和插花，主打经济舒适的生活小确幸。,夫妻双方积蓄 + 双方父母出资赞助首付 + 公积金商业组合贷款,重性价比，不盲信大牌，但要求物业管理有序、绿化修剪及时、人防技防规范。,本地常住人口，四季生活规律，度假频次为常规年假出行。
青_2008_01227,青岛,2008,本地改善,54,男,2.7,27.3,0.4,51.2,4,1,否,B,agent,0.99,0.32,0.78,0.44,0.55,0.82,0.59,0.75,0.59,自住-改善,两室一厅,67,4655,邮政局局长秘书,三口之家(学龄段),青岛中环品质两居，车位及空间极其拥挤,小区无地下车库且人车不分流，小孩在楼下玩耍或者推婴儿车极为不安全。,要求有超大面宽南向双阳台（观景家政分离），主卧大飘窗能270度直面自然景观。,在市中心核心写字楼工作，首选半小时核心通勤圈内。,倡导轻户外，周末常带家人自驾野营或山系徒步，注重生活情调与手作咖啡。,名下持有一套旧两居，置换回款 65% + 个人理财储蓄补充 + 公积金商业贷,重性价比，不盲信大牌，但要求物业管理有序、绿化修剪及时、人防技防规范。,本地常住人口，四季生活规律，度假频次为常规年假出行。
青_2008_01228,青岛,2008,山东省内异地,49,男,1.7,10.9,0.45,18.2,4,2,是,C,network,0.82,0.49,0.87,0.53,0.55,0.67,0,0.41,0.56,自住-改善,两室两厅,89,1839,区财政局科员,二胎黄金期中大户型,与父母同住，三代人拥挤在旧区小户型老房中,小区无地下车库且人车不分流，小孩在楼下玩耍或者推婴儿车极为不安全。,要求有超大面宽南向双阳台（观景家政分离），主卧大飘窗能270度直面自然景观。,在市中心核心写字楼工作，首选半小时核心通勤圈内。,爱猫狗，喜欢烹饪和插花，主打经济舒适的生活小确幸。,名下持有一套旧两居，置换回款 65% + 个人理财储蓄补充 + 公积金商业贷,重性价比，不盲信大牌，但要求物业管理有序、绿化修剪及时、人防技防规范。,本地常住人口，四季生活规律，度假频次为常规年假出行。
青_2008_01229,青岛,2008,北方度假投资,47,男,3.2,26.6,0.5,39.9,2,0,否,B,research,0.83,0.41,0.97,0.61,0.54,0.43,0,0.12,0.74,投资-长持,一室一厅,63,5690,知名中医药连锁投资人,成熟期核心家庭,青岛中环品质两居，车位及空间极其拥挤,老小区隔音差，邻里滋扰严重，且车位严重匮乏，每晚加班回来抢车位像打仗。,要求有超大面宽南向双阳台（观景家政分离），主卧大飘窗能270度直面自然景观。,在市中心核心写字楼工作，首选半小时核心通勤圈内。,倡导轻户外，周末常带家人自驾野营或山系徒步，注重生活情调与手作咖啡。,名下持有一套旧两居，置换回款 65% + 个人理财储蓄补充 + 公积金商业贷,非仁恒、绿城、万科等金牌开发商不买，极度看重高端精装质量与顶级物业的增值口碑。,每年11月至次年3月到此度过漫长冬季，极其依赖周边的康养及适老化服务。
青_2008_01230,青岛,2008,本地改善,36,女,1.3,11.7,0.4,21.9,4,0,否,B,agent,0.67,0.58,0.65,0.53,0.47,0.83,0.66,0.79,0.56,自住-改善,两室一厅,60,2085,邮政局局长秘书,成熟期核心家庭,青岛中环品质两居，车位及空间极其拥挤,老小区隔音差，邻里滋扰严重，且车位严重匮乏，每晚加班回来抢车位像打仗。,讲究超高得房率（超85%），主卧套房必须配备独立步入式衣帽间与干湿分离双卫。,在市中心核心写字楼工作，首选半小时核心通勤圈内。,倡导轻户外，周末常带家人自驾野营或山系徒步，注重生活情调与手作咖啡。,名下持有一套旧两居，置换回款 65% + 个人理财储蓄补充 + 公积金商业贷,重性价比，不盲信大牌，但要求物业管理有序、绿化修剪及时、人防技防规范。,本地常住人口，四季生活规律，度假频次为常规年假出行。
青_2008_01231,青岛,2008,本地改善,38,男,3.1,23.8,0.4,44.6,4,1,是,B,agent,0.6,0.49,0.8,0.36,0.59,0.75,0.41,0.67,0.61,自住-改善,两室两厅,77,3437,区财政局科员,三口之家(学龄段),青岛中环品质两居，车位及空间极其拥挤,小区无地下车库且人车不分流，小孩在楼下玩耍或者推婴儿车极为不安全。,要求有超大面宽南向双阳台（观景家政分离），主卧大飘窗能270度直面自然景观。,在市中心核心写字楼工作，首选半小时核心通勤圈内。,倡导轻户外，周末常带家人自驾野营或山系徒步，注重生活情调与手作咖啡。,名下持有一套旧两居，置换回款 65% + 个人理财储蓄补充 + 公积金商业贷,重性价比，不盲信大牌，但要求物业管理有序、绿化修剪及时、人防技防规范。,本地常住人口，四季生活规律，度假频次为常规年假出行。
青_2008_01232,青岛,2008,山东省内异地,54,男,3.7,31.3,0.45,52.2,2,0,否,C,network,1,0.54,0.8,0.61,0.49,0.67,0.05,0.38,0.57,自住-改善,两室一厅,91,4560,市第二中学地理教师,成熟期核心家庭,与父母同住，三代人拥挤在旧区小户型老房中,老小区隔音差，邻里滋扰严重，且车位严重匮乏，每晚加班回来抢车位像打仗。,要求有超大面宽南向双阳台（观景家政分离），主卧大飘窗能270度直面自然景观。,在市中心核心写字楼工作，首选半小时核心通勤圈内。,爱猫狗，喜欢烹饪和插花，主打经济舒适的生活小确幸。,名下持有一套旧两居，置换回款 65% + 个人理财储蓄补充 + 公积金商业贷,重性价比，不盲信大牌，但要求物业管理有序、绿化修剪及时、人防技防规范。,本地常住人口，四季生活规律，度假频次为常规年假出行。
青_2008_01233,青岛,2008,本地改善,48,女,2.5,17.3,0.4,32.4,4,1,是,B,agent,0.91,0.39,0.62,0.59,0.41,0.71,0.63,0.63,0.6,自住-改善,两室一厅,82,2185,国企车间技术主任,三口之家(学龄段),青岛中环品质两居，车位及空间极其拥挤,小区无地下车库且人车不分流，小孩在楼下玩耍或者推婴儿车极为不安全。,讲究超高得房率（超85%），主卧套房必须配备独立步入式衣帽间与干湿分离双卫。,在市中心核心写字楼工作，首选半小时核心通勤圈内。,倡导轻户外，周末常带家人自驾野营或山系徒步，注重生活情调与手作咖啡。,名下持有一套旧两居，置换回款 65% + 个人理财储蓄补充 + 公积金商业贷,重性价比，不盲信大牌，但要求物业管理有序、绿化修剪及时、人防技防规范。,本地常住人口，四季生活规律，度假频次为常规年假出行。
青_2008_01234,青岛,2008,本地改善,37,女,2.0,18.2,0.4,34.1,4,1,是,B,agent,0.77,0.5,0.76,0.4,0.47,0.9,0.58,0.8,0.52,自住-改善,一室一厅,92,2513,区财政局科员,三口之家(幼龄段),青岛中环品质两居，车位及空间极其拥挤,小区无地下车库且人车不分流，小孩在楼下玩耍或者推婴儿车极为不安全。,要求有超大面宽南向双阳台（观景家政分离），主卧大飘窗能270度直面自然景观。,在市中心核心写字楼工作，首选半小时核心通勤圈内。,倡导轻户外，周末常带家人自驾野营或山系徒步，注重生活情调与手作咖啡。,名下持有一套旧两居，置换回款 65% + 个人理财储蓄补充 + 公积金商业贷,重性价比，不盲信大牌，但要求物业管理有序、绿化修剪及时、人防技防规范。,本地常住人口，四季生活规律，度假频次为常规年假出行。
青_2008_01235,青岛,2008,山东省内异地,42,男,3.8,24.5,0.45,40.9,2,1,是,C,network,0.68,0.55,0.91,0.62,0.68,0.71,0,0.52,0.54,自住-首套,两室一厅,66,3742,邮政局局长秘书,三口之家(学龄段),与父母同住，三代人拥挤在旧区小户型老房中,小区无地下车库且人车不分流，小孩在楼下玩耍或者推婴儿车极为不安全。,要求有超大面宽南向双阳台（观景家政分离），主卧大飘窗能270度直面自然景观。,在市中心核心写字楼工作，首选半小时核心通勤圈内。,爱猫狗，喜欢烹饪和插花，主打经济舒适的生活小确幸。,夫妻双方积蓄 + 双方父母出资赞助首付 + 公积金商业组合贷款,重性价比，不盲信大牌，但要求物业管理有序、绿化修剪及时、人防技防规范。,本地常住人口，四季生活规律，度假频次为常规年假出行。
青_2008_01236,青岛,2008,山东省内异地,47,女,2.8,18.0,0.45,30.0,3,1,是,C,network,0.81,0.49,0.85,0.65,0.48,0.65,0.05,0.39,0.42,自住-改善,一室一厅,69,2592,市第二中学地理教师,三口之家(学龄段),与父母同住，三代人拥挤在旧区小户型老房中,小区无地下车库且人车不分流，小孩在楼下玩耍或者推婴儿车极为不安全。,要求有超大面宽南向双阳台（观景家政分离），主卧大飘窗能270度直面自然景观。,在市中心核心写字楼工作，首选半小时核心通勤圈内。,爱猫狗，喜欢烹饪和插花，主打经济舒适的生活小确幸。,名下持有一套旧两居，置换回款 65% + 个人理财储蓄补充 + 公积金商业贷,重性价比，不盲信大牌，但要求物业管理有序、绿化修剪及时、人防技防规范。,本地常住人口，四季生活规律，度假频次为常规年假出行。
青_2008_01237,青岛,2008,本地改善,48,女,1.5,10.0,0.4,18.8,5,1,否,B,agent,0.82,0.56,0.72,0.46,0.52,0.91,0.6,0.69,0.37,自住-改善,两室两厅,68,2024,国企车间技术主任,三口之家(学龄段),青岛中环品质两居，车位及空间极其拥挤,小区无地下车库且人车不分流，小孩在楼下玩耍或者推婴儿车极为不安全。,要求有超大面宽南向双阳台（观景家政分离），主卧大飘窗能270度直面自然景观。,在市中心核心写字楼工作，首选半小时核心通勤圈内。,倡导轻户外，周末常带家人自驾野营或山系徒步，注重生活情调与手作咖啡。,名下持有一套旧两居，置换回款 65% + 个人理财储蓄补充 + 公积金商业贷,重性价比，不盲信大牌，但要求物业管理有序、绿化修剪及时、人防技防规范。,本地常住人口，四季生活规律，度假频次为常规年假出行。
青_2008_01238,青岛,2008,本地改善,52,女,1.0,6.1,0.4,11.5,5,0,是,B,agent,0.77,0.62,0.82,0.47,0.58,0.79,0.56,0.61,0.64,自住-改善,两室两厅,67,1095,市第二中学地理教师,成熟期核心家庭,青岛中环品质两居，车位及空间极其拥挤,当前房屋属于旧多层无电梯房，父母年纪渐高每天爬楼梯极为吃力。,要求有超大面宽南向双阳台（观景家政分离），主卧大飘窗能270度直面自然景观。,在市中心核心写字楼工作，首选半小时核心通勤圈内。,倡导轻户外，周末常带家人自驾野营或山系徒步，注重生活情调与手作咖啡。,名下持有一套旧两居，置换回款 65% + 个人理财储蓄补充 + 公积金商业贷,重性价比，不盲信大牌，但要求物业管理有序、绿化修剪及时、人防技防规范。,本地常住人口，四季生活规律，度假频次为常规年假出行。
青_2008_01239,青岛,2008,本地改善,48,男,2.1,16.3,0.4,30.5,5,0,否,B,agent,0.75,0.57,0.72,0.6,0.64,0.94,0.73,0.68,0.59,自住-改善,两室一厅,94,1629,市第二中学地理教师,成熟期核心家庭,青岛中环品质两居，车位及空间极其拥挤,老小区隔音差，邻里滋扰严重，且车位严重匮乏，每晚加班回来抢车位像打仗。,要求有超大面宽南向双阳台（观景家政分离），主卧大飘窗能270度直面自然景观。,在市中心核心写字楼工作，首选半小时核心通勤圈内。,倡导轻户外，周末常带家人自驾野营或山系徒步，注重生活情调与手作咖啡。,名下持有一套旧两居，置换回款 65% + 个人理财储蓄补充 + 公积金商业贷,重性价比，不盲信大牌，但要求物业管理有序、绿化修剪及时、人防技防规范。,本地常住人口，四季生活规律，度假频次为常规年假出行。
青_2008_01240,青岛,2008,山东省内异地,48,男,2.8,25.3,0.45,42.2,2,1,否,C,network,0.5,0.5,0.89,0.43,0.54,0.67,0,0.43,0.57,自住-首套,两室一厅,83,4361,市第二中学地理教师,三口之家(学龄段),与父母同住，三代人拥挤在旧区小户型老房中,小区无地下车库且人车不分流，小孩在楼下玩耍或者推婴儿车极为不安全。,要求有超大面宽南向双阳台（观景家政分离），主卧大飘窗能270度直面自然景观。,在市中心核心写字楼工作，首选半小时核心通勤圈内。,爱猫狗，喜欢烹饪和插花，主打经济舒适的生活小确幸。,夫妻双方积蓄 + 双方父母出资赞助首付 + 公积金商业组合贷款,重性价比，不盲信大牌，但要求物业管理有序、绿化修剪及时、人防技防规范。,本地常住人口，四季生活规律，度假频次为常规年假出行。
青_2008_01241,青岛,2008,学区刚需,38,男,2.6,13.9,0.3,34.7,3,1,否,C,agent,1,0.46,0.31,0.18,0.5,0.76,0.43,1,0.4,学区房,两室一厅,98,1873,国企车间技术主任,三口之家(学龄段),与父母同住，三代人拥挤在旧区小户型老房中,小区无地下车库且人车不分流，小孩在楼下玩耍或者推婴儿车极为不安全。,讲究超高得房率（超85%），主卧套房必须配备独立步入式衣帽间与干湿分离双卫。,在市中心核心写字楼工作，首选半小时核心通勤圈内。,爱猫狗，喜欢烹饪和插花，主打经济舒适的生活小确幸。,名下持有一套旧两居，置换回款 65% + 个人理财储蓄补充 + 公积金商业贷,重性价比，不盲信大牌，但要求物业管理有序、绿化修剪及时、人防技防规范。,本地常住人口，四季生活规律，度假频次为常规年假出行。
青_2008_01242,青岛,2008,高端海景收藏,59,女,12.9,173.2,0.6,216.5,2,0,否,A,network,1,0.19,1,0.72,0.63,0.57,0,0,0.93,投资-短期,两室两厅,143,13538,知名中医药连锁投资人,高知退休康养,市中心私密洋房住宅,无高端私密会所及管家式物业配套，圈层鱼龙混杂，高净值居住体验差。,要求独立电梯入户，主次卧动线分明，配备独立保姆房和私密后院。,在市中心核心写字楼工作，首选半小时核心通勤圈内。,周末常去高端商圈消费，热衷打网球和马术，重度手冲咖啡及黑胶唱片发烧友。,名下已有企业股权套现或分红现金，一次性全款付清，基本不加杠杆,非仁恒、绿城、万科等金牌开发商不买，极度看重高端精装质量与顶级物业的增值口碑。,本地常住人口，四季生活规律，度假频次为常规年假出行。
青_2008_01243,青岛,2008,山东省内异地,46,女,1.3,8.5,0.45,14.2,4,1,否,C,network,0.79,0.61,0.81,0.51,0.45,0.64,0.07,0.45,0.5,自住-改善,两室一厅,67,1183,邮政局局长秘书,三口之家(学龄段),与父母同住，三代人拥挤在旧区小户型老房中,小区无地下车库且人车不分流，小孩在楼下玩耍或者推婴儿车极为不安全。,要求有超大面宽南向双阳台（观景家政分离），主卧大飘窗能270度直面自然景观。,在市中心核心写字楼工作，首选半小时核心通勤圈内。,爱猫狗，喜欢烹饪和插花，主打经济舒适的生活小确幸。,名下持有一套旧两居，置换回款 65% + 个人理财储蓄补充 + 公积金商业贷,重性价比，不盲信大牌，但要求物业管理有序、绿化修剪及时、人防技防规范。,本地常住人口，四季生活规律，度假频次为常规年假出行。
青_2008_01244,青岛,2008,本地改善,54,女,1.6,9.7,0.4,18.1,4,1,是,B,agent,0.72,0.58,0.8,0.42,0.56,0.92,0.56,0.67,0.57,自住-改善,一室一厅,61,2587,国企车间技术主任,三口之家(学龄段),青岛中环品质两居，车位及空间极其拥挤,小区无地下车库且人车不分流，小孩在楼下玩耍或者推婴儿车极为不安全。,要求有超大面宽南向双阳台（观景家政分离），主卧大飘窗能270度直面自然景观。,在市中心核心写字楼工作，首选半小时核心通勤圈内。,倡导轻户外，周末常带家人自驾野营或山系徒步，注重生活情调与手作咖啡。,名下持有一套旧两居，置换回款 65% + 个人理财储蓄补充 + 公积金商业贷,重性价比，不盲信大牌，但要求物业管理有序、绿化修剪及时、人防技防规范。,本地常住人口，四季生活规律，度假频次为常规年假出行。
青_2008_01245,青岛,2008,本地改善,51,男,2.6,25.7,0.4,48.2,3,2,是,B,agent,0.74,0.57,0.8,0.52,0.57,0.75,0.57,0.77,0.66,自住-改善,两室两厅,64,4762,区财政局科员,二胎黄金期中大户型,青岛中环品质两居，车位及空间极其拥挤,小区无地下车库且人车不分流，小孩在楼下玩耍或者推婴儿车极为不安全。,要求有超大面宽南向双阳台（观景家政分离），主卧大飘窗能270度直面自然景观。,在市中心核心写字楼工作，首选半小时核心通勤圈内。,倡导轻户外，周末常带家人自驾野营或山系徒步，注重生活情调与手作咖啡。,名下持有一套旧两居，置换回款 65% + 个人理财储蓄补充 + 公积金商业贷,重性价比，不盲信大牌，但要求物业管理有序、绿化修剪及时、人防技防规范。,本地常住人口，四季生活规律，度假频次为常规年假出行。
青_2008_01246,青岛,2008,本地改善,48,男,1.5,14.7,0.4,27.6,4,1,否,B,agent,0.77,0.67,0.5,0.55,0.52,0.78,0.6,0.79,0.47,自住-改善,一室一厅,90,1838,区财政局科员,三口之家(学龄段),青岛中环品质两居，车位及空间极其拥挤,小区无地下车库且人车不分流，小孩在楼下玩耍或者推婴儿车极为不安全。,讲究超高得房率（超85%），主卧套房必须配备独立步入式衣帽间与干湿分离双卫。,在市中心核心写字楼工作，首选半小时核心通勤圈内。,倡导轻户外，周末常带家人自驾野营或山系徒步，注重生活情调与手作咖啡。,名下持有一套旧两居，置换回款 65% + 个人理财储蓄补充 + 公积金商业贷,重性价比，不盲信大牌，但要求物业管理有序、绿化修剪及时、人防技防规范。,本地常住人口，四季生活规律，度假频次为常规年假出行。
青_2008_01247,青岛,2008,山东省内异地,60,女,1.2,7.9,0.45,13.1,2,1,是,C,network,0.78,0.52,0.9,0.5,0.51,0.73,0.18,0.45,0.49,自住-首套,两室两厅,78,1503,邮政局局长秘书,三口之家(学龄段),与父母同住，三代人拥挤在旧区小户型老房中,小区无地下车库且人车不分流，小孩在楼下玩耍或者推婴儿车极为不安全。,要求有超大面宽南向双阳台（观景家政分离），主卧大飘窗能270度直面自然景观。,在市中心核心写字楼工作，首选半小时核心通勤圈内。,爱猫狗，喜欢烹饪和插花，主打经济舒适的生活小确幸。,夫妻双方积蓄 + 双方父母出资赞助首付 + 公积金商业组合贷款,重性价比，不盲信大牌，但要求物业管理有序、绿化修剪及时、人防技防规范。,本地常住人口，四季生活规律，度假频次为常规年假出行。
青_2008_01248,青岛,2008,北方度假投资,56,男,2.7,22.0,0.5,33.0,3,1,是,B,research,0.97,0.54,0.86,0.49,0.58,0.48,0.03,0,0.7,投资-短期,一室一厅,80,3008,上市公司退休联合创始人,三口之家(学龄段),青岛中环品质两居，车位及空间极其拥挤,小区无地下车库且人车不分流，小孩在楼下玩耍或者推婴儿车极为不安全。,要求有超大面宽南向双阳台（观景家政分离），主卧大飘窗能270度直面自然景观。,在市中心核心写字楼工作，首选半小时核心通勤圈内。,倡导轻户外，周末常带家人自驾野营或山系徒步，注重生活情调与手作咖啡。,名下持有一套旧两居，置换回款 65% + 个人理财储蓄补充 + 公积金商业贷,非仁恒、绿城、万科等金牌开发商不买，极度看重高端精装质量与顶级物业的增值口碑。,每年11月至次年3月到此度过漫长冬季，极其依赖周边的康养及适老化服务。
青_2008_01249,青岛,2008,本地改善,39,男,2.7,19.4,0.4,36.5,4,1,是,B,agent,0.82,0.69,0.75,0.48,0.42,0.73,0.58,0.69,0.51,自住-改善,一室一厅,95,2245,区财政局科员,三口之家(学龄段),青岛中环品质两居，车位及空间极其拥挤,小区无地下车库且人车不分流，小孩在楼下玩耍或者推婴儿车极为不安全。,要求有超大面宽南向双阳台（观景家政分离），主卧大飘窗能270度直面自然景观。,在市中心核心写字楼工作，首选半小时核心通勤圈内。,倡导轻户外，周末常带家人自驾野营或山系徒步，注重生活情调与手作咖啡。,名下持有一套旧两居，置换回款 65% + 个人理财储蓄补充 + 公积金商业贷,重性价比，不盲信大牌，但要求物业管理有序、绿化修剪及时、人防技防规范。,本地常住人口，四季生活规律，度假频次为常规年假出行。
青_2008_01250,青岛,2008,本地改善,37,男,2.0,12.7,0.4,23.9,3,1,否,B,agent,0.74,0.44,0.87,0.47,0.56,0.81,0.45,0.83,0.51,自住-改善,两室两厅,89,2301,区财政局科员,三口之家(幼龄段),青岛中环品质两居，车位及空间极其拥挤,小区无地下车库且人车不分流，小孩在楼下玩耍或者推婴儿车极为不安全。,要求有超大面宽南向双阳台（观景家政分离），主卧大飘窗能270度直面自然景观。,在市中心核心写字楼工作，首选半小时核心通勤圈内。,倡导轻户外，周末常带家人自驾野营或山系徒步，注重生活情调与手作咖啡。,名下持有一套旧两居，置换回款 65% + 个人理财储蓄补充 + 公积金商业贷,重性价比，不盲信大牌，但要求物业管理有序、绿化修剪及时、人防技防规范。,本地常住人口，四季生活规律，度假频次为常规年假出行。
青_2008_01251,青岛,2008,本地改善,40,女,2.3,18.1,0.4,34.0,3,0,否,B,agent,0.62,0.38,0.63,0.5,0.45,0.92,0.51,0.67,0.62,自住-改善,两室两厅,83,3027,国企车间技术主任,成熟期核心家庭,青岛中环品质两居，车位及空间极其拥挤,老小区隔音差，邻里滋扰严重，且车位严重匮乏，每晚加班回来抢车位像打仗。,讲究超高得房率（超85%），主卧套房必须配备独立步入式衣帽间与干湿分离双卫。,在市中心核心写字楼工作，首选半小时核心通勤圈内。,倡导轻户外，周末常带家人自驾野营或山系徒步，注重生活情调与手作咖啡。,名下持有一套旧两居，置换回款 65% + 个人理财储蓄补充 + 公积金商业贷,重性价比，不盲信大牌，但要求物业管理有序、绿化修剪及时、人防技防规范。,本地常住人口，四季生活规律，度假频次为常规年假出行。
青_2008_01252,青岛,2008,本地改善,48,女,1.3,9.9,0.4,18.5,4,1,否,B,agent,0.82,0.5,0.81,0.45,0.57,0.75,0.6,0.81,0.66,自住-改善,两室两厅,58,1829,国企车间技术主任,三口之家(学龄段),青岛中环品质两居，车位及空间极其拥挤,小区无地下车库且人车不分流，小孩在楼下玩耍或者推婴儿车极为不安全。,要求有超大面宽南向双阳台（观景家政分离），主卧大飘窗能270度直面自然景观。,在市中心核心写字楼工作，首选半小时核心通勤圈内。,倡导轻户外，周末常带家人自驾野营或山系徒步，注重生活情调与手作咖啡。,名下持有一套旧两居，置换回款 65% + 个人理财储蓄补充 + 公积金商业贷,重性价比，不盲信大牌，但要求物业管理有序、绿化修剪及时、人防技防规范。,本地常住人口，四季生活规律，度假频次为常规年假出行。
青_2008_01253,青岛,2008,本地改善,47,女,3.1,23.6,0.4,44.3,4,1,否,B,agent,0.95,0.58,0.71,0.36,0.48,0.79,0.77,0.69,0.48,自住-改善,两室两厅,64,5203,市第二中学地理教师,三口之家(学龄段),青岛中环品质两居，车位及空间极其拥挤,小区无地下车库且人车不分流，小孩在楼下玩耍或者推婴儿车极为不安全。,要求有超大面宽南向双阳台（观景家政分离），主卧大飘窗能270度直面自然景观。,在市中心核心写字楼工作，首选半小时核心通勤圈内。,倡导轻户外，周末常带家人自驾野营或山系徒步，注重生活情调与手作咖啡。,名下持有一套旧两居，置换回款 65% + 个人理财储蓄补充 + 公积金商业贷,重性价比，不盲信大牌，但要求物业管理有序、绿化修剪及时、人防技防规范。,本地常住人口，四季生活规律，度假频次为常规年假出行。
青_2008_01254,青岛,2008,本地改善,43,男,3.2,25.9,0.4,48.5,4,1,否,B,agent,0.71,0.45,0.73,0.37,0.64,0.78,0.75,0.64,0.49,自住-改善,两室两厅,79,3475,国企车间技术主任,三口之家(学龄段),青岛中环品质两居，车位及空间极其拥挤,小区无地下车库且人车不分流，小孩在楼下玩耍或者推婴儿车极为不安全。,要求有超大面宽南向双阳台（观景家政分离），主卧大飘窗能270度直面自然景观。,在市中心核心写字楼工作，首选半小时核心通勤圈内。,倡导轻户外，周末常带家人自驾野营或山系徒步，注重生活情调与手作咖啡。,名下持有一套旧两居，置换回款 65% + 个人理财储蓄补充 + 公积金商业贷,重性价比，不盲信大牌，但要求物业管理有序、绿化修剪及时、人防技防规范。,本地常住人口，四季生活规律，度假频次为常规年假出行。
青_2008_01255,青岛,2008,本地改善,44,女,1.3,13.3,0.4,25.0,4,1,是,B,agent,0.68,0.61,0.73,0.45,0.43,0.77,0.62,0.69,0.56,自住-改善,两室一厅,95,1855,邮政局局长秘书,三口之家(学龄段),青岛中环品质两居，车位及空间极其拥挤,小区无地下车库且人车不分流，小孩在楼下玩耍或者推婴儿车极为不安全。,要求有超大面宽南向双阳台（观景家政分离），主卧大飘窗能270度直面自然景观。,在市中心核心写字楼工作，首选半小时核心通勤圈内。,倡导轻户外，周末常带家人自驾野营或山系徒步，注重生活情调与手作咖啡。,名下持有一套旧两居，置换回款 65% + 个人理财储蓄补充 + 公积金商业贷,重性价比，不盲信大牌，但要求物业管理有序、绿化修剪及时、人防技防规范。,本地常住人口，四季生活规律，度假频次为常规年假出行。
青_2008_01256,青岛,2008,山东省内异地,52,女,1.0,10.3,0.45,17.1,3,2,否,C,network,0.59,0.57,0.94,0.4,0.41,0.69,0,0.29,0.66,自住-首套,一室一厅,52,1913,国企车间技术主任,二胎黄金期中大户型,与父母同住，三代人拥挤在旧区小户型老房中,小区无地下车库且人车不分流，小孩在楼下玩耍或者推婴儿车极为不安全。,要求有超大面宽南向双阳台（观景家政分离），主卧大飘窗能270度直面自然景观。,在市中心核心写字楼工作，首选半小时核心通勤圈内。,爱猫狗，喜欢烹饪和插花，主打经济舒适的生活小确幸。,夫妻双方积蓄 + 双方父母出资赞助首付 + 公积金商业组合贷款,重性价比，不盲信大牌，但要求物业管理有序、绿化修剪及时、人防技防规范。,本地常住人口，四季生活规律，度假频次为常规年假出行。
青_2008_01257,青岛,2008,山东省内异地,53,男,3.7,27.1,0.45,45.2,4,0,否,C,network,0.72,0.6,0.9,0.46,0.58,0.62,0,0.37,0.57,自住-首套,两室一厅,70,4833,邮政局局长秘书,成熟期核心家庭,与父母同住，三代人拥挤在旧区小户型老房中,老小区隔音差，邻里滋扰严重，且车位严重匮乏，每晚加班回来抢车位像打仗。,要求有超大面宽南向双阳台（观景家政分离），主卧大飘窗能270度直面自然景观。,在市中心核心写字楼工作，首选半小时核心通勤圈内。,爱猫狗，喜欢烹饪和插花，主打经济舒适的生活小确幸。,夫妻双方积蓄 + 双方父母出资赞助首付 + 公积金商业组合贷款,重性价比，不盲信大牌，但要求物业管理有序、绿化修剪及时、人防技防规范。,本地常住人口，四季生活规律，度假频次为常规年假出行。
青_2008_01258,青岛,2008,本地改善,40,男,2.2,19.2,0.4,36.0,5,1,否,B,agent,0.59,0.59,0.85,0.46,0.48,0.9,0.55,0.69,0.6,自住-改善,两室一厅,53,5619,区财政局科员,三口之家(学龄段),青岛中环品质两居，车位及空间极其拥挤,小区无地下车库且人车不分流，小孩在楼下玩耍或者推婴儿车极为不安全。,要求有超大面宽南向双阳台（观景家政分离），主卧大飘窗能270度直面自然景观。,在市中心核心写字楼工作，首选半小时核心通勤圈内。,倡导轻户外，周末常带家人自驾野营或山系徒步，注重生活情调与手作咖啡。,名下持有一套旧两居，置换回款 65% + 个人理财储蓄补充 + 公积金商业贷,重性价比，不盲信大牌，但要求物业管理有序、绿化修剪及时、人防技防规范。,本地常住人口，四季生活规律，度假频次为常规年假出行。
青_2008_01259,青岛,2008,学区刚需,45,男,1.5,9.6,0.3,24.0,1,1,否,C,agent,0.65,0.44,0.36,0.16,0.58,0.69,0.51,0.93,0.35,学区房,一室一厅,87,1774,邮政局局长秘书,三口之家(学龄段),与父母同住，三代人拥挤在旧区小户型老房中,小区无地下车库且人车不分流，小孩在楼下玩耍或者推婴儿车极为不安全。,核心要求地块属于第一梯队名校学区，且周边500米内解决幼小衔接教育配套。,在市中心核心写字楼工作，首选半小时核心通勤圈内。,爱猫狗，喜欢烹饪和插花，主打经济舒适的生活小确幸。,名下持有一套旧两居，置换回款 65% + 个人理财储蓄补充 + 公积金商业贷,重性价比，不盲信大牌，但要求物业管理有序、绿化修剪及时、人防技防规范。,本地常住人口，四季生活规律，度假频次为常规年假出行。
青_2008_01260,青岛,2008,本地改善,43,男,2.3,14.0,0.4,26.3,3,1,否,B,agent,0.83,0.49,0.85,0.5,0.59,0.9,0.39,0.57,0.55,自住-改善,两室两厅,67,2348,邮政局局长秘书,三口之家(学龄段),青岛中环品质两居，车位及空间极其拥挤,小区无地下车库且人车不分流，小孩在楼下玩耍或者推婴儿车极为不安全。,要求有超大面宽南向双阳台（观景家政分离），主卧大飘窗能270度直面自然景观。,在市中心核心写字楼工作，首选半小时核心通勤圈内。,倡导轻户外，周末常带家人自驾野营或山系徒步，注重生活情调与手作咖啡。,名下持有一套旧两居，置换回款 65% + 个人理财储蓄补充 + 公积金商业贷,重性价比，不盲信大牌，但要求物业管理有序、绿化修剪及时、人防技防规范。,本地常住人口，四季生活规律，度假频次为常规年假出行。
青_2008_01261,青岛,2008,本地改善,38,男,1.1,7.8,0.4,14.7,4,1,否,B,agent,0.73,0.4,0.84,0.4,0.49,0.89,0.54,0.74,0.44,自住-改善,两室一厅,99,1232,区财政局科员,三口之家(学龄段),青岛中环品质两居，车位及空间极其拥挤,小区无地下车库且人车不分流，小孩在楼下玩耍或者推婴儿车极为不安全。,要求有超大面宽南向双阳台（观景家政分离），主卧大飘窗能270度直面自然景观。,在市中心核心写字楼工作，首选半小时核心通勤圈内。,倡导轻户外，周末常带家人自驾野营或山系徒步，注重生活情调与手作咖啡。,名下持有一套旧两居，置换回款 65% + 个人理财储蓄补充 + 公积金商业贷,重性价比，不盲信大牌，但要求物业管理有序、绿化修剪及时、人防技防规范。,本地常住人口，四季生活规律，度假频次为常规年假出行。
青_2008_01262,青岛,2008,本地改善,52,男,1.4,12.5,0.4,23.5,4,0,是,B,agent,0.75,0.53,0.77,0.55,0.47,0.86,0.54,0.87,0.56,自住-改善,两室一厅,98,2072,国企车间技术主任,成熟期核心家庭,青岛中环品质两居，车位及空间极其拥挤,当前房屋属于旧多层无电梯房，父母年纪渐高每天爬楼梯极为吃力。,要求有超大面宽南向双阳台（观景家政分离），主卧大飘窗能270度直面自然景观。,在市中心核心写字楼工作，首选半小时核心通勤圈内。,倡导轻户外，周末常带家人自驾野营或山系徒步，注重生活情调与手作咖啡。,名下持有一套旧两居，置换回款 65% + 个人理财储蓄补充 + 公积金商业贷,重性价比，不盲信大牌，但要求物业管理有序、绿化修剪及时、人防技防规范。,本地常住人口，四季生活规律，度假频次为常规年假出行。
青_2008_01263,青岛,2008,本地改善,43,男,1.9,16.6,0.4,31.1,4,1,否,B,agent,0.78,0.55,0.67,0.47,0.55,0.67,0.65,0.66,0.47,自住-改善,两室两厅,53,4527,市第二中学地理教师,三口之家(学龄段),青岛中环品质两居，车位及空间极其拥挤,小区无地下车库且人车不分流，小孩在楼下玩耍或者推婴儿车极为不安全。,要求采光通透，全明户型，带多功能嵌入式收纳墙以最大化空间利用。,在市中心核心写字楼工作，首选半小时核心通勤圈内。,倡导轻户外，周末常带家人自驾野营或山系徒步，注重生活情调与手作咖啡。,名下持有一套旧两居，置换回款 65% + 个人理财储蓄补充 + 公积金商业贷,重性价比，不盲信大牌，但要求物业管理有序、绿化修剪及时、人防技防规范。,本地常住人口，四季生活规律，度假频次为常规年假出行。
青_2008_01264,青岛,2008,山东省内异地,52,女,3.1,28.6,0.45,47.7,5,1,否,C,network,0.74,0.55,0.74,0.51,0.59,0.69,0,0.34,0.5,自住-首套,两室一厅,79,3833,市第二中学地理教师,三口之家(学龄段),与父母同住，三代人拥挤在旧区小户型老房中,小区无地下车库且人车不分流，小孩在楼下玩耍或者推婴儿车极为不安全。,要求有超大面宽南向双阳台（观景家政分离），主卧大飘窗能270度直面自然景观。,在市中心核心写字楼工作，首选半小时核心通勤圈内。,爱猫狗，喜欢烹饪和插花，主打经济舒适的生活小确幸。,夫妻双方积蓄 + 双方父母出资赞助首付 + 公积金商业组合贷款,重性价比，不盲信大牌，但要求物业管理有序、绿化修剪及时、人防技防规范。,本地常住人口，四季生活规律，度假频次为常规年假出行。
青_2008_01265,青岛,2008,山东省内异地,49,女,1.0,7.8,0.45,13.1,4,2,否,C,network,0.49,0.61,0.9,0.58,0.42,0.81,0.06,0.32,0.61,自住-首套,两室两厅,72,1468,国企车间技术主任,二胎黄金期中大户型,与父母同住，三代人拥挤在旧区小户型老房中,小区无地下车库且人车不分流，小孩在楼下玩耍或者推婴儿车极为不安全。,要求有超大面宽南向双阳台（观景家政分离），主卧大飘窗能270度直面自然景观。,在市中心核心写字楼工作，首选半小时核心通勤圈内。,爱猫狗，喜欢烹饪和插花，主打经济舒适的生活小确幸。,夫妻双方积蓄 + 双方父母出资赞助首付 + 公积金商业组合贷款,重性价比，不盲信大牌，但要求物业管理有序、绿化修剪及时、人防技防规范。,本地常住人口，四季生活规律，度假频次为常规年假出行。
青_2008_01266,青岛,2008,本地改善,40,男,1.0,6.7,0.4,12.5,3,1,否,B,agent,1,0.55,0.83,0.45,0.51,0.79,0.54,0.69,0.47,自住-改善,两室两厅,90,1090,市第二中学地理教师,三口之家(学龄段),青岛中环品质两居，车位及空间极其拥挤,小区无地下车库且人车不分流，小孩在楼下玩耍或者推婴儿车极为不安全。,要求有超大面宽南向双阳台（观景家政分离），主卧大飘窗能270度直面自然景观。,在市中心核心写字楼工作，首选半小时核心通勤圈内。,倡导轻户外，周末常带家人自驾野营或山系徒步，注重生活情调与手作咖啡。,名下持有一套旧两居，置换回款 65% + 个人理财储蓄补充 + 公积金商业贷,重性价比，不盲信大牌，但要求物业管理有序、绿化修剪及时、人防技防规范。,本地常住人口，四季生活规律，度假频次为常规年假出行。
青_2008_01267,青岛,2008,本地改善,39,女,1.8,18.4,0.4,34.5,4,1,否,B,agent,0.62,0.36,0.69,0.57,0.49,0.83,0.55,0.71,0.55,自住-改善,两室两厅,55,4485,市第二中学地理教师,三口之家(学龄段),青岛中环品质两居，车位及空间极其拥挤,小区无地下车库且人车不分流，小孩在楼下玩耍或者推婴儿车极为不安全。,讲究超高得房率（超85%），主卧套房必须配备独立步入式衣帽间与干湿分离双卫。,在市中心核心写字楼工作，首选半小时核心通勤圈内。,倡导轻户外，周末常带家人自驾野营或山系徒步，注重生活情调与手作咖啡。,名下持有一套旧两居，置换回款 65% + 个人理财储蓄补充 + 公积金商业贷,重性价比，不盲信大牌，但要求物业管理有序、绿化修剪及时、人防技防规范。,本地常住人口，四季生活规律，度假频次为常规年假出行。
青_2008_01268,青岛,2008,本地改善,35,女,2.1,13.8,0.4,25.9,3,1,否,B,agent,0.66,0.53,0.77,0.5,0.6,0.87,0.62,0.77,0.54,自住-改善,一室一厅,85,1543,邮政局局长秘书,三口之家(幼龄段),青岛中环品质两居，车位及空间极其拥挤,小区无地下车库且人车不分流，小孩在楼下玩耍或者推婴儿车极为不安全。,要求有超大面宽南向双阳台（观景家政分离），主卧大飘窗能270度直面自然景观。,在市中心核心写字楼工作，首选半小时核心通勤圈内。,倡导轻户外，周末常带家人自驾野营或山系徒步，注重生活情调与手作咖啡。,名下持有一套旧两居，置换回款 65% + 个人理财储蓄补充 + 公积金商业贷,重性价比，不盲信大牌，但要求物业管理有序、绿化修剪及时、人防技防规范。,本地常住人口，四季生活规律，度假频次为常规年假出行。
青_2008_01269,青岛,2008,本地改善,35,男,1.9,16.3,0.4,30.6,5,1,否,B,agent,0.77,0.54,0.76,0.43,0.47,0.8,0.56,0.53,0.48,自住-改善,一室一厅,87,1850,区财政局科员,三口之家(幼龄段),青岛中环品质两居，车位及空间极其拥挤,小区无地下车库且人车不分流，小孩在楼下玩耍或者推婴儿车极为不安全。,要求有超大面宽南向双阳台（观景家政分离），主卧大飘窗能270度直面自然景观。,在市中心核心写字楼工作，首选半小时核心通勤圈内。,倡导轻户外，周末常带家人自驾野营或山系徒步，注重生活情调与手作咖啡。,名下持有一套旧两居，置换回款 65% + 个人理财储蓄补充 + 公积金商业贷,重性价比，不盲信大牌，但要求物业管理有序、绿化修剪及时、人防技防规范。,本地常住人口，四季生活规律，度假频次为常规年假出行。
青_2008_01270,青岛,2008,本地改善,51,男,2.7,25.3,0.4,47.5,4,2,否,B,agent,0.92,0.6,0.79,0.39,0.55,0.91,0.6,0.66,0.46,自住-改善,两室一厅,60,5967,市第二中学地理教师,二胎黄金期中大户型,青岛中环品质两居，车位及空间极其拥挤,小区无地下车库且人车不分流，小孩在楼下玩耍或者推婴儿车极为不安全。,要求有超大面宽南向双阳台（观景家政分离），主卧大飘窗能270度直面自然景观。,在市中心核心写字楼工作，首选半小时核心通勤圈内。,倡导轻户外，周末常带家人自驾野营或山系徒步，注重生活情调与手作咖啡。,名下持有一套旧两居，置换回款 65% + 个人理财储蓄补充 + 公积金商业贷,重性价比，不盲信大牌，但要求物业管理有序、绿化修剪及时、人防技防规范。,本地常住人口，四季生活规律，度假频次为常规年假出行。
青_2008_01271,青岛,2008,本地改善,40,男,2.1,12.9,0.4,24.1,3,1,是,B,agent,0.56,0.43,0.66,0.53,0.44,0.78,0.66,0.67,0.47,自住-改善,一室一厅,66,2341,市第二中学地理教师,三口之家(学龄段),青岛中环品质两居，车位及空间极其拥挤,小区无地下车库且人车不分流，小孩在楼下玩耍或者推婴儿车极为不安全。,讲究超高得房率（超85%），主卧套房必须配备独立步入式衣帽间与干湿分离双卫。,在市中心核心写字楼工作，首选半小时核心通勤圈内。,倡导轻户外，周末常带家人自驾野营或山系徒步，注重生活情调与手作咖啡。,名下持有一套旧两居，置换回款 65% + 个人理财储蓄补充 + 公积金商业贷,重性价比，不盲信大牌，但要求物业管理有序、绿化修剪及时、人防技防规范。,本地常住人口，四季生活规律，度假频次为常规年假出行。
青_2008_01272,青岛,2008,学区刚需,44,男,2.0,15.1,0.3,37.7,3,1,否,C,agent,0.82,0.52,0.46,0.34,0.41,0.89,0.63,0.85,0.42,学区房,两室两厅,86,3519,邮政局局长秘书,三口之家(学龄段),与父母同住，三代人拥挤在旧区小户型老房中,小区无地下车库且人车不分流，小孩在楼下玩耍或者推婴儿车极为不安全。,讲究超高得房率（超85%），主卧套房必须配备独立步入式衣帽间与干湿分离双卫。,在市中心核心写字楼工作，首选半小时核心通勤圈内。,爱猫狗，喜欢烹饪和插花，主打经济舒适的生活小确幸。,名下持有一套旧两居，置换回款 65% + 个人理财储蓄补充 + 公积金商业贷,重性价比，不盲信大牌，但要求物业管理有序、绿化修剪及时、人防技防规范。,本地常住人口，四季生活规律，度假频次为常规年假出行。
青_2008_01273,青岛,2008,本地改善,54,女,1.0,8.7,0.4,16.2,4,2,否,B,agent,0.87,0.37,0.8,0.52,0.54,0.94,0.63,0.68,0.4,自住-改善,两室一厅,75,1839,区财政局科员,二胎黄金期中大户型,青岛中环品质两居，车位及空间极其拥挤,小区无地下车库且人车不分流，小孩在楼下玩耍或者推婴儿车极为不安全。,要求有超大面宽南向双阳台（观景家政分离），主卧大飘窗能270度直面自然景观。,在市中心核心写字楼工作，首选半小时核心通勤圈内。,倡导轻户外，周末常带家人自驾野营或山系徒步，注重生活情调与手作咖啡。,名下持有一套旧两居，置换回款 65% + 个人理财储蓄补充 + 公积金商业贷,重性价比，不盲信大牌，但要求物业管理有序、绿化修剪及时、人防技防规范。,本地常住人口，四季生活规律，度假频次为常规年假出行。
青_2008_01274,青岛,2008,高端海景收藏,62,男,16.0,163.6,0.6,204.6,2,0,否,A,network,0.58,0.33,0.97,0.77,0.67,0.58,0,0,0.88,投资-短期,两室两厅,140,9242,上市公司退休联合创始人,高知退休康养,市中心私密洋房住宅,无高端私密会所及管家式物业配套，圈层鱼龙混杂，高净值居住体验差。,要求独立电梯入户，主次卧动线分明，配备独立保姆房和私密后院。,在市中心核心写字楼工作，首选半小时核心通勤圈内。,周末常去高端商圈消费，热衷打网球和马术，重度手冲咖啡及黑胶唱片发烧友。,名下已有企业股权套现或分红现金，一次性全款付清，基本不加杠杆,非仁恒、绿城、万科等金牌开发商不买，极度看重高端精装质量与顶级物业的增值口碑。,本地常住人口，四季生活规律，度假频次为常规年假出行。
青_2008_01275,青岛,2008,北方度假投资,53,男,3.8,46.0,0.5,69.0,2,0,否,B,research,0.54,0.63,0.96,0.68,0.76,0.61,0.04,0.08,0.65,投资-长持,一室一厅,64,7721,知名中医药连锁投资人,成熟期核心家庭,青岛中环品质两居，车位及空间极其拥挤,老小区隔音差，邻里滋扰严重，且车位严重匮乏，每晚加班回来抢车位像打仗。,要求有超大面宽南向双阳台（观景家政分离），主卧大飘窗能270度直面自然景观。,在市中心核心写字楼工作，首选半小时核心通勤圈内。,倡导轻户外，周末常带家人自驾野营或山系徒步，注重生活情调与手作咖啡。,名下持有一套旧两居，置换回款 65% + 个人理财储蓄补充 + 公积金商业贷,重性价比，不盲信大牌，但要求物业管理有序、绿化修剪及时、人防技防规范。,每年11月至次年3月到此度过漫长冬季，极其依赖周边的康养及适老化服务。
青_2008_01276,青岛,2008,本地改善,38,女,3.1,19.3,0.4,36.1,5,0,是,B,agent,0.42,0.58,0.88,0.54,0.4,0.79,0.54,0.72,0.52,自住-改善,两室两厅,72,3614,国企车间技术主任,成熟期核心家庭,青岛中环品质两居，车位及空间极其拥挤,当前房屋属于旧多层无电梯房，父母年纪渐高每天爬楼梯极为吃力。,要求有超大面宽南向双阳台（观景家政分离），主卧大飘窗能270度直面自然景观。,在市中心核心写字楼工作，首选半小时核心通勤圈内。,倡导轻户外，周末常带家人自驾野营或山系徒步，注重生活情调与手作咖啡。,名下持有一套旧两居，置换回款 65% + 个人理财储蓄补充 + 公积金商业贷,重性价比，不盲信大牌，但要求物业管理有序、绿化修剪及时、人防技防规范。,本地常住人口，四季生活规律，度假频次为常规年假出行。
青_2008_01277,青岛,2008,学区刚需,32,女,1.0,5.0,0.3,12.6,4,0,否,C,agent,1,0.48,0.51,0.18,0.29,0.81,0.57,0.96,0.47,学区房,一室一厅,67,1598,区财政局科员,新婚过渡两居,与父母同住，三代人拥挤在旧区小户型老房中,老小区隔音差，邻里滋扰严重，且车位严重匮乏，每晚加班回来抢车位像打仗。,讲究超高得房率（超85%），主卧套房必须配备独立步入式衣帽间与干湿分离双卫。,在市中心核心写字楼工作，首选半小时核心通勤圈内。,爱猫狗，喜欢烹饪和插花，主打经济舒适的生活小确幸。,名下持有一套旧两居，置换回款 65% + 个人理财储蓄补充 + 公积金商业贷,重性价比，不盲信大牌，但要求物业管理有序、绿化修剪及时、人防技防规范。,本地常住人口，四季生活规律，度假频次为常规年假出行。
青_2008_01278,青岛,2008,本地改善,43,女,1.5,10.1,0.4,18.9,4,1,否,B,agent,0.61,0.48,0.73,0.49,0.53,0.79,0.64,0.74,0.67,自住-改善,两室一厅,75,2219,邮政局局长秘书,三口之家(学龄段),青岛中环品质两居，车位及空间极其拥挤,小区无地下车库且人车不分流，小孩在楼下玩耍或者推婴儿车极为不安全。,要求有超大面宽南向双阳台（观景家政分离），主卧大飘窗能270度直面自然景观。,在市中心核心写字楼工作，首选半小时核心通勤圈内。,倡导轻户外，周末常带家人自驾野营或山系徒步，注重生活情调与手作咖啡。,名下持有一套旧两居，置换回款 65% + 个人理财储蓄补充 + 公积金商业贷,重性价比，不盲信大牌，但要求物业管理有序、绿化修剪及时、人防技防规范。,本地常住人口，四季生活规律，度假频次为常规年假出行。
青_2008_01279,青岛,2008,本地改善,50,男,2.1,13.8,0.4,25.9,3,1,否,B,agent,0.92,0.58,0.82,0.5,0.4,0.83,0.67,0.77,0.53,自住-改善,两室一厅,67,2818,国企车间技术主任,三口之家(学龄段),青岛中环品质两居，车位及空间极其拥挤,小区无地下车库且人车不分流，小孩在楼下玩耍或者推婴儿车极为不安全。,要求有超大面宽南向双阳台（观景家政分离），主卧大飘窗能270度直面自然景观。,在市中心核心写字楼工作，首选半小时核心通勤圈内。,倡导轻户外，周末常带家人自驾野营或山系徒步，注重生活情调与手作咖啡。,名下持有一套旧两居，置换回款 65% + 个人理财储蓄补充 + 公积金商业贷,重性价比，不盲信大牌，但要求物业管理有序、绿化修剪及时、人防技防规范。,本地常住人口，四季生活规律，度假频次为常规年假出行。
青_2008_01280,青岛,2008,学区刚需,38,男,1.7,12.7,0.3,31.8,3,0,是,C,agent,0.99,0.63,0.44,0.46,0.47,0.75,0.47,1,0.4,学区房,两室一厅,68,3578,市第二中学地理教师,成熟期核心家庭,与父母同住，三代人拥挤在旧区小户型老房中,当前房屋属于旧多层无电梯房，父母年纪渐高每天爬楼梯极为吃力。,讲究超高得房率（超85%），主卧套房必须配备独立步入式衣帽间与干湿分离双卫。,在市中心核心写字楼工作，首选半小时核心通勤圈内。,爱猫狗，喜欢烹饪和插花，主打经济舒适的生活小确幸。,名下持有一套旧两居，置换回款 65% + 个人理财储蓄补充 + 公积金商业贷,重性价比，不盲信大牌，但要求物业管理有序、绿化修剪及时、人防技防规范。,本地常住人口，四季生活规律，度假频次为常规年假出行。
青_2008_01281,青岛,2008,本地改善,37,女,1.8,17.2,0.4,32.2,4,1,否,B,agent,0.85,0.57,0.91,0.47,0.47,0.9,0.59,0.7,0.46,自住-改善,两室两厅,83,1990,国企车间技术主任,三口之家(幼龄段),青岛中环品质两居，车位及空间极其拥挤,小区无地下车库且人车不分流，小孩在楼下玩耍或者推婴儿车极为不安全。,要求有超大面宽南向双阳台（观景家政分离），主卧大飘窗能270度直面自然景观。,在市中心核心写字楼工作，首选半小时核心通勤圈内。,倡导轻户外，周末常带家人自驾野营或山系徒步，注重生活情调与手作咖啡。,名下持有一套旧两居，置换回款 65% + 个人理财储蓄补充 + 公积金商业贷,重性价比，不盲信大牌，但要求物业管理有序、绿化修剪及时、人防技防规范。,本地常住人口，四季生活规律，度假频次为常规年假出行。
青_2008_01282,青岛,2008,山东省内异地,42,男,1.4,13.9,0.45,23.2,4,1,是,C,network,0.63,0.56,0.98,0.65,0.41,0.83,0,0.43,0.65,自住-首套,两室一厅,72,2071,市第二中学地理教师,三口之家(学龄段),与父母同住，三代人拥挤在旧区小户型老房中,小区无地下车库且人车不分流，小孩在楼下玩耍或者推婴儿车极为不安全。,要求有超大面宽南向双阳台（观景家政分离），主卧大飘窗能270度直面自然景观。,在市中心核心写字楼工作，首选半小时核心通勤圈内。,爱猫狗，喜欢烹饪和插花，主打经济舒适的生活小确幸。,夫妻双方积蓄 + 双方父母出资赞助首付 + 公积金商业组合贷款,重性价比，不盲信大牌，但要求物业管理有序、绿化修剪及时、人防技防规范。,本地常住人口，四季生活规律，度假频次为常规年假出行。
青_2008_01283,青岛,2008,学区刚需,30,男,2.8,14.9,0.3,37.1,3,1,否,C,agent,1,0.6,0.49,0.3,0.22,0.8,0.55,1,0.45,学区房,两室两厅,70,4447,邮政局局长秘书,三口之家(幼龄段),与父母同住，三代人拥挤在旧区小户型老房中,小区无地下车库且人车不分流，小孩在楼下玩耍或者推婴儿车极为不安全。,讲究超高得房率（超85%），主卧套房必须配备独立步入式衣帽间与干湿分离双卫。,在市中心核心写字楼工作，首选半小时核心通勤圈内。,爱猫狗，喜欢烹饪和插花，主打经济舒适的生活小确幸。,名下持有一套旧两居，置换回款 65% + 个人理财储蓄补充 + 公积金商业贷,重性价比，不盲信大牌，但要求物业管理有序、绿化修剪及时、人防技防规范。,本地常住人口，四季生活规律，度假频次为常规年假出行。
青_2008_01284,青岛,2008,本地改善,52,女,3.0,26.9,0.4,50.4,4,1,否,B,agent,0.93,0.55,0.66,0.52,0.5,0.93,0.64,0.6,0.5,自住-改善,两室两厅,100,3172,邮政局局长秘书,三口之家(学龄段),青岛中环品质两居，车位及空间极其拥挤,小区无地下车库且人车不分流，小孩在楼下玩耍或者推婴儿车极为不安全。,讲究超高得房率（超85%），主卧套房必须配备独立步入式衣帽间与干湿分离双卫。,在市中心核心写字楼工作，首选半小时核心通勤圈内。,倡导轻户外，周末常带家人自驾野营或山系徒步，注重生活情调与手作咖啡。,名下持有一套旧两居，置换回款 65% + 个人理财储蓄补充 + 公积金商业贷,重性价比，不盲信大牌，但要求物业管理有序、绿化修剪及时、人防技防规范。,本地常住人口，四季生活规律，度假频次为常规年假出行。
青_2008_01285,青岛,2008,本地改善,55,女,1.1,10.9,0.4,20.5,4,0,否,B,agent,0.96,0.54,0.7,0.42,0.54,0.79,0.55,0.85,0.5,自住-改善,两室一厅,70,2214,区财政局科员,高知退休康养,青岛中环品质两居，车位及空间极其拥挤,老小区隔音差，邻里滋扰严重，且车位严重匮乏，每晚加班回来抢车位像打仗。,讲究超高得房率（超85%），主卧套房必须配备独立步入式衣帽间与干湿分离双卫。,在市中心核心写字楼工作，首选半小时核心通勤圈内。,倡导轻户外，周末常带家人自驾野营或山系徒步，注重生活情调与手作咖啡。,名下持有一套旧两居，置换回款 65% + 个人理财储蓄补充 + 公积金商业贷,重性价比，不盲信大牌，但要求物业管理有序、绿化修剪及时、人防技防规范。,本地常住人口，四季生活规律，度假频次为常规年假出行。
青_2008_01286,青岛,2008,本地改善,39,女,2.7,22.2,0.4,41.6,4,1,是,B,agent,0.96,0.56,0.64,0.54,0.5,0.87,0.53,0.63,0.49,自住-改善,两室两厅,94,3456,区财政局科员,三口之家(学龄段),青岛中环品质两居，车位及空间极其拥挤,小区无地下车库且人车不分流，小孩在楼下玩耍或者推婴儿车极为不安全。,讲究超高得房率（超85%），主卧套房必须配备独立步入式衣帽间与干湿分离双卫。,在市中心核心写字楼工作，首选半小时核心通勤圈内。,倡导轻户外，周末常带家人自驾野营或山系徒步，注重生活情调与手作咖啡。,名下持有一套旧两居，置换回款 65% + 个人理财储蓄补充 + 公积金商业贷,重性价比，不盲信大牌，但要求物业管理有序、绿化修剪及时、人防技防规范。,本地常住人口，四季生活规律，度假频次为常规年假出行。
青_2008_01287,青岛,2008,本地改善,54,女,2.7,19.8,0.4,37.0,4,0,是,B,agent,0.73,0.49,0.83,0.47,0.53,0.79,0.57,0.69,0.46,自住-改善,两室一厅,63,3626,国企车间技术主任,成熟期核心家庭,青岛中环品质两居，车位及空间极其拥挤,当前房屋属于旧多层无电梯房，父母年纪渐高每天爬楼梯极为吃力。,要求有超大面宽南向双阳台（观景家政分离），主卧大飘窗能270度直面自然景观。,在市中心核心写字楼工作，首选半小时核心通勤圈内。,倡导轻户外，周末常带家人自驾野营或山系徒步，注重生活情调与手作咖啡。,名下持有一套旧两居，置换回款 65% + 个人理财储蓄补充 + 公积金商业贷,重性价比，不盲信大牌，但要求物业管理有序、绿化修剪及时、人防技防规范。,本地常住人口，四季生活规律，度假频次为常规年假出行。
青_2008_01288,青岛,2008,本地改善,43,男,1.5,9.7,0.4,18.1,3,1,否,B,agent,0.77,0.51,0.72,0.51,0.38,0.85,0.62,0.78,0.43,自住-改善,两室两厅,62,2115,市第二中学地理教师,三口之家(学龄段),青岛中环品质两居，车位及空间极其拥挤,小区无地下车库且人车不分流，小孩在楼下玩耍或者推婴儿车极为不安全。,要求有超大面宽南向双阳台（观景家政分离），主卧大飘窗能270度直面自然景观。,在市中心核心写字楼工作，首选半小时核心通勤圈内。,倡导轻户外，周末常带家人自驾野营或山系徒步，注重生活情调与手作咖啡。,名下持有一套旧两居，置换回款 65% + 个人理财储蓄补充 + 公积金商业贷,重性价比，不盲信大牌，但要求物业管理有序、绿化修剪及时、人防技防规范。,本地常住人口，四季生活规律，度假频次为常规年假出行。
青_2008_01289,青岛,2008,本地改善,40,男,2.7,18.0,0.4,33.8,4,1,是,B,agent,0.76,0.7,0.8,0.64,0.43,0.96,0.54,0.61,0.63,自住-改善,一室一厅,100,2572,市第二中学地理教师,三口之家(学龄段),青岛中环品质两居，车位及空间极其拥挤,小区无地下车库且人车不分流，小孩在楼下玩耍或者推婴儿车极为不安全。,要求有超大面宽南向双阳台（观景家政分离），主卧大飘窗能270度直面自然景观。,在市中心核心写字楼工作，首选半小时核心通勤圈内。,倡导轻户外，周末常带家人自驾野营或山系徒步，注重生活情调与手作咖啡。,名下持有一套旧两居，置换回款 65% + 个人理财储蓄补充 + 公积金商业贷,重性价比，不盲信大牌，但要求物业管理有序、绿化修剪及时、人防技防规范。,本地常住人口，四季生活规律，度假频次为常规年假出行。
青_2008_01290,青岛,2008,本地改善,39,女,2.0,18.5,0.4,34.8,4,1,否,B,agent,0.7,0.43,0.75,0.53,0.52,0.93,0.49,0.69,0.58,自住-改善,两室两厅,72,3901,邮政局局长秘书,三口之家(学龄段),青岛中环品质两居，车位及空间极其拥挤,小区无地下车库且人车不分流，小孩在楼下玩耍或者推婴儿车极为不安全。,要求有超大面宽南向双阳台（观景家政分离），主卧大飘窗能270度直面自然景观。,在市中心核心写字楼工作，首选半小时核心通勤圈内。,倡导轻户外，周末常带家人自驾野营或山系徒步，注重生活情调与手作咖啡。,名下持有一套旧两居，置换回款 65% + 个人理财储蓄补充 + 公积金商业贷,重性价比，不盲信大牌，但要求物业管理有序、绿化修剪及时、人防技防规范。,本地常住人口，四季生活规律，度假频次为常规年假出行。
青_2008_01291,青岛,2008,本地改善,48,女,1.3,12.6,0.4,23.5,3,1,否,B,agent,0.79,0.34,0.84,0.6,0.53,0.77,0.55,0.66,0.6,自住-改善,一室一厅,52,4067,邮政局局长秘书,三口之家(学龄段),青岛中环品质两居，车位及空间极其拥挤,小区无地下车库且人车不分流，小孩在楼下玩耍或者推婴儿车极为不安全。,要求有超大面宽南向双阳台（观景家政分离），主卧大飘窗能270度直面自然景观。,在市中心核心写字楼工作，首选半小时核心通勤圈内。,倡导轻户外，周末常带家人自驾野营或山系徒步，注重生活情调与手作咖啡。,名下持有一套旧两居，置换回款 65% + 个人理财储蓄补充 + 公积金商业贷,重性价比，不盲信大牌，但要求物业管理有序、绿化修剪及时、人防技防规范。,本地常住人口，四季生活规律，度假频次为常规年假出行。
青_2008_01292,青岛,2008,北方度假投资,58,男,4.8,41.1,0.5,61.6,1,0,否,B,research,0.85,0.57,0.81,0.56,0.49,0.39,0,0,0.88,投资-短期,两室一厅,88,5509,上市公司退休联合创始人,高知退休康养,青岛中环品质两居，车位及空间极其拥挤,老小区隔音差，邻里滋扰严重，且车位严重匮乏，每晚加班回来抢车位像打仗。,要求有超大面宽南向双阳台（观景家政分离），主卧大飘窗能270度直面自然景观。,在市中心核心写字楼工作，首选半小时核心通勤圈内。,倡导轻户外，周末常带家人自驾野营或山系徒步，注重生活情调与手作咖啡。,名下持有一套旧两居，置换回款 65% + 个人理财储蓄补充 + 公积金商业贷,非仁恒、绿城、万科等金牌开发商不买，极度看重高端精装质量与顶级物业的增值口碑。,每年11月至次年3月到此度过漫长冬季，极其依赖周边的康养及适老化服务。
青_2008_01293,青岛,2008,本地改善,55,男,2.3,17.4,0.4,32.6,3,1,否,B,agent,0.67,0.5,0.7,0.46,0.36,0.81,0.59,0.75,0.56,自住-改善,两室两厅,63,3987,区财政局科员,三口之家(学龄段),青岛中环品质两居，车位及空间极其拥挤,小区无地下车库且人车不分流，小孩在楼下玩耍或者推婴儿车极为不安全。,讲究超高得房率（超85%），主卧套房必须配备独立步入式衣帽间与干湿分离双卫。,在市中心核心写字楼工作，首选半小时核心通勤圈内。,倡导轻户外，周末常带家人自驾野营或山系徒步，注重生活情调与手作咖啡。,名下持有一套旧两居，置换回款 65% + 个人理财储蓄补充 + 公积金商业贷,重性价比，不盲信大牌，但要求物业管理有序、绿化修剪及时、人防技防规范。,本地常住人口，四季生活规律，度假频次为常规年假出行。
青_2008_01294,青岛,2008,北方度假投资,55,女,3.7,44.0,0.5,65.9,2,0,是,B,research,1,0.42,0.93,0.6,0.4,0.54,0.04,0.08,0.72,投资-短期,一室一厅,94,4591,知名中医药连锁投资人,高知退休康养,青岛中环品质两居，车位及空间极其拥挤,当前房屋属于旧多层无电梯房，父母年纪渐高每天爬楼梯极为吃力。,要求有超大面宽南向双阳台（观景家政分离），主卧大飘窗能270度直面自然景观。,在市中心核心写字楼工作，首选半小时核心通勤圈内。,倡导轻户外，周末常带家人自驾野营或山系徒步，注重生活情调与手作咖啡。,名下持有一套旧两居，置换回款 65% + 个人理财储蓄补充 + 公积金商业贷,非仁恒、绿城、万科等金牌开发商不买，极度看重高端精装质量与顶级物业的增值口碑。,每年11月至次年3月到此度过漫长冬季，极其依赖周边的康养及适老化服务。
青_2008_01295,青岛,2008,本地改善,42,女,1.7,13.1,0.4,24.6,3,1,是,B,agent,0.53,0.53,0.7,0.44,0.37,0.95,0.5,0.77,0.66,自住-改善,两室两厅,69,2774,邮政局局长秘书,三口之家(学龄段),青岛中环品质两居，车位及空间极其拥挤,小区无地下车库且人车不分流，小孩在楼下玩耍或者推婴儿车极为不安全。,要求有超大面宽南向双阳台（观景家政分离），主卧大飘窗能270度直面自然景观。,在市中心核心写字楼工作，首选半小时核心通勤圈内。,倡导轻户外，周末常带家人自驾野营或山系徒步，注重生活情调与手作咖啡。,名下持有一套旧两居，置换回款 65% + 个人理财储蓄补充 + 公积金商业贷,重性价比，不盲信大牌，但要求物业管理有序、绿化修剪及时、人防技防规范。,本地常住人口，四季生活规律，度假频次为常规年假出行。
青_2008_01296,青岛,2008,本地改善,40,男,2.4,22.9,0.4,43.0,5,0,否,B,agent,0.91,0.53,0.69,0.52,0.63,0.88,0.6,0.69,0.37,自住-改善,两室一厅,87,3851,区财政局科员,成熟期核心家庭,青岛中环品质两居，车位及空间极其拥挤,老小区隔音差，邻里滋扰严重，且车位严重匮乏，每晚加班回来抢车位像打仗。,讲究超高得房率（超85%），主卧套房必须配备独立步入式衣帽间与干湿分离双卫。,在市中心核心写字楼工作，首选半小时核心通勤圈内。,倡导轻户外，周末常带家人自驾野营或山系徒步，注重生活情调与手作咖啡。,名下持有一套旧两居，置换回款 65% + 个人理财储蓄补充 + 公积金商业贷,重性价比，不盲信大牌，但要求物业管理有序、绿化修剪及时、人防技防规范。,本地常住人口，四季生活规律，度假频次为常规年假出行。
青_2008_01297,青岛,2008,本地改善,53,男,2.3,20.0,0.4,37.5,5,2,否,B,agent,0.84,0.4,0.89,0.35,0.58,0.93,0.7,0.73,0.6,自住-改善,两室两厅,63,4411,国企车间技术主任,二胎黄金期中大户型,青岛中环品质两居，车位及空间极其拥挤,小区无地下车库且人车不分流，小孩在楼下玩耍或者推婴儿车极为不安全。,要求有超大面宽南向双阳台（观景家政分离），主卧大飘窗能270度直面自然景观。,在市中心核心写字楼工作，首选半小时核心通勤圈内。,倡导轻户外，周末常带家人自驾野营或山系徒步，注重生活情调与手作咖啡。,名下持有一套旧两居，置换回款 65% + 个人理财储蓄补充 + 公积金商业贷,重性价比，不盲信大牌，但要求物业管理有序、绿化修剪及时、人防技防规范。,本地常住人口，四季生活规律，度假频次为常规年假出行。
青_2008_01298,青岛,2008,本地改善,48,女,3.1,30.1,0.4,56.5,3,0,是,B,agent,0.59,0.56,0.79,0.6,0.48,0.8,0.55,0.72,0.39,自住-改善,两室一厅,100,4435,区财政局科员,成熟期核心家庭,青岛中环品质两居，车位及空间极其拥挤,当前房屋属于旧多层无电梯房，父母年纪渐高每天爬楼梯极为吃力。,要求有超大面宽南向双阳台（观景家政分离），主卧大飘窗能270度直面自然景观。,在市中心核心写字楼工作，首选半小时核心通勤圈内。,倡导轻户外，周末常带家人自驾野营或山系徒步，注重生活情调与手作咖啡。,名下持有一套旧两居，置换回款 65% + 个人理财储蓄补充 + 公积金商业贷,重性价比，不盲信大牌，但要求物业管理有序、绿化修剪及时、人防技防规范。,本地常住人口，四季生活规律，度假频次为常规年假出行。
青_2008_01299,青岛,2008,学区刚需,38,男,0.9,5.7,0.3,14.3,2,1,否,C,agent,1,0.49,0.39,0.33,0.33,0.76,0.67,0.98,0.4,学区房,一室一厅,80,1370,邮政局局长秘书,三口之家(学龄段),与父母同住，三代人拥挤在旧区小户型老房中,小区无地下车库且人车不分流，小孩在楼下玩耍或者推婴儿车极为不安全。,讲究超高得房率（超85%），主卧套房必须配备独立步入式衣帽间与干湿分离双卫。,在市中心核心写字楼工作，首选半小时核心通勤圈内。,爱猫狗，喜欢烹饪和插花，主打经济舒适的生活小确幸。,名下持有一套旧两居，置换回款 65% + 个人理财储蓄补充 + 公积金商业贷,重性价比，不盲信大牌，但要求物业管理有序、绿化修剪及时、人防技防规范。,本地常住人口，四季生活规律，度假频次为常规年假出行。
青_2008_01300,青岛,2008,本地改善,44,女,1.9,18.0,0.4,33.8,4,1,是,B,agent,0.67,0.57,0.86,0.61,0.46,0.83,0.45,0.69,0.55,自住-改善,两室两厅,71,3258,市第二中学地理教师,三口之家(学龄段),青岛中环品质两居，车位及空间极其拥挤,小区无地下车库且人车不分流，小孩在楼下玩耍或者推婴儿车极为不安全。,要求有超大面宽南向双阳台（观景家政分离），主卧大飘窗能270度直面自然景观。,在市中心核心写字楼工作，首选半小时核心通勤圈内。,倡导轻户外，周末常带家人自驾野营或山系徒步，注重生活情调与手作咖啡。,名下持有一套旧两居，置换回款 65% + 个人理财储蓄补充 + 公积金商业贷,重性价比，不盲信大牌，但要求物业管理有序、绿化修剪及时、人防技防规范。,本地常住人口，四季生活规律，度假频次为常规年假出行。
青_2008_01301,青岛,2008,北方度假投资,58,女,4.7,36.5,0.5,54.8,1,1,否,B,research,0.99,0.53,0.87,0.72,0.55,0.56,0.05,0,0.77,投资-短期,两室一厅,83,5334,高端海景资产收藏家,三口之家(学龄段),青岛中环品质两居，车位及空间极其拥挤,小区无地下车库且人车不分流，小孩在楼下玩耍或者推婴儿车极为不安全。,要求独立电梯入户，主次卧动线分明，配备独立保姆房和私密后院。,在市中心核心写字楼工作，首选半小时核心通勤圈内。,倡导轻户外，周末常带家人自驾野营或山系徒步，注重生活情调与手作咖啡。,名下持有一套旧两居，置换回款 65% + 个人理财储蓄补充 + 公积金商业贷,非仁恒、绿城、万科等金牌开发商不买，极度看重高端精装质量与顶级物业的增值口碑。,每年11月至次年3月到此度过漫长冬季，极其依赖周边的康养及适老化服务。
青_2008_01302,青岛,2008,本地改善,49,男,1.2,7.7,0.4,14.4,4,1,是,B,agent,0.73,0.48,0.8,0.54,0.43,0.91,0.54,0.63,0.52,自住-改善,两室一厅,55,1480,区财政局科员,三口之家(学龄段),青岛中环品质两居，车位及空间极其拥挤,小区无地下车库且人车不分流，小孩在楼下玩耍或者推婴儿车极为不安全。,要求有超大面宽南向双阳台（观景家政分离），主卧大飘窗能270度直面自然景观。,在市中心核心写字楼工作，首选半小时核心通勤圈内。,倡导轻户外，周末常带家人自驾野营或山系徒步，注重生活情调与手作咖啡。,名下持有一套旧两居，置换回款 65% + 个人理财储蓄补充 + 公积金商业贷,重性价比，不盲信大牌，但要求物业管理有序、绿化修剪及时、人防技防规范。,本地常住人口，四季生活规律，度假频次为常规年假出行。
青_2008_01303,青岛,2008,山东省内异地,47,男,4.3,41.7,0.45,69.5,3,1,否,C,network,0.78,0.57,0.75,0.66,0.46,0.7,0,0.27,0.51,自住-首套,一室一厅,96,5718,市第二中学地理教师,三口之家(学龄段),与父母同住，三代人拥挤在旧区小户型老房中,小区无地下车库且人车不分流，小孩在楼下玩耍或者推婴儿车极为不安全。,要求有超大面宽南向双阳台（观景家政分离），主卧大飘窗能270度直面自然景观。,在市中心核心写字楼工作，首选半小时核心通勤圈内。,爱猫狗，喜欢烹饪和插花，主打经济舒适的生活小确幸。,夫妻双方积蓄 + 双方父母出资赞助首付 + 公积金商业组合贷款,重性价比，不盲信大牌，但要求物业管理有序、绿化修剪及时、人防技防规范。,本地常住人口，四季生活规律，度假频次为常规年假出行。
青_2008_01304,青岛,2008,学区刚需,33,男,1.3,9.7,0.3,24.2,3,2,否,C,agent,0.67,0.51,0.51,0.32,0.47,0.88,0.59,0.91,0.46,学区房,两室两厅,59,2301,国企车间技术主任,二胎黄金期中大户型,与父母同住，三代人拥挤在旧区小户型老房中,小区无地下车库且人车不分流，小孩在楼下玩耍或者推婴儿车极为不安全。,讲究超高得房率（超85%），主卧套房必须配备独立步入式衣帽间与干湿分离双卫。,在市中心核心写字楼工作，首选半小时核心通勤圈内。,爱猫狗，喜欢烹饪和插花，主打经济舒适的生活小确幸。,名下持有一套旧两居，置换回款 65% + 个人理财储蓄补充 + 公积金商业贷,重性价比，不盲信大牌，但要求物业管理有序、绿化修剪及时、人防技防规范。,本地常住人口，四季生活规律，度假频次为常规年假出行。
青_2008_01305,青岛,2008,山东省内异地,42,男,3.1,22.5,0.45,37.5,2,0,否,C,network,0.74,0.51,0.84,0.52,0.27,0.57,0,0.36,0.53,自住-首套,两室两厅,89,3675,区财政局科员,成熟期核心家庭,与父母同住，三代人拥挤在旧区小户型老房中,老小区隔音差，邻里滋扰严重，且车位严重匮乏，每晚加班回来抢车位像打仗。,要求有超大面宽南向双阳台（观景家政分离），主卧大飘窗能270度直面自然景观。,在市中心核心写字楼工作，首选半小时核心通勤圈内。,爱猫狗，喜欢烹饪和插花，主打经济舒适的生活小确幸。,夫妻双方积蓄 + 双方父母出资赞助首付 + 公积金商业组合贷款,重性价比，不盲信大牌，但要求物业管理有序、绿化修剪及时、人防技防规范。,本地常住人口，四季生活规律，度假频次为常规年假出行。
青_2008_01306,青岛,2008,学区刚需,32,女,2.5,15.6,0.3,39.1,3,1,否,C,agent,0.89,0.57,0.42,0.24,0.54,0.74,0.74,1,0.48,学区房,两室两厅,82,3026,区财政局科员,三口之家(幼龄段),与父母同住，三代人拥挤在旧区小户型老房中,小区无地下车库且人车不分流，小孩在楼下玩耍或者推婴儿车极为不安全。,讲究超高得房率（超85%），主卧套房必须配备独立步入式衣帽间与干湿分离双卫。,在市中心核心写字楼工作，首选半小时核心通勤圈内。,爱猫狗，喜欢烹饪和插花，主打经济舒适的生活小确幸。,名下持有一套旧两居，置换回款 65% + 个人理财储蓄补充 + 公积金商业贷,重性价比，不盲信大牌，但要求物业管理有序、绿化修剪及时、人防技防规范。,本地常住人口，四季生活规律，度假频次为常规年假出行。
青_2008_01307,青岛,2008,山东省内异地,53,男,2.6,14.8,0.45,24.7,3,1,否,C,network,0.73,0.64,0.99,0.52,0.45,0.69,0,0.46,0.65,自住-首套,两室一厅,84,2021,市第二中学地理教师,三口之家(学龄段),与父母同住，三代人拥挤在旧区小户型老房中,小区无地下车库且人车不分流，小孩在楼下玩耍或者推婴儿车极为不安全。,要求有超大面宽南向双阳台（观景家政分离），主卧大飘窗能270度直面自然景观。,在市中心核心写字楼工作，首选半小时核心通勤圈内。,爱猫狗，喜欢烹饪和插花，主打经济舒适的生活小确幸。,夫妻双方积蓄 + 双方父母出资赞助首付 + 公积金商业组合贷款,重性价比，不盲信大牌，但要求物业管理有序、绿化修剪及时、人防技防规范。,本地常住人口，四季生活规律，度假频次为常规年假出行。
青_2008_01308,青岛,2008,本地改善,42,男,1.6,14.8,0.4,27.8,4,1,否,B,agent,0.88,0.56,0.61,0.43,0.37,0.96,0.57,0.63,0.71,自住-改善,两室两厅,84,2026,邮政局局长秘书,三口之家(学龄段),青岛中环品质两居，车位及空间极其拥挤,小区无地下车库且人车不分流，小孩在楼下玩耍或者推婴儿车极为不安全。,讲究超高得房率（超85%），主卧套房必须配备独立步入式衣帽间与干湿分离双卫。,在市中心核心写字楼工作，首选半小时核心通勤圈内。,倡导轻户外，周末常带家人自驾野营或山系徒步，注重生活情调与手作咖啡。,名下持有一套旧两居，置换回款 65% + 个人理财储蓄补充 + 公积金商业贷,非仁恒、绿城、万科等金牌开发商不买，极度看重高端精装质量与顶级物业的增值口碑。,本地常住人口，四季生活规律，度假频次为常规年假出行。
青_2008_01309,青岛,2008,学区刚需,34,男,1.3,9.9,0.3,24.8,3,0,否,C,agent,0.61,0.43,0.2,0.18,0.4,0.81,0.55,1,0.38,学区房,两室一厅,91,2144,市第二中学地理教师,新婚过渡两居,与父母同住，三代人拥挤在旧区小户型老房中,老小区隔音差，邻里滋扰严重，且车位严重匮乏，每晚加班回来抢车位像打仗。,讲究超高得房率（超85%），主卧套房必须配备独立步入式衣帽间与干湿分离双卫。,在市中心核心写字楼工作，首选半小时核心通勤圈内。,爱猫狗，喜欢烹饪和插花，主打经济舒适的生活小确幸。,名下持有一套旧两居，置换回款 65% + 个人理财储蓄补充 + 公积金商业贷,重性价比，不盲信大牌，但要求物业管理有序、绿化修剪及时、人防技防规范。,本地常住人口，四季生活规律，度假频次为常规年假出行。
青_2008_01310,青岛,2008,本地改善,44,男,1.7,14.0,0.4,26.2,4,1,是,B,agent,0.66,0.47,0.84,0.6,0.43,0.86,0.59,0.75,0.5,自住-改善,两室两厅,93,2079,区财政局科员,三口之家(学龄段),青岛中环品质两居，车位及空间极其拥挤,小区无地下车库且人车不分流，小孩在楼下玩耍或者推婴儿车极为不安全。,要求有超大面宽南向双阳台（观景家政分离），主卧大飘窗能270度直面自然景观。,在市中心核心写字楼工作，首选半小时核心通勤圈内。,倡导轻户外，周末常带家人自驾野营或山系徒步，注重生活情调与手作咖啡。,名下持有一套旧两居，置换回款 65% + 个人理财储蓄补充 + 公积金商业贷,重性价比，不盲信大牌，但要求物业管理有序、绿化修剪及时、人防技防规范。,本地常住人口，四季生活规律，度假频次为常规年假出行。
青_2008_01311,青岛,2008,北方度假投资,51,女,0.9,11.7,0.5,17.5,2,0,否,B,research,0.32,0.54,0.96,0.52,0.68,0.47,0,0,0.89,投资-长持,一室一厅,68,1450,知名中医药连锁投资人,成熟期核心家庭,青岛中环品质两居，车位及空间极其拥挤,老小区隔音差，邻里滋扰严重，且车位严重匮乏，每晚加班回来抢车位像打仗。,要求有超大面宽南向双阳台（观景家政分离），主卧大飘窗能270度直面自然景观。,在市中心核心写字楼工作，首选半小时核心通勤圈内。,倡导轻户外，周末常带家人自驾野营或山系徒步，注重生活情调与手作咖啡。,名下持有一套旧两居，置换回款 65% + 个人理财储蓄补充 + 公积金商业贷,非仁恒、绿城、万科等金牌开发商不买，极度看重高端精装质量与顶级物业的增值口碑。,每年11月至次年3月到此度过漫长冬季，极其依赖周边的康养及适老化服务。
青_2008_01312,青岛,2008,本地改善,54,男,2.6,24.9,0.4,46.7,4,1,是,B,agent,0.5,0.48,0.65,0.42,0.65,0.97,0.68,0.74,0.51,自住-改善,两室一厅,50,7680,国企车间技术主任,三口之家(学龄段),青岛中环品质两居，车位及空间极其拥挤,小区无地下车库且人车不分流，小孩在楼下玩耍或者推婴儿车极为不安全。,讲究超高得房率（超85%），主卧套房必须配备独立步入式衣帽间与干湿分离双卫。,在市中心核心写字楼工作，首选半小时核心通勤圈内。,倡导轻户外，周末常带家人自驾野营或山系徒步，注重生活情调与手作咖啡。,名下持有一套旧两居，置换回款 65% + 个人理财储蓄补充 + 公积金商业贷,重性价比，不盲信大牌，但要求物业管理有序、绿化修剪及时、人防技防规范。,本地常住人口，四季生活规律，度假频次为常规年假出行。
青_2008_01313,青岛,2008,本地改善,54,男,1.4,11.1,0.4,20.9,4,1,否,B,agent,1,0.51,0.79,0.56,0.63,0.67,0.63,0.67,0.62,自住-改善,一室一厅,54,2074,区财政局科员,三口之家(学龄段),青岛中环品质两居，车位及空间极其拥挤,小区无地下车库且人车不分流，小孩在楼下玩耍或者推婴儿车极为不安全。,要求有超大面宽南向双阳台（观景家政分离），主卧大飘窗能270度直面自然景观。,在市中心核心写字楼工作，首选半小时核心通勤圈内。,倡导轻户外，周末常带家人自驾野营或山系徒步，注重生活情调与手作咖啡。,名下持有一套旧两居，置换回款 65% + 个人理财储蓄补充 + 公积金商业贷,重性价比，不盲信大牌，但要求物业管理有序、绿化修剪及时、人防技防规范。,本地常住人口，四季生活规律，度假频次为常规年假出行。
青_2008_01314,青岛,2008,本地改善,44,男,2.1,14.9,0.4,28.0,5,0,否,B,agent,0.68,0.41,0.71,0.45,0.49,0.97,0.57,0.67,0.64,自住-改善,两室两厅,52,4722,国企车间技术主任,成熟期核心家庭,青岛中环品质两居，车位及空间极其拥挤,老小区隔音差，邻里滋扰严重，且车位严重匮乏，每晚加班回来抢车位像打仗。,要求有超大面宽南向双阳台（观景家政分离），主卧大飘窗能270度直面自然景观。,在市中心核心写字楼工作，首选半小时核心通勤圈内。,倡导轻户外，周末常带家人自驾野营或山系徒步，注重生活情调与手作咖啡。,名下持有一套旧两居，置换回款 65% + 个人理财储蓄补充 + 公积金商业贷,重性价比，不盲信大牌，但要求物业管理有序、绿化修剪及时、人防技防规范。,本地常住人口，四季生活规律，度假频次为常规年假出行。
青_2008_01315,青岛,2008,本地改善,36,男,1.2,10.6,0.4,19.9,4,1,是,B,agent,0.7,0.33,0.72,0.33,0.39,0.82,0.59,0.68,0.56,自住-改善,两室两厅,82,1584,邮政局局长秘书,三口之家(幼龄段),青岛中环品质两居，车位及空间极其拥挤,小区无地下车库且人车不分流，小孩在楼下玩耍或者推婴儿车极为不安全。,要求有超大面宽南向双阳台（观景家政分离），主卧大飘窗能270度直面自然景观。,在市中心核心写字楼工作，首选半小时核心通勤圈内。,倡导轻户外，周末常带家人自驾野营或山系徒步，注重生活情调与手作咖啡。,名下持有一套旧两居，置换回款 65% + 个人理财储蓄补充 + 公积金商业贷,重性价比，不盲信大牌，但要求物业管理有序、绿化修剪及时、人防技防规范。,本地常住人口，四季生活规律，度假频次为常规年假出行。
青_2008_01316,青岛,2008,本地改善,44,女,2.2,12.6,0.4,23.6,4,1,否,B,agent,0.68,0.6,0.72,0.44,0.46,0.78,0.63,0.62,0.48,自住-改善,两室一厅,100,1502,市第二中学地理教师,三口之家(学龄段),青岛中环品质两居，车位及空间极其拥挤,小区无地下车库且人车不分流，小孩在楼下玩耍或者推婴儿车极为不安全。,要求有超大面宽南向双阳台（观景家政分离），主卧大飘窗能270度直面自然景观。,在市中心核心写字楼工作，首选半小时核心通勤圈内。,倡导轻户外，周末常带家人自驾野营或山系徒步，注重生活情调与手作咖啡。,名下持有一套旧两居，置换回款 65% + 个人理财储蓄补充 + 公积金商业贷,重性价比，不盲信大牌，但要求物业管理有序、绿化修剪及时、人防技防规范。,本地常住人口，四季生活规律，度假频次为常规年假出行。
青_2008_01317,青岛,2008,山东省内异地,41,男,3.3,21.1,0.45,35.2,3,2,否,C,network,0.44,0.5,0.76,0.42,0.49,0.69,0,0.4,0.62,自住-改善,一室一厅,62,3140,邮政局局长秘书,二胎黄金期中大户型,与父母同住，三代人拥挤在旧区小户型老房中,小区无地下车库且人车不分流，小孩在楼下玩耍或者推婴儿车极为不安全。,要求有超大面宽南向双阳台（观景家政分离），主卧大飘窗能270度直面自然景观。,在市中心核心写字楼工作，首选半小时核心通勤圈内。,爱猫狗，喜欢烹饪和插花，主打经济舒适的生活小确幸。,名下持有一套旧两居，置换回款 65% + 个人理财储蓄补充 + 公积金商业贷,重性价比，不盲信大牌，但要求物业管理有序、绿化修剪及时、人防技防规范。,本地常住人口，四季生活规律，度假频次为常规年假出行。
青_2008_01318,青岛,2008,学区刚需,45,男,2.1,16.1,0.3,40.2,4,2,是,C,agent,0.72,0.66,0.31,0.34,0.37,0.6,0.57,0.92,0.5,学区房,一室一厅,63,4088,市第二中学地理教师,二胎黄金期中大户型,与父母同住，三代人拥挤在旧区小户型老房中,小区无地下车库且人车不分流，小孩在楼下玩耍或者推婴儿车极为不安全。,核心要求地块属于第一梯队名校学区，且周边500米内解决幼小衔接教育配套。,在市中心核心写字楼工作，首选半小时核心通勤圈内。,爱猫狗，喜欢烹饪和插花，主打经济舒适的生活小确幸。,名下持有一套旧两居，置换回款 65% + 个人理财储蓄补充 + 公积金商业贷,重性价比，不盲信大牌，但要求物业管理有序、绿化修剪及时、人防技防规范。,本地常住人口，四季生活规律，度假频次为常规年假出行。
青_2008_01319,青岛,2008,本地改善,50,男,2.3,19.2,0.4,36.0,3,1,否,B,agent,0.92,0.58,0.77,0.49,0.7,0.85,0.65,0.59,0.56,自住-改善,一室一厅,86,3077,邮政局局长秘书,三口之家(学龄段),青岛中环品质两居，车位及空间极其拥挤,小区无地下车库且人车不分流，小孩在楼下玩耍或者推婴儿车极为不安全。,要求有超大面宽南向双阳台（观景家政分离），主卧大飘窗能270度直面自然景观。,在市中心核心写字楼工作，首选半小时核心通勤圈内。,倡导轻户外，周末常带家人自驾野营或山系徒步，注重生活情调与手作咖啡。,名下持有一套旧两居，置换回款 65% + 个人理财储蓄补充 + 公积金商业贷,重性价比，不盲信大牌，但要求物业管理有序、绿化修剪及时、人防技防规范。,本地常住人口，四季生活规律，度假频次为常规年假出行。
青_2008_01320,青岛,2008,山东省内异地,41,男,2.1,14.6,0.45,24.4,3,1,是,C,network,0.76,0.63,0.87,0.47,0.53,0.66,0.06,0.32,0.56,自住-改善,两室一厅,98,1288,区财政局科员,三口之家(学龄段),与父母同住，三代人拥挤在旧区小户型老房中,小区无地下车库且人车不分流，小孩在楼下玩耍或者推婴儿车极为不安全。,要求有超大面宽南向双阳台（观景家政分离），主卧大飘窗能270度直面自然景观。,在市中心核心写字楼工作，首选半小时核心通勤圈内。,爱猫狗，喜欢烹饪和插花，主打经济舒适的生活小确幸。,名下持有一套旧两居，置换回款 65% + 个人理财储蓄补充 + 公积金商业贷,重性价比，不盲信大牌，但要求物业管理有序、绿化修剪及时、人防技防规范。,本地常住人口，四季生活规律，度假频次为常规年假出行。
青_2008_01321,青岛,2008,山东省内异地,58,男,2.7,20.4,0.45,34.0,3,1,否,C,network,0.58,0.58,0.83,0.49,0.53,0.66,0.09,0.36,0.53,自住-首套,两室两厅,93,2862,区财政局科员,三口之家(学龄段),与父母同住，三代人拥挤在旧区小户型老房中,小区无地下车库且人车不分流，小孩在楼下玩耍或者推婴儿车极为不安全。,要求有超大面宽南向双阳台（观景家政分离），主卧大飘窗能270度直面自然景观。,在市中心核心写字楼工作，首选半小时核心通勤圈内。,爱猫狗，喜欢烹饪和插花，主打经济舒适的生活小确幸。,夫妻双方积蓄 + 双方父母出资赞助首付 + 公积金商业组合贷款,重性价比，不盲信大牌，但要求物业管理有序、绿化修剪及时、人防技防规范。,本地常住人口，四季生活规律，度假频次为常规年假出行。
青_2008_01322,青岛,2008,本地改善,46,男,2.0,20.3,0.4,38.0,4,1,是,B,agent,0.7,0.66,0.75,0.45,0.38,0.96,0.51,0.78,0.59,自住-改善,一室一厅,80,3664,国企车间技术主任,三口之家(学龄段),青岛中环品质两居，车位及空间极其拥挤,小区无地下车库且人车不分流，小孩在楼下玩耍或者推婴儿车极为不安全。,要求有超大面宽南向双阳台（观景家政分离），主卧大飘窗能270度直面自然景观。,在市中心核心写字楼工作，首选半小时核心通勤圈内。,倡导轻户外，周末常带家人自驾野营或山系徒步，注重生活情调与手作咖啡。,名下持有一套旧两居，置换回款 65% + 个人理财储蓄补充 + 公积金商业贷,重性价比，不盲信大牌，但要求物业管理有序、绿化修剪及时、人防技防规范。,本地常住人口，四季生活规律，度假频次为常规年假出行。
青_2008_01323,青岛,2008,学区刚需,34,男,4.0,29.8,0.3,74.4,3,1,否,C,agent,0.71,0.56,0.33,0.3,0.28,0.9,0.42,0.89,0.32,学区房,两室一厅,97,5300,区财政局科员,三口之家(幼龄段),与父母同住，三代人拥挤在旧区小户型老房中,小区无地下车库且人车不分流，小孩在楼下玩耍或者推婴儿车极为不安全。,讲究超高得房率（超85%），主卧套房必须配备独立步入式衣帽间与干湿分离双卫。,在市中心核心写字楼工作，首选半小时核心通勤圈内。,爱猫狗，喜欢烹饪和插花，主打经济舒适的生活小确幸。,名下持有一套旧两居，置换回款 65% + 个人理财储蓄补充 + 公积金商业贷,重性价比，不盲信大牌，但要求物业管理有序、绿化修剪及时、人防技防规范。,本地常住人口，四季生活规律，度假频次为常规年假出行。
青_2008_01324,青岛,2008,本地改善,40,女,1.9,12.0,0.4,22.5,4,1,否,B,agent,1,0.46,0.85,0.58,0.51,0.89,0.54,0.65,0.56,自住-改善,两室一厅,76,1841,区财政局科员,三口之家(学龄段),青岛中环品质两居，车位及空间极其拥挤,小区无地下车库且人车不分流，小孩在楼下玩耍或者推婴儿车极为不安全。,要求有超大面宽南向双阳台（观景家政分离），主卧大飘窗能270度直面自然景观。,在市中心核心写字楼工作，首选半小时核心通勤圈内。,倡导轻户外，周末常带家人自驾野营或山系徒步，注重生活情调与手作咖啡。,名下持有一套旧两居，置换回款 65% + 个人理财储蓄补充 + 公积金商业贷,重性价比，不盲信大牌，但要求物业管理有序、绿化修剪及时、人防技防规范。,本地常住人口，四季生活规律，度假频次为常规年假出行。
青_2008_01325,青岛,2008,学区刚需,43,女,1.7,8.5,0.3,21.3,3,1,是,C,agent,1,0.59,0.39,0.3,0.36,0.8,0.5,0.97,0.47,学区房,两室一厅,62,1907,市第二中学地理教师,三口之家(学龄段),与父母同住，三代人拥挤在旧区小户型老房中,小区无地下车库且人车不分流，小孩在楼下玩耍或者推婴儿车极为不安全。,讲究超高得房率（超85%），主卧套房必须配备独立步入式衣帽间与干湿分离双卫。,在市中心核心写字楼工作，首选半小时核心通勤圈内。,爱猫狗，喜欢烹饪和插花，主打经济舒适的生活小确幸。,名下持有一套旧两居，置换回款 65% + 个人理财储蓄补充 + 公积金商业贷,重性价比，不盲信大牌，但要求物业管理有序、绿化修剪及时、人防技防规范。,本地常住人口，四季生活规律，度假频次为常规年假出行。
青_2008_01326,青岛,2008,学区刚需,35,女,2.4,17.4,0.3,43.6,2,2,否,C,agent,0.79,0.68,0.49,0.11,0.46,0.8,0.65,0.94,0.5,学区房,两室一厅,66,4036,国企车间技术主任,二胎黄金期中大户型,与父母同住，三代人拥挤在旧区小户型老房中,小区无地下车库且人车不分流，小孩在楼下玩耍或者推婴儿车极为不安全。,讲究超高得房率（超85%），主卧套房必须配备独立步入式衣帽间与干湿分离双卫。,在市中心核心写字楼工作，首选半小时核心通勤圈内。,爱猫狗，喜欢烹饪和插花，主打经济舒适的生活小确幸。,名下持有一套旧两居，置换回款 65% + 个人理财储蓄补充 + 公积金商业贷,重性价比，不盲信大牌，但要求物业管理有序、绿化修剪及时、人防技防规范。,本地常住人口，四季生活规律，度假频次为常规年假出行。
青_2008_01327,青岛,2008,学区刚需,43,女,1.9,11.3,0.3,28.1,2,1,否,C,agent,1,0.58,0.31,0.21,0.42,0.69,0.67,0.91,0.48,学区房,两室一厅,62,3303,国企车间技术主任,三口之家(学龄段),与父母同住，三代人拥挤在旧区小户型老房中,小区无地下车库且人车不分流，小孩在楼下玩耍或者推婴儿车极为不安全。,核心要求地块属于第一梯队名校学区，且周边500米内解决幼小衔接教育配套。,在市中心核心写字楼工作，首选半小时核心通勤圈内。,爱猫狗，喜欢烹饪和插花，主打经济舒适的生活小确幸。,名下持有一套旧两居，置换回款 65% + 个人理财储蓄补充 + 公积金商业贷,重性价比，不盲信大牌，但要求物业管理有序、绿化修剪及时、人防技防规范。,本地常住人口，四季生活规律，度假频次为常规年假出行。
青_2008_01328,青岛,2008,本地改善,51,女,1.7,12.6,0.4,23.6,4,1,否,B,agent,0.7,0.65,0.73,0.62,0.42,0.92,0.63,0.77,0.61,自住-改善,两室两厅,55,3402,区财政局科员,三口之家(学龄段),青岛中环品质两居，车位及空间极其拥挤,小区无地下车库且人车不分流，小孩在楼下玩耍或者推婴儿车极为不安全。,要求有超大面宽南向双阳台（观景家政分离），主卧大飘窗能270度直面自然景观。,在市中心核心写字楼工作，首选半小时核心通勤圈内。,倡导轻户外，周末常带家人自驾野营或山系徒步，注重生活情调与手作咖啡。,名下持有一套旧两居，置换回款 65% + 个人理财储蓄补充 + 公积金商业贷,重性价比，不盲信大牌，但要求物业管理有序、绿化修剪及时、人防技防规范。,本地常住人口，四季生活规律，度假频次为常规年假出行。
青_2008_01329,青岛,2008,本地改善,43,女,2.9,27.6,0.4,51.7,4,0,否,B,agent,0.61,0.52,0.7,0.54,0.53,0.76,0.58,0.7,0.61,自住-改善,两室一厅,85,4890,邮政局局长秘书,成熟期核心家庭,青岛中环品质两居，车位及空间极其拥挤,老小区隔音差，邻里滋扰严重，且车位严重匮乏，每晚加班回来抢车位像打仗。,讲究超高得房率（超85%），主卧套房必须配备独立步入式衣帽间与干湿分离双卫。,在市中心核心写字楼工作，首选半小时核心通勤圈内。,倡导轻户外，周末常带家人自驾野营或山系徒步，注重生活情调与手作咖啡。,名下持有一套旧两居，置换回款 65% + 个人理财储蓄补充 + 公积金商业贷,重性价比，不盲信大牌，但要求物业管理有序、绿化修剪及时、人防技防规范。,本地常住人口，四季生活规律，度假频次为常规年假出行。
青_2008_01330,青岛,2008,山东省内异地,57,男,3.1,17.9,0.45,29.8,4,1,否,C,network,0.26,0.56,0.82,0.64,0.5,0.86,0,0.35,0.59,自住-改善,两室两厅,86,1998,市第二中学地理教师,三口之家(学龄段),与父母同住，三代人拥挤在旧区小户型老房中,小区无地下车库且人车不分流，小孩在楼下玩耍或者推婴儿车极为不安全。,要求有超大面宽南向双阳台（观景家政分离），主卧大飘窗能270度直面自然景观。,在市中心核心写字楼工作，首选半小时核心通勤圈内。,爱猫狗，喜欢烹饪和插花，主打经济舒适的生活小确幸。,名下持有一套旧两居，置换回款 65% + 个人理财储蓄补充 + 公积金商业贷,重性价比，不盲信大牌，但要求物业管理有序、绿化修剪及时、人防技防规范。,本地常住人口，四季生活规律，度假频次为常规年假出行。
青_2008_01331,青岛,2008,本地改善,35,男,2.4,17.7,0.4,33.2,3,1,是,B,agent,0.49,0.6,0.71,0.34,0.6,0.88,0.5,0.59,0.64,自住-改善,两室一厅,82,2663,市第二中学地理教师,三口之家(幼龄段),青岛中环品质两居，车位及空间极其拥挤,小区无地下车库且人车不分流，小孩在楼下玩耍或者推婴儿车极为不安全。,要求有超大面宽南向双阳台（观景家政分离），主卧大飘窗能270度直面自然景观。,在市中心核心写字楼工作，首选半小时核心通勤圈内。,倡导轻户外，周末常带家人自驾野营或山系徒步，注重生活情调与手作咖啡。,名下持有一套旧两居，置换回款 65% + 个人理财储蓄补充 + 公积金商业贷,重性价比，不盲信大牌，但要求物业管理有序、绿化修剪及时、人防技防规范。,本地常住人口，四季生活规律，度假频次为常规年假出行。
青_2008_01332,青岛,2008,山东省内异地,51,男,3.3,31.9,0.45,53.1,4,1,是,C,network,0.7,0.48,0.75,0.42,0.56,0.61,0,0.28,0.45,自住-改善,一室一厅,99,4443,市第二中学地理教师,三口之家(学龄段),与父母同住，三代人拥挤在旧区小户型老房中,小区无地下车库且人车不分流，小孩在楼下玩耍或者推婴儿车极为不安全。,要求有超大面宽南向双阳台（观景家政分离），主卧大飘窗能270度直面自然景观。,在市中心核心写字楼工作，首选半小时核心通勤圈内。,爱猫狗，喜欢烹饪和插花，主打经济舒适的生活小确幸。,名下持有一套旧两居，置换回款 65% + 个人理财储蓄补充 + 公积金商业贷,重性价比，不盲信大牌，但要求物业管理有序、绿化修剪及时、人防技防规范。,本地常住人口，四季生活规律，度假频次为常规年假出行。
青_2008_01333,青岛,2008,山东省内异地,58,男,2.8,16.3,0.45,27.1,3,2,是,C,network,0.43,0.44,0.94,0.62,0.54,0.73,0,0.38,0.57,自住-改善,两室两厅,73,2835,邮政局局长秘书,二胎黄金期中大户型,与父母同住，三代人拥挤在旧区小户型老房中,小区无地下车库且人车不分流，小孩在楼下玩耍或者推婴儿车极为不安全。,要求有超大面宽南向双阳台（观景家政分离），主卧大飘窗能270度直面自然景观。,在市中心核心写字楼工作，首选半小时核心通勤圈内。,爱猫狗，喜欢烹饪和插花，主打经济舒适的生活小确幸。,名下持有一套旧两居，置换回款 65% + 个人理财储蓄补充 + 公积金商业贷,重性价比，不盲信大牌，但要求物业管理有序、绿化修剪及时、人防技防规范。,本地常住人口，四季生活规律，度假频次为常规年假出行。
青_2008_01334,青岛,2008,本地改善,48,男,2.1,20.5,0.4,38.5,4,1,否,B,agent,0.6,0.43,0.85,0.41,0.61,0.85,0.6,0.75,0.66,自住-改善,两室两厅,59,5045,市第二中学地理教师,三口之家(学龄段),青岛中环品质两居，车位及空间极其拥挤,小区无地下车库且人车不分流，小孩在楼下玩耍或者推婴儿车极为不安全。,要求有超大面宽南向双阳台（观景家政分离），主卧大飘窗能270度直面自然景观。,在市中心核心写字楼工作，首选半小时核心通勤圈内。,倡导轻户外，周末常带家人自驾野营或山系徒步，注重生活情调与手作咖啡。,名下持有一套旧两居，置换回款 65% + 个人理财储蓄补充 + 公积金商业贷,重性价比，不盲信大牌，但要求物业管理有序、绿化修剪及时、人防技防规范。,本地常住人口，四季生活规律，度假频次为常规年假出行。
青_2008_01335,青岛,2008,山东省内异地,58,女,4.2,40.8,0.45,68.1,3,1,否,C,network,0.6,0.68,0.82,0.45,0.42,0.53,0,0.44,0.51,自住-改善,两室一厅,88,6575,国企车间技术主任,三口之家(学龄段),与父母同住，三代人拥挤在旧区小户型老房中,小区无地下车库且人车不分流，小孩在楼下玩耍或者推婴儿车极为不安全。,要求有超大面宽南向双阳台（观景家政分离），主卧大飘窗能270度直面自然景观。,在市中心核心写字楼工作，首选半小时核心通勤圈内。,爱猫狗，喜欢烹饪和插花，主打经济舒适的生活小确幸。,名下持有一套旧两居，置换回款 65% + 个人理财储蓄补充 + 公积金商业贷,重性价比，不盲信大牌，但要求物业管理有序、绿化修剪及时、人防技防规范。,本地常住人口，四季生活规律，度假频次为常规年假出行。
青_2008_01336,青岛,2008,学区刚需,41,男,1.2,8.0,0.3,20.0,3,1,是,C,agent,1,0.61,0.46,0.11,0.53,0.77,0.6,1,0.56,学区房,一室一厅,56,2554,国企车间技术主任,三口之家(学龄段),与父母同住，三代人拥挤在旧区小户型老房中,小区无地下车库且人车不分流，小孩在楼下玩耍或者推婴儿车极为不安全。,讲究超高得房率（超85%），主卧套房必须配备独立步入式衣帽间与干湿分离双卫。,在市中心核心写字楼工作，首选半小时核心通勤圈内。,爱猫狗，喜欢烹饪和插花，主打经济舒适的生活小确幸。,名下持有一套旧两居，置换回款 65% + 个人理财储蓄补充 + 公积金商业贷,重性价比，不盲信大牌，但要求物业管理有序、绿化修剪及时、人防技防规范。,本地常住人口，四季生活规律，度假频次为常规年假出行。
青_2008_01337,青岛,2008,本地改善,49,女,1.2,11.7,0.4,22.0,4,1,是,B,agent,0.79,0.53,0.71,0.51,0.45,0.99,0.52,0.81,0.54,自住-改善,两室一厅,87,1710,市第二中学地理教师,三口之家(学龄段),青岛中环品质两居，车位及空间极其拥挤,小区无地下车库且人车不分流，小孩在楼下玩耍或者推婴儿车极为不安全。,要求有超大面宽南向双阳台（观景家政分离），主卧大飘窗能270度直面自然景观。,在市中心核心写字楼工作，首选半小时核心通勤圈内。,倡导轻户外，周末常带家人自驾野营或山系徒步，注重生活情调与手作咖啡。,名下持有一套旧两居，置换回款 65% + 个人理财储蓄补充 + 公积金商业贷,重性价比，不盲信大牌，但要求物业管理有序、绿化修剪及时、人防技防规范。,本地常住人口，四季生活规律，度假频次为常规年假出行。
青_2008_01338,青岛,2008,本地改善,35,女,2.6,26.0,0.4,48.8,4,1,否,B,agent,0.67,0.45,0.69,0.5,0.44,0.8,0.65,0.61,0.43,自住-改善,两室一厅,79,5132,国企车间技术主任,三口之家(幼龄段),青岛中环品质两居，车位及空间极其拥挤,小区无地下车库且人车不分流，小孩在楼下玩耍或者推婴儿车极为不安全。,讲究超高得房率（超85%），主卧套房必须配备独立步入式衣帽间与干湿分离双卫。,在市中心核心写字楼工作，首选半小时核心通勤圈内。,倡导轻户外，周末常带家人自驾野营或山系徒步，注重生活情调与手作咖啡。,名下持有一套旧两居，置换回款 65% + 个人理财储蓄补充 + 公积金商业贷,重性价比，不盲信大牌，但要求物业管理有序、绿化修剪及时、人防技防规范。,本地常住人口，四季生活规律，度假频次为常规年假出行。
青_2008_01339,青岛,2008,山东省内异地,41,女,0.9,7.1,0.45,11.8,3,0,否,C,network,0.57,0.56,0.76,0.61,0.73,0.55,0,0.46,0.6,自住-改善,两室两厅,97,1037,区财政局科员,成熟期核心家庭,与父母同住，三代人拥挤在旧区小户型老房中,老小区隔音差，邻里滋扰严重，且车位严重匮乏，每晚加班回来抢车位像打仗。,要求有超大面宽南向双阳台（观景家政分离），主卧大飘窗能270度直面自然景观。,在市中心核心写字楼工作，首选半小时核心通勤圈内。,爱猫狗，喜欢烹饪和插花，主打经济舒适的生活小确幸。,名下持有一套旧两居，置换回款 65% + 个人理财储蓄补充 + 公积金商业贷,重性价比，不盲信大牌，但要求物业管理有序、绿化修剪及时、人防技防规范。,本地常住人口，四季生活规律，度假频次为常规年假出行。
青_2008_01340,青岛,2008,北方度假投资,63,女,6.2,47.2,0.5,70.8,1,0,否,B,research,0.57,0.42,0.88,0.69,0.63,0.51,0,0.07,0.54,投资-短期,一室一厅,58,8994,上市公司退休联合创始人,高知退休康养,青岛中环品质两居，车位及空间极其拥挤,老小区隔音差，邻里滋扰严重，且车位严重匮乏，每晚加班回来抢车位像打仗。,要求有超大面宽南向双阳台（观景家政分离），主卧大飘窗能270度直面自然景观。,在市中心核心写字楼工作，首选半小时核心通勤圈内。,倡导轻户外，周末常带家人自驾野营或山系徒步，注重生活情调与手作咖啡。,名下持有一套旧两居，置换回款 65% + 个人理财储蓄补充 + 公积金商业贷,重性价比，不盲信大牌，但要求物业管理有序、绿化修剪及时、人防技防规范。,每年11月至次年3月到此度过漫长冬季，极其依赖周边的康养及适老化服务。
青_2008_01341,青岛,2008,本地改善,48,男,2.3,23.3,0.4,43.7,4,1,否,B,agent,0.52,0.51,0.82,0.59,0.38,0.9,0.65,0.68,0.56,自住-改善,两室一厅,73,4644,市第二中学地理教师,三口之家(学龄段),青岛中环品质两居，车位及空间极其拥挤,小区无地下车库且人车不分流，小孩在楼下玩耍或者推婴儿车极为不安全。,要求有超大面宽南向双阳台（观景家政分离），主卧大飘窗能270度直面自然景观。,在市中心核心写字楼工作，首选半小时核心通勤圈内。,倡导轻户外，周末常带家人自驾野营或山系徒步，注重生活情调与手作咖啡。,名下持有一套旧两居，置换回款 65% + 个人理财储蓄补充 + 公积金商业贷,重性价比，不盲信大牌，但要求物业管理有序、绿化修剪及时、人防技防规范。,本地常住人口，四季生活规律，度假频次为常规年假出行。
青_2008_01342,青岛,2008,本地改善,50,女,2.5,15.9,0.4,29.8,4,0,否,B,agent,0.6,0.61,0.74,0.48,0.58,0.88,0.69,0.71,0.38,自住-改善,两室两厅,78,3111,市第二中学地理教师,成熟期核心家庭,青岛中环品质两居，车位及空间极其拥挤,老小区隔音差，邻里滋扰严重，且车位严重匮乏，每晚加班回来抢车位像打仗。,要求有超大面宽南向双阳台（观景家政分离），主卧大飘窗能270度直面自然景观。,在市中心核心写字楼工作，首选半小时核心通勤圈内。,倡导轻户外，周末常带家人自驾野营或山系徒步，注重生活情调与手作咖啡。,名下持有一套旧两居，置换回款 65% + 个人理财储蓄补充 + 公积金商业贷,重性价比，不盲信大牌，但要求物业管理有序、绿化修剪及时、人防技防规范。,本地常住人口，四季生活规律，度假频次为常规年假出行。
青_2008_01343,青岛,2008,本地改善,37,男,2.7,20.1,0.4,37.7,4,2,否,B,agent,0.88,0.46,0.82,0.52,0.42,0.95,0.56,0.62,0.4,自住-改善,两室一厅,69,4354,国企车间技术主任,二胎黄金期中大户型,青岛中环品质两居，车位及空间极其拥挤,小区无地下车库且人车不分流，小孩在楼下玩耍或者推婴儿车极为不安全。,要求有超大面宽南向双阳台（观景家政分离），主卧大飘窗能270度直面自然景观。,在市中心核心写字楼工作，首选半小时核心通勤圈内。,倡导轻户外，周末常带家人自驾野营或山系徒步，注重生活情调与手作咖啡。,名下持有一套旧两居，置换回款 65% + 个人理财储蓄补充 + 公积金商业贷,重性价比，不盲信大牌，但要求物业管理有序、绿化修剪及时、人防技防规范。,本地常住人口，四季生活规律，度假频次为常规年假出行。
青_2008_01344,青岛,2008,山东省内异地,41,男,2.9,28.2,0.45,47.0,2,1,否,C,network,0.79,0.38,0.93,0.57,0.46,0.67,0.16,0.37,0.36,自住-改善,一室一厅,87,3242,邮政局局长秘书,三口之家(学龄段),与父母同住，三代人拥挤在旧区小户型老房中,小区无地下车库且人车不分流，小孩在楼下玩耍或者推婴儿车极为不安全。,要求有超大面宽南向双阳台（观景家政分离），主卧大飘窗能270度直面自然景观。,在市中心核心写字楼工作，首选半小时核心通勤圈内。,爱猫狗，喜欢烹饪和插花，主打经济舒适的生活小确幸。,名下持有一套旧两居，置换回款 65% + 个人理财储蓄补充 + 公积金商业贷,重性价比，不盲信大牌，但要求物业管理有序、绿化修剪及时、人防技防规范。,本地常住人口，四季生活规律，度假频次为常规年假出行。
青_2008_01345,青岛,2008,本地改善,36,男,2.5,16.7,0.4,31.4,4,0,是,B,agent,1.0,0.44,0.73,0.49,0.41,0.79,0.67,0.65,0.63,自住-改善,两室两厅,72,3863,邮政局局长秘书,成熟期核心家庭,青岛中环品质两居，车位及空间极其拥挤,当前房屋属于旧多层无电梯房，父母年纪渐高每天爬楼梯极为吃力。,要求有超大面宽南向双阳台（观景家政分离），主卧大飘窗能270度直面自然景观。,在市中心核心写字楼工作，首选半小时核心通勤圈内。,倡导轻户外，周末常带家人自驾野营或山系徒步，注重生活情调与手作咖啡。,名下持有一套旧两居，置换回款 65% + 个人理财储蓄补充 + 公积金商业贷,重性价比，不盲信大牌，但要求物业管理有序、绿化修剪及时、人防技防规范。,本地常住人口，四季生活规律，度假频次为常规年假出行。
青_2008_01346,青岛,2008,本地改善,38,男,1.9,12.2,0.4,22.9,4,1,是,B,agent,0.67,0.37,0.79,0.57,0.64,0.82,0.63,0.69,0.59,自住-改善,两室两厅,99,1707,国企车间技术主任,三口之家(学龄段),青岛中环品质两居，车位及空间极其拥挤,小区无地下车库且人车不分流，小孩在楼下玩耍或者推婴儿车极为不安全。,要求有超大面宽南向双阳台（观景家政分离），主卧大飘窗能270度直面自然景观。,在市中心核心写字楼工作，首选半小时核心通勤圈内。,倡导轻户外，周末常带家人自驾野营或山系徒步，注重生活情调与手作咖啡。,名下持有一套旧两居，置换回款 65% + 个人理财储蓄补充 + 公积金商业贷,重性价比，不盲信大牌，但要求物业管理有序、绿化修剪及时、人防技防规范。,本地常住人口，四季生活规律，度假频次为常规年假出行。
青_2008_01347,青岛,2008,本地改善,55,男,3.0,17.4,0.4,32.7,4,2,否,B,agent,0.73,0.43,0.75,0.59,0.49,0.91,0.72,0.65,0.61,自住-改善,一室一厅,92,2101,区财政局科员,二胎黄金期中大户型,青岛中环品质两居，车位及空间极其拥挤,小区无地下车库且人车不分流，小孩在楼下玩耍或者推婴儿车极为不安全。,要求有超大面宽南向双阳台（观景家政分离），主卧大飘窗能270度直面自然景观。,在市中心核心写字楼工作，首选半小时核心通勤圈内。,倡导轻户外，周末常带家人自驾野营或山系徒步，注重生活情调与手作咖啡。,名下持有一套旧两居，置换回款 65% + 个人理财储蓄补充 + 公积金商业贷,重性价比，不盲信大牌，但要求物业管理有序、绿化修剪及时、人防技防规范。,本地常住人口，四季生活规律，度假频次为常规年假出行。
青_2008_01348,青岛,2008,本地改善,38,男,2.4,18.3,0.4,34.3,3,1,否,B,agent,0.6,0.48,0.82,0.43,0.42,0.72,0.67,0.81,0.54,自住-改善,两室一厅,73,3520,市第二中学地理教师,三口之家(学龄段),青岛中环品质两居，车位及空间极其拥挤,小区无地下车库且人车不分流，小孩在楼下玩耍或者推婴儿车极为不安全。,要求有超大面宽南向双阳台（观景家政分离），主卧大飘窗能270度直面自然景观。,在市中心核心写字楼工作，首选半小时核心通勤圈内。,倡导轻户外，周末常带家人自驾野营或山系徒步，注重生活情调与手作咖啡。,名下持有一套旧两居，置换回款 65% + 个人理财储蓄补充 + 公积金商业贷,重性价比，不盲信大牌，但要求物业管理有序、绿化修剪及时、人防技防规范。,本地常住人口，四季生活规律，度假频次为常规年假出行。
青_2008_01349,青岛,2008,本地改善,53,男,1.1,8.2,0.4,15.4,3,1,否,B,agent,0.83,0.48,0.72,0.48,0.55,0.91,0.55,0.58,0.61,自住-改善,两室两厅,74,1089,邮政局局长秘书,三口之家(学龄段),青岛中环品质两居，车位及空间极其拥挤,小区无地下车库且人车不分流，小孩在楼下玩耍或者推婴儿车极为不安全。,要求有超大面宽南向双阳台（观景家政分离），主卧大飘窗能270度直面自然景观。,在市中心核心写字楼工作，首选半小时核心通勤圈内。,倡导轻户外，周末常带家人自驾野营或山系徒步，注重生活情调与手作咖啡。,名下持有一套旧两居，置换回款 65% + 个人理财储蓄补充 + 公积金商业贷,重性价比，不盲信大牌，但要求物业管理有序、绿化修剪及时、人防技防规范。,本地常住人口，四季生活规律，度假频次为常规年假出行。
青_2008_01350,青岛,2008,本地改善,54,女,1.4,8.7,0.4,16.4,5,0,否,B,agent,0.69,0.58,0.69,0.52,0.54,0.97,0.55,0.69,0.46,自住-改善,两室一厅,73,1366,市第二中学地理教师,成熟期核心家庭,青岛中环品质两居，车位及空间极其拥挤,老小区隔音差，邻里滋扰严重，且车位严重匮乏，每晚加班回来抢车位像打仗。,讲究超高得房率（超85%），主卧套房必须配备独立步入式衣帽间与干湿分离双卫。,在市中心核心写字楼工作，首选半小时核心通勤圈内。,倡导轻户外，周末常带家人自驾野营或山系徒步，注重生活情调与手作咖啡。,名下持有一套旧两居，置换回款 65% + 个人理财储蓄补充 + 公积金商业贷,重性价比，不盲信大牌，但要求物业管理有序、绿化修剪及时、人防技防规范。,本地常住人口，四季生活规律，度假频次为常规年假出行。
青_2008_01351,青岛,2008,本地改善,54,男,2.5,14.1,0.4,26.4,4,1,否,B,agent,0.6,0.53,0.65,0.45,0.48,0.72,0.62,0.67,0.63,自住-改善,两室一厅,72,3136,国企车间技术主任,三口之家(学龄段),青岛中环品质两居，车位及空间极其拥挤,小区无地下车库且人车不分流，小孩在楼下玩耍或者推婴儿车极为不安全。,讲究超高得房率（超85%），主卧套房必须配备独立步入式衣帽间与干湿分离双卫。,在市中心核心写字楼工作，首选半小时核心通勤圈内。,倡导轻户外，周末常带家人自驾野营或山系徒步，注重生活情调与手作咖啡。,名下持有一套旧两居，置换回款 65% + 个人理财储蓄补充 + 公积金商业贷,重性价比，不盲信大牌，但要求物业管理有序、绿化修剪及时、人防技防规范。,本地常住人口，四季生活规律，度假频次为常规年假出行。
青_2008_01352,青岛,2008,山东省内异地,49,女,2.0,19.5,0.45,32.4,2,0,否,C,network,0.56,0.67,0.68,0.59,0.48,0.78,0,0.37,0.62,自住-首套,两室两厅,77,2721,邮政局局长秘书,成熟期核心家庭,与父母同住，三代人拥挤在旧区小户型老房中,老小区隔音差，邻里滋扰严重，且车位严重匮乏，每晚加班回来抢车位像打仗。,讲究超高得房率（超85%），主卧套房必须配备独立步入式衣帽间与干湿分离双卫。,在市中心核心写字楼工作，首选半小时核心通勤圈内。,爱猫狗，喜欢烹饪和插花，主打经济舒适的生活小确幸。,夫妻双方积蓄 + 双方父母出资赞助首付 + 公积金商业组合贷款,重性价比，不盲信大牌，但要求物业管理有序、绿化修剪及时、人防技防规范。,本地常住人口，四季生活规律，度假频次为常规年假出行。
青_2008_01353,青岛,2008,山东省内异地,44,男,2.5,19.4,0.45,32.4,3,1,否,C,network,0.76,0.55,0.8,0.45,0.46,0.64,0,0.36,0.53,自住-改善,两室一厅,91,2676,区财政局科员,三口之家(学龄段),与父母同住，三代人拥挤在旧区小户型老房中,小区无地下车库且人车不分流，小孩在楼下玩耍或者推婴儿车极为不安全。,要求有超大面宽南向双阳台（观景家政分离），主卧大飘窗能270度直面自然景观。,在市中心核心写字楼工作，首选半小时核心通勤圈内。,爱猫狗，喜欢烹饪和插花，主打经济舒适的生活小确幸。,名下持有一套旧两居，置换回款 65% + 个人理财储蓄补充 + 公积金商业贷,重性价比，不盲信大牌，但要求物业管理有序、绿化修剪及时、人防技防规范。,本地常住人口，四季生活规律，度假频次为常规年假出行。
青_2008_01354,青岛,2008,本地改善,46,女,3.2,27.6,0.4,51.7,3,0,否,B,agent,0.99,0.47,0.81,0.5,0.53,0.78,0.69,0.81,0.66,自住-改善,两室两厅,81,4354,国企车间技术主任,成熟期核心家庭,青岛中环品质两居，车位及空间极其拥挤,老小区隔音差，邻里滋扰严重，且车位严重匮乏，每晚加班回来抢车位像打仗。,要求有超大面宽南向双阳台（观景家政分离），主卧大飘窗能270度直面自然景观。,在市中心核心写字楼工作，首选半小时核心通勤圈内。,倡导轻户外，周末常带家人自驾野营或山系徒步，注重生活情调与手作咖啡。,名下持有一套旧两居，置换回款 65% + 个人理财储蓄补充 + 公积金商业贷,重性价比，不盲信大牌，但要求物业管理有序、绿化修剪及时、人防技防规范。,本地常住人口，四季生活规律，度假频次为常规年假出行。
青_2008_01355,青岛,2008,山东省内异地,48,男,2.2,19.8,0.45,32.9,4,1,否,C,network,0.96,0.39,0.66,0.48,0.55,0.74,0.03,0.46,0.58,自住-改善,一室一厅,51,3266,邮政局局长秘书,三口之家(学龄段),与父母同住，三代人拥挤在旧区小户型老房中,小区无地下车库且人车不分流，小孩在楼下玩耍或者推婴儿车极为不安全。,讲究超高得房率（超85%），主卧套房必须配备独立步入式衣帽间与干湿分离双卫。,在市中心核心写字楼工作，首选半小时核心通勤圈内。,爱猫狗，喜欢烹饪和插花，主打经济舒适的生活小确幸。,名下持有一套旧两居，置换回款 65% + 个人理财储蓄补充 + 公积金商业贷,重性价比，不盲信大牌，但要求物业管理有序、绿化修剪及时、人防技防规范。,本地常住人口，四季生活规律，度假频次为常规年假出行。
青_2008_01356,青岛,2008,学区刚需,41,男,1.6,8.9,0.3,22.3,3,1,否,C,agent,0.84,0.48,0.29,0.08,0.4,0.84,0.53,0.91,0.43,学区房,两室一厅,78,2550,国企车间技术主任,三口之家(学龄段),与父母同住，三代人拥挤在旧区小户型老房中,小区无地下车库且人车不分流，小孩在楼下玩耍或者推婴儿车极为不安全。,讲究超高得房率（超85%），主卧套房必须配备独立步入式衣帽间与干湿分离双卫。,在市中心核心写字楼工作，首选半小时核心通勤圈内。,爱猫狗，喜欢烹饪和插花，主打经济舒适的生活小确幸。,名下持有一套旧两居，置换回款 65% + 个人理财储蓄补充 + 公积金商业贷,重性价比，不盲信大牌，但要求物业管理有序、绿化修剪及时、人防技防规范。,本地常住人口，四季生活规律，度假频次为常规年假出行。
青_2008_01357,青岛,2008,本地改善,49,男,1.4,8.4,0.4,15.7,4,0,是,B,agent,0.74,0.58,0.84,0.48,0.64,0.92,0.54,0.72,0.61,自住-改善,两室两厅,52,2380,国企车间技术主任,成熟期核心家庭,青岛中环品质两居，车位及空间极其拥挤,当前房屋属于旧多层无电梯房，父母年纪渐高每天爬楼梯极为吃力。,要求有超大面宽南向双阳台（观景家政分离），主卧大飘窗能270度直面自然景观。,在市中心核心写字楼工作，首选半小时核心通勤圈内。,倡导轻户外，周末常带家人自驾野营或山系徒步，注重生活情调与手作咖啡。,名下持有一套旧两居，置换回款 65% + 个人理财储蓄补充 + 公积金商业贷,重性价比，不盲信大牌，但要求物业管理有序、绿化修剪及时、人防技防规范。,本地常住人口，四季生活规律，度假频次为常规年假出行。
青_2008_01358,青岛,2008,山东省内异地,55,女,2.5,24.0,0.45,40.0,3,2,否,C,network,0.77,0.53,0.81,0.48,0.64,0.74,0.11,0.49,0.53,自住-改善,一室一厅,81,3334,邮政局局长秘书,二胎黄金期中大户型,与父母同住，三代人拥挤在旧区小户型老房中,小区无地下车库且人车不分流，小孩在楼下玩耍或者推婴儿车极为不安全。,要求有超大面宽南向双阳台（观景家政分离），主卧大飘窗能270度直面自然景观。,在市中心核心写字楼工作，首选半小时核心通勤圈内。,爱猫狗，喜欢烹饪和插花，主打经济舒适的生活小确幸。,名下持有一套旧两居，置换回款 65% + 个人理财储蓄补充 + 公积金商业贷,重性价比，不盲信大牌，但要求物业管理有序、绿化修剪及时、人防技防规范。,本地常住人口，四季生活规律，度假频次为常规年假出行。
青_2008_01359,青岛,2008,本地改善,35,女,2.1,16.3,0.4,30.6,3,1,否,B,agent,0.71,0.52,0.73,0.6,0.41,0.97,0.65,0.78,0.59,自住-改善,两室两厅,74,3377,邮政局局长秘书,三口之家(幼龄段),青岛中环品质两居，车位及空间极其拥挤,小区无地下车库且人车不分流，小孩在楼下玩耍或者推婴儿车极为不安全。,要求有超大面宽南向双阳台（观景家政分离），主卧大飘窗能270度直面自然景观。,在市中心核心写字楼工作，首选半小时核心通勤圈内。,倡导轻户外，周末常带家人自驾野营或山系徒步，注重生活情调与手作咖啡。,名下持有一套旧两居，置换回款 65% + 个人理财储蓄补充 + 公积金商业贷,重性价比，不盲信大牌，但要求物业管理有序、绿化修剪及时、人防技防规范。,本地常住人口，四季生活规律，度假频次为常规年假出行。
青_2008_01360,青岛,2008,本地改善,47,男,1.7,10.8,0.4,20.2,4,1,否,B,agent,0.6,0.4,0.82,0.58,0.51,0.82,0.54,0.76,0.65,自住-改善,一室一厅,93,1607,邮政局局长秘书,三口之家(学龄段),青岛中环品质两居，车位及空间极其拥挤,小区无地下车库且人车不分流，小孩在楼下玩耍或者推婴儿车极为不安全。,要求有超大面宽南向双阳台（观景家政分离），主卧大飘窗能270度直面自然景观。,在市中心核心写字楼工作，首选半小时核心通勤圈内。,倡导轻户外，周末常带家人自驾野营或山系徒步，注重生活情调与手作咖啡。,名下持有一套旧两居，置换回款 65% + 个人理财储蓄补充 + 公积金商业贷,重性价比，不盲信大牌，但要求物业管理有序、绿化修剪及时、人防技防规范。,本地常住人口，四季生活规律，度假频次为常规年假出行。
青_2008_01361,青岛,2008,本地改善,35,女,1.4,8.1,0.4,15.2,4,1,否,B,agent,0.68,0.62,0.85,0.39,0.41,0.78,0.66,0.72,0.51,自住-改善,两室两厅,70,1307,邮政局局长秘书,三口之家(幼龄段),青岛中环品质两居，车位及空间极其拥挤,小区无地下车库且人车不分流，小孩在楼下玩耍或者推婴儿车极为不安全。,要求有超大面宽南向双阳台（观景家政分离），主卧大飘窗能270度直面自然景观。,在市中心核心写字楼工作，首选半小时核心通勤圈内。,倡导轻户外，周末常带家人自驾野营或山系徒步，注重生活情调与手作咖啡。,名下持有一套旧两居，置换回款 65% + 个人理财储蓄补充 + 公积金商业贷,重性价比，不盲信大牌，但要求物业管理有序、绿化修剪及时、人防技防规范。,本地常住人口，四季生活规律，度假频次为常规年假出行。
青_2008_01362,青岛,2008,北方度假投资,50,女,6.0,76.5,0.5,114.7,2,0,否,B,research,0.69,0.48,0.97,0.67,0.6,0.52,0,0,0.69,投资-长持,一室一厅,82,8431,高端海景资产收藏家,成熟期核心家庭,青岛中环品质两居，车位及空间极其拥挤,老小区隔音差，邻里滋扰严重，且车位严重匮乏，每晚加班回来抢车位像打仗。,要求有超大面宽南向双阳台（观景家政分离），主卧大飘窗能270度直面自然景观。,在市中心核心写字楼工作，首选半小时核心通勤圈内。,倡导轻户外，周末常带家人自驾野营或山系徒步，注重生活情调与手作咖啡。,名下持有一套旧两居，置换回款 65% + 个人理财储蓄补充 + 公积金商业贷,重性价比，不盲信大牌，但要求物业管理有序、绿化修剪及时、人防技防规范。,每年11月至次年3月到此度过漫长冬季，极其依赖周边的康养及适老化服务。
青_2008_01363,青岛,2008,学区刚需,39,女,2.5,17.5,0.3,43.6,3,1,否,C,agent,0.81,0.47,0.35,0.12,0.49,0.85,0.52,0.98,0.48,学区房,两室一厅,90,2930,国企车间技术主任,三口之家(学龄段),与父母同住，三代人拥挤在旧区小户型老房中,小区无地下车库且人车不分流，小孩在楼下玩耍或者推婴儿车极为不安全。,讲究超高得房率（超85%），主卧套房必须配备独立步入式衣帽间与干湿分离双卫。,在市中心核心写字楼工作，首选半小时核心通勤圈内。,爱猫狗，喜欢烹饪和插花，主打经济舒适的生活小确幸。,名下持有一套旧两居，置换回款 65% + 个人理财储蓄补充 + 公积金商业贷,重性价比，不盲信大牌，但要求物业管理有序、绿化修剪及时、人防技防规范。,本地常住人口，四季生活规律，度假频次为常规年假出行。
青_2008_01364,青岛,2008,学区刚需,42,女,2.4,12.9,0.3,32.2,2,1,否,C,agent,0.76,0.57,0.46,0.21,0.44,0.76,0.53,1.0,0.44,学区房,两室两厅,61,3579,区财政局科员,三口之家(学龄段),与父母同住，三代人拥挤在旧区小户型老房中,小区无地下车库且人车不分流，小孩在楼下玩耍或者推婴儿车极为不安全。,讲究超高得房率（超85%），主卧套房必须配备独立步入式衣帽间与干湿分离双卫。,在市中心核心写字楼工作，首选半小时核心通勤圈内。,爱猫狗，喜欢烹饪和插花，主打经济舒适的生活小确幸。,名下持有一套旧两居，置换回款 65% + 个人理财储蓄补充 + 公积金商业贷,重性价比，不盲信大牌，但要求物业管理有序、绿化修剪及时、人防技防规范。,本地常住人口，四季生活规律，度假频次为常规年假出行。
青_2008_01365,青岛,2008,学区刚需,41,男,1.4,6.5,0.3,16.3,3,0,是,C,agent,1,0.46,0.32,0.15,0.46,0.71,0.52,1,0.37,学区房,一室一厅,68,1943,区财政局科员,成熟期核心家庭,与父母同住，三代人拥挤在旧区小户型老房中,当前房屋属于旧多层无电梯房，父母年纪渐高每天爬楼梯极为吃力。,讲究超高得房率（超85%），主卧套房必须配备独立步入式衣帽间与干湿分离双卫。,在市中心核心写字楼工作，首选半小时核心通勤圈内。,爱猫狗，喜欢烹饪和插花，主打经济舒适的生活小确幸。,名下持有一套旧两居，置换回款 65% + 个人理财储蓄补充 + 公积金商业贷,重性价比，不盲信大牌，但要求物业管理有序、绿化修剪及时、人防技防规范。,本地常住人口，四季生活规律，度假频次为常规年假出行。
青_2008_01366,青岛,2008,本地改善,51,女,1.8,19.0,0.4,35.6,4,2,否,B,agent,0.64,0.52,0.8,0.54,0.57,0.93,0.66,0.69,0.66,自住-改善,两室两厅,57,4683,国企车间技术主任,二胎黄金期中大户型,青岛中环品质两居，车位及空间极其拥挤,小区无地下车库且人车不分流，小孩在楼下玩耍或者推婴儿车极为不安全。,要求有超大面宽南向双阳台（观景家政分离），主卧大飘窗能270度直面自然景观。,在市中心核心写字楼工作，首选半小时核心通勤圈内。,倡导轻户外，周末常带家人自驾野营或山系徒步，注重生活情调与手作咖啡。,名下持有一套旧两居，置换回款 65% + 个人理财储蓄补充 + 公积金商业贷,重性价比，不盲信大牌，但要求物业管理有序、绿化修剪及时、人防技防规范。,本地常住人口，四季生活规律，度假频次为常规年假出行。
青_2008_01367,青岛,2008,本地改善,52,男,2.3,20.5,0.4,38.4,3,1,否,B,agent,0.77,0.44,0.65,0.62,0.58,0.89,0.52,0.63,0.66,自住-改善,两室两厅,89,3097,国企车间技术主任,三口之家(学龄段),青岛中环品质两居，车位及空间极其拥挤,小区无地下车库且人车不分流，小孩在楼下玩耍或者推婴儿车极为不安全。,讲究超高得房率（超85%），主卧套房必须配备独立步入式衣帽间与干湿分离双卫。,在市中心核心写字楼工作，首选半小时核心通勤圈内。,倡导轻户外，周末常带家人自驾野营或山系徒步，注重生活情调与手作咖啡。,名下持有一套旧两居，置换回款 65% + 个人理财储蓄补充 + 公积金商业贷,重性价比，不盲信大牌，但要求物业管理有序、绿化修剪及时、人防技防规范。,本地常住人口，四季生活规律，度假频次为常规年假出行。
青_2008_01368,青岛,2008,山东省内异地,56,女,2.4,20.3,0.45,33.8,4,1,否,C,network,1,0.61,0.92,0.55,0.44,0.77,0.14,0.29,0.55,自住-首套,一室一厅,82,2242,市第二中学地理教师,三口之家(学龄段),与父母同住，三代人拥挤在旧区小户型老房中,小区无地下车库且人车不分流，小孩在楼下玩耍或者推婴儿车极为不安全。,要求有超大面宽南向双阳台（观景家政分离），主卧大飘窗能270度直面自然景观。,在市中心核心写字楼工作，首选半小时核心通勤圈内。,爱猫狗，喜欢烹饪和插花，主打经济舒适的生活小确幸。,夫妻双方积蓄 + 双方父母出资赞助首付 + 公积金商业组合贷款,重性价比，不盲信大牌，但要求物业管理有序、绿化修剪及时、人防技防规范。,本地常住人口，四季生活规律，度假频次为常规年假出行。
青_2008_01369,青岛,2008,本地改善,49,男,1.2,11.2,0.4,20.9,5,1,否,B,agent,0.82,0.42,0.66,0.49,0.43,0.87,0.6,0.66,0.69,自住-改善,一室一厅,60,2401,国企车间技术主任,三口之家(学龄段),青岛中环品质两居，车位及空间极其拥挤,小区无地下车库且人车不分流，小孩在楼下玩耍或者推婴儿车极为不安全。,讲究超高得房率（超85%），主卧套房必须配备独立步入式衣帽间与干湿分离双卫。,在市中心核心写字楼工作，首选半小时核心通勤圈内。,倡导轻户外，周末常带家人自驾野营或山系徒步，注重生活情调与手作咖啡。,名下持有一套旧两居，置换回款 65% + 个人理财储蓄补充 + 公积金商业贷,重性价比，不盲信大牌，但要求物业管理有序、绿化修剪及时、人防技防规范。,本地常住人口，四季生活规律，度假频次为常规年假出行。
青_2008_01370,青岛,2008,本地改善,51,男,2.3,24.3,0.4,45.6,5,1,否,B,agent,0.76,0.52,0.69,0.6,0.53,0.76,0.5,0.68,0.53,自住-改善,一室一厅,62,4773,国企车间技术主任,三口之家(学龄段),青岛中环品质两居，车位及空间极其拥挤,小区无地下车库且人车不分流，小孩在楼下玩耍或者推婴儿车极为不安全。,讲究超高得房率（超85%），主卧套房必须配备独立步入式衣帽间与干湿分离双卫。,在市中心核心写字楼工作，首选半小时核心通勤圈内。,倡导轻户外，周末常带家人自驾野营或山系徒步，注重生活情调与手作咖啡。,名下持有一套旧两居，置换回款 65% + 个人理财储蓄补充 + 公积金商业贷,重性价比，不盲信大牌，但要求物业管理有序、绿化修剪及时、人防技防规范。,本地常住人口，四季生活规律，度假频次为常规年假出行。
青_2008_01371,青岛,2008,本地改善,46,女,1.4,14.2,0.4,26.6,4,1,否,B,agent,0.76,0.49,0.82,0.44,0.31,0.84,0.62,0.68,0.62,自住-改善,两室一厅,66,3013,市第二中学地理教师,三口之家(学龄段),青岛中环品质两居，车位及空间极其拥挤,小区无地下车库且人车不分流，小孩在楼下玩耍或者推婴儿车极为不安全。,要求有超大面宽南向双阳台（观景家政分离），主卧大飘窗能270度直面自然景观。,在市中心核心写字楼工作，首选半小时核心通勤圈内。,倡导轻户外，周末常带家人自驾野营或山系徒步，注重生活情调与手作咖啡。,名下持有一套旧两居，置换回款 65% + 个人理财储蓄补充 + 公积金商业贷,重性价比，不盲信大牌，但要求物业管理有序、绿化修剪及时、人防技防规范。,本地常住人口，四季生活规律，度假频次为常规年假出行。
青_2008_01372,青岛,2008,学区刚需,38,男,2.1,11.2,0.3,28.0,3,1,否,C,agent,0.85,0.66,0.41,0.21,0.47,0.83,0.48,0.94,0.35,学区房,一室一厅,95,1522,邮政局局长秘书,三口之家(学龄段),与父母同住，三代人拥挤在旧区小户型老房中,小区无地下车库且人车不分流，小孩在楼下玩耍或者推婴儿车极为不安全。,讲究超高得房率（超85%），主卧套房必须配备独立步入式衣帽间与干湿分离双卫。,在市中心核心写字楼工作，首选半小时核心通勤圈内。,爱猫狗，喜欢烹饪和插花，主打经济舒适的生活小确幸。,名下持有一套旧两居，置换回款 65% + 个人理财储蓄补充 + 公积金商业贷,重性价比，不盲信大牌，但要求物业管理有序、绿化修剪及时、人防技防规范。,本地常住人口，四季生活规律，度假频次为常规年假出行。
青_2008_01373,青岛,2008,本地改善,41,男,0.9,7.8,0.4,14.6,5,1,否,B,agent,1,0.4,0.75,0.52,0.46,0.96,0.57,0.76,0.67,自住-改善,一室一厅,65,1235,邮政局局长秘书,三口之家(学龄段),青岛中环品质两居，车位及空间极其拥挤,小区无地下车库且人车不分流，小孩在楼下玩耍或者推婴儿车极为不安全。,要求有超大面宽南向双阳台（观景家政分离），主卧大飘窗能270度直面自然景观。,在市中心核心写字楼工作，首选半小时核心通勤圈内。,倡导轻户外，周末常带家人自驾野营或山系徒步，注重生活情调与手作咖啡。,名下持有一套旧两居，置换回款 65% + 个人理财储蓄补充 + 公积金商业贷,重性价比，不盲信大牌，但要求物业管理有序、绿化修剪及时、人防技防规范。,本地常住人口，四季生活规律，度假频次为常规年假出行。
青_2008_01374,青岛,2008,学区刚需,44,男,1.9,11.2,0.3,27.9,3,1,是,C,agent,0.86,0.65,0.41,0.16,0.29,0.77,0.5,0.91,0.4,学区房,两室两厅,58,3198,市第二中学地理教师,三口之家(学龄段),与父母同住，三代人拥挤在旧区小户型老房中,小区无地下车库且人车不分流，小孩在楼下玩耍或者推婴儿车极为不安全。,讲究超高得房率（超85%），主卧套房必须配备独立步入式衣帽间与干湿分离双卫。,在市中心核心写字楼工作，首选半小时核心通勤圈内。,爱猫狗，喜欢烹饪和插花，主打经济舒适的生活小确幸。,名下持有一套旧两居，置换回款 65% + 个人理财储蓄补充 + 公积金商业贷,重性价比，不盲信大牌，但要求物业管理有序、绿化修剪及时、人防技防规范。,本地常住人口，四季生活规律，度假频次为常规年假出行。
青_2008_01375,青岛,2008,学区刚需,33,男,1.3,8.7,0.3,21.7,3,0,是,C,agent,1,0.49,0.41,0.42,0.41,0.6,0.44,0.92,0.47,学区房,一室一厅,86,1808,区财政局科员,新婚过渡两居,与父母同住，三代人拥挤在旧区小户型老房中,当前房屋属于旧多层无电梯房，父母年纪渐高每天爬楼梯极为吃力。,核心要求地块属于第一梯队名校学区，且周边500米内解决幼小衔接教育配套。,在市中心核心写字楼工作，首选半小时核心通勤圈内。,爱猫狗，喜欢烹饪和插花，主打经济舒适的生活小确幸。,名下持有一套旧两居，置换回款 65% + 个人理财储蓄补充 + 公积金商业贷,重性价比，不盲信大牌，但要求物业管理有序、绿化修剪及时、人防技防规范。,本地常住人口，四季生活规律，度假频次为常规年假出行。
青_2008_01376,青岛,2008,本地改善,55,男,1.0,6.1,0.4,11.5,4,0,否,B,agent,0.63,0.45,0.78,0.48,0.59,0.83,0.38,0.75,0.63,自住-改善,两室一厅,95,758,邮政局局长秘书,高知退休康养,青岛中环品质两居，车位及空间极其拥挤,老小区隔音差，邻里滋扰严重，且车位严重匮乏，每晚加班回来抢车位像打仗。,要求有超大面宽南向双阳台（观景家政分离），主卧大飘窗能270度直面自然景观。,在市中心核心写字楼工作，首选半小时核心通勤圈内。,倡导轻户外，周末常带家人自驾野营或山系徒步，注重生活情调与手作咖啡。,名下持有一套旧两居，置换回款 65% + 个人理财储蓄补充 + 公积金商业贷,重性价比，不盲信大牌，但要求物业管理有序、绿化修剪及时、人防技防规范。,本地常住人口，四季生活规律，度假频次为常规年假出行。
青_2008_01377,青岛,2008,山东省内异地,50,女,3.2,25.7,0.45,42.9,3,2,是,C,network,0.51,0.42,0.93,0.51,0.49,0.73,0,0.43,0.64,自住-首套,一室一厅,95,3833,市第二中学地理教师,二胎黄金期中大户型,与父母同住，三代人拥挤在旧区小户型老房中,小区无地下车库且人车不分流，小孩在楼下玩耍或者推婴儿车极为不安全。,要求有超大面宽南向双阳台（观景家政分离），主卧大飘窗能270度直面自然景观。,在市中心核心写字楼工作，首选半小时核心通勤圈内。,爱猫狗，喜欢烹饪和插花，主打经济舒适的生活小确幸。,夫妻双方积蓄 + 双方父母出资赞助首付 + 公积金商业组合贷款,重性价比，不盲信大牌，但要求物业管理有序、绿化修剪及时、人防技防规范。,本地常住人口，四季生活规律，度假频次为常规年假出行。
青_2008_01378,青岛,2008,本地改善,42,女,1.3,10.4,0.4,19.4,3,1,是,B,agent,0.76,0.49,0.72,0.45,0.42,1,0.71,0.69,0.68,自住-改善,两室一厅,95,1769,市第二中学地理教师,三口之家(学龄段),青岛中环品质两居，车位及空间极其拥挤,小区无地下车库且人车不分流，小孩在楼下玩耍或者推婴儿车极为不安全。,要求有超大面宽南向双阳台（观景家政分离），主卧大飘窗能270度直面自然景观。,在市中心核心写字楼工作，首选半小时核心通勤圈内。,倡导轻户外，周末常带家人自驾野营或山系徒步，注重生活情调与手作咖啡。,名下持有一套旧两居，置换回款 65% + 个人理财储蓄补充 + 公积金商业贷,重性价比，不盲信大牌，但要求物业管理有序、绿化修剪及时、人防技防规范。,本地常住人口，四季生活规律，度假频次为常规年假出行。
青_2008_01379,青岛,2008,本地改善,53,女,1.6,12.2,0.4,22.9,4,1,否,B,agent,0.8,0.53,0.74,0.48,0.43,0.78,0.59,0.55,0.55,自住-改善,两室两厅,95,1495,区财政局科员,三口之家(学龄段),青岛中环品质两居，车位及空间极其拥挤,小区无地下车库且人车不分流，小孩在楼下玩耍或者推婴儿车极为不安全。,要求有超大面宽南向双阳台（观景家政分离），主卧大飘窗能270度直面自然景观。,在市中心核心写字楼工作，首选半小时核心通勤圈内。,倡导轻户外，周末常带家人自驾野营或山系徒步，注重生活情调与手作咖啡。,名下持有一套旧两居，置换回款 65% + 个人理财储蓄补充 + 公积金商业贷,重性价比，不盲信大牌，但要求物业管理有序、绿化修剪及时、人防技防规范。,本地常住人口，四季生活规律，度假频次为常规年假出行。
青_2008_01380,青岛,2008,本地改善,38,女,2.6,20.5,0.4,38.5,4,1,是,B,agent,0.7,0.59,0.76,0.54,0.53,0.9,0.61,0.58,0.48,自住-改善,一室一厅,84,2318,邮政局局长秘书,三口之家(学龄段),青岛中环品质两居，车位及空间极其拥挤,小区无地下车库且人车不分流，小孩在楼下玩耍或者推婴儿车极为不安全。,要求有超大面宽南向双阳台（观景家政分离），主卧大飘窗能270度直面自然景观。,在市中心核心写字楼工作，首选半小时核心通勤圈内。,倡导轻户外，周末常带家人自驾野营或山系徒步，注重生活情调与手作咖啡。,名下持有一套旧两居，置换回款 65% + 个人理财储蓄补充 + 公积金商业贷,重性价比，不盲信大牌，但要求物业管理有序、绿化修剪及时、人防技防规范。,本地常住人口，四季生活规律，度假频次为常规年假出行。
青_2008_01381,青岛,2008,本地改善,47,女,2.3,19.1,0.4,35.9,4,2,是,B,agent,0.81,0.58,0.66,0.41,0.47,0.86,0.61,0.66,0.63,自住-改善,一室一厅,96,2762,市第二中学地理教师,二胎黄金期中大户型,青岛中环品质两居，车位及空间极其拥挤,小区无地下车库且人车不分流，小孩在楼下玩耍或者推婴儿车极为不安全。,讲究超高得房率（超85%），主卧套房必须配备独立步入式衣帽间与干湿分离双卫。,在市中心核心写字楼工作，首选半小时核心通勤圈内。,倡导轻户外，周末常带家人自驾野营或山系徒步，注重生活情调与手作咖啡。,名下持有一套旧两居，置换回款 65% + 个人理财储蓄补充 + 公积金商业贷,重性价比，不盲信大牌，但要求物业管理有序、绿化修剪及时、人防技防规范。,本地常住人口，四季生活规律，度假频次为常规年假出行。
青_2008_01382,青岛,2008,山东省内异地,55,男,1.6,16.1,0.45,26.8,3,1,否,C,network,0.61,0.53,0.87,0.7,0.47,0.92,0,0.36,0.42,自住-首套,一室一厅,88,2326,邮政局局长秘书,三口之家(学龄段),与父母同住，三代人拥挤在旧区小户型老房中,小区无地下车库且人车不分流，小孩在楼下玩耍或者推婴儿车极为不安全。,要求独立电梯入户，主次卧动线分明，配备独立保姆房和私密后院。,在市中心核心写字楼工作，首选半小时核心通勤圈内。,爱猫狗，喜欢烹饪和插花，主打经济舒适的生活小确幸。,夫妻双方积蓄 + 双方父母出资赞助首付 + 公积金商业组合贷款,重性价比，不盲信大牌，但要求物业管理有序、绿化修剪及时、人防技防规范。,本地常住人口，四季生活规律，度假频次为常规年假出行。
青_2008_01383,青岛,2008,本地改善,47,女,2.4,23.9,0.4,44.7,4,1,否,B,agent,0.61,0.56,0.75,0.66,0.34,0.91,0.64,0.71,0.58,自住-改善,一室一厅,53,5741,市第二中学地理教师,三口之家(学龄段),青岛中环品质两居，车位及空间极其拥挤,小区无地下车库且人车不分流，小孩在楼下玩耍或者推婴儿车极为不安全。,要求有超大面宽南向双阳台（观景家政分离），主卧大飘窗能270度直面自然景观。,在市中心核心写字楼工作，首选半小时核心通勤圈内。,倡导轻户外，周末常带家人自驾野营或山系徒步，注重生活情调与手作咖啡。,名下持有一套旧两居，置换回款 65% + 个人理财储蓄补充 + 公积金商业贷,重性价比，不盲信大牌，但要求物业管理有序、绿化修剪及时、人防技防规范。,本地常住人口，四季生活规律，度假频次为常规年假出行。
青_2008_01384,青岛,2008,本地改善,40,女,1.7,11.2,0.4,21.0,5,1,否,B,agent,0.74,0.4,0.81,0.4,0.55,0.88,0.67,0.5,0.59,自住-改善,两室一厅,73,2017,市第二中学地理教师,三口之家(学龄段),青岛中环品质两居，车位及空间极其拥挤,小区无地下车库且人车不分流，小孩在楼下玩耍或者推婴儿车极为不安全。,要求有超大面宽南向双阳台（观景家政分离），主卧大飘窗能270度直面自然景观。,在市中心核心写字楼工作，首选半小时核心通勤圈内。,倡导轻户外，周末常带家人自驾野营或山系徒步，注重生活情调与手作咖啡。,名下持有一套旧两居，置换回款 65% + 个人理财储蓄补充 + 公积金商业贷,重性价比，不盲信大牌，但要求物业管理有序、绿化修剪及时、人防技防规范。,本地常住人口，四季生活规律，度假频次为常规年假出行。
青_2008_01385,青岛,2008,山东省内异地,45,男,1.9,19.1,0.45,31.8,2,1,否,C,network,0.83,0.52,1.0,0.62,0.58,0.7,0,0.32,0.68,自住-首套,两室一厅,83,3064,邮政局局长秘书,三口之家(学龄段),与父母同住，三代人拥挤在旧区小户型老房中,小区无地下车库且人车不分流，小孩在楼下玩耍或者推婴儿车极为不安全。,要求有超大面宽南向双阳台（观景家政分离），主卧大飘窗能270度直面自然景观。,在市中心核心写字楼工作，首选半小时核心通勤圈内。,爱猫狗，喜欢烹饪和插花，主打经济舒适的生活小确幸。,夫妻双方积蓄 + 双方父母出资赞助首付 + 公积金商业组合贷款,重性价比，不盲信大牌，但要求物业管理有序、绿化修剪及时、人防技防规范。,本地常住人口，四季生活规律，度假频次为常规年假出行。
青_2008_01386,青岛,2008,本地改善,53,女,1.3,8.0,0.4,15.1,4,1,否,B,agent,0.61,0.46,0.91,0.65,0.51,0.91,0.45,0.71,0.6,自住-改善,一室一厅,76,1551,邮政局局长秘书,三口之家(学龄段),青岛中环品质两居，车位及空间极其拥挤,小区无地下车库且人车不分流，小孩在楼下玩耍或者推婴儿车极为不安全。,要求有超大面宽南向双阳台（观景家政分离），主卧大飘窗能270度直面自然景观。,在市中心核心写字楼工作，首选半小时核心通勤圈内。,倡导轻户外，周末常带家人自驾野营或山系徒步，注重生活情调与手作咖啡。,名下持有一套旧两居，置换回款 65% + 个人理财储蓄补充 + 公积金商业贷,重性价比，不盲信大牌，但要求物业管理有序、绿化修剪及时、人防技防规范。,本地常住人口，四季生活规律，度假频次为常规年假出行。
青_2008_01387,青岛,2008,北方度假投资,51,女,8.2,65.5,0.5,98.3,2,0,否,B,research,0.79,0.53,1,0.52,0.56,0.44,0,0.1,0.74,投资-短期,两室两厅,87,9664,上市公司退休联合创始人,成熟期核心家庭,青岛中环品质两居，车位及空间极其拥挤,老小区隔音差，邻里滋扰严重，且车位严重匮乏，每晚加班回来抢车位像打仗。,要求有超大面宽南向双阳台（观景家政分离），主卧大飘窗能270度直面自然景观。,在市中心核心写字楼工作，首选半小时核心通勤圈内。,倡导轻户外，周末常带家人自驾野营或山系徒步，注重生活情调与手作咖啡。,名下持有一套旧两居，置换回款 65% + 个人理财储蓄补充 + 公积金商业贷,非仁恒、绿城、万科等金牌开发商不买，极度看重高端精装质量与顶级物业的增值口碑。,每年11月至次年3月到此度过漫长冬季，极其依赖周边的康养及适老化服务。
青_2008_01388,青岛,2008,本地改善,51,女,1.5,10.6,0.4,19.8,4,1,否,B,agent,0.54,0.48,0.62,0.52,0.53,1.0,0.57,0.72,0.47,自住-改善,一室一厅,95,1574,国企车间技术主任,三口之家(学龄段),青岛中环品质两居，车位及空间极其拥挤,小区无地下车库且人车不分流，小孩在楼下玩耍或者推婴儿车极为不安全。,讲究超高得房率（超85%），主卧套房必须配备独立步入式衣帽间与干湿分离双卫。,在市中心核心写字楼工作，首选半小时核心通勤圈内。,倡导轻户外，周末常带家人自驾野营或山系徒步，注重生活情调与手作咖啡。,名下持有一套旧两居，置换回款 65% + 个人理财储蓄补充 + 公积金商业贷,重性价比，不盲信大牌，但要求物业管理有序、绿化修剪及时、人防技防规范。,本地常住人口，四季生活规律，度假频次为常规年假出行。
青_2008_01389,青岛,2008,山东省内异地,60,女,2.9,25.6,0.45,42.6,3,2,否,C,network,0.66,0.45,0.83,0.33,0.53,0.66,0.02,0.48,0.56,自住-改善,两室一厅,72,4893,国企车间技术主任,二胎黄金期中大户型,与父母同住，三代人拥挤在旧区小户型老房中,小区无地下车库且人车不分流，小孩在楼下玩耍或者推婴儿车极为不安全。,要求有超大面宽南向双阳台（观景家政分离），主卧大飘窗能270度直面自然景观。,在市中心核心写字楼工作，首选半小时核心通勤圈内。,爱猫狗，喜欢烹饪和插花，主打经济舒适的生活小确幸。,名下持有一套旧两居，置换回款 65% + 个人理财储蓄补充 + 公积金商业贷,重性价比，不盲信大牌，但要求物业管理有序、绿化修剪及时、人防技防规范。,本地常住人口，四季生活规律，度假频次为常规年假出行。
青_2008_01390,青岛,2008,学区刚需,33,女,1.5,7.8,0.3,19.6,3,0,否,C,agent,0.87,0.57,0.52,0.29,0.45,0.73,0.49,0.98,0.44,学区房,两室一厅,73,1617,区财政局科员,新婚过渡两居,与父母同住，三代人拥挤在旧区小户型老房中,老小区隔音差，邻里滋扰严重，且车位严重匮乏，每晚加班回来抢车位像打仗。,讲究超高得房率（超85%），主卧套房必须配备独立步入式衣帽间与干湿分离双卫。,在市中心核心写字楼工作，首选半小时核心通勤圈内。,爱猫狗，喜欢烹饪和插花，主打经济舒适的生活小确幸。,名下持有一套旧两居，置换回款 65% + 个人理财储蓄补充 + 公积金商业贷,重性价比，不盲信大牌，但要求物业管理有序、绿化修剪及时、人防技防规范。,本地常住人口，四季生活规律，度假频次为常规年假出行。
青_2008_01391,青岛,2008,学区刚需,35,男,1.5,6.2,0.3,15.5,3,1,是,C,agent,1,0.67,0.36,0.28,0.34,0.7,0.45,1,0.48,学区房,两室两厅,66,2107,邮政局局长秘书,三口之家(幼龄段),与父母同住，三代人拥挤在旧区小户型老房中,小区无地下车库且人车不分流，小孩在楼下玩耍或者推婴儿车极为不安全。,讲究超高得房率（超85%），主卧套房必须配备独立步入式衣帽间与干湿分离双卫。,在市中心核心写字楼工作，首选半小时核心通勤圈内。,爱猫狗，喜欢烹饪和插花，主打经济舒适的生活小确幸。,名下持有一套旧两居，置换回款 65% + 个人理财储蓄补充 + 公积金商业贷,重性价比，不盲信大牌，但要求物业管理有序、绿化修剪及时、人防技防规范。,本地常住人口，四季生活规律，度假频次为常规年假出行。
青_2008_01392,青岛,2008,本地改善,36,女,3.1,24.8,0.4,46.6,3,1,是,B,agent,0.65,0.54,1.0,0.57,0.39,0.88,0.55,0.75,0.54,自住-改善,一室一厅,57,5472,国企车间技术主任,三口之家(幼龄段),青岛中环品质两居，车位及空间极其拥挤,小区无地下车库且人车不分流，小孩在楼下玩耍或者推婴儿车极为不安全。,要求有超大面宽南向双阳台（观景家政分离），主卧大飘窗能270度直面自然景观。,在市中心核心写字楼工作，首选半小时核心通勤圈内。,倡导轻户外，周末常带家人自驾野营或山系徒步，注重生活情调与手作咖啡。,名下持有一套旧两居，置换回款 65% + 个人理财储蓄补充 + 公积金商业贷,重性价比，不盲信大牌，但要求物业管理有序、绿化修剪及时、人防技防规范。,本地常住人口，四季生活规律，度假频次为常规年假出行。
青_2008_01393,青岛,2008,山东省内异地,56,女,2.3,18.4,0.45,30.7,2,1,否,C,network,0.88,0.53,0.71,0.61,0.42,0.66,0,0.37,0.55,自住-改善,两室两厅,67,3155,市第二中学地理教师,三口之家(学龄段),与父母同住，三代人拥挤在旧区小户型老房中,小区无地下车库且人车不分流，小孩在楼下玩耍或者推婴儿车极为不安全。,要求有超大面宽南向双阳台（观景家政分离），主卧大飘窗能270度直面自然景观。,在市中心核心写字楼工作，首选半小时核心通勤圈内。,爱猫狗，喜欢烹饪和插花，主打经济舒适的生活小确幸。,名下持有一套旧两居，置换回款 65% + 个人理财储蓄补充 + 公积金商业贷,重性价比，不盲信大牌，但要求物业管理有序、绿化修剪及时、人防技防规范。,本地常住人口，四季生活规律，度假频次为常规年假出行。
青_2008_01394,青岛,2008,本地改善,42,男,2.1,19.6,0.4,36.8,4,1,否,B,agent,0.91,0.5,0.8,0.54,0.5,0.8,0.69,0.7,0.54,自住-改善,两室一厅,77,4159,国企车间技术主任,三口之家(学龄段),青岛中环品质两居，车位及空间极其拥挤,小区无地下车库且人车不分流，小孩在楼下玩耍或者推婴儿车极为不安全。,要求有超大面宽南向双阳台（观景家政分离），主卧大飘窗能270度直面自然景观。,在市中心核心写字楼工作，首选半小时核心通勤圈内。,倡导轻户外，周末常带家人自驾野营或山系徒步，注重生活情调与手作咖啡。,名下持有一套旧两居，置换回款 65% + 个人理财储蓄补充 + 公积金商业贷,重性价比，不盲信大牌，但要求物业管理有序、绿化修剪及时、人防技防规范。,本地常住人口，四季生活规律，度假频次为常规年假出行。
青_2008_01395,青岛,2008,学区刚需,43,男,1.3,8.1,0.3,20.3,2,1,是,C,agent,1.0,0.38,0.4,0.29,0.37,0.69,0.54,0.97,0.48,学区房,一室一厅,60,2287,国企车间技术主任,三口之家(学龄段),与父母同住，三代人拥挤在旧区小户型老房中,小区无地下车库且人车不分流，小孩在楼下玩耍或者推婴儿车极为不安全。,核心要求地块属于第一梯队名校学区，且周边500米内解决幼小衔接教育配套。,在市中心核心写字楼工作，首选半小时核心通勤圈内。,爱猫狗，喜欢烹饪和插花，主打经济舒适的生活小确幸。,名下持有一套旧两居，置换回款 65% + 个人理财储蓄补充 + 公积金商业贷,重性价比，不盲信大牌，但要求物业管理有序、绿化修剪及时、人防技防规范。,本地常住人口，四季生活规律，度假频次为常规年假出行。
青_2008_01396,青岛,2008,本地改善,44,女,2.2,15.6,0.4,29.3,3,1,否,B,agent,0.81,0.58,0.79,0.61,0.48,0.85,0.59,0.71,0.45,自住-改善,两室两厅,92,2568,国企车间技术主任,三口之家(学龄段),青岛中环品质两居，车位及空间极其拥挤,小区无地下车库且人车不分流，小孩在楼下玩耍或者推婴儿车极为不安全。,要求有超大面宽南向双阳台（观景家政分离），主卧大飘窗能270度直面自然景观。,在市中心核心写字楼工作，首选半小时核心通勤圈内。,倡导轻户外，周末常带家人自驾野营或山系徒步，注重生活情调与手作咖啡。,名下持有一套旧两居，置换回款 65% + 个人理财储蓄补充 + 公积金商业贷,重性价比，不盲信大牌，但要求物业管理有序、绿化修剪及时、人防技防规范。,本地常住人口，四季生活规律，度假频次为常规年假出行。
青_2008_01397,青岛,2008,山东省内异地,42,女,2.5,25.2,0.45,41.9,3,0,是,C,network,0.62,0.64,0.93,0.56,0.66,0.66,0,0.34,0.74,自住-首套,一室一厅,52,5052,邮政局局长秘书,成熟期核心家庭,与父母同住，三代人拥挤在旧区小户型老房中,当前房屋属于旧多层无电梯房，父母年纪渐高每天爬楼梯极为吃力。,要求有超大面宽南向双阳台（观景家政分离），主卧大飘窗能270度直面自然景观。,在市中心核心写字楼工作，首选半小时核心通勤圈内。,爱猫狗，喜欢烹饪和插花，主打经济舒适的生活小确幸。,夫妻双方积蓄 + 双方父母出资赞助首付 + 公积金商业组合贷款,非仁恒、绿城、万科等金牌开发商不买，极度看重高端精装质量与顶级物业的增值口碑。,本地常住人口，四季生活规律，度假频次为常规年假出行。
青_2008_01398,青岛,2008,本地改善,45,女,2.7,24.0,0.4,45.1,5,0,是,B,agent,0.95,0.52,0.63,0.36,0.59,0.8,0.64,0.62,0.55,自住-改善,两室一厅,56,7239,区财政局科员,成熟期核心家庭,青岛中环品质两居，车位及空间极其拥挤,当前房屋属于旧多层无电梯房，父母年纪渐高每天爬楼梯极为吃力。,讲究超高得房率（超85%），主卧套房必须配备独立步入式衣帽间与干湿分离双卫。,在市中心核心写字楼工作，首选半小时核心通勤圈内。,倡导轻户外，周末常带家人自驾野营或山系徒步，注重生活情调与手作咖啡。,名下持有一套旧两居，置换回款 65% + 个人理财储蓄补充 + 公积金商业贷,重性价比，不盲信大牌，但要求物业管理有序、绿化修剪及时、人防技防规范。,本地常住人口，四季生活规律，度假频次为常规年假出行。
青_2008_01399,青岛,2008,本地改善,36,女,1.2,9.2,0.4,17.3,4,1,是,B,agent,0.63,0.43,0.81,0.5,0.49,0.88,0.59,0.69,0.5,自住-改善,两室一厅,55,1682,邮政局局长秘书,三口之家(幼龄段),青岛中环品质两居，车位及空间极其拥挤,小区无地下车库且人车不分流，小孩在楼下玩耍或者推婴儿车极为不安全。,要求有超大面宽南向双阳台（观景家政分离），主卧大飘窗能270度直面自然景观。,在市中心核心写字楼工作，首选半小时核心通勤圈内。,倡导轻户外，周末常带家人自驾野营或山系徒步，注重生活情调与手作咖啡。,名下持有一套旧两居，置换回款 65% + 个人理财储蓄补充 + 公积金商业贷,重性价比，不盲信大牌，但要求物业管理有序、绿化修剪及时、人防技防规范。,本地常住人口，四季生活规律，度假频次为常规年假出行。
青_2008_01400,青岛,2008,本地改善,50,男,1.5,9.3,0.4,17.5,4,1,否,B,agent,0.86,0.47,0.62,0.5,0.61,0.94,0.54,0.74,0.46,自住-改善,两室一厅,98,1399,国企车间技术主任,三口之家(学龄段),青岛中环品质两居，车位及空间极其拥挤,小区无地下车库且人车不分流，小孩在楼下玩耍或者推婴儿车极为不安全。,讲究超高得房率（超85%），主卧套房必须配备独立步入式衣帽间与干湿分离双卫。,在市中心核心写字楼工作，首选半小时核心通勤圈内。,倡导轻户外，周末常带家人自驾野营或山系徒步，注重生活情调与手作咖啡。,名下持有一套旧两居，置换回款 65% + 个人理财储蓄补充 + 公积金商业贷,重性价比，不盲信大牌，但要求物业管理有序、绿化修剪及时、人防技防规范。,本地常住人口，四季生活规律，度假频次为常规年假出行。
青_2008_01401,青岛,2008,本地改善,38,女,1.5,11.2,0.4,21.0,4,1,否,B,agent,0.67,0.52,0.81,0.32,0.54,0.81,0.69,0.75,0.5,自住-改善,一室一厅,100,1072,市第二中学地理教师,三口之家(学龄段),青岛中环品质两居，车位及空间极其拥挤,小区无地下车库且人车不分流，小孩在楼下玩耍或者推婴儿车极为不安全。,要求有超大面宽南向双阳台（观景家政分离），主卧大飘窗能270度直面自然景观。,在市中心核心写字楼工作，首选半小时核心通勤圈内。,倡导轻户外，周末常带家人自驾野营或山系徒步，注重生活情调与手作咖啡。,名下持有一套旧两居，置换回款 65% + 个人理财储蓄补充 + 公积金商业贷,重性价比，不盲信大牌，但要求物业管理有序、绿化修剪及时、人防技防规范。,本地常住人口，四季生活规律，度假频次为常规年假出行。
青_2008_01402,青岛,2008,山东省内异地,49,男,1.6,12.4,0.45,20.7,2,1,是,C,network,0.82,0.68,0.9,0.51,0.51,0.74,0.06,0.42,0.63,自住-改善,两室一厅,79,1916,市第二中学地理教师,三口之家(学龄段),与父母同住，三代人拥挤在旧区小户型老房中,小区无地下车库且人车不分流，小孩在楼下玩耍或者推婴儿车极为不安全。,要求有超大面宽南向双阳台（观景家政分离），主卧大飘窗能270度直面自然景观。,在市中心核心写字楼工作，首选半小时核心通勤圈内。,爱猫狗，喜欢烹饪和插花，主打经济舒适的生活小确幸。,名下持有一套旧两居，置换回款 65% + 个人理财储蓄补充 + 公积金商业贷,重性价比，不盲信大牌，但要求物业管理有序、绿化修剪及时、人防技防规范。,本地常住人口，四季生活规律，度假频次为常规年假出行。
青_2008_01403,青岛,2008,本地改善,50,女,2.2,13.4,0.4,25.1,4,0,是,B,agent,0.73,0.47,0.72,0.45,0.49,0.89,0.56,0.75,0.58,自住-改善,两室两厅,100,1796,区财政局科员,成熟期核心家庭,青岛中环品质两居，车位及空间极其拥挤,当前房屋属于旧多层无电梯房，父母年纪渐高每天爬楼梯极为吃力。,要求有超大面宽南向双阳台（观景家政分离），主卧大飘窗能270度直面自然景观。,在市中心核心写字楼工作，首选半小时核心通勤圈内。,倡导轻户外，周末常带家人自驾野营或山系徒步，注重生活情调与手作咖啡。,名下持有一套旧两居，置换回款 65% + 个人理财储蓄补充 + 公积金商业贷,重性价比，不盲信大牌，但要求物业管理有序、绿化修剪及时、人防技防规范。,本地常住人口，四季生活规律，度假频次为常规年假出行。
青_2008_01404,青岛,2008,山东省内异地,44,男,2.0,14.7,0.45,24.4,3,0,否,C,network,0.73,0.56,0.79,0.72,0.57,0.69,0.06,0.39,0.62,自住-改善,两室两厅,89,1396,邮政局局长秘书,成熟期核心家庭,与父母同住，三代人拥挤在旧区小户型老房中,老小区隔音差，邻里滋扰严重，且车位严重匮乏，每晚加班回来抢车位像打仗。,要求独立电梯入户，主次卧动线分明，配备独立保姆房和私密后院。,在市中心核心写字楼工作，首选半小时核心通勤圈内。,爱猫狗，喜欢烹饪和插花，主打经济舒适的生活小确幸。,名下持有一套旧两居，置换回款 65% + 个人理财储蓄补充 + 公积金商业贷,重性价比，不盲信大牌，但要求物业管理有序、绿化修剪及时、人防技防规范。,本地常住人口，四季生活规律，度假频次为常规年假出行。
青_2008_01405,青岛,2008,北方度假投资,50,女,3.7,44.1,0.5,66.1,2,1,否,B,research,0.54,0.41,1,0.58,0.6,0.57,0,0.04,0.78,投资-长持,两室两厅,57,9639,知名中医药连锁投资人,三口之家(学龄段),青岛中环品质两居，车位及空间极其拥挤,小区无地下车库且人车不分流，小孩在楼下玩耍或者推婴儿车极为不安全。,要求有超大面宽南向双阳台（观景家政分离），主卧大飘窗能270度直面自然景观。,在市中心核心写字楼工作，首选半小时核心通勤圈内。,倡导轻户外，周末常带家人自驾野营或山系徒步，注重生活情调与手作咖啡。,名下持有一套旧两居，置换回款 65% + 个人理财储蓄补充 + 公积金商业贷,非仁恒、绿城、万科等金牌开发商不买，极度看重高端精装质量与顶级物业的增值口碑。,每年11月至次年3月到此度过漫长冬季，极其依赖周边的康养及适老化服务。
青_2008_01406,青岛,2008,山东省内异地,43,男,1.6,14.1,0.45,23.4,4,0,否,C,network,0.25,0.56,0.94,0.54,0.42,0.76,0,0.49,0.55,自住-改善,两室两厅,67,2101,市第二中学地理教师,成熟期核心家庭,与父母同住，三代人拥挤在旧区小户型老房中,老小区隔音差，邻里滋扰严重，且车位严重匮乏，每晚加班回来抢车位像打仗。,要求有超大面宽南向双阳台（观景家政分离），主卧大飘窗能270度直面自然景观。,在市中心核心写字楼工作，首选半小时核心通勤圈内。,爱猫狗，喜欢烹饪和插花，主打经济舒适的生活小确幸。,名下持有一套旧两居，置换回款 65% + 个人理财储蓄补充 + 公积金商业贷,重性价比，不盲信大牌，但要求物业管理有序、绿化修剪及时、人防技防规范。,本地常住人口，四季生活规律，度假频次为常规年假出行。
青_2008_01407,青岛,2008,本地改善,41,男,2.1,12.9,0.4,24.3,4,2,否,B,agent,0.75,0.52,0.78,0.44,0.59,0.86,0.59,0.69,0.69,自住-改善,两室一厅,75,2521,国企车间技术主任,二胎黄金期中大户型,青岛中环品质两居，车位及空间极其拥挤,小区无地下车库且人车不分流，小孩在楼下玩耍或者推婴儿车极为不安全。,要求有超大面宽南向双阳台（观景家政分离），主卧大飘窗能270度直面自然景观。,在市中心核心写字楼工作，首选半小时核心通勤圈内。,倡导轻户外，周末常带家人自驾野营或山系徒步，注重生活情调与手作咖啡。,名下持有一套旧两居，置换回款 65% + 个人理财储蓄补充 + 公积金商业贷,重性价比，不盲信大牌，但要求物业管理有序、绿化修剪及时、人防技防规范。,本地常住人口，四季生活规律，度假频次为常规年假出行。
青_2008_01408,青岛,2008,本地改善,36,男,4.2,26.2,0.4,49.2,5,1,是,B,agent,1,0.57,0.79,0.48,0.37,0.74,0.57,0.8,0.49,自住-改善,两室两厅,88,4177,区财政局科员,三口之家(幼龄段),青岛中环品质两居，车位及空间极其拥挤,小区无地下车库且人车不分流，小孩在楼下玩耍或者推婴儿车极为不安全。,要求有超大面宽南向双阳台（观景家政分离），主卧大飘窗能270度直面自然景观。,在市中心核心写字楼工作，首选半小时核心通勤圈内。,倡导轻户外，周末常带家人自驾野营或山系徒步，注重生活情调与手作咖啡。,名下持有一套旧两居，置换回款 65% + 个人理财储蓄补充 + 公积金商业贷,重性价比，不盲信大牌，但要求物业管理有序、绿化修剪及时、人防技防规范。,本地常住人口，四季生活规律，度假频次为常规年假出行。
青_2008_01409,青岛,2008,山东省内异地,45,男,1.8,14.9,0.45,24.8,2,1,否,C,network,0.9,0.65,0.84,0.67,0.57,0.76,0.04,0.33,0.46,自住-改善,一室一厅,94,1692,邮政局局长秘书,三口之家(学龄段),与父母同住，三代人拥挤在旧区小户型老房中,小区无地下车库且人车不分流，小孩在楼下玩耍或者推婴儿车极为不安全。,要求有超大面宽南向双阳台（观景家政分离），主卧大飘窗能270度直面自然景观。,在市中心核心写字楼工作，首选半小时核心通勤圈内。,爱猫狗，喜欢烹饪和插花，主打经济舒适的生活小确幸。,名下持有一套旧两居，置换回款 65% + 个人理财储蓄补充 + 公积金商业贷,重性价比，不盲信大牌，但要求物业管理有序、绿化修剪及时、人防技防规范。,本地常住人口，四季生活规律，度假频次为常规年假出行。
青_2008_01410,青岛,2008,本地改善,54,男,1.6,11.1,0.4,20.8,4,1,否,B,agent,0.64,0.42,0.63,0.49,0.43,0.8,0.65,0.65,0.52,自住-改善,两室一厅,50,2520,市第二中学地理教师,三口之家(学龄段),青岛中环品质两居，车位及空间极其拥挤,小区无地下车库且人车不分流，小孩在楼下玩耍或者推婴儿车极为不安全。,讲究超高得房率（超85%），主卧套房必须配备独立步入式衣帽间与干湿分离双卫。,在市中心核心写字楼工作，首选半小时核心通勤圈内。,倡导轻户外，周末常带家人自驾野营或山系徒步，注重生活情调与手作咖啡。,名下持有一套旧两居，置换回款 65% + 个人理财储蓄补充 + 公积金商业贷,重性价比，不盲信大牌，但要求物业管理有序、绿化修剪及时、人防技防规范。,本地常住人口，四季生活规律，度假频次为常规年假出行。
青_2008_01411,青岛,2008,山东省内异地,42,男,1.3,10.7,0.45,17.8,3,1,否,C,network,0.77,0.61,0.78,0.48,0.63,0.73,0.02,0.38,0.56,自住-改善,两室一厅,90,1733,国企车间技术主任,三口之家(学龄段),与父母同住，三代人拥挤在旧区小户型老房中,小区无地下车库且人车不分流，小孩在楼下玩耍或者推婴儿车极为不安全。,要求有超大面宽南向双阳台（观景家政分离），主卧大飘窗能270度直面自然景观。,在市中心核心写字楼工作，首选半小时核心通勤圈内。,爱猫狗，喜欢烹饪和插花，主打经济舒适的生活小确幸。,名下持有一套旧两居，置换回款 65% + 个人理财储蓄补充 + 公积金商业贷,重性价比，不盲信大牌，但要求物业管理有序、绿化修剪及时、人防技防规范。,本地常住人口，四季生活规律，度假频次为常规年假出行。
青_2008_01412,青岛,2008,北方度假投资,55,男,3.5,29.5,0.5,44.2,2,0,否,B,research,0.89,0.52,0.86,0.62,0.75,0.5,0.02,0.08,0.65,度假,两室一厅,68,3572,上市公司退休联合创始人,高知退休康养,青岛中环品质两居，车位及空间极其拥挤,老小区隔音差，邻里滋扰严重，且车位严重匮乏，每晚加班回来抢车位像打仗。,要求有超大面宽南向双阳台（观景家政分离），主卧大飘窗能270度直面自然景观。,在市中心核心写字楼工作，首选半小时核心通勤圈内。,倡导轻户外，周末常带家人自驾野营或山系徒步，注重生活情调与手作咖啡。,名下持有一套旧两居，置换回款 65% + 个人理财储蓄补充 + 公积金商业贷,重性价比，不盲信大牌，但要求物业管理有序、绿化修剪及时、人防技防规范。,每年11月至次年3月到此度过漫长冬季，极其依赖周边的康养及适老化服务。
青_2008_01413,青岛,2008,本地改善,51,男,3.3,22.8,0.4,42.8,5,1,否,B,agent,0.65,0.31,0.66,0.46,0.5,0.93,0.6,0.8,0.71,自住-改善,一室一厅,90,3065,市第二中学地理教师,三口之家(学龄段),青岛中环品质两居，车位及空间极其拥挤,小区无地下车库且人车不分流，小孩在楼下玩耍或者推婴儿车极为不安全。,讲究超高得房率（超85%），主卧套房必须配备独立步入式衣帽间与干湿分离双卫。,在市中心核心写字楼工作，首选半小时核心通勤圈内。,倡导轻户外，周末常带家人自驾野营或山系徒步，注重生活情调与手作咖啡。,名下持有一套旧两居，置换回款 65% + 个人理财储蓄补充 + 公积金商业贷,非仁恒、绿城、万科等金牌开发商不买，极度看重高端精装质量与顶级物业的增值口碑。,本地常住人口，四季生活规律，度假频次为常规年假出行。
青_2008_01414,青岛,2008,本地改善,44,男,1.2,10.3,0.4,19.3,5,1,是,B,agent,0.94,0.43,0.6,0.42,0.56,0.88,0.59,0.63,0.76,自住-改善,一室一厅,56,2183,市第二中学地理教师,三口之家(学龄段),青岛中环品质两居，车位及空间极其拥挤,小区无地下车库且人车不分流，小孩在楼下玩耍或者推婴儿车极为不安全。,讲究超高得房率（超85%），主卧套房必须配备独立步入式衣帽间与干湿分离双卫。,在市中心核心写字楼工作，首选半小时核心通勤圈内。,倡导轻户外，周末常带家人自驾野营或山系徒步，注重生活情调与手作咖啡。,名下持有一套旧两居，置换回款 65% + 个人理财储蓄补充 + 公积金商业贷,非仁恒、绿城、万科等金牌开发商不买，极度看重高端精装质量与顶级物业的增值口碑。,本地常住人口，四季生活规律，度假频次为常规年假出行。
青_2008_01415,青岛,2008,学区刚需,45,男,2.4,12.8,0.3,32.0,3,0,否,C,agent,0.83,0.52,0.36,0.3,0.35,0.84,0.54,1,0.49,学区房,一室一厅,83,2445,区财政局科员,成熟期核心家庭,与父母同住，三代人拥挤在旧区小户型老房中,老小区隔音差，邻里滋扰严重，且车位严重匮乏，每晚加班回来抢车位像打仗。,讲究超高得房率（超85%），主卧套房必须配备独立步入式衣帽间与干湿分离双卫。,在市中心核心写字楼工作，首选半小时核心通勤圈内。,爱猫狗，喜欢烹饪和插花，主打经济舒适的生活小确幸。,名下持有一套旧两居，置换回款 65% + 个人理财储蓄补充 + 公积金商业贷,重性价比，不盲信大牌，但要求物业管理有序、绿化修剪及时、人防技防规范。,本地常住人口，四季生活规律，度假频次为常规年假出行。
青_2008_01416,青岛,2008,山东省内异地,52,男,2.5,22.2,0.45,37.0,3,1,是,C,network,0.66,0.4,0.73,0.65,0.38,0.71,0,0.36,0.6,自住-改善,两室两厅,53,4103,国企车间技术主任,三口之家(学龄段),与父母同住，三代人拥挤在旧区小户型老房中,小区无地下车库且人车不分流，小孩在楼下玩耍或者推婴儿车极为不安全。,要求有超大面宽南向双阳台（观景家政分离），主卧大飘窗能270度直面自然景观。,在市中心核心写字楼工作，首选半小时核心通勤圈内。,爱猫狗，喜欢烹饪和插花，主打经济舒适的生活小确幸。,名下持有一套旧两居，置换回款 65% + 个人理财储蓄补充 + 公积金商业贷,重性价比，不盲信大牌，但要求物业管理有序、绿化修剪及时、人防技防规范。,本地常住人口，四季生活规律，度假频次为常规年假出行。
青_2008_01417,青岛,2008,本地改善,48,男,3.4,27.1,0.4,50.7,4,1,否,B,agent,0.94,0.46,0.66,0.58,0.46,0.83,0.66,0.7,0.62,自住-改善,两室两厅,99,3746,区财政局科员,三口之家(学龄段),青岛中环品质两居，车位及空间极其拥挤,小区无地下车库且人车不分流，小孩在楼下玩耍或者推婴儿车极为不安全。,讲究超高得房率（超85%），主卧套房必须配备独立步入式衣帽间与干湿分离双卫。,在市中心核心写字楼工作，首选半小时核心通勤圈内。,倡导轻户外，周末常带家人自驾野营或山系徒步，注重生活情调与手作咖啡。,名下持有一套旧两居，置换回款 65% + 个人理财储蓄补充 + 公积金商业贷,重性价比，不盲信大牌，但要求物业管理有序、绿化修剪及时、人防技防规范。,本地常住人口，四季生活规律，度假频次为常规年假出行。
青_2008_01418,青岛,2008,本地改善,52,男,1.5,13.9,0.4,26.1,5,2,否,B,agent,0.97,0.41,0.86,0.32,0.45,0.91,0.61,0.7,0.6,自住-改善,两室一厅,55,3598,区财政局科员,二胎黄金期中大户型,青岛中环品质两居，车位及空间极其拥挤,小区无地下车库且人车不分流，小孩在楼下玩耍或者推婴儿车极为不安全。,要求有超大面宽南向双阳台（观景家政分离），主卧大飘窗能270度直面自然景观。,在市中心核心写字楼工作，首选半小时核心通勤圈内。,倡导轻户外，周末常带家人自驾野营或山系徒步，注重生活情调与手作咖啡。,名下持有一套旧两居，置换回款 65% + 个人理财储蓄补充 + 公积金商业贷,重性价比，不盲信大牌，但要求物业管理有序、绿化修剪及时、人防技防规范。,本地常住人口，四季生活规律，度假频次为常规年假出行。
青_2008_01419,青岛,2008,本地改善,47,男,2.7,25.9,0.4,48.5,4,1,是,B,agent,0.97,0.45,0.6,0.57,0.51,0.83,0.74,0.48,0.54,自住-改善,两室两厅,73,3382,国企车间技术主任,三口之家(学龄段),青岛中环品质两居，车位及空间极其拥挤,小区无地下车库且人车不分流，小孩在楼下玩耍或者推婴儿车极为不安全。,讲究超高得房率（超85%），主卧套房必须配备独立步入式衣帽间与干湿分离双卫。,在市中心核心写字楼工作，首选半小时核心通勤圈内。,倡导轻户外，周末常带家人自驾野营或山系徒步，注重生活情调与手作咖啡。,名下持有一套旧两居，置换回款 65% + 个人理财储蓄补充 + 公积金商业贷,重性价比，不盲信大牌，但要求物业管理有序、绿化修剪及时、人防技防规范。,本地常住人口，四季生活规律，度假频次为常规年假出行。
青_2008_01420,青岛,2008,学区刚需,43,女,2.5,12.4,0.3,31.1,3,1,否,C,agent,1,0.37,0.48,0.43,0.33,0.78,0.53,0.87,0.46,学区房,一室一厅,84,3118,邮政局局长秘书,三口之家(学龄段),与父母同住，三代人拥挤在旧区小户型老房中,小区无地下车库且人车不分流，小孩在楼下玩耍或者推婴儿车极为不安全。,讲究超高得房率（超85%），主卧套房必须配备独立步入式衣帽间与干湿分离双卫。,在市中心核心写字楼工作，首选半小时核心通勤圈内。,爱猫狗，喜欢烹饪和插花，主打经济舒适的生活小确幸。,名下持有一套旧两居，置换回款 65% + 个人理财储蓄补充 + 公积金商业贷,重性价比，不盲信大牌，但要求物业管理有序、绿化修剪及时、人防技防规范。,本地常住人口，四季生活规律，度假频次为常规年假出行。
青_2008_01421,青岛,2008,山东省内异地,45,女,3.9,27.4,0.45,45.6,4,1,否,C,network,0.74,0.5,0.92,0.63,0.53,0.81,0.09,0.48,0.7,自住-首套,一室一厅,93,3102,邮政局局长秘书,三口之家(学龄段),与父母同住，三代人拥挤在旧区小户型老房中,小区无地下车库且人车不分流，小孩在楼下玩耍或者推婴儿车极为不安全。,要求有超大面宽南向双阳台（观景家政分离），主卧大飘窗能270度直面自然景观。,在市中心核心写字楼工作，首选半小时核心通勤圈内。,爱猫狗，喜欢烹饪和插花，主打经济舒适的生活小确幸。,夫妻双方积蓄 + 双方父母出资赞助首付 + 公积金商业组合贷款,重性价比，不盲信大牌，但要求物业管理有序、绿化修剪及时、人防技防规范。,本地常住人口，四季生活规律，度假频次为常规年假出行。
青_2008_01422,青岛,2008,山东省内异地,59,女,2.3,15.3,0.45,25.4,4,1,否,C,network,0.46,0.39,0.91,0.47,0.42,0.6,0,0.34,0.52,自住-改善,两室一厅,64,3553,国企车间技术主任,三口之家(学龄段),与父母同住，三代人拥挤在旧区小户型老房中,小区无地下车库且人车不分流，小孩在楼下玩耍或者推婴儿车极为不安全。,要求有超大面宽南向双阳台（观景家政分离），主卧大飘窗能270度直面自然景观。,在市中心核心写字楼工作，首选半小时核心通勤圈内。,爱猫狗，喜欢烹饪和插花，主打经济舒适的生活小确幸。,名下持有一套旧两居，置换回款 65% + 个人理财储蓄补充 + 公积金商业贷,重性价比，不盲信大牌，但要求物业管理有序、绿化修剪及时、人防技防规范。,本地常住人口，四季生活规律，度假频次为常规年假出行。
青_2008_01423,青岛,2008,本地改善,52,男,1.2,9.9,0.4,18.6,4,1,是,B,agent,0.86,0.61,0.75,0.62,0.42,0.86,0.63,0.6,0.49,自住-改善,一室一厅,69,2066,国企车间技术主任,三口之家(学龄段),青岛中环品质两居，车位及空间极其拥挤,小区无地下车库且人车不分流，小孩在楼下玩耍或者推婴儿车极为不安全。,要求有超大面宽南向双阳台（观景家政分离），主卧大飘窗能270度直面自然景观。,在市中心核心写字楼工作，首选半小时核心通勤圈内。,倡导轻户外，周末常带家人自驾野营或山系徒步，注重生活情调与手作咖啡。,名下持有一套旧两居，置换回款 65% + 个人理财储蓄补充 + 公积金商业贷,重性价比，不盲信大牌，但要求物业管理有序、绿化修剪及时、人防技防规范。,本地常住人口，四季生活规律，度假频次为常规年假出行。
青_2008_01424,青岛,2008,本地改善,48,女,2.1,15.4,0.4,28.9,4,1,否,B,agent,1,0.47,0.73,0.57,0.53,1,0.63,0.54,0.68,自住-改善,两室两厅,90,1743,区财政局科员,三口之家(学龄段),青岛中环品质两居，车位及空间极其拥挤,小区无地下车库且人车不分流，小孩在楼下玩耍或者推婴儿车极为不安全。,要求有超大面宽南向双阳台（观景家政分离），主卧大飘窗能270度直面自然景观。,在市中心核心写字楼工作，首选半小时核心通勤圈内。,倡导轻户外，周末常带家人自驾野营或山系徒步，注重生活情调与手作咖啡。,名下持有一套旧两居，置换回款 65% + 个人理财储蓄补充 + 公积金商业贷,重性价比，不盲信大牌，但要求物业管理有序、绿化修剪及时、人防技防规范。,本地常住人口，四季生活规律，度假频次为常规年假出行。
青_2008_01425,青岛,2008,高端海景收藏,57,男,9.1,119.4,0.6,149.3,2,0,否,A,network,0.46,0.26,0.95,0.99,0.67,0.55,0.09,0.02,0.87,度假,一室一厅,76,14804,高端海景资产收藏家,高知退休康养,陆家嘴核心区江景大平层,无高端私密会所及管家式物业配套，圈层鱼龙混杂，高净值居住体验差。,要求独立电梯入户，主次卧动线分明，配备独立保姆房和私密后院。,在市中心核心写字楼工作，首选半小时核心通勤圈内。,周末常去高端商圈消费，热衷打网球和马术，重度手冲咖啡及黑胶唱片发烧友。,名下已有企业股权套现或分红现金，一次性全款付清，基本不加杠杆,非仁恒、绿城、万科等金牌开发商不买，极度看重高端精装质量与顶级物业的增值口碑。,本地常住人口，四季生活规律，度假频次为常规年假出行。
青_2008_01426,青岛,2008,山东省内异地,52,男,2.5,16.8,0.45,28.0,2,1,否,C,network,0.45,0.64,0.86,0.58,0.45,0.64,0.08,0.43,0.59,自住-首套,一室一厅,61,2984,邮政局局长秘书,三口之家(学龄段),与父母同住，三代人拥挤在旧区小户型老房中,小区无地下车库且人车不分流，小孩在楼下玩耍或者推婴儿车极为不安全。,要求有超大面宽南向双阳台（观景家政分离），主卧大飘窗能270度直面自然景观。,在市中心核心写字楼工作，首选半小时核心通勤圈内。,爱猫狗，喜欢烹饪和插花，主打经济舒适的生活小确幸。,夫妻双方积蓄 + 双方父母出资赞助首付 + 公积金商业组合贷款,重性价比，不盲信大牌，但要求物业管理有序、绿化修剪及时、人防技防规范。,本地常住人口，四季生活规律，度假频次为常规年假出行。
青_2008_01427,青岛,2008,本地改善,43,女,2.1,15.7,0.4,29.4,3,1,是,B,agent,0.83,0.45,0.75,0.62,0.53,0.9,0.65,0.61,0.51,自住-改善,两室一厅,58,3748,邮政局局长秘书,三口之家(学龄段),青岛中环品质两居，车位及空间极其拥挤,小区无地下车库且人车不分流，小孩在楼下玩耍或者推婴儿车极为不安全。,要求有超大面宽南向双阳台（观景家政分离），主卧大飘窗能270度直面自然景观。,在市中心核心写字楼工作，首选半小时核心通勤圈内。,倡导轻户外，周末常带家人自驾野营或山系徒步，注重生活情调与手作咖啡。,名下持有一套旧两居，置换回款 65% + 个人理财储蓄补充 + 公积金商业贷,重性价比，不盲信大牌，但要求物业管理有序、绿化修剪及时、人防技防规范。,本地常住人口，四季生活规律，度假频次为常规年假出行。
青_2008_01428,青岛,2008,本地改善,45,女,1.4,13.7,0.4,25.8,4,1,否,B,agent,0.85,0.56,0.78,0.46,0.34,0.83,0.71,0.74,0.65,自住-改善,两室一厅,51,2636,区财政局科员,三口之家(学龄段),青岛中环品质两居，车位及空间极其拥挤,小区无地下车库且人车不分流，小孩在楼下玩耍或者推婴儿车极为不安全。,要求有超大面宽南向双阳台（观景家政分离），主卧大飘窗能270度直面自然景观。,在市中心核心写字楼工作，首选半小时核心通勤圈内。,倡导轻户外，周末常带家人自驾野营或山系徒步，注重生活情调与手作咖啡。,名下持有一套旧两居，置换回款 65% + 个人理财储蓄补充 + 公积金商业贷,重性价比，不盲信大牌，但要求物业管理有序、绿化修剪及时、人防技防规范。,本地常住人口，四季生活规律，度假频次为常规年假出行。
青_2008_01429,青岛,2008,本地改善,47,男,1.8,14.5,0.4,27.2,5,1,否,B,agent,0.85,0.4,0.68,0.52,0.53,0.81,0.69,0.75,0.62,自住-改善,两室两厅,78,2831,市第二中学地理教师,三口之家(学龄段),青岛中环品质两居，车位及空间极其拥挤,小区无地下车库且人车不分流，小孩在楼下玩耍或者推婴儿车极为不安全。,讲究超高得房率（超85%），主卧套房必须配备独立步入式衣帽间与干湿分离双卫。,在市中心核心写字楼工作，首选半小时核心通勤圈内。,倡导轻户外，周末常带家人自驾野营或山系徒步，注重生活情调与手作咖啡。,名下持有一套旧两居，置换回款 65% + 个人理财储蓄补充 + 公积金商业贷,重性价比，不盲信大牌，但要求物业管理有序、绿化修剪及时、人防技防规范。,本地常住人口，四季生活规律，度假频次为常规年假出行。
青_2008_01430,青岛,2008,本地改善,55,女,2.9,26.8,0.4,50.2,3,1,是,B,agent,0.85,0.48,0.66,0.62,0.62,0.8,0.61,0.71,0.45,自住-改善,一室一厅,58,7270,市第二中学地理教师,三口之家(学龄段),青岛中环品质两居，车位及空间极其拥挤,小区无地下车库且人车不分流，小孩在楼下玩耍或者推婴儿车极为不安全。,讲究超高得房率（超85%），主卧套房必须配备独立步入式衣帽间与干湿分离双卫。,在市中心核心写字楼工作，首选半小时核心通勤圈内。,倡导轻户外，周末常带家人自驾野营或山系徒步，注重生活情调与手作咖啡。,名下持有一套旧两居，置换回款 65% + 个人理财储蓄补充 + 公积金商业贷,重性价比，不盲信大牌，但要求物业管理有序、绿化修剪及时、人防技防规范。,本地常住人口，四季生活规律，度假频次为常规年假出行。
青_2008_01431,青岛,2008,本地改善,43,男,1.0,9.3,0.4,17.4,4,2,否,B,agent,0.92,0.38,0.79,0.51,0.45,0.78,0.55,0.57,0.61,自住-改善,两室一厅,96,1281,邮政局局长秘书,二胎黄金期中大户型,青岛中环品质两居，车位及空间极其拥挤,小区无地下车库且人车不分流，小孩在楼下玩耍或者推婴儿车极为不安全。,要求有超大面宽南向双阳台（观景家政分离），主卧大飘窗能270度直面自然景观。,在市中心核心写字楼工作，首选半小时核心通勤圈内。,倡导轻户外，周末常带家人自驾野营或山系徒步，注重生活情调与手作咖啡。,名下持有一套旧两居，置换回款 65% + 个人理财储蓄补充 + 公积金商业贷,重性价比，不盲信大牌，但要求物业管理有序、绿化修剪及时、人防技防规范。,本地常住人口，四季生活规律，度假频次为常规年假出行。
青_2008_01432,青岛,2008,山东省内异地,58,女,2.3,19.2,0.45,32.1,4,1,否,C,network,0.55,0.39,0.87,0.46,0.44,0.66,0,0.38,0.52,自住-改善,一室一厅,90,3151,区财政局科员,三口之家(学龄段),与父母同住，三代人拥挤在旧区小户型老房中,小区无地下车库且人车不分流，小孩在楼下玩耍或者推婴儿车极为不安全。,要求有超大面宽南向双阳台（观景家政分离），主卧大飘窗能270度直面自然景观。,在市中心核心写字楼工作，首选半小时核心通勤圈内。,爱猫狗，喜欢烹饪和插花，主打经济舒适的生活小确幸。,名下持有一套旧两居，置换回款 65% + 个人理财储蓄补充 + 公积金商业贷,重性价比，不盲信大牌，但要求物业管理有序、绿化修剪及时、人防技防规范。,本地常住人口，四季生活规律，度假频次为常规年假出行。
青_2008_01433,青岛,2008,本地改善,53,男,2.1,19.7,0.4,36.9,5,1,否,B,agent,0.81,0.58,0.7,0.4,0.42,0.78,0.59,0.87,0.7,自住-改善,两室一厅,91,2425,市第二中学地理教师,三口之家(学龄段),青岛中环品质两居，车位及空间极其拥挤,小区无地下车库且人车不分流，小孩在楼下玩耍或者推婴儿车极为不安全。,讲究超高得房率（超85%），主卧套房必须配备独立步入式衣帽间与干湿分离双卫。,在市中心核心写字楼工作，首选半小时核心通勤圈内。,倡导轻户外，周末常带家人自驾野营或山系徒步，注重生活情调与手作咖啡。,名下持有一套旧两居，置换回款 65% + 个人理财储蓄补充 + 公积金商业贷,重性价比，不盲信大牌，但要求物业管理有序、绿化修剪及时、人防技防规范。,本地常住人口，四季生活规律，度假频次为常规年假出行。
青_2008_01434,青岛,2008,山东省内异地,41,女,0.9,7.2,0.45,12.0,2,2,是,C,network,0.89,0.61,0.68,0.56,0.48,0.62,0.02,0.4,0.51,自住-改善,两室一厅,56,1426,市第二中学地理教师,二胎黄金期中大户型,与父母同住，三代人拥挤在旧区小户型老房中,小区无地下车库且人车不分流，小孩在楼下玩耍或者推婴儿车极为不安全。,要求采光通透，全明户型，带多功能嵌入式收纳墙以最大化空间利用。,在市中心核心写字楼工作，首选半小时核心通勤圈内。,爱猫狗，喜欢烹饪和插花，主打经济舒适的生活小确幸。,名下持有一套旧两居，置换回款 65% + 个人理财储蓄补充 + 公积金商业贷,重性价比，不盲信大牌，但要求物业管理有序、绿化修剪及时、人防技防规范。,本地常住人口，四季生活规律，度假频次为常规年假出行。
青_2008_01435,青岛,2008,本地改善,41,女,1.7,15.4,0.4,28.9,4,1,否,B,agent,0.38,0.43,0.68,0.37,0.54,0.78,0.69,0.63,0.7,自住-改善,两室两厅,90,2391,区财政局科员,三口之家(学龄段),青岛中环品质两居，车位及空间极其拥挤,小区无地下车库且人车不分流，小孩在楼下玩耍或者推婴儿车极为不安全。,讲究超高得房率（超85%），主卧套房必须配备独立步入式衣帽间与干湿分离双卫。,在市中心核心写字楼工作，首选半小时核心通勤圈内。,倡导轻户外，周末常带家人自驾野营或山系徒步，注重生活情调与手作咖啡。,名下持有一套旧两居，置换回款 65% + 个人理财储蓄补充 + 公积金商业贷,非仁恒、绿城、万科等金牌开发商不买，极度看重高端精装质量与顶级物业的增值口碑。,本地常住人口，四季生活规律，度假频次为常规年假出行。
青_2008_01436,青岛,2008,学区刚需,33,男,2.6,15.3,0.3,38.2,2,1,否,C,agent,1,0.48,0.49,0.26,0.48,0.71,0.54,0.88,0.51,学区房,两室两厅,52,5598,市第二中学地理教师,三口之家(幼龄段),与父母同住，三代人拥挤在旧区小户型老房中,小区无地下车库且人车不分流，小孩在楼下玩耍或者推婴儿车极为不安全。,讲究超高得房率（超85%），主卧套房必须配备独立步入式衣帽间与干湿分离双卫。,在市中心核心写字楼工作，首选半小时核心通勤圈内。,爱猫狗，喜欢烹饪和插花，主打经济舒适的生活小确幸。,名下持有一套旧两居，置换回款 65% + 个人理财储蓄补充 + 公积金商业贷,重性价比，不盲信大牌，但要求物业管理有序、绿化修剪及时、人防技防规范。,本地常住人口，四季生活规律，度假频次为常规年假出行。
青_2008_01437,青岛,2008,本地改善,46,男,2.1,16.7,0.4,31.3,4,1,是,B,agent,0.68,0.62,0.77,0.51,0.53,0.98,0.52,0.66,0.61,自住-改善,一室一厅,77,2497,区财政局科员,三口之家(学龄段),青岛中环品质两居，车位及空间极其拥挤,小区无地下车库且人车不分流，小孩在楼下玩耍或者推婴儿车极为不安全。,要求有超大面宽南向双阳台（观景家政分离），主卧大飘窗能270度直面自然景观。,在市中心核心写字楼工作，首选半小时核心通勤圈内。,倡导轻户外，周末常带家人自驾野营或山系徒步，注重生活情调与手作咖啡。,名下持有一套旧两居，置换回款 65% + 个人理财储蓄补充 + 公积金商业贷,重性价比，不盲信大牌，但要求物业管理有序、绿化修剪及时、人防技防规范。,本地常住人口，四季生活规律，度假频次为常规年假出行。
青_2008_01438,青岛,2008,本地改善,50,男,2.4,14.2,0.4,26.6,4,1,否,B,agent,0.9,0.49,0.77,0.42,0.53,0.81,0.52,0.58,0.49,自住-改善,一室一厅,90,2122,国企车间技术主任,三口之家(学龄段),青岛中环品质两居，车位及空间极其拥挤,小区无地下车库且人车不分流，小孩在楼下玩耍或者推婴儿车极为不安全。,要求有超大面宽南向双阳台（观景家政分离），主卧大飘窗能270度直面自然景观。,在市中心核心写字楼工作，首选半小时核心通勤圈内。,倡导轻户外，周末常带家人自驾野营或山系徒步，注重生活情调与手作咖啡。,名下持有一套旧两居，置换回款 65% + 个人理财储蓄补充 + 公积金商业贷,重性价比，不盲信大牌，但要求物业管理有序、绿化修剪及时、人防技防规范。,本地常住人口，四季生活规律，度假频次为常规年假出行。
青_2008_01439,青岛,2008,本地改善,45,男,2.6,21.3,0.4,40.0,4,0,是,B,agent,0.53,0.44,0.69,0.7,0.61,0.84,0.59,0.67,0.5,自住-改善,两室一厅,65,4397,邮政局局长秘书,成熟期核心家庭,青岛中环品质两居，车位及空间极其拥挤,当前房屋属于旧多层无电梯房，父母年纪渐高每天爬楼梯极为吃力。,要求独立电梯入户，主次卧动线分明，配备独立保姆房和私密后院。,在市中心核心写字楼工作，首选半小时核心通勤圈内。,倡导轻户外，周末常带家人自驾野营或山系徒步，注重生活情调与手作咖啡。,名下持有一套旧两居，置换回款 65% + 个人理财储蓄补充 + 公积金商业贷,重性价比，不盲信大牌，但要求物业管理有序、绿化修剪及时、人防技防规范。,本地常住人口，四季生活规律，度假频次为常规年假出行。
青_2008_01440,青岛,2008,本地改善,45,男,3.1,28.3,0.4,53.0,4,1,是,B,agent,0.53,0.54,0.89,0.54,0.38,0.91,0.56,0.71,0.49,自住-改善,一室一厅,68,6316,邮政局局长秘书,三口之家(学龄段),青岛中环品质两居，车位及空间极其拥挤,小区无地下车库且人车不分流，小孩在楼下玩耍或者推婴儿车极为不安全。,要求有超大面宽南向双阳台（观景家政分离），主卧大飘窗能270度直面自然景观。,在市中心核心写字楼工作，首选半小时核心通勤圈内。,倡导轻户外，周末常带家人自驾野营或山系徒步，注重生活情调与手作咖啡。,名下持有一套旧两居，置换回款 65% + 个人理财储蓄补充 + 公积金商业贷,重性价比，不盲信大牌，但要求物业管理有序、绿化修剪及时、人防技防规范。,本地常住人口，四季生活规律，度假频次为常规年假出行。
青_2008_01441,青岛,2008,北方度假投资,55,男,4.8,47.6,0.5,71.5,2,0,否,B,research,0.61,0.5,0.99,0.57,0.44,0.42,0,0,0.68,投资-短期,一室一厅,85,6364,上市公司退休联合创始人,高知退休康养,青岛中环品质两居，车位及空间极其拥挤,老小区隔音差，邻里滋扰严重，且车位严重匮乏，每晚加班回来抢车位像打仗。,要求有超大面宽南向双阳台（观景家政分离），主卧大飘窗能270度直面自然景观。,在市中心核心写字楼工作，首选半小时核心通勤圈内。,倡导轻户外，周末常带家人自驾野营或山系徒步，注重生活情调与手作咖啡。,名下持有一套旧两居，置换回款 65% + 个人理财储蓄补充 + 公积金商业贷,重性价比，不盲信大牌，但要求物业管理有序、绿化修剪及时、人防技防规范。,每年11月至次年3月到此度过漫长冬季，极其依赖周边的康养及适老化服务。
青_2008_01442,青岛,2008,本地改善,39,女,0.9,9.6,0.4,18.0,4,1,是,B,agent,0.99,0.52,0.76,0.44,0.51,0.82,0.51,0.77,0.46,自住-改善,两室两厅,58,2371,市第二中学地理教师,三口之家(学龄段),青岛中环品质两居，车位及空间极其拥挤,小区无地下车库且人车不分流，小孩在楼下玩耍或者推婴儿车极为不安全。,要求有超大面宽南向双阳台（观景家政分离），主卧大飘窗能270度直面自然景观。,在市中心核心写字楼工作，首选半小时核心通勤圈内。,倡导轻户外，周末常带家人自驾野营或山系徒步，注重生活情调与手作咖啡。,名下持有一套旧两居，置换回款 65% + 个人理财储蓄补充 + 公积金商业贷,重性价比，不盲信大牌，但要求物业管理有序、绿化修剪及时、人防技防规范。,本地常住人口，四季生活规律，度假频次为常规年假出行。
青_2008_01443,青岛,2008,本地改善,40,女,2.1,21.9,0.4,41.1,5,0,是,B,agent,0.93,0.42,0.69,0.4,0.6,0.69,0.66,0.71,0.42,自住-改善,两室一厅,83,3288,邮政局局长秘书,成熟期核心家庭,青岛中环品质两居，车位及空间极其拥挤,当前房屋属于旧多层无电梯房，父母年纪渐高每天爬楼梯极为吃力。,核心要求地块属于第一梯队名校学区，且周边500米内解决幼小衔接教育配套。,在市中心核心写字楼工作，首选半小时核心通勤圈内。,倡导轻户外，周末常带家人自驾野营或山系徒步，注重生活情调与手作咖啡。,名下持有一套旧两居，置换回款 65% + 个人理财储蓄补充 + 公积金商业贷,重性价比，不盲信大牌，但要求物业管理有序、绿化修剪及时、人防技防规范。,本地常住人口，四季生活规律，度假频次为常规年假出行。
青_2008_01444,青岛,2008,本地改善,47,女,1.8,13.0,0.4,24.4,5,1,是,B,agent,0.83,0.39,0.74,0.55,0.49,1,0.75,0.69,0.51,自住-改善,两室一厅,52,2728,国企车间技术主任,三口之家(学龄段),青岛中环品质两居，车位及空间极其拥挤,小区无地下车库且人车不分流，小孩在楼下玩耍或者推婴儿车极为不安全。,要求有超大面宽南向双阳台（观景家政分离），主卧大飘窗能270度直面自然景观。,在市中心核心写字楼工作，首选半小时核心通勤圈内。,倡导轻户外，周末常带家人自驾野营或山系徒步，注重生活情调与手作咖啡。,名下持有一套旧两居，置换回款 65% + 个人理财储蓄补充 + 公积金商业贷,重性价比，不盲信大牌，但要求物业管理有序、绿化修剪及时、人防技防规范。,本地常住人口，四季生活规律，度假频次为常规年假出行。
青_2008_01445,青岛,2008,学区刚需,36,男,1.9,9.1,0.3,22.8,4,1,否,C,agent,0.99,0.62,0.4,0.47,0.33,0.81,0.69,0.86,0.5,学区房,一室一厅,53,2747,邮政局局长秘书,三口之家(幼龄段),与父母同住，三代人拥挤在旧区小户型老房中,小区无地下车库且人车不分流，小孩在楼下玩耍或者推婴儿车极为不安全。,讲究超高得房率（超85%），主卧套房必须配备独立步入式衣帽间与干湿分离双卫。,在市中心核心写字楼工作，首选半小时核心通勤圈内。,爱猫狗，喜欢烹饪和插花，主打经济舒适的生活小确幸。,名下持有一套旧两居，置换回款 65% + 个人理财储蓄补充 + 公积金商业贷,重性价比，不盲信大牌，但要求物业管理有序、绿化修剪及时、人防技防规范。,本地常住人口，四季生活规律，度假频次为常规年假出行。
青_2008_01446,青岛,2008,山东省内异地,60,女,2.8,26.6,0.45,44.4,3,2,是,C,network,0.45,0.66,0.72,0.6,0.63,0.75,0.18,0.34,0.71,自住-改善,一室一厅,62,3615,国企车间技术主任,二胎黄金期中大户型,与父母同住，三代人拥挤在旧区小户型老房中,小区无地下车库且人车不分流，小孩在楼下玩耍或者推婴儿车极为不安全。,要求有超大面宽南向双阳台（观景家政分离），主卧大飘窗能270度直面自然景观。,在市中心核心写字楼工作，首选半小时核心通勤圈内。,爱猫狗，喜欢烹饪和插花，主打经济舒适的生活小确幸。,名下持有一套旧两居，置换回款 65% + 个人理财储蓄补充 + 公积金商业贷,非仁恒、绿城、万科等金牌开发商不买，极度看重高端精装质量与顶级物业的增值口碑。,本地常住人口，四季生活规律，度假频次为常规年假出行。
青_2008_01447,青岛,2008,北方度假投资,53,男,3.9,27.7,0.5,41.5,2,0,否,B,research,0.63,0.49,1,0.47,0.43,0.53,0,0.0,0.67,度假,两室两厅,82,4401,知名中医药连锁投资人,成熟期核心家庭,青岛中环品质两居，车位及空间极其拥挤,老小区隔音差，邻里滋扰严重，且车位严重匮乏，每晚加班回来抢车位像打仗。,要求有超大面宽南向双阳台（观景家政分离），主卧大飘窗能270度直面自然景观。,在市中心核心写字楼工作，首选半小时核心通勤圈内。,倡导轻户外，周末常带家人自驾野营或山系徒步，注重生活情调与手作咖啡。,名下持有一套旧两居，置换回款 65% + 个人理财储蓄补充 + 公积金商业贷,重性价比，不盲信大牌，但要求物业管理有序、绿化修剪及时、人防技防规范。,每年11月至次年3月到此度过漫长冬季，极其依赖周边的康养及适老化服务。
青_2008_01448,青岛,2008,本地改善,52,女,1.7,16.3,0.4,30.5,4,1,否,B,agent,0.75,0.42,0.82,0.58,0.4,0.7,0.56,0.71,0.46,自住-改善,一室一厅,53,4513,邮政局局长秘书,三口之家(学龄段),青岛中环品质两居，车位及空间极其拥挤,小区无地下车库且人车不分流，小孩在楼下玩耍或者推婴儿车极为不安全。,要求有超大面宽南向双阳台（观景家政分离），主卧大飘窗能270度直面自然景观。,在市中心核心写字楼工作，首选半小时核心通勤圈内。,倡导轻户外，周末常带家人自驾野营或山系徒步，注重生活情调与手作咖啡。,名下持有一套旧两居，置换回款 65% + 个人理财储蓄补充 + 公积金商业贷,重性价比，不盲信大牌，但要求物业管理有序、绿化修剪及时、人防技防规范。,本地常住人口，四季生活规律，度假频次为常规年假出行。
青_2008_01449,青岛,2008,高端海景收藏,53,男,5.2,44.8,0.6,56.0,2,1,否,A,network,0.54,0.31,0.93,0.79,0.88,0.62,0.03,0,0.93,投资-短期,一室一厅,87,3987,上市公司退休联合创始人,三口之家(学龄段),西湖边高精平层,无高端私密会所及管家式物业配套，圈层鱼龙混杂，高净值居住体验差。,要求独立电梯入户，主次卧动线分明，配备独立保姆房和私密后院。,在市中心核心写字楼工作，首选半小时核心通勤圈内。,周末常去高端商圈消费，热衷打网球和马术，重度手冲咖啡及黑胶唱片发烧友。,名下已有企业股权套现或分红现金，一次性全款付清，基本不加杠杆,非仁恒、绿城、万科等金牌开发商不买，极度看重高端精装质量与顶级物业的增值口碑。,本地常住人口，四季生活规律，度假频次为常规年假出行。
青_2008_01450,青岛,2008,高端海景收藏,52,男,4.3,61.3,0.6,76.6,1,1,否,A,network,0.65,0.45,0.99,0.73,0.73,0.64,0,0.03,0.77,投资-短期,两室两厅,54,11931,知名中医药连锁投资人,三口之家(学龄段),市中心私密洋房住宅,无高端私密会所及管家式物业配套，圈层鱼龙混杂，高净值居住体验差。,要求独立电梯入户，主次卧动线分明，配备独立保姆房和私密后院。,在市中心核心写字楼工作，首选半小时核心通勤圈内。,周末常去高端商圈消费，热衷打网球和马术，重度手冲咖啡及黑胶唱片发烧友。,名下已有企业股权套现或分红现金，一次性全款付清，基本不加杠杆,非仁恒、绿城、万科等金牌开发商不买，极度看重高端精装质量与顶级物业的增值口碑。,本地常住人口，四季生活规律，度假频次为常规年假出行。
青_2008_01451,青岛,2008,山东省内异地,57,男,2.0,14.9,0.45,24.9,4,1,否,C,network,0.66,0.5,0.9,0.46,0.45,0.71,0,0.32,0.46,自住-改善,两室一厅,83,2515,区财政局科员,三口之家(学龄段),与父母同住，三代人拥挤在旧区小户型老房中,小区无地下车库且人车不分流，小孩在楼下玩耍或者推婴儿车极为不安全。,要求有超大面宽南向双阳台（观景家政分离），主卧大飘窗能270度直面自然景观。,在市中心核心写字楼工作，首选半小时核心通勤圈内。,爱猫狗，喜欢烹饪和插花，主打经济舒适的生活小确幸。,名下持有一套旧两居，置换回款 65% + 个人理财储蓄补充 + 公积金商业贷,重性价比，不盲信大牌，但要求物业管理有序、绿化修剪及时、人防技防规范。,本地常住人口，四季生活规律，度假频次为常规年假出行。
青_2008_01452,青岛,2008,山东省内异地,59,女,1.8,13.9,0.45,23.2,3,1,是,C,network,0.73,0.5,0.84,0.56,0.6,0.73,0,0.47,0.55,自住-首套,两室两厅,96,1747,区财政局科员,三口之家(学龄段),与父母同住，三代人拥挤在旧区小户型老房中,小区无地下车库且人车不分流，小孩在楼下玩耍或者推婴儿车极为不安全。,要求有超大面宽南向双阳台（观景家政分离），主卧大飘窗能270度直面自然景观。,在市中心核心写字楼工作，首选半小时核心通勤圈内。,爱猫狗，喜欢烹饪和插花，主打经济舒适的生活小确幸。,夫妻双方积蓄 + 双方父母出资赞助首付 + 公积金商业组合贷款,重性价比，不盲信大牌，但要求物业管理有序、绿化修剪及时、人防技防规范。,本地常住人口，四季生活规律，度假频次为常规年假出行。
青_2008_01453,青岛,2008,本地改善,40,男,1.7,10.3,0.4,19.3,4,1,否,B,agent,0.67,0.49,0.74,0.54,0.52,0.91,0.58,0.82,0.44,自住-改善,两室两厅,68,1773,区财政局科员,三口之家(学龄段),青岛中环品质两居，车位及空间极其拥挤,小区无地下车库且人车不分流，小孩在楼下玩耍或者推婴儿车极为不安全。,要求有超大面宽南向双阳台（观景家政分离），主卧大飘窗能270度直面自然景观。,在市中心核心写字楼工作，首选半小时核心通勤圈内。,倡导轻户外，周末常带家人自驾野营或山系徒步，注重生活情调与手作咖啡。,名下持有一套旧两居，置换回款 65% + 个人理财储蓄补充 + 公积金商业贷,重性价比，不盲信大牌，但要求物业管理有序、绿化修剪及时、人防技防规范。,本地常住人口，四季生活规律，度假频次为常规年假出行。
青_2008_01454,青岛,2008,本地改善,36,男,2.9,18.5,0.4,34.8,5,0,否,B,agent,0.69,0.46,0.77,0.46,0.53,0.89,0.54,0.85,0.64,自住-改善,两室一厅,91,2805,市第二中学地理教师,成熟期核心家庭,青岛中环品质两居，车位及空间极其拥挤,老小区隔音差，邻里滋扰严重，且车位严重匮乏，每晚加班回来抢车位像打仗。,要求有超大面宽南向双阳台（观景家政分离），主卧大飘窗能270度直面自然景观。,在市中心核心写字楼工作，首选半小时核心通勤圈内。,倡导轻户外，周末常带家人自驾野营或山系徒步，注重生活情调与手作咖啡。,名下持有一套旧两居，置换回款 65% + 个人理财储蓄补充 + 公积金商业贷,重性价比，不盲信大牌，但要求物业管理有序、绿化修剪及时、人防技防规范。,本地常住人口，四季生活规律，度假频次为常规年假出行。
青_2008_01455,青岛,2008,本地改善,36,女,1.8,17.0,0.4,32.0,3,1,否,B,agent,0.62,0.51,0.66,0.48,0.64,0.97,0.65,0.64,0.55,自住-改善,两室一厅,72,3139,国企车间技术主任,三口之家(幼龄段),青岛中环品质两居，车位及空间极其拥挤,小区无地下车库且人车不分流，小孩在楼下玩耍或者推婴儿车极为不安全。,讲究超高得房率（超85%），主卧套房必须配备独立步入式衣帽间与干湿分离双卫。,在市中心核心写字楼工作，首选半小时核心通勤圈内。,倡导轻户外，周末常带家人自驾野营或山系徒步，注重生活情调与手作咖啡。,名下持有一套旧两居，置换回款 65% + 个人理财储蓄补充 + 公积金商业贷,重性价比，不盲信大牌，但要求物业管理有序、绿化修剪及时、人防技防规范。,本地常住人口，四季生活规律，度假频次为常规年假出行。
青_2008_01456,青岛,2008,北方度假投资,60,女,5.1,44.3,0.5,66.5,2,0,否,B,research,0.71,0.55,0.85,0.53,0.49,0.55,0,0,0.7,投资-长持,两室一厅,92,4584,上市公司退休联合创始人,高知退休康养,青岛中环品质两居，车位及空间极其拥挤,老小区隔音差，邻里滋扰严重，且车位严重匮乏，每晚加班回来抢车位像打仗。,要求有超大面宽南向双阳台（观景家政分离），主卧大飘窗能270度直面自然景观。,在市中心核心写字楼工作，首选半小时核心通勤圈内。,倡导轻户外，周末常带家人自驾野营或山系徒步，注重生活情调与手作咖啡。,名下持有一套旧两居，置换回款 65% + 个人理财储蓄补充 + 公积金商业贷,重性价比，不盲信大牌，但要求物业管理有序、绿化修剪及时、人防技防规范。,每年11月至次年3月到此度过漫长冬季，极其依赖周边的康养及适老化服务。
青_2008_01457,青岛,2008,学区刚需,42,男,1.2,5.8,0.3,14.5,4,0,否,C,agent,1,0.56,0.47,0.21,0.44,0.74,0.51,1,0.43,学区房,两室两厅,89,1166,国企车间技术主任,成熟期核心家庭,与父母同住，三代人拥挤在旧区小户型老房中,老小区隔音差，邻里滋扰严重，且车位严重匮乏，每晚加班回来抢车位像打仗。,讲究超高得房率（超85%），主卧套房必须配备独立步入式衣帽间与干湿分离双卫。,在市中心核心写字楼工作，首选半小时核心通勤圈内。,爱猫狗，喜欢烹饪和插花，主打经济舒适的生活小确幸。,名下持有一套旧两居，置换回款 65% + 个人理财储蓄补充 + 公积金商业贷,重性价比，不盲信大牌，但要求物业管理有序、绿化修剪及时、人防技防规范。,本地常住人口，四季生活规律，度假频次为常规年假出行。
青_2008_01458,青岛,2008,北方度假投资,50,男,2.8,34.8,0.5,52.2,1,0,否,B,research,0.83,0.51,0.97,0.73,0.5,0.44,0.1,0.02,0.65,投资-短期,两室一厅,62,7052,上市公司退休联合创始人,成熟期核心家庭,青岛中环品质两居，车位及空间极其拥挤,老小区隔音差，邻里滋扰严重，且车位严重匮乏，每晚加班回来抢车位像打仗。,要求独立电梯入户，主次卧动线分明，配备独立保姆房和私密后院。,在市中心核心写字楼工作，首选半小时核心通勤圈内。,倡导轻户外，周末常带家人自驾野营或山系徒步，注重生活情调与手作咖啡。,名下持有一套旧两居，置换回款 65% + 个人理财储蓄补充 + 公积金商业贷,重性价比，不盲信大牌，但要求物业管理有序、绿化修剪及时、人防技防规范。,每年11月至次年3月到此度过漫长冬季，极其依赖周边的康养及适老化服务。
青_2008_01459,青岛,2008,学区刚需,44,男,1.4,6.1,0.3,15.2,3,1,是,C,agent,0.85,0.55,0.34,0.39,0.6,0.66,0.41,0.84,0.41,学区房,两室两厅,89,1446,邮政局局长秘书,三口之家(学龄段),与父母同住，三代人拥挤在旧区小户型老房中,小区无地下车库且人车不分流，小孩在楼下玩耍或者推婴儿车极为不安全。,核心要求地块属于第一梯队名校学区，且周边500米内解决幼小衔接教育配套。,在市中心核心写字楼工作，首选半小时核心通勤圈内。,爱猫狗，喜欢烹饪和插花，主打经济舒适的生活小确幸。,名下持有一套旧两居，置换回款 65% + 个人理财储蓄补充 + 公积金商业贷,重性价比，不盲信大牌，但要求物业管理有序、绿化修剪及时、人防技防规范。,本地常住人口，四季生活规律，度假频次为常规年假出行。
青_2008_01460,青岛,2008,学区刚需,38,男,1.6,11.7,0.3,29.2,3,1,是,C,agent,0.9,0.52,0.29,0.32,0.47,0.83,0.55,1,0.61,学区房,两室一厅,75,2726,市第二中学地理教师,三口之家(学龄段),与父母同住，三代人拥挤在旧区小户型老房中,小区无地下车库且人车不分流，小孩在楼下玩耍或者推婴儿车极为不安全。,讲究超高得房率（超85%），主卧套房必须配备独立步入式衣帽间与干湿分离双卫。,在市中心核心写字楼工作，首选半小时核心通勤圈内。,爱猫狗，喜欢烹饪和插花，主打经济舒适的生活小确幸。,名下持有一套旧两居，置换回款 65% + 个人理财储蓄补充 + 公积金商业贷,重性价比，不盲信大牌，但要求物业管理有序、绿化修剪及时、人防技防规范。,本地常住人口，四季生活规律，度假频次为常规年假出行。
青_2008_01461,青岛,2008,北方度假投资,62,男,4.6,41.3,0.5,62.0,2,0,否,B,research,1,0.57,0.94,0.5,0.49,0.5,0,0,0.74,度假,一室一厅,91,6037,高端海景资产收藏家,高知退休康养,青岛中环品质两居，车位及空间极其拥挤,老小区隔音差，邻里滋扰严重，且车位严重匮乏，每晚加班回来抢车位像打仗。,要求有超大面宽南向双阳台（观景家政分离），主卧大飘窗能270度直面自然景观。,在市中心核心写字楼工作，首选半小时核心通勤圈内。,倡导轻户外，周末常带家人自驾野营或山系徒步，注重生活情调与手作咖啡。,名下持有一套旧两居，置换回款 65% + 个人理财储蓄补充 + 公积金商业贷,非仁恒、绿城、万科等金牌开发商不买，极度看重高端精装质量与顶级物业的增值口碑。,每年11月至次年3月到此度过漫长冬季，极其依赖周边的康养及适老化服务。
青_2008_01462,青岛,2008,本地改善,48,男,3.7,34.8,0.4,65.3,4,1,否,B,agent,0.54,0.52,0.84,0.54,0.44,0.85,0.61,0.64,0.53,自住-改善,一室一厅,61,6904,国企车间技术主任,三口之家(学龄段),青岛中环品质两居，车位及空间极其拥挤,小区无地下车库且人车不分流，小孩在楼下玩耍或者推婴儿车极为不安全。,要求有超大面宽南向双阳台（观景家政分离），主卧大飘窗能270度直面自然景观。,在市中心核心写字楼工作，首选半小时核心通勤圈内。,倡导轻户外，周末常带家人自驾野营或山系徒步，注重生活情调与手作咖啡。,名下持有一套旧两居，置换回款 65% + 个人理财储蓄补充 + 公积金商业贷,重性价比，不盲信大牌，但要求物业管理有序、绿化修剪及时、人防技防规范。,本地常住人口，四季生活规律，度假频次为常规年假出行。
青_2008_01463,青岛,2008,学区刚需,30,男,2.2,13.0,0.3,32.6,3,2,是,C,agent,1,0.46,0.37,0.3,0.4,0.74,0.65,0.87,0.43,学区房,两室一厅,56,3713,国企车间技术主任,二胎黄金期中大户型,与父母同住，三代人拥挤在旧区小户型老房中,小区无地下车库且人车不分流，小孩在楼下玩耍或者推婴儿车极为不安全。,讲究超高得房率（超85%），主卧套房必须配备独立步入式衣帽间与干湿分离双卫。,在市中心核心写字楼工作，首选半小时核心通勤圈内。,爱猫狗，喜欢烹饪和插花，主打经济舒适的生活小确幸。,名下持有一套旧两居，置换回款 65% + 个人理财储蓄补充 + 公积金商业贷,重性价比，不盲信大牌，但要求物业管理有序、绿化修剪及时、人防技防规范。,本地常住人口，四季生活规律，度假频次为常规年假出行。
青_2008_01464,青岛,2008,本地改善,55,男,2.8,28.0,0.4,52.5,4,1,否,B,agent,0.77,0.46,0.62,0.56,0.64,0.84,0.51,0.59,0.49,自住-改善,两室两厅,85,3586,邮政局局长秘书,三口之家(学龄段),青岛中环品质两居，车位及空间极其拥挤,小区无地下车库且人车不分流，小孩在楼下玩耍或者推婴儿车极为不安全。,讲究超高得房率（超85%），主卧套房必须配备独立步入式衣帽间与干湿分离双卫。,在市中心核心写字楼工作，首选半小时核心通勤圈内。,倡导轻户外，周末常带家人自驾野营或山系徒步，注重生活情调与手作咖啡。,名下持有一套旧两居，置换回款 65% + 个人理财储蓄补充 + 公积金商业贷,重性价比，不盲信大牌，但要求物业管理有序、绿化修剪及时、人防技防规范。,本地常住人口，四季生活规律，度假频次为常规年假出行。
青_2008_01465,青岛,2008,山东省内异地,44,女,0.9,9.2,0.45,15.3,1,1,否,C,network,0.67,0.66,0.87,0.53,0.54,0.97,0,0.36,0.54,自住-改善,一室一厅,69,1909,国企车间技术主任,三口之家(学龄段),与父母同住，三代人拥挤在旧区小户型老房中,小区无地下车库且人车不分流，小孩在楼下玩耍或者推婴儿车极为不安全。,要求有超大面宽南向双阳台（观景家政分离），主卧大飘窗能270度直面自然景观。,在市中心核心写字楼工作，首选半小时核心通勤圈内。,爱猫狗，喜欢烹饪和插花，主打经济舒适的生活小确幸。,名下持有一套旧两居，置换回款 65% + 个人理财储蓄补充 + 公积金商业贷,重性价比，不盲信大牌，但要求物业管理有序、绿化修剪及时、人防技防规范。,本地常住人口，四季生活规律，度假频次为常规年假出行。
青_2008_01466,青岛,2008,本地改善,39,女,2.4,23.4,0.4,43.9,4,1,否,B,agent,0.8,0.41,0.77,0.59,0.58,0.84,0.61,0.47,0.55,自住-改善,两室一厅,76,3799,邮政局局长秘书,三口之家(学龄段),青岛中环品质两居，车位及空间极其拥挤,小区无地下车库且人车不分流，小孩在楼下玩耍或者推婴儿车极为不安全。,要求有超大面宽南向双阳台（观景家政分离），主卧大飘窗能270度直面自然景观。,在市中心核心写字楼工作，首选半小时核心通勤圈内。,倡导轻户外，周末常带家人自驾野营或山系徒步，注重生活情调与手作咖啡。,名下持有一套旧两居，置换回款 65% + 个人理财储蓄补充 + 公积金商业贷,重性价比，不盲信大牌，但要求物业管理有序、绿化修剪及时、人防技防规范。,本地常住人口，四季生活规律，度假频次为常规年假出行。
青_2008_01467,青岛,2008,本地改善,35,女,1.8,13.5,0.4,25.3,5,0,否,B,agent,0.87,0.42,0.75,0.47,0.37,0.79,0.67,0.51,0.62,自住-改善,两室两厅,85,1526,区财政局科员,新婚过渡两居,青岛中环品质两居，车位及空间极其拥挤,老小区隔音差，邻里滋扰严重，且车位严重匮乏，每晚加班回来抢车位像打仗。,要求有超大面宽南向双阳台（观景家政分离），主卧大飘窗能270度直面自然景观。,在市中心核心写字楼工作，首选半小时核心通勤圈内。,倡导轻户外，周末常带家人自驾野营或山系徒步，注重生活情调与手作咖啡。,名下持有一套旧两居，置换回款 65% + 个人理财储蓄补充 + 公积金商业贷,重性价比，不盲信大牌，但要求物业管理有序、绿化修剪及时、人防技防规范。,本地常住人口，四季生活规律，度假频次为常规年假出行。
青_2008_01468,青岛,2008,学区刚需,42,男,2.4,16.8,0.3,42.1,5,1,是,C,agent,1,0.64,0.44,0.39,0.4,0.79,0.5,0.93,0.42,学区房,一室一厅,64,4439,市第二中学地理教师,三口之家(学龄段),与父母同住，三代人拥挤在旧区小户型老房中,小区无地下车库且人车不分流，小孩在楼下玩耍或者推婴儿车极为不安全。,讲究超高得房率（超85%），主卧套房必须配备独立步入式衣帽间与干湿分离双卫。,在市中心核心写字楼工作，首选半小时核心通勤圈内。,爱猫狗，喜欢烹饪和插花，主打经济舒适的生活小确幸。,名下持有一套旧两居，置换回款 65% + 个人理财储蓄补充 + 公积金商业贷,重性价比，不盲信大牌，但要求物业管理有序、绿化修剪及时、人防技防规范。,本地常住人口，四季生活规律，度假频次为常规年假出行。
青_2008_01469,青岛,2008,本地改善,53,女,3.1,27.3,0.4,51.1,3,1,是,B,agent,0.91,0.62,0.87,0.5,0.46,0.94,0.41,0.81,0.5,自住-改善,两室一厅,67,5862,区财政局科员,三口之家(学龄段),青岛中环品质两居，车位及空间极其拥挤,小区无地下车库且人车不分流，小孩在楼下玩耍或者推婴儿车极为不安全。,要求有超大面宽南向双阳台（观景家政分离），主卧大飘窗能270度直面自然景观。,在市中心核心写字楼工作，首选半小时核心通勤圈内。,倡导轻户外，周末常带家人自驾野营或山系徒步，注重生活情调与手作咖啡。,名下持有一套旧两居，置换回款 65% + 个人理财储蓄补充 + 公积金商业贷,重性价比，不盲信大牌，但要求物业管理有序、绿化修剪及时、人防技防规范。,本地常住人口，四季生活规律，度假频次为常规年假出行。
青_2008_01470,青岛,2008,本地改善,35,男,1.6,14.9,0.4,28.0,4,1,否,B,agent,0.74,0.5,0.73,0.5,0.41,0.79,0.59,0.71,0.52,自住-改善,两室一厅,63,2382,国企车间技术主任,三口之家(幼龄段),青岛中环品质两居，车位及空间极其拥挤,小区无地下车库且人车不分流，小孩在楼下玩耍或者推婴儿车极为不安全。,要求有超大面宽南向双阳台（观景家政分离），主卧大飘窗能270度直面自然景观。,在市中心核心写字楼工作，首选半小时核心通勤圈内。,倡导轻户外，周末常带家人自驾野营或山系徒步，注重生活情调与手作咖啡。,名下持有一套旧两居，置换回款 65% + 个人理财储蓄补充 + 公积金商业贷,重性价比，不盲信大牌，但要求物业管理有序、绿化修剪及时、人防技防规范。,本地常住人口，四季生活规律，度假频次为常规年假出行。
青_2008_01471,青岛,2008,山东省内异地,48,女,2.7,25.8,0.45,43.1,3,1,是,C,network,0.8,0.41,0.87,0.45,0.46,0.7,0.02,0.38,0.46,自住-改善,一室一厅,91,4100,国企车间技术主任,三口之家(学龄段),与父母同住，三代人拥挤在旧区小户型老房中,小区无地下车库且人车不分流，小孩在楼下玩耍或者推婴儿车极为不安全。,要求有超大面宽南向双阳台（观景家政分离），主卧大飘窗能270度直面自然景观。,在市中心核心写字楼工作，首选半小时核心通勤圈内。,爱猫狗，喜欢烹饪和插花，主打经济舒适的生活小确幸。,名下持有一套旧两居，置换回款 65% + 个人理财储蓄补充 + 公积金商业贷,重性价比，不盲信大牌，但要求物业管理有序、绿化修剪及时、人防技防规范。,本地常住人口，四季生活规律，度假频次为常规年假出行。
青_2008_01472,青岛,2008,山东省内异地,47,男,3.4,21.4,0.45,35.7,2,1,是,C,network,0.62,0.56,0.81,0.52,0.29,0.64,0.0,0.43,0.58,自住-首套,一室一厅,81,3141,市第二中学地理教师,三口之家(学龄段),与父母同住，三代人拥挤在旧区小户型老房中,小区无地下车库且人车不分流，小孩在楼下玩耍或者推婴儿车极为不安全。,要求有超大面宽南向双阳台（观景家政分离），主卧大飘窗能270度直面自然景观。,在市中心核心写字楼工作，首选半小时核心通勤圈内。,爱猫狗，喜欢烹饪和插花，主打经济舒适的生活小确幸。,夫妻双方积蓄 + 双方父母出资赞助首付 + 公积金商业组合贷款,重性价比，不盲信大牌，但要求物业管理有序、绿化修剪及时、人防技防规范。,本地常住人口，四季生活规律，度假频次为常规年假出行。
青_2008_01473,青岛,2008,山东省内异地,52,男,2.9,29.4,0.45,49.0,3,2,否,C,network,0.76,0.54,0.84,0.62,0.53,0.78,0.08,0.48,0.58,自住-改善,两室一厅,64,5962,市第二中学地理教师,二胎黄金期中大户型,与父母同住，三代人拥挤在旧区小户型老房中,小区无地下车库且人车不分流，小孩在楼下玩耍或者推婴儿车极为不安全。,要求有超大面宽南向双阳台（观景家政分离），主卧大飘窗能270度直面自然景观。,在市中心核心写字楼工作，首选半小时核心通勤圈内。,爱猫狗，喜欢烹饪和插花，主打经济舒适的生活小确幸。,名下持有一套旧两居，置换回款 65% + 个人理财储蓄补充 + 公积金商业贷,重性价比，不盲信大牌，但要求物业管理有序、绿化修剪及时、人防技防规范。,本地常住人口，四季生活规律，度假频次为常规年假出行。
青_2008_01474,青岛,2008,本地改善,37,男,3.3,33.0,0.4,61.8,4,1,否,B,agent,0.71,0.46,0.64,0.53,0.49,0.86,0.52,0.81,0.62,自住-改善,两室两厅,79,6535,市第二中学地理教师,三口之家(幼龄段),青岛中环品质两居，车位及空间极其拥挤,小区无地下车库且人车不分流，小孩在楼下玩耍或者推婴儿车极为不安全。,讲究超高得房率（超85%），主卧套房必须配备独立步入式衣帽间与干湿分离双卫。,在市中心核心写字楼工作，首选半小时核心通勤圈内。,倡导轻户外，周末常带家人自驾野营或山系徒步，注重生活情调与手作咖啡。,名下持有一套旧两居，置换回款 65% + 个人理财储蓄补充 + 公积金商业贷,重性价比，不盲信大牌，但要求物业管理有序、绿化修剪及时、人防技防规范。,本地常住人口，四季生活规律，度假频次为常规年假出行。
青_2008_01475,青岛,2008,北方度假投资,56,男,2.6,24.9,0.5,37.4,2,0,否,B,research,0.81,0.55,0.86,0.63,0.48,0.63,0.06,0.21,0.67,投资-短期,两室两厅,66,3855,知名中医药连锁投资人,高知退休康养,青岛中环品质两居，车位及空间极其拥挤,老小区隔音差，邻里滋扰严重，且车位严重匮乏，每晚加班回来抢车位像打仗。,要求有超大面宽南向双阳台（观景家政分离），主卧大飘窗能270度直面自然景观。,在市中心核心写字楼工作，首选半小时核心通勤圈内。,倡导轻户外，周末常带家人自驾野营或山系徒步，注重生活情调与手作咖啡。,名下持有一套旧两居，置换回款 65% + 个人理财储蓄补充 + 公积金商业贷,重性价比，不盲信大牌，但要求物业管理有序、绿化修剪及时、人防技防规范。,每年11月至次年3月到此度过漫长冬季，极其依赖周边的康养及适老化服务。
青_2008_01476,青岛,2008,学区刚需,30,女,1.5,6.9,0.3,17.2,2,1,否,C,agent,1,0.49,0.34,0.29,0.41,0.7,0.52,0.93,0.39,学区房,两室一厅,53,2831,邮政局局长秘书,三口之家(幼龄段),与父母同住，三代人拥挤在旧区小户型老房中,小区无地下车库且人车不分流，小孩在楼下玩耍或者推婴儿车极为不安全。,核心要求地块属于第一梯队名校学区，且周边500米内解决幼小衔接教育配套。,在市中心核心写字楼工作，首选半小时核心通勤圈内。,爱猫狗，喜欢烹饪和插花，主打经济舒适的生活小确幸。,名下持有一套旧两居，置换回款 65% + 个人理财储蓄补充 + 公积金商业贷,重性价比，不盲信大牌，但要求物业管理有序、绿化修剪及时、人防技防规范。,本地常住人口，四季生活规律，度假频次为常规年假出行。
青_2008_01477,青岛,2008,北方度假投资,50,男,5.0,58.7,0.5,88.0,3,0,否,B,research,0.66,0.55,0.97,0.64,0.49,0.44,0.03,0,0.75,投资-短期,两室一厅,89,8678,高端海景资产收藏家,成熟期核心家庭,青岛中环品质两居，车位及空间极其拥挤,老小区隔音差，邻里滋扰严重，且车位严重匮乏，每晚加班回来抢车位像打仗。,要求有超大面宽南向双阳台（观景家政分离），主卧大飘窗能270度直面自然景观。,在市中心核心写字楼工作，首选半小时核心通勤圈内。,倡导轻户外，周末常带家人自驾野营或山系徒步，注重生活情调与手作咖啡。,名下持有一套旧两居，置换回款 65% + 个人理财储蓄补充 + 公积金商业贷,非仁恒、绿城、万科等金牌开发商不买，极度看重高端精装质量与顶级物业的增值口碑。,每年11月至次年3月到此度过漫长冬季，极其依赖周边的康养及适老化服务。
青_2008_01478,青岛,2008,山东省内异地,50,女,1.7,17.4,0.45,29.0,4,1,否,C,network,0.66,0.59,0.94,0.55,0.58,0.75,0.07,0.42,0.53,自住-改善,两室一厅,91,2564,区财政局科员,三口之家(学龄段),与父母同住，三代人拥挤在旧区小户型老房中,小区无地下车库且人车不分流，小孩在楼下玩耍或者推婴儿车极为不安全。,要求有超大面宽南向双阳台（观景家政分离），主卧大飘窗能270度直面自然景观。,在市中心核心写字楼工作，首选半小时核心通勤圈内。,爱猫狗，喜欢烹饪和插花，主打经济舒适的生活小确幸。,名下持有一套旧两居，置换回款 65% + 个人理财储蓄补充 + 公积金商业贷,重性价比，不盲信大牌，但要求物业管理有序、绿化修剪及时、人防技防规范。,本地常住人口，四季生活规律，度假频次为常规年假出行。
青_2008_01479,青岛,2008,本地改善,41,女,3.0,23.4,0.4,43.9,4,0,否,B,agent,0.63,0.52,0.79,0.45,0.48,0.83,0.77,0.62,0.54,自住-改善,两室一厅,84,3816,邮政局局长秘书,成熟期核心家庭,青岛中环品质两居，车位及空间极其拥挤,老小区隔音差，邻里滋扰严重，且车位严重匮乏，每晚加班回来抢车位像打仗。,要求有超大面宽南向双阳台（观景家政分离），主卧大飘窗能270度直面自然景观。,在市中心核心写字楼工作，首选半小时核心通勤圈内。,倡导轻户外，周末常带家人自驾野营或山系徒步，注重生活情调与手作咖啡。,名下持有一套旧两居，置换回款 65% + 个人理财储蓄补充 + 公积金商业贷,重性价比，不盲信大牌，但要求物业管理有序、绿化修剪及时、人防技防规范。,本地常住人口，四季生活规律，度假频次为常规年假出行。
青_2008_01480,青岛,2008,本地改善,46,女,1.8,14.1,0.4,26.5,3,1,否,B,agent,0.89,0.51,0.69,0.47,0.5,0.78,0.63,0.85,0.53,自住-改善,一室一厅,52,2562,邮政局局长秘书,三口之家(学龄段),青岛中环品质两居，车位及空间极其拥挤,小区无地下车库且人车不分流，小孩在楼下玩耍或者推婴儿车极为不安全。,讲究超高得房率（超85%），主卧套房必须配备独立步入式衣帽间与干湿分离双卫。,在市中心核心写字楼工作，首选半小时核心通勤圈内。,倡导轻户外，周末常带家人自驾野营或山系徒步，注重生活情调与手作咖啡。,名下持有一套旧两居，置换回款 65% + 个人理财储蓄补充 + 公积金商业贷,重性价比，不盲信大牌，但要求物业管理有序、绿化修剪及时、人防技防规范。,本地常住人口，四季生活规律，度假频次为常规年假出行。
青_2008_01481,青岛,2008,本地改善,50,男,1.2,12.2,0.4,22.9,4,1,否,B,agent,0.71,0.55,0.52,0.57,0.57,0.79,0.58,0.85,0.59,自住-改善,一室一厅,85,1476,市第二中学地理教师,三口之家(学龄段),青岛中环品质两居，车位及空间极其拥挤,小区无地下车库且人车不分流，小孩在楼下玩耍或者推婴儿车极为不安全。,讲究超高得房率（超85%），主卧套房必须配备独立步入式衣帽间与干湿分离双卫。,在市中心核心写字楼工作，首选半小时核心通勤圈内。,倡导轻户外，周末常带家人自驾野营或山系徒步，注重生活情调与手作咖啡。,名下持有一套旧两居，置换回款 65% + 个人理财储蓄补充 + 公积金商业贷,重性价比，不盲信大牌，但要求物业管理有序、绿化修剪及时、人防技防规范。,本地常住人口，四季生活规律，度假频次为常规年假出行。
青_2008_01482,青岛,2008,本地改善,44,男,2.0,18.9,0.4,35.5,4,0,否,B,agent,0.95,0.54,0.79,0.45,0.56,0.74,0.63,0.7,0.47,自住-改善,两室一厅,85,2820,国企车间技术主任,成熟期核心家庭,青岛中环品质两居，车位及空间极其拥挤,老小区隔音差，邻里滋扰严重，且车位严重匮乏，每晚加班回来抢车位像打仗。,要求有超大面宽南向双阳台（观景家政分离），主卧大飘窗能270度直面自然景观。,在市中心核心写字楼工作，首选半小时核心通勤圈内。,倡导轻户外，周末常带家人自驾野营或山系徒步，注重生活情调与手作咖啡。,名下持有一套旧两居，置换回款 65% + 个人理财储蓄补充 + 公积金商业贷,重性价比，不盲信大牌，但要求物业管理有序、绿化修剪及时、人防技防规范。,本地常住人口，四季生活规律，度假频次为常规年假出行。
青_2008_01483,青岛,2008,本地改善,48,男,3.0,26.6,0.4,50.0,5,2,否,B,agent,0.66,0.31,0.9,0.45,0.62,0.72,0.64,0.67,0.63,自住-改善,两室两厅,97,4302,市第二中学地理教师,二胎黄金期中大户型,青岛中环品质两居，车位及空间极其拥挤,小区无地下车库且人车不分流，小孩在楼下玩耍或者推婴儿车极为不安全。,要求有超大面宽南向双阳台（观景家政分离），主卧大飘窗能270度直面自然景观。,在市中心核心写字楼工作，首选半小时核心通勤圈内。,倡导轻户外，周末常带家人自驾野营或山系徒步，注重生活情调与手作咖啡。,名下持有一套旧两居，置换回款 65% + 个人理财储蓄补充 + 公积金商业贷,重性价比，不盲信大牌，但要求物业管理有序、绿化修剪及时、人防技防规范。,本地常住人口，四季生活规律，度假频次为常规年假出行。
青_2008_01484,青岛,2008,本地改善,41,男,1.0,7.7,0.4,14.4,4,0,否,B,agent,0.49,0.47,0.66,0.49,0.53,0.84,0.74,0.76,0.53,自住-改善,一室一厅,83,1195,国企车间技术主任,成熟期核心家庭,青岛中环品质两居，车位及空间极其拥挤,老小区隔音差，邻里滋扰严重，且车位严重匮乏，每晚加班回来抢车位像打仗。,讲究超高得房率（超85%），主卧套房必须配备独立步入式衣帽间与干湿分离双卫。,在市中心核心写字楼工作，首选半小时核心通勤圈内。,倡导轻户外，周末常带家人自驾野营或山系徒步，注重生活情调与手作咖啡。,名下持有一套旧两居，置换回款 65% + 个人理财储蓄补充 + 公积金商业贷,重性价比，不盲信大牌，但要求物业管理有序、绿化修剪及时、人防技防规范。,本地常住人口，四季生活规律，度假频次为常规年假出行。
青_2008_01485,青岛,2008,高端海景收藏,52,男,13.3,115.5,0.6,144.3,1,0,否,A,network,0.67,0.41,0.98,0.84,0.82,0.48,0,0.01,0.83,度假,两室两厅,53,23801,知名中医药连锁投资人,成熟期核心家庭,陆家嘴核心区江景大平层,无高端私密会所及管家式物业配套，圈层鱼龙混杂，高净值居住体验差。,要求独立电梯入户，主次卧动线分明，配备独立保姆房和私密后院。,在市中心核心写字楼工作，首选半小时核心通勤圈内。,周末常去高端商圈消费，热衷打网球和马术，重度手冲咖啡及黑胶唱片发烧友。,名下已有企业股权套现或分红现金，一次性全款付清，基本不加杠杆,非仁恒、绿城、万科等金牌开发商不买，极度看重高端精装质量与顶级物业的增值口碑。,本地常住人口，四季生活规律，度假频次为常规年假出行。
青_2008_01486,青岛,2008,山东省内异地,60,女,4.0,36.3,0.45,60.5,4,1,是,C,network,0.58,0.5,0.82,0.37,0.54,0.67,0,0.37,0.66,自住-首套,两室两厅,88,4174,区财政局科员,三口之家(学龄段),与父母同住，三代人拥挤在旧区小户型老房中,小区无地下车库且人车不分流，小孩在楼下玩耍或者推婴儿车极为不安全。,要求有超大面宽南向双阳台（观景家政分离），主卧大飘窗能270度直面自然景观。,在市中心核心写字楼工作，首选半小时核心通勤圈内。,爱猫狗，喜欢烹饪和插花，主打经济舒适的生活小确幸。,夫妻双方积蓄 + 双方父母出资赞助首付 + 公积金商业组合贷款,重性价比，不盲信大牌，但要求物业管理有序、绿化修剪及时、人防技防规范。,本地常住人口，四季生活规律，度假频次为常规年假出行。
青_2008_01487,青岛,2008,本地改善,35,女,1.2,8.7,0.4,16.3,4,1,是,B,agent,0.93,0.69,0.76,0.39,0.53,0.86,0.48,0.67,0.55,自住-改善,一室一厅,57,2144,国企车间技术主任,三口之家(幼龄段),青岛中环品质两居，车位及空间极其拥挤,小区无地下车库且人车不分流，小孩在楼下玩耍或者推婴儿车极为不安全。,要求有超大面宽南向双阳台（观景家政分离），主卧大飘窗能270度直面自然景观。,在市中心核心写字楼工作，首选半小时核心通勤圈内。,倡导轻户外，周末常带家人自驾野营或山系徒步，注重生活情调与手作咖啡。,名下持有一套旧两居，置换回款 65% + 个人理财储蓄补充 + 公积金商业贷,重性价比，不盲信大牌，但要求物业管理有序、绿化修剪及时、人防技防规范。,本地常住人口，四季生活规律，度假频次为常规年假出行。
青_2008_01488,青岛,2008,本地改善,51,男,1.8,11.0,0.4,20.6,4,1,是,B,agent,0.73,0.49,0.82,0.34,0.41,0.78,0.66,0.65,0.49,自住-改善,两室一厅,69,2171,国企车间技术主任,三口之家(学龄段),青岛中环品质两居，车位及空间极其拥挤,小区无地下车库且人车不分流，小孩在楼下玩耍或者推婴儿车极为不安全。,要求有超大面宽南向双阳台（观景家政分离），主卧大飘窗能270度直面自然景观。,在市中心核心写字楼工作，首选半小时核心通勤圈内。,倡导轻户外，周末常带家人自驾野营或山系徒步，注重生活情调与手作咖啡。,名下持有一套旧两居，置换回款 65% + 个人理财储蓄补充 + 公积金商业贷,重性价比，不盲信大牌，但要求物业管理有序、绿化修剪及时、人防技防规范。,本地常住人口，四季生活规律，度假频次为常规年假出行。
青_2008_01489,青岛,2008,本地改善,50,女,2.7,23.9,0.4,44.8,4,1,否,B,agent,0.83,0.45,0.77,0.59,0.5,0.86,0.65,0.75,0.61,自住-改善,一室一厅,80,4971,区财政局科员,三口之家(学龄段),青岛中环品质两居，车位及空间极其拥挤,小区无地下车库且人车不分流，小孩在楼下玩耍或者推婴儿车极为不安全。,要求有超大面宽南向双阳台（观景家政分离），主卧大飘窗能270度直面自然景观。,在市中心核心写字楼工作，首选半小时核心通勤圈内。,倡导轻户外，周末常带家人自驾野营或山系徒步，注重生活情调与手作咖啡。,名下持有一套旧两居，置换回款 65% + 个人理财储蓄补充 + 公积金商业贷,重性价比，不盲信大牌，但要求物业管理有序、绿化修剪及时、人防技防规范。,本地常住人口，四季生活规律，度假频次为常规年假出行。
青_2008_01490,青岛,2008,本地改善,38,女,1.6,13.6,0.4,25.6,3,0,否,B,agent,0.72,0.58,0.76,0.68,0.49,0.9,0.72,0.81,0.56,自住-改善,两室一厅,61,2766,市第二中学地理教师,成熟期核心家庭,青岛中环品质两居，车位及空间极其拥挤,老小区隔音差，邻里滋扰严重，且车位严重匮乏，每晚加班回来抢车位像打仗。,要求有超大面宽南向双阳台（观景家政分离），主卧大飘窗能270度直面自然景观。,在市中心核心写字楼工作，首选半小时核心通勤圈内。,倡导轻户外，周末常带家人自驾野营或山系徒步，注重生活情调与手作咖啡。,名下持有一套旧两居，置换回款 65% + 个人理财储蓄补充 + 公积金商业贷,重性价比，不盲信大牌，但要求物业管理有序、绿化修剪及时、人防技防规范。,本地常住人口，四季生活规律，度假频次为常规年假出行。
青_2008_01491,青岛,2008,本地改善,40,女,2.0,12.2,0.4,22.9,3,2,否,B,agent,0.82,0.38,0.73,0.56,0.53,0.88,0.53,0.63,0.62,自住-改善,一室一厅,65,1875,国企车间技术主任,二胎黄金期中大户型,青岛中环品质两居，车位及空间极其拥挤,小区无地下车库且人车不分流，小孩在楼下玩耍或者推婴儿车极为不安全。,要求有超大面宽南向双阳台（观景家政分离），主卧大飘窗能270度直面自然景观。,在市中心核心写字楼工作，首选半小时核心通勤圈内。,倡导轻户外，周末常带家人自驾野营或山系徒步，注重生活情调与手作咖啡。,名下持有一套旧两居，置换回款 65% + 个人理财储蓄补充 + 公积金商业贷,重性价比，不盲信大牌，但要求物业管理有序、绿化修剪及时、人防技防规范。,本地常住人口，四季生活规律，度假频次为常规年假出行。
青_2008_01492,青岛,2008,本地改善,47,女,1.1,9.9,0.4,18.5,4,1,否,B,agent,0.45,0.54,0.8,0.58,0.5,0.87,0.55,0.78,0.52,自住-改善,两室两厅,73,1825,国企车间技术主任,三口之家(学龄段),青岛中环品质两居，车位及空间极其拥挤,小区无地下车库且人车不分流，小孩在楼下玩耍或者推婴儿车极为不安全。,要求有超大面宽南向双阳台（观景家政分离），主卧大飘窗能270度直面自然景观。,在市中心核心写字楼工作，首选半小时核心通勤圈内。,倡导轻户外，周末常带家人自驾野营或山系徒步，注重生活情调与手作咖啡。,名下持有一套旧两居，置换回款 65% + 个人理财储蓄补充 + 公积金商业贷,重性价比，不盲信大牌，但要求物业管理有序、绿化修剪及时、人防技防规范。,本地常住人口，四季生活规律，度假频次为常规年假出行。
青_2008_01493,青岛,2008,学区刚需,35,男,2.0,8.9,0.3,22.3,3,2,否,C,agent,0.69,0.6,0.37,0.33,0.27,0.76,0.52,0.99,0.36,学区房,一室一厅,81,1494,市第二中学地理教师,二胎黄金期中大户型,与父母同住，三代人拥挤在旧区小户型老房中,小区无地下车库且人车不分流，小孩在楼下玩耍或者推婴儿车极为不安全。,讲究超高得房率（超85%），主卧套房必须配备独立步入式衣帽间与干湿分离双卫。,在市中心核心写字楼工作，首选半小时核心通勤圈内。,爱猫狗，喜欢烹饪和插花，主打经济舒适的生活小确幸。,名下持有一套旧两居，置换回款 65% + 个人理财储蓄补充 + 公积金商业贷,重性价比，不盲信大牌，但要求物业管理有序、绿化修剪及时、人防技防规范。,本地常住人口，四季生活规律，度假频次为常规年假出行。
青_2008_01494,青岛,2008,山东省内异地,51,女,4.8,27.9,0.45,46.5,2,0,否,C,network,0.9,0.57,0.84,0.47,0.55,0.54,0,0.43,0.6,自住-改善,一室一厅,50,7375,国企车间技术主任,成熟期核心家庭,与父母同住，三代人拥挤在旧区小户型老房中,老小区隔音差，邻里滋扰严重，且车位严重匮乏，每晚加班回来抢车位像打仗。,要求有超大面宽南向双阳台（观景家政分离），主卧大飘窗能270度直面自然景观。,在市中心核心写字楼工作，首选半小时核心通勤圈内。,爱猫狗，喜欢烹饪和插花，主打经济舒适的生活小确幸。,名下持有一套旧两居，置换回款 65% + 个人理财储蓄补充 + 公积金商业贷,重性价比，不盲信大牌，但要求物业管理有序、绿化修剪及时、人防技防规范。,本地常住人口，四季生活规律，度假频次为常规年假出行。
青_2008_01495,青岛,2008,学区刚需,40,男,1.3,5.8,0.3,14.6,3,1,否,C,agent,0.68,0.41,0.46,0.24,0.45,0.99,0.48,0.82,0.4,学区房,一室一厅,100,1287,邮政局局长秘书,三口之家(学龄段),与父母同住，三代人拥挤在旧区小户型老房中,小区无地下车库且人车不分流，小孩在楼下玩耍或者推婴儿车极为不安全。,讲究超高得房率（超85%），主卧套房必须配备独立步入式衣帽间与干湿分离双卫。,在市中心核心写字楼工作，首选半小时核心通勤圈内。,爱猫狗，喜欢烹饪和插花，主打经济舒适的生活小确幸。,名下持有一套旧两居，置换回款 65% + 个人理财储蓄补充 + 公积金商业贷,重性价比，不盲信大牌，但要求物业管理有序、绿化修剪及时、人防技防规范。,本地常住人口，四季生活规律，度假频次为常规年假出行。
青_2008_01496,青岛,2008,本地改善,44,男,2.5,14.9,0.4,28.0,5,1,是,B,agent,0.79,0.51,0.77,0.4,0.58,0.92,0.69,0.71,0.63,自住-改善,两室一厅,77,2993,国企车间技术主任,三口之家(学龄段),青岛中环品质两居，车位及空间极其拥挤,小区无地下车库且人车不分流，小孩在楼下玩耍或者推婴儿车极为不安全。,要求有超大面宽南向双阳台（观景家政分离），主卧大飘窗能270度直面自然景观。,在市中心核心写字楼工作，首选半小时核心通勤圈内。,倡导轻户外，周末常带家人自驾野营或山系徒步，注重生活情调与手作咖啡。,名下持有一套旧两居，置换回款 65% + 个人理财储蓄补充 + 公积金商业贷,重性价比，不盲信大牌，但要求物业管理有序、绿化修剪及时、人防技防规范。,本地常住人口，四季生活规律，度假频次为常规年假出行。
青_2008_01497,青岛,2008,山东省内异地,47,男,3.4,27.9,0.45,46.5,2,1,是,C,network,0.66,0.58,0.85,0.58,0.51,0.67,0,0.45,0.63,自住-改善,两室两厅,92,2926,市第二中学地理教师,三口之家(学龄段),与父母同住，三代人拥挤在旧区小户型老房中,小区无地下车库且人车不分流，小孩在楼下玩耍或者推婴儿车极为不安全。,要求有超大面宽南向双阳台（观景家政分离），主卧大飘窗能270度直面自然景观。,在市中心核心写字楼工作，首选半小时核心通勤圈内。,爱猫狗，喜欢烹饪和插花，主打经济舒适的生活小确幸。,名下持有一套旧两居，置换回款 65% + 个人理财储蓄补充 + 公积金商业贷,重性价比，不盲信大牌，但要求物业管理有序、绿化修剪及时、人防技防规范。,本地常住人口，四季生活规律，度假频次为常规年假出行。
青_2008_01498,青岛,2008,本地改善,54,男,2.0,12.8,0.4,24.0,4,1,否,B,agent,0.72,0.58,0.77,0.5,0.7,0.85,0.51,0.67,0.59,自住-改善,一室一厅,84,2546,国企车间技术主任,三口之家(学龄段),青岛中环品质两居，车位及空间极其拥挤,小区无地下车库且人车不分流，小孩在楼下玩耍或者推婴儿车极为不安全。,要求有超大面宽南向双阳台（观景家政分离），主卧大飘窗能270度直面自然景观。,在市中心核心写字楼工作，首选半小时核心通勤圈内。,倡导轻户外，周末常带家人自驾野营或山系徒步，注重生活情调与手作咖啡。,名下持有一套旧两居，置换回款 65% + 个人理财储蓄补充 + 公积金商业贷,重性价比，不盲信大牌，但要求物业管理有序、绿化修剪及时、人防技防规范。,本地常住人口，四季生活规律，度假频次为常规年假出行。
青_2008_01499,青岛,2008,山东省内异地,43,男,3.3,30.0,0.45,50.1,3,1,否,C,network,0.59,0.68,0.83,0.64,0.52,0.64,0.04,0.35,0.53,自住-改善,两室一厅,55,8119,邮政局局长秘书,三口之家(学龄段),与父母同住，三代人拥挤在旧区小户型老房中,小区无地下车库且人车不分流，小孩在楼下玩耍或者推婴儿车极为不安全。,要求有超大面宽南向双阳台（观景家政分离），主卧大飘窗能270度直面自然景观。,在市中心核心写字楼工作，首选半小时核心通勤圈内。,爱猫狗，喜欢烹饪和插花，主打经济舒适的生活小确幸。,名下持有一套旧两居，置换回款 65% + 个人理财储蓄补充 + 公积金商业贷,重性价比，不盲信大牌，但要求物业管理有序、绿化修剪及时、人防技防规范。,本地常住人口，四季生活规律，度假频次为常规年假出行。
青_2008_01500,青岛,2008,学区刚需,35,女,2.9,13.5,0.3,33.9,3,0,是,C,agent,0.8,0.66,0.35,0.36,0.24,0.66,0.65,1,0.42,学区房,一室一厅,78,3801,区财政局科员,新婚过渡两居,与父母同住，三代人拥挤在旧区小户型老房中,当前房屋属于旧多层无电梯房，父母年纪渐高每天爬楼梯极为吃力。,核心要求地块属于第一梯队名校学区，且周边500米内解决幼小衔接教育配套。,在市中心核心写字楼工作，首选半小时核心通勤圈内。,爱猫狗，喜欢烹饪和插花，主打经济舒适的生活小确幸。,名下持有一套旧两居，置换回款 65% + 个人理财储蓄补充 + 公积金商业贷,重性价比，不盲信大牌，但要求物业管理有序、绿化修剪及时、人防技防规范。,本地常住人口，四季生活规律，度假频次为常规年假出行。
青_2008_01501,青岛,2008,学区刚需,42,女,2.0,11.3,0.3,28.1,3,1,是,C,agent,0.87,0.59,0.33,0.36,0.43,0.64,0.56,1,0.51,学区房,两室一厅,62,2696,国企车间技术主任,三口之家(学龄段),与父母同住，三代人拥挤在旧区小户型老房中,小区无地下车库且人车不分流，小孩在楼下玩耍或者推婴儿车极为不安全。,核心要求地块属于第一梯队名校学区，且周边500米内解决幼小衔接教育配套。,在市中心核心写字楼工作，首选半小时核心通勤圈内。,爱猫狗，喜欢烹饪和插花，主打经济舒适的生活小确幸。,名下持有一套旧两居，置换回款 65% + 个人理财储蓄补充 + 公积金商业贷,重性价比，不盲信大牌，但要求物业管理有序、绿化修剪及时、人防技防规范。,本地常住人口，四季生活规律，度假频次为常规年假出行。
青_2008_01502,青岛,2008,本地改善,45,女,2.5,22.5,0.4,42.1,4,1,是,B,agent,0.85,0.41,0.73,0.5,0.36,0.77,0.53,0.6,0.58,自住-改善,两室一厅,82,3134,国企车间技术主任,三口之家(学龄段),青岛中环品质两居，车位及空间极其拥挤,小区无地下车库且人车不分流，小孩在楼下玩耍或者推婴儿车极为不安全。,要求有超大面宽南向双阳台（观景家政分离），主卧大飘窗能270度直面自然景观。,在市中心核心写字楼工作，首选半小时核心通勤圈内。,倡导轻户外，周末常带家人自驾野营或山系徒步，注重生活情调与手作咖啡。,名下持有一套旧两居，置换回款 65% + 个人理财储蓄补充 + 公积金商业贷,重性价比，不盲信大牌，但要求物业管理有序、绿化修剪及时、人防技防规范。,本地常住人口，四季生活规律，度假频次为常规年假出行。
青_2008_01503,青岛,2008,山东省内异地,49,男,2.4,20.0,0.45,33.3,3,1,否,C,network,0.61,0.56,0.84,0.55,0.64,0.66,0.01,0.45,0.55,自住-改善,一室一厅,73,2934,国企车间技术主任,三口之家(学龄段),与父母同住，三代人拥挤在旧区小户型老房中,小区无地下车库且人车不分流，小孩在楼下玩耍或者推婴儿车极为不安全。,要求有超大面宽南向双阳台（观景家政分离），主卧大飘窗能270度直面自然景观。,在市中心核心写字楼工作，首选半小时核心通勤圈内。,爱猫狗，喜欢烹饪和插花，主打经济舒适的生活小确幸。,名下持有一套旧两居，置换回款 65% + 个人理财储蓄补充 + 公积金商业贷,重性价比，不盲信大牌，但要求物业管理有序、绿化修剪及时、人防技防规范。,本地常住人口，四季生活规律，度假频次为常规年假出行。
青_2008_01504,青岛,2008,山东省内异地,45,男,1.7,15.6,0.45,26.0,3,1,否,C,network,0.74,0.64,0.88,0.63,0.5,0.59,0.2,0.42,0.54,自住-首套,两室两厅,63,3401,国企车间技术主任,三口之家(学龄段),与父母同住，三代人拥挤在旧区小户型老房中,小区无地下车库且人车不分流，小孩在楼下玩耍或者推婴儿车极为不安全。,要求有超大面宽南向双阳台（观景家政分离），主卧大飘窗能270度直面自然景观。,在市中心核心写字楼工作，首选半小时核心通勤圈内。,爱猫狗，喜欢烹饪和插花，主打经济舒适的生活小确幸。,夫妻双方积蓄 + 双方父母出资赞助首付 + 公积金商业组合贷款,重性价比，不盲信大牌，但要求物业管理有序、绿化修剪及时、人防技防规范。,本地常住人口，四季生活规律，度假频次为常规年假出行。
青_2008_01505,青岛,2008,北方度假投资,50,男,3.7,39.3,0.5,58.9,2,0,否,B,research,0.63,0.5,0.84,0.59,0.5,0.41,0.02,0.02,0.81,度假,两室一厅,52,6757,知名中医药连锁投资人,成熟期核心家庭,青岛中环品质两居，车位及空间极其拥挤,老小区隔音差，邻里滋扰严重，且车位严重匮乏，每晚加班回来抢车位像打仗。,要求有超大面宽南向双阳台（观景家政分离），主卧大飘窗能270度直面自然景观。,在市中心核心写字楼工作，首选半小时核心通勤圈内。,倡导轻户外，周末常带家人自驾野营或山系徒步，注重生活情调与手作咖啡。,名下持有一套旧两居，置换回款 65% + 个人理财储蓄补充 + 公积金商业贷,非仁恒、绿城、万科等金牌开发商不买，极度看重高端精装质量与顶级物业的增值口碑。,每年11月至次年3月到此度过漫长冬季，极其依赖周边的康养及适老化服务。
青_2008_01506,青岛,2008,本地改善,44,男,1.8,18.6,0.4,35.0,3,1,否,B,agent,1,0.39,0.8,0.55,0.57,0.91,0.61,0.74,0.49,自住-改善,一室一厅,62,3836,区财政局科员,三口之家(学龄段),青岛中环品质两居，车位及空间极其拥挤,小区无地下车库且人车不分流，小孩在楼下玩耍或者推婴儿车极为不安全。,要求有超大面宽南向双阳台（观景家政分离），主卧大飘窗能270度直面自然景观。,在市中心核心写字楼工作，首选半小时核心通勤圈内。,倡导轻户外，周末常带家人自驾野营或山系徒步，注重生活情调与手作咖啡。,名下持有一套旧两居，置换回款 65% + 个人理财储蓄补充 + 公积金商业贷,重性价比，不盲信大牌，但要求物业管理有序、绿化修剪及时、人防技防规范。,本地常住人口，四季生活规律，度假频次为常规年假出行。
青_2008_01507,青岛,2008,本地改善,36,女,2.6,16.5,0.4,31.0,4,1,否,B,agent,0.8,0.48,0.82,0.51,0.44,0.84,0.69,0.81,0.51,自住-改善,一室一厅,70,3937,国企车间技术主任,三口之家(幼龄段),青岛中环品质两居，车位及空间极其拥挤,小区无地下车库且人车不分流，小孩在楼下玩耍或者推婴儿车极为不安全。,要求有超大面宽南向双阳台（观景家政分离），主卧大飘窗能270度直面自然景观。,在市中心核心写字楼工作，首选半小时核心通勤圈内。,倡导轻户外，周末常带家人自驾野营或山系徒步，注重生活情调与手作咖啡。,名下持有一套旧两居，置换回款 65% + 个人理财储蓄补充 + 公积金商业贷,重性价比，不盲信大牌，但要求物业管理有序、绿化修剪及时、人防技防规范。,本地常住人口，四季生活规律，度假频次为常规年假出行。
青_2008_01508,青岛,2008,本地改善,50,男,1.7,15.8,0.4,29.6,5,1,否,B,agent,0.91,0.51,0.8,0.42,0.58,0.75,0.54,0.6,0.51,自住-改善,两室两厅,68,3912,邮政局局长秘书,三口之家(学龄段),青岛中环品质两居，车位及空间极其拥挤,小区无地下车库且人车不分流，小孩在楼下玩耍或者推婴儿车极为不安全。,要求有超大面宽南向双阳台（观景家政分离），主卧大飘窗能270度直面自然景观。,在市中心核心写字楼工作，首选半小时核心通勤圈内。,倡导轻户外，周末常带家人自驾野营或山系徒步，注重生活情调与手作咖啡。,名下持有一套旧两居，置换回款 65% + 个人理财储蓄补充 + 公积金商业贷,重性价比，不盲信大牌，但要求物业管理有序、绿化修剪及时、人防技防规范。,本地常住人口，四季生活规律，度假频次为常规年假出行。
青_2008_01509,青岛,2008,本地改善,43,女,2.5,15.9,0.4,29.8,4,1,是,B,agent,0.71,0.47,0.73,0.56,0.4,0.81,0.56,0.8,0.59,自住-改善,两室两厅,85,3041,国企车间技术主任,三口之家(学龄段),青岛中环品质两居，车位及空间极其拥挤,小区无地下车库且人车不分流，小孩在楼下玩耍或者推婴儿车极为不安全。,要求有超大面宽南向双阳台（观景家政分离），主卧大飘窗能270度直面自然景观。,在市中心核心写字楼工作，首选半小时核心通勤圈内。,倡导轻户外，周末常带家人自驾野营或山系徒步，注重生活情调与手作咖啡。,名下持有一套旧两居，置换回款 65% + 个人理财储蓄补充 + 公积金商业贷,重性价比，不盲信大牌，但要求物业管理有序、绿化修剪及时、人防技防规范。,本地常住人口，四季生活规律，度假频次为常规年假出行。
青_2008_01510,青岛,2008,山东省内异地,48,男,2.3,19.6,0.45,32.6,4,0,否,C,network,0.9,0.6,0.73,0.51,0.53,0.81,0.01,0.32,0.54,自住-改善,两室一厅,70,3850,区财政局科员,成熟期核心家庭,与父母同住，三代人拥挤在旧区小户型老房中,老小区隔音差，邻里滋扰严重，且车位严重匮乏，每晚加班回来抢车位像打仗。,要求有超大面宽南向双阳台（观景家政分离），主卧大飘窗能270度直面自然景观。,在市中心核心写字楼工作，首选半小时核心通勤圈内。,爱猫狗，喜欢烹饪和插花，主打经济舒适的生活小确幸。,名下持有一套旧两居，置换回款 65% + 个人理财储蓄补充 + 公积金商业贷,重性价比，不盲信大牌，但要求物业管理有序、绿化修剪及时、人防技防规范。,本地常住人口，四季生活规律，度假频次为常规年假出行。
青_2008_01511,青岛,2008,山东省内异地,40,女,4.0,41.8,0.45,69.7,4,1,否,C,network,0.64,0.48,0.84,0.67,0.45,0.7,0.02,0.45,0.64,自住-首套,一室一厅,50,8915,国企车间技术主任,三口之家(学龄段),与父母同住，三代人拥挤在旧区小户型老房中,小区无地下车库且人车不分流，小孩在楼下玩耍或者推婴儿车极为不安全。,要求有超大面宽南向双阳台（观景家政分离），主卧大飘窗能270度直面自然景观。,在市中心核心写字楼工作，首选半小时核心通勤圈内。,爱猫狗，喜欢烹饪和插花，主打经济舒适的生活小确幸。,夫妻双方积蓄 + 双方父母出资赞助首付 + 公积金商业组合贷款,重性价比，不盲信大牌，但要求物业管理有序、绿化修剪及时、人防技防规范。,本地常住人口，四季生活规律，度假频次为常规年假出行。
青_2008_01512,青岛,2008,本地改善,40,男,3.0,26.9,0.4,50.4,4,1,否,B,agent,0.7,0.5,0.64,0.52,0.47,0.9,0.54,0.72,0.59,自住-改善,两室两厅,94,3772,市第二中学地理教师,三口之家(学龄段),青岛中环品质两居，车位及空间极其拥挤,小区无地下车库且人车不分流，小孩在楼下玩耍或者推婴儿车极为不安全。,讲究超高得房率（超85%），主卧套房必须配备独立步入式衣帽间与干湿分离双卫。,在市中心核心写字楼工作，首选半小时核心通勤圈内。,倡导轻户外，周末常带家人自驾野营或山系徒步，注重生活情调与手作咖啡。,名下持有一套旧两居，置换回款 65% + 个人理财储蓄补充 + 公积金商业贷,重性价比，不盲信大牌，但要求物业管理有序、绿化修剪及时、人防技防规范。,本地常住人口，四季生活规律，度假频次为常规年假出行。
青_2008_01513,青岛,2008,本地改善,51,女,1.8,13.5,0.4,25.4,4,2,是,B,agent,0.81,0.5,0.82,0.44,0.43,0.8,0.65,0.55,0.5,自住-改善,一室一厅,54,2668,邮政局局长秘书,二胎黄金期中大户型,青岛中环品质两居，车位及空间极其拥挤,小区无地下车库且人车不分流，小孩在楼下玩耍或者推婴儿车极为不安全。,要求有超大面宽南向双阳台（观景家政分离），主卧大飘窗能270度直面自然景观。,在市中心核心写字楼工作，首选半小时核心通勤圈内。,倡导轻户外，周末常带家人自驾野营或山系徒步，注重生活情调与手作咖啡。,名下持有一套旧两居，置换回款 65% + 个人理财储蓄补充 + 公积金商业贷,重性价比，不盲信大牌，但要求物业管理有序、绿化修剪及时、人防技防规范。,本地常住人口，四季生活规律，度假频次为常规年假出行。
青_2008_01514,青岛,2008,本地改善,53,女,2.2,19.4,0.4,36.5,3,0,否,B,agent,0.6,0.57,0.72,0.57,0.48,0.84,0.68,0.7,0.47,自住-改善,两室一厅,69,4566,区财政局科员,成熟期核心家庭,青岛中环品质两居，车位及空间极其拥挤,老小区隔音差，邻里滋扰严重，且车位严重匮乏，每晚加班回来抢车位像打仗。,要求有超大面宽南向双阳台（观景家政分离），主卧大飘窗能270度直面自然景观。,在市中心核心写字楼工作，首选半小时核心通勤圈内。,倡导轻户外，周末常带家人自驾野营或山系徒步，注重生活情调与手作咖啡。,名下持有一套旧两居，置换回款 65% + 个人理财储蓄补充 + 公积金商业贷,重性价比，不盲信大牌，但要求物业管理有序、绿化修剪及时、人防技防规范。,本地常住人口，四季生活规律，度假频次为常规年假出行。
青_2008_01515,青岛,2008,本地改善,52,男,1.6,10.5,0.4,19.8,5,1,否,B,agent,1,0.55,0.71,0.41,0.46,0.84,0.61,0.73,0.4,自住-改善,一室一厅,52,2652,区财政局科员,三口之家(学龄段),青岛中环品质两居，车位及空间极其拥挤,小区无地下车库且人车不分流，小孩在楼下玩耍或者推婴儿车极为不安全。,要求有超大面宽南向双阳台（观景家政分离），主卧大飘窗能270度直面自然景观。,在市中心核心写字楼工作，首选半小时核心通勤圈内。,倡导轻户外，周末常带家人自驾野营或山系徒步，注重生活情调与手作咖啡。,名下持有一套旧两居，置换回款 65% + 个人理财储蓄补充 + 公积金商业贷,重性价比，不盲信大牌，但要求物业管理有序、绿化修剪及时、人防技防规范。,本地常住人口，四季生活规律，度假频次为常规年假出行。
青_2008_01516,青岛,2008,山东省内异地,50,女,3.6,26.6,0.45,44.4,3,1,否,C,network,0.53,0.51,0.88,0.49,0.46,0.85,0,0.4,0.55,自住-改善,一室一厅,71,5285,市第二中学地理教师,三口之家(学龄段),与父母同住，三代人拥挤在旧区小户型老房中,小区无地下车库且人车不分流，小孩在楼下玩耍或者推婴儿车极为不安全。,要求有超大面宽南向双阳台（观景家政分离），主卧大飘窗能270度直面自然景观。,在市中心核心写字楼工作，首选半小时核心通勤圈内。,爱猫狗，喜欢烹饪和插花，主打经济舒适的生活小确幸。,名下持有一套旧两居，置换回款 65% + 个人理财储蓄补充 + 公积金商业贷,重性价比，不盲信大牌，但要求物业管理有序、绿化修剪及时、人防技防规范。,本地常住人口，四季生活规律，度假频次为常规年假出行。
青_2008_01517,青岛,2008,本地改善,41,男,2.1,20.3,0.4,38.1,3,0,是,B,agent,0.63,0.5,0.68,0.55,0.45,0.71,0.57,0.59,0.66,自住-改善,一室一厅,75,4547,市第二中学地理教师,成熟期核心家庭,青岛中环品质两居，车位及空间极其拥挤,当前房屋属于旧多层无电梯房，父母年纪渐高每天爬楼梯极为吃力。,讲究超高得房率（超85%），主卧套房必须配备独立步入式衣帽间与干湿分离双卫。,在市中心核心写字楼工作，首选半小时核心通勤圈内。,倡导轻户外，周末常带家人自驾野营或山系徒步，注重生活情调与手作咖啡。,名下持有一套旧两居，置换回款 65% + 个人理财储蓄补充 + 公积金商业贷,重性价比，不盲信大牌，但要求物业管理有序、绿化修剪及时、人防技防规范。,本地常住人口，四季生活规律，度假频次为常规年假出行。
青_2008_01518,青岛,2008,本地改善,39,女,1.2,10.6,0.4,19.9,4,2,否,B,agent,0.83,0.49,0.61,0.56,0.62,0.79,0.48,0.68,0.72,自住-改善,两室一厅,53,3133,国企车间技术主任,二胎黄金期中大户型,青岛中环品质两居，车位及空间极其拥挤,小区无地下车库且人车不分流，小孩在楼下玩耍或者推婴儿车极为不安全。,讲究超高得房率（超85%），主卧套房必须配备独立步入式衣帽间与干湿分离双卫。,在市中心核心写字楼工作，首选半小时核心通勤圈内。,倡导轻户外，周末常带家人自驾野营或山系徒步，注重生活情调与手作咖啡。,名下持有一套旧两居，置换回款 65% + 个人理财储蓄补充 + 公积金商业贷,非仁恒、绿城、万科等金牌开发商不买，极度看重高端精装质量与顶级物业的增值口碑。,本地常住人口，四季生活规律，度假频次为常规年假出行。
青_2008_01519,青岛,2008,学区刚需,44,男,2.5,11.6,0.3,29.1,2,0,否,C,agent,0.56,0.66,0.35,0.3,0.42,0.76,0.6,0.89,0.31,学区房,一室一厅,98,1572,邮政局局长秘书,成熟期核心家庭,与父母同住，三代人拥挤在旧区小户型老房中,老小区隔音差，邻里滋扰严重，且车位严重匮乏，每晚加班回来抢车位像打仗。,讲究超高得房率（超85%），主卧套房必须配备独立步入式衣帽间与干湿分离双卫。,在市中心核心写字楼工作，首选半小时核心通勤圈内。,爱猫狗，喜欢烹饪和插花，主打经济舒适的生活小确幸。,名下持有一套旧两居，置换回款 65% + 个人理财储蓄补充 + 公积金商业贷,重性价比，不盲信大牌，但要求物业管理有序、绿化修剪及时、人防技防规范。,本地常住人口，四季生活规律，度假频次为常规年假出行。
青_2008_01520,青岛,2008,山东省内异地,58,女,2.6,15.6,0.45,26.0,4,1,是,C,network,0.6,0.59,0.86,0.71,0.38,0.88,0,0.45,0.55,自住-改善,两室一厅,94,2117,国企车间技术主任,三口之家(学龄段),与父母同住，三代人拥挤在旧区小户型老房中,小区无地下车库且人车不分流，小孩在楼下玩耍或者推婴儿车极为不安全。,要求独立电梯入户，主次卧动线分明，配备独立保姆房和私密后院。,在市中心核心写字楼工作，首选半小时核心通勤圈内。,爱猫狗，喜欢烹饪和插花，主打经济舒适的生活小确幸。,名下持有一套旧两居，置换回款 65% + 个人理财储蓄补充 + 公积金商业贷,重性价比，不盲信大牌，但要求物业管理有序、绿化修剪及时、人防技防规范。,本地常住人口，四季生活规律，度假频次为常规年假出行。
青_2008_01521,青岛,2008,本地改善,48,男,2.9,27.1,0.4,50.9,3,1,是,B,agent,0.77,0.58,0.76,0.63,0.46,0.96,0.59,0.71,0.46,自住-改善,两室两厅,97,4284,国企车间技术主任,三口之家(学龄段),青岛中环品质两居，车位及空间极其拥挤,小区无地下车库且人车不分流，小孩在楼下玩耍或者推婴儿车极为不安全。,要求有超大面宽南向双阳台（观景家政分离），主卧大飘窗能270度直面自然景观。,在市中心核心写字楼工作，首选半小时核心通勤圈内。,倡导轻户外，周末常带家人自驾野营或山系徒步，注重生活情调与手作咖啡。,名下持有一套旧两居，置换回款 65% + 个人理财储蓄补充 + 公积金商业贷,重性价比，不盲信大牌，但要求物业管理有序、绿化修剪及时、人防技防规范。,本地常住人口，四季生活规律，度假频次为常规年假出行。
青_2008_01522,青岛,2008,山东省内异地,59,女,3.2,20.5,0.45,34.2,4,1,否,C,network,0.64,0.47,0.83,0.76,0.42,0.74,0.04,0.38,0.53,自住-改善,两室一厅,92,2898,国企车间技术主任,三口之家(学龄段),与父母同住，三代人拥挤在旧区小户型老房中,小区无地下车库且人车不分流，小孩在楼下玩耍或者推婴儿车极为不安全。,要求独立电梯入户，主次卧动线分明，配备独立保姆房和私密后院。,在市中心核心写字楼工作，首选半小时核心通勤圈内。,爱猫狗，喜欢烹饪和插花，主打经济舒适的生活小确幸。,名下持有一套旧两居，置换回款 65% + 个人理财储蓄补充 + 公积金商业贷,重性价比，不盲信大牌，但要求物业管理有序、绿化修剪及时、人防技防规范。,本地常住人口，四季生活规律，度假频次为常规年假出行。
青_2008_01523,青岛,2008,高端海景收藏,65,男,12.8,121.4,0.6,151.8,1,0,是,A,network,0.82,0.24,1,0.77,0.8,0.51,0,0,0.78,投资-长持,两室两厅,143,7231,高端海景资产收藏家,高知退休康养,市中心私密洋房住宅,当前房屋属于旧多层无电梯房，父母年纪渐高每天爬楼梯极为吃力。,要求独立电梯入户，主次卧动线分明，配备独立保姆房和私密后院。,在市中心核心写字楼工作，首选半小时核心通勤圈内。,周末常去高端商圈消费，热衷打网球和马术，重度手冲咖啡及黑胶唱片发烧友。,名下已有企业股权套现或分红现金，一次性全款付清，基本不加杠杆,非仁恒、绿城、万科等金牌开发商不买，极度看重高端精装质量与顶级物业的增值口碑。,本地常住人口，四季生活规律，度假频次为常规年假出行。
青_2008_01524,青岛,2008,本地改善,40,女,2.3,13.1,0.4,24.5,3,1,是,B,agent,0.43,0.52,0.6,0.4,0.3,0.89,0.59,0.72,0.71,自住-改善,两室两厅,63,2253,邮政局局长秘书,三口之家(学龄段),青岛中环品质两居，车位及空间极其拥挤,小区无地下车库且人车不分流，小孩在楼下玩耍或者推婴儿车极为不安全。,讲究超高得房率（超85%），主卧套房必须配备独立步入式衣帽间与干湿分离双卫。,在市中心核心写字楼工作，首选半小时核心通勤圈内。,倡导轻户外，周末常带家人自驾野营或山系徒步，注重生活情调与手作咖啡。,名下持有一套旧两居，置换回款 65% + 个人理财储蓄补充 + 公积金商业贷,非仁恒、绿城、万科等金牌开发商不买，极度看重高端精装质量与顶级物业的增值口碑。,本地常住人口，四季生活规律，度假频次为常规年假出行。
青_2008_01525,青岛,2008,本地改善,41,男,2.2,21.9,0.4,41.1,5,1,是,B,agent,0.63,0.44,0.79,0.53,0.48,1,0.58,0.61,0.49,自住-改善,两室一厅,84,3817,邮政局局长秘书,三口之家(学龄段),青岛中环品质两居，车位及空间极其拥挤,小区无地下车库且人车不分流，小孩在楼下玩耍或者推婴儿车极为不安全。,要求有超大面宽南向双阳台（观景家政分离），主卧大飘窗能270度直面自然景观。,在市中心核心写字楼工作，首选半小时核心通勤圈内。,倡导轻户外，周末常带家人自驾野营或山系徒步，注重生活情调与手作咖啡。,名下持有一套旧两居，置换回款 65% + 个人理财储蓄补充 + 公积金商业贷,重性价比，不盲信大牌，但要求物业管理有序、绿化修剪及时、人防技防规范。,本地常住人口，四季生活规律，度假频次为常规年假出行。
青_2008_01526,青岛,2008,本地改善,52,女,1.9,11.3,0.4,21.2,4,1,否,B,agent,0.73,0.53,0.87,0.39,0.49,0.87,0.55,0.8,0.65,自住-改善,两室两厅,51,2856,邮政局局长秘书,三口之家(学龄段),青岛中环品质两居，车位及空间极其拥挤,小区无地下车库且人车不分流，小孩在楼下玩耍或者推婴儿车极为不安全。,要求有超大面宽南向双阳台（观景家政分离），主卧大飘窗能270度直面自然景观。,在市中心核心写字楼工作，首选半小时核心通勤圈内。,倡导轻户外，周末常带家人自驾野营或山系徒步，注重生活情调与手作咖啡。,名下持有一套旧两居，置换回款 65% + 个人理财储蓄补充 + 公积金商业贷,重性价比，不盲信大牌，但要求物业管理有序、绿化修剪及时、人防技防规范。,本地常住人口，四季生活规律，度假频次为常规年假出行。
青_2008_01527,青岛,2008,本地改善,37,女,2.4,16.3,0.4,30.6,4,1,是,B,agent,0.65,0.47,0.81,0.34,0.66,0.83,0.7,0.67,0.58,自住-改善,两室一厅,92,2406,邮政局局长秘书,三口之家(幼龄段),青岛中环品质两居，车位及空间极其拥挤,小区无地下车库且人车不分流，小孩在楼下玩耍或者推婴儿车极为不安全。,要求有超大面宽南向双阳台（观景家政分离），主卧大飘窗能270度直面自然景观。,在市中心核心写字楼工作，首选半小时核心通勤圈内。,倡导轻户外，周末常带家人自驾野营或山系徒步，注重生活情调与手作咖啡。,名下持有一套旧两居，置换回款 65% + 个人理财储蓄补充 + 公积金商业贷,重性价比，不盲信大牌，但要求物业管理有序、绿化修剪及时、人防技防规范。,本地常住人口，四季生活规律，度假频次为常规年假出行。
青_2008_01528,青岛,2008,山东省内异地,42,女,1.6,14.0,0.45,23.3,3,1,否,C,network,0.79,0.4,0.9,0.4,0.58,0.76,0,0.39,0.7,自住-改善,一室一厅,57,2521,市第二中学地理教师,三口之家(学龄段),与父母同住，三代人拥挤在旧区小户型老房中,小区无地下车库且人车不分流，小孩在楼下玩耍或者推婴儿车极为不安全。,要求有超大面宽南向双阳台（观景家政分离），主卧大飘窗能270度直面自然景观。,在市中心核心写字楼工作，首选半小时核心通勤圈内。,爱猫狗，喜欢烹饪和插花，主打经济舒适的生活小确幸。,名下持有一套旧两居，置换回款 65% + 个人理财储蓄补充 + 公积金商业贷,重性价比，不盲信大牌，但要求物业管理有序、绿化修剪及时、人防技防规范。,本地常住人口，四季生活规律，度假频次为常规年假出行。
青_2008_01529,青岛,2008,本地改善,43,男,3.0,25.6,0.4,48.0,5,1,否,B,agent,0.82,0.51,0.68,0.42,0.51,0.93,0.6,0.6,0.66,自住-改善,两室一厅,54,5739,邮政局局长秘书,三口之家(学龄段),青岛中环品质两居，车位及空间极其拥挤,小区无地下车库且人车不分流，小孩在楼下玩耍或者推婴儿车极为不安全。,讲究超高得房率（超85%），主卧套房必须配备独立步入式衣帽间与干湿分离双卫。,在市中心核心写字楼工作，首选半小时核心通勤圈内。,倡导轻户外，周末常带家人自驾野营或山系徒步，注重生活情调与手作咖啡。,名下持有一套旧两居，置换回款 65% + 个人理财储蓄补充 + 公积金商业贷,重性价比，不盲信大牌，但要求物业管理有序、绿化修剪及时、人防技防规范。,本地常住人口，四季生活规律，度假频次为常规年假出行。
青_2008_01530,青岛,2008,山东省内异地,60,女,2.4,13.9,0.45,23.2,4,1,否,C,network,0.66,0.68,0.93,0.56,0.52,0.78,0.06,0.37,0.59,自住-首套,两室两厅,81,1787,区财政局科员,三口之家(学龄段),与父母同住，三代人拥挤在旧区小户型老房中,小区无地下车库且人车不分流，小孩在楼下玩耍或者推婴儿车极为不安全。,要求有超大面宽南向双阳台（观景家政分离），主卧大飘窗能270度直面自然景观。,在市中心核心写字楼工作，首选半小时核心通勤圈内。,爱猫狗，喜欢烹饪和插花，主打经济舒适的生活小确幸。,夫妻双方积蓄 + 双方父母出资赞助首付 + 公积金商业组合贷款,重性价比，不盲信大牌，但要求物业管理有序、绿化修剪及时、人防技防规范。,本地常住人口，四季生活规律，度假频次为常规年假出行。
青_2008_01531,青岛,2008,本地改善,37,女,1.3,10.9,0.4,20.4,4,1,是,B,agent,0.53,0.38,0.79,0.31,0.53,0.9,0.7,0.53,0.37,自住-改善,一室一厅,83,1628,国企车间技术主任,三口之家(幼龄段),青岛中环品质两居，车位及空间极其拥挤,小区无地下车库且人车不分流，小孩在楼下玩耍或者推婴儿车极为不安全。,要求有超大面宽南向双阳台（观景家政分离），主卧大飘窗能270度直面自然景观。,在市中心核心写字楼工作，首选半小时核心通勤圈内。,倡导轻户外，周末常带家人自驾野营或山系徒步，注重生活情调与手作咖啡。,名下持有一套旧两居，置换回款 65% + 个人理财储蓄补充 + 公积金商业贷,重性价比，不盲信大牌，但要求物业管理有序、绿化修剪及时、人防技防规范。,本地常住人口，四季生活规律，度假频次为常规年假出行。
青_2008_01532,青岛,2008,山东省内异地,51,女,1.9,11.2,0.45,18.7,3,2,否,C,network,0.64,0.46,0.76,0.54,0.44,0.76,0,0.48,0.57,自住-首套,一室一厅,94,1569,市第二中学地理教师,二胎黄金期中大户型,与父母同住，三代人拥挤在旧区小户型老房中,小区无地下车库且人车不分流，小孩在楼下玩耍或者推婴儿车极为不安全。,要求有超大面宽南向双阳台（观景家政分离），主卧大飘窗能270度直面自然景观。,在市中心核心写字楼工作，首选半小时核心通勤圈内。,爱猫狗，喜欢烹饪和插花，主打经济舒适的生活小确幸。,夫妻双方积蓄 + 双方父母出资赞助首付 + 公积金商业组合贷款,重性价比，不盲信大牌，但要求物业管理有序、绿化修剪及时、人防技防规范。,本地常住人口，四季生活规律，度假频次为常规年假出行。
青_2008_01533,青岛,2008,本地改善,42,男,3.5,22.5,0.4,42.1,4,1,否,B,agent,0.9,0.53,0.83,0.43,0.41,0.88,0.58,0.69,0.48,自住-改善,两室一厅,67,4787,邮政局局长秘书,三口之家(学龄段),青岛中环品质两居，车位及空间极其拥挤,小区无地下车库且人车不分流，小孩在楼下玩耍或者推婴儿车极为不安全。,要求有超大面宽南向双阳台（观景家政分离），主卧大飘窗能270度直面自然景观。,在市中心核心写字楼工作，首选半小时核心通勤圈内。,倡导轻户外，周末常带家人自驾野营或山系徒步，注重生活情调与手作咖啡。,名下持有一套旧两居，置换回款 65% + 个人理财储蓄补充 + 公积金商业贷,重性价比，不盲信大牌，但要求物业管理有序、绿化修剪及时、人防技防规范。,本地常住人口，四季生活规律，度假频次为常规年假出行。
青_2008_01534,青岛,2008,本地改善,43,女,1.1,8.6,0.4,16.1,3,1,否,B,agent,0.73,0.54,0.81,0.39,0.47,0.85,0.6,0.7,0.58,自住-改善,两室两厅,89,1180,区财政局科员,三口之家(学龄段),青岛中环品质两居，车位及空间极其拥挤,小区无地下车库且人车不分流，小孩在楼下玩耍或者推婴儿车极为不安全。,要求有超大面宽南向双阳台（观景家政分离），主卧大飘窗能270度直面自然景观。,在市中心核心写字楼工作，首选半小时核心通勤圈内。,倡导轻户外，周末常带家人自驾野营或山系徒步，注重生活情调与手作咖啡。,名下持有一套旧两居，置换回款 65% + 个人理财储蓄补充 + 公积金商业贷,重性价比，不盲信大牌，但要求物业管理有序、绿化修剪及时、人防技防规范。,本地常住人口，四季生活规律，度假频次为常规年假出行。
青_2008_01535,青岛,2008,本地改善,42,女,0.9,5.7,0.4,10.7,4,1,是,B,agent,0.9,0.45,0.64,0.58,0.53,0.86,0.55,0.66,0.42,自住-改善,一室一厅,59,1527,邮政局局长秘书,三口之家(学龄段),青岛中环品质两居，车位及空间极其拥挤,小区无地下车库且人车不分流，小孩在楼下玩耍或者推婴儿车极为不安全。,讲究超高得房率（超85%），主卧套房必须配备独立步入式衣帽间与干湿分离双卫。,在市中心核心写字楼工作，首选半小时核心通勤圈内。,倡导轻户外，周末常带家人自驾野营或山系徒步，注重生活情调与手作咖啡。,名下持有一套旧两居，置换回款 65% + 个人理财储蓄补充 + 公积金商业贷,重性价比，不盲信大牌，但要求物业管理有序、绿化修剪及时、人防技防规范。,本地常住人口，四季生活规律，度假频次为常规年假出行。
青_2008_01536,青岛,2008,本地改善,36,女,1.3,12.9,0.4,24.2,4,1,否,B,agent,0.75,0.59,0.72,0.61,0.43,0.92,0.76,0.75,0.51,自住-改善,两室一厅,77,1670,市第二中学地理教师,三口之家(幼龄段),青岛中环品质两居，车位及空间极其拥挤,小区无地下车库且人车不分流，小孩在楼下玩耍或者推婴儿车极为不安全。,要求有超大面宽南向双阳台（观景家政分离），主卧大飘窗能270度直面自然景观。,在市中心核心写字楼工作，首选半小时核心通勤圈内。,倡导轻户外，周末常带家人自驾野营或山系徒步，注重生活情调与手作咖啡。,名下持有一套旧两居，置换回款 65% + 个人理财储蓄补充 + 公积金商业贷,重性价比，不盲信大牌，但要求物业管理有序、绿化修剪及时、人防技防规范。,本地常住人口，四季生活规律，度假频次为常规年假出行。
青_2008_01537,青岛,2008,本地改善,35,男,2.3,19.0,0.4,35.6,5,2,是,B,agent,0.7,0.41,0.7,0.43,0.5,0.88,0.55,0.76,0.61,自住-改善,一室一厅,50,5465,市第二中学地理教师,二胎黄金期中大户型,青岛中环品质两居，车位及空间极其拥挤,小区无地下车库且人车不分流，小孩在楼下玩耍或者推婴儿车极为不安全。,讲究超高得房率（超85%），主卧套房必须配备独立步入式衣帽间与干湿分离双卫。,在市中心核心写字楼工作，首选半小时核心通勤圈内。,倡导轻户外，周末常带家人自驾野营或山系徒步，注重生活情调与手作咖啡。,名下持有一套旧两居，置换回款 65% + 个人理财储蓄补充 + 公积金商业贷,重性价比，不盲信大牌，但要求物业管理有序、绿化修剪及时、人防技防规范。,本地常住人口，四季生活规律，度假频次为常规年假出行。
青_2008_01538,青岛,2008,山东省内异地,55,男,3.1,24.9,0.45,41.6,3,0,否,C,network,0.58,0.61,0.95,0.62,0.54,0.66,0,0.42,0.65,自住-改善,两室两厅,92,2640,市第二中学地理教师,高知退休康养,与父母同住，三代人拥挤在旧区小户型老房中,老小区隔音差，邻里滋扰严重，且车位严重匮乏，每晚加班回来抢车位像打仗。,要求有超大面宽南向双阳台（观景家政分离），主卧大飘窗能270度直面自然景观。,在市中心核心写字楼工作，首选半小时核心通勤圈内。,爱猫狗，喜欢烹饪和插花，主打经济舒适的生活小确幸。,名下持有一套旧两居，置换回款 65% + 个人理财储蓄补充 + 公积金商业贷,重性价比，不盲信大牌，但要求物业管理有序、绿化修剪及时、人防技防规范。,本地常住人口，四季生活规律，度假频次为常规年假出行。
青_2008_01539,青岛,2008,学区刚需,33,女,2.0,9.7,0.3,24.3,4,1,否,C,agent,0.95,0.61,0.32,0.35,0.22,0.97,0.66,0.97,0.52,学区房,一室一厅,74,2479,区财政局科员,三口之家(幼龄段),与父母同住，三代人拥挤在旧区小户型老房中,小区无地下车库且人车不分流，小孩在楼下玩耍或者推婴儿车极为不安全。,讲究超高得房率（超85%），主卧套房必须配备独立步入式衣帽间与干湿分离双卫。,在市中心核心写字楼工作，首选半小时核心通勤圈内。,爱猫狗，喜欢烹饪和插花，主打经济舒适的生活小确幸。,名下持有一套旧两居，置换回款 65% + 个人理财储蓄补充 + 公积金商业贷,重性价比，不盲信大牌，但要求物业管理有序、绿化修剪及时、人防技防规范。,本地常住人口，四季生活规律，度假频次为常规年假出行。
青_2008_01540,青岛,2008,高端海景收藏,50,男,5.5,66.9,0.6,83.6,2,1,否,A,network,0.59,0.33,0.92,0.98,0.9,0.61,0,0.08,1,度假,一室一厅,93,6086,高端海景资产收藏家,三口之家(学龄段),西湖边高精平层,无高端私密会所及管家式物业配套，圈层鱼龙混杂，高净值居住体验差。,要求独立电梯入户，主次卧动线分明，配备独立保姆房和私密后院。,在市中心核心写字楼工作，首选半小时核心通勤圈内。,周末常去高端商圈消费，热衷打网球和马术，重度手冲咖啡及黑胶唱片发烧友。,名下已有企业股权套现或分红现金，一次性全款付清，基本不加杠杆,非仁恒、绿城、万科等金牌开发商不买，极度看重高端精装质量与顶级物业的增值口碑。,本地常住人口，四季生活规律，度假频次为常规年假出行。
青_2008_01541,青岛,2008,山东省内异地,45,男,2.9,25.5,0.45,42.5,3,1,否,C,network,0.83,0.48,0.95,0.47,0.65,0.53,0,0.5,0.41,自住-首套,两室两厅,88,4028,国企车间技术主任,三口之家(学龄段),与父母同住，三代人拥挤在旧区小户型老房中,小区无地下车库且人车不分流，小孩在楼下玩耍或者推婴儿车极为不安全。,要求有超大面宽南向双阳台（观景家政分离），主卧大飘窗能270度直面自然景观。,在市中心核心写字楼工作，首选半小时核心通勤圈内。,爱猫狗，喜欢烹饪和插花，主打经济舒适的生活小确幸。,夫妻双方积蓄 + 双方父母出资赞助首付 + 公积金商业组合贷款,重性价比，不盲信大牌，但要求物业管理有序、绿化修剪及时、人防技防规范。,本地常住人口，四季生活规律，度假频次为常规年假出行。
青_2008_01542,青岛,2008,本地改善,53,女,2.8,26.8,0.4,50.3,3,1,否,B,agent,0.66,0.46,0.64,0.45,0.39,0.89,0.63,0.74,0.58,自住-改善,两室一厅,57,5473,区财政局科员,三口之家(学龄段),青岛中环品质两居，车位及空间极其拥挤,小区无地下车库且人车不分流，小孩在楼下玩耍或者推婴儿车极为不安全。,讲究超高得房率（超85%），主卧套房必须配备独立步入式衣帽间与干湿分离双卫。,在市中心核心写字楼工作，首选半小时核心通勤圈内。,倡导轻户外，周末常带家人自驾野营或山系徒步，注重生活情调与手作咖啡。,名下持有一套旧两居，置换回款 65% + 个人理财储蓄补充 + 公积金商业贷,重性价比，不盲信大牌，但要求物业管理有序、绿化修剪及时、人防技防规范。,本地常住人口，四季生活规律，度假频次为常规年假出行。
青_2008_01543,青岛,2008,本地改善,41,男,2.2,14.4,0.4,27.0,3,2,否,B,agent,0.41,0.47,0.88,0.58,0.5,0.85,0.56,0.63,0.52,自住-改善,一室一厅,76,3087,区财政局科员,二胎黄金期中大户型,青岛中环品质两居，车位及空间极其拥挤,小区无地下车库且人车不分流，小孩在楼下玩耍或者推婴儿车极为不安全。,要求有超大面宽南向双阳台（观景家政分离），主卧大飘窗能270度直面自然景观。,在市中心核心写字楼工作，首选半小时核心通勤圈内。,倡导轻户外，周末常带家人自驾野营或山系徒步，注重生活情调与手作咖啡。,名下持有一套旧两居，置换回款 65% + 个人理财储蓄补充 + 公积金商业贷,重性价比，不盲信大牌，但要求物业管理有序、绿化修剪及时、人防技防规范。,本地常住人口，四季生活规律，度假频次为常规年假出行。
青_2008_01544,青岛,2008,本地改善,43,女,1.1,7.0,0.4,13.2,4,1,否,B,agent,0.49,0.56,0.89,0.5,0.54,0.87,0.57,0.72,0.53,自住-改善,两室两厅,100,1121,区财政局科员,三口之家(学龄段),青岛中环品质两居，车位及空间极其拥挤,小区无地下车库且人车不分流，小孩在楼下玩耍或者推婴儿车极为不安全。,要求有超大面宽南向双阳台（观景家政分离），主卧大飘窗能270度直面自然景观。,在市中心核心写字楼工作，首选半小时核心通勤圈内。,倡导轻户外，周末常带家人自驾野营或山系徒步，注重生活情调与手作咖啡。,名下持有一套旧两居，置换回款 65% + 个人理财储蓄补充 + 公积金商业贷,重性价比，不盲信大牌，但要求物业管理有序、绿化修剪及时、人防技防规范。,本地常住人口，四季生活规律，度假频次为常规年假出行。
青_2008_01545,青岛,2008,本地改善,37,男,1.4,13.7,0.4,25.6,3,1,否,B,agent,0.54,0.42,0.81,0.62,0.47,0.89,0.54,0.59,0.55,自住-改善,一室一厅,59,2505,国企车间技术主任,三口之家(幼龄段),青岛中环品质两居，车位及空间极其拥挤,小区无地下车库且人车不分流，小孩在楼下玩耍或者推婴儿车极为不安全。,要求有超大面宽南向双阳台（观景家政分离），主卧大飘窗能270度直面自然景观。,在市中心核心写字楼工作，首选半小时核心通勤圈内。,倡导轻户外，周末常带家人自驾野营或山系徒步，注重生活情调与手作咖啡。,名下持有一套旧两居，置换回款 65% + 个人理财储蓄补充 + 公积金商业贷,重性价比，不盲信大牌，但要求物业管理有序、绿化修剪及时、人防技防规范。,本地常住人口，四季生活规律，度假频次为常规年假出行。
青_2008_01546,青岛,2008,本地改善,43,女,2.8,27.7,0.4,51.9,4,1,否,B,agent,0.85,0.47,0.81,0.48,0.6,0.77,0.56,0.65,0.54,自住-改善,一室一厅,58,6468,邮政局局长秘书,三口之家(学龄段),青岛中环品质两居，车位及空间极其拥挤,小区无地下车库且人车不分流，小孩在楼下玩耍或者推婴儿车极为不安全。,要求有超大面宽南向双阳台（观景家政分离），主卧大飘窗能270度直面自然景观。,在市中心核心写字楼工作，首选半小时核心通勤圈内。,倡导轻户外，周末常带家人自驾野营或山系徒步，注重生活情调与手作咖啡。,名下持有一套旧两居，置换回款 65% + 个人理财储蓄补充 + 公积金商业贷,重性价比，不盲信大牌，但要求物业管理有序、绿化修剪及时、人防技防规范。,本地常住人口，四季生活规律，度假频次为常规年假出行。
青_2008_01547,青岛,2008,本地改善,48,女,3.4,32.9,0.4,61.8,5,2,否,B,agent,0.52,0.56,0.48,0.52,0.46,0.88,0.62,0.69,0.64,自住-改善,两室两厅,63,8562,区财政局科员,二胎黄金期中大户型,青岛中环品质两居，车位及空间极其拥挤,小区无地下车库且人车不分流，小孩在楼下玩耍或者推婴儿车极为不安全。,讲究超高得房率（超85%），主卧套房必须配备独立步入式衣帽间与干湿分离双卫。,在市中心核心写字楼工作，首选半小时核心通勤圈内。,倡导轻户外，周末常带家人自驾野营或山系徒步，注重生活情调与手作咖啡。,名下持有一套旧两居，置换回款 65% + 个人理财储蓄补充 + 公积金商业贷,重性价比，不盲信大牌，但要求物业管理有序、绿化修剪及时、人防技防规范。,本地常住人口，四季生活规律，度假频次为常规年假出行。
青_2008_01548,青岛,2008,本地改善,55,男,1.5,10.5,0.4,19.6,3,1,否,B,agent,0.63,0.58,0.59,0.5,0.44,0.89,0.55,0.62,0.44,自住-改善,两室两厅,85,1518,国企车间技术主任,三口之家(学龄段),青岛中环品质两居，车位及空间极其拥挤,小区无地下车库且人车不分流，小孩在楼下玩耍或者推婴儿车极为不安全。,讲究超高得房率（超85%），主卧套房必须配备独立步入式衣帽间与干湿分离双卫。,在市中心核心写字楼工作，首选半小时核心通勤圈内。,倡导轻户外，周末常带家人自驾野营或山系徒步，注重生活情调与手作咖啡。,名下持有一套旧两居，置换回款 65% + 个人理财储蓄补充 + 公积金商业贷,重性价比，不盲信大牌，但要求物业管理有序、绿化修剪及时、人防技防规范。,本地常住人口，四季生活规律，度假频次为常规年假出行。
青_2008_01549,青岛,2008,北方度假投资,55,女,5.9,55.9,0.5,83.8,2,0,否,B,research,0.55,0.62,1,0.58,0.52,0.53,0.02,0,0.74,投资-长持,一室一厅,70,7448,上市公司退休联合创始人,高知退休康养,青岛中环品质两居，车位及空间极其拥挤,老小区隔音差，邻里滋扰严重，且车位严重匮乏，每晚加班回来抢车位像打仗。,要求有超大面宽南向双阳台（观景家政分离），主卧大飘窗能270度直面自然景观。,在市中心核心写字楼工作，首选半小时核心通勤圈内。,倡导轻户外，周末常带家人自驾野营或山系徒步，注重生活情调与手作咖啡。,名下持有一套旧两居，置换回款 65% + 个人理财储蓄补充 + 公积金商业贷,非仁恒、绿城、万科等金牌开发商不买，极度看重高端精装质量与顶级物业的增值口碑。,每年11月至次年3月到此度过漫长冬季，极其依赖周边的康养及适老化服务。
青_2008_01550,青岛,2008,高端海景收藏,65,男,10.5,93.0,0.6,116.2,1,0,是,A,network,0.83,0.31,1,0.84,0.82,0.55,0.08,0.03,0.86,投资-长持,两室两厅,75,8879,知名中医药连锁投资人,高知退休康养,西湖边高精平层,当前房屋属于旧多层无电梯房，父母年纪渐高每天爬楼梯极为吃力。,要求独立电梯入户，主次卧动线分明，配备独立保姆房和私密后院。,在市中心核心写字楼工作，首选半小时核心通勤圈内。,周末常去高端商圈消费，热衷打网球和马术，重度手冲咖啡及黑胶唱片发烧友。,名下已有企业股权套现或分红现金，一次性全款付清，基本不加杠杆,非仁恒、绿城、万科等金牌开发商不买，极度看重高端精装质量与顶级物业的增值口碑。,本地常住人口，四季生活规律，度假频次为常规年假出行。
青_2008_01551,青岛,2008,本地改善,47,女,1.9,11.1,0.4,20.7,4,2,否,B,agent,0.76,0.58,0.62,0.57,0.51,0.85,0.59,0.82,0.56,自住-改善,两室一厅,53,2188,市第二中学地理教师,二胎黄金期中大户型,青岛中环品质两居，车位及空间极其拥挤,小区无地下车库且人车不分流，小孩在楼下玩耍或者推婴儿车极为不安全。,讲究超高得房率（超85%），主卧套房必须配备独立步入式衣帽间与干湿分离双卫。,在市中心核心写字楼工作，首选半小时核心通勤圈内。,倡导轻户外，周末常带家人自驾野营或山系徒步，注重生活情调与手作咖啡。,名下持有一套旧两居，置换回款 65% + 个人理财储蓄补充 + 公积金商业贷,重性价比，不盲信大牌，但要求物业管理有序、绿化修剪及时、人防技防规范。,本地常住人口，四季生活规律，度假频次为常规年假出行。
青_2008_01552,青岛,2008,本地改善,49,女,1.6,14.1,0.4,26.4,3,2,否,B,agent,0.81,0.46,0.69,0.44,0.48,0.88,0.55,0.74,0.59,自住-改善,一室一厅,67,2017,邮政局局长秘书,二胎黄金期中大户型,青岛中环品质两居，车位及空间极其拥挤,小区无地下车库且人车不分流，小孩在楼下玩耍或者推婴儿车极为不安全。,讲究超高得房率（超85%），主卧套房必须配备独立步入式衣帽间与干湿分离双卫。,在市中心核心写字楼工作，首选半小时核心通勤圈内。,倡导轻户外，周末常带家人自驾野营或山系徒步，注重生活情调与手作咖啡。,名下持有一套旧两居，置换回款 65% + 个人理财储蓄补充 + 公积金商业贷,重性价比，不盲信大牌，但要求物业管理有序、绿化修剪及时、人防技防规范。,本地常住人口，四季生活规律，度假频次为常规年假出行。
青_2008_01553,青岛,2008,本地改善,55,女,2.7,28.1,0.4,52.8,5,0,否,B,agent,0.86,0.6,0.71,0.57,0.57,0.96,0.66,0.76,0.6,自住-改善,两室两厅,99,3635,区财政局科员,高知退休康养,青岛中环品质两居，车位及空间极其拥挤,老小区隔音差，邻里滋扰严重，且车位严重匮乏，每晚加班回来抢车位像打仗。,要求有超大面宽南向双阳台（观景家政分离），主卧大飘窗能270度直面自然景观。,在市中心核心写字楼工作，首选半小时核心通勤圈内。,倡导轻户外，周末常带家人自驾野营或山系徒步，注重生活情调与手作咖啡。,名下持有一套旧两居，置换回款 65% + 个人理财储蓄补充 + 公积金商业贷,重性价比，不盲信大牌，但要求物业管理有序、绿化修剪及时、人防技防规范。,本地常住人口，四季生活规律，度假频次为常规年假出行。
青_2008_01554,青岛,2008,北方度假投资,48,男,3.4,32.8,0.5,49.3,3,1,否,B,research,0.69,0.31,0.93,0.54,0.57,0.41,0,0,0.89,投资-短期,一室一厅,100,3804,上市公司退休联合创始人,三口之家(学龄段),青岛中环品质两居，车位及空间极其拥挤,小区无地下车库且人车不分流，小孩在楼下玩耍或者推婴儿车极为不安全。,要求有超大面宽南向双阳台（观景家政分离），主卧大飘窗能270度直面自然景观。,在市中心核心写字楼工作，首选半小时核心通勤圈内。,倡导轻户外，周末常带家人自驾野营或山系徒步，注重生活情调与手作咖啡。,名下持有一套旧两居，置换回款 65% + 个人理财储蓄补充 + 公积金商业贷,非仁恒、绿城、万科等金牌开发商不买，极度看重高端精装质量与顶级物业的增值口碑。,每年11月至次年3月到此度过漫长冬季，极其依赖周边的康养及适老化服务。
青_2008_01555,青岛,2008,本地改善,46,女,2.1,18.4,0.4,34.4,5,1,否,B,agent,0.86,0.48,0.77,0.23,0.51,0.77,0.65,0.69,0.46,自住-改善,两室一厅,68,4386,邮政局局长秘书,三口之家(学龄段),青岛中环品质两居，车位及空间极其拥挤,小区无地下车库且人车不分流，小孩在楼下玩耍或者推婴儿车极为不安全。,要求有超大面宽南向双阳台（观景家政分离），主卧大飘窗能270度直面自然景观。,在市中心核心写字楼工作，首选半小时核心通勤圈内。,倡导轻户外，周末常带家人自驾野营或山系徒步，注重生活情调与手作咖啡。,名下持有一套旧两居，置换回款 65% + 个人理财储蓄补充 + 公积金商业贷,重性价比，不盲信大牌，但要求物业管理有序、绿化修剪及时、人防技防规范。,本地常住人口，四季生活规律，度假频次为常规年假出行。
青_2008_01556,青岛,2008,山东省内异地,53,男,2.8,19.9,0.45,33.2,4,0,否,C,network,0.62,0.62,0.93,0.72,0.59,0.75,0.01,0.48,0.58,自住-改善,一室一厅,76,2829,邮政局局长秘书,成熟期核心家庭,与父母同住，三代人拥挤在旧区小户型老房中,老小区隔音差，邻里滋扰严重，且车位严重匮乏，每晚加班回来抢车位像打仗。,要求独立电梯入户，主次卧动线分明，配备独立保姆房和私密后院。,在市中心核心写字楼工作，首选半小时核心通勤圈内。,爱猫狗，喜欢烹饪和插花，主打经济舒适的生活小确幸。,名下持有一套旧两居，置换回款 65% + 个人理财储蓄补充 + 公积金商业贷,重性价比，不盲信大牌，但要求物业管理有序、绿化修剪及时、人防技防规范。,本地常住人口，四季生活规律，度假频次为常规年假出行。
青_2008_01557,青岛,2008,本地改善,44,男,1.9,16.8,0.4,31.5,4,1,否,B,agent,0.6,0.66,0.82,0.55,0.53,0.8,0.63,0.83,0.61,自住-改善,两室一厅,60,3384,区财政局科员,三口之家(学龄段),青岛中环品质两居，车位及空间极其拥挤,小区无地下车库且人车不分流，小孩在楼下玩耍或者推婴儿车极为不安全。,要求有超大面宽南向双阳台（观景家政分离），主卧大飘窗能270度直面自然景观。,在市中心核心写字楼工作，首选半小时核心通勤圈内。,倡导轻户外，周末常带家人自驾野营或山系徒步，注重生活情调与手作咖啡。,名下持有一套旧两居，置换回款 65% + 个人理财储蓄补充 + 公积金商业贷,重性价比，不盲信大牌，但要求物业管理有序、绿化修剪及时、人防技防规范。,本地常住人口，四季生活规律，度假频次为常规年假出行。
青_2008_01558,青岛,2008,本地改善,37,男,1.8,13.9,0.4,26.0,4,1,是,B,agent,0.63,0.47,0.81,0.57,0.53,0.81,0.54,0.72,0.72,自住-改善,两室一厅,56,3936,市第二中学地理教师,三口之家(幼龄段),青岛中环品质两居，车位及空间极其拥挤,小区无地下车库且人车不分流，小孩在楼下玩耍或者推婴儿车极为不安全。,要求有超大面宽南向双阳台（观景家政分离），主卧大飘窗能270度直面自然景观。,在市中心核心写字楼工作，首选半小时核心通勤圈内。,倡导轻户外，周末常带家人自驾野营或山系徒步，注重生活情调与手作咖啡。,名下持有一套旧两居，置换回款 65% + 个人理财储蓄补充 + 公积金商业贷,非仁恒、绿城、万科等金牌开发商不买，极度看重高端精装质量与顶级物业的增值口碑。,本地常住人口，四季生活规律，度假频次为常规年假出行。
青_2008_01559,青岛,2008,本地改善,54,男,2.1,20.2,0.4,37.8,3,0,否,B,agent,0.58,0.52,0.68,0.58,0.58,0.74,0.57,0.58,0.69,自住-改善,两室两厅,83,3271,国企车间技术主任,成熟期核心家庭,青岛中环品质两居，车位及空间极其拥挤,老小区隔音差，邻里滋扰严重，且车位严重匮乏，每晚加班回来抢车位像打仗。,讲究超高得房率（超85%），主卧套房必须配备独立步入式衣帽间与干湿分离双卫。,在市中心核心写字楼工作，首选半小时核心通勤圈内。,倡导轻户外，周末常带家人自驾野营或山系徒步，注重生活情调与手作咖啡。,名下持有一套旧两居，置换回款 65% + 个人理财储蓄补充 + 公积金商业贷,重性价比，不盲信大牌，但要求物业管理有序、绿化修剪及时、人防技防规范。,本地常住人口，四季生活规律，度假频次为常规年假出行。
青_2008_01560,青岛,2008,本地改善,50,男,3.4,28.8,0.4,54.0,5,1,是,B,agent,0.66,0.5,0.69,0.43,0.58,0.9,0.58,0.77,0.52,自住-改善,一室一厅,67,5234,邮政局局长秘书,三口之家(学龄段),青岛中环品质两居，车位及空间极其拥挤,小区无地下车库且人车不分流，小孩在楼下玩耍或者推婴儿车极为不安全。,讲究超高得房率（超85%），主卧套房必须配备独立步入式衣帽间与干湿分离双卫。,在市中心核心写字楼工作，首选半小时核心通勤圈内。,倡导轻户外，周末常带家人自驾野营或山系徒步，注重生活情调与手作咖啡。,名下持有一套旧两居，置换回款 65% + 个人理财储蓄补充 + 公积金商业贷,重性价比，不盲信大牌，但要求物业管理有序、绿化修剪及时、人防技防规范。,本地常住人口，四季生活规律，度假频次为常规年假出行。
青_2008_01561,青岛,2008,高端海景收藏,45,男,6.4,74.8,0.6,93.5,1,0,否,A,network,0.55,0.27,1,0.95,0.79,0.52,0.03,0.01,0.96,投资-短期,两室一厅,93,7376,知名中医药连锁投资人,成熟期核心家庭,西湖边高精平层,无高端私密会所及管家式物业配套，圈层鱼龙混杂，高净值居住体验差。,要求独立电梯入户，主次卧动线分明，配备独立保姆房和私密后院。,在市中心核心写字楼工作，首选半小时核心通勤圈内。,周末常去高端商圈消费，热衷打网球和马术，重度手冲咖啡及黑胶唱片发烧友。,名下已有企业股权套现或分红现金，一次性全款付清，基本不加杠杆,非仁恒、绿城、万科等金牌开发商不买，极度看重高端精装质量与顶级物业的增值口碑。,本地常住人口，四季生活规律，度假频次为常规年假出行。
青_2008_01562,青岛,2008,本地改善,40,女,2.9,18.8,0.4,35.3,4,1,否,B,agent,0.54,0.52,0.58,0.42,0.46,0.81,0.74,0.72,0.56,自住-改善,两室一厅,67,3050,区财政局科员,三口之家(学龄段),青岛中环品质两居，车位及空间极其拥挤,小区无地下车库且人车不分流，小孩在楼下玩耍或者推婴儿车极为不安全。,讲究超高得房率（超85%），主卧套房必须配备独立步入式衣帽间与干湿分离双卫。,在市中心核心写字楼工作，首选半小时核心通勤圈内。,倡导轻户外，周末常带家人自驾野营或山系徒步，注重生活情调与手作咖啡。,名下持有一套旧两居，置换回款 65% + 个人理财储蓄补充 + 公积金商业贷,重性价比，不盲信大牌，但要求物业管理有序、绿化修剪及时、人防技防规范。,本地常住人口，四季生活规律，度假频次为常规年假出行。
青_2008_01563,青岛,2008,学区刚需,39,女,1.9,10.1,0.3,25.4,3,1,否,C,agent,1,0.53,0.35,0.2,0.49,0.74,0.54,1,0.35,学区房,一室一厅,97,2111,市第二中学地理教师,三口之家(学龄段),与父母同住，三代人拥挤在旧区小户型老房中,小区无地下车库且人车不分流，小孩在楼下玩耍或者推婴儿车极为不安全。,讲究超高得房率（超85%），主卧套房必须配备独立步入式衣帽间与干湿分离双卫。,在市中心核心写字楼工作，首选半小时核心通勤圈内。,爱猫狗，喜欢烹饪和插花，主打经济舒适的生活小确幸。,名下持有一套旧两居，置换回款 65% + 个人理财储蓄补充 + 公积金商业贷,重性价比，不盲信大牌，但要求物业管理有序、绿化修剪及时、人防技防规范。,本地常住人口，四季生活规律，度假频次为常规年假出行。
青_2008_01564,青岛,2008,山东省内异地,57,男,2.7,16.9,0.45,28.2,4,0,否,C,network,0.54,0.47,0.78,0.43,0.5,0.67,0,0.46,0.49,自住-首套,两室一厅,94,2638,邮政局局长秘书,高知退休康养,与父母同住，三代人拥挤在旧区小户型老房中,老小区隔音差，邻里滋扰严重，且车位严重匮乏，每晚加班回来抢车位像打仗。,要求有超大面宽南向双阳台（观景家政分离），主卧大飘窗能270度直面自然景观。,在市中心核心写字楼工作，首选半小时核心通勤圈内。,爱猫狗，喜欢烹饪和插花，主打经济舒适的生活小确幸。,夫妻双方积蓄 + 双方父母出资赞助首付 + 公积金商业组合贷款,重性价比，不盲信大牌，但要求物业管理有序、绿化修剪及时、人防技防规范。,本地常住人口，四季生活规律，度假频次为常规年假出行。
青_2008_01565,青岛,2008,本地改善,42,男,1.8,17.6,0.4,32.9,3,1,是,B,agent,0.51,0.52,0.7,0.39,0.41,0.84,0.62,0.5,0.59,自住-改善,两室一厅,93,2445,邮政局局长秘书,三口之家(学龄段),青岛中环品质两居，车位及空间极其拥挤,小区无地下车库且人车不分流，小孩在楼下玩耍或者推婴儿车极为不安全。,讲究超高得房率（超85%），主卧套房必须配备独立步入式衣帽间与干湿分离双卫。,在市中心核心写字楼工作，首选半小时核心通勤圈内。,倡导轻户外，周末常带家人自驾野营或山系徒步，注重生活情调与手作咖啡。,名下持有一套旧两居，置换回款 65% + 个人理财储蓄补充 + 公积金商业贷,重性价比，不盲信大牌，但要求物业管理有序、绿化修剪及时、人防技防规范。,本地常住人口，四季生活规律，度假频次为常规年假出行。
青_2008_01566,青岛,2008,本地改善,43,男,2.1,18.1,0.4,33.9,4,1,是,B,agent,0.66,0.41,0.83,0.57,0.39,0.85,0.48,0.6,0.48,自住-改善,一室一厅,51,5767,国企车间技术主任,三口之家(学龄段),青岛中环品质两居，车位及空间极其拥挤,小区无地下车库且人车不分流，小孩在楼下玩耍或者推婴儿车极为不安全。,要求有超大面宽南向双阳台（观景家政分离），主卧大飘窗能270度直面自然景观。,在市中心核心写字楼工作，首选半小时核心通勤圈内。,倡导轻户外，周末常带家人自驾野营或山系徒步，注重生活情调与手作咖啡。,名下持有一套旧两居，置换回款 65% + 个人理财储蓄补充 + 公积金商业贷,重性价比，不盲信大牌，但要求物业管理有序、绿化修剪及时、人防技防规范。,本地常住人口，四季生活规律，度假频次为常规年假出行。
青_2008_01567,青岛,2008,北方度假投资,53,男,3.3,27.9,0.5,41.9,2,0,否,B,research,0.71,0.43,0.93,0.68,0.48,0.48,0.13,0.04,0.61,度假,两室两厅,81,2924,上市公司退休联合创始人,成熟期核心家庭,青岛中环品质两居，车位及空间极其拥挤,老小区隔音差，邻里滋扰严重，且车位严重匮乏，每晚加班回来抢车位像打仗。,要求有超大面宽南向双阳台（观景家政分离），主卧大飘窗能270度直面自然景观。,在市中心核心写字楼工作，首选半小时核心通勤圈内。,倡导轻户外，周末常带家人自驾野营或山系徒步，注重生活情调与手作咖啡。,名下持有一套旧两居，置换回款 65% + 个人理财储蓄补充 + 公积金商业贷,重性价比，不盲信大牌，但要求物业管理有序、绿化修剪及时、人防技防规范。,每年11月至次年3月到此度过漫长冬季，极其依赖周边的康养及适老化服务。
青_2008_01568,青岛,2008,本地改善,39,男,1.7,14.4,0.4,27.0,5,1,否,B,agent,0.5,0.55,0.62,0.54,0.48,0.83,0.69,0.72,0.57,自住-改善,两室两厅,59,3696,国企车间技术主任,三口之家(学龄段),青岛中环品质两居，车位及空间极其拥挤,小区无地下车库且人车不分流，小孩在楼下玩耍或者推婴儿车极为不安全。,讲究超高得房率（超85%），主卧套房必须配备独立步入式衣帽间与干湿分离双卫。,在市中心核心写字楼工作，首选半小时核心通勤圈内。,倡导轻户外，周末常带家人自驾野营或山系徒步，注重生活情调与手作咖啡。,名下持有一套旧两居，置换回款 65% + 个人理财储蓄补充 + 公积金商业贷,重性价比，不盲信大牌，但要求物业管理有序、绿化修剪及时、人防技防规范。,本地常住人口，四季生活规律，度假频次为常规年假出行。
青_2008_01569,青岛,2008,学区刚需,36,女,1.4,7.2,0.3,17.9,3,1,是,C,agent,0.76,0.53,0.33,0.28,0.42,0.82,0.69,0.95,0.38,学区房,两室两厅,67,2346,区财政局科员,三口之家(幼龄段),与父母同住，三代人拥挤在旧区小户型老房中,小区无地下车库且人车不分流，小孩在楼下玩耍或者推婴儿车极为不安全。,讲究超高得房率（超85%），主卧套房必须配备独立步入式衣帽间与干湿分离双卫。,在市中心核心写字楼工作，首选半小时核心通勤圈内。,爱猫狗，喜欢烹饪和插花，主打经济舒适的生活小确幸。,名下持有一套旧两居，置换回款 65% + 个人理财储蓄补充 + 公积金商业贷,重性价比，不盲信大牌，但要求物业管理有序、绿化修剪及时、人防技防规范。,本地常住人口，四季生活规律，度假频次为常规年假出行。
青_2008_01570,青岛,2008,本地改善,53,男,2.5,20.9,0.4,39.3,3,1,是,B,agent,0.75,0.54,0.84,0.47,0.68,0.88,0.55,0.83,0.62,自住-改善,两室两厅,70,3889,区财政局科员,三口之家(学龄段),青岛中环品质两居，车位及空间极其拥挤,小区无地下车库且人车不分流，小孩在楼下玩耍或者推婴儿车极为不安全。,要求有超大面宽南向双阳台（观景家政分离），主卧大飘窗能270度直面自然景观。,在市中心核心写字楼工作，首选半小时核心通勤圈内。,倡导轻户外，周末常带家人自驾野营或山系徒步，注重生活情调与手作咖啡。,名下持有一套旧两居，置换回款 65% + 个人理财储蓄补充 + 公积金商业贷,重性价比，不盲信大牌，但要求物业管理有序、绿化修剪及时、人防技防规范。,本地常住人口，四季生活规律，度假频次为常规年假出行。
青_2008_01571,青岛,2008,学区刚需,45,女,1.2,5.0,0.3,12.4,2,1,是,C,agent,1,0.49,0.54,0.36,0.46,0.91,0.55,0.88,0.45,学区房,一室一厅,86,1170,邮政局局长秘书,三口之家(学龄段),与父母同住，三代人拥挤在旧区小户型老房中,小区无地下车库且人车不分流，小孩在楼下玩耍或者推婴儿车极为不安全。,讲究超高得房率（超85%），主卧套房必须配备独立步入式衣帽间与干湿分离双卫。,在市中心核心写字楼工作，首选半小时核心通勤圈内。,爱猫狗，喜欢烹饪和插花，主打经济舒适的生活小确幸。,名下持有一套旧两居，置换回款 65% + 个人理财储蓄补充 + 公积金商业贷,重性价比，不盲信大牌，但要求物业管理有序、绿化修剪及时、人防技防规范。,本地常住人口，四季生活规律，度假频次为常规年假出行。
青_2008_01572,青岛,2008,本地改善,50,女,1.1,7.6,0.4,14.3,4,2,否,B,agent,0.9,0.53,0.67,0.62,0.55,0.83,0.69,0.7,0.6,自住-改善,两室一厅,66,1122,市第二中学地理教师,二胎黄金期中大户型,青岛中环品质两居，车位及空间极其拥挤,小区无地下车库且人车不分流，小孩在楼下玩耍或者推婴儿车极为不安全。,讲究超高得房率（超85%），主卧套房必须配备独立步入式衣帽间与干湿分离双卫。,在市中心核心写字楼工作，首选半小时核心通勤圈内。,倡导轻户外，周末常带家人自驾野营或山系徒步，注重生活情调与手作咖啡。,名下持有一套旧两居，置换回款 65% + 个人理财储蓄补充 + 公积金商业贷,重性价比，不盲信大牌，但要求物业管理有序、绿化修剪及时、人防技防规范。,本地常住人口，四季生活规律，度假频次为常规年假出行。
青_2008_01573,青岛,2008,本地改善,39,男,1.8,17.7,0.4,33.2,4,1,是,B,agent,0.58,0.5,0.72,0.48,0.54,0.96,0.6,0.78,0.44,自住-改善,两室两厅,56,4899,邮政局局长秘书,三口之家(学龄段),青岛中环品质两居，车位及空间极其拥挤,小区无地下车库且人车不分流，小孩在楼下玩耍或者推婴儿车极为不安全。,要求有超大面宽南向双阳台（观景家政分离），主卧大飘窗能270度直面自然景观。,在市中心核心写字楼工作，首选半小时核心通勤圈内。,倡导轻户外，周末常带家人自驾野营或山系徒步，注重生活情调与手作咖啡。,名下持有一套旧两居，置换回款 65% + 个人理财储蓄补充 + 公积金商业贷,重性价比，不盲信大牌，但要求物业管理有序、绿化修剪及时、人防技防规范。,本地常住人口，四季生活规律，度假频次为常规年假出行。
青_2008_01574,青岛,2008,高端海景收藏,50,女,2.3,31.4,0.6,39.3,2,0,否,A,network,0.67,0.34,0.88,0.88,0.7,0.59,0.09,0,0.69,度假,两室一厅,80,3004,上市公司退休联合创始人,成熟期核心家庭,市中心私密洋房住宅,无高端私密会所及管家式物业配套，圈层鱼龙混杂，高净值居住体验差。,要求独立电梯入户，主次卧动线分明，配备独立保姆房和私密后院。,在市中心核心写字楼工作，首选半小时核心通勤圈内。,周末常去高端商圈消费，热衷打网球和马术，重度手冲咖啡及黑胶唱片发烧友。,名下已有企业股权套现或分红现金，一次性全款付清，基本不加杠杆,重性价比，不盲信大牌，但要求物业管理有序、绿化修剪及时、人防技防规范。,本地常住人口，四季生活规律，度假频次为常规年假出行。
青_2008_01575,青岛,2008,本地改善,49,男,2.4,16.0,0.4,30.0,3,1,否,B,agent,0.73,0.47,0.66,0.54,0.42,0.97,0.59,0.64,0.58,自住-改善,一室一厅,65,2867,市第二中学地理教师,三口之家(学龄段),青岛中环品质两居，车位及空间极其拥挤,小区无地下车库且人车不分流，小孩在楼下玩耍或者推婴儿车极为不安全。,讲究超高得房率（超85%），主卧套房必须配备独立步入式衣帽间与干湿分离双卫。,在市中心核心写字楼工作，首选半小时核心通勤圈内。,倡导轻户外，周末常带家人自驾野营或山系徒步，注重生活情调与手作咖啡。,名下持有一套旧两居，置换回款 65% + 个人理财储蓄补充 + 公积金商业贷,重性价比，不盲信大牌，但要求物业管理有序、绿化修剪及时、人防技防规范。,本地常住人口，四季生活规律，度假频次为常规年假出行。
青_2008_01576,青岛,2008,本地改善,45,女,1.5,12.0,0.4,22.4,4,1,否,B,agent,0.83,0.45,0.74,0.53,0.54,1,0.62,0.73,0.58,自住-改善,一室一厅,50,2748,区财政局科员,三口之家(学龄段),青岛中环品质两居，车位及空间极其拥挤,小区无地下车库且人车不分流，小孩在楼下玩耍或者推婴儿车极为不安全。,要求有超大面宽南向双阳台（观景家政分离），主卧大飘窗能270度直面自然景观。,在市中心核心写字楼工作，首选半小时核心通勤圈内。,倡导轻户外，周末常带家人自驾野营或山系徒步，注重生活情调与手作咖啡。,名下持有一套旧两居，置换回款 65% + 个人理财储蓄补充 + 公积金商业贷,重性价比，不盲信大牌，但要求物业管理有序、绿化修剪及时、人防技防规范。,本地常住人口，四季生活规律，度假频次为常规年假出行。
青_2008_01577,青岛,2008,本地改善,46,男,1.8,16.7,0.4,31.3,3,1,否,B,agent,0.83,0.62,0.9,0.51,0.51,1,0.6,0.65,0.64,自住-改善,一室一厅,94,2759,邮政局局长秘书,三口之家(学龄段),青岛中环品质两居，车位及空间极其拥挤,小区无地下车库且人车不分流，小孩在楼下玩耍或者推婴儿车极为不安全。,要求有超大面宽南向双阳台（观景家政分离），主卧大飘窗能270度直面自然景观。,在市中心核心写字楼工作，首选半小时核心通勤圈内。,倡导轻户外，周末常带家人自驾野营或山系徒步，注重生活情调与手作咖啡。,名下持有一套旧两居，置换回款 65% + 个人理财储蓄补充 + 公积金商业贷,重性价比，不盲信大牌，但要求物业管理有序、绿化修剪及时、人防技防规范。,本地常住人口，四季生活规律，度假频次为常规年假出行。
青_2008_01578,青岛,2008,学区刚需,38,女,3.8,24.5,0.3,61.1,3,1,否,C,agent,0.96,0.64,0.45,0.25,0.25,0.71,0.48,0.91,0.34,学区房,一室一厅,50,9256,区财政局科员,三口之家(学龄段),与父母同住，三代人拥挤在旧区小户型老房中,小区无地下车库且人车不分流，小孩在楼下玩耍或者推婴儿车极为不安全。,讲究超高得房率（超85%），主卧套房必须配备独立步入式衣帽间与干湿分离双卫。,在市中心核心写字楼工作，首选半小时核心通勤圈内。,爱猫狗，喜欢烹饪和插花，主打经济舒适的生活小确幸。,名下持有一套旧两居，置换回款 65% + 个人理财储蓄补充 + 公积金商业贷,重性价比，不盲信大牌，但要求物业管理有序、绿化修剪及时、人防技防规范。,本地常住人口，四季生活规律，度假频次为常规年假出行。
青_2008_01579,青岛,2008,本地改善,37,女,1.5,14.1,0.4,26.3,5,0,是,B,agent,0.6,0.58,0.83,0.63,0.53,1,0.58,0.76,0.58,自住-改善,两室两厅,93,1711,市第二中学地理教师,成熟期核心家庭,青岛中环品质两居，车位及空间极其拥挤,当前房屋属于旧多层无电梯房，父母年纪渐高每天爬楼梯极为吃力。,要求有超大面宽南向双阳台（观景家政分离），主卧大飘窗能270度直面自然景观。,在市中心核心写字楼工作，首选半小时核心通勤圈内。,倡导轻户外，周末常带家人自驾野营或山系徒步，注重生活情调与手作咖啡。,名下持有一套旧两居，置换回款 65% + 个人理财储蓄补充 + 公积金商业贷,重性价比，不盲信大牌，但要求物业管理有序、绿化修剪及时、人防技防规范。,本地常住人口，四季生活规律，度假频次为常规年假出行。
青_2008_01580,青岛,2008,本地改善,47,男,2.8,21.2,0.4,39.8,5,0,否,B,agent,0.62,0.46,0.88,0.72,0.52,0.93,0.44,0.61,0.55,自住-改善,两室两厅,53,4681,邮政局局长秘书,成熟期核心家庭,青岛中环品质两居，车位及空间极其拥挤,老小区隔音差，邻里滋扰严重，且车位严重匮乏，每晚加班回来抢车位像打仗。,要求独立电梯入户，主次卧动线分明，配备独立保姆房和私密后院。,在市中心核心写字楼工作，首选半小时核心通勤圈内。,倡导轻户外，周末常带家人自驾野营或山系徒步，注重生活情调与手作咖啡。,名下持有一套旧两居，置换回款 65% + 个人理财储蓄补充 + 公积金商业贷,重性价比，不盲信大牌，但要求物业管理有序、绿化修剪及时、人防技防规范。,本地常住人口，四季生活规律，度假频次为常规年假出行。
青_2008_01581,青岛,2008,本地改善,39,女,2.4,20.5,0.4,38.4,4,1,否,B,agent,0.72,0.4,0.81,0.45,0.42,0.87,0.59,0.64,0.61,自住-改善,两室两厅,56,3439,市第二中学地理教师,三口之家(学龄段),青岛中环品质两居，车位及空间极其拥挤,小区无地下车库且人车不分流，小孩在楼下玩耍或者推婴儿车极为不安全。,要求有超大面宽南向双阳台（观景家政分离），主卧大飘窗能270度直面自然景观。,在市中心核心写字楼工作，首选半小时核心通勤圈内。,倡导轻户外，周末常带家人自驾野营或山系徒步，注重生活情调与手作咖啡。,名下持有一套旧两居，置换回款 65% + 个人理财储蓄补充 + 公积金商业贷,重性价比，不盲信大牌，但要求物业管理有序、绿化修剪及时、人防技防规范。,本地常住人口，四季生活规律，度假频次为常规年假出行。
青_2008_01582,青岛,2008,学区刚需,37,男,1.6,7.4,0.3,18.6,3,1,否,C,agent,0.92,0.58,0.43,0.22,0.4,0.73,0.48,0.95,0.5,学区房,一室一厅,95,1753,国企车间技术主任,三口之家(幼龄段),与父母同住，三代人拥挤在旧区小户型老房中,小区无地下车库且人车不分流，小孩在楼下玩耍或者推婴儿车极为不安全。,讲究超高得房率（超85%），主卧套房必须配备独立步入式衣帽间与干湿分离双卫。,在市中心核心写字楼工作，首选半小时核心通勤圈内。,爱猫狗，喜欢烹饪和插花，主打经济舒适的生活小确幸。,名下持有一套旧两居，置换回款 65% + 个人理财储蓄补充 + 公积金商业贷,重性价比，不盲信大牌，但要求物业管理有序、绿化修剪及时、人防技防规范。,本地常住人口，四季生活规律，度假频次为常规年假出行。
青_2008_01583,青岛,2008,学区刚需,40,男,2.3,10.8,0.3,27.1,3,1,否,C,agent,1,0.65,0.3,0.41,0.33,0.77,0.5,0.94,0.43,学区房,两室一厅,98,1973,邮政局局长秘书,三口之家(学龄段),与父母同住，三代人拥挤在旧区小户型老房中,小区无地下车库且人车不分流，小孩在楼下玩耍或者推婴儿车极为不安全。,讲究超高得房率（超85%），主卧套房必须配备独立步入式衣帽间与干湿分离双卫。,在市中心核心写字楼工作，首选半小时核心通勤圈内。,爱猫狗，喜欢烹饪和插花，主打经济舒适的生活小确幸。,名下持有一套旧两居，置换回款 65% + 个人理财储蓄补充 + 公积金商业贷,重性价比，不盲信大牌，但要求物业管理有序、绿化修剪及时、人防技防规范。,本地常住人口，四季生活规律，度假频次为常规年假出行。
青_2008_01584,青岛,2008,本地改善,40,女,0.9,7.8,0.4,14.6,3,1,是,B,agent,0.64,0.56,0.74,0.52,0.46,0.75,0.73,0.82,0.53,自住-改善,两室两厅,56,2289,区财政局科员,三口之家(学龄段),青岛中环品质两居，车位及空间极其拥挤,小区无地下车库且人车不分流，小孩在楼下玩耍或者推婴儿车极为不安全。,要求有超大面宽南向双阳台（观景家政分离），主卧大飘窗能270度直面自然景观。,在市中心核心写字楼工作，首选半小时核心通勤圈内。,倡导轻户外，周末常带家人自驾野营或山系徒步，注重生活情调与手作咖啡。,名下持有一套旧两居，置换回款 65% + 个人理财储蓄补充 + 公积金商业贷,重性价比，不盲信大牌，但要求物业管理有序、绿化修剪及时、人防技防规范。,本地常住人口，四季生活规律，度假频次为常规年假出行。
青_2008_01585,青岛,2008,山东省内异地,43,男,1.4,12.6,0.45,21.0,2,2,是,C,network,0.76,0.56,0.75,0.74,0.56,0.64,0,0.32,0.5,自住-首套,两室一厅,92,1915,邮政局局长秘书,二胎黄金期中大户型,与父母同住，三代人拥挤在旧区小户型老房中,小区无地下车库且人车不分流，小孩在楼下玩耍或者推婴儿车极为不安全。,要求独立电梯入户，主次卧动线分明，配备独立保姆房和私密后院。,在市中心核心写字楼工作，首选半小时核心通勤圈内。,爱猫狗，喜欢烹饪和插花，主打经济舒适的生活小确幸。,夫妻双方积蓄 + 双方父母出资赞助首付 + 公积金商业组合贷款,重性价比，不盲信大牌，但要求物业管理有序、绿化修剪及时、人防技防规范。,本地常住人口，四季生活规律，度假频次为常规年假出行。
青_2008_01586,青岛,2008,山东省内异地,42,女,1.7,10.4,0.45,17.3,3,2,否,C,network,0.85,0.68,0.83,0.64,0.56,0.75,0.0,0.29,0.45,自住-改善,两室一厅,63,1953,区财政局科员,二胎黄金期中大户型,与父母同住，三代人拥挤在旧区小户型老房中,小区无地下车库且人车不分流，小孩在楼下玩耍或者推婴儿车极为不安全。,要求有超大面宽南向双阳台（观景家政分离），主卧大飘窗能270度直面自然景观。,在市中心核心写字楼工作，首选半小时核心通勤圈内。,爱猫狗，喜欢烹饪和插花，主打经济舒适的生活小确幸。,名下持有一套旧两居，置换回款 65% + 个人理财储蓄补充 + 公积金商业贷,重性价比，不盲信大牌，但要求物业管理有序、绿化修剪及时、人防技防规范。,本地常住人口，四季生活规律，度假频次为常规年假出行。
青_2008_01587,青岛,2008,本地改善,39,男,1.6,16.4,0.4,30.8,5,1,是,B,agent,0.92,0.51,0.68,0.45,0.61,0.87,0.48,0.75,0.52,自住-改善,两室两厅,61,2956,国企车间技术主任,三口之家(学龄段),青岛中环品质两居，车位及空间极其拥挤,小区无地下车库且人车不分流，小孩在楼下玩耍或者推婴儿车极为不安全。,讲究超高得房率（超85%），主卧套房必须配备独立步入式衣帽间与干湿分离双卫。,在市中心核心写字楼工作，首选半小时核心通勤圈内。,倡导轻户外，周末常带家人自驾野营或山系徒步，注重生活情调与手作咖啡。,名下持有一套旧两居，置换回款 65% + 个人理财储蓄补充 + 公积金商业贷,重性价比，不盲信大牌，但要求物业管理有序、绿化修剪及时、人防技防规范。,本地常住人口，四季生活规律，度假频次为常规年假出行。
青_2008_01588,青岛,2008,学区刚需,37,男,1.8,10.0,0.3,25.0,2,1,否,C,agent,0.81,0.54,0.58,0.34,0.36,0.82,0.63,1,0.47,学区房,一室一厅,70,2198,市第二中学地理教师,三口之家(幼龄段),与父母同住，三代人拥挤在旧区小户型老房中,小区无地下车库且人车不分流，小孩在楼下玩耍或者推婴儿车极为不安全。,讲究超高得房率（超85%），主卧套房必须配备独立步入式衣帽间与干湿分离双卫。,在市中心核心写字楼工作，首选半小时核心通勤圈内。,爱猫狗，喜欢烹饪和插花，主打经济舒适的生活小确幸。,名下持有一套旧两居，置换回款 65% + 个人理财储蓄补充 + 公积金商业贷,重性价比，不盲信大牌，但要求物业管理有序、绿化修剪及时、人防技防规范。,本地常住人口，四季生活规律，度假频次为常规年假出行。
青_2008_01589,青岛,2008,本地改善,38,男,2.4,22.3,0.4,41.8,5,1,否,B,agent,0.71,0.49,0.85,0.5,0.67,0.69,0.6,0.74,0.61,自住-改善,一室一厅,61,3897,国企车间技术主任,三口之家(学龄段),青岛中环品质两居，车位及空间极其拥挤,小区无地下车库且人车不分流，小孩在楼下玩耍或者推婴儿车极为不安全。,要求有超大面宽南向双阳台（观景家政分离），主卧大飘窗能270度直面自然景观。,在市中心核心写字楼工作，首选半小时核心通勤圈内。,倡导轻户外，周末常带家人自驾野营或山系徒步，注重生活情调与手作咖啡。,名下持有一套旧两居，置换回款 65% + 个人理财储蓄补充 + 公积金商业贷,重性价比，不盲信大牌，但要求物业管理有序、绿化修剪及时、人防技防规范。,本地常住人口，四季生活规律，度假频次为常规年假出行。
青_2008_01590,青岛,2008,本地改善,38,男,1.6,16.7,0.4,31.4,5,2,否,B,agent,0.66,0.46,0.78,0.47,0.45,0.72,0.81,0.64,0.55,自住-改善,两室两厅,96,1973,区财政局科员,二胎黄金期中大户型,青岛中环品质两居，车位及空间极其拥挤,小区无地下车库且人车不分流，小孩在楼下玩耍或者推婴儿车极为不安全。,要求有超大面宽南向双阳台（观景家政分离），主卧大飘窗能270度直面自然景观。,在市中心核心写字楼工作，首选半小时核心通勤圈内。,倡导轻户外，周末常带家人自驾野营或山系徒步，注重生活情调与手作咖啡。,名下持有一套旧两居，置换回款 65% + 个人理财储蓄补充 + 公积金商业贷,重性价比，不盲信大牌，但要求物业管理有序、绿化修剪及时、人防技防规范。,本地常住人口，四季生活规律，度假频次为常规年假出行。
青_2008_01591,青岛,2008,学区刚需,33,女,1.9,9.1,0.3,22.6,3,1,否,C,agent,0.81,0.55,0.29,0.2,0.48,0.76,0.55,1,0.56,学区房,两室一厅,93,1958,邮政局局长秘书,三口之家(幼龄段),与父母同住，三代人拥挤在旧区小户型老房中,小区无地下车库且人车不分流，小孩在楼下玩耍或者推婴儿车极为不安全。,讲究超高得房率（超85%），主卧套房必须配备独立步入式衣帽间与干湿分离双卫。,在市中心核心写字楼工作，首选半小时核心通勤圈内。,爱猫狗，喜欢烹饪和插花，主打经济舒适的生活小确幸。,名下持有一套旧两居，置换回款 65% + 个人理财储蓄补充 + 公积金商业贷,重性价比，不盲信大牌，但要求物业管理有序、绿化修剪及时、人防技防规范。,本地常住人口，四季生活规律，度假频次为常规年假出行。
青_2008_01592,青岛,2008,学区刚需,33,男,2.2,11.2,0.3,28.0,2,1,是,C,agent,0.82,0.54,0.37,0.33,0.32,0.7,0.65,0.99,0.42,学区房,一室一厅,60,3540,国企车间技术主任,三口之家(幼龄段),与父母同住，三代人拥挤在旧区小户型老房中,小区无地下车库且人车不分流，小孩在楼下玩耍或者推婴儿车极为不安全。,核心要求地块属于第一梯队名校学区，且周边500米内解决幼小衔接教育配套。,在市中心核心写字楼工作，首选半小时核心通勤圈内。,爱猫狗，喜欢烹饪和插花，主打经济舒适的生活小确幸。,名下持有一套旧两居，置换回款 65% + 个人理财储蓄补充 + 公积金商业贷,重性价比，不盲信大牌，但要求物业管理有序、绿化修剪及时、人防技防规范。,本地常住人口，四季生活规律，度假频次为常规年假出行。
青_2008_01593,青岛,2008,本地改善,35,女,2.7,16.1,0.4,30.2,4,1,是,B,agent,0.7,0.49,0.77,0.5,0.62,0.75,0.58,0.62,0.7,自住-改善,两室一厅,87,2751,市第二中学地理教师,三口之家(幼龄段),青岛中环品质两居，车位及空间极其拥挤,小区无地下车库且人车不分流，小孩在楼下玩耍或者推婴儿车极为不安全。,要求有超大面宽南向双阳台（观景家政分离），主卧大飘窗能270度直面自然景观。,在市中心核心写字楼工作，首选半小时核心通勤圈内。,倡导轻户外，周末常带家人自驾野营或山系徒步，注重生活情调与手作咖啡。,名下持有一套旧两居，置换回款 65% + 个人理财储蓄补充 + 公积金商业贷,重性价比，不盲信大牌，但要求物业管理有序、绿化修剪及时、人防技防规范。,本地常住人口，四季生活规律，度假频次为常规年假出行。
青_2008_01594,青岛,2008,本地改善,50,女,2.4,19.3,0.4,36.2,3,1,否,B,agent,0.72,0.54,0.76,0.51,0.52,0.85,0.71,0.62,0.52,自住-改善,两室两厅,98,2916,区财政局科员,三口之家(学龄段),青岛中环品质两居，车位及空间极其拥挤,小区无地下车库且人车不分流，小孩在楼下玩耍或者推婴儿车极为不安全。,要求有超大面宽南向双阳台（观景家政分离），主卧大飘窗能270度直面自然景观。,在市中心核心写字楼工作，首选半小时核心通勤圈内。,倡导轻户外，周末常带家人自驾野营或山系徒步，注重生活情调与手作咖啡。,名下持有一套旧两居，置换回款 65% + 个人理财储蓄补充 + 公积金商业贷,重性价比，不盲信大牌，但要求物业管理有序、绿化修剪及时、人防技防规范。,本地常住人口，四季生活规律，度假频次为常规年假出行。
青_2008_01595,青岛,2008,本地改善,54,女,2.8,27.0,0.4,50.7,4,0,否,B,agent,0.65,0.58,0.78,0.59,0.43,0.88,0.71,0.59,0.5,自住-改善,两室两厅,86,3271,区财政局科员,成熟期核心家庭,青岛中环品质两居，车位及空间极其拥挤,老小区隔音差，邻里滋扰严重，且车位严重匮乏，每晚加班回来抢车位像打仗。,要求有超大面宽南向双阳台（观景家政分离），主卧大飘窗能270度直面自然景观。,在市中心核心写字楼工作，首选半小时核心通勤圈内。,倡导轻户外，周末常带家人自驾野营或山系徒步，注重生活情调与手作咖啡。,名下持有一套旧两居，置换回款 65% + 个人理财储蓄补充 + 公积金商业贷,重性价比，不盲信大牌，但要求物业管理有序、绿化修剪及时、人防技防规范。,本地常住人口，四季生活规律，度假频次为常规年假出行。
青_2008_01596,青岛,2008,本地改善,46,女,2.5,20.7,0.4,38.9,4,1,是,B,agent,0.9,0.44,0.78,0.57,0.51,0.81,0.71,0.59,0.59,自住-改善,两室一厅,58,4583,邮政局局长秘书,三口之家(学龄段),青岛中环品质两居，车位及空间极其拥挤,小区无地下车库且人车不分流，小孩在楼下玩耍或者推婴儿车极为不安全。,要求有超大面宽南向双阳台（观景家政分离），主卧大飘窗能270度直面自然景观。,在市中心核心写字楼工作，首选半小时核心通勤圈内。,倡导轻户外，周末常带家人自驾野营或山系徒步，注重生活情调与手作咖啡。,名下持有一套旧两居，置换回款 65% + 个人理财储蓄补充 + 公积金商业贷,重性价比，不盲信大牌，但要求物业管理有序、绿化修剪及时、人防技防规范。,本地常住人口，四季生活规律，度假频次为常规年假出行。
青_2008_01597,青岛,2008,山东省内异地,57,女,3.5,29.4,0.45,49.0,2,1,是,C,network,0.43,0.46,0.73,0.54,0.45,0.72,0.16,0.47,0.61,自住-首套,两室一厅,67,4768,市第二中学地理教师,三口之家(学龄段),与父母同住，三代人拥挤在旧区小户型老房中,小区无地下车库且人车不分流，小孩在楼下玩耍或者推婴儿车极为不安全。,要求有超大面宽南向双阳台（观景家政分离），主卧大飘窗能270度直面自然景观。,在市中心核心写字楼工作，首选半小时核心通勤圈内。,爱猫狗，喜欢烹饪和插花，主打经济舒适的生活小确幸。,夫妻双方积蓄 + 双方父母出资赞助首付 + 公积金商业组合贷款,重性价比，不盲信大牌，但要求物业管理有序、绿化修剪及时、人防技防规范。,本地常住人口，四季生活规律，度假频次为常规年假出行。
青_2008_01598,青岛,2008,高端海景收藏,57,男,13.0,119.9,0.6,149.8,2,1,否,A,network,0.8,0.32,0.98,0.87,0.68,0.56,0.13,0,0.72,投资-短期,两室两厅,57,17428,高端海景资产收藏家,三口之家(学龄段),陆家嘴核心区江景大平层,无高端私密会所及管家式物业配套，圈层鱼龙混杂，高净值居住体验差。,要求独立电梯入户，主次卧动线分明，配备独立保姆房和私密后院。,在市中心核心写字楼工作，首选半小时核心通勤圈内。,周末常去高端商圈消费，热衷打网球和马术，重度手冲咖啡及黑胶唱片发烧友。,名下已有企业股权套现或分红现金，一次性全款付清，基本不加杠杆,非仁恒、绿城、万科等金牌开发商不买，极度看重高端精装质量与顶级物业的增值口碑。,本地常住人口，四季生活规律，度假频次为常规年假出行。
青_2008_01599,青岛,2008,学区刚需,35,女,1.7,8.6,0.3,21.4,3,0,否,C,agent,0.76,0.45,0.59,0.27,0.25,0.77,0.72,0.95,0.32,学区房,两室一厅,67,2763,邮政局局长秘书,新婚过渡两居,与父母同住，三代人拥挤在旧区小户型老房中,老小区隔音差，邻里滋扰严重，且车位严重匮乏，每晚加班回来抢车位像打仗。,讲究超高得房率（超85%），主卧套房必须配备独立步入式衣帽间与干湿分离双卫。,在市中心核心写字楼工作，首选半小时核心通勤圈内。,爱猫狗，喜欢烹饪和插花，主打经济舒适的生活小确幸。,名下持有一套旧两居，置换回款 65% + 个人理财储蓄补充 + 公积金商业贷,重性价比，不盲信大牌，但要求物业管理有序、绿化修剪及时、人防技防规范。,本地常住人口，四季生活规律，度假频次为常规年假出行。
青_2008_01600,青岛,2008,山东省内异地,47,男,2.3,23.1,0.45,38.5,4,1,否,C,network,0.38,0.66,0.74,0.5,0.51,0.81,0,0.56,0.56,自住-首套,两室两厅,65,3041,区财政局科员,三口之家(学龄段),与父母同住，三代人拥挤在旧区小户型老房中,小区无地下车库且人车不分流，小孩在楼下玩耍或者推婴儿车极为不安全。,要求有超大面宽南向双阳台（观景家政分离），主卧大飘窗能270度直面自然景观。,在市中心核心写字楼工作，首选半小时核心通勤圈内。,爱猫狗，喜欢烹饪和插花，主打经济舒适的生活小确幸。,夫妻双方积蓄 + 双方父母出资赞助首付 + 公积金商业组合贷款,重性价比，不盲信大牌，但要求物业管理有序、绿化修剪及时、人防技防规范。,本地常住人口，四季生活规律，度假频次为常规年假出行。
青_2008_01601,青岛,2008,本地改善,44,女,1.5,10.4,0.4,19.5,4,2,是,B,agent,0.72,0.6,0.76,0.68,0.61,0.8,0.59,0.76,0.61,自住-改善,一室一厅,71,2076,区财政局科员,二胎黄金期中大户型,青岛中环品质两居，车位及空间极其拥挤,小区无地下车库且人车不分流，小孩在楼下玩耍或者推婴儿车极为不安全。,要求有超大面宽南向双阳台（观景家政分离），主卧大飘窗能270度直面自然景观。,在市中心核心写字楼工作，首选半小时核心通勤圈内。,倡导轻户外，周末常带家人自驾野营或山系徒步，注重生活情调与手作咖啡。,名下持有一套旧两居，置换回款 65% + 个人理财储蓄补充 + 公积金商业贷,重性价比，不盲信大牌，但要求物业管理有序、绿化修剪及时、人防技防规范。,本地常住人口，四季生活规律，度假频次为常规年假出行。
青_2008_01602,青岛,2008,山东省内异地,51,女,2.2,15.5,0.45,25.8,3,1,否,C,network,0.64,0.51,0.84,0.61,0.53,0.76,0,0.41,0.65,自住-首套,两室两厅,72,1907,区财政局科员,三口之家(学龄段),与父母同住，三代人拥挤在旧区小户型老房中,小区无地下车库且人车不分流，小孩在楼下玩耍或者推婴儿车极为不安全。,要求有超大面宽南向双阳台（观景家政分离），主卧大飘窗能270度直面自然景观。,在市中心核心写字楼工作，首选半小时核心通勤圈内。,爱猫狗，喜欢烹饪和插花，主打经济舒适的生活小确幸。,夫妻双方积蓄 + 双方父母出资赞助首付 + 公积金商业组合贷款,重性价比，不盲信大牌，但要求物业管理有序、绿化修剪及时、人防技防规范。,本地常住人口，四季生活规律，度假频次为常规年假出行。
青_2008_01603,青岛,2008,本地改善,46,女,1.3,8.5,0.4,15.9,4,1,否,B,agent,0.6,0.35,0.84,0.48,0.45,0.85,0.55,0.58,0.51,自住-改善,两室两厅,96,915,区财政局科员,三口之家(学龄段),青岛中环品质两居，车位及空间极其拥挤,小区无地下车库且人车不分流，小孩在楼下玩耍或者推婴儿车极为不安全。,要求有超大面宽南向双阳台（观景家政分离），主卧大飘窗能270度直面自然景观。,在市中心核心写字楼工作，首选半小时核心通勤圈内。,倡导轻户外，周末常带家人自驾野营或山系徒步，注重生活情调与手作咖啡。,名下持有一套旧两居，置换回款 65% + 个人理财储蓄补充 + 公积金商业贷,重性价比，不盲信大牌，但要求物业管理有序、绿化修剪及时、人防技防规范。,本地常住人口，四季生活规律，度假频次为常规年假出行。
青_2008_01604,青岛,2008,北方度假投资,63,男,4.5,49.8,0.5,74.7,3,0,否,B,research,0.73,0.54,0.9,0.42,0.44,0.51,0,0,0.6,度假,一室一厅,80,7608,知名中医药连锁投资人,高知退休康养,青岛中环品质两居，车位及空间极其拥挤,老小区隔音差，邻里滋扰严重，且车位严重匮乏，每晚加班回来抢车位像打仗。,要求有超大面宽南向双阳台（观景家政分离），主卧大飘窗能270度直面自然景观。,在市中心核心写字楼工作，首选半小时核心通勤圈内。,倡导轻户外，周末常带家人自驾野营或山系徒步，注重生活情调与手作咖啡。,名下持有一套旧两居，置换回款 65% + 个人理财储蓄补充 + 公积金商业贷,重性价比，不盲信大牌，但要求物业管理有序、绿化修剪及时、人防技防规范。,每年11月至次年3月到此度过漫长冬季，极其依赖周边的康养及适老化服务。
青_2008_01605,青岛,2008,本地改善,37,男,1.6,13.1,0.4,24.6,3,1,是,B,agent,0.87,0.43,0.75,0.4,0.39,0.74,0.65,0.68,0.37,自住-改善,两室一厅,90,1984,邮政局局长秘书,三口之家(幼龄段),青岛中环品质两居，车位及空间极其拥挤,小区无地下车库且人车不分流，小孩在楼下玩耍或者推婴儿车极为不安全。,要求有超大面宽南向双阳台（观景家政分离），主卧大飘窗能270度直面自然景观。,在市中心核心写字楼工作，首选半小时核心通勤圈内。,倡导轻户外，周末常带家人自驾野营或山系徒步，注重生活情调与手作咖啡。,名下持有一套旧两居，置换回款 65% + 个人理财储蓄补充 + 公积金商业贷,重性价比，不盲信大牌，但要求物业管理有序、绿化修剪及时、人防技防规范。,本地常住人口，四季生活规律，度假频次为常规年假出行。
青_2008_01606,青岛,2008,本地改善,45,女,2.2,22.4,0.4,42.0,5,0,否,B,agent,0.68,0.6,0.73,0.36,0.55,0.91,0.47,0.64,0.45,自住-改善,两室两厅,55,6133,区财政局科员,成熟期核心家庭,青岛中环品质两居，车位及空间极其拥挤,老小区隔音差，邻里滋扰严重，且车位严重匮乏，每晚加班回来抢车位像打仗。,要求有超大面宽南向双阳台（观景家政分离），主卧大飘窗能270度直面自然景观。,在市中心核心写字楼工作，首选半小时核心通勤圈内。,倡导轻户外，周末常带家人自驾野营或山系徒步，注重生活情调与手作咖啡。,名下持有一套旧两居，置换回款 65% + 个人理财储蓄补充 + 公积金商业贷,重性价比，不盲信大牌，但要求物业管理有序、绿化修剪及时、人防技防规范。,本地常住人口，四季生活规律，度假频次为常规年假出行。
青_2008_01607,青岛,2008,山东省内异地,49,男,1.9,18.9,0.45,31.5,4,1,否,C,network,0.47,0.41,0.8,0.54,0.53,0.68,0,0.49,0.66,自住-改善,两室两厅,54,3841,区财政局科员,三口之家(学龄段),与父母同住，三代人拥挤在旧区小户型老房中,小区无地下车库且人车不分流，小孩在楼下玩耍或者推婴儿车极为不安全。,要求有超大面宽南向双阳台（观景家政分离），主卧大飘窗能270度直面自然景观。,在市中心核心写字楼工作，首选半小时核心通勤圈内。,爱猫狗，喜欢烹饪和插花，主打经济舒适的生活小确幸。,名下持有一套旧两居，置换回款 65% + 个人理财储蓄补充 + 公积金商业贷,重性价比，不盲信大牌，但要求物业管理有序、绿化修剪及时、人防技防规范。,本地常住人口，四季生活规律，度假频次为常规年假出行。
青_2008_01608,青岛,2008,本地改善,52,女,1.3,12.6,0.4,23.6,4,1,否,B,agent,0.63,0.38,0.8,0.37,0.66,1,0.65,0.72,0.44,自住-改善,一室一厅,54,3346,区财政局科员,三口之家(学龄段),青岛中环品质两居，车位及空间极其拥挤,小区无地下车库且人车不分流，小孩在楼下玩耍或者推婴儿车极为不安全。,要求有超大面宽南向双阳台（观景家政分离），主卧大飘窗能270度直面自然景观。,在市中心核心写字楼工作，首选半小时核心通勤圈内。,倡导轻户外，周末常带家人自驾野营或山系徒步，注重生活情调与手作咖啡。,名下持有一套旧两居，置换回款 65% + 个人理财储蓄补充 + 公积金商业贷,重性价比，不盲信大牌，但要求物业管理有序、绿化修剪及时、人防技防规范。,本地常住人口，四季生活规律，度假频次为常规年假出行。
青_2008_01609,青岛,2008,学区刚需,33,女,2.4,17.4,0.3,43.6,2,0,否,C,agent,0.74,0.44,0.21,0.35,0.41,0.92,0.66,0.84,0.59,学区房,两室一厅,96,3530,国企车间技术主任,新婚过渡两居,与父母同住，三代人拥挤在旧区小户型老房中,老小区隔音差，邻里滋扰严重，且车位严重匮乏，每晚加班回来抢车位像打仗。,讲究超高得房率（超85%），主卧套房必须配备独立步入式衣帽间与干湿分离双卫。,在市中心核心写字楼工作，首选半小时核心通勤圈内。,爱猫狗，喜欢烹饪和插花，主打经济舒适的生活小确幸。,名下持有一套旧两居，置换回款 65% + 个人理财储蓄补充 + 公积金商业贷,重性价比，不盲信大牌，但要求物业管理有序、绿化修剪及时、人防技防规范。,本地常住人口，四季生活规律，度假频次为常规年假出行。
青_2008_01610,青岛,2008,本地改善,38,女,1.1,9.6,0.4,17.9,5,2,是,B,agent,0.38,0.65,0.76,0.41,0.5,0.9,0.6,0.79,0.62,自住-改善,两室一厅,51,2347,市第二中学地理教师,二胎黄金期中大户型,青岛中环品质两居，车位及空间极其拥挤,小区无地下车库且人车不分流，小孩在楼下玩耍或者推婴儿车极为不安全。,要求有超大面宽南向双阳台（观景家政分离），主卧大飘窗能270度直面自然景观。,在市中心核心写字楼工作，首选半小时核心通勤圈内。,倡导轻户外，周末常带家人自驾野营或山系徒步，注重生活情调与手作咖啡。,名下持有一套旧两居，置换回款 65% + 个人理财储蓄补充 + 公积金商业贷,重性价比，不盲信大牌，但要求物业管理有序、绿化修剪及时、人防技防规范。,本地常住人口，四季生活规律，度假频次为常规年假出行。
青_2008_01611,青岛,2008,本地改善,50,女,2.0,14.5,0.4,27.2,4,2,是,B,agent,0.62,0.43,0.85,0.37,0.58,0.81,0.63,0.77,0.58,自住-改善,两室一厅,83,2801,市第二中学地理教师,二胎黄金期中大户型,青岛中环品质两居，车位及空间极其拥挤,小区无地下车库且人车不分流，小孩在楼下玩耍或者推婴儿车极为不安全。,要求有超大面宽南向双阳台（观景家政分离），主卧大飘窗能270度直面自然景观。,在市中心核心写字楼工作，首选半小时核心通勤圈内。,倡导轻户外，周末常带家人自驾野营或山系徒步，注重生活情调与手作咖啡。,名下持有一套旧两居，置换回款 65% + 个人理财储蓄补充 + 公积金商业贷,重性价比，不盲信大牌，但要求物业管理有序、绿化修剪及时、人防技防规范。,本地常住人口，四季生活规律，度假频次为常规年假出行。
青_2008_01612,青岛,2008,本地改善,37,男,2.9,22.7,0.4,42.5,4,2,是,B,agent,0.86,0.61,0.68,0.38,0.41,0.87,0.55,0.58,0.45,自住-改善,两室一厅,85,4418,市第二中学地理教师,二胎黄金期中大户型,青岛中环品质两居，车位及空间极其拥挤,小区无地下车库且人车不分流，小孩在楼下玩耍或者推婴儿车极为不安全。,讲究超高得房率（超85%），主卧套房必须配备独立步入式衣帽间与干湿分离双卫。,在市中心核心写字楼工作，首选半小时核心通勤圈内。,倡导轻户外，周末常带家人自驾野营或山系徒步，注重生活情调与手作咖啡。,名下持有一套旧两居，置换回款 65% + 个人理财储蓄补充 + 公积金商业贷,重性价比，不盲信大牌，但要求物业管理有序、绿化修剪及时、人防技防规范。,本地常住人口，四季生活规律，度假频次为常规年假出行。
青_2008_01613,青岛,2008,本地改善,45,女,1.7,16.3,0.4,30.5,3,1,否,B,agent,0.62,0.49,0.8,0.46,0.7,0.86,0.46,0.74,0.53,自住-改善,两室一厅,50,4669,国企车间技术主任,三口之家(学龄段),青岛中环品质两居，车位及空间极其拥挤,小区无地下车库且人车不分流，小孩在楼下玩耍或者推婴儿车极为不安全。,要求有超大面宽南向双阳台（观景家政分离），主卧大飘窗能270度直面自然景观。,在市中心核心写字楼工作，首选半小时核心通勤圈内。,倡导轻户外，周末常带家人自驾野营或山系徒步，注重生活情调与手作咖啡。,名下持有一套旧两居，置换回款 65% + 个人理财储蓄补充 + 公积金商业贷,重性价比，不盲信大牌，但要求物业管理有序、绿化修剪及时、人防技防规范。,本地常住人口，四季生活规律，度假频次为常规年假出行。
青_2008_01614,青岛,2008,本地改善,53,女,1.5,14.3,0.4,26.8,4,1,否,B,agent,0.92,0.52,0.88,0.38,0.45,1,0.65,0.74,0.7,自住-改善,一室一厅,66,2981,国企车间技术主任,三口之家(学龄段),青岛中环品质两居，车位及空间极其拥挤,小区无地下车库且人车不分流，小孩在楼下玩耍或者推婴儿车极为不安全。,要求有超大面宽南向双阳台（观景家政分离），主卧大飘窗能270度直面自然景观。,在市中心核心写字楼工作，首选半小时核心通勤圈内。,倡导轻户外，周末常带家人自驾野营或山系徒步，注重生活情调与手作咖啡。,名下持有一套旧两居，置换回款 65% + 个人理财储蓄补充 + 公积金商业贷,重性价比，不盲信大牌，但要求物业管理有序、绿化修剪及时、人防技防规范。,本地常住人口，四季生活规律，度假频次为常规年假出行。
青_2008_01615,青岛,2008,山东省内异地,51,女,1.9,11.7,0.45,19.5,4,2,否,C,network,0.39,0.47,0.92,0.48,0.52,0.81,0.05,0.48,0.56,自住-改善,两室一厅,62,1918,市第二中学地理教师,二胎黄金期中大户型,与父母同住，三代人拥挤在旧区小户型老房中,小区无地下车库且人车不分流，小孩在楼下玩耍或者推婴儿车极为不安全。,要求有超大面宽南向双阳台（观景家政分离），主卧大飘窗能270度直面自然景观。,在市中心核心写字楼工作，首选半小时核心通勤圈内。,爱猫狗，喜欢烹饪和插花，主打经济舒适的生活小确幸。,名下持有一套旧两居，置换回款 65% + 个人理财储蓄补充 + 公积金商业贷,重性价比，不盲信大牌，但要求物业管理有序、绿化修剪及时、人防技防规范。,本地常住人口，四季生活规律，度假频次为常规年假出行。
青_2008_01616,青岛,2008,学区刚需,33,男,2.5,14.0,0.3,34.9,3,1,是,C,agent,0.83,0.53,0.36,0.28,0.42,0.77,0.49,0.93,0.34,学区房,两室两厅,82,2269,国企车间技术主任,三口之家(幼龄段),与父母同住，三代人拥挤在旧区小户型老房中,小区无地下车库且人车不分流，小孩在楼下玩耍或者推婴儿车极为不安全。,讲究超高得房率（超85%），主卧套房必须配备独立步入式衣帽间与干湿分离双卫。,在市中心核心写字楼工作，首选半小时核心通勤圈内。,爱猫狗，喜欢烹饪和插花，主打经济舒适的生活小确幸。,名下持有一套旧两居，置换回款 65% + 个人理财储蓄补充 + 公积金商业贷,重性价比，不盲信大牌，但要求物业管理有序、绿化修剪及时、人防技防规范。,本地常住人口，四季生活规律，度假频次为常规年假出行。
青_2008_01617,青岛,2008,本地改善,37,女,2.2,20.1,0.4,37.6,4,1,是,B,agent,0.43,0.57,0.82,0.45,0.47,0.75,0.59,0.76,0.52,自住-改善,两室一厅,73,2697,市第二中学地理教师,三口之家(幼龄段),青岛中环品质两居，车位及空间极其拥挤,小区无地下车库且人车不分流，小孩在楼下玩耍或者推婴儿车极为不安全。,要求有超大面宽南向双阳台（观景家政分离），主卧大飘窗能270度直面自然景观。,在市中心核心写字楼工作，首选半小时核心通勤圈内。,倡导轻户外，周末常带家人自驾野营或山系徒步，注重生活情调与手作咖啡。,名下持有一套旧两居，置换回款 65% + 个人理财储蓄补充 + 公积金商业贷,重性价比，不盲信大牌，但要求物业管理有序、绿化修剪及时、人防技防规范。,本地常住人口，四季生活规律，度假频次为常规年假出行。
青_2008_01618,青岛,2008,本地改善,37,女,2.4,17.4,0.4,32.6,5,0,否,B,agent,0.91,0.6,0.76,0.57,0.61,1,0.66,0.62,0.5,自住-改善,两室两厅,94,2334,区财政局科员,成熟期核心家庭,青岛中环品质两居，车位及空间极其拥挤,老小区隔音差，邻里滋扰严重，且车位严重匮乏，每晚加班回来抢车位像打仗。,要求有超大面宽南向双阳台（观景家政分离），主卧大飘窗能270度直面自然景观。,在市中心核心写字楼工作，首选半小时核心通勤圈内。,倡导轻户外，周末常带家人自驾野营或山系徒步，注重生活情调与手作咖啡。,名下持有一套旧两居，置换回款 65% + 个人理财储蓄补充 + 公积金商业贷,重性价比，不盲信大牌，但要求物业管理有序、绿化修剪及时、人防技防规范。,本地常住人口，四季生活规律，度假频次为常规年假出行。
青_2008_01619,青岛,2008,本地改善,44,女,1.6,13.1,0.4,24.6,4,0,是,B,agent,1.0,0.59,0.75,0.56,0.54,0.85,0.7,0.63,0.67,自住-改善,两室两厅,97,1879,国企车间技术主任,成熟期核心家庭,青岛中环品质两居，车位及空间极其拥挤,当前房屋属于旧多层无电梯房，父母年纪渐高每天爬楼梯极为吃力。,要求有超大面宽南向双阳台（观景家政分离），主卧大飘窗能270度直面自然景观。,在市中心核心写字楼工作，首选半小时核心通勤圈内。,倡导轻户外，周末常带家人自驾野营或山系徒步，注重生活情调与手作咖啡。,名下持有一套旧两居，置换回款 65% + 个人理财储蓄补充 + 公积金商业贷,重性价比，不盲信大牌，但要求物业管理有序、绿化修剪及时、人防技防规范。,本地常住人口，四季生活规律，度假频次为常规年假出行。
青_2008_01620,青岛,2008,本地改善,36,女,1.9,12.4,0.4,23.2,3,1,否,B,agent,0.75,0.51,0.77,0.63,0.51,0.88,0.59,0.7,0.51,自住-改善,两室两厅,74,1974,国企车间技术主任,三口之家(幼龄段),青岛中环品质两居，车位及空间极其拥挤,小区无地下车库且人车不分流，小孩在楼下玩耍或者推婴儿车极为不安全。,要求有超大面宽南向双阳台（观景家政分离），主卧大飘窗能270度直面自然景观。,在市中心核心写字楼工作，首选半小时核心通勤圈内。,倡导轻户外，周末常带家人自驾野营或山系徒步，注重生活情调与手作咖啡。,名下持有一套旧两居，置换回款 65% + 个人理财储蓄补充 + 公积金商业贷,重性价比，不盲信大牌，但要求物业管理有序、绿化修剪及时、人防技防规范。,本地常住人口，四季生活规律，度假频次为常规年假出行。
青_2008_01621,青岛,2008,本地改善,51,女,3.7,32.8,0.4,61.5,4,1,否,B,agent,0.65,0.49,0.71,0.46,0.53,0.71,0.65,0.8,0.59,自住-改善,一室一厅,54,6069,邮政局局长秘书,三口之家(学龄段),青岛中环品质两居，车位及空间极其拥挤,小区无地下车库且人车不分流，小孩在楼下玩耍或者推婴儿车极为不安全。,要求有超大面宽南向双阳台（观景家政分离），主卧大飘窗能270度直面自然景观。,在市中心核心写字楼工作，首选半小时核心通勤圈内。,倡导轻户外，周末常带家人自驾野营或山系徒步，注重生活情调与手作咖啡。,名下持有一套旧两居，置换回款 65% + 个人理财储蓄补充 + 公积金商业贷,重性价比，不盲信大牌，但要求物业管理有序、绿化修剪及时、人防技防规范。,本地常住人口，四季生活规律，度假频次为常规年假出行。
青_2008_01622,青岛,2008,本地改善,54,男,3.2,26.1,0.4,48.8,3,1,是,B,agent,0.54,0.56,0.68,0.6,0.54,0.86,0.74,0.68,0.43,自住-改善,两室两厅,75,3701,邮政局局长秘书,三口之家(学龄段),青岛中环品质两居，车位及空间极其拥挤,小区无地下车库且人车不分流，小孩在楼下玩耍或者推婴儿车极为不安全。,讲究超高得房率（超85%），主卧套房必须配备独立步入式衣帽间与干湿分离双卫。,在市中心核心写字楼工作，首选半小时核心通勤圈内。,倡导轻户外，周末常带家人自驾野营或山系徒步，注重生活情调与手作咖啡。,名下持有一套旧两居，置换回款 65% + 个人理财储蓄补充 + 公积金商业贷,重性价比，不盲信大牌，但要求物业管理有序、绿化修剪及时、人防技防规范。,本地常住人口，四季生活规律，度假频次为常规年假出行。
青_2008_01623,青岛,2008,本地改善,47,男,1.8,11.9,0.4,22.2,5,1,否,B,agent,0.56,0.52,0.82,0.52,0.4,0.82,0.68,0.69,0.46,自住-改善,一室一厅,53,2887,国企车间技术主任,三口之家(学龄段),青岛中环品质两居，车位及空间极其拥挤,小区无地下车库且人车不分流，小孩在楼下玩耍或者推婴儿车极为不安全。,要求有超大面宽南向双阳台（观景家政分离），主卧大飘窗能270度直面自然景观。,在市中心核心写字楼工作，首选半小时核心通勤圈内。,倡导轻户外，周末常带家人自驾野营或山系徒步，注重生活情调与手作咖啡。,名下持有一套旧两居，置换回款 65% + 个人理财储蓄补充 + 公积金商业贷,重性价比，不盲信大牌，但要求物业管理有序、绿化修剪及时、人防技防规范。,本地常住人口，四季生活规律，度假频次为常规年假出行。
青_2008_01624,青岛,2008,本地改善,49,女,1.0,6.4,0.4,11.9,5,0,否,B,agent,0.56,0.52,0.69,0.58,0.62,0.91,0.6,0.77,0.64,自住-改善,一室一厅,87,1013,国企车间技术主任,成熟期核心家庭,青岛中环品质两居，车位及空间极其拥挤,老小区隔音差，邻里滋扰严重，且车位严重匮乏，每晚加班回来抢车位像打仗。,讲究超高得房率（超85%），主卧套房必须配备独立步入式衣帽间与干湿分离双卫。,在市中心核心写字楼工作，首选半小时核心通勤圈内。,倡导轻户外，周末常带家人自驾野营或山系徒步，注重生活情调与手作咖啡。,名下持有一套旧两居，置换回款 65% + 个人理财储蓄补充 + 公积金商业贷,重性价比，不盲信大牌，但要求物业管理有序、绿化修剪及时、人防技防规范。,本地常住人口，四季生活规律，度假频次为常规年假出行。
青_2008_01625,青岛,2008,本地改善,55,女,1.4,11.0,0.4,20.7,4,2,否,B,agent,0.84,0.51,0.82,0.49,0.47,0.87,0.66,0.67,0.64,自住-改善,一室一厅,66,2654,邮政局局长秘书,二胎黄金期中大户型,青岛中环品质两居，车位及空间极其拥挤,小区无地下车库且人车不分流，小孩在楼下玩耍或者推婴儿车极为不安全。,要求有超大面宽南向双阳台（观景家政分离），主卧大飘窗能270度直面自然景观。,在市中心核心写字楼工作，首选半小时核心通勤圈内。,倡导轻户外，周末常带家人自驾野营或山系徒步，注重生活情调与手作咖啡。,名下持有一套旧两居，置换回款 65% + 个人理财储蓄补充 + 公积金商业贷,重性价比，不盲信大牌，但要求物业管理有序、绿化修剪及时、人防技防规范。,本地常住人口，四季生活规律，度假频次为常规年假出行。
青_2008_01626,青岛,2008,本地改善,55,男,0.9,5.7,0.4,10.7,4,1,否,B,agent,0.86,0.45,0.69,0.33,0.44,0.96,0.51,0.71,0.43,自住-改善,一室一厅,50,1285,邮政局局长秘书,三口之家(学龄段),青岛中环品质两居，车位及空间极其拥挤,小区无地下车库且人车不分流，小孩在楼下玩耍或者推婴儿车极为不安全。,讲究超高得房率（超85%），主卧套房必须配备独立步入式衣帽间与干湿分离双卫。,在市中心核心写字楼工作，首选半小时核心通勤圈内。,倡导轻户外，周末常带家人自驾野营或山系徒步，注重生活情调与手作咖啡。,名下持有一套旧两居，置换回款 65% + 个人理财储蓄补充 + 公积金商业贷,重性价比，不盲信大牌，但要求物业管理有序、绿化修剪及时、人防技防规范。,本地常住人口，四季生活规律，度假频次为常规年假出行。
青_2008_01627,青岛,2008,山东省内异地,45,男,1.7,17.6,0.45,29.4,4,1,否,C,network,0.42,0.54,0.76,0.56,0.59,0.65,0.09,0.41,0.65,自住-改善,两室一厅,98,2466,区财政局科员,三口之家(学龄段),与父母同住，三代人拥挤在旧区小户型老房中,小区无地下车库且人车不分流，小孩在楼下玩耍或者推婴儿车极为不安全。,要求有超大面宽南向双阳台（观景家政分离），主卧大飘窗能270度直面自然景观。,在市中心核心写字楼工作，首选半小时核心通勤圈内。,爱猫狗，喜欢烹饪和插花，主打经济舒适的生活小确幸。,名下持有一套旧两居，置换回款 65% + 个人理财储蓄补充 + 公积金商业贷,重性价比，不盲信大牌，但要求物业管理有序、绿化修剪及时、人防技防规范。,本地常住人口，四季生活规律，度假频次为常规年假出行。
青_2008_01628,青岛,2008,本地改善,50,男,2.7,16.4,0.4,30.7,5,1,是,B,agent,0.47,0.41,0.8,0.44,0.49,0.85,0.8,0.56,0.56,自住-改善,两室一厅,59,4654,国企车间技术主任,三口之家(学龄段),青岛中环品质两居，车位及空间极其拥挤,小区无地下车库且人车不分流，小孩在楼下玩耍或者推婴儿车极为不安全。,要求有超大面宽南向双阳台（观景家政分离），主卧大飘窗能270度直面自然景观。,在市中心核心写字楼工作，首选半小时核心通勤圈内。,倡导轻户外，周末常带家人自驾野营或山系徒步，注重生活情调与手作咖啡。,名下持有一套旧两居，置换回款 65% + 个人理财储蓄补充 + 公积金商业贷,重性价比，不盲信大牌，但要求物业管理有序、绿化修剪及时、人防技防规范。,本地常住人口，四季生活规律，度假频次为常规年假出行。
青_2008_01629,青岛,2008,本地改善,51,女,1.9,10.9,0.4,20.4,4,1,是,B,agent,0.57,0.48,0.68,0.53,0.41,0.81,0.47,0.68,0.62,自住-改善,一室一厅,80,1859,邮政局局长秘书,三口之家(学龄段),青岛中环品质两居，车位及空间极其拥挤,小区无地下车库且人车不分流，小孩在楼下玩耍或者推婴儿车极为不安全。,讲究超高得房率（超85%），主卧套房必须配备独立步入式衣帽间与干湿分离双卫。,在市中心核心写字楼工作，首选半小时核心通勤圈内。,倡导轻户外，周末常带家人自驾野营或山系徒步，注重生活情调与手作咖啡。,名下持有一套旧两居，置换回款 65% + 个人理财储蓄补充 + 公积金商业贷,重性价比，不盲信大牌，但要求物业管理有序、绿化修剪及时、人防技防规范。,本地常住人口，四季生活规律，度假频次为常规年假出行。
青_2008_01630,青岛,2008,本地改善,54,女,1.4,13.9,0.4,26.1,4,1,是,B,agent,0.62,0.51,0.59,0.55,0.67,0.77,0.46,0.68,0.58,自住-改善,两室两厅,75,2933,国企车间技术主任,三口之家(学龄段),青岛中环品质两居，车位及空间极其拥挤,小区无地下车库且人车不分流，小孩在楼下玩耍或者推婴儿车极为不安全。,讲究超高得房率（超85%），主卧套房必须配备独立步入式衣帽间与干湿分离双卫。,在市中心核心写字楼工作，首选半小时核心通勤圈内。,倡导轻户外，周末常带家人自驾野营或山系徒步，注重生活情调与手作咖啡。,名下持有一套旧两居，置换回款 65% + 个人理财储蓄补充 + 公积金商业贷,重性价比，不盲信大牌，但要求物业管理有序、绿化修剪及时、人防技防规范。,本地常住人口，四季生活规律，度假频次为常规年假出行。
青_2008_01631,青岛,2008,本地改善,53,男,1.4,10.9,0.4,20.5,4,2,是,B,agent,0.8,0.64,0.85,0.52,0.4,0.8,0.71,0.64,0.63,自住-改善,一室一厅,73,1443,区财政局科员,二胎黄金期中大户型,青岛中环品质两居，车位及空间极其拥挤,小区无地下车库且人车不分流，小孩在楼下玩耍或者推婴儿车极为不安全。,要求有超大面宽南向双阳台（观景家政分离），主卧大飘窗能270度直面自然景观。,在市中心核心写字楼工作，首选半小时核心通勤圈内。,倡导轻户外，周末常带家人自驾野营或山系徒步，注重生活情调与手作咖啡。,名下持有一套旧两居，置换回款 65% + 个人理财储蓄补充 + 公积金商业贷,重性价比，不盲信大牌，但要求物业管理有序、绿化修剪及时、人防技防规范。,本地常住人口，四季生活规律，度假频次为常规年假出行。
青_2008_01632,青岛,2008,本地改善,40,女,2.4,21.7,0.4,40.8,4,1,是,B,agent,0.84,0.54,0.74,0.39,0.62,0.76,0.61,0.64,0.57,自住-改善,一室一厅,98,3553,国企车间技术主任,三口之家(学龄段),青岛中环品质两居，车位及空间极其拥挤,小区无地下车库且人车不分流，小孩在楼下玩耍或者推婴儿车极为不安全。,要求有超大面宽南向双阳台（观景家政分离），主卧大飘窗能270度直面自然景观。,在市中心核心写字楼工作，首选半小时核心通勤圈内。,倡导轻户外，周末常带家人自驾野营或山系徒步，注重生活情调与手作咖啡。,名下持有一套旧两居，置换回款 65% + 个人理财储蓄补充 + 公积金商业贷,重性价比，不盲信大牌，但要求物业管理有序、绿化修剪及时、人防技防规范。,本地常住人口，四季生活规律，度假频次为常规年假出行。
青_2008_01633,青岛,2008,本地改善,35,女,1.8,16.8,0.4,31.6,4,1,是,B,agent,0.77,0.52,0.6,0.35,0.48,0.89,0.63,0.69,0.62,自住-改善,一室一厅,79,3432,邮政局局长秘书,三口之家(幼龄段),青岛中环品质两居，车位及空间极其拥挤,小区无地下车库且人车不分流，小孩在楼下玩耍或者推婴儿车极为不安全。,讲究超高得房率（超85%），主卧套房必须配备独立步入式衣帽间与干湿分离双卫。,在市中心核心写字楼工作，首选半小时核心通勤圈内。,倡导轻户外，周末常带家人自驾野营或山系徒步，注重生活情调与手作咖啡。,名下持有一套旧两居，置换回款 65% + 个人理财储蓄补充 + 公积金商业贷,重性价比，不盲信大牌，但要求物业管理有序、绿化修剪及时、人防技防规范。,本地常住人口，四季生活规律，度假频次为常规年假出行。
青_2008_01634,青岛,2008,学区刚需,41,女,1.5,8.5,0.3,21.2,3,0,否,C,agent,0.75,0.57,0.46,0.23,0.61,0.78,0.59,0.81,0.46,学区房,一室一厅,70,1628,国企车间技术主任,成熟期核心家庭,与父母同住，三代人拥挤在旧区小户型老房中,老小区隔音差，邻里滋扰严重，且车位严重匮乏，每晚加班回来抢车位像打仗。,讲究超高得房率（超85%），主卧套房必须配备独立步入式衣帽间与干湿分离双卫。,在市中心核心写字楼工作，首选半小时核心通勤圈内。,爱猫狗，喜欢烹饪和插花，主打经济舒适的生活小确幸。,名下持有一套旧两居，置换回款 65% + 个人理财储蓄补充 + 公积金商业贷,重性价比，不盲信大牌，但要求物业管理有序、绿化修剪及时、人防技防规范。,本地常住人口，四季生活规律，度假频次为常规年假出行。
青_2008_01635,青岛,2008,本地改善,50,女,1.7,14.1,0.4,26.4,4,1,是,B,agent,0.86,0.37,0.88,0.39,0.48,0.94,0.58,0.6,0.41,自住-改善,两室两厅,73,3091,区财政局科员,三口之家(学龄段),青岛中环品质两居，车位及空间极其拥挤,小区无地下车库且人车不分流，小孩在楼下玩耍或者推婴儿车极为不安全。,要求有超大面宽南向双阳台（观景家政分离），主卧大飘窗能270度直面自然景观。,在市中心核心写字楼工作，首选半小时核心通勤圈内。,倡导轻户外，周末常带家人自驾野营或山系徒步，注重生活情调与手作咖啡。,名下持有一套旧两居，置换回款 65% + 个人理财储蓄补充 + 公积金商业贷,重性价比，不盲信大牌，但要求物业管理有序、绿化修剪及时、人防技防规范。,本地常住人口，四季生活规律，度假频次为常规年假出行。
青_2008_01636,青岛,2008,学区刚需,37,男,2.0,15.2,0.3,38.0,3,1,否,C,agent,0.67,0.5,0.57,0.37,0.5,0.68,0.47,0.98,0.41,学区房,两室两厅,70,4465,国企车间技术主任,三口之家(幼龄段),与父母同住，三代人拥挤在旧区小户型老房中,小区无地下车库且人车不分流，小孩在楼下玩耍或者推婴儿车极为不安全。,核心要求地块属于第一梯队名校学区，且周边500米内解决幼小衔接教育配套。,在市中心核心写字楼工作，首选半小时核心通勤圈内。,爱猫狗，喜欢烹饪和插花，主打经济舒适的生活小确幸。,名下持有一套旧两居，置换回款 65% + 个人理财储蓄补充 + 公积金商业贷,重性价比，不盲信大牌，但要求物业管理有序、绿化修剪及时、人防技防规范。,本地常住人口，四季生活规律，度假频次为常规年假出行。
青_2008_01637,青岛,2008,学区刚需,38,男,1.8,12.8,0.3,32.1,3,1,否,C,agent,1,0.38,0.39,0.28,0.39,0.8,0.53,0.97,0.51,学区房,一室一厅,97,2927,邮政局局长秘书,三口之家(学龄段),与父母同住，三代人拥挤在旧区小户型老房中,小区无地下车库且人车不分流，小孩在楼下玩耍或者推婴儿车极为不安全。,讲究超高得房率（超85%），主卧套房必须配备独立步入式衣帽间与干湿分离双卫。,在市中心核心写字楼工作，首选半小时核心通勤圈内。,爱猫狗，喜欢烹饪和插花，主打经济舒适的生活小确幸。,名下持有一套旧两居，置换回款 65% + 个人理财储蓄补充 + 公积金商业贷,重性价比，不盲信大牌，但要求物业管理有序、绿化修剪及时、人防技防规范。,本地常住人口，四季生活规律，度假频次为常规年假出行。
青_2008_01638,青岛,2008,山东省内异地,45,女,1.8,16.1,0.45,26.8,3,1,否,C,network,0.82,0.67,0.85,0.44,0.45,0.7,0,0.42,0.59,自住-首套,两室两厅,77,2322,市第二中学地理教师,三口之家(学龄段),与父母同住，三代人拥挤在旧区小户型老房中,小区无地下车库且人车不分流，小孩在楼下玩耍或者推婴儿车极为不安全。,要求有超大面宽南向双阳台（观景家政分离），主卧大飘窗能270度直面自然景观。,在市中心核心写字楼工作，首选半小时核心通勤圈内。,爱猫狗，喜欢烹饪和插花，主打经济舒适的生活小确幸。,夫妻双方积蓄 + 双方父母出资赞助首付 + 公积金商业组合贷款,重性价比，不盲信大牌，但要求物业管理有序、绿化修剪及时、人防技防规范。,本地常住人口，四季生活规律，度假频次为常规年假出行。
青_2008_01639,青岛,2008,本地改善,35,女,1.5,9.8,0.4,18.3,4,1,否,B,agent,0.82,0.6,0.83,0.33,0.49,0.96,0.52,0.72,0.5,自住-改善,两室两厅,84,1688,区财政局科员,三口之家(幼龄段),青岛中环品质两居，车位及空间极其拥挤,小区无地下车库且人车不分流，小孩在楼下玩耍或者推婴儿车极为不安全。,要求有超大面宽南向双阳台（观景家政分离），主卧大飘窗能270度直面自然景观。,在市中心核心写字楼工作，首选半小时核心通勤圈内。,倡导轻户外，周末常带家人自驾野营或山系徒步，注重生活情调与手作咖啡。,名下持有一套旧两居，置换回款 65% + 个人理财储蓄补充 + 公积金商业贷,重性价比，不盲信大牌，但要求物业管理有序、绿化修剪及时、人防技防规范。,本地常住人口，四季生活规律，度假频次为常规年假出行。
青_2008_01640,青岛,2008,学区刚需,37,女,1.7,7.5,0.3,18.7,3,2,否,C,agent,0.72,0.58,0.36,0.29,0.45,0.81,0.52,1,0.31,学区房,两室一厅,98,1047,区财政局科员,二胎黄金期中大户型,与父母同住，三代人拥挤在旧区小户型老房中,小区无地下车库且人车不分流，小孩在楼下玩耍或者推婴儿车极为不安全。,讲究超高得房率（超85%），主卧套房必须配备独立步入式衣帽间与干湿分离双卫。,在市中心核心写字楼工作，首选半小时核心通勤圈内。,爱猫狗，喜欢烹饪和插花，主打经济舒适的生活小确幸。,名下持有一套旧两居，置换回款 65% + 个人理财储蓄补充 + 公积金商业贷,重性价比，不盲信大牌，但要求物业管理有序、绿化修剪及时、人防技防规范。,本地常住人口，四季生活规律，度假频次为常规年假出行。
青_2008_01641,青岛,2008,北方度假投资,51,男,4.8,55.6,0.5,83.3,2,0,否,B,research,0.62,0.56,1,0.57,0.49,0.49,0,0.06,0.63,度假,两室一厅,88,6226,知名中医药连锁投资人,成熟期核心家庭,青岛中环品质两居，车位及空间极其拥挤,老小区隔音差，邻里滋扰严重，且车位严重匮乏，每晚加班回来抢车位像打仗。,要求有超大面宽南向双阳台（观景家政分离），主卧大飘窗能270度直面自然景观。,在市中心核心写字楼工作，首选半小时核心通勤圈内。,倡导轻户外，周末常带家人自驾野营或山系徒步，注重生活情调与手作咖啡。,名下持有一套旧两居，置换回款 65% + 个人理财储蓄补充 + 公积金商业贷,重性价比，不盲信大牌，但要求物业管理有序、绿化修剪及时、人防技防规范。,每年11月至次年3月到此度过漫长冬季，极其依赖周边的康养及适老化服务。
青_2008_01642,青岛,2008,学区刚需,30,男,2.4,11.9,0.3,29.8,3,1,否,C,agent,0.84,0.54,0.36,0.31,0.42,0.72,0.58,1,0.36,学区房,两室两厅,53,5049,国企车间技术主任,三口之家(幼龄段),与父母同住，三代人拥挤在旧区小户型老房中,小区无地下车库且人车不分流，小孩在楼下玩耍或者推婴儿车极为不安全。,讲究超高得房率（超85%），主卧套房必须配备独立步入式衣帽间与干湿分离双卫。,在市中心核心写字楼工作，首选半小时核心通勤圈内。,爱猫狗，喜欢烹饪和插花，主打经济舒适的生活小确幸。,名下持有一套旧两居，置换回款 65% + 个人理财储蓄补充 + 公积金商业贷,重性价比，不盲信大牌，但要求物业管理有序、绿化修剪及时、人防技防规范。,本地常住人口，四季生活规律，度假频次为常规年假出行。
青_2008_01643,青岛,2008,本地改善,55,女,1.7,13.0,0.4,24.4,3,0,否,B,agent,0.72,0.56,0.82,0.45,0.48,0.97,0.68,0.71,0.48,自住-改善,两室两厅,53,2765,市第二中学地理教师,高知退休康养,青岛中环品质两居，车位及空间极其拥挤,老小区隔音差，邻里滋扰严重，且车位严重匮乏，每晚加班回来抢车位像打仗。,要求有超大面宽南向双阳台（观景家政分离），主卧大飘窗能270度直面自然景观。,在市中心核心写字楼工作，首选半小时核心通勤圈内。,倡导轻户外，周末常带家人自驾野营或山系徒步，注重生活情调与手作咖啡。,名下持有一套旧两居，置换回款 65% + 个人理财储蓄补充 + 公积金商业贷,重性价比，不盲信大牌，但要求物业管理有序、绿化修剪及时、人防技防规范。,本地常住人口，四季生活规律，度假频次为常规年假出行。
青_2008_01644,青岛,2008,北方度假投资,45,男,2.2,19.6,0.5,29.4,2,0,是,B,research,0.99,0.63,1.0,0.62,0.53,0.62,0.0,0,0.66,度假,两室两厅,71,3600,上市公司退休联合创始人,成熟期核心家庭,青岛中环品质两居，车位及空间极其拥挤,当前房屋属于旧多层无电梯房，父母年纪渐高每天爬楼梯极为吃力。,要求有超大面宽南向双阳台（观景家政分离），主卧大飘窗能270度直面自然景观。,在市中心核心写字楼工作，首选半小时核心通勤圈内。,倡导轻户外，周末常带家人自驾野营或山系徒步，注重生活情调与手作咖啡。,名下持有一套旧两居，置换回款 65% + 个人理财储蓄补充 + 公积金商业贷,重性价比，不盲信大牌，但要求物业管理有序、绿化修剪及时、人防技防规范。,每年11月至次年3月到此度过漫长冬季，极其依赖周边的康养及适老化服务。
青_2008_01645,青岛,2008,本地改善,49,女,1.6,14.0,0.4,26.2,4,0,否,B,agent,0.73,0.44,0.74,0.42,0.67,0.86,0.58,0.61,0.54,自住-改善,两室两厅,83,1799,市第二中学地理教师,成熟期核心家庭,青岛中环品质两居，车位及空间极其拥挤,老小区隔音差，邻里滋扰严重，且车位严重匮乏，每晚加班回来抢车位像打仗。,要求有超大面宽南向双阳台（观景家政分离），主卧大飘窗能270度直面自然景观。,在市中心核心写字楼工作，首选半小时核心通勤圈内。,倡导轻户外，周末常带家人自驾野营或山系徒步，注重生活情调与手作咖啡。,名下持有一套旧两居，置换回款 65% + 个人理财储蓄补充 + 公积金商业贷,重性价比，不盲信大牌，但要求物业管理有序、绿化修剪及时、人防技防规范。,本地常住人口，四季生活规律，度假频次为常规年假出行。
青_2008_01646,青岛,2008,本地改善,39,男,2.5,17.1,0.4,32.2,3,0,否,B,agent,1,0.4,0.88,0.53,0.53,0.88,0.69,0.69,0.51,自住-改善,两室一厅,78,2862,邮政局局长秘书,成熟期核心家庭,青岛中环品质两居，车位及空间极其拥挤,老小区隔音差，邻里滋扰严重，且车位严重匮乏，每晚加班回来抢车位像打仗。,要求有超大面宽南向双阳台（观景家政分离），主卧大飘窗能270度直面自然景观。,在市中心核心写字楼工作，首选半小时核心通勤圈内。,倡导轻户外，周末常带家人自驾野营或山系徒步，注重生活情调与手作咖啡。,名下持有一套旧两居，置换回款 65% + 个人理财储蓄补充 + 公积金商业贷,重性价比，不盲信大牌，但要求物业管理有序、绿化修剪及时、人防技防规范。,本地常住人口，四季生活规律，度假频次为常规年假出行。
青_2008_01647,青岛,2008,本地改善,45,女,2.6,15.0,0.4,28.1,4,2,是,B,agent,0.7,0.43,0.72,0.57,0.5,0.84,0.51,0.48,0.35,自住-改善,两室一厅,68,2308,邮政局局长秘书,二胎黄金期中大户型,青岛中环品质两居，车位及空间极其拥挤,小区无地下车库且人车不分流，小孩在楼下玩耍或者推婴儿车极为不安全。,要求有超大面宽南向双阳台（观景家政分离），主卧大飘窗能270度直面自然景观。,在市中心核心写字楼工作，首选半小时核心通勤圈内。,倡导轻户外，周末常带家人自驾野营或山系徒步，注重生活情调与手作咖啡。,名下持有一套旧两居，置换回款 65% + 个人理财储蓄补充 + 公积金商业贷,重性价比，不盲信大牌，但要求物业管理有序、绿化修剪及时、人防技防规范。,本地常住人口，四季生活规律，度假频次为常规年假出行。
青_2008_01648,青岛,2008,本地改善,54,男,2.5,22.0,0.4,41.3,4,1,是,B,agent,0.79,0.53,0.89,0.47,0.53,0.82,0.63,0.71,0.61,自住-改善,两室两厅,87,3208,邮政局局长秘书,三口之家(学龄段),青岛中环品质两居，车位及空间极其拥挤,小区无地下车库且人车不分流，小孩在楼下玩耍或者推婴儿车极为不安全。,要求有超大面宽南向双阳台（观景家政分离），主卧大飘窗能270度直面自然景观。,在市中心核心写字楼工作，首选半小时核心通勤圈内。,倡导轻户外，周末常带家人自驾野营或山系徒步，注重生活情调与手作咖啡。,名下持有一套旧两居，置换回款 65% + 个人理财储蓄补充 + 公积金商业贷,重性价比，不盲信大牌，但要求物业管理有序、绿化修剪及时、人防技防规范。,本地常住人口，四季生活规律，度假频次为常规年假出行。
青_2008_01649,青岛,2008,本地改善,40,男,2.2,20.7,0.4,38.8,4,1,是,B,agent,0.44,0.55,0.71,0.47,0.52,0.7,0.64,0.65,0.46,自住-改善,两室一厅,78,3029,邮政局局长秘书,三口之家(学龄段),青岛中环品质两居，车位及空间极其拥挤,小区无地下车库且人车不分流，小孩在楼下玩耍或者推婴儿车极为不安全。,要求有超大面宽南向双阳台（观景家政分离），主卧大飘窗能270度直面自然景观。,在市中心核心写字楼工作，首选半小时核心通勤圈内。,倡导轻户外，周末常带家人自驾野营或山系徒步，注重生活情调与手作咖啡。,名下持有一套旧两居，置换回款 65% + 个人理财储蓄补充 + 公积金商业贷,重性价比，不盲信大牌，但要求物业管理有序、绿化修剪及时、人防技防规范。,本地常住人口，四季生活规律，度假频次为常规年假出行。
青_2008_01650,青岛,2008,山东省内异地,41,男,2.9,23.8,0.45,39.7,2,1,否,C,network,0.94,0.66,0.87,0.51,0.55,0.68,0,0.32,0.57,自住-改善,两室一厅,83,3937,国企车间技术主任,三口之家(学龄段),与父母同住，三代人拥挤在旧区小户型老房中,小区无地下车库且人车不分流，小孩在楼下玩耍或者推婴儿车极为不安全。,要求有超大面宽南向双阳台（观景家政分离），主卧大飘窗能270度直面自然景观。,在市中心核心写字楼工作，首选半小时核心通勤圈内。,爱猫狗，喜欢烹饪和插花，主打经济舒适的生活小确幸。,名下持有一套旧两居，置换回款 65% + 个人理财储蓄补充 + 公积金商业贷,重性价比，不盲信大牌，但要求物业管理有序、绿化修剪及时、人防技防规范。,本地常住人口，四季生活规律，度假频次为常规年假出行。
青_2008_01651,青岛,2008,山东省内异地,60,男,3.9,27.8,0.45,46.3,3,1,是,C,network,0.49,0.65,0.82,0.54,0.53,0.61,0.17,0.55,0.61,自住-改善,两室一厅,67,4981,市第二中学地理教师,三口之家(学龄段),与父母同住，三代人拥挤在旧区小户型老房中,小区无地下车库且人车不分流，小孩在楼下玩耍或者推婴儿车极为不安全。,要求有超大面宽南向双阳台（观景家政分离），主卧大飘窗能270度直面自然景观。,在市中心核心写字楼工作，首选半小时核心通勤圈内。,爱猫狗，喜欢烹饪和插花，主打经济舒适的生活小确幸。,名下持有一套旧两居，置换回款 65% + 个人理财储蓄补充 + 公积金商业贷,重性价比，不盲信大牌，但要求物业管理有序、绿化修剪及时、人防技防规范。,本地常住人口，四季生活规律，度假频次为常规年假出行。
青_2008_01652,青岛,2008,本地改善,41,女,1.9,19.5,0.4,36.5,5,2,否,B,agent,0.63,0.46,0.76,0.53,0.36,0.99,0.68,0.78,0.64,自住-改善,一室一厅,96,3015,市第二中学地理教师,二胎黄金期中大户型,青岛中环品质两居，车位及空间极其拥挤,小区无地下车库且人车不分流，小孩在楼下玩耍或者推婴儿车极为不安全。,要求有超大面宽南向双阳台（观景家政分离），主卧大飘窗能270度直面自然景观。,在市中心核心写字楼工作，首选半小时核心通勤圈内。,倡导轻户外，周末常带家人自驾野营或山系徒步，注重生活情调与手作咖啡。,名下持有一套旧两居，置换回款 65% + 个人理财储蓄补充 + 公积金商业贷,重性价比，不盲信大牌，但要求物业管理有序、绿化修剪及时、人防技防规范。,本地常住人口，四季生活规律，度假频次为常规年假出行。
青_2008_01653,青岛,2008,学区刚需,40,女,1.1,4.8,0.3,11.9,3,1,否,C,agent,0.85,0.49,0.59,0.27,0.37,0.83,0.55,0.96,0.46,学区房,两室两厅,83,1032,市第二中学地理教师,三口之家(学龄段),与父母同住，三代人拥挤在旧区小户型老房中,小区无地下车库且人车不分流，小孩在楼下玩耍或者推婴儿车极为不安全。,讲究超高得房率（超85%），主卧套房必须配备独立步入式衣帽间与干湿分离双卫。,在市中心核心写字楼工作，首选半小时核心通勤圈内。,爱猫狗，喜欢烹饪和插花，主打经济舒适的生活小确幸。,名下持有一套旧两居，置换回款 65% + 个人理财储蓄补充 + 公积金商业贷,重性价比，不盲信大牌，但要求物业管理有序、绿化修剪及时、人防技防规范。,本地常住人口，四季生活规律，度假频次为常规年假出行。
青_2008_01654,青岛,2008,本地改善,46,男,2.7,21.7,0.4,40.6,4,1,是,B,agent,1,0.51,0.57,0.48,0.63,0.97,0.53,0.8,0.57,自住-改善,一室一厅,89,3047,邮政局局长秘书,三口之家(学龄段),青岛中环品质两居，车位及空间极其拥挤,小区无地下车库且人车不分流，小孩在楼下玩耍或者推婴儿车极为不安全。,讲究超高得房率（超85%），主卧套房必须配备独立步入式衣帽间与干湿分离双卫。,在市中心核心写字楼工作，首选半小时核心通勤圈内。,倡导轻户外，周末常带家人自驾野营或山系徒步，注重生活情调与手作咖啡。,名下持有一套旧两居，置换回款 65% + 个人理财储蓄补充 + 公积金商业贷,重性价比，不盲信大牌，但要求物业管理有序、绿化修剪及时、人防技防规范。,本地常住人口，四季生活规律，度假频次为常规年假出行。
青_2008_01655,青岛,2008,学区刚需,37,男,2.9,16.2,0.3,40.5,3,1,否,C,agent,1,0.5,0.35,0.36,0.29,0.83,0.57,1,0.49,学区房,一室一厅,56,5739,区财政局科员,三口之家(幼龄段),与父母同住，三代人拥挤在旧区小户型老房中,小区无地下车库且人车不分流，小孩在楼下玩耍或者推婴儿车极为不安全。,讲究超高得房率（超85%），主卧套房必须配备独立步入式衣帽间与干湿分离双卫。,在市中心核心写字楼工作，首选半小时核心通勤圈内。,爱猫狗，喜欢烹饪和插花，主打经济舒适的生活小确幸。,名下持有一套旧两居，置换回款 65% + 个人理财储蓄补充 + 公积金商业贷,重性价比，不盲信大牌，但要求物业管理有序、绿化修剪及时、人防技防规范。,本地常住人口，四季生活规律，度假频次为常规年假出行。
青_2008_01656,青岛,2008,本地改善,38,男,3.0,22.6,0.4,42.4,4,2,否,B,agent,0.92,0.54,0.75,0.4,0.58,0.77,0.58,0.68,0.53,自住-改善,两室一厅,57,5649,市第二中学地理教师,二胎黄金期中大户型,青岛中环品质两居，车位及空间极其拥挤,小区无地下车库且人车不分流，小孩在楼下玩耍或者推婴儿车极为不安全。,要求有超大面宽南向双阳台（观景家政分离），主卧大飘窗能270度直面自然景观。,在市中心核心写字楼工作，首选半小时核心通勤圈内。,倡导轻户外，周末常带家人自驾野营或山系徒步，注重生活情调与手作咖啡。,名下持有一套旧两居，置换回款 65% + 个人理财储蓄补充 + 公积金商业贷,重性价比，不盲信大牌，但要求物业管理有序、绿化修剪及时、人防技防规范。,本地常住人口，四季生活规律，度假频次为常规年假出行。
青_2008_01657,青岛,2008,山东省内异地,56,男,2.3,18.7,0.45,31.2,3,1,否,C,network,0.55,0.69,0.8,0.51,0.63,0.55,0.04,0.47,0.6,自住-首套,两室一厅,64,2854,区财政局科员,三口之家(学龄段),与父母同住，三代人拥挤在旧区小户型老房中,小区无地下车库且人车不分流，小孩在楼下玩耍或者推婴儿车极为不安全。,要求有超大面宽南向双阳台（观景家政分离），主卧大飘窗能270度直面自然景观。,在市中心核心写字楼工作，首选半小时核心通勤圈内。,爱猫狗，喜欢烹饪和插花，主打经济舒适的生活小确幸。,夫妻双方积蓄 + 双方父母出资赞助首付 + 公积金商业组合贷款,重性价比，不盲信大牌，但要求物业管理有序、绿化修剪及时、人防技防规范。,本地常住人口，四季生活规律，度假频次为常规年假出行。
青_2008_01658,青岛,2008,本地改善,51,女,2.6,22.1,0.4,41.4,4,1,否,B,agent,0.75,0.48,0.74,0.61,0.5,0.84,0.64,0.75,0.57,自住-改善,一室一厅,92,3352,邮政局局长秘书,三口之家(学龄段),青岛中环品质两居，车位及空间极其拥挤,小区无地下车库且人车不分流，小孩在楼下玩耍或者推婴儿车极为不安全。,要求有超大面宽南向双阳台（观景家政分离），主卧大飘窗能270度直面自然景观。,在市中心核心写字楼工作，首选半小时核心通勤圈内。,倡导轻户外，周末常带家人自驾野营或山系徒步，注重生活情调与手作咖啡。,名下持有一套旧两居，置换回款 65% + 个人理财储蓄补充 + 公积金商业贷,重性价比，不盲信大牌，但要求物业管理有序、绿化修剪及时、人防技防规范。,本地常住人口，四季生活规律，度假频次为常规年假出行。
青_2008_01659,青岛,2008,学区刚需,45,女,1.5,7.2,0.3,18.0,4,0,是,C,agent,1,0.57,0.33,0.32,0.41,0.75,0.57,0.97,0.34,学区房,两室两厅,59,2712,市第二中学地理教师,成熟期核心家庭,与父母同住，三代人拥挤在旧区小户型老房中,当前房屋属于旧多层无电梯房，父母年纪渐高每天爬楼梯极为吃力。,讲究超高得房率（超85%），主卧套房必须配备独立步入式衣帽间与干湿分离双卫。,在市中心核心写字楼工作，首选半小时核心通勤圈内。,爱猫狗，喜欢烹饪和插花，主打经济舒适的生活小确幸。,名下持有一套旧两居，置换回款 65% + 个人理财储蓄补充 + 公积金商业贷,重性价比，不盲信大牌，但要求物业管理有序、绿化修剪及时、人防技防规范。,本地常住人口，四季生活规律，度假频次为常规年假出行。
青_2008_01660,青岛,2008,本地改善,40,女,1.6,11.3,0.4,21.1,4,1,是,B,agent,0.97,0.54,0.94,0.49,0.55,0.81,0.46,0.65,0.63,自住-改善,两室两厅,63,2138,邮政局局长秘书,三口之家(学龄段),青岛中环品质两居，车位及空间极其拥挤,小区无地下车库且人车不分流，小孩在楼下玩耍或者推婴儿车极为不安全。,要求有超大面宽南向双阳台（观景家政分离），主卧大飘窗能270度直面自然景观。,在市中心核心写字楼工作，首选半小时核心通勤圈内。,倡导轻户外，周末常带家人自驾野营或山系徒步，注重生活情调与手作咖啡。,名下持有一套旧两居，置换回款 65% + 个人理财储蓄补充 + 公积金商业贷,重性价比，不盲信大牌，但要求物业管理有序、绿化修剪及时、人防技防规范。,本地常住人口，四季生活规律，度假频次为常规年假出行。
青_2008_01661,青岛,2008,本地改善,40,女,2.3,14.3,0.4,26.8,3,0,是,B,agent,0.77,0.53,0.8,0.47,0.41,0.79,0.62,0.69,0.65,自住-改善,两室两厅,74,2444,邮政局局长秘书,成熟期核心家庭,青岛中环品质两居，车位及空间极其拥挤,当前房屋属于旧多层无电梯房，父母年纪渐高每天爬楼梯极为吃力。,要求有超大面宽南向双阳台（观景家政分离），主卧大飘窗能270度直面自然景观。,在市中心核心写字楼工作，首选半小时核心通勤圈内。,倡导轻户外，周末常带家人自驾野营或山系徒步，注重生活情调与手作咖啡。,名下持有一套旧两居，置换回款 65% + 个人理财储蓄补充 + 公积金商业贷,重性价比，不盲信大牌，但要求物业管理有序、绿化修剪及时、人防技防规范。,本地常住人口，四季生活规律，度假频次为常规年假出行。
青_2008_01662,青岛,2008,本地改善,48,男,2.6,14.6,0.4,27.3,4,2,是,B,agent,0.71,0.54,0.73,0.42,0.64,0.89,0.6,0.81,0.67,自住-改善,两室两厅,87,2797,国企车间技术主任,二胎黄金期中大户型,青岛中环品质两居，车位及空间极其拥挤,小区无地下车库且人车不分流，小孩在楼下玩耍或者推婴儿车极为不安全。,要求有超大面宽南向双阳台（观景家政分离），主卧大飘窗能270度直面自然景观。,在市中心核心写字楼工作，首选半小时核心通勤圈内。,倡导轻户外，周末常带家人自驾野营或山系徒步，注重生活情调与手作咖啡。,名下持有一套旧两居，置换回款 65% + 个人理财储蓄补充 + 公积金商业贷,重性价比，不盲信大牌，但要求物业管理有序、绿化修剪及时、人防技防规范。,本地常住人口，四季生活规律，度假频次为常规年假出行。
青_2008_01663,青岛,2008,本地改善,53,女,2.9,24.1,0.4,45.2,4,0,否,B,agent,1,0.39,0.67,0.4,0.56,0.9,0.64,0.74,0.53,自住-改善,两室两厅,94,3841,区财政局科员,成熟期核心家庭,青岛中环品质两居，车位及空间极其拥挤,老小区隔音差，邻里滋扰严重，且车位严重匮乏，每晚加班回来抢车位像打仗。,讲究超高得房率（超85%），主卧套房必须配备独立步入式衣帽间与干湿分离双卫。,在市中心核心写字楼工作，首选半小时核心通勤圈内。,倡导轻户外，周末常带家人自驾野营或山系徒步，注重生活情调与手作咖啡。,名下持有一套旧两居，置换回款 65% + 个人理财储蓄补充 + 公积金商业贷,重性价比，不盲信大牌，但要求物业管理有序、绿化修剪及时、人防技防规范。,本地常住人口，四季生活规律，度假频次为常规年假出行。
青_2008_01664,青岛,2008,本地改善,44,女,1.2,8.3,0.4,15.6,5,1,是,B,agent,0.59,0.33,0.49,0.53,0.29,0.82,0.6,0.8,0.56,自住-改善,两室两厅,93,1440,邮政局局长秘书,三口之家(学龄段),青岛中环品质两居，车位及空间极其拥挤,小区无地下车库且人车不分流，小孩在楼下玩耍或者推婴儿车极为不安全。,讲究超高得房率（超85%），主卧套房必须配备独立步入式衣帽间与干湿分离双卫。,在市中心核心写字楼工作，首选半小时核心通勤圈内。,倡导轻户外，周末常带家人自驾野营或山系徒步，注重生活情调与手作咖啡。,名下持有一套旧两居，置换回款 65% + 个人理财储蓄补充 + 公积金商业贷,重性价比，不盲信大牌，但要求物业管理有序、绿化修剪及时、人防技防规范。,本地常住人口，四季生活规律，度假频次为常规年假出行。
青_2008_01665,青岛,2008,本地改善,50,男,1.7,17.7,0.4,33.1,3,1,否,B,agent,0.68,0.58,0.69,0.64,0.54,0.76,0.54,0.63,0.58,自住-改善,两室两厅,93,2909,国企车间技术主任,三口之家(学龄段),青岛中环品质两居，车位及空间极其拥挤,小区无地下车库且人车不分流，小孩在楼下玩耍或者推婴儿车极为不安全。,讲究超高得房率（超85%），主卧套房必须配备独立步入式衣帽间与干湿分离双卫。,在市中心核心写字楼工作，首选半小时核心通勤圈内。,倡导轻户外，周末常带家人自驾野营或山系徒步，注重生活情调与手作咖啡。,名下持有一套旧两居，置换回款 65% + 个人理财储蓄补充 + 公积金商业贷,重性价比，不盲信大牌，但要求物业管理有序、绿化修剪及时、人防技防规范。,本地常住人口，四季生活规律，度假频次为常规年假出行。
青_2008_01666,青岛,2008,本地改善,55,女,3.2,29.8,0.4,55.9,3,1,否,B,agent,0.9,0.42,0.61,0.61,0.49,0.91,0.59,0.78,0.56,自住-改善,两室两厅,95,3066,市第二中学地理教师,三口之家(学龄段),青岛中环品质两居，车位及空间极其拥挤,小区无地下车库且人车不分流，小孩在楼下玩耍或者推婴儿车极为不安全。,讲究超高得房率（超85%），主卧套房必须配备独立步入式衣帽间与干湿分离双卫。,在市中心核心写字楼工作，首选半小时核心通勤圈内。,倡导轻户外，周末常带家人自驾野营或山系徒步，注重生活情调与手作咖啡。,名下持有一套旧两居，置换回款 65% + 个人理财储蓄补充 + 公积金商业贷,重性价比，不盲信大牌，但要求物业管理有序、绿化修剪及时、人防技防规范。,本地常住人口，四季生活规律，度假频次为常规年假出行。
青_2008_01667,青岛,2008,本地改善,37,女,1.6,9.6,0.4,18.0,4,1,是,B,agent,0.85,0.42,0.83,0.53,0.39,0.77,0.73,0.68,0.63,自住-改善,一室一厅,60,1892,国企车间技术主任,三口之家(幼龄段),青岛中环品质两居，车位及空间极其拥挤,小区无地下车库且人车不分流，小孩在楼下玩耍或者推婴儿车极为不安全。,要求有超大面宽南向双阳台（观景家政分离），主卧大飘窗能270度直面自然景观。,在市中心核心写字楼工作，首选半小时核心通勤圈内。,倡导轻户外，周末常带家人自驾野营或山系徒步，注重生活情调与手作咖啡。,名下持有一套旧两居，置换回款 65% + 个人理财储蓄补充 + 公积金商业贷,重性价比，不盲信大牌，但要求物业管理有序、绿化修剪及时、人防技防规范。,本地常住人口，四季生活规律，度假频次为常规年假出行。
青_2008_01668,青岛,2008,本地改善,47,男,1.7,15.4,0.4,28.9,5,1,否,B,agent,0.75,0.43,0.74,0.4,0.45,0.85,0.63,0.81,0.58,自住-改善,两室一厅,55,3657,市第二中学地理教师,三口之家(学龄段),青岛中环品质两居，车位及空间极其拥挤,小区无地下车库且人车不分流，小孩在楼下玩耍或者推婴儿车极为不安全。,要求有超大面宽南向双阳台（观景家政分离），主卧大飘窗能270度直面自然景观。,在市中心核心写字楼工作，首选半小时核心通勤圈内。,倡导轻户外，周末常带家人自驾野营或山系徒步，注重生活情调与手作咖啡。,名下持有一套旧两居，置换回款 65% + 个人理财储蓄补充 + 公积金商业贷,重性价比，不盲信大牌，但要求物业管理有序、绿化修剪及时、人防技防规范。,本地常住人口，四季生活规律，度假频次为常规年假出行。
青_2008_01669,青岛,2008,山东省内异地,44,女,2.6,20.5,0.45,34.2,3,1,否,C,network,0.67,0.53,0.98,0.36,0.57,0.81,0.03,0.41,0.59,自住-首套,两室一厅,58,5055,邮政局局长秘书,三口之家(学龄段),与父母同住，三代人拥挤在旧区小户型老房中,小区无地下车库且人车不分流，小孩在楼下玩耍或者推婴儿车极为不安全。,要求有超大面宽南向双阳台（观景家政分离），主卧大飘窗能270度直面自然景观。,在市中心核心写字楼工作，首选半小时核心通勤圈内。,爱猫狗，喜欢烹饪和插花，主打经济舒适的生活小确幸。,夫妻双方积蓄 + 双方父母出资赞助首付 + 公积金商业组合贷款,重性价比，不盲信大牌，但要求物业管理有序、绿化修剪及时、人防技防规范。,本地常住人口，四季生活规律，度假频次为常规年假出行。
青_2008_01670,青岛,2008,学区刚需,34,男,1.8,11.7,0.3,29.3,3,1,否,C,agent,1,0.47,0.41,0.41,0.44,0.6,0.57,0.99,0.49,学区房,两室一厅,87,2885,国企车间技术主任,三口之家(幼龄段),与父母同住，三代人拥挤在旧区小户型老房中,小区无地下车库且人车不分流，小孩在楼下玩耍或者推婴儿车极为不安全。,核心要求地块属于第一梯队名校学区，且周边500米内解决幼小衔接教育配套。,在市中心核心写字楼工作，首选半小时核心通勤圈内。,爱猫狗，喜欢烹饪和插花，主打经济舒适的生活小确幸。,名下持有一套旧两居，置换回款 65% + 个人理财储蓄补充 + 公积金商业贷,重性价比，不盲信大牌，但要求物业管理有序、绿化修剪及时、人防技防规范。,本地常住人口，四季生活规律，度假频次为常规年假出行。
青_2008_01671,青岛,2008,本地改善,38,女,2.9,21.4,0.4,40.1,4,1,否,B,agent,0.76,0.55,0.69,0.41,0.35,0.97,0.41,0.91,0.63,自住-改善,两室一厅,100,2155,国企车间技术主任,三口之家(学龄段),青岛中环品质两居，车位及空间极其拥挤,小区无地下车库且人车不分流，小孩在楼下玩耍或者推婴儿车极为不安全。,讲究超高得房率（超85%），主卧套房必须配备独立步入式衣帽间与干湿分离双卫。,在市中心核心写字楼工作，首选半小时核心通勤圈内。,倡导轻户外，周末常带家人自驾野营或山系徒步，注重生活情调与手作咖啡。,名下持有一套旧两居，置换回款 65% + 个人理财储蓄补充 + 公积金商业贷,重性价比，不盲信大牌，但要求物业管理有序、绿化修剪及时、人防技防规范。,本地常住人口，四季生活规律，度假频次为常规年假出行。
青_2008_01672,青岛,2008,本地改善,54,女,2.1,13.5,0.4,25.3,4,1,是,B,agent,0.54,0.48,0.84,0.62,0.57,0.93,0.69,0.65,0.58,自住-改善,一室一厅,76,2092,市第二中学地理教师,三口之家(学龄段),青岛中环品质两居，车位及空间极其拥挤,小区无地下车库且人车不分流，小孩在楼下玩耍或者推婴儿车极为不安全。,要求有超大面宽南向双阳台（观景家政分离），主卧大飘窗能270度直面自然景观。,在市中心核心写字楼工作，首选半小时核心通勤圈内。,倡导轻户外，周末常带家人自驾野营或山系徒步，注重生活情调与手作咖啡。,名下持有一套旧两居，置换回款 65% + 个人理财储蓄补充 + 公积金商业贷,重性价比，不盲信大牌，但要求物业管理有序、绿化修剪及时、人防技防规范。,本地常住人口，四季生活规律，度假频次为常规年假出行。
青_2008_01673,青岛,2008,山东省内异地,41,女,2.3,18.1,0.45,30.2,4,1,否,C,network,0.71,0.47,0.72,0.62,0.51,0.67,0,0.56,0.57,自住-首套,一室一厅,78,2989,邮政局局长秘书,三口之家(学龄段),与父母同住，三代人拥挤在旧区小户型老房中,小区无地下车库且人车不分流，小孩在楼下玩耍或者推婴儿车极为不安全。,要求有超大面宽南向双阳台（观景家政分离），主卧大飘窗能270度直面自然景观。,在市中心核心写字楼工作，首选半小时核心通勤圈内。,爱猫狗，喜欢烹饪和插花，主打经济舒适的生活小确幸。,夫妻双方积蓄 + 双方父母出资赞助首付 + 公积金商业组合贷款,重性价比，不盲信大牌，但要求物业管理有序、绿化修剪及时、人防技防规范。,本地常住人口，四季生活规律，度假频次为常规年假出行。
青_2008_01674,青岛,2008,山东省内异地,40,女,2.9,22.7,0.45,37.8,3,0,否,C,network,0.66,0.64,0.78,0.57,0.56,0.72,0,0.26,0.59,自住-改善,两室两厅,75,2912,国企车间技术主任,成熟期核心家庭,与父母同住，三代人拥挤在旧区小户型老房中,老小区隔音差，邻里滋扰严重，且车位严重匮乏，每晚加班回来抢车位像打仗。,要求有超大面宽南向双阳台（观景家政分离），主卧大飘窗能270度直面自然景观。,在市中心核心写字楼工作，首选半小时核心通勤圈内。,爱猫狗，喜欢烹饪和插花，主打经济舒适的生活小确幸。,名下持有一套旧两居，置换回款 65% + 个人理财储蓄补充 + 公积金商业贷,重性价比，不盲信大牌，但要求物业管理有序、绿化修剪及时、人防技防规范。,本地常住人口，四季生活规律，度假频次为常规年假出行。
青_2008_01675,青岛,2008,本地改善,51,女,2.1,21.1,0.4,39.5,3,0,是,B,agent,0.61,0.53,0.68,0.58,0.49,0.85,0.6,0.71,0.54,自住-改善,两室两厅,81,2592,国企车间技术主任,成熟期核心家庭,青岛中环品质两居，车位及空间极其拥挤,当前房屋属于旧多层无电梯房，父母年纪渐高每天爬楼梯极为吃力。,讲究超高得房率（超85%），主卧套房必须配备独立步入式衣帽间与干湿分离双卫。,在市中心核心写字楼工作，首选半小时核心通勤圈内。,倡导轻户外，周末常带家人自驾野营或山系徒步，注重生活情调与手作咖啡。,名下持有一套旧两居，置换回款 65% + 个人理财储蓄补充 + 公积金商业贷,重性价比，不盲信大牌，但要求物业管理有序、绿化修剪及时、人防技防规范。,本地常住人口，四季生活规律，度假频次为常规年假出行。
青_2008_01676,青岛,2008,学区刚需,34,男,3.4,21.6,0.3,54.0,3,1,否,C,agent,0.7,0.61,0.46,0.28,0.48,0.87,0.56,0.97,0.51,学区房,一室一厅,88,4229,邮政局局长秘书,三口之家(幼龄段),与父母同住，三代人拥挤在旧区小户型老房中,小区无地下车库且人车不分流，小孩在楼下玩耍或者推婴儿车极为不安全。,讲究超高得房率（超85%），主卧套房必须配备独立步入式衣帽间与干湿分离双卫。,在市中心核心写字楼工作，首选半小时核心通勤圈内。,爱猫狗，喜欢烹饪和插花，主打经济舒适的生活小确幸。,名下持有一套旧两居，置换回款 65% + 个人理财储蓄补充 + 公积金商业贷,重性价比，不盲信大牌，但要求物业管理有序、绿化修剪及时、人防技防规范。,本地常住人口，四季生活规律，度假频次为常规年假出行。
青_2008_01677,青岛,2008,本地改善,39,女,3.0,19.3,0.4,36.3,4,1,否,B,agent,0.91,0.52,0.66,0.5,0.57,0.95,0.62,0.67,0.59,自住-改善,两室一厅,74,3530,市第二中学地理教师,三口之家(学龄段),青岛中环品质两居，车位及空间极其拥挤,小区无地下车库且人车不分流，小孩在楼下玩耍或者推婴儿车极为不安全。,讲究超高得房率（超85%），主卧套房必须配备独立步入式衣帽间与干湿分离双卫。,在市中心核心写字楼工作，首选半小时核心通勤圈内。,倡导轻户外，周末常带家人自驾野营或山系徒步，注重生活情调与手作咖啡。,名下持有一套旧两居，置换回款 65% + 个人理财储蓄补充 + 公积金商业贷,重性价比，不盲信大牌，但要求物业管理有序、绿化修剪及时、人防技防规范。,本地常住人口，四季生活规律，度假频次为常规年假出行。
青_2008_01678,青岛,2008,山东省内异地,57,女,1.9,13.1,0.45,21.9,5,1,是,C,network,0.67,0.7,0.98,0.55,0.4,0.72,0.1,0.4,0.57,自住-首套,两室两厅,95,1708,国企车间技术主任,三口之家(学龄段),与父母同住，三代人拥挤在旧区小户型老房中,小区无地下车库且人车不分流，小孩在楼下玩耍或者推婴儿车极为不安全。,要求有超大面宽南向双阳台（观景家政分离），主卧大飘窗能270度直面自然景观。,在市中心核心写字楼工作，首选半小时核心通勤圈内。,爱猫狗，喜欢烹饪和插花，主打经济舒适的生活小确幸。,夫妻双方积蓄 + 双方父母出资赞助首付 + 公积金商业组合贷款,重性价比，不盲信大牌，但要求物业管理有序、绿化修剪及时、人防技防规范。,本地常住人口，四季生活规律，度假频次为常规年假出行。
青_2008_01679,青岛,2008,本地改善,54,男,0.9,9.3,0.4,17.5,3,1,是,B,agent,0.72,0.52,0.76,0.53,0.52,0.85,0.64,0.64,0.48,自住-改善,一室一厅,51,1966,区财政局科员,三口之家(学龄段),青岛中环品质两居，车位及空间极其拥挤,小区无地下车库且人车不分流，小孩在楼下玩耍或者推婴儿车极为不安全。,要求有超大面宽南向双阳台（观景家政分离），主卧大飘窗能270度直面自然景观。,在市中心核心写字楼工作，首选半小时核心通勤圈内。,倡导轻户外，周末常带家人自驾野营或山系徒步，注重生活情调与手作咖啡。,名下持有一套旧两居，置换回款 65% + 个人理财储蓄补充 + 公积金商业贷,重性价比，不盲信大牌，但要求物业管理有序、绿化修剪及时、人防技防规范。,本地常住人口，四季生活规律，度假频次为常规年假出行。
青_2008_01680,青岛,2008,本地改善,44,男,1.9,13.0,0.4,24.3,4,1,否,B,agent,0.75,0.48,0.86,0.55,0.33,0.78,0.54,0.77,0.41,自住-改善,两室一厅,93,1790,区财政局科员,三口之家(学龄段),青岛中环品质两居，车位及空间极其拥挤,小区无地下车库且人车不分流，小孩在楼下玩耍或者推婴儿车极为不安全。,要求有超大面宽南向双阳台（观景家政分离），主卧大飘窗能270度直面自然景观。,在市中心核心写字楼工作，首选半小时核心通勤圈内。,倡导轻户外，周末常带家人自驾野营或山系徒步，注重生活情调与手作咖啡。,名下持有一套旧两居，置换回款 65% + 个人理财储蓄补充 + 公积金商业贷,重性价比，不盲信大牌，但要求物业管理有序、绿化修剪及时、人防技防规范。,本地常住人口，四季生活规律，度假频次为常规年假出行。
青_2008_01681,青岛,2008,本地改善,54,女,2.6,27.1,0.4,50.7,4,0,否,B,agent,1,0.38,0.82,0.51,0.52,0.92,0.68,0.66,0.65,自住-改善,一室一厅,70,4083,市第二中学地理教师,成熟期核心家庭,青岛中环品质两居，车位及空间极其拥挤,老小区隔音差，邻里滋扰严重，且车位严重匮乏，每晚加班回来抢车位像打仗。,要求有超大面宽南向双阳台（观景家政分离），主卧大飘窗能270度直面自然景观。,在市中心核心写字楼工作，首选半小时核心通勤圈内。,倡导轻户外，周末常带家人自驾野营或山系徒步，注重生活情调与手作咖啡。,名下持有一套旧两居，置换回款 65% + 个人理财储蓄补充 + 公积金商业贷,重性价比，不盲信大牌，但要求物业管理有序、绿化修剪及时、人防技防规范。,本地常住人口，四季生活规律，度假频次为常规年假出行。
青_2008_01682,青岛,2008,学区刚需,45,男,1.1,7.1,0.3,17.8,3,1,是,C,agent,0.75,0.56,0.3,0.28,0.43,0.69,0.58,0.94,0.44,学区房,两室两厅,62,1641,区财政局科员,三口之家(学龄段),与父母同住，三代人拥挤在旧区小户型老房中,小区无地下车库且人车不分流，小孩在楼下玩耍或者推婴儿车极为不安全。,核心要求地块属于第一梯队名校学区，且周边500米内解决幼小衔接教育配套。,在市中心核心写字楼工作，首选半小时核心通勤圈内。,爱猫狗，喜欢烹饪和插花，主打经济舒适的生活小确幸。,名下持有一套旧两居，置换回款 65% + 个人理财储蓄补充 + 公积金商业贷,重性价比，不盲信大牌，但要求物业管理有序、绿化修剪及时、人防技防规范。,本地常住人口，四季生活规律，度假频次为常规年假出行。
青_2008_01683,青岛,2008,学区刚需,44,女,2.3,9.6,0.3,24.1,3,1,否,C,agent,1,0.51,0.34,0.28,0.39,0.68,0.56,0.91,0.5,学区房,两室一厅,76,2516,邮政局局长秘书,三口之家(学龄段),与父母同住，三代人拥挤在旧区小户型老房中,小区无地下车库且人车不分流，小孩在楼下玩耍或者推婴儿车极为不安全。,核心要求地块属于第一梯队名校学区，且周边500米内解决幼小衔接教育配套。,在市中心核心写字楼工作，首选半小时核心通勤圈内。,爱猫狗，喜欢烹饪和插花，主打经济舒适的生活小确幸。,名下持有一套旧两居，置换回款 65% + 个人理财储蓄补充 + 公积金商业贷,重性价比，不盲信大牌，但要求物业管理有序、绿化修剪及时、人防技防规范。,本地常住人口，四季生活规律，度假频次为常规年假出行。
青_2008_01684,青岛,2008,本地改善,40,女,3.2,28.1,0.4,52.6,4,1,否,B,agent,0.73,0.52,0.79,0.54,0.51,0.87,0.56,0.67,0.58,自住-改善,两室一厅,71,3906,国企车间技术主任,三口之家(学龄段),青岛中环品质两居，车位及空间极其拥挤,小区无地下车库且人车不分流，小孩在楼下玩耍或者推婴儿车极为不安全。,要求有超大面宽南向双阳台（观景家政分离），主卧大飘窗能270度直面自然景观。,在市中心核心写字楼工作，首选半小时核心通勤圈内。,倡导轻户外，周末常带家人自驾野营或山系徒步，注重生活情调与手作咖啡。,名下持有一套旧两居，置换回款 65% + 个人理财储蓄补充 + 公积金商业贷,重性价比，不盲信大牌，但要求物业管理有序、绿化修剪及时、人防技防规范。,本地常住人口，四季生活规律，度假频次为常规年假出行。
青_2008_01685,青岛,2008,学区刚需,40,女,1.3,6.3,0.3,15.7,4,2,否,C,agent,0.73,0.63,0.37,0.4,0.44,0.73,0.63,0.74,0.42,学区房,一室一厅,56,1856,邮政局局长秘书,二胎黄金期中大户型,与父母同住，三代人拥挤在旧区小户型老房中,小区无地下车库且人车不分流，小孩在楼下玩耍或者推婴儿车极为不安全。,讲究超高得房率（超85%），主卧套房必须配备独立步入式衣帽间与干湿分离双卫。,在市中心核心写字楼工作，首选半小时核心通勤圈内。,爱猫狗，喜欢烹饪和插花，主打经济舒适的生活小确幸。,名下持有一套旧两居，置换回款 65% + 个人理财储蓄补充 + 公积金商业贷,重性价比，不盲信大牌，但要求物业管理有序、绿化修剪及时、人防技防规范。,本地常住人口，四季生活规律，度假频次为常规年假出行。
青_2008_01686,青岛,2008,本地改善,39,男,1.3,12.7,0.4,23.9,3,2,否,B,agent,0.82,0.43,0.81,0.43,0.47,0.78,0.49,0.61,0.57,自住-改善,两室两厅,92,2081,市第二中学地理教师,二胎黄金期中大户型,青岛中环品质两居，车位及空间极其拥挤,小区无地下车库且人车不分流，小孩在楼下玩耍或者推婴儿车极为不安全。,要求有超大面宽南向双阳台（观景家政分离），主卧大飘窗能270度直面自然景观。,在市中心核心写字楼工作，首选半小时核心通勤圈内。,倡导轻户外，周末常带家人自驾野营或山系徒步，注重生活情调与手作咖啡。,名下持有一套旧两居，置换回款 65% + 个人理财储蓄补充 + 公积金商业贷,重性价比，不盲信大牌，但要求物业管理有序、绿化修剪及时、人防技防规范。,本地常住人口，四季生活规律，度假频次为常规年假出行。
青_2008_01687,青岛,2008,本地改善,35,男,1.9,16.5,0.4,30.9,5,1,是,B,agent,0.75,0.57,0.62,0.66,0.34,0.78,0.51,0.84,0.57,自住-改善,一室一厅,66,2678,邮政局局长秘书,三口之家(幼龄段),青岛中环品质两居，车位及空间极其拥挤,小区无地下车库且人车不分流，小孩在楼下玩耍或者推婴儿车极为不安全。,讲究超高得房率（超85%），主卧套房必须配备独立步入式衣帽间与干湿分离双卫。,在市中心核心写字楼工作，首选半小时核心通勤圈内。,倡导轻户外，周末常带家人自驾野营或山系徒步，注重生活情调与手作咖啡。,名下持有一套旧两居，置换回款 65% + 个人理财储蓄补充 + 公积金商业贷,重性价比，不盲信大牌，但要求物业管理有序、绿化修剪及时、人防技防规范。,本地常住人口，四季生活规律，度假频次为常规年假出行。
青_2008_01688,青岛,2008,本地改善,39,女,1.3,8.2,0.4,15.4,5,1,否,B,agent,0.71,0.6,0.73,0.46,0.43,0.78,0.6,0.79,0.6,自住-改善,两室一厅,73,1573,区财政局科员,三口之家(学龄段),青岛中环品质两居，车位及空间极其拥挤,小区无地下车库且人车不分流，小孩在楼下玩耍或者推婴儿车极为不安全。,要求有超大面宽南向双阳台（观景家政分离），主卧大飘窗能270度直面自然景观。,在市中心核心写字楼工作，首选半小时核心通勤圈内。,倡导轻户外，周末常带家人自驾野营或山系徒步，注重生活情调与手作咖啡。,名下持有一套旧两居，置换回款 65% + 个人理财储蓄补充 + 公积金商业贷,重性价比，不盲信大牌，但要求物业管理有序、绿化修剪及时、人防技防规范。,本地常住人口，四季生活规律，度假频次为常规年假出行。
青_2008_01689,青岛,2008,本地改善,43,女,2.3,21.3,0.4,39.9,5,0,否,B,agent,0.59,0.58,0.67,0.5,0.47,0.91,0.53,0.67,0.6,自住-改善,两室一厅,55,4075,区财政局科员,成熟期核心家庭,青岛中环品质两居，车位及空间极其拥挤,老小区隔音差，邻里滋扰严重，且车位严重匮乏，每晚加班回来抢车位像打仗。,讲究超高得房率（超85%），主卧套房必须配备独立步入式衣帽间与干湿分离双卫。,在市中心核心写字楼工作，首选半小时核心通勤圈内。,倡导轻户外，周末常带家人自驾野营或山系徒步，注重生活情调与手作咖啡。,名下持有一套旧两居，置换回款 65% + 个人理财储蓄补充 + 公积金商业贷,重性价比，不盲信大牌，但要求物业管理有序、绿化修剪及时、人防技防规范。,本地常住人口，四季生活规律，度假频次为常规年假出行。
青_2008_01690,青岛,2008,本地改善,50,男,2.0,15.8,0.4,29.5,4,1,否,B,agent,0.83,0.46,0.74,0.57,0.52,0.73,0.6,0.78,0.43,自住-改善,一室一厅,65,3207,区财政局科员,三口之家(学龄段),青岛中环品质两居，车位及空间极其拥挤,小区无地下车库且人车不分流，小孩在楼下玩耍或者推婴儿车极为不安全。,要求有超大面宽南向双阳台（观景家政分离），主卧大飘窗能270度直面自然景观。,在市中心核心写字楼工作，首选半小时核心通勤圈内。,倡导轻户外，周末常带家人自驾野营或山系徒步，注重生活情调与手作咖啡。,名下持有一套旧两居，置换回款 65% + 个人理财储蓄补充 + 公积金商业贷,重性价比，不盲信大牌，但要求物业管理有序、绿化修剪及时、人防技防规范。,本地常住人口，四季生活规律，度假频次为常规年假出行。
青_2008_01691,青岛,2008,本地改善,49,男,1.8,16.5,0.4,30.8,4,1,否,B,agent,0.71,0.52,0.69,0.45,0.49,0.86,0.46,0.65,0.52,自住-改善,两室一厅,73,3378,国企车间技术主任,三口之家(学龄段),青岛中环品质两居，车位及空间极其拥挤,小区无地下车库且人车不分流，小孩在楼下玩耍或者推婴儿车极为不安全。,讲究超高得房率（超85%），主卧套房必须配备独立步入式衣帽间与干湿分离双卫。,在市中心核心写字楼工作，首选半小时核心通勤圈内。,倡导轻户外，周末常带家人自驾野营或山系徒步，注重生活情调与手作咖啡。,名下持有一套旧两居，置换回款 65% + 个人理财储蓄补充 + 公积金商业贷,重性价比，不盲信大牌，但要求物业管理有序、绿化修剪及时、人防技防规范。,本地常住人口，四季生活规律，度假频次为常规年假出行。
青_2008_01692,青岛,2008,北方度假投资,55,男,4.4,54.4,0.5,81.7,2,0,是,B,research,0.91,0.54,0.97,0.67,0.33,0.42,0.13,0,0.71,投资-短期,两室两厅,55,7911,知名中医药连锁投资人,高知退休康养,青岛中环品质两居，车位及空间极其拥挤,当前房屋属于旧多层无电梯房，父母年纪渐高每天爬楼梯极为吃力。,要求有超大面宽南向双阳台（观景家政分离），主卧大飘窗能270度直面自然景观。,在市中心核心写字楼工作，首选半小时核心通勤圈内。,倡导轻户外，周末常带家人自驾野营或山系徒步，注重生活情调与手作咖啡。,名下持有一套旧两居，置换回款 65% + 个人理财储蓄补充 + 公积金商业贷,非仁恒、绿城、万科等金牌开发商不买，极度看重高端精装质量与顶级物业的增值口碑。,每年11月至次年3月到此度过漫长冬季，极其依赖周边的康养及适老化服务。
青_2008_01693,青岛,2008,本地改善,41,女,1.8,12.1,0.4,22.7,5,2,是,B,agent,0.49,0.51,0.87,0.48,0.45,0.77,0.63,0.69,0.54,自住-改善,一室一厅,94,1440,国企车间技术主任,二胎黄金期中大户型,青岛中环品质两居，车位及空间极其拥挤,小区无地下车库且人车不分流，小孩在楼下玩耍或者推婴儿车极为不安全。,要求有超大面宽南向双阳台（观景家政分离），主卧大飘窗能270度直面自然景观。,在市中心核心写字楼工作，首选半小时核心通勤圈内。,倡导轻户外，周末常带家人自驾野营或山系徒步，注重生活情调与手作咖啡。,名下持有一套旧两居，置换回款 65% + 个人理财储蓄补充 + 公积金商业贷,重性价比，不盲信大牌，但要求物业管理有序、绿化修剪及时、人防技防规范。,本地常住人口，四季生活规律，度假频次为常规年假出行。
青_2008_01694,青岛,2008,本地改善,37,女,1.3,9.8,0.4,18.4,4,1,否,B,agent,0.7,0.58,0.75,0.43,0.52,0.84,0.62,0.73,0.51,自住-改善,一室一厅,67,1682,国企车间技术主任,三口之家(幼龄段),青岛中环品质两居，车位及空间极其拥挤,小区无地下车库且人车不分流，小孩在楼下玩耍或者推婴儿车极为不安全。,要求有超大面宽南向双阳台（观景家政分离），主卧大飘窗能270度直面自然景观。,在市中心核心写字楼工作，首选半小时核心通勤圈内。,倡导轻户外，周末常带家人自驾野营或山系徒步，注重生活情调与手作咖啡。,名下持有一套旧两居，置换回款 65% + 个人理财储蓄补充 + 公积金商业贷,重性价比，不盲信大牌，但要求物业管理有序、绿化修剪及时、人防技防规范。,本地常住人口，四季生活规律，度假频次为常规年假出行。
青_2008_01695,青岛,2008,本地改善,38,男,1.5,14.0,0.4,26.3,3,1,否,B,agent,0.78,0.47,0.67,0.57,0.44,0.8,0.66,0.59,0.53,自住-改善,两室一厅,93,1440,市第二中学地理教师,三口之家(学龄段),青岛中环品质两居，车位及空间极其拥挤,小区无地下车库且人车不分流，小孩在楼下玩耍或者推婴儿车极为不安全。,讲究超高得房率（超85%），主卧套房必须配备独立步入式衣帽间与干湿分离双卫。,在市中心核心写字楼工作，首选半小时核心通勤圈内。,倡导轻户外，周末常带家人自驾野营或山系徒步，注重生活情调与手作咖啡。,名下持有一套旧两居，置换回款 65% + 个人理财储蓄补充 + 公积金商业贷,重性价比，不盲信大牌，但要求物业管理有序、绿化修剪及时、人防技防规范。,本地常住人口，四季生活规律，度假频次为常规年假出行。
青_2008_01696,青岛,2008,本地改善,40,女,2.1,14.2,0.4,26.6,4,2,是,B,agent,0.75,0.61,0.78,0.41,0.61,0.8,0.5,0.78,0.58,自住-改善,两室一厅,94,2457,区财政局科员,二胎黄金期中大户型,青岛中环品质两居，车位及空间极其拥挤,小区无地下车库且人车不分流，小孩在楼下玩耍或者推婴儿车极为不安全。,要求有超大面宽南向双阳台（观景家政分离），主卧大飘窗能270度直面自然景观。,在市中心核心写字楼工作，首选半小时核心通勤圈内。,倡导轻户外，周末常带家人自驾野营或山系徒步，注重生活情调与手作咖啡。,名下持有一套旧两居，置换回款 65% + 个人理财储蓄补充 + 公积金商业贷,重性价比，不盲信大牌，但要求物业管理有序、绿化修剪及时、人防技防规范。,本地常住人口，四季生活规律，度假频次为常规年假出行。
青_2008_01697,青岛,2008,学区刚需,35,女,1.2,5.3,0.3,13.3,3,2,是,C,agent,1,0.55,0.32,0.39,0.5,0.66,0.51,0.85,0.33,学区房,两室两厅,51,2212,国企车间技术主任,二胎黄金期中大户型,与父母同住，三代人拥挤在旧区小户型老房中,小区无地下车库且人车不分流，小孩在楼下玩耍或者推婴儿车极为不安全。,核心要求地块属于第一梯队名校学区，且周边500米内解决幼小衔接教育配套。,在市中心核心写字楼工作，首选半小时核心通勤圈内。,爱猫狗，喜欢烹饪和插花，主打经济舒适的生活小确幸。,名下持有一套旧两居，置换回款 65% + 个人理财储蓄补充 + 公积金商业贷,重性价比，不盲信大牌，但要求物业管理有序、绿化修剪及时、人防技防规范。,本地常住人口，四季生活规律，度假频次为常规年假出行。
青_2008_01698,青岛,2008,本地改善,36,女,3.0,29.7,0.4,55.7,4,1,否,B,agent,0.73,0.54,0.73,0.71,0.58,0.77,0.78,0.72,0.53,自住-改善,一室一厅,100,2893,国企车间技术主任,三口之家(幼龄段),青岛中环品质两居，车位及空间极其拥挤,小区无地下车库且人车不分流，小孩在楼下玩耍或者推婴儿车极为不安全。,要求独立电梯入户，主次卧动线分明，配备独立保姆房和私密后院。,在市中心核心写字楼工作，首选半小时核心通勤圈内。,倡导轻户外，周末常带家人自驾野营或山系徒步，注重生活情调与手作咖啡。,名下持有一套旧两居，置换回款 65% + 个人理财储蓄补充 + 公积金商业贷,重性价比，不盲信大牌，但要求物业管理有序、绿化修剪及时、人防技防规范。,本地常住人口，四季生活规律，度假频次为常规年假出行。
青_2008_01699,青岛,2008,山东省内异地,49,男,3.0,20.0,0.45,33.3,4,2,否,C,network,0.65,0.59,0.83,0.57,0.51,0.67,0,0.51,0.44,自住-改善,两室一厅,72,2981,区财政局科员,二胎黄金期中大户型,与父母同住，三代人拥挤在旧区小户型老房中,小区无地下车库且人车不分流，小孩在楼下玩耍或者推婴儿车极为不安全。,要求有超大面宽南向双阳台（观景家政分离），主卧大飘窗能270度直面自然景观。,在市中心核心写字楼工作，首选半小时核心通勤圈内。,爱猫狗，喜欢烹饪和插花，主打经济舒适的生活小确幸。,名下持有一套旧两居，置换回款 65% + 个人理财储蓄补充 + 公积金商业贷,重性价比，不盲信大牌，但要求物业管理有序、绿化修剪及时、人防技防规范。,本地常住人口，四季生活规律，度假频次为常规年假出行。
青_2008_01700,青岛,2008,北方度假投资,52,女,3.3,34.6,0.5,52.0,2,0,否,B,research,0.57,0.53,1,0.66,0.49,0.5,0.08,0,0.74,投资-短期,两室两厅,74,4038,知名中医药连锁投资人,成熟期核心家庭,青岛中环品质两居，车位及空间极其拥挤,老小区隔音差，邻里滋扰严重，且车位严重匮乏，每晚加班回来抢车位像打仗。,要求有超大面宽南向双阳台（观景家政分离），主卧大飘窗能270度直面自然景观。,在市中心核心写字楼工作，首选半小时核心通勤圈内。,倡导轻户外，周末常带家人自驾野营或山系徒步，注重生活情调与手作咖啡。,名下持有一套旧两居，置换回款 65% + 个人理财储蓄补充 + 公积金商业贷,非仁恒、绿城、万科等金牌开发商不买，极度看重高端精装质量与顶级物业的增值口碑。,每年11月至次年3月到此度过漫长冬季，极其依赖周边的康养及适老化服务。
青_2008_01701,青岛,2008,学区刚需,32,男,2.3,12.6,0.3,31.4,3,1,是,C,agent,0.85,0.38,0.54,0.15,0.36,0.8,0.39,0.76,0.32,学区房,两室两厅,55,3461,市第二中学地理教师,三口之家(幼龄段),与父母同住，三代人拥挤在旧区小户型老房中,小区无地下车库且人车不分流，小孩在楼下玩耍或者推婴儿车极为不安全。,讲究超高得房率（超85%），主卧套房必须配备独立步入式衣帽间与干湿分离双卫。,在市中心核心写字楼工作，首选半小时核心通勤圈内。,爱猫狗，喜欢烹饪和插花，主打经济舒适的生活小确幸。,名下持有一套旧两居，置换回款 65% + 个人理财储蓄补充 + 公积金商业贷,重性价比，不盲信大牌，但要求物业管理有序、绿化修剪及时、人防技防规范。,本地常住人口，四季生活规律，度假频次为常规年假出行。
青_2008_01702,青岛,2008,本地改善,52,男,3.4,31.8,0.4,59.7,4,2,否,B,agent,0.88,0.51,0.88,0.52,0.55,0.86,0.54,0.59,0.52,自住-改善,一室一厅,54,6707,区财政局科员,二胎黄金期中大户型,青岛中环品质两居，车位及空间极其拥挤,小区无地下车库且人车不分流，小孩在楼下玩耍或者推婴儿车极为不安全。,要求有超大面宽南向双阳台（观景家政分离），主卧大飘窗能270度直面自然景观。,在市中心核心写字楼工作，首选半小时核心通勤圈内。,倡导轻户外，周末常带家人自驾野营或山系徒步，注重生活情调与手作咖啡。,名下持有一套旧两居，置换回款 65% + 个人理财储蓄补充 + 公积金商业贷,重性价比，不盲信大牌，但要求物业管理有序、绿化修剪及时、人防技防规范。,本地常住人口，四季生活规律，度假频次为常规年假出行。
青_2008_01703,青岛,2008,山东省内异地,51,男,2.0,20.2,0.45,33.7,3,1,是,C,network,0.5,0.52,0.83,0.61,0.51,0.79,0.04,0.41,0.59,自住-首套,两室两厅,69,3152,邮政局局长秘书,三口之家(学龄段),与父母同住，三代人拥挤在旧区小户型老房中,小区无地下车库且人车不分流，小孩在楼下玩耍或者推婴儿车极为不安全。,要求有超大面宽南向双阳台（观景家政分离），主卧大飘窗能270度直面自然景观。,在市中心核心写字楼工作，首选半小时核心通勤圈内。,爱猫狗，喜欢烹饪和插花，主打经济舒适的生活小确幸。,夫妻双方积蓄 + 双方父母出资赞助首付 + 公积金商业组合贷款,重性价比，不盲信大牌，但要求物业管理有序、绿化修剪及时、人防技防规范。,本地常住人口，四季生活规律，度假频次为常规年假出行。
青_2008_01704,青岛,2008,北方度假投资,63,女,2.8,21.1,0.5,31.7,2,0,否,B,research,0.82,0.37,1,0.64,0.44,0.65,0.01,0.05,0.75,度假,两室一厅,68,3988,知名中医药连锁投资人,高知退休康养,青岛中环品质两居，车位及空间极其拥挤,老小区隔音差，邻里滋扰严重，且车位严重匮乏，每晚加班回来抢车位像打仗。,要求有超大面宽南向双阳台（观景家政分离），主卧大飘窗能270度直面自然景观。,在市中心核心写字楼工作，首选半小时核心通勤圈内。,倡导轻户外，周末常带家人自驾野营或山系徒步，注重生活情调与手作咖啡。,名下持有一套旧两居，置换回款 65% + 个人理财储蓄补充 + 公积金商业贷,非仁恒、绿城、万科等金牌开发商不买，极度看重高端精装质量与顶级物业的增值口碑。,每年11月至次年3月到此度过漫长冬季，极其依赖周边的康养及适老化服务。
青_2008_01705,青岛,2008,学区刚需,39,男,1.9,9.1,0.3,22.7,3,1,否,C,agent,0.94,0.51,0.53,0.38,0.47,0.67,0.55,0.93,0.54,学区房,两室一厅,77,1643,区财政局科员,三口之家(学龄段),与父母同住，三代人拥挤在旧区小户型老房中,小区无地下车库且人车不分流，小孩在楼下玩耍或者推婴儿车极为不安全。,核心要求地块属于第一梯队名校学区，且周边500米内解决幼小衔接教育配套。,在市中心核心写字楼工作，首选半小时核心通勤圈内。,爱猫狗，喜欢烹饪和插花，主打经济舒适的生活小确幸。,名下持有一套旧两居，置换回款 65% + 个人理财储蓄补充 + 公积金商业贷,重性价比，不盲信大牌，但要求物业管理有序、绿化修剪及时、人防技防规范。,本地常住人口，四季生活规律，度假频次为常规年假出行。
青_2008_01706,青岛,2008,学区刚需,44,男,2.2,16.5,0.3,41.4,3,2,否,C,agent,1,0.51,0.45,0.33,0.38,0.83,0.54,0.97,0.42,学区房,两室一厅,88,3884,区财政局科员,二胎黄金期中大户型,与父母同住，三代人拥挤在旧区小户型老房中,小区无地下车库且人车不分流，小孩在楼下玩耍或者推婴儿车极为不安全。,讲究超高得房率（超85%），主卧套房必须配备独立步入式衣帽间与干湿分离双卫。,在市中心核心写字楼工作，首选半小时核心通勤圈内。,爱猫狗，喜欢烹饪和插花，主打经济舒适的生活小确幸。,名下持有一套旧两居，置换回款 65% + 个人理财储蓄补充 + 公积金商业贷,重性价比，不盲信大牌，但要求物业管理有序、绿化修剪及时、人防技防规范。,本地常住人口，四季生活规律，度假频次为常规年假出行。
青_2008_01707,青岛,2008,本地改善,37,男,1.6,14.3,0.4,26.9,3,0,否,B,agent,0.54,0.45,0.78,0.41,0.57,0.86,0.56,0.58,0.43,自住-改善,一室一厅,67,3495,区财政局科员,成熟期核心家庭,青岛中环品质两居，车位及空间极其拥挤,老小区隔音差，邻里滋扰严重，且车位严重匮乏，每晚加班回来抢车位像打仗。,要求有超大面宽南向双阳台（观景家政分离），主卧大飘窗能270度直面自然景观。,在市中心核心写字楼工作，首选半小时核心通勤圈内。,倡导轻户外，周末常带家人自驾野营或山系徒步，注重生活情调与手作咖啡。,名下持有一套旧两居，置换回款 65% + 个人理财储蓄补充 + 公积金商业贷,重性价比，不盲信大牌，但要求物业管理有序、绿化修剪及时、人防技防规范。,本地常住人口，四季生活规律，度假频次为常规年假出行。
青_2008_01708,青岛,2008,本地改善,55,女,1.0,9.1,0.4,17.0,4,1,否,B,agent,0.67,0.42,0.72,0.56,0.46,0.91,0.56,0.71,0.46,自住-改善,两室两厅,92,1179,国企车间技术主任,三口之家(学龄段),青岛中环品质两居，车位及空间极其拥挤,小区无地下车库且人车不分流，小孩在楼下玩耍或者推婴儿车极为不安全。,要求有超大面宽南向双阳台（观景家政分离），主卧大飘窗能270度直面自然景观。,在市中心核心写字楼工作，首选半小时核心通勤圈内。,倡导轻户外，周末常带家人自驾野营或山系徒步，注重生活情调与手作咖啡。,名下持有一套旧两居，置换回款 65% + 个人理财储蓄补充 + 公积金商业贷,重性价比，不盲信大牌，但要求物业管理有序、绿化修剪及时、人防技防规范。,本地常住人口，四季生活规律，度假频次为常规年假出行。
青_2008_01709,青岛,2008,山东省内异地,60,女,2.0,11.7,0.45,19.4,3,1,是,C,network,0.45,0.64,0.8,0.71,0.35,0.68,0.03,0.28,0.56,自住-改善,一室一厅,74,1575,国企车间技术主任,三口之家(学龄段),与父母同住，三代人拥挤在旧区小户型老房中,小区无地下车库且人车不分流，小孩在楼下玩耍或者推婴儿车极为不安全。,要求独立电梯入户，主次卧动线分明，配备独立保姆房和私密后院。,在市中心核心写字楼工作，首选半小时核心通勤圈内。,爱猫狗，喜欢烹饪和插花，主打经济舒适的生活小确幸。,名下持有一套旧两居，置换回款 65% + 个人理财储蓄补充 + 公积金商业贷,重性价比，不盲信大牌，但要求物业管理有序、绿化修剪及时、人防技防规范。,本地常住人口，四季生活规律，度假频次为常规年假出行。
青_2008_01710,青岛,2008,学区刚需,35,男,1.6,11.1,0.3,27.7,4,1,否,C,agent,0.94,0.7,0.5,0.42,0.49,0.81,0.56,0.9,0.53,学区房,两室两厅,55,3244,区财政局科员,三口之家(幼龄段),与父母同住，三代人拥挤在旧区小户型老房中,小区无地下车库且人车不分流，小孩在楼下玩耍或者推婴儿车极为不安全。,讲究超高得房率（超85%），主卧套房必须配备独立步入式衣帽间与干湿分离双卫。,在市中心核心写字楼工作，首选半小时核心通勤圈内。,爱猫狗，喜欢烹饪和插花，主打经济舒适的生活小确幸。,名下持有一套旧两居，置换回款 65% + 个人理财储蓄补充 + 公积金商业贷,重性价比，不盲信大牌，但要求物业管理有序、绿化修剪及时、人防技防规范。,本地常住人口，四季生活规律，度假频次为常规年假出行。
青_2008_01711,青岛,2008,本地改善,40,女,3.0,29.4,0.4,55.2,4,1,是,B,agent,0.84,0.4,0.84,0.41,0.48,0.78,0.61,0.75,0.48,自住-改善,一室一厅,73,3838,国企车间技术主任,三口之家(学龄段),青岛中环品质两居，车位及空间极其拥挤,小区无地下车库且人车不分流，小孩在楼下玩耍或者推婴儿车极为不安全。,要求有超大面宽南向双阳台（观景家政分离），主卧大飘窗能270度直面自然景观。,在市中心核心写字楼工作，首选半小时核心通勤圈内。,倡导轻户外，周末常带家人自驾野营或山系徒步，注重生活情调与手作咖啡。,名下持有一套旧两居，置换回款 65% + 个人理财储蓄补充 + 公积金商业贷,重性价比，不盲信大牌，但要求物业管理有序、绿化修剪及时、人防技防规范。,本地常住人口，四季生活规律，度假频次为常规年假出行。
青_2008_01712,青岛,2008,学区刚需,41,女,1.6,6.7,0.3,16.8,3,2,否,C,agent,0.83,0.6,0.38,0.24,0.41,0.67,0.67,0.85,0.33,学区房,两室两厅,89,1645,邮政局局长秘书,二胎黄金期中大户型,与父母同住，三代人拥挤在旧区小户型老房中,小区无地下车库且人车不分流，小孩在楼下玩耍或者推婴儿车极为不安全。,核心要求地块属于第一梯队名校学区，且周边500米内解决幼小衔接教育配套。,在市中心核心写字楼工作，首选半小时核心通勤圈内。,爱猫狗，喜欢烹饪和插花，主打经济舒适的生活小确幸。,名下持有一套旧两居，置换回款 65% + 个人理财储蓄补充 + 公积金商业贷,重性价比，不盲信大牌，但要求物业管理有序、绿化修剪及时、人防技防规范。,本地常住人口，四季生活规律，度假频次为常规年假出行。
青_2008_01713,青岛,2008,北方度假投资,45,女,5.2,45.7,0.5,68.6,2,0,否,B,research,0.84,0.47,0.87,0.61,0.71,0.66,0,0.02,0.72,度假,两室两厅,81,5811,高端海景资产收藏家,成熟期核心家庭,青岛中环品质两居，车位及空间极其拥挤,老小区隔音差，邻里滋扰严重，且车位严重匮乏，每晚加班回来抢车位像打仗。,要求有超大面宽南向双阳台（观景家政分离），主卧大飘窗能270度直面自然景观。,在市中心核心写字楼工作，首选半小时核心通勤圈内。,倡导轻户外，周末常带家人自驾野营或山系徒步，注重生活情调与手作咖啡。,名下持有一套旧两居，置换回款 65% + 个人理财储蓄补充 + 公积金商业贷,非仁恒、绿城、万科等金牌开发商不买，极度看重高端精装质量与顶级物业的增值口碑。,每年11月至次年3月到此度过漫长冬季，极其依赖周边的康养及适老化服务。
青_2008_01714,青岛,2008,本地改善,41,男,1.9,16.0,0.4,30.0,4,0,否,B,agent,0.77,0.46,0.68,0.56,0.42,0.72,0.58,0.71,0.59,自住-改善,两室一厅,93,1903,国企车间技术主任,成熟期核心家庭,青岛中环品质两居，车位及空间极其拥挤,老小区隔音差，邻里滋扰严重，且车位严重匮乏，每晚加班回来抢车位像打仗。,讲究超高得房率（超85%），主卧套房必须配备独立步入式衣帽间与干湿分离双卫。,在市中心核心写字楼工作，首选半小时核心通勤圈内。,倡导轻户外，周末常带家人自驾野营或山系徒步，注重生活情调与手作咖啡。,名下持有一套旧两居，置换回款 65% + 个人理财储蓄补充 + 公积金商业贷,重性价比，不盲信大牌，但要求物业管理有序、绿化修剪及时、人防技防规范。,本地常住人口，四季生活规律，度假频次为常规年假出行。
青_2008_01715,青岛,2008,本地改善,47,女,0.9,6.4,0.4,11.9,4,1,是,B,agent,0.88,0.5,0.63,0.42,0.55,0.87,0.61,0.61,0.5,自住-改善,两室两厅,70,1152,邮政局局长秘书,三口之家(学龄段),青岛中环品质两居，车位及空间极其拥挤,小区无地下车库且人车不分流，小孩在楼下玩耍或者推婴儿车极为不安全。,讲究超高得房率（超85%），主卧套房必须配备独立步入式衣帽间与干湿分离双卫。,在市中心核心写字楼工作，首选半小时核心通勤圈内。,倡导轻户外，周末常带家人自驾野营或山系徒步，注重生活情调与手作咖啡。,名下持有一套旧两居，置换回款 65% + 个人理财储蓄补充 + 公积金商业贷,重性价比，不盲信大牌，但要求物业管理有序、绿化修剪及时、人防技防规范。,本地常住人口，四季生活规律，度假频次为常规年假出行。
青_2008_01716,青岛,2008,山东省内异地,55,女,1.4,13.7,0.45,22.8,1,1,否,C,network,0.54,0.56,0.78,0.59,0.56,0.7,0.0,0.48,0.5,自住-首套,两室一厅,59,2498,市第二中学地理教师,三口之家(学龄段),与父母同住，三代人拥挤在旧区小户型老房中,小区无地下车库且人车不分流，小孩在楼下玩耍或者推婴儿车极为不安全。,要求有超大面宽南向双阳台（观景家政分离），主卧大飘窗能270度直面自然景观。,在市中心核心写字楼工作，首选半小时核心通勤圈内。,爱猫狗，喜欢烹饪和插花，主打经济舒适的生活小确幸。,夫妻双方积蓄 + 双方父母出资赞助首付 + 公积金商业组合贷款,重性价比，不盲信大牌，但要求物业管理有序、绿化修剪及时、人防技防规范。,本地常住人口，四季生活规律，度假频次为常规年假出行。
青_2008_01717,青岛,2008,本地改善,49,女,2.9,20.3,0.4,38.0,4,1,是,B,agent,0.84,0.54,0.74,0.46,0.43,0.9,0.53,0.7,0.47,自住-改善,一室一厅,55,4711,国企车间技术主任,三口之家(学龄段),青岛中环品质两居，车位及空间极其拥挤,小区无地下车库且人车不分流，小孩在楼下玩耍或者推婴儿车极为不安全。,要求有超大面宽南向双阳台（观景家政分离），主卧大飘窗能270度直面自然景观。,在市中心核心写字楼工作，首选半小时核心通勤圈内。,倡导轻户外，周末常带家人自驾野营或山系徒步，注重生活情调与手作咖啡。,名下持有一套旧两居，置换回款 65% + 个人理财储蓄补充 + 公积金商业贷,重性价比，不盲信大牌，但要求物业管理有序、绿化修剪及时、人防技防规范。,本地常住人口，四季生活规律，度假频次为常规年假出行。
青_2008_01718,青岛,2008,山东省内异地,55,男,2.8,24.1,0.45,40.2,3,2,否,C,network,0.64,0.7,0.72,0.5,0.52,0.68,0,0.53,0.44,自住-首套,一室一厅,71,3509,邮政局局长秘书,二胎黄金期中大户型,与父母同住，三代人拥挤在旧区小户型老房中,小区无地下车库且人车不分流，小孩在楼下玩耍或者推婴儿车极为不安全。,要求有超大面宽南向双阳台（观景家政分离），主卧大飘窗能270度直面自然景观。,在市中心核心写字楼工作，首选半小时核心通勤圈内。,爱猫狗，喜欢烹饪和插花，主打经济舒适的生活小确幸。,夫妻双方积蓄 + 双方父母出资赞助首付 + 公积金商业组合贷款,重性价比，不盲信大牌，但要求物业管理有序、绿化修剪及时、人防技防规范。,本地常住人口，四季生活规律，度假频次为常规年假出行。
青_2008_01719,青岛,2008,山东省内异地,49,女,3.3,30.0,0.45,49.9,3,1,否,C,network,0.96,0.43,0.95,0.62,0.57,0.74,0.12,0.43,0.66,自住-首套,一室一厅,84,4690,国企车间技术主任,三口之家(学龄段),与父母同住，三代人拥挤在旧区小户型老房中,小区无地下车库且人车不分流，小孩在楼下玩耍或者推婴儿车极为不安全。,要求有超大面宽南向双阳台（观景家政分离），主卧大飘窗能270度直面自然景观。,在市中心核心写字楼工作，首选半小时核心通勤圈内。,爱猫狗，喜欢烹饪和插花，主打经济舒适的生活小确幸。,夫妻双方积蓄 + 双方父母出资赞助首付 + 公积金商业组合贷款,重性价比，不盲信大牌，但要求物业管理有序、绿化修剪及时、人防技防规范。,本地常住人口，四季生活规律，度假频次为常规年假出行。
青_2008_01720,青岛,2008,山东省内异地,54,男,4.7,45.0,0.45,74.9,2,2,否,C,network,0.53,0.52,0.8,0.8,0.59,0.81,0,0.34,0.56,自住-首套,两室两厅,76,5128,邮政局局长秘书,二胎黄金期中大户型,与父母同住，三代人拥挤在旧区小户型老房中,小区无地下车库且人车不分流，小孩在楼下玩耍或者推婴儿车极为不安全。,要求独立电梯入户，主次卧动线分明，配备独立保姆房和私密后院。,在市中心核心写字楼工作，首选半小时核心通勤圈内。,爱猫狗，喜欢烹饪和插花，主打经济舒适的生活小确幸。,夫妻双方积蓄 + 双方父母出资赞助首付 + 公积金商业组合贷款,重性价比，不盲信大牌，但要求物业管理有序、绿化修剪及时、人防技防规范。,本地常住人口，四季生活规律，度假频次为常规年假出行。
青_2008_01721,青岛,2008,北方度假投资,47,男,6.1,66.8,0.5,100.1,3,0,否,B,research,0.75,0.31,0.85,0.6,0.55,0.54,0,0,0.76,投资-长持,两室两厅,67,11434,上市公司退休联合创始人,成熟期核心家庭,青岛中环品质两居，车位及空间极其拥挤,老小区隔音差，邻里滋扰严重，且车位严重匮乏，每晚加班回来抢车位像打仗。,要求有超大面宽南向双阳台（观景家政分离），主卧大飘窗能270度直面自然景观。,在市中心核心写字楼工作，首选半小时核心通勤圈内。,倡导轻户外，周末常带家人自驾野营或山系徒步，注重生活情调与手作咖啡。,名下持有一套旧两居，置换回款 65% + 个人理财储蓄补充 + 公积金商业贷,非仁恒、绿城、万科等金牌开发商不买，极度看重高端精装质量与顶级物业的增值口碑。,每年11月至次年3月到此度过漫长冬季，极其依赖周边的康养及适老化服务。
青_2008_01722,青岛,2008,北方度假投资,55,男,5.8,44.3,0.5,66.5,2,0,否,B,research,0.73,0.44,0.95,0.61,0.52,0.54,0.01,0,0.74,投资-短期,两室两厅,75,7027,知名中医药连锁投资人,高知退休康养,青岛中环品质两居，车位及空间极其拥挤,老小区隔音差，邻里滋扰严重，且车位严重匮乏，每晚加班回来抢车位像打仗。,要求有超大面宽南向双阳台（观景家政分离），主卧大飘窗能270度直面自然景观。,在市中心核心写字楼工作，首选半小时核心通勤圈内。,倡导轻户外，周末常带家人自驾野营或山系徒步，注重生活情调与手作咖啡。,名下持有一套旧两居，置换回款 65% + 个人理财储蓄补充 + 公积金商业贷,非仁恒、绿城、万科等金牌开发商不买，极度看重高端精装质量与顶级物业的增值口碑。,每年11月至次年3月到此度过漫长冬季，极其依赖周边的康养及适老化服务。
青_2008_01723,青岛,2008,山东省内异地,40,女,2.6,20.4,0.45,34.0,3,0,是,C,network,0.63,0.51,0.83,0.5,0.53,0.78,0,0.35,0.6,自住-首套,两室两厅,59,3462,邮政局局长秘书,成熟期核心家庭,与父母同住，三代人拥挤在旧区小户型老房中,当前房屋属于旧多层无电梯房，父母年纪渐高每天爬楼梯极为吃力。,要求有超大面宽南向双阳台（观景家政分离），主卧大飘窗能270度直面自然景观。,在市中心核心写字楼工作，首选半小时核心通勤圈内。,爱猫狗，喜欢烹饪和插花，主打经济舒适的生活小确幸。,夫妻双方积蓄 + 双方父母出资赞助首付 + 公积金商业组合贷款,重性价比，不盲信大牌，但要求物业管理有序、绿化修剪及时、人防技防规范。,本地常住人口，四季生活规律，度假频次为常规年假出行。
青_2008_01724,青岛,2008,本地改善,53,女,3.4,35.3,0.4,66.2,4,1,否,B,agent,0.66,0.64,0.66,0.59,0.31,0.79,0.57,0.75,0.67,自住-改善,一室一厅,66,6976,市第二中学地理教师,三口之家(学龄段),青岛中环品质两居，车位及空间极其拥挤,小区无地下车库且人车不分流，小孩在楼下玩耍或者推婴儿车极为不安全。,讲究超高得房率（超85%），主卧套房必须配备独立步入式衣帽间与干湿分离双卫。,在市中心核心写字楼工作，首选半小时核心通勤圈内。,倡导轻户外，周末常带家人自驾野营或山系徒步，注重生活情调与手作咖啡。,名下持有一套旧两居，置换回款 65% + 个人理财储蓄补充 + 公积金商业贷,重性价比，不盲信大牌，但要求物业管理有序、绿化修剪及时、人防技防规范。,本地常住人口，四季生活规律，度假频次为常规年假出行。
青_2008_01725,青岛,2008,本地改善,37,女,1.5,8.7,0.4,16.2,4,1,否,B,agent,0.7,0.47,0.79,0.53,0.7,0.92,0.55,0.72,0.48,自住-改善,一室一厅,77,1808,国企车间技术主任,三口之家(幼龄段),青岛中环品质两居，车位及空间极其拥挤,小区无地下车库且人车不分流，小孩在楼下玩耍或者推婴儿车极为不安全。,要求有超大面宽南向双阳台（观景家政分离），主卧大飘窗能270度直面自然景观。,在市中心核心写字楼工作，首选半小时核心通勤圈内。,倡导轻户外，周末常带家人自驾野营或山系徒步，注重生活情调与手作咖啡。,名下持有一套旧两居，置换回款 65% + 个人理财储蓄补充 + 公积金商业贷,重性价比，不盲信大牌，但要求物业管理有序、绿化修剪及时、人防技防规范。,本地常住人口，四季生活规律，度假频次为常规年假出行。
青_2008_01726,青岛,2008,山东省内异地,51,女,3.0,24.1,0.45,40.2,4,1,否,C,network,0.56,0.44,0.82,0.59,0.46,0.62,0.06,0.22,0.64,自住-改善,一室一厅,58,5377,国企车间技术主任,三口之家(学龄段),与父母同住，三代人拥挤在旧区小户型老房中,小区无地下车库且人车不分流，小孩在楼下玩耍或者推婴儿车极为不安全。,要求有超大面宽南向双阳台（观景家政分离），主卧大飘窗能270度直面自然景观。,在市中心核心写字楼工作，首选半小时核心通勤圈内。,爱猫狗，喜欢烹饪和插花，主打经济舒适的生活小确幸。,名下持有一套旧两居，置换回款 65% + 个人理财储蓄补充 + 公积金商业贷,重性价比，不盲信大牌，但要求物业管理有序、绿化修剪及时、人防技防规范。,本地常住人口，四季生活规律，度假频次为常规年假出行。
青_2008_01727,青岛,2008,学区刚需,44,女,2.0,8.9,0.3,22.3,3,0,否,C,agent,0.99,0.58,0.38,0.27,0.41,0.81,0.67,1,0.47,学区房,两室两厅,82,1389,邮政局局长秘书,成熟期核心家庭,与父母同住，三代人拥挤在旧区小户型老房中,老小区隔音差，邻里滋扰严重，且车位严重匮乏，每晚加班回来抢车位像打仗。,讲究超高得房率（超85%），主卧套房必须配备独立步入式衣帽间与干湿分离双卫。,在市中心核心写字楼工作，首选半小时核心通勤圈内。,爱猫狗，喜欢烹饪和插花，主打经济舒适的生活小确幸。,名下持有一套旧两居，置换回款 65% + 个人理财储蓄补充 + 公积金商业贷,重性价比，不盲信大牌，但要求物业管理有序、绿化修剪及时、人防技防规范。,本地常住人口，四季生活规律，度假频次为常规年假出行。
青_2008_01728,青岛,2008,学区刚需,30,男,2.0,10.0,0.3,24.9,3,2,否,C,agent,0.97,0.55,0.45,0.27,0.39,0.88,0.56,0.81,0.41,学区房,两室一厅,71,2632,区财政局科员,二胎黄金期中大户型,与父母同住，三代人拥挤在旧区小户型老房中,小区无地下车库且人车不分流，小孩在楼下玩耍或者推婴儿车极为不安全。,讲究超高得房率（超85%），主卧套房必须配备独立步入式衣帽间与干湿分离双卫。,在市中心核心写字楼工作，首选半小时核心通勤圈内。,爱猫狗，喜欢烹饪和插花，主打经济舒适的生活小确幸。,名下持有一套旧两居，置换回款 65% + 个人理财储蓄补充 + 公积金商业贷,重性价比，不盲信大牌，但要求物业管理有序、绿化修剪及时、人防技防规范。,本地常住人口，四季生活规律，度假频次为常规年假出行。
青_2008_01729,青岛,2008,本地改善,52,男,2.8,19.3,0.4,36.1,5,1,是,B,agent,0.65,0.53,1.0,0.46,0.53,0.77,0.72,0.77,0.65,自住-改善,两室一厅,93,3296,国企车间技术主任,三口之家(学龄段),青岛中环品质两居，车位及空间极其拥挤,小区无地下车库且人车不分流，小孩在楼下玩耍或者推婴儿车极为不安全。,要求有超大面宽南向双阳台（观景家政分离），主卧大飘窗能270度直面自然景观。,在市中心核心写字楼工作，首选半小时核心通勤圈内。,倡导轻户外，周末常带家人自驾野营或山系徒步，注重生活情调与手作咖啡。,名下持有一套旧两居，置换回款 65% + 个人理财储蓄补充 + 公积金商业贷,重性价比，不盲信大牌，但要求物业管理有序、绿化修剪及时、人防技防规范。,本地常住人口，四季生活规律，度假频次为常规年假出行。
青_2008_01730,青岛,2008,学区刚需,39,男,1.4,6.4,0.3,15.9,3,1,是,C,agent,0.92,0.47,0.39,0.26,0.36,0.72,0.4,0.92,0.45,学区房,一室一厅,77,1540,市第二中学地理教师,三口之家(学龄段),与父母同住，三代人拥挤在旧区小户型老房中,小区无地下车库且人车不分流，小孩在楼下玩耍或者推婴儿车极为不安全。,讲究超高得房率（超85%），主卧套房必须配备独立步入式衣帽间与干湿分离双卫。,在市中心核心写字楼工作，首选半小时核心通勤圈内。,爱猫狗，喜欢烹饪和插花，主打经济舒适的生活小确幸。,名下持有一套旧两居，置换回款 65% + 个人理财储蓄补充 + 公积金商业贷,重性价比，不盲信大牌，但要求物业管理有序、绿化修剪及时、人防技防规范。,本地常住人口，四季生活规律，度假频次为常规年假出行。
青_2008_01731,青岛,2008,山东省内异地,49,男,3.0,25.9,0.45,43.2,2,0,否,C,network,0.63,0.57,0.71,0.59,0.41,0.73,0.03,0.57,0.65,自住-首套,两室两厅,93,4015,邮政局局长秘书,成熟期核心家庭,与父母同住，三代人拥挤在旧区小户型老房中,老小区隔音差，邻里滋扰严重，且车位严重匮乏，每晚加班回来抢车位像打仗。,要求有超大面宽南向双阳台（观景家政分离），主卧大飘窗能270度直面自然景观。,在市中心核心写字楼工作，首选半小时核心通勤圈内。,爱猫狗，喜欢烹饪和插花，主打经济舒适的生活小确幸。,夫妻双方积蓄 + 双方父母出资赞助首付 + 公积金商业组合贷款,重性价比，不盲信大牌，但要求物业管理有序、绿化修剪及时、人防技防规范。,本地常住人口，四季生活规律，度假频次为常规年假出行。
青_2008_01732,青岛,2008,学区刚需,39,女,1.7,12.5,0.3,31.2,1,1,否,C,agent,0.69,0.72,0.52,0.28,0.41,0.76,0.45,1,0.41,学区房,一室一厅,69,3830,邮政局局长秘书,三口之家(学龄段),与父母同住，三代人拥挤在旧区小户型老房中,小区无地下车库且人车不分流，小孩在楼下玩耍或者推婴儿车极为不安全。,讲究超高得房率（超85%），主卧套房必须配备独立步入式衣帽间与干湿分离双卫。,在市中心核心写字楼工作，首选半小时核心通勤圈内。,爱猫狗，喜欢烹饪和插花，主打经济舒适的生活小确幸。,名下持有一套旧两居，置换回款 65% + 个人理财储蓄补充 + 公积金商业贷,重性价比，不盲信大牌，但要求物业管理有序、绿化修剪及时、人防技防规范。,本地常住人口，四季生活规律，度假频次为常规年假出行。
青_2008_01733,青岛,2008,本地改善,39,女,2.8,28.9,0.4,54.2,4,2,否,B,agent,0.8,0.44,0.8,0.51,0.47,0.94,0.56,0.73,0.48,自住-改善,两室一厅,67,6463,国企车间技术主任,二胎黄金期中大户型,青岛中环品质两居，车位及空间极其拥挤,小区无地下车库且人车不分流，小孩在楼下玩耍或者推婴儿车极为不安全。,要求有超大面宽南向双阳台（观景家政分离），主卧大飘窗能270度直面自然景观。,在市中心核心写字楼工作，首选半小时核心通勤圈内。,倡导轻户外，周末常带家人自驾野营或山系徒步，注重生活情调与手作咖啡。,名下持有一套旧两居，置换回款 65% + 个人理财储蓄补充 + 公积金商业贷,重性价比，不盲信大牌，但要求物业管理有序、绿化修剪及时、人防技防规范。,本地常住人口，四季生活规律，度假频次为常规年假出行。
青_2008_01734,青岛,2008,山东省内异地,41,男,3.8,30.0,0.45,49.9,4,1,是,C,network,0.77,0.72,0.81,0.53,0.4,0.65,0.17,0.32,0.43,自住-首套,一室一厅,89,4100,国企车间技术主任,三口之家(学龄段),与父母同住，三代人拥挤在旧区小户型老房中,小区无地下车库且人车不分流，小孩在楼下玩耍或者推婴儿车极为不安全。,要求有超大面宽南向双阳台（观景家政分离），主卧大飘窗能270度直面自然景观。,在市中心核心写字楼工作，首选半小时核心通勤圈内。,爱猫狗，喜欢烹饪和插花，主打经济舒适的生活小确幸。,夫妻双方积蓄 + 双方父母出资赞助首付 + 公积金商业组合贷款,重性价比，不盲信大牌，但要求物业管理有序、绿化修剪及时、人防技防规范。,本地常住人口，四季生活规律，度假频次为常规年假出行。
青_2008_01735,青岛,2008,本地改善,41,女,1.5,12.0,0.4,22.6,4,0,否,B,agent,0.65,0.58,0.64,0.53,0.37,0.89,0.72,0.79,0.56,自住-改善,两室两厅,84,2382,国企车间技术主任,成熟期核心家庭,青岛中环品质两居，车位及空间极其拥挤,老小区隔音差，邻里滋扰严重，且车位严重匮乏，每晚加班回来抢车位像打仗。,讲究超高得房率（超85%），主卧套房必须配备独立步入式衣帽间与干湿分离双卫。,在市中心核心写字楼工作，首选半小时核心通勤圈内。,倡导轻户外，周末常带家人自驾野营或山系徒步，注重生活情调与手作咖啡。,名下持有一套旧两居，置换回款 65% + 个人理财储蓄补充 + 公积金商业贷,重性价比，不盲信大牌，但要求物业管理有序、绿化修剪及时、人防技防规范。,本地常住人口，四季生活规律，度假频次为常规年假出行。
青_2008_01736,青岛,2008,本地改善,55,男,1.6,13.7,0.4,25.6,4,1,否,B,agent,0.76,0.5,0.71,0.46,0.43,0.83,0.59,0.64,0.58,自住-改善,两室一厅,83,2450,市第二中学地理教师,三口之家(学龄段),青岛中环品质两居，车位及空间极其拥挤,小区无地下车库且人车不分流，小孩在楼下玩耍或者推婴儿车极为不安全。,要求有超大面宽南向双阳台（观景家政分离），主卧大飘窗能270度直面自然景观。,在市中心核心写字楼工作，首选半小时核心通勤圈内。,倡导轻户外，周末常带家人自驾野营或山系徒步，注重生活情调与手作咖啡。,名下持有一套旧两居，置换回款 65% + 个人理财储蓄补充 + 公积金商业贷,重性价比，不盲信大牌，但要求物业管理有序、绿化修剪及时、人防技防规范。,本地常住人口，四季生活规律，度假频次为常规年假出行。
青_2008_01737,青岛,2008,本地改善,40,女,2.7,19.2,0.4,36.1,4,1,是,B,agent,0.79,0.5,0.72,0.43,0.47,0.79,0.61,0.71,0.76,自住-改善,两室两厅,79,2467,市第二中学地理教师,三口之家(学龄段),青岛中环品质两居，车位及空间极其拥挤,小区无地下车库且人车不分流，小孩在楼下玩耍或者推婴儿车极为不安全。,要求有超大面宽南向双阳台（观景家政分离），主卧大飘窗能270度直面自然景观。,在市中心核心写字楼工作，首选半小时核心通勤圈内。,倡导轻户外，周末常带家人自驾野营或山系徒步，注重生活情调与手作咖啡。,名下持有一套旧两居，置换回款 65% + 个人理财储蓄补充 + 公积金商业贷,非仁恒、绿城、万科等金牌开发商不买，极度看重高端精装质量与顶级物业的增值口碑。,本地常住人口，四季生活规律，度假频次为常规年假出行。
青_2008_01738,青岛,2008,本地改善,54,女,1.7,9.7,0.4,18.2,4,0,是,B,agent,0.7,0.4,0.91,0.54,0.42,0.8,0.69,0.69,0.49,自住-改善,两室两厅,55,2528,区财政局科员,成熟期核心家庭,青岛中环品质两居，车位及空间极其拥挤,当前房屋属于旧多层无电梯房，父母年纪渐高每天爬楼梯极为吃力。,要求有超大面宽南向双阳台（观景家政分离），主卧大飘窗能270度直面自然景观。,在市中心核心写字楼工作，首选半小时核心通勤圈内。,倡导轻户外，周末常带家人自驾野营或山系徒步，注重生活情调与手作咖啡。,名下持有一套旧两居，置换回款 65% + 个人理财储蓄补充 + 公积金商业贷,重性价比，不盲信大牌，但要求物业管理有序、绿化修剪及时、人防技防规范。,本地常住人口，四季生活规律，度假频次为常规年假出行。
青_2008_01739,青岛,2008,学区刚需,36,男,1.8,12.7,0.3,31.7,1,0,是,C,agent,0.81,0.49,0.48,0.3,0.4,0.68,0.55,0.93,0.46,学区房,两室一厅,56,4434,区财政局科员,成熟期核心家庭,与父母同住，三代人拥挤在旧区小户型老房中,当前房屋属于旧多层无电梯房，父母年纪渐高每天爬楼梯极为吃力。,核心要求地块属于第一梯队名校学区，且周边500米内解决幼小衔接教育配套。,在市中心核心写字楼工作，首选半小时核心通勤圈内。,爱猫狗，喜欢烹饪和插花，主打经济舒适的生活小确幸。,名下持有一套旧两居，置换回款 65% + 个人理财储蓄补充 + 公积金商业贷,重性价比，不盲信大牌，但要求物业管理有序、绿化修剪及时、人防技防规范。,本地常住人口，四季生活规律，度假频次为常规年假出行。
青_2008_01740,青岛,2008,学区刚需,44,女,1.9,14.6,0.3,36.4,3,1,否,C,agent,0.96,0.51,0.36,0.31,0.39,0.59,0.43,0.9,0.53,学区房,一室一厅,88,3271,国企车间技术主任,三口之家(学龄段),与父母同住，三代人拥挤在旧区小户型老房中,小区无地下车库且人车不分流，小孩在楼下玩耍或者推婴儿车极为不安全。,核心要求地块属于第一梯队名校学区，且周边500米内解决幼小衔接教育配套。,在市中心核心写字楼工作，首选半小时核心通勤圈内。,爱猫狗，喜欢烹饪和插花，主打经济舒适的生活小确幸。,名下持有一套旧两居，置换回款 65% + 个人理财储蓄补充 + 公积金商业贷,重性价比，不盲信大牌，但要求物业管理有序、绿化修剪及时、人防技防规范。,本地常住人口，四季生活规律，度假频次为常规年假出行。
青_2008_01741,青岛,2008,本地改善,41,男,1.5,11.1,0.4,20.9,5,1,否,B,agent,0.87,0.6,0.73,0.45,0.48,0.75,0.63,0.69,0.52,自住-改善,两室两厅,62,2545,区财政局科员,三口之家(学龄段),青岛中环品质两居，车位及空间极其拥挤,小区无地下车库且人车不分流，小孩在楼下玩耍或者推婴儿车极为不安全。,要求有超大面宽南向双阳台（观景家政分离），主卧大飘窗能270度直面自然景观。,在市中心核心写字楼工作，首选半小时核心通勤圈内。,倡导轻户外，周末常带家人自驾野营或山系徒步，注重生活情调与手作咖啡。,名下持有一套旧两居，置换回款 65% + 个人理财储蓄补充 + 公积金商业贷,重性价比，不盲信大牌，但要求物业管理有序、绿化修剪及时、人防技防规范。,本地常住人口，四季生活规律，度假频次为常规年假出行。
青_2008_01742,青岛,2008,学区刚需,37,男,1.1,6.0,0.3,15.0,3,2,否,C,agent,0.98,0.57,0.36,0.35,0.39,0.61,0.59,0.96,0.37,学区房,两室一厅,59,2049,邮政局局长秘书,二胎黄金期中大户型,与父母同住，三代人拥挤在旧区小户型老房中,小区无地下车库且人车不分流，小孩在楼下玩耍或者推婴儿车极为不安全。,核心要求地块属于第一梯队名校学区，且周边500米内解决幼小衔接教育配套。,在市中心核心写字楼工作，首选半小时核心通勤圈内。,爱猫狗，喜欢烹饪和插花，主打经济舒适的生活小确幸。,名下持有一套旧两居，置换回款 65% + 个人理财储蓄补充 + 公积金商业贷,重性价比，不盲信大牌，但要求物业管理有序、绿化修剪及时、人防技防规范。,本地常住人口，四季生活规律，度假频次为常规年假出行。
青_2008_01743,青岛,2008,本地改善,51,男,2.2,19.1,0.4,35.8,4,1,是,B,agent,0.61,0.55,0.69,0.52,0.53,0.87,0.63,0.82,0.51,自住-改善,两室两厅,76,3202,邮政局局长秘书,三口之家(学龄段),青岛中环品质两居，车位及空间极其拥挤,小区无地下车库且人车不分流，小孩在楼下玩耍或者推婴儿车极为不安全。,讲究超高得房率（超85%），主卧套房必须配备独立步入式衣帽间与干湿分离双卫。,在市中心核心写字楼工作，首选半小时核心通勤圈内。,倡导轻户外，周末常带家人自驾野营或山系徒步，注重生活情调与手作咖啡。,名下持有一套旧两居，置换回款 65% + 个人理财储蓄补充 + 公积金商业贷,重性价比，不盲信大牌，但要求物业管理有序、绿化修剪及时、人防技防规范。,本地常住人口，四季生活规律，度假频次为常规年假出行。
青_2008_01744,青岛,2008,本地改善,50,女,2.7,16.6,0.4,31.2,5,1,是,B,agent,0.75,0.5,0.69,0.47,0.62,0.71,0.66,0.62,0.68,自住-改善,一室一厅,71,3364,国企车间技术主任,三口之家(学龄段),青岛中环品质两居，车位及空间极其拥挤,小区无地下车库且人车不分流，小孩在楼下玩耍或者推婴儿车极为不安全。,讲究超高得房率（超85%），主卧套房必须配备独立步入式衣帽间与干湿分离双卫。,在市中心核心写字楼工作，首选半小时核心通勤圈内。,倡导轻户外，周末常带家人自驾野营或山系徒步，注重生活情调与手作咖啡。,名下持有一套旧两居，置换回款 65% + 个人理财储蓄补充 + 公积金商业贷,重性价比，不盲信大牌，但要求物业管理有序、绿化修剪及时、人防技防规范。,本地常住人口，四季生活规律，度假频次为常规年假出行。
青_2008_01745,青岛,2008,山东省内异地,42,女,1.2,12.0,0.45,19.9,4,1,否,C,network,0.33,0.64,0.95,0.51,0.59,0.71,0,0.42,0.55,自住-首套,两室两厅,51,2046,邮政局局长秘书,三口之家(学龄段),与父母同住，三代人拥挤在旧区小户型老房中,小区无地下车库且人车不分流，小孩在楼下玩耍或者推婴儿车极为不安全。,要求有超大面宽南向双阳台（观景家政分离），主卧大飘窗能270度直面自然景观。,在市中心核心写字楼工作，首选半小时核心通勤圈内。,爱猫狗，喜欢烹饪和插花，主打经济舒适的生活小确幸。,夫妻双方积蓄 + 双方父母出资赞助首付 + 公积金商业组合贷款,重性价比，不盲信大牌，但要求物业管理有序、绿化修剪及时、人防技防规范。,本地常住人口，四季生活规律，度假频次为常规年假出行。
青_2008_01746,青岛,2008,本地改善,54,女,1.1,9.5,0.4,17.8,3,1,是,B,agent,0.79,0.44,0.64,0.52,0.46,0.8,0.69,0.54,0.57,自住-改善,两室一厅,94,1450,邮政局局长秘书,三口之家(学龄段),青岛中环品质两居，车位及空间极其拥挤,小区无地下车库且人车不分流，小孩在楼下玩耍或者推婴儿车极为不安全。,讲究超高得房率（超85%），主卧套房必须配备独立步入式衣帽间与干湿分离双卫。,在市中心核心写字楼工作，首选半小时核心通勤圈内。,倡导轻户外，周末常带家人自驾野营或山系徒步，注重生活情调与手作咖啡。,名下持有一套旧两居，置换回款 65% + 个人理财储蓄补充 + 公积金商业贷,重性价比，不盲信大牌，但要求物业管理有序、绿化修剪及时、人防技防规范。,本地常住人口，四季生活规律，度假频次为常规年假出行。
青_2008_01747,青岛,2008,学区刚需,31,男,2.5,11.7,0.3,29.1,3,0,否,C,agent,0.61,0.53,0.37,0.26,0.29,0.74,0.56,0.87,0.44,学区房,两室一厅,83,2053,邮政局局长秘书,新婚过渡两居,与父母同住，三代人拥挤在旧区小户型老房中,老小区隔音差，邻里滋扰严重，且车位严重匮乏，每晚加班回来抢车位像打仗。,讲究超高得房率（超85%），主卧套房必须配备独立步入式衣帽间与干湿分离双卫。,在市中心核心写字楼工作，首选半小时核心通勤圈内。,爱猫狗，喜欢烹饪和插花，主打经济舒适的生活小确幸。,名下持有一套旧两居，置换回款 65% + 个人理财储蓄补充 + 公积金商业贷,重性价比，不盲信大牌，但要求物业管理有序、绿化修剪及时、人防技防规范。,本地常住人口，四季生活规律，度假频次为常规年假出行。
青_2008_01748,青岛,2008,本地改善,45,女,1.8,17.7,0.4,33.1,4,0,否,B,agent,0.85,0.46,0.89,0.63,0.54,0.9,0.53,0.73,0.49,自住-改善,一室一厅,51,3512,国企车间技术主任,成熟期核心家庭,青岛中环品质两居，车位及空间极其拥挤,老小区隔音差，邻里滋扰严重，且车位严重匮乏，每晚加班回来抢车位像打仗。,要求有超大面宽南向双阳台（观景家政分离），主卧大飘窗能270度直面自然景观。,在市中心核心写字楼工作，首选半小时核心通勤圈内。,倡导轻户外，周末常带家人自驾野营或山系徒步，注重生活情调与手作咖啡。,名下持有一套旧两居，置换回款 65% + 个人理财储蓄补充 + 公积金商业贷,重性价比，不盲信大牌，但要求物业管理有序、绿化修剪及时、人防技防规范。,本地常住人口，四季生活规律，度假频次为常规年假出行。
青_2008_01749,青岛,2008,本地改善,38,男,3.1,18.6,0.4,34.8,5,1,否,B,agent,0.68,0.38,0.8,0.52,0.59,0.83,0.59,0.66,0.7,自住-改善,一室一厅,91,2195,区财政局科员,三口之家(学龄段),青岛中环品质两居，车位及空间极其拥挤,小区无地下车库且人车不分流，小孩在楼下玩耍或者推婴儿车极为不安全。,要求有超大面宽南向双阳台（观景家政分离），主卧大飘窗能270度直面自然景观。,在市中心核心写字楼工作，首选半小时核心通勤圈内。,倡导轻户外，周末常带家人自驾野营或山系徒步，注重生活情调与手作咖啡。,名下持有一套旧两居，置换回款 65% + 个人理财储蓄补充 + 公积金商业贷,非仁恒、绿城、万科等金牌开发商不买，极度看重高端精装质量与顶级物业的增值口碑。,本地常住人口，四季生活规律，度假频次为常规年假出行。
青_2008_01750,青岛,2008,山东省内异地,42,男,2.1,14.5,0.45,24.2,3,1,是,C,network,0.62,0.55,1.0,0.51,0.49,0.71,0.03,0.44,0.61,自住-改善,两室一厅,88,1772,邮政局局长秘书,三口之家(学龄段),与父母同住，三代人拥挤在旧区小户型老房中,小区无地下车库且人车不分流，小孩在楼下玩耍或者推婴儿车极为不安全。,要求有超大面宽南向双阳台（观景家政分离），主卧大飘窗能270度直面自然景观。,在市中心核心写字楼工作，首选半小时核心通勤圈内。,爱猫狗，喜欢烹饪和插花，主打经济舒适的生活小确幸。,名下持有一套旧两居，置换回款 65% + 个人理财储蓄补充 + 公积金商业贷,重性价比，不盲信大牌，但要求物业管理有序、绿化修剪及时、人防技防规范。,本地常住人口，四季生活规律，度假频次为常规年假出行。
青_2008_01751,青岛,2008,本地改善,55,女,2.4,22.8,0.4,42.7,4,1,否,B,agent,0.68,0.58,0.76,0.59,0.38,0.78,0.6,0.62,0.56,自住-改善,两室一厅,82,4524,邮政局局长秘书,三口之家(学龄段),青岛中环品质两居，车位及空间极其拥挤,小区无地下车库且人车不分流，小孩在楼下玩耍或者推婴儿车极为不安全。,要求有超大面宽南向双阳台（观景家政分离），主卧大飘窗能270度直面自然景观。,在市中心核心写字楼工作，首选半小时核心通勤圈内。,倡导轻户外，周末常带家人自驾野营或山系徒步，注重生活情调与手作咖啡。,名下持有一套旧两居，置换回款 65% + 个人理财储蓄补充 + 公积金商业贷,重性价比，不盲信大牌，但要求物业管理有序、绿化修剪及时、人防技防规范。,本地常住人口，四季生活规律，度假频次为常规年假出行。
青_2008_01752,青岛,2008,本地改善,37,女,2.4,22.5,0.4,42.2,4,1,否,B,agent,0.8,0.56,0.75,0.54,0.67,0.9,0.66,0.82,0.53,自住-改善,一室一厅,97,3176,邮政局局长秘书,三口之家(幼龄段),青岛中环品质两居，车位及空间极其拥挤,小区无地下车库且人车不分流，小孩在楼下玩耍或者推婴儿车极为不安全。,要求有超大面宽南向双阳台（观景家政分离），主卧大飘窗能270度直面自然景观。,在市中心核心写字楼工作，首选半小时核心通勤圈内。,倡导轻户外，周末常带家人自驾野营或山系徒步，注重生活情调与手作咖啡。,名下持有一套旧两居，置换回款 65% + 个人理财储蓄补充 + 公积金商业贷,重性价比，不盲信大牌，但要求物业管理有序、绿化修剪及时、人防技防规范。,本地常住人口，四季生活规律，度假频次为常规年假出行。
青_2008_01753,青岛,2008,本地改善,50,男,1.7,14.3,0.4,26.7,4,1,否,B,agent,0.85,0.5,0.83,0.42,0.58,0.75,0.57,0.68,0.56,自住-改善,两室两厅,92,2000,市第二中学地理教师,三口之家(学龄段),青岛中环品质两居，车位及空间极其拥挤,小区无地下车库且人车不分流，小孩在楼下玩耍或者推婴儿车极为不安全。,要求有超大面宽南向双阳台（观景家政分离），主卧大飘窗能270度直面自然景观。,在市中心核心写字楼工作，首选半小时核心通勤圈内。,倡导轻户外，周末常带家人自驾野营或山系徒步，注重生活情调与手作咖啡。,名下持有一套旧两居，置换回款 65% + 个人理财储蓄补充 + 公积金商业贷,重性价比，不盲信大牌，但要求物业管理有序、绿化修剪及时、人防技防规范。,本地常住人口，四季生活规律，度假频次为常规年假出行。
青_2008_01754,青岛,2008,本地改善,36,女,1.6,13.0,0.4,24.4,3,1,否,B,agent,0.75,0.46,0.76,0.6,0.54,0.77,0.65,0.77,0.7,自住-改善,一室一厅,93,2348,市第二中学地理教师,三口之家(幼龄段),青岛中环品质两居，车位及空间极其拥挤,小区无地下车库且人车不分流，小孩在楼下玩耍或者推婴儿车极为不安全。,要求有超大面宽南向双阳台（观景家政分离），主卧大飘窗能270度直面自然景观。,在市中心核心写字楼工作，首选半小时核心通勤圈内。,倡导轻户外，周末常带家人自驾野营或山系徒步，注重生活情调与手作咖啡。,名下持有一套旧两居，置换回款 65% + 个人理财储蓄补充 + 公积金商业贷,非仁恒、绿城、万科等金牌开发商不买，极度看重高端精装质量与顶级物业的增值口碑。,本地常住人口，四季生活规律，度假频次为常规年假出行。
青_2008_01755,青岛,2008,本地改善,37,女,2.4,21.4,0.4,40.0,3,1,否,B,agent,0.85,0.51,0.76,0.47,0.56,0.91,0.46,0.72,0.48,自住-改善,一室一厅,82,2563,市第二中学地理教师,三口之家(幼龄段),青岛中环品质两居，车位及空间极其拥挤,小区无地下车库且人车不分流，小孩在楼下玩耍或者推婴儿车极为不安全。,要求有超大面宽南向双阳台（观景家政分离），主卧大飘窗能270度直面自然景观。,在市中心核心写字楼工作，首选半小时核心通勤圈内。,倡导轻户外，周末常带家人自驾野营或山系徒步，注重生活情调与手作咖啡。,名下持有一套旧两居，置换回款 65% + 个人理财储蓄补充 + 公积金商业贷,重性价比，不盲信大牌，但要求物业管理有序、绿化修剪及时、人防技防规范。,本地常住人口，四季生活规律，度假频次为常规年假出行。
青_2008_01756,青岛,2008,本地改善,39,女,2.1,16.6,0.4,31.1,5,1,否,B,agent,0.6,0.47,0.82,0.47,0.41,0.86,0.5,0.69,0.59,自住-改善,两室两厅,85,1834,国企车间技术主任,三口之家(学龄段),青岛中环品质两居，车位及空间极其拥挤,小区无地下车库且人车不分流，小孩在楼下玩耍或者推婴儿车极为不安全。,要求有超大面宽南向双阳台（观景家政分离），主卧大飘窗能270度直面自然景观。,在市中心核心写字楼工作，首选半小时核心通勤圈内。,倡导轻户外，周末常带家人自驾野营或山系徒步，注重生活情调与手作咖啡。,名下持有一套旧两居，置换回款 65% + 个人理财储蓄补充 + 公积金商业贷,重性价比，不盲信大牌，但要求物业管理有序、绿化修剪及时、人防技防规范。,本地常住人口，四季生活规律，度假频次为常规年假出行。
青_2008_01757,青岛,2008,本地改善,43,男,1.0,6.2,0.4,11.7,4,0,否,B,agent,0.46,0.48,0.76,0.58,0.44,0.92,0.54,0.68,0.63,自住-改善,一室一厅,62,946,国企车间技术主任,成熟期核心家庭,青岛中环品质两居，车位及空间极其拥挤,老小区隔音差，邻里滋扰严重，且车位严重匮乏，每晚加班回来抢车位像打仗。,要求有超大面宽南向双阳台（观景家政分离），主卧大飘窗能270度直面自然景观。,在市中心核心写字楼工作，首选半小时核心通勤圈内。,倡导轻户外，周末常带家人自驾野营或山系徒步，注重生活情调与手作咖啡。,名下持有一套旧两居，置换回款 65% + 个人理财储蓄补充 + 公积金商业贷,重性价比，不盲信大牌，但要求物业管理有序、绿化修剪及时、人防技防规范。,本地常住人口，四季生活规律，度假频次为常规年假出行。
青_2008_01758,青岛,2008,学区刚需,44,女,3.0,17.6,0.3,44.1,4,0,否,C,agent,0.96,0.55,0.46,0.31,0.44,0.82,0.29,1,0.32,学区房,一室一厅,69,5393,市第二中学地理教师,成熟期核心家庭,与父母同住，三代人拥挤在旧区小户型老房中,老小区隔音差，邻里滋扰严重，且车位严重匮乏，每晚加班回来抢车位像打仗。,讲究超高得房率（超85%），主卧套房必须配备独立步入式衣帽间与干湿分离双卫。,在市中心核心写字楼工作，首选半小时核心通勤圈内。,爱猫狗，喜欢烹饪和插花，主打经济舒适的生活小确幸。,名下持有一套旧两居，置换回款 65% + 个人理财储蓄补充 + 公积金商业贷,重性价比，不盲信大牌，但要求物业管理有序、绿化修剪及时、人防技防规范。,本地常住人口，四季生活规律，度假频次为常规年假出行。
青_2008_01759,青岛,2008,本地改善,54,女,1.1,9.2,0.4,17.3,2,1,否,B,agent,0.71,0.52,0.73,0.37,0.53,0.9,0.61,0.83,0.48,自住-改善,两室两厅,83,1239,市第二中学地理教师,三口之家(学龄段),青岛中环品质两居，车位及空间极其拥挤,小区无地下车库且人车不分流，小孩在楼下玩耍或者推婴儿车极为不安全。,要求有超大面宽南向双阳台（观景家政分离），主卧大飘窗能270度直面自然景观。,在市中心核心写字楼工作，首选半小时核心通勤圈内。,倡导轻户外，周末常带家人自驾野营或山系徒步，注重生活情调与手作咖啡。,名下持有一套旧两居，置换回款 65% + 个人理财储蓄补充 + 公积金商业贷,重性价比，不盲信大牌，但要求物业管理有序、绿化修剪及时、人防技防规范。,本地常住人口，四季生活规律，度假频次为常规年假出行。
青_2008_01760,青岛,2008,本地改善,45,男,2.8,21.4,0.4,40.2,4,1,否,B,agent,0.82,0.56,0.72,0.52,0.63,0.81,0.52,0.77,0.75,自住-改善,两室一厅,84,2849,国企车间技术主任,三口之家(学龄段),青岛中环品质两居，车位及空间极其拥挤,小区无地下车库且人车不分流，小孩在楼下玩耍或者推婴儿车极为不安全。,要求有超大面宽南向双阳台（观景家政分离），主卧大飘窗能270度直面自然景观。,在市中心核心写字楼工作，首选半小时核心通勤圈内。,倡导轻户外，周末常带家人自驾野营或山系徒步，注重生活情调与手作咖啡。,名下持有一套旧两居，置换回款 65% + 个人理财储蓄补充 + 公积金商业贷,非仁恒、绿城、万科等金牌开发商不买，极度看重高端精装质量与顶级物业的增值口碑。,本地常住人口，四季生活规律，度假频次为常规年假出行。
青_2008_01761,青岛,2008,本地改善,42,女,1.7,10.0,0.4,18.7,4,1,是,B,agent,0.84,0.53,0.8,0.47,0.6,0.94,0.61,0.7,0.44,自住-改善,两室一厅,62,2565,区财政局科员,三口之家(学龄段),青岛中环品质两居，车位及空间极其拥挤,小区无地下车库且人车不分流，小孩在楼下玩耍或者推婴儿车极为不安全。,要求有超大面宽南向双阳台（观景家政分离），主卧大飘窗能270度直面自然景观。,在市中心核心写字楼工作，首选半小时核心通勤圈内。,倡导轻户外，周末常带家人自驾野营或山系徒步，注重生活情调与手作咖啡。,名下持有一套旧两居，置换回款 65% + 个人理财储蓄补充 + 公积金商业贷,重性价比，不盲信大牌，但要求物业管理有序、绿化修剪及时、人防技防规范。,本地常住人口，四季生活规律，度假频次为常规年假出行。
青_2008_01762,青岛,2008,本地改善,51,女,2.1,14.5,0.4,27.2,3,2,是,B,agent,0.84,0.56,0.76,0.55,0.65,0.8,0.53,0.81,0.45,自住-改善,两室两厅,87,2720,区财政局科员,二胎黄金期中大户型,青岛中环品质两居，车位及空间极其拥挤,小区无地下车库且人车不分流，小孩在楼下玩耍或者推婴儿车极为不安全。,要求有超大面宽南向双阳台（观景家政分离），主卧大飘窗能270度直面自然景观。,在市中心核心写字楼工作，首选半小时核心通勤圈内。,倡导轻户外，周末常带家人自驾野营或山系徒步，注重生活情调与手作咖啡。,名下持有一套旧两居，置换回款 65% + 个人理财储蓄补充 + 公积金商业贷,重性价比，不盲信大牌，但要求物业管理有序、绿化修剪及时、人防技防规范。,本地常住人口，四季生活规律，度假频次为常规年假出行。
青_2008_01763,青岛,2008,本地改善,52,男,2.0,16.3,0.4,30.5,2,1,是,B,agent,0.56,0.46,0.82,0.59,0.5,0.93,0.49,0.77,0.64,自住-改善,一室一厅,90,2738,国企车间技术主任,三口之家(学龄段),青岛中环品质两居，车位及空间极其拥挤,小区无地下车库且人车不分流，小孩在楼下玩耍或者推婴儿车极为不安全。,要求有超大面宽南向双阳台（观景家政分离），主卧大飘窗能270度直面自然景观。,在市中心核心写字楼工作，首选半小时核心通勤圈内。,倡导轻户外，周末常带家人自驾野营或山系徒步，注重生活情调与手作咖啡。,名下持有一套旧两居，置换回款 65% + 个人理财储蓄补充 + 公积金商业贷,重性价比，不盲信大牌，但要求物业管理有序、绿化修剪及时、人防技防规范。,本地常住人口，四季生活规律，度假频次为常规年假出行。
青_2008_01764,青岛,2008,本地改善,40,男,2.7,25.3,0.4,47.5,4,2,是,B,agent,0.56,0.49,0.77,0.42,0.52,0.91,0.64,0.65,0.51,自住-改善,两室一厅,79,5310,区财政局科员,二胎黄金期中大户型,青岛中环品质两居，车位及空间极其拥挤,小区无地下车库且人车不分流，小孩在楼下玩耍或者推婴儿车极为不安全。,要求有超大面宽南向双阳台（观景家政分离），主卧大飘窗能270度直面自然景观。,在市中心核心写字楼工作，首选半小时核心通勤圈内。,倡导轻户外，周末常带家人自驾野营或山系徒步，注重生活情调与手作咖啡。,名下持有一套旧两居，置换回款 65% + 个人理财储蓄补充 + 公积金商业贷,重性价比，不盲信大牌，但要求物业管理有序、绿化修剪及时、人防技防规范。,本地常住人口，四季生活规律，度假频次为常规年假出行。
青_2008_01765,青岛,2008,山东省内异地,48,女,3.1,28.5,0.45,47.5,3,1,否,C,network,0.75,0.63,0.72,0.59,0.51,0.69,0,0.28,0.46,自住-首套,一室一厅,67,3911,邮政局局长秘书,三口之家(学龄段),与父母同住，三代人拥挤在旧区小户型老房中,小区无地下车库且人车不分流，小孩在楼下玩耍或者推婴儿车极为不安全。,要求有超大面宽南向双阳台（观景家政分离），主卧大飘窗能270度直面自然景观。,在市中心核心写字楼工作，首选半小时核心通勤圈内。,爱猫狗，喜欢烹饪和插花，主打经济舒适的生活小确幸。,夫妻双方积蓄 + 双方父母出资赞助首付 + 公积金商业组合贷款,重性价比，不盲信大牌，但要求物业管理有序、绿化修剪及时、人防技防规范。,本地常住人口，四季生活规律，度假频次为常规年假出行。
青_2008_01766,青岛,2008,本地改善,35,女,2.5,19.5,0.4,36.6,4,1,否,B,agent,0.65,0.51,0.64,0.47,0.55,0.83,0.66,0.71,0.54,自住-改善,两室两厅,57,3544,国企车间技术主任,三口之家(幼龄段),青岛中环品质两居，车位及空间极其拥挤,小区无地下车库且人车不分流，小孩在楼下玩耍或者推婴儿车极为不安全。,讲究超高得房率（超85%），主卧套房必须配备独立步入式衣帽间与干湿分离双卫。,在市中心核心写字楼工作，首选半小时核心通勤圈内。,倡导轻户外，周末常带家人自驾野营或山系徒步，注重生活情调与手作咖啡。,名下持有一套旧两居，置换回款 65% + 个人理财储蓄补充 + 公积金商业贷,重性价比，不盲信大牌，但要求物业管理有序、绿化修剪及时、人防技防规范。,本地常住人口，四季生活规律，度假频次为常规年假出行。
青_2008_01767,青岛,2008,本地改善,51,女,2.0,11.7,0.4,22.0,4,0,是,B,agent,0.61,0.58,0.84,0.54,0.51,0.82,0.59,0.74,0.58,自住-改善,两室两厅,55,2833,邮政局局长秘书,成熟期核心家庭,青岛中环品质两居，车位及空间极其拥挤,当前房屋属于旧多层无电梯房，父母年纪渐高每天爬楼梯极为吃力。,要求有超大面宽南向双阳台（观景家政分离），主卧大飘窗能270度直面自然景观。,在市中心核心写字楼工作，首选半小时核心通勤圈内。,倡导轻户外，周末常带家人自驾野营或山系徒步，注重生活情调与手作咖啡。,名下持有一套旧两居，置换回款 65% + 个人理财储蓄补充 + 公积金商业贷,重性价比，不盲信大牌，但要求物业管理有序、绿化修剪及时、人防技防规范。,本地常住人口，四季生活规律，度假频次为常规年假出行。
青_2008_01768,青岛,2008,学区刚需,31,女,3.1,18.5,0.3,46.1,2,1,是,C,agent,0.69,0.54,0.26,0.34,0.33,0.78,0.47,1,0.45,学区房,两室两厅,66,4991,邮政局局长秘书,三口之家(幼龄段),与父母同住，三代人拥挤在旧区小户型老房中,小区无地下车库且人车不分流，小孩在楼下玩耍或者推婴儿车极为不安全。,讲究超高得房率（超85%），主卧套房必须配备独立步入式衣帽间与干湿分离双卫。,在市中心核心写字楼工作，首选半小时核心通勤圈内。,爱猫狗，喜欢烹饪和插花，主打经济舒适的生活小确幸。,名下持有一套旧两居，置换回款 65% + 个人理财储蓄补充 + 公积金商业贷,重性价比，不盲信大牌，但要求物业管理有序、绿化修剪及时、人防技防规范。,本地常住人口，四季生活规律，度假频次为常规年假出行。
青_2008_01769,青岛,2008,本地改善,36,女,1.4,11.7,0.4,21.8,3,1,否,B,agent,0.79,0.46,0.63,0.6,0.53,0.98,0.59,0.84,0.51,自住-改善,两室两厅,77,2351,区财政局科员,三口之家(幼龄段),青岛中环品质两居，车位及空间极其拥挤,小区无地下车库且人车不分流，小孩在楼下玩耍或者推婴儿车极为不安全。,讲究超高得房率（超85%），主卧套房必须配备独立步入式衣帽间与干湿分离双卫。,在市中心核心写字楼工作，首选半小时核心通勤圈内。,倡导轻户外，周末常带家人自驾野营或山系徒步，注重生活情调与手作咖啡。,名下持有一套旧两居，置换回款 65% + 个人理财储蓄补充 + 公积金商业贷,重性价比，不盲信大牌，但要求物业管理有序、绿化修剪及时、人防技防规范。,本地常住人口，四季生活规律，度假频次为常规年假出行。
青_2008_01770,青岛,2008,山东省内异地,52,男,2.2,12.1,0.45,20.2,3,0,否,C,network,0.7,0.47,0.87,0.48,0.57,0.77,0.04,0.47,0.49,自住-改善,两室一厅,97,1329,区财政局科员,成熟期核心家庭,与父母同住，三代人拥挤在旧区小户型老房中,老小区隔音差，邻里滋扰严重，且车位严重匮乏，每晚加班回来抢车位像打仗。,要求有超大面宽南向双阳台（观景家政分离），主卧大飘窗能270度直面自然景观。,在市中心核心写字楼工作，首选半小时核心通勤圈内。,爱猫狗，喜欢烹饪和插花，主打经济舒适的生活小确幸。,名下持有一套旧两居，置换回款 65% + 个人理财储蓄补充 + 公积金商业贷,重性价比，不盲信大牌，但要求物业管理有序、绿化修剪及时、人防技防规范。,本地常住人口，四季生活规律，度假频次为常规年假出行。
青_2008_01771,青岛,2008,山东省内异地,40,男,1.8,16.7,0.45,27.9,3,0,否,C,network,0.76,0.52,0.87,0.48,0.42,0.72,0.02,0.4,0.81,自住-首套,两室一厅,94,2296,国企车间技术主任,成熟期核心家庭,与父母同住，三代人拥挤在旧区小户型老房中,老小区隔音差，邻里滋扰严重，且车位严重匮乏，每晚加班回来抢车位像打仗。,要求有超大面宽南向双阳台（观景家政分离），主卧大飘窗能270度直面自然景观。,在市中心核心写字楼工作，首选半小时核心通勤圈内。,爱猫狗，喜欢烹饪和插花，主打经济舒适的生活小确幸。,夫妻双方积蓄 + 双方父母出资赞助首付 + 公积金商业组合贷款,非仁恒、绿城、万科等金牌开发商不买，极度看重高端精装质量与顶级物业的增值口碑。,本地常住人口，四季生活规律，度假频次为常规年假出行。
青_2008_01772,青岛,2008,山东省内异地,60,女,4.6,34.5,0.45,57.5,3,1,否,C,network,0.82,0.7,0.78,0.52,0.44,0.76,0.04,0.48,0.65,自住-改善,两室一厅,92,4396,国企车间技术主任,三口之家(学龄段),与父母同住，三代人拥挤在旧区小户型老房中,小区无地下车库且人车不分流，小孩在楼下玩耍或者推婴儿车极为不安全。,要求有超大面宽南向双阳台（观景家政分离），主卧大飘窗能270度直面自然景观。,在市中心核心写字楼工作，首选半小时核心通勤圈内。,爱猫狗，喜欢烹饪和插花，主打经济舒适的生活小确幸。,名下持有一套旧两居，置换回款 65% + 个人理财储蓄补充 + 公积金商业贷,重性价比，不盲信大牌，但要求物业管理有序、绿化修剪及时、人防技防规范。,本地常住人口，四季生活规律，度假频次为常规年假出行。
青_2008_01773,青岛,2008,学区刚需,32,男,1.6,7.1,0.3,17.8,3,1,否,C,agent,0.95,0.56,0.43,0.35,0.41,0.72,0.36,0.88,0.52,学区房,两室一厅,68,1400,市第二中学地理教师,三口之家(幼龄段),与父母同住，三代人拥挤在旧区小户型老房中,小区无地下车库且人车不分流，小孩在楼下玩耍或者推婴儿车极为不安全。,讲究超高得房率（超85%），主卧套房必须配备独立步入式衣帽间与干湿分离双卫。,在市中心核心写字楼工作，首选半小时核心通勤圈内。,爱猫狗，喜欢烹饪和插花，主打经济舒适的生活小确幸。,名下持有一套旧两居，置换回款 65% + 个人理财储蓄补充 + 公积金商业贷,重性价比，不盲信大牌，但要求物业管理有序、绿化修剪及时、人防技防规范。,本地常住人口，四季生活规律，度假频次为常规年假出行。
青_2008_01774,青岛,2008,本地改善,44,男,2.0,20.0,0.4,37.5,3,1,否,B,agent,0.66,0.43,0.72,0.63,0.54,0.77,0.76,0.64,0.53,自住-改善,一室一厅,88,2741,区财政局科员,三口之家(学龄段),青岛中环品质两居，车位及空间极其拥挤,小区无地下车库且人车不分流，小孩在楼下玩耍或者推婴儿车极为不安全。,要求有超大面宽南向双阳台（观景家政分离），主卧大飘窗能270度直面自然景观。,在市中心核心写字楼工作，首选半小时核心通勤圈内。,倡导轻户外，周末常带家人自驾野营或山系徒步，注重生活情调与手作咖啡。,名下持有一套旧两居，置换回款 65% + 个人理财储蓄补充 + 公积金商业贷,重性价比，不盲信大牌，但要求物业管理有序、绿化修剪及时、人防技防规范。,本地常住人口，四季生活规律，度假频次为常规年假出行。
青_2008_01775,青岛,2008,本地改善,47,男,1.8,10.9,0.4,20.5,5,1,是,B,agent,0.79,0.54,0.7,0.54,0.64,1.0,0.56,0.67,0.55,自住-改善,两室一厅,88,1723,国企车间技术主任,三口之家(学龄段),青岛中环品质两居，车位及空间极其拥挤,小区无地下车库且人车不分流，小孩在楼下玩耍或者推婴儿车极为不安全。,讲究超高得房率（超85%），主卧套房必须配备独立步入式衣帽间与干湿分离双卫。,在市中心核心写字楼工作，首选半小时核心通勤圈内。,倡导轻户外，周末常带家人自驾野营或山系徒步，注重生活情调与手作咖啡。,名下持有一套旧两居，置换回款 65% + 个人理财储蓄补充 + 公积金商业贷,重性价比，不盲信大牌，但要求物业管理有序、绿化修剪及时、人防技防规范。,本地常住人口，四季生活规律，度假频次为常规年假出行。
青_2008_01776,青岛,2008,山东省内异地,41,男,3.3,31.1,0.45,51.8,2,1,是,C,network,0.59,0.57,0.84,0.46,0.52,0.74,0,0.49,0.55,自住-首套,两室两厅,86,3682,区财政局科员,三口之家(学龄段),与父母同住，三代人拥挤在旧区小户型老房中,小区无地下车库且人车不分流，小孩在楼下玩耍或者推婴儿车极为不安全。,要求有超大面宽南向双阳台（观景家政分离），主卧大飘窗能270度直面自然景观。,在市中心核心写字楼工作，首选半小时核心通勤圈内。,爱猫狗，喜欢烹饪和插花，主打经济舒适的生活小确幸。,夫妻双方积蓄 + 双方父母出资赞助首付 + 公积金商业组合贷款,重性价比，不盲信大牌，但要求物业管理有序、绿化修剪及时、人防技防规范。,本地常住人口，四季生活规律，度假频次为常规年假出行。
青_2008_01777,青岛,2008,本地改善,50,女,2.6,25.4,0.4,47.7,4,1,否,B,agent,0.86,0.38,0.78,0.56,0.46,0.78,0.55,0.69,0.4,自住-改善,两室两厅,90,2882,国企车间技术主任,三口之家(学龄段),青岛中环品质两居，车位及空间极其拥挤,小区无地下车库且人车不分流，小孩在楼下玩耍或者推婴儿车极为不安全。,要求有超大面宽南向双阳台（观景家政分离），主卧大飘窗能270度直面自然景观。,在市中心核心写字楼工作，首选半小时核心通勤圈内。,倡导轻户外，周末常带家人自驾野营或山系徒步，注重生活情调与手作咖啡。,名下持有一套旧两居，置换回款 65% + 个人理财储蓄补充 + 公积金商业贷,重性价比，不盲信大牌，但要求物业管理有序、绿化修剪及时、人防技防规范。,本地常住人口，四季生活规律，度假频次为常规年假出行。
青_2008_01778,青岛,2008,山东省内异地,57,男,2.6,21.2,0.45,35.3,3,1,否,C,network,0.9,0.51,0.81,0.66,0.56,0.72,0,0.41,0.6,自住-首套,两室一厅,68,3933,国企车间技术主任,三口之家(学龄段),与父母同住，三代人拥挤在旧区小户型老房中,小区无地下车库且人车不分流，小孩在楼下玩耍或者推婴儿车极为不安全。,要求有超大面宽南向双阳台（观景家政分离），主卧大飘窗能270度直面自然景观。,在市中心核心写字楼工作，首选半小时核心通勤圈内。,爱猫狗，喜欢烹饪和插花，主打经济舒适的生活小确幸。,夫妻双方积蓄 + 双方父母出资赞助首付 + 公积金商业组合贷款,重性价比，不盲信大牌，但要求物业管理有序、绿化修剪及时、人防技防规范。,本地常住人口，四季生活规律，度假频次为常规年假出行。
青_2008_01779,青岛,2008,学区刚需,33,男,1.2,5.2,0.3,13.1,2,1,否,C,agent,0.71,0.51,0.45,0.17,0.23,0.83,0.65,0.89,0.34,学区房,一室一厅,89,1282,邮政局局长秘书,三口之家(幼龄段),与父母同住，三代人拥挤在旧区小户型老房中,小区无地下车库且人车不分流，小孩在楼下玩耍或者推婴儿车极为不安全。,讲究超高得房率（超85%），主卧套房必须配备独立步入式衣帽间与干湿分离双卫。,在市中心核心写字楼工作，首选半小时核心通勤圈内。,爱猫狗，喜欢烹饪和插花，主打经济舒适的生活小确幸。,名下持有一套旧两居，置换回款 65% + 个人理财储蓄补充 + 公积金商业贷,重性价比，不盲信大牌，但要求物业管理有序、绿化修剪及时、人防技防规范。,本地常住人口，四季生活规律，度假频次为常规年假出行。
青_2008_01780,青岛,2008,本地改善,39,女,2.7,21.7,0.4,40.7,4,0,否,B,agent,0.58,0.49,0.76,0.49,0.44,0.76,0.69,0.73,0.59,自住-改善,两室两厅,52,4011,邮政局局长秘书,成熟期核心家庭,青岛中环品质两居，车位及空间极其拥挤,老小区隔音差，邻里滋扰严重，且车位严重匮乏，每晚加班回来抢车位像打仗。,要求有超大面宽南向双阳台（观景家政分离），主卧大飘窗能270度直面自然景观。,在市中心核心写字楼工作，首选半小时核心通勤圈内。,倡导轻户外，周末常带家人自驾野营或山系徒步，注重生活情调与手作咖啡。,名下持有一套旧两居，置换回款 65% + 个人理财储蓄补充 + 公积金商业贷,重性价比，不盲信大牌，但要求物业管理有序、绿化修剪及时、人防技防规范。,本地常住人口，四季生活规律，度假频次为常规年假出行。
青_2008_01781,青岛,2008,本地改善,44,女,2.4,17.9,0.4,33.6,4,2,否,B,agent,0.43,0.53,0.7,0.65,0.44,1,0.44,0.7,0.49,自住-改善,两室两厅,83,2229,邮政局局长秘书,二胎黄金期中大户型,青岛中环品质两居，车位及空间极其拥挤,小区无地下车库且人车不分流，小孩在楼下玩耍或者推婴儿车极为不安全。,要求有超大面宽南向双阳台（观景家政分离），主卧大飘窗能270度直面自然景观。,在市中心核心写字楼工作，首选半小时核心通勤圈内。,倡导轻户外，周末常带家人自驾野营或山系徒步，注重生活情调与手作咖啡。,名下持有一套旧两居，置换回款 65% + 个人理财储蓄补充 + 公积金商业贷,重性价比，不盲信大牌，但要求物业管理有序、绿化修剪及时、人防技防规范。,本地常住人口，四季生活规律，度假频次为常规年假出行。
青_2008_01782,青岛,2008,本地改善,39,男,1.3,9.3,0.4,17.5,4,1,否,B,agent,0.89,0.49,0.85,0.6,0.42,0.87,0.54,0.68,0.4,自住-改善,两室一厅,87,1313,邮政局局长秘书,三口之家(学龄段),青岛中环品质两居，车位及空间极其拥挤,小区无地下车库且人车不分流，小孩在楼下玩耍或者推婴儿车极为不安全。,要求有超大面宽南向双阳台（观景家政分离），主卧大飘窗能270度直面自然景观。,在市中心核心写字楼工作，首选半小时核心通勤圈内。,倡导轻户外，周末常带家人自驾野营或山系徒步，注重生活情调与手作咖啡。,名下持有一套旧两居，置换回款 65% + 个人理财储蓄补充 + 公积金商业贷,重性价比，不盲信大牌，但要求物业管理有序、绿化修剪及时、人防技防规范。,本地常住人口，四季生活规律，度假频次为常规年假出行。
青_2008_01783,青岛,2008,山东省内异地,45,女,2.0,20.3,0.45,33.9,3,1,否,C,network,0.85,0.4,0.82,0.57,0.45,0.68,0,0.41,0.57,自住-改善,两室两厅,86,2032,区财政局科员,三口之家(学龄段),与父母同住，三代人拥挤在旧区小户型老房中,小区无地下车库且人车不分流，小孩在楼下玩耍或者推婴儿车极为不安全。,要求有超大面宽南向双阳台（观景家政分离），主卧大飘窗能270度直面自然景观。,在市中心核心写字楼工作，首选半小时核心通勤圈内。,爱猫狗，喜欢烹饪和插花，主打经济舒适的生活小确幸。,名下持有一套旧两居，置换回款 65% + 个人理财储蓄补充 + 公积金商业贷,重性价比，不盲信大牌，但要求物业管理有序、绿化修剪及时、人防技防规范。,本地常住人口，四季生活规律，度假频次为常规年假出行。
青_2008_01784,青岛,2008,本地改善,54,女,2.8,25.4,0.4,47.7,2,1,是,B,agent,0.73,0.43,0.76,0.31,0.45,0.83,0.66,0.76,0.57,自住-改善,两室两厅,78,3253,邮政局局长秘书,三口之家(学龄段),青岛中环品质两居，车位及空间极其拥挤,小区无地下车库且人车不分流，小孩在楼下玩耍或者推婴儿车极为不安全。,要求有超大面宽南向双阳台（观景家政分离），主卧大飘窗能270度直面自然景观。,在市中心核心写字楼工作，首选半小时核心通勤圈内。,倡导轻户外，周末常带家人自驾野营或山系徒步，注重生活情调与手作咖啡。,名下持有一套旧两居，置换回款 65% + 个人理财储蓄补充 + 公积金商业贷,重性价比，不盲信大牌，但要求物业管理有序、绿化修剪及时、人防技防规范。,本地常住人口，四季生活规律，度假频次为常规年假出行。
青_2008_01785,青岛,2008,山东省内异地,47,男,1.0,7.1,0.45,11.8,3,1,是,C,network,0.66,0.47,0.81,0.55,0.46,0.63,0,0.31,0.78,自住-改善,两室两厅,67,1168,市第二中学地理教师,三口之家(学龄段),与父母同住，三代人拥挤在旧区小户型老房中,小区无地下车库且人车不分流，小孩在楼下玩耍或者推婴儿车极为不安全。,要求有超大面宽南向双阳台（观景家政分离），主卧大飘窗能270度直面自然景观。,在市中心核心写字楼工作，首选半小时核心通勤圈内。,爱猫狗，喜欢烹饪和插花，主打经济舒适的生活小确幸。,名下持有一套旧两居，置换回款 65% + 个人理财储蓄补充 + 公积金商业贷,非仁恒、绿城、万科等金牌开发商不买，极度看重高端精装质量与顶级物业的增值口碑。,本地常住人口，四季生活规律，度假频次为常规年假出行。
青_2008_01786,青岛,2008,山东省内异地,54,男,2.2,19.7,0.45,32.8,3,1,否,C,network,0.57,0.53,0.98,0.58,0.43,0.7,0.04,0.36,0.5,自住-改善,两室一厅,91,2992,区财政局科员,三口之家(学龄段),与父母同住，三代人拥挤在旧区小户型老房中,小区无地下车库且人车不分流，小孩在楼下玩耍或者推婴儿车极为不安全。,要求有超大面宽南向双阳台（观景家政分离），主卧大飘窗能270度直面自然景观。,在市中心核心写字楼工作，首选半小时核心通勤圈内。,爱猫狗，喜欢烹饪和插花，主打经济舒适的生活小确幸。,名下持有一套旧两居，置换回款 65% + 个人理财储蓄补充 + 公积金商业贷,重性价比，不盲信大牌，但要求物业管理有序、绿化修剪及时、人防技防规范。,本地常住人口，四季生活规律，度假频次为常规年假出行。
青_2008_01787,青岛,2008,学区刚需,45,女,1.4,6.2,0.3,15.5,4,0,否,C,agent,0.83,0.55,0.47,0.4,0.27,0.61,0.47,0.94,0.34,学区房,一室一厅,69,1853,市第二中学地理教师,成熟期核心家庭,与父母同住，三代人拥挤在旧区小户型老房中,老小区隔音差，邻里滋扰严重，且车位严重匮乏，每晚加班回来抢车位像打仗。,核心要求地块属于第一梯队名校学区，且周边500米内解决幼小衔接教育配套。,在市中心核心写字楼工作，首选半小时核心通勤圈内。,爱猫狗，喜欢烹饪和插花，主打经济舒适的生活小确幸。,名下持有一套旧两居，置换回款 65% + 个人理财储蓄补充 + 公积金商业贷,重性价比，不盲信大牌，但要求物业管理有序、绿化修剪及时、人防技防规范。,本地常住人口，四季生活规律，度假频次为常规年假出行。
青_2008_01788,青岛,2008,本地改善,39,男,3.1,27.0,0.4,50.5,4,2,否,B,agent,0.66,0.45,0.68,0.47,0.53,0.65,0.67,0.69,0.47,自住-改善,一室一厅,64,5488,区财政局科员,二胎黄金期中大户型,青岛中环品质两居，车位及空间极其拥挤,小区无地下车库且人车不分流，小孩在楼下玩耍或者推婴儿车极为不安全。,要求采光通透，全明户型，带多功能嵌入式收纳墙以最大化空间利用。,在市中心核心写字楼工作，首选半小时核心通勤圈内。,倡导轻户外，周末常带家人自驾野营或山系徒步，注重生活情调与手作咖啡。,名下持有一套旧两居，置换回款 65% + 个人理财储蓄补充 + 公积金商业贷,重性价比，不盲信大牌，但要求物业管理有序、绿化修剪及时、人防技防规范。,本地常住人口，四季生活规律，度假频次为常规年假出行。
青_2008_01789,青岛,2008,高端海景收藏,48,女,6.6,78.4,0.6,98.0,1,0,否,A,network,0.34,0.42,1,0.79,0.7,0.79,0,0.03,0.62,投资-长持,两室两厅,83,8743,高端海景资产收藏家,成熟期核心家庭,陆家嘴核心区江景大平层,无高端私密会所及管家式物业配套，圈层鱼龙混杂，高净值居住体验差。,要求独立电梯入户，主次卧动线分明，配备独立保姆房和私密后院。,在市中心核心写字楼工作，首选半小时核心通勤圈内。,周末常去高端商圈消费，热衷打网球和马术，重度手冲咖啡及黑胶唱片发烧友。,名下已有企业股权套现或分红现金，一次性全款付清，基本不加杠杆,重性价比，不盲信大牌，但要求物业管理有序、绿化修剪及时、人防技防规范。,本地常住人口，四季生活规律，度假频次为常规年假出行。
青_2008_01790,青岛,2008,本地改善,48,女,2.0,17.3,0.4,32.4,5,1,否,B,agent,0.67,0.55,0.73,0.42,0.43,0.84,0.65,0.62,0.57,自住-改善,两室两厅,80,2144,市第二中学地理教师,三口之家(学龄段),青岛中环品质两居，车位及空间极其拥挤,小区无地下车库且人车不分流，小孩在楼下玩耍或者推婴儿车极为不安全。,要求有超大面宽南向双阳台（观景家政分离），主卧大飘窗能270度直面自然景观。,在市中心核心写字楼工作，首选半小时核心通勤圈内。,倡导轻户外，周末常带家人自驾野营或山系徒步，注重生活情调与手作咖啡。,名下持有一套旧两居，置换回款 65% + 个人理财储蓄补充 + 公积金商业贷,重性价比，不盲信大牌，但要求物业管理有序、绿化修剪及时、人防技防规范。,本地常住人口，四季生活规律，度假频次为常规年假出行。
青_2008_01791,青岛,2008,本地改善,45,女,1.5,12.9,0.4,24.2,4,0,否,B,agent,0.52,0.57,0.76,0.52,0.57,0.91,0.58,0.77,0.45,自住-改善,一室一厅,62,2012,市第二中学地理教师,成熟期核心家庭,青岛中环品质两居，车位及空间极其拥挤,老小区隔音差，邻里滋扰严重，且车位严重匮乏，每晚加班回来抢车位像打仗。,要求有超大面宽南向双阳台（观景家政分离），主卧大飘窗能270度直面自然景观。,在市中心核心写字楼工作，首选半小时核心通勤圈内。,倡导轻户外，周末常带家人自驾野营或山系徒步，注重生活情调与手作咖啡。,名下持有一套旧两居，置换回款 65% + 个人理财储蓄补充 + 公积金商业贷,重性价比，不盲信大牌，但要求物业管理有序、绿化修剪及时、人防技防规范。,本地常住人口，四季生活规律，度假频次为常规年假出行。
青_2008_01792,青岛,2008,学区刚需,39,男,1.0,5.8,0.3,14.4,3,1,否,C,agent,1,0.62,0.3,0.32,0.31,0.77,0.55,0.83,0.46,学区房,两室一厅,83,1082,区财政局科员,三口之家(学龄段),与父母同住，三代人拥挤在旧区小户型老房中,小区无地下车库且人车不分流，小孩在楼下玩耍或者推婴儿车极为不安全。,讲究超高得房率（超85%），主卧套房必须配备独立步入式衣帽间与干湿分离双卫。,在市中心核心写字楼工作，首选半小时核心通勤圈内。,爱猫狗，喜欢烹饪和插花，主打经济舒适的生活小确幸。,名下持有一套旧两居，置换回款 65% + 个人理财储蓄补充 + 公积金商业贷,重性价比，不盲信大牌，但要求物业管理有序、绿化修剪及时、人防技防规范。,本地常住人口，四季生活规律，度假频次为常规年假出行。
青_2008_01793,青岛,2008,本地改善,39,女,1.8,18.0,0.4,33.7,4,1,否,B,agent,0.76,0.41,0.66,0.43,0.4,1,0.7,0.66,0.52,自住-改善,两室两厅,87,2653,邮政局局长秘书,三口之家(学龄段),青岛中环品质两居，车位及空间极其拥挤,小区无地下车库且人车不分流，小孩在楼下玩耍或者推婴儿车极为不安全。,讲究超高得房率（超85%），主卧套房必须配备独立步入式衣帽间与干湿分离双卫。,在市中心核心写字楼工作，首选半小时核心通勤圈内。,倡导轻户外，周末常带家人自驾野营或山系徒步，注重生活情调与手作咖啡。,名下持有一套旧两居，置换回款 65% + 个人理财储蓄补充 + 公积金商业贷,重性价比，不盲信大牌，但要求物业管理有序、绿化修剪及时、人防技防规范。,本地常住人口，四季生活规律，度假频次为常规年假出行。
青_2008_01794,青岛,2008,本地改善,47,女,3.3,19.4,0.4,36.4,3,2,是,B,agent,0.7,0.62,0.76,0.51,0.61,0.94,0.65,0.61,0.63,自住-改善,两室两厅,58,5095,市第二中学地理教师,二胎黄金期中大户型,青岛中环品质两居，车位及空间极其拥挤,小区无地下车库且人车不分流，小孩在楼下玩耍或者推婴儿车极为不安全。,要求有超大面宽南向双阳台（观景家政分离），主卧大飘窗能270度直面自然景观。,在市中心核心写字楼工作，首选半小时核心通勤圈内。,倡导轻户外，周末常带家人自驾野营或山系徒步，注重生活情调与手作咖啡。,名下持有一套旧两居，置换回款 65% + 个人理财储蓄补充 + 公积金商业贷,重性价比，不盲信大牌，但要求物业管理有序、绿化修剪及时、人防技防规范。,本地常住人口，四季生活规律，度假频次为常规年假出行。
青_2008_01795,青岛,2008,本地改善,35,女,2.7,18.4,0.4,34.5,5,1,否,B,agent,0.64,0.39,0.8,0.72,0.59,0.82,0.79,0.76,0.55,自住-改善,一室一厅,59,3959,市第二中学地理教师,三口之家(幼龄段),青岛中环品质两居，车位及空间极其拥挤,小区无地下车库且人车不分流，小孩在楼下玩耍或者推婴儿车极为不安全。,要求独立电梯入户，主次卧动线分明，配备独立保姆房和私密后院。,在市中心核心写字楼工作，首选半小时核心通勤圈内。,倡导轻户外，周末常带家人自驾野营或山系徒步，注重生活情调与手作咖啡。,名下持有一套旧两居，置换回款 65% + 个人理财储蓄补充 + 公积金商业贷,重性价比，不盲信大牌，但要求物业管理有序、绿化修剪及时、人防技防规范。,本地常住人口，四季生活规律，度假频次为常规年假出行。
青_2008_01796,青岛,2008,学区刚需,33,女,1.4,10.1,0.3,25.2,3,0,否,C,agent,0.96,0.47,0.26,0.27,0.41,0.65,0.57,0.95,0.47,学区房,两室一厅,81,2539,国企车间技术主任,新婚过渡两居,与父母同住，三代人拥挤在旧区小户型老房中,老小区隔音差，邻里滋扰严重，且车位严重匮乏，每晚加班回来抢车位像打仗。,核心要求地块属于第一梯队名校学区，且周边500米内解决幼小衔接教育配套。,在市中心核心写字楼工作，首选半小时核心通勤圈内。,爱猫狗，喜欢烹饪和插花，主打经济舒适的生活小确幸。,名下持有一套旧两居，置换回款 65% + 个人理财储蓄补充 + 公积金商业贷,重性价比，不盲信大牌，但要求物业管理有序、绿化修剪及时、人防技防规范。,本地常住人口，四季生活规律，度假频次为常规年假出行。
青_2008_01797,青岛,2008,本地改善,50,女,2.0,20.3,0.4,38.1,3,0,否,B,agent,0.72,0.44,0.73,0.53,0.5,0.79,0.64,0.79,0.48,自住-改善,两室两厅,66,5145,国企车间技术主任,成熟期核心家庭,青岛中环品质两居，车位及空间极其拥挤,老小区隔音差，邻里滋扰严重，且车位严重匮乏，每晚加班回来抢车位像打仗。,要求有超大面宽南向双阳台（观景家政分离），主卧大飘窗能270度直面自然景观。,在市中心核心写字楼工作，首选半小时核心通勤圈内。,倡导轻户外，周末常带家人自驾野营或山系徒步，注重生活情调与手作咖啡。,名下持有一套旧两居，置换回款 65% + 个人理财储蓄补充 + 公积金商业贷,重性价比，不盲信大牌，但要求物业管理有序、绿化修剪及时、人防技防规范。,本地常住人口，四季生活规律，度假频次为常规年假出行。
青_2008_01798,青岛,2008,本地改善,36,女,1.1,6.8,0.4,12.8,5,1,否,B,agent,0.63,0.39,0.61,0.44,0.56,0.78,0.65,0.72,0.63,自住-改善,两室一厅,54,1563,国企车间技术主任,三口之家(幼龄段),青岛中环品质两居，车位及空间极其拥挤,小区无地下车库且人车不分流，小孩在楼下玩耍或者推婴儿车极为不安全。,讲究超高得房率（超85%），主卧套房必须配备独立步入式衣帽间与干湿分离双卫。,在市中心核心写字楼工作，首选半小时核心通勤圈内。,倡导轻户外，周末常带家人自驾野营或山系徒步，注重生活情调与手作咖啡。,名下持有一套旧两居，置换回款 65% + 个人理财储蓄补充 + 公积金商业贷,重性价比，不盲信大牌，但要求物业管理有序、绿化修剪及时、人防技防规范。,本地常住人口，四季生活规律，度假频次为常规年假出行。
青_2008_01799,青岛,2008,本地改善,50,女,1.0,7.3,0.4,13.7,4,2,否,B,agent,0.79,0.66,0.81,0.49,0.51,0.83,0.62,0.61,0.54,自住-改善,一室一厅,55,2028,区财政局科员,二胎黄金期中大户型,青岛中环品质两居，车位及空间极其拥挤,小区无地下车库且人车不分流，小孩在楼下玩耍或者推婴儿车极为不安全。,要求有超大面宽南向双阳台（观景家政分离），主卧大飘窗能270度直面自然景观。,在市中心核心写字楼工作，首选半小时核心通勤圈内。,倡导轻户外，周末常带家人自驾野营或山系徒步，注重生活情调与手作咖啡。,名下持有一套旧两居，置换回款 65% + 个人理财储蓄补充 + 公积金商业贷,重性价比，不盲信大牌，但要求物业管理有序、绿化修剪及时、人防技防规范。,本地常住人口，四季生活规律，度假频次为常规年假出行。
青_2008_01800,青岛,2008,学区刚需,39,女,1.8,7.7,0.3,19.3,4,1,否,C,agent,0.71,0.66,0.28,0.14,0.55,0.78,0.35,1,0.42,学区房,两室两厅,75,1682,邮政局局长秘书,三口之家(学龄段),与父母同住，三代人拥挤在旧区小户型老房中,小区无地下车库且人车不分流，小孩在楼下玩耍或者推婴儿车极为不安全。,讲究超高得房率（超85%），主卧套房必须配备独立步入式衣帽间与干湿分离双卫。,在市中心核心写字楼工作，首选半小时核心通勤圈内。,爱猫狗，喜欢烹饪和插花，主打经济舒适的生活小确幸。,名下持有一套旧两居，置换回款 65% + 个人理财储蓄补充 + 公积金商业贷,重性价比，不盲信大牌，但要求物业管理有序、绿化修剪及时、人防技防规范。,本地常住人口，四季生活规律，度假频次为常规年假出行。
青_2008_01801,青岛,2008,本地改善,52,女,2.6,23.3,0.4,43.7,5,0,否,B,agent,0.99,0.5,0.69,0.41,0.45,0.74,0.58,0.63,0.55,自住-改善,两室两厅,51,6245,邮政局局长秘书,成熟期核心家庭,青岛中环品质两居，车位及空间极其拥挤,老小区隔音差，邻里滋扰严重，且车位严重匮乏，每晚加班回来抢车位像打仗。,讲究超高得房率（超85%），主卧套房必须配备独立步入式衣帽间与干湿分离双卫。,在市中心核心写字楼工作，首选半小时核心通勤圈内。,倡导轻户外，周末常带家人自驾野营或山系徒步，注重生活情调与手作咖啡。,名下持有一套旧两居，置换回款 65% + 个人理财储蓄补充 + 公积金商业贷,重性价比，不盲信大牌，但要求物业管理有序、绿化修剪及时、人防技防规范。,本地常住人口，四季生活规律，度假频次为常规年假出行。
青_2008_01802,青岛,2008,本地改善,47,女,2.5,22.8,0.4,42.8,4,1,否,B,agent,0.67,0.41,0.67,0.47,0.45,0.81,0.65,0.7,0.62,自住-改善,两室两厅,56,4345,区财政局科员,三口之家(学龄段),青岛中环品质两居，车位及空间极其拥挤,小区无地下车库且人车不分流，小孩在楼下玩耍或者推婴儿车极为不安全。,讲究超高得房率（超85%），主卧套房必须配备独立步入式衣帽间与干湿分离双卫。,在市中心核心写字楼工作，首选半小时核心通勤圈内。,倡导轻户外，周末常带家人自驾野营或山系徒步，注重生活情调与手作咖啡。,名下持有一套旧两居，置换回款 65% + 个人理财储蓄补充 + 公积金商业贷,重性价比，不盲信大牌，但要求物业管理有序、绿化修剪及时、人防技防规范。,本地常住人口，四季生活规律，度假频次为常规年假出行。
青_2008_01803,青岛,2008,本地改善,38,女,1.1,7.9,0.4,14.8,4,0,是,B,agent,0.28,0.53,0.73,0.39,0.57,0.71,0.67,0.61,0.55,自住-改善,一室一厅,58,1866,区财政局科员,成熟期核心家庭,青岛中环品质两居，车位及空间极其拥挤,当前房屋属于旧多层无电梯房，父母年纪渐高每天爬楼梯极为吃力。,要求有超大面宽南向双阳台（观景家政分离），主卧大飘窗能270度直面自然景观。,在市中心核心写字楼工作，首选半小时核心通勤圈内。,倡导轻户外，周末常带家人自驾野营或山系徒步，注重生活情调与手作咖啡。,名下持有一套旧两居，置换回款 65% + 个人理财储蓄补充 + 公积金商业贷,重性价比，不盲信大牌，但要求物业管理有序、绿化修剪及时、人防技防规范。,本地常住人口，四季生活规律，度假频次为常规年假出行。
青_2008_01804,青岛,2008,学区刚需,31,女,3.2,18.2,0.3,45.6,3,1,否,C,agent,0.77,0.58,0.38,0.39,0.35,0.52,0.44,1,0.52,学区房,两室两厅,67,4234,国企车间技术主任,三口之家(幼龄段),与父母同住，三代人拥挤在旧区小户型老房中,小区无地下车库且人车不分流，小孩在楼下玩耍或者推婴儿车极为不安全。,核心要求地块属于第一梯队名校学区，且周边500米内解决幼小衔接教育配套。,在市中心核心写字楼工作，首选半小时核心通勤圈内。,爱猫狗，喜欢烹饪和插花，主打经济舒适的生活小确幸。,名下持有一套旧两居，置换回款 65% + 个人理财储蓄补充 + 公积金商业贷,重性价比，不盲信大牌，但要求物业管理有序、绿化修剪及时、人防技防规范。,本地常住人口，四季生活规律，度假频次为常规年假出行。
青_2008_01805,青岛,2008,本地改善,36,男,1.3,12.9,0.4,24.1,4,1,否,B,agent,0.86,0.58,0.74,0.56,0.57,0.86,0.77,0.61,0.36,自住-改善,一室一厅,56,3209,市第二中学地理教师,三口之家(幼龄段),青岛中环品质两居，车位及空间极其拥挤,小区无地下车库且人车不分流，小孩在楼下玩耍或者推婴儿车极为不安全。,要求有超大面宽南向双阳台（观景家政分离），主卧大飘窗能270度直面自然景观。,在市中心核心写字楼工作，首选半小时核心通勤圈内。,倡导轻户外，周末常带家人自驾野营或山系徒步，注重生活情调与手作咖啡。,名下持有一套旧两居，置换回款 65% + 个人理财储蓄补充 + 公积金商业贷,重性价比，不盲信大牌，但要求物业管理有序、绿化修剪及时、人防技防规范。,本地常住人口，四季生活规律，度假频次为常规年假出行。
青_2008_01806,青岛,2008,本地改善,39,男,3.4,26.5,0.4,49.7,4,1,否,B,agent,0.74,0.51,0.83,0.5,0.39,0.92,0.65,0.72,0.46,自住-改善,两室两厅,50,6830,市第二中学地理教师,三口之家(学龄段),青岛中环品质两居，车位及空间极其拥挤,小区无地下车库且人车不分流，小孩在楼下玩耍或者推婴儿车极为不安全。,要求有超大面宽南向双阳台（观景家政分离），主卧大飘窗能270度直面自然景观。,在市中心核心写字楼工作，首选半小时核心通勤圈内。,倡导轻户外，周末常带家人自驾野营或山系徒步，注重生活情调与手作咖啡。,名下持有一套旧两居，置换回款 65% + 个人理财储蓄补充 + 公积金商业贷,重性价比，不盲信大牌，但要求物业管理有序、绿化修剪及时、人防技防规范。,本地常住人口，四季生活规律，度假频次为常规年假出行。
青_2008_01807,青岛,2008,本地改善,53,女,2.1,19.6,0.4,36.7,4,1,否,B,agent,0.58,0.53,0.83,0.47,0.44,0.81,0.64,0.78,0.52,自住-改善,两室一厅,68,2787,市第二中学地理教师,三口之家(学龄段),青岛中环品质两居，车位及空间极其拥挤,小区无地下车库且人车不分流，小孩在楼下玩耍或者推婴儿车极为不安全。,要求有超大面宽南向双阳台（观景家政分离），主卧大飘窗能270度直面自然景观。,在市中心核心写字楼工作，首选半小时核心通勤圈内。,倡导轻户外，周末常带家人自驾野营或山系徒步，注重生活情调与手作咖啡。,名下持有一套旧两居，置换回款 65% + 个人理财储蓄补充 + 公积金商业贷,重性价比，不盲信大牌，但要求物业管理有序、绿化修剪及时、人防技防规范。,本地常住人口，四季生活规律，度假频次为常规年假出行。
青_2008_01808,青岛,2008,山东省内异地,40,男,2.0,12.8,0.45,21.4,3,2,否,C,network,0.57,0.6,0.83,0.66,0.49,0.69,0,0.4,0.39,自住-改善,两室两厅,85,2035,邮政局局长秘书,二胎黄金期中大户型,与父母同住，三代人拥挤在旧区小户型老房中,小区无地下车库且人车不分流，小孩在楼下玩耍或者推婴儿车极为不安全。,要求有超大面宽南向双阳台（观景家政分离），主卧大飘窗能270度直面自然景观。,在市中心核心写字楼工作，首选半小时核心通勤圈内。,爱猫狗，喜欢烹饪和插花，主打经济舒适的生活小确幸。,名下持有一套旧两居，置换回款 65% + 个人理财储蓄补充 + 公积金商业贷,重性价比，不盲信大牌，但要求物业管理有序、绿化修剪及时、人防技防规范。,本地常住人口，四季生活规律，度假频次为常规年假出行。
青_2008_01809,青岛,2008,本地改善,50,男,2.1,21.0,0.4,39.3,3,1,否,B,agent,0.98,0.53,0.68,0.54,0.56,0.71,0.72,0.66,0.53,自住-改善,两室一厅,68,3595,邮政局局长秘书,三口之家(学龄段),青岛中环品质两居，车位及空间极其拥挤,小区无地下车库且人车不分流，小孩在楼下玩耍或者推婴儿车极为不安全。,讲究超高得房率（超85%），主卧套房必须配备独立步入式衣帽间与干湿分离双卫。,在市中心核心写字楼工作，首选半小时核心通勤圈内。,倡导轻户外，周末常带家人自驾野营或山系徒步，注重生活情调与手作咖啡。,名下持有一套旧两居，置换回款 65% + 个人理财储蓄补充 + 公积金商业贷,重性价比，不盲信大牌，但要求物业管理有序、绿化修剪及时、人防技防规范。,本地常住人口，四季生活规律，度假频次为常规年假出行。
青_2008_01810,青岛,2008,学区刚需,38,男,2.0,11.1,0.3,27.7,3,1,是,C,agent,0.83,0.55,0.24,0.3,0.42,0.84,0.56,0.98,0.63,学区房,两室一厅,59,2879,国企车间技术主任,三口之家(学龄段),与父母同住，三代人拥挤在旧区小户型老房中,小区无地下车库且人车不分流，小孩在楼下玩耍或者推婴儿车极为不安全。,讲究超高得房率（超85%），主卧套房必须配备独立步入式衣帽间与干湿分离双卫。,在市中心核心写字楼工作，首选半小时核心通勤圈内。,爱猫狗，喜欢烹饪和插花，主打经济舒适的生活小确幸。,名下持有一套旧两居，置换回款 65% + 个人理财储蓄补充 + 公积金商业贷,重性价比，不盲信大牌，但要求物业管理有序、绿化修剪及时、人防技防规范。,本地常住人口，四季生活规律，度假频次为常规年假出行。
青_2008_01811,青岛,2008,本地改善,55,男,1.8,18.4,0.4,34.6,3,0,是,B,agent,0.84,0.45,0.65,0.49,0.52,0.89,0.58,0.58,0.64,自住-改善,两室一厅,70,4040,区财政局科员,高知退休康养,青岛中环品质两居，车位及空间极其拥挤,当前房屋属于旧多层无电梯房，父母年纪渐高每天爬楼梯极为吃力。,讲究超高得房率（超85%），主卧套房必须配备独立步入式衣帽间与干湿分离双卫。,在市中心核心写字楼工作，首选半小时核心通勤圈内。,倡导轻户外，周末常带家人自驾野营或山系徒步，注重生活情调与手作咖啡。,名下持有一套旧两居，置换回款 65% + 个人理财储蓄补充 + 公积金商业贷,重性价比，不盲信大牌，但要求物业管理有序、绿化修剪及时、人防技防规范。,本地常住人口，四季生活规律，度假频次为常规年假出行。
青_2008_01812,青岛,2008,山东省内异地,43,男,2.2,14.9,0.45,24.8,3,2,否,C,network,0.61,0.56,0.89,0.61,0.43,0.73,0.06,0.39,0.48,自住-改善,两室一厅,51,2915,邮政局局长秘书,二胎黄金期中大户型,与父母同住，三代人拥挤在旧区小户型老房中,小区无地下车库且人车不分流，小孩在楼下玩耍或者推婴儿车极为不安全。,要求有超大面宽南向双阳台（观景家政分离），主卧大飘窗能270度直面自然景观。,在市中心核心写字楼工作，首选半小时核心通勤圈内。,爱猫狗，喜欢烹饪和插花，主打经济舒适的生活小确幸。,名下持有一套旧两居，置换回款 65% + 个人理财储蓄补充 + 公积金商业贷,重性价比，不盲信大牌，但要求物业管理有序、绿化修剪及时、人防技防规范。,本地常住人口，四季生活规律，度假频次为常规年假出行。
青_2008_01813,青岛,2008,本地改善,48,男,1.3,8.6,0.4,16.1,3,1,否,B,agent,0.54,0.49,0.56,0.45,0.57,0.72,0.61,0.59,0.62,自住-改善,两室两厅,96,1441,区财政局科员,三口之家(学龄段),青岛中环品质两居，车位及空间极其拥挤,小区无地下车库且人车不分流，小孩在楼下玩耍或者推婴儿车极为不安全。,讲究超高得房率（超85%），主卧套房必须配备独立步入式衣帽间与干湿分离双卫。,在市中心核心写字楼工作，首选半小时核心通勤圈内。,倡导轻户外，周末常带家人自驾野营或山系徒步，注重生活情调与手作咖啡。,名下持有一套旧两居，置换回款 65% + 个人理财储蓄补充 + 公积金商业贷,重性价比，不盲信大牌，但要求物业管理有序、绿化修剪及时、人防技防规范。,本地常住人口，四季生活规律，度假频次为常规年假出行。
青_2008_01814,青岛,2008,本地改善,52,女,1.9,18.1,0.4,33.9,4,1,否,B,agent,0.56,0.39,0.75,0.54,0.5,1,0.64,0.79,0.7,自住-改善,两室两厅,68,2824,邮政局局长秘书,三口之家(学龄段),青岛中环品质两居，车位及空间极其拥挤,小区无地下车库且人车不分流，小孩在楼下玩耍或者推婴儿车极为不安全。,要求有超大面宽南向双阳台（观景家政分离），主卧大飘窗能270度直面自然景观。,在市中心核心写字楼工作，首选半小时核心通勤圈内。,倡导轻户外，周末常带家人自驾野营或山系徒步，注重生活情调与手作咖啡。,名下持有一套旧两居，置换回款 65% + 个人理财储蓄补充 + 公积金商业贷,非仁恒、绿城、万科等金牌开发商不买，极度看重高端精装质量与顶级物业的增值口碑。,本地常住人口，四季生活规律，度假频次为常规年假出行。
青_2008_01815,青岛,2008,本地改善,40,男,1.1,7.3,0.4,13.8,4,1,否,B,agent,0.52,0.55,0.62,0.49,0.58,0.83,0.54,0.64,0.63,自住-改善,两室一厅,70,1759,邮政局局长秘书,三口之家(学龄段),青岛中环品质两居，车位及空间极其拥挤,小区无地下车库且人车不分流，小孩在楼下玩耍或者推婴儿车极为不安全。,讲究超高得房率（超85%），主卧套房必须配备独立步入式衣帽间与干湿分离双卫。,在市中心核心写字楼工作，首选半小时核心通勤圈内。,倡导轻户外，周末常带家人自驾野营或山系徒步，注重生活情调与手作咖啡。,名下持有一套旧两居，置换回款 65% + 个人理财储蓄补充 + 公积金商业贷,重性价比，不盲信大牌，但要求物业管理有序、绿化修剪及时、人防技防规范。,本地常住人口，四季生活规律，度假频次为常规年假出行。
青_2008_01816,青岛,2008,山东省内异地,59,男,3.0,20.4,0.45,33.9,2,1,是,C,network,0.88,0.67,0.85,0.6,0.52,0.7,0,0.49,0.53,自住-改善,两室两厅,78,3195,市第二中学地理教师,三口之家(学龄段),与父母同住，三代人拥挤在旧区小户型老房中,小区无地下车库且人车不分流，小孩在楼下玩耍或者推婴儿车极为不安全。,要求有超大面宽南向双阳台（观景家政分离），主卧大飘窗能270度直面自然景观。,在市中心核心写字楼工作，首选半小时核心通勤圈内。,爱猫狗，喜欢烹饪和插花，主打经济舒适的生活小确幸。,名下持有一套旧两居，置换回款 65% + 个人理财储蓄补充 + 公积金商业贷,重性价比，不盲信大牌，但要求物业管理有序、绿化修剪及时、人防技防规范。,本地常住人口，四季生活规律，度假频次为常规年假出行。
青_2008_01817,青岛,2008,本地改善,43,女,2.3,20.4,0.4,38.3,5,1,否,B,agent,0.73,0.46,0.73,0.54,0.46,0.85,0.61,0.76,0.51,自住-改善,两室一厅,87,2667,国企车间技术主任,三口之家(学龄段),青岛中环品质两居，车位及空间极其拥挤,小区无地下车库且人车不分流，小孩在楼下玩耍或者推婴儿车极为不安全。,要求有超大面宽南向双阳台（观景家政分离），主卧大飘窗能270度直面自然景观。,在市中心核心写字楼工作，首选半小时核心通勤圈内。,倡导轻户外，周末常带家人自驾野营或山系徒步，注重生活情调与手作咖啡。,名下持有一套旧两居，置换回款 65% + 个人理财储蓄补充 + 公积金商业贷,重性价比，不盲信大牌，但要求物业管理有序、绿化修剪及时、人防技防规范。,本地常住人口，四季生活规律，度假频次为常规年假出行。
青_2008_01818,青岛,2008,本地改善,42,女,3.6,33.1,0.4,62.2,5,0,否,B,agent,0.66,0.41,0.79,0.62,0.43,0.96,0.49,0.69,0.57,自住-改善,一室一厅,93,5114,国企车间技术主任,成熟期核心家庭,青岛中环品质两居，车位及空间极其拥挤,老小区隔音差，邻里滋扰严重，且车位严重匮乏，每晚加班回来抢车位像打仗。,要求有超大面宽南向双阳台（观景家政分离），主卧大飘窗能270度直面自然景观。,在市中心核心写字楼工作，首选半小时核心通勤圈内。,倡导轻户外，周末常带家人自驾野营或山系徒步，注重生活情调与手作咖啡。,名下持有一套旧两居，置换回款 65% + 个人理财储蓄补充 + 公积金商业贷,重性价比，不盲信大牌，但要求物业管理有序、绿化修剪及时、人防技防规范。,本地常住人口，四季生活规律，度假频次为常规年假出行。
青_2008_01819,青岛,2008,学区刚需,32,男,1.4,10.1,0.3,25.3,3,2,否,C,agent,0.98,0.47,0.28,0.39,0.41,0.76,0.62,0.84,0.32,学区房,一室一厅,98,1812,市第二中学地理教师,二胎黄金期中大户型,与父母同住，三代人拥挤在旧区小户型老房中,小区无地下车库且人车不分流，小孩在楼下玩耍或者推婴儿车极为不安全。,讲究超高得房率（超85%），主卧套房必须配备独立步入式衣帽间与干湿分离双卫。,在市中心核心写字楼工作，首选半小时核心通勤圈内。,爱猫狗，喜欢烹饪和插花，主打经济舒适的生活小确幸。,名下持有一套旧两居，置换回款 65% + 个人理财储蓄补充 + 公积金商业贷,重性价比，不盲信大牌，但要求物业管理有序、绿化修剪及时、人防技防规范。,本地常住人口，四季生活规律，度假频次为常规年假出行。
青_2008_01820,青岛,2008,本地改善,36,女,2.8,21.5,0.4,40.3,3,0,是,B,agent,0.71,0.55,0.76,0.46,0.5,0.84,0.52,0.71,0.64,自住-改善,两室两厅,89,2661,区财政局科员,成熟期核心家庭,青岛中环品质两居，车位及空间极其拥挤,当前房屋属于旧多层无电梯房，父母年纪渐高每天爬楼梯极为吃力。,要求有超大面宽南向双阳台（观景家政分离），主卧大飘窗能270度直面自然景观。,在市中心核心写字楼工作，首选半小时核心通勤圈内。,倡导轻户外，周末常带家人自驾野营或山系徒步，注重生活情调与手作咖啡。,名下持有一套旧两居，置换回款 65% + 个人理财储蓄补充 + 公积金商业贷,重性价比，不盲信大牌，但要求物业管理有序、绿化修剪及时、人防技防规范。,本地常住人口，四季生活规律，度假频次为常规年假出行。
青_2008_01821,青岛,2008,学区刚需,44,男,2.3,15.7,0.3,39.1,3,1,否,C,agent,0.64,0.6,0.31,0.26,0.3,0.84,0.58,0.94,0.56,学区房,两室两厅,70,3887,区财政局科员,三口之家(学龄段),与父母同住，三代人拥挤在旧区小户型老房中,小区无地下车库且人车不分流，小孩在楼下玩耍或者推婴儿车极为不安全。,讲究超高得房率（超85%），主卧套房必须配备独立步入式衣帽间与干湿分离双卫。,在市中心核心写字楼工作，首选半小时核心通勤圈内。,爱猫狗，喜欢烹饪和插花，主打经济舒适的生活小确幸。,名下持有一套旧两居，置换回款 65% + 个人理财储蓄补充 + 公积金商业贷,重性价比，不盲信大牌，但要求物业管理有序、绿化修剪及时、人防技防规范。,本地常住人口，四季生活规律，度假频次为常规年假出行。
青_2008_01822,青岛,2008,本地改善,52,男,1.9,16.1,0.4,30.2,4,0,是,B,agent,0.74,0.46,0.74,0.5,0.4,0.92,0.64,0.53,0.51,自住-改善,一室一厅,100,2530,市第二中学地理教师,成熟期核心家庭,青岛中环品质两居，车位及空间极其拥挤,当前房屋属于旧多层无电梯房，父母年纪渐高每天爬楼梯极为吃力。,要求有超大面宽南向双阳台（观景家政分离），主卧大飘窗能270度直面自然景观。,在市中心核心写字楼工作，首选半小时核心通勤圈内。,倡导轻户外，周末常带家人自驾野营或山系徒步，注重生活情调与手作咖啡。,名下持有一套旧两居，置换回款 65% + 个人理财储蓄补充 + 公积金商业贷,重性价比，不盲信大牌，但要求物业管理有序、绿化修剪及时、人防技防规范。,本地常住人口，四季生活规律，度假频次为常规年假出行。
青_2008_01823,青岛,2008,本地改善,53,男,1.1,10.4,0.4,19.6,4,1,否,B,agent,0.69,0.42,0.79,0.59,0.6,0.85,0.67,0.68,0.41,自住-改善,两室一厅,78,1678,邮政局局长秘书,三口之家(学龄段),青岛中环品质两居，车位及空间极其拥挤,小区无地下车库且人车不分流，小孩在楼下玩耍或者推婴儿车极为不安全。,要求有超大面宽南向双阳台（观景家政分离），主卧大飘窗能270度直面自然景观。,在市中心核心写字楼工作，首选半小时核心通勤圈内。,倡导轻户外，周末常带家人自驾野营或山系徒步，注重生活情调与手作咖啡。,名下持有一套旧两居，置换回款 65% + 个人理财储蓄补充 + 公积金商业贷,重性价比，不盲信大牌，但要求物业管理有序、绿化修剪及时、人防技防规范。,本地常住人口，四季生活规律，度假频次为常规年假出行。
青_2008_01824,青岛,2008,本地改善,39,男,2.2,19.9,0.4,37.2,4,1,否,B,agent,0.87,0.49,0.75,0.57,0.53,0.86,0.54,0.7,0.59,自住-改善,两室一厅,64,4786,邮政局局长秘书,三口之家(学龄段),青岛中环品质两居，车位及空间极其拥挤,小区无地下车库且人车不分流，小孩在楼下玩耍或者推婴儿车极为不安全。,要求有超大面宽南向双阳台（观景家政分离），主卧大飘窗能270度直面自然景观。,在市中心核心写字楼工作，首选半小时核心通勤圈内。,倡导轻户外，周末常带家人自驾野营或山系徒步，注重生活情调与手作咖啡。,名下持有一套旧两居，置换回款 65% + 个人理财储蓄补充 + 公积金商业贷,重性价比，不盲信大牌，但要求物业管理有序、绿化修剪及时、人防技防规范。,本地常住人口，四季生活规律，度假频次为常规年假出行。
青_2008_01825,青岛,2008,本地改善,36,男,1.0,7.3,0.4,13.6,4,1,否,B,agent,0.66,0.55,0.99,0.51,0.4,0.83,0.66,0.72,0.59,自住-改善,两室一厅,52,2261,区财政局科员,三口之家(幼龄段),青岛中环品质两居，车位及空间极其拥挤,小区无地下车库且人车不分流，小孩在楼下玩耍或者推婴儿车极为不安全。,要求有超大面宽南向双阳台（观景家政分离），主卧大飘窗能270度直面自然景观。,在市中心核心写字楼工作，首选半小时核心通勤圈内。,倡导轻户外，周末常带家人自驾野营或山系徒步，注重生活情调与手作咖啡。,名下持有一套旧两居，置换回款 65% + 个人理财储蓄补充 + 公积金商业贷,重性价比，不盲信大牌，但要求物业管理有序、绿化修剪及时、人防技防规范。,本地常住人口，四季生活规律，度假频次为常规年假出行。
青_2008_01826,青岛,2008,学区刚需,37,男,2.7,16.0,0.3,40.0,3,1,否,C,agent,1,0.51,0.36,0.45,0.41,0.66,0.66,0.97,0.61,学区房,一室一厅,89,2511,邮政局局长秘书,三口之家(幼龄段),与父母同住，三代人拥挤在旧区小户型老房中,小区无地下车库且人车不分流，小孩在楼下玩耍或者推婴儿车极为不安全。,核心要求地块属于第一梯队名校学区，且周边500米内解决幼小衔接教育配套。,在市中心核心写字楼工作，首选半小时核心通勤圈内。,爱猫狗，喜欢烹饪和插花，主打经济舒适的生活小确幸。,名下持有一套旧两居，置换回款 65% + 个人理财储蓄补充 + 公积金商业贷,重性价比，不盲信大牌，但要求物业管理有序、绿化修剪及时、人防技防规范。,本地常住人口，四季生活规律，度假频次为常规年假出行。
青_2008_01827,青岛,2008,北方度假投资,45,男,3.3,38.5,0.5,57.8,3,1,否,B,research,0.98,0.51,0.91,0.57,0.4,0.48,0,0.11,0.63,投资-长持,一室一厅,100,4343,高端海景资产收藏家,三口之家(学龄段),青岛中环品质两居，车位及空间极其拥挤,小区无地下车库且人车不分流，小孩在楼下玩耍或者推婴儿车极为不安全。,要求有超大面宽南向双阳台（观景家政分离），主卧大飘窗能270度直面自然景观。,在市中心核心写字楼工作，首选半小时核心通勤圈内。,倡导轻户外，周末常带家人自驾野营或山系徒步，注重生活情调与手作咖啡。,名下持有一套旧两居，置换回款 65% + 个人理财储蓄补充 + 公积金商业贷,重性价比，不盲信大牌，但要求物业管理有序、绿化修剪及时、人防技防规范。,每年11月至次年3月到此度过漫长冬季，极其依赖周边的康养及适老化服务。
青_2008_01828,青岛,2008,山东省内异地,50,女,2.2,16.2,0.45,26.9,2,1,是,C,network,0.5,0.4,0.88,0.54,0.38,0.71,0,0.59,0.54,自住-改善,两室两厅,82,1800,国企车间技术主任,三口之家(学龄段),与父母同住，三代人拥挤在旧区小户型老房中,小区无地下车库且人车不分流，小孩在楼下玩耍或者推婴儿车极为不安全。,要求有超大面宽南向双阳台（观景家政分离），主卧大飘窗能270度直面自然景观。,在市中心核心写字楼工作，首选半小时核心通勤圈内。,爱猫狗，喜欢烹饪和插花，主打经济舒适的生活小确幸。,名下持有一套旧两居，置换回款 65% + 个人理财储蓄补充 + 公积金商业贷,重性价比，不盲信大牌，但要求物业管理有序、绿化修剪及时、人防技防规范。,本地常住人口，四季生活规律，度假频次为常规年假出行。
青_2008_01829,青岛,2008,本地改善,51,男,3.0,23.6,0.4,44.2,3,1,是,B,agent,0.97,0.45,0.91,0.46,0.56,0.91,0.77,0.77,0.42,自住-改善,一室一厅,73,3469,市第二中学地理教师,三口之家(学龄段),青岛中环品质两居，车位及空间极其拥挤,小区无地下车库且人车不分流，小孩在楼下玩耍或者推婴儿车极为不安全。,要求有超大面宽南向双阳台（观景家政分离），主卧大飘窗能270度直面自然景观。,在市中心核心写字楼工作，首选半小时核心通勤圈内。,倡导轻户外，周末常带家人自驾野营或山系徒步，注重生活情调与手作咖啡。,名下持有一套旧两居，置换回款 65% + 个人理财储蓄补充 + 公积金商业贷,重性价比，不盲信大牌，但要求物业管理有序、绿化修剪及时、人防技防规范。,本地常住人口，四季生活规律，度假频次为常规年假出行。
青_2008_01830,青岛,2008,学区刚需,31,女,1.1,4.8,0.3,12.0,4,1,是,C,agent,0.86,0.46,0.47,0.29,0.33,0.59,0.49,0.94,0.27,学区房,一室一厅,67,941,国企车间技术主任,三口之家(幼龄段),与父母同住，三代人拥挤在旧区小户型老房中,小区无地下车库且人车不分流，小孩在楼下玩耍或者推婴儿车极为不安全。,核心要求地块属于第一梯队名校学区，且周边500米内解决幼小衔接教育配套。,在市中心核心写字楼工作，首选半小时核心通勤圈内。,爱猫狗，喜欢烹饪和插花，主打经济舒适的生活小确幸。,名下持有一套旧两居，置换回款 65% + 个人理财储蓄补充 + 公积金商业贷,重性价比，不盲信大牌，但要求物业管理有序、绿化修剪及时、人防技防规范。,本地常住人口，四季生活规律，度假频次为常规年假出行。
青_2008_01831,青岛,2008,学区刚需,41,男,2.2,15.3,0.3,38.2,3,1,是,C,agent,0.95,0.48,0.38,0.35,0.41,0.73,0.46,1,0.47,学区房,两室两厅,79,4029,区财政局科员,三口之家(学龄段),与父母同住，三代人拥挤在旧区小户型老房中,小区无地下车库且人车不分流，小孩在楼下玩耍或者推婴儿车极为不安全。,讲究超高得房率（超85%），主卧套房必须配备独立步入式衣帽间与干湿分离双卫。,在市中心核心写字楼工作，首选半小时核心通勤圈内。,爱猫狗，喜欢烹饪和插花，主打经济舒适的生活小确幸。,名下持有一套旧两居，置换回款 65% + 个人理财储蓄补充 + 公积金商业贷,重性价比，不盲信大牌，但要求物业管理有序、绿化修剪及时、人防技防规范。,本地常住人口，四季生活规律，度假频次为常规年假出行。
青_2008_01832,青岛,2008,山东省内异地,44,女,1.8,13.5,0.45,22.4,4,1,否,C,network,0.69,0.53,1,0.55,0.44,0.73,0,0.5,0.47,自住-首套,两室两厅,93,2120,邮政局局长秘书,三口之家(学龄段),与父母同住，三代人拥挤在旧区小户型老房中,小区无地下车库且人车不分流，小孩在楼下玩耍或者推婴儿车极为不安全。,要求有超大面宽南向双阳台（观景家政分离），主卧大飘窗能270度直面自然景观。,在市中心核心写字楼工作，首选半小时核心通勤圈内。,爱猫狗，喜欢烹饪和插花，主打经济舒适的生活小确幸。,夫妻双方积蓄 + 双方父母出资赞助首付 + 公积金商业组合贷款,重性价比，不盲信大牌，但要求物业管理有序、绿化修剪及时、人防技防规范。,本地常住人口，四季生活规律，度假频次为常规年假出行。
青_2008_01833,青岛,2008,学区刚需,39,男,1.8,13.2,0.3,33.1,3,1,是,C,agent,0.63,0.45,0.2,0.25,0.41,0.86,0.57,0.99,0.27,学区房,一室一厅,63,3604,国企车间技术主任,三口之家(学龄段),与父母同住，三代人拥挤在旧区小户型老房中,小区无地下车库且人车不分流，小孩在楼下玩耍或者推婴儿车极为不安全。,讲究超高得房率（超85%），主卧套房必须配备独立步入式衣帽间与干湿分离双卫。,在市中心核心写字楼工作，首选半小时核心通勤圈内。,爱猫狗，喜欢烹饪和插花，主打经济舒适的生活小确幸。,名下持有一套旧两居，置换回款 65% + 个人理财储蓄补充 + 公积金商业贷,重性价比，不盲信大牌，但要求物业管理有序、绿化修剪及时、人防技防规范。,本地常住人口，四季生活规律，度假频次为常规年假出行。
青_2008_01834,青岛,2008,本地改善,53,女,2.3,22.2,0.4,41.7,4,1,否,B,agent,0.87,0.53,0.76,0.55,0.51,0.98,0.54,0.7,0.52,自住-改善,两室两厅,50,4932,国企车间技术主任,三口之家(学龄段),青岛中环品质两居，车位及空间极其拥挤,小区无地下车库且人车不分流，小孩在楼下玩耍或者推婴儿车极为不安全。,要求有超大面宽南向双阳台（观景家政分离），主卧大飘窗能270度直面自然景观。,在市中心核心写字楼工作，首选半小时核心通勤圈内。,倡导轻户外，周末常带家人自驾野营或山系徒步，注重生活情调与手作咖啡。,名下持有一套旧两居，置换回款 65% + 个人理财储蓄补充 + 公积金商业贷,重性价比，不盲信大牌，但要求物业管理有序、绿化修剪及时、人防技防规范。,本地常住人口，四季生活规律，度假频次为常规年假出行。
青_2008_01835,青岛,2008,本地改善,45,女,1.5,10.3,0.4,19.3,5,1,是,B,agent,0.83,0.49,0.67,0.5,0.51,0.9,0.64,0.69,0.5,自住-改善,两室一厅,55,2321,市第二中学地理教师,三口之家(学龄段),青岛中环品质两居，车位及空间极其拥挤,小区无地下车库且人车不分流，小孩在楼下玩耍或者推婴儿车极为不安全。,讲究超高得房率（超85%），主卧套房必须配备独立步入式衣帽间与干湿分离双卫。,在市中心核心写字楼工作，首选半小时核心通勤圈内。,倡导轻户外，周末常带家人自驾野营或山系徒步，注重生活情调与手作咖啡。,名下持有一套旧两居，置换回款 65% + 个人理财储蓄补充 + 公积金商业贷,重性价比，不盲信大牌，但要求物业管理有序、绿化修剪及时、人防技防规范。,本地常住人口，四季生活规律，度假频次为常规年假出行。
青_2008_01836,青岛,2008,本地改善,40,女,2.0,17.6,0.4,33.0,5,1,否,B,agent,0.84,0.58,0.78,0.45,0.44,0.92,0.53,0.66,0.35,自住-改善,两室一厅,84,2482,区财政局科员,三口之家(学龄段),青岛中环品质两居，车位及空间极其拥挤,小区无地下车库且人车不分流，小孩在楼下玩耍或者推婴儿车极为不安全。,要求有超大面宽南向双阳台（观景家政分离），主卧大飘窗能270度直面自然景观。,在市中心核心写字楼工作，首选半小时核心通勤圈内。,倡导轻户外，周末常带家人自驾野营或山系徒步，注重生活情调与手作咖啡。,名下持有一套旧两居，置换回款 65% + 个人理财储蓄补充 + 公积金商业贷,重性价比，不盲信大牌，但要求物业管理有序、绿化修剪及时、人防技防规范。,本地常住人口，四季生活规律，度假频次为常规年假出行。
青_2008_01837,青岛,2008,本地改善,49,男,2.0,11.3,0.4,21.2,3,1,否,B,agent,0.9,0.55,0.77,0.51,0.46,0.84,0.66,0.85,0.58,自住-改善,两室一厅,70,2689,市第二中学地理教师,三口之家(学龄段),青岛中环品质两居，车位及空间极其拥挤,小区无地下车库且人车不分流，小孩在楼下玩耍或者推婴儿车极为不安全。,要求有超大面宽南向双阳台（观景家政分离），主卧大飘窗能270度直面自然景观。,在市中心核心写字楼工作，首选半小时核心通勤圈内。,倡导轻户外，周末常带家人自驾野营或山系徒步，注重生活情调与手作咖啡。,名下持有一套旧两居，置换回款 65% + 个人理财储蓄补充 + 公积金商业贷,重性价比，不盲信大牌，但要求物业管理有序、绿化修剪及时、人防技防规范。,本地常住人口，四季生活规律，度假频次为常规年假出行。
青_2008_01838,青岛,2008,学区刚需,42,女,1.8,9.8,0.3,24.5,4,1,否,C,agent,0.8,0.49,0.52,0.26,0.46,0.78,0.65,0.97,0.51,学区房,一室一厅,83,2521,邮政局局长秘书,三口之家(学龄段),与父母同住，三代人拥挤在旧区小户型老房中,小区无地下车库且人车不分流，小孩在楼下玩耍或者推婴儿车极为不安全。,讲究超高得房率（超85%），主卧套房必须配备独立步入式衣帽间与干湿分离双卫。,在市中心核心写字楼工作，首选半小时核心通勤圈内。,爱猫狗，喜欢烹饪和插花，主打经济舒适的生活小确幸。,名下持有一套旧两居，置换回款 65% + 个人理财储蓄补充 + 公积金商业贷,重性价比，不盲信大牌，但要求物业管理有序、绿化修剪及时、人防技防规范。,本地常住人口，四季生活规律，度假频次为常规年假出行。
青_2008_01839,青岛,2008,学区刚需,37,女,2.9,13.8,0.3,34.5,2,1,否,C,agent,0.83,0.59,0.39,0.24,0.39,0.68,0.66,0.91,0.28,学区房,两室两厅,60,4593,市第二中学地理教师,三口之家(幼龄段),与父母同住，三代人拥挤在旧区小户型老房中,小区无地下车库且人车不分流，小孩在楼下玩耍或者推婴儿车极为不安全。,核心要求地块属于第一梯队名校学区，且周边500米内解决幼小衔接教育配套。,在市中心核心写字楼工作，首选半小时核心通勤圈内。,爱猫狗，喜欢烹饪和插花，主打经济舒适的生活小确幸。,名下持有一套旧两居，置换回款 65% + 个人理财储蓄补充 + 公积金商业贷,重性价比，不盲信大牌，但要求物业管理有序、绿化修剪及时、人防技防规范。,本地常住人口，四季生活规律，度假频次为常规年假出行。
青_2008_01840,青岛,2008,北方度假投资,55,女,6.3,59.0,0.5,88.6,2,0,是,B,research,0.46,0.47,1,0.55,0.54,0.59,0.01,0,0.74,度假,两室一厅,51,13865,知名中医药连锁投资人,高知退休康养,青岛中环品质两居，车位及空间极其拥挤,当前房屋属于旧多层无电梯房，父母年纪渐高每天爬楼梯极为吃力。,要求有超大面宽南向双阳台（观景家政分离），主卧大飘窗能270度直面自然景观。,在市中心核心写字楼工作，首选半小时核心通勤圈内。,倡导轻户外，周末常带家人自驾野营或山系徒步，注重生活情调与手作咖啡。,名下持有一套旧两居，置换回款 65% + 个人理财储蓄补充 + 公积金商业贷,非仁恒、绿城、万科等金牌开发商不买，极度看重高端精装质量与顶级物业的增值口碑。,每年11月至次年3月到此度过漫长冬季，极其依赖周边的康养及适老化服务。
青_2008_01841,青岛,2008,本地改善,35,男,3.1,18.6,0.4,34.9,4,1,否,B,agent,1,0.47,0.73,0.49,0.58,0.81,0.8,0.78,0.45,自住-改善,两室一厅,73,2710,邮政局局长秘书,三口之家(幼龄段),青岛中环品质两居，车位及空间极其拥挤,小区无地下车库且人车不分流，小孩在楼下玩耍或者推婴儿车极为不安全。,要求有超大面宽南向双阳台（观景家政分离），主卧大飘窗能270度直面自然景观。,在市中心核心写字楼工作，首选半小时核心通勤圈内。,倡导轻户外，周末常带家人自驾野营或山系徒步，注重生活情调与手作咖啡。,名下持有一套旧两居，置换回款 65% + 个人理财储蓄补充 + 公积金商业贷,重性价比，不盲信大牌，但要求物业管理有序、绿化修剪及时、人防技防规范。,本地常住人口，四季生活规律，度假频次为常规年假出行。
青_2008_01842,青岛,2008,本地改善,48,女,2.8,22.6,0.4,42.4,4,1,否,B,agent,0.81,0.48,0.67,0.46,0.63,0.9,0.53,0.74,0.58,自住-改善,一室一厅,93,2282,区财政局科员,三口之家(学龄段),青岛中环品质两居，车位及空间极其拥挤,小区无地下车库且人车不分流，小孩在楼下玩耍或者推婴儿车极为不安全。,讲究超高得房率（超85%），主卧套房必须配备独立步入式衣帽间与干湿分离双卫。,在市中心核心写字楼工作，首选半小时核心通勤圈内。,倡导轻户外，周末常带家人自驾野营或山系徒步，注重生活情调与手作咖啡。,名下持有一套旧两居，置换回款 65% + 个人理财储蓄补充 + 公积金商业贷,重性价比，不盲信大牌，但要求物业管理有序、绿化修剪及时、人防技防规范。,本地常住人口，四季生活规律，度假频次为常规年假出行。
青_2008_01843,青岛,2008,本地改善,41,女,1.4,13.5,0.4,25.3,5,1,是,B,agent,0.72,0.47,0.89,0.5,0.43,1.0,0.69,0.67,0.46,自住-改善,两室一厅,99,1461,市第二中学地理教师,三口之家(学龄段),青岛中环品质两居，车位及空间极其拥挤,小区无地下车库且人车不分流，小孩在楼下玩耍或者推婴儿车极为不安全。,要求有超大面宽南向双阳台（观景家政分离），主卧大飘窗能270度直面自然景观。,在市中心核心写字楼工作，首选半小时核心通勤圈内。,倡导轻户外，周末常带家人自驾野营或山系徒步，注重生活情调与手作咖啡。,名下持有一套旧两居，置换回款 65% + 个人理财储蓄补充 + 公积金商业贷,重性价比，不盲信大牌，但要求物业管理有序、绿化修剪及时、人防技防规范。,本地常住人口，四季生活规律，度假频次为常规年假出行。
青_2008_01844,青岛,2008,学区刚需,43,男,1.4,8.2,0.3,20.4,3,1,否,C,agent,0.74,0.62,0.4,0.41,0.28,0.82,0.39,1,0.6,学区房,一室一厅,53,2303,邮政局局长秘书,三口之家(学龄段),与父母同住，三代人拥挤在旧区小户型老房中,小区无地下车库且人车不分流，小孩在楼下玩耍或者推婴儿车极为不安全。,讲究超高得房率（超85%），主卧套房必须配备独立步入式衣帽间与干湿分离双卫。,在市中心核心写字楼工作，首选半小时核心通勤圈内。,爱猫狗，喜欢烹饪和插花，主打经济舒适的生活小确幸。,名下持有一套旧两居，置换回款 65% + 个人理财储蓄补充 + 公积金商业贷,重性价比，不盲信大牌，但要求物业管理有序、绿化修剪及时、人防技防规范。,本地常住人口，四季生活规律，度假频次为常规年假出行。
青_2008_01845,青岛,2008,本地改善,38,女,4.5,37.7,0.4,70.7,5,1,否,B,agent,0.32,0.38,0.68,0.56,0.5,0.97,0.47,0.74,0.58,自住-改善,两室一厅,70,5573,国企车间技术主任,三口之家(学龄段),青岛中环品质两居，车位及空间极其拥挤,小区无地下车库且人车不分流，小孩在楼下玩耍或者推婴儿车极为不安全。,讲究超高得房率（超85%），主卧套房必须配备独立步入式衣帽间与干湿分离双卫。,在市中心核心写字楼工作，首选半小时核心通勤圈内。,倡导轻户外，周末常带家人自驾野营或山系徒步，注重生活情调与手作咖啡。,名下持有一套旧两居，置换回款 65% + 个人理财储蓄补充 + 公积金商业贷,重性价比，不盲信大牌，但要求物业管理有序、绿化修剪及时、人防技防规范。,本地常住人口，四季生活规律，度假频次为常规年假出行。
青_2008_01846,青岛,2008,本地改善,46,女,3.7,26.6,0.4,49.9,4,1,否,B,agent,0.65,0.31,0.76,0.44,0.65,0.78,0.6,0.69,0.53,自住-改善,一室一厅,61,5170,市第二中学地理教师,三口之家(学龄段),青岛中环品质两居，车位及空间极其拥挤,小区无地下车库且人车不分流，小孩在楼下玩耍或者推婴儿车极为不安全。,要求有超大面宽南向双阳台（观景家政分离），主卧大飘窗能270度直面自然景观。,在市中心核心写字楼工作，首选半小时核心通勤圈内。,倡导轻户外，周末常带家人自驾野营或山系徒步，注重生活情调与手作咖啡。,名下持有一套旧两居，置换回款 65% + 个人理财储蓄补充 + 公积金商业贷,重性价比，不盲信大牌，但要求物业管理有序、绿化修剪及时、人防技防规范。,本地常住人口，四季生活规律，度假频次为常规年假出行。
青_2008_01847,青岛,2008,本地改善,49,男,3.1,29.2,0.4,54.7,5,1,否,B,agent,0.87,0.5,0.76,0.54,0.38,0.93,0.56,0.76,0.59,自住-改善,两室两厅,52,8265,国企车间技术主任,三口之家(学龄段),青岛中环品质两居，车位及空间极其拥挤,小区无地下车库且人车不分流，小孩在楼下玩耍或者推婴儿车极为不安全。,要求有超大面宽南向双阳台（观景家政分离），主卧大飘窗能270度直面自然景观。,在市中心核心写字楼工作，首选半小时核心通勤圈内。,倡导轻户外，周末常带家人自驾野营或山系徒步，注重生活情调与手作咖啡。,名下持有一套旧两居，置换回款 65% + 个人理财储蓄补充 + 公积金商业贷,重性价比，不盲信大牌，但要求物业管理有序、绿化修剪及时、人防技防规范。,本地常住人口，四季生活规律，度假频次为常规年假出行。
青_2008_01848,青岛,2008,本地改善,48,男,1.4,12.1,0.4,22.7,4,1,是,B,agent,0.57,0.53,0.81,0.44,0.46,0.94,0.6,0.66,0.53,自住-改善,两室一厅,81,1673,区财政局科员,三口之家(学龄段),青岛中环品质两居，车位及空间极其拥挤,小区无地下车库且人车不分流，小孩在楼下玩耍或者推婴儿车极为不安全。,要求有超大面宽南向双阳台（观景家政分离），主卧大飘窗能270度直面自然景观。,在市中心核心写字楼工作，首选半小时核心通勤圈内。,倡导轻户外，周末常带家人自驾野营或山系徒步，注重生活情调与手作咖啡。,名下持有一套旧两居，置换回款 65% + 个人理财储蓄补充 + 公积金商业贷,重性价比，不盲信大牌，但要求物业管理有序、绿化修剪及时、人防技防规范。,本地常住人口，四季生活规律，度假频次为常规年假出行。
青_2008_01849,青岛,2008,学区刚需,35,女,1.4,10.4,0.3,26.1,3,2,否,C,agent,0.76,0.67,0.57,0.37,0.53,0.67,0.72,0.88,0.56,学区房,一室一厅,64,2902,区财政局科员,二胎黄金期中大户型,与父母同住，三代人拥挤在旧区小户型老房中,小区无地下车库且人车不分流，小孩在楼下玩耍或者推婴儿车极为不安全。,核心要求地块属于第一梯队名校学区，且周边500米内解决幼小衔接教育配套。,在市中心核心写字楼工作，首选半小时核心通勤圈内。,爱猫狗，喜欢烹饪和插花，主打经济舒适的生活小确幸。,名下持有一套旧两居，置换回款 65% + 个人理财储蓄补充 + 公积金商业贷,重性价比，不盲信大牌，但要求物业管理有序、绿化修剪及时、人防技防规范。,本地常住人口，四季生活规律，度假频次为常规年假出行。
青_2008_01850,青岛,2008,本地改善,54,女,1.8,14.6,0.4,27.5,4,0,是,B,agent,0.96,0.71,0.85,0.51,0.46,0.8,0.58,0.7,0.82,自住-改善,两室一厅,96,1533,区财政局科员,成熟期核心家庭,青岛中环品质两居，车位及空间极其拥挤,当前房屋属于旧多层无电梯房，父母年纪渐高每天爬楼梯极为吃力。,要求有超大面宽南向双阳台（观景家政分离），主卧大飘窗能270度直面自然景观。,在市中心核心写字楼工作，首选半小时核心通勤圈内。,倡导轻户外，周末常带家人自驾野营或山系徒步，注重生活情调与手作咖啡。,名下持有一套旧两居，置换回款 65% + 个人理财储蓄补充 + 公积金商业贷,非仁恒、绿城、万科等金牌开发商不买，极度看重高端精装质量与顶级物业的增值口碑。,本地常住人口，四季生活规律，度假频次为常规年假出行。
青_2008_01851,青岛,2008,本地改善,42,男,2.1,14.7,0.4,27.6,4,2,否,B,agent,0.38,0.51,0.85,0.48,0.53,0.87,0.63,0.75,0.55,自住-改善,一室一厅,73,2978,市第二中学地理教师,二胎黄金期中大户型,青岛中环品质两居，车位及空间极其拥挤,小区无地下车库且人车不分流，小孩在楼下玩耍或者推婴儿车极为不安全。,要求有超大面宽南向双阳台（观景家政分离），主卧大飘窗能270度直面自然景观。,在市中心核心写字楼工作，首选半小时核心通勤圈内。,倡导轻户外，周末常带家人自驾野营或山系徒步，注重生活情调与手作咖啡。,名下持有一套旧两居，置换回款 65% + 个人理财储蓄补充 + 公积金商业贷,重性价比，不盲信大牌，但要求物业管理有序、绿化修剪及时、人防技防规范。,本地常住人口，四季生活规律，度假频次为常规年假出行。
青_2008_01852,青岛,2008,本地改善,55,女,1.4,10.2,0.4,19.0,5,1,否,B,agent,0.24,0.51,0.65,0.3,0.58,0.83,0.63,0.69,0.59,自住-改善,两室两厅,84,1279,区财政局科员,三口之家(学龄段),青岛中环品质两居，车位及空间极其拥挤,小区无地下车库且人车不分流，小孩在楼下玩耍或者推婴儿车极为不安全。,讲究超高得房率（超85%），主卧套房必须配备独立步入式衣帽间与干湿分离双卫。,在市中心核心写字楼工作，首选半小时核心通勤圈内。,倡导轻户外，周末常带家人自驾野营或山系徒步，注重生活情调与手作咖啡。,名下持有一套旧两居，置换回款 65% + 个人理财储蓄补充 + 公积金商业贷,重性价比，不盲信大牌，但要求物业管理有序、绿化修剪及时、人防技防规范。,本地常住人口，四季生活规律，度假频次为常规年假出行。
青_2008_01853,青岛,2008,本地改善,55,女,2.1,21.5,0.4,40.4,3,2,否,B,agent,0.76,0.44,0.72,0.57,0.57,0.84,0.65,0.64,0.57,自住-改善,两室两厅,64,4328,邮政局局长秘书,二胎黄金期中大户型,青岛中环品质两居，车位及空间极其拥挤,小区无地下车库且人车不分流，小孩在楼下玩耍或者推婴儿车极为不安全。,要求有超大面宽南向双阳台（观景家政分离），主卧大飘窗能270度直面自然景观。,在市中心核心写字楼工作，首选半小时核心通勤圈内。,倡导轻户外，周末常带家人自驾野营或山系徒步，注重生活情调与手作咖啡。,名下持有一套旧两居，置换回款 65% + 个人理财储蓄补充 + 公积金商业贷,重性价比，不盲信大牌，但要求物业管理有序、绿化修剪及时、人防技防规范。,本地常住人口，四季生活规律，度假频次为常规年假出行。
青_2008_01854,青岛,2008,山东省内异地,46,女,3.8,36.3,0.45,60.6,3,2,否,C,network,0.58,0.63,0.89,0.57,0.57,0.58,0.07,0.41,0.6,自住-改善,两室一厅,89,4982,市第二中学地理教师,二胎黄金期中大户型,与父母同住，三代人拥挤在旧区小户型老房中,小区无地下车库且人车不分流，小孩在楼下玩耍或者推婴儿车极为不安全。,要求有超大面宽南向双阳台（观景家政分离），主卧大飘窗能270度直面自然景观。,在市中心核心写字楼工作，首选半小时核心通勤圈内。,爱猫狗，喜欢烹饪和插花，主打经济舒适的生活小确幸。,名下持有一套旧两居，置换回款 65% + 个人理财储蓄补充 + 公积金商业贷,重性价比，不盲信大牌，但要求物业管理有序、绿化修剪及时、人防技防规范。,本地常住人口，四季生活规律，度假频次为常规年假出行。
青_2008_01855,青岛,2008,本地改善,37,男,3.2,21.5,0.4,40.4,4,1,否,B,agent,0.73,0.44,0.9,0.41,0.47,0.87,0.56,0.58,0.51,自住-改善,两室一厅,71,4670,邮政局局长秘书,三口之家(幼龄段),青岛中环品质两居，车位及空间极其拥挤,小区无地下车库且人车不分流，小孩在楼下玩耍或者推婴儿车极为不安全。,要求有超大面宽南向双阳台（观景家政分离），主卧大飘窗能270度直面自然景观。,在市中心核心写字楼工作，首选半小时核心通勤圈内。,倡导轻户外，周末常带家人自驾野营或山系徒步，注重生活情调与手作咖啡。,名下持有一套旧两居，置换回款 65% + 个人理财储蓄补充 + 公积金商业贷,重性价比，不盲信大牌，但要求物业管理有序、绿化修剪及时、人防技防规范。,本地常住人口，四季生活规律，度假频次为常规年假出行。
青_2008_01856,青岛,2008,山东省内异地,49,男,2.1,20.2,0.45,33.7,3,1,是,C,network,0.64,0.56,0.73,0.51,0.44,0.65,0,0.35,0.5,自住-首套,两室两厅,80,3607,邮政局局长秘书,三口之家(学龄段),与父母同住，三代人拥挤在旧区小户型老房中,小区无地下车库且人车不分流，小孩在楼下玩耍或者推婴儿车极为不安全。,要求有超大面宽南向双阳台（观景家政分离），主卧大飘窗能270度直面自然景观。,在市中心核心写字楼工作，首选半小时核心通勤圈内。,爱猫狗，喜欢烹饪和插花，主打经济舒适的生活小确幸。,夫妻双方积蓄 + 双方父母出资赞助首付 + 公积金商业组合贷款,重性价比，不盲信大牌，但要求物业管理有序、绿化修剪及时、人防技防规范。,本地常住人口，四季生活规律，度假频次为常规年假出行。
青_2008_01857,青岛,2008,本地改善,39,男,2.9,22.2,0.4,41.6,4,1,否,B,agent,0.77,0.52,0.74,0.53,0.62,0.92,0.57,0.74,0.61,自住-改善,两室一厅,97,2688,邮政局局长秘书,三口之家(学龄段),青岛中环品质两居，车位及空间极其拥挤,小区无地下车库且人车不分流，小孩在楼下玩耍或者推婴儿车极为不安全。,要求有超大面宽南向双阳台（观景家政分离），主卧大飘窗能270度直面自然景观。,在市中心核心写字楼工作，首选半小时核心通勤圈内。,倡导轻户外，周末常带家人自驾野营或山系徒步，注重生活情调与手作咖啡。,名下持有一套旧两居，置换回款 65% + 个人理财储蓄补充 + 公积金商业贷,重性价比，不盲信大牌，但要求物业管理有序、绿化修剪及时、人防技防规范。,本地常住人口，四季生活规律，度假频次为常规年假出行。
青_2008_01858,青岛,2008,北方度假投资,56,女,2.8,20.2,0.5,30.3,2,1,否,B,research,0.78,0.58,0.93,0.82,0.56,0.44,0.09,0.0,0.71,投资-短期,两室两厅,67,3550,高端海景资产收藏家,三口之家(学龄段),青岛中环品质两居，车位及空间极其拥挤,小区无地下车库且人车不分流，小孩在楼下玩耍或者推婴儿车极为不安全。,要求独立电梯入户，主次卧动线分明，配备独立保姆房和私密后院。,在市中心核心写字楼工作，首选半小时核心通勤圈内。,倡导轻户外，周末常带家人自驾野营或山系徒步，注重生活情调与手作咖啡。,名下持有一套旧两居，置换回款 65% + 个人理财储蓄补充 + 公积金商业贷,非仁恒、绿城、万科等金牌开发商不买，极度看重高端精装质量与顶级物业的增值口碑。,每年11月至次年3月到此度过漫长冬季，极其依赖周边的康养及适老化服务。
青_2008_01859,青岛,2008,山东省内异地,58,女,1.8,17.7,0.45,29.4,2,0,是,C,network,0.65,0.61,0.88,0.64,0.54,0.65,0.12,0.41,0.66,自住-首套,两室两厅,80,2798,区财政局科员,高知退休康养,与父母同住，三代人拥挤在旧区小户型老房中,当前房屋属于旧多层无电梯房，父母年纪渐高每天爬楼梯极为吃力。,要求有超大面宽南向双阳台（观景家政分离），主卧大飘窗能270度直面自然景观。,在市中心核心写字楼工作，首选半小时核心通勤圈内。,爱猫狗，喜欢烹饪和插花，主打经济舒适的生活小确幸。,夫妻双方积蓄 + 双方父母出资赞助首付 + 公积金商业组合贷款,重性价比，不盲信大牌，但要求物业管理有序、绿化修剪及时、人防技防规范。,本地常住人口，四季生活规律，度假频次为常规年假出行。
青_2008_01860,青岛,2008,学区刚需,34,女,1.2,8.4,0.3,20.9,3,1,是,C,agent,1,0.51,0.37,0.43,0.47,0.69,0.65,0.93,0.36,学区房,两室一厅,88,1902,市第二中学地理教师,三口之家(幼龄段),与父母同住，三代人拥挤在旧区小户型老房中,小区无地下车库且人车不分流，小孩在楼下玩耍或者推婴儿车极为不安全。,核心要求地块属于第一梯队名校学区，且周边500米内解决幼小衔接教育配套。,在市中心核心写字楼工作，首选半小时核心通勤圈内。,爱猫狗，喜欢烹饪和插花，主打经济舒适的生活小确幸。,名下持有一套旧两居，置换回款 65% + 个人理财储蓄补充 + 公积金商业贷,重性价比，不盲信大牌，但要求物业管理有序、绿化修剪及时、人防技防规范。,本地常住人口，四季生活规律，度假频次为常规年假出行。
青_2008_01861,青岛,2008,本地改善,35,男,1.8,17.2,0.4,32.3,4,1,否,B,agent,0.84,0.44,0.87,0.47,0.52,0.9,0.48,0.63,0.54,自住-改善,两室两厅,94,1850,市第二中学地理教师,三口之家(幼龄段),青岛中环品质两居，车位及空间极其拥挤,小区无地下车库且人车不分流，小孩在楼下玩耍或者推婴儿车极为不安全。,要求有超大面宽南向双阳台（观景家政分离），主卧大飘窗能270度直面自然景观。,在市中心核心写字楼工作，首选半小时核心通勤圈内。,倡导轻户外，周末常带家人自驾野营或山系徒步，注重生活情调与手作咖啡。,名下持有一套旧两居，置换回款 65% + 个人理财储蓄补充 + 公积金商业贷,重性价比，不盲信大牌，但要求物业管理有序、绿化修剪及时、人防技防规范。,本地常住人口，四季生活规律，度假频次为常规年假出行。
青_2008_01862,青岛,2008,山东省内异地,53,男,2.1,20.2,0.45,33.7,4,1,否,C,network,0.85,0.64,0.86,0.52,0.53,0.7,0,0.25,0.48,自住-首套,两室两厅,50,4646,国企车间技术主任,三口之家(学龄段),与父母同住，三代人拥挤在旧区小户型老房中,小区无地下车库且人车不分流，小孩在楼下玩耍或者推婴儿车极为不安全。,要求有超大面宽南向双阳台（观景家政分离），主卧大飘窗能270度直面自然景观。,在市中心核心写字楼工作，首选半小时核心通勤圈内。,爱猫狗，喜欢烹饪和插花，主打经济舒适的生活小确幸。,夫妻双方积蓄 + 双方父母出资赞助首付 + 公积金商业组合贷款,重性价比，不盲信大牌，但要求物业管理有序、绿化修剪及时、人防技防规范。,本地常住人口，四季生活规律，度假频次为常规年假出行。
青_2008_01863,青岛,2008,本地改善,37,女,1.9,11.3,0.4,21.1,4,1,否,B,agent,0.72,0.39,0.78,0.52,0.43,0.76,0.75,0.62,0.58,自住-改善,一室一厅,61,1774,市第二中学地理教师,三口之家(幼龄段),青岛中环品质两居，车位及空间极其拥挤,小区无地下车库且人车不分流，小孩在楼下玩耍或者推婴儿车极为不安全。,要求有超大面宽南向双阳台（观景家政分离），主卧大飘窗能270度直面自然景观。,在市中心核心写字楼工作，首选半小时核心通勤圈内。,倡导轻户外，周末常带家人自驾野营或山系徒步，注重生活情调与手作咖啡。,名下持有一套旧两居，置换回款 65% + 个人理财储蓄补充 + 公积金商业贷,重性价比，不盲信大牌，但要求物业管理有序、绿化修剪及时、人防技防规范。,本地常住人口，四季生活规律，度假频次为常规年假出行。
青_2008_01864,青岛,2008,学区刚需,33,男,2.7,18.6,0.3,46.6,2,0,否,C,agent,0.9,0.63,0.46,0.32,0.37,0.61,0.56,0.97,0.44,学区房,两室一厅,57,6660,市第二中学地理教师,新婚过渡两居,与父母同住，三代人拥挤在旧区小户型老房中,老小区隔音差，邻里滋扰严重，且车位严重匮乏，每晚加班回来抢车位像打仗。,核心要求地块属于第一梯队名校学区，且周边500米内解决幼小衔接教育配套。,在市中心核心写字楼工作，首选半小时核心通勤圈内。,爱猫狗，喜欢烹饪和插花，主打经济舒适的生活小确幸。,名下持有一套旧两居，置换回款 65% + 个人理财储蓄补充 + 公积金商业贷,重性价比，不盲信大牌，但要求物业管理有序、绿化修剪及时、人防技防规范。,本地常住人口，四季生活规律，度假频次为常规年假出行。
青_2008_01865,青岛,2008,本地改善,47,女,2.5,23.7,0.4,44.5,4,2,否,B,agent,0.7,0.31,0.7,0.53,0.54,0.86,0.53,0.73,0.5,自住-改善,一室一厅,57,4670,国企车间技术主任,二胎黄金期中大户型,青岛中环品质两居，车位及空间极其拥挤,小区无地下车库且人车不分流，小孩在楼下玩耍或者推婴儿车极为不安全。,讲究超高得房率（超85%），主卧套房必须配备独立步入式衣帽间与干湿分离双卫。,在市中心核心写字楼工作，首选半小时核心通勤圈内。,倡导轻户外，周末常带家人自驾野营或山系徒步，注重生活情调与手作咖啡。,名下持有一套旧两居，置换回款 65% + 个人理财储蓄补充 + 公积金商业贷,重性价比，不盲信大牌，但要求物业管理有序、绿化修剪及时、人防技防规范。,本地常住人口，四季生活规律，度假频次为常规年假出行。
青_2008_01866,青岛,2008,本地改善,50,男,1.7,13.3,0.4,24.9,4,0,否,B,agent,0.61,0.44,0.77,0.44,0.49,0.89,0.53,0.74,0.41,自住-改善,两室两厅,61,2935,邮政局局长秘书,成熟期核心家庭,青岛中环品质两居，车位及空间极其拥挤,老小区隔音差，邻里滋扰严重，且车位严重匮乏，每晚加班回来抢车位像打仗。,要求有超大面宽南向双阳台（观景家政分离），主卧大飘窗能270度直面自然景观。,在市中心核心写字楼工作，首选半小时核心通勤圈内。,倡导轻户外，周末常带家人自驾野营或山系徒步，注重生活情调与手作咖啡。,名下持有一套旧两居，置换回款 65% + 个人理财储蓄补充 + 公积金商业贷,重性价比，不盲信大牌，但要求物业管理有序、绿化修剪及时、人防技防规范。,本地常住人口，四季生活规律，度假频次为常规年假出行。
青_2008_01867,青岛,2008,学区刚需,34,女,1.0,7.6,0.3,19.1,4,1,否,C,agent,0.61,0.56,0.39,0.32,0.34,0.8,0.71,0.99,0.47,学区房,一室一厅,56,1728,区财政局科员,三口之家(幼龄段),与父母同住，三代人拥挤在旧区小户型老房中,小区无地下车库且人车不分流，小孩在楼下玩耍或者推婴儿车极为不安全。,讲究超高得房率（超85%），主卧套房必须配备独立步入式衣帽间与干湿分离双卫。,在市中心核心写字楼工作，首选半小时核心通勤圈内。,爱猫狗，喜欢烹饪和插花，主打经济舒适的生活小确幸。,名下持有一套旧两居，置换回款 65% + 个人理财储蓄补充 + 公积金商业贷,重性价比，不盲信大牌，但要求物业管理有序、绿化修剪及时、人防技防规范。,本地常住人口，四季生活规律，度假频次为常规年假出行。
青_2008_01868,青岛,2008,山东省内异地,48,女,2.3,14.0,0.45,23.3,4,0,否,C,network,0.66,0.48,0.89,0.52,0.47,0.8,0.03,0.39,0.6,自住-改善,两室两厅,81,1498,国企车间技术主任,成熟期核心家庭,与父母同住，三代人拥挤在旧区小户型老房中,老小区隔音差，邻里滋扰严重，且车位严重匮乏，每晚加班回来抢车位像打仗。,要求有超大面宽南向双阳台（观景家政分离），主卧大飘窗能270度直面自然景观。,在市中心核心写字楼工作，首选半小时核心通勤圈内。,爱猫狗，喜欢烹饪和插花，主打经济舒适的生活小确幸。,名下持有一套旧两居，置换回款 65% + 个人理财储蓄补充 + 公积金商业贷,重性价比，不盲信大牌，但要求物业管理有序、绿化修剪及时、人防技防规范。,本地常住人口，四季生活规律，度假频次为常规年假出行。
青_2008_01869,青岛,2008,山东省内异地,54,女,2.7,21.6,0.45,36.0,3,2,否,C,network,0.78,0.51,0.75,0.47,0.44,0.82,0,0.32,0.41,自住-首套,两室一厅,55,5472,国企车间技术主任,二胎黄金期中大户型,与父母同住，三代人拥挤在旧区小户型老房中,小区无地下车库且人车不分流，小孩在楼下玩耍或者推婴儿车极为不安全。,要求有超大面宽南向双阳台（观景家政分离），主卧大飘窗能270度直面自然景观。,在市中心核心写字楼工作，首选半小时核心通勤圈内。,爱猫狗，喜欢烹饪和插花，主打经济舒适的生活小确幸。,夫妻双方积蓄 + 双方父母出资赞助首付 + 公积金商业组合贷款,重性价比，不盲信大牌，但要求物业管理有序、绿化修剪及时、人防技防规范。,本地常住人口，四季生活规律，度假频次为常规年假出行。
青_2008_01870,青岛,2008,本地改善,44,女,1.8,11.6,0.4,21.7,4,0,否,B,agent,0.69,0.47,0.66,0.55,0.57,0.84,0.46,0.59,0.71,自住-改善,两室一厅,91,1239,国企车间技术主任,成熟期核心家庭,青岛中环品质两居，车位及空间极其拥挤,老小区隔音差，邻里滋扰严重，且车位严重匮乏，每晚加班回来抢车位像打仗。,讲究超高得房率（超85%），主卧套房必须配备独立步入式衣帽间与干湿分离双卫。,在市中心核心写字楼工作，首选半小时核心通勤圈内。,倡导轻户外，周末常带家人自驾野营或山系徒步，注重生活情调与手作咖啡。,名下持有一套旧两居，置换回款 65% + 个人理财储蓄补充 + 公积金商业贷,非仁恒、绿城、万科等金牌开发商不买，极度看重高端精装质量与顶级物业的增值口碑。,本地常住人口，四季生活规律，度假频次为常规年假出行。
青_2008_01871,青岛,2008,本地改善,48,男,3.3,29.8,0.4,56.0,3,1,是,B,agent,0.86,0.41,0.84,0.62,0.61,0.87,0.63,0.8,0.51,自住-改善,一室一厅,89,4229,区财政局科员,三口之家(学龄段),青岛中环品质两居，车位及空间极其拥挤,小区无地下车库且人车不分流，小孩在楼下玩耍或者推婴儿车极为不安全。,要求有超大面宽南向双阳台（观景家政分离），主卧大飘窗能270度直面自然景观。,在市中心核心写字楼工作，首选半小时核心通勤圈内。,倡导轻户外，周末常带家人自驾野营或山系徒步，注重生活情调与手作咖啡。,名下持有一套旧两居，置换回款 65% + 个人理财储蓄补充 + 公积金商业贷,重性价比，不盲信大牌，但要求物业管理有序、绿化修剪及时、人防技防规范。,本地常住人口，四季生活规律，度假频次为常规年假出行。
青_2008_01872,青岛,2008,本地改善,49,女,1.2,11.0,0.4,20.6,5,2,否,B,agent,0.81,0.51,0.73,0.47,0.51,0.83,0.58,0.66,0.28,自住-改善,两室一厅,76,2068,区财政局科员,二胎黄金期中大户型,青岛中环品质两居，车位及空间极其拥挤,小区无地下车库且人车不分流，小孩在楼下玩耍或者推婴儿车极为不安全。,要求有超大面宽南向双阳台（观景家政分离），主卧大飘窗能270度直面自然景观。,在市中心核心写字楼工作，首选半小时核心通勤圈内。,倡导轻户外，周末常带家人自驾野营或山系徒步，注重生活情调与手作咖啡。,名下持有一套旧两居，置换回款 65% + 个人理财储蓄补充 + 公积金商业贷,重性价比，不盲信大牌，但要求物业管理有序、绿化修剪及时、人防技防规范。,本地常住人口，四季生活规律，度假频次为常规年假出行。
青_2008_01873,青岛,2008,学区刚需,31,女,1.6,8.3,0.3,20.8,3,2,否,C,agent,0.75,0.55,0.4,0.37,0.34,0.64,0.42,0.99,0.47,学区房,两室两厅,68,1538,市第二中学地理教师,二胎黄金期中大户型,与父母同住，三代人拥挤在旧区小户型老房中,小区无地下车库且人车不分流，小孩在楼下玩耍或者推婴儿车极为不安全。,核心要求地块属于第一梯队名校学区，且周边500米内解决幼小衔接教育配套。,在市中心核心写字楼工作，首选半小时核心通勤圈内。,爱猫狗，喜欢烹饪和插花，主打经济舒适的生活小确幸。,名下持有一套旧两居，置换回款 65% + 个人理财储蓄补充 + 公积金商业贷,重性价比，不盲信大牌，但要求物业管理有序、绿化修剪及时、人防技防规范。,本地常住人口，四季生活规律，度假频次为常规年假出行。
青_2008_01874,青岛,2008,学区刚需,38,男,1.8,10.0,0.3,25.0,4,1,否,C,agent,1,0.59,0.27,0.17,0.54,0.75,0.5,0.87,0.51,学区房,两室两厅,88,2377,市第二中学地理教师,三口之家(学龄段),与父母同住，三代人拥挤在旧区小户型老房中,小区无地下车库且人车不分流，小孩在楼下玩耍或者推婴儿车极为不安全。,讲究超高得房率（超85%），主卧套房必须配备独立步入式衣帽间与干湿分离双卫。,在市中心核心写字楼工作，首选半小时核心通勤圈内。,爱猫狗，喜欢烹饪和插花，主打经济舒适的生活小确幸。,名下持有一套旧两居，置换回款 65% + 个人理财储蓄补充 + 公积金商业贷,重性价比，不盲信大牌，但要求物业管理有序、绿化修剪及时、人防技防规范。,本地常住人口，四季生活规律，度假频次为常规年假出行。
青_2008_01875,青岛,2008,本地改善,53,女,3.6,20.6,0.4,38.7,4,1,是,B,agent,0.89,0.35,0.74,0.54,0.63,0.88,0.59,0.77,0.5,自住-改善,两室两厅,88,3171,邮政局局长秘书,三口之家(学龄段),青岛中环品质两居，车位及空间极其拥挤,小区无地下车库且人车不分流，小孩在楼下玩耍或者推婴儿车极为不安全。,要求有超大面宽南向双阳台（观景家政分离），主卧大飘窗能270度直面自然景观。,在市中心核心写字楼工作，首选半小时核心通勤圈内。,倡导轻户外，周末常带家人自驾野营或山系徒步，注重生活情调与手作咖啡。,名下持有一套旧两居，置换回款 65% + 个人理财储蓄补充 + 公积金商业贷,重性价比，不盲信大牌，但要求物业管理有序、绿化修剪及时、人防技防规范。,本地常住人口，四季生活规律，度假频次为常规年假出行。
青_2008_01876,青岛,2008,本地改善,53,男,3.1,26.5,0.4,49.7,4,1,否,B,agent,0.67,0.5,0.73,0.49,0.56,0.88,0.52,0.63,0.62,自住-改善,一室一厅,98,3678,邮政局局长秘书,三口之家(学龄段),青岛中环品质两居，车位及空间极其拥挤,小区无地下车库且人车不分流，小孩在楼下玩耍或者推婴儿车极为不安全。,要求有超大面宽南向双阳台（观景家政分离），主卧大飘窗能270度直面自然景观。,在市中心核心写字楼工作，首选半小时核心通勤圈内。,倡导轻户外，周末常带家人自驾野营或山系徒步，注重生活情调与手作咖啡。,名下持有一套旧两居，置换回款 65% + 个人理财储蓄补充 + 公积金商业贷,重性价比，不盲信大牌，但要求物业管理有序、绿化修剪及时、人防技防规范。,本地常住人口，四季生活规律，度假频次为常规年假出行。
青_2008_01877,青岛,2008,北方度假投资,61,女,3.3,34.0,0.5,51.0,2,1,否,B,research,0.93,0.3,1,0.63,0.51,0.61,0,0,0.74,度假,两室两厅,54,6141,知名中医药连锁投资人,三口之家(学龄段),青岛中环品质两居，车位及空间极其拥挤,小区无地下车库且人车不分流，小孩在楼下玩耍或者推婴儿车极为不安全。,要求有超大面宽南向双阳台（观景家政分离），主卧大飘窗能270度直面自然景观。,在市中心核心写字楼工作，首选半小时核心通勤圈内。,倡导轻户外，周末常带家人自驾野营或山系徒步，注重生活情调与手作咖啡。,名下持有一套旧两居，置换回款 65% + 个人理财储蓄补充 + 公积金商业贷,非仁恒、绿城、万科等金牌开发商不买，极度看重高端精装质量与顶级物业的增值口碑。,每年11月至次年3月到此度过漫长冬季，极其依赖周边的康养及适老化服务。
青_2008_01878,青岛,2008,山东省内异地,52,男,3.6,33.5,0.45,55.8,3,0,是,C,network,0.63,0.55,0.94,0.65,0.57,0.72,0,0.42,0.49,自住-首套,一室一厅,53,6010,市第二中学地理教师,成熟期核心家庭,与父母同住，三代人拥挤在旧区小户型老房中,当前房屋属于旧多层无电梯房，父母年纪渐高每天爬楼梯极为吃力。,要求有超大面宽南向双阳台（观景家政分离），主卧大飘窗能270度直面自然景观。,在市中心核心写字楼工作，首选半小时核心通勤圈内。,爱猫狗，喜欢烹饪和插花，主打经济舒适的生活小确幸。,夫妻双方积蓄 + 双方父母出资赞助首付 + 公积金商业组合贷款,重性价比，不盲信大牌，但要求物业管理有序、绿化修剪及时、人防技防规范。,本地常住人口，四季生活规律，度假频次为常规年假出行。
青_2008_01879,青岛,2008,学区刚需,44,男,1.8,11.8,0.3,29.4,2,1,否,C,agent,0.91,0.34,0.27,0.25,0.52,0.74,0.66,1,0.43,学区房,两室一厅,55,4319,区财政局科员,三口之家(学龄段),与父母同住，三代人拥挤在旧区小户型老房中,小区无地下车库且人车不分流，小孩在楼下玩耍或者推婴儿车极为不安全。,讲究超高得房率（超85%），主卧套房必须配备独立步入式衣帽间与干湿分离双卫。,在市中心核心写字楼工作，首选半小时核心通勤圈内。,爱猫狗，喜欢烹饪和插花，主打经济舒适的生活小确幸。,名下持有一套旧两居，置换回款 65% + 个人理财储蓄补充 + 公积金商业贷,重性价比，不盲信大牌，但要求物业管理有序、绿化修剪及时、人防技防规范。,本地常住人口，四季生活规律，度假频次为常规年假出行。
青_2008_01880,青岛,2008,本地改善,50,男,2.9,22.7,0.4,42.5,3,0,否,B,agent,0.7,0.7,0.71,0.39,0.53,0.9,0.65,0.52,0.65,自住-改善,一室一厅,68,5333,国企车间技术主任,成熟期核心家庭,青岛中环品质两居，车位及空间极其拥挤,老小区隔音差，邻里滋扰严重，且车位严重匮乏，每晚加班回来抢车位像打仗。,要求有超大面宽南向双阳台（观景家政分离），主卧大飘窗能270度直面自然景观。,在市中心核心写字楼工作，首选半小时核心通勤圈内。,倡导轻户外，周末常带家人自驾野营或山系徒步，注重生活情调与手作咖啡。,名下持有一套旧两居，置换回款 65% + 个人理财储蓄补充 + 公积金商业贷,重性价比，不盲信大牌，但要求物业管理有序、绿化修剪及时、人防技防规范。,本地常住人口，四季生活规律，度假频次为常规年假出行。
青_2008_01881,青岛,2008,山东省内异地,57,男,2.4,23.0,0.45,38.3,3,0,否,C,network,0.38,0.43,0.82,0.52,0.46,0.64,0,0.34,0.53,自住-首套,一室一厅,88,2809,市第二中学地理教师,高知退休康养,与父母同住，三代人拥挤在旧区小户型老房中,老小区隔音差，邻里滋扰严重，且车位严重匮乏，每晚加班回来抢车位像打仗。,要求有超大面宽南向双阳台（观景家政分离），主卧大飘窗能270度直面自然景观。,在市中心核心写字楼工作，首选半小时核心通勤圈内。,爱猫狗，喜欢烹饪和插花，主打经济舒适的生活小确幸。,夫妻双方积蓄 + 双方父母出资赞助首付 + 公积金商业组合贷款,重性价比，不盲信大牌，但要求物业管理有序、绿化修剪及时、人防技防规范。,本地常住人口，四季生活规律，度假频次为常规年假出行。
青_2008_01882,青岛,2008,山东省内异地,42,女,1.5,10.5,0.45,17.5,3,1,否,C,network,0.78,0.56,0.83,0.53,0.46,0.83,0,0.46,0.64,自住-首套,一室一厅,58,2420,区财政局科员,三口之家(学龄段),与父母同住，三代人拥挤在旧区小户型老房中,小区无地下车库且人车不分流，小孩在楼下玩耍或者推婴儿车极为不安全。,要求有超大面宽南向双阳台（观景家政分离），主卧大飘窗能270度直面自然景观。,在市中心核心写字楼工作，首选半小时核心通勤圈内。,爱猫狗，喜欢烹饪和插花，主打经济舒适的生活小确幸。,夫妻双方积蓄 + 双方父母出资赞助首付 + 公积金商业组合贷款,重性价比，不盲信大牌，但要求物业管理有序、绿化修剪及时、人防技防规范。,本地常住人口，四季生活规律，度假频次为常规年假出行。
青_2008_01883,青岛,2008,本地改善,38,男,1.7,16.8,0.4,31.6,3,1,否,B,agent,0.61,0.54,0.75,0.53,0.5,0.89,0.67,0.84,0.55,自住-改善,两室一厅,100,2471,市第二中学地理教师,三口之家(学龄段),青岛中环品质两居，车位及空间极其拥挤,小区无地下车库且人车不分流，小孩在楼下玩耍或者推婴儿车极为不安全。,要求有超大面宽南向双阳台（观景家政分离），主卧大飘窗能270度直面自然景观。,在市中心核心写字楼工作，首选半小时核心通勤圈内。,倡导轻户外，周末常带家人自驾野营或山系徒步，注重生活情调与手作咖啡。,名下持有一套旧两居，置换回款 65% + 个人理财储蓄补充 + 公积金商业贷,重性价比，不盲信大牌，但要求物业管理有序、绿化修剪及时、人防技防规范。,本地常住人口，四季生活规律，度假频次为常规年假出行。
青_2008_01884,青岛,2008,本地改善,50,女,2.5,21.6,0.4,40.4,5,1,是,B,agent,0.8,0.47,0.72,0.51,0.59,0.79,0.62,0.67,0.54,自住-改善,两室两厅,56,5182,邮政局局长秘书,三口之家(学龄段),青岛中环品质两居，车位及空间极其拥挤,小区无地下车库且人车不分流，小孩在楼下玩耍或者推婴儿车极为不安全。,要求有超大面宽南向双阳台（观景家政分离），主卧大飘窗能270度直面自然景观。,在市中心核心写字楼工作，首选半小时核心通勤圈内。,倡导轻户外，周末常带家人自驾野营或山系徒步，注重生活情调与手作咖啡。,名下持有一套旧两居，置换回款 65% + 个人理财储蓄补充 + 公积金商业贷,重性价比，不盲信大牌，但要求物业管理有序、绿化修剪及时、人防技防规范。,本地常住人口，四季生活规律，度假频次为常规年假出行。
青_2008_01885,青岛,2008,山东省内异地,57,女,2.8,27.0,0.45,45.0,4,1,否,C,network,0.83,0.6,0.9,0.54,0.54,0.73,0.09,0.32,0.62,自住-改善,一室一厅,100,2426,国企车间技术主任,三口之家(学龄段),与父母同住，三代人拥挤在旧区小户型老房中,小区无地下车库且人车不分流，小孩在楼下玩耍或者推婴儿车极为不安全。,要求有超大面宽南向双阳台（观景家政分离），主卧大飘窗能270度直面自然景观。,在市中心核心写字楼工作，首选半小时核心通勤圈内。,爱猫狗，喜欢烹饪和插花，主打经济舒适的生活小确幸。,名下持有一套旧两居，置换回款 65% + 个人理财储蓄补充 + 公积金商业贷,重性价比，不盲信大牌，但要求物业管理有序、绿化修剪及时、人防技防规范。,本地常住人口，四季生活规律，度假频次为常规年假出行。
青_2008_01886,青岛,2008,高端海景收藏,54,男,8.2,109.6,0.6,137.0,2,0,否,A,network,0.78,0.39,0.88,0.91,0.6,0.47,0.01,0.01,0.83,投资-短期,两室一厅,86,10716,高端海景资产收藏家,成熟期核心家庭,陆家嘴核心区江景大平层,无高端私密会所及管家式物业配套，圈层鱼龙混杂，高净值居住体验差。,要求独立电梯入户，主次卧动线分明，配备独立保姆房和私密后院。,在市中心核心写字楼工作，首选半小时核心通勤圈内。,周末常去高端商圈消费，热衷打网球和马术，重度手冲咖啡及黑胶唱片发烧友。,名下已有企业股权套现或分红现金，一次性全款付清，基本不加杠杆,非仁恒、绿城、万科等金牌开发商不买，极度看重高端精装质量与顶级物业的增值口碑。,本地常住人口，四季生活规律，度假频次为常规年假出行。
青_2008_01887,青岛,2008,本地改善,42,女,1.4,11.5,0.4,21.5,4,1,否,B,agent,0.77,0.45,0.85,0.44,0.63,0.86,0.55,0.69,0.6,自住-改善,两室两厅,69,2724,邮政局局长秘书,三口之家(学龄段),青岛中环品质两居，车位及空间极其拥挤,小区无地下车库且人车不分流，小孩在楼下玩耍或者推婴儿车极为不安全。,要求有超大面宽南向双阳台（观景家政分离），主卧大飘窗能270度直面自然景观。,在市中心核心写字楼工作，首选半小时核心通勤圈内。,倡导轻户外，周末常带家人自驾野营或山系徒步，注重生活情调与手作咖啡。,名下持有一套旧两居，置换回款 65% + 个人理财储蓄补充 + 公积金商业贷,重性价比，不盲信大牌，但要求物业管理有序、绿化修剪及时、人防技防规范。,本地常住人口，四季生活规律，度假频次为常规年假出行。
青_2008_01888,青岛,2008,山东省内异地,40,男,2.1,15.1,0.45,25.2,3,0,否,C,network,0.66,0.57,0.78,0.65,0.56,0.86,0.02,0.29,0.56,自住-改善,一室一厅,78,1673,邮政局局长秘书,成熟期核心家庭,与父母同住，三代人拥挤在旧区小户型老房中,老小区隔音差，邻里滋扰严重，且车位严重匮乏，每晚加班回来抢车位像打仗。,要求有超大面宽南向双阳台（观景家政分离），主卧大飘窗能270度直面自然景观。,在市中心核心写字楼工作，首选半小时核心通勤圈内。,爱猫狗，喜欢烹饪和插花，主打经济舒适的生活小确幸。,名下持有一套旧两居，置换回款 65% + 个人理财储蓄补充 + 公积金商业贷,重性价比，不盲信大牌，但要求物业管理有序、绿化修剪及时、人防技防规范。,本地常住人口，四季生活规律，度假频次为常规年假出行。
青_2008_01889,青岛,2008,本地改善,51,女,1.2,7.3,0.4,13.7,3,1,否,B,agent,1,0.44,0.72,0.58,0.38,0.87,0.68,0.76,0.55,自住-改善,两室两厅,90,882,市第二中学地理教师,三口之家(学龄段),青岛中环品质两居，车位及空间极其拥挤,小区无地下车库且人车不分流，小孩在楼下玩耍或者推婴儿车极为不安全。,要求有超大面宽南向双阳台（观景家政分离），主卧大飘窗能270度直面自然景观。,在市中心核心写字楼工作，首选半小时核心通勤圈内。,倡导轻户外，周末常带家人自驾野营或山系徒步，注重生活情调与手作咖啡。,名下持有一套旧两居，置换回款 65% + 个人理财储蓄补充 + 公积金商业贷,重性价比，不盲信大牌，但要求物业管理有序、绿化修剪及时、人防技防规范。,本地常住人口，四季生活规律，度假频次为常规年假出行。
青_2008_01890,青岛,2008,学区刚需,39,男,1.8,11.0,0.3,27.5,4,0,是,C,agent,0.87,0.57,0.36,0.26,0.36,0.95,0.54,1.0,0.44,学区房,两室一厅,61,2732,国企车间技术主任,成熟期核心家庭,与父母同住，三代人拥挤在旧区小户型老房中,当前房屋属于旧多层无电梯房，父母年纪渐高每天爬楼梯极为吃力。,讲究超高得房率（超85%），主卧套房必须配备独立步入式衣帽间与干湿分离双卫。,在市中心核心写字楼工作，首选半小时核心通勤圈内。,爱猫狗，喜欢烹饪和插花，主打经济舒适的生活小确幸。,名下持有一套旧两居，置换回款 65% + 个人理财储蓄补充 + 公积金商业贷,重性价比，不盲信大牌，但要求物业管理有序、绿化修剪及时、人防技防规范。,本地常住人口，四季生活规律，度假频次为常规年假出行。
青_2008_01891,青岛,2008,本地改善,36,男,3.0,20.6,0.4,38.6,4,1,否,B,agent,0.5,0.54,0.81,0.47,0.62,0.73,0.63,0.58,0.5,自住-改善,一室一厅,90,3313,区财政局科员,三口之家(幼龄段),青岛中环品质两居，车位及空间极其拥挤,小区无地下车库且人车不分流，小孩在楼下玩耍或者推婴儿车极为不安全。,要求有超大面宽南向双阳台（观景家政分离），主卧大飘窗能270度直面自然景观。,在市中心核心写字楼工作，首选半小时核心通勤圈内。,倡导轻户外，周末常带家人自驾野营或山系徒步，注重生活情调与手作咖啡。,名下持有一套旧两居，置换回款 65% + 个人理财储蓄补充 + 公积金商业贷,重性价比，不盲信大牌，但要求物业管理有序、绿化修剪及时、人防技防规范。,本地常住人口，四季生活规律，度假频次为常规年假出行。
青_2008_01892,青岛,2008,本地改善,39,男,2.2,14.3,0.4,26.9,4,1,否,B,agent,0.83,0.49,0.68,0.47,0.58,0.85,0.55,0.72,0.67,自住-改善,一室一厅,58,3021,国企车间技术主任,三口之家(学龄段),青岛中环品质两居，车位及空间极其拥挤,小区无地下车库且人车不分流，小孩在楼下玩耍或者推婴儿车极为不安全。,讲究超高得房率（超85%），主卧套房必须配备独立步入式衣帽间与干湿分离双卫。,在市中心核心写字楼工作，首选半小时核心通勤圈内。,倡导轻户外，周末常带家人自驾野营或山系徒步，注重生活情调与手作咖啡。,名下持有一套旧两居，置换回款 65% + 个人理财储蓄补充 + 公积金商业贷,重性价比，不盲信大牌，但要求物业管理有序、绿化修剪及时、人防技防规范。,本地常住人口，四季生活规律，度假频次为常规年假出行。
青_2008_01893,青岛,2008,本地改善,42,女,2.6,21.2,0.4,39.7,4,1,否,B,agent,0.92,0.58,0.76,0.48,0.52,0.87,0.61,0.82,0.5,自住-改善,两室一厅,56,5803,市第二中学地理教师,三口之家(学龄段),青岛中环品质两居，车位及空间极其拥挤,小区无地下车库且人车不分流，小孩在楼下玩耍或者推婴儿车极为不安全。,要求有超大面宽南向双阳台（观景家政分离），主卧大飘窗能270度直面自然景观。,在市中心核心写字楼工作，首选半小时核心通勤圈内。,倡导轻户外，周末常带家人自驾野营或山系徒步，注重生活情调与手作咖啡。,名下持有一套旧两居，置换回款 65% + 个人理财储蓄补充 + 公积金商业贷,重性价比，不盲信大牌，但要求物业管理有序、绿化修剪及时、人防技防规范。,本地常住人口，四季生活规律，度假频次为常规年假出行。
青_2008_01894,青岛,2008,本地改善,51,女,3.0,20.1,0.4,37.7,4,1,是,B,agent,0.83,0.53,0.94,0.58,0.52,0.77,0.56,0.72,0.56,自住-改善,两室两厅,75,3784,区财政局科员,三口之家(学龄段),青岛中环品质两居，车位及空间极其拥挤,小区无地下车库且人车不分流，小孩在楼下玩耍或者推婴儿车极为不安全。,要求有超大面宽南向双阳台（观景家政分离），主卧大飘窗能270度直面自然景观。,在市中心核心写字楼工作，首选半小时核心通勤圈内。,倡导轻户外，周末常带家人自驾野营或山系徒步，注重生活情调与手作咖啡。,名下持有一套旧两居，置换回款 65% + 个人理财储蓄补充 + 公积金商业贷,重性价比，不盲信大牌，但要求物业管理有序、绿化修剪及时、人防技防规范。,本地常住人口，四季生活规律，度假频次为常规年假出行。
青_2008_01895,青岛,2008,本地改善,40,女,0.9,6.3,0.4,11.8,5,0,是,B,agent,0.64,0.59,0.75,0.37,0.56,0.72,0.72,0.71,0.47,自住-改善,一室一厅,89,746,区财政局科员,成熟期核心家庭,青岛中环品质两居，车位及空间极其拥挤,当前房屋属于旧多层无电梯房，父母年纪渐高每天爬楼梯极为吃力。,要求有超大面宽南向双阳台（观景家政分离），主卧大飘窗能270度直面自然景观。,在市中心核心写字楼工作，首选半小时核心通勤圈内。,倡导轻户外，周末常带家人自驾野营或山系徒步，注重生活情调与手作咖啡。,名下持有一套旧两居，置换回款 65% + 个人理财储蓄补充 + 公积金商业贷,重性价比，不盲信大牌，但要求物业管理有序、绿化修剪及时、人防技防规范。,本地常住人口，四季生活规律，度假频次为常规年假出行。
青_2008_01896,青岛,2008,本地改善,47,女,2.1,19.8,0.4,37.1,3,1,否,B,agent,1,0.48,0.72,0.51,0.58,0.87,0.57,0.7,0.6,自住-改善,两室一厅,54,5565,国企车间技术主任,三口之家(学龄段),青岛中环品质两居，车位及空间极其拥挤,小区无地下车库且人车不分流，小孩在楼下玩耍或者推婴儿车极为不安全。,要求有超大面宽南向双阳台（观景家政分离），主卧大飘窗能270度直面自然景观。,在市中心核心写字楼工作，首选半小时核心通勤圈内。,倡导轻户外，周末常带家人自驾野营或山系徒步，注重生活情调与手作咖啡。,名下持有一套旧两居，置换回款 65% + 个人理财储蓄补充 + 公积金商业贷,重性价比，不盲信大牌，但要求物业管理有序、绿化修剪及时、人防技防规范。,本地常住人口，四季生活规律，度假频次为常规年假出行。
青_2008_01897,青岛,2008,本地改善,53,女,2.4,19.8,0.4,37.0,3,1,否,B,agent,0.94,0.53,0.75,0.42,0.45,0.82,0.61,0.64,0.34,自住-改善,两室两厅,59,4717,邮政局局长秘书,三口之家(学龄段),青岛中环品质两居，车位及空间极其拥挤,小区无地下车库且人车不分流，小孩在楼下玩耍或者推婴儿车极为不安全。,要求有超大面宽南向双阳台（观景家政分离），主卧大飘窗能270度直面自然景观。,在市中心核心写字楼工作，首选半小时核心通勤圈内。,倡导轻户外，周末常带家人自驾野营或山系徒步，注重生活情调与手作咖啡。,名下持有一套旧两居，置换回款 65% + 个人理财储蓄补充 + 公积金商业贷,重性价比，不盲信大牌，但要求物业管理有序、绿化修剪及时、人防技防规范。,本地常住人口，四季生活规律，度假频次为常规年假出行。
青_2008_01898,青岛,2008,本地改善,54,女,1.6,15.9,0.4,29.8,5,2,是,B,agent,1,0.45,0.74,0.49,0.52,0.82,0.47,0.79,0.47,自住-改善,一室一厅,74,2471,国企车间技术主任,二胎黄金期中大户型,青岛中环品质两居，车位及空间极其拥挤,小区无地下车库且人车不分流，小孩在楼下玩耍或者推婴儿车极为不安全。,要求有超大面宽南向双阳台（观景家政分离），主卧大飘窗能270度直面自然景观。,在市中心核心写字楼工作，首选半小时核心通勤圈内。,倡导轻户外，周末常带家人自驾野营或山系徒步，注重生活情调与手作咖啡。,名下持有一套旧两居，置换回款 65% + 个人理财储蓄补充 + 公积金商业贷,重性价比，不盲信大牌，但要求物业管理有序、绿化修剪及时、人防技防规范。,本地常住人口，四季生活规律，度假频次为常规年假出行。
青_2008_01899,青岛,2008,学区刚需,34,女,2.4,16.2,0.3,40.4,2,1,否,C,agent,1,0.47,0.37,0.26,0.52,0.94,0.43,0.91,0.39,学区房,两室一厅,87,4060,区财政局科员,三口之家(幼龄段),与父母同住，三代人拥挤在旧区小户型老房中,小区无地下车库且人车不分流，小孩在楼下玩耍或者推婴儿车极为不安全。,讲究超高得房率（超85%），主卧套房必须配备独立步入式衣帽间与干湿分离双卫。,在市中心核心写字楼工作，首选半小时核心通勤圈内。,爱猫狗，喜欢烹饪和插花，主打经济舒适的生活小确幸。,名下持有一套旧两居，置换回款 65% + 个人理财储蓄补充 + 公积金商业贷,重性价比，不盲信大牌，但要求物业管理有序、绿化修剪及时、人防技防规范。,本地常住人口，四季生活规律，度假频次为常规年假出行。
青_2008_01900,青岛,2008,本地改善,52,男,3.2,25.2,0.4,47.2,4,1,否,B,agent,0.65,0.43,0.89,0.39,0.57,0.69,0.65,0.65,0.51,自住-改善,一室一厅,60,3967,国企车间技术主任,三口之家(学龄段),青岛中环品质两居，车位及空间极其拥挤,小区无地下车库且人车不分流，小孩在楼下玩耍或者推婴儿车极为不安全。,要求有超大面宽南向双阳台（观景家政分离），主卧大飘窗能270度直面自然景观。,在市中心核心写字楼工作，首选半小时核心通勤圈内。,倡导轻户外，周末常带家人自驾野营或山系徒步，注重生活情调与手作咖啡。,名下持有一套旧两居，置换回款 65% + 个人理财储蓄补充 + 公积金商业贷,重性价比，不盲信大牌，但要求物业管理有序、绿化修剪及时、人防技防规范。,本地常住人口，四季生活规律，度假频次为常规年假出行。
青_2008_01901,青岛,2008,山东省内异地,48,男,2.4,21.8,0.45,36.3,4,1,是,C,network,0.66,0.46,0.99,0.55,0.4,0.53,0.01,0.33,0.57,自住-改善,两室一厅,62,3563,区财政局科员,三口之家(学龄段),与父母同住，三代人拥挤在旧区小户型老房中,小区无地下车库且人车不分流，小孩在楼下玩耍或者推婴儿车极为不安全。,要求有超大面宽南向双阳台（观景家政分离），主卧大飘窗能270度直面自然景观。,在市中心核心写字楼工作，首选半小时核心通勤圈内。,爱猫狗，喜欢烹饪和插花，主打经济舒适的生活小确幸。,名下持有一套旧两居，置换回款 65% + 个人理财储蓄补充 + 公积金商业贷,重性价比，不盲信大牌，但要求物业管理有序、绿化修剪及时、人防技防规范。,本地常住人口，四季生活规律，度假频次为常规年假出行。
青_2008_01902,青岛,2008,学区刚需,43,女,2.2,16.8,0.3,42.0,3,0,否,C,agent,0.76,0.56,0.38,0.22,0.32,0.78,0.65,1,0.45,学区房,两室一厅,70,5290,国企车间技术主任,成熟期核心家庭,与父母同住，三代人拥挤在旧区小户型老房中,老小区隔音差，邻里滋扰严重，且车位严重匮乏，每晚加班回来抢车位像打仗。,讲究超高得房率（超85%），主卧套房必须配备独立步入式衣帽间与干湿分离双卫。,在市中心核心写字楼工作，首选半小时核心通勤圈内。,爱猫狗，喜欢烹饪和插花，主打经济舒适的生活小确幸。,名下持有一套旧两居，置换回款 65% + 个人理财储蓄补充 + 公积金商业贷,重性价比，不盲信大牌，但要求物业管理有序、绿化修剪及时、人防技防规范。,本地常住人口，四季生活规律，度假频次为常规年假出行。
青_2008_01903,青岛,2008,本地改善,44,女,2.6,22.2,0.4,41.6,4,1,否,B,agent,0.63,0.65,0.68,0.48,0.59,0.91,0.56,0.61,0.54,自住-改善,一室一厅,87,3691,区财政局科员,三口之家(学龄段),青岛中环品质两居，车位及空间极其拥挤,小区无地下车库且人车不分流，小孩在楼下玩耍或者推婴儿车极为不安全。,讲究超高得房率（超85%），主卧套房必须配备独立步入式衣帽间与干湿分离双卫。,在市中心核心写字楼工作，首选半小时核心通勤圈内。,倡导轻户外，周末常带家人自驾野营或山系徒步，注重生活情调与手作咖啡。,名下持有一套旧两居，置换回款 65% + 个人理财储蓄补充 + 公积金商业贷,重性价比，不盲信大牌，但要求物业管理有序、绿化修剪及时、人防技防规范。,本地常住人口，四季生活规律，度假频次为常规年假出行。
青_2008_01904,青岛,2008,本地改善,37,男,3.3,21.9,0.4,41.0,4,1,否,B,agent,0.65,0.52,0.83,0.44,0.39,0.91,0.57,0.69,0.53,自住-改善,两室两厅,88,3619,区财政局科员,三口之家(幼龄段),青岛中环品质两居，车位及空间极其拥挤,小区无地下车库且人车不分流，小孩在楼下玩耍或者推婴儿车极为不安全。,要求有超大面宽南向双阳台（观景家政分离），主卧大飘窗能270度直面自然景观。,在市中心核心写字楼工作，首选半小时核心通勤圈内。,倡导轻户外，周末常带家人自驾野营或山系徒步，注重生活情调与手作咖啡。,名下持有一套旧两居，置换回款 65% + 个人理财储蓄补充 + 公积金商业贷,重性价比，不盲信大牌，但要求物业管理有序、绿化修剪及时、人防技防规范。,本地常住人口，四季生活规律，度假频次为常规年假出行。
青_2008_01905,青岛,2008,山东省内异地,43,女,3.4,30.5,0.45,50.8,3,1,是,C,network,0.63,0.61,0.69,0.69,0.53,0.76,0.16,0.36,0.51,自住-首套,一室一厅,63,4590,区财政局科员,三口之家(学龄段),与父母同住，三代人拥挤在旧区小户型老房中,小区无地下车库且人车不分流，小孩在楼下玩耍或者推婴儿车极为不安全。,讲究超高得房率（超85%），主卧套房必须配备独立步入式衣帽间与干湿分离双卫。,在市中心核心写字楼工作，首选半小时核心通勤圈内。,爱猫狗，喜欢烹饪和插花，主打经济舒适的生活小确幸。,夫妻双方积蓄 + 双方父母出资赞助首付 + 公积金商业组合贷款,重性价比，不盲信大牌，但要求物业管理有序、绿化修剪及时、人防技防规范。,本地常住人口，四季生活规律，度假频次为常规年假出行。
青_2008_01906,青岛,2008,本地改善,47,女,2.6,24.3,0.4,45.6,5,1,否,B,agent,0.58,0.52,0.73,0.52,0.52,0.86,0.6,0.74,0.53,自住-改善,两室两厅,98,3186,邮政局局长秘书,三口之家(学龄段),青岛中环品质两居，车位及空间极其拥挤,小区无地下车库且人车不分流，小孩在楼下玩耍或者推婴儿车极为不安全。,要求有超大面宽南向双阳台（观景家政分离），主卧大飘窗能270度直面自然景观。,在市中心核心写字楼工作，首选半小时核心通勤圈内。,倡导轻户外，周末常带家人自驾野营或山系徒步，注重生活情调与手作咖啡。,名下持有一套旧两居，置换回款 65% + 个人理财储蓄补充 + 公积金商业贷,重性价比，不盲信大牌，但要求物业管理有序、绿化修剪及时、人防技防规范。,本地常住人口，四季生活规律，度假频次为常规年假出行。
青_2008_01907,青岛,2008,本地改善,35,男,2.3,17.9,0.4,33.5,3,0,否,B,agent,0.68,0.51,0.87,0.41,0.47,0.99,0.61,0.71,0.58,自住-改善,一室一厅,57,4640,国企车间技术主任,新婚过渡两居,青岛中环品质两居，车位及空间极其拥挤,老小区隔音差，邻里滋扰严重，且车位严重匮乏，每晚加班回来抢车位像打仗。,要求有超大面宽南向双阳台（观景家政分离），主卧大飘窗能270度直面自然景观。,在市中心核心写字楼工作，首选半小时核心通勤圈内。,倡导轻户外，周末常带家人自驾野营或山系徒步，注重生活情调与手作咖啡。,名下持有一套旧两居，置换回款 65% + 个人理财储蓄补充 + 公积金商业贷,重性价比，不盲信大牌，但要求物业管理有序、绿化修剪及时、人防技防规范。,本地常住人口，四季生活规律，度假频次为常规年假出行。
青_2008_01908,青岛,2008,山东省内异地,55,女,2.0,17.8,0.45,29.7,3,1,是,C,network,0.57,0.59,0.85,0.66,0.47,0.77,0.06,0.44,0.51,自住-改善,一室一厅,94,1646,邮政局局长秘书,三口之家(学龄段),与父母同住，三代人拥挤在旧区小户型老房中,小区无地下车库且人车不分流，小孩在楼下玩耍或者推婴儿车极为不安全。,要求有超大面宽南向双阳台（观景家政分离），主卧大飘窗能270度直面自然景观。,在市中心核心写字楼工作，首选半小时核心通勤圈内。,爱猫狗，喜欢烹饪和插花，主打经济舒适的生活小确幸。,名下持有一套旧两居，置换回款 65% + 个人理财储蓄补充 + 公积金商业贷,重性价比，不盲信大牌，但要求物业管理有序、绿化修剪及时、人防技防规范。,本地常住人口，四季生活规律，度假频次为常规年假出行。
青_2008_01909,青岛,2008,本地改善,54,女,1.9,10.8,0.4,20.3,4,1,否,B,agent,0.49,0.54,0.72,0.5,0.46,0.8,0.58,0.68,0.64,自住-改善,两室一厅,91,1941,区财政局科员,三口之家(学龄段),青岛中环品质两居，车位及空间极其拥挤,小区无地下车库且人车不分流，小孩在楼下玩耍或者推婴儿车极为不安全。,要求有超大面宽南向双阳台（观景家政分离），主卧大飘窗能270度直面自然景观。,在市中心核心写字楼工作，首选半小时核心通勤圈内。,倡导轻户外，周末常带家人自驾野营或山系徒步，注重生活情调与手作咖啡。,名下持有一套旧两居，置换回款 65% + 个人理财储蓄补充 + 公积金商业贷,重性价比，不盲信大牌，但要求物业管理有序、绿化修剪及时、人防技防规范。,本地常住人口，四季生活规律，度假频次为常规年假出行。
青_2008_01910,青岛,2008,北方度假投资,51,女,5.9,55.3,0.5,83.0,1,0,否,B,research,0.75,0.58,1,0.67,0.38,0.42,0,0.1,0.69,投资-长持,两室一厅,72,6022,知名中医药连锁投资人,成熟期核心家庭,青岛中环品质两居，车位及空间极其拥挤,老小区隔音差，邻里滋扰严重，且车位严重匮乏，每晚加班回来抢车位像打仗。,要求有超大面宽南向双阳台（观景家政分离），主卧大飘窗能270度直面自然景观。,在市中心核心写字楼工作，首选半小时核心通勤圈内。,倡导轻户外，周末常带家人自驾野营或山系徒步，注重生活情调与手作咖啡。,名下持有一套旧两居，置换回款 65% + 个人理财储蓄补充 + 公积金商业贷,重性价比，不盲信大牌，但要求物业管理有序、绿化修剪及时、人防技防规范。,每年11月至次年3月到此度过漫长冬季，极其依赖周边的康养及适老化服务。
青_2008_01911,青岛,2008,本地改善,45,男,1.3,7.8,0.4,14.6,4,0,否,B,agent,0.78,0.29,0.69,0.47,0.46,0.86,0.57,0.61,0.5,自住-改善,两室一厅,80,1329,国企车间技术主任,成熟期核心家庭,青岛中环品质两居，车位及空间极其拥挤,老小区隔音差，邻里滋扰严重，且车位严重匮乏，每晚加班回来抢车位像打仗。,讲究超高得房率（超85%），主卧套房必须配备独立步入式衣帽间与干湿分离双卫。,在市中心核心写字楼工作，首选半小时核心通勤圈内。,倡导轻户外，周末常带家人自驾野营或山系徒步，注重生活情调与手作咖啡。,名下持有一套旧两居，置换回款 65% + 个人理财储蓄补充 + 公积金商业贷,重性价比，不盲信大牌，但要求物业管理有序、绿化修剪及时、人防技防规范。,本地常住人口，四季生活规律，度假频次为常规年假出行。
青_2008_01912,青岛,2008,本地改善,49,女,2.2,13.4,0.4,25.1,3,1,否,B,agent,0.89,0.45,0.77,0.47,0.56,0.82,0.63,0.76,0.54,自住-改善,两室一厅,96,1353,国企车间技术主任,三口之家(学龄段),青岛中环品质两居，车位及空间极其拥挤,小区无地下车库且人车不分流，小孩在楼下玩耍或者推婴儿车极为不安全。,要求有超大面宽南向双阳台（观景家政分离），主卧大飘窗能270度直面自然景观。,在市中心核心写字楼工作，首选半小时核心通勤圈内。,倡导轻户外，周末常带家人自驾野营或山系徒步，注重生活情调与手作咖啡。,名下持有一套旧两居，置换回款 65% + 个人理财储蓄补充 + 公积金商业贷,重性价比，不盲信大牌，但要求物业管理有序、绿化修剪及时、人防技防规范。,本地常住人口，四季生活规律，度假频次为常规年假出行。
青_2008_01913,青岛,2008,山东省内异地,50,男,1.2,11.2,0.45,18.7,3,1,否,C,network,0.7,0.63,0.71,0.5,0.45,0.75,0.01,0.44,0.39,自住-首套,两室一厅,61,2144,市第二中学地理教师,三口之家(学龄段),与父母同住，三代人拥挤在旧区小户型老房中,小区无地下车库且人车不分流，小孩在楼下玩耍或者推婴儿车极为不安全。,要求有超大面宽南向双阳台（观景家政分离），主卧大飘窗能270度直面自然景观。,在市中心核心写字楼工作，首选半小时核心通勤圈内。,爱猫狗，喜欢烹饪和插花，主打经济舒适的生活小确幸。,夫妻双方积蓄 + 双方父母出资赞助首付 + 公积金商业组合贷款,重性价比，不盲信大牌，但要求物业管理有序、绿化修剪及时、人防技防规范。,本地常住人口，四季生活规律，度假频次为常规年假出行。
青_2008_01914,青岛,2008,北方度假投资,57,男,3.1,29.4,0.5,44.1,3,1,否,B,research,0.78,0.55,1,0.71,0.47,0.39,0,0,0.78,投资-短期,两室一厅,56,5197,上市公司退休联合创始人,三口之家(学龄段),青岛中环品质两居，车位及空间极其拥挤,小区无地下车库且人车不分流，小孩在楼下玩耍或者推婴儿车极为不安全。,要求独立电梯入户，主次卧动线分明，配备独立保姆房和私密后院。,在市中心核心写字楼工作，首选半小时核心通勤圈内。,倡导轻户外，周末常带家人自驾野营或山系徒步，注重生活情调与手作咖啡。,名下持有一套旧两居，置换回款 65% + 个人理财储蓄补充 + 公积金商业贷,非仁恒、绿城、万科等金牌开发商不买，极度看重高端精装质量与顶级物业的增值口碑。,每年11月至次年3月到此度过漫长冬季，极其依赖周边的康养及适老化服务。
青_2008_01915,青岛,2008,山东省内异地,46,女,2.6,25.8,0.45,43.0,3,2,否,C,network,0.58,0.55,0.88,0.41,0.48,0.6,0.3,0.38,0.36,自住-首套,一室一厅,97,2354,邮政局局长秘书,二胎黄金期中大户型,与父母同住，三代人拥挤在旧区小户型老房中,小区无地下车库且人车不分流，小孩在楼下玩耍或者推婴儿车极为不安全。,要求有超大面宽南向双阳台（观景家政分离），主卧大飘窗能270度直面自然景观。,在市中心核心写字楼工作，首选半小时核心通勤圈内。,爱猫狗，喜欢烹饪和插花，主打经济舒适的生活小确幸。,夫妻双方积蓄 + 双方父母出资赞助首付 + 公积金商业组合贷款,重性价比，不盲信大牌，但要求物业管理有序、绿化修剪及时、人防技防规范。,本地常住人口，四季生活规律，度假频次为常规年假出行。
青_2008_01916,青岛,2008,本地改善,52,男,3.4,26.8,0.4,50.2,5,0,是,B,agent,0.93,0.48,0.71,0.48,0.58,0.89,0.62,0.66,0.6,自住-改善,两室两厅,75,5857,国企车间技术主任,成熟期核心家庭,青岛中环品质两居，车位及空间极其拥挤,当前房屋属于旧多层无电梯房，父母年纪渐高每天爬楼梯极为吃力。,要求有超大面宽南向双阳台（观景家政分离），主卧大飘窗能270度直面自然景观。,在市中心核心写字楼工作，首选半小时核心通勤圈内。,倡导轻户外，周末常带家人自驾野营或山系徒步，注重生活情调与手作咖啡。,名下持有一套旧两居，置换回款 65% + 个人理财储蓄补充 + 公积金商业贷,重性价比，不盲信大牌，但要求物业管理有序、绿化修剪及时、人防技防规范。,本地常住人口，四季生活规律，度假频次为常规年假出行。
青_2008_01917,青岛,2008,山东省内异地,44,男,3.0,28.1,0.45,46.9,3,2,否,C,network,0.74,0.44,0.73,0.47,0.46,0.71,0,0.38,0.55,自住-首套,两室两厅,90,3919,市第二中学地理教师,二胎黄金期中大户型,与父母同住，三代人拥挤在旧区小户型老房中,小区无地下车库且人车不分流，小孩在楼下玩耍或者推婴儿车极为不安全。,要求有超大面宽南向双阳台（观景家政分离），主卧大飘窗能270度直面自然景观。,在市中心核心写字楼工作，首选半小时核心通勤圈内。,爱猫狗，喜欢烹饪和插花，主打经济舒适的生活小确幸。,夫妻双方积蓄 + 双方父母出资赞助首付 + 公积金商业组合贷款,重性价比，不盲信大牌，但要求物业管理有序、绿化修剪及时、人防技防规范。,本地常住人口，四季生活规律，度假频次为常规年假出行。
青_2008_01918,青岛,2008,本地改善,49,男,3.4,30.5,0.4,57.2,4,0,否,B,agent,0.83,0.52,0.79,0.49,0.64,0.87,0.62,0.82,0.56,自住-改善,两室两厅,55,8546,国企车间技术主任,成熟期核心家庭,青岛中环品质两居，车位及空间极其拥挤,老小区隔音差，邻里滋扰严重，且车位严重匮乏，每晚加班回来抢车位像打仗。,要求有超大面宽南向双阳台（观景家政分离），主卧大飘窗能270度直面自然景观。,在市中心核心写字楼工作，首选半小时核心通勤圈内。,倡导轻户外，周末常带家人自驾野营或山系徒步，注重生活情调与手作咖啡。,名下持有一套旧两居，置换回款 65% + 个人理财储蓄补充 + 公积金商业贷,重性价比，不盲信大牌，但要求物业管理有序、绿化修剪及时、人防技防规范。,本地常住人口，四季生活规律，度假频次为常规年假出行。
青_2008_01919,青岛,2008,学区刚需,38,男,1.7,11.5,0.3,28.8,2,2,否,C,agent,0.77,0.67,0.5,0.18,0.44,0.76,0.43,0.97,0.47,学区房,两室两厅,50,5001,市第二中学地理教师,二胎黄金期中大户型,与父母同住，三代人拥挤在旧区小户型老房中,小区无地下车库且人车不分流，小孩在楼下玩耍或者推婴儿车极为不安全。,讲究超高得房率（超85%），主卧套房必须配备独立步入式衣帽间与干湿分离双卫。,在市中心核心写字楼工作，首选半小时核心通勤圈内。,爱猫狗，喜欢烹饪和插花，主打经济舒适的生活小确幸。,名下持有一套旧两居，置换回款 65% + 个人理财储蓄补充 + 公积金商业贷,重性价比，不盲信大牌，但要求物业管理有序、绿化修剪及时、人防技防规范。,本地常住人口，四季生活规律，度假频次为常规年假出行。
青_2008_01920,青岛,2008,本地改善,43,男,1.0,8.2,0.4,15.3,4,1,是,B,agent,0.62,0.59,0.69,0.53,0.39,0.84,0.53,0.65,0.52,自住-改善,一室一厅,76,1725,市第二中学地理教师,三口之家(学龄段),青岛中环品质两居，车位及空间极其拥挤,小区无地下车库且人车不分流，小孩在楼下玩耍或者推婴儿车极为不安全。,讲究超高得房率（超85%），主卧套房必须配备独立步入式衣帽间与干湿分离双卫。,在市中心核心写字楼工作，首选半小时核心通勤圈内。,倡导轻户外，周末常带家人自驾野营或山系徒步，注重生活情调与手作咖啡。,名下持有一套旧两居，置换回款 65% + 个人理财储蓄补充 + 公积金商业贷,重性价比，不盲信大牌，但要求物业管理有序、绿化修剪及时、人防技防规范。,本地常住人口，四季生活规律，度假频次为常规年假出行。
青_2008_01921,青岛,2008,北方度假投资,47,女,4.2,29.8,0.5,44.7,2,1,否,B,research,0.78,0.4,1,0.61,0.61,0.45,0.01,0,0.7,投资-短期,两室一厅,62,5163,高端海景资产收藏家,三口之家(学龄段),青岛中环品质两居，车位及空间极其拥挤,小区无地下车库且人车不分流，小孩在楼下玩耍或者推婴儿车极为不安全。,要求有超大面宽南向双阳台（观景家政分离），主卧大飘窗能270度直面自然景观。,在市中心核心写字楼工作，首选半小时核心通勤圈内。,倡导轻户外，周末常带家人自驾野营或山系徒步，注重生活情调与手作咖啡。,名下持有一套旧两居，置换回款 65% + 个人理财储蓄补充 + 公积金商业贷,非仁恒、绿城、万科等金牌开发商不买，极度看重高端精装质量与顶级物业的增值口碑。,每年11月至次年3月到此度过漫长冬季，极其依赖周边的康养及适老化服务。
青_2008_01922,青岛,2008,学区刚需,37,男,2.0,11.5,0.3,28.9,3,1,是,C,agent,0.85,0.53,0.3,0.3,0.4,0.8,0.56,1,0.53,学区房,两室两厅,70,3415,市第二中学地理教师,三口之家(幼龄段),与父母同住，三代人拥挤在旧区小户型老房中,小区无地下车库且人车不分流，小孩在楼下玩耍或者推婴儿车极为不安全。,讲究超高得房率（超85%），主卧套房必须配备独立步入式衣帽间与干湿分离双卫。,在市中心核心写字楼工作，首选半小时核心通勤圈内。,爱猫狗，喜欢烹饪和插花，主打经济舒适的生活小确幸。,名下持有一套旧两居，置换回款 65% + 个人理财储蓄补充 + 公积金商业贷,重性价比，不盲信大牌，但要求物业管理有序、绿化修剪及时、人防技防规范。,本地常住人口，四季生活规律，度假频次为常规年假出行。
青_2008_01923,青岛,2008,学区刚需,35,男,1.5,11.6,0.3,28.9,2,2,否,C,agent,1,0.49,0.5,0.24,0.31,0.87,0.64,0.98,0.43,学区房,两室两厅,89,1991,邮政局局长秘书,二胎黄金期中大户型,与父母同住，三代人拥挤在旧区小户型老房中,小区无地下车库且人车不分流，小孩在楼下玩耍或者推婴儿车极为不安全。,讲究超高得房率（超85%），主卧套房必须配备独立步入式衣帽间与干湿分离双卫。,在市中心核心写字楼工作，首选半小时核心通勤圈内。,爱猫狗，喜欢烹饪和插花，主打经济舒适的生活小确幸。,名下持有一套旧两居，置换回款 65% + 个人理财储蓄补充 + 公积金商业贷,重性价比，不盲信大牌，但要求物业管理有序、绿化修剪及时、人防技防规范。,本地常住人口，四季生活规律，度假频次为常规年假出行。
青_2008_01924,青岛,2008,本地改善,43,男,1.1,7.0,0.4,13.1,4,2,否,B,agent,0.69,0.45,0.82,0.42,0.47,0.99,0.53,0.67,0.57,自住-改善,一室一厅,50,1604,国企车间技术主任,二胎黄金期中大户型,青岛中环品质两居，车位及空间极其拥挤,小区无地下车库且人车不分流，小孩在楼下玩耍或者推婴儿车极为不安全。,要求有超大面宽南向双阳台（观景家政分离），主卧大飘窗能270度直面自然景观。,在市中心核心写字楼工作，首选半小时核心通勤圈内。,倡导轻户外，周末常带家人自驾野营或山系徒步，注重生活情调与手作咖啡。,名下持有一套旧两居，置换回款 65% + 个人理财储蓄补充 + 公积金商业贷,重性价比，不盲信大牌，但要求物业管理有序、绿化修剪及时、人防技防规范。,本地常住人口，四季生活规律，度假频次为常规年假出行。
青_2008_01925,青岛,2008,本地改善,51,男,2.2,22.1,0.4,41.5,4,2,是,B,agent,1,0.46,0.66,0.36,0.55,0.64,0.67,0.63,0.43,自住-改善,一室一厅,96,2331,市第二中学地理教师,二胎黄金期中大户型,青岛中环品质两居，车位及空间极其拥挤,小区无地下车库且人车不分流，小孩在楼下玩耍或者推婴儿车极为不安全。,要求采光通透，全明户型，带多功能嵌入式收纳墙以最大化空间利用。,在市中心核心写字楼工作，首选半小时核心通勤圈内。,倡导轻户外，周末常带家人自驾野营或山系徒步，注重生活情调与手作咖啡。,名下持有一套旧两居，置换回款 65% + 个人理财储蓄补充 + 公积金商业贷,重性价比，不盲信大牌，但要求物业管理有序、绿化修剪及时、人防技防规范。,本地常住人口，四季生活规律，度假频次为常规年假出行。
青_2008_01926,青岛,2008,山东省内异地,44,女,2.2,19.7,0.45,32.8,3,0,否,C,network,0.92,0.48,0.65,0.64,0.41,0.7,0,0.54,0.56,自住-首套,两室一厅,76,2373,区财政局科员,成熟期核心家庭,与父母同住，三代人拥挤在旧区小户型老房中,老小区隔音差，邻里滋扰严重，且车位严重匮乏，每晚加班回来抢车位像打仗。,讲究超高得房率（超85%），主卧套房必须配备独立步入式衣帽间与干湿分离双卫。,在市中心核心写字楼工作，首选半小时核心通勤圈内。,爱猫狗，喜欢烹饪和插花，主打经济舒适的生活小确幸。,夫妻双方积蓄 + 双方父母出资赞助首付 + 公积金商业组合贷款,重性价比，不盲信大牌，但要求物业管理有序、绿化修剪及时、人防技防规范。,本地常住人口，四季生活规律，度假频次为常规年假出行。
青_2008_01927,青岛,2008,高端海景收藏,45,女,7.2,90.5,0.6,113.1,2,1,否,A,network,0.79,0.49,0.89,0.8,0.65,0.58,0,0.06,0.84,投资-短期,两室一厅,81,12510,上市公司退休联合创始人,三口之家(学龄段),西湖边高精平层,无高端私密会所及管家式物业配套，圈层鱼龙混杂，高净值居住体验差。,要求独立电梯入户，主次卧动线分明，配备独立保姆房和私密后院。,在市中心核心写字楼工作，首选半小时核心通勤圈内。,周末常去高端商圈消费，热衷打网球和马术，重度手冲咖啡及黑胶唱片发烧友。,名下已有企业股权套现或分红现金，一次性全款付清，基本不加杠杆,非仁恒、绿城、万科等金牌开发商不买，极度看重高端精装质量与顶级物业的增值口碑。,本地常住人口，四季生活规律，度假频次为常规年假出行。
青_2008_01928,青岛,2008,本地改善,50,女,0.9,6.5,0.4,12.3,3,1,否,B,agent,0.65,0.59,0.67,0.5,0.48,1,0.57,0.66,0.45,自住-改善,两室两厅,80,1183,邮政局局长秘书,三口之家(学龄段),青岛中环品质两居，车位及空间极其拥挤,小区无地下车库且人车不分流，小孩在楼下玩耍或者推婴儿车极为不安全。,讲究超高得房率（超85%），主卧套房必须配备独立步入式衣帽间与干湿分离双卫。,在市中心核心写字楼工作，首选半小时核心通勤圈内。,倡导轻户外，周末常带家人自驾野营或山系徒步，注重生活情调与手作咖啡。,名下持有一套旧两居，置换回款 65% + 个人理财储蓄补充 + 公积金商业贷,重性价比，不盲信大牌，但要求物业管理有序、绿化修剪及时、人防技防规范。,本地常住人口，四季生活规律，度假频次为常规年假出行。
青_2008_01929,青岛,2008,学区刚需,44,男,1.9,13.2,0.3,33.1,3,1,是,C,agent,0.89,0.4,0.5,0.32,0.54,0.74,0.68,0.93,0.35,学区房,两室两厅,90,3310,邮政局局长秘书,三口之家(学龄段),与父母同住，三代人拥挤在旧区小户型老房中,小区无地下车库且人车不分流，小孩在楼下玩耍或者推婴儿车极为不安全。,讲究超高得房率（超85%），主卧套房必须配备独立步入式衣帽间与干湿分离双卫。,在市中心核心写字楼工作，首选半小时核心通勤圈内。,爱猫狗，喜欢烹饪和插花，主打经济舒适的生活小确幸。,名下持有一套旧两居，置换回款 65% + 个人理财储蓄补充 + 公积金商业贷,重性价比，不盲信大牌，但要求物业管理有序、绿化修剪及时、人防技防规范。,本地常住人口，四季生活规律，度假频次为常规年假出行。
青_2008_01930,青岛,2008,北方度假投资,60,男,5.1,45.0,0.5,67.5,3,0,是,B,research,0.75,0.48,0.87,0.6,0.37,0.64,0.0,0.03,0.64,投资-长持,一室一厅,60,6068,上市公司退休联合创始人,高知退休康养,青岛中环品质两居，车位及空间极其拥挤,当前房屋属于旧多层无电梯房，父母年纪渐高每天爬楼梯极为吃力。,要求有超大面宽南向双阳台（观景家政分离），主卧大飘窗能270度直面自然景观。,在市中心核心写字楼工作，首选半小时核心通勤圈内。,倡导轻户外，周末常带家人自驾野营或山系徒步，注重生活情调与手作咖啡。,名下持有一套旧两居，置换回款 65% + 个人理财储蓄补充 + 公积金商业贷,重性价比，不盲信大牌，但要求物业管理有序、绿化修剪及时、人防技防规范。,每年11月至次年3月到此度过漫长冬季，极其依赖周边的康养及适老化服务。
青_2008_01931,青岛,2008,本地改善,47,男,2.1,16.3,0.4,30.6,3,0,否,B,agent,0.73,0.44,0.74,0.49,0.47,0.8,0.47,0.61,0.6,自住-改善,两室一厅,81,2863,国企车间技术主任,成熟期核心家庭,青岛中环品质两居，车位及空间极其拥挤,老小区隔音差，邻里滋扰严重，且车位严重匮乏，每晚加班回来抢车位像打仗。,要求有超大面宽南向双阳台（观景家政分离），主卧大飘窗能270度直面自然景观。,在市中心核心写字楼工作，首选半小时核心通勤圈内。,倡导轻户外，周末常带家人自驾野营或山系徒步，注重生活情调与手作咖啡。,名下持有一套旧两居，置换回款 65% + 个人理财储蓄补充 + 公积金商业贷,重性价比，不盲信大牌，但要求物业管理有序、绿化修剪及时、人防技防规范。,本地常住人口，四季生活规律，度假频次为常规年假出行。
青_2008_01932,青岛,2008,学区刚需,33,男,2.8,17.9,0.3,44.7,4,1,否,C,agent,0.69,0.61,0.3,0.34,0.37,0.85,0.61,0.97,0.46,学区房,两室一厅,74,5257,区财政局科员,三口之家(幼龄段),与父母同住，三代人拥挤在旧区小户型老房中,小区无地下车库且人车不分流，小孩在楼下玩耍或者推婴儿车极为不安全。,讲究超高得房率（超85%），主卧套房必须配备独立步入式衣帽间与干湿分离双卫。,在市中心核心写字楼工作，首选半小时核心通勤圈内。,爱猫狗，喜欢烹饪和插花，主打经济舒适的生活小确幸。,名下持有一套旧两居，置换回款 65% + 个人理财储蓄补充 + 公积金商业贷,重性价比，不盲信大牌，但要求物业管理有序、绿化修剪及时、人防技防规范。,本地常住人口，四季生活规律，度假频次为常规年假出行。
青_2008_01933,青岛,2008,本地改善,44,男,1.9,17.7,0.4,33.1,4,1,是,B,agent,0.66,0.61,0.87,0.61,0.42,0.87,0.7,0.71,0.55,自住-改善,两室两厅,79,3584,国企车间技术主任,三口之家(学龄段),青岛中环品质两居，车位及空间极其拥挤,小区无地下车库且人车不分流，小孩在楼下玩耍或者推婴儿车极为不安全。,要求有超大面宽南向双阳台（观景家政分离），主卧大飘窗能270度直面自然景观。,在市中心核心写字楼工作，首选半小时核心通勤圈内。,倡导轻户外，周末常带家人自驾野营或山系徒步，注重生活情调与手作咖啡。,名下持有一套旧两居，置换回款 65% + 个人理财储蓄补充 + 公积金商业贷,重性价比，不盲信大牌，但要求物业管理有序、绿化修剪及时、人防技防规范。,本地常住人口，四季生活规律，度假频次为常规年假出行。
青_2008_01934,青岛,2008,本地改善,39,女,1.7,10.5,0.4,19.6,5,0,是,B,agent,1,0.52,0.72,0.5,0.47,0.83,0.55,0.65,0.49,自住-改善,一室一厅,91,1519,区财政局科员,成熟期核心家庭,青岛中环品质两居，车位及空间极其拥挤,当前房屋属于旧多层无电梯房，父母年纪渐高每天爬楼梯极为吃力。,要求有超大面宽南向双阳台（观景家政分离），主卧大飘窗能270度直面自然景观。,在市中心核心写字楼工作，首选半小时核心通勤圈内。,倡导轻户外，周末常带家人自驾野营或山系徒步，注重生活情调与手作咖啡。,名下持有一套旧两居，置换回款 65% + 个人理财储蓄补充 + 公积金商业贷,重性价比，不盲信大牌，但要求物业管理有序、绿化修剪及时、人防技防规范。,本地常住人口，四季生活规律，度假频次为常规年假出行。
青_2008_01935,青岛,2008,本地改善,48,女,1.4,10.5,0.4,19.6,4,0,是,B,agent,0.66,0.58,0.69,0.64,0.51,0.8,0.56,0.78,0.48,自住-改善,一室一厅,90,1728,市第二中学地理教师,成熟期核心家庭,青岛中环品质两居，车位及空间极其拥挤,当前房屋属于旧多层无电梯房，父母年纪渐高每天爬楼梯极为吃力。,讲究超高得房率（超85%），主卧套房必须配备独立步入式衣帽间与干湿分离双卫。,在市中心核心写字楼工作，首选半小时核心通勤圈内。,倡导轻户外，周末常带家人自驾野营或山系徒步，注重生活情调与手作咖啡。,名下持有一套旧两居，置换回款 65% + 个人理财储蓄补充 + 公积金商业贷,重性价比，不盲信大牌，但要求物业管理有序、绿化修剪及时、人防技防规范。,本地常住人口，四季生活规律，度假频次为常规年假出行。
青_2008_01936,青岛,2008,山东省内异地,51,女,1.0,7.9,0.45,13.2,3,0,否,C,network,0.68,0.61,0.8,0.63,0.51,0.62,0,0.41,0.37,自住-首套,一室一厅,76,1056,区财政局科员,成熟期核心家庭,与父母同住，三代人拥挤在旧区小户型老房中,老小区隔音差，邻里滋扰严重，且车位严重匮乏，每晚加班回来抢车位像打仗。,要求有超大面宽南向双阳台（观景家政分离），主卧大飘窗能270度直面自然景观。,在市中心核心写字楼工作，首选半小时核心通勤圈内。,爱猫狗，喜欢烹饪和插花，主打经济舒适的生活小确幸。,夫妻双方积蓄 + 双方父母出资赞助首付 + 公积金商业组合贷款,重性价比，不盲信大牌，但要求物业管理有序、绿化修剪及时、人防技防规范。,本地常住人口，四季生活规律，度假频次为常规年假出行。
青_2008_01937,青岛,2008,山东省内异地,41,女,1.9,13.6,0.45,22.7,3,1,是,C,network,1,0.63,0.81,0.57,0.58,0.73,0.02,0.5,0.49,自住-改善,一室一厅,64,2246,邮政局局长秘书,三口之家(学龄段),与父母同住，三代人拥挤在旧区小户型老房中,小区无地下车库且人车不分流，小孩在楼下玩耍或者推婴儿车极为不安全。,要求有超大面宽南向双阳台（观景家政分离），主卧大飘窗能270度直面自然景观。,在市中心核心写字楼工作，首选半小时核心通勤圈内。,爱猫狗，喜欢烹饪和插花，主打经济舒适的生活小确幸。,名下持有一套旧两居，置换回款 65% + 个人理财储蓄补充 + 公积金商业贷,重性价比，不盲信大牌，但要求物业管理有序、绿化修剪及时、人防技防规范。,本地常住人口，四季生活规律，度假频次为常规年假出行。
青_2008_01938,青岛,2008,学区刚需,43,男,2.0,15.3,0.3,38.3,3,1,是,C,agent,0.76,0.73,0.38,0.31,0.44,0.69,0.6,0.85,0.46,学区房,一室一厅,62,4930,区财政局科员,三口之家(学龄段),与父母同住，三代人拥挤在旧区小户型老房中,小区无地下车库且人车不分流，小孩在楼下玩耍或者推婴儿车极为不安全。,核心要求地块属于第一梯队名校学区，且周边500米内解决幼小衔接教育配套。,在市中心核心写字楼工作，首选半小时核心通勤圈内。,爱猫狗，喜欢烹饪和插花，主打经济舒适的生活小确幸。,名下持有一套旧两居，置换回款 65% + 个人理财储蓄补充 + 公积金商业贷,重性价比，不盲信大牌，但要求物业管理有序、绿化修剪及时、人防技防规范。,本地常住人口，四季生活规律，度假频次为常规年假出行。
青_2008_01939,青岛,2008,本地改善,46,男,2.5,20.6,0.4,38.7,4,1,是,B,agent,0.76,0.66,0.68,0.39,0.51,0.91,0.63,0.81,0.62,自住-改善,两室两厅,57,4276,国企车间技术主任,三口之家(学龄段),青岛中环品质两居，车位及空间极其拥挤,小区无地下车库且人车不分流，小孩在楼下玩耍或者推婴儿车极为不安全。,讲究超高得房率（超85%），主卧套房必须配备独立步入式衣帽间与干湿分离双卫。,在市中心核心写字楼工作，首选半小时核心通勤圈内。,倡导轻户外，周末常带家人自驾野营或山系徒步，注重生活情调与手作咖啡。,名下持有一套旧两居，置换回款 65% + 个人理财储蓄补充 + 公积金商业贷,重性价比，不盲信大牌，但要求物业管理有序、绿化修剪及时、人防技防规范。,本地常住人口，四季生活规律，度假频次为常规年假出行。
青_2008_01940,青岛,2008,本地改善,50,女,1.5,14.7,0.4,27.5,4,1,否,B,agent,0.51,0.63,0.74,0.58,0.47,0.89,0.51,0.63,0.57,自住-改善,一室一厅,81,2501,邮政局局长秘书,三口之家(学龄段),青岛中环品质两居，车位及空间极其拥挤,小区无地下车库且人车不分流，小孩在楼下玩耍或者推婴儿车极为不安全。,要求有超大面宽南向双阳台（观景家政分离），主卧大飘窗能270度直面自然景观。,在市中心核心写字楼工作，首选半小时核心通勤圈内。,倡导轻户外，周末常带家人自驾野营或山系徒步，注重生活情调与手作咖啡。,名下持有一套旧两居，置换回款 65% + 个人理财储蓄补充 + 公积金商业贷,重性价比，不盲信大牌，但要求物业管理有序、绿化修剪及时、人防技防规范。,本地常住人口，四季生活规律，度假频次为常规年假出行。
青_2008_01941,青岛,2008,学区刚需,31,男,2.4,13.1,0.3,32.7,3,1,否,C,agent,0.79,0.44,0.53,0.31,0.51,0.73,0.5,0.86,0.4,学区房,两室两厅,89,2696,市第二中学地理教师,三口之家(幼龄段),与父母同住，三代人拥挤在旧区小户型老房中,小区无地下车库且人车不分流，小孩在楼下玩耍或者推婴儿车极为不安全。,讲究超高得房率（超85%），主卧套房必须配备独立步入式衣帽间与干湿分离双卫。,在市中心核心写字楼工作，首选半小时核心通勤圈内。,爱猫狗，喜欢烹饪和插花，主打经济舒适的生活小确幸。,名下持有一套旧两居，置换回款 65% + 个人理财储蓄补充 + 公积金商业贷,重性价比，不盲信大牌，但要求物业管理有序、绿化修剪及时、人防技防规范。,本地常住人口，四季生活规律，度假频次为常规年假出行。
青_2008_01942,青岛,2008,本地改善,38,男,2.3,17.2,0.4,32.3,5,2,否,B,agent,0.62,0.51,0.66,0.47,0.47,0.88,0.6,0.85,0.62,自住-改善,两室两厅,82,2486,区财政局科员,二胎黄金期中大户型,青岛中环品质两居，车位及空间极其拥挤,小区无地下车库且人车不分流，小孩在楼下玩耍或者推婴儿车极为不安全。,讲究超高得房率（超85%），主卧套房必须配备独立步入式衣帽间与干湿分离双卫。,在市中心核心写字楼工作，首选半小时核心通勤圈内。,倡导轻户外，周末常带家人自驾野营或山系徒步，注重生活情调与手作咖啡。,名下持有一套旧两居，置换回款 65% + 个人理财储蓄补充 + 公积金商业贷,重性价比，不盲信大牌，但要求物业管理有序、绿化修剪及时、人防技防规范。,本地常住人口，四季生活规律，度假频次为常规年假出行。
青_2008_01943,青岛,2008,本地改善,44,女,1.4,10.3,0.4,19.3,4,2,否,B,agent,0.7,0.61,0.64,0.45,0.31,1,0.61,0.68,0.72,自住-改善,一室一厅,92,1666,市第二中学地理教师,二胎黄金期中大户型,青岛中环品质两居，车位及空间极其拥挤,小区无地下车库且人车不分流，小孩在楼下玩耍或者推婴儿车极为不安全。,讲究超高得房率（超85%），主卧套房必须配备独立步入式衣帽间与干湿分离双卫。,在市中心核心写字楼工作，首选半小时核心通勤圈内。,倡导轻户外，周末常带家人自驾野营或山系徒步，注重生活情调与手作咖啡。,名下持有一套旧两居，置换回款 65% + 个人理财储蓄补充 + 公积金商业贷,非仁恒、绿城、万科等金牌开发商不买，极度看重高端精装质量与顶级物业的增值口碑。,本地常住人口，四季生活规律，度假频次为常规年假出行。
青_2008_01944,青岛,2008,学区刚需,40,男,1.5,7.3,0.3,18.3,4,2,否,C,agent,0.69,0.47,0.4,0.28,0.31,0.82,0.52,0.92,0.28,学区房,一室一厅,81,1251,国企车间技术主任,二胎黄金期中大户型,与父母同住，三代人拥挤在旧区小户型老房中,小区无地下车库且人车不分流，小孩在楼下玩耍或者推婴儿车极为不安全。,讲究超高得房率（超85%），主卧套房必须配备独立步入式衣帽间与干湿分离双卫。,在市中心核心写字楼工作，首选半小时核心通勤圈内。,爱猫狗，喜欢烹饪和插花，主打经济舒适的生活小确幸。,名下持有一套旧两居，置换回款 65% + 个人理财储蓄补充 + 公积金商业贷,重性价比，不盲信大牌，但要求物业管理有序、绿化修剪及时、人防技防规范。,本地常住人口，四季生活规律，度假频次为常规年假出行。
青_2008_01945,青岛,2008,本地改善,38,男,1.7,13.3,0.4,24.9,5,1,否,B,agent,0.66,0.47,0.77,0.58,0.44,0.8,0.54,0.68,0.51,自住-改善,一室一厅,71,2158,区财政局科员,三口之家(学龄段),青岛中环品质两居，车位及空间极其拥挤,小区无地下车库且人车不分流，小孩在楼下玩耍或者推婴儿车极为不安全。,要求有超大面宽南向双阳台（观景家政分离），主卧大飘窗能270度直面自然景观。,在市中心核心写字楼工作，首选半小时核心通勤圈内。,倡导轻户外，周末常带家人自驾野营或山系徒步，注重生活情调与手作咖啡。,名下持有一套旧两居，置换回款 65% + 个人理财储蓄补充 + 公积金商业贷,重性价比，不盲信大牌，但要求物业管理有序、绿化修剪及时、人防技防规范。,本地常住人口，四季生活规律，度假频次为常规年假出行。
青_2008_01946,青岛,2008,学区刚需,35,男,2.6,10.9,0.3,27.3,4,2,否,C,agent,0.93,0.6,0.34,0.31,0.48,0.77,0.5,0.98,0.42,学区房,两室两厅,89,2571,国企车间技术主任,二胎黄金期中大户型,与父母同住，三代人拥挤在旧区小户型老房中,小区无地下车库且人车不分流，小孩在楼下玩耍或者推婴儿车极为不安全。,讲究超高得房率（超85%），主卧套房必须配备独立步入式衣帽间与干湿分离双卫。,在市中心核心写字楼工作，首选半小时核心通勤圈内。,爱猫狗，喜欢烹饪和插花，主打经济舒适的生活小确幸。,名下持有一套旧两居，置换回款 65% + 个人理财储蓄补充 + 公积金商业贷,重性价比，不盲信大牌，但要求物业管理有序、绿化修剪及时、人防技防规范。,本地常住人口，四季生活规律，度假频次为常规年假出行。
青_2008_01947,青岛,2008,本地改善,38,女,1.2,11.6,0.4,21.8,5,0,否,B,agent,0.71,0.54,0.71,0.54,0.6,0.97,0.54,0.69,0.55,自住-改善,一室一厅,73,1900,邮政局局长秘书,成熟期核心家庭,青岛中环品质两居，车位及空间极其拥挤,老小区隔音差，邻里滋扰严重，且车位严重匮乏，每晚加班回来抢车位像打仗。,要求有超大面宽南向双阳台（观景家政分离），主卧大飘窗能270度直面自然景观。,在市中心核心写字楼工作，首选半小时核心通勤圈内。,倡导轻户外，周末常带家人自驾野营或山系徒步，注重生活情调与手作咖啡。,名下持有一套旧两居，置换回款 65% + 个人理财储蓄补充 + 公积金商业贷,重性价比，不盲信大牌，但要求物业管理有序、绿化修剪及时、人防技防规范。,本地常住人口，四季生活规律，度假频次为常规年假出行。
青_2008_01948,青岛,2008,本地改善,47,女,1.9,13.9,0.4,26.1,3,1,否,B,agent,0.32,0.56,0.8,0.41,0.43,0.72,0.58,0.59,0.62,自住-改善,两室一厅,56,2637,市第二中学地理教师,三口之家(学龄段),青岛中环品质两居，车位及空间极其拥挤,小区无地下车库且人车不分流，小孩在楼下玩耍或者推婴儿车极为不安全。,要求有超大面宽南向双阳台（观景家政分离），主卧大飘窗能270度直面自然景观。,在市中心核心写字楼工作，首选半小时核心通勤圈内。,倡导轻户外，周末常带家人自驾野营或山系徒步，注重生活情调与手作咖啡。,名下持有一套旧两居，置换回款 65% + 个人理财储蓄补充 + 公积金商业贷,重性价比，不盲信大牌，但要求物业管理有序、绿化修剪及时、人防技防规范。,本地常住人口，四季生活规律，度假频次为常规年假出行。
青_2008_01949,青岛,2008,山东省内异地,54,男,2.9,22.5,0.45,37.4,2,2,是,C,network,0.57,0.6,0.79,0.71,0.48,0.62,0,0.42,0.66,自住-改善,两室一厅,71,4420,区财政局科员,二胎黄金期中大户型,与父母同住，三代人拥挤在旧区小户型老房中,小区无地下车库且人车不分流，小孩在楼下玩耍或者推婴儿车极为不安全。,要求独立电梯入户，主次卧动线分明，配备独立保姆房和私密后院。,在市中心核心写字楼工作，首选半小时核心通勤圈内。,爱猫狗，喜欢烹饪和插花，主打经济舒适的生活小确幸。,名下持有一套旧两居，置换回款 65% + 个人理财储蓄补充 + 公积金商业贷,重性价比，不盲信大牌，但要求物业管理有序、绿化修剪及时、人防技防规范。,本地常住人口，四季生活规律，度假频次为常规年假出行。
青_2008_01950,青岛,2008,本地改善,47,女,2.1,21.1,0.4,39.5,4,2,否,B,agent,1,0.51,0.91,0.46,0.44,0.89,0.57,0.74,0.38,自住-改善,两室一厅,97,2322,邮政局局长秘书,二胎黄金期中大户型,青岛中环品质两居，车位及空间极其拥挤,小区无地下车库且人车不分流，小孩在楼下玩耍或者推婴儿车极为不安全。,要求有超大面宽南向双阳台（观景家政分离），主卧大飘窗能270度直面自然景观。,在市中心核心写字楼工作，首选半小时核心通勤圈内。,倡导轻户外，周末常带家人自驾野营或山系徒步，注重生活情调与手作咖啡。,名下持有一套旧两居，置换回款 65% + 个人理财储蓄补充 + 公积金商业贷,重性价比，不盲信大牌，但要求物业管理有序、绿化修剪及时、人防技防规范。,本地常住人口，四季生活规律，度假频次为常规年假出行。
青_2008_01951,青岛,2008,本地改善,43,男,2.5,25.2,0.4,47.3,4,1,是,B,agent,0.63,0.44,0.63,0.55,0.6,0.75,0.64,0.75,0.67,自住-改善,两室一厅,77,5322,邮政局局长秘书,三口之家(学龄段),青岛中环品质两居，车位及空间极其拥挤,小区无地下车库且人车不分流，小孩在楼下玩耍或者推婴儿车极为不安全。,讲究超高得房率（超85%），主卧套房必须配备独立步入式衣帽间与干湿分离双卫。,在市中心核心写字楼工作，首选半小时核心通勤圈内。,倡导轻户外，周末常带家人自驾野营或山系徒步，注重生活情调与手作咖啡。,名下持有一套旧两居，置换回款 65% + 个人理财储蓄补充 + 公积金商业贷,重性价比，不盲信大牌，但要求物业管理有序、绿化修剪及时、人防技防规范。,本地常住人口，四季生活规律，度假频次为常规年假出行。
青_2008_01952,青岛,2008,本地改善,40,女,2.7,21.1,0.4,39.6,4,2,否,B,agent,0.62,0.47,0.86,0.49,0.51,0.93,0.52,0.62,0.6,自住-改善,两室两厅,58,4577,市第二中学地理教师,二胎黄金期中大户型,青岛中环品质两居，车位及空间极其拥挤,小区无地下车库且人车不分流，小孩在楼下玩耍或者推婴儿车极为不安全。,要求有超大面宽南向双阳台（观景家政分离），主卧大飘窗能270度直面自然景观。,在市中心核心写字楼工作，首选半小时核心通勤圈内。,倡导轻户外，周末常带家人自驾野营或山系徒步，注重生活情调与手作咖啡。,名下持有一套旧两居，置换回款 65% + 个人理财储蓄补充 + 公积金商业贷,重性价比，不盲信大牌，但要求物业管理有序、绿化修剪及时、人防技防规范。,本地常住人口，四季生活规律，度假频次为常规年假出行。
青_2008_01953,青岛,2008,本地改善,53,男,1.9,13.8,0.4,25.8,4,1,否,B,agent,1.0,0.52,0.61,0.54,0.39,0.89,0.69,0.84,0.5,自住-改善,两室一厅,62,3252,邮政局局长秘书,三口之家(学龄段),青岛中环品质两居，车位及空间极其拥挤,小区无地下车库且人车不分流，小孩在楼下玩耍或者推婴儿车极为不安全。,讲究超高得房率（超85%），主卧套房必须配备独立步入式衣帽间与干湿分离双卫。,在市中心核心写字楼工作，首选半小时核心通勤圈内。,倡导轻户外，周末常带家人自驾野营或山系徒步，注重生活情调与手作咖啡。,名下持有一套旧两居，置换回款 65% + 个人理财储蓄补充 + 公积金商业贷,重性价比，不盲信大牌，但要求物业管理有序、绿化修剪及时、人防技防规范。,本地常住人口，四季生活规律，度假频次为常规年假出行。
青_2008_01954,青岛,2008,山东省内异地,48,男,3.9,27.1,0.45,45.2,3,2,是,C,network,0.73,0.55,0.82,0.57,0.49,0.62,0,0.49,0.49,自住-首套,两室一厅,75,4652,市第二中学地理教师,二胎黄金期中大户型,与父母同住，三代人拥挤在旧区小户型老房中,小区无地下车库且人车不分流，小孩在楼下玩耍或者推婴儿车极为不安全。,要求有超大面宽南向双阳台（观景家政分离），主卧大飘窗能270度直面自然景观。,在市中心核心写字楼工作，首选半小时核心通勤圈内。,爱猫狗，喜欢烹饪和插花，主打经济舒适的生活小确幸。,夫妻双方积蓄 + 双方父母出资赞助首付 + 公积金商业组合贷款,重性价比，不盲信大牌，但要求物业管理有序、绿化修剪及时、人防技防规范。,本地常住人口，四季生活规律，度假频次为常规年假出行。
青_2008_01955,青岛,2008,本地改善,42,女,2.7,15.8,0.4,29.6,5,0,否,B,agent,0.6,0.48,0.68,0.47,0.6,0.78,0.61,0.69,0.47,自住-改善,两室一厅,75,2677,邮政局局长秘书,成熟期核心家庭,青岛中环品质两居，车位及空间极其拥挤,老小区隔音差，邻里滋扰严重，且车位严重匮乏，每晚加班回来抢车位像打仗。,讲究超高得房率（超85%），主卧套房必须配备独立步入式衣帽间与干湿分离双卫。,在市中心核心写字楼工作，首选半小时核心通勤圈内。,倡导轻户外，周末常带家人自驾野营或山系徒步，注重生活情调与手作咖啡。,名下持有一套旧两居，置换回款 65% + 个人理财储蓄补充 + 公积金商业贷,重性价比，不盲信大牌，但要求物业管理有序、绿化修剪及时、人防技防规范。,本地常住人口，四季生活规律，度假频次为常规年假出行。
青_2008_01956,青岛,2008,本地改善,47,男,1.9,16.5,0.4,31.0,4,1,是,B,agent,0.29,0.42,0.86,0.49,0.55,0.79,0.7,0.6,0.6,自住-改善,一室一厅,54,3367,市第二中学地理教师,三口之家(学龄段),青岛中环品质两居，车位及空间极其拥挤,小区无地下车库且人车不分流，小孩在楼下玩耍或者推婴儿车极为不安全。,要求有超大面宽南向双阳台（观景家政分离），主卧大飘窗能270度直面自然景观。,在市中心核心写字楼工作，首选半小时核心通勤圈内。,倡导轻户外，周末常带家人自驾野营或山系徒步，注重生活情调与手作咖啡。,名下持有一套旧两居，置换回款 65% + 个人理财储蓄补充 + 公积金商业贷,重性价比，不盲信大牌，但要求物业管理有序、绿化修剪及时、人防技防规范。,本地常住人口，四季生活规律，度假频次为常规年假出行。
青_2008_01957,青岛,2008,本地改善,45,男,2.4,21.0,0.4,39.4,4,1,否,B,agent,0.62,0.5,0.76,0.53,0.47,0.71,0.58,0.72,0.47,自住-改善,两室一厅,73,3127,区财政局科员,三口之家(学龄段),青岛中环品质两居，车位及空间极其拥挤,小区无地下车库且人车不分流，小孩在楼下玩耍或者推婴儿车极为不安全。,要求有超大面宽南向双阳台（观景家政分离），主卧大飘窗能270度直面自然景观。,在市中心核心写字楼工作，首选半小时核心通勤圈内。,倡导轻户外，周末常带家人自驾野营或山系徒步，注重生活情调与手作咖啡。,名下持有一套旧两居，置换回款 65% + 个人理财储蓄补充 + 公积金商业贷,重性价比，不盲信大牌，但要求物业管理有序、绿化修剪及时、人防技防规范。,本地常住人口，四季生活规律，度假频次为常规年假出行。
青_2008_01958,青岛,2008,本地改善,42,女,2.1,12.2,0.4,22.9,3,0,否,B,agent,0.62,0.52,0.76,0.48,0.55,0.84,0.66,0.66,0.68,自住-改善,两室两厅,71,1946,区财政局科员,成熟期核心家庭,青岛中环品质两居，车位及空间极其拥挤,老小区隔音差，邻里滋扰严重，且车位严重匮乏，每晚加班回来抢车位像打仗。,要求有超大面宽南向双阳台（观景家政分离），主卧大飘窗能270度直面自然景观。,在市中心核心写字楼工作，首选半小时核心通勤圈内。,倡导轻户外，周末常带家人自驾野营或山系徒步，注重生活情调与手作咖啡。,名下持有一套旧两居，置换回款 65% + 个人理财储蓄补充 + 公积金商业贷,重性价比，不盲信大牌，但要求物业管理有序、绿化修剪及时、人防技防规范。,本地常住人口，四季生活规律，度假频次为常规年假出行。
青_2008_01959,青岛,2008,学区刚需,45,女,1.9,10.6,0.3,26.4,4,1,是,C,agent,0.94,0.61,0.38,0.27,0.32,0.63,0.51,1,0.44,学区房,两室一厅,97,1608,区财政局科员,三口之家(学龄段),与父母同住，三代人拥挤在旧区小户型老房中,小区无地下车库且人车不分流，小孩在楼下玩耍或者推婴儿车极为不安全。,核心要求地块属于第一梯队名校学区，且周边500米内解决幼小衔接教育配套。,在市中心核心写字楼工作，首选半小时核心通勤圈内。,爱猫狗，喜欢烹饪和插花，主打经济舒适的生活小确幸。,名下持有一套旧两居，置换回款 65% + 个人理财储蓄补充 + 公积金商业贷,重性价比，不盲信大牌，但要求物业管理有序、绿化修剪及时、人防技防规范。,本地常住人口，四季生活规律，度假频次为常规年假出行。
青_2008_01960,青岛,2008,本地改善,38,男,1.9,17.6,0.4,33.1,3,1,否,B,agent,0.77,0.52,0.62,0.58,0.51,0.76,0.63,0.56,0.43,自住-改善,两室一厅,59,2949,区财政局科员,三口之家(学龄段),青岛中环品质两居，车位及空间极其拥挤,小区无地下车库且人车不分流，小孩在楼下玩耍或者推婴儿车极为不安全。,讲究超高得房率（超85%），主卧套房必须配备独立步入式衣帽间与干湿分离双卫。,在市中心核心写字楼工作，首选半小时核心通勤圈内。,倡导轻户外，周末常带家人自驾野营或山系徒步，注重生活情调与手作咖啡。,名下持有一套旧两居，置换回款 65% + 个人理财储蓄补充 + 公积金商业贷,重性价比，不盲信大牌，但要求物业管理有序、绿化修剪及时、人防技防规范。,本地常住人口，四季生活规律，度假频次为常规年假出行。
青_2008_01961,青岛,2008,本地改善,45,男,1.3,10.0,0.4,18.8,4,2,否,B,agent,0.84,0.45,0.89,0.46,0.61,0.9,0.37,0.69,0.46,自住-改善,一室一厅,63,2466,市第二中学地理教师,二胎黄金期中大户型,青岛中环品质两居，车位及空间极其拥挤,小区无地下车库且人车不分流，小孩在楼下玩耍或者推婴儿车极为不安全。,要求有超大面宽南向双阳台（观景家政分离），主卧大飘窗能270度直面自然景观。,在市中心核心写字楼工作，首选半小时核心通勤圈内。,倡导轻户外，周末常带家人自驾野营或山系徒步，注重生活情调与手作咖啡。,名下持有一套旧两居，置换回款 65% + 个人理财储蓄补充 + 公积金商业贷,重性价比，不盲信大牌，但要求物业管理有序、绿化修剪及时、人防技防规范。,本地常住人口，四季生活规律，度假频次为常规年假出行。
青_2008_01962,青岛,2008,山东省内异地,57,男,2.7,23.7,0.45,39.4,3,1,是,C,network,0.8,0.49,0.86,0.72,0.41,0.83,0.0,0.38,0.56,自住-首套,两室一厅,56,5896,国企车间技术主任,三口之家(学龄段),与父母同住，三代人拥挤在旧区小户型老房中,小区无地下车库且人车不分流，小孩在楼下玩耍或者推婴儿车极为不安全。,要求独立电梯入户，主次卧动线分明，配备独立保姆房和私密后院。,在市中心核心写字楼工作，首选半小时核心通勤圈内。,爱猫狗，喜欢烹饪和插花，主打经济舒适的生活小确幸。,夫妻双方积蓄 + 双方父母出资赞助首付 + 公积金商业组合贷款,重性价比，不盲信大牌，但要求物业管理有序、绿化修剪及时、人防技防规范。,本地常住人口，四季生活规律，度假频次为常规年假出行。
青_2008_01963,青岛,2008,本地改善,52,女,2.6,21.9,0.4,41.1,5,0,是,B,agent,0.74,0.51,0.64,0.42,0.5,0.75,0.48,0.73,0.58,自住-改善,两室一厅,54,6724,市第二中学地理教师,成熟期核心家庭,青岛中环品质两居，车位及空间极其拥挤,当前房屋属于旧多层无电梯房，父母年纪渐高每天爬楼梯极为吃力。,讲究超高得房率（超85%），主卧套房必须配备独立步入式衣帽间与干湿分离双卫。,在市中心核心写字楼工作，首选半小时核心通勤圈内。,倡导轻户外，周末常带家人自驾野营或山系徒步，注重生活情调与手作咖啡。,名下持有一套旧两居，置换回款 65% + 个人理财储蓄补充 + 公积金商业贷,重性价比，不盲信大牌，但要求物业管理有序、绿化修剪及时、人防技防规范。,本地常住人口，四季生活规律，度假频次为常规年假出行。
青_2008_01964,青岛,2008,本地改善,54,男,2.2,15.2,0.4,28.5,4,1,否,B,agent,0.79,0.39,0.64,0.53,0.55,0.87,0.65,0.77,0.45,自住-改善,一室一厅,68,2829,市第二中学地理教师,三口之家(学龄段),青岛中环品质两居，车位及空间极其拥挤,小区无地下车库且人车不分流，小孩在楼下玩耍或者推婴儿车极为不安全。,讲究超高得房率（超85%），主卧套房必须配备独立步入式衣帽间与干湿分离双卫。,在市中心核心写字楼工作，首选半小时核心通勤圈内。,倡导轻户外，周末常带家人自驾野营或山系徒步，注重生活情调与手作咖啡。,名下持有一套旧两居，置换回款 65% + 个人理财储蓄补充 + 公积金商业贷,重性价比，不盲信大牌，但要求物业管理有序、绿化修剪及时、人防技防规范。,本地常住人口，四季生活规律，度假频次为常规年假出行。
青_2008_01965,青岛,2008,本地改善,53,男,2.6,20.7,0.4,38.8,4,1,否,B,agent,0.9,0.58,0.77,0.33,0.45,0.92,0.54,0.59,0.59,自住-改善,两室一厅,75,2679,市第二中学地理教师,三口之家(学龄段),青岛中环品质两居，车位及空间极其拥挤,小区无地下车库且人车不分流，小孩在楼下玩耍或者推婴儿车极为不安全。,要求有超大面宽南向双阳台（观景家政分离），主卧大飘窗能270度直面自然景观。,在市中心核心写字楼工作，首选半小时核心通勤圈内。,倡导轻户外，周末常带家人自驾野营或山系徒步，注重生活情调与手作咖啡。,名下持有一套旧两居，置换回款 65% + 个人理财储蓄补充 + 公积金商业贷,重性价比，不盲信大牌，但要求物业管理有序、绿化修剪及时、人防技防规范。,本地常住人口，四季生活规律，度假频次为常规年假出行。
青_2008_01966,青岛,2008,本地改善,54,女,1.6,13.2,0.4,24.8,3,1,否,B,agent,0.85,0.63,0.75,0.45,0.52,0.78,0.61,0.73,0.6,自住-改善,两室一厅,80,2729,区财政局科员,三口之家(学龄段),青岛中环品质两居，车位及空间极其拥挤,小区无地下车库且人车不分流，小孩在楼下玩耍或者推婴儿车极为不安全。,要求有超大面宽南向双阳台（观景家政分离），主卧大飘窗能270度直面自然景观。,在市中心核心写字楼工作，首选半小时核心通勤圈内。,倡导轻户外，周末常带家人自驾野营或山系徒步，注重生活情调与手作咖啡。,名下持有一套旧两居，置换回款 65% + 个人理财储蓄补充 + 公积金商业贷,重性价比，不盲信大牌，但要求物业管理有序、绿化修剪及时、人防技防规范。,本地常住人口，四季生活规律，度假频次为常规年假出行。
青_2008_01967,青岛,2008,本地改善,54,男,1.5,10.7,0.4,20.0,4,1,否,B,agent,0.76,0.48,0.9,0.52,0.57,0.89,0.58,0.62,0.5,自住-改善,一室一厅,82,1946,市第二中学地理教师,三口之家(学龄段),青岛中环品质两居，车位及空间极其拥挤,小区无地下车库且人车不分流，小孩在楼下玩耍或者推婴儿车极为不安全。,要求有超大面宽南向双阳台（观景家政分离），主卧大飘窗能270度直面自然景观。,在市中心核心写字楼工作，首选半小时核心通勤圈内。,倡导轻户外，周末常带家人自驾野营或山系徒步，注重生活情调与手作咖啡。,名下持有一套旧两居，置换回款 65% + 个人理财储蓄补充 + 公积金商业贷,重性价比，不盲信大牌，但要求物业管理有序、绿化修剪及时、人防技防规范。,本地常住人口，四季生活规律，度假频次为常规年假出行。
青_2008_01968,青岛,2008,山东省内异地,60,男,2.3,22.1,0.45,36.8,4,1,是,C,network,0.6,0.51,1,0.5,0.5,0.73,0.05,0.37,0.62,自住-首套,两室两厅,76,4200,国企车间技术主任,三口之家(学龄段),与父母同住，三代人拥挤在旧区小户型老房中,小区无地下车库且人车不分流，小孩在楼下玩耍或者推婴儿车极为不安全。,要求有超大面宽南向双阳台（观景家政分离），主卧大飘窗能270度直面自然景观。,在市中心核心写字楼工作，首选半小时核心通勤圈内。,爱猫狗，喜欢烹饪和插花，主打经济舒适的生活小确幸。,夫妻双方积蓄 + 双方父母出资赞助首付 + 公积金商业组合贷款,重性价比，不盲信大牌，但要求物业管理有序、绿化修剪及时、人防技防规范。,本地常住人口，四季生活规律，度假频次为常规年假出行。
青_2008_01969,青岛,2008,学区刚需,44,男,2.6,14.2,0.3,35.6,3,1,否,C,agent,1,0.55,0.33,0.27,0.43,0.64,0.61,0.98,0.54,学区房,一室一厅,80,3413,市第二中学地理教师,三口之家(学龄段),与父母同住，三代人拥挤在旧区小户型老房中,小区无地下车库且人车不分流，小孩在楼下玩耍或者推婴儿车极为不安全。,核心要求地块属于第一梯队名校学区，且周边500米内解决幼小衔接教育配套。,在市中心核心写字楼工作，首选半小时核心通勤圈内。,爱猫狗，喜欢烹饪和插花，主打经济舒适的生活小确幸。,名下持有一套旧两居，置换回款 65% + 个人理财储蓄补充 + 公积金商业贷,重性价比，不盲信大牌，但要求物业管理有序、绿化修剪及时、人防技防规范。,本地常住人口，四季生活规律，度假频次为常规年假出行。
青_2008_01970,青岛,2008,本地改善,49,男,2.9,23.7,0.4,44.4,5,1,是,B,agent,0.9,0.36,0.88,0.43,0.48,0.85,0.69,0.71,0.68,自住-改善,一室一厅,71,3251,邮政局局长秘书,三口之家(学龄段),青岛中环品质两居，车位及空间极其拥挤,小区无地下车库且人车不分流，小孩在楼下玩耍或者推婴儿车极为不安全。,要求有超大面宽南向双阳台（观景家政分离），主卧大飘窗能270度直面自然景观。,在市中心核心写字楼工作，首选半小时核心通勤圈内。,倡导轻户外，周末常带家人自驾野营或山系徒步，注重生活情调与手作咖啡。,名下持有一套旧两居，置换回款 65% + 个人理财储蓄补充 + 公积金商业贷,重性价比，不盲信大牌，但要求物业管理有序、绿化修剪及时、人防技防规范。,本地常住人口，四季生活规律，度假频次为常规年假出行。
青_2008_01971,青岛,2008,本地改善,40,男,2.3,13.2,0.4,24.7,4,2,否,B,agent,0.8,0.31,0.71,0.45,0.47,0.94,0.64,0.72,0.57,自住-改善,两室一厅,63,2296,市第二中学地理教师,二胎黄金期中大户型,青岛中环品质两居，车位及空间极其拥挤,小区无地下车库且人车不分流，小孩在楼下玩耍或者推婴儿车极为不安全。,要求有超大面宽南向双阳台（观景家政分离），主卧大飘窗能270度直面自然景观。,在市中心核心写字楼工作，首选半小时核心通勤圈内。,倡导轻户外，周末常带家人自驾野营或山系徒步，注重生活情调与手作咖啡。,名下持有一套旧两居，置换回款 65% + 个人理财储蓄补充 + 公积金商业贷,重性价比，不盲信大牌，但要求物业管理有序、绿化修剪及时、人防技防规范。,本地常住人口，四季生活规律，度假频次为常规年假出行。
青_2008_01972,青岛,2008,山东省内异地,42,女,1.2,10.4,0.45,17.4,3,1,否,C,network,0.73,0.55,0.84,0.61,0.43,0.74,0.04,0.42,0.64,自住-首套,两室两厅,84,1095,国企车间技术主任,三口之家(学龄段),与父母同住，三代人拥挤在旧区小户型老房中,小区无地下车库且人车不分流，小孩在楼下玩耍或者推婴儿车极为不安全。,要求有超大面宽南向双阳台（观景家政分离），主卧大飘窗能270度直面自然景观。,在市中心核心写字楼工作，首选半小时核心通勤圈内。,爱猫狗，喜欢烹饪和插花，主打经济舒适的生活小确幸。,夫妻双方积蓄 + 双方父母出资赞助首付 + 公积金商业组合贷款,重性价比，不盲信大牌，但要求物业管理有序、绿化修剪及时、人防技防规范。,本地常住人口，四季生活规律，度假频次为常规年假出行。
青_2008_01973,青岛,2008,山东省内异地,56,男,1.5,13.6,0.45,22.7,3,0,否,C,network,0.75,0.47,0.85,0.61,0.54,0.79,0,0.37,0.53,自住-改善,两室一厅,91,1667,邮政局局长秘书,高知退休康养,与父母同住，三代人拥挤在旧区小户型老房中,老小区隔音差，邻里滋扰严重，且车位严重匮乏，每晚加班回来抢车位像打仗。,要求有超大面宽南向双阳台（观景家政分离），主卧大飘窗能270度直面自然景观。,在市中心核心写字楼工作，首选半小时核心通勤圈内。,爱猫狗，喜欢烹饪和插花，主打经济舒适的生活小确幸。,名下持有一套旧两居，置换回款 65% + 个人理财储蓄补充 + 公积金商业贷,重性价比，不盲信大牌，但要求物业管理有序、绿化修剪及时、人防技防规范。,本地常住人口，四季生活规律，度假频次为常规年假出行。
青_2008_01974,青岛,2008,本地改善,38,男,2.1,15.0,0.4,28.1,5,1,否,B,agent,0.66,0.54,0.8,0.45,0.59,0.85,0.47,0.7,0.53,自住-改善,一室一厅,62,3866,邮政局局长秘书,三口之家(学龄段),青岛中环品质两居，车位及空间极其拥挤,小区无地下车库且人车不分流，小孩在楼下玩耍或者推婴儿车极为不安全。,要求有超大面宽南向双阳台（观景家政分离），主卧大飘窗能270度直面自然景观。,在市中心核心写字楼工作，首选半小时核心通勤圈内。,倡导轻户外，周末常带家人自驾野营或山系徒步，注重生活情调与手作咖啡。,名下持有一套旧两居，置换回款 65% + 个人理财储蓄补充 + 公积金商业贷,重性价比，不盲信大牌，但要求物业管理有序、绿化修剪及时、人防技防规范。,本地常住人口，四季生活规律，度假频次为常规年假出行。
青_2008_01975,青岛,2008,本地改善,37,女,0.9,7.5,0.4,14.1,4,0,是,B,agent,0.65,0.33,0.59,0.56,0.47,0.79,0.62,0.74,0.69,自住-改善,两室一厅,60,1736,邮政局局长秘书,成熟期核心家庭,青岛中环品质两居，车位及空间极其拥挤,当前房屋属于旧多层无电梯房，父母年纪渐高每天爬楼梯极为吃力。,讲究超高得房率（超85%），主卧套房必须配备独立步入式衣帽间与干湿分离双卫。,在市中心核心写字楼工作，首选半小时核心通勤圈内。,倡导轻户外，周末常带家人自驾野营或山系徒步，注重生活情调与手作咖啡。,名下持有一套旧两居，置换回款 65% + 个人理财储蓄补充 + 公积金商业贷,重性价比，不盲信大牌，但要求物业管理有序、绿化修剪及时、人防技防规范。,本地常住人口，四季生活规律，度假频次为常规年假出行。
青_2008_01976,青岛,2008,本地改善,46,男,1.8,18.5,0.4,34.7,4,1,否,B,agent,0.77,0.37,0.8,0.56,0.39,0.89,0.61,0.7,0.51,自住-改善,一室一厅,96,2157,国企车间技术主任,三口之家(学龄段),青岛中环品质两居，车位及空间极其拥挤,小区无地下车库且人车不分流，小孩在楼下玩耍或者推婴儿车极为不安全。,要求有超大面宽南向双阳台（观景家政分离），主卧大飘窗能270度直面自然景观。,在市中心核心写字楼工作，首选半小时核心通勤圈内。,倡导轻户外，周末常带家人自驾野营或山系徒步，注重生活情调与手作咖啡。,名下持有一套旧两居，置换回款 65% + 个人理财储蓄补充 + 公积金商业贷,重性价比，不盲信大牌，但要求物业管理有序、绿化修剪及时、人防技防规范。,本地常住人口，四季生活规律，度假频次为常规年假出行。
青_2008_01977,青岛,2008,本地改善,38,女,2.2,19.8,0.4,37.2,3,1,是,B,agent,0.99,0.54,0.62,0.46,0.56,0.86,0.47,0.55,0.62,自住-改善,两室一厅,66,3486,邮政局局长秘书,三口之家(学龄段),青岛中环品质两居，车位及空间极其拥挤,小区无地下车库且人车不分流，小孩在楼下玩耍或者推婴儿车极为不安全。,讲究超高得房率（超85%），主卧套房必须配备独立步入式衣帽间与干湿分离双卫。,在市中心核心写字楼工作，首选半小时核心通勤圈内。,倡导轻户外，周末常带家人自驾野营或山系徒步，注重生活情调与手作咖啡。,名下持有一套旧两居，置换回款 65% + 个人理财储蓄补充 + 公积金商业贷,重性价比，不盲信大牌，但要求物业管理有序、绿化修剪及时、人防技防规范。,本地常住人口，四季生活规律，度假频次为常规年假出行。
青_2008_01978,青岛,2008,山东省内异地,48,女,4.0,38.8,0.45,64.7,3,1,否,C,network,0.7,0.69,0.84,0.57,0.61,0.63,0,0.47,0.55,自住-首套,两室一厅,92,4577,国企车间技术主任,三口之家(学龄段),与父母同住，三代人拥挤在旧区小户型老房中,小区无地下车库且人车不分流，小孩在楼下玩耍或者推婴儿车极为不安全。,要求有超大面宽南向双阳台（观景家政分离），主卧大飘窗能270度直面自然景观。,在市中心核心写字楼工作，首选半小时核心通勤圈内。,爱猫狗，喜欢烹饪和插花，主打经济舒适的生活小确幸。,夫妻双方积蓄 + 双方父母出资赞助首付 + 公积金商业组合贷款,重性价比，不盲信大牌，但要求物业管理有序、绿化修剪及时、人防技防规范。,本地常住人口，四季生活规律，度假频次为常规年假出行。
青_2008_01979,青岛,2008,本地改善,35,男,1.5,15.3,0.4,28.7,4,0,是,B,agent,0.83,0.51,0.75,0.43,0.58,0.72,0.71,0.62,0.51,自住-改善,两室两厅,85,2866,邮政局局长秘书,新婚过渡两居,青岛中环品质两居，车位及空间极其拥挤,当前房屋属于旧多层无电梯房，父母年纪渐高每天爬楼梯极为吃力。,要求有超大面宽南向双阳台（观景家政分离），主卧大飘窗能270度直面自然景观。,在市中心核心写字楼工作，首选半小时核心通勤圈内。,倡导轻户外，周末常带家人自驾野营或山系徒步，注重生活情调与手作咖啡。,名下持有一套旧两居，置换回款 65% + 个人理财储蓄补充 + 公积金商业贷,重性价比，不盲信大牌，但要求物业管理有序、绿化修剪及时、人防技防规范。,本地常住人口，四季生活规律，度假频次为常规年假出行。
青_2008_01980,青岛,2008,本地改善,51,女,2.3,22.3,0.4,41.9,5,1,是,B,agent,0.77,0.51,0.8,0.42,0.51,0.9,0.62,0.74,0.6,自住-改善,两室一厅,97,2300,国企车间技术主任,三口之家(学龄段),青岛中环品质两居，车位及空间极其拥挤,小区无地下车库且人车不分流，小孩在楼下玩耍或者推婴儿车极为不安全。,要求有超大面宽南向双阳台（观景家政分离），主卧大飘窗能270度直面自然景观。,在市中心核心写字楼工作，首选半小时核心通勤圈内。,倡导轻户外，周末常带家人自驾野营或山系徒步，注重生活情调与手作咖啡。,名下持有一套旧两居，置换回款 65% + 个人理财储蓄补充 + 公积金商业贷,重性价比，不盲信大牌，但要求物业管理有序、绿化修剪及时、人防技防规范。,本地常住人口，四季生活规律，度假频次为常规年假出行。
青_2008_01981,青岛,2008,本地改善,55,女,3.9,39.0,0.4,73.1,4,1,是,B,agent,0.64,0.44,0.66,0.54,0.6,0.86,0.69,0.69,0.53,自住-改善,一室一厅,97,6285,市第二中学地理教师,三口之家(学龄段),青岛中环品质两居，车位及空间极其拥挤,小区无地下车库且人车不分流，小孩在楼下玩耍或者推婴儿车极为不安全。,讲究超高得房率（超85%），主卧套房必须配备独立步入式衣帽间与干湿分离双卫。,在市中心核心写字楼工作，首选半小时核心通勤圈内。,倡导轻户外，周末常带家人自驾野营或山系徒步，注重生活情调与手作咖啡。,名下持有一套旧两居，置换回款 65% + 个人理财储蓄补充 + 公积金商业贷,重性价比，不盲信大牌，但要求物业管理有序、绿化修剪及时、人防技防规范。,本地常住人口，四季生活规律，度假频次为常规年假出行。
青_2008_01982,青岛,2008,本地改善,44,男,2.5,21.4,0.4,40.1,5,1,否,B,agent,0.72,0.43,0.84,0.53,0.54,0.76,0.49,0.72,0.52,自住-改善,两室一厅,74,4157,市第二中学地理教师,三口之家(学龄段),青岛中环品质两居，车位及空间极其拥挤,小区无地下车库且人车不分流，小孩在楼下玩耍或者推婴儿车极为不安全。,要求有超大面宽南向双阳台（观景家政分离），主卧大飘窗能270度直面自然景观。,在市中心核心写字楼工作，首选半小时核心通勤圈内。,倡导轻户外，周末常带家人自驾野营或山系徒步，注重生活情调与手作咖啡。,名下持有一套旧两居，置换回款 65% + 个人理财储蓄补充 + 公积金商业贷,重性价比，不盲信大牌，但要求物业管理有序、绿化修剪及时、人防技防规范。,本地常住人口，四季生活规律，度假频次为常规年假出行。
青_2008_01983,青岛,2008,本地改善,42,女,3.1,25.3,0.4,47.4,4,1,是,B,agent,0.97,0.52,0.82,0.43,0.34,0.86,0.69,0.62,0.59,自住-改善,一室一厅,84,4473,区财政局科员,三口之家(学龄段),青岛中环品质两居，车位及空间极其拥挤,小区无地下车库且人车不分流，小孩在楼下玩耍或者推婴儿车极为不安全。,要求有超大面宽南向双阳台（观景家政分离），主卧大飘窗能270度直面自然景观。,在市中心核心写字楼工作，首选半小时核心通勤圈内。,倡导轻户外，周末常带家人自驾野营或山系徒步，注重生活情调与手作咖啡。,名下持有一套旧两居，置换回款 65% + 个人理财储蓄补充 + 公积金商业贷,重性价比，不盲信大牌，但要求物业管理有序、绿化修剪及时、人防技防规范。,本地常住人口，四季生活规律，度假频次为常规年假出行。
青_2008_01984,青岛,2008,本地改善,38,女,1.6,10.1,0.4,19.0,4,1,否,B,agent,0.9,0.44,0.76,0.37,0.52,0.85,0.55,0.76,0.46,自住-改善,一室一厅,71,1345,市第二中学地理教师,三口之家(学龄段),青岛中环品质两居，车位及空间极其拥挤,小区无地下车库且人车不分流，小孩在楼下玩耍或者推婴儿车极为不安全。,要求有超大面宽南向双阳台（观景家政分离），主卧大飘窗能270度直面自然景观。,在市中心核心写字楼工作，首选半小时核心通勤圈内。,倡导轻户外，周末常带家人自驾野营或山系徒步，注重生活情调与手作咖啡。,名下持有一套旧两居，置换回款 65% + 个人理财储蓄补充 + 公积金商业贷,重性价比，不盲信大牌，但要求物业管理有序、绿化修剪及时、人防技防规范。,本地常住人口，四季生活规律，度假频次为常规年假出行。
青_2008_01985,青岛,2008,山东省内异地,41,女,3.6,34.6,0.45,57.7,3,2,否,C,network,0.78,0.72,0.9,0.62,0.58,0.63,0.06,0.32,0.44,自住-首套,两室两厅,95,5223,区财政局科员,二胎黄金期中大户型,与父母同住，三代人拥挤在旧区小户型老房中,小区无地下车库且人车不分流，小孩在楼下玩耍或者推婴儿车极为不安全。,要求有超大面宽南向双阳台（观景家政分离），主卧大飘窗能270度直面自然景观。,在市中心核心写字楼工作，首选半小时核心通勤圈内。,爱猫狗，喜欢烹饪和插花，主打经济舒适的生活小确幸。,夫妻双方积蓄 + 双方父母出资赞助首付 + 公积金商业组合贷款,重性价比，不盲信大牌，但要求物业管理有序、绿化修剪及时、人防技防规范。,本地常住人口，四季生活规律，度假频次为常规年假出行。
青_2008_01986,青岛,2008,本地改善,48,女,1.9,19.1,0.4,35.8,3,1,否,B,agent,0.8,0.65,0.75,0.55,0.47,0.81,0.56,0.76,0.53,自住-改善,两室两厅,78,3045,邮政局局长秘书,三口之家(学龄段),青岛中环品质两居，车位及空间极其拥挤,小区无地下车库且人车不分流，小孩在楼下玩耍或者推婴儿车极为不安全。,要求有超大面宽南向双阳台（观景家政分离），主卧大飘窗能270度直面自然景观。,在市中心核心写字楼工作，首选半小时核心通勤圈内。,倡导轻户外，周末常带家人自驾野营或山系徒步，注重生活情调与手作咖啡。,名下持有一套旧两居，置换回款 65% + 个人理财储蓄补充 + 公积金商业贷,重性价比，不盲信大牌，但要求物业管理有序、绿化修剪及时、人防技防规范。,本地常住人口，四季生活规律，度假频次为常规年假出行。
青_2008_01987,青岛,2008,本地改善,42,男,1.9,16.5,0.4,30.9,4,1,是,B,agent,0.98,0.39,0.7,0.5,0.61,0.81,0.6,0.81,0.56,自住-改善,一室一厅,53,4685,邮政局局长秘书,三口之家(学龄段),青岛中环品质两居，车位及空间极其拥挤,小区无地下车库且人车不分流，小孩在楼下玩耍或者推婴儿车极为不安全。,讲究超高得房率（超85%），主卧套房必须配备独立步入式衣帽间与干湿分离双卫。,在市中心核心写字楼工作，首选半小时核心通勤圈内。,倡导轻户外，周末常带家人自驾野营或山系徒步，注重生活情调与手作咖啡。,名下持有一套旧两居，置换回款 65% + 个人理财储蓄补充 + 公积金商业贷,重性价比，不盲信大牌，但要求物业管理有序、绿化修剪及时、人防技防规范。,本地常住人口，四季生活规律，度假频次为常规年假出行。
青_2008_01988,青岛,2008,本地改善,54,男,2.2,13.1,0.4,24.6,4,0,否,B,agent,0.76,0.49,0.72,0.65,0.51,0.77,0.65,0.78,0.59,自住-改善,一室一厅,83,1621,邮政局局长秘书,成熟期核心家庭,青岛中环品质两居，车位及空间极其拥挤,老小区隔音差，邻里滋扰严重，且车位严重匮乏，每晚加班回来抢车位像打仗。,要求有超大面宽南向双阳台（观景家政分离），主卧大飘窗能270度直面自然景观。,在市中心核心写字楼工作，首选半小时核心通勤圈内。,倡导轻户外，周末常带家人自驾野营或山系徒步，注重生活情调与手作咖啡。,名下持有一套旧两居，置换回款 65% + 个人理财储蓄补充 + 公积金商业贷,重性价比，不盲信大牌，但要求物业管理有序、绿化修剪及时、人防技防规范。,本地常住人口，四季生活规律，度假频次为常规年假出行。
青_2008_01989,青岛,2008,本地改善,46,女,2.8,16.7,0.4,31.3,4,0,否,B,agent,0.5,0.47,0.67,0.43,0.63,1,0.48,0.59,0.49,自住-改善,一室一厅,56,4038,区财政局科员,成熟期核心家庭,青岛中环品质两居，车位及空间极其拥挤,老小区隔音差，邻里滋扰严重，且车位严重匮乏，每晚加班回来抢车位像打仗。,讲究超高得房率（超85%），主卧套房必须配备独立步入式衣帽间与干湿分离双卫。,在市中心核心写字楼工作，首选半小时核心通勤圈内。,倡导轻户外，周末常带家人自驾野营或山系徒步，注重生活情调与手作咖啡。,名下持有一套旧两居，置换回款 65% + 个人理财储蓄补充 + 公积金商业贷,重性价比，不盲信大牌，但要求物业管理有序、绿化修剪及时、人防技防规范。,本地常住人口，四季生活规律，度假频次为常规年假出行。
青_2008_01990,青岛,2008,北方度假投资,57,女,0.9,9.9,0.5,14.9,2,1,否,B,research,0.8,0.48,0.92,0.54,0.63,0.57,0,0,0.69,投资-短期,两室两厅,86,907,高端海景资产收藏家,三口之家(学龄段),青岛中环品质两居，车位及空间极其拥挤,小区无地下车库且人车不分流，小孩在楼下玩耍或者推婴儿车极为不安全。,要求有超大面宽南向双阳台（观景家政分离），主卧大飘窗能270度直面自然景观。,在市中心核心写字楼工作，首选半小时核心通勤圈内。,倡导轻户外，周末常带家人自驾野营或山系徒步，注重生活情调与手作咖啡。,名下持有一套旧两居，置换回款 65% + 个人理财储蓄补充 + 公积金商业贷,重性价比，不盲信大牌，但要求物业管理有序、绿化修剪及时、人防技防规范。,每年11月至次年3月到此度过漫长冬季，极其依赖周边的康养及适老化服务。
青_2008_01991,青岛,2008,北方度假投资,54,女,3.6,32.0,0.5,47.9,1,0,否,B,research,0.97,0.55,0.94,0.63,0.48,0.48,0,0.12,0.6,投资-短期,一室一厅,85,5048,上市公司退休联合创始人,成熟期核心家庭,青岛中环品质两居，车位及空间极其拥挤,老小区隔音差，邻里滋扰严重，且车位严重匮乏，每晚加班回来抢车位像打仗。,要求有超大面宽南向双阳台（观景家政分离），主卧大飘窗能270度直面自然景观。,在市中心核心写字楼工作，首选半小时核心通勤圈内。,倡导轻户外，周末常带家人自驾野营或山系徒步，注重生活情调与手作咖啡。,名下持有一套旧两居，置换回款 65% + 个人理财储蓄补充 + 公积金商业贷,重性价比，不盲信大牌，但要求物业管理有序、绿化修剪及时、人防技防规范。,每年11月至次年3月到此度过漫长冬季，极其依赖周边的康养及适老化服务。
青_2008_01992,青岛,2008,本地改善,40,男,1.6,13.6,0.4,25.5,5,1,否,B,agent,0.89,0.51,0.68,0.51,0.48,0.79,0.51,0.73,0.39,自住-改善,两室两厅,73,3140,邮政局局长秘书,三口之家(学龄段),青岛中环品质两居，车位及空间极其拥挤,小区无地下车库且人车不分流，小孩在楼下玩耍或者推婴儿车极为不安全。,讲究超高得房率（超85%），主卧套房必须配备独立步入式衣帽间与干湿分离双卫。,在市中心核心写字楼工作，首选半小时核心通勤圈内。,倡导轻户外，周末常带家人自驾野营或山系徒步，注重生活情调与手作咖啡。,名下持有一套旧两居，置换回款 65% + 个人理财储蓄补充 + 公积金商业贷,重性价比，不盲信大牌，但要求物业管理有序、绿化修剪及时、人防技防规范。,本地常住人口，四季生活规律，度假频次为常规年假出行。
青_2008_01993,青岛,2008,本地改善,49,男,1.2,8.6,0.4,16.2,4,1,否,B,agent,0.68,0.55,0.87,0.53,0.51,0.96,0.59,0.59,0.63,自住-改善,两室一厅,91,1148,区财政局科员,三口之家(学龄段),青岛中环品质两居，车位及空间极其拥挤,小区无地下车库且人车不分流，小孩在楼下玩耍或者推婴儿车极为不安全。,要求有超大面宽南向双阳台（观景家政分离），主卧大飘窗能270度直面自然景观。,在市中心核心写字楼工作，首选半小时核心通勤圈内。,倡导轻户外，周末常带家人自驾野营或山系徒步，注重生活情调与手作咖啡。,名下持有一套旧两居，置换回款 65% + 个人理财储蓄补充 + 公积金商业贷,重性价比，不盲信大牌，但要求物业管理有序、绿化修剪及时、人防技防规范。,本地常住人口，四季生活规律，度假频次为常规年假出行。
青_2008_01994,青岛,2008,本地改善,41,男,2.8,24.7,0.4,46.3,4,2,否,B,agent,0.6,0.61,0.65,0.49,0.43,0.89,0.67,0.84,0.68,自住-改善,一室一厅,95,3251,国企车间技术主任,二胎黄金期中大户型,青岛中环品质两居，车位及空间极其拥挤,小区无地下车库且人车不分流，小孩在楼下玩耍或者推婴儿车极为不安全。,讲究超高得房率（超85%），主卧套房必须配备独立步入式衣帽间与干湿分离双卫。,在市中心核心写字楼工作，首选半小时核心通勤圈内。,倡导轻户外，周末常带家人自驾野营或山系徒步，注重生活情调与手作咖啡。,名下持有一套旧两居，置换回款 65% + 个人理财储蓄补充 + 公积金商业贷,重性价比，不盲信大牌，但要求物业管理有序、绿化修剪及时、人防技防规范。,本地常住人口，四季生活规律，度假频次为常规年假出行。
青_2008_01995,青岛,2008,学区刚需,43,女,2.1,14.4,0.3,35.9,3,2,否,C,agent,1,0.44,0.45,0.37,0.38,0.51,0.43,0.92,0.38,学区房,两室一厅,89,2195,邮政局局长秘书,二胎黄金期中大户型,与父母同住，三代人拥挤在旧区小户型老房中,小区无地下车库且人车不分流，小孩在楼下玩耍或者推婴儿车极为不安全。,核心要求地块属于第一梯队名校学区，且周边500米内解决幼小衔接教育配套。,在市中心核心写字楼工作，首选半小时核心通勤圈内。,爱猫狗，喜欢烹饪和插花，主打经济舒适的生活小确幸。,名下持有一套旧两居，置换回款 65% + 个人理财储蓄补充 + 公积金商业贷,重性价比，不盲信大牌，但要求物业管理有序、绿化修剪及时、人防技防规范。,本地常住人口，四季生活规律，度假频次为常规年假出行。
青_2008_01996,青岛,2008,本地改善,40,女,2.2,14.9,0.4,27.9,4,1,否,B,agent,0.88,0.53,0.72,0.57,0.51,0.95,0.8,0.67,0.61,自住-改善,两室两厅,88,1831,市第二中学地理教师,三口之家(学龄段),青岛中环品质两居，车位及空间极其拥挤,小区无地下车库且人车不分流，小孩在楼下玩耍或者推婴儿车极为不安全。,要求有超大面宽南向双阳台（观景家政分离），主卧大飘窗能270度直面自然景观。,在市中心核心写字楼工作，首选半小时核心通勤圈内。,倡导轻户外，周末常带家人自驾野营或山系徒步，注重生活情调与手作咖啡。,名下持有一套旧两居，置换回款 65% + 个人理财储蓄补充 + 公积金商业贷,重性价比，不盲信大牌，但要求物业管理有序、绿化修剪及时、人防技防规范。,本地常住人口，四季生活规律，度假频次为常规年假出行。
青_2008_01997,青岛,2008,本地改善,51,女,2.4,17.9,0.4,33.6,3,0,否,B,agent,0.62,0.48,0.73,0.5,0.58,0.81,0.71,0.53,0.67,自住-改善,两室两厅,62,2717,邮政局局长秘书,成熟期核心家庭,青岛中环品质两居，车位及空间极其拥挤,老小区隔音差，邻里滋扰严重，且车位严重匮乏，每晚加班回来抢车位像打仗。,要求有超大面宽南向双阳台（观景家政分离），主卧大飘窗能270度直面自然景观。,在市中心核心写字楼工作，首选半小时核心通勤圈内。,倡导轻户外，周末常带家人自驾野营或山系徒步，注重生活情调与手作咖啡。,名下持有一套旧两居，置换回款 65% + 个人理财储蓄补充 + 公积金商业贷,重性价比，不盲信大牌，但要求物业管理有序、绿化修剪及时、人防技防规范。,本地常住人口，四季生活规律，度假频次为常规年假出行。
青_2008_01998,青岛,2008,本地改善,41,男,3.4,26.1,0.4,49.0,5,1,否,B,agent,0.63,0.47,0.85,0.56,0.54,0.86,0.62,0.67,0.55,自住-改善,两室两厅,94,3499,国企车间技术主任,三口之家(学龄段),青岛中环品质两居，车位及空间极其拥挤,小区无地下车库且人车不分流，小孩在楼下玩耍或者推婴儿车极为不安全。,要求有超大面宽南向双阳台（观景家政分离），主卧大飘窗能270度直面自然景观。,在市中心核心写字楼工作，首选半小时核心通勤圈内。,倡导轻户外，周末常带家人自驾野营或山系徒步，注重生活情调与手作咖啡。,名下持有一套旧两居，置换回款 65% + 个人理财储蓄补充 + 公积金商业贷,重性价比，不盲信大牌，但要求物业管理有序、绿化修剪及时、人防技防规范。,本地常住人口，四季生活规律，度假频次为常规年假出行。
青_2008_01999,青岛,2008,本地改善,36,女,2.4,22.7,0.4,42.6,5,1,是,B,agent,0.73,0.54,0.82,0.49,0.48,0.77,0.54,0.82,0.49,自住-改善,两室两厅,81,2682,市第二中学地理教师,三口之家(幼龄段),青岛中环品质两居，车位及空间极其拥挤,小区无地下车库且人车不分流，小孩在楼下玩耍或者推婴儿车极为不安全。,要求有超大面宽南向双阳台（观景家政分离），主卧大飘窗能270度直面自然景观。,在市中心核心写字楼工作，首选半小时核心通勤圈内。,倡导轻户外，周末常带家人自驾野营或山系徒步，注重生活情调与手作咖啡。,名下持有一套旧两居，置换回款 65% + 个人理财储蓄补充 + 公积金商业贷,重性价比，不盲信大牌，但要求物业管理有序、绿化修剪及时、人防技防规范。,本地常住人口，四季生活规律，度假频次为常规年假出行。
青_2008_02000,青岛,2008,本地改善,41,女,2.1,16.9,0.4,31.8,5,1,否,B,agent,0.78,0.55,0.6,0.52,0.48,0.89,0.6,0.77,0.53,自住-改善,两室两厅,71,3933,国企车间技术主任,三口之家(学龄段),青岛中环品质两居，车位及空间极其拥挤,小区无地下车库且人车不分流，小孩在楼下玩耍或者推婴儿车极为不安全。,讲究超高得房率（超85%），主卧套房必须配备独立步入式衣帽间与干湿分离双卫。,在市中心核心写字楼工作，首选半小时核心通勤圈内。,倡导轻户外，周末常带家人自驾野营或山系徒步，注重生活情调与手作咖啡。,名下持有一套旧两居，置换回款 65% + 个人理财储蓄补充 + 公积金商业贷,重性价比，不盲信大牌，但要求物业管理有序、绿化修剪及时、人防技防规范。,本地常住人口，四季生活规律，度假频次为常规年假出行。
