楼盘ID,楼盘名称,城市名称,城市ID,区域名称,区域ID,子区域名称,子区域ID,地址,环线位置,最新价格,参考价格,房贷计算信息,面积范围,占地面积,建筑面积,房间面积信息,户型文本描述,全部户型,开盘日期,开盘日期备注,开盘时间,交房时间,发证时间,建筑类型,建筑类型.1,产权年限,容积率,绿化率,规划户数,装修情况,工程进度,物业类型,物业公司,物业管理费,物业特色,车位数,车位比,销售状态,销售标题,租售标题,预售证号,绑定楼栋,开发商,开发商品牌,投资商,供电,供水,百度地图纬度,百度地图经度,400电话,所有标签列表,标签列表,默认图片,规交信息,售楼处地址
4818551,绿谷二期,青岛,30,李沧区,3642,李村,3690,青岛李沧区李村李沧虎山路22号，秀峰路以东（原龙涎春酒厂用地），李村公园后,,,,,56-130㎡,21279m²,97840m²,"[{""id"": 50599, ""rooms"": 1, ""room_alias"": ""一室"", ""area"": 55.8}, {""id"": 50598, ""rooms"": 1, ""room_alias"": ""一室"", ""area"": 57.52}, {""id"": 50596, ""rooms"": 1, ""room_alias"": ""一室"", ""area"": 60}, {""id"": 38412, ""rooms"": 1, ""room_alias"": ""一室"", ""area"": 71}, {""id"": 38410, ""rooms"": 2, ""room_alias"": ""二室"", ""area"": 73}, {""id"": 50602, ""rooms"": 2, ""room_alias"": ""二室"", ""area"": 89.7}, {""id"": 50595, ""rooms"": 2, ""room_alias"": ""二室"", ""area"": 93}, {""id"": 38416, ""rooms"": 2, ""room_alias"": ""二室"", ""area"": 100}, {""id"": 38415, ""rooms"": 2, ""room_alias"": ""二室"", ""area"": 101}, {""id"": 38413, ""rooms"": 3, ""room_alias"": ""三室"", ""area"": 119}, {""id"": 50601, ""rooms"": 3, ""room_alias"": ""三室"", ""area"": 128.78}, {""id"": 50597, ""rooms"": 3, ""room_alias"": ""三室"", ""area"": 130}]",1/2/3室,"1室户型,2室户型,3室户型",2005-12-22,,2005年,2006年,[],{小高层},小高层,70年,2.29,40%,532,毛坯,,住宅,合景悠活,1.8元/㎡/月,,540,,售罄,售罄,售罄,[],[],恒大,,青岛东方华洲置业有限公司,民电,民水,36.166421,120.439668,"""""","{""53"": ""高绿化率"", ""9"": ""轨交房"", ""10"": ""多轨交"", ""72"": ""配套纯熟"", ""71"": ""便利店"", ""70"": ""银行"", ""69"": ""学校"", ""68"": ""医院"", ""67"": ""生态绿地"", ""66"": ""公园"", ""65"": ""商业街"", ""64"": ""购物中心"", ""79"": ""小户型"", ""78"": ""大户型"", ""638"": ""民办中学"", ""637"": ""公办中学"", ""636"": ""公办小学"", ""635"": ""民办小学"", ""624"": ""九年一贯制"", ""599"": ""省级示范园"", ""598"": ""民办幼儿园"", ""597"": ""公办幼儿园""}","[""高绿化率"", ""轨交房"", ""多轨交"", ""配套纯熟"", ""便利店""]",https://pic4.ajkimg.com/display/xinfang/efa61a805887d81b8937d47ff026dd66/275x206n.jpg,"[{""id"": ""7314938"", ""loupan_id"": ""241969"", ""station_id"": ""121228"", ""subway_id"": ""126"", ""city_id"": ""30"", ""distance"": ""979米"", ""status"": ""1"", ""last_update_time"": ""1774212707"", ""is_rail_loupan"": ""1"", ""subway_name"": ""2号线"", ""station_name"": ""下王埠"", ""distance_raw"": ""979""}, {""id"": ""7315230"", ""loupan_id"": ""241969"", ""station_id"": ""4494"", ""subway_id"": ""126"", ""city_id"": ""30"", ""distance"": ""987米"", ""status"": ""1"", ""last_update_time"": ""1774212707"", ""is_rail_loupan"": ""1"", ""subway_name"": ""2号线"", ""station_name"": ""李村公园"", ""distance_raw"": ""987""}, {""id"": ""7315088"", ""loupan_id"": ""241969"", ""station_id"": ""121206"", ""subway_id"": ""12070"", ""city_id"": ""30"", ""distance"": ""1308米"", ""status"": ""1"", ""last_update_time"": ""1774212707"", ""is_rail_loupan"": ""1"", ""subway_name"": ""15号线"", ""station_name"": ""下王埠"", ""distance_raw"": ""1308""}, {""id"": ""7314756"", ""loupan_id"": ""241969"", ""station_id"": ""4360"", ""subway_id"": ""121"", ""city_id"": ""30"", ""distance"": ""1422米"", ""status"": ""1"", ""last_update_time"": ""1774212706"", ""is_rail_loupan"": ""1"", ""subway_name"": ""3号线"", ""station_name"": ""君峰路"", ""distance_raw"": ""1422""}]",李村公园利客来超市北门（原国运售票点）
2301052,盛阳光嘉园,青岛,30,市北区,3640,山东路,5185,青岛市北区山东路山东路199号、山东路与拜泉路交汇处,,,,,85-134㎡,2.4m²,200000m²,"[{""id"": 94260, ""rooms"": 2, ""room_alias"": ""二室"", ""area"": 85}, {""id"": 94261, ""rooms"": 2, ""room_alias"": ""二室"", ""area"": 85}, {""id"": 94262, ""rooms"": 2, ""room_alias"": ""二室"", ""area"": 89}, {""id"": 185636, ""rooms"": 2, ""room_alias"": ""二室"", ""area"": 90}, {""id"": 88197, ""rooms"": 2, ""room_alias"": ""二室"", ""area"": 92}, {""id"": 94263, ""rooms"": 2, ""room_alias"": ""二室"", ""area"": 96}, {""id"": 185631, ""rooms"": 3, ""room_alias"": ""三室"", ""area"": 123}, {""id"": 185628, ""rooms"": 3, ""room_alias"": ""三室"", ""area"": 130}, {""id"": 88196, ""rooms"": 3, ""room_alias"": ""三室"", ""area"": 134}]",2/3室,"2室户型,3室户型",2005-04-27,,2005年,2006年,[],高层,高层,70年,3.1,40%,782,毛坯,,住宅,合景悠活,1.6~2元/㎡/月,,1087,1:1.2,售罄,售罄,售罄,"[""青房注字(2015)第030号"", ""青房注字(2014)105"", ""青房注字(2014)第049号""]",[],恒大,,裕龙集团有限公司,民电,民水,36.106281,120.397849,"""""","{""56"": ""车位充足"", ""53"": ""高绿化率"", ""9"": ""轨交房"", ""10"": ""多轨交"", ""72"": ""配套纯熟"", ""71"": ""便利店"", ""70"": ""银行"", ""69"": ""学校"", ""68"": ""医院"", ""66"": ""公园"", ""65"": ""商业街"", ""64"": ""购物中心"", ""78"": ""大户型"", ""638"": ""民办中学"", ""637"": ""公办中学"", ""636"": ""公办小学"", ""635"": ""民办小学"", ""624"": ""九年一贯制"", ""598"": ""民办幼儿园"", ""597"": ""公办幼儿园""}","[""车位充足"", ""高绿化率"", ""轨交房"", ""多轨交"", ""配套纯熟""]",https://pic4.ajkimg.com/display/xinfang/7cacdc0f614f55eb6a2d8a614b850bc7/275x206n.jpg,"[{""id"": ""7315561"", ""loupan_id"": ""248944"", ""station_id"": ""121286"", ""subway_id"": ""1044"", ""city_id"": ""30"", ""distance"": ""1268米"", ""status"": ""1"", ""last_update_time"": ""1774212707"", ""is_rail_loupan"": ""1"", ""subway_name"": ""8号线"", ""station_name"": ""西吴家村"", ""distance_raw"": ""1268""}, {""id"": ""7314282"", ""loupan_id"": ""248944"", ""station_id"": ""120425"", ""subway_id"": ""1045"", ""city_id"": ""30"", ""distance"": ""1357米"", ""status"": ""1"", ""last_update_time"": ""1774212706"", ""is_rail_loupan"": ""1"", ""subway_name"": ""1号线"", ""station_name"": ""小村庄"", ""distance_raw"": ""1357""}]",青岛市市北区拜泉路93号
7130338,和贵月亮里,青岛,30,黄岛区,4516,唐岛湾,5215,青岛黄岛区唐岛湾武当山路与嘉陵江路交汇处北,,,,,72-91㎡,11683m²,39842m²,"[{""id"": 136896, ""rooms"": 2, ""room_alias"": ""二室"", ""area"": 72.16}, {""id"": 136897, ""rooms"": 2, ""room_alias"": ""二室"", ""area"": 82.99}, {""id"": 136898, ""rooms"": 2, ""room_alias"": ""二室"", ""area"": 91.48}]",2室,2室户型,2005-11-21,,2005年,2006年,[],{小高层},小高层,70年,2.5,35%,305,毛坯,,住宅,保利物业,1.7元/㎡/月,,200,1:0.8,售罄,售罄,售罄,"[""青房注字青开(2015)第039""]",[],中南,,,民电,民水,35.997426,120.199629,"""""","{""9"": ""轨交房"", ""72"": ""配套纯熟"", ""71"": ""便利店"", ""70"": ""银行"", ""69"": ""学校"", ""68"": ""医院"", ""67"": ""生态绿地"", ""66"": ""公园"", ""65"": ""商业街"", ""64"": ""购物中心"", ""638"": ""民办中学"", ""637"": ""公办中学"", ""636"": ""公办小学"", ""598"": ""民办幼儿园"", ""597"": ""公办幼儿园""}","[""轨交房"", ""配套纯熟"", ""便利店"", ""银行"", ""学校""]",https://pic4.ajkimg.com/display/xinfang/6ee159a33976f541082561ff6433cd6e/275x206n.jpg,"[{""id"": ""7315651"", ""loupan_id"": ""383220"", ""station_id"": ""4401"", ""subway_id"": ""123"", ""city_id"": ""30"", ""distance"": ""472米"", ""status"": ""1"", ""last_update_time"": ""1774212707"", ""is_rail_loupan"": ""1"", ""subway_name"": ""西海岸快线"", ""station_name"": ""嘉陵江路"", ""distance_raw"": ""472""}, {""id"": ""7315652"", ""loupan_id"": ""383220"", ""station_id"": ""4402"", ""subway_id"": ""123"", ""city_id"": ""30"", ""distance"": ""921米"", ""status"": ""1"", ""last_update_time"": ""1774212707"", ""is_rail_loupan"": ""1"", ""subway_name"": ""西海岸快线"", ""station_name"": ""香江路"", ""distance_raw"": ""921""}]",开发区武当山路与嘉陵江路交汇处北
987853,雅谷二期,青岛,30,黄岛区,4516,石雀滩,5216,青岛黄岛区石雀滩三沙路与科教二路交汇处,,,,,81-108㎡,住宅：66000m² 别墅：66000m²,住宅：127000m² 别墅：127000m²,"[{""id"": 264565, ""rooms"": 3, ""room_alias"": ""三室"", ""area"": 81}, {""id"": 264561, ""rooms"": 3, ""room_alias"": ""三室"", ""area"": 108}]",3室,3室户型,2005-08-21,,2005年,2006年,[],"{独栋别墅,联排别墅,叠加别墅,小高层}",住宅：小高层 别墅：独栋别墅、联排别墅、叠加别墅,住宅：70年 别墅：70年,住宅：1.6 别墅：1.6,住宅：35% 别墅：35%,住宅：790 别墅：790,住宅：毛坯 别墅：毛坯,,住宅,保利物业,住宅：3元/㎡/月 别墅：3.3元/㎡/月,,住宅：636 别墅：636,住宅：1:0.9 别墅：1:0.9,售罄,售罄,售罄,"[""青房注字（青黄16）第153号"", ""青房注字黄岛(2017)第005""]",[],华侨城,,,住宅：民电,住宅：民水,35.825421,120.006905,"{""service_num"": ""4006708287"", ""num"": """"}","{""52"": ""低容积"", ""70"": ""银行"", ""638"": ""民办中学"", ""637"": ""公办中学"", ""636"": ""公办小学"", ""598"": ""民办幼儿园"", ""597"": ""公办幼儿园""}","[""低容积"", ""银行"", ""民办中学"", ""公办中学"", ""公办小学""]",https://pic4.ajkimg.com/display/xinfang/fb0944def9ac78259fa2941da37bc2c5/275x206n.jpg,[],黄岛区三沙路与科教二路交汇处
5954800,博月亮园,青岛,30,李沧区,3642,世园,5195,青岛李沧区世园天水路869号,,,,,141-165㎡,86203.8m²,150732.48m²,"[{""id"": 198071, ""rooms"": 3, ""room_alias"": ""三室"", ""area"": 141}, {""id"": 198072, ""rooms"": 3, ""room_alias"": ""三室"", ""area"": 142}, {""id"": 198073, ""rooms"": 4, ""room_alias"": ""四室"", ""area"": 165}]",3/4室,"3室户型,4室户型",2005-06-10,,2005年,2006年,[],小高层,多层,70年,1.09,35%,600,毛坯,,住宅,万科物业,3.2元/㎡/月,,727,1:1.2,售罄,售罄,售罄,"[""青房注字(2016)第110号"", ""青房注字(2017)第075号""]",[],滨江集团,,和达集团,民电,民水,36.194517,120.461867,"{""service_num"": ""4006708287"", ""num"": """"}","{""56"": ""车位充足"", ""52"": ""低容积"", ""78"": ""大户型"", ""637"": ""公办中学"", ""636"": ""公办小学"", ""598"": ""民办幼儿园"", ""597"": ""公办幼儿园""}","[""车位充足"", ""低容积"", ""大户型"", ""公办中学"", ""公办小学""]",https://pic4.ajkimg.com/display/xinfang/20a0b555dd79ffc907406fae4322da00/275x206n.jpg,[],青岛市世园大道与汉川路交汇处
7599838,福赢半岛新城,青岛,30,黄岛区,4516,长江路,5213,青岛黄岛区长江路开发区长江东路439号,,,,,,38854m²,230000m²,[],,,2005-07-01,,2005年,2006年,[],洋房,多层,,4.23,100%,1604,带装修,,住宅,新城悦服务,,,1613,,售罄,售罄,售罄,[],[],万科,,,民电,民水,35.99547,120.227083,"""""","{""53"": ""高绿化率"", ""29"": ""装修交付"", ""9"": ""轨交房"", ""72"": ""配套纯熟"", ""70"": ""银行"", ""69"": ""学校"", ""68"": ""医院"", ""67"": ""生态绿地"", ""66"": ""公园"", ""65"": ""商业街"", ""64"": ""购物中心"", ""637"": ""公办中学"", ""636"": ""公办小学"", ""599"": ""省级示范园"", ""598"": ""民办幼儿园"", ""597"": ""公办幼儿园"", ""54"": ""大型社区""}","[""高绿化率"", ""装修交付"", ""轨交房"", ""配套纯熟"", ""银行""]",https://pic4.ajkimg.com/display/xinfang/3fa055bed99f15e4de4978656f7078a4/275x206n.jpg,"[{""id"": ""7314741"", ""loupan_id"": ""244779"", ""station_id"": ""120300"", ""subway_id"": ""1045"", ""city_id"": ""30"", ""distance"": ""6米"", ""status"": ""1"", ""last_update_time"": ""1774212706"", ""is_rail_loupan"": ""1"", ""subway_name"": ""1号线"", ""station_name"": ""安子"", ""distance_raw"": ""6""}, {""id"": ""7313467"", ""loupan_id"": ""244779"", ""station_id"": ""120439"", ""subway_id"": ""1045"", ""city_id"": ""30"", ""distance"": ""901米"", ""status"": ""1"", ""last_update_time"": ""1774212705"", ""is_rail_loupan"": ""1"", ""subway_name"": ""1号线"", ""station_name"": ""天目山"", ""distance_raw"": ""901""}, {""id"": ""7314685"", ""loupan_id"": ""244779"", ""station_id"": ""120348"", ""subway_id"": ""1045"", ""city_id"": ""30"", ""distance"": ""1169米"", ""status"": ""1"", ""last_update_time"": ""1774212706"", ""is_rail_loupan"": ""1"", ""subway_name"": ""1号线"", ""station_name"": ""新港山路"", ""distance_raw"": ""1169""}]",
3116739,中公寓三期,青岛,30,市北区,3640,其他,10177,青岛市北区其他清江路159号(青岛宏达工程塑料有限公司旧址),,,,,81-144㎡,住宅：17579m² 别墅：17579m²,住宅：34300m² 别墅：34300m²,"[{""id"": 40136, ""rooms"": 2, ""room_alias"": ""二室"", ""area"": 80.98}, {""id"": 40133, ""rooms"": 2, ""room_alias"": ""二室"", ""area"": 84.42}, {""id"": 40137, ""rooms"": 2, ""room_alias"": ""二室"", ""area"": 86.71}, {""id"": 40134, ""rooms"": 2, ""room_alias"": ""二室"", ""area"": 88.3}, {""id"": 40142, ""rooms"": 2, ""room_alias"": ""二室"", ""area"": 89.32}, {""id"": 40135, ""rooms"": 3, ""room_alias"": ""三室"", ""area"": 90.73}, {""id"": 40132, ""rooms"": 3, ""room_alias"": ""三室"", ""area"": 91.22}, {""id"": 40143, ""rooms"": 3, ""room_alias"": ""三室"", ""area"": 114.8}, {""id"": 40139, ""rooms"": 3, ""room_alias"": ""三室"", ""area"": 120}, {""id"": 40140, ""rooms"": 3, ""room_alias"": ""三室"", ""area"": 126.6}, {""id"": 40138, ""rooms"": 3, ""room_alias"": ""三室"", ""area"": 143.5}]",2/3室,"2室户型,3室户型",2005-10-04,,2005年,2006年,[],别墅,住宅：小高层、高层,住宅：70年 别墅：70年,住宅：2.09,住宅：37% 别墅：37%,住宅：507 别墅：507,住宅：毛坯 别墅：毛坯,,住宅,保利物业,住宅：2.2元/㎡/月,,住宅：443 别墅：443,,售罄,售罄,售罄,[],[],滨江集团,,海信地产,住宅：民电,住宅：民水,36.129545,120.351692,"""""","{""53"": ""高绿化率"", ""9"": ""轨交房"", ""10"": ""多轨交"", ""72"": ""配套纯熟"", ""70"": ""银行"", ""69"": ""学校"", ""68"": ""医院"", ""66"": ""公园"", ""65"": ""商业街"", ""64"": ""购物中心"", ""78"": ""大户型"", ""638"": ""民办中学"", ""637"": ""公办中学"", ""636"": ""公办小学"", ""624"": ""九年一贯制"", ""600"": ""市级示范园"", ""598"": ""民办幼儿园"", ""597"": ""公办幼儿园""}","[""高绿化率"", ""轨交房"", ""多轨交"", ""配套纯熟"", ""银行""]",https://pic4.ajkimg.com/display/xinfang/2d833ff57cec28008611aadb1fdaf1b0/275x206n.jpg,"[{""id"": ""7316606"", ""loupan_id"": ""241727"", ""station_id"": ""120363"", ""subway_id"": ""1045"", ""city_id"": ""30"", ""distance"": ""401米"", ""status"": ""1"", ""last_update_time"": ""1774212709"", ""is_rail_loupan"": ""1"", ""subway_name"": ""1号线"", ""station_name"": ""北岭"", ""distance_raw"": ""401""}, {""id"": ""7316565"", ""loupan_id"": ""241727"", ""station_id"": ""120398"", ""subway_id"": ""1045"", ""city_id"": ""30"", ""distance"": ""1039米"", ""status"": ""1"", ""last_update_time"": ""1774212709"", ""is_rail_loupan"": ""1"", ""subway_name"": ""1号线"", ""station_name"": ""水清沟"", ""distance_raw"": ""1039""}, {""id"": ""7313390"", ""loupan_id"": ""241727"", ""station_id"": ""121176"", ""subway_id"": ""12068"", ""city_id"": ""30"", ""distance"": ""1411米"", ""status"": ""1"", ""last_update_time"": ""1774212705"", ""is_rail_loupan"": ""1"", ""subway_name"": ""5号线"", ""station_name"": ""海云庵"", ""distance_raw"": ""1411""}, {""id"": ""7313388"", ""loupan_id"": ""241727"", ""station_id"": ""121177"", ""subway_id"": ""12068"", ""city_id"": ""30"", ""distance"": ""1489米"", ""status"": ""1"", ""last_update_time"": ""1774212705"", ""is_rail_loupan"": ""1"", ""subway_name"": ""5号线"", ""station_name"": ""湖岛"", ""distance_raw"": ""1489""}]",四方区清江路157号
676680,金月亮谷,青岛,30,李沧区,3642,世园,5195,青岛李沧区世园铜川路117号,,7882元/㎡,7882元/㎡,首付42万，月供10213元,129-163㎡,18448.7m²,48500.85m²,"[{""id"": 881698, ""rooms"": 3, ""room_alias"": ""三室"", ""area"": 129}, {""id"": 881699, ""rooms"": 4, ""room_alias"": ""四室"", ""area"": 143}, {""id"": 881700, ""rooms"": 4, ""room_alias"": ""四室"", ""area"": 163}]",3/4室,"3室户型,4室户型",2005-08-23,2025年11月15日,2005年,2006年,"[""2026-01-19"", ""2025-12-18"", ""2025-11-13"", ""2025-11-21"", ""2025-11-17""]","{小高层,花园洋房}",小高层、花园洋房,70年,1.7,30%,216,毛坯,在建中，竣工时间：暂无数据,住宅,旭辉永升,,,,,售罄,售罄,售罄,"[""青房预字（2026）第002号"", ""青房预字（2025）第073号"", ""青房预字（2025）第064号"", ""青房预字（2025）第069号"", ""青房预字（2025）第067号""]","[""2#"", ""9#"", ""10#、5#"", ""3#、8#、7#"", ""6#、1#""]",中梁,青特集团,,民电,民水,36.177047,120.476109,"{""service_num"": ""4006708287"", ""num"": ""57438""}","{""80"": ""得房率高"", ""52"": ""低容积"", ""76"": ""厨卫全明"", ""74"": ""南北通透"", ""7"": ""项目在建"", ""72"": ""配套纯熟"", ""71"": ""便利店"", ""70"": ""银行"", ""69"": ""学校"", ""68"": ""医院"", ""67"": ""生态绿地"", ""66"": ""公园"", ""65"": ""商业街"", ""64"": ""购物中心"", ""78"": ""大户型"", ""402"": ""玄关入户"", ""401"": ""户型方正"", ""397"": ""动静分离"", ""85"": ""主卧套房"", ""92"": ""热搜盘"", ""91"": ""热评楼盘"", ""90"": ""人气楼盘"", ""744"": ""好房子"", ""638"": ""民办中学"", ""637"": ""公办中学"", ""636"": ""公办小学"", ""599"": ""省级示范园"", ""598"": ""民办幼儿园"", ""597"": ""公办幼儿园"", ""55"": ""小型社区"", ""50"": ""品牌开发商""}","[""得房率高"", ""低容积"", ""厨卫全明"", ""南北通透"", ""项目在建""]",https://pic4.ajkimg.com/display/xinfang/addd88f4e19328c1fdea7950e5c22408/275x206n.jpg,[],青岛市李沧区金水路678号李沧喜来登酒店正门
1639624,康大春天家园,青岛,30,黄岛区,4516,唐岛湾,5215,青岛黄岛区唐岛湾开发区长江西路与峨眉山路交汇处西南侧,,,,,98-113㎡,44729m²,76638m²,"[{""id"": 139456, ""rooms"": 3, ""room_alias"": ""三室"", ""area"": 98.3}, {""id"": 139455, ""rooms"": 3, ""room_alias"": ""三室"", ""area"": 113}]",3室,3室户型,2005-11-09,,2005年,2006年,[],"{多层,高层}",多层、高层,70年,1.5,35%,592,毛坯,,住宅,旭辉永升,1.7元/㎡/月,,500,1:1.1,售罄,售罄,售罄,[],[],金茂,,,民电,民水,35.952551,120.188656,"{""service_num"": ""4006708287"", ""num"": """"}","{""56"": ""车位充足"", ""52"": ""低容积"", ""9"": ""轨交房"", ""10"": ""多轨交"", ""72"": ""配套纯熟"", ""71"": ""便利店"", ""70"": ""银行"", ""69"": ""学校"", ""68"": ""医院"", ""66"": ""公园"", ""65"": ""商业街"", ""64"": ""购物中心"", ""78"": ""大户型"", ""638"": ""民办中学"", ""637"": ""公办中学"", ""636"": ""公办小学"", ""598"": ""民办幼儿园"", ""597"": ""公办幼儿园""}","[""车位充足"", ""低容积"", ""轨交房"", ""多轨交"", ""配套纯熟""]",https://pic4.ajkimg.com/display/xinfang/85625cfd56f26f9b221d59a4aa3a402d/275x206n.jpg,"[{""id"": ""7315827"", ""loupan_id"": ""383222"", ""station_id"": ""120426"", ""subway_id"": ""1045"", ""city_id"": ""30"", ""distance"": ""35米"", ""status"": ""1"", ""last_update_time"": ""1774212708"", ""is_rail_loupan"": ""1"", ""subway_name"": ""1号线"", ""station_name"": ""王家港"", ""distance_raw"": ""35""}, {""id"": ""7313724"", ""loupan_id"": ""383222"", ""station_id"": ""121254"", ""subway_id"": ""12071"", ""city_id"": ""30"", ""distance"": ""38米"", ""status"": ""1"", ""last_update_time"": ""1774212705"", ""is_rail_loupan"": ""1"", ""subway_name"": ""6号线"", ""station_name"": ""王家港"", ""distance_raw"": ""38""}, {""id"": ""7315417"", ""loupan_id"": ""383222"", ""station_id"": ""120357"", ""subway_id"": ""1045"", ""city_id"": ""30"", ""distance"": ""950米"", ""status"": ""1"", ""last_update_time"": ""1774212707"", ""is_rail_loupan"": ""1"", ""subway_name"": ""1号线"", ""station_name"": ""石油大学"", ""distance_raw"": ""950""}, {""id"": ""7314831"", ""loupan_id"": ""383222"", ""station_id"": ""4404"", ""subway_id"": ""123"", ""city_id"": ""30"", ""distance"": ""1416米"", ""status"": ""1"", ""last_update_time"": ""1774212706"", ""is_rail_loupan"": ""1"", ""subway_name"": ""西海岸快线"", ""station_name"": ""积米崖"", ""distance_raw"": ""1416""}]",青岛开发区长江西路王家港
7937759,天峰二期,青岛,30,李沧区,3642,李村,3690,青岛李沧区李村文昌路与十梅庵路交界处,,,,,89-101㎡,53300m²,78900m²,"[{""id"": 136312, ""rooms"": 2, ""room_alias"": ""二室"", ""area"": 89}, {""id"": 136311, ""rooms"": 3, ""room_alias"": ""三室"", ""area"": 101}]",2/3室,"2室户型,3室户型",2005-10-28,,2005年,2006年,[],"{独栋别墅,联排别墅,叠加别墅}",独栋别墅、联排别墅、叠加别墅,70年,1.1,40%,520,毛坯,,别墅,合景悠活,2.2元/㎡/月,,600,1：1,售罄,售罄,售罄,"[""青房注字(2015)第078号"", ""青房注字(2015)第039号""]",[],世茂,,保利（青岛）实业有限公司,民电,民水,36.207058,120.423767,"{""service_num"": ""4006708287"", ""num"": """"}","{""53"": ""高绿化率"", ""72"": ""配套纯熟"", ""70"": ""银行"", ""69"": ""学校"", ""68"": ""医院"", ""66"": ""公园"", ""65"": ""商业街"", ""64"": ""购物中心"", ""637"": ""公办中学"", ""636"": ""公办小学"", ""635"": ""民办小学"", ""624"": ""九年一贯制"", ""598"": ""民办幼儿园"", ""597"": ""公办幼儿园""}","[""高绿化率"", ""配套纯熟"", ""银行"", ""学校"", ""医院""]",https://pic4.ajkimg.com/display/xinfang/d024ad5e1d0ee335f5a8b9dc239b0b15/275x206n.jpg,[],李沧区文昌路与十梅庵路交界处
1987278,天美好里,青岛,30,莱西市,3648,莱西,3720,青岛莱西市莱西北京西路5号,,,,,77-173㎡,200000m²,460000m²,"[{""id"": 345644, ""rooms"": 2, ""room_alias"": ""二室"", ""area"": 77}, {""id"": 345645, ""rooms"": 2, ""room_alias"": ""二室"", ""area"": 97}, {""id"": 345646, ""rooms"": 2, ""room_alias"": ""二室"", ""area"": 98}, {""id"": 169308, ""rooms"": 2, ""room_alias"": ""二室"", ""area"": 99}, {""id"": 169311, ""rooms"": 3, ""room_alias"": ""三室"", ""area"": 101}, {""id"": 345647, ""rooms"": 3, ""room_alias"": ""三室"", ""area"": 107}, {""id"": 169313, ""rooms"": 3, ""room_alias"": ""三室"", ""area"": 123}, {""id"": 345648, ""rooms"": 3, ""room_alias"": ""三室"", ""area"": 123}, {""id"": 345649, ""rooms"": 3, ""room_alias"": ""三室"", ""area"": 125}, {""id"": 434440, ""rooms"": 3, ""room_alias"": ""三室"", ""area"": 132}, {""id"": 434441, ""rooms"": 3, ""room_alias"": ""三室"", ""area"": 132}, {""id"": 434435, ""rooms"": 3, ""room_alias"": ""三室"", ""area"": 173}]",2/3室,"2室户型,3室户型",2005-02-19,2018年12月26日,2005年,2006年,"[""2018-01-30"", ""2018-12-26""]",小高层,多层、小高层、高层,70年,2,30%,3300,毛坯,,住宅,中海物业,0.9元/㎡/月,,346,1:0.1,售罄,售罄,售罄,"[""西房注字(2018)006号"", ""西房注字（2018）055""]","[""9#、51#、52#、53#"", ""39#、40#、46#、47#、48#""]",新城控股,,青岛豪都置业有限公司,民电,民水,36.8999,120.520271,"""""","{""559"": ""现房"", ""81"": ""大阳台"", ""76"": ""厨卫全明"", ""75"": ""三房朝南"", ""74"": ""南北通透"", ""69"": ""学校"", ""66"": ""公园"", ""78"": ""大户型"", ""402"": ""玄关入户"", ""401"": ""户型方正"", ""85"": ""主卧套房"", ""83"": ""双阳台"", ""82"": ""双卫生间"", ""638"": ""民办中学"", ""637"": ""公办中学"", ""636"": ""公办小学"", ""598"": ""民办幼儿园"", ""597"": ""公办幼儿园"", ""263"": ""VR看房"", ""54"": ""大型社区""}","[""现房"", ""大阳台"", ""厨卫全明"", ""三房朝南"", ""南北通透""]",https://pic4.ajkimg.com/display/xinfang/b1b831c14be32db5110d140ba5f314fd/275x206n.jpg,[],莱西市北京西路5号(市政府西约800米)
3532405,城投半岛翠苑,青岛,30,平度市,3649,平度,3722,青岛平度市平度经四路及吉州路交汇处，青医附院北,,2399元/㎡,2399元/㎡,首付10万，月供2544元,101-136㎡,62949m²,219422.5m²,"[{""id"": 748960, ""rooms"": 3, ""room_alias"": ""三室"", ""area"": 101}, {""id"": 788089, ""rooms"": 3, ""room_alias"": ""三室"", ""area"": 101}, {""id"": 788090, ""rooms"": 3, ""room_alias"": ""三室"", ""area"": 104}, {""id"": 748957, ""rooms"": 3, ""room_alias"": ""三室"", ""area"": 124}, {""id"": 788091, ""rooms"": 3, ""room_alias"": ""三室"", ""area"": 125}, {""id"": 788092, ""rooms"": 3, ""room_alias"": ""三室"", ""area"": 136}]",3室,3室户型,2005-10-15,2022年01月20日,2005年,2006年,"[""2022-04-24"", ""2022-04-24"", ""2021-12-21""]",洋房,小高层、高层,70年,2.62,30%,1156,毛坯,已竣工，竣工时间：2022-04-30,住宅,绿城服务,2.98元/㎡/月,,1384,1:1.2,售罄,售罄,售罄,"[""鲁（2022）平度市不动产权第0005694号"", ""鲁（2022）平度市不动产权第0005693号"", ""青房注字（平注）第（2021）083号""]","[""12#、5#"", ""1#、2#、6#、7#、8#"", ""17#""]",新城控股,,青岛平度控股集团有限公司,民电,民水,36.725512,119.971337,"""""","{""559"": ""现房"", ""557"": ""项目竣工"", ""482"": ""国企开发"", ""56"": ""车位充足"", ""76"": ""厨卫全明"", ""74"": ""南北通透"", ""78"": ""大户型"", ""404"": ""客餐厅相连"", ""403"": ""私密性好"", ""402"": ""玄关入户"", ""401"": ""户型方正"", ""85"": ""主卧套房"", ""82"": ""双卫生间"", ""637"": ""公办中学"", ""636"": ""公办小学"", ""598"": ""民办幼儿园"", ""597"": ""公办幼儿园"", ""279"": ""品质好房"", ""278"": ""高性价比"", ""263"": ""VR看房"", ""131"": ""远郊新城"", ""97"": ""刚需直选""}","[""现房"", ""项目竣工"", ""国企开发"", ""车位充足"", ""厨卫全明""]",https://pic4.ajkimg.com/display/xinfang/4673826c5ec982239ec8e0b02ef5abf6/275x206n.jpg,[],平度市经四路和吉州路交汇处
7972382,悦新村一期,青岛,30,即墨区,3645,即墨市,3714,青岛即墨区即墨市天山二路159号,,,,,,70000m²,80000m²,[],,,2005-07-28,,2005年,2006年,[],"{高层,联排别墅,多层}",高层,70年,1.1,40%,60,毛坯,,商业,中海物业,0.6元/㎡/月,,,1:1,售罄,售罄,售罄,"[""即房(2014)注字052""]",[],华润,,,商电,商水,36.337213,120.360937,"""""","{""9"": ""轨交房"", ""63"": ""旅游地产"", ""72"": ""配套纯熟"", ""70"": ""银行"", ""68"": ""医院"", ""66"": ""公园"", ""65"": ""商业街"", ""64"": ""购物中心"", ""55"": ""小型社区""}","[""轨交房"", ""旅游地产"", ""配套纯熟"", ""银行"", ""医院""]",https://pic4.ajkimg.com/display/xinfang/04b35080e06183916e45def3f3ca79a2/275x206n.jpg,"[{""id"": ""7313541"", ""loupan_id"": ""383192"", ""station_id"": ""121220"", ""subway_id"": ""12070"", ""city_id"": ""30"", ""distance"": ""216米"", ""status"": ""1"", ""last_update_time"": ""1774212705"", ""is_rail_loupan"": ""1"", ""subway_name"": ""15号线"", ""station_name"": ""天山二路"", ""distance_raw"": ""216""}]",即墨市天山二路159号
9591452,紫阳光阁,青岛,30,黄岛区,4516,长江路,5213,青岛黄岛区长江路长江中路北侧、嘉陵江东路北侧,,,,,93-148㎡,12700m²,33109m²,"[{""id"": 55442, ""rooms"": 2, ""room_alias"": ""二室"", ""area"": 92.53}, {""id"": 55439, ""rooms"": 2, ""room_alias"": ""二室"", ""area"": 94.62}, {""id"": 55447, ""rooms"": 2, ""room_alias"": ""二室"", ""area"": 95.33}, {""id"": 55438, ""rooms"": 2, ""room_alias"": ""二室"", ""area"": 96.01}, {""id"": 55446, ""rooms"": 3, ""room_alias"": ""三室"", ""area"": 100.43}, {""id"": 55441, ""rooms"": 3, ""room_alias"": ""三室"", ""area"": 147.89}]",2/3室,"2室户型,3室户型",2005-11-27,,2005年,2006年,[],{高层},高层,70年,3,40%,252,带装修,,住宅,雅生活服务,1.6元/㎡/月,,200,1:1,售罄,售罄,售罄,[],[],世茂,,青岛万德丰实业发展有限公司,民电,民水,35.986116,120.24161,"""""","{""53"": ""高绿化率"", ""29"": ""装修交付"", ""9"": ""轨交房"", ""63"": ""旅游地产"", ""72"": ""配套纯熟"", ""71"": ""便利店"", ""70"": ""银行"", ""69"": ""学校"", ""68"": ""医院"", ""67"": ""生态绿地"", ""66"": ""公园"", ""65"": ""商业街"", ""78"": ""大户型"", ""637"": ""公办中学"", ""636"": ""公办小学"", ""599"": ""省级示范园"", ""598"": ""民办幼儿园"", ""597"": ""公办幼儿园"", ""55"": ""小型社区""}","[""高绿化率"", ""装修交付"", ""轨交房"", ""旅游地产"", ""配套纯熟""]",https://pic4.ajkimg.com/display/xinfang/dff2c5e9ffd7c645845a20b71106a707/275x206n.jpg,"[{""id"": ""7314407"", ""loupan_id"": ""241830"", ""station_id"": ""120347"", ""subway_id"": ""1045"", ""city_id"": ""30"", ""distance"": ""1000米"", ""status"": ""1"", ""last_update_time"": ""1774212706"", ""is_rail_loupan"": ""1"", ""subway_name"": ""1号线"", ""station_name"": ""薛家岛"", ""distance_raw"": ""1000""}, {""id"": ""7315720"", ""loupan_id"": ""241830"", ""station_id"": ""120439"", ""subway_id"": ""1045"", ""city_id"": ""30"", ""distance"": ""1441米"", ""status"": ""1"", ""last_update_time"": ""1774212708"", ""is_rail_loupan"": ""1"", ""subway_name"": ""1号线"", ""station_name"": ""天目山"", ""distance_raw"": ""1441""}]",开发区长江东路北侧、青云山698号
3045372,东佳东方林,青岛,30,西海岸新区,3646,其他,10173,青岛西海岸新区其他王台镇巨洋路66号,,,,,77㎡,17699m²,36805m²,"[{""id"": 145936, ""rooms"": 2, ""room_alias"": ""二室"", ""area"": 77}]",2室,2室户型,2005-10-02,,2005年,2006年,[],多层,多层,70年,2.06,35%,394,毛坯,,住宅,雅生活服务,0.2元/㎡/月,,350,1:0.8,售罄,售罄,售罄,[],[],保利,,,民电,民水,36.072546,120.019484,"""""","{""72"": ""配套纯熟"", ""70"": ""银行"", ""69"": ""学校"", ""68"": ""医院"", ""66"": ""公园"", ""65"": ""商业街"", ""64"": ""购物中心"", ""637"": ""公办中学"", ""636"": ""公办小学"", ""598"": ""民办幼儿园"", ""597"": ""公办幼儿园""}","[""配套纯熟"", ""银行"", ""学校"", ""医院"", ""公园""]",https://pic4.ajkimg.com/display/xinfang/144c57135177abbf16c50aa8c28ad9cb/275x206n.jpg,[],胶南市王台镇巨洋路66号
5695482,龙邸,青岛,30,平度市,3649,平度,3722,青岛平度市平度平度市红旗路与苏州路交汇处（原财政局）,,3187元/㎡,3187元/㎡,首付11万，月供2795元,84-142㎡,25000m²,65000m²,"[{""id"": 555617, ""rooms"": 2, ""room_alias"": ""二室"", ""area"": 84}, {""id"": 555635, ""rooms"": 3, ""room_alias"": ""三室"", ""area"": 98}, {""id"": 555637, ""rooms"": 3, ""room_alias"": ""三室"", ""area"": 98}, {""id"": 555622, ""rooms"": 3, ""room_alias"": ""三室"", ""area"": 116}, {""id"": 555621, ""rooms"": 3, ""room_alias"": ""三室"", ""area"": 118}, {""id"": 555624, ""rooms"": 3, ""room_alias"": ""三室"", ""area"": 118}, {""id"": 555627, ""rooms"": 3, ""room_alias"": ""三室"", ""area"": 118}, {""id"": 555630, ""rooms"": 4, ""room_alias"": ""四室"", ""area"": 142}, {""id"": 555632, ""rooms"": 4, ""room_alias"": ""四室"", ""area"": 142}]",2/3/4室,"2室户型,3室户型,4室户型",2005-06-03,2020年06月27日,2005年,2006年,"[""2020-06-01"", ""2020-06-23""]",{小高层},小高层,70年,1.8,30%,347,毛坯,在建中，竣工时间：2022-09-30,住宅,合景悠活,2.7元/㎡/月,,347,485,售罄,售罄,售罄,"[""平房注字(2020)021"", ""青房注字（平注）第（2020）031号""]","[""1#、2#"", ""3#、4#、5#、6#""]",华侨城,,青岛君实置业有限公司,民电,民水,36.79799,119.971481,"{""service_num"": ""4006708287"", ""num"": """"}","{""559"": ""现房"", ""81"": ""大阳台"", ""52"": ""低容积"", ""76"": ""厨卫全明"", ""74"": ""南北通透"", ""7"": ""项目在建"", ""32"": ""绿色住宅"", ""78"": ""大户型"", ""404"": ""客餐厅相连"", ""402"": ""玄关入户"", ""401"": ""户型方正"", ""85"": ""主卧套房"", ""83"": ""双阳台"", ""638"": ""民办中学"", ""637"": ""公办中学"", ""636"": ""公办小学"", ""635"": ""民办小学"", ""598"": ""民办幼儿园"", ""597"": ""公办幼儿园"", ""263"": ""VR看房""}","[""现房"", ""大阳台"", ""低容积"", ""厨卫全明"", ""南北通透""]",https://pic4.ajkimg.com/display/xinfang/199bab68a55cc226a197730fdc6e25db/275x206n.jpg,[],平度市红旗路广播电视局旁金悦相府售楼处
1747186,新翠竹舍,青岛,30,西海岸新区,3646,滨海大道,5211,青岛西海岸新区滨海大道寨子山路237号,,4112元/㎡,4112元/㎡,首付25万，月供6092元,105-142㎡,27026m²,66329.8m²,"[{""id"": 497635, ""rooms"": 3, ""room_alias"": ""三室"", ""area"": 105}, {""id"": 497637, ""rooms"": 3, ""room_alias"": ""三室"", ""area"": 118}, {""id"": 497639, ""rooms"": 4, ""room_alias"": ""四室"", ""area"": 142}]",3/4室,"3室户型,4室户型",2005-12-09,2020年03月22日,2005年,2006年,"[""2020-07-09"", ""2020-03-21"", ""2019-12-10"", ""2019-01-22""]","{多层,小高层}",多层、小高层,70年,1.8,35%,264,毛坯,,住宅,雅生活服务,2.5~3元/㎡/月,,264,1:1,售罄,售罄,售罄,"[""青房注字青黄20第028号"", ""青房注字青黄20第017号"", ""青房注字（青黄19）第234号"", ""青房注字（青黄19）第211号""]","[""4#"", ""2#""]",绿城,金科地产,青岛悦茂房地产开发有限公司,民电,民水,35.851007,120.030472,"""""","{""559"": ""现房"", ""101"": ""自持物业"", ""52"": ""低容积"", ""151"": ""预约登记"", ""60"": ""海景地产"", ""637"": ""公办中学"", ""636"": ""公办小学"", ""635"": ""民办小学"", ""598"": ""民办幼儿园"", ""597"": ""公办幼儿园"", ""263"": ""VR看房"", ""213"": ""地铁沿线"", ""55"": ""小型社区"", ""50"": ""品牌开发商""}","[""现房"", ""自持物业"", ""低容积"", ""预约登记"", ""海景地产""]",https://pic4.ajkimg.com/display/xinfang/e7ac3c3f7de12dfaef21b968ee7f9b9c/275x206n.jpg,[],青岛市黄岛区碧桂园翡翠台商铺985号
8649096,金色云天林,青岛,30,市南区,3639,香港路沿线,3653,青岛市南区香港路沿线市南东海一路25号（湛山寺附近）,,,,,89㎡,住宅：19507m² 别墅：19507m²,住宅：33020m² 别墅：33020m²,"[{""id"": 54822, ""rooms"": 2, ""room_alias"": ""二室"", ""area"": 89.31}]",2室,2室户型,2005-05-06,,2005年,2006年,[],{多层},住宅：多层,住宅：70年 别墅：70年,住宅：1.1,住宅：40% 别墅：40%,住宅：204 别墅：204,住宅：带装修 别墅：带装修,,住宅,华润万象生活,住宅：2元/㎡/月,,,,售罄,售罄,售罄,[],[],朗诗,,青岛亚建实业有限公司,住宅：民电,住宅：民水,36.082017,120.39119,"""""","{""53"": ""高绿化率"", ""52"": ""低容积"", ""29"": ""装修交付"", ""9"": ""轨交房"", ""10"": ""多轨交"", ""72"": ""配套纯熟"", ""71"": ""便利店"", ""70"": ""银行"", ""69"": ""学校"", ""68"": ""医院"", ""67"": ""生态绿地"", ""66"": ""公园"", ""65"": ""商业街"", ""64"": ""购物中心"", ""638"": ""民办中学"", ""637"": ""公办中学"", ""636"": ""公办小学"", ""635"": ""民办小学"", ""598"": ""民办幼儿园"", ""597"": ""公办幼儿园"", ""55"": ""小型社区""}","[""高绿化率"", ""低容积"", ""装修交付"", ""轨交房"", ""多轨交""]",https://pic4.ajkimg.com/display/xinfang/624ff5fc04486f92e826a0612e7250a1/275x206n.jpg,"[{""id"": ""7314100"", ""loupan_id"": ""241800"", ""station_id"": ""4477"", ""subway_id"": ""126"", ""city_id"": ""30"", ""distance"": ""650米"", ""status"": ""1"", ""last_update_time"": ""1774212706"", ""is_rail_loupan"": ""1"", ""subway_name"": ""2号线"", ""station_name"": ""芝泉路"", ""distance_raw"": ""650""}, {""id"": ""7314589"", ""loupan_id"": ""241800"", ""station_id"": ""4373"", ""subway_id"": ""121"", ""city_id"": ""30"", ""distance"": ""1345米"", ""status"": ""1"", ""last_update_time"": ""1774212706"", ""is_rail_loupan"": ""1"", ""subway_name"": ""3号线"", ""station_name"": ""延安三路"", ""distance_raw"": ""1345""}]",闽江路与闽江四路交汇处贵合新园
202513,嘉墅A区,青岛,30,城阳区,3644,高新区,6139,青岛城阳区高新区火炬路117号,,3084元/㎡,3084元/㎡,首付5万，月供1254元,39-52㎡,107800m²,117700m²,"[{""id"": 596997, ""rooms"": 1, ""room_alias"": ""一室"", ""area"": 39}, {""id"": 596999, ""rooms"": 1, ""room_alias"": ""一室"", ""area"": 52}]",1室,商业户型,2005-05-04,2020年08月21日,2005年,2006年,"[""2020-08-12""]",{高层},高层,40年,2.1,30%,402,毛坯,,商业,万科物业,4.5元/㎡/月,,522,1:1.3,售罄,售罄,售罄,"[""青房注字（高20）第030号""]","[""28#、29#、30#""]",中梁,卓越置业,卓越集团,商电,商水,36.256493,120.235849,"{""service_num"": ""4006708287"", ""num"": """"}","{""559"": ""现房"", ""56"": ""车位充足"", ""50"": ""品牌开发商""}","[""现房"", ""车位充足"", ""品牌开发商""]",https://pic4.ajkimg.com/display/xinfang/79ecf53983c522a28d9b219736932590/275x206n.jpg,[],青岛市城阳区高新区火炬路117号
5582860,银白鸽城,青岛,30,城阳区,3644,白沙湾,5204,青岛城阳区白沙湾双元路16号,,,,,200-208㎡,112000m²,119121m²,[],别墅,别墅户型,2005-05-26,,2005年,2006年,[],高层,,,,36%,584,毛坯,,别墅,万科物业,,,584,1:1,售罄,售罄,售罄,[],[],招商蛇口,,龙湖集团,民电,民水,36.261223,120.330293,"""""","{""53"": ""高绿化率"", ""72"": ""配套纯熟"", ""70"": ""银行"", ""69"": ""学校"", ""68"": ""医院"", ""66"": ""公园"", ""65"": ""商业街"", ""64"": ""购物中心"", ""78"": ""大户型"", ""638"": ""民办中学"", ""637"": ""公办中学"", ""636"": ""公办小学"", ""598"": ""民办幼儿园"", ""597"": ""公办幼儿园""}","[""高绿化率"", ""配套纯熟"", ""银行"", ""学校"", ""医院""]",https://pic4.ajkimg.com/display/xinfang/b61f65a3ffde2fd90c66125b897e5890/275x206n.jpg,[],青岛城阳区双元路16号
1951031,城建云天源,青岛,30,崂山区,3643,海尔路,3697,青岛崂山区海尔路劲松六路96号,,,,,94-131㎡,26000m²,90000m²,"[{""id"": 66999, ""rooms"": 2, ""room_alias"": ""二室"", ""area"": 94}, {""id"": 67000, ""rooms"": 2, ""room_alias"": ""二室"", ""area"": 94}, {""id"": 67004, ""rooms"": 3, ""room_alias"": ""三室"", ""area"": 125}, {""id"": 67003, ""rooms"": 3, ""room_alias"": ""三室"", ""area"": 131}]",2/3室,"2室户型,3室户型",2005-04-16,,2005年,2006年,[],{高层},高层,70年,2.81,35%,386,毛坯,,住宅,雅生活服务,1.6元/㎡/月,,310,,售罄,售罄,售罄,[],[],融创,,青岛城市建设集团股份有限公司,民电,民水,36.120617,120.461767,"{""service_num"": ""4006708287"", ""num"": """"}","{""9"": ""轨交房"", ""10"": ""多轨交"", ""72"": ""配套纯熟"", ""71"": ""便利店"", ""70"": ""银行"", ""69"": ""学校"", ""68"": ""医院"", ""66"": ""公园"", ""65"": ""商业街"", ""64"": ""购物中心"", ""78"": ""大户型"", ""638"": ""民办中学"", ""637"": ""公办中学"", ""636"": ""公办小学"", ""635"": ""民办小学"", ""624"": ""九年一贯制"", ""599"": ""省级示范园"", ""598"": ""民办幼儿园"", ""597"": ""公办幼儿园""}","[""轨交房"", ""多轨交"", ""配套纯熟"", ""便利店"", ""银行""]",https://pic4.ajkimg.com/display/xinfang/ff290986a4f21344c0fd36b9bb80e627/275x206n.jpg,"[{""id"": ""7314185"", ""loupan_id"": ""246858"", ""station_id"": ""120741"", ""subway_id"": ""12051"", ""city_id"": ""30"", ""distance"": ""364米"", ""status"": ""1"", ""last_update_time"": ""1774212706"", ""is_rail_loupan"": ""1"", ""subway_name"": ""4号线"", ""station_name"": ""辽阳东路"", ""distance_raw"": ""364""}, {""id"": ""7315599"", ""loupan_id"": ""246858"", ""station_id"": ""4489"", ""subway_id"": ""126"", ""city_id"": ""30"", ""distance"": ""367米"", ""status"": ""1"", ""last_update_time"": ""1774212707"", ""is_rail_loupan"": ""1"", ""subway_name"": ""2号线"", ""station_name"": ""辽阳东路"", ""distance_raw"": ""367""}, {""id"": ""7315597"", ""loupan_id"": ""246858"", ""station_id"": ""4488"", ""subway_id"": ""126"", ""city_id"": ""30"", ""distance"": ""1220米"", ""status"": ""1"", ""last_update_time"": ""1774212707"", ""is_rail_loupan"": ""1"", ""subway_name"": ""2号线"", ""station_name"": ""同安路"", ""distance_raw"": ""1220""}, {""id"": ""7314188"", ""loupan_id"": ""246858"", ""station_id"": ""120742"", ""subway_id"": ""12051"", ""city_id"": ""30"", ""distance"": ""1346米"", ""status"": ""1"", ""last_update_time"": ""1774212706"", ""is_rail_loupan"": ""1"", ""subway_name"": ""4号线"", ""station_name"": ""大埠东"", ""distance_raw"": ""1346""}, {""id"": ""7314390"", ""loupan_id"": ""246858"", ""station_id"": ""121188"", ""subway_id"": ""12068"", ""city_id"": ""30"", ""distance"": ""1350米"", ""status"": ""1"", ""last_update_time"": ""1774212706"", ""is_rail_loupan"": ""1"", ""subway_name"": ""5号线"", ""station_name"": ""大埠东"", ""distance_raw"": ""1350""}]",合肥路与劲松五路交汇处，春光山色二期底商
1059949,银墅A区,青岛,30,市南区,3639,西镇,3660,青岛市南区西镇莱阳路8号乙,,41127元/㎡,41127元/㎡,首付549万，月供131161元,298-460㎡,住宅：28801m² 别墅：28801m²,住宅：34560m² 别墅：34560m²,"[{""id"": 749570, ""rooms"": 3, ""room_alias"": ""三室"", ""area"": 298}, {""id"": 452472, ""rooms"": 3, ""room_alias"": ""三室"", ""area"": 305}, {""id"": 758018, ""rooms"": 4, ""room_alias"": ""四室"", ""area"": 306}, {""id"": 742575, ""rooms"": 4, ""room_alias"": ""四室"", ""area"": 460}]",3/4室,"3室户型,4室户型",2005-11-12,2016年09月30日,2005年,2006年,"[""2018-03-19""]",别墅,住宅：多层 别墅：独栋别墅、联排别墅,住宅：70年 别墅：70年,住宅：1.2 别墅：1.2,住宅：30% 别墅：30%,住宅：65 别墅：65,住宅：毛坯 别墅：毛坯,已封顶，竣工时间：2018-12-31,住宅,融创服务,住宅：15元/㎡/月 别墅：15元/㎡/月,,住宅：591 别墅：591,住宅：1:9.09 别墅：1:9.09,售罄,售罄,售罄,"[""青房注字（2016）第061号""]","[""11#""]",远洋,,青岛中润置业集团有限公司,住宅：民电,住宅：民水,36.050806,120.323307,"{""service_num"": ""4006708287"", ""num"": ""29720""}","{""559"": ""现房"", ""81"": ""大阳台"", ""56"": ""车位充足"", ""52"": ""低容积"", ""9"": ""轨交房"", ""8"": ""项目封顶"", ""74"": ""南北通透"", ""10"": ""多轨交"", ""72"": ""配套纯熟"", ""71"": ""便利店"", ""69"": ""学校"", ""68"": ""医院"", ""66"": ""公园"", ""64"": ""购物中心"", ""78"": ""大户型"", ""404"": ""客餐厅相连"", ""402"": ""玄关入户"", ""401"": ""户型方正"", ""85"": ""主卧套房"", ""83"": ""双阳台"", ""82"": ""双卫生间"", ""90"": ""人气楼盘"", ""638"": ""民办中学"", ""637"": ""公办中学"", ""636"": ""公办小学"", ""635"": ""民办小学"", ""598"": ""民办幼儿园"", ""597"": ""公办幼儿园"", ""263"": ""VR看房"", ""55"": ""小型社区""}","[""现房"", ""大阳台"", ""车位充足"", ""低容积"", ""轨交房""]",https://pic4.ajkimg.com/display/xinfang/a8bc55a1823cfde3d210ca3d354c79ee/275x206n.jpg,"[{""id"": ""7250008"", ""loupan_id"": ""415169"", ""station_id"": ""120727"", ""subway_id"": ""12051"", ""city_id"": ""30"", ""distance"": ""393米"", ""status"": ""1"", ""last_update_time"": ""1774212708"", ""is_rail_loupan"": ""1"", ""subway_name"": ""4号线"", ""station_name"": ""人民会堂"", ""distance_raw"": ""393""}, {""id"": ""7168172"", ""loupan_id"": ""415169"", ""station_id"": ""4377"", ""subway_id"": ""121"", ""city_id"": ""30"", ""distance"": ""396米"", ""status"": ""1"", ""last_update_time"": ""1774212708"", ""is_rail_loupan"": ""1"", ""subway_name"": ""3号线"", ""station_name"": ""人民会堂"", ""distance_raw"": ""396""}, {""id"": ""7250007"", ""loupan_id"": ""415169"", ""station_id"": ""120728"", ""subway_id"": ""12051"", ""city_id"": ""30"", ""distance"": ""1162米"", ""status"": ""1"", ""last_update_time"": ""1774212708"", ""is_rail_loupan"": ""1"", ""subway_name"": ""4号线"", ""station_name"": ""信号山(青大附院)"", ""distance_raw"": ""1162""}, {""id"": ""7168168"", ""loupan_id"": ""415169"", ""station_id"": ""4376"", ""subway_id"": ""121"", ""city_id"": ""30"", ""distance"": ""1439米"", ""status"": ""1"", ""last_update_time"": ""1774212708"", ""is_rail_loupan"": ""1"", ""subway_name"": ""3号线"", ""station_name"": ""汇泉广场"", ""distance_raw"": ""1439""}]",市南区莱阳路8号乙
2012272,宏翡翠名城,青岛,30,市南区,3639,香港路沿线,3653,青岛市南区香港路沿线漳州二路19号（佳世客步行街与漳州二路交界处）,,,,,100-132㎡,25640m²,22859m²,"[{""id"": 51965, ""rooms"": 2, ""room_alias"": ""二室"", ""area"": 115.35}, {""id"": 51964, ""rooms"": 3, ""room_alias"": ""三室"", ""area"": 100.28}, {""id"": 51963, ""rooms"": 3, ""room_alias"": ""三室"", ""area"": 131.89}]",2/3室,"2室户型,3室户型",2005-11-08,,2005年,2006年,[],"{多层,小高层,高层}",多层、小高层、高层,70年,5.9,25%,173,带装修,,住宅,中海物业,,,,,售罄,售罄,售罄,[],[],世茂,,,民电,民水,36.082218,120.391674,"{""service_num"": ""4006708287"", ""num"": """"}","{""29"": ""装修交付"", ""9"": ""轨交房"", ""63"": ""旅游地产"", ""72"": ""配套纯熟"", ""71"": ""便利店"", ""70"": ""银行"", ""69"": ""学校"", ""68"": ""医院"", ""67"": ""生态绿地"", ""66"": ""公园"", ""65"": ""商业街"", ""64"": ""购物中心"", ""78"": ""大户型"", ""638"": ""民办中学"", ""637"": ""公办中学"", ""636"": ""公办小学"", ""635"": ""民办小学"", ""598"": ""民办幼儿园"", ""597"": ""公办幼儿园"", ""55"": ""小型社区""}","[""装修交付"", ""轨交房"", ""旅游地产"", ""配套纯熟"", ""便利店""]",https://pic4.ajkimg.com/display/xinfang/ebccc1bf9274e7b5ef1e5d9f5711b88d/275x206n.jpg,"[{""id"": ""7315684"", ""loupan_id"": ""241818"", ""station_id"": ""4480"", ""subway_id"": ""126"", ""city_id"": ""30"", ""distance"": ""399米"", ""status"": ""1"", ""last_update_time"": ""1774212708"", ""is_rail_loupan"": ""1"", ""subway_name"": ""2号线"", ""station_name"": ""燕儿岛路"", ""distance_raw"": ""399""}, {""id"": ""7315666"", ""loupan_id"": ""241818"", ""station_id"": ""4479"", ""subway_id"": ""126"", ""city_id"": ""30"", ""distance"": ""1038米"", ""status"": ""1"", ""last_update_time"": ""1774212708"", ""is_rail_loupan"": ""1"", ""subway_name"": ""2号线"", ""station_name"": ""浮山所"", ""distance_raw"": ""1038""}, {""id"": ""7315685"", ""loupan_id"": ""241818"", ""station_id"": ""4481"", ""subway_id"": ""126"", ""city_id"": ""30"", ""distance"": ""1114米"", ""status"": ""1"", ""last_update_time"": ""1774212708"", ""is_rail_loupan"": ""1"", ""subway_name"": ""2号线"", ""station_name"": ""高雄路"", ""distance_raw"": ""1114""}]",市南区漳州二路19号（佳世客步行街与漳州二路交界处）
7470319,隆海银河邸,青岛,30,西海岸新区,3646,滨海大道,5211,青岛西海岸新区滨海大道琅琊台风景区管委会东500米,,,,,105-279㎡,45000m²,39000m²,"[{""id"": 145778, ""rooms"": 2, ""room_alias"": ""二室"", ""area"": 105}, {""id"": 145779, ""rooms"": 2, ""room_alias"": ""二室"", ""area"": 107}, {""id"": 145777, ""rooms"": 3, ""room_alias"": ""三室"", ""area"": 186}, {""id"": 145776, ""rooms"": 4, ""room_alias"": ""四室"", ""area"": 187}, {""id"": 372171, ""rooms"": 5, ""room_alias"": ""五室"", ""area"": 279}]",别墅,别墅户型,2005-08-03,,2005年,2006年,"[""2016-08-10"", ""2015-09-23""]",{},,,,41%,324,毛坯,,别墅,招商积余,,,324,1:1,售罄,售罄,售罄,"[""南房注字(2014)第034"", ""青房注字胶南(2015)第038""]","[""64#"", ""84# 87# 88# 89#""]",中梁,,,民电,民水,35.899043,120.038383,"""""","{""53"": ""高绿化率"", ""9"": ""轨交房"", ""72"": ""配套纯熟"", ""71"": ""便利店"", ""70"": ""银行"", ""69"": ""学校"", ""68"": ""医院"", ""66"": ""公园"", ""65"": ""商业街"", ""64"": ""购物中心"", ""78"": ""大户型"", ""637"": ""公办中学"", ""636"": ""公办小学"", ""635"": ""民办小学"", ""598"": ""民办幼儿园"", ""597"": ""公办幼儿园""}","[""高绿化率"", ""轨交房"", ""配套纯熟"", ""便利店"", ""银行""]",https://pic4.ajkimg.com/display/xinfang/6ab45416ea686e34fe60efa6db838f8a/275x206n.jpg,"[{""id"": ""7314068"", ""loupan_id"": ""298350"", ""station_id"": ""121244"", ""subway_id"": ""12071"", ""city_id"": ""30"", ""distance"": ""129米"", ""status"": ""1"", ""last_update_time"": ""1774212706"", ""is_rail_loupan"": ""1"", ""subway_name"": ""6号线"", ""station_name"": ""海南路"", ""distance_raw"": ""129""}, {""id"": ""7314067"", ""loupan_id"": ""298350"", ""station_id"": ""121243"", ""subway_id"": ""12071"", ""city_id"": ""30"", ""distance"": ""1169米"", ""status"": ""1"", ""last_update_time"": ""1774212706"", ""is_rail_loupan"": ""1"", ""subway_name"": ""6号线"", ""station_name"": ""朝阳山路"", ""distance_raw"": ""1169""}, {""id"": ""7314070"", ""loupan_id"": ""298350"", ""station_id"": ""121245"", ""subway_id"": ""12071"", ""city_id"": ""30"", ""distance"": ""1341米"", ""status"": ""1"", ""last_update_time"": ""1774212706"", ""is_rail_loupan"": ""1"", ""subway_name"": ""6号线"", ""station_name"": ""红树林"", ""distance_raw"": ""1341""}]",青岛西海岸琅琊台风景区管委会东800米
3413175,博都A区,青岛,30,市南区,3639,香港路沿线,3653,青岛市南区香港路沿线市南燕儿岛路8号（颐中皇冠假日酒店南）,,,,,78-381㎡,住宅：8500m² 别墅：8500m²,住宅：110000m² 别墅：110000m²,"[{""id"": 43956, ""rooms"": 1, ""room_alias"": ""一室"", ""area"": 77.89}, {""id"": 43964, ""rooms"": 1, ""room_alias"": ""一室"", ""area"": 86.18}, {""id"": 43957, ""rooms"": 1, ""room_alias"": ""一室"", ""area"": 91.35}, {""id"": 43960, ""rooms"": 1, ""room_alias"": ""一室"", ""area"": 114.35}, {""id"": 43955, ""rooms"": 1, ""room_alias"": ""一室"", ""area"": 119.94}, {""id"": 43958, ""rooms"": 2, ""room_alias"": ""二室"", ""area"": 100.24}, {""id"": 43963, ""rooms"": 2, ""room_alias"": ""二室"", ""area"": 143.28}, {""id"": 43954, ""rooms"": 2, ""room_alias"": ""二室"", ""area"": 158}, {""id"": 43959, ""rooms"": 2, ""room_alias"": ""二室"", ""area"": 173.46}, {""id"": 43961, ""rooms"": 2, ""room_alias"": ""二室"", ""area"": 202.75}, {""id"": 43962, ""rooms"": 5, ""room_alias"": ""五室"", ""area"": 381.27}]",1/2/5室,"1室户型,2室户型,5室户型",2005-04-12,,2005年,2006年,[],洋房,住宅：高层,住宅：70年 别墅：70年,住宅：9.99,住宅：25% 别墅：25%,住宅：311 别墅：311,住宅：带装修 别墅：带装修,,住宅,新城悦服务,住宅：6.5元/㎡/月,,住宅：300 别墅：300,,售罄,售罄,售罄,[],[],招商蛇口,,青岛凯悦置业,住宅：民电,住宅：民水,36.061505,120.408551,"""""","{""29"": ""装修交付"", ""9"": ""轨交房"", ""72"": ""配套纯熟"", ""71"": ""便利店"", ""70"": ""银行"", ""69"": ""学校"", ""68"": ""医院"", ""67"": ""生态绿地"", ""66"": ""公园"", ""65"": ""商业街"", ""64"": ""购物中心"", ""78"": ""大户型"", ""638"": ""民办中学"", ""637"": ""公办中学"", ""636"": ""公办小学"", ""635"": ""民办小学"", ""598"": ""民办幼儿园"", ""597"": ""公办幼儿园""}","[""装修交付"", ""轨交房"", ""配套纯熟"", ""便利店"", ""银行""]",https://pic4.ajkimg.com/display/xinfang/d049b14b8161176bcb1f1f4e78a1e42a/275x206n.jpg,"[{""id"": ""7316331"", ""loupan_id"": ""241902"", ""station_id"": ""4480"", ""subway_id"": ""126"", ""city_id"": ""30"", ""distance"": ""430米"", ""status"": ""1"", ""last_update_time"": ""1774212708"", ""is_rail_loupan"": ""1"", ""subway_name"": ""2号线"", ""station_name"": ""燕儿岛路"", ""distance_raw"": ""430""}, {""id"": ""7316334"", ""loupan_id"": ""241902"", ""station_id"": ""4479"", ""subway_id"": ""126"", ""city_id"": ""30"", ""distance"": ""915米"", ""status"": ""1"", ""last_update_time"": ""1774212708"", ""is_rail_loupan"": ""1"", ""subway_name"": ""2号线"", ""station_name"": ""浮山所"", ""distance_raw"": ""915""}, {""id"": ""7316332"", ""loupan_id"": ""241902"", ""station_id"": ""4481"", ""subway_id"": ""126"", ""city_id"": ""30"", ""distance"": ""1195米"", ""status"": ""1"", ""last_update_time"": ""1774212708"", ""is_rail_loupan"": ""1"", ""subway_name"": ""2号线"", ""station_name"": ""高雄路"", ""distance_raw"": ""1195""}]",燕儿岛路8号（颐中皇冠假日酒店南）
6136726,世青山新村,青岛,30,崂山区,3643,石老人,3704,青岛崂山区石老人崂山海口路247号（北临香港东路，山东头对面）,,,,,,住宅：56000m² 别墅：56000m²,住宅：20000m² 别墅：20000m²,[],,,2005-12-20,,2005年,2006年,[],{高层},住宅：高层,,住宅：2.8,住宅：40% 别墅：40%,住宅：170 别墅：170,,,住宅,新城悦服务,住宅：2.2元/㎡/月,,,,售罄,售罄,售罄,[],[],旭辉,,青岛市崂山五环房地产开发建设有限公司,住宅：民电,住宅：民水,36.107091,120.463571,"{""service_num"": ""4006708287"", ""num"": """"}","{""53"": ""高绿化率"", ""9"": ""轨交房"", ""10"": ""多轨交"", ""72"": ""配套纯熟"", ""71"": ""便利店"", ""70"": ""银行"", ""69"": ""学校"", ""68"": ""医院"", ""66"": ""公园"", ""65"": ""商业街"", ""64"": ""购物中心"", ""637"": ""公办中学"", ""636"": ""公办小学"", ""635"": ""民办小学"", ""599"": ""省级示范园"", ""598"": ""民办幼儿园"", ""597"": ""公办幼儿园"", ""55"": ""小型社区""}","[""高绿化率"", ""轨交房"", ""多轨交"", ""配套纯熟"", ""便利店""]",https://pic4.ajkimg.com/display/xinfang/a9498f5f5f5d933938bb000d4ac985d0/275x206n.jpg,"[{""id"": ""7315183"", ""loupan_id"": ""241793"", ""station_id"": ""4488"", ""subway_id"": ""126"", ""city_id"": ""30"", ""distance"": ""581米"", ""status"": ""1"", ""last_update_time"": ""1774212707"", ""is_rail_loupan"": ""1"", ""subway_name"": ""2号线"", ""station_name"": ""同安路"", ""distance_raw"": ""581""}, {""id"": ""7315364"", ""loupan_id"": ""241793"", ""station_id"": ""4379"", ""subway_id"": ""122"", ""city_id"": ""30"", ""distance"": ""1233米"", ""status"": ""1"", ""last_update_time"": ""1774212707"", ""is_rail_loupan"": ""1"", ""subway_name"": ""蓝谷快线"", ""station_name"": ""苗岭路"", ""distance_raw"": ""1233""}, {""id"": ""7315188"", ""loupan_id"": ""241793"", ""station_id"": ""4487"", ""subway_id"": ""126"", ""city_id"": ""30"", ""distance"": ""1233米"", ""status"": ""1"", ""last_update_time"": ""1774212707"", ""is_rail_loupan"": ""1"", ""subway_name"": ""2号线"", ""station_name"": ""苗岭路"", ""distance_raw"": ""1233""}, {""id"": ""7315185"", ""loupan_id"": ""241793"", ""station_id"": ""4489"", ""subway_id"": ""126"", ""city_id"": ""30"", ""distance"": ""1406米"", ""status"": ""1"", ""last_update_time"": ""1774212707"", ""is_rail_loupan"": ""1"", ""subway_name"": ""2号线"", ""station_name"": ""辽阳东路"", ""distance_raw"": ""1406""}, {""id"": ""7314106"", ""loupan_id"": ""241793"", ""station_id"": ""120741"", ""subway_id"": ""12051"", ""city_id"": ""30"", ""distance"": ""1436米"", ""status"": ""1"", ""last_update_time"": ""1774212706"", ""is_rail_loupan"": ""1"", ""subway_name"": ""4号线"", ""station_name"": ""辽阳东路"", ""distance_raw"": ""1436""}]",青岛市崂山区香港东路（项目现场院内南一层）
7316442,海信明珠美景,青岛,30,平度市,3649,平度,3722,青岛平度市平度太原路与苏州路交汇处,,2501元/㎡,2501元/㎡,首付10万，月供2473元,98-144㎡,62000m²,210000m²,"[{""id"": 700528, ""rooms"": 3, ""room_alias"": ""三室"", ""area"": 98}, {""id"": 674403, ""rooms"": 3, ""room_alias"": ""三室"", ""area"": 108}, {""id"": 674405, ""rooms"": 3, ""room_alias"": ""三室"", ""area"": 118}, {""id"": 674406, ""rooms"": 3, ""room_alias"": ""三室"", ""area"": 128}, {""id"": 707655, ""rooms"": 3, ""room_alias"": ""三室"", ""area"": 138}, {""id"": 674407, ""rooms"": 3, ""room_alias"": ""三室"", ""area"": 144}]",3室,3室户型,2005-07-24,2021年10月13日,2005年,2006年,"[""2021-06-24"", ""2021-08-06"", ""2021-08-30"", ""2021-10-13"", ""2021-12-13"", ""2022-03-03"", ""2022-06-29""]",高层,小高层、高层,70年,2.5,35%,1170,毛坯,已竣工，竣工时间：2023-10-25,住宅,世茂服务,2.4元/㎡/月,,1436,1:1.2,售罄,售罄,售罄,"[""青房注字（平注）第（2021）039号"", ""青房注字（平注）第（2021）049号"", ""青房注字（平注）第（2021）057号"", ""青房注字（平注）第（2021）063号"", ""青房注字（平注）第（2021）081号"", ""青房注字（平注）第（2022）009号"", ""青房注字（平注）第（2022）026号""]","[""11#、9#"", ""13#、6#"", ""10#"", ""15#、5#"", ""3#"", ""12#"", ""2#、4#""]",中梁,海信地产,海信地产,民电,民水,36.748159,119.966352,"""""","{""559"": ""现房"", ""557"": ""项目竣工"", ""56"": ""车位充足"", ""76"": ""厨卫全明"", ""74"": ""南北通透"", ""73"": ""卧室全朝南"", ""32"": ""绿色住宅"", ""5"": ""低单价"", ""4"": ""低总价"", ""78"": ""大户型"", ""404"": ""客餐厅相连"", ""402"": ""玄关入户"", ""401"": ""户型方正"", ""397"": ""动静分离"", ""86"": ""全景飘窗"", ""85"": ""主卧套房"", ""83"": ""双阳台"", ""82"": ""双卫生间"", ""638"": ""民办中学"", ""637"": ""公办中学"", ""636"": ""公办小学"", ""635"": ""民办小学"", ""598"": ""民办幼儿园"", ""597"": ""公办幼儿园"", ""540"": ""日照模拟"", ""263"": ""VR看房"", ""50"": ""品牌开发商""}","[""现房"", ""项目竣工"", ""车位充足"", ""厨卫全明"", ""南北通透""]",https://pic4.ajkimg.com/display/xinfang/06be1f4c45fa43f7b36a7b1dda0d4086/275x206n.jpg,[],平度市太原路与苏州路交汇处
5806453,和居A区,青岛,30,即墨区,3645,温泉镇,5207,青岛即墨区温泉镇南泉镇三城路西，鱼水路北，南泉中学南,,,,,77-110㎡,44863m²,59997m²,"[{""id"": 145683, ""rooms"": 2, ""room_alias"": ""二室"", ""area"": 77}, {""id"": 145684, ""rooms"": 4, ""room_alias"": ""四室"", ""area"": 110}]",2/4室,"2室户型,4室户型",2005-01-14,,2005年,2006年,[],{多层},多层,70年,1.49,36%,652,毛坯,,住宅,新城悦服务,0.6元/㎡/月,,531,1:0.8,售罄,售罄,售罄,"[""即房(2013)注字016"", ""即房(2013)注字058"", ""即房(2013)注字062"", ""即房(2013)注字075"", ""即房(2014)注字016""]",[],万科,,,民电,民水,36.407946,120.292632,"""""","{""53"": ""高绿化率"", ""52"": ""低容积"", ""70"": ""银行"", ""69"": ""学校"", ""68"": ""医院"", ""78"": ""大户型"", ""637"": ""公办中学"", ""636"": ""公办小学"", ""598"": ""民办幼儿园"", ""597"": ""公办幼儿园""}","[""高绿化率"", ""低容积"", ""银行"", ""学校"", ""医院""]",https://pic4.ajkimg.com/display/xinfang/ce30f3f9d748a8c177059479c37c5d54/275x206n.jpg,[],青岛即墨市南泉镇三城路西南泉中学南
5683476,龙时代居,青岛,30,崂山区,3643,海尔路,3697,青岛崂山区海尔路海尔路1号,,6340元/㎡,6340元/㎡,,,45000m²,150000m²,[],,,2005-05-12,2017年09月06日,2005年,2006年,[],{},,40年,,30%,,,已竣工，竣工时间：暂无数据,标准写字楼,绿城服务,13元/㎡/月,,1165,,售罄,售罄,售罄,[],[],远洋,君一控股,,商电,商水,36.148064,120.410887,"{""service_num"": ""4006708287"", ""num"": ""97508""}","{""559"": ""现房"", ""557"": ""项目竣工"", ""9"": ""轨交房"", ""10"": ""多轨交"", ""72"": ""配套纯熟"", ""71"": ""便利店"", ""70"": ""银行"", ""68"": ""医院"", ""66"": ""公园"", ""65"": ""商业街"", ""64"": ""购物中心"", ""50"": ""品牌开发商""}","[""现房"", ""项目竣工"", ""轨交房"", ""多轨交"", ""配套纯熟""]",https://pic4.ajkimg.com/display/xinfang/6a0f76bd3b632b0d77196906365a5314/275x206n.jpg,"[{""id"": ""7189651"", ""loupan_id"": ""512418"", ""station_id"": ""4363"", ""subway_id"": ""121"", ""city_id"": ""30"", ""distance"": ""798米"", ""status"": ""1"", ""last_update_time"": ""1774212705"", ""is_rail_loupan"": ""1"", ""subway_name"": ""3号线"", ""station_name"": ""海尔路"", ""distance_raw"": ""798""}, {""id"": ""7273753"", ""loupan_id"": ""512418"", ""station_id"": ""121185"", ""subway_id"": ""12068"", ""city_id"": ""30"", ""distance"": ""1082米"", ""status"": ""1"", ""last_update_time"": ""1774212705"", ""is_rail_loupan"": ""1"", ""subway_name"": ""5号线"", ""station_name"": ""地铁大厦"", ""distance_raw"": ""1082""}, {""id"": ""7189652"", ""loupan_id"": ""512418"", ""station_id"": ""4364"", ""subway_id"": ""121"", ""city_id"": ""30"", ""distance"": ""1240米"", ""status"": ""1"", ""last_update_time"": ""1774212705"", ""is_rail_loupan"": ""1"", ""subway_name"": ""3号线"", ""station_name"": ""地铁大厦"", ""distance_raw"": ""1240""}]",崂山区海尔路1号
1170711,温泉明珠湾,青岛,30,即墨区,3645,温泉镇,5207,青岛即墨区温泉镇麒麟路16号,,,,,80-354㎡,别墅：210031m² 住宅：210031m²,别墅：129895m² 住宅：129895m²,"[{""id"": 144709, ""rooms"": 2, ""room_alias"": ""二室"", ""area"": 80}, {""id"": 398831, ""rooms"": 2, ""room_alias"": ""二室"", ""area"": 90}, {""id"": 144707, ""rooms"": 3, ""room_alias"": ""三室"", ""area"": 104}, {""id"": 398830, ""rooms"": 3, ""room_alias"": ""三室"", ""area"": 120}, {""id"": 398828, ""rooms"": 3, ""room_alias"": ""三室"", ""area"": 152}, {""id"": 398825, ""rooms"": 4, ""room_alias"": ""四室"", ""area"": 163}, {""id"": 398827, ""rooms"": 4, ""room_alias"": ""四室"", ""area"": 166}, {""id"": 421823, ""rooms"": 6, ""room_alias"": ""六室"", ""area"": 335.85}, {""id"": 421830, ""rooms"": 6, ""room_alias"": ""六室"", ""area"": 353.94}]",别墅、2/3/4室,"2室户型,3室户型,4室户型,别墅户型",2005-07-25,,2005年,2006年,"[""2014-12-29"", ""2014-12-14""]",多层,别墅：联排别墅、双拼别墅 住宅：小高层,别墅：70年 住宅：70年,别墅：1 住宅：1,别墅：45% 住宅：45%,别墅：1351 住宅：1351,别墅：毛坯 住宅：毛坯,,别墅,中海物业,别墅：3.5元/㎡/月 住宅：3.5元/㎡/月,,别墅：597 住宅：597,别墅：1:0.44 住宅：1:0.44,售罄,售罄,售罄,"[""即房(2014)注字065"", ""即房(2014)注字048""]","[""7#"", ""4#""]",新城控股,,青岛温泉阳光置业有限公司,别墅：民电,别墅：民水,36.44834,120.673639,"""""","{""81"": ""大阳台"", ""53"": ""高绿化率"", ""74"": ""南北通透"", ""70"": ""银行"", ""68"": ""医院"", ""64"": ""购物中心"", ""78"": ""大户型"", ""85"": ""主卧套房"", ""84"": ""双厨房"", ""637"": ""公办中学"", ""636"": ""公办小学"", ""598"": ""民办幼儿园"", ""597"": ""公办幼儿园""}","[""大阳台"", ""高绿化率"", ""南北通透"", ""银行"", ""医院""]",https://pic4.ajkimg.com/display/xinfang/ca8ad009caf6ea9f470c9a0434938e8e/275x206n.jpg,[],青岛即墨市温泉镇麒麟路16号
3121837,福庄二期,青岛,30,西海岸新区,3646,薛家岛,25499,青岛西海岸新区薛家岛萧山路西、珠江路北100米,,11481元/㎡,11481元/㎡,,173-231㎡,住宅：15068m² 别墅：15068m²,住宅：31272m² 别墅：31272m²,"[{""id"": 826535, ""rooms"": 4, ""room_alias"": ""四室"", ""area"": 173}, {""id"": 826534, ""rooms"": 4, ""room_alias"": ""四室"", ""area"": 180}, {""id"": 826532, ""rooms"": 4, ""room_alias"": ""四室"", ""area"": 211}, {""id"": 826530, ""rooms"": 4, ""room_alias"": ""四室"", ""area"": 231}]",别墅、4室,"4室户型,别墅户型",2005-07-02,2023年09月22日,2005年,2006年,"[""2023-09-27"", ""2023-10-07"", ""2023-09-15""]",{花园洋房},住宅：花园洋房 别墅：叠加别墅,住宅：70年 别墅：70年,住宅：1.3 别墅：1.3,住宅：30% 别墅：30%,住宅：93 别墅：93,住宅：毛坯 别墅：毛坯,,住宅,万科物业,住宅：3.8元/㎡/月 别墅：4.8元/㎡/月,,住宅：183 别墅：183,住宅：1:1.97 别墅：1:1.97,售罄,售罄,售罄,"[""青房注字青黄（2023）第130号"", ""青房注字青黄（2023）第140号"", ""青房注字青黄2023第128号""]","[""9#、10#"", ""3#、5#、4#"", ""7#、6#""]",万科,,,住宅：民电,住宅：民水,35.958942,120.197079,"{""service_num"": ""4006708287"", ""num"": ""100118""}","{""77"": ""复式"", ""56"": ""车位充足"", ""52"": ""低容积"", ""9"": ""轨交房"", ""76"": ""厨卫全明"", ""74"": ""南北通透"", ""73"": ""卧室全朝南"", ""72"": ""配套纯熟"", ""71"": ""便利店"", ""70"": ""银行"", ""69"": ""学校"", ""68"": ""医院"", ""66"": ""公园"", ""65"": ""商业街"", ""64"": ""购物中心"", ""78"": ""大户型"", ""402"": ""玄关入户"", ""401"": ""户型方正"", ""397"": ""动静分离"", ""85"": ""主卧套房"", ""82"": ""双卫生间"", ""744"": ""好房子"", ""638"": ""民办中学"", ""637"": ""公办中学"", ""636"": ""公办小学"", ""599"": ""省级示范园"", ""598"": ""民办幼儿园"", ""597"": ""公办幼儿园"", ""541"": ""3D沙盘"", ""540"": ""日照模拟"", ""263"": ""VR看房"", ""55"": ""小型社区"", ""50"": ""品牌开发商""}","[""复式"", ""车位充足"", ""低容积"", ""轨交房"", ""厨卫全明""]",https://pic4.ajkimg.com/display/xinfang/95fe04ffdceed6197b4e3cd4bb07d958/275x206n.jpg,"[{""id"": ""7251613"", ""loupan_id"": ""521634"", ""station_id"": ""120322"", ""subway_id"": ""1045"", ""city_id"": ""30"", ""distance"": ""676米"", ""status"": ""1"", ""last_update_time"": ""1774212709"", ""is_rail_loupan"": ""1"", ""subway_name"": ""1号线"", ""station_name"": ""丁家河"", ""distance_raw"": ""676""}]",西海岸新区萧山路西、珠江路北100米
1665165,华龙湖景,青岛,30,黄岛区,4516,长江路,5213,青岛黄岛区长江路开发区江山中路185号,,,,,53-110㎡,住宅：11533m² 别墅：11533m²,住宅：74412m² 别墅：74412m²,"[{""id"": 43402, ""rooms"": 1, ""room_alias"": ""一室"", ""area"": 53.19}, {""id"": 43405, ""rooms"": 1, ""room_alias"": ""一室"", ""area"": 56.23}, {""id"": 43403, ""rooms"": 1, ""room_alias"": ""一室"", ""area"": 68.36}, {""id"": 50519, ""rooms"": 2, ""room_alias"": ""二室"", ""area"": 85.61}, {""id"": 43404, ""rooms"": 2, ""room_alias"": ""二室"", ""area"": 89.29}, {""id"": 50520, ""rooms"": 2, ""room_alias"": ""二室"", ""area"": 93.64}, {""id"": 50518, ""rooms"": 3, ""room_alias"": ""三室"", ""area"": 105.7}, {""id"": 43401, ""rooms"": 3, ""room_alias"": ""三室"", ""area"": 110.39}]",1/2/3室,"1室户型,2室户型,3室户型",2005-07-19,,2005年,2006年,[],小高层,住宅：高层,,住宅：5.24,住宅：23% 别墅：23%,住宅：744 别墅：744,住宅：毛坯 别墅：毛坯,,住宅,万科物业,住宅：1.39元/㎡/月,,住宅：334 别墅：334,,售罄,售罄,售罄,[],[],华润,,天玺地产,住宅：民电,住宅：民水,36.022354,120.198101,"""""","{""72"": ""配套纯熟"", ""70"": ""银行"", ""69"": ""学校"", ""68"": ""医院"", ""66"": ""公园"", ""65"": ""商业街"", ""79"": ""小户型"", ""78"": ""大户型"", ""637"": ""公办中学"", ""636"": ""公办小学"", ""606"": ""省一级园"", ""598"": ""民办幼儿园"", ""597"": ""公办幼儿园""}","[""配套纯熟"", ""银行"", ""学校"", ""医院"", ""公园""]",https://pic4.ajkimg.com/display/xinfang/4f2b7dbd2baed4f986d8a1d8157ff97d/275x206n.jpg,[],青岛开发区江山中路185号
239621,学思紫金都,青岛,30,胶州市,3647,胶州,3718,青岛胶州市胶州福州南路289号,,,,,82-119㎡,14827m²,49898m²,"[{""id"": 108030, ""rooms"": 2, ""room_alias"": ""二室"", ""area"": 82}, {""id"": 108036, ""rooms"": 2, ""room_alias"": ""二室"", ""area"": 95}, {""id"": 108032, ""rooms"": 2, ""room_alias"": ""二室"", ""area"": 96}, {""id"": 108031, ""rooms"": 2, ""room_alias"": ""二室"", ""area"": 98}, {""id"": 108033, ""rooms"": 2, ""room_alias"": ""二室"", ""area"": 98}, {""id"": 108035, ""rooms"": 3, ""room_alias"": ""三室"", ""area"": 117}, {""id"": 108034, ""rooms"": 3, ""room_alias"": ""三室"", ""area"": 119}]",2/3室,"2室户型,3室户型",2005-11-01,,2005年,2006年,[],超高层,小高层、高层,70年,2.56,35%,364,毛坯,,住宅,龙湖智慧服务,1.1元/㎡/月,,272,1:0.8,售罄,售罄,售罄,"[""青房注字(胶州)第2014050""]",[],美的置业,,新疆丶伊力特,民电,民水,36.2612,120.01676,"""""","{""31"": ""大平层"", ""70"": ""银行"", ""69"": ""学校"", ""68"": ""医院"", ""78"": ""大户型"", ""638"": ""民办中学"", ""637"": ""公办中学"", ""636"": ""公办小学"", ""598"": ""民办幼儿园"", ""597"": ""公办幼儿园""}","[""大平层"", ""银行"", ""学校"", ""医院"", ""大户型""]",https://pic4.ajkimg.com/display/xinfang/b534b2d6eb1cd8f5e4076ebd710f8610/275x206n.jpg,[],胶州市福州南路289号
6203454,嘉筑三期,青岛,30,平度市,3649,平度,3722,青岛平度市平度青岛路与苏州路交界处,,,,,44-98㎡,7344m²,43626m²,[],,商业户型,2005-05-03,2016年10月27日,2005年,2006年,[],超高层,,40年,,8%,,毛坯,,标准写字楼,世茂服务,1.5元/㎡/月,,,,售罄,售罄,售罄,[],[],佳兆业,,青岛鸿福坤置业有限公司,商电,商水,36.76915,119.970601,"{""service_num"": ""4006708287"", ""num"": """"}","{""559"": ""现房"", ""72"": ""配套纯熟"", ""71"": ""便利店"", ""70"": ""银行"", ""65"": ""商业街"", ""64"": ""购物中心"", ""220"": ""办公首选""}","[""现房"", ""配套纯熟"", ""便利店"", ""银行"", ""商业街""]",https://pic4.ajkimg.com/display/xinfang/4edd641c0416df7b881d22fb9d1912b1/275x206n.jpg,[],平度市青岛路国家电网对面
759625,嘉春天洲,青岛,30,黄岛区,4516,漓江路,5218,青岛黄岛区漓江路前湾港路与奋进路交汇处北100米,,,,,62-86㎡,40670m²,102000m²,"[{""id"": 87668, ""rooms"": 2, ""room_alias"": ""二室"", ""area"": 62}, {""id"": 87667, ""rooms"": 2, ""room_alias"": ""二室"", ""area"": 86}]",2室,2室户型,2005-10-10,,2005年,2006年,[],"{多层,高层}",多层、高层,70年,2.29,35%,954,毛坯,,住宅,金地智慧服务,1.4元/㎡/月,,1000,1:0.9,售罄,售罄,售罄,"[""青房注字青黄2013第44号""]",[],美的置业,,盛华地产,民电,民水,36.026172,120.150657,"""""","{""9"": ""轨交房"", ""72"": ""配套纯熟"", ""70"": ""银行"", ""69"": ""学校"", ""68"": ""医院"", ""67"": ""生态绿地"", ""66"": ""公园"", ""65"": ""商业街"", ""64"": ""购物中心"", ""79"": ""小户型"", ""637"": ""公办中学"", ""636"": ""公办小学"", ""606"": ""省一级园"", ""598"": ""民办幼儿园"", ""597"": ""公办幼儿园""}","[""轨交房"", ""配套纯熟"", ""银行"", ""学校"", ""医院""]",https://pic4.ajkimg.com/display/xinfang/3984619d4896413b7c6477dcf68e8bb6/275x206n.jpg,"[{""id"": ""7316817"", ""loupan_id"": ""248024"", ""station_id"": ""121259"", ""subway_id"": ""12071"", ""city_id"": ""30"", ""distance"": ""978米"", ""status"": ""1"", ""last_update_time"": ""1774212709"", ""is_rail_loupan"": ""1"", ""subway_name"": ""6号线"", ""station_name"": ""港头"", ""distance_raw"": ""978""}]",前湾港路与奋进路交汇处北100米
5950047,青橙康城邸,青岛,30,黄岛区,4516,长江路,5213,青岛黄岛区长江路海尔大道与齐长城路交汇处,,,,,44-89㎡,86000m²,153000m²,"[{""id"": 59519, ""rooms"": 1, ""room_alias"": ""一室"", ""area"": 44.28}, {""id"": 43024, ""rooms"": 2, ""room_alias"": ""二室"", ""area"": 59.55}, {""id"": 43020, ""rooms"": 2, ""room_alias"": ""二室"", ""area"": 73.94}, {""id"": 43023, ""rooms"": 2, ""room_alias"": ""二室"", ""area"": 77}, {""id"": 59524, ""rooms"": 2, ""room_alias"": ""二室"", ""area"": 84.44}, {""id"": 43021, ""rooms"": 2, ""room_alias"": ""二室"", ""area"": 85.33}, {""id"": 43018, ""rooms"": 2, ""room_alias"": ""二室"", ""area"": 89.36}, {""id"": 59521, ""rooms"": 3, ""room_alias"": ""三室"", ""area"": 84.67}]",1/2/3室,"1室户型,2室户型,3室户型",2005-03-19,,2005年,2006年,[],{小高层},小高层,70年,2.04,30%,1720,毛坯,,住宅,旭辉永升,1.6元/㎡/月,,1800,1:1,售罄,售罄,售罄,[],[],中海,,青岛开发区建国大厦房地产开发有限公司,民电,民水,35.999524,120.166777,"""""","{""9"": ""轨交房"", ""72"": ""配套纯熟"", ""71"": ""便利店"", ""70"": ""银行"", ""69"": ""学校"", ""68"": ""医院"", ""66"": ""公园"", ""65"": ""商业街"", ""64"": ""购物中心"", ""79"": ""小户型"", ""637"": ""公办中学"", ""636"": ""公办小学"", ""635"": ""民办小学"", ""598"": ""民办幼儿园"", ""597"": ""公办幼儿园"", ""54"": ""大型社区""}","[""轨交房"", ""配套纯熟"", ""便利店"", ""银行"", ""学校""]",https://pic4.ajkimg.com/display/xinfang/5eff85a6bca5ae2225699d704b0bd8ac/275x206n.jpg,"[{""id"": ""7314582"", ""loupan_id"": ""241685"", ""station_id"": ""121258"", ""subway_id"": ""12071"", ""city_id"": ""30"", ""distance"": ""1201米"", ""status"": ""1"", ""last_update_time"": ""1774212706"", ""is_rail_loupan"": ""1"", ""subway_name"": ""6号线"", ""station_name"": ""青大附院西海岸院区"", ""distance_raw"": ""1201""}]",海尔大道与齐长城路交汇处
3933404,凤庭,青岛,30,平度市,3649,平度,3722,青岛平度市平度云山康德路,,,,,87-102㎡,住宅：105000m² 别墅：105000m²,住宅：105000m² 别墅：105000m²,"[{""id"": 89004, ""rooms"": 1, ""room_alias"": ""一室"", ""area"": 87}, {""id"": 89001, ""rooms"": 2, ""room_alias"": ""二室"", ""area"": 102}]",1/2室,"1室户型,2室户型",2005-05-20,,2005年,2006年,[],"{多层,高层}",住宅：多层、高层,别墅：70年,住宅：1,住宅：50% 别墅：50%,住宅：1025 别墅：1025,住宅：毛坯 别墅：毛坯,,住宅,招商积余,住宅：2元/㎡/月,,住宅：916 别墅：916,住宅：1:0.6 别墅：1:0.6,售罄,售罄,售罄,[],[],佳兆业,,,住宅：民电,住宅：民水,36.812479,120.218489,"""""","{""53"": ""高绿化率"", ""52"": ""低容积"", ""31"": ""大平层"", ""72"": ""配套纯熟"", ""70"": ""银行"", ""68"": ""医院"", ""65"": ""商业街"", ""64"": ""购物中心""}","[""高绿化率"", ""低容积"", ""大平层"", ""配套纯熟"", ""银行""]",https://pic4.ajkimg.com/display/xinfang/58f5d3abf0e6db5c35c23873c0a27443/275x206n.jpg,[],平度云山康德路高尔夫俱乐部旁
3196623,新龙湖华庭,青岛,30,莱西市,3648,莱西,3720,青岛莱西市莱西莱西市姜山镇昌进路以南消防大队以北,,,,,,,168000m²,[],,,2005-02-11,,2005年,2006年,[],小高层,多层、小高层,70年,1.3,42%,,毛坯,,住宅,招商积余,,,,,售罄,售罄,售罄,[],[],朗诗,,,民电,民水,36.856483,120.442814,"""""","{""53"": ""高绿化率"", ""52"": ""低容积"", ""32"": ""绿色住宅"", ""637"": ""公办中学"", ""598"": ""民办幼儿园""}","[""高绿化率"", ""低容积"", ""绿色住宅"", ""公办中学"", ""民办幼儿园""]",https://pic4.ajkimg.com/display/xinfang/2378f501f5d06437749bde39534fdcd8/275x206n.jpg,[],
2427949,海航翡翠湾,青岛,30,市南区,3639,其他,10178,青岛市南区其他东海西路2号,,,,,,9072m²,26000m²,[],,,2005-05-21,,2005年,2006年,[],{商住},,50年,,30%,,带装修,,标准写字楼,新城悦服务,,,,,售罄,售罄,售罄,[],[],旭辉,,,商电,商水,36.048402,120.363399,"""""","{""29"": ""装修交付"", ""9"": ""轨交房"", ""10"": ""多轨交"", ""72"": ""配套纯熟"", ""71"": ""便利店"", ""70"": ""银行"", ""68"": ""医院"", ""66"": ""公园""}","[""装修交付"", ""轨交房"", ""多轨交"", ""配套纯熟"", ""便利店""]",https://pic4.ajkimg.com/display/xinfang/d8f327aab6ade792f91ab93aebf05219/275x206n.jpg,"[{""id"": ""7316396"", ""loupan_id"": ""413120"", ""station_id"": ""4373"", ""subway_id"": ""121"", ""city_id"": ""30"", ""distance"": ""743米"", ""status"": ""1"", ""last_update_time"": ""1774212708"", ""is_rail_loupan"": ""1"", ""subway_name"": ""3号线"", ""station_name"": ""延安三路"", ""distance_raw"": ""743""}, {""id"": ""7316395"", ""loupan_id"": ""413120"", ""station_id"": ""4374"", ""subway_id"": ""121"", ""city_id"": ""30"", ""distance"": ""1374米"", ""status"": ""1"", ""last_update_time"": ""1774212708"", ""is_rail_loupan"": ""1"", ""subway_name"": ""3号线"", ""station_name"": ""太平角公园"", ""distance_raw"": ""1374""}, {""id"": ""7314054"", ""loupan_id"": ""413120"", ""station_id"": ""4478"", ""subway_id"": ""126"", ""city_id"": ""30"", ""distance"": ""1450米"", ""status"": ""1"", ""last_update_time"": ""1774212706"", ""is_rail_loupan"": ""1"", ""subway_name"": ""2号线"", ""station_name"": ""五四广场"", ""distance_raw"": ""1450""}, {""id"": ""7316397"", ""loupan_id"": ""413120"", ""station_id"": ""4372"", ""subway_id"": ""121"", ""city_id"": ""30"", ""distance"": ""1463米"", ""status"": ""1"", ""last_update_time"": ""1774212708"", ""is_rail_loupan"": ""1"", ""subway_name"": ""3号线"", ""station_name"": ""五四广场"", ""distance_raw"": ""1463""}, {""id"": ""7314868"", ""loupan_id"": ""413120"", ""station_id"": ""121288"", ""subway_id"": ""1044"", ""city_id"": ""30"", ""distance"": ""1463米"", ""status"": ""1"", ""last_update_time"": ""1774212707"", ""is_rail_loupan"": ""1"", ""subway_name"": ""8号线"", ""station_name"": ""五四广场"", ""distance_raw"": ""1463""}]",青岛市市南区东海西路2号
3491085,金园三期,青岛,30,平度市,3649,平度,3722,青岛平度市平度平度市常州路99号,,,,,,4400m²,24036m²,[],,,2005-05-10,,2005年,2006年,"[""2018-11-30""]",{高层},高层,40年,5.5,25%,421,带装修,,商业,旭辉永升,2.98~4.3元/㎡/月,,98,,售罄,售罄,售罄,"[""青房注字【平】第708号""]",[],中铁建,万科集团,平度市万科置业有限公司,商电,商水,36.784988,119.953644,"{""service_num"": ""4006708287"", ""num"": """"}","{""57"": ""人车分流"", ""29"": ""装修交付"", ""40"": ""品牌公寓"", ""39"": ""商住公寓"", ""51"": ""金牌物业"", ""50"": ""品牌开发商""}","[""人车分流"", ""装修交付"", ""品牌公寓"", ""商住公寓"", ""金牌物业""]",https://pic4.ajkimg.com/display/xinfang/1433ccbcad930a4780b5348edc1d7acd/275x206n.jpg,[],平度市红旗路87号
2585846,鑫阳光城,青岛,30,平度市,3649,平度,3722,青岛平度市平度澳门路与重庆路交汇处,,2844元/㎡,2844元/㎡,首付8万，月供2114元,90-138㎡,140000m²,420000m²,"[{""id"": 701671, ""rooms"": 3, ""room_alias"": ""三室"", ""area"": 90}, {""id"": 704333, ""rooms"": 3, ""room_alias"": ""三室"", ""area"": 105}, {""id"": 701670, ""rooms"": 3, ""room_alias"": ""三室"", ""area"": 110}, {""id"": 701667, ""rooms"": 3, ""room_alias"": ""三室"", ""area"": 119}, {""id"": 701678, ""rooms"": 3, ""room_alias"": ""三室"", ""area"": 119}, {""id"": 703979, ""rooms"": 3, ""room_alias"": ""三室"", ""area"": 121}, {""id"": 701672, ""rooms"": 4, ""room_alias"": ""四室"", ""area"": 138}]",3/4室,"3室户型,4室户型",2005-03-14,2022年11月10日,2005年,2006年,"[""2023-03-17"", ""2022-11-10"", ""2022-03-24"", ""2021-06-29"", ""2021-06-29"", ""2021-08-06"", ""2021-08-18"", ""2021-08-24"", ""2021-09-08"", ""2021-11-18"", ""2021-11-10"", ""2021-11-03""]","{小高层,高层}",小高层、高层,70年,2.2,35%,3000,毛坯,已竣工，竣工时间：2023-11-30,住宅,中海物业,1.9~2.29元/㎡/月,,3390,,售罄,售罄,售罄,"[""青房注子（平注）第（2023）012号"", ""青房注字（平注）第（2022）054号"", ""青房注字（平注）第（2022）011号"", ""青房注字（平注）第（2021）034号"", ""青房注字（平注）第（2021）041号"", ""青房注字（平注）第（2021）044号"", ""青房注字（平注）第（2021）053号"", ""青房注字（平注）第（2021）058号"", ""青房注字（平注）第（2021）061号"", ""青房注字（平注）第（2021）079号"", ""青房注字（平注）第（2021）076号"", ""青房注字（平注）第（2021）072号""]","[""1#"", ""10#"", ""11#"", ""14#"", ""13#、7#"", ""3#"", ""4#"", ""5#"", ""6#"", ""12#"", ""2#"", ""8#""]",新城控股,越秀地产,青岛鸿城置业有限公司,民电,民水,36.744379,120.008582,"""""","{""559"": ""现房"", ""557"": ""项目竣工"", ""76"": ""厨卫全明"", ""74"": ""南北通透"", ""73"": ""卧室全朝南"", ""276"": ""一房一价"", ""5"": ""低单价"", ""4"": ""低总价"", ""78"": ""大户型"", ""404"": ""客餐厅相连"", ""403"": ""私密性好"", ""402"": ""玄关入户"", ""401"": ""户型方正"", ""397"": ""动静分离"", ""85"": ""主卧套房"", ""83"": ""双阳台"", ""637"": ""公办中学"", ""636"": ""公办小学"", ""598"": ""民办幼儿园"", ""597"": ""公办幼儿园"", ""263"": ""VR看房"", ""54"": ""大型社区"", ""50"": ""品牌开发商""}","[""现房"", ""项目竣工"", ""厨卫全明"", ""南北通透"", ""卧室全朝南""]",https://pic4.ajkimg.com/display/xinfang/8ef767426dfdb45180ed4ed3be8953ec/275x206n.jpg,[],平度市澳门路与重庆路交汇处南行30米路东
8984797,鸿府水岸林,青岛,30,市北区,3640,新都心,6140,青岛市北区新都心台柳路270号,,,,,134㎡,7600m²,35000m²,[],,商业户型,2005-10-10,,2005年,2006年,[],小高层,,40年,,20%,,毛坯,,标准写字楼,华润万象生活,7元/㎡/月,,433,,售罄,售罄,售罄,[],[],中铁建,,,商电,商水,36.118947,120.415166,"""""","{""9"": ""轨交房"", ""72"": ""配套纯熟"", ""71"": ""便利店"", ""70"": ""银行"", ""66"": ""公园"", ""65"": ""商业街"", ""64"": ""购物中心"", ""213"": ""地铁沿线""}","[""轨交房"", ""配套纯熟"", ""便利店"", ""银行"", ""公园""]",https://pic4.ajkimg.com/display/xinfang/7e936a513d9bc5466e817520c7145ea4/275x206n.jpg,"[{""id"": ""7313709"", ""loupan_id"": ""413130"", ""station_id"": ""4366"", ""subway_id"": ""121"", ""city_id"": ""30"", ""distance"": ""764米"", ""status"": ""1"", ""last_update_time"": ""1774212705"", ""is_rail_loupan"": ""1"", ""subway_name"": ""3号线"", ""station_name"": ""双山"", ""distance_raw"": ""764""}, {""id"": ""7313712"", ""loupan_id"": ""413130"", ""station_id"": ""4367"", ""subway_id"": ""121"", ""city_id"": ""30"", ""distance"": ""1052米"", ""status"": ""1"", ""last_update_time"": ""1774212705"", ""is_rail_loupan"": ""1"", ""subway_name"": ""3号线"", ""station_name"": ""清江路"", ""distance_raw"": ""1052""}, {""id"": ""7313710"", ""loupan_id"": ""413130"", ""station_id"": ""4365"", ""subway_id"": ""121"", ""city_id"": ""30"", ""distance"": ""1451米"", ""status"": ""1"", ""last_update_time"": ""1774212705"", ""is_rail_loupan"": ""1"", ""subway_name"": ""3号线"", ""station_name"": ""长沙路"", ""distance_raw"": ""1451""}]",青岛市市北区新都心台柳路270号
3964873,雅美景一期,青岛,30,市南区,3639,香港路沿线,3653,青岛市南区香港路沿线市南山东路7号乙（山东路与江西路交界处）,,,,,,住宅：15000m² 别墅：15000m²,住宅：146700m² 别墅：146700m²,[],,,2005-03-27,,2005年,2006年,[],{高层},住宅：高层,住宅：70年 别墅：70年,住宅：5.91,住宅：20% 别墅：20%,住宅：880 别墅：880,住宅：毛坯 别墅：毛坯,,住宅,合景悠活,住宅：1.32元/㎡/月,,,,售罄,售罄,售罄,[],[],华侨城,,青岛三杰房地产开发有限公司,住宅：民电,住宅：民水,36.110811,120.391825,"{""service_num"": ""4006708287"", ""num"": """"}","{""9"": ""轨交房"", ""10"": ""多轨交"", ""72"": ""配套纯熟"", ""71"": ""便利店"", ""70"": ""银行"", ""69"": ""学校"", ""68"": ""医院"", ""66"": ""公园"", ""65"": ""商业街"", ""64"": ""购物中心"", ""638"": ""民办中学"", ""637"": ""公办中学"", ""636"": ""公办小学"", ""635"": ""民办小学"", ""624"": ""九年一贯制"", ""598"": ""民办幼儿园"", ""597"": ""公办幼儿园""}","[""轨交房"", ""多轨交"", ""配套纯熟"", ""便利店"", ""银行""]",https://pic4.ajkimg.com/display/xinfang/6bc7a805b8ab7910ce6802525e7a6331/275x206n.jpg,"[{""id"": ""7315855"", ""loupan_id"": ""241847"", ""station_id"": ""120733"", ""subway_id"": ""12051"", ""city_id"": ""30"", ""distance"": ""1097米"", ""status"": ""1"", ""last_update_time"": ""1774212708"", ""is_rail_loupan"": ""1"", ""subway_name"": ""4号线"", ""station_name"": ""福辽立交桥"", ""distance_raw"": ""1097""}, {""id"": ""7315717"", ""loupan_id"": ""241847"", ""station_id"": ""4369"", ""subway_id"": ""121"", ""city_id"": ""30"", ""distance"": ""1343米"", ""status"": ""1"", ""last_update_time"": ""1774212708"", ""is_rail_loupan"": ""1"", ""subway_name"": ""3号线"", ""station_name"": ""敦化路"", ""distance_raw"": ""1343""}, {""id"": ""7315856"", ""loupan_id"": ""241847"", ""station_id"": ""120735"", ""subway_id"": ""12051"", ""city_id"": ""30"", ""distance"": ""1388米"", ""status"": ""1"", ""last_update_time"": ""1774212708"", ""is_rail_loupan"": ""1"", ""subway_name"": ""4号线"", ""station_name"": ""洪山坡(妇儿医院)"", ""distance_raw"": ""1388""}]",青岛香港中路8号（香格里拉酒店对面）
7288736,鑫桃源豪庭,青岛,30,平度市,3649,平度,3722,青岛平度市平度常州路以西、扬州路以东、胜利路以南、青岛路以北,,,,,80-174㎡,273060m²,1500000m²,"[{""id"": 45219, ""rooms"": 2, ""room_alias"": ""二室"", ""area"": 80}, {""id"": 45218, ""rooms"": 4, ""room_alias"": ""四室"", ""area"": 174}]",2/4室,"2室户型,4室户型",2005-08-18,,2005年,2006年,[],"{多层,高层}",多层、高层,70年,3,31%,2038,"毛坯,带装修",,住宅,旭辉永升,1.1元/㎡/月,,,暂无资料,售罄,售罄,售罄,[],[],万科,,香港佳龙腾投资集团有限公司,民电,民水,36.782187,119.973915,"""""","{""29"": ""装修交付"", ""72"": ""配套纯熟"", ""71"": ""便利店"", ""70"": ""银行"", ""69"": ""学校"", ""68"": ""医院"", ""66"": ""公园"", ""65"": ""商业街"", ""64"": ""购物中心"", ""78"": ""大户型"", ""638"": ""民办中学"", ""637"": ""公办中学"", ""636"": ""公办小学"", ""635"": ""民办小学"", ""598"": ""民办幼儿园"", ""597"": ""公办幼儿园"", ""54"": ""大型社区""}","[""装修交付"", ""配套纯熟"", ""便利店"", ""银行"", ""学校""]",https://pic4.ajkimg.com/display/xinfang/c8bb8ce314b51e181fc2d99294251b78/275x206n.jpg,[],扬州路与胜利路交汇处
5977286,樱海西岸庄,青岛,30,崂山区,3643,石老人,3704,青岛崂山区石老人崂山海口路247号（北临香港东路，山东头对面）,,,,,,住宅：56000m² 别墅：56000m²,住宅：20000m² 别墅：20000m²,[],,,2005-02-04,,2005年,2006年,[],{高层},住宅：高层,,住宅：2.8,住宅：40% 别墅：40%,住宅：170 别墅：170,,,住宅,华润万象生活,住宅：2.2元/㎡/月,,,,售罄,售罄,售罄,[],[],正荣,,青岛市崂山五环房地产开发建设有限公司,住宅：民电,住宅：民水,36.116846,120.461989,"{""service_num"": ""4006708287"", ""num"": """"}","{""53"": ""高绿化率"", ""9"": ""轨交房"", ""10"": ""多轨交"", ""72"": ""配套纯熟"", ""71"": ""便利店"", ""70"": ""银行"", ""69"": ""学校"", ""68"": ""医院"", ""66"": ""公园"", ""65"": ""商业街"", ""64"": ""购物中心"", ""637"": ""公办中学"", ""636"": ""公办小学"", ""635"": ""民办小学"", ""599"": ""省级示范园"", ""598"": ""民办幼儿园"", ""597"": ""公办幼儿园"", ""55"": ""小型社区""}","[""高绿化率"", ""轨交房"", ""多轨交"", ""配套纯熟"", ""便利店""]",https://pic4.ajkimg.com/display/xinfang/a9498f5f5f5d933938bb000d4ac985d0/275x206n.jpg,"[{""id"": ""7315183"", ""loupan_id"": ""241793"", ""station_id"": ""4488"", ""subway_id"": ""126"", ""city_id"": ""30"", ""distance"": ""581米"", ""status"": ""1"", ""last_update_time"": ""1774212707"", ""is_rail_loupan"": ""1"", ""subway_name"": ""2号线"", ""station_name"": ""同安路"", ""distance_raw"": ""581""}, {""id"": ""7315364"", ""loupan_id"": ""241793"", ""station_id"": ""4379"", ""subway_id"": ""122"", ""city_id"": ""30"", ""distance"": ""1233米"", ""status"": ""1"", ""last_update_time"": ""1774212707"", ""is_rail_loupan"": ""1"", ""subway_name"": ""蓝谷快线"", ""station_name"": ""苗岭路"", ""distance_raw"": ""1233""}, {""id"": ""7315188"", ""loupan_id"": ""241793"", ""station_id"": ""4487"", ""subway_id"": ""126"", ""city_id"": ""30"", ""distance"": ""1233米"", ""status"": ""1"", ""last_update_time"": ""1774212707"", ""is_rail_loupan"": ""1"", ""subway_name"": ""2号线"", ""station_name"": ""苗岭路"", ""distance_raw"": ""1233""}, {""id"": ""7315185"", ""loupan_id"": ""241793"", ""station_id"": ""4489"", ""subway_id"": ""126"", ""city_id"": ""30"", ""distance"": ""1406米"", ""status"": ""1"", ""last_update_time"": ""1774212707"", ""is_rail_loupan"": ""1"", ""subway_name"": ""2号线"", ""station_name"": ""辽阳东路"", ""distance_raw"": ""1406""}, {""id"": ""7314106"", ""loupan_id"": ""241793"", ""station_id"": ""120741"", ""subway_id"": ""12051"", ""city_id"": ""30"", ""distance"": ""1436米"", ""status"": ""1"", ""last_update_time"": ""1774212706"", ""is_rail_loupan"": ""1"", ""subway_name"": ""4号线"", ""station_name"": ""辽阳东路"", ""distance_raw"": ""1436""}]",青岛市崂山区香港东路（项目现场院内南一层）
3571134,福嘉园A区,青岛,30,黄岛区,4516,唐岛湾,5215,青岛黄岛区唐岛湾滨海大道南侧、武船公寓东侧,,,,,93-142㎡,23662m²,66771.14m²,"[{""id"": 250458, ""rooms"": 3, ""room_alias"": ""三室"", ""area"": 93}, {""id"": 368561, ""rooms"": 3, ""room_alias"": ""三室"", ""area"": 93}, {""id"": 250460, ""rooms"": 3, ""room_alias"": ""三室"", ""area"": 113}, {""id"": 435351, ""rooms"": 3, ""room_alias"": ""三室"", ""area"": 116}, {""id"": 435352, ""rooms"": 4, ""room_alias"": ""四室"", ""area"": 142}]",3/4室,"3室户型,4室户型",2005-02-08,,2005年,2006年,"[""2018-05-03"", ""2017-09-20"", ""2018-05-03""]","{小高层,高层}",小高层、高层,70年,2,35%,421,毛坯,,住宅,招商积余,2.6元/㎡/月,,427,1:1.01,售罄,售罄,售罄,"[""青黄注字青黄(2018)第018"", ""青房注字（青黄17）第086号"", ""青黄注字青黄(2018)第008""]","[""5#、6#"", ""1#、2#"", ""4#、7#""]",雅居乐,,青岛金凤凰控股集团有限公司,民电,民水,35.975085,120.300983,"""""","{""81"": ""大阳台"", ""57"": ""人车分流"", ""56"": ""车位充足"", ""9"": ""轨交房"", ""74"": ""南北通透"", ""70"": ""银行"", ""78"": ""大户型"", ""82"": ""双卫生间"", ""636"": ""公办小学"", ""597"": ""公办幼儿园""}","[""大阳台"", ""人车分流"", ""车位充足"", ""轨交房"", ""南北通透""]",https://pic4.ajkimg.com/display/xinfang/b1e320eae18742ca1cf386827c5f480b/275x206n.jpg,"[{""id"": ""7314286"", ""loupan_id"": ""416945"", ""station_id"": ""120415"", ""subway_id"": ""1045"", ""city_id"": ""30"", ""distance"": ""773米"", ""status"": ""1"", ""last_update_time"": ""1774212706"", ""is_rail_loupan"": ""1"", ""subway_name"": ""1号线"", ""station_name"": ""山里"", ""distance_raw"": ""773""}]",西海岸滨海大道南辅路与东环岛路交叉口
2403241,金梦想庭,青岛,30,胶州市,3647,胶州,3718,青岛胶州市胶州北京东路271号,,,,,336-350㎡,24564m²,109372m²,"[{""id"": 88989, ""rooms"": 4, ""room_alias"": ""四室"", ""area"": 336}, {""id"": 88990, ""rooms"": 4, ""room_alias"": ""四室"", ""area"": 350}]",4室,4室户型,2005-12-15,,2005年,2006年,[],{高层},高层,70年,3.42,35%,88,带装修,,住宅,碧桂园服务,1.82元/㎡/月,,261,1:1,售罄,售罄,售罄,"[""青房注字(胶州)第2012045"", ""青房注字(胶州)第2012004""]",[],阳光城,,青岛绿城胶州湾房地产开发有限公司,民电,民水,36.281518,120.032541,"{""service_num"": ""4006708287"", ""num"": """"}","{""29"": ""装修交付"", ""72"": ""配套纯熟"", ""70"": ""银行"", ""69"": ""学校"", ""68"": ""医院"", ""66"": ""公园"", ""65"": ""商业街"", ""64"": ""购物中心"", ""78"": ""大户型"", ""637"": ""公办中学"", ""636"": ""公办小学"", ""598"": ""民办幼儿园"", ""597"": ""公办幼儿园"", ""55"": ""小型社区""}","[""装修交付"", ""配套纯熟"", ""银行"", ""学校"", ""医院""]",https://pic4.ajkimg.com/display/xinfang/1017584e3cf7d7671b6dfd0332f92d61/275x206n.jpg,[],胶州市新城区北京东路喜来登酒店东侧
4617707,青建龙湖邸,青岛,30,崂山区,3643,石老人,3704,青岛崂山区石老人崂山路85号,,16450元/㎡,16450元/㎡,首付132万，月供31715元,158-188㎡,20000m²,36000m²,"[{""id"": 544159, ""rooms"": 3, ""room_alias"": ""三室"", ""area"": 188}, {""id"": 544163, ""rooms"": 4, ""room_alias"": ""四室"", ""area"": 158}, {""id"": 544161, ""rooms"": 4, ""room_alias"": ""四室"", ""area"": 171}, {""id"": 544160, ""rooms"": 4, ""room_alias"": ""四室"", ""area"": 187}]",3/4室,"3室户型,4室户型",2005-11-01,2021年09月25日,2005年,2006年,"[""2022-01-17""]",{花园洋房},花园洋房,70年,1.01,40%,118,毛坯,已竣工，竣工时间：暂无数据,住宅,华润万象生活,6元/㎡/月,,145,1:1.65,售罄,售罄,售罄,"[""青崂房预字（2022）第0001号""]","[""1#、2#、3#、4#、5#、6#、7#、8#、9#、10#、11#、12#""]",远洋,,国清置业,民电,民水,36.114753,120.544048,"{""service_num"": ""4006708287"", ""num"": ""37455""}","{""559"": ""现房"", ""557"": ""项目竣工"", ""56"": ""车位充足"", ""53"": ""高绿化率"", ""52"": ""低容积"", ""30"": ""花园洋房"", ""63"": ""旅游地产"", ""60"": ""海景地产"", ""404"": ""客餐厅相连"", ""403"": ""私密性好"", ""636"": ""公办小学"", ""598"": ""民办幼儿园"", ""597"": ""公办幼儿园"", ""263"": ""VR看房"", ""98"": ""改善置业"", ""55"": ""小型社区""}","[""现房"", ""项目竣工"", ""车位充足"", ""高绿化率"", ""低容积""]",https://pic4.ajkimg.com/display/xinfang/74a58134103aab0cda97943bc2340abd/275x206n.jpg,[],崂山区崂山路65号
5686458,嘉庭A区,青岛,30,市南区,3639,香港路沿线,3653,青岛市南区香港路沿线东海西路29号,,18850元/㎡,18850元/㎡,首付232万，月供55475元,281-500㎡,7601m²,130912m²,"[{""id"": 188818, ""rooms"": 3, ""room_alias"": ""三室"", ""area"": 297.34}, {""id"": 188820, ""rooms"": 3, ""room_alias"": ""三室"", ""area"": 301.09}, {""id"": 461171, ""rooms"": 3, ""room_alias"": ""三室"", ""area"": 462}, {""id"": 461168, ""rooms"": 3, ""room_alias"": ""三室"", ""area"": 500}, {""id"": 188824, ""rooms"": 4, ""room_alias"": ""四室"", ""area"": 281.47}, {""id"": 188826, ""rooms"": 4, ""room_alias"": ""四室"", ""area"": 353.98}]",3/4室,"3室户型,4室户型",2005-02-27,2013年05月01日,2005年,2006年,"[""2013-05-01""]",{高层},高层,70年,13.82,30%,528,带装修,已竣工，竣工时间：暂无数据,住宅,中海物业,9元/㎡/月,,639,1:1.3,售罄,售罄,售罄,"[""青房注字(2013)007号""]","[""A#、B#""]",恒大,,青岛环海凯莱商务酒店有限公司,民电,民水,36.06133,120.377278,"{""service_num"": ""4006708287"", ""num"": """"}","{""559"": ""现房"", ""557"": ""项目竣工"", ""56"": ""车位充足"", ""29"": ""装修交付"", ""9"": ""轨交房"", ""10"": ""多轨交"", ""72"": ""配套纯熟"", ""71"": ""便利店"", ""70"": ""银行"", ""69"": ""学校"", ""68"": ""医院"", ""67"": ""生态绿地"", ""66"": ""公园"", ""65"": ""商业街"", ""64"": ""购物中心"", ""78"": ""大户型"", ""638"": ""民办中学"", ""637"": ""公办中学"", ""636"": ""公办小学"", ""635"": ""民办小学"", ""598"": ""民办幼儿园"", ""597"": ""公办幼儿园""}","[""现房"", ""项目竣工"", ""车位充足"", ""装修交付"", ""轨交房""]",https://pic4.ajkimg.com/display/xinfang/bf8bc65f3572dbd4d17b0b6f4517b331/275x206n.jpg,"[{""id"": ""7313563"", ""loupan_id"": ""242051"", ""station_id"": ""4478"", ""subway_id"": ""126"", ""city_id"": ""30"", ""distance"": ""417米"", ""status"": ""1"", ""last_update_time"": ""1774212705"", ""is_rail_loupan"": ""1"", ""subway_name"": ""2号线"", ""station_name"": ""五四广场"", ""distance_raw"": ""417""}, {""id"": ""7316188"", ""loupan_id"": ""242051"", ""station_id"": ""121288"", ""subway_id"": ""1044"", ""city_id"": ""30"", ""distance"": ""477米"", ""status"": ""1"", ""last_update_time"": ""1774212708"", ""is_rail_loupan"": ""1"", ""subway_name"": ""8号线"", ""station_name"": ""五四广场"", ""distance_raw"": ""477""}, {""id"": ""7313902"", ""loupan_id"": ""242051"", ""station_id"": ""4372"", ""subway_id"": ""121"", ""city_id"": ""30"", ""distance"": ""477米"", ""status"": ""1"", ""last_update_time"": ""1774212705"", ""is_rail_loupan"": ""1"", ""subway_name"": ""3号线"", ""station_name"": ""五四广场"", ""distance_raw"": ""477""}, {""id"": ""7313904"", ""loupan_id"": ""242051"", ""station_id"": ""4373"", ""subway_id"": ""121"", ""city_id"": ""30"", ""distance"": ""833米"", ""status"": ""1"", ""last_update_time"": ""1774212705"", ""is_rail_loupan"": ""1"", ""subway_name"": ""3号线"", ""station_name"": ""延安三路"", ""distance_raw"": ""833""}, {""id"": ""7313567"", ""loupan_id"": ""242051"", ""station_id"": ""4479"", ""subway_id"": ""126"", ""city_id"": ""30"", ""distance"": ""1247米"", ""status"": ""1"", ""last_update_time"": ""1774212705"", ""is_rail_loupan"": ""1"", ""subway_name"": ""2号线"", ""station_name"": ""浮山所"", ""distance_raw"": ""1247""}]",市南区东海西路29号
3663255,嘉春天汇,青岛,30,崂山区,3643,张村河,25580,青岛崂山区张村河崂山区合肥路999号（崂山宜家东450米）,,14737元/㎡,14737元/㎡,首付79万，月供18993元,120-207㎡,34975m²,132659.2m²,"[{""id"": 801934, ""rooms"": 3, ""room_alias"": ""三室"", ""area"": 120}, {""id"": 801935, ""rooms"": 4, ""room_alias"": ""四室"", ""area"": 143}, {""id"": 809393, ""rooms"": 4, ""room_alias"": ""四室"", ""area"": 166}, {""id"": 809394, ""rooms"": 4, ""room_alias"": ""四室"", ""area"": 207}]",3/4室,"3室户型,4室户型",2005-06-03,2023年11月28日,2005年,2006年,"[""2024-04-23"", ""2024-03-15"", ""2023-09-26"", ""2023-06-06""]",{小高层},小高层,70年,2.5,35%,498,带装修,已竣工，竣工时间：2025-12-15,住宅,万科物业,5.98元/㎡/月,,697,,售罄,售罄,售罄,"[""青崂房预字2024第0007号"", ""青崂房预字2024第0004号"", ""青崂房预字（2023）第0012号"", ""青崂房预字（2023）第0005号""]","[""3#、6#、7#"", ""2#"", ""9#、10#"", ""8#、11#、12#""]",美的置业,海信地产,,民电,民水,36.146968,120.471519,"{""service_num"": ""4006708287"", ""num"": ""62365""}","{""559"": ""现房"", ""557"": ""项目竣工"", ""81"": ""大阳台"", ""29"": ""装修交付"", ""9"": ""轨交房"", ""76"": ""厨卫全明"", ""74"": ""南北通透"", ""73"": ""卧室全朝南"", ""72"": ""配套纯熟"", ""71"": ""便利店"", ""70"": ""银行"", ""69"": ""学校"", ""68"": ""医院"", ""66"": ""公园"", ""65"": ""商业街"", ""64"": ""购物中心"", ""78"": ""大户型"", ""402"": ""玄关入户"", ""401"": ""户型方正"", ""397"": ""动静分离"", ""85"": ""主卧套房"", ""83"": ""双阳台"", ""82"": ""双卫生间"", ""91"": ""热评楼盘"", ""90"": ""人气楼盘"", ""744"": ""好房子"", ""637"": ""公办中学"", ""636"": ""公办小学"", ""635"": ""民办小学"", ""599"": ""省级示范园"", ""598"": ""民办幼儿园"", ""597"": ""公办幼儿园"", ""541"": ""3D沙盘"", ""540"": ""日照模拟"", ""263"": ""VR看房"", ""50"": ""品牌开发商""}","[""现房"", ""项目竣工"", ""大阳台"", ""装修交付"", ""轨交房""]",https://pic4.ajkimg.com/display/xinfang/11ad664fd16f0c53baa813ea05025bc5/275x206n.jpg,"[{""id"": ""7309018"", ""loupan_id"": ""518431"", ""station_id"": ""120738"", ""subway_id"": ""12051"", ""city_id"": ""30"", ""distance"": ""645米"", ""status"": ""1"", ""last_update_time"": ""1774212707"", ""is_rail_loupan"": ""1"", ""subway_name"": ""4号线"", ""station_name"": ""董家下庄"", ""distance_raw"": ""645""}]",青岛市崂山区合肥路999号（崂山宜家东450米）
5974674,伟信盛世翠苑,青岛,30,平度市,3649,平度,3722,青岛平度市平度仁兆镇顺达街4号,,1679元/㎡,1679元/㎡,首付6万，月供1433元,81-123㎡,18400m²,25800m²,"[{""id"": 560341, ""rooms"": 2, ""room_alias"": ""二室"", ""area"": 81}, {""id"": 560336, ""rooms"": 2, ""room_alias"": ""二室"", ""area"": 82}, {""id"": 560340, ""rooms"": 3, ""room_alias"": ""三室"", ""area"": 98}, {""id"": 560337, ""rooms"": 3, ""room_alias"": ""三室"", ""area"": 101}, {""id"": 560338, ""rooms"": 3, ""room_alias"": ""三室"", ""area"": 111}, {""id"": 560342, ""rooms"": 3, ""room_alias"": ""三室"", ""area"": 113}, {""id"": 560339, ""rooms"": 3, ""room_alias"": ""三室"", ""area"": 123}]",2/3室,"2室户型,3室户型",2005-06-22,2019年12月26日,2005年,2006年,"[""2019-12-26""]",{多层},多层,70年,1.4,30%,192,毛坯,已竣工，竣工时间：2021-06-30,住宅,龙湖智慧服务,1.2元/㎡/月,,220,1:1,售罄,售罄,售罄,"[""平房注字(2019)065""]","[""6#、8#""]",碧桂园,,青岛沽河小镇文化旅游开发有限公司,民电,民水,36.661079,120.217959,"""""","{""559"": ""现房"", ""557"": ""项目竣工"", ""81"": ""大阳台"", ""52"": ""低容积"", ""76"": ""厨卫全明"", ""74"": ""南北通透"", ""78"": ""大户型"", ""404"": ""客餐厅相连"", ""402"": ""玄关入户"", ""401"": ""户型方正"", ""83"": ""双阳台"", ""637"": ""公办中学"", ""636"": ""公办小学"", ""597"": ""公办幼儿园"", ""263"": ""VR看房"", ""55"": ""小型社区""}","[""现房"", ""项目竣工"", ""大阳台"", ""低容积"", ""厨卫全明""]",https://pic4.ajkimg.com/display/xinfang/1764a66272e838ecf23d520e27095ac5/275x206n.jpg,[],青岛平度市仁兆镇顺达街与217省道交汇处
2354544,龙公寓A区,青岛,30,莱西市,3648,莱西,3720,青岛莱西市莱西北京东路85号,,,,,92-162㎡,142000m²,250000m²,"[{""id"": 345429, ""rooms"": 2, ""room_alias"": ""二室"", ""area"": 92}, {""id"": 345431, ""rooms"": 2, ""room_alias"": ""二室"", ""area"": 93}, {""id"": 345433, ""rooms"": 3, ""room_alias"": ""三室"", ""area"": 130}, {""id"": 345434, ""rooms"": 3, ""room_alias"": ""三室"", ""area"": 132}, {""id"": 345436, ""rooms"": 3, ""room_alias"": ""三室"", ""area"": 133}, {""id"": 434930, ""rooms"": 4, ""room_alias"": ""四室"", ""area"": 150}, {""id"": 345437, ""rooms"": 4, ""room_alias"": ""四室"", ""area"": 162}]",2/3/4室,"2室户型,3室户型,4室户型",2005-03-20,,2005年,2006年,"[""2015-10-21""]",多层,多层、小高层、高层,70年,2,50%,1300,毛坯,,住宅,新城悦服务,2元/㎡/月,,1300,1:1,售罄,售罄,售罄,"[""西房注字（2014）006"", ""西房注字(2018)011"", ""西房注字(2015)015""]","[""11# 12# 16# 28# 30# 31# 32# 33#""]",雅居乐,,青岛永正房地产开发有限公司,民电,民水,36.913297,120.567747,"""""","{""53"": ""高绿化率"", ""74"": ""南北通透"", ""78"": ""大户型"", ""83"": ""双阳台"", ""82"": ""双卫生间"", ""637"": ""公办中学"", ""636"": ""公办小学"", ""598"": ""民办幼儿园"", ""597"": ""公办幼儿园""}","[""高绿化率"", ""南北通透"", ""大户型"", ""双阳台"", ""双卫生间""]",https://pic4.ajkimg.com/display/xinfang/7753f1515818d3bee8425fa42f829754/275x206n.jpg,[],莱西市北京东路85号(北京东路与杭州路交汇处)
4953078,御西岸雅苑,青岛,30,城阳区,3644,正阳路,3712,青岛城阳区正阳路明阳路278号,,6854元/㎡,6854元/㎡,,,60000m²,200000m²,[],,,2005-05-23,2021年08月30日,2005年,2006年,[],高层,,40年,,,33,毛坯,,临街店铺,金地智慧服务,6.1元/㎡/月,,,,售罄,售罄,售罄,[],[],正荣,,青岛双利隆福地产开发有限公司,商电,商水,36.302964,120.405942,"""""","{""559"": ""现房"", ""9"": ""轨交房"", ""10"": ""多轨交"", ""55"": ""小型社区""}","[""现房"", ""轨交房"", ""多轨交"", ""小型社区""]",https://pic4.ajkimg.com/display/xinfang/9a21fea16668dc5ca9575d1c4f7cf2b2/275x206n.jpg,"[{""id"": ""7314018"", ""loupan_id"": ""502884"", ""station_id"": ""121196"", ""subway_id"": ""12069"", ""city_id"": ""30"", ""distance"": ""1115米"", ""status"": ""1"", ""last_update_time"": ""1774212706"", ""is_rail_loupan"": ""1"", ""subway_name"": ""9号线"", ""station_name"": ""华城路"", ""distance_raw"": ""1115""}, {""id"": ""7314017"", ""loupan_id"": ""502884"", ""station_id"": ""121197"", ""subway_id"": ""12069"", ""city_id"": ""30"", ""distance"": ""1306米"", ""status"": ""1"", ""last_update_time"": ""1774212706"", ""is_rail_loupan"": ""1"", ""subway_name"": ""9号线"", ""station_name"": ""正阳中路"", ""distance_raw"": ""1306""}, {""id"": ""7316076"", ""loupan_id"": ""502884"", ""station_id"": ""4433"", ""subway_id"": ""124"", ""city_id"": ""30"", ""distance"": ""1384米"", ""status"": ""1"", ""last_update_time"": ""1774212708"", ""is_rail_loupan"": ""1"", ""subway_name"": ""7号线"", ""station_name"": ""春阳路"", ""distance_raw"": ""1384""}, {""id"": ""7316308"", ""loupan_id"": ""502884"", ""station_id"": ""11037"", ""subway_id"": ""1045"", ""city_id"": ""30"", ""distance"": ""1480米"", ""status"": ""1"", ""last_update_time"": ""1774212708"", ""is_rail_loupan"": ""1"", ""subway_name"": ""1号线"", ""station_name"": ""农业大学"", ""distance_raw"": ""1480""}]",青岛市城阳区明阳路278号
5230222,长江世纪里,青岛,30,黄岛区,4516,长江路,5213,青岛黄岛区长江路江山路与长江西路交汇处,,,,,47-78㎡,11814m²,65936m²,"[{""id"": 51145, ""rooms"": 1, ""room_alias"": ""一室"", ""area"": 47}, {""id"": 51140, ""rooms"": 1, ""room_alias"": ""一室"", ""area"": 61}, {""id"": 51143, ""rooms"": 1, ""room_alias"": ""一室"", ""area"": 62}, {""id"": 51144, ""rooms"": 2, ""room_alias"": ""二室"", ""area"": 78}]",1/2室,"1室户型,2室户型",2005-01-18,,2005年,2006年,[],{高层},高层,,4,30%,530,带装修,,住宅,碧桂园服务,,,474,1:0.8,售罄,售罄,售罄,[],[],中南,,青岛太行房地产开发有限公司,民电,民水,35.96595,120.164618,"{""service_num"": ""4006708287"", ""num"": """"}","{""29"": ""装修交付"", ""9"": ""轨交房"", ""10"": ""多轨交"", ""63"": ""旅游地产"", ""72"": ""配套纯熟"", ""71"": ""便利店"", ""70"": ""银行"", ""69"": ""学校"", ""68"": ""医院"", ""66"": ""公园"", ""65"": ""商业街"", ""64"": ""购物中心"", ""79"": ""小户型"", ""638"": ""民办中学"", ""637"": ""公办中学"", ""636"": ""公办小学"", ""598"": ""民办幼儿园"", ""597"": ""公办幼儿园""}","[""装修交付"", ""轨交房"", ""多轨交"", ""旅游地产"", ""配套纯熟""]",https://pic4.ajkimg.com/display/xinfang/c04c8b94e783faa0329f6966ae72dc14/275x206n.jpg,"[{""id"": ""7314493"", ""loupan_id"": ""242028"", ""station_id"": ""120357"", ""subway_id"": ""1045"", ""city_id"": ""30"", ""distance"": ""471米"", ""status"": ""1"", ""last_update_time"": ""1774212706"", ""is_rail_loupan"": ""1"", ""subway_name"": ""1号线"", ""station_name"": ""石油大学"", ""distance_raw"": ""471""}, {""id"": ""7313764"", ""loupan_id"": ""242028"", ""station_id"": ""121254"", ""subway_id"": ""12071"", ""city_id"": ""30"", ""distance"": ""844米"", ""status"": ""1"", ""last_update_time"": ""1774212705"", ""is_rail_loupan"": ""1"", ""subway_name"": ""6号线"", ""station_name"": ""王家港"", ""distance_raw"": ""844""}, {""id"": ""7315939"", ""loupan_id"": ""242028"", ""station_id"": ""120426"", ""subway_id"": ""1045"", ""city_id"": ""30"", ""distance"": ""879米"", ""status"": ""1"", ""last_update_time"": ""1774212708"", ""is_rail_loupan"": ""1"", ""subway_name"": ""1号线"", ""station_name"": ""王家港"", ""distance_raw"": ""879""}, {""id"": ""7313766"", ""loupan_id"": ""242028"", ""station_id"": ""121255"", ""subway_id"": ""12071"", ""city_id"": ""30"", ""distance"": ""1048米"", ""status"": ""1"", ""last_update_time"": ""1774212705"", ""is_rail_loupan"": ""1"", ""subway_name"": ""6号线"", ""station_name"": ""九顶山"", ""distance_raw"": ""1048""}, {""id"": ""7315724"", ""loupan_id"": ""242028"", ""station_id"": ""120409"", ""subway_id"": ""1045"", ""city_id"": ""30"", ""distance"": ""1340米"", ""status"": ""1"", ""last_update_time"": ""1774212708"", ""is_rail_loupan"": ""1"", ""subway_name"": ""1号线"", ""station_name"": ""太行山路"", ""distance_raw"": ""1340""}]",开发区长江西路（石油大学体育馆对面）
1630192,中黄金府,青岛,30,黄岛区,4516,辛安,16804,青岛黄岛区辛安江山路与淮河西路交汇处西100米,,,,,89-118㎡,120000m²,280000m²,"[{""id"": 306652, ""rooms"": 3, ""room_alias"": ""三室"", ""area"": 89}, {""id"": 306654, ""rooms"": 3, ""room_alias"": ""三室"", ""area"": 89}, {""id"": 306655, ""rooms"": 3, ""room_alias"": ""三室"", ""area"": 95}, {""id"": 306656, ""rooms"": 3, ""room_alias"": ""三室"", ""area"": 115}, {""id"": 306658, ""rooms"": 3, ""room_alias"": ""三室"", ""area"": 115}, {""id"": 622496, ""rooms"": 3, ""room_alias"": ""三室"", ""area"": 118}]",3室,3室户型,2005-09-18,2019年03月30日,2005年,2006年,"[""2019-06-24"", ""2019-05-05"", ""2018-09-30"", ""2018-05-18""]",{高层},高层,70年,2.29,35%,2417,带装修,,住宅,世茂服务,2.78元/㎡/月,,2617,1:1.08,售罄,售罄,售罄,"[""青房注字青黄(2019)第071号"", ""青房注字青黄(2019)第140号"", ""青房注字（青黄19）第034号"", ""青房注字（青黄18）第088号"", ""青黄注字青黄(2018)第038""]","[""8#"", ""1#"", ""10#、11#、12#"", ""13#"", ""3#""]",中南,万科集团,万科集团,民电,民水,36.054562,120.166983,"""""","{""81"": ""大阳台"", ""56"": ""车位充足"", ""31"": ""大平层"", ""29"": ""装修交付"", ""9"": ""轨交房"", ""76"": ""厨卫全明"", ""74"": ""南北通透"", ""68"": ""医院"", ""78"": ""大户型"", ""402"": ""玄关入户"", ""401"": ""户型方正"", ""397"": ""动静分离"", ""85"": ""主卧套房"", ""637"": ""公办中学"", ""636"": ""公办小学"", ""606"": ""省一级园"", ""598"": ""民办幼儿园"", ""597"": ""公办幼儿园"", ""263"": ""VR看房"", ""54"": ""大型社区"", ""50"": ""品牌开发商""}","[""大阳台"", ""车位充足"", ""大平层"", ""装修交付"", ""轨交房""]",https://pic4.ajkimg.com/display/xinfang/12dda196c218408ffa168bf51fc5b4c3/275x206n.jpg,"[{""id"": ""7315380"", ""loupan_id"": ""431815"", ""station_id"": ""121261"", ""subway_id"": ""12071"", ""city_id"": ""30"", ""distance"": ""831米"", ""status"": ""1"", ""last_update_time"": ""1774212707"", ""is_rail_loupan"": ""1"", ""subway_name"": ""6号线"", ""station_name"": ""马家楼"", ""distance_raw"": ""831""}]",青岛市西海岸江山路与淮河西路交汇处西100米
6438443,青岛北辰谷,青岛,30,市南区,3639,香港路沿线,3653,青岛市南区香港路沿线香港中路31号银座中心,,8225元/㎡,8225元/㎡,首付39万，月供9461元,110-1539㎡,15000m²,136000m²,[],,商业户型,2005-12-01,2019年08月08日,2005年,2006年,[],{},,50年,,35%,,简装修,,标准写字楼,碧桂园服务,15元/㎡/月,,499,,售罄,售罄,售罄,[],[],佳兆业,,青岛乾豪房地产开发有限公司,商电,商水,36.06817,120.393025,"""""","{""559"": ""现房"", ""29"": ""装修交付"", ""9"": ""轨交房"", ""10"": ""多轨交""}","[""现房"", ""装修交付"", ""轨交房"", ""多轨交""]",https://pic4.ajkimg.com/display/xinfang/40c23fe88ee3dbe91bbb6ac460d563ac/275x206n.jpg,"[{""id"": ""7316815"", ""loupan_id"": ""459708"", ""station_id"": ""4479"", ""subway_id"": ""126"", ""city_id"": ""30"", ""distance"": ""221米"", ""status"": ""1"", ""last_update_time"": ""1774212709"", ""is_rail_loupan"": ""1"", ""subway_name"": ""2号线"", ""station_name"": ""浮山所"", ""distance_raw"": ""221""}, {""id"": ""7316406"", ""loupan_id"": ""459708"", ""station_id"": ""4371"", ""subway_id"": ""121"", ""city_id"": ""30"", ""distance"": ""890米"", ""status"": ""1"", ""last_update_time"": ""1774212708"", ""is_rail_loupan"": ""1"", ""subway_name"": ""3号线"", ""station_name"": ""江西路"", ""distance_raw"": ""890""}, {""id"": ""7316816"", ""loupan_id"": ""459708"", ""station_id"": ""4478"", ""subway_id"": ""126"", ""city_id"": ""30"", ""distance"": ""1153米"", ""status"": ""1"", ""last_update_time"": ""1774212709"", ""is_rail_loupan"": ""1"", ""subway_name"": ""2号线"", ""station_name"": ""五四广场"", ""distance_raw"": ""1153""}, {""id"": ""7316405"", ""loupan_id"": ""459708"", ""station_id"": ""4372"", ""subway_id"": ""121"", ""city_id"": ""30"", ""distance"": ""1153米"", ""status"": ""1"", ""last_update_time"": ""1774212708"", ""is_rail_loupan"": ""1"", ""subway_name"": ""3号线"", ""station_name"": ""五四广场"", ""distance_raw"": ""1153""}, {""id"": ""7316824"", ""loupan_id"": ""459708"", ""station_id"": ""4480"", ""subway_id"": ""126"", ""city_id"": ""30"", ""distance"": ""1179米"", ""status"": ""1"", ""last_update_time"": ""1774212709"", ""is_rail_loupan"": ""1"", ""subway_name"": ""2号线"", ""station_name"": ""燕儿岛路"", ""distance_raw"": ""1179""}, {""id"": ""7315168"", ""loupan_id"": ""459708"", ""station_id"": ""121288"", ""subway_id"": ""1044"", ""city_id"": ""30"", ""distance"": ""1215米"", ""status"": ""1"", ""last_update_time"": ""1774212707"", ""is_rail_loupan"": ""1"", ""subway_name"": ""8号线"", ""station_name"": ""五四广场"", ""distance_raw"": ""1215""}]",青岛市市南区香港中路31号银座中心1楼营销中心
1150039,华美景一期,青岛,30,市南区,3639,二轻新村,5182,青岛市南区二轻新村延吉路177号,,13366元/㎡,13366元/㎡,首付50万，月供11969元,68-143㎡,8143m²,36609m²,"[{""id"": 637228, ""rooms"": 1, ""room_alias"": ""一室"", ""area"": 68.36}, {""id"": 522766, ""rooms"": 2, ""room_alias"": ""二室"", ""area"": 85.68}, {""id"": 527166, ""rooms"": 3, ""room_alias"": ""三室"", ""area"": 103}, {""id"": 527165, ""rooms"": 3, ""room_alias"": ""三室"", ""area"": 107.79}, {""id"": 527167, ""rooms"": 3, ""room_alias"": ""三室"", ""area"": 121.42}, {""id"": 637227, ""rooms"": 3, ""room_alias"": ""三室"", ""area"": 133.95}, {""id"": 527164, ""rooms"": 3, ""room_alias"": ""三室"", ""area"": 139.1}, {""id"": 637226, ""rooms"": 3, ""room_alias"": ""三室"", ""area"": 143}]",1/2/3室,"1室户型,2室户型,3室户型",2005-08-06,2021年01月05日,2005年,2006年,"[""2020-12-15"", ""2019-10-23""]",高层,高层,70年,3.12,25%,185,带装修,已竣工，竣工时间：2021-12-31,住宅,融创服务,3元/㎡/月,,193,1:1.04,售罄,售罄,售罄,"[""青房注字(2020)第095号"", ""青房注字(2019)第053号""]","[""1"", ""2#、3#""]",旭辉,,青岛荣信置业有限公司,民电,民水,36.07748,120.412628,"""""","{""559"": ""现房"", ""557"": ""项目竣工"", ""81"": ""大阳台"", ""56"": ""车位充足"", ""29"": ""装修交付"", ""9"": ""轨交房"", ""76"": ""厨卫全明"", ""74"": ""南北通透"", ""73"": ""卧室全朝南"", ""10"": ""多轨交"", ""79"": ""小户型"", ""78"": ""大户型"", ""402"": ""玄关入户"", ""401"": ""户型方正"", ""397"": ""动静分离"", ""85"": ""主卧套房"", ""83"": ""双阳台"", ""638"": ""民办中学"", ""637"": ""公办中学"", ""636"": ""公办小学"", ""635"": ""民办小学"", ""624"": ""九年一贯制"", ""598"": ""民办幼儿园"", ""597"": ""公办幼儿园"", ""263"": ""VR看房"", ""55"": ""小型社区""}","[""现房"", ""项目竣工"", ""大阳台"", ""车位充足"", ""装修交付""]",https://pic4.ajkimg.com/display/xinfang/0706c11303c7fcfc3cf018d2cb59e700/275x206n.jpg,"[{""id"": ""7315756"", ""loupan_id"": ""462507"", ""station_id"": ""4369"", ""subway_id"": ""121"", ""city_id"": ""30"", ""distance"": ""369米"", ""status"": ""1"", ""last_update_time"": ""1774212708"", ""is_rail_loupan"": ""1"", ""subway_name"": ""3号线"", ""station_name"": ""敦化路"", ""distance_raw"": ""369""}, {""id"": ""7316071"", ""loupan_id"": ""462507"", ""station_id"": ""121168"", ""subway_id"": ""12068"", ""city_id"": ""30"", ""distance"": ""645米"", ""status"": ""1"", ""last_update_time"": ""1774212708"", ""is_rail_loupan"": ""1"", ""subway_name"": ""5号线"", ""station_name"": ""宁夏路"", ""distance_raw"": ""645""}, {""id"": ""7315744"", ""loupan_id"": ""462507"", ""station_id"": ""4370"", ""subway_id"": ""121"", ""city_id"": ""30"", ""distance"": ""753米"", ""status"": ""1"", ""last_update_time"": ""1774212708"", ""is_rail_loupan"": ""1"", ""subway_name"": ""3号线"", ""station_name"": ""宁夏路"", ""distance_raw"": ""753""}, {""id"": ""7315754"", ""loupan_id"": ""462507"", ""station_id"": ""4368"", ""subway_id"": ""121"", ""city_id"": ""30"", ""distance"": ""1155米"", ""status"": ""1"", ""last_update_time"": ""1774212708"", ""is_rail_loupan"": ""1"", ""subway_name"": ""3号线"", ""station_name"": ""错埠岭"", ""distance_raw"": ""1155""}, {""id"": ""7313953"", ""loupan_id"": ""462507"", ""station_id"": ""120732"", ""subway_id"": ""12051"", ""city_id"": ""30"", ""distance"": ""1390米"", ""status"": ""1"", ""last_update_time"": ""1774212705"", ""is_rail_loupan"": ""1"", ""subway_name"": ""4号线"", ""station_name"": ""错埠岭"", ""distance_raw"": ""1390""}]",市南区南京路与延吉路交汇处
1355052,和金色新村,青岛,30,胶州市,3647,少海新城,17479,青岛胶州市少海新城郑州东路88号(秧歌广场对面）,,,,,,8383m²,35740m²,[],,,2005-06-14,,2005年,2006年,[],{},,40年,,25%,,带装修,,商业,万科物业,,,402,,售罄,售罄,售罄,"[""青房注字(胶州)第2014084""]",[],朗诗,,青岛舜邦房地产开发有限公司,商电,商水,36.297098,120.018608,"{""service_num"": ""4006708287"", ""num"": """"}","{""29"": ""装修交付"", ""72"": ""配套纯熟"", ""70"": ""银行"", ""68"": ""医院"", ""66"": ""公园"", ""65"": ""商业街"", ""64"": ""购物中心""}","[""装修交付"", ""配套纯熟"", ""银行"", ""医院"", ""公园""]",https://pic4.ajkimg.com/display/xinfang/5118e56a5af3ed97f53d4130b01a4b3d/275x206n.jpg,[],胶州市郑州东路88号
7505742,海川北辰园,青岛,30,城阳区,3644,惜福镇,3711,青岛城阳区惜福镇惜福镇铁骑山路28号,,,,,460-470㎡,35000m²,17000m²,[],别墅,别墅户型,2005-07-09,,2005年,2006年,[],小高层,联排别墅、双拼别墅,70年,0.45,,58,毛坯,,别墅,新城悦服务,3元/㎡/月,,70,1:1.2,售罄,售罄,售罄,"[""青房注字(2010)080号""]",[],保利,,,民电,民水,36.312474,120.547115,"""""","{""56"": ""车位充足"", ""72"": ""配套纯熟"", ""70"": ""银行"", ""69"": ""学校"", ""68"": ""医院"", ""65"": ""商业街"", ""64"": ""购物中心"", ""78"": ""大户型"", ""638"": ""民办中学"", ""637"": ""公办中学"", ""636"": ""公办小学"", ""599"": ""省级示范园"", ""598"": ""民办幼儿园"", ""597"": ""公办幼儿园"", ""55"": ""小型社区""}","[""车位充足"", ""配套纯熟"", ""银行"", ""学校"", ""医院""]",https://pic4.ajkimg.com/display/xinfang/cecf5597fc245dc453d7dde39738c661/275x206n.jpg,[],青岛市铁骑山路28号项目售楼处
1737671,紫景,青岛,30,城阳区,3644,白沙湾,5204,青岛城阳区白沙湾夏庄太和风景区,,,,,367-396㎡,194523.37m²,55407m²,[],别墅,别墅户型,2005-10-06,,2005年,2006年,[],小高层,独栋别墅、联排别墅、双拼别墅,70年,0.28,74%,152,毛坯,,别墅,万科物业,5元/㎡/月,,304,1:2,售罄,售罄,售罄,[],[],路劲,,华和信投资有限公司,民电,民水,36.181977,120.441437,"""""","{""56"": ""车位充足"", ""53"": ""高绿化率"", ""63"": ""旅游地产"", ""72"": ""配套纯熟"", ""71"": ""便利店"", ""70"": ""银行"", ""69"": ""学校"", ""68"": ""医院"", ""66"": ""公园"", ""65"": ""商业街"", ""64"": ""购物中心"", ""78"": ""大户型"", ""637"": ""公办中学"", ""636"": ""公办小学"", ""599"": ""省级示范园"", ""598"": ""民办幼儿园"", ""597"": ""公办幼儿园"", ""55"": ""小型社区""}","[""车位充足"", ""高绿化率"", ""旅游地产"", ""配套纯熟"", ""便利店""]",https://pic4.ajkimg.com/display/xinfang/ee679270753ce2cc9b6f37c6d5327e85/275x206n.jpg,[],城阳区夏庄太和风景区
5328751,悦云天坊,青岛,30,市南区,3639,香港路沿线,3653,青岛市南区香港路沿线东海西路45号、47号,,,,,,10723m²,240000m²,[],,,2005-03-22,,2005年,2006年,[],{高层},高层,40年,,,,,,商业,保利物业,,,,1:1,售罄,售罄,售罄,[],[],旭辉,,,商电,商水,36.07508,120.386864,"""""","{""9"": ""轨交房"", ""10"": ""多轨交"", ""72"": ""配套纯熟"", ""71"": ""便利店"", ""70"": ""银行"", ""68"": ""医院"", ""67"": ""生态绿地"", ""66"": ""公园"", ""65"": ""商业街"", ""64"": ""购物中心""}","[""轨交房"", ""多轨交"", ""配套纯熟"", ""便利店"", ""银行""]",https://pic4.ajkimg.com/display/xinfang/fbc720d6e6279a41268578dd65db6135/275x206n.jpg,"[{""id"": ""7313607"", ""loupan_id"": ""241863"", ""station_id"": ""4479"", ""subway_id"": ""126"", ""city_id"": ""30"", ""distance"": ""487米"", ""status"": ""1"", ""last_update_time"": ""1774212705"", ""is_rail_loupan"": ""1"", ""subway_name"": ""2号线"", ""station_name"": ""浮山所"", ""distance_raw"": ""487""}, {""id"": ""7313614"", ""loupan_id"": ""241863"", ""station_id"": ""4480"", ""subway_id"": ""126"", ""city_id"": ""30"", ""distance"": ""895米"", ""status"": ""1"", ""last_update_time"": ""1774212705"", ""is_rail_loupan"": ""1"", ""subway_name"": ""2号线"", ""station_name"": ""燕儿岛路"", ""distance_raw"": ""895""}, {""id"": ""7313609"", ""loupan_id"": ""241863"", ""station_id"": ""4478"", ""subway_id"": ""126"", ""city_id"": ""30"", ""distance"": ""1416米"", ""status"": ""1"", ""last_update_time"": ""1774212705"", ""is_rail_loupan"": ""1"", ""subway_name"": ""2号线"", ""station_name"": ""五四广场"", ""distance_raw"": ""1416""}, {""id"": ""7316715"", ""loupan_id"": ""241863"", ""station_id"": ""4371"", ""subway_id"": ""121"", ""city_id"": ""30"", ""distance"": ""1438米"", ""status"": ""1"", ""last_update_time"": ""1774212709"", ""is_rail_loupan"": ""1"", ""subway_name"": ""3号线"", ""station_name"": ""江西路"", ""distance_raw"": ""1438""}, {""id"": ""7316731"", ""loupan_id"": ""241863"", ""station_id"": ""4372"", ""subway_id"": ""121"", ""city_id"": ""30"", ""distance"": ""1440米"", ""status"": ""1"", ""last_update_time"": ""1774212709"", ""is_rail_loupan"": ""1"", ""subway_name"": ""3号线"", ""station_name"": ""五四广场"", ""distance_raw"": ""1440""}, {""id"": ""7314258"", ""loupan_id"": ""241863"", ""station_id"": ""121288"", ""subway_id"": ""1044"", ""city_id"": ""30"", ""distance"": ""1480米"", ""status"": ""1"", ""last_update_time"": ""1774212706"", ""is_rail_loupan"": ""1"", ""subway_name"": ""8号线"", ""station_name"": ""五四广场"", ""distance_raw"": ""1480""}]",青岛市东海西路45号
5692408,凯旋春天城,青岛,30,崂山区,3643,高科园,3696,青岛崂山区高科园香港东路以北，松岭路以东，午山森林公园以西,,,,,,141200m²,237100m²,[],,,2005-02-20,,2005年,2006年,[],{},,,,,,毛坯,,住宅,华润万象生活,,,,,售罄,售罄,售罄,[],[],远洋,,青岛凯旋地产有限公司,民电,民水,36.112991,120.501268,"""""","{""9"": ""轨交房"", ""10"": ""多轨交"", ""72"": ""配套纯熟"", ""71"": ""便利店"", ""70"": ""银行"", ""69"": ""学校"", ""68"": ""医院"", ""66"": ""公园"", ""65"": ""商业街"", ""64"": ""购物中心"", ""637"": ""公办中学"", ""636"": ""公办小学"", ""598"": ""民办幼儿园"", ""597"": ""公办幼儿园"", ""55"": ""小型社区""}","[""轨交房"", ""多轨交"", ""配套纯熟"", ""便利店"", ""银行""]",https://pic4.ajkimg.com/display/xinfang/02516ad32761e17429147de584357aa2/275x206n.jpg,"[{""id"": ""7316450"", ""loupan_id"": ""242100"", ""station_id"": ""4381"", ""subway_id"": ""122"", ""city_id"": ""30"", ""distance"": ""880米"", ""status"": ""1"", ""last_update_time"": ""1774212708"", ""is_rail_loupan"": ""1"", ""subway_name"": ""蓝谷快线"", ""station_name"": ""青岛二中"", ""distance_raw"": ""880""}, {""id"": ""7316452"", ""loupan_id"": ""242100"", ""station_id"": ""4380"", ""subway_id"": ""122"", ""city_id"": ""30"", ""distance"": ""1018米"", ""status"": ""1"", ""last_update_time"": ""1774212708"", ""is_rail_loupan"": ""1"", ""subway_name"": ""蓝谷快线"", ""station_name"": ""会展中心"", ""distance_raw"": ""1018""}, {""id"": ""7316007"", ""loupan_id"": ""242100"", ""station_id"": ""121192"", ""subway_id"": ""12068"", ""city_id"": ""30"", ""distance"": ""1431米"", ""status"": ""1"", ""last_update_time"": ""1774212708"", ""is_rail_loupan"": ""1"", ""subway_name"": ""5号线"", ""station_name"": ""云岭路"", ""distance_raw"": ""1431""}]",暂无售楼处
5552145,福庄,青岛,30,市南区,3639,香港路沿线,3653,青岛市南区香港路沿线燕儿岛路7号,,,,,,122300m²,1014500m²,[],,,2005-07-09,,2005年,2006年,[],小高层,,40年,,3000%,1798,毛坯,,临街店铺,绿城服务,,,,1:3,售罄,售罄,售罄,[],[],佳兆业,,鲁商置业青岛有限公司,商电,商水,36.081727,120.424908,"{""service_num"": ""4006708287"", ""num"": """"}","{""56"": ""车位充足"", ""9"": ""轨交房"", ""71"": ""便利店"", ""70"": ""银行"", ""68"": ""医院"", ""54"": ""大型社区""}","[""车位充足"", ""轨交房"", ""便利店"", ""银行"", ""医院""]",https://pic4.ajkimg.com/display/xinfang/81f9fc6a257d219a23b824cb11f28780/275x206n.jpg,"[{""id"": ""7315669"", ""loupan_id"": ""410690"", ""station_id"": ""121166"", ""subway_id"": ""12068"", ""city_id"": ""30"", ""distance"": ""1117米"", ""status"": ""1"", ""last_update_time"": ""1774212708"", ""is_rail_loupan"": ""1"", ""subway_name"": ""5号线"", ""station_name"": ""北山公园"", ""distance_raw"": ""1117""}, {""id"": ""7315672"", ""loupan_id"": ""410690"", ""station_id"": ""121167"", ""subway_id"": ""12068"", ""city_id"": ""30"", ""distance"": ""1130米"", ""status"": ""1"", ""last_update_time"": ""1774212708"", ""is_rail_loupan"": ""1"", ""subway_name"": ""5号线"", ""station_name"": ""福宁立交"", ""distance_raw"": ""1130""}]",市南区香港中路65号
8759598,泰美好榭,青岛,30,市南区,3639,香港路沿线,3653,青岛市南区香港路沿线东海西路29号,,,,,80-167㎡,7601m²,130912m²,"[{""id"": 461378, ""rooms"": 1, ""room_alias"": ""一室"", ""area"": 80.43}, {""id"": 461187, ""rooms"": 1, ""room_alias"": ""一室"", ""area"": 80.88}, {""id"": 461380, ""rooms"": 1, ""room_alias"": ""一室"", ""area"": 84.4}, {""id"": 461381, ""rooms"": 1, ""room_alias"": ""一室"", ""area"": 84.77}, {""id"": 461371, ""rooms"": 2, ""room_alias"": ""二室"", ""area"": 117}, {""id"": 461369, ""rooms"": 2, ""room_alias"": ""二室"", ""area"": 117.18}, {""id"": 461191, ""rooms"": 2, ""room_alias"": ""二室"", ""area"": 117.68}, {""id"": 461376, ""rooms"": 2, ""room_alias"": ""二室"", ""area"": 117.83}, {""id"": 461367, ""rooms"": 2, ""room_alias"": ""二室"", ""area"": 143.42}, {""id"": 461373, ""rooms"": 3, ""room_alias"": ""三室"", ""area"": 167}]",1/2/3室,商业户型,2005-05-06,2013年05月09日,2005年,2006年,[],多层,,40年,,30%,500,带装修,,商业,合景悠活,9元/㎡/月,,639,1:1.3,售罄,售罄,售罄,"[""青房注字(2013)007号""]",[],华润,,青岛环海凯莱商务酒店有限公司,商电,商水,36.05147,120.405046,"{""service_num"": ""4006708287"", ""num"": """"}","{""559"": ""现房"", ""81"": ""大阳台"", ""56"": ""车位充足"", ""29"": ""装修交付"", ""9"": ""轨交房"", ""76"": ""厨卫全明"", ""75"": ""三房朝南"", ""74"": ""南北通透"", ""73"": ""卧室全朝南"", ""10"": ""多轨交"", ""72"": ""配套纯熟"", ""71"": ""便利店"", ""70"": ""银行"", ""68"": ""医院"", ""66"": ""公园"", ""65"": ""商业街"", ""64"": ""购物中心"", ""86"": ""全景飘窗"", ""85"": ""主卧套房"", ""82"": ""双卫生间""}","[""现房"", ""大阳台"", ""车位充足"", ""装修交付"", ""轨交房""]",https://pic4.ajkimg.com/display/xinfang/bf8bc65f3572dbd4d17b0b6f4517b331/275x206n.jpg,"[{""id"": ""7314233"", ""loupan_id"": ""456306"", ""station_id"": ""4478"", ""subway_id"": ""126"", ""city_id"": ""30"", ""distance"": ""535米"", ""status"": ""1"", ""last_update_time"": ""1774212706"", ""is_rail_loupan"": ""1"", ""subway_name"": ""2号线"", ""station_name"": ""五四广场"", ""distance_raw"": ""535""}, {""id"": ""7315985"", ""loupan_id"": ""456306"", ""station_id"": ""121288"", ""subway_id"": ""1044"", ""city_id"": ""30"", ""distance"": ""594米"", ""status"": ""1"", ""last_update_time"": ""1774212708"", ""is_rail_loupan"": ""1"", ""subway_name"": ""8号线"", ""station_name"": ""五四广场"", ""distance_raw"": ""594""}, {""id"": ""7313798"", ""loupan_id"": ""456306"", ""station_id"": ""4372"", ""subway_id"": ""121"", ""city_id"": ""30"", ""distance"": ""594米"", ""status"": ""1"", ""last_update_time"": ""1774212705"", ""is_rail_loupan"": ""1"", ""subway_name"": ""3号线"", ""station_name"": ""五四广场"", ""distance_raw"": ""594""}, {""id"": ""7313795"", ""loupan_id"": ""456306"", ""station_id"": ""4373"", ""subway_id"": ""121"", ""city_id"": ""30"", ""distance"": ""842米"", ""status"": ""1"", ""last_update_time"": ""1774212705"", ""is_rail_loupan"": ""1"", ""subway_name"": ""3号线"", ""station_name"": ""延安三路"", ""distance_raw"": ""842""}]",东海西路29号
3273452,高迪金色美景,青岛,30,即墨区,3645,即墨市,3714,青岛即墨区即墨市德馨小学南门,,,,,88-132㎡,180000m²,400000m²,"[{""id"": 87683, ""rooms"": 2, ""room_alias"": ""二室"", ""area"": 88}, {""id"": 87680, ""rooms"": 3, ""room_alias"": ""三室"", ""area"": 132}]",2/3室,"2室户型,3室户型",2005-02-07,,2005年,2006年,[],洋房,多层、小高层、高层,70年,1.92,48%,400,毛坯,,住宅,万科物业,1.9元/㎡/月,,2768,1:1,售罄,售罄,售罄,"[""即房(2016)注字020"", ""即房(2016)注字030"", ""即房(2016)注字045""]",[],仁恒,,,民电,民水,36.379177,120.411894,"""""","{""53"": ""高绿化率"", ""52"": ""低容积"", ""72"": ""配套纯熟"", ""70"": ""银行"", ""69"": ""学校"", ""68"": ""医院"", ""66"": ""公园"", ""65"": ""商业街"", ""64"": ""购物中心"", ""78"": ""大户型"", ""637"": ""公办中学"", ""636"": ""公办小学"", ""600"": ""市级示范园"", ""598"": ""民办幼儿园"", ""597"": ""公办幼儿园""}","[""高绿化率"", ""低容积"", ""配套纯熟"", ""银行"", ""学校""]",https://pic4.ajkimg.com/display/xinfang/5d582412b0e50cb0212be275746bf02b/275x206n.jpg,[],青岛即墨市德馨小学南门
2083098,凤苑A区,青岛,30,西海岸新区,3646,安子片区,24954,青岛西海岸新区安子片区长江东路北侧、大涧山东麓,,7540元/㎡,7540元/㎡,首付39万，月供9317元,118-255㎡,住宅：113335m² 别墅：113335m²,住宅：114468.35m² 别墅：114468.35m²,"[{""id"": 450775, ""rooms"": 3, ""room_alias"": ""三室"", ""area"": 118}, {""id"": 450776, ""rooms"": 3, ""room_alias"": ""三室"", ""area"": 118}, {""id"": 654190, ""rooms"": 3, ""room_alias"": ""三室"", ""area"": 130}, {""id"": 450777, ""rooms"": 4, ""room_alias"": ""四室"", ""area"": 143}, {""id"": 450930, ""rooms"": 4, ""room_alias"": ""四室"", ""area"": 170}, {""id"": 450931, ""rooms"": 4, ""room_alias"": ""四室"", ""area"": 195}, {""id"": 450932, ""rooms"": 4, ""room_alias"": ""四室"", ""area"": 225}, {""id"": 450933, ""rooms"": 4, ""room_alias"": ""四室"", ""area"": 255}, {""id"": 450774, ""rooms"": 5, ""room_alias"": ""五室"", ""area"": 225}]",3/4室、别墅,"3室户型,4室户型,别墅户型",2005-05-09,2021年03月10日,2005年,2006年,"[""2021-03-10"", ""2019-08-02"", ""2019-08-07"", ""2021-03-10""]",高层,住宅：小高层、花园洋房 别墅：联排别墅,住宅：70年 别墅：70年,住宅：1.01 别墅：1.01,住宅：35% 别墅：35%,住宅：734 别墅：734,住宅：毛坯 别墅：毛坯,已竣工，竣工时间：暂无数据,住宅,中海物业,住宅：3.02元/㎡/月 别墅：6.5元/㎡/月,,住宅：734 别墅：734,住宅：1:1 别墅：1:1,售罄,售罄,售罄,"[""青房注字青黄（2020）第163号"", ""青房注字青黄19093号"", ""青房注字青黄（2019）第090号"", ""青房注字青黄（2020）第181号""]","[""29#、35#、41#"", ""18#、19#、23#、22#"", ""1#、2#、3#、7#、11#、15#"", ""46#、51#、56#""]",路劲,金地集团,金地集团、金泽地产,住宅：民电,住宅：民水,35.972799,120.226391,"""""","{""559"": ""现房"", ""557"": ""项目竣工"", ""81"": ""大阳台"", ""52"": ""低容积"", ""76"": ""厨卫全明"", ""74"": ""南北通透"", ""69"": ""学校"", ""68"": ""医院"", ""65"": ""商业街"", ""78"": ""大户型"", ""404"": ""客餐厅相连"", ""402"": ""玄关入户"", ""401"": ""户型方正"", ""397"": ""动静分离"", ""85"": ""主卧套房"", ""82"": ""双卫生间"", ""637"": ""公办中学"", ""636"": ""公办小学"", ""599"": ""省级示范园"", ""598"": ""民办幼儿园"", ""597"": ""公办幼儿园"", ""540"": ""日照模拟"", ""263"": ""VR看房"", ""50"": ""品牌开发商""}","[""现房"", ""项目竣工"", ""大阳台"", ""低容积"", ""厨卫全明""]",https://pic4.ajkimg.com/display/xinfang/9e9a6290847eab151de9602100d3b5f0/275x206n.jpg,[],黄岛区漓江东路521号（金泽·儒家东南门）
6096420,鑫康城家,青岛,30,市南区,3639,二轻新村,5182,青岛市南区二轻新村延吉路177号,,13366元/㎡,13366元/㎡,首付50万，月供11969元,68-143㎡,8143m²,36609m²,"[{""id"": 637228, ""rooms"": 1, ""room_alias"": ""一室"", ""area"": 68.36}, {""id"": 522766, ""rooms"": 2, ""room_alias"": ""二室"", ""area"": 85.68}, {""id"": 527166, ""rooms"": 3, ""room_alias"": ""三室"", ""area"": 103}, {""id"": 527165, ""rooms"": 3, ""room_alias"": ""三室"", ""area"": 107.79}, {""id"": 527167, ""rooms"": 3, ""room_alias"": ""三室"", ""area"": 121.42}, {""id"": 637227, ""rooms"": 3, ""room_alias"": ""三室"", ""area"": 133.95}, {""id"": 527164, ""rooms"": 3, ""room_alias"": ""三室"", ""area"": 139.1}, {""id"": 637226, ""rooms"": 3, ""room_alias"": ""三室"", ""area"": 143}]",1/2/3室,"1室户型,2室户型,3室户型",2005-04-16,2021年01月05日,2005年,2006年,"[""2020-12-15"", ""2019-10-23""]",{高层},高层,70年,3.12,25%,185,带装修,已竣工，竣工时间：2021-12-31,住宅,绿城服务,3元/㎡/月,,193,1:1.04,售罄,售罄,售罄,"[""青房注字(2020)第095号"", ""青房注字(2019)第053号""]","[""1"", ""2#、3#""]",招商蛇口,,青岛荣信置业有限公司,民电,民水,36.087501,120.406701,"""""","{""559"": ""现房"", ""557"": ""项目竣工"", ""81"": ""大阳台"", ""56"": ""车位充足"", ""29"": ""装修交付"", ""9"": ""轨交房"", ""76"": ""厨卫全明"", ""74"": ""南北通透"", ""73"": ""卧室全朝南"", ""10"": ""多轨交"", ""79"": ""小户型"", ""78"": ""大户型"", ""402"": ""玄关入户"", ""401"": ""户型方正"", ""397"": ""动静分离"", ""85"": ""主卧套房"", ""83"": ""双阳台"", ""638"": ""民办中学"", ""637"": ""公办中学"", ""636"": ""公办小学"", ""635"": ""民办小学"", ""624"": ""九年一贯制"", ""598"": ""民办幼儿园"", ""597"": ""公办幼儿园"", ""263"": ""VR看房"", ""55"": ""小型社区""}","[""现房"", ""项目竣工"", ""大阳台"", ""车位充足"", ""装修交付""]",https://pic4.ajkimg.com/display/xinfang/0706c11303c7fcfc3cf018d2cb59e700/275x206n.jpg,"[{""id"": ""7315756"", ""loupan_id"": ""462507"", ""station_id"": ""4369"", ""subway_id"": ""121"", ""city_id"": ""30"", ""distance"": ""369米"", ""status"": ""1"", ""last_update_time"": ""1774212708"", ""is_rail_loupan"": ""1"", ""subway_name"": ""3号线"", ""station_name"": ""敦化路"", ""distance_raw"": ""369""}, {""id"": ""7316071"", ""loupan_id"": ""462507"", ""station_id"": ""121168"", ""subway_id"": ""12068"", ""city_id"": ""30"", ""distance"": ""645米"", ""status"": ""1"", ""last_update_time"": ""1774212708"", ""is_rail_loupan"": ""1"", ""subway_name"": ""5号线"", ""station_name"": ""宁夏路"", ""distance_raw"": ""645""}, {""id"": ""7315744"", ""loupan_id"": ""462507"", ""station_id"": ""4370"", ""subway_id"": ""121"", ""city_id"": ""30"", ""distance"": ""753米"", ""status"": ""1"", ""last_update_time"": ""1774212708"", ""is_rail_loupan"": ""1"", ""subway_name"": ""3号线"", ""station_name"": ""宁夏路"", ""distance_raw"": ""753""}, {""id"": ""7315754"", ""loupan_id"": ""462507"", ""station_id"": ""4368"", ""subway_id"": ""121"", ""city_id"": ""30"", ""distance"": ""1155米"", ""status"": ""1"", ""last_update_time"": ""1774212708"", ""is_rail_loupan"": ""1"", ""subway_name"": ""3号线"", ""station_name"": ""错埠岭"", ""distance_raw"": ""1155""}, {""id"": ""7313953"", ""loupan_id"": ""462507"", ""station_id"": ""120732"", ""subway_id"": ""12051"", ""city_id"": ""30"", ""distance"": ""1390米"", ""status"": ""1"", ""last_update_time"": ""1774212705"", ""is_rail_loupan"": ""1"", ""subway_name"": ""4号线"", ""station_name"": ""错埠岭"", ""distance_raw"": ""1390""}]",市南区南京路与延吉路交汇处
3086037,利盛玉兰丽景,青岛,30,莱西市,3648,莱西,3720,青岛莱西市莱西南墅镇中心街水晶路57号利客来旁,,1268元/㎡,1268元/㎡,首付5万，月供1218元,91-120㎡,58000m²,78000m²,"[{""id"": 361215, ""rooms"": 2, ""room_alias"": ""二室"", ""area"": 91}, {""id"": 366748, ""rooms"": 2, ""room_alias"": ""二室"", ""area"": 92}, {""id"": 366706, ""rooms"": 4, ""room_alias"": ""四室"", ""area"": 120}]",2/4室,"2室户型,4室户型",2005-05-02,2018年05月22日,2005年,2006年,"[""2017-03-20""]",{多层},多层,70年,1.33,37%,300,毛坯,,住宅,融创服务,0.31元/㎡/月,,160,1：0.6,售罄,售罄,售罄,"[""西房注字(2016)036""]","[""4#、1#、2#、3#、5#、7#、10#、6#、8#、9#""]",朗诗,,青岛利客来易和投资有限公司,民电,民水,37.023777,120.319755,"{""service_num"": ""4006708287"", ""num"": """"}","{""559"": ""现房"", ""53"": ""高绿化率"", ""52"": ""低容积"", ""74"": ""南北通透"", ""72"": ""配套纯熟"", ""71"": ""便利店"", ""70"": ""银行"", ""69"": ""学校"", ""65"": ""商业街"", ""78"": ""大户型"", ""637"": ""公办中学"", ""597"": ""公办幼儿园"", ""263"": ""VR看房""}","[""现房"", ""高绿化率"", ""低容积"", ""南北通透"", ""配套纯熟""]",https://pic4.ajkimg.com/display/xinfang/5f253c6f7ec93306e8de176e9e604f51/275x206n.jpg,[],莱西市南墅镇水晶路利客来对面
1887832,中居A区,青岛,30,崂山区,3643,高科园,3696,青岛崂山区高科园崂山深圳路179号,,,,,56-148㎡,住宅：6605m² 别墅：6605m²,住宅：33115m² 别墅：33115m²,"[{""id"": 40512, ""rooms"": 1, ""room_alias"": ""一室"", ""area"": 55.76}, {""id"": 40513, ""rooms"": 2, ""room_alias"": ""二室"", ""area"": 84.61}, {""id"": 40514, ""rooms"": 3, ""room_alias"": ""三室"", ""area"": 147.69}]",1/2/3室,"1室户型,2室户型,3室户型",2005-03-01,,2005年,2006年,[],高层,住宅：高层,住宅：70年 别墅：70年,住宅：3.5,住宅：30% 别墅：30%,住宅：185 别墅：185,住宅：毛坯 别墅：毛坯,,住宅,保利物业,住宅：2元/㎡/月,,住宅：231 别墅：231,,售罄,售罄,售罄,[],[],龙湖,,青岛华沃置业有限公司,住宅：民电,住宅：民水,36.110741,120.479904,"{""service_num"": ""4006708287"", ""num"": """"}","{""9"": ""轨交房"", ""10"": ""多轨交"", ""72"": ""配套纯熟"", ""71"": ""便利店"", ""70"": ""银行"", ""69"": ""学校"", ""68"": ""医院"", ""66"": ""公园"", ""65"": ""商业街"", ""64"": ""购物中心"", ""79"": ""小户型"", ""78"": ""大户型"", ""637"": ""公办中学"", ""636"": ""公办小学"", ""635"": ""民办小学"", ""599"": ""省级示范园"", ""598"": ""民办幼儿园"", ""597"": ""公办幼儿园"", ""55"": ""小型社区""}","[""轨交房"", ""多轨交"", ""配套纯熟"", ""便利店"", ""银行""]",https://pic4.ajkimg.com/display/xinfang/dcf1eae4637e6c576e24bc904ae503c4/275x206n.jpg,"[{""id"": ""7316026"", ""loupan_id"": ""241785"", ""station_id"": ""4488"", ""subway_id"": ""126"", ""city_id"": ""30"", ""distance"": ""581米"", ""status"": ""1"", ""last_update_time"": ""1774212708"", ""is_rail_loupan"": ""1"", ""subway_name"": ""2号线"", ""station_name"": ""同安路"", ""distance_raw"": ""581""}, {""id"": ""7316767"", ""loupan_id"": ""241785"", ""station_id"": ""4379"", ""subway_id"": ""122"", ""city_id"": ""30"", ""distance"": ""1233米"", ""status"": ""1"", ""last_update_time"": ""1774212709"", ""is_rail_loupan"": ""1"", ""subway_name"": ""蓝谷快线"", ""station_name"": ""苗岭路"", ""distance_raw"": ""1233""}, {""id"": ""7316025"", ""loupan_id"": ""241785"", ""station_id"": ""4487"", ""subway_id"": ""126"", ""city_id"": ""30"", ""distance"": ""1233米"", ""status"": ""1"", ""last_update_time"": ""1774212708"", ""is_rail_loupan"": ""1"", ""subway_name"": ""2号线"", ""station_name"": ""苗岭路"", ""distance_raw"": ""1233""}, {""id"": ""7316028"", ""loupan_id"": ""241785"", ""station_id"": ""4489"", ""subway_id"": ""126"", ""city_id"": ""30"", ""distance"": ""1406米"", ""status"": ""1"", ""last_update_time"": ""1774212708"", ""is_rail_loupan"": ""1"", ""subway_name"": ""2号线"", ""station_name"": ""辽阳东路"", ""distance_raw"": ""1406""}, {""id"": ""7314172"", ""loupan_id"": ""241785"", ""station_id"": ""120741"", ""subway_id"": ""12051"", ""city_id"": ""30"", ""distance"": ""1436米"", ""status"": ""1"", ""last_update_time"": ""1774212706"", ""is_rail_loupan"": ""1"", ""subway_name"": ""4号线"", ""station_name"": ""辽阳东路"", ""distance_raw"": ""1436""}]",项目旁边的国税局海丽花园5号楼三单元302室
5293412,银龙湖家园,青岛,30,胶州市,3647,老城区,17476,青岛胶州市老城区李哥庄镇联谊大街20号,,3941元/㎡,3941元/㎡,首付15万，月供3655元,88-156㎡,别墅：35000m² 住宅：35000m²,别墅：50000m² 住宅：50000m²,"[{""id"": 281928, ""rooms"": 2, ""room_alias"": ""二室"", ""area"": 88.29}, {""id"": 281930, ""rooms"": 3, ""room_alias"": ""三室"", ""area"": 99.5}, {""id"": 281931, ""rooms"": 3, ""room_alias"": ""三室"", ""area"": 110.24}, {""id"": 319480, ""rooms"": 3, ""room_alias"": ""三室"", ""area"": 119}, {""id"": 319479, ""rooms"": 3, ""room_alias"": ""三室"", ""area"": 132}, {""id"": 281937, ""rooms"": 4, ""room_alias"": ""四室"", ""area"": 142.09}, {""id"": 319477, ""rooms"": 4, ""room_alias"": ""四室"", ""area"": 156}]",2/3/4室、别墅,"2室户型,3室户型,4室户型,别墅户型",2005-10-09,2018年12月30日,2005年,2006年,"[""2018-08-09"", ""2018-12-30""]",{叠加别墅},别墅：叠加别墅 住宅：花园洋房,别墅：70年 住宅：70年,别墅：1.6 住宅：1.39,别墅：35% 住宅：35%,别墅：372 住宅：372,别墅：毛坯 住宅：毛坯,,别墅,龙湖智慧服务,住宅：3元/㎡/月,,别墅：452 住宅：452,别墅：1:1.2 住宅：1:1.2,售罄,售罄,售罄,"[""青房注字（胶州）第2018089号"", ""青房注字（胶州）第2018104号""]","[""5#"", ""1#""]",华润,,青岛联谊置业有限公司,别墅：民电,别墅：民水,36.358473,120.161625,"""""","{""57"": ""人车分流"", ""56"": ""车位充足"", ""52"": ""低容积"", ""76"": ""厨卫全明"", ""74"": ""南北通透"", ""69"": ""学校"", ""78"": ""大户型"", ""404"": ""客餐厅相连"", ""402"": ""玄关入户"", ""401"": ""户型方正"", ""85"": ""主卧套房"", ""637"": ""公办中学"", ""636"": ""公办小学"", ""598"": ""民办幼儿园"", ""597"": ""公办幼儿园"", ""263"": ""VR看房""}","[""人车分流"", ""车位充足"", ""低容积"", ""厨卫全明"", ""南北通透""]",https://pic4.ajkimg.com/display/xinfang/4faf965d4528a5359dc106c580c36188/275x206n.jpg,[],青岛市胶州市李哥庄镇联谊大街20号
2266836,巴黎北辰花苑,青岛,30,城阳区,3644,正阳路,3712,青岛城阳区正阳路国城路与春阳路交汇处,,,,,89-130㎡,28700m²,43000m²,"[{""id"": 50303, ""rooms"": 2, ""room_alias"": ""二室"", ""area"": 89}, {""id"": 39007, ""rooms"": 2, ""room_alias"": ""二室"", ""area"": 90}, {""id"": 64401, ""rooms"": 2, ""room_alias"": ""二室"", ""area"": 93}, {""id"": 64402, ""rooms"": 2, ""room_alias"": ""二室"", ""area"": 94}, {""id"": 39012, ""rooms"": 3, ""room_alias"": ""三室"", ""area"": 89}, {""id"": 50301, ""rooms"": 3, ""room_alias"": ""三室"", ""area"": 122}, {""id"": 50302, ""rooms"": 3, ""room_alias"": ""三室"", ""area"": 130}]",2/3室,"2室户型,3室户型",2005-02-18,,2005年,2006年,[],"{多层,小高层}",多层、小高层,70年,1.5,39%,402,毛坯,,住宅,金地智慧服务,1.1~1.5元/㎡/月,,402,,售罄,售罄,售罄,[],[],朗诗,,青岛博阳置业有限公司,民电,民水,36.329291,120.403822,"""""","{""53"": ""高绿化率"", ""52"": ""低容积"", ""9"": ""轨交房"", ""72"": ""配套纯熟"", ""71"": ""便利店"", ""70"": ""银行"", ""69"": ""学校"", ""68"": ""医院"", ""66"": ""公园"", ""65"": ""商业街"", ""64"": ""购物中心"", ""78"": ""大户型"", ""637"": ""公办中学"", ""636"": ""公办小学"", ""635"": ""民办小学"", ""598"": ""民办幼儿园"", ""597"": ""公办幼儿园""}","[""高绿化率"", ""低容积"", ""轨交房"", ""配套纯熟"", ""便利店""]",https://pic4.ajkimg.com/display/xinfang/24cf52e3c99a8a7b037af4db4c9bbf9e/275x206n.jpg,"[{""id"": ""7316677"", ""loupan_id"": ""241882"", ""station_id"": ""121217"", ""subway_id"": ""12070"", ""city_id"": ""30"", ""distance"": ""586米"", ""status"": ""1"", ""last_update_time"": ""1774212709"", ""is_rail_loupan"": ""1"", ""subway_name"": ""15号线"", ""station_name"": ""虹子河"", ""distance_raw"": ""586""}]",明阳路166号汇豪景园商业网点（工商银行旁）
1343690,盛坊三期,青岛,30,市北区,3640,浮山后,3667,青岛市北区浮山后黑龙江南路177号,,9939元/㎡,9939元/㎡,首付17万，月供4157元,40-160㎡,,7900m²,[],,,2005-08-13,2020年05月31日,2005年,2006年,[],高层,,40年,,,111,,,临街店铺,金地智慧服务,,,,,售罄,售罄,售罄,[],[],朗诗,和达集团,,商电,商水,36.114459,120.395462,"""""","{""559"": ""现房"", ""9"": ""轨交房"", ""74"": ""南北通透"", ""10"": ""多轨交"", ""55"": ""小型社区"", ""50"": ""品牌开发商""}","[""现房"", ""轨交房"", ""南北通透"", ""多轨交"", ""小型社区""]",https://pic4.ajkimg.com/display/xinfang/0a62bc91a4efc3b8d9703361fb2b25df/275x206n.jpg,"[{""id"": ""7314602"", ""loupan_id"": ""472408"", ""station_id"": ""4365"", ""subway_id"": ""121"", ""city_id"": ""30"", ""distance"": ""717米"", ""status"": ""1"", ""last_update_time"": ""1774212706"", ""is_rail_loupan"": ""1"", ""subway_name"": ""3号线"", ""station_name"": ""长沙路"", ""distance_raw"": ""717""}, {""id"": ""7314604"", ""loupan_id"": ""472408"", ""station_id"": ""4364"", ""subway_id"": ""121"", ""city_id"": ""30"", ""distance"": ""922米"", ""status"": ""1"", ""last_update_time"": ""1774212706"", ""is_rail_loupan"": ""1"", ""subway_name"": ""3号线"", ""station_name"": ""地铁大厦"", ""distance_raw"": ""922""}, {""id"": ""7313392"", ""loupan_id"": ""472408"", ""station_id"": ""121185"", ""subway_id"": ""12068"", ""city_id"": ""30"", ""distance"": ""1074米"", ""status"": ""1"", ""last_update_time"": ""1774212705"", ""is_rail_loupan"": ""1"", ""subway_name"": ""5号线"", ""station_name"": ""地铁大厦"", ""distance_raw"": ""1074""}]",青岛市市北区黑龙江南路177号
1512161,华绿洲锦园,青岛,30,胶州市,3647,胶州,3718,青岛胶州市胶州青州西路32号（青州路以南惠州路以西）,,,,,77-116㎡,23039m²,35754m²,"[{""id"": 139702, ""rooms"": 2, ""room_alias"": ""二室"", ""area"": 77}, {""id"": 139704, ""rooms"": 3, ""room_alias"": ""三室"", ""area"": 116}]",2/3室,"2室户型,3室户型",2005-01-02,,2005年,2006年,[],洋房,多层,70年,1.4,30%,308,毛坯,,住宅,绿城服务,0.6元/㎡/月,,183,1：0.8,售罄,售罄,售罄,[],[],金地,,青岛绿阳投资置业有限公司,民电,民水,36.316461,119.992719,"{""service_num"": ""4006708287"", ""num"": """"}","{""52"": ""低容积"", ""72"": ""配套纯熟"", ""71"": ""便利店"", ""70"": ""银行"", ""69"": ""学校"", ""68"": ""医院"", ""66"": ""公园"", ""65"": ""商业街"", ""64"": ""购物中心"", ""78"": ""大户型"", ""638"": ""民办中学"", ""637"": ""公办中学"", ""636"": ""公办小学"", ""598"": ""民办幼儿园"", ""597"": ""公办幼儿园""}","[""低容积"", ""配套纯熟"", ""便利店"", ""银行"", ""学校""]",https://pic4.ajkimg.com/display/xinfang/1a26e161b9249e6aba8d53f7e105b88d/275x206n.jpg,[],胶州市青州西路32号（广州北路大润发北行188米路东）
6025598,梵悦明珠阁,青岛,30,市南区,3639,香港路沿线,3653,青岛市南区香港路沿线香港中路80号,,22277元/㎡,22277元/㎡,首付348万，月供83176元,357㎡,5593.3m²,108162.47m²,"[{""id"": 816082, ""rooms"": 3, ""room_alias"": ""三室"", ""area"": 357}]",3室,商业户型,2005-05-05,2023年10月16日,2005年,2006年,"[""2022-12-22""]",别墅,高层,40年,,,113,带装修,在建中，竣工时间：2025-12-31,商业,龙湖智慧服务,15元/㎡/月,,443,,售罄,售罄,售罄,"[""青房预字（2022）第099号""]","[""1#""]",中铁建,,青岛新锐家禾置业有限公司,民电,民水,36.085023,120.410804,"""""","{""559"": ""现房"", ""77"": ""复式"", ""31"": ""大平层"", ""29"": ""装修交付"", ""9"": ""轨交房"", ""74"": ""南北通透"", ""7"": ""项目在建"", ""33"": ""智能住宅"", ""60"": ""海景地产"", ""72"": ""配套纯熟"", ""71"": ""便利店"", ""70"": ""银行"", ""68"": ""医院"", ""67"": ""生态绿地"", ""66"": ""公园"", ""65"": ""商业街"", ""64"": ""购物中心"", ""92"": ""热搜盘"", ""90"": ""人气楼盘"", ""55"": ""小型社区""}","[""现房"", ""复式"", ""大平层"", ""装修交付"", ""轨交房""]",https://pic4.ajkimg.com/display/xinfang/8b7bf4a03a076d2bcd28feafd768c11c/275x206n.jpg,"[{""id"": ""7250543"", ""loupan_id"": ""520643"", ""station_id"": ""4480"", ""subway_id"": ""126"", ""city_id"": ""30"", ""distance"": ""329米"", ""status"": ""1"", ""last_update_time"": ""1774212707"", ""is_rail_loupan"": ""1"", ""subway_name"": ""2号线"", ""station_name"": ""燕儿岛路"", ""distance_raw"": ""329""}, {""id"": ""7250542"", ""loupan_id"": ""520643"", ""station_id"": ""4481"", ""subway_id"": ""126"", ""city_id"": ""30"", ""distance"": ""729米"", ""status"": ""1"", ""last_update_time"": ""1774212707"", ""is_rail_loupan"": ""1"", ""subway_name"": ""2号线"", ""station_name"": ""高雄路"", ""distance_raw"": ""729""}, {""id"": ""7250544"", ""loupan_id"": ""520643"", ""station_id"": ""4479"", ""subway_id"": ""126"", ""city_id"": ""30"", ""distance"": ""1243米"", ""status"": ""1"", ""last_update_time"": ""1774212707"", ""is_rail_loupan"": ""1"", ""subway_name"": ""2号线"", ""station_name"": ""浮山所"", ""distance_raw"": ""1243""}]",青岛市市南区香港中路80号
5894187,天舍,青岛,30,平度市,3649,平度,3722,青岛平度市平度红旗路23号，现河与红旗路交汇处（公园与植物园前）,,,,,61-173㎡,11239m²,37755m²,"[{""id"": 45244, ""rooms"": 1, ""room_alias"": ""一室"", ""area"": 61}, {""id"": 45240, ""rooms"": 3, ""room_alias"": ""三室"", ""area"": 134}, {""id"": 45239, ""rooms"": 3, ""room_alias"": ""三室"", ""area"": 144}, {""id"": 45235, ""rooms"": 3, ""room_alias"": ""三室"", ""area"": 162}, {""id"": 45243, ""rooms"": 4, ""room_alias"": ""四室"", ""area"": 173}]",1/3/4室,"1室户型,3室户型,4室户型",2005-01-09,,2005年,2006年,[],洋房,高层,70年,3,36%,153,"毛坯,带装修",,住宅,世茂服务,1元/㎡/月,,120,,售罄,售罄,售罄,"[""平房注字(2013)378"", ""平房注字(2011)329""]",[],朗诗,,鼎峰地产,民电,民水,36.809581,119.992396,"""""","{""53"": ""高绿化率"", ""29"": ""装修交付"", ""72"": ""配套纯熟"", ""71"": ""便利店"", ""70"": ""银行"", ""69"": ""学校"", ""68"": ""医院"", ""66"": ""公园"", ""65"": ""商业街"", ""64"": ""购物中心"", ""79"": ""小户型"", ""78"": ""大户型"", ""638"": ""民办中学"", ""637"": ""公办中学"", ""636"": ""公办小学"", ""635"": ""民办小学"", ""598"": ""民办幼儿园"", ""597"": ""公办幼儿园"", ""55"": ""小型社区""}","[""高绿化率"", ""装修交付"", ""配套纯熟"", ""便利店"", ""银行""]",https://pic4.ajkimg.com/display/xinfang/de0a7577a0f8ab5ba14a3aea181b24d5/275x206n.jpg,[],平度市红旗路23号鼎峰金融大厦一层
2151376,金阳光庄,青岛,30,西海岸新区,3646,灵山卫,5209,青岛西海岸新区灵山卫滨海大道与辛屯路交汇处以北,,5740元/㎡,5740元/㎡,首付22万，月供5340元,106-183㎡,87726m²,307041m²,"[{""id"": 500608, ""rooms"": 3, ""room_alias"": ""三室"", ""area"": 106}, {""id"": 469281, ""rooms"": 3, ""room_alias"": ""三室"", ""area"": 118}, {""id"": 574250, ""rooms"": 3, ""room_alias"": ""三室"", ""area"": 119}, {""id"": 500612, ""rooms"": 3, ""room_alias"": ""三室"", ""area"": 120}, {""id"": 574249, ""rooms"": 3, ""room_alias"": ""三室"", ""area"": 136}, {""id"": 469280, ""rooms"": 3, ""room_alias"": ""三室"", ""area"": 138}, {""id"": 500606, ""rooms"": 3, ""room_alias"": ""三室"", ""area"": 141}, {""id"": 574248, ""rooms"": 3, ""room_alias"": ""三室"", ""area"": 164}, {""id"": 574247, ""rooms"": 4, ""room_alias"": ""四室"", ""area"": 183}, {""id"": 668597, ""rooms"": 4, ""room_alias"": ""四室"", ""area"": 183}]",3/4室,"3室户型,4室户型",2005-05-23,2019年08月25日,2005年,2006年,"[""2019-09-05"", ""2019-08-23"", ""2020-12-11"", ""2020-05-19""]",{高层},高层,70年,1.5,50%,1482,毛坯,已竣工，竣工时间：2021-11-26,住宅,招商积余,3.02元/㎡/月,,3385,1:2.3,售罄,售罄,售罄,"[""青房注字青黄（2019）第113号"", ""青房注字（青黄19）第103号"", ""青房注字青黄（2020）第308号"", ""青房注字青黄（2020）第051号""]","[""1#、3#"", ""2#"", ""B区1#、B区2#、B区3#"", ""5#、7#、6#""]",世茂,海信地产,青岛海信房地产股份有限公司,民电,民水,35.913818,120.07424,"""""","{""559"": ""现房"", ""557"": ""项目竣工"", ""81"": ""大阳台"", ""56"": ""车位充足"", ""53"": ""高绿化率"", ""52"": ""低容积"", ""9"": ""轨交房"", ""76"": ""厨卫全明"", ""74"": ""南北通透"", ""73"": ""卧室全朝南"", ""10"": ""多轨交"", ""71"": ""便利店"", ""68"": ""医院"", ""65"": ""商业街"", ""78"": ""大户型"", ""404"": ""客餐厅相连"", ""403"": ""私密性好"", ""402"": ""玄关入户"", ""401"": ""户型方正"", ""397"": ""动静分离"", ""85"": ""主卧套房"", ""82"": ""双卫生间"", ""638"": ""民办中学"", ""637"": ""公办中学"", ""636"": ""公办小学"", ""635"": ""民办小学"", ""598"": ""民办幼儿园"", ""597"": ""公办幼儿园"", ""540"": ""日照模拟"", ""265"": ""特惠"", ""263"": ""VR看房"", ""50"": ""品牌开发商""}","[""现房"", ""项目竣工"", ""大阳台"", ""车位充足"", ""高绿化率""]",https://pic4.ajkimg.com/display/xinfang/d7c33ba903d61ff34c3e1220ed005173/275x206n.jpg,"[{""id"": ""7315394"", ""loupan_id"": ""453346"", ""station_id"": ""4408"", ""subway_id"": ""123"", ""city_id"": ""30"", ""distance"": ""944米"", ""status"": ""1"", ""last_update_time"": ""1774212707"", ""is_rail_loupan"": ""1"", ""subway_name"": ""西海岸快线"", ""station_name"": ""辛屯（灵山湾）"", ""distance_raw"": ""944""}, {""id"": ""7314196"", ""loupan_id"": ""453346"", ""station_id"": ""121247"", ""subway_id"": ""12071"", ""city_id"": ""30"", ""distance"": ""963米"", ""status"": ""1"", ""last_update_time"": ""1774212706"", ""is_rail_loupan"": ""1"", ""subway_name"": ""6号线"", ""station_name"": ""辛屯"", ""distance_raw"": ""963""}, {""id"": ""7314198"", ""loupan_id"": ""453346"", ""station_id"": ""121246"", ""subway_id"": ""12071"", ""city_id"": ""30"", ""distance"": ""1223米"", ""status"": ""1"", ""last_update_time"": ""1774212706"", ""is_rail_loupan"": ""1"", ""subway_name"": ""6号线"", ""station_name"": ""灵山湾"", ""distance_raw"": ""1223""}]",青岛市西海岸新区滨海大道2699号—C5/C6
2489412,锦厦明珠苑,青岛,30,平度市,3649,平度,3722,青岛平度市平度锦州路69号,,,,,83-145㎡,238888m²,368747m²,"[{""id"": 345318, ""rooms"": 2, ""room_alias"": ""二室"", ""area"": 83.22}, {""id"": 345319, ""rooms"": 2, ""room_alias"": ""二室"", ""area"": 85.92}, {""id"": 345320, ""rooms"": 3, ""room_alias"": ""三室"", ""area"": 96}, {""id"": 276528, ""rooms"": 3, ""room_alias"": ""三室"", ""area"": 115}, {""id"": 276530, ""rooms"": 3, ""room_alias"": ""三室"", ""area"": 119}, {""id"": 345321, ""rooms"": 3, ""room_alias"": ""三室"", ""area"": 134.85}, {""id"": 345322, ""rooms"": 3, ""room_alias"": ""三室"", ""area"": 138}, {""id"": 345323, ""rooms"": 3, ""room_alias"": ""三室"", ""area"": 145.24}]",2/3室,"2室户型,3室户型",2005-05-24,,2005年,2006年,[],"{多层,小高层}",多层、小高层,70年,1.54,36%,1402,毛坯,,住宅,旭辉永升,0.4元/㎡/月,,110,1:0.7,售罄,售罄,售罄,"[""平房注字(2015)494""]",[],融创,,青岛农商银行,民电,民水,36.797821,119.944166,"""""","{""53"": ""高绿化率"", ""52"": ""低容积"", ""69"": ""学校"", ""78"": ""大户型"", ""637"": ""公办中学"", ""636"": ""公办小学"", ""635"": ""民办小学"", ""598"": ""民办幼儿园"", ""597"": ""公办幼儿园""}","[""高绿化率"", ""低容积"", ""学校"", ""大户型"", ""公办中学""]",https://pic4.ajkimg.com/display/xinfang/342222bd8bf200993e51e53d3cc06004/275x206n.jpg,[],平度市广州路16-1号（平度市委组织部南200米）
1804450,宏洲一期,青岛,30,市南区,3639,香港路沿线,3653,青岛市南区香港路沿线香港中路93号,,,,,,37513m²,30855m²,[],,,2005-07-02,2018年12月01日,2005年,2006年,[],{},,40年,,25%,,,,购物中心,绿城服务,2.9元/㎡/月,,784,1:1,售罄,售罄,售罄,[],[],华侨城,,,商电,商水,36.085114,120.426277,"{""service_num"": ""4006708287"", ""num"": """"}","{""9"": ""轨交房"", ""10"": ""多轨交"", ""72"": ""配套纯熟"", ""70"": ""银行"", ""68"": ""医院"", ""65"": ""商业街"", ""64"": ""购物中心"", ""226"": ""商业街区"", ""218"": ""综合商铺"", ""213"": ""地铁沿线""}","[""轨交房"", ""多轨交"", ""配套纯熟"", ""银行"", ""医院""]",https://pic4.ajkimg.com/display/xinfang/0bd5e61619d4b321286863447d0c79c9/275x206n.jpg,"[{""id"": ""7314574"", ""loupan_id"": ""410806"", ""station_id"": ""4481"", ""subway_id"": ""126"", ""city_id"": ""30"", ""distance"": ""163米"", ""status"": ""1"", ""last_update_time"": ""1774212706"", ""is_rail_loupan"": ""1"", ""subway_name"": ""2号线"", ""station_name"": ""高雄路"", ""distance_raw"": ""163""}, {""id"": ""7314578"", ""loupan_id"": ""410806"", ""station_id"": ""4480"", ""subway_id"": ""126"", ""city_id"": ""30"", ""distance"": ""725米"", ""status"": ""1"", ""last_update_time"": ""1774212706"", ""is_rail_loupan"": ""1"", ""subway_name"": ""2号线"", ""station_name"": ""燕儿岛路"", ""distance_raw"": ""725""}, {""id"": ""7314998"", ""loupan_id"": ""410806"", ""station_id"": ""121166"", ""subway_id"": ""12068"", ""city_id"": ""30"", ""distance"": ""1227米"", ""status"": ""1"", ""last_update_time"": ""1774212707"", ""is_rail_loupan"": ""1"", ""subway_name"": ""5号线"", ""station_name"": ""北山公园"", ""distance_raw"": ""1227""}]",市南区香港中路93号
4104698,华翡翠庭,青岛,30,胶州市,3647,胶州,3718,青岛胶州市胶州扬州东路52号,,,,,90-150㎡,住宅：133340m² 别墅：133340m²,住宅：220000m² 别墅：220000m²,"[{""id"": 52274, ""rooms"": 2, ""room_alias"": ""二室"", ""area"": 90}, {""id"": 52279, ""rooms"": 2, ""room_alias"": ""二室"", ""area"": 93}, {""id"": 52277, ""rooms"": 3, ""room_alias"": ""三室"", ""area"": 150}]",2/3室,"2室户型,3室户型",2005-02-05,,2005年,2006年,[],超高层,住宅：多层、小高层,住宅：70年 别墅：70年,住宅：1.5,住宅：37% 别墅：37%,住宅：1709 别墅：1709,住宅：毛坯 别墅：毛坯,,住宅,保利物业,住宅：0.8元/㎡/月,,,住宅：1:1.2 别墅：1:1.2,售罄,售罄,售罄,[],[],中南,,青岛正北开发有限公司,住宅：民电,住宅：民水,36.286878,120.0174,"{""service_num"": ""4006708287"", ""num"": """"}","{""56"": ""车位充足"", ""53"": ""高绿化率"", ""52"": ""低容积"", ""72"": ""配套纯熟"", ""71"": ""便利店"", ""70"": ""银行"", ""69"": ""学校"", ""68"": ""医院"", ""66"": ""公园"", ""65"": ""商业街"", ""64"": ""购物中心"", ""78"": ""大户型"", ""638"": ""民办中学"", ""637"": ""公办中学"", ""636"": ""公办小学"", ""598"": ""民办幼儿园"", ""597"": ""公办幼儿园"", ""54"": ""大型社区""}","[""车位充足"", ""高绿化率"", ""低容积"", ""配套纯熟"", ""便利店""]",https://pic4.ajkimg.com/display/xinfang/6145ebd16ce73ddf0ff420c742d8606c/275x206n.jpg,[],胶州市扬州东路52号正北名苑售楼处
6808291,双利星辰豪庭,青岛,30,城阳区,3644,正阳路,3712,青岛城阳区正阳路明阳路278号,,,,,41㎡,63408m²,203456m²,"[{""id"": 577327, ""rooms"": 1, ""room_alias"": ""一室"", ""area"": 41}]",1室,商业户型,2005-12-16,2020年06月08日,2005年,2006年,"[""2020-05-11""]",{小高层},小高层,40年,2.2,39%,909,带装修,,商业,旭辉永升,5元/㎡/月,,,,售罄,售罄,售罄,"[""青房注字城（20）第26号""]","[""9#、10#""]",中南,,青岛双利隆福地产开发有限公司,商电,商水,36.310433,120.396405,"""""","{""559"": ""现房"", ""29"": ""装修交付"", ""9"": ""轨交房"", ""73"": ""卧室全朝南"", ""10"": ""多轨交"", ""397"": ""动静分离"", ""361"": ""城阳区"", ""263"": ""VR看房""}","[""现房"", ""装修交付"", ""轨交房"", ""卧室全朝南"", ""多轨交""]",https://pic4.ajkimg.com/display/xinfang/7d38cd38f194ff9b6a1f8d0452d27da5/275x206n.jpg,"[{""id"": ""7313666"", ""loupan_id"": ""474172"", ""station_id"": ""121196"", ""subway_id"": ""12069"", ""city_id"": ""30"", ""distance"": ""1171米"", ""status"": ""1"", ""last_update_time"": ""1774212705"", ""is_rail_loupan"": ""1"", ""subway_name"": ""9号线"", ""station_name"": ""华城路"", ""distance_raw"": ""1171""}, {""id"": ""7313668"", ""loupan_id"": ""474172"", ""station_id"": ""121197"", ""subway_id"": ""12069"", ""city_id"": ""30"", ""distance"": ""1199米"", ""status"": ""1"", ""last_update_time"": ""1774212705"", ""is_rail_loupan"": ""1"", ""subway_name"": ""9号线"", ""station_name"": ""正阳中路"", ""distance_raw"": ""1199""}, {""id"": ""7314948"", ""loupan_id"": ""474172"", ""station_id"": ""4433"", ""subway_id"": ""124"", ""city_id"": ""30"", ""distance"": ""1277米"", ""status"": ""1"", ""last_update_time"": ""1774212707"", ""is_rail_loupan"": ""1"", ""subway_name"": ""7号线"", ""station_name"": ""春阳路"", ""distance_raw"": ""1277""}, {""id"": ""7314563"", ""loupan_id"": ""474172"", ""station_id"": ""11037"", ""subway_id"": ""1045"", ""city_id"": ""30"", ""distance"": ""1373米"", ""status"": ""1"", ""last_update_time"": ""1774212706"", ""is_rail_loupan"": ""1"", ""subway_name"": ""1号线"", ""station_name"": ""农业大学"", ""distance_raw"": ""1373""}, {""id"": ""7316712"", ""loupan_id"": ""474172"", ""station_id"": ""121274"", ""subway_id"": ""124"", ""city_id"": ""30"", ""distance"": ""1400米"", ""status"": ""1"", ""last_update_time"": ""1774212709"", ""is_rail_loupan"": ""1"", ""subway_name"": ""7号线"", ""station_name"": ""农业大学"", ""distance_raw"": ""1400""}, {""id"": ""7316714"", ""loupan_id"": ""474172"", ""station_id"": ""121275"", ""subway_id"": ""124"", ""city_id"": ""30"", ""distance"": ""1420米"", ""status"": ""1"", ""last_update_time"": ""1774212709"", ""is_rail_loupan"": ""1"", ""subway_name"": ""7号线"", ""station_name"": ""正阳中路"", ""distance_raw"": ""1420""}]",青岛市城阳区明阳路278号
9949295,凤阁A区,青岛,30,平度市,3649,平度,3722,青岛平度市平度红旗路23号，现河与红旗路交汇处（公园与植物园前）,,,,,61-173㎡,11239m²,37755m²,"[{""id"": 45244, ""rooms"": 1, ""room_alias"": ""一室"", ""area"": 61}, {""id"": 45240, ""rooms"": 3, ""room_alias"": ""三室"", ""area"": 134}, {""id"": 45239, ""rooms"": 3, ""room_alias"": ""三室"", ""area"": 144}, {""id"": 45235, ""rooms"": 3, ""room_alias"": ""三室"", ""area"": 162}, {""id"": 45243, ""rooms"": 4, ""room_alias"": ""四室"", ""area"": 173}]",1/3/4室,"1室户型,3室户型,4室户型",2005-10-15,,2005年,2006年,[],洋房,高层,70年,3,36%,153,"毛坯,带装修",,住宅,保利物业,1元/㎡/月,,120,,售罄,售罄,售罄,"[""平房注字(2013)378"", ""平房注字(2011)329""]",[],招商蛇口,,鼎峰地产,民电,民水,36.788425,119.964607,"""""","{""53"": ""高绿化率"", ""29"": ""装修交付"", ""72"": ""配套纯熟"", ""71"": ""便利店"", ""70"": ""银行"", ""69"": ""学校"", ""68"": ""医院"", ""66"": ""公园"", ""65"": ""商业街"", ""64"": ""购物中心"", ""79"": ""小户型"", ""78"": ""大户型"", ""638"": ""民办中学"", ""637"": ""公办中学"", ""636"": ""公办小学"", ""635"": ""民办小学"", ""598"": ""民办幼儿园"", ""597"": ""公办幼儿园"", ""55"": ""小型社区""}","[""高绿化率"", ""装修交付"", ""配套纯熟"", ""便利店"", ""银行""]",https://pic4.ajkimg.com/display/xinfang/de0a7577a0f8ab5ba14a3aea181b24d5/275x206n.jpg,[],平度市红旗路23号鼎峰金融大厦一层
8128038,翠紫金佳苑,青岛,30,平度市,3649,平度,3722,青岛平度市平度杭州路与朝阳路交汇处（开元城·开元盛景南门）,,,,,90-110㎡,38000m²,74200m²,"[{""id"": 299996, ""rooms"": 3, ""room_alias"": ""三室"", ""area"": 90}, {""id"": 299992, ""rooms"": 3, ""room_alias"": ""三室"", ""area"": 110}]",3室,3室户型,2005-10-22,,2005年,2006年,[],"{多层,小高层}",多层、小高层,,1.84,35%,454,毛坯,,住宅,华润万象生活,,,232,1:02:00,售罄,售罄,售罄,"[""青房注字 第624号""]",[],中南,,,民电,民水,36.788063,119.975351,"""""","{""52"": ""低容积"", ""69"": ""学校"", ""78"": ""大户型"", ""638"": ""民办中学"", ""637"": ""公办中学"", ""636"": ""公办小学"", ""635"": ""民办小学"", ""598"": ""民办幼儿园"", ""597"": ""公办幼儿园""}","[""低容积"", ""学校"", ""大户型"", ""民办中学"", ""公办中学""]",https://pic4.ajkimg.com/display/xinfang/dd1a12b17a8ebaf25260fdc4709d6d1e/275x206n.jpg,[],平度市杭州路与朝阳路交汇处（开元城·开元盛景南门）
2911598,青岛半岛园,青岛,30,市北区,3640,水清沟,5189,青岛市北区水清沟市北区金华支路14号,,,,,,11092m²,48141m²,[],,,2005-11-27,,2005年,2006年,[],{},,40年,,30%,22,毛坯,,商业街,新城悦服务,3.9元/㎡/月,,,,售罄,售罄,售罄,[],[],远洋,碧桂园集团,,商电,商水,36.133592,120.368544,"""""","{""9"": ""轨交房"", ""68"": ""医院"", ""55"": ""小型社区"", ""50"": ""品牌开发商""}","[""轨交房"", ""医院"", ""小型社区"", ""品牌开发商""]",https://pic4.ajkimg.com/display/xinfang/71152dbd08d9f8c5286232845286418d/275x206n.jpg,"[{""id"": ""7316584"", ""loupan_id"": ""509732"", ""station_id"": ""120398"", ""subway_id"": ""1045"", ""city_id"": ""30"", ""distance"": ""1121米"", ""status"": ""1"", ""last_update_time"": ""1774212709"", ""is_rail_loupan"": ""1"", ""subway_name"": ""1号线"", ""station_name"": ""水清沟"", ""distance_raw"": ""1121""}]",山东省青岛市市北区金华支路14号
4485359,万苑三期,青岛,30,李沧区,3642,沧口,3687,青岛李沧区沧口李沧四流中路187号,,,,,80㎡,住宅：71347m² 别墅：71347m²,住宅：125388m² 别墅：125388m²,"[{""id"": 43788, ""rooms"": 2, ""room_alias"": ""二室"", ""area"": 80}, {""id"": 43789, ""rooms"": 2, ""room_alias"": ""二室"", ""area"": 80}]",2室,2室户型,2005-05-21,,2005年,2006年,[],"{多层,高层}",住宅：多层、高层,住宅：70年 别墅：70年,住宅：1.42,住宅：35% 别墅：35%,住宅：1011 别墅：1011,住宅：毛坯 别墅：毛坯,,住宅,华润万象生活,住宅：1.42元/㎡/月,,,,售罄,售罄,售罄,[],[],建发,,青岛华泰置业集团有限公司,住宅：民电,住宅：民水,36.204059,120.388056,"{""service_num"": ""4006708287"", ""num"": """"}","{""52"": ""低容积"", ""9"": ""轨交房"", ""72"": ""配套纯熟"", ""71"": ""便利店"", ""70"": ""银行"", ""69"": ""学校"", ""68"": ""医院"", ""66"": ""公园"", ""65"": ""商业街"", ""64"": ""购物中心"", ""637"": ""公办中学"", ""636"": ""公办小学"", ""635"": ""民办小学"", ""624"": ""九年一贯制"", ""598"": ""民办幼儿园"", ""597"": ""公办幼儿园""}","[""低容积"", ""轨交房"", ""配套纯熟"", ""便利店"", ""银行""]",https://pic4.ajkimg.com/display/xinfang/c0b3bc4eed1946594ee87f685cf9979e/275x206n.jpg,"[{""id"": ""7315432"", ""loupan_id"": ""242070"", ""station_id"": ""11029"", ""subway_id"": ""1045"", ""city_id"": ""30"", ""distance"": ""739米"", ""status"": ""1"", ""last_update_time"": ""1774212707"", ""is_rail_loupan"": ""1"", ""subway_name"": ""1号线"", ""station_name"": ""沧安路"", ""distance_raw"": ""739""}, {""id"": ""7315425"", ""loupan_id"": ""242070"", ""station_id"": ""11038"", ""subway_id"": ""1045"", ""city_id"": ""30"", ""distance"": ""986米"", ""status"": ""1"", ""last_update_time"": ""1774212707"", ""is_rail_loupan"": ""1"", ""subway_name"": ""1号线"", ""station_name"": ""永年路"", ""distance_raw"": ""986""}]",四流中路187号（项目现场）
1641084,绿红树源,青岛,30,黄岛区,4516,长江路,5213,青岛黄岛区长江路漓江东路,,,,,,800m²,3546m²,[],,,2005-04-14,,2005年,2006年,[],别墅,,40年,,,,,,临街店铺,绿城服务,1.6元/㎡/月,,,,售罄,售罄,售罄,[],[],中海,,青岛佳润置业有限公司,商电,商水,36.022721,120.30174,"{""service_num"": ""4006708287"", ""num"": """"}","{""598"": ""民办幼儿园"", ""636"": ""公办小学"", ""597"": ""公办幼儿园""}","[""民办幼儿园"", ""公办小学"", ""公办幼儿园""]",https://pic4.ajkimg.com/display/xinfang/dbd3c9dd7aea7371f11aacfe553e99f8/275x206n.jpg,[],青岛市黄岛区珠江路与武夷山路交汇处
6857704,晶城梅林花苑,青岛,30,黄岛区,4516,长江路,5213,青岛黄岛区长江路嘉陵江西路与五台山路交汇处,,,,,64-109㎡,48666m²,146000m²,"[{""id"": 68821, ""rooms"": 1, ""room_alias"": ""一室"", ""area"": 64}, {""id"": 68819, ""rooms"": 2, ""room_alias"": ""二室"", ""area"": 89}, {""id"": 68820, ""rooms"": 3, ""room_alias"": ""三室"", ""area"": 89}, {""id"": 68818, ""rooms"": 3, ""room_alias"": ""三室"", ""area"": 109}]",1/2/3室,"1室户型,2室户型,3室户型",2005-09-19,,2005年,2006年,[],多层,多层、高层,50年,2.48,36%,1318,毛坯,,住宅,龙湖智慧服务,1.3元/㎡/月,,1195,1:0.8,售罄,售罄,售罄,"[""青房注字青开(2013)第015""]",[],龙湖,,青岛经济技术开发区城市发展投资有限公司,民电,民水,35.988775,120.168958,"""""","{""53"": ""高绿化率"", ""9"": ""轨交房"", ""72"": ""配套纯熟"", ""71"": ""便利店"", ""70"": ""银行"", ""69"": ""学校"", ""68"": ""医院"", ""67"": ""生态绿地"", ""66"": ""公园"", ""65"": ""商业街"", ""64"": ""购物中心"", ""79"": ""小户型"", ""637"": ""公办中学"", ""636"": ""公办小学"", ""635"": ""民办小学"", ""598"": ""民办幼儿园"", ""597"": ""公办幼儿园""}","[""高绿化率"", ""轨交房"", ""配套纯熟"", ""便利店"", ""银行""]",https://pic4.ajkimg.com/display/xinfang/96233bac6728d2921747f8ddc572aea2/275x206n.jpg,"[{""id"": ""7313910"", ""loupan_id"": ""247619"", ""station_id"": ""4401"", ""subway_id"": ""123"", ""city_id"": ""30"", ""distance"": ""901米"", ""status"": ""1"", ""last_update_time"": ""1774212705"", ""is_rail_loupan"": ""1"", ""subway_name"": ""西海岸快线"", ""station_name"": ""嘉陵江路"", ""distance_raw"": ""901""}]",香江路利群购物广场东30米农业银行南侧
5836873,龙宅A区,青岛,30,黄岛区,4516,江山路,5212,青岛黄岛区江山路江山南路255号，江山路与富春江路交汇处北薛辛庄东,,,,,91-262㎡,17886m²,48825m²,"[{""id"": 139313, ""rooms"": 2, ""room_alias"": ""二室"", ""area"": 91.4}, {""id"": 377362, ""rooms"": 2, ""room_alias"": ""二室"", ""area"": 94.3}, {""id"": 208104, ""rooms"": 2, ""room_alias"": ""二室"", ""area"": 110}, {""id"": 377365, ""rooms"": 3, ""room_alias"": ""三室"", ""area"": 128.5}, {""id"": 139315, ""rooms"": 3, ""room_alias"": ""三室"", ""area"": 136}, {""id"": 208108, ""rooms"": 3, ""room_alias"": ""三室"", ""area"": 136}, {""id"": 377372, ""rooms"": 3, ""room_alias"": ""三室"", ""area"": 143}, {""id"": 208109, ""rooms"": 3, ""room_alias"": ""三室"", ""area"": 157}, {""id"": 377379, ""rooms"": 6, ""room_alias"": ""六室"", ""area"": 262}]",2/3/6室,"2室户型,3室户型,6室户型",2005-12-04,,2005年,2006年,[],"{小高层,高层}",小高层、高层,70年,1.99,35%,255,毛坯,,住宅,雅生活服务,2元/㎡/月,,245,1:1,售罄,售罄,售罄,"[""青房注字青开(2015)第019""]",[],碧桂园,,青岛城发投资集团有限公司,民电,民水,35.947589,120.153554,"{""service_num"": ""4006708287"", ""num"": """"}","{""52"": ""低容积"", ""9"": ""轨交房"", ""72"": ""配套纯熟"", ""71"": ""便利店"", ""70"": ""银行"", ""69"": ""学校"", ""68"": ""医院"", ""65"": ""商业街"", ""64"": ""购物中心"", ""78"": ""大户型"", ""638"": ""民办中学"", ""637"": ""公办中学"", ""636"": ""公办小学"", ""635"": ""民办小学"", ""598"": ""民办幼儿园"", ""597"": ""公办幼儿园"", ""55"": ""小型社区""}","[""低容积"", ""轨交房"", ""配套纯熟"", ""便利店"", ""银行""]",https://pic4.ajkimg.com/display/xinfang/8f9530121a60b52d7faadc274644babf/275x206n.jpg,"[{""id"": ""7314619"", ""loupan_id"": ""298234"", ""station_id"": ""121255"", ""subway_id"": ""12071"", ""city_id"": ""30"", ""distance"": ""671米"", ""status"": ""1"", ""last_update_time"": ""1774212706"", ""is_rail_loupan"": ""1"", ""subway_name"": ""6号线"", ""station_name"": ""九顶山"", ""distance_raw"": ""671""}, {""id"": ""7314621"", ""loupan_id"": ""298234"", ""station_id"": ""121256"", ""subway_id"": ""12071"", ""city_id"": ""30"", ""distance"": ""1435米"", ""status"": ""1"", ""last_update_time"": ""1774212706"", ""is_rail_loupan"": ""1"", ""subway_name"": ""6号线"", ""station_name"": ""钱塘江路(青职学院)"", ""distance_raw"": ""1435""}]",黄岛区江山南路255号
6951709,和梦想榭,青岛,30,黄岛区,4516,漓江路,5218,青岛黄岛区漓江路滨海大道北侧，阿里山路西侧，武夷山路东侧,,,,,,19470m²,53627m²,[],,,2005-05-03,,2005年,2006年,[],{},,,,20%,,,,标准写字楼,保利物业,,,,,售罄,售罄,售罄,[],[],禹洲,,,商电,商水,35.952422,120.208377,"""""","{""9"": ""轨交房"", ""10"": ""多轨交"", ""72"": ""配套纯熟"", ""71"": ""便利店"", ""70"": ""银行"", ""68"": ""医院"", ""66"": ""公园"", ""65"": ""商业街"", ""64"": ""购物中心""}","[""轨交房"", ""多轨交"", ""配套纯熟"", ""便利店"", ""银行""]",https://pic4.ajkimg.com/display/xinfang/73fc21f8eb093319f305e16a56e3c6e1/275x206n.jpg,"[{""id"": ""7314014"", ""loupan_id"": ""413188"", ""station_id"": ""120322"", ""subway_id"": ""1045"", ""city_id"": ""30"", ""distance"": ""576米"", ""status"": ""1"", ""last_update_time"": ""1774212706"", ""is_rail_loupan"": ""1"", ""subway_name"": ""1号线"", ""station_name"": ""丁家河"", ""distance_raw"": ""576""}, {""id"": ""7313765"", ""loupan_id"": ""413188"", ""station_id"": ""120312"", ""subway_id"": ""1045"", ""city_id"": ""30"", ""distance"": ""808米"", ""status"": ""1"", ""last_update_time"": ""1774212705"", ""is_rail_loupan"": ""1"", ""subway_name"": ""1号线"", ""station_name"": ""井冈山路"", ""distance_raw"": ""808""}, {""id"": ""7316082"", ""loupan_id"": ""413188"", ""station_id"": ""4403"", ""subway_id"": ""123"", ""city_id"": ""30"", ""distance"": ""893米"", ""status"": ""1"", ""last_update_time"": ""1774212708"", ""is_rail_loupan"": ""1"", ""subway_name"": ""西海岸快线"", ""station_name"": ""井冈山路"", ""distance_raw"": ""893""}, {""id"": ""7316083"", ""loupan_id"": ""413188"", ""station_id"": ""4402"", ""subway_id"": ""123"", ""city_id"": ""30"", ""distance"": ""1482米"", ""status"": ""1"", ""last_update_time"": ""1774212708"", ""is_rail_loupan"": ""1"", ""subway_name"": ""西海岸快线"", ""station_name"": ""香江路"", ""distance_raw"": ""1482""}]",暂无
8207951,今易东方花苑,青岛,30,李沧区,3642,沧口,3687,青岛李沧区沧口振华路157号,,,,,,10000m²,15000m²,[],,,2005-09-18,2015年11月30日,2005年,2006年,[],{},,40年,,30%,100,毛坯,,购物中心,绿城服务,1.45元/㎡/月,,100,1:1,售罄,售罄,售罄,[],[],阳光城,,,商电,商水,36.193019,120.392161,"{""service_num"": ""4006708287"", ""num"": """"}","{""559"": ""现房"", ""57"": ""人车分流"", ""9"": ""轨交房"", ""10"": ""多轨交"", ""72"": ""配套纯熟"", ""71"": ""便利店"", ""70"": ""银行"", ""68"": ""医院"", ""65"": ""商业街"", ""64"": ""购物中心"", ""218"": ""综合商铺"", ""217"": ""专业市场"", ""55"": ""小型社区""}","[""现房"", ""人车分流"", ""轨交房"", ""多轨交"", ""配套纯熟""]",https://pic4.ajkimg.com/display/xinfang/0dad34d104646f7db907f1578821a96d/275x206n.jpg,"[{""id"": ""7315248"", ""loupan_id"": ""423878"", ""station_id"": ""4358"", ""subway_id"": ""121"", ""city_id"": ""30"", ""distance"": ""563米"", ""status"": ""1"", ""last_update_time"": ""1774212707"", ""is_rail_loupan"": ""1"", ""subway_name"": ""3号线"", ""station_name"": ""永平路"", ""distance_raw"": ""563""}, {""id"": ""7314078"", ""loupan_id"": ""423878"", ""station_id"": ""11029"", ""subway_id"": ""1045"", ""city_id"": ""30"", ""distance"": ""1236米"", ""status"": ""1"", ""last_update_time"": ""1774212706"", ""is_rail_loupan"": ""1"", ""subway_name"": ""1号线"", ""station_name"": ""沧安路"", ""distance_raw"": ""1236""}]",青岛市李沧区沧口维客广场
6604087,悦苑,青岛,30,莱西市,3648,莱西,3720,青岛莱西市莱西市政府北800米,,,,,99-133㎡,80000m²,160000m²,"[{""id"": 43377, ""rooms"": 2, ""room_alias"": ""二室"", ""area"": 99}, {""id"": 43376, ""rooms"": 2, ""room_alias"": ""二室"", ""area"": 118}, {""id"": 43378, ""rooms"": 3, ""room_alias"": ""三室"", ""area"": 133}]",2/3室,"2室户型,3室户型",2005-10-13,,2005年,2006年,[],别墅,多层、高层,70年,2,41%,1200,毛坯,,住宅,碧桂园服务,0.5元/㎡/月,,1200,,售罄,售罄,售罄,[],[],滨江集团,,青岛奥润投资集团,民电,民水,36.906427,120.542448,"""""","{""53"": ""高绿化率"", ""72"": ""配套纯熟"", ""71"": ""便利店"", ""70"": ""银行"", ""69"": ""学校"", ""68"": ""医院"", ""66"": ""公园"", ""65"": ""商业街"", ""64"": ""购物中心"", ""78"": ""大户型"", ""638"": ""民办中学"", ""637"": ""公办中学"", ""636"": ""公办小学"", ""598"": ""民办幼儿园"", ""597"": ""公办幼儿园""}","[""高绿化率"", ""配套纯熟"", ""便利店"", ""银行"", ""学校""]",https://pic4.ajkimg.com/display/xinfang/083bea120ffe36cf00edf2dc7f35ce00/275x206n.jpg,[],莱西市烟台北路新市府北8米
8022213,紫北辰名苑,青岛,30,平度市,3649,平度,3722,青岛平度市平度香港路97号,,,,,105-145㎡,46270m²,64091m²,"[{""id"": 694913, ""rooms"": 3, ""room_alias"": ""三室"", ""area"": 105}, {""id"": 694909, ""rooms"": 3, ""room_alias"": ""三室"", ""area"": 108}, {""id"": 694901, ""rooms"": 3, ""room_alias"": ""三室"", ""area"": 120}, {""id"": 694897, ""rooms"": 3, ""room_alias"": ""三室"", ""area"": 123}, {""id"": 694907, ""rooms"": 3, ""room_alias"": ""三室"", ""area"": 124}, {""id"": 694904, ""rooms"": 4, ""room_alias"": ""四室"", ""area"": 145}]",3/4室,"3室户型,4室户型",2005-12-06,2021年09月06日,2005年,2006年,"[""2018-11-06"", ""2019-08-16"", ""2021-09-06""]","{多层,小高层,花园洋房}",多层、小高层、花园洋房,70年,1.4,46%,520,毛坯,,住宅,中海物业,1.1~1.9元/㎡/月,,526,1:1,售罄,售罄,售罄,"[""平房注字(2018)690"", ""平房注字(2019)019"", ""鲁（2021）平度市不动产权第0015572号""]","[""17#、21#、22#、28#"", ""19#、25#、27#、31#"", ""20#、26#、30#、32#、35#""]",大华,,青岛海龙房地产有限公司,民电,民水,36.752698,119.986074,"""""","{""53"": ""高绿化率"", ""52"": ""低容积"", ""76"": ""厨卫全明"", ""74"": ""南北通透"", ""78"": ""大户型"", ""404"": ""客餐厅相连"", ""402"": ""玄关入户"", ""401"": ""户型方正"", ""85"": ""主卧套房"", ""638"": ""民办中学"", ""637"": ""公办中学"", ""636"": ""公办小学"", ""635"": ""民办小学"", ""598"": ""民办幼儿园"", ""597"": ""公办幼儿园"", ""263"": ""VR看房""}","[""高绿化率"", ""低容积"", ""厨卫全明"", ""南北通透"", ""大户型""]",https://pic4.ajkimg.com/display/xinfang/465b1897d74a4abb55a19f0d2eff7375/275x206n.jpg,[],平度市香港路97号
4653608,青岛时代里,青岛,30,即墨区,3645,即墨市,3714,青岛即墨区即墨市滨海公路,,,,,,69549m²,166738m²,[],,,2005-10-04,,2005年,2006年,[],别墅,高层,40年,1.93,30%,500,带装修,,商业,合景悠活,3.5元/㎡/月,,700,1:1.4,售罄,售罄,售罄,"[""即房(2016)注字009""]",[],禹洲,,青岛硅谷置业有限公司,商电,商水,36.388074,120.66664,"""""","{""56"": ""车位充足"", ""29"": ""装修交付"", ""9"": ""轨交房""}","[""车位充足"", ""装修交付"", ""轨交房""]",https://pic4.ajkimg.com/display/xinfang/134a2b2913a04495f66a86e0a9e12a0a/275x206n.jpg,"[{""id"": ""7316024"", ""loupan_id"": ""416427"", ""station_id"": ""4393"", ""subway_id"": ""122"", ""city_id"": ""30"", ""distance"": ""595米"", ""status"": ""1"", ""last_update_time"": ""1774212708"", ""is_rail_loupan"": ""1"", ""subway_name"": ""蓝谷快线"", ""station_name"": ""蓝色硅谷"", ""distance_raw"": ""595""}]",蓝色硅谷核心区(滨海大道与沙滩三路交汇处)
5337951,新谷,青岛,30,李沧区,3642,金水路,5196,青岛李沧区金水路黑龙江中路568号,,,,,87-233㎡,住宅：1544000m² 别墅：1544000m²,住宅：2300000m² 别墅：2300000m²,"[{""id"": 639096, ""rooms"": 2, ""room_alias"": ""二室"", ""area"": 87}, {""id"": 634369, ""rooms"": 3, ""room_alias"": ""三室"", ""area"": 95}, {""id"": 267213, ""rooms"": 3, ""room_alias"": ""三室"", ""area"": 105}, {""id"": 267215, ""rooms"": 3, ""room_alias"": ""三室"", ""area"": 115}, {""id"": 471164, ""rooms"": 3, ""room_alias"": ""三室"", ""area"": 115}, {""id"": 267217, ""rooms"": 3, ""room_alias"": ""三室"", ""area"": 130}, {""id"": 267218, ""rooms"": 3, ""room_alias"": ""三室"", ""area"": 139}, {""id"": 471158, ""rooms"": 3, ""room_alias"": ""三室"", ""area"": 140}, {""id"": 471159, ""rooms"": 3, ""room_alias"": ""三室"", ""area"": 141}, {""id"": 471160, ""rooms"": 3, ""room_alias"": ""三室"", ""area"": 143}, {""id"": 471162, ""rooms"": 3, ""room_alias"": ""三室"", ""area"": 145}, {""id"": 208331, ""rooms"": 3, ""room_alias"": ""三室"", ""area"": 156}, {""id"": 634368, ""rooms"": 4, ""room_alias"": ""四室"", ""area"": 136}, {""id"": 267221, ""rooms"": 4, ""room_alias"": ""四室"", ""area"": 160}, {""id"": 471157, ""rooms"": 4, ""room_alias"": ""四室"", ""area"": 164}, {""id"": 263449, ""rooms"": 5, ""room_alias"": ""五室"", ""area"": 233}, {""id"": 263451, ""rooms"": 5, ""room_alias"": ""五室"", ""area"": 233}]",2/3/4室、别墅,"2室户型,3室户型,4室户型,别墅户型",2005-12-27,2021年08月,2005年,2006年,"[""2020-12-31"", ""2019-03-26"", ""2018-05-09"", ""2018-04-12"", ""2018-03-30"", ""2017-12-20"", ""2017-11-08"", ""2017-10-13"", ""2017-03-20"", ""2014-06-05"", ""2014-06-05"", ""2013-12-06"", ""2013-11-01""]","{多层,小高层,高层,花园洋房}",住宅：多层、小高层、高层、花园洋房 别墅：叠加别墅,住宅：70年 别墅：40年,住宅：1.8 别墅：1.6,住宅：38% 别墅：38%,住宅：1614 别墅：1614,住宅：带装修 别墅：带装修,,住宅,世茂服务,住宅：2.2元/㎡/月 别墅：2.2元/㎡/月,,住宅：1736 别墅：1736,住宅：1:1.08 别墅：1:1.08,售罄,售罄,售罄,"[""青房注字(2020)第096号"", ""青房注字(2019)第031号"", ""青房注字(2018)第030号"", ""青房注字（2018）第024号"", ""青房注字（2018）第006号"", ""青房注字(2017)第049号"", ""青房注字(2017)第105号"", ""青房注字(2017)第084号"", ""鲁（2016)青岛市不动产权第0090514号"", ""青房注字(2014)第015号"", ""青房注字(2014)第039号"", ""青房注字（2013）第112号"", ""青房注字（2013）第095号"", ""青房注字(2015)第114号"", ""青房注字(2017)第076号"", ""青房注字(2017)第048号""]","[""22#""]",建发,融创中国,融创(青岛)置地有限公司,住宅：民电,住宅：民水,36.203424,120.458013,"""""","{""56"": ""车位充足"", ""53"": ""高绿化率"", ""52"": ""低容积"", ""29"": ""装修交付"", ""9"": ""轨交房"", ""72"": ""配套纯熟"", ""71"": ""便利店"", ""70"": ""银行"", ""69"": ""学校"", ""68"": ""医院"", ""66"": ""公园"", ""65"": ""商业街"", ""404"": ""客餐厅相连"", ""637"": ""公办中学"", ""636"": ""公办小学"", ""635"": ""民办小学"", ""599"": ""省级示范园"", ""598"": ""民办幼儿园"", ""597"": ""公办幼儿园"", ""263"": ""VR看房"", ""54"": ""大型社区"", ""50"": ""品牌开发商""}","[""车位充足"", ""高绿化率"", ""低容积"", ""装修交付"", ""轨交房""]",https://pic4.ajkimg.com/display/xinfang/c42156937c1a492f2e5094d65477e724/275x206n.jpg,"[{""id"": ""7316783"", ""loupan_id"": ""251870"", ""station_id"": ""121207"", ""subway_id"": ""12070"", ""city_id"": ""30"", ""distance"": ""336米"", ""status"": ""1"", ""last_update_time"": ""1774212709"", ""is_rail_loupan"": ""1"", ""subway_name"": ""15号线"", ""station_name"": ""富锦路"", ""distance_raw"": ""336""}]",李沧区黑龙江中路嘉凯城时代城营销中心(金水路北500米)
2302326,金半岛苑,青岛,30,李沧区,3642,其他,10176,青岛李沧区其他大崂路666号,,,,,92-96㎡,17718m²,115000m²,"[{""id"": 138188, ""rooms"": 2, ""room_alias"": ""二室"", ""area"": 92.07}, {""id"": 138189, ""rooms"": 2, ""room_alias"": ""二室"", ""area"": 96.01}]",2室,2室户型,2005-03-22,,2005年,2006年,[],别墅,高层,70年,1.5,30%,840,毛坯,,住宅,融创服务,,,840,1:1,售罄,售罄,售罄,"[""青房注字(2015)第063号"", ""青房注字(2015)第103号"", ""青房注字(2015)第104号""]",[],佳兆业,,青岛日昇源置业有限公司,民电,民水,36.163974,120.432889,"""""","{""52"": ""低容积"", ""72"": ""配套纯熟"", ""70"": ""银行"", ""69"": ""学校"", ""68"": ""医院"", ""66"": ""公园"", ""65"": ""商业街"", ""64"": ""购物中心"", ""638"": ""民办中学"", ""637"": ""公办中学"", ""636"": ""公办小学"", ""635"": ""民办小学"", ""599"": ""省级示范园"", ""598"": ""民办幼儿园"", ""597"": ""公办幼儿园""}","[""低容积"", ""配套纯熟"", ""银行"", ""学校"", ""医院""]",https://pic4.ajkimg.com/display/xinfang/5f6ff3555f20cab569e24d8928949f40/275x206n.jpg,[],李沧区巨峰路与南崂路交界（万达广场金街1号门）
231898,世茂黄金城,青岛,30,城阳区,3644,高新区,6139,青岛城阳区高新区宝源路663号,,,,,210-230㎡,住宅：1000000m² 别墅：1000000m²,住宅：1700000m² 别墅：1700000m²,"[{""id"": 583084, ""rooms"": 4, ""room_alias"": ""四室"", ""area"": 210}, {""id"": 583094, ""rooms"": 4, ""room_alias"": ""四室"", ""area"": 230}]",别墅,别墅户型,2005-05-12,2019年07月27日,2005年,2006年,"[""2019-11-22"", ""2019-07-27"", ""2019-01-04"", ""2018-11-30"", ""2018-11-12"", ""2019-01-04""]","{小高层,高层,花园洋房}",住宅：小高层、高层、花园洋房 别墅：联排别墅,住宅：70年 别墅：70年,住宅：1.5 别墅：1.5,住宅：31% 别墅：31%,住宅：77 别墅：77,住宅：毛坯 别墅：毛坯,,住宅,绿城服务,住宅：2.38元/㎡/月,,住宅：3000 别墅：3000,住宅：1:38.96 别墅：1:38.96,售罄,售罄,售罄,"[""青房注字（高19）第068号"", ""青房注字（高19）第036号"", ""青房注字(高18)第054号"", ""青房注字(高18)第046号"", ""青房注字(高18)第037号"", ""青房注字(高18)第050号""]","[""37#、45#、47#"", ""26#、27#、28#、29#、30#、25#"", ""2#、3#"", ""11#"", ""40#、41#"", ""4#、5#、6#、7#、8#、9#、10#""]",佳兆业,世茂房地产,香港世茂集团,住宅：民电,住宅：民水,36.283988,120.33549,"""""","{""559"": ""现房"", ""56"": ""车位充足"", ""52"": ""低容积"", ""63"": ""旅游地产"", ""72"": ""配套纯熟"", ""70"": ""银行"", ""69"": ""学校"", ""68"": ""医院"", ""65"": ""商业街"", ""64"": ""购物中心"", ""78"": ""大户型"", ""638"": ""民办中学"", ""637"": ""公办中学"", ""636"": ""公办小学"", ""598"": ""民办幼儿园"", ""597"": ""公办幼儿园"", ""265"": ""特惠"", ""55"": ""小型社区"", ""50"": ""品牌开发商""}","[""现房"", ""车位充足"", ""低容积"", ""旅游地产"", ""配套纯熟""]",https://pic4.ajkimg.com/display/xinfang/6d2a8026132cc26f4f67b0d5a17d7766/275x206n.jpg,[],高新区华贯路666号（近高新区祥茂河湿地公园）
5234036,鑫雅苑A区,青岛,30,黄岛区,4516,长江路,5213,青岛黄岛区长江路前湾港路889号，科技大学西500米,,,,,181-362㎡,223200m²,225400m²,[],别墅,别墅户型,2005-03-23,,2005年,2006年,[],{联排别墅},联排别墅,70年,1.01,35%,,毛坯,,别墅,龙湖智慧服务,5.5元/㎡/月,,,1:1.5,售罄,售罄,售罄,"[""青房注字青开（2015）第007号""]",[],路劲,,龙湖地产,民电,民水,36.004091,120.095789,"""""","{""56"": ""车位充足"", ""72"": ""配套纯熟"", ""70"": ""银行"", ""69"": ""学校"", ""68"": ""医院"", ""66"": ""公园"", ""64"": ""购物中心"", ""78"": ""大户型"", ""638"": ""民办中学"", ""637"": ""公办中学"", ""636"": ""公办小学"", ""598"": ""民办幼儿园"", ""597"": ""公办幼儿园""}","[""车位充足"", ""配套纯熟"", ""银行"", ""学校"", ""医院""]",https://pic4.ajkimg.com/display/xinfang/aba6532e1e112169eddaed4e0f0653b6/275x206n.jpg,[],前湾港路889号，科技大学西500米
7441478,世白鸽雅居,青岛,30,李沧区,3642,九水路,5197,青岛李沧区九水路青山路612号,,,,,114-117㎡,4068m²,6031m²,"[{""id"": 288016, ""rooms"": 2, ""room_alias"": ""二室"", ""area"": 114}, {""id"": 288015, ""rooms"": 2, ""room_alias"": ""二室"", ""area"": 117}]",2室,2室户型,2005-01-02,2021年03月22日,2005年,2006年,"[""2017-09-26""]",{多层},,40年,1.3,35%,40,毛坯,,商业,金地智慧服务,2.2元/㎡/月,,48,1:1.2,售罄,售罄,售罄,"[""青房注字(2017)第079号"", ""青房注字(2017)第080号""]","[""1#""]",万科,,青岛新海园房地产开发有限责任公司,商电,商水,36.167049,120.450873,"""""","{""56"": ""车位充足"", ""9"": ""轨交房"", ""72"": ""配套纯熟"", ""71"": ""便利店"", ""70"": ""银行"", ""68"": ""医院"", ""78"": ""大户型"", ""55"": ""小型社区""}","[""车位充足"", ""轨交房"", ""配套纯熟"", ""便利店"", ""银行""]",https://pic4.ajkimg.com/display/xinfang/a4e242b932610a0f121e635068f24551/275x206n.jpg,"[{""id"": ""7313991"", ""loupan_id"": ""431002"", ""station_id"": ""4362"", ""subway_id"": ""121"", ""city_id"": ""30"", ""distance"": ""893米"", ""status"": ""1"", ""last_update_time"": ""1774212706"", ""is_rail_loupan"": ""1"", ""subway_name"": ""3号线"", ""station_name"": ""万年泉路"", ""distance_raw"": ""893""}, {""id"": ""7313985"", ""loupan_id"": ""431002"", ""station_id"": ""4363"", ""subway_id"": ""121"", ""city_id"": ""30"", ""distance"": ""1051米"", ""status"": ""1"", ""last_update_time"": ""1774212705"", ""is_rail_loupan"": ""1"", ""subway_name"": ""3号线"", ""station_name"": ""海尔路"", ""distance_raw"": ""1051""}]",李沧区惠水路518号（米罗湾接待中心）
9250110,君一玉兰公寓,青岛,30,崂山区,3643,海尔路,3697,青岛崂山区海尔路海尔路1号,,11652元/㎡,11652元/㎡,首付55万，月供13331元,118-348㎡,58000m²,203800m²,"[{""id"": 842751, ""rooms"": 3, ""room_alias"": ""三室"", ""area"": 118}, {""id"": 842752, ""rooms"": 3, ""room_alias"": ""三室"", ""area"": 118}, {""id"": 833958, ""rooms"": 3, ""room_alias"": ""三室"", ""area"": 119}, {""id"": 694780, ""rooms"": 3, ""room_alias"": ""三室"", ""area"": 128}, {""id"": 833959, ""rooms"": 3, ""room_alias"": ""三室"", ""area"": 140}, {""id"": 833960, ""rooms"": 4, ""room_alias"": ""四室"", ""area"": 150}, {""id"": 694781, ""rooms"": 4, ""room_alias"": ""四室"", ""area"": 155}, {""id"": 729280, ""rooms"": 4, ""room_alias"": ""四室"", ""area"": 164}, {""id"": 683786, ""rooms"": 4, ""room_alias"": ""四室"", ""area"": 170}, {""id"": 683790, ""rooms"": 4, ""room_alias"": ""四室"", ""area"": 188}, {""id"": 842397, ""rooms"": 4, ""room_alias"": ""四室"", ""area"": 239}, {""id"": 683788, ""rooms"": 5, ""room_alias"": ""五室"", ""area"": 348}]",3/4/5室,"3室户型,4室户型,5室户型",2005-12-26,2021年11月,2005年,2006年,"[""2024-09-04"", ""2022-04-24"", ""2021-12-01"", ""2021-11-18""]",高层,小高层、高层、花园洋房,70年,3.54,35%,718,"毛坯,带装修",在建中，竣工时间：暂无数据,住宅,碧桂园服务,3.02元/㎡/月,,2211,,售罄,售罄,售罄,"[""青人才房崂注字〔2024)第1号"", ""青崂房预字（2022）第0010号"", ""青崂房预字（2021）第0017号"", ""青崂房预字（2021）第0018号""]","[""3#、4#"", ""16#、17#"", ""7#、9#、8#、10#"", ""11#、12#、14#""]",佳兆业,君一控股,青岛海云创智商业发展有限公司,民电,民水,36.150717,120.443513,"{""service_num"": ""4006708287"", ""num"": ""80972""}","{""81"": ""大阳台"", ""29"": ""装修交付"", ""9"": ""轨交房"", ""76"": ""厨卫全明"", ""75"": ""三房朝南"", ""74"": ""南北通透"", ""73"": ""卧室全朝南"", ""7"": ""项目在建"", ""10"": ""多轨交"", ""78"": ""大户型"", ""404"": ""客餐厅相连"", ""403"": ""私密性好"", ""402"": ""玄关入户"", ""401"": ""户型方正"", ""397"": ""动静分离"", ""85"": ""主卧套房"", ""83"": ""双阳台"", ""82"": ""双卫生间"", ""92"": ""热搜盘"", ""91"": ""热评楼盘"", ""90"": ""人气楼盘"", ""744"": ""好房子"", ""638"": ""民办中学"", ""637"": ""公办中学"", ""636"": ""公办小学"", ""635"": ""民办小学"", ""624"": ""九年一贯制"", ""599"": ""省级示范园"", ""598"": ""民办幼儿园"", ""597"": ""公办幼儿园"", ""541"": ""3D沙盘"", ""540"": ""日照模拟"", ""263"": ""VR看房"", ""50"": ""品牌开发商""}","[""大阳台"", ""装修交付"", ""轨交房"", ""厨卫全明"", ""三房朝南""]",https://pic4.ajkimg.com/display/xinfang/7ee6bb151ffc9170186a5d49c602d3b0/275x206n.jpg,"[{""id"": ""7182073"", ""loupan_id"": ""498259"", ""station_id"": ""4363"", ""subway_id"": ""121"", ""city_id"": ""30"", ""distance"": ""890米"", ""status"": ""1"", ""last_update_time"": ""1774212706"", ""is_rail_loupan"": ""1"", ""subway_name"": ""3号线"", ""station_name"": ""海尔路"", ""distance_raw"": ""890""}, {""id"": ""7273746"", ""loupan_id"": ""498259"", ""station_id"": ""121185"", ""subway_id"": ""12068"", ""city_id"": ""30"", ""distance"": ""1126米"", ""status"": ""1"", ""last_update_time"": ""1774212705"", ""is_rail_loupan"": ""1"", ""subway_name"": ""5号线"", ""station_name"": ""地铁大厦"", ""distance_raw"": ""1126""}, {""id"": ""7182074"", ""loupan_id"": ""498259"", ""station_id"": ""4364"", ""subway_id"": ""121"", ""city_id"": ""30"", ""distance"": ""1332米"", ""status"": ""1"", ""last_update_time"": ""1774212706"", ""is_rail_loupan"": ""1"", ""subway_name"": ""3号线"", ""station_name"": ""地铁大厦"", ""distance_raw"": ""1332""}]",青岛崂山区海尔路1号
3789516,金名城B区,青岛,30,即墨区,3645,鳌山卫,5206,青岛即墨区鳌山卫政府街36号,,,,,,1m²,28230.8m²,[],,,2005-06-06,,2005年,2006年,[],"{小高层,花园洋房}",小高层、花园洋房,70年,,30%,235,毛坯,,住宅,招商积余,0.7元/㎡/月,,1,0,售罄,售罄,售罄,"[""即房(2012)注字007""]",[],碧桂园,,青岛浩天房地产开发有限公司,民电,民水,36.490429,120.8989,"""""","{""70"": ""银行"", ""64"": ""购物中心"", ""636"": ""公办小学"", ""598"": ""民办幼儿园"", ""55"": ""小型社区""}","[""银行"", ""购物中心"", ""公办小学"", ""民办幼儿园"", ""小型社区""]",https://pic4.ajkimg.com/display/xinfang/77d6b522c34b693bb05ccd40957d57d0/275x206n.jpg,[],即墨市田横镇政府街16号
8056512,新翡翠园,青岛,30,黄岛区,4516,长江路,5213,青岛黄岛区长江路嘉陵江路220号,,,,,64-88㎡,9799m²,44176m²,"[{""id"": 61663, ""rooms"": 1, ""room_alias"": ""一室"", ""area"": 64}, {""id"": 61665, ""rooms"": 2, ""room_alias"": ""二室"", ""area"": 88}]",1/2室,"1室户型,2室户型",2005-10-10,,2005年,2006年,[],洋房,高层,70年,3.2,35%,309,毛坯,,住宅,融创服务,1.6元/㎡/月,,,1:1,售罄,售罄,售罄,[],[],金茂,,鑫隆建设集团,民电,民水,35.982378,120.204033,"""""","{""9"": ""轨交房"", ""72"": ""配套纯熟"", ""71"": ""便利店"", ""70"": ""银行"", ""69"": ""学校"", ""68"": ""医院"", ""67"": ""生态绿地"", ""66"": ""公园"", ""65"": ""商业街"", ""64"": ""购物中心"", ""79"": ""小户型"", ""638"": ""民办中学"", ""637"": ""公办中学"", ""636"": ""公办小学"", ""635"": ""民办小学"", ""598"": ""民办幼儿园"", ""597"": ""公办幼儿园""}","[""轨交房"", ""配套纯熟"", ""便利店"", ""银行"", ""学校""]",https://pic4.ajkimg.com/display/xinfang/84ea9cc5b20d7b75914034f73681d736/275x206n.jpg,"[{""id"": ""7316014"", ""loupan_id"": ""246353"", ""station_id"": ""4401"", ""subway_id"": ""123"", ""city_id"": ""30"", ""distance"": ""531米"", ""status"": ""1"", ""last_update_time"": ""1774212708"", ""is_rail_loupan"": ""1"", ""subway_name"": ""西海岸快线"", ""station_name"": ""嘉陵江路"", ""distance_raw"": ""531""}]",香江路克拉玛依宾馆一楼大厅
9441067,万科东方佳苑,青岛,30,城阳区,3644,正阳路,3712,青岛城阳区正阳路吉阳路297号,,,,,85-146㎡,42000m²,89000m²,"[{""id"": 173377, ""rooms"": 2, ""room_alias"": ""二室"", ""area"": 85}, {""id"": 172094, ""rooms"": 3, ""room_alias"": ""三室"", ""area"": 126}, {""id"": 261640, ""rooms"": 3, ""room_alias"": ""三室"", ""area"": 146}]",2/3室,"2室户型,3室户型",2005-10-21,,2005年,2006年,[],"{小高层,花园洋房}",小高层、花园洋房,70年,1.42,35%,708,毛坯,,住宅,绿城服务,2.2元/㎡/月,,190,1:0.3,售罄,售罄,售罄,"[""青房注字(城16)第03"", ""青房注字(城16)第18号""]",[],中铁建,,青岛广告文化产业园开发有限公司,民电,民水,36.303169,120.394654,"""""","{""52"": ""低容积"", ""9"": ""轨交房"", ""72"": ""配套纯熟"", ""70"": ""银行"", ""69"": ""学校"", ""68"": ""医院"", ""64"": ""购物中心"", ""78"": ""大户型"", ""638"": ""民办中学"", ""637"": ""公办中学"", ""636"": ""公办小学"", ""598"": ""民办幼儿园"", ""597"": ""公办幼儿园""}","[""低容积"", ""轨交房"", ""配套纯熟"", ""银行"", ""学校""]",https://pic4.ajkimg.com/display/xinfang/327fe196aa4ea91408107376db717e0d/275x206n.jpg,"[{""id"": ""7313461"", ""loupan_id"": ""409288"", ""station_id"": ""121214"", ""subway_id"": ""12070"", ""city_id"": ""30"", ""distance"": ""1379米"", ""status"": ""1"", ""last_update_time"": ""1774212705"", ""is_rail_loupan"": ""1"", ""subway_name"": ""15号线"", ""station_name"": ""体育馆"", ""distance_raw"": ""1379""}]",城阳区兴阳路与文阳路交汇处北200米
2437515,盛雅居一期,青岛,30,平度市,3649,平度,3722,青岛平度市平度杭州路与朝阳路交汇处,,,,,84-117㎡,91000m²,195000m²,"[{""id"": 345325, ""rooms"": 2, ""room_alias"": ""二室"", ""area"": 84}, {""id"": 391054, ""rooms"": 2, ""room_alias"": ""二室"", ""area"": 90.95}, {""id"": 391058, ""rooms"": 3, ""room_alias"": ""三室"", ""area"": 89.52}, {""id"": 345326, ""rooms"": 3, ""room_alias"": ""三室"", ""area"": 92}, {""id"": 345327, ""rooms"": 3, ""room_alias"": ""三室"", ""area"": 98}, {""id"": 345328, ""rooms"": 3, ""room_alias"": ""三室"", ""area"": 99}, {""id"": 391062, ""rooms"": 3, ""room_alias"": ""三室"", ""area"": 104.47}, {""id"": 391066, ""rooms"": 3, ""room_alias"": ""三室"", ""area"": 108.75}, {""id"": 345329, ""rooms"": 3, ""room_alias"": ""三室"", ""area"": 113}, {""id"": 345330, ""rooms"": 3, ""room_alias"": ""三室"", ""area"": 115}, {""id"": 391072, ""rooms"": 3, ""room_alias"": ""三室"", ""area"": 116.68}]",2/3室,"2室户型,3室户型",2005-07-11,,2005年,2006年,"[""2018-07-31""]","{多层,高层}",多层、高层,70年,1.89,35%,1300,毛坯,,住宅,合景悠活,0.59~1.02元/㎡/月,,140,10:0.1,售罄,售罄,售罄,"[""青房注字（平注）第415号"", ""青房注字（平注）第419号"", ""青房注字（平注）第437号"", ""青房注字（平注）第449号"", ""青房注字（平注）第676号""]",[],中海,,青岛宸元房地产开发有限公司,民电,民水,36.786067,119.993159,"""""","{""81"": ""大阳台"", ""52"": ""低容积"", ""76"": ""厨卫全明"", ""75"": ""三房朝南"", ""74"": ""南北通透"", ""78"": ""大户型"", ""82"": ""双卫生间"", ""638"": ""民办中学"", ""637"": ""公办中学"", ""636"": ""公办小学"", ""635"": ""民办小学"", ""598"": ""民办幼儿园"", ""597"": ""公办幼儿园""}","[""大阳台"", ""低容积"", ""厨卫全明"", ""三房朝南"", ""南北通透""]",https://pic4.ajkimg.com/display/xinfang/970a9be6d31e5b1b5030ede678409061/275x206n.jpg,[],杭州路与朝阳路交汇处（开元城·开元盛景南门）
1708312,福紫金苑,青岛,30,即墨区,3645,创智新区,17473,青岛即墨区创智新区长广路888号,,2399元/㎡,2399元/㎡,首付18万，月供4408元,100-140㎡,145000m²,250000m²,"[{""id"": 564659, ""rooms"": 3, ""room_alias"": ""三室"", ""area"": 100}, {""id"": 564662, ""rooms"": 3, ""room_alias"": ""三室"", ""area"": 117}, {""id"": 564665, ""rooms"": 4, ""room_alias"": ""四室"", ""area"": 128}, {""id"": 564669, ""rooms"": 4, ""room_alias"": ""四室"", ""area"": 140}]",3/4室,"3室户型,4室户型",2005-07-12,2020年05月30日,2005年,2006年,"[""2023-12-15"", ""2022-12-22"", ""2020-06-09""]",超高层,多层、小高层,70年,1.2,30%,1270,毛坯,已竣工，竣工时间：2022-12-31,住宅,世茂服务,2.77元/㎡/月,,1719,1:1.4,售罄,售罄,售罄,"[""即房注字(2023)第061号"", ""即房注字(2022)第077号"", ""即房注字(2020)第060号""]","[""17#、6#、15#、16#、30#、31#、29#、4#、5#"", ""3#、14#"", ""1#、2#、12#、13#、25#、26#""]",滨江集团,鲁商置业,青岛绿富房地产开发有限公司,民电,民水,36.431161,120.538266,"""""","{""559"": ""现房"", ""557"": ""项目竣工"", ""81"": ""大阳台"", ""56"": ""车位充足"", ""52"": ""低容积"", ""76"": ""厨卫全明"", ""74"": ""南北通透"", ""73"": ""卧室全朝南"", ""32"": ""绿色住宅"", ""78"": ""大户型"", ""404"": ""客餐厅相连"", ""402"": ""玄关入户"", ""401"": ""户型方正"", ""85"": ""主卧套房"", ""637"": ""公办中学"", ""636"": ""公办小学"", ""598"": ""民办幼儿园"", ""597"": ""公办幼儿园"", ""263"": ""VR看房"", ""50"": ""品牌开发商""}","[""现房"", ""项目竣工"", ""大阳台"", ""车位充足"", ""低容积""]",https://pic4.ajkimg.com/display/xinfang/5b06b7806104f67704458574cb74c386/275x206n.jpg,[],青岛市即墨区皋虞路与长广路交叉口
3773860,青岛桃源舍,青岛,30,崂山区,3643,石老人,3704,青岛崂山区石老人香港东路179号,,10967元/㎡,10967元/㎡,首付76万，月供18348元,160-2300㎡,19787.36m²,207692.84m²,"[{""id"": 888013, ""rooms"": 1, ""room_alias"": ""一室"", ""area"": 160}]",,商业户型,2005-12-18,2023年09月,2005年,2006年,[],别墅,,40年,,10%,77,带装修,在建中，竣工时间：暂无数据,标准写字楼,世茂服务,18元/㎡/月,,332,,售罄,售罄,售罄,[],[],华侨城,银丰地产,青岛高科技工业园山东头房地产开发公司,商电,商水,36.106442,120.456261,"{""service_num"": ""4006708287"", ""num"": ""101428""}","{""29"": ""装修交付"", ""9"": ""轨交房"", ""7"": ""项目在建"", ""10"": ""多轨交"", ""72"": ""配套纯熟"", ""71"": ""便利店"", ""70"": ""银行"", ""68"": ""医院"", ""67"": ""生态绿地"", ""66"": ""公园"", ""65"": ""商业街"", ""64"": ""购物中心"", ""541"": ""3D沙盘"", ""55"": ""小型社区"", ""50"": ""品牌开发商""}","[""装修交付"", ""轨交房"", ""项目在建"", ""多轨交"", ""配套纯熟""]",https://pic4.ajkimg.com/display/xinfang/923363b0e4b93a0f53f7aa29c64c4554/275x206n.jpg,"[{""id"": ""7274576"", ""loupan_id"": ""522621"", ""station_id"": ""121191"", ""subway_id"": ""12068"", ""city_id"": ""30"", ""distance"": ""323米"", ""status"": ""1"", ""last_update_time"": ""1774212707"", ""is_rail_loupan"": ""1"", ""subway_name"": ""5号线"", ""station_name"": ""石老人浴场"", ""distance_raw"": ""323""}, {""id"": ""7254076"", ""loupan_id"": ""522621"", ""station_id"": ""4486"", ""subway_id"": ""126"", ""city_id"": ""30"", ""distance"": ""387米"", ""status"": ""1"", ""last_update_time"": ""1774212707"", ""is_rail_loupan"": ""1"", ""subway_name"": ""2号线"", ""station_name"": ""石老人浴场"", ""distance_raw"": ""387""}, {""id"": ""7274577"", ""loupan_id"": ""522621"", ""station_id"": ""121190"", ""subway_id"": ""12068"", ""city_id"": ""30"", ""distance"": ""1002米"", ""status"": ""1"", ""last_update_time"": ""1774212707"", ""is_rail_loupan"": ""1"", ""subway_name"": ""5号线"", ""station_name"": ""青医附院东院"", ""distance_raw"": ""1002""}, {""id"": ""7254075"", ""loupan_id"": ""522621"", ""station_id"": ""4487"", ""subway_id"": ""126"", ""city_id"": ""30"", ""distance"": ""1029米"", ""status"": ""1"", ""last_update_time"": ""1774212707"", ""is_rail_loupan"": ""1"", ""subway_name"": ""2号线"", ""station_name"": ""苗岭路"", ""distance_raw"": ""1029""}, {""id"": ""7254078"", ""loupan_id"": ""522621"", ""station_id"": ""4379"", ""subway_id"": ""122"", ""city_id"": ""30"", ""distance"": ""1029米"", ""status"": ""1"", ""last_update_time"": ""1774212707"", ""is_rail_loupan"": ""1"", ""subway_name"": ""蓝谷快线"", ""station_name"": ""苗岭路"", ""distance_raw"": ""1029""}]",崂山区香港东路179号
3642378,福翠苑一期,青岛,30,城阳区,3644,正阳路,3712,青岛城阳区正阳路204国道56号,,,,,,住宅：333000m² 别墅：333000m²,住宅：400000m² 别墅：400000m²,[],,,2005-08-22,,2005年,2006年,[],"{多层,小高层}",住宅：多层、小高层,住宅：70年 别墅：70年,住宅：1.2,住宅：40% 别墅：40%,,住宅：毛坯 别墅：毛坯,,住宅,龙湖智慧服务,住宅：1.2~1.6元/㎡/月,,,住宅：1:1 别墅：1:1,售罄,售罄,售罄,[],[],象屿,,世纪爱晚（青岛）实业有限公司,住宅：民电,住宅：民水,36.308013,120.383872,"""""","{""53"": ""高绿化率"", ""52"": ""低容积"", ""9"": ""轨交房"", ""10"": ""多轨交"", ""72"": ""配套纯熟"", ""71"": ""便利店"", ""70"": ""银行"", ""69"": ""学校"", ""68"": ""医院"", ""66"": ""公园"", ""65"": ""商业街"", ""64"": ""购物中心"", ""637"": ""公办中学"", ""636"": ""公办小学"", ""598"": ""民办幼儿园"", ""597"": ""公办幼儿园"", ""55"": ""小型社区""}","[""高绿化率"", ""低容积"", ""轨交房"", ""多轨交"", ""配套纯熟""]",https://pic4.ajkimg.com/display/xinfang/b8d39abc911d98896e2b9fb82c91a03a/275x206n.jpg,"[{""id"": ""7314684"", ""loupan_id"": ""244792"", ""station_id"": ""121197"", ""subway_id"": ""12069"", ""city_id"": ""30"", ""distance"": ""595米"", ""status"": ""1"", ""last_update_time"": ""1774212706"", ""is_rail_loupan"": ""1"", ""subway_name"": ""9号线"", ""station_name"": ""正阳中路"", ""distance_raw"": ""595""}, {""id"": ""7314686"", ""loupan_id"": ""244792"", ""station_id"": ""121196"", ""subway_id"": ""12069"", ""city_id"": ""30"", ""distance"": ""886米"", ""status"": ""1"", ""last_update_time"": ""1774212706"", ""is_rail_loupan"": ""1"", ""subway_name"": ""9号线"", ""station_name"": ""华城路"", ""distance_raw"": ""886""}, {""id"": ""7314687"", ""loupan_id"": ""244792"", ""station_id"": ""121195"", ""subway_id"": ""12069"", ""city_id"": ""30"", ""distance"": ""897米"", ""status"": ""1"", ""last_update_time"": ""1774212706"", ""is_rail_loupan"": ""1"", ""subway_name"": ""9号线"", ""station_name"": ""城子"", ""distance_raw"": ""897""}, {""id"": ""7314371"", ""loupan_id"": ""244792"", ""station_id"": ""4432"", ""subway_id"": ""124"", ""city_id"": ""30"", ""distance"": ""1470米"", ""status"": ""1"", ""last_update_time"": ""1774212706"", ""is_rail_loupan"": ""1"", ""subway_name"": ""7号线"", ""station_name"": ""正阳路"", ""distance_raw"": ""1470""}]",城阳204国道56号
7260568,和玉兰翠苑,青岛,30,西海岸新区,3646,长江路,24950,青岛西海岸新区长江路昆仑山路和榕江路交汇处路北,,6340元/㎡,6340元/㎡,首付32万，月供7848元,115-160㎡,41750.29m²,153182.54m²,"[{""id"": 764104, ""rooms"": 3, ""room_alias"": ""三室"", ""area"": 115}, {""id"": 764112, ""rooms"": 3, ""room_alias"": ""三室"", ""area"": 127}, {""id"": 764114, ""rooms"": 3, ""room_alias"": ""三室"", ""area"": 129}, {""id"": 764115, ""rooms"": 3, ""room_alias"": ""三室"", ""area"": 143}, {""id"": 764120, ""rooms"": 3, ""room_alias"": ""三室"", ""area"": 160}]",3室,3室户型,2005-06-07,2022年09月25日,2005年,2006年,"[""2023-06-02"", ""2023-02-01"", ""2022-10-25"", ""2022-10-25""]","{小高层,高层}",小高层、高层,70年,2.5,35%,740,毛坯,在建中，竣工时间：2024-08-30,住宅,世茂服务,2.86元/㎡/月,,1093,1:1.5,售罄,售罄,售罄,"[""青房注字青黄（2023）第058号"", ""青黄注字青黄2023第010号"", ""青房注字青黄（2022）第124号"", ""青黄注字青黄（2022）第137号""]","[""1#、2#"", ""5#、6#"", ""10#、4#"", ""3#、9#""]",华侨城,,青岛富群房地产开发有限公司,民电,民水,35.964567,120.157248,"{""service_num"": ""4006708287"", ""num"": ""15411""}","{""56"": ""车位充足"", ""76"": ""厨卫全明"", ""74"": ""南北通透"", ""73"": ""卧室全朝南"", ""7"": ""项目在建"", ""69"": ""学校"", ""78"": ""大户型"", ""402"": ""玄关入户"", ""401"": ""户型方正"", ""397"": ""动静分离"", ""85"": ""主卧套房"", ""83"": ""双阳台"", ""638"": ""民办中学"", ""637"": ""公办中学"", ""636"": ""公办小学"", ""635"": ""民办小学"", ""598"": ""民办幼儿园"", ""597"": ""公办幼儿园"", ""541"": ""3D沙盘"", ""540"": ""日照模拟"", ""263"": ""VR看房""}","[""车位充足"", ""厨卫全明"", ""南北通透"", ""卧室全朝南"", ""项目在建""]",https://pic4.ajkimg.com/display/xinfang/1723c65f7eb229ee60d2b16e78a0ee19/275x206n.jpg,[],西海岸新区榕江路388号（昆仑山南路与榕江路交汇处路南）
8893530,卓越梦想小区,青岛,30,城阳区,3644,高新区,6139,青岛城阳区高新区火炬路117号,,3941元/㎡,3941元/㎡,首付15万，月供3691元,86-169㎡,107853.5m²,298157.34m²,"[{""id"": 754732, ""rooms"": 2, ""room_alias"": ""二室"", ""area"": 86}, {""id"": 763588, ""rooms"": 2, ""room_alias"": ""二室"", ""area"": 89}, {""id"": 754733, ""rooms"": 3, ""room_alias"": ""三室"", ""area"": 89}, {""id"": 754736, ""rooms"": 3, ""room_alias"": ""三室"", ""area"": 89}, {""id"": 754738, ""rooms"": 3, ""room_alias"": ""三室"", ""area"": 120}, {""id"": 754740, ""rooms"": 4, ""room_alias"": ""四室"", ""area"": 169}]",2/3/4室,"2室户型,3室户型,4室户型",2005-07-24,2022年07月01日,2005年,2006年,"[""2021-03-29"", ""2019-12-20"", ""2019-09-26""]",超高层,多层、高层、花园洋房,70年,2.1,35%,255,带装修,已竣工，竣工时间：2022-03-21,住宅,世茂服务,3元/㎡/月,,2000,1:7.84,售罄,售罄,售罄,"[""青高人才房注字〔2020〕第008 号"", ""青房注字（高19）第071号"", ""青房注字（高19）第054号""]","[""1#、2#、14#、3#、4#、5#"", ""12#、13#、15#、16#、26#、27#、31#、32#"", ""7#、9#""]",新城控股,卓越置业,卓越地产,民电,民水,36.241006,120.24068,"""""","{""559"": ""现房"", ""557"": ""项目竣工"", ""101"": ""自持物业"", ""57"": ""人车分流"", ""56"": ""车位充足"", ""29"": ""装修交付"", ""30"": ""花园洋房"", ""78"": ""大户型"", ""637"": ""公办中学"", ""636"": ""公办小学"", ""598"": ""民办幼儿园"", ""597"": ""公办幼儿园"", ""541"": ""3D沙盘"", ""55"": ""小型社区"", ""51"": ""金牌物业"", ""50"": ""品牌开发商""}","[""现房"", ""项目竣工"", ""自持物业"", ""人车分流"", ""车位充足""]",https://pic4.ajkimg.com/display/xinfang/8da5ed3e4b420634f1214206ad39ddf5/275x206n.jpg,[],青岛市城阳区高新区火炬路117号
9699489,金雅苑,青岛,30,莱西市,3648,莱西,3720,青岛莱西市莱西青岛路336号,,,,,93-126㎡,17437.36m²,49368m²,"[{""id"": 100427, ""rooms"": 2, ""room_alias"": ""二室"", ""area"": 92.55}, {""id"": 100428, ""rooms"": 2, ""room_alias"": ""二室"", ""area"": 92.55}, {""id"": 100437, ""rooms"": 2, ""room_alias"": ""二室"", ""area"": 94.71}, {""id"": 100438, ""rooms"": 3, ""room_alias"": ""三室"", ""area"": 101.44}, {""id"": 100439, ""rooms"": 3, ""room_alias"": ""三室"", ""area"": 125.53}]",2/3室,"2室户型,3室户型",2005-08-06,,2005年,2006年,[],"{小高层,高层}",小高层、高层,70年,1.8,33%,444,毛坯,,住宅,保利物业,0.6元/㎡/月,,262,1:0.5,售罄,售罄,售罄,[],[],朗诗,,,民电,民水,36.906383,120.510997,"""""","{""52"": ""低容积"", ""72"": ""配套纯熟"", ""71"": ""便利店"", ""70"": ""银行"", ""69"": ""学校"", ""68"": ""医院"", ""66"": ""公园"", ""65"": ""商业街"", ""64"": ""购物中心"", ""78"": ""大户型"", ""638"": ""民办中学"", ""637"": ""公办中学"", ""636"": ""公办小学"", ""598"": ""民办幼儿园"", ""597"": ""公办幼儿园""}","[""低容积"", ""配套纯熟"", ""便利店"", ""银行"", ""学校""]",https://pic4.ajkimg.com/display/xinfang/81088183490c6b841106906f023df625/275x206n.jpg,[],青岛莱西市青岛路366号
9498485,悦时代台,青岛,30,李沧区,3642,九水路,5197,青岛李沧区九水路青山路612号,,,,,114-117㎡,4068m²,6031m²,"[{""id"": 288016, ""rooms"": 2, ""room_alias"": ""二室"", ""area"": 114}, {""id"": 288015, ""rooms"": 2, ""room_alias"": ""二室"", ""area"": 117}]",2室,2室户型,2005-03-20,2021年03月22日,2005年,2006年,"[""2017-09-26""]",洋房,,40年,1.3,35%,40,毛坯,,商业,金地智慧服务,2.2元/㎡/月,,48,1:1.2,售罄,售罄,售罄,"[""青房注字(2017)第079号"", ""青房注字(2017)第080号""]","[""1#""]",招商蛇口,,青岛新海园房地产开发有限责任公司,商电,商水,36.149913,120.45061,"""""","{""56"": ""车位充足"", ""9"": ""轨交房"", ""72"": ""配套纯熟"", ""71"": ""便利店"", ""70"": ""银行"", ""68"": ""医院"", ""78"": ""大户型"", ""55"": ""小型社区""}","[""车位充足"", ""轨交房"", ""配套纯熟"", ""便利店"", ""银行""]",https://pic4.ajkimg.com/display/xinfang/a4e242b932610a0f121e635068f24551/275x206n.jpg,"[{""id"": ""7313991"", ""loupan_id"": ""431002"", ""station_id"": ""4362"", ""subway_id"": ""121"", ""city_id"": ""30"", ""distance"": ""893米"", ""status"": ""1"", ""last_update_time"": ""1774212706"", ""is_rail_loupan"": ""1"", ""subway_name"": ""3号线"", ""station_name"": ""万年泉路"", ""distance_raw"": ""893""}, {""id"": ""7313985"", ""loupan_id"": ""431002"", ""station_id"": ""4363"", ""subway_id"": ""121"", ""city_id"": ""30"", ""distance"": ""1051米"", ""status"": ""1"", ""last_update_time"": ""1774212705"", ""is_rail_loupan"": ""1"", ""subway_name"": ""3号线"", ""station_name"": ""海尔路"", ""distance_raw"": ""1051""}]",李沧区惠水路518号（米罗湾接待中心）
7138912,万合月亮林,青岛,30,李沧区,3642,李村,3690,青岛李沧区李村大崂路666号,,,,,81-143㎡,17718.7m²,115000m²,"[{""id"": 93614, ""rooms"": 2, ""room_alias"": ""二室"", ""area"": 81}, {""id"": 93598, ""rooms"": 2, ""room_alias"": ""二室"", ""area"": 93}, {""id"": 93599, ""rooms"": 2, ""room_alias"": ""二室"", ""area"": 95}, {""id"": 93612, ""rooms"": 2, ""room_alias"": ""二室"", ""area"": 95}, {""id"": 93613, ""rooms"": 2, ""room_alias"": ""二室"", ""area"": 95}, {""id"": 93603, ""rooms"": 3, ""room_alias"": ""三室"", ""area"": 113}, {""id"": 93597, ""rooms"": 3, ""room_alias"": ""三室"", ""area"": 130}, {""id"": 93611, ""rooms"": 3, ""room_alias"": ""三室"", ""area"": 130}, {""id"": 93596, ""rooms"": 3, ""room_alias"": ""三室"", ""area"": 131}, {""id"": 93595, ""rooms"": 3, ""room_alias"": ""三室"", ""area"": 143}]",2/3室,"2室户型,3室户型",2005-12-28,,2005年,2006年,[],{高层},高层,70年,5,30%,840,"毛坯,带装修",,住宅,融创服务,,,831,1:1,售罄,售罄,售罄,[],[],路劲,,,民电,民水,36.166065,120.457583,"""""","{""29"": ""装修交付"", ""72"": ""配套纯熟"", ""70"": ""银行"", ""69"": ""学校"", ""68"": ""医院"", ""66"": ""公园"", ""65"": ""商业街"", ""64"": ""购物中心"", ""78"": ""大户型"", ""638"": ""民办中学"", ""637"": ""公办中学"", ""636"": ""公办小学"", ""635"": ""民办小学"", ""599"": ""省级示范园"", ""598"": ""民办幼儿园"", ""597"": ""公办幼儿园""}","[""装修交付"", ""配套纯熟"", ""银行"", ""学校"", ""医院""]",https://pic4.ajkimg.com/display/xinfang/4ec889108b4268e493a3c4e920834af6/275x206n.jpg,[],李沧区巨峰路与南崂路交界（万达广场金街1号门）万合馨苑售楼处
691048,龙城,青岛,30,莱西市,3648,莱西,3720,青岛莱西市莱西深圳北路106号,,2090元/㎡,2090元/㎡,首付9万，月供2365元,89-123㎡,27230m²,40541m²,"[{""id"": 545522, ""rooms"": 3, ""room_alias"": ""三室"", ""area"": 88.6}, {""id"": 545525, ""rooms"": 3, ""room_alias"": ""三室"", ""area"": 109}, {""id"": 545528, ""rooms"": 3, ""room_alias"": ""三室"", ""area"": 123}]",3室,3室户型,2005-11-11,2020年04月07日,2005年,2006年,"[""2020-04-07""]",别墅,多层,70年,1.5,30%,288,毛坯,,住宅,招商积余,0.96元/㎡/月,,288,1:1,售罄,售罄,售罄,"[""青房注字（房注字）（第2019）021号""]","[""4#、5#""]",朗诗,,青岛鼎成房地产开发有限公司,民电,民水,36.884473,120.491677,"""""","{""81"": ""大阳台"", ""52"": ""低容积"", ""76"": ""厨卫全明"", ""74"": ""南北通透"", ""73"": ""卧室全朝南"", ""78"": ""大户型"", ""404"": ""客餐厅相连"", ""401"": ""户型方正"", ""397"": ""动静分离"", ""637"": ""公办中学"", ""636"": ""公办小学"", ""598"": ""民办幼儿园"", ""597"": ""公办幼儿园"", ""263"": ""VR看房"", ""55"": ""小型社区""}","[""大阳台"", ""低容积"", ""厨卫全明"", ""南北通透"", ""卧室全朝南""]",https://pic4.ajkimg.com/display/xinfang/0c4043ba8e5ec5237a53f86681069dca/275x206n.jpg,[],青岛市莱西市深圳北路106号
6382622,博银河洲,青岛,30,城阳区,3644,惜福镇,3711,青岛城阳区惜福镇硕阳路77号,,,,,89-130㎡,87000m²,176000m²,"[{""id"": 262226, ""rooms"": 2, ""room_alias"": ""二室"", ""area"": 89}, {""id"": 192958, ""rooms"": 3, ""room_alias"": ""三室"", ""area"": 97}, {""id"": 192957, ""rooms"": 3, ""room_alias"": ""三室"", ""area"": 110}, {""id"": 192954, ""rooms"": 3, ""room_alias"": ""三室"", ""area"": 117}, {""id"": 192951, ""rooms"": 3, ""room_alias"": ""三室"", ""area"": 123}, {""id"": 192949, ""rooms"": 3, ""room_alias"": ""三室"", ""area"": 130}]",2/3室,"2室户型,3室户型",2005-08-26,,2005年,2006年,[],多层,高层、花园洋房,70年,1.8,35%,1433,毛坯,,住宅,龙湖智慧服务,2.4元/㎡/月,,1573,1:1.1,售罄,售罄,售罄,"[""青房注字(城16)第104"", ""青房注字(城16)第59""]",[],中海,,青岛银盛泰房地产有限公司,民电,民水,36.347748,120.440907,"""""","{""56"": ""车位充足"", ""52"": ""低容积"", ""69"": ""学校"", ""78"": ""大户型"", ""637"": ""公办中学"", ""636"": ""公办小学"", ""635"": ""民办小学"", ""599"": ""省级示范园"", ""598"": ""民办幼儿园"", ""597"": ""公办幼儿园""}","[""车位充足"", ""低容积"", ""学校"", ""大户型"", ""公办中学""]",https://pic4.ajkimg.com/display/xinfang/69dbf9990ac766af5692f2157cdb64cc/275x206n.jpg,[],城阳区硕阳路77号
5943874,水清明珠湾,青岛,30,市北区,3640,水清沟,5189,青岛市北区水清沟开平路22号（水清沟公园东侧）,,,,,,22600m²,68539m²,[],,,2005-11-07,,2005年,2006年,[],{},,40年,,25%,42,毛坯,,,保利物业,4.9元/㎡/月,,,,售罄,售罄,售罄,[],[],世茂,,,商电,商水,36.152019,120.364193,"""""","{""9"": ""轨交房"", ""72"": ""配套纯熟"", ""71"": ""便利店"", ""70"": ""银行"", ""68"": ""医院"", ""66"": ""公园"", ""65"": ""商业街"", ""64"": ""购物中心"", ""55"": ""小型社区""}","[""轨交房"", ""配套纯熟"", ""便利店"", ""银行"", ""医院""]",https://pic4.ajkimg.com/display/xinfang/25ff13fd6bd08cdcc6008c9742f491cc/275x206n.jpg,"[{""id"": ""7316585"", ""loupan_id"": ""414741"", ""station_id"": ""120389"", ""subway_id"": ""1045"", ""city_id"": ""30"", ""distance"": ""767米"", ""status"": ""1"", ""last_update_time"": ""1774212709"", ""is_rail_loupan"": ""1"", ""subway_name"": ""1号线"", ""station_name"": ""中心医院"", ""distance_raw"": ""767""}]",青岛市市北区开平路22号（水清沟公园东侧）
3500922,恒新城B区,青岛,30,李沧区,3642,李村,3690,青岛李沧区李村重庆中路以东，遵义路以南，重庆中路学校正西,,5140元/㎡,5140元/㎡,首付21万，月供5089元,89-118㎡,19600m²,54900m²,"[{""id"": 758619, ""rooms"": 3, ""room_alias"": ""三室"", ""area"": 89}, {""id"": 758970, ""rooms"": 3, ""room_alias"": ""三室"", ""area"": 100}, {""id"": 760501, ""rooms"": 3, ""room_alias"": ""三室"", ""area"": 108}, {""id"": 758620, ""rooms"": 4, ""room_alias"": ""四室"", ""area"": 118}]",3/4室,"3室户型,4室户型",2005-08-05,2022年07月31日,2005年,2006年,"[""2025-11-21"", ""2022-11-04"", ""2022-07-29""]",{小高层},小高层,70年,2,31%,367,毛坯,在建中，竣工时间：2025-12-31,住宅,融创服务,2.68元/㎡/月,,475,,售罄,售罄,售罄,"[""青房预字（2025）第044号"", ""青房预字（2022）第076号"", ""青房注字（2022）第040号""]","[""4#、2#"", ""3#"", ""5#、8#、7#""]",碧桂园,,青岛爱之城房地产开发有限公司,民电,民水,36.221939,120.401142,"""""","{""559"": ""现房"", ""80"": ""得房率高"", ""76"": ""厨卫全明"", ""74"": ""南北通透"", ""73"": ""卧室全朝南"", ""7"": ""项目在建"", ""69"": ""学校"", ""78"": ""大户型"", ""402"": ""玄关入户"", ""401"": ""户型方正"", ""397"": ""动静分离"", ""85"": ""主卧套房"", ""83"": ""双阳台"", ""637"": ""公办中学"", ""636"": ""公办小学"", ""635"": ""民办小学"", ""624"": ""九年一贯制"", ""598"": ""民办幼儿园"", ""597"": ""公办幼儿园"", ""541"": ""3D沙盘"", ""540"": ""日照模拟"", ""263"": ""VR看房""}","[""现房"", ""得房率高"", ""厨卫全明"", ""南北通透"", ""卧室全朝南""]",https://pic4.ajkimg.com/display/xinfang/278cf8711799f633d0cc326839b701d6/275x206n.jpg,[],原保利香雪山售楼处
4135360,盛西岸锦园,青岛,30,市南区,3639,香港路沿线,3653,青岛市南区香港路沿线香港中路26号,,,,,,13414m²,138501m²,[],,,2005-11-23,2010年09月01日,2005年,2006年,[],{高层},高层,40年,7.16,42%,435,毛坯,,商业,中海物业,21元/㎡/月,,967,1:2.2,售罄,售罄,售罄,"[""青房注字(2010)065号""]",[],建发,,青岛深华房地产有限公司,商电,商水,36.085216,120.411319,"""""","{""559"": ""现房"", ""56"": ""车位充足"", ""9"": ""轨交房"", ""10"": ""多轨交"", ""60"": ""海景地产"", ""72"": ""配套纯熟"", ""71"": ""便利店"", ""70"": ""银行"", ""68"": ""医院"", ""67"": ""生态绿地"", ""66"": ""公园"", ""65"": ""商业街"", ""64"": ""购物中心""}","[""现房"", ""车位充足"", ""轨交房"", ""多轨交"", ""海景地产""]",https://pic4.ajkimg.com/display/xinfang/0ccd555eca7e883c8280d33b0f598ebb/275x206n.jpg,"[{""id"": ""7314799"", ""loupan_id"": ""245712"", ""station_id"": ""4479"", ""subway_id"": ""126"", ""city_id"": ""30"", ""distance"": ""318米"", ""status"": ""1"", ""last_update_time"": ""1774212706"", ""is_rail_loupan"": ""1"", ""subway_name"": ""2号线"", ""station_name"": ""浮山所"", ""distance_raw"": ""318""}, {""id"": ""7314800"", ""loupan_id"": ""245712"", ""station_id"": ""4478"", ""subway_id"": ""126"", ""city_id"": ""30"", ""distance"": ""655米"", ""status"": ""1"", ""last_update_time"": ""1774212706"", ""is_rail_loupan"": ""1"", ""subway_name"": ""2号线"", ""station_name"": ""五四广场"", ""distance_raw"": ""655""}, {""id"": ""7315312"", ""loupan_id"": ""245712"", ""station_id"": ""4372"", ""subway_id"": ""121"", ""city_id"": ""30"", ""distance"": ""679米"", ""status"": ""1"", ""last_update_time"": ""1774212707"", ""is_rail_loupan"": ""1"", ""subway_name"": ""3号线"", ""station_name"": ""五四广场"", ""distance_raw"": ""679""}, {""id"": ""7316127"", ""loupan_id"": ""245712"", ""station_id"": ""121288"", ""subway_id"": ""1044"", ""city_id"": ""30"", ""distance"": ""734米"", ""status"": ""1"", ""last_update_time"": ""1774212708"", ""is_rail_loupan"": ""1"", ""subway_name"": ""8号线"", ""station_name"": ""五四广场"", ""distance_raw"": ""734""}, {""id"": ""7315313"", ""loupan_id"": ""245712"", ""station_id"": ""4371"", ""subway_id"": ""121"", ""city_id"": ""30"", ""distance"": ""1264米"", ""status"": ""1"", ""last_update_time"": ""1774212707"", ""is_rail_loupan"": ""1"", ""subway_name"": ""3号线"", ""station_name"": ""江西路"", ""distance_raw"": ""1264""}, {""id"": ""7314806"", ""loupan_id"": ""245712"", ""station_id"": ""4480"", ""subway_id"": ""126"", ""city_id"": ""30"", ""distance"": ""1385米"", ""status"": ""1"", ""last_update_time"": ""1774212706"", ""is_rail_loupan"": ""1"", ""subway_name"": ""2号线"", ""station_name"": ""燕儿岛路"", ""distance_raw"": ""1385""}, {""id"": ""7315315"", ""loupan_id"": ""245712"", ""station_id"": ""4373"", ""subway_id"": ""121"", ""city_id"": ""30"", ""distance"": ""1421米"", ""status"": ""1"", ""last_update_time"": ""1774212707"", ""is_rail_loupan"": ""1"", ""subway_name"": ""3号线"", ""station_name"": ""延安三路"", ""distance_raw"": ""1421""}]",青岛市南区香港中路26号远雄国际广场一楼
547258,金科和平榭,青岛,30,平度市,3649,平度,3722,青岛平度市平度青龙峡路38号,,2399元/㎡,2399元/㎡,首付10万，月供2437元,97-117㎡,50986.6m²,122624.67m²,"[{""id"": 479889, ""rooms"": 3, ""room_alias"": ""三室"", ""area"": 97}, {""id"": 479891, ""rooms"": 3, ""room_alias"": ""三室"", ""area"": 117}]",3室,3室户型,2005-01-21,2019年09月27日,2005年,2006年,"[""2019-10-21"", ""2019-10-21""]","{多层,小高层,花园洋房}",多层、小高层、花园洋房,70年,1.79,30%,793,"毛坯,带装修",,住宅,新城悦服务,1.9元/㎡/月,,774,,售罄,售罄,售罄,"[""平房注字(2019)043"", ""平房注字(2019)040""]","[""16#、15#"", ""17#、13#""]",中铁建,"世茂房地产,金科地产",青岛世茂博玺置业有限公司,民电,民水,36.560186,120.11149,"""""","{""559"": ""现房"", ""81"": ""大阳台"", ""52"": ""低容积"", ""29"": ""装修交付"", ""76"": ""厨卫全明"", ""75"": ""三房朝南"", ""74"": ""南北通透"", ""78"": ""大户型"", ""401"": ""户型方正"", ""86"": ""全景飘窗"", ""85"": ""主卧套房"", ""638"": ""民办中学"", ""637"": ""公办中学"", ""636"": ""公办小学"", ""597"": ""公办幼儿园"", ""263"": ""VR看房"", ""50"": ""品牌开发商""}","[""现房"", ""大阳台"", ""低容积"", ""装修交付"", ""厨卫全明""]",https://pic4.ajkimg.com/display/xinfang/877a44ac65d15532765c07187fbe0574/275x206n.jpg,[],平度南村镇青龙峡路与友谊大道交界处
6659517,福盛世名城,青岛,30,市北区,3640,水清沟,5189,青岛市北区水清沟四方海岸路6号、海岸路22号（原青岛联创公司和山东发动机厂用地）,,,,,,123290m²,384340m²,[],,,2005-05-03,,2005年,2006年,[],洋房,高层,70年,2.76,38%,569,毛坯,,住宅,中海物业,,,,,售罄,售罄,售罄,[],[],正荣,,,民电,民水,36.126697,120.365131,"{""service_num"": ""4006708287"", ""num"": """"}","{""53"": ""高绿化率"", ""72"": ""配套纯熟"", ""70"": ""银行"", ""69"": ""学校"", ""68"": ""医院"", ""66"": ""公园"", ""65"": ""商业街"", ""64"": ""购物中心"", ""638"": ""民办中学"", ""637"": ""公办中学"", ""636"": ""公办小学"", ""635"": ""民办小学"", ""598"": ""民办幼儿园"", ""597"": ""公办幼儿园""}","[""高绿化率"", ""配套纯熟"", ""银行"", ""学校"", ""医院""]",https://pic4.ajkimg.com/display/xinfang/225c8d42cea08395d5de0eeef091bd17/275x206n.jpg,[],暂无
85234,绿城星辰雅居,青岛,30,李沧区,3642,李村,3690,青岛李沧区李村延川路118号,,,,,376-377㎡,184011m²,639720m²,[],别墅,别墅户型,2005-01-26,,2005年,2006年,[],{},,,,36%,73,毛坯,,别墅,招商积余,,,71,1:1,售罄,售罄,售罄,"[""青房注字2013年123号""]",[],碧桂园,,,民电,民水,36.199758,120.436456,"""""","{""53"": ""高绿化率"", ""9"": ""轨交房"", ""72"": ""配套纯熟"", ""71"": ""便利店"", ""70"": ""银行"", ""69"": ""学校"", ""68"": ""医院"", ""67"": ""生态绿地"", ""66"": ""公园"", ""65"": ""商业街"", ""64"": ""购物中心"", ""78"": ""大户型"", ""637"": ""公办中学"", ""636"": ""公办小学"", ""599"": ""省级示范园"", ""598"": ""民办幼儿园"", ""597"": ""公办幼儿园"", ""55"": ""小型社区""}","[""高绿化率"", ""轨交房"", ""配套纯熟"", ""便利店"", ""银行""]",https://pic4.ajkimg.com/display/xinfang/b2b586c4ea91eadb9e0247d5817010c8/275x206n.jpg,"[{""id"": ""7316622"", ""loupan_id"": ""383107"", ""station_id"": ""121229"", ""subway_id"": ""126"", ""city_id"": ""30"", ""distance"": ""1197米"", ""status"": ""1"", ""last_update_time"": ""1774212709"", ""is_rail_loupan"": ""1"", ""subway_name"": ""2号线"", ""station_name"": ""佛耳崖"", ""distance_raw"": ""1197""}]",李沧青岛世园大道北
6696375,金堂,青岛,30,市南区,3639,其他,10178,青岛市南区其他宁夏路87号（宁夏路与镇江南路交汇处）,,,,,,5000m²,23000m²,[],,,2005-09-15,,2005年,2006年,[],小高层,,40年,,2500%,,毛坯,,临街店铺,雅生活服务,,,,,售罄,售罄,售罄,[],[],禹洲,,,商电,商水,36.073457,120.418687,"""""","{""9"": ""轨交房"", ""10"": ""多轨交"", ""72"": ""配套纯熟"", ""71"": ""便利店"", ""70"": ""银行"", ""68"": ""医院""}","[""轨交房"", ""多轨交"", ""配套纯熟"", ""便利店"", ""银行""]",https://pic4.ajkimg.com/display/xinfang/16226e0c06d9b3ced7b119b5cae08a8f/275x206n.jpg,"[{""id"": ""7314962"", ""loupan_id"": ""410540"", ""station_id"": ""121167"", ""subway_id"": ""12068"", ""city_id"": ""30"", ""distance"": ""857米"", ""status"": ""1"", ""last_update_time"": ""1774212707"", ""is_rail_loupan"": ""1"", ""subway_name"": ""5号线"", ""station_name"": ""福宁立交"", ""distance_raw"": ""857""}, {""id"": ""7314964"", ""loupan_id"": ""410540"", ""station_id"": ""121168"", ""subway_id"": ""12068"", ""city_id"": ""30"", ""distance"": ""991米"", ""status"": ""1"", ""last_update_time"": ""1774212707"", ""is_rail_loupan"": ""1"", ""subway_name"": ""5号线"", ""station_name"": ""宁夏路"", ""distance_raw"": ""991""}, {""id"": ""7314261"", ""loupan_id"": ""410540"", ""station_id"": ""4370"", ""subway_id"": ""121"", ""city_id"": ""30"", ""distance"": ""1099米"", ""status"": ""1"", ""last_update_time"": ""1774212706"", ""is_rail_loupan"": ""1"", ""subway_name"": ""3号线"", ""station_name"": ""宁夏路"", ""distance_raw"": ""1099""}, {""id"": ""7314260"", ""loupan_id"": ""410540"", ""station_id"": ""4371"", ""subway_id"": ""121"", ""city_id"": ""30"", ""distance"": ""1342米"", ""status"": ""1"", ""last_update_time"": ""1774212706"", ""is_rail_loupan"": ""1"", ""subway_name"": ""3号线"", ""station_name"": ""江西路"", ""distance_raw"": ""1342""}, {""id"": ""7314212"", ""loupan_id"": ""410540"", ""station_id"": ""4369"", ""subway_id"": ""121"", ""city_id"": ""30"", ""distance"": ""1374米"", ""status"": ""1"", ""last_update_time"": ""1774212706"", ""is_rail_loupan"": ""1"", ""subway_name"": ""3号线"", ""station_name"": ""敦化路"", ""distance_raw"": ""1374""}]",青岛市市南区宁夏路89号（五星电器院内海尔风景销售中心）
7921606,雅梦想豪庭,青岛,30,西海岸新区,3646,辛安,24955,青岛西海岸新区辛安昆仑山路与淮河西路交接处西300米,,3598元/㎡,3598元/㎡,首付17万，月供4157元,110-143㎡,135500m²,352400m²,"[{""id"": 461448, ""rooms"": 3, ""room_alias"": ""三室"", ""area"": 110}, {""id"": 461447, ""rooms"": 3, ""room_alias"": ""三室"", ""area"": 119}, {""id"": 461449, ""rooms"": 4, ""room_alias"": ""四室"", ""area"": 134}, {""id"": 461451, ""rooms"": 4, ""room_alias"": ""四室"", ""area"": 143}]",3/4室,"3室户型,4室户型",2005-09-03,2021年05月17日,2005年,2006年,"[""2021-07-27"", ""2019-09-06"", ""2020-03-11"", ""2020-05-20"", ""2021-04-25"", ""2021-05-17""]",{高层},高层,70年,2.77,35%,2200,"毛坯,带装修",已竣工，竣工时间：暂无数据,住宅,中海物业,2.7元/㎡/月,,3838,1:1.74,售罄,售罄,售罄,"[""青房注字青黄2021第109号"", ""青房注字青黄2019第117号"", ""青房注字青黄20第010号"", ""青房注字青黄2020第030号"", ""青房注字青黄2021第033号"", ""青房注字青黄2021第060号""]","[""20#、22#"", ""4#、5#、7#、8#"", ""12#"", ""1#、2#、3#、6#、10#、14#"", ""15#、19#"", ""16#、25#""]",金地,世茂房地产,世茂集团,民电,民水,36.041874,120.150538,"""""","{""559"": ""现房"", ""557"": ""项目竣工"", ""81"": ""大阳台"", ""56"": ""车位充足"", ""29"": ""装修交付"", ""76"": ""厨卫全明"", ""74"": ""南北通透"", ""276"": ""一房一价"", ""78"": ""大户型"", ""404"": ""客餐厅相连"", ""401"": ""户型方正"", ""397"": ""动静分离"", ""85"": ""主卧套房"", ""82"": ""双卫生间"", ""638"": ""民办中学"", ""636"": ""公办小学"", ""598"": ""民办幼儿园"", ""597"": ""公办幼儿园"", ""263"": ""VR看房"", ""213"": ""地铁沿线"", ""98"": ""改善置业"", ""97"": ""刚需直选"", ""54"": ""大型社区"", ""50"": ""品牌开发商""}","[""现房"", ""项目竣工"", ""大阳台"", ""车位充足"", ""装修交付""]",https://pic4.ajkimg.com/display/xinfang/508b1cf87b920deeb4c32a1fe8b10751/275x206n.jpg,[],昆仑山路与淮河西路交接处西300米
9868003,三木阳光坊,青岛,30,胶州市,3647,新城,17477,"青岛胶州市新城辽河路,近交大大道",,,,,86-130㎡,102862m²,264426m²,"[{""id"": 307540, ""rooms"": 2, ""room_alias"": ""二室"", ""area"": 95}, {""id"": 377507, ""rooms"": 2, ""room_alias"": ""二室"", ""area"": 103}, {""id"": 476931, ""rooms"": 3, ""room_alias"": ""三室"", ""area"": 86}, {""id"": 476926, ""rooms"": 3, ""room_alias"": ""三室"", ""area"": 105}, {""id"": 476928, ""rooms"": 3, ""room_alias"": ""三室"", ""area"": 107}, {""id"": 377457, ""rooms"": 3, ""room_alias"": ""三室"", ""area"": 112}, {""id"": 377416, ""rooms"": 3, ""room_alias"": ""三室"", ""area"": 114}, {""id"": 377364, ""rooms"": 3, ""room_alias"": ""三室"", ""area"": 115}, {""id"": 377435, ""rooms"": 3, ""room_alias"": ""三室"", ""area"": 116}, {""id"": 377336, ""rooms"": 3, ""room_alias"": ""三室"", ""area"": 125}, {""id"": 377346, ""rooms"": 3, ""room_alias"": ""三室"", ""area"": 130}, {""id"": 377382, ""rooms"": 4, ""room_alias"": ""四室"", ""area"": 117}, {""id"": 377399, ""rooms"": 4, ""room_alias"": ""四室"", ""area"": 117}, {""id"": 377352, ""rooms"": 4, ""room_alias"": ""四室"", ""area"": 123}, {""id"": 476934, ""rooms"": 4, ""room_alias"": ""四室"", ""area"": 124}, {""id"": 377319, ""rooms"": 4, ""room_alias"": ""四室"", ""area"": 127}]",2/3/4室,"2室户型,3室户型,4室户型",2005-07-23,2019年08月08日,2005年,2006年,"[""2019-01-04""]","{高层,花园洋房}",高层、花园洋房,70年,2,35%,1944,毛坯,,住宅,金地智慧服务,2.15元/㎡/月,,2049,1:1.1,售罄,售罄,售罄,"[""青房注字（胶州）第2018096号"", ""青房注字（胶州）第2017074"", ""青房注字(胶州)第2018062"", ""青房注字(胶州)第2018040"", ""青房注字(胶州)第2018025""]","[""18#""]",建发,三木集团,青岛城森房地产开发有限公司,民电,民水,36.186334,120.101709,"{""service_num"": ""4006708287"", ""num"": """"}","{""559"": ""现房"", ""57"": ""人车分流"", ""56"": ""车位充足"", ""76"": ""厨卫全明"", ""74"": ""南北通透"", ""73"": ""卧室全朝南"", ""78"": ""大户型"", ""401"": ""户型方正"", ""397"": ""动静分离"", ""85"": ""主卧套房"", ""83"": ""双阳台"", ""82"": ""双卫生间"", ""637"": ""公办中学"", ""636"": ""公办小学"", ""598"": ""民办幼儿园"", ""597"": ""公办幼儿园"", ""263"": ""VR看房"", ""54"": ""大型社区"", ""50"": ""品牌开发商""}","[""现房"", ""人车分流"", ""车位充足"", ""厨卫全明"", ""南北通透""]",https://pic4.ajkimg.com/display/xinfang/ea604ca78cb7fc795028164a0da06ec7/275x206n.jpg,[],胶州市经济开发区双积公路与辽河路交汇处
8704900,泰名城A区,青岛,30,西海岸新区,3646,辛安,24955,青岛西海岸新区辛安团结路2011号,,3838元/㎡,3838元/㎡,首付15万，月供3763元,95-127㎡,43390m²,130170m²,"[{""id"": 605527, ""rooms"": 3, ""room_alias"": ""三室"", ""area"": 95}, {""id"": 605526, ""rooms"": 3, ""room_alias"": ""三室"", ""area"": 117}, {""id"": 605525, ""rooms"": 3, ""room_alias"": ""三室"", ""area"": 127}]",3室,3室户型,2005-04-03,2021年08月23日,2005年,2006年,"[""2025-03-20"", ""2021-08-23"", ""2021-01-05""]",{高层},高层,70年,3,30%,1852,带装修,已竣工，竣工时间：2023-06-16,住宅,龙湖智慧服务,2.8元/㎡/月,,1336,,售罄,售罄,售罄,"[""鲁（2025）青岛自贸片区不动产权第0011018号"", ""青房注字青黄（2021）第145号"", ""青房注字青黄（2020）第322号""]","[""7号楼"", ""5#、8#"", ""2#、4#""]",世茂,青岛地铁,青岛地铁乐石置业有限公司,民电,民水,36.071178,120.148367,"{""service_num"": ""4006708287"", ""num"": ""89569""}","{""559"": ""现房"", ""557"": ""项目竣工"", ""29"": ""装修交付"", ""9"": ""轨交房"", ""76"": ""厨卫全明"", ""74"": ""南北通透"", ""73"": ""卧室全朝南"", ""276"": ""一房一价"", ""5"": ""低单价"", ""4"": ""低总价"", ""78"": ""大户型"", ""404"": ""客餐厅相连"", ""403"": ""私密性好"", ""402"": ""玄关入户"", ""401"": ""户型方正"", ""397"": ""动静分离"", ""85"": ""主卧套房"", ""82"": ""双卫生间"", ""637"": ""公办中学"", ""636"": ""公办小学"", ""606"": ""省一级园"", ""598"": ""民办幼儿园"", ""597"": ""公办幼儿园"", ""541"": ""3D沙盘"", ""540"": ""日照模拟"", ""263"": ""VR看房"", ""54"": ""大型社区"", ""50"": ""品牌开发商""}","[""现房"", ""项目竣工"", ""装修交付"", ""轨交房"", ""厨卫全明""]",https://pic4.ajkimg.com/display/xinfang/0cc24e5641af5bce42b6cc8553a1c884/275x206n.jpg,"[{""id"": ""7274278"", ""loupan_id"": ""481734"", ""station_id"": ""121262"", ""subway_id"": ""12071"", ""city_id"": ""30"", ""distance"": ""318米"", ""status"": ""1"", ""last_update_time"": ""1774212706"", ""is_rail_loupan"": ""1"", ""subway_name"": ""6号线"", ""station_name"": ""抓马山"", ""distance_raw"": ""318""}, {""id"": ""7274347"", ""loupan_id"": ""481734"", ""station_id"": ""121263"", ""subway_id"": ""12071"", ""city_id"": ""30"", ""distance"": ""1342米"", ""status"": ""1"", ""last_update_time"": ""1774212706"", ""is_rail_loupan"": ""1"", ""subway_name"": ""6号线"", ""station_name"": ""青岛九中(幸福小镇)"", ""distance_raw"": ""1342""}]",团结路2011号
782377,福翡翠堂,青岛,30,西海岸新区,3646,滨海大道,5211,青岛西海岸新区滨海大道月牙河路与圣元路交汇处,,,,,96-118㎡,60000m²,138000m²,"[{""id"": 272381, ""rooms"": 3, ""room_alias"": ""三室"", ""area"": 96}, {""id"": 272378, ""rooms"": 3, ""room_alias"": ""三室"", ""area"": 110}, {""id"": 272372, ""rooms"": 3, ""room_alias"": ""三室"", ""area"": 115}, {""id"": 272376, ""rooms"": 3, ""room_alias"": ""三室"", ""area"": 118}]",3室,3室户型,2005-03-28,,2005年,2006年,[],小高层,小高层、花园洋房,70年,1.8,35%,963,毛坯,,住宅,雅生活服务,3.9~4.3元/㎡/月,,963,1:1,售罄,售罄,售罄,"[""青房注字青黄(2017)第018""]",[],金茂,,青岛宏秀房地产开发有限公司,民电,民水,35.843109,120.021168,"{""service_num"": ""4006708287"", ""num"": """"}","{""52"": ""低容积"", ""63"": ""旅游地产"", ""69"": ""学校"", ""78"": ""大户型"", ""637"": ""公办中学"", ""636"": ""公办小学"", ""635"": ""民办小学"", ""598"": ""民办幼儿园"", ""597"": ""公办幼儿园""}","[""低容积"", ""旅游地产"", ""学校"", ""大户型"", ""公办中学""]",https://pic4.ajkimg.com/display/xinfang/16c3a7242078a071d7c2317aaecbe621/275x206n.jpg,[],越秀地产西海岸体验中心：原胶南德泰利群商场一楼超市入口处
951939,海信黄金嘉园,青岛,30,崂山区,3643,石老人,3704,青岛崂山区石老人崂山路石老人东1000米,,21591元/㎡,21591元/㎡,首付144万，月供34546元,153-273㎡,18589.4m²,49758.87m²,"[{""id"": 848600, ""rooms"": 3, ""room_alias"": ""三室"", ""area"": 153}, {""id"": 871219, ""rooms"": 4, ""room_alias"": ""四室"", ""area"": 176}, {""id"": 825292, ""rooms"": 4, ""room_alias"": ""四室"", ""area"": 210}, {""id"": 825294, ""rooms"": 4, ""room_alias"": ""四室"", ""area"": 232}, {""id"": 825290, ""rooms"": 4, ""room_alias"": ""四室"", ""area"": 236}, {""id"": 825291, ""rooms"": 4, ""room_alias"": ""四室"", ""area"": 236}, {""id"": 825295, ""rooms"": 4, ""room_alias"": ""四室"", ""area"": 273}, {""id"": 825293, ""rooms"": 5, ""room_alias"": ""五室"", ""area"": 268}]",3/4/5室,"3室户型,4室户型,5室户型",2005-06-28,2023年12月,2005年,2006年,"[""2025-09-26"", ""2025-09-26"", ""2024-07-26"", ""2023-12-20""]","{小高层,花园洋房}",小高层、花园洋房,70年,1.81,35%,181,,在建中，竣工时间：暂无数据,住宅,旭辉永升,6元/㎡/月,,285,,售罄,售罄,售罄,"[""青崂房预字2025第0011号"", ""青崂房预字2025第0010号"", ""青崂房预字2024第0010号"", ""青崂房预字（2023）第0014号""]","[""6#"", ""1#"", ""8#、7#"", ""5#、3#、2#""]",中梁,海信地产,,民电,民水,36.102447,120.516885,"{""service_num"": ""4006708287"", ""num"": ""103338""}","{""52"": ""低容积"", ""76"": ""厨卫全明"", ""75"": ""三房朝南"", ""74"": ""南北通透"", ""7"": ""项目在建"", ""72"": ""配套纯熟"", ""70"": ""银行"", ""69"": ""学校"", ""68"": ""医院"", ""66"": ""公园"", ""64"": ""购物中心"", ""78"": ""大户型"", ""402"": ""玄关入户"", ""401"": ""户型方正"", ""397"": ""动静分离"", ""86"": ""全景飘窗"", ""85"": ""主卧套房"", ""83"": ""双阳台"", ""82"": ""双卫生间"", ""636"": ""公办小学"", ""598"": ""民办幼儿园"", ""597"": ""公办幼儿园"", ""263"": ""VR看房"", ""55"": ""小型社区"", ""50"": ""品牌开发商""}","[""低容积"", ""厨卫全明"", ""三房朝南"", ""南北通透"", ""项目在建""]",https://pic4.ajkimg.com/display/xinfang/5c7f4f3979aeaf6653e0240304a5b817/275x206n.jpg,[],崂山路石老人东1000米
8806014,博嘉园,青岛,30,李沧区,3642,沧口,3687,青岛李沧区沧口李沧四流中路187号,,,,,80㎡,住宅：71347m² 别墅：71347m²,住宅：125388m² 别墅：125388m²,"[{""id"": 43788, ""rooms"": 2, ""room_alias"": ""二室"", ""area"": 80}, {""id"": 43789, ""rooms"": 2, ""room_alias"": ""二室"", ""area"": 80}]",2室,2室户型,2005-07-05,,2005年,2006年,[],别墅,住宅：多层、高层,住宅：70年 别墅：70年,住宅：1.42,住宅：35% 别墅：35%,住宅：1011 别墅：1011,住宅：毛坯 别墅：毛坯,,住宅,龙湖智慧服务,住宅：1.42元/㎡/月,,,,售罄,售罄,售罄,[],[],华侨城,,青岛华泰置业集团有限公司,住宅：民电,住宅：民水,36.183553,120.403591,"{""service_num"": ""4006708287"", ""num"": """"}","{""52"": ""低容积"", ""9"": ""轨交房"", ""72"": ""配套纯熟"", ""71"": ""便利店"", ""70"": ""银行"", ""69"": ""学校"", ""68"": ""医院"", ""66"": ""公园"", ""65"": ""商业街"", ""64"": ""购物中心"", ""637"": ""公办中学"", ""636"": ""公办小学"", ""635"": ""民办小学"", ""624"": ""九年一贯制"", ""598"": ""民办幼儿园"", ""597"": ""公办幼儿园""}","[""低容积"", ""轨交房"", ""配套纯熟"", ""便利店"", ""银行""]",https://pic4.ajkimg.com/display/xinfang/c0b3bc4eed1946594ee87f685cf9979e/275x206n.jpg,"[{""id"": ""7315432"", ""loupan_id"": ""242070"", ""station_id"": ""11029"", ""subway_id"": ""1045"", ""city_id"": ""30"", ""distance"": ""739米"", ""status"": ""1"", ""last_update_time"": ""1774212707"", ""is_rail_loupan"": ""1"", ""subway_name"": ""1号线"", ""station_name"": ""沧安路"", ""distance_raw"": ""739""}, {""id"": ""7315425"", ""loupan_id"": ""242070"", ""station_id"": ""11038"", ""subway_id"": ""1045"", ""city_id"": ""30"", ""distance"": ""986米"", ""status"": ""1"", ""last_update_time"": ""1774212707"", ""is_rail_loupan"": ""1"", ""subway_name"": ""1号线"", ""station_name"": ""永年路"", ""distance_raw"": ""986""}]",四流中路187号（项目现场）
1478549,新盛世豪庭,青岛,30,平度市,3649,平度,3722,青岛平度市平度仁兆镇顺达街4号,,1679元/㎡,1679元/㎡,首付6万，月供1433元,81-123㎡,18400m²,25800m²,"[{""id"": 560341, ""rooms"": 2, ""room_alias"": ""二室"", ""area"": 81}, {""id"": 560336, ""rooms"": 2, ""room_alias"": ""二室"", ""area"": 82}, {""id"": 560340, ""rooms"": 3, ""room_alias"": ""三室"", ""area"": 98}, {""id"": 560337, ""rooms"": 3, ""room_alias"": ""三室"", ""area"": 101}, {""id"": 560338, ""rooms"": 3, ""room_alias"": ""三室"", ""area"": 111}, {""id"": 560342, ""rooms"": 3, ""room_alias"": ""三室"", ""area"": 113}, {""id"": 560339, ""rooms"": 3, ""room_alias"": ""三室"", ""area"": 123}]",2/3室,"2室户型,3室户型",2005-05-26,2019年12月26日,2005年,2006年,"[""2019-12-26""]",高层,多层,70年,1.4,30%,192,毛坯,已竣工，竣工时间：2021-06-30,住宅,金地智慧服务,1.2元/㎡/月,,220,1:1,售罄,售罄,售罄,"[""平房注字(2019)065""]","[""6#、8#""]",佳兆业,,青岛沽河小镇文化旅游开发有限公司,民电,民水,36.646387,120.19445,"""""","{""559"": ""现房"", ""557"": ""项目竣工"", ""81"": ""大阳台"", ""52"": ""低容积"", ""76"": ""厨卫全明"", ""74"": ""南北通透"", ""78"": ""大户型"", ""404"": ""客餐厅相连"", ""402"": ""玄关入户"", ""401"": ""户型方正"", ""83"": ""双阳台"", ""637"": ""公办中学"", ""636"": ""公办小学"", ""597"": ""公办幼儿园"", ""263"": ""VR看房"", ""55"": ""小型社区""}","[""现房"", ""项目竣工"", ""大阳台"", ""低容积"", ""厨卫全明""]",https://pic4.ajkimg.com/display/xinfang/1764a66272e838ecf23d520e27095ac5/275x206n.jpg,[],青岛平度市仁兆镇顺达街与217省道交汇处
5450164,沽河未来丽景,青岛,30,胶州市,3647,胶州,3718,青岛胶州市胶州李哥庄 204国道与沽河大街交汇处北行88米路东,,,,,78-125㎡,13830m²,16324m²,"[{""id"": 115579, ""rooms"": 2, ""room_alias"": ""二室"", ""area"": 78}, {""id"": 115582, ""rooms"": 2, ""room_alias"": ""二室"", ""area"": 88}, {""id"": 115581, ""rooms"": 3, ""room_alias"": ""三室"", ""area"": 125}]",2/3室,"2室户型,3室户型",2005-03-20,,2005年,2006年,[],{多层},多层,70年,0.85,38%,606,毛坯,,住宅,碧桂园服务,0.42元/㎡/月,,146,1：:08,售罄,售罄,售罄,"[""青房注字(胶州)第2014072""]",[],象屿,,青岛大沽河房地产开发有限公司,民电,民水,36.341771,120.186597,"""""","{""53"": ""高绿化率"", ""52"": ""低容积"", ""72"": ""配套纯熟"", ""71"": ""便利店"", ""70"": ""银行"", ""69"": ""学校"", ""68"": ""医院"", ""65"": ""商业街"", ""64"": ""购物中心"", ""78"": ""大户型"", ""638"": ""民办中学"", ""637"": ""公办中学"", ""636"": ""公办小学"", ""635"": ""民办小学"", ""598"": ""民办幼儿园"", ""597"": ""公办幼儿园""}","[""高绿化率"", ""低容积"", ""配套纯熟"", ""便利店"", ""银行""]",https://pic4.ajkimg.com/display/xinfang/94888b1bea970160ebdae7a1d7e8eb9d/275x206n.jpg,[],李哥庄204国道与沽河大街交汇处北行88米路东
2438555,紫苑二期,青岛,30,城阳区,3644,高新区,6139,青岛城阳区高新区华东路567号,,,,,110-260㎡,别墅：67677.1m² 住宅：67677.1m²,别墅：166037m² 住宅：166037m²,"[{""id"": 308031, ""rooms"": 3, ""room_alias"": ""三室"", ""area"": 110}, {""id"": 378242, ""rooms"": 3, ""room_alias"": ""三室"", ""area"": 120}, {""id"": 378251, ""rooms"": 3, ""room_alias"": ""三室"", ""area"": 137}, {""id"": 542084, ""rooms"": 3, ""room_alias"": ""三室"", ""area"": 180}, {""id"": 542087, ""rooms"": 3, ""room_alias"": ""三室"", ""area"": 180}, {""id"": 542096, ""rooms"": 3, ""room_alias"": ""三室"", ""area"": 225}, {""id"": 378258, ""rooms"": 4, ""room_alias"": ""四室"", ""area"": 153}, {""id"": 378296, ""rooms"": 4, ""room_alias"": ""四室"", ""area"": 172}, {""id"": 542094, ""rooms"": 4, ""room_alias"": ""四室"", ""area"": 225}, {""id"": 542097, ""rooms"": 4, ""room_alias"": ""四室"", ""area"": 258}, {""id"": 542098, ""rooms"": 4, ""room_alias"": ""四室"", ""area"": 260}]",3/4室、别墅,"3室户型,4室户型,别墅户型",2005-12-23,2017年06月10日,2005年,2006年,"[""2019-12-31"", ""2017-06-10""]",{叠加别墅},别墅：叠加别墅 住宅：高层,别墅：70年 住宅：70年,别墅：1.8 住宅：1.8,别墅：30% 住宅：30%,别墅：839 住宅：839,别墅：毛坯 住宅：毛坯,,别墅,新城悦服务,别墅：3.6元/㎡/月 住宅：3.6元/㎡/月,,别墅：879 住宅：879,别墅：1:1.05 住宅：1:1.05,售罄,售罄,售罄,"[""鲁(2019)青岛市高新区不动产权第0006166号"", ""青房注字(高17)第025号""]","[""1#、2#、3#、4#、5#、6#、7#、8#""]",中南,融创中国,融创中国,别墅：民电,别墅：民水,36.293453,120.326928,"""""","{""559"": ""现房"", ""81"": ""大阳台"", ""56"": ""车位充足"", ""52"": ""低容积"", ""74"": ""南北通透"", ""78"": ""大户型"", ""638"": ""民办中学"", ""637"": ""公办中学"", ""636"": ""公办小学"", ""598"": ""民办幼儿园"", ""597"": ""公办幼儿园"", ""50"": ""品牌开发商""}","[""现房"", ""大阳台"", ""车位充足"", ""低容积"", ""南北通透""]",https://pic4.ajkimg.com/display/xinfang/5f06698743fde071119c42fccf80c7c7/275x206n.jpg,[],青岛市城阳区高新区华东路567号
3875062,凤理想城,青岛,30,西海岸新区,3646,隐珠,25972,青岛西海岸新区隐珠灵山湾路1999号,,3016元/㎡,3016元/㎡,,89-138㎡,33487m²,138878.57m²,"[{""id"": 873751, ""rooms"": 3, ""room_alias"": ""三室"", ""area"": 89}, {""id"": 873752, ""rooms"": 3, ""room_alias"": ""三室"", ""area"": 98}, {""id"": 873753, ""rooms"": 3, ""room_alias"": ""三室"", ""area"": 115}, {""id"": 873754, ""rooms"": 3, ""room_alias"": ""三室"", ""area"": 124}, {""id"": 873755, ""rooms"": 3, ""room_alias"": ""三室"", ""area"": 138}]",3室,3室户型,2005-11-23,2025年08月,2005年,2006年,"[""2025-06-28"", ""2025-06-28""]",{高层},高层,70年,2.8,35%,768,毛坯,在建中，竣工时间：2026-12-01,住宅,融创服务,,,1105,,售罄,售罄,售罄,"[""青房注字（青黄25）第037号"", ""青房注字（青黄25）第033号""]",[],仁恒,,,民电,民水,35.901555,120.011575,"{""service_num"": ""4006708287"", ""num"": ""41050""}","{""76"": ""厨卫全明"", ""74"": ""南北通透"", ""73"": ""卧室全朝南"", ""7"": ""项目在建"", ""72"": ""配套纯熟"", ""71"": ""便利店"", ""70"": ""银行"", ""69"": ""学校"", ""68"": ""医院"", ""67"": ""生态绿地"", ""66"": ""公园"", ""65"": ""商业街"", ""64"": ""购物中心"", ""78"": ""大户型"", ""402"": ""玄关入户"", ""401"": ""户型方正"", ""397"": ""动静分离"", ""85"": ""主卧套房"", ""91"": ""热评楼盘"", ""637"": ""公办中学"", ""636"": ""公办小学"", ""635"": ""民办小学"", ""598"": ""民办幼儿园"", ""597"": ""公办幼儿园"", ""263"": ""VR看房""}","[""厨卫全明"", ""南北通透"", ""卧室全朝南"", ""项目在建"", ""配套纯熟""]",https://pic4.ajkimg.com/display/xinfang/9814cee2ec4531db4b1faf5a57b3ba48/275x206n.jpg,[],青岛市西海岸新区灵山湾路1999号
3877590,海信翡翠园,青岛,30,市南区,3639,香港路沿线,3653,青岛市南区香港路沿线山东路17号（市南法院对面）,,10281元/㎡,,,92-267㎡,6781m²,60308.55m²,[],,商业户型,2005-02-21,,2005年,2006年,[],{},,40年,,16%,,简装修,,标准写字楼,招商积余,9元/㎡/月,,429,,售罄,售罄,售罄,[],[],正荣,海信地产,,商电,商水,36.066162,120.403068,"""""","{""29"": ""装修交付"", ""72"": ""配套纯熟"", ""71"": ""便利店"", ""70"": ""银行"", ""68"": ""医院"", ""65"": ""商业街"", ""64"": ""购物中心"", ""55"": ""小型社区"", ""50"": ""品牌开发商""}","[""装修交付"", ""配套纯熟"", ""便利店"", ""银行"", ""医院""]",https://pic4.ajkimg.com/display/xinfang/9b372778f17e46e89040aaf7be45dd09/275x206n.jpg,[],青岛市市南区山东路17号
4859099,碧轩,青岛,30,黄岛区,4516,长江路,5213,青岛黄岛区长江路长江路与太行山路交汇处（长途站对面）,,,,,32-64㎡,69978m²,50000m²,"[{""id"": 88982, ""rooms"": 1, ""room_alias"": ""一室"", ""area"": 32.2}, {""id"": 88985, ""rooms"": 2, ""room_alias"": ""二室"", ""area"": 64.4}]",1/2室,"1室户型,2室户型",2005-06-28,,2005年,2006年,[],{高层},高层,70年,5.95,30%,535,毛坯,,住宅,融创服务,4元/㎡/月,,90,1:1,售罄,售罄,售罄,[],[],象屿,,,民电,民水,35.957604,120.20804,"{""service_num"": ""4006708287"", ""num"": """"}","{""9"": ""轨交房"", ""10"": ""多轨交"", ""72"": ""配套纯熟"", ""71"": ""便利店"", ""70"": ""银行"", ""69"": ""学校"", ""68"": ""医院"", ""66"": ""公园"", ""65"": ""商业街"", ""64"": ""购物中心"", ""79"": ""小户型"", ""638"": ""民办中学"", ""637"": ""公办中学"", ""636"": ""公办小学"", ""598"": ""民办幼儿园"", ""597"": ""公办幼儿园""}","[""轨交房"", ""多轨交"", ""配套纯熟"", ""便利店"", ""银行""]",https://pic4.ajkimg.com/display/xinfang/53c4f8eee2b68f0330a46d7a927fdecc/275x206n.jpg,"[{""id"": ""7316544"", ""loupan_id"": ""242032"", ""station_id"": ""120409"", ""subway_id"": ""1045"", ""city_id"": ""30"", ""distance"": ""186米"", ""status"": ""1"", ""last_update_time"": ""1774212709"", ""is_rail_loupan"": ""1"", ""subway_name"": ""1号线"", ""station_name"": ""太行山路"", ""distance_raw"": ""186""}, {""id"": ""7316092"", ""loupan_id"": ""242032"", ""station_id"": ""120312"", ""subway_id"": ""1045"", ""city_id"": ""30"", ""distance"": ""813米"", ""status"": ""1"", ""last_update_time"": ""1774212708"", ""is_rail_loupan"": ""1"", ""subway_name"": ""1号线"", ""station_name"": ""井冈山路"", ""distance_raw"": ""813""}, {""id"": ""7314473"", ""loupan_id"": ""242032"", ""station_id"": ""4403"", ""subway_id"": ""123"", ""city_id"": ""30"", ""distance"": ""893米"", ""status"": ""1"", ""last_update_time"": ""1774212706"", ""is_rail_loupan"": ""1"", ""subway_name"": ""西海岸快线"", ""station_name"": ""井冈山路"", ""distance_raw"": ""893""}, {""id"": ""7316042"", ""loupan_id"": ""242032"", ""station_id"": ""120357"", ""subway_id"": ""1045"", ""city_id"": ""30"", ""distance"": ""1055米"", ""status"": ""1"", ""last_update_time"": ""1774212708"", ""is_rail_loupan"": ""1"", ""subway_name"": ""1号线"", ""station_name"": ""石油大学"", ""distance_raw"": ""1055""}]",开发区长江路与太行山路交汇处向北30米马路西侧
2067742,鑫碧水榭,青岛,30,平度市,3649,平度,3722,青岛平度市平度广州南路18号,,,,,71-91㎡,71163m²,138427m²,"[{""id"": 86137, ""rooms"": 2, ""room_alias"": ""二室"", ""area"": 71}, {""id"": 86139, ""rooms"": 3, ""room_alias"": ""三室"", ""area"": 91}]",2/3室,"2室户型,3室户型",2005-09-20,,2005年,2006年,[],"{多层,小高层}",多层、小高层,70年,1.58,31%,1152,毛坯,,住宅,金地智慧服务,0.5元/㎡/月,,1176,1:1,售罄,售罄,售罄,"[""平房注字(2015)490"", ""平房注字2013374""]",[],华侨城,,青岛伟信置业有限公司,民电,民水,36.74099,119.990542,"""""","{""52"": ""低容积"", ""72"": ""配套纯熟"", ""70"": ""银行"", ""69"": ""学校"", ""68"": ""医院"", ""66"": ""公园"", ""65"": ""商业街"", ""637"": ""公办中学"", ""636"": ""公办小学"", ""598"": ""民办幼儿园"", ""597"": ""公办幼儿园""}","[""低容积"", ""配套纯熟"", ""银行"", ""学校"", ""医院""]",https://pic4.ajkimg.com/display/xinfang/5c7a674848fca65bdeb71658920b98a9/275x206n.jpg,[],平度北方国贸东门南20米
6792213,广润盛世榭,青岛,30,李沧区,3642,李村,3690,青岛李沧区李村桃园路27号,,,,,100-148㎡,14407.6m²,35051.69m²,"[{""id"": 473364, ""rooms"": 3, ""room_alias"": ""三室"", ""area"": 100}, {""id"": 473366, ""rooms"": 3, ""room_alias"": ""三室"", ""area"": 100}, {""id"": 473368, ""rooms"": 3, ""room_alias"": ""三室"", ""area"": 124}, {""id"": 473363, ""rooms"": 3, ""room_alias"": ""三室"", ""area"": 127}, {""id"": 473373, ""rooms"": 3, ""room_alias"": ""三室"", ""area"": 128.5}, {""id"": 473372, ""rooms"": 3, ""room_alias"": ""三室"", ""area"": 131}, {""id"": 473371, ""rooms"": 4, ""room_alias"": ""四室"", ""area"": 148}]",3/4室,"3室户型,4室户型",2005-11-01,2020年04月14日,2005年,2006年,"[""2020-04-14""]","{多层,小高层}",多层、小高层,70年,1.46,35%,153,毛坯,,住宅,新城悦服务,2.84元/㎡/月,,243,1:1.59,售罄,售罄,售罄,"[""青房注字(2020)第006号""]",[],金地,金水集团,青岛广润投资发展有限公司,民电,民水,36.160789,120.44412,"""""","{""559"": ""现房"", ""81"": ""大阳台"", ""56"": ""车位充足"", ""52"": ""低容积"", ""9"": ""轨交房"", ""76"": ""厨卫全明"", ""74"": ""南北通透"", ""73"": ""卧室全朝南"", ""10"": ""多轨交"", ""78"": ""大户型"", ""402"": ""玄关入户"", ""401"": ""户型方正"", ""397"": ""动静分离"", ""85"": ""主卧套房"", ""83"": ""双阳台"", ""82"": ""双卫生间"", ""638"": ""民办中学"", ""637"": ""公办中学"", ""636"": ""公办小学"", ""635"": ""民办小学"", ""624"": ""九年一贯制"", ""599"": ""省级示范园"", ""598"": ""民办幼儿园"", ""597"": ""公办幼儿园"", ""263"": ""VR看房"", ""55"": ""小型社区"", ""50"": ""品牌开发商""}","[""现房"", ""大阳台"", ""车位充足"", ""低容积"", ""轨交房""]",https://pic4.ajkimg.com/display/xinfang/a2e8ea24b2ab2e776efa9bd1dd4fd173/275x206n.jpg,"[{""id"": ""7313419"", ""loupan_id"": ""458391"", ""station_id"": ""4360"", ""subway_id"": ""121"", ""city_id"": ""30"", ""distance"": ""368米"", ""status"": ""1"", ""last_update_time"": ""1774212705"", ""is_rail_loupan"": ""1"", ""subway_name"": ""3号线"", ""station_name"": ""君峰路"", ""distance_raw"": ""368""}, {""id"": ""7313416"", ""loupan_id"": ""458391"", ""station_id"": ""4361"", ""subway_id"": ""121"", ""city_id"": ""30"", ""distance"": ""910米"", ""status"": ""1"", ""last_update_time"": ""1774212705"", ""is_rail_loupan"": ""1"", ""subway_name"": ""3号线"", ""station_name"": ""李村"", ""distance_raw"": ""910""}, {""id"": ""7316503"", ""loupan_id"": ""458391"", ""station_id"": ""4493"", ""subway_id"": ""126"", ""city_id"": ""30"", ""distance"": ""1093米"", ""status"": ""1"", ""last_update_time"": ""1774212709"", ""is_rail_loupan"": ""1"", ""subway_name"": ""2号线"", ""station_name"": ""李村"", ""distance_raw"": ""1093""}, {""id"": ""7316504"", ""loupan_id"": ""458391"", ""station_id"": ""4494"", ""subway_id"": ""126"", ""city_id"": ""30"", ""distance"": ""1130米"", ""status"": ""1"", ""last_update_time"": ""1774212709"", ""is_rail_loupan"": ""1"", ""subway_name"": ""2号线"", ""station_name"": ""李村公园"", ""distance_raw"": ""1130""}, {""id"": ""7313430"", ""loupan_id"": ""458391"", ""station_id"": ""4359"", ""subway_id"": ""121"", ""city_id"": ""30"", ""distance"": ""1354米"", ""status"": ""1"", ""last_update_time"": ""1774212705"", ""is_rail_loupan"": ""1"", ""subway_name"": ""3号线"", ""station_name"": ""振华路"", ""distance_raw"": ""1354""}, {""id"": ""7316821"", ""loupan_id"": ""458391"", ""station_id"": ""121279"", ""subway_id"": ""124"", ""city_id"": ""30"", ""distance"": ""1443米"", ""status"": ""1"", ""last_update_time"": ""1774212709"", ""is_rail_loupan"": ""1"", ""subway_name"": ""7号线"", ""station_name"": ""振华路"", ""distance_raw"": ""1443""}]",青岛市李沧区北园路7号
2975530,鑫都A区,青岛,30,城阳区,3644,正阳路,3712,青岛城阳区正阳路春城路651号,,4969元/㎡,4969元/㎡,首付19万，月供4730元,89-120㎡,36333m²,79689m²,"[{""id"": 653194, ""rooms"": 3, ""room_alias"": ""三室"", ""area"": 89}, {""id"": 653195, ""rooms"": 3, ""room_alias"": ""三室"", ""area"": 105}, {""id"": 653197, ""rooms"": 3, ""room_alias"": ""三室"", ""area"": 120}]",3室,3室户型,2005-01-06,2021年06月25日,2005年,2006年,"[""2021-06-25"", ""2021-06-09"", ""2021-04-20""]",{花园洋房},花园洋房,70年,1.6,43%,570,毛坯,在建中，竣工时间：2023-08-31,住宅,中海物业,3.02元/㎡/月,,638,1:1.1,售罄,售罄,售罄,"[""城行审建（2021）644号"", ""城行审建（2021）504号"", ""城行审建（2021）398号""]","[""1#、12#、2#、5#、6#、7#"", ""10#、11#"", ""3#、4#、8#""]",中海,和达集团,青岛和达致胜置业有限公司,民电,民水,36.32585,120.390499,"""""","{""559"": ""现房"", ""56"": ""车位充足"", ""53"": ""高绿化率"", ""52"": ""低容积"", ""9"": ""轨交房"", ""76"": ""厨卫全明"", ""74"": ""南北通透"", ""7"": ""项目在建"", ""10"": ""多轨交"", ""276"": ""一房一价"", ""78"": ""大户型"", ""404"": ""客餐厅相连"", ""402"": ""玄关入户"", ""401"": ""户型方正"", ""85"": ""主卧套房"", ""638"": ""民办中学"", ""637"": ""公办中学"", ""636"": ""公办小学"", ""635"": ""民办小学"", ""598"": ""民办幼儿园"", ""597"": ""公办幼儿园"", ""540"": ""日照模拟"", ""263"": ""VR看房"", ""50"": ""品牌开发商""}","[""现房"", ""车位充足"", ""高绿化率"", ""低容积"", ""轨交房""]",https://pic4.ajkimg.com/display/xinfang/f740eba163040726b6af81fdce2ebd87/275x206n.jpg,"[{""id"": ""7316062"", ""loupan_id"": ""490139"", ""station_id"": ""4435"", ""subway_id"": ""124"", ""city_id"": ""30"", ""distance"": ""1067米"", ""status"": ""1"", ""last_update_time"": ""1774212708"", ""is_rail_loupan"": ""1"", ""subway_name"": ""7号线"", ""station_name"": ""东郭庄"", ""distance_raw"": ""1067""}, {""id"": ""7316195"", ""loupan_id"": ""490139"", ""station_id"": ""11027"", ""subway_id"": ""1045"", ""city_id"": ""30"", ""distance"": ""1067米"", ""status"": ""1"", ""last_update_time"": ""1774212708"", ""is_rail_loupan"": ""1"", ""subway_name"": ""1号线"", ""station_name"": ""东郭庄"", ""distance_raw"": ""1067""}, {""id"": ""7316063"", ""loupan_id"": ""490139"", ""station_id"": ""4434"", ""subway_id"": ""124"", ""city_id"": ""30"", ""distance"": ""1359米"", ""status"": ""1"", ""last_update_time"": ""1774212708"", ""is_rail_loupan"": ""1"", ""subway_name"": ""7号线"", ""station_name"": ""沟岔"", ""distance_raw"": ""1359""}, {""id"": ""7316219"", ""loupan_id"": ""490139"", ""station_id"": ""11031"", ""subway_id"": ""1045"", ""city_id"": ""30"", ""distance"": ""1359米"", ""status"": ""1"", ""last_update_time"": ""1774212708"", ""is_rail_loupan"": ""1"", ""subway_name"": ""1号线"", ""station_name"": ""沟岔"", ""distance_raw"": ""1359""}]",青岛市城阳区东郭庄地铁站南200米
1964223,福梦想豪庭,青岛,30,崂山区,3643,石老人,3704,青岛崂山区石老人九水东路657号甲,,9939元/㎡,9939元/㎡,首付56万，月供13510元,130-243㎡,住宅：45000m²,住宅：89349m²,"[{""id"": 876560, ""rooms"": 3, ""room_alias"": ""三室"", ""area"": 130}, {""id"": 876559, ""rooms"": 4, ""room_alias"": ""四室"", ""area"": 146}, {""id"": 876557, ""rooms"": 4, ""room_alias"": ""四室"", ""area"": 223}, {""id"": 876558, ""rooms"": 4, ""room_alias"": ""四室"", ""area"": 240}, {""id"": 876551, ""rooms"": 6, ""room_alias"": ""六室"", ""area"": 243}]",别墅、3/4室,"3室户型,4室户型,别墅户型",2005-02-15,2025年10月31日,2005年,2006年,"[""2023-12-21"", ""2023-12-21""]",{多层},住宅：多层 别墅：叠加别墅,住宅：70年 别墅：70年,住宅：1.2 别墅：1.2,住宅：40%,住宅：223,住宅：带装修 别墅：毛坯,在建中，竣工时间：2026-12-30,住宅,雅生活服务,住宅：4.5元/㎡/月 别墅：4.5元/㎡/月,,住宅：395,,售罄,售罄,售罄,"[""青崂房预字（2023）第0022号"", ""青崂房预字（2023）第0021号""]","[""17#、16#、15#、12#"", ""6#、5#""]",中南,君一控股,,住宅：民电,住宅：民水,36.127683,120.542152,"{""service_num"": ""4006708287"", ""num"": ""51200""}","{""80"": ""得房率高"", ""53"": ""高绿化率"", ""52"": ""低容积"", ""29"": ""装修交付"", ""9"": ""轨交房"", ""76"": ""厨卫全明"", ""74"": ""南北通透"", ""73"": ""卧室全朝南"", ""7"": ""项目在建"", ""72"": ""配套纯熟"", ""71"": ""便利店"", ""70"": ""银行"", ""69"": ""学校"", ""68"": ""医院"", ""66"": ""公园"", ""65"": ""商业街"", ""64"": ""购物中心"", ""78"": ""大户型"", ""402"": ""玄关入户"", ""401"": ""户型方正"", ""397"": ""动静分离"", ""85"": ""主卧套房"", ""92"": ""热搜盘"", ""91"": ""热评楼盘"", ""90"": ""人气楼盘"", ""638"": ""民办中学"", ""637"": ""公办中学"", ""636"": ""公办小学"", ""598"": ""民办幼儿园"", ""597"": ""公办幼儿园"", ""541"": ""3D沙盘"", ""540"": ""日照模拟"", ""263"": ""VR看房"", ""55"": ""小型社区"", ""50"": ""品牌开发商""}","[""得房率高"", ""高绿化率"", ""低容积"", ""装修交付"", ""轨交房""]",https://pic4.ajkimg.com/display/xinfang/d509088bb9332093e999d09094a61f0f/275x206n.jpg,"[{""id"": ""7320159"", ""loupan_id"": ""531968"", ""station_id"": ""120745"", ""subway_id"": ""12051"", ""city_id"": ""30"", ""distance"": ""524米"", ""status"": ""1"", ""last_update_time"": ""1774212706"", ""is_rail_loupan"": ""1"", ""subway_name"": ""4号线"", ""station_name"": ""小崂山"", ""distance_raw"": ""524""}, {""id"": ""7320158"", ""loupan_id"": ""531968"", ""station_id"": ""120748"", ""subway_id"": ""12051"", ""city_id"": ""30"", ""distance"": ""1433米"", ""status"": ""1"", ""last_update_time"": ""1774212706"", ""is_rail_loupan"": ""1"", ""subway_name"": ""4号线"", ""station_name"": ""沙子口"", ""distance_raw"": ""1433""}]",青岛市崂山区九水东路657号甲
5513553,金悦龙湖舍,青岛,30,平度市,3649,平度,3722,青岛平度市平度平度市红旗路与苏州路交汇处（原财政局）,,3187元/㎡,3187元/㎡,首付11万，月供2795元,84-142㎡,25000m²,65000m²,"[{""id"": 555617, ""rooms"": 2, ""room_alias"": ""二室"", ""area"": 84}, {""id"": 555635, ""rooms"": 3, ""room_alias"": ""三室"", ""area"": 98}, {""id"": 555637, ""rooms"": 3, ""room_alias"": ""三室"", ""area"": 98}, {""id"": 555622, ""rooms"": 3, ""room_alias"": ""三室"", ""area"": 116}, {""id"": 555621, ""rooms"": 3, ""room_alias"": ""三室"", ""area"": 118}, {""id"": 555624, ""rooms"": 3, ""room_alias"": ""三室"", ""area"": 118}, {""id"": 555627, ""rooms"": 3, ""room_alias"": ""三室"", ""area"": 118}, {""id"": 555630, ""rooms"": 4, ""room_alias"": ""四室"", ""area"": 142}, {""id"": 555632, ""rooms"": 4, ""room_alias"": ""四室"", ""area"": 142}]",2/3/4室,"2室户型,3室户型,4室户型",2005-05-18,2020年06月27日,2005年,2006年,"[""2020-06-01"", ""2020-06-23""]",多层,小高层,70年,1.8,30%,347,毛坯,在建中，竣工时间：2022-09-30,住宅,旭辉永升,2.7元/㎡/月,,347,485,售罄,售罄,售罄,"[""平房注字(2020)021"", ""青房注字（平注）第（2020）031号""]","[""1#、2#"", ""3#、4#、5#、6#""]",中海,,青岛君实置业有限公司,民电,民水,36.782898,119.96009,"{""service_num"": ""4006708287"", ""num"": """"}","{""559"": ""现房"", ""81"": ""大阳台"", ""52"": ""低容积"", ""76"": ""厨卫全明"", ""74"": ""南北通透"", ""7"": ""项目在建"", ""32"": ""绿色住宅"", ""78"": ""大户型"", ""404"": ""客餐厅相连"", ""402"": ""玄关入户"", ""401"": ""户型方正"", ""85"": ""主卧套房"", ""83"": ""双阳台"", ""638"": ""民办中学"", ""637"": ""公办中学"", ""636"": ""公办小学"", ""635"": ""民办小学"", ""598"": ""民办幼儿园"", ""597"": ""公办幼儿园"", ""263"": ""VR看房""}","[""现房"", ""大阳台"", ""低容积"", ""厨卫全明"", ""南北通透""]",https://pic4.ajkimg.com/display/xinfang/199bab68a55cc226a197730fdc6e25db/275x206n.jpg,[],平度市红旗路广播电视局旁金悦相府售楼处
4942335,绿雅苑三期,青岛,30,黄岛区,4516,长江路,5213,青岛黄岛区长江路开发区长江东路439号,,,,,,38854m²,230000m²,[],,,2005-08-23,,2005年,2006年,[],{多层},多层,,4.23,100%,1604,带装修,,住宅,金地智慧服务,,,1613,,售罄,售罄,售罄,[],[],旭辉,,,民电,民水,35.994561,120.260139,"""""","{""53"": ""高绿化率"", ""29"": ""装修交付"", ""9"": ""轨交房"", ""72"": ""配套纯熟"", ""70"": ""银行"", ""69"": ""学校"", ""68"": ""医院"", ""67"": ""生态绿地"", ""66"": ""公园"", ""65"": ""商业街"", ""64"": ""购物中心"", ""637"": ""公办中学"", ""636"": ""公办小学"", ""599"": ""省级示范园"", ""598"": ""民办幼儿园"", ""597"": ""公办幼儿园"", ""54"": ""大型社区""}","[""高绿化率"", ""装修交付"", ""轨交房"", ""配套纯熟"", ""银行""]",https://pic4.ajkimg.com/display/xinfang/3fa055bed99f15e4de4978656f7078a4/275x206n.jpg,"[{""id"": ""7314741"", ""loupan_id"": ""244779"", ""station_id"": ""120300"", ""subway_id"": ""1045"", ""city_id"": ""30"", ""distance"": ""6米"", ""status"": ""1"", ""last_update_time"": ""1774212706"", ""is_rail_loupan"": ""1"", ""subway_name"": ""1号线"", ""station_name"": ""安子"", ""distance_raw"": ""6""}, {""id"": ""7313467"", ""loupan_id"": ""244779"", ""station_id"": ""120439"", ""subway_id"": ""1045"", ""city_id"": ""30"", ""distance"": ""901米"", ""status"": ""1"", ""last_update_time"": ""1774212705"", ""is_rail_loupan"": ""1"", ""subway_name"": ""1号线"", ""station_name"": ""天目山"", ""distance_raw"": ""901""}, {""id"": ""7314685"", ""loupan_id"": ""244779"", ""station_id"": ""120348"", ""subway_id"": ""1045"", ""city_id"": ""30"", ""distance"": ""1169米"", ""status"": ""1"", ""last_update_time"": ""1774212706"", ""is_rail_loupan"": ""1"", ""subway_name"": ""1号线"", ""station_name"": ""新港山路"", ""distance_raw"": ""1169""}]",
7024978,世月亮花苑,青岛,30,即墨区,3645,鹤山路,5205,青岛即墨区鹤山路即墨区鹤山路366号,,,,,,住宅：219862m² 别墅：219862m²,住宅：311140m² 别墅：311140m²,[],,,2005-04-13,,2005年,2006年,"[""2018-08-03""]",洋房,住宅：多层 别墅：独栋别墅、联排别墅、双拼别墅,住宅：70年 别墅：70年,住宅：1.08 别墅：1.08,住宅：40% 别墅：40%,住宅：746 别墅：746,住宅：带装修 别墅：带装修,,住宅,旭辉永升,住宅：2.5元/㎡/月 别墅：2.5元/㎡/月,,住宅：926 别墅：926,住宅：1:1.24 别墅：1:1.24,售罄,售罄,售罄,"[""青房注字(2018)第44号""]","[""10#、11#""]",金地,,青岛永昌实业集团房地产开发有限公司,住宅：民电,住宅：民水,36.394727,120.560774,"""""","{""56"": ""车位充足"", ""53"": ""高绿化率"", ""29"": ""装修交付""}","[""车位充足"", ""高绿化率"", ""装修交付""]",https://pic4.ajkimg.com/display/xinfang/8f95d73d86c747ecccd76ed149f1ce16/275x206n.jpg,[],即墨区鹤山路688号
4803229,龙湖梅林庄,青岛,30,城阳区,3644,正阳路,3712,青岛城阳区正阳路城路356号,,9596元/㎡,9596元/㎡,,,21296m²,58170.5m²,[],,,2005-10-18,2021年08月28日,2005年,2006年,[],{},,40年,,35%,243,毛坯,,临街店铺,龙湖智慧服务,6元/㎡/月,,,,售罄,售罄,售罄,[],[],路劲,龙湖地产,青岛龙景润嘉置业有限公司,商电,商水,36.296816,120.434381,"""""","{""9"": ""轨交房"", ""55"": ""小型社区"", ""50"": ""品牌开发商""}","[""轨交房"", ""小型社区"", ""品牌开发商""]",https://pic4.ajkimg.com/display/xinfang/cbe4c89562c9e5c859a23eee10952ae0/275x206n.jpg,"[{""id"": ""7316161"", ""loupan_id"": ""501195"", ""station_id"": ""121215"", ""subway_id"": ""12070"", ""city_id"": ""30"", ""distance"": ""927米"", ""status"": ""1"", ""last_update_time"": ""1774212708"", ""is_rail_loupan"": ""1"", ""subway_name"": ""15号线"", ""station_name"": ""文阳路"", ""distance_raw"": ""927""}]",青岛市城阳区硕阳路677号龙湖舜山府营销中心（临时售楼处））
1430782,龙湾,青岛,30,即墨区,3645,即墨市,3714,青岛即墨区即墨市市鹤山路,,,,,,110000m²,300000m²,[],,,2005-08-13,,2005年,2006年,[],高层,,,,,,,,,合景悠活,,,,,售罄,售罄,售罄,[],[],中梁,,,商电,商水,36.414854,120.458902,"""""","{""70"": ""银行"", ""68"": ""医院""}","[""银行"", ""医院""]",https://pic4.ajkimg.com/display/xinfang/2c749e1fd0b4e48e84911d928dfd692b/275x206n.jpg,[],即墨市鹤山路与华山二路交汇处，转盘西南侧
7466413,雅白鸽都,青岛,30,李沧区,3642,金水路,5196,青岛李沧区金水路李沧金水路737号，伟东幸福之城东侧，绿城理想之城西侧,,,,,78-118㎡,100000m²,300000m²,"[{""id"": 38114, ""rooms"": 2, ""room_alias"": ""二室"", ""area"": 78}, {""id"": 48458, ""rooms"": 2, ""room_alias"": ""二室"", ""area"": 78}, {""id"": 48451, ""rooms"": 2, ""room_alias"": ""二室"", ""area"": 89}, {""id"": 48452, ""rooms"": 2, ""room_alias"": ""二室"", ""area"": 89}, {""id"": 38112, ""rooms"": 2, ""room_alias"": ""二室"", ""area"": 90}, {""id"": 48455, ""rooms"": 2, ""room_alias"": ""二室"", ""area"": 90}, {""id"": 38108, ""rooms"": 3, ""room_alias"": ""三室"", ""area"": 89}, {""id"": 38115, ""rooms"": 3, ""room_alias"": ""三室"", ""area"": 90}, {""id"": 38110, ""rooms"": 3, ""room_alias"": ""三室"", ""area"": 91}, {""id"": 48456, ""rooms"": 3, ""room_alias"": ""三室"", ""area"": 91}, {""id"": 48453, ""rooms"": 3, ""room_alias"": ""三室"", ""area"": 116}, {""id"": 38111, ""rooms"": 3, ""room_alias"": ""三室"", ""area"": 117}, {""id"": 48449, ""rooms"": 3, ""room_alias"": ""三室"", ""area"": 118}]",2/3室,"2室户型,3室户型",2005-04-09,,2005年,2006年,[],{高层},高层,70年,3,31%,1823,毛坯,,住宅,绿城服务,1.5元/㎡/月,,,,售罄,售罄,售罄,[],[],仁恒,,青岛金实房地产开发投资有限公司,民电,民水,36.191385,120.430229,"""""","{""9"": ""轨交房"", ""10"": ""多轨交"", ""72"": ""配套纯熟"", ""71"": ""便利店"", ""70"": ""银行"", ""69"": ""学校"", ""68"": ""医院"", ""66"": ""公园"", ""65"": ""商业街"", ""64"": ""购物中心"", ""78"": ""大户型"", ""638"": ""民办中学"", ""637"": ""公办中学"", ""636"": ""公办小学"", ""635"": ""民办小学"", ""599"": ""省级示范园"", ""598"": ""民办幼儿园"", ""597"": ""公办幼儿园"", ""54"": ""大型社区""}","[""轨交房"", ""多轨交"", ""配套纯熟"", ""便利店"", ""银行""]",https://pic4.ajkimg.com/display/xinfang/65e8e8da23c750cd442ba6d17c451af3/275x206n.jpg,"[{""id"": ""7314526"", ""loupan_id"": ""242006"", ""station_id"": ""121206"", ""subway_id"": ""12070"", ""city_id"": ""30"", ""distance"": ""161米"", ""status"": ""1"", ""last_update_time"": ""1774212706"", ""is_rail_loupan"": ""1"", ""subway_name"": ""15号线"", ""station_name"": ""下王埠"", ""distance_raw"": ""161""}, {""id"": ""7313744"", ""loupan_id"": ""242006"", ""station_id"": ""121228"", ""subway_id"": ""126"", ""city_id"": ""30"", ""distance"": ""445米"", ""status"": ""1"", ""last_update_time"": ""1774212705"", ""is_rail_loupan"": ""1"", ""subway_name"": ""2号线"", ""station_name"": ""下王埠"", ""distance_raw"": ""445""}, {""id"": ""7313746"", ""loupan_id"": ""242006"", ""station_id"": ""121229"", ""subway_id"": ""126"", ""city_id"": ""30"", ""distance"": ""1192米"", ""status"": ""1"", ""last_update_time"": ""1774212705"", ""is_rail_loupan"": ""1"", ""subway_name"": ""2号线"", ""station_name"": ""佛耳崖"", ""distance_raw"": ""1192""}]",李沧区金水路766号（黑龙江路与金水路交汇处东行200米）
914905,玉兰星辰峰,青岛,30,城阳区,3644,白云山,24457,青岛城阳区白云山靖城路与祥阳路交汇处西66米,,4626元/㎡,4626元/㎡,首付24万，月供5805元,100-140㎡,60375.84m²,109645.23m²,"[{""id"": 757940, ""rooms"": 3, ""room_alias"": ""三室"", ""area"": 100}, {""id"": 757941, ""rooms"": 3, ""room_alias"": ""三室"", ""area"": 100}, {""id"": 757942, ""rooms"": 3, ""room_alias"": ""三室"", ""area"": 120}, {""id"": 757944, ""rooms"": 3, ""room_alias"": ""三室"", ""area"": 120}, {""id"": 757947, ""rooms"": 4, ""room_alias"": ""四室"", ""area"": 140}]",3/4室,"3室户型,4室户型",2005-11-28,2023年06月27日,2005年,2006年,"[""2023-06-27"", ""2023-03-22"", ""2022-09-30"", ""2022-07-15""]",{花园洋房},花园洋房,70年,1.8,35%,660,毛坯,在建中，竣工时间：2024-06-30,住宅,中海物业,3元/㎡/月,,792,,售罄,售罄,售罄,"[""城行审三（2023）450号"", ""城行审三（2023）125号"", ""城行审三（2022）972号"", ""城行审三（2022）712号""]","[""10#、12#、13#"", ""8#、11#"", ""6#、7#"", ""2#、3#、5#、1#""]",建发,,青岛辰泰悦诚置业发展有限公司,民电,民水,36.322514,120.448891,"""""","{""559"": ""现房"", ""52"": ""低容积"", ""9"": ""轨交房"", ""76"": ""厨卫全明"", ""74"": ""南北通透"", ""7"": ""项目在建"", ""10"": ""多轨交"", ""5"": ""低单价"", ""4"": ""低总价"", ""78"": ""大户型"", ""402"": ""玄关入户"", ""401"": ""户型方正"", ""85"": ""主卧套房"", ""637"": ""公办中学"", ""636"": ""公办小学"", ""635"": ""民办小学"", ""599"": ""省级示范园"", ""598"": ""民办幼儿园"", ""597"": ""公办幼儿园"", ""541"": ""3D沙盘"", ""540"": ""日照模拟"", ""263"": ""VR看房"", ""50"": ""品牌开发商""}","[""现房"", ""低容积"", ""轨交房"", ""厨卫全明"", ""南北通透""]",https://pic4.ajkimg.com/display/xinfang/f6752ba368f398fbd7a68510fd7b03dc/275x206n.jpg,"[{""id"": ""7190043"", ""loupan_id"": ""512966"", ""station_id"": ""11027"", ""subway_id"": ""1045"", ""city_id"": ""30"", ""distance"": ""1335米"", ""status"": ""1"", ""last_update_time"": ""1774212705"", ""is_rail_loupan"": ""1"", ""subway_name"": ""1号线"", ""station_name"": ""东郭庄"", ""distance_raw"": ""1335""}, {""id"": ""7274367"", ""loupan_id"": ""512966"", ""station_id"": ""4435"", ""subway_id"": ""124"", ""city_id"": ""30"", ""distance"": ""1335米"", ""status"": ""1"", ""last_update_time"": ""1774212706"", ""is_rail_loupan"": ""1"", ""subway_name"": ""7号线"", ""station_name"": ""东郭庄"", ""distance_raw"": ""1335""}]",青岛市城阳区靖城路与祥阳路交汇处西66米
2183067,绿雅居三期,青岛,30,城阳区,3644,正阳路,3712,青岛城阳区正阳路瑞阳路567号（江家庄社区）,,,,,85-118㎡,33000m²,70000m²,"[{""id"": 156269, ""rooms"": 2, ""room_alias"": ""二室"", ""area"": 85}, {""id"": 156271, ""rooms"": 3, ""room_alias"": ""三室"", ""area"": 103}, {""id"": 176318, ""rooms"": 3, ""room_alias"": ""三室"", ""area"": 118}]",2/3室,"2室户型,3室户型",2005-01-17,,2005年,2006年,[],{小高层},小高层,70年,1.8,30%,550,毛坯,,住宅,融创服务,2元/㎡/月,,440,1:0.8,售罄,售罄,售罄,"[""青房注字(城15)第93"", ""青房注字(城16)第48"", ""青房注字(城16)第64"", ""青房注字(城16)第95""]",[],招商蛇口,,,民电,民水,36.332435,120.449617,"""""","{""52"": ""低容积"", ""9"": ""轨交房"", ""78"": ""大户型"", ""637"": ""公办中学"", ""636"": ""公办小学"", ""635"": ""民办小学"", ""598"": ""民办幼儿园"", ""597"": ""公办幼儿园""}","[""低容积"", ""轨交房"", ""大户型"", ""公办中学"", ""公办小学""]",https://pic4.ajkimg.com/display/xinfang/13864517adfa11b4d52dfadafb64fd75/275x206n.jpg,"[{""id"": ""7313941"", ""loupan_id"": ""401214"", ""station_id"": ""121200"", ""subway_id"": ""12069"", ""city_id"": ""30"", ""distance"": ""1059米"", ""status"": ""1"", ""last_update_time"": ""1774212705"", ""is_rail_loupan"": ""1"", ""subway_name"": ""9号线"", ""station_name"": ""荟城路"", ""distance_raw"": ""1059""}]",瑞阳路567号项目现场
8678344,世世纪美景,青岛,30,市南区,3639,香港路沿线,3653,青岛市南区香港路沿线香港中路与山东路交汇处（青岛市市政府西侧）,,,,,126㎡,135527m²,745400m²,[],,商业户型,2005-07-10,2018年05月27日,2005年,2006年,[],{},,40年,,30%,782,毛坯,,标准写字楼,融创服务,23元/㎡/月,,500,,售罄,售罄,售罄,[],[],路劲,华润置地,华润置地（山东）有限公司,商电,商水,36.070024,120.382154,"{""service_num"": ""4006708287"", ""num"": """"}","{""559"": ""现房"", ""81"": ""大阳台"", ""9"": ""轨交房"", ""74"": ""南北通透"", ""10"": ""多轨交"", ""72"": ""配套纯熟"", ""71"": ""便利店"", ""70"": ""银行"", ""65"": ""商业街"", ""64"": ""购物中心"", ""86"": ""全景飘窗"", ""50"": ""品牌开发商""}","[""现房"", ""大阳台"", ""轨交房"", ""南北通透"", ""多轨交""]",https://pic4.ajkimg.com/display/xinfang/3ed961b31b3feb6e39498630f191bbfd/275x206n.jpg,"[{""id"": ""7313673"", ""loupan_id"": ""413137"", ""station_id"": ""4372"", ""subway_id"": ""121"", ""city_id"": ""30"", ""distance"": ""271米"", ""status"": ""1"", ""last_update_time"": ""1774212705"", ""is_rail_loupan"": ""1"", ""subway_name"": ""3号线"", ""station_name"": ""五四广场"", ""distance_raw"": ""271""}, {""id"": ""7313691"", ""loupan_id"": ""413137"", ""station_id"": ""121288"", ""subway_id"": ""1044"", ""city_id"": ""30"", ""distance"": ""271米"", ""status"": ""1"", ""last_update_time"": ""1774212705"", ""is_rail_loupan"": ""1"", ""subway_name"": ""8号线"", ""station_name"": ""五四广场"", ""distance_raw"": ""271""}, {""id"": ""7315018"", ""loupan_id"": ""413137"", ""station_id"": ""4478"", ""subway_id"": ""126"", ""city_id"": ""30"", ""distance"": ""332米"", ""status"": ""1"", ""last_update_time"": ""1774212707"", ""is_rail_loupan"": ""1"", ""subway_name"": ""2号线"", ""station_name"": ""五四广场"", ""distance_raw"": ""332""}, {""id"": ""7313670"", ""loupan_id"": ""413137"", ""station_id"": ""4373"", ""subway_id"": ""121"", ""city_id"": ""30"", ""distance"": ""760米"", ""status"": ""1"", ""last_update_time"": ""1774212705"", ""is_rail_loupan"": ""1"", ""subway_name"": ""3号线"", ""station_name"": ""延安三路"", ""distance_raw"": ""760""}, {""id"": ""7315017"", ""loupan_id"": ""413137"", ""station_id"": ""4479"", ""subway_id"": ""126"", ""city_id"": ""30"", ""distance"": ""1289米"", ""status"": ""1"", ""last_update_time"": ""1774212707"", ""is_rail_loupan"": ""1"", ""subway_name"": ""2号线"", ""station_name"": ""浮山所"", ""distance_raw"": ""1289""}, {""id"": ""7315019"", ""loupan_id"": ""413137"", ""station_id"": ""4477"", ""subway_id"": ""126"", ""city_id"": ""30"", ""distance"": ""1336米"", ""status"": ""1"", ""last_update_time"": ""1774212707"", ""is_rail_loupan"": ""1"", ""subway_name"": ""2号线"", ""station_name"": ""芝泉路"", ""distance_raw"": ""1336""}]",万象城4号门一间万象华润售楼处
5307996,万科月亮名苑,青岛,30,李沧区,3642,李村,3690,青岛李沧区李村2014世园会会址南侧，滨海大道旁，海大崂山校区西北面,,,,,242-260㎡,住宅：33971m² 别墅：33971m²,住宅：39668m² 别墅：39668m²,[],别墅,别墅户型,2005-03-08,,2005年,2006年,[],{联排别墅},别墅：联排别墅,住宅：70年 别墅：70年,别墅：0.7,住宅：32% 别墅：32%,住宅：94 别墅：94,住宅：毛坯 别墅：毛坯,,住宅,保利物业,别墅：6.49元/㎡/月,,住宅：169 别墅：169,住宅：1:1.8 别墅：1:1.8,售罄,售罄,售罄,[],[],中梁,,青岛万科置业有限公司,住宅：民电,住宅：民水,36.189056,120.499133,"{""service_num"": ""4006708287"", ""num"": """"}","{""56"": ""车位充足"", ""9"": ""轨交房"", ""72"": ""配套纯熟"", ""70"": ""银行"", ""69"": ""学校"", ""68"": ""医院"", ""66"": ""公园"", ""65"": ""商业街"", ""64"": ""购物中心"", ""78"": ""大户型"", ""638"": ""民办中学"", ""637"": ""公办中学"", ""636"": ""公办小学"", ""598"": ""民办幼儿园"", ""597"": ""公办幼儿园"", ""55"": ""小型社区""}","[""车位充足"", ""轨交房"", ""配套纯熟"", ""银行"", ""学校""]",https://pic4.ajkimg.com/display/xinfang/4ec3318dd078ee67e2abace5d45e0cc8/275x206n.jpg,"[{""id"": ""7314516"", ""loupan_id"": ""241790"", ""station_id"": ""121234"", ""subway_id"": ""126"", ""city_id"": ""30"", ""distance"": ""732米"", ""status"": ""1"", ""last_update_time"": ""1774212706"", ""is_rail_loupan"": ""1"", ""subway_name"": ""2号线"", ""station_name"": ""龙川路"", ""distance_raw"": ""732""}, {""id"": ""7314530"", ""loupan_id"": ""241790"", ""station_id"": ""121233"", ""subway_id"": ""126"", ""city_id"": ""30"", ""distance"": ""1171米"", ""status"": ""1"", ""last_update_time"": ""1774212706"", ""is_rail_loupan"": ""1"", ""subway_name"": ""2号线"", ""station_name"": ""常川路"", ""distance_raw"": ""1171""}, {""id"": ""7314528"", ""loupan_id"": ""241790"", ""station_id"": ""121232"", ""subway_id"": ""126"", ""city_id"": ""30"", ""distance"": ""1500米"", ""status"": ""1"", ""last_update_time"": ""1774212706"", ""is_rail_loupan"": ""1"", ""subway_name"": ""2号线"", ""station_name"": ""东川路"", ""distance_raw"": ""1500""}]",金水路与毛杨路交界处万科生态城售楼处
2436230,中新村二期,青岛,30,城阳区,3644,正阳路,3712,青岛城阳区正阳路正阳路26号（城阳家佳源向东1500米）,,,,,60-122㎡,住宅：69553m² 别墅：69553m²,住宅：156000m² 别墅：156000m²,"[{""id"": 63201, ""rooms"": 1, ""room_alias"": ""一室"", ""area"": 60}, {""id"": 63200, ""rooms"": 2, ""room_alias"": ""二室"", ""area"": 80}, {""id"": 63202, ""rooms"": 2, ""room_alias"": ""二室"", ""area"": 80}, {""id"": 41484, ""rooms"": 3, ""room_alias"": ""三室"", ""area"": 90}, {""id"": 41486, ""rooms"": 3, ""room_alias"": ""三室"", ""area"": 90}, {""id"": 41487, ""rooms"": 3, ""room_alias"": ""三室"", ""area"": 90}, {""id"": 41488, ""rooms"": 3, ""room_alias"": ""三室"", ""area"": 90}, {""id"": 41490, ""rooms"": 3, ""room_alias"": ""三室"", ""area"": 122}]",1/2/3室,"1室户型,2室户型,3室户型",2005-11-08,,2005年,2006年,[],小高层,住宅：多层、高层,住宅：70年 别墅：70年,住宅：1.64,住宅：35% 别墅：35%,住宅：1235 别墅：1235,住宅：毛坯 别墅：毛坯,,住宅,万科物业,住宅：1.8元/㎡/月 别墅：2元/㎡/月,,住宅：898 别墅：898,,售罄,售罄,售罄,[],[],雅居乐,,祥泰实业有限公司,住宅：民电,住宅：民水,36.325973,120.432917,"""""","{""52"": ""低容积"", ""9"": ""轨交房"", ""63"": ""旅游地产"", ""72"": ""配套纯熟"", ""71"": ""便利店"", ""70"": ""银行"", ""69"": ""学校"", ""68"": ""医院"", ""66"": ""公园"", ""65"": ""商业街"", ""64"": ""购物中心"", ""79"": ""小户型"", ""78"": ""大户型"", ""637"": ""公办中学"", ""636"": ""公办小学"", ""635"": ""民办小学"", ""598"": ""民办幼儿园"", ""597"": ""公办幼儿园""}","[""低容积"", ""轨交房"", ""旅游地产"", ""配套纯熟"", ""便利店""]",https://pic4.ajkimg.com/display/xinfang/04d294112ce62725c2d728d11512a4a3/275x206n.jpg,"[{""id"": ""7316044"", ""loupan_id"": ""244791"", ""station_id"": ""121200"", ""subway_id"": ""12069"", ""city_id"": ""30"", ""distance"": ""384米"", ""status"": ""1"", ""last_update_time"": ""1774212708"", ""is_rail_loupan"": ""1"", ""subway_name"": ""9号线"", ""station_name"": ""荟城路"", ""distance_raw"": ""384""}]",城阳区正阳路26号（国学公园对面）
570949,和幸福舍,青岛,30,胶州市,3647,胶州,3718,青岛胶州市胶州少海北路1号,,,,,243-367㎡,128660m²,90674m²,"[{""id"": 50083, ""rooms"": 5, ""room_alias"": ""五室"", ""area"": 367}]",别墅,别墅户型,2005-04-11,,2005年,2006年,[],{独栋别墅},独栋别墅,70年,0.4,60%,210,毛坯,,别墅,融创服务,3.8元/㎡/月,,94,1:2,售罄,售罄,售罄,"[""青房注字(胶州)第2013029"", ""青房注字(胶州)第2011057号""]",[],正荣,,青岛信瑞房地产投资开发有限公司,民电,民水,36.255535,120.097011,"""""","{""56"": ""车位充足"", ""53"": ""高绿化率"", ""66"": ""公园"", ""78"": ""大户型"", ""598"": ""民办幼儿园"", ""597"": ""公办幼儿园"", ""55"": ""小型社区""}","[""车位充足"", ""高绿化率"", ""公园"", ""大户型"", ""民办幼儿园""]",https://pic4.ajkimg.com/display/xinfang/d7af84836952026a7e1f123c28832dd3/275x206n.jpg,[],胶州市少海新城少海北路1号
5412146,蔚蓝西岸坊,青岛,30,城阳区,3644,正阳路,3712,青岛城阳区正阳路荟城路506号,,6854元/㎡,6854元/㎡,,,307000m²,650000m²,[],,,2005-05-06,2021年04月19日,2005年,2006年,[],{},,40年,,30%,348,毛坯,,临街店铺,金地智慧服务,7.5元/㎡/月,,348,,售罄,售罄,售罄,[],[],中梁,,青岛蔚蓝天地置业有限公司,商电,商水,36.321861,120.451389,"""""","{""559"": ""现房"", ""9"": ""轨交房"", ""71"": ""便利店"", ""68"": ""医院"", ""226"": ""商业街区"", ""218"": ""综合商铺"", ""216"": ""社区底商""}","[""现房"", ""轨交房"", ""便利店"", ""医院"", ""商业街区""]",https://pic4.ajkimg.com/display/xinfang/a26a72bfa64b6675b97ca894962034c1/275x206n.jpg,"[{""id"": ""7315536"", ""loupan_id"": ""415234"", ""station_id"": ""121200"", ""subway_id"": ""12069"", ""city_id"": ""30"", ""distance"": ""943米"", ""status"": ""1"", ""last_update_time"": ""1774212707"", ""is_rail_loupan"": ""1"", ""subway_name"": ""9号线"", ""station_name"": ""荟城路"", ""distance_raw"": ""943""}]",青岛市城阳区荟城路506号
6620621,福榭一期,青岛,30,市北区,3640,瑞昌路,5194,青岛市北区瑞昌路瑞海北路11号,,,,,109-136㎡,27074m²,83263.63m²,"[{""id"": 398868, ""rooms"": 3, ""room_alias"": ""三室"", ""area"": 109}, {""id"": 504061, ""rooms"": 3, ""room_alias"": ""三室"", ""area"": 109}, {""id"": 398869, ""rooms"": 3, ""room_alias"": ""三室"", ""area"": 119}, {""id"": 398871, ""rooms"": 3, ""room_alias"": ""三室"", ""area"": 123}, {""id"": 398872, ""rooms"": 3, ""room_alias"": ""三室"", ""area"": 123}, {""id"": 504038, ""rooms"": 4, ""room_alias"": ""四室"", ""area"": 136}]",3/4室,"3室户型,4室户型",2005-05-20,2019年07月06日,2005年,2006年,"[""2018-12-18""]",洋房,小高层,70年,2.4,35%,738,毛坯,,住宅,中海物业,2元/㎡/月,,512,1:0.69,售罄,售罄,售罄,"[""青房注字（2018）第082号""]","[""16、17、18、19、20、21、22、23""]",美的置业,青岛城投,青岛城投房地产开发有限公司,民电,民水,36.154119,120.341559,"""""","{""559"": ""现房"", ""9"": ""轨交房"", ""69"": ""学校"", ""404"": ""客餐厅相连"", ""638"": ""民办中学"", ""637"": ""公办中学"", ""636"": ""公办小学"", ""624"": ""九年一贯制"", ""598"": ""民办幼儿园"", ""597"": ""公办幼儿园"", ""263"": ""VR看房"", ""50"": ""品牌开发商""}","[""现房"", ""轨交房"", ""学校"", ""客餐厅相连"", ""民办中学""]",https://pic4.ajkimg.com/display/xinfang/a67a001bf0265acf0ad2a01db20a71b2/275x206n.jpg,"[{""id"": ""7314152"", ""loupan_id"": ""444675"", ""station_id"": ""121179"", ""subway_id"": ""12068"", ""city_id"": ""30"", ""distance"": ""444米"", ""status"": ""1"", ""last_update_time"": ""1774212706"", ""is_rail_loupan"": ""1"", ""subway_name"": ""5号线"", ""station_name"": ""欢乐滨海城"", ""distance_raw"": ""444""}]",市北区瑞海北路7号
2692936,中绿洲小区,青岛,30,西海岸新区,3646,滨海大道,5211,青岛西海岸新区滨海大道墨香路797号,,4284元/㎡,4284元/㎡,首付18万，月供4372元,97-155㎡,21710m²,45000m²,"[{""id"": 359488, ""rooms"": 3, ""room_alias"": ""三室"", ""area"": 97.47}, {""id"": 359496, ""rooms"": 3, ""room_alias"": ""三室"", ""area"": 105.31}, {""id"": 359507, ""rooms"": 3, ""room_alias"": ""三室"", ""area"": 115.93}, {""id"": 359508, ""rooms"": 3, ""room_alias"": ""三室"", ""area"": 119.65}, {""id"": 359514, ""rooms"": 3, ""room_alias"": ""三室"", ""area"": 151.39}, {""id"": 359511, ""rooms"": 3, ""room_alias"": ""三室"", ""area"": 155.18}]",3室,3室户型,2005-09-20,2018年12月23日,2005年,2006年,"[""2018-12-24""]","{多层,小高层}",多层、小高层,70年,1.5,30%,270,毛坯,已竣工，竣工时间：2020-12-30,住宅,中海物业,1.2元/㎡/月,,270,1:1,售罄,售罄,售罄,"[""青房注字青黄2018第147号""]","[""1#、2#、3#、4#、5#、6#""]",建发,,青岛山海情度假有限公司,民电,民水,35.895743,120.052134,"""""","{""559"": ""现房"", ""557"": ""项目竣工"", ""52"": ""低容积"", ""76"": ""厨卫全明"", ""74"": ""南北通透"", ""78"": ""大户型"", ""404"": ""客餐厅相连"", ""402"": ""玄关入户"", ""401"": ""户型方正"", ""85"": ""主卧套房"", ""637"": ""公办中学"", ""636"": ""公办小学"", ""635"": ""民办小学"", ""598"": ""民办幼儿园"", ""597"": ""公办幼儿园"", ""263"": ""VR看房"", ""55"": ""小型社区""}","[""现房"", ""项目竣工"", ""低容积"", ""厨卫全明"", ""南北通透""]",https://pic4.ajkimg.com/display/xinfang/2a6d566156a94a252e2f75532f5520d2/275x206n.jpg,[],青岛市黄岛区墨香路797号
1629080,神州幸福邸,青岛,30,胶州市,3647,胶州,3718,青岛胶州市胶州北京路与海尔大道交汇处路西,,,,,91-131㎡,36407m²,107972m²,"[{""id"": 139371, ""rooms"": 2, ""room_alias"": ""二室"", ""area"": 91.24}, {""id"": 139375, ""rooms"": 2, ""room_alias"": ""二室"", ""area"": 95.2}, {""id"": 139374, ""rooms"": 2, ""room_alias"": ""二室"", ""area"": 103.46}, {""id"": 139376, ""rooms"": 3, ""room_alias"": ""三室"", ""area"": 131.23}]",2/3室,"2室户型,3室户型",2005-01-09,,2005年,2006年,[],"{小高层,高层}",小高层、高层,70年,,,775,,,住宅,绿城服务,,,701,1:0.8,售罄,售罄,售罄,"[""青房注字(胶州)第2015031""]",[],华润,,,民电,民水,36.265529,120.075266,"""""","{""72"": ""配套纯熟"", ""70"": ""银行"", ""69"": ""学校"", ""68"": ""医院"", ""66"": ""公园"", ""65"": ""商业街"", ""78"": ""大户型"", ""637"": ""公办中学"", ""636"": ""公办小学"", ""598"": ""民办幼儿园"", ""597"": ""公办幼儿园""}","[""配套纯熟"", ""银行"", ""学校"", ""医院"", ""公园""]",https://pic4.ajkimg.com/display/xinfang/9b62b9b08bd9cec77e6aea7408804f7a/275x206n.jpg,[],青岛胶州市北京路与海尔大道交汇处路西
7882541,碧苑二期,青岛,30,市北区,3640,湖岛,5193,青岛市北区湖岛南昌23号,,,,,,20244m²,67960m²,[],,,2005-06-09,2017年,2005年,2006年,[],{},,40年,,30%,404,,,临街店铺,招商积余,2.5元/㎡/月,,404,,售罄,售罄,售罄,[],[],金地,,,商电,商水,36.10914,120.401407,"""""","{""9"": ""轨交房""}","[""轨交房""]",https://pic4.ajkimg.com/display/xinfang/077f97977c0526e15ff0dbd901a17742/275x206n.jpg,"[{""id"": ""7316175"", ""loupan_id"": ""480014"", ""station_id"": ""121285"", ""subway_id"": ""1044"", ""city_id"": ""30"", ""distance"": ""805米"", ""status"": ""1"", ""last_update_time"": ""1774212708"", ""is_rail_loupan"": ""1"", ""subway_name"": ""8号线"", ""station_name"": ""嘉定山"", ""distance_raw"": ""805""}]",青岛市市北区南昌路23号
776656,盛白鸽庭,青岛,30,胶州市,3647,空港,17478,青岛胶州市空港胶北街道办事处弘博路以东、香江路以北,,2227元/㎡,2227元/㎡,首付8万，月供2043元,87㎡,16893.09m²,36798.23m²,"[{""id"": 675290, ""rooms"": 2, ""room_alias"": ""二室"", ""area"": 87}]",2室,2室户型,2005-09-01,2019年12月31日,2005年,2006年,"[""2020-01-07"", ""2020-09-11""]",{多层},多层,70年,1.5,33%,202,毛坯,,住宅,中海物业,1.2元/㎡/月,,258,1:1.2,售罄,售罄,售罄,"[""青房注字（胶州）第2019157号"", ""青房注字（胶州）第2020048号""]","[""1#、2#、3#、4#、5#、6#"", ""7#、8#""]",华润,,青岛润鸿磊房地产开发有限公司,民电,民水,36.388165,119.990874,"""""","{""56"": ""车位充足"", ""52"": ""低容积"", ""151"": ""预约登记"", ""76"": ""厨卫全明"", ""74"": ""南北通透"", ""404"": ""客餐厅相连"", ""402"": ""玄关入户"", ""636"": ""公办小学"", ""263"": ""VR看房"", ""97"": ""刚需直选"", ""55"": ""小型社区""}","[""车位充足"", ""低容积"", ""预约登记"", ""厨卫全明"", ""南北通透""]",https://pic4.ajkimg.com/display/xinfang/325ff0d165aa2dbefbe4afb4a9252ae4/275x206n.jpg,[],胶北街道办事处香江路以南
9162173,山水绿洲阁,青岛,30,城阳区,3644,黑龙江路,5202,青岛城阳区黑龙江路黑龙江中路22号,,203元/㎡,203元/㎡,首付89万，月供21287元,212-242㎡,240000m²,260000m²,"[{""id"": 426952, ""rooms"": 4, ""room_alias"": ""四室"", ""area"": 212}, {""id"": 490963, ""rooms"": 4, ""room_alias"": ""四室"", ""area"": 233}, {""id"": 426953, ""rooms"": 4, ""room_alias"": ""四室"", ""area"": 242}, {""id"": 490960, ""rooms"": 5, ""room_alias"": ""五室"", ""area"": 212}]",别墅,别墅户型,2005-10-17,2018年10月10日,2005年,2006年,"[""2021-12-30"", ""2018-12-20""]","{联排别墅,叠加别墅}",联排别墅、叠加别墅,70年,0.7,17%,2000,毛坯,已竣工，竣工时间：2019-12-31,别墅,万科物业,4元/㎡/月,,1700,1:0.85,售罄,售罄,售罄,"[""鲁（2021）青岛市城阳区不动产权第0008747"", ""青房注字（城18）第85号""]","[""31#"", ""49#、60#、61#""]",龙湖,,青岛华泰房地产开发有限公司,民电,民水,36.233926,120.430526,"{""service_num"": ""4006708287"", ""num"": """"}","{""559"": ""现房"", ""557"": ""项目竣工"", ""81"": ""大阳台"", ""9"": ""轨交房"", ""76"": ""厨卫全明"", ""74"": ""南北通透"", ""61"": ""山景地产"", ""78"": ""大户型"", ""637"": ""公办中学"", ""636"": ""公办小学"", ""635"": ""民办小学"", ""624"": ""九年一贯制"", ""598"": ""民办幼儿园"", ""597"": ""公办幼儿园"", ""54"": ""大型社区""}","[""现房"", ""项目竣工"", ""大阳台"", ""轨交房"", ""厨卫全明""]",https://pic4.ajkimg.com/display/xinfang/beb8f9c2ec647438903af02b56dfa336/275x206n.jpg,"[{""id"": ""7316142"", ""loupan_id"": ""450587"", ""station_id"": ""121208"", ""subway_id"": ""12070"", ""city_id"": ""30"", ""distance"": ""331米"", ""status"": ""1"", ""last_update_time"": ""1774212708"", ""is_rail_loupan"": ""1"", ""subway_name"": ""15号线"", ""station_name"": ""丹山南"", ""distance_raw"": ""331""}, {""id"": ""7316140"", ""loupan_id"": ""450587"", ""station_id"": ""121209"", ""subway_id"": ""12070"", ""city_id"": ""30"", ""distance"": ""879米"", ""status"": ""1"", ""last_update_time"": ""1774212708"", ""is_rail_loupan"": ""1"", ""subway_name"": ""15号线"", ""station_name"": ""丹山"", ""distance_raw"": ""879""}]",青岛市城阳区黑龙江中路22号
6134348,紫洲三期,青岛,30,崂山区,3643,高科园,3696,青岛崂山区高科园崂山辽阳东路8号,,,,,91-152㎡,12468m²,22443m²,"[{""id"": 38490, ""rooms"": 2, ""room_alias"": ""二室"", ""area"": 91.19}, {""id"": 38491, ""rooms"": 2, ""room_alias"": ""二室"", ""area"": 95.38}, {""id"": 38488, ""rooms"": 3, ""room_alias"": ""三室"", ""area"": 108.33}, {""id"": 38489, ""rooms"": 3, ""room_alias"": ""三室"", ""area"": 152.02}]",2/3室,"2室户型,3室户型",2005-04-07,,2005年,2006年,[],"{多层,小高层}",多层、小高层,70年,1.8,40%,210,毛坯,,住宅,旭辉永升,1.5元/㎡/月,,241,,售罄,售罄,售罄,[],[],远洋,,青岛麦迪绅集团有限公司,民电,民水,36.107189,120.434569,"""""","{""53"": ""高绿化率"", ""52"": ""低容积"", ""9"": ""轨交房"", ""10"": ""多轨交"", ""72"": ""配套纯熟"", ""70"": ""银行"", ""69"": ""学校"", ""68"": ""医院"", ""66"": ""公园"", ""65"": ""商业街"", ""64"": ""购物中心"", ""78"": ""大户型"", ""638"": ""民办中学"", ""637"": ""公办中学"", ""636"": ""公办小学"", ""635"": ""民办小学"", ""624"": ""九年一贯制"", ""599"": ""省级示范园"", ""598"": ""民办幼儿园"", ""597"": ""公办幼儿园"", ""55"": ""小型社区""}","[""高绿化率"", ""低容积"", ""轨交房"", ""多轨交"", ""配套纯熟""]",https://pic4.ajkimg.com/display/xinfang/2615ba776a95716a8a7da21cdfe86b35/275x206n.jpg,"[{""id"": ""7315901"", ""loupan_id"": ""241897"", ""station_id"": ""121188"", ""subway_id"": ""12068"", ""city_id"": ""30"", ""distance"": ""567米"", ""status"": ""1"", ""last_update_time"": ""1774212708"", ""is_rail_loupan"": ""1"", ""subway_name"": ""5号线"", ""station_name"": ""大埠东"", ""distance_raw"": ""567""}, {""id"": ""7314165"", ""loupan_id"": ""241897"", ""station_id"": ""120742"", ""subway_id"": ""12051"", ""city_id"": ""30"", ""distance"": ""592米"", ""status"": ""1"", ""last_update_time"": ""1774212706"", ""is_rail_loupan"": ""1"", ""subway_name"": ""4号线"", ""station_name"": ""大埠东"", ""distance_raw"": ""592""}, {""id"": ""7314189"", ""loupan_id"": ""241897"", ""station_id"": ""120734"", ""subway_id"": ""12051"", ""city_id"": ""30"", ""distance"": ""614米"", ""status"": ""1"", ""last_update_time"": ""1774212706"", ""is_rail_loupan"": ""1"", ""subway_name"": ""4号线"", ""station_name"": ""埠西"", ""distance_raw"": ""614""}, {""id"": ""7315900"", ""loupan_id"": ""241897"", ""station_id"": ""121187"", ""subway_id"": ""12068"", ""city_id"": ""30"", ""distance"": ""1323米"", ""status"": ""1"", ""last_update_time"": ""1774212708"", ""is_rail_loupan"": ""1"", ""subway_name"": ""5号线"", ""station_name"": ""合肥路"", ""distance_raw"": ""1323""}, {""id"": ""7315902"", ""loupan_id"": ""241897"", ""station_id"": ""121189"", ""subway_id"": ""12068"", ""city_id"": ""30"", ""distance"": ""1355米"", ""status"": ""1"", ""last_update_time"": ""1774212708"", ""is_rail_loupan"": ""1"", ""subway_name"": ""5号线"", ""station_name"": ""国信体育馆"", ""distance_raw"": ""1355""}, {""id"": ""7314171"", ""loupan_id"": ""241897"", ""station_id"": ""120747"", ""subway_id"": ""12051"", ""city_id"": ""30"", ""distance"": ""1440米"", ""status"": ""1"", ""last_update_time"": ""1774212706"", ""is_rail_loupan"": ""1"", ""subway_name"": ""4号线"", ""station_name"": ""劲松三路"", ""distance_raw"": ""1440""}]",崂山区辽阳东路8号大埠东(浮山小学东侧)
8494239,紫红树名城,青岛,30,市南区,3639,二轻新村,5182,青岛市南区二轻新村延吉路177号,,13366元/㎡,13366元/㎡,首付50万，月供11969元,68-143㎡,8143m²,36609m²,"[{""id"": 637228, ""rooms"": 1, ""room_alias"": ""一室"", ""area"": 68.36}, {""id"": 522766, ""rooms"": 2, ""room_alias"": ""二室"", ""area"": 85.68}, {""id"": 527166, ""rooms"": 3, ""room_alias"": ""三室"", ""area"": 103}, {""id"": 527165, ""rooms"": 3, ""room_alias"": ""三室"", ""area"": 107.79}, {""id"": 527167, ""rooms"": 3, ""room_alias"": ""三室"", ""area"": 121.42}, {""id"": 637227, ""rooms"": 3, ""room_alias"": ""三室"", ""area"": 133.95}, {""id"": 527164, ""rooms"": 3, ""room_alias"": ""三室"", ""area"": 139.1}, {""id"": 637226, ""rooms"": 3, ""room_alias"": ""三室"", ""area"": 143}]",1/2/3室,"1室户型,2室户型,3室户型",2005-08-12,2021年01月05日,2005年,2006年,"[""2020-12-15"", ""2019-10-23""]",{高层},高层,70年,3.12,25%,185,带装修,已竣工，竣工时间：2021-12-31,住宅,世茂服务,3元/㎡/月,,193,1:1.04,售罄,售罄,售罄,"[""青房注字(2020)第095号"", ""青房注字(2019)第053号""]","[""1"", ""2#、3#""]",龙湖,,青岛荣信置业有限公司,民电,民水,36.110077,120.394891,"""""","{""559"": ""现房"", ""557"": ""项目竣工"", ""81"": ""大阳台"", ""56"": ""车位充足"", ""29"": ""装修交付"", ""9"": ""轨交房"", ""76"": ""厨卫全明"", ""74"": ""南北通透"", ""73"": ""卧室全朝南"", ""10"": ""多轨交"", ""79"": ""小户型"", ""78"": ""大户型"", ""402"": ""玄关入户"", ""401"": ""户型方正"", ""397"": ""动静分离"", ""85"": ""主卧套房"", ""83"": ""双阳台"", ""638"": ""民办中学"", ""637"": ""公办中学"", ""636"": ""公办小学"", ""635"": ""民办小学"", ""624"": ""九年一贯制"", ""598"": ""民办幼儿园"", ""597"": ""公办幼儿园"", ""263"": ""VR看房"", ""55"": ""小型社区""}","[""现房"", ""项目竣工"", ""大阳台"", ""车位充足"", ""装修交付""]",https://pic4.ajkimg.com/display/xinfang/0706c11303c7fcfc3cf018d2cb59e700/275x206n.jpg,"[{""id"": ""7315756"", ""loupan_id"": ""462507"", ""station_id"": ""4369"", ""subway_id"": ""121"", ""city_id"": ""30"", ""distance"": ""369米"", ""status"": ""1"", ""last_update_time"": ""1774212708"", ""is_rail_loupan"": ""1"", ""subway_name"": ""3号线"", ""station_name"": ""敦化路"", ""distance_raw"": ""369""}, {""id"": ""7316071"", ""loupan_id"": ""462507"", ""station_id"": ""121168"", ""subway_id"": ""12068"", ""city_id"": ""30"", ""distance"": ""645米"", ""status"": ""1"", ""last_update_time"": ""1774212708"", ""is_rail_loupan"": ""1"", ""subway_name"": ""5号线"", ""station_name"": ""宁夏路"", ""distance_raw"": ""645""}, {""id"": ""7315744"", ""loupan_id"": ""462507"", ""station_id"": ""4370"", ""subway_id"": ""121"", ""city_id"": ""30"", ""distance"": ""753米"", ""status"": ""1"", ""last_update_time"": ""1774212708"", ""is_rail_loupan"": ""1"", ""subway_name"": ""3号线"", ""station_name"": ""宁夏路"", ""distance_raw"": ""753""}, {""id"": ""7315754"", ""loupan_id"": ""462507"", ""station_id"": ""4368"", ""subway_id"": ""121"", ""city_id"": ""30"", ""distance"": ""1155米"", ""status"": ""1"", ""last_update_time"": ""1774212708"", ""is_rail_loupan"": ""1"", ""subway_name"": ""3号线"", ""station_name"": ""错埠岭"", ""distance_raw"": ""1155""}, {""id"": ""7313953"", ""loupan_id"": ""462507"", ""station_id"": ""120732"", ""subway_id"": ""12051"", ""city_id"": ""30"", ""distance"": ""1390米"", ""status"": ""1"", ""last_update_time"": ""1774212705"", ""is_rail_loupan"": ""1"", ""subway_name"": ""4号线"", ""station_name"": ""错埠岭"", ""distance_raw"": ""1390""}]",市南区南京路与延吉路交汇处
1651812,通和碧水舍,青岛,30,市北区,3640,湖岛,5193,青岛市北区湖岛广昌路1号,,7540元/㎡,7540元/㎡,首付28万，月供6809元,107-150㎡,33931.4m²,147178.76m²,"[{""id"": 880618, ""rooms"": 3, ""room_alias"": ""三室"", ""area"": 107}, {""id"": 890987, ""rooms"": 3, ""room_alias"": ""三室"", ""area"": 117}, {""id"": 880619, ""rooms"": 3, ""room_alias"": ""三室"", ""area"": 127}, {""id"": 890988, ""rooms"": 3, ""room_alias"": ""三室"", ""area"": 128}, {""id"": 890989, ""rooms"": 3, ""room_alias"": ""三室"", ""area"": 150}]",3室,3室户型,2005-11-10,2024年12月28日,2005年,2006年,"[""2026-03-16"", ""2025-10-14"", ""2025-06-28"", ""2025-05-09"", ""2024-12-12""]",超高层,高层,70年,3.13,37%,810,带装修,在建中，竣工时间：2026-12-31,住宅,合景悠活,2.77元/㎡/月,,1212,,售罄,售罄,售罄,"[""青房预字2026第013号"", ""青房预字2025第057号"", ""青房预字（2025）第032号"", ""青房预字（2025）第015号"", ""青房预字（2024）第079号""]","[""8#"", ""3#"", ""9#"", ""5#"", ""2#、1#""]",大华,通和地产,,民电,民水,36.121699,120.359969,"{""service_num"": ""4006708287"", ""num"": ""13908""}","{""53"": ""高绿化率"", ""9"": ""轨交房"", ""76"": ""厨卫全明"", ""74"": ""南北通透"", ""7"": ""项目在建"", ""72"": ""配套纯熟"", ""70"": ""银行"", ""69"": ""学校"", ""68"": ""医院"", ""66"": ""公园"", ""65"": ""商业街"", ""64"": ""购物中心"", ""78"": ""大户型"", ""402"": ""玄关入户"", ""401"": ""户型方正"", ""397"": ""动静分离"", ""85"": ""主卧套房"", ""88"": ""活动优惠"", ""92"": ""热搜盘"", ""90"": ""人气楼盘"", ""744"": ""好房子"", ""638"": ""民办中学"", ""637"": ""公办中学"", ""636"": ""公办小学"", ""624"": ""九年一贯制"", ""600"": ""市级示范园"", ""598"": ""民办幼儿园"", ""597"": ""公办幼儿园"", ""541"": ""3D沙盘"", ""540"": ""日照模拟"", ""263"": ""VR看房"", ""50"": ""品牌开发商""}","[""高绿化率"", ""轨交房"", ""厨卫全明"", ""南北通透"", ""项目在建""]",https://pic6.ajkimg.com/mat/cb477874fa632341ada26af59ea3987b?imageMogr2/thumbnail/275x206,"[{""id"": ""7298138"", ""loupan_id"": ""528065"", ""station_id"": ""121177"", ""subway_id"": ""12068"", ""city_id"": ""30"", ""distance"": ""815米"", ""status"": ""1"", ""last_update_time"": ""1774212708"", ""is_rail_loupan"": ""1"", ""subway_name"": ""5号线"", ""station_name"": ""湖岛"", ""distance_raw"": ""815""}]",青岛市市北区广昌路1号（地铁5号线湖岛站）
5800551,世新村B区,青岛,30,李沧区,3642,李村,3690,青岛李沧区李村京口路111号,,,,,82-85㎡,49167m²,110625m²,"[{""id"": 87536, ""rooms"": 2, ""room_alias"": ""二室"", ""area"": 82}, {""id"": 87534, ""rooms"": 2, ""room_alias"": ""二室"", ""area"": 85}]",2室,2室户型,2005-08-19,,2005年,2006年,[],{高层},高层,70年,2.25,35%,1000,毛坯,,住宅,中海物业,1.75元/㎡/月,,,1:0.8,售罄,售罄,售罄,[],[],路劲,,青岛康太源房地产开发有限公司,民电,民水,36.168783,120.401773,"""""","{""9"": ""轨交房"", ""10"": ""多轨交"", ""72"": ""配套纯熟"", ""71"": ""便利店"", ""70"": ""银行"", ""69"": ""学校"", ""68"": ""医院"", ""67"": ""生态绿地"", ""66"": ""公园"", ""65"": ""商业街"", ""64"": ""购物中心"", ""638"": ""民办中学"", ""637"": ""公办中学"", ""636"": ""公办小学"", ""635"": ""民办小学"", ""624"": ""九年一贯制"", ""599"": ""省级示范园"", ""598"": ""民办幼儿园"", ""597"": ""公办幼儿园""}","[""轨交房"", ""多轨交"", ""配套纯熟"", ""便利店"", ""银行""]",https://pic4.ajkimg.com/display/xinfang/5229f2fc241929b82c4df7bf78026931/275x206n.jpg,"[{""id"": ""7315072"", ""loupan_id"": ""247635"", ""station_id"": ""4360"", ""subway_id"": ""121"", ""city_id"": ""30"", ""distance"": ""84米"", ""status"": ""1"", ""last_update_time"": ""1774212707"", ""is_rail_loupan"": ""1"", ""subway_name"": ""3号线"", ""station_name"": ""君峰路"", ""distance_raw"": ""84""}, {""id"": ""7315061"", ""loupan_id"": ""247635"", ""station_id"": ""4359"", ""subway_id"": ""121"", ""city_id"": ""30"", ""distance"": ""999米"", ""status"": ""1"", ""last_update_time"": ""1774212707"", ""is_rail_loupan"": ""1"", ""subway_name"": ""3号线"", ""station_name"": ""振华路"", ""distance_raw"": ""999""}, {""id"": ""7314908"", ""loupan_id"": ""247635"", ""station_id"": ""121279"", ""subway_id"": ""124"", ""city_id"": ""30"", ""distance"": ""1088米"", ""status"": ""1"", ""last_update_time"": ""1774212707"", ""is_rail_loupan"": ""1"", ""subway_name"": ""7号线"", ""station_name"": ""振华路"", ""distance_raw"": ""1088""}, {""id"": ""7315073"", ""loupan_id"": ""247635"", ""station_id"": ""4361"", ""subway_id"": ""121"", ""city_id"": ""30"", ""distance"": ""1168米"", ""status"": ""1"", ""last_update_time"": ""1774212707"", ""is_rail_loupan"": ""1"", ""subway_name"": ""3号线"", ""station_name"": ""李村"", ""distance_raw"": ""1168""}, {""id"": ""7314616"", ""loupan_id"": ""247635"", ""station_id"": ""4493"", ""subway_id"": ""126"", ""city_id"": ""30"", ""distance"": ""1360米"", ""status"": ""1"", ""last_update_time"": ""1774212706"", ""is_rail_loupan"": ""1"", ""subway_name"": ""2号线"", ""station_name"": ""李村"", ""distance_raw"": ""1360""}, {""id"": ""7314609"", ""loupan_id"": ""247635"", ""station_id"": ""4494"", ""subway_id"": ""126"", ""city_id"": ""30"", ""distance"": ""1453米"", ""status"": ""1"", ""last_update_time"": ""1774212706"", ""is_rail_loupan"": ""1"", ""subway_name"": ""2号线"", ""station_name"": ""李村公园"", ""distance_raw"": ""1453""}]",李沧区桃园路北端
6454589,龙梅林榭,青岛,30,市南区,3639,二轻新村,5182,青岛市南区二轻新村延吉路117号,,17136元/㎡,17136元/㎡,首付107万，月供25623元,130-187㎡,10043.79m²,12729.1m²,"[{""id"": 755531, ""rooms"": 3, ""room_alias"": ""三室"", ""area"": 130}, {""id"": 755532, ""rooms"": 3, ""room_alias"": ""三室"", ""area"": 145}, {""id"": 755534, ""rooms"": 4, ""room_alias"": ""四室"", ""area"": 166}, {""id"": 755533, ""rooms"": 4, ""room_alias"": ""四室"", ""area"": 170}, {""id"": 755535, ""rooms"": 4, ""room_alias"": ""四室"", ""area"": 187}]",3/4室,"3室户型,4室户型",2005-09-27,2022年11月19日,2005年,2006年,"[""2023-11-22"", ""2022-11-18""]",洋房,多层、花园洋房,70年,1.26,35%,84,带装修,已竣工，竣工时间：2024-09-28,住宅,华润万象生活,,,172,1:2,售罄,售罄,售罄,"[""青房预字（2023）第107号"", ""青房预字（2022）第081号""]","[""4#"", ""1#、2#、3#""]",中梁,青岛锦绣美地,青岛锦绣前程房地产开发有限公司,民电,民水,36.077288,120.387797,"""""","{""559"": ""现房"", ""557"": ""项目竣工"", ""56"": ""车位充足"", ""52"": ""低容积"", ""29"": ""装修交付"", ""9"": ""轨交房"", ""76"": ""厨卫全明"", ""74"": ""南北通透"", ""73"": ""卧室全朝南"", ""10"": ""多轨交"", ""72"": ""配套纯熟"", ""71"": ""便利店"", ""70"": ""银行"", ""69"": ""学校"", ""68"": ""医院"", ""65"": ""商业街"", ""64"": ""购物中心"", ""78"": ""大户型"", ""402"": ""玄关入户"", ""401"": ""户型方正"", ""397"": ""动静分离"", ""85"": ""主卧套房"", ""83"": ""双阳台"", ""92"": ""热搜盘"", ""90"": ""人气楼盘"", ""638"": ""民办中学"", ""637"": ""公办中学"", ""636"": ""公办小学"", ""635"": ""民办小学"", ""624"": ""九年一贯制"", ""598"": ""民办幼儿园"", ""597"": ""公办幼儿园"", ""541"": ""3D沙盘"", ""263"": ""VR看房"", ""55"": ""小型社区"", ""50"": ""品牌开发商""}","[""现房"", ""项目竣工"", ""车位充足"", ""低容积"", ""装修交付""]",https://pic4.ajkimg.com/display/xinfang/931de3044e37de13c57ec162014f2d67/275x206n.jpg,"[{""id"": ""7275397"", ""loupan_id"": ""512660"", ""station_id"": ""121169"", ""subway_id"": ""12068"", ""city_id"": ""30"", ""distance"": ""805米"", ""status"": ""1"", ""last_update_time"": ""1774212709"", ""is_rail_loupan"": ""1"", ""subway_name"": ""5号线"", ""station_name"": ""澳柯玛桥"", ""distance_raw"": ""805""}, {""id"": ""7275178"", ""loupan_id"": ""512660"", ""station_id"": ""121287"", ""subway_id"": ""1044"", ""city_id"": ""30"", ""distance"": ""805米"", ""status"": ""1"", ""last_update_time"": ""1774212708"", ""is_rail_loupan"": ""1"", ""subway_name"": ""8号线"", ""station_name"": ""澳柯玛桥"", ""distance_raw"": ""805""}, {""id"": ""7189840"", ""loupan_id"": ""512660"", ""station_id"": ""4369"", ""subway_id"": ""121"", ""city_id"": ""30"", ""distance"": ""888米"", ""status"": ""1"", ""last_update_time"": ""1774212706"", ""is_rail_loupan"": ""1"", ""subway_name"": ""3号线"", ""station_name"": ""敦化路"", ""distance_raw"": ""888""}, {""id"": ""7275396"", ""loupan_id"": ""512660"", ""station_id"": ""121168"", ""subway_id"": ""12068"", ""city_id"": ""30"", ""distance"": ""992米"", ""status"": ""1"", ""last_update_time"": ""1774212709"", ""is_rail_loupan"": ""1"", ""subway_name"": ""5号线"", ""station_name"": ""宁夏路"", ""distance_raw"": ""992""}, {""id"": ""7189841"", ""loupan_id"": ""512660"", ""station_id"": ""4370"", ""subway_id"": ""121"", ""city_id"": ""30"", ""distance"": ""1100米"", ""status"": ""1"", ""last_update_time"": ""1774212706"", ""is_rail_loupan"": ""1"", ""subway_name"": ""3号线"", ""station_name"": ""宁夏路"", ""distance_raw"": ""1100""}, {""id"": ""7275386"", ""loupan_id"": ""512660"", ""station_id"": ""121170"", ""subway_id"": ""12068"", ""city_id"": ""30"", ""distance"": ""1352米"", ""status"": ""1"", ""last_update_time"": ""1774212709"", ""is_rail_loupan"": ""1"", ""subway_name"": ""5号线"", ""station_name"": ""镇江路"", ""distance_raw"": ""1352""}, {""id"": ""7249935"", ""loupan_id"": ""512660"", ""station_id"": ""120732"", ""subway_id"": ""12051"", ""city_id"": ""30"", ""distance"": ""1479米"", ""status"": ""1"", ""last_update_time"": ""1774212708"", ""is_rail_loupan"": ""1"", ""subway_name"": ""4号线"", ""station_name"": ""错埠岭"", ""distance_raw"": ""1479""}]",市南区延吉路117号117-1号网点
3838161,锦绣月亮苑,青岛,30,市南区,3639,二轻新村,5182,青岛市南区二轻新村延吉路117号,,17136元/㎡,17136元/㎡,首付107万，月供25623元,130-187㎡,10043.79m²,12729.1m²,"[{""id"": 755531, ""rooms"": 3, ""room_alias"": ""三室"", ""area"": 130}, {""id"": 755532, ""rooms"": 3, ""room_alias"": ""三室"", ""area"": 145}, {""id"": 755534, ""rooms"": 4, ""room_alias"": ""四室"", ""area"": 166}, {""id"": 755533, ""rooms"": 4, ""room_alias"": ""四室"", ""area"": 170}, {""id"": 755535, ""rooms"": 4, ""room_alias"": ""四室"", ""area"": 187}]",3/4室,"3室户型,4室户型",2005-07-17,2022年11月19日,2005年,2006年,"[""2023-11-22"", ""2022-11-18""]","{多层,花园洋房}",多层、花园洋房,70年,1.26,35%,84,带装修,已竣工，竣工时间：2024-09-28,住宅,雅生活服务,,,172,1:2,售罄,售罄,售罄,"[""青房预字（2023）第107号"", ""青房预字（2022）第081号""]","[""4#"", ""1#、2#、3#""]",雅居乐,青岛锦绣美地,青岛锦绣前程房地产开发有限公司,民电,民水,36.089699,120.398387,"""""","{""559"": ""现房"", ""557"": ""项目竣工"", ""56"": ""车位充足"", ""52"": ""低容积"", ""29"": ""装修交付"", ""9"": ""轨交房"", ""76"": ""厨卫全明"", ""74"": ""南北通透"", ""73"": ""卧室全朝南"", ""10"": ""多轨交"", ""72"": ""配套纯熟"", ""71"": ""便利店"", ""70"": ""银行"", ""69"": ""学校"", ""68"": ""医院"", ""65"": ""商业街"", ""64"": ""购物中心"", ""78"": ""大户型"", ""402"": ""玄关入户"", ""401"": ""户型方正"", ""397"": ""动静分离"", ""85"": ""主卧套房"", ""83"": ""双阳台"", ""92"": ""热搜盘"", ""90"": ""人气楼盘"", ""638"": ""民办中学"", ""637"": ""公办中学"", ""636"": ""公办小学"", ""635"": ""民办小学"", ""624"": ""九年一贯制"", ""598"": ""民办幼儿园"", ""597"": ""公办幼儿园"", ""541"": ""3D沙盘"", ""263"": ""VR看房"", ""55"": ""小型社区"", ""50"": ""品牌开发商""}","[""现房"", ""项目竣工"", ""车位充足"", ""低容积"", ""装修交付""]",https://pic4.ajkimg.com/display/xinfang/931de3044e37de13c57ec162014f2d67/275x206n.jpg,"[{""id"": ""7275397"", ""loupan_id"": ""512660"", ""station_id"": ""121169"", ""subway_id"": ""12068"", ""city_id"": ""30"", ""distance"": ""805米"", ""status"": ""1"", ""last_update_time"": ""1774212709"", ""is_rail_loupan"": ""1"", ""subway_name"": ""5号线"", ""station_name"": ""澳柯玛桥"", ""distance_raw"": ""805""}, {""id"": ""7275178"", ""loupan_id"": ""512660"", ""station_id"": ""121287"", ""subway_id"": ""1044"", ""city_id"": ""30"", ""distance"": ""805米"", ""status"": ""1"", ""last_update_time"": ""1774212708"", ""is_rail_loupan"": ""1"", ""subway_name"": ""8号线"", ""station_name"": ""澳柯玛桥"", ""distance_raw"": ""805""}, {""id"": ""7189840"", ""loupan_id"": ""512660"", ""station_id"": ""4369"", ""subway_id"": ""121"", ""city_id"": ""30"", ""distance"": ""888米"", ""status"": ""1"", ""last_update_time"": ""1774212706"", ""is_rail_loupan"": ""1"", ""subway_name"": ""3号线"", ""station_name"": ""敦化路"", ""distance_raw"": ""888""}, {""id"": ""7275396"", ""loupan_id"": ""512660"", ""station_id"": ""121168"", ""subway_id"": ""12068"", ""city_id"": ""30"", ""distance"": ""992米"", ""status"": ""1"", ""last_update_time"": ""1774212709"", ""is_rail_loupan"": ""1"", ""subway_name"": ""5号线"", ""station_name"": ""宁夏路"", ""distance_raw"": ""992""}, {""id"": ""7189841"", ""loupan_id"": ""512660"", ""station_id"": ""4370"", ""subway_id"": ""121"", ""city_id"": ""30"", ""distance"": ""1100米"", ""status"": ""1"", ""last_update_time"": ""1774212706"", ""is_rail_loupan"": ""1"", ""subway_name"": ""3号线"", ""station_name"": ""宁夏路"", ""distance_raw"": ""1100""}, {""id"": ""7275386"", ""loupan_id"": ""512660"", ""station_id"": ""121170"", ""subway_id"": ""12068"", ""city_id"": ""30"", ""distance"": ""1352米"", ""status"": ""1"", ""last_update_time"": ""1774212709"", ""is_rail_loupan"": ""1"", ""subway_name"": ""5号线"", ""station_name"": ""镇江路"", ""distance_raw"": ""1352""}, {""id"": ""7249935"", ""loupan_id"": ""512660"", ""station_id"": ""120732"", ""subway_id"": ""12051"", ""city_id"": ""30"", ""distance"": ""1479米"", ""status"": ""1"", ""last_update_time"": ""1774212708"", ""is_rail_loupan"": ""1"", ""subway_name"": ""4号线"", ""station_name"": ""错埠岭"", ""distance_raw"": ""1479""}]",市南区延吉路117号117-1号网点
3169889,万庄,青岛,30,即墨区,3645,温泉镇,5207,青岛即墨区温泉镇温泉镇驻地北、新兴街东侧,,,,,280㎡,183352m²,173332m²,"[{""id"": 305094, ""rooms"": 4, ""room_alias"": ""四室"", ""area"": 280}]",别墅,别墅户型,2005-12-22,,2005年,2006年,[],"{独栋别墅,联排别墅}",独栋别墅、联排别墅,70年,0.69,45%,38,毛坯,,别墅,雅生活服务,6元/㎡/月,,76,1:2,售罄,售罄,售罄,"[""即房(2012)注字012""]",[],旭辉,,,民电,民水,36.477194,120.669915,"{""service_num"": ""4006708287"", ""num"": """"}","{""56"": ""车位充足"", ""53"": ""高绿化率"", ""70"": ""银行"", ""68"": ""医院"", ""64"": ""购物中心"", ""78"": ""大户型"", ""637"": ""公办中学"", ""636"": ""公办小学"", ""598"": ""民办幼儿园"", ""597"": ""公办幼儿园"", ""55"": ""小型社区""}","[""车位充足"", ""高绿化率"", ""银行"", ""医院"", ""购物中心""]",https://pic4.ajkimg.com/display/xinfang/999a87c34d58748f5691b3b3d3e0d195/275x206n.jpg,[],温泉镇驻地北、新兴街东侧
214892,凤明珠汇,青岛,30,平度市,3649,平度,3722,青岛平度市平度苏州南路9号,,,,,92-157㎡,83450m²,420000m²,"[{""id"": 470499, ""rooms"": 2, ""room_alias"": ""二室"", ""area"": 92}, {""id"": 470503, ""rooms"": 3, ""room_alias"": ""三室"", ""area"": 113}, {""id"": 470505, ""rooms"": 3, ""room_alias"": ""三室"", ""area"": 116}, {""id"": 470495, ""rooms"": 3, ""room_alias"": ""三室"", ""area"": 122}, {""id"": 470500, ""rooms"": 3, ""room_alias"": ""三室"", ""area"": 122}, {""id"": 470496, ""rooms"": 3, ""room_alias"": ""三室"", ""area"": 126}, {""id"": 470493, ""rooms"": 4, ""room_alias"": ""四室"", ""area"": 136}, {""id"": 470492, ""rooms"": 4, ""room_alias"": ""四室"", ""area"": 157}]",2/3/4室,"2室户型,3室户型,4室户型",2005-09-25,,2005年,2006年,"[""2019-05-16"", ""2019-05-16""]","{小高层,高层}",小高层、高层,70年,2.02,30%,1600,毛坯,,住宅,华润万象生活,1.1元/㎡/月,,1443,1:0.9,售罄,售罄,售罄,"[""平房注字（2019）037"", ""青房注字（平注）第2019（12）号"", ""青房注字（平注）第2019（11）号"", ""平房注字(2019)008"", ""平房注字(2019)005"", ""平房注字(2018)670"", ""平房注字(2015)493"", ""平房注字(2018)651""]",[],绿城,,青岛永新华文化发展有限公司,民电,民水,0,0,"""""","{""263"": ""VR看房"", ""54"": ""大型社区""}","[""VR看房"", ""大型社区""]",https://pic4.ajkimg.com/display/xinfang/6e2e9bba0c7277350bd3c8f7e687e7ac/275x206n.jpg,[],杭州路，近重庆路
173817,鲁昊金色怡园,青岛,30,城阳区,3644,其他,10171,青岛城阳区其他长城路与崇阳路交汇处（宝龙城市广场东侧）,,,,,87-130㎡,56466.95m²,124196.56m²,"[{""id"": 173416, ""rooms"": 2, ""room_alias"": ""二室"", ""area"": 87}, {""id"": 173415, ""rooms"": 3, ""room_alias"": ""三室"", ""area"": 90}, {""id"": 174498, ""rooms"": 3, ""room_alias"": ""三室"", ""area"": 130}]",2/3室,"2室户型,3室户型",2005-12-19,,2005年,2006年,[],超高层,小高层,70年,1.8,35%,892,毛坯,,住宅,合景悠活,,,413,1:1,售罄,售罄,售罄,"[""青房注字(城15)第52""]",[],中梁,,,民电,民水,36.298859,120.409138,"""""","{""52"": ""低容积"", ""9"": ""轨交房"", ""72"": ""配套纯熟"", ""71"": ""便利店"", ""70"": ""银行"", ""69"": ""学校"", ""68"": ""医院"", ""64"": ""购物中心"", ""78"": ""大户型"", ""638"": ""民办中学"", ""637"": ""公办中学"", ""636"": ""公办小学"", ""635"": ""民办小学"", ""598"": ""民办幼儿园"", ""597"": ""公办幼儿园""}","[""低容积"", ""轨交房"", ""配套纯熟"", ""便利店"", ""银行""]",https://pic4.ajkimg.com/display/xinfang/81d31284b8e5a6929a3963d934deb171/275x206n.jpg,"[{""id"": ""7315040"", ""loupan_id"": ""409225"", ""station_id"": ""121215"", ""subway_id"": ""12070"", ""city_id"": ""30"", ""distance"": ""1293米"", ""status"": ""1"", ""last_update_time"": ""1774212707"", ""is_rail_loupan"": ""1"", ""subway_name"": ""15号线"", ""station_name"": ""文阳路"", ""distance_raw"": ""1293""}]",青岛城阳区长城路宝龙大润发对面
7234038,中公寓B区,青岛,30,莱西市,3648,莱西,3720,青岛莱西市莱西北京东路39号,,,,,191㎡,27044m²,46082.09m²,"[{""id"": 604816, ""rooms"": 4, ""room_alias"": ""四室"", ""area"": 191}]",4室,商业户型,2005-08-06,2020年05月01日,2005年,2006年,[],高层,,40年,,30%,48,毛坯,,商业,雅生活服务,,,,,售罄,售罄,售罄,"[""房住字第2020005号""]",[],大华,,,商电,商水,36.911308,120.575824,"""""","{""559"": ""现房"", ""55"": ""小型社区""}","[""现房"", ""小型社区""]",https://pic4.ajkimg.com/display/xinfang/4cffa133dc7905b98d76745c9ab92677/275x206n.jpg,[],北京东路39号
4792807,凤玉兰新城,青岛,30,市北区,3640,水清沟,5189,青岛市北区水清沟萍乡路52号,,,,,38-236㎡,11890.52m²,53379.05m²,"[{""id"": 261832, ""rooms"": 1, ""room_alias"": ""一室"", ""area"": 38}, {""id"": 247822, ""rooms"": 1, ""room_alias"": ""一室"", ""area"": 43}, {""id"": 261835, ""rooms"": 1, ""room_alias"": ""一室"", ""area"": 51.05}, {""id"": 261834, ""rooms"": 1, ""room_alias"": ""一室"", ""area"": 72.32}, {""id"": 261944, ""rooms"": 1, ""room_alias"": ""一室"", ""area"": 235.62}]",,,2005-08-10,,2005年,2006年,[],{},,40年,,25%,40,毛坯,,临街店铺,融创服务,4.5元/㎡/月,,393,1:1,售罄,售罄,售罄,[],[],融创,,上海时基置业有限公司 江苏南通三建集团有限公司,商电,商水,36.134176,120.368189,"""""","{""80"": ""得房率高"", ""9"": ""轨交房"", ""10"": ""多轨交"", ""46"": ""沿街商铺"", ""72"": ""配套纯熟"", ""71"": ""便利店"", ""70"": ""银行"", ""68"": ""医院"", ""216"": ""社区底商"", ""213"": ""地铁沿线"", ""55"": ""小型社区""}","[""得房率高"", ""轨交房"", ""多轨交"", ""沿街商铺"", ""配套纯熟""]",https://pic4.ajkimg.com/display/xinfang/af9b48ca3d5fb4aee0650adf5640d1e0/275x206n.jpg,"[{""id"": ""7315246"", ""loupan_id"": ""415805"", ""station_id"": ""121285"", ""subway_id"": ""1044"", ""city_id"": ""30"", ""distance"": ""517米"", ""status"": ""1"", ""last_update_time"": ""1774212707"", ""is_rail_loupan"": ""1"", ""subway_name"": ""8号线"", ""station_name"": ""嘉定山"", ""distance_raw"": ""517""}, {""id"": ""7315247"", ""loupan_id"": ""415805"", ""station_id"": ""121284"", ""subway_id"": ""1044"", ""city_id"": ""30"", ""distance"": ""1214米"", ""status"": ""1"", ""last_update_time"": ""1774212707"", ""is_rail_loupan"": ""1"", ""subway_name"": ""8号线"", ""station_name"": ""南昌路北"", ""distance_raw"": ""1214""}, {""id"": ""7313534"", ""loupan_id"": ""415805"", ""station_id"": ""120398"", ""subway_id"": ""1045"", ""city_id"": ""30"", ""distance"": ""1242米"", ""status"": ""1"", ""last_update_time"": ""1774212705"", ""is_rail_loupan"": ""1"", ""subway_name"": ""1号线"", ""station_name"": ""水清沟"", ""distance_raw"": ""1242""}]",青岛市市北区萍乡路52号
5987662,金荷银河家,青岛,30,平度市,3649,平度,3722,青岛平度市平度红旗路与常州路交叉路口东临,,,,,106-190㎡,20000m²,55000m²,"[{""id"": 393935, ""rooms"": 3, ""room_alias"": ""三室"", ""area"": 106}, {""id"": 393936, ""rooms"": 3, ""room_alias"": ""三室"", ""area"": 125}, {""id"": 393938, ""rooms"": 4, ""room_alias"": ""四室"", ""area"": 139}, {""id"": 393939, ""rooms"": 4, ""room_alias"": ""四室"", ""area"": 141}, {""id"": 393941, ""rooms"": 5, ""room_alias"": ""五室"", ""area"": 159}, {""id"": 393945, ""rooms"": 5, ""room_alias"": ""五室"", ""area"": 159}, {""id"": 393954, ""rooms"": 5, ""room_alias"": ""五室"", ""area"": 169}, {""id"": 393950, ""rooms"": 5, ""room_alias"": ""五室"", ""area"": 190}]",3/4/5室,"3室户型,4室户型,5室户型",2005-09-15,,2005年,2006年,"[""2018-09-30"", ""2018-10-23""]","{小高层,花园洋房}",小高层、花园洋房,70年,2,25%,300,毛坯,,住宅,中海物业,2.7元/㎡/月,,300,1:1,售罄,售罄,售罄,"[""平房注字(2018)689"", ""平房注字(2018)697""]","[""1#、2#"", ""3#、4#、5#""]",碧桂园,,青岛鼎峰瑞城置业有限公司,民电,民水,36.804023,119.941861,"""""","{""81"": ""大阳台"", ""77"": ""复式"", ""76"": ""厨卫全明"", ""75"": ""三房朝南"", ""74"": ""南北通透"", ""72"": ""配套纯熟"", ""71"": ""便利店"", ""70"": ""银行"", ""68"": ""医院"", ""65"": ""商业街"", ""64"": ""购物中心"", ""78"": ""大户型"", ""82"": ""双卫生间"", ""638"": ""民办中学"", ""637"": ""公办中学"", ""636"": ""公办小学"", ""635"": ""民办小学"", ""598"": ""民办幼儿园"", ""597"": ""公办幼儿园""}","[""大阳台"", ""复式"", ""厨卫全明"", ""三房朝南"", ""南北通透""]",https://pic4.ajkimg.com/display/xinfang/3f82937d5ab4238c3ae79069cb6c0190/275x206n.jpg,[],平度市常州路金荷广场网点（金荷相府临时接待中心）
512286,万阳光居,青岛,30,城阳区,3644,黑龙江路,5202,青岛城阳区黑龙江路黑龙江中路28号天泰运动工场,,,,,76-120㎡,110910m²,187949.82m²,"[{""id"": 110863, ""rooms"": 2, ""room_alias"": ""二室"", ""area"": 76}, {""id"": 111036, ""rooms"": 2, ""room_alias"": ""二室"", ""area"": 82}, {""id"": 111034, ""rooms"": 3, ""room_alias"": ""三室"", ""area"": 89}, {""id"": 111038, ""rooms"": 3, ""room_alias"": ""三室"", ""area"": 118}, {""id"": 110864, ""rooms"": 3, ""room_alias"": ""三室"", ""area"": 120}]",2/3室,"2室户型,3室户型",2005-03-24,,2005年,2006年,[],"{多层,小高层,高层}",多层、小高层、高层,70年,1.5,35%,1903,毛坯,,住宅,融创服务,2.6元/㎡/月,,1903,1:1,售罄,售罄,售罄,[],[],象屿,,青岛天泰集团股份有限公司,民电,民水,36.225576,120.453026,"{""service_num"": ""4006708287"", ""num"": """"}","{""52"": ""低容积"", ""9"": ""轨交房"", ""72"": ""配套纯熟"", ""70"": ""银行"", ""69"": ""学校"", ""68"": ""医院"", ""66"": ""公园"", ""65"": ""商业街"", ""64"": ""购物中心"", ""78"": ""大户型"", ""637"": ""公办中学"", ""636"": ""公办小学"", ""635"": ""民办小学"", ""624"": ""九年一贯制"", ""598"": ""民办幼儿园"", ""597"": ""公办幼儿园"", ""54"": ""大型社区""}","[""低容积"", ""轨交房"", ""配套纯熟"", ""银行"", ""学校""]",https://pic4.ajkimg.com/display/xinfang/4fadaecffa92b672078d526fc7c35018/275x206n.jpg,"[{""id"": ""7314975"", ""loupan_id"": ""252538"", ""station_id"": ""121209"", ""subway_id"": ""12070"", ""city_id"": ""30"", ""distance"": ""172米"", ""status"": ""1"", ""last_update_time"": ""1774212707"", ""is_rail_loupan"": ""1"", ""subway_name"": ""15号线"", ""station_name"": ""丹山"", ""distance_raw"": ""172""}, {""id"": ""7314974"", ""loupan_id"": ""252538"", ""station_id"": ""121208"", ""subway_id"": ""12070"", ""city_id"": ""30"", ""distance"": ""1265米"", ""status"": ""1"", ""last_update_time"": ""1774212707"", ""is_rail_loupan"": ""1"", ""subway_name"": ""15号线"", ""station_name"": ""丹山南"", ""distance_raw"": ""1265""}]",城阳黑龙江中路28号
7778349,胶州乐居翠苑,青岛,30,胶州市,3647,胶州,3718,青岛胶州市胶州胶莱街道办事处马店一路333号,,2364元/㎡,2364元/㎡,首付8万，月供1971元,84-122㎡,63700m²,157900m²,"[{""id"": 613240, ""rooms"": 2, ""room_alias"": ""二室"", ""area"": 83.89}, {""id"": 613237, ""rooms"": 3, ""room_alias"": ""三室"", ""area"": 97.44}, {""id"": 613239, ""rooms"": 3, ""room_alias"": ""三室"", ""area"": 109.87}, {""id"": 613242, ""rooms"": 3, ""room_alias"": ""三室"", ""area"": 121.68}]",2/3室,"2室户型,3室户型",2005-01-13,2019年11月18日,2005年,2006年,"[""2021-06-17"", ""2021-05-06""]",{高层},高层,70年,1.8,38%,973,毛坯,,住宅,招商积余,1.7元/㎡/月,,1290,1:1.12,售罄,售罄,售罄,"[""青房注字（胶州）第2021052号"", ""青房注字（胶州）第2021042号""]","[""19#、20#、21#、22#、23#、25#、6#、8#"", ""10#、5#""]",美的置业,,青岛兴荣置业有限公司,民电,民水,36.451791,120.06466,"""""","{""559"": ""现房"", ""53"": ""高绿化率"", ""52"": ""低容积"", ""76"": ""厨卫全明"", ""74"": ""南北通透"", ""78"": ""大户型"", ""404"": ""客餐厅相连"", ""401"": ""户型方正"", ""85"": ""主卧套房"", ""637"": ""公办中学"", ""636"": ""公办小学"", ""597"": ""公办幼儿园"", ""263"": ""VR看房""}","[""现房"", ""高绿化率"", ""低容积"", ""厨卫全明"", ""南北通透""]",https://pic4.ajkimg.com/display/xinfang/dc73d4764f55d89a417b1181d2a18580/275x206n.jpg,[],胶莱街道办事处马店一路333号
765284,博雅苑一期,青岛,30,市北区,3640,新都心,6140,青岛市北区新都心台柳路270号,,,,,134㎡,7600m²,35000m²,[],,商业户型,2005-01-22,,2005年,2006年,[],{},,40年,,20%,,毛坯,,标准写字楼,雅生活服务,7元/㎡/月,,433,,售罄,售罄,售罄,[],[],美的置业,,,商电,商水,36.118591,120.411045,"""""","{""9"": ""轨交房"", ""72"": ""配套纯熟"", ""71"": ""便利店"", ""70"": ""银行"", ""66"": ""公园"", ""65"": ""商业街"", ""64"": ""购物中心"", ""213"": ""地铁沿线""}","[""轨交房"", ""配套纯熟"", ""便利店"", ""银行"", ""公园""]",https://pic4.ajkimg.com/display/xinfang/7e936a513d9bc5466e817520c7145ea4/275x206n.jpg,"[{""id"": ""7313709"", ""loupan_id"": ""413130"", ""station_id"": ""4366"", ""subway_id"": ""121"", ""city_id"": ""30"", ""distance"": ""764米"", ""status"": ""1"", ""last_update_time"": ""1774212705"", ""is_rail_loupan"": ""1"", ""subway_name"": ""3号线"", ""station_name"": ""双山"", ""distance_raw"": ""764""}, {""id"": ""7313712"", ""loupan_id"": ""413130"", ""station_id"": ""4367"", ""subway_id"": ""121"", ""city_id"": ""30"", ""distance"": ""1052米"", ""status"": ""1"", ""last_update_time"": ""1774212705"", ""is_rail_loupan"": ""1"", ""subway_name"": ""3号线"", ""station_name"": ""清江路"", ""distance_raw"": ""1052""}, {""id"": ""7313710"", ""loupan_id"": ""413130"", ""station_id"": ""4365"", ""subway_id"": ""121"", ""city_id"": ""30"", ""distance"": ""1451米"", ""status"": ""1"", ""last_update_time"": ""1774212705"", ""is_rail_loupan"": ""1"", ""subway_name"": ""3号线"", ""station_name"": ""长沙路"", ""distance_raw"": ""1451""}]",青岛市市北区新都心台柳路270号
2192668,新碧水洲,青岛,30,胶州市,3647,胶州,3718,青岛胶州市胶州少海新城西侧海尔大道香港路交叉口,,,,,,180000m²,95000m²,[],,,2005-07-19,,2005年,2006年,[],"{多层,高层}",多层、高层,70年,1.5,35%,1150,,,住宅,合景悠活,1.2元/㎡/月,,1150,,售罄,售罄,售罄,[],[],中南,,香港路劲地产集团,民电,民水,36.281663,120.023319,"""""","{""52"": ""低容积"", ""72"": ""配套纯熟"", ""70"": ""银行"", ""69"": ""学校"", ""68"": ""医院"", ""66"": ""公园"", ""65"": ""商业街"", ""64"": ""购物中心"", ""637"": ""公办中学"", ""636"": ""公办小学"", ""598"": ""民办幼儿园"", ""597"": ""公办幼儿园""}","[""低容积"", ""配套纯熟"", ""银行"", ""学校"", ""医院""]",https://pic4.ajkimg.com/display/xinfang/a7927eb175fd4d0047ce281903203b3a/275x206n.jpg,[],胶州海尔大道207号
761266,保利中央阁,青岛,30,市南区,3639,中山路,5181,青岛市南区中山路地铁2号线四川路（轮渡）站旁,,10624元/㎡,10624元/㎡,首付59万，月供14263元,127-183㎡,21781.5m²,63166.36m²,"[{""id"": 875205, ""rooms"": 3, ""room_alias"": ""三室"", ""area"": 127}, {""id"": 875209, ""rooms"": 3, ""room_alias"": ""三室"", ""area"": 150}, {""id"": 875206, ""rooms"": 4, ""room_alias"": ""四室"", ""area"": 156}, {""id"": 875207, ""rooms"": 4, ""room_alias"": ""四室"", ""area"": 177}, {""id"": 875208, ""rooms"": 4, ""room_alias"": ""四室"", ""area"": 183}]",3/4室,"3室户型,4室户型",2005-08-21,2025年10月01日,2005年,2006年,"[""2025-09-04"", ""2025-09-04""]",{高层},高层,70年,2.9,30%,448,,在建中，竣工时间：2027-10-31,住宅,融创服务,,,685,1:1.5,售罄,售罄,售罄,"[""青房预字（2025）第047号"", ""青房预字（2025）第048号""]","[""2#"", ""3#""]",路劲,"保利集团,青岛地铁",青岛青铁广瑞置业有限公司,民电,民水,36.056602,120.307362,"{""service_num"": ""4006708287"", ""num"": ""40771""}","{""400"": ""小区会所"", ""101"": ""自持物业"", ""56"": ""车位充足"", ""9"": ""轨交房"", ""76"": ""厨卫全明"", ""74"": ""南北通透"", ""73"": ""卧室全朝南"", ""7"": ""项目在建"", ""10"": ""多轨交"", ""277"": ""特价房源"", ""276"": ""一房一价"", ""60"": ""海景地产"", ""547"": ""地铁"", ""72"": ""配套纯熟"", ""71"": ""便利店"", ""70"": ""银行"", ""69"": ""学校"", ""68"": ""医院"", ""67"": ""生态绿地"", ""66"": ""公园"", ""65"": ""商业街"", ""64"": ""购物中心"", ""78"": ""大户型"", ""402"": ""玄关入户"", ""401"": ""户型方正"", ""397"": ""动静分离"", ""85"": ""主卧套房"", ""92"": ""热搜盘"", ""90"": ""人气楼盘"", ""744"": ""好房子"", ""638"": ""民办中学"", ""637"": ""公办中学"", ""636"": ""公办小学"", ""635"": ""民办小学"", ""598"": ""民办幼儿园"", ""597"": ""公办幼儿园"", ""263"": ""VR看房"", ""50"": ""品牌开发商""}","[""小区会所"", ""自持物业"", ""车位充足"", ""轨交房"", ""厨卫全明""]",https://pic4.ajkimg.com/display/xinfang/5392b6ffae8492059dcfbb9d8413f04e/275x206n.jpg,"[{""id"": ""7318540"", ""loupan_id"": ""531545"", ""station_id"": ""121225"", ""subway_id"": ""126"", ""city_id"": ""30"", ""distance"": ""30米"", ""status"": ""1"", ""last_update_time"": ""1774212705"", ""is_rail_loupan"": ""1"", ""subway_name"": ""2号线"", ""station_name"": ""四川路(轮渡)"", ""distance_raw"": ""30""}, {""id"": ""7318544"", ""loupan_id"": ""531545"", ""station_id"": ""120339"", ""subway_id"": ""1045"", ""city_id"": ""30"", ""distance"": ""1310米"", ""status"": ""1"", ""last_update_time"": ""1774212709"", ""is_rail_loupan"": ""1"", ""subway_name"": ""1号线"", ""station_name"": ""西镇"", ""distance_raw"": ""1310""}]",市南区地铁2号线四川路（轮渡）站
5067298,凤坊,青岛,30,西海岸新区,3646,灵山卫,5209,青岛西海岸新区灵山卫灵山卫办事处朝阳路68号、唐岛湾西侧滨海大道南侧1000米,,,,,93-146㎡,96000m²,144000m²,"[{""id"": 46289, ""rooms"": 2, ""room_alias"": ""二室"", ""area"": 93.42}, {""id"": 46290, ""rooms"": 3, ""room_alias"": ""三室"", ""area"": 119.06}, {""id"": 46288, ""rooms"": 3, ""room_alias"": ""三室"", ""area"": 146.13}]",2/3室,"2室户型,3室户型",2005-10-11,,2005年,2006年,[],"{多层,高层}",多层、高层,70年,1.5,40%,400,毛坯,,住宅,华润万象生活,0.6元/㎡/月,,,,售罄,售罄,售罄,[],[],雅居乐,,昆泉置业投资有限公司,民电,民水,35.918099,120.14815,"{""service_num"": ""4006708287"", ""num"": """"}","{""53"": ""高绿化率"", ""52"": ""低容积"", ""63"": ""旅游地产"", ""72"": ""配套纯熟"", ""70"": ""银行"", ""69"": ""学校"", ""68"": ""医院"", ""66"": ""公园"", ""78"": ""大户型"", ""637"": ""公办中学"", ""636"": ""公办小学"", ""598"": ""民办幼儿园"", ""597"": ""公办幼儿园""}","[""高绿化率"", ""低容积"", ""旅游地产"", ""配套纯熟"", ""银行""]",https://pic4.ajkimg.com/display/xinfang/3a20bf160c985e51819c20d206f121df/275x206n.jpg,[],胶南市灵山卫朝阳南路68号、滨海大道南侧1000米
4388285,雅梅林美景,青岛,30,莱西市,3648,莱西,3720,青岛莱西市莱西上海东路与常州路交汇处,,,,,140-210㎡,,,"[{""id"": 423090, ""rooms"": 3, ""room_alias"": ""三室"", ""area"": 140}, {""id"": 423091, ""rooms"": 3, ""room_alias"": ""三室"", ""area"": 180}, {""id"": 423092, ""rooms"": 4, ""room_alias"": ""四室"", ""area"": 210}]",3室、别墅,"3室户型,别墅户型",2005-06-06,2019年11月29日,2005年,2006年,[],小高层,,别墅：70年 住宅：70年,,,,别墅：毛坯 住宅：毛坯,,别墅,绿城服务,,,,,售罄,售罄,售罄,[],[],绿城,天泰集团,,别墅：民电,别墅：民水,36.691318,117.005904,"""""","{""72"": ""配套纯熟"", ""70"": ""银行"", ""69"": ""学校"", ""68"": ""医院"", ""65"": ""商业街"", ""64"": ""购物中心"", ""78"": ""大户型"", ""637"": ""公办中学"", ""636"": ""公办小学"", ""624"": ""九年一贯制"", ""611"": ""合格园"", ""599"": ""省级示范园"", ""598"": ""民办幼儿园"", ""597"": ""公办幼儿园"", ""50"": ""品牌开发商""}","[""配套纯熟"", ""银行"", ""学校"", ""医院"", ""商业街""]",https://pic4.ajkimg.com/display/xinfang/819739a3f597f9af1fb7147355f60244/275x206n.jpg,[],
7288740,绿岛西岸翠苑,青岛,30,黄岛区,4516,长江路,5213,青岛黄岛区长江路太行山路与嘉陵江西路交汇处,,,,,91-117㎡,36000m²,130000m²,"[{""id"": 51227, ""rooms"": 2, ""room_alias"": ""二室"", ""area"": 91}, {""id"": 51226, ""rooms"": 3, ""room_alias"": ""三室"", ""area"": 117}]",2/3室,"2室户型,3室户型",2005-03-24,,2005年,2006年,[],{高层},高层,70年,3.2,50%,1200,毛坯,,住宅,中海物业,1.8元/㎡/月,,1200,1：1,售罄,售罄,售罄,"[""青房注字青开(2010)第041""]",[],象屿,,青岛沃航实业有限公司,民电,民水,35.986608,120.196387,"""""","{""53"": ""高绿化率"", ""9"": ""轨交房"", ""72"": ""配套纯熟"", ""71"": ""便利店"", ""70"": ""银行"", ""69"": ""学校"", ""68"": ""医院"", ""67"": ""生态绿地"", ""66"": ""公园"", ""65"": ""商业街"", ""64"": ""购物中心"", ""78"": ""大户型"", ""638"": ""民办中学"", ""637"": ""公办中学"", ""636"": ""公办小学"", ""598"": ""民办幼儿园"", ""597"": ""公办幼儿园""}","[""高绿化率"", ""轨交房"", ""配套纯熟"", ""便利店"", ""银行""]",https://pic4.ajkimg.com/display/xinfang/a20a5c75d1c6ef730dc001eb0e4cdc14/275x206n.jpg,"[{""id"": ""7313389"", ""loupan_id"": ""242058"", ""station_id"": ""4401"", ""subway_id"": ""123"", ""city_id"": ""30"", ""distance"": ""787米"", ""status"": ""1"", ""last_update_time"": ""1774212705"", ""is_rail_loupan"": ""1"", ""subway_name"": ""西海岸快线"", ""station_name"": ""嘉陵江路"", ""distance_raw"": ""787""}, {""id"": ""7313391"", ""loupan_id"": ""242058"", ""station_id"": ""4402"", ""subway_id"": ""123"", ""city_id"": ""30"", ""distance"": ""1005米"", ""status"": ""1"", ""last_update_time"": ""1774212705"", ""is_rail_loupan"": ""1"", ""subway_name"": ""西海岸快线"", ""station_name"": ""香江路"", ""distance_raw"": ""1005""}]",武当山路33号
5259575,鑫名城,青岛,30,平度市,3649,平度,3722,青岛平度市平度锦州路69号,,,,,85-115㎡,238888m²,368747m²,"[{""id"": 145643, ""rooms"": 2, ""room_alias"": ""二室"", ""area"": 85}, {""id"": 145646, ""rooms"": 3, ""room_alias"": ""三室"", ""area"": 108}, {""id"": 145661, ""rooms"": 3, ""room_alias"": ""三室"", ""area"": 115}]",2/3室,"2室户型,3室户型",2005-10-10,,2005年,2006年,[],"{多层,小高层}",多层、小高层,70年,1.54,36%,1402,"毛坯,简装修",,住宅,碧桂园服务,0.4元/㎡/月,,110,1:0.1,售罄,售罄,售罄,"[""平房注字(2011)335"", ""平房注字(2015)494"", ""平房注字(2015)488""]",[],华润,,,民电,民水,36.762774,119.934518,"""""","{""53"": ""高绿化率"", ""52"": ""低容积"", ""29"": ""装修交付"", ""72"": ""配套纯熟"", ""71"": ""便利店"", ""70"": ""银行"", ""69"": ""学校"", ""68"": ""医院"", ""65"": ""商业街"", ""78"": ""大户型"", ""638"": ""民办中学"", ""637"": ""公办中学"", ""636"": ""公办小学"", ""635"": ""民办小学"", ""598"": ""民办幼儿园"", ""597"": ""公办幼儿园""}","[""高绿化率"", ""低容积"", ""装修交付"", ""配套纯熟"", ""便利店""]",https://pic4.ajkimg.com/display/xinfang/ff1a25556295615b1426ce0361be901e/275x206n.jpg,[],平度市广州路16-1号
9654798,蓝美好湾,青岛,30,莱西市,3648,莱西,3720,青岛莱西市莱西重庆西路17号,,2570元/㎡,2570元/㎡,首付9万，月供2294元,85-130㎡,69551.21m²,215818m²,"[{""id"": 547542, ""rooms"": 2, ""room_alias"": ""二室"", ""area"": 85}, {""id"": 547540, ""rooms"": 3, ""room_alias"": ""三室"", ""area"": 108}, {""id"": 547544, ""rooms"": 3, ""room_alias"": ""三室"", ""area"": 110}, {""id"": 547545, ""rooms"": 3, ""room_alias"": ""三室"", ""area"": 130}]",2/3室,"2室户型,3室户型",2005-08-06,2021年10月21日,2005年,2006年,"[""2021-10-21"", ""2019-12-02""]",高层,多层、小高层、高层,70年,2.17,30%,1364,毛坯,,住宅,融创服务,2.06元/㎡/月,,1668,1:1.2,售罄,售罄,售罄,"[""西房注字（2021）053"", ""西房注字（2019）049""]","[""19#、20#、24#、25#"", ""6#、7#、8#""]",金茂,,青岛润辉置业有限公司,民电,民水,36.899431,120.508222,"""""","{""559"": ""现房"", ""81"": ""大阳台"", ""56"": ""车位充足"", ""76"": ""厨卫全明"", ""74"": ""南北通透"", ""32"": ""绿色住宅"", ""78"": ""大户型"", ""404"": ""客餐厅相连"", ""402"": ""玄关入户"", ""401"": ""户型方正"", ""397"": ""动静分离"", ""85"": ""主卧套房"", ""638"": ""民办中学"", ""637"": ""公办中学"", ""636"": ""公办小学"", ""598"": ""民办幼儿园"", ""597"": ""公办幼儿园"", ""263"": ""VR看房""}","[""现房"", ""大阳台"", ""车位充足"", ""厨卫全明"", ""南北通透""]",https://pic4.ajkimg.com/display/xinfang/c605d88616d93ef9d518dd6b9fc5c7f8/275x206n.jpg,[],青岛市莱西市北京西路5号
4896738,嶺海黄金苑,青岛,30,即墨区,3645,温泉镇,5207,青岛即墨区温泉镇岭海西路31号,,4969元/㎡,4969元/㎡,首付21万，月供5125元,95-360㎡,住宅：43329m² 别墅：43329m²,住宅：38801m² 别墅：38801m²,"[{""id"": 378684, ""rooms"": 2, ""room_alias"": ""二室"", ""area"": 95}, {""id"": 591647, ""rooms"": 2, ""room_alias"": ""二室"", ""area"": 95}, {""id"": 591658, ""rooms"": 2, ""room_alias"": ""二室"", ""area"": 95}, {""id"": 378696, ""rooms"": 2, ""room_alias"": ""二室"", ""area"": 96}, {""id"": 591645, ""rooms"": 2, ""room_alias"": ""二室"", ""area"": 107}, {""id"": 591657, ""rooms"": 2, ""room_alias"": ""二室"", ""area"": 107}, {""id"": 272698, ""rooms"": 3, ""room_alias"": ""三室"", ""area"": 117}, {""id"": 591643, ""rooms"": 3, ""room_alias"": ""三室"", ""area"": 117}, {""id"": 591654, ""rooms"": 3, ""room_alias"": ""三室"", ""area"": 117}, {""id"": 272697, ""rooms"": 3, ""room_alias"": ""三室"", ""area"": 123}, {""id"": 591642, ""rooms"": 3, ""room_alias"": ""三室"", ""area"": 125}, {""id"": 591653, ""rooms"": 3, ""room_alias"": ""三室"", ""area"": 125}, {""id"": 591648, ""rooms"": 3, ""room_alias"": ""三室"", ""area"": 134}, {""id"": 591661, ""rooms"": 3, ""room_alias"": ""三室"", ""area"": 134}, {""id"": 591641, ""rooms"": 3, ""room_alias"": ""三室"", ""area"": 136}, {""id"": 591651, ""rooms"": 3, ""room_alias"": ""三室"", ""area"": 136}, {""id"": 419925, ""rooms"": 4, ""room_alias"": ""四室"", ""area"": 280}, {""id"": 419929, ""rooms"": 4, ""room_alias"": ""四室"", ""area"": 360}]",2/3室、别墅,"2室户型,3室户型,别墅户型",2005-10-08,2020年12月06日,2005年,2006年,"[""2023-11-07"", ""2020-11-27"", ""2017-05-10"", ""2018-09-26"", ""2018-07-09""]","{多层,高层}",住宅：多层、高层,住宅：70年 别墅：70年,住宅：0.81 别墅：0.81,住宅：40% 别墅：40%,住宅：303 别墅：303,住宅：毛坯 别墅：毛坯,已竣工，竣工时间：2021-05-30,住宅,金地智慧服务,住宅：3.2元/㎡/月 别墅：3.2元/㎡/月,,住宅：209 别墅：209,住宅：1:0.69 别墅：1:0.69,售罄,售罄,售罄,"[""即房注字（2023）第059号"", ""即房注字(2020)第181号"", ""即房(2017)注字026"", ""即房(2018)注字062"", ""即房(2018)注字045"", ""即房(2018)注字023"", ""即房(2018)注字009""]","[""15#"", ""16#、17#、18#、21#"", ""1# 2# 3# 5#"", ""20#、28#、29#、30#"", ""33# 34# 35# 36# 43#""]",滨江集团,,青岛海泉置业有限公司,住宅：民电,住宅：民水,36.442971,120.718645,"""""","{""557"": ""项目竣工"", ""81"": ""大阳台"", ""53"": ""高绿化率"", ""76"": ""厨卫全明"", ""75"": ""三房朝南"", ""74"": ""南北通透"", ""73"": ""卧室全朝南"", ""78"": ""大户型"", ""404"": ""客餐厅相连"", ""402"": ""玄关入户"", ""401"": ""户型方正"", ""86"": ""全景飘窗"", ""85"": ""主卧套房"", ""83"": ""双阳台"", ""636"": ""公办小学"", ""598"": ""民办幼儿园"", ""597"": ""公办幼儿园"", ""263"": ""VR看房""}","[""项目竣工"", ""大阳台"", ""高绿化率"", ""厨卫全明"", ""三房朝南""]",https://pic4.ajkimg.com/display/xinfang/e87af627cbc9e9918ca670a3aa48a71b/275x206n.jpg,[],青岛市即墨市滨海大道188号
6487457,悦怡园,青岛,30,市北区,3640,新都心,6140,青岛市北区新都心蚌埠路与宁乡路交汇处,,11310元/㎡,11310元/㎡,首付49万，月供11826元,100-136㎡,7255.5m²,33778.19m²,"[{""id"": 643282, ""rooms"": 3, ""room_alias"": ""三室"", ""area"": 100}, {""id"": 615219, ""rooms"": 3, ""room_alias"": ""三室"", ""area"": 106}, {""id"": 643283, ""rooms"": 3, ""room_alias"": ""三室"", ""area"": 113}, {""id"": 615222, ""rooms"": 3, ""room_alias"": ""三室"", ""area"": 115}, {""id"": 615221, ""rooms"": 3, ""room_alias"": ""三室"", ""area"": 119}, {""id"": 663089, ""rooms"": 4, ""room_alias"": ""四室"", ""area"": 136}]",3/4室,"3室户型,4室户型",2005-04-07,2021年02月10日,2005年,2006年,"[""2020-11-20"", ""2021-02-10""]",{高层},高层,70年,3.3,35%,208,带装修,,住宅,华润万象生活,2.98元/㎡/月,,222,1:1.2,售罄,售罄,售罄,"[""青房注字(2020)第081号"", ""青房注字（2021）第009号""]","[""1#"", ""2#""]",旭辉,,青城集团,民电,民水,36.110485,120.419423,"""""","{""56"": ""车位充足"", ""29"": ""装修交付"", ""9"": ""轨交房"", ""76"": ""厨卫全明"", ""74"": ""南北通透"", ""78"": ""大户型"", ""404"": ""客餐厅相连"", ""402"": ""玄关入户"", ""401"": ""户型方正"", ""397"": ""动静分离"", ""85"": ""主卧套房"", ""83"": ""双阳台"", ""638"": ""民办中学"", ""637"": ""公办中学"", ""636"": ""公办小学"", ""635"": ""民办小学"", ""600"": ""市级示范园"", ""598"": ""民办幼儿园"", ""597"": ""公办幼儿园"", ""540"": ""日照模拟"", ""263"": ""VR看房"", ""55"": ""小型社区""}","[""车位充足"", ""装修交付"", ""轨交房"", ""厨卫全明"", ""南北通透""]",https://pic4.ajkimg.com/display/xinfang/f8b2a68ed05d6e9d05b73d9ceb3505da/275x206n.jpg,"[{""id"": ""7313330"", ""loupan_id"": ""473117"", ""station_id"": ""4366"", ""subway_id"": ""121"", ""city_id"": ""30"", ""distance"": ""871米"", ""status"": ""1"", ""last_update_time"": ""1774212705"", ""is_rail_loupan"": ""1"", ""subway_name"": ""3号线"", ""station_name"": ""双山"", ""distance_raw"": ""871""}, {""id"": ""7313331"", ""loupan_id"": ""473117"", ""station_id"": ""4365"", ""subway_id"": ""121"", ""city_id"": ""30"", ""distance"": ""913米"", ""status"": ""1"", ""last_update_time"": ""1774212705"", ""is_rail_loupan"": ""1"", ""subway_name"": ""3号线"", ""station_name"": ""长沙路"", ""distance_raw"": ""913""}]",市北区蚌埠路与宁乡路交汇处
1419207,新红树洲,青岛,30,市北区,3640,瑞昌路,5194,青岛市北区瑞昌路傍海中路19号,,5826元/㎡,5826元/㎡,首付22万，月供5340元,62-127㎡,80060m²,426589m²,"[{""id"": 637445, ""rooms"": 1, ""room_alias"": ""一室"", ""area"": 62}, {""id"": 634483, ""rooms"": 3, ""room_alias"": ""三室"", ""area"": 89}, {""id"": 634486, ""rooms"": 3, ""room_alias"": ""三室"", ""area"": 108}, {""id"": 634484, ""rooms"": 3, ""room_alias"": ""三室"", ""area"": 113}, {""id"": 634485, ""rooms"": 3, ""room_alias"": ""三室"", ""area"": 113}, {""id"": 634488, ""rooms"": 3, ""room_alias"": ""三室"", ""area"": 127}, {""id"": 634490, ""rooms"": 3, ""room_alias"": ""三室"", ""area"": 127}]",1/3室,"1室户型,3室户型",2005-02-01,2021年07月27日,2005年,2006年,"[""2023-08-16"", ""2021-04-29"", ""2022-05-19"", ""2021-07-27""]",{高层},高层,70年,3.85,30%,1138,带装修,已竣工，竣工时间：2023-12-31,住宅,碧桂园服务,2.98元/㎡/月,,1275,1:1.2,售罄,售罄,售罄,"[""青房预字（2023）第066号"", ""青房预字（2021）第014号"", ""青房预字（2022）第027号"", ""青房预字（2021）第050号""]","[""7#"", ""4#"", ""5#"", ""6#""]",保利,中国铁建地产,中铁建投（青岛）城市开发建设有限公司,民电,民水,36.133513,120.339802,"{""service_num"": ""4006708287"", ""num"": ""91708""}","{""559"": ""现房"", ""557"": ""项目竣工"", ""56"": ""车位充足"", ""29"": ""装修交付"", ""9"": ""轨交房"", ""76"": ""厨卫全明"", ""74"": ""南北通透"", ""73"": ""卧室全朝南"", ""4"": ""低总价"", ""79"": ""小户型"", ""78"": ""大户型"", ""404"": ""客餐厅相连"", ""403"": ""私密性好"", ""402"": ""玄关入户"", ""401"": ""户型方正"", ""397"": ""动静分离"", ""85"": ""主卧套房"", ""83"": ""双阳台"", ""638"": ""民办中学"", ""637"": ""公办中学"", ""636"": ""公办小学"", ""624"": ""九年一贯制"", ""600"": ""市级示范园"", ""598"": ""民办幼儿园"", ""597"": ""公办幼儿园"", ""541"": ""3D沙盘"", ""540"": ""日照模拟"", ""263"": ""VR看房"", ""50"": ""品牌开发商""}","[""现房"", ""项目竣工"", ""车位充足"", ""装修交付"", ""轨交房""]",https://pic4.ajkimg.com/display/xinfang/7062053a8d51640235cbdbac54477646/275x206n.jpg,"[{""id"": ""7274964"", ""loupan_id"": ""482824"", ""station_id"": ""121178"", ""subway_id"": ""12068"", ""city_id"": ""30"", ""distance"": ""1433米"", ""status"": ""1"", ""last_update_time"": ""1774212708"", ""is_rail_loupan"": ""1"", ""subway_name"": ""5号线"", ""station_name"": ""瑞昌路"", ""distance_raw"": ""1433""}]",青岛市市北区傍海中路19号
2712113,绿城康城雅苑,青岛,30,李沧区,3642,金水路,5196,青岛李沧区金水路广水路与延川路交汇处,,11995元/㎡,11995元/㎡,首付78万，月供18814元,150-260㎡,35157.69m²,60550m²,"[{""id"": 610748, ""rooms"": 3, ""room_alias"": ""三室"", ""area"": 150}, {""id"": 610752, ""rooms"": 3, ""room_alias"": ""三室"", ""area"": 150}, {""id"": 610756, ""rooms"": 4, ""room_alias"": ""四室"", ""area"": 150}, {""id"": 610760, ""rooms"": 4, ""room_alias"": ""四室"", ""area"": 150}, {""id"": 610763, ""rooms"": 4, ""room_alias"": ""四室"", ""area"": 260}]",3/4室,"3室户型,4室户型",2005-07-18,2020年12月12日,2005年,2006年,"[""2020-12-06""]","{多层,花园洋房}",多层、花园洋房,70年,1,30%,177,毛坯,,住宅,旭辉永升,,,,,售罄,售罄,售罄,"[""青房注字（2020）第94号""]","[""1、2、3、4、5、6、7、8、9、10""]",大华,绿城集团,,民电,民水,36.180856,120.436289,"{""service_num"": ""4006708287"", ""num"": """"}","{""81"": ""大阳台"", ""52"": ""低容积"", ""9"": ""轨交房"", ""76"": ""厨卫全明"", ""74"": ""南北通透"", ""32"": ""绿色住宅"", ""30"": ""花园洋房"", ""78"": ""大户型"", ""404"": ""客餐厅相连"", ""402"": ""玄关入户"", ""401"": ""户型方正"", ""85"": ""主卧套房"", ""637"": ""公办中学"", ""636"": ""公办小学"", ""599"": ""省级示范园"", ""598"": ""民办幼儿园"", ""597"": ""公办幼儿园"", ""263"": ""VR看房"", ""55"": ""小型社区"", ""50"": ""品牌开发商""}","[""大阳台"", ""低容积"", ""轨交房"", ""厨卫全明"", ""南北通透""]",https://pic4.ajkimg.com/display/xinfang/1e79da4f8b4e07c46e734dc0b5e4ffee/275x206n.jpg,"[{""id"": ""7314325"", ""loupan_id"": ""483382"", ""station_id"": ""121229"", ""subway_id"": ""126"", ""city_id"": ""30"", ""distance"": ""1013米"", ""status"": ""1"", ""last_update_time"": ""1774212706"", ""is_rail_loupan"": ""1"", ""subway_name"": ""2号线"", ""station_name"": ""佛耳崖"", ""distance_raw"": ""1013""}]",李沧区铜川路223号绿城AVANTI生活馆
2132503,锦公寓,青岛,30,市北区,3640,错埠岭,5437,青岛市北区错埠岭敦化路328号,,,,,,18000m²,150000m²,[],,,2005-08-17,,2005年,2006年,[],{},,40年,,30%,,带装修,,标准写字楼,雅生活服务,3.8~6.8元/㎡/月,,906,,售罄,售罄,售罄,[],[],金地,中国中铁,青岛京西置业有限公司,商电,商水,36.108431,120.38459,"""""","{""29"": ""装修交付"", ""9"": ""轨交房"", ""10"": ""多轨交"", ""72"": ""配套纯熟"", ""71"": ""便利店"", ""70"": ""银行"", ""66"": ""公园"", ""64"": ""购物中心"", ""223"": ""中心商务区"", ""220"": ""办公首选"", ""213"": ""地铁沿线"", ""50"": ""品牌开发商""}","[""装修交付"", ""轨交房"", ""多轨交"", ""配套纯熟"", ""便利店""]",https://pic4.ajkimg.com/display/xinfang/72d6a4f01a0970b8799e6d5f6b0765ed/275x206n.jpg,"[{""id"": ""7316652"", ""loupan_id"": ""450780"", ""station_id"": ""120732"", ""subway_id"": ""12051"", ""city_id"": ""30"", ""distance"": ""699米"", ""status"": ""1"", ""last_update_time"": ""1774212709"", ""is_rail_loupan"": ""1"", ""subway_name"": ""4号线"", ""station_name"": ""错埠岭"", ""distance_raw"": ""699""}, {""id"": ""7313368"", ""loupan_id"": ""450780"", ""station_id"": ""4369"", ""subway_id"": ""121"", ""city_id"": ""30"", ""distance"": ""823米"", ""status"": ""1"", ""last_update_time"": ""1774212705"", ""is_rail_loupan"": ""1"", ""subway_name"": ""3号线"", ""station_name"": ""敦化路"", ""distance_raw"": ""823""}, {""id"": ""7313367"", ""loupan_id"": ""450780"", ""station_id"": ""4368"", ""subway_id"": ""121"", ""city_id"": ""30"", ""distance"": ""909米"", ""status"": ""1"", ""last_update_time"": ""1774212705"", ""is_rail_loupan"": ""1"", ""subway_name"": ""3号线"", ""station_name"": ""错埠岭"", ""distance_raw"": ""909""}, {""id"": ""7315057"", ""loupan_id"": ""450780"", ""station_id"": ""121286"", ""subway_id"": ""1044"", ""city_id"": ""30"", ""distance"": ""1116米"", ""status"": ""1"", ""last_update_time"": ""1774212707"", ""is_rail_loupan"": ""1"", ""subway_name"": ""8号线"", ""station_name"": ""西吴家村"", ""distance_raw"": ""1116""}, {""id"": ""7316651"", ""loupan_id"": ""450780"", ""station_id"": ""120731"", ""subway_id"": ""12051"", ""city_id"": ""30"", ""distance"": ""1408米"", ""status"": ""1"", ""last_update_time"": ""1774212709"", ""is_rail_loupan"": ""1"", ""subway_name"": ""4号线"", ""station_name"": ""西吴家村"", ""distance_raw"": ""1408""}, {""id"": ""7316425"", ""loupan_id"": ""450780"", ""station_id"": ""121168"", ""subway_id"": ""12068"", ""city_id"": ""30"", ""distance"": ""1493米"", ""status"": ""1"", ""last_update_time"": ""1774212708"", ""is_rail_loupan"": ""1"", ""subway_name"": ""5号线"", ""station_name"": ""宁夏路"", ""distance_raw"": ""1493""}]",青岛市市北区敦化路328号诺德广场售楼处
1262740,翠黄金林,青岛,30,城阳区,3644,正阳路,3712,青岛城阳区正阳路荟城路677号,,222元/㎡,222元/㎡,首付97万，月供23294元,105-195㎡,别墅：150000m² 住宅：150000m²,别墅：399000m² 住宅：399000m²,"[{""id"": 460413, ""rooms"": 3, ""room_alias"": ""三室"", ""area"": 105}, {""id"": 460415, ""rooms"": 3, ""room_alias"": ""三室"", ""area"": 120}, {""id"": 413962, ""rooms"": 3, ""room_alias"": ""三室"", ""area"": 125}, {""id"": 460447, ""rooms"": 3, ""room_alias"": ""三室"", ""area"": 194}, {""id"": 460449, ""rooms"": 3, ""room_alias"": ""三室"", ""area"": 195}, {""id"": 460416, ""rooms"": 4, ""room_alias"": ""四室"", ""area"": 143}, {""id"": 460417, ""rooms"": 4, ""room_alias"": ""四室"", ""area"": 160}, {""id"": 460419, ""rooms"": 4, ""room_alias"": ""四室"", ""area"": 185}, {""id"": 460420, ""rooms"": 4, ""room_alias"": ""四室"", ""area"": 185}, {""id"": 531759, ""rooms"": 4, ""room_alias"": ""四室"", ""area"": 190}]",3/4室、别墅,"3室户型,4室户型,别墅户型",2005-11-19,2020年09月12日,2005年,2006年,"[""2019-04-30"", ""2018-12-13"", ""2018-11-29"", ""2021-05-28"", ""2021-01-29"", ""2020-08-14"", ""2020-06-03"", ""2020-05-07"", ""2020-04-04"", ""2019-04-30""]","{独栋别墅,联排别墅,叠加别墅}",别墅：独栋别墅、联排别墅、叠加别墅 住宅：小高层、高层,别墅：70年 住宅：70年,别墅：1.8 住宅：1.8,别墅：35% 住宅：35%,别墅：1805 住宅：1805,别墅：带装修 住宅：带装修,在建中，竣工时间：2021-12-31,别墅,新城悦服务,别墅：4.8元/㎡/月 住宅：4.8~5元/㎡/月,,别墅：2708 住宅：2708,,售罄,售罄,售罄,"[""青房注字（城19）第06号"", ""青房注字（城18）第107号"", ""青房注字城18第91号"", ""城行审建（2021）499号"", ""青房注字城（21）第1号"", ""青房注字（城20）第83号"", ""青房注字 城20第49号"", ""青房注字（城20）第36号"", ""青房注字（城20）第18号"", ""青房注字（城19）第05号""]","[""30#、28#"", ""36#"", ""26#"", ""8#"", ""7#"", ""37#、31#"", ""35#、40#"", ""39#"", ""41#、33#"", ""2#""]",佳兆业,龙湖地产,青岛龙华盛锦置业有限公司,别墅：民电,别墅：民水,36.338601,120.458897,"""""","{""81"": ""大阳台"", ""52"": ""低容积"", ""29"": ""装修交付"", ""76"": ""厨卫全明"", ""74"": ""南北通透"", ""7"": ""项目在建"", ""78"": ""大户型"", ""402"": ""玄关入户"", ""401"": ""户型方正"", ""397"": ""动静分离"", ""85"": ""主卧套房"", ""637"": ""公办中学"", ""636"": ""公办小学"", ""635"": ""民办小学"", ""599"": ""省级示范园"", ""598"": ""民办幼儿园"", ""597"": ""公办幼儿园"", ""361"": ""城阳区"", ""329"": ""共有产权"", ""263"": ""VR看房"", ""54"": ""大型社区"", ""50"": ""品牌开发商""}","[""大阳台"", ""低容积"", ""装修交付"", ""厨卫全明"", ""南北通透""]",https://pic4.ajkimg.com/display/xinfang/0a73530a1a8324f41cd0fc17e0ab44aa/275x206n.jpg,[],青岛市城阳区荟城路677号
8432618,泰邦云天台,青岛,30,莱西市,3648,莱西,3720,青岛莱西市莱西青岛路152号,,,,,86-125㎡,11228m²,31600m²,"[{""id"": 604798, ""rooms"": 2, ""room_alias"": ""二室"", ""area"": 86.26}, {""id"": 604795, ""rooms"": 3, ""room_alias"": ""三室"", ""area"": 119.78}, {""id"": 604796, ""rooms"": 3, ""room_alias"": ""三室"", ""area"": 125.41}]",2/3室,"2室户型,3室户型",2005-02-21,2018年12月01日,2005年,2006年,[],{},,,,30%,227,毛坯,,住宅,招商积余,,,238,,售罄,售罄,售罄,[],[],禹洲,,青岛泰邦房地产开发有限公司,民电,民水,36.781451,119.958497,"""""","{""559"": ""现房"", ""78"": ""大户型"", ""638"": ""民办中学"", ""637"": ""公办中学"", ""636"": ""公办小学"", ""635"": ""民办小学"", ""598"": ""民办幼儿园"", ""597"": ""公办幼儿园"", ""55"": ""小型社区""}","[""现房"", ""大户型"", ""民办中学"", ""公办中学"", ""公办小学""]",https://pic4.ajkimg.com/display/xinfang/7f13191438afaea3bf251376a992aba0/275x206n.jpg,[],青岛路152号
5127309,世怡园,青岛,30,即墨区,3645,即墨市,3714,青岛即墨区即墨市长江二路与天山一路交汇处西侧，青银高速马山出入口对面,,,,,122㎡,175000m²,220000m²,"[{""id"": 87331, ""rooms"": 4, ""room_alias"": ""四室"", ""area"": 122}, {""id"": 87333, ""rooms"": 4, ""room_alias"": ""四室"", ""area"": 122}]",4室,4室户型,2005-11-11,,2005年,2006年,[],洋房,多层、小高层,70年,1.2,36%,2000,毛坯,,住宅,合景悠活,0.6元/㎡/月,,2000,1:1,售罄,售罄,售罄,"[""即房(2011)注字011""]",[],建发,,青岛盈丰置业有限公司,民电,民水,36.384573,120.384167,"""""","{""53"": ""高绿化率"", ""52"": ""低容积"", ""63"": ""旅游地产"", ""72"": ""配套纯熟"", ""70"": ""银行"", ""69"": ""学校"", ""68"": ""医院"", ""66"": ""公园"", ""78"": ""大户型"", ""637"": ""公办中学"", ""636"": ""公办小学"", ""600"": ""市级示范园"", ""598"": ""民办幼儿园"", ""597"": ""公办幼儿园"", ""54"": ""大型社区""}","[""高绿化率"", ""低容积"", ""旅游地产"", ""配套纯熟"", ""银行""]",https://pic4.ajkimg.com/display/xinfang/dea87fcaf1ea5ce179c35fb39072d538/275x206n.jpg,[],长江二路与天山一路交汇处南100米处
2332093,龙理想苑,青岛,30,平度市,3649,平度,3722,青岛平度市平度金台路188号,,2755元/㎡,2755元/㎡,首付12万，月供2939元,102-118㎡,26000m²,75000m²,"[{""id"": 719335, ""rooms"": 3, ""room_alias"": ""三室"", ""area"": 102}, {""id"": 719336, ""rooms"": 3, ""room_alias"": ""三室"", ""area"": 118}]",3室,3室户型,2005-01-08,2021年12月25日,2005年,2006年,"[""2023-02-16"", ""2022-09-30"", ""2022-07-15"", ""2022-04-13"", ""2021-12-01""]",{小高层},小高层,70年,2.2,35%,502,带装修,在建中，竣工时间：2024-04-30,住宅,融创服务,2.68元/㎡/月,,629,,售罄,售罄,售罄,"[""青房注字（平注）第（2023）006号"", ""青房注字（平注）第（2022）050号"", ""青房注字（平注）第（2022）038号"", ""青房注字（平注）第（2022）013号"", ""青房注字（平注）第（2021）082号""]","[""11#"", ""12#"", ""16#"", ""9#"", ""10#、13#、17#""]",大华,万科集团,平度市新万城置业有限公司,民电,民水,36.745572,119.977061,"""""","{""29"": ""装修交付"", ""76"": ""厨卫全明"", ""74"": ""南北通透"", ""7"": ""项目在建"", ""78"": ""大户型"", ""407"": ""主卧朝南"", ""404"": ""客餐厅相连"", ""403"": ""私密性好"", ""402"": ""玄关入户"", ""397"": ""动静分离"", ""85"": ""主卧套房"", ""82"": ""双卫生间"", ""638"": ""民办中学"", ""637"": ""公办中学"", ""636"": ""公办小学"", ""598"": ""民办幼儿园"", ""597"": ""公办幼儿园"", ""540"": ""日照模拟"", ""263"": ""VR看房"", ""50"": ""品牌开发商""}","[""装修交付"", ""厨卫全明"", ""南北通透"", ""项目在建"", ""大户型""]",https://pic4.ajkimg.com/display/xinfang/028950c6b6d771d073e1090ab858a04f/275x206n.jpg,[],青岛市平度市金台路188号
4912175,天一梅林豪庭,青岛,30,胶州市,3647,新城,17477,青岛胶州市新城澳门路7号,,3427元/㎡,3427元/㎡,首付12万，月供3046元,89-142㎡,82222m²,300000m²,"[{""id"": 729549, ""rooms"": 3, ""room_alias"": ""三室"", ""area"": 89}, {""id"": 729552, ""rooms"": 3, ""room_alias"": ""三室"", ""area"": 100}, {""id"": 729553, ""rooms"": 3, ""room_alias"": ""三室"", ""area"": 110}, {""id"": 729554, ""rooms"": 3, ""room_alias"": ""三室"", ""area"": 110}, {""id"": 729556, ""rooms"": 3, ""room_alias"": ""三室"", ""area"": 119}, {""id"": 729557, ""rooms"": 4, ""room_alias"": ""四室"", ""area"": 142}]",3/4室,"3室户型,4室户型",2005-04-20,2021年03月19日,2005年,2006年,"[""2023-07-11"", ""2023-06-02"", ""2022-07-05"", ""2022-04-29"", ""2022-03-28"", ""2021-12-28"", ""2021-11-02""]","{小高层,高层}",小高层、高层,70年,2.56,42%,1900,"毛坯,简装修",,住宅,龙湖智慧服务,2.31元/㎡/月,,2313,1:1.2,售罄,售罄,售罄,"[""青房注字（胶州）第2023018号"", ""青房注字（胶州）第2023013号"", ""青房注字（胶州）第2022032号"", ""青房注字（胶州）第2022022号"", ""青房注字（胶州）第2022009号"", ""青房注字（胶州）第2021120号"", ""青房注字（胶州）第2021109号""]","[""20#"", ""5#"", ""24#"", ""10#"", ""17#"", ""11#"", ""16#、6#""]",金茂,天一仁和,天一仁和集团,民电,民水,36.277007,120.096194,"{""service_num"": ""4006708287"", ""num"": ""42940""}","{""56"": ""车位充足"", ""53"": ""高绿化率"", ""29"": ""装修交付"", ""76"": ""厨卫全明"", ""74"": ""南北通透"", ""78"": ""大户型"", ""404"": ""客餐厅相连"", ""403"": ""私密性好"", ""402"": ""玄关入户"", ""401"": ""户型方正"", ""397"": ""动静分离"", ""85"": ""主卧套房"", ""637"": ""公办中学"", ""636"": ""公办小学"", ""598"": ""民办幼儿园"", ""597"": ""公办幼儿园"", ""263"": ""VR看房"", ""54"": ""大型社区"", ""50"": ""品牌开发商""}","[""车位充足"", ""高绿化率"", ""装修交付"", ""厨卫全明"", ""南北通透""]",https://pic4.ajkimg.com/display/xinfang/14d9ea845c1a77639c43a2d2dc130817/275x206n.jpg,[],青岛胶州中央商务区B地块澳门路7号
3483162,盛林二期,青岛,30,市北区,3640,图书馆,5186,青岛市北区图书馆镇海路7号,,,,,26-87㎡,10667m²,37351m²,"[{""id"": 152258, ""rooms"": 1, ""room_alias"": ""一室"", ""area"": 26}, {""id"": 152266, ""rooms"": 1, ""room_alias"": ""一室"", ""area"": 28}, {""id"": 152255, ""rooms"": 1, ""room_alias"": ""一室"", ""area"": 40.01}, {""id"": 152262, ""rooms"": 2, ""room_alias"": ""二室"", ""area"": 59}, {""id"": 152259, ""rooms"": 2, ""room_alias"": ""二室"", ""area"": 63}, {""id"": 152260, ""rooms"": 2, ""room_alias"": ""二室"", ""area"": 87}]",1/2室,商业户型,2005-12-25,,2005年,2006年,[],多层,高层,40年,4.48,20%,486,"毛坯,带装修",,商业,世茂服务,4.5元/㎡/月,,706,1:1.2,售罄,售罄,售罄,"[""青房注字(2015)第152号"", ""青房注字(2015)第094号""]",[],碧桂园,,山东海洋发展有限公司,商电,商水,36.09578,120.407859,"""""","{""56"": ""车位充足"", ""29"": ""装修交付"", ""9"": ""轨交房"", ""10"": ""多轨交"", ""72"": ""配套纯熟"", ""71"": ""便利店"", ""70"": ""银行"", ""68"": ""医院"", ""64"": ""购物中心""}","[""车位充足"", ""装修交付"", ""轨交房"", ""多轨交"", ""配套纯熟""]",https://pic4.ajkimg.com/display/xinfang/4a59bdb33ab76f3c75926c6f8cdae344/275x206n.jpg,"[{""id"": ""7314993"", ""loupan_id"": ""400766"", ""station_id"": ""4369"", ""subway_id"": ""121"", ""city_id"": ""30"", ""distance"": ""839米"", ""status"": ""1"", ""last_update_time"": ""1774212707"", ""is_rail_loupan"": ""1"", ""subway_name"": ""3号线"", ""station_name"": ""敦化路"", ""distance_raw"": ""839""}, {""id"": ""7313526"", ""loupan_id"": ""400766"", ""station_id"": ""120732"", ""subway_id"": ""12051"", ""city_id"": ""30"", ""distance"": ""1036米"", ""status"": ""1"", ""last_update_time"": ""1774212705"", ""is_rail_loupan"": ""1"", ""subway_name"": ""4号线"", ""station_name"": ""错埠岭"", ""distance_raw"": ""1036""}, {""id"": ""7314995"", ""loupan_id"": ""400766"", ""station_id"": ""4368"", ""subway_id"": ""121"", ""city_id"": ""30"", ""distance"": ""1135米"", ""status"": ""1"", ""last_update_time"": ""1774212707"", ""is_rail_loupan"": ""1"", ""subway_name"": ""3号线"", ""station_name"": ""错埠岭"", ""distance_raw"": ""1135""}, {""id"": ""7313320"", ""loupan_id"": ""400766"", ""station_id"": ""121168"", ""subway_id"": ""12068"", ""city_id"": ""30"", ""distance"": ""1180米"", ""status"": ""1"", ""last_update_time"": ""1774212705"", ""is_rail_loupan"": ""1"", ""subway_name"": ""5号线"", ""station_name"": ""宁夏路"", ""distance_raw"": ""1180""}, {""id"": ""7314977"", ""loupan_id"": ""400766"", ""station_id"": ""4370"", ""subway_id"": ""121"", ""city_id"": ""30"", ""distance"": ""1288米"", ""status"": ""1"", ""last_update_time"": ""1774212707"", ""is_rail_loupan"": ""1"", ""subway_name"": ""3号线"", ""station_name"": ""宁夏路"", ""distance_raw"": ""1288""}, {""id"": ""7313731"", ""loupan_id"": ""400766"", ""station_id"": ""121287"", ""subway_id"": ""1044"", ""city_id"": ""30"", ""distance"": ""1420米"", ""status"": ""1"", ""last_update_time"": ""1774212705"", ""is_rail_loupan"": ""1"", ""subway_name"": ""8号线"", ""station_name"": ""澳柯玛桥"", ""distance_raw"": ""1420""}, {""id"": ""7313319"", ""loupan_id"": ""400766"", ""station_id"": ""121169"", ""subway_id"": ""12068"", ""city_id"": ""30"", ""distance"": ""1420米"", ""status"": ""1"", ""last_update_time"": ""1774212705"", ""is_rail_loupan"": ""1"", ""subway_name"": ""5号线"", ""station_name"": ""澳柯玛桥"", ""distance_raw"": ""1420""}, {""id"": ""7313732"", ""loupan_id"": ""400766"", ""station_id"": ""121286"", ""subway_id"": ""1044"", ""city_id"": ""30"", ""distance"": ""1451米"", ""status"": ""1"", ""last_update_time"": ""1774212705"", ""is_rail_loupan"": ""1"", ""subway_name"": ""8号线"", ""station_name"": ""西吴家村"", ""distance_raw"": ""1451""}]",市北区南京路222号
9155827,盛半岛源,青岛,30,西海岸新区,3646,滨海大道,5211,青岛西海岸新区滨海大道东岳中路719号,,,,,106-148㎡,664000m²,800000m²,"[{""id"": 45054, ""rooms"": 3, ""room_alias"": ""三室"", ""area"": 105.93}, {""id"": 45055, ""rooms"": 3, ""room_alias"": ""三室"", ""area"": 109.45}, {""id"": 45053, ""rooms"": 3, ""room_alias"": ""三室"", ""area"": 114.03}, {""id"": 44986, ""rooms"": 3, ""room_alias"": ""三室"", ""area"": 127.51}, {""id"": 45052, ""rooms"": 3, ""room_alias"": ""三室"", ""area"": 141.89}, {""id"": 45056, ""rooms"": 3, ""room_alias"": ""三室"", ""area"": 147.89}]",3室,3室户型,2005-04-05,,2005年,2006年,[],多层,多层、小高层、高层,70年,1.13,35%,498,毛坯,,住宅,合景悠活,2.4元/㎡/月,,1258,1:1,售罄,售罄,售罄,"[""南房注字(2013)第021号"", ""南房注字(2013)第023号"", ""南房注字(2011)第001"", ""南房注字(2013)第024号"", ""南房注字(2013)第022号"", ""南房注字(2013)第020""]",[],朗诗,,青岛天一集团樱珠山房地产开发有限公司,民电,民水,35.897309,120.008851,"{""service_num"": ""4006708287"", ""num"": """"}","{""52"": ""低容积"", ""9"": ""轨交房"", ""63"": ""旅游地产"", ""72"": ""配套纯熟"", ""70"": ""银行"", ""69"": ""学校"", ""68"": ""医院"", ""66"": ""公园"", ""65"": ""商业街"", ""64"": ""购物中心"", ""78"": ""大户型"", ""637"": ""公办中学"", ""636"": ""公办小学"", ""598"": ""民办幼儿园"", ""597"": ""公办幼儿园""}","[""低容积"", ""轨交房"", ""旅游地产"", ""配套纯熟"", ""银行""]",https://pic4.ajkimg.com/display/xinfang/0e3e96471d8faca723c041a09a2cb6d3/275x206n.jpg,"[{""id"": ""7316318"", ""loupan_id"": ""241792"", ""station_id"": ""4411"", ""subway_id"": ""123"", ""city_id"": ""30"", ""distance"": ""672米"", ""status"": ""1"", ""last_update_time"": ""1774212708"", ""is_rail_loupan"": ""1"", ""subway_name"": ""西海岸快线"", ""station_name"": ""凤凰山路"", ""distance_raw"": ""672""}]",黄岛区东岳中路719号（西海岸汽车站东）
5719233,桓竹梦想坊,青岛,30,市北区,3640,错埠岭,5437,青岛市北区错埠岭吴石路16号,,,,,95㎡,45000m²,93000m²,"[{""id"": 65951, ""rooms"": 2, ""room_alias"": ""二室"", ""area"": 95}, {""id"": 65952, ""rooms"": 2, ""room_alias"": ""二室"", ""area"": 95}, {""id"": 65953, ""rooms"": 2, ""room_alias"": ""二室"", ""area"": 95}, {""id"": 65954, ""rooms"": 2, ""room_alias"": ""二室"", ""area"": 95}]",2室,2室户型,2005-03-03,,2005年,2006年,[],小高层,多层、小高层,70年,1.4,39%,600,毛坯,,住宅,万科物业,1.5~2.1元/㎡/月,,600,1:1,售罄,售罄,售罄,"[""青房注字(2013)第016号"", ""青房注字(2010)012号""]",[],中梁,,青岛康储实业有限公司,民电,民水,36.109848,120.407509,"""""","{""53"": ""高绿化率"", ""52"": ""低容积"", ""9"": ""轨交房"", ""10"": ""多轨交"", ""72"": ""配套纯熟"", ""71"": ""便利店"", ""70"": ""银行"", ""69"": ""学校"", ""68"": ""医院"", ""66"": ""公园"", ""65"": ""商业街"", ""64"": ""购物中心"", ""638"": ""民办中学"", ""637"": ""公办中学"", ""636"": ""公办小学"", ""635"": ""民办小学"", ""624"": ""九年一贯制"", ""598"": ""民办幼儿园"", ""597"": ""公办幼儿园""}","[""高绿化率"", ""低容积"", ""轨交房"", ""多轨交"", ""配套纯熟""]",https://pic4.ajkimg.com/display/xinfang/6f0f7e6ca3d0c8804035ea050a0590f1/275x206n.jpg,"[{""id"": ""7315050"", ""loupan_id"": ""241719"", ""station_id"": ""120733"", ""subway_id"": ""12051"", ""city_id"": ""30"", ""distance"": ""594米"", ""status"": ""1"", ""last_update_time"": ""1774212707"", ""is_rail_loupan"": ""1"", ""subway_name"": ""4号线"", ""station_name"": ""福辽立交桥"", ""distance_raw"": ""594""}, {""id"": ""7313754"", ""loupan_id"": ""241719"", ""station_id"": ""4368"", ""subway_id"": ""121"", ""city_id"": ""30"", ""distance"": ""1076米"", ""status"": ""1"", ""last_update_time"": ""1774212705"", ""is_rail_loupan"": ""1"", ""subway_name"": ""3号线"", ""station_name"": ""错埠岭"", ""distance_raw"": ""1076""}, {""id"": ""7315054"", ""loupan_id"": ""241719"", ""station_id"": ""120732"", ""subway_id"": ""12051"", ""city_id"": ""30"", ""distance"": ""1311米"", ""status"": ""1"", ""last_update_time"": ""1774212707"", ""is_rail_loupan"": ""1"", ""subway_name"": ""4号线"", ""station_name"": ""错埠岭"", ""distance_raw"": ""1311""}, {""id"": ""7315051"", ""loupan_id"": ""241719"", ""station_id"": ""120735"", ""subway_id"": ""12051"", ""city_id"": ""30"", ""distance"": ""1454米"", ""status"": ""1"", ""last_update_time"": ""1774212707"", ""is_rail_loupan"": ""1"", ""subway_name"": ""4号线"", ""station_name"": ""洪山坡(妇儿医院)"", ""distance_raw"": ""1454""}]",市北区辽阳西路173号（青岛市出版物和文化产权交易中心）
4187323,悦公寓三期,青岛,30,平度市,3649,平度,3722,青岛平度市平度厦门路与苏州路交界处,,,,,98-123㎡,38628m²,58000m²,"[{""id"": 146180, ""rooms"": 3, ""room_alias"": ""三室"", ""area"": 98}, {""id"": 146179, ""rooms"": 3, ""room_alias"": ""三室"", ""area"": 123}]",3室,3室户型,2005-04-04,,2005年,2006年,[],{多层},多层,70年,1.4,40%,523,毛坯,,住宅,新城悦服务,0.4元/㎡/月,,100,1:0.2,售罄,售罄,售罄,"[""青房地权备字2014第346号"", ""平房注字(2011)336号""]",[],佳兆业,,,民电,民水,36.787788,119.976501,"""""","{""53"": ""高绿化率"", ""52"": ""低容积"", ""72"": ""配套纯熟"", ""71"": ""便利店"", ""70"": ""银行"", ""69"": ""学校"", ""68"": ""医院"", ""65"": ""商业街"", ""78"": ""大户型"", ""638"": ""民办中学"", ""637"": ""公办中学"", ""636"": ""公办小学"", ""635"": ""民办小学"", ""598"": ""民办幼儿园"", ""597"": ""公办幼儿园""}","[""高绿化率"", ""低容积"", ""配套纯熟"", ""便利店"", ""银行""]",https://pic4.ajkimg.com/display/xinfang/402415ba6b378840cac16953d289b0a3/275x206n.jpg,[],青岛平度市青岛路172号（联邦家具西侧）
7758243,恒白鸽岸,青岛,30,平度市,3649,平度,3722,青岛平度市平度苏州路与深圳路交汇处,,8568元/㎡,8568元/㎡,,,25000m²,45000m²,[],,,2005-09-26,2021年11月20日,2005年,2006年,[],{},,40年,,,156,毛坯,在建中，竣工时间：2022-07-31,临街店铺,中海物业,4.5元/㎡/月,,,,售罄,售罄,售罄,[],[],华润,海信地产,,商电,商水,36.757622,119.979424,"""""","{""559"": ""现房"", ""7"": ""项目在建"", ""5"": ""低单价"", ""68"": ""医院"", ""55"": ""小型社区"", ""50"": ""品牌开发商""}","[""现房"", ""项目在建"", ""低单价"", ""医院"", ""小型社区""]",https://pic4.ajkimg.com/display/xinfang/695c2158b0d0112b27ef22de26440e53/275x206n.jpg,[],平度苏州路与深圳路交汇处凤台世家售楼处
7710988,隆海春天邸,青岛,30,西海岸新区,3646,滨海大道,5211,青岛西海岸新区滨海大道滨海大道以西100米,,,,,90-125㎡,450000m²,450000m²,"[{""id"": 40579, ""rooms"": 2, ""room_alias"": ""二室"", ""area"": 90}, {""id"": 40580, ""rooms"": 3, ""room_alias"": ""三室"", ""area"": 109}, {""id"": 40581, ""rooms"": 3, ""room_alias"": ""三室"", ""area"": 125}]",2/3室,"2室户型,3室户型",2005-05-14,,2005年,2006年,[],"{多层,小高层}",多层、小高层,70年,1.4,40%,779,毛坯,,住宅,金地智慧服务,1.6元/㎡/月,,1800,1:0.9,售罄,售罄,售罄,"[""南房注字(2011)第010号"", ""南房注字(2010)第035"", ""南房注字(2010)第014"", ""南房注字(2009)第028"", ""南房注字(2009)第027""]",[],融创,,青岛隆海集团有限公司,民电,民水,35.822381,120.009746,"""""","{""53"": ""高绿化率"", ""52"": ""低容积"", ""63"": ""旅游地产"", ""72"": ""配套纯熟"", ""69"": ""学校"", ""68"": ""医院"", ""66"": ""公园"", ""64"": ""购物中心"", ""78"": ""大户型"", ""638"": ""民办中学"", ""637"": ""公办中学"", ""636"": ""公办小学"", ""635"": ""民办小学"", ""598"": ""民办幼儿园"", ""597"": ""公办幼儿园""}","[""高绿化率"", ""低容积"", ""旅游地产"", ""配套纯熟"", ""学校""]",https://pic4.ajkimg.com/display/xinfang/8e2051514767af85e32b87f8e1bcc8cd/275x206n.jpg,[],青岛售楼处：青岛市市南区福州南路50号甲；胶南售楼处：胶南市世纪大道以西100米，仅靠灵山湾国家森林公园
6159357,万洲一期,青岛,30,平度市,3649,平度,3722,青岛平度市平度北至厦门路，南至朝阳路，西至同圣路，东至苏州路,,,,,64-114㎡,7.4m²,14.58m²,"[{""id"": 345333, ""rooms"": 2, ""room_alias"": ""二室"", ""area"": 64}, {""id"": 345334, ""rooms"": 2, ""room_alias"": ""二室"", ""area"": 78}, {""id"": 345335, ""rooms"": 2, ""room_alias"": ""二室"", ""area"": 78}, {""id"": 345336, ""rooms"": 3, ""room_alias"": ""三室"", ""area"": 92}, {""id"": 345337, ""rooms"": 3, ""room_alias"": ""三室"", ""area"": 92}, {""id"": 300000, ""rooms"": 3, ""room_alias"": ""三室"", ""area"": 96.08}, {""id"": 345338, ""rooms"": 3, ""room_alias"": ""三室"", ""area"": 105}, {""id"": 300007, ""rooms"": 3, ""room_alias"": ""三室"", ""area"": 105.5}, {""id"": 300011, ""rooms"": 3, ""room_alias"": ""三室"", ""area"": 114.45}]",2/3室,"2室户型,3室户型",2005-07-12,,2005年,2006年,[],"{多层,高层}",多层、高层,70年,1.83,36%,964,毛坯,,住宅,万科物业,0.59~1.02元/㎡/月,,560,10:01,售罄,售罄,售罄,"[""青房注字（青平注）第530号"", ""青房注字（青平注）第525号"", ""平房注字(2017)642""]",[],碧桂园,,青岛成元房地产开发有限公司,民电,民水,36.780646,119.975772,"""""","{""53"": ""高绿化率"", ""52"": ""低容积"", ""79"": ""小户型"", ""78"": ""大户型"", ""638"": ""民办中学"", ""637"": ""公办中学"", ""636"": ""公办小学"", ""635"": ""民办小学"", ""598"": ""民办幼儿园"", ""597"": ""公办幼儿园""}","[""高绿化率"", ""低容积"", ""小户型"", ""大户型"", ""民办中学""]",https://pic4.ajkimg.com/display/xinfang/ef0756f39d892601e59d11b714f25ab8/275x206n.jpg,[],平度市杭州路与朝阳路交汇处（开元城·开元盛景南门）
2558454,新阳光名城,青岛,30,市北区,3640,图书馆,5186,青岛市北区图书馆镇海路7号（青岛阜外心血管病医院对面）,,,,,113㎡,10667m²,37351m²,"[{""id"": 481412, ""rooms"": 1, ""room_alias"": ""一室"", ""area"": 113}]",1室,商业户型,2005-03-20,2018年12月31日,2005年,2006年,[],多层,高层,40年,9,20%,600,简装修,,商业,合景悠活,4元/㎡/月,,711,1:1.2,售罄,售罄,售罄,"[""青房注字(2015)第094号"", ""青房注字(2015)第152号""]",[],中梁,中信集团,山东海洋,商电,商水,36.107315,120.407252,"""""","{""559"": ""现房"", ""81"": ""大阳台"", ""56"": ""车位充足"", ""29"": ""装修交付"", ""9"": ""轨交房"", ""74"": ""南北通透"", ""10"": ""多轨交"", ""72"": ""配套纯熟"", ""71"": ""便利店"", ""70"": ""银行"", ""68"": ""医院"", ""64"": ""购物中心"", ""86"": ""全景飘窗"", ""50"": ""品牌开发商""}","[""现房"", ""大阳台"", ""车位充足"", ""装修交付"", ""轨交房""]",https://pic4.ajkimg.com/display/xinfang/cdf93a69be32bfab580eace9c00f815d/275x206n.jpg,"[{""id"": ""7313708"", ""loupan_id"": ""413205"", ""station_id"": ""4369"", ""subway_id"": ""121"", ""city_id"": ""30"", ""distance"": ""836米"", ""status"": ""1"", ""last_update_time"": ""1774212705"", ""is_rail_loupan"": ""1"", ""subway_name"": ""3号线"", ""station_name"": ""敦化路"", ""distance_raw"": ""836""}, {""id"": ""7314594"", ""loupan_id"": ""413205"", ""station_id"": ""120732"", ""subway_id"": ""12051"", ""city_id"": ""30"", ""distance"": ""1061米"", ""status"": ""1"", ""last_update_time"": ""1774212706"", ""is_rail_loupan"": ""1"", ""subway_name"": ""4号线"", ""station_name"": ""错埠岭"", ""distance_raw"": ""1061""}, {""id"": ""7313707"", ""loupan_id"": ""413205"", ""station_id"": ""4368"", ""subway_id"": ""121"", ""city_id"": ""30"", ""distance"": ""1132米"", ""status"": ""1"", ""last_update_time"": ""1774212705"", ""is_rail_loupan"": ""1"", ""subway_name"": ""3号线"", ""station_name"": ""错埠岭"", ""distance_raw"": ""1132""}, {""id"": ""7313504"", ""loupan_id"": ""413205"", ""station_id"": ""121168"", ""subway_id"": ""12068"", ""city_id"": ""30"", ""distance"": ""1176米"", ""status"": ""1"", ""last_update_time"": ""1774212705"", ""is_rail_loupan"": ""1"", ""subway_name"": ""5号线"", ""station_name"": ""宁夏路"", ""distance_raw"": ""1176""}, {""id"": ""7313662"", ""loupan_id"": ""413205"", ""station_id"": ""4370"", ""subway_id"": ""121"", ""city_id"": ""30"", ""distance"": ""1285米"", ""status"": ""1"", ""last_update_time"": ""1774212705"", ""is_rail_loupan"": ""1"", ""subway_name"": ""3号线"", ""station_name"": ""宁夏路"", ""distance_raw"": ""1285""}, {""id"": ""7313506"", ""loupan_id"": ""413205"", ""station_id"": ""121169"", ""subway_id"": ""12068"", ""city_id"": ""30"", ""distance"": ""1333米"", ""status"": ""1"", ""last_update_time"": ""1774212705"", ""is_rail_loupan"": ""1"", ""subway_name"": ""5号线"", ""station_name"": ""澳柯玛桥"", ""distance_raw"": ""1333""}, {""id"": ""7313874"", ""loupan_id"": ""413205"", ""station_id"": ""121287"", ""subway_id"": ""1044"", ""city_id"": ""30"", ""distance"": ""1333米"", ""status"": ""1"", ""last_update_time"": ""1774212705"", ""is_rail_loupan"": ""1"", ""subway_name"": ""8号线"", ""station_name"": ""澳柯玛桥"", ""distance_raw"": ""1333""}, {""id"": ""7313872"", ""loupan_id"": ""413205"", ""station_id"": ""121286"", ""subway_id"": ""1044"", ""city_id"": ""30"", ""distance"": ""1364米"", ""status"": ""1"", ""last_update_time"": ""1774212705"", ""is_rail_loupan"": ""1"", ""subway_name"": ""8号线"", ""station_name"": ""西吴家村"", ""distance_raw"": ""1364""}]",市北区南京路222号（青岛阜外医院对面）
4632774,青特龙湖豪庭,青岛,30,李沧区,3642,世园,5195,青岛李沧区世园青岛市李沧区铜川路121号,,,,,119-139㎡,19245.4m²,63947.27m²,"[{""id"": 890117, ""rooms"": 3, ""room_alias"": ""三室"", ""area"": 119}, {""id"": 890118, ""rooms"": 3, ""room_alias"": ""三室"", ""area"": 121}, {""id"": 890116, ""rooms"": 3, ""room_alias"": ""三室"", ""area"": 139}, {""id"": 890119, ""rooms"": 4, ""room_alias"": ""四室"", ""area"": 121}, {""id"": 890120, ""rooms"": 4, ""room_alias"": ""四室"", ""area"": 139}]",3/4室,"3室户型,4室户型",2005-05-20,2026年03月28日,2005年,2006年,"[""2026-03-26"", ""2026-03-26""]",多层,多层,70年,2.4,30%,374,毛坯,,住宅,雅生活服务,,,,,售罄,售罄,售罄,"[""青房预字（2026）第011号"", ""青房预字（2026）第012号""]","[""2#"", ""6#""]",远洋,青特集团,青岛丰茂置业有限公司,民电,民水,36.193866,120.470753,"{""service_num"": ""4006708287"", ""num"": ""72125""}","{""80"": ""得房率高"", ""9"": ""轨交房"", ""72"": ""配套纯熟"", ""71"": ""便利店"", ""70"": ""银行"", ""69"": ""学校"", ""68"": ""医院"", ""67"": ""生态绿地"", ""66"": ""公园"", ""65"": ""商业街"", ""64"": ""购物中心"", ""78"": ""大户型"", ""92"": ""热搜盘"", ""90"": ""人气楼盘"", ""638"": ""民办中学"", ""637"": ""公办中学"", ""636"": ""公办小学"", ""599"": ""省级示范园"", ""598"": ""民办幼儿园"", ""597"": ""公办幼儿园"", ""422"": ""30日内开盘"", ""55"": ""小型社区"", ""50"": ""品牌开发商""}","[""得房率高"", ""轨交房"", ""配套纯熟"", ""便利店"", ""银行""]",https://pic4.ajkimg.com/display/xinfang/86235fec385ef0c7f2c1fa74efeb0191/275x206n.jpg,"[{""id"": ""7337420"", ""loupan_id"": ""533907"", ""station_id"": ""121230"", ""subway_id"": ""126"", ""city_id"": ""30"", ""distance"": ""1363米"", ""status"": ""1"", ""last_update_time"": ""1774212707"", ""is_rail_loupan"": ""1"", ""subway_name"": ""2号线"", ""station_name"": ""合川路"", ""distance_raw"": ""1363""}, {""id"": ""7337421"", ""loupan_id"": ""533907"", ""station_id"": ""121229"", ""subway_id"": ""126"", ""city_id"": ""30"", ""distance"": ""1370米"", ""status"": ""1"", ""last_update_time"": ""1774212707"", ""is_rail_loupan"": ""1"", ""subway_name"": ""2号线"", ""station_name"": ""佛耳崖"", ""distance_raw"": ""1370""}]",青岛市李沧区铜川路117号（原青特璟誉生活馆）
9236785,嘉锦园三期,青岛,30,西海岸新区,3646,珠山路,5208,青岛西海岸新区珠山路大珠山路与相公山路交叉口西100米,,2399元/㎡,2399元/㎡,首付11万，月供2759元,86-109㎡,37642m²,103137m²,"[{""id"": 617549, ""rooms"": 3, ""room_alias"": ""三室"", ""area"": 86}, {""id"": 617546, ""rooms"": 3, ""room_alias"": ""三室"", ""area"": 99}, {""id"": 617547, ""rooms"": 3, ""room_alias"": ""三室"", ""area"": 99}, {""id"": 617545, ""rooms"": 3, ""room_alias"": ""三室"", ""area"": 109}]",3室,3室户型,2005-11-16,2021年07月23日,2005年,2006年,"[""2023-03-30"", ""2021-07-23"", ""2020-12-25"", ""2021-05-10""]",超高层,小高层,70年,2,30%,782,毛坯,,住宅,中海物业,2.9元/㎡/月,,860,1:1.1,售罄,售罄,售罄,"[""青房注字青黄（2023）第039号"", ""青房注字青黄（2021）第121号"", ""青房注字（青黄20）第329号"", ""青房注字青黄（2021）第075号""]","[""11#、12#"", ""4#、7#、8#、9#"", ""2#、3#、6#"", ""1#、5#""]",恒大,金地集团,融发、金地商置,民电,民水,35.827393,119.994229,"""""","{""81"": ""大阳台"", ""56"": ""车位充足"", ""76"": ""厨卫全明"", ""74"": ""南北通透"", ""73"": ""卧室全朝南"", ""276"": ""一房一价"", ""404"": ""客餐厅相连"", ""402"": ""玄关入户"", ""401"": ""户型方正"", ""85"": ""主卧套房"", ""83"": ""双阳台"", ""82"": ""双卫生间"", ""637"": ""公办中学"", ""636"": ""公办小学"", ""598"": ""民办幼儿园"", ""597"": ""公办幼儿园"", ""541"": ""3D沙盘"", ""540"": ""日照模拟"", ""263"": ""VR看房"", ""50"": ""品牌开发商""}","[""大阳台"", ""车位充足"", ""厨卫全明"", ""南北通透"", ""卧室全朝南""]",https://pic4.ajkimg.com/display/xinfang/2c1888074321c7375fc63c063aedcd7c/275x206n.jpg,[],青岛市胶南市大珠山路与德海路交叉口
996084,宏翡翠汇,青岛,30,城阳区,3644,棘洪滩,5203,青岛城阳区棘洪滩岙东北路260号,,3016元/㎡,3016元/㎡,首付12万，月供3046元,89-119㎡,52227.39m²,176136.24m²,"[{""id"": 687173, ""rooms"": 3, ""room_alias"": ""三室"", ""area"": 89}, {""id"": 687176, ""rooms"": 3, ""room_alias"": ""三室"", ""area"": 108}, {""id"": 687231, ""rooms"": 3, ""room_alias"": ""三室"", ""area"": 119}]",3室,3室户型,2005-04-17,2021年07月16日,2005年,2006年,"[""2021-11-23"", ""2021-08-31"", ""2021-07-16""]","{小高层,高层}",小高层、高层,70年,2.5,35%,1030,毛坯,已竣工，竣工时间：2023-12-31,住宅,万科物业,2.9元/㎡/月,,1413,1:1.37,售罄,售罄,售罄,"[""城行审建（2021）1291号"", ""城行审建（2021）901号"", ""城行审建（2021）764号""]","[""2#、7#、10#、11#、12#、13#、14#、15#"", ""5#、8#、9#"", ""3#、4#""]",招商蛇口,卓越置业,青岛卓信中寰实业有限公司,民电,民水,36.343603,120.278187,"""""","{""557"": ""项目竣工"", ""56"": ""车位充足"", ""76"": ""厨卫全明"", ""74"": ""南北通透"", ""276"": ""一房一价"", ""78"": ""大户型"", ""404"": ""客餐厅相连"", ""403"": ""私密性好"", ""402"": ""玄关入户"", ""401"": ""户型方正"", ""85"": ""主卧套房"", ""637"": ""公办中学"", ""636"": ""公办小学"", ""635"": ""民办小学"", ""598"": ""民办幼儿园"", ""597"": ""公办幼儿园"", ""541"": ""3D沙盘"", ""263"": ""VR看房"", ""50"": ""品牌开发商""}","[""项目竣工"", ""车位充足"", ""厨卫全明"", ""南北通透"", ""一房一价""]",https://pic4.ajkimg.com/display/xinfang/fb0ca63a27ed8f14e92cab462e59bb9a/275x206n.jpg,[],青岛市城阳区岙东北路260号
1674561,中建东方邸,青岛,30,即墨区,3645,温泉镇,5207,青岛即墨区温泉镇滨海公路与嶺海中路交汇处,,,,,98㎡,100000m²,250000m²,"[{""id"": 419884, ""rooms"": 3, ""room_alias"": ""三室"", ""area"": 98}, {""id"": 419885, ""rooms"": 3, ""room_alias"": ""三室"", ""area"": 98}]",3室,3室户型,2005-09-03,2019年06月15日,2005年,2006年,"[""2019-06-12""]","{多层,小高层,高层}",多层、小高层、高层,70年,1.8,42%,1544,"毛坯,带装修",,住宅,新城悦服务,1.6元/㎡/月,,2846,1:1.84,售罄,售罄,售罄,"[""即房注字(2019)第007号""]","[""20#、21#、22#、23#、4#、7#""]",绿城,中建地产,中建八局,民电,民水,36.463524,120.72211,"""""","{""559"": ""现房"", ""81"": ""大阳台"", ""56"": ""车位充足"", ""53"": ""高绿化率"", ""52"": ""低容积"", ""29"": ""装修交付"", ""76"": ""厨卫全明"", ""75"": ""三房朝南"", ""74"": ""南北通透"", ""402"": ""玄关入户"", ""401"": ""户型方正"", ""397"": ""动静分离"", ""635"": ""民办小学"", ""597"": ""公办幼儿园"", ""263"": ""VR看房"", ""54"": ""大型社区"", ""50"": ""品牌开发商""}","[""现房"", ""大阳台"", ""车位充足"", ""高绿化率"", ""低容积""]",https://pic4.ajkimg.com/display/xinfang/52d17732a1a991d486b8afe64ca2a376/275x206n.jpg,[],即墨区蓝色硅谷温泉街道嶺海中路85号
7417077,海城,青岛,30,胶州市,3647,少海新城,17479,青岛胶州市少海新城胶泰路3号,,3598元/㎡,3598元/㎡,首付16万，月供3942元,105-142㎡,49800m²,74600m²,"[{""id"": 650126, ""rooms"": 3, ""room_alias"": ""三室"", ""area"": 105}, {""id"": 650129, ""rooms"": 3, ""room_alias"": ""三室"", ""area"": 124}, {""id"": 669052, ""rooms"": 3, ""room_alias"": ""三室"", ""area"": 132}, {""id"": 650131, ""rooms"": 3, ""room_alias"": ""三室"", ""area"": 142}]",3室,3室户型,2005-02-13,2021年04月09日,2005年,2006年,"[""2021-04-09"", ""2021-05-17"", ""2021-12-20""]",{花园洋房},花园洋房,70年,1,40%,414,毛坯,已封顶，竣工时间：2022-08-31,住宅,绿城服务,2.31元/㎡/月,,510,1:1.2,售罄,售罄,售罄,"[""青房注字（胶州）第2021022号"", ""青房注字（胶州）第2021039号"", ""青房注字（胶州）第2021118号""]","[""10#、11#、2#、7#、8#"", ""13#、1#、3#、4#、5#、9#"", ""12#""]",佳兆业,中海地产,青岛市联明地产有限公司,民电,民水,36.298826,120.08108,"""""","{""559"": ""现房"", ""56"": ""车位充足"", ""53"": ""高绿化率"", ""52"": ""低容积"", ""8"": ""项目封顶"", ""76"": ""厨卫全明"", ""74"": ""南北通透"", ""73"": ""卧室全朝南"", ""78"": ""大户型"", ""404"": ""客餐厅相连"", ""402"": ""玄关入户"", ""401"": ""户型方正"", ""397"": ""动静分离"", ""85"": ""主卧套房"", ""83"": ""双阳台"", ""597"": ""公办幼儿园"", ""263"": ""VR看房"", ""50"": ""品牌开发商""}","[""现房"", ""车位充足"", ""高绿化率"", ""低容积"", ""项目封顶""]",https://pic4.ajkimg.com/display/xinfang/6d47ddcf82535301c6cb35e7c7dbf85f/275x206n.jpg,[],青岛市胶州市少海北路32号
5798899,万翠竹小区,青岛,30,市南区,3639,香港路沿线,3653,青岛市南区香港路沿线香港中路93号,,,,,,37513m²,30855m²,[],,,2005-06-22,2018年12月01日,2005年,2006年,[],超高层,,40年,,25%,,,,购物中心,中海物业,2.9元/㎡/月,,784,1:1,售罄,售罄,售罄,[],[],世茂,,,商电,商水,36.061217,120.427745,"{""service_num"": ""4006708287"", ""num"": """"}","{""9"": ""轨交房"", ""10"": ""多轨交"", ""72"": ""配套纯熟"", ""70"": ""银行"", ""68"": ""医院"", ""65"": ""商业街"", ""64"": ""购物中心"", ""226"": ""商业街区"", ""218"": ""综合商铺"", ""213"": ""地铁沿线""}","[""轨交房"", ""多轨交"", ""配套纯熟"", ""银行"", ""医院""]",https://pic4.ajkimg.com/display/xinfang/0bd5e61619d4b321286863447d0c79c9/275x206n.jpg,"[{""id"": ""7314574"", ""loupan_id"": ""410806"", ""station_id"": ""4481"", ""subway_id"": ""126"", ""city_id"": ""30"", ""distance"": ""163米"", ""status"": ""1"", ""last_update_time"": ""1774212706"", ""is_rail_loupan"": ""1"", ""subway_name"": ""2号线"", ""station_name"": ""高雄路"", ""distance_raw"": ""163""}, {""id"": ""7314578"", ""loupan_id"": ""410806"", ""station_id"": ""4480"", ""subway_id"": ""126"", ""city_id"": ""30"", ""distance"": ""725米"", ""status"": ""1"", ""last_update_time"": ""1774212706"", ""is_rail_loupan"": ""1"", ""subway_name"": ""2号线"", ""station_name"": ""燕儿岛路"", ""distance_raw"": ""725""}, {""id"": ""7314998"", ""loupan_id"": ""410806"", ""station_id"": ""121166"", ""subway_id"": ""12068"", ""city_id"": ""30"", ""distance"": ""1227米"", ""status"": ""1"", ""last_update_time"": ""1774212707"", ""is_rail_loupan"": ""1"", ""subway_name"": ""5号线"", ""station_name"": ""北山公园"", ""distance_raw"": ""1227""}]",市南区香港中路93号
5045014,嘉凯龙湖锦园,青岛,30,李沧区,3642,李村,3690,青岛李沧区李村黑龙江中路568号，位于黑龙江中路李沧区上王埠村、东王埠村、桃园村，卧龙山、虎山交界的位置,,,,,230-290㎡,,,[],别墅,别墅户型,2005-06-08,,2005年,2006年,[],别墅,别墅：联排别墅,别墅：70年 住宅：70年,,,,别墅：毛坯 住宅：毛坯,,别墅,新城悦服务,,,,,售罄,售罄,售罄,[],[],中海,,青岛嘉凯城房地产开发有限公司,别墅：民电,别墅：民水,36.205679,120.457445,"{""service_num"": ""4006708287"", ""num"": """"}","{""9"": ""轨交房"", ""63"": ""旅游地产"", ""72"": ""配套纯熟"", ""71"": ""便利店"", ""70"": ""银行"", ""69"": ""学校"", ""68"": ""医院"", ""66"": ""公园"", ""65"": ""商业街"", ""64"": ""购物中心"", ""78"": ""大户型"", ""637"": ""公办中学"", ""636"": ""公办小学"", ""635"": ""民办小学"", ""599"": ""省级示范园"", ""598"": ""民办幼儿园"", ""597"": ""公办幼儿园"", ""55"": ""小型社区""}","[""轨交房"", ""旅游地产"", ""配套纯熟"", ""便利店"", ""银行""]",https://pic4.ajkimg.com/display/xinfang/24e22bc820ccda9489da1fef3af911dc/275x206n.jpg,"[{""id"": ""7313372"", ""loupan_id"": ""250917"", ""station_id"": ""121207"", ""subway_id"": ""12070"", ""city_id"": ""30"", ""distance"": ""373米"", ""status"": ""1"", ""last_update_time"": ""1774212705"", ""is_rail_loupan"": ""1"", ""subway_name"": ""15号线"", ""station_name"": ""富锦路"", ""distance_raw"": ""373""}]",李沧区黑龙江中路568号营销中心
5590027,恒雅居,青岛,30,平度市,3649,平度,3722,青岛平度市平度同和路和秀水河东路交汇处,,2399元/㎡,2399元/㎡,首付10万，月供2401元,101-138㎡,127000m²,350000m²,"[{""id"": 621170, ""rooms"": 3, ""room_alias"": ""三室"", ""area"": 101}, {""id"": 432497, ""rooms"": 3, ""room_alias"": ""三室"", ""area"": 105}, {""id"": 460543, ""rooms"": 3, ""room_alias"": ""三室"", ""area"": 109}, {""id"": 621172, ""rooms"": 3, ""room_alias"": ""三室"", ""area"": 115}, {""id"": 432496, ""rooms"": 3, ""room_alias"": ""三室"", ""area"": 119}, {""id"": 715693, ""rooms"": 3, ""room_alias"": ""三室"", ""area"": 122}, {""id"": 426752, ""rooms"": 3, ""room_alias"": ""三室"", ""area"": 127}, {""id"": 426753, ""rooms"": 3, ""room_alias"": ""三室"", ""area"": 138}, {""id"": 715692, ""rooms"": 4, ""room_alias"": ""四室"", ""area"": 133}]",3/4室,"3室户型,4室户型",2005-12-10,2021年05月08日,2005年,2006年,"[""2022-01-14"", ""2019-03-08"", ""2019-05-28"", ""2019-12-19"", ""2021-05-08"", ""2021-07-06""]",超高层,小高层、高层,70年,2,30%,2040,毛坯,,住宅,雅生活服务,1.9元/㎡/月,,2448,1:1.2,售罄,售罄,售罄,"[""青房注字（平注）第（2022）002号"", ""平房注字(2019)006"", ""平房注字(2019)013"", ""平房注字(2019)063"", ""青房注字（平注）第（2021）019号"", ""青房注字（平注）第（2021）027号""]","[""二期5#、二期8#"", ""9#、10#"", ""11#、4#、5#"", ""14#"", ""12#、4#、7#"", ""二期11#、二期13#、二期3#""]",中梁,和达集团,和达集团,民电,民水,36.75255,119.959056,"{""service_num"": ""4006708287"", ""num"": """"}","{""81"": ""大阳台"", ""56"": ""车位充足"", ""76"": ""厨卫全明"", ""75"": ""三房朝南"", ""74"": ""南北通透"", ""73"": ""卧室全朝南"", ""276"": ""一房一价"", ""69"": ""学校"", ""68"": ""医院"", ""78"": ""大户型"", ""404"": ""客餐厅相连"", ""402"": ""玄关入户"", ""401"": ""户型方正"", ""397"": ""动静分离"", ""85"": ""主卧套房"", ""83"": ""双阳台"", ""82"": ""双卫生间"", ""637"": ""公办中学"", ""636"": ""公办小学"", ""598"": ""民办幼儿园"", ""597"": ""公办幼儿园"", ""540"": ""日照模拟"", ""263"": ""VR看房"", ""54"": ""大型社区"", ""50"": ""品牌开发商""}","[""大阳台"", ""车位充足"", ""厨卫全明"", ""三房朝南"", ""南北通透""]",https://pic4.ajkimg.com/display/xinfang/26cb4ea7163b7a3e81ece131310ddc1f/275x206n.jpg,[],同和路42-2号
2046455,天桃源庭,青岛,30,即墨区,3645,即墨老城,17475,青岛即墨区即墨老城青威路与墨城路交汇处（即墨汽车总站北）,,3598元/㎡,3598元/㎡,首付13万，月供3333元,82-118㎡,111877m²,241686.22m²,"[{""id"": 655128, ""rooms"": 2, ""room_alias"": ""二室"", ""area"": 82}, {""id"": 587286, ""rooms"": 3, ""room_alias"": ""三室"", ""area"": 89}, {""id"": 655129, ""rooms"": 3, ""room_alias"": ""三室"", ""area"": 105}, {""id"": 589365, ""rooms"": 3, ""room_alias"": ""三室"", ""area"": 108}, {""id"": 587290, ""rooms"": 3, ""room_alias"": ""三室"", ""area"": 118}]",2/3室,"2室户型,3室户型",2005-04-13,2021年08月22日,2005年,2006年,"[""2020-08-24"", ""2020-09-17"", ""2020-08-24"", ""2020-12-24"", ""2020-12-31"", ""2021-01-05"", ""2021-01-22"", ""2021-03-23"", ""2021-04-02"", ""2021-05-08"", ""2021-06-16"", ""2021-06-28"", ""2021-08-13""]",高层,小高层,70年,2,30%,2244,带装修,,住宅,保利物业,2.77元/㎡/月,,2689,1:1.1,售罄,售罄,售罄,"[""即房注字(2020)第115号"", ""即房注字(2020)第136号"", ""即房注字(2020)第114号"", ""即房注字(2020)第197号"", ""即房注字(2020)第199号"", ""即房注字(2020)第207号"", ""即房注字(2021)第003号"", ""即房注字(2021)第015号"", ""即房注字(2021)第029号"", ""即房注字(2021)第043号"", ""即房注字(2021)第063号"", ""即房注字(2021)第070号"", ""即房注字(2021)第103号""]","[""2#、3#、4#、5#、6#"", ""11#、12#、13#"", ""8#、9#、10#"", ""B区1#、B区4#"", ""B区2#"", ""B区3#"", ""B区5#、B区6#"", ""B区7#"", ""A区1#、A区2#、A区3#、A区6#"", ""A区4#"", ""A区8#"", ""A区10#、A区11#、A区12#"", ""A区5#、A区7#、A区9#""]",招商蛇口,"旭辉集团,银盛泰集团",青岛辉盛置业有限公司,民电,民水,36.413547,120.469646,"""""","{""559"": ""现房"", ""81"": ""大阳台"", ""56"": ""车位充足"", ""29"": ""装修交付"", ""9"": ""轨交房"", ""76"": ""厨卫全明"", ""74"": ""南北通透"", ""73"": ""卧室全朝南"", ""33"": ""智能住宅"", ""32"": ""绿色住宅"", ""78"": ""大户型"", ""404"": ""客餐厅相连"", ""403"": ""私密性好"", ""402"": ""玄关入户"", ""401"": ""户型方正"", ""85"": ""主卧套房"", ""637"": ""公办中学"", ""636"": ""公办小学"", ""635"": ""民办小学"", ""598"": ""民办幼儿园"", ""597"": ""公办幼儿园"", ""263"": ""VR看房"", ""54"": ""大型社区"", ""50"": ""品牌开发商""}","[""现房"", ""大阳台"", ""车位充足"", ""装修交付"", ""轨交房""]",https://pic4.ajkimg.com/display/xinfang/3a24580f82f1a9db6b0b3cac9837574c/275x206n.jpg,"[{""id"": ""7313415"", ""loupan_id"": ""473767"", ""station_id"": ""4442"", ""subway_id"": ""124"", ""city_id"": ""30"", ""distance"": ""880米"", ""status"": ""1"", ""last_update_time"": ""1774212705"", ""is_rail_loupan"": ""1"", ""subway_name"": ""7号线"", ""station_name"": ""青威路"", ""distance_raw"": ""880""}]",即墨区青威路墨城路交汇处西350米
3044867,海信龙湖坊,青岛,30,即墨区,3645,即墨老城,17475,青岛即墨区即墨老城文峰路48号,,5483元/㎡,5483元/㎡,首付28万，月供6701元,117-153㎡,31500m²,67317m²,"[{""id"": 533847, ""rooms"": 3, ""room_alias"": ""三室"", ""area"": 117}, {""id"": 533846, ""rooms"": 3, ""room_alias"": ""三室"", ""area"": 120}, {""id"": 533848, ""rooms"": 3, ""room_alias"": ""三室"", ""area"": 136}, {""id"": 533854, ""rooms"": 3, ""room_alias"": ""三室"", ""area"": 141}, {""id"": 533857, ""rooms"": 4, ""room_alias"": ""四室"", ""area"": 153}]",3/4室,"3室户型,4室户型",2005-09-09,2021年01月26日,2005年,2006年,"[""2020-03-25"", ""2021-02-26""]",{小高层},小高层,70年,1.5,46%,353,带装修,,住宅,融创服务,2.75元/㎡/月,,491,1:1.39,售罄,售罄,售罄,"[""即房注字(2020)第008号"", ""即房注字(2021)第005号""]","[""1#"", ""3#、7#""]",金地,海信地产,海信地产,民电,民水,36.388611,120.465038,"""""","{""559"": ""现房"", ""81"": ""大阳台"", ""56"": ""车位充足"", ""53"": ""高绿化率"", ""52"": ""低容积"", ""29"": ""装修交付"", ""76"": ""厨卫全明"", ""74"": ""南北通透"", ""73"": ""卧室全朝南"", ""78"": ""大户型"", ""404"": ""客餐厅相连"", ""402"": ""玄关入户"", ""401"": ""户型方正"", ""85"": ""主卧套房"", ""638"": ""民办中学"", ""637"": ""公办中学"", ""636"": ""公办小学"", ""635"": ""民办小学"", ""598"": ""民办幼儿园"", ""597"": ""公办幼儿园"", ""263"": ""VR看房"", ""50"": ""品牌开发商""}","[""现房"", ""大阳台"", ""车位充足"", ""高绿化率"", ""低容积""]",https://pic4.ajkimg.com/display/xinfang/44f0d93d6bbfab253236232dfc63b753/275x206n.jpg,[],即墨区天井山一路与文峰路交汇处
497496,鑫新村三期,青岛,30,市北区,3640,瑞昌路,5194,青岛市北区瑞昌路四流南路,,,,,93-143㎡,33000m²,132500m²,"[{""id"": 207351, ""rooms"": 3, ""room_alias"": ""三室"", ""area"": 93}, {""id"": 207349, ""rooms"": 3, ""room_alias"": ""三室"", ""area"": 95}, {""id"": 207352, ""rooms"": 3, ""room_alias"": ""三室"", ""area"": 95}, {""id"": 387782, ""rooms"": 3, ""room_alias"": ""三室"", ""area"": 100}, {""id"": 207353, ""rooms"": 3, ""room_alias"": ""三室"", ""area"": 117}, {""id"": 387783, ""rooms"": 3, ""room_alias"": ""三室"", ""area"": 120}, {""id"": 207354, ""rooms"": 3, ""room_alias"": ""三室"", ""area"": 126}, {""id"": 387785, ""rooms"": 4, ""room_alias"": ""四室"", ""area"": 143}, {""id"": 387787, ""rooms"": 4, ""room_alias"": ""四室"", ""area"": 143}]",3/4室,"3室户型,4室户型",2005-12-15,,2005年,2006年,"[""2018-08-20"", ""2018-04-21"", ""2017-03-19"", ""2017-03-22"", ""2017-03-24""]",多层,小高层,40年,3.1,30%,758,带装修,,商业,华润万象生活,2.9元/㎡/月,,930,1:1.2,售罄,售罄,售罄,"[""青房注字（2016）第137号"", ""青房注字（2016）第138号"", ""青房注字(2018)第051号"", ""青房注字(2018)第028号"", ""青房注字（2018）第017号"", ""青房注字(2017)第022号"", ""青房注房（2017）第023号""]",[],中南,,青岛万湖置业有限公司,商电,商水,36.148068,120.395879,"""""","{""56"": ""车位充足"", ""29"": ""装修交付"", ""9"": ""轨交房"", ""10"": ""多轨交"", ""72"": ""配套纯熟"", ""71"": ""便利店"", ""70"": ""银行"", ""68"": ""医院"", ""78"": ""大户型""}","[""车位充足"", ""装修交付"", ""轨交房"", ""多轨交"", ""配套纯熟""]",https://pic4.ajkimg.com/display/xinfang/361f4fd1487feae38aa269f2a4389fd1/275x206n.jpg,"[{""id"": ""7315905"", ""loupan_id"": ""414062"", ""station_id"": ""120389"", ""subway_id"": ""1045"", ""city_id"": ""30"", ""distance"": ""156米"", ""status"": ""1"", ""last_update_time"": ""1774212708"", ""is_rail_loupan"": ""1"", ""subway_name"": ""1号线"", ""station_name"": ""中心医院"", ""distance_raw"": ""156""}, {""id"": ""7315318"", ""loupan_id"": ""414062"", ""station_id"": ""120421"", ""subway_id"": ""1045"", ""city_id"": ""30"", ""distance"": ""909米"", ""status"": ""1"", ""last_update_time"": ""1774212707"", ""is_rail_loupan"": ""1"", ""subway_name"": ""1号线"", ""station_name"": ""胜利桥(纺织谷)"", ""distance_raw"": ""909""}, {""id"": ""7316005"", ""loupan_id"": ""414062"", ""station_id"": ""121182"", ""subway_id"": ""12068"", ""city_id"": ""30"", ""distance"": ""943米"", ""status"": ""1"", ""last_update_time"": ""1774212708"", ""is_rail_loupan"": ""1"", ""subway_name"": ""5号线"", ""station_name"": ""胜利桥（纺织谷）"", ""distance_raw"": ""943""}]",市北区四流南路和开封路交汇处
1957871,中金色家,青岛,30,崂山区,3643,海尔路,3697,青岛崂山区海尔路辽阳东路与同安路交汇处,,4798元/㎡,4798元/㎡,首付6万，月供1613元,35-42㎡,28599m²,99292m²,"[{""id"": 433504, ""rooms"": 1, ""room_alias"": ""一室"", ""area"": 35}, {""id"": 680941, ""rooms"": 1, ""room_alias"": ""一室"", ""area"": 35}, {""id"": 433506, ""rooms"": 1, ""room_alias"": ""一室"", ""area"": 42}]",1室,商业户型,2005-06-04,2021年02月22日,2005年,2006年,"[""2021-02-22""]",别墅,高层,40年,2.5,25%,1000,毛坯,,商业,华润万象生活,,,747,100:1,售罄,售罄,售罄,"[""青房注字（崂）2020第021号"", ""青房注字（崂）2018第014号""]","[""1#、4#""]",华润,山钢地产,青岛巨腾置业有限公司,商电,商水,36.120083,120.45066,"{""service_num"": ""4006708287"", ""num"": ""97306""}","{""559"": ""现房"", ""81"": ""大阳台"", ""77"": ""复式"", ""9"": ""轨交房"", ""76"": ""厨卫全明"", ""74"": ""南北通透"", ""73"": ""卧室全朝南"", ""47"": ""甲级写字楼"", ""41"": ""办公企业园"", ""276"": ""一房一价"", ""5"": ""低单价"", ""4"": ""低总价"", ""402"": ""玄关入户"", ""397"": ""动静分离"", ""263"": ""VR看房"", ""224"": ""枢纽办公区"", ""220"": ""办公首选"", ""213"": ""地铁沿线"", ""50"": ""品牌开发商""}","[""现房"", ""大阳台"", ""复式"", ""轨交房"", ""厨卫全明""]",https://pic4.ajkimg.com/display/xinfang/ecd0e7e5701c5280065917e2b41f396d/275x206n.jpg,"[{""id"": ""7249822"", ""loupan_id"": ""427940"", ""station_id"": ""120738"", ""subway_id"": ""12051"", ""city_id"": ""30"", ""distance"": ""869米"", ""status"": ""1"", ""last_update_time"": ""1774212707"", ""is_rail_loupan"": ""1"", ""subway_name"": ""4号线"", ""station_name"": ""董家下庄"", ""distance_raw"": ""869""}]",辽阳东路与同安路交汇处山钢东部新天地营销中心
5717146,中国和平榭,青岛,30,即墨区,3645,即墨市,3714,青岛即墨区即墨市市鹤山路,,,,,,110000m²,300000m²,[],,,2005-07-11,,2005年,2006年,[],{},,,,,,,,,保利物业,,,,,售罄,售罄,售罄,[],[],新城控股,,,商电,商水,36.404855,120.445483,"""""","{""70"": ""银行"", ""68"": ""医院""}","[""银行"", ""医院""]",https://pic4.ajkimg.com/display/xinfang/2c749e1fd0b4e48e84911d928dfd692b/275x206n.jpg,[],即墨市鹤山路与华山二路交汇处，转盘西南侧
4792637,锦新城A区,青岛,30,李沧区,3642,九水路,5197,青岛李沧区九水路铜川路和惠水路交叉口惠水路东行100米,,8739元/㎡,8739元/㎡,首付51万，月供12328元,135-283㎡,60672m²,150000m²,"[{""id"": 430383, ""rooms"": 3, ""room_alias"": ""三室"", ""area"": 135}, {""id"": 473190, ""rooms"": 3, ""room_alias"": ""三室"", ""area"": 137}, {""id"": 430382, ""rooms"": 3, ""room_alias"": ""三室"", ""area"": 144}, {""id"": 637006, ""rooms"": 6, ""room_alias"": ""六室"", ""area"": 275}, {""id"": 658095, ""rooms"": 7, ""room_alias"": ""七室"", ""area"": 283}]",3/6/7室,"3室户型,6室户型,7室户型",2005-02-21,2019年05月11日,2005年,2006年,"[""2018-04-16""]","{小高层,高层}",小高层、高层,70年,1.06,36%,903,带装修,已竣工，竣工时间：2019-12-31,住宅,中海物业,2.4元/㎡/月,,900,1:1,售罄,售罄,售罄,"[""青房注字（2018）第027号""]","[""1#、2#、3#、4#、5#、6#、7#、8#、9#、10#、11#""]",象屿,华新园置业,华新园置业,民电,民水,36.166319,120.460525,"""""","{""559"": ""现房"", ""557"": ""项目竣工"", ""81"": ""大阳台"", ""53"": ""高绿化率"", ""52"": ""低容积"", ""29"": ""装修交付"", ""76"": ""厨卫全明"", ""74"": ""南北通透"", ""73"": ""卧室全朝南"", ""72"": ""配套纯熟"", ""70"": ""银行"", ""69"": ""学校"", ""68"": ""医院"", ""66"": ""公园"", ""65"": ""商业街"", ""64"": ""购物中心"", ""78"": ""大户型"", ""402"": ""玄关入户"", ""401"": ""户型方正"", ""397"": ""动静分离"", ""85"": ""主卧套房"", ""82"": ""双卫生间"", ""638"": ""民办中学"", ""637"": ""公办中学"", ""636"": ""公办小学"", ""598"": ""民办幼儿园"", ""597"": ""公办幼儿园"", ""263"": ""VR看房"", ""50"": ""品牌开发商""}","[""现房"", ""项目竣工"", ""大阳台"", ""高绿化率"", ""低容积""]",https://pic4.ajkimg.com/display/xinfang/c56f7fd7b17c1bdf71bcf5ab36ca1725/275x206n.jpg,[],李沧区铜川路和惠水路交叉口惠水路东行100米
658397,万春天里,青岛,30,莱西市,3648,莱西,3720,青岛莱西市莱西济南路与青岛路交汇处,,2673元/㎡,2673元/㎡,首付9万，月供2365元,84-142㎡,179613m²,486806m²,"[{""id"": 645851, ""rooms"": 2, ""room_alias"": ""二室"", ""area"": 84}, {""id"": 645850, ""rooms"": 3, ""room_alias"": ""三室"", ""area"": 103}, {""id"": 645849, ""rooms"": 3, ""room_alias"": ""三室"", ""area"": 105}, {""id"": 389298, ""rooms"": 3, ""room_alias"": ""三室"", ""area"": 107}, {""id"": 389303, ""rooms"": 3, ""room_alias"": ""三室"", ""area"": 108}, {""id"": 434418, ""rooms"": 3, ""room_alias"": ""三室"", ""area"": 110}, {""id"": 645853, ""rooms"": 3, ""room_alias"": ""三室"", ""area"": 110}, {""id"": 645847, ""rooms"": 3, ""room_alias"": ""三室"", ""area"": 111}, {""id"": 645848, ""rooms"": 3, ""room_alias"": ""三室"", ""area"": 112}, {""id"": 723650, ""rooms"": 3, ""room_alias"": ""三室"", ""area"": 112}, {""id"": 389305, ""rooms"": 3, ""room_alias"": ""三室"", ""area"": 122}, {""id"": 389301, ""rooms"": 3, ""room_alias"": ""三室"", ""area"": 124}, {""id"": 434417, ""rooms"": 3, ""room_alias"": ""三室"", ""area"": 125}, {""id"": 738286, ""rooms"": 3, ""room_alias"": ""三室"", ""area"": 126}, {""id"": 645845, ""rooms"": 3, ""room_alias"": ""三室"", ""area"": 127}, {""id"": 645846, ""rooms"": 3, ""room_alias"": ""三室"", ""area"": 129}, {""id"": 434416, ""rooms"": 3, ""room_alias"": ""三室"", ""area"": 142}]",2/3室,"2室户型,3室户型",2005-09-25,2021年06月08日,2005年,2006年,"[""2021-06-03"", ""2020-12-02"", ""2019-09-02"", ""2019-02-22"", ""2021-06-08"", ""2021-05-18"", ""2021-01-11"", ""2019-07-08""]",{花园洋房},花园洋房,70年,2.04,35%,2641,"毛坯,带装修",在建中，竣工时间：2023-08-31,住宅,旭辉永升,2元/㎡/月,,1535,1:1,售罄,售罄,售罄,"[""西房注字（2021）026"", ""西房注字（2020）061"", ""西房注字（2019）027"", ""西房注字（2019）002"", ""西房注字（2021）027"", ""西房注字（2021）019"", ""西房注字（2020）064"", ""西房注字（2019）023""]","[""43#、45#、46#、47#、48#、57#、58#、59#"", ""28#"", ""14#"", ""15#"", ""60、61"", ""34#、44#"", ""30#"", ""23#、38#""]",旭辉,天泰集团,青岛泰富置业有限公司,民电,民水,36.909063,120.527373,"{""service_num"": ""4006708287"", ""num"": """"}","{""29"": ""装修交付"", ""7"": ""项目在建"", ""69"": ""学校"", ""404"": ""客餐厅相连"", ""638"": ""民办中学"", ""637"": ""公办中学"", ""636"": ""公办小学"", ""598"": ""民办幼儿园"", ""597"": ""公办幼儿园"", ""263"": ""VR看房"", ""54"": ""大型社区"", ""50"": ""品牌开发商""}","[""装修交付"", ""项目在建"", ""学校"", ""客餐厅相连"", ""民办中学""]",https://pic4.ajkimg.com/display/xinfang/7efa5ab13f10c2c1a9b53f3ca719d7d1/275x206n.jpg,[],青岛市莱西市济南路与青岛路交汇处
8754314,半岛春天岸,青岛,30,市北区,3640,山东路,5185,青岛市北区山东路连云港路20号,,,,,33-157㎡,13600m²,110000m²,[],,商业户型,2005-06-06,,2005年,2006年,[],{},,40年,,35%,520,,,标准写字楼,中海物业,4.8元/㎡/月,,520,1:1,售罄,售罄,售罄,[],[],中铁建,,,商电,商水,36.103159,120.384178,"""""","{""9"": ""轨交房"", ""76"": ""厨卫全明"", ""74"": ""南北通透"", ""73"": ""卧室全朝南"", ""10"": ""多轨交"", ""72"": ""配套纯熟"", ""71"": ""便利店"", ""70"": ""银行"", ""68"": ""医院"", ""66"": ""公园"", ""64"": ""购物中心"", ""402"": ""玄关入户"", ""401"": ""户型方正"", ""85"": ""主卧套房"", ""263"": ""VR看房"", ""223"": ""中心商务区""}","[""轨交房"", ""厨卫全明"", ""南北通透"", ""卧室全朝南"", ""多轨交""]",https://pic4.ajkimg.com/display/xinfang/3f2bc318526bfde343217365c012920c/275x206n.jpg,"[{""id"": ""7315868"", ""loupan_id"": ""413107"", ""station_id"": ""120732"", ""subway_id"": ""12051"", ""city_id"": ""30"", ""distance"": ""601米"", ""status"": ""1"", ""last_update_time"": ""1774212708"", ""is_rail_loupan"": ""1"", ""subway_name"": ""4号线"", ""station_name"": ""错埠岭"", ""distance_raw"": ""601""}, {""id"": ""7315462"", ""loupan_id"": ""413107"", ""station_id"": ""4368"", ""subway_id"": ""121"", ""city_id"": ""30"", ""distance"": ""811米"", ""status"": ""1"", ""last_update_time"": ""1774212707"", ""is_rail_loupan"": ""1"", ""subway_name"": ""3号线"", ""station_name"": ""错埠岭"", ""distance_raw"": ""811""}, {""id"": ""7315464"", ""loupan_id"": ""413107"", ""station_id"": ""4369"", ""subway_id"": ""121"", ""city_id"": ""30"", ""distance"": ""956米"", ""status"": ""1"", ""last_update_time"": ""1774212707"", ""is_rail_loupan"": ""1"", ""subway_name"": ""3号线"", ""station_name"": ""敦化路"", ""distance_raw"": ""956""}, {""id"": ""7315700"", ""loupan_id"": ""413107"", ""station_id"": ""121286"", ""subway_id"": ""1044"", ""city_id"": ""30"", ""distance"": ""1023米"", ""status"": ""1"", ""last_update_time"": ""1774212708"", ""is_rail_loupan"": ""1"", ""subway_name"": ""8号线"", ""station_name"": ""西吴家村"", ""distance_raw"": ""1023""}, {""id"": ""7315866"", ""loupan_id"": ""413107"", ""station_id"": ""120731"", ""subway_id"": ""12051"", ""city_id"": ""30"", ""distance"": ""1315米"", ""status"": ""1"", ""last_update_time"": ""1774212708"", ""is_rail_loupan"": ""1"", ""subway_name"": ""4号线"", ""station_name"": ""西吴家村"", ""distance_raw"": ""1315""}]",青岛市市北区延吉路万达广场北，北与辽阳西路相接，南临敦化路，西近山东路，东接南京路
1370434,宏景,青岛,30,城阳区,3644,正阳路,3712,青岛城阳区正阳路城阳泰城路278号（青威路与文阳路交叉口）,,,,,85-88㎡,住宅：130873m² 别墅：130873m²,住宅：230000m² 别墅：230000m²,"[{""id"": 38391, ""rooms"": 2, ""room_alias"": ""二室"", ""area"": 85}, {""id"": 38388, ""rooms"": 2, ""room_alias"": ""二室"", ""area"": 88}]",2室,2室户型,2005-06-17,,2005年,2006年,[],"{小高层,高层}",住宅：小高层、高层,住宅：70年 别墅：70年,住宅：1.77,住宅：40% 别墅：40%,住宅：2300 别墅：2300,住宅：带装修 别墅：带装修,,住宅,绿城服务,住宅：2~2.19元/㎡/月,,住宅：1170 别墅：1170,,售罄,售罄,售罄,[],[],大华,,,住宅：民电,住宅：民水,36.292736,120.413293,"{""service_num"": ""4006708287"", ""num"": """"}","{""53"": ""高绿化率"", ""52"": ""低容积"", ""29"": ""装修交付"", ""9"": ""轨交房"", ""72"": ""配套纯熟"", ""71"": ""便利店"", ""70"": ""银行"", ""69"": ""学校"", ""68"": ""医院"", ""66"": ""公园"", ""65"": ""商业街"", ""64"": ""购物中心"", ""638"": ""民办中学"", ""637"": ""公办中学"", ""636"": ""公办小学"", ""598"": ""民办幼儿园"", ""597"": ""公办幼儿园"", ""54"": ""大型社区""}","[""高绿化率"", ""低容积"", ""装修交付"", ""轨交房"", ""配套纯熟""]",https://pic4.ajkimg.com/display/xinfang/2f4b375a039c87cc92c651de78cb4e3f/275x206n.jpg,"[{""id"": ""7316769"", ""loupan_id"": ""241823"", ""station_id"": ""121215"", ""subway_id"": ""12070"", ""city_id"": ""30"", ""distance"": ""511米"", ""status"": ""1"", ""last_update_time"": ""1774212709"", ""is_rail_loupan"": ""1"", ""subway_name"": ""15号线"", ""station_name"": ""文阳路"", ""distance_raw"": ""511""}]",泰城路（项目地块北侧，桃源居小区网点）
2604246,蓝理想家园,青岛,30,平度市,3649,平度,3722,青岛平度市平度金台路188号,,2755元/㎡,2755元/㎡,首付12万，月供2939元,102-118㎡,26000m²,75000m²,"[{""id"": 719335, ""rooms"": 3, ""room_alias"": ""三室"", ""area"": 102}, {""id"": 719336, ""rooms"": 3, ""room_alias"": ""三室"", ""area"": 118}]",3室,3室户型,2005-06-16,2021年12月25日,2005年,2006年,"[""2023-02-16"", ""2022-09-30"", ""2022-07-15"", ""2022-04-13"", ""2021-12-01""]",洋房,小高层,70年,2.2,35%,502,带装修,在建中，竣工时间：2024-04-30,住宅,世茂服务,2.68元/㎡/月,,629,,售罄,售罄,售罄,"[""青房注字（平注）第（2023）006号"", ""青房注字（平注）第（2022）050号"", ""青房注字（平注）第（2022）038号"", ""青房注字（平注）第（2022）013号"", ""青房注字（平注）第（2021）082号""]","[""11#"", ""12#"", ""16#"", ""9#"", ""10#、13#、17#""]",恒大,万科集团,平度市新万城置业有限公司,民电,民水,36.769703,119.976756,"""""","{""29"": ""装修交付"", ""76"": ""厨卫全明"", ""74"": ""南北通透"", ""7"": ""项目在建"", ""78"": ""大户型"", ""407"": ""主卧朝南"", ""404"": ""客餐厅相连"", ""403"": ""私密性好"", ""402"": ""玄关入户"", ""397"": ""动静分离"", ""85"": ""主卧套房"", ""82"": ""双卫生间"", ""638"": ""民办中学"", ""637"": ""公办中学"", ""636"": ""公办小学"", ""598"": ""民办幼儿园"", ""597"": ""公办幼儿园"", ""540"": ""日照模拟"", ""263"": ""VR看房"", ""50"": ""品牌开发商""}","[""装修交付"", ""厨卫全明"", ""南北通透"", ""项目在建"", ""大户型""]",https://pic4.ajkimg.com/display/xinfang/028950c6b6d771d073e1090ab858a04f/275x206n.jpg,[],青岛市平度市金台路188号
1809358,远洋康城雅苑,青岛,30,市南区,3639,香港路沿线,3653,青岛市南区香港路沿线燕儿岛路23号,,,,,240-260㎡,42463m²,121225m²,"[{""id"": 110676, ""rooms"": 4, ""room_alias"": ""四室"", ""area"": 240}, {""id"": 105644, ""rooms"": 4, ""room_alias"": ""四室"", ""area"": 260}]",4室,4室户型,2005-03-02,,2005年,2006年,[],别墅,高层,70年,1.88,30%,228,毛坯,,住宅,绿城服务,9元/㎡/月,,630,,售罄,售罄,售罄,"[""青房注字(2016)第013号"", ""青房注字(2015)第042号"", ""青房注字(2014)第033号""]",[],华润,,北京远坤房地产开发有限公司,民电,民水,36.088408,120.409232,"{""service_num"": ""4006708287"", ""num"": """"}","{""52"": ""低容积"", ""9"": ""轨交房"", ""10"": ""多轨交"", ""72"": ""配套纯熟"", ""71"": ""便利店"", ""70"": ""银行"", ""69"": ""学校"", ""68"": ""医院"", ""67"": ""生态绿地"", ""66"": ""公园"", ""65"": ""商业街"", ""64"": ""购物中心"", ""78"": ""大户型"", ""638"": ""民办中学"", ""637"": ""公办中学"", ""636"": ""公办小学"", ""635"": ""民办小学"", ""598"": ""民办幼儿园"", ""597"": ""公办幼儿园"", ""55"": ""小型社区""}","[""低容积"", ""轨交房"", ""多轨交"", ""配套纯熟"", ""便利店""]",https://pic4.ajkimg.com/display/xinfang/91715d2325282faa0e4e55a0c601ea3e/275x206n.jpg,"[{""id"": ""7316087"", ""loupan_id"": ""242009"", ""station_id"": ""4480"", ""subway_id"": ""126"", ""city_id"": ""30"", ""distance"": ""730米"", ""status"": ""1"", ""last_update_time"": ""1774212708"", ""is_rail_loupan"": ""1"", ""subway_name"": ""2号线"", ""station_name"": ""燕儿岛路"", ""distance_raw"": ""730""}, {""id"": ""7316086"", ""loupan_id"": ""242009"", ""station_id"": ""4481"", ""subway_id"": ""126"", ""city_id"": ""30"", ""distance"": ""792米"", ""status"": ""1"", ""last_update_time"": ""1774212708"", ""is_rail_loupan"": ""1"", ""subway_name"": ""2号线"", ""station_name"": ""高雄路"", ""distance_raw"": ""792""}, {""id"": ""7314988"", ""loupan_id"": ""242009"", ""station_id"": ""121166"", ""subway_id"": ""12068"", ""city_id"": ""30"", ""distance"": ""1350米"", ""status"": ""1"", ""last_update_time"": ""1774212707"", ""is_rail_loupan"": ""1"", ""subway_name"": ""5号线"", ""station_name"": ""北山公园"", ""distance_raw"": ""1350""}]",市南区燕儿岛路23号
1214386,盛阁二期,青岛,30,李沧区,3642,沧口,3687,青岛李沧区沧口重庆东路以西、唐山路以南,,,,,87-91㎡,140000m²,200000m²,"[{""id"": 41270, ""rooms"": 2, ""room_alias"": ""二室"", ""area"": 87}, {""id"": 41266, ""rooms"": 2, ""room_alias"": ""二室"", ""area"": 90}, {""id"": 41264, ""rooms"": 2, ""room_alias"": ""二室"", ""area"": 91}]",2室,2室户型,2005-01-07,,2005年,2006年,[],"{多层,小高层,高层}",多层、小高层、高层,70年,1.32,46%,512,毛坯,,住宅,合景悠活,0.97元/㎡/月,,500,1:1,售罄,售罄,售罄,[],[],碧桂园,,山东省房地产开发集团（青岛公司）,民电,民水,36.204396,120.382107,"{""service_num"": ""4006708287"", ""num"": """"}","{""53"": ""高绿化率"", ""52"": ""低容积"", ""9"": ""轨交房"", ""10"": ""多轨交"", ""72"": ""配套纯熟"", ""71"": ""便利店"", ""70"": ""银行"", ""69"": ""学校"", ""68"": ""医院"", ""66"": ""公园"", ""65"": ""商业街"", ""64"": ""购物中心"", ""637"": ""公办中学"", ""636"": ""公办小学"", ""635"": ""民办小学"", ""624"": ""九年一贯制"", ""598"": ""民办幼儿园"", ""597"": ""公办幼儿园""}","[""高绿化率"", ""低容积"", ""轨交房"", ""多轨交"", ""配套纯熟""]",https://pic4.ajkimg.com/display/xinfang/a65044297189f717bca39c5475d71a49/275x206n.jpg,"[{""id"": ""7313696"", ""loupan_id"": ""241955"", ""station_id"": ""11032"", ""subway_id"": ""1045"", ""city_id"": ""30"", ""distance"": ""902米"", ""status"": ""1"", ""last_update_time"": ""1774212705"", ""is_rail_loupan"": ""1"", ""subway_name"": ""1号线"", ""station_name"": ""兴国路"", ""distance_raw"": ""902""}, {""id"": ""7315419"", ""loupan_id"": ""241955"", ""station_id"": ""4424"", ""subway_id"": ""124"", ""city_id"": ""30"", ""distance"": ""905米"", ""status"": ""1"", ""last_update_time"": ""1774212707"", ""is_rail_loupan"": ""1"", ""subway_name"": ""7号线"", ""station_name"": ""兴国路"", ""distance_raw"": ""905""}, {""id"": ""7313690"", ""loupan_id"": ""241955"", ""station_id"": ""11036"", ""subway_id"": ""1045"", ""city_id"": ""30"", ""distance"": ""1331米"", ""status"": ""1"", ""last_update_time"": ""1774212705"", ""is_rail_loupan"": ""1"", ""subway_name"": ""1号线"", ""station_name"": ""南岭路"", ""distance_raw"": ""1331""}, {""id"": ""7315418"", ""loupan_id"": ""241955"", ""station_id"": ""4425"", ""subway_id"": ""124"", ""city_id"": ""30"", ""distance"": ""1331米"", ""status"": ""1"", ""last_update_time"": ""1774212707"", ""is_rail_loupan"": ""1"", ""subway_name"": ""7号线"", ""station_name"": ""南岭"", ""distance_raw"": ""1331""}]",李沧区兴国二路六号(御景山庄售楼处对面)
6572970,锦世纪宅,青岛,30,莱西市,3648,莱西,3720,青岛莱西市莱西姜山镇振兴路151号,,,,,,1733333m²,600000m²,[],,,2005-06-16,,2005年,2006年,[],{},,50年,,,,,,标准写字楼,雅生活服务,,,,,售罄,售罄,售罄,[],[],建发,,,商电,商水,36.663327,120.575965,"""""","{""72"": ""配套纯熟"", ""71"": ""便利店"", ""70"": ""银行"", ""68"": ""医院"", ""65"": ""商业街"", ""64"": ""购物中心""}","[""配套纯熟"", ""便利店"", ""银行"", ""医院"", ""商业街""]",https://pic4.ajkimg.com/display/xinfang/fa237038dbb5cf291e0d6bce0b031bd4/275x206n.jpg,[],姜山镇振兴路151号
726136,锦绣白鸽居,青岛,30,市北区,3640,浮山后,3667,青岛市北区浮山后市北雒口路34号，西连利津路、东接沾化路、南靠昌邑路,,,,,88-89㎡,住宅：18683m² 别墅：18683m²,住宅：89120m² 别墅：89120m²,"[{""id"": 44052, ""rooms"": 2, ""room_alias"": ""二室"", ""area"": 88}, {""id"": 44050, ""rooms"": 2, ""room_alias"": ""二室"", ""area"": 89}]",2室,2室户型,2005-10-15,,2005年,2006年,[],{高层},住宅：高层,住宅：70年 别墅：70年,住宅：3.49,住宅：35% 别墅：35%,住宅：639 别墅：639,住宅：毛坯 别墅：毛坯,,住宅,新城悦服务,住宅：1.18~1.6元/㎡/月,,住宅：339 别墅：339,,售罄,售罄,售罄,[],[],朗诗,,"青岛中联建业股份有限公司,中联物业",住宅：民电,住宅：民水,36.102808,120.336616,"""""","{""9"": ""轨交房"", ""10"": ""多轨交"", ""72"": ""配套纯熟"", ""71"": ""便利店"", ""70"": ""银行"", ""69"": ""学校"", ""68"": ""医院"", ""66"": ""公园"", ""65"": ""商业街"", ""64"": ""购物中心"", ""638"": ""民办中学"", ""637"": ""公办中学"", ""636"": ""公办小学"", ""635"": ""民办小学"", ""598"": ""民办幼儿园"", ""597"": ""公办幼儿园""}","[""轨交房"", ""多轨交"", ""配套纯熟"", ""便利店"", ""银行""]",https://pic4.ajkimg.com/display/xinfang/ebd817dcdbe88e2c8a218e74ce40c887/275x206n.jpg,"[{""id"": ""7313395"", ""loupan_id"": ""241873"", ""station_id"": ""120399"", ""subway_id"": ""1045"", ""city_id"": ""30"", ""distance"": ""697米"", ""status"": ""1"", ""last_update_time"": ""1774212705"", ""is_rail_loupan"": ""1"", ""subway_name"": ""1号线"", ""station_name"": ""台东"", ""distance_raw"": ""697""}, {""id"": ""7314419"", ""loupan_id"": ""241873"", ""station_id"": ""4474"", ""subway_id"": ""126"", ""city_id"": ""30"", ""distance"": ""715米"", ""status"": ""1"", ""last_update_time"": ""1774212706"", ""is_rail_loupan"": ""1"", ""subway_name"": ""2号线"", ""station_name"": ""利津路"", ""distance_raw"": ""715""}, {""id"": ""7314417"", ""loupan_id"": ""241873"", ""station_id"": ""4475"", ""subway_id"": ""126"", ""city_id"": ""30"", ""distance"": ""825米"", ""status"": ""1"", ""last_update_time"": ""1774212706"", ""is_rail_loupan"": ""1"", ""subway_name"": ""2号线"", ""station_name"": ""台东"", ""distance_raw"": ""825""}, {""id"": ""7314927"", ""loupan_id"": ""241873"", ""station_id"": ""120729"", ""subway_id"": ""12051"", ""city_id"": ""30"", ""distance"": ""831米"", ""status"": ""1"", ""last_update_time"": ""1774212707"", ""is_rail_loupan"": ""1"", ""subway_name"": ""4号线"", ""station_name"": ""昌乐路"", ""distance_raw"": ""831""}, {""id"": ""7314764"", ""loupan_id"": ""241873"", ""station_id"": ""121172"", ""subway_id"": ""12068"", ""city_id"": ""30"", ""distance"": ""910米"", ""status"": ""1"", ""last_update_time"": ""1774212706"", ""is_rail_loupan"": ""1"", ""subway_name"": ""5号线"", ""station_name"": ""昌乐路"", ""distance_raw"": ""910""}, {""id"": ""7314966"", ""loupan_id"": ""241873"", ""station_id"": ""120743"", ""subway_id"": ""12051"", ""city_id"": ""30"", ""distance"": ""1446米"", ""status"": ""1"", ""last_update_time"": ""1774212707"", ""is_rail_loupan"": ""1"", ""subway_name"": ""4号线"", ""station_name"": ""海泊河公园"", ""distance_raw"": ""1446""}, {""id"": ""7314762"", ""loupan_id"": ""241873"", ""station_id"": ""121171"", ""subway_id"": ""12068"", ""city_id"": ""30"", ""distance"": ""1478米"", ""status"": ""1"", ""last_update_time"": ""1774212706"", ""is_rail_loupan"": ""1"", ""subway_name"": ""5号线"", ""station_name"": ""延安二路"", ""distance_raw"": ""1478""}, {""id"": ""7313715"", ""loupan_id"": ""241873"", ""station_id"": ""120433"", ""subway_id"": ""1045"", ""city_id"": ""30"", ""distance"": ""1480米"", ""status"": ""1"", ""last_update_time"": ""1774212705"", ""is_rail_loupan"": ""1"", ""subway_name"": ""1号线"", ""station_name"": ""海泊桥(海慈医疗)"", ""distance_raw"": ""1480""}]",市北区利津路与雒口路交汇处
1803480,新源B区,青岛,30,莱西市,3648,莱西,3720,青岛莱西市莱西深圳北路106号,,2090元/㎡,2090元/㎡,首付9万，月供2365元,89-123㎡,27230m²,40541m²,"[{""id"": 545522, ""rooms"": 3, ""room_alias"": ""三室"", ""area"": 88.6}, {""id"": 545525, ""rooms"": 3, ""room_alias"": ""三室"", ""area"": 109}, {""id"": 545528, ""rooms"": 3, ""room_alias"": ""三室"", ""area"": 123}]",3室,3室户型,2005-03-05,2020年04月07日,2005年,2006年,"[""2020-04-07""]",{多层},多层,70年,1.5,30%,288,毛坯,,住宅,新城悦服务,0.96元/㎡/月,,288,1:1,售罄,售罄,售罄,"[""青房注字（房注字）（第2019）021号""]","[""4#、5#""]",阳光城,,青岛鼎成房地产开发有限公司,民电,民水,36.872252,120.510901,"""""","{""81"": ""大阳台"", ""52"": ""低容积"", ""76"": ""厨卫全明"", ""74"": ""南北通透"", ""73"": ""卧室全朝南"", ""78"": ""大户型"", ""404"": ""客餐厅相连"", ""401"": ""户型方正"", ""397"": ""动静分离"", ""637"": ""公办中学"", ""636"": ""公办小学"", ""598"": ""民办幼儿园"", ""597"": ""公办幼儿园"", ""263"": ""VR看房"", ""55"": ""小型社区""}","[""大阳台"", ""低容积"", ""厨卫全明"", ""南北通透"", ""卧室全朝南""]",https://pic4.ajkimg.com/display/xinfang/0c4043ba8e5ec5237a53f86681069dca/275x206n.jpg,[],青岛市莱西市深圳北路106号
7649356,海星辰名苑,青岛,30,市南区,3639,香港路沿线,3653,青岛市南区香港路沿线东海西路29号,,18850元/㎡,18850元/㎡,首付232万，月供55475元,281-500㎡,7601m²,130912m²,"[{""id"": 188818, ""rooms"": 3, ""room_alias"": ""三室"", ""area"": 297.34}, {""id"": 188820, ""rooms"": 3, ""room_alias"": ""三室"", ""area"": 301.09}, {""id"": 461171, ""rooms"": 3, ""room_alias"": ""三室"", ""area"": 462}, {""id"": 461168, ""rooms"": 3, ""room_alias"": ""三室"", ""area"": 500}, {""id"": 188824, ""rooms"": 4, ""room_alias"": ""四室"", ""area"": 281.47}, {""id"": 188826, ""rooms"": 4, ""room_alias"": ""四室"", ""area"": 353.98}]",3/4室,"3室户型,4室户型",2005-02-14,2013年05月01日,2005年,2006年,"[""2013-05-01""]",{高层},高层,70年,13.82,30%,528,带装修,已竣工，竣工时间：暂无数据,住宅,雅生活服务,9元/㎡/月,,639,1:1.3,售罄,售罄,售罄,"[""青房注字(2013)007号""]","[""A#、B#""]",华侨城,,青岛环海凯莱商务酒店有限公司,民电,民水,36.05292,120.376001,"{""service_num"": ""4006708287"", ""num"": """"}","{""559"": ""现房"", ""557"": ""项目竣工"", ""56"": ""车位充足"", ""29"": ""装修交付"", ""9"": ""轨交房"", ""10"": ""多轨交"", ""72"": ""配套纯熟"", ""71"": ""便利店"", ""70"": ""银行"", ""69"": ""学校"", ""68"": ""医院"", ""67"": ""生态绿地"", ""66"": ""公园"", ""65"": ""商业街"", ""64"": ""购物中心"", ""78"": ""大户型"", ""638"": ""民办中学"", ""637"": ""公办中学"", ""636"": ""公办小学"", ""635"": ""民办小学"", ""598"": ""民办幼儿园"", ""597"": ""公办幼儿园""}","[""现房"", ""项目竣工"", ""车位充足"", ""装修交付"", ""轨交房""]",https://pic4.ajkimg.com/display/xinfang/bf8bc65f3572dbd4d17b0b6f4517b331/275x206n.jpg,"[{""id"": ""7313563"", ""loupan_id"": ""242051"", ""station_id"": ""4478"", ""subway_id"": ""126"", ""city_id"": ""30"", ""distance"": ""417米"", ""status"": ""1"", ""last_update_time"": ""1774212705"", ""is_rail_loupan"": ""1"", ""subway_name"": ""2号线"", ""station_name"": ""五四广场"", ""distance_raw"": ""417""}, {""id"": ""7316188"", ""loupan_id"": ""242051"", ""station_id"": ""121288"", ""subway_id"": ""1044"", ""city_id"": ""30"", ""distance"": ""477米"", ""status"": ""1"", ""last_update_time"": ""1774212708"", ""is_rail_loupan"": ""1"", ""subway_name"": ""8号线"", ""station_name"": ""五四广场"", ""distance_raw"": ""477""}, {""id"": ""7313902"", ""loupan_id"": ""242051"", ""station_id"": ""4372"", ""subway_id"": ""121"", ""city_id"": ""30"", ""distance"": ""477米"", ""status"": ""1"", ""last_update_time"": ""1774212705"", ""is_rail_loupan"": ""1"", ""subway_name"": ""3号线"", ""station_name"": ""五四广场"", ""distance_raw"": ""477""}, {""id"": ""7313904"", ""loupan_id"": ""242051"", ""station_id"": ""4373"", ""subway_id"": ""121"", ""city_id"": ""30"", ""distance"": ""833米"", ""status"": ""1"", ""last_update_time"": ""1774212705"", ""is_rail_loupan"": ""1"", ""subway_name"": ""3号线"", ""station_name"": ""延安三路"", ""distance_raw"": ""833""}, {""id"": ""7313567"", ""loupan_id"": ""242051"", ""station_id"": ""4479"", ""subway_id"": ""126"", ""city_id"": ""30"", ""distance"": ""1247米"", ""status"": ""1"", ""last_update_time"": ""1774212705"", ""is_rail_loupan"": ""1"", ""subway_name"": ""2号线"", ""station_name"": ""浮山所"", ""distance_raw"": ""1247""}]",市南区东海西路29号
2154078,安兴阳光源,青岛,30,莱西市,3648,莱西,3720,青岛莱西市莱西香港路88号,,,,,94-126㎡,76000m²,215000m²,"[{""id"": 533772, ""rooms"": 2, ""room_alias"": ""二室"", ""area"": 93.8}, {""id"": 533749, ""rooms"": 3, ""room_alias"": ""三室"", ""area"": 107.32}, {""id"": 533773, ""rooms"": 3, ""room_alias"": ""三室"", ""area"": 113.52}, {""id"": 616168, ""rooms"": 3, ""room_alias"": ""三室"", ""area"": 120.11}, {""id"": 533751, ""rooms"": 3, ""room_alias"": ""三室"", ""area"": 125.69}, {""id"": 616169, ""rooms"": 3, ""room_alias"": ""三室"", ""area"": 125.9}]",2/3室,"2室户型,3室户型",2005-10-07,2021年09月08日,2005年,2006年,"[""2021-09-08"", ""2021-06-01"", ""2021-02-21"", ""2020-01-22""]","{多层,小高层,高层}",多层、小高层、高层,70年,2,40%,676,毛坯,,住宅,保利物业,2.06元/㎡/月,,680,1:1,售罄,售罄,售罄,"[""西房注字（2021）044"", ""西房注字（2021）025"", ""西房注字（2021）007"", ""青房注字第2020007号""]","[""13#"", ""11#、7#"", ""12#、5#、9#"", ""1#、2#、4#、14#""]",旭辉,,青岛安兴置业有限公司,民电,民水,36.912918,120.541643,"""""","{""81"": ""大阳台"", ""53"": ""高绿化率"", ""76"": ""厨卫全明"", ""74"": ""南北通透"", ""78"": ""大户型"", ""404"": ""客餐厅相连"", ""402"": ""玄关入户"", ""401"": ""户型方正"", ""397"": ""动静分离"", ""85"": ""主卧套房"", ""83"": ""双阳台"", ""638"": ""民办中学"", ""637"": ""公办中学"", ""636"": ""公办小学"", ""598"": ""民办幼儿园"", ""597"": ""公办幼儿园"", ""263"": ""VR看房""}","[""大阳台"", ""高绿化率"", ""厨卫全明"", ""南北通透"", ""大户型""]",https://pic4.ajkimg.com/display/xinfang/08aa46a40a3f4f806678c9ea29ba9c1a/275x206n.jpg,[],莱西市香港路与辽宁路交汇处
6803612,翠汇,青岛,30,崂山区,3643,其他,10175,青岛崂山区其他辽阳东路12号（辽阳东路与劲松九路交汇处）,,,,,,32287m²,167325m²,[],,,2005-02-18,,2005年,2006年,[],{},,40年,,,,,,临街店铺,龙湖智慧服务,,,1111,,售罄,售罄,售罄,[],[],中南,,青岛鹏利南华商业发展有限公司,商电,商水,36.142893,120.488088,"""""","{""9"": ""轨交房"", ""71"": ""便利店""}","[""轨交房"", ""便利店""]",https://pic4.ajkimg.com/display/xinfang/1e24835885f407b3cfa88db1b2eabcfc/275x206n.jpg,"[{""id"": ""7315037"", ""loupan_id"": ""410726"", ""station_id"": ""4382"", ""subway_id"": ""122"", ""city_id"": ""30"", ""distance"": ""228米"", ""status"": ""1"", ""last_update_time"": ""1774212707"", ""is_rail_loupan"": ""1"", ""subway_name"": ""蓝谷快线"", ""station_name"": ""青岛科大"", ""distance_raw"": ""228""}]",崂山区辽阳东路12号（项目旁）
2538340,紫龙湖汇,青岛,30,崂山区,3643,海尔路,3697,青岛崂山区海尔路辽阳东路与同安路交汇处,,4798元/㎡,4798元/㎡,首付6万，月供1613元,35-42㎡,28599m²,99292m²,"[{""id"": 433504, ""rooms"": 1, ""room_alias"": ""一室"", ""area"": 35}, {""id"": 680941, ""rooms"": 1, ""room_alias"": ""一室"", ""area"": 35}, {""id"": 433506, ""rooms"": 1, ""room_alias"": ""一室"", ""area"": 42}]",1室,商业户型,2005-07-25,2021年02月22日,2005年,2006年,"[""2021-02-22""]",{高层},高层,40年,2.5,25%,1000,毛坯,,商业,中海物业,,,747,100:1,售罄,售罄,售罄,"[""青房注字（崂）2020第021号"", ""青房注字（崂）2018第014号""]","[""1#、4#""]",中铁建,山钢地产,青岛巨腾置业有限公司,商电,商水,36.111445,120.472701,"{""service_num"": ""4006708287"", ""num"": ""97306""}","{""559"": ""现房"", ""81"": ""大阳台"", ""77"": ""复式"", ""9"": ""轨交房"", ""76"": ""厨卫全明"", ""74"": ""南北通透"", ""73"": ""卧室全朝南"", ""47"": ""甲级写字楼"", ""41"": ""办公企业园"", ""276"": ""一房一价"", ""5"": ""低单价"", ""4"": ""低总价"", ""402"": ""玄关入户"", ""397"": ""动静分离"", ""263"": ""VR看房"", ""224"": ""枢纽办公区"", ""220"": ""办公首选"", ""213"": ""地铁沿线"", ""50"": ""品牌开发商""}","[""现房"", ""大阳台"", ""复式"", ""轨交房"", ""厨卫全明""]",https://pic4.ajkimg.com/display/xinfang/ecd0e7e5701c5280065917e2b41f396d/275x206n.jpg,"[{""id"": ""7249822"", ""loupan_id"": ""427940"", ""station_id"": ""120738"", ""subway_id"": ""12051"", ""city_id"": ""30"", ""distance"": ""869米"", ""status"": ""1"", ""last_update_time"": ""1774212707"", ""is_rail_loupan"": ""1"", ""subway_name"": ""4号线"", ""station_name"": ""董家下庄"", ""distance_raw"": ""869""}]",辽阳东路与同安路交汇处山钢东部新天地营销中心
4790916,福临乐居翠苑,青岛,30,平度市,3649,平度,3722,青岛平度市平度平度市灰埠镇文化路南端,,,,,,住宅：70014m² 别墅：70014m²,住宅：70014m² 别墅：70014m²,[],,,2005-03-24,,2005年,2006年,[],{多层},住宅：多层,住宅：70年 别墅：70年,住宅：1,住宅：35% 别墅：35%,住宅：900 别墅：900,住宅：毛坯 别墅：毛坯,,住宅,万科物业,住宅：0.3元/㎡/月,,,,售罄,售罄,售罄,[],[],雅居乐,,青岛金世盛元置业有限公司,住宅：民电,住宅：民水,36.987246,119.735795,"""""","{""52"": ""低容积"", ""72"": ""配套纯熟"", ""70"": ""银行"", ""69"": ""学校"", ""68"": ""医院"", ""65"": ""商业街"", ""64"": ""购物中心"", ""637"": ""公办中学"", ""636"": ""公办小学"", ""598"": ""民办幼儿园"", ""597"": ""公办幼儿园""}","[""低容积"", ""配套纯熟"", ""银行"", ""学校"", ""医院""]",https://pic4.ajkimg.com/display/xinfang/6716893f596660411e6d4e794a3598d0/275x206n.jpg,[],灰埠镇文化路南端
2505270,锦居,青岛,30,胶州市,3647,少海新城,17479,青岛胶州市少海新城少海新城香港路38号,,,,,118-133㎡,400000m²,900000m²,"[{""id"": 144680, ""rooms"": 3, ""room_alias"": ""三室"", ""area"": 118}, {""id"": 144679, ""rooms"": 3, ""room_alias"": ""三室"", ""area"": 133}]",3室,3室户型,2005-03-25,,2005年,2006年,[],小高层,小高层、高层,70年,2.25,35%,1776,毛坯,,住宅,华润万象生活,1.2元/㎡/月,,1747,1:1,售罄,售罄,售罄,"[""青房注字(胶州)第2012083"", ""青房注字(胶州)第2014069号""]",[],保利,,青岛华丽广场房地产开发有限公司,民电,民水,36.257854,120.065811,"""""","{""72"": ""配套纯熟"", ""70"": ""银行"", ""69"": ""学校"", ""68"": ""医院"", ""66"": ""公园"", ""64"": ""购物中心"", ""78"": ""大户型"", ""637"": ""公办中学"", ""636"": ""公办小学"", ""598"": ""民办幼儿园"", ""597"": ""公办幼儿园"", ""54"": ""大型社区""}","[""配套纯熟"", ""银行"", ""学校"", ""医院"", ""公园""]",https://pic4.ajkimg.com/display/xinfang/252b9fa9e65bad3c74e4a73fb40f9b6d/275x206n.jpg,[],胶州市香港路38号（板桥镇西侧）
4595834,嘉龙湖府,青岛,30,胶州市,3647,胶州,3718,青岛胶州市胶州西宋路32号,,,,,95-115㎡,530000m²,1600000m²,"[{""id"": 139328, ""rooms"": 2, ""room_alias"": ""二室"", ""area"": 95}, {""id"": 139329, ""rooms"": 2, ""room_alias"": ""二室"", ""area"": 95}, {""id"": 139330, ""rooms"": 2, ""room_alias"": ""二室"", ""area"": 115}, {""id"": 139331, ""rooms"": 2, ""room_alias"": ""二室"", ""area"": 115}]",2室,2室户型,2005-11-12,,2005年,2006年,[],{高层},高层,70年,,,1004,,,住宅,华润万象生活,,,1496,1:1.2,售罄,售罄,售罄,"[""青房注字胶州第2013065号"", ""青房注字胶州第2013093""]",[],保利,,,民电,民水,36.298731,119.996644,"{""service_num"": ""4006708287"", ""num"": """"}","{""56"": ""车位充足"", ""72"": ""配套纯熟"", ""70"": ""银行"", ""69"": ""学校"", ""68"": ""医院"", ""67"": ""生态绿地"", ""66"": ""公园"", ""65"": ""商业街"", ""64"": ""购物中心"", ""78"": ""大户型"", ""638"": ""民办中学"", ""637"": ""公办中学"", ""636"": ""公办小学"", ""635"": ""民办小学"", ""598"": ""民办幼儿园"", ""597"": ""公办幼儿园""}","[""车位充足"", ""配套纯熟"", ""银行"", ""学校"", ""医院""]",https://pic4.ajkimg.com/display/xinfang/c08dc494de749885ee7b51a61d87498d/275x206n.jpg,[],胶州市西宋路32号
7653352,绿城桃源筑,青岛,30,李沧区,3642,李村,3690,青岛李沧区李村青山路南，九水西路西,,8054元/㎡,8054元/㎡,首付43万，月供10357元,105-142㎡,16013m²,79242m²,"[{""id"": 731584, ""rooms"": 3, ""room_alias"": ""三室"", ""area"": 105}, {""id"": 794824, ""rooms"": 3, ""room_alias"": ""三室"", ""area"": 110}, {""id"": 731585, ""rooms"": 3, ""room_alias"": ""三室"", ""area"": 118}, {""id"": 794825, ""rooms"": 3, ""room_alias"": ""三室"", ""area"": 126}, {""id"": 804628, ""rooms"": 3, ""room_alias"": ""三室"", ""area"": 127}, {""id"": 794826, ""rooms"": 4, ""room_alias"": ""四室"", ""area"": 142}]",3/4室,"3室户型,4室户型",2005-01-20,2022年03月12日,2005年,2006年,"[""2023-11-28"", ""2023-05-06"", ""2023-01-04"", ""2023-01-04"", ""2022-03-10""]","{小高层,高层}",小高层、高层,70年,3.15,25%,698,带装修,已竣工，竣工时间：2024-02-28,住宅,保利物业,3元/㎡/月,,1186,,售罄,售罄,售罄,"[""青房预字（2023）第099号"", ""青房预字（2023）第035号"", ""青房预字（2022）第064号"", ""青房预字（2022）第051号"", ""青房预字(2022)第011号""]","[""2#"", ""1#"", ""4#"", ""3#"", ""5#、7#""]",佳兆业,绿城集团,青岛绿城华锦置业有限公司,民电,民水,36.158998,120.417504,"""""","{""559"": ""现房"", ""557"": ""项目竣工"", ""29"": ""装修交付"", ""9"": ""轨交房"", ""76"": ""厨卫全明"", ""74"": ""南北通透"", ""73"": ""卧室全朝南"", ""276"": ""一房一价"", ""78"": ""大户型"", ""404"": ""客餐厅相连"", ""402"": ""玄关入户"", ""401"": ""户型方正"", ""397"": ""动静分离"", ""85"": ""主卧套房"", ""638"": ""民办中学"", ""637"": ""公办中学"", ""636"": ""公办小学"", ""635"": ""民办小学"", ""624"": ""九年一贯制"", ""598"": ""民办幼儿园"", ""597"": ""公办幼儿园"", ""541"": ""3D沙盘"", ""540"": ""日照模拟"", ""263"": ""VR看房"", ""50"": ""品牌开发商""}","[""现房"", ""项目竣工"", ""装修交付"", ""轨交房"", ""厨卫全明""]",https://pic4.ajkimg.com/display/xinfang/a1f921a4075f3b796aaca238dfcdbaba/275x206n.jpg,"[{""id"": ""7274440"", ""loupan_id"": ""503911"", ""station_id"": ""121184"", ""subway_id"": ""12068"", ""city_id"": ""30"", ""distance"": ""1438米"", ""status"": ""1"", ""last_update_time"": ""1774212707"", ""is_rail_loupan"": ""1"", ""subway_name"": ""5号线"", ""station_name"": ""重庆路"", ""distance_raw"": ""1438""}]",李沧区九水西路塔山路交汇处
1047744,紫景B区,青岛,30,市北区,3640,浮山后,3667,青岛市北区浮山后市北宁夏路78号，镇江支路9号,,,,,89-122㎡,8575m²,12000m²,"[{""id"": 55851, ""rooms"": 2, ""room_alias"": ""二室"", ""area"": 89}, {""id"": 55858, ""rooms"": 2, ""room_alias"": ""二室"", ""area"": 92}, {""id"": 55860, ""rooms"": 2, ""room_alias"": ""二室"", ""area"": 104}, {""id"": 55865, ""rooms"": 3, ""room_alias"": ""三室"", ""area"": 117}, {""id"": 55869, ""rooms"": 3, ""room_alias"": ""三室"", ""area"": 122}]",2/3室,"2室户型,3室户型",2005-11-07,,2005年,2006年,[],{多层},多层,70年,1.4,37%,88,毛坯,,住宅,金地智慧服务,1.35元/㎡/月,,53,,售罄,售罄,售罄,[],[],朗诗,,青岛海厦置业有限责任公司,民电,民水,36.084716,120.36359,"""""","{""53"": ""高绿化率"", ""52"": ""低容积"", ""9"": ""轨交房"", ""10"": ""多轨交"", ""72"": ""配套纯熟"", ""71"": ""便利店"", ""70"": ""银行"", ""69"": ""学校"", ""68"": ""医院"", ""67"": ""生态绿地"", ""66"": ""公园"", ""65"": ""商业街"", ""64"": ""购物中心"", ""78"": ""大户型"", ""638"": ""民办中学"", ""637"": ""公办中学"", ""636"": ""公办小学"", ""635"": ""民办小学"", ""624"": ""九年一贯制"", ""598"": ""民办幼儿园"", ""597"": ""公办幼儿园"", ""55"": ""小型社区""}","[""高绿化率"", ""低容积"", ""轨交房"", ""多轨交"", ""配套纯熟""]",https://pic4.ajkimg.com/display/xinfang/d815bfcd960379008bb1541f11da0b30/275x206n.jpg,"[{""id"": ""7316190"", ""loupan_id"": ""241859"", ""station_id"": ""121170"", ""subway_id"": ""12068"", ""city_id"": ""30"", ""distance"": ""141米"", ""status"": ""1"", ""last_update_time"": ""1774212708"", ""is_rail_loupan"": ""1"", ""subway_name"": ""5号线"", ""station_name"": ""镇江路"", ""distance_raw"": ""141""}, {""id"": ""7313889"", ""loupan_id"": ""241859"", ""station_id"": ""121287"", ""subway_id"": ""1044"", ""city_id"": ""30"", ""distance"": ""687米"", ""status"": ""1"", ""last_update_time"": ""1774212705"", ""is_rail_loupan"": ""1"", ""subway_name"": ""8号线"", ""station_name"": ""澳柯玛桥"", ""distance_raw"": ""687""}, {""id"": ""7316207"", ""loupan_id"": ""241859"", ""station_id"": ""121169"", ""subway_id"": ""12068"", ""city_id"": ""30"", ""distance"": ""687米"", ""status"": ""1"", ""last_update_time"": ""1774212708"", ""is_rail_loupan"": ""1"", ""subway_name"": ""5号线"", ""station_name"": ""澳柯玛桥"", ""distance_raw"": ""687""}, {""id"": ""7314809"", ""loupan_id"": ""241859"", ""station_id"": ""4476"", ""subway_id"": ""126"", ""city_id"": ""30"", ""distance"": ""1051米"", ""status"": ""1"", ""last_update_time"": ""1774212706"", ""is_rail_loupan"": ""1"", ""subway_name"": ""2号线"", ""station_name"": ""海信桥"", ""distance_raw"": ""1051""}, {""id"": ""7314808"", ""loupan_id"": ""241859"", ""station_id"": ""4477"", ""subway_id"": ""126"", ""city_id"": ""30"", ""distance"": ""1344米"", ""status"": ""1"", ""last_update_time"": ""1774212706"", ""is_rail_loupan"": ""1"", ""subway_name"": ""2号线"", ""station_name"": ""芝泉路"", ""distance_raw"": ""1344""}, {""id"": ""7316208"", ""loupan_id"": ""241859"", ""station_id"": ""121168"", ""subway_id"": ""12068"", ""city_id"": ""30"", ""distance"": ""1414米"", ""status"": ""1"", ""last_update_time"": ""1774212708"", ""is_rail_loupan"": ""1"", ""subway_name"": ""5号线"", ""station_name"": ""宁夏路"", ""distance_raw"": ""1414""}]",宁夏路78号，镇江支路9号
7168209,华紫金湾,青岛,30,西海岸新区,3646,珠山路,5208,青岛西海岸新区珠山路墨香路717号（黄岛一中北）,,,,,91-128㎡,74362.09m²,138077.07m²,"[{""id"": 254986, ""rooms"": 3, ""room_alias"": ""三室"", ""area"": 91}, {""id"": 254987, ""rooms"": 3, ""room_alias"": ""三室"", ""area"": 97}, {""id"": 254994, ""rooms"": 3, ""room_alias"": ""三室"", ""area"": 98}, {""id"": 254984, ""rooms"": 3, ""room_alias"": ""三室"", ""area"": 105}, {""id"": 254991, ""rooms"": 3, ""room_alias"": ""三室"", ""area"": 105}, {""id"": 254954, ""rooms"": 3, ""room_alias"": ""三室"", ""area"": 107}, {""id"": 254993, ""rooms"": 3, ""room_alias"": ""三室"", ""area"": 112}, {""id"": 254968, ""rooms"": 3, ""room_alias"": ""三室"", ""area"": 116}, {""id"": 254972, ""rooms"": 3, ""room_alias"": ""三室"", ""area"": 116}, {""id"": 254966, ""rooms"": 3, ""room_alias"": ""三室"", ""area"": 118}, {""id"": 254962, ""rooms"": 3, ""room_alias"": ""三室"", ""area"": 122}, {""id"": 254977, ""rooms"": 3, ""room_alias"": ""三室"", ""area"": 128}]",3室,3室户型,2005-03-05,,2005年,2006年,[],"{多层,小高层,花园洋房}",多层、小高层、花园洋房,70年,1.5,38%,919,毛坯,,住宅,保利物业,2.18元/㎡/月,,975,1:1.5,售罄,售罄,售罄,"[""青房注字青黄（2017）第039"", ""青房注字青黄（2017）第038""]",[],融创,,,民电,民水,35.90346,120.034194,"""""","{""56"": ""车位充足"", ""53"": ""高绿化率"", ""52"": ""低容积"", ""71"": ""便利店"", ""78"": ""大户型"", ""637"": ""公办中学"", ""636"": ""公办小学"", ""635"": ""民办小学"", ""598"": ""民办幼儿园"", ""597"": ""公办幼儿园""}","[""车位充足"", ""高绿化率"", ""低容积"", ""便利店"", ""大户型""]",https://pic4.ajkimg.com/display/xinfang/60d2773c6596c20478261dbabb986b64/275x206n.jpg,[],宏程粤海酒店（临时售楼处）
4343024,青岛幸福湾,青岛,30,市北区,3640,长途汽车站,5190,青岛市北区长途汽车站海岸路36号,,5929元/㎡,5929元/㎡,首付15万，月供3584元,67-103㎡,42000m²,180000m²,"[{""id"": 682848, ""rooms"": 1, ""room_alias"": ""一室"", ""area"": 67}, {""id"": 590622, ""rooms"": 2, ""room_alias"": ""二室"", ""area"": 67}, {""id"": 590621, ""rooms"": 2, ""room_alias"": ""二室"", ""area"": 76}, {""id"": 587541, ""rooms"": 2, ""room_alias"": ""二室"", ""area"": 83}, {""id"": 590618, ""rooms"": 2, ""room_alias"": ""二室"", ""area"": 83}, {""id"": 587542, ""rooms"": 3, ""room_alias"": ""三室"", ""area"": 97}, {""id"": 590616, ""rooms"": 3, ""room_alias"": ""三室"", ""area"": 103}]",1/2/3室,"1室户型,2室户型,3室户型",2005-03-07,2020年11月27日,2005年,2006年,"[""2020-09-28""]",{高层},高层,70年,3.1,35%,1490,毛坯,,住宅,中海物业,1.41元/㎡/月,,1251,,售罄,售罄,售罄,"[""青房注字（2019）第021号""]","[""1#、2#、3#、4#、5#、6#""]",仁恒,中海地产,青岛中海海岸置业有限公司,民电,民水,36.129596,120.336558,"""""","{""559"": ""现房"", ""9"": ""轨交房"", ""76"": ""厨卫全明"", ""74"": ""南北通透"", ""73"": ""卧室全朝南"", ""276"": ""一房一价"", ""79"": ""小户型"", ""404"": ""客餐厅相连"", ""403"": ""私密性好"", ""402"": ""玄关入户"", ""397"": ""动静分离"", ""82"": ""双卫生间"", ""637"": ""公办中学"", ""636"": ""公办小学"", ""635"": ""民办小学"", ""598"": ""民办幼儿园"", ""597"": ""公办幼儿园"", ""541"": ""3D沙盘"", ""540"": ""日照模拟"", ""393"": ""五一聚惠"", ""263"": ""VR看房"", ""50"": ""品牌开发商""}","[""现房"", ""轨交房"", ""厨卫全明"", ""南北通透"", ""卧室全朝南""]",https://pic4.ajkimg.com/display/xinfang/8048693e58f0511b8f5621a3b5b779ca/275x206n.jpg,"[{""id"": ""7316224"", ""loupan_id"": ""479157"", ""station_id"": ""121174"", ""subway_id"": ""12068"", ""city_id"": ""30"", ""distance"": ""903米"", ""status"": ""1"", ""last_update_time"": ""1774212708"", ""is_rail_loupan"": ""1"", ""subway_name"": ""5号线"", ""station_name"": ""八号码头"", ""distance_raw"": ""903""}, {""id"": ""7316226"", ""loupan_id"": ""479157"", ""station_id"": ""121175"", ""subway_id"": ""12068"", ""city_id"": ""30"", ""distance"": ""903米"", ""status"": ""1"", ""last_update_time"": ""1774212708"", ""is_rail_loupan"": ""1"", ""subway_name"": ""5号线"", ""station_name"": ""四方厂"", ""distance_raw"": ""903""}]",青岛市市北区海岸路36号
348051,嘉都三期,青岛,30,市北区,3640,长途汽车站,5190,青岛市北区长途汽车站海岸路2号（四方汽车站西侧）,,,,,67-147㎡,50322m²,171782m²,"[{""id"": 81383, ""rooms"": 1, ""room_alias"": ""一室"", ""area"": 67}, {""id"": 81382, ""rooms"": 1, ""room_alias"": ""一室"", ""area"": 80}, {""id"": 41908, ""rooms"": 2, ""room_alias"": ""二室"", ""area"": 80}, {""id"": 41912, ""rooms"": 2, ""room_alias"": ""二室"", ""area"": 88}, {""id"": 81250, ""rooms"": 2, ""room_alias"": ""二室"", ""area"": 91.8}, {""id"": 41914, ""rooms"": 2, ""room_alias"": ""二室"", ""area"": 92}, {""id"": 41910, ""rooms"": 2, ""room_alias"": ""二室"", ""area"": 93}, {""id"": 81251, ""rooms"": 2, ""room_alias"": ""二室"", ""area"": 94}, {""id"": 41915, ""rooms"": 3, ""room_alias"": ""三室"", ""area"": 99}, {""id"": 81381, ""rooms"": 3, ""room_alias"": ""三室"", ""area"": 105}, {""id"": 81255, ""rooms"": 3, ""room_alias"": ""三室"", ""area"": 116}, {""id"": 81254, ""rooms"": 3, ""room_alias"": ""三室"", ""area"": 122}, {""id"": 41913, ""rooms"": 3, ""room_alias"": ""三室"", ""area"": 132}, {""id"": 81253, ""rooms"": 3, ""room_alias"": ""三室"", ""area"": 147}]",1/2/3室,"2室户型,3室户型",2005-05-04,,2005年,2006年,[],"{小高层,高层}",小高层、高层,70年,2.76,35%,936,毛坯,,住宅,招商积余,1.24元/㎡/月,,3178,,售罄,售罄,售罄,[],[],万科,,青岛联城海岸置业有限公司,民电,民水,36.127344,120.371757,"""""","{""9"": ""轨交房"", ""10"": ""多轨交"", ""72"": ""配套纯熟"", ""71"": ""便利店"", ""70"": ""银行"", ""69"": ""学校"", ""68"": ""医院"", ""66"": ""公园"", ""65"": ""商业街"", ""64"": ""购物中心"", ""78"": ""大户型"", ""637"": ""公办中学"", ""636"": ""公办小学"", ""635"": ""民办小学"", ""598"": ""民办幼儿园"", ""597"": ""公办幼儿园""}","[""轨交房"", ""多轨交"", ""配套纯熟"", ""便利店"", ""银行""]",https://pic4.ajkimg.com/display/xinfang/61841f9d69dff6d9299162872fc869ee/275x206n.jpg,"[{""id"": ""7314659"", ""loupan_id"": ""241932"", ""station_id"": ""120743"", ""subway_id"": ""12051"", ""city_id"": ""30"", ""distance"": ""1338米"", ""status"": ""1"", ""last_update_time"": ""1774212706"", ""is_rail_loupan"": ""1"", ""subway_name"": ""4号线"", ""station_name"": ""海泊河公园"", ""distance_raw"": ""1338""}, {""id"": ""7314851"", ""loupan_id"": ""241932"", ""station_id"": ""121176"", ""subway_id"": ""12068"", ""city_id"": ""30"", ""distance"": ""1435米"", ""status"": ""1"", ""last_update_time"": ""1774212707"", ""is_rail_loupan"": ""1"", ""subway_name"": ""5号线"", ""station_name"": ""海云庵"", ""distance_raw"": ""1435""}, {""id"": ""7315889"", ""loupan_id"": ""241932"", ""station_id"": ""120425"", ""subway_id"": ""1045"", ""city_id"": ""30"", ""distance"": ""1499米"", ""status"": ""1"", ""last_update_time"": ""1774212708"", ""is_rail_loupan"": ""1"", ""subway_name"": ""1号线"", ""station_name"": ""小村庄"", ""distance_raw"": ""1499""}]",四方区海岸路2号
1050369,泰东方阁,青岛,30,西海岸新区,3646,滨海大道,5211,青岛西海岸新区滨海大道月牙河路与圣元路交汇处,,,,,96-118㎡,60000m²,138000m²,"[{""id"": 272381, ""rooms"": 3, ""room_alias"": ""三室"", ""area"": 96}, {""id"": 272378, ""rooms"": 3, ""room_alias"": ""三室"", ""area"": 110}, {""id"": 272372, ""rooms"": 3, ""room_alias"": ""三室"", ""area"": 115}, {""id"": 272376, ""rooms"": 3, ""room_alias"": ""三室"", ""area"": 118}]",3室,3室户型,2005-03-02,,2005年,2006年,[],超高层,小高层、花园洋房,70年,1.8,35%,963,毛坯,,住宅,中海物业,3.9~4.3元/㎡/月,,963,1:1,售罄,售罄,售罄,"[""青房注字青黄(2017)第018""]",[],招商蛇口,,青岛宏秀房地产开发有限公司,民电,民水,35.838552,120.020931,"{""service_num"": ""4006708287"", ""num"": """"}","{""52"": ""低容积"", ""63"": ""旅游地产"", ""69"": ""学校"", ""78"": ""大户型"", ""637"": ""公办中学"", ""636"": ""公办小学"", ""635"": ""民办小学"", ""598"": ""民办幼儿园"", ""597"": ""公办幼儿园""}","[""低容积"", ""旅游地产"", ""学校"", ""大户型"", ""公办中学""]",https://pic4.ajkimg.com/display/xinfang/16c3a7242078a071d7c2317aaecbe621/275x206n.jpg,[],越秀地产西海岸体验中心：原胶南德泰利群商场一楼超市入口处
982230,绿城红树花苑,青岛,30,李沧区,3642,金水路,5196,青岛李沧区金水路李沧广水路以南、铜川路以西,,,,,130㎡,30000m²,60000m²,"[{""id"": 212317, ""rooms"": 3, ""room_alias"": ""三室"", ""area"": 130}]",3室,3室户型,2005-12-10,,2005年,2006年,[],{小高层},小高层,70年,2,30%,,毛坯,,住宅,招商积余,2.8元/㎡/月,,526,,售罄,售罄,售罄,"[""青房注字（2016）161号""]",[],绿城,,,民电,民水,36.179043,120.435497,"""""","{""57"": ""人车分流"", ""9"": ""轨交房"", ""78"": ""大户型"", ""638"": ""民办中学"", ""637"": ""公办中学"", ""636"": ""公办小学"", ""599"": ""省级示范园"", ""598"": ""民办幼儿园"", ""597"": ""公办幼儿园""}","[""人车分流"", ""轨交房"", ""大户型"", ""民办中学"", ""公办中学""]",https://pic4.ajkimg.com/display/xinfang/25fdd7ed03d57ac908a7edce67bff458/275x206n.jpg,"[{""id"": ""7315601"", ""loupan_id"": ""415182"", ""station_id"": ""121230"", ""subway_id"": ""126"", ""city_id"": ""30"", ""distance"": ""1407米"", ""status"": ""1"", ""last_update_time"": ""1774212707"", ""is_rail_loupan"": ""1"", ""subway_name"": ""2号线"", ""station_name"": ""合川路"", ""distance_raw"": ""1407""}]",李沧区金水路与铜川路交汇处
498776,雅轩二期,青岛,30,市南区,3639,香港路沿线,3653,青岛市南区香港路沿线燕儿岛路7号,,,,,,122300m²,1014500m²,[],,,2005-05-26,,2005年,2006年,[],{},,40年,,3000%,1798,毛坯,,临街店铺,世茂服务,,,,1:3,售罄,售罄,售罄,[],[],禹洲,,鲁商置业青岛有限公司,商电,商水,36.082843,120.407085,"{""service_num"": ""4006708287"", ""num"": """"}","{""56"": ""车位充足"", ""9"": ""轨交房"", ""71"": ""便利店"", ""70"": ""银行"", ""68"": ""医院"", ""54"": ""大型社区""}","[""车位充足"", ""轨交房"", ""便利店"", ""银行"", ""医院""]",https://pic4.ajkimg.com/display/xinfang/81f9fc6a257d219a23b824cb11f28780/275x206n.jpg,"[{""id"": ""7315669"", ""loupan_id"": ""410690"", ""station_id"": ""121166"", ""subway_id"": ""12068"", ""city_id"": ""30"", ""distance"": ""1117米"", ""status"": ""1"", ""last_update_time"": ""1774212708"", ""is_rail_loupan"": ""1"", ""subway_name"": ""5号线"", ""station_name"": ""北山公园"", ""distance_raw"": ""1117""}, {""id"": ""7315672"", ""loupan_id"": ""410690"", ""station_id"": ""121167"", ""subway_id"": ""12068"", ""city_id"": ""30"", ""distance"": ""1130米"", ""status"": ""1"", ""last_update_time"": ""1774212708"", ""is_rail_loupan"": ""1"", ""subway_name"": ""5号线"", ""station_name"": ""福宁立交"", ""distance_raw"": ""1130""}]",市南区香港中路65号
1074998,锦星辰轩,青岛,30,市南区,3639,二轻新村,5182,青岛市南区二轻新村南京路137号（南京路与宁夏路交叉路口，中联广场对面）,,9082元/㎡,9082元/㎡,首付30万，月供7167元,80-146㎡,44520m²,317800m²,"[{""id"": 857078, ""rooms"": 2, ""room_alias"": ""二室"", ""area"": 80}, {""id"": 857079, ""rooms"": 2, ""room_alias"": ""二室"", ""area"": 84}, {""id"": 857076, ""rooms"": 2, ""room_alias"": ""二室"", ""area"": 91}, {""id"": 857075, ""rooms"": 2, ""room_alias"": ""二室"", ""area"": 93.87}, {""id"": 857077, ""rooms"": 2, ""room_alias"": ""二室"", ""area"": 97}, {""id"": 857074, ""rooms"": 2, ""room_alias"": ""二室"", ""area"": 103}, {""id"": 857071, ""rooms"": 3, ""room_alias"": ""三室"", ""area"": 126}, {""id"": 857070, ""rooms"": 3, ""room_alias"": ""三室"", ""area"": 128}, {""id"": 857072, ""rooms"": 3, ""room_alias"": ""三室"", ""area"": 128}, {""id"": 857073, ""rooms"": 3, ""room_alias"": ""三室"", ""area"": 129}, {""id"": 857069, ""rooms"": 4, ""room_alias"": ""四室"", ""area"": 146}]",2/3/4室,"2室户型,3室户型,4室户型",2005-02-27,2024年06月20日,2005年,2006年,"[""2024-06-20""]",{},,,,,,,已竣工，竣工时间：2022-06-30,住宅,华润万象生活,,,,,售罄,售罄,售罄,"[""鲁(2022)青岛市不动产权第0026619号""]","[""1#、4#、5#、2#、3#、6#、7#""]",大华,,,民电,民水,36.077635,120.410209,"""""","{""559"": ""现房"", ""557"": ""项目竣工"", ""9"": ""轨交房"", ""76"": ""厨卫全明"", ""74"": ""南北通透"", ""73"": ""卧室全朝南"", ""10"": ""多轨交"", ""276"": ""一房一价"", ""72"": ""配套纯熟"", ""71"": ""便利店"", ""70"": ""银行"", ""69"": ""学校"", ""68"": ""医院"", ""67"": ""生态绿地"", ""66"": ""公园"", ""65"": ""商业街"", ""64"": ""购物中心"", ""78"": ""大户型"", ""402"": ""玄关入户"", ""401"": ""户型方正"", ""397"": ""动静分离"", ""85"": ""主卧套房"", ""82"": ""双卫生间"", ""638"": ""民办中学"", ""637"": ""公办中学"", ""636"": ""公办小学"", ""635"": ""民办小学"", ""624"": ""九年一贯制"", ""598"": ""民办幼儿园"", ""597"": ""公办幼儿园"", ""263"": ""VR看房"", ""55"": ""小型社区""}","[""现房"", ""项目竣工"", ""轨交房"", ""厨卫全明"", ""南北通透""]",https://pic4.ajkimg.com/display/xinfang/3f90491d0c49ebb53ed3e9f4e8941c5c/275x206n.jpg,"[{""id"": ""7300818"", ""loupan_id"": ""528946"", ""station_id"": ""121168"", ""subway_id"": ""12068"", ""city_id"": ""30"", ""distance"": ""363米"", ""status"": ""1"", ""last_update_time"": ""1774212708"", ""is_rail_loupan"": ""1"", ""subway_name"": ""5号线"", ""station_name"": ""宁夏路"", ""distance_raw"": ""363""}, {""id"": ""7300815"", ""loupan_id"": ""528946"", ""station_id"": ""4370"", ""subway_id"": ""121"", ""city_id"": ""30"", ""distance"": ""365米"", ""status"": ""1"", ""last_update_time"": ""1774212708"", ""is_rail_loupan"": ""1"", ""subway_name"": ""3号线"", ""station_name"": ""宁夏路"", ""distance_raw"": ""365""}, {""id"": ""7300816"", ""loupan_id"": ""528946"", ""station_id"": ""4371"", ""subway_id"": ""121"", ""city_id"": ""30"", ""distance"": ""964米"", ""status"": ""1"", ""last_update_time"": ""1774212708"", ""is_rail_loupan"": ""1"", ""subway_name"": ""3号线"", ""station_name"": ""江西路"", ""distance_raw"": ""964""}, {""id"": ""7300817"", ""loupan_id"": ""528946"", ""station_id"": ""4369"", ""subway_id"": ""121"", ""city_id"": ""30"", ""distance"": ""1031米"", ""status"": ""1"", ""last_update_time"": ""1774212708"", ""is_rail_loupan"": ""1"", ""subway_name"": ""3号线"", ""station_name"": ""敦化路"", ""distance_raw"": ""1031""}, {""id"": ""7300819"", ""loupan_id"": ""528946"", ""station_id"": ""121167"", ""subway_id"": ""12068"", ""city_id"": ""30"", ""distance"": ""1195米"", ""status"": ""1"", ""last_update_time"": ""1774212708"", ""is_rail_loupan"": ""1"", ""subway_name"": ""5号线"", ""station_name"": ""福宁立交"", ""distance_raw"": ""1195""}, {""id"": ""7300814"", ""loupan_id"": ""528946"", ""station_id"": ""121287"", ""subway_id"": ""1044"", ""city_id"": ""30"", ""distance"": ""1318米"", ""status"": ""1"", ""last_update_time"": ""1774212708"", ""is_rail_loupan"": ""1"", ""subway_name"": ""8号线"", ""station_name"": ""澳柯玛桥"", ""distance_raw"": ""1318""}, {""id"": ""7300820"", ""loupan_id"": ""528946"", ""station_id"": ""121169"", ""subway_id"": ""12068"", ""city_id"": ""30"", ""distance"": ""1318米"", ""status"": ""1"", ""last_update_time"": ""1774212708"", ""is_rail_loupan"": ""1"", ""subway_name"": ""5号线"", ""station_name"": ""澳柯玛桥"", ""distance_raw"": ""1318""}]",青岛市南区蓝岸公馆南京路入口前行约20米
7893411,山钢阳光豪庭,青岛,30,崂山区,3643,海尔路,3697,青岛崂山区海尔路辽阳东路与同安路交汇处,,4798元/㎡,4798元/㎡,首付6万，月供1613元,35-42㎡,28599m²,99292m²,"[{""id"": 433504, ""rooms"": 1, ""room_alias"": ""一室"", ""area"": 35}, {""id"": 680941, ""rooms"": 1, ""room_alias"": ""一室"", ""area"": 35}, {""id"": 433506, ""rooms"": 1, ""room_alias"": ""一室"", ""area"": 42}]",1室,商业户型,2005-03-18,2021年02月22日,2005年,2006年,"[""2021-02-22""]",{高层},高层,40年,2.5,25%,1000,毛坯,,商业,龙湖智慧服务,,,747,100:1,售罄,售罄,售罄,"[""青房注字（崂）2020第021号"", ""青房注字（崂）2018第014号""]","[""1#、4#""]",华润,山钢地产,青岛巨腾置业有限公司,商电,商水,36.136791,120.492611,"{""service_num"": ""4006708287"", ""num"": ""97306""}","{""559"": ""现房"", ""81"": ""大阳台"", ""77"": ""复式"", ""9"": ""轨交房"", ""76"": ""厨卫全明"", ""74"": ""南北通透"", ""73"": ""卧室全朝南"", ""47"": ""甲级写字楼"", ""41"": ""办公企业园"", ""276"": ""一房一价"", ""5"": ""低单价"", ""4"": ""低总价"", ""402"": ""玄关入户"", ""397"": ""动静分离"", ""263"": ""VR看房"", ""224"": ""枢纽办公区"", ""220"": ""办公首选"", ""213"": ""地铁沿线"", ""50"": ""品牌开发商""}","[""现房"", ""大阳台"", ""复式"", ""轨交房"", ""厨卫全明""]",https://pic4.ajkimg.com/display/xinfang/ecd0e7e5701c5280065917e2b41f396d/275x206n.jpg,"[{""id"": ""7249822"", ""loupan_id"": ""427940"", ""station_id"": ""120738"", ""subway_id"": ""12051"", ""city_id"": ""30"", ""distance"": ""869米"", ""status"": ""1"", ""last_update_time"": ""1774212707"", ""is_rail_loupan"": ""1"", ""subway_name"": ""4号线"", ""station_name"": ""董家下庄"", ""distance_raw"": ""869""}]",辽阳东路与同安路交汇处山钢东部新天地营销中心
9483438,凤翠苑A区,青岛,30,城阳区,3644,高新区,6139,青岛城阳区高新区祥源路51号,,4626元/㎡,4626元/㎡,首付28万，月供6916元,143-197㎡,77206m²,202741m²,"[{""id"": 859124, ""rooms"": 4, ""room_alias"": ""四室"", ""area"": 143}, {""id"": 794748, ""rooms"": 4, ""room_alias"": ""四室"", ""area"": 160}, {""id"": 794749, ""rooms"": 4, ""room_alias"": ""四室"", ""area"": 160}, {""id"": 867479, ""rooms"": 5, ""room_alias"": ""五室"", ""area"": 197}]",4/5室,"4室户型,5室户型",2005-02-08,2024年12月24日,2005年,2006年,"[""2025-12-16"", ""2025-11-13"", ""2025-09-08"", ""2025-07-14"", ""2025-05-20"", ""2025-04-23"", ""2024-12-24"", ""2024-11-08"", ""2024-08-21"", ""2024-03-25"", ""2024-01-18"", ""2023-09-20"", ""2023-06-27"", ""2023-05-16""]",别墅,小高层,70年,2,30%,975,毛坯,在建中，竣工时间：2026-12-31,住宅,绿城服务,3.02元/㎡/月,封闭小区,1559,,售罄,售罄,售罄,"[""青房注字(高25)第019号"", ""青房注字(高25)第016号"", ""青房注字（高25）第013号"", ""青房注字(高25)第009号"", ""青房注字(高25)第006号"", ""青房注字(高25)第002号"", ""青房注字(高24)第021号"", ""青房注字(高24)第018号"", ""青房注字(高24)第014号"", ""青房注字(高24)第004号"", ""青房注字(高23)第020号"", ""青房注字（高23）第013号"", ""青房注字（高23）第008号"", ""青房注字（高23）第006号""]","[""5#"", ""4#"", ""17#"", ""3#"", ""18#"", ""11#"", ""10#"", ""12#"", ""14#"", ""13#"", ""9#"", ""7#"", ""15#、8#"", ""1#、2#、16#""]",中梁,青特集团,青岛方嘉置业有限公司,民电,民水,36.261313,120.317038,"""""","{""80"": ""得房率高"", ""76"": ""厨卫全明"", ""74"": ""南北通透"", ""73"": ""卧室全朝南"", ""7"": ""项目在建"", ""72"": ""配套纯熟"", ""71"": ""便利店"", ""70"": ""银行"", ""69"": ""学校"", ""68"": ""医院"", ""66"": ""公园"", ""65"": ""商业街"", ""64"": ""购物中心"", ""78"": ""大户型"", ""402"": ""玄关入户"", ""401"": ""户型方正"", ""397"": ""动静分离"", ""85"": ""主卧套房"", ""92"": ""热搜盘"", ""91"": ""热评楼盘"", ""90"": ""人气楼盘"", ""638"": ""民办中学"", ""637"": ""公办中学"", ""636"": ""公办小学"", ""624"": ""九年一贯制"", ""598"": ""民办幼儿园"", ""597"": ""公办幼儿园"", ""541"": ""3D沙盘"", ""263"": ""VR看房"", ""50"": ""品牌开发商""}","[""得房率高"", ""厨卫全明"", ""南北通透"", ""卧室全朝南"", ""项目在建""]",https://pic4.ajkimg.com/display/xinfang/f69746a466eb6331c6eb05381c87a232/275x206n.jpg,[],青岛市城阳区高新区春阳路41号
3060556,金北辰嘉园,青岛,30,市南区,3639,二轻新村,5182,青岛市南区二轻新村南京路137号（南京路与宁夏路交叉路口，中联广场对面）,,9082元/㎡,9082元/㎡,首付30万，月供7167元,80-146㎡,44520m²,317800m²,"[{""id"": 857078, ""rooms"": 2, ""room_alias"": ""二室"", ""area"": 80}, {""id"": 857079, ""rooms"": 2, ""room_alias"": ""二室"", ""area"": 84}, {""id"": 857076, ""rooms"": 2, ""room_alias"": ""二室"", ""area"": 91}, {""id"": 857075, ""rooms"": 2, ""room_alias"": ""二室"", ""area"": 93.87}, {""id"": 857077, ""rooms"": 2, ""room_alias"": ""二室"", ""area"": 97}, {""id"": 857074, ""rooms"": 2, ""room_alias"": ""二室"", ""area"": 103}, {""id"": 857071, ""rooms"": 3, ""room_alias"": ""三室"", ""area"": 126}, {""id"": 857070, ""rooms"": 3, ""room_alias"": ""三室"", ""area"": 128}, {""id"": 857072, ""rooms"": 3, ""room_alias"": ""三室"", ""area"": 128}, {""id"": 857073, ""rooms"": 3, ""room_alias"": ""三室"", ""area"": 129}, {""id"": 857069, ""rooms"": 4, ""room_alias"": ""四室"", ""area"": 146}]",2/3/4室,"2室户型,3室户型,4室户型",2005-09-10,2024年06月20日,2005年,2006年,"[""2024-06-20""]",{},,,,,,,已竣工，竣工时间：2022-06-30,住宅,招商积余,,,,,售罄,售罄,售罄,"[""鲁(2022)青岛市不动产权第0026619号""]","[""1#、4#、5#、2#、3#、6#、7#""]",金地,,,民电,民水,36.096042,120.382143,"""""","{""559"": ""现房"", ""557"": ""项目竣工"", ""9"": ""轨交房"", ""76"": ""厨卫全明"", ""74"": ""南北通透"", ""73"": ""卧室全朝南"", ""10"": ""多轨交"", ""276"": ""一房一价"", ""72"": ""配套纯熟"", ""71"": ""便利店"", ""70"": ""银行"", ""69"": ""学校"", ""68"": ""医院"", ""67"": ""生态绿地"", ""66"": ""公园"", ""65"": ""商业街"", ""64"": ""购物中心"", ""78"": ""大户型"", ""402"": ""玄关入户"", ""401"": ""户型方正"", ""397"": ""动静分离"", ""85"": ""主卧套房"", ""82"": ""双卫生间"", ""638"": ""民办中学"", ""637"": ""公办中学"", ""636"": ""公办小学"", ""635"": ""民办小学"", ""624"": ""九年一贯制"", ""598"": ""民办幼儿园"", ""597"": ""公办幼儿园"", ""263"": ""VR看房"", ""55"": ""小型社区""}","[""现房"", ""项目竣工"", ""轨交房"", ""厨卫全明"", ""南北通透""]",https://pic4.ajkimg.com/display/xinfang/3f90491d0c49ebb53ed3e9f4e8941c5c/275x206n.jpg,"[{""id"": ""7300818"", ""loupan_id"": ""528946"", ""station_id"": ""121168"", ""subway_id"": ""12068"", ""city_id"": ""30"", ""distance"": ""363米"", ""status"": ""1"", ""last_update_time"": ""1774212708"", ""is_rail_loupan"": ""1"", ""subway_name"": ""5号线"", ""station_name"": ""宁夏路"", ""distance_raw"": ""363""}, {""id"": ""7300815"", ""loupan_id"": ""528946"", ""station_id"": ""4370"", ""subway_id"": ""121"", ""city_id"": ""30"", ""distance"": ""365米"", ""status"": ""1"", ""last_update_time"": ""1774212708"", ""is_rail_loupan"": ""1"", ""subway_name"": ""3号线"", ""station_name"": ""宁夏路"", ""distance_raw"": ""365""}, {""id"": ""7300816"", ""loupan_id"": ""528946"", ""station_id"": ""4371"", ""subway_id"": ""121"", ""city_id"": ""30"", ""distance"": ""964米"", ""status"": ""1"", ""last_update_time"": ""1774212708"", ""is_rail_loupan"": ""1"", ""subway_name"": ""3号线"", ""station_name"": ""江西路"", ""distance_raw"": ""964""}, {""id"": ""7300817"", ""loupan_id"": ""528946"", ""station_id"": ""4369"", ""subway_id"": ""121"", ""city_id"": ""30"", ""distance"": ""1031米"", ""status"": ""1"", ""last_update_time"": ""1774212708"", ""is_rail_loupan"": ""1"", ""subway_name"": ""3号线"", ""station_name"": ""敦化路"", ""distance_raw"": ""1031""}, {""id"": ""7300819"", ""loupan_id"": ""528946"", ""station_id"": ""121167"", ""subway_id"": ""12068"", ""city_id"": ""30"", ""distance"": ""1195米"", ""status"": ""1"", ""last_update_time"": ""1774212708"", ""is_rail_loupan"": ""1"", ""subway_name"": ""5号线"", ""station_name"": ""福宁立交"", ""distance_raw"": ""1195""}, {""id"": ""7300814"", ""loupan_id"": ""528946"", ""station_id"": ""121287"", ""subway_id"": ""1044"", ""city_id"": ""30"", ""distance"": ""1318米"", ""status"": ""1"", ""last_update_time"": ""1774212708"", ""is_rail_loupan"": ""1"", ""subway_name"": ""8号线"", ""station_name"": ""澳柯玛桥"", ""distance_raw"": ""1318""}, {""id"": ""7300820"", ""loupan_id"": ""528946"", ""station_id"": ""121169"", ""subway_id"": ""12068"", ""city_id"": ""30"", ""distance"": ""1318米"", ""status"": ""1"", ""last_update_time"": ""1774212708"", ""is_rail_loupan"": ""1"", ""subway_name"": ""5号线"", ""station_name"": ""澳柯玛桥"", ""distance_raw"": ""1318""}]",青岛市南区蓝岸公馆南京路入口前行约20米
7390933,中骏西岸台,青岛,30,胶州市,3647,新城,17477,青岛胶州市新城尚德大道与辽河路交汇处,,3084元/㎡,3084元/㎡,首付13万，月供3261元,83-97㎡,79600m²,196000m²,"[{""id"": 587343, ""rooms"": 2, ""room_alias"": ""二室"", ""area"": 83}, {""id"": 650215, ""rooms"": 3, ""room_alias"": ""三室"", ""area"": 85}, {""id"": 587344, ""rooms"": 3, ""room_alias"": ""三室"", ""area"": 97}]",2/3室,"2室户型,3室户型",2005-06-12,2021年09月06日,2005年,2006年,"[""2021-09-06"", ""2021-01-16"", ""2020-11-11"", ""2020-09-25"", ""2020-07-27"", ""2020-07-01"", ""2020-10-12""]",高层,小高层、高层,70年,2,35%,1900,带装修,,住宅,保利物业,2.31元/㎡/月,,2160,1:1,售罄,售罄,售罄,"[""青房注字（胶州）第2021078号"", ""青房注字（胶州）第2021003号"", ""青房注字（胶州）第2020129号"", ""青房注字（胶州）第2020101号"", ""青房注字（胶州）第2020086号"", ""青房注字（胶州）第2020082号"", ""青房注字（胶州）第2020110号""]","[""12#"", ""1#、5#"", ""3#、7#"", ""2#"", ""6#"", ""9#"", ""10#""]",金地,中骏地产,青岛众裕泰置业有限公司,民电,民水,36.197247,120.106283,"{""service_num"": ""4006708287"", ""num"": ""60490""}","{""81"": ""大阳台"", ""29"": ""装修交付"", ""76"": ""厨卫全明"", ""74"": ""南北通透"", ""404"": ""客餐厅相连"", ""402"": ""玄关入户"", ""401"": ""户型方正"", ""397"": ""动静分离"", ""637"": ""公办中学"", ""636"": ""公办小学"", ""598"": ""民办幼儿园"", ""597"": ""公办幼儿园"", ""263"": ""VR看房"", ""54"": ""大型社区"", ""50"": ""品牌开发商""}","[""大阳台"", ""装修交付"", ""厨卫全明"", ""南北通透"", ""客餐厅相连""]",https://pic4.ajkimg.com/display/xinfang/130e249d9d64dcde166957ead28503f8/275x206n.jpg,[],青岛市胶州市尚德大道与辽河路交汇处
7668978,华庄一期,青岛,30,黄岛区,4516,唐岛湾,5215,青岛黄岛区唐岛湾太行山路6号,,,,,128-262㎡,4932m²,39145m²,"[{""id"": 273020, ""rooms"": 1, ""room_alias"": ""一室"", ""area"": 128.21}, {""id"": 269441, ""rooms"": 4, ""room_alias"": ""四室"", ""area"": 248}, {""id"": 269439, ""rooms"": 5, ""room_alias"": ""五室"", ""area"": 262.3}]",1/4/5室,"1室户型,4室户型,5室户型",2005-06-09,,2005年,2006年,[],别墅,高层,50年,6.42,32%,110,毛坯,,住宅,新城悦服务,1.8元/㎡/月,,317,1:2.9,售罄,售罄,售罄,"[""青房注字青开(2015)第033""]",[],新城控股,,,民电,民水,35.952582,120.175698,"{""service_num"": ""4006708287"", ""num"": """"}","{""56"": ""车位充足"", ""9"": ""轨交房"", ""10"": ""多轨交"", ""70"": ""银行"", ""69"": ""学校"", ""66"": ""公园"", ""78"": ""大户型"", ""638"": ""民办中学"", ""637"": ""公办中学"", ""636"": ""公办小学"", ""598"": ""民办幼儿园"", ""597"": ""公办幼儿园"", ""55"": ""小型社区""}","[""车位充足"", ""轨交房"", ""多轨交"", ""银行"", ""学校""]",https://pic4.ajkimg.com/display/xinfang/0d69370e71f12658fa3201842f307269/275x206n.jpg,"[{""id"": ""7314581"", ""loupan_id"": ""418818"", ""station_id"": ""120409"", ""subway_id"": ""1045"", ""city_id"": ""30"", ""distance"": ""1141米"", ""status"": ""1"", ""last_update_time"": ""1774212706"", ""is_rail_loupan"": ""1"", ""subway_name"": ""1号线"", ""station_name"": ""太行山路"", ""distance_raw"": ""1141""}, {""id"": ""7314425"", ""loupan_id"": ""418818"", ""station_id"": ""4403"", ""subway_id"": ""123"", ""city_id"": ""30"", ""distance"": ""1354米"", ""status"": ""1"", ""last_update_time"": ""1774212706"", ""is_rail_loupan"": ""1"", ""subway_name"": ""西海岸快线"", ""station_name"": ""井冈山路"", ""distance_raw"": ""1354""}, {""id"": ""7313349"", ""loupan_id"": ""418818"", ""station_id"": ""120312"", ""subway_id"": ""1045"", ""city_id"": ""30"", ""distance"": ""1439米"", ""status"": ""1"", ""last_update_time"": ""1774212705"", ""is_rail_loupan"": ""1"", ""subway_name"": ""1号线"", ""station_name"": ""井冈山路"", ""distance_raw"": ""1439""}]",黄岛区太行山路10-11号网点
6870,凤未来宅,青岛,30,市北区,3640,水清沟,5189,青岛市北区水清沟金沙路12号,,,,,82-125㎡,住宅：15955m² 别墅：15955m²,住宅：524428m² 别墅：524428m²,"[{""id"": 59891, ""rooms"": 2, ""room_alias"": ""二室"", ""area"": 82.26}, {""id"": 59887, ""rooms"": 2, ""room_alias"": ""二室"", ""area"": 83.45}, {""id"": 59885, ""rooms"": 2, ""room_alias"": ""二室"", ""area"": 85.02}, {""id"": 59892, ""rooms"": 2, ""room_alias"": ""二室"", ""area"": 91.17}, {""id"": 59890, ""rooms"": 2, ""room_alias"": ""二室"", ""area"": 91.18}, {""id"": 59888, ""rooms"": 2, ""room_alias"": ""二室"", ""area"": 96.05}, {""id"": 59886, ""rooms"": 3, ""room_alias"": ""三室"", ""area"": 121.91}, {""id"": 59889, ""rooms"": 3, ""room_alias"": ""三室"", ""area"": 124.63}]",2/3室,"2室户型,3室户型",2005-08-08,,2005年,2006年,[],"{小高层,高层}",住宅：小高层、高层,住宅：70年 别墅：70年,住宅：3,住宅：30% 别墅：30%,住宅：564 别墅：564,"住宅：毛坯,带装修 别墅：毛坯,带装修",,住宅,雅生活服务,,,住宅：231 别墅：231,住宅：暂无资料 别墅：暂无资料,售罄,售罄,售罄,[],[],路劲,,青岛盈秀房地产发展有限公司,住宅：民电,住宅：民水,36.127268,120.388429,"{""service_num"": ""4006708287"", ""num"": """"}","{""29"": ""装修交付"", ""9"": ""轨交房"", ""72"": ""配套纯熟"", ""70"": ""银行"", ""69"": ""学校"", ""68"": ""医院"", ""66"": ""公园"", ""65"": ""商业街"", ""64"": ""购物中心"", ""78"": ""大户型"", ""638"": ""民办中学"", ""637"": ""公办中学"", ""636"": ""公办小学"", ""624"": ""九年一贯制"", ""600"": ""市级示范园"", ""598"": ""民办幼儿园"", ""597"": ""公办幼儿园""}","[""装修交付"", ""轨交房"", ""配套纯熟"", ""银行"", ""学校""]",https://pic4.ajkimg.com/display/xinfang/c425be1f04f1d0bf8b5d7ca8f9e85d5c/275x206n.jpg,"[{""id"": ""7314199"", ""loupan_id"": ""246295"", ""station_id"": ""120398"", ""subway_id"": ""1045"", ""city_id"": ""30"", ""distance"": ""1448米"", ""status"": ""1"", ""last_update_time"": ""1774212706"", ""is_rail_loupan"": ""1"", ""subway_name"": ""1号线"", ""station_name"": ""水清沟"", ""distance_raw"": ""1448""}]",四方区金华路62-3号（双星海华山景小区网点房）
813851,海棠康城坊,青岛,30,黄岛区,4516,长江路,5213,青岛黄岛区长江路开发区漓江西路48号,,,,,80-90㎡,21904m²,29071m²,"[{""id"": 46062, ""rooms"": 2, ""room_alias"": ""二室"", ""area"": 80.26}, {""id"": 46065, ""rooms"": 2, ""room_alias"": ""二室"", ""area"": 82.3}, {""id"": 46064, ""rooms"": 2, ""room_alias"": ""二室"", ""area"": 82.71}, {""id"": 46061, ""rooms"": 2, ""room_alias"": ""二室"", ""area"": 85.63}, {""id"": 46075, ""rooms"": 2, ""room_alias"": ""二室"", ""area"": 89.47}, {""id"": 46076, ""rooms"": 2, ""room_alias"": ""二室"", ""area"": 89.89}]",2室,2室户型,2005-04-12,,2005年,2006年,[],"{多层,高层}",多层、高层,,2.29,41%,280,毛坯,,住宅,中海物业,1.6元/㎡/月,,310,,售罄,售罄,售罄,[],[],中南,,青岛嘉合置业有限公司,民电,民水,35.93727,120.215062,"""""","{""53"": ""高绿化率"", ""72"": ""配套纯熟"", ""71"": ""便利店"", ""70"": ""银行"", ""69"": ""学校"", ""68"": ""医院"", ""67"": ""生态绿地"", ""66"": ""公园"", ""637"": ""公办中学"", ""636"": ""公办小学"", ""599"": ""省级示范园"", ""598"": ""民办幼儿园"", ""597"": ""公办幼儿园"", ""55"": ""小型社区""}","[""高绿化率"", ""配套纯熟"", ""便利店"", ""银行"", ""学校""]",https://pic4.ajkimg.com/display/xinfang/9fb8dd068e6fc3bbfe58ff80b7b0f160/275x206n.jpg,[],滨海大道与嘉陵江东路交汇处海韵家园网点
3225230,新华庭一期,青岛,30,黄岛区,4516,安子片区,5217,青岛黄岛区安子片区开发区武夷山路167号,,,,,,住宅：19980m² 别墅：19980m²,住宅：52585m² 别墅：52585m²,[],,,2005-06-18,,2005年,2006年,[],{高层},住宅：高层,,住宅：2.24,住宅：35% 别墅：35%,住宅：547 别墅：547,住宅：带装修 别墅：带装修,,住宅,保利物业,住宅：2.8元/㎡/月,,住宅：330 别墅：330,,售罄,售罄,售罄,[],[],中铁建,,,住宅：民电,住宅：民水,35.962972,120.19403,"""""","{""29"": ""装修交付"", ""9"": ""轨交房"", ""10"": ""多轨交"", ""72"": ""配套纯熟"", ""71"": ""便利店"", ""70"": ""银行"", ""69"": ""学校"", ""68"": ""医院"", ""66"": ""公园"", ""65"": ""商业街"", ""64"": ""购物中心"", ""638"": ""民办中学"", ""637"": ""公办中学"", ""636"": ""公办小学"", ""598"": ""民办幼儿园"", ""597"": ""公办幼儿园""}","[""装修交付"", ""轨交房"", ""多轨交"", ""配套纯熟"", ""便利店""]",https://pic4.ajkimg.com/display/xinfang/3da740496b84944069ec5744e6751538/275x206n.jpg,"[{""id"": ""7315836"", ""loupan_id"": ""241798"", ""station_id"": ""120312"", ""subway_id"": ""1045"", ""city_id"": ""30"", ""distance"": ""465米"", ""status"": ""1"", ""last_update_time"": ""1774212708"", ""is_rail_loupan"": ""1"", ""subway_name"": ""1号线"", ""station_name"": ""井冈山路"", ""distance_raw"": ""465""}, {""id"": ""7316553"", ""loupan_id"": ""241798"", ""station_id"": ""4403"", ""subway_id"": ""123"", ""city_id"": ""30"", ""distance"": ""545米"", ""status"": ""1"", ""last_update_time"": ""1774212709"", ""is_rail_loupan"": ""1"", ""subway_name"": ""西海岸快线"", ""station_name"": ""井冈山路"", ""distance_raw"": ""545""}, {""id"": ""7316547"", ""loupan_id"": ""241798"", ""station_id"": ""4402"", ""subway_id"": ""123"", ""city_id"": ""30"", ""distance"": ""884米"", ""status"": ""1"", ""last_update_time"": ""1774212709"", ""is_rail_loupan"": ""1"", ""subway_name"": ""西海岸快线"", ""station_name"": ""香江路"", ""distance_raw"": ""884""}, {""id"": ""7314470"", ""loupan_id"": ""241798"", ""station_id"": ""120409"", ""subway_id"": ""1045"", ""city_id"": ""30"", ""distance"": ""1284米"", ""status"": ""1"", ""last_update_time"": ""1774212706"", ""is_rail_loupan"": ""1"", ""subway_name"": ""1号线"", ""station_name"": ""太行山路"", ""distance_raw"": ""1284""}]",武夷山路167号、项目现场公寓大堂
1144648,雅乐居林,青岛,30,崂山区,3643,张村河,25580,青岛崂山区张村河瑶海路9号,,13709元/㎡,13709元/㎡,首付71万，月供17022元,128-220㎡,32500m²,142500m²,"[{""id"": 829512, ""rooms"": 3, ""room_alias"": ""三室"", ""area"": 128}, {""id"": 829513, ""rooms"": 3, ""room_alias"": ""三室"", ""area"": 143}, {""id"": 829514, ""rooms"": 4, ""room_alias"": ""四室"", ""area"": 175}, {""id"": 830262, ""rooms"": 4, ""room_alias"": ""四室"", ""area"": 200}, {""id"": 830264, ""rooms"": 4, ""room_alias"": ""四室"", ""area"": 220}]",3/4室,"3室户型,4室户型",2005-07-28,2024年03月30日,2005年,2006年,"[""2025-09-30"", ""2025-03-19"", ""2024-09-06"", ""2024-08-02"", ""2024-02-19""]","{小高层,高层}",小高层、高层,70年,3,35%,480,,已封顶，竣工时间：2026-07-30,住宅,金地智慧服务,5.98元/㎡/月,,846,,售罄,售罄,售罄,"[""青崂房预字（2025）第0013号"", ""青崂房预字（2025）第0004号"", ""青崂房预字（2024）第0012号"", ""青崂房预字（2024）第0011号"", ""青崂房预字（2024）第0001号""]","[""8#"", ""2#、1#"", ""3#"", ""9#"", ""5#、10#""]",中铁建,海信地产,,民电,民水,36.136802,120.466151,"""""","{""8"": ""项目封顶"", ""76"": ""厨卫全明"", ""74"": ""南北通透"", ""73"": ""卧室全朝南"", ""276"": ""一房一价"", ""72"": ""配套纯熟"", ""70"": ""银行"", ""69"": ""学校"", ""68"": ""医院"", ""65"": ""商业街"", ""64"": ""购物中心"", ""78"": ""大户型"", ""402"": ""玄关入户"", ""401"": ""户型方正"", ""397"": ""动静分离"", ""85"": ""主卧套房"", ""91"": ""热评楼盘"", ""90"": ""人气楼盘"", ""637"": ""公办中学"", ""636"": ""公办小学"", ""598"": ""民办幼儿园"", ""597"": ""公办幼儿园"", ""541"": ""3D沙盘"", ""263"": ""VR看房"", ""50"": ""品牌开发商""}","[""项目封顶"", ""厨卫全明"", ""南北通透"", ""卧室全朝南"", ""一房一价""]",https://pic4.ajkimg.com/display/xinfang/df89e2963623aa301be539892469eafb/275x206n.jpg,[],崂山区瑶海路9号
5296863,万达半岛名苑,青岛,30,黄岛区,4516,漓江路,5218,青岛黄岛区漓江路西海岸滨海大道1777号,,11138元/㎡,11138元/㎡,,,3760000m²,5400000m²,[],,,2005-01-23,,2005年,2006年,[],{},,40年,,30%,7800,毛坯,,临街店铺,保利物业,,,7800,1:1,售罄,售罄,售罄,[],[],雅居乐,"融创中国,万达集团",青岛万达东方影都投资有限公司,商电,商水,35.915594,120.098243,"""""","{""9"": ""轨交房"", ""71"": ""便利店"", ""66"": ""公园"", ""226"": ""商业街区"", ""218"": ""综合商铺"", ""216"": ""社区底商"", ""214"": ""品牌商铺"", ""213"": ""地铁沿线"", ""54"": ""大型社区"", ""50"": ""品牌开发商""}","[""轨交房"", ""便利店"", ""公园"", ""商业街区"", ""综合商铺""]",https://pic4.ajkimg.com/display/xinfang/9b347b976155c1246e459f7b96aaaa50/275x206n.jpg,"[{""id"": ""7316181"", ""loupan_id"": ""416991"", ""station_id"": ""4407"", ""subway_id"": ""123"", ""city_id"": ""30"", ""distance"": ""636米"", ""status"": ""1"", ""last_update_time"": ""1774212708"", ""is_rail_loupan"": ""1"", ""subway_name"": ""西海岸快线"", ""station_name"": ""朝阳山"", ""distance_raw"": ""636""}]",黄岛区滨海大道1777号
5952404,瑞银河湾,青岛,30,即墨区,3645,创智新区,17473,青岛即墨区创智新区长广路以东，晓阳路以西，皋虞路以南，适致路以北,,,,,127-147㎡,住宅：60460m² 别墅：60460m²,住宅：131972m² 别墅：131972m²,"[{""id"": 376441, ""rooms"": 3, ""room_alias"": ""三室"", ""area"": 127}, {""id"": 376439, ""rooms"": 3, ""room_alias"": ""三室"", ""area"": 135}, {""id"": 376438, ""rooms"": 3, ""room_alias"": ""三室"", ""area"": 139}, {""id"": 376435, ""rooms"": 4, ""room_alias"": ""四室"", ""area"": 147}]",3/4室,"3室户型,4室户型",2005-04-16,2019年03月18日,2005年,2006年,"[""2019-04-30"", ""2019-01-09"", ""2019-03-12"", ""2018-10-22""]",小高层,住宅：小高层 别墅：叠加别墅,住宅：70年 别墅：70年,住宅：1.5 别墅：1.5,住宅：30% 别墅：30%,住宅：582 别墅：582,"住宅：毛坯,带装修 别墅：毛坯,带装修",,住宅,万科物业,住宅：2.8元/㎡/月 别墅：2.8元/㎡/月,,住宅：875 别墅：875,住宅：1:1.5 别墅：1:1.5,售罄,售罄,售罄,"[""即房注字(2019)第032号"", ""即房注字(2018)第107号"", ""即房注字(2019)第004号"", ""即房注字(2018)第077号""]","[""10#、11#、12#"", ""14#"", ""5#、6#"", ""15#、16#、17#、18#、19#""]",融创,鲁商置业,鲁商集团,住宅：民电,住宅：民水,36.424534,120.547854,"""""","{""559"": ""现房"", ""81"": ""大阳台"", ""56"": ""车位充足"", ""29"": ""装修交付"", ""76"": ""厨卫全明"", ""75"": ""三房朝南"", ""74"": ""南北通透"", ""78"": ""大户型"", ""402"": ""玄关入户"", ""401"": ""户型方正"", ""85"": ""主卧套房"", ""82"": ""双卫生间"", ""637"": ""公办中学"", ""636"": ""公办小学"", ""598"": ""民办幼儿园"", ""597"": ""公办幼儿园"", ""263"": ""VR看房"", ""50"": ""品牌开发商""}","[""现房"", ""大阳台"", ""车位充足"", ""装修交付"", ""厨卫全明""]",https://pic4.ajkimg.com/display/xinfang/c661893c1f6803aafc9144d498357aac/275x206n.jpg,[],即墨创智新区长广路与皋虞路交汇
1158919,中农梅林名苑,青岛,30,莱西市,3648,莱西,3720,青岛莱西市莱西济南路与青岛路交叉口西北角,,3941元/㎡,3941元/㎡,,,46188.65m²,77540m²,[],,,2005-11-23,2019年03月02日,2005年,2006年,[],{},,40年,,,680,毛坯,,临街店铺,融创服务,3元/㎡/月,,570,,售罄,售罄,售罄,[],[],保利,,中合新农超（青岛）市场管理有限公司,商电,商水,0,0,"""""","{""559"": ""现房""}","[""现房""]",https://pic4.ajkimg.com/display/xinfang/a9e1e734ac5184db080d5f495c29cbb1/275x206n.jpg,[],青岛莱西市青岛路与济南路交叉口往西50米路北
9073569,凤新村,青岛,30,李沧区,3642,世园,5195,青岛李沧区世园金水路与汉川路交界处,,6169元/㎡,6169元/㎡,首付26万，月供6379元,89-155㎡,115340m²,406213m²,"[{""id"": 762509, ""rooms"": 3, ""room_alias"": ""三室"", ""area"": 89}, {""id"": 762508, ""rooms"": 3, ""room_alias"": ""三室"", ""area"": 108}, {""id"": 762507, ""rooms"": 3, ""room_alias"": ""三室"", ""area"": 116}, {""id"": 762505, ""rooms"": 3, ""room_alias"": ""三室"", ""area"": 124}, {""id"": 762504, ""rooms"": 3, ""room_alias"": ""三室"", ""area"": 155}]",3室,3室户型,2005-04-27,2023年01月08日,2005年,2006年,"[""2024-05-20"", ""2023-04-26"", ""2023-01-04""]","{小高层,高层}",小高层、高层,70年,2.5,30%,1638,毛坯,已竣工，竣工时间：2025-12-31,住宅,龙湖智慧服务,,,2852,1:1.2,售罄,售罄,售罄,"[""青房预字(2024)第019号"", ""青房预字2023（第036）号"", ""青房预字（2003）第001号""]","[""4#"", ""7#"", ""10#、11#、13#、12#""]",滨江集团,,青岛智谷源建设投资有限公司,民电,民水,36.170439,120.469967,"""""","{""557"": ""项目竣工"", ""56"": ""车位充足"", ""9"": ""轨交房"", ""76"": ""厨卫全明"", ""74"": ""南北通透"", ""396"": ""河景地产"", ""547"": ""地铁"", ""72"": ""配套纯熟"", ""71"": ""便利店"", ""70"": ""银行"", ""69"": ""学校"", ""68"": ""医院"", ""67"": ""生态绿地"", ""66"": ""公园"", ""65"": ""商业街"", ""64"": ""购物中心"", ""78"": ""大户型"", ""402"": ""玄关入户"", ""401"": ""户型方正"", ""397"": ""动静分离"", ""85"": ""主卧套房"", ""92"": ""热搜盘"", ""90"": ""人气楼盘"", ""638"": ""民办中学"", ""637"": ""公办中学"", ""636"": ""公办小学"", ""635"": ""民办小学"", ""598"": ""民办幼儿园"", ""597"": ""公办幼儿园"", ""541"": ""3D沙盘"", ""263"": ""VR看房"", ""54"": ""大型社区"", ""50"": ""品牌开发商""}","[""项目竣工"", ""车位充足"", ""轨交房"", ""厨卫全明"", ""南北通透""]",https://pic4.ajkimg.com/display/xinfang/d4f103af3b9cbc62bc586c7a91234540/275x206n.jpg,"[{""id"": ""7275280"", ""loupan_id"": ""513538"", ""station_id"": ""121231"", ""subway_id"": ""126"", ""city_id"": ""30"", ""distance"": ""479米"", ""status"": ""1"", ""last_update_time"": ""1774212709"", ""is_rail_loupan"": ""1"", ""subway_name"": ""2号线"", ""station_name"": ""汉川路"", ""distance_raw"": ""479""}, {""id"": ""7275281"", ""loupan_id"": ""513538"", ""station_id"": ""121232"", ""subway_id"": ""126"", ""city_id"": ""30"", ""distance"": ""1436米"", ""status"": ""1"", ""last_update_time"": ""1774212709"", ""is_rail_loupan"": ""1"", ""subway_name"": ""2号线"", ""station_name"": ""东川路"", ""distance_raw"": ""1436""}]",李沧区金水路与汉川路交界处
6769293,碧青山岸,青岛,30,平度市,3649,平度,3722,青岛平度市平度苏州南路9号,,,,,92-157㎡,83450m²,420000m²,"[{""id"": 470499, ""rooms"": 2, ""room_alias"": ""二室"", ""area"": 92}, {""id"": 470503, ""rooms"": 3, ""room_alias"": ""三室"", ""area"": 113}, {""id"": 470505, ""rooms"": 3, ""room_alias"": ""三室"", ""area"": 116}, {""id"": 470495, ""rooms"": 3, ""room_alias"": ""三室"", ""area"": 122}, {""id"": 470500, ""rooms"": 3, ""room_alias"": ""三室"", ""area"": 122}, {""id"": 470496, ""rooms"": 3, ""room_alias"": ""三室"", ""area"": 126}, {""id"": 470493, ""rooms"": 4, ""room_alias"": ""四室"", ""area"": 136}, {""id"": 470492, ""rooms"": 4, ""room_alias"": ""四室"", ""area"": 157}]",2/3/4室,"2室户型,3室户型,4室户型",2005-07-01,,2005年,2006年,"[""2019-05-16"", ""2019-05-16""]",小高层,小高层、高层,70年,2.02,30%,1600,毛坯,,住宅,碧桂园服务,1.1元/㎡/月,,1443,1:0.9,售罄,售罄,售罄,"[""平房注字（2019）037"", ""青房注字（平注）第2019（12）号"", ""青房注字（平注）第2019（11）号"", ""平房注字(2019)008"", ""平房注字(2019)005"", ""平房注字(2018)670"", ""平房注字(2015)493"", ""平房注字(2018)651""]",[],金茂,,青岛永新华文化发展有限公司,民电,民水,0,0,"""""","{""263"": ""VR看房"", ""54"": ""大型社区""}","[""VR看房"", ""大型社区""]",https://pic4.ajkimg.com/display/xinfang/6e2e9bba0c7277350bd3c8f7e687e7ac/275x206n.jpg,[],杭州路，近重庆路
9008598,青铁云天台,青岛,30,市南区,3639,八大峡,5183,青岛市南区八大峡团岛三路10号,,11310元/㎡,11310元/㎡,首付52万，月供12543元,110-204㎡,24400m²,93600m²,"[{""id"": 779515, ""rooms"": 3, ""room_alias"": ""三室"", ""area"": 110}, {""id"": 779786, ""rooms"": 3, ""room_alias"": ""三室"", ""area"": 110}, {""id"": 779516, ""rooms"": 3, ""room_alias"": ""三室"", ""area"": 117}, {""id"": 847359, ""rooms"": 3, ""room_alias"": ""三室"", ""area"": 117}, {""id"": 845922, ""rooms"": 3, ""room_alias"": ""三室"", ""area"": 120}, {""id"": 847360, ""rooms"": 3, ""room_alias"": ""三室"", ""area"": 120}, {""id"": 779517, ""rooms"": 3, ""room_alias"": ""三室"", ""area"": 134}, {""id"": 779512, ""rooms"": 3, ""room_alias"": ""三室"", ""area"": 140}, {""id"": 779510, ""rooms"": 3, ""room_alias"": ""三室"", ""area"": 141}, {""id"": 847361, ""rooms"": 4, ""room_alias"": ""四室"", ""area"": 141}, {""id"": 845916, ""rooms"": 4, ""room_alias"": ""四室"", ""area"": 142}, {""id"": 847362, ""rooms"": 4, ""room_alias"": ""四室"", ""area"": 142}, {""id"": 779513, ""rooms"": 4, ""room_alias"": ""四室"", ""area"": 168}, {""id"": 845925, ""rooms"": 4, ""room_alias"": ""四室"", ""area"": 173}, {""id"": 779514, ""rooms"": 4, ""room_alias"": ""四室"", ""area"": 204}]",3/4室,"3室户型,4室户型",2005-07-09,2022年12月13日,2005年,2006年,"[""2023-08-03"", ""2022-12-09""]",超高层,小高层、高层,70年,3.83,35%,715,带装修,已竣工，竣工时间：2025-06-30,住宅,招商积余,3.02元/㎡/月,,970,1:1.35,售罄,售罄,售罄,"[""青房预字（2023）第068号"", ""青房预字（2022）第094号""]","[""5#、1#、2#"", ""4#、6#、7#""]",阳光城,中瑞鼎峰,青岛青铁南岛置业有限公司,民电,民水,36.058688,120.28797,"""""","{""559"": ""现房"", ""557"": ""项目竣工"", ""56"": ""车位充足"", ""29"": ""装修交付"", ""9"": ""轨交房"", ""76"": ""厨卫全明"", ""74"": ""南北通透"", ""73"": ""卧室全朝南"", ""276"": ""一房一价"", ""72"": ""配套纯熟"", ""71"": ""便利店"", ""70"": ""银行"", ""69"": ""学校"", ""68"": ""医院"", ""66"": ""公园"", ""65"": ""商业街"", ""64"": ""购物中心"", ""78"": ""大户型"", ""402"": ""玄关入户"", ""401"": ""户型方正"", ""397"": ""动静分离"", ""85"": ""主卧套房"", ""83"": ""双阳台"", ""92"": ""热搜盘"", ""90"": ""人气楼盘"", ""638"": ""民办中学"", ""637"": ""公办中学"", ""636"": ""公办小学"", ""635"": ""民办小学"", ""598"": ""民办幼儿园"", ""597"": ""公办幼儿园"", ""541"": ""3D沙盘"", ""540"": ""日照模拟"", ""263"": ""VR看房"", ""50"": ""品牌开发商""}","[""现房"", ""项目竣工"", ""车位充足"", ""装修交付"", ""轨交房""]",https://pic4.ajkimg.com/display/xinfang/98aa6c36acd5089ca72b84b64b71c103/275x206n.jpg,"[{""id"": ""7192809"", ""loupan_id"": ""515250"", ""station_id"": ""120422"", ""subway_id"": ""1045"", ""city_id"": ""30"", ""distance"": ""746米"", ""status"": ""1"", ""last_update_time"": ""1774212706"", ""is_rail_loupan"": ""1"", ""subway_name"": ""1号线"", ""station_name"": ""团岛"", ""distance_raw"": ""746""}, {""id"": ""7274307"", ""loupan_id"": ""515250"", ""station_id"": ""120339"", ""subway_id"": ""1045"", ""city_id"": ""30"", ""distance"": ""1318米"", ""status"": ""1"", ""last_update_time"": ""1774212706"", ""is_rail_loupan"": ""1"", ""subway_name"": ""1号线"", ""station_name"": ""西镇"", ""distance_raw"": ""1318""}]",青岛市市南区团岛三路16号 针路航海博物馆旁10米
350773,新里三期,青岛,30,即墨区,3645,鳌山卫,5206,青岛即墨区鳌山卫政府街36号,,,,,,1m²,28230.8m²,[],,,2005-06-16,,2005年,2006年,[],"{小高层,花园洋房}",小高层、花园洋房,70年,,30%,235,毛坯,,住宅,世茂服务,0.7元/㎡/月,,1,0,售罄,售罄,售罄,"[""即房(2012)注字007""]",[],中海,,青岛浩天房地产开发有限公司,民电,民水,36.464348,120.899052,"""""","{""70"": ""银行"", ""64"": ""购物中心"", ""636"": ""公办小学"", ""598"": ""民办幼儿园"", ""55"": ""小型社区""}","[""银行"", ""购物中心"", ""公办小学"", ""民办幼儿园"", ""小型社区""]",https://pic4.ajkimg.com/display/xinfang/77d6b522c34b693bb05ccd40957d57d0/275x206n.jpg,[],即墨市田横镇政府街16号
4662626,绿云天豪庭,青岛,30,城阳区,3644,夏庄,10288,青岛城阳区夏庄王沙路37号,,4112元/㎡,4112元/㎡,首付17万，月供4085元,95-163㎡,住宅：13641m² 别墅：13641m²,住宅：31988.06m² 别墅：31988.06m²,"[{""id"": 402134, ""rooms"": 2, ""room_alias"": ""二室"", ""area"": 155}, {""id"": 402128, ""rooms"": 2, ""room_alias"": ""二室"", ""area"": 163}, {""id"": 850676, ""rooms"": 3, ""room_alias"": ""三室"", ""area"": 95}, {""id"": 850677, ""rooms"": 3, ""room_alias"": ""三室"", ""area"": 95}, {""id"": 850678, ""rooms"": 3, ""room_alias"": ""三室"", ""area"": 95}, {""id"": 850675, ""rooms"": 3, ""room_alias"": ""三室"", ""area"": 115}]",3室、别墅,"3室户型,别墅户型",2005-01-20,2024年10月01日,2005年,2006年,"[""2024-11-05"", ""2019-07-17"", ""2020-06-24"", ""2019-09-08"", ""2018-10-20""]",高层,住宅：小高层、花园洋房 别墅：叠加别墅,住宅：70年 别墅：70年,住宅：1.5 别墅：1.2,住宅：30% 别墅：30%,住宅：188 别墅：188,住宅：毛坯 别墅：毛坯,已竣工，竣工时间：2025-12-31,住宅,万科物业,别墅：4.8元/㎡/月,,住宅：240 别墅：240,住宅：1:1.2 别墅：1:1.2,售罄,售罄,售罄,"[""城行审三（2024）543号"", ""城行审三（2024）454号"", ""青房注字（城19）第46号"", ""青房注字（城20）第51号"", ""青房注字（城19）第60号"", ""青房注字城18第86号""]","[""四期6#、四期3#、四期5#、四期1#"", ""四期4#、四期2#"", ""37#、55#、56#"", ""28#、29#、30#、33#、34#、35#、38#、39#、40#、41#、42#、43#、44#、45#、48#、49#、50#、51#"", ""15#、16#、17#"", ""1#、2#、5#、6#、8#、9#""]",龙湖,鑫江集团,,住宅：民电 别墅：民电,住宅：民水 别墅：民水,36.237281,120.457564,"{""service_num"": ""4006708287"", ""num"": ""43110""}","{""559"": ""现房"", ""557"": ""项目竣工"", ""56"": ""车位充足"", ""76"": ""厨卫全明"", ""74"": ""南北通透"", ""73"": ""卧室全朝南"", ""72"": ""配套纯熟"", ""70"": ""银行"", ""69"": ""学校"", ""68"": ""医院"", ""66"": ""公园"", ""65"": ""商业街"", ""64"": ""购物中心"", ""78"": ""大户型"", ""402"": ""玄关入户"", ""401"": ""户型方正"", ""397"": ""动静分离"", ""85"": ""主卧套房"", ""636"": ""公办小学"", ""635"": ""民办小学"", ""598"": ""民办幼儿园"", ""597"": ""公办幼儿园"", ""541"": ""3D沙盘"", ""540"": ""日照模拟"", ""263"": ""VR看房"", ""55"": ""小型社区"", ""50"": ""品牌开发商""}","[""现房"", ""项目竣工"", ""车位充足"", ""厨卫全明"", ""南北通透""]",https://pic4.ajkimg.com/display/xinfang/7dbe465e55ffd10b38791f6bf6ba946d/275x206n.jpg,[],青岛市城阳区王沙路60号（水青花园1期9号楼鑫江合院四期营销中心）
9496530,恒源西岸怡园,青岛,30,胶州市,3647,老城区,17476,青岛胶州市老城区寺门首路928号,,2741元/㎡,2741元/㎡,首付10万，月供2544元,89-152㎡,26000m²,87000m²,"[{""id"": 557130, ""rooms"": 2, ""room_alias"": ""二室"", ""area"": 88.69}, {""id"": 557122, ""rooms"": 2, ""room_alias"": ""二室"", ""area"": 89.14}, {""id"": 557118, ""rooms"": 3, ""room_alias"": ""三室"", ""area"": 107.18}, {""id"": 557125, ""rooms"": 3, ""room_alias"": ""三室"", ""area"": 108.86}, {""id"": 810888, ""rooms"": 3, ""room_alias"": ""三室"", ""area"": 118}, {""id"": 810887, ""rooms"": 3, ""room_alias"": ""三室"", ""area"": 123}, {""id"": 810889, ""rooms"": 3, ""room_alias"": ""三室"", ""area"": 136}, {""id"": 810890, ""rooms"": 4, ""room_alias"": ""四室"", ""area"": 152}]",2/3/4室,"2室户型,3室户型,4室户型",2005-04-04,2020年04月29日,2005年,2006年,"[""2020-12-15"", ""2020-05-22""]",高层,小高层、高层,70年,2.5,39%,544,毛坯,在建中，竣工时间：暂无数据,住宅,保利物业,2.16元/㎡/月,,668,1:1.2,售罄,售罄,售罄,"[""青房注字（胶州）第2020115号"", ""青房注字（胶州）第2020036号""]","[""16#、3#、4#"", ""17#、21#、22#""]",金地,,青岛恒源城建投资发展有限公司,民电,民水,36.268009,119.9539,"{""service_num"": ""4006708287"", ""num"": ""52644""}","{""559"": ""现房"", ""56"": ""车位充足"", ""53"": ""高绿化率"", ""76"": ""厨卫全明"", ""74"": ""南北通透"", ""73"": ""卧室全朝南"", ""7"": ""项目在建"", ""78"": ""大户型"", ""404"": ""客餐厅相连"", ""402"": ""玄关入户"", ""401"": ""户型方正"", ""397"": ""动静分离"", ""85"": ""主卧套房"", ""638"": ""民办中学"", ""637"": ""公办中学"", ""636"": ""公办小学"", ""635"": ""民办小学"", ""598"": ""民办幼儿园"", ""597"": ""公办幼儿园"", ""263"": ""VR看房""}","[""现房"", ""车位充足"", ""高绿化率"", ""厨卫全明"", ""南北通透""]",https://pic4.ajkimg.com/display/xinfang/47de74dcf038d8f38db873a8d810a039/275x206n.jpg,[],青岛市胶州市寺门首路与柳州路交汇处
5277663,瑞家园,青岛,30,莱西市,3648,莱西,3720,青岛莱西市莱西北京东路43号洙河公园东侧,,2056元/㎡,2056元/㎡,,,70000m²,165000m²,[],,,2005-12-18,2019年11月15日,2005年,2006年,"[""2020-01-09""]","{多层,小高层,高层}",多层、小高层、高层,70年,1.5,36%,844,毛坯,已竣工，竣工时间：暂无数据,住宅,合景悠活,,,1223,1:1.5,售罄,售罄,售罄,"[""西房注字（2019）056""]","[""9#、10#、11#、12#、13#""]",佳兆业,,青岛天美置业有限公司,民电,民水,36.904411,120.544125,"{""service_num"": ""4006708287"", ""num"": """"}","{""559"": ""现房"", ""557"": ""项目竣工"", ""56"": ""车位充足"", ""53"": ""高绿化率"", ""52"": ""低容积"", ""5"": ""低单价"", ""90"": ""人气楼盘"", ""637"": ""公办中学"", ""636"": ""公办小学"", ""598"": ""民办幼儿园"", ""597"": ""公办幼儿园""}","[""现房"", ""项目竣工"", ""车位充足"", ""高绿化率"", ""低容积""]",https://pic4.ajkimg.com/display/xinfang/1fecfd5657a3a08398c99a8d2475cb32/275x206n.jpg,[],山东青岛莱西市北京东路43号
9932578,凤时代榭,青岛,30,李沧区,3642,李村,3690,青岛李沧区李村文昌路与十梅庵路交界处,,,,,89-101㎡,53300m²,78900m²,"[{""id"": 136312, ""rooms"": 2, ""room_alias"": ""二室"", ""area"": 89}, {""id"": 136311, ""rooms"": 3, ""room_alias"": ""三室"", ""area"": 101}]",2/3室,"2室户型,3室户型",2005-05-23,,2005年,2006年,[],超高层,独栋别墅、联排别墅、叠加别墅,70年,1.1,40%,520,毛坯,,别墅,绿城服务,2.2元/㎡/月,,600,1：1,售罄,售罄,售罄,"[""青房注字(2015)第078号"", ""青房注字(2015)第039号""]",[],中南,,保利（青岛）实业有限公司,民电,民水,36.207445,120.402629,"{""service_num"": ""4006708287"", ""num"": """"}","{""53"": ""高绿化率"", ""72"": ""配套纯熟"", ""70"": ""银行"", ""69"": ""学校"", ""68"": ""医院"", ""66"": ""公园"", ""65"": ""商业街"", ""64"": ""购物中心"", ""637"": ""公办中学"", ""636"": ""公办小学"", ""635"": ""民办小学"", ""624"": ""九年一贯制"", ""598"": ""民办幼儿园"", ""597"": ""公办幼儿园""}","[""高绿化率"", ""配套纯熟"", ""银行"", ""学校"", ""医院""]",https://pic4.ajkimg.com/display/xinfang/d024ad5e1d0ee335f5a8b9dc239b0b15/275x206n.jpg,[],李沧区文昌路与十梅庵路交界处
3929159,金溪中央墅,青岛,30,李沧区,3642,李村,3690,青岛李沧区李村金水路177号（青岛世园会会址南侧金水路以北毛杨路以东 ）,,,,,153㎡,19800m²,31700m²,"[{""id"": 113456, ""rooms"": 3, ""room_alias"": ""三室"", ""area"": 153}]",3室,3室户型,2005-09-18,,2005年,2006年,[],超高层,多层,70年,1.1,32%,128,"毛坯,带装修",,住宅,融创服务,3.2元/㎡/月,,128,1:1,售罄,售罄,售罄,"[""青房注字（2014）第003号""]",[],阳光城,,,民电,民水,36.201116,120.499847,"{""service_num"": ""4006708287"", ""num"": """"}","{""52"": ""低容积"", ""29"": ""装修交付"", ""9"": ""轨交房"", ""72"": ""配套纯熟"", ""70"": ""银行"", ""69"": ""学校"", ""68"": ""医院"", ""66"": ""公园"", ""65"": ""商业街"", ""64"": ""购物中心"", ""78"": ""大户型"", ""638"": ""民办中学"", ""637"": ""公办中学"", ""636"": ""公办小学"", ""635"": ""民办小学"", ""598"": ""民办幼儿园"", ""597"": ""公办幼儿园"", ""55"": ""小型社区""}","[""低容积"", ""装修交付"", ""轨交房"", ""配套纯熟"", ""银行""]",https://pic4.ajkimg.com/display/xinfang/4007b54a8f0ac0629cfa612879b062ca/275x206n.jpg,"[{""id"": ""7314906"", ""loupan_id"": ""249577"", ""station_id"": ""121233"", ""subway_id"": ""126"", ""city_id"": ""30"", ""distance"": ""811米"", ""status"": ""1"", ""last_update_time"": ""1774212707"", ""is_rail_loupan"": ""1"", ""subway_name"": ""2号线"", ""station_name"": ""常川路"", ""distance_raw"": ""811""}, {""id"": ""7314902"", ""loupan_id"": ""249577"", ""station_id"": ""121232"", ""subway_id"": ""126"", ""city_id"": ""30"", ""distance"": ""997米"", ""status"": ""1"", ""last_update_time"": ""1774212707"", ""is_rail_loupan"": ""1"", ""subway_name"": ""2号线"", ""station_name"": ""东川路"", ""distance_raw"": ""997""}, {""id"": ""7314907"", ""loupan_id"": ""249577"", ""station_id"": ""121234"", ""subway_id"": ""126"", ""city_id"": ""30"", ""distance"": ""1481米"", ""status"": ""1"", ""last_update_time"": ""1774212707"", ""is_rail_loupan"": ""1"", ""subway_name"": ""2号线"", ""station_name"": ""龙川路"", ""distance_raw"": ""1481""}]",李沧区金水路李家上流社区居委会三楼
4101644,碧家一期,青岛,30,市南区,3639,二轻新村,5182,青岛市南区二轻新村延吉路181、183、185号,,,,,,12774.19m²,52237.39m²,[],,,2005-04-23,,2005年,2006年,[],"{小高层,高层}",小高层、高层,70年,2,20%,334,毛坯,,住宅,合景悠活,2元/㎡/月,,247,1:0.8,售罄,售罄,售罄,"[""青房注字(2016)第001号"", ""青房注字(2016)第002号""]",[],华润,,,民电,民水,36.08982,120.411187,"""""","{""9"": ""轨交房"", ""10"": ""多轨交"", ""72"": ""配套纯熟"", ""71"": ""便利店"", ""70"": ""银行"", ""69"": ""学校"", ""68"": ""医院"", ""638"": ""民办中学"", ""637"": ""公办中学"", ""636"": ""公办小学"", ""635"": ""民办小学"", ""624"": ""九年一贯制"", ""598"": ""民办幼儿园"", ""597"": ""公办幼儿园""}","[""轨交房"", ""多轨交"", ""配套纯熟"", ""便利店"", ""银行""]",https://pic4.ajkimg.com/display/xinfang/7a39248f53fc02f443c7a27713f2f40f/275x206n.jpg,"[{""id"": ""7316636"", ""loupan_id"": ""409332"", ""station_id"": ""4369"", ""subway_id"": ""121"", ""city_id"": ""30"", ""distance"": ""590米"", ""status"": ""1"", ""last_update_time"": ""1774212709"", ""is_rail_loupan"": ""1"", ""subway_name"": ""3号线"", ""station_name"": ""敦化路"", ""distance_raw"": ""590""}, {""id"": ""7316349"", ""loupan_id"": ""409332"", ""station_id"": ""121168"", ""subway_id"": ""12068"", ""city_id"": ""30"", ""distance"": ""764米"", ""status"": ""1"", ""last_update_time"": ""1774212708"", ""is_rail_loupan"": ""1"", ""subway_name"": ""5号线"", ""station_name"": ""宁夏路"", ""distance_raw"": ""764""}, {""id"": ""7316644"", ""loupan_id"": ""409332"", ""station_id"": ""4370"", ""subway_id"": ""121"", ""city_id"": ""30"", ""distance"": ""873米"", ""status"": ""1"", ""last_update_time"": ""1774212709"", ""is_rail_loupan"": ""1"", ""subway_name"": ""3号线"", ""station_name"": ""宁夏路"", ""distance_raw"": ""873""}, {""id"": ""7316635"", ""loupan_id"": ""409332"", ""station_id"": ""4368"", ""subway_id"": ""121"", ""city_id"": ""30"", ""distance"": ""1376米"", ""status"": ""1"", ""last_update_time"": ""1774212709"", ""is_rail_loupan"": ""1"", ""subway_name"": ""3号线"", ""station_name"": ""错埠岭"", ""distance_raw"": ""1376""}]",市南区延吉路181、183、185号
2791884,绿龙湖府,青岛,30,黄岛区,4516,金沙滩,5214,青岛黄岛区金沙滩青云山路222号,,,,,89-147㎡,40000m²,53200m²,"[{""id"": 140862, ""rooms"": 3, ""room_alias"": ""三室"", ""area"": 89}, {""id"": 140863, ""rooms"": 3, ""room_alias"": ""三室"", ""area"": 147}]",3室,3室户型,2005-08-15,,2005年,2006年,[],{多层},多层,50年,1.33,40%,354,毛坯,,住宅,新城悦服务,1.6元/㎡/月,,120,,售罄,售罄,售罄,[],[],万科,,青岛海富源房地产开发有限公司,民电,民水,35.965905,120.215604,"""""","{""57"": ""人车分流"", ""53"": ""高绿化率"", ""52"": ""低容积"", ""9"": ""轨交房"", ""72"": ""配套纯熟"", ""71"": ""便利店"", ""70"": ""银行"", ""69"": ""学校"", ""68"": ""医院"", ""67"": ""生态绿地"", ""66"": ""公园"", ""65"": ""商业街"", ""78"": ""大户型"", ""637"": ""公办中学"", ""636"": ""公办小学"", ""599"": ""省级示范园"", ""598"": ""民办幼儿园"", ""597"": ""公办幼儿园""}","[""人车分流"", ""高绿化率"", ""低容积"", ""轨交房"", ""配套纯熟""]",https://pic4.ajkimg.com/display/xinfang/fb844ef5ed85251d082b4ffc99a1794d/275x206n.jpg,"[{""id"": ""7313992"", ""loupan_id"": ""383675"", ""station_id"": ""120347"", ""subway_id"": ""1045"", ""city_id"": ""30"", ""distance"": ""1195米"", ""status"": ""1"", ""last_update_time"": ""1774212706"", ""is_rail_loupan"": ""1"", ""subway_name"": ""1号线"", ""station_name"": ""薛家岛"", ""distance_raw"": ""1195""}]",开发区滨海大道与青云山路交汇处
1831783,福美景二期,青岛,30,李沧区,3642,九水路,5197,青岛李沧区九水路九水路与黑龙江路交界处南400米,,,,,,3874m²,10805m²,[],,,2005-04-13,,2005年,2006年,[],{},,40年,,,,,,标准写字楼,保利物业,,,,,售罄,售罄,售罄,[],[],朗诗,,,商电,商水,36.143524,120.418479,"""""","{""9"": ""轨交房"", ""10"": ""多轨交"", ""72"": ""配套纯熟"", ""71"": ""便利店"", ""70"": ""银行"", ""68"": ""医院"", ""65"": ""商业街""}","[""轨交房"", ""多轨交"", ""配套纯熟"", ""便利店"", ""银行""]",https://pic4.ajkimg.com/display/xinfang/75f8eba6044374e6b9c71e30ae217339/275x206n.jpg,"[{""id"": ""7315291"", ""loupan_id"": ""413211"", ""station_id"": ""4361"", ""subway_id"": ""121"", ""city_id"": ""30"", ""distance"": ""696米"", ""status"": ""1"", ""last_update_time"": ""1774212707"", ""is_rail_loupan"": ""1"", ""subway_name"": ""3号线"", ""station_name"": ""李村"", ""distance_raw"": ""696""}, {""id"": ""7315817"", ""loupan_id"": ""413211"", ""station_id"": ""4493"", ""subway_id"": ""126"", ""city_id"": ""30"", ""distance"": ""737米"", ""status"": ""1"", ""last_update_time"": ""1774212708"", ""is_rail_loupan"": ""1"", ""subway_name"": ""2号线"", ""station_name"": ""李村"", ""distance_raw"": ""737""}, {""id"": ""7315290"", ""loupan_id"": ""413211"", ""station_id"": ""4362"", ""subway_id"": ""121"", ""city_id"": ""30"", ""distance"": ""925米"", ""status"": ""1"", ""last_update_time"": ""1774212707"", ""is_rail_loupan"": ""1"", ""subway_name"": ""3号线"", ""station_name"": ""万年泉路"", ""distance_raw"": ""925""}, {""id"": ""7315818"", ""loupan_id"": ""413211"", ""station_id"": ""4492"", ""subway_id"": ""126"", ""city_id"": ""30"", ""distance"": ""991米"", ""status"": ""1"", ""last_update_time"": ""1774212708"", ""is_rail_loupan"": ""1"", ""subway_name"": ""2号线"", ""station_name"": ""枣山路"", ""distance_raw"": ""991""}]",李沧区黑龙江中路864号
5271255,嘉玉兰轩,青岛,30,平度市,3649,平度,3722,青岛平度市平度常州路与青岛路交汇处,,2056元/㎡,2056元/㎡,首付11万，月供2652元,95-121㎡,17149m²,41157m²,"[{""id"": 701513, ""rooms"": 3, ""room_alias"": ""三室"", ""area"": 95}, {""id"": 701515, ""rooms"": 3, ""room_alias"": ""三室"", ""area"": 110}, {""id"": 701517, ""rooms"": 3, ""room_alias"": ""三室"", ""area"": 119}, {""id"": 740385, ""rooms"": 3, ""room_alias"": ""三室"", ""area"": 121}]",3室,3室户型,2005-09-17,2021年11月21日,2005年,2006年,"[""2022-07-15"", ""2022-01-07"", ""2021-11-19""]",{小高层},小高层,70年,2.4,35%,335,毛坯,在建中，竣工时间：2024-08-31,住宅,旭辉永升,,,465,1:1.39,售罄,售罄,售罄,"[""青房注字（平注）第（2022）028号"", ""青房注字（平注）第（2021）088号"", ""青房注字（平注）第（2021）068号""]","[""3#"", ""4#"", ""1#、2#""]",大华,和达集团,青岛和达集团有限公司,民电,民水,36.788089,119.970364,"""""","{""56"": ""车位充足"", ""76"": ""厨卫全明"", ""74"": ""南北通透"", ""73"": ""卧室全朝南"", ""7"": ""项目在建"", ""32"": ""绿色住宅"", ""5"": ""低单价"", ""4"": ""低总价"", ""78"": ""大户型"", ""404"": ""客餐厅相连"", ""403"": ""私密性好"", ""402"": ""玄关入户"", ""401"": ""户型方正"", ""397"": ""动静分离"", ""85"": ""主卧套房"", ""83"": ""双阳台"", ""90"": ""人气楼盘"", ""638"": ""民办中学"", ""637"": ""公办中学"", ""636"": ""公办小学"", ""635"": ""民办小学"", ""598"": ""民办幼儿园"", ""597"": ""公办幼儿园"", ""263"": ""VR看房"", ""50"": ""品牌开发商""}","[""车位充足"", ""厨卫全明"", ""南北通透"", ""卧室全朝南"", ""项目在建""]",https://pic4.ajkimg.com/display/xinfang/4226b5edceb8ddb0540bc0db2d3ec406/275x206n.jpg,[],平度市济南路与苏州路交汇处
8769675,泰发青山源,青岛,30,西海岸新区,3646,滨海大道,5211,青岛西海岸新区滨海大道北京路与东海路交汇处北侧,,,,,80-113㎡,73640m²,145635m²,"[{""id"": 67419, ""rooms"": 2, ""room_alias"": ""二室"", ""area"": 80}, {""id"": 67420, ""rooms"": 3, ""room_alias"": ""三室"", ""area"": 113}]",2/3室,"2室户型,3室户型",2005-05-04,,2005年,2006年,[],"{多层,小高层,高层}",多层、小高层、高层,70年,1.6,40%,963,毛坯,,住宅,新城悦服务,1.3元/㎡/月,,384,1:0.25,售罄,售罄,售罄,[],[],远洋,,青岛泰发集团,民电,民水,35.893549,120.056877,"""""","{""57"": ""人车分流"", ""53"": ""高绿化率"", ""52"": ""低容积"", ""9"": ""轨交房"", ""72"": ""配套纯熟"", ""70"": ""银行"", ""69"": ""学校"", ""68"": ""医院"", ""66"": ""公园"", ""65"": ""商业街"", ""64"": ""购物中心"", ""78"": ""大户型"", ""637"": ""公办中学"", ""636"": ""公办小学"", ""635"": ""民办小学"", ""598"": ""民办幼儿园"", ""597"": ""公办幼儿园""}","[""人车分流"", ""高绿化率"", ""低容积"", ""轨交房"", ""配套纯熟""]",https://pic4.ajkimg.com/display/xinfang/218683f1e88c9449ed015a1e62b3a34a/275x206n.jpg,"[{""id"": ""7314007"", ""loupan_id"": ""246447"", ""station_id"": ""4410"", ""subway_id"": ""123"", ""city_id"": ""30"", ""distance"": ""1111米"", ""status"": ""1"", ""last_update_time"": ""1774212706"", ""is_rail_loupan"": ""1"", ""subway_name"": ""西海岸快线"", ""station_name"": ""隐珠"", ""distance_raw"": ""1111""}]",青岛胶南市北京路185号（胶南市北京路与东海路交汇处）
2321452,中轩,青岛,30,即墨区,3645,即墨市,3714,青岛即墨区即墨市滨海大道东侧,,,,,71-90㎡,住宅：66667m² 别墅：66667m²,住宅：78696m² 别墅：78696m²,"[{""id"": 54864, ""rooms"": 1, ""room_alias"": ""一室"", ""area"": 70.64}, {""id"": 54861, ""rooms"": 1, ""room_alias"": ""一室"", ""area"": 72.27}, {""id"": 54860, ""rooms"": 2, ""room_alias"": ""二室"", ""area"": 86.77}, {""id"": 54862, ""rooms"": 2, ""room_alias"": ""二室"", ""area"": 90.18}]",1/2室,"1室户型,2室户型",2005-06-13,,2005年,2006年,[],"{联排别墅,多层,小高层}",住宅：多层、小高层 别墅：联排别墅,住宅：70年 别墅：70年,住宅：1,住宅：45% 别墅：45%,住宅：665 别墅：665,住宅：毛坯 别墅：毛坯,,住宅,新城悦服务,住宅：1.2元/㎡/月,,,住宅：1:1 别墅：1:1,售罄,售罄,售罄,[],[],龙湖,,青岛渤海湾房地产开发有限公司,住宅：民电,住宅：民水,36.349172,120.676035,"""""","{""53"": ""高绿化率"", ""52"": ""低容积"", ""70"": ""银行"", ""69"": ""学校"", ""637"": ""公办中学"", ""636"": ""公办小学"", ""598"": ""民办幼儿园"", ""597"": ""公办幼儿园""}","[""高绿化率"", ""低容积"", ""银行"", ""学校"", ""公办中学""]",https://pic4.ajkimg.com/display/xinfang/586ff22a8d31e900c690f2191e1d0e96/275x206n.jpg,[],鳌山卫镇滨海大道东侧(项目现场)
629709,龙翠竹府,青岛,30,李沧区,3642,世园,5195,青岛李沧区世园武川路19号,,7060元/㎡,7060元/㎡,首付34万，月供8278元,112-158㎡,6411.8m²,34484m²,"[{""id"": 780709, ""rooms"": 3, ""room_alias"": ""三室"", ""area"": 112}, {""id"": 780704, ""rooms"": 3, ""room_alias"": ""三室"", ""area"": 115}, {""id"": 780702, ""rooms"": 3, ""room_alias"": ""三室"", ""area"": 117}, {""id"": 780710, ""rooms"": 3, ""room_alias"": ""三室"", ""area"": 129}, {""id"": 780707, ""rooms"": 3, ""room_alias"": ""三室"", ""area"": 131}, {""id"": 780708, ""rooms"": 4, ""room_alias"": ""四室"", ""area"": 158}]",3/4室,"3室户型,4室户型",2005-06-05,2023年07月01日,2005年,2006年,"[""2023-06-21""]",{高层},高层,70年,1.32,14%,152,毛坯,,住宅,龙湖智慧服务,2.29元/㎡/月,,335,1:1.7,售罄,售罄,售罄,"[""青房预字（2023）第055号""]","[""1#、2#""]",世茂,,青岛润德翰林建设发展有限公司,民电,民水,36.168564,120.468832,"{""service_num"": ""4006708287"", ""num"": ""31195""}","{""559"": ""现房"", ""56"": ""车位充足"", ""52"": ""低容积"", ""76"": ""厨卫全明"", ""74"": ""南北通透"", ""73"": ""卧室全朝南"", ""69"": ""学校"", ""68"": ""医院"", ""78"": ""大户型"", ""402"": ""玄关入户"", ""401"": ""户型方正"", ""397"": ""动静分离"", ""85"": ""主卧套房"", ""638"": ""民办中学"", ""637"": ""公办中学"", ""636"": ""公办小学"", ""635"": ""民办小学"", ""598"": ""民办幼儿园"", ""597"": ""公办幼儿园"", ""541"": ""3D沙盘"", ""540"": ""日照模拟"", ""263"": ""VR看房"", ""55"": ""小型社区""}","[""现房"", ""车位充足"", ""低容积"", ""厨卫全明"", ""南北通透""]",https://pic4.ajkimg.com/display/xinfang/2fff57dd63e7ddab199abb5562c66569/275x206n.jpg,[],李沧区汉川路与建水路交汇处
5208866,中建紫金洲,青岛,30,李沧区,3642,世园,5195,青岛李沧区世园东川路177号,,7540元/㎡,7540元/㎡,,,,,[],,,2005-10-13,2021年07月,2005年,2006年,[],{},,40年,,,53,,,临街店铺,华润万象生活,4元/㎡/月,,,,售罄,售罄,售罄,[],[],滨江集团,中建地产,青岛中建幸福城置业有限公司,商电,商水,36.1859,120.471178,"{""service_num"": ""4006708287"", ""num"": """"}","{""9"": ""轨交房"", ""55"": ""小型社区"", ""50"": ""品牌开发商""}","[""轨交房"", ""小型社区"", ""品牌开发商""]",https://pic4.ajkimg.com/display/xinfang/6b1c2896e26a4e6545c249d3303540eb/275x206n.jpg,"[{""id"": ""7316610"", ""loupan_id"": ""499422"", ""station_id"": ""121232"", ""subway_id"": ""126"", ""city_id"": ""30"", ""distance"": ""1269米"", ""status"": ""1"", ""last_update_time"": ""1774212709"", ""is_rail_loupan"": ""1"", ""subway_name"": ""2号线"", ""station_name"": ""东川路"", ""distance_raw"": ""1269""}]",东川路177号中建水岸香都营销中心
8571408,绿堂B区,青岛,30,城阳区,3644,高新区,6139,青岛城阳区高新区龙海路与前海路交汇处（康复大学北侧）,,3016元/㎡,3016元/㎡,首付11万，月供2795元,89-173㎡,住宅：515000m² 别墅：515000m²,住宅：181769.09m² 别墅：181769.09m²,"[{""id"": 771553, ""rooms"": 3, ""room_alias"": ""三室"", ""area"": 89}, {""id"": 771554, ""rooms"": 3, ""room_alias"": ""三室"", ""area"": 119}, {""id"": 771556, ""rooms"": 3, ""room_alias"": ""三室"", ""area"": 133}, {""id"": 771567, ""rooms"": 3, ""room_alias"": ""三室"", ""area"": 150}, {""id"": 771560, ""rooms"": 3, ""room_alias"": ""三室"", ""area"": 165}, {""id"": 771583, ""rooms"": 4, ""room_alias"": ""四室"", ""area"": 173}]",3室、别墅,"3室户型,别墅户型",2005-11-14,2022年10月01日,2005年,2006年,"[""2023-06-14"", ""2023-01-04"", ""2022-09-21""]","{小高层,花园洋房}",住宅：小高层、花园洋房 别墅：叠加别墅,住宅：70年 别墅：70年,住宅：1.6,住宅：30% 别墅：30%,住宅：670 别墅：670,住宅：毛坯 别墅：毛坯,已竣工，竣工时间：2023-11-30,住宅,保利物业,住宅：2.29元/㎡/月,,住宅：1290 别墅：1290,,售罄,售罄,售罄,"[""城行审三（2023）409号"", ""城行审三（2022）1246号"", ""城行审三（2022）988号""]","[""12#、13#"", ""2#、3#、4#、11#"", ""1#、5#、6#""]",中海,中国铁建地产,中铁建康养产业发展（青岛）投资有限公司,住宅：民电,住宅：民水,36.220108,120.171263,"""""","{""559"": ""现房"", ""557"": ""项目竣工"", ""52"": ""低容积"", ""76"": ""厨卫全明"", ""74"": ""南北通透"", ""73"": ""卧室全朝南"", ""5"": ""低单价"", ""4"": ""低总价"", ""69"": ""学校"", ""78"": ""大户型"", ""402"": ""玄关入户"", ""401"": ""户型方正"", ""397"": ""动静分离"", ""85"": ""主卧套房"", ""83"": ""双阳台"", ""636"": ""公办小学"", ""597"": ""公办幼儿园"", ""541"": ""3D沙盘"", ""540"": ""日照模拟"", ""263"": ""VR看房"", ""50"": ""品牌开发商""}","[""现房"", ""项目竣工"", ""低容积"", ""厨卫全明"", ""南北通透""]",https://pic4.ajkimg.com/display/xinfang/1cec12a588eae0d6e7c7ccf7e0bf65f0/275x206n.jpg,[],青岛市城阳区龙海路与前海路交汇处（康复大学北侧）
4961610,和明珠庭,青岛,30,即墨区,3645,即墨老城,17475,青岛即墨区即墨老城城马路39号,,,,,82-112㎡,27392m²,66390m²,"[{""id"": 337161, ""rooms"": 2, ""room_alias"": ""二室"", ""area"": 82}, {""id"": 263921, ""rooms"": 2, ""room_alias"": ""二室"", ""area"": 87}, {""id"": 263922, ""rooms"": 2, ""room_alias"": ""二室"", ""area"": 93}, {""id"": 263926, ""rooms"": 3, ""room_alias"": ""三室"", ""area"": 101}, {""id"": 263927, ""rooms"": 3, ""room_alias"": ""三室"", ""area"": 104}, {""id"": 313623, ""rooms"": 3, ""room_alias"": ""三室"", ""area"": 112}]",2/3室,"2室户型,3室户型",2005-07-19,2018年12月20日,2005年,2006年,"[""2019-01-18"", ""2018-12-20""]","{小高层,花园洋房}",小高层、花园洋房,70年,1.78,36%,506,毛坯,,住宅,碧桂园服务,1.8~2.2元/㎡/月,,398,1:0.79,售罄,售罄,售罄,"[""即房注字(2019)第001号"", ""即房注字(2018)第099号""]","[""31#、30#、36#、37#、44#、45#"", ""29#、34#、35#、43#""]",远洋,,泰长昇置业有限公司,民电,民水,36.345875,120.374658,"""""","{""559"": ""现房"", ""53"": ""高绿化率"", ""52"": ""低容积"", ""74"": ""南北通透"", ""68"": ""医院"", ""65"": ""商业街"", ""64"": ""购物中心"", ""78"": ""大户型"", ""638"": ""民办中学"", ""637"": ""公办中学"", ""636"": ""公办小学"", ""598"": ""民办幼儿园"", ""597"": ""公办幼儿园"", ""263"": ""VR看房""}","[""现房"", ""高绿化率"", ""低容积"", ""南北通透"", ""医院""]",https://pic4.ajkimg.com/display/xinfang/793543d4b9893edd05066f67a3b9b38c/275x206n.jpg,[],城阳建材市场北城马路39号
1987767,胶州南国谷,青岛,30,胶州市,3647,其他,10174,青岛胶州市其他扬州西路1217号,,,,,,30000m²,49000m²,[],,,2005-08-14,,2005年,2006年,[],"{多层,小高层}",多层、小高层,70年,1.5,32%,420,毛坯,,住宅,新城悦服务,,,,,售罄,售罄,售罄,"[""青房注字（胶州）第2014024"", ""青房注字（胶州）第2014010""]",[],正荣,,青岛晟高房地产开发有限公司,民电,民水,36.269914,119.97049,"{""service_num"": ""4006708287"", ""num"": """"}","{""52"": ""低容积"", ""46"": ""沿街商铺"", ""32"": ""绿色住宅"", ""30"": ""花园洋房"", ""59"": ""湖景地产"", ""70"": ""银行"", ""69"": ""学校"", ""68"": ""医院"", ""637"": ""公办中学"", ""636"": ""公办小学"", ""598"": ""民办幼儿园"", ""597"": ""公办幼儿园""}","[""低容积"", ""沿街商铺"", ""绿色住宅"", ""花园洋房"", ""湖景地产""]",https://pic4.ajkimg.com/display/xinfang/710fd8b9973dec58284cf9d0ae740efb/275x206n.jpg,[],胶州市扬州西路1217号
7296789,瑞台三期,青岛,30,市北区,3640,榉林公园,5187,青岛市北区榉林公园明霞路35号,,,,,88-150㎡,住宅：9059m² 别墅：9059m²,住宅：38747m² 别墅：38747m²,"[{""id"": 86268, ""rooms"": 2, ""room_alias"": ""二室"", ""area"": 88}, {""id"": 86266, ""rooms"": 3, ""room_alias"": ""三室"", ""area"": 150}]",2/3室,"2室户型,3室户型",2005-06-20,,2005年,2006年,[],别墅,住宅：高层,住宅：70年 别墅：70年,住宅：3.2,住宅：30% 别墅：30%,住宅：104 别墅：104,住宅：毛坯 别墅：毛坯,,住宅,绿城服务,住宅：1.18元/㎡/月,,住宅：156 别墅：156,住宅：1:1.2 别墅：1:1.2,售罄,售罄,售罄,[],[],金地,,青岛中联建业股份有限公司,住宅：民电,住宅：民水,36.061762,120.364816,"""""","{""56"": ""车位充足"", ""9"": ""轨交房"", ""10"": ""多轨交"", ""72"": ""配套纯熟"", ""71"": ""便利店"", ""70"": ""银行"", ""69"": ""学校"", ""68"": ""医院"", ""66"": ""公园"", ""65"": ""商业街"", ""64"": ""购物中心"", ""78"": ""大户型"", ""638"": ""民办中学"", ""637"": ""公办中学"", ""636"": ""公办小学"", ""635"": ""民办小学"", ""598"": ""民办幼儿园"", ""597"": ""公办幼儿园"", ""55"": ""小型社区""}","[""车位充足"", ""轨交房"", ""多轨交"", ""配套纯熟"", ""便利店""]",https://pic4.ajkimg.com/display/xinfang/4043c86967d29e297854a792da5abc50/275x206n.jpg,"[{""id"": ""7316711"", ""loupan_id"": ""244789"", ""station_id"": ""121171"", ""subway_id"": ""12068"", ""city_id"": ""30"", ""distance"": ""707米"", ""status"": ""1"", ""last_update_time"": ""1774212709"", ""is_rail_loupan"": ""1"", ""subway_name"": ""5号线"", ""station_name"": ""延安二路"", ""distance_raw"": ""707""}, {""id"": ""7313735"", ""loupan_id"": ""244789"", ""station_id"": ""4475"", ""subway_id"": ""126"", ""city_id"": ""30"", ""distance"": ""1252米"", ""status"": ""1"", ""last_update_time"": ""1774212705"", ""is_rail_loupan"": ""1"", ""subway_name"": ""2号线"", ""station_name"": ""台东"", ""distance_raw"": ""1252""}, {""id"": ""7314372"", ""loupan_id"": ""244789"", ""station_id"": ""120399"", ""subway_id"": ""1045"", ""city_id"": ""30"", ""distance"": ""1283米"", ""status"": ""1"", ""last_update_time"": ""1774212706"", ""is_rail_loupan"": ""1"", ""subway_name"": ""1号线"", ""station_name"": ""台东"", ""distance_raw"": ""1283""}, {""id"": ""7314777"", ""loupan_id"": ""244789"", ""station_id"": ""120355"", ""subway_id"": ""1045"", ""city_id"": ""30"", ""distance"": ""1412米"", ""status"": ""1"", ""last_update_time"": ""1774212706"", ""is_rail_loupan"": ""1"", ""subway_name"": ""1号线"", ""station_name"": ""广饶路"", ""distance_raw"": ""1412""}]",市北区明霞路35号
9752831,银翠竹雅苑,青岛,30,即墨区,3645,即墨老城,17475,青岛即墨区即墨老城学府路1号（即墨28中学东侧）,,4626元/㎡,4626元/㎡,首付20万，月供4802元,89-148㎡,46000m²,200000m²,"[{""id"": 491615, ""rooms"": 2, ""room_alias"": ""二室"", ""area"": 89}, {""id"": 677311, ""rooms"": 3, ""room_alias"": ""三室"", ""area"": 106}, {""id"": 491616, ""rooms"": 3, ""room_alias"": ""三室"", ""area"": 114}, {""id"": 491617, ""rooms"": 3, ""room_alias"": ""三室"", ""area"": 125}, {""id"": 680511, ""rooms"": 3, ""room_alias"": ""三室"", ""area"": 126}, {""id"": 491618, ""rooms"": 3, ""room_alias"": ""三室"", ""area"": 127}, {""id"": 491619, ""rooms"": 3, ""room_alias"": ""三室"", ""area"": 128}, {""id"": 491620, ""rooms"": 4, ""room_alias"": ""四室"", ""area"": 148}]",2/3/4室,"2室户型,3室户型,4室户型",2005-12-13,2021年10月01日,2005年,2006年,"[""2021-05-25"", ""2020-03-24"", ""2020-10-19"", ""2021-06-16"", ""2020-06-06""]","{小高层,高层}",小高层、高层,70年,3.2,35%,1137,带装修,已竣工，竣工时间：暂无数据,住宅,旭辉永升,2.6元/㎡/月,,1588,1:1.4,售罄,售罄,售罄,"[""青房注字（2021）第058号"", ""即房注字(2019)第147号"", ""即房注字(2020)第164号"", ""即房注字(2021)第058号"", ""即房注字(2020)第050号""]","[""10#、7#"", ""1#、5#"", ""9#"", ""3#"", ""6#""]",万科,君一控股,海尔产城创,民电,民水,36.37414,120.413982,"{""service_num"": ""4006708287"", ""num"": ""31712""}","{""557"": ""项目竣工"", ""56"": ""车位充足"", ""29"": ""装修交付"", ""76"": ""厨卫全明"", ""74"": ""南北通透"", ""73"": ""卧室全朝南"", ""4"": ""低总价"", ""72"": ""配套纯熟"", ""71"": ""便利店"", ""70"": ""银行"", ""69"": ""学校"", ""68"": ""医院"", ""66"": ""公园"", ""65"": ""商业街"", ""64"": ""购物中心"", ""78"": ""大户型"", ""404"": ""客餐厅相连"", ""402"": ""玄关入户"", ""401"": ""户型方正"", ""397"": ""动静分离"", ""85"": ""主卧套房"", ""637"": ""公办中学"", ""636"": ""公办小学"", ""600"": ""市级示范园"", ""598"": ""民办幼儿园"", ""597"": ""公办幼儿园"", ""541"": ""3D沙盘"", ""263"": ""VR看房"", ""50"": ""品牌开发商""}","[""项目竣工"", ""车位充足"", ""装修交付"", ""厨卫全明"", ""南北通透""]",https://pic4.ajkimg.com/display/xinfang/9bafd78ca8b607287aacd61eaa671ed4/275x206n.jpg,[],学府路（原湘江三路）与店子山二路交叉口南侧
950120,山钢蓝湾锦园,青岛,30,崂山区,3643,海尔路,3697,青岛崂山区海尔路辽阳东路与同安路交汇处,,8568元/㎡,8568元/㎡,首付10万，月供2616元,29-241㎡,28599m²,99292m²,[],,,2005-12-03,2018年10月31日,2005年,2006年,[],{},,40年,,25%,1000,毛坯,,临街店铺,万科物业,5元/㎡/月,,760,1:0.76,售罄,售罄,售罄,[],[],招商蛇口,山钢地产,,商电,商水,36.129171,120.453365,"{""service_num"": ""4006708287"", ""num"": ""97307""}","{""559"": ""现房"", ""9"": ""轨交房"", ""46"": ""沿街商铺"", ""276"": ""一房一价"", ""216"": ""社区底商"", ""213"": ""地铁沿线"", ""98"": ""改善置业"", ""50"": ""品牌开发商""}","[""现房"", ""轨交房"", ""沿街商铺"", ""一房一价"", ""社区底商""]",https://pic4.ajkimg.com/display/xinfang/ecd0e7e5701c5280065917e2b41f396d/275x206n.jpg,"[{""id"": ""7250066"", ""loupan_id"": ""427941"", ""station_id"": ""120738"", ""subway_id"": ""12051"", ""city_id"": ""30"", ""distance"": ""804米"", ""status"": ""1"", ""last_update_time"": ""1774212709"", ""is_rail_loupan"": ""1"", ""subway_name"": ""4号线"", ""station_name"": ""董家下庄"", ""distance_raw"": ""804""}]",青岛市崂山区秦岭路18号丽达购物中心对面
1810776,凤都B区,青岛,30,平度市,3649,平度,3722,青岛平度市平度南村镇朱诸路119号,,,,,90-92㎡,44946m²,47608m²,"[{""id"": 144617, ""rooms"": 2, ""room_alias"": ""二室"", ""area"": 90}, {""id"": 144615, ""rooms"": 3, ""room_alias"": ""三室"", ""area"": 92}]",2/3室,"2室户型,3室户型",2005-09-19,,2005年,2006年,[],{多层},多层,70年,1.2,30%,510,毛坯,,住宅,碧桂园服务,0.6元/㎡/月,,,,售罄,售罄,售罄,[],[],万科,,青岛伟信建设投资集团有限公司,民电,民水,36.557851,120.126936,"""""","{""52"": ""低容积"", ""72"": ""配套纯熟"", ""71"": ""便利店"", ""70"": ""银行"", ""69"": ""学校"", ""68"": ""医院"", ""65"": ""商业街"", ""637"": ""公办中学"", ""636"": ""公办小学"", ""598"": ""民办幼儿园""}","[""低容积"", ""配套纯熟"", ""便利店"", ""银行"", ""学校""]",https://pic4.ajkimg.com/display/xinfang/64fe9618ce007b4734d549f2d5886a4e/275x206n.jpg,[],平度市南村镇朱诸路119号沽河西岸（海信对面）
4103432,御乐居林,青岛,30,李沧区,3642,金水路,5196,青岛李沧区金水路金水路地铁2号线（东延段在建）汉川路站旁,,7197元/㎡,7197元/㎡,首付26万，月供6271元,100-120㎡,30600m²,98100m²,"[{""id"": 842022, ""rooms"": 3, ""room_alias"": ""三室"", ""area"": 100}, {""id"": 842023, ""rooms"": 3, ""room_alias"": ""三室"", ""area"": 110}, {""id"": 842024, ""rooms"": 3, ""room_alias"": ""三室"", ""area"": 120}]",3室,3室户型,2005-06-08,2024年07月20日,2005年,2006年,"[""2025-06-18"", ""2025-07-16"", ""2025-03-12"", ""2024-12-19"", ""2024-11-21"", ""2024-06-12""]","{小高层,高层}",小高层、高层,70年,2.29,32%,573,毛坯,在建中，竣工时间：2026-06-30,住宅,中海物业,,,771,,售罄,售罄,售罄,"[""青房预字（2025）第020号"", ""青房预字（2025）第040号"", ""青房预字（2025）第005号"", ""青房预字（2024）第081号"", ""青房预字（2024）第076号"", ""青房预字（2024）第030号""]","[""3#"", ""6#、4#"", ""5#"", ""9#、1#"", ""7#、2#"", ""8#、10#""]",象屿,青岛地铁,青岛青铁金达置业投资有限公司,民电,民水,36.198491,120.471287,"{""service_num"": ""4006708287"", ""num"": ""106914""}","{""9"": ""轨交房"", ""76"": ""厨卫全明"", ""74"": ""南北通透"", ""73"": ""卧室全朝南"", ""7"": ""项目在建"", ""72"": ""配套纯熟"", ""70"": ""银行"", ""69"": ""学校"", ""68"": ""医院"", ""67"": ""生态绿地"", ""66"": ""公园"", ""65"": ""商业街"", ""64"": ""购物中心"", ""78"": ""大户型"", ""402"": ""玄关入户"", ""401"": ""户型方正"", ""397"": ""动静分离"", ""85"": ""主卧套房"", ""83"": ""双阳台"", ""92"": ""热搜盘"", ""90"": ""人气楼盘"", ""744"": ""好房子"", ""638"": ""民办中学"", ""637"": ""公办中学"", ""636"": ""公办小学"", ""598"": ""民办幼儿园"", ""597"": ""公办幼儿园"", ""541"": ""3D沙盘"", ""540"": ""日照模拟"", ""280"": ""商圈热盘"", ""279"": ""品质好房"", ""278"": ""高性价比"", ""263"": ""VR看房"", ""97"": ""刚需直选"", ""50"": ""品牌开发商""}","[""轨交房"", ""厨卫全明"", ""南北通透"", ""卧室全朝南"", ""项目在建""]",https://pic4.ajkimg.com/display/xinfang/a4f32c1b33d206d24f16be0e37dd1202/275x206n.jpg,"[{""id"": ""7290383"", ""loupan_id"": ""525738"", ""station_id"": ""121231"", ""subway_id"": ""126"", ""city_id"": ""30"", ""distance"": ""340米"", ""status"": ""1"", ""last_update_time"": ""1774212705"", ""is_rail_loupan"": ""1"", ""subway_name"": ""2号线"", ""station_name"": ""汉川路"", ""distance_raw"": ""340""}, {""id"": ""7290384"", ""loupan_id"": ""525738"", ""station_id"": ""121232"", ""subway_id"": ""126"", ""city_id"": ""30"", ""distance"": ""1319米"", ""status"": ""1"", ""last_update_time"": ""1774212705"", ""is_rail_loupan"": ""1"", ""subway_name"": ""2号线"", ""station_name"": ""东川路"", ""distance_raw"": ""1319""}, {""id"": ""7290385"", ""loupan_id"": ""525738"", ""station_id"": ""121230"", ""subway_id"": ""126"", ""city_id"": ""30"", ""distance"": ""1499米"", ""status"": ""1"", ""last_update_time"": ""1774212705"", ""is_rail_loupan"": ""1"", ""subway_name"": ""2号线"", ""station_name"": ""合川路"", ""distance_raw"": ""1499""}]",青岛李沧区金水路地铁2号线（东延段在建）汉川路站旁
7948322,奥润翠竹新城,青岛,30,西海岸新区,3646,滨海大道,5211,青岛西海岸新区滨海大道滨海大道路2703号,,,,,88-269㎡,别墅：146740m² 住宅：146740m²,别墅：2300000m² 住宅：2300000m²,"[{""id"": 377886, ""rooms"": 2, ""room_alias"": ""二室"", ""area"": 88}, {""id"": 377933, ""rooms"": 2, ""room_alias"": ""二室"", ""area"": 88}, {""id"": 377891, ""rooms"": 2, ""room_alias"": ""二室"", ""area"": 102}, {""id"": 377903, ""rooms"": 3, ""room_alias"": ""三室"", ""area"": 105}, {""id"": 43032, ""rooms"": 3, ""room_alias"": ""三室"", ""area"": 109}, {""id"": 377922, ""rooms"": 3, ""room_alias"": ""三室"", ""area"": 116}, {""id"": 42986, ""rooms"": 3, ""room_alias"": ""三室"", ""area"": 126}, {""id"": 539878, ""rooms"": 3, ""room_alias"": ""三室"", ""area"": 131.16}, {""id"": 539887, ""rooms"": 3, ""room_alias"": ""三室"", ""area"": 131.63}, {""id"": 539889, ""rooms"": 3, ""room_alias"": ""三室"", ""area"": 132.37}, {""id"": 539888, ""rooms"": 3, ""room_alias"": ""三室"", ""area"": 133.19}, {""id"": 539877, ""rooms"": 3, ""room_alias"": ""三室"", ""area"": 134.88}, {""id"": 377926, ""rooms"": 3, ""room_alias"": ""三室"", ""area"": 141}, {""id"": 43030, ""rooms"": 3, ""room_alias"": ""三室"", ""area"": 146}, {""id"": 539875, ""rooms"": 3, ""room_alias"": ""三室"", ""area"": 150.43}, {""id"": 539881, ""rooms"": 3, ""room_alias"": ""三室"", ""area"": 199.71}, {""id"": 539890, ""rooms"": 3, ""room_alias"": ""三室"", ""area"": 199.71}, {""id"": 539852, ""rooms"": 4, ""room_alias"": ""四室"", ""area"": 269}, {""id"": 539860, ""rooms"": 5, ""room_alias"": ""五室"", ""area"": 235}]",2/3室、别墅,"2室户型,3室户型,别墅户型",2005-02-06,2017年03月19日,2005年,2006年,"[""2018-08-01"", ""2017-09-04"", ""2018-08-01""]",别墅,别墅：独栋别墅、联排别墅 住宅：花园洋房,别墅：70年 住宅：70年,别墅：1 住宅：1.7,别墅：45% 住宅：45%,别墅：1918 住宅：1918,别墅：毛坯 住宅：毛坯,,别墅,合景悠活,别墅：3元/㎡/月 住宅：1.8元/㎡/月,,别墅：1308 住宅：1308,别墅：1:0.68 住宅：1:0.68,售罄,售罄,售罄,"[""南房注字(2011)第016"", ""南房注字(2008)第049"", ""青房注字青黄(2016)第002""]","[""18#、16#、17#、20#、21#"", ""10#、11#、12#、13#、1#、22#"", ""63#、64#、65#""]",远洋,,青岛奥润投资集团,别墅：民电,别墅：民水,35.892479,120.071928,"""""","{""559"": ""现房"", ""81"": ""大阳台"", ""53"": ""高绿化率"", ""9"": ""轨交房"", ""76"": ""厨卫全明"", ""74"": ""南北通透"", ""63"": ""旅游地产"", ""72"": ""配套纯熟"", ""70"": ""银行"", ""69"": ""学校"", ""68"": ""医院"", ""66"": ""公园"", ""78"": ""大户型"", ""402"": ""玄关入户"", ""401"": ""户型方正"", ""638"": ""民办中学"", ""637"": ""公办中学"", ""636"": ""公办小学"", ""635"": ""民办小学"", ""598"": ""民办幼儿园"", ""597"": ""公办幼儿园"", ""263"": ""VR看房"", ""54"": ""大型社区""}","[""现房"", ""大阳台"", ""高绿化率"", ""轨交房"", ""厨卫全明""]",https://pic4.ajkimg.com/display/xinfang/e4a995d709a6ff2a5a2e483afed0a6bd/275x206n.jpg,"[{""id"": ""7316810"", ""loupan_id"": ""241947"", ""station_id"": ""121246"", ""subway_id"": ""12071"", ""city_id"": ""30"", ""distance"": ""332米"", ""status"": ""1"", ""last_update_time"": ""1774212709"", ""is_rail_loupan"": ""1"", ""subway_name"": ""6号线"", ""station_name"": ""灵山湾"", ""distance_raw"": ""332""}]",青岛市西海岸新区滨海大道路2703号
3894658,华府三期,青岛,30,李沧区,3642,九水路,5197,青岛李沧区九水路九水东路199号,,,,,85-125㎡,40828m²,162900m²,"[{""id"": 223096, ""rooms"": 2, ""room_alias"": ""二室"", ""area"": 85}, {""id"": 162199, ""rooms"": 3, ""room_alias"": ""三室"", ""area"": 89}, {""id"": 170697, ""rooms"": 3, ""room_alias"": ""三室"", ""area"": 89}, {""id"": 162201, ""rooms"": 3, ""room_alias"": ""三室"", ""area"": 93}, {""id"": 170709, ""rooms"": 3, ""room_alias"": ""三室"", ""area"": 110}, {""id"": 162202, ""rooms"": 3, ""room_alias"": ""三室"", ""area"": 125}]",2/3室,"2室户型,3室户型",2005-08-13,,2005年,2006年,[],{高层},高层,70年,3.11,35%,1159,毛坯,,住宅,金地智慧服务,2.5元/㎡/月,,1159,1:1,售罄,售罄,售罄,"[""青房注字(2016)第098号"", ""青房注字(2017)第073号""]",[],美的置业,,北京城建青岛兴华地产有限公司,民电,民水,36.190436,120.476812,"""""","{""72"": ""配套纯熟"", ""70"": ""银行"", ""69"": ""学校"", ""68"": ""医院"", ""67"": ""生态绿地"", ""66"": ""公园"", ""65"": ""商业街"", ""64"": ""购物中心"", ""78"": ""大户型"", ""638"": ""民办中学"", ""637"": ""公办中学"", ""636"": ""公办小学"", ""598"": ""民办幼儿园"", ""597"": ""公办幼儿园""}","[""配套纯熟"", ""银行"", ""学校"", ""医院"", ""生态绿地""]",https://pic4.ajkimg.com/display/xinfang/96ff505d192a334f219b65956cf32650/275x206n.jpg,[],"李沧区九水东路247号,青岛六十四中西侧"
5269301,新蓝湾汇,青岛,30,胶州市,3647,老城区,17476,青岛胶州市老城区杨林路以北，儒林路以南，毫州路以东，漳州路以西,,1850元/㎡,1850元/㎡,首付9万，月供2186元,89-115㎡,90007m²,300000m²,"[{""id"": 775594, ""rooms"": 3, ""room_alias"": ""三室"", ""area"": 89}, {""id"": 812934, ""rooms"": 3, ""room_alias"": ""三室"", ""area"": 95}, {""id"": 775597, ""rooms"": 3, ""room_alias"": ""三室"", ""area"": 105}, {""id"": 813315, ""rooms"": 3, ""room_alias"": ""三室"", ""area"": 115}]",3室,3室户型,2005-02-25,2022年09月25日,2005年,2006年,"[""2023-05-15"", ""2022-09-06""]",别墅,高层,70年,2.46,35%,2071,毛坯,在建中，竣工时间：暂无数据,住宅,金地智慧服务,2.31元/㎡/月,,2385,1:1.15,售罄,售罄,售罄,"[""青房注字（胶州）第2023004号"", ""青房注字（胶州）第2022041号""]","[""1#"", ""7#""]",建发,信达地产,青岛信达置业有限公司,民电,民水,36.293932,119.982812,"""""","{""56"": ""车位充足"", ""76"": ""厨卫全明"", ""74"": ""南北通透"", ""73"": ""卧室全朝南"", ""7"": ""项目在建"", ""5"": ""低单价"", ""4"": ""低总价"", ""78"": ""大户型"", ""402"": ""玄关入户"", ""401"": ""户型方正"", ""397"": ""动静分离"", ""85"": ""主卧套房"", ""83"": ""双阳台"", ""90"": ""人气楼盘"", ""638"": ""民办中学"", ""637"": ""公办中学"", ""636"": ""公办小学"", ""635"": ""民办小学"", ""598"": ""民办幼儿园"", ""597"": ""公办幼儿园"", ""541"": ""3D沙盘"", ""540"": ""日照模拟"", ""263"": ""VR看房"", ""54"": ""大型社区"", ""50"": ""品牌开发商""}","[""车位充足"", ""厨卫全明"", ""南北通透"", ""卧室全朝南"", ""项目在建""]",https://pic4.ajkimg.com/display/xinfang/e78a51ffafc50a069bb6befb9f15b560/275x206n.jpg,[],胶州市胶州西路与漳州路路口西侧50米信达·君和蓝庭展示中心
7221646,青岛金色嘉园,青岛,30,市南区,3639,西镇,3660,青岛市南区西镇莱阳路8号乙,,41127元/㎡,41127元/㎡,首付549万，月供131161元,298-460㎡,住宅：28801m² 别墅：28801m²,住宅：34560m² 别墅：34560m²,"[{""id"": 749570, ""rooms"": 3, ""room_alias"": ""三室"", ""area"": 298}, {""id"": 452472, ""rooms"": 3, ""room_alias"": ""三室"", ""area"": 305}, {""id"": 758018, ""rooms"": 4, ""room_alias"": ""四室"", ""area"": 306}, {""id"": 742575, ""rooms"": 4, ""room_alias"": ""四室"", ""area"": 460}]",3/4室,"3室户型,4室户型",2005-09-08,2016年09月30日,2005年,2006年,"[""2018-03-19""]",{多层},住宅：多层 别墅：独栋别墅、联排别墅,住宅：70年 别墅：70年,住宅：1.2 别墅：1.2,住宅：30% 别墅：30%,住宅：65 别墅：65,住宅：毛坯 别墅：毛坯,已封顶，竣工时间：2018-12-31,住宅,保利物业,住宅：15元/㎡/月 别墅：15元/㎡/月,,住宅：591 别墅：591,住宅：1:9.09 别墅：1:9.09,售罄,售罄,售罄,"[""青房注字（2016）第061号""]","[""11#""]",招商蛇口,,青岛中润置业集团有限公司,住宅：民电,住宅：民水,36.058682,120.336072,"{""service_num"": ""4006708287"", ""num"": ""29720""}","{""559"": ""现房"", ""81"": ""大阳台"", ""56"": ""车位充足"", ""52"": ""低容积"", ""9"": ""轨交房"", ""8"": ""项目封顶"", ""74"": ""南北通透"", ""10"": ""多轨交"", ""72"": ""配套纯熟"", ""71"": ""便利店"", ""69"": ""学校"", ""68"": ""医院"", ""66"": ""公园"", ""64"": ""购物中心"", ""78"": ""大户型"", ""404"": ""客餐厅相连"", ""402"": ""玄关入户"", ""401"": ""户型方正"", ""85"": ""主卧套房"", ""83"": ""双阳台"", ""82"": ""双卫生间"", ""90"": ""人气楼盘"", ""638"": ""民办中学"", ""637"": ""公办中学"", ""636"": ""公办小学"", ""635"": ""民办小学"", ""598"": ""民办幼儿园"", ""597"": ""公办幼儿园"", ""263"": ""VR看房"", ""55"": ""小型社区""}","[""现房"", ""大阳台"", ""车位充足"", ""低容积"", ""轨交房""]",https://pic4.ajkimg.com/display/xinfang/a8bc55a1823cfde3d210ca3d354c79ee/275x206n.jpg,"[{""id"": ""7250008"", ""loupan_id"": ""415169"", ""station_id"": ""120727"", ""subway_id"": ""12051"", ""city_id"": ""30"", ""distance"": ""393米"", ""status"": ""1"", ""last_update_time"": ""1774212708"", ""is_rail_loupan"": ""1"", ""subway_name"": ""4号线"", ""station_name"": ""人民会堂"", ""distance_raw"": ""393""}, {""id"": ""7168172"", ""loupan_id"": ""415169"", ""station_id"": ""4377"", ""subway_id"": ""121"", ""city_id"": ""30"", ""distance"": ""396米"", ""status"": ""1"", ""last_update_time"": ""1774212708"", ""is_rail_loupan"": ""1"", ""subway_name"": ""3号线"", ""station_name"": ""人民会堂"", ""distance_raw"": ""396""}, {""id"": ""7250007"", ""loupan_id"": ""415169"", ""station_id"": ""120728"", ""subway_id"": ""12051"", ""city_id"": ""30"", ""distance"": ""1162米"", ""status"": ""1"", ""last_update_time"": ""1774212708"", ""is_rail_loupan"": ""1"", ""subway_name"": ""4号线"", ""station_name"": ""信号山(青大附院)"", ""distance_raw"": ""1162""}, {""id"": ""7168168"", ""loupan_id"": ""415169"", ""station_id"": ""4376"", ""subway_id"": ""121"", ""city_id"": ""30"", ""distance"": ""1439米"", ""status"": ""1"", ""last_update_time"": ""1774212708"", ""is_rail_loupan"": ""1"", ""subway_name"": ""3号线"", ""station_name"": ""汇泉广场"", ""distance_raw"": ""1439""}]",市南区莱阳路8号乙
200152,鑫豪庭A区,青岛,30,城阳区,3644,正阳路,3712,青岛城阳区正阳路正阳中路166号,,,,,29-44㎡,52883m²,200849m²,"[{""id"": 471994, ""rooms"": 1, ""room_alias"": ""一室"", ""area"": 29}, {""id"": 471106, ""rooms"": 1, ""room_alias"": ""一室"", ""area"": 33.8}, {""id"": 471107, ""rooms"": 2, ""room_alias"": ""二室"", ""area"": 43.92}]",1/2室,商业户型,2005-11-18,2019年05月01日,2005年,2006年,"[""2019-05-01""]",多层,小高层,40年,3,20%,1000,带装修,,商业,招商积余,5.8元/㎡/月,,1270,1:1,售罄,售罄,售罄,"[""青房注字(城18)第15""]",[],正荣,天一仁和,青岛天一仁和房地产集团有限公司,商电,商水,36.315203,120.428059,"""""","{""559"": ""现房"", ""129"": ""自带商业"", ""101"": ""自持物业"", ""81"": ""大阳台"", ""29"": ""装修交付"", ""9"": ""轨交房"", ""76"": ""厨卫全明"", ""74"": ""南北通透"", ""73"": ""卧室全朝南"", ""10"": ""多轨交"", ""42"": ""酒店公寓"", ""39"": ""商住公寓"", ""72"": ""配套纯熟"", ""71"": ""便利店"", ""70"": ""银行"", ""68"": ""医院"", ""66"": ""公园"", ""65"": ""商业街"", ""64"": ""购物中心"", ""397"": ""动静分离"", ""263"": ""VR看房"", ""50"": ""品牌开发商""}","[""现房"", ""自带商业"", ""自持物业"", ""大阳台"", ""装修交付""]",https://pic4.ajkimg.com/display/xinfang/eb42f0169858e70185a14303d073d878/275x206n.jpg,"[{""id"": ""7315808"", ""loupan_id"": ""458334"", ""station_id"": ""121198"", ""subway_id"": ""12069"", ""city_id"": ""30"", ""distance"": ""348米"", ""status"": ""1"", ""last_update_time"": ""1774212708"", ""is_rail_loupan"": ""1"", ""subway_name"": ""9号线"", ""station_name"": ""长城路"", ""distance_raw"": ""348""}, {""id"": ""7315794"", ""loupan_id"": ""458334"", ""station_id"": ""121199"", ""subway_id"": ""12069"", ""city_id"": ""30"", ""distance"": ""418米"", ""status"": ""1"", ""last_update_time"": ""1774212708"", ""is_rail_loupan"": ""1"", ""subway_name"": ""9号线"", ""station_name"": ""靖城路"", ""distance_raw"": ""418""}, {""id"": ""7314320"", ""loupan_id"": ""458334"", ""station_id"": ""121216"", ""subway_id"": ""12070"", ""city_id"": ""30"", ""distance"": ""1216米"", ""status"": ""1"", ""last_update_time"": ""1774212706"", ""is_rail_loupan"": ""1"", ""subway_name"": ""15号线"", ""station_name"": ""靖城路"", ""distance_raw"": ""1216""}, {""id"": ""7314919"", ""loupan_id"": ""458334"", ""station_id"": ""4432"", ""subway_id"": ""124"", ""city_id"": ""30"", ""distance"": ""1477米"", ""status"": ""1"", ""last_update_time"": ""1774212707"", ""is_rail_loupan"": ""1"", ""subway_name"": ""7号线"", ""station_name"": ""正阳路"", ""distance_raw"": ""1477""}]",青岛市城阳区正阳中路166号
4216345,绿星辰名城,青岛,30,市南区,3639,香港路沿线,3653,青岛市南区香港路沿线东海西路15号乙，青岛国税局旁边,,,,,149-336㎡,10100m²,113305m²,"[{""id"": 54838, ""rooms"": 2, ""room_alias"": ""二室"", ""area"": 148.81}, {""id"": 54840, ""rooms"": 4, ""room_alias"": ""四室"", ""area"": 336.39}]",2/4室,"2室户型,4室户型",2005-09-21,,2005年,2006年,[],{高层},高层,70年,8.94,25%,367,带装修,,住宅,碧桂园服务,9元/㎡/月,,450,1:1.5,售罄,售罄,售罄,[],[],融创,,青岛阳光新地置业有限公司,民电,民水,36.055445,120.381295,"""""","{""56"": ""车位充足"", ""29"": ""装修交付"", ""9"": ""轨交房"", ""10"": ""多轨交"", ""63"": ""旅游地产"", ""72"": ""配套纯熟"", ""71"": ""便利店"", ""70"": ""银行"", ""69"": ""学校"", ""68"": ""医院"", ""67"": ""生态绿地"", ""66"": ""公园"", ""65"": ""商业街"", ""64"": ""购物中心"", ""78"": ""大户型"", ""638"": ""民办中学"", ""637"": ""公办中学"", ""636"": ""公办小学"", ""635"": ""民办小学"", ""598"": ""民办幼儿园"", ""597"": ""公办幼儿园""}","[""车位充足"", ""装修交付"", ""轨交房"", ""多轨交"", ""旅游地产""]",https://pic4.ajkimg.com/display/xinfang/3a9a4e8ed8c7c7ef17ee846239ea4f3a/275x206n.jpg,"[{""id"": ""7314421"", ""loupan_id"": ""241957"", ""station_id"": ""4373"", ""subway_id"": ""121"", ""city_id"": ""30"", ""distance"": ""442米"", ""status"": ""1"", ""last_update_time"": ""1774212706"", ""is_rail_loupan"": ""1"", ""subway_name"": ""3号线"", ""station_name"": ""延安三路"", ""distance_raw"": ""442""}, {""id"": ""7314897"", ""loupan_id"": ""241957"", ""station_id"": ""4478"", ""subway_id"": ""126"", ""city_id"": ""30"", ""distance"": ""1000米"", ""status"": ""1"", ""last_update_time"": ""1774212707"", ""is_rail_loupan"": ""1"", ""subway_name"": ""2号线"", ""station_name"": ""五四广场"", ""distance_raw"": ""1000""}, {""id"": ""7315411"", ""loupan_id"": ""241957"", ""station_id"": ""121288"", ""subway_id"": ""1044"", ""city_id"": ""30"", ""distance"": ""1060米"", ""status"": ""1"", ""last_update_time"": ""1774212707"", ""is_rail_loupan"": ""1"", ""subway_name"": ""8号线"", ""station_name"": ""五四广场"", ""distance_raw"": ""1060""}, {""id"": ""7314422"", ""loupan_id"": ""241957"", ""station_id"": ""4372"", ""subway_id"": ""121"", ""city_id"": ""30"", ""distance"": ""1060米"", ""status"": ""1"", ""last_update_time"": ""1774212706"", ""is_rail_loupan"": ""1"", ""subway_name"": ""3号线"", ""station_name"": ""五四广场"", ""distance_raw"": ""1060""}]",市南东海西路15号乙项目现场（青岛国税局旁边）
2483122,银盛翡翠华庭,青岛,30,城阳区,3644,其他,10171,青岛城阳区其他文阳路与黑龙江路交汇处,,,,,77-88㎡,58000m²,137000m²,"[{""id"": 140450, ""rooms"": 2, ""room_alias"": ""二室"", ""area"": 77}, {""id"": 140446, ""rooms"": 3, ""room_alias"": ""三室"", ""area"": 88}]",2/3室,"2室户型,3室户型",2005-11-03,,2005年,2006年,[],"{小高层,高层}",小高层、高层,70年,2,30%,1039,毛坯,,住宅,新城悦服务,2.4元/㎡/月,,1300,1：1.2,售罄,售罄,售罄,"[""青房注字(城15)第20""]",[],绿城,,青岛银盛泰恒泰房地产有限公司,民电,民水,36.289219,120.405091,"""""","{""9"": ""轨交房"", ""10"": ""多轨交"", ""72"": ""配套纯熟"", ""71"": ""便利店"", ""70"": ""银行"", ""69"": ""学校"", ""68"": ""医院"", ""66"": ""公园"", ""65"": ""商业街"", ""64"": ""购物中心"", ""638"": ""民办中学"", ""637"": ""公办中学"", ""636"": ""公办小学"", ""598"": ""民办幼儿园"", ""597"": ""公办幼儿园""}","[""轨交房"", ""多轨交"", ""配套纯熟"", ""便利店"", ""银行""]",https://pic4.ajkimg.com/display/xinfang/815bb4f54109285bacd374bd0066b332/275x206n.jpg,"[{""id"": ""7314709"", ""loupan_id"": ""383197"", ""station_id"": ""4431"", ""subway_id"": ""124"", ""city_id"": ""30"", ""distance"": ""526米"", ""status"": ""1"", ""last_update_time"": ""1774212706"", ""is_rail_loupan"": ""1"", ""subway_name"": ""7号线"", ""station_name"": ""文阳路"", ""distance_raw"": ""526""}, {""id"": ""7316580"", ""loupan_id"": ""383197"", ""station_id"": ""121277"", ""subway_id"": ""124"", ""city_id"": ""30"", ""distance"": ""561米"", ""status"": ""1"", ""last_update_time"": ""1774212709"", ""is_rail_loupan"": ""1"", ""subway_name"": ""7号线"", ""station_name"": ""小寨子"", ""distance_raw"": ""561""}, {""id"": ""7316234"", ""loupan_id"": ""383197"", ""station_id"": ""11026"", ""subway_id"": ""1045"", ""city_id"": ""30"", ""distance"": ""609米"", ""status"": ""1"", ""last_update_time"": ""1774212708"", ""is_rail_loupan"": ""1"", ""subway_name"": ""1号线"", ""station_name"": ""小寨子"", ""distance_raw"": ""609""}, {""id"": ""7314708"", ""loupan_id"": ""383197"", ""station_id"": ""4430"", ""subway_id"": ""124"", ""city_id"": ""30"", ""distance"": ""1207米"", ""status"": ""1"", ""last_update_time"": ""1774212706"", ""is_rail_loupan"": ""1"", ""subway_name"": ""7号线"", ""station_name"": ""庙头"", ""distance_raw"": ""1207""}, {""id"": ""7316582"", ""loupan_id"": ""383197"", ""station_id"": ""121276"", ""subway_id"": ""124"", ""city_id"": ""30"", ""distance"": ""1232米"", ""status"": ""1"", ""last_update_time"": ""1774212709"", ""is_rail_loupan"": ""1"", ""subway_name"": ""7号线"", ""station_name"": ""凤岗路"", ""distance_raw"": ""1232""}, {""id"": ""7316253"", ""loupan_id"": ""383197"", ""station_id"": ""11030"", ""subway_id"": ""1045"", ""city_id"": ""30"", ""distance"": ""1233米"", ""status"": ""1"", ""last_update_time"": ""1774212708"", ""is_rail_loupan"": ""1"", ""subway_name"": ""1号线"", ""station_name"": ""凤岗路"", ""distance_raw"": ""1233""}, {""id"": ""7315979"", ""loupan_id"": ""383197"", ""station_id"": ""121196"", ""subway_id"": ""12069"", ""city_id"": ""30"", ""distance"": ""1293米"", ""status"": ""1"", ""last_update_time"": ""1774212708"", ""is_rail_loupan"": ""1"", ""subway_name"": ""9号线"", ""station_name"": ""华城路"", ""distance_raw"": ""1293""}]",城阳区正阳中路国际商务港一楼
6219879,泰堂一期,青岛,30,市南区,3639,西镇,3660,青岛市南区西镇新疆路8号,,,,,63-90㎡,18931m²,143251m²,"[{""id"": 148781, ""rooms"": 1, ""room_alias"": ""一室"", ""area"": 63}, {""id"": 86128, ""rooms"": 1, ""room_alias"": ""一室"", ""area"": 90}]",1室,商业户型,2005-07-23,2018年05月21日,2005年,2006年,[],{高层},高层,40年,6.85,30%,1405,简装修,,商业,新城悦服务,3.25元/㎡/月,,465,1:0.3,售罄,售罄,售罄,"[""青房注字2013第053号""]",[],融创,中联集团,青岛中联建业集团,商电,商水,36.076358,120.318181,"""""","{""29"": ""装修交付"", ""9"": ""轨交房"", ""10"": ""多轨交"", ""72"": ""配套纯熟"", ""71"": ""便利店"", ""70"": ""银行"", ""68"": ""医院"", ""66"": ""公园"", ""65"": ""商业街"", ""64"": ""购物中心"", ""50"": ""品牌开发商""}","[""装修交付"", ""轨交房"", ""多轨交"", ""配套纯熟"", ""便利店""]",https://pic4.ajkimg.com/display/xinfang/18c044ddc751953f695bc3e750562609/275x206n.jpg,"[{""id"": ""7313630"", ""loupan_id"": ""247824"", ""station_id"": ""121227"", ""subway_id"": ""126"", ""city_id"": ""30"", ""distance"": ""444米"", ""status"": ""1"", ""last_update_time"": ""1774212705"", ""is_rail_loupan"": ""1"", ""subway_name"": ""2号线"", ""station_name"": ""国际邮轮港"", ""distance_raw"": ""444""}, {""id"": ""7313633"", ""loupan_id"": ""247824"", ""station_id"": ""121226"", ""subway_id"": ""126"", ""city_id"": ""30"", ""distance"": ""654米"", ""status"": ""1"", ""last_update_time"": ""1774212705"", ""is_rail_loupan"": ""1"", ""subway_name"": ""2号线"", ""station_name"": ""小港"", ""distance_raw"": ""654""}, {""id"": ""7314937"", ""loupan_id"": ""247824"", ""station_id"": ""4473"", ""subway_id"": ""126"", ""city_id"": ""30"", ""distance"": ""1409米"", ""status"": ""1"", ""last_update_time"": ""1774212707"", ""is_rail_loupan"": ""1"", ""subway_name"": ""2号线"", ""station_name"": ""泰山路"", ""distance_raw"": ""1409""}, {""id"": ""7313460"", ""loupan_id"": ""247824"", ""station_id"": ""120730"", ""subway_id"": ""12051"", ""city_id"": ""30"", ""distance"": ""1453米"", ""status"": ""1"", ""last_update_time"": ""1774212705"", ""is_rail_loupan"": ""1"", ""subway_name"": ""4号线"", ""station_name"": ""泰山路"", ""distance_raw"": ""1453""}]",市北区新疆路8号
9637246,绿红树筑,青岛,30,崂山区,3643,石老人,3704,青岛崂山区石老人崂山路85号,,16450元/㎡,16450元/㎡,首付132万，月供31715元,158-188㎡,20000m²,36000m²,"[{""id"": 544159, ""rooms"": 3, ""room_alias"": ""三室"", ""area"": 188}, {""id"": 544163, ""rooms"": 4, ""room_alias"": ""四室"", ""area"": 158}, {""id"": 544161, ""rooms"": 4, ""room_alias"": ""四室"", ""area"": 171}, {""id"": 544160, ""rooms"": 4, ""room_alias"": ""四室"", ""area"": 187}]",3/4室,"3室户型,4室户型",2005-08-12,2021年09月25日,2005年,2006年,"[""2022-01-17""]",{花园洋房},花园洋房,70年,1.01,40%,118,毛坯,已竣工，竣工时间：暂无数据,住宅,万科物业,6元/㎡/月,,145,1:1.65,售罄,售罄,售罄,"[""青崂房预字（2022）第0001号""]","[""1#、2#、3#、4#、5#、6#、7#、8#、9#、10#、11#、12#""]",阳光城,,国清置业,民电,民水,36.123037,120.539562,"{""service_num"": ""4006708287"", ""num"": ""37455""}","{""559"": ""现房"", ""557"": ""项目竣工"", ""56"": ""车位充足"", ""53"": ""高绿化率"", ""52"": ""低容积"", ""30"": ""花园洋房"", ""63"": ""旅游地产"", ""60"": ""海景地产"", ""404"": ""客餐厅相连"", ""403"": ""私密性好"", ""636"": ""公办小学"", ""598"": ""民办幼儿园"", ""597"": ""公办幼儿园"", ""263"": ""VR看房"", ""98"": ""改善置业"", ""55"": ""小型社区""}","[""现房"", ""项目竣工"", ""车位充足"", ""高绿化率"", ""低容积""]",https://pic4.ajkimg.com/display/xinfang/74a58134103aab0cda97943bc2340abd/275x206n.jpg,[],崂山区崂山路65号
7639007,国信云天府,青岛,30,即墨区,3645,鳌山卫,5206,青岛即墨区鳌山卫硅谷路516号,,3255元/㎡,3255元/㎡,首付18万，月供4480元,97-143㎡,66241m²,296318.44m²,"[{""id"": 607248, ""rooms"": 3, ""room_alias"": ""三室"", ""area"": 97}, {""id"": 607250, ""rooms"": 3, ""room_alias"": ""三室"", ""area"": 105}, {""id"": 607252, ""rooms"": 3, ""room_alias"": ""三室"", ""area"": 128}, {""id"": 607253, ""rooms"": 3, ""room_alias"": ""三室"", ""area"": 143}]",3室,3室户型,2005-11-15,2020年11月21日,2005年,2006年,"[""2023-10-10"", ""2021-05-08"", ""2020-10-20"", ""2021-11-08""]",{高层},高层,70年,2.8,32%,972,带装修,已竣工，竣工时间：暂无数据,住宅,世茂服务,2.77元/㎡/月,,1343,1:1.3,售罄,售罄,售罄,"[""鲁（2023）青岛市即墨区不动产权第0017558号"", ""即房注字(2021)第044号"", ""即房注字(2020)第170号"", ""即房注字(2021)第127号""]","[""2#"", ""4#、5#"", ""3#"", ""1#""]",世茂,青岛国信,国信集团,民电,民水,36.402879,120.700719,"""""","{""559"": ""现房"", ""557"": ""项目竣工"", ""81"": ""大阳台"", ""56"": ""车位充足"", ""29"": ""装修交付"", ""9"": ""轨交房"", ""76"": ""厨卫全明"", ""74"": ""南北通透"", ""73"": ""卧室全朝南"", ""33"": ""智能住宅"", ""32"": ""绿色住宅"", ""276"": ""一房一价"", ""5"": ""低单价"", ""4"": ""低总价"", ""78"": ""大户型"", ""404"": ""客餐厅相连"", ""402"": ""玄关入户"", ""401"": ""户型方正"", ""397"": ""动静分离"", ""85"": ""主卧套房"", ""637"": ""公办中学"", ""598"": ""民办幼儿园"", ""597"": ""公办幼儿园"", ""541"": ""3D沙盘"", ""263"": ""VR看房"", ""50"": ""品牌开发商""}","[""现房"", ""项目竣工"", ""大阳台"", ""车位充足"", ""装修交付""]",https://pic4.ajkimg.com/display/xinfang/a34238fc4d1da0b190f6967f2553f193/275x206n.jpg,"[{""id"": ""7173866"", ""loupan_id"": ""482651"", ""station_id"": ""4393"", ""subway_id"": ""122"", ""city_id"": ""30"", ""distance"": ""1124米"", ""status"": ""1"", ""last_update_time"": ""1774212707"", ""is_rail_loupan"": ""1"", ""subway_name"": ""蓝谷快线"", ""station_name"": ""蓝色硅谷"", ""distance_raw"": ""1124""}]",青岛市即墨区硅谷路516号
7720169,世家园B区,青岛,30,崂山区,3643,海尔路,3697,青岛崂山区海尔路香港东路与青大三路交汇,,,,,136-165㎡,26920m²,94758m²,"[{""id"": 99504, ""rooms"": 3, ""room_alias"": ""三室"", ""area"": 136}, {""id"": 99505, ""rooms"": 3, ""room_alias"": ""三室"", ""area"": 140}, {""id"": 99507, ""rooms"": 3, ""room_alias"": ""三室"", ""area"": 165}, {""id"": 99509, ""rooms"": 3, ""room_alias"": ""三室"", ""area"": 165}]",3室,3室户型,2005-05-09,,2005年,2006年,[],超高层,小高层,70年,2.63,41%,272,毛坯,,住宅,绿城服务,3元/㎡/月,,646,,售罄,售罄,售罄,[],[],美的置业,,保利地产,民电,民水,36.079442,120.439717,"{""service_num"": ""4006708287"", ""num"": """"}","{""53"": ""高绿化率"", ""9"": ""轨交房"", ""72"": ""配套纯熟"", ""71"": ""便利店"", ""70"": ""银行"", ""69"": ""学校"", ""68"": ""医院"", ""66"": ""公园"", ""65"": ""商业街"", ""78"": ""大户型"", ""638"": ""民办中学"", ""637"": ""公办中学"", ""636"": ""公办小学"", ""635"": ""民办小学"", ""598"": ""民办幼儿园"", ""597"": ""公办幼儿园"", ""55"": ""小型社区""}","[""高绿化率"", ""轨交房"", ""配套纯熟"", ""便利店"", ""银行""]",https://pic4.ajkimg.com/display/xinfang/880d9a2dc591a97ee1489cfb2aa3fc19/275x206n.jpg,"[{""id"": ""7314875"", ""loupan_id"": ""251306"", ""station_id"": ""4483"", ""subway_id"": ""126"", ""city_id"": ""30"", ""distance"": ""589米"", ""status"": ""1"", ""last_update_time"": ""1774212707"", ""is_rail_loupan"": ""1"", ""subway_name"": ""2号线"", ""station_name"": ""海游路"", ""distance_raw"": ""589""}, {""id"": ""7314874"", ""loupan_id"": ""251306"", ""station_id"": ""4484"", ""subway_id"": ""126"", ""city_id"": ""30"", ""distance"": ""645米"", ""status"": ""1"", ""last_update_time"": ""1774212707"", ""is_rail_loupan"": ""1"", ""subway_name"": ""2号线"", ""station_name"": ""海川路"", ""distance_raw"": ""645""}]",青岛市崂山区香港东路与青大三路交汇
1435868,龙龙湖榭,青岛,30,黄岛区,4516,石雀滩,5216,青岛黄岛区石雀滩政府西门、车轮山路（原宁波路）,,,,,,10215m²,103620m²,[],,,2005-11-15,,2005年,2006年,[],小高层,,40年,,15%,1263,毛坯,,标准写字楼,招商积余,4.68元/㎡/月,,695,,售罄,售罄,售罄,[],[],华侨城,,,商电,商水,35.880228,120.048312,"""""","{""9"": ""轨交房"", ""72"": ""配套纯熟"", ""71"": ""便利店"", ""70"": ""银行"", ""68"": ""医院"", ""65"": ""商业街"", ""64"": ""购物中心"", ""220"": ""办公首选""}","[""轨交房"", ""配套纯熟"", ""便利店"", ""银行"", ""医院""]",https://pic4.ajkimg.com/display/xinfang/4e4f04953c4e1995bf167a2d5819112f/275x206n.jpg,"[{""id"": ""7315335"", ""loupan_id"": ""413189"", ""station_id"": ""121243"", ""subway_id"": ""12071"", ""city_id"": ""30"", ""distance"": ""563米"", ""status"": ""1"", ""last_update_time"": ""1774212707"", ""is_rail_loupan"": ""1"", ""subway_name"": ""6号线"", ""station_name"": ""朝阳山路"", ""distance_raw"": ""563""}, {""id"": ""7315334"", ""loupan_id"": ""413189"", ""station_id"": ""121244"", ""subway_id"": ""12071"", ""city_id"": ""30"", ""distance"": ""1181米"", ""status"": ""1"", ""last_update_time"": ""1774212707"", ""is_rail_loupan"": ""1"", ""subway_name"": ""6号线"", ""station_name"": ""海南路"", ""distance_raw"": ""1181""}]",黄岛新区政府西门，车轮山路（原宁波路）
7527663,中海北辰丽景,青岛,30,市北区,3640,长途汽车站,5190,青岛市北区长途汽车站杭州路28号,,,,,126-143㎡,住宅：74300m² 别墅：74300m²,住宅：170200m² 别墅：170200m²,"[{""id"": 100021, ""rooms"": 3, ""room_alias"": ""三室"", ""area"": 126}, {""id"": 82861, ""rooms"": 3, ""room_alias"": ""三室"", ""area"": 127}, {""id"": 82862, ""rooms"": 3, ""room_alias"": ""三室"", ""area"": 127}, {""id"": 82869, ""rooms"": 3, ""room_alias"": ""三室"", ""area"": 128}, {""id"": 82867, ""rooms"": 3, ""room_alias"": ""三室"", ""area"": 129}, {""id"": 82870, ""rooms"": 3, ""room_alias"": ""三室"", ""area"": 132}]",3室、别墅,"3室户型,别墅户型",2005-07-06,,2005年,2006年,[],"{叠加别墅,多层,小高层,高层}",住宅：多层、小高层、高层 别墅：叠加别墅,住宅：70年 别墅：70年,住宅：2.29,住宅：35% 别墅：35%,住宅：1512 别墅：1512,住宅：毛坯 别墅：毛坯,,住宅,万科物业,住宅：2.6元/㎡/月 别墅：2.6元/㎡/月,,住宅：1094 别墅：1094,住宅：1:1 别墅：1:1,售罄,售罄,售罄,[],[],正荣,,中海地产青岛公司,住宅：民电,住宅：民水,36.116703,120.353932,"""""","{""9"": ""轨交房"", ""10"": ""多轨交"", ""72"": ""配套纯熟"", ""71"": ""便利店"", ""70"": ""银行"", ""69"": ""学校"", ""68"": ""医院"", ""66"": ""公园"", ""65"": ""商业街"", ""64"": ""购物中心"", ""78"": ""大户型"", ""638"": ""民办中学"", ""637"": ""公办中学"", ""636"": ""公办小学"", ""635"": ""民办小学"", ""624"": ""九年一贯制"", ""600"": ""市级示范园"", ""598"": ""民办幼儿园"", ""597"": ""公办幼儿园"", ""54"": ""大型社区""}","[""轨交房"", ""多轨交"", ""配套纯熟"", ""便利店"", ""银行""]",https://pic4.ajkimg.com/display/xinfang/6eb2754012515c91dc45cc9e1bd37c19/275x206n.jpg,"[{""id"": ""7316799"", ""loupan_id"": ""249367"", ""station_id"": ""121176"", ""subway_id"": ""12068"", ""city_id"": ""30"", ""distance"": ""259米"", ""status"": ""1"", ""last_update_time"": ""1774212709"", ""is_rail_loupan"": ""1"", ""subway_name"": ""5号线"", ""station_name"": ""海云庵"", ""distance_raw"": ""259""}, {""id"": ""7314150"", ""loupan_id"": ""249367"", ""station_id"": ""120363"", ""subway_id"": ""1045"", ""city_id"": ""30"", ""distance"": ""1182米"", ""status"": ""1"", ""last_update_time"": ""1774212706"", ""is_rail_loupan"": ""1"", ""subway_name"": ""1号线"", ""station_name"": ""北岭"", ""distance_raw"": ""1182""}, {""id"": ""7316787"", ""loupan_id"": ""249367"", ""station_id"": ""121177"", ""subway_id"": ""12068"", ""city_id"": ""30"", ""distance"": ""1249米"", ""status"": ""1"", ""last_update_time"": ""1774212709"", ""is_rail_loupan"": ""1"", ""subway_name"": ""5号线"", ""station_name"": ""湖岛"", ""distance_raw"": ""1249""}]",市北区宜昌路宣化路交叉路
3815997,金轩二期,青岛,30,黄岛区,4516,长江路,5213,青岛黄岛区长江路珠江路81号,,,,,70-130㎡,10306m²,49210.25m²,"[{""id"": 174207, ""rooms"": 1, ""room_alias"": ""一室"", ""area"": 70}, {""id"": 194839, ""rooms"": 2, ""room_alias"": ""二室"", ""area"": 78}, {""id"": 194840, ""rooms"": 2, ""room_alias"": ""二室"", ""area"": 79}, {""id"": 138518, ""rooms"": 2, ""room_alias"": ""二室"", ""area"": 86}, {""id"": 138530, ""rooms"": 2, ""room_alias"": ""二室"", ""area"": 86}, {""id"": 138532, ""rooms"": 2, ""room_alias"": ""二室"", ""area"": 88}, {""id"": 138542, ""rooms"": 2, ""room_alias"": ""二室"", ""area"": 88}, {""id"": 174209, ""rooms"": 2, ""room_alias"": ""二室"", ""area"": 88}, {""id"": 138522, ""rooms"": 2, ""room_alias"": ""二室"", ""area"": 89}, {""id"": 138527, ""rooms"": 2, ""room_alias"": ""二室"", ""area"": 89}, {""id"": 138537, ""rooms"": 2, ""room_alias"": ""二室"", ""area"": 89}, {""id"": 138539, ""rooms"": 2, ""room_alias"": ""二室"", ""area"": 89}, {""id"": 194832, ""rooms"": 3, ""room_alias"": ""三室"", ""area"": 92}, {""id"": 194829, ""rooms"": 3, ""room_alias"": ""三室"", ""area"": 105}, {""id"": 194835, ""rooms"": 3, ""room_alias"": ""三室"", ""area"": 106}, {""id"": 194833, ""rooms"": 3, ""room_alias"": ""三室"", ""area"": 107}, {""id"": 194838, ""rooms"": 3, ""room_alias"": ""三室"", ""area"": 130}]",1/2/3室,"1室户型,2室户型,3室户型",2005-03-26,,2005年,2006年,[],{高层},高层,50年,,,397,,,住宅,合景悠活,2.7元/㎡/月,,380,1:0.9,售罄,售罄,售罄,[],[],滨江集团,,青岛海信房地产股份有限公司,民电,民水,35.965345,120.224864,"""""","{""9"": ""轨交房"", ""63"": ""旅游地产"", ""72"": ""配套纯熟"", ""71"": ""便利店"", ""70"": ""银行"", ""69"": ""学校"", ""68"": ""医院"", ""67"": ""生态绿地"", ""66"": ""公园"", ""65"": ""商业街"", ""64"": ""购物中心"", ""79"": ""小户型"", ""78"": ""大户型"", ""637"": ""公办中学"", ""636"": ""公办小学"", ""599"": ""省级示范园"", ""598"": ""民办幼儿园"", ""597"": ""公办幼儿园""}","[""轨交房"", ""旅游地产"", ""配套纯熟"", ""便利店"", ""银行""]",https://pic4.ajkimg.com/display/xinfang/bfb35208e5850d6af897b017e7750b5d/275x206n.jpg,"[{""id"": ""7315275"", ""loupan_id"": ""241875"", ""station_id"": ""120439"", ""subway_id"": ""1045"", ""city_id"": ""30"", ""distance"": ""1001米"", ""status"": ""1"", ""last_update_time"": ""1774212707"", ""is_rail_loupan"": ""1"", ""subway_name"": ""1号线"", ""station_name"": ""天目山"", ""distance_raw"": ""1001""}, {""id"": ""7315776"", ""loupan_id"": ""241875"", ""station_id"": ""120300"", ""subway_id"": ""1045"", ""city_id"": ""30"", ""distance"": ""1409米"", ""status"": ""1"", ""last_update_time"": ""1774212708"", ""is_rail_loupan"": ""1"", ""subway_name"": ""1号线"", ""station_name"": ""安子"", ""distance_raw"": ""1409""}]",青岛开发区长江东路与嘉陵江东路交汇处
8186483,锦黄金墅,青岛,30,城阳区,3644,正阳路,3712,青岛城阳区正阳路正阳中路与春城路交汇处,,,,,,26437m²,92746m²,[],,,2005-10-24,,2005年,2006年,[],{},,40年,,28%,841,"简装修,带装修",,商业街,金地智慧服务,2~5元/㎡/月,,580,1:0.68,售罄,售罄,售罄,[],[],碧桂园,,山东省鲁邦房地产开发有限公司,商电,商水,36.294684,120.391701,"""""","{""29"": ""装修交付"", ""9"": ""轨交房"", ""10"": ""多轨交"", ""72"": ""配套纯熟"", ""70"": ""银行"", ""68"": ""医院"", ""65"": ""商业街"", ""64"": ""购物中心"", ""226"": ""商业街区"", ""218"": ""综合商铺""}","[""装修交付"", ""轨交房"", ""多轨交"", ""配套纯熟"", ""银行""]",https://pic4.ajkimg.com/display/xinfang/a5969360a775c7be794c77b105007803/275x206n.jpg,"[{""id"": ""7316103"", ""loupan_id"": ""418966"", ""station_id"": ""121199"", ""subway_id"": ""12069"", ""city_id"": ""30"", ""distance"": ""155米"", ""status"": ""1"", ""last_update_time"": ""1774212708"", ""is_rail_loupan"": ""1"", ""subway_name"": ""9号线"", ""station_name"": ""靖城路"", ""distance_raw"": ""155""}, {""id"": ""7316105"", ""loupan_id"": ""418966"", ""station_id"": ""121198"", ""subway_id"": ""12069"", ""city_id"": ""30"", ""distance"": ""506米"", ""status"": ""1"", ""last_update_time"": ""1774212708"", ""is_rail_loupan"": ""1"", ""subway_name"": ""9号线"", ""station_name"": ""长城路"", ""distance_raw"": ""506""}, {""id"": ""7315758"", ""loupan_id"": ""418966"", ""station_id"": ""121216"", ""subway_id"": ""12070"", ""city_id"": ""30"", ""distance"": ""880米"", ""status"": ""1"", ""last_update_time"": ""1774212708"", ""is_rail_loupan"": ""1"", ""subway_name"": ""15号线"", ""station_name"": ""靖城路"", ""distance_raw"": ""880""}]",城阳区春城路580号
5385502,鲁商翡翠宅,青岛,30,即墨区,3645,创智新区,17473,青岛即墨区创智新区长广路888号,,2399元/㎡,2399元/㎡,首付18万，月供4408元,100-140㎡,145000m²,250000m²,"[{""id"": 564659, ""rooms"": 3, ""room_alias"": ""三室"", ""area"": 100}, {""id"": 564662, ""rooms"": 3, ""room_alias"": ""三室"", ""area"": 117}, {""id"": 564665, ""rooms"": 4, ""room_alias"": ""四室"", ""area"": 128}, {""id"": 564669, ""rooms"": 4, ""room_alias"": ""四室"", ""area"": 140}]",3/4室,"3室户型,4室户型",2005-04-19,2020年05月30日,2005年,2006年,"[""2023-12-15"", ""2022-12-22"", ""2020-06-09""]","{多层,小高层}",多层、小高层,70年,1.2,30%,1270,毛坯,已竣工，竣工时间：2022-12-31,住宅,世茂服务,2.77元/㎡/月,,1719,1:1.4,售罄,售罄,售罄,"[""即房注字(2023)第061号"", ""即房注字(2022)第077号"", ""即房注字(2020)第060号""]","[""17#、6#、15#、16#、30#、31#、29#、4#、5#"", ""3#、14#"", ""1#、2#、12#、13#、25#、26#""]",朗诗,鲁商置业,青岛绿富房地产开发有限公司,民电,民水,36.4451,120.566419,"""""","{""559"": ""现房"", ""557"": ""项目竣工"", ""81"": ""大阳台"", ""56"": ""车位充足"", ""52"": ""低容积"", ""76"": ""厨卫全明"", ""74"": ""南北通透"", ""73"": ""卧室全朝南"", ""32"": ""绿色住宅"", ""78"": ""大户型"", ""404"": ""客餐厅相连"", ""402"": ""玄关入户"", ""401"": ""户型方正"", ""85"": ""主卧套房"", ""637"": ""公办中学"", ""636"": ""公办小学"", ""598"": ""民办幼儿园"", ""597"": ""公办幼儿园"", ""263"": ""VR看房"", ""50"": ""品牌开发商""}","[""现房"", ""项目竣工"", ""大阳台"", ""车位充足"", ""低容积""]",https://pic4.ajkimg.com/display/xinfang/5b06b7806104f67704458574cb74c386/275x206n.jpg,[],青岛市即墨区皋虞路与长广路交叉口
9871210,碧家园三期,青岛,30,崂山区,3643,其他,10175,青岛崂山区其他同安路与绣岭路交汇处,,,,,,11221m²,20306m²,[],,,2005-03-17,,2005年,2006年,[],{},,40年,,,,,,临街店铺,金地智慧服务,,,,,售罄,售罄,售罄,[],[],仁恒,,青岛崂山区土地交易有限公司,商电,商水,36.101322,120.468789,"""""","{""9"": ""轨交房"", ""10"": ""多轨交"", ""70"": ""银行"", ""68"": ""医院""}","[""轨交房"", ""多轨交"", ""银行"", ""医院""]",https://pic4.ajkimg.com/display/xinfang/5cc80d2b1096b5a86592658d6d297c05/275x206n.jpg,"[{""id"": ""7316641"", ""loupan_id"": ""410808"", ""station_id"": ""4488"", ""subway_id"": ""126"", ""city_id"": ""30"", ""distance"": ""77米"", ""status"": ""1"", ""last_update_time"": ""1774212709"", ""is_rail_loupan"": ""1"", ""subway_name"": ""2号线"", ""station_name"": ""同安路"", ""distance_raw"": ""77""}, {""id"": ""7316616"", ""loupan_id"": ""410808"", ""station_id"": ""4489"", ""subway_id"": ""126"", ""city_id"": ""30"", ""distance"": ""914米"", ""status"": ""1"", ""last_update_time"": ""1774212709"", ""is_rail_loupan"": ""1"", ""subway_name"": ""2号线"", ""station_name"": ""辽阳东路"", ""distance_raw"": ""914""}, {""id"": ""7316233"", ""loupan_id"": ""410808"", ""station_id"": ""120741"", ""subway_id"": ""12051"", ""city_id"": ""30"", ""distance"": ""944米"", ""status"": ""1"", ""last_update_time"": ""1774212708"", ""is_rail_loupan"": ""1"", ""subway_name"": ""4号线"", ""station_name"": ""辽阳东路"", ""distance_raw"": ""944""}, {""id"": ""7316640"", ""loupan_id"": ""410808"", ""station_id"": ""4487"", ""subway_id"": ""126"", ""city_id"": ""30"", ""distance"": ""1433米"", ""status"": ""1"", ""last_update_time"": ""1774212709"", ""is_rail_loupan"": ""1"", ""subway_name"": ""2号线"", ""station_name"": ""苗岭路"", ""distance_raw"": ""1433""}, {""id"": ""7316223"", ""loupan_id"": ""410808"", ""station_id"": ""4379"", ""subway_id"": ""122"", ""city_id"": ""30"", ""distance"": ""1433米"", ""status"": ""1"", ""last_update_time"": ""1774212708"", ""is_rail_loupan"": ""1"", ""subway_name"": ""蓝谷快线"", ""station_name"": ""苗岭路"", ""distance_raw"": ""1433""}]",青岛市崂山区同安路908-1号
7595492,海红树家,青岛,30,崂山区,3643,石老人,3704,青岛崂山区石老人崂山路石老人东1000米,,21591元/㎡,21591元/㎡,首付144万，月供34546元,153-273㎡,18589.4m²,49758.87m²,"[{""id"": 848600, ""rooms"": 3, ""room_alias"": ""三室"", ""area"": 153}, {""id"": 871219, ""rooms"": 4, ""room_alias"": ""四室"", ""area"": 176}, {""id"": 825292, ""rooms"": 4, ""room_alias"": ""四室"", ""area"": 210}, {""id"": 825294, ""rooms"": 4, ""room_alias"": ""四室"", ""area"": 232}, {""id"": 825290, ""rooms"": 4, ""room_alias"": ""四室"", ""area"": 236}, {""id"": 825291, ""rooms"": 4, ""room_alias"": ""四室"", ""area"": 236}, {""id"": 825295, ""rooms"": 4, ""room_alias"": ""四室"", ""area"": 273}, {""id"": 825293, ""rooms"": 5, ""room_alias"": ""五室"", ""area"": 268}]",3/4/5室,"3室户型,4室户型,5室户型",2005-07-04,2023年12月,2005年,2006年,"[""2025-09-26"", ""2025-09-26"", ""2024-07-26"", ""2023-12-20""]","{小高层,花园洋房}",小高层、花园洋房,70年,1.81,35%,181,,在建中，竣工时间：暂无数据,住宅,雅生活服务,6元/㎡/月,,285,,售罄,售罄,售罄,"[""青崂房预字2025第0011号"", ""青崂房预字2025第0010号"", ""青崂房预字2024第0010号"", ""青崂房预字（2023）第0014号""]","[""6#"", ""1#"", ""8#、7#"", ""5#、3#、2#""]",金地,海信地产,,民电,民水,36.104773,120.536445,"{""service_num"": ""4006708287"", ""num"": ""103338""}","{""52"": ""低容积"", ""76"": ""厨卫全明"", ""75"": ""三房朝南"", ""74"": ""南北通透"", ""7"": ""项目在建"", ""72"": ""配套纯熟"", ""70"": ""银行"", ""69"": ""学校"", ""68"": ""医院"", ""66"": ""公园"", ""64"": ""购物中心"", ""78"": ""大户型"", ""402"": ""玄关入户"", ""401"": ""户型方正"", ""397"": ""动静分离"", ""86"": ""全景飘窗"", ""85"": ""主卧套房"", ""83"": ""双阳台"", ""82"": ""双卫生间"", ""636"": ""公办小学"", ""598"": ""民办幼儿园"", ""597"": ""公办幼儿园"", ""263"": ""VR看房"", ""55"": ""小型社区"", ""50"": ""品牌开发商""}","[""低容积"", ""厨卫全明"", ""三房朝南"", ""南北通透"", ""项目在建""]",https://pic4.ajkimg.com/display/xinfang/5c7f4f3979aeaf6653e0240304a5b817/275x206n.jpg,[],崂山路石老人东1000米
1859123,鲁商幸福华庭,青岛,30,市南区,3639,二轻新村,5182,青岛市南区二轻新村南京路137号（南京路与宁夏路交叉路口，中联广场对面）,,9082元/㎡,9082元/㎡,首付30万，月供7167元,80-146㎡,44520m²,317800m²,"[{""id"": 857078, ""rooms"": 2, ""room_alias"": ""二室"", ""area"": 80}, {""id"": 857079, ""rooms"": 2, ""room_alias"": ""二室"", ""area"": 84}, {""id"": 857076, ""rooms"": 2, ""room_alias"": ""二室"", ""area"": 91}, {""id"": 857075, ""rooms"": 2, ""room_alias"": ""二室"", ""area"": 93.87}, {""id"": 857077, ""rooms"": 2, ""room_alias"": ""二室"", ""area"": 97}, {""id"": 857074, ""rooms"": 2, ""room_alias"": ""二室"", ""area"": 103}, {""id"": 857071, ""rooms"": 3, ""room_alias"": ""三室"", ""area"": 126}, {""id"": 857070, ""rooms"": 3, ""room_alias"": ""三室"", ""area"": 128}, {""id"": 857072, ""rooms"": 3, ""room_alias"": ""三室"", ""area"": 128}, {""id"": 857073, ""rooms"": 3, ""room_alias"": ""三室"", ""area"": 129}, {""id"": 857069, ""rooms"": 4, ""room_alias"": ""四室"", ""area"": 146}]",2/3/4室,"2室户型,3室户型,4室户型",2005-08-24,2024年06月20日,2005年,2006年,"[""2024-06-20""]",{},,,,,,,已竣工，竣工时间：2022-06-30,住宅,龙湖智慧服务,,,,,售罄,售罄,售罄,"[""鲁(2022)青岛市不动产权第0026619号""]","[""1#、4#、5#、2#、3#、6#、7#""]",远洋,,,民电,民水,36.090233,120.37646,"""""","{""559"": ""现房"", ""557"": ""项目竣工"", ""9"": ""轨交房"", ""76"": ""厨卫全明"", ""74"": ""南北通透"", ""73"": ""卧室全朝南"", ""10"": ""多轨交"", ""276"": ""一房一价"", ""72"": ""配套纯熟"", ""71"": ""便利店"", ""70"": ""银行"", ""69"": ""学校"", ""68"": ""医院"", ""67"": ""生态绿地"", ""66"": ""公园"", ""65"": ""商业街"", ""64"": ""购物中心"", ""78"": ""大户型"", ""402"": ""玄关入户"", ""401"": ""户型方正"", ""397"": ""动静分离"", ""85"": ""主卧套房"", ""82"": ""双卫生间"", ""638"": ""民办中学"", ""637"": ""公办中学"", ""636"": ""公办小学"", ""635"": ""民办小学"", ""624"": ""九年一贯制"", ""598"": ""民办幼儿园"", ""597"": ""公办幼儿园"", ""263"": ""VR看房"", ""55"": ""小型社区""}","[""现房"", ""项目竣工"", ""轨交房"", ""厨卫全明"", ""南北通透""]",https://pic4.ajkimg.com/display/xinfang/3f90491d0c49ebb53ed3e9f4e8941c5c/275x206n.jpg,"[{""id"": ""7300818"", ""loupan_id"": ""528946"", ""station_id"": ""121168"", ""subway_id"": ""12068"", ""city_id"": ""30"", ""distance"": ""363米"", ""status"": ""1"", ""last_update_time"": ""1774212708"", ""is_rail_loupan"": ""1"", ""subway_name"": ""5号线"", ""station_name"": ""宁夏路"", ""distance_raw"": ""363""}, {""id"": ""7300815"", ""loupan_id"": ""528946"", ""station_id"": ""4370"", ""subway_id"": ""121"", ""city_id"": ""30"", ""distance"": ""365米"", ""status"": ""1"", ""last_update_time"": ""1774212708"", ""is_rail_loupan"": ""1"", ""subway_name"": ""3号线"", ""station_name"": ""宁夏路"", ""distance_raw"": ""365""}, {""id"": ""7300816"", ""loupan_id"": ""528946"", ""station_id"": ""4371"", ""subway_id"": ""121"", ""city_id"": ""30"", ""distance"": ""964米"", ""status"": ""1"", ""last_update_time"": ""1774212708"", ""is_rail_loupan"": ""1"", ""subway_name"": ""3号线"", ""station_name"": ""江西路"", ""distance_raw"": ""964""}, {""id"": ""7300817"", ""loupan_id"": ""528946"", ""station_id"": ""4369"", ""subway_id"": ""121"", ""city_id"": ""30"", ""distance"": ""1031米"", ""status"": ""1"", ""last_update_time"": ""1774212708"", ""is_rail_loupan"": ""1"", ""subway_name"": ""3号线"", ""station_name"": ""敦化路"", ""distance_raw"": ""1031""}, {""id"": ""7300819"", ""loupan_id"": ""528946"", ""station_id"": ""121167"", ""subway_id"": ""12068"", ""city_id"": ""30"", ""distance"": ""1195米"", ""status"": ""1"", ""last_update_time"": ""1774212708"", ""is_rail_loupan"": ""1"", ""subway_name"": ""5号线"", ""station_name"": ""福宁立交"", ""distance_raw"": ""1195""}, {""id"": ""7300814"", ""loupan_id"": ""528946"", ""station_id"": ""121287"", ""subway_id"": ""1044"", ""city_id"": ""30"", ""distance"": ""1318米"", ""status"": ""1"", ""last_update_time"": ""1774212708"", ""is_rail_loupan"": ""1"", ""subway_name"": ""8号线"", ""station_name"": ""澳柯玛桥"", ""distance_raw"": ""1318""}, {""id"": ""7300820"", ""loupan_id"": ""528946"", ""station_id"": ""121169"", ""subway_id"": ""12068"", ""city_id"": ""30"", ""distance"": ""1318米"", ""status"": ""1"", ""last_update_time"": ""1774212708"", ""is_rail_loupan"": ""1"", ""subway_name"": ""5号线"", ""station_name"": ""澳柯玛桥"", ""distance_raw"": ""1318""}]",青岛市南区蓝岸公馆南京路入口前行约20米
1622951,鑫宅二期,青岛,30,李沧区,3642,金水路,5196,青岛李沧区金水路金水路与铜川路交汇处,,,,,201㎡,120000m²,230000m²,"[{""id"": 278536, ""rooms"": 4, ""room_alias"": ""四室"", ""area"": 201}]",别墅,别墅户型,2005-02-12,,2005年,2006年,[],别墅,联排别墅,70年,0.6,35%,232,毛坯,,别墅,世茂服务,5.9元/㎡/月,,232,1：1,售罄,售罄,售罄,"[""青房注字(2017)第110号""]",[],金茂,,,民电,民水,36.19269,120.466655,"""""","{""9"": ""轨交房"", ""72"": ""配套纯熟"", ""71"": ""便利店"", ""68"": ""医院"", ""66"": ""公园"", ""65"": ""商业街"", ""64"": ""购物中心"", ""78"": ""大户型"", ""638"": ""民办中学"", ""637"": ""公办中学"", ""636"": ""公办小学"", ""599"": ""省级示范园"", ""598"": ""民办幼儿园"", ""597"": ""公办幼儿园"", ""55"": ""小型社区""}","[""轨交房"", ""配套纯熟"", ""便利店"", ""医院"", ""公园""]",https://pic4.ajkimg.com/display/xinfang/3cb3acefdabec586d7bedc281063d26b/275x206n.jpg,"[{""id"": ""7314842"", ""loupan_id"": ""427304"", ""station_id"": ""121229"", ""subway_id"": ""126"", ""city_id"": ""30"", ""distance"": ""496米"", ""status"": ""1"", ""last_update_time"": ""1774212706"", ""is_rail_loupan"": ""1"", ""subway_name"": ""2号线"", ""station_name"": ""佛耳崖"", ""distance_raw"": ""496""}, {""id"": ""7314813"", ""loupan_id"": ""427304"", ""station_id"": ""121230"", ""subway_id"": ""126"", ""city_id"": ""30"", ""distance"": ""661米"", ""status"": ""1"", ""last_update_time"": ""1774212706"", ""is_rail_loupan"": ""1"", ""subway_name"": ""2号线"", ""station_name"": ""合川路"", ""distance_raw"": ""661""}]",李沧区金水路与铜川路交汇处
514103,瑞南国新城,青岛,30,崂山区,3643,汽车东站,5200,青岛崂山区汽车东站翠岭路6号,,,,,,13299m²,55325m²,[],,,2005-11-10,,2005年,2006年,[],小高层,,40年,,25%,,带装修,,标准写字楼,旭辉永升,,,,,售罄,售罄,售罄,[],[],保利,,,商电,商水,36.129635,120.438486,"""""","{""29"": ""装修交付"", ""9"": ""轨交房"", ""10"": ""多轨交"", ""71"": ""便利店"", ""70"": ""银行""}","[""装修交付"", ""轨交房"", ""多轨交"", ""便利店"", ""银行""]",https://pic4.ajkimg.com/display/xinfang/aff9f512134cec8ca5c7a1c5ce9c58ff/275x206n.jpg,"[{""id"": ""7315557"", ""loupan_id"": ""413201"", ""station_id"": ""4489"", ""subway_id"": ""126"", ""city_id"": ""30"", ""distance"": ""762米"", ""status"": ""1"", ""last_update_time"": ""1774212707"", ""is_rail_loupan"": ""1"", ""subway_name"": ""2号线"", ""station_name"": ""辽阳东路"", ""distance_raw"": ""762""}, {""id"": ""7315058"", ""loupan_id"": ""413201"", ""station_id"": ""120741"", ""subway_id"": ""12051"", ""city_id"": ""30"", ""distance"": ""773米"", ""status"": ""1"", ""last_update_time"": ""1774212707"", ""is_rail_loupan"": ""1"", ""subway_name"": ""4号线"", ""station_name"": ""辽阳东路"", ""distance_raw"": ""773""}, {""id"": ""7315550"", ""loupan_id"": ""413201"", ""station_id"": ""4488"", ""subway_id"": ""126"", ""city_id"": ""30"", ""distance"": ""774米"", ""status"": ""1"", ""last_update_time"": ""1774212707"", ""is_rail_loupan"": ""1"", ""subway_name"": ""2号线"", ""station_name"": ""同安路"", ""distance_raw"": ""774""}]",翠岭路6号
6141981,东方绿洲丽景,青岛,30,西海岸新区,3646,滨海大道,5211,青岛西海岸新区滨海大道海景路298号,,,,,54-57㎡,54300m²,70600m²,"[{""id"": 392691, ""rooms"": 1, ""room_alias"": ""一室"", ""area"": 53.6}, {""id"": 392702, ""rooms"": 1, ""room_alias"": ""一室"", ""area"": 53.8}, {""id"": 392697, ""rooms"": 1, ""room_alias"": ""一室"", ""area"": 57.26}, {""id"": 392699, ""rooms"": 1, ""room_alias"": ""一室"", ""area"": 57.26}]",1室,商业户型,2005-08-28,2018年08月18日,2005年,2006年,[],{小高层},小高层,40年,1.3,30%,671,带装修,,商业,龙湖智慧服务,5元/㎡/月,,1000,1:1.5,售罄,售罄,售罄,"[""青房注字青黄(2017)第034号"", ""青房注字黄岛(2018)第055""]",[],华侨城,,,商电,商水,35.888428,120.05977,"""""","{""559"": ""现房"", ""56"": ""车位充足"", ""29"": ""装修交付"", ""221"": ""瞰海办公"", ""220"": ""办公首选"", ""213"": ""地铁沿线""}","[""现房"", ""车位充足"", ""装修交付"", ""瞰海办公"", ""办公首选""]",https://pic4.ajkimg.com/display/xinfang/0b71f930c27ee39112d99a41f9a73562/275x206n.jpg,[],青岛市西海岸新区海景路298号
3956779,金汇A区,青岛,30,崂山区,3643,石老人,3704,青岛崂山区石老人秦岭路19号（苗岭路南、秦岭路西),,,,,,63000m²,800000m²,[],,,2005-04-28,,2005年,2006年,[],高层,,40年,,5%,1680,毛坯,,商业,万科物业,5.5元/㎡/月,,1680,1:1,售罄,售罄,售罄,"[""青房注字(崂)2016第008号""]",[],路劲,,,商电,商水,36.121081,120.49443,"""""","{""9"": ""轨交房"", ""10"": ""多轨交"", ""72"": ""配套纯熟"", ""71"": ""便利店"", ""70"": ""银行"", ""68"": ""医院"", ""65"": ""商业街"", ""64"": ""购物中心"", ""54"": ""大型社区""}","[""轨交房"", ""多轨交"", ""配套纯熟"", ""便利店"", ""银行""]",https://pic4.ajkimg.com/display/xinfang/1e13a6761b17db3c1ce077a0d01689a9/275x206n.jpg,"[{""id"": ""7314826"", ""loupan_id"": ""413109"", ""station_id"": ""4379"", ""subway_id"": ""122"", ""city_id"": ""30"", ""distance"": ""370米"", ""status"": ""1"", ""last_update_time"": ""1774212706"", ""is_rail_loupan"": ""1"", ""subway_name"": ""蓝谷快线"", ""station_name"": ""苗岭路"", ""distance_raw"": ""370""}, {""id"": ""7313557"", ""loupan_id"": ""413109"", ""station_id"": ""4487"", ""subway_id"": ""126"", ""city_id"": ""30"", ""distance"": ""370米"", ""status"": ""1"", ""last_update_time"": ""1774212705"", ""is_rail_loupan"": ""1"", ""subway_name"": ""2号线"", ""station_name"": ""苗岭路"", ""distance_raw"": ""370""}, {""id"": ""7314819"", ""loupan_id"": ""413109"", ""station_id"": ""4380"", ""subway_id"": ""122"", ""city_id"": ""30"", ""distance"": ""606米"", ""status"": ""1"", ""last_update_time"": ""1774212706"", ""is_rail_loupan"": ""1"", ""subway_name"": ""蓝谷快线"", ""station_name"": ""会展中心"", ""distance_raw"": ""606""}, {""id"": ""7316795"", ""loupan_id"": ""413109"", ""station_id"": ""121192"", ""subway_id"": ""12068"", ""city_id"": ""30"", ""distance"": ""1239米"", ""status"": ""1"", ""last_update_time"": ""1774212709"", ""is_rail_loupan"": ""1"", ""subway_name"": ""5号线"", ""station_name"": ""云岭路"", ""distance_raw"": ""1239""}, {""id"": ""7316798"", ""loupan_id"": ""413109"", ""station_id"": ""121190"", ""subway_id"": ""12068"", ""city_id"": ""30"", ""distance"": ""1242米"", ""status"": ""1"", ""last_update_time"": ""1774212709"", ""is_rail_loupan"": ""1"", ""subway_name"": ""5号线"", ""station_name"": ""青医附院东院"", ""distance_raw"": ""1242""}, {""id"": ""7316797"", ""loupan_id"": ""413109"", ""station_id"": ""121191"", ""subway_id"": ""12068"", ""city_id"": ""30"", ""distance"": ""1319米"", ""status"": ""1"", ""last_update_time"": ""1774212709"", ""is_rail_loupan"": ""1"", ""subway_name"": ""5号线"", ""station_name"": ""石老人浴场"", ""distance_raw"": ""1319""}, {""id"": ""7313556"", ""loupan_id"": ""413109"", ""station_id"": ""4486"", ""subway_id"": ""126"", ""city_id"": ""30"", ""distance"": ""1374米"", ""status"": ""1"", ""last_update_time"": ""1774212705"", ""is_rail_loupan"": ""1"", ""subway_name"": ""2号线"", ""station_name"": ""石老人浴场"", ""distance_raw"": ""1374""}]",崂山区梅岭东路29号WFC协信中心营销中心
4380203,泰明珠庭,青岛,30,平度市,3649,平度,3722,青岛平度市平度澳门路与重庆路交汇处,,2844元/㎡,2844元/㎡,首付8万，月供2114元,90-138㎡,140000m²,420000m²,"[{""id"": 701671, ""rooms"": 3, ""room_alias"": ""三室"", ""area"": 90}, {""id"": 704333, ""rooms"": 3, ""room_alias"": ""三室"", ""area"": 105}, {""id"": 701670, ""rooms"": 3, ""room_alias"": ""三室"", ""area"": 110}, {""id"": 701667, ""rooms"": 3, ""room_alias"": ""三室"", ""area"": 119}, {""id"": 701678, ""rooms"": 3, ""room_alias"": ""三室"", ""area"": 119}, {""id"": 703979, ""rooms"": 3, ""room_alias"": ""三室"", ""area"": 121}, {""id"": 701672, ""rooms"": 4, ""room_alias"": ""四室"", ""area"": 138}]",3/4室,"3室户型,4室户型",2005-09-12,2022年11月10日,2005年,2006年,"[""2023-03-17"", ""2022-11-10"", ""2022-03-24"", ""2021-06-29"", ""2021-06-29"", ""2021-08-06"", ""2021-08-18"", ""2021-08-24"", ""2021-09-08"", ""2021-11-18"", ""2021-11-10"", ""2021-11-03""]",别墅,小高层、高层,70年,2.2,35%,3000,毛坯,已竣工，竣工时间：2023-11-30,住宅,合景悠活,1.9~2.29元/㎡/月,,3390,,售罄,售罄,售罄,"[""青房注子（平注）第（2023）012号"", ""青房注字（平注）第（2022）054号"", ""青房注字（平注）第（2022）011号"", ""青房注字（平注）第（2021）034号"", ""青房注字（平注）第（2021）041号"", ""青房注字（平注）第（2021）044号"", ""青房注字（平注）第（2021）053号"", ""青房注字（平注）第（2021）058号"", ""青房注字（平注）第（2021）061号"", ""青房注字（平注）第（2021）079号"", ""青房注字（平注）第（2021）076号"", ""青房注字（平注）第（2021）072号""]","[""1#"", ""10#"", ""11#"", ""14#"", ""13#、7#"", ""3#"", ""4#"", ""5#"", ""6#"", ""12#"", ""2#"", ""8#""]",中海,越秀地产,青岛鸿城置业有限公司,民电,民水,36.73616,120.013531,"""""","{""559"": ""现房"", ""557"": ""项目竣工"", ""76"": ""厨卫全明"", ""74"": ""南北通透"", ""73"": ""卧室全朝南"", ""276"": ""一房一价"", ""5"": ""低单价"", ""4"": ""低总价"", ""78"": ""大户型"", ""404"": ""客餐厅相连"", ""403"": ""私密性好"", ""402"": ""玄关入户"", ""401"": ""户型方正"", ""397"": ""动静分离"", ""85"": ""主卧套房"", ""83"": ""双阳台"", ""637"": ""公办中学"", ""636"": ""公办小学"", ""598"": ""民办幼儿园"", ""597"": ""公办幼儿园"", ""263"": ""VR看房"", ""54"": ""大型社区"", ""50"": ""品牌开发商""}","[""现房"", ""项目竣工"", ""厨卫全明"", ""南北通透"", ""卧室全朝南""]",https://pic4.ajkimg.com/display/xinfang/8ef767426dfdb45180ed4ed3be8953ec/275x206n.jpg,[],平度市澳门路与重庆路交汇处南行30米路东
2861847,Oc和平阁,青岛,30,即墨区,3645,鳌山卫,5206,青岛即墨区鳌山卫问海中路288号,,4112元/㎡,4112元/㎡,首付13万，月供3225元,75-153㎡,35877m²,150000m²,"[{""id"": 433420, ""rooms"": 2, ""room_alias"": ""二室"", ""area"": 75}, {""id"": 433421, ""rooms"": 2, ""room_alias"": ""二室"", ""area"": 127}, {""id"": 433423, ""rooms"": 3, ""room_alias"": ""三室"", ""area"": 153}]",2/3室,商业户型,2005-08-18,2019年01月12日,2005年,2006年,"[""2019-01-21"", ""2018-12-27""]",小高层,高层,50年,3.49,25%,1286,"毛坯,带装修",,商业,世茂服务,,,860,1:0.66,售罄,售罄,售罄,"[""即房注字(2018)第110号"", ""即房注字(2018)第097号""]","[""1#、2#""]",融创,,青岛天博数字科技置业有限公司,商电,商水,36.364689,120.657525,"""""","{""559"": ""现房"", ""81"": ""大阳台"", ""29"": ""装修交付"", ""9"": ""轨交房"", ""76"": ""厨卫全明"", ""75"": ""三房朝南"", ""74"": ""南北通透""}","[""现房"", ""大阳台"", ""装修交付"", ""轨交房"", ""厨卫全明""]",https://pic4.ajkimg.com/display/xinfang/4ed8000e6b9f04aeaa96ba5ec43f3d6d/275x206n.jpg,"[{""id"": ""7314489"", ""loupan_id"": ""449972"", ""station_id"": ""4391"", ""subway_id"": ""122"", ""city_id"": ""30"", ""distance"": ""463米"", ""status"": ""1"", ""last_update_time"": ""1774212706"", ""is_rail_loupan"": ""1"", ""subway_name"": ""蓝谷快线"", ""station_name"": ""鳌山卫"", ""distance_raw"": ""463""}]",青岛市即墨区蓝色硅谷滨海大道与问海路交汇处东50米
4455628,锦榭二期,青岛,30,市南区,3639,香港路沿线,3653,青岛市南区香港路沿线宁夏路137号、青牧大厦东侧,,,,,96-124㎡,1897m²,7300m²,"[{""id"": 68969, ""rooms"": 2, ""room_alias"": ""二室"", ""area"": 96}, {""id"": 68968, ""rooms"": 3, ""room_alias"": ""三室"", ""area"": 115}, {""id"": 82773, ""rooms"": 3, ""room_alias"": ""三室"", ""area"": 124}]",2/3室,"2室户型,3室户型",2005-05-26,,2005年,2006年,[],{小高层},小高层,70年,3.9,30%,60,带装修,,住宅,中海物业,2.9元/㎡/月,,60,1:1,售罄,售罄,售罄,[],[],融创,,青岛天泰房地产开发股份有限公司,民电,民水,36.08027,120.373898,"{""service_num"": ""4006708287"", ""num"": """"}","{""29"": ""装修交付"", ""9"": ""轨交房"", ""10"": ""多轨交"", ""72"": ""配套纯熟"", ""71"": ""便利店"", ""70"": ""银行"", ""69"": ""学校"", ""68"": ""医院"", ""66"": ""公园"", ""65"": ""商业街"", ""64"": ""购物中心"", ""78"": ""大户型"", ""638"": ""民办中学"", ""637"": ""公办中学"", ""636"": ""公办小学"", ""635"": ""民办小学"", ""624"": ""九年一贯制"", ""598"": ""民办幼儿园"", ""597"": ""公办幼儿园"", ""55"": ""小型社区""}","[""装修交付"", ""轨交房"", ""多轨交"", ""配套纯熟"", ""便利店""]",https://pic4.ajkimg.com/display/xinfang/bd6fef2795641795d156c5811f8956ef/275x206n.jpg,"[{""id"": ""7314697"", ""loupan_id"": ""242090"", ""station_id"": ""121168"", ""subway_id"": ""12068"", ""city_id"": ""30"", ""distance"": ""278米"", ""status"": ""1"", ""last_update_time"": ""1774212706"", ""is_rail_loupan"": ""1"", ""subway_name"": ""5号线"", ""station_name"": ""宁夏路"", ""distance_raw"": ""278""}, {""id"": ""7313485"", ""loupan_id"": ""242090"", ""station_id"": ""4370"", ""subway_id"": ""121"", ""city_id"": ""30"", ""distance"": ""386米"", ""status"": ""1"", ""last_update_time"": ""1774212705"", ""is_rail_loupan"": ""1"", ""subway_name"": ""3号线"", ""station_name"": ""宁夏路"", ""distance_raw"": ""386""}, {""id"": ""7314695"", ""loupan_id"": ""242090"", ""station_id"": ""121169"", ""subway_id"": ""12068"", ""city_id"": ""30"", ""distance"": ""723米"", ""status"": ""1"", ""last_update_time"": ""1774212706"", ""is_rail_loupan"": ""1"", ""subway_name"": ""5号线"", ""station_name"": ""澳柯玛桥"", ""distance_raw"": ""723""}, {""id"": ""7315179"", ""loupan_id"": ""242090"", ""station_id"": ""121287"", ""subway_id"": ""1044"", ""city_id"": ""30"", ""distance"": ""723米"", ""status"": ""1"", ""last_update_time"": ""1774212707"", ""is_rail_loupan"": ""1"", ""subway_name"": ""8号线"", ""station_name"": ""澳柯玛桥"", ""distance_raw"": ""723""}, {""id"": ""7313308"", ""loupan_id"": ""242090"", ""station_id"": ""4369"", ""subway_id"": ""121"", ""city_id"": ""30"", ""distance"": ""946米"", ""status"": ""1"", ""last_update_time"": ""1774212705"", ""is_rail_loupan"": ""1"", ""subway_name"": ""3号线"", ""station_name"": ""敦化路"", ""distance_raw"": ""946""}, {""id"": ""7313487"", ""loupan_id"": ""242090"", ""station_id"": ""4371"", ""subway_id"": ""121"", ""city_id"": ""30"", ""distance"": ""1309米"", ""status"": ""1"", ""last_update_time"": ""1774212705"", ""is_rail_loupan"": ""1"", ""subway_name"": ""3号线"", ""station_name"": ""江西路"", ""distance_raw"": ""1309""}, {""id"": ""7314721"", ""loupan_id"": ""242090"", ""station_id"": ""121170"", ""subway_id"": ""12068"", ""city_id"": ""30"", ""distance"": ""1346米"", ""status"": ""1"", ""last_update_time"": ""1774212706"", ""is_rail_loupan"": ""1"", ""subway_name"": ""5号线"", ""station_name"": ""镇江路"", ""distance_raw"": ""1346""}]",宁夏路137号
4351481,海梅林苑,青岛,30,莱西市,3648,莱西,3720,青岛莱西市莱西济南路与青岛路交叉口西北角,,3941元/㎡,3941元/㎡,,,46188.65m²,77540m²,[],,,2005-03-17,2019年03月02日,2005年,2006年,[],别墅,,40年,,,680,毛坯,,临街店铺,新城悦服务,3元/㎡/月,,570,,售罄,售罄,售罄,[],[],华侨城,,中合新农超（青岛）市场管理有限公司,商电,商水,0,0,"""""","{""559"": ""现房""}","[""现房""]",https://pic4.ajkimg.com/display/xinfang/a9e1e734ac5184db080d5f495c29cbb1/275x206n.jpg,[],青岛莱西市青岛路与济南路交叉口往西50米路北
6800056,紫荆龙湖府,青岛,30,城阳区,3644,正阳路,3712,青岛城阳区正阳路锦城路357号,,,,,33㎡,20000m²,33493.49m²,"[{""id"": 366954, ""rooms"": 1, ""room_alias"": ""一室"", ""area"": 33}]",1室,商业户型,2005-06-26,2018年07月02日,2005年,2006年,"[""2019-01-09""]",{高层},高层,40年,1.41,15%,800,带装修,,商业,碧桂园服务,4元/㎡/月,,700,1:0.87,售罄,售罄,售罄,"[""青房注字(城17)第35""]",[],金地,,青岛城阳长安房地产开发有限公司,商电,商水,36.296374,120.377123,"""""","{""81"": ""大阳台"", ""29"": ""装修交付"", ""9"": ""轨交房"", ""76"": ""厨卫全明"", ""74"": ""南北通透"", ""72"": ""配套纯熟"", ""71"": ""便利店"", ""70"": ""银行"", ""68"": ""医院"", ""65"": ""商业街"", ""64"": ""购物中心""}","[""大阳台"", ""装修交付"", ""轨交房"", ""厨卫全明"", ""南北通透""]",https://pic4.ajkimg.com/display/xinfang/d546c4324ef0b3ff8837efb053f6db32/275x206n.jpg,"[{""id"": ""7315533"", ""loupan_id"": ""418497"", ""station_id"": ""121197"", ""subway_id"": ""12069"", ""city_id"": ""30"", ""distance"": ""1356米"", ""status"": ""1"", ""last_update_time"": ""1774212707"", ""is_rail_loupan"": ""1"", ""subway_name"": ""9号线"", ""station_name"": ""正阳中路"", ""distance_raw"": ""1356""}, {""id"": ""7315535"", ""loupan_id"": ""418497"", ""station_id"": ""121195"", ""subway_id"": ""12069"", ""city_id"": ""30"", ""distance"": ""1360米"", ""status"": ""1"", ""last_update_time"": ""1774212707"", ""is_rail_loupan"": ""1"", ""subway_name"": ""9号线"", ""station_name"": ""城子"", ""distance_raw"": ""1360""}]",青岛市城阳区锦城路357号
7081580,泰花园二期,青岛,30,西海岸新区,3646,滨海大道,5211,青岛西海岸新区滨海大道寨子山路237号,,4112元/㎡,4112元/㎡,首付25万，月供6092元,105-142㎡,27026m²,66329.8m²,"[{""id"": 497635, ""rooms"": 3, ""room_alias"": ""三室"", ""area"": 105}, {""id"": 497637, ""rooms"": 3, ""room_alias"": ""三室"", ""area"": 118}, {""id"": 497639, ""rooms"": 4, ""room_alias"": ""四室"", ""area"": 142}]",3/4室,"3室户型,4室户型",2005-07-01,2020年03月22日,2005年,2006年,"[""2020-07-09"", ""2020-03-21"", ""2019-12-10"", ""2019-01-22""]","{多层,小高层}",多层、小高层,70年,1.8,35%,264,毛坯,,住宅,招商积余,2.5~3元/㎡/月,,264,1:1,售罄,售罄,售罄,"[""青房注字青黄20第028号"", ""青房注字青黄20第017号"", ""青房注字（青黄19）第234号"", ""青房注字（青黄19）第211号""]","[""4#"", ""2#""]",美的置业,金科地产,青岛悦茂房地产开发有限公司,民电,民水,35.854555,120.002507,"""""","{""559"": ""现房"", ""101"": ""自持物业"", ""52"": ""低容积"", ""151"": ""预约登记"", ""60"": ""海景地产"", ""637"": ""公办中学"", ""636"": ""公办小学"", ""635"": ""民办小学"", ""598"": ""民办幼儿园"", ""597"": ""公办幼儿园"", ""263"": ""VR看房"", ""213"": ""地铁沿线"", ""55"": ""小型社区"", ""50"": ""品牌开发商""}","[""现房"", ""自持物业"", ""低容积"", ""预约登记"", ""海景地产""]",https://pic4.ajkimg.com/display/xinfang/e7ac3c3f7de12dfaef21b968ee7f9b9c/275x206n.jpg,[],青岛市黄岛区碧桂园翡翠台商铺985号
5569579,和时代花苑,青岛,30,平度市,3649,平度,3722,青岛平度市平度厦门路77号,,,,,108-119㎡,34394m²,228757m²,"[{""id"": 146168, ""rooms"": 3, ""room_alias"": ""三室"", ""area"": 108}, {""id"": 345372, ""rooms"": 3, ""room_alias"": ""三室"", ""area"": 108.84}, {""id"": 345373, ""rooms"": 3, ""room_alias"": ""三室"", ""area"": 108.84}, {""id"": 146169, ""rooms"": 3, ""room_alias"": ""三室"", ""area"": 111}, {""id"": 345374, ""rooms"": 3, ""room_alias"": ""三室"", ""area"": 111.84}, {""id"": 345375, ""rooms"": 3, ""room_alias"": ""三室"", ""area"": 111.84}, {""id"": 345377, ""rooms"": 3, ""room_alias"": ""三室"", ""area"": 111.84}, {""id"": 271809, ""rooms"": 3, ""room_alias"": ""三室"", ""area"": 118.14}, {""id"": 345378, ""rooms"": 3, ""room_alias"": ""三室"", ""area"": 118.14}, {""id"": 420448, ""rooms"": 3, ""room_alias"": ""三室"", ""area"": 119.2}]",3室,3室户型,2005-05-13,,2005年,2006年,"[""2013-03-20"", ""2017-11-03"", ""2013-03-20"", ""2018-01-30"", ""2016-12-16"", ""2016-12-16"", ""2016-10-27"", ""2016-10-27"", ""2016-08-15"", ""2016-08-15"", ""2013-05-31"", ""2012-10-30"", ""2012-10-30""]",{小高层},小高层,70年,3,31%,507,毛坯,,住宅,龙湖智慧服务,0.68元/㎡/月,,507,1:1,售罄,售罄,售罄,"[""平房注字(2013)383号952710"", ""平房注字(2017)636"", ""平房注字(2013)383号"", ""平房注字(2018)645"", ""平房注字(2016)578"", ""平房注字(2016)577"", ""平房注字(2016)558"", ""平房注字(2016)557"", ""平房注字(2016)533"", ""平房注字(2016)534"", ""平房注字(2013)382"", ""平房注字(2012)363"", ""平房注字(2012)362""]","[""31# 32#"", ""15# 16# 17# 18# 19# 20#"", ""33#、34#、35#、36#"", ""25#、29#"", ""22#"", ""21#"", ""24# 28#"", ""26#、27#、30#"", ""23#"", ""12# 7# 9#"", ""11# 13# 14#"", ""1# 10# 2# 3# 4# 5# 6# 8#""]",金地,,青岛龙宇房地产开发有限公司,民电,民水,36.775359,119.982735,"""""","{""81"": ""大阳台"", ""75"": ""三房朝南"", ""74"": ""南北通透"", ""72"": ""配套纯熟"", ""71"": ""便利店"", ""70"": ""银行"", ""69"": ""学校"", ""68"": ""医院"", ""66"": ""公园"", ""65"": ""商业街"", ""78"": ""大户型"", ""82"": ""双卫生间"", ""638"": ""民办中学"", ""637"": ""公办中学"", ""636"": ""公办小学"", ""635"": ""民办小学"", ""598"": ""民办幼儿园"", ""597"": ""公办幼儿园""}","[""大阳台"", ""三房朝南"", ""南北通透"", ""配套纯熟"", ""便利店""]",https://pic4.ajkimg.com/display/xinfang/8608c72464f1c9d3e75163751fc3e562/275x206n.jpg,[],平度市北方国贸一层
451267,汀t银河园,青岛,30,市南区,3639,香港路沿线,3653,青岛市南区香港路沿线香港中路93号,,,,,,37513m²,30855m²,[],,,2005-08-03,2018年12月01日,2005年,2006年,[],{},,40年,,25%,,,,购物中心,华润万象生活,2.9元/㎡/月,,784,1:1,售罄,售罄,售罄,[],[],滨江集团,,,商电,商水,36.079814,120.41215,"{""service_num"": ""4006708287"", ""num"": """"}","{""9"": ""轨交房"", ""10"": ""多轨交"", ""72"": ""配套纯熟"", ""70"": ""银行"", ""68"": ""医院"", ""65"": ""商业街"", ""64"": ""购物中心"", ""226"": ""商业街区"", ""218"": ""综合商铺"", ""213"": ""地铁沿线""}","[""轨交房"", ""多轨交"", ""配套纯熟"", ""银行"", ""医院""]",https://pic4.ajkimg.com/display/xinfang/0bd5e61619d4b321286863447d0c79c9/275x206n.jpg,"[{""id"": ""7314574"", ""loupan_id"": ""410806"", ""station_id"": ""4481"", ""subway_id"": ""126"", ""city_id"": ""30"", ""distance"": ""163米"", ""status"": ""1"", ""last_update_time"": ""1774212706"", ""is_rail_loupan"": ""1"", ""subway_name"": ""2号线"", ""station_name"": ""高雄路"", ""distance_raw"": ""163""}, {""id"": ""7314578"", ""loupan_id"": ""410806"", ""station_id"": ""4480"", ""subway_id"": ""126"", ""city_id"": ""30"", ""distance"": ""725米"", ""status"": ""1"", ""last_update_time"": ""1774212706"", ""is_rail_loupan"": ""1"", ""subway_name"": ""2号线"", ""station_name"": ""燕儿岛路"", ""distance_raw"": ""725""}, {""id"": ""7314998"", ""loupan_id"": ""410806"", ""station_id"": ""121166"", ""subway_id"": ""12068"", ""city_id"": ""30"", ""distance"": ""1227米"", ""status"": ""1"", ""last_update_time"": ""1774212707"", ""is_rail_loupan"": ""1"", ""subway_name"": ""5号线"", ""station_name"": ""北山公园"", ""distance_raw"": ""1227""}]",市南区香港中路93号
5661214,绿白鸽新村,青岛,30,西海岸新区,3646,长江路,24950,青岛西海岸新区长江路西海岸新区长江路与武夷山路交汇处路北,,,,,80-180㎡,12205m²,51220.57m²,"[{""id"": 725233, ""rooms"": 2, ""room_alias"": ""二室"", ""area"": 80}, {""id"": 725219, ""rooms"": 3, ""room_alias"": ""三室"", ""area"": 110}, {""id"": 725225, ""rooms"": 3, ""room_alias"": ""三室"", ""area"": 120}, {""id"": 725968, ""rooms"": 3, ""room_alias"": ""三室"", ""area"": 135}, {""id"": 725226, ""rooms"": 3, ""room_alias"": ""三室"", ""area"": 140}, {""id"": 725232, ""rooms"": 5, ""room_alias"": ""五室"", ""area"": 180}]",2/3/5室,"2室户型,3室户型,5室户型",2005-03-07,2021年12月19日,2005年,2006年,"[""2021-12-17""]","{小高层,高层}",小高层、高层,70年,2.8,35%,263,毛坯,在建中，竣工时间：暂无数据,住宅,华润万象生活,,,342,1:1.3,售罄,售罄,售罄,"[""青房注字青黄（2021）第244号""]","[""1#、2#、3#""]",华润,瑞源集团,青岛鲁泽置业集团有限公司,民电,民水,35.965827,120.176984,"""""","{""56"": ""车位充足"", ""9"": ""轨交房"", ""76"": ""厨卫全明"", ""74"": ""南北通透"", ""7"": ""项目在建"", ""10"": ""多轨交"", ""78"": ""大户型"", ""404"": ""客餐厅相连"", ""403"": ""私密性好"", ""402"": ""玄关入户"", ""401"": ""户型方正"", ""85"": ""主卧套房"", ""83"": ""双阳台"", ""638"": ""民办中学"", ""637"": ""公办中学"", ""636"": ""公办小学"", ""598"": ""民办幼儿园"", ""597"": ""公办幼儿园"", ""263"": ""VR看房"", ""55"": ""小型社区"", ""50"": ""品牌开发商""}","[""车位充足"", ""轨交房"", ""厨卫全明"", ""南北通透"", ""项目在建""]",https://pic4.ajkimg.com/display/xinfang/0a6735cde0a4cc6a471cc40290b065c4/275x206n.jpg,"[{""id"": ""7316415"", ""loupan_id"": ""505163"", ""station_id"": ""120312"", ""subway_id"": ""1045"", ""city_id"": ""30"", ""distance"": ""495米"", ""status"": ""1"", ""last_update_time"": ""1774212708"", ""is_rail_loupan"": ""1"", ""subway_name"": ""1号线"", ""station_name"": ""井冈山路"", ""distance_raw"": ""495""}, {""id"": ""7315135"", ""loupan_id"": ""505163"", ""station_id"": ""4403"", ""subway_id"": ""123"", ""city_id"": ""30"", ""distance"": ""580米"", ""status"": ""1"", ""last_update_time"": ""1774212707"", ""is_rail_loupan"": ""1"", ""subway_name"": ""西海岸快线"", ""station_name"": ""井冈山路"", ""distance_raw"": ""580""}, {""id"": ""7316458"", ""loupan_id"": ""505163"", ""station_id"": ""120322"", ""subway_id"": ""1045"", ""city_id"": ""30"", ""distance"": ""801米"", ""status"": ""1"", ""last_update_time"": ""1774212708"", ""is_rail_loupan"": ""1"", ""subway_name"": ""1号线"", ""station_name"": ""丁家河"", ""distance_raw"": ""801""}, {""id"": ""7316388"", ""loupan_id"": ""505163"", ""station_id"": ""120409"", ""subway_id"": ""1045"", ""city_id"": ""30"", ""distance"": ""1321米"", ""status"": ""1"", ""last_update_time"": ""1774212708"", ""is_rail_loupan"": ""1"", ""subway_name"": ""1号线"", ""station_name"": ""太行山路"", ""distance_raw"": ""1321""}, {""id"": ""7315132"", ""loupan_id"": ""505163"", ""station_id"": ""4402"", ""subway_id"": ""123"", ""city_id"": ""30"", ""distance"": ""1403米"", ""status"": ""1"", ""last_update_time"": ""1774212707"", ""is_rail_loupan"": ""1"", ""subway_name"": ""西海岸快线"", ""station_name"": ""香江路"", ""distance_raw"": ""1403""}]",武夷山路格林豪泰酒店北50米
2408104,紫樾紫金岸,青岛,30,崂山区,3643,海尔路,3697,青岛崂山区海尔路劲松六路106号（高职校西侧）,,12338元/㎡,12338元/㎡,首付64万，月供15302元,122-141㎡,40000m²,185000m²,"[{""id"": 585089, ""rooms"": 3, ""room_alias"": ""三室"", ""area"": 122}, {""id"": 585088, ""rooms"": 3, ""room_alias"": ""三室"", ""area"": 130}]",3室,3室户型,2005-07-09,2020年09月02日,2005年,2006年,"[""2023-07-25"", ""2023-06-20"", ""2022-01-06"", ""2020-09-02"", ""2021-06-07""]",{高层},高层,70年,3.26,40%,984,带装修,,住宅,华润万象生活,3.9元/㎡/月,,1570,1:1.5,售罄,售罄,售罄,"[""鲁（2023）青岛市崂山区不动产权第0066165号"", ""鲁（2023）青岛市崂山区不动产权第0062371号"", ""青崂房预字（2021）第0024号"", ""青房注字（崂）2020第022号"", ""青房注字（崂）2021第003号""]","[""9#"", ""3#、4#"", ""1#、2#、5#"", ""7#、8#"", ""6#、10#""]",恒大,,青岛北泰置地有限公司,民电,民水,36.124609,120.446926,"{""service_num"": ""4006708287"", ""num"": ""73410""}","{""81"": ""大阳台"", ""56"": ""车位充足"", ""53"": ""高绿化率"", ""29"": ""装修交付"", ""9"": ""轨交房"", ""76"": ""厨卫全明"", ""74"": ""南北通透"", ""33"": ""智能住宅"", ""32"": ""绿色住宅"", ""78"": ""大户型"", ""402"": ""玄关入户"", ""401"": ""户型方正"", ""85"": ""主卧套房"", ""92"": ""热搜盘"", ""638"": ""民办中学"", ""637"": ""公办中学"", ""636"": ""公办小学"", ""635"": ""民办小学"", ""624"": ""九年一贯制"", ""599"": ""省级示范园"", ""598"": ""民办幼儿园"", ""597"": ""公办幼儿园"", ""540"": ""日照模拟"", ""263"": ""VR看房""}","[""大阳台"", ""车位充足"", ""高绿化率"", ""装修交付"", ""轨交房""]",https://pic4.ajkimg.com/display/xinfang/7fea2e478d40899dae2a1ebeb90c6a24/275x206n.jpg,"[{""id"": ""7273572"", ""loupan_id"": ""478807"", ""station_id"": ""121186"", ""subway_id"": ""12068"", ""city_id"": ""30"", ""distance"": ""663米"", ""status"": ""1"", ""last_update_time"": ""1774212705"", ""is_rail_loupan"": ""1"", ""subway_name"": ""5号线"", ""station_name"": ""滁州路"", ""distance_raw"": ""663""}, {""id"": ""7273573"", ""loupan_id"": ""478807"", ""station_id"": ""121187"", ""subway_id"": ""12068"", ""city_id"": ""30"", ""distance"": ""993米"", ""status"": ""1"", ""last_update_time"": ""1774212705"", ""is_rail_loupan"": ""1"", ""subway_name"": ""5号线"", ""station_name"": ""合肥路"", ""distance_raw"": ""993""}]",紫樾尚府接待中心（临）崂山区白金广场南门
7534340,华景二期,青岛,30,城阳区,3644,流亭,3709,青岛城阳区流亭弘通星座南（城阳区实验二小附近）,,,,,86-143㎡,别墅：21000m² 住宅：21000m²,别墅：40339m² 住宅：40339m²,"[{""id"": 51096, ""rooms"": 2, ""room_alias"": ""二室"", ""area"": 86}, {""id"": 51100, ""rooms"": 2, ""room_alias"": ""二室"", ""area"": 88}, {""id"": 43245, ""rooms"": 3, ""room_alias"": ""三室"", ""area"": 93}, {""id"": 51101, ""rooms"": 3, ""room_alias"": ""三室"", ""area"": 100}, {""id"": 51102, ""rooms"": 3, ""room_alias"": ""三室"", ""area"": 110}, {""id"": 51103, ""rooms"": 3, ""room_alias"": ""三室"", ""area"": 118}, {""id"": 51104, ""rooms"": 5, ""room_alias"": ""五室"", ""area"": 143}]",2/3/5室,"2室户型,3室户型,5室户型",2005-02-13,,2005年,2006年,[],"{多层,小高层}",住宅：多层、小高层,别墅：70年 住宅：70年,住宅：1,别墅：40% 住宅：40%,别墅：152 住宅：152,别墅：毛坯 住宅：毛坯,,别墅,龙湖智慧服务,住宅：1.2~1.6元/㎡/月,,别墅：150 住宅：150,别墅：1:1 住宅：1:1,售罄,售罄,售罄,[],[],正荣,,青岛弘通房地产开发有限公司,别墅：民电,别墅：民水,36.303743,120.436256,"{""service_num"": ""4006708287"", ""num"": """"}","{""9"": ""轨交房"", ""10"": ""多轨交"", ""72"": ""配套纯熟"", ""71"": ""便利店"", ""70"": ""银行"", ""69"": ""学校"", ""68"": ""医院"", ""66"": ""公园"", ""65"": ""商业街"", ""64"": ""购物中心"", ""78"": ""大户型"", ""637"": ""公办中学"", ""636"": ""公办小学"", ""635"": ""民办小学"", ""598"": ""民办幼儿园"", ""597"": ""公办幼儿园"", ""55"": ""小型社区""}","[""轨交房"", ""多轨交"", ""配套纯熟"", ""便利店"", ""银行""]",https://pic4.ajkimg.com/display/xinfang/fabe2e71d0c932c783439a57f8f7ed0d/275x206n.jpg,"[{""id"": ""7316602"", ""loupan_id"": ""241705"", ""station_id"": ""121217"", ""subway_id"": ""12070"", ""city_id"": ""30"", ""distance"": ""922米"", ""status"": ""1"", ""last_update_time"": ""1774212709"", ""is_rail_loupan"": ""1"", ""subway_name"": ""15号线"", ""station_name"": ""虹子河"", ""distance_raw"": ""922""}, {""id"": ""7316601"", ""loupan_id"": ""241705"", ""station_id"": ""121216"", ""subway_id"": ""12070"", ""city_id"": ""30"", ""distance"": ""1007米"", ""status"": ""1"", ""last_update_time"": ""1774212709"", ""is_rail_loupan"": ""1"", ""subway_name"": ""15号线"", ""station_name"": ""靖城路"", ""distance_raw"": ""1007""}, {""id"": ""7313312"", ""loupan_id"": ""241705"", ""station_id"": ""121199"", ""subway_id"": ""12069"", ""city_id"": ""30"", ""distance"": ""1312米"", ""status"": ""1"", ""last_update_time"": ""1774212705"", ""is_rail_loupan"": ""1"", ""subway_name"": ""9号线"", ""station_name"": ""靖城路"", ""distance_raw"": ""1312""}]",青岛市国城路与春阳路交汇处
5606002,博水岸筑,青岛,30,平度市,3649,平度,3722,青岛平度市平度红旗路23号，现河与红旗路交汇处（公园与植物园前）,,,,,61-173㎡,11239m²,37755m²,"[{""id"": 45244, ""rooms"": 1, ""room_alias"": ""一室"", ""area"": 61}, {""id"": 45240, ""rooms"": 3, ""room_alias"": ""三室"", ""area"": 134}, {""id"": 45239, ""rooms"": 3, ""room_alias"": ""三室"", ""area"": 144}, {""id"": 45235, ""rooms"": 3, ""room_alias"": ""三室"", ""area"": 162}, {""id"": 45243, ""rooms"": 4, ""room_alias"": ""四室"", ""area"": 173}]",1/3/4室,"1室户型,3室户型,4室户型",2005-03-09,,2005年,2006年,[],超高层,高层,70年,3,36%,153,"毛坯,带装修",,住宅,碧桂园服务,1元/㎡/月,,120,,售罄,售罄,售罄,"[""平房注字(2013)378"", ""平房注字(2011)329""]",[],华润,,鼎峰地产,民电,民水,36.811991,119.988447,"""""","{""53"": ""高绿化率"", ""29"": ""装修交付"", ""72"": ""配套纯熟"", ""71"": ""便利店"", ""70"": ""银行"", ""69"": ""学校"", ""68"": ""医院"", ""66"": ""公园"", ""65"": ""商业街"", ""64"": ""购物中心"", ""79"": ""小户型"", ""78"": ""大户型"", ""638"": ""民办中学"", ""637"": ""公办中学"", ""636"": ""公办小学"", ""635"": ""民办小学"", ""598"": ""民办幼儿园"", ""597"": ""公办幼儿园"", ""55"": ""小型社区""}","[""高绿化率"", ""装修交付"", ""配套纯熟"", ""便利店"", ""银行""]",https://pic4.ajkimg.com/display/xinfang/de0a7577a0f8ab5ba14a3aea181b24d5/275x206n.jpg,[],平度市红旗路23号鼎峰金融大厦一层
7479146,梦想玉兰怡园,青岛,30,莱西市,3648,莱西,3720,青岛莱西市莱西青岛南路66号,,2124元/㎡,2124元/㎡,首付7万，月供1756元,89-135㎡,住宅：2866681m² 别墅：2866681m²,住宅：4000000m² 别墅：4000000m²,"[{""id"": 754318, ""rooms"": 3, ""room_alias"": ""三室"", ""area"": 89}, {""id"": 140505, ""rooms"": 3, ""room_alias"": ""三室"", ""area"": 91}, {""id"": 140511, ""rooms"": 3, ""room_alias"": ""三室"", ""area"": 93}, {""id"": 345341, ""rooms"": 3, ""room_alias"": ""三室"", ""area"": 93}, {""id"": 432673, ""rooms"": 3, ""room_alias"": ""三室"", ""area"": 95}, {""id"": 391001, ""rooms"": 3, ""room_alias"": ""三室"", ""area"": 98}, {""id"": 345342, ""rooms"": 3, ""room_alias"": ""三室"", ""area"": 104}, {""id"": 754315, ""rooms"": 3, ""room_alias"": ""三室"", ""area"": 105}, {""id"": 345343, ""rooms"": 3, ""room_alias"": ""三室"", ""area"": 107}, {""id"": 754319, ""rooms"": 3, ""room_alias"": ""三室"", ""area"": 109}, {""id"": 345344, ""rooms"": 3, ""room_alias"": ""三室"", ""area"": 112}, {""id"": 432672, ""rooms"": 3, ""room_alias"": ""三室"", ""area"": 116}, {""id"": 345346, ""rooms"": 3, ""room_alias"": ""三室"", ""area"": 117}, {""id"": 345347, ""rooms"": 3, ""room_alias"": ""三室"", ""area"": 119}, {""id"": 432670, ""rooms"": 3, ""room_alias"": ""三室"", ""area"": 125}, {""id"": 754322, ""rooms"": 4, ""room_alias"": ""四室"", ""area"": 135}]",3/4室,"3室户型,4室户型",2005-04-23,2022年12月29日,2005年,2006年,"[""2022-12-29"", ""2022-11-09"", ""2021-07-27"", ""2021-11-26"", ""2020-12-03"", ""2020-11-15"", ""2020-11-15"", ""2020-10-01"", ""2021-11-19"", ""2019-07-12"", ""2021-05-28"", ""2021-05-06"", ""2017-08-05"", ""2019-07-12"", ""2019-01-07"", ""2018-08-06""]","{多层,小高层,高层,花园洋房}",住宅：多层、小高层、高层、花园洋房 别墅：联排别墅、叠加别墅,住宅：70年 别墅：70年,住宅：1.2,住宅：38% 别墅：38%,住宅：30000 别墅：30000,住宅：毛坯 别墅：毛坯,在建中，竣工时间：2024-06-30,住宅,保利物业,住宅：1.8元/㎡/月 别墅：2元/㎡/月,,住宅：1614 别墅：1614,住宅：1:0.1 别墅：1:0.1,售罄,售罄,售罄,"[""西房注字（2022）039"", ""西房注字（2022）029"", ""西房注字（2021）036"", ""西房注字（2021）064"", ""西房注字（2020）062"", ""西房注字（2020）059"", ""西房注字（2020）058"", ""西房注字（2020）053"", ""西房注字（2021）061"", ""西房注字（2019）025"", ""西房注字（2021）024"", ""西房注字（2021）021"", ""西房注字(2017)020"", ""西房注字（2019）026"", ""西房注字（2018）060"", ""西房注字(2018)034""]","[""御园12#、御园4#"", ""11#、御园1#、御园3#、御园9#"", ""2#、10#"", ""42#"", ""24#"", ""19#、20#"", ""9#"", ""44#、38#"", ""27#、33#、39#、45#"", ""1#、7#"", ""5#、13#"", ""26#"", ""15#"", ""29#、35#、41#"", ""28#、34#、40#"", ""30#、36#""]",大华,,上海鸿升旅业,住宅：民电,住宅：民水,36.84926,120.530844,"""""","{""559"": ""现房"", ""81"": ""大阳台"", ""53"": ""高绿化率"", ""52"": ""低容积"", ""76"": ""厨卫全明"", ""75"": ""三房朝南"", ""74"": ""南北通透"", ""73"": ""卧室全朝南"", ""7"": ""项目在建"", ""276"": ""一房一价"", ""72"": ""配套纯熟"", ""69"": ""学校"", ""68"": ""医院"", ""66"": ""公园"", ""65"": ""商业街"", ""78"": ""大户型"", ""404"": ""客餐厅相连"", ""402"": ""玄关入户"", ""401"": ""户型方正"", ""397"": ""动静分离"", ""85"": ""主卧套房"", ""82"": ""双卫生间"", ""637"": ""公办中学"", ""636"": ""公办小学"", ""598"": ""民办幼儿园"", ""597"": ""公办幼儿园"", ""263"": ""VR看房"", ""54"": ""大型社区""}","[""现房"", ""大阳台"", ""高绿化率"", ""低容积"", ""厨卫全明""]",https://pic4.ajkimg.com/display/xinfang/591780c0d4fc73dcf683763b226b2811/275x206n.jpg,[],青岛市莱西市青岛南路66号
5270436,雅岸,青岛,30,西海岸新区,3646,滨海大道,5211,青岛西海岸新区滨海大道镜台路与东岳中路交汇处,,9253元/㎡,9253元/㎡,首付10万，月供2509元,40-140㎡,92338m²,265581m²,[],,,2005-03-17,2020年07月31日,2005年,2006年,[],{},,40年,,30%,97,,,临街店铺,金地智慧服务,5元/㎡/月,,,,售罄,售罄,售罄,[],[],龙湖,保利集团,,商电,商水,35.892624,120.065243,"{""service_num"": ""4006708287"", ""num"": ""71596""}","{""9"": ""轨交房"", ""10"": ""多轨交"", ""4"": ""低总价"", ""55"": ""小型社区"", ""50"": ""品牌开发商""}","[""轨交房"", ""多轨交"", ""低总价"", ""小型社区"", ""品牌开发商""]",https://pic4.ajkimg.com/display/xinfang/da73ab8746d0c0a08b98c56d2927487c/275x206n.jpg,"[{""id"": ""7247834"", ""loupan_id"": ""496242"", ""station_id"": ""4409"", ""subway_id"": ""123"", ""city_id"": ""30"", ""distance"": ""524米"", ""status"": ""1"", ""last_update_time"": ""1774212707"", ""is_rail_loupan"": ""1"", ""subway_name"": ""西海岸快线"", ""station_name"": ""两河"", ""distance_raw"": ""524""}, {""id"": ""7275212"", ""loupan_id"": ""496242"", ""station_id"": ""121246"", ""subway_id"": ""12071"", ""city_id"": ""30"", ""distance"": ""1466米"", ""status"": ""1"", ""last_update_time"": ""1774212708"", ""is_rail_loupan"": ""1"", ""subway_name"": ""6号线"", ""station_name"": ""灵山湾"", ""distance_raw"": ""1466""}]",青岛市黄岛区东岳路与镜台路交汇处
5485475,凤绿洲花苑,青岛,30,城阳区,3644,白沙湾,5204,青岛城阳区白沙湾双元路16号,,,,,120-140㎡,220000m²,420000m²,"[{""id"": 253186, ""rooms"": 3, ""room_alias"": ""三室"", ""area"": 120}, {""id"": 253184, ""rooms"": 4, ""room_alias"": ""四室"", ""area"": 140}, {""id"": 253185, ""rooms"": 4, ""room_alias"": ""四室"", ""area"": 140}]",3/4室,"3室户型,4室户型",2005-07-22,,2005年,2006年,[],{高层},高层,70年,1.2,35%,634,毛坯,,住宅,保利物业,2.9~5.5元/㎡/月,,1600,1:2.5,售罄,售罄,售罄,"[""青房注字(城15)第36"", ""青房注字(城17)第26"", ""青房注字(城17)第27"", ""青房注字(城17)第43号""]",[],绿城,,青岛龙湖置业拓展有限公司,民电,民水,36.246335,120.347049,"""""","{""56"": ""车位充足"", ""52"": ""低容积"", ""72"": ""配套纯熟"", ""70"": ""银行"", ""69"": ""学校"", ""68"": ""医院"", ""66"": ""公园"", ""65"": ""商业街"", ""64"": ""购物中心"", ""78"": ""大户型"", ""638"": ""民办中学"", ""637"": ""公办中学"", ""636"": ""公办小学"", ""624"": ""九年一贯制"", ""598"": ""民办幼儿园"", ""597"": ""公办幼儿园""}","[""车位充足"", ""低容积"", ""配套纯熟"", ""银行"", ""学校""]",https://pic4.ajkimg.com/display/xinfang/fb2eb4e9516d01a662d37dd44058a929/275x206n.jpg,[],双元路16号河滨公园会所
8373774,颐山白鸽墅,青岛,30,崂山区,3643,高科园,3696,青岛崂山区高科园青大三路9号,,,,,393-414㎡,90607m²,150599m²,"[{""id"": 72776, ""rooms"": 4, ""room_alias"": ""四室"", ""area"": 393}, {""id"": 72777, ""rooms"": 4, ""room_alias"": ""四室"", ""area"": 393}, {""id"": 72778, ""rooms"": 4, ""room_alias"": ""四室"", ""area"": 414}]",别墅,别墅户型,2005-04-21,,2005年,2006年,"[""2017-05-05"", ""2017-05-05"", ""2017-03-20"", ""2017-03-10""]",超高层,独栋别墅,70年,1,65%,251,"毛坯,带装修",,别墅,合景悠活,7.2元/㎡/月,,283,1:1.13,售罄,售罄,售罄,"[""青房注字(崂)2013第010号"", ""青房注字(崂)2013第016号"", ""青房注字(崂)2013第019号"", ""青房注字(崂)2012第018号""]","[""32#、33#、35#、36#、39#、40#、42#"", ""28#、29#、30#、31#、34#、37#、38#、41#、43#"", ""6#、12#、13#、15#、16#、20#、21#、22#、23#、24#、25#、26#、27#"", ""3#、4#、5#、7#、8#、9#、10#、11#、17#、18#、19#""]",招商蛇口,,青啤地产,民电,民水,36.087428,120.461545,"{""service_num"": ""4006708287"", ""num"": """"}","{""56"": ""车位充足"", ""53"": ""高绿化率"", ""29"": ""装修交付"", ""9"": ""轨交房"", ""76"": ""厨卫全明"", ""74"": ""南北通透"", ""63"": ""旅游地产"", ""72"": ""配套纯熟"", ""71"": ""便利店"", ""70"": ""银行"", ""69"": ""学校"", ""68"": ""医院"", ""66"": ""公园"", ""65"": ""商业街"", ""64"": ""购物中心"", ""78"": ""大户型"", ""85"": ""主卧套房"", ""83"": ""双阳台"", ""638"": ""民办中学"", ""637"": ""公办中学"", ""636"": ""公办小学"", ""635"": ""民办小学"", ""598"": ""民办幼儿园"", ""597"": ""公办幼儿园"", ""55"": ""小型社区""}","[""车位充足"", ""高绿化率"", ""装修交付"", ""轨交房"", ""厨卫全明""]",https://pic4.ajkimg.com/display/xinfang/09d35c2998a9a78289b18f44a673218a/275x206n.jpg,"[{""id"": ""7313961"", ""loupan_id"": ""241986"", ""station_id"": ""4483"", ""subway_id"": ""126"", ""city_id"": ""30"", ""distance"": ""919米"", ""status"": ""1"", ""last_update_time"": ""1774212705"", ""is_rail_loupan"": ""1"", ""subway_name"": ""2号线"", ""station_name"": ""海游路"", ""distance_raw"": ""919""}, {""id"": ""7313920"", ""loupan_id"": ""241986"", ""station_id"": ""4484"", ""subway_id"": ""126"", ""city_id"": ""30"", ""distance"": ""975米"", ""status"": ""1"", ""last_update_time"": ""1774212705"", ""is_rail_loupan"": ""1"", ""subway_name"": ""2号线"", ""station_name"": ""海川路"", ""distance_raw"": ""975""}]",青大三路项目处
5546867,绿名城,青岛,30,崂山区,3643,汽车东站,5200,青岛崂山区汽车东站新利路2号,,,,,,90755m²,30917m²,[],,,2005-01-01,,2005年,2006年,[],{},,40年,,,,,,标准写字楼,合景悠活,,,,,售罄,售罄,售罄,[],[],龙湖,,,商电,商水,36.153279,120.471482,"{""service_num"": ""4006708287"", ""num"": """"}","{""9"": ""轨交房"", ""10"": ""多轨交"", ""71"": ""便利店"", ""70"": ""银行""}","[""轨交房"", ""多轨交"", ""便利店"", ""银行""]",https://pic4.ajkimg.com/display/xinfang/080c99c9de90fd13693c74f21447d699/275x206n.jpg,"[{""id"": ""7315746"", ""loupan_id"": ""413118"", ""station_id"": ""4384"", ""subway_id"": ""122"", ""city_id"": ""30"", ""distance"": ""781米"", ""status"": ""1"", ""last_update_time"": ""1774212708"", ""is_rail_loupan"": ""1"", ""subway_name"": ""蓝谷快线"", ""station_name"": ""枯桃"", ""distance_raw"": ""781""}, {""id"": ""7315000"", ""loupan_id"": ""413118"", ""station_id"": ""120736"", ""subway_id"": ""12051"", ""city_id"": ""30"", ""distance"": ""835米"", ""status"": ""1"", ""last_update_time"": ""1774212707"", ""is_rail_loupan"": ""1"", ""subway_name"": ""4号线"", ""station_name"": ""张村"", ""distance_raw"": ""835""}, {""id"": ""7315748"", ""loupan_id"": ""413118"", ""station_id"": ""4383"", ""subway_id"": ""122"", ""city_id"": ""30"", ""distance"": ""950米"", ""status"": ""1"", ""last_update_time"": ""1774212708"", ""is_rail_loupan"": ""1"", ""subway_name"": ""蓝谷快线"", ""station_name"": ""张村"", ""distance_raw"": ""950""}]",青岛崂山区株洲路以南、软件园二路以北（滨海大道旁）
2598934,悦春天小区,青岛,30,黄岛区,4516,其他,10172,青岛黄岛区其他黄岛江山南路210号,,,,,95-235㎡,51441m²,150000m²,"[{""id"": 143446, ""rooms"": 2, ""room_alias"": ""二室"", ""area"": 95}, {""id"": 143440, ""rooms"": 3, ""room_alias"": ""三室"", ""area"": 235}]",2/3室,"2室户型,3室户型",2005-10-19,,2005年,2006年,[],{高层},高层,70年,2.4,35%,569,毛坯,,住宅,雅生活服务,,,500,,售罄,售罄,售罄,[],[],禹洲,,,民电,民水,35.970571,120.164004,"{""service_num"": ""4006708287"", ""num"": """"}","{""9"": ""轨交房"", ""72"": ""配套纯熟"", ""71"": ""便利店"", ""70"": ""银行"", ""69"": ""学校"", ""68"": ""医院"", ""65"": ""商业街"", ""64"": ""购物中心"", ""78"": ""大户型"", ""638"": ""民办中学"", ""637"": ""公办中学"", ""636"": ""公办小学"", ""635"": ""民办小学"", ""598"": ""民办幼儿园"", ""597"": ""公办幼儿园""}","[""轨交房"", ""配套纯熟"", ""便利店"", ""银行"", ""学校""]",https://pic4.ajkimg.com/display/xinfang/d535c338e5d175d05f76a38f202505c9/275x206n.jpg,"[{""id"": ""7314336"", ""loupan_id"": ""383720"", ""station_id"": ""121255"", ""subway_id"": ""12071"", ""city_id"": ""30"", ""distance"": ""379米"", ""status"": ""1"", ""last_update_time"": ""1774212706"", ""is_rail_loupan"": ""1"", ""subway_name"": ""6号线"", ""station_name"": ""九顶山"", ""distance_raw"": ""379""}]",黄岛江山南路210号
5315604,海尔翠竹榭,青岛,30,崂山区,3643,海尔路,3697,青岛崂山区海尔路辽阳东路77号,,,,,129-154㎡,31028m²,80622m²,"[{""id"": 176153, ""rooms"": 3, ""room_alias"": ""三室"", ""area"": 129.04}, {""id"": 176144, ""rooms"": 3, ""room_alias"": ""三室"", ""area"": 130.28}, {""id"": 176269, ""rooms"": 3, ""room_alias"": ""三室"", ""area"": 138.13}, {""id"": 176271, ""rooms"": 3, ""room_alias"": ""三室"", ""area"": 138.36}, {""id"": 176279, ""rooms"": 4, ""room_alias"": ""四室"", ""area"": 142}, {""id"": 176281, ""rooms"": 4, ""room_alias"": ""四室"", ""area"": 153.67}]",3/4室,"3室户型,4室户型",2005-06-15,,2005年,2006年,[],{小高层},小高层,70年,2,40%,340,毛坯,,住宅,碧桂园服务,2.5元/㎡/月,,452,1:0.8,售罄,售罄,售罄,"[""青房注字(崂)2016第020号"", ""青房注字(崂)2016第017号"", ""青房注字(崂)2016第014号"", ""青房注字(崂)2016第011号""]",[],万科,,,民电,民水,36.144197,120.478219,"{""service_num"": ""4006708287"", ""num"": """"}","{""53"": ""高绿化率"", ""9"": ""轨交房"", ""71"": ""便利店"", ""70"": ""银行"", ""69"": ""学校"", ""78"": ""大户型"", ""637"": ""公办中学"", ""636"": ""公办小学"", ""598"": ""民办幼儿园"", ""597"": ""公办幼儿园""}","[""高绿化率"", ""轨交房"", ""便利店"", ""银行"", ""学校""]",https://pic4.ajkimg.com/display/xinfang/324002b4be27b6d9244bbb5e3416e9cb/275x206n.jpg,"[{""id"": ""7313450"", ""loupan_id"": ""411059"", ""station_id"": ""4382"", ""subway_id"": ""122"", ""city_id"": ""30"", ""distance"": ""780米"", ""status"": ""1"", ""last_update_time"": ""1774212705"", ""is_rail_loupan"": ""1"", ""subway_name"": ""蓝谷快线"", ""station_name"": ""青岛科大"", ""distance_raw"": ""780""}]",崂山区海口路277号
9211788,世豪庭A区,青岛,30,莱西市,3648,莱西,3720,青岛莱西市莱西上海西路32号,,1885元/㎡,1885元/㎡,首付7万，月供1863元,95-124㎡,60000m²,100000m²,"[{""id"": 604830, ""rooms"": 3, ""room_alias"": ""三室"", ""area"": 95}, {""id"": 604826, ""rooms"": 3, ""room_alias"": ""三室"", ""area"": 119}, {""id"": 604831, ""rooms"": 3, ""room_alias"": ""三室"", ""area"": 124}]",3室,3室户型,2005-04-27,2022年11月07日,2005年,2006年,"[""2022-11-07"", ""2022-05-12"", ""2021-10-19"", ""2021-05-14"", ""2021-04-08""]",{小高层},小高层,70年,1.8,30%,892,毛坯,在建中，竣工时间：2022-12-31,住宅,雅生活服务,1.9元/㎡/月,,1000,,售罄,售罄,售罄,"[""西房注字（2022）027"", ""西房注字（2022）004"", ""西房注字（2021）048"", ""西房注字（2021）022"", ""西房注字（2021）012""]","[""1#"", ""2#"", ""16#、20#"", ""10#、13#"", ""17#、21#""]",象屿,新城控股,新城控股,民电,民水,36.867079,120.483189,"""""","{""559"": ""现房"", ""52"": ""低容积"", ""76"": ""厨卫全明"", ""74"": ""南北通透"", ""73"": ""卧室全朝南"", ""7"": ""项目在建"", ""78"": ""大户型"", ""404"": ""客餐厅相连"", ""402"": ""玄关入户"", ""401"": ""户型方正"", ""397"": ""动静分离"", ""85"": ""主卧套房"", ""83"": ""双阳台"", ""638"": ""民办中学"", ""637"": ""公办中学"", ""636"": ""公办小学"", ""598"": ""民办幼儿园"", ""597"": ""公办幼儿园"", ""263"": ""VR看房"", ""50"": ""品牌开发商""}","[""现房"", ""低容积"", ""厨卫全明"", ""南北通透"", ""卧室全朝南""]",https://pic4.ajkimg.com/display/xinfang/879277df28b72152bbd3d4c00fa72d3c/275x206n.jpg,[],青岛市莱西市上海西路32号
1346611,龙云天嘉园,青岛,30,李沧区,3642,金水路,5196,青岛李沧区金水路黑龙江中路568号,,,,,87-233㎡,住宅：1544000m² 别墅：1544000m²,住宅：2300000m² 别墅：2300000m²,"[{""id"": 639096, ""rooms"": 2, ""room_alias"": ""二室"", ""area"": 87}, {""id"": 634369, ""rooms"": 3, ""room_alias"": ""三室"", ""area"": 95}, {""id"": 267213, ""rooms"": 3, ""room_alias"": ""三室"", ""area"": 105}, {""id"": 267215, ""rooms"": 3, ""room_alias"": ""三室"", ""area"": 115}, {""id"": 471164, ""rooms"": 3, ""room_alias"": ""三室"", ""area"": 115}, {""id"": 267217, ""rooms"": 3, ""room_alias"": ""三室"", ""area"": 130}, {""id"": 267218, ""rooms"": 3, ""room_alias"": ""三室"", ""area"": 139}, {""id"": 471158, ""rooms"": 3, ""room_alias"": ""三室"", ""area"": 140}, {""id"": 471159, ""rooms"": 3, ""room_alias"": ""三室"", ""area"": 141}, {""id"": 471160, ""rooms"": 3, ""room_alias"": ""三室"", ""area"": 143}, {""id"": 471162, ""rooms"": 3, ""room_alias"": ""三室"", ""area"": 145}, {""id"": 208331, ""rooms"": 3, ""room_alias"": ""三室"", ""area"": 156}, {""id"": 634368, ""rooms"": 4, ""room_alias"": ""四室"", ""area"": 136}, {""id"": 267221, ""rooms"": 4, ""room_alias"": ""四室"", ""area"": 160}, {""id"": 471157, ""rooms"": 4, ""room_alias"": ""四室"", ""area"": 164}, {""id"": 263449, ""rooms"": 5, ""room_alias"": ""五室"", ""area"": 233}, {""id"": 263451, ""rooms"": 5, ""room_alias"": ""五室"", ""area"": 233}]",2/3/4室、别墅,"2室户型,3室户型,4室户型,别墅户型",2005-02-28,2021年08月,2005年,2006年,"[""2020-12-31"", ""2019-03-26"", ""2018-05-09"", ""2018-04-12"", ""2018-03-30"", ""2017-12-20"", ""2017-11-08"", ""2017-10-13"", ""2017-03-20"", ""2014-06-05"", ""2014-06-05"", ""2013-12-06"", ""2013-11-01""]",超高层,住宅：多层、小高层、高层、花园洋房 别墅：叠加别墅,住宅：70年 别墅：40年,住宅：1.8 别墅：1.6,住宅：38% 别墅：38%,住宅：1614 别墅：1614,住宅：带装修 别墅：带装修,,住宅,保利物业,住宅：2.2元/㎡/月 别墅：2.2元/㎡/月,,住宅：1736 别墅：1736,住宅：1:1.08 别墅：1:1.08,售罄,售罄,售罄,"[""青房注字(2020)第096号"", ""青房注字(2019)第031号"", ""青房注字(2018)第030号"", ""青房注字（2018）第024号"", ""青房注字（2018）第006号"", ""青房注字(2017)第049号"", ""青房注字(2017)第105号"", ""青房注字(2017)第084号"", ""鲁（2016)青岛市不动产权第0090514号"", ""青房注字(2014)第015号"", ""青房注字(2014)第039号"", ""青房注字（2013）第112号"", ""青房注字（2013）第095号"", ""青房注字(2015)第114号"", ""青房注字(2017)第076号"", ""青房注字(2017)第048号""]","[""22#""]",禹洲,融创中国,融创(青岛)置地有限公司,住宅：民电,住宅：民水,36.181022,120.428445,"""""","{""56"": ""车位充足"", ""53"": ""高绿化率"", ""52"": ""低容积"", ""29"": ""装修交付"", ""9"": ""轨交房"", ""72"": ""配套纯熟"", ""71"": ""便利店"", ""70"": ""银行"", ""69"": ""学校"", ""68"": ""医院"", ""66"": ""公园"", ""65"": ""商业街"", ""404"": ""客餐厅相连"", ""637"": ""公办中学"", ""636"": ""公办小学"", ""635"": ""民办小学"", ""599"": ""省级示范园"", ""598"": ""民办幼儿园"", ""597"": ""公办幼儿园"", ""263"": ""VR看房"", ""54"": ""大型社区"", ""50"": ""品牌开发商""}","[""车位充足"", ""高绿化率"", ""低容积"", ""装修交付"", ""轨交房""]",https://pic4.ajkimg.com/display/xinfang/c42156937c1a492f2e5094d65477e724/275x206n.jpg,"[{""id"": ""7316783"", ""loupan_id"": ""251870"", ""station_id"": ""121207"", ""subway_id"": ""12070"", ""city_id"": ""30"", ""distance"": ""336米"", ""status"": ""1"", ""last_update_time"": ""1774212709"", ""is_rail_loupan"": ""1"", ""subway_name"": ""15号线"", ""station_name"": ""富锦路"", ""distance_raw"": ""336""}]",李沧区黑龙江中路嘉凯城时代城营销中心(金水路北500米)
9044318,青建翡翠都,青岛,30,即墨区,3645,即墨市,3714,青岛即墨区即墨市莱青路377号，天泰滑雪场东侧,,,,,382-385㎡,别墅：119700m² 住宅：119700m²,别墅：68583m² 住宅：68583m²,[],别墅,别墅户型,2005-04-01,,2005年,2006年,[],小高层,别墅：独栋别墅,,别墅：0.45,别墅：45% 住宅：45%,别墅：121 住宅：121,别墅：毛坯 住宅：毛坯,,别墅,保利物业,住宅：3元/㎡/月,,别墅：240 住宅：240,别墅：1:1 住宅：1:1,售罄,售罄,售罄,[],[],美的置业,,"青建集团股份公司,青岛泰屹投资发展有限公司",别墅：民电,别墅：民水,36.419541,120.664796,"""""","{""53"": ""高绿化率"", ""63"": ""旅游地产"", ""69"": ""学校"", ""78"": ""大户型"", ""637"": ""公办中学"", ""636"": ""公办小学"", ""598"": ""民办幼儿园"", ""597"": ""公办幼儿园"", ""55"": ""小型社区""}","[""高绿化率"", ""旅游地产"", ""学校"", ""大户型"", ""公办中学""]",https://pic4.ajkimg.com/display/xinfang/c08b84f427f8746924f7cf638511d032/275x206n.jpg,[],即墨市温泉镇泉海路南、莱青公路西侧，近邻滑雪场
7132104,福庭A区,青岛,30,崂山区,3643,海尔路,3697,青岛崂山区海尔路劲松六路106号（高职校西侧）,,12338元/㎡,12338元/㎡,首付64万，月供15302元,122-141㎡,40000m²,185000m²,"[{""id"": 585089, ""rooms"": 3, ""room_alias"": ""三室"", ""area"": 122}, {""id"": 585088, ""rooms"": 3, ""room_alias"": ""三室"", ""area"": 130}]",3室,3室户型,2005-06-17,2020年09月02日,2005年,2006年,"[""2023-07-25"", ""2023-06-20"", ""2022-01-06"", ""2020-09-02"", ""2021-06-07""]",{高层},高层,70年,3.26,40%,984,带装修,,住宅,旭辉永升,3.9元/㎡/月,,1570,1:1.5,售罄,售罄,售罄,"[""鲁（2023）青岛市崂山区不动产权第0066165号"", ""鲁（2023）青岛市崂山区不动产权第0062371号"", ""青崂房预字（2021）第0024号"", ""青房注字（崂）2020第022号"", ""青房注字（崂）2021第003号""]","[""9#"", ""3#、4#"", ""1#、2#、5#"", ""7#、8#"", ""6#、10#""]",金地,,青岛北泰置地有限公司,民电,民水,36.141005,120.423552,"{""service_num"": ""4006708287"", ""num"": ""73410""}","{""81"": ""大阳台"", ""56"": ""车位充足"", ""53"": ""高绿化率"", ""29"": ""装修交付"", ""9"": ""轨交房"", ""76"": ""厨卫全明"", ""74"": ""南北通透"", ""33"": ""智能住宅"", ""32"": ""绿色住宅"", ""78"": ""大户型"", ""402"": ""玄关入户"", ""401"": ""户型方正"", ""85"": ""主卧套房"", ""92"": ""热搜盘"", ""638"": ""民办中学"", ""637"": ""公办中学"", ""636"": ""公办小学"", ""635"": ""民办小学"", ""624"": ""九年一贯制"", ""599"": ""省级示范园"", ""598"": ""民办幼儿园"", ""597"": ""公办幼儿园"", ""540"": ""日照模拟"", ""263"": ""VR看房""}","[""大阳台"", ""车位充足"", ""高绿化率"", ""装修交付"", ""轨交房""]",https://pic4.ajkimg.com/display/xinfang/7fea2e478d40899dae2a1ebeb90c6a24/275x206n.jpg,"[{""id"": ""7273572"", ""loupan_id"": ""478807"", ""station_id"": ""121186"", ""subway_id"": ""12068"", ""city_id"": ""30"", ""distance"": ""663米"", ""status"": ""1"", ""last_update_time"": ""1774212705"", ""is_rail_loupan"": ""1"", ""subway_name"": ""5号线"", ""station_name"": ""滁州路"", ""distance_raw"": ""663""}, {""id"": ""7273573"", ""loupan_id"": ""478807"", ""station_id"": ""121187"", ""subway_id"": ""12068"", ""city_id"": ""30"", ""distance"": ""993米"", ""status"": ""1"", ""last_update_time"": ""1774212705"", ""is_rail_loupan"": ""1"", ""subway_name"": ""5号线"", ""station_name"": ""合肥路"", ""distance_raw"": ""993""}]",紫樾尚府接待中心（临）崂山区白金广场南门
4621229,万金色佳苑,青岛,30,即墨区,3645,金口镇,17474,青岛即墨区金口镇金英路26号,,,,,88-117㎡,10574m²,12682.52m²,"[{""id"": 427625, ""rooms"": 2, ""room_alias"": ""二室"", ""area"": 88.49}, {""id"": 427629, ""rooms"": 3, ""room_alias"": ""三室"", ""area"": 94.39}, {""id"": 427627, ""rooms"": 3, ""room_alias"": ""三室"", ""area"": 117.3}]",2/3室,"2室户型,3室户型",2005-02-09,2019年10月01日,2005年,2006年,"[""2017-05-02"", ""2016-01-13"", ""2019-09-09""]",{多层},多层,70年,1.2,35%,167,毛坯,,住宅,中海物业,0.7元/㎡/月,,120,1:0.72,售罄,售罄,售罄,"[""即房(2016)注字017"", ""即房(2016)注字002"", ""即房注字(2019)第081号""]","[""6#、7#、8#、9#、10#"", ""3#、1#、2#、4#、5#"", ""1#、2#、3#、4#、5#、6#""]",建发,,青岛安泰达置业有限公司,民电,民水,36.592098,120.741101,"""""","{""559"": ""现房"", ""81"": ""大阳台"", ""52"": ""低容积"", ""76"": ""厨卫全明"", ""75"": ""三房朝南"", ""74"": ""南北通透"", ""69"": ""学校"", ""78"": ""大户型"", ""85"": ""主卧套房"", ""82"": ""双卫生间"", ""637"": ""公办中学"", ""636"": ""公办小学"", ""598"": ""民办幼儿园"", ""597"": ""公办幼儿园"", ""263"": ""VR看房"", ""55"": ""小型社区""}","[""现房"", ""大阳台"", ""低容积"", ""厨卫全明"", ""三房朝南""]",https://pic4.ajkimg.com/display/xinfang/ae379e4c9d68bb464a8eb9cff4059530/275x206n.jpg,[],即墨区金口镇中心小学东临
4556422,金色和平舍,青岛,30,市南区,3639,香港路沿线,3653,青岛市南区香港路沿线市南东海一路25号（湛山寺附近）,,,,,89㎡,住宅：19507m² 别墅：19507m²,住宅：33020m² 别墅：33020m²,"[{""id"": 54822, ""rooms"": 2, ""room_alias"": ""二室"", ""area"": 89.31}]",2室,2室户型,2005-08-26,,2005年,2006年,[],超高层,住宅：多层,住宅：70年 别墅：70年,住宅：1.1,住宅：40% 别墅：40%,住宅：204 别墅：204,住宅：带装修 别墅：带装修,,住宅,华润万象生活,住宅：2元/㎡/月,,,,售罄,售罄,售罄,[],[],正荣,,青岛亚建实业有限公司,住宅：民电,住宅：民水,36.059239,120.394304,"""""","{""53"": ""高绿化率"", ""52"": ""低容积"", ""29"": ""装修交付"", ""9"": ""轨交房"", ""10"": ""多轨交"", ""72"": ""配套纯熟"", ""71"": ""便利店"", ""70"": ""银行"", ""69"": ""学校"", ""68"": ""医院"", ""67"": ""生态绿地"", ""66"": ""公园"", ""65"": ""商业街"", ""64"": ""购物中心"", ""638"": ""民办中学"", ""637"": ""公办中学"", ""636"": ""公办小学"", ""635"": ""民办小学"", ""598"": ""民办幼儿园"", ""597"": ""公办幼儿园"", ""55"": ""小型社区""}","[""高绿化率"", ""低容积"", ""装修交付"", ""轨交房"", ""多轨交""]",https://pic4.ajkimg.com/display/xinfang/624ff5fc04486f92e826a0612e7250a1/275x206n.jpg,"[{""id"": ""7314100"", ""loupan_id"": ""241800"", ""station_id"": ""4477"", ""subway_id"": ""126"", ""city_id"": ""30"", ""distance"": ""650米"", ""status"": ""1"", ""last_update_time"": ""1774212706"", ""is_rail_loupan"": ""1"", ""subway_name"": ""2号线"", ""station_name"": ""芝泉路"", ""distance_raw"": ""650""}, {""id"": ""7314589"", ""loupan_id"": ""241800"", ""station_id"": ""4373"", ""subway_id"": ""121"", ""city_id"": ""30"", ""distance"": ""1345米"", ""status"": ""1"", ""last_update_time"": ""1774212706"", ""is_rail_loupan"": ""1"", ""subway_name"": ""3号线"", ""station_name"": ""延安三路"", ""distance_raw"": ""1345""}]",闽江路与闽江四路交汇处贵合新园
2571465,嘉汇二期,青岛,30,莱西市,3648,莱西,3720,青岛莱西市莱西香港路67号,,2330元/㎡,2330元/㎡,首付11万，月供2795元,115㎡,13373m²,15585.16m²,"[{""id"": 604804, ""rooms"": 3, ""room_alias"": ""三室"", ""area"": 115}]",3室,3室户型,2005-07-03,2019年09月01日,2005年,2006年,"[""2019-08-30""]",洋房,花园洋房,70年,1.3,30%,136,毛坯,已竣工，竣工时间：2020-12-31,住宅,保利物业,1.65元/㎡/月,,182,,售罄,售罄,售罄,"[""青房注字第2019053号""]","[""5#、6#、7#、8#""]",滨江集团,,青岛瑞晟置业有限公司,民电,民水,36.899948,120.543133,"""""","{""559"": ""现房"", ""557"": ""项目竣工"", ""52"": ""低容积"", ""76"": ""厨卫全明"", ""74"": ""南北通透"", ""78"": ""大户型"", ""404"": ""客餐厅相连"", ""401"": ""户型方正"", ""85"": ""主卧套房"", ""638"": ""民办中学"", ""637"": ""公办中学"", ""636"": ""公办小学"", ""598"": ""民办幼儿园"", ""597"": ""公办幼儿园"", ""263"": ""VR看房"", ""55"": ""小型社区""}","[""现房"", ""项目竣工"", ""低容积"", ""厨卫全明"", ""南北通透""]",https://pic4.ajkimg.com/display/xinfang/27cd594afdea7f88b9554bc60441b60d/275x206n.jpg,[],青岛市莱西市香港路67号
4512942,天黄金公寓,青岛,30,胶州市,3647,胶州,3718,青岛胶州市胶州泰州路217号,,,,,88-107㎡,41700m²,50000m²,"[{""id"": 144930, ""rooms"": 2, ""room_alias"": ""二室"", ""area"": 88}, {""id"": 144932, ""rooms"": 3, ""room_alias"": ""三室"", ""area"": 107}]",2/3室,"2室户型,3室户型",2005-03-11,,2005年,2006年,[],超高层,多层、小高层,70年,,,134,,,住宅,旭辉永升,,,274,1:1,售罄,售罄,售罄,[],[],中铁建,,青岛神州集团有限公司,民电,民水,36.282883,120.006907,"{""service_num"": ""4006708287"", ""num"": """"}","{""72"": ""配套纯熟"", ""70"": ""银行"", ""69"": ""学校"", ""68"": ""医院"", ""67"": ""生态绿地"", ""66"": ""公园"", ""65"": ""商业街"", ""64"": ""购物中心"", ""638"": ""民办中学"", ""637"": ""公办中学"", ""636"": ""公办小学"", ""635"": ""民办小学"", ""598"": ""民办幼儿园"", ""597"": ""公办幼儿园"", ""55"": ""小型社区""}","[""配套纯熟"", ""银行"", ""学校"", ""医院"", ""生态绿地""]",https://pic4.ajkimg.com/display/xinfang/90de891c74a0c124fe2ad8da9503b9f2/275x206n.jpg,[],青岛胶州市泰州路217号
8509246,北京明珠洲,青岛,30,城阳区,3644,白云山,24457,青岛城阳区白云山M1号线东郭庄站A出口,,4284元/㎡,4284元/㎡,首付18万，月供4300元,89-178㎡,住宅：89441m² 别墅：89441m²,住宅：184860m² 别墅：184860m²,"[{""id"": 709194, ""rooms"": 3, ""room_alias"": ""三室"", ""area"": 89}, {""id"": 709235, ""rooms"": 3, ""room_alias"": ""三室"", ""area"": 89}, {""id"": 709191, ""rooms"": 3, ""room_alias"": ""三室"", ""area"": 105}, {""id"": 709237, ""rooms"": 3, ""room_alias"": ""三室"", ""area"": 154}, {""id"": 706824, ""rooms"": 4, ""room_alias"": ""四室"", ""area"": 119}, {""id"": 800364, ""rooms"": 4, ""room_alias"": ""四室"", ""area"": 129}, {""id"": 709248, ""rooms"": 4, ""room_alias"": ""四室"", ""area"": 141}, {""id"": 709247, ""rooms"": 4, ""room_alias"": ""四室"", ""area"": 153}, {""id"": 709242, ""rooms"": 4, ""room_alias"": ""四室"", ""area"": 162}, {""id"": 709245, ""rooms"": 4, ""room_alias"": ""四室"", ""area"": 167}, {""id"": 709238, ""rooms"": 4, ""room_alias"": ""四室"", ""area"": 168}]",3/4室、别墅,"3室户型,4室户型,别墅户型",2005-09-03,2023年04月04日,2005年,2006年,"[""2025-07-06"", ""2024-10-29"", ""2023-08-25"", ""2023-04-04"", ""2022-12-26"", ""2022-04-15"", ""2021-09-02""]","{多层,小高层,花园洋房}",住宅：多层、小高层、花园洋房 别墅：叠加别墅,住宅：70年 别墅：70年,住宅：1.36 别墅：1.36,住宅：35% 别墅：35%,住宅：1025 别墅：1025,住宅：毛坯 别墅：毛坯,在建中，竣工时间：2025-09-30,住宅,招商积余,住宅：2.8元/㎡/月 别墅：3元/㎡/月,,住宅：1375 别墅：1375,住宅：1:1.3 别墅：1:1.3,售罄,售罄,售罄,"[""城行审三（2025）256号"", ""城行审三2024（445号）"", ""城行审三（2023）583号"", ""城行审三（2023）173号"", ""城行审三（2022）1209号"", ""城行审三（2022）229号"", ""城行审建（2021）960号""]","[""南区13#、南区15#、南区17#、南区6#"", ""南区9#"", ""南区18#、南区20#、南区14#"", ""南区16#、南区19#"", ""10#、5#"", ""2#、13#、7#、6#、14#"", ""8#、11#、1#、4#、9#、12#、15#""]",中海,北京城建,北京城建（青岛）投资发展有限公司,住宅：民电,住宅：民水,36.3563,120.422452,"{""service_num"": ""4006708287"", ""num"": ""90782""}","{""56"": ""车位充足"", ""52"": ""低容积"", ""9"": ""轨交房"", ""76"": ""厨卫全明"", ""74"": ""南北通透"", ""73"": ""卧室全朝南"", ""7"": ""项目在建"", ""10"": ""多轨交"", ""276"": ""一房一价"", ""4"": ""低总价"", ""78"": ""大户型"", ""404"": ""客餐厅相连"", ""403"": ""私密性好"", ""402"": ""玄关入户"", ""401"": ""户型方正"", ""397"": ""动静分离"", ""85"": ""主卧套房"", ""83"": ""双阳台"", ""638"": ""民办中学"", ""637"": ""公办中学"", ""636"": ""公办小学"", ""635"": ""民办小学"", ""599"": ""省级示范园"", ""598"": ""民办幼儿园"", ""597"": ""公办幼儿园"", ""541"": ""3D沙盘"", ""540"": ""日照模拟"", ""263"": ""VR看房"", ""50"": ""品牌开发商""}","[""车位充足"", ""低容积"", ""轨交房"", ""厨卫全明"", ""南北通透""]",https://pic4.ajkimg.com/display/xinfang/6973586cc190cac7c83861a699c01a9d/275x206n.jpg,"[{""id"": ""7183227"", ""loupan_id"": ""499496"", ""station_id"": ""11027"", ""subway_id"": ""1045"", ""city_id"": ""30"", ""distance"": ""326米"", ""status"": ""1"", ""last_update_time"": ""1774212706"", ""is_rail_loupan"": ""1"", ""subway_name"": ""1号线"", ""station_name"": ""东郭庄"", ""distance_raw"": ""326""}, {""id"": ""7273967"", ""loupan_id"": ""499496"", ""station_id"": ""4435"", ""subway_id"": ""124"", ""city_id"": ""30"", ""distance"": ""326米"", ""status"": ""1"", ""last_update_time"": ""1774212706"", ""is_rail_loupan"": ""1"", ""subway_name"": ""7号线"", ""station_name"": ""东郭庄"", ""distance_raw"": ""326""}, {""id"": ""7186323"", ""loupan_id"": ""499496"", ""station_id"": ""11031"", ""subway_id"": ""1045"", ""city_id"": ""30"", ""distance"": ""1366米"", ""status"": ""1"", ""last_update_time"": ""1774212706"", ""is_rail_loupan"": ""1"", ""subway_name"": ""1号线"", ""station_name"": ""沟岔"", ""distance_raw"": ""1366""}, {""id"": ""7273968"", ""loupan_id"": ""499496"", ""station_id"": ""4434"", ""subway_id"": ""124"", ""city_id"": ""30"", ""distance"": ""1366米"", ""status"": ""1"", ""last_update_time"": ""1774212706"", ""is_rail_loupan"": ""1"", ""subway_name"": ""7号线"", ""station_name"": ""沟岔"", ""distance_raw"": ""1366""}]",青岛市城阳区M1号线东郭庄站A出口
4923205,银林A区,青岛,30,胶州市,3647,胶州,3718,青岛胶州市胶州扬州路1217号,,,,,63-90㎡,30000m²,49000m²,"[{""id"": 146269, ""rooms"": 1, ""room_alias"": ""一室"", ""area"": 63}, {""id"": 146267, ""rooms"": 2, ""room_alias"": ""二室"", ""area"": 72}, {""id"": 146264, ""rooms"": 2, ""room_alias"": ""二室"", ""area"": 81}, {""id"": 146268, ""rooms"": 3, ""room_alias"": ""三室"", ""area"": 90}]",1/2/3室,"1室户型,2室户型,3室户型",2005-08-09,,2005年,2006年,[],"{多层,小高层}",多层、小高层,70年,1.5,32%,420,毛坯,,住宅,融创服务,0.5元/㎡/月,,400,1:0.8,售罄,售罄,售罄,"[""青房注字(胶州)第2014010"", ""青房注字(胶州)第2014024"", ""青房注字(胶州)第2014056"", ""青房注字(胶州)第2016050""]",[],正荣,,,民电,民水,36.268054,120.023231,"{""service_num"": ""4006708287"", ""num"": """"}","{""52"": ""低容积"", ""72"": ""配套纯熟"", ""71"": ""便利店"", ""70"": ""银行"", ""69"": ""学校"", ""68"": ""医院"", ""66"": ""公园"", ""65"": ""商业街"", ""64"": ""购物中心"", ""79"": ""小户型"", ""638"": ""民办中学"", ""637"": ""公办中学"", ""636"": ""公办小学"", ""598"": ""民办幼儿园"", ""597"": ""公办幼儿园""}","[""低容积"", ""配套纯熟"", ""便利店"", ""银行"", ""学校""]",https://pic4.ajkimg.com/display/xinfang/de739441326dce29226800fa8399f9f9/275x206n.jpg,[],青岛胶州市胶西镇平城西路与扬州西路交汇处
311321,凤紫金轩,青岛,30,西海岸新区,3646,灵山卫,5209,青岛西海岸新区灵山卫兰东路与胶州湾路交汇处（西海岸生态观光园北侧）,,3598元/㎡,3598元/㎡,首付18万，月供4480元,89-143㎡,住宅：77948.31m² 别墅：78000m²,住宅：212986.67m² 别墅：207000m²,"[{""id"": 704654, ""rooms"": 3, ""room_alias"": ""三室"", ""area"": 89}, {""id"": 704655, ""rooms"": 3, ""room_alias"": ""三室"", ""area"": 109}, {""id"": 704656, ""rooms"": 3, ""room_alias"": ""三室"", ""area"": 110}, {""id"": 704657, ""rooms"": 3, ""room_alias"": ""三室"", ""area"": 112}, {""id"": 704658, ""rooms"": 4, ""room_alias"": ""四室"", ""area"": 128}, {""id"": 704659, ""rooms"": 4, ""room_alias"": ""四室"", ""area"": 143}]",3/4室,"3室户型,4室户型",2005-03-05,2021年09月25日,2005年,2006年,"[""2024-04-03"", ""2023-04-27"", ""2021-10-30"", ""2021-09-17""]",多层,住宅：小高层 别墅：叠加别墅,住宅：70年 别墅：70年,住宅：1.9,住宅：30% 别墅：30%,住宅：888 别墅：488,住宅：毛坯 别墅：毛坯,在建中，竣工时间：2024-06-30,住宅,雅生活服务,住宅：3元/㎡/月 别墅：3.8元/㎡/月,,住宅：1462 别墅：1462,,售罄,售罄,售罄,"[""青房注字（青黄24）第024号"", ""青房注字（青黄24）第011号"", ""青房注字青黄2023第046号"", ""青房注字青黄2021第190号"", ""青房注字青黄21第183号""]","[""33#"", ""32#"", ""19#、26#"", ""24#、25#"", ""28#、30#、31#""]",旭辉,,山东大都元亨文化产业发展有限公司,住宅：民电,住宅：民水,35.909179,120.081783,"""""","{""52"": ""低容积"", ""76"": ""厨卫全明"", ""74"": ""南北通透"", ""73"": ""卧室全朝南"", ""7"": ""项目在建"", ""5"": ""低单价"", ""4"": ""低总价"", ""78"": ""大户型"", ""404"": ""客餐厅相连"", ""403"": ""私密性好"", ""402"": ""玄关入户"", ""401"": ""户型方正"", ""397"": ""动静分离"", ""85"": ""主卧套房"", ""83"": ""双阳台"", ""637"": ""公办中学"", ""636"": ""公办小学"", ""598"": ""民办幼儿园"", ""597"": ""公办幼儿园"", ""540"": ""日照模拟"", ""263"": ""VR看房""}","[""低容积"", ""厨卫全明"", ""南北通透"", ""卧室全朝南"", ""项目在建""]",https://pic4.ajkimg.com/display/xinfang/8c459719e20fb0696ba8e62a911a728a/275x206n.jpg,[],青岛市西海岸兰东路与胶州湾路交汇处
5995390,天一北辰锦园,青岛,30,胶州市,3647,经济开发区,17480,青岛胶州市经济开发区长江路东8号（中加国际学校东侧）,,3255元/㎡,3255元/㎡,首付15万，月供3655元,96-142㎡,176820m²,497284.5m²,"[{""id"": 488973, ""rooms"": 3, ""room_alias"": ""三室"", ""area"": 96}, {""id"": 390245, ""rooms"": 3, ""room_alias"": ""三室"", ""area"": 97}, {""id"": 488980, ""rooms"": 3, ""room_alias"": ""三室"", ""area"": 97}, {""id"": 488984, ""rooms"": 3, ""room_alias"": ""三室"", ""area"": 115}, {""id"": 488982, ""rooms"": 3, ""room_alias"": ""三室"", ""area"": 116}, {""id"": 390239, ""rooms"": 3, ""room_alias"": ""三室"", ""area"": 120}, {""id"": 390241, ""rooms"": 3, ""room_alias"": ""三室"", ""area"": 130}, {""id"": 390240, ""rooms"": 4, ""room_alias"": ""四室"", ""area"": 139}, {""id"": 491176, ""rooms"": 4, ""room_alias"": ""四室"", ""area"": 140}, {""id"": 390238, ""rooms"": 4, ""room_alias"": ""四室"", ""area"": 142}]",3/4室,"3室户型,4室户型",2005-06-21,2018年10月23日,2005年,2006年,"[""2020-09-27"", ""2022-10-20"", ""2018-11-20"", ""2018-11-02"", ""2019-03-22"", ""2019-10-17"", ""2020-04-03""]","{小高层,高层}",小高层、高层,70年,2,35%,2805,毛坯,在建中，竣工时间：暂无数据,住宅,中海物业,3.02元/㎡/月,,3628,1:1.25,售罄,售罄,售罄,"[""青房注字（胶州）第2020102号"", ""青房注字（胶州）第2022043号"", ""青房注字(胶州)第2018086号"", ""青房注字（胶州）第2018077号"", ""青房注字（胶州）第2019009"", ""青房注字（胶州）第2019094号"", ""青房注字（胶州）第2020018号""]","[""43#"", ""28#、30#"", ""6#、8#"", ""1#、2#"", ""10#、11#、12#"", ""46#"", ""41#""]",中南,天一仁和,青岛中浙实业有限公司,民电,民水,36.165984,120.117659,"""""","{""56"": ""车位充足"", ""76"": ""厨卫全明"", ""74"": ""南北通透"", ""73"": ""卧室全朝南"", ""7"": ""项目在建"", ""78"": ""大户型"", ""404"": ""客餐厅相连"", ""403"": ""私密性好"", ""402"": ""玄关入户"", ""401"": ""户型方正"", ""397"": ""动静分离"", ""85"": ""主卧套房"", ""83"": ""双阳台"", ""637"": ""公办中学"", ""636"": ""公办小学"", ""598"": ""民办幼儿园"", ""597"": ""公办幼儿园"", ""263"": ""VR看房"", ""54"": ""大型社区"", ""50"": ""品牌开发商""}","[""车位充足"", ""厨卫全明"", ""南北通透"", ""卧室全朝南"", ""项目在建""]",https://pic4.ajkimg.com/display/xinfang/9bf999d5b1c0314d911aa5c2620089ad/275x206n.jpg,[],青岛胶州国家经济技术开发区长江路东8号（中加国际学校东侧）
1142654,翠谷一期,青岛,30,西海岸新区,3646,海水浴场,5210,青岛西海岸新区海水浴场隐珠街道办事处灵海路127号,,,,,74-96㎡,166000m²,20444m²,"[{""id"": 50141, ""rooms"": 2, ""room_alias"": ""二室"", ""area"": 74.14}, {""id"": 50139, ""rooms"": 3, ""room_alias"": ""三室"", ""area"": 95.11}, {""id"": 50142, ""rooms"": 3, ""room_alias"": ""三室"", ""area"": 96.35}]",2/3室,"2室户型,3室户型",2005-06-11,,2005年,2006年,[],{多层},多层,70年,1,35%,248,毛坯,,住宅,华润万象生活,0.4元/㎡/月,,248,,售罄,售罄,售罄,[],[],恒大,,青岛星火置业有限公司,民电,民水,35.887706,119.985695,"""""","{""52"": ""低容积"", ""9"": ""轨交房"", ""72"": ""配套纯熟"", ""70"": ""银行"", ""69"": ""学校"", ""68"": ""医院"", ""67"": ""生态绿地"", ""66"": ""公园"", ""65"": ""商业街"", ""64"": ""购物中心"", ""637"": ""公办中学"", ""636"": ""公办小学"", ""635"": ""民办小学"", ""598"": ""民办幼儿园"", ""597"": ""公办幼儿园"", ""55"": ""小型社区""}","[""低容积"", ""轨交房"", ""配套纯熟"", ""银行"", ""学校""]",https://pic4.ajkimg.com/display/xinfang/bd95a0a8de18c3ec6bc74a52f8a54dd9/275x206n.jpg,"[{""id"": ""7313745"", ""loupan_id"": ""245707"", ""station_id"": ""121240"", ""subway_id"": ""12071"", ""city_id"": ""30"", ""distance"": ""941米"", ""status"": ""1"", ""last_update_time"": ""1774212705"", ""is_rail_loupan"": ""1"", ""subway_name"": ""6号线"", ""station_name"": ""琅琊台路"", ""distance_raw"": ""941""}, {""id"": ""7313728"", ""loupan_id"": ""245707"", ""station_id"": ""121239"", ""subway_id"": ""12071"", ""city_id"": ""30"", ""distance"": ""1354米"", ""status"": ""1"", ""last_update_time"": ""1774212705"", ""is_rail_loupan"": ""1"", ""subway_name"": ""6号线"", ""station_name"": ""灵山湾路"", ""distance_raw"": ""1354""}]",青岛市胶南市隐珠街道办事处灵海路127号
4346349,嘉康城汇,青岛,30,西海岸新区,3646,滨海大道,5211,青岛西海岸新区滨海大道海军路与映山红路交汇处,,5312元/㎡,5312元/㎡,首付25万，月供6056元,109-252㎡,230000m²,440000m²,"[{""id"": 496529, ""rooms"": 3, ""room_alias"": ""三室"", ""area"": 109}, {""id"": 496534, ""rooms"": 3, ""room_alias"": ""三室"", ""area"": 121}, {""id"": 496535, ""rooms"": 3, ""room_alias"": ""三室"", ""area"": 129}, {""id"": 496537, ""rooms"": 3, ""room_alias"": ""三室"", ""area"": 142}, {""id"": 532284, ""rooms"": 3, ""room_alias"": ""三室"", ""area"": 147}, {""id"": 772120, ""rooms"": 4, ""room_alias"": ""四室"", ""area"": 142}, {""id"": 532286, ""rooms"": 4, ""room_alias"": ""四室"", ""area"": 168}, {""id"": 532288, ""rooms"": 6, ""room_alias"": ""六室"", ""area"": 252}]",3/4/6室,"3室户型,4室户型,6室户型",2005-07-16,2019年09月21日,2005年,2006年,"[""2019-12-03"", ""2019-09-17"", ""2021-05-12"", ""2021-07-02"", ""2020-05-08"", ""2020-05-08""]","{多层,小高层,高层}",多层、小高层、高层,70年,1.3,30%,2162,带装修,,住宅,世茂服务,2.8元/㎡/月,,3263,1:1.51,售罄,售罄,售罄,"[""青房注字青黄（2019）第216号"", ""青房注字（黄字19）第136号"", ""青房注字青黄（2021）第024号"", ""青房注字（青黄）21第124号"", ""青房注字青黄（2020）第042号"", ""青房注字青黄（2020）第043号""]","[""12#"", ""2#、3#、10#"", ""7#、8#、9#"", ""22#、30#"", ""15#"", ""5#""]",恒大,旭辉集团,青岛隆海集团,民电,民水,35.805228,120.039863,"""""","{""559"": ""现房"", ""81"": ""大阳台"", ""56"": ""车位充足"", ""52"": ""低容积"", ""29"": ""装修交付"", ""76"": ""厨卫全明"", ""74"": ""南北通透"", ""73"": ""卧室全朝南"", ""276"": ""一房一价"", ""72"": ""配套纯熟"", ""70"": ""银行"", ""69"": ""学校"", ""68"": ""医院"", ""66"": ""公园"", ""65"": ""商业街"", ""64"": ""购物中心"", ""78"": ""大户型"", ""404"": ""客餐厅相连"", ""403"": ""私密性好"", ""402"": ""玄关入户"", ""401"": ""户型方正"", ""397"": ""动静分离"", ""86"": ""全景飘窗"", ""85"": ""主卧套房"", ""83"": ""双阳台"", ""82"": ""双卫生间"", ""638"": ""民办中学"", ""637"": ""公办中学"", ""636"": ""公办小学"", ""598"": ""民办幼儿园"", ""597"": ""公办幼儿园"", ""541"": ""3D沙盘"", ""540"": ""日照模拟"", ""263"": ""VR看房"", ""54"": ""大型社区"", ""50"": ""品牌开发商""}","[""现房"", ""大阳台"", ""车位充足"", ""低容积"", ""装修交付""]",https://pic4.ajkimg.com/display/xinfang/ca62ca26eb5a7874030115bddce7cd78/275x206n.jpg,[],青岛西海岸新区映山红路与海军路交会处
6435494,东方桃源台,青岛,30,西海岸新区,3646,滨海大道,5211,青岛西海岸新区滨海大道滨海大道1201号,,,,,,住宅：84000m² 别墅：84000m²,住宅：334200m² 别墅：334200m²,[],,,2005-09-15,,2005年,2006年,"[""2014-08-08""]",小高层,住宅：高层 别墅：叠加别墅,住宅：50年 别墅：50年,,住宅：32% 别墅：32%,住宅：1665 别墅：1665,住宅：毛坯 别墅：毛坯,,住宅,招商积余,住宅：2.5元/㎡/月 别墅：2.5元/㎡/月,,住宅：1271 别墅：1271,住宅：1:0.76 别墅：1:0.76,售罄,售罄,售罄,"[""青房注字(胶南11)第064号""]",[],碧桂园,,青岛东方金石置业投资有限公司,住宅：民电,住宅：民水,35.862118,120.05153,"""""","{""9"": ""轨交房"", ""71"": ""便利店"", ""70"": ""银行"", ""65"": ""商业街"", ""637"": ""公办中学"", ""636"": ""公办小学"", ""635"": ""民办小学"", ""598"": ""民办幼儿园"", ""597"": ""公办幼儿园"", ""54"": ""大型社区""}","[""轨交房"", ""便利店"", ""银行"", ""商业街"", ""公办中学""]",https://pic4.ajkimg.com/display/xinfang/2fc78d26b539077258dc96b1feefbd16/275x206n.jpg,"[{""id"": ""7316179"", ""loupan_id"": ""455430"", ""station_id"": ""121244"", ""subway_id"": ""12071"", ""city_id"": ""30"", ""distance"": ""481米"", ""status"": ""1"", ""last_update_time"": ""1774212708"", ""is_rail_loupan"": ""1"", ""subway_name"": ""6号线"", ""station_name"": ""海南路"", ""distance_raw"": ""481""}, {""id"": ""7316177"", ""loupan_id"": ""455430"", ""station_id"": ""121243"", ""subway_id"": ""12071"", ""city_id"": ""30"", ""distance"": ""989米"", ""status"": ""1"", ""last_update_time"": ""1774212708"", ""is_rail_loupan"": ""1"", ""subway_name"": ""6号线"", ""station_name"": ""朝阳山路"", ""distance_raw"": ""989""}]",黄岛区西海岸路127号
3365476,御居,青岛,30,西海岸新区,3646,海水浴场,5210,青岛西海岸新区海水浴场胶南一中北200米，广州路东侧,,,,,82-91㎡,22866m²,32012m²,"[{""id"": 88295, ""rooms"": 2, ""room_alias"": ""二室"", ""area"": 81.94}, {""id"": 88298, ""rooms"": 3, ""room_alias"": ""三室"", ""area"": 91.24}]",2/3室,"2室户型,3室户型",2005-06-18,,2005年,2006年,[],"{多层,小高层}",多层、小高层,70年,1.4,35%,360,毛坯,,住宅,龙湖智慧服务,0.7元/㎡/月,,270,1:0.75,售罄,售罄,售罄,[],[],华润,,,民电,民水,35.892258,120.074131,"{""service_num"": ""4006708287"", ""num"": """"}","{""52"": ""低容积"", ""63"": ""旅游地产"", ""72"": ""配套纯熟"", ""70"": ""银行"", ""69"": ""学校"", ""68"": ""医院"", ""66"": ""公园"", ""65"": ""商业街"", ""64"": ""购物中心"", ""637"": ""公办中学"", ""636"": ""公办小学"", ""635"": ""民办小学"", ""598"": ""民办幼儿园"", ""597"": ""公办幼儿园""}","[""低容积"", ""旅游地产"", ""配套纯熟"", ""银行"", ""学校""]",https://pic4.ajkimg.com/display/xinfang/e896d581860c296e88b7c369fec232bd/275x206n.jpg,[],胶南市一中北200米，广州路东侧
4513290,御理想花园,青岛,30,李沧区,3642,九水路,5197,青岛李沧区九水路惠水路618号丙,,,,,56-133㎡,30224.4m²,80284.28m²,"[{""id"": 137334, ""rooms"": 1, ""room_alias"": ""一室"", ""area"": 56}, {""id"": 137336, ""rooms"": 2, ""room_alias"": ""二室"", ""area"": 60}, {""id"": 137328, ""rooms"": 2, ""room_alias"": ""二室"", ""area"": 85}, {""id"": 137329, ""rooms"": 2, ""room_alias"": ""二室"", ""area"": 86}, {""id"": 81418, ""rooms"": 2, ""room_alias"": ""二室"", ""area"": 88}, {""id"": 137323, ""rooms"": 2, ""room_alias"": ""二室"", ""area"": 88}, {""id"": 137324, ""rooms"": 2, ""room_alias"": ""二室"", ""area"": 88}, {""id"": 137331, ""rooms"": 2, ""room_alias"": ""二室"", ""area"": 88}, {""id"": 81420, ""rooms"": 2, ""room_alias"": ""二室"", ""area"": 90}, {""id"": 137321, ""rooms"": 3, ""room_alias"": ""三室"", ""area"": 101}, {""id"": 81421, ""rooms"": 3, ""room_alias"": ""三室"", ""area"": 107}, {""id"": 137318, ""rooms"": 3, ""room_alias"": ""三室"", ""area"": 111}, {""id"": 137349, ""rooms"": 3, ""room_alias"": ""三室"", ""area"": 114}, {""id"": 137350, ""rooms"": 3, ""room_alias"": ""三室"", ""area"": 120}, {""id"": 137352, ""rooms"": 3, ""room_alias"": ""三室"", ""area"": 133}]",1/2/3室,"1室户型,2室户型,3室户型",2005-12-14,,2005年,2006年,[],"{小高层,高层}",小高层、高层,70年,2.09,35%,610,毛坯,,住宅,招商积余,1.8元/㎡/月,,810,1:1,售罄,售罄,售罄,"[""青房注字(2015)第105号""]",[],龙湖,,青岛嘉合置业有限公司,民电,民水,36.183885,120.483197,"""""","{""72"": ""配套纯熟"", ""70"": ""银行"", ""69"": ""学校"", ""68"": ""医院"", ""66"": ""公园"", ""65"": ""商业街"", ""64"": ""购物中心"", ""79"": ""小户型"", ""78"": ""大户型"", ""638"": ""民办中学"", ""637"": ""公办中学"", ""636"": ""公办小学"", ""598"": ""民办幼儿园"", ""597"": ""公办幼儿园""}","[""配套纯熟"", ""银行"", ""学校"", ""医院"", ""公园""]",https://pic4.ajkimg.com/display/xinfang/7770304537324d2e895a49008c3df815/275x206n.jpg,[],青岛市李沧区九水东路191号
4527422,海信阳光园,青岛,30,莱西市,3648,莱西,3720,青岛莱西市莱西北京路与深圳路交汇处,,2227元/㎡,2227元/㎡,首付13万，月供3118元,100-200㎡,31841m²,63681m²,"[{""id"": 658190, ""rooms"": 3, ""room_alias"": ""三室"", ""area"": 100}, {""id"": 658188, ""rooms"": 3, ""room_alias"": ""三室"", ""area"": 111}, {""id"": 658194, ""rooms"": 3, ""room_alias"": ""三室"", ""area"": 111}, {""id"": 794767, ""rooms"": 3, ""room_alias"": ""三室"", ""area"": 113}, {""id"": 658192, ""rooms"": 3, ""room_alias"": ""三室"", ""area"": 120}, {""id"": 794773, ""rooms"": 3, ""room_alias"": ""三室"", ""area"": 120}, {""id"": 794768, ""rooms"": 3, ""room_alias"": ""三室"", ""area"": 121}, {""id"": 794775, ""rooms"": 3, ""room_alias"": ""三室"", ""area"": 122}, {""id"": 794765, ""rooms"": 3, ""room_alias"": ""三室"", ""area"": 123}, {""id"": 794766, ""rooms"": 3, ""room_alias"": ""三室"", ""area"": 124}, {""id"": 658185, ""rooms"": 3, ""room_alias"": ""三室"", ""area"": 130}, {""id"": 658183, ""rooms"": 3, ""room_alias"": ""三室"", ""area"": 132}, {""id"": 794769, ""rooms"": 3, ""room_alias"": ""三室"", ""area"": 138}, {""id"": 794771, ""rooms"": 3, ""room_alias"": ""三室"", ""area"": 138}, {""id"": 735191, ""rooms"": 3, ""room_alias"": ""三室"", ""area"": 143}, {""id"": 795017, ""rooms"": 4, ""room_alias"": ""四室"", ""area"": 200}]",3/4室,"3室户型,4室户型",2005-08-18,2023年03月15日,2005年,2006年,"[""2023-06-06"", ""2023-03-08"", ""2021-12-13"", ""2021-09-02"", ""2021-06-10""]","{小高层,高层,花园洋房}",小高层、高层、花园洋房,70年,2,35%,652,毛坯,已竣工，竣工时间：2024-10-19,住宅,龙湖智慧服务,2.09元/㎡/月,,836,1:1.2,售罄,售罄,售罄,"[""西房注字（2023）013"", ""青房注字（房注字）（第2023）008号"", ""西房注字（2021）068"", ""西房注字（2021）046"", ""西房注字（2021）031号""]","[""二期6#、二期7#"", ""二期2#、二期3#、二期4#、二期5#、二期1#"", ""2#、3#"", ""10#、4#、5#、9#"", ""1#、7#、8#""]",新城控股,海信地产,青岛海信昌荣置业有限公司,民电,民水,36.885559,120.501485,"{""service_num"": ""4006708287"", ""num"": ""40132""}","{""559"": ""现房"", ""557"": ""项目竣工"", ""56"": ""车位充足"", ""76"": ""厨卫全明"", ""74"": ""南北通透"", ""276"": ""一房一价"", ""5"": ""低单价"", ""4"": ""低总价"", ""78"": ""大户型"", ""404"": ""客餐厅相连"", ""403"": ""私密性好"", ""402"": ""玄关入户"", ""401"": ""户型方正"", ""397"": ""动静分离"", ""85"": ""主卧套房"", ""83"": ""双阳台"", ""82"": ""双卫生间"", ""90"": ""人气楼盘"", ""638"": ""民办中学"", ""637"": ""公办中学"", ""636"": ""公办小学"", ""598"": ""民办幼儿园"", ""597"": ""公办幼儿园"", ""541"": ""3D沙盘"", ""540"": ""日照模拟"", ""426"": ""线上不打烊"", ""263"": ""VR看房"", ""50"": ""品牌开发商""}","[""现房"", ""项目竣工"", ""车位充足"", ""厨卫全明"", ""南北通透""]",https://pic4.ajkimg.com/display/xinfang/611f53d9f3a282fb1dd918401135a2c7/275x206n.jpg,[],莱西市水集街道北京路与深圳路交汇处
9332932,瑞景三期,青岛,30,市南区,3639,香港路沿线,3653,青岛市南区香港路沿线漳州二路19号（佳世客步行街与漳州二路交界处）,,,,,100-132㎡,25640m²,22859m²,"[{""id"": 51965, ""rooms"": 2, ""room_alias"": ""二室"", ""area"": 115.35}, {""id"": 51964, ""rooms"": 3, ""room_alias"": ""三室"", ""area"": 100.28}, {""id"": 51963, ""rooms"": 3, ""room_alias"": ""三室"", ""area"": 131.89}]",2/3室,"2室户型,3室户型",2005-07-12,,2005年,2006年,[],"{多层,小高层,高层}",多层、小高层、高层,70年,5.9,25%,173,带装修,,住宅,招商积余,,,,,售罄,售罄,售罄,[],[],招商蛇口,,,民电,民水,36.057033,120.407997,"{""service_num"": ""4006708287"", ""num"": """"}","{""29"": ""装修交付"", ""9"": ""轨交房"", ""63"": ""旅游地产"", ""72"": ""配套纯熟"", ""71"": ""便利店"", ""70"": ""银行"", ""69"": ""学校"", ""68"": ""医院"", ""67"": ""生态绿地"", ""66"": ""公园"", ""65"": ""商业街"", ""64"": ""购物中心"", ""78"": ""大户型"", ""638"": ""民办中学"", ""637"": ""公办中学"", ""636"": ""公办小学"", ""635"": ""民办小学"", ""598"": ""民办幼儿园"", ""597"": ""公办幼儿园"", ""55"": ""小型社区""}","[""装修交付"", ""轨交房"", ""旅游地产"", ""配套纯熟"", ""便利店""]",https://pic4.ajkimg.com/display/xinfang/ebccc1bf9274e7b5ef1e5d9f5711b88d/275x206n.jpg,"[{""id"": ""7315684"", ""loupan_id"": ""241818"", ""station_id"": ""4480"", ""subway_id"": ""126"", ""city_id"": ""30"", ""distance"": ""399米"", ""status"": ""1"", ""last_update_time"": ""1774212708"", ""is_rail_loupan"": ""1"", ""subway_name"": ""2号线"", ""station_name"": ""燕儿岛路"", ""distance_raw"": ""399""}, {""id"": ""7315666"", ""loupan_id"": ""241818"", ""station_id"": ""4479"", ""subway_id"": ""126"", ""city_id"": ""30"", ""distance"": ""1038米"", ""status"": ""1"", ""last_update_time"": ""1774212708"", ""is_rail_loupan"": ""1"", ""subway_name"": ""2号线"", ""station_name"": ""浮山所"", ""distance_raw"": ""1038""}, {""id"": ""7315685"", ""loupan_id"": ""241818"", ""station_id"": ""4481"", ""subway_id"": ""126"", ""city_id"": ""30"", ""distance"": ""1114米"", ""status"": ""1"", ""last_update_time"": ""1774212708"", ""is_rail_loupan"": ""1"", ""subway_name"": ""2号线"", ""station_name"": ""高雄路"", ""distance_raw"": ""1114""}]",市南区漳州二路19号（佳世客步行街与漳州二路交界处）
267609,新黄金宅,青岛,30,胶州市,3647,胶州,3718,青岛胶州市胶州新汽车站北十字路口沿204国道东行500米,,,,,51-122㎡,200000m²,250000m²,"[{""id"": 74668, ""rooms"": 1, ""room_alias"": ""一室"", ""area"": 50.6}, {""id"": 74669, ""rooms"": 2, ""room_alias"": ""二室"", ""area"": 62.23}, {""id"": 74810, ""rooms"": 2, ""room_alias"": ""二室"", ""area"": 68.83}, {""id"": 72717, ""rooms"": 2, ""room_alias"": ""二室"", ""area"": 71}, {""id"": 74811, ""rooms"": 2, ""room_alias"": ""二室"", ""area"": 75.48}, {""id"": 74812, ""rooms"": 2, ""room_alias"": ""二室"", ""area"": 77.35}, {""id"": 74813, ""rooms"": 2, ""room_alias"": ""二室"", ""area"": 83.04}, {""id"": 74814, ""rooms"": 2, ""room_alias"": ""二室"", ""area"": 84.6}, {""id"": 74815, ""rooms"": 2, ""room_alias"": ""二室"", ""area"": 85.22}, {""id"": 74816, ""rooms"": 3, ""room_alias"": ""三室"", ""area"": 96.84}, {""id"": 74817, ""rooms"": 3, ""room_alias"": ""三室"", ""area"": 118.8}, {""id"": 74818, ""rooms"": 3, ""room_alias"": ""三室"", ""area"": 121.74}, {""id"": 74819, ""rooms"": 3, ""room_alias"": ""三室"", ""area"": 121.77}]",1/2/3室,"1室户型,2室户型,3室户型",2005-05-02,,2005年,2006年,[],小高层,多层、小高层,70年,1.2,38%,1000,毛坯,,住宅,保利物业,0.7元/㎡/月,,800,1:0.8,售罄,售罄,售罄,"[""青房注字(胶州)第2013015"", ""青房注字(胶州)第2013030"", ""青房注字(胶州)第2014011"", ""青房注字(胶州)第2014012"", ""青房注字(胶州)第2014036"", ""青房注字(胶州)第2014037"", ""青房注字(胶州)第2016019"", ""青房注字(胶州)第2016020""]",[],仁恒,,青岛联谊集团,民电,民水,36.403108,120.46503,"""""","{""53"": ""高绿化率"", ""52"": ""低容积"", ""9"": ""轨交房"", ""72"": ""配套纯熟"", ""71"": ""便利店"", ""70"": ""银行"", ""69"": ""学校"", ""68"": ""医院"", ""66"": ""公园"", ""65"": ""商业街"", ""64"": ""购物中心"", ""79"": ""小户型"", ""78"": ""大户型"", ""637"": ""公办中学"", ""636"": ""公办小学"", ""635"": ""民办小学"", ""598"": ""民办幼儿园"", ""597"": ""公办幼儿园""}","[""高绿化率"", ""低容积"", ""轨交房"", ""配套纯熟"", ""便利店""]",https://pic4.ajkimg.com/display/xinfang/b19df5eaf4297f4220d0ec6e298f30ea/275x206n.jpg,"[{""id"": ""7316442"", ""loupan_id"": ""248145"", ""station_id"": ""4442"", ""subway_id"": ""124"", ""city_id"": ""30"", ""distance"": ""630米"", ""status"": ""1"", ""last_update_time"": ""1774212708"", ""is_rail_loupan"": ""1"", ""subway_name"": ""7号线"", ""station_name"": ""青威路"", ""distance_raw"": ""630""}]",胶州市新汽车站北十字路口沿204国道东行500米
4873427,金色和平汇,青岛,30,市南区,3639,香港路沿线,3653,青岛市南区香港路沿线市南东海一路25号（湛山寺附近）,,,,,89㎡,住宅：19507m² 别墅：19507m²,住宅：33020m² 别墅：33020m²,"[{""id"": 54822, ""rooms"": 2, ""room_alias"": ""二室"", ""area"": 89.31}]",2室,2室户型,2005-12-18,,2005年,2006年,[],{多层},住宅：多层,住宅：70年 别墅：70年,住宅：1.1,住宅：40% 别墅：40%,住宅：204 别墅：204,住宅：带装修 别墅：带装修,,住宅,保利物业,住宅：2元/㎡/月,,,,售罄,售罄,售罄,[],[],路劲,,青岛亚建实业有限公司,住宅：民电,住宅：民水,36.062619,120.366024,"""""","{""53"": ""高绿化率"", ""52"": ""低容积"", ""29"": ""装修交付"", ""9"": ""轨交房"", ""10"": ""多轨交"", ""72"": ""配套纯熟"", ""71"": ""便利店"", ""70"": ""银行"", ""69"": ""学校"", ""68"": ""医院"", ""67"": ""生态绿地"", ""66"": ""公园"", ""65"": ""商业街"", ""64"": ""购物中心"", ""638"": ""民办中学"", ""637"": ""公办中学"", ""636"": ""公办小学"", ""635"": ""民办小学"", ""598"": ""民办幼儿园"", ""597"": ""公办幼儿园"", ""55"": ""小型社区""}","[""高绿化率"", ""低容积"", ""装修交付"", ""轨交房"", ""多轨交""]",https://pic4.ajkimg.com/display/xinfang/624ff5fc04486f92e826a0612e7250a1/275x206n.jpg,"[{""id"": ""7314100"", ""loupan_id"": ""241800"", ""station_id"": ""4477"", ""subway_id"": ""126"", ""city_id"": ""30"", ""distance"": ""650米"", ""status"": ""1"", ""last_update_time"": ""1774212706"", ""is_rail_loupan"": ""1"", ""subway_name"": ""2号线"", ""station_name"": ""芝泉路"", ""distance_raw"": ""650""}, {""id"": ""7314589"", ""loupan_id"": ""241800"", ""station_id"": ""4373"", ""subway_id"": ""121"", ""city_id"": ""30"", ""distance"": ""1345米"", ""status"": ""1"", ""last_update_time"": ""1774212706"", ""is_rail_loupan"": ""1"", ""subway_name"": ""3号线"", ""station_name"": ""延安三路"", ""distance_raw"": ""1345""}]",闽江路与闽江四路交汇处贵合新园
7388453,恒翠苑,青岛,30,即墨区,3645,温泉镇,5207,青岛即墨区温泉镇莱青路379号（香根温泉酒店旁),,,,,99-198㎡,住宅：62000m² 别墅：62000m²,住宅：43000m² 别墅：43000m²,"[{""id"": 173877, ""rooms"": 2, ""room_alias"": ""二室"", ""area"": 99}, {""id"": 173878, ""rooms"": 3, ""room_alias"": ""三室"", ""area"": 125}, {""id"": 173844, ""rooms"": 3, ""room_alias"": ""三室"", ""area"": 149}, {""id"": 146201, ""rooms"": 3, ""room_alias"": ""三室"", ""area"": 194}, {""id"": 173857, ""rooms"": 3, ""room_alias"": ""三室"", ""area"": 197.74}]",别墅、2/3室,"2室户型,3室户型,别墅户型",2005-11-01,,2005年,2006年,[],"{叠加别墅,花园洋房}",住宅：花园洋房 别墅：叠加别墅,住宅：40年 别墅：40年,住宅：0.7 别墅：0.7,住宅：45% 别墅：45%,,住宅：毛坯 别墅：毛坯,,住宅,碧桂园服务,住宅：2.4元/㎡/月 别墅：3.2元/㎡/月,,住宅：312 别墅：312,住宅：1:1 别墅：1:1,售罄,售罄,售罄,"[""青房地权备字2012第396号""]",[],金地,,青建地产集团有限公司,住宅：民电,住宅：民水,36.459492,120.670391,"""""","{""53"": ""高绿化率"", ""52"": ""低容积"", ""70"": ""银行"", ""68"": ""医院"", ""64"": ""购物中心"", ""78"": ""大户型"", ""637"": ""公办中学"", ""636"": ""公办小学"", ""598"": ""民办幼儿园"", ""597"": ""公办幼儿园""}","[""高绿化率"", ""低容积"", ""银行"", ""医院"", ""购物中心""]",https://pic4.ajkimg.com/display/xinfang/1643a2a0d83a97b7c49ba809be420a6a/275x206n.jpg,[],售楼地址 即墨温泉镇莱青路379号(香根温泉酒店旁)
8514724,翠南国墅,青岛,30,城阳区,3644,高新区,6139,青岛城阳区高新区智力岛路与和融路交汇处,,6854元/㎡,6854元/㎡,,,300000m²,40000m²,[],,,2005-07-17,2020年08月08日,2005年,2006年,[],多层,,40年,,35%,80,毛坯,,临街店铺,华润万象生活,4.09元/㎡/月,,300,,售罄,售罄,售罄,[],[],金地,融创中国,青岛中腾双创置地有限公司,商电,商水,36.279148,120.283573,"""""","{""559"": ""现房"", ""55"": ""小型社区"", ""50"": ""品牌开发商""}","[""现房"", ""小型社区"", ""品牌开发商""]",https://pic4.ajkimg.com/display/xinfang/5ea7c29572d87403ef4bfae52522d77e/275x206n.jpg,[],青岛市红岛高新区智力岛路与和融路交汇处
8987117,广润碧水坊,青岛,30,李沧区,3642,李村,3690,青岛李沧区李村桃园路27号,,,,,100-148㎡,14407.6m²,35051.69m²,"[{""id"": 473364, ""rooms"": 3, ""room_alias"": ""三室"", ""area"": 100}, {""id"": 473366, ""rooms"": 3, ""room_alias"": ""三室"", ""area"": 100}, {""id"": 473368, ""rooms"": 3, ""room_alias"": ""三室"", ""area"": 124}, {""id"": 473363, ""rooms"": 3, ""room_alias"": ""三室"", ""area"": 127}, {""id"": 473373, ""rooms"": 3, ""room_alias"": ""三室"", ""area"": 128.5}, {""id"": 473372, ""rooms"": 3, ""room_alias"": ""三室"", ""area"": 131}, {""id"": 473371, ""rooms"": 4, ""room_alias"": ""四室"", ""area"": 148}]",3/4室,"3室户型,4室户型",2005-09-15,2020年04月14日,2005年,2006年,"[""2020-04-14""]","{多层,小高层}",多层、小高层,70年,1.46,35%,153,毛坯,,住宅,新城悦服务,2.84元/㎡/月,,243,1:1.59,售罄,售罄,售罄,"[""青房注字(2020)第006号""]",[],华侨城,金水集团,青岛广润投资发展有限公司,民电,民水,36.173814,120.417906,"""""","{""559"": ""现房"", ""81"": ""大阳台"", ""56"": ""车位充足"", ""52"": ""低容积"", ""9"": ""轨交房"", ""76"": ""厨卫全明"", ""74"": ""南北通透"", ""73"": ""卧室全朝南"", ""10"": ""多轨交"", ""78"": ""大户型"", ""402"": ""玄关入户"", ""401"": ""户型方正"", ""397"": ""动静分离"", ""85"": ""主卧套房"", ""83"": ""双阳台"", ""82"": ""双卫生间"", ""638"": ""民办中学"", ""637"": ""公办中学"", ""636"": ""公办小学"", ""635"": ""民办小学"", ""624"": ""九年一贯制"", ""599"": ""省级示范园"", ""598"": ""民办幼儿园"", ""597"": ""公办幼儿园"", ""263"": ""VR看房"", ""55"": ""小型社区"", ""50"": ""品牌开发商""}","[""现房"", ""大阳台"", ""车位充足"", ""低容积"", ""轨交房""]",https://pic4.ajkimg.com/display/xinfang/a2e8ea24b2ab2e776efa9bd1dd4fd173/275x206n.jpg,"[{""id"": ""7313419"", ""loupan_id"": ""458391"", ""station_id"": ""4360"", ""subway_id"": ""121"", ""city_id"": ""30"", ""distance"": ""368米"", ""status"": ""1"", ""last_update_time"": ""1774212705"", ""is_rail_loupan"": ""1"", ""subway_name"": ""3号线"", ""station_name"": ""君峰路"", ""distance_raw"": ""368""}, {""id"": ""7313416"", ""loupan_id"": ""458391"", ""station_id"": ""4361"", ""subway_id"": ""121"", ""city_id"": ""30"", ""distance"": ""910米"", ""status"": ""1"", ""last_update_time"": ""1774212705"", ""is_rail_loupan"": ""1"", ""subway_name"": ""3号线"", ""station_name"": ""李村"", ""distance_raw"": ""910""}, {""id"": ""7316503"", ""loupan_id"": ""458391"", ""station_id"": ""4493"", ""subway_id"": ""126"", ""city_id"": ""30"", ""distance"": ""1093米"", ""status"": ""1"", ""last_update_time"": ""1774212709"", ""is_rail_loupan"": ""1"", ""subway_name"": ""2号线"", ""station_name"": ""李村"", ""distance_raw"": ""1093""}, {""id"": ""7316504"", ""loupan_id"": ""458391"", ""station_id"": ""4494"", ""subway_id"": ""126"", ""city_id"": ""30"", ""distance"": ""1130米"", ""status"": ""1"", ""last_update_time"": ""1774212709"", ""is_rail_loupan"": ""1"", ""subway_name"": ""2号线"", ""station_name"": ""李村公园"", ""distance_raw"": ""1130""}, {""id"": ""7313430"", ""loupan_id"": ""458391"", ""station_id"": ""4359"", ""subway_id"": ""121"", ""city_id"": ""30"", ""distance"": ""1354米"", ""status"": ""1"", ""last_update_time"": ""1774212705"", ""is_rail_loupan"": ""1"", ""subway_name"": ""3号线"", ""station_name"": ""振华路"", ""distance_raw"": ""1354""}, {""id"": ""7316821"", ""loupan_id"": ""458391"", ""station_id"": ""121279"", ""subway_id"": ""124"", ""city_id"": ""30"", ""distance"": ""1443米"", ""status"": ""1"", ""last_update_time"": ""1774212709"", ""is_rail_loupan"": ""1"", ""subway_name"": ""7号线"", ""station_name"": ""振华路"", ""distance_raw"": ""1443""}]",青岛市李沧区北园路7号
1908121,瑞佳苑三期,青岛,30,西海岸新区,3646,灵山卫,5209,青岛西海岸新区灵山卫灵山湾金凤凰路与郑戈庄路交汇处,,3770元/㎡,3770元/㎡,首付16万，月供3942元,106-216㎡,住宅：58301m² 别墅：58301m²,住宅：104900m² 别墅：104900m²,"[{""id"": 710121, ""rooms"": 3, ""room_alias"": ""三室"", ""area"": 106}, {""id"": 710122, ""rooms"": 3, ""room_alias"": ""三室"", ""area"": 119}, {""id"": 808486, ""rooms"": 3, ""room_alias"": ""三室"", ""area"": 130}, {""id"": 754359, ""rooms"": 3, ""room_alias"": ""三室"", ""area"": 136}, {""id"": 710126, ""rooms"": 4, ""room_alias"": ""四室"", ""area"": 152}, {""id"": 710190, ""rooms"": 4, ""room_alias"": ""四室"", ""area"": 165}, {""id"": 808028, ""rooms"": 4, ""room_alias"": ""四室"", ""area"": 199}, {""id"": 808029, ""rooms"": 4, ""room_alias"": ""四室"", ""area"": 216}]",3室、别墅,"3室户型,别墅户型",2005-10-10,2021年11月27日,2005年,2006年,"[""2024-04-28"", ""2023-05-06"", ""2022-11-21"", ""2022-01-05"", ""2021-12-02""]","{高层,花园洋房}",住宅：高层、花园洋房 别墅：叠加别墅,住宅：70年,住宅：1.8,住宅：30% 别墅：30%,住宅：804 别墅：804,住宅：毛坯 别墅：毛坯,在建中，竣工时间：暂无数据,住宅,融创服务,住宅：2.85元/㎡/月,,住宅：1123 别墅：1123,,售罄,售罄,售罄,"[""青房注字青黄23第172号"", ""青房注字青黄（2023）第055号"", ""青房注字青黄2022第145号"", ""青房注字青黄（2021）第246号"", ""青房注字青黄（21）第218号""]","[""14#、16#、15#、17#、3#、9#、8#"", ""23#、24#、2#、4#"", ""1#、5#、6#"", ""20#、21#"", ""25#、26#、11#、12#、13#、18#、19#""]",中海,和达集团,青岛栩升置业有限公司,住宅：民电,住宅：民水,35.918954,120.099725,"{""service_num"": ""4006708287"", ""num"": ""95526""}","{""559"": ""现房"", ""52"": ""低容积"", ""9"": ""轨交房"", ""76"": ""厨卫全明"", ""74"": ""南北通透"", ""73"": ""卧室全朝南"", ""7"": ""项目在建"", ""276"": ""一房一价"", ""5"": ""低单价"", ""4"": ""低总价"", ""78"": ""大户型"", ""404"": ""客餐厅相连"", ""403"": ""私密性好"", ""402"": ""玄关入户"", ""401"": ""户型方正"", ""397"": ""动静分离"", ""85"": ""主卧套房"", ""83"": ""双阳台"", ""90"": ""人气楼盘"", ""638"": ""民办中学"", ""637"": ""公办中学"", ""636"": ""公办小学"", ""598"": ""民办幼儿园"", ""597"": ""公办幼儿园"", ""541"": ""3D沙盘"", ""540"": ""日照模拟"", ""263"": ""VR看房"", ""50"": ""品牌开发商""}","[""现房"", ""低容积"", ""轨交房"", ""厨卫全明"", ""南北通透""]",https://pic4.ajkimg.com/display/xinfang/c81e3f3f772579873fb6c6f41ec3be96/275x206n.jpg,"[{""id"": ""7275108"", ""loupan_id"": ""500221"", ""station_id"": ""121249"", ""subway_id"": ""12071"", ""city_id"": ""30"", ""distance"": ""953米"", ""status"": ""1"", ""last_update_time"": ""1774212708"", ""is_rail_loupan"": ""1"", ""subway_name"": ""6号线"", ""station_name"": ""星海滩路"", ""distance_raw"": ""953""}]",青岛市西海岸新区滨海大道2777-106号
9077980,天世纪花苑,青岛,30,莱西市,3648,莱西,3720,青岛莱西市莱西北京东路85号,,,,,92-162㎡,142000m²,250000m²,"[{""id"": 345429, ""rooms"": 2, ""room_alias"": ""二室"", ""area"": 92}, {""id"": 345431, ""rooms"": 2, ""room_alias"": ""二室"", ""area"": 93}, {""id"": 345433, ""rooms"": 3, ""room_alias"": ""三室"", ""area"": 130}, {""id"": 345434, ""rooms"": 3, ""room_alias"": ""三室"", ""area"": 132}, {""id"": 345436, ""rooms"": 3, ""room_alias"": ""三室"", ""area"": 133}, {""id"": 434930, ""rooms"": 4, ""room_alias"": ""四室"", ""area"": 150}, {""id"": 345437, ""rooms"": 4, ""room_alias"": ""四室"", ""area"": 162}]",2/3/4室,"2室户型,3室户型,4室户型",2005-06-27,,2005年,2006年,"[""2015-10-21""]","{多层,小高层,高层}",多层、小高层、高层,70年,2,50%,1300,毛坯,,住宅,绿城服务,2元/㎡/月,,1300,1:1,售罄,售罄,售罄,"[""西房注字（2014）006"", ""西房注字(2018)011"", ""西房注字(2015)015""]","[""11# 12# 16# 28# 30# 31# 32# 33#""]",滨江集团,,青岛永正房地产开发有限公司,民电,民水,36.883383,120.528366,"""""","{""53"": ""高绿化率"", ""74"": ""南北通透"", ""78"": ""大户型"", ""83"": ""双阳台"", ""82"": ""双卫生间"", ""637"": ""公办中学"", ""636"": ""公办小学"", ""598"": ""民办幼儿园"", ""597"": ""公办幼儿园""}","[""高绿化率"", ""南北通透"", ""大户型"", ""双阳台"", ""双卫生间""]",https://pic4.ajkimg.com/display/xinfang/7753f1515818d3bee8425fa42f829754/275x206n.jpg,[],莱西市北京东路85号(北京东路与杭州路交汇处)
5047597,怡景南国丽景,青岛,30,即墨区,3645,即墨老城,17475,青岛即墨区即墨老城天山一路与中城路交汇处，墨水河北岸,,,,,80-123㎡,46455m²,162180m²,"[{""id"": 54962, ""rooms"": 2, ""room_alias"": ""二室"", ""area"": 80}, {""id"": 377539, ""rooms"": 2, ""room_alias"": ""二室"", ""area"": 86}, {""id"": 377536, ""rooms"": 2, ""room_alias"": ""二室"", ""area"": 90}, {""id"": 377524, ""rooms"": 3, ""room_alias"": ""三室"", ""area"": 123}]",2/3室,"2室户型,3室户型",2005-11-18,2013年05月31日,2005年,2006年,"[""2011-08-01"", ""2013-04-26"", ""2013-04-26"", ""2013-05-30"", ""2013-05-30"", ""2013-05-30"", ""2013-10-18"", ""2014-02-25"", ""2014-02-25""]",{高层},高层,70年,2.5,32%,1184,毛坯,,住宅,万科物业,1.2元/㎡/月,,1000,1:0.84,售罄,售罄,售罄,"[""即房(2011)注字053"", ""即房(2011)注字059"", ""即房(2011)注字060"", ""即房(2012)注字031"", ""即房(2012)注字033"", ""即房(2012)注字013"", ""即房(2012)注字015"", ""即房(2012)注字030"", ""即房(2012)注字032""]","[""4#、1#"", ""2#、3#"", ""6#"", ""10#"", ""12#"", ""12#"", ""9#"", ""8#"", ""11#""]",建发,,青岛宏和置业有限公司,民电,民水,36.373855,120.406307,"""""","{""559"": ""现房"", ""72"": ""配套纯熟"", ""71"": ""便利店"", ""70"": ""银行"", ""69"": ""学校"", ""68"": ""医院"", ""65"": ""商业街"", ""64"": ""购物中心"", ""78"": ""大户型"", ""638"": ""民办中学"", ""637"": ""公办中学"", ""636"": ""公办小学"", ""598"": ""民办幼儿园"", ""597"": ""公办幼儿园""}","[""现房"", ""配套纯熟"", ""便利店"", ""银行"", ""学校""]",https://pic4.ajkimg.com/display/xinfang/246b73976c249845a608146d30cff2d1/275x206n.jpg,[],天山一路与中城路交汇处
3136596,龙岸三期,青岛,30,李沧区,3642,李村,3690,青岛李沧区李村2014世园会会址南侧，滨海大道旁，海大崂山校区西北面,,,,,242-260㎡,住宅：33971m² 别墅：33971m²,住宅：39668m² 别墅：39668m²,[],别墅,别墅户型,2005-06-14,,2005年,2006年,[],{联排别墅},别墅：联排别墅,住宅：70年 别墅：70年,别墅：0.7,住宅：32% 别墅：32%,住宅：94 别墅：94,住宅：毛坯 别墅：毛坯,,住宅,世茂服务,别墅：6.49元/㎡/月,,住宅：169 别墅：169,住宅：1:1.8 别墅：1:1.8,售罄,售罄,售罄,[],[],滨江集团,,青岛万科置业有限公司,住宅：民电,住宅：民水,36.196787,120.480193,"{""service_num"": ""4006708287"", ""num"": """"}","{""56"": ""车位充足"", ""9"": ""轨交房"", ""72"": ""配套纯熟"", ""70"": ""银行"", ""69"": ""学校"", ""68"": ""医院"", ""66"": ""公园"", ""65"": ""商业街"", ""64"": ""购物中心"", ""78"": ""大户型"", ""638"": ""民办中学"", ""637"": ""公办中学"", ""636"": ""公办小学"", ""598"": ""民办幼儿园"", ""597"": ""公办幼儿园"", ""55"": ""小型社区""}","[""车位充足"", ""轨交房"", ""配套纯熟"", ""银行"", ""学校""]",https://pic4.ajkimg.com/display/xinfang/4ec3318dd078ee67e2abace5d45e0cc8/275x206n.jpg,"[{""id"": ""7314516"", ""loupan_id"": ""241790"", ""station_id"": ""121234"", ""subway_id"": ""126"", ""city_id"": ""30"", ""distance"": ""732米"", ""status"": ""1"", ""last_update_time"": ""1774212706"", ""is_rail_loupan"": ""1"", ""subway_name"": ""2号线"", ""station_name"": ""龙川路"", ""distance_raw"": ""732""}, {""id"": ""7314530"", ""loupan_id"": ""241790"", ""station_id"": ""121233"", ""subway_id"": ""126"", ""city_id"": ""30"", ""distance"": ""1171米"", ""status"": ""1"", ""last_update_time"": ""1774212706"", ""is_rail_loupan"": ""1"", ""subway_name"": ""2号线"", ""station_name"": ""常川路"", ""distance_raw"": ""1171""}, {""id"": ""7314528"", ""loupan_id"": ""241790"", ""station_id"": ""121232"", ""subway_id"": ""126"", ""city_id"": ""30"", ""distance"": ""1500米"", ""status"": ""1"", ""last_update_time"": ""1774212706"", ""is_rail_loupan"": ""1"", ""subway_name"": ""2号线"", ""station_name"": ""东川路"", ""distance_raw"": ""1500""}]",金水路与毛杨路交界处万科生态城售楼处
690675,中黄金都,青岛,30,市南区,3639,香港路沿线,3653,青岛市南区香港路沿线香港中路26号,,,,,,13414m²,138501m²,[],,,2005-09-22,2010年09月01日,2005年,2006年,[],{高层},高层,40年,7.16,42%,435,毛坯,,商业,华润万象生活,21元/㎡/月,,967,1:2.2,售罄,售罄,售罄,"[""青房注字(2010)065号""]",[],建发,,青岛深华房地产有限公司,商电,商水,36.085265,120.395363,"""""","{""559"": ""现房"", ""56"": ""车位充足"", ""9"": ""轨交房"", ""10"": ""多轨交"", ""60"": ""海景地产"", ""72"": ""配套纯熟"", ""71"": ""便利店"", ""70"": ""银行"", ""68"": ""医院"", ""67"": ""生态绿地"", ""66"": ""公园"", ""65"": ""商业街"", ""64"": ""购物中心""}","[""现房"", ""车位充足"", ""轨交房"", ""多轨交"", ""海景地产""]",https://pic4.ajkimg.com/display/xinfang/0ccd555eca7e883c8280d33b0f598ebb/275x206n.jpg,"[{""id"": ""7314799"", ""loupan_id"": ""245712"", ""station_id"": ""4479"", ""subway_id"": ""126"", ""city_id"": ""30"", ""distance"": ""318米"", ""status"": ""1"", ""last_update_time"": ""1774212706"", ""is_rail_loupan"": ""1"", ""subway_name"": ""2号线"", ""station_name"": ""浮山所"", ""distance_raw"": ""318""}, {""id"": ""7314800"", ""loupan_id"": ""245712"", ""station_id"": ""4478"", ""subway_id"": ""126"", ""city_id"": ""30"", ""distance"": ""655米"", ""status"": ""1"", ""last_update_time"": ""1774212706"", ""is_rail_loupan"": ""1"", ""subway_name"": ""2号线"", ""station_name"": ""五四广场"", ""distance_raw"": ""655""}, {""id"": ""7315312"", ""loupan_id"": ""245712"", ""station_id"": ""4372"", ""subway_id"": ""121"", ""city_id"": ""30"", ""distance"": ""679米"", ""status"": ""1"", ""last_update_time"": ""1774212707"", ""is_rail_loupan"": ""1"", ""subway_name"": ""3号线"", ""station_name"": ""五四广场"", ""distance_raw"": ""679""}, {""id"": ""7316127"", ""loupan_id"": ""245712"", ""station_id"": ""121288"", ""subway_id"": ""1044"", ""city_id"": ""30"", ""distance"": ""734米"", ""status"": ""1"", ""last_update_time"": ""1774212708"", ""is_rail_loupan"": ""1"", ""subway_name"": ""8号线"", ""station_name"": ""五四广场"", ""distance_raw"": ""734""}, {""id"": ""7315313"", ""loupan_id"": ""245712"", ""station_id"": ""4371"", ""subway_id"": ""121"", ""city_id"": ""30"", ""distance"": ""1264米"", ""status"": ""1"", ""last_update_time"": ""1774212707"", ""is_rail_loupan"": ""1"", ""subway_name"": ""3号线"", ""station_name"": ""江西路"", ""distance_raw"": ""1264""}, {""id"": ""7314806"", ""loupan_id"": ""245712"", ""station_id"": ""4480"", ""subway_id"": ""126"", ""city_id"": ""30"", ""distance"": ""1385米"", ""status"": ""1"", ""last_update_time"": ""1774212706"", ""is_rail_loupan"": ""1"", ""subway_name"": ""2号线"", ""station_name"": ""燕儿岛路"", ""distance_raw"": ""1385""}, {""id"": ""7315315"", ""loupan_id"": ""245712"", ""station_id"": ""4373"", ""subway_id"": ""121"", ""city_id"": ""30"", ""distance"": ""1421米"", ""status"": ""1"", ""last_update_time"": ""1774212707"", ""is_rail_loupan"": ""1"", ""subway_name"": ""3号线"", ""station_name"": ""延安三路"", ""distance_raw"": ""1421""}]",青岛市南区香港中路26号远雄国际广场一楼
9954022,天齐玉兰豪庭,青岛,30,黄岛区,4516,其他,10172,青岛黄岛区其他嘉陵江东路与长江东路交汇处267号,,,,,47-122㎡,15641m²,81276m²,"[{""id"": 155588, ""rooms"": 1, ""room_alias"": ""一室"", ""area"": 46.83}, {""id"": 143283, ""rooms"": 3, ""room_alias"": ""三室"", ""area"": 95.26}, {""id"": 143282, ""rooms"": 3, ""room_alias"": ""三室"", ""area"": 99.93}, {""id"": 143285, ""rooms"": 3, ""room_alias"": ""三室"", ""area"": 122.04}]",3室、1室,"商业户型,3室户型",2005-06-02,,2005年,2006年,[],洋房,,40年,,38%,354,毛坯,,商业,保利物业,,,592,1:1,售罄,售罄,售罄,[],[],碧桂园,,山东天齐集团,商电,商水,35.965295,120.22105,"""""","{""9"": ""轨交房"", ""72"": ""配套纯熟"", ""71"": ""便利店"", ""70"": ""银行"", ""68"": ""医院"", ""67"": ""生态绿地"", ""66"": ""公园"", ""65"": ""商业街"", ""64"": ""购物中心"", ""78"": ""大户型""}","[""轨交房"", ""配套纯熟"", ""便利店"", ""银行"", ""医院""]",https://pic4.ajkimg.com/display/xinfang/53a7b2ca25efe22c34c1c8b508b6be99/275x206n.jpg,"[{""id"": ""7314121"", ""loupan_id"": ""383838"", ""station_id"": ""120300"", ""subway_id"": ""1045"", ""city_id"": ""30"", ""distance"": ""509米"", ""status"": ""1"", ""last_update_time"": ""1774212706"", ""is_rail_loupan"": ""1"", ""subway_name"": ""1号线"", ""station_name"": ""安子"", ""distance_raw"": ""509""}, {""id"": ""7313752"", ""loupan_id"": ""383838"", ""station_id"": ""120439"", ""subway_id"": ""1045"", ""city_id"": ""30"", ""distance"": ""671米"", ""status"": ""1"", ""last_update_time"": ""1774212705"", ""is_rail_loupan"": ""1"", ""subway_name"": ""1号线"", ""station_name"": ""天目山"", ""distance_raw"": ""671""}]",嘉陵江东路与长江东路交汇处
1924169,博乐居城,青岛,30,胶州市,3647,胶州,3718,青岛胶州市胶州北京路与海尔大道交汇处路西,,,,,91-131㎡,36407m²,107972m²,"[{""id"": 139371, ""rooms"": 2, ""room_alias"": ""二室"", ""area"": 91.24}, {""id"": 139375, ""rooms"": 2, ""room_alias"": ""二室"", ""area"": 95.2}, {""id"": 139374, ""rooms"": 2, ""room_alias"": ""二室"", ""area"": 103.46}, {""id"": 139376, ""rooms"": 3, ""room_alias"": ""三室"", ""area"": 131.23}]",2/3室,"2室户型,3室户型",2005-11-19,,2005年,2006年,[],"{小高层,高层}",小高层、高层,70年,,,775,,,住宅,绿城服务,,,701,1:0.8,售罄,售罄,售罄,"[""青房注字(胶州)第2015031""]",[],仁恒,,,民电,民水,36.282206,120.041522,"""""","{""72"": ""配套纯熟"", ""70"": ""银行"", ""69"": ""学校"", ""68"": ""医院"", ""66"": ""公园"", ""65"": ""商业街"", ""78"": ""大户型"", ""637"": ""公办中学"", ""636"": ""公办小学"", ""598"": ""民办幼儿园"", ""597"": ""公办幼儿园""}","[""配套纯熟"", ""银行"", ""学校"", ""医院"", ""公园""]",https://pic4.ajkimg.com/display/xinfang/9b62b9b08bd9cec77e6aea7408804f7a/275x206n.jpg,[],青岛胶州市北京路与海尔大道交汇处路西
6453019,保利幸福新村,青岛,30,胶州市,3647,少海新城,17479,青岛胶州市少海新城少海北路52号,,2741元/㎡,2741元/㎡,首付8万，月供2079元,89-196㎡,住宅：252000m² 别墅：252000m²,住宅：418000m² 别墅：418000m²,"[{""id"": 621817, ""rooms"": 3, ""room_alias"": ""三室"", ""area"": 89}, {""id"": 757831, ""rooms"": 3, ""room_alias"": ""三室"", ""area"": 108}, {""id"": 622437, ""rooms"": 3, ""room_alias"": ""三室"", ""area"": 112}, {""id"": 529240, ""rooms"": 3, ""room_alias"": ""三室"", ""area"": 116}, {""id"": 331752, ""rooms"": 3, ""room_alias"": ""三室"", ""area"": 123}, {""id"": 531051, ""rooms"": 3, ""room_alias"": ""三室"", ""area"": 130}, {""id"": 331756, ""rooms"": 3, ""room_alias"": ""三室"", ""area"": 133}, {""id"": 531053, ""rooms"": 3, ""room_alias"": ""三室"", ""area"": 140}, {""id"": 331781, ""rooms"": 3, ""room_alias"": ""三室"", ""area"": 160}, {""id"": 757832, ""rooms"": 4, ""room_alias"": ""四室"", ""area"": 128}, {""id"": 723324, ""rooms"": 4, ""room_alias"": ""四室"", ""area"": 196}]",3/4室、别墅,"3室户型,4室户型,别墅户型",2005-09-16,2021年03月26日,2005年,2006年,"[""2022-04-21"", ""2021-10-25"", ""2021-03-26"", ""2019-09-03"", ""2020-07-24"", ""2020-11-24""]","{小高层,高层}",住宅：小高层、高层 别墅：联排别墅,住宅：70年 别墅：70年,住宅：1.2,住宅：35% 别墅：35%,住宅：2464 别墅：2464,住宅：毛坯 别墅：毛坯,,住宅,保利物业,住宅：2.7元/㎡/月 别墅：2.7元/㎡/月,,住宅：3078 别墅：3078,住宅：1:1.2 别墅：1:1.2,售罄,售罄,售罄,"[""青房注字（胶州）第2022010号"", ""青房注字（胶州）第2021084号"", ""青房注字（胶州）第2021012号"", ""青房注字（胶州）第2019061号"", ""青房注字（胶州）第2020069号"", ""青房注字（胶州）第2020134号""]","[""2#、8#"", ""少海北路52号12#、14#、4#、8#"", ""11#、12#"", ""10#、5#"", ""三期3#、三期7#"", ""三期13#""]",旭辉,保利集团,青岛悦海居置业有限公司,住宅：民电,住宅：民水,36.259271,120.112762,"""""","{""57"": ""人车分流"", ""56"": ""车位充足"", ""52"": ""低容积"", ""63"": ""旅游地产"", ""404"": ""客餐厅相连"", ""403"": ""私密性好"", ""636"": ""公办小学"", ""598"": ""民办幼儿园"", ""597"": ""公办幼儿园"", ""263"": ""VR看房"", ""54"": ""大型社区"", ""50"": ""品牌开发商""}","[""人车分流"", ""车位充足"", ""低容积"", ""旅游地产"", ""客餐厅相连""]",https://pic4.ajkimg.com/display/xinfang/b487dbe66ebd87676cce6da0c10dd575/275x206n.jpg,[],青岛市胶州市少海北路52号
3562766,绿花苑一期,青岛,30,莱西市,3648,莱西,3720,青岛莱西市莱西重庆西路17号,,2570元/㎡,2570元/㎡,首付9万，月供2294元,85-130㎡,69551.21m²,215818m²,"[{""id"": 547542, ""rooms"": 2, ""room_alias"": ""二室"", ""area"": 85}, {""id"": 547540, ""rooms"": 3, ""room_alias"": ""三室"", ""area"": 108}, {""id"": 547544, ""rooms"": 3, ""room_alias"": ""三室"", ""area"": 110}, {""id"": 547545, ""rooms"": 3, ""room_alias"": ""三室"", ""area"": 130}]",2/3室,"2室户型,3室户型",2005-11-13,2021年10月21日,2005年,2006年,"[""2021-10-21"", ""2019-12-02""]","{多层,小高层,高层}",多层、小高层、高层,70年,2.17,30%,1364,毛坯,,住宅,华润万象生活,2.06元/㎡/月,,1668,1:1.2,售罄,售罄,售罄,"[""西房注字（2021）053"", ""西房注字（2019）049""]","[""19#、20#、24#、25#"", ""6#、7#、8#""]",碧桂园,,青岛润辉置业有限公司,民电,民水,36.893856,120.516209,"""""","{""559"": ""现房"", ""81"": ""大阳台"", ""56"": ""车位充足"", ""76"": ""厨卫全明"", ""74"": ""南北通透"", ""32"": ""绿色住宅"", ""78"": ""大户型"", ""404"": ""客餐厅相连"", ""402"": ""玄关入户"", ""401"": ""户型方正"", ""397"": ""动静分离"", ""85"": ""主卧套房"", ""638"": ""民办中学"", ""637"": ""公办中学"", ""636"": ""公办小学"", ""598"": ""民办幼儿园"", ""597"": ""公办幼儿园"", ""263"": ""VR看房""}","[""现房"", ""大阳台"", ""车位充足"", ""厨卫全明"", ""南北通透""]",https://pic4.ajkimg.com/display/xinfang/c605d88616d93ef9d518dd6b9fc5c7f8/275x206n.jpg,[],青岛市莱西市北京西路5号
4847530,龙明珠花园,青岛,30,莱西市,3648,莱西,3720,青岛莱西市莱西姜山新城杭州路与李朴路交汇处,,,,,86-115㎡,400000m²,830000m²,"[{""id"": 307560, ""rooms"": 2, ""room_alias"": ""二室"", ""area"": 86}, {""id"": 345610, ""rooms"": 2, ""room_alias"": ""二室"", ""area"": 86}, {""id"": 345612, ""rooms"": 3, ""room_alias"": ""三室"", ""area"": 96}, {""id"": 345613, ""rooms"": 3, ""room_alias"": ""三室"", ""area"": 96}, {""id"": 345615, ""rooms"": 3, ""room_alias"": ""三室"", ""area"": 114}, {""id"": 345616, ""rooms"": 3, ""room_alias"": ""三室"", ""area"": 114}, {""id"": 345617, ""rooms"": 3, ""room_alias"": ""三室"", ""area"": 115}]",2/3室,"2室户型,3室户型",2005-08-18,,2005年,2006年,"[""2016-11-24""]",{多层},多层,70年,1.5,30%,5000,毛坯,,住宅,中海物业,1.2元/㎡/月,,259,,售罄,售罄,售罄,"[""西房注字(2016)012""]","[""16#、10#、12#、2#、8#、15#、18#、6#、7#""]",朗诗,,青岛远腾投资发展有限公司,民电,民水,36.63834,120.539819,"{""service_num"": ""4006708287"", ""num"": """"}","{""52"": ""低容积"", ""70"": ""银行"", ""69"": ""学校"", ""78"": ""大户型"", ""637"": ""公办中学"", ""636"": ""公办小学"", ""54"": ""大型社区""}","[""低容积"", ""银行"", ""学校"", ""大户型"", ""公办中学""]",https://pic4.ajkimg.com/display/xinfang/b2b43ec45e598b6b4b73361c79172006/275x206n.jpg,[],青岛莱西市姜山新城杭州路与李朴路交汇处
9154919,信达幸福榭,青岛,30,胶州市,3647,老城区,17476,青岛胶州市老城区杨林路以北，儒林路以南，毫州路以东，漳州路以西,,1850元/㎡,1850元/㎡,首付9万，月供2186元,89-115㎡,90007m²,300000m²,"[{""id"": 775594, ""rooms"": 3, ""room_alias"": ""三室"", ""area"": 89}, {""id"": 812934, ""rooms"": 3, ""room_alias"": ""三室"", ""area"": 95}, {""id"": 775597, ""rooms"": 3, ""room_alias"": ""三室"", ""area"": 105}, {""id"": 813315, ""rooms"": 3, ""room_alias"": ""三室"", ""area"": 115}]",3室,3室户型,2005-11-19,2022年09月25日,2005年,2006年,"[""2023-05-15"", ""2022-09-06""]",洋房,高层,70年,2.46,35%,2071,毛坯,在建中，竣工时间：暂无数据,住宅,招商积余,2.31元/㎡/月,,2385,1:1.15,售罄,售罄,售罄,"[""青房注字（胶州）第2023004号"", ""青房注字（胶州）第2022041号""]","[""1#"", ""7#""]",绿城,信达地产,青岛信达置业有限公司,民电,民水,36.312681,119.980567,"""""","{""56"": ""车位充足"", ""76"": ""厨卫全明"", ""74"": ""南北通透"", ""73"": ""卧室全朝南"", ""7"": ""项目在建"", ""5"": ""低单价"", ""4"": ""低总价"", ""78"": ""大户型"", ""402"": ""玄关入户"", ""401"": ""户型方正"", ""397"": ""动静分离"", ""85"": ""主卧套房"", ""83"": ""双阳台"", ""90"": ""人气楼盘"", ""638"": ""民办中学"", ""637"": ""公办中学"", ""636"": ""公办小学"", ""635"": ""民办小学"", ""598"": ""民办幼儿园"", ""597"": ""公办幼儿园"", ""541"": ""3D沙盘"", ""540"": ""日照模拟"", ""263"": ""VR看房"", ""54"": ""大型社区"", ""50"": ""品牌开发商""}","[""车位充足"", ""厨卫全明"", ""南北通透"", ""卧室全朝南"", ""项目在建""]",https://pic4.ajkimg.com/display/xinfang/e78a51ffafc50a069bb6befb9f15b560/275x206n.jpg,[],胶州市胶州西路与漳州路路口西侧50米信达·君和蓝庭展示中心
7529012,和庭三期,青岛,30,平度市,3649,平度,3722,青岛平度市平度红旗路89号（平度市博物馆附近）,,,,,90-110㎡,140000m²,460000m²,"[{""id"": 110085, ""rooms"": 2, ""room_alias"": ""二室"", ""area"": 90}, {""id"": 110086, ""rooms"": 3, ""room_alias"": ""三室"", ""area"": 110}]",2/3室,"2室户型,3室户型",2005-10-20,,2005年,2006年,[],"{小高层,高层}",小高层、高层,70年,2.5,28%,656,毛坯,,住宅,龙湖智慧服务,2元/㎡/月,,,,售罄,售罄,售罄,"[""平房注字(2012)366""]",[],象屿,,万科企业股份有限公司,民电,民水,36.804023,119.957017,"""""","{""72"": ""配套纯熟"", ""71"": ""便利店"", ""70"": ""银行"", ""69"": ""学校"", ""68"": ""医院"", ""66"": ""公园"", ""65"": ""商业街"", ""64"": ""购物中心"", ""78"": ""大户型"", ""638"": ""民办中学"", ""637"": ""公办中学"", ""636"": ""公办小学"", ""635"": ""民办小学"", ""598"": ""民办幼儿园"", ""597"": ""公办幼儿园""}","[""配套纯熟"", ""便利店"", ""银行"", ""学校"", ""医院""]",https://pic4.ajkimg.com/display/xinfang/da68646f26e29fb2973dbd5c0ba647fa/275x206n.jpg,[],红旗路89号
8906235,新乐居苑,青岛,30,市南区,3639,香港路沿线,3653,青岛市南区香港路沿线福州南路17号、27号,,,,,,35598m²,77545m²,[],,,2005-01-08,,2005年,2006年,[],别墅,,70年,,20%,500,毛坯,,标准写字楼,碧桂园服务,16元/㎡/月,,500,1:1,售罄,售罄,售罄,[],[],大华,泛海控股,泛海建设集团青岛有限公司,商电,商水,36.06225,120.399679,"""""","{""9"": ""轨交房"", ""72"": ""配套纯熟"", ""71"": ""便利店"", ""70"": ""银行"", ""68"": ""医院"", ""65"": ""商业街"", ""64"": ""购物中心"", ""50"": ""品牌开发商""}","[""轨交房"", ""配套纯熟"", ""便利店"", ""银行"", ""医院""]",https://pic4.ajkimg.com/display/xinfang/a5e7ead5cd45acd1220c083aa11942e7/275x206n.jpg,"[{""id"": ""7315719"", ""loupan_id"": ""413160"", ""station_id"": ""4480"", ""subway_id"": ""126"", ""city_id"": ""30"", ""distance"": ""754米"", ""status"": ""1"", ""last_update_time"": ""1774212708"", ""is_rail_loupan"": ""1"", ""subway_name"": ""2号线"", ""station_name"": ""燕儿岛路"", ""distance_raw"": ""754""}, {""id"": ""7315732"", ""loupan_id"": ""413160"", ""station_id"": ""4479"", ""subway_id"": ""126"", ""city_id"": ""30"", ""distance"": ""951米"", ""status"": ""1"", ""last_update_time"": ""1774212708"", ""is_rail_loupan"": ""1"", ""subway_name"": ""2号线"", ""station_name"": ""浮山所"", ""distance_raw"": ""951""}, {""id"": ""7315713"", ""loupan_id"": ""413160"", ""station_id"": ""4481"", ""subway_id"": ""126"", ""city_id"": ""30"", ""distance"": ""1469米"", ""status"": ""1"", ""last_update_time"": ""1774212708"", ""is_rail_loupan"": ""1"", ""subway_name"": ""2号线"", ""station_name"": ""高雄路"", ""distance_raw"": ""1469""}]",市南区福州南路27号
3479978,世博桃源小区,青岛,30,西海岸新区,3646,灵山卫,5209,青岛西海岸新区灵山卫三沙路东与香海路交叉口往东约100米,,4284元/㎡,4284元/㎡,首付15万，月供3763元,76-142㎡,住宅：204293m² 别墅：204293m²,住宅：546226.55m² 别墅：546226.55m²,"[{""id"": 634838, ""rooms"": 2, ""room_alias"": ""二室"", ""area"": 76}, {""id"": 569156, ""rooms"": 3, ""room_alias"": ""三室"", ""area"": 95}, {""id"": 635682, ""rooms"": 3, ""room_alias"": ""三室"", ""area"": 98}, {""id"": 569154, ""rooms"": 3, ""room_alias"": ""三室"", ""area"": 110}, {""id"": 573626, ""rooms"": 3, ""room_alias"": ""三室"", ""area"": 112}, {""id"": 634839, ""rooms"": 3, ""room_alias"": ""三室"", ""area"": 113}, {""id"": 634840, ""rooms"": 3, ""room_alias"": ""三室"", ""area"": 118}, {""id"": 569150, ""rooms"": 3, ""room_alias"": ""三室"", ""area"": 125}, {""id"": 573631, ""rooms"": 3, ""room_alias"": ""三室"", ""area"": 128}, {""id"": 569147, ""rooms"": 4, ""room_alias"": ""四室"", ""area"": 140}, {""id"": 573637, ""rooms"": 4, ""room_alias"": ""四室"", ""area"": 142}]",2/3/4室,"2室户型,3室户型,4室户型",2005-11-21,2021年09月16日,2005年,2006年,"[""2020-06-23"", ""2021-05-06"", ""2021-09-16"", ""2021-07-08"", ""2021-09-16"", ""2021-09-16""]",超高层,住宅：多层、小高层 别墅：双拼别墅,住宅：70年 别墅：70年,住宅：2,住宅：35% 别墅：35%,住宅：3300 别墅：3300,住宅：毛坯 别墅：毛坯,已竣工，竣工时间：2022-12-31,住宅,保利物业,住宅：2.38元/㎡/月,,住宅：4561 别墅：4561,住宅：1:1.38 别墅：1:1.38,售罄,售罄,售罄,"[""青房注字（青黄20）第122号"", ""青房注字青黄（2021）第027号"", ""青房注字青黄(2021)第137号"", ""青房注字（青黄21）第041号"", ""青房注字青黄（2021）第135号"", ""青房注字青黄（2021）第136号""]","[""24#、25#、26#、27#、28#、30#、32#、33#、34#"", ""一期23#、一期24#、一期25#、一期26#、一期27#、一期28#、一期30#、一期31#、一期32#、一期33#、一期34#"", ""9#、13#、14#、15#、16#、17#"", ""18#、19#、20#"", ""二期4#"", ""1#、2#、3#、4#、6#、7#、8#""]",中海,中国中铁,中国中铁置业集团有限公司,住宅：民电,住宅：民水,35.829439,120.030021,"""""","{""559"": ""现房"", ""557"": ""项目竣工"", ""56"": ""车位充足"", ""9"": ""轨交房"", ""76"": ""厨卫全明"", ""74"": ""南北通透"", ""73"": ""卧室全朝南"", ""78"": ""大户型"", ""404"": ""客餐厅相连"", ""403"": ""私密性好"", ""402"": ""玄关入户"", ""401"": ""户型方正"", ""397"": ""动静分离"", ""85"": ""主卧套房"", ""83"": ""双阳台"", ""82"": ""双卫生间"", ""638"": ""民办中学"", ""637"": ""公办中学"", ""636"": ""公办小学"", ""635"": ""民办小学"", ""598"": ""民办幼儿园"", ""597"": ""公办幼儿园"", ""541"": ""3D沙盘"", ""540"": ""日照模拟"", ""263"": ""VR看房"", ""216"": ""社区底商"", ""131"": ""远郊新城"", ""98"": ""改善置业"", ""97"": ""刚需直选"", ""54"": ""大型社区"", ""50"": ""品牌开发商""}","[""现房"", ""项目竣工"", ""车位充足"", ""轨交房"", ""厨卫全明""]",https://pic4.ajkimg.com/display/xinfang/a657bd4b28b3b4a2fed9800d40bd3eba/275x206n.jpg,"[{""id"": ""7315970"", ""loupan_id"": ""472934"", ""station_id"": ""4414"", ""subway_id"": ""123"", ""city_id"": ""30"", ""distance"": ""1319米"", ""status"": ""1"", ""last_update_time"": ""1774212708"", ""is_rail_loupan"": ""1"", ""subway_name"": ""西海岸快线"", ""station_name"": ""盛海路（世博城）"", ""distance_raw"": ""1319""}]",青岛市黄岛区滨海大道7777号
1544026,世峰,青岛,30,即墨区,3645,温泉镇,5207,青岛即墨区温泉镇南泉镇三城路西，鱼水路北，南泉中学南,,,,,77-110㎡,44863m²,59997m²,"[{""id"": 145683, ""rooms"": 2, ""room_alias"": ""二室"", ""area"": 77}, {""id"": 145684, ""rooms"": 4, ""room_alias"": ""四室"", ""area"": 110}]",2/4室,"2室户型,4室户型",2005-05-21,,2005年,2006年,[],{多层},多层,70年,1.49,36%,652,毛坯,,住宅,合景悠活,0.6元/㎡/月,,531,1:0.8,售罄,售罄,售罄,"[""即房(2013)注字016"", ""即房(2013)注字058"", ""即房(2013)注字062"", ""即房(2013)注字075"", ""即房(2014)注字016""]",[],万科,,,民电,民水,36.400891,120.288243,"""""","{""53"": ""高绿化率"", ""52"": ""低容积"", ""70"": ""银行"", ""69"": ""学校"", ""68"": ""医院"", ""78"": ""大户型"", ""637"": ""公办中学"", ""636"": ""公办小学"", ""598"": ""民办幼儿园"", ""597"": ""公办幼儿园""}","[""高绿化率"", ""低容积"", ""银行"", ""学校"", ""医院""]",https://pic4.ajkimg.com/display/xinfang/ce30f3f9d748a8c177059479c37c5d54/275x206n.jpg,[],青岛即墨市南泉镇三城路西南泉中学南
4849860,天玉兰名城,青岛,30,市北区,3640,台东,3674,青岛市北区台东市北汉口路88号（汉口路威海路交界处）,,,,,59-140㎡,96000m²,12000m²,"[{""id"": 42962, ""rooms"": 1, ""room_alias"": ""一室"", ""area"": 59}, {""id"": 42964, ""rooms"": 2, ""room_alias"": ""二室"", ""area"": 61}, {""id"": 42965, ""rooms"": 2, ""room_alias"": ""二室"", ""area"": 65}, {""id"": 42960, ""rooms"": 2, ""room_alias"": ""二室"", ""area"": 80}, {""id"": 42961, ""rooms"": 4, ""room_alias"": ""四室"", ""area"": 140}]",1/2/4室,"1室户型,2室户型,4室户型",2005-01-05,,2005年,2006年,[],{高层},高层,70年,5.97,35%,784,毛坯,,住宅,旭辉永升,1.8元/㎡/月,,600,,售罄,售罄,售罄,"[""青房注字2013第085号""]",[],阳光城,,香港德辉国际（集团）,民电,民水,36.107006,120.360324,"""""","{""9"": ""轨交房"", ""10"": ""多轨交"", ""72"": ""配套纯熟"", ""71"": ""便利店"", ""70"": ""银行"", ""69"": ""学校"", ""68"": ""医院"", ""66"": ""公园"", ""65"": ""商业街"", ""64"": ""购物中心"", ""79"": ""小户型"", ""78"": ""大户型"", ""638"": ""民办中学"", ""637"": ""公办中学"", ""636"": ""公办小学"", ""635"": ""民办小学"", ""624"": ""九年一贯制"", ""598"": ""民办幼儿园"", ""597"": ""公办幼儿园""}","[""轨交房"", ""多轨交"", ""配套纯熟"", ""便利店"", ""银行""]",https://pic4.ajkimg.com/display/xinfang/0d02faad96d01aaad1d11976073f922b/275x206n.jpg,"[{""id"": ""7316187"", ""loupan_id"": ""244790"", ""station_id"": ""120433"", ""subway_id"": ""1045"", ""city_id"": ""30"", ""distance"": ""442米"", ""status"": ""1"", ""last_update_time"": ""1774212708"", ""is_rail_loupan"": ""1"", ""subway_name"": ""1号线"", ""station_name"": ""海泊桥(海慈医疗)"", ""distance_raw"": ""442""}, {""id"": ""7315793"", ""loupan_id"": ""244790"", ""station_id"": ""120744"", ""subway_id"": ""12051"", ""city_id"": ""30"", ""distance"": ""495米"", ""status"": ""1"", ""last_update_time"": ""1774212708"", ""is_rail_loupan"": ""1"", ""subway_name"": ""4号线"", ""station_name"": ""海泊桥(海慈医疗)"", ""distance_raw"": ""495""}, {""id"": ""7315791"", ""loupan_id"": ""244790"", ""station_id"": ""120743"", ""subway_id"": ""12051"", ""city_id"": ""30"", ""distance"": ""1232米"", ""status"": ""1"", ""last_update_time"": ""1774212708"", ""is_rail_loupan"": ""1"", ""subway_name"": ""4号线"", ""station_name"": ""海泊河公园"", ""distance_raw"": ""1232""}, {""id"": ""7315802"", ""loupan_id"": ""244790"", ""station_id"": ""120731"", ""subway_id"": ""12051"", ""city_id"": ""30"", ""distance"": ""1292米"", ""status"": ""1"", ""last_update_time"": ""1774212708"", ""is_rail_loupan"": ""1"", ""subway_name"": ""4号线"", ""station_name"": ""西吴家村"", ""distance_raw"": ""1292""}, {""id"": ""7313786"", ""loupan_id"": ""244790"", ""station_id"": ""120399"", ""subway_id"": ""1045"", ""city_id"": ""30"", ""distance"": ""1467米"", ""status"": ""1"", ""last_update_time"": ""1774212705"", ""is_rail_loupan"": ""1"", ""subway_name"": ""1号线"", ""station_name"": ""台东"", ""distance_raw"": ""1467""}]",青岛市市北区汉口路88号
5794962,卓越星辰阁,青岛,30,李沧区,3642,世园,5195,青岛李沧区世园汉川路796号,,,,,,52000m²,218000m²,[],,,2005-11-11,,2005年,2006年,"[""2018-03-21"", ""2018-08-22"", ""2017-07-21"", ""2017-04-17"", ""2016-12-22"", ""2016-11-29"", ""2016-10-14""]",{小高层},小高层,40年,3,30%,1427,毛坯,,商业,旭辉永升,2.4元/㎡/月,,1473,1:1,售罄,售罄,售罄,"[""青房注字(2017)第005号"", ""青房注字（2018）第018号"", ""青房注字(2017)第077号"", ""青房注字(2017)第070号"", ""青房注字（2017）第037号"", ""青房注字(2016)第162号"", ""青房注字(2016)第150号"", ""青房注字(2016)第123号""]","[""15#"", ""13# 14# 15#"", ""12# 6# 7#"", ""8#"", ""4# 5#"", ""3#"", ""1# 2#""]",中铁建,,青岛卓越东郡置业有限公司,商电,商水,36.210156,120.457447,"""""","{""637"": ""公办中学"", ""636"": ""公办小学"", ""597"": ""公办幼儿园"", ""598"": ""民办幼儿园""}","[""公办中学"", ""公办小学"", ""公办幼儿园"", ""民办幼儿园""]",https://pic4.ajkimg.com/display/xinfang/5b8b071d28a8fed27ca24c2bcd6b02ca/275x206n.jpg,[],青岛市李沧区金水路181-2号
5144611,雅居,青岛,30,市南区,3639,香港路沿线,3653,青岛市南区香港路沿线东海西路29号,,,,,80-167㎡,7601m²,130912m²,"[{""id"": 461378, ""rooms"": 1, ""room_alias"": ""一室"", ""area"": 80.43}, {""id"": 461187, ""rooms"": 1, ""room_alias"": ""一室"", ""area"": 80.88}, {""id"": 461380, ""rooms"": 1, ""room_alias"": ""一室"", ""area"": 84.4}, {""id"": 461381, ""rooms"": 1, ""room_alias"": ""一室"", ""area"": 84.77}, {""id"": 461371, ""rooms"": 2, ""room_alias"": ""二室"", ""area"": 117}, {""id"": 461369, ""rooms"": 2, ""room_alias"": ""二室"", ""area"": 117.18}, {""id"": 461191, ""rooms"": 2, ""room_alias"": ""二室"", ""area"": 117.68}, {""id"": 461376, ""rooms"": 2, ""room_alias"": ""二室"", ""area"": 117.83}, {""id"": 461367, ""rooms"": 2, ""room_alias"": ""二室"", ""area"": 143.42}, {""id"": 461373, ""rooms"": 3, ""room_alias"": ""三室"", ""area"": 167}]",1/2/3室,商业户型,2005-12-03,2013年05月09日,2005年,2006年,[],多层,,40年,,30%,500,带装修,,商业,雅生活服务,9元/㎡/月,,639,1:1.3,售罄,售罄,售罄,"[""青房注字(2013)007号""]",[],大华,,青岛环海凯莱商务酒店有限公司,商电,商水,36.071153,120.406686,"{""service_num"": ""4006708287"", ""num"": """"}","{""559"": ""现房"", ""81"": ""大阳台"", ""56"": ""车位充足"", ""29"": ""装修交付"", ""9"": ""轨交房"", ""76"": ""厨卫全明"", ""75"": ""三房朝南"", ""74"": ""南北通透"", ""73"": ""卧室全朝南"", ""10"": ""多轨交"", ""72"": ""配套纯熟"", ""71"": ""便利店"", ""70"": ""银行"", ""68"": ""医院"", ""66"": ""公园"", ""65"": ""商业街"", ""64"": ""购物中心"", ""86"": ""全景飘窗"", ""85"": ""主卧套房"", ""82"": ""双卫生间""}","[""现房"", ""大阳台"", ""车位充足"", ""装修交付"", ""轨交房""]",https://pic4.ajkimg.com/display/xinfang/bf8bc65f3572dbd4d17b0b6f4517b331/275x206n.jpg,"[{""id"": ""7314233"", ""loupan_id"": ""456306"", ""station_id"": ""4478"", ""subway_id"": ""126"", ""city_id"": ""30"", ""distance"": ""535米"", ""status"": ""1"", ""last_update_time"": ""1774212706"", ""is_rail_loupan"": ""1"", ""subway_name"": ""2号线"", ""station_name"": ""五四广场"", ""distance_raw"": ""535""}, {""id"": ""7315985"", ""loupan_id"": ""456306"", ""station_id"": ""121288"", ""subway_id"": ""1044"", ""city_id"": ""30"", ""distance"": ""594米"", ""status"": ""1"", ""last_update_time"": ""1774212708"", ""is_rail_loupan"": ""1"", ""subway_name"": ""8号线"", ""station_name"": ""五四广场"", ""distance_raw"": ""594""}, {""id"": ""7313798"", ""loupan_id"": ""456306"", ""station_id"": ""4372"", ""subway_id"": ""121"", ""city_id"": ""30"", ""distance"": ""594米"", ""status"": ""1"", ""last_update_time"": ""1774212705"", ""is_rail_loupan"": ""1"", ""subway_name"": ""3号线"", ""station_name"": ""五四广场"", ""distance_raw"": ""594""}, {""id"": ""7313795"", ""loupan_id"": ""456306"", ""station_id"": ""4373"", ""subway_id"": ""121"", ""city_id"": ""30"", ""distance"": ""842米"", ""status"": ""1"", ""last_update_time"": ""1774212705"", ""is_rail_loupan"": ""1"", ""subway_name"": ""3号线"", ""station_name"": ""延安三路"", ""distance_raw"": ""842""}]",东海西路29号
8613654,世康城新城,青岛,30,平度市,3649,平度,3722,青岛平度市平度紫荆路57号,,,,,85-97㎡,31812m²,16724m²,"[{""id"": 328448, ""rooms"": 2, ""room_alias"": ""二室"", ""area"": 84.57}, {""id"": 328477, ""rooms"": 2, ""room_alias"": ""二室"", ""area"": 87.45}, {""id"": 328488, ""rooms"": 3, ""room_alias"": ""三室"", ""area"": 84.57}, {""id"": 328468, ""rooms"": 3, ""room_alias"": ""三室"", ""area"": 96.68}]",2/3室,"2室户型,3室户型",2005-03-17,,2005年,2006年,[],{多层},多层,70年,0.8,35%,436,毛坯,,住宅,雅生活服务,0.8元/㎡/月,,,1:1,售罄,售罄,售罄,"[""鲁（2018）平度市不动产权第0000269号""]",[],保利,,,民电,民水,36.855206,119.977378,"{""service_num"": ""4006708287"", ""num"": """"}","{""52"": ""低容积"", ""65"": ""商业街"", ""598"": ""民办幼儿园"", ""597"": ""公办幼儿园""}","[""低容积"", ""商业街"", ""民办幼儿园"", ""公办幼儿园""]",https://pic4.ajkimg.com/display/xinfang/326d30b0772b4a7b083eb87655bf602e/275x206n.jpg,[],平度市东阁街道办事处紫荆路仁和集团北100米
561921,新海红树花园,青岛,30,李沧区,3642,李村,3690,青岛李沧区李村惠水路518号,,,,,74-126㎡,199800m²,360000m²,"[{""id"": 177355, ""rooms"": 2, ""room_alias"": ""二室"", ""area"": 74}, {""id"": 177357, ""rooms"": 2, ""room_alias"": ""二室"", ""area"": 74}, {""id"": 39285, ""rooms"": 2, ""room_alias"": ""二室"", ""area"": 83}, {""id"": 39284, ""rooms"": 2, ""room_alias"": ""二室"", ""area"": 84}, {""id"": 39280, ""rooms"": 2, ""room_alias"": ""二室"", ""area"": 90}, {""id"": 39278, ""rooms"": 3, ""room_alias"": ""三室"", ""area"": 102}, {""id"": 39275, ""rooms"": 3, ""room_alias"": ""三室"", ""area"": 108}, {""id"": 177358, ""rooms"": 3, ""room_alias"": ""三室"", ""area"": 125}, {""id"": 177360, ""rooms"": 4, ""room_alias"": ""四室"", ""area"": 126}]",2/3/4室,"2室户型,3室户型,4室户型",2005-08-19,2021年04月02日,2005年,2006年,[],"{多层,小高层,高层}",多层、小高层、高层,70年,1.25,40%,2000,毛坯,,住宅,龙湖智慧服务,2.2元/㎡/月,,600,1:0.3,售罄,售罄,售罄,"[""青房注字(2015)第112号"", ""青房注字(2017)第074号""]",[],建发,,青岛新海园房地产开发有限责任公司,民电,民水,36.174572,120.504723,"""""","{""53"": ""高绿化率"", ""52"": ""低容积"", ""72"": ""配套纯熟"", ""70"": ""银行"", ""69"": ""学校"", ""68"": ""医院"", ""66"": ""公园"", ""65"": ""商业街"", ""64"": ""购物中心"", ""78"": ""大户型"", ""638"": ""民办中学"", ""637"": ""公办中学"", ""636"": ""公办小学"", ""635"": ""民办小学"", ""598"": ""民办幼儿园"", ""597"": ""公办幼儿园"", ""54"": ""大型社区""}","[""高绿化率"", ""低容积"", ""配套纯熟"", ""银行"", ""学校""]",https://pic4.ajkimg.com/display/xinfang/a0fa78ac07a747dbf98be9a39f43c590/275x206n.jpg,[],李沧区惠水路518号
1050333,瑞都二期,青岛,30,平度市,3649,平度,3722,青岛平度市平度同和办事处同和路219号,,,,,95-116㎡,33488m²,43495m²,"[{""id"": 146157, ""rooms"": 3, ""room_alias"": ""三室"", ""area"": 95}, {""id"": 146159, ""rooms"": 3, ""room_alias"": ""三室"", ""area"": 116}]",3室,3室户型,2005-02-16,,2005年,2006年,[],{多层},多层,70年,1.3,35%,401,毛坯,,住宅,合景悠活,1.5元/㎡/月,,,,售罄,售罄,售罄,[],[],美的置业,,,民电,民水,36.729849,119.92583,"""""","{""52"": ""低容积"", ""72"": ""配套纯熟"", ""70"": ""银行"", ""69"": ""学校"", ""68"": ""医院"", ""65"": ""商业街"", ""78"": ""大户型"", ""637"": ""公办中学"", ""636"": ""公办小学"", ""597"": ""公办幼儿园""}","[""低容积"", ""配套纯熟"", ""银行"", ""学校"", ""医院""]",https://pic4.ajkimg.com/display/xinfang/72272b4e829a2602eb10778a7417a01f/275x206n.jpg,[],平度市高平路与同和路交叉路口
5669814,鑫明珠轩,青岛,30,平度市,3649,平度,3722,青岛平度市平度常州路与青岛路交汇处,,2056元/㎡,2056元/㎡,首付11万，月供2652元,95-121㎡,17149m²,41157m²,"[{""id"": 701513, ""rooms"": 3, ""room_alias"": ""三室"", ""area"": 95}, {""id"": 701515, ""rooms"": 3, ""room_alias"": ""三室"", ""area"": 110}, {""id"": 701517, ""rooms"": 3, ""room_alias"": ""三室"", ""area"": 119}, {""id"": 740385, ""rooms"": 3, ""room_alias"": ""三室"", ""area"": 121}]",3室,3室户型,2005-01-27,2021年11月21日,2005年,2006年,"[""2022-07-15"", ""2022-01-07"", ""2021-11-19""]",{小高层},小高层,70年,2.4,35%,335,毛坯,在建中，竣工时间：2024-08-31,住宅,碧桂园服务,,,465,1:1.39,售罄,售罄,售罄,"[""青房注字（平注）第（2022）028号"", ""青房注字（平注）第（2021）088号"", ""青房注字（平注）第（2021）068号""]","[""3#"", ""4#"", ""1#、2#""]",美的置业,和达集团,青岛和达集团有限公司,民电,民水,36.76933,119.977865,"""""","{""56"": ""车位充足"", ""76"": ""厨卫全明"", ""74"": ""南北通透"", ""73"": ""卧室全朝南"", ""7"": ""项目在建"", ""32"": ""绿色住宅"", ""5"": ""低单价"", ""4"": ""低总价"", ""78"": ""大户型"", ""404"": ""客餐厅相连"", ""403"": ""私密性好"", ""402"": ""玄关入户"", ""401"": ""户型方正"", ""397"": ""动静分离"", ""85"": ""主卧套房"", ""83"": ""双阳台"", ""90"": ""人气楼盘"", ""638"": ""民办中学"", ""637"": ""公办中学"", ""636"": ""公办小学"", ""635"": ""民办小学"", ""598"": ""民办幼儿园"", ""597"": ""公办幼儿园"", ""263"": ""VR看房"", ""50"": ""品牌开发商""}","[""车位充足"", ""厨卫全明"", ""南北通透"", ""卧室全朝南"", ""项目在建""]",https://pic4.ajkimg.com/display/xinfang/4226b5edceb8ddb0540bc0db2d3ec406/275x206n.jpg,[],平度市济南路与苏州路交汇处
8762083,中城星辰花园,青岛,30,市南区,3639,二轻新村,5182,青岛市南区二轻新村青田路19号,,,,,87-149㎡,56000m²,158000m²,"[{""id"": 186005, ""rooms"": 2, ""room_alias"": ""二室"", ""area"": 87}, {""id"": 186007, ""rooms"": 2, ""room_alias"": ""二室"", ""area"": 91}, {""id"": 186008, ""rooms"": 2, ""room_alias"": ""二室"", ""area"": 92}, {""id"": 134660, ""rooms"": 2, ""room_alias"": ""二室"", ""area"": 93}, {""id"": 134661, ""rooms"": 2, ""room_alias"": ""二室"", ""area"": 93}, {""id"": 134659, ""rooms"": 2, ""room_alias"": ""二室"", ""area"": 94}, {""id"": 186010, ""rooms"": 3, ""room_alias"": ""三室"", ""area"": 95}, {""id"": 186011, ""rooms"": 4, ""room_alias"": ""四室"", ""area"": 149}]",2/3/4室,"2室户型,3室户型,4室户型",2005-04-18,,2005年,2006年,[],小高层,高层,70年,2.8,30%,1453,毛坯,,住宅,中海物业,2.9元/㎡/月,,,1:1,售罄,售罄,售罄,"[""青房注字(2015)第043号"", ""青房注字(2015)第099号"", ""青房注字(2015)第133号"", ""青经房注字(2014)第22号"", ""青房注字(2015)第161号"", ""青房注字(2016)第026号"", ""青房注字(2016)第038号"", ""青房注字(2016)第044号"", ""青房注字(2016)第082号""]",[],碧桂园,,青岛商业网点集团有限公司,民电,民水,36.086559,120.389123,"""""","{""9"": ""轨交房"", ""10"": ""多轨交"", ""72"": ""配套纯熟"", ""71"": ""便利店"", ""70"": ""银行"", ""69"": ""学校"", ""68"": ""医院"", ""66"": ""公园"", ""65"": ""商业街"", ""64"": ""购物中心"", ""78"": ""大户型"", ""638"": ""民办中学"", ""637"": ""公办中学"", ""636"": ""公办小学"", ""635"": ""民办小学"", ""624"": ""九年一贯制"", ""598"": ""民办幼儿园"", ""597"": ""公办幼儿园""}","[""轨交房"", ""多轨交"", ""配套纯熟"", ""便利店"", ""银行""]",https://pic4.ajkimg.com/display/xinfang/632eca8368e39c4f0d8bbeecaae5b925/275x206n.jpg,"[{""id"": ""7313552"", ""loupan_id"": ""242079"", ""station_id"": ""4369"", ""subway_id"": ""121"", ""city_id"": ""30"", ""distance"": ""995米"", ""status"": ""1"", ""last_update_time"": ""1774212705"", ""is_rail_loupan"": ""1"", ""subway_name"": ""3号线"", ""station_name"": ""敦化路"", ""distance_raw"": ""995""}, {""id"": ""7313836"", ""loupan_id"": ""242079"", ""station_id"": ""121168"", ""subway_id"": ""12068"", ""city_id"": ""30"", ""distance"": ""1288米"", ""status"": ""1"", ""last_update_time"": ""1774212705"", ""is_rail_loupan"": ""1"", ""subway_name"": ""5号线"", ""station_name"": ""宁夏路"", ""distance_raw"": ""1288""}, {""id"": ""7313549"", ""loupan_id"": ""242079"", ""station_id"": ""4368"", ""subway_id"": ""121"", ""city_id"": ""30"", ""distance"": ""1313米"", ""status"": ""1"", ""last_update_time"": ""1774212705"", ""is_rail_loupan"": ""1"", ""subway_name"": ""3号线"", ""station_name"": ""错埠岭"", ""distance_raw"": ""1313""}, {""id"": ""7313546"", ""loupan_id"": ""242079"", ""station_id"": ""4370"", ""subway_id"": ""121"", ""city_id"": ""30"", ""distance"": ""1397米"", ""status"": ""1"", ""last_update_time"": ""1774212705"", ""is_rail_loupan"": ""1"", ""subway_name"": ""3号线"", ""station_name"": ""宁夏路"", ""distance_raw"": ""1397""}, {""id"": ""7314048"", ""loupan_id"": ""242079"", ""station_id"": ""120733"", ""subway_id"": ""12051"", ""city_id"": ""30"", ""distance"": ""1420米"", ""status"": ""1"", ""last_update_time"": ""1774212706"", ""is_rail_loupan"": ""1"", ""subway_name"": ""4号线"", ""station_name"": ""福辽立交桥"", ""distance_raw"": ""1420""}]",市北区绍兴路49号甲（延吉路与绍兴路交汇处）
9304142,瑞豪庭二期,青岛,30,即墨区,3645,鹤山路,5205,青岛即墨区鹤山路文峰路966号,,3770元/㎡,3770元/㎡,首付13万，月供3297元,89-128㎡,137000m²,371700m²,"[{""id"": 662559, ""rooms"": 3, ""room_alias"": ""三室"", ""area"": 89}, {""id"": 661597, ""rooms"": 3, ""room_alias"": ""三室"", ""area"": 109}, {""id"": 701859, ""rooms"": 3, ""room_alias"": ""三室"", ""area"": 128}]",3室,3室户型,2005-09-28,2022年04月01日,2005年,2006年,"[""2023-08-14"", ""2023-05-31"", ""2023-04-24"", ""2023-03-21"", ""2022-10-10"", ""2022-04-01"", ""2022-02-28"", ""2022-02-28"", ""2021-07-22"", ""2021-08-13"", ""2021-08-20"", ""2021-09-08"", ""2021-11-05"", ""2021-09-30"", ""2021-09-30""]","{多层,小高层}",多层、小高层,70年,2,30%,678,毛坯,,住宅,招商积余,2.7元/㎡/月,,2700,,售罄,售罄,售罄,"[""即房注字(2023)第046号"", ""即房注字(2023)第033号"", ""即房注字(2023)第021号"", ""即房注字(2023)第012号"", ""即房注字(2022)第074号"", ""即房注字(2022)第023号"", ""即房注字(2022)第008号"", ""即房注字(2022)第009号"", ""即房注字(2021)第091号"", ""即房注字(2021)第104号"", ""即房注字(2021)第107号"", ""即房注字(2021)第119号"", ""即房注字(2021)第153号"", ""即房注字(2021)第137号"", ""即房注字(2021)第138号""]","[""13#、12#"", ""7#、6#、1#"", ""8#、2#"", ""3#"", ""4#、14#、18#、22#、23#"", ""10#、20#、5#"", ""9#"", ""21#"", ""3#、5#"", ""7#"", ""16#、17#"", ""9#、8#"", ""24#"", ""19#"", ""6#""]",正荣,首创置业,青岛首智投资开发有限公司,民电,民水,36.412328,120.431738,"""""","{""559"": ""现房"", ""81"": ""大阳台"", ""76"": ""厨卫全明"", ""74"": ""南北通透"", ""73"": ""卧室全朝南"", ""33"": ""智能住宅"", ""32"": ""绿色住宅"", ""78"": ""大户型"", ""404"": ""客餐厅相连"", ""403"": ""私密性好"", ""402"": ""玄关入户"", ""401"": ""户型方正"", ""85"": ""主卧套房"", ""637"": ""公办中学"", ""636"": ""公办小学"", ""600"": ""市级示范园"", ""598"": ""民办幼儿园"", ""597"": ""公办幼儿园"", ""541"": ""3D沙盘"", ""540"": ""日照模拟"", ""263"": ""VR看房"", ""50"": ""品牌开发商""}","[""现房"", ""大阳台"", ""厨卫全明"", ""南北通透"", ""卧室全朝南""]",https://pic4.ajkimg.com/display/xinfang/b5063ced201288ad7d57ac0b5373a5f2/275x206n.jpg,[],即墨区通济街道文峰路966号
7454717,凤翠竹新城,青岛,30,莱西市,3648,莱西,3720,青岛莱西市莱西姜山新城海星南路26号,,,,,77-131㎡,23922m²,35900m²,"[{""id"": 106634, ""rooms"": 1, ""room_alias"": ""一室"", ""area"": 77.3}, {""id"": 88961, ""rooms"": 2, ""room_alias"": ""二室"", ""area"": 86.8}, {""id"": 345349, ""rooms"": 2, ""room_alias"": ""二室"", ""area"": 89}, {""id"": 345351, ""rooms"": 2, ""room_alias"": ""二室"", ""area"": 89}, {""id"": 345353, ""rooms"": 3, ""room_alias"": ""三室"", ""area"": 111}, {""id"": 345354, ""rooms"": 3, ""room_alias"": ""三室"", ""area"": 119}, {""id"": 345355, ""rooms"": 3, ""room_alias"": ""三室"", ""area"": 119}, {""id"": 345356, ""rooms"": 3, ""room_alias"": ""三室"", ""area"": 131}]",1/2/3室,"1室户型,2室户型,3室户型",2005-06-15,,2005年,2006年,"[""2013-08-02"", ""2014-03-21"", ""2014-08-12""]",{多层},多层,70年,1.3,34%,1358,毛坯,,住宅,中海物业,0.9元/㎡/月,,1358,1：1,售罄,售罄,售罄,"[""西房住字(2013)013"", ""西房注字(2014)030"", ""西房住字2014(2014)012""]","[""19#、20#、21#、7#、26#"", ""17#、23#、37#、18#、33#、34#、35#、36#、9#、32#"", ""8#、5#""]",金地,,青岛莱西市品烁置业有限公司,民电,民水,36.672479,120.56975,"""""","{""81"": ""大阳台"", ""52"": ""低容积"", ""76"": ""厨卫全明"", ""75"": ""三房朝南"", ""74"": ""南北通透"", ""73"": ""卧室全朝南"", ""72"": ""配套纯熟"", ""71"": ""便利店"", ""70"": ""银行"", ""69"": ""学校"", ""68"": ""医院"", ""65"": ""商业街"", ""78"": ""大户型"", ""402"": ""玄关入户"", ""83"": ""双阳台"", ""82"": ""双卫生间"", ""637"": ""公办中学"", ""636"": ""公办小学"", ""598"": ""民办幼儿园"", ""597"": ""公办幼儿园"", ""263"": ""VR看房""}","[""大阳台"", ""低容积"", ""厨卫全明"", ""三房朝南"", ""南北通透""]",https://pic4.ajkimg.com/display/xinfang/323e2a11afc6c047487822bba8fc0ab0/275x206n.jpg,[],青岛莱西市李权庄镇海星路
2540333,大荣梅林美景,青岛,30,城阳区,3644,高新区,6139,青岛城阳区高新区火炬路97号乙,,,,,124-201㎡,110000m²,330000m²,[],,商业户型,2005-05-07,2020年03月15日,2005年,2006年,[],{},,50年,,,43,毛坯,,商业独栋,融创服务,,,43,1:1,售罄,售罄,售罄,[],[],正荣,,青岛大荣生态科技园有限公司,商电,商水,36.279455,120.251928,"{""service_num"": ""4006708287"", ""num"": """"}","{""559"": ""现房"", ""74"": ""南北通透"", ""55"": ""小型社区""}","[""现房"", ""南北通透"", ""小型社区""]",https://pic4.ajkimg.com/display/xinfang/da085df1559c9c297813443566599afb/275x206n.jpg,[],青岛市城阳区高新区火炬路97号乙
2762125,恒怡园A区,青岛,30,市北区,3640,台东,3674,青岛市北区台东汉口路88号,,,,,,96000m²,12000m²,[],,,2005-06-14,,2005年,2006年,[],洋房,,40年,,35%,,毛坯,,商业街,万科物业,1.8元/㎡/月,,600,,售罄,售罄,售罄,[],[],朗诗,,,商电,商水,36.114162,120.347794,"""""","{""9"": ""轨交房"", ""10"": ""多轨交"", ""72"": ""配套纯熟"", ""71"": ""便利店"", ""70"": ""银行"", ""68"": ""医院"", ""66"": ""公园"", ""65"": ""商业街""}","[""轨交房"", ""多轨交"", ""配套纯熟"", ""便利店"", ""银行""]",https://pic4.ajkimg.com/display/xinfang/34e8f9f2edc7bbcfa0fccde5e82f3cb6/275x206n.jpg,"[{""id"": ""7314864"", ""loupan_id"": ""420023"", ""station_id"": ""120433"", ""subway_id"": ""1045"", ""city_id"": ""30"", ""distance"": ""418米"", ""status"": ""1"", ""last_update_time"": ""1774212707"", ""is_rail_loupan"": ""1"", ""subway_name"": ""1号线"", ""station_name"": ""海泊桥(海慈医疗)"", ""distance_raw"": ""418""}, {""id"": ""7316382"", ""loupan_id"": ""420023"", ""station_id"": ""120744"", ""subway_id"": ""12051"", ""city_id"": ""30"", ""distance"": ""471米"", ""status"": ""1"", ""last_update_time"": ""1774212708"", ""is_rail_loupan"": ""1"", ""subway_name"": ""4号线"", ""station_name"": ""海泊桥(海慈医疗)"", ""distance_raw"": ""471""}, {""id"": ""7316381"", ""loupan_id"": ""420023"", ""station_id"": ""120743"", ""subway_id"": ""12051"", ""city_id"": ""30"", ""distance"": ""1208米"", ""status"": ""1"", ""last_update_time"": ""1774212708"", ""is_rail_loupan"": ""1"", ""subway_name"": ""4号线"", ""station_name"": ""海泊河公园"", ""distance_raw"": ""1208""}, {""id"": ""7316392"", ""loupan_id"": ""420023"", ""station_id"": ""120731"", ""subway_id"": ""12051"", ""city_id"": ""30"", ""distance"": ""1268米"", ""status"": ""1"", ""last_update_time"": ""1774212708"", ""is_rail_loupan"": ""1"", ""subway_name"": ""4号线"", ""station_name"": ""西吴家村"", ""distance_raw"": ""1268""}, {""id"": ""7314753"", ""loupan_id"": ""420023"", ""station_id"": ""120399"", ""subway_id"": ""1045"", ""city_id"": ""30"", ""distance"": ""1443米"", ""status"": ""1"", ""last_update_time"": ""1774212706"", ""is_rail_loupan"": ""1"", ""subway_name"": ""1号线"", ""station_name"": ""台东"", ""distance_raw"": ""1443""}, {""id"": ""7316134"", ""loupan_id"": ""420023"", ""station_id"": ""4475"", ""subway_id"": ""126"", ""city_id"": ""30"", ""distance"": ""1499米"", ""status"": ""1"", ""last_update_time"": ""1774212708"", ""is_rail_loupan"": ""1"", ""subway_name"": ""2号线"", ""station_name"": ""台东"", ""distance_raw"": ""1499""}]",市北区汉口路88号
2194165,嘉春天府,青岛,30,黄岛区,4516,长江路,5213,青岛黄岛区长江路前湾港路889号，科技大学西500米,,,,,181-362㎡,223200m²,225400m²,[],别墅,别墅户型,2005-07-23,,2005年,2006年,[],别墅,联排别墅,70年,1.01,35%,,毛坯,,别墅,世茂服务,5.5元/㎡/月,,,1:1.5,售罄,售罄,售罄,"[""青房注字青开（2015）第007号""]",[],中铁建,,龙湖地产,民电,民水,35.99733,120.109479,"""""","{""56"": ""车位充足"", ""72"": ""配套纯熟"", ""70"": ""银行"", ""69"": ""学校"", ""68"": ""医院"", ""66"": ""公园"", ""64"": ""购物中心"", ""78"": ""大户型"", ""638"": ""民办中学"", ""637"": ""公办中学"", ""636"": ""公办小学"", ""598"": ""民办幼儿园"", ""597"": ""公办幼儿园""}","[""车位充足"", ""配套纯熟"", ""银行"", ""学校"", ""医院""]",https://pic4.ajkimg.com/display/xinfang/aba6532e1e112169eddaed4e0f0653b6/275x206n.jpg,[],前湾港路889号，科技大学西500米
2274479,天一红树新城,青岛,30,崂山区,3643,沙子口,5201,青岛崂山区沙子口崂山路121-1号,,10281元/㎡,10281元/㎡,首付60万，月供14335元,120-166㎡,12492m²,34051m²,"[{""id"": 701216, ""rooms"": 3, ""room_alias"": ""三室"", ""area"": 120}, {""id"": 701214, ""rooms"": 3, ""room_alias"": ""三室"", ""area"": 131}, {""id"": 701211, ""rooms"": 4, ""room_alias"": ""四室"", ""area"": 143}, {""id"": 701208, ""rooms"": 4, ""room_alias"": ""四室"", ""area"": 166}]",3/4室,"3室户型,4室户型",2005-06-06,2022年07月17日,2005年,2006年,"[""2022-07-14""]",别墅,小高层,50年,1.8,40%,132,毛坯,,住宅,保利物业,,,207,,售罄,售罄,售罄,"[""青崂房预字（2022）第0019号""]","[""2#、3#、4#、5#、6#""]",建发,天一仁和,青岛天一仁和房地产集团有限公司,民电,民水,36.137989,120.543991,"{""service_num"": ""4006708287"", ""num"": ""11521""}","{""53"": ""高绿化率"", ""52"": ""低容积"", ""9"": ""轨交房"", ""76"": ""厨卫全明"", ""74"": ""南北通透"", ""73"": ""卧室全朝南"", ""78"": ""大户型"", ""404"": ""客餐厅相连"", ""402"": ""玄关入户"", ""401"": ""户型方正"", ""85"": ""主卧套房"", ""82"": ""双卫生间"", ""637"": ""公办中学"", ""636"": ""公办小学"", ""598"": ""民办幼儿园"", ""597"": ""公办幼儿园"", ""541"": ""3D沙盘"", ""540"": ""日照模拟"", ""280"": ""商圈热盘"", ""279"": ""品质好房"", ""278"": ""高性价比"", ""263"": ""VR看房"", ""213"": ""地铁沿线"", ""55"": ""小型社区"", ""50"": ""品牌开发商""}","[""高绿化率"", ""低容积"", ""轨交房"", ""厨卫全明"", ""南北通透""]",https://pic4.ajkimg.com/display/xinfang/5435c572dc0cf1ec0343ffbe5a142e20/275x206n.jpg,"[{""id"": ""7249951"", ""loupan_id"": ""501420"", ""station_id"": ""120748"", ""subway_id"": ""12051"", ""city_id"": ""30"", ""distance"": ""810米"", ""status"": ""1"", ""last_update_time"": ""1774212706"", ""is_rail_loupan"": ""1"", ""subway_name"": ""4号线"", ""station_name"": ""沙子口"", ""distance_raw"": ""810""}, {""id"": ""7249938"", ""loupan_id"": ""501420"", ""station_id"": ""120737"", ""subway_id"": ""12051"", ""city_id"": ""30"", ""distance"": ""1315米"", ""status"": ""1"", ""last_update_time"": ""1774212706"", ""is_rail_loupan"": ""1"", ""subway_name"": ""4号线"", ""station_name"": ""段家埠"", ""distance_raw"": ""1315""}]",青岛崂山区永新国际金融大厦12F
8985914,瑞雅苑A区,青岛,30,李沧区,3642,李村,3690,青岛李沧区李村大崂路666号,,,,,81-143㎡,17718.7m²,115000m²,"[{""id"": 93614, ""rooms"": 2, ""room_alias"": ""二室"", ""area"": 81}, {""id"": 93598, ""rooms"": 2, ""room_alias"": ""二室"", ""area"": 93}, {""id"": 93599, ""rooms"": 2, ""room_alias"": ""二室"", ""area"": 95}, {""id"": 93612, ""rooms"": 2, ""room_alias"": ""二室"", ""area"": 95}, {""id"": 93613, ""rooms"": 2, ""room_alias"": ""二室"", ""area"": 95}, {""id"": 93603, ""rooms"": 3, ""room_alias"": ""三室"", ""area"": 113}, {""id"": 93597, ""rooms"": 3, ""room_alias"": ""三室"", ""area"": 130}, {""id"": 93611, ""rooms"": 3, ""room_alias"": ""三室"", ""area"": 130}, {""id"": 93596, ""rooms"": 3, ""room_alias"": ""三室"", ""area"": 131}, {""id"": 93595, ""rooms"": 3, ""room_alias"": ""三室"", ""area"": 143}]",2/3室,"2室户型,3室户型",2005-09-03,,2005年,2006年,[],{高层},高层,70年,5,30%,840,"毛坯,带装修",,住宅,招商积余,,,831,1:1,售罄,售罄,售罄,[],[],美的置业,,,民电,民水,36.154694,120.464186,"""""","{""29"": ""装修交付"", ""72"": ""配套纯熟"", ""70"": ""银行"", ""69"": ""学校"", ""68"": ""医院"", ""66"": ""公园"", ""65"": ""商业街"", ""64"": ""购物中心"", ""78"": ""大户型"", ""638"": ""民办中学"", ""637"": ""公办中学"", ""636"": ""公办小学"", ""635"": ""民办小学"", ""599"": ""省级示范园"", ""598"": ""民办幼儿园"", ""597"": ""公办幼儿园""}","[""装修交付"", ""配套纯熟"", ""银行"", ""学校"", ""医院""]",https://pic4.ajkimg.com/display/xinfang/4ec889108b4268e493a3c4e920834af6/275x206n.jpg,[],李沧区巨峰路与南崂路交界（万达广场金街1号门）万合馨苑售楼处
9515431,银银河府,青岛,30,李沧区,3642,九水路,5197,青岛李沧区九水路铜川路和惠水路交叉口惠水路东行100米,,8739元/㎡,8739元/㎡,首付51万，月供12328元,135-283㎡,60672m²,150000m²,"[{""id"": 430383, ""rooms"": 3, ""room_alias"": ""三室"", ""area"": 135}, {""id"": 473190, ""rooms"": 3, ""room_alias"": ""三室"", ""area"": 137}, {""id"": 430382, ""rooms"": 3, ""room_alias"": ""三室"", ""area"": 144}, {""id"": 637006, ""rooms"": 6, ""room_alias"": ""六室"", ""area"": 275}, {""id"": 658095, ""rooms"": 7, ""room_alias"": ""七室"", ""area"": 283}]",3/6/7室,"3室户型,6室户型,7室户型",2005-06-18,2019年05月11日,2005年,2006年,"[""2018-04-16""]","{小高层,高层}",小高层、高层,70年,1.06,36%,903,带装修,已竣工，竣工时间：2019-12-31,住宅,合景悠活,2.4元/㎡/月,,900,1:1,售罄,售罄,售罄,"[""青房注字（2018）第027号""]","[""1#、2#、3#、4#、5#、6#、7#、8#、9#、10#、11#""]",禹洲,华新园置业,华新园置业,民电,民水,36.160742,120.469029,"""""","{""559"": ""现房"", ""557"": ""项目竣工"", ""81"": ""大阳台"", ""53"": ""高绿化率"", ""52"": ""低容积"", ""29"": ""装修交付"", ""76"": ""厨卫全明"", ""74"": ""南北通透"", ""73"": ""卧室全朝南"", ""72"": ""配套纯熟"", ""70"": ""银行"", ""69"": ""学校"", ""68"": ""医院"", ""66"": ""公园"", ""65"": ""商业街"", ""64"": ""购物中心"", ""78"": ""大户型"", ""402"": ""玄关入户"", ""401"": ""户型方正"", ""397"": ""动静分离"", ""85"": ""主卧套房"", ""82"": ""双卫生间"", ""638"": ""民办中学"", ""637"": ""公办中学"", ""636"": ""公办小学"", ""598"": ""民办幼儿园"", ""597"": ""公办幼儿园"", ""263"": ""VR看房"", ""50"": ""品牌开发商""}","[""现房"", ""项目竣工"", ""大阳台"", ""高绿化率"", ""低容积""]",https://pic4.ajkimg.com/display/xinfang/c56f7fd7b17c1bdf71bcf5ab36ca1725/275x206n.jpg,[],李沧区铜川路和惠水路交叉口惠水路东行100米
518422,墨上星辰汇,青岛,30,即墨区,3645,即墨老城,17475,青岛即墨区即墨老城青威路与华泉路交叉口,,3084元/㎡,3084元/㎡,首付13万，月供3154元,90-140㎡,34955m²,99989m²,"[{""id"": 583129, ""rooms"": 3, ""room_alias"": ""三室"", ""area"": 90}, {""id"": 583132, ""rooms"": 3, ""room_alias"": ""三室"", ""area"": 100}, {""id"": 685963, ""rooms"": 3, ""room_alias"": ""三室"", ""area"": 140}, {""id"": 685962, ""rooms"": 4, ""room_alias"": ""四室"", ""area"": 120}]",3/4室,"3室户型,4室户型",2005-01-25,2021年08月31日,2005年,2006年,"[""2020-08-11"", ""2020-09-30"", ""2021-01-07"", ""2021-08-18"", ""2021-08-18"", ""2021-11-25""]","{小高层,花园洋房}",小高层、花园洋房,70年,2.1,30%,602,毛坯,已竣工，竣工时间：暂无数据,住宅,金地智慧服务,2.35元/㎡/月,,790,1:1.3,售罄,售罄,售罄,"[""青房注字(2020)第106号"", ""即房注字(2020)第148号"", ""即房注字(2020)第193号"", ""即房注字(2021)第095号"", ""即房注字(2021)第096号"", ""即房注字(2021)第157号""]","[""5#、6#"", ""1#、4#"", ""2#、3#、7#、8#"", ""B地块1#、B地块6#、B地块7#"", ""B地块10#、B地块11#、B地块2#"", ""B地块12#、B地块13#、B地块3#、B地块8#、B地块9#""]",滨江集团,青岛城投,青岛蓝谷佳业投资发展有限公司,民电,民水,36.430302,120.473586,"{""service_num"": ""4006708287"", ""num"": ""58133""}","{""557"": ""项目竣工"", ""56"": ""车位充足"", ""76"": ""厨卫全明"", ""74"": ""南北通透"", ""32"": ""绿色住宅"", ""5"": ""低单价"", ""4"": ""低总价"", ""78"": ""大户型"", ""404"": ""客餐厅相连"", ""403"": ""私密性好"", ""402"": ""玄关入户"", ""401"": ""户型方正"", ""397"": ""动静分离"", ""85"": ""主卧套房"", ""83"": ""双阳台"", ""82"": ""双卫生间"", ""92"": ""热搜盘"", ""90"": ""人气楼盘"", ""637"": ""公办中学"", ""636"": ""公办小学"", ""635"": ""民办小学"", ""598"": ""民办幼儿园"", ""597"": ""公办幼儿园"", ""541"": ""3D沙盘"", ""540"": ""日照模拟"", ""263"": ""VR看房"", ""50"": ""品牌开发商""}","[""项目竣工"", ""车位充足"", ""厨卫全明"", ""南北通透"", ""绿色住宅""]",https://pic4.ajkimg.com/display/xinfang/50a623c632818bc90ac735ca317a8a8b/275x206n.jpg,[],青岛市即墨区青威路与华泉路交叉口
9776150,华小区,青岛,30,莱西市,3648,莱西,3720,"青岛莱西市莱西锦安西路,近深圳北路",,,,,78-123㎡,60000m²,95000m²,"[{""id"": 345289, ""rooms"": 2, ""room_alias"": ""二室"", ""area"": 77.92}, {""id"": 345290, ""rooms"": 2, ""room_alias"": ""二室"", ""area"": 80.4}, {""id"": 345291, ""rooms"": 3, ""room_alias"": ""三室"", ""area"": 89.14}, {""id"": 345292, ""rooms"": 3, ""room_alias"": ""三室"", ""area"": 103.71}, {""id"": 345293, ""rooms"": 3, ""room_alias"": ""三室"", ""area"": 105.37}, {""id"": 345294, ""rooms"": 3, ""room_alias"": ""三室"", ""area"": 122.84}]",2/3室,"2室户型,3室户型",2005-05-11,,2005年,2006年,"[""2018-03-31"", ""2017-08-14""]","{多层,小高层,高层,花园洋房}",多层、小高层、高层、花园洋房,70年,1.6,30%,900,毛坯,,住宅,旭辉永升,0.59~1.02元/㎡/月,,900,1:1,售罄,售罄,售罄,"[""西房注字(2018)009"", ""西房注字(2017)003""]","[""17#、23#"", ""11#、12#、13#、14#、15#、18#、19#、21#、22#""]",碧桂园,,青岛国开教育科技有限公司,民电,民水,36.903415,120.525178,"""""","{""52"": ""低容积"", ""69"": ""学校"", ""78"": ""大户型"", ""638"": ""民办中学"", ""637"": ""公办中学"", ""636"": ""公办小学"", ""598"": ""民办幼儿园"", ""597"": ""公办幼儿园""}","[""低容积"", ""学校"", ""大户型"", ""民办中学"", ""公办中学""]",https://pic4.ajkimg.com/display/xinfang/aeb66850e9114ad5eb4c33544d332288/275x206n.jpg,[],莱西市济南路与广州路交汇处
9044834,世翠竹小区,青岛,30,市北区,3640,瑞昌路,5194,青岛市北区瑞昌路瑞海北路7号,,,,,125㎡,38746m²,85792m²,"[{""id"": 178751, ""rooms"": 2, ""room_alias"": ""二室"", ""area"": 125}]",别墅,别墅户型,2005-05-07,,2005年,2006年,[],{独栋别墅},独栋别墅,40年,1.6,35%,368,毛坯,,别墅,华润万象生活,6.4元/㎡/月,,570,1:1.55,售罄,售罄,售罄,"[""青房注字(2016)第024号"", ""青房注字(2015)第101号"", ""青房注字(2015)第056号"", ""青房注字(2015)第005号"", ""青房注字(2014)第099号""]",[],万科,,青岛蓝泰置业有限公司,民电,民水,36.137277,120.338825,"""""","{""56"": ""车位充足"", ""9"": ""轨交房"", ""43"": ""loft"", ""69"": ""学校"", ""638"": ""民办中学"", ""637"": ""公办中学"", ""636"": ""公办小学"", ""624"": ""九年一贯制"", ""598"": ""民办幼儿园"", ""597"": ""公办幼儿园""}","[""车位充足"", ""轨交房"", ""loft"", ""学校"", ""民办中学""]",https://pic4.ajkimg.com/display/xinfang/b9b9562e98cb87ef3c84b1e7cf4bae1b/275x206n.jpg,"[{""id"": ""7314780"", ""loupan_id"": ""410275"", ""station_id"": ""121179"", ""subway_id"": ""12068"", ""city_id"": ""30"", ""distance"": ""420米"", ""status"": ""1"", ""last_update_time"": ""1774212706"", ""is_rail_loupan"": ""1"", ""subway_name"": ""5号线"", ""station_name"": ""欢乐滨海城"", ""distance_raw"": ""420""}]",青岛市瑞海北路7号甲
3624083,金府未来榭,青岛,30,即墨区,3645,金口镇,17474,青岛即墨区金口镇金英路26号,,,,,88-117㎡,10574m²,12682.52m²,"[{""id"": 427625, ""rooms"": 2, ""room_alias"": ""二室"", ""area"": 88.49}, {""id"": 427629, ""rooms"": 3, ""room_alias"": ""三室"", ""area"": 94.39}, {""id"": 427627, ""rooms"": 3, ""room_alias"": ""三室"", ""area"": 117.3}]",2/3室,"2室户型,3室户型",2005-11-14,2019年10月01日,2005年,2006年,"[""2017-05-02"", ""2016-01-13"", ""2019-09-09""]",{多层},多层,70年,1.2,35%,167,毛坯,,住宅,保利物业,0.7元/㎡/月,,120,1:0.72,售罄,售罄,售罄,"[""即房(2016)注字017"", ""即房(2016)注字002"", ""即房注字(2019)第081号""]","[""6#、7#、8#、9#、10#"", ""3#、1#、2#、4#、5#"", ""1#、2#、3#、4#、5#、6#""]",远洋,,青岛安泰达置业有限公司,民电,民水,36.577012,120.718961,"""""","{""559"": ""现房"", ""81"": ""大阳台"", ""52"": ""低容积"", ""76"": ""厨卫全明"", ""75"": ""三房朝南"", ""74"": ""南北通透"", ""69"": ""学校"", ""78"": ""大户型"", ""85"": ""主卧套房"", ""82"": ""双卫生间"", ""637"": ""公办中学"", ""636"": ""公办小学"", ""598"": ""民办幼儿园"", ""597"": ""公办幼儿园"", ""263"": ""VR看房"", ""55"": ""小型社区""}","[""现房"", ""大阳台"", ""低容积"", ""厨卫全明"", ""三房朝南""]",https://pic4.ajkimg.com/display/xinfang/ae379e4c9d68bb464a8eb9cff4059530/275x206n.jpg,[],即墨区金口镇中心小学东临
3115909,恒林,青岛,30,市北区,3640,瑞昌路,5194,青岛市北区瑞昌路瑞海北路7号,,,,,70-140㎡,38746.1m²,85792.06m²,"[{""id"": 179721, ""rooms"": 2, ""room_alias"": ""二室"", ""area"": 70}, {""id"": 100887, ""rooms"": 2, ""room_alias"": ""二室"", ""area"": 77}, {""id"": 135092, ""rooms"": 2, ""room_alias"": ""二室"", ""area"": 84}, {""id"": 179719, ""rooms"": 2, ""room_alias"": ""二室"", ""area"": 125}, {""id"": 100886, ""rooms"": 3, ""room_alias"": ""三室"", ""area"": 110}, {""id"": 135093, ""rooms"": 3, ""room_alias"": ""三室"", ""area"": 131}, {""id"": 135086, ""rooms"": 4, ""room_alias"": ""四室"", ""area"": 140}]",2/3/4室、2室,"商业户型,2室户型,3室户型,4室户型",2005-12-21,,2005年,2006年,[],{高层},高层,70年,1.6,35%,368,毛坯,,住宅,新城悦服务,2元/㎡/月,,570,暂无资料,售罄,售罄,售罄,"[""青房注字(2016)第024号"", ""青房注字(2015)第101号"", ""青房注字(2015)第056号"", ""青房注字(2015)第005号"", ""青房注字(2014)第099号""]",[],融创,,青岛蓝泰置业有限公司,民电,民水,36.145073,120.358041,"""""","{""52"": ""低容积"", ""9"": ""轨交房"", ""43"": ""loft"", ""72"": ""配套纯熟"", ""70"": ""银行"", ""69"": ""学校"", ""68"": ""医院"", ""67"": ""生态绿地"", ""65"": ""商业街"", ""78"": ""大户型"", ""638"": ""民办中学"", ""637"": ""公办中学"", ""636"": ""公办小学"", ""624"": ""九年一贯制"", ""598"": ""民办幼儿园"", ""597"": ""公办幼儿园""}","[""低容积"", ""轨交房"", ""loft"", ""配套纯熟"", ""银行""]",https://pic4.ajkimg.com/display/xinfang/b9b9562e98cb87ef3c84b1e7cf4bae1b/275x206n.jpg,"[{""id"": ""7316248"", ""loupan_id"": ""251522"", ""station_id"": ""121179"", ""subway_id"": ""12068"", ""city_id"": ""30"", ""distance"": ""702米"", ""status"": ""1"", ""last_update_time"": ""1774212708"", ""is_rail_loupan"": ""1"", ""subway_name"": ""5号线"", ""station_name"": ""欢乐滨海城"", ""distance_raw"": ""702""}]",青岛市市南区家乐福1层118号
2344235,中盛世怡园,青岛,30,即墨区,3645,即墨市,3714,青岛即墨区即墨市滨海公路以西、硅谷大道以东、温泉二路以南,,,,,100-155㎡,135485m²,390778m²,"[{""id"": 272714, ""rooms"": 3, ""room_alias"": ""三室"", ""area"": 100}, {""id"": 272715, ""rooms"": 3, ""room_alias"": ""三室"", ""area"": 115}, {""id"": 280604, ""rooms"": 3, ""room_alias"": ""三室"", ""area"": 130}, {""id"": 280606, ""rooms"": 4, ""room_alias"": ""四室"", ""area"": 155}]",3/4室,"3室户型,4室户型",2005-01-22,,2005年,2006年,[],{高层},高层,40年,2.2,35%,6024,毛坯,,商业,龙湖智慧服务,,,3196,1:0.53,售罄,售罄,售罄,"[""即房（2017）注字039"", ""即房（2017）注字041""]",[],恒大,,,商电,商水,36.404392,120.690931,"""""","{""9"": ""轨交房"", ""78"": ""大户型"", ""54"": ""大型社区""}","[""轨交房"", ""大户型"", ""大型社区""]",https://pic4.ajkimg.com/display/xinfang/3c77a2c27dad95036fe6ca048f68c6a9/275x206n.jpg,"[{""id"": ""7316756"", ""loupan_id"": ""418763"", ""station_id"": ""4395"", ""subway_id"": ""122"", ""city_id"": ""30"", ""distance"": ""1296米"", ""status"": ""1"", ""last_update_time"": ""1774212709"", ""is_rail_loupan"": ""1"", ""subway_name"": ""蓝谷快线"", ""station_name"": ""博览中心"", ""distance_raw"": ""1296""}]",即墨滨海公路以西、硅谷大道以东、温泉二路以南
2914464,保利星辰源,青岛,30,市北区,3640,新都心,6140,青岛市北区新都心市北区台柳路267号,,10857元/㎡,10857元/㎡,,43-142㎡,42274m²,191400m²,[],,,2005-02-26,2022年12月30日,2005年,2006年,[],{},,40年,,,1283,,已竣工，竣工时间：暂无数据,临街店铺,招商积余,,,,,售罄,售罄,售罄,[],[],建发,保利集团,,商电,商水,36.127938,120.405737,"{""service_num"": ""4006708287"", ""num"": ""109890""}","{""557"": ""项目竣工"", ""9"": ""轨交房"", ""72"": ""配套纯熟"", ""71"": ""便利店"", ""70"": ""银行"", ""68"": ""医院"", ""67"": ""生态绿地"", ""66"": ""公园"", ""65"": ""商业街"", ""64"": ""购物中心"", ""50"": ""品牌开发商""}","[""项目竣工"", ""轨交房"", ""配套纯熟"", ""便利店"", ""银行""]",https://pic4.ajkimg.com/display/xinfang/310d26c2e9a449faa7089aa4817b2423/275x206n.jpg,"[{""id"": ""7293871"", ""loupan_id"": ""527289"", ""station_id"": ""4366"", ""subway_id"": ""121"", ""city_id"": ""30"", ""distance"": ""317米"", ""status"": ""1"", ""last_update_time"": ""1774212708"", ""is_rail_loupan"": ""1"", ""subway_name"": ""3号线"", ""station_name"": ""双山"", ""distance_raw"": ""317""}, {""id"": ""7293869"", ""loupan_id"": ""527289"", ""station_id"": ""4365"", ""subway_id"": ""121"", ""city_id"": ""30"", ""distance"": ""936米"", ""status"": ""1"", ""last_update_time"": ""1774212708"", ""is_rail_loupan"": ""1"", ""subway_name"": ""3号线"", ""station_name"": ""长沙路"", ""distance_raw"": ""936""}, {""id"": ""7293870"", ""loupan_id"": ""527289"", ""station_id"": ""4367"", ""subway_id"": ""121"", ""city_id"": ""30"", ""distance"": ""1468米"", ""status"": ""1"", ""last_update_time"": ""1774212708"", ""is_rail_loupan"": ""1"", ""subway_name"": ""3号线"", ""station_name"": ""清江路"", ""distance_raw"": ""1468""}]",0532-88899955
7799191,天嘉园一期,青岛,30,即墨区,3645,鳌山卫,5206,青岛即墨区鳌山卫滨海公路与乐山路交汇处西500米,,4455元/㎡,4455元/㎡,首付17万，月供4085元,88-118㎡,202956m²,558537m²,"[{""id"": 583992, ""rooms"": 3, ""room_alias"": ""三室"", ""area"": 88}, {""id"": 626857, ""rooms"": 3, ""room_alias"": ""三室"", ""area"": 105}, {""id"": 583990, ""rooms"": 3, ""room_alias"": ""三室"", ""area"": 107}, {""id"": 583986, ""rooms"": 3, ""room_alias"": ""三室"", ""area"": 108}, {""id"": 583991, ""rooms"": 3, ""room_alias"": ""三室"", ""area"": 118}]",3室,3室户型,2005-03-01,2022年04月30日,2005年,2006年,"[""2020-09-27"", ""2021-05-08""]",{小高层},小高层,70年,2,35%,3505,毛坯,已竣工，竣工时间：暂无数据,住宅,合景悠活,2.5元/㎡/月,,4412,1:1.26,售罄,售罄,售罄,"[""即房注字(2020)第161号"", ""即房注字(2021)第036号""]","[""10#、11#、12#"", ""13#、14#、18#、19#""]",中梁,青岛城建,青岛城市建设集团泰祥置业有限公司,民电,民水,36.33197,120.641043,"""""","{""559"": ""现房"", ""557"": ""项目竣工"", ""81"": ""大阳台"", ""56"": ""车位充足"", ""76"": ""厨卫全明"", ""74"": ""南北通透"", ""32"": ""绿色住宅"", ""276"": ""一房一价"", ""61"": ""山景地产"", ""78"": ""大户型"", ""404"": ""客餐厅相连"", ""403"": ""私密性好"", ""402"": ""玄关入户"", ""401"": ""户型方正"", ""397"": ""动静分离"", ""85"": ""主卧套房"", ""636"": ""公办小学"", ""598"": ""民办幼儿园"", ""597"": ""公办幼儿园"", ""541"": ""3D沙盘"", ""263"": ""VR看房"", ""213"": ""地铁沿线"", ""54"": ""大型社区"", ""50"": ""品牌开发商""}","[""现房"", ""项目竣工"", ""大阳台"", ""车位充足"", ""厨卫全明""]",https://pic4.ajkimg.com/display/xinfang/b802fa4f94246912751f60212bbf82b0/275x206n.jpg,[],青岛蓝谷滨海公路与乐山路交汇处西500米
2055675,碧美好城,青岛,30,莱西市,3648,莱西,3720,青岛莱西市莱西济南路与青岛路交汇处,,2673元/㎡,2673元/㎡,首付9万，月供2365元,84-142㎡,179613m²,486806m²,"[{""id"": 645851, ""rooms"": 2, ""room_alias"": ""二室"", ""area"": 84}, {""id"": 645850, ""rooms"": 3, ""room_alias"": ""三室"", ""area"": 103}, {""id"": 645849, ""rooms"": 3, ""room_alias"": ""三室"", ""area"": 105}, {""id"": 389298, ""rooms"": 3, ""room_alias"": ""三室"", ""area"": 107}, {""id"": 389303, ""rooms"": 3, ""room_alias"": ""三室"", ""area"": 108}, {""id"": 434418, ""rooms"": 3, ""room_alias"": ""三室"", ""area"": 110}, {""id"": 645853, ""rooms"": 3, ""room_alias"": ""三室"", ""area"": 110}, {""id"": 645847, ""rooms"": 3, ""room_alias"": ""三室"", ""area"": 111}, {""id"": 645848, ""rooms"": 3, ""room_alias"": ""三室"", ""area"": 112}, {""id"": 723650, ""rooms"": 3, ""room_alias"": ""三室"", ""area"": 112}, {""id"": 389305, ""rooms"": 3, ""room_alias"": ""三室"", ""area"": 122}, {""id"": 389301, ""rooms"": 3, ""room_alias"": ""三室"", ""area"": 124}, {""id"": 434417, ""rooms"": 3, ""room_alias"": ""三室"", ""area"": 125}, {""id"": 738286, ""rooms"": 3, ""room_alias"": ""三室"", ""area"": 126}, {""id"": 645845, ""rooms"": 3, ""room_alias"": ""三室"", ""area"": 127}, {""id"": 645846, ""rooms"": 3, ""room_alias"": ""三室"", ""area"": 129}, {""id"": 434416, ""rooms"": 3, ""room_alias"": ""三室"", ""area"": 142}]",2/3室,"2室户型,3室户型",2005-04-11,2021年06月08日,2005年,2006年,"[""2021-06-03"", ""2020-12-02"", ""2019-09-02"", ""2019-02-22"", ""2021-06-08"", ""2021-05-18"", ""2021-01-11"", ""2019-07-08""]",{花园洋房},花园洋房,70年,2.04,35%,2641,"毛坯,带装修",在建中，竣工时间：2023-08-31,住宅,保利物业,2元/㎡/月,,1535,1:1,售罄,售罄,售罄,"[""西房注字（2021）026"", ""西房注字（2020）061"", ""西房注字（2019）027"", ""西房注字（2019）002"", ""西房注字（2021）027"", ""西房注字（2021）019"", ""西房注字（2020）064"", ""西房注字（2019）023""]","[""43#、45#、46#、47#、48#、57#、58#、59#"", ""28#"", ""14#"", ""15#"", ""60、61"", ""34#、44#"", ""30#"", ""23#、38#""]",滨江集团,天泰集团,青岛泰富置业有限公司,民电,民水,36.895919,120.495979,"{""service_num"": ""4006708287"", ""num"": """"}","{""29"": ""装修交付"", ""7"": ""项目在建"", ""69"": ""学校"", ""404"": ""客餐厅相连"", ""638"": ""民办中学"", ""637"": ""公办中学"", ""636"": ""公办小学"", ""598"": ""民办幼儿园"", ""597"": ""公办幼儿园"", ""263"": ""VR看房"", ""54"": ""大型社区"", ""50"": ""品牌开发商""}","[""装修交付"", ""项目在建"", ""学校"", ""客餐厅相连"", ""民办中学""]",https://pic4.ajkimg.com/display/xinfang/7efa5ab13f10c2c1a9b53f3ca719d7d1/275x206n.jpg,[],青岛市莱西市济南路与青岛路交汇处
7477055,荣盛银河锦园,青岛,30,即墨区,3645,鹤山路,5205,青岛即墨区鹤山路石林三路与文峰路交汇处-向东约150米,,4386元/㎡,4386元/㎡,首付19万，月供4551元,99-120㎡,106666.67m²,183000m²,"[{""id"": 569436, ""rooms"": 3, ""room_alias"": ""三室"", ""area"": 99}, {""id"": 569450, ""rooms"": 3, ""room_alias"": ""三室"", ""area"": 107}, {""id"": 569445, ""rooms"": 3, ""room_alias"": ""三室"", ""area"": 109}, {""id"": 569435, ""rooms"": 3, ""room_alias"": ""三室"", ""area"": 111}, {""id"": 569443, ""rooms"": 3, ""room_alias"": ""三室"", ""area"": 111}, {""id"": 569438, ""rooms"": 3, ""room_alias"": ""三室"", ""area"": 115}, {""id"": 569447, ""rooms"": 4, ""room_alias"": ""四室"", ""area"": 120}]",3/4室,"3室户型,4室户型",2005-06-21,2021年04月30日,2005年,2006年,"[""2022-01-05"", ""2020-07-14"", ""2020-11-17"", ""2021-04-30"", ""2021-12-03"", ""2021-11-24"", ""2021-11-22""]",{小高层},小高层,70年,2,35%,1145,带装修,,住宅,龙湖智慧服务,2.7元/㎡/月,,1985,1:1.3,售罄,售罄,售罄,"[""即房注字(2021)第173号"", ""即房注字(2020)第090号"", ""即房注字(2020)第097号"", ""即房注字(2021)第037号"", ""即房注字(2021)第164号"", ""即房注字(2021)第160号"", ""即房注字(2021)第139号""]","[""8#"", ""1#、6#、13#"", ""9#、10#、11#、14#、2#、3#"", ""12#、15#、16#"", ""7#"", ""4#"", ""5#""]",融创,荣盛发展,青岛荣航置业有限公司,民电,民水,36.412231,120.414242,"""""","{""81"": ""大阳台"", ""56"": ""车位充足"", ""29"": ""装修交付"", ""76"": ""厨卫全明"", ""74"": ""南北通透"", ""78"": ""大户型"", ""402"": ""玄关入户"", ""401"": ""户型方正"", ""397"": ""动静分离"", ""85"": ""主卧套房"", ""637"": ""公办中学"", ""636"": ""公办小学"", ""600"": ""市级示范园"", ""598"": ""民办幼儿园"", ""597"": ""公办幼儿园"", ""50"": ""品牌开发商""}","[""大阳台"", ""车位充足"", ""装修交付"", ""厨卫全明"", ""南北通透""]",https://pic4.ajkimg.com/display/xinfang/6fd111d64db72be9d2ad7e7276fd9de1/275x206n.jpg,[],即墨区石林三路与文峰路交汇处-向东约150米
9436836,绿华庭A区,青岛,30,黄岛区,4516,长江路,5213,青岛黄岛区长江路长江路与衡山路交汇处,,,,,,,,[],,,2005-11-08,,2005年,2006年,[],{},,40年,,,,,,临街店铺,碧桂园服务,,,,,售罄,售罄,售罄,[],[],远洋,,,商电,商水,35.959977,120.216979,"{""service_num"": ""4006708287"", ""num"": """"}","{""9"": ""轨交房"", ""72"": ""配套纯熟"", ""70"": ""银行"", ""68"": ""医院"", ""64"": ""购物中心""}","[""轨交房"", ""配套纯熟"", ""银行"", ""医院"", ""购物中心""]",https://pic4.ajkimg.com/display/xinfang/eee72d9853ea8090c5a3cd2e62072394/275x206n.jpg,"[{""id"": ""7316754"", ""loupan_id"": ""416750"", ""station_id"": ""120347"", ""subway_id"": ""1045"", ""city_id"": ""30"", ""distance"": ""249米"", ""status"": ""1"", ""last_update_time"": ""1774212709"", ""is_rail_loupan"": ""1"", ""subway_name"": ""1号线"", ""station_name"": ""薛家岛"", ""distance_raw"": ""249""}, {""id"": ""7315370"", ""loupan_id"": ""416750"", ""station_id"": ""120439"", ""subway_id"": ""1045"", ""city_id"": ""30"", ""distance"": ""1138米"", ""status"": ""1"", ""last_update_time"": ""1774212707"", ""is_rail_loupan"": ""1"", ""subway_name"": ""1号线"", ""station_name"": ""天目山"", ""distance_raw"": ""1138""}]",
7481021,世明珠舍,青岛,30,市北区,3640,山东路,5185,青岛市北区山东路抚顺路28号,,10624元/㎡,10624元/㎡,首付61万，月供14693元,117-143㎡,20827m²,58365.3m²,"[{""id"": 797987, ""rooms"": 3, ""room_alias"": ""三室"", ""area"": 117}, {""id"": 797986, ""rooms"": 3, ""room_alias"": ""三室"", ""area"": 124}, {""id"": 797985, ""rooms"": 3, ""room_alias"": ""三室"", ""area"": 127}, {""id"": 797984, ""rooms"": 4, ""room_alias"": ""四室"", ""area"": 132}, {""id"": 797982, ""rooms"": 4, ""room_alias"": ""四室"", ""area"": 143}, {""id"": 797983, ""rooms"": 4, ""room_alias"": ""四室"", ""area"": 143}, {""id"": 816012, ""rooms"": 4, ""room_alias"": ""四室"", ""area"": 143}]",3/4室,"3室户型,4室户型",2005-10-20,2023年06月22日,2005年,2006年,"[""2023-10-23"", ""2023-08-29"", ""2023-06-21"", ""2023-06-21""]",小高层,小高层、花园洋房,70年,2,35%,212,带装修,在建中，竣工时间：2025-05-30,住宅,合景悠活,3.02元/㎡/月,,363,,售罄,售罄,售罄,"[""青房预字（2023）第090号"", ""青房预字（2023）第074号"", ""青房预字2023第053号"", ""青房预字2023第054号""]","[""3#"", ""2#"", ""6#、8#、1#"", ""5#""]",碧桂园,,青岛通和启章置地有限公司,民电,民水,36.097254,120.390655,"""""","{""559"": ""现房"", ""29"": ""装修交付"", ""9"": ""轨交房"", ""76"": ""厨卫全明"", ""74"": ""南北通透"", ""7"": ""项目在建"", ""10"": ""多轨交"", ""72"": ""配套纯熟"", ""71"": ""便利店"", ""70"": ""银行"", ""69"": ""学校"", ""68"": ""医院"", ""67"": ""生态绿地"", ""66"": ""公园"", ""65"": ""商业街"", ""64"": ""购物中心"", ""78"": ""大户型"", ""402"": ""玄关入户"", ""401"": ""户型方正"", ""85"": ""主卧套房"", ""637"": ""公办中学"", ""636"": ""公办小学"", ""635"": ""民办小学"", ""624"": ""九年一贯制"", ""598"": ""民办幼儿园"", ""597"": ""公办幼儿园"", ""541"": ""3D沙盘"", ""540"": ""日照模拟"", ""263"": ""VR看房"", ""55"": ""小型社区""}","[""现房"", ""装修交付"", ""轨交房"", ""厨卫全明"", ""南北通透""]",https://pic4.ajkimg.com/display/xinfang/ad5d30676d3481664faaa2d01a93e410/275x206n.jpg,"[{""id"": ""7315976"", ""loupan_id"": ""519103"", ""station_id"": ""120744"", ""subway_id"": ""12051"", ""city_id"": ""30"", ""distance"": ""801米"", ""status"": ""1"", ""last_update_time"": ""1774212708"", ""is_rail_loupan"": ""1"", ""subway_name"": ""4号线"", ""station_name"": ""海泊桥(海慈医疗)"", ""distance_raw"": ""801""}, {""id"": ""7313639"", ""loupan_id"": ""519103"", ""station_id"": ""120433"", ""subway_id"": ""1045"", ""city_id"": ""30"", ""distance"": ""901米"", ""status"": ""1"", ""last_update_time"": ""1774212705"", ""is_rail_loupan"": ""1"", ""subway_name"": ""1号线"", ""station_name"": ""海泊桥(海慈医疗)"", ""distance_raw"": ""901""}, {""id"": ""7313683"", ""loupan_id"": ""519103"", ""station_id"": ""120425"", ""subway_id"": ""1045"", ""city_id"": ""30"", ""distance"": ""906米"", ""status"": ""1"", ""last_update_time"": ""1774212705"", ""is_rail_loupan"": ""1"", ""subway_name"": ""1号线"", ""station_name"": ""小村庄"", ""distance_raw"": ""906""}, {""id"": ""7315963"", ""loupan_id"": ""519103"", ""station_id"": ""120731"", ""subway_id"": ""12051"", ""city_id"": ""30"", ""distance"": ""987米"", ""status"": ""1"", ""last_update_time"": ""1774212708"", ""is_rail_loupan"": ""1"", ""subway_name"": ""4号线"", ""station_name"": ""西吴家村"", ""distance_raw"": ""987""}, {""id"": ""7315688"", ""loupan_id"": ""519103"", ""station_id"": ""121286"", ""subway_id"": ""1044"", ""city_id"": ""30"", ""distance"": ""1226米"", ""status"": ""1"", ""last_update_time"": ""1774212708"", ""is_rail_loupan"": ""1"", ""subway_name"": ""8号线"", ""station_name"": ""西吴家村"", ""distance_raw"": ""1226""}, {""id"": ""7315977"", ""loupan_id"": ""519103"", ""station_id"": ""120743"", ""subway_id"": ""12051"", ""city_id"": ""30"", ""distance"": ""1415米"", ""status"": ""1"", ""last_update_time"": ""1774212708"", ""is_rail_loupan"": ""1"", ""subway_name"": ""4号线"", ""station_name"": ""海泊河公园"", ""distance_raw"": ""1415""}]",青岛市市北区抚顺路与鞍山一路交汇南行100米
1629886,鼎峰南国居,青岛,30,平度市,3649,平度,3722,青岛平度市平度红旗路23号，现河与红旗路交汇处（公园与植物园前）,,,,,61-173㎡,11239m²,37755m²,"[{""id"": 45244, ""rooms"": 1, ""room_alias"": ""一室"", ""area"": 61}, {""id"": 45240, ""rooms"": 3, ""room_alias"": ""三室"", ""area"": 134}, {""id"": 45239, ""rooms"": 3, ""room_alias"": ""三室"", ""area"": 144}, {""id"": 45235, ""rooms"": 3, ""room_alias"": ""三室"", ""area"": 162}, {""id"": 45243, ""rooms"": 4, ""room_alias"": ""四室"", ""area"": 173}]",1/3/4室,"1室户型,3室户型,4室户型",2005-10-06,,2005年,2006年,[],别墅,高层,70年,3,36%,153,"毛坯,带装修",,住宅,碧桂园服务,1元/㎡/月,,120,,售罄,售罄,售罄,"[""平房注字(2013)378"", ""平房注字(2011)329""]",[],华侨城,,鼎峰地产,民电,民水,36.804297,119.963448,"""""","{""53"": ""高绿化率"", ""29"": ""装修交付"", ""72"": ""配套纯熟"", ""71"": ""便利店"", ""70"": ""银行"", ""69"": ""学校"", ""68"": ""医院"", ""66"": ""公园"", ""65"": ""商业街"", ""64"": ""购物中心"", ""79"": ""小户型"", ""78"": ""大户型"", ""638"": ""民办中学"", ""637"": ""公办中学"", ""636"": ""公办小学"", ""635"": ""民办小学"", ""598"": ""民办幼儿园"", ""597"": ""公办幼儿园"", ""55"": ""小型社区""}","[""高绿化率"", ""装修交付"", ""配套纯熟"", ""便利店"", ""银行""]",https://pic4.ajkimg.com/display/xinfang/de0a7577a0f8ab5ba14a3aea181b24d5/275x206n.jpg,[],平度市红旗路23号鼎峰金融大厦一层
5336356,宏堂三期,青岛,30,崂山区,3643,海尔路,3697,青岛崂山区海尔路海尔路,,,,,140-237㎡,9392m²,63130m²,"[{""id"": 282846, ""rooms"": 2, ""room_alias"": ""二室"", ""area"": 140}, {""id"": 282847, ""rooms"": 3, ""room_alias"": ""三室"", ""area"": 157}, {""id"": 282848, ""rooms"": 4, ""room_alias"": ""四室"", ""area"": 237}]",2/3/4室,"2室户型,3室户型,4室户型",2005-07-16,,2005年,2006年,[],多层,高层,50年,6.2,35%,300,"毛坯,带装修",,住宅,碧桂园服务,,,1,0,售罄,售罄,售罄,"[""青房注字(崂)2017第023号""]",[],中梁,,青岛崇杰集团有限公司,民电,民水,36.116803,120.486332,"{""service_num"": ""4006708287"", ""num"": """"}","{""29"": ""装修交付"", ""9"": ""轨交房"", ""10"": ""多轨交"", ""72"": ""配套纯熟"", ""71"": ""便利店"", ""70"": ""银行"", ""69"": ""学校"", ""68"": ""医院"", ""66"": ""公园"", ""65"": ""商业街"", ""64"": ""购物中心"", ""78"": ""大户型"", ""637"": ""公办中学"", ""636"": ""公办小学"", ""599"": ""省级示范园"", ""598"": ""民办幼儿园"", ""597"": ""公办幼儿园""}","[""装修交付"", ""轨交房"", ""多轨交"", ""配套纯熟"", ""便利店""]",https://pic4.ajkimg.com/display/xinfang/e2b9dd925f49b5b4a671aa536b08e8ec/275x206n.jpg,"[{""id"": ""7315181"", ""loupan_id"": ""244804"", ""station_id"": ""121190"", ""subway_id"": ""12068"", ""city_id"": ""30"", ""distance"": ""676米"", ""status"": ""1"", ""last_update_time"": ""1774212707"", ""is_rail_loupan"": ""1"", ""subway_name"": ""5号线"", ""station_name"": ""青医附院东院"", ""distance_raw"": ""676""}, {""id"": ""7315180"", ""loupan_id"": ""244804"", ""station_id"": ""121191"", ""subway_id"": ""12068"", ""city_id"": ""30"", ""distance"": ""965米"", ""status"": ""1"", ""last_update_time"": ""1774212707"", ""is_rail_loupan"": ""1"", ""subway_name"": ""5号线"", ""station_name"": ""石老人浴场"", ""distance_raw"": ""965""}, {""id"": ""7313713"", ""loupan_id"": ""244804"", ""station_id"": ""4487"", ""subway_id"": ""126"", ""city_id"": ""30"", ""distance"": ""991米"", ""status"": ""1"", ""last_update_time"": ""1774212705"", ""is_rail_loupan"": ""1"", ""subway_name"": ""2号线"", ""station_name"": ""苗岭路"", ""distance_raw"": ""991""}, {""id"": ""7313333"", ""loupan_id"": ""244804"", ""station_id"": ""4379"", ""subway_id"": ""122"", ""city_id"": ""30"", ""distance"": ""991米"", ""status"": ""1"", ""last_update_time"": ""1774212705"", ""is_rail_loupan"": ""1"", ""subway_name"": ""蓝谷快线"", ""station_name"": ""苗岭路"", ""distance_raw"": ""991""}, {""id"": ""7313714"", ""loupan_id"": ""244804"", ""station_id"": ""4486"", ""subway_id"": ""126"", ""city_id"": ""30"", ""distance"": ""1028米"", ""status"": ""1"", ""last_update_time"": ""1774212705"", ""is_rail_loupan"": ""1"", ""subway_name"": ""2号线"", ""station_name"": ""石老人浴场"", ""distance_raw"": ""1028""}]",海尔路与苗岭路交汇处
4107938,嘉世纪怡园,青岛,30,崂山区,3643,海尔路,3697,青岛崂山区海尔路海尔路1号,,,,,127-167㎡,31600m²,199983m²,"[{""id"": 372531, ""rooms"": 2, ""room_alias"": ""二室"", ""area"": 148}, {""id"": 372535, ""rooms"": 2, ""room_alias"": ""二室"", ""area"": 155}, {""id"": 255462, ""rooms"": 3, ""room_alias"": ""三室"", ""area"": 127}, {""id"": 271449, ""rooms"": 3, ""room_alias"": ""三室"", ""area"": 127}, {""id"": 271450, ""rooms"": 3, ""room_alias"": ""三室"", ""area"": 142}, {""id"": 403083, ""rooms"": 3, ""room_alias"": ""三室"", ""area"": 148}, {""id"": 403081, ""rooms"": 3, ""room_alias"": ""三室"", ""area"": 155}, {""id"": 255461, ""rooms"": 4, ""room_alias"": ""四室"", ""area"": 167}]",2/3/4室,"2室户型,3室户型,4室户型",2005-06-23,2018年08月31日,2005年,2006年,"[""2018-09-06""]",洋房,小高层,70年,4.59,30%,622,毛坯,,住宅,龙湖智慧服务,3元/㎡/月,,622,1:1,售罄,售罄,售罄,"[""青房注字(崂)2017第011号"", ""青房注字(崂)2018第008号""]","[""1#、2#"", ""8#""]",雅居乐,君一控股,海尔产城创,民电,民水,36.142297,120.423659,"{""service_num"": ""4006708287"", ""num"": """"}","{""559"": ""现房"", ""9"": ""轨交房"", ""76"": ""厨卫全明"", ""74"": ""南北通透"", ""10"": ""多轨交"", ""78"": ""大户型"", ""402"": ""玄关入户"", ""401"": ""户型方正"", ""85"": ""主卧套房"", ""638"": ""民办中学"", ""637"": ""公办中学"", ""636"": ""公办小学"", ""635"": ""民办小学"", ""624"": ""九年一贯制"", ""598"": ""民办幼儿园"", ""597"": ""公办幼儿园"", ""263"": ""VR看房"", ""50"": ""品牌开发商""}","[""现房"", ""轨交房"", ""厨卫全明"", ""南北通透"", ""多轨交""]",https://pic4.ajkimg.com/display/xinfang/cc7560a39f4cb2ade04d1f6c950d3b83/275x206n.jpg,"[{""id"": ""7315052"", ""loupan_id"": ""416015"", ""station_id"": ""4363"", ""subway_id"": ""121"", ""city_id"": ""30"", ""distance"": ""1084米"", ""status"": ""1"", ""last_update_time"": ""1774212707"", ""is_rail_loupan"": ""1"", ""subway_name"": ""3号线"", ""station_name"": ""海尔路"", ""distance_raw"": ""1084""}, {""id"": ""7316555"", ""loupan_id"": ""416015"", ""station_id"": ""121185"", ""subway_id"": ""12068"", ""city_id"": ""30"", ""distance"": ""1368米"", ""status"": ""1"", ""last_update_time"": ""1774212709"", ""is_rail_loupan"": ""1"", ""subway_name"": ""5号线"", ""station_name"": ""地铁大厦"", ""distance_raw"": ""1368""}]",崂山区黑龙江中路海尔工业园二号门
4388640,保利云天阁,青岛,30,西海岸新区,3646,长江路,24950,青岛西海岸新区长江路嘉陵江路与江山南路交汇处,,4112元/㎡,4112元/㎡,首付21万，月供5089元,89-120㎡,25100m²,62800m²,"[{""id"": 785369, ""rooms"": 3, ""room_alias"": ""三室"", ""area"": 89}, {""id"": 785370, ""rooms"": 3, ""room_alias"": ""三室"", ""area"": 115}, {""id"": 787308, ""rooms"": 3, ""room_alias"": ""三室"", ""area"": 116}, {""id"": 845988, ""rooms"": 3, ""room_alias"": ""三室"", ""area"": 118}, {""id"": 796758, ""rooms"": 3, ""room_alias"": ""三室"", ""area"": 120}]",3室,3室户型,2005-12-01,2023年06月25日,2005年,2006年,"[""2023-08-30"", ""2023-01-19"", ""2023-01-19""]",别墅,,70年,2.5,35%,559,毛坯,在建中，竣工时间：2025-04-30,住宅,龙湖智慧服务,2.88元/㎡/月,,677,,售罄,售罄,售罄,"[""青房注字青黄2023第121号"", ""青房注字青黄2023第013号"", ""青黄注字青黄2023第012号""]","[""9#、2#、1#"", ""5#、7#"", ""4#、6#""]",中梁,保利集团,青岛广保佳创置业有限公司,民电,民水,35.967808,120.162309,"""""","{""559"": ""现房"", ""9"": ""轨交房"", ""76"": ""厨卫全明"", ""74"": ""南北通透"", ""73"": ""卧室全朝南"", ""7"": ""项目在建"", ""4"": ""低总价"", ""72"": ""配套纯熟"", ""71"": ""便利店"", ""70"": ""银行"", ""69"": ""学校"", ""68"": ""医院"", ""67"": ""生态绿地"", ""66"": ""公园"", ""65"": ""商业街"", ""64"": ""购物中心"", ""78"": ""大户型"", ""402"": ""玄关入户"", ""401"": ""户型方正"", ""397"": ""动静分离"", ""85"": ""主卧套房"", ""83"": ""双阳台"", ""637"": ""公办中学"", ""636"": ""公办小学"", ""635"": ""民办小学"", ""598"": ""民办幼儿园"", ""597"": ""公办幼儿园"", ""541"": ""3D沙盘"", ""263"": ""VR看房"", ""50"": ""品牌开发商""}","[""现房"", ""轨交房"", ""厨卫全明"", ""南北通透"", ""卧室全朝南""]",https://pic4.ajkimg.com/display/xinfang/214909550cc097e1d002aac1cb628c70/275x206n.jpg,"[{""id"": ""7275318"", ""loupan_id"": ""515807"", ""station_id"": ""4401"", ""subway_id"": ""123"", ""city_id"": ""30"", ""distance"": ""1061米"", ""status"": ""1"", ""last_update_time"": ""1774212709"", ""is_rail_loupan"": ""1"", ""subway_name"": ""西海岸快线"", ""station_name"": ""嘉陵江路"", ""distance_raw"": ""1061""}]",西海岸嘉陵江路与江山南路交汇处
3079711,万庭A区,青岛,30,平度市,3649,平度,3722,青岛平度市平度青岛路与苏州路交界处,,,,,44-98㎡,7344m²,43626m²,[],,商业户型,2005-07-16,2016年10月27日,2005年,2006年,[],多层,,40年,,8%,,毛坯,,标准写字楼,万科物业,1.5元/㎡/月,,,,售罄,售罄,售罄,[],[],中铁建,,青岛鸿福坤置业有限公司,商电,商水,36.777256,119.95671,"{""service_num"": ""4006708287"", ""num"": """"}","{""559"": ""现房"", ""72"": ""配套纯熟"", ""71"": ""便利店"", ""70"": ""银行"", ""65"": ""商业街"", ""64"": ""购物中心"", ""220"": ""办公首选""}","[""现房"", ""配套纯熟"", ""便利店"", ""银行"", ""商业街""]",https://pic4.ajkimg.com/display/xinfang/4edd641c0416df7b881d22fb9d1912b1/275x206n.jpg,[],平度市青岛路国家电网对面
9816910,翠桃源坊,青岛,30,胶州市,3647,胶州,3718,青岛胶州市胶州胶州东路799号（204国道胶东办事处东200米路北）,,,,,68-88㎡,58286m²,71183m²,"[{""id"": 156277, ""rooms"": 2, ""room_alias"": ""二室"", ""area"": 68}, {""id"": 156276, ""rooms"": 3, ""room_alias"": ""三室"", ""area"": 88}]",2/3室,"2室户型,3室户型",2005-10-28,,2005年,2006年,[],{多层},多层,70年,1.22,30%,546,毛坯,,住宅,华润万象生活,0.8元/㎡/月,,672,1:1.2,售罄,售罄,售罄,"[""青房注字(胶州)第201503464161"", ""青房注字(胶州)第2015044"", ""青房注字(胶州)第2015034""]",[],恒大,,,民电,民水,36.290814,120.025432,"{""service_num"": ""4006708287"", ""num"": """"}","{""56"": ""车位充足"", ""52"": ""低容积"", ""68"": ""医院"", ""79"": ""小户型"", ""637"": ""公办中学"", ""636"": ""公办小学"", ""598"": ""民办幼儿园"", ""597"": ""公办幼儿园""}","[""车位充足"", ""低容积"", ""医院"", ""小户型"", ""公办中学""]",https://pic4.ajkimg.com/display/xinfang/721b325dcaab4b447cae062d1c96d92d/275x206n.jpg,[],胶州市胶州东路799号（胶州市胶东办事处东200米）
