样本ID,城市,年份,客群类型,年龄,性别,年收入_万,总资产_万,首付比例,预算上限_万,家庭人数,孩子数,老人同住,社会阶层,信息渠道,决策紧迫度,风险厌恶,偏好_景观,偏好_私密,偏好_圈层,偏好_户型,偏好_通勤,偏好_学校,偏好_品牌,购房目的,意向户型,意向面积_㎡,支付意愿_元每㎡,细分职业,家庭生命周期阶段,目前居住状况,目前居住痛点,核心看房细节需求,职住通勤偏好,生活方式偏好,首付资金来源,品牌与服务诉求,旅居度假频次
上_1997_00001,上海,1997,本地改善,38,男,0.5,5.0,0.45,8.3,3,1,否,B,agent,0.63,0.52,0.61,0.52,0.35,0.82,0.63,0.73,0.51,自住-改善,两室一厅,50,1351,市第二中学地理教师,三口之家(学龄段),上海中环品质两居，车位及空间极其拥挤,小区无地下车库且人车不分流，小孩在楼下玩耍或者推婴儿车极为不安全。,讲究超高得房率（超85%），主卧套房必须配备独立步入式衣帽间与干湿分离双卫。,主要在陆家嘴/徐家汇CBD上班，首选地铁2/9号线沿线，通勤半小时内。,倡导轻户外，周末常带家人自驾野营或山系徒步，注重生活情调与手作咖啡。,名下持有一套旧两居，置换回款 65% + 个人理财储蓄补充 + 公积金商业贷,重性价比，不盲信大牌，但要求物业管理有序、绿化修剪及时、人防技防规范。,常年本地稳定居住，工作日职住通勤动线规则单一。
上_1997_00002,上海,1997,本地改善,40,女,0.7,8.5,0.45,14.2,4,2,否,B,agent,0.65,0.55,0.55,0.36,0.54,0.97,0.58,0.75,0.56,自住-改善,两室两厅,58,2011,区财政局科员,二胎黄金期中大户型,上海中环品质两居，车位及空间极其拥挤,小区无地下车库且人车不分流，小孩在楼下玩耍或者推婴儿车极为不安全。,讲究超高得房率（超85%），主卧套房必须配备独立步入式衣帽间与干湿分离双卫。,主要在陆家嘴/徐家汇CBD上班，首选地铁2/9号线沿线，通勤半小时内。,倡导轻户外，周末常带家人自驾野营或山系徒步，注重生活情调与手作咖啡。,名下持有一套旧两居，置换回款 65% + 个人理财储蓄补充 + 公积金商业贷,重性价比，不盲信大牌，但要求物业管理有序、绿化修剪及时、人防技防规范。,常年本地稳定居住，工作日职住通勤动线规则单一。
上_1997_00003,上海,1997,外籍海归,41,女,0.5,2.9,0.4,5.5,4,2,否,A,social,0.74,0.61,0.76,0.48,0.87,0.77,0.82,0.89,0.69,自住-首套,一室一厅,83,470,外企驻沪办事处代表,二胎黄金期中大户型,陆家嘴核心区江景大平层,无高端私密会所及管家式物业配套，圈层鱼龙混杂，高净值居住体验差。,要求有超大面宽南向双阳台（观景家政分离），主卧大飘窗能270度直面自然景观。,主要在陆家嘴/徐家汇CBD上班，首选地铁2/9号线沿线，通勤半小时内。,周末常去高端商圈消费，热衷打网球和马术，重度手冲咖啡及黑胶唱片发烧友。,夫妻双方积蓄 + 双方父母出资赞助首付 + 公积金商业组合贷款,重性价比，不盲信大牌，但要求物业管理有序、绿化修剪及时、人防技防规范。,常年本地稳定居住，工作日职住通勤动线规则单一。
上_1997_00004,上海,1997,教育型买房,46,女,0.4,4.2,0.4,7.9,4,1,否,B,social,1,0.55,0.37,0.61,0.58,0.71,0.57,0.93,0.62,学区房,两室两厅,100,569,国企车间技术主任,三口之家(学龄段),上海中环品质两居，车位及空间极其拥挤,小区无地下车库且人车不分流，小孩在楼下玩耍或者推婴儿车极为不安全。,讲究超高得房率（超85%），主卧套房必须配备独立步入式衣帽间与干湿分离双卫。,主要在陆家嘴/徐家汇CBD上班，首选地铁2/9号线沿线，通勤半小时内。,倡导轻户外，周末常带家人自驾野营或山系徒步，注重生活情调与手作咖啡。,名下持有一套旧两居，置换回款 65% + 个人理财储蓄补充 + 公积金商业贷,重性价比，不盲信大牌，但要求物业管理有序、绿化修剪及时、人防技防规范。,常年本地稳定居住，工作日职住通勤动线规则单一。
上_1997_00005,上海,1997,教育型买房,34,女,0.6,5.2,0.4,9.8,2,1,否,B,social,0.91,0.46,0.3,0.56,0.57,0.79,0.49,0.99,0.67,学区房,两室一厅,85,838,区财政局科员,三口之家(幼龄段),上海中环品质两居，车位及空间极其拥挤,小区无地下车库且人车不分流，小孩在楼下玩耍或者推婴儿车极为不安全。,讲究超高得房率（超85%），主卧套房必须配备独立步入式衣帽间与干湿分离双卫。,主要在陆家嘴/徐家汇CBD上班，首选地铁2/9号线沿线，通勤半小时内。,倡导轻户外，周末常带家人自驾野营或山系徒步，注重生活情调与手作咖啡。,名下持有一套旧两居，置换回款 65% + 个人理财储蓄补充 + 公积金商业贷,重性价比，不盲信大牌，但要求物业管理有序、绿化修剪及时、人防技防规范。,常年本地稳定居住，工作日职住通勤动线规则单一。
上_1997_00006,上海,1997,金融精英,39,女,0.6,5.8,0.4,10.8,4,2,否,A,research,0.77,0.42,0.62,0.58,0.85,0.75,0.75,0.79,0.79,自住-首套,一室一厅,94,595,申银万国证券分析员,二胎黄金期中大户型,市中心私密洋房住宅,无高端私密会所及管家式物业配套，圈层鱼龙混杂，高净值居住体验差。,讲究超高得房率（超85%），主卧套房必须配备独立步入式衣帽间与干湿分离双卫。,主要在陆家嘴/徐家汇CBD上班，首选地铁2/9号线沿线，通勤半小时内。,周末常去高端商圈消费，热衷打网球和马术，重度手冲咖啡及黑胶唱片发烧友。,夫妻双方积蓄 + 双方父母出资赞助首付 + 公积金商业组合贷款,非仁恒、绿城、万科等金牌开发商不买，极度看重高端精装质量与顶级物业的增值口碑。,常年本地稳定居住，工作日职住通勤动线规则单一。
上_1997_00007,上海,1997,金融精英,45,女,0.5,5.3,0.4,9.9,3,0,否,A,research,0.65,0.43,0.73,0.68,0.62,0.71,0.61,0.8,0.69,自住-首套,两室一厅,83,733,申银万国证券分析员,成熟期核心家庭,陆家嘴核心区江景大平层,无高端私密会所及管家式物业配套，圈层鱼龙混杂，高净值居住体验差。,要求有超大面宽南向双阳台（观景家政分离），主卧大飘窗能270度直面自然景观。,主要在陆家嘴/徐家汇CBD上班，首选地铁2/9号线沿线，通勤半小时内。,周末常去高端商圈消费，热衷打网球和马术，重度手冲咖啡及黑胶唱片发烧友。,夫妻双方积蓄 + 双方父母出资赞助首付 + 公积金商业组合贷款,重性价比，不盲信大牌，但要求物业管理有序、绿化修剪及时、人防技防规范。,常年本地稳定居住，工作日职住通勤动线规则单一。
上_1997_00008,上海,1997,本地改善,51,男,0.3,4.0,0.45,6.6,4,2,否,B,agent,0.85,0.38,0.59,0.64,0.63,0.88,0.62,0.77,0.65,自住-改善,两室一厅,57,1027,区财政局科员,二胎黄金期中大户型,上海中环品质两居，车位及空间极其拥挤,小区无地下车库且人车不分流，小孩在楼下玩耍或者推婴儿车极为不安全。,讲究超高得房率（超85%），主卧套房必须配备独立步入式衣帽间与干湿分离双卫。,主要在陆家嘴/徐家汇CBD上班，首选地铁2/9号线沿线，通勤半小时内。,倡导轻户外，周末常带家人自驾野营或山系徒步，注重生活情调与手作咖啡。,名下持有一套旧两居，置换回款 65% + 个人理财储蓄补充 + 公积金商业贷,重性价比，不盲信大牌，但要求物业管理有序、绿化修剪及时、人防技防规范。,常年本地稳定居住，工作日职住通勤动线规则单一。
上_1997_00009,上海,1997,本地改善,53,男,0.6,7.3,0.45,12.2,5,2,否,B,agent,0.74,0.48,0.67,0.46,0.54,0.79,0.56,0.7,0.52,自住-改善,两室一厅,52,2023,市第二中学地理教师,二胎黄金期中大户型,上海中环品质两居，车位及空间极其拥挤,小区无地下车库且人车不分流，小孩在楼下玩耍或者推婴儿车极为不安全。,讲究超高得房率（超85%），主卧套房必须配备独立步入式衣帽间与干湿分离双卫。,主要在陆家嘴/徐家汇CBD上班，首选地铁2/9号线沿线，通勤半小时内。,倡导轻户外，周末常带家人自驾野营或山系徒步，注重生活情调与手作咖啡。,名下持有一套旧两居，置换回款 65% + 个人理财储蓄补充 + 公积金商业贷,重性价比，不盲信大牌，但要求物业管理有序、绿化修剪及时、人防技防规范。,常年本地稳定居住，工作日职住通勤动线规则单一。
上_1997_00010,上海,1997,本地改善,46,女,0.5,4.1,0.45,6.9,4,2,是,B,agent,0.82,0.53,0.6,0.46,0.45,0.82,0.68,0.81,0.6,自住-改善,两室两厅,90,674,国企车间技术主任,二胎黄金期中大户型,上海中环品质两居，车位及空间极其拥挤,小区无地下车库且人车不分流，小孩在楼下玩耍或者推婴儿车极为不安全。,讲究超高得房率（超85%），主卧套房必须配备独立步入式衣帽间与干湿分离双卫。,主要在陆家嘴/徐家汇CBD上班，首选地铁2/9号线沿线，通勤半小时内。,倡导轻户外，周末常带家人自驾野营或山系徒步，注重生活情调与手作咖啡。,名下持有一套旧两居，置换回款 65% + 个人理财储蓄补充 + 公积金商业贷,重性价比，不盲信大牌，但要求物业管理有序、绿化修剪及时、人防技防规范。,常年本地稳定居住，工作日职住通勤动线规则单一。
上_1997_00011,上海,1997,本地改善,51,男,0.4,4.4,0.45,7.4,3,1,否,B,agent,0.9,0.63,0.63,0.48,0.53,0.81,0.52,0.64,0.51,自住-改善,两室两厅,99,398,国企车间技术主任,三口之家(学龄段),上海中环品质两居，车位及空间极其拥挤,小区无地下车库且人车不分流，小孩在楼下玩耍或者推婴儿车极为不安全。,讲究超高得房率（超85%），主卧套房必须配备独立步入式衣帽间与干湿分离双卫。,主要在陆家嘴/徐家汇CBD上班，首选地铁2/9号线沿线，通勤半小时内。,倡导轻户外，周末常带家人自驾野营或山系徒步，注重生活情调与手作咖啡。,名下持有一套旧两居，置换回款 65% + 个人理财储蓄补充 + 公积金商业贷,重性价比，不盲信大牌，但要求物业管理有序、绿化修剪及时、人防技防规范。,常年本地稳定居住，工作日职住通勤动线规则单一。
上_1997_00012,上海,1997,教育型买房,39,男,0.5,4.1,0.4,7.6,2,1,否,B,social,0.64,0.45,0.4,0.4,0.63,0.63,0.67,0.93,0.56,学区房,两室两厅,99,603,市第二中学地理教师,三口之家(学龄段),上海中环品质两居，车位及空间极其拥挤,小区无地下车库且人车不分流，小孩在楼下玩耍或者推婴儿车极为不安全。,核心要求地块属于第一梯队名校学区，且周边500米内解决幼小衔接教育配套。,主要在陆家嘴/徐家汇CBD上班，首选地铁2/9号线沿线，通勤半小时内。,倡导轻户外，周末常带家人自驾野营或山系徒步，注重生活情调与手作咖啡。,名下持有一套旧两居，置换回款 65% + 个人理财储蓄补充 + 公积金商业贷,重性价比，不盲信大牌，但要求物业管理有序、绿化修剪及时、人防技防规范。,常年本地稳定居住，工作日职住通勤动线规则单一。
上_1997_00013,上海,1997,本地改善,54,男,0.4,4.1,0.45,6.8,4,2,否,B,agent,0.69,0.47,0.46,0.51,0.54,0.94,0.61,0.75,0.45,自住-改善,一室一厅,74,746,国企车间技术主任,二胎黄金期中大户型,上海中环品质两居，车位及空间极其拥挤,小区无地下车库且人车不分流，小孩在楼下玩耍或者推婴儿车极为不安全。,讲究超高得房率（超85%），主卧套房必须配备独立步入式衣帽间与干湿分离双卫。,主要在陆家嘴/徐家汇CBD上班，首选地铁2/9号线沿线，通勤半小时内。,倡导轻户外，周末常带家人自驾野营或山系徒步，注重生活情调与手作咖啡。,名下持有一套旧两居，置换回款 65% + 个人理财储蓄补充 + 公积金商业贷,重性价比，不盲信大牌，但要求物业管理有序、绿化修剪及时、人防技防规范。,常年本地稳定居住，工作日职住通勤动线规则单一。
上_1997_00014,上海,1997,长三角家庭,45,女,0.8,4.3,0.45,7.1,5,2,是,B,agent,0.67,0.56,0.49,0.43,0.49,0.78,0.36,0.68,0.68,自住-改善,两室两厅,81,677,国企车间技术主任,二胎黄金期中大户型,上海中环品质两居，车位及空间极其拥挤,小区无地下车库且人车不分流，小孩在楼下玩耍或者推婴儿车极为不安全。,讲究超高得房率（超85%），主卧套房必须配备独立步入式衣帽间与干湿分离双卫。,主要在陆家嘴/徐家汇CBD上班，首选地铁2/9号线沿线，通勤半小时内。,倡导轻户外，周末常带家人自驾野营或山系徒步，注重生活情调与手作咖啡。,名下持有一套旧两居，置换回款 65% + 个人理财储蓄补充 + 公积金商业贷,重性价比，不盲信大牌，但要求物业管理有序、绿化修剪及时、人防技防规范。,常年本地稳定居住，工作日职住通勤动线规则单一。
上_1997_00015,上海,1997,教育型买房,41,女,0.6,3.9,0.4,7.3,2,0,否,B,social,0.88,0.47,0.53,0.39,0.58,0.67,0.51,1,0.48,学区房,一室一厅,81,786,区财政局科员,成熟期核心家庭,上海中环品质两居，车位及空间极其拥挤,老小区隔音差，邻里滋扰严重，且车位严重匮乏，每晚加班回来抢车位像打仗。,核心要求地块属于第一梯队名校学区，且周边500米内解决幼小衔接教育配套。,主要在陆家嘴/徐家汇CBD上班，首选地铁2/9号线沿线，通勤半小时内。,倡导轻户外，周末常带家人自驾野营或山系徒步，注重生活情调与手作咖啡。,名下持有一套旧两居，置换回款 65% + 个人理财储蓄补充 + 公积金商业贷,重性价比，不盲信大牌，但要求物业管理有序、绿化修剪及时、人防技防规范。,常年本地稳定居住，工作日职住通勤动线规则单一。
上_1997_00016,上海,1997,本地改善,56,女,0.5,4.4,0.45,7.3,4,2,是,B,agent,0.77,0.51,0.57,0.58,0.62,0.83,0.52,0.8,0.53,自住-改善,一室一厅,69,565,市第二中学地理教师,二胎黄金期中大户型,上海中环品质两居，车位及空间极其拥挤,小区无地下车库且人车不分流，小孩在楼下玩耍或者推婴儿车极为不安全。,讲究超高得房率（超85%），主卧套房必须配备独立步入式衣帽间与干湿分离双卫。,主要在陆家嘴/徐家汇CBD上班，首选地铁2/9号线沿线，通勤半小时内。,倡导轻户外，周末常带家人自驾野营或山系徒步，注重生活情调与手作咖啡。,名下持有一套旧两居，置换回款 65% + 个人理财储蓄补充 + 公积金商业贷,重性价比，不盲信大牌，但要求物业管理有序、绿化修剪及时、人防技防规范。,常年本地稳定居住，工作日职住通勤动线规则单一。
上_1997_00017,上海,1997,本地改善,53,女,0.8,9.5,0.45,15.8,4,2,否,B,agent,0.84,0.48,0.41,0.44,0.6,0.88,0.57,0.67,0.74,自住-改善,两室一厅,88,1029,区财政局科员,二胎黄金期中大户型,上海中环品质两居，车位及空间极其拥挤,小区无地下车库且人车不分流，小孩在楼下玩耍或者推婴儿车极为不安全。,讲究超高得房率（超85%），主卧套房必须配备独立步入式衣帽间与干湿分离双卫。,主要在陆家嘴/徐家汇CBD上班，首选地铁2/9号线沿线，通勤半小时内。,倡导轻户外，周末常带家人自驾野营或山系徒步，注重生活情调与手作咖啡。,名下持有一套旧两居，置换回款 65% + 个人理财储蓄补充 + 公积金商业贷,非仁恒、绿城、万科等金牌开发商不买，极度看重高端精装质量与顶级物业的增值口碑。,常年本地稳定居住，工作日职住通勤动线规则单一。
上_1997_00018,上海,1997,本地改善,55,女,0.5,3.3,0.45,5.5,3,2,是,B,agent,0.92,0.67,0.6,0.47,0.69,0.84,0.57,0.65,0.63,自住-改善,一室一厅,84,501,邮政局局长秘书,二胎黄金期中大户型,上海中环品质两居，车位及空间极其拥挤,小区无地下车库且人车不分流，小孩在楼下玩耍或者推婴儿车极为不安全。,讲究超高得房率（超85%），主卧套房必须配备独立步入式衣帽间与干湿分离双卫。,主要在陆家嘴/徐家汇CBD上班，首选地铁2/9号线沿线，通勤半小时内。,倡导轻户外，周末常带家人自驾野营或山系徒步，注重生活情调与手作咖啡。,名下持有一套旧两居，置换回款 65% + 个人理财储蓄补充 + 公积金商业贷,重性价比，不盲信大牌，但要求物业管理有序、绿化修剪及时、人防技防规范。,常年本地稳定居住，工作日职住通勤动线规则单一。
上_1997_00019,上海,1997,本地改善,46,男,0.4,4.2,0.45,7.0,4,2,是,B,agent,0.81,0.36,0.5,0.56,0.52,0.86,0.61,0.7,0.62,自住-改善,一室一厅,69,659,区财政局科员,二胎黄金期中大户型,上海中环品质两居，车位及空间极其拥挤,小区无地下车库且人车不分流，小孩在楼下玩耍或者推婴儿车极为不安全。,讲究超高得房率（超85%），主卧套房必须配备独立步入式衣帽间与干湿分离双卫。,主要在陆家嘴/徐家汇CBD上班，首选地铁2/9号线沿线，通勤半小时内。,倡导轻户外，周末常带家人自驾野营或山系徒步，注重生活情调与手作咖啡。,名下持有一套旧两居，置换回款 65% + 个人理财储蓄补充 + 公积金商业贷,重性价比，不盲信大牌，但要求物业管理有序、绿化修剪及时、人防技防规范。,常年本地稳定居住，工作日职住通勤动线规则单一。
上_1997_00020,上海,1997,教育型买房,47,男,0.8,5.8,0.4,10.9,3,0,否,B,social,0.96,0.62,0.39,0.36,0.6,0.74,0.46,1,0.57,学区房,两室两厅,78,787,国企车间技术主任,成熟期核心家庭,上海中环品质两居，车位及空间极其拥挤,老小区隔音差，邻里滋扰严重，且车位严重匮乏，每晚加班回来抢车位像打仗。,讲究超高得房率（超85%），主卧套房必须配备独立步入式衣帽间与干湿分离双卫。,主要在陆家嘴/徐家汇CBD上班，首选地铁2/9号线沿线，通勤半小时内。,倡导轻户外，周末常带家人自驾野营或山系徒步，注重生活情调与手作咖啡。,名下持有一套旧两居，置换回款 65% + 个人理财储蓄补充 + 公积金商业贷,重性价比，不盲信大牌，但要求物业管理有序、绿化修剪及时、人防技防规范。,常年本地稳定居住，工作日职住通勤动线规则单一。
上_1997_00021,上海,1997,本地改善,52,女,0.5,3.7,0.45,6.2,3,2,否,B,agent,1,0.58,0.67,0.43,0.45,0.83,0.61,0.71,0.53,自住-改善,两室两厅,68,792,区财政局科员,二胎黄金期中大户型,上海中环品质两居，车位及空间极其拥挤,小区无地下车库且人车不分流，小孩在楼下玩耍或者推婴儿车极为不安全。,讲究超高得房率（超85%），主卧套房必须配备独立步入式衣帽间与干湿分离双卫。,主要在陆家嘴/徐家汇CBD上班，首选地铁2/9号线沿线，通勤半小时内。,倡导轻户外，周末常带家人自驾野营或山系徒步，注重生活情调与手作咖啡。,名下持有一套旧两居，置换回款 65% + 个人理财储蓄补充 + 公积金商业贷,重性价比，不盲信大牌，但要求物业管理有序、绿化修剪及时、人防技防规范。,常年本地稳定居住，工作日职住通勤动线规则单一。
上_1997_00022,上海,1997,本地改善,49,女,0.6,6.0,0.45,9.9,4,2,是,B,agent,0.66,0.42,0.58,0.54,0.58,0.77,0.59,0.8,0.42,自住-改善,一室一厅,99,748,市第二中学地理教师,二胎黄金期中大户型,上海中环品质两居，车位及空间极其拥挤,小区无地下车库且人车不分流，小孩在楼下玩耍或者推婴儿车极为不安全。,讲究超高得房率（超85%），主卧套房必须配备独立步入式衣帽间与干湿分离双卫。,主要在陆家嘴/徐家汇CBD上班，首选地铁2/9号线沿线，通勤半小时内。,倡导轻户外，周末常带家人自驾野营或山系徒步，注重生活情调与手作咖啡。,名下持有一套旧两居，置换回款 65% + 个人理财储蓄补充 + 公积金商业贷,重性价比，不盲信大牌，但要求物业管理有序、绿化修剪及时、人防技防规范。,常年本地稳定居住，工作日职住通勤动线规则单一。
上_1997_00023,上海,1997,教育型买房,42,男,0.4,3.2,0.4,6.1,4,1,否,B,social,1,0.41,0.27,0.49,0.71,0.64,0.6,0.91,0.49,学区房,一室一厅,67,558,邮政局局长秘书,三口之家(学龄段),上海中环品质两居，车位及空间极其拥挤,小区无地下车库且人车不分流，小孩在楼下玩耍或者推婴儿车极为不安全。,核心要求地块属于第一梯队名校学区，且周边500米内解决幼小衔接教育配套。,主要在陆家嘴/徐家汇CBD上班，首选地铁2/9号线沿线，通勤半小时内。,倡导轻户外，周末常带家人自驾野营或山系徒步，注重生活情调与手作咖啡。,名下持有一套旧两居，置换回款 65% + 个人理财储蓄补充 + 公积金商业贷,重性价比，不盲信大牌，但要求物业管理有序、绿化修剪及时、人防技防规范。,常年本地稳定居住，工作日职住通勤动线规则单一。
上_1997_00024,上海,1997,教育型买房,46,女,0.4,3.2,0.4,6.0,3,1,是,B,social,0.83,0.36,0.47,0.29,0.56,0.69,0.5,0.98,0.72,学区房,两室两厅,87,365,邮政局局长秘书,三口之家(学龄段),上海中环品质两居，车位及空间极其拥挤,小区无地下车库且人车不分流，小孩在楼下玩耍或者推婴儿车极为不安全。,核心要求地块属于第一梯队名校学区，且周边500米内解决幼小衔接教育配套。,主要在陆家嘴/徐家汇CBD上班，首选地铁2/9号线沿线，通勤半小时内。,倡导轻户外，周末常带家人自驾野营或山系徒步，注重生活情调与手作咖啡。,名下持有一套旧两居，置换回款 65% + 个人理财储蓄补充 + 公积金商业贷,非仁恒、绿城、万科等金牌开发商不买，极度看重高端精装质量与顶级物业的增值口碑。,常年本地稳定居住，工作日职住通勤动线规则单一。
上_1997_00025,上海,1997,外籍海归,43,女,0.3,1.8,0.4,3.4,3,1,否,A,social,0.99,0.52,0.65,0.53,0.85,0.65,0.59,0.78,0.62,自住-改善,两室一厅,91,305,外企驻沪办事处代表,三口之家(学龄段),西湖边高精平层,无高端私密会所及管家式物业配套，圈层鱼龙混杂，高净值居住体验差。,核心要求地块属于第一梯队名校学区，且周边500米内解决幼小衔接教育配套。,主要在陆家嘴/徐家汇CBD上班，首选地铁2/9号线沿线，通勤半小时内。,周末常去高端商圈消费，热衷打网球和马术，重度手冲咖啡及黑胶唱片发烧友。,名下已有企业股权套现或分红现金，一次性全款付清，基本不加杠杆,重性价比，不盲信大牌，但要求物业管理有序、绿化修剪及时、人防技防规范。,常年本地稳定居住，工作日职住通勤动线规则单一。
上_1997_00026,上海,1997,本地改善,51,女,0.3,4.1,0.45,6.9,4,2,是,B,agent,1,0.41,0.56,0.61,0.66,0.85,0.6,0.65,0.65,自住-改善,两室一厅,66,610,国企车间技术主任,二胎黄金期中大户型,上海中环品质两居，车位及空间极其拥挤,小区无地下车库且人车不分流，小孩在楼下玩耍或者推婴儿车极为不安全。,讲究超高得房率（超85%），主卧套房必须配备独立步入式衣帽间与干湿分离双卫。,主要在陆家嘴/徐家汇CBD上班，首选地铁2/9号线沿线，通勤半小时内。,倡导轻户外，周末常带家人自驾野营或山系徒步，注重生活情调与手作咖啡。,名下持有一套旧两居，置换回款 65% + 个人理财储蓄补充 + 公积金商业贷,重性价比，不盲信大牌，但要求物业管理有序、绿化修剪及时、人防技防规范。,常年本地稳定居住，工作日职住通勤动线规则单一。
上_1997_00027,上海,1997,本地改善,51,女,0.3,3.6,0.45,6.0,4,3,否,B,agent,0.83,0.57,0.51,0.52,0.54,0.77,0.49,0.7,0.61,自住-改善,两室两厅,77,689,邮政局局长秘书,二胎黄金期中大户型,上海中环品质两居，车位及空间极其拥挤,小区无地下车库且人车不分流，小孩在楼下玩耍或者推婴儿车极为不安全。,讲究超高得房率（超85%），主卧套房必须配备独立步入式衣帽间与干湿分离双卫。,主要在陆家嘴/徐家汇CBD上班，首选地铁2/9号线沿线，通勤半小时内。,倡导轻户外，周末常带家人自驾野营或山系徒步，注重生活情调与手作咖啡。,名下持有一套旧两居，置换回款 65% + 个人理财储蓄补充 + 公积金商业贷,重性价比，不盲信大牌，但要求物业管理有序、绿化修剪及时、人防技防规范。,常年本地稳定居住，工作日职住通勤动线规则单一。
上_1997_00028,上海,1997,长三角家庭,45,男,0.5,4.7,0.45,7.9,3,1,是,B,agent,0.87,0.39,0.55,0.48,0.48,0.92,0.45,0.76,0.64,自住-改善,两室两厅,75,658,国企车间技术主任,三口之家(学龄段),上海中环品质两居，车位及空间极其拥挤,小区无地下车库且人车不分流，小孩在楼下玩耍或者推婴儿车极为不安全。,讲究超高得房率（超85%），主卧套房必须配备独立步入式衣帽间与干湿分离双卫。,主要在陆家嘴/徐家汇CBD上班，首选地铁2/9号线沿线，通勤半小时内。,倡导轻户外，周末常带家人自驾野营或山系徒步，注重生活情调与手作咖啡。,名下持有一套旧两居，置换回款 65% + 个人理财储蓄补充 + 公积金商业贷,重性价比，不盲信大牌，但要求物业管理有序、绿化修剪及时、人防技防规范。,常年本地稳定居住，工作日职住通勤动线规则单一。
上_1997_00029,上海,1997,教育型买房,41,女,0.9,5.1,0.4,9.5,2,1,否,B,social,0.66,0.61,0.4,0.54,0.54,0.73,0.55,0.96,0.53,学区房,两室两厅,89,693,国企车间技术主任,三口之家(学龄段),上海中环品质两居，车位及空间极其拥挤,小区无地下车库且人车不分流，小孩在楼下玩耍或者推婴儿车极为不安全。,讲究超高得房率（超85%），主卧套房必须配备独立步入式衣帽间与干湿分离双卫。,主要在陆家嘴/徐家汇CBD上班，首选地铁2/9号线沿线，通勤半小时内。,倡导轻户外，周末常带家人自驾野营或山系徒步，注重生活情调与手作咖啡。,名下持有一套旧两居，置换回款 65% + 个人理财储蓄补充 + 公积金商业贷,重性价比，不盲信大牌，但要求物业管理有序、绿化修剪及时、人防技防规范。,常年本地稳定居住，工作日职住通勤动线规则单一。
上_1997_00030,上海,1997,长三角家庭,35,女,0.3,2.9,0.45,4.9,4,2,否,B,agent,0.67,0.42,0.56,0.42,0.54,1,0.44,0.74,0.61,自住-改善,一室一厅,86,339,国企车间技术主任,二胎黄金期中大户型,上海中环品质两居，车位及空间极其拥挤,小区无地下车库且人车不分流，小孩在楼下玩耍或者推婴儿车极为不安全。,讲究超高得房率（超85%），主卧套房必须配备独立步入式衣帽间与干湿分离双卫。,主要在陆家嘴/徐家汇CBD上班，首选地铁2/9号线沿线，通勤半小时内。,倡导轻户外，周末常带家人自驾野营或山系徒步，注重生活情调与手作咖啡。,名下持有一套旧两居，置换回款 65% + 个人理财储蓄补充 + 公积金商业贷,重性价比，不盲信大牌，但要求物业管理有序、绿化修剪及时、人防技防规范。,常年本地稳定居住，工作日职住通勤动线规则单一。
上_1997_00031,上海,1997,金融精英,35,男,0.9,5.4,0.4,10.2,2,1,否,A,research,0.78,0.4,0.58,0.65,0.84,0.84,0.76,0.83,0.8,自住-改善,一室一厅,84,763,商业银行支行信贷科长,三口之家(幼龄段),陆家嘴核心区江景大平层,无高端私密会所及管家式物业配套，圈层鱼龙混杂，高净值居住体验差。,讲究超高得房率（超85%），主卧套房必须配备独立步入式衣帽间与干湿分离双卫。,主要在陆家嘴/徐家汇CBD上班，首选地铁2/9号线沿线，通勤半小时内。,周末常去高端商圈消费，热衷打网球和马术，重度手冲咖啡及黑胶唱片发烧友。,名下已有企业股权套现或分红现金，一次性全款付清，基本不加杠杆,非仁恒、绿城、万科等金牌开发商不买，极度看重高端精装质量与顶级物业的增值口碑。,常年本地稳定居住，工作日职住通勤动线规则单一。
上_1997_00032,上海,1997,本地改善,50,女,0.7,5.9,0.45,9.8,4,2,否,B,agent,0.64,0.57,0.58,0.44,0.5,0.95,0.67,0.74,0.53,自住-改善,一室一厅,74,1013,市第二中学地理教师,二胎黄金期中大户型,上海中环品质两居，车位及空间极其拥挤,小区无地下车库且人车不分流，小孩在楼下玩耍或者推婴儿车极为不安全。,讲究超高得房率（超85%），主卧套房必须配备独立步入式衣帽间与干湿分离双卫。,主要在陆家嘴/徐家汇CBD上班，首选地铁2/9号线沿线，通勤半小时内。,倡导轻户外，周末常带家人自驾野营或山系徒步，注重生活情调与手作咖啡。,名下持有一套旧两居，置换回款 65% + 个人理财储蓄补充 + 公积金商业贷,重性价比，不盲信大牌，但要求物业管理有序、绿化修剪及时、人防技防规范。,常年本地稳定居住，工作日职住通勤动线规则单一。
上_1997_00033,上海,1997,教育型买房,39,女,0.6,6.2,0.4,11.7,3,1,否,B,social,0.88,0.54,0.32,0.36,0.57,0.67,0.52,1,0.64,学区房,两室两厅,80,1021,区财政局科员,三口之家(学龄段),上海中环品质两居，车位及空间极其拥挤,小区无地下车库且人车不分流，小孩在楼下玩耍或者推婴儿车极为不安全。,核心要求地块属于第一梯队名校学区，且周边500米内解决幼小衔接教育配套。,主要在陆家嘴/徐家汇CBD上班，首选地铁2/9号线沿线，通勤半小时内。,倡导轻户外，周末常带家人自驾野营或山系徒步，注重生活情调与手作咖啡。,名下持有一套旧两居，置换回款 65% + 个人理财储蓄补充 + 公积金商业贷,重性价比，不盲信大牌，但要求物业管理有序、绿化修剪及时、人防技防规范。,常年本地稳定居住，工作日职住通勤动线规则单一。
上_1997_00034,上海,1997,金融精英,48,女,0.8,7.2,0.4,13.5,3,2,否,A,research,0.76,0.49,0.66,0.61,0.86,0.62,0.75,0.93,0.76,自住-改善,两室一厅,50,1583,老牌证券公司营业部经理,二胎黄金期中大户型,市中心私密洋房住宅,无高端私密会所及管家式物业配套，圈层鱼龙混杂，高净值居住体验差。,核心要求地块属于第一梯队名校学区，且周边500米内解决幼小衔接教育配套。,主要在陆家嘴/徐家汇CBD上班，首选地铁2/9号线沿线，通勤半小时内。,周末常去高端商圈消费，热衷打网球和马术，重度手冲咖啡及黑胶唱片发烧友。,名下已有企业股权套现或分红现金，一次性全款付清，基本不加杠杆,非仁恒、绿城、万科等金牌开发商不买，极度看重高端精装质量与顶级物业的增值口碑。,常年本地稳定居住，工作日职住通勤动线规则单一。
上_1997_00035,上海,1997,教育型买房,35,女,0.6,3.9,0.4,7.4,4,1,是,B,social,0.61,0.52,0.4,0.51,0.63,0.63,0.64,1,0.64,学区房,两室一厅,96,498,邮政局局长秘书,三口之家(幼龄段),上海中环品质两居，车位及空间极其拥挤,小区无地下车库且人车不分流，小孩在楼下玩耍或者推婴儿车极为不安全。,核心要求地块属于第一梯队名校学区，且周边500米内解决幼小衔接教育配套。,主要在陆家嘴/徐家汇CBD上班，首选地铁2/9号线沿线，通勤半小时内。,倡导轻户外，周末常带家人自驾野营或山系徒步，注重生活情调与手作咖啡。,名下持有一套旧两居，置换回款 65% + 个人理财储蓄补充 + 公积金商业贷,重性价比，不盲信大牌，但要求物业管理有序、绿化修剪及时、人防技防规范。,常年本地稳定居住，工作日职住通勤动线规则单一。
上_1997_00036,上海,1997,教育型买房,34,男,0.5,4.6,0.4,8.7,3,1,否,B,social,0.83,0.35,0.38,0.34,0.5,0.58,0.56,1,0.6,学区房,两室两厅,65,943,邮政局局长秘书,三口之家(幼龄段),上海中环品质两居，车位及空间极其拥挤,小区无地下车库且人车不分流，小孩在楼下玩耍或者推婴儿车极为不安全。,核心要求地块属于第一梯队名校学区，且周边500米内解决幼小衔接教育配套。,主要在陆家嘴/徐家汇CBD上班，首选地铁2/9号线沿线，通勤半小时内。,倡导轻户外，周末常带家人自驾野营或山系徒步，注重生活情调与手作咖啡。,名下持有一套旧两居，置换回款 65% + 个人理财储蓄补充 + 公积金商业贷,重性价比，不盲信大牌，但要求物业管理有序、绿化修剪及时、人防技防规范。,常年本地稳定居住，工作日职住通勤动线规则单一。
上_1997_00037,上海,1997,长三角家庭,55,女,0.3,2.9,0.45,4.8,4,3,是,B,agent,0.97,0.58,0.49,0.46,0.64,0.89,0.34,0.72,0.57,自住-改善,两室两厅,78,360,市第二中学地理教师,二胎黄金期中大户型,上海中环品质两居，车位及空间极其拥挤,小区无地下车库且人车不分流，小孩在楼下玩耍或者推婴儿车极为不安全。,讲究超高得房率（超85%），主卧套房必须配备独立步入式衣帽间与干湿分离双卫。,主要在陆家嘴/徐家汇CBD上班，首选地铁2/9号线沿线，通勤半小时内。,倡导轻户外，周末常带家人自驾野营或山系徒步，注重生活情调与手作咖啡。,名下持有一套旧两居，置换回款 65% + 个人理财储蓄补充 + 公积金商业贷,重性价比，不盲信大牌，但要求物业管理有序、绿化修剪及时、人防技防规范。,常年本地稳定居住，工作日职住通勤动线规则单一。
上_1997_00038,上海,1997,金融精英,32,女,0.7,5.9,0.4,11.0,3,1,否,A,research,0.95,0.51,0.53,0.43,0.83,0.83,0.73,0.78,0.59,自住-首套,一室一厅,68,1061,申银万国证券分析员,三口之家(幼龄段),市中心私密洋房住宅,无高端私密会所及管家式物业配套，圈层鱼龙混杂，高净值居住体验差。,讲究超高得房率（超85%），主卧套房必须配备独立步入式衣帽间与干湿分离双卫。,主要在陆家嘴/徐家汇CBD上班，首选地铁2/9号线沿线，通勤半小时内。,周末常去高端商圈消费，热衷打网球和马术，重度手冲咖啡及黑胶唱片发烧友。,夫妻双方积蓄 + 双方父母出资赞助首付 + 公积金商业组合贷款,重性价比，不盲信大牌，但要求物业管理有序、绿化修剪及时、人防技防规范。,常年本地稳定居住，工作日职住通勤动线规则单一。
上_1997_00039,上海,1997,本地改善,49,男,0.3,3.8,0.45,6.3,4,2,否,B,agent,0.67,0.52,0.64,0.43,0.43,0.99,0.53,1.0,0.57,自住-改善,两室两厅,71,793,国企车间技术主任,二胎黄金期中大户型,上海中环品质两居，车位及空间极其拥挤,小区无地下车库且人车不分流，小孩在楼下玩耍或者推婴儿车极为不安全。,讲究超高得房率（超85%），主卧套房必须配备独立步入式衣帽间与干湿分离双卫。,主要在陆家嘴/徐家汇CBD上班，首选地铁2/9号线沿线，通勤半小时内。,倡导轻户外，周末常带家人自驾野营或山系徒步，注重生活情调与手作咖啡。,名下持有一套旧两居，置换回款 65% + 个人理财储蓄补充 + 公积金商业贷,重性价比，不盲信大牌，但要求物业管理有序、绿化修剪及时、人防技防规范。,常年本地稳定居住，工作日职住通勤动线规则单一。
上_1997_00040,上海,1997,本地改善,41,女,0.4,4.7,0.45,7.8,4,1,是,B,agent,0.59,0.38,0.59,0.4,0.45,0.8,0.52,0.69,0.53,自住-改善,两室两厅,50,1134,国企车间技术主任,三口之家(学龄段),上海中环品质两居，车位及空间极其拥挤,小区无地下车库且人车不分流，小孩在楼下玩耍或者推婴儿车极为不安全。,讲究超高得房率（超85%），主卧套房必须配备独立步入式衣帽间与干湿分离双卫。,主要在陆家嘴/徐家汇CBD上班，首选地铁2/9号线沿线，通勤半小时内。,倡导轻户外，周末常带家人自驾野营或山系徒步，注重生活情调与手作咖啡。,名下持有一套旧两居，置换回款 65% + 个人理财储蓄补充 + 公积金商业贷,重性价比，不盲信大牌，但要求物业管理有序、绿化修剪及时、人防技防规范。,常年本地稳定居住，工作日职住通勤动线规则单一。
上_1997_00041,上海,1997,本地改善,40,女,0.5,5.2,0.45,8.6,4,2,是,B,agent,0.67,0.49,0.54,0.34,0.54,0.99,0.61,0.58,0.66,自住-改善,两室两厅,78,741,市第二中学地理教师,二胎黄金期中大户型,上海中环品质两居，车位及空间极其拥挤,小区无地下车库且人车不分流，小孩在楼下玩耍或者推婴儿车极为不安全。,讲究超高得房率（超85%），主卧套房必须配备独立步入式衣帽间与干湿分离双卫。,主要在陆家嘴/徐家汇CBD上班，首选地铁2/9号线沿线，通勤半小时内。,倡导轻户外，周末常带家人自驾野营或山系徒步，注重生活情调与手作咖啡。,名下持有一套旧两居，置换回款 65% + 个人理财储蓄补充 + 公积金商业贷,重性价比，不盲信大牌，但要求物业管理有序、绿化修剪及时、人防技防规范。,常年本地稳定居住，工作日职住通勤动线规则单一。
上_1997_00042,上海,1997,本地改善,55,女,0.4,3.5,0.45,5.8,5,2,是,B,agent,0.81,0.41,0.66,0.54,0.56,0.84,0.64,0.75,0.49,自住-改善,两室一厅,72,526,市第二中学地理教师,二胎黄金期中大户型,上海中环品质两居，车位及空间极其拥挤,小区无地下车库且人车不分流，小孩在楼下玩耍或者推婴儿车极为不安全。,讲究超高得房率（超85%），主卧套房必须配备独立步入式衣帽间与干湿分离双卫。,主要在陆家嘴/徐家汇CBD上班，首选地铁2/9号线沿线，通勤半小时内。,倡导轻户外，周末常带家人自驾野营或山系徒步，注重生活情调与手作咖啡。,名下持有一套旧两居，置换回款 65% + 个人理财储蓄补充 + 公积金商业贷,重性价比，不盲信大牌，但要求物业管理有序、绿化修剪及时、人防技防规范。,常年本地稳定居住，工作日职住通勤动线规则单一。
上_1997_00043,上海,1997,本地改善,44,男,0.6,6.8,0.45,11.3,3,2,否,B,agent,0.47,0.33,0.57,0.51,0.51,0.75,0.51,0.79,0.57,自住-改善,两室两厅,97,933,区财政局科员,二胎黄金期中大户型,上海中环品质两居，车位及空间极其拥挤,小区无地下车库且人车不分流，小孩在楼下玩耍或者推婴儿车极为不安全。,讲究超高得房率（超85%），主卧套房必须配备独立步入式衣帽间与干湿分离双卫。,主要在陆家嘴/徐家汇CBD上班，首选地铁2/9号线沿线，通勤半小时内。,倡导轻户外，周末常带家人自驾野营或山系徒步，注重生活情调与手作咖啡。,名下持有一套旧两居，置换回款 65% + 个人理财储蓄补充 + 公积金商业贷,重性价比，不盲信大牌，但要求物业管理有序、绿化修剪及时、人防技防规范。,常年本地稳定居住，工作日职住通勤动线规则单一。
上_1997_00044,上海,1997,金融精英,45,女,1.0,7.3,0.4,13.7,2,1,否,A,research,0.65,0.55,0.68,0.5,0.78,0.72,0.69,0.8,0.82,自住-改善,一室一厅,59,1613,老牌证券公司营业部经理,三口之家(学龄段),西湖边高精平层,无高端私密会所及管家式物业配套，圈层鱼龙混杂，高净值居住体验差。,讲究超高得房率（超85%），主卧套房必须配备独立步入式衣帽间与干湿分离双卫。,主要在陆家嘴/徐家汇CBD上班，首选地铁2/9号线沿线，通勤半小时内。,周末常去高端商圈消费，热衷打网球和马术，重度手冲咖啡及黑胶唱片发烧友。,名下已有企业股权套现或分红现金，一次性全款付清，基本不加杠杆,非仁恒、绿城、万科等金牌开发商不买，极度看重高端精装质量与顶级物业的增值口碑。,常年本地稳定居住，工作日职住通勤动线规则单一。
上_1997_00045,上海,1997,教育型买房,47,女,0.6,4.1,0.4,7.8,3,0,否,B,social,0.86,0.54,0.5,0.39,0.69,0.66,0.51,0.95,0.54,学区房,两室两厅,89,752,国企车间技术主任,成熟期核心家庭,上海中环品质两居，车位及空间极其拥挤,老小区隔音差，邻里滋扰严重，且车位严重匮乏，每晚加班回来抢车位像打仗。,核心要求地块属于第一梯队名校学区，且周边500米内解决幼小衔接教育配套。,主要在陆家嘴/徐家汇CBD上班，首选地铁2/9号线沿线，通勤半小时内。,倡导轻户外，周末常带家人自驾野营或山系徒步，注重生活情调与手作咖啡。,名下持有一套旧两居，置换回款 65% + 个人理财储蓄补充 + 公积金商业贷,重性价比，不盲信大牌，但要求物业管理有序、绿化修剪及时、人防技防规范。,常年本地稳定居住，工作日职住通勤动线规则单一。
上_1997_00046,上海,1997,金融精英,48,男,0.8,4.8,0.4,9.0,4,1,否,A,research,0.77,0.46,0.68,0.52,0.73,0.67,0.75,0.74,0.83,自住-改善,两室两厅,58,835,商业银行支行信贷科长,三口之家(学龄段),西湖边高精平层,无高端私密会所及管家式物业配套，圈层鱼龙混杂，高净值居住体验差。,核心要求地块属于第一梯队名校学区，且周边500米内解决幼小衔接教育配套。,主要在陆家嘴/徐家汇CBD上班，首选地铁2/9号线沿线，通勤半小时内。,周末常去高端商圈消费，热衷打网球和马术，重度手冲咖啡及黑胶唱片发烧友。,名下已有企业股权套现或分红现金，一次性全款付清，基本不加杠杆,非仁恒、绿城、万科等金牌开发商不买，极度看重高端精装质量与顶级物业的增值口碑。,常年本地稳定居住，工作日职住通勤动线规则单一。
上_1997_00047,上海,1997,本地改善,47,女,0.5,5.7,0.45,9.5,2,1,否,B,agent,0.84,0.41,0.54,0.48,0.48,0.72,0.64,0.6,0.58,自住-改善,两室两厅,79,1014,市第二中学地理教师,三口之家(学龄段),上海中环品质两居，车位及空间极其拥挤,小区无地下车库且人车不分流，小孩在楼下玩耍或者推婴儿车极为不安全。,讲究超高得房率（超85%），主卧套房必须配备独立步入式衣帽间与干湿分离双卫。,主要在陆家嘴/徐家汇CBD上班，首选地铁2/9号线沿线，通勤半小时内。,倡导轻户外，周末常带家人自驾野营或山系徒步，注重生活情调与手作咖啡。,名下持有一套旧两居，置换回款 65% + 个人理财储蓄补充 + 公积金商业贷,重性价比，不盲信大牌，但要求物业管理有序、绿化修剪及时、人防技防规范。,常年本地稳定居住，工作日职住通勤动线规则单一。
上_1997_00048,上海,1997,教育型买房,48,女,0.4,3.2,0.4,6.0,2,1,否,B,social,0.95,0.58,0.44,0.41,0.59,0.72,0.58,0.94,0.66,学区房,两室两厅,81,577,区财政局科员,三口之家(学龄段),上海中环品质两居，车位及空间极其拥挤,小区无地下车库且人车不分流，小孩在楼下玩耍或者推婴儿车极为不安全。,讲究超高得房率（超85%），主卧套房必须配备独立步入式衣帽间与干湿分离双卫。,主要在陆家嘴/徐家汇CBD上班，首选地铁2/9号线沿线，通勤半小时内。,倡导轻户外，周末常带家人自驾野营或山系徒步，注重生活情调与手作咖啡。,名下持有一套旧两居，置换回款 65% + 个人理财储蓄补充 + 公积金商业贷,重性价比，不盲信大牌，但要求物业管理有序、绿化修剪及时、人防技防规范。,常年本地稳定居住，工作日职住通勤动线规则单一。
上_1997_00049,上海,1997,长三角家庭,39,男,0.4,3.2,0.45,5.3,3,3,是,B,agent,0.63,0.66,0.49,0.41,0.47,0.85,0.34,0.68,0.78,自住-首套,两室一厅,99,459,市第二中学地理教师,二胎黄金期中大户型,上海中环品质两居，车位及空间极其拥挤,小区无地下车库且人车不分流，小孩在楼下玩耍或者推婴儿车极为不安全。,讲究超高得房率（超85%），主卧套房必须配备独立步入式衣帽间与干湿分离双卫。,主要在陆家嘴/徐家汇CBD上班，首选地铁2/9号线沿线，通勤半小时内。,倡导轻户外，周末常带家人自驾野营或山系徒步，注重生活情调与手作咖啡。,夫妻双方积蓄 + 双方父母出资赞助首付 + 公积金商业组合贷款,非仁恒、绿城、万科等金牌开发商不买，极度看重高端精装质量与顶级物业的增值口碑。,常年本地稳定居住，工作日职住通勤动线规则单一。
上_1997_00050,上海,1997,教育型买房,34,女,0.3,2.9,0.4,5.5,3,0,否,B,social,1,0.49,0.37,0.26,0.64,0.66,0.54,0.95,0.47,学区房,两室两厅,93,342,邮政局局长秘书,新婚过渡两居,上海中环品质两居，车位及空间极其拥挤,老小区隔音差，邻里滋扰严重，且车位严重匮乏，每晚加班回来抢车位像打仗。,核心要求地块属于第一梯队名校学区，且周边500米内解决幼小衔接教育配套。,主要在陆家嘴/徐家汇CBD上班，首选地铁2/9号线沿线，通勤半小时内。,倡导轻户外，周末常带家人自驾野营或山系徒步，注重生活情调与手作咖啡。,名下持有一套旧两居，置换回款 65% + 个人理财储蓄补充 + 公积金商业贷,重性价比，不盲信大牌，但要求物业管理有序、绿化修剪及时、人防技防规范。,常年本地稳定居住，工作日职住通勤动线规则单一。
上_1997_00051,上海,1997,教育型买房,35,女,0.7,6.6,0.4,12.4,4,0,是,B,social,0.71,0.55,0.37,0.38,0.65,0.81,0.65,0.89,0.49,学区房,两室一厅,58,1347,邮政局局长秘书,新婚过渡两居,上海中环品质两居，车位及空间极其拥挤,当前房屋属于旧多层无电梯房，父母年纪渐高每天爬楼梯极为吃力。,讲究超高得房率（超85%），主卧套房必须配备独立步入式衣帽间与干湿分离双卫。,主要在陆家嘴/徐家汇CBD上班，首选地铁2/9号线沿线，通勤半小时内。,倡导轻户外，周末常带家人自驾野营或山系徒步，注重生活情调与手作咖啡。,名下持有一套旧两居，置换回款 65% + 个人理财储蓄补充 + 公积金商业贷,重性价比，不盲信大牌，但要求物业管理有序、绿化修剪及时、人防技防规范。,常年本地稳定居住，工作日职住通勤动线规则单一。
上_1997_00052,上海,1997,本地改善,52,男,0.4,4.0,0.45,6.7,4,1,否,B,agent,0.81,0.61,0.44,0.65,0.61,0.94,0.65,0.83,0.57,自住-改善,一室一厅,87,626,邮政局局长秘书,三口之家(学龄段),上海中环品质两居，车位及空间极其拥挤,小区无地下车库且人车不分流，小孩在楼下玩耍或者推婴儿车极为不安全。,讲究超高得房率（超85%），主卧套房必须配备独立步入式衣帽间与干湿分离双卫。,主要在陆家嘴/徐家汇CBD上班，首选地铁2/9号线沿线，通勤半小时内。,倡导轻户外，周末常带家人自驾野营或山系徒步，注重生活情调与手作咖啡。,名下持有一套旧两居，置换回款 65% + 个人理财储蓄补充 + 公积金商业贷,重性价比，不盲信大牌，但要求物业管理有序、绿化修剪及时、人防技防规范。,常年本地稳定居住，工作日职住通勤动线规则单一。
上_1997_00053,上海,1997,本地改善,48,女,0.4,3.1,0.45,5.2,4,2,否,B,agent,0.9,0.5,0.53,0.42,0.59,1,0.62,0.7,0.59,自住-改善,两室两厅,58,615,国企车间技术主任,二胎黄金期中大户型,上海中环品质两居，车位及空间极其拥挤,小区无地下车库且人车不分流，小孩在楼下玩耍或者推婴儿车极为不安全。,讲究超高得房率（超85%），主卧套房必须配备独立步入式衣帽间与干湿分离双卫。,主要在陆家嘴/徐家汇CBD上班，首选地铁2/9号线沿线，通勤半小时内。,倡导轻户外，周末常带家人自驾野营或山系徒步，注重生活情调与手作咖啡。,名下持有一套旧两居，置换回款 65% + 个人理财储蓄补充 + 公积金商业贷,重性价比，不盲信大牌，但要求物业管理有序、绿化修剪及时、人防技防规范。,常年本地稳定居住，工作日职住通勤动线规则单一。
上_1997_00054,上海,1997,教育型买房,32,男,1.0,6.6,0.4,12.3,3,2,是,B,social,0.86,0.54,0.5,0.32,0.55,0.63,0.57,1,0.52,学区房,一室一厅,62,1601,国企车间技术主任,二胎黄金期中大户型,上海中环品质两居，车位及空间极其拥挤,小区无地下车库且人车不分流，小孩在楼下玩耍或者推婴儿车极为不安全。,核心要求地块属于第一梯队名校学区，且周边500米内解决幼小衔接教育配套。,主要在陆家嘴/徐家汇CBD上班，首选地铁2/9号线沿线，通勤半小时内。,倡导轻户外，周末常带家人自驾野营或山系徒步，注重生活情调与手作咖啡。,名下持有一套旧两居，置换回款 65% + 个人理财储蓄补充 + 公积金商业贷,重性价比，不盲信大牌，但要求物业管理有序、绿化修剪及时、人防技防规范。,常年本地稳定居住，工作日职住通勤动线规则单一。
上_1997_00055,上海,1997,金融精英,46,男,0.8,4.3,0.4,8.1,3,2,否,A,research,1,0.48,0.85,0.6,0.76,0.72,0.61,0.84,0.81,自住-首套,两室一厅,65,673,老牌证券公司营业部经理,二胎黄金期中大户型,陆家嘴核心区江景大平层,无高端私密会所及管家式物业配套，圈层鱼龙混杂，高净值居住体验差。,要求有超大面宽南向双阳台（观景家政分离），主卧大飘窗能270度直面自然景观。,主要在陆家嘴/徐家汇CBD上班，首选地铁2/9号线沿线，通勤半小时内。,周末常去高端商圈消费，热衷打网球和马术，重度手冲咖啡及黑胶唱片发烧友。,夫妻双方积蓄 + 双方父母出资赞助首付 + 公积金商业组合贷款,非仁恒、绿城、万科等金牌开发商不买，极度看重高端精装质量与顶级物业的增值口碑。,常年本地稳定居住，工作日职住通勤动线规则单一。
上_1997_00056,上海,1997,外籍海归,38,女,0.4,3.5,0.4,6.6,3,1,否,A,social,1,0.46,0.51,0.61,0.87,0.68,0.67,0.72,0.83,自住-首套,一室一厅,94,600,合资日化企业技术主管,三口之家(学龄段),陆家嘴核心区江景大平层,无高端私密会所及管家式物业配套，圈层鱼龙混杂，高净值居住体验差。,核心要求地块属于第一梯队名校学区，且周边500米内解决幼小衔接教育配套。,主要在陆家嘴/徐家汇CBD上班，首选地铁2/9号线沿线，通勤半小时内。,周末常去高端商圈消费，热衷打网球和马术，重度手冲咖啡及黑胶唱片发烧友。,夫妻双方积蓄 + 双方父母出资赞助首付 + 公积金商业组合贷款,非仁恒、绿城、万科等金牌开发商不买，极度看重高端精装质量与顶级物业的增值口碑。,常年本地稳定居住，工作日职住通勤动线规则单一。
上_1997_00057,上海,1997,本地改善,58,女,0.3,4.0,0.45,6.7,3,3,否,B,agent,0.84,0.53,0.48,0.62,0.62,0.85,0.73,0.74,0.57,自住-改善,两室两厅,100,539,市第二中学地理教师,二胎黄金期中大户型,上海中环品质两居，车位及空间极其拥挤,小区无地下车库且人车不分流，小孩在楼下玩耍或者推婴儿车极为不安全。,讲究超高得房率（超85%），主卧套房必须配备独立步入式衣帽间与干湿分离双卫。,主要在陆家嘴/徐家汇CBD上班，首选地铁2/9号线沿线，通勤半小时内。,倡导轻户外，周末常带家人自驾野营或山系徒步，注重生活情调与手作咖啡。,名下持有一套旧两居，置换回款 65% + 个人理财储蓄补充 + 公积金商业贷,重性价比，不盲信大牌，但要求物业管理有序、绿化修剪及时、人防技防规范。,常年本地稳定居住，工作日职住通勤动线规则单一。
上_1997_00058,上海,1997,金融精英,33,女,0.6,5.7,0.4,10.6,3,1,否,A,research,0.92,0.51,0.57,0.59,0.8,0.69,0.72,0.85,0.83,自住-首套,两室一厅,69,1122,商业银行支行信贷科长,三口之家(幼龄段),市中心私密洋房住宅,无高端私密会所及管家式物业配套，圈层鱼龙混杂，高净值居住体验差。,核心要求地块属于第一梯队名校学区，且周边500米内解决幼小衔接教育配套。,主要在陆家嘴/徐家汇CBD上班，首选地铁2/9号线沿线，通勤半小时内。,周末常去高端商圈消费，热衷打网球和马术，重度手冲咖啡及黑胶唱片发烧友。,夫妻双方积蓄 + 双方父母出资赞助首付 + 公积金商业组合贷款,非仁恒、绿城、万科等金牌开发商不买，极度看重高端精装质量与顶级物业的增值口碑。,常年本地稳定居住，工作日职住通勤动线规则单一。
上_1997_00059,上海,1997,教育型买房,32,男,0.6,5.5,0.4,10.4,3,1,是,B,social,1,0.42,0.31,0.54,0.62,0.78,0.51,1.0,0.68,学区房,两室一厅,65,981,区财政局科员,三口之家(幼龄段),上海中环品质两居，车位及空间极其拥挤,小区无地下车库且人车不分流，小孩在楼下玩耍或者推婴儿车极为不安全。,讲究超高得房率（超85%），主卧套房必须配备独立步入式衣帽间与干湿分离双卫。,主要在陆家嘴/徐家汇CBD上班，首选地铁2/9号线沿线，通勤半小时内。,倡导轻户外，周末常带家人自驾野营或山系徒步，注重生活情调与手作咖啡。,名下持有一套旧两居，置换回款 65% + 个人理财储蓄补充 + 公积金商业贷,重性价比，不盲信大牌，但要求物业管理有序、绿化修剪及时、人防技防规范。,常年本地稳定居住，工作日职住通勤动线规则单一。
上_1997_00060,上海,1997,金融精英,39,男,0.8,5.8,0.4,11.0,3,1,是,A,research,0.94,0.38,0.58,0.55,0.62,0.8,0.79,0.83,0.65,自住-首套,两室一厅,75,896,老牌证券公司营业部经理,三口之家(学龄段),陆家嘴核心区江景大平层,当前房屋属于旧多层无电梯房，父母年纪渐高每天爬楼梯极为吃力。,讲究超高得房率（超85%），主卧套房必须配备独立步入式衣帽间与干湿分离双卫。,主要在陆家嘴/徐家汇CBD上班，首选地铁2/9号线沿线，通勤半小时内。,周末常去高端商圈消费，热衷打网球和马术，重度手冲咖啡及黑胶唱片发烧友。,夫妻双方积蓄 + 双方父母出资赞助首付 + 公积金商业组合贷款,重性价比，不盲信大牌，但要求物业管理有序、绿化修剪及时、人防技防规范。,常年本地稳定居住，工作日职住通勤动线规则单一。
上_1997_00061,上海,1997,长三角家庭,38,女,0.6,5.7,0.45,9.5,2,2,是,B,agent,0.76,0.6,0.69,0.46,0.3,0.77,0.49,0.71,0.61,自住-改善,两室一厅,91,684,国企车间技术主任,二胎黄金期中大户型,上海中环品质两居，车位及空间极其拥挤,小区无地下车库且人车不分流，小孩在楼下玩耍或者推婴儿车极为不安全。,讲究超高得房率（超85%），主卧套房必须配备独立步入式衣帽间与干湿分离双卫。,主要在陆家嘴/徐家汇CBD上班，首选地铁2/9号线沿线，通勤半小时内。,倡导轻户外，周末常带家人自驾野营或山系徒步，注重生活情调与手作咖啡。,名下持有一套旧两居，置换回款 65% + 个人理财储蓄补充 + 公积金商业贷,重性价比，不盲信大牌，但要求物业管理有序、绿化修剪及时、人防技防规范。,常年本地稳定居住，工作日职住通勤动线规则单一。
上_1997_00062,上海,1997,本地改善,39,男,0.4,3.5,0.45,5.9,4,2,是,B,agent,0.62,0.5,0.47,0.58,0.64,0.84,0.53,0.67,0.49,自住-改善,一室一厅,61,495,国企车间技术主任,二胎黄金期中大户型,上海中环品质两居，车位及空间极其拥挤,小区无地下车库且人车不分流，小孩在楼下玩耍或者推婴儿车极为不安全。,讲究超高得房率（超85%），主卧套房必须配备独立步入式衣帽间与干湿分离双卫。,主要在陆家嘴/徐家汇CBD上班，首选地铁2/9号线沿线，通勤半小时内。,倡导轻户外，周末常带家人自驾野营或山系徒步，注重生活情调与手作咖啡。,名下持有一套旧两居，置换回款 65% + 个人理财储蓄补充 + 公积金商业贷,重性价比，不盲信大牌，但要求物业管理有序、绿化修剪及时、人防技防规范。,常年本地稳定居住，工作日职住通勤动线规则单一。
上_1997_00063,上海,1997,长三角家庭,44,女,0.7,4.3,0.45,7.2,4,3,否,B,agent,0.54,0.53,0.52,0.54,0.65,0.8,0.41,0.71,0.56,自住-首套,一室一厅,90,487,邮政局局长秘书,二胎黄金期中大户型,上海中环品质两居，车位及空间极其拥挤,小区无地下车库且人车不分流，小孩在楼下玩耍或者推婴儿车极为不安全。,讲究超高得房率（超85%），主卧套房必须配备独立步入式衣帽间与干湿分离双卫。,主要在陆家嘴/徐家汇CBD上班，首选地铁2/9号线沿线，通勤半小时内。,倡导轻户外，周末常带家人自驾野营或山系徒步，注重生活情调与手作咖啡。,夫妻双方积蓄 + 双方父母出资赞助首付 + 公积金商业组合贷款,重性价比，不盲信大牌，但要求物业管理有序、绿化修剪及时、人防技防规范。,常年本地稳定居住，工作日职住通勤动线规则单一。
上_1997_00064,上海,1997,长三角家庭,53,女,0.5,4.5,0.45,7.5,4,2,否,B,agent,1,0.57,0.45,0.51,0.47,0.58,0.41,0.57,0.62,自住-首套,两室两厅,96,413,市第二中学地理教师,二胎黄金期中大户型,上海中环品质两居，车位及空间极其拥挤,小区无地下车库且人车不分流，小孩在楼下玩耍或者推婴儿车极为不安全。,要求采光通透，全明户型，带多功能嵌入式收纳墙以最大化空间利用。,主要在陆家嘴/徐家汇CBD上班，首选地铁2/9号线沿线，通勤半小时内。,倡导轻户外，周末常带家人自驾野营或山系徒步，注重生活情调与手作咖啡。,夫妻双方积蓄 + 双方父母出资赞助首付 + 公积金商业组合贷款,重性价比，不盲信大牌，但要求物业管理有序、绿化修剪及时、人防技防规范。,常年本地稳定居住，工作日职住通勤动线规则单一。
上_1997_00065,上海,1997,教育型买房,34,女,0.5,4.2,0.4,8.0,3,2,否,B,social,0.86,0.42,0.42,0.34,0.57,0.72,0.52,1,0.71,学区房,两室两厅,61,1162,区财政局科员,二胎黄金期中大户型,上海中环品质两居，车位及空间极其拥挤,小区无地下车库且人车不分流，小孩在楼下玩耍或者推婴儿车极为不安全。,讲究超高得房率（超85%），主卧套房必须配备独立步入式衣帽间与干湿分离双卫。,主要在陆家嘴/徐家汇CBD上班，首选地铁2/9号线沿线，通勤半小时内。,倡导轻户外，周末常带家人自驾野营或山系徒步，注重生活情调与手作咖啡。,名下持有一套旧两居，置换回款 65% + 个人理财储蓄补充 + 公积金商业贷,非仁恒、绿城、万科等金牌开发商不买，极度看重高端精装质量与顶级物业的增值口碑。,常年本地稳定居住，工作日职住通勤动线规则单一。
上_1997_00066,上海,1997,本地改善,38,女,0.6,6.1,0.45,10.1,3,2,否,B,agent,0.64,0.52,0.56,0.62,0.54,0.87,0.67,0.76,0.61,自住-改善,一室一厅,81,689,国企车间技术主任,二胎黄金期中大户型,上海中环品质两居，车位及空间极其拥挤,小区无地下车库且人车不分流，小孩在楼下玩耍或者推婴儿车极为不安全。,讲究超高得房率（超85%），主卧套房必须配备独立步入式衣帽间与干湿分离双卫。,主要在陆家嘴/徐家汇CBD上班，首选地铁2/9号线沿线，通勤半小时内。,倡导轻户外，周末常带家人自驾野营或山系徒步，注重生活情调与手作咖啡。,名下持有一套旧两居，置换回款 65% + 个人理财储蓄补充 + 公积金商业贷,重性价比，不盲信大牌，但要求物业管理有序、绿化修剪及时、人防技防规范。,常年本地稳定居住，工作日职住通勤动线规则单一。
上_1997_00067,上海,1997,本地改善,39,男,0.4,5.1,0.45,8.5,5,2,否,B,agent,0.7,0.51,0.51,0.55,0.54,0.72,0.58,0.62,0.55,自住-改善,一室一厅,51,1185,邮政局局长秘书,二胎黄金期中大户型,上海中环品质两居，车位及空间极其拥挤,小区无地下车库且人车不分流，小孩在楼下玩耍或者推婴儿车极为不安全。,讲究超高得房率（超85%），主卧套房必须配备独立步入式衣帽间与干湿分离双卫。,主要在陆家嘴/徐家汇CBD上班，首选地铁2/9号线沿线，通勤半小时内。,倡导轻户外，周末常带家人自驾野营或山系徒步，注重生活情调与手作咖啡。,名下持有一套旧两居，置换回款 65% + 个人理财储蓄补充 + 公积金商业贷,重性价比，不盲信大牌，但要求物业管理有序、绿化修剪及时、人防技防规范。,常年本地稳定居住，工作日职住通勤动线规则单一。
上_1997_00068,上海,1997,本地改善,58,女,0.4,4.7,0.45,7.9,2,2,否,B,agent,0.69,0.35,0.56,0.74,0.51,0.9,0.56,0.8,0.66,自住-改善,两室两厅,83,538,国企车间技术主任,二胎黄金期中大户型,上海中环品质两居，车位及空间极其拥挤,小区无地下车库且人车不分流，小孩在楼下玩耍或者推婴儿车极为不安全。,要求独立电梯入户，主次卧动线分明，配备独立保姆房和私密后院。,主要在陆家嘴/徐家汇CBD上班，首选地铁2/9号线沿线，通勤半小时内。,倡导轻户外，周末常带家人自驾野营或山系徒步，注重生活情调与手作咖啡。,名下持有一套旧两居，置换回款 65% + 个人理财储蓄补充 + 公积金商业贷,重性价比，不盲信大牌，但要求物业管理有序、绿化修剪及时、人防技防规范。,常年本地稳定居住，工作日职住通勤动线规则单一。
上_1997_00069,上海,1997,金融精英,46,男,0.8,5.5,0.4,10.3,2,1,否,A,research,0.85,0.58,0.64,0.7,0.57,0.74,0.7,0.84,0.87,自住-首套,两室两厅,59,1417,申银万国证券分析员,三口之家(学龄段),西湖边高精平层,无高端私密会所及管家式物业配套，圈层鱼龙混杂，高净值居住体验差。,要求独立电梯入户，主次卧动线分明，配备独立保姆房和私密后院。,主要在陆家嘴/徐家汇CBD上班，首选地铁2/9号线沿线，通勤半小时内。,周末常去高端商圈消费，热衷打网球和马术，重度手冲咖啡及黑胶唱片发烧友。,夫妻双方积蓄 + 双方父母出资赞助首付 + 公积金商业组合贷款,非仁恒、绿城、万科等金牌开发商不买，极度看重高端精装质量与顶级物业的增值口碑。,常年本地稳定居住，工作日职住通勤动线规则单一。
上_1997_00070,上海,1997,金融精英,32,男,1.3,10.7,0.4,20.1,3,1,是,A,research,0.8,0.55,0.56,0.77,0.75,0.76,0.78,0.78,0.74,婚房,两室两厅,61,2658,商业银行支行信贷科长,三口之家(幼龄段),西湖边高精平层,当前房屋属于旧多层无电梯房，父母年纪渐高每天爬楼梯极为吃力。,要求独立电梯入户，主次卧动线分明，配备独立保姆房和私密后院。,主要在陆家嘴/徐家汇CBD上班，首选地铁2/9号线沿线，通勤半小时内。,周末常去高端商圈消费，热衷打网球和马术，重度手冲咖啡及黑胶唱片发烧友。,夫妻双方积蓄 + 双方父母出资赞助首付 + 公积金商业组合贷款,非仁恒、绿城、万科等金牌开发商不买，极度看重高端精装质量与顶级物业的增值口碑。,常年本地稳定居住，工作日职住通勤动线规则单一。
上_1997_00071,上海,1997,金融精英,42,女,0.5,4.2,0.4,7.8,3,1,是,A,research,0.7,0.37,0.57,0.59,0.75,0.71,0.63,0.73,0.75,自住-首套,一室一厅,63,677,老牌证券公司营业部经理,三口之家(学龄段),西湖边高精平层,当前房屋属于旧多层无电梯房，父母年纪渐高每天爬楼梯极为吃力。,讲究超高得房率（超85%），主卧套房必须配备独立步入式衣帽间与干湿分离双卫。,主要在陆家嘴/徐家汇CBD上班，首选地铁2/9号线沿线，通勤半小时内。,周末常去高端商圈消费，热衷打网球和马术，重度手冲咖啡及黑胶唱片发烧友。,夫妻双方积蓄 + 双方父母出资赞助首付 + 公积金商业组合贷款,非仁恒、绿城、万科等金牌开发商不买，极度看重高端精装质量与顶级物业的增值口碑。,常年本地稳定居住，工作日职住通勤动线规则单一。
上_1997_00072,上海,1997,本地改善,49,男,0.5,6.4,0.45,10.6,4,2,否,B,agent,0.63,0.53,0.45,0.5,0.43,0.76,0.54,0.68,0.5,自住-改善,一室一厅,90,682,邮政局局长秘书,二胎黄金期中大户型,上海中环品质两居，车位及空间极其拥挤,小区无地下车库且人车不分流，小孩在楼下玩耍或者推婴儿车极为不安全。,讲究超高得房率（超85%），主卧套房必须配备独立步入式衣帽间与干湿分离双卫。,主要在陆家嘴/徐家汇CBD上班，首选地铁2/9号线沿线，通勤半小时内。,倡导轻户外，周末常带家人自驾野营或山系徒步，注重生活情调与手作咖啡。,名下持有一套旧两居，置换回款 65% + 个人理财储蓄补充 + 公积金商业贷,重性价比，不盲信大牌，但要求物业管理有序、绿化修剪及时、人防技防规范。,常年本地稳定居住，工作日职住通勤动线规则单一。
上_1997_00073,上海,1997,本地改善,41,男,0.5,3.8,0.45,6.3,5,2,否,B,agent,0.67,0.41,0.59,0.57,0.66,1,0.69,0.63,0.5,自住-改善,两室一厅,75,430,国企车间技术主任,二胎黄金期中大户型,上海中环品质两居，车位及空间极其拥挤,小区无地下车库且人车不分流，小孩在楼下玩耍或者推婴儿车极为不安全。,讲究超高得房率（超85%），主卧套房必须配备独立步入式衣帽间与干湿分离双卫。,主要在陆家嘴/徐家汇CBD上班，首选地铁2/9号线沿线，通勤半小时内。,倡导轻户外，周末常带家人自驾野营或山系徒步，注重生活情调与手作咖啡。,名下持有一套旧两居，置换回款 65% + 个人理财储蓄补充 + 公积金商业贷,重性价比，不盲信大牌，但要求物业管理有序、绿化修剪及时、人防技防规范。,常年本地稳定居住，工作日职住通勤动线规则单一。
上_1997_00074,上海,1997,教育型买房,47,男,0.5,3.1,0.4,5.8,3,1,否,B,social,1,0.53,0.22,0.53,0.64,0.68,0.49,0.96,0.72,学区房,一室一厅,58,896,市第二中学地理教师,三口之家(学龄段),上海中环品质两居，车位及空间极其拥挤,小区无地下车库且人车不分流，小孩在楼下玩耍或者推婴儿车极为不安全。,核心要求地块属于第一梯队名校学区，且周边500米内解决幼小衔接教育配套。,主要在陆家嘴/徐家汇CBD上班，首选地铁2/9号线沿线，通勤半小时内。,倡导轻户外，周末常带家人自驾野营或山系徒步，注重生活情调与手作咖啡。,名下持有一套旧两居，置换回款 65% + 个人理财储蓄补充 + 公积金商业贷,非仁恒、绿城、万科等金牌开发商不买，极度看重高端精装质量与顶级物业的增值口碑。,常年本地稳定居住，工作日职住通勤动线规则单一。
上_1997_00075,上海,1997,金融精英,39,男,1.1,8.7,0.4,16.4,3,0,否,A,research,0.87,0.48,0.74,0.65,0.88,0.74,0.64,0.8,0.82,自住-改善,一室一厅,66,1522,老牌证券公司营业部经理,成熟期核心家庭,市中心私密洋房住宅,无高端私密会所及管家式物业配套，圈层鱼龙混杂，高净值居住体验差。,要求有超大面宽南向双阳台（观景家政分离），主卧大飘窗能270度直面自然景观。,主要在陆家嘴/徐家汇CBD上班，首选地铁2/9号线沿线，通勤半小时内。,周末常去高端商圈消费，热衷打网球和马术，重度手冲咖啡及黑胶唱片发烧友。,名下已有企业股权套现或分红现金，一次性全款付清，基本不加杠杆,非仁恒、绿城、万科等金牌开发商不买，极度看重高端精装质量与顶级物业的增值口碑。,常年本地稳定居住，工作日职住通勤动线规则单一。
上_1997_00076,上海,1997,长三角家庭,40,女,0.5,3.0,0.45,5.0,3,2,是,B,agent,0.79,0.58,0.44,0.52,0.47,0.74,0.43,0.65,0.89,自住-首套,两室一厅,60,509,国企车间技术主任,二胎黄金期中大户型,上海中环品质两居，车位及空间极其拥挤,小区无地下车库且人车不分流，小孩在楼下玩耍或者推婴儿车极为不安全。,讲究超高得房率（超85%），主卧套房必须配备独立步入式衣帽间与干湿分离双卫。,主要在陆家嘴/徐家汇CBD上班，首选地铁2/9号线沿线，通勤半小时内。,倡导轻户外，周末常带家人自驾野营或山系徒步，注重生活情调与手作咖啡。,夫妻双方积蓄 + 双方父母出资赞助首付 + 公积金商业组合贷款,非仁恒、绿城、万科等金牌开发商不买，极度看重高端精装质量与顶级物业的增值口碑。,常年本地稳定居住，工作日职住通勤动线规则单一。
上_1997_00077,上海,1997,教育型买房,32,男,0.3,2.6,0.4,4.8,3,0,否,B,social,0.91,0.46,0.32,0.44,0.64,0.68,0.45,1,0.61,学区房,一室一厅,75,570,区财政局科员,新婚过渡两居,上海中环品质两居，车位及空间极其拥挤,老小区隔音差，邻里滋扰严重，且车位严重匮乏，每晚加班回来抢车位像打仗。,核心要求地块属于第一梯队名校学区，且周边500米内解决幼小衔接教育配套。,主要在陆家嘴/徐家汇CBD上班，首选地铁2/9号线沿线，通勤半小时内。,倡导轻户外，周末常带家人自驾野营或山系徒步，注重生活情调与手作咖啡。,名下持有一套旧两居，置换回款 65% + 个人理财储蓄补充 + 公积金商业贷,重性价比，不盲信大牌，但要求物业管理有序、绿化修剪及时、人防技防规范。,常年本地稳定居住，工作日职住通勤动线规则单一。
上_1997_00078,上海,1997,金融精英,50,女,1.6,10.2,0.4,19.0,1,1,否,A,research,1,0.38,0.78,0.52,0.89,0.72,0.7,0.95,0.76,自住-首套,一室一厅,54,2862,商业银行支行信贷科长,三口之家(学龄段),市中心私密洋房住宅,无高端私密会所及管家式物业配套，圈层鱼龙混杂，高净值居住体验差。,要求有超大面宽南向双阳台（观景家政分离），主卧大飘窗能270度直面自然景观。,主要在陆家嘴/徐家汇CBD上班，首选地铁2/9号线沿线，通勤半小时内。,周末常去高端商圈消费，热衷打网球和马术，重度手冲咖啡及黑胶唱片发烧友。,夫妻双方积蓄 + 双方父母出资赞助首付 + 公积金商业组合贷款,非仁恒、绿城、万科等金牌开发商不买，极度看重高端精装质量与顶级物业的增值口碑。,常年本地稳定居住，工作日职住通勤动线规则单一。
上_1997_00079,上海,1997,金融精英,32,女,0.9,8.4,0.4,15.8,4,1,否,A,research,0.78,0.46,0.51,0.7,0.82,0.78,0.72,0.81,0.76,婚房,两室两厅,99,1333,商业银行支行信贷科长,三口之家(幼龄段),陆家嘴核心区江景大平层,无高端私密会所及管家式物业配套，圈层鱼龙混杂，高净值居住体验差。,讲究超高得房率（超85%），主卧套房必须配备独立步入式衣帽间与干湿分离双卫。,主要在陆家嘴/徐家汇CBD上班，首选地铁2/9号线沿线，通勤半小时内。,周末常去高端商圈消费，热衷打网球和马术，重度手冲咖啡及黑胶唱片发烧友。,夫妻双方积蓄 + 双方父母出资赞助首付 + 公积金商业组合贷款,非仁恒、绿城、万科等金牌开发商不买，极度看重高端精装质量与顶级物业的增值口碑。,常年本地稳定居住，工作日职住通勤动线规则单一。
上_1997_00080,上海,1997,本地改善,46,女,0.4,3.5,0.45,5.8,4,1,是,B,agent,0.63,0.59,0.52,0.47,0.55,0.76,0.49,0.62,0.6,自住-改善,一室一厅,66,698,邮政局局长秘书,三口之家(学龄段),上海中环品质两居，车位及空间极其拥挤,小区无地下车库且人车不分流，小孩在楼下玩耍或者推婴儿车极为不安全。,讲究超高得房率（超85%），主卧套房必须配备独立步入式衣帽间与干湿分离双卫。,主要在陆家嘴/徐家汇CBD上班，首选地铁2/9号线沿线，通勤半小时内。,倡导轻户外，周末常带家人自驾野营或山系徒步，注重生活情调与手作咖啡。,名下持有一套旧两居，置换回款 65% + 个人理财储蓄补充 + 公积金商业贷,重性价比，不盲信大牌，但要求物业管理有序、绿化修剪及时、人防技防规范。,常年本地稳定居住，工作日职住通勤动线规则单一。
上_1997_00081,上海,1997,教育型买房,47,女,0.3,2.1,0.4,3.9,3,1,是,B,social,0.8,0.38,0.43,0.27,0.53,0.63,0.59,0.98,0.74,学区房,一室一厅,98,350,市第二中学地理教师,三口之家(学龄段),上海中环品质两居，车位及空间极其拥挤,小区无地下车库且人车不分流，小孩在楼下玩耍或者推婴儿车极为不安全。,核心要求地块属于第一梯队名校学区，且周边500米内解决幼小衔接教育配套。,主要在陆家嘴/徐家汇CBD上班，首选地铁2/9号线沿线，通勤半小时内。,倡导轻户外，周末常带家人自驾野营或山系徒步，注重生活情调与手作咖啡。,名下持有一套旧两居，置换回款 65% + 个人理财储蓄补充 + 公积金商业贷,非仁恒、绿城、万科等金牌开发商不买，极度看重高端精装质量与顶级物业的增值口碑。,常年本地稳定居住，工作日职住通勤动线规则单一。
上_1997_00082,上海,1997,本地改善,45,男,0.4,2.8,0.45,4.7,4,2,否,B,agent,0.93,0.58,0.35,0.54,0.66,0.92,0.67,0.67,0.67,自住-改善,一室一厅,72,334,市第二中学地理教师,二胎黄金期中大户型,上海中环品质两居，车位及空间极其拥挤,小区无地下车库且人车不分流，小孩在楼下玩耍或者推婴儿车极为不安全。,讲究超高得房率（超85%），主卧套房必须配备独立步入式衣帽间与干湿分离双卫。,主要在陆家嘴/徐家汇CBD上班，首选地铁2/9号线沿线，通勤半小时内。,倡导轻户外，周末常带家人自驾野营或山系徒步，注重生活情调与手作咖啡。,名下持有一套旧两居，置换回款 65% + 个人理财储蓄补充 + 公积金商业贷,重性价比，不盲信大牌，但要求物业管理有序、绿化修剪及时、人防技防规范。,常年本地稳定居住，工作日职住通勤动线规则单一。
上_1997_00083,上海,1997,教育型买房,47,男,0.5,5.6,0.4,10.5,2,1,是,B,social,1,0.51,0.29,0.39,0.63,0.7,0.48,0.93,0.56,学区房,两室一厅,94,911,市第二中学地理教师,三口之家(学龄段),上海中环品质两居，车位及空间极其拥挤,小区无地下车库且人车不分流，小孩在楼下玩耍或者推婴儿车极为不安全。,讲究超高得房率（超85%），主卧套房必须配备独立步入式衣帽间与干湿分离双卫。,主要在陆家嘴/徐家汇CBD上班，首选地铁2/9号线沿线，通勤半小时内。,倡导轻户外，周末常带家人自驾野营或山系徒步，注重生活情调与手作咖啡。,名下持有一套旧两居，置换回款 65% + 个人理财储蓄补充 + 公积金商业贷,重性价比，不盲信大牌，但要求物业管理有序、绿化修剪及时、人防技防规范。,常年本地稳定居住，工作日职住通勤动线规则单一。
上_1997_00084,上海,1997,金融精英,36,男,1.1,8.0,0.4,15.1,3,1,是,A,research,0.69,0.57,0.61,0.67,0.65,0.75,0.64,0.85,0.71,自住-改善,一室一厅,73,1364,商业银行支行信贷科长,三口之家(幼龄段),西湖边高精平层,当前房屋属于旧多层无电梯房，父母年纪渐高每天爬楼梯极为吃力。,讲究超高得房率（超85%），主卧套房必须配备独立步入式衣帽间与干湿分离双卫。,主要在陆家嘴/徐家汇CBD上班，首选地铁2/9号线沿线，通勤半小时内。,周末常去高端商圈消费，热衷打网球和马术，重度手冲咖啡及黑胶唱片发烧友。,名下已有企业股权套现或分红现金，一次性全款付清，基本不加杠杆,非仁恒、绿城、万科等金牌开发商不买，极度看重高端精装质量与顶级物业的增值口碑。,常年本地稳定居住，工作日职住通勤动线规则单一。
上_1997_00085,上海,1997,本地改善,54,女,0.6,7.5,0.45,12.5,4,2,否,B,agent,0.53,0.36,0.56,0.53,0.64,0.7,0.65,0.69,0.55,自住-改善,两室一厅,97,957,国企车间技术主任,二胎黄金期中大户型,上海中环品质两居，车位及空间极其拥挤,小区无地下车库且人车不分流，小孩在楼下玩耍或者推婴儿车极为不安全。,要求采光通透，全明户型，带多功能嵌入式收纳墙以最大化空间利用。,主要在陆家嘴/徐家汇CBD上班，首选地铁2/9号线沿线，通勤半小时内。,倡导轻户外，周末常带家人自驾野营或山系徒步，注重生活情调与手作咖啡。,名下持有一套旧两居，置换回款 65% + 个人理财储蓄补充 + 公积金商业贷,重性价比，不盲信大牌，但要求物业管理有序、绿化修剪及时、人防技防规范。,常年本地稳定居住，工作日职住通勤动线规则单一。
上_1997_00086,上海,1997,本地改善,45,男,0.4,5.3,0.45,8.8,4,2,否,B,agent,0.8,0.56,0.55,0.43,0.54,0.96,0.55,0.71,0.55,自住-改善,两室一厅,66,1162,市第二中学地理教师,二胎黄金期中大户型,上海中环品质两居，车位及空间极其拥挤,小区无地下车库且人车不分流，小孩在楼下玩耍或者推婴儿车极为不安全。,讲究超高得房率（超85%），主卧套房必须配备独立步入式衣帽间与干湿分离双卫。,主要在陆家嘴/徐家汇CBD上班，首选地铁2/9号线沿线，通勤半小时内。,倡导轻户外，周末常带家人自驾野营或山系徒步，注重生活情调与手作咖啡。,名下持有一套旧两居，置换回款 65% + 个人理财储蓄补充 + 公积金商业贷,重性价比，不盲信大牌，但要求物业管理有序、绿化修剪及时、人防技防规范。,常年本地稳定居住，工作日职住通勤动线规则单一。
上_1997_00087,上海,1997,教育型买房,34,女,0.5,3.3,0.4,6.2,3,0,否,B,social,0.88,0.59,0.29,0.43,0.55,0.63,0.54,1,0.61,学区房,两室两厅,96,414,市第二中学地理教师,新婚过渡两居,上海中环品质两居，车位及空间极其拥挤,老小区隔音差，邻里滋扰严重，且车位严重匮乏，每晚加班回来抢车位像打仗。,核心要求地块属于第一梯队名校学区，且周边500米内解决幼小衔接教育配套。,主要在陆家嘴/徐家汇CBD上班，首选地铁2/9号线沿线，通勤半小时内。,倡导轻户外，周末常带家人自驾野营或山系徒步，注重生活情调与手作咖啡。,名下持有一套旧两居，置换回款 65% + 个人理财储蓄补充 + 公积金商业贷,重性价比，不盲信大牌，但要求物业管理有序、绿化修剪及时、人防技防规范。,常年本地稳定居住，工作日职住通勤动线规则单一。
上_1997_00088,上海,1997,本地改善,54,女,0.4,3.4,0.45,5.7,4,2,否,B,agent,0.39,0.52,0.55,0.49,0.44,0.68,0.53,0.73,0.8,自住-改善,一室一厅,97,463,区财政局科员,二胎黄金期中大户型,上海中环品质两居，车位及空间极其拥挤,小区无地下车库且人车不分流，小孩在楼下玩耍或者推婴儿车极为不安全。,核心要求地块属于第一梯队名校学区，且周边500米内解决幼小衔接教育配套。,主要在陆家嘴/徐家汇CBD上班，首选地铁2/9号线沿线，通勤半小时内。,倡导轻户外，周末常带家人自驾野营或山系徒步，注重生活情调与手作咖啡。,名下持有一套旧两居，置换回款 65% + 个人理财储蓄补充 + 公积金商业贷,非仁恒、绿城、万科等金牌开发商不买，极度看重高端精装质量与顶级物业的增值口碑。,常年本地稳定居住，工作日职住通勤动线规则单一。
上_1997_00089,上海,1997,长三角家庭,43,女,0.3,2.6,0.45,4.3,4,2,是,B,agent,0.75,0.56,0.37,0.68,0.48,0.87,0.32,0.71,0.57,自住-首套,两室一厅,84,447,邮政局局长秘书,二胎黄金期中大户型,上海中环品质两居，车位及空间极其拥挤,小区无地下车库且人车不分流，小孩在楼下玩耍或者推婴儿车极为不安全。,讲究超高得房率（超85%），主卧套房必须配备独立步入式衣帽间与干湿分离双卫。,主要在陆家嘴/徐家汇CBD上班，首选地铁2/9号线沿线，通勤半小时内。,倡导轻户外，周末常带家人自驾野营或山系徒步，注重生活情调与手作咖啡。,夫妻双方积蓄 + 双方父母出资赞助首付 + 公积金商业组合贷款,重性价比，不盲信大牌，但要求物业管理有序、绿化修剪及时、人防技防规范。,常年本地稳定居住，工作日职住通勤动线规则单一。
上_1997_00090,上海,1997,教育型买房,37,男,0.6,5.5,0.4,10.4,3,0,否,B,social,0.87,0.52,0.24,0.42,0.58,0.55,0.4,0.95,0.64,学区房,一室一厅,74,894,区财政局科员,成熟期核心家庭,上海中环品质两居，车位及空间极其拥挤,老小区隔音差，邻里滋扰严重，且车位严重匮乏，每晚加班回来抢车位像打仗。,核心要求地块属于第一梯队名校学区，且周边500米内解决幼小衔接教育配套。,主要在陆家嘴/徐家汇CBD上班，首选地铁2/9号线沿线，通勤半小时内。,倡导轻户外，周末常带家人自驾野营或山系徒步，注重生活情调与手作咖啡。,名下持有一套旧两居，置换回款 65% + 个人理财储蓄补充 + 公积金商业贷,重性价比，不盲信大牌，但要求物业管理有序、绿化修剪及时、人防技防规范。,常年本地稳定居住，工作日职住通勤动线规则单一。
上_1997_00091,上海,1997,本地改善,45,男,0.4,3.8,0.45,6.3,4,2,否,B,agent,0.72,0.45,0.52,0.36,0.47,0.91,0.58,0.76,0.56,自住-改善,一室一厅,89,399,邮政局局长秘书,二胎黄金期中大户型,上海中环品质两居，车位及空间极其拥挤,小区无地下车库且人车不分流，小孩在楼下玩耍或者推婴儿车极为不安全。,讲究超高得房率（超85%），主卧套房必须配备独立步入式衣帽间与干湿分离双卫。,主要在陆家嘴/徐家汇CBD上班，首选地铁2/9号线沿线，通勤半小时内。,倡导轻户外，周末常带家人自驾野营或山系徒步，注重生活情调与手作咖啡。,名下持有一套旧两居，置换回款 65% + 个人理财储蓄补充 + 公积金商业贷,重性价比，不盲信大牌，但要求物业管理有序、绿化修剪及时、人防技防规范。,常年本地稳定居住，工作日职住通勤动线规则单一。
上_1997_00092,上海,1997,金融精英,46,女,0.6,5.5,0.4,10.4,3,2,否,A,research,0.51,0.44,0.58,0.5,0.73,0.76,0.64,0.79,0.86,自住-首套,两室一厅,85,1032,老牌证券公司营业部经理,二胎黄金期中大户型,西湖边高精平层,无高端私密会所及管家式物业配套，圈层鱼龙混杂，高净值居住体验差。,讲究超高得房率（超85%），主卧套房必须配备独立步入式衣帽间与干湿分离双卫。,主要在陆家嘴/徐家汇CBD上班，首选地铁2/9号线沿线，通勤半小时内。,周末常去高端商圈消费，热衷打网球和马术，重度手冲咖啡及黑胶唱片发烧友。,夫妻双方积蓄 + 双方父母出资赞助首付 + 公积金商业组合贷款,非仁恒、绿城、万科等金牌开发商不买，极度看重高端精装质量与顶级物业的增值口碑。,常年本地稳定居住，工作日职住通勤动线规则单一。
上_1997_00093,上海,1997,金融精英,49,男,1.0,6.0,0.4,11.2,2,1,否,A,research,0.76,0.4,0.62,0.7,0.75,0.85,0.74,0.72,0.79,自住-改善,两室一厅,76,1015,老牌证券公司营业部经理,三口之家(学龄段),市中心私密洋房住宅,无高端私密会所及管家式物业配套，圈层鱼龙混杂，高净值居住体验差。,讲究超高得房率（超85%），主卧套房必须配备独立步入式衣帽间与干湿分离双卫。,主要在陆家嘴/徐家汇CBD上班，首选地铁2/9号线沿线，通勤半小时内。,周末常去高端商圈消费，热衷打网球和马术，重度手冲咖啡及黑胶唱片发烧友。,名下已有企业股权套现或分红现金，一次性全款付清，基本不加杠杆,非仁恒、绿城、万科等金牌开发商不买，极度看重高端精装质量与顶级物业的增值口碑。,常年本地稳定居住，工作日职住通勤动线规则单一。
上_1997_00094,上海,1997,本地改善,41,男,0.3,2.7,0.45,4.5,4,2,否,B,agent,0.53,0.46,0.63,0.62,0.65,0.83,0.47,0.81,0.5,自住-改善,一室一厅,92,300,邮政局局长秘书,二胎黄金期中大户型,上海中环品质两居，车位及空间极其拥挤,小区无地下车库且人车不分流，小孩在楼下玩耍或者推婴儿车极为不安全。,讲究超高得房率（超85%），主卧套房必须配备独立步入式衣帽间与干湿分离双卫。,主要在陆家嘴/徐家汇CBD上班，首选地铁2/9号线沿线，通勤半小时内。,倡导轻户外，周末常带家人自驾野营或山系徒步，注重生活情调与手作咖啡。,名下持有一套旧两居，置换回款 65% + 个人理财储蓄补充 + 公积金商业贷,重性价比，不盲信大牌，但要求物业管理有序、绿化修剪及时、人防技防规范。,常年本地稳定居住，工作日职住通勤动线规则单一。
上_1997_00095,上海,1997,教育型买房,40,女,0.8,7.0,0.4,13.1,3,0,否,B,social,0.77,0.47,0.33,0.49,0.65,0.72,0.47,1,0.56,学区房,一室一厅,52,1504,国企车间技术主任,成熟期核心家庭,上海中环品质两居，车位及空间极其拥挤,老小区隔音差，邻里滋扰严重，且车位严重匮乏，每晚加班回来抢车位像打仗。,讲究超高得房率（超85%），主卧套房必须配备独立步入式衣帽间与干湿分离双卫。,主要在陆家嘴/徐家汇CBD上班，首选地铁2/9号线沿线，通勤半小时内。,倡导轻户外，周末常带家人自驾野营或山系徒步，注重生活情调与手作咖啡。,名下持有一套旧两居，置换回款 65% + 个人理财储蓄补充 + 公积金商业贷,重性价比，不盲信大牌，但要求物业管理有序、绿化修剪及时、人防技防规范。,常年本地稳定居住，工作日职住通勤动线规则单一。
上_1997_00096,上海,1997,教育型买房,47,女,0.7,6.7,0.4,12.5,3,1,是,B,social,1,0.5,0.46,0.41,0.61,0.97,0.5,0.91,0.81,学区房,一室一厅,97,891,国企车间技术主任,三口之家(学龄段),上海中环品质两居，车位及空间极其拥挤,小区无地下车库且人车不分流，小孩在楼下玩耍或者推婴儿车极为不安全。,讲究超高得房率（超85%），主卧套房必须配备独立步入式衣帽间与干湿分离双卫。,主要在陆家嘴/徐家汇CBD上班，首选地铁2/9号线沿线，通勤半小时内。,倡导轻户外，周末常带家人自驾野营或山系徒步，注重生活情调与手作咖啡。,名下持有一套旧两居，置换回款 65% + 个人理财储蓄补充 + 公积金商业贷,非仁恒、绿城、万科等金牌开发商不买，极度看重高端精装质量与顶级物业的增值口碑。,常年本地稳定居住，工作日职住通勤动线规则单一。
上_1997_00097,上海,1997,本地改善,44,女,0.4,4.0,0.45,6.7,5,2,是,B,agent,0.91,0.45,0.45,0.5,0.6,0.86,0.39,0.69,0.51,自住-改善,两室两厅,100,551,邮政局局长秘书,二胎黄金期中大户型,上海中环品质两居，车位及空间极其拥挤,小区无地下车库且人车不分流，小孩在楼下玩耍或者推婴儿车极为不安全。,讲究超高得房率（超85%），主卧套房必须配备独立步入式衣帽间与干湿分离双卫。,主要在陆家嘴/徐家汇CBD上班，首选地铁2/9号线沿线，通勤半小时内。,倡导轻户外，周末常带家人自驾野营或山系徒步，注重生活情调与手作咖啡。,名下持有一套旧两居，置换回款 65% + 个人理财储蓄补充 + 公积金商业贷,重性价比，不盲信大牌，但要求物业管理有序、绿化修剪及时、人防技防规范。,常年本地稳定居住，工作日职住通勤动线规则单一。
上_1997_00098,上海,1997,本地改善,50,男,0.4,4.3,0.45,7.2,3,2,否,B,agent,0.86,0.52,0.62,0.5,0.4,0.82,0.6,0.49,0.58,自住-改善,两室两厅,97,512,区财政局科员,二胎黄金期中大户型,上海中环品质两居，车位及空间极其拥挤,小区无地下车库且人车不分流，小孩在楼下玩耍或者推婴儿车极为不安全。,讲究超高得房率（超85%），主卧套房必须配备独立步入式衣帽间与干湿分离双卫。,主要在陆家嘴/徐家汇CBD上班，首选地铁2/9号线沿线，通勤半小时内。,倡导轻户外，周末常带家人自驾野营或山系徒步，注重生活情调与手作咖啡。,名下持有一套旧两居，置换回款 65% + 个人理财储蓄补充 + 公积金商业贷,重性价比，不盲信大牌，但要求物业管理有序、绿化修剪及时、人防技防规范。,常年本地稳定居住，工作日职住通勤动线规则单一。
上_1997_00099,上海,1997,金融精英,46,男,1.4,7.6,0.4,14.3,4,1,否,A,research,0.69,0.56,0.67,0.6,0.77,0.91,0.69,0.74,0.86,自住-首套,一室一厅,60,1762,申银万国证券分析员,三口之家(学龄段),市中心私密洋房住宅,无高端私密会所及管家式物业配套，圈层鱼龙混杂，高净值居住体验差。,讲究超高得房率（超85%），主卧套房必须配备独立步入式衣帽间与干湿分离双卫。,主要在陆家嘴/徐家汇CBD上班，首选地铁2/9号线沿线，通勤半小时内。,周末常去高端商圈消费，热衷打网球和马术，重度手冲咖啡及黑胶唱片发烧友。,夫妻双方积蓄 + 双方父母出资赞助首付 + 公积金商业组合贷款,非仁恒、绿城、万科等金牌开发商不买，极度看重高端精装质量与顶级物业的增值口碑。,常年本地稳定居住，工作日职住通勤动线规则单一。
上_1997_00100,上海,1997,金融精英,40,女,0.4,3.2,0.4,6.0,4,1,否,A,research,0.84,0.39,0.44,0.63,0.85,0.72,0.73,0.96,0.95,自住-首套,一室一厅,84,432,老牌证券公司营业部经理,三口之家(学龄段),陆家嘴核心区江景大平层,无高端私密会所及管家式物业配套，圈层鱼龙混杂，高净值居住体验差。,讲究超高得房率（超85%），主卧套房必须配备独立步入式衣帽间与干湿分离双卫。,主要在陆家嘴/徐家汇CBD上班，首选地铁2/9号线沿线，通勤半小时内。,周末常去高端商圈消费，热衷打网球和马术，重度手冲咖啡及黑胶唱片发烧友。,夫妻双方积蓄 + 双方父母出资赞助首付 + 公积金商业组合贷款,非仁恒、绿城、万科等金牌开发商不买，极度看重高端精装质量与顶级物业的增值口碑。,常年本地稳定居住，工作日职住通勤动线规则单一。
上_1997_00101,上海,1997,本地改善,53,女,0.4,5.6,0.45,9.4,5,2,是,B,agent,0.88,0.41,0.56,0.61,0.6,0.87,0.59,0.74,0.46,自住-改善,两室两厅,74,883,邮政局局长秘书,二胎黄金期中大户型,上海中环品质两居，车位及空间极其拥挤,小区无地下车库且人车不分流，小孩在楼下玩耍或者推婴儿车极为不安全。,讲究超高得房率（超85%），主卧套房必须配备独立步入式衣帽间与干湿分离双卫。,主要在陆家嘴/徐家汇CBD上班，首选地铁2/9号线沿线，通勤半小时内。,倡导轻户外，周末常带家人自驾野营或山系徒步，注重生活情调与手作咖啡。,名下持有一套旧两居，置换回款 65% + 个人理财储蓄补充 + 公积金商业贷,重性价比，不盲信大牌，但要求物业管理有序、绿化修剪及时、人防技防规范。,常年本地稳定居住，工作日职住通勤动线规则单一。
上_1997_00102,上海,1997,本地改善,53,男,0.4,4.8,0.45,8.0,3,3,否,B,agent,0.7,0.5,0.41,0.51,0.53,0.74,0.59,0.82,0.73,自住-改善,两室两厅,69,774,区财政局科员,二胎黄金期中大户型,上海中环品质两居，车位及空间极其拥挤,小区无地下车库且人车不分流，小孩在楼下玩耍或者推婴儿车极为不安全。,讲究超高得房率（超85%），主卧套房必须配备独立步入式衣帽间与干湿分离双卫。,主要在陆家嘴/徐家汇CBD上班，首选地铁2/9号线沿线，通勤半小时内。,倡导轻户外，周末常带家人自驾野营或山系徒步，注重生活情调与手作咖啡。,名下持有一套旧两居，置换回款 65% + 个人理财储蓄补充 + 公积金商业贷,非仁恒、绿城、万科等金牌开发商不买，极度看重高端精装质量与顶级物业的增值口碑。,常年本地稳定居住，工作日职住通勤动线规则单一。
上_1997_00103,上海,1997,金融精英,35,女,1.0,6.0,0.4,11.3,3,1,否,A,research,0.78,0.39,0.81,0.75,0.54,0.73,0.82,0.77,0.84,自住-首套,两室两厅,66,1346,商业银行支行信贷科长,三口之家(幼龄段),市中心私密洋房住宅,无高端私密会所及管家式物业配套，圈层鱼龙混杂，高净值居住体验差。,要求独立电梯入户，主次卧动线分明，配备独立保姆房和私密后院。,主要在陆家嘴/徐家汇CBD上班，首选地铁2/9号线沿线，通勤半小时内。,周末常去高端商圈消费，热衷打网球和马术，重度手冲咖啡及黑胶唱片发烧友。,夫妻双方积蓄 + 双方父母出资赞助首付 + 公积金商业组合贷款,非仁恒、绿城、万科等金牌开发商不买，极度看重高端精装质量与顶级物业的增值口碑。,常年本地稳定居住，工作日职住通勤动线规则单一。
上_1997_00104,上海,1997,本地改善,51,男,0.3,3.2,0.45,5.3,4,2,是,B,agent,0.96,0.44,0.6,0.48,0.74,0.94,0.69,0.61,0.75,自住-改善,两室一厅,50,561,区财政局科员,二胎黄金期中大户型,上海中环品质两居，车位及空间极其拥挤,小区无地下车库且人车不分流，小孩在楼下玩耍或者推婴儿车极为不安全。,讲究超高得房率（超85%），主卧套房必须配备独立步入式衣帽间与干湿分离双卫。,主要在陆家嘴/徐家汇CBD上班，首选地铁2/9号线沿线，通勤半小时内。,倡导轻户外，周末常带家人自驾野营或山系徒步，注重生活情调与手作咖啡。,名下持有一套旧两居，置换回款 65% + 个人理财储蓄补充 + 公积金商业贷,非仁恒、绿城、万科等金牌开发商不买，极度看重高端精装质量与顶级物业的增值口碑。,常年本地稳定居住，工作日职住通勤动线规则单一。
上_1997_00105,上海,1997,教育型买房,37,男,0.6,5.5,0.4,10.3,3,2,否,B,social,1,0.52,0.35,0.41,0.52,0.67,0.66,0.95,0.63,学区房,两室一厅,52,1266,市第二中学地理教师,二胎黄金期中大户型,上海中环品质两居，车位及空间极其拥挤,小区无地下车库且人车不分流，小孩在楼下玩耍或者推婴儿车极为不安全。,核心要求地块属于第一梯队名校学区，且周边500米内解决幼小衔接教育配套。,主要在陆家嘴/徐家汇CBD上班，首选地铁2/9号线沿线，通勤半小时内。,倡导轻户外，周末常带家人自驾野营或山系徒步，注重生活情调与手作咖啡。,名下持有一套旧两居，置换回款 65% + 个人理财储蓄补充 + 公积金商业贷,重性价比，不盲信大牌，但要求物业管理有序、绿化修剪及时、人防技防规范。,常年本地稳定居住，工作日职住通勤动线规则单一。
上_1997_00106,上海,1997,金融精英,48,男,0.7,6.3,0.4,11.8,3,0,否,A,research,0.81,0.49,0.73,0.59,0.84,0.79,0.59,0.8,0.72,自住-改善,两室一厅,86,714,商业银行支行信贷科长,成熟期核心家庭,市中心私密洋房住宅,无高端私密会所及管家式物业配套，圈层鱼龙混杂，高净值居住体验差。,要求有超大面宽南向双阳台（观景家政分离），主卧大飘窗能270度直面自然景观。,主要在陆家嘴/徐家汇CBD上班，首选地铁2/9号线沿线，通勤半小时内。,周末常去高端商圈消费，热衷打网球和马术，重度手冲咖啡及黑胶唱片发烧友。,名下已有企业股权套现或分红现金，一次性全款付清，基本不加杠杆,非仁恒、绿城、万科等金牌开发商不买，极度看重高端精装质量与顶级物业的增值口碑。,常年本地稳定居住，工作日职住通勤动线规则单一。
上_1997_00107,上海,1997,本地改善,58,男,0.3,4.1,0.45,6.8,5,3,是,B,agent,0.77,0.55,0.47,0.49,0.56,0.78,0.55,0.7,0.6,自住-改善,两室两厅,99,347,市第二中学地理教师,二胎黄金期中大户型,上海中环品质两居，车位及空间极其拥挤,小区无地下车库且人车不分流，小孩在楼下玩耍或者推婴儿车极为不安全。,讲究超高得房率（超85%），主卧套房必须配备独立步入式衣帽间与干湿分离双卫。,主要在陆家嘴/徐家汇CBD上班，首选地铁2/9号线沿线，通勤半小时内。,倡导轻户外，周末常带家人自驾野营或山系徒步，注重生活情调与手作咖啡。,名下持有一套旧两居，置换回款 65% + 个人理财储蓄补充 + 公积金商业贷,重性价比，不盲信大牌，但要求物业管理有序、绿化修剪及时、人防技防规范。,常年本地稳定居住，工作日职住通勤动线规则单一。
上_1997_00108,上海,1997,金融精英,32,男,0.7,5.0,0.4,9.4,3,1,否,A,research,0.8,0.37,0.66,0.61,0.79,0.84,0.65,0.8,0.82,婚房,两室两厅,68,750,商业银行支行信贷科长,三口之家(幼龄段),陆家嘴核心区江景大平层,无高端私密会所及管家式物业配套，圈层鱼龙混杂，高净值居住体验差。,讲究超高得房率（超85%），主卧套房必须配备独立步入式衣帽间与干湿分离双卫。,主要在陆家嘴/徐家汇CBD上班，首选地铁2/9号线沿线，通勤半小时内。,周末常去高端商圈消费，热衷打网球和马术，重度手冲咖啡及黑胶唱片发烧友。,夫妻双方积蓄 + 双方父母出资赞助首付 + 公积金商业组合贷款,非仁恒、绿城、万科等金牌开发商不买，极度看重高端精装质量与顶级物业的增值口碑。,常年本地稳定居住，工作日职住通勤动线规则单一。
上_1997_00109,上海,1997,外籍海归,33,男,0.8,7.0,0.4,13.2,2,1,否,A,social,0.58,0.54,0.55,0.65,0.79,0.74,0.6,0.8,0.71,自住-首套,一室一厅,59,1820,合资日化企业技术主管,三口之家(幼龄段),市中心私密洋房住宅,无高端私密会所及管家式物业配套，圈层鱼龙混杂，高净值居住体验差。,讲究超高得房率（超85%），主卧套房必须配备独立步入式衣帽间与干湿分离双卫。,主要在陆家嘴/徐家汇CBD上班，首选地铁2/9号线沿线，通勤半小时内。,周末常去高端商圈消费，热衷打网球和马术，重度手冲咖啡及黑胶唱片发烧友。,夫妻双方积蓄 + 双方父母出资赞助首付 + 公积金商业组合贷款,非仁恒、绿城、万科等金牌开发商不买，极度看重高端精装质量与顶级物业的增值口碑。,常年本地稳定居住，工作日职住通勤动线规则单一。
上_1997_00110,上海,1997,本地改善,52,男,0.3,3.2,0.45,5.4,3,2,是,B,agent,0.75,0.4,0.52,0.59,0.42,0.78,0.71,0.67,0.75,自住-改善,两室一厅,51,671,邮政局局长秘书,二胎黄金期中大户型,上海中环品质两居，车位及空间极其拥挤,小区无地下车库且人车不分流，小孩在楼下玩耍或者推婴儿车极为不安全。,讲究超高得房率（超85%），主卧套房必须配备独立步入式衣帽间与干湿分离双卫。,主要在陆家嘴/徐家汇CBD上班，首选地铁2/9号线沿线，通勤半小时内。,倡导轻户外，周末常带家人自驾野营或山系徒步，注重生活情调与手作咖啡。,名下持有一套旧两居，置换回款 65% + 个人理财储蓄补充 + 公积金商业贷,非仁恒、绿城、万科等金牌开发商不买，极度看重高端精装质量与顶级物业的增值口碑。,常年本地稳定居住，工作日职住通勤动线规则单一。
上_1997_00111,上海,1997,金融精英,39,女,0.9,5.5,0.4,10.3,4,1,否,A,research,0.93,0.36,0.7,0.68,0.78,0.83,0.74,0.72,0.73,自住-首套,两室一厅,97,871,商业银行支行信贷科长,三口之家(学龄段),市中心私密洋房住宅,无高端私密会所及管家式物业配套，圈层鱼龙混杂，高净值居住体验差。,讲究超高得房率（超85%），主卧套房必须配备独立步入式衣帽间与干湿分离双卫。,主要在陆家嘴/徐家汇CBD上班，首选地铁2/9号线沿线，通勤半小时内。,周末常去高端商圈消费，热衷打网球和马术，重度手冲咖啡及黑胶唱片发烧友。,夫妻双方积蓄 + 双方父母出资赞助首付 + 公积金商业组合贷款,非仁恒、绿城、万科等金牌开发商不买，极度看重高端精装质量与顶级物业的增值口碑。,常年本地稳定居住，工作日职住通勤动线规则单一。
上_1997_00112,上海,1997,教育型买房,46,男,0.7,6.0,0.4,11.2,4,1,是,B,social,0.88,0.47,0.54,0.36,0.57,0.69,0.45,1,0.54,学区房,两室一厅,80,948,国企车间技术主任,三口之家(学龄段),上海中环品质两居，车位及空间极其拥挤,小区无地下车库且人车不分流，小孩在楼下玩耍或者推婴儿车极为不安全。,核心要求地块属于第一梯队名校学区，且周边500米内解决幼小衔接教育配套。,主要在陆家嘴/徐家汇CBD上班，首选地铁2/9号线沿线，通勤半小时内。,倡导轻户外，周末常带家人自驾野营或山系徒步，注重生活情调与手作咖啡。,名下持有一套旧两居，置换回款 65% + 个人理财储蓄补充 + 公积金商业贷,重性价比，不盲信大牌，但要求物业管理有序、绿化修剪及时、人防技防规范。,常年本地稳定居住，工作日职住通勤动线规则单一。
上_1997_00113,上海,1997,金融精英,48,女,0.9,7.6,0.4,14.3,3,1,否,A,research,0.72,0.58,0.71,0.58,0.65,0.83,0.72,0.81,0.72,自住-首套,一室一厅,72,1217,申银万国证券分析员,三口之家(学龄段),西湖边高精平层,无高端私密会所及管家式物业配套，圈层鱼龙混杂，高净值居住体验差。,要求有超大面宽南向双阳台（观景家政分离），主卧大飘窗能270度直面自然景观。,主要在陆家嘴/徐家汇CBD上班，首选地铁2/9号线沿线，通勤半小时内。,周末常去高端商圈消费，热衷打网球和马术，重度手冲咖啡及黑胶唱片发烧友。,夫妻双方积蓄 + 双方父母出资赞助首付 + 公积金商业组合贷款,非仁恒、绿城、万科等金牌开发商不买，极度看重高端精装质量与顶级物业的增值口碑。,常年本地稳定居住，工作日职住通勤动线规则单一。
上_1997_00114,上海,1997,金融精英,38,女,1.4,13.7,0.4,25.7,3,0,是,A,research,0.65,0.52,0.73,0.64,0.86,0.75,0.79,0.82,0.94,自住-首套,两室两厅,85,2493,老牌证券公司营业部经理,成熟期核心家庭,陆家嘴核心区江景大平层,当前房屋属于旧多层无电梯房，父母年纪渐高每天爬楼梯极为吃力。,要求有超大面宽南向双阳台（观景家政分离），主卧大飘窗能270度直面自然景观。,主要在陆家嘴/徐家汇CBD上班，首选地铁2/9号线沿线，通勤半小时内。,周末常去高端商圈消费，热衷打网球和马术，重度手冲咖啡及黑胶唱片发烧友。,夫妻双方积蓄 + 双方父母出资赞助首付 + 公积金商业组合贷款,非仁恒、绿城、万科等金牌开发商不买，极度看重高端精装质量与顶级物业的增值口碑。,常年本地稳定居住，工作日职住通勤动线规则单一。
上_1997_00115,上海,1997,本地改善,52,男,0.5,4.5,0.45,7.6,4,2,否,B,agent,0.91,0.42,0.59,0.34,0.44,0.88,0.55,0.75,0.62,自住-改善,两室一厅,95,663,邮政局局长秘书,二胎黄金期中大户型,上海中环品质两居，车位及空间极其拥挤,小区无地下车库且人车不分流，小孩在楼下玩耍或者推婴儿车极为不安全。,讲究超高得房率（超85%），主卧套房必须配备独立步入式衣帽间与干湿分离双卫。,主要在陆家嘴/徐家汇CBD上班，首选地铁2/9号线沿线，通勤半小时内。,倡导轻户外，周末常带家人自驾野营或山系徒步，注重生活情调与手作咖啡。,名下持有一套旧两居，置换回款 65% + 个人理财储蓄补充 + 公积金商业贷,重性价比，不盲信大牌，但要求物业管理有序、绿化修剪及时、人防技防规范。,常年本地稳定居住，工作日职住通勤动线规则单一。
上_1997_00116,上海,1997,本地改善,48,男,0.7,9.5,0.45,15.8,4,2,否,B,agent,0.46,0.39,0.54,0.61,0.46,0.86,0.54,0.73,0.55,自住-改善,两室一厅,66,2056,邮政局局长秘书,二胎黄金期中大户型,上海中环品质两居，车位及空间极其拥挤,小区无地下车库且人车不分流，小孩在楼下玩耍或者推婴儿车极为不安全。,讲究超高得房率（超85%），主卧套房必须配备独立步入式衣帽间与干湿分离双卫。,主要在陆家嘴/徐家汇CBD上班，首选地铁2/9号线沿线，通勤半小时内。,倡导轻户外，周末常带家人自驾野营或山系徒步，注重生活情调与手作咖啡。,名下持有一套旧两居，置换回款 65% + 个人理财储蓄补充 + 公积金商业贷,重性价比，不盲信大牌，但要求物业管理有序、绿化修剪及时、人防技防规范。,常年本地稳定居住，工作日职住通勤动线规则单一。
上_1997_00117,上海,1997,教育型买房,32,男,0.5,3.0,0.4,5.6,4,1,否,B,social,0.76,0.6,0.52,0.29,0.52,0.79,0.51,1,0.42,学区房,两室一厅,96,449,国企车间技术主任,三口之家(幼龄段),上海中环品质两居，车位及空间极其拥挤,小区无地下车库且人车不分流，小孩在楼下玩耍或者推婴儿车极为不安全。,讲究超高得房率（超85%），主卧套房必须配备独立步入式衣帽间与干湿分离双卫。,主要在陆家嘴/徐家汇CBD上班，首选地铁2/9号线沿线，通勤半小时内。,倡导轻户外，周末常带家人自驾野营或山系徒步，注重生活情调与手作咖啡。,名下持有一套旧两居，置换回款 65% + 个人理财储蓄补充 + 公积金商业贷,重性价比，不盲信大牌，但要求物业管理有序、绿化修剪及时、人防技防规范。,常年本地稳定居住，工作日职住通勤动线规则单一。
上_1997_00118,上海,1997,外籍海归,44,女,0.7,4.0,0.4,7.4,2,1,否,A,social,0.91,0.39,0.64,0.49,0.74,0.69,0.6,0.77,0.69,自住-改善,两室两厅,61,739,外企驻沪办事处代表,三口之家(学龄段),陆家嘴核心区江景大平层,无高端私密会所及管家式物业配套，圈层鱼龙混杂，高净值居住体验差。,核心要求地块属于第一梯队名校学区，且周边500米内解决幼小衔接教育配套。,主要在陆家嘴/徐家汇CBD上班，首选地铁2/9号线沿线，通勤半小时内。,周末常去高端商圈消费，热衷打网球和马术，重度手冲咖啡及黑胶唱片发烧友。,名下已有企业股权套现或分红现金，一次性全款付清，基本不加杠杆,重性价比，不盲信大牌，但要求物业管理有序、绿化修剪及时、人防技防规范。,常年本地稳定居住，工作日职住通勤动线规则单一。
上_1997_00119,上海,1997,本地改善,48,男,0.3,2.8,0.45,4.6,5,2,否,B,agent,0.53,0.53,0.56,0.5,0.56,0.72,0.6,0.75,0.6,自住-改善,两室两厅,55,648,邮政局局长秘书,二胎黄金期中大户型,上海中环品质两居，车位及空间极其拥挤,小区无地下车库且人车不分流，小孩在楼下玩耍或者推婴儿车极为不安全。,讲究超高得房率（超85%），主卧套房必须配备独立步入式衣帽间与干湿分离双卫。,主要在陆家嘴/徐家汇CBD上班，首选地铁2/9号线沿线，通勤半小时内。,倡导轻户外，周末常带家人自驾野营或山系徒步，注重生活情调与手作咖啡。,名下持有一套旧两居，置换回款 65% + 个人理财储蓄补充 + 公积金商业贷,重性价比，不盲信大牌，但要求物业管理有序、绿化修剪及时、人防技防规范。,常年本地稳定居住，工作日职住通勤动线规则单一。
上_1997_00120,上海,1997,金融精英,43,男,0.8,5.8,0.4,10.9,3,1,否,A,research,0.82,0.51,0.78,0.47,0.62,0.87,0.69,0.76,0.85,自住-改善,两室两厅,74,1068,申银万国证券分析员,三口之家(学龄段),市中心私密洋房住宅,无高端私密会所及管家式物业配套，圈层鱼龙混杂，高净值居住体验差。,要求有超大面宽南向双阳台（观景家政分离），主卧大飘窗能270度直面自然景观。,主要在陆家嘴/徐家汇CBD上班，首选地铁2/9号线沿线，通勤半小时内。,周末常去高端商圈消费，热衷打网球和马术，重度手冲咖啡及黑胶唱片发烧友。,名下已有企业股权套现或分红现金，一次性全款付清，基本不加杠杆,非仁恒、绿城、万科等金牌开发商不买，极度看重高端精装质量与顶级物业的增值口碑。,常年本地稳定居住，工作日职住通勤动线规则单一。
上_1997_00121,上海,1997,本地改善,49,女,0.5,5.0,0.45,8.4,4,2,否,B,agent,0.81,0.58,0.44,0.73,0.55,0.9,0.68,0.65,0.56,自住-改善,两室一厅,75,668,邮政局局长秘书,二胎黄金期中大户型,上海中环品质两居，车位及空间极其拥挤,小区无地下车库且人车不分流，小孩在楼下玩耍或者推婴儿车极为不安全。,要求独立电梯入户，主次卧动线分明，配备独立保姆房和私密后院。,主要在陆家嘴/徐家汇CBD上班，首选地铁2/9号线沿线，通勤半小时内。,倡导轻户外，周末常带家人自驾野营或山系徒步，注重生活情调与手作咖啡。,名下持有一套旧两居，置换回款 65% + 个人理财储蓄补充 + 公积金商业贷,重性价比，不盲信大牌，但要求物业管理有序、绿化修剪及时、人防技防规范。,常年本地稳定居住，工作日职住通勤动线规则单一。
上_1997_00122,上海,1997,金融精英,47,女,0.8,6.8,0.4,12.7,2,2,否,A,research,0.66,0.63,0.73,0.54,0.66,0.63,0.73,0.75,0.94,自住-改善,两室两厅,58,1461,老牌证券公司营业部经理,二胎黄金期中大户型,陆家嘴核心区江景大平层,无高端私密会所及管家式物业配套，圈层鱼龙混杂，高净值居住体验差。,要求有超大面宽南向双阳台（观景家政分离），主卧大飘窗能270度直面自然景观。,主要在陆家嘴/徐家汇CBD上班，首选地铁2/9号线沿线，通勤半小时内。,周末常去高端商圈消费，热衷打网球和马术，重度手冲咖啡及黑胶唱片发烧友。,名下已有企业股权套现或分红现金，一次性全款付清，基本不加杠杆,非仁恒、绿城、万科等金牌开发商不买，极度看重高端精装质量与顶级物业的增值口碑。,常年本地稳定居住，工作日职住通勤动线规则单一。
上_1997_00123,上海,1997,教育型买房,34,女,0.5,3.6,0.4,6.7,3,1,是,B,social,1,0.49,0.26,0.46,0.57,0.71,0.58,0.88,0.5,学区房,一室一厅,78,568,市第二中学地理教师,三口之家(幼龄段),上海中环品质两居，车位及空间极其拥挤,小区无地下车库且人车不分流，小孩在楼下玩耍或者推婴儿车极为不安全。,讲究超高得房率（超85%），主卧套房必须配备独立步入式衣帽间与干湿分离双卫。,主要在陆家嘴/徐家汇CBD上班，首选地铁2/9号线沿线，通勤半小时内。,倡导轻户外，周末常带家人自驾野营或山系徒步，注重生活情调与手作咖啡。,名下持有一套旧两居，置换回款 65% + 个人理财储蓄补充 + 公积金商业贷,重性价比，不盲信大牌，但要求物业管理有序、绿化修剪及时、人防技防规范。,常年本地稳定居住，工作日职住通勤动线规则单一。
上_1997_00124,上海,1997,教育型买房,35,女,0.3,2.8,0.4,5.3,3,1,否,B,social,0.91,0.49,0.5,0.24,0.64,0.75,0.5,1,0.68,学区房,两室两厅,86,489,邮政局局长秘书,三口之家(幼龄段),上海中环品质两居，车位及空间极其拥挤,小区无地下车库且人车不分流，小孩在楼下玩耍或者推婴儿车极为不安全。,讲究超高得房率（超85%），主卧套房必须配备独立步入式衣帽间与干湿分离双卫。,主要在陆家嘴/徐家汇CBD上班，首选地铁2/9号线沿线，通勤半小时内。,倡导轻户外，周末常带家人自驾野营或山系徒步，注重生活情调与手作咖啡。,名下持有一套旧两居，置换回款 65% + 个人理财储蓄补充 + 公积金商业贷,重性价比，不盲信大牌，但要求物业管理有序、绿化修剪及时、人防技防规范。,常年本地稳定居住，工作日职住通勤动线规则单一。
上_1997_00125,上海,1997,本地改善,56,男,0.6,5.3,0.45,8.8,4,2,否,B,agent,0.89,0.57,0.64,0.45,0.68,0.96,0.58,0.69,0.83,自住-改善,一室一厅,95,493,邮政局局长秘书,二胎黄金期中大户型,上海中环品质两居，车位及空间极其拥挤,小区无地下车库且人车不分流，小孩在楼下玩耍或者推婴儿车极为不安全。,讲究超高得房率（超85%），主卧套房必须配备独立步入式衣帽间与干湿分离双卫。,主要在陆家嘴/徐家汇CBD上班，首选地铁2/9号线沿线，通勤半小时内。,倡导轻户外，周末常带家人自驾野营或山系徒步，注重生活情调与手作咖啡。,名下持有一套旧两居，置换回款 65% + 个人理财储蓄补充 + 公积金商业贷,非仁恒、绿城、万科等金牌开发商不买，极度看重高端精装质量与顶级物业的增值口碑。,常年本地稳定居住，工作日职住通勤动线规则单一。
上_1997_00126,上海,1997,金融精英,37,男,0.9,8.6,0.4,16.2,2,0,否,A,research,0.72,0.29,0.62,0.65,0.7,0.84,0.72,0.74,0.7,自住-首套,两室两厅,83,1116,申银万国证券分析员,成熟期核心家庭,陆家嘴核心区江景大平层,无高端私密会所及管家式物业配套，圈层鱼龙混杂，高净值居住体验差。,讲究超高得房率（超85%），主卧套房必须配备独立步入式衣帽间与干湿分离双卫。,主要在陆家嘴/徐家汇CBD上班，首选地铁2/9号线沿线，通勤半小时内。,周末常去高端商圈消费，热衷打网球和马术，重度手冲咖啡及黑胶唱片发烧友。,夫妻双方积蓄 + 双方父母出资赞助首付 + 公积金商业组合贷款,非仁恒、绿城、万科等金牌开发商不买，极度看重高端精装质量与顶级物业的增值口碑。,常年本地稳定居住，工作日职住通勤动线规则单一。
上_1997_00127,上海,1997,教育型买房,42,女,0.3,3.1,0.4,5.8,2,1,是,B,social,1,0.48,0.36,0.51,0.66,0.44,0.54,0.91,0.59,学区房,一室一厅,59,788,邮政局局长秘书,三口之家(学龄段),上海中环品质两居，车位及空间极其拥挤,小区无地下车库且人车不分流，小孩在楼下玩耍或者推婴儿车极为不安全。,核心要求地块属于第一梯队名校学区，且周边500米内解决幼小衔接教育配套。,主要在陆家嘴/徐家汇CBD上班，首选地铁2/9号线沿线，通勤半小时内。,倡导轻户外，周末常带家人自驾野营或山系徒步，注重生活情调与手作咖啡。,名下持有一套旧两居，置换回款 65% + 个人理财储蓄补充 + 公积金商业贷,重性价比，不盲信大牌，但要求物业管理有序、绿化修剪及时、人防技防规范。,常年本地稳定居住，工作日职住通勤动线规则单一。
上_1997_00128,上海,1997,金融精英,33,男,1.3,9.4,0.4,17.7,3,1,否,A,research,0.69,0.46,0.6,0.66,0.76,0.69,0.58,0.62,0.85,婚房,两室一厅,67,1451,老牌证券公司营业部经理,三口之家(幼龄段),市中心私密洋房住宅,无高端私密会所及管家式物业配套，圈层鱼龙混杂，高净值居住体验差。,要求采光通透，全明户型，带多功能嵌入式收纳墙以最大化空间利用。,主要在陆家嘴/徐家汇CBD上班，首选地铁2/9号线沿线，通勤半小时内。,周末常去高端商圈消费，热衷打网球和马术，重度手冲咖啡及黑胶唱片发烧友。,夫妻双方积蓄 + 双方父母出资赞助首付 + 公积金商业组合贷款,非仁恒、绿城、万科等金牌开发商不买，极度看重高端精装质量与顶级物业的增值口碑。,常年本地稳定居住，工作日职住通勤动线规则单一。
上_1997_00129,上海,1997,本地改善,57,男,0.6,5.5,0.45,9.2,4,2,是,B,agent,0.57,0.51,0.66,0.45,0.67,0.87,0.59,0.61,0.56,自住-改善,两室一厅,70,1036,国企车间技术主任,二胎黄金期中大户型,上海中环品质两居，车位及空间极其拥挤,小区无地下车库且人车不分流，小孩在楼下玩耍或者推婴儿车极为不安全。,讲究超高得房率（超85%），主卧套房必须配备独立步入式衣帽间与干湿分离双卫。,主要在陆家嘴/徐家汇CBD上班，首选地铁2/9号线沿线，通勤半小时内。,倡导轻户外，周末常带家人自驾野营或山系徒步，注重生活情调与手作咖啡。,名下持有一套旧两居，置换回款 65% + 个人理财储蓄补充 + 公积金商业贷,重性价比，不盲信大牌，但要求物业管理有序、绿化修剪及时、人防技防规范。,常年本地稳定居住，工作日职住通勤动线规则单一。
上_1997_00130,上海,1997,本地改善,38,女,0.3,3.1,0.45,5.1,3,2,否,B,agent,0.69,0.52,0.59,0.47,0.58,0.8,0.55,0.78,0.61,自住-改善,两室两厅,100,266,区财政局科员,二胎黄金期中大户型,上海中环品质两居，车位及空间极其拥挤,小区无地下车库且人车不分流，小孩在楼下玩耍或者推婴儿车极为不安全。,讲究超高得房率（超85%），主卧套房必须配备独立步入式衣帽间与干湿分离双卫。,主要在陆家嘴/徐家汇CBD上班，首选地铁2/9号线沿线，通勤半小时内。,倡导轻户外，周末常带家人自驾野营或山系徒步，注重生活情调与手作咖啡。,名下持有一套旧两居，置换回款 65% + 个人理财储蓄补充 + 公积金商业贷,重性价比，不盲信大牌，但要求物业管理有序、绿化修剪及时、人防技防规范。,常年本地稳定居住，工作日职住通勤动线规则单一。
上_1997_00131,上海,1997,本地改善,46,男,0.4,3.4,0.45,5.7,5,3,是,B,agent,0.86,0.42,0.55,0.58,0.44,0.77,0.59,0.53,0.63,自住-改善,两室两厅,64,751,邮政局局长秘书,二胎黄金期中大户型,上海中环品质两居，车位及空间极其拥挤,小区无地下车库且人车不分流，小孩在楼下玩耍或者推婴儿车极为不安全。,讲究超高得房率（超85%），主卧套房必须配备独立步入式衣帽间与干湿分离双卫。,主要在陆家嘴/徐家汇CBD上班，首选地铁2/9号线沿线，通勤半小时内。,倡导轻户外，周末常带家人自驾野营或山系徒步，注重生活情调与手作咖啡。,名下持有一套旧两居，置换回款 65% + 个人理财储蓄补充 + 公积金商业贷,重性价比，不盲信大牌，但要求物业管理有序、绿化修剪及时、人防技防规范。,常年本地稳定居住，工作日职住通勤动线规则单一。
上_1997_00132,上海,1997,本地改善,58,男,0.4,4.0,0.45,6.7,5,3,否,B,agent,0.85,0.57,0.66,0.45,0.8,0.93,0.58,0.68,0.5,自住-改善,两室两厅,78,470,国企车间技术主任,二胎黄金期中大户型,上海中环品质两居，车位及空间极其拥挤,小区无地下车库且人车不分流，小孩在楼下玩耍或者推婴儿车极为不安全。,讲究超高得房率（超85%），主卧套房必须配备独立步入式衣帽间与干湿分离双卫。,主要在陆家嘴/徐家汇CBD上班，首选地铁2/9号线沿线，通勤半小时内。,倡导轻户外，周末常带家人自驾野营或山系徒步，注重生活情调与手作咖啡。,名下持有一套旧两居，置换回款 65% + 个人理财储蓄补充 + 公积金商业贷,重性价比，不盲信大牌，但要求物业管理有序、绿化修剪及时、人防技防规范。,常年本地稳定居住，工作日职住通勤动线规则单一。
上_1997_00133,上海,1997,金融精英,32,女,0.8,7.4,0.4,13.8,2,2,否,A,research,1,0.43,0.58,0.56,0.9,0.73,0.75,0.75,0.81,婚房,两室两厅,81,1003,商业银行支行信贷科长,二胎黄金期中大户型,市中心私密洋房住宅,无高端私密会所及管家式物业配套，圈层鱼龙混杂，高净值居住体验差。,讲究超高得房率（超85%），主卧套房必须配备独立步入式衣帽间与干湿分离双卫。,主要在陆家嘴/徐家汇CBD上班，首选地铁2/9号线沿线，通勤半小时内。,周末常去高端商圈消费，热衷打网球和马术，重度手冲咖啡及黑胶唱片发烧友。,夫妻双方积蓄 + 双方父母出资赞助首付 + 公积金商业组合贷款,非仁恒、绿城、万科等金牌开发商不买，极度看重高端精装质量与顶级物业的增值口碑。,常年本地稳定居住，工作日职住通勤动线规则单一。
上_1997_00134,上海,1997,外籍海归,32,男,0.3,1.7,0.4,3.2,3,2,否,A,social,0.85,0.54,0.68,0.63,0.8,0.71,0.7,0.87,0.76,婚房,一室一厅,52,326,外企驻沪办事处代表,二胎黄金期中大户型,西湖边高精平层,无高端私密会所及管家式物业配套，圈层鱼龙混杂，高净值居住体验差。,讲究超高得房率（超85%），主卧套房必须配备独立步入式衣帽间与干湿分离双卫。,主要在陆家嘴/徐家汇CBD上班，首选地铁2/9号线沿线，通勤半小时内。,周末常去高端商圈消费，热衷打网球和马术，重度手冲咖啡及黑胶唱片发烧友。,夫妻双方积蓄 + 双方父母出资赞助首付 + 公积金商业组合贷款,非仁恒、绿城、万科等金牌开发商不买，极度看重高端精装质量与顶级物业的增值口碑。,常年本地稳定居住，工作日职住通勤动线规则单一。
上_1997_00135,上海,1997,本地改善,45,女,0.3,4.1,0.45,6.9,4,2,是,B,agent,0.47,0.51,0.49,0.34,0.54,0.85,0.59,0.68,0.59,自住-改善,两室一厅,75,730,邮政局局长秘书,二胎黄金期中大户型,上海中环品质两居，车位及空间极其拥挤,小区无地下车库且人车不分流，小孩在楼下玩耍或者推婴儿车极为不安全。,讲究超高得房率（超85%），主卧套房必须配备独立步入式衣帽间与干湿分离双卫。,主要在陆家嘴/徐家汇CBD上班，首选地铁2/9号线沿线，通勤半小时内。,倡导轻户外，周末常带家人自驾野营或山系徒步，注重生活情调与手作咖啡。,名下持有一套旧两居，置换回款 65% + 个人理财储蓄补充 + 公积金商业贷,重性价比，不盲信大牌，但要求物业管理有序、绿化修剪及时、人防技防规范。,常年本地稳定居住，工作日职住通勤动线规则单一。
上_1997_00136,上海,1997,教育型买房,41,女,0.5,3.6,0.4,6.8,3,2,否,B,social,0.81,0.61,0.3,0.49,0.46,0.69,0.48,0.93,0.61,学区房,两室两厅,82,663,区财政局科员,二胎黄金期中大户型,上海中环品质两居，车位及空间极其拥挤,小区无地下车库且人车不分流，小孩在楼下玩耍或者推婴儿车极为不安全。,核心要求地块属于第一梯队名校学区，且周边500米内解决幼小衔接教育配套。,主要在陆家嘴/徐家汇CBD上班，首选地铁2/9号线沿线，通勤半小时内。,倡导轻户外，周末常带家人自驾野营或山系徒步，注重生活情调与手作咖啡。,名下持有一套旧两居，置换回款 65% + 个人理财储蓄补充 + 公积金商业贷,重性价比，不盲信大牌，但要求物业管理有序、绿化修剪及时、人防技防规范。,常年本地稳定居住，工作日职住通勤动线规则单一。
上_1997_00137,上海,1997,教育型买房,40,男,0.6,5.2,0.4,9.8,3,1,是,B,social,0.98,0.43,0.42,0.48,0.64,0.74,0.6,1,0.65,学区房,两室一厅,93,663,国企车间技术主任,三口之家(学龄段),上海中环品质两居，车位及空间极其拥挤,小区无地下车库且人车不分流，小孩在楼下玩耍或者推婴儿车极为不安全。,讲究超高得房率（超85%），主卧套房必须配备独立步入式衣帽间与干湿分离双卫。,主要在陆家嘴/徐家汇CBD上班，首选地铁2/9号线沿线，通勤半小时内。,倡导轻户外，周末常带家人自驾野营或山系徒步，注重生活情调与手作咖啡。,名下持有一套旧两居，置换回款 65% + 个人理财储蓄补充 + 公积金商业贷,重性价比，不盲信大牌，但要求物业管理有序、绿化修剪及时、人防技防规范。,常年本地稳定居住，工作日职住通勤动线规则单一。
上_1997_00138,上海,1997,本地改善,42,男,0.4,4.9,0.45,8.1,5,2,是,B,agent,0.73,0.5,0.5,0.51,0.61,0.69,0.57,0.73,0.62,自住-改善,两室两厅,78,652,国企车间技术主任,二胎黄金期中大户型,上海中环品质两居，车位及空间极其拥挤,小区无地下车库且人车不分流，小孩在楼下玩耍或者推婴儿车极为不安全。,核心要求地块属于第一梯队名校学区，且周边500米内解决幼小衔接教育配套。,主要在陆家嘴/徐家汇CBD上班，首选地铁2/9号线沿线，通勤半小时内。,倡导轻户外，周末常带家人自驾野营或山系徒步，注重生活情调与手作咖啡。,名下持有一套旧两居，置换回款 65% + 个人理财储蓄补充 + 公积金商业贷,重性价比，不盲信大牌，但要求物业管理有序、绿化修剪及时、人防技防规范。,常年本地稳定居住，工作日职住通勤动线规则单一。
上_1997_00139,上海,1997,教育型买房,47,男,0.8,4.8,0.4,9.0,4,2,否,B,social,0.95,0.62,0.53,0.43,0.6,0.73,0.61,0.92,0.56,学区房,两室两厅,53,1390,国企车间技术主任,二胎黄金期中大户型,上海中环品质两居，车位及空间极其拥挤,小区无地下车库且人车不分流，小孩在楼下玩耍或者推婴儿车极为不安全。,讲究超高得房率（超85%），主卧套房必须配备独立步入式衣帽间与干湿分离双卫。,主要在陆家嘴/徐家汇CBD上班，首选地铁2/9号线沿线，通勤半小时内。,倡导轻户外，周末常带家人自驾野营或山系徒步，注重生活情调与手作咖啡。,名下持有一套旧两居，置换回款 65% + 个人理财储蓄补充 + 公积金商业贷,重性价比，不盲信大牌，但要求物业管理有序、绿化修剪及时、人防技防规范。,常年本地稳定居住，工作日职住通勤动线规则单一。
上_1997_00140,上海,1997,本地改善,39,男,0.5,6.1,0.45,10.1,4,2,否,B,agent,0.91,0.47,0.67,0.46,0.63,0.77,0.68,0.69,0.59,自住-改善,两室一厅,53,1370,区财政局科员,二胎黄金期中大户型,上海中环品质两居，车位及空间极其拥挤,小区无地下车库且人车不分流，小孩在楼下玩耍或者推婴儿车极为不安全。,讲究超高得房率（超85%），主卧套房必须配备独立步入式衣帽间与干湿分离双卫。,主要在陆家嘴/徐家汇CBD上班，首选地铁2/9号线沿线，通勤半小时内。,倡导轻户外，周末常带家人自驾野营或山系徒步，注重生活情调与手作咖啡。,名下持有一套旧两居，置换回款 65% + 个人理财储蓄补充 + 公积金商业贷,重性价比，不盲信大牌，但要求物业管理有序、绿化修剪及时、人防技防规范。,常年本地稳定居住，工作日职住通勤动线规则单一。
上_1997_00141,上海,1997,本地改善,57,女,0.4,4.3,0.45,7.2,4,2,是,B,agent,0.87,0.61,0.59,0.6,0.53,0.84,0.6,0.84,0.76,自住-改善,两室一厅,68,858,市第二中学地理教师,二胎黄金期中大户型,上海中环品质两居，车位及空间极其拥挤,小区无地下车库且人车不分流，小孩在楼下玩耍或者推婴儿车极为不安全。,讲究超高得房率（超85%），主卧套房必须配备独立步入式衣帽间与干湿分离双卫。,主要在陆家嘴/徐家汇CBD上班，首选地铁2/9号线沿线，通勤半小时内。,倡导轻户外，周末常带家人自驾野营或山系徒步，注重生活情调与手作咖啡。,名下持有一套旧两居，置换回款 65% + 个人理财储蓄补充 + 公积金商业贷,非仁恒、绿城、万科等金牌开发商不买，极度看重高端精装质量与顶级物业的增值口碑。,常年本地稳定居住，工作日职住通勤动线规则单一。
上_1997_00142,上海,1997,金融精英,50,女,0.7,6.3,0.4,11.9,3,1,否,A,research,0.96,0.52,0.56,0.74,0.93,0.66,0.66,0.73,0.85,自住-改善,两室一厅,74,1269,商业银行支行信贷科长,三口之家(学龄段),西湖边高精平层,无高端私密会所及管家式物业配套，圈层鱼龙混杂，高净值居住体验差。,要求独立电梯入户，主次卧动线分明，配备独立保姆房和私密后院。,主要在陆家嘴/徐家汇CBD上班，首选地铁2/9号线沿线，通勤半小时内。,周末常去高端商圈消费，热衷打网球和马术，重度手冲咖啡及黑胶唱片发烧友。,名下已有企业股权套现或分红现金，一次性全款付清，基本不加杠杆,非仁恒、绿城、万科等金牌开发商不买，极度看重高端精装质量与顶级物业的增值口碑。,常年本地稳定居住，工作日职住通勤动线规则单一。
上_1997_00143,上海,1997,金融精英,37,女,1.2,7.0,0.4,13.1,3,2,是,A,research,0.67,0.26,0.62,0.64,0.84,0.68,0.67,0.98,0.88,自住-改善,一室一厅,73,990,商业银行支行信贷科长,二胎黄金期中大户型,市中心私密洋房住宅,当前房屋属于旧多层无电梯房，父母年纪渐高每天爬楼梯极为吃力。,核心要求地块属于第一梯队名校学区，且周边500米内解决幼小衔接教育配套。,主要在陆家嘴/徐家汇CBD上班，首选地铁2/9号线沿线，通勤半小时内。,周末常去高端商圈消费，热衷打网球和马术，重度手冲咖啡及黑胶唱片发烧友。,名下已有企业股权套现或分红现金，一次性全款付清，基本不加杠杆,非仁恒、绿城、万科等金牌开发商不买，极度看重高端精装质量与顶级物业的增值口碑。,常年本地稳定居住，工作日职住通勤动线规则单一。
上_1997_00144,上海,1997,长三角家庭,53,女,0.5,3.8,0.45,6.3,4,3,否,B,agent,0.63,0.63,0.71,0.53,0.39,0.69,0.37,0.64,0.58,自住-首套,一室一厅,75,514,邮政局局长秘书,二胎黄金期中大户型,上海中环品质两居，车位及空间极其拥挤,小区无地下车库且人车不分流，小孩在楼下玩耍或者推婴儿车极为不安全。,要求有超大面宽南向双阳台（观景家政分离），主卧大飘窗能270度直面自然景观。,主要在陆家嘴/徐家汇CBD上班，首选地铁2/9号线沿线，通勤半小时内。,倡导轻户外，周末常带家人自驾野营或山系徒步，注重生活情调与手作咖啡。,夫妻双方积蓄 + 双方父母出资赞助首付 + 公积金商业组合贷款,重性价比，不盲信大牌，但要求物业管理有序、绿化修剪及时、人防技防规范。,常年本地稳定居住，工作日职住通勤动线规则单一。
上_1997_00145,上海,1997,本地改善,58,男,0.3,3.3,0.45,5.4,4,3,否,B,agent,0.73,0.59,0.55,0.49,0.63,0.82,0.48,0.57,0.66,自住-改善,两室两厅,89,382,市第二中学地理教师,二胎黄金期中大户型,上海中环品质两居，车位及空间极其拥挤,小区无地下车库且人车不分流，小孩在楼下玩耍或者推婴儿车极为不安全。,讲究超高得房率（超85%），主卧套房必须配备独立步入式衣帽间与干湿分离双卫。,主要在陆家嘴/徐家汇CBD上班，首选地铁2/9号线沿线，通勤半小时内。,倡导轻户外，周末常带家人自驾野营或山系徒步，注重生活情调与手作咖啡。,名下持有一套旧两居，置换回款 65% + 个人理财储蓄补充 + 公积金商业贷,重性价比，不盲信大牌，但要求物业管理有序、绿化修剪及时、人防技防规范。,常年本地稳定居住，工作日职住通勤动线规则单一。
上_1997_00146,上海,1997,金融精英,33,男,0.8,4.7,0.4,8.9,4,1,否,A,research,0.89,0.46,0.63,0.66,0.67,0.83,0.64,0.78,0.82,自住-首套,一室一厅,94,683,申银万国证券分析员,三口之家(幼龄段),市中心私密洋房住宅,无高端私密会所及管家式物业配套，圈层鱼龙混杂，高净值居住体验差。,讲究超高得房率（超85%），主卧套房必须配备独立步入式衣帽间与干湿分离双卫。,主要在陆家嘴/徐家汇CBD上班，首选地铁2/9号线沿线，通勤半小时内。,周末常去高端商圈消费，热衷打网球和马术，重度手冲咖啡及黑胶唱片发烧友。,夫妻双方积蓄 + 双方父母出资赞助首付 + 公积金商业组合贷款,非仁恒、绿城、万科等金牌开发商不买，极度看重高端精装质量与顶级物业的增值口碑。,常年本地稳定居住，工作日职住通勤动线规则单一。
上_1997_00147,上海,1997,本地改善,51,女,0.4,4.1,0.45,6.8,5,1,是,B,agent,0.8,0.63,0.56,0.52,0.47,0.68,0.6,0.67,0.77,自住-改善,一室一厅,76,741,区财政局科员,三口之家(学龄段),上海中环品质两居，车位及空间极其拥挤,小区无地下车库且人车不分流，小孩在楼下玩耍或者推婴儿车极为不安全。,要求采光通透，全明户型，带多功能嵌入式收纳墙以最大化空间利用。,主要在陆家嘴/徐家汇CBD上班，首选地铁2/9号线沿线，通勤半小时内。,倡导轻户外，周末常带家人自驾野营或山系徒步，注重生活情调与手作咖啡。,名下持有一套旧两居，置换回款 65% + 个人理财储蓄补充 + 公积金商业贷,非仁恒、绿城、万科等金牌开发商不买，极度看重高端精装质量与顶级物业的增值口碑。,常年本地稳定居住，工作日职住通勤动线规则单一。
上_1997_00148,上海,1997,本地改善,55,女,0.3,3.2,0.45,5.4,3,2,是,B,agent,0.8,0.49,0.55,0.57,0.57,0.95,0.71,0.69,0.6,自住-改善,两室一厅,87,495,市第二中学地理教师,二胎黄金期中大户型,上海中环品质两居，车位及空间极其拥挤,小区无地下车库且人车不分流，小孩在楼下玩耍或者推婴儿车极为不安全。,讲究超高得房率（超85%），主卧套房必须配备独立步入式衣帽间与干湿分离双卫。,主要在陆家嘴/徐家汇CBD上班，首选地铁2/9号线沿线，通勤半小时内。,倡导轻户外，周末常带家人自驾野营或山系徒步，注重生活情调与手作咖啡。,名下持有一套旧两居，置换回款 65% + 个人理财储蓄补充 + 公积金商业贷,重性价比，不盲信大牌，但要求物业管理有序、绿化修剪及时、人防技防规范。,常年本地稳定居住，工作日职住通勤动线规则单一。
上_1997_00149,上海,1997,本地改善,56,女,0.3,3.5,0.45,5.8,3,2,否,B,agent,0.71,0.52,0.63,0.54,0.67,0.76,0.48,0.82,0.69,自住-改善,一室一厅,98,381,区财政局科员,二胎黄金期中大户型,上海中环品质两居，车位及空间极其拥挤,小区无地下车库且人车不分流，小孩在楼下玩耍或者推婴儿车极为不安全。,讲究超高得房率（超85%），主卧套房必须配备独立步入式衣帽间与干湿分离双卫。,主要在陆家嘴/徐家汇CBD上班，首选地铁2/9号线沿线，通勤半小时内。,倡导轻户外，周末常带家人自驾野营或山系徒步，注重生活情调与手作咖啡。,名下持有一套旧两居，置换回款 65% + 个人理财储蓄补充 + 公积金商业贷,重性价比，不盲信大牌，但要求物业管理有序、绿化修剪及时、人防技防规范。,常年本地稳定居住，工作日职住通勤动线规则单一。
上_1997_00150,上海,1997,本地改善,40,男,0.3,2.5,0.45,4.2,4,2,否,B,agent,0.76,0.24,0.45,0.57,0.43,0.74,0.6,0.59,0.63,自住-改善,两室两厅,51,477,区财政局科员,二胎黄金期中大户型,上海中环品质两居，车位及空间极其拥挤,小区无地下车库且人车不分流，小孩在楼下玩耍或者推婴儿车极为不安全。,讲究超高得房率（超85%），主卧套房必须配备独立步入式衣帽间与干湿分离双卫。,主要在陆家嘴/徐家汇CBD上班，首选地铁2/9号线沿线，通勤半小时内。,倡导轻户外，周末常带家人自驾野营或山系徒步，注重生活情调与手作咖啡。,名下持有一套旧两居，置换回款 65% + 个人理财储蓄补充 + 公积金商业贷,重性价比，不盲信大牌，但要求物业管理有序、绿化修剪及时、人防技防规范。,常年本地稳定居住，工作日职住通勤动线规则单一。
上_1997_00151,上海,1997,本地改善,52,女,0.3,2.4,0.45,3.9,4,3,是,B,agent,0.61,0.41,0.5,0.44,0.43,0.93,0.47,0.81,0.56,自住-改善,一室一厅,98,292,邮政局局长秘书,二胎黄金期中大户型,上海中环品质两居，车位及空间极其拥挤,小区无地下车库且人车不分流，小孩在楼下玩耍或者推婴儿车极为不安全。,讲究超高得房率（超85%），主卧套房必须配备独立步入式衣帽间与干湿分离双卫。,主要在陆家嘴/徐家汇CBD上班，首选地铁2/9号线沿线，通勤半小时内。,倡导轻户外，周末常带家人自驾野营或山系徒步，注重生活情调与手作咖啡。,名下持有一套旧两居，置换回款 65% + 个人理财储蓄补充 + 公积金商业贷,重性价比，不盲信大牌，但要求物业管理有序、绿化修剪及时、人防技防规范。,常年本地稳定居住，工作日职住通勤动线规则单一。
上_1997_00152,上海,1997,教育型买房,40,女,0.4,3.5,0.4,6.6,4,1,否,B,social,0.58,0.42,0.51,0.4,0.55,0.68,0.59,0.91,0.6,学区房,两室一厅,93,535,区财政局科员,三口之家(学龄段),上海中环品质两居，车位及空间极其拥挤,小区无地下车库且人车不分流，小孩在楼下玩耍或者推婴儿车极为不安全。,核心要求地块属于第一梯队名校学区，且周边500米内解决幼小衔接教育配套。,主要在陆家嘴/徐家汇CBD上班，首选地铁2/9号线沿线，通勤半小时内。,倡导轻户外，周末常带家人自驾野营或山系徒步，注重生活情调与手作咖啡。,名下持有一套旧两居，置换回款 65% + 个人理财储蓄补充 + 公积金商业贷,重性价比，不盲信大牌，但要求物业管理有序、绿化修剪及时、人防技防规范。,常年本地稳定居住，工作日职住通勤动线规则单一。
上_1997_00153,上海,1997,本地改善,47,女,0.4,5.1,0.45,8.5,4,1,否,B,agent,0.72,0.48,0.45,0.48,0.61,0.88,0.47,0.71,0.5,自住-改善,两室两厅,87,663,区财政局科员,三口之家(学龄段),上海中环品质两居，车位及空间极其拥挤,小区无地下车库且人车不分流，小孩在楼下玩耍或者推婴儿车极为不安全。,讲究超高得房率（超85%），主卧套房必须配备独立步入式衣帽间与干湿分离双卫。,主要在陆家嘴/徐家汇CBD上班，首选地铁2/9号线沿线，通勤半小时内。,倡导轻户外，周末常带家人自驾野营或山系徒步，注重生活情调与手作咖啡。,名下持有一套旧两居，置换回款 65% + 个人理财储蓄补充 + 公积金商业贷,重性价比，不盲信大牌，但要求物业管理有序、绿化修剪及时、人防技防规范。,常年本地稳定居住，工作日职住通勤动线规则单一。
上_1997_00154,上海,1997,本地改善,50,男,0.5,4.2,0.45,7.1,4,3,否,B,agent,0.87,0.48,0.47,0.44,0.61,0.69,0.66,0.86,0.69,自住-改善,一室一厅,61,1010,区财政局科员,二胎黄金期中大户型,上海中环品质两居，车位及空间极其拥挤,小区无地下车库且人车不分流，小孩在楼下玩耍或者推婴儿车极为不安全。,核心要求地块属于第一梯队名校学区，且周边500米内解决幼小衔接教育配套。,主要在陆家嘴/徐家汇CBD上班，首选地铁2/9号线沿线，通勤半小时内。,倡导轻户外，周末常带家人自驾野营或山系徒步，注重生活情调与手作咖啡。,名下持有一套旧两居，置换回款 65% + 个人理财储蓄补充 + 公积金商业贷,重性价比，不盲信大牌，但要求物业管理有序、绿化修剪及时、人防技防规范。,常年本地稳定居住，工作日职住通勤动线规则单一。
上_1997_00155,上海,1997,本地改善,41,女,0.5,4.8,0.45,7.9,4,1,是,B,agent,0.55,0.56,0.46,0.46,0.55,0.8,0.56,0.8,0.61,自住-改善,两室两厅,95,666,区财政局科员,三口之家(学龄段),上海中环品质两居，车位及空间极其拥挤,小区无地下车库且人车不分流，小孩在楼下玩耍或者推婴儿车极为不安全。,讲究超高得房率（超85%），主卧套房必须配备独立步入式衣帽间与干湿分离双卫。,主要在陆家嘴/徐家汇CBD上班，首选地铁2/9号线沿线，通勤半小时内。,倡导轻户外，周末常带家人自驾野营或山系徒步，注重生活情调与手作咖啡。,名下持有一套旧两居，置换回款 65% + 个人理财储蓄补充 + 公积金商业贷,重性价比，不盲信大牌，但要求物业管理有序、绿化修剪及时、人防技防规范。,常年本地稳定居住，工作日职住通勤动线规则单一。
上_1997_00156,上海,1997,本地改善,57,男,0.7,7.2,0.45,12.1,4,3,否,B,agent,0.74,0.48,0.62,0.53,0.62,0.96,0.59,0.68,0.53,自住-改善,两室两厅,83,1306,邮政局局长秘书,二胎黄金期中大户型,上海中环品质两居，车位及空间极其拥挤,小区无地下车库且人车不分流，小孩在楼下玩耍或者推婴儿车极为不安全。,讲究超高得房率（超85%），主卧套房必须配备独立步入式衣帽间与干湿分离双卫。,主要在陆家嘴/徐家汇CBD上班，首选地铁2/9号线沿线，通勤半小时内。,倡导轻户外，周末常带家人自驾野营或山系徒步，注重生活情调与手作咖啡。,名下持有一套旧两居，置换回款 65% + 个人理财储蓄补充 + 公积金商业贷,重性价比，不盲信大牌，但要求物业管理有序、绿化修剪及时、人防技防规范。,常年本地稳定居住，工作日职住通勤动线规则单一。
上_1997_00157,上海,1997,本地改善,55,女,0.5,5.9,0.45,9.9,3,3,否,B,agent,0.77,0.47,0.65,0.46,0.61,0.73,0.51,0.82,0.72,自住-改善,两室两厅,74,933,区财政局科员,二胎黄金期中大户型,上海中环品质两居，车位及空间极其拥挤,小区无地下车库且人车不分流，小孩在楼下玩耍或者推婴儿车极为不安全。,讲究超高得房率（超85%），主卧套房必须配备独立步入式衣帽间与干湿分离双卫。,主要在陆家嘴/徐家汇CBD上班，首选地铁2/9号线沿线，通勤半小时内。,倡导轻户外，周末常带家人自驾野营或山系徒步，注重生活情调与手作咖啡。,名下持有一套旧两居，置换回款 65% + 个人理财储蓄补充 + 公积金商业贷,非仁恒、绿城、万科等金牌开发商不买，极度看重高端精装质量与顶级物业的增值口碑。,常年本地稳定居住，工作日职住通勤动线规则单一。
上_1997_00158,上海,1997,本地改善,49,女,0.4,3.3,0.45,5.5,4,1,否,B,agent,0.72,0.55,0.63,0.67,0.4,0.82,0.67,0.67,0.59,自住-改善,两室两厅,94,448,邮政局局长秘书,三口之家(学龄段),上海中环品质两居，车位及空间极其拥挤,小区无地下车库且人车不分流，小孩在楼下玩耍或者推婴儿车极为不安全。,讲究超高得房率（超85%），主卧套房必须配备独立步入式衣帽间与干湿分离双卫。,主要在陆家嘴/徐家汇CBD上班，首选地铁2/9号线沿线，通勤半小时内。,倡导轻户外，周末常带家人自驾野营或山系徒步，注重生活情调与手作咖啡。,名下持有一套旧两居，置换回款 65% + 个人理财储蓄补充 + 公积金商业贷,重性价比，不盲信大牌，但要求物业管理有序、绿化修剪及时、人防技防规范。,常年本地稳定居住，工作日职住通勤动线规则单一。
上_1997_00159,上海,1997,本地改善,45,男,0.5,5.9,0.45,9.8,5,2,否,B,agent,0.6,0.44,0.6,0.49,0.58,0.79,0.6,0.74,0.51,自住-改善,两室一厅,80,752,国企车间技术主任,二胎黄金期中大户型,上海中环品质两居，车位及空间极其拥挤,小区无地下车库且人车不分流，小孩在楼下玩耍或者推婴儿车极为不安全。,讲究超高得房率（超85%），主卧套房必须配备独立步入式衣帽间与干湿分离双卫。,主要在陆家嘴/徐家汇CBD上班，首选地铁2/9号线沿线，通勤半小时内。,倡导轻户外，周末常带家人自驾野营或山系徒步，注重生活情调与手作咖啡。,名下持有一套旧两居，置换回款 65% + 个人理财储蓄补充 + 公积金商业贷,重性价比，不盲信大牌，但要求物业管理有序、绿化修剪及时、人防技防规范。,常年本地稳定居住，工作日职住通勤动线规则单一。
上_1997_00160,上海,1997,金融精英,43,女,0.7,6.9,0.4,12.9,3,1,否,A,research,0.83,0.54,0.75,0.56,0.77,0.78,0.74,0.77,0.79,自住-改善,两室两厅,62,1842,申银万国证券分析员,三口之家(学龄段),西湖边高精平层,无高端私密会所及管家式物业配套，圈层鱼龙混杂，高净值居住体验差。,要求有超大面宽南向双阳台（观景家政分离），主卧大飘窗能270度直面自然景观。,主要在陆家嘴/徐家汇CBD上班，首选地铁2/9号线沿线，通勤半小时内。,周末常去高端商圈消费，热衷打网球和马术，重度手冲咖啡及黑胶唱片发烧友。,名下已有企业股权套现或分红现金，一次性全款付清，基本不加杠杆,非仁恒、绿城、万科等金牌开发商不买，极度看重高端精装质量与顶级物业的增值口碑。,常年本地稳定居住，工作日职住通勤动线规则单一。
上_1997_00161,上海,1997,金融精英,50,男,0.3,2.5,0.4,4.6,4,1,否,A,research,0.67,0.43,0.62,0.66,0.74,0.7,0.58,0.94,0.78,自住-改善,两室两厅,85,416,商业银行支行信贷科长,三口之家(学龄段),市中心私密洋房住宅,无高端私密会所及管家式物业配套，圈层鱼龙混杂，高净值居住体验差。,讲究超高得房率（超85%），主卧套房必须配备独立步入式衣帽间与干湿分离双卫。,主要在陆家嘴/徐家汇CBD上班，首选地铁2/9号线沿线，通勤半小时内。,周末常去高端商圈消费，热衷打网球和马术，重度手冲咖啡及黑胶唱片发烧友。,名下已有企业股权套现或分红现金，一次性全款付清，基本不加杠杆,非仁恒、绿城、万科等金牌开发商不买，极度看重高端精装质量与顶级物业的增值口碑。,常年本地稳定居住，工作日职住通勤动线规则单一。
上_1997_00162,上海,1997,本地改善,44,男,0.6,4.8,0.45,7.9,5,2,否,B,agent,0.68,0.46,0.35,0.6,0.55,0.83,0.58,0.74,0.64,自住-改善,两室两厅,63,876,邮政局局长秘书,二胎黄金期中大户型,上海中环品质两居，车位及空间极其拥挤,小区无地下车库且人车不分流，小孩在楼下玩耍或者推婴儿车极为不安全。,讲究超高得房率（超85%），主卧套房必须配备独立步入式衣帽间与干湿分离双卫。,主要在陆家嘴/徐家汇CBD上班，首选地铁2/9号线沿线，通勤半小时内。,倡导轻户外，周末常带家人自驾野营或山系徒步，注重生活情调与手作咖啡。,名下持有一套旧两居，置换回款 65% + 个人理财储蓄补充 + 公积金商业贷,重性价比，不盲信大牌，但要求物业管理有序、绿化修剪及时、人防技防规范。,常年本地稳定居住，工作日职住通勤动线规则单一。
上_1997_00163,上海,1997,金融精英,45,女,0.5,4.7,0.4,8.9,3,2,否,A,research,0.77,0.53,0.73,0.57,0.82,0.9,0.66,0.89,0.81,自住-改善,两室一厅,83,726,商业银行支行信贷科长,二胎黄金期中大户型,西湖边高精平层,无高端私密会所及管家式物业配套，圈层鱼龙混杂，高净值居住体验差。,要求有超大面宽南向双阳台（观景家政分离），主卧大飘窗能270度直面自然景观。,主要在陆家嘴/徐家汇CBD上班，首选地铁2/9号线沿线，通勤半小时内。,周末常去高端商圈消费，热衷打网球和马术，重度手冲咖啡及黑胶唱片发烧友。,名下已有企业股权套现或分红现金，一次性全款付清，基本不加杠杆,非仁恒、绿城、万科等金牌开发商不买，极度看重高端精装质量与顶级物业的增值口碑。,常年本地稳定居住，工作日职住通勤动线规则单一。
上_1997_00164,上海,1997,本地改善,56,男,0.4,4.3,0.45,7.2,4,2,是,B,agent,0.56,0.51,0.59,0.52,0.4,1,0.48,0.81,0.5,自住-改善,两室两厅,66,862,国企车间技术主任,二胎黄金期中大户型,上海中环品质两居，车位及空间极其拥挤,小区无地下车库且人车不分流，小孩在楼下玩耍或者推婴儿车极为不安全。,讲究超高得房率（超85%），主卧套房必须配备独立步入式衣帽间与干湿分离双卫。,主要在陆家嘴/徐家汇CBD上班，首选地铁2/9号线沿线，通勤半小时内。,倡导轻户外，周末常带家人自驾野营或山系徒步，注重生活情调与手作咖啡。,名下持有一套旧两居，置换回款 65% + 个人理财储蓄补充 + 公积金商业贷,重性价比，不盲信大牌，但要求物业管理有序、绿化修剪及时、人防技防规范。,常年本地稳定居住，工作日职住通勤动线规则单一。
上_1997_00165,上海,1997,长三角家庭,40,女,0.3,2.1,0.45,3.5,5,2,是,B,agent,0.94,0.46,0.57,0.55,0.54,0.87,0.48,0.71,0.66,自住-首套,两室一厅,74,244,国企车间技术主任,二胎黄金期中大户型,上海中环品质两居，车位及空间极其拥挤,小区无地下车库且人车不分流，小孩在楼下玩耍或者推婴儿车极为不安全。,讲究超高得房率（超85%），主卧套房必须配备独立步入式衣帽间与干湿分离双卫。,主要在陆家嘴/徐家汇CBD上班，首选地铁2/9号线沿线，通勤半小时内。,倡导轻户外，周末常带家人自驾野营或山系徒步，注重生活情调与手作咖啡。,夫妻双方积蓄 + 双方父母出资赞助首付 + 公积金商业组合贷款,重性价比，不盲信大牌，但要求物业管理有序、绿化修剪及时、人防技防规范。,常年本地稳定居住，工作日职住通勤动线规则单一。
上_1997_00166,上海,1997,教育型买房,33,男,0.4,3.6,0.4,6.8,2,2,是,B,social,0.8,0.47,0.45,0.4,0.61,0.87,0.51,0.9,0.55,学区房,两室两厅,64,918,邮政局局长秘书,二胎黄金期中大户型,上海中环品质两居，车位及空间极其拥挤,小区无地下车库且人车不分流，小孩在楼下玩耍或者推婴儿车极为不安全。,讲究超高得房率（超85%），主卧套房必须配备独立步入式衣帽间与干湿分离双卫。,主要在陆家嘴/徐家汇CBD上班，首选地铁2/9号线沿线，通勤半小时内。,倡导轻户外，周末常带家人自驾野营或山系徒步，注重生活情调与手作咖啡。,名下持有一套旧两居，置换回款 65% + 个人理财储蓄补充 + 公积金商业贷,重性价比，不盲信大牌，但要求物业管理有序、绿化修剪及时、人防技防规范。,常年本地稳定居住，工作日职住通勤动线规则单一。
上_1997_00167,上海,1997,长三角家庭,44,女,0.3,3.0,0.45,5.0,4,2,否,B,agent,0.59,0.54,0.57,0.44,0.47,0.76,0.46,0.73,0.58,自住-改善,两室两厅,68,481,市第二中学地理教师,二胎黄金期中大户型,上海中环品质两居，车位及空间极其拥挤,小区无地下车库且人车不分流，小孩在楼下玩耍或者推婴儿车极为不安全。,讲究超高得房率（超85%），主卧套房必须配备独立步入式衣帽间与干湿分离双卫。,主要在陆家嘴/徐家汇CBD上班，首选地铁2/9号线沿线，通勤半小时内。,倡导轻户外，周末常带家人自驾野营或山系徒步，注重生活情调与手作咖啡。,名下持有一套旧两居，置换回款 65% + 个人理财储蓄补充 + 公积金商业贷,重性价比，不盲信大牌，但要求物业管理有序、绿化修剪及时、人防技防规范。,常年本地稳定居住，工作日职住通勤动线规则单一。
上_1997_00168,上海,1997,本地改善,43,男,0.5,3.5,0.45,5.8,4,2,是,B,agent,0.83,0.53,0.63,0.54,0.55,0.8,0.49,0.81,0.66,自住-改善,两室一厅,71,441,国企车间技术主任,二胎黄金期中大户型,上海中环品质两居，车位及空间极其拥挤,小区无地下车库且人车不分流，小孩在楼下玩耍或者推婴儿车极为不安全。,讲究超高得房率（超85%），主卧套房必须配备独立步入式衣帽间与干湿分离双卫。,主要在陆家嘴/徐家汇CBD上班，首选地铁2/9号线沿线，通勤半小时内。,倡导轻户外，周末常带家人自驾野营或山系徒步，注重生活情调与手作咖啡。,名下持有一套旧两居，置换回款 65% + 个人理财储蓄补充 + 公积金商业贷,重性价比，不盲信大牌，但要求物业管理有序、绿化修剪及时、人防技防规范。,常年本地稳定居住，工作日职住通勤动线规则单一。
上_1997_00169,上海,1997,金融精英,49,女,1.1,7.9,0.4,14.9,2,1,是,A,research,0.57,0.43,0.76,0.54,0.7,0.71,0.72,0.88,0.73,自住-改善,两室两厅,76,1189,老牌证券公司营业部经理,三口之家(学龄段),市中心私密洋房住宅,当前房屋属于旧多层无电梯房，父母年纪渐高每天爬楼梯极为吃力。,要求有超大面宽南向双阳台（观景家政分离），主卧大飘窗能270度直面自然景观。,主要在陆家嘴/徐家汇CBD上班，首选地铁2/9号线沿线，通勤半小时内。,周末常去高端商圈消费，热衷打网球和马术，重度手冲咖啡及黑胶唱片发烧友。,名下已有企业股权套现或分红现金，一次性全款付清，基本不加杠杆,非仁恒、绿城、万科等金牌开发商不买，极度看重高端精装质量与顶级物业的增值口碑。,常年本地稳定居住，工作日职住通勤动线规则单一。
上_1997_00170,上海,1997,本地改善,48,男,0.5,5.1,0.45,8.5,4,1,否,B,agent,0.99,0.58,0.58,0.53,0.56,0.79,0.51,0.88,0.62,自住-改善,一室一厅,77,713,邮政局局长秘书,三口之家(学龄段),上海中环品质两居，车位及空间极其拥挤,小区无地下车库且人车不分流，小孩在楼下玩耍或者推婴儿车极为不安全。,讲究超高得房率（超85%），主卧套房必须配备独立步入式衣帽间与干湿分离双卫。,主要在陆家嘴/徐家汇CBD上班，首选地铁2/9号线沿线，通勤半小时内。,倡导轻户外，周末常带家人自驾野营或山系徒步，注重生活情调与手作咖啡。,名下持有一套旧两居，置换回款 65% + 个人理财储蓄补充 + 公积金商业贷,重性价比，不盲信大牌，但要求物业管理有序、绿化修剪及时、人防技防规范。,常年本地稳定居住，工作日职住通勤动线规则单一。
上_1997_00171,上海,1997,本地改善,48,女,0.5,3.5,0.45,5.9,4,2,否,B,agent,0.74,0.47,0.58,0.4,0.68,0.79,0.71,0.65,0.61,自住-改善,两室一厅,73,582,市第二中学地理教师,二胎黄金期中大户型,上海中环品质两居，车位及空间极其拥挤,小区无地下车库且人车不分流，小孩在楼下玩耍或者推婴儿车极为不安全。,讲究超高得房率（超85%），主卧套房必须配备独立步入式衣帽间与干湿分离双卫。,主要在陆家嘴/徐家汇CBD上班，首选地铁2/9号线沿线，通勤半小时内。,倡导轻户外，周末常带家人自驾野营或山系徒步，注重生活情调与手作咖啡。,名下持有一套旧两居，置换回款 65% + 个人理财储蓄补充 + 公积金商业贷,重性价比，不盲信大牌，但要求物业管理有序、绿化修剪及时、人防技防规范。,常年本地稳定居住，工作日职住通勤动线规则单一。
上_1997_00172,上海,1997,本地改善,39,女,0.4,4.4,0.45,7.3,4,2,否,B,agent,0.92,0.48,0.54,0.4,0.52,0.78,0.66,0.65,0.48,自住-改善,一室一厅,69,787,邮政局局长秘书,二胎黄金期中大户型,上海中环品质两居，车位及空间极其拥挤,小区无地下车库且人车不分流，小孩在楼下玩耍或者推婴儿车极为不安全。,讲究超高得房率（超85%），主卧套房必须配备独立步入式衣帽间与干湿分离双卫。,主要在陆家嘴/徐家汇CBD上班，首选地铁2/9号线沿线，通勤半小时内。,倡导轻户外，周末常带家人自驾野营或山系徒步，注重生活情调与手作咖啡。,名下持有一套旧两居，置换回款 65% + 个人理财储蓄补充 + 公积金商业贷,重性价比，不盲信大牌，但要求物业管理有序、绿化修剪及时、人防技防规范。,常年本地稳定居住，工作日职住通勤动线规则单一。
上_1997_00173,上海,1997,金融精英,32,男,0.8,8.0,0.4,15.0,2,2,否,A,research,0.6,0.55,0.65,0.75,0.72,0.76,0.8,0.84,0.77,自住-首套,两室两厅,59,2139,申银万国证券分析员,二胎黄金期中大户型,市中心私密洋房住宅,无高端私密会所及管家式物业配套，圈层鱼龙混杂，高净值居住体验差。,要求独立电梯入户，主次卧动线分明，配备独立保姆房和私密后院。,主要在陆家嘴/徐家汇CBD上班，首选地铁2/9号线沿线，通勤半小时内。,周末常去高端商圈消费，热衷打网球和马术，重度手冲咖啡及黑胶唱片发烧友。,夫妻双方积蓄 + 双方父母出资赞助首付 + 公积金商业组合贷款,非仁恒、绿城、万科等金牌开发商不买，极度看重高端精装质量与顶级物业的增值口碑。,常年本地稳定居住，工作日职住通勤动线规则单一。
上_1997_00174,上海,1997,本地改善,56,女,0.4,4.5,0.45,7.4,3,2,否,B,agent,0.75,0.49,0.76,0.52,0.61,0.85,0.72,0.7,0.61,自住-改善,两室两厅,99,560,区财政局科员,二胎黄金期中大户型,上海中环品质两居，车位及空间极其拥挤,小区无地下车库且人车不分流，小孩在楼下玩耍或者推婴儿车极为不安全。,要求有超大面宽南向双阳台（观景家政分离），主卧大飘窗能270度直面自然景观。,主要在陆家嘴/徐家汇CBD上班，首选地铁2/9号线沿线，通勤半小时内。,倡导轻户外，周末常带家人自驾野营或山系徒步，注重生活情调与手作咖啡。,名下持有一套旧两居，置换回款 65% + 个人理财储蓄补充 + 公积金商业贷,重性价比，不盲信大牌，但要求物业管理有序、绿化修剪及时、人防技防规范。,常年本地稳定居住，工作日职住通勤动线规则单一。
上_1997_00175,上海,1997,金融精英,45,女,0.6,5.0,0.4,9.4,3,2,否,A,research,0.72,0.44,0.46,0.67,0.82,0.59,0.58,0.85,0.67,自住-改善,一室一厅,96,538,申银万国证券分析员,二胎黄金期中大户型,陆家嘴核心区江景大平层,无高端私密会所及管家式物业配套，圈层鱼龙混杂，高净值居住体验差。,核心要求地块属于第一梯队名校学区，且周边500米内解决幼小衔接教育配套。,主要在陆家嘴/徐家汇CBD上班，首选地铁2/9号线沿线，通勤半小时内。,周末常去高端商圈消费，热衷打网球和马术，重度手冲咖啡及黑胶唱片发烧友。,名下已有企业股权套现或分红现金，一次性全款付清，基本不加杠杆,重性价比，不盲信大牌，但要求物业管理有序、绿化修剪及时、人防技防规范。,常年本地稳定居住，工作日职住通勤动线规则单一。
上_1997_00176,上海,1997,本地改善,55,女,0.7,6.3,0.45,10.5,5,3,否,B,agent,0.94,0.44,0.56,0.49,0.5,0.95,0.67,0.73,0.67,自住-改善,两室一厅,93,710,邮政局局长秘书,二胎黄金期中大户型,上海中环品质两居，车位及空间极其拥挤,小区无地下车库且人车不分流，小孩在楼下玩耍或者推婴儿车极为不安全。,讲究超高得房率（超85%），主卧套房必须配备独立步入式衣帽间与干湿分离双卫。,主要在陆家嘴/徐家汇CBD上班，首选地铁2/9号线沿线，通勤半小时内。,倡导轻户外，周末常带家人自驾野营或山系徒步，注重生活情调与手作咖啡。,名下持有一套旧两居，置换回款 65% + 个人理财储蓄补充 + 公积金商业贷,重性价比，不盲信大牌，但要求物业管理有序、绿化修剪及时、人防技防规范。,常年本地稳定居住，工作日职住通勤动线规则单一。
上_1997_00177,上海,1997,外籍海归,30,男,0.4,3.1,0.4,5.7,3,1,否,A,social,0.55,0.46,0.57,0.5,0.71,0.62,0.74,0.91,0.85,自住-首套,一室一厅,99,391,合资日化企业技术主管,三口之家(幼龄段),陆家嘴核心区江景大平层,无高端私密会所及管家式物业配套，圈层鱼龙混杂，高净值居住体验差。,核心要求地块属于第一梯队名校学区，且周边500米内解决幼小衔接教育配套。,主要在陆家嘴/徐家汇CBD上班，首选地铁2/9号线沿线，通勤半小时内。,周末常去高端商圈消费，热衷打网球和马术，重度手冲咖啡及黑胶唱片发烧友。,夫妻双方积蓄 + 双方父母出资赞助首付 + 公积金商业组合贷款,非仁恒、绿城、万科等金牌开发商不买，极度看重高端精装质量与顶级物业的增值口碑。,常年本地稳定居住，工作日职住通勤动线规则单一。
上_1997_00178,上海,1997,金融精英,42,男,0.4,2.2,0.4,4.1,3,1,否,A,research,0.64,0.39,0.59,0.55,0.82,0.68,0.79,0.81,0.77,自住-首套,两室两厅,93,259,商业银行支行信贷科长,三口之家(学龄段),市中心私密洋房住宅,无高端私密会所及管家式物业配套，圈层鱼龙混杂，高净值居住体验差。,核心要求地块属于第一梯队名校学区，且周边500米内解决幼小衔接教育配套。,主要在陆家嘴/徐家汇CBD上班，首选地铁2/9号线沿线，通勤半小时内。,周末常去高端商圈消费，热衷打网球和马术，重度手冲咖啡及黑胶唱片发烧友。,夫妻双方积蓄 + 双方父母出资赞助首付 + 公积金商业组合贷款,非仁恒、绿城、万科等金牌开发商不买，极度看重高端精装质量与顶级物业的增值口碑。,常年本地稳定居住，工作日职住通勤动线规则单一。
上_1997_00179,上海,1997,长三角家庭,47,男,0.4,2.8,0.45,4.7,5,2,否,B,agent,0.53,0.57,0.53,0.56,0.52,0.8,0.39,0.69,0.69,自住-首套,两室两厅,51,487,区财政局科员,二胎黄金期中大户型,上海中环品质两居，车位及空间极其拥挤,小区无地下车库且人车不分流，小孩在楼下玩耍或者推婴儿车极为不安全。,讲究超高得房率（超85%），主卧套房必须配备独立步入式衣帽间与干湿分离双卫。,主要在陆家嘴/徐家汇CBD上班，首选地铁2/9号线沿线，通勤半小时内。,倡导轻户外，周末常带家人自驾野营或山系徒步，注重生活情调与手作咖啡。,夫妻双方积蓄 + 双方父母出资赞助首付 + 公积金商业组合贷款,重性价比，不盲信大牌，但要求物业管理有序、绿化修剪及时、人防技防规范。,常年本地稳定居住，工作日职住通勤动线规则单一。
上_1997_00180,上海,1997,本地改善,47,女,0.3,2.5,0.45,4.1,4,2,是,B,agent,0.8,0.44,0.57,0.43,0.52,0.76,0.52,0.7,0.7,自住-改善,两室一厅,95,379,邮政局局长秘书,二胎黄金期中大户型,上海中环品质两居，车位及空间极其拥挤,小区无地下车库且人车不分流，小孩在楼下玩耍或者推婴儿车极为不安全。,讲究超高得房率（超85%），主卧套房必须配备独立步入式衣帽间与干湿分离双卫。,主要在陆家嘴/徐家汇CBD上班，首选地铁2/9号线沿线，通勤半小时内。,倡导轻户外，周末常带家人自驾野营或山系徒步，注重生活情调与手作咖啡。,名下持有一套旧两居，置换回款 65% + 个人理财储蓄补充 + 公积金商业贷,重性价比，不盲信大牌，但要求物业管理有序、绿化修剪及时、人防技防规范。,常年本地稳定居住，工作日职住通勤动线规则单一。
上_1997_00181,上海,1997,本地改善,52,女,0.3,3.0,0.45,4.9,4,1,否,B,agent,0.8,0.67,0.5,0.5,0.52,0.93,0.62,0.53,0.47,自住-改善,一室一厅,59,718,市第二中学地理教师,三口之家(学龄段),上海中环品质两居，车位及空间极其拥挤,小区无地下车库且人车不分流，小孩在楼下玩耍或者推婴儿车极为不安全。,讲究超高得房率（超85%），主卧套房必须配备独立步入式衣帽间与干湿分离双卫。,主要在陆家嘴/徐家汇CBD上班，首选地铁2/9号线沿线，通勤半小时内。,倡导轻户外，周末常带家人自驾野营或山系徒步，注重生活情调与手作咖啡。,名下持有一套旧两居，置换回款 65% + 个人理财储蓄补充 + 公积金商业贷,重性价比，不盲信大牌，但要求物业管理有序、绿化修剪及时、人防技防规范。,常年本地稳定居住，工作日职住通勤动线规则单一。
上_1997_00182,上海,1997,本地改善,46,女,0.3,2.3,0.45,3.8,3,2,是,B,agent,0.77,0.45,0.51,0.43,0.55,0.8,0.57,0.61,0.66,自住-改善,两室一厅,69,430,区财政局科员,二胎黄金期中大户型,上海中环品质两居，车位及空间极其拥挤,小区无地下车库且人车不分流，小孩在楼下玩耍或者推婴儿车极为不安全。,讲究超高得房率（超85%），主卧套房必须配备独立步入式衣帽间与干湿分离双卫。,主要在陆家嘴/徐家汇CBD上班，首选地铁2/9号线沿线，通勤半小时内。,倡导轻户外，周末常带家人自驾野营或山系徒步，注重生活情调与手作咖啡。,名下持有一套旧两居，置换回款 65% + 个人理财储蓄补充 + 公积金商业贷,重性价比，不盲信大牌，但要求物业管理有序、绿化修剪及时、人防技防规范。,常年本地稳定居住，工作日职住通勤动线规则单一。
上_1997_00183,上海,1997,金融精英,45,女,1.0,7.4,0.4,13.9,3,0,否,A,research,0.84,0.49,0.62,0.58,0.76,0.63,0.66,0.79,0.75,自住-改善,两室两厅,61,1479,申银万国证券分析员,成熟期核心家庭,西湖边高精平层,无高端私密会所及管家式物业配套，圈层鱼龙混杂，高净值居住体验差。,核心要求地块属于第一梯队名校学区，且周边500米内解决幼小衔接教育配套。,主要在陆家嘴/徐家汇CBD上班，首选地铁2/9号线沿线，通勤半小时内。,周末常去高端商圈消费，热衷打网球和马术，重度手冲咖啡及黑胶唱片发烧友。,名下已有企业股权套现或分红现金，一次性全款付清，基本不加杠杆,非仁恒、绿城、万科等金牌开发商不买，极度看重高端精装质量与顶级物业的增值口碑。,常年本地稳定居住，工作日职住通勤动线规则单一。
上_1997_00184,上海,1997,教育型买房,37,男,0.5,3.8,0.4,7.1,3,1,否,B,social,1,0.55,0.45,0.43,0.62,0.59,0.59,1,0.7,学区房,两室一厅,87,445,邮政局局长秘书,三口之家(幼龄段),上海中环品质两居，车位及空间极其拥挤,小区无地下车库且人车不分流，小孩在楼下玩耍或者推婴儿车极为不安全。,核心要求地块属于第一梯队名校学区，且周边500米内解决幼小衔接教育配套。,主要在陆家嘴/徐家汇CBD上班，首选地铁2/9号线沿线，通勤半小时内。,倡导轻户外，周末常带家人自驾野营或山系徒步，注重生活情调与手作咖啡。,名下持有一套旧两居，置换回款 65% + 个人理财储蓄补充 + 公积金商业贷,重性价比，不盲信大牌，但要求物业管理有序、绿化修剪及时、人防技防规范。,常年本地稳定居住，工作日职住通勤动线规则单一。
上_1997_00185,上海,1997,金融精英,39,男,1.0,7.7,0.4,14.5,4,2,否,A,research,0.69,0.5,0.62,0.65,0.69,0.76,0.74,0.78,0.85,自住-改善,两室两厅,54,2142,老牌证券公司营业部经理,二胎黄金期中大户型,西湖边高精平层,无高端私密会所及管家式物业配套，圈层鱼龙混杂，高净值居住体验差。,讲究超高得房率（超85%），主卧套房必须配备独立步入式衣帽间与干湿分离双卫。,主要在陆家嘴/徐家汇CBD上班，首选地铁2/9号线沿线，通勤半小时内。,周末常去高端商圈消费，热衷打网球和马术，重度手冲咖啡及黑胶唱片发烧友。,名下已有企业股权套现或分红现金，一次性全款付清，基本不加杠杆,非仁恒、绿城、万科等金牌开发商不买，极度看重高端精装质量与顶级物业的增值口碑。,常年本地稳定居住，工作日职住通勤动线规则单一。
上_1997_00186,上海,1997,本地改善,45,男,0.3,3.1,0.45,5.1,4,1,是,B,agent,0.77,0.55,0.51,0.52,0.63,0.84,0.71,0.59,0.54,自住-改善,一室一厅,59,692,邮政局局长秘书,三口之家(学龄段),上海中环品质两居，车位及空间极其拥挤,小区无地下车库且人车不分流，小孩在楼下玩耍或者推婴儿车极为不安全。,讲究超高得房率（超85%），主卧套房必须配备独立步入式衣帽间与干湿分离双卫。,主要在陆家嘴/徐家汇CBD上班，首选地铁2/9号线沿线，通勤半小时内。,倡导轻户外，周末常带家人自驾野营或山系徒步，注重生活情调与手作咖啡。,名下持有一套旧两居，置换回款 65% + 个人理财储蓄补充 + 公积金商业贷,重性价比，不盲信大牌，但要求物业管理有序、绿化修剪及时、人防技防规范。,常年本地稳定居住，工作日职住通勤动线规则单一。
上_1997_00187,上海,1997,本地改善,51,男,0.4,3.3,0.45,5.5,4,1,否,B,agent,0.69,0.34,0.4,0.49,0.67,0.84,0.65,0.85,0.6,自住-改善,两室一厅,68,602,邮政局局长秘书,三口之家(学龄段),上海中环品质两居，车位及空间极其拥挤,小区无地下车库且人车不分流，小孩在楼下玩耍或者推婴儿车极为不安全。,讲究超高得房率（超85%），主卧套房必须配备独立步入式衣帽间与干湿分离双卫。,主要在陆家嘴/徐家汇CBD上班，首选地铁2/9号线沿线，通勤半小时内。,倡导轻户外，周末常带家人自驾野营或山系徒步，注重生活情调与手作咖啡。,名下持有一套旧两居，置换回款 65% + 个人理财储蓄补充 + 公积金商业贷,重性价比，不盲信大牌，但要求物业管理有序、绿化修剪及时、人防技防规范。,常年本地稳定居住，工作日职住通勤动线规则单一。
上_1997_00188,上海,1997,本地改善,52,女,0.4,4.3,0.45,7.2,4,2,是,B,agent,0.96,0.68,0.47,0.53,0.57,0.9,0.77,0.71,0.58,自住-改善,一室一厅,88,586,市第二中学地理教师,二胎黄金期中大户型,上海中环品质两居，车位及空间极其拥挤,小区无地下车库且人车不分流，小孩在楼下玩耍或者推婴儿车极为不安全。,讲究超高得房率（超85%），主卧套房必须配备独立步入式衣帽间与干湿分离双卫。,主要在陆家嘴/徐家汇CBD上班，首选地铁2/9号线沿线，通勤半小时内。,倡导轻户外，周末常带家人自驾野营或山系徒步，注重生活情调与手作咖啡。,名下持有一套旧两居，置换回款 65% + 个人理财储蓄补充 + 公积金商业贷,重性价比，不盲信大牌，但要求物业管理有序、绿化修剪及时、人防技防规范。,常年本地稳定居住，工作日职住通勤动线规则单一。
上_1997_00189,上海,1997,本地改善,50,男,0.5,3.8,0.45,6.4,4,2,否,B,agent,0.87,0.41,0.42,0.63,0.52,0.75,0.68,0.64,0.47,自住-改善,一室一厅,79,641,市第二中学地理教师,二胎黄金期中大户型,上海中环品质两居，车位及空间极其拥挤,小区无地下车库且人车不分流，小孩在楼下玩耍或者推婴儿车极为不安全。,讲究超高得房率（超85%），主卧套房必须配备独立步入式衣帽间与干湿分离双卫。,主要在陆家嘴/徐家汇CBD上班，首选地铁2/9号线沿线，通勤半小时内。,倡导轻户外，周末常带家人自驾野营或山系徒步，注重生活情调与手作咖啡。,名下持有一套旧两居，置换回款 65% + 个人理财储蓄补充 + 公积金商业贷,重性价比，不盲信大牌，但要求物业管理有序、绿化修剪及时、人防技防规范。,常年本地稳定居住，工作日职住通勤动线规则单一。
上_1997_00190,上海,1997,本地改善,38,男,0.8,5.9,0.45,9.9,5,2,是,B,agent,0.57,0.53,0.57,0.52,0.52,0.88,0.45,0.69,0.52,自住-改善,一室一厅,80,1045,邮政局局长秘书,二胎黄金期中大户型,上海中环品质两居，车位及空间极其拥挤,小区无地下车库且人车不分流，小孩在楼下玩耍或者推婴儿车极为不安全。,讲究超高得房率（超85%），主卧套房必须配备独立步入式衣帽间与干湿分离双卫。,主要在陆家嘴/徐家汇CBD上班，首选地铁2/9号线沿线，通勤半小时内。,倡导轻户外，周末常带家人自驾野营或山系徒步，注重生活情调与手作咖啡。,名下持有一套旧两居，置换回款 65% + 个人理财储蓄补充 + 公积金商业贷,重性价比，不盲信大牌，但要求物业管理有序、绿化修剪及时、人防技防规范。,常年本地稳定居住，工作日职住通勤动线规则单一。
上_1997_00191,上海,1997,本地改善,42,男,0.4,5.2,0.45,8.7,3,2,是,B,agent,0.95,0.56,0.49,0.49,0.53,0.81,0.81,0.73,0.6,自住-改善,两室两厅,87,747,市第二中学地理教师,二胎黄金期中大户型,上海中环品质两居，车位及空间极其拥挤,小区无地下车库且人车不分流，小孩在楼下玩耍或者推婴儿车极为不安全。,讲究超高得房率（超85%），主卧套房必须配备独立步入式衣帽间与干湿分离双卫。,主要在陆家嘴/徐家汇CBD上班，首选地铁2/9号线沿线，通勤半小时内。,倡导轻户外，周末常带家人自驾野营或山系徒步，注重生活情调与手作咖啡。,名下持有一套旧两居，置换回款 65% + 个人理财储蓄补充 + 公积金商业贷,重性价比，不盲信大牌，但要求物业管理有序、绿化修剪及时、人防技防规范。,常年本地稳定居住，工作日职住通勤动线规则单一。
上_1997_00192,上海,1997,本地改善,39,女,0.6,4.4,0.45,7.4,3,1,是,B,agent,0.8,0.61,0.61,0.7,0.52,0.97,0.57,0.75,0.46,自住-改善,一室一厅,72,776,国企车间技术主任,三口之家(学龄段),上海中环品质两居，车位及空间极其拥挤,小区无地下车库且人车不分流，小孩在楼下玩耍或者推婴儿车极为不安全。,要求独立电梯入户，主次卧动线分明，配备独立保姆房和私密后院。,主要在陆家嘴/徐家汇CBD上班，首选地铁2/9号线沿线，通勤半小时内。,倡导轻户外，周末常带家人自驾野营或山系徒步，注重生活情调与手作咖啡。,名下持有一套旧两居，置换回款 65% + 个人理财储蓄补充 + 公积金商业贷,重性价比，不盲信大牌，但要求物业管理有序、绿化修剪及时、人防技防规范。,常年本地稳定居住，工作日职住通勤动线规则单一。
上_1997_00193,上海,1997,本地改善,42,女,0.6,4.2,0.45,6.9,5,2,是,B,agent,0.81,0.51,0.68,0.52,0.59,0.83,0.56,0.57,0.63,自住-改善,两室一厅,71,665,市第二中学地理教师,二胎黄金期中大户型,上海中环品质两居，车位及空间极其拥挤,小区无地下车库且人车不分流，小孩在楼下玩耍或者推婴儿车极为不安全。,讲究超高得房率（超85%），主卧套房必须配备独立步入式衣帽间与干湿分离双卫。,主要在陆家嘴/徐家汇CBD上班，首选地铁2/9号线沿线，通勤半小时内。,倡导轻户外，周末常带家人自驾野营或山系徒步，注重生活情调与手作咖啡。,名下持有一套旧两居，置换回款 65% + 个人理财储蓄补充 + 公积金商业贷,重性价比，不盲信大牌，但要求物业管理有序、绿化修剪及时、人防技防规范。,常年本地稳定居住，工作日职住通勤动线规则单一。
上_1997_00194,上海,1997,本地改善,38,男,0.7,7.1,0.45,11.8,4,2,是,B,agent,0.61,0.36,0.61,0.52,0.58,0.82,0.64,0.85,0.61,自住-改善,一室一厅,96,1041,国企车间技术主任,二胎黄金期中大户型,上海中环品质两居，车位及空间极其拥挤,小区无地下车库且人车不分流，小孩在楼下玩耍或者推婴儿车极为不安全。,讲究超高得房率（超85%），主卧套房必须配备独立步入式衣帽间与干湿分离双卫。,主要在陆家嘴/徐家汇CBD上班，首选地铁2/9号线沿线，通勤半小时内。,倡导轻户外，周末常带家人自驾野营或山系徒步，注重生活情调与手作咖啡。,名下持有一套旧两居，置换回款 65% + 个人理财储蓄补充 + 公积金商业贷,重性价比，不盲信大牌，但要求物业管理有序、绿化修剪及时、人防技防规范。,常年本地稳定居住，工作日职住通勤动线规则单一。
上_1997_00195,上海,1997,金融精英,47,男,0.4,4.3,0.4,8.1,4,1,否,A,research,0.71,0.51,0.59,0.54,0.72,0.8,0.76,0.73,0.88,自住-首套,两室一厅,52,1218,申银万国证券分析员,三口之家(学龄段),陆家嘴核心区江景大平层,无高端私密会所及管家式物业配套，圈层鱼龙混杂，高净值居住体验差。,讲究超高得房率（超85%），主卧套房必须配备独立步入式衣帽间与干湿分离双卫。,主要在陆家嘴/徐家汇CBD上班，首选地铁2/9号线沿线，通勤半小时内。,周末常去高端商圈消费，热衷打网球和马术，重度手冲咖啡及黑胶唱片发烧友。,夫妻双方积蓄 + 双方父母出资赞助首付 + 公积金商业组合贷款,非仁恒、绿城、万科等金牌开发商不买，极度看重高端精装质量与顶级物业的增值口碑。,常年本地稳定居住，工作日职住通勤动线规则单一。
上_1997_00196,上海,1997,本地改善,48,男,0.5,5.1,0.45,8.5,4,3,否,B,agent,1,0.57,0.58,0.47,0.55,0.85,0.67,0.76,0.6,自住-改善,两室一厅,72,701,国企车间技术主任,二胎黄金期中大户型,上海中环品质两居，车位及空间极其拥挤,小区无地下车库且人车不分流，小孩在楼下玩耍或者推婴儿车极为不安全。,讲究超高得房率（超85%），主卧套房必须配备独立步入式衣帽间与干湿分离双卫。,主要在陆家嘴/徐家汇CBD上班，首选地铁2/9号线沿线，通勤半小时内。,倡导轻户外，周末常带家人自驾野营或山系徒步，注重生活情调与手作咖啡。,名下持有一套旧两居，置换回款 65% + 个人理财储蓄补充 + 公积金商业贷,重性价比，不盲信大牌，但要求物业管理有序、绿化修剪及时、人防技防规范。,常年本地稳定居住，工作日职住通勤动线规则单一。
上_1997_00197,上海,1997,本地改善,40,男,0.6,7.2,0.45,12.1,4,2,是,B,agent,0.8,0.43,0.59,0.48,0.54,0.74,0.54,0.7,0.66,自住-改善,一室一厅,53,1285,邮政局局长秘书,二胎黄金期中大户型,上海中环品质两居，车位及空间极其拥挤,小区无地下车库且人车不分流，小孩在楼下玩耍或者推婴儿车极为不安全。,讲究超高得房率（超85%），主卧套房必须配备独立步入式衣帽间与干湿分离双卫。,主要在陆家嘴/徐家汇CBD上班，首选地铁2/9号线沿线，通勤半小时内。,倡导轻户外，周末常带家人自驾野营或山系徒步，注重生活情调与手作咖啡。,名下持有一套旧两居，置换回款 65% + 个人理财储蓄补充 + 公积金商业贷,重性价比，不盲信大牌，但要求物业管理有序、绿化修剪及时、人防技防规范。,常年本地稳定居住，工作日职住通勤动线规则单一。
上_1997_00198,上海,1997,本地改善,46,男,0.4,3.5,0.45,5.8,3,1,否,B,agent,0.79,0.38,0.53,0.53,0.44,0.89,0.53,0.86,0.7,自住-改善,两室两厅,75,466,市第二中学地理教师,三口之家(学龄段),上海中环品质两居，车位及空间极其拥挤,小区无地下车库且人车不分流，小孩在楼下玩耍或者推婴儿车极为不安全。,讲究超高得房率（超85%），主卧套房必须配备独立步入式衣帽间与干湿分离双卫。,主要在陆家嘴/徐家汇CBD上班，首选地铁2/9号线沿线，通勤半小时内。,倡导轻户外，周末常带家人自驾野营或山系徒步，注重生活情调与手作咖啡。,名下持有一套旧两居，置换回款 65% + 个人理财储蓄补充 + 公积金商业贷,重性价比，不盲信大牌，但要求物业管理有序、绿化修剪及时、人防技防规范。,常年本地稳定居住，工作日职住通勤动线规则单一。
上_1997_00199,上海,1997,本地改善,46,女,0.5,6.0,0.45,10.0,4,3,是,B,agent,0.66,0.4,0.6,0.5,0.59,0.89,0.67,0.61,0.49,自住-改善,两室两厅,84,711,邮政局局长秘书,二胎黄金期中大户型,上海中环品质两居，车位及空间极其拥挤,小区无地下车库且人车不分流，小孩在楼下玩耍或者推婴儿车极为不安全。,讲究超高得房率（超85%），主卧套房必须配备独立步入式衣帽间与干湿分离双卫。,主要在陆家嘴/徐家汇CBD上班，首选地铁2/9号线沿线，通勤半小时内。,倡导轻户外，周末常带家人自驾野营或山系徒步，注重生活情调与手作咖啡。,名下持有一套旧两居，置换回款 65% + 个人理财储蓄补充 + 公积金商业贷,重性价比，不盲信大牌，但要求物业管理有序、绿化修剪及时、人防技防规范。,常年本地稳定居住，工作日职住通勤动线规则单一。
上_1997_00200,上海,1997,教育型买房,38,男,0.3,2.9,0.4,5.4,3,0,是,B,social,0.82,0.42,0.35,0.3,0.49,0.66,0.5,1,0.47,学区房,两室两厅,80,429,国企车间技术主任,成熟期核心家庭,上海中环品质两居，车位及空间极其拥挤,当前房屋属于旧多层无电梯房，父母年纪渐高每天爬楼梯极为吃力。,核心要求地块属于第一梯队名校学区，且周边500米内解决幼小衔接教育配套。,主要在陆家嘴/徐家汇CBD上班，首选地铁2/9号线沿线，通勤半小时内。,倡导轻户外，周末常带家人自驾野营或山系徒步，注重生活情调与手作咖啡。,名下持有一套旧两居，置换回款 65% + 个人理财储蓄补充 + 公积金商业贷,重性价比，不盲信大牌，但要求物业管理有序、绿化修剪及时、人防技防规范。,常年本地稳定居住，工作日职住通勤动线规则单一。
上_1997_00201,上海,1997,本地改善,40,男,0.3,3.1,0.45,5.1,4,2,是,B,agent,0.74,0.47,0.58,0.39,0.47,0.88,0.58,0.69,0.76,自住-改善,两室一厅,57,579,邮政局局长秘书,二胎黄金期中大户型,上海中环品质两居，车位及空间极其拥挤,小区无地下车库且人车不分流，小孩在楼下玩耍或者推婴儿车极为不安全。,讲究超高得房率（超85%），主卧套房必须配备独立步入式衣帽间与干湿分离双卫。,主要在陆家嘴/徐家汇CBD上班，首选地铁2/9号线沿线，通勤半小时内。,倡导轻户外，周末常带家人自驾野营或山系徒步，注重生活情调与手作咖啡。,名下持有一套旧两居，置换回款 65% + 个人理财储蓄补充 + 公积金商业贷,非仁恒、绿城、万科等金牌开发商不买，极度看重高端精装质量与顶级物业的增值口碑。,常年本地稳定居住，工作日职住通勤动线规则单一。
上_1997_00202,上海,1997,金融精英,37,女,1.1,6.2,0.4,11.7,3,1,否,A,research,0.99,0.47,0.57,0.53,0.79,0.8,0.55,0.79,0.79,自住-首套,一室一厅,99,649,老牌证券公司营业部经理,三口之家(幼龄段),西湖边高精平层,无高端私密会所及管家式物业配套，圈层鱼龙混杂，高净值居住体验差。,讲究超高得房率（超85%），主卧套房必须配备独立步入式衣帽间与干湿分离双卫。,主要在陆家嘴/徐家汇CBD上班，首选地铁2/9号线沿线，通勤半小时内。,周末常去高端商圈消费，热衷打网球和马术，重度手冲咖啡及黑胶唱片发烧友。,夫妻双方积蓄 + 双方父母出资赞助首付 + 公积金商业组合贷款,非仁恒、绿城、万科等金牌开发商不买，极度看重高端精装质量与顶级物业的增值口碑。,常年本地稳定居住，工作日职住通勤动线规则单一。
上_1997_00203,上海,1997,本地改善,44,女,0.6,7.1,0.45,11.8,4,2,否,B,agent,0.62,0.5,0.51,0.27,0.53,0.83,0.62,0.82,0.72,自住-改善,两室一厅,89,958,市第二中学地理教师,二胎黄金期中大户型,上海中环品质两居，车位及空间极其拥挤,小区无地下车库且人车不分流，小孩在楼下玩耍或者推婴儿车极为不安全。,讲究超高得房率（超85%），主卧套房必须配备独立步入式衣帽间与干湿分离双卫。,主要在陆家嘴/徐家汇CBD上班，首选地铁2/9号线沿线，通勤半小时内。,倡导轻户外，周末常带家人自驾野营或山系徒步，注重生活情调与手作咖啡。,名下持有一套旧两居，置换回款 65% + 个人理财储蓄补充 + 公积金商业贷,非仁恒、绿城、万科等金牌开发商不买，极度看重高端精装质量与顶级物业的增值口碑。,常年本地稳定居住，工作日职住通勤动线规则单一。
上_1997_00204,上海,1997,长三角家庭,40,女,0.4,2.3,0.45,3.9,5,2,是,B,agent,0.58,0.58,0.59,0.5,0.56,0.96,0.4,0.91,0.64,自住-首套,两室一厅,83,250,国企车间技术主任,二胎黄金期中大户型,上海中环品质两居，车位及空间极其拥挤,小区无地下车库且人车不分流，小孩在楼下玩耍或者推婴儿车极为不安全。,讲究超高得房率（超85%），主卧套房必须配备独立步入式衣帽间与干湿分离双卫。,主要在陆家嘴/徐家汇CBD上班，首选地铁2/9号线沿线，通勤半小时内。,倡导轻户外，周末常带家人自驾野营或山系徒步，注重生活情调与手作咖啡。,夫妻双方积蓄 + 双方父母出资赞助首付 + 公积金商业组合贷款,重性价比，不盲信大牌，但要求物业管理有序、绿化修剪及时、人防技防规范。,常年本地稳定居住，工作日职住通勤动线规则单一。
上_1997_00205,上海,1997,金融精英,37,男,1.4,10.1,0.4,18.9,3,2,否,A,research,0.65,0.5,0.54,0.63,0.86,0.74,0.7,0.91,0.83,自住-首套,一室一厅,81,2043,商业银行支行信贷科长,二胎黄金期中大户型,市中心私密洋房住宅,无高端私密会所及管家式物业配套，圈层鱼龙混杂，高净值居住体验差。,讲究超高得房率（超85%），主卧套房必须配备独立步入式衣帽间与干湿分离双卫。,主要在陆家嘴/徐家汇CBD上班，首选地铁2/9号线沿线，通勤半小时内。,周末常去高端商圈消费，热衷打网球和马术，重度手冲咖啡及黑胶唱片发烧友。,夫妻双方积蓄 + 双方父母出资赞助首付 + 公积金商业组合贷款,非仁恒、绿城、万科等金牌开发商不买，极度看重高端精装质量与顶级物业的增值口碑。,常年本地稳定居住，工作日职住通勤动线规则单一。
上_1997_00206,上海,1997,金融精英,46,女,1.1,10.4,0.4,19.4,2,1,是,A,research,0.7,0.51,0.61,0.57,0.78,0.67,0.8,0.64,0.9,自住-首套,两室两厅,85,1950,商业银行支行信贷科长,三口之家(学龄段),市中心私密洋房住宅,当前房屋属于旧多层无电梯房，父母年纪渐高每天爬楼梯极为吃力。,要求采光通透，全明户型，带多功能嵌入式收纳墙以最大化空间利用。,主要在陆家嘴/徐家汇CBD上班，首选地铁2/9号线沿线，通勤半小时内。,周末常去高端商圈消费，热衷打网球和马术，重度手冲咖啡及黑胶唱片发烧友。,夫妻双方积蓄 + 双方父母出资赞助首付 + 公积金商业组合贷款,非仁恒、绿城、万科等金牌开发商不买，极度看重高端精装质量与顶级物业的增值口碑。,常年本地稳定居住，工作日职住通勤动线规则单一。
上_1997_00207,上海,1997,本地改善,42,男,0.7,7.2,0.45,12.0,3,2,否,B,agent,0.83,0.56,0.49,0.58,0.57,0.8,0.58,0.76,0.69,自住-改善,一室一厅,85,1186,区财政局科员,二胎黄金期中大户型,上海中环品质两居，车位及空间极其拥挤,小区无地下车库且人车不分流，小孩在楼下玩耍或者推婴儿车极为不安全。,讲究超高得房率（超85%），主卧套房必须配备独立步入式衣帽间与干湿分离双卫。,主要在陆家嘴/徐家汇CBD上班，首选地铁2/9号线沿线，通勤半小时内。,倡导轻户外，周末常带家人自驾野营或山系徒步，注重生活情调与手作咖啡。,名下持有一套旧两居，置换回款 65% + 个人理财储蓄补充 + 公积金商业贷,重性价比，不盲信大牌，但要求物业管理有序、绿化修剪及时、人防技防规范。,常年本地稳定居住，工作日职住通勤动线规则单一。
上_1997_00208,上海,1997,本地改善,40,男,0.4,3.5,0.45,5.8,4,2,否,B,agent,0.69,0.52,0.59,0.47,0.4,0.79,0.59,0.62,0.54,自住-改善,两室两厅,75,415,区财政局科员,二胎黄金期中大户型,上海中环品质两居，车位及空间极其拥挤,小区无地下车库且人车不分流，小孩在楼下玩耍或者推婴儿车极为不安全。,讲究超高得房率（超85%），主卧套房必须配备独立步入式衣帽间与干湿分离双卫。,主要在陆家嘴/徐家汇CBD上班，首选地铁2/9号线沿线，通勤半小时内。,倡导轻户外，周末常带家人自驾野营或山系徒步，注重生活情调与手作咖啡。,名下持有一套旧两居，置换回款 65% + 个人理财储蓄补充 + 公积金商业贷,重性价比，不盲信大牌，但要求物业管理有序、绿化修剪及时、人防技防规范。,常年本地稳定居住，工作日职住通勤动线规则单一。
上_1997_00209,上海,1997,教育型买房,40,男,0.4,3.4,0.4,6.4,4,1,否,B,social,0.78,0.47,0.47,0.47,0.62,0.56,0.68,0.91,0.7,学区房,两室一厅,89,470,国企车间技术主任,三口之家(学龄段),上海中环品质两居，车位及空间极其拥挤,小区无地下车库且人车不分流，小孩在楼下玩耍或者推婴儿车极为不安全。,核心要求地块属于第一梯队名校学区，且周边500米内解决幼小衔接教育配套。,主要在陆家嘴/徐家汇CBD上班，首选地铁2/9号线沿线，通勤半小时内。,倡导轻户外，周末常带家人自驾野营或山系徒步，注重生活情调与手作咖啡。,名下持有一套旧两居，置换回款 65% + 个人理财储蓄补充 + 公积金商业贷,非仁恒、绿城、万科等金牌开发商不买，极度看重高端精装质量与顶级物业的增值口碑。,常年本地稳定居住，工作日职住通勤动线规则单一。
上_1997_00210,上海,1997,长三角家庭,38,女,0.7,4.8,0.45,8.0,3,2,否,B,agent,0.86,0.45,0.7,0.5,0.7,0.79,0.54,0.9,0.59,自住-改善,两室两厅,94,610,国企车间技术主任,二胎黄金期中大户型,上海中环品质两居，车位及空间极其拥挤,小区无地下车库且人车不分流，小孩在楼下玩耍或者推婴儿车极为不安全。,要求有超大面宽南向双阳台（观景家政分离），主卧大飘窗能270度直面自然景观。,主要在陆家嘴/徐家汇CBD上班，首选地铁2/9号线沿线，通勤半小时内。,倡导轻户外，周末常带家人自驾野营或山系徒步，注重生活情调与手作咖啡。,名下持有一套旧两居，置换回款 65% + 个人理财储蓄补充 + 公积金商业贷,重性价比，不盲信大牌，但要求物业管理有序、绿化修剪及时、人防技防规范。,常年本地稳定居住，工作日职住通勤动线规则单一。
上_1997_00211,上海,1997,本地改善,44,女,0.3,2.5,0.45,4.2,5,2,是,B,agent,0.91,0.49,0.58,0.6,0.51,0.76,0.66,0.69,0.53,自住-改善,两室两厅,95,291,国企车间技术主任,二胎黄金期中大户型,上海中环品质两居，车位及空间极其拥挤,小区无地下车库且人车不分流，小孩在楼下玩耍或者推婴儿车极为不安全。,讲究超高得房率（超85%），主卧套房必须配备独立步入式衣帽间与干湿分离双卫。,主要在陆家嘴/徐家汇CBD上班，首选地铁2/9号线沿线，通勤半小时内。,倡导轻户外，周末常带家人自驾野营或山系徒步，注重生活情调与手作咖啡。,名下持有一套旧两居，置换回款 65% + 个人理财储蓄补充 + 公积金商业贷,重性价比，不盲信大牌，但要求物业管理有序、绿化修剪及时、人防技防规范。,常年本地稳定居住，工作日职住通勤动线规则单一。
上_1997_00212,上海,1997,本地改善,45,男,0.4,3.2,0.45,5.3,4,2,是,B,agent,0.83,0.62,0.54,0.49,0.54,0.74,0.56,0.6,0.72,自住-改善,两室两厅,88,534,国企车间技术主任,二胎黄金期中大户型,上海中环品质两居，车位及空间极其拥挤,小区无地下车库且人车不分流，小孩在楼下玩耍或者推婴儿车极为不安全。,讲究超高得房率（超85%），主卧套房必须配备独立步入式衣帽间与干湿分离双卫。,主要在陆家嘴/徐家汇CBD上班，首选地铁2/9号线沿线，通勤半小时内。,倡导轻户外，周末常带家人自驾野营或山系徒步，注重生活情调与手作咖啡。,名下持有一套旧两居，置换回款 65% + 个人理财储蓄补充 + 公积金商业贷,非仁恒、绿城、万科等金牌开发商不买，极度看重高端精装质量与顶级物业的增值口碑。,常年本地稳定居住，工作日职住通勤动线规则单一。
上_1997_00213,上海,1997,金融精英,37,女,0.7,4.1,0.4,7.7,3,2,是,A,research,0.63,0.48,0.57,0.79,0.8,0.87,0.64,0.81,0.84,自住-首套,两室两厅,78,536,商业银行支行信贷科长,二胎黄金期中大户型,陆家嘴核心区江景大平层,当前房屋属于旧多层无电梯房，父母年纪渐高每天爬楼梯极为吃力。,要求独立电梯入户，主次卧动线分明，配备独立保姆房和私密后院。,主要在陆家嘴/徐家汇CBD上班，首选地铁2/9号线沿线，通勤半小时内。,周末常去高端商圈消费，热衷打网球和马术，重度手冲咖啡及黑胶唱片发烧友。,夫妻双方积蓄 + 双方父母出资赞助首付 + 公积金商业组合贷款,非仁恒、绿城、万科等金牌开发商不买，极度看重高端精装质量与顶级物业的增值口碑。,常年本地稳定居住，工作日职住通勤动线规则单一。
上_1997_00214,上海,1997,教育型买房,38,女,0.4,2.9,0.4,5.5,3,1,是,B,social,1,0.6,0.37,0.34,0.52,0.62,0.54,0.87,0.44,学区房,一室一厅,84,523,区财政局科员,三口之家(学龄段),上海中环品质两居，车位及空间极其拥挤,小区无地下车库且人车不分流，小孩在楼下玩耍或者推婴儿车极为不安全。,核心要求地块属于第一梯队名校学区，且周边500米内解决幼小衔接教育配套。,主要在陆家嘴/徐家汇CBD上班，首选地铁2/9号线沿线，通勤半小时内。,倡导轻户外，周末常带家人自驾野营或山系徒步，注重生活情调与手作咖啡。,名下持有一套旧两居，置换回款 65% + 个人理财储蓄补充 + 公积金商业贷,重性价比，不盲信大牌，但要求物业管理有序、绿化修剪及时、人防技防规范。,常年本地稳定居住，工作日职住通勤动线规则单一。
上_1997_00215,上海,1997,长三角家庭,47,男,0.4,3.1,0.45,5.2,4,2,是,B,agent,0.76,0.55,0.65,0.51,0.5,0.81,0.49,0.68,0.53,自住-首套,两室两厅,86,346,邮政局局长秘书,二胎黄金期中大户型,上海中环品质两居，车位及空间极其拥挤,小区无地下车库且人车不分流，小孩在楼下玩耍或者推婴儿车极为不安全。,讲究超高得房率（超85%），主卧套房必须配备独立步入式衣帽间与干湿分离双卫。,主要在陆家嘴/徐家汇CBD上班，首选地铁2/9号线沿线，通勤半小时内。,倡导轻户外，周末常带家人自驾野营或山系徒步，注重生活情调与手作咖啡。,夫妻双方积蓄 + 双方父母出资赞助首付 + 公积金商业组合贷款,重性价比，不盲信大牌，但要求物业管理有序、绿化修剪及时、人防技防规范。,常年本地稳定居住，工作日职住通勤动线规则单一。
上_1997_00216,上海,1997,教育型买房,45,女,0.9,7.4,0.4,13.8,4,0,否,B,social,0.79,0.57,0.39,0.49,0.7,0.71,0.52,0.96,0.55,学区房,两室一厅,92,1073,国企车间技术主任,成熟期核心家庭,上海中环品质两居，车位及空间极其拥挤,老小区隔音差，邻里滋扰严重，且车位严重匮乏，每晚加班回来抢车位像打仗。,讲究超高得房率（超85%），主卧套房必须配备独立步入式衣帽间与干湿分离双卫。,主要在陆家嘴/徐家汇CBD上班，首选地铁2/9号线沿线，通勤半小时内。,倡导轻户外，周末常带家人自驾野营或山系徒步，注重生活情调与手作咖啡。,名下持有一套旧两居，置换回款 65% + 个人理财储蓄补充 + 公积金商业贷,重性价比，不盲信大牌，但要求物业管理有序、绿化修剪及时、人防技防规范。,常年本地稳定居住，工作日职住通勤动线规则单一。
上_1997_00217,上海,1997,教育型买房,43,男,0.7,6.5,0.4,12.2,3,1,否,B,social,1,0.6,0.35,0.51,0.58,0.75,0.58,1,0.72,学区房,一室一厅,84,1270,邮政局局长秘书,三口之家(学龄段),上海中环品质两居，车位及空间极其拥挤,小区无地下车库且人车不分流，小孩在楼下玩耍或者推婴儿车极为不安全。,讲究超高得房率（超85%），主卧套房必须配备独立步入式衣帽间与干湿分离双卫。,主要在陆家嘴/徐家汇CBD上班，首选地铁2/9号线沿线，通勤半小时内。,倡导轻户外，周末常带家人自驾野营或山系徒步，注重生活情调与手作咖啡。,名下持有一套旧两居，置换回款 65% + 个人理财储蓄补充 + 公积金商业贷,非仁恒、绿城、万科等金牌开发商不买，极度看重高端精装质量与顶级物业的增值口碑。,常年本地稳定居住，工作日职住通勤动线规则单一。
上_1997_00218,上海,1997,长三角家庭,53,男,0.3,3.0,0.45,5.1,5,2,否,B,agent,0.83,0.61,0.49,0.61,0.54,0.88,0.56,0.65,0.58,自住-首套,一室一厅,56,604,区财政局科员,二胎黄金期中大户型,上海中环品质两居，车位及空间极其拥挤,小区无地下车库且人车不分流，小孩在楼下玩耍或者推婴儿车极为不安全。,讲究超高得房率（超85%），主卧套房必须配备独立步入式衣帽间与干湿分离双卫。,主要在陆家嘴/徐家汇CBD上班，首选地铁2/9号线沿线，通勤半小时内。,倡导轻户外，周末常带家人自驾野营或山系徒步，注重生活情调与手作咖啡。,夫妻双方积蓄 + 双方父母出资赞助首付 + 公积金商业组合贷款,重性价比，不盲信大牌，但要求物业管理有序、绿化修剪及时、人防技防规范。,常年本地稳定居住，工作日职住通勤动线规则单一。
上_1997_00219,上海,1997,金融精英,48,男,1.0,9.0,0.4,16.9,3,0,是,A,research,0.62,0.4,0.6,0.57,0.83,0.76,0.76,0.77,0.76,自住-首套,两室两厅,63,2084,商业银行支行信贷科长,成熟期核心家庭,陆家嘴核心区江景大平层,当前房屋属于旧多层无电梯房，父母年纪渐高每天爬楼梯极为吃力。,讲究超高得房率（超85%），主卧套房必须配备独立步入式衣帽间与干湿分离双卫。,主要在陆家嘴/徐家汇CBD上班，首选地铁2/9号线沿线，通勤半小时内。,周末常去高端商圈消费，热衷打网球和马术，重度手冲咖啡及黑胶唱片发烧友。,夫妻双方积蓄 + 双方父母出资赞助首付 + 公积金商业组合贷款,非仁恒、绿城、万科等金牌开发商不买，极度看重高端精装质量与顶级物业的增值口碑。,常年本地稳定居住，工作日职住通勤动线规则单一。
上_1997_00220,上海,1997,外籍海归,34,女,0.7,4.7,0.4,8.8,3,0,否,A,social,0.66,0.56,0.53,0.53,0.82,0.64,0.65,0.83,0.66,自住-首套,两室两厅,97,482,外企驻沪办事处代表,新婚过渡两居,西湖边高精平层,无高端私密会所及管家式物业配套，圈层鱼龙混杂，高净值居住体验差。,核心要求地块属于第一梯队名校学区，且周边500米内解决幼小衔接教育配套。,主要在陆家嘴/徐家汇CBD上班，首选地铁2/9号线沿线，通勤半小时内。,周末常去高端商圈消费，热衷打网球和马术，重度手冲咖啡及黑胶唱片发烧友。,夫妻双方积蓄 + 双方父母出资赞助首付 + 公积金商业组合贷款,重性价比，不盲信大牌，但要求物业管理有序、绿化修剪及时、人防技防规范。,常年本地稳定居住，工作日职住通勤动线规则单一。
上_1997_00221,上海,1997,本地改善,53,男,0.5,5.6,0.45,9.4,4,1,否,B,agent,0.77,0.55,0.49,0.41,0.57,0.89,0.65,0.78,0.65,自住-改善,两室一厅,71,982,国企车间技术主任,三口之家(学龄段),上海中环品质两居，车位及空间极其拥挤,小区无地下车库且人车不分流，小孩在楼下玩耍或者推婴儿车极为不安全。,讲究超高得房率（超85%），主卧套房必须配备独立步入式衣帽间与干湿分离双卫。,主要在陆家嘴/徐家汇CBD上班，首选地铁2/9号线沿线，通勤半小时内。,倡导轻户外，周末常带家人自驾野营或山系徒步，注重生活情调与手作咖啡。,名下持有一套旧两居，置换回款 65% + 个人理财储蓄补充 + 公积金商业贷,重性价比，不盲信大牌，但要求物业管理有序、绿化修剪及时、人防技防规范。,常年本地稳定居住，工作日职住通勤动线规则单一。
上_1997_00222,上海,1997,本地改善,49,女,0.4,3.5,0.45,5.9,5,2,否,B,agent,0.88,0.42,0.68,0.6,0.63,0.79,0.75,0.73,0.65,自住-改善,两室两厅,96,347,国企车间技术主任,二胎黄金期中大户型,上海中环品质两居，车位及空间极其拥挤,小区无地下车库且人车不分流，小孩在楼下玩耍或者推婴儿车极为不安全。,讲究超高得房率（超85%），主卧套房必须配备独立步入式衣帽间与干湿分离双卫。,主要在陆家嘴/徐家汇CBD上班，首选地铁2/9号线沿线，通勤半小时内。,倡导轻户外，周末常带家人自驾野营或山系徒步，注重生活情调与手作咖啡。,名下持有一套旧两居，置换回款 65% + 个人理财储蓄补充 + 公积金商业贷,重性价比，不盲信大牌，但要求物业管理有序、绿化修剪及时、人防技防规范。,常年本地稳定居住，工作日职住通勤动线规则单一。
上_1997_00223,上海,1997,本地改善,50,女,0.4,3.2,0.45,5.4,4,1,否,B,agent,0.66,0.35,0.41,0.59,0.48,0.76,0.67,0.49,0.48,自住-改善,一室一厅,80,577,国企车间技术主任,三口之家(学龄段),上海中环品质两居，车位及空间极其拥挤,小区无地下车库且人车不分流，小孩在楼下玩耍或者推婴儿车极为不安全。,讲究超高得房率（超85%），主卧套房必须配备独立步入式衣帽间与干湿分离双卫。,主要在陆家嘴/徐家汇CBD上班，首选地铁2/9号线沿线，通勤半小时内。,倡导轻户外，周末常带家人自驾野营或山系徒步，注重生活情调与手作咖啡。,名下持有一套旧两居，置换回款 65% + 个人理财储蓄补充 + 公积金商业贷,重性价比，不盲信大牌，但要求物业管理有序、绿化修剪及时、人防技防规范。,常年本地稳定居住，工作日职住通勤动线规则单一。
上_1997_00224,上海,1997,本地改善,54,男,0.3,2.7,0.45,4.4,4,2,是,B,agent,0.91,0.37,0.58,0.39,0.5,0.73,0.58,0.7,0.52,自住-改善,两室一厅,93,371,区财政局科员,二胎黄金期中大户型,上海中环品质两居，车位及空间极其拥挤,小区无地下车库且人车不分流，小孩在楼下玩耍或者推婴儿车极为不安全。,讲究超高得房率（超85%），主卧套房必须配备独立步入式衣帽间与干湿分离双卫。,主要在陆家嘴/徐家汇CBD上班，首选地铁2/9号线沿线，通勤半小时内。,倡导轻户外，周末常带家人自驾野营或山系徒步，注重生活情调与手作咖啡。,名下持有一套旧两居，置换回款 65% + 个人理财储蓄补充 + 公积金商业贷,重性价比，不盲信大牌，但要求物业管理有序、绿化修剪及时、人防技防规范。,常年本地稳定居住，工作日职住通勤动线规则单一。
上_1997_00225,上海,1997,教育型买房,39,女,0.5,3.0,0.4,5.7,2,0,否,B,social,1,0.47,0.42,0.38,0.61,0.68,0.51,1,0.78,学区房,两室一厅,74,549,国企车间技术主任,成熟期核心家庭,上海中环品质两居，车位及空间极其拥挤,老小区隔音差，邻里滋扰严重，且车位严重匮乏，每晚加班回来抢车位像打仗。,核心要求地块属于第一梯队名校学区，且周边500米内解决幼小衔接教育配套。,主要在陆家嘴/徐家汇CBD上班，首选地铁2/9号线沿线，通勤半小时内。,倡导轻户外，周末常带家人自驾野营或山系徒步，注重生活情调与手作咖啡。,名下持有一套旧两居，置换回款 65% + 个人理财储蓄补充 + 公积金商业贷,非仁恒、绿城、万科等金牌开发商不买，极度看重高端精装质量与顶级物业的增值口碑。,常年本地稳定居住，工作日职住通勤动线规则单一。
上_1997_00226,上海,1997,本地改善,58,女,0.4,4.8,0.45,8.0,4,2,是,B,agent,0.96,0.44,0.63,0.63,0.47,0.96,0.74,0.62,0.47,自住-改善,一室一厅,58,1087,区财政局科员,二胎黄金期中大户型,上海中环品质两居，车位及空间极其拥挤,小区无地下车库且人车不分流，小孩在楼下玩耍或者推婴儿车极为不安全。,讲究超高得房率（超85%），主卧套房必须配备独立步入式衣帽间与干湿分离双卫。,主要在陆家嘴/徐家汇CBD上班，首选地铁2/9号线沿线，通勤半小时内。,倡导轻户外，周末常带家人自驾野营或山系徒步，注重生活情调与手作咖啡。,名下持有一套旧两居，置换回款 65% + 个人理财储蓄补充 + 公积金商业贷,重性价比，不盲信大牌，但要求物业管理有序、绿化修剪及时、人防技防规范。,常年本地稳定居住，工作日职住通勤动线规则单一。
上_1997_00227,上海,1997,长三角家庭,52,女,0.3,2.0,0.45,3.3,4,2,否,B,agent,0.57,0.57,0.55,0.53,0.56,0.69,0.38,0.77,0.7,自住-首套,两室两厅,74,387,区财政局科员,二胎黄金期中大户型,上海中环品质两居，车位及空间极其拥挤,小区无地下车库且人车不分流，小孩在楼下玩耍或者推婴儿车极为不安全。,核心要求地块属于第一梯队名校学区，且周边500米内解决幼小衔接教育配套。,主要在陆家嘴/徐家汇CBD上班，首选地铁2/9号线沿线，通勤半小时内。,倡导轻户外，周末常带家人自驾野营或山系徒步，注重生活情调与手作咖啡。,夫妻双方积蓄 + 双方父母出资赞助首付 + 公积金商业组合贷款,非仁恒、绿城、万科等金牌开发商不买，极度看重高端精装质量与顶级物业的增值口碑。,常年本地稳定居住，工作日职住通勤动线规则单一。
上_1997_00228,上海,1997,金融精英,46,女,0.3,1.8,0.4,3.5,4,1,否,A,research,0.82,0.44,0.5,0.63,0.82,0.78,0.68,0.84,0.78,自住-改善,一室一厅,90,215,商业银行支行信贷科长,三口之家(学龄段),市中心私密洋房住宅,无高端私密会所及管家式物业配套，圈层鱼龙混杂，高净值居住体验差。,讲究超高得房率（超85%），主卧套房必须配备独立步入式衣帽间与干湿分离双卫。,主要在陆家嘴/徐家汇CBD上班，首选地铁2/9号线沿线，通勤半小时内。,周末常去高端商圈消费，热衷打网球和马术，重度手冲咖啡及黑胶唱片发烧友。,名下已有企业股权套现或分红现金，一次性全款付清，基本不加杠杆,非仁恒、绿城、万科等金牌开发商不买，极度看重高端精装质量与顶级物业的增值口碑。,常年本地稳定居住，工作日职住通勤动线规则单一。
上_1997_00229,上海,1997,本地改善,45,男,0.6,7.0,0.45,11.6,4,2,否,B,agent,0.93,0.57,0.47,0.44,0.6,0.75,0.55,0.6,0.51,自住-改善,一室一厅,58,1492,市第二中学地理教师,二胎黄金期中大户型,上海中环品质两居，车位及空间极其拥挤,小区无地下车库且人车不分流，小孩在楼下玩耍或者推婴儿车极为不安全。,讲究超高得房率（超85%），主卧套房必须配备独立步入式衣帽间与干湿分离双卫。,主要在陆家嘴/徐家汇CBD上班，首选地铁2/9号线沿线，通勤半小时内。,倡导轻户外，周末常带家人自驾野营或山系徒步，注重生活情调与手作咖啡。,名下持有一套旧两居，置换回款 65% + 个人理财储蓄补充 + 公积金商业贷,重性价比，不盲信大牌，但要求物业管理有序、绿化修剪及时、人防技防规范。,常年本地稳定居住，工作日职住通勤动线规则单一。
上_1997_00230,上海,1997,金融精英,46,女,0.4,2.5,0.4,4.7,2,1,是,A,research,0.77,0.55,0.72,0.48,0.7,0.78,0.55,0.64,0.79,自住-改善,两室两厅,84,414,老牌证券公司营业部经理,三口之家(学龄段),西湖边高精平层,当前房屋属于旧多层无电梯房，父母年纪渐高每天爬楼梯极为吃力。,要求有超大面宽南向双阳台（观景家政分离），主卧大飘窗能270度直面自然景观。,主要在陆家嘴/徐家汇CBD上班，首选地铁2/9号线沿线，通勤半小时内。,周末常去高端商圈消费，热衷打网球和马术，重度手冲咖啡及黑胶唱片发烧友。,名下已有企业股权套现或分红现金，一次性全款付清，基本不加杠杆,非仁恒、绿城、万科等金牌开发商不买，极度看重高端精装质量与顶级物业的增值口碑。,常年本地稳定居住，工作日职住通勤动线规则单一。
上_1997_00231,上海,1997,本地改善,53,女,0.3,2.5,0.45,4.1,4,2,否,B,agent,0.67,0.52,0.51,0.54,0.59,0.91,0.67,0.68,0.57,自住-改善,两室一厅,74,462,国企车间技术主任,二胎黄金期中大户型,上海中环品质两居，车位及空间极其拥挤,小区无地下车库且人车不分流，小孩在楼下玩耍或者推婴儿车极为不安全。,讲究超高得房率（超85%），主卧套房必须配备独立步入式衣帽间与干湿分离双卫。,主要在陆家嘴/徐家汇CBD上班，首选地铁2/9号线沿线，通勤半小时内。,倡导轻户外，周末常带家人自驾野营或山系徒步，注重生活情调与手作咖啡。,名下持有一套旧两居，置换回款 65% + 个人理财储蓄补充 + 公积金商业贷,重性价比，不盲信大牌，但要求物业管理有序、绿化修剪及时、人防技防规范。,常年本地稳定居住，工作日职住通勤动线规则单一。
上_1997_00232,上海,1997,本地改善,41,男,0.3,2.6,0.45,4.3,4,2,否,B,agent,0.7,0.33,0.52,0.32,0.64,1,0.52,0.65,0.64,自住-改善,一室一厅,75,334,市第二中学地理教师,二胎黄金期中大户型,上海中环品质两居，车位及空间极其拥挤,小区无地下车库且人车不分流，小孩在楼下玩耍或者推婴儿车极为不安全。,讲究超高得房率（超85%），主卧套房必须配备独立步入式衣帽间与干湿分离双卫。,主要在陆家嘴/徐家汇CBD上班，首选地铁2/9号线沿线，通勤半小时内。,倡导轻户外，周末常带家人自驾野营或山系徒步，注重生活情调与手作咖啡。,名下持有一套旧两居，置换回款 65% + 个人理财储蓄补充 + 公积金商业贷,重性价比，不盲信大牌，但要求物业管理有序、绿化修剪及时、人防技防规范。,常年本地稳定居住，工作日职住通勤动线规则单一。
上_1997_00233,上海,1997,本地改善,57,女,0.5,3.2,0.45,5.3,5,2,否,B,agent,0.58,0.45,0.54,0.3,0.54,0.83,0.7,0.63,0.68,自住-改善,两室两厅,58,666,区财政局科员,二胎黄金期中大户型,上海中环品质两居，车位及空间极其拥挤,小区无地下车库且人车不分流，小孩在楼下玩耍或者推婴儿车极为不安全。,讲究超高得房率（超85%），主卧套房必须配备独立步入式衣帽间与干湿分离双卫。,主要在陆家嘴/徐家汇CBD上班，首选地铁2/9号线沿线，通勤半小时内。,倡导轻户外，周末常带家人自驾野营或山系徒步，注重生活情调与手作咖啡。,名下持有一套旧两居，置换回款 65% + 个人理财储蓄补充 + 公积金商业贷,重性价比，不盲信大牌，但要求物业管理有序、绿化修剪及时、人防技防规范。,常年本地稳定居住，工作日职住通勤动线规则单一。
上_1997_00234,上海,1997,金融精英,36,男,0.7,6.8,0.4,12.7,2,1,否,A,research,0.82,0.51,0.74,0.53,0.79,0.68,0.65,0.8,0.94,自住-首套,两室一厅,50,1580,商业银行支行信贷科长,三口之家(幼龄段),市中心私密洋房住宅,无高端私密会所及管家式物业配套，圈层鱼龙混杂，高净值居住体验差。,要求有超大面宽南向双阳台（观景家政分离），主卧大飘窗能270度直面自然景观。,主要在陆家嘴/徐家汇CBD上班，首选地铁2/9号线沿线，通勤半小时内。,周末常去高端商圈消费，热衷打网球和马术，重度手冲咖啡及黑胶唱片发烧友。,夫妻双方积蓄 + 双方父母出资赞助首付 + 公积金商业组合贷款,非仁恒、绿城、万科等金牌开发商不买，极度看重高端精装质量与顶级物业的增值口碑。,常年本地稳定居住，工作日职住通勤动线规则单一。
上_1997_00235,上海,1997,金融精英,40,女,0.8,5.0,0.4,9.4,2,1,否,A,research,0.51,0.61,0.74,0.7,0.66,0.76,0.77,0.73,0.84,自住-改善,两室一厅,91,612,老牌证券公司营业部经理,三口之家(学龄段),市中心私密洋房住宅,无高端私密会所及管家式物业配套，圈层鱼龙混杂，高净值居住体验差。,要求独立电梯入户，主次卧动线分明，配备独立保姆房和私密后院。,主要在陆家嘴/徐家汇CBD上班，首选地铁2/9号线沿线，通勤半小时内。,周末常去高端商圈消费，热衷打网球和马术，重度手冲咖啡及黑胶唱片发烧友。,名下已有企业股权套现或分红现金，一次性全款付清，基本不加杠杆,非仁恒、绿城、万科等金牌开发商不买，极度看重高端精装质量与顶级物业的增值口碑。,常年本地稳定居住，工作日职住通勤动线规则单一。
上_1997_00236,上海,1997,长三角家庭,43,女,0.3,2.6,0.45,4.4,4,3,否,B,agent,0.65,0.52,0.62,0.43,0.36,0.63,0.41,0.71,0.61,自住-首套,两室一厅,68,569,国企车间技术主任,二胎黄金期中大户型,上海中环品质两居，车位及空间极其拥挤,小区无地下车库且人车不分流，小孩在楼下玩耍或者推婴儿车极为不安全。,核心要求地块属于第一梯队名校学区，且周边500米内解决幼小衔接教育配套。,主要在陆家嘴/徐家汇CBD上班，首选地铁2/9号线沿线，通勤半小时内。,倡导轻户外，周末常带家人自驾野营或山系徒步，注重生活情调与手作咖啡。,夫妻双方积蓄 + 双方父母出资赞助首付 + 公积金商业组合贷款,重性价比，不盲信大牌，但要求物业管理有序、绿化修剪及时、人防技防规范。,常年本地稳定居住，工作日职住通勤动线规则单一。
上_1997_00237,上海,1997,本地改善,39,男,0.3,3.9,0.45,6.5,4,2,是,B,agent,0.85,0.52,0.53,0.43,0.43,0.87,0.69,0.77,0.44,自住-改善,两室两厅,59,919,邮政局局长秘书,二胎黄金期中大户型,上海中环品质两居，车位及空间极其拥挤,小区无地下车库且人车不分流，小孩在楼下玩耍或者推婴儿车极为不安全。,讲究超高得房率（超85%），主卧套房必须配备独立步入式衣帽间与干湿分离双卫。,主要在陆家嘴/徐家汇CBD上班，首选地铁2/9号线沿线，通勤半小时内。,倡导轻户外，周末常带家人自驾野营或山系徒步，注重生活情调与手作咖啡。,名下持有一套旧两居，置换回款 65% + 个人理财储蓄补充 + 公积金商业贷,重性价比，不盲信大牌，但要求物业管理有序、绿化修剪及时、人防技防规范。,常年本地稳定居住，工作日职住通勤动线规则单一。
上_1997_00238,上海,1997,本地改善,48,男,0.4,4.2,0.45,7.0,5,2,是,B,agent,0.35,0.52,0.55,0.55,0.51,0.84,0.54,0.68,0.63,自住-改善,一室一厅,79,563,市第二中学地理教师,二胎黄金期中大户型,上海中环品质两居，车位及空间极其拥挤,小区无地下车库且人车不分流，小孩在楼下玩耍或者推婴儿车极为不安全。,讲究超高得房率（超85%），主卧套房必须配备独立步入式衣帽间与干湿分离双卫。,主要在陆家嘴/徐家汇CBD上班，首选地铁2/9号线沿线，通勤半小时内。,倡导轻户外，周末常带家人自驾野营或山系徒步，注重生活情调与手作咖啡。,名下持有一套旧两居，置换回款 65% + 个人理财储蓄补充 + 公积金商业贷,重性价比，不盲信大牌，但要求物业管理有序、绿化修剪及时、人防技防规范。,常年本地稳定居住，工作日职住通勤动线规则单一。
上_1997_00239,上海,1997,本地改善,52,女,0.3,3.1,0.45,5.1,3,1,否,B,agent,0.68,0.72,0.51,0.54,0.5,0.9,0.66,0.7,0.64,自住-改善,两室两厅,87,358,区财政局科员,三口之家(学龄段),上海中环品质两居，车位及空间极其拥挤,小区无地下车库且人车不分流，小孩在楼下玩耍或者推婴儿车极为不安全。,讲究超高得房率（超85%），主卧套房必须配备独立步入式衣帽间与干湿分离双卫。,主要在陆家嘴/徐家汇CBD上班，首选地铁2/9号线沿线，通勤半小时内。,倡导轻户外，周末常带家人自驾野营或山系徒步，注重生活情调与手作咖啡。,名下持有一套旧两居，置换回款 65% + 个人理财储蓄补充 + 公积金商业贷,重性价比，不盲信大牌，但要求物业管理有序、绿化修剪及时、人防技防规范。,常年本地稳定居住，工作日职住通勤动线规则单一。
上_1997_00240,上海,1997,本地改善,53,女,0.4,3.4,0.45,5.6,5,2,否,B,agent,0.73,0.56,0.45,0.38,0.6,0.82,0.78,0.66,0.52,自住-改善,一室一厅,81,424,区财政局科员,二胎黄金期中大户型,上海中环品质两居，车位及空间极其拥挤,小区无地下车库且人车不分流，小孩在楼下玩耍或者推婴儿车极为不安全。,讲究超高得房率（超85%），主卧套房必须配备独立步入式衣帽间与干湿分离双卫。,主要在陆家嘴/徐家汇CBD上班，首选地铁2/9号线沿线，通勤半小时内。,倡导轻户外，周末常带家人自驾野营或山系徒步，注重生活情调与手作咖啡。,名下持有一套旧两居，置换回款 65% + 个人理财储蓄补充 + 公积金商业贷,重性价比，不盲信大牌，但要求物业管理有序、绿化修剪及时、人防技防规范。,常年本地稳定居住，工作日职住通勤动线规则单一。
上_1997_00241,上海,1997,外籍海归,35,男,1.0,6.2,0.4,11.7,3,1,否,A,social,0.83,0.5,0.66,0.61,0.8,0.76,0.7,0.79,0.77,自住-首套,两室一厅,88,810,合资日化企业技术主管,三口之家(幼龄段),市中心私密洋房住宅,无高端私密会所及管家式物业配套，圈层鱼龙混杂，高净值居住体验差。,讲究超高得房率（超85%），主卧套房必须配备独立步入式衣帽间与干湿分离双卫。,主要在陆家嘴/徐家汇CBD上班，首选地铁2/9号线沿线，通勤半小时内。,周末常去高端商圈消费，热衷打网球和马术，重度手冲咖啡及黑胶唱片发烧友。,夫妻双方积蓄 + 双方父母出资赞助首付 + 公积金商业组合贷款,非仁恒、绿城、万科等金牌开发商不买，极度看重高端精装质量与顶级物业的增值口碑。,常年本地稳定居住，工作日职住通勤动线规则单一。
上_1997_00242,上海,1997,金融精英,44,男,1.0,7.6,0.4,14.2,2,2,否,A,research,0.76,0.43,0.64,0.59,0.72,0.62,0.73,0.82,0.88,自住-改善,两室一厅,87,1225,申银万国证券分析员,二胎黄金期中大户型,陆家嘴核心区江景大平层,无高端私密会所及管家式物业配套，圈层鱼龙混杂，高净值居住体验差。,核心要求地块属于第一梯队名校学区，且周边500米内解决幼小衔接教育配套。,主要在陆家嘴/徐家汇CBD上班，首选地铁2/9号线沿线，通勤半小时内。,周末常去高端商圈消费，热衷打网球和马术，重度手冲咖啡及黑胶唱片发烧友。,名下已有企业股权套现或分红现金，一次性全款付清，基本不加杠杆,非仁恒、绿城、万科等金牌开发商不买，极度看重高端精装质量与顶级物业的增值口碑。,常年本地稳定居住，工作日职住通勤动线规则单一。
上_1997_00243,上海,1997,教育型买房,48,女,0.5,4.2,0.4,7.8,2,1,否,B,social,0.99,0.54,0.37,0.37,0.56,0.8,0.68,0.9,0.51,学区房,两室两厅,73,836,国企车间技术主任,三口之家(学龄段),上海中环品质两居，车位及空间极其拥挤,小区无地下车库且人车不分流，小孩在楼下玩耍或者推婴儿车极为不安全。,讲究超高得房率（超85%），主卧套房必须配备独立步入式衣帽间与干湿分离双卫。,主要在陆家嘴/徐家汇CBD上班，首选地铁2/9号线沿线，通勤半小时内。,倡导轻户外，周末常带家人自驾野营或山系徒步，注重生活情调与手作咖啡。,名下持有一套旧两居，置换回款 65% + 个人理财储蓄补充 + 公积金商业贷,重性价比，不盲信大牌，但要求物业管理有序、绿化修剪及时、人防技防规范。,常年本地稳定居住，工作日职住通勤动线规则单一。
上_1997_00244,上海,1997,本地改善,55,男,0.4,4.9,0.45,8.2,4,2,否,B,agent,0.88,0.48,0.5,0.46,0.7,0.81,0.45,0.63,0.67,自住-改善,一室一厅,72,876,国企车间技术主任,二胎黄金期中大户型,上海中环品质两居，车位及空间极其拥挤,小区无地下车库且人车不分流，小孩在楼下玩耍或者推婴儿车极为不安全。,讲究超高得房率（超85%），主卧套房必须配备独立步入式衣帽间与干湿分离双卫。,主要在陆家嘴/徐家汇CBD上班，首选地铁2/9号线沿线，通勤半小时内。,倡导轻户外，周末常带家人自驾野营或山系徒步，注重生活情调与手作咖啡。,名下持有一套旧两居，置换回款 65% + 个人理财储蓄补充 + 公积金商业贷,重性价比，不盲信大牌，但要求物业管理有序、绿化修剪及时、人防技防规范。,常年本地稳定居住，工作日职住通勤动线规则单一。
上_1997_00245,上海,1997,本地改善,42,男,0.6,6.8,0.45,11.4,6,2,是,B,agent,0.97,0.61,0.71,0.58,0.59,0.8,0.59,0.65,0.51,自住-改善,两室一厅,100,615,国企车间技术主任,二胎黄金期中大户型,上海中环品质两居，车位及空间极其拥挤,小区无地下车库且人车不分流，小孩在楼下玩耍或者推婴儿车极为不安全。,要求有超大面宽南向双阳台（观景家政分离），主卧大飘窗能270度直面自然景观。,主要在陆家嘴/徐家汇CBD上班，首选地铁2/9号线沿线，通勤半小时内。,倡导轻户外，周末常带家人自驾野营或山系徒步，注重生活情调与手作咖啡。,名下持有一套旧两居，置换回款 65% + 个人理财储蓄补充 + 公积金商业贷,重性价比，不盲信大牌，但要求物业管理有序、绿化修剪及时、人防技防规范。,常年本地稳定居住，工作日职住通勤动线规则单一。
上_1997_00246,上海,1997,教育型买房,37,女,0.6,5.8,0.4,11.0,4,1,否,B,social,0.98,0.48,0.4,0.46,0.68,0.63,0.59,1,0.71,学区房,一室一厅,71,1132,区财政局科员,三口之家(幼龄段),上海中环品质两居，车位及空间极其拥挤,小区无地下车库且人车不分流，小孩在楼下玩耍或者推婴儿车极为不安全。,核心要求地块属于第一梯队名校学区，且周边500米内解决幼小衔接教育配套。,主要在陆家嘴/徐家汇CBD上班，首选地铁2/9号线沿线，通勤半小时内。,倡导轻户外，周末常带家人自驾野营或山系徒步，注重生活情调与手作咖啡。,名下持有一套旧两居，置换回款 65% + 个人理财储蓄补充 + 公积金商业贷,非仁恒、绿城、万科等金牌开发商不买，极度看重高端精装质量与顶级物业的增值口碑。,常年本地稳定居住，工作日职住通勤动线规则单一。
上_1997_00247,上海,1997,本地改善,58,男,0.5,6.6,0.45,11.1,3,2,否,B,agent,0.61,0.5,0.42,0.56,0.5,0.99,0.64,0.76,0.54,自住-改善,两室两厅,98,1000,区财政局科员,二胎黄金期中大户型,上海中环品质两居，车位及空间极其拥挤,小区无地下车库且人车不分流，小孩在楼下玩耍或者推婴儿车极为不安全。,讲究超高得房率（超85%），主卧套房必须配备独立步入式衣帽间与干湿分离双卫。,主要在陆家嘴/徐家汇CBD上班，首选地铁2/9号线沿线，通勤半小时内。,倡导轻户外，周末常带家人自驾野营或山系徒步，注重生活情调与手作咖啡。,名下持有一套旧两居，置换回款 65% + 个人理财储蓄补充 + 公积金商业贷,重性价比，不盲信大牌，但要求物业管理有序、绿化修剪及时、人防技防规范。,常年本地稳定居住，工作日职住通勤动线规则单一。
上_1997_00248,上海,1997,本地改善,50,女,0.4,3.2,0.45,5.3,5,3,否,B,agent,0.97,0.52,0.62,0.52,0.61,0.82,0.44,0.81,0.61,自住-改善,两室两厅,80,511,市第二中学地理教师,二胎黄金期中大户型,上海中环品质两居，车位及空间极其拥挤,小区无地下车库且人车不分流，小孩在楼下玩耍或者推婴儿车极为不安全。,讲究超高得房率（超85%），主卧套房必须配备独立步入式衣帽间与干湿分离双卫。,主要在陆家嘴/徐家汇CBD上班，首选地铁2/9号线沿线，通勤半小时内。,倡导轻户外，周末常带家人自驾野营或山系徒步，注重生活情调与手作咖啡。,名下持有一套旧两居，置换回款 65% + 个人理财储蓄补充 + 公积金商业贷,重性价比，不盲信大牌，但要求物业管理有序、绿化修剪及时、人防技防规范。,常年本地稳定居住，工作日职住通勤动线规则单一。
上_1997_00249,上海,1997,本地改善,45,男,0.4,4.2,0.45,7.0,4,2,是,B,agent,0.69,0.43,0.5,0.59,0.43,0.89,0.39,0.65,0.7,自住-改善,两室两厅,51,759,国企车间技术主任,二胎黄金期中大户型,上海中环品质两居，车位及空间极其拥挤,小区无地下车库且人车不分流，小孩在楼下玩耍或者推婴儿车极为不安全。,讲究超高得房率（超85%），主卧套房必须配备独立步入式衣帽间与干湿分离双卫。,主要在陆家嘴/徐家汇CBD上班，首选地铁2/9号线沿线，通勤半小时内。,倡导轻户外，周末常带家人自驾野营或山系徒步，注重生活情调与手作咖啡。,名下持有一套旧两居，置换回款 65% + 个人理财储蓄补充 + 公积金商业贷,非仁恒、绿城、万科等金牌开发商不买，极度看重高端精装质量与顶级物业的增值口碑。,常年本地稳定居住，工作日职住通勤动线规则单一。
上_1997_00250,上海,1997,本地改善,52,男,0.3,3.0,0.45,5.0,4,2,是,B,agent,0.86,0.43,0.52,0.57,0.5,0.92,0.51,0.69,0.66,自住-改善,两室两厅,97,332,邮政局局长秘书,二胎黄金期中大户型,上海中环品质两居，车位及空间极其拥挤,小区无地下车库且人车不分流，小孩在楼下玩耍或者推婴儿车极为不安全。,讲究超高得房率（超85%），主卧套房必须配备独立步入式衣帽间与干湿分离双卫。,主要在陆家嘴/徐家汇CBD上班，首选地铁2/9号线沿线，通勤半小时内。,倡导轻户外，周末常带家人自驾野营或山系徒步，注重生活情调与手作咖啡。,名下持有一套旧两居，置换回款 65% + 个人理财储蓄补充 + 公积金商业贷,重性价比，不盲信大牌，但要求物业管理有序、绿化修剪及时、人防技防规范。,常年本地稳定居住，工作日职住通勤动线规则单一。
上_1997_00251,上海,1997,本地改善,41,男,0.3,2.3,0.45,3.8,4,1,否,B,agent,0.83,0.42,0.58,0.41,0.5,0.8,0.69,0.74,0.56,自住-改善,两室一厅,77,413,区财政局科员,三口之家(学龄段),上海中环品质两居，车位及空间极其拥挤,小区无地下车库且人车不分流，小孩在楼下玩耍或者推婴儿车极为不安全。,讲究超高得房率（超85%），主卧套房必须配备独立步入式衣帽间与干湿分离双卫。,主要在陆家嘴/徐家汇CBD上班，首选地铁2/9号线沿线，通勤半小时内。,倡导轻户外，周末常带家人自驾野营或山系徒步，注重生活情调与手作咖啡。,名下持有一套旧两居，置换回款 65% + 个人理财储蓄补充 + 公积金商业贷,重性价比，不盲信大牌，但要求物业管理有序、绿化修剪及时、人防技防规范。,常年本地稳定居住，工作日职住通勤动线规则单一。
上_1997_00252,上海,1997,教育型买房,40,女,0.5,3.3,0.4,6.2,3,2,是,B,social,0.96,0.48,0.32,0.41,0.6,0.68,0.44,0.93,0.69,学区房,一室一厅,53,889,邮政局局长秘书,二胎黄金期中大户型,上海中环品质两居，车位及空间极其拥挤,小区无地下车库且人车不分流，小孩在楼下玩耍或者推婴儿车极为不安全。,核心要求地块属于第一梯队名校学区，且周边500米内解决幼小衔接教育配套。,主要在陆家嘴/徐家汇CBD上班，首选地铁2/9号线沿线，通勤半小时内。,倡导轻户外，周末常带家人自驾野营或山系徒步，注重生活情调与手作咖啡。,名下持有一套旧两居，置换回款 65% + 个人理财储蓄补充 + 公积金商业贷,重性价比，不盲信大牌，但要求物业管理有序、绿化修剪及时、人防技防规范。,常年本地稳定居住，工作日职住通勤动线规则单一。
上_1997_00253,上海,1997,本地改善,58,女,0.4,3.1,0.45,5.1,4,2,否,B,agent,0.81,0.53,0.49,0.42,0.6,0.93,0.61,0.67,0.64,自住-改善,一室一厅,59,546,国企车间技术主任,二胎黄金期中大户型,上海中环品质两居，车位及空间极其拥挤,小区无地下车库且人车不分流，小孩在楼下玩耍或者推婴儿车极为不安全。,讲究超高得房率（超85%），主卧套房必须配备独立步入式衣帽间与干湿分离双卫。,主要在陆家嘴/徐家汇CBD上班，首选地铁2/9号线沿线，通勤半小时内。,倡导轻户外，周末常带家人自驾野营或山系徒步，注重生活情调与手作咖啡。,名下持有一套旧两居，置换回款 65% + 个人理财储蓄补充 + 公积金商业贷,重性价比，不盲信大牌，但要求物业管理有序、绿化修剪及时、人防技防规范。,常年本地稳定居住，工作日职住通勤动线规则单一。
上_1997_00254,上海,1997,本地改善,43,女,0.5,5.2,0.45,8.7,4,2,是,B,agent,0.71,0.44,0.53,0.68,0.52,0.79,0.62,0.56,0.58,自住-改善,两室一厅,59,958,区财政局科员,二胎黄金期中大户型,上海中环品质两居，车位及空间极其拥挤,小区无地下车库且人车不分流，小孩在楼下玩耍或者推婴儿车极为不安全。,讲究超高得房率（超85%），主卧套房必须配备独立步入式衣帽间与干湿分离双卫。,主要在陆家嘴/徐家汇CBD上班，首选地铁2/9号线沿线，通勤半小时内。,倡导轻户外，周末常带家人自驾野营或山系徒步，注重生活情调与手作咖啡。,名下持有一套旧两居，置换回款 65% + 个人理财储蓄补充 + 公积金商业贷,重性价比，不盲信大牌，但要求物业管理有序、绿化修剪及时、人防技防规范。,常年本地稳定居住，工作日职住通勤动线规则单一。
上_1997_00255,上海,1997,本地改善,39,男,0.5,5.2,0.45,8.7,5,2,否,B,agent,0.68,0.45,0.54,0.47,0.63,0.72,0.59,0.69,0.52,自住-改善,两室一厅,69,1069,市第二中学地理教师,二胎黄金期中大户型,上海中环品质两居，车位及空间极其拥挤,小区无地下车库且人车不分流，小孩在楼下玩耍或者推婴儿车极为不安全。,讲究超高得房率（超85%），主卧套房必须配备独立步入式衣帽间与干湿分离双卫。,主要在陆家嘴/徐家汇CBD上班，首选地铁2/9号线沿线，通勤半小时内。,倡导轻户外，周末常带家人自驾野营或山系徒步，注重生活情调与手作咖啡。,名下持有一套旧两居，置换回款 65% + 个人理财储蓄补充 + 公积金商业贷,重性价比，不盲信大牌，但要求物业管理有序、绿化修剪及时、人防技防规范。,常年本地稳定居住，工作日职住通勤动线规则单一。
上_1997_00256,上海,1997,本地改善,44,女,0.4,4.0,0.45,6.7,4,2,否,B,agent,1,0.58,0.4,0.46,0.5,0.86,0.73,0.49,0.6,自住-改善,两室两厅,90,639,国企车间技术主任,二胎黄金期中大户型,上海中环品质两居，车位及空间极其拥挤,小区无地下车库且人车不分流，小孩在楼下玩耍或者推婴儿车极为不安全。,讲究超高得房率（超85%），主卧套房必须配备独立步入式衣帽间与干湿分离双卫。,主要在陆家嘴/徐家汇CBD上班，首选地铁2/9号线沿线，通勤半小时内。,倡导轻户外，周末常带家人自驾野营或山系徒步，注重生活情调与手作咖啡。,名下持有一套旧两居，置换回款 65% + 个人理财储蓄补充 + 公积金商业贷,重性价比，不盲信大牌，但要求物业管理有序、绿化修剪及时、人防技防规范。,常年本地稳定居住，工作日职住通勤动线规则单一。
上_1997_00257,上海,1997,外籍海归,32,男,0.4,3.5,0.4,6.6,4,1,是,A,social,1,0.42,0.51,0.57,0.93,0.75,0.58,0.79,0.91,自住-首套,两室两厅,74,559,合资日化企业技术主管,三口之家(幼龄段),西湖边高精平层,当前房屋属于旧多层无电梯房，父母年纪渐高每天爬楼梯极为吃力。,讲究超高得房率（超85%），主卧套房必须配备独立步入式衣帽间与干湿分离双卫。,主要在陆家嘴/徐家汇CBD上班，首选地铁2/9号线沿线，通勤半小时内。,周末常去高端商圈消费，热衷打网球和马术，重度手冲咖啡及黑胶唱片发烧友。,夫妻双方积蓄 + 双方父母出资赞助首付 + 公积金商业组合贷款,非仁恒、绿城、万科等金牌开发商不买，极度看重高端精装质量与顶级物业的增值口碑。,常年本地稳定居住，工作日职住通勤动线规则单一。
上_1997_00258,上海,1997,本地改善,49,男,0.5,3.8,0.45,6.3,3,3,是,B,agent,0.72,0.53,0.65,0.4,0.45,0.81,0.57,0.76,0.43,自住-改善,两室一厅,62,852,邮政局局长秘书,二胎黄金期中大户型,上海中环品质两居，车位及空间极其拥挤,小区无地下车库且人车不分流，小孩在楼下玩耍或者推婴儿车极为不安全。,讲究超高得房率（超85%），主卧套房必须配备独立步入式衣帽间与干湿分离双卫。,主要在陆家嘴/徐家汇CBD上班，首选地铁2/9号线沿线，通勤半小时内。,倡导轻户外，周末常带家人自驾野营或山系徒步，注重生活情调与手作咖啡。,名下持有一套旧两居，置换回款 65% + 个人理财储蓄补充 + 公积金商业贷,重性价比，不盲信大牌，但要求物业管理有序、绿化修剪及时、人防技防规范。,常年本地稳定居住，工作日职住通勤动线规则单一。
上_1997_00259,上海,1997,本地改善,49,男,0.4,2.8,0.45,4.7,4,2,否,B,agent,0.67,0.44,0.66,0.49,0.51,1,0.61,0.63,0.74,自住-改善,两室两厅,76,484,国企车间技术主任,二胎黄金期中大户型,上海中环品质两居，车位及空间极其拥挤,小区无地下车库且人车不分流，小孩在楼下玩耍或者推婴儿车极为不安全。,讲究超高得房率（超85%），主卧套房必须配备独立步入式衣帽间与干湿分离双卫。,主要在陆家嘴/徐家汇CBD上班，首选地铁2/9号线沿线，通勤半小时内。,倡导轻户外，周末常带家人自驾野营或山系徒步，注重生活情调与手作咖啡。,名下持有一套旧两居，置换回款 65% + 个人理财储蓄补充 + 公积金商业贷,非仁恒、绿城、万科等金牌开发商不买，极度看重高端精装质量与顶级物业的增值口碑。,常年本地稳定居住，工作日职住通勤动线规则单一。
上_1997_00260,上海,1997,本地改善,44,女,0.4,2.9,0.45,4.8,4,1,否,B,agent,0.88,0.45,0.71,0.29,0.56,0.77,0.56,0.77,0.46,自住-改善,一室一厅,94,408,区财政局科员,三口之家(学龄段),上海中环品质两居，车位及空间极其拥挤,小区无地下车库且人车不分流，小孩在楼下玩耍或者推婴儿车极为不安全。,要求有超大面宽南向双阳台（观景家政分离），主卧大飘窗能270度直面自然景观。,主要在陆家嘴/徐家汇CBD上班，首选地铁2/9号线沿线，通勤半小时内。,倡导轻户外，周末常带家人自驾野营或山系徒步，注重生活情调与手作咖啡。,名下持有一套旧两居，置换回款 65% + 个人理财储蓄补充 + 公积金商业贷,重性价比，不盲信大牌，但要求物业管理有序、绿化修剪及时、人防技防规范。,常年本地稳定居住，工作日职住通勤动线规则单一。
上_1997_00261,上海,1997,长三角家庭,49,女,0.5,2.3,0.45,3.9,4,2,是,B,agent,0.79,0.56,0.64,0.55,0.59,0.78,0.31,0.79,0.55,自住-改善,两室两厅,97,330,国企车间技术主任,二胎黄金期中大户型,上海中环品质两居，车位及空间极其拥挤,小区无地下车库且人车不分流，小孩在楼下玩耍或者推婴儿车极为不安全。,讲究超高得房率（超85%），主卧套房必须配备独立步入式衣帽间与干湿分离双卫。,主要在陆家嘴/徐家汇CBD上班，首选地铁2/9号线沿线，通勤半小时内。,倡导轻户外，周末常带家人自驾野营或山系徒步，注重生活情调与手作咖啡。,名下持有一套旧两居，置换回款 65% + 个人理财储蓄补充 + 公积金商业贷,重性价比，不盲信大牌，但要求物业管理有序、绿化修剪及时、人防技防规范。,常年本地稳定居住，工作日职住通勤动线规则单一。
上_1997_00262,上海,1997,长三角家庭,35,男,0.6,4.7,0.45,7.9,4,2,否,B,agent,0.66,0.58,0.48,0.46,0.45,0.66,0.45,0.78,0.62,自住-首套,两室两厅,55,984,市第二中学地理教师,二胎黄金期中大户型,上海中环品质两居，车位及空间极其拥挤,小区无地下车库且人车不分流，小孩在楼下玩耍或者推婴儿车极为不安全。,核心要求地块属于第一梯队名校学区，且周边500米内解决幼小衔接教育配套。,主要在陆家嘴/徐家汇CBD上班，首选地铁2/9号线沿线，通勤半小时内。,倡导轻户外，周末常带家人自驾野营或山系徒步，注重生活情调与手作咖啡。,夫妻双方积蓄 + 双方父母出资赞助首付 + 公积金商业组合贷款,重性价比，不盲信大牌，但要求物业管理有序、绿化修剪及时、人防技防规范。,常年本地稳定居住，工作日职住通勤动线规则单一。
上_1997_00263,上海,1997,金融精英,34,男,1.2,6.7,0.4,12.5,3,1,否,A,research,0.77,0.36,0.68,0.44,0.76,0.61,0.61,0.82,0.81,自住-首套,一室一厅,99,693,老牌证券公司营业部经理,三口之家(幼龄段),陆家嘴核心区江景大平层,无高端私密会所及管家式物业配套，圈层鱼龙混杂，高净值居住体验差。,核心要求地块属于第一梯队名校学区，且周边500米内解决幼小衔接教育配套。,主要在陆家嘴/徐家汇CBD上班，首选地铁2/9号线沿线，通勤半小时内。,周末常去高端商圈消费，热衷打网球和马术，重度手冲咖啡及黑胶唱片发烧友。,夫妻双方积蓄 + 双方父母出资赞助首付 + 公积金商业组合贷款,非仁恒、绿城、万科等金牌开发商不买，极度看重高端精装质量与顶级物业的增值口碑。,常年本地稳定居住，工作日职住通勤动线规则单一。
上_1997_00264,上海,1997,本地改善,52,女,0.6,7.4,0.45,12.3,4,2,是,B,agent,0.75,0.43,0.57,0.5,0.49,0.9,0.6,0.71,0.6,自住-改善,两室一厅,66,1478,邮政局局长秘书,二胎黄金期中大户型,上海中环品质两居，车位及空间极其拥挤,小区无地下车库且人车不分流，小孩在楼下玩耍或者推婴儿车极为不安全。,讲究超高得房率（超85%），主卧套房必须配备独立步入式衣帽间与干湿分离双卫。,主要在陆家嘴/徐家汇CBD上班，首选地铁2/9号线沿线，通勤半小时内。,倡导轻户外，周末常带家人自驾野营或山系徒步，注重生活情调与手作咖啡。,名下持有一套旧两居，置换回款 65% + 个人理财储蓄补充 + 公积金商业贷,重性价比，不盲信大牌，但要求物业管理有序、绿化修剪及时、人防技防规范。,常年本地稳定居住，工作日职住通勤动线规则单一。
上_1997_00265,上海,1997,本地改善,56,男,0.4,2.9,0.45,4.8,4,2,否,B,agent,0.53,0.44,0.54,0.59,0.48,0.82,0.67,0.67,0.51,自住-改善,一室一厅,52,814,邮政局局长秘书,二胎黄金期中大户型,上海中环品质两居，车位及空间极其拥挤,小区无地下车库且人车不分流，小孩在楼下玩耍或者推婴儿车极为不安全。,讲究超高得房率（超85%），主卧套房必须配备独立步入式衣帽间与干湿分离双卫。,主要在陆家嘴/徐家汇CBD上班，首选地铁2/9号线沿线，通勤半小时内。,倡导轻户外，周末常带家人自驾野营或山系徒步，注重生活情调与手作咖啡。,名下持有一套旧两居，置换回款 65% + 个人理财储蓄补充 + 公积金商业贷,重性价比，不盲信大牌，但要求物业管理有序、绿化修剪及时、人防技防规范。,常年本地稳定居住，工作日职住通勤动线规则单一。
上_1997_00266,上海,1997,金融精英,36,女,0.8,6.3,0.4,11.8,2,1,否,A,research,0.58,0.45,0.6,0.56,0.6,0.72,0.66,0.9,0.81,自住-改善,一室一厅,63,1598,申银万国证券分析员,三口之家(幼龄段),西湖边高精平层,无高端私密会所及管家式物业配套，圈层鱼龙混杂，高净值居住体验差。,讲究超高得房率（超85%），主卧套房必须配备独立步入式衣帽间与干湿分离双卫。,主要在陆家嘴/徐家汇CBD上班，首选地铁2/9号线沿线，通勤半小时内。,周末常去高端商圈消费，热衷打网球和马术，重度手冲咖啡及黑胶唱片发烧友。,名下已有企业股权套现或分红现金，一次性全款付清，基本不加杠杆,非仁恒、绿城、万科等金牌开发商不买，极度看重高端精装质量与顶级物业的增值口碑。,常年本地稳定居住，工作日职住通勤动线规则单一。
上_1997_00267,上海,1997,外籍海归,40,女,0.6,2.9,0.4,5.5,3,1,否,A,social,0.69,0.49,0.54,0.51,0.68,0.65,0.68,0.92,0.75,自住-改善,两室一厅,74,392,合资日化企业技术主管,三口之家(学龄段),陆家嘴核心区江景大平层,无高端私密会所及管家式物业配套，圈层鱼龙混杂，高净值居住体验差。,核心要求地块属于第一梯队名校学区，且周边500米内解决幼小衔接教育配套。,主要在陆家嘴/徐家汇CBD上班，首选地铁2/9号线沿线，通勤半小时内。,周末常去高端商圈消费，热衷打网球和马术，重度手冲咖啡及黑胶唱片发烧友。,名下已有企业股权套现或分红现金，一次性全款付清，基本不加杠杆,非仁恒、绿城、万科等金牌开发商不买，极度看重高端精装质量与顶级物业的增值口碑。,常年本地稳定居住，工作日职住通勤动线规则单一。
上_1997_00268,上海,1997,金融精英,32,女,0.5,3.1,0.4,5.8,3,2,否,A,research,0.86,0.5,0.7,0.73,0.77,0.69,0.68,0.73,0.74,婚房,一室一厅,70,583,商业银行支行信贷科长,二胎黄金期中大户型,市中心私密洋房住宅,无高端私密会所及管家式物业配套，圈层鱼龙混杂，高净值居住体验差。,要求独立电梯入户，主次卧动线分明，配备独立保姆房和私密后院。,主要在陆家嘴/徐家汇CBD上班，首选地铁2/9号线沿线，通勤半小时内。,周末常去高端商圈消费，热衷打网球和马术，重度手冲咖啡及黑胶唱片发烧友。,夫妻双方积蓄 + 双方父母出资赞助首付 + 公积金商业组合贷款,非仁恒、绿城、万科等金牌开发商不买，极度看重高端精装质量与顶级物业的增值口碑。,常年本地稳定居住，工作日职住通勤动线规则单一。
上_1997_00269,上海,1997,本地改善,38,男,0.4,2.9,0.45,4.8,5,2,是,B,agent,0.77,0.51,0.53,0.34,0.73,0.77,0.5,0.8,0.62,自住-改善,两室一厅,63,400,国企车间技术主任,二胎黄金期中大户型,上海中环品质两居，车位及空间极其拥挤,小区无地下车库且人车不分流，小孩在楼下玩耍或者推婴儿车极为不安全。,讲究超高得房率（超85%），主卧套房必须配备独立步入式衣帽间与干湿分离双卫。,主要在陆家嘴/徐家汇CBD上班，首选地铁2/9号线沿线，通勤半小时内。,倡导轻户外，周末常带家人自驾野营或山系徒步，注重生活情调与手作咖啡。,名下持有一套旧两居，置换回款 65% + 个人理财储蓄补充 + 公积金商业贷,重性价比，不盲信大牌，但要求物业管理有序、绿化修剪及时、人防技防规范。,常年本地稳定居住，工作日职住通勤动线规则单一。
上_1997_00270,上海,1997,长三角家庭,53,男,0.5,4.3,0.45,7.1,4,2,是,B,agent,0.79,0.48,0.49,0.43,0.41,1,0.35,0.77,0.66,自住-首套,两室两厅,76,733,国企车间技术主任,二胎黄金期中大户型,上海中环品质两居，车位及空间极其拥挤,小区无地下车库且人车不分流，小孩在楼下玩耍或者推婴儿车极为不安全。,讲究超高得房率（超85%），主卧套房必须配备独立步入式衣帽间与干湿分离双卫。,主要在陆家嘴/徐家汇CBD上班，首选地铁2/9号线沿线，通勤半小时内。,倡导轻户外，周末常带家人自驾野营或山系徒步，注重生活情调与手作咖啡。,夫妻双方积蓄 + 双方父母出资赞助首付 + 公积金商业组合贷款,重性价比，不盲信大牌，但要求物业管理有序、绿化修剪及时、人防技防规范。,常年本地稳定居住，工作日职住通勤动线规则单一。
上_1997_00271,上海,1997,本地改善,43,男,0.5,4.8,0.45,7.9,4,2,是,B,agent,0.75,0.53,0.54,0.41,0.63,0.81,0.55,0.76,0.63,自住-改善,两室一厅,82,719,区财政局科员,二胎黄金期中大户型,上海中环品质两居，车位及空间极其拥挤,小区无地下车库且人车不分流，小孩在楼下玩耍或者推婴儿车极为不安全。,讲究超高得房率（超85%），主卧套房必须配备独立步入式衣帽间与干湿分离双卫。,主要在陆家嘴/徐家汇CBD上班，首选地铁2/9号线沿线，通勤半小时内。,倡导轻户外，周末常带家人自驾野营或山系徒步，注重生活情调与手作咖啡。,名下持有一套旧两居，置换回款 65% + 个人理财储蓄补充 + 公积金商业贷,重性价比，不盲信大牌，但要求物业管理有序、绿化修剪及时、人防技防规范。,常年本地稳定居住，工作日职住通勤动线规则单一。
上_1997_00272,上海,1997,本地改善,46,女,0.3,3.5,0.45,5.9,4,2,是,B,agent,0.7,0.45,0.48,0.42,0.61,1,0.67,0.84,0.6,自住-改善,一室一厅,71,437,邮政局局长秘书,二胎黄金期中大户型,上海中环品质两居，车位及空间极其拥挤,小区无地下车库且人车不分流，小孩在楼下玩耍或者推婴儿车极为不安全。,讲究超高得房率（超85%），主卧套房必须配备独立步入式衣帽间与干湿分离双卫。,主要在陆家嘴/徐家汇CBD上班，首选地铁2/9号线沿线，通勤半小时内。,倡导轻户外，周末常带家人自驾野营或山系徒步，注重生活情调与手作咖啡。,名下持有一套旧两居，置换回款 65% + 个人理财储蓄补充 + 公积金商业贷,重性价比，不盲信大牌，但要求物业管理有序、绿化修剪及时、人防技防规范。,常年本地稳定居住，工作日职住通勤动线规则单一。
上_1997_00273,上海,1997,金融精英,32,男,0.6,3.6,0.4,6.7,3,1,否,A,research,0.76,0.58,0.68,0.69,0.71,0.96,0.67,0.84,0.66,自住-首套,两室一厅,69,578,老牌证券公司营业部经理,三口之家(幼龄段),西湖边高精平层,无高端私密会所及管家式物业配套，圈层鱼龙混杂，高净值居住体验差。,讲究超高得房率（超85%），主卧套房必须配备独立步入式衣帽间与干湿分离双卫。,主要在陆家嘴/徐家汇CBD上班，首选地铁2/9号线沿线，通勤半小时内。,周末常去高端商圈消费，热衷打网球和马术，重度手冲咖啡及黑胶唱片发烧友。,夫妻双方积蓄 + 双方父母出资赞助首付 + 公积金商业组合贷款,重性价比，不盲信大牌，但要求物业管理有序、绿化修剪及时、人防技防规范。,常年本地稳定居住，工作日职住通勤动线规则单一。
上_1997_00274,上海,1997,本地改善,49,女,0.3,2.7,0.45,4.4,5,2,否,B,agent,0.7,0.45,0.45,0.47,0.61,0.86,0.5,0.73,0.69,自住-改善,一室一厅,58,462,国企车间技术主任,二胎黄金期中大户型,上海中环品质两居，车位及空间极其拥挤,小区无地下车库且人车不分流，小孩在楼下玩耍或者推婴儿车极为不安全。,讲究超高得房率（超85%），主卧套房必须配备独立步入式衣帽间与干湿分离双卫。,主要在陆家嘴/徐家汇CBD上班，首选地铁2/9号线沿线，通勤半小时内。,倡导轻户外，周末常带家人自驾野营或山系徒步，注重生活情调与手作咖啡。,名下持有一套旧两居，置换回款 65% + 个人理财储蓄补充 + 公积金商业贷,重性价比，不盲信大牌，但要求物业管理有序、绿化修剪及时、人防技防规范。,常年本地稳定居住，工作日职住通勤动线规则单一。
上_1997_00275,上海,1997,教育型买房,41,男,0.9,8.9,0.4,16.8,3,0,否,B,social,0.96,0.46,0.32,0.42,0.6,0.66,0.68,1,0.66,学区房,两室一厅,80,1585,国企车间技术主任,成熟期核心家庭,上海中环品质两居，车位及空间极其拥挤,老小区隔音差，邻里滋扰严重，且车位严重匮乏，每晚加班回来抢车位像打仗。,核心要求地块属于第一梯队名校学区，且周边500米内解决幼小衔接教育配套。,主要在陆家嘴/徐家汇CBD上班，首选地铁2/9号线沿线，通勤半小时内。,倡导轻户外，周末常带家人自驾野营或山系徒步，注重生活情调与手作咖啡。,名下持有一套旧两居，置换回款 65% + 个人理财储蓄补充 + 公积金商业贷,重性价比，不盲信大牌，但要求物业管理有序、绿化修剪及时、人防技防规范。,常年本地稳定居住，工作日职住通勤动线规则单一。
上_1997_00276,上海,1997,金融精英,43,女,0.3,2.8,0.4,5.3,3,1,否,A,research,0.97,0.38,0.67,0.63,0.75,0.7,0.75,0.84,0.91,自住-改善,一室一厅,94,372,申银万国证券分析员,三口之家(学龄段),陆家嘴核心区江景大平层,无高端私密会所及管家式物业配套，圈层鱼龙混杂，高净值居住体验差。,核心要求地块属于第一梯队名校学区，且周边500米内解决幼小衔接教育配套。,主要在陆家嘴/徐家汇CBD上班，首选地铁2/9号线沿线，通勤半小时内。,周末常去高端商圈消费，热衷打网球和马术，重度手冲咖啡及黑胶唱片发烧友。,名下已有企业股权套现或分红现金，一次性全款付清，基本不加杠杆,非仁恒、绿城、万科等金牌开发商不买，极度看重高端精装质量与顶级物业的增值口碑。,常年本地稳定居住，工作日职住通勤动线规则单一。
上_1997_00277,上海,1997,本地改善,38,女,0.3,3.2,0.45,5.3,4,3,否,B,agent,0.74,0.46,0.43,0.56,0.52,0.97,0.58,0.77,0.65,自住-改善,两室两厅,51,538,区财政局科员,二胎黄金期中大户型,上海中环品质两居，车位及空间极其拥挤,小区无地下车库且人车不分流，小孩在楼下玩耍或者推婴儿车极为不安全。,讲究超高得房率（超85%），主卧套房必须配备独立步入式衣帽间与干湿分离双卫。,主要在陆家嘴/徐家汇CBD上班，首选地铁2/9号线沿线，通勤半小时内。,倡导轻户外，周末常带家人自驾野营或山系徒步，注重生活情调与手作咖啡。,名下持有一套旧两居，置换回款 65% + 个人理财储蓄补充 + 公积金商业贷,重性价比，不盲信大牌，但要求物业管理有序、绿化修剪及时、人防技防规范。,常年本地稳定居住，工作日职住通勤动线规则单一。
上_1997_00278,上海,1997,本地改善,50,男,0.5,5.6,0.45,9.4,2,2,否,B,agent,0.71,0.58,0.5,0.51,0.52,0.69,0.54,0.64,0.63,自住-改善,两室一厅,62,825,邮政局局长秘书,二胎黄金期中大户型,上海中环品质两居，车位及空间极其拥挤,小区无地下车库且人车不分流，小孩在楼下玩耍或者推婴儿车极为不安全。,要求采光通透，全明户型，带多功能嵌入式收纳墙以最大化空间利用。,主要在陆家嘴/徐家汇CBD上班，首选地铁2/9号线沿线，通勤半小时内。,倡导轻户外，周末常带家人自驾野营或山系徒步，注重生活情调与手作咖啡。,名下持有一套旧两居，置换回款 65% + 个人理财储蓄补充 + 公积金商业贷,重性价比，不盲信大牌，但要求物业管理有序、绿化修剪及时、人防技防规范。,常年本地稳定居住，工作日职住通勤动线规则单一。
上_1997_00279,上海,1997,金融精英,50,男,1.2,10.3,0.4,19.2,2,0,否,A,research,0.78,0.37,0.69,0.7,0.86,0.77,0.65,0.99,0.91,自住-首套,一室一厅,88,1208,申银万国证券分析员,成熟期核心家庭,市中心私密洋房住宅,无高端私密会所及管家式物业配套，圈层鱼龙混杂，高净值居住体验差。,要求独立电梯入户，主次卧动线分明，配备独立保姆房和私密后院。,主要在陆家嘴/徐家汇CBD上班，首选地铁2/9号线沿线，通勤半小时内。,周末常去高端商圈消费，热衷打网球和马术，重度手冲咖啡及黑胶唱片发烧友。,夫妻双方积蓄 + 双方父母出资赞助首付 + 公积金商业组合贷款,非仁恒、绿城、万科等金牌开发商不买，极度看重高端精装质量与顶级物业的增值口碑。,常年本地稳定居住，工作日职住通勤动线规则单一。
上_1997_00280,上海,1997,教育型买房,37,女,0.4,4.0,0.4,7.5,4,1,否,B,social,0.7,0.63,0.4,0.32,0.43,0.62,0.63,1,0.57,学区房,两室两厅,65,849,市第二中学地理教师,三口之家(幼龄段),上海中环品质两居，车位及空间极其拥挤,小区无地下车库且人车不分流，小孩在楼下玩耍或者推婴儿车极为不安全。,核心要求地块属于第一梯队名校学区，且周边500米内解决幼小衔接教育配套。,主要在陆家嘴/徐家汇CBD上班，首选地铁2/9号线沿线，通勤半小时内。,倡导轻户外，周末常带家人自驾野营或山系徒步，注重生活情调与手作咖啡。,名下持有一套旧两居，置换回款 65% + 个人理财储蓄补充 + 公积金商业贷,重性价比，不盲信大牌，但要求物业管理有序、绿化修剪及时、人防技防规范。,常年本地稳定居住，工作日职住通勤动线规则单一。
上_1997_00281,上海,1997,长三角家庭,43,女,0.5,3.3,0.45,5.5,4,1,否,B,agent,0.66,0.58,0.56,0.62,0.58,0.68,0.32,0.7,0.61,自住-首套,两室一厅,61,583,市第二中学地理教师,三口之家(学龄段),上海中环品质两居，车位及空间极其拥挤,小区无地下车库且人车不分流，小孩在楼下玩耍或者推婴儿车极为不安全。,要求采光通透，全明户型，带多功能嵌入式收纳墙以最大化空间利用。,主要在陆家嘴/徐家汇CBD上班，首选地铁2/9号线沿线，通勤半小时内。,倡导轻户外，周末常带家人自驾野营或山系徒步，注重生活情调与手作咖啡。,夫妻双方积蓄 + 双方父母出资赞助首付 + 公积金商业组合贷款,重性价比，不盲信大牌，但要求物业管理有序、绿化修剪及时、人防技防规范。,常年本地稳定居住，工作日职住通勤动线规则单一。
上_1997_00282,上海,1997,本地改善,50,女,0.6,4.5,0.45,7.5,4,1,否,B,agent,0.63,0.6,0.56,0.41,0.6,0.84,0.51,0.75,0.64,自住-改善,两室两厅,71,871,市第二中学地理教师,三口之家(学龄段),上海中环品质两居，车位及空间极其拥挤,小区无地下车库且人车不分流，小孩在楼下玩耍或者推婴儿车极为不安全。,讲究超高得房率（超85%），主卧套房必须配备独立步入式衣帽间与干湿分离双卫。,主要在陆家嘴/徐家汇CBD上班，首选地铁2/9号线沿线，通勤半小时内。,倡导轻户外，周末常带家人自驾野营或山系徒步，注重生活情调与手作咖啡。,名下持有一套旧两居，置换回款 65% + 个人理财储蓄补充 + 公积金商业贷,重性价比，不盲信大牌，但要求物业管理有序、绿化修剪及时、人防技防规范。,常年本地稳定居住，工作日职住通勤动线规则单一。
上_1997_00283,上海,1997,本地改善,38,女,0.6,5.8,0.45,9.6,5,2,是,B,agent,0.6,0.51,0.62,0.51,0.47,0.84,0.6,0.63,0.54,自住-改善,两室两厅,55,999,区财政局科员,二胎黄金期中大户型,上海中环品质两居，车位及空间极其拥挤,小区无地下车库且人车不分流，小孩在楼下玩耍或者推婴儿车极为不安全。,讲究超高得房率（超85%），主卧套房必须配备独立步入式衣帽间与干湿分离双卫。,主要在陆家嘴/徐家汇CBD上班，首选地铁2/9号线沿线，通勤半小时内。,倡导轻户外，周末常带家人自驾野营或山系徒步，注重生活情调与手作咖啡。,名下持有一套旧两居，置换回款 65% + 个人理财储蓄补充 + 公积金商业贷,重性价比，不盲信大牌，但要求物业管理有序、绿化修剪及时、人防技防规范。,常年本地稳定居住，工作日职住通勤动线规则单一。
上_1997_00284,上海,1997,金融精英,43,男,0.9,8.5,0.4,16.0,3,1,是,A,research,0.7,0.5,0.57,0.66,0.79,0.76,0.79,0.74,0.82,自住-首套,一室一厅,61,1722,商业银行支行信贷科长,三口之家(学龄段),市中心私密洋房住宅,当前房屋属于旧多层无电梯房，父母年纪渐高每天爬楼梯极为吃力。,讲究超高得房率（超85%），主卧套房必须配备独立步入式衣帽间与干湿分离双卫。,主要在陆家嘴/徐家汇CBD上班，首选地铁2/9号线沿线，通勤半小时内。,周末常去高端商圈消费，热衷打网球和马术，重度手冲咖啡及黑胶唱片发烧友。,夫妻双方积蓄 + 双方父母出资赞助首付 + 公积金商业组合贷款,非仁恒、绿城、万科等金牌开发商不买，极度看重高端精装质量与顶级物业的增值口碑。,常年本地稳定居住，工作日职住通勤动线规则单一。
上_1997_00285,上海,1997,本地改善,49,男,0.7,6.1,0.45,10.2,4,2,否,B,agent,0.62,0.53,0.49,0.53,0.53,0.77,0.59,0.64,0.57,自住-改善,两室一厅,51,1117,国企车间技术主任,二胎黄金期中大户型,上海中环品质两居，车位及空间极其拥挤,小区无地下车库且人车不分流，小孩在楼下玩耍或者推婴儿车极为不安全。,讲究超高得房率（超85%），主卧套房必须配备独立步入式衣帽间与干湿分离双卫。,主要在陆家嘴/徐家汇CBD上班，首选地铁2/9号线沿线，通勤半小时内。,倡导轻户外，周末常带家人自驾野营或山系徒步，注重生活情调与手作咖啡。,名下持有一套旧两居，置换回款 65% + 个人理财储蓄补充 + 公积金商业贷,重性价比，不盲信大牌，但要求物业管理有序、绿化修剪及时、人防技防规范。,常年本地稳定居住，工作日职住通勤动线规则单一。
上_1997_00286,上海,1997,金融精英,33,女,2.0,12.4,0.4,23.3,3,1,否,A,research,1,0.59,0.56,0.75,0.71,0.92,0.7,0.83,0.79,婚房,一室一厅,96,1409,商业银行支行信贷科长,三口之家(幼龄段),市中心私密洋房住宅,无高端私密会所及管家式物业配套，圈层鱼龙混杂，高净值居住体验差。,要求独立电梯入户，主次卧动线分明，配备独立保姆房和私密后院。,主要在陆家嘴/徐家汇CBD上班，首选地铁2/9号线沿线，通勤半小时内。,周末常去高端商圈消费，热衷打网球和马术，重度手冲咖啡及黑胶唱片发烧友。,夫妻双方积蓄 + 双方父母出资赞助首付 + 公积金商业组合贷款,非仁恒、绿城、万科等金牌开发商不买，极度看重高端精装质量与顶级物业的增值口碑。,常年本地稳定居住，工作日职住通勤动线规则单一。
上_1997_00287,上海,1997,金融精英,40,男,0.7,4.5,0.4,8.5,4,1,否,A,research,0.91,0.41,0.66,0.55,0.7,0.61,0.68,0.76,0.84,自住-改善,两室一厅,78,775,老牌证券公司营业部经理,三口之家(学龄段),陆家嘴核心区江景大平层,无高端私密会所及管家式物业配套，圈层鱼龙混杂，高净值居住体验差。,核心要求地块属于第一梯队名校学区，且周边500米内解决幼小衔接教育配套。,主要在陆家嘴/徐家汇CBD上班，首选地铁2/9号线沿线，通勤半小时内。,周末常去高端商圈消费，热衷打网球和马术，重度手冲咖啡及黑胶唱片发烧友。,名下已有企业股权套现或分红现金，一次性全款付清，基本不加杠杆,非仁恒、绿城、万科等金牌开发商不买，极度看重高端精装质量与顶级物业的增值口碑。,常年本地稳定居住，工作日职住通勤动线规则单一。
上_1997_00288,上海,1997,本地改善,38,女,0.3,2.4,0.45,4.0,4,2,否,B,agent,0.88,0.43,0.58,0.41,0.48,0.87,0.53,0.81,0.59,自住-改善,两室一厅,50,406,区财政局科员,二胎黄金期中大户型,上海中环品质两居，车位及空间极其拥挤,小区无地下车库且人车不分流，小孩在楼下玩耍或者推婴儿车极为不安全。,讲究超高得房率（超85%），主卧套房必须配备独立步入式衣帽间与干湿分离双卫。,主要在陆家嘴/徐家汇CBD上班，首选地铁2/9号线沿线，通勤半小时内。,倡导轻户外，周末常带家人自驾野营或山系徒步，注重生活情调与手作咖啡。,名下持有一套旧两居，置换回款 65% + 个人理财储蓄补充 + 公积金商业贷,重性价比，不盲信大牌，但要求物业管理有序、绿化修剪及时、人防技防规范。,常年本地稳定居住，工作日职住通勤动线规则单一。
上_1997_00289,上海,1997,本地改善,38,男,0.3,3.9,0.45,6.5,4,3,否,B,agent,0.61,0.6,0.51,0.46,0.54,0.89,0.73,0.62,0.59,自住-改善,一室一厅,85,405,邮政局局长秘书,二胎黄金期中大户型,上海中环品质两居，车位及空间极其拥挤,小区无地下车库且人车不分流，小孩在楼下玩耍或者推婴儿车极为不安全。,讲究超高得房率（超85%），主卧套房必须配备独立步入式衣帽间与干湿分离双卫。,主要在陆家嘴/徐家汇CBD上班，首选地铁2/9号线沿线，通勤半小时内。,倡导轻户外，周末常带家人自驾野营或山系徒步，注重生活情调与手作咖啡。,名下持有一套旧两居，置换回款 65% + 个人理财储蓄补充 + 公积金商业贷,重性价比，不盲信大牌，但要求物业管理有序、绿化修剪及时、人防技防规范。,常年本地稳定居住，工作日职住通勤动线规则单一。
上_1997_00290,上海,1997,金融精英,50,男,1.2,9.4,0.4,17.7,2,1,否,A,research,1,0.49,0.66,0.59,0.74,0.7,0.7,0.77,0.72,自住-首套,一室一厅,73,1854,商业银行支行信贷科长,三口之家(学龄段),市中心私密洋房住宅,无高端私密会所及管家式物业配套，圈层鱼龙混杂，高净值居住体验差。,讲究超高得房率（超85%），主卧套房必须配备独立步入式衣帽间与干湿分离双卫。,主要在陆家嘴/徐家汇CBD上班，首选地铁2/9号线沿线，通勤半小时内。,周末常去高端商圈消费，热衷打网球和马术，重度手冲咖啡及黑胶唱片发烧友。,夫妻双方积蓄 + 双方父母出资赞助首付 + 公积金商业组合贷款,非仁恒、绿城、万科等金牌开发商不买，极度看重高端精装质量与顶级物业的增值口碑。,常年本地稳定居住，工作日职住通勤动线规则单一。
上_1997_00291,上海,1997,长三角家庭,40,女,0.5,3.6,0.45,6.0,5,2,否,B,agent,0.56,0.62,0.56,0.41,0.5,0.79,0.32,0.58,0.54,自住-改善,两室一厅,82,461,市第二中学地理教师,二胎黄金期中大户型,上海中环品质两居，车位及空间极其拥挤,小区无地下车库且人车不分流，小孩在楼下玩耍或者推婴儿车极为不安全。,讲究超高得房率（超85%），主卧套房必须配备独立步入式衣帽间与干湿分离双卫。,主要在陆家嘴/徐家汇CBD上班，首选地铁2/9号线沿线，通勤半小时内。,倡导轻户外，周末常带家人自驾野营或山系徒步，注重生活情调与手作咖啡。,名下持有一套旧两居，置换回款 65% + 个人理财储蓄补充 + 公积金商业贷,重性价比，不盲信大牌，但要求物业管理有序、绿化修剪及时、人防技防规范。,常年本地稳定居住，工作日职住通勤动线规则单一。
上_1997_00292,上海,1997,外籍海归,30,女,0.9,5.8,0.4,10.8,4,2,否,A,social,0.76,0.67,0.49,0.6,0.8,0.62,0.75,0.86,0.73,婚房,两室一厅,85,977,合资日化企业技术主管,二胎黄金期中大户型,市中心私密洋房住宅,无高端私密会所及管家式物业配套，圈层鱼龙混杂，高净值居住体验差。,核心要求地块属于第一梯队名校学区，且周边500米内解决幼小衔接教育配套。,主要在陆家嘴/徐家汇CBD上班，首选地铁2/9号线沿线，通勤半小时内。,周末常去高端商圈消费，热衷打网球和马术，重度手冲咖啡及黑胶唱片发烧友。,夫妻双方积蓄 + 双方父母出资赞助首付 + 公积金商业组合贷款,非仁恒、绿城、万科等金牌开发商不买，极度看重高端精装质量与顶级物业的增值口碑。,常年本地稳定居住，工作日职住通勤动线规则单一。
上_1997_00293,上海,1997,外籍海归,36,男,0.8,4.0,0.4,7.6,4,1,否,A,social,0.8,0.38,0.64,0.57,0.8,0.8,0.71,0.8,0.75,自住-改善,一室一厅,56,884,合资日化企业技术主管,三口之家(幼龄段),市中心私密洋房住宅,无高端私密会所及管家式物业配套，圈层鱼龙混杂，高净值居住体验差。,讲究超高得房率（超85%），主卧套房必须配备独立步入式衣帽间与干湿分离双卫。,主要在陆家嘴/徐家汇CBD上班，首选地铁2/9号线沿线，通勤半小时内。,周末常去高端商圈消费，热衷打网球和马术，重度手冲咖啡及黑胶唱片发烧友。,名下已有企业股权套现或分红现金，一次性全款付清，基本不加杠杆,非仁恒、绿城、万科等金牌开发商不买，极度看重高端精装质量与顶级物业的增值口碑。,常年本地稳定居住，工作日职住通勤动线规则单一。
上_1997_00294,上海,1997,教育型买房,42,男,0.6,4.9,0.4,9.2,2,0,是,B,social,1,0.54,0.35,0.4,0.54,0.74,0.61,1.0,0.53,学区房,两室两厅,80,618,国企车间技术主任,成熟期核心家庭,上海中环品质两居，车位及空间极其拥挤,当前房屋属于旧多层无电梯房，父母年纪渐高每天爬楼梯极为吃力。,讲究超高得房率（超85%），主卧套房必须配备独立步入式衣帽间与干湿分离双卫。,主要在陆家嘴/徐家汇CBD上班，首选地铁2/9号线沿线，通勤半小时内。,倡导轻户外，周末常带家人自驾野营或山系徒步，注重生活情调与手作咖啡。,名下持有一套旧两居，置换回款 65% + 个人理财储蓄补充 + 公积金商业贷,重性价比，不盲信大牌，但要求物业管理有序、绿化修剪及时、人防技防规范。,常年本地稳定居住，工作日职住通勤动线规则单一。
上_1997_00295,上海,1997,长三角家庭,41,女,0.4,3.3,0.45,5.4,5,2,否,B,agent,0.52,0.53,0.55,0.49,0.57,0.84,0.26,0.6,0.64,自住-改善,两室两厅,100,303,市第二中学地理教师,二胎黄金期中大户型,上海中环品质两居，车位及空间极其拥挤,小区无地下车库且人车不分流，小孩在楼下玩耍或者推婴儿车极为不安全。,讲究超高得房率（超85%），主卧套房必须配备独立步入式衣帽间与干湿分离双卫。,主要在陆家嘴/徐家汇CBD上班，首选地铁2/9号线沿线，通勤半小时内。,倡导轻户外，周末常带家人自驾野营或山系徒步，注重生活情调与手作咖啡。,名下持有一套旧两居，置换回款 65% + 个人理财储蓄补充 + 公积金商业贷,重性价比，不盲信大牌，但要求物业管理有序、绿化修剪及时、人防技防规范。,常年本地稳定居住，工作日职住通勤动线规则单一。
上_1997_00296,上海,1997,教育型买房,45,女,0.7,4.5,0.4,8.4,3,1,是,B,social,0.85,0.49,0.38,0.54,0.58,0.73,0.46,0.97,0.44,学区房,一室一厅,89,778,市第二中学地理教师,三口之家(学龄段),上海中环品质两居，车位及空间极其拥挤,小区无地下车库且人车不分流，小孩在楼下玩耍或者推婴儿车极为不安全。,讲究超高得房率（超85%），主卧套房必须配备独立步入式衣帽间与干湿分离双卫。,主要在陆家嘴/徐家汇CBD上班，首选地铁2/9号线沿线，通勤半小时内。,倡导轻户外，周末常带家人自驾野营或山系徒步，注重生活情调与手作咖啡。,名下持有一套旧两居，置换回款 65% + 个人理财储蓄补充 + 公积金商业贷,重性价比，不盲信大牌，但要求物业管理有序、绿化修剪及时、人防技防规范。,常年本地稳定居住，工作日职住通勤动线规则单一。
上_1997_00297,上海,1997,本地改善,51,女,0.6,4.6,0.45,7.6,4,2,是,B,agent,0.56,0.4,0.52,0.55,0.56,0.8,0.6,0.58,0.64,自住-改善,一室一厅,77,830,邮政局局长秘书,二胎黄金期中大户型,上海中环品质两居，车位及空间极其拥挤,小区无地下车库且人车不分流，小孩在楼下玩耍或者推婴儿车极为不安全。,讲究超高得房率（超85%），主卧套房必须配备独立步入式衣帽间与干湿分离双卫。,主要在陆家嘴/徐家汇CBD上班，首选地铁2/9号线沿线，通勤半小时内。,倡导轻户外，周末常带家人自驾野营或山系徒步，注重生活情调与手作咖啡。,名下持有一套旧两居，置换回款 65% + 个人理财储蓄补充 + 公积金商业贷,重性价比，不盲信大牌，但要求物业管理有序、绿化修剪及时、人防技防规范。,常年本地稳定居住，工作日职住通勤动线规则单一。
上_1997_00298,上海,1997,本地改善,40,男,0.4,3.9,0.45,6.5,4,1,否,B,agent,0.8,0.42,0.61,0.3,0.68,0.94,0.33,0.7,0.68,自住-改善,两室两厅,71,550,区财政局科员,三口之家(学龄段),上海中环品质两居，车位及空间极其拥挤,小区无地下车库且人车不分流，小孩在楼下玩耍或者推婴儿车极为不安全。,讲究超高得房率（超85%），主卧套房必须配备独立步入式衣帽间与干湿分离双卫。,主要在陆家嘴/徐家汇CBD上班，首选地铁2/9号线沿线，通勤半小时内。,倡导轻户外，周末常带家人自驾野营或山系徒步，注重生活情调与手作咖啡。,名下持有一套旧两居，置换回款 65% + 个人理财储蓄补充 + 公积金商业贷,重性价比，不盲信大牌，但要求物业管理有序、绿化修剪及时、人防技防规范。,常年本地稳定居住，工作日职住通勤动线规则单一。
上_1997_00299,上海,1997,教育型买房,45,女,0.8,6.7,0.4,12.5,2,2,否,B,social,1,0.54,0.55,0.31,0.59,0.7,0.55,1,0.71,学区房,两室一厅,81,1083,国企车间技术主任,二胎黄金期中大户型,上海中环品质两居，车位及空间极其拥挤,小区无地下车库且人车不分流，小孩在楼下玩耍或者推婴儿车极为不安全。,讲究超高得房率（超85%），主卧套房必须配备独立步入式衣帽间与干湿分离双卫。,主要在陆家嘴/徐家汇CBD上班，首选地铁2/9号线沿线，通勤半小时内。,倡导轻户外，周末常带家人自驾野营或山系徒步，注重生活情调与手作咖啡。,名下持有一套旧两居，置换回款 65% + 个人理财储蓄补充 + 公积金商业贷,非仁恒、绿城、万科等金牌开发商不买，极度看重高端精装质量与顶级物业的增值口碑。,常年本地稳定居住，工作日职住通勤动线规则单一。
上_1997_00300,上海,1997,本地改善,57,女,0.4,5.1,0.45,8.5,3,2,否,B,agent,0.8,0.61,0.49,0.5,0.44,0.83,0.64,0.71,0.56,自住-改善,一室一厅,87,867,邮政局局长秘书,二胎黄金期中大户型,上海中环品质两居，车位及空间极其拥挤,小区无地下车库且人车不分流，小孩在楼下玩耍或者推婴儿车极为不安全。,讲究超高得房率（超85%），主卧套房必须配备独立步入式衣帽间与干湿分离双卫。,主要在陆家嘴/徐家汇CBD上班，首选地铁2/9号线沿线，通勤半小时内。,倡导轻户外，周末常带家人自驾野营或山系徒步，注重生活情调与手作咖啡。,名下持有一套旧两居，置换回款 65% + 个人理财储蓄补充 + 公积金商业贷,重性价比，不盲信大牌，但要求物业管理有序、绿化修剪及时、人防技防规范。,常年本地稳定居住，工作日职住通勤动线规则单一。
上_1997_00301,上海,1997,本地改善,49,男,0.4,2.8,0.45,4.6,4,2,否,B,agent,0.83,0.46,0.52,0.56,0.6,0.88,0.58,0.73,0.56,自住-改善,两室两厅,80,418,区财政局科员,二胎黄金期中大户型,上海中环品质两居，车位及空间极其拥挤,小区无地下车库且人车不分流，小孩在楼下玩耍或者推婴儿车极为不安全。,讲究超高得房率（超85%），主卧套房必须配备独立步入式衣帽间与干湿分离双卫。,主要在陆家嘴/徐家汇CBD上班，首选地铁2/9号线沿线，通勤半小时内。,倡导轻户外，周末常带家人自驾野营或山系徒步，注重生活情调与手作咖啡。,名下持有一套旧两居，置换回款 65% + 个人理财储蓄补充 + 公积金商业贷,重性价比，不盲信大牌，但要求物业管理有序、绿化修剪及时、人防技防规范。,常年本地稳定居住，工作日职住通勤动线规则单一。
上_1997_00302,上海,1997,教育型买房,38,女,0.4,3.2,0.4,5.9,3,0,否,B,social,1,0.43,0.37,0.45,0.71,0.66,0.49,1,0.63,学区房,一室一厅,55,647,国企车间技术主任,成熟期核心家庭,上海中环品质两居，车位及空间极其拥挤,老小区隔音差，邻里滋扰严重，且车位严重匮乏，每晚加班回来抢车位像打仗。,核心要求地块属于第一梯队名校学区，且周边500米内解决幼小衔接教育配套。,主要在陆家嘴/徐家汇CBD上班，首选地铁2/9号线沿线，通勤半小时内。,倡导轻户外，周末常带家人自驾野营或山系徒步，注重生活情调与手作咖啡。,名下持有一套旧两居，置换回款 65% + 个人理财储蓄补充 + 公积金商业贷,重性价比，不盲信大牌，但要求物业管理有序、绿化修剪及时、人防技防规范。,常年本地稳定居住，工作日职住通勤动线规则单一。
上_1997_00303,上海,1997,本地改善,42,女,0.4,3.8,0.45,6.3,4,2,否,B,agent,0.8,0.39,0.41,0.5,0.63,0.75,0.47,0.71,0.5,自住-改善,一室一厅,77,442,国企车间技术主任,二胎黄金期中大户型,上海中环品质两居，车位及空间极其拥挤,小区无地下车库且人车不分流，小孩在楼下玩耍或者推婴儿车极为不安全。,讲究超高得房率（超85%），主卧套房必须配备独立步入式衣帽间与干湿分离双卫。,主要在陆家嘴/徐家汇CBD上班，首选地铁2/9号线沿线，通勤半小时内。,倡导轻户外，周末常带家人自驾野营或山系徒步，注重生活情调与手作咖啡。,名下持有一套旧两居，置换回款 65% + 个人理财储蓄补充 + 公积金商业贷,重性价比，不盲信大牌，但要求物业管理有序、绿化修剪及时、人防技防规范。,常年本地稳定居住，工作日职住通勤动线规则单一。
上_1997_00304,上海,1997,长三角家庭,53,女,0.5,2.7,0.45,4.6,5,2,否,B,agent,0.35,0.58,0.74,0.57,0.57,0.75,0.36,0.65,0.62,自住-首套,两室一厅,59,549,区财政局科员,二胎黄金期中大户型,上海中环品质两居，车位及空间极其拥挤,小区无地下车库且人车不分流，小孩在楼下玩耍或者推婴儿车极为不安全。,要求有超大面宽南向双阳台（观景家政分离），主卧大飘窗能270度直面自然景观。,主要在陆家嘴/徐家汇CBD上班，首选地铁2/9号线沿线，通勤半小时内。,倡导轻户外，周末常带家人自驾野营或山系徒步，注重生活情调与手作咖啡。,夫妻双方积蓄 + 双方父母出资赞助首付 + 公积金商业组合贷款,重性价比，不盲信大牌，但要求物业管理有序、绿化修剪及时、人防技防规范。,常年本地稳定居住，工作日职住通勤动线规则单一。
上_1997_00305,上海,1997,本地改善,43,男,0.4,3.6,0.45,6.0,4,2,否,B,agent,0.74,0.54,0.57,0.55,0.45,0.91,0.63,0.64,0.59,自住-改善,两室两厅,65,764,邮政局局长秘书,二胎黄金期中大户型,上海中环品质两居，车位及空间极其拥挤,小区无地下车库且人车不分流，小孩在楼下玩耍或者推婴儿车极为不安全。,讲究超高得房率（超85%），主卧套房必须配备独立步入式衣帽间与干湿分离双卫。,主要在陆家嘴/徐家汇CBD上班，首选地铁2/9号线沿线，通勤半小时内。,倡导轻户外，周末常带家人自驾野营或山系徒步，注重生活情调与手作咖啡。,名下持有一套旧两居，置换回款 65% + 个人理财储蓄补充 + 公积金商业贷,重性价比，不盲信大牌，但要求物业管理有序、绿化修剪及时、人防技防规范。,常年本地稳定居住，工作日职住通勤动线规则单一。
上_1997_00306,上海,1997,本地改善,39,女,0.4,5.2,0.45,8.6,3,2,是,B,agent,0.67,0.58,0.55,0.5,0.43,0.99,0.66,0.64,0.66,自住-改善,两室两厅,70,1014,邮政局局长秘书,二胎黄金期中大户型,上海中环品质两居，车位及空间极其拥挤,小区无地下车库且人车不分流，小孩在楼下玩耍或者推婴儿车极为不安全。,讲究超高得房率（超85%），主卧套房必须配备独立步入式衣帽间与干湿分离双卫。,主要在陆家嘴/徐家汇CBD上班，首选地铁2/9号线沿线，通勤半小时内。,倡导轻户外，周末常带家人自驾野营或山系徒步，注重生活情调与手作咖啡。,名下持有一套旧两居，置换回款 65% + 个人理财储蓄补充 + 公积金商业贷,重性价比，不盲信大牌，但要求物业管理有序、绿化修剪及时、人防技防规范。,常年本地稳定居住，工作日职住通勤动线规则单一。
上_1997_00307,上海,1997,长三角家庭,39,女,0.4,2.0,0.45,3.4,4,2,否,B,agent,0.68,0.53,0.55,0.53,0.34,0.86,0.41,0.73,0.56,自住-首套,两室两厅,90,231,市第二中学地理教师,二胎黄金期中大户型,上海中环品质两居，车位及空间极其拥挤,小区无地下车库且人车不分流，小孩在楼下玩耍或者推婴儿车极为不安全。,讲究超高得房率（超85%），主卧套房必须配备独立步入式衣帽间与干湿分离双卫。,主要在陆家嘴/徐家汇CBD上班，首选地铁2/9号线沿线，通勤半小时内。,倡导轻户外，周末常带家人自驾野营或山系徒步，注重生活情调与手作咖啡。,夫妻双方积蓄 + 双方父母出资赞助首付 + 公积金商业组合贷款,重性价比，不盲信大牌，但要求物业管理有序、绿化修剪及时、人防技防规范。,常年本地稳定居住，工作日职住通勤动线规则单一。
上_1997_00308,上海,1997,本地改善,52,男,0.4,3.5,0.45,5.8,3,2,否,B,agent,1,0.48,0.57,0.37,0.49,0.93,0.68,0.73,0.6,自住-改善,两室两厅,89,519,市第二中学地理教师,二胎黄金期中大户型,上海中环品质两居，车位及空间极其拥挤,小区无地下车库且人车不分流，小孩在楼下玩耍或者推婴儿车极为不安全。,讲究超高得房率（超85%），主卧套房必须配备独立步入式衣帽间与干湿分离双卫。,主要在陆家嘴/徐家汇CBD上班，首选地铁2/9号线沿线，通勤半小时内。,倡导轻户外，周末常带家人自驾野营或山系徒步，注重生活情调与手作咖啡。,名下持有一套旧两居，置换回款 65% + 个人理财储蓄补充 + 公积金商业贷,重性价比，不盲信大牌，但要求物业管理有序、绿化修剪及时、人防技防规范。,常年本地稳定居住，工作日职住通勤动线规则单一。
上_1997_00309,上海,1997,长三角家庭,39,女,0.4,2.5,0.45,4.1,4,1,是,B,agent,1,0.51,0.58,0.45,0.54,0.9,0.36,0.68,0.54,自住-改善,两室一厅,76,429,邮政局局长秘书,三口之家(学龄段),上海中环品质两居，车位及空间极其拥挤,小区无地下车库且人车不分流，小孩在楼下玩耍或者推婴儿车极为不安全。,讲究超高得房率（超85%），主卧套房必须配备独立步入式衣帽间与干湿分离双卫。,主要在陆家嘴/徐家汇CBD上班，首选地铁2/9号线沿线，通勤半小时内。,倡导轻户外，周末常带家人自驾野营或山系徒步，注重生活情调与手作咖啡。,名下持有一套旧两居，置换回款 65% + 个人理财储蓄补充 + 公积金商业贷,重性价比，不盲信大牌，但要求物业管理有序、绿化修剪及时、人防技防规范。,常年本地稳定居住，工作日职住通勤动线规则单一。
上_1997_00310,上海,1997,本地改善,39,女,0.3,3.3,0.45,5.5,4,2,否,B,agent,0.52,0.64,0.48,0.51,0.54,0.92,0.5,0.69,0.58,自住-改善,两室两厅,60,779,国企车间技术主任,二胎黄金期中大户型,上海中环品质两居，车位及空间极其拥挤,小区无地下车库且人车不分流，小孩在楼下玩耍或者推婴儿车极为不安全。,讲究超高得房率（超85%），主卧套房必须配备独立步入式衣帽间与干湿分离双卫。,主要在陆家嘴/徐家汇CBD上班，首选地铁2/9号线沿线，通勤半小时内。,倡导轻户外，周末常带家人自驾野营或山系徒步，注重生活情调与手作咖啡。,名下持有一套旧两居，置换回款 65% + 个人理财储蓄补充 + 公积金商业贷,重性价比，不盲信大牌，但要求物业管理有序、绿化修剪及时、人防技防规范。,常年本地稳定居住，工作日职住通勤动线规则单一。
上_1997_00311,上海,1997,本地改善,38,女,0.5,6.5,0.45,10.9,3,3,否,B,agent,0.78,0.49,0.58,0.45,0.52,0.9,0.5,0.8,0.75,自住-改善,两室一厅,64,1517,区财政局科员,二胎黄金期中大户型,上海中环品质两居，车位及空间极其拥挤,小区无地下车库且人车不分流，小孩在楼下玩耍或者推婴儿车极为不安全。,讲究超高得房率（超85%），主卧套房必须配备独立步入式衣帽间与干湿分离双卫。,主要在陆家嘴/徐家汇CBD上班，首选地铁2/9号线沿线，通勤半小时内。,倡导轻户外，周末常带家人自驾野营或山系徒步，注重生活情调与手作咖啡。,名下持有一套旧两居，置换回款 65% + 个人理财储蓄补充 + 公积金商业贷,非仁恒、绿城、万科等金牌开发商不买，极度看重高端精装质量与顶级物业的增值口碑。,常年本地稳定居住，工作日职住通勤动线规则单一。
上_1997_00312,上海,1997,金融精英,40,男,0.9,6.9,0.4,12.9,3,0,否,A,research,0.9,0.46,0.65,0.5,0.74,0.76,0.66,0.93,0.79,自住-首套,两室两厅,98,846,商业银行支行信贷科长,成熟期核心家庭,西湖边高精平层,无高端私密会所及管家式物业配套，圈层鱼龙混杂，高净值居住体验差。,讲究超高得房率（超85%），主卧套房必须配备独立步入式衣帽间与干湿分离双卫。,主要在陆家嘴/徐家汇CBD上班，首选地铁2/9号线沿线，通勤半小时内。,周末常去高端商圈消费，热衷打网球和马术，重度手冲咖啡及黑胶唱片发烧友。,夫妻双方积蓄 + 双方父母出资赞助首付 + 公积金商业组合贷款,非仁恒、绿城、万科等金牌开发商不买，极度看重高端精装质量与顶级物业的增值口碑。,常年本地稳定居住，工作日职住通勤动线规则单一。
上_1997_00313,上海,1997,本地改善,47,女,0.6,7.4,0.45,12.3,4,1,否,B,agent,0.62,0.37,0.44,0.52,0.7,0.79,0.64,0.67,0.59,自住-改善,两室一厅,59,1419,国企车间技术主任,三口之家(学龄段),上海中环品质两居，车位及空间极其拥挤,小区无地下车库且人车不分流，小孩在楼下玩耍或者推婴儿车极为不安全。,讲究超高得房率（超85%），主卧套房必须配备独立步入式衣帽间与干湿分离双卫。,主要在陆家嘴/徐家汇CBD上班，首选地铁2/9号线沿线，通勤半小时内。,倡导轻户外，周末常带家人自驾野营或山系徒步，注重生活情调与手作咖啡。,名下持有一套旧两居，置换回款 65% + 个人理财储蓄补充 + 公积金商业贷,重性价比，不盲信大牌，但要求物业管理有序、绿化修剪及时、人防技防规范。,常年本地稳定居住，工作日职住通勤动线规则单一。
上_1997_00314,上海,1997,长三角家庭,47,男,0.3,2.7,0.45,4.5,4,2,否,B,agent,1,0.59,0.48,0.66,0.35,1,0.31,0.68,0.68,自住-首套,两室一厅,91,389,市第二中学地理教师,二胎黄金期中大户型,上海中环品质两居，车位及空间极其拥挤,小区无地下车库且人车不分流，小孩在楼下玩耍或者推婴儿车极为不安全。,讲究超高得房率（超85%），主卧套房必须配备独立步入式衣帽间与干湿分离双卫。,主要在陆家嘴/徐家汇CBD上班，首选地铁2/9号线沿线，通勤半小时内。,倡导轻户外，周末常带家人自驾野营或山系徒步，注重生活情调与手作咖啡。,夫妻双方积蓄 + 双方父母出资赞助首付 + 公积金商业组合贷款,重性价比，不盲信大牌，但要求物业管理有序、绿化修剪及时、人防技防规范。,常年本地稳定居住，工作日职住通勤动线规则单一。
上_1997_00315,上海,1997,本地改善,41,男,0.3,3.2,0.45,5.4,5,2,是,B,agent,0.92,0.58,0.42,0.62,0.61,0.99,0.48,0.63,0.55,自住-改善,两室两厅,99,428,区财政局科员,二胎黄金期中大户型,上海中环品质两居，车位及空间极其拥挤,小区无地下车库且人车不分流，小孩在楼下玩耍或者推婴儿车极为不安全。,讲究超高得房率（超85%），主卧套房必须配备独立步入式衣帽间与干湿分离双卫。,主要在陆家嘴/徐家汇CBD上班，首选地铁2/9号线沿线，通勤半小时内。,倡导轻户外，周末常带家人自驾野营或山系徒步，注重生活情调与手作咖啡。,名下持有一套旧两居，置换回款 65% + 个人理财储蓄补充 + 公积金商业贷,重性价比，不盲信大牌，但要求物业管理有序、绿化修剪及时、人防技防规范。,常年本地稳定居住，工作日职住通勤动线规则单一。
上_1997_00316,上海,1997,本地改善,43,男,0.5,4.8,0.45,8.0,4,1,否,B,agent,0.54,0.55,0.64,0.44,0.49,0.9,0.68,0.77,0.69,自住-改善,一室一厅,100,525,区财政局科员,三口之家(学龄段),上海中环品质两居，车位及空间极其拥挤,小区无地下车库且人车不分流，小孩在楼下玩耍或者推婴儿车极为不安全。,讲究超高得房率（超85%），主卧套房必须配备独立步入式衣帽间与干湿分离双卫。,主要在陆家嘴/徐家汇CBD上班，首选地铁2/9号线沿线，通勤半小时内。,倡导轻户外，周末常带家人自驾野营或山系徒步，注重生活情调与手作咖啡。,名下持有一套旧两居，置换回款 65% + 个人理财储蓄补充 + 公积金商业贷,重性价比，不盲信大牌，但要求物业管理有序、绿化修剪及时、人防技防规范。,常年本地稳定居住，工作日职住通勤动线规则单一。
上_1997_00317,上海,1997,金融精英,35,男,0.5,4.5,0.4,8.5,3,0,是,A,research,0.64,0.34,0.59,0.59,0.53,0.83,0.74,0.96,0.78,自住-改善,一室一厅,83,780,申银万国证券分析员,新婚过渡两居,市中心私密洋房住宅,当前房屋属于旧多层无电梯房，父母年纪渐高每天爬楼梯极为吃力。,讲究超高得房率（超85%），主卧套房必须配备独立步入式衣帽间与干湿分离双卫。,主要在陆家嘴/徐家汇CBD上班，首选地铁2/9号线沿线，通勤半小时内。,周末常去高端商圈消费，热衷打网球和马术，重度手冲咖啡及黑胶唱片发烧友。,名下已有企业股权套现或分红现金，一次性全款付清，基本不加杠杆,非仁恒、绿城、万科等金牌开发商不买，极度看重高端精装质量与顶级物业的增值口碑。,常年本地稳定居住，工作日职住通勤动线规则单一。
上_1997_00318,上海,1997,本地改善,51,男,0.4,4.2,0.45,7.0,3,2,否,B,agent,0.48,0.56,0.37,0.47,0.51,0.9,0.51,0.73,0.57,自住-改善,一室一厅,69,659,邮政局局长秘书,二胎黄金期中大户型,上海中环品质两居，车位及空间极其拥挤,小区无地下车库且人车不分流，小孩在楼下玩耍或者推婴儿车极为不安全。,讲究超高得房率（超85%），主卧套房必须配备独立步入式衣帽间与干湿分离双卫。,主要在陆家嘴/徐家汇CBD上班，首选地铁2/9号线沿线，通勤半小时内。,倡导轻户外，周末常带家人自驾野营或山系徒步，注重生活情调与手作咖啡。,名下持有一套旧两居，置换回款 65% + 个人理财储蓄补充 + 公积金商业贷,重性价比，不盲信大牌，但要求物业管理有序、绿化修剪及时、人防技防规范。,常年本地稳定居住，工作日职住通勤动线规则单一。
上_1997_00319,上海,1997,教育型买房,44,男,0.3,2.4,0.4,4.6,3,0,是,B,social,0.8,0.44,0.37,0.39,0.55,0.7,0.55,1,0.7,学区房,一室一厅,58,672,市第二中学地理教师,成熟期核心家庭,上海中环品质两居，车位及空间极其拥挤,当前房屋属于旧多层无电梯房，父母年纪渐高每天爬楼梯极为吃力。,讲究超高得房率（超85%），主卧套房必须配备独立步入式衣帽间与干湿分离双卫。,主要在陆家嘴/徐家汇CBD上班，首选地铁2/9号线沿线，通勤半小时内。,倡导轻户外，周末常带家人自驾野营或山系徒步，注重生活情调与手作咖啡。,名下持有一套旧两居，置换回款 65% + 个人理财储蓄补充 + 公积金商业贷,重性价比，不盲信大牌，但要求物业管理有序、绿化修剪及时、人防技防规范。,常年本地稳定居住，工作日职住通勤动线规则单一。
上_1997_00320,上海,1997,本地改善,56,男,0.4,4.0,0.45,6.6,5,1,是,B,agent,0.7,0.52,0.67,0.43,0.6,0.86,0.55,0.66,0.66,自住-改善,一室一厅,54,754,市第二中学地理教师,三口之家(学龄段),上海中环品质两居，车位及空间极其拥挤,小区无地下车库且人车不分流，小孩在楼下玩耍或者推婴儿车极为不安全。,讲究超高得房率（超85%），主卧套房必须配备独立步入式衣帽间与干湿分离双卫。,主要在陆家嘴/徐家汇CBD上班，首选地铁2/9号线沿线，通勤半小时内。,倡导轻户外，周末常带家人自驾野营或山系徒步，注重生活情调与手作咖啡。,名下持有一套旧两居，置换回款 65% + 个人理财储蓄补充 + 公积金商业贷,重性价比，不盲信大牌，但要求物业管理有序、绿化修剪及时、人防技防规范。,常年本地稳定居住，工作日职住通勤动线规则单一。
上_1997_00321,上海,1997,教育型买房,48,男,0.4,3.1,0.4,5.8,3,1,是,B,social,0.87,0.53,0.47,0.41,0.52,0.6,0.47,1,0.61,学区房,一室一厅,66,649,区财政局科员,三口之家(学龄段),上海中环品质两居，车位及空间极其拥挤,小区无地下车库且人车不分流，小孩在楼下玩耍或者推婴儿车极为不安全。,核心要求地块属于第一梯队名校学区，且周边500米内解决幼小衔接教育配套。,主要在陆家嘴/徐家汇CBD上班，首选地铁2/9号线沿线，通勤半小时内。,倡导轻户外，周末常带家人自驾野营或山系徒步，注重生活情调与手作咖啡。,名下持有一套旧两居，置换回款 65% + 个人理财储蓄补充 + 公积金商业贷,重性价比，不盲信大牌，但要求物业管理有序、绿化修剪及时、人防技防规范。,常年本地稳定居住，工作日职住通勤动线规则单一。
上_1997_00322,上海,1997,本地改善,46,男,0.6,6.9,0.45,11.5,3,2,否,B,agent,0.88,0.43,0.51,0.4,0.69,0.8,0.63,0.6,0.52,自住-改善,两室两厅,50,1543,区财政局科员,二胎黄金期中大户型,上海中环品质两居，车位及空间极其拥挤,小区无地下车库且人车不分流，小孩在楼下玩耍或者推婴儿车极为不安全。,讲究超高得房率（超85%），主卧套房必须配备独立步入式衣帽间与干湿分离双卫。,主要在陆家嘴/徐家汇CBD上班，首选地铁2/9号线沿线，通勤半小时内。,倡导轻户外，周末常带家人自驾野营或山系徒步，注重生活情调与手作咖啡。,名下持有一套旧两居，置换回款 65% + 个人理财储蓄补充 + 公积金商业贷,重性价比，不盲信大牌，但要求物业管理有序、绿化修剪及时、人防技防规范。,常年本地稳定居住，工作日职住通勤动线规则单一。
上_1997_00323,上海,1997,教育型买房,42,女,0.5,4.9,0.4,9.3,3,2,否,B,social,0.79,0.59,0.38,0.39,0.57,0.75,0.41,0.98,0.71,学区房,一室一厅,93,814,区财政局科员,二胎黄金期中大户型,上海中环品质两居，车位及空间极其拥挤,小区无地下车库且人车不分流，小孩在楼下玩耍或者推婴儿车极为不安全。,讲究超高得房率（超85%），主卧套房必须配备独立步入式衣帽间与干湿分离双卫。,主要在陆家嘴/徐家汇CBD上班，首选地铁2/9号线沿线，通勤半小时内。,倡导轻户外，周末常带家人自驾野营或山系徒步，注重生活情调与手作咖啡。,名下持有一套旧两居，置换回款 65% + 个人理财储蓄补充 + 公积金商业贷,非仁恒、绿城、万科等金牌开发商不买，极度看重高端精装质量与顶级物业的增值口碑。,常年本地稳定居住，工作日职住通勤动线规则单一。
上_1997_00324,上海,1997,金融精英,48,男,1.4,7.9,0.4,14.8,2,1,否,A,research,0.6,0.47,0.66,0.56,0.81,0.7,0.72,0.84,0.82,自住-改善,两室一厅,67,1473,商业银行支行信贷科长,三口之家(学龄段),西湖边高精平层,无高端私密会所及管家式物业配套，圈层鱼龙混杂，高净值居住体验差。,讲究超高得房率（超85%），主卧套房必须配备独立步入式衣帽间与干湿分离双卫。,主要在陆家嘴/徐家汇CBD上班，首选地铁2/9号线沿线，通勤半小时内。,周末常去高端商圈消费，热衷打网球和马术，重度手冲咖啡及黑胶唱片发烧友。,名下已有企业股权套现或分红现金，一次性全款付清，基本不加杠杆,非仁恒、绿城、万科等金牌开发商不买，极度看重高端精装质量与顶级物业的增值口碑。,常年本地稳定居住，工作日职住通勤动线规则单一。
上_1997_00325,上海,1997,本地改善,55,女,0.4,3.7,0.45,6.2,5,2,是,B,agent,0.67,0.47,0.56,0.56,0.56,0.96,0.57,0.73,0.59,自住-改善,一室一厅,56,767,区财政局科员,二胎黄金期中大户型,上海中环品质两居，车位及空间极其拥挤,小区无地下车库且人车不分流，小孩在楼下玩耍或者推婴儿车极为不安全。,讲究超高得房率（超85%），主卧套房必须配备独立步入式衣帽间与干湿分离双卫。,主要在陆家嘴/徐家汇CBD上班，首选地铁2/9号线沿线，通勤半小时内。,倡导轻户外，周末常带家人自驾野营或山系徒步，注重生活情调与手作咖啡。,名下持有一套旧两居，置换回款 65% + 个人理财储蓄补充 + 公积金商业贷,重性价比，不盲信大牌，但要求物业管理有序、绿化修剪及时、人防技防规范。,常年本地稳定居住，工作日职住通勤动线规则单一。
上_1997_00326,上海,1997,本地改善,44,男,0.3,4.3,0.45,7.1,5,1,否,B,agent,0.69,0.48,0.51,0.46,0.64,0.94,0.51,0.71,0.7,自住-改善,一室一厅,99,461,区财政局科员,三口之家(学龄段),上海中环品质两居，车位及空间极其拥挤,小区无地下车库且人车不分流，小孩在楼下玩耍或者推婴儿车极为不安全。,讲究超高得房率（超85%），主卧套房必须配备独立步入式衣帽间与干湿分离双卫。,主要在陆家嘴/徐家汇CBD上班，首选地铁2/9号线沿线，通勤半小时内。,倡导轻户外，周末常带家人自驾野营或山系徒步，注重生活情调与手作咖啡。,名下持有一套旧两居，置换回款 65% + 个人理财储蓄补充 + 公积金商业贷,重性价比，不盲信大牌，但要求物业管理有序、绿化修剪及时、人防技防规范。,常年本地稳定居住，工作日职住通勤动线规则单一。
上_1997_00327,上海,1997,长三角家庭,45,男,0.5,3.6,0.45,6.1,4,2,否,B,agent,0.76,0.53,0.53,0.43,0.48,0.76,0.43,0.55,0.59,自住-改善,两室一厅,61,711,邮政局局长秘书,二胎黄金期中大户型,上海中环品质两居，车位及空间极其拥挤,小区无地下车库且人车不分流，小孩在楼下玩耍或者推婴儿车极为不安全。,讲究超高得房率（超85%），主卧套房必须配备独立步入式衣帽间与干湿分离双卫。,主要在陆家嘴/徐家汇CBD上班，首选地铁2/9号线沿线，通勤半小时内。,倡导轻户外，周末常带家人自驾野营或山系徒步，注重生活情调与手作咖啡。,名下持有一套旧两居，置换回款 65% + 个人理财储蓄补充 + 公积金商业贷,重性价比，不盲信大牌，但要求物业管理有序、绿化修剪及时、人防技防规范。,常年本地稳定居住，工作日职住通勤动线规则单一。
上_1997_00328,上海,1997,金融精英,44,女,1.1,7.2,0.4,13.6,3,1,否,A,research,0.6,0.44,0.55,0.66,0.97,0.71,0.57,0.79,0.71,自住-改善,两室一厅,72,1115,老牌证券公司营业部经理,三口之家(学龄段),市中心私密洋房住宅,无高端私密会所及管家式物业配套，圈层鱼龙混杂，高净值居住体验差。,讲究超高得房率（超85%），主卧套房必须配备独立步入式衣帽间与干湿分离双卫。,主要在陆家嘴/徐家汇CBD上班，首选地铁2/9号线沿线，通勤半小时内。,周末常去高端商圈消费，热衷打网球和马术，重度手冲咖啡及黑胶唱片发烧友。,名下已有企业股权套现或分红现金，一次性全款付清，基本不加杠杆,非仁恒、绿城、万科等金牌开发商不买，极度看重高端精装质量与顶级物业的增值口碑。,常年本地稳定居住，工作日职住通勤动线规则单一。
上_1997_00329,上海,1997,教育型买房,47,女,0.6,6.1,0.4,11.4,3,1,否,B,social,0.54,0.46,0.46,0.38,0.64,0.54,0.49,0.94,0.49,学区房,两室一厅,97,798,国企车间技术主任,三口之家(学龄段),上海中环品质两居，车位及空间极其拥挤,小区无地下车库且人车不分流，小孩在楼下玩耍或者推婴儿车极为不安全。,核心要求地块属于第一梯队名校学区，且周边500米内解决幼小衔接教育配套。,主要在陆家嘴/徐家汇CBD上班，首选地铁2/9号线沿线，通勤半小时内。,倡导轻户外，周末常带家人自驾野营或山系徒步，注重生活情调与手作咖啡。,名下持有一套旧两居，置换回款 65% + 个人理财储蓄补充 + 公积金商业贷,重性价比，不盲信大牌，但要求物业管理有序、绿化修剪及时、人防技防规范。,常年本地稳定居住，工作日职住通勤动线规则单一。
上_1997_00330,上海,1997,教育型买房,41,女,0.4,3.5,0.4,6.5,2,2,否,B,social,0.87,0.49,0.41,0.37,0.66,0.73,0.6,1,0.56,学区房,一室一厅,67,683,国企车间技术主任,二胎黄金期中大户型,上海中环品质两居，车位及空间极其拥挤,小区无地下车库且人车不分流，小孩在楼下玩耍或者推婴儿车极为不安全。,讲究超高得房率（超85%），主卧套房必须配备独立步入式衣帽间与干湿分离双卫。,主要在陆家嘴/徐家汇CBD上班，首选地铁2/9号线沿线，通勤半小时内。,倡导轻户外，周末常带家人自驾野营或山系徒步，注重生活情调与手作咖啡。,名下持有一套旧两居，置换回款 65% + 个人理财储蓄补充 + 公积金商业贷,重性价比，不盲信大牌，但要求物业管理有序、绿化修剪及时、人防技防规范。,常年本地稳定居住，工作日职住通勤动线规则单一。
上_1997_00331,上海,1997,金融精英,47,女,0.8,8.3,0.4,15.5,3,2,否,A,research,0.85,0.42,0.64,0.73,0.93,0.73,0.74,0.93,0.74,自住-首套,两室两厅,95,1446,商业银行支行信贷科长,二胎黄金期中大户型,市中心私密洋房住宅,无高端私密会所及管家式物业配套，圈层鱼龙混杂，高净值居住体验差。,要求独立电梯入户，主次卧动线分明，配备独立保姆房和私密后院。,主要在陆家嘴/徐家汇CBD上班，首选地铁2/9号线沿线，通勤半小时内。,周末常去高端商圈消费，热衷打网球和马术，重度手冲咖啡及黑胶唱片发烧友。,夫妻双方积蓄 + 双方父母出资赞助首付 + 公积金商业组合贷款,非仁恒、绿城、万科等金牌开发商不买，极度看重高端精装质量与顶级物业的增值口碑。,常年本地稳定居住，工作日职住通勤动线规则单一。
上_1997_00332,上海,1997,金融精英,45,男,0.7,6.4,0.4,11.9,3,1,否,A,research,0.85,0.4,0.72,0.71,0.69,0.82,0.79,0.64,0.82,自住-首套,一室一厅,64,1408,商业银行支行信贷科长,三口之家(学龄段),市中心私密洋房住宅,无高端私密会所及管家式物业配套，圈层鱼龙混杂，高净值居住体验差。,要求独立电梯入户，主次卧动线分明，配备独立保姆房和私密后院。,主要在陆家嘴/徐家汇CBD上班，首选地铁2/9号线沿线，通勤半小时内。,周末常去高端商圈消费，热衷打网球和马术，重度手冲咖啡及黑胶唱片发烧友。,夫妻双方积蓄 + 双方父母出资赞助首付 + 公积金商业组合贷款,非仁恒、绿城、万科等金牌开发商不买，极度看重高端精装质量与顶级物业的增值口碑。,常年本地稳定居住，工作日职住通勤动线规则单一。
上_1997_00333,上海,1997,教育型买房,33,女,0.4,3.8,0.4,7.2,3,1,是,B,social,1,0.48,0.51,0.4,0.7,0.76,0.64,0.99,0.67,学区房,两室一厅,84,547,市第二中学地理教师,三口之家(幼龄段),上海中环品质两居，车位及空间极其拥挤,小区无地下车库且人车不分流，小孩在楼下玩耍或者推婴儿车极为不安全。,讲究超高得房率（超85%），主卧套房必须配备独立步入式衣帽间与干湿分离双卫。,主要在陆家嘴/徐家汇CBD上班，首选地铁2/9号线沿线，通勤半小时内。,倡导轻户外，周末常带家人自驾野营或山系徒步，注重生活情调与手作咖啡。,名下持有一套旧两居，置换回款 65% + 个人理财储蓄补充 + 公积金商业贷,重性价比，不盲信大牌，但要求物业管理有序、绿化修剪及时、人防技防规范。,常年本地稳定居住，工作日职住通勤动线规则单一。
上_1997_00334,上海,1997,本地改善,41,男,0.4,2.9,0.45,4.9,4,2,否,B,agent,0.71,0.58,0.64,0.59,0.41,0.87,0.64,0.82,0.5,自住-改善,两室两厅,78,538,区财政局科员,二胎黄金期中大户型,上海中环品质两居，车位及空间极其拥挤,小区无地下车库且人车不分流，小孩在楼下玩耍或者推婴儿车极为不安全。,讲究超高得房率（超85%），主卧套房必须配备独立步入式衣帽间与干湿分离双卫。,主要在陆家嘴/徐家汇CBD上班，首选地铁2/9号线沿线，通勤半小时内。,倡导轻户外，周末常带家人自驾野营或山系徒步，注重生活情调与手作咖啡。,名下持有一套旧两居，置换回款 65% + 个人理财储蓄补充 + 公积金商业贷,重性价比，不盲信大牌，但要求物业管理有序、绿化修剪及时、人防技防规范。,常年本地稳定居住，工作日职住通勤动线规则单一。
上_1997_00335,上海,1997,本地改善,44,男,0.5,5.4,0.45,9.0,4,3,是,B,agent,0.75,0.52,0.63,0.49,0.61,0.87,0.65,0.85,0.67,自住-改善,一室一厅,71,725,国企车间技术主任,二胎黄金期中大户型,上海中环品质两居，车位及空间极其拥挤,小区无地下车库且人车不分流，小孩在楼下玩耍或者推婴儿车极为不安全。,讲究超高得房率（超85%），主卧套房必须配备独立步入式衣帽间与干湿分离双卫。,主要在陆家嘴/徐家汇CBD上班，首选地铁2/9号线沿线，通勤半小时内。,倡导轻户外，周末常带家人自驾野营或山系徒步，注重生活情调与手作咖啡。,名下持有一套旧两居，置换回款 65% + 个人理财储蓄补充 + 公积金商业贷,重性价比，不盲信大牌，但要求物业管理有序、绿化修剪及时、人防技防规范。,常年本地稳定居住，工作日职住通勤动线规则单一。
上_1997_00336,上海,1997,本地改善,58,男,0.4,5.6,0.45,9.3,4,2,否,B,agent,0.8,0.57,0.4,0.3,0.52,0.81,0.75,0.67,0.7,自住-改善,一室一厅,98,543,市第二中学地理教师,二胎黄金期中大户型,上海中环品质两居，车位及空间极其拥挤,小区无地下车库且人车不分流，小孩在楼下玩耍或者推婴儿车极为不安全。,讲究超高得房率（超85%），主卧套房必须配备独立步入式衣帽间与干湿分离双卫。,主要在陆家嘴/徐家汇CBD上班，首选地铁2/9号线沿线，通勤半小时内。,倡导轻户外，周末常带家人自驾野营或山系徒步，注重生活情调与手作咖啡。,名下持有一套旧两居，置换回款 65% + 个人理财储蓄补充 + 公积金商业贷,重性价比，不盲信大牌，但要求物业管理有序、绿化修剪及时、人防技防规范。,常年本地稳定居住，工作日职住通勤动线规则单一。
上_1997_00337,上海,1997,本地改善,43,女,0.4,3.8,0.45,6.4,5,2,否,B,agent,0.84,0.43,0.61,0.47,0.53,0.78,0.57,0.82,0.56,自住-改善,两室两厅,61,890,国企车间技术主任,二胎黄金期中大户型,上海中环品质两居，车位及空间极其拥挤,小区无地下车库且人车不分流，小孩在楼下玩耍或者推婴儿车极为不安全。,讲究超高得房率（超85%），主卧套房必须配备独立步入式衣帽间与干湿分离双卫。,主要在陆家嘴/徐家汇CBD上班，首选地铁2/9号线沿线，通勤半小时内。,倡导轻户外，周末常带家人自驾野营或山系徒步，注重生活情调与手作咖啡。,名下持有一套旧两居，置换回款 65% + 个人理财储蓄补充 + 公积金商业贷,重性价比，不盲信大牌，但要求物业管理有序、绿化修剪及时、人防技防规范。,常年本地稳定居住，工作日职住通勤动线规则单一。
上_1997_00338,上海,1997,本地改善,41,女,0.5,4.6,0.45,7.7,4,2,是,B,agent,0.39,0.52,0.49,0.64,0.64,0.79,0.7,0.56,0.67,自住-改善,一室一厅,60,975,国企车间技术主任,二胎黄金期中大户型,上海中环品质两居，车位及空间极其拥挤,小区无地下车库且人车不分流，小孩在楼下玩耍或者推婴儿车极为不安全。,讲究超高得房率（超85%），主卧套房必须配备独立步入式衣帽间与干湿分离双卫。,主要在陆家嘴/徐家汇CBD上班，首选地铁2/9号线沿线，通勤半小时内。,倡导轻户外，周末常带家人自驾野营或山系徒步，注重生活情调与手作咖啡。,名下持有一套旧两居，置换回款 65% + 个人理财储蓄补充 + 公积金商业贷,重性价比，不盲信大牌，但要求物业管理有序、绿化修剪及时、人防技防规范。,常年本地稳定居住，工作日职住通勤动线规则单一。
上_1997_00339,上海,1997,本地改善,47,女,0.4,4.5,0.45,7.5,3,2,否,B,agent,0.85,0.43,0.7,0.45,0.6,0.93,0.63,0.64,0.49,自住-改善,两室两厅,62,1068,市第二中学地理教师,二胎黄金期中大户型,上海中环品质两居，车位及空间极其拥挤,小区无地下车库且人车不分流，小孩在楼下玩耍或者推婴儿车极为不安全。,要求有超大面宽南向双阳台（观景家政分离），主卧大飘窗能270度直面自然景观。,主要在陆家嘴/徐家汇CBD上班，首选地铁2/9号线沿线，通勤半小时内。,倡导轻户外，周末常带家人自驾野营或山系徒步，注重生活情调与手作咖啡。,名下持有一套旧两居，置换回款 65% + 个人理财储蓄补充 + 公积金商业贷,重性价比，不盲信大牌，但要求物业管理有序、绿化修剪及时、人防技防规范。,常年本地稳定居住，工作日职住通勤动线规则单一。
上_1997_00340,上海,1997,教育型买房,39,女,0.5,5.4,0.4,10.1,3,1,否,B,social,0.67,0.55,0.52,0.35,0.59,0.62,0.6,1,0.61,学区房,两室一厅,73,917,区财政局科员,三口之家(学龄段),上海中环品质两居，车位及空间极其拥挤,小区无地下车库且人车不分流，小孩在楼下玩耍或者推婴儿车极为不安全。,核心要求地块属于第一梯队名校学区，且周边500米内解决幼小衔接教育配套。,主要在陆家嘴/徐家汇CBD上班，首选地铁2/9号线沿线，通勤半小时内。,倡导轻户外，周末常带家人自驾野营或山系徒步，注重生活情调与手作咖啡。,名下持有一套旧两居，置换回款 65% + 个人理财储蓄补充 + 公积金商业贷,重性价比，不盲信大牌，但要求物业管理有序、绿化修剪及时、人防技防规范。,常年本地稳定居住，工作日职住通勤动线规则单一。
上_1997_00341,上海,1997,本地改善,42,女,0.3,2.5,0.45,4.2,3,2,是,B,agent,0.89,0.45,0.62,0.5,0.59,0.89,0.56,0.64,0.61,自住-改善,一室一厅,90,386,市第二中学地理教师,二胎黄金期中大户型,上海中环品质两居，车位及空间极其拥挤,小区无地下车库且人车不分流，小孩在楼下玩耍或者推婴儿车极为不安全。,讲究超高得房率（超85%），主卧套房必须配备独立步入式衣帽间与干湿分离双卫。,主要在陆家嘴/徐家汇CBD上班，首选地铁2/9号线沿线，通勤半小时内。,倡导轻户外，周末常带家人自驾野营或山系徒步，注重生活情调与手作咖啡。,名下持有一套旧两居，置换回款 65% + 个人理财储蓄补充 + 公积金商业贷,重性价比，不盲信大牌，但要求物业管理有序、绿化修剪及时、人防技防规范。,常年本地稳定居住，工作日职住通勤动线规则单一。
上_1997_00342,上海,1997,金融精英,50,女,0.5,4.4,0.4,8.3,3,1,否,A,research,0.62,0.43,0.7,0.59,0.61,0.57,0.81,0.99,0.68,自住-改善,一室一厅,62,1141,商业银行支行信贷科长,三口之家(学龄段),西湖边高精平层,无高端私密会所及管家式物业配套，圈层鱼龙混杂，高净值居住体验差。,要求有超大面宽南向双阳台（观景家政分离），主卧大飘窗能270度直面自然景观。,主要在陆家嘴/徐家汇CBD上班，首选地铁2/9号线沿线，通勤半小时内。,周末常去高端商圈消费，热衷打网球和马术，重度手冲咖啡及黑胶唱片发烧友。,名下已有企业股权套现或分红现金，一次性全款付清，基本不加杠杆,重性价比，不盲信大牌，但要求物业管理有序、绿化修剪及时、人防技防规范。,常年本地稳定居住，工作日职住通勤动线规则单一。
上_1997_00343,上海,1997,本地改善,47,男,0.5,3.5,0.45,5.9,4,2,否,B,agent,0.82,0.46,0.62,0.55,0.43,0.91,0.65,0.53,0.54,自住-改善,两室两厅,75,668,国企车间技术主任,二胎黄金期中大户型,上海中环品质两居，车位及空间极其拥挤,小区无地下车库且人车不分流，小孩在楼下玩耍或者推婴儿车极为不安全。,讲究超高得房率（超85%），主卧套房必须配备独立步入式衣帽间与干湿分离双卫。,主要在陆家嘴/徐家汇CBD上班，首选地铁2/9号线沿线，通勤半小时内。,倡导轻户外，周末常带家人自驾野营或山系徒步，注重生活情调与手作咖啡。,名下持有一套旧两居，置换回款 65% + 个人理财储蓄补充 + 公积金商业贷,重性价比，不盲信大牌，但要求物业管理有序、绿化修剪及时、人防技防规范。,常年本地稳定居住，工作日职住通勤动线规则单一。
上_1997_00344,上海,1997,长三角家庭,51,男,0.3,2.8,0.45,4.7,5,3,是,B,agent,0.78,0.44,0.51,0.45,0.46,0.93,0.48,0.73,0.64,自住-首套,两室两厅,52,656,邮政局局长秘书,二胎黄金期中大户型,上海中环品质两居，车位及空间极其拥挤,小区无地下车库且人车不分流，小孩在楼下玩耍或者推婴儿车极为不安全。,讲究超高得房率（超85%），主卧套房必须配备独立步入式衣帽间与干湿分离双卫。,主要在陆家嘴/徐家汇CBD上班，首选地铁2/9号线沿线，通勤半小时内。,倡导轻户外，周末常带家人自驾野营或山系徒步，注重生活情调与手作咖啡。,夫妻双方积蓄 + 双方父母出资赞助首付 + 公积金商业组合贷款,重性价比，不盲信大牌，但要求物业管理有序、绿化修剪及时、人防技防规范。,常年本地稳定居住，工作日职住通勤动线规则单一。
上_1997_00345,上海,1997,本地改善,57,男,0.5,4.4,0.45,7.4,3,2,否,B,agent,0.71,0.49,0.57,0.55,0.43,0.79,0.66,0.8,0.45,自住-改善,两室一厅,91,444,市第二中学地理教师,二胎黄金期中大户型,上海中环品质两居，车位及空间极其拥挤,小区无地下车库且人车不分流，小孩在楼下玩耍或者推婴儿车极为不安全。,讲究超高得房率（超85%），主卧套房必须配备独立步入式衣帽间与干湿分离双卫。,主要在陆家嘴/徐家汇CBD上班，首选地铁2/9号线沿线，通勤半小时内。,倡导轻户外，周末常带家人自驾野营或山系徒步，注重生活情调与手作咖啡。,名下持有一套旧两居，置换回款 65% + 个人理财储蓄补充 + 公积金商业贷,重性价比，不盲信大牌，但要求物业管理有序、绿化修剪及时、人防技防规范。,常年本地稳定居住，工作日职住通勤动线规则单一。
上_1997_00346,上海,1997,长三角家庭,41,女,0.7,4.3,0.45,7.1,4,2,是,B,agent,0.85,0.56,0.6,0.64,0.59,0.75,0.29,0.89,0.56,自住-改善,一室一厅,70,531,国企车间技术主任,二胎黄金期中大户型,上海中环品质两居，车位及空间极其拥挤,小区无地下车库且人车不分流，小孩在楼下玩耍或者推婴儿车极为不安全。,讲究超高得房率（超85%），主卧套房必须配备独立步入式衣帽间与干湿分离双卫。,主要在陆家嘴/徐家汇CBD上班，首选地铁2/9号线沿线，通勤半小时内。,倡导轻户外，周末常带家人自驾野营或山系徒步，注重生活情调与手作咖啡。,名下持有一套旧两居，置换回款 65% + 个人理财储蓄补充 + 公积金商业贷,重性价比，不盲信大牌，但要求物业管理有序、绿化修剪及时、人防技防规范。,常年本地稳定居住，工作日职住通勤动线规则单一。
上_1997_00347,上海,1997,本地改善,56,男,0.3,2.6,0.45,4.3,3,2,是,B,agent,0.78,0.43,0.48,0.46,0.56,0.95,0.6,0.73,0.57,自住-改善,两室一厅,97,293,区财政局科员,二胎黄金期中大户型,上海中环品质两居，车位及空间极其拥挤,小区无地下车库且人车不分流，小孩在楼下玩耍或者推婴儿车极为不安全。,讲究超高得房率（超85%），主卧套房必须配备独立步入式衣帽间与干湿分离双卫。,主要在陆家嘴/徐家汇CBD上班，首选地铁2/9号线沿线，通勤半小时内。,倡导轻户外，周末常带家人自驾野营或山系徒步，注重生活情调与手作咖啡。,名下持有一套旧两居，置换回款 65% + 个人理财储蓄补充 + 公积金商业贷,重性价比，不盲信大牌，但要求物业管理有序、绿化修剪及时、人防技防规范。,常年本地稳定居住，工作日职住通勤动线规则单一。
上_1997_00348,上海,1997,教育型买房,44,女,0.8,7.0,0.4,13.1,2,0,否,B,social,0.91,0.51,0.47,0.45,0.69,0.61,0.44,0.86,0.62,学区房,两室一厅,66,1174,区财政局科员,成熟期核心家庭,上海中环品质两居，车位及空间极其拥挤,老小区隔音差，邻里滋扰严重，且车位严重匮乏，每晚加班回来抢车位像打仗。,核心要求地块属于第一梯队名校学区，且周边500米内解决幼小衔接教育配套。,主要在陆家嘴/徐家汇CBD上班，首选地铁2/9号线沿线，通勤半小时内。,倡导轻户外，周末常带家人自驾野营或山系徒步，注重生活情调与手作咖啡。,名下持有一套旧两居，置换回款 65% + 个人理财储蓄补充 + 公积金商业贷,重性价比，不盲信大牌，但要求物业管理有序、绿化修剪及时、人防技防规范。,常年本地稳定居住，工作日职住通勤动线规则单一。
上_1997_00349,上海,1997,金融精英,39,女,0.6,5.8,0.4,11.0,3,1,否,A,research,0.77,0.45,0.67,0.7,0.83,0.7,0.66,0.76,0.87,自住-首套,两室一厅,77,922,老牌证券公司营业部经理,三口之家(学龄段),西湖边高精平层,无高端私密会所及管家式物业配套，圈层鱼龙混杂，高净值居住体验差。,要求独立电梯入户，主次卧动线分明，配备独立保姆房和私密后院。,主要在陆家嘴/徐家汇CBD上班，首选地铁2/9号线沿线，通勤半小时内。,周末常去高端商圈消费，热衷打网球和马术，重度手冲咖啡及黑胶唱片发烧友。,夫妻双方积蓄 + 双方父母出资赞助首付 + 公积金商业组合贷款,非仁恒、绿城、万科等金牌开发商不买，极度看重高端精装质量与顶级物业的增值口碑。,常年本地稳定居住，工作日职住通勤动线规则单一。
上_1997_00350,上海,1997,教育型买房,39,男,0.8,6.2,0.4,11.6,3,1,否,B,social,0.89,0.48,0.32,0.44,0.72,0.65,0.45,1,0.47,学区房,一室一厅,100,970,邮政局局长秘书,三口之家(学龄段),上海中环品质两居，车位及空间极其拥挤,小区无地下车库且人车不分流，小孩在楼下玩耍或者推婴儿车极为不安全。,核心要求地块属于第一梯队名校学区，且周边500米内解决幼小衔接教育配套。,主要在陆家嘴/徐家汇CBD上班，首选地铁2/9号线沿线，通勤半小时内。,倡导轻户外，周末常带家人自驾野营或山系徒步，注重生活情调与手作咖啡。,名下持有一套旧两居，置换回款 65% + 个人理财储蓄补充 + 公积金商业贷,重性价比，不盲信大牌，但要求物业管理有序、绿化修剪及时、人防技防规范。,常年本地稳定居住，工作日职住通勤动线规则单一。
上_1997_00351,上海,1997,金融精英,46,女,0.8,6.6,0.4,12.4,4,1,否,A,research,0.57,0.55,0.5,0.61,0.8,0.66,0.67,0.85,0.67,自住-改善,两室两厅,78,1200,申银万国证券分析员,三口之家(学龄段),陆家嘴核心区江景大平层,无高端私密会所及管家式物业配套，圈层鱼龙混杂，高净值居住体验差。,核心要求地块属于第一梯队名校学区，且周边500米内解决幼小衔接教育配套。,主要在陆家嘴/徐家汇CBD上班，首选地铁2/9号线沿线，通勤半小时内。,周末常去高端商圈消费，热衷打网球和马术，重度手冲咖啡及黑胶唱片发烧友。,名下已有企业股权套现或分红现金，一次性全款付清，基本不加杠杆,重性价比，不盲信大牌，但要求物业管理有序、绿化修剪及时、人防技防规范。,常年本地稳定居住，工作日职住通勤动线规则单一。
上_1997_00352,上海,1997,教育型买房,35,女,0.5,3.8,0.4,7.1,3,1,是,B,social,0.85,0.44,0.48,0.32,0.72,0.83,0.48,0.9,0.52,学区房,两室两厅,82,550,市第二中学地理教师,三口之家(幼龄段),上海中环品质两居，车位及空间极其拥挤,小区无地下车库且人车不分流，小孩在楼下玩耍或者推婴儿车极为不安全。,讲究超高得房率（超85%），主卧套房必须配备独立步入式衣帽间与干湿分离双卫。,主要在陆家嘴/徐家汇CBD上班，首选地铁2/9号线沿线，通勤半小时内。,倡导轻户外，周末常带家人自驾野营或山系徒步，注重生活情调与手作咖啡。,名下持有一套旧两居，置换回款 65% + 个人理财储蓄补充 + 公积金商业贷,重性价比，不盲信大牌，但要求物业管理有序、绿化修剪及时、人防技防规范。,常年本地稳定居住，工作日职住通勤动线规则单一。
上_1997_00353,上海,1997,长三角家庭,39,男,0.5,3.7,0.45,6.1,4,3,是,B,agent,0.68,0.42,0.71,0.38,0.52,0.83,0.33,0.69,0.8,自住-首套,两室两厅,51,689,区财政局科员,二胎黄金期中大户型,上海中环品质两居，车位及空间极其拥挤,小区无地下车库且人车不分流，小孩在楼下玩耍或者推婴儿车极为不安全。,要求有超大面宽南向双阳台（观景家政分离），主卧大飘窗能270度直面自然景观。,主要在陆家嘴/徐家汇CBD上班，首选地铁2/9号线沿线，通勤半小时内。,倡导轻户外，周末常带家人自驾野营或山系徒步，注重生活情调与手作咖啡。,夫妻双方积蓄 + 双方父母出资赞助首付 + 公积金商业组合贷款,非仁恒、绿城、万科等金牌开发商不买，极度看重高端精装质量与顶级物业的增值口碑。,常年本地稳定居住，工作日职住通勤动线规则单一。
上_1997_00354,上海,1997,本地改善,49,男,0.5,4.2,0.45,6.9,5,3,是,B,agent,0.98,0.36,0.53,0.62,0.51,0.89,0.58,0.69,0.51,自住-改善,两室两厅,75,592,市第二中学地理教师,二胎黄金期中大户型,上海中环品质两居，车位及空间极其拥挤,小区无地下车库且人车不分流，小孩在楼下玩耍或者推婴儿车极为不安全。,讲究超高得房率（超85%），主卧套房必须配备独立步入式衣帽间与干湿分离双卫。,主要在陆家嘴/徐家汇CBD上班，首选地铁2/9号线沿线，通勤半小时内。,倡导轻户外，周末常带家人自驾野营或山系徒步，注重生活情调与手作咖啡。,名下持有一套旧两居，置换回款 65% + 个人理财储蓄补充 + 公积金商业贷,重性价比，不盲信大牌，但要求物业管理有序、绿化修剪及时、人防技防规范。,常年本地稳定居住，工作日职住通勤动线规则单一。
上_1997_00355,上海,1997,长三角家庭,50,女,0.3,1.7,0.45,2.8,4,2,是,B,agent,0.89,0.51,0.4,0.71,0.4,0.75,0.42,0.68,0.62,自住-改善,两室两厅,95,169,邮政局局长秘书,二胎黄金期中大户型,上海中环品质两居，车位及空间极其拥挤,小区无地下车库且人车不分流，小孩在楼下玩耍或者推婴儿车极为不安全。,要求独立电梯入户，主次卧动线分明，配备独立保姆房和私密后院。,主要在陆家嘴/徐家汇CBD上班，首选地铁2/9号线沿线，通勤半小时内。,倡导轻户外，周末常带家人自驾野营或山系徒步，注重生活情调与手作咖啡。,名下持有一套旧两居，置换回款 65% + 个人理财储蓄补充 + 公积金商业贷,重性价比，不盲信大牌，但要求物业管理有序、绿化修剪及时、人防技防规范。,常年本地稳定居住，工作日职住通勤动线规则单一。
上_1997_00356,上海,1997,本地改善,47,女,0.4,4.7,0.45,7.8,3,2,是,B,agent,0.64,0.33,0.56,0.58,0.43,0.85,0.48,0.76,0.54,自住-改善,两室两厅,84,799,市第二中学地理教师,二胎黄金期中大户型,上海中环品质两居，车位及空间极其拥挤,小区无地下车库且人车不分流，小孩在楼下玩耍或者推婴儿车极为不安全。,讲究超高得房率（超85%），主卧套房必须配备独立步入式衣帽间与干湿分离双卫。,主要在陆家嘴/徐家汇CBD上班，首选地铁2/9号线沿线，通勤半小时内。,倡导轻户外，周末常带家人自驾野营或山系徒步，注重生活情调与手作咖啡。,名下持有一套旧两居，置换回款 65% + 个人理财储蓄补充 + 公积金商业贷,重性价比，不盲信大牌，但要求物业管理有序、绿化修剪及时、人防技防规范。,常年本地稳定居住，工作日职住通勤动线规则单一。
上_1997_00357,上海,1997,教育型买房,39,女,0.6,5.6,0.4,10.5,3,2,否,B,social,0.92,0.5,0.5,0.41,0.57,0.74,0.66,1.0,0.66,学区房,一室一厅,52,1493,邮政局局长秘书,二胎黄金期中大户型,上海中环品质两居，车位及空间极其拥挤,小区无地下车库且人车不分流，小孩在楼下玩耍或者推婴儿车极为不安全。,讲究超高得房率（超85%），主卧套房必须配备独立步入式衣帽间与干湿分离双卫。,主要在陆家嘴/徐家汇CBD上班，首选地铁2/9号线沿线，通勤半小时内。,倡导轻户外，周末常带家人自驾野营或山系徒步，注重生活情调与手作咖啡。,名下持有一套旧两居，置换回款 65% + 个人理财储蓄补充 + 公积金商业贷,重性价比，不盲信大牌，但要求物业管理有序、绿化修剪及时、人防技防规范。,常年本地稳定居住，工作日职住通勤动线规则单一。
上_1997_00358,上海,1997,本地改善,57,女,0.6,6.6,0.45,11.0,4,2,是,B,agent,0.74,0.47,0.56,0.7,0.69,0.77,0.58,0.6,0.67,自住-改善,两室一厅,62,1451,区财政局科员,二胎黄金期中大户型,上海中环品质两居，车位及空间极其拥挤,小区无地下车库且人车不分流，小孩在楼下玩耍或者推婴儿车极为不安全。,讲究超高得房率（超85%），主卧套房必须配备独立步入式衣帽间与干湿分离双卫。,主要在陆家嘴/徐家汇CBD上班，首选地铁2/9号线沿线，通勤半小时内。,倡导轻户外，周末常带家人自驾野营或山系徒步，注重生活情调与手作咖啡。,名下持有一套旧两居，置换回款 65% + 个人理财储蓄补充 + 公积金商业贷,重性价比，不盲信大牌，但要求物业管理有序、绿化修剪及时、人防技防规范。,常年本地稳定居住，工作日职住通勤动线规则单一。
上_1997_00359,上海,1997,本地改善,48,男,0.6,4.0,0.45,6.7,5,1,是,B,agent,0.89,0.59,0.64,0.56,0.5,0.79,0.6,0.65,0.6,自住-改善,两室一厅,61,696,区财政局科员,三口之家(学龄段),上海中环品质两居，车位及空间极其拥挤,小区无地下车库且人车不分流，小孩在楼下玩耍或者推婴儿车极为不安全。,讲究超高得房率（超85%），主卧套房必须配备独立步入式衣帽间与干湿分离双卫。,主要在陆家嘴/徐家汇CBD上班，首选地铁2/9号线沿线，通勤半小时内。,倡导轻户外，周末常带家人自驾野营或山系徒步，注重生活情调与手作咖啡。,名下持有一套旧两居，置换回款 65% + 个人理财储蓄补充 + 公积金商业贷,重性价比，不盲信大牌，但要求物业管理有序、绿化修剪及时、人防技防规范。,常年本地稳定居住，工作日职住通勤动线规则单一。
上_1997_00360,上海,1997,本地改善,44,女,0.6,7.8,0.45,13.0,4,2,是,B,agent,0.69,0.32,0.43,0.62,0.68,0.76,0.44,0.81,0.51,自住-改善,两室两厅,54,1513,邮政局局长秘书,二胎黄金期中大户型,上海中环品质两居，车位及空间极其拥挤,小区无地下车库且人车不分流，小孩在楼下玩耍或者推婴儿车极为不安全。,讲究超高得房率（超85%），主卧套房必须配备独立步入式衣帽间与干湿分离双卫。,主要在陆家嘴/徐家汇CBD上班，首选地铁2/9号线沿线，通勤半小时内。,倡导轻户外，周末常带家人自驾野营或山系徒步，注重生活情调与手作咖啡。,名下持有一套旧两居，置换回款 65% + 个人理财储蓄补充 + 公积金商业贷,重性价比，不盲信大牌，但要求物业管理有序、绿化修剪及时、人防技防规范。,常年本地稳定居住，工作日职住通勤动线规则单一。
上_1997_00361,上海,1997,教育型买房,42,男,0.7,4.3,0.4,8.0,4,0,否,B,social,0.9,0.3,0.4,0.48,0.62,0.67,0.56,0.89,0.54,学区房,两室两厅,52,934,国企车间技术主任,成熟期核心家庭,上海中环品质两居，车位及空间极其拥挤,老小区隔音差，邻里滋扰严重，且车位严重匮乏，每晚加班回来抢车位像打仗。,核心要求地块属于第一梯队名校学区，且周边500米内解决幼小衔接教育配套。,主要在陆家嘴/徐家汇CBD上班，首选地铁2/9号线沿线，通勤半小时内。,倡导轻户外，周末常带家人自驾野营或山系徒步，注重生活情调与手作咖啡。,名下持有一套旧两居，置换回款 65% + 个人理财储蓄补充 + 公积金商业贷,重性价比，不盲信大牌，但要求物业管理有序、绿化修剪及时、人防技防规范。,常年本地稳定居住，工作日职住通勤动线规则单一。
上_1997_00362,上海,1997,教育型买房,39,女,0.5,3.1,0.4,5.8,3,1,否,B,social,0.84,0.63,0.46,0.35,0.53,0.81,0.46,1,0.49,学区房,一室一厅,71,547,区财政局科员,三口之家(学龄段),上海中环品质两居，车位及空间极其拥挤,小区无地下车库且人车不分流，小孩在楼下玩耍或者推婴儿车极为不安全。,讲究超高得房率（超85%），主卧套房必须配备独立步入式衣帽间与干湿分离双卫。,主要在陆家嘴/徐家汇CBD上班，首选地铁2/9号线沿线，通勤半小时内。,倡导轻户外，周末常带家人自驾野营或山系徒步，注重生活情调与手作咖啡。,名下持有一套旧两居，置换回款 65% + 个人理财储蓄补充 + 公积金商业贷,重性价比，不盲信大牌，但要求物业管理有序、绿化修剪及时、人防技防规范。,常年本地稳定居住，工作日职住通勤动线规则单一。
上_1997_00363,上海,1997,教育型买房,34,女,0.3,2.9,0.4,5.4,3,1,否,B,social,0.78,0.62,0.33,0.48,0.63,0.76,0.53,1,0.57,学区房,两室一厅,69,531,市第二中学地理教师,三口之家(幼龄段),上海中环品质两居，车位及空间极其拥挤,小区无地下车库且人车不分流，小孩在楼下玩耍或者推婴儿车极为不安全。,讲究超高得房率（超85%），主卧套房必须配备独立步入式衣帽间与干湿分离双卫。,主要在陆家嘴/徐家汇CBD上班，首选地铁2/9号线沿线，通勤半小时内。,倡导轻户外，周末常带家人自驾野营或山系徒步，注重生活情调与手作咖啡。,名下持有一套旧两居，置换回款 65% + 个人理财储蓄补充 + 公积金商业贷,重性价比，不盲信大牌，但要求物业管理有序、绿化修剪及时、人防技防规范。,常年本地稳定居住，工作日职住通勤动线规则单一。
上_1997_00364,上海,1997,本地改善,41,女,0.4,4.3,0.45,7.1,4,2,否,B,agent,0.79,0.6,0.54,0.45,0.53,0.84,0.59,0.64,0.59,自住-改善,两室两厅,70,729,国企车间技术主任,二胎黄金期中大户型,上海中环品质两居，车位及空间极其拥挤,小区无地下车库且人车不分流，小孩在楼下玩耍或者推婴儿车极为不安全。,讲究超高得房率（超85%），主卧套房必须配备独立步入式衣帽间与干湿分离双卫。,主要在陆家嘴/徐家汇CBD上班，首选地铁2/9号线沿线，通勤半小时内。,倡导轻户外，周末常带家人自驾野营或山系徒步，注重生活情调与手作咖啡。,名下持有一套旧两居，置换回款 65% + 个人理财储蓄补充 + 公积金商业贷,重性价比，不盲信大牌，但要求物业管理有序、绿化修剪及时、人防技防规范。,常年本地稳定居住，工作日职住通勤动线规则单一。
上_1997_00365,上海,1997,本地改善,58,女,0.5,5.2,0.45,8.6,4,2,否,B,agent,0.96,0.38,0.53,0.53,0.62,0.82,0.51,0.67,0.6,自住-改善,一室一厅,85,576,邮政局局长秘书,二胎黄金期中大户型,上海中环品质两居，车位及空间极其拥挤,小区无地下车库且人车不分流，小孩在楼下玩耍或者推婴儿车极为不安全。,讲究超高得房率（超85%），主卧套房必须配备独立步入式衣帽间与干湿分离双卫。,主要在陆家嘴/徐家汇CBD上班，首选地铁2/9号线沿线，通勤半小时内。,倡导轻户外，周末常带家人自驾野营或山系徒步，注重生活情调与手作咖啡。,名下持有一套旧两居，置换回款 65% + 个人理财储蓄补充 + 公积金商业贷,重性价比，不盲信大牌，但要求物业管理有序、绿化修剪及时、人防技防规范。,常年本地稳定居住，工作日职住通勤动线规则单一。
上_1997_00366,上海,1997,本地改善,46,男,0.5,5.5,0.45,9.2,5,2,否,B,agent,0.69,0.45,0.69,0.57,0.57,0.76,0.72,0.77,0.54,自住-改善,两室两厅,71,706,区财政局科员,二胎黄金期中大户型,上海中环品质两居，车位及空间极其拥挤,小区无地下车库且人车不分流，小孩在楼下玩耍或者推婴儿车极为不安全。,讲究超高得房率（超85%），主卧套房必须配备独立步入式衣帽间与干湿分离双卫。,主要在陆家嘴/徐家汇CBD上班，首选地铁2/9号线沿线，通勤半小时内。,倡导轻户外，周末常带家人自驾野营或山系徒步，注重生活情调与手作咖啡。,名下持有一套旧两居，置换回款 65% + 个人理财储蓄补充 + 公积金商业贷,重性价比，不盲信大牌，但要求物业管理有序、绿化修剪及时、人防技防规范。,常年本地稳定居住，工作日职住通勤动线规则单一。
上_1997_00367,上海,1997,长三角家庭,38,男,0.5,3.2,0.45,5.3,4,3,是,B,agent,0.86,0.54,0.45,0.43,0.56,0.81,0.47,0.79,0.74,自住-首套,两室两厅,100,297,市第二中学地理教师,二胎黄金期中大户型,上海中环品质两居，车位及空间极其拥挤,小区无地下车库且人车不分流，小孩在楼下玩耍或者推婴儿车极为不安全。,讲究超高得房率（超85%），主卧套房必须配备独立步入式衣帽间与干湿分离双卫。,主要在陆家嘴/徐家汇CBD上班，首选地铁2/9号线沿线，通勤半小时内。,倡导轻户外，周末常带家人自驾野营或山系徒步，注重生活情调与手作咖啡。,夫妻双方积蓄 + 双方父母出资赞助首付 + 公积金商业组合贷款,非仁恒、绿城、万科等金牌开发商不买，极度看重高端精装质量与顶级物业的增值口碑。,常年本地稳定居住，工作日职住通勤动线规则单一。
上_1997_00368,上海,1997,金融精英,48,男,0.8,8.8,0.4,16.5,3,1,否,A,research,0.77,0.5,0.62,0.59,0.66,0.7,0.71,0.87,0.8,自住-首套,一室一厅,98,986,商业银行支行信贷科长,三口之家(学龄段),西湖边高精平层,无高端私密会所及管家式物业配套，圈层鱼龙混杂，高净值居住体验差。,讲究超高得房率（超85%），主卧套房必须配备独立步入式衣帽间与干湿分离双卫。,主要在陆家嘴/徐家汇CBD上班，首选地铁2/9号线沿线，通勤半小时内。,周末常去高端商圈消费，热衷打网球和马术，重度手冲咖啡及黑胶唱片发烧友。,夫妻双方积蓄 + 双方父母出资赞助首付 + 公积金商业组合贷款,非仁恒、绿城、万科等金牌开发商不买，极度看重高端精装质量与顶级物业的增值口碑。,常年本地稳定居住，工作日职住通勤动线规则单一。
上_1997_00369,上海,1997,本地改善,47,女,0.4,4.8,0.45,8.1,4,2,否,B,agent,0.49,0.53,0.59,0.54,0.66,0.82,0.65,0.7,0.63,自住-改善,一室一厅,77,665,邮政局局长秘书,二胎黄金期中大户型,上海中环品质两居，车位及空间极其拥挤,小区无地下车库且人车不分流，小孩在楼下玩耍或者推婴儿车极为不安全。,讲究超高得房率（超85%），主卧套房必须配备独立步入式衣帽间与干湿分离双卫。,主要在陆家嘴/徐家汇CBD上班，首选地铁2/9号线沿线，通勤半小时内。,倡导轻户外，周末常带家人自驾野营或山系徒步，注重生活情调与手作咖啡。,名下持有一套旧两居，置换回款 65% + 个人理财储蓄补充 + 公积金商业贷,重性价比，不盲信大牌，但要求物业管理有序、绿化修剪及时、人防技防规范。,常年本地稳定居住，工作日职住通勤动线规则单一。
上_1997_00370,上海,1997,本地改善,42,男,0.5,3.6,0.45,6.1,5,2,否,B,agent,0.6,0.48,0.48,0.63,0.7,0.85,0.57,0.72,0.48,自住-改善,两室一厅,96,533,邮政局局长秘书,二胎黄金期中大户型,上海中环品质两居，车位及空间极其拥挤,小区无地下车库且人车不分流，小孩在楼下玩耍或者推婴儿车极为不安全。,讲究超高得房率（超85%），主卧套房必须配备独立步入式衣帽间与干湿分离双卫。,主要在陆家嘴/徐家汇CBD上班，首选地铁2/9号线沿线，通勤半小时内。,倡导轻户外，周末常带家人自驾野营或山系徒步，注重生活情调与手作咖啡。,名下持有一套旧两居，置换回款 65% + 个人理财储蓄补充 + 公积金商业贷,重性价比，不盲信大牌，但要求物业管理有序、绿化修剪及时、人防技防规范。,常年本地稳定居住，工作日职住通勤动线规则单一。
上_1997_00371,上海,1997,金融精英,40,男,0.9,5.7,0.4,10.7,3,0,否,A,research,0.64,0.41,0.87,0.6,0.73,0.65,0.62,0.8,0.7,自住-首套,两室两厅,66,1384,老牌证券公司营业部经理,成熟期核心家庭,西湖边高精平层,无高端私密会所及管家式物业配套，圈层鱼龙混杂，高净值居住体验差。,要求有超大面宽南向双阳台（观景家政分离），主卧大飘窗能270度直面自然景观。,主要在陆家嘴/徐家汇CBD上班，首选地铁2/9号线沿线，通勤半小时内。,周末常去高端商圈消费，热衷打网球和马术，重度手冲咖啡及黑胶唱片发烧友。,夫妻双方积蓄 + 双方父母出资赞助首付 + 公积金商业组合贷款,重性价比，不盲信大牌，但要求物业管理有序、绿化修剪及时、人防技防规范。,常年本地稳定居住，工作日职住通勤动线规则单一。
上_1997_00372,上海,1997,教育型买房,35,女,0.4,2.8,0.4,5.3,4,1,否,B,social,0.82,0.51,0.5,0.33,0.59,0.64,0.53,1,0.62,学区房,两室一厅,64,583,国企车间技术主任,三口之家(幼龄段),上海中环品质两居，车位及空间极其拥挤,小区无地下车库且人车不分流，小孩在楼下玩耍或者推婴儿车极为不安全。,核心要求地块属于第一梯队名校学区，且周边500米内解决幼小衔接教育配套。,主要在陆家嘴/徐家汇CBD上班，首选地铁2/9号线沿线，通勤半小时内。,倡导轻户外，周末常带家人自驾野营或山系徒步，注重生活情调与手作咖啡。,名下持有一套旧两居，置换回款 65% + 个人理财储蓄补充 + 公积金商业贷,重性价比，不盲信大牌，但要求物业管理有序、绿化修剪及时、人防技防规范。,常年本地稳定居住，工作日职住通勤动线规则单一。
上_1997_00373,上海,1997,本地改善,50,男,0.3,3.4,0.45,5.7,4,2,否,B,agent,0.77,0.5,0.51,0.55,0.51,0.73,0.57,0.72,0.42,自住-改善,两室两厅,76,674,邮政局局长秘书,二胎黄金期中大户型,上海中环品质两居，车位及空间极其拥挤,小区无地下车库且人车不分流，小孩在楼下玩耍或者推婴儿车极为不安全。,讲究超高得房率（超85%），主卧套房必须配备独立步入式衣帽间与干湿分离双卫。,主要在陆家嘴/徐家汇CBD上班，首选地铁2/9号线沿线，通勤半小时内。,倡导轻户外，周末常带家人自驾野营或山系徒步，注重生活情调与手作咖啡。,名下持有一套旧两居，置换回款 65% + 个人理财储蓄补充 + 公积金商业贷,重性价比，不盲信大牌，但要求物业管理有序、绿化修剪及时、人防技防规范。,常年本地稳定居住，工作日职住通勤动线规则单一。
上_1997_00374,上海,1997,本地改善,43,女,0.4,4.7,0.45,7.8,4,2,否,B,agent,1,0.65,0.54,0.34,0.64,0.77,0.57,0.57,0.5,自住-改善,两室一厅,50,877,区财政局科员,二胎黄金期中大户型,上海中环品质两居，车位及空间极其拥挤,小区无地下车库且人车不分流，小孩在楼下玩耍或者推婴儿车极为不安全。,讲究超高得房率（超85%），主卧套房必须配备独立步入式衣帽间与干湿分离双卫。,主要在陆家嘴/徐家汇CBD上班，首选地铁2/9号线沿线，通勤半小时内。,倡导轻户外，周末常带家人自驾野营或山系徒步，注重生活情调与手作咖啡。,名下持有一套旧两居，置换回款 65% + 个人理财储蓄补充 + 公积金商业贷,重性价比，不盲信大牌，但要求物业管理有序、绿化修剪及时、人防技防规范。,常年本地稳定居住，工作日职住通勤动线规则单一。
上_1997_00375,上海,1997,本地改善,39,女,0.3,3.9,0.45,6.5,4,1,是,B,agent,0.69,0.38,0.54,0.55,0.6,0.98,0.54,0.77,0.56,自住-改善,两室一厅,51,773,区财政局科员,三口之家(学龄段),上海中环品质两居，车位及空间极其拥挤,小区无地下车库且人车不分流，小孩在楼下玩耍或者推婴儿车极为不安全。,讲究超高得房率（超85%），主卧套房必须配备独立步入式衣帽间与干湿分离双卫。,主要在陆家嘴/徐家汇CBD上班，首选地铁2/9号线沿线，通勤半小时内。,倡导轻户外，周末常带家人自驾野营或山系徒步，注重生活情调与手作咖啡。,名下持有一套旧两居，置换回款 65% + 个人理财储蓄补充 + 公积金商业贷,重性价比，不盲信大牌，但要求物业管理有序、绿化修剪及时、人防技防规范。,常年本地稳定居住，工作日职住通勤动线规则单一。
上_1997_00376,上海,1997,长三角家庭,41,女,0.3,2.5,0.45,4.1,4,2,否,B,agent,0.59,0.66,0.57,0.46,0.55,0.88,0.48,0.73,0.64,自住-改善,两室两厅,93,321,市第二中学地理教师,二胎黄金期中大户型,上海中环品质两居，车位及空间极其拥挤,小区无地下车库且人车不分流，小孩在楼下玩耍或者推婴儿车极为不安全。,讲究超高得房率（超85%），主卧套房必须配备独立步入式衣帽间与干湿分离双卫。,主要在陆家嘴/徐家汇CBD上班，首选地铁2/9号线沿线，通勤半小时内。,倡导轻户外，周末常带家人自驾野营或山系徒步，注重生活情调与手作咖啡。,名下持有一套旧两居，置换回款 65% + 个人理财储蓄补充 + 公积金商业贷,重性价比，不盲信大牌，但要求物业管理有序、绿化修剪及时、人防技防规范。,常年本地稳定居住，工作日职住通勤动线规则单一。
上_1997_00377,上海,1997,金融精英,49,男,0.8,6.2,0.4,11.7,3,1,否,A,research,1,0.31,0.61,0.61,0.63,0.7,0.79,0.99,0.78,自住-首套,一室一厅,80,972,申银万国证券分析员,三口之家(学龄段),西湖边高精平层,无高端私密会所及管家式物业配套，圈层鱼龙混杂，高净值居住体验差。,核心要求地块属于第一梯队名校学区，且周边500米内解决幼小衔接教育配套。,主要在陆家嘴/徐家汇CBD上班，首选地铁2/9号线沿线，通勤半小时内。,周末常去高端商圈消费，热衷打网球和马术，重度手冲咖啡及黑胶唱片发烧友。,夫妻双方积蓄 + 双方父母出资赞助首付 + 公积金商业组合贷款,非仁恒、绿城、万科等金牌开发商不买，极度看重高端精装质量与顶级物业的增值口碑。,常年本地稳定居住，工作日职住通勤动线规则单一。
上_1997_00378,上海,1997,金融精英,36,男,0.9,6.7,0.4,12.6,3,1,是,A,research,0.69,0.5,0.5,0.54,0.72,0.68,0.52,0.92,0.75,自住-改善,两室两厅,59,1304,申银万国证券分析员,三口之家(幼龄段),陆家嘴核心区江景大平层,当前房屋属于旧多层无电梯房，父母年纪渐高每天爬楼梯极为吃力。,核心要求地块属于第一梯队名校学区，且周边500米内解决幼小衔接教育配套。,主要在陆家嘴/徐家汇CBD上班，首选地铁2/9号线沿线，通勤半小时内。,周末常去高端商圈消费，热衷打网球和马术，重度手冲咖啡及黑胶唱片发烧友。,名下已有企业股权套现或分红现金，一次性全款付清，基本不加杠杆,非仁恒、绿城、万科等金牌开发商不买，极度看重高端精装质量与顶级物业的增值口碑。,常年本地稳定居住，工作日职住通勤动线规则单一。
上_1997_00379,上海,1997,教育型买房,40,男,0.6,5.1,0.4,9.5,2,1,否,B,social,0.82,0.34,0.37,0.55,0.56,0.67,0.47,1,0.62,学区房,一室一厅,51,1396,邮政局局长秘书,三口之家(学龄段),上海中环品质两居，车位及空间极其拥挤,小区无地下车库且人车不分流，小孩在楼下玩耍或者推婴儿车极为不安全。,核心要求地块属于第一梯队名校学区，且周边500米内解决幼小衔接教育配套。,主要在陆家嘴/徐家汇CBD上班，首选地铁2/9号线沿线，通勤半小时内。,倡导轻户外，周末常带家人自驾野营或山系徒步，注重生活情调与手作咖啡。,名下持有一套旧两居，置换回款 65% + 个人理财储蓄补充 + 公积金商业贷,重性价比，不盲信大牌，但要求物业管理有序、绿化修剪及时、人防技防规范。,常年本地稳定居住，工作日职住通勤动线规则单一。
上_1997_00380,上海,1997,金融精英,47,女,0.7,5.6,0.4,10.6,4,1,否,A,research,0.88,0.26,0.69,0.57,0.79,0.77,0.71,0.67,0.91,自住-改善,两室一厅,52,1338,商业银行支行信贷科长,三口之家(学龄段),陆家嘴核心区江景大平层,无高端私密会所及管家式物业配套，圈层鱼龙混杂，高净值居住体验差。,讲究超高得房率（超85%），主卧套房必须配备独立步入式衣帽间与干湿分离双卫。,主要在陆家嘴/徐家汇CBD上班，首选地铁2/9号线沿线，通勤半小时内。,周末常去高端商圈消费，热衷打网球和马术，重度手冲咖啡及黑胶唱片发烧友。,名下已有企业股权套现或分红现金，一次性全款付清，基本不加杠杆,非仁恒、绿城、万科等金牌开发商不买，极度看重高端精装质量与顶级物业的增值口碑。,常年本地稳定居住，工作日职住通勤动线规则单一。
上_1997_00381,上海,1997,本地改善,47,男,0.3,2.7,0.45,4.6,4,2,是,B,agent,0.68,0.55,0.53,0.47,0.62,0.88,0.64,0.76,0.74,自住-改善,一室一厅,99,392,国企车间技术主任,二胎黄金期中大户型,上海中环品质两居，车位及空间极其拥挤,小区无地下车库且人车不分流，小孩在楼下玩耍或者推婴儿车极为不安全。,讲究超高得房率（超85%），主卧套房必须配备独立步入式衣帽间与干湿分离双卫。,主要在陆家嘴/徐家汇CBD上班，首选地铁2/9号线沿线，通勤半小时内。,倡导轻户外，周末常带家人自驾野营或山系徒步，注重生活情调与手作咖啡。,名下持有一套旧两居，置换回款 65% + 个人理财储蓄补充 + 公积金商业贷,非仁恒、绿城、万科等金牌开发商不买，极度看重高端精装质量与顶级物业的增值口碑。,常年本地稳定居住，工作日职住通勤动线规则单一。
上_1997_00382,上海,1997,本地改善,45,女,0.5,3.8,0.45,6.3,5,2,否,B,agent,0.66,0.44,0.66,0.56,0.45,0.79,0.65,0.83,0.6,自住-改善,两室一厅,73,489,市第二中学地理教师,二胎黄金期中大户型,上海中环品质两居，车位及空间极其拥挤,小区无地下车库且人车不分流，小孩在楼下玩耍或者推婴儿车极为不安全。,讲究超高得房率（超85%），主卧套房必须配备独立步入式衣帽间与干湿分离双卫。,主要在陆家嘴/徐家汇CBD上班，首选地铁2/9号线沿线，通勤半小时内。,倡导轻户外，周末常带家人自驾野营或山系徒步，注重生活情调与手作咖啡。,名下持有一套旧两居，置换回款 65% + 个人理财储蓄补充 + 公积金商业贷,重性价比，不盲信大牌，但要求物业管理有序、绿化修剪及时、人防技防规范。,常年本地稳定居住，工作日职住通勤动线规则单一。
上_1997_00383,上海,1997,本地改善,41,女,0.4,4.8,0.45,8.0,4,2,否,B,agent,0.58,0.63,0.59,0.52,0.65,0.86,0.73,0.7,0.47,自住-改善,两室两厅,66,1004,市第二中学地理教师,二胎黄金期中大户型,上海中环品质两居，车位及空间极其拥挤,小区无地下车库且人车不分流，小孩在楼下玩耍或者推婴儿车极为不安全。,讲究超高得房率（超85%），主卧套房必须配备独立步入式衣帽间与干湿分离双卫。,主要在陆家嘴/徐家汇CBD上班，首选地铁2/9号线沿线，通勤半小时内。,倡导轻户外，周末常带家人自驾野营或山系徒步，注重生活情调与手作咖啡。,名下持有一套旧两居，置换回款 65% + 个人理财储蓄补充 + 公积金商业贷,重性价比，不盲信大牌，但要求物业管理有序、绿化修剪及时、人防技防规范。,常年本地稳定居住，工作日职住通勤动线规则单一。
上_1997_00384,上海,1997,长三角家庭,41,男,0.4,2.2,0.45,3.7,4,2,否,B,agent,0.84,0.38,0.57,0.43,0.61,0.7,0.42,0.78,0.53,自住-首套,两室一厅,59,528,市第二中学地理教师,二胎黄金期中大户型,上海中环品质两居，车位及空间极其拥挤,小区无地下车库且人车不分流，小孩在楼下玩耍或者推婴儿车极为不安全。,核心要求地块属于第一梯队名校学区，且周边500米内解决幼小衔接教育配套。,主要在陆家嘴/徐家汇CBD上班，首选地铁2/9号线沿线，通勤半小时内。,倡导轻户外，周末常带家人自驾野营或山系徒步，注重生活情调与手作咖啡。,夫妻双方积蓄 + 双方父母出资赞助首付 + 公积金商业组合贷款,重性价比，不盲信大牌，但要求物业管理有序、绿化修剪及时、人防技防规范。,常年本地稳定居住，工作日职住通勤动线规则单一。
上_1997_00385,上海,1997,本地改善,45,男,0.5,4.1,0.45,6.8,3,3,是,B,agent,0.62,0.49,0.56,0.29,0.57,0.91,0.57,0.6,0.58,自住-改善,两室一厅,68,655,区财政局科员,二胎黄金期中大户型,上海中环品质两居，车位及空间极其拥挤,小区无地下车库且人车不分流，小孩在楼下玩耍或者推婴儿车极为不安全。,讲究超高得房率（超85%），主卧套房必须配备独立步入式衣帽间与干湿分离双卫。,主要在陆家嘴/徐家汇CBD上班，首选地铁2/9号线沿线，通勤半小时内。,倡导轻户外，周末常带家人自驾野营或山系徒步，注重生活情调与手作咖啡。,名下持有一套旧两居，置换回款 65% + 个人理财储蓄补充 + 公积金商业贷,重性价比，不盲信大牌，但要求物业管理有序、绿化修剪及时、人防技防规范。,常年本地稳定居住，工作日职住通勤动线规则单一。
上_1997_00386,上海,1997,本地改善,53,男,0.5,6.3,0.45,10.5,4,2,是,B,agent,0.73,0.36,0.57,0.56,0.53,0.85,0.68,0.79,0.65,自住-改善,两室两厅,97,751,邮政局局长秘书,二胎黄金期中大户型,上海中环品质两居，车位及空间极其拥挤,小区无地下车库且人车不分流，小孩在楼下玩耍或者推婴儿车极为不安全。,讲究超高得房率（超85%），主卧套房必须配备独立步入式衣帽间与干湿分离双卫。,主要在陆家嘴/徐家汇CBD上班，首选地铁2/9号线沿线，通勤半小时内。,倡导轻户外，周末常带家人自驾野营或山系徒步，注重生活情调与手作咖啡。,名下持有一套旧两居，置换回款 65% + 个人理财储蓄补充 + 公积金商业贷,重性价比，不盲信大牌，但要求物业管理有序、绿化修剪及时、人防技防规范。,常年本地稳定居住，工作日职住通勤动线规则单一。
上_1997_00387,上海,1997,本地改善,56,男,0.3,2.5,0.45,4.2,4,3,否,B,agent,0.86,0.54,0.54,0.42,0.54,0.76,0.65,0.6,0.48,自住-改善,一室一厅,58,531,区财政局科员,二胎黄金期中大户型,上海中环品质两居，车位及空间极其拥挤,小区无地下车库且人车不分流，小孩在楼下玩耍或者推婴儿车极为不安全。,讲究超高得房率（超85%），主卧套房必须配备独立步入式衣帽间与干湿分离双卫。,主要在陆家嘴/徐家汇CBD上班，首选地铁2/9号线沿线，通勤半小时内。,倡导轻户外，周末常带家人自驾野营或山系徒步，注重生活情调与手作咖啡。,名下持有一套旧两居，置换回款 65% + 个人理财储蓄补充 + 公积金商业贷,重性价比，不盲信大牌，但要求物业管理有序、绿化修剪及时、人防技防规范。,常年本地稳定居住，工作日职住通勤动线规则单一。
上_1997_00388,上海,1997,本地改善,54,男,0.6,4.1,0.45,6.9,5,2,是,B,agent,0.96,0.5,0.62,0.46,0.56,0.76,0.48,0.88,0.67,自住-改善,两室一厅,89,676,区财政局科员,二胎黄金期中大户型,上海中环品质两居，车位及空间极其拥挤,小区无地下车库且人车不分流，小孩在楼下玩耍或者推婴儿车极为不安全。,讲究超高得房率（超85%），主卧套房必须配备独立步入式衣帽间与干湿分离双卫。,主要在陆家嘴/徐家汇CBD上班，首选地铁2/9号线沿线，通勤半小时内。,倡导轻户外，周末常带家人自驾野营或山系徒步，注重生活情调与手作咖啡。,名下持有一套旧两居，置换回款 65% + 个人理财储蓄补充 + 公积金商业贷,重性价比，不盲信大牌，但要求物业管理有序、绿化修剪及时、人防技防规范。,常年本地稳定居住，工作日职住通勤动线规则单一。
上_1997_00389,上海,1997,教育型买房,46,女,0.4,2.2,0.4,4.1,3,1,是,B,social,0.9,0.43,0.49,0.15,0.41,0.64,0.46,0.85,0.64,学区房,两室两厅,55,488,国企车间技术主任,三口之家(学龄段),上海中环品质两居，车位及空间极其拥挤,小区无地下车库且人车不分流，小孩在楼下玩耍或者推婴儿车极为不安全。,核心要求地块属于第一梯队名校学区，且周边500米内解决幼小衔接教育配套。,主要在陆家嘴/徐家汇CBD上班，首选地铁2/9号线沿线，通勤半小时内。,倡导轻户外，周末常带家人自驾野营或山系徒步，注重生活情调与手作咖啡。,名下持有一套旧两居，置换回款 65% + 个人理财储蓄补充 + 公积金商业贷,重性价比，不盲信大牌，但要求物业管理有序、绿化修剪及时、人防技防规范。,常年本地稳定居住，工作日职住通勤动线规则单一。
上_1997_00390,上海,1997,本地改善,41,男,0.6,4.9,0.45,8.1,4,3,是,B,agent,0.99,0.42,0.51,0.33,0.58,0.87,0.47,0.62,0.67,自住-改善,两室一厅,83,836,国企车间技术主任,二胎黄金期中大户型,上海中环品质两居，车位及空间极其拥挤,小区无地下车库且人车不分流，小孩在楼下玩耍或者推婴儿车极为不安全。,讲究超高得房率（超85%），主卧套房必须配备独立步入式衣帽间与干湿分离双卫。,主要在陆家嘴/徐家汇CBD上班，首选地铁2/9号线沿线，通勤半小时内。,倡导轻户外，周末常带家人自驾野营或山系徒步，注重生活情调与手作咖啡。,名下持有一套旧两居，置换回款 65% + 个人理财储蓄补充 + 公积金商业贷,重性价比，不盲信大牌，但要求物业管理有序、绿化修剪及时、人防技防规范。,常年本地稳定居住，工作日职住通勤动线规则单一。
上_1997_00391,上海,1997,教育型买房,32,男,0.3,2.0,0.4,3.8,4,2,否,B,social,0.94,0.51,0.44,0.45,0.64,0.63,0.71,1,0.73,学区房,一室一厅,77,333,市第二中学地理教师,二胎黄金期中大户型,上海中环品质两居，车位及空间极其拥挤,小区无地下车库且人车不分流，小孩在楼下玩耍或者推婴儿车极为不安全。,核心要求地块属于第一梯队名校学区，且周边500米内解决幼小衔接教育配套。,主要在陆家嘴/徐家汇CBD上班，首选地铁2/9号线沿线，通勤半小时内。,倡导轻户外，周末常带家人自驾野营或山系徒步，注重生活情调与手作咖啡。,名下持有一套旧两居，置换回款 65% + 个人理财储蓄补充 + 公积金商业贷,非仁恒、绿城、万科等金牌开发商不买，极度看重高端精装质量与顶级物业的增值口碑。,常年本地稳定居住，工作日职住通勤动线规则单一。
上_1997_00392,上海,1997,本地改善,49,女,0.6,7.1,0.45,11.9,4,3,否,B,agent,0.65,0.38,0.41,0.61,0.49,0.94,0.69,0.81,0.54,自住-改善,两室一厅,76,1088,区财政局科员,二胎黄金期中大户型,上海中环品质两居，车位及空间极其拥挤,小区无地下车库且人车不分流，小孩在楼下玩耍或者推婴儿车极为不安全。,讲究超高得房率（超85%），主卧套房必须配备独立步入式衣帽间与干湿分离双卫。,主要在陆家嘴/徐家汇CBD上班，首选地铁2/9号线沿线，通勤半小时内。,倡导轻户外，周末常带家人自驾野营或山系徒步，注重生活情调与手作咖啡。,名下持有一套旧两居，置换回款 65% + 个人理财储蓄补充 + 公积金商业贷,重性价比，不盲信大牌，但要求物业管理有序、绿化修剪及时、人防技防规范。,常年本地稳定居住，工作日职住通勤动线规则单一。
上_1997_00393,上海,1997,本地改善,56,女,0.4,3.1,0.45,5.1,3,3,是,B,agent,0.7,0.51,0.57,0.37,0.42,0.8,0.63,0.56,0.51,自住-改善,两室两厅,89,468,国企车间技术主任,二胎黄金期中大户型,上海中环品质两居，车位及空间极其拥挤,小区无地下车库且人车不分流，小孩在楼下玩耍或者推婴儿车极为不安全。,讲究超高得房率（超85%），主卧套房必须配备独立步入式衣帽间与干湿分离双卫。,主要在陆家嘴/徐家汇CBD上班，首选地铁2/9号线沿线，通勤半小时内。,倡导轻户外，周末常带家人自驾野营或山系徒步，注重生活情调与手作咖啡。,名下持有一套旧两居，置换回款 65% + 个人理财储蓄补充 + 公积金商业贷,重性价比，不盲信大牌，但要求物业管理有序、绿化修剪及时、人防技防规范。,常年本地稳定居住，工作日职住通勤动线规则单一。
上_1997_00394,上海,1997,本地改善,38,男,0.5,5.6,0.45,9.4,4,2,是,B,agent,0.76,0.39,0.49,0.41,0.46,0.85,0.56,0.64,0.58,自住-改善,两室一厅,54,994,国企车间技术主任,二胎黄金期中大户型,上海中环品质两居，车位及空间极其拥挤,小区无地下车库且人车不分流，小孩在楼下玩耍或者推婴儿车极为不安全。,讲究超高得房率（超85%），主卧套房必须配备独立步入式衣帽间与干湿分离双卫。,主要在陆家嘴/徐家汇CBD上班，首选地铁2/9号线沿线，通勤半小时内。,倡导轻户外，周末常带家人自驾野营或山系徒步，注重生活情调与手作咖啡。,名下持有一套旧两居，置换回款 65% + 个人理财储蓄补充 + 公积金商业贷,重性价比，不盲信大牌，但要求物业管理有序、绿化修剪及时、人防技防规范。,常年本地稳定居住，工作日职住通勤动线规则单一。
上_1997_00395,上海,1997,本地改善,55,女,0.5,4.0,0.45,6.6,4,2,否,B,agent,0.67,0.41,0.64,0.43,0.55,0.76,0.7,0.71,0.67,自住-改善,一室一厅,62,876,区财政局科员,二胎黄金期中大户型,上海中环品质两居，车位及空间极其拥挤,小区无地下车库且人车不分流，小孩在楼下玩耍或者推婴儿车极为不安全。,讲究超高得房率（超85%），主卧套房必须配备独立步入式衣帽间与干湿分离双卫。,主要在陆家嘴/徐家汇CBD上班，首选地铁2/9号线沿线，通勤半小时内。,倡导轻户外，周末常带家人自驾野营或山系徒步，注重生活情调与手作咖啡。,名下持有一套旧两居，置换回款 65% + 个人理财储蓄补充 + 公积金商业贷,重性价比，不盲信大牌，但要求物业管理有序、绿化修剪及时、人防技防规范。,常年本地稳定居住，工作日职住通勤动线规则单一。
上_1997_00396,上海,1997,长三角家庭,50,男,0.3,1.4,0.45,2.4,5,2,是,B,agent,0.8,0.48,0.56,0.65,0.57,0.71,0.58,0.71,0.65,自住-首套,两室一厅,56,270,区财政局科员,二胎黄金期中大户型,上海中环品质两居，车位及空间极其拥挤,小区无地下车库且人车不分流，小孩在楼下玩耍或者推婴儿车极为不安全。,讲究超高得房率（超85%），主卧套房必须配备独立步入式衣帽间与干湿分离双卫。,主要在陆家嘴/徐家汇CBD上班，首选地铁2/9号线沿线，通勤半小时内。,倡导轻户外，周末常带家人自驾野营或山系徒步，注重生活情调与手作咖啡。,夫妻双方积蓄 + 双方父母出资赞助首付 + 公积金商业组合贷款,重性价比，不盲信大牌，但要求物业管理有序、绿化修剪及时、人防技防规范。,常年本地稳定居住，工作日职住通勤动线规则单一。
上_1997_00397,上海,1997,教育型买房,43,女,0.7,5.1,0.4,9.6,3,1,否,B,social,0.78,0.55,0.36,0.31,0.64,0.74,0.55,1,0.63,学区房,两室一厅,56,1005,国企车间技术主任,三口之家(学龄段),上海中环品质两居，车位及空间极其拥挤,小区无地下车库且人车不分流，小孩在楼下玩耍或者推婴儿车极为不安全。,讲究超高得房率（超85%），主卧套房必须配备独立步入式衣帽间与干湿分离双卫。,主要在陆家嘴/徐家汇CBD上班，首选地铁2/9号线沿线，通勤半小时内。,倡导轻户外，周末常带家人自驾野营或山系徒步，注重生活情调与手作咖啡。,名下持有一套旧两居，置换回款 65% + 个人理财储蓄补充 + 公积金商业贷,重性价比，不盲信大牌，但要求物业管理有序、绿化修剪及时、人防技防规范。,常年本地稳定居住，工作日职住通勤动线规则单一。
上_1997_00398,上海,1997,本地改善,58,男,0.6,7.2,0.45,12.0,4,2,是,B,agent,0.91,0.48,0.6,0.57,0.56,0.76,0.44,0.77,0.59,自住-改善,两室一厅,90,1031,国企车间技术主任,二胎黄金期中大户型,上海中环品质两居，车位及空间极其拥挤,小区无地下车库且人车不分流，小孩在楼下玩耍或者推婴儿车极为不安全。,讲究超高得房率（超85%），主卧套房必须配备独立步入式衣帽间与干湿分离双卫。,主要在陆家嘴/徐家汇CBD上班，首选地铁2/9号线沿线，通勤半小时内。,倡导轻户外，周末常带家人自驾野营或山系徒步，注重生活情调与手作咖啡。,名下持有一套旧两居，置换回款 65% + 个人理财储蓄补充 + 公积金商业贷,重性价比，不盲信大牌，但要求物业管理有序、绿化修剪及时、人防技防规范。,常年本地稳定居住，工作日职住通勤动线规则单一。
上_1997_00399,上海,1997,本地改善,43,女,0.4,4.1,0.45,6.9,5,2,否,B,agent,0.36,0.53,0.43,0.5,0.52,0.84,0.55,0.57,0.65,自住-改善,一室一厅,80,619,市第二中学地理教师,二胎黄金期中大户型,上海中环品质两居，车位及空间极其拥挤,小区无地下车库且人车不分流，小孩在楼下玩耍或者推婴儿车极为不安全。,讲究超高得房率（超85%），主卧套房必须配备独立步入式衣帽间与干湿分离双卫。,主要在陆家嘴/徐家汇CBD上班，首选地铁2/9号线沿线，通勤半小时内。,倡导轻户外，周末常带家人自驾野营或山系徒步，注重生活情调与手作咖啡。,名下持有一套旧两居，置换回款 65% + 个人理财储蓄补充 + 公积金商业贷,重性价比，不盲信大牌，但要求物业管理有序、绿化修剪及时、人防技防规范。,常年本地稳定居住，工作日职住通勤动线规则单一。
上_1997_00400,上海,1997,教育型买房,40,男,0.4,3.0,0.4,5.5,4,0,否,B,social,1,0.52,0.36,0.29,0.6,0.7,0.53,1,0.42,学区房,两室一厅,91,364,国企车间技术主任,成熟期核心家庭,上海中环品质两居，车位及空间极其拥挤,老小区隔音差，邻里滋扰严重，且车位严重匮乏，每晚加班回来抢车位像打仗。,核心要求地块属于第一梯队名校学区，且周边500米内解决幼小衔接教育配套。,主要在陆家嘴/徐家汇CBD上班，首选地铁2/9号线沿线，通勤半小时内。,倡导轻户外，周末常带家人自驾野营或山系徒步，注重生活情调与手作咖啡。,名下持有一套旧两居，置换回款 65% + 个人理财储蓄补充 + 公积金商业贷,重性价比，不盲信大牌，但要求物业管理有序、绿化修剪及时、人防技防规范。,常年本地稳定居住，工作日职住通勤动线规则单一。
上_1997_00401,上海,1997,本地改善,42,男,0.3,3.7,0.45,6.1,3,2,是,B,agent,0.7,0.54,0.58,0.58,0.5,0.96,0.62,0.75,0.58,自住-改善,两室两厅,91,403,市第二中学地理教师,二胎黄金期中大户型,上海中环品质两居，车位及空间极其拥挤,小区无地下车库且人车不分流，小孩在楼下玩耍或者推婴儿车极为不安全。,讲究超高得房率（超85%），主卧套房必须配备独立步入式衣帽间与干湿分离双卫。,主要在陆家嘴/徐家汇CBD上班，首选地铁2/9号线沿线，通勤半小时内。,倡导轻户外，周末常带家人自驾野营或山系徒步，注重生活情调与手作咖啡。,名下持有一套旧两居，置换回款 65% + 个人理财储蓄补充 + 公积金商业贷,重性价比，不盲信大牌，但要求物业管理有序、绿化修剪及时、人防技防规范。,常年本地稳定居住，工作日职住通勤动线规则单一。
上_1997_00402,上海,1997,本地改善,45,男,0.3,3.8,0.45,6.4,3,2,是,B,agent,0.69,0.64,0.64,0.45,0.63,0.75,0.59,0.65,0.62,自住-改善,两室两厅,52,646,邮政局局长秘书,二胎黄金期中大户型,上海中环品质两居，车位及空间极其拥挤,小区无地下车库且人车不分流，小孩在楼下玩耍或者推婴儿车极为不安全。,讲究超高得房率（超85%），主卧套房必须配备独立步入式衣帽间与干湿分离双卫。,主要在陆家嘴/徐家汇CBD上班，首选地铁2/9号线沿线，通勤半小时内。,倡导轻户外，周末常带家人自驾野营或山系徒步，注重生活情调与手作咖啡。,名下持有一套旧两居，置换回款 65% + 个人理财储蓄补充 + 公积金商业贷,重性价比，不盲信大牌，但要求物业管理有序、绿化修剪及时、人防技防规范。,常年本地稳定居住，工作日职住通勤动线规则单一。
上_1997_00403,上海,1997,本地改善,53,女,0.3,2.9,0.45,4.9,4,1,否,B,agent,0.8,0.57,0.44,0.41,0.63,0.89,0.53,0.76,0.6,自住-改善,一室一厅,89,469,国企车间技术主任,三口之家(学龄段),上海中环品质两居，车位及空间极其拥挤,小区无地下车库且人车不分流，小孩在楼下玩耍或者推婴儿车极为不安全。,讲究超高得房率（超85%），主卧套房必须配备独立步入式衣帽间与干湿分离双卫。,主要在陆家嘴/徐家汇CBD上班，首选地铁2/9号线沿线，通勤半小时内。,倡导轻户外，周末常带家人自驾野营或山系徒步，注重生活情调与手作咖啡。,名下持有一套旧两居，置换回款 65% + 个人理财储蓄补充 + 公积金商业贷,重性价比，不盲信大牌，但要求物业管理有序、绿化修剪及时、人防技防规范。,常年本地稳定居住，工作日职住通勤动线规则单一。
上_1997_00404,上海,1997,金融精英,32,女,1.2,8.9,0.4,16.6,2,1,否,A,research,0.97,0.46,0.66,0.51,0.9,0.71,0.74,0.73,0.84,自住-首套,两室一厅,74,1696,老牌证券公司营业部经理,三口之家(幼龄段),西湖边高精平层,无高端私密会所及管家式物业配套，圈层鱼龙混杂，高净值居住体验差。,讲究超高得房率（超85%），主卧套房必须配备独立步入式衣帽间与干湿分离双卫。,主要在陆家嘴/徐家汇CBD上班，首选地铁2/9号线沿线，通勤半小时内。,周末常去高端商圈消费，热衷打网球和马术，重度手冲咖啡及黑胶唱片发烧友。,夫妻双方积蓄 + 双方父母出资赞助首付 + 公积金商业组合贷款,非仁恒、绿城、万科等金牌开发商不买，极度看重高端精装质量与顶级物业的增值口碑。,常年本地稳定居住，工作日职住通勤动线规则单一。
上_1997_00405,上海,1997,外籍海归,33,男,0.5,2.6,0.4,4.9,3,1,否,A,social,0.75,0.7,0.67,0.57,0.82,0.62,0.71,0.75,0.66,婚房,一室一厅,100,280,外企驻沪办事处代表,三口之家(幼龄段),陆家嘴核心区江景大平层,无高端私密会所及管家式物业配套，圈层鱼龙混杂，高净值居住体验差。,核心要求地块属于第一梯队名校学区，且周边500米内解决幼小衔接教育配套。,主要在陆家嘴/徐家汇CBD上班，首选地铁2/9号线沿线，通勤半小时内。,周末常去高端商圈消费，热衷打网球和马术，重度手冲咖啡及黑胶唱片发烧友。,夫妻双方积蓄 + 双方父母出资赞助首付 + 公积金商业组合贷款,重性价比，不盲信大牌，但要求物业管理有序、绿化修剪及时、人防技防规范。,常年本地稳定居住，工作日职住通勤动线规则单一。
上_1997_00406,上海,1997,金融精英,43,男,0.7,4.0,0.4,7.5,3,1,否,A,research,0.65,0.52,0.51,0.52,0.67,0.63,0.67,0.84,0.84,自住-改善,两室一厅,98,611,申银万国证券分析员,三口之家(学龄段),西湖边高精平层,无高端私密会所及管家式物业配套，圈层鱼龙混杂，高净值居住体验差。,核心要求地块属于第一梯队名校学区，且周边500米内解决幼小衔接教育配套。,主要在陆家嘴/徐家汇CBD上班，首选地铁2/9号线沿线，通勤半小时内。,周末常去高端商圈消费，热衷打网球和马术，重度手冲咖啡及黑胶唱片发烧友。,名下已有企业股权套现或分红现金，一次性全款付清，基本不加杠杆,非仁恒、绿城、万科等金牌开发商不买，极度看重高端精装质量与顶级物业的增值口碑。,常年本地稳定居住，工作日职住通勤动线规则单一。
上_1997_00407,上海,1997,金融精英,39,男,0.5,3.3,0.4,6.2,3,1,否,A,research,0.76,0.72,0.68,0.58,0.86,0.87,0.66,0.72,0.8,自住-改善,一室一厅,60,602,老牌证券公司营业部经理,三口之家(学龄段),市中心私密洋房住宅,无高端私密会所及管家式物业配套，圈层鱼龙混杂，高净值居住体验差。,讲究超高得房率（超85%），主卧套房必须配备独立步入式衣帽间与干湿分离双卫。,主要在陆家嘴/徐家汇CBD上班，首选地铁2/9号线沿线，通勤半小时内。,周末常去高端商圈消费，热衷打网球和马术，重度手冲咖啡及黑胶唱片发烧友。,名下已有企业股权套现或分红现金，一次性全款付清，基本不加杠杆,非仁恒、绿城、万科等金牌开发商不买，极度看重高端精装质量与顶级物业的增值口碑。,常年本地稳定居住，工作日职住通勤动线规则单一。
上_1997_00408,上海,1997,金融精英,38,女,1.7,10.6,0.4,19.9,5,1,是,A,research,0.55,0.42,0.72,0.7,0.65,0.71,0.94,0.99,0.7,自住-首套,两室一厅,73,2395,老牌证券公司营业部经理,三口之家(学龄段),陆家嘴核心区江景大平层,当前房屋属于旧多层无电梯房，父母年纪渐高每天爬楼梯极为吃力。,要求独立电梯入户，主次卧动线分明，配备独立保姆房和私密后院。,主要在陆家嘴/徐家汇CBD上班，首选地铁2/9号线沿线，通勤半小时内。,周末常去高端商圈消费，热衷打网球和马术，重度手冲咖啡及黑胶唱片发烧友。,夫妻双方积蓄 + 双方父母出资赞助首付 + 公积金商业组合贷款,重性价比，不盲信大牌，但要求物业管理有序、绿化修剪及时、人防技防规范。,常年本地稳定居住，工作日职住通勤动线规则单一。
上_1997_00409,上海,1997,金融精英,34,女,1.0,6.4,0.4,12.0,3,2,否,A,research,0.54,0.46,0.62,0.6,0.76,0.76,0.73,0.84,0.79,自住-首套,两室两厅,98,800,老牌证券公司营业部经理,二胎黄金期中大户型,陆家嘴核心区江景大平层,无高端私密会所及管家式物业配套，圈层鱼龙混杂，高净值居住体验差。,讲究超高得房率（超85%），主卧套房必须配备独立步入式衣帽间与干湿分离双卫。,主要在陆家嘴/徐家汇CBD上班，首选地铁2/9号线沿线，通勤半小时内。,周末常去高端商圈消费，热衷打网球和马术，重度手冲咖啡及黑胶唱片发烧友。,夫妻双方积蓄 + 双方父母出资赞助首付 + 公积金商业组合贷款,非仁恒、绿城、万科等金牌开发商不买，极度看重高端精装质量与顶级物业的增值口碑。,常年本地稳定居住，工作日职住通勤动线规则单一。
上_1997_00410,上海,1997,本地改善,46,男,0.6,6.4,0.45,10.6,4,2,是,B,agent,0.9,0.53,0.64,0.6,0.48,0.78,0.7,0.8,0.54,自住-改善,一室一厅,82,871,国企车间技术主任,二胎黄金期中大户型,上海中环品质两居，车位及空间极其拥挤,小区无地下车库且人车不分流，小孩在楼下玩耍或者推婴儿车极为不安全。,讲究超高得房率（超85%），主卧套房必须配备独立步入式衣帽间与干湿分离双卫。,主要在陆家嘴/徐家汇CBD上班，首选地铁2/9号线沿线，通勤半小时内。,倡导轻户外，周末常带家人自驾野营或山系徒步，注重生活情调与手作咖啡。,名下持有一套旧两居，置换回款 65% + 个人理财储蓄补充 + 公积金商业贷,重性价比，不盲信大牌，但要求物业管理有序、绿化修剪及时、人防技防规范。,常年本地稳定居住，工作日职住通勤动线规则单一。
上_1997_00411,上海,1997,教育型买房,33,男,0.8,6.4,0.4,12.0,4,1,否,B,social,1,0.61,0.4,0.41,0.59,0.62,0.46,1,0.52,学区房,两室一厅,57,1860,区财政局科员,三口之家(幼龄段),上海中环品质两居，车位及空间极其拥挤,小区无地下车库且人车不分流，小孩在楼下玩耍或者推婴儿车极为不安全。,核心要求地块属于第一梯队名校学区，且周边500米内解决幼小衔接教育配套。,主要在陆家嘴/徐家汇CBD上班，首选地铁2/9号线沿线，通勤半小时内。,倡导轻户外，周末常带家人自驾野营或山系徒步，注重生活情调与手作咖啡。,名下持有一套旧两居，置换回款 65% + 个人理财储蓄补充 + 公积金商业贷,重性价比，不盲信大牌，但要求物业管理有序、绿化修剪及时、人防技防规范。,常年本地稳定居住，工作日职住通勤动线规则单一。
上_1997_00412,上海,1997,本地改善,58,女,0.5,4.3,0.45,7.2,5,2,是,B,agent,0.77,0.46,0.57,0.43,0.45,0.86,0.38,0.74,0.66,自住-改善,两室一厅,80,621,国企车间技术主任,二胎黄金期中大户型,上海中环品质两居，车位及空间极其拥挤,小区无地下车库且人车不分流，小孩在楼下玩耍或者推婴儿车极为不安全。,讲究超高得房率（超85%），主卧套房必须配备独立步入式衣帽间与干湿分离双卫。,主要在陆家嘴/徐家汇CBD上班，首选地铁2/9号线沿线，通勤半小时内。,倡导轻户外，周末常带家人自驾野营或山系徒步，注重生活情调与手作咖啡。,名下持有一套旧两居，置换回款 65% + 个人理财储蓄补充 + 公积金商业贷,重性价比，不盲信大牌，但要求物业管理有序、绿化修剪及时、人防技防规范。,常年本地稳定居住，工作日职住通勤动线规则单一。
上_1997_00413,上海,1997,本地改善,41,男,0.5,3.9,0.45,6.4,3,2,否,B,agent,0.64,0.54,0.63,0.41,0.56,0.94,0.44,0.75,0.58,自住-改善,一室一厅,62,778,国企车间技术主任,二胎黄金期中大户型,上海中环品质两居，车位及空间极其拥挤,小区无地下车库且人车不分流，小孩在楼下玩耍或者推婴儿车极为不安全。,讲究超高得房率（超85%），主卧套房必须配备独立步入式衣帽间与干湿分离双卫。,主要在陆家嘴/徐家汇CBD上班，首选地铁2/9号线沿线，通勤半小时内。,倡导轻户外，周末常带家人自驾野营或山系徒步，注重生活情调与手作咖啡。,名下持有一套旧两居，置换回款 65% + 个人理财储蓄补充 + 公积金商业贷,重性价比，不盲信大牌，但要求物业管理有序、绿化修剪及时、人防技防规范。,常年本地稳定居住，工作日职住通勤动线规则单一。
上_1997_00414,上海,1997,本地改善,41,男,0.6,5.6,0.45,9.3,5,2,否,B,agent,0.72,0.44,0.51,0.43,0.63,0.75,0.57,0.7,0.62,自住-改善,一室一厅,95,638,国企车间技术主任,二胎黄金期中大户型,上海中环品质两居，车位及空间极其拥挤,小区无地下车库且人车不分流，小孩在楼下玩耍或者推婴儿车极为不安全。,讲究超高得房率（超85%），主卧套房必须配备独立步入式衣帽间与干湿分离双卫。,主要在陆家嘴/徐家汇CBD上班，首选地铁2/9号线沿线，通勤半小时内。,倡导轻户外，周末常带家人自驾野营或山系徒步，注重生活情调与手作咖啡。,名下持有一套旧两居，置换回款 65% + 个人理财储蓄补充 + 公积金商业贷,重性价比，不盲信大牌，但要求物业管理有序、绿化修剪及时、人防技防规范。,常年本地稳定居住，工作日职住通勤动线规则单一。
上_1997_00415,上海,1997,本地改善,44,男,0.4,5.1,0.45,8.5,4,2,否,B,agent,0.57,0.33,0.38,0.49,0.68,0.79,0.7,0.65,0.72,自住-改善,一室一厅,59,1083,国企车间技术主任,二胎黄金期中大户型,上海中环品质两居，车位及空间极其拥挤,小区无地下车库且人车不分流，小孩在楼下玩耍或者推婴儿车极为不安全。,讲究超高得房率（超85%），主卧套房必须配备独立步入式衣帽间与干湿分离双卫。,主要在陆家嘴/徐家汇CBD上班，首选地铁2/9号线沿线，通勤半小时内。,倡导轻户外，周末常带家人自驾野营或山系徒步，注重生活情调与手作咖啡。,名下持有一套旧两居，置换回款 65% + 个人理财储蓄补充 + 公积金商业贷,非仁恒、绿城、万科等金牌开发商不买，极度看重高端精装质量与顶级物业的增值口碑。,常年本地稳定居住，工作日职住通勤动线规则单一。
上_1997_00416,上海,1997,长三角家庭,38,男,0.3,2.8,0.45,4.7,6,2,是,B,agent,0.8,0.48,0.46,0.4,0.62,0.8,0.38,0.7,0.73,自住-首套,一室一厅,75,333,区财政局科员,二胎黄金期中大户型,上海中环品质两居，车位及空间极其拥挤,小区无地下车库且人车不分流，小孩在楼下玩耍或者推婴儿车极为不安全。,讲究超高得房率（超85%），主卧套房必须配备独立步入式衣帽间与干湿分离双卫。,主要在陆家嘴/徐家汇CBD上班，首选地铁2/9号线沿线，通勤半小时内。,倡导轻户外，周末常带家人自驾野营或山系徒步，注重生活情调与手作咖啡。,夫妻双方积蓄 + 双方父母出资赞助首付 + 公积金商业组合贷款,非仁恒、绿城、万科等金牌开发商不买，极度看重高端精装质量与顶级物业的增值口碑。,常年本地稳定居住，工作日职住通勤动线规则单一。
上_1997_00417,上海,1997,教育型买房,40,男,0.6,3.5,0.4,6.5,3,1,是,B,social,0.87,0.3,0.34,0.47,0.79,0.79,0.5,1,0.47,学区房,两室一厅,51,811,国企车间技术主任,三口之家(学龄段),上海中环品质两居，车位及空间极其拥挤,小区无地下车库且人车不分流，小孩在楼下玩耍或者推婴儿车极为不安全。,讲究超高得房率（超85%），主卧套房必须配备独立步入式衣帽间与干湿分离双卫。,主要在陆家嘴/徐家汇CBD上班，首选地铁2/9号线沿线，通勤半小时内。,倡导轻户外，周末常带家人自驾野营或山系徒步，注重生活情调与手作咖啡。,名下持有一套旧两居，置换回款 65% + 个人理财储蓄补充 + 公积金商业贷,重性价比，不盲信大牌，但要求物业管理有序、绿化修剪及时、人防技防规范。,常年本地稳定居住，工作日职住通勤动线规则单一。
上_1997_00418,上海,1997,教育型买房,40,女,0.5,5.3,0.4,10.0,2,1,否,B,social,0.96,0.44,0.45,0.38,0.53,0.71,0.59,1,0.59,学区房,两室一厅,80,1038,区财政局科员,三口之家(学龄段),上海中环品质两居，车位及空间极其拥挤,小区无地下车库且人车不分流，小孩在楼下玩耍或者推婴儿车极为不安全。,讲究超高得房率（超85%），主卧套房必须配备独立步入式衣帽间与干湿分离双卫。,主要在陆家嘴/徐家汇CBD上班，首选地铁2/9号线沿线，通勤半小时内。,倡导轻户外，周末常带家人自驾野营或山系徒步，注重生活情调与手作咖啡。,名下持有一套旧两居，置换回款 65% + 个人理财储蓄补充 + 公积金商业贷,重性价比，不盲信大牌，但要求物业管理有序、绿化修剪及时、人防技防规范。,常年本地稳定居住，工作日职住通勤动线规则单一。
上_1997_00419,上海,1997,本地改善,39,女,0.3,4.0,0.45,6.6,4,2,否,B,agent,0.42,0.55,0.52,0.45,0.74,0.79,0.67,0.77,0.62,自住-改善,两室两厅,80,556,区财政局科员,二胎黄金期中大户型,上海中环品质两居，车位及空间极其拥挤,小区无地下车库且人车不分流，小孩在楼下玩耍或者推婴儿车极为不安全。,讲究超高得房率（超85%），主卧套房必须配备独立步入式衣帽间与干湿分离双卫。,主要在陆家嘴/徐家汇CBD上班，首选地铁2/9号线沿线，通勤半小时内。,倡导轻户外，周末常带家人自驾野营或山系徒步，注重生活情调与手作咖啡。,名下持有一套旧两居，置换回款 65% + 个人理财储蓄补充 + 公积金商业贷,重性价比，不盲信大牌，但要求物业管理有序、绿化修剪及时、人防技防规范。,常年本地稳定居住，工作日职住通勤动线规则单一。
上_1997_00420,上海,1997,本地改善,52,男,0.5,5.4,0.45,9.0,3,2,是,B,agent,0.81,0.52,0.54,0.52,0.51,0.89,0.75,0.74,0.53,自住-改善,两室一厅,82,682,邮政局局长秘书,二胎黄金期中大户型,上海中环品质两居，车位及空间极其拥挤,小区无地下车库且人车不分流，小孩在楼下玩耍或者推婴儿车极为不安全。,讲究超高得房率（超85%），主卧套房必须配备独立步入式衣帽间与干湿分离双卫。,主要在陆家嘴/徐家汇CBD上班，首选地铁2/9号线沿线，通勤半小时内。,倡导轻户外，周末常带家人自驾野营或山系徒步，注重生活情调与手作咖啡。,名下持有一套旧两居，置换回款 65% + 个人理财储蓄补充 + 公积金商业贷,重性价比，不盲信大牌，但要求物业管理有序、绿化修剪及时、人防技防规范。,常年本地稳定居住，工作日职住通勤动线规则单一。
上_1997_00421,上海,1997,金融精英,39,男,1.0,10.3,0.4,19.4,3,1,否,A,research,0.9,0.38,0.71,0.46,0.72,0.73,0.69,0.83,0.64,自住-首套,两室一厅,85,2000,商业银行支行信贷科长,三口之家(学龄段),西湖边高精平层,无高端私密会所及管家式物业配套，圈层鱼龙混杂，高净值居住体验差。,要求有超大面宽南向双阳台（观景家政分离），主卧大飘窗能270度直面自然景观。,主要在陆家嘴/徐家汇CBD上班，首选地铁2/9号线沿线，通勤半小时内。,周末常去高端商圈消费，热衷打网球和马术，重度手冲咖啡及黑胶唱片发烧友。,夫妻双方积蓄 + 双方父母出资赞助首付 + 公积金商业组合贷款,重性价比，不盲信大牌，但要求物业管理有序、绿化修剪及时、人防技防规范。,常年本地稳定居住，工作日职住通勤动线规则单一。
上_1997_00422,上海,1997,教育型买房,43,男,0.5,4.2,0.4,7.9,3,1,否,B,social,0.95,0.47,0.26,0.44,0.65,0.69,0.31,0.99,0.48,学区房,两室两厅,54,999,市第二中学地理教师,三口之家(学龄段),上海中环品质两居，车位及空间极其拥挤,小区无地下车库且人车不分流，小孩在楼下玩耍或者推婴儿车极为不安全。,核心要求地块属于第一梯队名校学区，且周边500米内解决幼小衔接教育配套。,主要在陆家嘴/徐家汇CBD上班，首选地铁2/9号线沿线，通勤半小时内。,倡导轻户外，周末常带家人自驾野营或山系徒步，注重生活情调与手作咖啡。,名下持有一套旧两居，置换回款 65% + 个人理财储蓄补充 + 公积金商业贷,重性价比，不盲信大牌，但要求物业管理有序、绿化修剪及时、人防技防规范。,常年本地稳定居住，工作日职住通勤动线规则单一。
上_1997_00423,上海,1997,本地改善,40,女,0.5,4.4,0.45,7.4,5,2,否,B,agent,0.87,0.56,0.56,0.47,0.4,0.77,0.77,0.84,0.55,自住-改善,两室一厅,95,660,区财政局科员,二胎黄金期中大户型,上海中环品质两居，车位及空间极其拥挤,小区无地下车库且人车不分流，小孩在楼下玩耍或者推婴儿车极为不安全。,讲究超高得房率（超85%），主卧套房必须配备独立步入式衣帽间与干湿分离双卫。,主要在陆家嘴/徐家汇CBD上班，首选地铁2/9号线沿线，通勤半小时内。,倡导轻户外，周末常带家人自驾野营或山系徒步，注重生活情调与手作咖啡。,名下持有一套旧两居，置换回款 65% + 个人理财储蓄补充 + 公积金商业贷,重性价比，不盲信大牌，但要求物业管理有序、绿化修剪及时、人防技防规范。,常年本地稳定居住，工作日职住通勤动线规则单一。
上_1997_00424,上海,1997,金融精英,48,男,1.1,8.1,0.4,15.2,2,1,否,A,research,0.84,0.4,0.64,0.51,0.68,0.81,0.66,0.7,0.85,自住-改善,两室两厅,64,1733,商业银行支行信贷科长,三口之家(学龄段),西湖边高精平层,无高端私密会所及管家式物业配套，圈层鱼龙混杂，高净值居住体验差。,讲究超高得房率（超85%），主卧套房必须配备独立步入式衣帽间与干湿分离双卫。,主要在陆家嘴/徐家汇CBD上班，首选地铁2/9号线沿线，通勤半小时内。,周末常去高端商圈消费，热衷打网球和马术，重度手冲咖啡及黑胶唱片发烧友。,名下已有企业股权套现或分红现金，一次性全款付清，基本不加杠杆,非仁恒、绿城、万科等金牌开发商不买，极度看重高端精装质量与顶级物业的增值口碑。,常年本地稳定居住，工作日职住通勤动线规则单一。
上_1997_00425,上海,1997,本地改善,42,女,0.3,3.9,0.45,6.6,5,1,否,B,agent,0.69,0.49,0.64,0.55,0.66,0.85,0.56,0.75,0.55,自住-改善,两室一厅,91,421,区财政局科员,三口之家(学龄段),上海中环品质两居，车位及空间极其拥挤,小区无地下车库且人车不分流，小孩在楼下玩耍或者推婴儿车极为不安全。,讲究超高得房率（超85%），主卧套房必须配备独立步入式衣帽间与干湿分离双卫。,主要在陆家嘴/徐家汇CBD上班，首选地铁2/9号线沿线，通勤半小时内。,倡导轻户外，周末常带家人自驾野营或山系徒步，注重生活情调与手作咖啡。,名下持有一套旧两居，置换回款 65% + 个人理财储蓄补充 + 公积金商业贷,重性价比，不盲信大牌，但要求物业管理有序、绿化修剪及时、人防技防规范。,常年本地稳定居住，工作日职住通勤动线规则单一。
上_1997_00426,上海,1997,外籍海归,36,男,0.5,3.1,0.4,5.8,2,0,否,A,social,0.63,0.43,0.51,0.63,0.9,0.64,0.62,0.79,0.76,自住-首套,一室一厅,54,823,外企驻沪办事处代表,成熟期核心家庭,西湖边高精平层,无高端私密会所及管家式物业配套，圈层鱼龙混杂，高净值居住体验差。,核心要求地块属于第一梯队名校学区，且周边500米内解决幼小衔接教育配套。,主要在陆家嘴/徐家汇CBD上班，首选地铁2/9号线沿线，通勤半小时内。,周末常去高端商圈消费，热衷打网球和马术，重度手冲咖啡及黑胶唱片发烧友。,夫妻双方积蓄 + 双方父母出资赞助首付 + 公积金商业组合贷款,非仁恒、绿城、万科等金牌开发商不买，极度看重高端精装质量与顶级物业的增值口碑。,常年本地稳定居住，工作日职住通勤动线规则单一。
上_1997_00427,上海,1997,金融精英,36,男,1.0,7.5,0.4,14.1,2,1,否,A,research,0.89,0.59,0.73,0.62,0.73,0.81,0.69,0.74,1,自住-改善,一室一厅,55,2017,商业银行支行信贷科长,三口之家(幼龄段),西湖边高精平层,无高端私密会所及管家式物业配套，圈层鱼龙混杂，高净值居住体验差。,要求有超大面宽南向双阳台（观景家政分离），主卧大飘窗能270度直面自然景观。,主要在陆家嘴/徐家汇CBD上班，首选地铁2/9号线沿线，通勤半小时内。,周末常去高端商圈消费，热衷打网球和马术，重度手冲咖啡及黑胶唱片发烧友。,名下已有企业股权套现或分红现金，一次性全款付清，基本不加杠杆,非仁恒、绿城、万科等金牌开发商不买，极度看重高端精装质量与顶级物业的增值口碑。,常年本地稳定居住，工作日职住通勤动线规则单一。
上_1997_00428,上海,1997,教育型买房,41,男,0.6,4.5,0.4,8.5,3,1,否,B,social,0.99,0.55,0.38,0.45,0.71,0.74,0.39,1,0.46,学区房,两室一厅,89,482,邮政局局长秘书,三口之家(学龄段),上海中环品质两居，车位及空间极其拥挤,小区无地下车库且人车不分流，小孩在楼下玩耍或者推婴儿车极为不安全。,讲究超高得房率（超85%），主卧套房必须配备独立步入式衣帽间与干湿分离双卫。,主要在陆家嘴/徐家汇CBD上班，首选地铁2/9号线沿线，通勤半小时内。,倡导轻户外，周末常带家人自驾野营或山系徒步，注重生活情调与手作咖啡。,名下持有一套旧两居，置换回款 65% + 个人理财储蓄补充 + 公积金商业贷,重性价比，不盲信大牌，但要求物业管理有序、绿化修剪及时、人防技防规范。,常年本地稳定居住，工作日职住通勤动线规则单一。
上_1997_00429,上海,1997,本地改善,39,女,0.7,4.6,0.45,7.6,5,2,是,B,agent,0.5,0.62,0.56,0.53,0.54,0.87,0.74,0.75,0.46,自住-改善,一室一厅,54,822,国企车间技术主任,二胎黄金期中大户型,上海中环品质两居，车位及空间极其拥挤,小区无地下车库且人车不分流，小孩在楼下玩耍或者推婴儿车极为不安全。,讲究超高得房率（超85%），主卧套房必须配备独立步入式衣帽间与干湿分离双卫。,主要在陆家嘴/徐家汇CBD上班，首选地铁2/9号线沿线，通勤半小时内。,倡导轻户外，周末常带家人自驾野营或山系徒步，注重生活情调与手作咖啡。,名下持有一套旧两居，置换回款 65% + 个人理财储蓄补充 + 公积金商业贷,重性价比，不盲信大牌，但要求物业管理有序、绿化修剪及时、人防技防规范。,常年本地稳定居住，工作日职住通勤动线规则单一。
上_1997_00430,上海,1997,长三角家庭,55,男,0.4,3.3,0.45,5.4,5,1,否,B,agent,0.68,0.51,0.56,0.47,0.53,0.74,0.4,0.71,0.73,自住-改善,两室两厅,66,582,区财政局科员,三口之家(学龄段),上海中环品质两居，车位及空间极其拥挤,小区无地下车库且人车不分流，小孩在楼下玩耍或者推婴儿车极为不安全。,讲究超高得房率（超85%），主卧套房必须配备独立步入式衣帽间与干湿分离双卫。,主要在陆家嘴/徐家汇CBD上班，首选地铁2/9号线沿线，通勤半小时内。,倡导轻户外，周末常带家人自驾野营或山系徒步，注重生活情调与手作咖啡。,名下持有一套旧两居，置换回款 65% + 个人理财储蓄补充 + 公积金商业贷,非仁恒、绿城、万科等金牌开发商不买，极度看重高端精装质量与顶级物业的增值口碑。,常年本地稳定居住，工作日职住通勤动线规则单一。
上_1997_00431,上海,1997,本地改善,51,女,0.4,3.9,0.45,6.5,4,2,是,B,agent,0.79,0.55,0.7,0.55,0.73,0.79,0.62,0.62,0.69,自住-改善,两室一厅,97,507,邮政局局长秘书,二胎黄金期中大户型,上海中环品质两居，车位及空间极其拥挤,小区无地下车库且人车不分流，小孩在楼下玩耍或者推婴儿车极为不安全。,要求有超大面宽南向双阳台（观景家政分离），主卧大飘窗能270度直面自然景观。,主要在陆家嘴/徐家汇CBD上班，首选地铁2/9号线沿线，通勤半小时内。,倡导轻户外，周末常带家人自驾野营或山系徒步，注重生活情调与手作咖啡。,名下持有一套旧两居，置换回款 65% + 个人理财储蓄补充 + 公积金商业贷,重性价比，不盲信大牌，但要求物业管理有序、绿化修剪及时、人防技防规范。,常年本地稳定居住，工作日职住通勤动线规则单一。
上_1997_00432,上海,1997,本地改善,52,女,0.4,4.1,0.45,6.9,4,2,否,B,agent,0.58,0.53,0.68,0.43,0.53,0.9,0.5,0.73,0.55,自住-改善,两室两厅,74,731,国企车间技术主任,二胎黄金期中大户型,上海中环品质两居，车位及空间极其拥挤,小区无地下车库且人车不分流，小孩在楼下玩耍或者推婴儿车极为不安全。,讲究超高得房率（超85%），主卧套房必须配备独立步入式衣帽间与干湿分离双卫。,主要在陆家嘴/徐家汇CBD上班，首选地铁2/9号线沿线，通勤半小时内。,倡导轻户外，周末常带家人自驾野营或山系徒步，注重生活情调与手作咖啡。,名下持有一套旧两居，置换回款 65% + 个人理财储蓄补充 + 公积金商业贷,重性价比，不盲信大牌，但要求物业管理有序、绿化修剪及时、人防技防规范。,常年本地稳定居住，工作日职住通勤动线规则单一。
上_1997_00433,上海,1997,教育型买房,45,女,0.5,4.6,0.4,8.7,3,1,是,B,social,0.88,0.55,0.43,0.44,0.57,0.63,0.54,1,0.67,学区房,两室两厅,59,834,邮政局局长秘书,三口之家(学龄段),上海中环品质两居，车位及空间极其拥挤,小区无地下车库且人车不分流，小孩在楼下玩耍或者推婴儿车极为不安全。,核心要求地块属于第一梯队名校学区，且周边500米内解决幼小衔接教育配套。,主要在陆家嘴/徐家汇CBD上班，首选地铁2/9号线沿线，通勤半小时内。,倡导轻户外，周末常带家人自驾野营或山系徒步，注重生活情调与手作咖啡。,名下持有一套旧两居，置换回款 65% + 个人理财储蓄补充 + 公积金商业贷,重性价比，不盲信大牌，但要求物业管理有序、绿化修剪及时、人防技防规范。,常年本地稳定居住，工作日职住通勤动线规则单一。
上_1997_00434,上海,1997,本地改善,44,男,0.5,5.8,0.45,9.7,3,3,是,B,agent,0.79,0.38,0.65,0.56,0.46,0.85,0.66,0.77,0.62,自住-改善,一室一厅,56,1406,市第二中学地理教师,二胎黄金期中大户型,上海中环品质两居，车位及空间极其拥挤,小区无地下车库且人车不分流，小孩在楼下玩耍或者推婴儿车极为不安全。,讲究超高得房率（超85%），主卧套房必须配备独立步入式衣帽间与干湿分离双卫。,主要在陆家嘴/徐家汇CBD上班，首选地铁2/9号线沿线，通勤半小时内。,倡导轻户外，周末常带家人自驾野营或山系徒步，注重生活情调与手作咖啡。,名下持有一套旧两居，置换回款 65% + 个人理财储蓄补充 + 公积金商业贷,重性价比，不盲信大牌，但要求物业管理有序、绿化修剪及时、人防技防规范。,常年本地稳定居住，工作日职住通勤动线规则单一。
上_1997_00435,上海,1997,教育型买房,45,男,0.4,2.5,0.4,4.8,3,1,否,B,social,1,0.47,0.38,0.37,0.6,0.69,0.57,0.97,0.63,学区房,两室一厅,67,431,区财政局科员,三口之家(学龄段),上海中环品质两居，车位及空间极其拥挤,小区无地下车库且人车不分流，小孩在楼下玩耍或者推婴儿车极为不安全。,核心要求地块属于第一梯队名校学区，且周边500米内解决幼小衔接教育配套。,主要在陆家嘴/徐家汇CBD上班，首选地铁2/9号线沿线，通勤半小时内。,倡导轻户外，周末常带家人自驾野营或山系徒步，注重生活情调与手作咖啡。,名下持有一套旧两居，置换回款 65% + 个人理财储蓄补充 + 公积金商业贷,重性价比，不盲信大牌，但要求物业管理有序、绿化修剪及时、人防技防规范。,常年本地稳定居住，工作日职住通勤动线规则单一。
上_1997_00436,上海,1997,教育型买房,36,男,0.6,3.9,0.4,7.4,2,1,否,B,social,0.9,0.45,0.37,0.39,0.54,0.65,0.59,1,0.51,学区房,一室一厅,81,544,邮政局局长秘书,三口之家(幼龄段),上海中环品质两居，车位及空间极其拥挤,小区无地下车库且人车不分流，小孩在楼下玩耍或者推婴儿车极为不安全。,核心要求地块属于第一梯队名校学区，且周边500米内解决幼小衔接教育配套。,主要在陆家嘴/徐家汇CBD上班，首选地铁2/9号线沿线，通勤半小时内。,倡导轻户外，周末常带家人自驾野营或山系徒步，注重生活情调与手作咖啡。,名下持有一套旧两居，置换回款 65% + 个人理财储蓄补充 + 公积金商业贷,重性价比，不盲信大牌，但要求物业管理有序、绿化修剪及时、人防技防规范。,常年本地稳定居住，工作日职住通勤动线规则单一。
上_1997_00437,上海,1997,本地改善,40,男,0.4,4.3,0.45,7.2,4,2,是,B,agent,0.48,0.41,0.58,0.46,0.52,0.84,0.65,0.65,0.62,自住-改善,一室一厅,86,689,市第二中学地理教师,二胎黄金期中大户型,上海中环品质两居，车位及空间极其拥挤,小区无地下车库且人车不分流，小孩在楼下玩耍或者推婴儿车极为不安全。,讲究超高得房率（超85%），主卧套房必须配备独立步入式衣帽间与干湿分离双卫。,主要在陆家嘴/徐家汇CBD上班，首选地铁2/9号线沿线，通勤半小时内。,倡导轻户外，周末常带家人自驾野营或山系徒步，注重生活情调与手作咖啡。,名下持有一套旧两居，置换回款 65% + 个人理财储蓄补充 + 公积金商业贷,重性价比，不盲信大牌，但要求物业管理有序、绿化修剪及时、人防技防规范。,常年本地稳定居住，工作日职住通勤动线规则单一。
上_1997_00438,上海,1997,本地改善,52,女,0.7,6.8,0.45,11.3,4,2,否,B,agent,0.57,0.52,0.56,0.51,0.51,0.86,0.59,0.8,0.54,自住-改善,一室一厅,53,1835,区财政局科员,二胎黄金期中大户型,上海中环品质两居，车位及空间极其拥挤,小区无地下车库且人车不分流，小孩在楼下玩耍或者推婴儿车极为不安全。,讲究超高得房率（超85%），主卧套房必须配备独立步入式衣帽间与干湿分离双卫。,主要在陆家嘴/徐家汇CBD上班，首选地铁2/9号线沿线，通勤半小时内。,倡导轻户外，周末常带家人自驾野营或山系徒步，注重生活情调与手作咖啡。,名下持有一套旧两居，置换回款 65% + 个人理财储蓄补充 + 公积金商业贷,重性价比，不盲信大牌，但要求物业管理有序、绿化修剪及时、人防技防规范。,常年本地稳定居住，工作日职住通勤动线规则单一。
上_1997_00439,上海,1997,外籍海归,30,女,0.9,4.9,0.4,9.3,3,2,否,A,social,0.66,0.54,0.57,0.5,0.86,0.75,0.67,0.84,0.64,自住-首套,两室两厅,83,757,合资日化企业技术主管,二胎黄金期中大户型,市中心私密洋房住宅,无高端私密会所及管家式物业配套，圈层鱼龙混杂，高净值居住体验差。,讲究超高得房率（超85%），主卧套房必须配备独立步入式衣帽间与干湿分离双卫。,主要在陆家嘴/徐家汇CBD上班，首选地铁2/9号线沿线，通勤半小时内。,周末常去高端商圈消费，热衷打网球和马术，重度手冲咖啡及黑胶唱片发烧友。,夫妻双方积蓄 + 双方父母出资赞助首付 + 公积金商业组合贷款,重性价比，不盲信大牌，但要求物业管理有序、绿化修剪及时、人防技防规范。,常年本地稳定居住，工作日职住通勤动线规则单一。
上_1997_00440,上海,1997,教育型买房,33,女,0.4,3.0,0.4,5.5,3,1,否,B,social,0.95,0.52,0.35,0.4,0.66,0.7,0.44,0.9,0.48,学区房,两室一厅,86,392,邮政局局长秘书,三口之家(幼龄段),上海中环品质两居，车位及空间极其拥挤,小区无地下车库且人车不分流，小孩在楼下玩耍或者推婴儿车极为不安全。,讲究超高得房率（超85%），主卧套房必须配备独立步入式衣帽间与干湿分离双卫。,主要在陆家嘴/徐家汇CBD上班，首选地铁2/9号线沿线，通勤半小时内。,倡导轻户外，周末常带家人自驾野营或山系徒步，注重生活情调与手作咖啡。,名下持有一套旧两居，置换回款 65% + 个人理财储蓄补充 + 公积金商业贷,重性价比，不盲信大牌，但要求物业管理有序、绿化修剪及时、人防技防规范。,常年本地稳定居住，工作日职住通勤动线规则单一。
上_1997_00441,上海,1997,长三角家庭,41,男,0.4,3.0,0.45,5.1,4,1,是,B,agent,0.89,0.59,0.58,0.45,0.5,0.73,0.47,0.77,0.64,自住-改善,一室一厅,56,740,市第二中学地理教师,三口之家(学龄段),上海中环品质两居，车位及空间极其拥挤,小区无地下车库且人车不分流，小孩在楼下玩耍或者推婴儿车极为不安全。,讲究超高得房率（超85%），主卧套房必须配备独立步入式衣帽间与干湿分离双卫。,主要在陆家嘴/徐家汇CBD上班，首选地铁2/9号线沿线，通勤半小时内。,倡导轻户外，周末常带家人自驾野营或山系徒步，注重生活情调与手作咖啡。,名下持有一套旧两居，置换回款 65% + 个人理财储蓄补充 + 公积金商业贷,重性价比，不盲信大牌，但要求物业管理有序、绿化修剪及时、人防技防规范。,常年本地稳定居住，工作日职住通勤动线规则单一。
上_1997_00442,上海,1997,本地改善,53,女,0.3,3.1,0.45,5.1,4,3,否,B,agent,0.68,0.57,0.6,0.48,0.67,0.85,0.7,0.62,0.55,自住-改善,一室一厅,87,299,区财政局科员,二胎黄金期中大户型,上海中环品质两居，车位及空间极其拥挤,小区无地下车库且人车不分流，小孩在楼下玩耍或者推婴儿车极为不安全。,讲究超高得房率（超85%），主卧套房必须配备独立步入式衣帽间与干湿分离双卫。,主要在陆家嘴/徐家汇CBD上班，首选地铁2/9号线沿线，通勤半小时内。,倡导轻户外，周末常带家人自驾野营或山系徒步，注重生活情调与手作咖啡。,名下持有一套旧两居，置换回款 65% + 个人理财储蓄补充 + 公积金商业贷,重性价比，不盲信大牌，但要求物业管理有序、绿化修剪及时、人防技防规范。,常年本地稳定居住，工作日职住通勤动线规则单一。
上_1997_00443,上海,1997,教育型买房,39,女,0.6,4.8,0.4,9.0,3,0,是,B,social,0.74,0.43,0.28,0.4,0.58,0.63,0.61,1,0.54,学区房,两室一厅,93,614,国企车间技术主任,成熟期核心家庭,上海中环品质两居，车位及空间极其拥挤,当前房屋属于旧多层无电梯房，父母年纪渐高每天爬楼梯极为吃力。,核心要求地块属于第一梯队名校学区，且周边500米内解决幼小衔接教育配套。,主要在陆家嘴/徐家汇CBD上班，首选地铁2/9号线沿线，通勤半小时内。,倡导轻户外，周末常带家人自驾野营或山系徒步，注重生活情调与手作咖啡。,名下持有一套旧两居，置换回款 65% + 个人理财储蓄补充 + 公积金商业贷,重性价比，不盲信大牌，但要求物业管理有序、绿化修剪及时、人防技防规范。,常年本地稳定居住，工作日职住通勤动线规则单一。
上_1997_00444,上海,1997,金融精英,36,男,0.9,5.4,0.4,10.2,4,1,是,A,research,0.52,0.37,0.64,0.5,0.64,0.68,0.5,0.88,0.86,自住-首套,两室一厅,63,815,老牌证券公司营业部经理,三口之家(幼龄段),西湖边高精平层,当前房屋属于旧多层无电梯房，父母年纪渐高每天爬楼梯极为吃力。,核心要求地块属于第一梯队名校学区，且周边500米内解决幼小衔接教育配套。,主要在陆家嘴/徐家汇CBD上班，首选地铁2/9号线沿线，通勤半小时内。,周末常去高端商圈消费，热衷打网球和马术，重度手冲咖啡及黑胶唱片发烧友。,夫妻双方积蓄 + 双方父母出资赞助首付 + 公积金商业组合贷款,非仁恒、绿城、万科等金牌开发商不买，极度看重高端精装质量与顶级物业的增值口碑。,常年本地稳定居住，工作日职住通勤动线规则单一。
上_1997_00445,上海,1997,本地改善,49,男,0.6,7.7,0.45,12.8,5,3,否,B,agent,0.71,0.6,0.56,0.47,0.54,0.95,0.69,0.68,0.68,自住-改善,两室一厅,84,1091,区财政局科员,二胎黄金期中大户型,上海中环品质两居，车位及空间极其拥挤,小区无地下车库且人车不分流，小孩在楼下玩耍或者推婴儿车极为不安全。,讲究超高得房率（超85%），主卧套房必须配备独立步入式衣帽间与干湿分离双卫。,主要在陆家嘴/徐家汇CBD上班，首选地铁2/9号线沿线，通勤半小时内。,倡导轻户外，周末常带家人自驾野营或山系徒步，注重生活情调与手作咖啡。,名下持有一套旧两居，置换回款 65% + 个人理财储蓄补充 + 公积金商业贷,重性价比，不盲信大牌，但要求物业管理有序、绿化修剪及时、人防技防规范。,常年本地稳定居住，工作日职住通勤动线规则单一。
上_1997_00446,上海,1997,本地改善,38,男,0.5,5.2,0.45,8.7,4,2,否,B,agent,0.39,0.57,0.45,0.51,0.52,0.86,0.64,0.72,0.64,自住-改善,两室两厅,93,508,市第二中学地理教师,二胎黄金期中大户型,上海中环品质两居，车位及空间极其拥挤,小区无地下车库且人车不分流，小孩在楼下玩耍或者推婴儿车极为不安全。,讲究超高得房率（超85%），主卧套房必须配备独立步入式衣帽间与干湿分离双卫。,主要在陆家嘴/徐家汇CBD上班，首选地铁2/9号线沿线，通勤半小时内。,倡导轻户外，周末常带家人自驾野营或山系徒步，注重生活情调与手作咖啡。,名下持有一套旧两居，置换回款 65% + 个人理财储蓄补充 + 公积金商业贷,重性价比，不盲信大牌，但要求物业管理有序、绿化修剪及时、人防技防规范。,常年本地稳定居住，工作日职住通勤动线规则单一。
上_1997_00447,上海,1997,本地改善,38,男,0.5,5.3,0.45,8.8,3,2,否,B,agent,0.92,0.44,0.54,0.47,0.68,0.84,0.54,0.64,0.47,自住-改善,两室一厅,77,590,市第二中学地理教师,二胎黄金期中大户型,上海中环品质两居，车位及空间极其拥挤,小区无地下车库且人车不分流，小孩在楼下玩耍或者推婴儿车极为不安全。,讲究超高得房率（超85%），主卧套房必须配备独立步入式衣帽间与干湿分离双卫。,主要在陆家嘴/徐家汇CBD上班，首选地铁2/9号线沿线，通勤半小时内。,倡导轻户外，周末常带家人自驾野营或山系徒步，注重生活情调与手作咖啡。,名下持有一套旧两居，置换回款 65% + 个人理财储蓄补充 + 公积金商业贷,重性价比，不盲信大牌，但要求物业管理有序、绿化修剪及时、人防技防规范。,常年本地稳定居住，工作日职住通勤动线规则单一。
上_1997_00448,上海,1997,本地改善,40,女,0.4,5.0,0.45,8.4,5,1,是,B,agent,0.77,0.45,0.56,0.55,0.53,1.0,0.79,0.69,0.66,自住-改善,两室两厅,64,949,区财政局科员,三口之家(学龄段),上海中环品质两居，车位及空间极其拥挤,小区无地下车库且人车不分流，小孩在楼下玩耍或者推婴儿车极为不安全。,讲究超高得房率（超85%），主卧套房必须配备独立步入式衣帽间与干湿分离双卫。,主要在陆家嘴/徐家汇CBD上班，首选地铁2/9号线沿线，通勤半小时内。,倡导轻户外，周末常带家人自驾野营或山系徒步，注重生活情调与手作咖啡。,名下持有一套旧两居，置换回款 65% + 个人理财储蓄补充 + 公积金商业贷,重性价比，不盲信大牌，但要求物业管理有序、绿化修剪及时、人防技防规范。,常年本地稳定居住，工作日职住通勤动线规则单一。
上_1997_00449,上海,1997,金融精英,47,女,0.3,1.9,0.4,3.6,3,2,否,A,research,0.89,0.46,0.68,0.82,0.74,0.87,0.85,0.75,0.83,自住-改善,两室一厅,50,513,老牌证券公司营业部经理,二胎黄金期中大户型,陆家嘴核心区江景大平层,无高端私密会所及管家式物业配套，圈层鱼龙混杂，高净值居住体验差。,要求独立电梯入户，主次卧动线分明，配备独立保姆房和私密后院。,主要在陆家嘴/徐家汇CBD上班，首选地铁2/9号线沿线，通勤半小时内。,周末常去高端商圈消费，热衷打网球和马术，重度手冲咖啡及黑胶唱片发烧友。,名下已有企业股权套现或分红现金，一次性全款付清，基本不加杠杆,非仁恒、绿城、万科等金牌开发商不买，极度看重高端精装质量与顶级物业的增值口碑。,常年本地稳定居住，工作日职住通勤动线规则单一。
上_1997_00450,上海,1997,教育型买房,43,男,0.4,3.2,0.4,6.0,3,1,否,B,social,0.88,0.5,0.47,0.46,0.62,0.63,0.49,1,0.61,学区房,一室一厅,67,481,邮政局局长秘书,三口之家(学龄段),上海中环品质两居，车位及空间极其拥挤,小区无地下车库且人车不分流，小孩在楼下玩耍或者推婴儿车极为不安全。,核心要求地块属于第一梯队名校学区，且周边500米内解决幼小衔接教育配套。,主要在陆家嘴/徐家汇CBD上班，首选地铁2/9号线沿线，通勤半小时内。,倡导轻户外，周末常带家人自驾野营或山系徒步，注重生活情调与手作咖啡。,名下持有一套旧两居，置换回款 65% + 个人理财储蓄补充 + 公积金商业贷,重性价比，不盲信大牌，但要求物业管理有序、绿化修剪及时、人防技防规范。,常年本地稳定居住，工作日职住通勤动线规则单一。
上_1997_00451,上海,1997,教育型买房,36,男,0.3,2.5,0.4,4.7,3,1,是,B,social,1,0.45,0.45,0.22,0.67,0.72,0.58,0.99,0.73,学区房,两室一厅,64,638,邮政局局长秘书,三口之家(幼龄段),上海中环品质两居，车位及空间极其拥挤,小区无地下车库且人车不分流，小孩在楼下玩耍或者推婴儿车极为不安全。,讲究超高得房率（超85%），主卧套房必须配备独立步入式衣帽间与干湿分离双卫。,主要在陆家嘴/徐家汇CBD上班，首选地铁2/9号线沿线，通勤半小时内。,倡导轻户外，周末常带家人自驾野营或山系徒步，注重生活情调与手作咖啡。,名下持有一套旧两居，置换回款 65% + 个人理财储蓄补充 + 公积金商业贷,非仁恒、绿城、万科等金牌开发商不买，极度看重高端精装质量与顶级物业的增值口碑。,常年本地稳定居住，工作日职住通勤动线规则单一。
上_1997_00452,上海,1997,长三角家庭,51,女,0.5,3.5,0.45,5.9,4,2,否,B,agent,0.86,0.56,0.59,0.66,0.56,0.82,0.45,0.7,0.71,自住-首套,两室一厅,64,551,国企车间技术主任,二胎黄金期中大户型,上海中环品质两居，车位及空间极其拥挤,小区无地下车库且人车不分流，小孩在楼下玩耍或者推婴儿车极为不安全。,讲究超高得房率（超85%），主卧套房必须配备独立步入式衣帽间与干湿分离双卫。,主要在陆家嘴/徐家汇CBD上班，首选地铁2/9号线沿线，通勤半小时内。,倡导轻户外，周末常带家人自驾野营或山系徒步，注重生活情调与手作咖啡。,夫妻双方积蓄 + 双方父母出资赞助首付 + 公积金商业组合贷款,非仁恒、绿城、万科等金牌开发商不买，极度看重高端精装质量与顶级物业的增值口碑。,常年本地稳定居住，工作日职住通勤动线规则单一。
上_1997_00453,上海,1997,本地改善,51,男,0.3,2.5,0.45,4.2,5,2,是,B,agent,0.47,0.51,0.63,0.49,0.54,0.88,0.64,0.73,0.6,自住-改善,两室一厅,81,454,邮政局局长秘书,二胎黄金期中大户型,上海中环品质两居，车位及空间极其拥挤,小区无地下车库且人车不分流，小孩在楼下玩耍或者推婴儿车极为不安全。,讲究超高得房率（超85%），主卧套房必须配备独立步入式衣帽间与干湿分离双卫。,主要在陆家嘴/徐家汇CBD上班，首选地铁2/9号线沿线，通勤半小时内。,倡导轻户外，周末常带家人自驾野营或山系徒步，注重生活情调与手作咖啡。,名下持有一套旧两居，置换回款 65% + 个人理财储蓄补充 + 公积金商业贷,重性价比，不盲信大牌，但要求物业管理有序、绿化修剪及时、人防技防规范。,常年本地稳定居住，工作日职住通勤动线规则单一。
上_1997_00454,上海,1997,本地改善,43,男,0.4,4.4,0.45,7.4,4,2,否,B,agent,0.64,0.52,0.45,0.49,0.58,0.82,0.55,0.51,0.66,自住-改善,两室一厅,56,759,市第二中学地理教师,二胎黄金期中大户型,上海中环品质两居，车位及空间极其拥挤,小区无地下车库且人车不分流，小孩在楼下玩耍或者推婴儿车极为不安全。,讲究超高得房率（超85%），主卧套房必须配备独立步入式衣帽间与干湿分离双卫。,主要在陆家嘴/徐家汇CBD上班，首选地铁2/9号线沿线，通勤半小时内。,倡导轻户外，周末常带家人自驾野营或山系徒步，注重生活情调与手作咖啡。,名下持有一套旧两居，置换回款 65% + 个人理财储蓄补充 + 公积金商业贷,重性价比，不盲信大牌，但要求物业管理有序、绿化修剪及时、人防技防规范。,常年本地稳定居住，工作日职住通勤动线规则单一。
上_1997_00455,上海,1997,金融精英,50,男,1.1,11.2,0.4,21.0,3,0,否,A,research,0.77,0.61,0.69,0.63,0.71,0.66,0.82,0.89,0.83,自住-改善,一室一厅,86,1741,商业银行支行信贷科长,成熟期核心家庭,西湖边高精平层,无高端私密会所及管家式物业配套，圈层鱼龙混杂，高净值居住体验差。,核心要求地块属于第一梯队名校学区，且周边500米内解决幼小衔接教育配套。,主要在陆家嘴/徐家汇CBD上班，首选地铁2/9号线沿线，通勤半小时内。,周末常去高端商圈消费，热衷打网球和马术，重度手冲咖啡及黑胶唱片发烧友。,名下已有企业股权套现或分红现金，一次性全款付清，基本不加杠杆,非仁恒、绿城、万科等金牌开发商不买，极度看重高端精装质量与顶级物业的增值口碑。,常年本地稳定居住，工作日职住通勤动线规则单一。
上_1997_00456,上海,1997,本地改善,47,女,0.6,6.1,0.45,10.2,3,2,否,B,agent,1,0.47,0.51,0.35,0.53,0.78,0.49,0.66,0.63,自住-改善,两室一厅,52,1566,国企车间技术主任,二胎黄金期中大户型,上海中环品质两居，车位及空间极其拥挤,小区无地下车库且人车不分流，小孩在楼下玩耍或者推婴儿车极为不安全。,讲究超高得房率（超85%），主卧套房必须配备独立步入式衣帽间与干湿分离双卫。,主要在陆家嘴/徐家汇CBD上班，首选地铁2/9号线沿线，通勤半小时内。,倡导轻户外，周末常带家人自驾野营或山系徒步，注重生活情调与手作咖啡。,名下持有一套旧两居，置换回款 65% + 个人理财储蓄补充 + 公积金商业贷,重性价比，不盲信大牌，但要求物业管理有序、绿化修剪及时、人防技防规范。,常年本地稳定居住，工作日职住通勤动线规则单一。
上_1997_00457,上海,1997,本地改善,52,女,0.6,4.3,0.45,7.2,4,2,否,B,agent,0.5,0.4,0.58,0.39,0.56,0.73,0.47,0.8,0.53,自住-改善,两室两厅,60,786,市第二中学地理教师,二胎黄金期中大户型,上海中环品质两居，车位及空间极其拥挤,小区无地下车库且人车不分流，小孩在楼下玩耍或者推婴儿车极为不安全。,讲究超高得房率（超85%），主卧套房必须配备独立步入式衣帽间与干湿分离双卫。,主要在陆家嘴/徐家汇CBD上班，首选地铁2/9号线沿线，通勤半小时内。,倡导轻户外，周末常带家人自驾野营或山系徒步，注重生活情调与手作咖啡。,名下持有一套旧两居，置换回款 65% + 个人理财储蓄补充 + 公积金商业贷,重性价比，不盲信大牌，但要求物业管理有序、绿化修剪及时、人防技防规范。,常年本地稳定居住，工作日职住通勤动线规则单一。
上_1997_00458,上海,1997,本地改善,55,男,0.4,4.0,0.45,6.7,4,3,是,B,agent,0.83,0.49,0.61,0.53,0.57,0.83,0.55,0.76,0.57,自住-改善,两室两厅,98,485,市第二中学地理教师,二胎黄金期中大户型,上海中环品质两居，车位及空间极其拥挤,小区无地下车库且人车不分流，小孩在楼下玩耍或者推婴儿车极为不安全。,讲究超高得房率（超85%），主卧套房必须配备独立步入式衣帽间与干湿分离双卫。,主要在陆家嘴/徐家汇CBD上班，首选地铁2/9号线沿线，通勤半小时内。,倡导轻户外，周末常带家人自驾野营或山系徒步，注重生活情调与手作咖啡。,名下持有一套旧两居，置换回款 65% + 个人理财储蓄补充 + 公积金商业贷,重性价比，不盲信大牌，但要求物业管理有序、绿化修剪及时、人防技防规范。,常年本地稳定居住，工作日职住通勤动线规则单一。
上_1997_00459,上海,1997,长三角家庭,48,男,0.4,3.5,0.45,5.9,4,2,否,B,agent,0.73,0.49,0.55,0.41,0.52,0.75,0.51,0.75,0.62,自住-改善,两室两厅,78,386,邮政局局长秘书,二胎黄金期中大户型,上海中环品质两居，车位及空间极其拥挤,小区无地下车库且人车不分流，小孩在楼下玩耍或者推婴儿车极为不安全。,讲究超高得房率（超85%），主卧套房必须配备独立步入式衣帽间与干湿分离双卫。,主要在陆家嘴/徐家汇CBD上班，首选地铁2/9号线沿线，通勤半小时内。,倡导轻户外，周末常带家人自驾野营或山系徒步，注重生活情调与手作咖啡。,名下持有一套旧两居，置换回款 65% + 个人理财储蓄补充 + 公积金商业贷,重性价比，不盲信大牌，但要求物业管理有序、绿化修剪及时、人防技防规范。,常年本地稳定居住，工作日职住通勤动线规则单一。
上_1997_00460,上海,1997,本地改善,53,男,0.3,3.3,0.45,5.5,5,2,否,B,agent,0.77,0.5,0.34,0.62,0.45,0.79,0.56,0.62,0.59,自住-改善,两室两厅,59,667,市第二中学地理教师,二胎黄金期中大户型,上海中环品质两居，车位及空间极其拥挤,小区无地下车库且人车不分流，小孩在楼下玩耍或者推婴儿车极为不安全。,讲究超高得房率（超85%），主卧套房必须配备独立步入式衣帽间与干湿分离双卫。,主要在陆家嘴/徐家汇CBD上班，首选地铁2/9号线沿线，通勤半小时内。,倡导轻户外，周末常带家人自驾野营或山系徒步，注重生活情调与手作咖啡。,名下持有一套旧两居，置换回款 65% + 个人理财储蓄补充 + 公积金商业贷,重性价比，不盲信大牌，但要求物业管理有序、绿化修剪及时、人防技防规范。,常年本地稳定居住，工作日职住通勤动线规则单一。
上_1997_00461,上海,1997,教育型买房,48,男,0.8,6.5,0.4,12.3,3,0,否,B,social,0.93,0.56,0.37,0.19,0.51,0.67,0.55,0.79,0.63,学区房,两室两厅,55,1733,国企车间技术主任,成熟期核心家庭,上海中环品质两居，车位及空间极其拥挤,老小区隔音差，邻里滋扰严重，且车位严重匮乏，每晚加班回来抢车位像打仗。,核心要求地块属于第一梯队名校学区，且周边500米内解决幼小衔接教育配套。,主要在陆家嘴/徐家汇CBD上班，首选地铁2/9号线沿线，通勤半小时内。,倡导轻户外，周末常带家人自驾野营或山系徒步，注重生活情调与手作咖啡。,名下持有一套旧两居，置换回款 65% + 个人理财储蓄补充 + 公积金商业贷,重性价比，不盲信大牌，但要求物业管理有序、绿化修剪及时、人防技防规范。,常年本地稳定居住，工作日职住通勤动线规则单一。
上_1997_00462,上海,1997,金融精英,45,女,1.3,9.2,0.4,17.2,3,0,否,A,research,0.53,0.45,0.65,0.55,0.83,0.68,0.72,0.89,0.76,自住-首套,一室一厅,56,1959,老牌证券公司营业部经理,成熟期核心家庭,陆家嘴核心区江景大平层,无高端私密会所及管家式物业配套，圈层鱼龙混杂，高净值居住体验差。,核心要求地块属于第一梯队名校学区，且周边500米内解决幼小衔接教育配套。,主要在陆家嘴/徐家汇CBD上班，首选地铁2/9号线沿线，通勤半小时内。,周末常去高端商圈消费，热衷打网球和马术，重度手冲咖啡及黑胶唱片发烧友。,夫妻双方积蓄 + 双方父母出资赞助首付 + 公积金商业组合贷款,非仁恒、绿城、万科等金牌开发商不买，极度看重高端精装质量与顶级物业的增值口碑。,常年本地稳定居住，工作日职住通勤动线规则单一。
上_1997_00463,上海,1997,本地改善,49,女,0.5,6.0,0.45,10.1,4,2,否,B,agent,0.9,0.6,0.55,0.45,0.66,0.85,0.74,0.64,0.56,自住-改善,一室一厅,83,942,市第二中学地理教师,二胎黄金期中大户型,上海中环品质两居，车位及空间极其拥挤,小区无地下车库且人车不分流，小孩在楼下玩耍或者推婴儿车极为不安全。,讲究超高得房率（超85%），主卧套房必须配备独立步入式衣帽间与干湿分离双卫。,主要在陆家嘴/徐家汇CBD上班，首选地铁2/9号线沿线，通勤半小时内。,倡导轻户外，周末常带家人自驾野营或山系徒步，注重生活情调与手作咖啡。,名下持有一套旧两居，置换回款 65% + 个人理财储蓄补充 + 公积金商业贷,重性价比，不盲信大牌，但要求物业管理有序、绿化修剪及时、人防技防规范。,常年本地稳定居住，工作日职住通勤动线规则单一。
上_1997_00464,上海,1997,本地改善,58,男,0.4,3.1,0.45,5.2,4,2,否,B,agent,0.7,0.5,0.61,0.57,0.68,0.76,0.72,0.75,0.58,自住-改善,一室一厅,93,498,区财政局科员,二胎黄金期中大户型,上海中环品质两居，车位及空间极其拥挤,小区无地下车库且人车不分流，小孩在楼下玩耍或者推婴儿车极为不安全。,讲究超高得房率（超85%），主卧套房必须配备独立步入式衣帽间与干湿分离双卫。,主要在陆家嘴/徐家汇CBD上班，首选地铁2/9号线沿线，通勤半小时内。,倡导轻户外，周末常带家人自驾野营或山系徒步，注重生活情调与手作咖啡。,名下持有一套旧两居，置换回款 65% + 个人理财储蓄补充 + 公积金商业贷,重性价比，不盲信大牌，但要求物业管理有序、绿化修剪及时、人防技防规范。,常年本地稳定居住，工作日职住通勤动线规则单一。
上_1997_00465,上海,1997,本地改善,58,女,0.5,6.1,0.45,10.2,5,3,否,B,agent,0.74,0.43,0.52,0.49,0.54,0.73,0.57,0.7,0.72,自住-改善,一室一厅,64,1369,区财政局科员,二胎黄金期中大户型,上海中环品质两居，车位及空间极其拥挤,小区无地下车库且人车不分流，小孩在楼下玩耍或者推婴儿车极为不安全。,讲究超高得房率（超85%），主卧套房必须配备独立步入式衣帽间与干湿分离双卫。,主要在陆家嘴/徐家汇CBD上班，首选地铁2/9号线沿线，通勤半小时内。,倡导轻户外，周末常带家人自驾野营或山系徒步，注重生活情调与手作咖啡。,名下持有一套旧两居，置换回款 65% + 个人理财储蓄补充 + 公积金商业贷,非仁恒、绿城、万科等金牌开发商不买，极度看重高端精装质量与顶级物业的增值口碑。,常年本地稳定居住，工作日职住通勤动线规则单一。
上_1997_00466,上海,1997,本地改善,58,男,0.4,3.3,0.45,5.6,4,1,否,B,agent,0.8,0.44,0.49,0.4,0.48,0.88,0.66,0.8,0.6,自住-改善,两室一厅,99,355,市第二中学地理教师,三口之家(学龄段),上海中环品质两居，车位及空间极其拥挤,小区无地下车库且人车不分流，小孩在楼下玩耍或者推婴儿车极为不安全。,讲究超高得房率（超85%），主卧套房必须配备独立步入式衣帽间与干湿分离双卫。,主要在陆家嘴/徐家汇CBD上班，首选地铁2/9号线沿线，通勤半小时内。,倡导轻户外，周末常带家人自驾野营或山系徒步，注重生活情调与手作咖啡。,名下持有一套旧两居，置换回款 65% + 个人理财储蓄补充 + 公积金商业贷,重性价比，不盲信大牌，但要求物业管理有序、绿化修剪及时、人防技防规范。,常年本地稳定居住，工作日职住通勤动线规则单一。
上_1997_00467,上海,1997,本地改善,38,男,0.6,6.9,0.45,11.4,4,1,是,B,agent,0.95,0.42,0.74,0.41,0.62,0.77,0.54,0.63,0.43,自住-改善,一室一厅,83,1146,区财政局科员,三口之家(学龄段),上海中环品质两居，车位及空间极其拥挤,小区无地下车库且人车不分流，小孩在楼下玩耍或者推婴儿车极为不安全。,要求有超大面宽南向双阳台（观景家政分离），主卧大飘窗能270度直面自然景观。,主要在陆家嘴/徐家汇CBD上班，首选地铁2/9号线沿线，通勤半小时内。,倡导轻户外，周末常带家人自驾野营或山系徒步，注重生活情调与手作咖啡。,名下持有一套旧两居，置换回款 65% + 个人理财储蓄补充 + 公积金商业贷,重性价比，不盲信大牌，但要求物业管理有序、绿化修剪及时、人防技防规范。,常年本地稳定居住，工作日职住通勤动线规则单一。
上_1997_00468,上海,1997,长三角家庭,45,男,0.4,2.1,0.45,3.5,5,1,是,B,agent,0.74,0.5,0.46,0.39,0.56,0.79,0.51,0.86,0.64,自住-首套,两室两厅,64,282,区财政局科员,三口之家(学龄段),上海中环品质两居，车位及空间极其拥挤,小区无地下车库且人车不分流，小孩在楼下玩耍或者推婴儿车极为不安全。,讲究超高得房率（超85%），主卧套房必须配备独立步入式衣帽间与干湿分离双卫。,主要在陆家嘴/徐家汇CBD上班，首选地铁2/9号线沿线，通勤半小时内。,倡导轻户外，周末常带家人自驾野营或山系徒步，注重生活情调与手作咖啡。,夫妻双方积蓄 + 双方父母出资赞助首付 + 公积金商业组合贷款,重性价比，不盲信大牌，但要求物业管理有序、绿化修剪及时、人防技防规范。,常年本地稳定居住，工作日职住通勤动线规则单一。
上_1997_00469,上海,1997,教育型买房,48,男,0.8,6.2,0.4,11.7,4,1,否,B,social,0.86,0.46,0.34,0.52,0.56,0.74,0.5,1,0.45,学区房,两室两厅,67,1280,区财政局科员,三口之家(学龄段),上海中环品质两居，车位及空间极其拥挤,小区无地下车库且人车不分流，小孩在楼下玩耍或者推婴儿车极为不安全。,讲究超高得房率（超85%），主卧套房必须配备独立步入式衣帽间与干湿分离双卫。,主要在陆家嘴/徐家汇CBD上班，首选地铁2/9号线沿线，通勤半小时内。,倡导轻户外，周末常带家人自驾野营或山系徒步，注重生活情调与手作咖啡。,名下持有一套旧两居，置换回款 65% + 个人理财储蓄补充 + 公积金商业贷,重性价比，不盲信大牌，但要求物业管理有序、绿化修剪及时、人防技防规范。,常年本地稳定居住，工作日职住通勤动线规则单一。
上_1997_00470,上海,1997,本地改善,39,男,0.6,7.1,0.45,11.8,4,2,否,B,agent,1,0.49,0.55,0.58,0.67,0.78,0.51,0.59,0.6,自住-改善,一室一厅,50,2005,市第二中学地理教师,二胎黄金期中大户型,上海中环品质两居，车位及空间极其拥挤,小区无地下车库且人车不分流，小孩在楼下玩耍或者推婴儿车极为不安全。,讲究超高得房率（超85%），主卧套房必须配备独立步入式衣帽间与干湿分离双卫。,主要在陆家嘴/徐家汇CBD上班，首选地铁2/9号线沿线，通勤半小时内。,倡导轻户外，周末常带家人自驾野营或山系徒步，注重生活情调与手作咖啡。,名下持有一套旧两居，置换回款 65% + 个人理财储蓄补充 + 公积金商业贷,重性价比，不盲信大牌，但要求物业管理有序、绿化修剪及时、人防技防规范。,常年本地稳定居住，工作日职住通勤动线规则单一。
上_1997_00471,上海,1997,本地改善,47,女,0.4,4.9,0.45,8.2,5,1,是,B,agent,0.72,0.57,0.69,0.47,0.51,0.89,0.61,0.75,0.49,自住-改善,一室一厅,52,1098,国企车间技术主任,三口之家(学龄段),上海中环品质两居，车位及空间极其拥挤,小区无地下车库且人车不分流，小孩在楼下玩耍或者推婴儿车极为不安全。,讲究超高得房率（超85%），主卧套房必须配备独立步入式衣帽间与干湿分离双卫。,主要在陆家嘴/徐家汇CBD上班，首选地铁2/9号线沿线，通勤半小时内。,倡导轻户外，周末常带家人自驾野营或山系徒步，注重生活情调与手作咖啡。,名下持有一套旧两居，置换回款 65% + 个人理财储蓄补充 + 公积金商业贷,重性价比，不盲信大牌，但要求物业管理有序、绿化修剪及时、人防技防规范。,常年本地稳定居住，工作日职住通勤动线规则单一。
上_1997_00472,上海,1997,外籍海归,43,女,0.5,4.6,0.4,8.6,4,1,否,A,social,0.82,0.51,0.59,0.54,0.92,0.68,0.63,0.99,0.72,自住-首套,一室一厅,80,610,合资日化企业技术主管,三口之家(学龄段),西湖边高精平层,无高端私密会所及管家式物业配套，圈层鱼龙混杂，高净值居住体验差。,核心要求地块属于第一梯队名校学区，且周边500米内解决幼小衔接教育配套。,主要在陆家嘴/徐家汇CBD上班，首选地铁2/9号线沿线，通勤半小时内。,周末常去高端商圈消费，热衷打网球和马术，重度手冲咖啡及黑胶唱片发烧友。,夫妻双方积蓄 + 双方父母出资赞助首付 + 公积金商业组合贷款,非仁恒、绿城、万科等金牌开发商不买，极度看重高端精装质量与顶级物业的增值口碑。,常年本地稳定居住，工作日职住通勤动线规则单一。
上_1997_00473,上海,1997,金融精英,47,男,0.9,8.8,0.4,16.6,3,0,是,A,research,0.51,0.44,0.72,0.66,0.69,0.68,0.57,0.85,0.76,自住-首套,一室一厅,92,1166,申银万国证券分析员,成熟期核心家庭,西湖边高精平层,当前房屋属于旧多层无电梯房，父母年纪渐高每天爬楼梯极为吃力。,要求有超大面宽南向双阳台（观景家政分离），主卧大飘窗能270度直面自然景观。,主要在陆家嘴/徐家汇CBD上班，首选地铁2/9号线沿线，通勤半小时内。,周末常去高端商圈消费，热衷打网球和马术，重度手冲咖啡及黑胶唱片发烧友。,夫妻双方积蓄 + 双方父母出资赞助首付 + 公积金商业组合贷款,非仁恒、绿城、万科等金牌开发商不买，极度看重高端精装质量与顶级物业的增值口碑。,常年本地稳定居住，工作日职住通勤动线规则单一。
上_1997_00474,上海,1997,教育型买房,38,男,0.5,3.0,0.4,5.7,3,2,是,B,social,1,0.54,0.36,0.52,0.61,0.72,0.47,0.95,0.4,学区房,两室一厅,59,765,市第二中学地理教师,二胎黄金期中大户型,上海中环品质两居，车位及空间极其拥挤,小区无地下车库且人车不分流，小孩在楼下玩耍或者推婴儿车极为不安全。,讲究超高得房率（超85%），主卧套房必须配备独立步入式衣帽间与干湿分离双卫。,主要在陆家嘴/徐家汇CBD上班，首选地铁2/9号线沿线，通勤半小时内。,倡导轻户外，周末常带家人自驾野营或山系徒步，注重生活情调与手作咖啡。,名下持有一套旧两居，置换回款 65% + 个人理财储蓄补充 + 公积金商业贷,重性价比，不盲信大牌，但要求物业管理有序、绿化修剪及时、人防技防规范。,常年本地稳定居住，工作日职住通勤动线规则单一。
上_1997_00475,上海,1997,长三角家庭,39,男,0.5,3.0,0.45,5.0,5,1,否,B,agent,0.94,0.53,0.45,0.5,0.52,0.86,0.38,0.63,0.62,自住-改善,两室两厅,68,502,区财政局科员,三口之家(学龄段),上海中环品质两居，车位及空间极其拥挤,小区无地下车库且人车不分流，小孩在楼下玩耍或者推婴儿车极为不安全。,讲究超高得房率（超85%），主卧套房必须配备独立步入式衣帽间与干湿分离双卫。,主要在陆家嘴/徐家汇CBD上班，首选地铁2/9号线沿线，通勤半小时内。,倡导轻户外，周末常带家人自驾野营或山系徒步，注重生活情调与手作咖啡。,名下持有一套旧两居，置换回款 65% + 个人理财储蓄补充 + 公积金商业贷,重性价比，不盲信大牌，但要求物业管理有序、绿化修剪及时、人防技防规范。,常年本地稳定居住，工作日职住通勤动线规则单一。
上_1997_00476,上海,1997,教育型买房,33,女,0.4,3.1,0.4,5.7,4,0,否,B,social,1,0.44,0.33,0.31,0.63,0.82,0.59,1,0.57,学区房,一室一厅,56,776,邮政局局长秘书,新婚过渡两居,上海中环品质两居，车位及空间极其拥挤,老小区隔音差，邻里滋扰严重，且车位严重匮乏，每晚加班回来抢车位像打仗。,讲究超高得房率（超85%），主卧套房必须配备独立步入式衣帽间与干湿分离双卫。,主要在陆家嘴/徐家汇CBD上班，首选地铁2/9号线沿线，通勤半小时内。,倡导轻户外，周末常带家人自驾野营或山系徒步，注重生活情调与手作咖啡。,名下持有一套旧两居，置换回款 65% + 个人理财储蓄补充 + 公积金商业贷,重性价比，不盲信大牌，但要求物业管理有序、绿化修剪及时、人防技防规范。,常年本地稳定居住，工作日职住通勤动线规则单一。
上_1997_00477,上海,1997,金融精英,40,男,0.9,5.3,0.4,9.8,3,1,否,A,research,0.78,0.49,0.59,0.54,0.8,0.75,0.66,0.97,0.66,自住-改善,两室一厅,90,905,老牌证券公司营业部经理,三口之家(学龄段),西湖边高精平层,无高端私密会所及管家式物业配套，圈层鱼龙混杂，高净值居住体验差。,讲究超高得房率（超85%），主卧套房必须配备独立步入式衣帽间与干湿分离双卫。,主要在陆家嘴/徐家汇CBD上班，首选地铁2/9号线沿线，通勤半小时内。,周末常去高端商圈消费，热衷打网球和马术，重度手冲咖啡及黑胶唱片发烧友。,名下已有企业股权套现或分红现金，一次性全款付清，基本不加杠杆,重性价比，不盲信大牌，但要求物业管理有序、绿化修剪及时、人防技防规范。,常年本地稳定居住，工作日职住通勤动线规则单一。
上_1997_00478,上海,1997,教育型买房,34,男,0.4,2.7,0.4,5.0,2,2,是,B,social,0.95,0.49,0.54,0.35,0.75,0.7,0.44,1,0.65,学区房,一室一厅,90,474,区财政局科员,二胎黄金期中大户型,上海中环品质两居，车位及空间极其拥挤,小区无地下车库且人车不分流，小孩在楼下玩耍或者推婴儿车极为不安全。,讲究超高得房率（超85%），主卧套房必须配备独立步入式衣帽间与干湿分离双卫。,主要在陆家嘴/徐家汇CBD上班，首选地铁2/9号线沿线，通勤半小时内。,倡导轻户外，周末常带家人自驾野营或山系徒步，注重生活情调与手作咖啡。,名下持有一套旧两居，置换回款 65% + 个人理财储蓄补充 + 公积金商业贷,重性价比，不盲信大牌，但要求物业管理有序、绿化修剪及时、人防技防规范。,常年本地稳定居住，工作日职住通勤动线规则单一。
上_1997_00479,上海,1997,金融精英,45,女,0.7,5.7,0.4,10.7,4,2,否,A,research,0.71,0.42,0.53,0.64,0.78,0.68,0.7,0.85,0.67,自住-改善,两室两厅,78,724,老牌证券公司营业部经理,二胎黄金期中大户型,陆家嘴核心区江景大平层,无高端私密会所及管家式物业配套，圈层鱼龙混杂，高净值居住体验差。,核心要求地块属于第一梯队名校学区，且周边500米内解决幼小衔接教育配套。,主要在陆家嘴/徐家汇CBD上班，首选地铁2/9号线沿线，通勤半小时内。,周末常去高端商圈消费，热衷打网球和马术，重度手冲咖啡及黑胶唱片发烧友。,名下已有企业股权套现或分红现金，一次性全款付清，基本不加杠杆,重性价比，不盲信大牌，但要求物业管理有序、绿化修剪及时、人防技防规范。,常年本地稳定居住，工作日职住通勤动线规则单一。
上_1997_00480,上海,1997,金融精英,34,女,0.7,4.2,0.4,7.8,3,1,否,A,research,0.77,0.44,0.64,0.54,0.76,0.65,0.74,0.9,0.82,婚房,一室一厅,56,1064,申银万国证券分析员,三口之家(幼龄段),陆家嘴核心区江景大平层,无高端私密会所及管家式物业配套，圈层鱼龙混杂，高净值居住体验差。,核心要求地块属于第一梯队名校学区，且周边500米内解决幼小衔接教育配套。,主要在陆家嘴/徐家汇CBD上班，首选地铁2/9号线沿线，通勤半小时内。,周末常去高端商圈消费，热衷打网球和马术，重度手冲咖啡及黑胶唱片发烧友。,夫妻双方积蓄 + 双方父母出资赞助首付 + 公积金商业组合贷款,非仁恒、绿城、万科等金牌开发商不买，极度看重高端精装质量与顶级物业的增值口碑。,常年本地稳定居住，工作日职住通勤动线规则单一。
上_1997_00481,上海,1997,本地改善,45,女,0.4,4.0,0.45,6.6,4,1,是,B,agent,0.77,0.52,0.55,0.32,0.55,0.88,0.63,0.76,0.66,自住-改善,一室一厅,86,420,国企车间技术主任,三口之家(学龄段),上海中环品质两居，车位及空间极其拥挤,小区无地下车库且人车不分流，小孩在楼下玩耍或者推婴儿车极为不安全。,讲究超高得房率（超85%），主卧套房必须配备独立步入式衣帽间与干湿分离双卫。,主要在陆家嘴/徐家汇CBD上班，首选地铁2/9号线沿线，通勤半小时内。,倡导轻户外，周末常带家人自驾野营或山系徒步，注重生活情调与手作咖啡。,名下持有一套旧两居，置换回款 65% + 个人理财储蓄补充 + 公积金商业贷,重性价比，不盲信大牌，但要求物业管理有序、绿化修剪及时、人防技防规范。,常年本地稳定居住，工作日职住通勤动线规则单一。
上_1997_00482,上海,1997,本地改善,55,女,0.3,3.9,0.45,6.5,4,3,否,B,agent,0.79,0.54,0.6,0.62,0.53,0.89,0.71,0.89,0.76,自住-改善,一室一厅,90,465,邮政局局长秘书,二胎黄金期中大户型,上海中环品质两居，车位及空间极其拥挤,小区无地下车库且人车不分流，小孩在楼下玩耍或者推婴儿车极为不安全。,讲究超高得房率（超85%），主卧套房必须配备独立步入式衣帽间与干湿分离双卫。,主要在陆家嘴/徐家汇CBD上班，首选地铁2/9号线沿线，通勤半小时内。,倡导轻户外，周末常带家人自驾野营或山系徒步，注重生活情调与手作咖啡。,名下持有一套旧两居，置换回款 65% + 个人理财储蓄补充 + 公积金商业贷,非仁恒、绿城、万科等金牌开发商不买，极度看重高端精装质量与顶级物业的增值口碑。,常年本地稳定居住，工作日职住通勤动线规则单一。
上_1997_00483,上海,1997,本地改善,57,男,0.6,4.9,0.45,8.2,4,2,是,B,agent,0.64,0.49,0.64,0.51,0.52,0.91,0.71,0.59,0.51,自住-改善,两室一厅,53,943,国企车间技术主任,二胎黄金期中大户型,上海中环品质两居，车位及空间极其拥挤,小区无地下车库且人车不分流，小孩在楼下玩耍或者推婴儿车极为不安全。,讲究超高得房率（超85%），主卧套房必须配备独立步入式衣帽间与干湿分离双卫。,主要在陆家嘴/徐家汇CBD上班，首选地铁2/9号线沿线，通勤半小时内。,倡导轻户外，周末常带家人自驾野营或山系徒步，注重生活情调与手作咖啡。,名下持有一套旧两居，置换回款 65% + 个人理财储蓄补充 + 公积金商业贷,重性价比，不盲信大牌，但要求物业管理有序、绿化修剪及时、人防技防规范。,常年本地稳定居住，工作日职住通勤动线规则单一。
上_1997_00484,上海,1997,本地改善,55,女,0.6,5.8,0.45,9.7,4,1,是,B,agent,0.6,0.6,0.58,0.41,0.59,0.87,0.52,0.62,0.6,自住-改善,一室一厅,84,936,市第二中学地理教师,三口之家(学龄段),上海中环品质两居，车位及空间极其拥挤,小区无地下车库且人车不分流，小孩在楼下玩耍或者推婴儿车极为不安全。,讲究超高得房率（超85%），主卧套房必须配备独立步入式衣帽间与干湿分离双卫。,主要在陆家嘴/徐家汇CBD上班，首选地铁2/9号线沿线，通勤半小时内。,倡导轻户外，周末常带家人自驾野营或山系徒步，注重生活情调与手作咖啡。,名下持有一套旧两居，置换回款 65% + 个人理财储蓄补充 + 公积金商业贷,重性价比，不盲信大牌，但要求物业管理有序、绿化修剪及时、人防技防规范。,常年本地稳定居住，工作日职住通勤动线规则单一。
上_1997_00485,上海,1997,教育型买房,42,男,0.6,5.5,0.4,10.2,3,1,否,B,social,1,0.53,0.42,0.54,0.62,0.72,0.5,0.97,0.54,学区房,一室一厅,70,897,区财政局科员,三口之家(学龄段),上海中环品质两居，车位及空间极其拥挤,小区无地下车库且人车不分流，小孩在楼下玩耍或者推婴儿车极为不安全。,讲究超高得房率（超85%），主卧套房必须配备独立步入式衣帽间与干湿分离双卫。,主要在陆家嘴/徐家汇CBD上班，首选地铁2/9号线沿线，通勤半小时内。,倡导轻户外，周末常带家人自驾野营或山系徒步，注重生活情调与手作咖啡。,名下持有一套旧两居，置换回款 65% + 个人理财储蓄补充 + 公积金商业贷,重性价比，不盲信大牌，但要求物业管理有序、绿化修剪及时、人防技防规范。,常年本地稳定居住，工作日职住通勤动线规则单一。
上_1997_00486,上海,1997,金融精英,33,男,1.0,10.1,0.4,19.0,3,1,否,A,research,1,0.46,0.75,0.6,0.59,0.75,0.71,0.61,0.75,婚房,两室两厅,72,1968,申银万国证券分析员,三口之家(幼龄段),市中心私密洋房住宅,无高端私密会所及管家式物业配套，圈层鱼龙混杂，高净值居住体验差。,要求有超大面宽南向双阳台（观景家政分离），主卧大飘窗能270度直面自然景观。,主要在陆家嘴/徐家汇CBD上班，首选地铁2/9号线沿线，通勤半小时内。,周末常去高端商圈消费，热衷打网球和马术，重度手冲咖啡及黑胶唱片发烧友。,夫妻双方积蓄 + 双方父母出资赞助首付 + 公积金商业组合贷款,非仁恒、绿城、万科等金牌开发商不买，极度看重高端精装质量与顶级物业的增值口碑。,常年本地稳定居住，工作日职住通勤动线规则单一。
上_1997_00487,上海,1997,金融精英,40,男,1.0,6.1,0.4,11.4,2,1,否,A,research,0.43,0.52,0.49,0.34,0.83,0.81,0.46,0.68,0.84,自住-首套,一室一厅,60,1612,老牌证券公司营业部经理,三口之家(学龄段),市中心私密洋房住宅,无高端私密会所及管家式物业配套，圈层鱼龙混杂，高净值居住体验差。,讲究超高得房率（超85%），主卧套房必须配备独立步入式衣帽间与干湿分离双卫。,主要在陆家嘴/徐家汇CBD上班，首选地铁2/9号线沿线，通勤半小时内。,周末常去高端商圈消费，热衷打网球和马术，重度手冲咖啡及黑胶唱片发烧友。,夫妻双方积蓄 + 双方父母出资赞助首付 + 公积金商业组合贷款,非仁恒、绿城、万科等金牌开发商不买，极度看重高端精装质量与顶级物业的增值口碑。,常年本地稳定居住，工作日职住通勤动线规则单一。
上_1997_00488,上海,1997,外籍海归,30,男,0.9,6.4,0.4,11.9,3,0,否,A,social,0.84,0.49,0.6,0.46,0.74,0.59,0.7,0.82,0.64,自住-首套,一室一厅,99,878,合资日化企业技术主管,新婚过渡两居,陆家嘴核心区江景大平层,无高端私密会所及管家式物业配套，圈层鱼龙混杂，高净值居住体验差。,核心要求地块属于第一梯队名校学区，且周边500米内解决幼小衔接教育配套。,主要在陆家嘴/徐家汇CBD上班，首选地铁2/9号线沿线，通勤半小时内。,周末常去高端商圈消费，热衷打网球和马术，重度手冲咖啡及黑胶唱片发烧友。,夫妻双方积蓄 + 双方父母出资赞助首付 + 公积金商业组合贷款,重性价比，不盲信大牌，但要求物业管理有序、绿化修剪及时、人防技防规范。,常年本地稳定居住，工作日职住通勤动线规则单一。
上_1997_00489,上海,1997,教育型买房,43,女,0.7,5.7,0.4,10.7,3,2,否,B,social,0.89,0.54,0.5,0.42,0.78,0.44,0.48,1,0.64,学区房,一室一厅,93,774,市第二中学地理教师,二胎黄金期中大户型,上海中环品质两居，车位及空间极其拥挤,小区无地下车库且人车不分流，小孩在楼下玩耍或者推婴儿车极为不安全。,核心要求地块属于第一梯队名校学区，且周边500米内解决幼小衔接教育配套。,主要在陆家嘴/徐家汇CBD上班，首选地铁2/9号线沿线，通勤半小时内。,倡导轻户外，周末常带家人自驾野营或山系徒步，注重生活情调与手作咖啡。,名下持有一套旧两居，置换回款 65% + 个人理财储蓄补充 + 公积金商业贷,重性价比，不盲信大牌，但要求物业管理有序、绿化修剪及时、人防技防规范。,常年本地稳定居住，工作日职住通勤动线规则单一。
上_1997_00490,上海,1997,长三角家庭,37,女,0.7,4.5,0.45,7.4,4,2,是,B,agent,0.69,0.49,0.42,0.51,0.61,0.83,0.38,0.71,0.64,自住-首套,两室一厅,86,588,市第二中学地理教师,二胎黄金期中大户型,上海中环品质两居，车位及空间极其拥挤,小区无地下车库且人车不分流，小孩在楼下玩耍或者推婴儿车极为不安全。,讲究超高得房率（超85%），主卧套房必须配备独立步入式衣帽间与干湿分离双卫。,主要在陆家嘴/徐家汇CBD上班，首选地铁2/9号线沿线，通勤半小时内。,倡导轻户外，周末常带家人自驾野营或山系徒步，注重生活情调与手作咖啡。,夫妻双方积蓄 + 双方父母出资赞助首付 + 公积金商业组合贷款,重性价比，不盲信大牌，但要求物业管理有序、绿化修剪及时、人防技防规范。,常年本地稳定居住，工作日职住通勤动线规则单一。
上_1997_00491,上海,1997,本地改善,41,男,0.3,3.6,0.45,5.9,3,2,否,B,agent,0.78,0.53,0.51,0.6,0.4,0.88,0.61,0.66,0.46,自住-改善,两室两厅,94,518,邮政局局长秘书,二胎黄金期中大户型,上海中环品质两居，车位及空间极其拥挤,小区无地下车库且人车不分流，小孩在楼下玩耍或者推婴儿车极为不安全。,讲究超高得房率（超85%），主卧套房必须配备独立步入式衣帽间与干湿分离双卫。,主要在陆家嘴/徐家汇CBD上班，首选地铁2/9号线沿线，通勤半小时内。,倡导轻户外，周末常带家人自驾野营或山系徒步，注重生活情调与手作咖啡。,名下持有一套旧两居，置换回款 65% + 个人理财储蓄补充 + 公积金商业贷,重性价比，不盲信大牌，但要求物业管理有序、绿化修剪及时、人防技防规范。,常年本地稳定居住，工作日职住通勤动线规则单一。
上_1997_00492,上海,1997,本地改善,54,男,0.4,2.7,0.45,4.5,4,1,是,B,agent,0.94,0.39,0.68,0.47,0.62,0.9,0.57,0.57,0.32,自住-改善,一室一厅,100,284,市第二中学地理教师,三口之家(学龄段),上海中环品质两居，车位及空间极其拥挤,小区无地下车库且人车不分流，小孩在楼下玩耍或者推婴儿车极为不安全。,讲究超高得房率（超85%），主卧套房必须配备独立步入式衣帽间与干湿分离双卫。,主要在陆家嘴/徐家汇CBD上班，首选地铁2/9号线沿线，通勤半小时内。,倡导轻户外，周末常带家人自驾野营或山系徒步，注重生活情调与手作咖啡。,名下持有一套旧两居，置换回款 65% + 个人理财储蓄补充 + 公积金商业贷,重性价比，不盲信大牌，但要求物业管理有序、绿化修剪及时、人防技防规范。,常年本地稳定居住，工作日职住通勤动线规则单一。
上_1997_00493,上海,1997,本地改善,38,男,0.4,4.7,0.45,7.9,3,2,是,B,agent,0.89,0.67,0.46,0.67,0.53,0.86,0.75,0.76,0.6,自住-改善,两室两厅,81,607,区财政局科员,二胎黄金期中大户型,上海中环品质两居，车位及空间极其拥挤,小区无地下车库且人车不分流，小孩在楼下玩耍或者推婴儿车极为不安全。,讲究超高得房率（超85%），主卧套房必须配备独立步入式衣帽间与干湿分离双卫。,主要在陆家嘴/徐家汇CBD上班，首选地铁2/9号线沿线，通勤半小时内。,倡导轻户外，周末常带家人自驾野营或山系徒步，注重生活情调与手作咖啡。,名下持有一套旧两居，置换回款 65% + 个人理财储蓄补充 + 公积金商业贷,重性价比，不盲信大牌，但要求物业管理有序、绿化修剪及时、人防技防规范。,常年本地稳定居住，工作日职住通勤动线规则单一。
上_1997_00494,上海,1997,金融精英,48,女,0.8,7.9,0.4,14.7,2,0,是,A,research,0.78,0.58,0.59,0.54,0.77,0.77,0.69,0.79,0.71,自住-首套,两室两厅,76,1519,申银万国证券分析员,成熟期核心家庭,陆家嘴核心区江景大平层,当前房屋属于旧多层无电梯房，父母年纪渐高每天爬楼梯极为吃力。,讲究超高得房率（超85%），主卧套房必须配备独立步入式衣帽间与干湿分离双卫。,主要在陆家嘴/徐家汇CBD上班，首选地铁2/9号线沿线，通勤半小时内。,周末常去高端商圈消费，热衷打网球和马术，重度手冲咖啡及黑胶唱片发烧友。,夫妻双方积蓄 + 双方父母出资赞助首付 + 公积金商业组合贷款,非仁恒、绿城、万科等金牌开发商不买，极度看重高端精装质量与顶级物业的增值口碑。,常年本地稳定居住，工作日职住通勤动线规则单一。
上_1997_00495,上海,1997,本地改善,55,男,0.3,2.6,0.45,4.4,4,2,否,B,agent,0.56,0.51,0.33,0.41,0.42,0.91,0.54,0.72,0.59,自住-改善,两室一厅,79,357,国企车间技术主任,二胎黄金期中大户型,上海中环品质两居，车位及空间极其拥挤,小区无地下车库且人车不分流，小孩在楼下玩耍或者推婴儿车极为不安全。,讲究超高得房率（超85%），主卧套房必须配备独立步入式衣帽间与干湿分离双卫。,主要在陆家嘴/徐家汇CBD上班，首选地铁2/9号线沿线，通勤半小时内。,倡导轻户外，周末常带家人自驾野营或山系徒步，注重生活情调与手作咖啡。,名下持有一套旧两居，置换回款 65% + 个人理财储蓄补充 + 公积金商业贷,重性价比，不盲信大牌，但要求物业管理有序、绿化修剪及时、人防技防规范。,常年本地稳定居住，工作日职住通勤动线规则单一。
上_1997_00496,上海,1997,教育型买房,33,女,0.4,3.4,0.4,6.3,4,2,是,B,social,0.96,0.46,0.34,0.37,0.76,0.66,0.57,0.94,0.65,学区房,两室两厅,80,511,市第二中学地理教师,二胎黄金期中大户型,上海中环品质两居，车位及空间极其拥挤,小区无地下车库且人车不分流，小孩在楼下玩耍或者推婴儿车极为不安全。,核心要求地块属于第一梯队名校学区，且周边500米内解决幼小衔接教育配套。,主要在陆家嘴/徐家汇CBD上班，首选地铁2/9号线沿线，通勤半小时内。,倡导轻户外，周末常带家人自驾野营或山系徒步，注重生活情调与手作咖啡。,名下持有一套旧两居，置换回款 65% + 个人理财储蓄补充 + 公积金商业贷,重性价比，不盲信大牌，但要求物业管理有序、绿化修剪及时、人防技防规范。,常年本地稳定居住，工作日职住通勤动线规则单一。
上_1997_00497,上海,1997,教育型买房,45,男,0.7,4.1,0.4,7.8,3,1,否,B,social,1,0.46,0.46,0.42,0.74,0.63,0.7,0.92,0.67,学区房,两室一厅,60,995,邮政局局长秘书,三口之家(学龄段),上海中环品质两居，车位及空间极其拥挤,小区无地下车库且人车不分流，小孩在楼下玩耍或者推婴儿车极为不安全。,核心要求地块属于第一梯队名校学区，且周边500米内解决幼小衔接教育配套。,主要在陆家嘴/徐家汇CBD上班，首选地铁2/9号线沿线，通勤半小时内。,倡导轻户外，周末常带家人自驾野营或山系徒步，注重生活情调与手作咖啡。,名下持有一套旧两居，置换回款 65% + 个人理财储蓄补充 + 公积金商业贷,重性价比，不盲信大牌，但要求物业管理有序、绿化修剪及时、人防技防规范。,常年本地稳定居住，工作日职住通勤动线规则单一。
上_1997_00498,上海,1997,本地改善,42,男,0.6,4.8,0.45,8.1,5,1,否,B,agent,0.62,0.37,0.6,0.55,0.62,0.89,0.58,0.6,0.66,自住-改善,两室两厅,96,460,区财政局科员,三口之家(学龄段),上海中环品质两居，车位及空间极其拥挤,小区无地下车库且人车不分流，小孩在楼下玩耍或者推婴儿车极为不安全。,讲究超高得房率（超85%），主卧套房必须配备独立步入式衣帽间与干湿分离双卫。,主要在陆家嘴/徐家汇CBD上班，首选地铁2/9号线沿线，通勤半小时内。,倡导轻户外，周末常带家人自驾野营或山系徒步，注重生活情调与手作咖啡。,名下持有一套旧两居，置换回款 65% + 个人理财储蓄补充 + 公积金商业贷,重性价比，不盲信大牌，但要求物业管理有序、绿化修剪及时、人防技防规范。,常年本地稳定居住，工作日职住通勤动线规则单一。
上_1997_00499,上海,1997,金融精英,45,男,0.8,6.3,0.4,11.7,2,1,否,A,research,0.63,0.34,0.61,0.58,0.81,0.78,0.72,0.72,0.99,自住-改善,两室一厅,84,1206,商业银行支行信贷科长,三口之家(学龄段),陆家嘴核心区江景大平层,无高端私密会所及管家式物业配套，圈层鱼龙混杂，高净值居住体验差。,讲究超高得房率（超85%），主卧套房必须配备独立步入式衣帽间与干湿分离双卫。,主要在陆家嘴/徐家汇CBD上班，首选地铁2/9号线沿线，通勤半小时内。,周末常去高端商圈消费，热衷打网球和马术，重度手冲咖啡及黑胶唱片发烧友。,名下已有企业股权套现或分红现金，一次性全款付清，基本不加杠杆,非仁恒、绿城、万科等金牌开发商不买，极度看重高端精装质量与顶级物业的增值口碑。,常年本地稳定居住，工作日职住通勤动线规则单一。
上_1997_00500,上海,1997,教育型买房,33,男,0.4,2.5,0.4,4.6,3,1,否,B,social,1,0.49,0.47,0.34,0.54,0.61,0.45,1,0.71,学区房,两室两厅,69,582,区财政局科员,三口之家(幼龄段),上海中环品质两居，车位及空间极其拥挤,小区无地下车库且人车不分流，小孩在楼下玩耍或者推婴儿车极为不安全。,核心要求地块属于第一梯队名校学区，且周边500米内解决幼小衔接教育配套。,主要在陆家嘴/徐家汇CBD上班，首选地铁2/9号线沿线，通勤半小时内。,倡导轻户外，周末常带家人自驾野营或山系徒步，注重生活情调与手作咖啡。,名下持有一套旧两居，置换回款 65% + 个人理财储蓄补充 + 公积金商业贷,非仁恒、绿城、万科等金牌开发商不买，极度看重高端精装质量与顶级物业的增值口碑。,常年本地稳定居住，工作日职住通勤动线规则单一。
上_1997_00501,上海,1997,金融精英,38,女,1.2,8.6,0.4,16.1,3,1,否,A,research,0.83,0.47,0.67,0.61,0.72,0.88,0.84,0.8,0.72,自住-改善,两室一厅,96,1171,老牌证券公司营业部经理,三口之家(学龄段),陆家嘴核心区江景大平层,无高端私密会所及管家式物业配套，圈层鱼龙混杂，高净值居住体验差。,讲究超高得房率（超85%），主卧套房必须配备独立步入式衣帽间与干湿分离双卫。,主要在陆家嘴/徐家汇CBD上班，首选地铁2/9号线沿线，通勤半小时内。,周末常去高端商圈消费，热衷打网球和马术，重度手冲咖啡及黑胶唱片发烧友。,名下已有企业股权套现或分红现金，一次性全款付清，基本不加杠杆,非仁恒、绿城、万科等金牌开发商不买，极度看重高端精装质量与顶级物业的增值口碑。,常年本地稳定居住，工作日职住通勤动线规则单一。
上_1997_00502,上海,1997,教育型买房,44,女,0.6,6.4,0.4,12.0,3,0,否,B,social,1,0.63,0.43,0.36,0.6,0.72,0.65,1,0.56,学区房,两室一厅,87,820,区财政局科员,成熟期核心家庭,上海中环品质两居，车位及空间极其拥挤,老小区隔音差，邻里滋扰严重，且车位严重匮乏，每晚加班回来抢车位像打仗。,讲究超高得房率（超85%），主卧套房必须配备独立步入式衣帽间与干湿分离双卫。,主要在陆家嘴/徐家汇CBD上班，首选地铁2/9号线沿线，通勤半小时内。,倡导轻户外，周末常带家人自驾野营或山系徒步，注重生活情调与手作咖啡。,名下持有一套旧两居，置换回款 65% + 个人理财储蓄补充 + 公积金商业贷,重性价比，不盲信大牌，但要求物业管理有序、绿化修剪及时、人防技防规范。,常年本地稳定居住，工作日职住通勤动线规则单一。
上_1997_00503,上海,1997,教育型买房,41,女,0.5,4.2,0.4,7.9,3,2,否,B,social,0.78,0.56,0.31,0.51,0.68,0.76,0.52,0.96,0.68,学区房,两室两厅,55,1002,国企车间技术主任,二胎黄金期中大户型,上海中环品质两居，车位及空间极其拥挤,小区无地下车库且人车不分流，小孩在楼下玩耍或者推婴儿车极为不安全。,讲究超高得房率（超85%），主卧套房必须配备独立步入式衣帽间与干湿分离双卫。,主要在陆家嘴/徐家汇CBD上班，首选地铁2/9号线沿线，通勤半小时内。,倡导轻户外，周末常带家人自驾野营或山系徒步，注重生活情调与手作咖啡。,名下持有一套旧两居，置换回款 65% + 个人理财储蓄补充 + 公积金商业贷,重性价比，不盲信大牌，但要求物业管理有序、绿化修剪及时、人防技防规范。,常年本地稳定居住，工作日职住通勤动线规则单一。
上_1997_00504,上海,1997,本地改善,54,女,0.4,4.6,0.45,7.7,5,2,否,B,agent,0.65,0.45,0.53,0.42,0.51,0.78,0.63,0.69,0.81,自住-改善,两室两厅,76,709,区财政局科员,二胎黄金期中大户型,上海中环品质两居，车位及空间极其拥挤,小区无地下车库且人车不分流，小孩在楼下玩耍或者推婴儿车极为不安全。,讲究超高得房率（超85%），主卧套房必须配备独立步入式衣帽间与干湿分离双卫。,主要在陆家嘴/徐家汇CBD上班，首选地铁2/9号线沿线，通勤半小时内。,倡导轻户外，周末常带家人自驾野营或山系徒步，注重生活情调与手作咖啡。,名下持有一套旧两居，置换回款 65% + 个人理财储蓄补充 + 公积金商业贷,非仁恒、绿城、万科等金牌开发商不买，极度看重高端精装质量与顶级物业的增值口碑。,常年本地稳定居住，工作日职住通勤动线规则单一。
上_1997_00505,上海,1997,金融精英,46,女,0.8,5.6,0.4,10.5,4,1,否,A,research,0.82,0.65,0.75,0.58,0.77,0.84,0.6,0.77,0.84,自住-首套,一室一厅,84,886,老牌证券公司营业部经理,三口之家(学龄段),西湖边高精平层,无高端私密会所及管家式物业配套，圈层鱼龙混杂，高净值居住体验差。,要求有超大面宽南向双阳台（观景家政分离），主卧大飘窗能270度直面自然景观。,主要在陆家嘴/徐家汇CBD上班，首选地铁2/9号线沿线，通勤半小时内。,周末常去高端商圈消费，热衷打网球和马术，重度手冲咖啡及黑胶唱片发烧友。,夫妻双方积蓄 + 双方父母出资赞助首付 + 公积金商业组合贷款,非仁恒、绿城、万科等金牌开发商不买，极度看重高端精装质量与顶级物业的增值口碑。,常年本地稳定居住，工作日职住通勤动线规则单一。
上_1997_00506,上海,1997,本地改善,52,女,0.4,3.3,0.45,5.6,5,3,是,B,agent,0.77,0.47,0.55,0.52,0.54,0.88,0.59,0.59,0.56,自住-改善,两室两厅,69,447,国企车间技术主任,二胎黄金期中大户型,上海中环品质两居，车位及空间极其拥挤,小区无地下车库且人车不分流，小孩在楼下玩耍或者推婴儿车极为不安全。,讲究超高得房率（超85%），主卧套房必须配备独立步入式衣帽间与干湿分离双卫。,主要在陆家嘴/徐家汇CBD上班，首选地铁2/9号线沿线，通勤半小时内。,倡导轻户外，周末常带家人自驾野营或山系徒步，注重生活情调与手作咖啡。,名下持有一套旧两居，置换回款 65% + 个人理财储蓄补充 + 公积金商业贷,重性价比，不盲信大牌，但要求物业管理有序、绿化修剪及时、人防技防规范。,常年本地稳定居住，工作日职住通勤动线规则单一。
上_1997_00507,上海,1997,本地改善,48,男,0.5,4.8,0.45,8.1,6,2,否,B,agent,0.75,0.51,0.71,0.44,0.67,0.83,0.59,0.77,0.56,自住-改善,两室一厅,51,1153,邮政局局长秘书,二胎黄金期中大户型,上海中环品质两居，车位及空间极其拥挤,小区无地下车库且人车不分流，小孩在楼下玩耍或者推婴儿车极为不安全。,要求有超大面宽南向双阳台（观景家政分离），主卧大飘窗能270度直面自然景观。,主要在陆家嘴/徐家汇CBD上班，首选地铁2/9号线沿线，通勤半小时内。,倡导轻户外，周末常带家人自驾野营或山系徒步，注重生活情调与手作咖啡。,名下持有一套旧两居，置换回款 65% + 个人理财储蓄补充 + 公积金商业贷,重性价比，不盲信大牌，但要求物业管理有序、绿化修剪及时、人防技防规范。,常年本地稳定居住，工作日职住通勤动线规则单一。
上_1997_00508,上海,1997,教育型买房,42,女,0.5,3.0,0.4,5.6,3,1,否,B,social,0.84,0.37,0.46,0.35,0.61,0.74,0.58,0.93,0.59,学区房,一室一厅,76,491,市第二中学地理教师,三口之家(学龄段),上海中环品质两居，车位及空间极其拥挤,小区无地下车库且人车不分流，小孩在楼下玩耍或者推婴儿车极为不安全。,讲究超高得房率（超85%），主卧套房必须配备独立步入式衣帽间与干湿分离双卫。,主要在陆家嘴/徐家汇CBD上班，首选地铁2/9号线沿线，通勤半小时内。,倡导轻户外，周末常带家人自驾野营或山系徒步，注重生活情调与手作咖啡。,名下持有一套旧两居，置换回款 65% + 个人理财储蓄补充 + 公积金商业贷,重性价比，不盲信大牌，但要求物业管理有序、绿化修剪及时、人防技防规范。,常年本地稳定居住，工作日职住通勤动线规则单一。
上_1997_00509,上海,1997,本地改善,49,男,0.4,3.2,0.45,5.3,3,2,是,B,agent,1.0,0.53,0.5,0.51,0.52,0.88,0.64,0.77,0.69,自住-改善,两室一厅,69,410,区财政局科员,二胎黄金期中大户型,上海中环品质两居，车位及空间极其拥挤,小区无地下车库且人车不分流，小孩在楼下玩耍或者推婴儿车极为不安全。,讲究超高得房率（超85%），主卧套房必须配备独立步入式衣帽间与干湿分离双卫。,主要在陆家嘴/徐家汇CBD上班，首选地铁2/9号线沿线，通勤半小时内。,倡导轻户外，周末常带家人自驾野营或山系徒步，注重生活情调与手作咖啡。,名下持有一套旧两居，置换回款 65% + 个人理财储蓄补充 + 公积金商业贷,重性价比，不盲信大牌，但要求物业管理有序、绿化修剪及时、人防技防规范。,常年本地稳定居住，工作日职住通勤动线规则单一。
上_1997_00510,上海,1997,本地改善,54,男,0.7,5.5,0.45,9.1,3,2,否,B,agent,0.74,0.41,0.54,0.55,0.64,0.92,0.62,0.79,0.73,自住-改善,两室两厅,62,838,国企车间技术主任,二胎黄金期中大户型,上海中环品质两居，车位及空间极其拥挤,小区无地下车库且人车不分流，小孩在楼下玩耍或者推婴儿车极为不安全。,讲究超高得房率（超85%），主卧套房必须配备独立步入式衣帽间与干湿分离双卫。,主要在陆家嘴/徐家汇CBD上班，首选地铁2/9号线沿线，通勤半小时内。,倡导轻户外，周末常带家人自驾野营或山系徒步，注重生活情调与手作咖啡。,名下持有一套旧两居，置换回款 65% + 个人理财储蓄补充 + 公积金商业贷,非仁恒、绿城、万科等金牌开发商不买，极度看重高端精装质量与顶级物业的增值口碑。,常年本地稳定居住，工作日职住通勤动线规则单一。
上_1997_00511,上海,1997,本地改善,57,女,0.5,4.7,0.45,7.8,5,2,是,B,agent,0.93,0.51,0.61,0.48,0.67,0.73,0.67,0.73,0.63,自住-改善,两室两厅,98,436,市第二中学地理教师,二胎黄金期中大户型,上海中环品质两居，车位及空间极其拥挤,小区无地下车库且人车不分流，小孩在楼下玩耍或者推婴儿车极为不安全。,讲究超高得房率（超85%），主卧套房必须配备独立步入式衣帽间与干湿分离双卫。,主要在陆家嘴/徐家汇CBD上班，首选地铁2/9号线沿线，通勤半小时内。,倡导轻户外，周末常带家人自驾野营或山系徒步，注重生活情调与手作咖啡。,名下持有一套旧两居，置换回款 65% + 个人理财储蓄补充 + 公积金商业贷,重性价比，不盲信大牌，但要求物业管理有序、绿化修剪及时、人防技防规范。,常年本地稳定居住，工作日职住通勤动线规则单一。
上_1997_00512,上海,1997,本地改善,50,女,0.5,4.8,0.45,8.0,3,2,否,B,agent,0.9,0.58,0.53,0.56,0.56,0.86,0.58,0.74,0.6,自住-改善,两室两厅,67,968,国企车间技术主任,二胎黄金期中大户型,上海中环品质两居，车位及空间极其拥挤,小区无地下车库且人车不分流，小孩在楼下玩耍或者推婴儿车极为不安全。,讲究超高得房率（超85%），主卧套房必须配备独立步入式衣帽间与干湿分离双卫。,主要在陆家嘴/徐家汇CBD上班，首选地铁2/9号线沿线，通勤半小时内。,倡导轻户外，周末常带家人自驾野营或山系徒步，注重生活情调与手作咖啡。,名下持有一套旧两居，置换回款 65% + 个人理财储蓄补充 + 公积金商业贷,重性价比，不盲信大牌，但要求物业管理有序、绿化修剪及时、人防技防规范。,常年本地稳定居住，工作日职住通勤动线规则单一。
上_1997_00513,上海,1997,长三角家庭,52,女,0.4,2.3,0.45,3.8,4,1,是,B,agent,0.59,0.62,0.64,0.4,0.64,0.89,0.45,0.68,0.59,自住-改善,两室两厅,61,381,市第二中学地理教师,三口之家(学龄段),上海中环品质两居，车位及空间极其拥挤,小区无地下车库且人车不分流，小孩在楼下玩耍或者推婴儿车极为不安全。,讲究超高得房率（超85%），主卧套房必须配备独立步入式衣帽间与干湿分离双卫。,主要在陆家嘴/徐家汇CBD上班，首选地铁2/9号线沿线，通勤半小时内。,倡导轻户外，周末常带家人自驾野营或山系徒步，注重生活情调与手作咖啡。,名下持有一套旧两居，置换回款 65% + 个人理财储蓄补充 + 公积金商业贷,重性价比，不盲信大牌，但要求物业管理有序、绿化修剪及时、人防技防规范。,常年本地稳定居住，工作日职住通勤动线规则单一。
上_1997_00514,上海,1997,外籍海归,38,女,0.6,4.9,0.4,9.2,3,1,否,A,social,0.41,0.44,0.65,0.75,0.76,0.63,0.56,0.79,0.6,自住-改善,两室一厅,70,667,合资日化企业技术主管,三口之家(学龄段),陆家嘴核心区江景大平层,无高端私密会所及管家式物业配套，圈层鱼龙混杂，高净值居住体验差。,要求独立电梯入户，主次卧动线分明，配备独立保姆房和私密后院。,主要在陆家嘴/徐家汇CBD上班，首选地铁2/9号线沿线，通勤半小时内。,周末常去高端商圈消费，热衷打网球和马术，重度手冲咖啡及黑胶唱片发烧友。,名下已有企业股权套现或分红现金，一次性全款付清，基本不加杠杆,重性价比，不盲信大牌，但要求物业管理有序、绿化修剪及时、人防技防规范。,常年本地稳定居住，工作日职住通勤动线规则单一。
上_1997_00515,上海,1997,教育型买房,47,女,0.5,3.4,0.4,6.3,3,1,否,B,social,1,0.54,0.37,0.46,0.74,0.68,0.6,1,0.63,学区房,两室一厅,98,552,邮政局局长秘书,三口之家(学龄段),上海中环品质两居，车位及空间极其拥挤,小区无地下车库且人车不分流，小孩在楼下玩耍或者推婴儿车极为不安全。,核心要求地块属于第一梯队名校学区，且周边500米内解决幼小衔接教育配套。,主要在陆家嘴/徐家汇CBD上班，首选地铁2/9号线沿线，通勤半小时内。,倡导轻户外，周末常带家人自驾野营或山系徒步，注重生活情调与手作咖啡。,名下持有一套旧两居，置换回款 65% + 个人理财储蓄补充 + 公积金商业贷,重性价比，不盲信大牌，但要求物业管理有序、绿化修剪及时、人防技防规范。,常年本地稳定居住，工作日职住通勤动线规则单一。
上_1997_00516,上海,1997,本地改善,54,女,0.5,6.4,0.45,10.7,4,2,是,B,agent,0.67,0.46,0.55,0.58,0.54,0.94,0.52,0.84,0.66,自住-改善,一室一厅,93,706,市第二中学地理教师,二胎黄金期中大户型,上海中环品质两居，车位及空间极其拥挤,小区无地下车库且人车不分流，小孩在楼下玩耍或者推婴儿车极为不安全。,讲究超高得房率（超85%），主卧套房必须配备独立步入式衣帽间与干湿分离双卫。,主要在陆家嘴/徐家汇CBD上班，首选地铁2/9号线沿线，通勤半小时内。,倡导轻户外，周末常带家人自驾野营或山系徒步，注重生活情调与手作咖啡。,名下持有一套旧两居，置换回款 65% + 个人理财储蓄补充 + 公积金商业贷,重性价比，不盲信大牌，但要求物业管理有序、绿化修剪及时、人防技防规范。,常年本地稳定居住，工作日职住通勤动线规则单一。
上_1997_00517,上海,1997,教育型买房,37,女,0.7,4.0,0.4,7.5,2,1,是,B,social,0.87,0.58,0.3,0.43,0.41,0.73,0.56,0.83,0.69,学区房,两室两厅,99,541,区财政局科员,三口之家(幼龄段),上海中环品质两居，车位及空间极其拥挤,小区无地下车库且人车不分流，小孩在楼下玩耍或者推婴儿车极为不安全。,讲究超高得房率（超85%），主卧套房必须配备独立步入式衣帽间与干湿分离双卫。,主要在陆家嘴/徐家汇CBD上班，首选地铁2/9号线沿线，通勤半小时内。,倡导轻户外，周末常带家人自驾野营或山系徒步，注重生活情调与手作咖啡。,名下持有一套旧两居，置换回款 65% + 个人理财储蓄补充 + 公积金商业贷,重性价比，不盲信大牌，但要求物业管理有序、绿化修剪及时、人防技防规范。,常年本地稳定居住，工作日职住通勤动线规则单一。
上_1997_00518,上海,1997,本地改善,53,女,0.6,6.7,0.45,11.2,5,2,否,B,agent,0.79,0.68,0.62,0.56,0.53,0.83,0.54,0.93,0.63,自住-改善,一室一厅,59,1549,国企车间技术主任,二胎黄金期中大户型,上海中环品质两居，车位及空间极其拥挤,小区无地下车库且人车不分流，小孩在楼下玩耍或者推婴儿车极为不安全。,讲究超高得房率（超85%），主卧套房必须配备独立步入式衣帽间与干湿分离双卫。,主要在陆家嘴/徐家汇CBD上班，首选地铁2/9号线沿线，通勤半小时内。,倡导轻户外，周末常带家人自驾野营或山系徒步，注重生活情调与手作咖啡。,名下持有一套旧两居，置换回款 65% + 个人理财储蓄补充 + 公积金商业贷,重性价比，不盲信大牌，但要求物业管理有序、绿化修剪及时、人防技防规范。,常年本地稳定居住，工作日职住通勤动线规则单一。
上_1997_00519,上海,1997,本地改善,41,女,0.5,5.0,0.45,8.3,4,2,是,B,agent,0.67,0.68,0.63,0.64,0.54,0.69,0.61,0.71,0.7,自住-改善,两室两厅,77,657,市第二中学地理教师,二胎黄金期中大户型,上海中环品质两居，车位及空间极其拥挤,小区无地下车库且人车不分流，小孩在楼下玩耍或者推婴儿车极为不安全。,核心要求地块属于第一梯队名校学区，且周边500米内解决幼小衔接教育配套。,主要在陆家嘴/徐家汇CBD上班，首选地铁2/9号线沿线，通勤半小时内。,倡导轻户外，周末常带家人自驾野营或山系徒步，注重生活情调与手作咖啡。,名下持有一套旧两居，置换回款 65% + 个人理财储蓄补充 + 公积金商业贷,非仁恒、绿城、万科等金牌开发商不买，极度看重高端精装质量与顶级物业的增值口碑。,常年本地稳定居住，工作日职住通勤动线规则单一。
上_1997_00520,上海,1997,教育型买房,42,女,0.8,6.6,0.4,12.3,2,1,否,B,social,0.92,0.48,0.53,0.41,0.68,0.49,0.64,0.92,0.57,学区房,两室两厅,59,1714,国企车间技术主任,三口之家(学龄段),上海中环品质两居，车位及空间极其拥挤,小区无地下车库且人车不分流，小孩在楼下玩耍或者推婴儿车极为不安全。,核心要求地块属于第一梯队名校学区，且周边500米内解决幼小衔接教育配套。,主要在陆家嘴/徐家汇CBD上班，首选地铁2/9号线沿线，通勤半小时内。,倡导轻户外，周末常带家人自驾野营或山系徒步，注重生活情调与手作咖啡。,名下持有一套旧两居，置换回款 65% + 个人理财储蓄补充 + 公积金商业贷,重性价比，不盲信大牌，但要求物业管理有序、绿化修剪及时、人防技防规范。,常年本地稳定居住，工作日职住通勤动线规则单一。
上_1997_00521,上海,1997,教育型买房,47,女,0.7,4.0,0.4,7.5,3,1,是,B,social,0.94,0.38,0.27,0.4,0.59,0.55,0.66,1,0.64,学区房,两室一厅,85,674,邮政局局长秘书,三口之家(学龄段),上海中环品质两居，车位及空间极其拥挤,小区无地下车库且人车不分流，小孩在楼下玩耍或者推婴儿车极为不安全。,核心要求地块属于第一梯队名校学区，且周边500米内解决幼小衔接教育配套。,主要在陆家嘴/徐家汇CBD上班，首选地铁2/9号线沿线，通勤半小时内。,倡导轻户外，周末常带家人自驾野营或山系徒步，注重生活情调与手作咖啡。,名下持有一套旧两居，置换回款 65% + 个人理财储蓄补充 + 公积金商业贷,重性价比，不盲信大牌，但要求物业管理有序、绿化修剪及时、人防技防规范。,常年本地稳定居住，工作日职住通勤动线规则单一。
上_1997_00522,上海,1997,教育型买房,35,女,0.6,5.7,0.4,10.7,3,0,否,B,social,0.93,0.45,0.48,0.37,0.57,0.72,0.56,0.95,0.62,学区房,两室两厅,50,1617,市第二中学地理教师,新婚过渡两居,上海中环品质两居，车位及空间极其拥挤,老小区隔音差，邻里滋扰严重，且车位严重匮乏，每晚加班回来抢车位像打仗。,讲究超高得房率（超85%），主卧套房必须配备独立步入式衣帽间与干湿分离双卫。,主要在陆家嘴/徐家汇CBD上班，首选地铁2/9号线沿线，通勤半小时内。,倡导轻户外，周末常带家人自驾野营或山系徒步，注重生活情调与手作咖啡。,名下持有一套旧两居，置换回款 65% + 个人理财储蓄补充 + 公积金商业贷,重性价比，不盲信大牌，但要求物业管理有序、绿化修剪及时、人防技防规范。,常年本地稳定居住，工作日职住通勤动线规则单一。
上_1997_00523,上海,1997,本地改善,43,男,0.6,4.1,0.45,6.9,4,2,否,B,agent,0.59,0.59,0.6,0.5,0.49,0.75,0.57,0.71,0.5,自住-改善,一室一厅,80,719,邮政局局长秘书,二胎黄金期中大户型,上海中环品质两居，车位及空间极其拥挤,小区无地下车库且人车不分流，小孩在楼下玩耍或者推婴儿车极为不安全。,讲究超高得房率（超85%），主卧套房必须配备独立步入式衣帽间与干湿分离双卫。,主要在陆家嘴/徐家汇CBD上班，首选地铁2/9号线沿线，通勤半小时内。,倡导轻户外，周末常带家人自驾野营或山系徒步，注重生活情调与手作咖啡。,名下持有一套旧两居，置换回款 65% + 个人理财储蓄补充 + 公积金商业贷,重性价比，不盲信大牌，但要求物业管理有序、绿化修剪及时、人防技防规范。,常年本地稳定居住，工作日职住通勤动线规则单一。
上_1997_00524,上海,1997,本地改善,54,女,0.6,5.9,0.45,9.9,4,2,否,B,agent,0.62,0.54,0.48,0.6,0.42,0.82,0.62,0.77,0.57,自住-改善,两室两厅,69,1090,市第二中学地理教师,二胎黄金期中大户型,上海中环品质两居，车位及空间极其拥挤,小区无地下车库且人车不分流，小孩在楼下玩耍或者推婴儿车极为不安全。,讲究超高得房率（超85%），主卧套房必须配备独立步入式衣帽间与干湿分离双卫。,主要在陆家嘴/徐家汇CBD上班，首选地铁2/9号线沿线，通勤半小时内。,倡导轻户外，周末常带家人自驾野营或山系徒步，注重生活情调与手作咖啡。,名下持有一套旧两居，置换回款 65% + 个人理财储蓄补充 + 公积金商业贷,重性价比，不盲信大牌，但要求物业管理有序、绿化修剪及时、人防技防规范。,常年本地稳定居住，工作日职住通勤动线规则单一。
上_1997_00525,上海,1997,本地改善,54,男,0.3,2.6,0.45,4.4,5,2,否,B,agent,0.83,0.53,0.67,0.48,0.57,0.77,0.61,0.61,0.49,自住-改善,两室两厅,85,348,区财政局科员,二胎黄金期中大户型,上海中环品质两居，车位及空间极其拥挤,小区无地下车库且人车不分流，小孩在楼下玩耍或者推婴儿车极为不安全。,讲究超高得房率（超85%），主卧套房必须配备独立步入式衣帽间与干湿分离双卫。,主要在陆家嘴/徐家汇CBD上班，首选地铁2/9号线沿线，通勤半小时内。,倡导轻户外，周末常带家人自驾野营或山系徒步，注重生活情调与手作咖啡。,名下持有一套旧两居，置换回款 65% + 个人理财储蓄补充 + 公积金商业贷,重性价比，不盲信大牌，但要求物业管理有序、绿化修剪及时、人防技防规范。,常年本地稳定居住，工作日职住通勤动线规则单一。
上_1997_00526,上海,1997,长三角家庭,37,女,0.4,3.6,0.45,6.0,3,2,是,B,agent,0.81,0.61,0.64,0.61,0.44,0.76,0.29,0.78,0.72,自住-首套,两室一厅,79,437,国企车间技术主任,二胎黄金期中大户型,上海中环品质两居，车位及空间极其拥挤,小区无地下车库且人车不分流，小孩在楼下玩耍或者推婴儿车极为不安全。,讲究超高得房率（超85%），主卧套房必须配备独立步入式衣帽间与干湿分离双卫。,主要在陆家嘴/徐家汇CBD上班，首选地铁2/9号线沿线，通勤半小时内。,倡导轻户外，周末常带家人自驾野营或山系徒步，注重生活情调与手作咖啡。,夫妻双方积蓄 + 双方父母出资赞助首付 + 公积金商业组合贷款,非仁恒、绿城、万科等金牌开发商不买，极度看重高端精装质量与顶级物业的增值口碑。,常年本地稳定居住，工作日职住通勤动线规则单一。
上_1997_00527,上海,1997,教育型买房,34,女,0.6,5.4,0.4,10.2,3,1,否,B,social,0.64,0.61,0.42,0.51,0.67,0.71,0.64,1,0.55,学区房,两室一厅,52,1123,国企车间技术主任,三口之家(幼龄段),上海中环品质两居，车位及空间极其拥挤,小区无地下车库且人车不分流，小孩在楼下玩耍或者推婴儿车极为不安全。,讲究超高得房率（超85%），主卧套房必须配备独立步入式衣帽间与干湿分离双卫。,主要在陆家嘴/徐家汇CBD上班，首选地铁2/9号线沿线，通勤半小时内。,倡导轻户外，周末常带家人自驾野营或山系徒步，注重生活情调与手作咖啡。,名下持有一套旧两居，置换回款 65% + 个人理财储蓄补充 + 公积金商业贷,重性价比，不盲信大牌，但要求物业管理有序、绿化修剪及时、人防技防规范。,常年本地稳定居住，工作日职住通勤动线规则单一。
上_1997_00528,上海,1997,本地改善,41,女,0.7,7.9,0.45,13.2,5,1,否,B,agent,0.5,0.47,0.55,0.49,0.63,0.89,0.66,0.53,0.66,自住-改善,一室一厅,76,1320,市第二中学地理教师,三口之家(学龄段),上海中环品质两居，车位及空间极其拥挤,小区无地下车库且人车不分流，小孩在楼下玩耍或者推婴儿车极为不安全。,讲究超高得房率（超85%），主卧套房必须配备独立步入式衣帽间与干湿分离双卫。,主要在陆家嘴/徐家汇CBD上班，首选地铁2/9号线沿线，通勤半小时内。,倡导轻户外，周末常带家人自驾野营或山系徒步，注重生活情调与手作咖啡。,名下持有一套旧两居，置换回款 65% + 个人理财储蓄补充 + 公积金商业贷,重性价比，不盲信大牌，但要求物业管理有序、绿化修剪及时、人防技防规范。,常年本地稳定居住，工作日职住通勤动线规则单一。
上_1997_00529,上海,1997,金融精英,40,男,0.7,3.9,0.4,7.3,3,2,否,A,research,0.98,0.55,0.56,0.58,0.72,0.74,0.71,0.76,0.84,自住-改善,一室一厅,75,811,商业银行支行信贷科长,二胎黄金期中大户型,市中心私密洋房住宅,无高端私密会所及管家式物业配套，圈层鱼龙混杂，高净值居住体验差。,讲究超高得房率（超85%），主卧套房必须配备独立步入式衣帽间与干湿分离双卫。,主要在陆家嘴/徐家汇CBD上班，首选地铁2/9号线沿线，通勤半小时内。,周末常去高端商圈消费，热衷打网球和马术，重度手冲咖啡及黑胶唱片发烧友。,名下已有企业股权套现或分红现金，一次性全款付清，基本不加杠杆,非仁恒、绿城、万科等金牌开发商不买，极度看重高端精装质量与顶级物业的增值口碑。,常年本地稳定居住，工作日职住通勤动线规则单一。
上_1997_00530,上海,1997,本地改善,55,女,0.4,4.5,0.45,7.6,3,2,是,B,agent,0.73,0.48,0.55,0.46,0.57,0.81,0.59,0.62,0.6,自住-改善,两室两厅,85,648,国企车间技术主任,二胎黄金期中大户型,上海中环品质两居，车位及空间极其拥挤,小区无地下车库且人车不分流，小孩在楼下玩耍或者推婴儿车极为不安全。,讲究超高得房率（超85%），主卧套房必须配备独立步入式衣帽间与干湿分离双卫。,主要在陆家嘴/徐家汇CBD上班，首选地铁2/9号线沿线，通勤半小时内。,倡导轻户外，周末常带家人自驾野营或山系徒步，注重生活情调与手作咖啡。,名下持有一套旧两居，置换回款 65% + 个人理财储蓄补充 + 公积金商业贷,重性价比，不盲信大牌，但要求物业管理有序、绿化修剪及时、人防技防规范。,常年本地稳定居住，工作日职住通勤动线规则单一。
上_1997_00531,上海,1997,本地改善,41,男,0.4,4.7,0.45,7.9,4,1,否,B,agent,0.68,0.45,0.67,0.56,0.6,0.66,0.72,0.68,0.67,自住-改善,一室一厅,85,641,区财政局科员,三口之家(学龄段),上海中环品质两居，车位及空间极其拥挤,小区无地下车库且人车不分流，小孩在楼下玩耍或者推婴儿车极为不安全。,要求采光通透，全明户型，带多功能嵌入式收纳墙以最大化空间利用。,主要在陆家嘴/徐家汇CBD上班，首选地铁2/9号线沿线，通勤半小时内。,倡导轻户外，周末常带家人自驾野营或山系徒步，注重生活情调与手作咖啡。,名下持有一套旧两居，置换回款 65% + 个人理财储蓄补充 + 公积金商业贷,重性价比，不盲信大牌，但要求物业管理有序、绿化修剪及时、人防技防规范。,常年本地稳定居住，工作日职住通勤动线规则单一。
上_1997_00532,上海,1997,教育型买房,36,男,0.8,6.4,0.4,12.0,3,1,否,B,social,0.79,0.49,0.42,0.5,0.61,0.72,0.57,1,0.57,学区房,两室一厅,56,1075,邮政局局长秘书,三口之家(幼龄段),上海中环品质两居，车位及空间极其拥挤,小区无地下车库且人车不分流，小孩在楼下玩耍或者推婴儿车极为不安全。,讲究超高得房率（超85%），主卧套房必须配备独立步入式衣帽间与干湿分离双卫。,主要在陆家嘴/徐家汇CBD上班，首选地铁2/9号线沿线，通勤半小时内。,倡导轻户外，周末常带家人自驾野营或山系徒步，注重生活情调与手作咖啡。,名下持有一套旧两居，置换回款 65% + 个人理财储蓄补充 + 公积金商业贷,重性价比，不盲信大牌，但要求物业管理有序、绿化修剪及时、人防技防规范。,常年本地稳定居住，工作日职住通勤动线规则单一。
上_1997_00533,上海,1997,本地改善,50,女,0.4,5.4,0.45,9.0,4,2,是,B,agent,0.68,0.57,0.53,0.53,0.5,0.91,0.75,0.85,0.7,自住-改善,两室一厅,86,875,区财政局科员,二胎黄金期中大户型,上海中环品质两居，车位及空间极其拥挤,小区无地下车库且人车不分流，小孩在楼下玩耍或者推婴儿车极为不安全。,讲究超高得房率（超85%），主卧套房必须配备独立步入式衣帽间与干湿分离双卫。,主要在陆家嘴/徐家汇CBD上班，首选地铁2/9号线沿线，通勤半小时内。,倡导轻户外，周末常带家人自驾野营或山系徒步，注重生活情调与手作咖啡。,名下持有一套旧两居，置换回款 65% + 个人理财储蓄补充 + 公积金商业贷,非仁恒、绿城、万科等金牌开发商不买，极度看重高端精装质量与顶级物业的增值口碑。,常年本地稳定居住，工作日职住通勤动线规则单一。
上_1997_00534,上海,1997,本地改善,49,男,0.4,4.6,0.45,7.7,4,2,否,B,agent,0.83,0.57,0.54,0.41,0.54,0.98,0.6,0.58,0.7,自住-改善,两室一厅,84,654,区财政局科员,二胎黄金期中大户型,上海中环品质两居，车位及空间极其拥挤,小区无地下车库且人车不分流，小孩在楼下玩耍或者推婴儿车极为不安全。,讲究超高得房率（超85%），主卧套房必须配备独立步入式衣帽间与干湿分离双卫。,主要在陆家嘴/徐家汇CBD上班，首选地铁2/9号线沿线，通勤半小时内。,倡导轻户外，周末常带家人自驾野营或山系徒步，注重生活情调与手作咖啡。,名下持有一套旧两居，置换回款 65% + 个人理财储蓄补充 + 公积金商业贷,非仁恒、绿城、万科等金牌开发商不买，极度看重高端精装质量与顶级物业的增值口碑。,常年本地稳定居住，工作日职住通勤动线规则单一。
上_1997_00535,上海,1997,教育型买房,39,男,0.5,3.7,0.4,6.9,2,1,否,B,social,0.62,0.54,0.33,0.19,0.6,0.64,0.6,0.93,0.55,学区房,一室一厅,81,673,市第二中学地理教师,三口之家(学龄段),上海中环品质两居，车位及空间极其拥挤,小区无地下车库且人车不分流，小孩在楼下玩耍或者推婴儿车极为不安全。,核心要求地块属于第一梯队名校学区，且周边500米内解决幼小衔接教育配套。,主要在陆家嘴/徐家汇CBD上班，首选地铁2/9号线沿线，通勤半小时内。,倡导轻户外，周末常带家人自驾野营或山系徒步，注重生活情调与手作咖啡。,名下持有一套旧两居，置换回款 65% + 个人理财储蓄补充 + 公积金商业贷,重性价比，不盲信大牌，但要求物业管理有序、绿化修剪及时、人防技防规范。,常年本地稳定居住，工作日职住通勤动线规则单一。
上_1997_00536,上海,1997,本地改善,48,女,0.5,6.6,0.45,11.1,5,2,否,B,agent,0.62,0.47,0.56,0.55,0.55,0.92,0.57,0.69,0.6,自住-改善,两室一厅,75,1174,国企车间技术主任,二胎黄金期中大户型,上海中环品质两居，车位及空间极其拥挤,小区无地下车库且人车不分流，小孩在楼下玩耍或者推婴儿车极为不安全。,讲究超高得房率（超85%），主卧套房必须配备独立步入式衣帽间与干湿分离双卫。,主要在陆家嘴/徐家汇CBD上班，首选地铁2/9号线沿线，通勤半小时内。,倡导轻户外，周末常带家人自驾野营或山系徒步，注重生活情调与手作咖啡。,名下持有一套旧两居，置换回款 65% + 个人理财储蓄补充 + 公积金商业贷,重性价比，不盲信大牌，但要求物业管理有序、绿化修剪及时、人防技防规范。,常年本地稳定居住，工作日职住通勤动线规则单一。
上_1997_00537,上海,1997,本地改善,53,女,0.7,8.8,0.45,14.7,4,2,是,B,agent,0.75,0.41,0.53,0.52,0.56,0.86,0.62,0.72,0.71,自住-改善,两室两厅,70,1731,区财政局科员,二胎黄金期中大户型,上海中环品质两居，车位及空间极其拥挤,小区无地下车库且人车不分流，小孩在楼下玩耍或者推婴儿车极为不安全。,讲究超高得房率（超85%），主卧套房必须配备独立步入式衣帽间与干湿分离双卫。,主要在陆家嘴/徐家汇CBD上班，首选地铁2/9号线沿线，通勤半小时内。,倡导轻户外，周末常带家人自驾野营或山系徒步，注重生活情调与手作咖啡。,名下持有一套旧两居，置换回款 65% + 个人理财储蓄补充 + 公积金商业贷,非仁恒、绿城、万科等金牌开发商不买，极度看重高端精装质量与顶级物业的增值口碑。,常年本地稳定居住，工作日职住通勤动线规则单一。
上_1997_00538,上海,1997,本地改善,57,男,0.5,3.8,0.45,6.3,4,2,否,B,agent,0.9,0.51,0.49,0.52,0.58,0.77,0.51,0.7,0.59,自住-改善,一室一厅,69,483,国企车间技术主任,二胎黄金期中大户型,上海中环品质两居，车位及空间极其拥挤,小区无地下车库且人车不分流，小孩在楼下玩耍或者推婴儿车极为不安全。,讲究超高得房率（超85%），主卧套房必须配备独立步入式衣帽间与干湿分离双卫。,主要在陆家嘴/徐家汇CBD上班，首选地铁2/9号线沿线，通勤半小时内。,倡导轻户外，周末常带家人自驾野营或山系徒步，注重生活情调与手作咖啡。,名下持有一套旧两居，置换回款 65% + 个人理财储蓄补充 + 公积金商业贷,重性价比，不盲信大牌，但要求物业管理有序、绿化修剪及时、人防技防规范。,常年本地稳定居住，工作日职住通勤动线规则单一。
上_1997_00539,上海,1997,本地改善,39,女,0.3,2.5,0.45,4.2,5,2,否,B,agent,0.53,0.56,0.42,0.4,0.5,0.99,0.63,0.77,0.56,自住-改善,两室两厅,89,283,市第二中学地理教师,二胎黄金期中大户型,上海中环品质两居，车位及空间极其拥挤,小区无地下车库且人车不分流，小孩在楼下玩耍或者推婴儿车极为不安全。,讲究超高得房率（超85%），主卧套房必须配备独立步入式衣帽间与干湿分离双卫。,主要在陆家嘴/徐家汇CBD上班，首选地铁2/9号线沿线，通勤半小时内。,倡导轻户外，周末常带家人自驾野营或山系徒步，注重生活情调与手作咖啡。,名下持有一套旧两居，置换回款 65% + 个人理财储蓄补充 + 公积金商业贷,重性价比，不盲信大牌，但要求物业管理有序、绿化修剪及时、人防技防规范。,常年本地稳定居住，工作日职住通勤动线规则单一。
上_1997_00540,上海,1997,教育型买房,42,男,0.4,3.4,0.4,6.4,3,1,是,B,social,0.8,0.45,0.28,0.39,0.69,0.64,0.62,0.88,0.59,学区房,一室一厅,80,567,国企车间技术主任,三口之家(学龄段),上海中环品质两居，车位及空间极其拥挤,小区无地下车库且人车不分流，小孩在楼下玩耍或者推婴儿车极为不安全。,核心要求地块属于第一梯队名校学区，且周边500米内解决幼小衔接教育配套。,主要在陆家嘴/徐家汇CBD上班，首选地铁2/9号线沿线，通勤半小时内。,倡导轻户外，周末常带家人自驾野营或山系徒步，注重生活情调与手作咖啡。,名下持有一套旧两居，置换回款 65% + 个人理财储蓄补充 + 公积金商业贷,重性价比，不盲信大牌，但要求物业管理有序、绿化修剪及时、人防技防规范。,常年本地稳定居住，工作日职住通勤动线规则单一。
上_1997_00541,上海,1997,教育型买房,36,男,0.5,4.2,0.4,7.8,3,1,是,B,social,0.67,0.4,0.43,0.51,0.64,0.71,0.65,1,0.61,学区房,两室两厅,51,1279,区财政局科员,三口之家(幼龄段),上海中环品质两居，车位及空间极其拥挤,小区无地下车库且人车不分流，小孩在楼下玩耍或者推婴儿车极为不安全。,讲究超高得房率（超85%），主卧套房必须配备独立步入式衣帽间与干湿分离双卫。,主要在陆家嘴/徐家汇CBD上班，首选地铁2/9号线沿线，通勤半小时内。,倡导轻户外，周末常带家人自驾野营或山系徒步，注重生活情调与手作咖啡。,名下持有一套旧两居，置换回款 65% + 个人理财储蓄补充 + 公积金商业贷,重性价比，不盲信大牌，但要求物业管理有序、绿化修剪及时、人防技防规范。,常年本地稳定居住，工作日职住通勤动线规则单一。
上_1997_00542,上海,1997,本地改善,45,男,0.4,4.5,0.45,7.5,3,2,是,B,agent,0.97,0.49,0.51,0.5,0.45,0.84,0.51,0.73,0.53,自住-改善,两室一厅,93,682,邮政局局长秘书,二胎黄金期中大户型,上海中环品质两居，车位及空间极其拥挤,小区无地下车库且人车不分流，小孩在楼下玩耍或者推婴儿车极为不安全。,讲究超高得房率（超85%），主卧套房必须配备独立步入式衣帽间与干湿分离双卫。,主要在陆家嘴/徐家汇CBD上班，首选地铁2/9号线沿线，通勤半小时内。,倡导轻户外，周末常带家人自驾野营或山系徒步，注重生活情调与手作咖啡。,名下持有一套旧两居，置换回款 65% + 个人理财储蓄补充 + 公积金商业贷,重性价比，不盲信大牌，但要求物业管理有序、绿化修剪及时、人防技防规范。,常年本地稳定居住，工作日职住通勤动线规则单一。
上_1997_00543,上海,1997,本地改善,47,男,0.4,4.3,0.45,7.2,3,2,是,B,agent,0.64,0.45,0.76,0.56,0.63,0.95,0.67,0.69,0.62,自住-改善,两室一厅,52,784,邮政局局长秘书,二胎黄金期中大户型,上海中环品质两居，车位及空间极其拥挤,小区无地下车库且人车不分流，小孩在楼下玩耍或者推婴儿车极为不安全。,要求有超大面宽南向双阳台（观景家政分离），主卧大飘窗能270度直面自然景观。,主要在陆家嘴/徐家汇CBD上班，首选地铁2/9号线沿线，通勤半小时内。,倡导轻户外，周末常带家人自驾野营或山系徒步，注重生活情调与手作咖啡。,名下持有一套旧两居，置换回款 65% + 个人理财储蓄补充 + 公积金商业贷,重性价比，不盲信大牌，但要求物业管理有序、绿化修剪及时、人防技防规范。,常年本地稳定居住，工作日职住通勤动线规则单一。
上_1997_00544,上海,1997,金融精英,37,女,0.6,4.8,0.4,8.9,3,1,是,A,research,0.71,0.4,0.65,0.6,0.62,0.75,0.74,0.61,0.67,自住-首套,一室一厅,67,877,老牌证券公司营业部经理,三口之家(幼龄段),市中心私密洋房住宅,当前房屋属于旧多层无电梯房，父母年纪渐高每天爬楼梯极为吃力。,讲究超高得房率（超85%），主卧套房必须配备独立步入式衣帽间与干湿分离双卫。,主要在陆家嘴/徐家汇CBD上班，首选地铁2/9号线沿线，通勤半小时内。,周末常去高端商圈消费，热衷打网球和马术，重度手冲咖啡及黑胶唱片发烧友。,夫妻双方积蓄 + 双方父母出资赞助首付 + 公积金商业组合贷款,重性价比，不盲信大牌，但要求物业管理有序、绿化修剪及时、人防技防规范。,常年本地稳定居住，工作日职住通勤动线规则单一。
上_1997_00545,上海,1997,本地改善,49,男,0.3,2.9,0.45,4.9,4,2,是,B,agent,0.7,0.5,0.47,0.46,0.56,0.9,0.58,0.85,0.62,自住-改善,一室一厅,73,507,邮政局局长秘书,二胎黄金期中大户型,上海中环品质两居，车位及空间极其拥挤,小区无地下车库且人车不分流，小孩在楼下玩耍或者推婴儿车极为不安全。,讲究超高得房率（超85%），主卧套房必须配备独立步入式衣帽间与干湿分离双卫。,主要在陆家嘴/徐家汇CBD上班，首选地铁2/9号线沿线，通勤半小时内。,倡导轻户外，周末常带家人自驾野营或山系徒步，注重生活情调与手作咖啡。,名下持有一套旧两居，置换回款 65% + 个人理财储蓄补充 + 公积金商业贷,重性价比，不盲信大牌，但要求物业管理有序、绿化修剪及时、人防技防规范。,常年本地稳定居住，工作日职住通勤动线规则单一。
上_1997_00546,上海,1997,长三角家庭,48,男,0.3,2.5,0.45,4.2,4,1,否,B,agent,0.87,0.63,0.46,0.49,0.48,0.81,0.3,0.74,0.8,自住-首套,一室一厅,83,398,区财政局科员,三口之家(学龄段),上海中环品质两居，车位及空间极其拥挤,小区无地下车库且人车不分流，小孩在楼下玩耍或者推婴儿车极为不安全。,讲究超高得房率（超85%），主卧套房必须配备独立步入式衣帽间与干湿分离双卫。,主要在陆家嘴/徐家汇CBD上班，首选地铁2/9号线沿线，通勤半小时内。,倡导轻户外，周末常带家人自驾野营或山系徒步，注重生活情调与手作咖啡。,夫妻双方积蓄 + 双方父母出资赞助首付 + 公积金商业组合贷款,非仁恒、绿城、万科等金牌开发商不买，极度看重高端精装质量与顶级物业的增值口碑。,常年本地稳定居住，工作日职住通勤动线规则单一。
上_1997_00547,上海,1997,金融精英,39,男,1.0,7.1,0.4,13.3,2,1,否,A,research,0.91,0.44,0.57,0.59,0.81,0.76,0.76,0.79,0.88,自住-改善,一室一厅,81,1081,老牌证券公司营业部经理,三口之家(学龄段),西湖边高精平层,无高端私密会所及管家式物业配套，圈层鱼龙混杂，高净值居住体验差。,讲究超高得房率（超85%），主卧套房必须配备独立步入式衣帽间与干湿分离双卫。,主要在陆家嘴/徐家汇CBD上班，首选地铁2/9号线沿线，通勤半小时内。,周末常去高端商圈消费，热衷打网球和马术，重度手冲咖啡及黑胶唱片发烧友。,名下已有企业股权套现或分红现金，一次性全款付清，基本不加杠杆,非仁恒、绿城、万科等金牌开发商不买，极度看重高端精装质量与顶级物业的增值口碑。,常年本地稳定居住，工作日职住通勤动线规则单一。
上_1997_00548,上海,1997,金融精英,37,女,0.6,3.3,0.4,6.3,2,1,否,A,research,0.93,0.4,0.65,0.76,0.74,0.72,0.8,0.7,0.74,自住-改善,两室一厅,83,677,申银万国证券分析员,三口之家(幼龄段),陆家嘴核心区江景大平层,无高端私密会所及管家式物业配套，圈层鱼龙混杂，高净值居住体验差。,要求独立电梯入户，主次卧动线分明，配备独立保姆房和私密后院。,主要在陆家嘴/徐家汇CBD上班，首选地铁2/9号线沿线，通勤半小时内。,周末常去高端商圈消费，热衷打网球和马术，重度手冲咖啡及黑胶唱片发烧友。,名下已有企业股权套现或分红现金，一次性全款付清，基本不加杠杆,非仁恒、绿城、万科等金牌开发商不买，极度看重高端精装质量与顶级物业的增值口碑。,常年本地稳定居住，工作日职住通勤动线规则单一。
上_1997_00549,上海,1997,本地改善,52,男,0.4,4.4,0.45,7.3,4,2,是,B,agent,0.72,0.61,0.44,0.54,0.46,0.82,0.67,0.71,0.67,自住-改善,两室两厅,78,720,市第二中学地理教师,二胎黄金期中大户型,上海中环品质两居，车位及空间极其拥挤,小区无地下车库且人车不分流，小孩在楼下玩耍或者推婴儿车极为不安全。,讲究超高得房率（超85%），主卧套房必须配备独立步入式衣帽间与干湿分离双卫。,主要在陆家嘴/徐家汇CBD上班，首选地铁2/9号线沿线，通勤半小时内。,倡导轻户外，周末常带家人自驾野营或山系徒步，注重生活情调与手作咖啡。,名下持有一套旧两居，置换回款 65% + 个人理财储蓄补充 + 公积金商业贷,重性价比，不盲信大牌，但要求物业管理有序、绿化修剪及时、人防技防规范。,常年本地稳定居住，工作日职住通勤动线规则单一。
上_1997_00550,上海,1997,金融精英,40,男,0.9,8.8,0.4,16.5,3,1,是,A,research,0.81,0.45,0.68,0.45,0.81,0.78,0.7,0.83,0.82,自住-改善,一室一厅,59,1879,申银万国证券分析员,三口之家(学龄段),西湖边高精平层,当前房屋属于旧多层无电梯房，父母年纪渐高每天爬楼梯极为吃力。,讲究超高得房率（超85%），主卧套房必须配备独立步入式衣帽间与干湿分离双卫。,主要在陆家嘴/徐家汇CBD上班，首选地铁2/9号线沿线，通勤半小时内。,周末常去高端商圈消费，热衷打网球和马术，重度手冲咖啡及黑胶唱片发烧友。,名下已有企业股权套现或分红现金，一次性全款付清，基本不加杠杆,非仁恒、绿城、万科等金牌开发商不买，极度看重高端精装质量与顶级物业的增值口碑。,常年本地稳定居住，工作日职住通勤动线规则单一。
上_1997_00551,上海,1997,教育型买房,46,女,0.3,2.3,0.4,4.3,3,1,是,B,social,0.78,0.54,0.37,0.37,0.46,0.74,0.66,0.98,0.6,学区房,一室一厅,54,650,市第二中学地理教师,三口之家(学龄段),上海中环品质两居，车位及空间极其拥挤,小区无地下车库且人车不分流，小孩在楼下玩耍或者推婴儿车极为不安全。,讲究超高得房率（超85%），主卧套房必须配备独立步入式衣帽间与干湿分离双卫。,主要在陆家嘴/徐家汇CBD上班，首选地铁2/9号线沿线，通勤半小时内。,倡导轻户外，周末常带家人自驾野营或山系徒步，注重生活情调与手作咖啡。,名下持有一套旧两居，置换回款 65% + 个人理财储蓄补充 + 公积金商业贷,重性价比，不盲信大牌，但要求物业管理有序、绿化修剪及时、人防技防规范。,常年本地稳定居住，工作日职住通勤动线规则单一。
上_1997_00552,上海,1997,本地改善,39,女,0.3,2.3,0.45,3.8,4,2,是,B,agent,0.9,0.6,0.52,0.59,0.45,0.84,0.56,0.67,0.6,自住-改善,一室一厅,79,402,市第二中学地理教师,二胎黄金期中大户型,上海中环品质两居，车位及空间极其拥挤,小区无地下车库且人车不分流，小孩在楼下玩耍或者推婴儿车极为不安全。,讲究超高得房率（超85%），主卧套房必须配备独立步入式衣帽间与干湿分离双卫。,主要在陆家嘴/徐家汇CBD上班，首选地铁2/9号线沿线，通勤半小时内。,倡导轻户外，周末常带家人自驾野营或山系徒步，注重生活情调与手作咖啡。,名下持有一套旧两居，置换回款 65% + 个人理财储蓄补充 + 公积金商业贷,重性价比，不盲信大牌，但要求物业管理有序、绿化修剪及时、人防技防规范。,常年本地稳定居住，工作日职住通勤动线规则单一。
上_1997_00553,上海,1997,本地改善,46,女,0.4,3.8,0.45,6.3,4,2,否,B,agent,0.68,0.54,0.55,0.49,0.57,0.81,0.67,0.75,0.64,自住-改善,一室一厅,67,651,市第二中学地理教师,二胎黄金期中大户型,上海中环品质两居，车位及空间极其拥挤,小区无地下车库且人车不分流，小孩在楼下玩耍或者推婴儿车极为不安全。,讲究超高得房率（超85%），主卧套房必须配备独立步入式衣帽间与干湿分离双卫。,主要在陆家嘴/徐家汇CBD上班，首选地铁2/9号线沿线，通勤半小时内。,倡导轻户外，周末常带家人自驾野营或山系徒步，注重生活情调与手作咖啡。,名下持有一套旧两居，置换回款 65% + 个人理财储蓄补充 + 公积金商业贷,重性价比，不盲信大牌，但要求物业管理有序、绿化修剪及时、人防技防规范。,常年本地稳定居住，工作日职住通勤动线规则单一。
上_1997_00554,上海,1997,金融精英,34,男,0.6,6.2,0.4,11.6,2,1,否,A,research,0.54,0.35,0.72,0.5,0.74,0.58,0.67,0.76,0.88,自住-首套,一室一厅,75,808,商业银行支行信贷科长,三口之家(幼龄段),市中心私密洋房住宅,无高端私密会所及管家式物业配套，圈层鱼龙混杂，高净值居住体验差。,要求有超大面宽南向双阳台（观景家政分离），主卧大飘窗能270度直面自然景观。,主要在陆家嘴/徐家汇CBD上班，首选地铁2/9号线沿线，通勤半小时内。,周末常去高端商圈消费，热衷打网球和马术，重度手冲咖啡及黑胶唱片发烧友。,夫妻双方积蓄 + 双方父母出资赞助首付 + 公积金商业组合贷款,非仁恒、绿城、万科等金牌开发商不买，极度看重高端精装质量与顶级物业的增值口碑。,常年本地稳定居住，工作日职住通勤动线规则单一。
上_1997_00555,上海,1997,本地改善,42,男,0.3,3.9,0.45,6.4,4,2,否,B,agent,0.9,0.51,0.62,0.51,0.53,0.79,0.5,0.57,0.64,自住-改善,两室一厅,74,450,市第二中学地理教师,二胎黄金期中大户型,上海中环品质两居，车位及空间极其拥挤,小区无地下车库且人车不分流，小孩在楼下玩耍或者推婴儿车极为不安全。,讲究超高得房率（超85%），主卧套房必须配备独立步入式衣帽间与干湿分离双卫。,主要在陆家嘴/徐家汇CBD上班，首选地铁2/9号线沿线，通勤半小时内。,倡导轻户外，周末常带家人自驾野营或山系徒步，注重生活情调与手作咖啡。,名下持有一套旧两居，置换回款 65% + 个人理财储蓄补充 + 公积金商业贷,重性价比，不盲信大牌，但要求物业管理有序、绿化修剪及时、人防技防规范。,常年本地稳定居住，工作日职住通勤动线规则单一。
上_1997_00556,上海,1997,教育型买房,35,女,0.7,4.5,0.4,8.4,3,2,否,B,social,0.73,0.56,0.39,0.62,0.58,0.72,0.46,1,0.6,学区房,两室两厅,50,1393,邮政局局长秘书,二胎黄金期中大户型,上海中环品质两居，车位及空间极其拥挤,小区无地下车库且人车不分流，小孩在楼下玩耍或者推婴儿车极为不安全。,讲究超高得房率（超85%），主卧套房必须配备独立步入式衣帽间与干湿分离双卫。,主要在陆家嘴/徐家汇CBD上班，首选地铁2/9号线沿线，通勤半小时内。,倡导轻户外，周末常带家人自驾野营或山系徒步，注重生活情调与手作咖啡。,名下持有一套旧两居，置换回款 65% + 个人理财储蓄补充 + 公积金商业贷,重性价比，不盲信大牌，但要求物业管理有序、绿化修剪及时、人防技防规范。,常年本地稳定居住，工作日职住通勤动线规则单一。
上_1997_00557,上海,1997,本地改善,38,女,0.3,2.9,0.45,4.9,4,2,是,B,agent,0.84,0.57,0.49,0.44,0.53,0.91,0.55,0.7,0.74,自住-改善,两室一厅,98,372,区财政局科员,二胎黄金期中大户型,上海中环品质两居，车位及空间极其拥挤,小区无地下车库且人车不分流，小孩在楼下玩耍或者推婴儿车极为不安全。,讲究超高得房率（超85%），主卧套房必须配备独立步入式衣帽间与干湿分离双卫。,主要在陆家嘴/徐家汇CBD上班，首选地铁2/9号线沿线，通勤半小时内。,倡导轻户外，周末常带家人自驾野营或山系徒步，注重生活情调与手作咖啡。,名下持有一套旧两居，置换回款 65% + 个人理财储蓄补充 + 公积金商业贷,非仁恒、绿城、万科等金牌开发商不买，极度看重高端精装质量与顶级物业的增值口碑。,常年本地稳定居住，工作日职住通勤动线规则单一。
上_1997_00558,上海,1997,外籍海归,43,女,0.8,6.3,0.4,11.9,3,1,是,A,social,0.5,0.5,0.53,0.62,0.78,0.71,0.65,0.95,0.78,自住-改善,一室一厅,100,639,合资日化企业技术主管,三口之家(学龄段),陆家嘴核心区江景大平层,当前房屋属于旧多层无电梯房，父母年纪渐高每天爬楼梯极为吃力。,讲究超高得房率（超85%），主卧套房必须配备独立步入式衣帽间与干湿分离双卫。,主要在陆家嘴/徐家汇CBD上班，首选地铁2/9号线沿线，通勤半小时内。,周末常去高端商圈消费，热衷打网球和马术，重度手冲咖啡及黑胶唱片发烧友。,名下已有企业股权套现或分红现金，一次性全款付清，基本不加杠杆,非仁恒、绿城、万科等金牌开发商不买，极度看重高端精装质量与顶级物业的增值口碑。,常年本地稳定居住，工作日职住通勤动线规则单一。
上_1997_00559,上海,1997,本地改善,42,女,0.4,4.9,0.45,8.1,5,2,是,B,agent,0.77,0.58,0.45,0.32,0.47,0.81,0.58,0.84,0.73,自住-改善,一室一厅,80,749,市第二中学地理教师,二胎黄金期中大户型,上海中环品质两居，车位及空间极其拥挤,小区无地下车库且人车不分流，小孩在楼下玩耍或者推婴儿车极为不安全。,讲究超高得房率（超85%），主卧套房必须配备独立步入式衣帽间与干湿分离双卫。,主要在陆家嘴/徐家汇CBD上班，首选地铁2/9号线沿线，通勤半小时内。,倡导轻户外，周末常带家人自驾野营或山系徒步，注重生活情调与手作咖啡。,名下持有一套旧两居，置换回款 65% + 个人理财储蓄补充 + 公积金商业贷,非仁恒、绿城、万科等金牌开发商不买，极度看重高端精装质量与顶级物业的增值口碑。,常年本地稳定居住，工作日职住通勤动线规则单一。
上_1997_00560,上海,1997,本地改善,42,女,0.5,4.6,0.45,7.7,4,2,是,B,agent,0.49,0.45,0.55,0.49,0.5,0.81,0.62,0.78,0.59,自住-改善,两室两厅,91,741,区财政局科员,二胎黄金期中大户型,上海中环品质两居，车位及空间极其拥挤,小区无地下车库且人车不分流，小孩在楼下玩耍或者推婴儿车极为不安全。,讲究超高得房率（超85%），主卧套房必须配备独立步入式衣帽间与干湿分离双卫。,主要在陆家嘴/徐家汇CBD上班，首选地铁2/9号线沿线，通勤半小时内。,倡导轻户外，周末常带家人自驾野营或山系徒步，注重生活情调与手作咖啡。,名下持有一套旧两居，置换回款 65% + 个人理财储蓄补充 + 公积金商业贷,重性价比，不盲信大牌，但要求物业管理有序、绿化修剪及时、人防技防规范。,常年本地稳定居住，工作日职住通勤动线规则单一。
上_1997_00561,上海,1997,本地改善,50,男,0.6,4.4,0.45,7.3,5,2,否,B,agent,0.44,0.41,0.58,0.44,0.45,0.92,0.5,0.72,0.61,自住-改善,一室一厅,67,786,市第二中学地理教师,二胎黄金期中大户型,上海中环品质两居，车位及空间极其拥挤,小区无地下车库且人车不分流，小孩在楼下玩耍或者推婴儿车极为不安全。,讲究超高得房率（超85%），主卧套房必须配备独立步入式衣帽间与干湿分离双卫。,主要在陆家嘴/徐家汇CBD上班，首选地铁2/9号线沿线，通勤半小时内。,倡导轻户外，周末常带家人自驾野营或山系徒步，注重生活情调与手作咖啡。,名下持有一套旧两居，置换回款 65% + 个人理财储蓄补充 + 公积金商业贷,重性价比，不盲信大牌，但要求物业管理有序、绿化修剪及时、人防技防规范。,常年本地稳定居住，工作日职住通勤动线规则单一。
上_1997_00562,上海,1997,本地改善,49,女,0.7,5.3,0.45,8.9,6,2,否,B,agent,0.98,0.64,0.43,0.56,0.58,0.79,0.49,0.77,0.54,自住-改善,两室一厅,82,677,市第二中学地理教师,二胎黄金期中大户型,上海中环品质两居，车位及空间极其拥挤,小区无地下车库且人车不分流，小孩在楼下玩耍或者推婴儿车极为不安全。,讲究超高得房率（超85%），主卧套房必须配备独立步入式衣帽间与干湿分离双卫。,主要在陆家嘴/徐家汇CBD上班，首选地铁2/9号线沿线，通勤半小时内。,倡导轻户外，周末常带家人自驾野营或山系徒步，注重生活情调与手作咖啡。,名下持有一套旧两居，置换回款 65% + 个人理财储蓄补充 + 公积金商业贷,重性价比，不盲信大牌，但要求物业管理有序、绿化修剪及时、人防技防规范。,常年本地稳定居住，工作日职住通勤动线规则单一。
上_1997_00563,上海,1997,本地改善,48,女,0.3,3.3,0.45,5.5,3,3,是,B,agent,0.79,0.57,0.59,0.55,0.56,0.88,0.64,0.65,0.65,自住-改善,两室两厅,53,633,区财政局科员,二胎黄金期中大户型,上海中环品质两居，车位及空间极其拥挤,小区无地下车库且人车不分流，小孩在楼下玩耍或者推婴儿车极为不安全。,讲究超高得房率（超85%），主卧套房必须配备独立步入式衣帽间与干湿分离双卫。,主要在陆家嘴/徐家汇CBD上班，首选地铁2/9号线沿线，通勤半小时内。,倡导轻户外，周末常带家人自驾野营或山系徒步，注重生活情调与手作咖啡。,名下持有一套旧两居，置换回款 65% + 个人理财储蓄补充 + 公积金商业贷,重性价比，不盲信大牌，但要求物业管理有序、绿化修剪及时、人防技防规范。,常年本地稳定居住，工作日职住通勤动线规则单一。
上_1997_00564,上海,1997,长三角家庭,54,女,0.5,3.8,0.45,6.3,4,3,否,B,agent,0.8,0.35,0.45,0.66,0.4,0.89,0.48,0.62,0.64,自住-首套,两室一厅,68,768,国企车间技术主任,二胎黄金期中大户型,上海中环品质两居，车位及空间极其拥挤,小区无地下车库且人车不分流，小孩在楼下玩耍或者推婴儿车极为不安全。,讲究超高得房率（超85%），主卧套房必须配备独立步入式衣帽间与干湿分离双卫。,主要在陆家嘴/徐家汇CBD上班，首选地铁2/9号线沿线，通勤半小时内。,倡导轻户外，周末常带家人自驾野营或山系徒步，注重生活情调与手作咖啡。,夫妻双方积蓄 + 双方父母出资赞助首付 + 公积金商业组合贷款,重性价比，不盲信大牌，但要求物业管理有序、绿化修剪及时、人防技防规范。,常年本地稳定居住，工作日职住通勤动线规则单一。
上_1997_00565,上海,1997,本地改善,39,男,0.5,6.7,0.45,11.1,5,2,否,B,agent,0.96,0.54,0.65,0.34,0.52,0.95,0.69,0.73,0.56,自住-改善,两室一厅,79,1097,区财政局科员,二胎黄金期中大户型,上海中环品质两居，车位及空间极其拥挤,小区无地下车库且人车不分流，小孩在楼下玩耍或者推婴儿车极为不安全。,讲究超高得房率（超85%），主卧套房必须配备独立步入式衣帽间与干湿分离双卫。,主要在陆家嘴/徐家汇CBD上班，首选地铁2/9号线沿线，通勤半小时内。,倡导轻户外，周末常带家人自驾野营或山系徒步，注重生活情调与手作咖啡。,名下持有一套旧两居，置换回款 65% + 个人理财储蓄补充 + 公积金商业贷,重性价比，不盲信大牌，但要求物业管理有序、绿化修剪及时、人防技防规范。,常年本地稳定居住，工作日职住通勤动线规则单一。
上_1997_00566,上海,1997,金融精英,45,男,0.4,3.3,0.4,6.2,3,1,否,A,research,0.7,0.47,0.67,0.61,0.46,0.79,0.66,0.78,0.72,自住-首套,一室一厅,51,952,商业银行支行信贷科长,三口之家(学龄段),西湖边高精平层,无高端私密会所及管家式物业配套，圈层鱼龙混杂，高净值居住体验差。,讲究超高得房率（超85%），主卧套房必须配备独立步入式衣帽间与干湿分离双卫。,主要在陆家嘴/徐家汇CBD上班，首选地铁2/9号线沿线，通勤半小时内。,周末常去高端商圈消费，热衷打网球和马术，重度手冲咖啡及黑胶唱片发烧友。,夫妻双方积蓄 + 双方父母出资赞助首付 + 公积金商业组合贷款,非仁恒、绿城、万科等金牌开发商不买，极度看重高端精装质量与顶级物业的增值口碑。,常年本地稳定居住，工作日职住通勤动线规则单一。
上_1997_00567,上海,1997,教育型买房,47,男,0.6,3.8,0.4,7.1,3,1,是,B,social,0.96,0.5,0.43,0.48,0.61,0.68,0.52,0.93,0.64,学区房,一室一厅,100,428,国企车间技术主任,三口之家(学龄段),上海中环品质两居，车位及空间极其拥挤,小区无地下车库且人车不分流，小孩在楼下玩耍或者推婴儿车极为不安全。,核心要求地块属于第一梯队名校学区，且周边500米内解决幼小衔接教育配套。,主要在陆家嘴/徐家汇CBD上班，首选地铁2/9号线沿线，通勤半小时内。,倡导轻户外，周末常带家人自驾野营或山系徒步，注重生活情调与手作咖啡。,名下持有一套旧两居，置换回款 65% + 个人理财储蓄补充 + 公积金商业贷,重性价比，不盲信大牌，但要求物业管理有序、绿化修剪及时、人防技防规范。,常年本地稳定居住，工作日职住通勤动线规则单一。
上_1997_00568,上海,1997,金融精英,33,男,1.0,6.6,0.4,12.3,3,1,是,A,research,0.79,0.49,0.73,0.55,0.68,0.66,0.87,0.69,0.69,婚房,两室两厅,77,808,申银万国证券分析员,三口之家(幼龄段),陆家嘴核心区江景大平层,当前房屋属于旧多层无电梯房，父母年纪渐高每天爬楼梯极为吃力。,要求有超大面宽南向双阳台（观景家政分离），主卧大飘窗能270度直面自然景观。,主要在陆家嘴/徐家汇CBD上班，首选地铁2/9号线沿线，通勤半小时内。,周末常去高端商圈消费，热衷打网球和马术，重度手冲咖啡及黑胶唱片发烧友。,夫妻双方积蓄 + 双方父母出资赞助首付 + 公积金商业组合贷款,重性价比，不盲信大牌，但要求物业管理有序、绿化修剪及时、人防技防规范。,常年本地稳定居住，工作日职住通勤动线规则单一。
上_1997_00569,上海,1997,本地改善,44,男,0.4,4.8,0.45,8.0,4,2,是,B,agent,0.8,0.58,0.45,0.51,0.53,0.85,0.64,0.63,0.55,自住-改善,两室一厅,85,818,市第二中学地理教师,二胎黄金期中大户型,上海中环品质两居，车位及空间极其拥挤,小区无地下车库且人车不分流，小孩在楼下玩耍或者推婴儿车极为不安全。,讲究超高得房率（超85%），主卧套房必须配备独立步入式衣帽间与干湿分离双卫。,主要在陆家嘴/徐家汇CBD上班，首选地铁2/9号线沿线，通勤半小时内。,倡导轻户外，周末常带家人自驾野营或山系徒步，注重生活情调与手作咖啡。,名下持有一套旧两居，置换回款 65% + 个人理财储蓄补充 + 公积金商业贷,重性价比，不盲信大牌，但要求物业管理有序、绿化修剪及时、人防技防规范。,常年本地稳定居住，工作日职住通勤动线规则单一。
上_1997_00570,上海,1997,本地改善,50,女,0.6,8.1,0.45,13.6,4,2,否,B,agent,0.64,0.46,0.47,0.51,0.42,0.92,0.7,0.59,0.51,自住-改善,两室两厅,68,1418,市第二中学地理教师,二胎黄金期中大户型,上海中环品质两居，车位及空间极其拥挤,小区无地下车库且人车不分流，小孩在楼下玩耍或者推婴儿车极为不安全。,讲究超高得房率（超85%），主卧套房必须配备独立步入式衣帽间与干湿分离双卫。,主要在陆家嘴/徐家汇CBD上班，首选地铁2/9号线沿线，通勤半小时内。,倡导轻户外，周末常带家人自驾野营或山系徒步，注重生活情调与手作咖啡。,名下持有一套旧两居，置换回款 65% + 个人理财储蓄补充 + 公积金商业贷,重性价比，不盲信大牌，但要求物业管理有序、绿化修剪及时、人防技防规范。,常年本地稳定居住，工作日职住通勤动线规则单一。
上_1997_00571,上海,1997,教育型买房,32,女,0.4,3.0,0.4,5.7,3,1,否,B,social,0.86,0.58,0.24,0.48,0.59,0.7,0.57,0.92,0.56,学区房,一室一厅,72,493,区财政局科员,三口之家(幼龄段),上海中环品质两居，车位及空间极其拥挤,小区无地下车库且人车不分流，小孩在楼下玩耍或者推婴儿车极为不安全。,核心要求地块属于第一梯队名校学区，且周边500米内解决幼小衔接教育配套。,主要在陆家嘴/徐家汇CBD上班，首选地铁2/9号线沿线，通勤半小时内。,倡导轻户外，周末常带家人自驾野营或山系徒步，注重生活情调与手作咖啡。,名下持有一套旧两居，置换回款 65% + 个人理财储蓄补充 + 公积金商业贷,重性价比，不盲信大牌，但要求物业管理有序、绿化修剪及时、人防技防规范。,常年本地稳定居住，工作日职住通勤动线规则单一。
上_1997_00572,上海,1997,教育型买房,42,男,0.6,5.4,0.4,10.1,4,2,否,B,social,0.65,0.5,0.52,0.36,0.64,0.68,0.68,0.81,0.57,学区房,两室两厅,91,725,国企车间技术主任,二胎黄金期中大户型,上海中环品质两居，车位及空间极其拥挤,小区无地下车库且人车不分流，小孩在楼下玩耍或者推婴儿车极为不安全。,核心要求地块属于第一梯队名校学区，且周边500米内解决幼小衔接教育配套。,主要在陆家嘴/徐家汇CBD上班，首选地铁2/9号线沿线，通勤半小时内。,倡导轻户外，周末常带家人自驾野营或山系徒步，注重生活情调与手作咖啡。,名下持有一套旧两居，置换回款 65% + 个人理财储蓄补充 + 公积金商业贷,重性价比，不盲信大牌，但要求物业管理有序、绿化修剪及时、人防技防规范。,常年本地稳定居住，工作日职住通勤动线规则单一。
上_1997_00573,上海,1997,本地改善,47,女,0.3,3.0,0.45,5.0,4,3,是,B,agent,0.72,0.54,0.57,0.52,0.51,0.96,0.61,0.66,0.57,自住-改善,两室两厅,52,668,市第二中学地理教师,二胎黄金期中大户型,上海中环品质两居，车位及空间极其拥挤,小区无地下车库且人车不分流，小孩在楼下玩耍或者推婴儿车极为不安全。,讲究超高得房率（超85%），主卧套房必须配备独立步入式衣帽间与干湿分离双卫。,主要在陆家嘴/徐家汇CBD上班，首选地铁2/9号线沿线，通勤半小时内。,倡导轻户外，周末常带家人自驾野营或山系徒步，注重生活情调与手作咖啡。,名下持有一套旧两居，置换回款 65% + 个人理财储蓄补充 + 公积金商业贷,重性价比，不盲信大牌，但要求物业管理有序、绿化修剪及时、人防技防规范。,常年本地稳定居住，工作日职住通勤动线规则单一。
上_1997_00574,上海,1997,本地改善,55,男,0.3,2.9,0.45,4.8,4,2,否,B,agent,1,0.45,0.44,0.61,0.57,0.8,0.6,0.59,0.47,自住-改善,两室一厅,90,411,邮政局局长秘书,二胎黄金期中大户型,上海中环品质两居，车位及空间极其拥挤,小区无地下车库且人车不分流，小孩在楼下玩耍或者推婴儿车极为不安全。,讲究超高得房率（超85%），主卧套房必须配备独立步入式衣帽间与干湿分离双卫。,主要在陆家嘴/徐家汇CBD上班，首选地铁2/9号线沿线，通勤半小时内。,倡导轻户外，周末常带家人自驾野营或山系徒步，注重生活情调与手作咖啡。,名下持有一套旧两居，置换回款 65% + 个人理财储蓄补充 + 公积金商业贷,重性价比，不盲信大牌，但要求物业管理有序、绿化修剪及时、人防技防规范。,常年本地稳定居住，工作日职住通勤动线规则单一。
上_1997_00575,上海,1997,本地改善,50,女,0.4,5.1,0.45,8.6,4,2,否,B,agent,0.44,0.53,0.63,0.49,0.54,0.7,0.72,0.67,0.64,自住-改善,两室两厅,63,859,邮政局局长秘书,二胎黄金期中大户型,上海中环品质两居，车位及空间极其拥挤,小区无地下车库且人车不分流，小孩在楼下玩耍或者推婴儿车极为不安全。,要求采光通透，全明户型，带多功能嵌入式收纳墙以最大化空间利用。,主要在陆家嘴/徐家汇CBD上班，首选地铁2/9号线沿线，通勤半小时内。,倡导轻户外，周末常带家人自驾野营或山系徒步，注重生活情调与手作咖啡。,名下持有一套旧两居，置换回款 65% + 个人理财储蓄补充 + 公积金商业贷,重性价比，不盲信大牌，但要求物业管理有序、绿化修剪及时、人防技防规范。,常年本地稳定居住，工作日职住通勤动线规则单一。
上_1997_00576,上海,1997,外籍海归,39,女,0.6,4.7,0.4,8.7,2,0,否,A,social,0.64,0.51,0.63,0.42,0.87,0.56,0.58,0.96,0.7,自住-改善,两室两厅,86,622,外企驻沪办事处代表,成熟期核心家庭,市中心私密洋房住宅,无高端私密会所及管家式物业配套，圈层鱼龙混杂，高净值居住体验差。,核心要求地块属于第一梯队名校学区，且周边500米内解决幼小衔接教育配套。,主要在陆家嘴/徐家汇CBD上班，首选地铁2/9号线沿线，通勤半小时内。,周末常去高端商圈消费，热衷打网球和马术，重度手冲咖啡及黑胶唱片发烧友。,名下已有企业股权套现或分红现金，一次性全款付清，基本不加杠杆,非仁恒、绿城、万科等金牌开发商不买，极度看重高端精装质量与顶级物业的增值口碑。,常年本地稳定居住，工作日职住通勤动线规则单一。
上_1997_00577,上海,1997,本地改善,40,女,0.7,8.2,0.45,13.6,3,2,是,B,agent,0.55,0.57,0.35,0.4,0.65,0.95,0.53,0.77,0.69,自住-改善,一室一厅,82,1422,区财政局科员,二胎黄金期中大户型,上海中环品质两居，车位及空间极其拥挤,小区无地下车库且人车不分流，小孩在楼下玩耍或者推婴儿车极为不安全。,讲究超高得房率（超85%），主卧套房必须配备独立步入式衣帽间与干湿分离双卫。,主要在陆家嘴/徐家汇CBD上班，首选地铁2/9号线沿线，通勤半小时内。,倡导轻户外，周末常带家人自驾野营或山系徒步，注重生活情调与手作咖啡。,名下持有一套旧两居，置换回款 65% + 个人理财储蓄补充 + 公积金商业贷,重性价比，不盲信大牌，但要求物业管理有序、绿化修剪及时、人防技防规范。,常年本地稳定居住，工作日职住通勤动线规则单一。
上_1997_00578,上海,1997,本地改善,38,男,0.5,4.7,0.45,7.8,3,2,是,B,agent,0.76,0.57,0.44,0.49,0.59,0.92,0.74,0.79,0.53,自住-改善,两室一厅,72,827,邮政局局长秘书,二胎黄金期中大户型,上海中环品质两居，车位及空间极其拥挤,小区无地下车库且人车不分流，小孩在楼下玩耍或者推婴儿车极为不安全。,讲究超高得房率（超85%），主卧套房必须配备独立步入式衣帽间与干湿分离双卫。,主要在陆家嘴/徐家汇CBD上班，首选地铁2/9号线沿线，通勤半小时内。,倡导轻户外，周末常带家人自驾野营或山系徒步，注重生活情调与手作咖啡。,名下持有一套旧两居，置换回款 65% + 个人理财储蓄补充 + 公积金商业贷,重性价比，不盲信大牌，但要求物业管理有序、绿化修剪及时、人防技防规范。,常年本地稳定居住，工作日职住通勤动线规则单一。
上_1997_00579,上海,1997,本地改善,52,男,0.6,5.9,0.45,9.9,5,3,是,B,agent,0.77,0.52,0.6,0.38,0.52,1,0.67,0.7,0.66,自住-改善,一室一厅,80,1112,市第二中学地理教师,二胎黄金期中大户型,上海中环品质两居，车位及空间极其拥挤,小区无地下车库且人车不分流，小孩在楼下玩耍或者推婴儿车极为不安全。,讲究超高得房率（超85%），主卧套房必须配备独立步入式衣帽间与干湿分离双卫。,主要在陆家嘴/徐家汇CBD上班，首选地铁2/9号线沿线，通勤半小时内。,倡导轻户外，周末常带家人自驾野营或山系徒步，注重生活情调与手作咖啡。,名下持有一套旧两居，置换回款 65% + 个人理财储蓄补充 + 公积金商业贷,重性价比，不盲信大牌，但要求物业管理有序、绿化修剪及时、人防技防规范。,常年本地稳定居住，工作日职住通勤动线规则单一。
上_1997_00580,上海,1997,长三角家庭,40,女,0.5,4.4,0.45,7.3,4,2,是,B,agent,1,0.53,0.47,0.55,0.37,0.8,0.39,0.76,0.72,自住-首套,一室一厅,66,892,邮政局局长秘书,二胎黄金期中大户型,上海中环品质两居，车位及空间极其拥挤,小区无地下车库且人车不分流，小孩在楼下玩耍或者推婴儿车极为不安全。,讲究超高得房率（超85%），主卧套房必须配备独立步入式衣帽间与干湿分离双卫。,主要在陆家嘴/徐家汇CBD上班，首选地铁2/9号线沿线，通勤半小时内。,倡导轻户外，周末常带家人自驾野营或山系徒步，注重生活情调与手作咖啡。,夫妻双方积蓄 + 双方父母出资赞助首付 + 公积金商业组合贷款,非仁恒、绿城、万科等金牌开发商不买，极度看重高端精装质量与顶级物业的增值口碑。,常年本地稳定居住，工作日职住通勤动线规则单一。
上_1997_00581,上海,1997,本地改善,55,男,0.6,5.8,0.45,9.6,4,1,否,B,agent,0.83,0.55,0.5,0.4,0.43,0.82,0.65,0.74,0.53,自住-改善,两室一厅,66,845,市第二中学地理教师,三口之家(学龄段),上海中环品质两居，车位及空间极其拥挤,小区无地下车库且人车不分流，小孩在楼下玩耍或者推婴儿车极为不安全。,讲究超高得房率（超85%），主卧套房必须配备独立步入式衣帽间与干湿分离双卫。,主要在陆家嘴/徐家汇CBD上班，首选地铁2/9号线沿线，通勤半小时内。,倡导轻户外，周末常带家人自驾野营或山系徒步，注重生活情调与手作咖啡。,名下持有一套旧两居，置换回款 65% + 个人理财储蓄补充 + 公积金商业贷,重性价比，不盲信大牌，但要求物业管理有序、绿化修剪及时、人防技防规范。,常年本地稳定居住，工作日职住通勤动线规则单一。
上_1997_00582,上海,1997,本地改善,51,女,0.4,4.0,0.45,6.7,3,2,否,B,agent,0.53,0.54,0.54,0.63,0.51,0.94,0.57,0.7,0.6,自住-改善,一室一厅,66,824,邮政局局长秘书,二胎黄金期中大户型,上海中环品质两居，车位及空间极其拥挤,小区无地下车库且人车不分流，小孩在楼下玩耍或者推婴儿车极为不安全。,讲究超高得房率（超85%），主卧套房必须配备独立步入式衣帽间与干湿分离双卫。,主要在陆家嘴/徐家汇CBD上班，首选地铁2/9号线沿线，通勤半小时内。,倡导轻户外，周末常带家人自驾野营或山系徒步，注重生活情调与手作咖啡。,名下持有一套旧两居，置换回款 65% + 个人理财储蓄补充 + 公积金商业贷,重性价比，不盲信大牌，但要求物业管理有序、绿化修剪及时、人防技防规范。,常年本地稳定居住，工作日职住通勤动线规则单一。
上_1997_00583,上海,1997,教育型买房,42,男,0.4,3.0,0.4,5.7,3,0,否,B,social,1,0.43,0.41,0.34,0.43,0.6,0.34,0.98,0.55,学区房,两室两厅,80,443,区财政局科员,成熟期核心家庭,上海中环品质两居，车位及空间极其拥挤,老小区隔音差，邻里滋扰严重，且车位严重匮乏，每晚加班回来抢车位像打仗。,核心要求地块属于第一梯队名校学区，且周边500米内解决幼小衔接教育配套。,主要在陆家嘴/徐家汇CBD上班，首选地铁2/9号线沿线，通勤半小时内。,倡导轻户外，周末常带家人自驾野营或山系徒步，注重生活情调与手作咖啡。,名下持有一套旧两居，置换回款 65% + 个人理财储蓄补充 + 公积金商业贷,重性价比，不盲信大牌，但要求物业管理有序、绿化修剪及时、人防技防规范。,常年本地稳定居住，工作日职住通勤动线规则单一。
上_1997_00584,上海,1997,教育型买房,35,男,0.3,3.0,0.4,5.6,2,0,否,B,social,1,0.61,0.42,0.37,0.64,0.62,0.51,1,0.65,学区房,两室两厅,63,495,市第二中学地理教师,新婚过渡两居,上海中环品质两居，车位及空间极其拥挤,老小区隔音差，邻里滋扰严重，且车位严重匮乏，每晚加班回来抢车位像打仗。,核心要求地块属于第一梯队名校学区，且周边500米内解决幼小衔接教育配套。,主要在陆家嘴/徐家汇CBD上班，首选地铁2/9号线沿线，通勤半小时内。,倡导轻户外，周末常带家人自驾野营或山系徒步，注重生活情调与手作咖啡。,名下持有一套旧两居，置换回款 65% + 个人理财储蓄补充 + 公积金商业贷,重性价比，不盲信大牌，但要求物业管理有序、绿化修剪及时、人防技防规范。,常年本地稳定居住，工作日职住通勤动线规则单一。
上_1997_00585,上海,1997,金融精英,34,男,1.0,9.0,0.4,16.9,3,1,否,A,research,1,0.36,0.58,0.56,0.75,0.71,0.78,0.83,0.88,婚房,两室一厅,70,1442,商业银行支行信贷科长,三口之家(幼龄段),西湖边高精平层,无高端私密会所及管家式物业配套，圈层鱼龙混杂，高净值居住体验差。,讲究超高得房率（超85%），主卧套房必须配备独立步入式衣帽间与干湿分离双卫。,主要在陆家嘴/徐家汇CBD上班，首选地铁2/9号线沿线，通勤半小时内。,周末常去高端商圈消费，热衷打网球和马术，重度手冲咖啡及黑胶唱片发烧友。,夫妻双方积蓄 + 双方父母出资赞助首付 + 公积金商业组合贷款,非仁恒、绿城、万科等金牌开发商不买，极度看重高端精装质量与顶级物业的增值口碑。,常年本地稳定居住，工作日职住通勤动线规则单一。
上_1997_00586,上海,1997,本地改善,40,男,0.3,3.8,0.45,6.3,5,2,是,B,agent,0.62,0.59,0.61,0.45,0.58,0.79,0.57,0.71,0.68,自住-改善,一室一厅,76,464,市第二中学地理教师,二胎黄金期中大户型,上海中环品质两居，车位及空间极其拥挤,小区无地下车库且人车不分流，小孩在楼下玩耍或者推婴儿车极为不安全。,讲究超高得房率（超85%），主卧套房必须配备独立步入式衣帽间与干湿分离双卫。,主要在陆家嘴/徐家汇CBD上班，首选地铁2/9号线沿线，通勤半小时内。,倡导轻户外，周末常带家人自驾野营或山系徒步，注重生活情调与手作咖啡。,名下持有一套旧两居，置换回款 65% + 个人理财储蓄补充 + 公积金商业贷,重性价比，不盲信大牌，但要求物业管理有序、绿化修剪及时、人防技防规范。,常年本地稳定居住，工作日职住通勤动线规则单一。
上_1997_00587,上海,1997,教育型买房,38,女,0.6,5.2,0.4,9.7,3,1,否,B,social,0.96,0.49,0.43,0.4,0.6,0.71,0.46,0.92,0.59,学区房,两室一厅,77,659,邮政局局长秘书,三口之家(学龄段),上海中环品质两居，车位及空间极其拥挤,小区无地下车库且人车不分流，小孩在楼下玩耍或者推婴儿车极为不安全。,讲究超高得房率（超85%），主卧套房必须配备独立步入式衣帽间与干湿分离双卫。,主要在陆家嘴/徐家汇CBD上班，首选地铁2/9号线沿线，通勤半小时内。,倡导轻户外，周末常带家人自驾野营或山系徒步，注重生活情调与手作咖啡。,名下持有一套旧两居，置换回款 65% + 个人理财储蓄补充 + 公积金商业贷,重性价比，不盲信大牌，但要求物业管理有序、绿化修剪及时、人防技防规范。,常年本地稳定居住，工作日职住通勤动线规则单一。
上_1997_00588,上海,1997,金融精英,44,男,1.3,10.3,0.4,19.3,2,1,否,A,research,0.45,0.28,0.7,0.65,0.63,0.74,0.68,0.79,0.71,自住-改善,两室两厅,85,1414,商业银行支行信贷科长,三口之家(学龄段),西湖边高精平层,无高端私密会所及管家式物业配套，圈层鱼龙混杂，高净值居住体验差。,讲究超高得房率（超85%），主卧套房必须配备独立步入式衣帽间与干湿分离双卫。,主要在陆家嘴/徐家汇CBD上班，首选地铁2/9号线沿线，通勤半小时内。,周末常去高端商圈消费，热衷打网球和马术，重度手冲咖啡及黑胶唱片发烧友。,名下已有企业股权套现或分红现金，一次性全款付清，基本不加杠杆,非仁恒、绿城、万科等金牌开发商不买，极度看重高端精装质量与顶级物业的增值口碑。,常年本地稳定居住，工作日职住通勤动线规则单一。
上_1997_00589,上海,1997,本地改善,58,女,0.3,3.8,0.45,6.4,4,1,否,B,agent,0.93,0.49,0.69,0.56,0.5,1.0,0.78,0.73,0.54,自住-改善,两室两厅,84,478,市第二中学地理教师,三口之家(学龄段),上海中环品质两居，车位及空间极其拥挤,小区无地下车库且人车不分流，小孩在楼下玩耍或者推婴儿车极为不安全。,讲究超高得房率（超85%），主卧套房必须配备独立步入式衣帽间与干湿分离双卫。,主要在陆家嘴/徐家汇CBD上班，首选地铁2/9号线沿线，通勤半小时内。,倡导轻户外，周末常带家人自驾野营或山系徒步，注重生活情调与手作咖啡。,名下持有一套旧两居，置换回款 65% + 个人理财储蓄补充 + 公积金商业贷,重性价比，不盲信大牌，但要求物业管理有序、绿化修剪及时、人防技防规范。,常年本地稳定居住，工作日职住通勤动线规则单一。
上_1997_00590,上海,1997,长三角家庭,46,男,0.4,2.5,0.45,4.1,3,2,否,B,agent,1,0.59,0.46,0.56,0.55,0.8,0.31,0.64,0.6,自住-首套,两室一厅,50,619,邮政局局长秘书,二胎黄金期中大户型,上海中环品质两居，车位及空间极其拥挤,小区无地下车库且人车不分流，小孩在楼下玩耍或者推婴儿车极为不安全。,讲究超高得房率（超85%），主卧套房必须配备独立步入式衣帽间与干湿分离双卫。,主要在陆家嘴/徐家汇CBD上班，首选地铁2/9号线沿线，通勤半小时内。,倡导轻户外，周末常带家人自驾野营或山系徒步，注重生活情调与手作咖啡。,夫妻双方积蓄 + 双方父母出资赞助首付 + 公积金商业组合贷款,重性价比，不盲信大牌，但要求物业管理有序、绿化修剪及时、人防技防规范。,常年本地稳定居住，工作日职住通勤动线规则单一。
上_1997_00591,上海,1997,本地改善,51,女,0.3,3.7,0.45,6.1,4,2,是,B,agent,0.82,0.47,0.58,0.45,0.62,0.87,0.58,0.66,0.69,自住-改善,两室一厅,78,451,市第二中学地理教师,二胎黄金期中大户型,上海中环品质两居，车位及空间极其拥挤,小区无地下车库且人车不分流，小孩在楼下玩耍或者推婴儿车极为不安全。,讲究超高得房率（超85%），主卧套房必须配备独立步入式衣帽间与干湿分离双卫。,主要在陆家嘴/徐家汇CBD上班，首选地铁2/9号线沿线，通勤半小时内。,倡导轻户外，周末常带家人自驾野营或山系徒步，注重生活情调与手作咖啡。,名下持有一套旧两居，置换回款 65% + 个人理财储蓄补充 + 公积金商业贷,重性价比，不盲信大牌，但要求物业管理有序、绿化修剪及时、人防技防规范。,常年本地稳定居住，工作日职住通勤动线规则单一。
上_1997_00592,上海,1997,本地改善,52,女,0.3,2.4,0.45,4.0,4,2,否,B,agent,0.67,0.37,0.49,0.45,0.49,0.78,0.65,0.77,0.61,自住-改善,两室一厅,87,329,区财政局科员,二胎黄金期中大户型,上海中环品质两居，车位及空间极其拥挤,小区无地下车库且人车不分流，小孩在楼下玩耍或者推婴儿车极为不安全。,讲究超高得房率（超85%），主卧套房必须配备独立步入式衣帽间与干湿分离双卫。,主要在陆家嘴/徐家汇CBD上班，首选地铁2/9号线沿线，通勤半小时内。,倡导轻户外，周末常带家人自驾野营或山系徒步，注重生活情调与手作咖啡。,名下持有一套旧两居，置换回款 65% + 个人理财储蓄补充 + 公积金商业贷,重性价比，不盲信大牌，但要求物业管理有序、绿化修剪及时、人防技防规范。,常年本地稳定居住，工作日职住通勤动线规则单一。
上_1997_00593,上海,1997,金融精英,35,女,1.1,6.5,0.4,12.3,3,1,否,A,research,0.67,0.59,0.77,0.73,0.76,0.72,0.69,0.85,0.77,自住-改善,两室两厅,74,1109,申银万国证券分析员,三口之家(幼龄段),西湖边高精平层,无高端私密会所及管家式物业配套，圈层鱼龙混杂，高净值居住体验差。,要求独立电梯入户，主次卧动线分明，配备独立保姆房和私密后院。,主要在陆家嘴/徐家汇CBD上班，首选地铁2/9号线沿线，通勤半小时内。,周末常去高端商圈消费，热衷打网球和马术，重度手冲咖啡及黑胶唱片发烧友。,名下已有企业股权套现或分红现金，一次性全款付清，基本不加杠杆,非仁恒、绿城、万科等金牌开发商不买，极度看重高端精装质量与顶级物业的增值口碑。,常年本地稳定居住，工作日职住通勤动线规则单一。
上_1997_00594,上海,1997,本地改善,49,女,0.3,3.7,0.45,6.2,5,2,是,B,agent,0.73,0.55,0.41,0.44,0.52,0.88,0.55,0.59,0.55,自住-改善,两室两厅,63,505,区财政局科员,二胎黄金期中大户型,上海中环品质两居，车位及空间极其拥挤,小区无地下车库且人车不分流，小孩在楼下玩耍或者推婴儿车极为不安全。,讲究超高得房率（超85%），主卧套房必须配备独立步入式衣帽间与干湿分离双卫。,主要在陆家嘴/徐家汇CBD上班，首选地铁2/9号线沿线，通勤半小时内。,倡导轻户外，周末常带家人自驾野营或山系徒步，注重生活情调与手作咖啡。,名下持有一套旧两居，置换回款 65% + 个人理财储蓄补充 + 公积金商业贷,重性价比，不盲信大牌，但要求物业管理有序、绿化修剪及时、人防技防规范。,常年本地稳定居住，工作日职住通勤动线规则单一。
上_1997_00595,上海,1997,本地改善,57,男,0.5,5.2,0.45,8.7,5,2,否,B,agent,0.72,0.45,0.61,0.52,0.61,0.91,0.6,0.98,0.44,自住-改善,两室一厅,56,1360,市第二中学地理教师,二胎黄金期中大户型,上海中环品质两居，车位及空间极其拥挤,小区无地下车库且人车不分流，小孩在楼下玩耍或者推婴儿车极为不安全。,讲究超高得房率（超85%），主卧套房必须配备独立步入式衣帽间与干湿分离双卫。,主要在陆家嘴/徐家汇CBD上班，首选地铁2/9号线沿线，通勤半小时内。,倡导轻户外，周末常带家人自驾野营或山系徒步，注重生活情调与手作咖啡。,名下持有一套旧两居，置换回款 65% + 个人理财储蓄补充 + 公积金商业贷,重性价比，不盲信大牌，但要求物业管理有序、绿化修剪及时、人防技防规范。,常年本地稳定居住，工作日职住通勤动线规则单一。
上_1997_00596,上海,1997,本地改善,54,男,0.4,3.6,0.45,6.0,4,2,是,B,agent,0.77,0.35,0.59,0.64,0.66,0.94,0.66,0.65,0.52,自住-改善,两室一厅,60,819,邮政局局长秘书,二胎黄金期中大户型,上海中环品质两居，车位及空间极其拥挤,小区无地下车库且人车不分流，小孩在楼下玩耍或者推婴儿车极为不安全。,讲究超高得房率（超85%），主卧套房必须配备独立步入式衣帽间与干湿分离双卫。,主要在陆家嘴/徐家汇CBD上班，首选地铁2/9号线沿线，通勤半小时内。,倡导轻户外，周末常带家人自驾野营或山系徒步，注重生活情调与手作咖啡。,名下持有一套旧两居，置换回款 65% + 个人理财储蓄补充 + 公积金商业贷,重性价比，不盲信大牌，但要求物业管理有序、绿化修剪及时、人防技防规范。,常年本地稳定居住，工作日职住通勤动线规则单一。
上_1997_00597,上海,1997,金融精英,50,女,0.5,3.5,0.4,6.6,3,1,否,A,research,0.68,0.42,0.49,0.49,0.8,0.81,0.79,0.76,0.73,自住-改善,一室一厅,74,463,申银万国证券分析员,三口之家(学龄段),陆家嘴核心区江景大平层,无高端私密会所及管家式物业配套，圈层鱼龙混杂，高净值居住体验差。,讲究超高得房率（超85%），主卧套房必须配备独立步入式衣帽间与干湿分离双卫。,主要在陆家嘴/徐家汇CBD上班，首选地铁2/9号线沿线，通勤半小时内。,周末常去高端商圈消费，热衷打网球和马术，重度手冲咖啡及黑胶唱片发烧友。,名下已有企业股权套现或分红现金，一次性全款付清，基本不加杠杆,非仁恒、绿城、万科等金牌开发商不买，极度看重高端精装质量与顶级物业的增值口碑。,常年本地稳定居住，工作日职住通勤动线规则单一。
上_1997_00598,上海,1997,本地改善,47,女,0.3,3.2,0.45,5.4,4,3,否,B,agent,0.74,0.49,0.61,0.45,0.45,0.68,0.49,0.75,0.61,自住-改善,两室一厅,53,652,市第二中学地理教师,二胎黄金期中大户型,上海中环品质两居，车位及空间极其拥挤,小区无地下车库且人车不分流，小孩在楼下玩耍或者推婴儿车极为不安全。,核心要求地块属于第一梯队名校学区，且周边500米内解决幼小衔接教育配套。,主要在陆家嘴/徐家汇CBD上班，首选地铁2/9号线沿线，通勤半小时内。,倡导轻户外，周末常带家人自驾野营或山系徒步，注重生活情调与手作咖啡。,名下持有一套旧两居，置换回款 65% + 个人理财储蓄补充 + 公积金商业贷,重性价比，不盲信大牌，但要求物业管理有序、绿化修剪及时、人防技防规范。,常年本地稳定居住，工作日职住通勤动线规则单一。
上_1997_00599,上海,1997,本地改善,58,男,0.3,2.8,0.45,4.7,5,2,否,B,agent,0.63,0.48,0.56,0.49,0.64,0.78,0.48,0.68,0.5,自住-改善,两室两厅,91,279,国企车间技术主任,二胎黄金期中大户型,上海中环品质两居，车位及空间极其拥挤,小区无地下车库且人车不分流，小孩在楼下玩耍或者推婴儿车极为不安全。,讲究超高得房率（超85%），主卧套房必须配备独立步入式衣帽间与干湿分离双卫。,主要在陆家嘴/徐家汇CBD上班，首选地铁2/9号线沿线，通勤半小时内。,倡导轻户外，周末常带家人自驾野营或山系徒步，注重生活情调与手作咖啡。,名下持有一套旧两居，置换回款 65% + 个人理财储蓄补充 + 公积金商业贷,重性价比，不盲信大牌，但要求物业管理有序、绿化修剪及时、人防技防规范。,常年本地稳定居住，工作日职住通勤动线规则单一。
上_1997_00600,上海,1997,教育型买房,47,女,0.5,4.6,0.4,8.6,3,1,否,B,social,0.78,0.49,0.64,0.48,0.62,0.74,0.64,1,0.41,学区房,两室两厅,78,845,邮政局局长秘书,三口之家(学龄段),上海中环品质两居，车位及空间极其拥挤,小区无地下车库且人车不分流，小孩在楼下玩耍或者推婴儿车极为不安全。,讲究超高得房率（超85%），主卧套房必须配备独立步入式衣帽间与干湿分离双卫。,主要在陆家嘴/徐家汇CBD上班，首选地铁2/9号线沿线，通勤半小时内。,倡导轻户外，周末常带家人自驾野营或山系徒步，注重生活情调与手作咖啡。,名下持有一套旧两居，置换回款 65% + 个人理财储蓄补充 + 公积金商业贷,重性价比，不盲信大牌，但要求物业管理有序、绿化修剪及时、人防技防规范。,常年本地稳定居住，工作日职住通勤动线规则单一。
上_1997_00601,上海,1997,金融精英,36,女,1.5,13.9,0.4,26.1,3,0,否,A,research,0.47,0.35,0.49,0.71,0.71,0.78,0.85,0.87,0.73,自住-首套,一室一厅,85,1575,老牌证券公司营业部经理,成熟期核心家庭,陆家嘴核心区江景大平层,无高端私密会所及管家式物业配套，圈层鱼龙混杂，高净值居住体验差。,要求独立电梯入户，主次卧动线分明，配备独立保姆房和私密后院。,主要在陆家嘴/徐家汇CBD上班，首选地铁2/9号线沿线，通勤半小时内。,周末常去高端商圈消费，热衷打网球和马术，重度手冲咖啡及黑胶唱片发烧友。,夫妻双方积蓄 + 双方父母出资赞助首付 + 公积金商业组合贷款,非仁恒、绿城、万科等金牌开发商不买，极度看重高端精装质量与顶级物业的增值口碑。,常年本地稳定居住，工作日职住通勤动线规则单一。
上_1997_00602,上海,1997,金融精英,47,男,1.2,7.6,0.4,14.3,3,2,否,A,research,0.82,0.28,0.73,0.45,0.67,0.83,0.68,0.81,0.87,自住-改善,一室一厅,65,1456,申银万国证券分析员,二胎黄金期中大户型,市中心私密洋房住宅,无高端私密会所及管家式物业配套，圈层鱼龙混杂，高净值居住体验差。,要求有超大面宽南向双阳台（观景家政分离），主卧大飘窗能270度直面自然景观。,主要在陆家嘴/徐家汇CBD上班，首选地铁2/9号线沿线，通勤半小时内。,周末常去高端商圈消费，热衷打网球和马术，重度手冲咖啡及黑胶唱片发烧友。,名下已有企业股权套现或分红现金，一次性全款付清，基本不加杠杆,非仁恒、绿城、万科等金牌开发商不买，极度看重高端精装质量与顶级物业的增值口碑。,常年本地稳定居住，工作日职住通勤动线规则单一。
上_1997_00603,上海,1997,本地改善,49,男,0.6,6.4,0.45,10.6,4,2,否,B,agent,0.76,0.51,0.52,0.58,0.61,0.78,0.58,0.74,0.47,自住-改善,两室两厅,64,1437,邮政局局长秘书,二胎黄金期中大户型,上海中环品质两居，车位及空间极其拥挤,小区无地下车库且人车不分流，小孩在楼下玩耍或者推婴儿车极为不安全。,讲究超高得房率（超85%），主卧套房必须配备独立步入式衣帽间与干湿分离双卫。,主要在陆家嘴/徐家汇CBD上班，首选地铁2/9号线沿线，通勤半小时内。,倡导轻户外，周末常带家人自驾野营或山系徒步，注重生活情调与手作咖啡。,名下持有一套旧两居，置换回款 65% + 个人理财储蓄补充 + 公积金商业贷,重性价比，不盲信大牌，但要求物业管理有序、绿化修剪及时、人防技防规范。,常年本地稳定居住，工作日职住通勤动线规则单一。
上_1997_00604,上海,1997,教育型买房,35,女,0.3,2.5,0.4,4.7,2,1,是,B,social,0.79,0.45,0.41,0.43,0.58,0.61,0.62,1,0.54,学区房,两室一厅,75,552,区财政局科员,三口之家(幼龄段),上海中环品质两居，车位及空间极其拥挤,小区无地下车库且人车不分流，小孩在楼下玩耍或者推婴儿车极为不安全。,核心要求地块属于第一梯队名校学区，且周边500米内解决幼小衔接教育配套。,主要在陆家嘴/徐家汇CBD上班，首选地铁2/9号线沿线，通勤半小时内。,倡导轻户外，周末常带家人自驾野营或山系徒步，注重生活情调与手作咖啡。,名下持有一套旧两居，置换回款 65% + 个人理财储蓄补充 + 公积金商业贷,重性价比，不盲信大牌，但要求物业管理有序、绿化修剪及时、人防技防规范。,常年本地稳定居住，工作日职住通勤动线规则单一。
上_1997_00605,上海,1997,外籍海归,42,男,0.5,4.0,0.4,7.5,3,1,否,A,social,0.89,0.45,0.65,0.44,0.79,0.77,0.79,0.79,0.85,自住-改善,一室一厅,84,772,外企驻沪办事处代表,三口之家(学龄段),陆家嘴核心区江景大平层,无高端私密会所及管家式物业配套，圈层鱼龙混杂，高净值居住体验差。,讲究超高得房率（超85%），主卧套房必须配备独立步入式衣帽间与干湿分离双卫。,主要在陆家嘴/徐家汇CBD上班，首选地铁2/9号线沿线，通勤半小时内。,周末常去高端商圈消费，热衷打网球和马术，重度手冲咖啡及黑胶唱片发烧友。,名下已有企业股权套现或分红现金，一次性全款付清，基本不加杠杆,非仁恒、绿城、万科等金牌开发商不买，极度看重高端精装质量与顶级物业的增值口碑。,常年本地稳定居住，工作日职住通勤动线规则单一。
上_1997_00606,上海,1997,本地改善,44,男,0.4,4.9,0.45,8.2,4,2,是,B,agent,0.85,0.53,0.63,0.52,0.55,0.77,0.63,0.77,0.63,自住-改善,两室一厅,79,769,区财政局科员,二胎黄金期中大户型,上海中环品质两居，车位及空间极其拥挤,小区无地下车库且人车不分流，小孩在楼下玩耍或者推婴儿车极为不安全。,讲究超高得房率（超85%），主卧套房必须配备独立步入式衣帽间与干湿分离双卫。,主要在陆家嘴/徐家汇CBD上班，首选地铁2/9号线沿线，通勤半小时内。,倡导轻户外，周末常带家人自驾野营或山系徒步，注重生活情调与手作咖啡。,名下持有一套旧两居，置换回款 65% + 个人理财储蓄补充 + 公积金商业贷,重性价比，不盲信大牌，但要求物业管理有序、绿化修剪及时、人防技防规范。,常年本地稳定居住，工作日职住通勤动线规则单一。
上_1997_00607,上海,1997,长三角家庭,44,女,0.8,3.7,0.45,6.2,3,1,否,B,agent,0.8,0.49,0.59,0.54,0.46,0.71,0.44,0.64,0.68,自住-改善,一室一厅,88,366,邮政局局长秘书,三口之家(学龄段),上海中环品质两居，车位及空间极其拥挤,小区无地下车库且人车不分流，小孩在楼下玩耍或者推婴儿车极为不安全。,讲究超高得房率（超85%），主卧套房必须配备独立步入式衣帽间与干湿分离双卫。,主要在陆家嘴/徐家汇CBD上班，首选地铁2/9号线沿线，通勤半小时内。,倡导轻户外，周末常带家人自驾野营或山系徒步，注重生活情调与手作咖啡。,名下持有一套旧两居，置换回款 65% + 个人理财储蓄补充 + 公积金商业贷,重性价比，不盲信大牌，但要求物业管理有序、绿化修剪及时、人防技防规范。,常年本地稳定居住，工作日职住通勤动线规则单一。
上_1997_00608,上海,1997,本地改善,38,男,0.4,3.5,0.45,5.9,4,1,否,B,agent,0.67,0.43,0.57,0.52,0.48,0.82,0.6,0.65,0.69,自住-改善,两室两厅,98,395,国企车间技术主任,三口之家(学龄段),上海中环品质两居，车位及空间极其拥挤,小区无地下车库且人车不分流，小孩在楼下玩耍或者推婴儿车极为不安全。,讲究超高得房率（超85%），主卧套房必须配备独立步入式衣帽间与干湿分离双卫。,主要在陆家嘴/徐家汇CBD上班，首选地铁2/9号线沿线，通勤半小时内。,倡导轻户外，周末常带家人自驾野营或山系徒步，注重生活情调与手作咖啡。,名下持有一套旧两居，置换回款 65% + 个人理财储蓄补充 + 公积金商业贷,重性价比，不盲信大牌，但要求物业管理有序、绿化修剪及时、人防技防规范。,常年本地稳定居住，工作日职住通勤动线规则单一。
上_1997_00609,上海,1997,外籍海归,31,女,0.7,4.8,0.4,9.0,3,1,否,A,social,1,0.55,0.7,0.52,0.85,0.64,0.71,0.73,0.7,婚房,一室一厅,52,1134,合资日化企业技术主管,三口之家(幼龄段),陆家嘴核心区江景大平层,无高端私密会所及管家式物业配套，圈层鱼龙混杂，高净值居住体验差。,核心要求地块属于第一梯队名校学区，且周边500米内解决幼小衔接教育配套。,主要在陆家嘴/徐家汇CBD上班，首选地铁2/9号线沿线，通勤半小时内。,周末常去高端商圈消费，热衷打网球和马术，重度手冲咖啡及黑胶唱片发烧友。,夫妻双方积蓄 + 双方父母出资赞助首付 + 公积金商业组合贷款,重性价比，不盲信大牌，但要求物业管理有序、绿化修剪及时、人防技防规范。,常年本地稳定居住，工作日职住通勤动线规则单一。
上_1997_00610,上海,1997,教育型买房,45,男,0.6,3.5,0.4,6.5,2,1,否,B,social,0.83,0.52,0.36,0.5,0.76,0.58,0.61,0.91,0.7,学区房,两室两厅,83,492,区财政局科员,三口之家(学龄段),上海中环品质两居，车位及空间极其拥挤,小区无地下车库且人车不分流，小孩在楼下玩耍或者推婴儿车极为不安全。,核心要求地块属于第一梯队名校学区，且周边500米内解决幼小衔接教育配套。,主要在陆家嘴/徐家汇CBD上班，首选地铁2/9号线沿线，通勤半小时内。,倡导轻户外，周末常带家人自驾野营或山系徒步，注重生活情调与手作咖啡。,名下持有一套旧两居，置换回款 65% + 个人理财储蓄补充 + 公积金商业贷,非仁恒、绿城、万科等金牌开发商不买，极度看重高端精装质量与顶级物业的增值口碑。,常年本地稳定居住，工作日职住通勤动线规则单一。
上_1997_00611,上海,1997,金融精英,45,男,0.8,6.0,0.4,11.2,3,1,否,A,research,0.68,0.57,0.55,0.51,0.67,0.84,0.62,0.67,0.72,自住-改善,两室两厅,90,855,老牌证券公司营业部经理,三口之家(学龄段),陆家嘴核心区江景大平层,无高端私密会所及管家式物业配套，圈层鱼龙混杂，高净值居住体验差。,讲究超高得房率（超85%），主卧套房必须配备独立步入式衣帽间与干湿分离双卫。,主要在陆家嘴/徐家汇CBD上班，首选地铁2/9号线沿线，通勤半小时内。,周末常去高端商圈消费，热衷打网球和马术，重度手冲咖啡及黑胶唱片发烧友。,名下已有企业股权套现或分红现金，一次性全款付清，基本不加杠杆,非仁恒、绿城、万科等金牌开发商不买，极度看重高端精装质量与顶级物业的增值口碑。,常年本地稳定居住，工作日职住通勤动线规则单一。
上_1997_00612,上海,1997,教育型买房,37,女,0.5,4.3,0.4,8.0,3,1,是,B,social,0.75,0.5,0.29,0.49,0.49,0.71,0.47,1,0.8,学区房,一室一厅,92,486,邮政局局长秘书,三口之家(幼龄段),上海中环品质两居，车位及空间极其拥挤,小区无地下车库且人车不分流，小孩在楼下玩耍或者推婴儿车极为不安全。,讲究超高得房率（超85%），主卧套房必须配备独立步入式衣帽间与干湿分离双卫。,主要在陆家嘴/徐家汇CBD上班，首选地铁2/9号线沿线，通勤半小时内。,倡导轻户外，周末常带家人自驾野营或山系徒步，注重生活情调与手作咖啡。,名下持有一套旧两居，置换回款 65% + 个人理财储蓄补充 + 公积金商业贷,非仁恒、绿城、万科等金牌开发商不买，极度看重高端精装质量与顶级物业的增值口碑。,常年本地稳定居住，工作日职住通勤动线规则单一。
上_1997_00613,上海,1997,金融精英,36,男,1.1,7.0,0.4,13.2,2,1,是,A,research,0.79,0.5,0.67,0.71,0.74,0.75,0.53,0.85,0.78,自住-改善,两室两厅,61,1708,申银万国证券分析员,三口之家(幼龄段),西湖边高精平层,当前房屋属于旧多层无电梯房，父母年纪渐高每天爬楼梯极为吃力。,要求独立电梯入户，主次卧动线分明，配备独立保姆房和私密后院。,主要在陆家嘴/徐家汇CBD上班，首选地铁2/9号线沿线，通勤半小时内。,周末常去高端商圈消费，热衷打网球和马术，重度手冲咖啡及黑胶唱片发烧友。,名下已有企业股权套现或分红现金，一次性全款付清，基本不加杠杆,非仁恒、绿城、万科等金牌开发商不买，极度看重高端精装质量与顶级物业的增值口碑。,常年本地稳定居住，工作日职住通勤动线规则单一。
上_1997_00614,上海,1997,本地改善,38,女,0.6,6.0,0.45,10.0,5,2,是,B,agent,0.92,0.5,0.62,0.47,0.74,0.91,0.52,0.73,0.54,自住-改善,一室一厅,63,866,市第二中学地理教师,二胎黄金期中大户型,上海中环品质两居，车位及空间极其拥挤,小区无地下车库且人车不分流，小孩在楼下玩耍或者推婴儿车极为不安全。,讲究超高得房率（超85%），主卧套房必须配备独立步入式衣帽间与干湿分离双卫。,主要在陆家嘴/徐家汇CBD上班，首选地铁2/9号线沿线，通勤半小时内。,倡导轻户外，周末常带家人自驾野营或山系徒步，注重生活情调与手作咖啡。,名下持有一套旧两居，置换回款 65% + 个人理财储蓄补充 + 公积金商业贷,重性价比，不盲信大牌，但要求物业管理有序、绿化修剪及时、人防技防规范。,常年本地稳定居住，工作日职住通勤动线规则单一。
上_1997_00615,上海,1997,教育型买房,33,男,0.7,4.4,0.4,8.2,2,1,是,B,social,0.94,0.33,0.48,0.39,0.69,0.76,0.64,0.9,0.65,学区房,两室两厅,80,818,市第二中学地理教师,三口之家(幼龄段),上海中环品质两居，车位及空间极其拥挤,小区无地下车库且人车不分流，小孩在楼下玩耍或者推婴儿车极为不安全。,讲究超高得房率（超85%），主卧套房必须配备独立步入式衣帽间与干湿分离双卫。,主要在陆家嘴/徐家汇CBD上班，首选地铁2/9号线沿线，通勤半小时内。,倡导轻户外，周末常带家人自驾野营或山系徒步，注重生活情调与手作咖啡。,名下持有一套旧两居，置换回款 65% + 个人理财储蓄补充 + 公积金商业贷,重性价比，不盲信大牌，但要求物业管理有序、绿化修剪及时、人防技防规范。,常年本地稳定居住，工作日职住通勤动线规则单一。
上_1997_00616,上海,1997,本地改善,50,女,0.4,4.0,0.45,6.7,3,1,否,B,agent,0.86,0.54,0.7,0.41,0.45,0.92,0.67,0.77,0.57,自住-改善,一室一厅,67,897,区财政局科员,三口之家(学龄段),上海中环品质两居，车位及空间极其拥挤,小区无地下车库且人车不分流，小孩在楼下玩耍或者推婴儿车极为不安全。,讲究超高得房率（超85%），主卧套房必须配备独立步入式衣帽间与干湿分离双卫。,主要在陆家嘴/徐家汇CBD上班，首选地铁2/9号线沿线，通勤半小时内。,倡导轻户外，周末常带家人自驾野营或山系徒步，注重生活情调与手作咖啡。,名下持有一套旧两居，置换回款 65% + 个人理财储蓄补充 + 公积金商业贷,重性价比，不盲信大牌，但要求物业管理有序、绿化修剪及时、人防技防规范。,常年本地稳定居住，工作日职住通勤动线规则单一。
上_1997_00617,上海,1997,金融精英,41,男,0.3,2.2,0.4,4.1,3,0,是,A,research,0.8,0.45,0.7,0.56,0.71,0.58,0.65,0.8,0.84,自住-首套,一室一厅,84,337,老牌证券公司营业部经理,成熟期核心家庭,市中心私密洋房住宅,当前房屋属于旧多层无电梯房，父母年纪渐高每天爬楼梯极为吃力。,核心要求地块属于第一梯队名校学区，且周边500米内解决幼小衔接教育配套。,主要在陆家嘴/徐家汇CBD上班，首选地铁2/9号线沿线，通勤半小时内。,周末常去高端商圈消费，热衷打网球和马术，重度手冲咖啡及黑胶唱片发烧友。,夫妻双方积蓄 + 双方父母出资赞助首付 + 公积金商业组合贷款,非仁恒、绿城、万科等金牌开发商不买，极度看重高端精装质量与顶级物业的增值口碑。,常年本地稳定居住，工作日职住通勤动线规则单一。
上_1997_00618,上海,1997,本地改善,42,男,0.5,6.2,0.45,10.4,4,2,是,B,agent,0.66,0.47,0.53,0.5,0.65,0.87,0.6,0.9,0.71,自住-改善,一室一厅,60,1233,市第二中学地理教师,二胎黄金期中大户型,上海中环品质两居，车位及空间极其拥挤,小区无地下车库且人车不分流，小孩在楼下玩耍或者推婴儿车极为不安全。,讲究超高得房率（超85%），主卧套房必须配备独立步入式衣帽间与干湿分离双卫。,主要在陆家嘴/徐家汇CBD上班，首选地铁2/9号线沿线，通勤半小时内。,倡导轻户外，周末常带家人自驾野营或山系徒步，注重生活情调与手作咖啡。,名下持有一套旧两居，置换回款 65% + 个人理财储蓄补充 + 公积金商业贷,非仁恒、绿城、万科等金牌开发商不买，极度看重高端精装质量与顶级物业的增值口碑。,常年本地稳定居住，工作日职住通勤动线规则单一。
上_1997_00619,上海,1997,金融精英,42,男,0.6,3.9,0.4,7.3,3,1,否,A,research,0.9,0.5,0.55,0.55,0.72,0.79,0.68,0.98,0.75,自住-首套,两室一厅,53,1194,申银万国证券分析员,三口之家(学龄段),陆家嘴核心区江景大平层,无高端私密会所及管家式物业配套，圈层鱼龙混杂，高净值居住体验差。,讲究超高得房率（超85%），主卧套房必须配备独立步入式衣帽间与干湿分离双卫。,主要在陆家嘴/徐家汇CBD上班，首选地铁2/9号线沿线，通勤半小时内。,周末常去高端商圈消费，热衷打网球和马术，重度手冲咖啡及黑胶唱片发烧友。,夫妻双方积蓄 + 双方父母出资赞助首付 + 公积金商业组合贷款,非仁恒、绿城、万科等金牌开发商不买，极度看重高端精装质量与顶级物业的增值口碑。,常年本地稳定居住，工作日职住通勤动线规则单一。
上_1997_00620,上海,1997,本地改善,43,女,0.5,3.5,0.45,5.8,5,1,是,B,agent,0.79,0.48,0.43,0.52,0.46,0.89,0.62,0.65,0.6,自住-改善,两室两厅,73,460,区财政局科员,三口之家(学龄段),上海中环品质两居，车位及空间极其拥挤,小区无地下车库且人车不分流，小孩在楼下玩耍或者推婴儿车极为不安全。,讲究超高得房率（超85%），主卧套房必须配备独立步入式衣帽间与干湿分离双卫。,主要在陆家嘴/徐家汇CBD上班，首选地铁2/9号线沿线，通勤半小时内。,倡导轻户外，周末常带家人自驾野营或山系徒步，注重生活情调与手作咖啡。,名下持有一套旧两居，置换回款 65% + 个人理财储蓄补充 + 公积金商业贷,重性价比，不盲信大牌，但要求物业管理有序、绿化修剪及时、人防技防规范。,常年本地稳定居住，工作日职住通勤动线规则单一。
上_1997_00621,上海,1997,教育型买房,32,女,0.5,4.1,0.4,7.7,3,2,是,B,social,0.76,0.54,0.36,0.48,0.57,0.81,0.61,1,0.64,学区房,一室一厅,94,657,区财政局科员,二胎黄金期中大户型,上海中环品质两居，车位及空间极其拥挤,小区无地下车库且人车不分流，小孩在楼下玩耍或者推婴儿车极为不安全。,讲究超高得房率（超85%），主卧套房必须配备独立步入式衣帽间与干湿分离双卫。,主要在陆家嘴/徐家汇CBD上班，首选地铁2/9号线沿线，通勤半小时内。,倡导轻户外，周末常带家人自驾野营或山系徒步，注重生活情调与手作咖啡。,名下持有一套旧两居，置换回款 65% + 个人理财储蓄补充 + 公积金商业贷,重性价比，不盲信大牌，但要求物业管理有序、绿化修剪及时、人防技防规范。,常年本地稳定居住，工作日职住通勤动线规则单一。
上_1997_00622,上海,1997,本地改善,52,男,0.6,4.8,0.45,8.1,4,3,否,B,agent,0.71,0.38,0.53,0.57,0.52,0.86,0.67,0.67,0.56,自住-改善,两室两厅,77,824,市第二中学地理教师,二胎黄金期中大户型,上海中环品质两居，车位及空间极其拥挤,小区无地下车库且人车不分流，小孩在楼下玩耍或者推婴儿车极为不安全。,讲究超高得房率（超85%），主卧套房必须配备独立步入式衣帽间与干湿分离双卫。,主要在陆家嘴/徐家汇CBD上班，首选地铁2/9号线沿线，通勤半小时内。,倡导轻户外，周末常带家人自驾野营或山系徒步，注重生活情调与手作咖啡。,名下持有一套旧两居，置换回款 65% + 个人理财储蓄补充 + 公积金商业贷,重性价比，不盲信大牌，但要求物业管理有序、绿化修剪及时、人防技防规范。,常年本地稳定居住，工作日职住通勤动线规则单一。
上_1997_00623,上海,1997,本地改善,58,女,0.6,4.5,0.45,7.5,4,2,否,B,agent,0.78,0.59,0.57,0.44,0.57,0.92,0.52,0.56,0.47,自住-改善,一室一厅,96,555,市第二中学地理教师,二胎黄金期中大户型,上海中环品质两居，车位及空间极其拥挤,小区无地下车库且人车不分流，小孩在楼下玩耍或者推婴儿车极为不安全。,讲究超高得房率（超85%），主卧套房必须配备独立步入式衣帽间与干湿分离双卫。,主要在陆家嘴/徐家汇CBD上班，首选地铁2/9号线沿线，通勤半小时内。,倡导轻户外，周末常带家人自驾野营或山系徒步，注重生活情调与手作咖啡。,名下持有一套旧两居，置换回款 65% + 个人理财储蓄补充 + 公积金商业贷,重性价比，不盲信大牌，但要求物业管理有序、绿化修剪及时、人防技防规范。,常年本地稳定居住，工作日职住通勤动线规则单一。
上_1997_00624,上海,1997,本地改善,51,男,0.6,4.6,0.45,7.6,5,2,否,B,agent,0.67,0.55,0.39,0.46,0.48,1,0.51,0.67,0.56,自住-改善,一室一厅,81,648,区财政局科员,二胎黄金期中大户型,上海中环品质两居，车位及空间极其拥挤,小区无地下车库且人车不分流，小孩在楼下玩耍或者推婴儿车极为不安全。,讲究超高得房率（超85%），主卧套房必须配备独立步入式衣帽间与干湿分离双卫。,主要在陆家嘴/徐家汇CBD上班，首选地铁2/9号线沿线，通勤半小时内。,倡导轻户外，周末常带家人自驾野营或山系徒步，注重生活情调与手作咖啡。,名下持有一套旧两居，置换回款 65% + 个人理财储蓄补充 + 公积金商业贷,重性价比，不盲信大牌，但要求物业管理有序、绿化修剪及时、人防技防规范。,常年本地稳定居住，工作日职住通勤动线规则单一。
上_1997_00625,上海,1997,教育型买房,37,女,0.4,2.7,0.4,5.1,3,1,否,B,social,0.56,0.51,0.52,0.4,0.48,0.79,0.46,0.8,0.61,学区房,两室一厅,95,445,国企车间技术主任,三口之家(幼龄段),上海中环品质两居，车位及空间极其拥挤,小区无地下车库且人车不分流，小孩在楼下玩耍或者推婴儿车极为不安全。,讲究超高得房率（超85%），主卧套房必须配备独立步入式衣帽间与干湿分离双卫。,主要在陆家嘴/徐家汇CBD上班，首选地铁2/9号线沿线，通勤半小时内。,倡导轻户外，周末常带家人自驾野营或山系徒步，注重生活情调与手作咖啡。,名下持有一套旧两居，置换回款 65% + 个人理财储蓄补充 + 公积金商业贷,重性价比，不盲信大牌，但要求物业管理有序、绿化修剪及时、人防技防规范。,常年本地稳定居住，工作日职住通勤动线规则单一。
上_1997_00626,上海,1997,金融精英,47,男,0.6,5.0,0.4,9.4,4,1,否,A,research,1,0.33,0.67,0.48,0.77,0.74,0.67,0.82,0.88,自住-改善,两室一厅,69,1006,商业银行支行信贷科长,三口之家(学龄段),陆家嘴核心区江景大平层,无高端私密会所及管家式物业配套，圈层鱼龙混杂，高净值居住体验差。,讲究超高得房率（超85%），主卧套房必须配备独立步入式衣帽间与干湿分离双卫。,主要在陆家嘴/徐家汇CBD上班，首选地铁2/9号线沿线，通勤半小时内。,周末常去高端商圈消费，热衷打网球和马术，重度手冲咖啡及黑胶唱片发烧友。,名下已有企业股权套现或分红现金，一次性全款付清，基本不加杠杆,非仁恒、绿城、万科等金牌开发商不买，极度看重高端精装质量与顶级物业的增值口碑。,常年本地稳定居住，工作日职住通勤动线规则单一。
上_1997_00627,上海,1997,长三角家庭,54,男,0.3,1.8,0.45,3.0,3,3,否,B,agent,0.56,0.57,0.46,0.39,0.52,0.71,0.34,0.74,0.6,自住-首套,一室一厅,63,363,市第二中学地理教师,二胎黄金期中大户型,上海中环品质两居，车位及空间极其拥挤,小区无地下车库且人车不分流，小孩在楼下玩耍或者推婴儿车极为不安全。,讲究超高得房率（超85%），主卧套房必须配备独立步入式衣帽间与干湿分离双卫。,主要在陆家嘴/徐家汇CBD上班，首选地铁2/9号线沿线，通勤半小时内。,倡导轻户外，周末常带家人自驾野营或山系徒步，注重生活情调与手作咖啡。,夫妻双方积蓄 + 双方父母出资赞助首付 + 公积金商业组合贷款,重性价比，不盲信大牌，但要求物业管理有序、绿化修剪及时、人防技防规范。,常年本地稳定居住，工作日职住通勤动线规则单一。
上_1997_00628,上海,1997,本地改善,47,男,0.5,3.3,0.45,5.5,4,2,是,B,agent,0.64,0.43,0.56,0.26,0.56,0.91,0.62,0.71,0.56,自住-改善,一室一厅,96,341,市第二中学地理教师,二胎黄金期中大户型,上海中环品质两居，车位及空间极其拥挤,小区无地下车库且人车不分流，小孩在楼下玩耍或者推婴儿车极为不安全。,讲究超高得房率（超85%），主卧套房必须配备独立步入式衣帽间与干湿分离双卫。,主要在陆家嘴/徐家汇CBD上班，首选地铁2/9号线沿线，通勤半小时内。,倡导轻户外，周末常带家人自驾野营或山系徒步，注重生活情调与手作咖啡。,名下持有一套旧两居，置换回款 65% + 个人理财储蓄补充 + 公积金商业贷,重性价比，不盲信大牌，但要求物业管理有序、绿化修剪及时、人防技防规范。,常年本地稳定居住，工作日职住通勤动线规则单一。
上_1997_00629,上海,1997,教育型买房,42,女,0.4,2.3,0.4,4.2,2,1,否,B,social,0.91,0.39,0.33,0.49,0.53,0.77,0.63,1,0.67,学区房,两室两厅,58,412,区财政局科员,三口之家(学龄段),上海中环品质两居，车位及空间极其拥挤,小区无地下车库且人车不分流，小孩在楼下玩耍或者推婴儿车极为不安全。,讲究超高得房率（超85%），主卧套房必须配备独立步入式衣帽间与干湿分离双卫。,主要在陆家嘴/徐家汇CBD上班，首选地铁2/9号线沿线，通勤半小时内。,倡导轻户外，周末常带家人自驾野营或山系徒步，注重生活情调与手作咖啡。,名下持有一套旧两居，置换回款 65% + 个人理财储蓄补充 + 公积金商业贷,重性价比，不盲信大牌，但要求物业管理有序、绿化修剪及时、人防技防规范。,常年本地稳定居住，工作日职住通勤动线规则单一。
上_1997_00630,上海,1997,教育型买房,35,男,0.4,3.6,0.4,6.8,2,1,是,B,social,0.81,0.49,0.38,0.4,0.67,0.64,0.5,1,0.72,学区房,两室两厅,72,663,区财政局科员,三口之家(幼龄段),上海中环品质两居，车位及空间极其拥挤,小区无地下车库且人车不分流，小孩在楼下玩耍或者推婴儿车极为不安全。,核心要求地块属于第一梯队名校学区，且周边500米内解决幼小衔接教育配套。,主要在陆家嘴/徐家汇CBD上班，首选地铁2/9号线沿线，通勤半小时内。,倡导轻户外，周末常带家人自驾野营或山系徒步，注重生活情调与手作咖啡。,名下持有一套旧两居，置换回款 65% + 个人理财储蓄补充 + 公积金商业贷,非仁恒、绿城、万科等金牌开发商不买，极度看重高端精装质量与顶级物业的增值口碑。,常年本地稳定居住，工作日职住通勤动线规则单一。
上_1997_00631,上海,1997,金融精英,36,男,1.0,6.3,0.4,11.7,2,1,否,A,research,0.78,0.48,0.63,0.53,0.76,0.84,0.73,0.83,0.65,自住-首套,一室一厅,81,841,老牌证券公司营业部经理,三口之家(幼龄段),陆家嘴核心区江景大平层,无高端私密会所及管家式物业配套，圈层鱼龙混杂，高净值居住体验差。,讲究超高得房率（超85%），主卧套房必须配备独立步入式衣帽间与干湿分离双卫。,主要在陆家嘴/徐家汇CBD上班，首选地铁2/9号线沿线，通勤半小时内。,周末常去高端商圈消费，热衷打网球和马术，重度手冲咖啡及黑胶唱片发烧友。,夫妻双方积蓄 + 双方父母出资赞助首付 + 公积金商业组合贷款,重性价比，不盲信大牌，但要求物业管理有序、绿化修剪及时、人防技防规范。,常年本地稳定居住，工作日职住通勤动线规则单一。
上_1997_00632,上海,1997,长三角家庭,47,男,0.5,2.7,0.45,4.5,6,2,是,B,agent,0.75,0.54,0.55,0.43,0.52,0.81,0.24,0.61,0.67,自住-改善,一室一厅,54,579,区财政局科员,二胎黄金期中大户型,上海中环品质两居，车位及空间极其拥挤,小区无地下车库且人车不分流，小孩在楼下玩耍或者推婴儿车极为不安全。,讲究超高得房率（超85%），主卧套房必须配备独立步入式衣帽间与干湿分离双卫。,主要在陆家嘴/徐家汇CBD上班，首选地铁2/9号线沿线，通勤半小时内。,倡导轻户外，周末常带家人自驾野营或山系徒步，注重生活情调与手作咖啡。,名下持有一套旧两居，置换回款 65% + 个人理财储蓄补充 + 公积金商业贷,重性价比，不盲信大牌，但要求物业管理有序、绿化修剪及时、人防技防规范。,常年本地稳定居住，工作日职住通勤动线规则单一。
上_1997_00633,上海,1997,长三角家庭,49,女,0.4,2.1,0.45,3.6,3,2,否,B,agent,0.45,0.61,0.59,0.43,0.56,0.77,0.39,0.68,0.47,自住-首套,两室一厅,77,249,国企车间技术主任,二胎黄金期中大户型,上海中环品质两居，车位及空间极其拥挤,小区无地下车库且人车不分流，小孩在楼下玩耍或者推婴儿车极为不安全。,讲究超高得房率（超85%），主卧套房必须配备独立步入式衣帽间与干湿分离双卫。,主要在陆家嘴/徐家汇CBD上班，首选地铁2/9号线沿线，通勤半小时内。,倡导轻户外，周末常带家人自驾野营或山系徒步，注重生活情调与手作咖啡。,夫妻双方积蓄 + 双方父母出资赞助首付 + 公积金商业组合贷款,重性价比，不盲信大牌，但要求物业管理有序、绿化修剪及时、人防技防规范。,常年本地稳定居住，工作日职住通勤动线规则单一。
上_1997_00634,上海,1997,本地改善,44,女,0.5,4.3,0.45,7.1,5,2,否,B,agent,0.71,0.51,0.51,0.35,0.56,0.86,0.6,0.67,0.51,自住-改善,两室一厅,80,732,区财政局科员,二胎黄金期中大户型,上海中环品质两居，车位及空间极其拥挤,小区无地下车库且人车不分流，小孩在楼下玩耍或者推婴儿车极为不安全。,讲究超高得房率（超85%），主卧套房必须配备独立步入式衣帽间与干湿分离双卫。,主要在陆家嘴/徐家汇CBD上班，首选地铁2/9号线沿线，通勤半小时内。,倡导轻户外，周末常带家人自驾野营或山系徒步，注重生活情调与手作咖啡。,名下持有一套旧两居，置换回款 65% + 个人理财储蓄补充 + 公积金商业贷,重性价比，不盲信大牌，但要求物业管理有序、绿化修剪及时、人防技防规范。,常年本地稳定居住，工作日职住通勤动线规则单一。
上_1997_00635,上海,1997,本地改善,51,女,0.4,5.1,0.45,8.5,4,2,是,B,agent,0.83,0.48,0.47,0.57,0.56,0.77,0.64,0.73,0.88,自住-改善,一室一厅,79,689,市第二中学地理教师,二胎黄金期中大户型,上海中环品质两居，车位及空间极其拥挤,小区无地下车库且人车不分流，小孩在楼下玩耍或者推婴儿车极为不安全。,讲究超高得房率（超85%），主卧套房必须配备独立步入式衣帽间与干湿分离双卫。,主要在陆家嘴/徐家汇CBD上班，首选地铁2/9号线沿线，通勤半小时内。,倡导轻户外，周末常带家人自驾野营或山系徒步，注重生活情调与手作咖啡。,名下持有一套旧两居，置换回款 65% + 个人理财储蓄补充 + 公积金商业贷,非仁恒、绿城、万科等金牌开发商不买，极度看重高端精装质量与顶级物业的增值口碑。,常年本地稳定居住，工作日职住通勤动线规则单一。
上_1997_00636,上海,1997,本地改善,44,女,0.4,2.7,0.45,4.5,5,2,否,B,agent,0.72,0.7,0.56,0.62,0.63,0.81,0.64,0.68,0.52,自住-改善,两室两厅,62,423,邮政局局长秘书,二胎黄金期中大户型,上海中环品质两居，车位及空间极其拥挤,小区无地下车库且人车不分流，小孩在楼下玩耍或者推婴儿车极为不安全。,讲究超高得房率（超85%），主卧套房必须配备独立步入式衣帽间与干湿分离双卫。,主要在陆家嘴/徐家汇CBD上班，首选地铁2/9号线沿线，通勤半小时内。,倡导轻户外，周末常带家人自驾野营或山系徒步，注重生活情调与手作咖啡。,名下持有一套旧两居，置换回款 65% + 个人理财储蓄补充 + 公积金商业贷,重性价比，不盲信大牌，但要求物业管理有序、绿化修剪及时、人防技防规范。,常年本地稳定居住，工作日职住通勤动线规则单一。
上_1997_00637,上海,1997,金融精英,42,女,0.7,6.0,0.4,11.3,2,0,否,A,research,0.76,0.55,0.5,0.66,0.82,0.83,0.73,0.85,0.92,自住-首套,两室两厅,67,1297,老牌证券公司营业部经理,成熟期核心家庭,市中心私密洋房住宅,无高端私密会所及管家式物业配套，圈层鱼龙混杂，高净值居住体验差。,讲究超高得房率（超85%），主卧套房必须配备独立步入式衣帽间与干湿分离双卫。,主要在陆家嘴/徐家汇CBD上班，首选地铁2/9号线沿线，通勤半小时内。,周末常去高端商圈消费，热衷打网球和马术，重度手冲咖啡及黑胶唱片发烧友。,夫妻双方积蓄 + 双方父母出资赞助首付 + 公积金商业组合贷款,非仁恒、绿城、万科等金牌开发商不买，极度看重高端精装质量与顶级物业的增值口碑。,常年本地稳定居住，工作日职住通勤动线规则单一。
上_1997_00638,上海,1997,本地改善,44,男,0.6,4.4,0.45,7.4,3,2,否,B,agent,0.73,0.37,0.5,0.53,0.55,0.83,0.62,0.69,0.58,自住-改善,一室一厅,96,638,市第二中学地理教师,二胎黄金期中大户型,上海中环品质两居，车位及空间极其拥挤,小区无地下车库且人车不分流，小孩在楼下玩耍或者推婴儿车极为不安全。,讲究超高得房率（超85%），主卧套房必须配备独立步入式衣帽间与干湿分离双卫。,主要在陆家嘴/徐家汇CBD上班，首选地铁2/9号线沿线，通勤半小时内。,倡导轻户外，周末常带家人自驾野营或山系徒步，注重生活情调与手作咖啡。,名下持有一套旧两居，置换回款 65% + 个人理财储蓄补充 + 公积金商业贷,重性价比，不盲信大牌，但要求物业管理有序、绿化修剪及时、人防技防规范。,常年本地稳定居住，工作日职住通勤动线规则单一。
上_1997_00639,上海,1997,本地改善,52,女,0.5,5.2,0.45,8.6,4,3,是,B,agent,0.66,0.44,0.6,0.45,0.54,0.88,0.7,0.65,0.62,自住-改善,两室一厅,59,1306,邮政局局长秘书,二胎黄金期中大户型,上海中环品质两居，车位及空间极其拥挤,小区无地下车库且人车不分流，小孩在楼下玩耍或者推婴儿车极为不安全。,讲究超高得房率（超85%），主卧套房必须配备独立步入式衣帽间与干湿分离双卫。,主要在陆家嘴/徐家汇CBD上班，首选地铁2/9号线沿线，通勤半小时内。,倡导轻户外，周末常带家人自驾野营或山系徒步，注重生活情调与手作咖啡。,名下持有一套旧两居，置换回款 65% + 个人理财储蓄补充 + 公积金商业贷,重性价比，不盲信大牌，但要求物业管理有序、绿化修剪及时、人防技防规范。,常年本地稳定居住，工作日职住通勤动线规则单一。
上_1997_00640,上海,1997,教育型买房,43,女,0.4,3.5,0.4,6.6,3,1,是,B,social,1,0.48,0.37,0.46,0.64,0.63,0.44,1,0.59,学区房,一室一厅,90,503,市第二中学地理教师,三口之家(学龄段),上海中环品质两居，车位及空间极其拥挤,小区无地下车库且人车不分流，小孩在楼下玩耍或者推婴儿车极为不安全。,核心要求地块属于第一梯队名校学区，且周边500米内解决幼小衔接教育配套。,主要在陆家嘴/徐家汇CBD上班，首选地铁2/9号线沿线，通勤半小时内。,倡导轻户外，周末常带家人自驾野营或山系徒步，注重生活情调与手作咖啡。,名下持有一套旧两居，置换回款 65% + 个人理财储蓄补充 + 公积金商业贷,重性价比，不盲信大牌，但要求物业管理有序、绿化修剪及时、人防技防规范。,常年本地稳定居住，工作日职住通勤动线规则单一。
上_1997_00641,上海,1997,本地改善,46,男,0.5,6.8,0.45,11.3,4,3,是,B,agent,0.88,0.51,0.62,0.56,0.43,0.83,0.54,0.79,0.65,自住-改善,两室两厅,70,954,国企车间技术主任,二胎黄金期中大户型,上海中环品质两居，车位及空间极其拥挤,小区无地下车库且人车不分流，小孩在楼下玩耍或者推婴儿车极为不安全。,讲究超高得房率（超85%），主卧套房必须配备独立步入式衣帽间与干湿分离双卫。,主要在陆家嘴/徐家汇CBD上班，首选地铁2/9号线沿线，通勤半小时内。,倡导轻户外，周末常带家人自驾野营或山系徒步，注重生活情调与手作咖啡。,名下持有一套旧两居，置换回款 65% + 个人理财储蓄补充 + 公积金商业贷,重性价比，不盲信大牌，但要求物业管理有序、绿化修剪及时、人防技防规范。,常年本地稳定居住，工作日职住通勤动线规则单一。
上_1997_00642,上海,1997,教育型买房,43,女,0.7,4.7,0.4,8.7,2,1,否,B,social,0.97,0.52,0.29,0.43,0.66,0.59,0.49,1,0.54,学区房,一室一厅,73,728,市第二中学地理教师,三口之家(学龄段),上海中环品质两居，车位及空间极其拥挤,小区无地下车库且人车不分流，小孩在楼下玩耍或者推婴儿车极为不安全。,核心要求地块属于第一梯队名校学区，且周边500米内解决幼小衔接教育配套。,主要在陆家嘴/徐家汇CBD上班，首选地铁2/9号线沿线，通勤半小时内。,倡导轻户外，周末常带家人自驾野营或山系徒步，注重生活情调与手作咖啡。,名下持有一套旧两居，置换回款 65% + 个人理财储蓄补充 + 公积金商业贷,重性价比，不盲信大牌，但要求物业管理有序、绿化修剪及时、人防技防规范。,常年本地稳定居住，工作日职住通勤动线规则单一。
上_1997_00643,上海,1997,本地改善,56,女,0.4,3.1,0.45,5.1,4,2,否,B,agent,0.73,0.45,0.64,0.58,0.6,0.87,0.61,0.78,0.84,自住-改善,两室两厅,53,792,邮政局局长秘书,二胎黄金期中大户型,上海中环品质两居，车位及空间极其拥挤,小区无地下车库且人车不分流，小孩在楼下玩耍或者推婴儿车极为不安全。,讲究超高得房率（超85%），主卧套房必须配备独立步入式衣帽间与干湿分离双卫。,主要在陆家嘴/徐家汇CBD上班，首选地铁2/9号线沿线，通勤半小时内。,倡导轻户外，周末常带家人自驾野营或山系徒步，注重生活情调与手作咖啡。,名下持有一套旧两居，置换回款 65% + 个人理财储蓄补充 + 公积金商业贷,非仁恒、绿城、万科等金牌开发商不买，极度看重高端精装质量与顶级物业的增值口碑。,常年本地稳定居住，工作日职住通勤动线规则单一。
上_1997_00644,上海,1997,本地改善,56,女,0.3,4.0,0.45,6.6,4,2,否,B,agent,0.91,0.37,0.49,0.49,0.46,0.75,0.55,0.65,0.6,自住-改善,两室一厅,62,708,邮政局局长秘书,二胎黄金期中大户型,上海中环品质两居，车位及空间极其拥挤,小区无地下车库且人车不分流，小孩在楼下玩耍或者推婴儿车极为不安全。,讲究超高得房率（超85%），主卧套房必须配备独立步入式衣帽间与干湿分离双卫。,主要在陆家嘴/徐家汇CBD上班，首选地铁2/9号线沿线，通勤半小时内。,倡导轻户外，周末常带家人自驾野营或山系徒步，注重生活情调与手作咖啡。,名下持有一套旧两居，置换回款 65% + 个人理财储蓄补充 + 公积金商业贷,重性价比，不盲信大牌，但要求物业管理有序、绿化修剪及时、人防技防规范。,常年本地稳定居住，工作日职住通勤动线规则单一。
上_1997_00645,上海,1997,本地改善,52,男,0.3,3.1,0.45,5.1,3,1,是,B,agent,1,0.67,0.41,0.48,0.56,0.77,0.58,0.79,0.6,自住-改善,一室一厅,59,580,区财政局科员,三口之家(学龄段),上海中环品质两居，车位及空间极其拥挤,小区无地下车库且人车不分流，小孩在楼下玩耍或者推婴儿车极为不安全。,讲究超高得房率（超85%），主卧套房必须配备独立步入式衣帽间与干湿分离双卫。,主要在陆家嘴/徐家汇CBD上班，首选地铁2/9号线沿线，通勤半小时内。,倡导轻户外，周末常带家人自驾野营或山系徒步，注重生活情调与手作咖啡。,名下持有一套旧两居，置换回款 65% + 个人理财储蓄补充 + 公积金商业贷,重性价比，不盲信大牌，但要求物业管理有序、绿化修剪及时、人防技防规范。,常年本地稳定居住，工作日职住通勤动线规则单一。
上_1997_00646,上海,1997,本地改善,45,女,0.3,4.1,0.45,6.9,4,1,否,B,agent,0.77,0.33,0.64,0.48,0.35,0.87,0.63,0.71,0.55,自住-改善,一室一厅,75,736,市第二中学地理教师,三口之家(学龄段),上海中环品质两居，车位及空间极其拥挤,小区无地下车库且人车不分流，小孩在楼下玩耍或者推婴儿车极为不安全。,讲究超高得房率（超85%），主卧套房必须配备独立步入式衣帽间与干湿分离双卫。,主要在陆家嘴/徐家汇CBD上班，首选地铁2/9号线沿线，通勤半小时内。,倡导轻户外，周末常带家人自驾野营或山系徒步，注重生活情调与手作咖啡。,名下持有一套旧两居，置换回款 65% + 个人理财储蓄补充 + 公积金商业贷,重性价比，不盲信大牌，但要求物业管理有序、绿化修剪及时、人防技防规范。,常年本地稳定居住，工作日职住通勤动线规则单一。
上_1997_00647,上海,1997,教育型买房,42,女,0.3,2.8,0.4,5.2,3,1,否,B,social,0.77,0.44,0.54,0.36,0.71,0.75,0.58,1,0.54,学区房,两室两厅,60,594,市第二中学地理教师,三口之家(学龄段),上海中环品质两居，车位及空间极其拥挤,小区无地下车库且人车不分流，小孩在楼下玩耍或者推婴儿车极为不安全。,讲究超高得房率（超85%），主卧套房必须配备独立步入式衣帽间与干湿分离双卫。,主要在陆家嘴/徐家汇CBD上班，首选地铁2/9号线沿线，通勤半小时内。,倡导轻户外，周末常带家人自驾野营或山系徒步，注重生活情调与手作咖啡。,名下持有一套旧两居，置换回款 65% + 个人理财储蓄补充 + 公积金商业贷,重性价比，不盲信大牌，但要求物业管理有序、绿化修剪及时、人防技防规范。,常年本地稳定居住，工作日职住通勤动线规则单一。
上_1997_00648,上海,1997,长三角家庭,40,女,0.4,3.5,0.45,5.9,4,2,否,B,agent,0.83,0.55,0.58,0.49,0.52,0.86,0.44,0.54,0.66,自住-首套,两室一厅,99,415,区财政局科员,二胎黄金期中大户型,上海中环品质两居，车位及空间极其拥挤,小区无地下车库且人车不分流，小孩在楼下玩耍或者推婴儿车极为不安全。,讲究超高得房率（超85%），主卧套房必须配备独立步入式衣帽间与干湿分离双卫。,主要在陆家嘴/徐家汇CBD上班，首选地铁2/9号线沿线，通勤半小时内。,倡导轻户外，周末常带家人自驾野营或山系徒步，注重生活情调与手作咖啡。,夫妻双方积蓄 + 双方父母出资赞助首付 + 公积金商业组合贷款,重性价比，不盲信大牌，但要求物业管理有序、绿化修剪及时、人防技防规范。,常年本地稳定居住，工作日职住通勤动线规则单一。
上_1997_00649,上海,1997,教育型买房,43,男,0.6,5.5,0.4,10.4,2,3,否,B,social,1,0.52,0.45,0.27,0.69,0.68,0.6,0.98,0.66,学区房,两室两厅,78,715,区财政局科员,二胎黄金期中大户型,上海中环品质两居，车位及空间极其拥挤,小区无地下车库且人车不分流，小孩在楼下玩耍或者推婴儿车极为不安全。,核心要求地块属于第一梯队名校学区，且周边500米内解决幼小衔接教育配套。,主要在陆家嘴/徐家汇CBD上班，首选地铁2/9号线沿线，通勤半小时内。,倡导轻户外，周末常带家人自驾野营或山系徒步，注重生活情调与手作咖啡。,名下持有一套旧两居，置换回款 65% + 个人理财储蓄补充 + 公积金商业贷,重性价比，不盲信大牌，但要求物业管理有序、绿化修剪及时、人防技防规范。,常年本地稳定居住，工作日职住通勤动线规则单一。
上_1997_00650,上海,1997,金融精英,47,女,1.3,12.9,0.4,24.1,4,1,否,A,research,0.74,0.48,0.72,0.53,0.8,0.75,0.55,0.77,0.75,自住-首套,两室两厅,93,1530,老牌证券公司营业部经理,三口之家(学龄段),西湖边高精平层,无高端私密会所及管家式物业配套，圈层鱼龙混杂，高净值居住体验差。,要求有超大面宽南向双阳台（观景家政分离），主卧大飘窗能270度直面自然景观。,主要在陆家嘴/徐家汇CBD上班，首选地铁2/9号线沿线，通勤半小时内。,周末常去高端商圈消费，热衷打网球和马术，重度手冲咖啡及黑胶唱片发烧友。,夫妻双方积蓄 + 双方父母出资赞助首付 + 公积金商业组合贷款,非仁恒、绿城、万科等金牌开发商不买，极度看重高端精装质量与顶级物业的增值口碑。,常年本地稳定居住，工作日职住通勤动线规则单一。
上_1997_00651,上海,1997,本地改善,50,女,0.4,4.1,0.45,6.8,3,2,是,B,agent,0.83,0.5,0.5,0.52,0.55,0.72,0.52,0.7,0.53,自住-改善,两室一厅,100,490,国企车间技术主任,二胎黄金期中大户型,上海中环品质两居，车位及空间极其拥挤,小区无地下车库且人车不分流，小孩在楼下玩耍或者推婴儿车极为不安全。,讲究超高得房率（超85%），主卧套房必须配备独立步入式衣帽间与干湿分离双卫。,主要在陆家嘴/徐家汇CBD上班，首选地铁2/9号线沿线，通勤半小时内。,倡导轻户外，周末常带家人自驾野营或山系徒步，注重生活情调与手作咖啡。,名下持有一套旧两居，置换回款 65% + 个人理财储蓄补充 + 公积金商业贷,重性价比，不盲信大牌，但要求物业管理有序、绿化修剪及时、人防技防规范。,常年本地稳定居住，工作日职住通勤动线规则单一。
上_1997_00652,上海,1997,教育型买房,46,男,0.8,6.8,0.4,12.8,2,1,是,B,social,0.77,0.56,0.49,0.43,0.59,0.68,0.58,0.96,0.59,学区房,一室一厅,65,1484,区财政局科员,三口之家(学龄段),上海中环品质两居，车位及空间极其拥挤,小区无地下车库且人车不分流，小孩在楼下玩耍或者推婴儿车极为不安全。,核心要求地块属于第一梯队名校学区，且周边500米内解决幼小衔接教育配套。,主要在陆家嘴/徐家汇CBD上班，首选地铁2/9号线沿线，通勤半小时内。,倡导轻户外，周末常带家人自驾野营或山系徒步，注重生活情调与手作咖啡。,名下持有一套旧两居，置换回款 65% + 个人理财储蓄补充 + 公积金商业贷,重性价比，不盲信大牌，但要求物业管理有序、绿化修剪及时、人防技防规范。,常年本地稳定居住，工作日职住通勤动线规则单一。
上_1997_00653,上海,1997,教育型买房,43,男,0.7,6.5,0.4,12.1,4,1,否,B,social,1,0.39,0.28,0.41,0.49,0.69,0.52,0.87,0.51,学区房,两室一厅,78,1303,邮政局局长秘书,三口之家(学龄段),上海中环品质两居，车位及空间极其拥挤,小区无地下车库且人车不分流，小孩在楼下玩耍或者推婴儿车极为不安全。,核心要求地块属于第一梯队名校学区，且周边500米内解决幼小衔接教育配套。,主要在陆家嘴/徐家汇CBD上班，首选地铁2/9号线沿线，通勤半小时内。,倡导轻户外，周末常带家人自驾野营或山系徒步，注重生活情调与手作咖啡。,名下持有一套旧两居，置换回款 65% + 个人理财储蓄补充 + 公积金商业贷,重性价比，不盲信大牌，但要求物业管理有序、绿化修剪及时、人防技防规范。,常年本地稳定居住，工作日职住通勤动线规则单一。
上_1997_00654,上海,1997,本地改善,40,男,0.5,3.6,0.45,6.0,4,3,否,B,agent,0.9,0.55,0.61,0.59,0.48,0.83,0.75,0.85,0.57,自住-改善,一室一厅,78,494,国企车间技术主任,二胎黄金期中大户型,上海中环品质两居，车位及空间极其拥挤,小区无地下车库且人车不分流，小孩在楼下玩耍或者推婴儿车极为不安全。,讲究超高得房率（超85%），主卧套房必须配备独立步入式衣帽间与干湿分离双卫。,主要在陆家嘴/徐家汇CBD上班，首选地铁2/9号线沿线，通勤半小时内。,倡导轻户外，周末常带家人自驾野营或山系徒步，注重生活情调与手作咖啡。,名下持有一套旧两居，置换回款 65% + 个人理财储蓄补充 + 公积金商业贷,重性价比，不盲信大牌，但要求物业管理有序、绿化修剪及时、人防技防规范。,常年本地稳定居住，工作日职住通勤动线规则单一。
上_1997_00655,上海,1997,本地改善,49,女,0.4,4.8,0.45,8.0,4,2,是,B,agent,0.97,0.46,0.71,0.5,0.54,0.61,0.54,0.7,0.46,自住-改善,两室两厅,99,491,邮政局局长秘书,二胎黄金期中大户型,上海中环品质两居，车位及空间极其拥挤,小区无地下车库且人车不分流，小孩在楼下玩耍或者推婴儿车极为不安全。,要求有超大面宽南向双阳台（观景家政分离），主卧大飘窗能270度直面自然景观。,主要在陆家嘴/徐家汇CBD上班，首选地铁2/9号线沿线，通勤半小时内。,倡导轻户外，周末常带家人自驾野营或山系徒步，注重生活情调与手作咖啡。,名下持有一套旧两居，置换回款 65% + 个人理财储蓄补充 + 公积金商业贷,重性价比，不盲信大牌，但要求物业管理有序、绿化修剪及时、人防技防规范。,常年本地稳定居住，工作日职住通勤动线规则单一。
上_1997_00656,上海,1997,本地改善,44,女,0.3,3.8,0.45,6.3,4,2,是,B,agent,0.89,0.51,0.66,0.47,0.58,0.9,0.57,0.59,0.39,自住-改善,一室一厅,89,367,国企车间技术主任,二胎黄金期中大户型,上海中环品质两居，车位及空间极其拥挤,小区无地下车库且人车不分流，小孩在楼下玩耍或者推婴儿车极为不安全。,讲究超高得房率（超85%），主卧套房必须配备独立步入式衣帽间与干湿分离双卫。,主要在陆家嘴/徐家汇CBD上班，首选地铁2/9号线沿线，通勤半小时内。,倡导轻户外，周末常带家人自驾野营或山系徒步，注重生活情调与手作咖啡。,名下持有一套旧两居，置换回款 65% + 个人理财储蓄补充 + 公积金商业贷,重性价比，不盲信大牌，但要求物业管理有序、绿化修剪及时、人防技防规范。,常年本地稳定居住，工作日职住通勤动线规则单一。
上_1997_00657,上海,1997,本地改善,56,女,0.5,5.2,0.45,8.7,5,2,否,B,agent,0.78,0.57,0.51,0.58,0.72,0.83,0.64,0.66,0.63,自住-改善,两室一厅,96,779,国企车间技术主任,二胎黄金期中大户型,上海中环品质两居，车位及空间极其拥挤,小区无地下车库且人车不分流，小孩在楼下玩耍或者推婴儿车极为不安全。,讲究超高得房率（超85%），主卧套房必须配备独立步入式衣帽间与干湿分离双卫。,主要在陆家嘴/徐家汇CBD上班，首选地铁2/9号线沿线，通勤半小时内。,倡导轻户外，周末常带家人自驾野营或山系徒步，注重生活情调与手作咖啡。,名下持有一套旧两居，置换回款 65% + 个人理财储蓄补充 + 公积金商业贷,重性价比，不盲信大牌，但要求物业管理有序、绿化修剪及时、人防技防规范。,常年本地稳定居住，工作日职住通勤动线规则单一。
上_1997_00658,上海,1997,本地改善,51,男,0.5,5.7,0.45,9.5,4,3,是,B,agent,0.62,0.42,0.56,0.43,0.64,0.9,0.54,0.74,0.61,自住-改善,一室一厅,51,1479,区财政局科员,二胎黄金期中大户型,上海中环品质两居，车位及空间极其拥挤,小区无地下车库且人车不分流，小孩在楼下玩耍或者推婴儿车极为不安全。,讲究超高得房率（超85%），主卧套房必须配备独立步入式衣帽间与干湿分离双卫。,主要在陆家嘴/徐家汇CBD上班，首选地铁2/9号线沿线，通勤半小时内。,倡导轻户外，周末常带家人自驾野营或山系徒步，注重生活情调与手作咖啡。,名下持有一套旧两居，置换回款 65% + 个人理财储蓄补充 + 公积金商业贷,重性价比，不盲信大牌，但要求物业管理有序、绿化修剪及时、人防技防规范。,常年本地稳定居住，工作日职住通勤动线规则单一。
上_1997_00659,上海,1997,本地改善,47,男,0.4,4.9,0.45,8.2,4,2,是,B,agent,0.73,0.49,0.51,0.48,0.58,0.84,0.83,0.77,0.62,自住-改善,两室两厅,78,808,国企车间技术主任,二胎黄金期中大户型,上海中环品质两居，车位及空间极其拥挤,小区无地下车库且人车不分流，小孩在楼下玩耍或者推婴儿车极为不安全。,讲究超高得房率（超85%），主卧套房必须配备独立步入式衣帽间与干湿分离双卫。,主要在陆家嘴/徐家汇CBD上班，首选地铁2/9号线沿线，通勤半小时内。,倡导轻户外，周末常带家人自驾野营或山系徒步，注重生活情调与手作咖啡。,名下持有一套旧两居，置换回款 65% + 个人理财储蓄补充 + 公积金商业贷,重性价比，不盲信大牌，但要求物业管理有序、绿化修剪及时、人防技防规范。,常年本地稳定居住，工作日职住通勤动线规则单一。
上_1997_00660,上海,1997,本地改善,40,男,0.4,5.3,0.45,8.9,4,2,是,B,agent,0.9,0.55,0.5,0.62,0.55,0.84,0.63,0.65,0.61,自住-改善,一室一厅,65,1095,区财政局科员,二胎黄金期中大户型,上海中环品质两居，车位及空间极其拥挤,小区无地下车库且人车不分流，小孩在楼下玩耍或者推婴儿车极为不安全。,讲究超高得房率（超85%），主卧套房必须配备独立步入式衣帽间与干湿分离双卫。,主要在陆家嘴/徐家汇CBD上班，首选地铁2/9号线沿线，通勤半小时内。,倡导轻户外，周末常带家人自驾野营或山系徒步，注重生活情调与手作咖啡。,名下持有一套旧两居，置换回款 65% + 个人理财储蓄补充 + 公积金商业贷,重性价比，不盲信大牌，但要求物业管理有序、绿化修剪及时、人防技防规范。,常年本地稳定居住，工作日职住通勤动线规则单一。
上_1997_00661,上海,1997,本地改善,48,女,0.4,3.9,0.45,6.5,5,2,否,B,agent,0.85,0.47,0.66,0.39,0.56,0.82,0.53,0.72,0.46,自住-改善,两室一厅,64,550,邮政局局长秘书,二胎黄金期中大户型,上海中环品质两居，车位及空间极其拥挤,小区无地下车库且人车不分流，小孩在楼下玩耍或者推婴儿车极为不安全。,讲究超高得房率（超85%），主卧套房必须配备独立步入式衣帽间与干湿分离双卫。,主要在陆家嘴/徐家汇CBD上班，首选地铁2/9号线沿线，通勤半小时内。,倡导轻户外，周末常带家人自驾野营或山系徒步，注重生活情调与手作咖啡。,名下持有一套旧两居，置换回款 65% + 个人理财储蓄补充 + 公积金商业贷,重性价比，不盲信大牌，但要求物业管理有序、绿化修剪及时、人防技防规范。,常年本地稳定居住，工作日职住通勤动线规则单一。
上_1997_00662,上海,1997,长三角家庭,54,女,0.5,3.8,0.45,6.4,5,2,是,B,agent,0.9,0.51,0.64,0.4,0.48,0.95,0.3,0.71,0.56,自住-首套,两室两厅,73,626,市第二中学地理教师,二胎黄金期中大户型,上海中环品质两居，车位及空间极其拥挤,小区无地下车库且人车不分流，小孩在楼下玩耍或者推婴儿车极为不安全。,讲究超高得房率（超85%），主卧套房必须配备独立步入式衣帽间与干湿分离双卫。,主要在陆家嘴/徐家汇CBD上班，首选地铁2/9号线沿线，通勤半小时内。,倡导轻户外，周末常带家人自驾野营或山系徒步，注重生活情调与手作咖啡。,夫妻双方积蓄 + 双方父母出资赞助首付 + 公积金商业组合贷款,重性价比，不盲信大牌，但要求物业管理有序、绿化修剪及时、人防技防规范。,常年本地稳定居住，工作日职住通勤动线规则单一。
上_1997_00663,上海,1997,本地改善,44,男,0.4,4.3,0.45,7.1,3,3,是,B,agent,0.6,0.43,0.63,0.54,0.52,0.84,0.58,0.66,0.71,自住-改善,一室一厅,88,436,国企车间技术主任,二胎黄金期中大户型,上海中环品质两居，车位及空间极其拥挤,小区无地下车库且人车不分流，小孩在楼下玩耍或者推婴儿车极为不安全。,讲究超高得房率（超85%），主卧套房必须配备独立步入式衣帽间与干湿分离双卫。,主要在陆家嘴/徐家汇CBD上班，首选地铁2/9号线沿线，通勤半小时内。,倡导轻户外，周末常带家人自驾野营或山系徒步，注重生活情调与手作咖啡。,名下持有一套旧两居，置换回款 65% + 个人理财储蓄补充 + 公积金商业贷,非仁恒、绿城、万科等金牌开发商不买，极度看重高端精装质量与顶级物业的增值口碑。,常年本地稳定居住，工作日职住通勤动线规则单一。
上_1997_00664,上海,1997,教育型买房,39,男,0.5,3.8,0.4,7.1,3,1,是,B,social,0.7,0.5,0.54,0.34,0.61,0.67,0.53,0.86,0.53,学区房,两室一厅,76,498,区财政局科员,三口之家(学龄段),上海中环品质两居，车位及空间极其拥挤,小区无地下车库且人车不分流，小孩在楼下玩耍或者推婴儿车极为不安全。,核心要求地块属于第一梯队名校学区，且周边500米内解决幼小衔接教育配套。,主要在陆家嘴/徐家汇CBD上班，首选地铁2/9号线沿线，通勤半小时内。,倡导轻户外，周末常带家人自驾野营或山系徒步，注重生活情调与手作咖啡。,名下持有一套旧两居，置换回款 65% + 个人理财储蓄补充 + 公积金商业贷,重性价比，不盲信大牌，但要求物业管理有序、绿化修剪及时、人防技防规范。,常年本地稳定居住，工作日职住通勤动线规则单一。
上_1997_00665,上海,1997,本地改善,53,男,0.5,4.2,0.45,7.0,4,2,否,B,agent,0.74,0.39,0.56,0.44,0.53,0.99,0.57,0.59,0.67,自住-改善,两室一厅,82,436,区财政局科员,二胎黄金期中大户型,上海中环品质两居，车位及空间极其拥挤,小区无地下车库且人车不分流，小孩在楼下玩耍或者推婴儿车极为不安全。,讲究超高得房率（超85%），主卧套房必须配备独立步入式衣帽间与干湿分离双卫。,主要在陆家嘴/徐家汇CBD上班，首选地铁2/9号线沿线，通勤半小时内。,倡导轻户外，周末常带家人自驾野营或山系徒步，注重生活情调与手作咖啡。,名下持有一套旧两居，置换回款 65% + 个人理财储蓄补充 + 公积金商业贷,重性价比，不盲信大牌，但要求物业管理有序、绿化修剪及时、人防技防规范。,常年本地稳定居住，工作日职住通勤动线规则单一。
上_1997_00666,上海,1997,教育型买房,47,女,0.7,4.6,0.4,8.6,2,1,否,B,social,0.69,0.42,0.47,0.36,0.46,0.67,0.47,0.81,0.56,学区房,一室一厅,80,868,邮政局局长秘书,三口之家(学龄段),上海中环品质两居，车位及空间极其拥挤,小区无地下车库且人车不分流，小孩在楼下玩耍或者推婴儿车极为不安全。,核心要求地块属于第一梯队名校学区，且周边500米内解决幼小衔接教育配套。,主要在陆家嘴/徐家汇CBD上班，首选地铁2/9号线沿线，通勤半小时内。,倡导轻户外，周末常带家人自驾野营或山系徒步，注重生活情调与手作咖啡。,名下持有一套旧两居，置换回款 65% + 个人理财储蓄补充 + 公积金商业贷,重性价比，不盲信大牌，但要求物业管理有序、绿化修剪及时、人防技防规范。,常年本地稳定居住，工作日职住通勤动线规则单一。
上_1997_00667,上海,1997,金融精英,36,男,0.5,5.3,0.4,10.0,3,1,否,A,research,0.81,0.53,0.74,0.49,0.67,0.65,0.61,0.87,0.75,自住-改善,一室一厅,64,1036,老牌证券公司营业部经理,三口之家(幼龄段),市中心私密洋房住宅,无高端私密会所及管家式物业配套，圈层鱼龙混杂，高净值居住体验差。,要求有超大面宽南向双阳台（观景家政分离），主卧大飘窗能270度直面自然景观。,主要在陆家嘴/徐家汇CBD上班，首选地铁2/9号线沿线，通勤半小时内。,周末常去高端商圈消费，热衷打网球和马术，重度手冲咖啡及黑胶唱片发烧友。,名下已有企业股权套现或分红现金，一次性全款付清，基本不加杠杆,非仁恒、绿城、万科等金牌开发商不买，极度看重高端精装质量与顶级物业的增值口碑。,常年本地稳定居住，工作日职住通勤动线规则单一。
上_1997_00668,上海,1997,长三角家庭,38,女,0.5,2.7,0.45,4.5,5,2,是,B,agent,0.44,0.57,0.54,0.57,0.44,0.75,0.46,0.65,0.55,自住-首套,一室一厅,86,426,区财政局科员,二胎黄金期中大户型,上海中环品质两居，车位及空间极其拥挤,小区无地下车库且人车不分流，小孩在楼下玩耍或者推婴儿车极为不安全。,讲究超高得房率（超85%），主卧套房必须配备独立步入式衣帽间与干湿分离双卫。,主要在陆家嘴/徐家汇CBD上班，首选地铁2/9号线沿线，通勤半小时内。,倡导轻户外，周末常带家人自驾野营或山系徒步，注重生活情调与手作咖啡。,夫妻双方积蓄 + 双方父母出资赞助首付 + 公积金商业组合贷款,重性价比，不盲信大牌，但要求物业管理有序、绿化修剪及时、人防技防规范。,常年本地稳定居住，工作日职住通勤动线规则单一。
上_1997_00669,上海,1997,本地改善,42,男,0.6,7.1,0.45,11.8,4,2,否,B,agent,0.61,0.48,0.65,0.66,0.39,0.83,0.56,0.81,0.63,自住-改善,一室一厅,59,1388,区财政局科员,二胎黄金期中大户型,上海中环品质两居，车位及空间极其拥挤,小区无地下车库且人车不分流，小孩在楼下玩耍或者推婴儿车极为不安全。,讲究超高得房率（超85%），主卧套房必须配备独立步入式衣帽间与干湿分离双卫。,主要在陆家嘴/徐家汇CBD上班，首选地铁2/9号线沿线，通勤半小时内。,倡导轻户外，周末常带家人自驾野营或山系徒步，注重生活情调与手作咖啡。,名下持有一套旧两居，置换回款 65% + 个人理财储蓄补充 + 公积金商业贷,重性价比，不盲信大牌，但要求物业管理有序、绿化修剪及时、人防技防规范。,常年本地稳定居住，工作日职住通勤动线规则单一。
上_1997_00670,上海,1997,外籍海归,30,男,0.4,3.8,0.4,7.0,3,1,否,A,social,0.93,0.59,0.66,0.45,0.7,0.66,0.57,0.79,0.74,自住-首套,两室两厅,71,545,合资日化企业技术主管,三口之家(幼龄段),市中心私密洋房住宅,无高端私密会所及管家式物业配套，圈层鱼龙混杂，高净值居住体验差。,核心要求地块属于第一梯队名校学区，且周边500米内解决幼小衔接教育配套。,主要在陆家嘴/徐家汇CBD上班，首选地铁2/9号线沿线，通勤半小时内。,周末常去高端商圈消费，热衷打网球和马术，重度手冲咖啡及黑胶唱片发烧友。,夫妻双方积蓄 + 双方父母出资赞助首付 + 公积金商业组合贷款,非仁恒、绿城、万科等金牌开发商不买，极度看重高端精装质量与顶级物业的增值口碑。,常年本地稳定居住，工作日职住通勤动线规则单一。
上_1997_00671,上海,1997,教育型买房,46,男,0.6,4.4,0.4,8.3,4,1,否,B,social,0.81,0.51,0.59,0.35,0.66,0.76,0.56,0.99,0.55,学区房,两室两厅,83,849,市第二中学地理教师,三口之家(学龄段),上海中环品质两居，车位及空间极其拥挤,小区无地下车库且人车不分流，小孩在楼下玩耍或者推婴儿车极为不安全。,讲究超高得房率（超85%），主卧套房必须配备独立步入式衣帽间与干湿分离双卫。,主要在陆家嘴/徐家汇CBD上班，首选地铁2/9号线沿线，通勤半小时内。,倡导轻户外，周末常带家人自驾野营或山系徒步，注重生活情调与手作咖啡。,名下持有一套旧两居，置换回款 65% + 个人理财储蓄补充 + 公积金商业贷,重性价比，不盲信大牌，但要求物业管理有序、绿化修剪及时、人防技防规范。,常年本地稳定居住，工作日职住通勤动线规则单一。
上_1997_00672,上海,1997,长三角家庭,42,女,0.3,2.8,0.45,4.7,4,2,否,B,agent,0.65,0.56,0.65,0.52,0.57,0.73,0.27,0.64,0.66,自住-首套,两室一厅,70,476,邮政局局长秘书,二胎黄金期中大户型,上海中环品质两居，车位及空间极其拥挤,小区无地下车库且人车不分流，小孩在楼下玩耍或者推婴儿车极为不安全。,讲究超高得房率（超85%），主卧套房必须配备独立步入式衣帽间与干湿分离双卫。,主要在陆家嘴/徐家汇CBD上班，首选地铁2/9号线沿线，通勤半小时内。,倡导轻户外，周末常带家人自驾野营或山系徒步，注重生活情调与手作咖啡。,夫妻双方积蓄 + 双方父母出资赞助首付 + 公积金商业组合贷款,重性价比，不盲信大牌，但要求物业管理有序、绿化修剪及时、人防技防规范。,常年本地稳定居住，工作日职住通勤动线规则单一。
上_1997_00673,上海,1997,长三角家庭,35,女,0.3,2.0,0.45,3.3,4,3,是,B,agent,0.65,0.44,0.44,0.48,0.44,0.97,0.39,0.6,0.81,自住-改善,一室一厅,80,270,区财政局科员,二胎黄金期中大户型,上海中环品质两居，车位及空间极其拥挤,小区无地下车库且人车不分流，小孩在楼下玩耍或者推婴儿车极为不安全。,讲究超高得房率（超85%），主卧套房必须配备独立步入式衣帽间与干湿分离双卫。,主要在陆家嘴/徐家汇CBD上班，首选地铁2/9号线沿线，通勤半小时内。,倡导轻户外，周末常带家人自驾野营或山系徒步，注重生活情调与手作咖啡。,名下持有一套旧两居，置换回款 65% + 个人理财储蓄补充 + 公积金商业贷,非仁恒、绿城、万科等金牌开发商不买，极度看重高端精装质量与顶级物业的增值口碑。,常年本地稳定居住，工作日职住通勤动线规则单一。
上_1997_00674,上海,1997,教育型买房,41,女,0.7,6.8,0.4,12.7,3,1,否,B,social,0.98,0.44,0.52,0.25,0.72,0.57,0.57,0.94,0.57,学区房,两室一厅,94,1061,国企车间技术主任,三口之家(学龄段),上海中环品质两居，车位及空间极其拥挤,小区无地下车库且人车不分流，小孩在楼下玩耍或者推婴儿车极为不安全。,核心要求地块属于第一梯队名校学区，且周边500米内解决幼小衔接教育配套。,主要在陆家嘴/徐家汇CBD上班，首选地铁2/9号线沿线，通勤半小时内。,倡导轻户外，周末常带家人自驾野营或山系徒步，注重生活情调与手作咖啡。,名下持有一套旧两居，置换回款 65% + 个人理财储蓄补充 + 公积金商业贷,重性价比，不盲信大牌，但要求物业管理有序、绿化修剪及时、人防技防规范。,常年本地稳定居住，工作日职住通勤动线规则单一。
上_1997_00675,上海,1997,本地改善,50,男,0.5,4.2,0.45,7.0,4,2,是,B,agent,0.76,0.67,0.52,0.47,0.62,0.86,0.7,0.68,0.48,自住-改善,两室一厅,89,527,区财政局科员,二胎黄金期中大户型,上海中环品质两居，车位及空间极其拥挤,小区无地下车库且人车不分流，小孩在楼下玩耍或者推婴儿车极为不安全。,讲究超高得房率（超85%），主卧套房必须配备独立步入式衣帽间与干湿分离双卫。,主要在陆家嘴/徐家汇CBD上班，首选地铁2/9号线沿线，通勤半小时内。,倡导轻户外，周末常带家人自驾野营或山系徒步，注重生活情调与手作咖啡。,名下持有一套旧两居，置换回款 65% + 个人理财储蓄补充 + 公积金商业贷,重性价比，不盲信大牌，但要求物业管理有序、绿化修剪及时、人防技防规范。,常年本地稳定居住，工作日职住通勤动线规则单一。
上_1997_00676,上海,1997,金融精英,42,女,1.3,10.5,0.4,19.6,3,1,否,A,research,0.97,0.37,0.56,0.64,0.83,0.85,0.64,0.64,0.77,自住-改善,两室一厅,99,1739,商业银行支行信贷科长,三口之家(学龄段),市中心私密洋房住宅,无高端私密会所及管家式物业配套，圈层鱼龙混杂，高净值居住体验差。,讲究超高得房率（超85%），主卧套房必须配备独立步入式衣帽间与干湿分离双卫。,主要在陆家嘴/徐家汇CBD上班，首选地铁2/9号线沿线，通勤半小时内。,周末常去高端商圈消费，热衷打网球和马术，重度手冲咖啡及黑胶唱片发烧友。,名下已有企业股权套现或分红现金，一次性全款付清，基本不加杠杆,非仁恒、绿城、万科等金牌开发商不买，极度看重高端精装质量与顶级物业的增值口碑。,常年本地稳定居住，工作日职住通勤动线规则单一。
上_1997_00677,上海,1997,本地改善,58,男,0.6,5.0,0.45,8.3,4,2,否,B,agent,0.68,0.42,0.7,0.58,0.51,0.79,0.66,0.78,0.61,自住-改善,两室一厅,69,609,邮政局局长秘书,二胎黄金期中大户型,上海中环品质两居，车位及空间极其拥挤,小区无地下车库且人车不分流，小孩在楼下玩耍或者推婴儿车极为不安全。,要求有超大面宽南向双阳台（观景家政分离），主卧大飘窗能270度直面自然景观。,主要在陆家嘴/徐家汇CBD上班，首选地铁2/9号线沿线，通勤半小时内。,倡导轻户外，周末常带家人自驾野营或山系徒步，注重生活情调与手作咖啡。,名下持有一套旧两居，置换回款 65% + 个人理财储蓄补充 + 公积金商业贷,重性价比，不盲信大牌，但要求物业管理有序、绿化修剪及时、人防技防规范。,常年本地稳定居住，工作日职住通勤动线规则单一。
上_1997_00678,上海,1997,教育型买房,44,男,0.5,3.5,0.4,6.5,3,1,否,B,social,1,0.43,0.23,0.51,0.65,0.73,0.43,0.82,0.57,学区房,两室一厅,52,880,国企车间技术主任,三口之家(学龄段),上海中环品质两居，车位及空间极其拥挤,小区无地下车库且人车不分流，小孩在楼下玩耍或者推婴儿车极为不安全。,讲究超高得房率（超85%），主卧套房必须配备独立步入式衣帽间与干湿分离双卫。,主要在陆家嘴/徐家汇CBD上班，首选地铁2/9号线沿线，通勤半小时内。,倡导轻户外，周末常带家人自驾野营或山系徒步，注重生活情调与手作咖啡。,名下持有一套旧两居，置换回款 65% + 个人理财储蓄补充 + 公积金商业贷,重性价比，不盲信大牌，但要求物业管理有序、绿化修剪及时、人防技防规范。,常年本地稳定居住，工作日职住通勤动线规则单一。
上_1997_00679,上海,1997,本地改善,54,男,0.6,5.0,0.45,8.3,4,1,否,B,agent,0.73,0.59,0.45,0.46,0.57,0.91,0.56,0.74,0.68,自住-改善,两室两厅,62,798,区财政局科员,三口之家(学龄段),上海中环品质两居，车位及空间极其拥挤,小区无地下车库且人车不分流，小孩在楼下玩耍或者推婴儿车极为不安全。,讲究超高得房率（超85%），主卧套房必须配备独立步入式衣帽间与干湿分离双卫。,主要在陆家嘴/徐家汇CBD上班，首选地铁2/9号线沿线，通勤半小时内。,倡导轻户外，周末常带家人自驾野营或山系徒步，注重生活情调与手作咖啡。,名下持有一套旧两居，置换回款 65% + 个人理财储蓄补充 + 公积金商业贷,重性价比，不盲信大牌，但要求物业管理有序、绿化修剪及时、人防技防规范。,常年本地稳定居住，工作日职住通勤动线规则单一。
上_1997_00680,上海,1997,本地改善,53,男,0.4,5.3,0.45,8.9,4,3,是,B,agent,0.7,0.51,0.59,0.39,0.38,0.83,0.7,0.71,0.6,自住-改善,两室两厅,53,1181,区财政局科员,二胎黄金期中大户型,上海中环品质两居，车位及空间极其拥挤,小区无地下车库且人车不分流，小孩在楼下玩耍或者推婴儿车极为不安全。,讲究超高得房率（超85%），主卧套房必须配备独立步入式衣帽间与干湿分离双卫。,主要在陆家嘴/徐家汇CBD上班，首选地铁2/9号线沿线，通勤半小时内。,倡导轻户外，周末常带家人自驾野营或山系徒步，注重生活情调与手作咖啡。,名下持有一套旧两居，置换回款 65% + 个人理财储蓄补充 + 公积金商业贷,重性价比，不盲信大牌，但要求物业管理有序、绿化修剪及时、人防技防规范。,常年本地稳定居住，工作日职住通勤动线规则单一。
上_1997_00681,上海,1997,长三角家庭,44,男,0.3,1.9,0.45,3.2,4,2,是,B,agent,0.74,0.62,0.64,0.47,0.52,0.83,0.42,0.68,0.66,自住-改善,两室一厅,92,176,市第二中学地理教师,二胎黄金期中大户型,上海中环品质两居，车位及空间极其拥挤,小区无地下车库且人车不分流，小孩在楼下玩耍或者推婴儿车极为不安全。,讲究超高得房率（超85%），主卧套房必须配备独立步入式衣帽间与干湿分离双卫。,主要在陆家嘴/徐家汇CBD上班，首选地铁2/9号线沿线，通勤半小时内。,倡导轻户外，周末常带家人自驾野营或山系徒步，注重生活情调与手作咖啡。,名下持有一套旧两居，置换回款 65% + 个人理财储蓄补充 + 公积金商业贷,重性价比，不盲信大牌，但要求物业管理有序、绿化修剪及时、人防技防规范。,常年本地稳定居住，工作日职住通勤动线规则单一。
上_1997_00682,上海,1997,金融精英,38,男,0.3,1.8,0.4,3.4,3,1,否,A,research,0.57,0.43,0.61,0.59,0.76,0.79,0.71,0.76,0.75,自住-改善,两室两厅,50,352,商业银行支行信贷科长,三口之家(学龄段),陆家嘴核心区江景大平层,无高端私密会所及管家式物业配套，圈层鱼龙混杂，高净值居住体验差。,讲究超高得房率（超85%），主卧套房必须配备独立步入式衣帽间与干湿分离双卫。,主要在陆家嘴/徐家汇CBD上班，首选地铁2/9号线沿线，通勤半小时内。,周末常去高端商圈消费，热衷打网球和马术，重度手冲咖啡及黑胶唱片发烧友。,名下已有企业股权套现或分红现金，一次性全款付清，基本不加杠杆,非仁恒、绿城、万科等金牌开发商不买，极度看重高端精装质量与顶级物业的增值口碑。,常年本地稳定居住，工作日职住通勤动线规则单一。
上_1997_00683,上海,1997,本地改善,41,男,0.3,2.4,0.45,3.9,3,2,否,B,agent,1,0.5,0.62,0.55,0.6,0.88,0.61,0.78,0.66,自住-改善,一室一厅,91,284,国企车间技术主任,二胎黄金期中大户型,上海中环品质两居，车位及空间极其拥挤,小区无地下车库且人车不分流，小孩在楼下玩耍或者推婴儿车极为不安全。,讲究超高得房率（超85%），主卧套房必须配备独立步入式衣帽间与干湿分离双卫。,主要在陆家嘴/徐家汇CBD上班，首选地铁2/9号线沿线，通勤半小时内。,倡导轻户外，周末常带家人自驾野营或山系徒步，注重生活情调与手作咖啡。,名下持有一套旧两居，置换回款 65% + 个人理财储蓄补充 + 公积金商业贷,重性价比，不盲信大牌，但要求物业管理有序、绿化修剪及时、人防技防规范。,常年本地稳定居住，工作日职住通勤动线规则单一。
上_1997_00684,上海,1997,教育型买房,33,男,0.6,5.7,0.4,10.6,1,1,否,B,social,0.91,0.42,0.42,0.43,0.54,0.72,0.53,1.0,0.59,学区房,一室一厅,71,1177,国企车间技术主任,三口之家(幼龄段),上海中环品质两居，车位及空间极其拥挤,小区无地下车库且人车不分流，小孩在楼下玩耍或者推婴儿车极为不安全。,讲究超高得房率（超85%），主卧套房必须配备独立步入式衣帽间与干湿分离双卫。,主要在陆家嘴/徐家汇CBD上班，首选地铁2/9号线沿线，通勤半小时内。,倡导轻户外，周末常带家人自驾野营或山系徒步，注重生活情调与手作咖啡。,名下持有一套旧两居，置换回款 65% + 个人理财储蓄补充 + 公积金商业贷,重性价比，不盲信大牌，但要求物业管理有序、绿化修剪及时、人防技防规范。,常年本地稳定居住，工作日职住通勤动线规则单一。
上_1997_00685,上海,1997,长三角家庭,38,女,0.4,2.5,0.45,4.1,3,2,是,B,agent,0.76,0.52,0.36,0.45,0.52,0.89,0.25,0.61,0.69,自住-首套,两室一厅,62,495,市第二中学地理教师,二胎黄金期中大户型,上海中环品质两居，车位及空间极其拥挤,小区无地下车库且人车不分流，小孩在楼下玩耍或者推婴儿车极为不安全。,讲究超高得房率（超85%），主卧套房必须配备独立步入式衣帽间与干湿分离双卫。,主要在陆家嘴/徐家汇CBD上班，首选地铁2/9号线沿线，通勤半小时内。,倡导轻户外，周末常带家人自驾野营或山系徒步，注重生活情调与手作咖啡。,夫妻双方积蓄 + 双方父母出资赞助首付 + 公积金商业组合贷款,重性价比，不盲信大牌，但要求物业管理有序、绿化修剪及时、人防技防规范。,常年本地稳定居住，工作日职住通勤动线规则单一。
上_1997_00686,上海,1997,教育型买房,32,女,0.6,5.8,0.4,10.9,3,1,是,B,social,0.91,0.51,0.41,0.48,0.57,0.75,0.65,1,0.68,学区房,一室一厅,64,911,邮政局局长秘书,三口之家(幼龄段),上海中环品质两居，车位及空间极其拥挤,小区无地下车库且人车不分流，小孩在楼下玩耍或者推婴儿车极为不安全。,讲究超高得房率（超85%），主卧套房必须配备独立步入式衣帽间与干湿分离双卫。,主要在陆家嘴/徐家汇CBD上班，首选地铁2/9号线沿线，通勤半小时内。,倡导轻户外，周末常带家人自驾野营或山系徒步，注重生活情调与手作咖啡。,名下持有一套旧两居，置换回款 65% + 个人理财储蓄补充 + 公积金商业贷,重性价比，不盲信大牌，但要求物业管理有序、绿化修剪及时、人防技防规范。,常年本地稳定居住，工作日职住通勤动线规则单一。
上_1997_00687,上海,1997,本地改善,56,男,0.3,2.5,0.45,4.1,4,3,否,B,agent,0.85,0.54,0.66,0.5,0.59,0.75,0.61,0.67,0.6,自住-改善,两室一厅,59,510,区财政局科员,二胎黄金期中大户型,上海中环品质两居，车位及空间极其拥挤,小区无地下车库且人车不分流，小孩在楼下玩耍或者推婴儿车极为不安全。,讲究超高得房率（超85%），主卧套房必须配备独立步入式衣帽间与干湿分离双卫。,主要在陆家嘴/徐家汇CBD上班，首选地铁2/9号线沿线，通勤半小时内。,倡导轻户外，周末常带家人自驾野营或山系徒步，注重生活情调与手作咖啡。,名下持有一套旧两居，置换回款 65% + 个人理财储蓄补充 + 公积金商业贷,重性价比，不盲信大牌，但要求物业管理有序、绿化修剪及时、人防技防规范。,常年本地稳定居住，工作日职住通勤动线规则单一。
上_1997_00688,上海,1997,本地改善,38,女,0.3,2.8,0.45,4.7,4,2,是,B,agent,0.61,0.58,0.52,0.51,0.59,0.77,0.72,0.73,0.8,自住-改善,一室一厅,65,648,国企车间技术主任,二胎黄金期中大户型,上海中环品质两居，车位及空间极其拥挤,小区无地下车库且人车不分流，小孩在楼下玩耍或者推婴儿车极为不安全。,讲究超高得房率（超85%），主卧套房必须配备独立步入式衣帽间与干湿分离双卫。,主要在陆家嘴/徐家汇CBD上班，首选地铁2/9号线沿线，通勤半小时内。,倡导轻户外，周末常带家人自驾野营或山系徒步，注重生活情调与手作咖啡。,名下持有一套旧两居，置换回款 65% + 个人理财储蓄补充 + 公积金商业贷,非仁恒、绿城、万科等金牌开发商不买，极度看重高端精装质量与顶级物业的增值口碑。,常年本地稳定居住，工作日职住通勤动线规则单一。
上_1997_00689,上海,1997,本地改善,50,男,0.4,4.2,0.45,7.0,4,2,否,B,agent,0.69,0.36,0.53,0.53,0.66,0.85,0.72,0.66,0.63,自住-改善,两室一厅,82,478,邮政局局长秘书,二胎黄金期中大户型,上海中环品质两居，车位及空间极其拥挤,小区无地下车库且人车不分流，小孩在楼下玩耍或者推婴儿车极为不安全。,讲究超高得房率（超85%），主卧套房必须配备独立步入式衣帽间与干湿分离双卫。,主要在陆家嘴/徐家汇CBD上班，首选地铁2/9号线沿线，通勤半小时内。,倡导轻户外，周末常带家人自驾野营或山系徒步，注重生活情调与手作咖啡。,名下持有一套旧两居，置换回款 65% + 个人理财储蓄补充 + 公积金商业贷,重性价比，不盲信大牌，但要求物业管理有序、绿化修剪及时、人防技防规范。,常年本地稳定居住，工作日职住通勤动线规则单一。
上_1997_00690,上海,1997,本地改善,55,男,0.7,5.9,0.45,9.9,4,2,是,B,agent,0.37,0.6,0.64,0.43,0.53,0.77,0.51,0.83,0.48,自住-改善,两室一厅,67,1191,市第二中学地理教师,二胎黄金期中大户型,上海中环品质两居，车位及空间极其拥挤,小区无地下车库且人车不分流，小孩在楼下玩耍或者推婴儿车极为不安全。,讲究超高得房率（超85%），主卧套房必须配备独立步入式衣帽间与干湿分离双卫。,主要在陆家嘴/徐家汇CBD上班，首选地铁2/9号线沿线，通勤半小时内。,倡导轻户外，周末常带家人自驾野营或山系徒步，注重生活情调与手作咖啡。,名下持有一套旧两居，置换回款 65% + 个人理财储蓄补充 + 公积金商业贷,重性价比，不盲信大牌，但要求物业管理有序、绿化修剪及时、人防技防规范。,常年本地稳定居住，工作日职住通勤动线规则单一。
上_1997_00691,上海,1997,教育型买房,33,女,0.5,4.3,0.4,8.1,4,2,是,B,social,0.79,0.54,0.59,0.4,0.7,0.72,0.55,1,0.62,学区房,一室一厅,91,765,区财政局科员,二胎黄金期中大户型,上海中环品质两居，车位及空间极其拥挤,小区无地下车库且人车不分流，小孩在楼下玩耍或者推婴儿车极为不安全。,讲究超高得房率（超85%），主卧套房必须配备独立步入式衣帽间与干湿分离双卫。,主要在陆家嘴/徐家汇CBD上班，首选地铁2/9号线沿线，通勤半小时内。,倡导轻户外，周末常带家人自驾野营或山系徒步，注重生活情调与手作咖啡。,名下持有一套旧两居，置换回款 65% + 个人理财储蓄补充 + 公积金商业贷,重性价比，不盲信大牌，但要求物业管理有序、绿化修剪及时、人防技防规范。,常年本地稳定居住，工作日职住通勤动线规则单一。
上_1997_00692,上海,1997,本地改善,42,男,0.4,3.9,0.45,6.5,6,2,否,B,agent,0.73,0.6,0.46,0.45,0.5,0.94,0.54,0.74,0.51,自住-改善,两室一厅,50,913,区财政局科员,二胎黄金期中大户型,上海中环品质两居，车位及空间极其拥挤,小区无地下车库且人车不分流，小孩在楼下玩耍或者推婴儿车极为不安全。,讲究超高得房率（超85%），主卧套房必须配备独立步入式衣帽间与干湿分离双卫。,主要在陆家嘴/徐家汇CBD上班，首选地铁2/9号线沿线，通勤半小时内。,倡导轻户外，周末常带家人自驾野营或山系徒步，注重生活情调与手作咖啡。,名下持有一套旧两居，置换回款 65% + 个人理财储蓄补充 + 公积金商业贷,重性价比，不盲信大牌，但要求物业管理有序、绿化修剪及时、人防技防规范。,常年本地稳定居住，工作日职住通勤动线规则单一。
上_1997_00693,上海,1997,教育型买房,44,女,0.5,2.9,0.4,5.3,3,1,是,B,social,0.96,0.56,0.47,0.51,0.48,0.73,0.48,1,0.68,学区房,两室一厅,51,868,区财政局科员,三口之家(学龄段),上海中环品质两居，车位及空间极其拥挤,小区无地下车库且人车不分流，小孩在楼下玩耍或者推婴儿车极为不安全。,讲究超高得房率（超85%），主卧套房必须配备独立步入式衣帽间与干湿分离双卫。,主要在陆家嘴/徐家汇CBD上班，首选地铁2/9号线沿线，通勤半小时内。,倡导轻户外，周末常带家人自驾野营或山系徒步，注重生活情调与手作咖啡。,名下持有一套旧两居，置换回款 65% + 个人理财储蓄补充 + 公积金商业贷,重性价比，不盲信大牌，但要求物业管理有序、绿化修剪及时、人防技防规范。,常年本地稳定居住，工作日职住通勤动线规则单一。
上_1997_00694,上海,1997,本地改善,58,女,0.6,6.7,0.45,11.2,5,1,是,B,agent,0.73,0.38,0.52,0.46,0.48,0.96,0.51,0.5,0.46,自住-改善,两室两厅,83,820,国企车间技术主任,三口之家(学龄段),上海中环品质两居，车位及空间极其拥挤,小区无地下车库且人车不分流，小孩在楼下玩耍或者推婴儿车极为不安全。,讲究超高得房率（超85%），主卧套房必须配备独立步入式衣帽间与干湿分离双卫。,主要在陆家嘴/徐家汇CBD上班，首选地铁2/9号线沿线，通勤半小时内。,倡导轻户外，周末常带家人自驾野营或山系徒步，注重生活情调与手作咖啡。,名下持有一套旧两居，置换回款 65% + 个人理财储蓄补充 + 公积金商业贷,重性价比，不盲信大牌，但要求物业管理有序、绿化修剪及时、人防技防规范。,常年本地稳定居住，工作日职住通勤动线规则单一。
上_1997_00695,上海,1997,教育型买房,33,女,0.6,5.1,0.4,9.5,3,1,否,B,social,0.84,0.63,0.48,0.43,0.63,0.73,0.54,0.92,0.64,学区房,两室一厅,93,652,邮政局局长秘书,三口之家(幼龄段),上海中环品质两居，车位及空间极其拥挤,小区无地下车库且人车不分流，小孩在楼下玩耍或者推婴儿车极为不安全。,讲究超高得房率（超85%），主卧套房必须配备独立步入式衣帽间与干湿分离双卫。,主要在陆家嘴/徐家汇CBD上班，首选地铁2/9号线沿线，通勤半小时内。,倡导轻户外，周末常带家人自驾野营或山系徒步，注重生活情调与手作咖啡。,名下持有一套旧两居，置换回款 65% + 个人理财储蓄补充 + 公积金商业贷,重性价比，不盲信大牌，但要求物业管理有序、绿化修剪及时、人防技防规范。,常年本地稳定居住，工作日职住通勤动线规则单一。
上_1997_00696,上海,1997,本地改善,46,女,0.4,4.4,0.45,7.3,4,3,是,B,agent,0.93,0.49,0.51,0.54,0.47,0.74,0.58,0.76,0.48,自住-改善,一室一厅,100,605,区财政局科员,二胎黄金期中大户型,上海中环品质两居，车位及空间极其拥挤,小区无地下车库且人车不分流，小孩在楼下玩耍或者推婴儿车极为不安全。,讲究超高得房率（超85%），主卧套房必须配备独立步入式衣帽间与干湿分离双卫。,主要在陆家嘴/徐家汇CBD上班，首选地铁2/9号线沿线，通勤半小时内。,倡导轻户外，周末常带家人自驾野营或山系徒步，注重生活情调与手作咖啡。,名下持有一套旧两居，置换回款 65% + 个人理财储蓄补充 + 公积金商业贷,重性价比，不盲信大牌，但要求物业管理有序、绿化修剪及时、人防技防规范。,常年本地稳定居住，工作日职住通勤动线规则单一。
上_1997_00697,上海,1997,教育型买房,48,女,0.7,6.2,0.4,11.6,3,1,是,B,social,0.73,0.56,0.43,0.41,0.55,0.72,0.59,0.92,0.47,学区房,两室一厅,85,998,市第二中学地理教师,三口之家(学龄段),上海中环品质两居，车位及空间极其拥挤,小区无地下车库且人车不分流，小孩在楼下玩耍或者推婴儿车极为不安全。,讲究超高得房率（超85%），主卧套房必须配备独立步入式衣帽间与干湿分离双卫。,主要在陆家嘴/徐家汇CBD上班，首选地铁2/9号线沿线，通勤半小时内。,倡导轻户外，周末常带家人自驾野营或山系徒步，注重生活情调与手作咖啡。,名下持有一套旧两居，置换回款 65% + 个人理财储蓄补充 + 公积金商业贷,重性价比，不盲信大牌，但要求物业管理有序、绿化修剪及时、人防技防规范。,常年本地稳定居住，工作日职住通勤动线规则单一。
上_1997_00698,上海,1997,本地改善,52,男,0.4,4.4,0.45,7.3,4,1,否,B,agent,0.56,0.35,0.62,0.39,0.6,0.91,0.71,0.8,0.66,自住-改善,一室一厅,74,766,市第二中学地理教师,三口之家(学龄段),上海中环品质两居，车位及空间极其拥挤,小区无地下车库且人车不分流，小孩在楼下玩耍或者推婴儿车极为不安全。,讲究超高得房率（超85%），主卧套房必须配备独立步入式衣帽间与干湿分离双卫。,主要在陆家嘴/徐家汇CBD上班，首选地铁2/9号线沿线，通勤半小时内。,倡导轻户外，周末常带家人自驾野营或山系徒步，注重生活情调与手作咖啡。,名下持有一套旧两居，置换回款 65% + 个人理财储蓄补充 + 公积金商业贷,重性价比，不盲信大牌，但要求物业管理有序、绿化修剪及时、人防技防规范。,常年本地稳定居住，工作日职住通勤动线规则单一。
上_1997_00699,上海,1997,本地改善,41,女,0.7,5.9,0.45,9.9,4,2,是,B,agent,0.91,0.55,0.49,0.35,0.42,0.89,0.61,0.64,0.73,自住-改善,一室一厅,81,1028,区财政局科员,二胎黄金期中大户型,上海中环品质两居，车位及空间极其拥挤,小区无地下车库且人车不分流，小孩在楼下玩耍或者推婴儿车极为不安全。,讲究超高得房率（超85%），主卧套房必须配备独立步入式衣帽间与干湿分离双卫。,主要在陆家嘴/徐家汇CBD上班，首选地铁2/9号线沿线，通勤半小时内。,倡导轻户外，周末常带家人自驾野营或山系徒步，注重生活情调与手作咖啡。,名下持有一套旧两居，置换回款 65% + 个人理财储蓄补充 + 公积金商业贷,非仁恒、绿城、万科等金牌开发商不买，极度看重高端精装质量与顶级物业的增值口碑。,常年本地稳定居住，工作日职住通勤动线规则单一。
上_1997_00700,上海,1997,本地改善,43,男,0.3,3.3,0.45,5.6,5,2,否,B,agent,0.92,0.44,0.53,0.52,0.35,0.91,0.64,0.72,0.62,自住-改善,一室一厅,63,633,市第二中学地理教师,二胎黄金期中大户型,上海中环品质两居，车位及空间极其拥挤,小区无地下车库且人车不分流，小孩在楼下玩耍或者推婴儿车极为不安全。,讲究超高得房率（超85%），主卧套房必须配备独立步入式衣帽间与干湿分离双卫。,主要在陆家嘴/徐家汇CBD上班，首选地铁2/9号线沿线，通勤半小时内。,倡导轻户外，周末常带家人自驾野营或山系徒步，注重生活情调与手作咖啡。,名下持有一套旧两居，置换回款 65% + 个人理财储蓄补充 + 公积金商业贷,重性价比，不盲信大牌，但要求物业管理有序、绿化修剪及时、人防技防规范。,常年本地稳定居住，工作日职住通勤动线规则单一。
上_1997_00701,上海,1997,金融精英,48,男,1.1,6.5,0.4,12.1,4,1,否,A,research,0.93,0.42,0.77,0.65,0.81,0.86,0.69,0.88,0.78,自住-首套,两室两厅,67,1320,老牌证券公司营业部经理,三口之家(学龄段),市中心私密洋房住宅,无高端私密会所及管家式物业配套，圈层鱼龙混杂，高净值居住体验差。,要求有超大面宽南向双阳台（观景家政分离），主卧大飘窗能270度直面自然景观。,主要在陆家嘴/徐家汇CBD上班，首选地铁2/9号线沿线，通勤半小时内。,周末常去高端商圈消费，热衷打网球和马术，重度手冲咖啡及黑胶唱片发烧友。,夫妻双方积蓄 + 双方父母出资赞助首付 + 公积金商业组合贷款,非仁恒、绿城、万科等金牌开发商不买，极度看重高端精装质量与顶级物业的增值口碑。,常年本地稳定居住，工作日职住通勤动线规则单一。
上_1997_00702,上海,1997,教育型买房,40,女,0.4,3.8,0.4,7.0,3,1,是,B,social,0.78,0.47,0.4,0.29,0.68,0.67,0.61,0.95,0.51,学区房,两室一厅,51,715,区财政局科员,三口之家(学龄段),上海中环品质两居，车位及空间极其拥挤,小区无地下车库且人车不分流，小孩在楼下玩耍或者推婴儿车极为不安全。,核心要求地块属于第一梯队名校学区，且周边500米内解决幼小衔接教育配套。,主要在陆家嘴/徐家汇CBD上班，首选地铁2/9号线沿线，通勤半小时内。,倡导轻户外，周末常带家人自驾野营或山系徒步，注重生活情调与手作咖啡。,名下持有一套旧两居，置换回款 65% + 个人理财储蓄补充 + 公积金商业贷,重性价比，不盲信大牌，但要求物业管理有序、绿化修剪及时、人防技防规范。,常年本地稳定居住，工作日职住通勤动线规则单一。
上_1997_00703,上海,1997,金融精英,44,女,1.0,7.9,0.4,14.9,3,1,否,A,research,0.63,0.55,0.58,0.56,0.72,0.71,0.73,0.71,0.95,自住-改善,两室两厅,62,1917,商业银行支行信贷科长,三口之家(学龄段),陆家嘴核心区江景大平层,无高端私密会所及管家式物业配套，圈层鱼龙混杂，高净值居住体验差。,讲究超高得房率（超85%），主卧套房必须配备独立步入式衣帽间与干湿分离双卫。,主要在陆家嘴/徐家汇CBD上班，首选地铁2/9号线沿线，通勤半小时内。,周末常去高端商圈消费，热衷打网球和马术，重度手冲咖啡及黑胶唱片发烧友。,名下已有企业股权套现或分红现金，一次性全款付清，基本不加杠杆,非仁恒、绿城、万科等金牌开发商不买，极度看重高端精装质量与顶级物业的增值口碑。,常年本地稳定居住，工作日职住通勤动线规则单一。
上_1997_00704,上海,1997,本地改善,51,女,0.3,2.7,0.45,4.5,4,2,是,B,agent,0.82,0.54,0.48,0.47,0.52,0.88,0.67,0.74,0.73,自住-改善,两室一厅,52,536,国企车间技术主任,二胎黄金期中大户型,上海中环品质两居，车位及空间极其拥挤,小区无地下车库且人车不分流，小孩在楼下玩耍或者推婴儿车极为不安全。,讲究超高得房率（超85%），主卧套房必须配备独立步入式衣帽间与干湿分离双卫。,主要在陆家嘴/徐家汇CBD上班，首选地铁2/9号线沿线，通勤半小时内。,倡导轻户外，周末常带家人自驾野营或山系徒步，注重生活情调与手作咖啡。,名下持有一套旧两居，置换回款 65% + 个人理财储蓄补充 + 公积金商业贷,非仁恒、绿城、万科等金牌开发商不买，极度看重高端精装质量与顶级物业的增值口碑。,常年本地稳定居住，工作日职住通勤动线规则单一。
上_1997_00705,上海,1997,金融精英,50,女,0.6,5.1,0.4,9.5,3,1,否,A,research,0.79,0.5,0.52,0.64,0.8,0.64,0.62,0.88,0.71,自住-改善,两室两厅,52,1608,老牌证券公司营业部经理,三口之家(学龄段),市中心私密洋房住宅,无高端私密会所及管家式物业配套，圈层鱼龙混杂，高净值居住体验差。,核心要求地块属于第一梯队名校学区，且周边500米内解决幼小衔接教育配套。,主要在陆家嘴/徐家汇CBD上班，首选地铁2/9号线沿线，通勤半小时内。,周末常去高端商圈消费，热衷打网球和马术，重度手冲咖啡及黑胶唱片发烧友。,名下已有企业股权套现或分红现金，一次性全款付清，基本不加杠杆,非仁恒、绿城、万科等金牌开发商不买，极度看重高端精装质量与顶级物业的增值口碑。,常年本地稳定居住，工作日职住通勤动线规则单一。
上_1997_00706,上海,1997,教育型买房,46,男,0.5,3.4,0.4,6.4,3,2,是,B,social,0.86,0.42,0.61,0.37,0.6,0.7,0.47,1,0.57,学区房,一室一厅,70,571,国企车间技术主任,二胎黄金期中大户型,上海中环品质两居，车位及空间极其拥挤,小区无地下车库且人车不分流，小孩在楼下玩耍或者推婴儿车极为不安全。,核心要求地块属于第一梯队名校学区，且周边500米内解决幼小衔接教育配套。,主要在陆家嘴/徐家汇CBD上班，首选地铁2/9号线沿线，通勤半小时内。,倡导轻户外，周末常带家人自驾野营或山系徒步，注重生活情调与手作咖啡。,名下持有一套旧两居，置换回款 65% + 个人理财储蓄补充 + 公积金商业贷,重性价比，不盲信大牌，但要求物业管理有序、绿化修剪及时、人防技防规范。,常年本地稳定居住，工作日职住通勤动线规则单一。
上_1997_00707,上海,1997,长三角家庭,38,男,0.4,2.2,0.45,3.7,4,2,否,B,agent,0.99,0.77,0.48,0.59,0.5,0.87,0.5,0.77,0.82,自住-改善,一室一厅,95,211,区财政局科员,二胎黄金期中大户型,上海中环品质两居，车位及空间极其拥挤,小区无地下车库且人车不分流，小孩在楼下玩耍或者推婴儿车极为不安全。,讲究超高得房率（超85%），主卧套房必须配备独立步入式衣帽间与干湿分离双卫。,主要在陆家嘴/徐家汇CBD上班，首选地铁2/9号线沿线，通勤半小时内。,倡导轻户外，周末常带家人自驾野营或山系徒步，注重生活情调与手作咖啡。,名下持有一套旧两居，置换回款 65% + 个人理财储蓄补充 + 公积金商业贷,非仁恒、绿城、万科等金牌开发商不买，极度看重高端精装质量与顶级物业的增值口碑。,常年本地稳定居住，工作日职住通勤动线规则单一。
上_1997_00708,上海,1997,教育型买房,47,女,0.8,7.5,0.4,14.0,4,0,是,B,social,0.43,0.52,0.42,0.34,0.58,0.62,0.57,0.87,0.59,学区房,两室两厅,86,869,市第二中学地理教师,成熟期核心家庭,上海中环品质两居，车位及空间极其拥挤,当前房屋属于旧多层无电梯房，父母年纪渐高每天爬楼梯极为吃力。,核心要求地块属于第一梯队名校学区，且周边500米内解决幼小衔接教育配套。,主要在陆家嘴/徐家汇CBD上班，首选地铁2/9号线沿线，通勤半小时内。,倡导轻户外，周末常带家人自驾野营或山系徒步，注重生活情调与手作咖啡。,名下持有一套旧两居，置换回款 65% + 个人理财储蓄补充 + 公积金商业贷,重性价比，不盲信大牌，但要求物业管理有序、绿化修剪及时、人防技防规范。,常年本地稳定居住，工作日职住通勤动线规则单一。
上_1997_00709,上海,1997,本地改善,53,男,0.5,6.6,0.45,11.1,3,2,是,B,agent,0.88,0.55,0.54,0.49,0.55,0.75,0.6,0.72,0.66,自住-改善,两室一厅,55,1498,国企车间技术主任,二胎黄金期中大户型,上海中环品质两居，车位及空间极其拥挤,小区无地下车库且人车不分流，小孩在楼下玩耍或者推婴儿车极为不安全。,讲究超高得房率（超85%），主卧套房必须配备独立步入式衣帽间与干湿分离双卫。,主要在陆家嘴/徐家汇CBD上班，首选地铁2/9号线沿线，通勤半小时内。,倡导轻户外，周末常带家人自驾野营或山系徒步，注重生活情调与手作咖啡。,名下持有一套旧两居，置换回款 65% + 个人理财储蓄补充 + 公积金商业贷,重性价比，不盲信大牌，但要求物业管理有序、绿化修剪及时、人防技防规范。,常年本地稳定居住，工作日职住通勤动线规则单一。
上_1997_00710,上海,1997,教育型买房,47,女,0.6,6.2,0.4,11.6,3,1,是,B,social,0.91,0.48,0.51,0.25,0.51,0.76,0.61,1,0.68,学区房,一室一厅,95,636,邮政局局长秘书,三口之家(学龄段),上海中环品质两居，车位及空间极其拥挤,小区无地下车库且人车不分流，小孩在楼下玩耍或者推婴儿车极为不安全。,讲究超高得房率（超85%），主卧套房必须配备独立步入式衣帽间与干湿分离双卫。,主要在陆家嘴/徐家汇CBD上班，首选地铁2/9号线沿线，通勤半小时内。,倡导轻户外，周末常带家人自驾野营或山系徒步，注重生活情调与手作咖啡。,名下持有一套旧两居，置换回款 65% + 个人理财储蓄补充 + 公积金商业贷,重性价比，不盲信大牌，但要求物业管理有序、绿化修剪及时、人防技防规范。,常年本地稳定居住，工作日职住通勤动线规则单一。
上_1997_00711,上海,1997,外籍海归,33,男,0.4,2.9,0.4,5.5,3,2,否,A,social,0.71,0.36,0.5,0.55,0.78,0.78,0.54,0.74,0.86,自住-首套,两室一厅,54,513,外企驻沪办事处代表,二胎黄金期中大户型,西湖边高精平层,无高端私密会所及管家式物业配套，圈层鱼龙混杂，高净值居住体验差。,讲究超高得房率（超85%），主卧套房必须配备独立步入式衣帽间与干湿分离双卫。,主要在陆家嘴/徐家汇CBD上班，首选地铁2/9号线沿线，通勤半小时内。,周末常去高端商圈消费，热衷打网球和马术，重度手冲咖啡及黑胶唱片发烧友。,夫妻双方积蓄 + 双方父母出资赞助首付 + 公积金商业组合贷款,非仁恒、绿城、万科等金牌开发商不买，极度看重高端精装质量与顶级物业的增值口碑。,常年本地稳定居住，工作日职住通勤动线规则单一。
上_1997_00712,上海,1997,外籍海归,36,女,0.9,5.7,0.4,10.7,3,1,是,A,social,0.8,0.57,0.61,0.46,0.67,0.63,0.69,0.76,0.68,自住-首套,一室一厅,99,642,外企驻沪办事处代表,三口之家(幼龄段),陆家嘴核心区江景大平层,当前房屋属于旧多层无电梯房，父母年纪渐高每天爬楼梯极为吃力。,核心要求地块属于第一梯队名校学区，且周边500米内解决幼小衔接教育配套。,主要在陆家嘴/徐家汇CBD上班，首选地铁2/9号线沿线，通勤半小时内。,周末常去高端商圈消费，热衷打网球和马术，重度手冲咖啡及黑胶唱片发烧友。,夫妻双方积蓄 + 双方父母出资赞助首付 + 公积金商业组合贷款,重性价比，不盲信大牌，但要求物业管理有序、绿化修剪及时、人防技防规范。,常年本地稳定居住，工作日职住通勤动线规则单一。
上_1997_00713,上海,1997,本地改善,42,女,0.4,3.8,0.45,6.4,5,2,否,B,agent,0.85,0.46,0.56,0.6,0.4,1,0.52,0.65,0.68,自住-改善,两室一厅,62,881,邮政局局长秘书,二胎黄金期中大户型,上海中环品质两居，车位及空间极其拥挤,小区无地下车库且人车不分流，小孩在楼下玩耍或者推婴儿车极为不安全。,讲究超高得房率（超85%），主卧套房必须配备独立步入式衣帽间与干湿分离双卫。,主要在陆家嘴/徐家汇CBD上班，首选地铁2/9号线沿线，通勤半小时内。,倡导轻户外，周末常带家人自驾野营或山系徒步，注重生活情调与手作咖啡。,名下持有一套旧两居，置换回款 65% + 个人理财储蓄补充 + 公积金商业贷,重性价比，不盲信大牌，但要求物业管理有序、绿化修剪及时、人防技防规范。,常年本地稳定居住，工作日职住通勤动线规则单一。
上_1997_00714,上海,1997,本地改善,50,男,0.5,5.2,0.45,8.7,5,1,否,B,agent,0.64,0.63,0.51,0.47,0.59,0.87,0.66,0.73,0.62,自住-改善,一室一厅,69,863,国企车间技术主任,三口之家(学龄段),上海中环品质两居，车位及空间极其拥挤,小区无地下车库且人车不分流，小孩在楼下玩耍或者推婴儿车极为不安全。,讲究超高得房率（超85%），主卧套房必须配备独立步入式衣帽间与干湿分离双卫。,主要在陆家嘴/徐家汇CBD上班，首选地铁2/9号线沿线，通勤半小时内。,倡导轻户外，周末常带家人自驾野营或山系徒步，注重生活情调与手作咖啡。,名下持有一套旧两居，置换回款 65% + 个人理财储蓄补充 + 公积金商业贷,重性价比，不盲信大牌，但要求物业管理有序、绿化修剪及时、人防技防规范。,常年本地稳定居住，工作日职住通勤动线规则单一。
上_1997_00715,上海,1997,本地改善,46,女,0.4,4.6,0.45,7.6,5,2,否,B,agent,0.8,0.43,0.6,0.43,0.54,0.76,0.66,0.75,0.64,自住-改善,一室一厅,91,697,国企车间技术主任,二胎黄金期中大户型,上海中环品质两居，车位及空间极其拥挤,小区无地下车库且人车不分流，小孩在楼下玩耍或者推婴儿车极为不安全。,讲究超高得房率（超85%），主卧套房必须配备独立步入式衣帽间与干湿分离双卫。,主要在陆家嘴/徐家汇CBD上班，首选地铁2/9号线沿线，通勤半小时内。,倡导轻户外，周末常带家人自驾野营或山系徒步，注重生活情调与手作咖啡。,名下持有一套旧两居，置换回款 65% + 个人理财储蓄补充 + 公积金商业贷,重性价比，不盲信大牌，但要求物业管理有序、绿化修剪及时、人防技防规范。,常年本地稳定居住，工作日职住通勤动线规则单一。
上_1997_00716,上海,1997,本地改善,40,女,0.6,7.6,0.45,12.7,4,1,否,B,agent,0.5,0.52,0.59,0.52,0.67,0.91,0.55,0.82,0.64,自住-改善,两室两厅,92,1185,邮政局局长秘书,三口之家(学龄段),上海中环品质两居，车位及空间极其拥挤,小区无地下车库且人车不分流，小孩在楼下玩耍或者推婴儿车极为不安全。,讲究超高得房率（超85%），主卧套房必须配备独立步入式衣帽间与干湿分离双卫。,主要在陆家嘴/徐家汇CBD上班，首选地铁2/9号线沿线，通勤半小时内。,倡导轻户外，周末常带家人自驾野营或山系徒步，注重生活情调与手作咖啡。,名下持有一套旧两居，置换回款 65% + 个人理财储蓄补充 + 公积金商业贷,重性价比，不盲信大牌，但要求物业管理有序、绿化修剪及时、人防技防规范。,常年本地稳定居住，工作日职住通勤动线规则单一。
上_1997_00717,上海,1997,本地改善,38,女,0.4,4.7,0.45,7.9,4,2,否,B,agent,0.88,0.53,0.51,0.36,0.44,0.82,0.67,0.7,0.65,自住-改善,两室两厅,86,672,邮政局局长秘书,二胎黄金期中大户型,上海中环品质两居，车位及空间极其拥挤,小区无地下车库且人车不分流，小孩在楼下玩耍或者推婴儿车极为不安全。,讲究超高得房率（超85%），主卧套房必须配备独立步入式衣帽间与干湿分离双卫。,主要在陆家嘴/徐家汇CBD上班，首选地铁2/9号线沿线，通勤半小时内。,倡导轻户外，周末常带家人自驾野营或山系徒步，注重生活情调与手作咖啡。,名下持有一套旧两居，置换回款 65% + 个人理财储蓄补充 + 公积金商业贷,重性价比，不盲信大牌，但要求物业管理有序、绿化修剪及时、人防技防规范。,常年本地稳定居住，工作日职住通勤动线规则单一。
上_1997_00718,上海,1997,本地改善,39,女,0.4,3.8,0.45,6.3,4,2,是,B,agent,0.79,0.51,0.52,0.52,0.5,0.89,0.7,0.84,0.64,自住-改善,一室一厅,64,497,国企车间技术主任,二胎黄金期中大户型,上海中环品质两居，车位及空间极其拥挤,小区无地下车库且人车不分流，小孩在楼下玩耍或者推婴儿车极为不安全。,讲究超高得房率（超85%），主卧套房必须配备独立步入式衣帽间与干湿分离双卫。,主要在陆家嘴/徐家汇CBD上班，首选地铁2/9号线沿线，通勤半小时内。,倡导轻户外，周末常带家人自驾野营或山系徒步，注重生活情调与手作咖啡。,名下持有一套旧两居，置换回款 65% + 个人理财储蓄补充 + 公积金商业贷,重性价比，不盲信大牌，但要求物业管理有序、绿化修剪及时、人防技防规范。,常年本地稳定居住，工作日职住通勤动线规则单一。
上_1997_00719,上海,1997,金融精英,39,男,1.2,7.1,0.4,13.3,3,1,否,A,research,0.8,0.35,0.62,0.63,0.83,0.7,0.7,0.83,0.8,自住-改善,两室两厅,63,1581,老牌证券公司营业部经理,三口之家(学龄段),西湖边高精平层,无高端私密会所及管家式物业配套，圈层鱼龙混杂，高净值居住体验差。,讲究超高得房率（超85%），主卧套房必须配备独立步入式衣帽间与干湿分离双卫。,主要在陆家嘴/徐家汇CBD上班，首选地铁2/9号线沿线，通勤半小时内。,周末常去高端商圈消费，热衷打网球和马术，重度手冲咖啡及黑胶唱片发烧友。,名下已有企业股权套现或分红现金，一次性全款付清，基本不加杠杆,非仁恒、绿城、万科等金牌开发商不买，极度看重高端精装质量与顶级物业的增值口碑。,常年本地稳定居住，工作日职住通勤动线规则单一。
上_1997_00720,上海,1997,本地改善,49,女,0.5,5.1,0.45,8.5,3,1,是,B,agent,0.84,0.46,0.55,0.48,0.56,0.92,0.58,0.74,0.57,自住-改善,两室一厅,60,898,邮政局局长秘书,三口之家(学龄段),上海中环品质两居，车位及空间极其拥挤,小区无地下车库且人车不分流，小孩在楼下玩耍或者推婴儿车极为不安全。,讲究超高得房率（超85%），主卧套房必须配备独立步入式衣帽间与干湿分离双卫。,主要在陆家嘴/徐家汇CBD上班，首选地铁2/9号线沿线，通勤半小时内。,倡导轻户外，周末常带家人自驾野营或山系徒步，注重生活情调与手作咖啡。,名下持有一套旧两居，置换回款 65% + 个人理财储蓄补充 + 公积金商业贷,重性价比，不盲信大牌，但要求物业管理有序、绿化修剪及时、人防技防规范。,常年本地稳定居住，工作日职住通勤动线规则单一。
上_1997_00721,上海,1997,金融精英,41,男,1.1,7.5,0.4,14.1,3,1,否,A,research,0.96,0.44,0.79,0.63,0.55,0.75,0.72,0.89,0.83,自住-改善,两室一厅,92,806,申银万国证券分析员,三口之家(学龄段),西湖边高精平层,无高端私密会所及管家式物业配套，圈层鱼龙混杂，高净值居住体验差。,要求有超大面宽南向双阳台（观景家政分离），主卧大飘窗能270度直面自然景观。,主要在陆家嘴/徐家汇CBD上班，首选地铁2/9号线沿线，通勤半小时内。,周末常去高端商圈消费，热衷打网球和马术，重度手冲咖啡及黑胶唱片发烧友。,名下已有企业股权套现或分红现金，一次性全款付清，基本不加杠杆,非仁恒、绿城、万科等金牌开发商不买，极度看重高端精装质量与顶级物业的增值口碑。,常年本地稳定居住，工作日职住通勤动线规则单一。
上_1997_00722,上海,1997,本地改善,46,女,0.3,3.8,0.45,6.3,4,3,否,B,agent,0.82,0.51,0.7,0.47,0.48,1,0.54,0.52,0.49,自住-改善,一室一厅,78,518,国企车间技术主任,二胎黄金期中大户型,上海中环品质两居，车位及空间极其拥挤,小区无地下车库且人车不分流，小孩在楼下玩耍或者推婴儿车极为不安全。,要求有超大面宽南向双阳台（观景家政分离），主卧大飘窗能270度直面自然景观。,主要在陆家嘴/徐家汇CBD上班，首选地铁2/9号线沿线，通勤半小时内。,倡导轻户外，周末常带家人自驾野营或山系徒步，注重生活情调与手作咖啡。,名下持有一套旧两居，置换回款 65% + 个人理财储蓄补充 + 公积金商业贷,重性价比，不盲信大牌，但要求物业管理有序、绿化修剪及时、人防技防规范。,常年本地稳定居住，工作日职住通勤动线规则单一。
上_1997_00723,上海,1997,金融精英,44,女,0.6,5.1,0.4,9.6,3,1,否,A,research,0.62,0.6,0.74,0.62,0.74,0.77,0.85,0.72,0.67,自住-首套,一室一厅,82,884,老牌证券公司营业部经理,三口之家(学龄段),西湖边高精平层,无高端私密会所及管家式物业配套，圈层鱼龙混杂，高净值居住体验差。,要求有超大面宽南向双阳台（观景家政分离），主卧大飘窗能270度直面自然景观。,主要在陆家嘴/徐家汇CBD上班，首选地铁2/9号线沿线，通勤半小时内。,周末常去高端商圈消费，热衷打网球和马术，重度手冲咖啡及黑胶唱片发烧友。,夫妻双方积蓄 + 双方父母出资赞助首付 + 公积金商业组合贷款,重性价比，不盲信大牌，但要求物业管理有序、绿化修剪及时、人防技防规范。,常年本地稳定居住，工作日职住通勤动线规则单一。
上_1997_00724,上海,1997,教育型买房,42,男,0.4,3.2,0.4,6.0,3,2,否,B,social,1,0.46,0.49,0.34,0.55,0.73,0.47,1,0.51,学区房,两室两厅,94,413,邮政局局长秘书,二胎黄金期中大户型,上海中环品质两居，车位及空间极其拥挤,小区无地下车库且人车不分流，小孩在楼下玩耍或者推婴儿车极为不安全。,讲究超高得房率（超85%），主卧套房必须配备独立步入式衣帽间与干湿分离双卫。,主要在陆家嘴/徐家汇CBD上班，首选地铁2/9号线沿线，通勤半小时内。,倡导轻户外，周末常带家人自驾野营或山系徒步，注重生活情调与手作咖啡。,名下持有一套旧两居，置换回款 65% + 个人理财储蓄补充 + 公积金商业贷,重性价比，不盲信大牌，但要求物业管理有序、绿化修剪及时、人防技防规范。,常年本地稳定居住，工作日职住通勤动线规则单一。
上_1997_00725,上海,1997,本地改善,53,女,0.7,6.5,0.45,10.8,5,3,否,B,agent,1,0.52,0.54,0.61,0.6,0.75,0.64,0.54,0.55,自住-改善,两室一厅,99,592,邮政局局长秘书,二胎黄金期中大户型,上海中环品质两居，车位及空间极其拥挤,小区无地下车库且人车不分流，小孩在楼下玩耍或者推婴儿车极为不安全。,讲究超高得房率（超85%），主卧套房必须配备独立步入式衣帽间与干湿分离双卫。,主要在陆家嘴/徐家汇CBD上班，首选地铁2/9号线沿线，通勤半小时内。,倡导轻户外，周末常带家人自驾野营或山系徒步，注重生活情调与手作咖啡。,名下持有一套旧两居，置换回款 65% + 个人理财储蓄补充 + 公积金商业贷,重性价比，不盲信大牌，但要求物业管理有序、绿化修剪及时、人防技防规范。,常年本地稳定居住，工作日职住通勤动线规则单一。
上_1997_00726,上海,1997,教育型买房,45,女,0.3,2.8,0.4,5.2,4,1,否,B,social,0.91,0.47,0.58,0.38,0.53,0.72,0.56,0.79,0.64,学区房,两室一厅,68,458,国企车间技术主任,三口之家(学龄段),上海中环品质两居，车位及空间极其拥挤,小区无地下车库且人车不分流，小孩在楼下玩耍或者推婴儿车极为不安全。,讲究超高得房率（超85%），主卧套房必须配备独立步入式衣帽间与干湿分离双卫。,主要在陆家嘴/徐家汇CBD上班，首选地铁2/9号线沿线，通勤半小时内。,倡导轻户外，周末常带家人自驾野营或山系徒步，注重生活情调与手作咖啡。,名下持有一套旧两居，置换回款 65% + 个人理财储蓄补充 + 公积金商业贷,重性价比，不盲信大牌，但要求物业管理有序、绿化修剪及时、人防技防规范。,常年本地稳定居住，工作日职住通勤动线规则单一。
上_1997_00727,上海,1997,本地改善,47,男,0.4,3.3,0.45,5.4,4,2,是,B,agent,0.56,0.39,0.75,0.42,0.51,0.87,0.65,0.58,0.52,自住-改善,一室一厅,62,733,邮政局局长秘书,二胎黄金期中大户型,上海中环品质两居，车位及空间极其拥挤,小区无地下车库且人车不分流，小孩在楼下玩耍或者推婴儿车极为不安全。,要求有超大面宽南向双阳台（观景家政分离），主卧大飘窗能270度直面自然景观。,主要在陆家嘴/徐家汇CBD上班，首选地铁2/9号线沿线，通勤半小时内。,倡导轻户外，周末常带家人自驾野营或山系徒步，注重生活情调与手作咖啡。,名下持有一套旧两居，置换回款 65% + 个人理财储蓄补充 + 公积金商业贷,重性价比，不盲信大牌，但要求物业管理有序、绿化修剪及时、人防技防规范。,常年本地稳定居住，工作日职住通勤动线规则单一。
上_1997_00728,上海,1997,金融精英,48,女,0.8,5.8,0.4,10.8,3,1,否,A,research,0.74,0.45,0.69,0.56,0.73,0.75,0.76,0.79,0.84,自住-首套,两室两厅,84,933,申银万国证券分析员,三口之家(学龄段),市中心私密洋房住宅,无高端私密会所及管家式物业配套，圈层鱼龙混杂，高净值居住体验差。,讲究超高得房率（超85%），主卧套房必须配备独立步入式衣帽间与干湿分离双卫。,主要在陆家嘴/徐家汇CBD上班，首选地铁2/9号线沿线，通勤半小时内。,周末常去高端商圈消费，热衷打网球和马术，重度手冲咖啡及黑胶唱片发烧友。,夫妻双方积蓄 + 双方父母出资赞助首付 + 公积金商业组合贷款,非仁恒、绿城、万科等金牌开发商不买，极度看重高端精装质量与顶级物业的增值口碑。,常年本地稳定居住，工作日职住通勤动线规则单一。
上_1997_00729,上海,1997,本地改善,46,男,0.5,6.8,0.45,11.4,4,2,否,B,agent,0.7,0.46,0.65,0.59,0.41,0.93,0.4,0.68,0.57,自住-改善,两室一厅,71,900,区财政局科员,二胎黄金期中大户型,上海中环品质两居，车位及空间极其拥挤,小区无地下车库且人车不分流，小孩在楼下玩耍或者推婴儿车极为不安全。,讲究超高得房率（超85%），主卧套房必须配备独立步入式衣帽间与干湿分离双卫。,主要在陆家嘴/徐家汇CBD上班，首选地铁2/9号线沿线，通勤半小时内。,倡导轻户外，周末常带家人自驾野营或山系徒步，注重生活情调与手作咖啡。,名下持有一套旧两居，置换回款 65% + 个人理财储蓄补充 + 公积金商业贷,重性价比，不盲信大牌，但要求物业管理有序、绿化修剪及时、人防技防规范。,常年本地稳定居住，工作日职住通勤动线规则单一。
上_1997_00730,上海,1997,金融精英,38,女,1.0,6.7,0.4,12.6,3,1,否,A,research,0.68,0.53,0.6,0.63,0.77,0.81,0.75,0.68,0.84,自住-改善,一室一厅,59,1543,申银万国证券分析员,三口之家(学龄段),市中心私密洋房住宅,无高端私密会所及管家式物业配套，圈层鱼龙混杂，高净值居住体验差。,讲究超高得房率（超85%），主卧套房必须配备独立步入式衣帽间与干湿分离双卫。,主要在陆家嘴/徐家汇CBD上班，首选地铁2/9号线沿线，通勤半小时内。,周末常去高端商圈消费，热衷打网球和马术，重度手冲咖啡及黑胶唱片发烧友。,名下已有企业股权套现或分红现金，一次性全款付清，基本不加杠杆,非仁恒、绿城、万科等金牌开发商不买，极度看重高端精装质量与顶级物业的增值口碑。,常年本地稳定居住，工作日职住通勤动线规则单一。
上_1997_00731,上海,1997,金融精英,43,女,1.1,9.6,0.4,17.9,3,1,否,A,research,0.94,0.54,0.65,0.63,0.75,0.55,0.75,0.84,0.77,自住-首套,一室一厅,78,1480,老牌证券公司营业部经理,三口之家(学龄段),陆家嘴核心区江景大平层,无高端私密会所及管家式物业配套，圈层鱼龙混杂，高净值居住体验差。,核心要求地块属于第一梯队名校学区，且周边500米内解决幼小衔接教育配套。,主要在陆家嘴/徐家汇CBD上班，首选地铁2/9号线沿线，通勤半小时内。,周末常去高端商圈消费，热衷打网球和马术，重度手冲咖啡及黑胶唱片发烧友。,夫妻双方积蓄 + 双方父母出资赞助首付 + 公积金商业组合贷款,非仁恒、绿城、万科等金牌开发商不买，极度看重高端精装质量与顶级物业的增值口碑。,常年本地稳定居住，工作日职住通勤动线规则单一。
上_1997_00732,上海,1997,本地改善,48,男,0.5,6.6,0.45,11.0,5,2,是,B,agent,0.44,0.57,0.45,0.53,0.55,0.87,0.67,0.77,0.64,自住-改善,一室一厅,62,1380,市第二中学地理教师,二胎黄金期中大户型,上海中环品质两居，车位及空间极其拥挤,小区无地下车库且人车不分流，小孩在楼下玩耍或者推婴儿车极为不安全。,讲究超高得房率（超85%），主卧套房必须配备独立步入式衣帽间与干湿分离双卫。,主要在陆家嘴/徐家汇CBD上班，首选地铁2/9号线沿线，通勤半小时内。,倡导轻户外，周末常带家人自驾野营或山系徒步，注重生活情调与手作咖啡。,名下持有一套旧两居，置换回款 65% + 个人理财储蓄补充 + 公积金商业贷,重性价比，不盲信大牌，但要求物业管理有序、绿化修剪及时、人防技防规范。,常年本地稳定居住，工作日职住通勤动线规则单一。
上_1997_00733,上海,1997,本地改善,48,男,0.4,4.0,0.45,6.6,4,2,否,B,agent,0.71,0.6,0.63,0.51,0.69,0.77,0.6,0.61,0.55,自住-改善,两室一厅,79,597,邮政局局长秘书,二胎黄金期中大户型,上海中环品质两居，车位及空间极其拥挤,小区无地下车库且人车不分流，小孩在楼下玩耍或者推婴儿车极为不安全。,讲究超高得房率（超85%），主卧套房必须配备独立步入式衣帽间与干湿分离双卫。,主要在陆家嘴/徐家汇CBD上班，首选地铁2/9号线沿线，通勤半小时内。,倡导轻户外，周末常带家人自驾野营或山系徒步，注重生活情调与手作咖啡。,名下持有一套旧两居，置换回款 65% + 个人理财储蓄补充 + 公积金商业贷,重性价比，不盲信大牌，但要求物业管理有序、绿化修剪及时、人防技防规范。,常年本地稳定居住，工作日职住通勤动线规则单一。
上_1997_00734,上海,1997,教育型买房,33,女,0.5,3.7,0.4,6.9,3,1,否,B,social,0.94,0.47,0.57,0.39,0.6,0.63,0.38,0.95,0.46,学区房,两室两厅,77,529,邮政局局长秘书,三口之家(幼龄段),上海中环品质两居，车位及空间极其拥挤,小区无地下车库且人车不分流，小孩在楼下玩耍或者推婴儿车极为不安全。,核心要求地块属于第一梯队名校学区，且周边500米内解决幼小衔接教育配套。,主要在陆家嘴/徐家汇CBD上班，首选地铁2/9号线沿线，通勤半小时内。,倡导轻户外，周末常带家人自驾野营或山系徒步，注重生活情调与手作咖啡。,名下持有一套旧两居，置换回款 65% + 个人理财储蓄补充 + 公积金商业贷,重性价比，不盲信大牌，但要求物业管理有序、绿化修剪及时、人防技防规范。,常年本地稳定居住，工作日职住通勤动线规则单一。
上_1997_00735,上海,1997,本地改善,46,男,0.7,6.8,0.45,11.3,4,2,否,B,agent,0.94,0.54,0.62,0.55,0.57,1,0.63,0.69,0.48,自住-改善,两室一厅,68,1064,国企车间技术主任,二胎黄金期中大户型,上海中环品质两居，车位及空间极其拥挤,小区无地下车库且人车不分流，小孩在楼下玩耍或者推婴儿车极为不安全。,讲究超高得房率（超85%），主卧套房必须配备独立步入式衣帽间与干湿分离双卫。,主要在陆家嘴/徐家汇CBD上班，首选地铁2/9号线沿线，通勤半小时内。,倡导轻户外，周末常带家人自驾野营或山系徒步，注重生活情调与手作咖啡。,名下持有一套旧两居，置换回款 65% + 个人理财储蓄补充 + 公积金商业贷,重性价比，不盲信大牌，但要求物业管理有序、绿化修剪及时、人防技防规范。,常年本地稳定居住，工作日职住通勤动线规则单一。
上_1997_00736,上海,1997,教育型买房,32,男,0.3,2.1,0.4,4.0,3,2,否,B,social,0.7,0.46,0.36,0.41,0.56,0.59,0.59,0.98,0.58,学区房,两室两厅,87,370,市第二中学地理教师,二胎黄金期中大户型,上海中环品质两居，车位及空间极其拥挤,小区无地下车库且人车不分流，小孩在楼下玩耍或者推婴儿车极为不安全。,核心要求地块属于第一梯队名校学区，且周边500米内解决幼小衔接教育配套。,主要在陆家嘴/徐家汇CBD上班，首选地铁2/9号线沿线，通勤半小时内。,倡导轻户外，周末常带家人自驾野营或山系徒步，注重生活情调与手作咖啡。,名下持有一套旧两居，置换回款 65% + 个人理财储蓄补充 + 公积金商业贷,重性价比，不盲信大牌，但要求物业管理有序、绿化修剪及时、人防技防规范。,常年本地稳定居住，工作日职住通勤动线规则单一。
上_1997_00737,上海,1997,本地改善,39,女,0.4,3.5,0.45,5.8,5,2,否,B,agent,1,0.54,0.51,0.57,0.45,0.9,0.63,0.65,0.36,自住-改善,两室两厅,79,550,邮政局局长秘书,二胎黄金期中大户型,上海中环品质两居，车位及空间极其拥挤,小区无地下车库且人车不分流，小孩在楼下玩耍或者推婴儿车极为不安全。,讲究超高得房率（超85%），主卧套房必须配备独立步入式衣帽间与干湿分离双卫。,主要在陆家嘴/徐家汇CBD上班，首选地铁2/9号线沿线，通勤半小时内。,倡导轻户外，周末常带家人自驾野营或山系徒步，注重生活情调与手作咖啡。,名下持有一套旧两居，置换回款 65% + 个人理财储蓄补充 + 公积金商业贷,重性价比，不盲信大牌，但要求物业管理有序、绿化修剪及时、人防技防规范。,常年本地稳定居住，工作日职住通勤动线规则单一。
上_1997_00738,上海,1997,本地改善,56,女,0.5,6.8,0.45,11.3,4,2,否,B,agent,0.67,0.43,0.49,0.55,0.55,0.77,0.56,0.65,0.62,自住-改善,两室两厅,97,618,市第二中学地理教师,二胎黄金期中大户型,上海中环品质两居，车位及空间极其拥挤,小区无地下车库且人车不分流，小孩在楼下玩耍或者推婴儿车极为不安全。,讲究超高得房率（超85%），主卧套房必须配备独立步入式衣帽间与干湿分离双卫。,主要在陆家嘴/徐家汇CBD上班，首选地铁2/9号线沿线，通勤半小时内。,倡导轻户外，周末常带家人自驾野营或山系徒步，注重生活情调与手作咖啡。,名下持有一套旧两居，置换回款 65% + 个人理财储蓄补充 + 公积金商业贷,重性价比，不盲信大牌，但要求物业管理有序、绿化修剪及时、人防技防规范。,常年本地稳定居住，工作日职住通勤动线规则单一。
上_1997_00739,上海,1997,金融精英,50,男,0.7,4.0,0.4,7.6,2,1,否,A,research,0.52,0.36,0.55,0.48,0.64,0.97,0.67,0.8,0.77,自住-改善,两室两厅,80,688,老牌证券公司营业部经理,三口之家(学龄段),西湖边高精平层,无高端私密会所及管家式物业配套，圈层鱼龙混杂，高净值居住体验差。,讲究超高得房率（超85%），主卧套房必须配备独立步入式衣帽间与干湿分离双卫。,主要在陆家嘴/徐家汇CBD上班，首选地铁2/9号线沿线，通勤半小时内。,周末常去高端商圈消费，热衷打网球和马术，重度手冲咖啡及黑胶唱片发烧友。,名下已有企业股权套现或分红现金，一次性全款付清，基本不加杠杆,非仁恒、绿城、万科等金牌开发商不买，极度看重高端精装质量与顶级物业的增值口碑。,常年本地稳定居住，工作日职住通勤动线规则单一。
上_1997_00740,上海,1997,教育型买房,36,女,0.6,5.3,0.4,9.9,3,0,是,B,social,0.96,0.3,0.41,0.51,0.59,0.76,0.65,1,0.61,学区房,一室一厅,76,1116,邮政局局长秘书,成熟期核心家庭,上海中环品质两居，车位及空间极其拥挤,当前房屋属于旧多层无电梯房，父母年纪渐高每天爬楼梯极为吃力。,讲究超高得房率（超85%），主卧套房必须配备独立步入式衣帽间与干湿分离双卫。,主要在陆家嘴/徐家汇CBD上班，首选地铁2/9号线沿线，通勤半小时内。,倡导轻户外，周末常带家人自驾野营或山系徒步，注重生活情调与手作咖啡。,名下持有一套旧两居，置换回款 65% + 个人理财储蓄补充 + 公积金商业贷,重性价比，不盲信大牌，但要求物业管理有序、绿化修剪及时、人防技防规范。,常年本地稳定居住，工作日职住通勤动线规则单一。
上_1997_00741,上海,1997,本地改善,55,女,0.3,2.6,0.45,4.3,3,2,否,B,agent,0.83,0.41,0.65,0.56,0.54,0.86,0.66,0.63,0.57,自住-改善,一室一厅,78,314,邮政局局长秘书,二胎黄金期中大户型,上海中环品质两居，车位及空间极其拥挤,小区无地下车库且人车不分流，小孩在楼下玩耍或者推婴儿车极为不安全。,讲究超高得房率（超85%），主卧套房必须配备独立步入式衣帽间与干湿分离双卫。,主要在陆家嘴/徐家汇CBD上班，首选地铁2/9号线沿线，通勤半小时内。,倡导轻户外，周末常带家人自驾野营或山系徒步，注重生活情调与手作咖啡。,名下持有一套旧两居，置换回款 65% + 个人理财储蓄补充 + 公积金商业贷,重性价比，不盲信大牌，但要求物业管理有序、绿化修剪及时、人防技防规范。,常年本地稳定居住，工作日职住通勤动线规则单一。
上_1997_00742,上海,1997,本地改善,44,男,0.6,7.1,0.45,11.9,3,2,是,B,agent,0.71,0.59,0.53,0.7,0.49,0.84,0.45,0.74,0.61,自住-改善,一室一厅,68,884,邮政局局长秘书,二胎黄金期中大户型,上海中环品质两居，车位及空间极其拥挤,小区无地下车库且人车不分流，小孩在楼下玩耍或者推婴儿车极为不安全。,讲究超高得房率（超85%），主卧套房必须配备独立步入式衣帽间与干湿分离双卫。,主要在陆家嘴/徐家汇CBD上班，首选地铁2/9号线沿线，通勤半小时内。,倡导轻户外，周末常带家人自驾野营或山系徒步，注重生活情调与手作咖啡。,名下持有一套旧两居，置换回款 65% + 个人理财储蓄补充 + 公积金商业贷,重性价比，不盲信大牌，但要求物业管理有序、绿化修剪及时、人防技防规范。,常年本地稳定居住，工作日职住通勤动线规则单一。
上_1997_00743,上海,1997,金融精英,50,女,1.2,7.8,0.4,14.6,4,1,否,A,research,0.72,0.57,0.75,0.65,0.78,0.61,0.66,0.82,0.85,自住-首套,一室一厅,57,1836,商业银行支行信贷科长,三口之家(学龄段),陆家嘴核心区江景大平层,无高端私密会所及管家式物业配套，圈层鱼龙混杂，高净值居住体验差。,要求有超大面宽南向双阳台（观景家政分离），主卧大飘窗能270度直面自然景观。,主要在陆家嘴/徐家汇CBD上班，首选地铁2/9号线沿线，通勤半小时内。,周末常去高端商圈消费，热衷打网球和马术，重度手冲咖啡及黑胶唱片发烧友。,夫妻双方积蓄 + 双方父母出资赞助首付 + 公积金商业组合贷款,非仁恒、绿城、万科等金牌开发商不买，极度看重高端精装质量与顶级物业的增值口碑。,常年本地稳定居住，工作日职住通勤动线规则单一。
上_1997_00744,上海,1997,本地改善,44,男,0.5,5.1,0.45,8.5,4,2,否,B,agent,0.92,0.57,0.48,0.42,0.43,0.96,0.68,0.75,0.62,自住-改善,两室两厅,79,622,区财政局科员,二胎黄金期中大户型,上海中环品质两居，车位及空间极其拥挤,小区无地下车库且人车不分流，小孩在楼下玩耍或者推婴儿车极为不安全。,讲究超高得房率（超85%），主卧套房必须配备独立步入式衣帽间与干湿分离双卫。,主要在陆家嘴/徐家汇CBD上班，首选地铁2/9号线沿线，通勤半小时内。,倡导轻户外，周末常带家人自驾野营或山系徒步，注重生活情调与手作咖啡。,名下持有一套旧两居，置换回款 65% + 个人理财储蓄补充 + 公积金商业贷,重性价比，不盲信大牌，但要求物业管理有序、绿化修剪及时、人防技防规范。,常年本地稳定居住，工作日职住通勤动线规则单一。
上_1997_00745,上海,1997,教育型买房,38,女,0.5,5.1,0.4,9.6,3,0,否,B,social,0.66,0.56,0.23,0.48,0.39,0.79,0.5,1,0.59,学区房,两室两厅,50,1515,市第二中学地理教师,成熟期核心家庭,上海中环品质两居，车位及空间极其拥挤,老小区隔音差，邻里滋扰严重，且车位严重匮乏，每晚加班回来抢车位像打仗。,讲究超高得房率（超85%），主卧套房必须配备独立步入式衣帽间与干湿分离双卫。,主要在陆家嘴/徐家汇CBD上班，首选地铁2/9号线沿线，通勤半小时内。,倡导轻户外，周末常带家人自驾野营或山系徒步，注重生活情调与手作咖啡。,名下持有一套旧两居，置换回款 65% + 个人理财储蓄补充 + 公积金商业贷,重性价比，不盲信大牌，但要求物业管理有序、绿化修剪及时、人防技防规范。,常年本地稳定居住，工作日职住通勤动线规则单一。
上_1997_00746,上海,1997,金融精英,35,男,1.6,14.2,0.4,26.5,3,1,否,A,research,0.54,0.31,0.62,0.66,0.79,0.63,0.57,0.78,0.88,自住-首套,两室两厅,92,1512,申银万国证券分析员,三口之家(幼龄段),市中心私密洋房住宅,无高端私密会所及管家式物业配套，圈层鱼龙混杂，高净值居住体验差。,核心要求地块属于第一梯队名校学区，且周边500米内解决幼小衔接教育配套。,主要在陆家嘴/徐家汇CBD上班，首选地铁2/9号线沿线，通勤半小时内。,周末常去高端商圈消费，热衷打网球和马术，重度手冲咖啡及黑胶唱片发烧友。,夫妻双方积蓄 + 双方父母出资赞助首付 + 公积金商业组合贷款,非仁恒、绿城、万科等金牌开发商不买，极度看重高端精装质量与顶级物业的增值口碑。,常年本地稳定居住，工作日职住通勤动线规则单一。
上_1997_00747,上海,1997,教育型买房,41,女,0.5,2.9,0.4,5.4,2,1,否,B,social,0.82,0.52,0.35,0.57,0.55,0.66,0.61,0.91,0.46,学区房,两室两厅,72,440,区财政局科员,三口之家(学龄段),上海中环品质两居，车位及空间极其拥挤,小区无地下车库且人车不分流，小孩在楼下玩耍或者推婴儿车极为不安全。,核心要求地块属于第一梯队名校学区，且周边500米内解决幼小衔接教育配套。,主要在陆家嘴/徐家汇CBD上班，首选地铁2/9号线沿线，通勤半小时内。,倡导轻户外，周末常带家人自驾野营或山系徒步，注重生活情调与手作咖啡。,名下持有一套旧两居，置换回款 65% + 个人理财储蓄补充 + 公积金商业贷,重性价比，不盲信大牌，但要求物业管理有序、绿化修剪及时、人防技防规范。,常年本地稳定居住，工作日职住通勤动线规则单一。
上_1997_00748,上海,1997,本地改善,50,女,0.5,6.5,0.45,10.9,5,1,否,B,agent,0.7,0.49,0.54,0.54,0.54,0.9,0.57,0.66,0.67,自住-改善,两室两厅,60,1285,市第二中学地理教师,三口之家(学龄段),上海中环品质两居，车位及空间极其拥挤,小区无地下车库且人车不分流，小孩在楼下玩耍或者推婴儿车极为不安全。,讲究超高得房率（超85%），主卧套房必须配备独立步入式衣帽间与干湿分离双卫。,主要在陆家嘴/徐家汇CBD上班，首选地铁2/9号线沿线，通勤半小时内。,倡导轻户外，周末常带家人自驾野营或山系徒步，注重生活情调与手作咖啡。,名下持有一套旧两居，置换回款 65% + 个人理财储蓄补充 + 公积金商业贷,重性价比，不盲信大牌，但要求物业管理有序、绿化修剪及时、人防技防规范。,常年本地稳定居住，工作日职住通勤动线规则单一。
上_1997_00749,上海,1997,本地改善,58,女,0.5,4.4,0.45,7.3,4,2,是,B,agent,0.72,0.35,0.46,0.49,0.53,0.69,0.64,0.71,0.51,自住-改善,两室一厅,92,569,国企车间技术主任,二胎黄金期中大户型,上海中环品质两居，车位及空间极其拥挤,小区无地下车库且人车不分流，小孩在楼下玩耍或者推婴儿车极为不安全。,核心要求地块属于第一梯队名校学区，且周边500米内解决幼小衔接教育配套。,主要在陆家嘴/徐家汇CBD上班，首选地铁2/9号线沿线，通勤半小时内。,倡导轻户外，周末常带家人自驾野营或山系徒步，注重生活情调与手作咖啡。,名下持有一套旧两居，置换回款 65% + 个人理财储蓄补充 + 公积金商业贷,重性价比，不盲信大牌，但要求物业管理有序、绿化修剪及时、人防技防规范。,常年本地稳定居住，工作日职住通勤动线规则单一。
上_1997_00750,上海,1997,金融精英,47,男,0.4,3.4,0.4,6.4,4,1,是,A,research,0.87,0.6,0.49,0.48,0.73,0.84,0.84,0.8,0.9,自住-改善,两室两厅,67,670,商业银行支行信贷科长,三口之家(学龄段),市中心私密洋房住宅,当前房屋属于旧多层无电梯房，父母年纪渐高每天爬楼梯极为吃力。,讲究超高得房率（超85%），主卧套房必须配备独立步入式衣帽间与干湿分离双卫。,主要在陆家嘴/徐家汇CBD上班，首选地铁2/9号线沿线，通勤半小时内。,周末常去高端商圈消费，热衷打网球和马术，重度手冲咖啡及黑胶唱片发烧友。,名下已有企业股权套现或分红现金，一次性全款付清，基本不加杠杆,非仁恒、绿城、万科等金牌开发商不买，极度看重高端精装质量与顶级物业的增值口碑。,常年本地稳定居住，工作日职住通勤动线规则单一。
上_1997_00751,上海,1997,本地改善,38,女,0.4,5.0,0.45,8.4,4,2,否,B,agent,0.7,0.64,0.58,0.36,0.68,0.84,0.52,0.75,0.61,自住-改善,一室一厅,89,712,邮政局局长秘书,二胎黄金期中大户型,上海中环品质两居，车位及空间极其拥挤,小区无地下车库且人车不分流，小孩在楼下玩耍或者推婴儿车极为不安全。,讲究超高得房率（超85%），主卧套房必须配备独立步入式衣帽间与干湿分离双卫。,主要在陆家嘴/徐家汇CBD上班，首选地铁2/9号线沿线，通勤半小时内。,倡导轻户外，周末常带家人自驾野营或山系徒步，注重生活情调与手作咖啡。,名下持有一套旧两居，置换回款 65% + 个人理财储蓄补充 + 公积金商业贷,重性价比，不盲信大牌，但要求物业管理有序、绿化修剪及时、人防技防规范。,常年本地稳定居住，工作日职住通勤动线规则单一。
上_1997_00752,上海,1997,长三角家庭,41,男,0.3,2.4,0.45,3.9,4,2,是,B,agent,0.66,0.59,0.53,0.52,0.54,0.74,0.27,0.72,0.52,自住-改善,两室两厅,78,434,市第二中学地理教师,二胎黄金期中大户型,上海中环品质两居，车位及空间极其拥挤,小区无地下车库且人车不分流，小孩在楼下玩耍或者推婴儿车极为不安全。,讲究超高得房率（超85%），主卧套房必须配备独立步入式衣帽间与干湿分离双卫。,主要在陆家嘴/徐家汇CBD上班，首选地铁2/9号线沿线，通勤半小时内。,倡导轻户外，周末常带家人自驾野营或山系徒步，注重生活情调与手作咖啡。,名下持有一套旧两居，置换回款 65% + 个人理财储蓄补充 + 公积金商业贷,重性价比，不盲信大牌，但要求物业管理有序、绿化修剪及时、人防技防规范。,常年本地稳定居住，工作日职住通勤动线规则单一。
上_1997_00753,上海,1997,金融精英,43,女,0.9,5.2,0.4,9.8,4,1,否,A,research,0.73,0.52,0.64,0.59,0.8,0.72,0.62,0.88,0.85,自住-首套,一室一厅,69,1146,商业银行支行信贷科长,三口之家(学龄段),陆家嘴核心区江景大平层,无高端私密会所及管家式物业配套，圈层鱼龙混杂，高净值居住体验差。,讲究超高得房率（超85%），主卧套房必须配备独立步入式衣帽间与干湿分离双卫。,主要在陆家嘴/徐家汇CBD上班，首选地铁2/9号线沿线，通勤半小时内。,周末常去高端商圈消费，热衷打网球和马术，重度手冲咖啡及黑胶唱片发烧友。,夫妻双方积蓄 + 双方父母出资赞助首付 + 公积金商业组合贷款,非仁恒、绿城、万科等金牌开发商不买，极度看重高端精装质量与顶级物业的增值口碑。,常年本地稳定居住，工作日职住通勤动线规则单一。
上_1997_00754,上海,1997,金融精英,42,男,0.9,6.9,0.4,12.9,4,1,否,A,research,0.66,0.47,0.67,0.65,0.72,0.78,0.5,0.83,0.82,自住-改善,两室两厅,98,1150,商业银行支行信贷科长,三口之家(学龄段),市中心私密洋房住宅,无高端私密会所及管家式物业配套，圈层鱼龙混杂，高净值居住体验差。,讲究超高得房率（超85%），主卧套房必须配备独立步入式衣帽间与干湿分离双卫。,主要在陆家嘴/徐家汇CBD上班，首选地铁2/9号线沿线，通勤半小时内。,周末常去高端商圈消费，热衷打网球和马术，重度手冲咖啡及黑胶唱片发烧友。,名下已有企业股权套现或分红现金，一次性全款付清，基本不加杠杆,非仁恒、绿城、万科等金牌开发商不买，极度看重高端精装质量与顶级物业的增值口碑。,常年本地稳定居住，工作日职住通勤动线规则单一。
上_1997_00755,上海,1997,本地改善,45,女,0.6,5.3,0.45,8.8,5,2,否,B,agent,0.74,0.58,0.41,0.37,0.5,0.79,0.53,0.56,0.68,自住-改善,一室一厅,90,827,邮政局局长秘书,二胎黄金期中大户型,上海中环品质两居，车位及空间极其拥挤,小区无地下车库且人车不分流，小孩在楼下玩耍或者推婴儿车极为不安全。,讲究超高得房率（超85%），主卧套房必须配备独立步入式衣帽间与干湿分离双卫。,主要在陆家嘴/徐家汇CBD上班，首选地铁2/9号线沿线，通勤半小时内。,倡导轻户外，周末常带家人自驾野营或山系徒步，注重生活情调与手作咖啡。,名下持有一套旧两居，置换回款 65% + 个人理财储蓄补充 + 公积金商业贷,重性价比，不盲信大牌，但要求物业管理有序、绿化修剪及时、人防技防规范。,常年本地稳定居住，工作日职住通勤动线规则单一。
上_1997_00756,上海,1997,本地改善,44,男,0.5,4.5,0.45,7.5,4,2,是,B,agent,0.65,0.52,0.52,0.57,0.52,0.67,0.52,0.77,0.57,自住-改善,两室两厅,55,748,市第二中学地理教师,二胎黄金期中大户型,上海中环品质两居，车位及空间极其拥挤,小区无地下车库且人车不分流，小孩在楼下玩耍或者推婴儿车极为不安全。,核心要求地块属于第一梯队名校学区，且周边500米内解决幼小衔接教育配套。,主要在陆家嘴/徐家汇CBD上班，首选地铁2/9号线沿线，通勤半小时内。,倡导轻户外，周末常带家人自驾野营或山系徒步，注重生活情调与手作咖啡。,名下持有一套旧两居，置换回款 65% + 个人理财储蓄补充 + 公积金商业贷,重性价比，不盲信大牌，但要求物业管理有序、绿化修剪及时、人防技防规范。,常年本地稳定居住，工作日职住通勤动线规则单一。
上_1997_00757,上海,1997,金融精英,43,男,0.9,5.3,0.4,10.0,3,1,否,A,research,0.68,0.46,0.57,0.43,0.69,0.67,0.58,0.71,0.9,自住-首套,两室一厅,82,1035,申银万国证券分析员,三口之家(学龄段),市中心私密洋房住宅,无高端私密会所及管家式物业配套，圈层鱼龙混杂，高净值居住体验差。,核心要求地块属于第一梯队名校学区，且周边500米内解决幼小衔接教育配套。,主要在陆家嘴/徐家汇CBD上班，首选地铁2/9号线沿线，通勤半小时内。,周末常去高端商圈消费，热衷打网球和马术，重度手冲咖啡及黑胶唱片发烧友。,夫妻双方积蓄 + 双方父母出资赞助首付 + 公积金商业组合贷款,非仁恒、绿城、万科等金牌开发商不买，极度看重高端精装质量与顶级物业的增值口碑。,常年本地稳定居住，工作日职住通勤动线规则单一。
上_1997_00758,上海,1997,本地改善,48,男,0.3,4.1,0.45,6.8,5,2,否,B,agent,1,0.53,0.57,0.52,0.52,0.87,0.51,0.65,0.64,自住-改善,两室两厅,79,644,区财政局科员,二胎黄金期中大户型,上海中环品质两居，车位及空间极其拥挤,小区无地下车库且人车不分流，小孩在楼下玩耍或者推婴儿车极为不安全。,讲究超高得房率（超85%），主卧套房必须配备独立步入式衣帽间与干湿分离双卫。,主要在陆家嘴/徐家汇CBD上班，首选地铁2/9号线沿线，通勤半小时内。,倡导轻户外，周末常带家人自驾野营或山系徒步，注重生活情调与手作咖啡。,名下持有一套旧两居，置换回款 65% + 个人理财储蓄补充 + 公积金商业贷,重性价比，不盲信大牌，但要求物业管理有序、绿化修剪及时、人防技防规范。,常年本地稳定居住，工作日职住通勤动线规则单一。
上_1997_00759,上海,1997,金融精英,36,女,1.0,5.7,0.4,10.6,3,1,否,A,research,0.76,0.38,0.67,0.53,0.8,0.69,0.65,0.87,0.78,自住-首套,两室一厅,67,1385,老牌证券公司营业部经理,三口之家(幼龄段),西湖边高精平层,无高端私密会所及管家式物业配套，圈层鱼龙混杂，高净值居住体验差。,核心要求地块属于第一梯队名校学区，且周边500米内解决幼小衔接教育配套。,主要在陆家嘴/徐家汇CBD上班，首选地铁2/9号线沿线，通勤半小时内。,周末常去高端商圈消费，热衷打网球和马术，重度手冲咖啡及黑胶唱片发烧友。,夫妻双方积蓄 + 双方父母出资赞助首付 + 公积金商业组合贷款,非仁恒、绿城、万科等金牌开发商不买，极度看重高端精装质量与顶级物业的增值口碑。,常年本地稳定居住，工作日职住通勤动线规则单一。
上_1997_00760,上海,1997,金融精英,34,男,0.8,6.8,0.4,12.8,3,1,否,A,research,0.83,0.45,0.6,0.53,0.78,0.72,0.75,0.84,0.77,婚房,一室一厅,61,1055,商业银行支行信贷科长,三口之家(幼龄段),西湖边高精平层,无高端私密会所及管家式物业配套，圈层鱼龙混杂，高净值居住体验差。,讲究超高得房率（超85%），主卧套房必须配备独立步入式衣帽间与干湿分离双卫。,主要在陆家嘴/徐家汇CBD上班，首选地铁2/9号线沿线，通勤半小时内。,周末常去高端商圈消费，热衷打网球和马术，重度手冲咖啡及黑胶唱片发烧友。,夫妻双方积蓄 + 双方父母出资赞助首付 + 公积金商业组合贷款,非仁恒、绿城、万科等金牌开发商不买，极度看重高端精装质量与顶级物业的增值口碑。,常年本地稳定居住，工作日职住通勤动线规则单一。
上_1997_00761,上海,1997,本地改善,47,女,0.4,5.0,0.45,8.4,2,2,否,B,agent,0.81,0.67,0.59,0.36,0.53,0.94,0.62,0.77,0.57,自住-改善,两室两厅,81,609,区财政局科员,二胎黄金期中大户型,上海中环品质两居，车位及空间极其拥挤,小区无地下车库且人车不分流，小孩在楼下玩耍或者推婴儿车极为不安全。,讲究超高得房率（超85%），主卧套房必须配备独立步入式衣帽间与干湿分离双卫。,主要在陆家嘴/徐家汇CBD上班，首选地铁2/9号线沿线，通勤半小时内。,倡导轻户外，周末常带家人自驾野营或山系徒步，注重生活情调与手作咖啡。,名下持有一套旧两居，置换回款 65% + 个人理财储蓄补充 + 公积金商业贷,重性价比，不盲信大牌，但要求物业管理有序、绿化修剪及时、人防技防规范。,常年本地稳定居住，工作日职住通勤动线规则单一。
上_1997_00762,上海,1997,教育型买房,41,男,0.4,3.5,0.4,6.5,3,1,否,B,social,0.94,0.49,0.42,0.37,0.63,0.55,0.58,0.95,0.53,学区房,两室两厅,71,572,区财政局科员,三口之家(学龄段),上海中环品质两居，车位及空间极其拥挤,小区无地下车库且人车不分流，小孩在楼下玩耍或者推婴儿车极为不安全。,核心要求地块属于第一梯队名校学区，且周边500米内解决幼小衔接教育配套。,主要在陆家嘴/徐家汇CBD上班，首选地铁2/9号线沿线，通勤半小时内。,倡导轻户外，周末常带家人自驾野营或山系徒步，注重生活情调与手作咖啡。,名下持有一套旧两居，置换回款 65% + 个人理财储蓄补充 + 公积金商业贷,重性价比，不盲信大牌，但要求物业管理有序、绿化修剪及时、人防技防规范。,常年本地稳定居住，工作日职住通勤动线规则单一。
上_1997_00763,上海,1997,本地改善,47,男,0.4,3.8,0.45,6.3,3,1,是,B,agent,0.62,0.49,0.45,0.47,0.42,0.9,0.71,0.81,0.64,自住-改善,两室一厅,94,381,市第二中学地理教师,三口之家(学龄段),上海中环品质两居，车位及空间极其拥挤,小区无地下车库且人车不分流，小孩在楼下玩耍或者推婴儿车极为不安全。,讲究超高得房率（超85%），主卧套房必须配备独立步入式衣帽间与干湿分离双卫。,主要在陆家嘴/徐家汇CBD上班，首选地铁2/9号线沿线，通勤半小时内。,倡导轻户外，周末常带家人自驾野营或山系徒步，注重生活情调与手作咖啡。,名下持有一套旧两居，置换回款 65% + 个人理财储蓄补充 + 公积金商业贷,重性价比，不盲信大牌，但要求物业管理有序、绿化修剪及时、人防技防规范。,常年本地稳定居住，工作日职住通勤动线规则单一。
上_1997_00764,上海,1997,本地改善,44,女,0.4,3.5,0.45,5.9,4,2,是,B,agent,0.8,0.52,0.45,0.68,0.64,0.9,0.75,0.7,0.54,自住-改善,两室两厅,69,758,国企车间技术主任,二胎黄金期中大户型,上海中环品质两居，车位及空间极其拥挤,小区无地下车库且人车不分流，小孩在楼下玩耍或者推婴儿车极为不安全。,讲究超高得房率（超85%），主卧套房必须配备独立步入式衣帽间与干湿分离双卫。,主要在陆家嘴/徐家汇CBD上班，首选地铁2/9号线沿线，通勤半小时内。,倡导轻户外，周末常带家人自驾野营或山系徒步，注重生活情调与手作咖啡。,名下持有一套旧两居，置换回款 65% + 个人理财储蓄补充 + 公积金商业贷,重性价比，不盲信大牌，但要求物业管理有序、绿化修剪及时、人防技防规范。,常年本地稳定居住，工作日职住通勤动线规则单一。
上_1997_00765,上海,1997,本地改善,58,女,0.5,5.9,0.45,9.9,3,2,是,B,agent,0.63,0.64,0.51,0.31,0.59,0.84,0.64,0.64,0.46,自住-改善,一室一厅,89,647,市第二中学地理教师,二胎黄金期中大户型,上海中环品质两居，车位及空间极其拥挤,小区无地下车库且人车不分流，小孩在楼下玩耍或者推婴儿车极为不安全。,讲究超高得房率（超85%），主卧套房必须配备独立步入式衣帽间与干湿分离双卫。,主要在陆家嘴/徐家汇CBD上班，首选地铁2/9号线沿线，通勤半小时内。,倡导轻户外，周末常带家人自驾野营或山系徒步，注重生活情调与手作咖啡。,名下持有一套旧两居，置换回款 65% + 个人理财储蓄补充 + 公积金商业贷,重性价比，不盲信大牌，但要求物业管理有序、绿化修剪及时、人防技防规范。,常年本地稳定居住，工作日职住通勤动线规则单一。
上_1997_00766,上海,1997,教育型买房,40,男,0.7,4.5,0.4,8.4,3,1,否,B,social,0.88,0.57,0.31,0.32,0.52,0.61,0.64,0.98,0.63,学区房,两室一厅,73,1017,国企车间技术主任,三口之家(学龄段),上海中环品质两居，车位及空间极其拥挤,小区无地下车库且人车不分流，小孩在楼下玩耍或者推婴儿车极为不安全。,核心要求地块属于第一梯队名校学区，且周边500米内解决幼小衔接教育配套。,主要在陆家嘴/徐家汇CBD上班，首选地铁2/9号线沿线，通勤半小时内。,倡导轻户外，周末常带家人自驾野营或山系徒步，注重生活情调与手作咖啡。,名下持有一套旧两居，置换回款 65% + 个人理财储蓄补充 + 公积金商业贷,重性价比，不盲信大牌，但要求物业管理有序、绿化修剪及时、人防技防规范。,常年本地稳定居住，工作日职住通勤动线规则单一。
上_1997_00767,上海,1997,教育型买房,34,男,0.5,4.6,0.4,8.6,3,2,否,B,social,1,0.48,0.46,0.33,0.61,0.77,0.47,0.94,0.61,学区房,两室一厅,85,801,邮政局局长秘书,二胎黄金期中大户型,上海中环品质两居，车位及空间极其拥挤,小区无地下车库且人车不分流，小孩在楼下玩耍或者推婴儿车极为不安全。,讲究超高得房率（超85%），主卧套房必须配备独立步入式衣帽间与干湿分离双卫。,主要在陆家嘴/徐家汇CBD上班，首选地铁2/9号线沿线，通勤半小时内。,倡导轻户外，周末常带家人自驾野营或山系徒步，注重生活情调与手作咖啡。,名下持有一套旧两居，置换回款 65% + 个人理财储蓄补充 + 公积金商业贷,重性价比，不盲信大牌，但要求物业管理有序、绿化修剪及时、人防技防规范。,常年本地稳定居住，工作日职住通勤动线规则单一。
上_1997_00768,上海,1997,本地改善,53,男,0.6,4.4,0.45,7.3,3,2,否,B,agent,0.8,0.41,0.59,0.57,0.58,0.78,0.59,0.62,0.74,自住-改善,两室两厅,53,840,邮政局局长秘书,二胎黄金期中大户型,上海中环品质两居，车位及空间极其拥挤,小区无地下车库且人车不分流，小孩在楼下玩耍或者推婴儿车极为不安全。,讲究超高得房率（超85%），主卧套房必须配备独立步入式衣帽间与干湿分离双卫。,主要在陆家嘴/徐家汇CBD上班，首选地铁2/9号线沿线，通勤半小时内。,倡导轻户外，周末常带家人自驾野营或山系徒步，注重生活情调与手作咖啡。,名下持有一套旧两居，置换回款 65% + 个人理财储蓄补充 + 公积金商业贷,非仁恒、绿城、万科等金牌开发商不买，极度看重高端精装质量与顶级物业的增值口碑。,常年本地稳定居住，工作日职住通勤动线规则单一。
上_1997_00769,上海,1997,教育型买房,47,女,0.7,7.2,0.4,13.4,3,1,否,B,social,0.92,0.47,0.41,0.43,0.66,0.82,0.54,1,0.65,学区房,一室一厅,88,1172,邮政局局长秘书,三口之家(学龄段),上海中环品质两居，车位及空间极其拥挤,小区无地下车库且人车不分流，小孩在楼下玩耍或者推婴儿车极为不安全。,讲究超高得房率（超85%），主卧套房必须配备独立步入式衣帽间与干湿分离双卫。,主要在陆家嘴/徐家汇CBD上班，首选地铁2/9号线沿线，通勤半小时内。,倡导轻户外，周末常带家人自驾野营或山系徒步，注重生活情调与手作咖啡。,名下持有一套旧两居，置换回款 65% + 个人理财储蓄补充 + 公积金商业贷,重性价比，不盲信大牌，但要求物业管理有序、绿化修剪及时、人防技防规范。,常年本地稳定居住，工作日职住通勤动线规则单一。
上_1997_00770,上海,1997,金融精英,42,男,0.5,5.3,0.4,9.9,4,1,否,A,research,0.5,0.57,0.6,0.7,0.71,0.86,0.53,0.87,0.83,自住-首套,两室两厅,79,811,商业银行支行信贷科长,三口之家(学龄段),西湖边高精平层,无高端私密会所及管家式物业配套，圈层鱼龙混杂，高净值居住体验差。,讲究超高得房率（超85%），主卧套房必须配备独立步入式衣帽间与干湿分离双卫。,主要在陆家嘴/徐家汇CBD上班，首选地铁2/9号线沿线，通勤半小时内。,周末常去高端商圈消费，热衷打网球和马术，重度手冲咖啡及黑胶唱片发烧友。,夫妻双方积蓄 + 双方父母出资赞助首付 + 公积金商业组合贷款,非仁恒、绿城、万科等金牌开发商不买，极度看重高端精装质量与顶级物业的增值口碑。,常年本地稳定居住，工作日职住通勤动线规则单一。
上_1997_00771,上海,1997,本地改善,49,男,0.6,6.6,0.45,11.0,4,2,否,B,agent,0.65,0.54,0.47,0.42,0.6,0.74,0.64,0.67,0.69,自住-改善,两室两厅,90,858,区财政局科员,二胎黄金期中大户型,上海中环品质两居，车位及空间极其拥挤,小区无地下车库且人车不分流，小孩在楼下玩耍或者推婴儿车极为不安全。,讲究超高得房率（超85%），主卧套房必须配备独立步入式衣帽间与干湿分离双卫。,主要在陆家嘴/徐家汇CBD上班，首选地铁2/9号线沿线，通勤半小时内。,倡导轻户外，周末常带家人自驾野营或山系徒步，注重生活情调与手作咖啡。,名下持有一套旧两居，置换回款 65% + 个人理财储蓄补充 + 公积金商业贷,重性价比，不盲信大牌，但要求物业管理有序、绿化修剪及时、人防技防规范。,常年本地稳定居住，工作日职住通勤动线规则单一。
上_1997_00772,上海,1997,本地改善,41,女,0.4,3.2,0.45,5.4,4,2,是,B,agent,0.81,0.47,0.59,0.56,0.52,0.82,0.65,0.68,0.49,自住-改善,两室一厅,70,464,市第二中学地理教师,二胎黄金期中大户型,上海中环品质两居，车位及空间极其拥挤,小区无地下车库且人车不分流，小孩在楼下玩耍或者推婴儿车极为不安全。,讲究超高得房率（超85%），主卧套房必须配备独立步入式衣帽间与干湿分离双卫。,主要在陆家嘴/徐家汇CBD上班，首选地铁2/9号线沿线，通勤半小时内。,倡导轻户外，周末常带家人自驾野营或山系徒步，注重生活情调与手作咖啡。,名下持有一套旧两居，置换回款 65% + 个人理财储蓄补充 + 公积金商业贷,重性价比，不盲信大牌，但要求物业管理有序、绿化修剪及时、人防技防规范。,常年本地稳定居住，工作日职住通勤动线规则单一。
上_1997_00773,上海,1997,外籍海归,37,女,0.9,6.3,0.4,11.8,3,1,否,A,social,0.86,0.51,0.64,0.68,0.87,0.83,0.69,0.86,0.71,自住-改善,两室一厅,76,1208,合资日化企业技术主管,三口之家(幼龄段),陆家嘴核心区江景大平层,无高端私密会所及管家式物业配套，圈层鱼龙混杂，高净值居住体验差。,讲究超高得房率（超85%），主卧套房必须配备独立步入式衣帽间与干湿分离双卫。,主要在陆家嘴/徐家汇CBD上班，首选地铁2/9号线沿线，通勤半小时内。,周末常去高端商圈消费，热衷打网球和马术，重度手冲咖啡及黑胶唱片发烧友。,名下已有企业股权套现或分红现金，一次性全款付清，基本不加杠杆,非仁恒、绿城、万科等金牌开发商不买，极度看重高端精装质量与顶级物业的增值口碑。,常年本地稳定居住，工作日职住通勤动线规则单一。
上_1997_00774,上海,1997,金融精英,45,女,0.8,7.0,0.4,13.1,3,1,是,A,research,0.77,0.56,0.79,0.63,0.69,0.9,0.67,0.76,0.85,自住-改善,一室一厅,65,1590,商业银行支行信贷科长,三口之家(学龄段),西湖边高精平层,当前房屋属于旧多层无电梯房，父母年纪渐高每天爬楼梯极为吃力。,要求有超大面宽南向双阳台（观景家政分离），主卧大飘窗能270度直面自然景观。,主要在陆家嘴/徐家汇CBD上班，首选地铁2/9号线沿线，通勤半小时内。,周末常去高端商圈消费，热衷打网球和马术，重度手冲咖啡及黑胶唱片发烧友。,名下已有企业股权套现或分红现金，一次性全款付清，基本不加杠杆,非仁恒、绿城、万科等金牌开发商不买，极度看重高端精装质量与顶级物业的增值口碑。,常年本地稳定居住，工作日职住通勤动线规则单一。
上_1997_00775,上海,1997,本地改善,41,女,0.4,4.4,0.45,7.3,3,2,是,B,agent,0.65,0.44,0.55,0.52,0.65,0.88,0.55,0.76,0.51,自住-改善,一室一厅,89,582,市第二中学地理教师,二胎黄金期中大户型,上海中环品质两居，车位及空间极其拥挤,小区无地下车库且人车不分流，小孩在楼下玩耍或者推婴儿车极为不安全。,讲究超高得房率（超85%），主卧套房必须配备独立步入式衣帽间与干湿分离双卫。,主要在陆家嘴/徐家汇CBD上班，首选地铁2/9号线沿线，通勤半小时内。,倡导轻户外，周末常带家人自驾野营或山系徒步，注重生活情调与手作咖啡。,名下持有一套旧两居，置换回款 65% + 个人理财储蓄补充 + 公积金商业贷,重性价比，不盲信大牌，但要求物业管理有序、绿化修剪及时、人防技防规范。,常年本地稳定居住，工作日职住通勤动线规则单一。
上_1997_00776,上海,1997,本地改善,52,女,0.3,2.5,0.45,4.1,4,1,是,B,agent,0.67,0.54,0.6,0.43,0.5,0.85,0.73,0.84,0.56,自住-改善,两室两厅,90,382,国企车间技术主任,三口之家(学龄段),上海中环品质两居，车位及空间极其拥挤,小区无地下车库且人车不分流，小孩在楼下玩耍或者推婴儿车极为不安全。,讲究超高得房率（超85%），主卧套房必须配备独立步入式衣帽间与干湿分离双卫。,主要在陆家嘴/徐家汇CBD上班，首选地铁2/9号线沿线，通勤半小时内。,倡导轻户外，周末常带家人自驾野营或山系徒步，注重生活情调与手作咖啡。,名下持有一套旧两居，置换回款 65% + 个人理财储蓄补充 + 公积金商业贷,重性价比，不盲信大牌，但要求物业管理有序、绿化修剪及时、人防技防规范。,常年本地稳定居住，工作日职住通勤动线规则单一。
上_1997_00777,上海,1997,本地改善,39,女,0.4,3.7,0.45,6.2,4,2,是,B,agent,0.89,0.48,0.54,0.57,0.58,0.81,0.52,0.84,0.67,自住-改善,两室两厅,96,477,国企车间技术主任,二胎黄金期中大户型,上海中环品质两居，车位及空间极其拥挤,小区无地下车库且人车不分流，小孩在楼下玩耍或者推婴儿车极为不安全。,讲究超高得房率（超85%），主卧套房必须配备独立步入式衣帽间与干湿分离双卫。,主要在陆家嘴/徐家汇CBD上班，首选地铁2/9号线沿线，通勤半小时内。,倡导轻户外，周末常带家人自驾野营或山系徒步，注重生活情调与手作咖啡。,名下持有一套旧两居，置换回款 65% + 个人理财储蓄补充 + 公积金商业贷,重性价比，不盲信大牌，但要求物业管理有序、绿化修剪及时、人防技防规范。,常年本地稳定居住，工作日职住通勤动线规则单一。
上_1997_00778,上海,1997,金融精英,43,男,0.5,3.9,0.4,7.2,3,1,是,A,research,0.71,0.56,0.7,0.62,0.77,0.94,0.84,0.89,0.85,自住-改善,两室一厅,79,647,申银万国证券分析员,三口之家(学龄段),市中心私密洋房住宅,当前房屋属于旧多层无电梯房，父母年纪渐高每天爬楼梯极为吃力。,要求有超大面宽南向双阳台（观景家政分离），主卧大飘窗能270度直面自然景观。,主要在陆家嘴/徐家汇CBD上班，首选地铁2/9号线沿线，通勤半小时内。,周末常去高端商圈消费，热衷打网球和马术，重度手冲咖啡及黑胶唱片发烧友。,名下已有企业股权套现或分红现金，一次性全款付清，基本不加杠杆,非仁恒、绿城、万科等金牌开发商不买，极度看重高端精装质量与顶级物业的增值口碑。,常年本地稳定居住，工作日职住通勤动线规则单一。
上_1997_00779,上海,1997,本地改善,53,女,0.6,6.7,0.45,11.1,3,2,否,B,agent,0.79,0.5,0.56,0.52,0.5,0.78,0.49,0.77,0.45,自住-改善,两室两厅,86,1088,邮政局局长秘书,二胎黄金期中大户型,上海中环品质两居，车位及空间极其拥挤,小区无地下车库且人车不分流，小孩在楼下玩耍或者推婴儿车极为不安全。,讲究超高得房率（超85%），主卧套房必须配备独立步入式衣帽间与干湿分离双卫。,主要在陆家嘴/徐家汇CBD上班，首选地铁2/9号线沿线，通勤半小时内。,倡导轻户外，周末常带家人自驾野营或山系徒步，注重生活情调与手作咖啡。,名下持有一套旧两居，置换回款 65% + 个人理财储蓄补充 + 公积金商业贷,重性价比，不盲信大牌，但要求物业管理有序、绿化修剪及时、人防技防规范。,常年本地稳定居住，工作日职住通勤动线规则单一。
上_1997_00780,上海,1997,教育型买房,39,女,0.7,4.8,0.4,8.9,4,0,否,B,social,0.83,0.52,0.26,0.43,0.54,0.68,0.61,0.89,0.58,学区房,两室两厅,60,1241,国企车间技术主任,成熟期核心家庭,上海中环品质两居，车位及空间极其拥挤,老小区隔音差，邻里滋扰严重，且车位严重匮乏，每晚加班回来抢车位像打仗。,核心要求地块属于第一梯队名校学区，且周边500米内解决幼小衔接教育配套。,主要在陆家嘴/徐家汇CBD上班，首选地铁2/9号线沿线，通勤半小时内。,倡导轻户外，周末常带家人自驾野营或山系徒步，注重生活情调与手作咖啡。,名下持有一套旧两居，置换回款 65% + 个人理财储蓄补充 + 公积金商业贷,重性价比，不盲信大牌，但要求物业管理有序、绿化修剪及时、人防技防规范。,常年本地稳定居住，工作日职住通勤动线规则单一。
上_1997_00781,上海,1997,教育型买房,35,女,0.6,5.6,0.4,10.5,2,1,是,B,social,0.97,0.43,0.42,0.47,0.62,0.68,0.43,1,0.39,学区房,一室一厅,62,965,市第二中学地理教师,三口之家(幼龄段),上海中环品质两居，车位及空间极其拥挤,小区无地下车库且人车不分流，小孩在楼下玩耍或者推婴儿车极为不安全。,核心要求地块属于第一梯队名校学区，且周边500米内解决幼小衔接教育配套。,主要在陆家嘴/徐家汇CBD上班，首选地铁2/9号线沿线，通勤半小时内。,倡导轻户外，周末常带家人自驾野营或山系徒步，注重生活情调与手作咖啡。,名下持有一套旧两居，置换回款 65% + 个人理财储蓄补充 + 公积金商业贷,重性价比，不盲信大牌，但要求物业管理有序、绿化修剪及时、人防技防规范。,常年本地稳定居住，工作日职住通勤动线规则单一。
上_1997_00782,上海,1997,本地改善,52,男,0.3,2.2,0.45,3.7,4,3,是,B,agent,0.93,0.49,0.63,0.53,0.71,0.97,0.64,0.58,0.61,自住-改善,两室两厅,97,256,市第二中学地理教师,二胎黄金期中大户型,上海中环品质两居，车位及空间极其拥挤,小区无地下车库且人车不分流，小孩在楼下玩耍或者推婴儿车极为不安全。,讲究超高得房率（超85%），主卧套房必须配备独立步入式衣帽间与干湿分离双卫。,主要在陆家嘴/徐家汇CBD上班，首选地铁2/9号线沿线，通勤半小时内。,倡导轻户外，周末常带家人自驾野营或山系徒步，注重生活情调与手作咖啡。,名下持有一套旧两居，置换回款 65% + 个人理财储蓄补充 + 公积金商业贷,重性价比，不盲信大牌，但要求物业管理有序、绿化修剪及时、人防技防规范。,常年本地稳定居住，工作日职住通勤动线规则单一。
上_1997_00783,上海,1997,本地改善,52,男,0.6,6.9,0.45,11.5,3,2,否,B,agent,0.55,0.32,0.63,0.31,0.61,0.88,0.57,0.86,0.67,自住-改善,两室两厅,50,1218,区财政局科员,二胎黄金期中大户型,上海中环品质两居，车位及空间极其拥挤,小区无地下车库且人车不分流，小孩在楼下玩耍或者推婴儿车极为不安全。,讲究超高得房率（超85%），主卧套房必须配备独立步入式衣帽间与干湿分离双卫。,主要在陆家嘴/徐家汇CBD上班，首选地铁2/9号线沿线，通勤半小时内。,倡导轻户外，周末常带家人自驾野营或山系徒步，注重生活情调与手作咖啡。,名下持有一套旧两居，置换回款 65% + 个人理财储蓄补充 + 公积金商业贷,重性价比，不盲信大牌，但要求物业管理有序、绿化修剪及时、人防技防规范。,常年本地稳定居住，工作日职住通勤动线规则单一。
上_1997_00784,上海,1997,本地改善,55,男,0.3,2.7,0.45,4.6,3,2,是,B,agent,0.68,0.46,0.55,0.48,0.57,0.98,0.73,0.71,0.63,自住-改善,一室一厅,74,381,区财政局科员,二胎黄金期中大户型,上海中环品质两居，车位及空间极其拥挤,小区无地下车库且人车不分流，小孩在楼下玩耍或者推婴儿车极为不安全。,讲究超高得房率（超85%），主卧套房必须配备独立步入式衣帽间与干湿分离双卫。,主要在陆家嘴/徐家汇CBD上班，首选地铁2/9号线沿线，通勤半小时内。,倡导轻户外，周末常带家人自驾野营或山系徒步，注重生活情调与手作咖啡。,名下持有一套旧两居，置换回款 65% + 个人理财储蓄补充 + 公积金商业贷,重性价比，不盲信大牌，但要求物业管理有序、绿化修剪及时、人防技防规范。,常年本地稳定居住，工作日职住通勤动线规则单一。
上_1997_00785,上海,1997,教育型买房,38,女,0.8,7.3,0.4,13.6,3,0,否,B,social,1,0.64,0.42,0.45,0.52,0.71,0.49,1,0.58,学区房,一室一厅,55,1297,邮政局局长秘书,成熟期核心家庭,上海中环品质两居，车位及空间极其拥挤,老小区隔音差，邻里滋扰严重，且车位严重匮乏，每晚加班回来抢车位像打仗。,讲究超高得房率（超85%），主卧套房必须配备独立步入式衣帽间与干湿分离双卫。,主要在陆家嘴/徐家汇CBD上班，首选地铁2/9号线沿线，通勤半小时内。,倡导轻户外，周末常带家人自驾野营或山系徒步，注重生活情调与手作咖啡。,名下持有一套旧两居，置换回款 65% + 个人理财储蓄补充 + 公积金商业贷,重性价比，不盲信大牌，但要求物业管理有序、绿化修剪及时、人防技防规范。,常年本地稳定居住，工作日职住通勤动线规则单一。
上_1997_00786,上海,1997,本地改善,57,女,0.5,4.0,0.45,6.7,4,2,否,B,agent,0.59,0.44,0.57,0.52,0.54,0.85,0.6,0.64,0.5,自住-改善,一室一厅,73,611,邮政局局长秘书,二胎黄金期中大户型,上海中环品质两居，车位及空间极其拥挤,小区无地下车库且人车不分流，小孩在楼下玩耍或者推婴儿车极为不安全。,讲究超高得房率（超85%），主卧套房必须配备独立步入式衣帽间与干湿分离双卫。,主要在陆家嘴/徐家汇CBD上班，首选地铁2/9号线沿线，通勤半小时内。,倡导轻户外，周末常带家人自驾野营或山系徒步，注重生活情调与手作咖啡。,名下持有一套旧两居，置换回款 65% + 个人理财储蓄补充 + 公积金商业贷,重性价比，不盲信大牌，但要求物业管理有序、绿化修剪及时、人防技防规范。,常年本地稳定居住，工作日职住通勤动线规则单一。
上_1997_00787,上海,1997,本地改善,53,男,0.4,5.3,0.45,8.9,5,3,否,B,agent,0.92,0.5,0.44,0.6,0.5,1.0,0.69,0.76,0.61,自住-改善,两室两厅,54,832,市第二中学地理教师,二胎黄金期中大户型,上海中环品质两居，车位及空间极其拥挤,小区无地下车库且人车不分流，小孩在楼下玩耍或者推婴儿车极为不安全。,讲究超高得房率（超85%），主卧套房必须配备独立步入式衣帽间与干湿分离双卫。,主要在陆家嘴/徐家汇CBD上班，首选地铁2/9号线沿线，通勤半小时内。,倡导轻户外，周末常带家人自驾野营或山系徒步，注重生活情调与手作咖啡。,名下持有一套旧两居，置换回款 65% + 个人理财储蓄补充 + 公积金商业贷,重性价比，不盲信大牌，但要求物业管理有序、绿化修剪及时、人防技防规范。,常年本地稳定居住，工作日职住通勤动线规则单一。
上_1997_00788,上海,1997,本地改善,54,女,0.6,7.1,0.45,11.8,3,2,是,B,agent,0.91,0.46,0.5,0.53,0.61,0.82,0.49,0.67,0.52,自住-改善,两室两厅,68,1129,邮政局局长秘书,二胎黄金期中大户型,上海中环品质两居，车位及空间极其拥挤,小区无地下车库且人车不分流，小孩在楼下玩耍或者推婴儿车极为不安全。,讲究超高得房率（超85%），主卧套房必须配备独立步入式衣帽间与干湿分离双卫。,主要在陆家嘴/徐家汇CBD上班，首选地铁2/9号线沿线，通勤半小时内。,倡导轻户外，周末常带家人自驾野营或山系徒步，注重生活情调与手作咖啡。,名下持有一套旧两居，置换回款 65% + 个人理财储蓄补充 + 公积金商业贷,重性价比，不盲信大牌，但要求物业管理有序、绿化修剪及时、人防技防规范。,常年本地稳定居住，工作日职住通勤动线规则单一。
上_1997_00789,上海,1997,金融精英,46,女,0.8,6.4,0.4,12.0,3,1,否,A,research,0.73,0.52,0.58,0.61,0.78,0.76,0.81,0.91,0.83,自住-首套,两室两厅,79,874,申银万国证券分析员,三口之家(学龄段),市中心私密洋房住宅,无高端私密会所及管家式物业配套，圈层鱼龙混杂，高净值居住体验差。,讲究超高得房率（超85%），主卧套房必须配备独立步入式衣帽间与干湿分离双卫。,主要在陆家嘴/徐家汇CBD上班，首选地铁2/9号线沿线，通勤半小时内。,周末常去高端商圈消费，热衷打网球和马术，重度手冲咖啡及黑胶唱片发烧友。,夫妻双方积蓄 + 双方父母出资赞助首付 + 公积金商业组合贷款,非仁恒、绿城、万科等金牌开发商不买，极度看重高端精装质量与顶级物业的增值口碑。,常年本地稳定居住，工作日职住通勤动线规则单一。
上_1997_00790,上海,1997,本地改善,57,女,0.5,4.5,0.45,7.6,4,2,是,B,agent,0.5,0.53,0.56,0.5,0.51,0.91,0.63,0.86,0.71,自住-改善,两室两厅,58,993,邮政局局长秘书,二胎黄金期中大户型,上海中环品质两居，车位及空间极其拥挤,小区无地下车库且人车不分流，小孩在楼下玩耍或者推婴儿车极为不安全。,讲究超高得房率（超85%），主卧套房必须配备独立步入式衣帽间与干湿分离双卫。,主要在陆家嘴/徐家汇CBD上班，首选地铁2/9号线沿线，通勤半小时内。,倡导轻户外，周末常带家人自驾野营或山系徒步，注重生活情调与手作咖啡。,名下持有一套旧两居，置换回款 65% + 个人理财储蓄补充 + 公积金商业贷,非仁恒、绿城、万科等金牌开发商不买，极度看重高端精装质量与顶级物业的增值口碑。,常年本地稳定居住，工作日职住通勤动线规则单一。
上_1997_00791,上海,1997,教育型买房,40,男,0.6,4.4,0.4,8.3,3,1,否,B,social,0.76,0.45,0.32,0.34,0.55,0.75,0.71,1,0.55,学区房,两室一厅,60,858,国企车间技术主任,三口之家(学龄段),上海中环品质两居，车位及空间极其拥挤,小区无地下车库且人车不分流，小孩在楼下玩耍或者推婴儿车极为不安全。,讲究超高得房率（超85%），主卧套房必须配备独立步入式衣帽间与干湿分离双卫。,主要在陆家嘴/徐家汇CBD上班，首选地铁2/9号线沿线，通勤半小时内。,倡导轻户外，周末常带家人自驾野营或山系徒步，注重生活情调与手作咖啡。,名下持有一套旧两居，置换回款 65% + 个人理财储蓄补充 + 公积金商业贷,重性价比，不盲信大牌，但要求物业管理有序、绿化修剪及时、人防技防规范。,常年本地稳定居住，工作日职住通勤动线规则单一。
上_1997_00792,上海,1997,金融精英,46,男,0.9,5.7,0.4,10.7,3,1,否,A,research,0.92,0.33,0.66,0.68,0.84,0.67,0.63,0.71,0.75,自住-改善,两室两厅,67,1124,商业银行支行信贷科长,三口之家(学龄段),市中心私密洋房住宅,无高端私密会所及管家式物业配套，圈层鱼龙混杂，高净值居住体验差。,核心要求地块属于第一梯队名校学区，且周边500米内解决幼小衔接教育配套。,主要在陆家嘴/徐家汇CBD上班，首选地铁2/9号线沿线，通勤半小时内。,周末常去高端商圈消费，热衷打网球和马术，重度手冲咖啡及黑胶唱片发烧友。,名下已有企业股权套现或分红现金，一次性全款付清，基本不加杠杆,非仁恒、绿城、万科等金牌开发商不买，极度看重高端精装质量与顶级物业的增值口碑。,常年本地稳定居住，工作日职住通勤动线规则单一。
上_1997_00793,上海,1997,外籍海归,30,女,0.7,5.6,0.4,10.4,3,1,否,A,social,0.56,0.57,0.57,0.76,0.78,0.68,0.55,0.8,0.8,婚房,一室一厅,84,653,外企驻沪办事处代表,三口之家(幼龄段),陆家嘴核心区江景大平层,无高端私密会所及管家式物业配套，圈层鱼龙混杂，高净值居住体验差。,要求独立电梯入户，主次卧动线分明，配备独立保姆房和私密后院。,主要在陆家嘴/徐家汇CBD上班，首选地铁2/9号线沿线，通勤半小时内。,周末常去高端商圈消费，热衷打网球和马术，重度手冲咖啡及黑胶唱片发烧友。,夫妻双方积蓄 + 双方父母出资赞助首付 + 公积金商业组合贷款,非仁恒、绿城、万科等金牌开发商不买，极度看重高端精装质量与顶级物业的增值口碑。,常年本地稳定居住，工作日职住通勤动线规则单一。
上_1997_00794,上海,1997,教育型买房,36,女,0.3,3.2,0.4,6.0,3,1,是,B,social,1,0.33,0.22,0.46,0.55,0.84,0.44,1,0.59,学区房,两室两厅,55,803,区财政局科员,三口之家(幼龄段),上海中环品质两居，车位及空间极其拥挤,小区无地下车库且人车不分流，小孩在楼下玩耍或者推婴儿车极为不安全。,讲究超高得房率（超85%），主卧套房必须配备独立步入式衣帽间与干湿分离双卫。,主要在陆家嘴/徐家汇CBD上班，首选地铁2/9号线沿线，通勤半小时内。,倡导轻户外，周末常带家人自驾野营或山系徒步，注重生活情调与手作咖啡。,名下持有一套旧两居，置换回款 65% + 个人理财储蓄补充 + 公积金商业贷,重性价比，不盲信大牌，但要求物业管理有序、绿化修剪及时、人防技防规范。,常年本地稳定居住，工作日职住通勤动线规则单一。
上_1997_00795,上海,1997,外籍海归,39,男,0.6,3.9,0.4,7.2,3,1,否,A,social,0.58,0.41,0.65,0.44,0.73,0.88,0.64,0.79,0.57,自住-首套,两室一厅,67,962,合资日化企业技术主管,三口之家(学龄段),陆家嘴核心区江景大平层,无高端私密会所及管家式物业配套，圈层鱼龙混杂，高净值居住体验差。,讲究超高得房率（超85%），主卧套房必须配备独立步入式衣帽间与干湿分离双卫。,主要在陆家嘴/徐家汇CBD上班，首选地铁2/9号线沿线，通勤半小时内。,周末常去高端商圈消费，热衷打网球和马术，重度手冲咖啡及黑胶唱片发烧友。,夫妻双方积蓄 + 双方父母出资赞助首付 + 公积金商业组合贷款,重性价比，不盲信大牌，但要求物业管理有序、绿化修剪及时、人防技防规范。,常年本地稳定居住，工作日职住通勤动线规则单一。
上_1997_00796,上海,1997,本地改善,41,男,0.4,3.5,0.45,5.8,4,2,是,B,agent,1,0.49,0.44,0.49,0.52,0.74,0.7,0.6,0.61,自住-改善,两室一厅,95,316,国企车间技术主任,二胎黄金期中大户型,上海中环品质两居，车位及空间极其拥挤,小区无地下车库且人车不分流，小孩在楼下玩耍或者推婴儿车极为不安全。,讲究超高得房率（超85%），主卧套房必须配备独立步入式衣帽间与干湿分离双卫。,主要在陆家嘴/徐家汇CBD上班，首选地铁2/9号线沿线，通勤半小时内。,倡导轻户外，周末常带家人自驾野营或山系徒步，注重生活情调与手作咖啡。,名下持有一套旧两居，置换回款 65% + 个人理财储蓄补充 + 公积金商业贷,重性价比，不盲信大牌，但要求物业管理有序、绿化修剪及时、人防技防规范。,常年本地稳定居住，工作日职住通勤动线规则单一。
上_1997_00797,上海,1997,本地改善,42,男,0.5,4.6,0.45,7.7,4,2,否,B,agent,0.6,0.38,0.56,0.61,0.55,0.89,0.62,0.7,0.65,自住-改善,两室两厅,100,646,区财政局科员,二胎黄金期中大户型,上海中环品质两居，车位及空间极其拥挤,小区无地下车库且人车不分流，小孩在楼下玩耍或者推婴儿车极为不安全。,讲究超高得房率（超85%），主卧套房必须配备独立步入式衣帽间与干湿分离双卫。,主要在陆家嘴/徐家汇CBD上班，首选地铁2/9号线沿线，通勤半小时内。,倡导轻户外，周末常带家人自驾野营或山系徒步，注重生活情调与手作咖啡。,名下持有一套旧两居，置换回款 65% + 个人理财储蓄补充 + 公积金商业贷,重性价比，不盲信大牌，但要求物业管理有序、绿化修剪及时、人防技防规范。,常年本地稳定居住，工作日职住通勤动线规则单一。
上_1997_00798,上海,1997,金融精英,38,女,0.8,7.0,0.4,13.1,3,0,否,A,research,0.82,0.33,0.65,0.6,0.83,0.64,0.86,0.78,0.9,自住-改善,一室一厅,57,1789,老牌证券公司营业部经理,成熟期核心家庭,西湖边高精平层,无高端私密会所及管家式物业配套，圈层鱼龙混杂，高净值居住体验差。,核心要求地块属于第一梯队名校学区，且周边500米内解决幼小衔接教育配套。,主要在陆家嘴/徐家汇CBD上班，首选地铁2/9号线沿线，通勤半小时内。,周末常去高端商圈消费，热衷打网球和马术，重度手冲咖啡及黑胶唱片发烧友。,名下已有企业股权套现或分红现金，一次性全款付清，基本不加杠杆,非仁恒、绿城、万科等金牌开发商不买，极度看重高端精装质量与顶级物业的增值口碑。,常年本地稳定居住，工作日职住通勤动线规则单一。
上_1997_00799,上海,1997,本地改善,54,男,0.6,5.2,0.45,8.7,5,2,否,B,agent,0.74,0.64,0.64,0.63,0.56,0.74,0.6,0.8,0.63,自住-改善,一室一厅,74,993,国企车间技术主任,二胎黄金期中大户型,上海中环品质两居，车位及空间极其拥挤,小区无地下车库且人车不分流，小孩在楼下玩耍或者推婴儿车极为不安全。,讲究超高得房率（超85%），主卧套房必须配备独立步入式衣帽间与干湿分离双卫。,主要在陆家嘴/徐家汇CBD上班，首选地铁2/9号线沿线，通勤半小时内。,倡导轻户外，周末常带家人自驾野营或山系徒步，注重生活情调与手作咖啡。,名下持有一套旧两居，置换回款 65% + 个人理财储蓄补充 + 公积金商业贷,重性价比，不盲信大牌，但要求物业管理有序、绿化修剪及时、人防技防规范。,常年本地稳定居住，工作日职住通勤动线规则单一。
上_1997_00800,上海,1997,本地改善,54,男,0.7,8.0,0.45,13.3,4,2,否,B,agent,0.9,0.49,0.54,0.4,0.59,0.89,0.54,0.77,0.62,自住-改善,两室一厅,87,940,市第二中学地理教师,二胎黄金期中大户型,上海中环品质两居，车位及空间极其拥挤,小区无地下车库且人车不分流，小孩在楼下玩耍或者推婴儿车极为不安全。,讲究超高得房率（超85%），主卧套房必须配备独立步入式衣帽间与干湿分离双卫。,主要在陆家嘴/徐家汇CBD上班，首选地铁2/9号线沿线，通勤半小时内。,倡导轻户外，周末常带家人自驾野营或山系徒步，注重生活情调与手作咖啡。,名下持有一套旧两居，置换回款 65% + 个人理财储蓄补充 + 公积金商业贷,重性价比，不盲信大牌，但要求物业管理有序、绿化修剪及时、人防技防规范。,常年本地稳定居住，工作日职住通勤动线规则单一。
上_1997_00801,上海,1997,金融精英,49,女,1.2,12.1,0.4,22.7,4,1,否,A,research,0.89,0.6,0.56,0.6,0.75,0.74,0.64,0.82,0.77,自住-首套,两室一厅,67,1776,老牌证券公司营业部经理,三口之家(学龄段),陆家嘴核心区江景大平层,无高端私密会所及管家式物业配套，圈层鱼龙混杂，高净值居住体验差。,讲究超高得房率（超85%），主卧套房必须配备独立步入式衣帽间与干湿分离双卫。,主要在陆家嘴/徐家汇CBD上班，首选地铁2/9号线沿线，通勤半小时内。,周末常去高端商圈消费，热衷打网球和马术，重度手冲咖啡及黑胶唱片发烧友。,夫妻双方积蓄 + 双方父母出资赞助首付 + 公积金商业组合贷款,非仁恒、绿城、万科等金牌开发商不买，极度看重高端精装质量与顶级物业的增值口碑。,常年本地稳定居住，工作日职住通勤动线规则单一。
上_1997_00802,上海,1997,外籍海归,33,女,0.8,4.7,0.4,8.8,3,2,否,A,social,0.81,0.62,0.71,0.47,0.83,0.71,0.62,0.83,0.76,婚房,两室一厅,91,849,外企驻沪办事处代表,二胎黄金期中大户型,陆家嘴核心区江景大平层,无高端私密会所及管家式物业配套，圈层鱼龙混杂，高净值居住体验差。,要求有超大面宽南向双阳台（观景家政分离），主卧大飘窗能270度直面自然景观。,主要在陆家嘴/徐家汇CBD上班，首选地铁2/9号线沿线，通勤半小时内。,周末常去高端商圈消费，热衷打网球和马术，重度手冲咖啡及黑胶唱片发烧友。,夫妻双方积蓄 + 双方父母出资赞助首付 + 公积金商业组合贷款,非仁恒、绿城、万科等金牌开发商不买，极度看重高端精装质量与顶级物业的增值口碑。,常年本地稳定居住，工作日职住通勤动线规则单一。
上_1997_00803,上海,1997,教育型买房,46,女,0.5,3.7,0.4,6.9,3,0,否,B,social,0.9,0.36,0.29,0.58,0.45,0.75,0.44,0.92,0.7,学区房,两室一厅,80,768,国企车间技术主任,成熟期核心家庭,上海中环品质两居，车位及空间极其拥挤,老小区隔音差，邻里滋扰严重，且车位严重匮乏，每晚加班回来抢车位像打仗。,讲究超高得房率（超85%），主卧套房必须配备独立步入式衣帽间与干湿分离双卫。,主要在陆家嘴/徐家汇CBD上班，首选地铁2/9号线沿线，通勤半小时内。,倡导轻户外，周末常带家人自驾野营或山系徒步，注重生活情调与手作咖啡。,名下持有一套旧两居，置换回款 65% + 个人理财储蓄补充 + 公积金商业贷,非仁恒、绿城、万科等金牌开发商不买，极度看重高端精装质量与顶级物业的增值口碑。,常年本地稳定居住，工作日职住通勤动线规则单一。
上_1997_00804,上海,1997,本地改善,49,男,0.5,4.6,0.45,7.7,4,1,是,B,agent,0.85,0.49,0.46,0.64,0.6,0.86,0.65,0.73,0.69,自住-改善,两室两厅,61,798,市第二中学地理教师,三口之家(学龄段),上海中环品质两居，车位及空间极其拥挤,小区无地下车库且人车不分流，小孩在楼下玩耍或者推婴儿车极为不安全。,讲究超高得房率（超85%），主卧套房必须配备独立步入式衣帽间与干湿分离双卫。,主要在陆家嘴/徐家汇CBD上班，首选地铁2/9号线沿线，通勤半小时内。,倡导轻户外，周末常带家人自驾野营或山系徒步，注重生活情调与手作咖啡。,名下持有一套旧两居，置换回款 65% + 个人理财储蓄补充 + 公积金商业贷,重性价比，不盲信大牌，但要求物业管理有序、绿化修剪及时、人防技防规范。,常年本地稳定居住，工作日职住通勤动线规则单一。
上_1997_00805,上海,1997,长三角家庭,42,女,0.6,3.7,0.45,6.2,3,1,否,B,agent,0.99,0.46,0.51,0.49,0.47,0.8,0.47,0.69,0.73,自住-首套,两室一厅,100,396,邮政局局长秘书,三口之家(学龄段),上海中环品质两居，车位及空间极其拥挤,小区无地下车库且人车不分流，小孩在楼下玩耍或者推婴儿车极为不安全。,讲究超高得房率（超85%），主卧套房必须配备独立步入式衣帽间与干湿分离双卫。,主要在陆家嘴/徐家汇CBD上班，首选地铁2/9号线沿线，通勤半小时内。,倡导轻户外，周末常带家人自驾野营或山系徒步，注重生活情调与手作咖啡。,夫妻双方积蓄 + 双方父母出资赞助首付 + 公积金商业组合贷款,非仁恒、绿城、万科等金牌开发商不买，极度看重高端精装质量与顶级物业的增值口碑。,常年本地稳定居住，工作日职住通勤动线规则单一。
上_1997_00806,上海,1997,金融精英,48,女,0.8,6.8,0.4,12.8,3,2,否,A,research,0.89,0.38,0.64,0.58,0.75,0.76,0.66,0.84,0.75,自住-首套,两室两厅,52,1366,老牌证券公司营业部经理,二胎黄金期中大户型,陆家嘴核心区江景大平层,无高端私密会所及管家式物业配套，圈层鱼龙混杂，高净值居住体验差。,讲究超高得房率（超85%），主卧套房必须配备独立步入式衣帽间与干湿分离双卫。,主要在陆家嘴/徐家汇CBD上班，首选地铁2/9号线沿线，通勤半小时内。,周末常去高端商圈消费，热衷打网球和马术，重度手冲咖啡及黑胶唱片发烧友。,夫妻双方积蓄 + 双方父母出资赞助首付 + 公积金商业组合贷款,非仁恒、绿城、万科等金牌开发商不买，极度看重高端精装质量与顶级物业的增值口碑。,常年本地稳定居住，工作日职住通勤动线规则单一。
上_1997_00807,上海,1997,教育型买房,43,男,0.8,5.0,0.4,9.3,3,2,否,B,social,0.74,0.4,0.47,0.42,0.49,0.71,0.55,1,0.76,学区房,两室一厅,94,867,市第二中学地理教师,二胎黄金期中大户型,上海中环品质两居，车位及空间极其拥挤,小区无地下车库且人车不分流，小孩在楼下玩耍或者推婴儿车极为不安全。,讲究超高得房率（超85%），主卧套房必须配备独立步入式衣帽间与干湿分离双卫。,主要在陆家嘴/徐家汇CBD上班，首选地铁2/9号线沿线，通勤半小时内。,倡导轻户外，周末常带家人自驾野营或山系徒步，注重生活情调与手作咖啡。,名下持有一套旧两居，置换回款 65% + 个人理财储蓄补充 + 公积金商业贷,非仁恒、绿城、万科等金牌开发商不买，极度看重高端精装质量与顶级物业的增值口碑。,常年本地稳定居住，工作日职住通勤动线规则单一。
上_1997_00808,上海,1997,长三角家庭,40,男,0.4,3.7,0.45,6.2,4,2,是,B,agent,0.71,0.51,0.51,0.52,0.57,0.77,0.46,0.78,0.71,自住-首套,两室一厅,97,510,市第二中学地理教师,二胎黄金期中大户型,上海中环品质两居，车位及空间极其拥挤,小区无地下车库且人车不分流，小孩在楼下玩耍或者推婴儿车极为不安全。,讲究超高得房率（超85%），主卧套房必须配备独立步入式衣帽间与干湿分离双卫。,主要在陆家嘴/徐家汇CBD上班，首选地铁2/9号线沿线，通勤半小时内。,倡导轻户外，周末常带家人自驾野营或山系徒步，注重生活情调与手作咖啡。,夫妻双方积蓄 + 双方父母出资赞助首付 + 公积金商业组合贷款,非仁恒、绿城、万科等金牌开发商不买，极度看重高端精装质量与顶级物业的增值口碑。,常年本地稳定居住，工作日职住通勤动线规则单一。
上_1997_00809,上海,1997,长三角家庭,50,男,0.7,5.6,0.45,9.3,3,1,是,B,agent,0.53,0.62,0.6,0.42,0.65,0.83,0.65,0.72,0.69,自住-首套,两室一厅,78,861,邮政局局长秘书,三口之家(学龄段),上海中环品质两居，车位及空间极其拥挤,小区无地下车库且人车不分流，小孩在楼下玩耍或者推婴儿车极为不安全。,讲究超高得房率（超85%），主卧套房必须配备独立步入式衣帽间与干湿分离双卫。,主要在陆家嘴/徐家汇CBD上班，首选地铁2/9号线沿线，通勤半小时内。,倡导轻户外，周末常带家人自驾野营或山系徒步，注重生活情调与手作咖啡。,夫妻双方积蓄 + 双方父母出资赞助首付 + 公积金商业组合贷款,重性价比，不盲信大牌，但要求物业管理有序、绿化修剪及时、人防技防规范。,常年本地稳定居住，工作日职住通勤动线规则单一。
上_1997_00810,上海,1997,金融精英,47,女,0.7,5.2,0.4,9.7,2,0,是,A,research,0.73,0.38,0.62,0.62,0.8,0.75,0.75,0.78,0.78,自住-改善,两室两厅,50,1462,申银万国证券分析员,成熟期核心家庭,西湖边高精平层,当前房屋属于旧多层无电梯房，父母年纪渐高每天爬楼梯极为吃力。,讲究超高得房率（超85%），主卧套房必须配备独立步入式衣帽间与干湿分离双卫。,主要在陆家嘴/徐家汇CBD上班，首选地铁2/9号线沿线，通勤半小时内。,周末常去高端商圈消费，热衷打网球和马术，重度手冲咖啡及黑胶唱片发烧友。,名下已有企业股权套现或分红现金，一次性全款付清，基本不加杠杆,非仁恒、绿城、万科等金牌开发商不买，极度看重高端精装质量与顶级物业的增值口碑。,常年本地稳定居住，工作日职住通勤动线规则单一。
上_1997_00811,上海,1997,本地改善,47,男,0.3,2.4,0.45,4.0,4,2,是,B,agent,0.73,0.59,0.38,0.49,0.45,0.96,0.64,0.62,0.57,自住-改善,一室一厅,87,281,国企车间技术主任,二胎黄金期中大户型,上海中环品质两居，车位及空间极其拥挤,小区无地下车库且人车不分流，小孩在楼下玩耍或者推婴儿车极为不安全。,讲究超高得房率（超85%），主卧套房必须配备独立步入式衣帽间与干湿分离双卫。,主要在陆家嘴/徐家汇CBD上班，首选地铁2/9号线沿线，通勤半小时内。,倡导轻户外，周末常带家人自驾野营或山系徒步，注重生活情调与手作咖啡。,名下持有一套旧两居，置换回款 65% + 个人理财储蓄补充 + 公积金商业贷,重性价比，不盲信大牌，但要求物业管理有序、绿化修剪及时、人防技防规范。,常年本地稳定居住，工作日职住通勤动线规则单一。
上_1997_00812,上海,1997,本地改善,57,男,0.3,3.9,0.45,6.6,4,1,否,B,agent,0.67,0.42,0.45,0.35,0.51,0.84,0.65,0.76,0.61,自住-改善,两室两厅,87,546,国企车间技术主任,三口之家(学龄段),上海中环品质两居，车位及空间极其拥挤,小区无地下车库且人车不分流，小孩在楼下玩耍或者推婴儿车极为不安全。,讲究超高得房率（超85%），主卧套房必须配备独立步入式衣帽间与干湿分离双卫。,主要在陆家嘴/徐家汇CBD上班，首选地铁2/9号线沿线，通勤半小时内。,倡导轻户外，周末常带家人自驾野营或山系徒步，注重生活情调与手作咖啡。,名下持有一套旧两居，置换回款 65% + 个人理财储蓄补充 + 公积金商业贷,重性价比，不盲信大牌，但要求物业管理有序、绿化修剪及时、人防技防规范。,常年本地稳定居住，工作日职住通勤动线规则单一。
上_1997_00813,上海,1997,教育型买房,40,女,0.6,4.8,0.4,9.1,4,1,是,B,social,0.81,0.46,0.39,0.5,0.46,0.7,0.45,0.92,0.65,学区房,两室一厅,52,1245,区财政局科员,三口之家(学龄段),上海中环品质两居，车位及空间极其拥挤,小区无地下车库且人车不分流，小孩在楼下玩耍或者推婴儿车极为不安全。,核心要求地块属于第一梯队名校学区，且周边500米内解决幼小衔接教育配套。,主要在陆家嘴/徐家汇CBD上班，首选地铁2/9号线沿线，通勤半小时内。,倡导轻户外，周末常带家人自驾野营或山系徒步，注重生活情调与手作咖啡。,名下持有一套旧两居，置换回款 65% + 个人理财储蓄补充 + 公积金商业贷,重性价比，不盲信大牌，但要求物业管理有序、绿化修剪及时、人防技防规范。,常年本地稳定居住，工作日职住通勤动线规则单一。
上_1997_00814,上海,1997,本地改善,51,女,0.4,2.9,0.45,4.8,4,1,否,B,agent,0.98,0.59,0.56,0.47,0.59,0.82,0.69,0.68,0.58,自住-改善,一室一厅,63,397,邮政局局长秘书,三口之家(学龄段),上海中环品质两居，车位及空间极其拥挤,小区无地下车库且人车不分流，小孩在楼下玩耍或者推婴儿车极为不安全。,讲究超高得房率（超85%），主卧套房必须配备独立步入式衣帽间与干湿分离双卫。,主要在陆家嘴/徐家汇CBD上班，首选地铁2/9号线沿线，通勤半小时内。,倡导轻户外，周末常带家人自驾野营或山系徒步，注重生活情调与手作咖啡。,名下持有一套旧两居，置换回款 65% + 个人理财储蓄补充 + 公积金商业贷,重性价比，不盲信大牌，但要求物业管理有序、绿化修剪及时、人防技防规范。,常年本地稳定居住，工作日职住通勤动线规则单一。
上_1997_00815,上海,1997,本地改善,45,女,0.3,4.4,0.45,7.3,5,1,否,B,agent,1,0.32,0.76,0.45,0.6,0.8,0.69,0.89,0.63,自住-改善,一室一厅,92,516,邮政局局长秘书,三口之家(学龄段),上海中环品质两居，车位及空间极其拥挤,小区无地下车库且人车不分流，小孩在楼下玩耍或者推婴儿车极为不安全。,要求有超大面宽南向双阳台（观景家政分离），主卧大飘窗能270度直面自然景观。,主要在陆家嘴/徐家汇CBD上班，首选地铁2/9号线沿线，通勤半小时内。,倡导轻户外，周末常带家人自驾野营或山系徒步，注重生活情调与手作咖啡。,名下持有一套旧两居，置换回款 65% + 个人理财储蓄补充 + 公积金商业贷,重性价比，不盲信大牌，但要求物业管理有序、绿化修剪及时、人防技防规范。,常年本地稳定居住，工作日职住通勤动线规则单一。
上_1997_00816,上海,1997,金融精英,34,女,1.0,9.7,0.4,18.2,3,1,否,A,research,0.82,0.35,0.66,0.62,0.84,0.87,0.66,0.84,0.79,自住-首套,两室一厅,81,1386,老牌证券公司营业部经理,三口之家(幼龄段),陆家嘴核心区江景大平层,无高端私密会所及管家式物业配套，圈层鱼龙混杂，高净值居住体验差。,讲究超高得房率（超85%），主卧套房必须配备独立步入式衣帽间与干湿分离双卫。,主要在陆家嘴/徐家汇CBD上班，首选地铁2/9号线沿线，通勤半小时内。,周末常去高端商圈消费，热衷打网球和马术，重度手冲咖啡及黑胶唱片发烧友。,夫妻双方积蓄 + 双方父母出资赞助首付 + 公积金商业组合贷款,非仁恒、绿城、万科等金牌开发商不买，极度看重高端精装质量与顶级物业的增值口碑。,常年本地稳定居住，工作日职住通勤动线规则单一。
上_1997_00817,上海,1997,金融精英,46,男,0.5,3.5,0.4,6.6,3,0,否,A,research,0.71,0.51,0.66,0.47,0.62,0.71,0.63,0.71,0.68,自住-改善,两室两厅,85,599,商业银行支行信贷科长,成熟期核心家庭,市中心私密洋房住宅,无高端私密会所及管家式物业配套，圈层鱼龙混杂，高净值居住体验差。,讲究超高得房率（超85%），主卧套房必须配备独立步入式衣帽间与干湿分离双卫。,主要在陆家嘴/徐家汇CBD上班，首选地铁2/9号线沿线，通勤半小时内。,周末常去高端商圈消费，热衷打网球和马术，重度手冲咖啡及黑胶唱片发烧友。,名下已有企业股权套现或分红现金，一次性全款付清，基本不加杠杆,重性价比，不盲信大牌，但要求物业管理有序、绿化修剪及时、人防技防规范。,常年本地稳定居住，工作日职住通勤动线规则单一。
上_1997_00818,上海,1997,本地改善,47,男,0.3,2.8,0.45,4.6,5,2,是,B,agent,0.87,0.45,0.56,0.46,0.57,0.75,0.5,0.72,0.68,自住-改善,两室一厅,62,611,区财政局科员,二胎黄金期中大户型,上海中环品质两居，车位及空间极其拥挤,小区无地下车库且人车不分流，小孩在楼下玩耍或者推婴儿车极为不安全。,讲究超高得房率（超85%），主卧套房必须配备独立步入式衣帽间与干湿分离双卫。,主要在陆家嘴/徐家汇CBD上班，首选地铁2/9号线沿线，通勤半小时内。,倡导轻户外，周末常带家人自驾野营或山系徒步，注重生活情调与手作咖啡。,名下持有一套旧两居，置换回款 65% + 个人理财储蓄补充 + 公积金商业贷,重性价比，不盲信大牌，但要求物业管理有序、绿化修剪及时、人防技防规范。,常年本地稳定居住，工作日职住通勤动线规则单一。
上_1997_00819,上海,1997,本地改善,41,女,0.4,3.4,0.45,5.7,4,2,是,B,agent,0.7,0.39,0.51,0.48,0.48,0.86,0.57,0.71,0.76,自住-改善,两室一厅,54,742,区财政局科员,二胎黄金期中大户型,上海中环品质两居，车位及空间极其拥挤,小区无地下车库且人车不分流，小孩在楼下玩耍或者推婴儿车极为不安全。,讲究超高得房率（超85%），主卧套房必须配备独立步入式衣帽间与干湿分离双卫。,主要在陆家嘴/徐家汇CBD上班，首选地铁2/9号线沿线，通勤半小时内。,倡导轻户外，周末常带家人自驾野营或山系徒步，注重生活情调与手作咖啡。,名下持有一套旧两居，置换回款 65% + 个人理财储蓄补充 + 公积金商业贷,非仁恒、绿城、万科等金牌开发商不买，极度看重高端精装质量与顶级物业的增值口碑。,常年本地稳定居住，工作日职住通勤动线规则单一。
上_1997_00820,上海,1997,本地改善,48,男,0.3,3.0,0.45,5.0,4,2,是,B,agent,0.98,0.44,0.49,0.54,0.59,0.75,0.49,0.72,0.69,自住-改善,两室一厅,87,369,市第二中学地理教师,二胎黄金期中大户型,上海中环品质两居，车位及空间极其拥挤,小区无地下车库且人车不分流，小孩在楼下玩耍或者推婴儿车极为不安全。,讲究超高得房率（超85%），主卧套房必须配备独立步入式衣帽间与干湿分离双卫。,主要在陆家嘴/徐家汇CBD上班，首选地铁2/9号线沿线，通勤半小时内。,倡导轻户外，周末常带家人自驾野营或山系徒步，注重生活情调与手作咖啡。,名下持有一套旧两居，置换回款 65% + 个人理财储蓄补充 + 公积金商业贷,重性价比，不盲信大牌，但要求物业管理有序、绿化修剪及时、人防技防规范。,常年本地稳定居住，工作日职住通勤动线规则单一。
上_1997_00821,上海,1997,本地改善,41,男,0.3,2.3,0.45,3.8,4,3,是,B,agent,0.99,0.51,0.48,0.62,0.53,0.78,0.54,0.71,0.58,自住-改善,两室两厅,64,522,国企车间技术主任,二胎黄金期中大户型,上海中环品质两居，车位及空间极其拥挤,小区无地下车库且人车不分流，小孩在楼下玩耍或者推婴儿车极为不安全。,讲究超高得房率（超85%），主卧套房必须配备独立步入式衣帽间与干湿分离双卫。,主要在陆家嘴/徐家汇CBD上班，首选地铁2/9号线沿线，通勤半小时内。,倡导轻户外，周末常带家人自驾野营或山系徒步，注重生活情调与手作咖啡。,名下持有一套旧两居，置换回款 65% + 个人理财储蓄补充 + 公积金商业贷,重性价比，不盲信大牌，但要求物业管理有序、绿化修剪及时、人防技防规范。,常年本地稳定居住，工作日职住通勤动线规则单一。
上_1997_00822,上海,1997,本地改善,39,女,0.4,3.6,0.45,6.1,4,3,是,B,agent,0.9,0.53,0.56,0.46,0.61,0.91,0.55,0.8,0.59,自住-改善,一室一厅,76,563,国企车间技术主任,二胎黄金期中大户型,上海中环品质两居，车位及空间极其拥挤,小区无地下车库且人车不分流，小孩在楼下玩耍或者推婴儿车极为不安全。,讲究超高得房率（超85%），主卧套房必须配备独立步入式衣帽间与干湿分离双卫。,主要在陆家嘴/徐家汇CBD上班，首选地铁2/9号线沿线，通勤半小时内。,倡导轻户外，周末常带家人自驾野营或山系徒步，注重生活情调与手作咖啡。,名下持有一套旧两居，置换回款 65% + 个人理财储蓄补充 + 公积金商业贷,重性价比，不盲信大牌，但要求物业管理有序、绿化修剪及时、人防技防规范。,常年本地稳定居住，工作日职住通勤动线规则单一。
上_1997_00823,上海,1997,本地改善,54,女,0.5,5.1,0.45,8.6,5,2,否,B,agent,0.85,0.56,0.51,0.49,0.61,0.69,0.47,0.66,0.68,自住-改善,两室一厅,84,755,邮政局局长秘书,二胎黄金期中大户型,上海中环品质两居，车位及空间极其拥挤,小区无地下车库且人车不分流，小孩在楼下玩耍或者推婴儿车极为不安全。,要求采光通透，全明户型，带多功能嵌入式收纳墙以最大化空间利用。,主要在陆家嘴/徐家汇CBD上班，首选地铁2/9号线沿线，通勤半小时内。,倡导轻户外，周末常带家人自驾野营或山系徒步，注重生活情调与手作咖啡。,名下持有一套旧两居，置换回款 65% + 个人理财储蓄补充 + 公积金商业贷,重性价比，不盲信大牌，但要求物业管理有序、绿化修剪及时、人防技防规范。,常年本地稳定居住，工作日职住通勤动线规则单一。
上_1997_00824,上海,1997,长三角家庭,46,女,0.5,4.4,0.45,7.3,5,3,是,B,agent,0.85,0.51,0.66,0.45,0.55,0.82,0.48,0.7,0.78,自住-改善,一室一厅,69,856,区财政局科员,二胎黄金期中大户型,上海中环品质两居，车位及空间极其拥挤,小区无地下车库且人车不分流，小孩在楼下玩耍或者推婴儿车极为不安全。,讲究超高得房率（超85%），主卧套房必须配备独立步入式衣帽间与干湿分离双卫。,主要在陆家嘴/徐家汇CBD上班，首选地铁2/9号线沿线，通勤半小时内。,倡导轻户外，周末常带家人自驾野营或山系徒步，注重生活情调与手作咖啡。,名下持有一套旧两居，置换回款 65% + 个人理财储蓄补充 + 公积金商业贷,非仁恒、绿城、万科等金牌开发商不买，极度看重高端精装质量与顶级物业的增值口碑。,常年本地稳定居住，工作日职住通勤动线规则单一。
上_1997_00825,上海,1997,本地改善,53,男,0.4,4.5,0.45,7.5,4,2,否,B,agent,0.83,0.53,0.63,0.47,0.65,0.74,0.52,0.58,0.71,自住-改善,一室一厅,54,952,区财政局科员,二胎黄金期中大户型,上海中环品质两居，车位及空间极其拥挤,小区无地下车库且人车不分流，小孩在楼下玩耍或者推婴儿车极为不安全。,讲究超高得房率（超85%），主卧套房必须配备独立步入式衣帽间与干湿分离双卫。,主要在陆家嘴/徐家汇CBD上班，首选地铁2/9号线沿线，通勤半小时内。,倡导轻户外，周末常带家人自驾野营或山系徒步，注重生活情调与手作咖啡。,名下持有一套旧两居，置换回款 65% + 个人理财储蓄补充 + 公积金商业贷,非仁恒、绿城、万科等金牌开发商不买，极度看重高端精装质量与顶级物业的增值口碑。,常年本地稳定居住，工作日职住通勤动线规则单一。
上_1997_00826,上海,1997,教育型买房,32,女,0.4,2.4,0.4,4.5,3,1,是,B,social,0.81,0.38,0.29,0.47,0.61,0.59,0.65,1,0.68,学区房,两室一厅,63,426,邮政局局长秘书,三口之家(幼龄段),上海中环品质两居，车位及空间极其拥挤,小区无地下车库且人车不分流，小孩在楼下玩耍或者推婴儿车极为不安全。,核心要求地块属于第一梯队名校学区，且周边500米内解决幼小衔接教育配套。,主要在陆家嘴/徐家汇CBD上班，首选地铁2/9号线沿线，通勤半小时内。,倡导轻户外，周末常带家人自驾野营或山系徒步，注重生活情调与手作咖啡。,名下持有一套旧两居，置换回款 65% + 个人理财储蓄补充 + 公积金商业贷,重性价比，不盲信大牌，但要求物业管理有序、绿化修剪及时、人防技防规范。,常年本地稳定居住，工作日职住通勤动线规则单一。
上_1997_00827,上海,1997,本地改善,58,男,0.5,4.4,0.45,7.4,6,2,否,B,agent,0.73,0.51,0.62,0.41,0.59,0.79,0.46,0.71,0.7,自住-改善,两室一厅,88,680,市第二中学地理教师,二胎黄金期中大户型,上海中环品质两居，车位及空间极其拥挤,小区无地下车库且人车不分流，小孩在楼下玩耍或者推婴儿车极为不安全。,讲究超高得房率（超85%），主卧套房必须配备独立步入式衣帽间与干湿分离双卫。,主要在陆家嘴/徐家汇CBD上班，首选地铁2/9号线沿线，通勤半小时内。,倡导轻户外，周末常带家人自驾野营或山系徒步，注重生活情调与手作咖啡。,名下持有一套旧两居，置换回款 65% + 个人理财储蓄补充 + 公积金商业贷,非仁恒、绿城、万科等金牌开发商不买，极度看重高端精装质量与顶级物业的增值口碑。,常年本地稳定居住，工作日职住通勤动线规则单一。
上_1997_00828,上海,1997,本地改善,48,男,0.6,7.7,0.45,12.9,3,2,否,B,agent,0.64,0.68,0.49,0.47,0.52,0.86,0.59,0.76,0.56,自住-改善,两室两厅,93,926,市第二中学地理教师,二胎黄金期中大户型,上海中环品质两居，车位及空间极其拥挤,小区无地下车库且人车不分流，小孩在楼下玩耍或者推婴儿车极为不安全。,讲究超高得房率（超85%），主卧套房必须配备独立步入式衣帽间与干湿分离双卫。,主要在陆家嘴/徐家汇CBD上班，首选地铁2/9号线沿线，通勤半小时内。,倡导轻户外，周末常带家人自驾野营或山系徒步，注重生活情调与手作咖啡。,名下持有一套旧两居，置换回款 65% + 个人理财储蓄补充 + 公积金商业贷,重性价比，不盲信大牌，但要求物业管理有序、绿化修剪及时、人防技防规范。,常年本地稳定居住，工作日职住通勤动线规则单一。
上_1997_00829,上海,1997,本地改善,48,男,0.4,3.8,0.45,6.4,4,2,是,B,agent,0.74,0.59,0.47,0.53,0.59,0.89,0.6,0.79,0.56,自住-改善,一室一厅,90,486,国企车间技术主任,二胎黄金期中大户型,上海中环品质两居，车位及空间极其拥挤,小区无地下车库且人车不分流，小孩在楼下玩耍或者推婴儿车极为不安全。,讲究超高得房率（超85%），主卧套房必须配备独立步入式衣帽间与干湿分离双卫。,主要在陆家嘴/徐家汇CBD上班，首选地铁2/9号线沿线，通勤半小时内。,倡导轻户外，周末常带家人自驾野营或山系徒步，注重生活情调与手作咖啡。,名下持有一套旧两居，置换回款 65% + 个人理财储蓄补充 + 公积金商业贷,重性价比，不盲信大牌，但要求物业管理有序、绿化修剪及时、人防技防规范。,常年本地稳定居住，工作日职住通勤动线规则单一。
上_1997_00830,上海,1997,本地改善,42,女,0.4,4.7,0.45,7.8,3,1,是,B,agent,0.54,0.36,0.46,0.5,0.67,1,0.73,0.79,0.43,自住-改善,一室一厅,66,1035,邮政局局长秘书,三口之家(学龄段),上海中环品质两居，车位及空间极其拥挤,小区无地下车库且人车不分流，小孩在楼下玩耍或者推婴儿车极为不安全。,讲究超高得房率（超85%），主卧套房必须配备独立步入式衣帽间与干湿分离双卫。,主要在陆家嘴/徐家汇CBD上班，首选地铁2/9号线沿线，通勤半小时内。,倡导轻户外，周末常带家人自驾野营或山系徒步，注重生活情调与手作咖啡。,名下持有一套旧两居，置换回款 65% + 个人理财储蓄补充 + 公积金商业贷,重性价比，不盲信大牌，但要求物业管理有序、绿化修剪及时、人防技防规范。,常年本地稳定居住，工作日职住通勤动线规则单一。
上_1997_00831,上海,1997,本地改善,38,女,0.3,2.4,0.45,4.0,4,1,是,B,agent,0.86,0.44,0.65,0.45,0.44,0.86,0.57,0.77,0.73,自住-改善,两室一厅,88,234,国企车间技术主任,三口之家(学龄段),上海中环品质两居，车位及空间极其拥挤,小区无地下车库且人车不分流，小孩在楼下玩耍或者推婴儿车极为不安全。,讲究超高得房率（超85%），主卧套房必须配备独立步入式衣帽间与干湿分离双卫。,主要在陆家嘴/徐家汇CBD上班，首选地铁2/9号线沿线，通勤半小时内。,倡导轻户外，周末常带家人自驾野营或山系徒步，注重生活情调与手作咖啡。,名下持有一套旧两居，置换回款 65% + 个人理财储蓄补充 + 公积金商业贷,非仁恒、绿城、万科等金牌开发商不买，极度看重高端精装质量与顶级物业的增值口碑。,常年本地稳定居住，工作日职住通勤动线规则单一。
上_1997_00832,上海,1997,金融精英,41,女,1.1,9.8,0.4,18.3,2,0,否,A,research,0.66,0.39,0.74,0.62,0.67,0.72,0.72,0.78,0.9,自住-首套,两室一厅,58,2657,商业银行支行信贷科长,成熟期核心家庭,陆家嘴核心区江景大平层,无高端私密会所及管家式物业配套，圈层鱼龙混杂，高净值居住体验差。,要求有超大面宽南向双阳台（观景家政分离），主卧大飘窗能270度直面自然景观。,主要在陆家嘴/徐家汇CBD上班，首选地铁2/9号线沿线，通勤半小时内。,周末常去高端商圈消费，热衷打网球和马术，重度手冲咖啡及黑胶唱片发烧友。,夫妻双方积蓄 + 双方父母出资赞助首付 + 公积金商业组合贷款,非仁恒、绿城、万科等金牌开发商不买，极度看重高端精装质量与顶级物业的增值口碑。,常年本地稳定居住，工作日职住通勤动线规则单一。
上_1997_00833,上海,1997,本地改善,49,男,0.4,3.2,0.45,5.4,4,2,否,B,agent,0.75,0.44,0.38,0.56,0.54,0.88,0.49,0.63,0.46,自住-改善,两室两厅,87,309,区财政局科员,二胎黄金期中大户型,上海中环品质两居，车位及空间极其拥挤,小区无地下车库且人车不分流，小孩在楼下玩耍或者推婴儿车极为不安全。,讲究超高得房率（超85%），主卧套房必须配备独立步入式衣帽间与干湿分离双卫。,主要在陆家嘴/徐家汇CBD上班，首选地铁2/9号线沿线，通勤半小时内。,倡导轻户外，周末常带家人自驾野营或山系徒步，注重生活情调与手作咖啡。,名下持有一套旧两居，置换回款 65% + 个人理财储蓄补充 + 公积金商业贷,重性价比，不盲信大牌，但要求物业管理有序、绿化修剪及时、人防技防规范。,常年本地稳定居住，工作日职住通勤动线规则单一。
上_1997_00834,上海,1997,长三角家庭,39,女,0.3,2.8,0.45,4.7,4,2,是,B,agent,0.79,0.63,0.62,0.37,0.66,0.83,0.34,0.64,0.66,自住-首套,两室一厅,55,571,区财政局科员,二胎黄金期中大户型,上海中环品质两居，车位及空间极其拥挤,小区无地下车库且人车不分流，小孩在楼下玩耍或者推婴儿车极为不安全。,讲究超高得房率（超85%），主卧套房必须配备独立步入式衣帽间与干湿分离双卫。,主要在陆家嘴/徐家汇CBD上班，首选地铁2/9号线沿线，通勤半小时内。,倡导轻户外，周末常带家人自驾野营或山系徒步，注重生活情调与手作咖啡。,夫妻双方积蓄 + 双方父母出资赞助首付 + 公积金商业组合贷款,重性价比，不盲信大牌，但要求物业管理有序、绿化修剪及时、人防技防规范。,常年本地稳定居住，工作日职住通勤动线规则单一。
上_1997_00835,上海,1997,本地改善,44,女,0.3,3.0,0.45,5.1,5,1,否,B,agent,0.75,0.43,0.46,0.58,0.54,0.8,0.62,0.71,0.61,自住-改善,两室两厅,74,462,市第二中学地理教师,三口之家(学龄段),上海中环品质两居，车位及空间极其拥挤,小区无地下车库且人车不分流，小孩在楼下玩耍或者推婴儿车极为不安全。,讲究超高得房率（超85%），主卧套房必须配备独立步入式衣帽间与干湿分离双卫。,主要在陆家嘴/徐家汇CBD上班，首选地铁2/9号线沿线，通勤半小时内。,倡导轻户外，周末常带家人自驾野营或山系徒步，注重生活情调与手作咖啡。,名下持有一套旧两居，置换回款 65% + 个人理财储蓄补充 + 公积金商业贷,重性价比，不盲信大牌，但要求物业管理有序、绿化修剪及时、人防技防规范。,常年本地稳定居住，工作日职住通勤动线规则单一。
上_1997_00836,上海,1997,长三角家庭,44,女,0.4,3.1,0.45,5.2,5,2,否,B,agent,0.77,0.55,0.51,0.39,0.63,0.95,0.44,0.63,0.64,自住-改善,一室一厅,59,530,市第二中学地理教师,二胎黄金期中大户型,上海中环品质两居，车位及空间极其拥挤,小区无地下车库且人车不分流，小孩在楼下玩耍或者推婴儿车极为不安全。,讲究超高得房率（超85%），主卧套房必须配备独立步入式衣帽间与干湿分离双卫。,主要在陆家嘴/徐家汇CBD上班，首选地铁2/9号线沿线，通勤半小时内。,倡导轻户外，周末常带家人自驾野营或山系徒步，注重生活情调与手作咖啡。,名下持有一套旧两居，置换回款 65% + 个人理财储蓄补充 + 公积金商业贷,重性价比，不盲信大牌，但要求物业管理有序、绿化修剪及时、人防技防规范。,常年本地稳定居住，工作日职住通勤动线规则单一。
上_1997_00837,上海,1997,金融精英,43,男,0.9,8.9,0.4,16.8,2,2,否,A,research,0.9,0.55,0.62,0.47,0.56,0.72,0.79,0.85,0.95,自住-首套,一室一厅,70,1499,申银万国证券分析员,二胎黄金期中大户型,西湖边高精平层,无高端私密会所及管家式物业配套，圈层鱼龙混杂，高净值居住体验差。,讲究超高得房率（超85%），主卧套房必须配备独立步入式衣帽间与干湿分离双卫。,主要在陆家嘴/徐家汇CBD上班，首选地铁2/9号线沿线，通勤半小时内。,周末常去高端商圈消费，热衷打网球和马术，重度手冲咖啡及黑胶唱片发烧友。,夫妻双方积蓄 + 双方父母出资赞助首付 + 公积金商业组合贷款,非仁恒、绿城、万科等金牌开发商不买，极度看重高端精装质量与顶级物业的增值口碑。,常年本地稳定居住，工作日职住通勤动线规则单一。
上_1997_00838,上海,1997,本地改善,50,女,0.4,3.3,0.45,5.5,3,2,是,B,agent,0.67,0.43,0.75,0.49,0.6,0.72,0.68,0.79,0.61,自住-改善,两室一厅,69,547,国企车间技术主任,二胎黄金期中大户型,上海中环品质两居，车位及空间极其拥挤,小区无地下车库且人车不分流，小孩在楼下玩耍或者推婴儿车极为不安全。,要求有超大面宽南向双阳台（观景家政分离），主卧大飘窗能270度直面自然景观。,主要在陆家嘴/徐家汇CBD上班，首选地铁2/9号线沿线，通勤半小时内。,倡导轻户外，周末常带家人自驾野营或山系徒步，注重生活情调与手作咖啡。,名下持有一套旧两居，置换回款 65% + 个人理财储蓄补充 + 公积金商业贷,重性价比，不盲信大牌，但要求物业管理有序、绿化修剪及时、人防技防规范。,常年本地稳定居住，工作日职住通勤动线规则单一。
上_1997_00839,上海,1997,本地改善,39,女,0.3,4.0,0.45,6.7,3,2,否,B,agent,0.57,0.47,0.5,0.57,0.55,0.86,0.62,0.79,0.57,自住-改善,两室两厅,87,560,邮政局局长秘书,二胎黄金期中大户型,上海中环品质两居，车位及空间极其拥挤,小区无地下车库且人车不分流，小孩在楼下玩耍或者推婴儿车极为不安全。,讲究超高得房率（超85%），主卧套房必须配备独立步入式衣帽间与干湿分离双卫。,主要在陆家嘴/徐家汇CBD上班，首选地铁2/9号线沿线，通勤半小时内。,倡导轻户外，周末常带家人自驾野营或山系徒步，注重生活情调与手作咖啡。,名下持有一套旧两居，置换回款 65% + 个人理财储蓄补充 + 公积金商业贷,重性价比，不盲信大牌，但要求物业管理有序、绿化修剪及时、人防技防规范。,常年本地稳定居住，工作日职住通勤动线规则单一。
上_1997_00840,上海,1997,教育型买房,42,女,0.8,5.4,0.4,10.0,3,0,是,B,social,1,0.63,0.45,0.37,0.75,0.64,0.5,1,0.65,学区房,一室一厅,89,897,邮政局局长秘书,成熟期核心家庭,上海中环品质两居，车位及空间极其拥挤,当前房屋属于旧多层无电梯房，父母年纪渐高每天爬楼梯极为吃力。,核心要求地块属于第一梯队名校学区，且周边500米内解决幼小衔接教育配套。,主要在陆家嘴/徐家汇CBD上班，首选地铁2/9号线沿线，通勤半小时内。,倡导轻户外，周末常带家人自驾野营或山系徒步，注重生活情调与手作咖啡。,名下持有一套旧两居，置换回款 65% + 个人理财储蓄补充 + 公积金商业贷,重性价比，不盲信大牌，但要求物业管理有序、绿化修剪及时、人防技防规范。,常年本地稳定居住，工作日职住通勤动线规则单一。
上_1997_00841,上海,1997,本地改善,57,女,0.5,5.0,0.45,8.4,3,2,是,B,agent,0.66,0.56,0.52,0.57,0.52,0.9,0.62,0.64,0.65,自住-改善,两室一厅,57,910,区财政局科员,二胎黄金期中大户型,上海中环品质两居，车位及空间极其拥挤,小区无地下车库且人车不分流，小孩在楼下玩耍或者推婴儿车极为不安全。,讲究超高得房率（超85%），主卧套房必须配备独立步入式衣帽间与干湿分离双卫。,主要在陆家嘴/徐家汇CBD上班，首选地铁2/9号线沿线，通勤半小时内。,倡导轻户外，周末常带家人自驾野营或山系徒步，注重生活情调与手作咖啡。,名下持有一套旧两居，置换回款 65% + 个人理财储蓄补充 + 公积金商业贷,重性价比，不盲信大牌，但要求物业管理有序、绿化修剪及时、人防技防规范。,常年本地稳定居住，工作日职住通勤动线规则单一。
上_1997_00842,上海,1997,教育型买房,40,女,0.6,4.0,0.4,7.5,4,0,是,B,social,0.89,0.57,0.52,0.39,0.67,0.75,0.64,1,0.69,学区房,两室两厅,59,989,市第二中学地理教师,成熟期核心家庭,上海中环品质两居，车位及空间极其拥挤,当前房屋属于旧多层无电梯房，父母年纪渐高每天爬楼梯极为吃力。,讲究超高得房率（超85%），主卧套房必须配备独立步入式衣帽间与干湿分离双卫。,主要在陆家嘴/徐家汇CBD上班，首选地铁2/9号线沿线，通勤半小时内。,倡导轻户外，周末常带家人自驾野营或山系徒步，注重生活情调与手作咖啡。,名下持有一套旧两居，置换回款 65% + 个人理财储蓄补充 + 公积金商业贷,重性价比，不盲信大牌，但要求物业管理有序、绿化修剪及时、人防技防规范。,常年本地稳定居住，工作日职住通勤动线规则单一。
上_1997_00843,上海,1997,金融精英,48,男,1.1,9.5,0.4,17.8,3,0,否,A,research,0.61,0.57,0.6,0.54,0.83,0.89,0.54,0.72,0.82,自住-改善,一室一厅,93,1659,老牌证券公司营业部经理,成熟期核心家庭,陆家嘴核心区江景大平层,无高端私密会所及管家式物业配套，圈层鱼龙混杂，高净值居住体验差。,讲究超高得房率（超85%），主卧套房必须配备独立步入式衣帽间与干湿分离双卫。,主要在陆家嘴/徐家汇CBD上班，首选地铁2/9号线沿线，通勤半小时内。,周末常去高端商圈消费，热衷打网球和马术，重度手冲咖啡及黑胶唱片发烧友。,名下已有企业股权套现或分红现金，一次性全款付清，基本不加杠杆,非仁恒、绿城、万科等金牌开发商不买，极度看重高端精装质量与顶级物业的增值口碑。,常年本地稳定居住，工作日职住通勤动线规则单一。
上_1997_00844,上海,1997,教育型买房,41,男,0.7,6.0,0.4,11.3,2,1,是,B,social,1,0.5,0.4,0.29,0.68,0.8,0.58,0.92,0.53,学区房,一室一厅,98,729,区财政局科员,三口之家(学龄段),上海中环品质两居，车位及空间极其拥挤,小区无地下车库且人车不分流，小孩在楼下玩耍或者推婴儿车极为不安全。,讲究超高得房率（超85%），主卧套房必须配备独立步入式衣帽间与干湿分离双卫。,主要在陆家嘴/徐家汇CBD上班，首选地铁2/9号线沿线，通勤半小时内。,倡导轻户外，周末常带家人自驾野营或山系徒步，注重生活情调与手作咖啡。,名下持有一套旧两居，置换回款 65% + 个人理财储蓄补充 + 公积金商业贷,重性价比，不盲信大牌，但要求物业管理有序、绿化修剪及时、人防技防规范。,常年本地稳定居住，工作日职住通勤动线规则单一。
上_1997_00845,上海,1997,本地改善,53,男,0.4,3.9,0.45,6.5,3,1,否,B,agent,0.82,0.57,0.58,0.43,0.52,0.86,0.43,0.65,0.6,自住-改善,两室两厅,90,647,区财政局科员,三口之家(学龄段),上海中环品质两居，车位及空间极其拥挤,小区无地下车库且人车不分流，小孩在楼下玩耍或者推婴儿车极为不安全。,讲究超高得房率（超85%），主卧套房必须配备独立步入式衣帽间与干湿分离双卫。,主要在陆家嘴/徐家汇CBD上班，首选地铁2/9号线沿线，通勤半小时内。,倡导轻户外，周末常带家人自驾野营或山系徒步，注重生活情调与手作咖啡。,名下持有一套旧两居，置换回款 65% + 个人理财储蓄补充 + 公积金商业贷,重性价比，不盲信大牌，但要求物业管理有序、绿化修剪及时、人防技防规范。,常年本地稳定居住，工作日职住通勤动线规则单一。
上_1997_00846,上海,1997,本地改善,45,女,0.3,3.9,0.45,6.6,4,2,是,B,agent,0.98,0.45,0.57,0.5,0.5,0.88,0.67,0.77,0.65,自住-改善,一室一厅,61,681,国企车间技术主任,二胎黄金期中大户型,上海中环品质两居，车位及空间极其拥挤,小区无地下车库且人车不分流，小孩在楼下玩耍或者推婴儿车极为不安全。,讲究超高得房率（超85%），主卧套房必须配备独立步入式衣帽间与干湿分离双卫。,主要在陆家嘴/徐家汇CBD上班，首选地铁2/9号线沿线，通勤半小时内。,倡导轻户外，周末常带家人自驾野营或山系徒步，注重生活情调与手作咖啡。,名下持有一套旧两居，置换回款 65% + 个人理财储蓄补充 + 公积金商业贷,重性价比，不盲信大牌，但要求物业管理有序、绿化修剪及时、人防技防规范。,常年本地稳定居住，工作日职住通勤动线规则单一。
上_1997_00847,上海,1997,金融精英,47,男,0.9,8.5,0.4,16.0,4,2,是,A,research,0.66,0.42,0.46,0.64,0.58,0.77,0.7,0.85,0.98,自住-首套,两室一厅,73,1877,老牌证券公司营业部经理,二胎黄金期中大户型,陆家嘴核心区江景大平层,当前房屋属于旧多层无电梯房，父母年纪渐高每天爬楼梯极为吃力。,讲究超高得房率（超85%），主卧套房必须配备独立步入式衣帽间与干湿分离双卫。,主要在陆家嘴/徐家汇CBD上班，首选地铁2/9号线沿线，通勤半小时内。,周末常去高端商圈消费，热衷打网球和马术，重度手冲咖啡及黑胶唱片发烧友。,夫妻双方积蓄 + 双方父母出资赞助首付 + 公积金商业组合贷款,非仁恒、绿城、万科等金牌开发商不买，极度看重高端精装质量与顶级物业的增值口碑。,常年本地稳定居住，工作日职住通勤动线规则单一。
上_1997_00848,上海,1997,教育型买房,40,男,0.6,5.2,0.4,9.8,3,2,是,B,social,0.95,0.56,0.27,0.41,0.6,0.66,0.45,0.91,0.71,学区房,一室一厅,68,870,邮政局局长秘书,二胎黄金期中大户型,上海中环品质两居，车位及空间极其拥挤,小区无地下车库且人车不分流，小孩在楼下玩耍或者推婴儿车极为不安全。,核心要求地块属于第一梯队名校学区，且周边500米内解决幼小衔接教育配套。,主要在陆家嘴/徐家汇CBD上班，首选地铁2/9号线沿线，通勤半小时内。,倡导轻户外，周末常带家人自驾野营或山系徒步，注重生活情调与手作咖啡。,名下持有一套旧两居，置换回款 65% + 个人理财储蓄补充 + 公积金商业贷,非仁恒、绿城、万科等金牌开发商不买，极度看重高端精装质量与顶级物业的增值口碑。,常年本地稳定居住，工作日职住通勤动线规则单一。
上_1997_00849,上海,1997,本地改善,43,女,0.4,3.9,0.45,6.5,4,2,是,B,agent,0.76,0.58,0.56,0.41,0.33,0.85,0.63,0.76,0.53,自住-改善,两室两厅,78,448,国企车间技术主任,二胎黄金期中大户型,上海中环品质两居，车位及空间极其拥挤,小区无地下车库且人车不分流，小孩在楼下玩耍或者推婴儿车极为不安全。,讲究超高得房率（超85%），主卧套房必须配备独立步入式衣帽间与干湿分离双卫。,主要在陆家嘴/徐家汇CBD上班，首选地铁2/9号线沿线，通勤半小时内。,倡导轻户外，周末常带家人自驾野营或山系徒步，注重生活情调与手作咖啡。,名下持有一套旧两居，置换回款 65% + 个人理财储蓄补充 + 公积金商业贷,重性价比，不盲信大牌，但要求物业管理有序、绿化修剪及时、人防技防规范。,常年本地稳定居住，工作日职住通勤动线规则单一。
上_1997_00850,上海,1997,教育型买房,35,男,0.7,6.5,0.4,12.3,3,0,是,B,social,1,0.47,0.35,0.46,0.75,0.85,0.54,1,0.67,学区房,两室一厅,61,1605,市第二中学地理教师,新婚过渡两居,上海中环品质两居，车位及空间极其拥挤,当前房屋属于旧多层无电梯房，父母年纪渐高每天爬楼梯极为吃力。,讲究超高得房率（超85%），主卧套房必须配备独立步入式衣帽间与干湿分离双卫。,主要在陆家嘴/徐家汇CBD上班，首选地铁2/9号线沿线，通勤半小时内。,倡导轻户外，周末常带家人自驾野营或山系徒步，注重生活情调与手作咖啡。,名下持有一套旧两居，置换回款 65% + 个人理财储蓄补充 + 公积金商业贷,重性价比，不盲信大牌，但要求物业管理有序、绿化修剪及时、人防技防规范。,常年本地稳定居住，工作日职住通勤动线规则单一。
上_1997_00851,上海,1997,本地改善,46,女,0.5,6.5,0.45,10.8,4,2,否,B,agent,0.87,0.48,0.7,0.45,0.6,0.85,0.69,0.63,0.64,自住-改善,两室一厅,57,1041,市第二中学地理教师,二胎黄金期中大户型,上海中环品质两居，车位及空间极其拥挤,小区无地下车库且人车不分流，小孩在楼下玩耍或者推婴儿车极为不安全。,要求有超大面宽南向双阳台（观景家政分离），主卧大飘窗能270度直面自然景观。,主要在陆家嘴/徐家汇CBD上班，首选地铁2/9号线沿线，通勤半小时内。,倡导轻户外，周末常带家人自驾野营或山系徒步，注重生活情调与手作咖啡。,名下持有一套旧两居，置换回款 65% + 个人理财储蓄补充 + 公积金商业贷,重性价比，不盲信大牌，但要求物业管理有序、绿化修剪及时、人防技防规范。,常年本地稳定居住，工作日职住通勤动线规则单一。
上_1997_00852,上海,1997,外籍海归,39,女,0.9,4.3,0.4,8.0,3,1,是,A,social,0.7,0.48,0.61,0.53,0.79,0.74,0.56,0.73,0.72,自住-改善,两室一厅,92,685,合资日化企业技术主管,三口之家(学龄段),西湖边高精平层,当前房屋属于旧多层无电梯房，父母年纪渐高每天爬楼梯极为吃力。,讲究超高得房率（超85%），主卧套房必须配备独立步入式衣帽间与干湿分离双卫。,主要在陆家嘴/徐家汇CBD上班，首选地铁2/9号线沿线，通勤半小时内。,周末常去高端商圈消费，热衷打网球和马术，重度手冲咖啡及黑胶唱片发烧友。,名下已有企业股权套现或分红现金，一次性全款付清，基本不加杠杆,非仁恒、绿城、万科等金牌开发商不买，极度看重高端精装质量与顶级物业的增值口碑。,常年本地稳定居住，工作日职住通勤动线规则单一。
上_1997_00853,上海,1997,本地改善,55,女,0.5,5.8,0.45,9.6,4,2,是,B,agent,0.9,0.55,0.5,0.5,0.72,0.86,0.63,0.73,0.67,自住-改善,两室一厅,67,885,市第二中学地理教师,二胎黄金期中大户型,上海中环品质两居，车位及空间极其拥挤,小区无地下车库且人车不分流，小孩在楼下玩耍或者推婴儿车极为不安全。,讲究超高得房率（超85%），主卧套房必须配备独立步入式衣帽间与干湿分离双卫。,主要在陆家嘴/徐家汇CBD上班，首选地铁2/9号线沿线，通勤半小时内。,倡导轻户外，周末常带家人自驾野营或山系徒步，注重生活情调与手作咖啡。,名下持有一套旧两居，置换回款 65% + 个人理财储蓄补充 + 公积金商业贷,重性价比，不盲信大牌，但要求物业管理有序、绿化修剪及时、人防技防规范。,常年本地稳定居住，工作日职住通勤动线规则单一。
上_1997_00854,上海,1997,教育型买房,47,女,0.3,2.5,0.4,4.7,3,1,是,B,social,0.89,0.48,0.34,0.47,0.67,0.65,0.56,0.88,0.61,学区房,两室两厅,98,314,市第二中学地理教师,三口之家(学龄段),上海中环品质两居，车位及空间极其拥挤,小区无地下车库且人车不分流，小孩在楼下玩耍或者推婴儿车极为不安全。,核心要求地块属于第一梯队名校学区，且周边500米内解决幼小衔接教育配套。,主要在陆家嘴/徐家汇CBD上班，首选地铁2/9号线沿线，通勤半小时内。,倡导轻户外，周末常带家人自驾野营或山系徒步，注重生活情调与手作咖啡。,名下持有一套旧两居，置换回款 65% + 个人理财储蓄补充 + 公积金商业贷,重性价比，不盲信大牌，但要求物业管理有序、绿化修剪及时、人防技防规范。,常年本地稳定居住，工作日职住通勤动线规则单一。
上_1997_00855,上海,1997,金融精英,38,男,1.0,6.1,0.4,11.4,4,2,否,A,research,0.69,0.55,0.6,0.66,0.68,0.61,0.69,0.79,0.76,自住-改善,一室一厅,79,1179,老牌证券公司营业部经理,二胎黄金期中大户型,西湖边高精平层,无高端私密会所及管家式物业配套，圈层鱼龙混杂，高净值居住体验差。,核心要求地块属于第一梯队名校学区，且周边500米内解决幼小衔接教育配套。,主要在陆家嘴/徐家汇CBD上班，首选地铁2/9号线沿线，通勤半小时内。,周末常去高端商圈消费，热衷打网球和马术，重度手冲咖啡及黑胶唱片发烧友。,名下已有企业股权套现或分红现金，一次性全款付清，基本不加杠杆,非仁恒、绿城、万科等金牌开发商不买，极度看重高端精装质量与顶级物业的增值口碑。,常年本地稳定居住，工作日职住通勤动线规则单一。
上_1997_00856,上海,1997,本地改善,45,女,0.4,3.0,0.45,5.1,3,2,否,B,agent,0.48,0.48,0.63,0.39,0.51,0.92,0.64,0.74,0.59,自住-改善,两室一厅,58,637,国企车间技术主任,二胎黄金期中大户型,上海中环品质两居，车位及空间极其拥挤,小区无地下车库且人车不分流，小孩在楼下玩耍或者推婴儿车极为不安全。,讲究超高得房率（超85%），主卧套房必须配备独立步入式衣帽间与干湿分离双卫。,主要在陆家嘴/徐家汇CBD上班，首选地铁2/9号线沿线，通勤半小时内。,倡导轻户外，周末常带家人自驾野营或山系徒步，注重生活情调与手作咖啡。,名下持有一套旧两居，置换回款 65% + 个人理财储蓄补充 + 公积金商业贷,重性价比，不盲信大牌，但要求物业管理有序、绿化修剪及时、人防技防规范。,常年本地稳定居住，工作日职住通勤动线规则单一。
上_1997_00857,上海,1997,金融精英,34,男,0.7,6.2,0.4,11.6,2,1,否,A,research,0.73,0.47,0.69,0.49,0.84,0.76,0.8,0.65,0.74,自住-首套,两室一厅,57,1744,商业银行支行信贷科长,三口之家(幼龄段),陆家嘴核心区江景大平层,无高端私密会所及管家式物业配套，圈层鱼龙混杂，高净值居住体验差。,讲究超高得房率（超85%），主卧套房必须配备独立步入式衣帽间与干湿分离双卫。,主要在陆家嘴/徐家汇CBD上班，首选地铁2/9号线沿线，通勤半小时内。,周末常去高端商圈消费，热衷打网球和马术，重度手冲咖啡及黑胶唱片发烧友。,夫妻双方积蓄 + 双方父母出资赞助首付 + 公积金商业组合贷款,非仁恒、绿城、万科等金牌开发商不买，极度看重高端精装质量与顶级物业的增值口碑。,常年本地稳定居住，工作日职住通勤动线规则单一。
上_1997_00858,上海,1997,本地改善,43,女,0.3,3.5,0.45,5.9,3,2,否,B,agent,0.61,0.48,0.52,0.54,0.49,0.87,0.74,0.65,0.54,自住-改善,两室两厅,96,512,区财政局科员,二胎黄金期中大户型,上海中环品质两居，车位及空间极其拥挤,小区无地下车库且人车不分流，小孩在楼下玩耍或者推婴儿车极为不安全。,讲究超高得房率（超85%），主卧套房必须配备独立步入式衣帽间与干湿分离双卫。,主要在陆家嘴/徐家汇CBD上班，首选地铁2/9号线沿线，通勤半小时内。,倡导轻户外，周末常带家人自驾野营或山系徒步，注重生活情调与手作咖啡。,名下持有一套旧两居，置换回款 65% + 个人理财储蓄补充 + 公积金商业贷,重性价比，不盲信大牌，但要求物业管理有序、绿化修剪及时、人防技防规范。,常年本地稳定居住，工作日职住通勤动线规则单一。
上_1997_00859,上海,1997,长三角家庭,51,男,0.9,7.4,0.45,12.4,4,2,是,B,agent,0.75,0.66,0.43,0.38,0.59,0.71,0.41,0.68,0.61,自住-首套,两室两厅,61,1140,国企车间技术主任,二胎黄金期中大户型,上海中环品质两居，车位及空间极其拥挤,小区无地下车库且人车不分流，小孩在楼下玩耍或者推婴儿车极为不安全。,讲究超高得房率（超85%），主卧套房必须配备独立步入式衣帽间与干湿分离双卫。,主要在陆家嘴/徐家汇CBD上班，首选地铁2/9号线沿线，通勤半小时内。,倡导轻户外，周末常带家人自驾野营或山系徒步，注重生活情调与手作咖啡。,夫妻双方积蓄 + 双方父母出资赞助首付 + 公积金商业组合贷款,重性价比，不盲信大牌，但要求物业管理有序、绿化修剪及时、人防技防规范。,常年本地稳定居住，工作日职住通勤动线规则单一。
上_1997_00860,上海,1997,教育型买房,32,女,0.3,1.8,0.4,3.3,2,1,否,B,social,0.72,0.55,0.49,0.47,0.76,0.76,0.67,1,0.45,学区房,一室一厅,81,253,邮政局局长秘书,三口之家(幼龄段),上海中环品质两居，车位及空间极其拥挤,小区无地下车库且人车不分流，小孩在楼下玩耍或者推婴儿车极为不安全。,讲究超高得房率（超85%），主卧套房必须配备独立步入式衣帽间与干湿分离双卫。,主要在陆家嘴/徐家汇CBD上班，首选地铁2/9号线沿线，通勤半小时内。,倡导轻户外，周末常带家人自驾野营或山系徒步，注重生活情调与手作咖啡。,名下持有一套旧两居，置换回款 65% + 个人理财储蓄补充 + 公积金商业贷,重性价比，不盲信大牌，但要求物业管理有序、绿化修剪及时、人防技防规范。,常年本地稳定居住，工作日职住通勤动线规则单一。
上_1997_00861,上海,1997,本地改善,44,男,0.3,3.3,0.45,5.5,3,2,是,B,agent,0.61,0.44,0.5,0.48,0.43,0.85,0.72,0.69,0.67,自住-改善,两室一厅,57,782,邮政局局长秘书,二胎黄金期中大户型,上海中环品质两居，车位及空间极其拥挤,小区无地下车库且人车不分流，小孩在楼下玩耍或者推婴儿车极为不安全。,讲究超高得房率（超85%），主卧套房必须配备独立步入式衣帽间与干湿分离双卫。,主要在陆家嘴/徐家汇CBD上班，首选地铁2/9号线沿线，通勤半小时内。,倡导轻户外，周末常带家人自驾野营或山系徒步，注重生活情调与手作咖啡。,名下持有一套旧两居，置换回款 65% + 个人理财储蓄补充 + 公积金商业贷,重性价比，不盲信大牌，但要求物业管理有序、绿化修剪及时、人防技防规范。,常年本地稳定居住，工作日职住通勤动线规则单一。
上_1997_00862,上海,1997,金融精英,32,男,0.5,4.7,0.4,8.8,2,1,否,A,research,0.47,0.47,0.6,0.76,0.74,0.69,0.63,0.83,0.85,婚房,一室一厅,50,1344,申银万国证券分析员,三口之家(幼龄段),市中心私密洋房住宅,无高端私密会所及管家式物业配套，圈层鱼龙混杂，高净值居住体验差。,要求独立电梯入户，主次卧动线分明，配备独立保姆房和私密后院。,主要在陆家嘴/徐家汇CBD上班，首选地铁2/9号线沿线，通勤半小时内。,周末常去高端商圈消费，热衷打网球和马术，重度手冲咖啡及黑胶唱片发烧友。,夫妻双方积蓄 + 双方父母出资赞助首付 + 公积金商业组合贷款,非仁恒、绿城、万科等金牌开发商不买，极度看重高端精装质量与顶级物业的增值口碑。,常年本地稳定居住，工作日职住通勤动线规则单一。
上_1997_00863,上海,1997,本地改善,50,女,0.4,4.7,0.45,7.9,4,2,是,B,agent,0.74,0.4,0.58,0.48,0.42,0.91,0.68,0.64,0.58,自住-改善,两室两厅,100,452,邮政局局长秘书,二胎黄金期中大户型,上海中环品质两居，车位及空间极其拥挤,小区无地下车库且人车不分流，小孩在楼下玩耍或者推婴儿车极为不安全。,讲究超高得房率（超85%），主卧套房必须配备独立步入式衣帽间与干湿分离双卫。,主要在陆家嘴/徐家汇CBD上班，首选地铁2/9号线沿线，通勤半小时内。,倡导轻户外，周末常带家人自驾野营或山系徒步，注重生活情调与手作咖啡。,名下持有一套旧两居，置换回款 65% + 个人理财储蓄补充 + 公积金商业贷,重性价比，不盲信大牌，但要求物业管理有序、绿化修剪及时、人防技防规范。,常年本地稳定居住，工作日职住通勤动线规则单一。
上_1997_00864,上海,1997,教育型买房,48,女,0.5,4.4,0.4,8.2,3,1,否,B,social,0.86,0.63,0.43,0.47,0.6,0.69,0.46,0.96,0.38,学区房,两室两厅,68,825,市第二中学地理教师,三口之家(学龄段),上海中环品质两居，车位及空间极其拥挤,小区无地下车库且人车不分流，小孩在楼下玩耍或者推婴儿车极为不安全。,核心要求地块属于第一梯队名校学区，且周边500米内解决幼小衔接教育配套。,主要在陆家嘴/徐家汇CBD上班，首选地铁2/9号线沿线，通勤半小时内。,倡导轻户外，周末常带家人自驾野营或山系徒步，注重生活情调与手作咖啡。,名下持有一套旧两居，置换回款 65% + 个人理财储蓄补充 + 公积金商业贷,重性价比，不盲信大牌，但要求物业管理有序、绿化修剪及时、人防技防规范。,常年本地稳定居住，工作日职住通勤动线规则单一。
上_1997_00865,上海,1997,教育型买房,44,男,0.6,4.0,0.4,7.5,3,1,否,B,social,0.94,0.33,0.45,0.42,0.6,0.73,0.55,1,0.45,学区房,两室两厅,65,794,区财政局科员,三口之家(学龄段),上海中环品质两居，车位及空间极其拥挤,小区无地下车库且人车不分流，小孩在楼下玩耍或者推婴儿车极为不安全。,讲究超高得房率（超85%），主卧套房必须配备独立步入式衣帽间与干湿分离双卫。,主要在陆家嘴/徐家汇CBD上班，首选地铁2/9号线沿线，通勤半小时内。,倡导轻户外，周末常带家人自驾野营或山系徒步，注重生活情调与手作咖啡。,名下持有一套旧两居，置换回款 65% + 个人理财储蓄补充 + 公积金商业贷,重性价比，不盲信大牌，但要求物业管理有序、绿化修剪及时、人防技防规范。,常年本地稳定居住，工作日职住通勤动线规则单一。
上_1997_00866,上海,1997,本地改善,42,女,0.5,4.3,0.45,7.2,4,1,是,B,agent,1,0.52,0.36,0.59,0.42,0.97,0.61,0.76,0.79,自住-改善,一室一厅,55,1106,国企车间技术主任,三口之家(学龄段),上海中环品质两居，车位及空间极其拥挤,小区无地下车库且人车不分流，小孩在楼下玩耍或者推婴儿车极为不安全。,讲究超高得房率（超85%），主卧套房必须配备独立步入式衣帽间与干湿分离双卫。,主要在陆家嘴/徐家汇CBD上班，首选地铁2/9号线沿线，通勤半小时内。,倡导轻户外，周末常带家人自驾野营或山系徒步，注重生活情调与手作咖啡。,名下持有一套旧两居，置换回款 65% + 个人理财储蓄补充 + 公积金商业贷,非仁恒、绿城、万科等金牌开发商不买，极度看重高端精装质量与顶级物业的增值口碑。,常年本地稳定居住，工作日职住通勤动线规则单一。
上_1997_00867,上海,1997,本地改善,55,女,0.5,5.5,0.45,9.2,5,2,否,B,agent,0.65,0.52,0.55,0.5,0.58,0.82,0.71,0.57,0.65,自住-改善,两室一厅,59,1139,市第二中学地理教师,二胎黄金期中大户型,上海中环品质两居，车位及空间极其拥挤,小区无地下车库且人车不分流，小孩在楼下玩耍或者推婴儿车极为不安全。,讲究超高得房率（超85%），主卧套房必须配备独立步入式衣帽间与干湿分离双卫。,主要在陆家嘴/徐家汇CBD上班，首选地铁2/9号线沿线，通勤半小时内。,倡导轻户外，周末常带家人自驾野营或山系徒步，注重生活情调与手作咖啡。,名下持有一套旧两居，置换回款 65% + 个人理财储蓄补充 + 公积金商业贷,重性价比，不盲信大牌，但要求物业管理有序、绿化修剪及时、人防技防规范。,常年本地稳定居住，工作日职住通勤动线规则单一。
上_1997_00868,上海,1997,长三角家庭,37,男,0.4,2.8,0.45,4.7,4,2,是,B,agent,0.89,0.48,0.55,0.56,0.53,0.8,0.32,0.76,0.54,自住-首套,两室两厅,78,304,邮政局局长秘书,二胎黄金期中大户型,上海中环品质两居，车位及空间极其拥挤,小区无地下车库且人车不分流，小孩在楼下玩耍或者推婴儿车极为不安全。,讲究超高得房率（超85%），主卧套房必须配备独立步入式衣帽间与干湿分离双卫。,主要在陆家嘴/徐家汇CBD上班，首选地铁2/9号线沿线，通勤半小时内。,倡导轻户外，周末常带家人自驾野营或山系徒步，注重生活情调与手作咖啡。,夫妻双方积蓄 + 双方父母出资赞助首付 + 公积金商业组合贷款,重性价比，不盲信大牌，但要求物业管理有序、绿化修剪及时、人防技防规范。,常年本地稳定居住，工作日职住通勤动线规则单一。
上_1997_00869,上海,1997,教育型买房,40,男,0.4,3.0,0.4,5.6,3,1,否,B,social,0.73,0.64,0.42,0.25,0.52,0.61,0.53,1,0.48,学区房,一室一厅,72,623,邮政局局长秘书,三口之家(学龄段),上海中环品质两居，车位及空间极其拥挤,小区无地下车库且人车不分流，小孩在楼下玩耍或者推婴儿车极为不安全。,核心要求地块属于第一梯队名校学区，且周边500米内解决幼小衔接教育配套。,主要在陆家嘴/徐家汇CBD上班，首选地铁2/9号线沿线，通勤半小时内。,倡导轻户外，周末常带家人自驾野营或山系徒步，注重生活情调与手作咖啡。,名下持有一套旧两居，置换回款 65% + 个人理财储蓄补充 + 公积金商业贷,重性价比，不盲信大牌，但要求物业管理有序、绿化修剪及时、人防技防规范。,常年本地稳定居住，工作日职住通勤动线规则单一。
上_1997_00870,上海,1997,教育型买房,33,男,0.3,2.6,0.4,4.9,3,1,否,B,social,1,0.5,0.33,0.38,0.59,0.61,0.47,1,0.7,学区房,两室一厅,80,392,市第二中学地理教师,三口之家(幼龄段),上海中环品质两居，车位及空间极其拥挤,小区无地下车库且人车不分流，小孩在楼下玩耍或者推婴儿车极为不安全。,核心要求地块属于第一梯队名校学区，且周边500米内解决幼小衔接教育配套。,主要在陆家嘴/徐家汇CBD上班，首选地铁2/9号线沿线，通勤半小时内。,倡导轻户外，周末常带家人自驾野营或山系徒步，注重生活情调与手作咖啡。,名下持有一套旧两居，置换回款 65% + 个人理财储蓄补充 + 公积金商业贷,非仁恒、绿城、万科等金牌开发商不买，极度看重高端精装质量与顶级物业的增值口碑。,常年本地稳定居住，工作日职住通勤动线规则单一。
上_1997_00871,上海,1997,本地改善,45,男,0.4,4.3,0.45,7.1,4,2,否,B,agent,0.72,0.51,0.5,0.46,0.44,0.93,0.58,0.55,0.57,自住-改善,一室一厅,65,577,市第二中学地理教师,二胎黄金期中大户型,上海中环品质两居，车位及空间极其拥挤,小区无地下车库且人车不分流，小孩在楼下玩耍或者推婴儿车极为不安全。,讲究超高得房率（超85%），主卧套房必须配备独立步入式衣帽间与干湿分离双卫。,主要在陆家嘴/徐家汇CBD上班，首选地铁2/9号线沿线，通勤半小时内。,倡导轻户外，周末常带家人自驾野营或山系徒步，注重生活情调与手作咖啡。,名下持有一套旧两居，置换回款 65% + 个人理财储蓄补充 + 公积金商业贷,重性价比，不盲信大牌，但要求物业管理有序、绿化修剪及时、人防技防规范。,常年本地稳定居住，工作日职住通勤动线规则单一。
上_1997_00872,上海,1997,教育型买房,45,男,0.7,5.2,0.4,9.7,4,1,是,B,social,0.75,0.5,0.42,0.36,0.54,0.58,0.66,0.94,0.51,学区房,两室两厅,96,570,区财政局科员,三口之家(学龄段),上海中环品质两居，车位及空间极其拥挤,小区无地下车库且人车不分流，小孩在楼下玩耍或者推婴儿车极为不安全。,核心要求地块属于第一梯队名校学区，且周边500米内解决幼小衔接教育配套。,主要在陆家嘴/徐家汇CBD上班，首选地铁2/9号线沿线，通勤半小时内。,倡导轻户外，周末常带家人自驾野营或山系徒步，注重生活情调与手作咖啡。,名下持有一套旧两居，置换回款 65% + 个人理财储蓄补充 + 公积金商业贷,重性价比，不盲信大牌，但要求物业管理有序、绿化修剪及时、人防技防规范。,常年本地稳定居住，工作日职住通勤动线规则单一。
上_1997_00873,上海,1997,本地改善,55,男,0.3,2.1,0.45,3.4,3,2,是,B,agent,0.9,0.58,0.56,0.49,0.43,0.73,0.53,0.78,0.66,自住-改善,两室两厅,84,250,市第二中学地理教师,二胎黄金期中大户型,上海中环品质两居，车位及空间极其拥挤,小区无地下车库且人车不分流，小孩在楼下玩耍或者推婴儿车极为不安全。,讲究超高得房率（超85%），主卧套房必须配备独立步入式衣帽间与干湿分离双卫。,主要在陆家嘴/徐家汇CBD上班，首选地铁2/9号线沿线，通勤半小时内。,倡导轻户外，周末常带家人自驾野营或山系徒步，注重生活情调与手作咖啡。,名下持有一套旧两居，置换回款 65% + 个人理财储蓄补充 + 公积金商业贷,重性价比，不盲信大牌，但要求物业管理有序、绿化修剪及时、人防技防规范。,常年本地稳定居住，工作日职住通勤动线规则单一。
上_1997_00874,上海,1997,外籍海归,43,男,0.5,3.8,0.4,7.1,4,1,否,A,social,0.85,0.62,0.59,0.48,0.71,0.68,0.69,0.89,0.66,自住-首套,一室一厅,63,866,合资日化企业技术主管,三口之家(学龄段),市中心私密洋房住宅,无高端私密会所及管家式物业配套，圈层鱼龙混杂，高净值居住体验差。,核心要求地块属于第一梯队名校学区，且周边500米内解决幼小衔接教育配套。,主要在陆家嘴/徐家汇CBD上班，首选地铁2/9号线沿线，通勤半小时内。,周末常去高端商圈消费，热衷打网球和马术，重度手冲咖啡及黑胶唱片发烧友。,夫妻双方积蓄 + 双方父母出资赞助首付 + 公积金商业组合贷款,重性价比，不盲信大牌，但要求物业管理有序、绿化修剪及时、人防技防规范。,常年本地稳定居住，工作日职住通勤动线规则单一。
上_1997_00875,上海,1997,金融精英,35,女,0.5,3.8,0.4,7.0,4,0,是,A,research,0.59,0.5,0.64,0.52,0.73,0.93,0.83,0.89,0.93,自住-改善,一室一厅,55,1060,申银万国证券分析员,新婚过渡两居,西湖边高精平层,当前房屋属于旧多层无电梯房，父母年纪渐高每天爬楼梯极为吃力。,讲究超高得房率（超85%），主卧套房必须配备独立步入式衣帽间与干湿分离双卫。,主要在陆家嘴/徐家汇CBD上班，首选地铁2/9号线沿线，通勤半小时内。,周末常去高端商圈消费，热衷打网球和马术，重度手冲咖啡及黑胶唱片发烧友。,名下已有企业股权套现或分红现金，一次性全款付清，基本不加杠杆,非仁恒、绿城、万科等金牌开发商不买，极度看重高端精装质量与顶级物业的增值口碑。,常年本地稳定居住，工作日职住通勤动线规则单一。
上_1997_00876,上海,1997,本地改善,38,女,0.8,9.8,0.45,16.3,4,2,否,B,agent,1,0.48,0.63,0.52,0.62,0.86,0.65,0.65,0.64,自住-改善,两室一厅,76,1777,国企车间技术主任,二胎黄金期中大户型,上海中环品质两居，车位及空间极其拥挤,小区无地下车库且人车不分流，小孩在楼下玩耍或者推婴儿车极为不安全。,讲究超高得房率（超85%），主卧套房必须配备独立步入式衣帽间与干湿分离双卫。,主要在陆家嘴/徐家汇CBD上班，首选地铁2/9号线沿线，通勤半小时内。,倡导轻户外，周末常带家人自驾野营或山系徒步，注重生活情调与手作咖啡。,名下持有一套旧两居，置换回款 65% + 个人理财储蓄补充 + 公积金商业贷,重性价比，不盲信大牌，但要求物业管理有序、绿化修剪及时、人防技防规范。,常年本地稳定居住，工作日职住通勤动线规则单一。
上_1997_00877,上海,1997,本地改善,50,男,0.3,2.7,0.45,4.5,4,1,是,B,agent,0.89,0.48,0.6,0.45,0.64,0.74,0.49,0.66,0.62,自住-改善,一室一厅,74,343,区财政局科员,三口之家(学龄段),上海中环品质两居，车位及空间极其拥挤,小区无地下车库且人车不分流，小孩在楼下玩耍或者推婴儿车极为不安全。,讲究超高得房率（超85%），主卧套房必须配备独立步入式衣帽间与干湿分离双卫。,主要在陆家嘴/徐家汇CBD上班，首选地铁2/9号线沿线，通勤半小时内。,倡导轻户外，周末常带家人自驾野营或山系徒步，注重生活情调与手作咖啡。,名下持有一套旧两居，置换回款 65% + 个人理财储蓄补充 + 公积金商业贷,重性价比，不盲信大牌，但要求物业管理有序、绿化修剪及时、人防技防规范。,常年本地稳定居住，工作日职住通勤动线规则单一。
上_1997_00878,上海,1997,外籍海归,40,女,0.8,4.1,0.4,7.6,3,0,否,A,social,0.93,0.53,0.42,0.76,0.78,0.67,0.66,0.81,0.79,自住-改善,两室两厅,64,837,外企驻沪办事处代表,成熟期核心家庭,市中心私密洋房住宅,无高端私密会所及管家式物业配套，圈层鱼龙混杂，高净值居住体验差。,要求独立电梯入户，主次卧动线分明，配备独立保姆房和私密后院。,主要在陆家嘴/徐家汇CBD上班，首选地铁2/9号线沿线，通勤半小时内。,周末常去高端商圈消费，热衷打网球和马术，重度手冲咖啡及黑胶唱片发烧友。,名下已有企业股权套现或分红现金，一次性全款付清，基本不加杠杆,非仁恒、绿城、万科等金牌开发商不买，极度看重高端精装质量与顶级物业的增值口碑。,常年本地稳定居住，工作日职住通勤动线规则单一。
上_1997_00879,上海,1997,本地改善,51,女,0.3,3.0,0.45,5.0,5,2,是,B,agent,0.7,0.54,0.55,0.49,0.64,0.84,0.5,0.75,0.58,自住-改善,一室一厅,50,565,邮政局局长秘书,二胎黄金期中大户型,上海中环品质两居，车位及空间极其拥挤,小区无地下车库且人车不分流，小孩在楼下玩耍或者推婴儿车极为不安全。,讲究超高得房率（超85%），主卧套房必须配备独立步入式衣帽间与干湿分离双卫。,主要在陆家嘴/徐家汇CBD上班，首选地铁2/9号线沿线，通勤半小时内。,倡导轻户外，周末常带家人自驾野营或山系徒步，注重生活情调与手作咖啡。,名下持有一套旧两居，置换回款 65% + 个人理财储蓄补充 + 公积金商业贷,重性价比，不盲信大牌，但要求物业管理有序、绿化修剪及时、人防技防规范。,常年本地稳定居住，工作日职住通勤动线规则单一。
上_1997_00880,上海,1997,金融精英,32,男,1.2,6.6,0.4,12.4,3,1,否,A,research,0.72,0.41,0.64,0.57,0.69,0.8,0.78,0.64,1,婚房,两室两厅,85,782,申银万国证券分析员,三口之家(幼龄段),市中心私密洋房住宅,无高端私密会所及管家式物业配套，圈层鱼龙混杂，高净值居住体验差。,讲究超高得房率（超85%），主卧套房必须配备独立步入式衣帽间与干湿分离双卫。,主要在陆家嘴/徐家汇CBD上班，首选地铁2/9号线沿线，通勤半小时内。,周末常去高端商圈消费，热衷打网球和马术，重度手冲咖啡及黑胶唱片发烧友。,夫妻双方积蓄 + 双方父母出资赞助首付 + 公积金商业组合贷款,非仁恒、绿城、万科等金牌开发商不买，极度看重高端精装质量与顶级物业的增值口碑。,常年本地稳定居住，工作日职住通勤动线规则单一。
上_1997_00881,上海,1997,本地改善,50,男,0.6,7.5,0.45,12.5,5,2,否,B,agent,0.75,0.57,0.63,0.52,0.58,0.88,0.65,0.71,0.58,自住-改善,一室一厅,84,1103,区财政局科员,二胎黄金期中大户型,上海中环品质两居，车位及空间极其拥挤,小区无地下车库且人车不分流，小孩在楼下玩耍或者推婴儿车极为不安全。,讲究超高得房率（超85%），主卧套房必须配备独立步入式衣帽间与干湿分离双卫。,主要在陆家嘴/徐家汇CBD上班，首选地铁2/9号线沿线，通勤半小时内。,倡导轻户外，周末常带家人自驾野营或山系徒步，注重生活情调与手作咖啡。,名下持有一套旧两居，置换回款 65% + 个人理财储蓄补充 + 公积金商业贷,重性价比，不盲信大牌，但要求物业管理有序、绿化修剪及时、人防技防规范。,常年本地稳定居住，工作日职住通勤动线规则单一。
上_1997_00882,上海,1997,金融精英,38,男,1.0,8.3,0.4,15.6,3,1,是,A,research,0.73,0.51,0.72,0.69,0.73,0.83,0.71,0.8,0.82,自住-改善,两室一厅,84,1515,申银万国证券分析员,三口之家(学龄段),陆家嘴核心区江景大平层,当前房屋属于旧多层无电梯房，父母年纪渐高每天爬楼梯极为吃力。,要求有超大面宽南向双阳台（观景家政分离），主卧大飘窗能270度直面自然景观。,主要在陆家嘴/徐家汇CBD上班，首选地铁2/9号线沿线，通勤半小时内。,周末常去高端商圈消费，热衷打网球和马术，重度手冲咖啡及黑胶唱片发烧友。,名下已有企业股权套现或分红现金，一次性全款付清，基本不加杠杆,非仁恒、绿城、万科等金牌开发商不买，极度看重高端精装质量与顶级物业的增值口碑。,常年本地稳定居住，工作日职住通勤动线规则单一。
上_1997_00883,上海,1997,外籍海归,41,女,0.5,2.5,0.4,4.7,3,1,否,A,social,0.89,0.62,0.52,0.63,0.67,0.65,0.63,0.8,0.75,自住-首套,两室两厅,66,482,外企驻沪办事处代表,三口之家(学龄段),陆家嘴核心区江景大平层,无高端私密会所及管家式物业配套，圈层鱼龙混杂，高净值居住体验差。,核心要求地块属于第一梯队名校学区，且周边500米内解决幼小衔接教育配套。,主要在陆家嘴/徐家汇CBD上班，首选地铁2/9号线沿线，通勤半小时内。,周末常去高端商圈消费，热衷打网球和马术，重度手冲咖啡及黑胶唱片发烧友。,夫妻双方积蓄 + 双方父母出资赞助首付 + 公积金商业组合贷款,非仁恒、绿城、万科等金牌开发商不买，极度看重高端精装质量与顶级物业的增值口碑。,常年本地稳定居住，工作日职住通勤动线规则单一。
上_1997_00884,上海,1997,教育型买房,34,女,0.5,3.3,0.4,6.2,4,1,否,B,social,1,0.4,0.58,0.29,0.67,0.57,0.6,0.83,0.63,学区房,两室两厅,52,766,国企车间技术主任,三口之家(幼龄段),上海中环品质两居，车位及空间极其拥挤,小区无地下车库且人车不分流，小孩在楼下玩耍或者推婴儿车极为不安全。,核心要求地块属于第一梯队名校学区，且周边500米内解决幼小衔接教育配套。,主要在陆家嘴/徐家汇CBD上班，首选地铁2/9号线沿线，通勤半小时内。,倡导轻户外，周末常带家人自驾野营或山系徒步，注重生活情调与手作咖啡。,名下持有一套旧两居，置换回款 65% + 个人理财储蓄补充 + 公积金商业贷,重性价比，不盲信大牌，但要求物业管理有序、绿化修剪及时、人防技防规范。,常年本地稳定居住，工作日职住通勤动线规则单一。
上_1997_00885,上海,1997,外籍海归,41,女,0.5,2.4,0.4,4.5,3,1,否,A,social,0.68,0.42,0.58,0.5,0.72,0.6,0.53,0.91,0.78,自住-改善,两室两厅,94,313,合资日化企业技术主管,三口之家(学龄段),市中心私密洋房住宅,无高端私密会所及管家式物业配套，圈层鱼龙混杂，高净值居住体验差。,核心要求地块属于第一梯队名校学区，且周边500米内解决幼小衔接教育配套。,主要在陆家嘴/徐家汇CBD上班，首选地铁2/9号线沿线，通勤半小时内。,周末常去高端商圈消费，热衷打网球和马术，重度手冲咖啡及黑胶唱片发烧友。,名下已有企业股权套现或分红现金，一次性全款付清，基本不加杠杆,非仁恒、绿城、万科等金牌开发商不买，极度看重高端精装质量与顶级物业的增值口碑。,常年本地稳定居住，工作日职住通勤动线规则单一。
上_1997_00886,上海,1997,本地改善,50,男,0.4,5.3,0.45,8.8,3,2,否,B,agent,0.85,0.51,0.48,0.49,0.6,0.84,0.75,0.95,0.66,自住-改善,两室两厅,90,833,市第二中学地理教师,二胎黄金期中大户型,上海中环品质两居，车位及空间极其拥挤,小区无地下车库且人车不分流，小孩在楼下玩耍或者推婴儿车极为不安全。,讲究超高得房率（超85%），主卧套房必须配备独立步入式衣帽间与干湿分离双卫。,主要在陆家嘴/徐家汇CBD上班，首选地铁2/9号线沿线，通勤半小时内。,倡导轻户外，周末常带家人自驾野营或山系徒步，注重生活情调与手作咖啡。,名下持有一套旧两居，置换回款 65% + 个人理财储蓄补充 + 公积金商业贷,重性价比，不盲信大牌，但要求物业管理有序、绿化修剪及时、人防技防规范。,常年本地稳定居住，工作日职住通勤动线规则单一。
上_1997_00887,上海,1997,教育型买房,39,女,0.3,2.1,0.4,3.9,4,1,否,B,social,0.81,0.58,0.32,0.45,0.59,0.8,0.53,0.88,0.61,学区房,两室一厅,85,367,邮政局局长秘书,三口之家(学龄段),上海中环品质两居，车位及空间极其拥挤,小区无地下车库且人车不分流，小孩在楼下玩耍或者推婴儿车极为不安全。,讲究超高得房率（超85%），主卧套房必须配备独立步入式衣帽间与干湿分离双卫。,主要在陆家嘴/徐家汇CBD上班，首选地铁2/9号线沿线，通勤半小时内。,倡导轻户外，周末常带家人自驾野营或山系徒步，注重生活情调与手作咖啡。,名下持有一套旧两居，置换回款 65% + 个人理财储蓄补充 + 公积金商业贷,重性价比，不盲信大牌，但要求物业管理有序、绿化修剪及时、人防技防规范。,常年本地稳定居住，工作日职住通勤动线规则单一。
上_1997_00888,上海,1997,长三角家庭,49,男,0.4,3.4,0.45,5.7,5,2,是,B,agent,0.87,0.59,0.56,0.45,0.47,0.75,0.47,0.79,0.7,自住-改善,两室两厅,66,725,国企车间技术主任,二胎黄金期中大户型,上海中环品质两居，车位及空间极其拥挤,小区无地下车库且人车不分流，小孩在楼下玩耍或者推婴儿车极为不安全。,讲究超高得房率（超85%），主卧套房必须配备独立步入式衣帽间与干湿分离双卫。,主要在陆家嘴/徐家汇CBD上班，首选地铁2/9号线沿线，通勤半小时内。,倡导轻户外，周末常带家人自驾野营或山系徒步，注重生活情调与手作咖啡。,名下持有一套旧两居，置换回款 65% + 个人理财储蓄补充 + 公积金商业贷,重性价比，不盲信大牌，但要求物业管理有序、绿化修剪及时、人防技防规范。,常年本地稳定居住，工作日职住通勤动线规则单一。
上_1997_00889,上海,1997,金融精英,32,男,0.7,5.2,0.4,9.7,3,1,否,A,research,0.76,0.46,0.65,0.55,0.7,0.67,0.66,0.86,0.83,婚房,两室一厅,92,790,商业银行支行信贷科长,三口之家(幼龄段),陆家嘴核心区江景大平层,无高端私密会所及管家式物业配套，圈层鱼龙混杂，高净值居住体验差。,核心要求地块属于第一梯队名校学区，且周边500米内解决幼小衔接教育配套。,主要在陆家嘴/徐家汇CBD上班，首选地铁2/9号线沿线，通勤半小时内。,周末常去高端商圈消费，热衷打网球和马术，重度手冲咖啡及黑胶唱片发烧友。,夫妻双方积蓄 + 双方父母出资赞助首付 + 公积金商业组合贷款,非仁恒、绿城、万科等金牌开发商不买，极度看重高端精装质量与顶级物业的增值口碑。,常年本地稳定居住，工作日职住通勤动线规则单一。
上_1997_00890,上海,1997,本地改善,50,女,0.4,4.4,0.45,7.3,4,3,是,B,agent,0.93,0.34,0.57,0.39,0.61,0.71,0.55,0.61,0.43,自住-改善,一室一厅,69,800,区财政局科员,二胎黄金期中大户型,上海中环品质两居，车位及空间极其拥挤,小区无地下车库且人车不分流，小孩在楼下玩耍或者推婴儿车极为不安全。,讲究超高得房率（超85%），主卧套房必须配备独立步入式衣帽间与干湿分离双卫。,主要在陆家嘴/徐家汇CBD上班，首选地铁2/9号线沿线，通勤半小时内。,倡导轻户外，周末常带家人自驾野营或山系徒步，注重生活情调与手作咖啡。,名下持有一套旧两居，置换回款 65% + 个人理财储蓄补充 + 公积金商业贷,重性价比，不盲信大牌，但要求物业管理有序、绿化修剪及时、人防技防规范。,常年本地稳定居住，工作日职住通勤动线规则单一。
上_1997_00891,上海,1997,本地改善,51,男,0.5,5.4,0.45,9.1,4,2,否,B,agent,0.75,0.53,0.36,0.57,0.75,0.91,0.65,0.63,0.74,自住-改善,两室一厅,65,903,国企车间技术主任,二胎黄金期中大户型,上海中环品质两居，车位及空间极其拥挤,小区无地下车库且人车不分流，小孩在楼下玩耍或者推婴儿车极为不安全。,讲究超高得房率（超85%），主卧套房必须配备独立步入式衣帽间与干湿分离双卫。,主要在陆家嘴/徐家汇CBD上班，首选地铁2/9号线沿线，通勤半小时内。,倡导轻户外，周末常带家人自驾野营或山系徒步，注重生活情调与手作咖啡。,名下持有一套旧两居，置换回款 65% + 个人理财储蓄补充 + 公积金商业贷,非仁恒、绿城、万科等金牌开发商不买，极度看重高端精装质量与顶级物业的增值口碑。,常年本地稳定居住，工作日职住通勤动线规则单一。
上_1997_00892,上海,1997,本地改善,40,男,0.3,2.5,0.45,4.1,5,3,否,B,agent,1,0.6,0.55,0.64,0.47,0.96,0.62,0.76,0.65,自住-改善,一室一厅,50,465,国企车间技术主任,二胎黄金期中大户型,上海中环品质两居，车位及空间极其拥挤,小区无地下车库且人车不分流，小孩在楼下玩耍或者推婴儿车极为不安全。,讲究超高得房率（超85%），主卧套房必须配备独立步入式衣帽间与干湿分离双卫。,主要在陆家嘴/徐家汇CBD上班，首选地铁2/9号线沿线，通勤半小时内。,倡导轻户外，周末常带家人自驾野营或山系徒步，注重生活情调与手作咖啡。,名下持有一套旧两居，置换回款 65% + 个人理财储蓄补充 + 公积金商业贷,重性价比，不盲信大牌，但要求物业管理有序、绿化修剪及时、人防技防规范。,常年本地稳定居住，工作日职住通勤动线规则单一。
上_1997_00893,上海,1997,本地改善,49,女,0.4,5.8,0.45,9.6,3,2,否,B,agent,0.7,0.37,0.5,0.56,0.52,0.95,0.43,0.75,0.61,自住-改善,一室一厅,100,634,区财政局科员,二胎黄金期中大户型,上海中环品质两居，车位及空间极其拥挤,小区无地下车库且人车不分流，小孩在楼下玩耍或者推婴儿车极为不安全。,讲究超高得房率（超85%），主卧套房必须配备独立步入式衣帽间与干湿分离双卫。,主要在陆家嘴/徐家汇CBD上班，首选地铁2/9号线沿线，通勤半小时内。,倡导轻户外，周末常带家人自驾野营或山系徒步，注重生活情调与手作咖啡。,名下持有一套旧两居，置换回款 65% + 个人理财储蓄补充 + 公积金商业贷,重性价比，不盲信大牌，但要求物业管理有序、绿化修剪及时、人防技防规范。,常年本地稳定居住，工作日职住通勤动线规则单一。
上_1997_00894,上海,1997,长三角家庭,41,女,0.6,4.0,0.45,6.6,3,2,是,B,agent,0.82,0.51,0.62,0.51,0.52,0.9,0.3,0.73,0.82,自住-改善,两室一厅,79,585,国企车间技术主任,二胎黄金期中大户型,上海中环品质两居，车位及空间极其拥挤,小区无地下车库且人车不分流，小孩在楼下玩耍或者推婴儿车极为不安全。,讲究超高得房率（超85%），主卧套房必须配备独立步入式衣帽间与干湿分离双卫。,主要在陆家嘴/徐家汇CBD上班，首选地铁2/9号线沿线，通勤半小时内。,倡导轻户外，周末常带家人自驾野营或山系徒步，注重生活情调与手作咖啡。,名下持有一套旧两居，置换回款 65% + 个人理财储蓄补充 + 公积金商业贷,非仁恒、绿城、万科等金牌开发商不买，极度看重高端精装质量与顶级物业的增值口碑。,常年本地稳定居住，工作日职住通勤动线规则单一。
上_1997_00895,上海,1997,本地改善,56,男,0.4,3.2,0.45,5.3,5,2,是,B,agent,0.82,0.6,0.59,0.63,0.61,0.91,0.65,0.63,0.62,自住-改善,两室一厅,84,419,邮政局局长秘书,二胎黄金期中大户型,上海中环品质两居，车位及空间极其拥挤,小区无地下车库且人车不分流，小孩在楼下玩耍或者推婴儿车极为不安全。,讲究超高得房率（超85%），主卧套房必须配备独立步入式衣帽间与干湿分离双卫。,主要在陆家嘴/徐家汇CBD上班，首选地铁2/9号线沿线，通勤半小时内。,倡导轻户外，周末常带家人自驾野营或山系徒步，注重生活情调与手作咖啡。,名下持有一套旧两居，置换回款 65% + 个人理财储蓄补充 + 公积金商业贷,重性价比，不盲信大牌，但要求物业管理有序、绿化修剪及时、人防技防规范。,常年本地稳定居住，工作日职住通勤动线规则单一。
上_1997_00896,上海,1997,本地改善,48,男,0.6,6.1,0.45,10.2,4,3,是,B,agent,0.61,0.53,0.57,0.44,0.63,0.86,0.59,0.65,0.4,自住-改善,一室一厅,96,903,国企车间技术主任,二胎黄金期中大户型,上海中环品质两居，车位及空间极其拥挤,小区无地下车库且人车不分流，小孩在楼下玩耍或者推婴儿车极为不安全。,讲究超高得房率（超85%），主卧套房必须配备独立步入式衣帽间与干湿分离双卫。,主要在陆家嘴/徐家汇CBD上班，首选地铁2/9号线沿线，通勤半小时内。,倡导轻户外，周末常带家人自驾野营或山系徒步，注重生活情调与手作咖啡。,名下持有一套旧两居，置换回款 65% + 个人理财储蓄补充 + 公积金商业贷,重性价比，不盲信大牌，但要求物业管理有序、绿化修剪及时、人防技防规范。,常年本地稳定居住，工作日职住通勤动线规则单一。
上_1997_00897,上海,1997,长三角家庭,55,女,0.4,2.4,0.45,3.9,5,2,否,B,agent,0.75,0.64,0.5,0.35,0.58,0.74,0.43,0.59,0.6,自住-首套,两室两厅,73,466,市第二中学地理教师,二胎黄金期中大户型,上海中环品质两居，车位及空间极其拥挤,小区无地下车库且人车不分流，小孩在楼下玩耍或者推婴儿车极为不安全。,讲究超高得房率（超85%），主卧套房必须配备独立步入式衣帽间与干湿分离双卫。,主要在陆家嘴/徐家汇CBD上班，首选地铁2/9号线沿线，通勤半小时内。,倡导轻户外，周末常带家人自驾野营或山系徒步，注重生活情调与手作咖啡。,夫妻双方积蓄 + 双方父母出资赞助首付 + 公积金商业组合贷款,重性价比，不盲信大牌，但要求物业管理有序、绿化修剪及时、人防技防规范。,常年本地稳定居住，工作日职住通勤动线规则单一。
上_1997_00898,上海,1997,本地改善,49,女,0.4,5.2,0.45,8.6,4,2,是,B,agent,0.79,0.52,0.67,0.57,0.65,0.9,0.72,0.65,0.66,自住-改善,两室一厅,91,843,国企车间技术主任,二胎黄金期中大户型,上海中环品质两居，车位及空间极其拥挤,小区无地下车库且人车不分流，小孩在楼下玩耍或者推婴儿车极为不安全。,讲究超高得房率（超85%），主卧套房必须配备独立步入式衣帽间与干湿分离双卫。,主要在陆家嘴/徐家汇CBD上班，首选地铁2/9号线沿线，通勤半小时内。,倡导轻户外，周末常带家人自驾野营或山系徒步，注重生活情调与手作咖啡。,名下持有一套旧两居，置换回款 65% + 个人理财储蓄补充 + 公积金商业贷,重性价比，不盲信大牌，但要求物业管理有序、绿化修剪及时、人防技防规范。,常年本地稳定居住，工作日职住通勤动线规则单一。
上_1997_00899,上海,1997,教育型买房,47,男,0.5,3.0,0.4,5.6,3,0,否,B,social,0.83,0.4,0.37,0.31,0.66,0.72,0.57,1,0.63,学区房,两室两厅,75,447,市第二中学地理教师,成熟期核心家庭,上海中环品质两居，车位及空间极其拥挤,老小区隔音差，邻里滋扰严重，且车位严重匮乏，每晚加班回来抢车位像打仗。,讲究超高得房率（超85%），主卧套房必须配备独立步入式衣帽间与干湿分离双卫。,主要在陆家嘴/徐家汇CBD上班，首选地铁2/9号线沿线，通勤半小时内。,倡导轻户外，周末常带家人自驾野营或山系徒步，注重生活情调与手作咖啡。,名下持有一套旧两居，置换回款 65% + 个人理财储蓄补充 + 公积金商业贷,重性价比，不盲信大牌，但要求物业管理有序、绿化修剪及时、人防技防规范。,常年本地稳定居住，工作日职住通勤动线规则单一。
上_1997_00900,上海,1997,本地改善,44,女,0.5,5.9,0.45,9.8,4,2,是,B,agent,0.69,0.36,0.49,0.55,0.55,0.99,0.64,0.72,0.64,自住-改善,两室两厅,51,1232,邮政局局长秘书,二胎黄金期中大户型,上海中环品质两居，车位及空间极其拥挤,小区无地下车库且人车不分流，小孩在楼下玩耍或者推婴儿车极为不安全。,讲究超高得房率（超85%），主卧套房必须配备独立步入式衣帽间与干湿分离双卫。,主要在陆家嘴/徐家汇CBD上班，首选地铁2/9号线沿线，通勤半小时内。,倡导轻户外，周末常带家人自驾野营或山系徒步，注重生活情调与手作咖啡。,名下持有一套旧两居，置换回款 65% + 个人理财储蓄补充 + 公积金商业贷,重性价比，不盲信大牌，但要求物业管理有序、绿化修剪及时、人防技防规范。,常年本地稳定居住，工作日职住通勤动线规则单一。
上_1997_00901,上海,1997,本地改善,45,男,0.3,2.8,0.45,4.7,5,2,否,B,agent,0.73,0.44,0.52,0.43,0.65,0.96,0.55,0.72,0.58,自住-改善,两室一厅,58,537,区财政局科员,二胎黄金期中大户型,上海中环品质两居，车位及空间极其拥挤,小区无地下车库且人车不分流，小孩在楼下玩耍或者推婴儿车极为不安全。,讲究超高得房率（超85%），主卧套房必须配备独立步入式衣帽间与干湿分离双卫。,主要在陆家嘴/徐家汇CBD上班，首选地铁2/9号线沿线，通勤半小时内。,倡导轻户外，周末常带家人自驾野营或山系徒步，注重生活情调与手作咖啡。,名下持有一套旧两居，置换回款 65% + 个人理财储蓄补充 + 公积金商业贷,重性价比，不盲信大牌，但要求物业管理有序、绿化修剪及时、人防技防规范。,常年本地稳定居住，工作日职住通勤动线规则单一。
上_1997_00902,上海,1997,本地改善,54,男,0.3,2.9,0.45,4.8,4,2,是,B,agent,0.98,0.46,0.61,0.56,0.61,1,0.68,0.65,0.65,自住-改善,两室两厅,95,433,邮政局局长秘书,二胎黄金期中大户型,上海中环品质两居，车位及空间极其拥挤,小区无地下车库且人车不分流，小孩在楼下玩耍或者推婴儿车极为不安全。,讲究超高得房率（超85%），主卧套房必须配备独立步入式衣帽间与干湿分离双卫。,主要在陆家嘴/徐家汇CBD上班，首选地铁2/9号线沿线，通勤半小时内。,倡导轻户外，周末常带家人自驾野营或山系徒步，注重生活情调与手作咖啡。,名下持有一套旧两居，置换回款 65% + 个人理财储蓄补充 + 公积金商业贷,重性价比，不盲信大牌，但要求物业管理有序、绿化修剪及时、人防技防规范。,常年本地稳定居住，工作日职住通勤动线规则单一。
上_1997_00903,上海,1997,长三角家庭,47,女,0.3,1.9,0.45,3.2,5,2,否,B,agent,1,0.44,0.47,0.6,0.46,0.81,0.41,0.79,0.49,自住-改善,一室一厅,72,293,国企车间技术主任,二胎黄金期中大户型,上海中环品质两居，车位及空间极其拥挤,小区无地下车库且人车不分流，小孩在楼下玩耍或者推婴儿车极为不安全。,讲究超高得房率（超85%），主卧套房必须配备独立步入式衣帽间与干湿分离双卫。,主要在陆家嘴/徐家汇CBD上班，首选地铁2/9号线沿线，通勤半小时内。,倡导轻户外，周末常带家人自驾野营或山系徒步，注重生活情调与手作咖啡。,名下持有一套旧两居，置换回款 65% + 个人理财储蓄补充 + 公积金商业贷,重性价比，不盲信大牌，但要求物业管理有序、绿化修剪及时、人防技防规范。,常年本地稳定居住，工作日职住通勤动线规则单一。
上_1997_00904,上海,1997,本地改善,45,男,0.3,3.9,0.45,6.6,4,2,是,B,agent,0.79,0.6,0.55,0.48,0.54,0.72,0.49,0.77,0.51,自住-改善,两室两厅,90,386,邮政局局长秘书,二胎黄金期中大户型,上海中环品质两居，车位及空间极其拥挤,小区无地下车库且人车不分流，小孩在楼下玩耍或者推婴儿车极为不安全。,讲究超高得房率（超85%），主卧套房必须配备独立步入式衣帽间与干湿分离双卫。,主要在陆家嘴/徐家汇CBD上班，首选地铁2/9号线沿线，通勤半小时内。,倡导轻户外，周末常带家人自驾野营或山系徒步，注重生活情调与手作咖啡。,名下持有一套旧两居，置换回款 65% + 个人理财储蓄补充 + 公积金商业贷,重性价比，不盲信大牌，但要求物业管理有序、绿化修剪及时、人防技防规范。,常年本地稳定居住，工作日职住通勤动线规则单一。
上_1997_00905,上海,1997,本地改善,53,女,0.4,3.7,0.45,6.1,4,2,否,B,agent,0.79,0.64,0.48,0.59,0.49,0.83,0.49,0.68,0.6,自住-改善,两室两厅,53,732,邮政局局长秘书,二胎黄金期中大户型,上海中环品质两居，车位及空间极其拥挤,小区无地下车库且人车不分流，小孩在楼下玩耍或者推婴儿车极为不安全。,讲究超高得房率（超85%），主卧套房必须配备独立步入式衣帽间与干湿分离双卫。,主要在陆家嘴/徐家汇CBD上班，首选地铁2/9号线沿线，通勤半小时内。,倡导轻户外，周末常带家人自驾野营或山系徒步，注重生活情调与手作咖啡。,名下持有一套旧两居，置换回款 65% + 个人理财储蓄补充 + 公积金商业贷,重性价比，不盲信大牌，但要求物业管理有序、绿化修剪及时、人防技防规范。,常年本地稳定居住，工作日职住通勤动线规则单一。
上_1997_00906,上海,1997,本地改善,45,女,0.5,6.1,0.45,10.2,3,2,否,B,agent,0.78,0.39,0.65,0.57,0.62,0.89,0.31,0.73,0.65,自住-改善,两室两厅,52,1694,邮政局局长秘书,二胎黄金期中大户型,上海中环品质两居，车位及空间极其拥挤,小区无地下车库且人车不分流，小孩在楼下玩耍或者推婴儿车极为不安全。,讲究超高得房率（超85%），主卧套房必须配备独立步入式衣帽间与干湿分离双卫。,主要在陆家嘴/徐家汇CBD上班，首选地铁2/9号线沿线，通勤半小时内。,倡导轻户外，周末常带家人自驾野营或山系徒步，注重生活情调与手作咖啡。,名下持有一套旧两居，置换回款 65% + 个人理财储蓄补充 + 公积金商业贷,重性价比，不盲信大牌，但要求物业管理有序、绿化修剪及时、人防技防规范。,常年本地稳定居住，工作日职住通勤动线规则单一。
上_1997_00907,上海,1997,长三角家庭,36,女,0.4,3.3,0.45,5.6,5,2,否,B,agent,0.45,0.64,0.62,0.53,0.46,0.74,0.3,0.54,0.71,自住-改善,两室两厅,63,614,区财政局科员,二胎黄金期中大户型,上海中环品质两居，车位及空间极其拥挤,小区无地下车库且人车不分流，小孩在楼下玩耍或者推婴儿车极为不安全。,讲究超高得房率（超85%），主卧套房必须配备独立步入式衣帽间与干湿分离双卫。,主要在陆家嘴/徐家汇CBD上班，首选地铁2/9号线沿线，通勤半小时内。,倡导轻户外，周末常带家人自驾野营或山系徒步，注重生活情调与手作咖啡。,名下持有一套旧两居，置换回款 65% + 个人理财储蓄补充 + 公积金商业贷,非仁恒、绿城、万科等金牌开发商不买，极度看重高端精装质量与顶级物业的增值口碑。,常年本地稳定居住，工作日职住通勤动线规则单一。
上_1997_00908,上海,1997,教育型买房,45,男,0.6,4.5,0.4,8.4,3,0,否,B,social,1,0.54,0.29,0.33,0.59,0.69,0.53,0.94,0.66,学区房,两室一厅,66,797,市第二中学地理教师,成熟期核心家庭,上海中环品质两居，车位及空间极其拥挤,老小区隔音差，邻里滋扰严重，且车位严重匮乏，每晚加班回来抢车位像打仗。,核心要求地块属于第一梯队名校学区，且周边500米内解决幼小衔接教育配套。,主要在陆家嘴/徐家汇CBD上班，首选地铁2/9号线沿线，通勤半小时内。,倡导轻户外，周末常带家人自驾野营或山系徒步，注重生活情调与手作咖啡。,名下持有一套旧两居，置换回款 65% + 个人理财储蓄补充 + 公积金商业贷,重性价比，不盲信大牌，但要求物业管理有序、绿化修剪及时、人防技防规范。,常年本地稳定居住，工作日职住通勤动线规则单一。
上_1997_00909,上海,1997,教育型买房,34,女,0.8,5.1,0.4,9.6,3,1,是,B,social,1,0.57,0.4,0.3,0.5,0.56,0.48,1,0.62,学区房,一室一厅,78,845,市第二中学地理教师,三口之家(幼龄段),上海中环品质两居，车位及空间极其拥挤,小区无地下车库且人车不分流，小孩在楼下玩耍或者推婴儿车极为不安全。,核心要求地块属于第一梯队名校学区，且周边500米内解决幼小衔接教育配套。,主要在陆家嘴/徐家汇CBD上班，首选地铁2/9号线沿线，通勤半小时内。,倡导轻户外，周末常带家人自驾野营或山系徒步，注重生活情调与手作咖啡。,名下持有一套旧两居，置换回款 65% + 个人理财储蓄补充 + 公积金商业贷,重性价比，不盲信大牌，但要求物业管理有序、绿化修剪及时、人防技防规范。,常年本地稳定居住，工作日职住通勤动线规则单一。
上_1997_00910,上海,1997,本地改善,39,女,0.4,4.6,0.45,7.6,4,1,是,B,agent,0.84,0.59,0.55,0.55,0.45,0.83,0.67,0.78,0.48,自住-改善,两室一厅,62,627,市第二中学地理教师,三口之家(学龄段),上海中环品质两居，车位及空间极其拥挤,小区无地下车库且人车不分流，小孩在楼下玩耍或者推婴儿车极为不安全。,讲究超高得房率（超85%），主卧套房必须配备独立步入式衣帽间与干湿分离双卫。,主要在陆家嘴/徐家汇CBD上班，首选地铁2/9号线沿线，通勤半小时内。,倡导轻户外，周末常带家人自驾野营或山系徒步，注重生活情调与手作咖啡。,名下持有一套旧两居，置换回款 65% + 个人理财储蓄补充 + 公积金商业贷,重性价比，不盲信大牌，但要求物业管理有序、绿化修剪及时、人防技防规范。,常年本地稳定居住，工作日职住通勤动线规则单一。
上_1997_00911,上海,1997,本地改善,50,男,0.3,3.1,0.45,5.2,4,2,否,B,agent,0.63,0.39,0.57,0.64,0.46,0.8,0.65,0.62,0.65,自住-改善,两室一厅,77,555,区财政局科员,二胎黄金期中大户型,上海中环品质两居，车位及空间极其拥挤,小区无地下车库且人车不分流，小孩在楼下玩耍或者推婴儿车极为不安全。,讲究超高得房率（超85%），主卧套房必须配备独立步入式衣帽间与干湿分离双卫。,主要在陆家嘴/徐家汇CBD上班，首选地铁2/9号线沿线，通勤半小时内。,倡导轻户外，周末常带家人自驾野营或山系徒步，注重生活情调与手作咖啡。,名下持有一套旧两居，置换回款 65% + 个人理财储蓄补充 + 公积金商业贷,重性价比，不盲信大牌，但要求物业管理有序、绿化修剪及时、人防技防规范。,常年本地稳定居住，工作日职住通勤动线规则单一。
上_1997_00912,上海,1997,长三角家庭,39,女,0.4,3.8,0.45,6.4,4,2,是,B,agent,0.52,0.58,0.57,0.56,0.65,0.73,0.54,0.89,0.58,自住-首套,一室一厅,91,532,市第二中学地理教师,二胎黄金期中大户型,上海中环品质两居，车位及空间极其拥挤,小区无地下车库且人车不分流，小孩在楼下玩耍或者推婴儿车极为不安全。,讲究超高得房率（超85%），主卧套房必须配备独立步入式衣帽间与干湿分离双卫。,主要在陆家嘴/徐家汇CBD上班，首选地铁2/9号线沿线，通勤半小时内。,倡导轻户外，周末常带家人自驾野营或山系徒步，注重生活情调与手作咖啡。,夫妻双方积蓄 + 双方父母出资赞助首付 + 公积金商业组合贷款,重性价比，不盲信大牌，但要求物业管理有序、绿化修剪及时、人防技防规范。,常年本地稳定居住，工作日职住通勤动线规则单一。
上_1997_00913,上海,1997,教育型买房,35,男,0.4,2.7,0.4,5.1,3,1,是,B,social,1,0.44,0.29,0.49,0.58,0.75,0.41,0.88,0.67,学区房,一室一厅,83,371,国企车间技术主任,三口之家(幼龄段),上海中环品质两居，车位及空间极其拥挤,小区无地下车库且人车不分流，小孩在楼下玩耍或者推婴儿车极为不安全。,讲究超高得房率（超85%），主卧套房必须配备独立步入式衣帽间与干湿分离双卫。,主要在陆家嘴/徐家汇CBD上班，首选地铁2/9号线沿线，通勤半小时内。,倡导轻户外，周末常带家人自驾野营或山系徒步，注重生活情调与手作咖啡。,名下持有一套旧两居，置换回款 65% + 个人理财储蓄补充 + 公积金商业贷,重性价比，不盲信大牌，但要求物业管理有序、绿化修剪及时、人防技防规范。,常年本地稳定居住，工作日职住通勤动线规则单一。
上_1997_00914,上海,1997,金融精英,35,女,1.2,11.2,0.4,21.0,2,1,是,A,research,0.8,0.46,0.38,0.46,0.73,0.71,0.74,0.75,0.64,自住-改善,两室两厅,87,2094,申银万国证券分析员,三口之家(幼龄段),陆家嘴核心区江景大平层,当前房屋属于旧多层无电梯房，父母年纪渐高每天爬楼梯极为吃力。,讲究超高得房率（超85%），主卧套房必须配备独立步入式衣帽间与干湿分离双卫。,主要在陆家嘴/徐家汇CBD上班，首选地铁2/9号线沿线，通勤半小时内。,周末常去高端商圈消费，热衷打网球和马术，重度手冲咖啡及黑胶唱片发烧友。,名下已有企业股权套现或分红现金，一次性全款付清，基本不加杠杆,重性价比，不盲信大牌，但要求物业管理有序、绿化修剪及时、人防技防规范。,常年本地稳定居住，工作日职住通勤动线规则单一。
上_1997_00915,上海,1997,教育型买房,36,男,0.8,4.6,0.4,8.6,3,1,是,B,social,0.98,0.49,0.36,0.49,0.58,0.7,0.62,0.99,0.63,学区房,一室一厅,87,620,邮政局局长秘书,三口之家(幼龄段),上海中环品质两居，车位及空间极其拥挤,小区无地下车库且人车不分流，小孩在楼下玩耍或者推婴儿车极为不安全。,核心要求地块属于第一梯队名校学区，且周边500米内解决幼小衔接教育配套。,主要在陆家嘴/徐家汇CBD上班，首选地铁2/9号线沿线，通勤半小时内。,倡导轻户外，周末常带家人自驾野营或山系徒步，注重生活情调与手作咖啡。,名下持有一套旧两居，置换回款 65% + 个人理财储蓄补充 + 公积金商业贷,重性价比，不盲信大牌，但要求物业管理有序、绿化修剪及时、人防技防规范。,常年本地稳定居住，工作日职住通勤动线规则单一。
上_1997_00916,上海,1997,本地改善,44,女,0.5,6.3,0.45,10.5,4,2,否,B,agent,0.65,0.46,0.55,0.52,0.54,0.73,0.59,0.72,0.55,自住-改善,两室两厅,52,1190,国企车间技术主任,二胎黄金期中大户型,上海中环品质两居，车位及空间极其拥挤,小区无地下车库且人车不分流，小孩在楼下玩耍或者推婴儿车极为不安全。,讲究超高得房率（超85%），主卧套房必须配备独立步入式衣帽间与干湿分离双卫。,主要在陆家嘴/徐家汇CBD上班，首选地铁2/9号线沿线，通勤半小时内。,倡导轻户外，周末常带家人自驾野营或山系徒步，注重生活情调与手作咖啡。,名下持有一套旧两居，置换回款 65% + 个人理财储蓄补充 + 公积金商业贷,重性价比，不盲信大牌，但要求物业管理有序、绿化修剪及时、人防技防规范。,常年本地稳定居住，工作日职住通勤动线规则单一。
上_1997_00917,上海,1997,外籍海归,34,女,0.7,3.6,0.4,6.8,3,1,否,A,social,0.66,0.58,0.61,0.52,0.73,0.64,0.75,0.98,0.87,婚房,两室两厅,66,790,外企驻沪办事处代表,三口之家(幼龄段),西湖边高精平层,无高端私密会所及管家式物业配套，圈层鱼龙混杂，高净值居住体验差。,核心要求地块属于第一梯队名校学区，且周边500米内解决幼小衔接教育配套。,主要在陆家嘴/徐家汇CBD上班，首选地铁2/9号线沿线，通勤半小时内。,周末常去高端商圈消费，热衷打网球和马术，重度手冲咖啡及黑胶唱片发烧友。,夫妻双方积蓄 + 双方父母出资赞助首付 + 公积金商业组合贷款,非仁恒、绿城、万科等金牌开发商不买，极度看重高端精装质量与顶级物业的增值口碑。,常年本地稳定居住，工作日职住通勤动线规则单一。
上_1997_00918,上海,1997,长三角家庭,35,女,0.4,2.4,0.45,3.9,3,2,是,B,agent,0.84,0.51,0.56,0.42,0.44,0.71,0.34,0.7,0.46,自住-改善,一室一厅,62,435,市第二中学地理教师,二胎黄金期中大户型,上海中环品质两居，车位及空间极其拥挤,小区无地下车库且人车不分流，小孩在楼下玩耍或者推婴儿车极为不安全。,讲究超高得房率（超85%），主卧套房必须配备独立步入式衣帽间与干湿分离双卫。,主要在陆家嘴/徐家汇CBD上班，首选地铁2/9号线沿线，通勤半小时内。,倡导轻户外，周末常带家人自驾野营或山系徒步，注重生活情调与手作咖啡。,名下持有一套旧两居，置换回款 65% + 个人理财储蓄补充 + 公积金商业贷,重性价比，不盲信大牌，但要求物业管理有序、绿化修剪及时、人防技防规范。,常年本地稳定居住，工作日职住通勤动线规则单一。
上_1997_00919,上海,1997,本地改善,53,女,0.4,3.5,0.45,5.9,3,2,否,B,agent,0.63,0.5,0.49,0.53,0.51,0.93,0.48,0.68,0.71,自住-改善,两室一厅,74,434,国企车间技术主任,二胎黄金期中大户型,上海中环品质两居，车位及空间极其拥挤,小区无地下车库且人车不分流，小孩在楼下玩耍或者推婴儿车极为不安全。,讲究超高得房率（超85%），主卧套房必须配备独立步入式衣帽间与干湿分离双卫。,主要在陆家嘴/徐家汇CBD上班，首选地铁2/9号线沿线，通勤半小时内。,倡导轻户外，周末常带家人自驾野营或山系徒步，注重生活情调与手作咖啡。,名下持有一套旧两居，置换回款 65% + 个人理财储蓄补充 + 公积金商业贷,非仁恒、绿城、万科等金牌开发商不买，极度看重高端精装质量与顶级物业的增值口碑。,常年本地稳定居住，工作日职住通勤动线规则单一。
上_1997_00920,上海,1997,本地改善,51,女,0.7,5.1,0.45,8.4,4,2,是,B,agent,0.57,0.53,0.48,0.48,0.51,0.94,0.6,0.71,0.59,自住-改善,一室一厅,83,542,市第二中学地理教师,二胎黄金期中大户型,上海中环品质两居，车位及空间极其拥挤,小区无地下车库且人车不分流，小孩在楼下玩耍或者推婴儿车极为不安全。,讲究超高得房率（超85%），主卧套房必须配备独立步入式衣帽间与干湿分离双卫。,主要在陆家嘴/徐家汇CBD上班，首选地铁2/9号线沿线，通勤半小时内。,倡导轻户外，周末常带家人自驾野营或山系徒步，注重生活情调与手作咖啡。,名下持有一套旧两居，置换回款 65% + 个人理财储蓄补充 + 公积金商业贷,重性价比，不盲信大牌，但要求物业管理有序、绿化修剪及时、人防技防规范。,常年本地稳定居住，工作日职住通勤动线规则单一。
上_1997_00921,上海,1997,教育型买房,38,女,0.7,4.4,0.4,8.3,3,1,是,B,social,1,0.43,0.39,0.49,0.55,0.76,0.47,1,0.56,学区房,两室一厅,88,790,市第二中学地理教师,三口之家(学龄段),上海中环品质两居，车位及空间极其拥挤,小区无地下车库且人车不分流，小孩在楼下玩耍或者推婴儿车极为不安全。,讲究超高得房率（超85%），主卧套房必须配备独立步入式衣帽间与干湿分离双卫。,主要在陆家嘴/徐家汇CBD上班，首选地铁2/9号线沿线，通勤半小时内。,倡导轻户外，周末常带家人自驾野营或山系徒步，注重生活情调与手作咖啡。,名下持有一套旧两居，置换回款 65% + 个人理财储蓄补充 + 公积金商业贷,重性价比，不盲信大牌，但要求物业管理有序、绿化修剪及时、人防技防规范。,常年本地稳定居住，工作日职住通勤动线规则单一。
上_1997_00922,上海,1997,教育型买房,47,女,0.4,2.4,0.4,4.5,3,0,是,B,social,0.94,0.49,0.42,0.4,0.52,0.63,0.55,1,0.64,学区房,两室两厅,76,367,邮政局局长秘书,成熟期核心家庭,上海中环品质两居，车位及空间极其拥挤,当前房屋属于旧多层无电梯房，父母年纪渐高每天爬楼梯极为吃力。,核心要求地块属于第一梯队名校学区，且周边500米内解决幼小衔接教育配套。,主要在陆家嘴/徐家汇CBD上班，首选地铁2/9号线沿线，通勤半小时内。,倡导轻户外，周末常带家人自驾野营或山系徒步，注重生活情调与手作咖啡。,名下持有一套旧两居，置换回款 65% + 个人理财储蓄补充 + 公积金商业贷,重性价比，不盲信大牌，但要求物业管理有序、绿化修剪及时、人防技防规范。,常年本地稳定居住，工作日职住通勤动线规则单一。
上_1997_00923,上海,1997,教育型买房,44,女,0.6,4.3,0.4,8.0,3,1,是,B,social,0.72,0.29,0.35,0.42,0.61,0.68,0.58,1,0.58,学区房,一室一厅,89,486,邮政局局长秘书,三口之家(学龄段),上海中环品质两居，车位及空间极其拥挤,小区无地下车库且人车不分流，小孩在楼下玩耍或者推婴儿车极为不安全。,核心要求地块属于第一梯队名校学区，且周边500米内解决幼小衔接教育配套。,主要在陆家嘴/徐家汇CBD上班，首选地铁2/9号线沿线，通勤半小时内。,倡导轻户外，周末常带家人自驾野营或山系徒步，注重生活情调与手作咖啡。,名下持有一套旧两居，置换回款 65% + 个人理财储蓄补充 + 公积金商业贷,重性价比，不盲信大牌，但要求物业管理有序、绿化修剪及时、人防技防规范。,常年本地稳定居住，工作日职住通勤动线规则单一。
上_1997_00924,上海,1997,本地改善,48,男,0.3,3.8,0.45,6.3,4,2,否,B,agent,0.66,0.49,0.68,0.57,0.63,0.75,0.64,0.65,0.56,自住-改善,一室一厅,72,691,区财政局科员,二胎黄金期中大户型,上海中环品质两居，车位及空间极其拥挤,小区无地下车库且人车不分流，小孩在楼下玩耍或者推婴儿车极为不安全。,讲究超高得房率（超85%），主卧套房必须配备独立步入式衣帽间与干湿分离双卫。,主要在陆家嘴/徐家汇CBD上班，首选地铁2/9号线沿线，通勤半小时内。,倡导轻户外，周末常带家人自驾野营或山系徒步，注重生活情调与手作咖啡。,名下持有一套旧两居，置换回款 65% + 个人理财储蓄补充 + 公积金商业贷,重性价比，不盲信大牌，但要求物业管理有序、绿化修剪及时、人防技防规范。,常年本地稳定居住，工作日职住通勤动线规则单一。
上_1997_00925,上海,1997,金融精英,37,男,0.4,2.9,0.4,5.3,3,1,否,A,research,0.64,0.43,0.67,0.65,0.77,0.81,0.58,0.97,0.69,自住-改善,两室一厅,81,332,商业银行支行信贷科长,三口之家(幼龄段),陆家嘴核心区江景大平层,无高端私密会所及管家式物业配套，圈层鱼龙混杂，高净值居住体验差。,讲究超高得房率（超85%），主卧套房必须配备独立步入式衣帽间与干湿分离双卫。,主要在陆家嘴/徐家汇CBD上班，首选地铁2/9号线沿线，通勤半小时内。,周末常去高端商圈消费，热衷打网球和马术，重度手冲咖啡及黑胶唱片发烧友。,名下已有企业股权套现或分红现金，一次性全款付清，基本不加杠杆,重性价比，不盲信大牌，但要求物业管理有序、绿化修剪及时、人防技防规范。,常年本地稳定居住，工作日职住通勤动线规则单一。
上_1997_00926,上海,1997,本地改善,42,女,0.5,3.5,0.45,5.8,4,2,否,B,agent,0.79,0.49,0.67,0.58,0.55,0.92,0.48,0.68,0.58,自住-改善,两室一厅,98,419,国企车间技术主任,二胎黄金期中大户型,上海中环品质两居，车位及空间极其拥挤,小区无地下车库且人车不分流，小孩在楼下玩耍或者推婴儿车极为不安全。,讲究超高得房率（超85%），主卧套房必须配备独立步入式衣帽间与干湿分离双卫。,主要在陆家嘴/徐家汇CBD上班，首选地铁2/9号线沿线，通勤半小时内。,倡导轻户外，周末常带家人自驾野营或山系徒步，注重生活情调与手作咖啡。,名下持有一套旧两居，置换回款 65% + 个人理财储蓄补充 + 公积金商业贷,重性价比，不盲信大牌，但要求物业管理有序、绿化修剪及时、人防技防规范。,常年本地稳定居住，工作日职住通勤动线规则单一。
上_1997_00927,上海,1997,本地改善,42,男,0.4,2.7,0.45,4.4,5,2,是,B,agent,0.58,0.48,0.47,0.52,0.6,0.85,0.45,0.67,0.65,自住-改善,两室一厅,86,463,国企车间技术主任,二胎黄金期中大户型,上海中环品质两居，车位及空间极其拥挤,小区无地下车库且人车不分流，小孩在楼下玩耍或者推婴儿车极为不安全。,讲究超高得房率（超85%），主卧套房必须配备独立步入式衣帽间与干湿分离双卫。,主要在陆家嘴/徐家汇CBD上班，首选地铁2/9号线沿线，通勤半小时内。,倡导轻户外，周末常带家人自驾野营或山系徒步，注重生活情调与手作咖啡。,名下持有一套旧两居，置换回款 65% + 个人理财储蓄补充 + 公积金商业贷,重性价比，不盲信大牌，但要求物业管理有序、绿化修剪及时、人防技防规范。,常年本地稳定居住，工作日职住通勤动线规则单一。
上_1997_00928,上海,1997,教育型买房,48,男,1.0,9.2,0.4,17.3,3,1,是,B,social,0.64,0.41,0.41,0.31,0.5,0.75,0.46,0.92,0.75,学区房,一室一厅,60,2042,邮政局局长秘书,三口之家(学龄段),上海中环品质两居，车位及空间极其拥挤,小区无地下车库且人车不分流，小孩在楼下玩耍或者推婴儿车极为不安全。,讲究超高得房率（超85%），主卧套房必须配备独立步入式衣帽间与干湿分离双卫。,主要在陆家嘴/徐家汇CBD上班，首选地铁2/9号线沿线，通勤半小时内。,倡导轻户外，周末常带家人自驾野营或山系徒步，注重生活情调与手作咖啡。,名下持有一套旧两居，置换回款 65% + 个人理财储蓄补充 + 公积金商业贷,非仁恒、绿城、万科等金牌开发商不买，极度看重高端精装质量与顶级物业的增值口碑。,常年本地稳定居住，工作日职住通勤动线规则单一。
上_1997_00929,上海,1997,本地改善,42,男,0.3,2.3,0.45,3.8,5,2,是,B,agent,0.99,0.47,0.58,0.5,0.48,0.8,0.53,0.72,0.59,自住-改善,一室一厅,69,365,邮政局局长秘书,二胎黄金期中大户型,上海中环品质两居，车位及空间极其拥挤,小区无地下车库且人车不分流，小孩在楼下玩耍或者推婴儿车极为不安全。,讲究超高得房率（超85%），主卧套房必须配备独立步入式衣帽间与干湿分离双卫。,主要在陆家嘴/徐家汇CBD上班，首选地铁2/9号线沿线，通勤半小时内。,倡导轻户外，周末常带家人自驾野营或山系徒步，注重生活情调与手作咖啡。,名下持有一套旧两居，置换回款 65% + 个人理财储蓄补充 + 公积金商业贷,重性价比，不盲信大牌，但要求物业管理有序、绿化修剪及时、人防技防规范。,常年本地稳定居住，工作日职住通勤动线规则单一。
上_1997_00930,上海,1997,本地改善,52,女,0.3,3.1,0.45,5.2,5,2,是,B,agent,0.8,0.49,0.57,0.4,0.52,0.75,0.64,0.8,0.62,自住-改善,一室一厅,72,601,国企车间技术主任,二胎黄金期中大户型,上海中环品质两居，车位及空间极其拥挤,小区无地下车库且人车不分流，小孩在楼下玩耍或者推婴儿车极为不安全。,讲究超高得房率（超85%），主卧套房必须配备独立步入式衣帽间与干湿分离双卫。,主要在陆家嘴/徐家汇CBD上班，首选地铁2/9号线沿线，通勤半小时内。,倡导轻户外，周末常带家人自驾野营或山系徒步，注重生活情调与手作咖啡。,名下持有一套旧两居，置换回款 65% + 个人理财储蓄补充 + 公积金商业贷,重性价比，不盲信大牌，但要求物业管理有序、绿化修剪及时、人防技防规范。,常年本地稳定居住，工作日职住通勤动线规则单一。
上_1997_00931,上海,1997,本地改善,52,女,0.5,5.4,0.45,9.0,3,1,否,B,agent,0.86,0.48,0.52,0.43,0.75,0.73,0.62,0.69,0.7,自住-改善,一室一厅,67,833,邮政局局长秘书,三口之家(学龄段),上海中环品质两居，车位及空间极其拥挤,小区无地下车库且人车不分流，小孩在楼下玩耍或者推婴儿车极为不安全。,讲究超高得房率（超85%），主卧套房必须配备独立步入式衣帽间与干湿分离双卫。,主要在陆家嘴/徐家汇CBD上班，首选地铁2/9号线沿线，通勤半小时内。,倡导轻户外，周末常带家人自驾野营或山系徒步，注重生活情调与手作咖啡。,名下持有一套旧两居，置换回款 65% + 个人理财储蓄补充 + 公积金商业贷,重性价比，不盲信大牌，但要求物业管理有序、绿化修剪及时、人防技防规范。,常年本地稳定居住，工作日职住通勤动线规则单一。
上_1997_00932,上海,1997,本地改善,43,女,0.4,5.1,0.45,8.5,5,2,是,B,agent,0.52,0.45,0.59,0.59,0.66,0.78,0.62,0.77,0.62,自住-改善,一室一厅,52,1225,国企车间技术主任,二胎黄金期中大户型,上海中环品质两居，车位及空间极其拥挤,小区无地下车库且人车不分流，小孩在楼下玩耍或者推婴儿车极为不安全。,讲究超高得房率（超85%），主卧套房必须配备独立步入式衣帽间与干湿分离双卫。,主要在陆家嘴/徐家汇CBD上班，首选地铁2/9号线沿线，通勤半小时内。,倡导轻户外，周末常带家人自驾野营或山系徒步，注重生活情调与手作咖啡。,名下持有一套旧两居，置换回款 65% + 个人理财储蓄补充 + 公积金商业贷,重性价比，不盲信大牌，但要求物业管理有序、绿化修剪及时、人防技防规范。,常年本地稳定居住，工作日职住通勤动线规则单一。
上_1997_00933,上海,1997,本地改善,47,男,0.4,3.2,0.45,5.4,3,2,是,B,agent,0.9,0.51,0.65,0.5,0.55,0.84,0.56,0.68,0.63,自住-改善,两室两厅,85,408,市第二中学地理教师,二胎黄金期中大户型,上海中环品质两居，车位及空间极其拥挤,小区无地下车库且人车不分流，小孩在楼下玩耍或者推婴儿车极为不安全。,讲究超高得房率（超85%），主卧套房必须配备独立步入式衣帽间与干湿分离双卫。,主要在陆家嘴/徐家汇CBD上班，首选地铁2/9号线沿线，通勤半小时内。,倡导轻户外，周末常带家人自驾野营或山系徒步，注重生活情调与手作咖啡。,名下持有一套旧两居，置换回款 65% + 个人理财储蓄补充 + 公积金商业贷,重性价比，不盲信大牌，但要求物业管理有序、绿化修剪及时、人防技防规范。,常年本地稳定居住，工作日职住通勤动线规则单一。
上_1997_00934,上海,1997,长三角家庭,37,男,0.3,2.2,0.45,3.7,4,2,是,B,agent,0.48,0.52,0.44,0.32,0.6,0.82,0.45,0.62,0.69,自住-首套,一室一厅,64,333,邮政局局长秘书,二胎黄金期中大户型,上海中环品质两居，车位及空间极其拥挤,小区无地下车库且人车不分流，小孩在楼下玩耍或者推婴儿车极为不安全。,讲究超高得房率（超85%），主卧套房必须配备独立步入式衣帽间与干湿分离双卫。,主要在陆家嘴/徐家汇CBD上班，首选地铁2/9号线沿线，通勤半小时内。,倡导轻户外，周末常带家人自驾野营或山系徒步，注重生活情调与手作咖啡。,夫妻双方积蓄 + 双方父母出资赞助首付 + 公积金商业组合贷款,重性价比，不盲信大牌，但要求物业管理有序、绿化修剪及时、人防技防规范。,常年本地稳定居住，工作日职住通勤动线规则单一。
上_1997_00935,上海,1997,长三角家庭,44,男,0.4,2.6,0.45,4.3,4,3,是,B,agent,0.78,0.6,0.5,0.6,0.37,0.8,0.32,0.78,0.63,自住-首套,两室两厅,55,523,区财政局科员,二胎黄金期中大户型,上海中环品质两居，车位及空间极其拥挤,小区无地下车库且人车不分流，小孩在楼下玩耍或者推婴儿车极为不安全。,讲究超高得房率（超85%），主卧套房必须配备独立步入式衣帽间与干湿分离双卫。,主要在陆家嘴/徐家汇CBD上班，首选地铁2/9号线沿线，通勤半小时内。,倡导轻户外，周末常带家人自驾野营或山系徒步，注重生活情调与手作咖啡。,夫妻双方积蓄 + 双方父母出资赞助首付 + 公积金商业组合贷款,重性价比，不盲信大牌，但要求物业管理有序、绿化修剪及时、人防技防规范。,常年本地稳定居住，工作日职住通勤动线规则单一。
上_1997_00936,上海,1997,金融精英,42,女,0.6,3.9,0.4,7.2,3,1,否,A,research,1,0.43,0.57,0.77,0.82,0.73,0.69,0.74,0.92,自住-首套,一室一厅,83,468,商业银行支行信贷科长,三口之家(学龄段),陆家嘴核心区江景大平层,无高端私密会所及管家式物业配套，圈层鱼龙混杂，高净值居住体验差。,要求独立电梯入户，主次卧动线分明，配备独立保姆房和私密后院。,主要在陆家嘴/徐家汇CBD上班，首选地铁2/9号线沿线，通勤半小时内。,周末常去高端商圈消费，热衷打网球和马术，重度手冲咖啡及黑胶唱片发烧友。,夫妻双方积蓄 + 双方父母出资赞助首付 + 公积金商业组合贷款,非仁恒、绿城、万科等金牌开发商不买，极度看重高端精装质量与顶级物业的增值口碑。,常年本地稳定居住，工作日职住通勤动线规则单一。
上_1997_00937,上海,1997,本地改善,45,男,0.5,6.7,0.45,11.2,4,1,是,B,agent,0.51,0.6,0.65,0.49,0.63,0.84,0.39,0.76,0.5,自住-改善,两室两厅,76,1292,市第二中学地理教师,三口之家(学龄段),上海中环品质两居，车位及空间极其拥挤,小区无地下车库且人车不分流，小孩在楼下玩耍或者推婴儿车极为不安全。,讲究超高得房率（超85%），主卧套房必须配备独立步入式衣帽间与干湿分离双卫。,主要在陆家嘴/徐家汇CBD上班，首选地铁2/9号线沿线，通勤半小时内。,倡导轻户外，周末常带家人自驾野营或山系徒步，注重生活情调与手作咖啡。,名下持有一套旧两居，置换回款 65% + 个人理财储蓄补充 + 公积金商业贷,重性价比，不盲信大牌，但要求物业管理有序、绿化修剪及时、人防技防规范。,常年本地稳定居住，工作日职住通勤动线规则单一。
上_1997_00938,上海,1997,本地改善,51,女,0.3,3.1,0.45,5.1,5,2,是,B,agent,0.66,0.47,0.59,0.47,0.64,0.81,0.67,0.73,0.6,自住-改善,一室一厅,60,616,市第二中学地理教师,二胎黄金期中大户型,上海中环品质两居，车位及空间极其拥挤,小区无地下车库且人车不分流，小孩在楼下玩耍或者推婴儿车极为不安全。,讲究超高得房率（超85%），主卧套房必须配备独立步入式衣帽间与干湿分离双卫。,主要在陆家嘴/徐家汇CBD上班，首选地铁2/9号线沿线，通勤半小时内。,倡导轻户外，周末常带家人自驾野营或山系徒步，注重生活情调与手作咖啡。,名下持有一套旧两居，置换回款 65% + 个人理财储蓄补充 + 公积金商业贷,重性价比，不盲信大牌，但要求物业管理有序、绿化修剪及时、人防技防规范。,常年本地稳定居住，工作日职住通勤动线规则单一。
上_1997_00939,上海,1997,金融精英,43,男,0.7,4.8,0.4,9.1,4,0,否,A,research,0.66,0.46,0.55,0.59,0.73,0.7,0.66,0.87,0.94,自住-首套,一室一厅,89,555,申银万国证券分析员,成熟期核心家庭,陆家嘴核心区江景大平层,无高端私密会所及管家式物业配套，圈层鱼龙混杂，高净值居住体验差。,核心要求地块属于第一梯队名校学区，且周边500米内解决幼小衔接教育配套。,主要在陆家嘴/徐家汇CBD上班，首选地铁2/9号线沿线，通勤半小时内。,周末常去高端商圈消费，热衷打网球和马术，重度手冲咖啡及黑胶唱片发烧友。,夫妻双方积蓄 + 双方父母出资赞助首付 + 公积金商业组合贷款,非仁恒、绿城、万科等金牌开发商不买，极度看重高端精装质量与顶级物业的增值口碑。,常年本地稳定居住，工作日职住通勤动线规则单一。
上_1997_00940,上海,1997,本地改善,56,男,0.4,3.3,0.45,5.5,4,2,是,B,agent,0.86,0.44,0.58,0.39,0.56,0.78,0.63,0.78,0.68,自住-改善,两室一厅,58,693,邮政局局长秘书,二胎黄金期中大户型,上海中环品质两居，车位及空间极其拥挤,小区无地下车库且人车不分流，小孩在楼下玩耍或者推婴儿车极为不安全。,讲究超高得房率（超85%），主卧套房必须配备独立步入式衣帽间与干湿分离双卫。,主要在陆家嘴/徐家汇CBD上班，首选地铁2/9号线沿线，通勤半小时内。,倡导轻户外，周末常带家人自驾野营或山系徒步，注重生活情调与手作咖啡。,名下持有一套旧两居，置换回款 65% + 个人理财储蓄补充 + 公积金商业贷,重性价比，不盲信大牌，但要求物业管理有序、绿化修剪及时、人防技防规范。,常年本地稳定居住，工作日职住通勤动线规则单一。
上_1997_00941,上海,1997,教育型买房,32,男,0.7,4.6,0.4,8.7,2,1,是,B,social,0.82,0.48,0.49,0.43,0.56,0.75,0.54,0.92,0.64,学区房,两室一厅,58,795,邮政局局长秘书,三口之家(幼龄段),上海中环品质两居，车位及空间极其拥挤,小区无地下车库且人车不分流，小孩在楼下玩耍或者推婴儿车极为不安全。,讲究超高得房率（超85%），主卧套房必须配备独立步入式衣帽间与干湿分离双卫。,主要在陆家嘴/徐家汇CBD上班，首选地铁2/9号线沿线，通勤半小时内。,倡导轻户外，周末常带家人自驾野营或山系徒步，注重生活情调与手作咖啡。,名下持有一套旧两居，置换回款 65% + 个人理财储蓄补充 + 公积金商业贷,重性价比，不盲信大牌，但要求物业管理有序、绿化修剪及时、人防技防规范。,常年本地稳定居住，工作日职住通勤动线规则单一。
上_1997_00942,上海,1997,金融精英,42,女,0.9,5.8,0.4,10.9,3,0,否,A,research,0.55,0.55,0.58,0.47,0.78,0.83,0.73,0.78,0.75,自住-首套,两室一厅,56,1207,商业银行支行信贷科长,成熟期核心家庭,陆家嘴核心区江景大平层,无高端私密会所及管家式物业配套，圈层鱼龙混杂，高净值居住体验差。,讲究超高得房率（超85%），主卧套房必须配备独立步入式衣帽间与干湿分离双卫。,主要在陆家嘴/徐家汇CBD上班，首选地铁2/9号线沿线，通勤半小时内。,周末常去高端商圈消费，热衷打网球和马术，重度手冲咖啡及黑胶唱片发烧友。,夫妻双方积蓄 + 双方父母出资赞助首付 + 公积金商业组合贷款,非仁恒、绿城、万科等金牌开发商不买，极度看重高端精装质量与顶级物业的增值口碑。,常年本地稳定居住，工作日职住通勤动线规则单一。
上_1997_00943,上海,1997,本地改善,44,女,0.3,2.5,0.45,4.2,5,2,否,B,agent,0.77,0.53,0.6,0.4,0.58,0.83,0.67,0.67,0.58,自住-改善,两室一厅,97,299,市第二中学地理教师,二胎黄金期中大户型,上海中环品质两居，车位及空间极其拥挤,小区无地下车库且人车不分流，小孩在楼下玩耍或者推婴儿车极为不安全。,讲究超高得房率（超85%），主卧套房必须配备独立步入式衣帽间与干湿分离双卫。,主要在陆家嘴/徐家汇CBD上班，首选地铁2/9号线沿线，通勤半小时内。,倡导轻户外，周末常带家人自驾野营或山系徒步，注重生活情调与手作咖啡。,名下持有一套旧两居，置换回款 65% + 个人理财储蓄补充 + 公积金商业贷,重性价比，不盲信大牌，但要求物业管理有序、绿化修剪及时、人防技防规范。,常年本地稳定居住，工作日职住通勤动线规则单一。
上_1997_00944,上海,1997,金融精英,46,女,0.4,3.2,0.4,6.0,4,1,否,A,research,0.59,0.47,0.61,0.65,0.71,0.72,0.78,0.71,0.88,自住-首套,两室一厅,52,940,申银万国证券分析员,三口之家(学龄段),西湖边高精平层,无高端私密会所及管家式物业配套，圈层鱼龙混杂，高净值居住体验差。,讲究超高得房率（超85%），主卧套房必须配备独立步入式衣帽间与干湿分离双卫。,主要在陆家嘴/徐家汇CBD上班，首选地铁2/9号线沿线，通勤半小时内。,周末常去高端商圈消费，热衷打网球和马术，重度手冲咖啡及黑胶唱片发烧友。,夫妻双方积蓄 + 双方父母出资赞助首付 + 公积金商业组合贷款,非仁恒、绿城、万科等金牌开发商不买，极度看重高端精装质量与顶级物业的增值口碑。,常年本地稳定居住，工作日职住通勤动线规则单一。
上_1997_00945,上海,1997,本地改善,40,男,0.4,4.6,0.45,7.7,4,2,否,B,agent,0.72,0.51,0.52,0.51,0.55,0.82,0.63,0.59,0.47,自住-改善,一室一厅,56,1113,国企车间技术主任,二胎黄金期中大户型,上海中环品质两居，车位及空间极其拥挤,小区无地下车库且人车不分流，小孩在楼下玩耍或者推婴儿车极为不安全。,讲究超高得房率（超85%），主卧套房必须配备独立步入式衣帽间与干湿分离双卫。,主要在陆家嘴/徐家汇CBD上班，首选地铁2/9号线沿线，通勤半小时内。,倡导轻户外，周末常带家人自驾野营或山系徒步，注重生活情调与手作咖啡。,名下持有一套旧两居，置换回款 65% + 个人理财储蓄补充 + 公积金商业贷,重性价比，不盲信大牌，但要求物业管理有序、绿化修剪及时、人防技防规范。,常年本地稳定居住，工作日职住通勤动线规则单一。
上_1997_00946,上海,1997,金融精英,43,男,1.1,10.9,0.4,20.4,3,1,否,A,research,0.68,0.43,0.67,0.57,0.73,0.74,0.63,0.83,0.74,自住-改善,一室一厅,66,2135,老牌证券公司营业部经理,三口之家(学龄段),西湖边高精平层,无高端私密会所及管家式物业配套，圈层鱼龙混杂，高净值居住体验差。,讲究超高得房率（超85%），主卧套房必须配备独立步入式衣帽间与干湿分离双卫。,主要在陆家嘴/徐家汇CBD上班，首选地铁2/9号线沿线，通勤半小时内。,周末常去高端商圈消费，热衷打网球和马术，重度手冲咖啡及黑胶唱片发烧友。,名下已有企业股权套现或分红现金，一次性全款付清，基本不加杠杆,非仁恒、绿城、万科等金牌开发商不买，极度看重高端精装质量与顶级物业的增值口碑。,常年本地稳定居住，工作日职住通勤动线规则单一。
上_1997_00947,上海,1997,本地改善,58,男,0.4,4.9,0.45,8.2,5,2,是,B,agent,0.64,0.41,0.58,0.51,0.43,0.85,0.53,0.74,0.52,自住-改善,两室两厅,99,604,市第二中学地理教师,二胎黄金期中大户型,上海中环品质两居，车位及空间极其拥挤,小区无地下车库且人车不分流，小孩在楼下玩耍或者推婴儿车极为不安全。,讲究超高得房率（超85%），主卧套房必须配备独立步入式衣帽间与干湿分离双卫。,主要在陆家嘴/徐家汇CBD上班，首选地铁2/9号线沿线，通勤半小时内。,倡导轻户外，周末常带家人自驾野营或山系徒步，注重生活情调与手作咖啡。,名下持有一套旧两居，置换回款 65% + 个人理财储蓄补充 + 公积金商业贷,重性价比，不盲信大牌，但要求物业管理有序、绿化修剪及时、人防技防规范。,常年本地稳定居住，工作日职住通勤动线规则单一。
上_1997_00948,上海,1997,本地改善,45,男,0.3,3.6,0.45,6.0,4,3,否,B,agent,0.9,0.48,0.65,0.58,0.63,0.86,0.51,0.6,0.62,自住-改善,一室一厅,100,321,国企车间技术主任,二胎黄金期中大户型,上海中环品质两居，车位及空间极其拥挤,小区无地下车库且人车不分流，小孩在楼下玩耍或者推婴儿车极为不安全。,讲究超高得房率（超85%），主卧套房必须配备独立步入式衣帽间与干湿分离双卫。,主要在陆家嘴/徐家汇CBD上班，首选地铁2/9号线沿线，通勤半小时内。,倡导轻户外，周末常带家人自驾野营或山系徒步，注重生活情调与手作咖啡。,名下持有一套旧两居，置换回款 65% + 个人理财储蓄补充 + 公积金商业贷,重性价比，不盲信大牌，但要求物业管理有序、绿化修剪及时、人防技防规范。,常年本地稳定居住，工作日职住通勤动线规则单一。
上_1997_00949,上海,1997,教育型买房,47,女,0.7,4.2,0.4,8.0,4,1,是,B,social,0.74,0.48,0.47,0.52,0.66,0.78,0.73,0.97,0.67,学区房,两室两厅,68,901,国企车间技术主任,三口之家(学龄段),上海中环品质两居，车位及空间极其拥挤,小区无地下车库且人车不分流，小孩在楼下玩耍或者推婴儿车极为不安全。,讲究超高得房率（超85%），主卧套房必须配备独立步入式衣帽间与干湿分离双卫。,主要在陆家嘴/徐家汇CBD上班，首选地铁2/9号线沿线，通勤半小时内。,倡导轻户外，周末常带家人自驾野营或山系徒步，注重生活情调与手作咖啡。,名下持有一套旧两居，置换回款 65% + 个人理财储蓄补充 + 公积金商业贷,重性价比，不盲信大牌，但要求物业管理有序、绿化修剪及时、人防技防规范。,常年本地稳定居住，工作日职住通勤动线规则单一。
上_1997_00950,上海,1997,本地改善,39,女,0.4,4.3,0.45,7.1,4,2,是,B,agent,0.8,0.59,0.49,0.48,0.66,0.79,0.59,0.74,0.65,自住-改善,一室一厅,68,865,国企车间技术主任,二胎黄金期中大户型,上海中环品质两居，车位及空间极其拥挤,小区无地下车库且人车不分流，小孩在楼下玩耍或者推婴儿车极为不安全。,讲究超高得房率（超85%），主卧套房必须配备独立步入式衣帽间与干湿分离双卫。,主要在陆家嘴/徐家汇CBD上班，首选地铁2/9号线沿线，通勤半小时内。,倡导轻户外，周末常带家人自驾野营或山系徒步，注重生活情调与手作咖啡。,名下持有一套旧两居，置换回款 65% + 个人理财储蓄补充 + 公积金商业贷,重性价比，不盲信大牌，但要求物业管理有序、绿化修剪及时、人防技防规范。,常年本地稳定居住，工作日职住通勤动线规则单一。
上_1997_00951,上海,1997,教育型买房,48,女,0.8,5.9,0.4,11.1,3,1,否,B,social,1,0.51,0.29,0.44,0.75,0.66,0.58,1,0.58,学区房,两室两厅,58,1038,国企车间技术主任,三口之家(学龄段),上海中环品质两居，车位及空间极其拥挤,小区无地下车库且人车不分流，小孩在楼下玩耍或者推婴儿车极为不安全。,核心要求地块属于第一梯队名校学区，且周边500米内解决幼小衔接教育配套。,主要在陆家嘴/徐家汇CBD上班，首选地铁2/9号线沿线，通勤半小时内。,倡导轻户外，周末常带家人自驾野营或山系徒步，注重生活情调与手作咖啡。,名下持有一套旧两居，置换回款 65% + 个人理财储蓄补充 + 公积金商业贷,重性价比，不盲信大牌，但要求物业管理有序、绿化修剪及时、人防技防规范。,常年本地稳定居住，工作日职住通勤动线规则单一。
上_1997_00952,上海,1997,金融精英,39,女,0.5,5.0,0.4,9.4,3,1,否,A,research,0.65,0.46,0.71,0.51,0.74,0.85,0.75,0.78,0.82,自住-首套,一室一厅,90,754,商业银行支行信贷科长,三口之家(学龄段),陆家嘴核心区江景大平层,无高端私密会所及管家式物业配套，圈层鱼龙混杂，高净值居住体验差。,要求有超大面宽南向双阳台（观景家政分离），主卧大飘窗能270度直面自然景观。,主要在陆家嘴/徐家汇CBD上班，首选地铁2/9号线沿线，通勤半小时内。,周末常去高端商圈消费，热衷打网球和马术，重度手冲咖啡及黑胶唱片发烧友。,夫妻双方积蓄 + 双方父母出资赞助首付 + 公积金商业组合贷款,非仁恒、绿城、万科等金牌开发商不买，极度看重高端精装质量与顶级物业的增值口碑。,常年本地稳定居住，工作日职住通勤动线规则单一。
上_1997_00953,上海,1997,本地改善,48,女,0.5,3.4,0.45,5.6,4,2,否,B,agent,0.63,0.49,0.66,0.5,0.41,0.89,0.6,0.57,0.6,自住-改善,一室一厅,100,502,市第二中学地理教师,二胎黄金期中大户型,上海中环品质两居，车位及空间极其拥挤,小区无地下车库且人车不分流，小孩在楼下玩耍或者推婴儿车极为不安全。,讲究超高得房率（超85%），主卧套房必须配备独立步入式衣帽间与干湿分离双卫。,主要在陆家嘴/徐家汇CBD上班，首选地铁2/9号线沿线，通勤半小时内。,倡导轻户外，周末常带家人自驾野营或山系徒步，注重生活情调与手作咖啡。,名下持有一套旧两居，置换回款 65% + 个人理财储蓄补充 + 公积金商业贷,重性价比，不盲信大牌，但要求物业管理有序、绿化修剪及时、人防技防规范。,常年本地稳定居住，工作日职住通勤动线规则单一。
上_1997_00954,上海,1997,外籍海归,41,男,0.8,6.9,0.4,12.9,2,1,否,A,social,0.85,0.48,0.67,0.47,0.84,0.68,0.63,0.84,0.76,自住-首套,一室一厅,91,782,外企驻沪办事处代表,三口之家(学龄段),西湖边高精平层,无高端私密会所及管家式物业配套，圈层鱼龙混杂，高净值居住体验差。,核心要求地块属于第一梯队名校学区，且周边500米内解决幼小衔接教育配套。,主要在陆家嘴/徐家汇CBD上班，首选地铁2/9号线沿线，通勤半小时内。,周末常去高端商圈消费，热衷打网球和马术，重度手冲咖啡及黑胶唱片发烧友。,夫妻双方积蓄 + 双方父母出资赞助首付 + 公积金商业组合贷款,非仁恒、绿城、万科等金牌开发商不买，极度看重高端精装质量与顶级物业的增值口碑。,常年本地稳定居住，工作日职住通勤动线规则单一。
上_1997_00955,上海,1997,金融精英,33,女,0.8,5.6,0.4,10.5,3,1,是,A,research,0.64,0.51,0.5,0.46,0.74,0.6,0.79,0.84,0.73,婚房,两室一厅,69,939,商业银行支行信贷科长,三口之家(幼龄段),陆家嘴核心区江景大平层,当前房屋属于旧多层无电梯房，父母年纪渐高每天爬楼梯极为吃力。,核心要求地块属于第一梯队名校学区，且周边500米内解决幼小衔接教育配套。,主要在陆家嘴/徐家汇CBD上班，首选地铁2/9号线沿线，通勤半小时内。,周末常去高端商圈消费，热衷打网球和马术，重度手冲咖啡及黑胶唱片发烧友。,夫妻双方积蓄 + 双方父母出资赞助首付 + 公积金商业组合贷款,非仁恒、绿城、万科等金牌开发商不买，极度看重高端精装质量与顶级物业的增值口碑。,常年本地稳定居住，工作日职住通勤动线规则单一。
上_1997_00956,上海,1997,本地改善,51,女,0.4,2.6,0.45,4.3,4,3,是,B,agent,0.6,0.47,0.66,0.49,0.41,0.98,0.64,0.76,0.71,自住-改善,两室一厅,86,256,市第二中学地理教师,二胎黄金期中大户型,上海中环品质两居，车位及空间极其拥挤,小区无地下车库且人车不分流，小孩在楼下玩耍或者推婴儿车极为不安全。,讲究超高得房率（超85%），主卧套房必须配备独立步入式衣帽间与干湿分离双卫。,主要在陆家嘴/徐家汇CBD上班，首选地铁2/9号线沿线，通勤半小时内。,倡导轻户外，周末常带家人自驾野营或山系徒步，注重生活情调与手作咖啡。,名下持有一套旧两居，置换回款 65% + 个人理财储蓄补充 + 公积金商业贷,非仁恒、绿城、万科等金牌开发商不买，极度看重高端精装质量与顶级物业的增值口碑。,常年本地稳定居住，工作日职住通勤动线规则单一。
上_1997_00957,上海,1997,本地改善,54,男,0.5,4.1,0.45,6.8,4,3,是,B,agent,0.77,0.54,0.52,0.58,0.65,0.74,0.57,0.83,0.65,自住-改善,一室一厅,74,643,区财政局科员,二胎黄金期中大户型,上海中环品质两居，车位及空间极其拥挤,小区无地下车库且人车不分流，小孩在楼下玩耍或者推婴儿车极为不安全。,讲究超高得房率（超85%），主卧套房必须配备独立步入式衣帽间与干湿分离双卫。,主要在陆家嘴/徐家汇CBD上班，首选地铁2/9号线沿线，通勤半小时内。,倡导轻户外，周末常带家人自驾野营或山系徒步，注重生活情调与手作咖啡。,名下持有一套旧两居，置换回款 65% + 个人理财储蓄补充 + 公积金商业贷,重性价比，不盲信大牌，但要求物业管理有序、绿化修剪及时、人防技防规范。,常年本地稳定居住，工作日职住通勤动线规则单一。
上_1997_00958,上海,1997,本地改善,51,男,0.5,4.5,0.45,7.5,4,2,否,B,agent,0.57,0.48,0.53,0.58,0.56,0.76,0.67,0.68,0.68,自住-改善,两室两厅,65,649,邮政局局长秘书,二胎黄金期中大户型,上海中环品质两居，车位及空间极其拥挤,小区无地下车库且人车不分流，小孩在楼下玩耍或者推婴儿车极为不安全。,讲究超高得房率（超85%），主卧套房必须配备独立步入式衣帽间与干湿分离双卫。,主要在陆家嘴/徐家汇CBD上班，首选地铁2/9号线沿线，通勤半小时内。,倡导轻户外，周末常带家人自驾野营或山系徒步，注重生活情调与手作咖啡。,名下持有一套旧两居，置换回款 65% + 个人理财储蓄补充 + 公积金商业贷,重性价比，不盲信大牌，但要求物业管理有序、绿化修剪及时、人防技防规范。,常年本地稳定居住，工作日职住通勤动线规则单一。
上_1997_00959,上海,1997,外籍海归,39,男,0.4,2.4,0.4,4.5,3,1,否,A,social,0.5,0.6,0.66,0.53,0.88,0.86,0.63,1,0.77,自住-改善,两室一厅,84,325,外企驻沪办事处代表,三口之家(学龄段),市中心私密洋房住宅,无高端私密会所及管家式物业配套，圈层鱼龙混杂，高净值居住体验差。,讲究超高得房率（超85%），主卧套房必须配备独立步入式衣帽间与干湿分离双卫。,主要在陆家嘴/徐家汇CBD上班，首选地铁2/9号线沿线，通勤半小时内。,周末常去高端商圈消费，热衷打网球和马术，重度手冲咖啡及黑胶唱片发烧友。,名下已有企业股权套现或分红现金，一次性全款付清，基本不加杠杆,非仁恒、绿城、万科等金牌开发商不买，极度看重高端精装质量与顶级物业的增值口碑。,常年本地稳定居住，工作日职住通勤动线规则单一。
上_1997_00960,上海,1997,本地改善,47,女,0.3,2.6,0.45,4.3,5,2,是,B,agent,0.86,0.53,0.58,0.55,0.54,0.74,0.78,0.93,0.55,自住-改善,一室一厅,98,265,区财政局科员,二胎黄金期中大户型,上海中环品质两居，车位及空间极其拥挤,小区无地下车库且人车不分流，小孩在楼下玩耍或者推婴儿车极为不安全。,讲究超高得房率（超85%），主卧套房必须配备独立步入式衣帽间与干湿分离双卫。,主要在陆家嘴/徐家汇CBD上班，首选地铁2/9号线沿线，通勤半小时内。,倡导轻户外，周末常带家人自驾野营或山系徒步，注重生活情调与手作咖啡。,名下持有一套旧两居，置换回款 65% + 个人理财储蓄补充 + 公积金商业贷,重性价比，不盲信大牌，但要求物业管理有序、绿化修剪及时、人防技防规范。,常年本地稳定居住，工作日职住通勤动线规则单一。
上_1997_00961,上海,1997,本地改善,47,男,0.3,3.3,0.45,5.5,4,2,是,B,agent,0.66,0.55,0.67,0.43,0.66,0.85,0.6,0.56,0.65,自住-改善,一室一厅,65,730,市第二中学地理教师,二胎黄金期中大户型,上海中环品质两居，车位及空间极其拥挤,小区无地下车库且人车不分流，小孩在楼下玩耍或者推婴儿车极为不安全。,讲究超高得房率（超85%），主卧套房必须配备独立步入式衣帽间与干湿分离双卫。,主要在陆家嘴/徐家汇CBD上班，首选地铁2/9号线沿线，通勤半小时内。,倡导轻户外，周末常带家人自驾野营或山系徒步，注重生活情调与手作咖啡。,名下持有一套旧两居，置换回款 65% + 个人理财储蓄补充 + 公积金商业贷,重性价比，不盲信大牌，但要求物业管理有序、绿化修剪及时、人防技防规范。,常年本地稳定居住，工作日职住通勤动线规则单一。
上_1997_00962,上海,1997,本地改善,53,女,0.9,8.4,0.45,14.0,3,2,否,B,agent,0.87,0.45,0.52,0.57,0.45,0.74,0.6,0.85,0.65,自住-改善,两室两厅,59,1422,市第二中学地理教师,二胎黄金期中大户型,上海中环品质两居，车位及空间极其拥挤,小区无地下车库且人车不分流，小孩在楼下玩耍或者推婴儿车极为不安全。,讲究超高得房率（超85%），主卧套房必须配备独立步入式衣帽间与干湿分离双卫。,主要在陆家嘴/徐家汇CBD上班，首选地铁2/9号线沿线，通勤半小时内。,倡导轻户外，周末常带家人自驾野营或山系徒步，注重生活情调与手作咖啡。,名下持有一套旧两居，置换回款 65% + 个人理财储蓄补充 + 公积金商业贷,重性价比，不盲信大牌，但要求物业管理有序、绿化修剪及时、人防技防规范。,常年本地稳定居住，工作日职住通勤动线规则单一。
上_1997_00963,上海,1997,本地改善,38,女,0.4,4.7,0.45,7.8,4,2,否,B,agent,0.83,0.47,0.6,0.51,0.48,0.87,0.56,0.67,0.61,自住-改善,两室一厅,88,609,市第二中学地理教师,二胎黄金期中大户型,上海中环品质两居，车位及空间极其拥挤,小区无地下车库且人车不分流，小孩在楼下玩耍或者推婴儿车极为不安全。,讲究超高得房率（超85%），主卧套房必须配备独立步入式衣帽间与干湿分离双卫。,主要在陆家嘴/徐家汇CBD上班，首选地铁2/9号线沿线，通勤半小时内。,倡导轻户外，周末常带家人自驾野营或山系徒步，注重生活情调与手作咖啡。,名下持有一套旧两居，置换回款 65% + 个人理财储蓄补充 + 公积金商业贷,重性价比，不盲信大牌，但要求物业管理有序、绿化修剪及时、人防技防规范。,常年本地稳定居住，工作日职住通勤动线规则单一。
上_1997_00964,上海,1997,本地改善,46,女,0.4,4.6,0.45,7.7,3,2,是,B,agent,0.67,0.41,0.53,0.61,0.53,0.86,0.68,0.66,0.63,自住-改善,一室一厅,84,748,国企车间技术主任,二胎黄金期中大户型,上海中环品质两居，车位及空间极其拥挤,小区无地下车库且人车不分流，小孩在楼下玩耍或者推婴儿车极为不安全。,讲究超高得房率（超85%），主卧套房必须配备独立步入式衣帽间与干湿分离双卫。,主要在陆家嘴/徐家汇CBD上班，首选地铁2/9号线沿线，通勤半小时内。,倡导轻户外，周末常带家人自驾野营或山系徒步，注重生活情调与手作咖啡。,名下持有一套旧两居，置换回款 65% + 个人理财储蓄补充 + 公积金商业贷,重性价比，不盲信大牌，但要求物业管理有序、绿化修剪及时、人防技防规范。,常年本地稳定居住，工作日职住通勤动线规则单一。
上_1997_00965,上海,1997,本地改善,42,男,0.5,4.9,0.45,8.2,5,2,是,B,agent,0.98,0.47,0.66,0.47,0.47,0.86,0.55,0.57,0.64,自住-改善,两室两厅,96,459,邮政局局长秘书,二胎黄金期中大户型,上海中环品质两居，车位及空间极其拥挤,小区无地下车库且人车不分流，小孩在楼下玩耍或者推婴儿车极为不安全。,讲究超高得房率（超85%），主卧套房必须配备独立步入式衣帽间与干湿分离双卫。,主要在陆家嘴/徐家汇CBD上班，首选地铁2/9号线沿线，通勤半小时内。,倡导轻户外，周末常带家人自驾野营或山系徒步，注重生活情调与手作咖啡。,名下持有一套旧两居，置换回款 65% + 个人理财储蓄补充 + 公积金商业贷,重性价比，不盲信大牌，但要求物业管理有序、绿化修剪及时、人防技防规范。,常年本地稳定居住，工作日职住通勤动线规则单一。
上_1997_00966,上海,1997,教育型买房,34,男,0.9,5.4,0.4,10.2,3,1,是,B,social,0.99,0.29,0.35,0.35,0.73,0.57,0.49,1,0.66,学区房,一室一厅,65,1187,区财政局科员,三口之家(幼龄段),上海中环品质两居，车位及空间极其拥挤,小区无地下车库且人车不分流，小孩在楼下玩耍或者推婴儿车极为不安全。,核心要求地块属于第一梯队名校学区，且周边500米内解决幼小衔接教育配套。,主要在陆家嘴/徐家汇CBD上班，首选地铁2/9号线沿线，通勤半小时内。,倡导轻户外，周末常带家人自驾野营或山系徒步，注重生活情调与手作咖啡。,名下持有一套旧两居，置换回款 65% + 个人理财储蓄补充 + 公积金商业贷,重性价比，不盲信大牌，但要求物业管理有序、绿化修剪及时、人防技防规范。,常年本地稳定居住，工作日职住通勤动线规则单一。
上_1997_00967,上海,1997,本地改善,53,男,0.3,4.2,0.45,7.0,4,1,否,B,agent,0.69,0.38,0.45,0.47,0.62,0.81,0.62,0.59,0.52,自住-改善,两室两厅,63,678,邮政局局长秘书,三口之家(学龄段),上海中环品质两居，车位及空间极其拥挤,小区无地下车库且人车不分流，小孩在楼下玩耍或者推婴儿车极为不安全。,讲究超高得房率（超85%），主卧套房必须配备独立步入式衣帽间与干湿分离双卫。,主要在陆家嘴/徐家汇CBD上班，首选地铁2/9号线沿线，通勤半小时内。,倡导轻户外，周末常带家人自驾野营或山系徒步，注重生活情调与手作咖啡。,名下持有一套旧两居，置换回款 65% + 个人理财储蓄补充 + 公积金商业贷,重性价比，不盲信大牌，但要求物业管理有序、绿化修剪及时、人防技防规范。,常年本地稳定居住，工作日职住通勤动线规则单一。
上_1997_00968,上海,1997,本地改善,45,女,0.4,4.1,0.45,6.8,4,1,是,B,agent,0.78,0.44,0.65,0.42,0.57,0.8,0.67,0.5,0.6,自住-改善,一室一厅,97,357,市第二中学地理教师,三口之家(学龄段),上海中环品质两居，车位及空间极其拥挤,小区无地下车库且人车不分流，小孩在楼下玩耍或者推婴儿车极为不安全。,讲究超高得房率（超85%），主卧套房必须配备独立步入式衣帽间与干湿分离双卫。,主要在陆家嘴/徐家汇CBD上班，首选地铁2/9号线沿线，通勤半小时内。,倡导轻户外，周末常带家人自驾野营或山系徒步，注重生活情调与手作咖啡。,名下持有一套旧两居，置换回款 65% + 个人理财储蓄补充 + 公积金商业贷,重性价比，不盲信大牌，但要求物业管理有序、绿化修剪及时、人防技防规范。,常年本地稳定居住，工作日职住通勤动线规则单一。
上_1997_00969,上海,1997,教育型买房,32,男,0.6,4.0,0.4,7.4,3,1,否,B,social,0.79,0.36,0.42,0.41,0.69,0.61,0.55,0.76,0.51,学区房,两室一厅,95,405,国企车间技术主任,三口之家(幼龄段),上海中环品质两居，车位及空间极其拥挤,小区无地下车库且人车不分流，小孩在楼下玩耍或者推婴儿车极为不安全。,核心要求地块属于第一梯队名校学区，且周边500米内解决幼小衔接教育配套。,主要在陆家嘴/徐家汇CBD上班，首选地铁2/9号线沿线，通勤半小时内。,倡导轻户外，周末常带家人自驾野营或山系徒步，注重生活情调与手作咖啡。,名下持有一套旧两居，置换回款 65% + 个人理财储蓄补充 + 公积金商业贷,重性价比，不盲信大牌，但要求物业管理有序、绿化修剪及时、人防技防规范。,常年本地稳定居住，工作日职住通勤动线规则单一。
上_1997_00970,上海,1997,本地改善,50,男,0.3,2.5,0.45,4.2,3,1,否,B,agent,0.56,0.42,0.61,0.51,0.56,0.95,0.63,0.69,0.55,自住-改善,两室一厅,61,458,邮政局局长秘书,三口之家(学龄段),上海中环品质两居，车位及空间极其拥挤,小区无地下车库且人车不分流，小孩在楼下玩耍或者推婴儿车极为不安全。,讲究超高得房率（超85%），主卧套房必须配备独立步入式衣帽间与干湿分离双卫。,主要在陆家嘴/徐家汇CBD上班，首选地铁2/9号线沿线，通勤半小时内。,倡导轻户外，周末常带家人自驾野营或山系徒步，注重生活情调与手作咖啡。,名下持有一套旧两居，置换回款 65% + 个人理财储蓄补充 + 公积金商业贷,重性价比，不盲信大牌，但要求物业管理有序、绿化修剪及时、人防技防规范。,常年本地稳定居住，工作日职住通勤动线规则单一。
上_1997_00971,上海,1997,金融精英,34,女,1.1,6.3,0.4,11.8,4,1,否,A,research,0.81,0.34,0.52,0.6,0.65,0.92,0.64,0.65,0.65,婚房,一室一厅,76,802,老牌证券公司营业部经理,三口之家(幼龄段),市中心私密洋房住宅,无高端私密会所及管家式物业配套，圈层鱼龙混杂，高净值居住体验差。,讲究超高得房率（超85%），主卧套房必须配备独立步入式衣帽间与干湿分离双卫。,主要在陆家嘴/徐家汇CBD上班，首选地铁2/9号线沿线，通勤半小时内。,周末常去高端商圈消费，热衷打网球和马术，重度手冲咖啡及黑胶唱片发烧友。,夫妻双方积蓄 + 双方父母出资赞助首付 + 公积金商业组合贷款,重性价比，不盲信大牌，但要求物业管理有序、绿化修剪及时、人防技防规范。,常年本地稳定居住，工作日职住通勤动线规则单一。
上_1997_00972,上海,1997,教育型买房,48,男,0.5,5.2,0.4,9.8,4,1,是,B,social,0.45,0.53,0.52,0.35,0.45,0.68,0.52,0.93,0.53,学区房,两室两厅,89,979,邮政局局长秘书,三口之家(学龄段),上海中环品质两居，车位及空间极其拥挤,小区无地下车库且人车不分流，小孩在楼下玩耍或者推婴儿车极为不安全。,核心要求地块属于第一梯队名校学区，且周边500米内解决幼小衔接教育配套。,主要在陆家嘴/徐家汇CBD上班，首选地铁2/9号线沿线，通勤半小时内。,倡导轻户外，周末常带家人自驾野营或山系徒步，注重生活情调与手作咖啡。,名下持有一套旧两居，置换回款 65% + 个人理财储蓄补充 + 公积金商业贷,重性价比，不盲信大牌，但要求物业管理有序、绿化修剪及时、人防技防规范。,常年本地稳定居住，工作日职住通勤动线规则单一。
上_1997_00973,上海,1997,本地改善,50,男,0.3,2.7,0.45,4.5,4,3,是,B,agent,0.55,0.69,0.52,0.46,0.51,0.78,0.7,0.75,0.59,自住-改善,两室两厅,84,298,市第二中学地理教师,二胎黄金期中大户型,上海中环品质两居，车位及空间极其拥挤,小区无地下车库且人车不分流，小孩在楼下玩耍或者推婴儿车极为不安全。,讲究超高得房率（超85%），主卧套房必须配备独立步入式衣帽间与干湿分离双卫。,主要在陆家嘴/徐家汇CBD上班，首选地铁2/9号线沿线，通勤半小时内。,倡导轻户外，周末常带家人自驾野营或山系徒步，注重生活情调与手作咖啡。,名下持有一套旧两居，置换回款 65% + 个人理财储蓄补充 + 公积金商业贷,重性价比，不盲信大牌，但要求物业管理有序、绿化修剪及时、人防技防规范。,常年本地稳定居住，工作日职住通勤动线规则单一。
上_1997_00974,上海,1997,教育型买房,39,男,0.3,2.1,0.4,4.0,3,1,是,B,social,1,0.52,0.49,0.43,0.65,0.65,0.51,0.97,0.45,学区房,一室一厅,90,274,邮政局局长秘书,三口之家(学龄段),上海中环品质两居，车位及空间极其拥挤,小区无地下车库且人车不分流，小孩在楼下玩耍或者推婴儿车极为不安全。,核心要求地块属于第一梯队名校学区，且周边500米内解决幼小衔接教育配套。,主要在陆家嘴/徐家汇CBD上班，首选地铁2/9号线沿线，通勤半小时内。,倡导轻户外，周末常带家人自驾野营或山系徒步，注重生活情调与手作咖啡。,名下持有一套旧两居，置换回款 65% + 个人理财储蓄补充 + 公积金商业贷,重性价比，不盲信大牌，但要求物业管理有序、绿化修剪及时、人防技防规范。,常年本地稳定居住，工作日职住通勤动线规则单一。
上_1997_00975,上海,1997,本地改善,44,男,0.5,6.5,0.45,10.9,3,1,是,B,agent,0.86,0.63,0.49,0.46,0.61,0.91,0.75,0.74,0.55,自住-改善,两室一厅,59,1162,市第二中学地理教师,三口之家(学龄段),上海中环品质两居，车位及空间极其拥挤,小区无地下车库且人车不分流，小孩在楼下玩耍或者推婴儿车极为不安全。,讲究超高得房率（超85%），主卧套房必须配备独立步入式衣帽间与干湿分离双卫。,主要在陆家嘴/徐家汇CBD上班，首选地铁2/9号线沿线，通勤半小时内。,倡导轻户外，周末常带家人自驾野营或山系徒步，注重生活情调与手作咖啡。,名下持有一套旧两居，置换回款 65% + 个人理财储蓄补充 + 公积金商业贷,重性价比，不盲信大牌，但要求物业管理有序、绿化修剪及时、人防技防规范。,常年本地稳定居住，工作日职住通勤动线规则单一。
上_1997_00976,上海,1997,本地改善,47,男,0.4,4.7,0.45,7.8,4,2,是,B,agent,0.71,0.44,0.48,0.47,0.59,0.84,0.48,0.72,0.63,自住-改善,一室一厅,67,1021,国企车间技术主任,二胎黄金期中大户型,上海中环品质两居，车位及空间极其拥挤,小区无地下车库且人车不分流，小孩在楼下玩耍或者推婴儿车极为不安全。,讲究超高得房率（超85%），主卧套房必须配备独立步入式衣帽间与干湿分离双卫。,主要在陆家嘴/徐家汇CBD上班，首选地铁2/9号线沿线，通勤半小时内。,倡导轻户外，周末常带家人自驾野营或山系徒步，注重生活情调与手作咖啡。,名下持有一套旧两居，置换回款 65% + 个人理财储蓄补充 + 公积金商业贷,重性价比，不盲信大牌，但要求物业管理有序、绿化修剪及时、人防技防规范。,常年本地稳定居住，工作日职住通勤动线规则单一。
上_1997_00977,上海,1997,教育型买房,38,女,0.5,4.7,0.4,8.7,3,1,是,B,social,0.89,0.52,0.48,0.48,0.41,0.66,0.42,0.87,0.56,学区房,两室一厅,86,511,国企车间技术主任,三口之家(学龄段),上海中环品质两居，车位及空间极其拥挤,小区无地下车库且人车不分流，小孩在楼下玩耍或者推婴儿车极为不安全。,核心要求地块属于第一梯队名校学区，且周边500米内解决幼小衔接教育配套。,主要在陆家嘴/徐家汇CBD上班，首选地铁2/9号线沿线，通勤半小时内。,倡导轻户外，周末常带家人自驾野营或山系徒步，注重生活情调与手作咖啡。,名下持有一套旧两居，置换回款 65% + 个人理财储蓄补充 + 公积金商业贷,重性价比，不盲信大牌，但要求物业管理有序、绿化修剪及时、人防技防规范。,常年本地稳定居住，工作日职住通勤动线规则单一。
上_1997_00978,上海,1997,教育型买房,42,女,0.9,5.2,0.4,9.8,2,0,否,B,social,0.89,0.62,0.37,0.34,0.66,0.73,0.55,1,0.63,学区房,一室一厅,98,636,市第二中学地理教师,成熟期核心家庭,上海中环品质两居，车位及空间极其拥挤,老小区隔音差，邻里滋扰严重，且车位严重匮乏，每晚加班回来抢车位像打仗。,讲究超高得房率（超85%），主卧套房必须配备独立步入式衣帽间与干湿分离双卫。,主要在陆家嘴/徐家汇CBD上班，首选地铁2/9号线沿线，通勤半小时内。,倡导轻户外，周末常带家人自驾野营或山系徒步，注重生活情调与手作咖啡。,名下持有一套旧两居，置换回款 65% + 个人理财储蓄补充 + 公积金商业贷,重性价比，不盲信大牌，但要求物业管理有序、绿化修剪及时、人防技防规范。,常年本地稳定居住，工作日职住通勤动线规则单一。
上_1997_00979,上海,1997,长三角家庭,46,男,0.6,3.9,0.45,6.5,3,2,否,B,agent,0.94,0.55,0.63,0.52,0.52,0.75,0.38,0.6,0.72,自住-改善,两室两厅,57,725,国企车间技术主任,二胎黄金期中大户型,上海中环品质两居，车位及空间极其拥挤,小区无地下车库且人车不分流，小孩在楼下玩耍或者推婴儿车极为不安全。,讲究超高得房率（超85%），主卧套房必须配备独立步入式衣帽间与干湿分离双卫。,主要在陆家嘴/徐家汇CBD上班，首选地铁2/9号线沿线，通勤半小时内。,倡导轻户外，周末常带家人自驾野营或山系徒步，注重生活情调与手作咖啡。,名下持有一套旧两居，置换回款 65% + 个人理财储蓄补充 + 公积金商业贷,非仁恒、绿城、万科等金牌开发商不买，极度看重高端精装质量与顶级物业的增值口碑。,常年本地稳定居住，工作日职住通勤动线规则单一。
上_1997_00980,上海,1997,本地改善,38,男,0.5,4.0,0.45,6.6,4,2,是,B,agent,0.6,0.45,0.65,0.57,0.55,0.76,0.56,0.69,0.6,自住-改善,两室一厅,85,697,邮政局局长秘书,二胎黄金期中大户型,上海中环品质两居，车位及空间极其拥挤,小区无地下车库且人车不分流，小孩在楼下玩耍或者推婴儿车极为不安全。,讲究超高得房率（超85%），主卧套房必须配备独立步入式衣帽间与干湿分离双卫。,主要在陆家嘴/徐家汇CBD上班，首选地铁2/9号线沿线，通勤半小时内。,倡导轻户外，周末常带家人自驾野营或山系徒步，注重生活情调与手作咖啡。,名下持有一套旧两居，置换回款 65% + 个人理财储蓄补充 + 公积金商业贷,重性价比，不盲信大牌，但要求物业管理有序、绿化修剪及时、人防技防规范。,常年本地稳定居住，工作日职住通勤动线规则单一。
上_1997_00981,上海,1997,教育型买房,37,男,0.4,4.3,0.4,8.0,2,1,否,B,social,1,0.56,0.46,0.49,0.65,0.69,0.54,0.9,0.55,学区房,两室一厅,54,1239,市第二中学地理教师,三口之家(幼龄段),上海中环品质两居，车位及空间极其拥挤,小区无地下车库且人车不分流，小孩在楼下玩耍或者推婴儿车极为不安全。,核心要求地块属于第一梯队名校学区，且周边500米内解决幼小衔接教育配套。,主要在陆家嘴/徐家汇CBD上班，首选地铁2/9号线沿线，通勤半小时内。,倡导轻户外，周末常带家人自驾野营或山系徒步，注重生活情调与手作咖啡。,名下持有一套旧两居，置换回款 65% + 个人理财储蓄补充 + 公积金商业贷,重性价比，不盲信大牌，但要求物业管理有序、绿化修剪及时、人防技防规范。,常年本地稳定居住，工作日职住通勤动线规则单一。
上_1997_00982,上海,1997,本地改善,48,男,0.3,2.3,0.45,3.9,4,2,是,B,agent,0.52,0.45,0.49,0.39,0.56,0.82,0.58,0.71,0.59,自住-改善,两室两厅,73,347,区财政局科员,二胎黄金期中大户型,上海中环品质两居，车位及空间极其拥挤,小区无地下车库且人车不分流，小孩在楼下玩耍或者推婴儿车极为不安全。,讲究超高得房率（超85%），主卧套房必须配备独立步入式衣帽间与干湿分离双卫。,主要在陆家嘴/徐家汇CBD上班，首选地铁2/9号线沿线，通勤半小时内。,倡导轻户外，周末常带家人自驾野营或山系徒步，注重生活情调与手作咖啡。,名下持有一套旧两居，置换回款 65% + 个人理财储蓄补充 + 公积金商业贷,重性价比，不盲信大牌，但要求物业管理有序、绿化修剪及时、人防技防规范。,常年本地稳定居住，工作日职住通勤动线规则单一。
上_1997_00983,上海,1997,本地改善,47,女,0.3,3.1,0.45,5.2,4,3,否,B,agent,0.95,0.51,0.61,0.4,0.57,0.73,0.62,0.79,0.63,自住-改善,一室一厅,83,489,国企车间技术主任,二胎黄金期中大户型,上海中环品质两居，车位及空间极其拥挤,小区无地下车库且人车不分流，小孩在楼下玩耍或者推婴儿车极为不安全。,讲究超高得房率（超85%），主卧套房必须配备独立步入式衣帽间与干湿分离双卫。,主要在陆家嘴/徐家汇CBD上班，首选地铁2/9号线沿线，通勤半小时内。,倡导轻户外，周末常带家人自驾野营或山系徒步，注重生活情调与手作咖啡。,名下持有一套旧两居，置换回款 65% + 个人理财储蓄补充 + 公积金商业贷,重性价比，不盲信大牌，但要求物业管理有序、绿化修剪及时、人防技防规范。,常年本地稳定居住，工作日职住通勤动线规则单一。
上_1997_00984,上海,1997,长三角家庭,41,女,0.3,2.8,0.45,4.6,4,2,是,B,agent,0.49,0.7,0.44,0.49,0.42,0.62,0.29,0.64,0.69,自住-首套,两室一厅,76,381,区财政局科员,二胎黄金期中大户型,上海中环品质两居，车位及空间极其拥挤,小区无地下车库且人车不分流，小孩在楼下玩耍或者推婴儿车极为不安全。,要求采光通透，全明户型，带多功能嵌入式收纳墙以最大化空间利用。,主要在陆家嘴/徐家汇CBD上班，首选地铁2/9号线沿线，通勤半小时内。,倡导轻户外，周末常带家人自驾野营或山系徒步，注重生活情调与手作咖啡。,夫妻双方积蓄 + 双方父母出资赞助首付 + 公积金商业组合贷款,重性价比，不盲信大牌，但要求物业管理有序、绿化修剪及时、人防技防规范。,常年本地稳定居住，工作日职住通勤动线规则单一。
上_1997_00985,上海,1997,本地改善,48,男,0.3,3.7,0.45,6.1,4,2,否,B,agent,0.88,0.61,0.41,0.49,0.44,0.88,0.69,0.6,0.6,自住-改善,一室一厅,86,620,国企车间技术主任,二胎黄金期中大户型,上海中环品质两居，车位及空间极其拥挤,小区无地下车库且人车不分流，小孩在楼下玩耍或者推婴儿车极为不安全。,讲究超高得房率（超85%），主卧套房必须配备独立步入式衣帽间与干湿分离双卫。,主要在陆家嘴/徐家汇CBD上班，首选地铁2/9号线沿线，通勤半小时内。,倡导轻户外，周末常带家人自驾野营或山系徒步，注重生活情调与手作咖啡。,名下持有一套旧两居，置换回款 65% + 个人理财储蓄补充 + 公积金商业贷,重性价比，不盲信大牌，但要求物业管理有序、绿化修剪及时、人防技防规范。,常年本地稳定居住，工作日职住通勤动线规则单一。
上_1997_00986,上海,1997,本地改善,58,女,0.5,3.5,0.45,5.8,3,1,否,B,agent,0.65,0.56,0.67,0.63,0.54,0.87,0.71,0.73,0.64,自住-改善,两室一厅,64,456,区财政局科员,三口之家(学龄段),上海中环品质两居，车位及空间极其拥挤,小区无地下车库且人车不分流，小孩在楼下玩耍或者推婴儿车极为不安全。,讲究超高得房率（超85%），主卧套房必须配备独立步入式衣帽间与干湿分离双卫。,主要在陆家嘴/徐家汇CBD上班，首选地铁2/9号线沿线，通勤半小时内。,倡导轻户外，周末常带家人自驾野营或山系徒步，注重生活情调与手作咖啡。,名下持有一套旧两居，置换回款 65% + 个人理财储蓄补充 + 公积金商业贷,重性价比，不盲信大牌，但要求物业管理有序、绿化修剪及时、人防技防规范。,常年本地稳定居住，工作日职住通勤动线规则单一。
上_1997_00987,上海,1997,长三角家庭,45,女,0.3,2.3,0.45,3.8,4,2,否,B,agent,0.6,0.52,0.45,0.51,0.61,0.71,0.32,0.69,0.59,自住-首套,两室两厅,73,447,市第二中学地理教师,二胎黄金期中大户型,上海中环品质两居，车位及空间极其拥挤,小区无地下车库且人车不分流，小孩在楼下玩耍或者推婴儿车极为不安全。,讲究超高得房率（超85%），主卧套房必须配备独立步入式衣帽间与干湿分离双卫。,主要在陆家嘴/徐家汇CBD上班，首选地铁2/9号线沿线，通勤半小时内。,倡导轻户外，周末常带家人自驾野营或山系徒步，注重生活情调与手作咖啡。,夫妻双方积蓄 + 双方父母出资赞助首付 + 公积金商业组合贷款,重性价比，不盲信大牌，但要求物业管理有序、绿化修剪及时、人防技防规范。,常年本地稳定居住，工作日职住通勤动线规则单一。
上_1997_00988,上海,1997,教育型买房,46,女,0.4,3.6,0.4,6.8,2,1,否,B,social,0.99,0.59,0.32,0.39,0.62,0.68,0.61,0.99,0.53,学区房,两室一厅,86,539,国企车间技术主任,三口之家(学龄段),上海中环品质两居，车位及空间极其拥挤,小区无地下车库且人车不分流，小孩在楼下玩耍或者推婴儿车极为不安全。,核心要求地块属于第一梯队名校学区，且周边500米内解决幼小衔接教育配套。,主要在陆家嘴/徐家汇CBD上班，首选地铁2/9号线沿线，通勤半小时内。,倡导轻户外，周末常带家人自驾野营或山系徒步，注重生活情调与手作咖啡。,名下持有一套旧两居，置换回款 65% + 个人理财储蓄补充 + 公积金商业贷,重性价比，不盲信大牌，但要求物业管理有序、绿化修剪及时、人防技防规范。,常年本地稳定居住，工作日职住通勤动线规则单一。
上_1997_00989,上海,1997,教育型买房,35,女,0.3,2.8,0.4,5.2,4,1,否,B,social,0.82,0.43,0.35,0.46,0.74,0.64,0.6,0.98,0.63,学区房,两室一厅,62,623,国企车间技术主任,三口之家(幼龄段),上海中环品质两居，车位及空间极其拥挤,小区无地下车库且人车不分流，小孩在楼下玩耍或者推婴儿车极为不安全。,核心要求地块属于第一梯队名校学区，且周边500米内解决幼小衔接教育配套。,主要在陆家嘴/徐家汇CBD上班，首选地铁2/9号线沿线，通勤半小时内。,倡导轻户外，周末常带家人自驾野营或山系徒步，注重生活情调与手作咖啡。,名下持有一套旧两居，置换回款 65% + 个人理财储蓄补充 + 公积金商业贷,重性价比，不盲信大牌，但要求物业管理有序、绿化修剪及时、人防技防规范。,常年本地稳定居住，工作日职住通勤动线规则单一。
上_1997_00990,上海,1997,金融精英,45,女,1.0,9.4,0.4,17.6,3,1,否,A,research,0.86,0.45,0.64,0.6,0.93,0.58,0.74,0.67,0.79,自住-首套,两室一厅,77,1478,老牌证券公司营业部经理,三口之家(学龄段),市中心私密洋房住宅,无高端私密会所及管家式物业配套，圈层鱼龙混杂，高净值居住体验差。,要求采光通透，全明户型，带多功能嵌入式收纳墙以最大化空间利用。,主要在陆家嘴/徐家汇CBD上班，首选地铁2/9号线沿线，通勤半小时内。,周末常去高端商圈消费，热衷打网球和马术，重度手冲咖啡及黑胶唱片发烧友。,夫妻双方积蓄 + 双方父母出资赞助首付 + 公积金商业组合贷款,非仁恒、绿城、万科等金牌开发商不买，极度看重高端精装质量与顶级物业的增值口碑。,常年本地稳定居住，工作日职住通勤动线规则单一。
上_1997_00991,上海,1997,外籍海归,32,女,0.9,7.9,0.4,14.8,3,1,否,A,social,0.6,0.55,0.48,0.61,0.71,0.63,0.55,0.82,0.72,婚房,两室一厅,65,1317,合资日化企业技术主管,三口之家(幼龄段),市中心私密洋房住宅,无高端私密会所及管家式物业配套，圈层鱼龙混杂，高净值居住体验差。,核心要求地块属于第一梯队名校学区，且周边500米内解决幼小衔接教育配套。,主要在陆家嘴/徐家汇CBD上班，首选地铁2/9号线沿线，通勤半小时内。,周末常去高端商圈消费，热衷打网球和马术，重度手冲咖啡及黑胶唱片发烧友。,夫妻双方积蓄 + 双方父母出资赞助首付 + 公积金商业组合贷款,非仁恒、绿城、万科等金牌开发商不买，极度看重高端精装质量与顶级物业的增值口碑。,常年本地稳定居住，工作日职住通勤动线规则单一。
上_1997_00992,上海,1997,本地改善,42,女,0.5,4.2,0.45,7.1,5,1,否,B,agent,0.69,0.54,0.54,0.51,0.61,0.85,0.66,0.68,0.61,自住-改善,一室一厅,94,389,区财政局科员,三口之家(学龄段),上海中环品质两居，车位及空间极其拥挤,小区无地下车库且人车不分流，小孩在楼下玩耍或者推婴儿车极为不安全。,讲究超高得房率（超85%），主卧套房必须配备独立步入式衣帽间与干湿分离双卫。,主要在陆家嘴/徐家汇CBD上班，首选地铁2/9号线沿线，通勤半小时内。,倡导轻户外，周末常带家人自驾野营或山系徒步，注重生活情调与手作咖啡。,名下持有一套旧两居，置换回款 65% + 个人理财储蓄补充 + 公积金商业贷,重性价比，不盲信大牌，但要求物业管理有序、绿化修剪及时、人防技防规范。,常年本地稳定居住，工作日职住通勤动线规则单一。
上_1997_00993,上海,1997,教育型买房,39,男,0.7,4.5,0.4,8.5,3,1,是,B,social,1,0.47,0.4,0.33,0.54,0.76,0.51,1,0.61,学区房,一室一厅,70,638,国企车间技术主任,三口之家(学龄段),上海中环品质两居，车位及空间极其拥挤,小区无地下车库且人车不分流，小孩在楼下玩耍或者推婴儿车极为不安全。,讲究超高得房率（超85%），主卧套房必须配备独立步入式衣帽间与干湿分离双卫。,主要在陆家嘴/徐家汇CBD上班，首选地铁2/9号线沿线，通勤半小时内。,倡导轻户外，周末常带家人自驾野营或山系徒步，注重生活情调与手作咖啡。,名下持有一套旧两居，置换回款 65% + 个人理财储蓄补充 + 公积金商业贷,重性价比，不盲信大牌，但要求物业管理有序、绿化修剪及时、人防技防规范。,常年本地稳定居住，工作日职住通勤动线规则单一。
上_1997_00994,上海,1997,长三角家庭,52,女,0.4,3.4,0.45,5.6,4,2,否,B,agent,0.89,0.46,0.55,0.53,0.52,0.81,0.35,0.78,0.67,自住-首套,两室一厅,95,357,邮政局局长秘书,二胎黄金期中大户型,上海中环品质两居，车位及空间极其拥挤,小区无地下车库且人车不分流，小孩在楼下玩耍或者推婴儿车极为不安全。,讲究超高得房率（超85%），主卧套房必须配备独立步入式衣帽间与干湿分离双卫。,主要在陆家嘴/徐家汇CBD上班，首选地铁2/9号线沿线，通勤半小时内。,倡导轻户外，周末常带家人自驾野营或山系徒步，注重生活情调与手作咖啡。,夫妻双方积蓄 + 双方父母出资赞助首付 + 公积金商业组合贷款,重性价比，不盲信大牌，但要求物业管理有序、绿化修剪及时、人防技防规范。,常年本地稳定居住，工作日职住通勤动线规则单一。
上_1997_00995,上海,1997,本地改善,47,男,0.5,3.4,0.45,5.6,5,3,是,B,agent,0.7,0.32,0.45,0.53,0.58,0.88,0.6,0.74,0.51,自住-改善,一室一厅,97,367,邮政局局长秘书,二胎黄金期中大户型,上海中环品质两居，车位及空间极其拥挤,小区无地下车库且人车不分流，小孩在楼下玩耍或者推婴儿车极为不安全。,讲究超高得房率（超85%），主卧套房必须配备独立步入式衣帽间与干湿分离双卫。,主要在陆家嘴/徐家汇CBD上班，首选地铁2/9号线沿线，通勤半小时内。,倡导轻户外，周末常带家人自驾野营或山系徒步，注重生活情调与手作咖啡。,名下持有一套旧两居，置换回款 65% + 个人理财储蓄补充 + 公积金商业贷,重性价比，不盲信大牌，但要求物业管理有序、绿化修剪及时、人防技防规范。,常年本地稳定居住，工作日职住通勤动线规则单一。
上_1997_00996,上海,1997,金融精英,48,女,0.8,6.4,0.4,12.0,4,1,否,A,research,0.77,0.34,0.72,0.66,0.7,0.77,0.63,0.72,0.69,自住-首套,一室一厅,73,1460,申银万国证券分析员,三口之家(学龄段),西湖边高精平层,无高端私密会所及管家式物业配套，圈层鱼龙混杂，高净值居住体验差。,要求有超大面宽南向双阳台（观景家政分离），主卧大飘窗能270度直面自然景观。,主要在陆家嘴/徐家汇CBD上班，首选地铁2/9号线沿线，通勤半小时内。,周末常去高端商圈消费，热衷打网球和马术，重度手冲咖啡及黑胶唱片发烧友。,夫妻双方积蓄 + 双方父母出资赞助首付 + 公积金商业组合贷款,重性价比，不盲信大牌，但要求物业管理有序、绿化修剪及时、人防技防规范。,常年本地稳定居住，工作日职住通勤动线规则单一。
上_1997_00997,上海,1997,本地改善,53,女,0.5,3.9,0.45,6.6,4,2,是,B,agent,0.77,0.34,0.49,0.58,0.56,0.88,0.62,0.61,0.63,自住-改善,两室两厅,59,957,国企车间技术主任,二胎黄金期中大户型,上海中环品质两居，车位及空间极其拥挤,小区无地下车库且人车不分流，小孩在楼下玩耍或者推婴儿车极为不安全。,讲究超高得房率（超85%），主卧套房必须配备独立步入式衣帽间与干湿分离双卫。,主要在陆家嘴/徐家汇CBD上班，首选地铁2/9号线沿线，通勤半小时内。,倡导轻户外，周末常带家人自驾野营或山系徒步，注重生活情调与手作咖啡。,名下持有一套旧两居，置换回款 65% + 个人理财储蓄补充 + 公积金商业贷,重性价比，不盲信大牌，但要求物业管理有序、绿化修剪及时、人防技防规范。,常年本地稳定居住，工作日职住通勤动线规则单一。
上_1997_00998,上海,1997,教育型买房,33,男,0.5,4.7,0.4,8.8,3,0,否,B,social,0.82,0.51,0.25,0.31,0.43,0.64,0.54,1,0.54,学区房,两室一厅,88,714,国企车间技术主任,新婚过渡两居,上海中环品质两居，车位及空间极其拥挤,老小区隔音差，邻里滋扰严重，且车位严重匮乏，每晚加班回来抢车位像打仗。,核心要求地块属于第一梯队名校学区，且周边500米内解决幼小衔接教育配套。,主要在陆家嘴/徐家汇CBD上班，首选地铁2/9号线沿线，通勤半小时内。,倡导轻户外，周末常带家人自驾野营或山系徒步，注重生活情调与手作咖啡。,名下持有一套旧两居，置换回款 65% + 个人理财储蓄补充 + 公积金商业贷,重性价比，不盲信大牌，但要求物业管理有序、绿化修剪及时、人防技防规范。,常年本地稳定居住，工作日职住通勤动线规则单一。
上_1997_00999,上海,1997,长三角家庭,54,男,0.3,2.2,0.45,3.7,3,1,是,B,agent,0.94,0.59,0.63,0.52,0.7,0.78,0.42,0.79,0.73,自住-改善,两室两厅,60,364,国企车间技术主任,三口之家(学龄段),上海中环品质两居，车位及空间极其拥挤,小区无地下车库且人车不分流，小孩在楼下玩耍或者推婴儿车极为不安全。,讲究超高得房率（超85%），主卧套房必须配备独立步入式衣帽间与干湿分离双卫。,主要在陆家嘴/徐家汇CBD上班，首选地铁2/9号线沿线，通勤半小时内。,倡导轻户外，周末常带家人自驾野营或山系徒步，注重生活情调与手作咖啡。,名下持有一套旧两居，置换回款 65% + 个人理财储蓄补充 + 公积金商业贷,非仁恒、绿城、万科等金牌开发商不买，极度看重高端精装质量与顶级物业的增值口碑。,常年本地稳定居住，工作日职住通勤动线规则单一。
上_1997_01000,上海,1997,教育型买房,34,男,0.5,4.5,0.4,8.4,2,1,否,B,social,1,0.67,0.21,0.18,0.57,0.64,0.53,1,0.65,学区房,两室一厅,88,631,邮政局局长秘书,三口之家(幼龄段),上海中环品质两居，车位及空间极其拥挤,小区无地下车库且人车不分流，小孩在楼下玩耍或者推婴儿车极为不安全。,核心要求地块属于第一梯队名校学区，且周边500米内解决幼小衔接教育配套。,主要在陆家嘴/徐家汇CBD上班，首选地铁2/9号线沿线，通勤半小时内。,倡导轻户外，周末常带家人自驾野营或山系徒步，注重生活情调与手作咖啡。,名下持有一套旧两居，置换回款 65% + 个人理财储蓄补充 + 公积金商业贷,重性价比，不盲信大牌，但要求物业管理有序、绿化修剪及时、人防技防规范。,常年本地稳定居住，工作日职住通勤动线规则单一。
