楼盘ID,楼盘名称,城市名称,城市ID,区域名称,区域ID,子区域名称,子区域ID,地址,环线位置,最新价格,参考价格,房贷计算信息,面积范围,占地面积,建筑面积,房间面积信息,户型文本描述,全部户型,开盘日期,开盘日期备注,开盘时间,交房时间,发证时间,建筑类型,建筑类型.1,产权年限,容积率,绿化率,规划户数,装修情况,工程进度,物业类型,物业公司,物业管理费,物业特色,车位数,车位比,销售状态,销售标题,租售标题,预售证号,绑定楼栋,开发商,开发商品牌,投资商,供电,供水,百度地图纬度,百度地图经度,400电话,所有标签列表,标签列表,默认图片,规交信息,售楼处地址
2157045,世府二期,杭州,18,桐庐县,17459,桐庐,17460,杭州桐庐县桐庐春江东路2155号,,1897元/㎡,1897元/㎡,首付19万，月供4761元,88-125㎡,64928m²,204258.5m²,"[{""id"": 493728, ""rooms"": 2, ""room_alias"": ""二室"", ""area"": 88}, {""id"": 493736, ""rooms"": 2, ""room_alias"": ""二室"", ""area"": 88}, {""id"": 493689, ""rooms"": 3, ""room_alias"": ""三室"", ""area"": 122}, {""id"": 493685, ""rooms"": 3, ""room_alias"": ""三室"", ""area"": 125}]",2/3室,"2室户型,3室户型",1996-08-17,2019年07月10日,1996年,1997年,"[""2019-07-02"", ""2016-09-19"", ""2019-07-02"", ""2018-07-26""]",多层,高层,70年,2.5,30%,1422,毛坯,已竣工，竣工时间：2019-12-31,住宅,金地智慧服务,2.1元/㎡/月,,1147,1:0.8,售罄,售罄,售罄,"[""桐售许字（2019）第00535号"", ""桐售许字（2016）第021号"", ""桐售许字（2019）第00015号"", ""桐售许字（2018）第00530号""]","[""7#"", ""3#、5#、6#、9#、12#、13#"", ""4#"", ""1#、2#、8#、11#""]",禹洲,光明地产,光明集团上海飘鹰房地产开发有限公司,民电,民水,29.835008,119.758894,"{""service_num"": ""4006708287"", ""num"": ""35706""}","{""559"": ""现房"", ""557"": ""项目竣工"", ""76"": ""厨卫全明"", ""74"": ""南北通透"", ""73"": ""卧室全朝南"", ""78"": ""大户型"", ""402"": ""玄关入户"", ""401"": ""户型方正"", ""397"": ""动静分离"", ""83"": ""双阳台"", ""636"": ""公办小学"", ""624"": ""九年一贯制"", ""50"": ""品牌开发商""}","[""现房"", ""项目竣工"", ""厨卫全明"", ""南北通透"", ""卧室全朝南""]",https://pic4.ajkimg.com/display/xinfang/51e5f389c3b205189754b33be047f32e/275x206n.jpg,[],桐庐县春江东路2155号
4498407,绿梅林邸,杭州,18,桐庐县,17459,桐庐,17460,杭州桐庐县桐庐春江路8号,,,,,138-232㎡,49936m²,181143m²,"[{""id"": 153667, ""rooms"": 2, ""room_alias"": ""二室"", ""area"": 232}, {""id"": 145032, ""rooms"": 3, ""room_alias"": ""三室"", ""area"": 138}, {""id"": 145036, ""rooms"": 3, ""room_alias"": ""三室"", ""area"": 138}, {""id"": 153664, ""rooms"": 3, ""room_alias"": ""三室"", ""area"": 169}]",2/3室,"2室户型,3室户型",1996-12-12,,1996年,1997年,[],高层,高层、超高层,70年,3.5,32%,810,毛坯,,住宅,万科物业,2.2元/㎡/月,,995,1:1.23,售罄,售罄,售罄,"[""桐售许字（2015）020号"", ""桐售许字（2015）014号"", ""桐售许字（2014）044号"", ""桐售许字（2014）031号"", ""桐售许字（2014）021号""]",[],旭辉,,顺发恒业股份公司,民电,民水,29.815772,119.677503,"""""","{""56"": ""车位充足"", ""31"": ""大平层"", ""72"": ""配套纯熟"", ""71"": ""便利店"", ""70"": ""银行"", ""69"": ""学校"", ""68"": ""医院"", ""67"": ""生态绿地"", ""66"": ""公园"", ""65"": ""商业街"", ""64"": ""购物中心"", ""78"": ""大户型"", ""637"": ""公办中学"", ""636"": ""公办小学""}","[""车位充足"", ""大平层"", ""配套纯熟"", ""便利店"", ""银行""]",https://pic4.ajkimg.com/display/xinfang/e06c3a0e12d62329c0186f13290f0f2b/275x206n.jpg,[],桐庐县春江路56号
9785504,云之桃源居,杭州,18,西湖区,1804,之江,24206,杭州西湖区之江双浦镇科海南路到底,,3697元/㎡,3697元/㎡,首付31万，月供7502元,91-165㎡,住宅：150435m² 别墅：150435m²,住宅：336092.5m² 别墅：336092.5m²,"[{""id"": 880798, ""rooms"": 3, ""room_alias"": ""三室"", ""area"": 91}, {""id"": 880822, ""rooms"": 4, ""room_alias"": ""四室"", ""area"": 108}, {""id"": 881258, ""rooms"": 4, ""room_alias"": ""四室"", ""area"": 125}, {""id"": 881259, ""rooms"": 4, ""room_alias"": ""四室"", ""area"": 139}, {""id"": 881260, ""rooms"": 4, ""room_alias"": ""四室"", ""area"": 165}]",3/4室,"3室户型,4室户型",1996-06-25,2025年12月20日,1996年,1997年,"[""2025-12-12"", ""2025-11-21""]",{},别墅：联排别墅、叠加别墅,别墅：70年,别墅：1.12,别墅：35%,别墅：1412,,在建中，竣工时间：2027-12-31,住宅,绿城服务,,,别墅：1840,,售罄,售罄,售罄,"[""杭房预许字（2025）第00624号"", ""杭房预许字(2025)第00567号""]","[""6#、4#、8#、23#、3#、16#"", ""24#、7#、2#""]",象屿,建发房产,,住宅：民电,住宅：民水,30.1102,120.084367,"{""service_num"": ""4006708287"", ""num"": ""51232""}","{""80"": ""得房率高"", ""52"": ""低容积"", ""9"": ""轨交房"", ""76"": ""厨卫全明"", ""74"": ""南北通透"", ""73"": ""卧室全朝南"", ""7"": ""项目在建"", ""276"": ""一房一价"", ""72"": ""配套纯熟"", ""70"": ""银行"", ""69"": ""学校"", ""68"": ""医院"", ""66"": ""公园"", ""65"": ""商业街"", ""64"": ""购物中心"", ""78"": ""大户型"", ""402"": ""玄关入户"", ""401"": ""户型方正"", ""397"": ""动静分离"", ""85"": ""主卧套房"", ""92"": ""热搜盘"", ""91"": ""热评楼盘"", ""90"": ""人气楼盘"", ""636"": ""公办小学"", ""606"": ""省一级园"", ""598"": ""民办幼儿园"", ""597"": ""公办幼儿园"", ""541"": ""3D沙盘"", ""540"": ""日照模拟"", ""421"": ""无需摇号"", ""263"": ""VR看房"", ""55"": ""小型社区"", ""50"": ""品牌开发商""}","[""得房率高"", ""低容积"", ""轨交房"", ""厨卫全明"", ""南北通透""]",https://pic4.ajkimg.com/display/xinfang/cc50653bef58b3b945059a93811b966e/275x206n.jpg,"[{""id"": ""7320153"", ""loupan_id"": ""531974"", ""station_id"": ""122115"", ""subway_id"": ""12109"", ""city_id"": ""18"", ""distance"": ""1327米"", ""status"": ""1"", ""last_update_time"": ""1774211230"", ""is_rail_loupan"": ""1"", ""subway_name"": ""12号线"", ""station_name"": ""周九路站"", ""distance_raw"": ""1327""}]",临展厅：浙江省杭州市西湖区双浦镇回夏路（千岛湖智邦大厦）
5028443,海华庭一期,杭州,18,滨江区,1806,西兴,1915,杭州滨江区西兴杭州市滨江区江南大道与江虹路交叉口,,,,,90-168㎡,128383m²,600000m²,"[{""id"": 104912, ""rooms"": 3, ""room_alias"": ""三室"", ""area"": 90}, {""id"": 104913, ""rooms"": 3, ""room_alias"": ""三室"", ""area"": 90}, {""id"": 104914, ""rooms"": 4, ""room_alias"": ""四室"", ""area"": 138}, {""id"": 104915, ""rooms"": 4, ""room_alias"": ""四室"", ""area"": 138}, {""id"": 104916, ""rooms"": 4, ""room_alias"": ""四室"", ""area"": 168}]",3/4室,"3室户型,4室户型",1996-02-07,,1996年,1997年,[],{高层},高层,70年,2.96,30%,1685,毛坯,,住宅,中海物业,2.9元/㎡/月,,1803,1:1,售罄,售罄,售罄,[],[],金茂,,龙湖集团,民电,民水,30.194051,120.203938,"{""service_num"": ""4006708287"", ""num"": """"}","{""9"": ""轨交房"", ""10"": ""多轨交"", ""72"": ""配套纯熟"", ""71"": ""便利店"", ""70"": ""银行"", ""69"": ""学校"", ""68"": ""医院"", ""67"": ""生态绿地"", ""66"": ""公园"", ""65"": ""商业街"", ""64"": ""购物中心"", ""78"": ""大户型"", ""637"": ""公办中学"", ""636"": ""公办小学"", ""635"": ""民办小学"", ""624"": ""九年一贯制"", ""606"": ""省一级园"", ""598"": ""民办幼儿园"", ""597"": ""公办幼儿园"", ""54"": ""大型社区""}","[""轨交房"", ""多轨交"", ""配套纯熟"", ""便利店"", ""银行""]",https://pic4.ajkimg.com/display/xinfang/d7a278b99185561e98ddd07ab7756dbe/275x206n.jpg,"[{""id"": ""7266968"", ""loupan_id"": ""251752"", ""station_id"": ""122157"", ""subway_id"": ""12111"", ""city_id"": ""18"", ""distance"": ""527米"", ""status"": ""1"", ""last_update_time"": ""1774211230"", ""is_rail_loupan"": ""1"", ""subway_name"": ""18号线"", ""station_name"": ""江汉路站"", ""distance_raw"": ""527""}, {""id"": ""7254749"", ""loupan_id"": ""251752"", ""station_id"": ""120852"", ""subway_id"": ""143"", ""city_id"": ""18"", ""distance"": ""558米"", ""status"": ""1"", ""last_update_time"": ""1774211232"", ""is_rail_loupan"": ""1"", ""subway_name"": ""6号线"", ""station_name"": ""江汉路站"", ""distance_raw"": ""558""}, {""id"": ""7330082"", ""loupan_id"": ""251752"", ""station_id"": ""120853"", ""subway_id"": ""143"", ""city_id"": ""18"", ""distance"": ""1074米"", ""status"": ""1"", ""last_update_time"": ""1774211232"", ""is_rail_loupan"": ""1"", ""subway_name"": ""6号线"", ""station_name"": ""长河站"", ""distance_raw"": ""1074""}, {""id"": ""7213876"", ""loupan_id"": ""251752"", ""station_id"": ""4850"", ""subway_id"": ""142"", ""city_id"": ""18"", ""distance"": ""1124米"", ""status"": ""1"", ""last_update_time"": ""1774211231"", ""is_rail_loupan"": ""1"", ""subway_name"": ""5号线"", ""station_name"": ""长河"", ""distance_raw"": ""1124""}]",杭州大厦C座、湖滨银泰A座一楼已设置外展点
5350581,新青山台,杭州,18,桐庐县,17459,桐庐,17460,杭州桐庐县桐庐横村镇桐千路16号,,49元/㎡,49元/㎡,首付52万，月供12623元,302-342㎡,57395m²,57828.5m²,"[{""id"": 669383, ""rooms"": 6, ""room_alias"": ""六室"", ""area"": 302}]",别墅,别墅户型,1996-01-03,2020年07月01日,1996年,1997年,"[""2020-06-24""]","{联排别墅,双拼别墅}",联排别墅、双拼别墅,70年,1,35%,225,毛坯,,别墅,华润万象生活,3.5元/㎡/月,,286,1:1.2,售罄,售罄,售罄,"[""桐售许字（2020）第00629号""]","[""1#、2#、3#、5#、6#、7#、8#、9#""]",万科,,杭州京庐实业有限公司,民电,民水,29.840585,119.618438,"{""service_num"": ""4006708287"", ""num"": """"}","{""559"": ""现房"", ""56"": ""车位充足"", ""78"": ""大户型"", ""637"": ""公办中学"", ""636"": ""公办小学"", ""55"": ""小型社区""}","[""现房"", ""车位充足"", ""大户型"", ""公办中学"", ""公办小学""]",https://pic4.ajkimg.com/display/xinfang/8f90d608d2b1d25dea4fbdb8f1c0e831/275x206n.jpg,[],杭州市桐庐县横村镇桐千路16号
555636,恒大白鸽里,杭州,18,桐庐县,17459,桐庐,17460,杭州桐庐县桐庐富春未来城梅林路与城南路交叉口西南侧约600米处,,,,,77-134㎡,70000m²,140000m²,"[{""id"": 570712, ""rooms"": 2, ""room_alias"": ""二室"", ""area"": 77}, {""id"": 570713, ""rooms"": 3, ""room_alias"": ""三室"", ""area"": 100}, {""id"": 570721, ""rooms"": 3, ""room_alias"": ""三室"", ""area"": 101}, {""id"": 570723, ""rooms"": 3, ""room_alias"": ""三室"", ""area"": 103}, {""id"": 570725, ""rooms"": 3, ""room_alias"": ""三室"", ""area"": 104}, {""id"": 611548, ""rooms"": 3, ""room_alias"": ""三室"", ""area"": 105}, {""id"": 570707, ""rooms"": 3, ""room_alias"": ""三室"", ""area"": 110}, {""id"": 570708, ""rooms"": 3, ""room_alias"": ""三室"", ""area"": 114}, {""id"": 570714, ""rooms"": 3, ""room_alias"": ""三室"", ""area"": 114}, {""id"": 570716, ""rooms"": 3, ""room_alias"": ""三室"", ""area"": 115}, {""id"": 570709, ""rooms"": 3, ""room_alias"": ""三室"", ""area"": 117}, {""id"": 570717, ""rooms"": 3, ""room_alias"": ""三室"", ""area"": 117}, {""id"": 570710, ""rooms"": 3, ""room_alias"": ""三室"", ""area"": 125}, {""id"": 570718, ""rooms"": 4, ""room_alias"": ""四室"", ""area"": 134}]",2/3/4室,"2室户型,3室户型,4室户型",1996-01-25,2020年06月27日,1996年,1997年,"[""2020-11-25"", ""2020-09-18"", ""2020-06-23"", ""2020-06-21"", ""2020-06-21"", ""2020-05-27""]",{高层},高层,70年,2,30%,1226,带装修,,住宅,融创服务,2.29元/㎡/月,,1534,1:1.3,售罄,售罄,售罄,"[""桐售许字（2020）第01535 号"", ""桐售许字（2020）第01248号"", ""桐售许字（2020）第00626号"", ""桐售许字（2020）第00607号"", ""桐售许字（2020）第00606号"", ""桐售许字（2020）第00468号""]","[""2#、3#、5#、7#"", ""1#、4#、8#"", ""18#、6#、9#"", ""10#、17#、19#"", ""11#、12#、14#、15#、16#"", ""13#""]",中南,中国恒大,杭州桐恒置业有限公司,民电,民水,29.781716,119.722628,"{""service_num"": ""4006708287"", ""num"": """"}","{""56"": ""车位充足"", ""29"": ""装修交付"", ""76"": ""厨卫全明"", ""74"": ""南北通透"", ""73"": ""卧室全朝南"", ""78"": ""大户型"", ""402"": ""玄关入户"", ""401"": ""户型方正"", ""397"": ""动静分离"", ""85"": ""主卧套房"", ""83"": ""双阳台"", ""641"": ""寄宿制中学"", ""637"": ""公办中学"", ""636"": ""公办小学"", ""624"": ""九年一贯制"", ""263"": ""VR看房"", ""50"": ""品牌开发商""}","[""车位充足"", ""装修交付"", ""厨卫全明"", ""南北通透"", ""卧室全朝南""]",https://pic4.ajkimg.com/display/xinfang/23237c078b132477fc514d2677b6b0ff/275x206n.jpg,[],桐庐县梅林路与科技大道交叉口东南510米
5619459,和庭,杭州,18,西湖区,1804,三墩,1876,杭州西湖区三墩紫萱路279号,,,,,450㎡,30500m²,138000m²,"[{""id"": 71167, ""rooms"": 4, ""room_alias"": ""四室"", ""area"": 450}, {""id"": 71168, ""rooms"": 4, ""room_alias"": ""四室"", ""area"": 450}]",4室,4室户型,1996-04-14,,1996年,1997年,[],{高层},高层,40年,3.5,30%,1185,毛坯,,商业,中海物业,3.5元/㎡/月,,666,1:0.6,售罄,售罄,售罄,"[""杭售许（2014）00032号""]",[],龙湖,,浙江汇禾投资有限公司大港桥股份经济合作社,商电,商水,30.320343,120.066803,"""""","{""9"": ""轨交房"", ""72"": ""配套纯熟"", ""71"": ""便利店"", ""70"": ""银行"", ""68"": ""医院"", ""67"": ""生态绿地"", ""66"": ""公园"", ""65"": ""商业街"", ""64"": ""购物中心"", ""78"": ""大户型""}","[""轨交房"", ""配套纯熟"", ""便利店"", ""银行"", ""医院""]",https://pic4.ajkimg.com/display/xinfang/3adb586f4c37cdf41ee3dbb57d0a29d1/275x206n.jpg,"[{""id"": ""7213919"", ""loupan_id"": ""247694"", ""station_id"": ""120456"", ""subway_id"": ""42"", ""city_id"": ""18"", ""distance"": ""1027米"", ""status"": ""1"", ""last_update_time"": ""1774211232"", ""is_rail_loupan"": ""1"", ""subway_name"": ""4号线"", ""station_name"": ""池华街"", ""distance_raw"": ""1027""}]",西湖区三墩镇环镇北路（灯彩街）与吉鸿路交叉口(紧邻项目现场)
7777035,御春天豪庭,杭州,18,下城,1805,华丰,4582,杭州下城华丰石桥华丰路与华东路交叉口,,,,,50-140㎡,28000m²,80000m²,"[{""id"": 36933, ""rooms"": 1, ""room_alias"": ""一室"", ""area"": 50}, {""id"": 94823, ""rooms"": 1, ""room_alias"": ""一室"", ""area"": 50.68}, {""id"": 94824, ""rooms"": 1, ""room_alias"": ""一室"", ""area"": 50.68}, {""id"": 94826, ""rooms"": 1, ""room_alias"": ""一室"", ""area"": 51.57}, {""id"": 94828, ""rooms"": 1, ""room_alias"": ""一室"", ""area"": 53.96}, {""id"": 94827, ""rooms"": 1, ""room_alias"": ""一室"", ""area"": 59.36}, {""id"": 35420, ""rooms"": 2, ""room_alias"": ""二室"", ""area"": 86.7}, {""id"": 35419, ""rooms"": 2, ""room_alias"": ""二室"", ""area"": 89.01}, {""id"": 35415, ""rooms"": 2, ""room_alias"": ""二室"", ""area"": 89.92}, {""id"": 35414, ""rooms"": 3, ""room_alias"": ""三室"", ""area"": 88.39}, {""id"": 35418, ""rooms"": 3, ""room_alias"": ""三室"", ""area"": 122.94}, {""id"": 35417, ""rooms"": 4, ""room_alias"": ""四室"", ""area"": 139.75}]",1/2/3/4室,"1室户型,2室户型,3室户型,4室户型",1996-06-23,,1996年,1997年,[],{小高层},小高层,,2.2,30%,600,毛坯,,住宅,新城悦服务,,,480,1:0.8,售罄,售罄,售罄,[],[],万科,,浙江中铁房地产集团有限公司,民电,民水,30.358119,120.232067,"""""","{""9"": ""轨交房"", ""72"": ""配套纯熟"", ""71"": ""便利店"", ""70"": ""银行"", ""69"": ""学校"", ""68"": ""医院"", ""67"": ""生态绿地"", ""66"": ""公园"", ""65"": ""商业街"", ""64"": ""购物中心"", ""79"": ""小户型"", ""78"": ""大户型"", ""637"": ""公办中学"", ""636"": ""公办小学"", ""606"": ""省一级园"", ""598"": ""民办幼儿园"", ""597"": ""公办幼儿园""}","[""轨交房"", ""配套纯熟"", ""便利店"", ""银行"", ""学校""]",https://pic4.ajkimg.com/display/xinfang/90d8b57272c6b8a2431e722f14891451/275x206n.jpg,"[{""id"": ""7213627"", ""loupan_id"": ""238751"", ""station_id"": ""10201"", ""subway_id"": ""1010"", ""city_id"": ""18"", ""distance"": ""466米"", ""status"": ""1"", ""last_update_time"": ""1774211228"", ""is_rail_loupan"": ""1"", ""subway_name"": ""3号线"", ""station_name"": ""华丰路"", ""distance_raw"": ""466""}, {""id"": ""7213647"", ""loupan_id"": ""238751"", ""station_id"": ""10225"", ""subway_id"": ""1010"", ""city_id"": ""18"", ""distance"": ""895米"", ""status"": ""1"", ""last_update_time"": ""1774211228"", ""is_rail_loupan"": ""1"", ""subway_name"": ""3号线"", ""station_name"": ""同协路"", ""distance_raw"": ""895""}]",杭州下城区华丰路与华东路交叉口
8493013,精欧阳光府,杭州,18,钱塘区,20267,下沙,20268,杭州钱塘区下沙6号大街(下沙5号路与6号大街交叉口，四季风情一楼),,,,,87-138㎡,25683m²,76657m²,"[{""id"": 35575, ""rooms"": 2, ""room_alias"": ""二室"", ""area"": 87}, {""id"": 35576, ""rooms"": 2, ""room_alias"": ""二室"", ""area"": 87}, {""id"": 35573, ""rooms"": 2, ""room_alias"": ""二室"", ""area"": 88}, {""id"": 35574, ""rooms"": 2, ""room_alias"": ""二室"", ""area"": 88}, {""id"": 35565, ""rooms"": 3, ""room_alias"": ""三室"", ""area"": 138}, {""id"": 35568, ""rooms"": 3, ""room_alias"": ""三室"", ""area"": 138}, {""id"": 35569, ""rooms"": 3, ""room_alias"": ""三室"", ""area"": 138}, {""id"": 35570, ""rooms"": 3, ""room_alias"": ""三室"", ""area"": 138}, {""id"": 35571, ""rooms"": 3, ""room_alias"": ""三室"", ""area"": 138}, {""id"": 35572, ""rooms"": 3, ""room_alias"": ""三室"", ""area"": 138}]",2/3室,"2室户型,3室户型",1996-08-15,,1996年,1997年,[],高层,高层,70年,3,31%,580,毛坯,,住宅,雅生活服务,1.9元/㎡/月,,649,,售罄,售罄,售罄,[],[],龙湖,,杭州精欧置业有限公司,民电,民水,30.323803,120.376708,"""""","{""57"": ""人车分流"", ""9"": ""轨交房"", ""72"": ""配套纯熟"", ""71"": ""便利店"", ""70"": ""银行"", ""69"": ""学校"", ""68"": ""医院"", ""66"": ""公园"", ""65"": ""商业街"", ""64"": ""购物中心"", ""78"": ""大户型"", ""638"": ""民办中学"", ""637"": ""公办中学"", ""636"": ""公办小学"", ""635"": ""民办小学"", ""624"": ""九年一贯制"", ""598"": ""民办幼儿园"", ""597"": ""公办幼儿园""}","[""人车分流"", ""轨交房"", ""配套纯熟"", ""便利店"", ""银行""]",https://pic4.ajkimg.com/display/xinfang/497d3116b722d03050a9b8e420402a68/275x206n.jpg,"[{""id"": ""7211362"", ""loupan_id"": ""238522"", ""station_id"": ""2641"", ""subway_id"": ""40"", ""city_id"": ""18"", ""distance"": ""874米"", ""status"": ""1"", ""last_update_time"": ""1774211229"", ""is_rail_loupan"": ""1"", ""subway_name"": ""1号线"", ""station_name"": ""文泽路"", ""distance_raw"": ""874""}]",下沙6号大街(下沙5号路与6号大街交叉口，宜必思酒店旁边)(售楼处尚未建)
6312174,紫舍三期,杭州,18,余杭区,1808,勾庄,5143,杭州余杭区勾庄余杭区储运路和好运路交叉口,,,,,97-126㎡,17271m²,54673.3m²,"[{""id"": 453462, ""rooms"": 3, ""room_alias"": ""三室"", ""area"": 97}, {""id"": 453467, ""rooms"": 3, ""room_alias"": ""三室"", ""area"": 109}, {""id"": 453464, ""rooms"": 4, ""room_alias"": ""四室"", ""area"": 126}]",3/4室,"3室户型,4室户型",1996-03-08,,1996年,1997年,"[""2019-12-16""]",高层,高层,70年,2.29,30%,356,带装修,,住宅,中海物业,1元/㎡/月,,312,1:0.88,售罄,售罄,售罄,"[""余售许字（2019）第01285号""]","[""1#、2#、3#、4#""]",禹洲,,杭州世茂新体验房地产有限责任公司,民电,民水,30.355215,120.115824,"""""","{""81"": ""大阳台"", ""29"": ""装修交付"", ""9"": ""轨交房"", ""78"": ""大户型"", ""82"": ""双卫生间"", ""637"": ""公办中学"", ""636"": ""公办小学"", ""624"": ""九年一贯制"", ""606"": ""省一级园"", ""603"": ""二级园"", ""598"": ""民办幼儿园"", ""597"": ""公办幼儿园""}","[""大阳台"", ""装修交付"", ""轨交房"", ""大户型"", ""双卫生间""]",https://pic4.ajkimg.com/display/xinfang/f3f184ad5e37732abfbc22754d479cec/275x206n.jpg,"[{""id"": ""7212348"", ""loupan_id"": ""455142"", ""station_id"": ""120453"", ""subway_id"": ""42"", ""city_id"": ""18"", ""distance"": ""798米"", ""status"": ""1"", ""last_update_time"": ""1774211230"", ""is_rail_loupan"": ""1"", ""subway_name"": ""4号线"", ""station_name"": ""储运路"", ""distance_raw"": ""798""}]",余杭区储运路和好运路交叉口
6101607,中西岸美景,杭州,18,滨江区,1806,浦沿,1914,杭州滨江区浦沿闻涛路和通和路交叉口,,,,,43-67㎡,10454m²,75591m²,"[{""id"": 189930, ""rooms"": 1, ""room_alias"": ""一室"", ""area"": 43}, {""id"": 189927, ""rooms"": 1, ""room_alias"": ""一室"", ""area"": 53}, {""id"": 189923, ""rooms"": 1, ""room_alias"": ""一室"", ""area"": 67}]",1室,商业户型,1996-09-07,,1996年,1997年,[],{高层},高层,40年,4.99,20%,,带装修,,商业,招商积余,3.25元/㎡/月,,710,1:1,售罄,售罄,售罄,"[""杭售许字(2015)第004013号""]",[],招商蛇口,,,商电,商水,30.217725,120.231665,"{""service_num"": ""4006708287"", ""num"": """"}","{""29"": ""装修交付"", ""9"": ""轨交房"", ""10"": ""多轨交"", ""43"": ""loft"", ""71"": ""便利店"", ""70"": ""银行"", ""64"": ""购物中心""}","[""装修交付"", ""轨交房"", ""多轨交"", ""loft"", ""便利店""]",https://pic4.ajkimg.com/display/xinfang/83b1849b53140abbd5220057fa82e09c/275x206n.jpg,"[{""id"": ""7214542"", ""loupan_id"": ""412113"", ""station_id"": ""2621"", ""subway_id"": ""40"", ""city_id"": ""18"", ""distance"": ""1080米"", ""status"": ""1"", ""last_update_time"": ""1774211229"", ""is_rail_loupan"": ""1"", ""subway_name"": ""1号线"", ""station_name"": ""江陵路"", ""distance_raw"": ""1080""}, {""id"": ""7254177"", ""loupan_id"": ""412113"", ""station_id"": ""120851"", ""subway_id"": ""143"", ""city_id"": ""18"", ""distance"": ""1085米"", ""status"": ""1"", ""last_update_time"": ""1774211229"", ""is_rail_loupan"": ""1"", ""subway_name"": ""6号线"", ""station_name"": ""江陵路站"", ""distance_raw"": ""1085""}]",滨江区滨盛路1491号 （银丰大厦底商）
8138878,复创幸福豪庭,杭州,18,临平区,24198,东湖,24199,杭州临平区东湖荷禹路与五洲路交汇处,,2811元/㎡,2811元/㎡,,,76000m²,220000m²,[],,,1996-06-12,2022年04月29日,1996年,1997年,[],{},,40年,,25%,232,毛坯,已竣工，竣工时间：2023-12-25,标准写字楼,新城悦服务,5.5元/㎡/月,,1600,,售罄,售罄,售罄,[],[],大华,复地集团,复地集团,商电,商水,30.461535,120.302833,"{""service_num"": ""4006708287"", ""num"": ""74628""}","{""559"": ""现房"", ""557"": ""项目竣工"", ""9"": ""轨交房"", ""5"": ""低单价"", ""55"": ""小型社区"", ""50"": ""品牌开发商""}","[""现房"", ""项目竣工"", ""轨交房"", ""低单价"", ""小型社区""]",https://pic4.ajkimg.com/display/xinfang/ec09b923d7f95bb27e41e68520625a12/275x206n.jpg,"[{""id"": ""7253554"", ""loupan_id"": ""509715"", ""station_id"": ""120834"", ""subway_id"": ""12055"", ""city_id"": ""18"", ""distance"": ""147米"", ""status"": ""1"", ""last_update_time"": ""1774211229"", ""is_rail_loupan"": ""1"", ""subway_name"": ""9号线"", ""station_name"": ""五洲路站"", ""distance_raw"": ""147""}, {""id"": ""7253555"", ""loupan_id"": ""509715"", ""station_id"": ""120835"", ""subway_id"": ""12055"", ""city_id"": ""18"", ""distance"": ""1130米"", ""status"": ""1"", ""last_update_time"": ""1774211229"", ""is_rail_loupan"": ""1"", ""subway_name"": ""9号线"", ""station_name"": ""龙安站"", ""distance_raw"": ""1130""}, {""id"": ""7253553"", ""loupan_id"": ""509715"", ""station_id"": ""120833"", ""subway_id"": ""12055"", ""city_id"": ""18"", ""distance"": ""1407米"", ""status"": ""1"", ""last_update_time"": ""1774211229"", ""is_rail_loupan"": ""1"", ""subway_name"": ""9号线"", ""station_name"": ""荷禹路站"", ""distance_raw"": ""1407""}]",临平区东湖新城荷禹路与五洲路交汇处
5024514,盛华庭,杭州,18,滨江区,1806,西兴,1915,杭州滨江区西兴阡陌路与丹枫路交叉口,,7042元/㎡,7042元/㎡,首付89万，月供21495元,165-188㎡,35117m²,149969.9m²,"[{""id"": 681170, ""rooms"": 4, ""room_alias"": ""四室"", ""area"": 165}, {""id"": 681176, ""rooms"": 4, ""room_alias"": ""四室"", ""area"": 165}, {""id"": 681183, ""rooms"": 4, ""room_alias"": ""四室"", ""area"": 165}, {""id"": 681174, ""rooms"": 4, ""room_alias"": ""四室"", ""area"": 185}]",4室,4室户型,1996-04-10,2021年08月28日,1996年,1997年,"[""2021-08-11"", ""2021-01-28""]",超高层,高层,70年,3,35%,632,带装修,在建中，竣工时间：2022-12-30,住宅,华润万象生活,5.9元/㎡/月,,1011,1:1.6,售罄,售罄,售罄,"[""杭售许字(2021)第004009号"", ""杭售许字(2021)第004002号""]","[""2#"", ""6#、7#、8#""]",禹洲,滨江集团,杭州滨江房产集团股份有限公司、时代大地控股有限公司,民电,民水,30.210848,120.23531,"""""","{""56"": ""车位充足"", ""29"": ""装修交付"", ""9"": ""轨交房"", ""76"": ""厨卫全明"", ""74"": ""南北通透"", ""7"": ""项目在建"", ""10"": ""多轨交"", ""78"": ""大户型"", ""402"": ""玄关入户"", ""85"": ""主卧套房"", ""83"": ""双阳台"", ""637"": ""公办中学"", ""636"": ""公办小学"", ""624"": ""九年一贯制"", ""606"": ""省一级园"", ""598"": ""民办幼儿园"", ""597"": ""公办幼儿园"", ""263"": ""VR看房"", ""50"": ""品牌开发商""}","[""车位充足"", ""装修交付"", ""轨交房"", ""厨卫全明"", ""南北通透""]",https://pic4.ajkimg.com/display/xinfang/b6c017f215ac126133cd2e0f4094745b/275x206n.jpg,"[{""id"": ""7214041"", ""loupan_id"": ""465259"", ""station_id"": ""2621"", ""subway_id"": ""40"", ""city_id"": ""18"", ""distance"": ""597米"", ""status"": ""1"", ""last_update_time"": ""1774211228"", ""is_rail_loupan"": ""1"", ""subway_name"": ""1号线"", ""station_name"": ""江陵路"", ""distance_raw"": ""597""}, {""id"": ""7254513"", ""loupan_id"": ""465259"", ""station_id"": ""120851"", ""subway_id"": ""143"", ""city_id"": ""18"", ""distance"": ""602米"", ""status"": ""1"", ""last_update_time"": ""1774211231"", ""is_rail_loupan"": ""1"", ""subway_name"": ""6号线"", ""station_name"": ""江陵路站"", ""distance_raw"": ""602""}, {""id"": ""7254512"", ""loupan_id"": ""465259"", ""station_id"": ""120850"", ""subway_id"": ""143"", ""city_id"": ""18"", ""distance"": ""995米"", ""status"": ""1"", ""last_update_time"": ""1774211231"", ""is_rail_loupan"": ""1"", ""subway_name"": ""6号线"", ""station_name"": ""星民站"", ""distance_raw"": ""995""}]",滨江区阡陌路与丹枫路交叉口
8737661,华红树名城,杭州,18,滨江区,1806,浦沿,1914,杭州滨江区浦沿坚塔路与新浦路交叉口,,,,,139㎡,38744m²,96860m²,"[{""id"": 514608, ""rooms"": 4, ""room_alias"": ""四室"", ""area"": 139}]",4室,4室户型,1996-03-02,,1996年,1997年,[],洋房,多层、高层、花园洋房,70年,2.5,30%,616,带装修,,住宅,合景悠活,2.75元/㎡/月,,782,1:1.27,售罄,售罄,售罄,[],[],中铁建,世茂房地产,世茂地产,民电,民水,30.187667,120.148292,"{""service_num"": ""4006708287"", ""num"": ""39678""}","{""101"": ""自持物业"", ""81"": ""大阳台"", ""56"": ""车位充足"", ""29"": ""装修交付"", ""9"": ""轨交房"", ""76"": ""厨卫全明"", ""74"": ""南北通透"", ""73"": ""卧室全朝南"", ""10"": ""多轨交"", ""30"": ""花园洋房"", ""547"": ""地铁"", ""78"": ""大户型"", ""402"": ""玄关入户"", ""401"": ""户型方正"", ""85"": ""主卧套房"", ""82"": ""双卫生间"", ""90"": ""人气楼盘"", ""638"": ""民办中学"", ""637"": ""公办中学"", ""636"": ""公办小学"", ""624"": ""九年一贯制"", ""606"": ""省一级园"", ""598"": ""民办幼儿园"", ""597"": ""公办幼儿园"", ""541"": ""3D沙盘"", ""263"": ""VR看房"", ""98"": ""改善置业"", ""50"": ""品牌开发商""}","[""自持物业"", ""大阳台"", ""车位充足"", ""装修交付"", ""轨交房""]",https://pic4.ajkimg.com/display/xinfang/74d00f4d94707edcc02895dc5076081a/275x206n.jpg,"[{""id"": ""7300936"", ""loupan_id"": ""463842"", ""station_id"": ""4822"", ""subway_id"": ""42"", ""city_id"": ""18"", ""distance"": ""473米"", ""status"": ""1"", ""last_update_time"": ""1774211230"", ""is_rail_loupan"": ""1"", ""subway_name"": ""4号线"", ""station_name"": ""杨家墩"", ""distance_raw"": ""473""}, {""id"": ""7300934"", ""loupan_id"": ""463842"", ""station_id"": ""120858"", ""subway_id"": ""143"", ""city_id"": ""18"", ""distance"": ""1089米"", ""status"": ""1"", ""last_update_time"": ""1774211226"", ""is_rail_loupan"": ""1"", ""subway_name"": ""6号线"", ""station_name"": ""西浦路站"", ""distance_raw"": ""1089""}, {""id"": ""7300937"", ""loupan_id"": ""463842"", ""station_id"": ""4823"", ""subway_id"": ""42"", ""city_id"": ""18"", ""distance"": ""1342米"", ""status"": ""1"", ""last_update_time"": ""1774211230"", ""is_rail_loupan"": ""1"", ""subway_name"": ""4号线"", ""station_name"": ""浦沿"", ""distance_raw"": ""1342""}, {""id"": ""7300935"", ""loupan_id"": ""463842"", ""station_id"": ""4821"", ""subway_id"": ""42"", ""city_id"": ""18"", ""distance"": ""1421米"", ""status"": ""1"", ""last_update_time"": ""1774211230"", ""is_rail_loupan"": ""1"", ""subway_name"": ""4号线"", ""station_name"": ""中医药大学"", ""distance_raw"": ""1421""}, {""id"": ""7300933"", ""loupan_id"": ""463842"", ""station_id"": ""120857"", ""subway_id"": ""143"", ""city_id"": ""18"", ""distance"": ""1435米"", ""status"": ""1"", ""last_update_time"": ""1774211226"", ""is_rail_loupan"": ""1"", ""subway_name"": ""6号线"", ""station_name"": ""中医药大学站"", ""distance_raw"": ""1435""}]",滨江区坚塔路与新浦路交叉口
3154480,野风桃源小区,杭州,18,下城,1805,市中心,5125,杭州下城市中心下城绍兴路东新路口,,,,,,15000m²,111945m²,[],,,1996-05-09,,1996年,1997年,[],{},,50年,,30%,,带装修,,商业,雅生活服务,6.8元/㎡/月,,,,售罄,售罄,售罄,"[""杭售许字(2012)第0114号"", ""杭售许字(2011)第0113号"", ""杭售许字(2009)第0117号"", ""杭售许字(2009)第0040号"", ""杭售许字(2009)第0030号"", ""杭售许字(2008)第0152号"", ""杭售许字(2008)第0096号""]",[],金地,,,商电,商水,30.304981,120.187376,"""""","{""29"": ""装修交付"", ""9"": ""轨交房"", ""10"": ""多轨交"", ""72"": ""配套纯熟"", ""71"": ""便利店"", ""70"": ""银行"", ""66"": ""公园"", ""64"": ""购物中心""}","[""装修交付"", ""轨交房"", ""多轨交"", ""配套纯熟"", ""便利店""]",https://pic4.ajkimg.com/display/xinfang/48fec05a605717945308a343118ca6cc/275x206n.jpg,"[{""id"": ""7212875"", ""loupan_id"": ""412937"", ""station_id"": ""2630"", ""subway_id"": ""40"", ""city_id"": ""18"", ""distance"": ""699米"", ""status"": ""1"", ""last_update_time"": ""1774211227"", ""is_rail_loupan"": ""1"", ""subway_name"": ""1号线"", ""station_name"": ""打铁关"", ""distance_raw"": ""699""}, {""id"": ""7211433"", ""loupan_id"": ""412937"", ""station_id"": ""4842"", ""subway_id"": ""142"", ""city_id"": ""18"", ""distance"": ""706米"", ""status"": ""1"", ""last_update_time"": ""1774211226"", ""is_rail_loupan"": ""1"", ""subway_name"": ""5号线"", ""station_name"": ""打铁关"", ""distance_raw"": ""706""}, {""id"": ""7266804"", ""loupan_id"": ""412937"", ""station_id"": ""122128"", ""subway_id"": ""12110"", ""city_id"": ""18"", ""distance"": ""868米"", ""status"": ""1"", ""last_update_time"": ""1774211230"", ""is_rail_loupan"": ""1"", ""subway_name"": ""15号线"", ""station_name"": ""打铁关站"", ""distance_raw"": ""868""}, {""id"": ""7266802"", ""loupan_id"": ""412937"", ""station_id"": ""122127"", ""subway_id"": ""12110"", ""city_id"": ""18"", ""distance"": ""1250米"", ""status"": ""1"", ""last_update_time"": ""1774211230"", ""is_rail_loupan"": ""1"", ""subway_name"": ""15号线"", ""station_name"": ""和平站"", ""distance_raw"": ""1250""}, {""id"": ""7266803"", ""loupan_id"": ""412937"", ""station_id"": ""122129"", ""subway_id"": ""12110"", ""city_id"": ""18"", ""distance"": ""1423米"", ""status"": ""1"", ""last_update_time"": ""1774211230"", ""is_rail_loupan"": ""1"", ""subway_name"": ""15号线"", ""station_name"": ""松艮路站"", ""distance_raw"": ""1423""}, {""id"": ""7211432"", ""loupan_id"": ""412937"", ""station_id"": ""4841"", ""subway_id"": ""142"", ""city_id"": ""18"", ""distance"": ""1473米"", ""status"": ""1"", ""last_update_time"": ""1774211226"", ""is_rail_loupan"": ""1"", ""subway_name"": ""5号线"", ""station_name"": ""杭氧"", ""distance_raw"": ""1473""}]",杭州市下城区绍兴路183号
6448894,金谷A区,杭州,18,富阳区,16786,鹿山新区,25395,杭州富阳区鹿山新区江滨西大道与依江路交叉口,,,,,,50000m²,1730000m²,[],,,1996-07-08,,1996年,1997年,[],洋房,,40年,2.6,,626,带装修,,商业,世茂服务,,,,,售罄,售罄,售罄,"[""富售许字(2017)第047号""]",[],中铁建,,,商电,商水,30.012546,119.949303,"{""service_num"": ""4006708287"", ""num"": """"}","{""29"": ""装修交付"", ""70"": ""银行""}","[""装修交付"", ""银行""]",https://pic4.ajkimg.com/display/xinfang/83be6eb6a9a22260f734f127c93296d1/275x206n.jpg,[],富阳区鹿山街道江滨西大道与依江路交叉口（富春三馆旁）
2121235,万乐居阁,杭州,18,临安区,16784,锦城,25401,杭州临安区锦城新民路与横潭路交会处（晨曦小学旁）,,66元/㎡,63元/㎡,首付67万，月供16230元,190-293㎡,26006m²,51547.2m²,"[{""id"": 875940, ""rooms"": 4, ""room_alias"": ""四室"", ""area"": 190}, {""id"": 875941, ""rooms"": 4, ""room_alias"": ""四室"", ""area"": 240}, {""id"": 875942, ""rooms"": 4, ""room_alias"": ""四室"", ""area"": 293}, {""id"": 875943, ""rooms"": 5, ""room_alias"": ""五室"", ""area"": 240}, {""id"": 875944, ""rooms"": 5, ""room_alias"": ""五室"", ""area"": 293}]",别墅,别墅户型,1996-05-24,2026年02月中旬,1996年,1997年,"[""2026-02-06"", ""2025-08-19"", ""2025-07-23""]",{联排别墅},联排别墅,70年,1.02,25%,109,,在建中，竣工时间：暂无数据,别墅,金地智慧服务,,人车分流,233,,售罄,售罄,售罄,"[""临安房预许字（2026）第00087号"", ""临安房预许字（2025）第00347号"", ""临安房预许字（2025）第00316号""]","[""3#"", ""1#"", ""2#""]",美的置业,越秀地产,,民电,民水,30.240959,119.713214,"{""service_num"": ""4006708287"", ""num"": ""36216""}","{""9"": ""轨交房"", ""76"": ""厨卫全明"", ""74"": ""南北通透"", ""73"": ""卧室全朝南"", ""7"": ""项目在建"", ""276"": ""一房一价"", ""72"": ""配套纯熟"", ""70"": ""银行"", ""69"": ""学校"", ""68"": ""医院"", ""67"": ""生态绿地"", ""66"": ""公园"", ""65"": ""商业街"", ""64"": ""购物中心"", ""78"": ""大户型"", ""402"": ""玄关入户"", ""401"": ""户型方正"", ""397"": ""动静分离"", ""91"": ""热评楼盘"", ""637"": ""公办中学"", ""636"": ""公办小学"", ""598"": ""民办幼儿园"", ""597"": ""公办幼儿园"", ""541"": ""3D沙盘"", ""540"": ""日照模拟"", ""263"": ""VR看房"", ""55"": ""小型社区"", ""50"": ""品牌开发商""}","[""轨交房"", ""厨卫全明"", ""南北通透"", ""卧室全朝南"", ""项目在建""]",https://pic4.ajkimg.com/display/xinfang/a457c13f7c8a7fb69c9bdb4b6afacbab/275x206n.jpg,"[{""id"": ""7308957"", ""loupan_id"": ""531144"", ""station_id"": ""10687"", ""subway_id"": ""1032"", ""city_id"": ""18"", ""distance"": ""929米"", ""status"": ""1"", ""last_update_time"": ""1774211227"", ""is_rail_loupan"": ""1"", ""subway_name"": ""16号线"", ""station_name"": ""临安广场"", ""distance_raw"": ""929""}]",杭州市临安区万马路与城中街交叉口（人民广场一楼）
2668174,滨江银河公寓,杭州,18,桐庐县,17459,桐庐,17460,杭州桐庐县桐庐桐君街道新市路1号,,,,,139-209㎡,41123m²,164515m²,"[{""id"": 34916, ""rooms"": 3, ""room_alias"": ""三室"", ""area"": 139.34}, {""id"": 34918, ""rooms"": 3, ""room_alias"": ""三室"", ""area"": 139.34}, {""id"": 34912, ""rooms"": 3, ""room_alias"": ""三室"", ""area"": 159.26}, {""id"": 34914, ""rooms"": 4, ""room_alias"": ""四室"", ""area"": 178.78}, {""id"": 34911, ""rooms"": 4, ""room_alias"": ""四室"", ""area"": 181}, {""id"": 34915, ""rooms"": 4, ""room_alias"": ""四室"", ""area"": 181}, {""id"": 34917, ""rooms"": 4, ""room_alias"": ""四室"", ""area"": 181}, {""id"": 34913, ""rooms"": 4, ""room_alias"": ""四室"", ""area"": 208.56}]",3/4室,"3室户型,4室户型",1996-08-27,,1996年,1997年,[],{高层},高层,,746,6%,746,毛坯,,住宅,绿城服务,,,,,售罄,售罄,售罄,[],[],恒大,,峰华控股集团桐庐置业有限公司,民电,民水,29.818048,119.694839,"""""","{""57"": ""人车分流"", ""72"": ""配套纯熟"", ""71"": ""便利店"", ""70"": ""银行"", ""69"": ""学校"", ""68"": ""医院"", ""66"": ""公园"", ""65"": ""商业街"", ""64"": ""购物中心"", ""78"": ""大户型"", ""637"": ""公办中学"", ""636"": ""公办小学""}","[""人车分流"", ""配套纯熟"", ""便利店"", ""银行"", ""学校""]",https://pic4.ajkimg.com/display/xinfang/c6a49251c832e7b3f2ab31f8feea6d32/275x206n.jpg,[],桐庐县桐君街道滨江路1111号
6905685,世府,杭州,18,西湖区,1804,三墩,1876,杭州西湖区三墩庄墩路与金汇南路交叉口,,,,,89-139㎡,34172m²,130000m²,"[{""id"": 210502, ""rooms"": 3, ""room_alias"": ""三室"", ""area"": 89}, {""id"": 210505, ""rooms"": 3, ""room_alias"": ""三室"", ""area"": 89}, {""id"": 210616, ""rooms"": 4, ""room_alias"": ""四室"", ""area"": 119}, {""id"": 210618, ""rooms"": 4, ""room_alias"": ""四室"", ""area"": 119}, {""id"": 210621, ""rooms"": 4, ""room_alias"": ""四室"", ""area"": 139}]",3/4室,"3室户型,4室户型",1996-04-10,,1996年,1997年,[],超高层,高层,70年,2.8,30%,878,毛坯,,住宅,龙湖智慧服务,2.1元/㎡/月,,995,1:1.13,售罄,售罄,售罄,"[""杭售许字(2016)第000119号""]",[],建发,,龙湖集团,民电,民水,30.33206,120.087582,"""""","{""57"": ""人车分流"", ""56"": ""车位充足"", ""9"": ""轨交房"", ""69"": ""学校"", ""78"": ""大户型"", ""637"": ""公办中学"", ""636"": ""公办小学"", ""635"": ""民办小学"", ""624"": ""九年一贯制"", ""606"": ""省一级园"", ""603"": ""二级园"", ""598"": ""民办幼儿园"", ""597"": ""公办幼儿园""}","[""人车分流"", ""车位充足"", ""轨交房"", ""学校"", ""大户型""]",https://pic4.ajkimg.com/display/xinfang/a28e47edaff3721f944f772d370bc200/275x206n.jpg,"[{""id"": ""7214552"", ""loupan_id"": ""414228"", ""station_id"": ""4813"", ""subway_id"": ""41"", ""city_id"": ""18"", ""distance"": ""1114米"", ""status"": ""1"", ""last_update_time"": ""1774211229"", ""is_rail_loupan"": ""1"", ""subway_name"": ""2号线"", ""station_name"": ""白洋"", ""distance_raw"": ""1114""}]",杭州西湖区庄墩路与金汇南路交叉口
4886011,恒紫金华庭,杭州,18,建德市,17457,建德,17458,杭州建德市建德建德更楼街道办事处东侧,,,,,87-127㎡,32000m²,120000m²,"[{""id"": 401072, ""rooms"": 2, ""room_alias"": ""二室"", ""area"": 87.4}, {""id"": 401070, ""rooms"": 3, ""room_alias"": ""三室"", ""area"": 103}, {""id"": 401073, ""rooms"": 3, ""room_alias"": ""三室"", ""area"": 115}, {""id"": 401071, ""rooms"": 3, ""room_alias"": ""三室"", ""area"": 126.7}]",2/3室,"2室户型,3室户型",1996-06-07,,1996年,1997年,[],"{多层,小高层}",多层、小高层,70年,1.69,30%,1100,毛坯,,住宅,万科物业,1.5元/㎡/月,,734,1.5:1,售罄,售罄,售罄,"[""建售许字(2018)第005号"", ""建售许字(2016)第014号"", ""建售许字(2015)第022号""]",[],龙湖,,,民电,民水,29.428799,119.283649,"""""","{""52"": ""低容积"", ""74"": ""南北通透"", ""71"": ""便利店"", ""70"": ""银行"", ""78"": ""大户型"", ""636"": ""公办小学""}","[""低容积"", ""南北通透"", ""便利店"", ""银行"", ""大户型""]",https://pic4.ajkimg.com/display/xinfang/1be93690591697ce789e3c4f2947c39c/275x206n.jpg,[],建德更楼街道办事处东侧
3528802,群升阳光美景,杭州,18,西湖区,1804,之江,24206,杭州西湖区之江碧波路江涵路口,,,,,48-77㎡,76463m²,271674m²,"[{""id"": 295338, ""rooms"": 1, ""room_alias"": ""一室"", ""area"": 48}, {""id"": 295340, ""rooms"": 3, ""room_alias"": ""三室"", ""area"": 77}]",1/3室,商业户型,1996-04-07,2022年06月,1996年,1997年,"[""2019-04-23""]",超高层,高层,40年,1.5,30%,1500,带装修,,商业,招商积余,4元/㎡/月,,1900,1:1.3,售罄,售罄,售罄,"[""杭售许字(2019)第005003号""]","[""5#、6#、7#、8#、9#""]",新城控股,群升集团,,商电,商水,30.16858,120.097434,"""""","{""77"": ""复式"", ""56"": ""车位充足"", ""29"": ""装修交付"", ""9"": ""轨交房"", ""74"": ""南北通透"", ""10"": ""多轨交"", ""70"": ""银行"", ""223"": ""中心商务区"", ""213"": ""地铁沿线"", ""50"": ""品牌开发商""}","[""复式"", ""车位充足"", ""装修交付"", ""轨交房"", ""南北通透""]",https://pic4.ajkimg.com/display/xinfang/15bc25cb29123827256cc32904d6593d/275x206n.jpg,"[{""id"": ""7254137"", ""loupan_id"": ""432432"", ""station_id"": ""120860"", ""subway_id"": ""143"", ""city_id"": ""18"", ""distance"": ""376米"", ""status"": ""1"", ""last_update_time"": ""1774211226"", ""is_rail_loupan"": ""1"", ""subway_name"": ""6号线"", ""station_name"": ""枫桦西路站"", ""distance_raw"": ""376""}, {""id"": ""7254138"", ""loupan_id"": ""432432"", ""station_id"": ""120859"", ""subway_id"": ""143"", ""city_id"": ""18"", ""distance"": ""1121米"", ""status"": ""1"", ""last_update_time"": ""1774211226"", ""is_rail_loupan"": ""1"", ""subway_name"": ""6号线"", ""station_name"": ""之江文化中心站"", ""distance_raw"": ""1121""}, {""id"": ""7267194"", ""loupan_id"": ""432432"", ""station_id"": ""122110"", ""subway_id"": ""12109"", ""city_id"": ""18"", ""distance"": ""1418米"", ""status"": ""1"", ""last_update_time"": ""1774211227"", ""is_rail_loupan"": ""1"", ""subway_name"": ""12号线"", ""station_name"": ""丽景路站"", ""distance_raw"": ""1418""}]",杭州市西湖区之江碧波路江涵路口群升万国天地售楼中心
2461546,恒堂B区,杭州,18,西湖区,1804,之江,24206,杭州西湖区之江之江国家旅游度假区枫桦东路与梧桐路交叉口,,5200元/㎡,5200元/㎡,首付12万，月供3030元,22-128㎡,97045m²,233623m²,"[{""id"": 260799, ""rooms"": 2, ""room_alias"": ""二室"", ""area"": 22}]",,商业户型,1996-03-16,2018年12月18日,1996年,1997年,[],别墅,,40年,,35%,2980,带装修,,标准写字楼,华润万象生活,3.8元/㎡/月,,1868,1:0.6,售罄,售罄,售罄,[],[],金地,,,商电,商水,30.164873,120.134375,"{""service_num"": ""4006708287"", ""num"": ""72612""}","{""559"": ""现房"", ""29"": ""装修交付"", ""76"": ""厨卫全明"", ""74"": ""南北通透"", ""73"": ""卧室全朝南"", ""4"": ""低总价"", ""402"": ""玄关入户"", ""401"": ""户型方正"", ""397"": ""动静分离"", ""85"": ""主卧套房"", ""82"": ""双卫生间"", ""263"": ""VR看房"", ""223"": ""中心商务区"", ""222"": ""5A写字楼"", ""54"": ""大型社区""}","[""现房"", ""装修交付"", ""厨卫全明"", ""南北通透"", ""卧室全朝南""]",https://pic4.ajkimg.com/display/xinfang/5d361cd0f692af90db4b0e2b25c82235/275x206n.jpg,[],之江国家旅游度假区枫桦东路与梧桐路交叉口
2940093,宏翠竹洲,杭州,18,桐庐县,17459,桐庐,17460,杭州桐庐县桐庐梅林路与阆苑路交叉口,,,,,98-170㎡,住宅：35000m² 别墅：35000m²,住宅：100000m² 别墅：100000m²,"[{""id"": 461818, ""rooms"": 3, ""room_alias"": ""三室"", ""area"": 98}, {""id"": 461816, ""rooms"": 3, ""room_alias"": ""三室"", ""area"": 110}, {""id"": 461878, ""rooms"": 3, ""room_alias"": ""三室"", ""area"": 135}, {""id"": 461815, ""rooms"": 4, ""room_alias"": ""四室"", ""area"": 120}, {""id"": 461814, ""rooms"": 4, ""room_alias"": ""四室"", ""area"": 129}, {""id"": 461852, ""rooms"": 4, ""room_alias"": ""四室"", ""area"": 161}, {""id"": 461869, ""rooms"": 4, ""room_alias"": ""四室"", ""area"": 161}, {""id"": 461831, ""rooms"": 4, ""room_alias"": ""四室"", ""area"": 167}, {""id"": 461826, ""rooms"": 4, ""room_alias"": ""四室"", ""area"": 170}, {""id"": 461833, ""rooms"": 4, ""room_alias"": ""四室"", ""area"": 170}]",3/4室、别墅,"3室户型,4室户型,别墅户型",1996-10-14,,1996年,1997年,"[""2019-11-01"", ""2019-05-15"", ""2019-05-15"", ""2019-05-15"", ""2019-05-15"", ""2019-05-15"", ""2019-08-23""]","{联排别墅,叠加别墅,高层}",住宅：高层 别墅：联排别墅、叠加别墅,住宅：70年 别墅：70年,住宅：2 别墅：2,住宅：30% 别墅：30%,住宅：558 别墅：558,住宅：毛坯 别墅：毛坯,,住宅,绿城服务,住宅：2.5元/㎡/月 别墅：4.2元/㎡/月,,住宅：550 别墅：550,住宅：1:1 别墅：1:1,售罄,售罄,售罄,"[""桐售许字（2019）第01030号"", ""桐售许字（2019）第00122"", ""桐售许字（2019）第00119"", ""桐售许字（2019）第00120号"", ""桐售许字（2019）第00121号"", ""桐售许字（2019）第00294号"", ""桐售许字（2019）第00693号""]","[""19#"", ""8#、11#"", ""18#"", ""7#"", ""3#、5#、15#"", ""17#"", ""21#""]",金地,,华鸿嘉信+中南置地,住宅：民电,住宅：民水,29.822856,119.696053,"{""service_num"": ""4006708287"", ""num"": """"}","{""81"": ""大阳台"", ""76"": ""厨卫全明"", ""74"": ""南北通透"", ""72"": ""配套纯熟"", ""71"": ""便利店"", ""69"": ""学校"", ""66"": ""公园"", ""65"": ""商业街"", ""78"": ""大户型"", ""402"": ""玄关入户"", ""401"": ""户型方正"", ""85"": ""主卧套房"", ""82"": ""双卫生间"", ""637"": ""公办中学"", ""636"": ""公办小学"", ""624"": ""九年一贯制"", ""263"": ""VR看房""}","[""大阳台"", ""厨卫全明"", ""南北通透"", ""配套纯熟"", ""便利店""]",https://pic4.ajkimg.com/display/xinfang/4f5b27af464847dc2e954e9b8675dd36/275x206n.jpg,[],浙江省桐庐县梅林路与阆苑路交叉口华鸿中南壹号院
9433047,杭州幸福雅居,杭州,18,临安区,16784,滨湖新城,25398,杭州临安区滨湖新城科技大道3608号,,,,,119-135㎡,住宅：61154m² 别墅：61154m²,住宅：71131.95m² 别墅：71131.95m²,"[{""id"": 169057, ""rooms"": 3, ""room_alias"": ""三室"", ""area"": 119.36}, {""id"": 169058, ""rooms"": 3, ""room_alias"": ""三室"", ""area"": 120.11}, {""id"": 169056, ""rooms"": 3, ""room_alias"": ""三室"", ""area"": 134.88}]",3室、别墅,"3室户型,别墅户型",1996-10-28,,1996年,1997年,[],{花园洋房},住宅：花园洋房 别墅：合院别墅,住宅：70年 别墅：70年,,住宅：30% 别墅：30%,,住宅：毛坯 别墅：毛坯,,住宅,新城悦服务,,,住宅：1332 别墅：1332,,售罄,售罄,售罄,[],[],招商蛇口,,,住宅：民电,住宅：民水,30.260005,119.8113,"""""","{""66"": ""公园"", ""78"": ""大户型"", ""637"": ""公办中学"", ""598"": ""民办幼儿园""}","[""公园"", ""大户型"", ""公办中学"", ""民办幼儿园""]",https://pic4.ajkimg.com/display/xinfang/8d895ec67efdbfefec7fd63fea0b651b/275x206n.jpg,[],杭州市临安区科技大道3608号
2160999,宏庭A区,杭州,18,桐庐县,17459,桐庐,17460,杭州桐庐县桐庐富春江镇七里泷大街与红旗路交叉口,,1405元/㎡,1405元/㎡,首付17万，月供4184元,105-123㎡,22341m²,56406.6m²,"[{""id"": 748155, ""rooms"": 3, ""room_alias"": ""三室"", ""area"": 105}, {""id"": 748156, ""rooms"": 3, ""room_alias"": ""三室"", ""area"": 105}, {""id"": 748159, ""rooms"": 3, ""room_alias"": ""三室"", ""area"": 105}, {""id"": 748152, ""rooms"": 3, ""room_alias"": ""三室"", ""area"": 107}, {""id"": 748146, ""rooms"": 3, ""room_alias"": ""三室"", ""area"": 120}, {""id"": 748149, ""rooms"": 3, ""room_alias"": ""三室"", ""area"": 123}]",3室,3室户型,1996-12-04,2023年02月25日,1996年,1997年,"[""2023-02-14"", ""2021-12-10""]",{小高层},小高层,70年,2.1,30%,400,毛坯,已竣工，竣工时间：2023-12-30,住宅,旭辉永升,2.2元/㎡/月,,312,1:0.78,售罄,售罄,售罄,"[""桐售许字（2023）第ZJ00050号"", ""桐售许字（2021）第ZJ02468号""]","[""7#、6#"", ""1#、2#、3#、4#、5#""]",龙湖,,桐庐县金枝房地产开发有限公司,民电,民水,29.708094,119.635701,"""""","{""559"": ""现房"", ""557"": ""项目竣工"", ""81"": ""大阳台"", ""76"": ""厨卫全明"", ""74"": ""南北通透"", ""73"": ""卧室全朝南"", ""70"": ""银行"", ""69"": ""学校"", ""78"": ""大户型"", ""404"": ""客餐厅相连"", ""402"": ""玄关入户"", ""401"": ""户型方正"", ""397"": ""动静分离"", ""85"": ""主卧套房"", ""83"": ""双阳台"", ""636"": ""公办小学"", ""541"": ""3D沙盘"", ""263"": ""VR看房""}","[""现房"", ""项目竣工"", ""大阳台"", ""厨卫全明"", ""南北通透""]",https://pic4.ajkimg.com/display/xinfang/dec97ffadbf18afed7321d6eaaa0f35c/275x206n.jpg,[],桐庐县富春江镇七里泷大姐与红旗路交叉口
6563166,绿半岛府,杭州,18,下城,1805,华丰,4582,杭州下城华丰华中路与康宁路交岔口,,,,,78-131㎡,34m²,97m²,"[{""id"": 29937, ""rooms"": 2, ""room_alias"": ""二室"", ""area"": 78}, {""id"": 29922, ""rooms"": 2, ""room_alias"": ""二室"", ""area"": 80}, {""id"": 29936, ""rooms"": 2, ""room_alias"": ""二室"", ""area"": 83}, {""id"": 29923, ""rooms"": 2, ""room_alias"": ""二室"", ""area"": 87}, {""id"": 29935, ""rooms"": 2, ""room_alias"": ""二室"", ""area"": 89}, {""id"": 29926, ""rooms"": 3, ""room_alias"": ""三室"", ""area"": 112}, {""id"": 29924, ""rooms"": 3, ""room_alias"": ""三室"", ""area"": 130}, {""id"": 29939, ""rooms"": 3, ""room_alias"": ""三室"", ""area"": 130}, {""id"": 29927, ""rooms"": 3, ""room_alias"": ""三室"", ""area"": 131}]",2/3室,"2室户型,3室户型",1996-04-18,,1996年,1997年,[],高层,高层,70年,2,30%,667,毛坯,,住宅,华润万象生活,1.75元/㎡/月,,609,1:0.9,售罄,售罄,售罄,[],[],华润,,杭州万泰房地产开发有限公司,民电,民水,30.353444,120.225603,"""""","{""9"": ""轨交房"", ""10"": ""多轨交"", ""72"": ""配套纯熟"", ""71"": ""便利店"", ""70"": ""银行"", ""69"": ""学校"", ""68"": ""医院"", ""67"": ""生态绿地"", ""66"": ""公园"", ""65"": ""商业街"", ""64"": ""购物中心"", ""78"": ""大户型"", ""637"": ""公办中学"", ""636"": ""公办小学"", ""624"": ""九年一贯制"", ""606"": ""省一级园"", ""598"": ""民办幼儿园"", ""597"": ""公办幼儿园""}","[""轨交房"", ""多轨交"", ""配套纯熟"", ""便利店"", ""银行""]",https://pic4.ajkimg.com/display/xinfang/6febbf5925888f14a1ede7c0b8f6acc0/275x206n.jpg,"[{""id"": ""7326218"", ""loupan_id"": ""238722"", ""station_id"": ""10201"", ""subway_id"": ""1010"", ""city_id"": ""18"", ""distance"": ""641米"", ""status"": ""1"", ""last_update_time"": ""1774211226"", ""is_rail_loupan"": ""1"", ""subway_name"": ""3号线"", ""station_name"": ""华丰路"", ""distance_raw"": ""641""}, {""id"": ""7213052"", ""loupan_id"": ""238722"", ""station_id"": ""120449"", ""subway_id"": ""42"", ""city_id"": ""18"", ""distance"": ""1434米"", ""status"": ""1"", ""last_update_time"": ""1774211231"", ""is_rail_loupan"": ""1"", ""subway_name"": ""4号线"", ""station_name"": ""华中南路"", ""distance_raw"": ""1434""}]",下城区环城北路85号
8473997,中南龙湖美景,杭州,18,滨江区,1806,长河,1917,杭州滨江区长河沿时代大道，南至天马路,,,,,68-121㎡,98182m²,287196m²,"[{""id"": 122250, ""rooms"": 2, ""room_alias"": ""二室"", ""area"": 68}, {""id"": 113032, ""rooms"": 3, ""room_alias"": ""三室"", ""area"": 89}, {""id"": 113033, ""rooms"": 3, ""room_alias"": ""三室"", ""area"": 89}, {""id"": 170501, ""rooms"": 3, ""room_alias"": ""三室"", ""area"": 89}, {""id"": 170502, ""rooms"": 3, ""room_alias"": ""三室"", ""area"": 89}, {""id"": 170503, ""rooms"": 3, ""room_alias"": ""三室"", ""area"": 89}, {""id"": 170504, ""rooms"": 3, ""room_alias"": ""三室"", ""area"": 89}, {""id"": 113031, ""rooms"": 4, ""room_alias"": ""四室"", ""area"": 79}, {""id"": 113034, ""rooms"": 4, ""room_alias"": ""四室"", ""area"": 119}, {""id"": 170496, ""rooms"": 4, ""room_alias"": ""四室"", ""area"": 121}, {""id"": 170498, ""rooms"": 4, ""room_alias"": ""四室"", ""area"": 121}]",2/3/4室,"2室户型,3室户型,4室户型",1996-07-10,,1996年,1997年,[],{},,,,30%,1928,毛坯,,住宅,融创服务,,,1970,1:1,售罄,售罄,售罄,"[""杭售许字(2016)第004015号"", ""杭售许字(2016)第004011号"", ""杭售许字(2016)第004007号"", ""杭售许字(2016)第004005号"", ""杭售许字(2015)第004031号"", ""杭售许字(2015)第004029号"", ""杭售许字(2015)第004020号"", ""杭售许字(2015)第004017号"", ""杭售许字(2015)第004016号"", ""杭售许字(2015)第004008号"", ""杭售许字(2015)第004009号""]",[],融创,,,民电,民水,30.141299,120.198128,"{""service_num"": ""4006708287"", ""num"": """"}","{""9"": ""轨交房"", ""70"": ""银行"", ""69"": ""学校"", ""68"": ""医院"", ""79"": ""小户型"", ""78"": ""大户型"", ""638"": ""民办中学"", ""637"": ""公办中学"", ""636"": ""公办小学"", ""624"": ""九年一贯制"", ""606"": ""省一级园"", ""598"": ""民办幼儿园"", ""597"": ""公办幼儿园"", ""54"": ""大型社区""}","[""轨交房"", ""银行"", ""学校"", ""医院"", ""小户型""]",https://pic4.ajkimg.com/display/xinfang/4aac125b92438e19904a49e7ce66d0dd/275x206n.jpg,"[{""id"": ""7267147"", ""loupan_id"": ""252742"", ""station_id"": ""122160"", ""subway_id"": ""12111"", ""city_id"": ""18"", ""distance"": ""950米"", ""status"": ""1"", ""last_update_time"": ""1774211230"", ""is_rail_loupan"": ""1"", ""subway_name"": ""18号线"", ""station_name"": ""湘滨路站"", ""distance_raw"": ""950""}]",滨江区时代大道与天马路交叉口
7130575,恒庄,杭州,18,滨江区,1806,浦沿,1914,杭州滨江区浦沿新浦路和滨文路口(华润超市西侧),,,,,89-138㎡,住宅：53860m² 别墅：53860m²,住宅：170000m² 别墅：170000m²,"[{""id"": 17137, ""rooms"": 2, ""room_alias"": ""二室"", ""area"": 88.88}, {""id"": 17136, ""rooms"": 2, ""room_alias"": ""二室"", ""area"": 88.93}, {""id"": 17134, ""rooms"": 3, ""room_alias"": ""三室"", ""area"": 131.7}, {""id"": 17133, ""rooms"": 3, ""room_alias"": ""三室"", ""area"": 137.55}, {""id"": 17135, ""rooms"": 4, ""room_alias"": ""四室"", ""area"": 136.08}]",2/3/4室,"2室户型,3室户型,4室户型",1996-06-12,,1996年,1997年,[],多层,住宅：小高层、高层,住宅：70年 别墅：70年,住宅：2.27,住宅：30% 别墅：30%,住宅：1132 别墅：1132,住宅：毛坯 别墅：毛坯,,住宅,金地智慧服务,住宅：1.2元/㎡/月,,住宅：780 别墅：780,,售罄,售罄,售罄,[],[],路劲,,杭州市房地产开发集团有限公司,住宅：民电,住宅：民水,30.168466,120.150546,"{""service_num"": ""4006708287"", ""num"": """"}","{""72"": ""配套纯熟"", ""70"": ""银行"", ""69"": ""学校"", ""68"": ""医院"", ""66"": ""公园"", ""65"": ""商业街"", ""64"": ""购物中心"", ""78"": ""大户型"", ""638"": ""民办中学"", ""637"": ""公办中学"", ""636"": ""公办小学"", ""624"": ""九年一贯制"", ""606"": ""省一级园"", ""598"": ""民办幼儿园"", ""597"": ""公办幼儿园""}","[""配套纯熟"", ""银行"", ""学校"", ""医院"", ""公园""]",https://pic4.ajkimg.com/display/xinfang/bbf6f8c6dc6d57073708f068001862ea/275x206n.jpg,[],江南文苑位于滨江区新浦路和滨文路口((项目现场)
1841911,天绿洲雅苑,杭州,18,拱墅区,1801,桃源,4578,杭州拱墅区桃源桃源街与景莘街交叉口,,4779元/㎡,4779元/㎡,首付46万，月供11108元,104-140㎡,40548m²,107688m²,"[{""id"": 845915, ""rooms"": 3, ""room_alias"": ""三室"", ""area"": 104}, {""id"": 845914, ""rooms"": 4, ""room_alias"": ""四室"", ""area"": 121}, {""id"": 845913, ""rooms"": 4, ""room_alias"": ""四室"", ""area"": 129}, {""id"": 845911, ""rooms"": 4, ""room_alias"": ""四室"", ""area"": 140}]",3/4室,"3室户型,4室户型",1996-06-06,2025年06月20日,1996年,1997年,"[""2025-06-13"", ""2025-04-18"", ""2025-05-09"", ""2024-12-12"", ""2024-11-15"", ""2024-10-18"", ""2024-09-30"", ""2024-09-18""]",{高层},高层,70年,2.7,35%,883,带装修,在建中，竣工时间：暂无数据,住宅,新城悦服务,4.6元/㎡/月,,948,1:1.07,售罄,售罄,售罄,"[""杭房预许字(2025)第00249号"", ""杭房预许字（2025）第00156号"", ""杭房预许字（2025）第00181号"", ""杭房预许字（2024）第00554号"", ""杭房预许字（2024）第00511号"", ""杭房预许字(2024)第00469号"", ""杭房预许字（2024）第00439号"", ""杭房预许字（2024）第00410号""]","[""6#"", ""3#"", ""5#"", ""1#、8#"", ""2#、4#"", ""10#"", ""9#"", ""11#、7#""]",禹洲,建发房产,,民电,民水,30.346295,120.184028,"{""service_num"": ""4006708287"", ""num"": ""107556""}","{""56"": ""车位充足"", ""29"": ""装修交付"", ""9"": ""轨交房"", ""76"": ""厨卫全明"", ""74"": ""南北通透"", ""73"": ""卧室全朝南"", ""7"": ""项目在建"", ""276"": ""一房一价"", ""72"": ""配套纯熟"", ""70"": ""银行"", ""69"": ""学校"", ""68"": ""医院"", ""66"": ""公园"", ""65"": ""商业街"", ""64"": ""购物中心"", ""78"": ""大户型"", ""402"": ""玄关入户"", ""401"": ""户型方正"", ""397"": ""动静分离"", ""86"": ""全景飘窗"", ""85"": ""主卧套房"", ""82"": ""双卫生间"", ""637"": ""公办中学"", ""636"": ""公办小学"", ""624"": ""九年一贯制"", ""606"": ""省一级园"", ""598"": ""民办幼儿园"", ""597"": ""公办幼儿园"", ""541"": ""3D沙盘"", ""540"": ""日照模拟"", ""421"": ""无需摇号"", ""263"": ""VR看房"", ""50"": ""品牌开发商""}","[""车位充足"", ""装修交付"", ""轨交房"", ""厨卫全明"", ""南北通透""]",https://pic4.ajkimg.com/display/xinfang/0a620e914e94c7ca7c7d4e6eb9b67f16/275x206n.jpg,"[{""id"": ""7291011"", ""loupan_id"": ""526072"", ""station_id"": ""120448"", ""subway_id"": ""42"", ""city_id"": ""18"", ""distance"": ""93米"", ""status"": ""1"", ""last_update_time"": ""1774211231"", ""is_rail_loupan"": ""1"", ""subway_name"": ""4号线"", ""station_name"": ""吴家角港"", ""distance_raw"": ""93""}, {""id"": ""7291012"", ""loupan_id"": ""526072"", ""station_id"": ""120451"", ""subway_id"": ""42"", ""city_id"": ""18"", ""distance"": ""1295米"", ""status"": ""1"", ""last_update_time"": ""1774211231"", ""is_rail_loupan"": ""1"", ""subway_name"": ""4号线"", ""station_name"": ""独城生态公园"", ""distance_raw"": ""1295""}]",杭州市拱墅区桃源街与景莘街交叉口
5255625,璞云中央舍,杭州,18,临平区,24198,东湖,24199,杭州临平区东湖临平大道与东湖路交叉口,,,,,88-133㎡,32100m²,233000m²,"[{""id"": 649634, ""rooms"": 3, ""room_alias"": ""三室"", ""area"": 88}, {""id"": 418057, ""rooms"": 3, ""room_alias"": ""三室"", ""area"": 89}, {""id"": 418058, ""rooms"": 3, ""room_alias"": ""三室"", ""area"": 89}, {""id"": 418059, ""rooms"": 3, ""room_alias"": ""三室"", ""area"": 89}, {""id"": 626478, ""rooms"": 4, ""room_alias"": ""四室"", ""area"": 133}]",3/4室,"3室户型,4室户型",1996-01-19,2021年04月,1996年,1997年,"[""2020-12-19"", ""2021-04-22"", ""2021-01-30"", ""2020-10-16"", ""2020-06-17"", ""2020-05-19""]",{高层},高层,70年,3.7,30%,1134,带装修,在建中，竣工时间：2023-09-01,住宅,世茂服务,,,1276,1:1.12,售罄,售罄,售罄,"[""余售许字（2020）第ZJ00115号"", ""余售许字（2021）第ZJ00371号"", ""余售许字（2021）第ZJ00091号"", ""余售许字（2020）第01343号"", ""余售许字（2020）第00600号"", ""余售许字（2020）第00413号""]","[""9#"", ""5#"", ""8#"", ""6#、7#"", ""2#"", ""1#、3#""]",恒大,万科集团,杭州富云置业有限公司,民电,民水,30.433961,120.322337,"""""","{""56"": ""车位充足"", ""29"": ""装修交付"", ""76"": ""厨卫全明"", ""75"": ""三房朝南"", ""74"": ""南北通透"", ""73"": ""卧室全朝南"", ""7"": ""项目在建"", ""69"": ""学校"", ""68"": ""医院"", ""67"": ""生态绿地"", ""78"": ""大户型"", ""402"": ""玄关入户"", ""401"": ""户型方正"", ""397"": ""动静分离"", ""85"": ""主卧套房"", ""637"": ""公办中学"", ""636"": ""公办小学"", ""606"": ""省一级园"", ""598"": ""民办幼儿园"", ""597"": ""公办幼儿园"", ""263"": ""VR看房"", ""50"": ""品牌开发商""}","[""车位充足"", ""装修交付"", ""厨卫全明"", ""三房朝南"", ""南北通透""]",https://pic4.ajkimg.com/display/xinfang/2d80188735404c6720420da0c398bad4/275x206n.jpg,[],杭州市临平区临平大道与东湖北路交汇处
2936821,万城一期,杭州,18,萧山区,1807,临浦,5139,杭州萧山区临浦义桥镇油虎线和三汇路交叉口,,,,,36-82㎡,22600m²,56000m²,"[{""id"": 112497, ""rooms"": 2, ""room_alias"": ""二室"", ""area"": 36}, {""id"": 112498, ""rooms"": 2, ""room_alias"": ""二室"", ""area"": 53}, {""id"": 112499, ""rooms"": 2, ""room_alias"": ""二室"", ""area"": 53}, {""id"": 112495, ""rooms"": 2, ""room_alias"": ""二室"", ""area"": 70}, {""id"": 112496, ""rooms"": 3, ""room_alias"": ""三室"", ""area"": 53}, {""id"": 112500, ""rooms"": 4, ""room_alias"": ""四室"", ""area"": 82}]",2/3/4室,商业户型,1996-04-28,,1996年,1997年,[],多层,小高层,40年,2.29,30%,,毛坯,,商业,旭辉永升,,,500,1:1,售罄,售罄,售罄,[],[],融创,,,商电,商水,30.091193,120.19694,"""""","{""43"": ""loft"", ""72"": ""配套纯熟"", ""71"": ""便利店"", ""70"": ""银行"", ""68"": ""医院"", ""66"": ""公园"", ""65"": ""商业街"", ""64"": ""购物中心""}","[""loft"", ""配套纯熟"", ""便利店"", ""银行"", ""医院""]",https://pic4.ajkimg.com/display/xinfang/8a76d1715b18a6109d0059f1cf0e6b09/275x206n.jpg,[],义桥镇油虎线和三汇路交叉口
6829164,翠月亮坊,杭州,18,滨江区,1806,长河,1917,杭州滨江区长河滨文路与江虹路交界处,,,,,89-139㎡,30m²,87m²,"[{""id"": 16773, ""rooms"": 2, ""room_alias"": ""二室"", ""area"": 89}, {""id"": 16774, ""rooms"": 2, ""room_alias"": ""二室"", ""area"": 89}, {""id"": 16775, ""rooms"": 2, ""room_alias"": ""二室"", ""area"": 89}, {""id"": 16776, ""rooms"": 2, ""room_alias"": ""二室"", ""area"": 89}, {""id"": 52993, ""rooms"": 2, ""room_alias"": ""二室"", ""area"": 89}, {""id"": 52999, ""rooms"": 2, ""room_alias"": ""二室"", ""area"": 89}, {""id"": 53002, ""rooms"": 2, ""room_alias"": ""二室"", ""area"": 89}, {""id"": 53007, ""rooms"": 2, ""room_alias"": ""二室"", ""area"": 89}, {""id"": 53022, ""rooms"": 2, ""room_alias"": ""二室"", ""area"": 89}, {""id"": 53024, ""rooms"": 2, ""room_alias"": ""二室"", ""area"": 89}, {""id"": 53028, ""rooms"": 2, ""room_alias"": ""二室"", ""area"": 89}, {""id"": 53029, ""rooms"": 2, ""room_alias"": ""二室"", ""area"": 89}, {""id"": 53030, ""rooms"": 2, ""room_alias"": ""二室"", ""area"": 89}, {""id"": 53031, ""rooms"": 2, ""room_alias"": ""二室"", ""area"": 89}, {""id"": 53032, ""rooms"": 2, ""room_alias"": ""二室"", ""area"": 89}, {""id"": 53041, ""rooms"": 2, ""room_alias"": ""二室"", ""area"": 89}, {""id"": 53042, ""rooms"": 2, ""room_alias"": ""二室"", ""area"": 89}, {""id"": 53044, ""rooms"": 2, ""room_alias"": ""二室"", ""area"": 89}, {""id"": 53046, ""rooms"": 2, ""room_alias"": ""二室"", ""area"": 89}, {""id"": 53049, ""rooms"": 2, ""room_alias"": ""二室"", ""area"": 89}, {""id"": 53050, ""rooms"": 2, ""room_alias"": ""二室"", ""area"": 89}, {""id"": 53051, ""rooms"": 2, ""room_alias"": ""二室"", ""area"": 89}, {""id"": 53052, ""rooms"": 2, ""room_alias"": ""二室"", ""area"": 89}, {""id"": 52992, ""rooms"": 3, ""room_alias"": ""三室"", ""area"": 89}, {""id"": 52991, ""rooms"": 3, ""room_alias"": ""三室"", ""area"": 117}, {""id"": 53039, ""rooms"": 3, ""room_alias"": ""三室"", ""area"": 117}, {""id"": 53048, ""rooms"": 3, ""room_alias"": ""三室"", ""area"": 117}, {""id"": 53033, ""rooms"": 3, ""room_alias"": ""三室"", ""area"": 139}, {""id"": 53036, ""rooms"": 3, ""room_alias"": ""三室"", ""area"": 139}, {""id"": 53037, ""rooms"": 3, ""room_alias"": ""三室"", ""area"": 139}, {""id"": 53040, ""rooms"": 3, ""room_alias"": ""三室"", ""area"": 139}]",2/3室,"2室户型,3室户型",1996-07-17,,1996年,1997年,[],{高层},高层,70年,2.2,30%,625,毛坯,,住宅,合景悠活,1.3元/㎡/月,,419,,售罄,售罄,售罄,[],[],龙湖,,杭州市房地产开发集团有限公司,民电,民水,30.18935,120.205251,"{""service_num"": ""4006708287"", ""num"": """"}","{""72"": ""配套纯熟"", ""71"": ""便利店"", ""70"": ""银行"", ""69"": ""学校"", ""68"": ""医院"", ""66"": ""公园"", ""65"": ""商业街"", ""64"": ""购物中心"", ""78"": ""大户型"", ""637"": ""公办中学"", ""636"": ""公办小学"", ""624"": ""九年一贯制"", ""606"": ""省一级园"", ""598"": ""民办幼儿园"", ""597"": ""公办幼儿园""}","[""配套纯熟"", ""便利店"", ""银行"", ""学校"", ""医院""]",https://pic4.ajkimg.com/display/xinfang/27bd26ea11e53467104540a58cbfd11c/275x206n.jpg,[],滨文路与江虹路交界处
6121060,中南阳光佳苑,杭州,18,建德市,17457,建德,17458,"杭州建德市建德江滨路,近清江路",,,,,90-150㎡,47831m²,107718m²,"[{""id"": 288653, ""rooms"": 3, ""room_alias"": ""三室"", ""area"": 90}, {""id"": 288655, ""rooms"": 3, ""room_alias"": ""三室"", ""area"": 90}, {""id"": 288659, ""rooms"": 3, ""room_alias"": ""三室"", ""area"": 108}, {""id"": 288649, ""rooms"": 3, ""room_alias"": ""三室"", ""area"": 150}, {""id"": 288651, ""rooms"": 3, ""room_alias"": ""三室"", ""area"": 150}, {""id"": 288657, ""rooms"": 4, ""room_alias"": ""四室"", ""area"": 128}]",别墅、3/4室,"3室户型,4室户型,别墅户型",1996-01-13,,1996年,1997年,"[""2017-10-27""]",{叠加别墅},叠加别墅,70年,2.2,30%,876,"毛坯,带装修",,别墅,保利物业,2.8元/㎡/月,,1030,1:1.2,售罄,售罄,售罄,"[""建售许字(2017)第021号""]","[""3#、9#""]",佳兆业,,杭州锦易置业有限公司,民电,民水,29.461408,119.288466,"""""","{""56"": ""车位充足"", ""29"": ""装修交付"", ""72"": ""配套纯熟"", ""71"": ""便利店"", ""70"": ""银行"", ""69"": ""学校"", ""66"": ""公园"", ""78"": ""大户型"", ""636"": ""公办小学""}","[""车位充足"", ""装修交付"", ""配套纯熟"", ""便利店"", ""银行""]",https://pic4.ajkimg.com/display/xinfang/a3f0b8192ba2767a5d6048af89f13ead/275x206n.jpg,[],杭州建德市新安江街道浦发路与江滨大道交汇处
8693437,蓝庄三期,杭州,18,萧山区,1807,市北,25579,杭州萧山区市北金惠路与金山路交汇处,,7717元/㎡,7717元/㎡,首付146万，月供35273元,218-258㎡,住宅：36006m² 别墅：36006m²,住宅：112734.28m² 别墅：112734.28m²,"[{""id"": 869385, ""rooms"": 5, ""room_alias"": ""五室"", ""area"": 218}, {""id"": 878120, ""rooms"": 5, ""room_alias"": ""五室"", ""area"": 238}, {""id"": 869384, ""rooms"": 5, ""room_alias"": ""五室"", ""area"": 258}]",5室,5室户型,1996-10-01,2026年01月23日,1996年,1997年,"[""2026-01-16"", ""2025-12-04""]",{高层},住宅：高层 别墅：联排别墅,住宅：70年 别墅：70年,住宅：2 别墅：2,住宅：35% 别墅：35%,住宅：222 别墅：34,住宅：带装修 别墅：毛坯,在建中，竣工时间：2028-10-31,住宅,中海物业,,,住宅：644 别墅：644,住宅：1:2.5 别墅：1:2.5,售罄,售罄,售罄,"[""萧山房预许字（2026）第00034号"", ""萧山房预许字（2025）第00594号""]","[""14#"", ""11#、12#""]",禹洲,滨江集团,滨江集团，国泰集团,住宅：民电,住宅：民水,30.201329,120.239956,"{""service_num"": ""4006708287"", ""num"": ""26535""}","{""56"": ""车位充足"", ""29"": ""装修交付"", ""9"": ""轨交房"", ""76"": ""厨卫全明"", ""74"": ""南北通透"", ""73"": ""卧室全朝南"", ""7"": ""项目在建"", ""276"": ""一房一价"", ""72"": ""配套纯熟"", ""71"": ""便利店"", ""70"": ""银行"", ""69"": ""学校"", ""68"": ""医院"", ""66"": ""公园"", ""65"": ""商业街"", ""64"": ""购物中心"", ""78"": ""大户型"", ""401"": ""户型方正"", ""397"": ""动静分离"", ""85"": ""主卧套房"", ""638"": ""民办中学"", ""637"": ""公办中学"", ""636"": ""公办小学"", ""624"": ""九年一贯制"", ""606"": ""省一级园"", ""598"": ""民办幼儿园"", ""597"": ""公办幼儿园"", ""541"": ""3D沙盘"", ""540"": ""日照模拟"", ""421"": ""无需摇号"", ""263"": ""VR看房"", ""55"": ""小型社区"", ""50"": ""品牌开发商""}","[""车位充足"", ""装修交付"", ""轨交房"", ""厨卫全明"", ""南北通透""]",https://pic4.ajkimg.com/display/xinfang/b38227f2e36c9b5be765d0668c2ee13b/275x206n.jpg,"[{""id"": ""7304594"", ""loupan_id"": ""529709"", ""station_id"": ""4854"", ""subway_id"": ""142"", ""city_id"": ""18"", ""distance"": ""795米"", ""status"": ""1"", ""last_update_time"": ""1774211232"", ""is_rail_loupan"": ""1"", ""subway_name"": ""5号线"", ""station_name"": ""博奥路"", ""distance_raw"": ""795""}]",萧山区金惠路与金山路交汇处
4524442,盛红树坊,杭州,18,西湖区,1804,云谷,26074,杭州西湖区云谷荆长路与云西街交叉口东北侧,,,,,,44701m²,155662m²,[],,,1996-04-25,,1996年,1997年,[],{高层},高层,70年,2.2,35%,944,,,住宅,雅生活服务,,,,,售罄,售罄,售罄,[],[],碧桂园,,,民电,民水,30.342374,120.054926,"{""service_num"": ""4006708287"", ""num"": ""22744""}","{""745"": ""配售型保障房"", ""72"": ""配套纯熟"", ""70"": ""银行"", ""69"": ""学校"", ""66"": ""公园"", ""64"": ""购物中心"", ""636"": ""公办小学"", ""606"": ""省一级园"", ""598"": ""民办幼儿园"", ""597"": ""公办幼儿园"", ""541"": ""3D沙盘"", ""540"": ""日照模拟""}","[""配售型保障房"", ""配套纯熟"", ""银行"", ""学校"", ""公园""]",https://pic4.ajkimg.com/display/xinfang/3930b61c92008d9b3735f6ef1b9b7cb3/275x206n.jpg,[],
7525639,成龙玉兰汇,杭州,18,临安区,16784,锦城,25401,"杭州临安区锦城钱王街,近望湖路",,,,,143-362㎡,70000m²,77000m²,"[{""id"": 137775, ""rooms"": 3, ""room_alias"": ""三室"", ""area"": 143}, {""id"": 137777, ""rooms"": 3, ""room_alias"": ""三室"", ""area"": 143}, {""id"": 291899, ""rooms"": 4, ""room_alias"": ""四室"", ""area"": 362}]",3/4室,"3室户型,4室户型",1996-09-17,,1996年,1997年,"[""2019-01-11"", ""2019-08-05"", ""2019-08-05"", ""2019-08-05"", ""2019-08-05"", ""2019-01-11"", ""2019-01-11"", ""2019-01-11"", ""2018-12-07"", ""2018-12-07"", ""2018-12-07"", ""2018-12-07""]",洋房,联排别墅、双拼别墅,70年,1.1,31%,410,毛坯,,别墅,合景悠活,2.8元/㎡/月,,475,1:1.2,售罄,售罄,售罄,"[""临售许字（2019）第00023号"", ""临售许字（2019）第00611号"", ""临售许字（2019）第00610号"", ""临售许字（2019）第00612号"", ""临售许字（2019）第00609号"", ""临售许字(2015)第310号"", ""临售许字（2017）第00735号"", ""临售许字（2017）第00736号"", ""临售许字（2017）第00737号"", ""临售许字（2018）第00527号"", ""临售许字（2019）第00020号"", ""临售许字（2019）第00021号"", ""临售许字（2019）第00022号"", ""临售许字（2018）第00947号"", ""临售许字（2018）第00946号"", ""临售许字（2018）第00945号"", ""临售许字（2018）第00944号""]","[""B6#"", ""B5#"", ""B32#"", ""B33#"", ""20"", ""17"", ""22"", ""23""]",恒大,,成龙建设集团有限公司,民电,民水,30.23413,119.726797,"""""","{""56"": ""车位充足"", ""76"": ""厨卫全明"", ""74"": ""南北通透"", ""63"": ""旅游地产"", ""72"": ""配套纯熟"", ""70"": ""银行"", ""69"": ""学校"", ""68"": ""医院"", ""67"": ""生态绿地"", ""66"": ""公园"", ""78"": ""大户型"", ""402"": ""玄关入户"", ""85"": ""主卧套房"", ""83"": ""双阳台"", ""637"": ""公办中学"", ""636"": ""公办小学"", ""598"": ""民办幼儿园"", ""597"": ""公办幼儿园""}","[""车位充足"", ""厨卫全明"", ""南北通透"", ""旅游地产"", ""配套纯熟""]",https://pic4.ajkimg.com/display/xinfang/8042da20626df73bd6bfe4489f48efff/275x206n.jpg,[],临安市城中街和天目路交叉口(钱王文化广场底商)
3655304,翠苑A区,杭州,18,淳安县,17455,淳安,17456,杭州淳安县淳安淳安县珍珠一路与珍珠大道交叉口往西100米,,42元/㎡,42元/㎡,首付45万，月供10820元,89-143㎡,别墅：61541.5m² 住宅：61541.5m²,别墅：111838.8m² 住宅：111838.8m²,"[{""id"": 559612, ""rooms"": 3, ""room_alias"": ""三室"", ""area"": 89}, {""id"": 559616, ""rooms"": 3, ""room_alias"": ""三室"", ""area"": 89}, {""id"": 559619, ""rooms"": 3, ""room_alias"": ""三室"", ""area"": 109}, {""id"": 559622, ""rooms"": 3, ""room_alias"": ""三室"", ""area"": 109}, {""id"": 559624, ""rooms"": 4, ""room_alias"": ""四室"", ""area"": 125}, {""id"": 559629, ""rooms"": 4, ""room_alias"": ""四室"", ""area"": 133}, {""id"": 559625, ""rooms"": 4, ""room_alias"": ""四室"", ""area"": 139}, {""id"": 559626, ""rooms"": 4, ""room_alias"": ""四室"", ""area"": 142}, {""id"": 559636, ""rooms"": 4, ""room_alias"": ""四室"", ""area"": 143}]",3/4室,"3室户型,4室户型",1996-02-15,2021年02月14日,1996年,1997年,"[""2020-07-17"", ""2020-09-01"", ""2021-02-04"", ""2020-10-28"", ""2020-12-01""]",洋房,别墅：叠加别墅 住宅：花园洋房,别墅：70年 住宅：70年,别墅：1.1 住宅：1.1,别墅：35% 住宅：35%,别墅：521 住宅：521,别墅：毛坯 住宅：毛坯,在建中，竣工时间：2023-05-01,别墅,中海物业,别墅：4元/㎡/月 住宅：2.8元/㎡/月,,别墅：605 住宅：605,别墅：1.16:1 住宅：1.16:1,售罄,售罄,售罄,"[""淳售许字(2020)第15号"", ""淳售许字(2020)第19号"", ""淳售许字（2021）第02号"", ""淳售许字(2020)第28号"", ""淳售许字(2020)第37号""]","[""6#、7#、9#、3#、5#、8#"", ""12#、11#、10#"", ""17#、18#、19#"", ""16#"", ""15#""]",仁恒,绿城集团,尚雅置业（杭州）有限公司,别墅：民电,别墅：民水,29.601956,119.131346,"{""service_num"": ""4006708287"", ""num"": ""53760""}","{""559"": ""现房"", ""52"": ""低容积"", ""7"": ""项目在建"", ""541"": ""3D沙盘"", ""540"": ""日照模拟"", ""263"": ""VR看房"", ""226"": ""商业街区"", ""50"": ""品牌开发商""}","[""现房"", ""低容积"", ""项目在建"", ""3D沙盘"", ""日照模拟""]",https://pic4.ajkimg.com/display/xinfang/ada3620ba52dcf05b3a5c79096ec921d/275x206n.jpg,[],淳安县珍珠一路与珍珠大道交叉口往西100米
8172,金北辰园,杭州,18,临平区,24198,东湖,24199,杭州临平区东湖兴国路与星辰路交叉口,,,,,89-138㎡,77631m²,233866m²,"[{""id"": 327573, ""rooms"": 2, ""room_alias"": ""二室"", ""area"": 89}, {""id"": 327577, ""rooms"": 2, ""room_alias"": ""二室"", ""area"": 89}, {""id"": 392178, ""rooms"": 2, ""room_alias"": ""二室"", ""area"": 89}, {""id"": 327579, ""rooms"": 3, ""room_alias"": ""三室"", ""area"": 120}, {""id"": 392173, ""rooms"": 4, ""room_alias"": ""四室"", ""area"": 138}, {""id"": 392176, ""rooms"": 6, ""room_alias"": ""六室"", ""area"": 135}]",2/3室、别墅,"2室户型,3室户型,别墅户型",1996-02-10,,1996年,1997年,"[""2019-06-15"", ""2018-08-13"", ""2018-11-02"", ""2018-11-26""]",{叠加别墅},叠加别墅,70年,2,30%,1400,"毛坯,带装修",,别墅,龙湖智慧服务,2.5元/㎡/月,,1577,1：1.1,售罄,售罄,售罄,"[""余售许字（2018）第00670号"", ""余售许字（2019）第00465号"", ""余售许字（2018）第00550号"", ""余售许字（2018）第00795号"", ""余售许字（2018）第00891号""]","[""1、2、19、20、21"", ""32、35、36"", ""30、31、33、37幢""]",融创,,杭州越荣房地产开发有限公司,民电,民水,30.436895,120.294637,"""""","{""29"": ""装修交付"", ""69"": ""学校"", ""78"": ""大户型"", ""638"": ""民办中学"", ""637"": ""公办中学"", ""636"": ""公办小学"", ""598"": ""民办幼儿园"", ""597"": ""公办幼儿园""}","[""装修交付"", ""学校"", ""大户型"", ""民办中学"", ""公办中学""]",https://pic4.ajkimg.com/display/xinfang/04e47580f258521af5ceb4103a72198a/275x206n.jpg,[],杭州市临平区临平兴国路与星辰路交叉口
5421440,滨江红树翠苑,杭州,18,淳安县,17455,淳安,17456,杭州淳安县淳安千岛湖城区望江垄路26号,,2249元/㎡,2249元/㎡,首付22万，月供5410元,98-118㎡,79478.23m²,173957.97m²,"[{""id"": 590977, ""rooms"": 3, ""room_alias"": ""三室"", ""area"": 98}, {""id"": 590980, ""rooms"": 4, ""room_alias"": ""四室"", ""area"": 108}, {""id"": 590983, ""rooms"": 4, ""room_alias"": ""四室"", ""area"": 118}, {""id"": 590985, ""rooms"": 4, ""room_alias"": ""四室"", ""area"": 118}]",3/4室,"3室户型,4室户型",1996-08-20,2022年07月31日,1996年,1997年,"[""2021-04-12"", ""2022-07-26"", ""2022-05-11"", ""2022-05-11"", ""2021-12-03"", ""2021-11-12"", ""2021-05-07""]",{小高层},小高层,70年,1.5,30%,1098,带装修,已竣工，竣工时间：2023-05-30,住宅,旭辉永升,3.25元/㎡/月,,1213,1:1.1,售罄,售罄,售罄,"[""淳售许字（2021）第14号"", ""淳售许字（2022）第16号"", ""淳售许字（2022）第10号"", ""淳售许字（2022）第09号"", ""淳售许字（2021）第65号"", ""淳售许字（2021）第55号"", ""淳售许字（2021）第20号""]","[""25#、1#、2#、3#、5#、4#、29#、30#、13#、14#、18#、19#、24#、26#"", ""21#"", ""20#"", ""10#"", ""31#"", ""28#"", ""7#""]",恒大,滨江集团,淳安千岛湖森垄房地产开发有限公司,民电,民水,29.621868,119.069995,"{""service_num"": ""4006708287"", ""num"": ""71407""}","{""559"": ""现房"", ""557"": ""项目竣工"", ""56"": ""车位充足"", ""52"": ""低容积"", ""29"": ""装修交付"", ""76"": ""厨卫全明"", ""74"": ""南北通透"", ""5"": ""低单价"", ""59"": ""湖景地产"", ""78"": ""大户型"", ""402"": ""玄关入户"", ""401"": ""户型方正"", ""85"": ""主卧套房"", ""92"": ""热搜盘"", ""90"": ""人气楼盘"", ""541"": ""3D沙盘"", ""263"": ""VR看房"", ""50"": ""品牌开发商""}","[""现房"", ""项目竣工"", ""车位充足"", ""低容积"", ""装修交付""]",https://pic4.ajkimg.com/display/xinfang/9c9fcc1646b471a525f51cac54347b4f/275x206n.jpg,[],淳安县望江垄路26号
1548624,金汇B区,杭州,18,淳安县,17455,淳安,17456,杭州淳安县淳安环湖北路1888号,,1757元/㎡,1757元/㎡,首付15万，月供3715元,82-193㎡,56000m²,147000m²,"[{""id"": 668951, ""rooms"": 2, ""room_alias"": ""二室"", ""area"": 117}, {""id"": 755742, ""rooms"": 3, ""room_alias"": ""三室"", ""area"": 82}, {""id"": 746030, ""rooms"": 3, ""room_alias"": ""三室"", ""area"": 154}, {""id"": 675670, ""rooms"": 4, ""room_alias"": ""四室"", ""area"": 139}, {""id"": 681188, ""rooms"": 4, ""room_alias"": ""四室"", ""area"": 193}]",2/3/4室,"2室户型,3室户型,4室户型",1996-01-25,2019年05月06日,1996年,1997年,"[""2019-05-05""]",{高层},高层,70年,1.52,30%,723,毛坯,已竣工，竣工时间：暂无数据,住宅,世茂服务,2.25元/㎡/月,,1147,1:1.2,售罄,售罄,售罄,"[""淳售许字(2019)第08号""]","[""11#、12#、13#、9#、8#、7#、6#、10#""]",世茂,雨润集团,江苏地华实业集团有限公司,民电,民水,29.595868,119.133473,"{""service_num"": ""4006708287"", ""num"": """"}","{""559"": ""现房"", ""557"": ""项目竣工"", ""56"": ""车位充足"", ""52"": ""低容积"", ""76"": ""厨卫全明"", ""74"": ""南北通透"", ""73"": ""卧室全朝南"", ""78"": ""大户型"", ""404"": ""客餐厅相连"", ""402"": ""玄关入户"", ""401"": ""户型方正"", ""397"": ""动静分离"", ""85"": ""主卧套房"", ""83"": ""双阳台"", ""541"": ""3D沙盘"", ""263"": ""VR看房"", ""50"": ""品牌开发商""}","[""现房"", ""项目竣工"", ""车位充足"", ""低容积"", ""厨卫全明""]",https://pic4.ajkimg.com/display/xinfang/c8a628d160113ba3822f0e50f64e461b/275x206n.jpg,[],千岛湖环湖北路1888号
5561297,中和平花苑,杭州,18,富阳区,16786,鹿山新区,25395,杭州富阳区鹿山新区江枫路与鹿山大道交叉口,,3401元/㎡,3401元/㎡,首付116万，月供27915元,316-520㎡,54000m²,240000m²,"[{""id"": 793869, ""rooms"": 4, ""room_alias"": ""四室"", ""area"": 320}, {""id"": 878636, ""rooms"": 5, ""room_alias"": ""五室"", ""area"": 316}, {""id"": 793870, ""rooms"": 5, ""room_alias"": ""五室"", ""area"": 380}, {""id"": 794715, ""rooms"": 6, ""room_alias"": ""六室"", ""area"": 520}]",4/5/6室,商业户型,1996-11-11,2024年04月25日,1996年,1997年,"[""2024-04-25"", ""2023-04-14"", ""2023-03-02""]",别墅,高层,40年,3,,,毛坯,在建中，竣工时间：2026-06-30,商业,雅生活服务,6.6元/㎡/月,,,,售罄,售罄,售罄,"[""富阳房预许字(2024)第00147号"", ""富售许字（2023）第ZJ00204号"", ""富售许字（2023）第ZJ00083号""]","[""4#"", ""3#"", ""1#、2#""]",中梁,滨江集团,滨江&金汇,商电,商水,29.99609,119.938834,"{""service_num"": ""4006708287"", ""num"": ""62901""}","{""7"": ""项目在建"", ""5"": ""低单价"", ""72"": ""配套纯熟"", ""71"": ""便利店"", ""70"": ""银行"", ""68"": ""医院"", ""65"": ""商业街"", ""55"": ""小型社区"", ""50"": ""品牌开发商""}","[""项目在建"", ""低单价"", ""配套纯熟"", ""便利店"", ""银行""]",https://pic4.ajkimg.com/display/xinfang/16e12af60bd29a8a19c9b482eda87abc/275x206n.jpg,[],富阳鹿山街道江枫路218号
6193789,龙大金色怡园,杭州,18,建德市,17457,建德,17458,杭州建德市建德洋溪街道北滨江路与南三路交叉口,,2389元/㎡,2389元/㎡,,105-178㎡,住宅：35000m² 别墅：35000m²,住宅：90000m² 别墅：90000m²,"[{""id"": 696576, ""rooms"": 2, ""room_alias"": ""二室"", ""area"": 105}, {""id"": 696571, ""rooms"": 4, ""room_alias"": ""四室"", ""area"": 125}, {""id"": 696575, ""rooms"": 4, ""room_alias"": ""四室"", ""area"": 127}, {""id"": 696570, ""rooms"": 4, ""room_alias"": ""四室"", ""area"": 130}, {""id"": 702793, ""rooms"": 4, ""room_alias"": ""四室"", ""area"": 160}, {""id"": 702795, ""rooms"": 4, ""room_alias"": ""四室"", ""area"": 178}]",2/4室、别墅,"2室户型,4室户型,别墅户型",1996-08-15,2022年07月16日,1996年,1997年,"[""2022-06-10"", ""2022-06-24"", ""2021-12-16"", ""2021-09-02"", ""2021-08-02"", ""2021-05-10"", ""2021-07-09"", ""2021-09-20""]",别墅,住宅：小高层、高层、花园洋房 别墅：叠加别墅,住宅：70年 别墅：70年,住宅：1.5 别墅：1.5,住宅：30% 别墅：30%,住宅：372 别墅：372,住宅：毛坯 别墅：毛坯,已竣工，竣工时间：2023-06-17,住宅,龙湖智慧服务,住宅：2.5元/㎡/月 别墅：2.8元/㎡/月,,住宅：498 别墅：498,住宅：1:1.3 别墅：1:1.3,售罄,售罄,售罄,"[""建售许字（2020）第ZJ00233号"", ""建售许字（2022）第ZJ00285号"", ""建售许字（2021）第ZJ02512号"", ""建售许字（2020）第ZJ02187号"", ""建售许字（2021）第ZJ02098号"", ""建售许字（2021）第ZJ00514号"", ""建售许字（2021）第ZJ02033号"", ""建售许字（2021）第ZJ02258号""]","[""3#、4#"", ""11#、2#、5#、6#"", ""1#"", ""7#、9#、10#"", ""18#"", ""16#、17#"", ""12#、13#"", ""8#、15#""]",旭辉,,杭州龙大洋安房地产有限公司,住宅：民电,住宅：民水,29.52561,119.353148,"""""","{""559"": ""现房"", ""557"": ""项目竣工"", ""81"": ""大阳台"", ""56"": ""车位充足"", ""52"": ""低容积"", ""76"": ""厨卫全明"", ""75"": ""三房朝南"", ""74"": ""南北通透"", ""73"": ""卧室全朝南"", ""5"": ""低单价"", ""4"": ""低总价"", ""78"": ""大户型"", ""402"": ""玄关入户"", ""401"": ""户型方正"", ""397"": ""动静分离"", ""85"": ""主卧套房"", ""82"": ""双卫生间"", ""90"": ""人气楼盘"", ""541"": ""3D沙盘"", ""421"": ""无需摇号"", ""263"": ""VR看房"", ""226"": ""商业街区"", ""98"": ""改善置业""}","[""现房"", ""项目竣工"", ""大阳台"", ""车位充足"", ""低容积""]",https://pic4.ajkimg.com/display/xinfang/c060e67dbe4ab9bfc575a3ce85b5cc69/275x206n.jpg,[],洋溪街道北滨江路与南三路交叉口
6550796,宏岸,杭州,18,临安区,16784,锦城,25401,杭州临安区锦城临西路37号,,,,,89-132㎡,74475m²,170000m²,"[{""id"": 89252, ""rooms"": 2, ""room_alias"": ""二室"", ""area"": 98}, {""id"": 89254, ""rooms"": 3, ""room_alias"": ""三室"", ""area"": 89}, {""id"": 89255, ""rooms"": 3, ""room_alias"": ""三室"", ""area"": 96}, {""id"": 89249, ""rooms"": 3, ""room_alias"": ""三室"", ""area"": 111}, {""id"": 89246, ""rooms"": 3, ""room_alias"": ""三室"", ""area"": 127}, {""id"": 89247, ""rooms"": 3, ""room_alias"": ""三室"", ""area"": 129}, {""id"": 89248, ""rooms"": 3, ""room_alias"": ""三室"", ""area"": 132}]",2/3室,"2室户型,3室户型",1996-05-08,,1996年,1997年,[],"{多层,小高层}",多层、小高层,70年,1.65,35%,800,毛坯,,住宅,金地智慧服务,1.08~1.2元/㎡/月,,700,,售罄,售罄,售罄,[],[],保利,,浙江省建筑房地产开发公司,民电,民水,30.216606,119.69009,"""""","{""57"": ""人车分流"", ""52"": ""低容积"", ""72"": ""配套纯熟"", ""70"": ""银行"", ""69"": ""学校"", ""68"": ""医院"", ""67"": ""生态绿地"", ""66"": ""公园"", ""65"": ""商业街"", ""64"": ""购物中心"", ""78"": ""大户型"", ""637"": ""公办中学"", ""636"": ""公办小学"", ""598"": ""民办幼儿园"", ""597"": ""公办幼儿园""}","[""人车分流"", ""低容积"", ""配套纯熟"", ""银行"", ""学校""]",https://pic4.ajkimg.com/display/xinfang/d9ef577e4df040facb3508d071da9944/275x206n.jpg,[],临安城中街730号、杭州莫干山路425号
7767470,雅龙湖公寓,杭州,18,滨江区,1806,西兴,1915,杭州滨江区西兴滨和路与协同路交叉口银泰旁,,6929元/㎡,6929元/㎡,首付108万，月供26148元,147-199㎡,23999m²,62397m²,"[{""id"": 790580, ""rooms"": 4, ""room_alias"": ""四室"", ""area"": 147}, {""id"": 790578, ""rooms"": 4, ""room_alias"": ""四室"", ""area"": 168}, {""id"": 792318, ""rooms"": 5, ""room_alias"": ""五室"", ""area"": 199}]",4/5室,"4室户型,5室户型",1996-03-06,2023年04月21日,1996年,1997年,"[""2023-04-07"", ""2023-03-03""]",{高层},高层,70年,2.6,35%,344,带装修,,住宅,龙湖智慧服务,,,,,售罄,售罄,售罄,"[""杭售许字（2023）第004007号"", ""杭售许字（2023）第004006号""]","[""10#、11#、3#、7#"", ""1#、5#、8#""]",朗诗,万科集团,杭州万萌置业有限公司,民电,民水,30.196996,120.24651,"{""service_num"": ""4006708287"", ""num"": """"}","{""81"": ""大阳台"", ""29"": ""装修交付"", ""9"": ""轨交房"", ""76"": ""厨卫全明"", ""75"": ""三房朝南"", ""74"": ""南北通透"", ""72"": ""配套纯熟"", ""71"": ""便利店"", ""70"": ""银行"", ""69"": ""学校"", ""68"": ""医院"", ""67"": ""生态绿地"", ""66"": ""公园"", ""65"": ""商业街"", ""64"": ""购物中心"", ""78"": ""大户型"", ""85"": ""主卧套房"", ""82"": ""双卫生间"", ""637"": ""公办中学"", ""636"": ""公办小学"", ""606"": ""省一级园"", ""598"": ""民办幼儿园"", ""597"": ""公办幼儿园"", ""541"": ""3D沙盘"", ""540"": ""日照模拟"", ""50"": ""品牌开发商""}","[""大阳台"", ""装修交付"", ""轨交房"", ""厨卫全明"", ""三房朝南""]",https://pic4.ajkimg.com/display/xinfang/c37b19e0a84d3de7d08d80a3fb94a768/275x206n.jpg,"[{""id"": ""7337188"", ""loupan_id"": ""517933"", ""station_id"": ""2620"", ""subway_id"": ""40"", ""city_id"": ""18"", ""distance"": ""1236米"", ""status"": ""1"", ""last_update_time"": ""1774211232"", ""is_rail_loupan"": ""1"", ""subway_name"": ""1号线"", ""station_name"": ""滨和路"", ""distance_raw"": ""1236""}]",滨和路与协同路交叉口银泰旁
88504,鑫福西岸怡园,杭州,18,钱塘区,20267,江东新城,20272,杭州钱塘区江东新城义蓬街道(义盛路东侧，义蓬车站南),,,,,81-138㎡,住宅：38626m² 别墅：38626m²,住宅：68000m² 别墅：68000m²,"[{""id"": 39638, ""rooms"": 2, ""room_alias"": ""二室"", ""area"": 81}, {""id"": 39634, ""rooms"": 3, ""room_alias"": ""三室"", ""area"": 86}, {""id"": 39633, ""rooms"": 3, ""room_alias"": ""三室"", ""area"": 88}, {""id"": 39639, ""rooms"": 4, ""room_alias"": ""四室"", ""area"": 138}]",2/3/4室,"2室户型,3室户型,4室户型",1996-03-11,,1996年,1997年,[],多层,住宅：多层,住宅：70年 别墅：70年,住宅：1.5,住宅：31% 别墅：31%,住宅：300 别墅：300,住宅：毛坯 别墅：毛坯,,住宅,融创服务,住宅：0.7元/㎡/月,,住宅：418 别墅：418,住宅：1:1.39 别墅：1:1.39,售罄,售罄,售罄,[],[],中梁,,浙江鑫福房地产开发有限公司,住宅：民电,住宅：民水,30.256315,120.522789,"""""","{""56"": ""车位充足"", ""52"": ""低容积"", ""72"": ""配套纯熟"", ""71"": ""便利店"", ""70"": ""银行"", ""69"": ""学校"", ""68"": ""医院"", ""66"": ""公园"", ""65"": ""商业街"", ""64"": ""购物中心"", ""78"": ""大户型"", ""637"": ""公办中学"", ""636"": ""公办小学"", ""635"": ""民办小学"", ""598"": ""民办幼儿园"", ""597"": ""公办幼儿园""}","[""车位充足"", ""低容积"", ""配套纯熟"", ""便利店"", ""银行""]",https://pic4.ajkimg.com/display/xinfang/4b946f21cefc4374dd22d8b72db228a9/275x206n.jpg,[],萧山区义蓬街道义盛路14号
7601581,宏家,杭州,18,建德市,17457,建德,17458,杭州建德市建德新安东路251-1号,,1265元/㎡,1265元/㎡,首付10万，月供2489元,77-137㎡,住宅：70000m² 别墅：70000m²,住宅：190000m² 别墅：190000m²,"[{""id"": 419798, ""rooms"": 2, ""room_alias"": ""二室"", ""area"": 77}, {""id"": 419779, ""rooms"": 3, ""room_alias"": ""三室"", ""area"": 88}, {""id"": 419783, ""rooms"": 3, ""room_alias"": ""三室"", ""area"": 88}, {""id"": 419792, ""rooms"": 3, ""room_alias"": ""三室"", ""area"": 104}, {""id"": 419801, ""rooms"": 3, ""room_alias"": ""三室"", ""area"": 108}, {""id"": 419797, ""rooms"": 4, ""room_alias"": ""四室"", ""area"": 127}, {""id"": 419804, ""rooms"": 4, ""room_alias"": ""四室"", ""area"": 137}, {""id"": 419808, ""rooms"": 4, ""room_alias"": ""四室"", ""area"": 137}]",2/3/4室、别墅,"2室户型,3室户型,4室户型,别墅户型",1996-10-19,2019年12月25日,1996年,1997年,"[""2019-01-13"", ""2019-11-21"", ""2019-12-25"", ""2018-12-20""]","{叠加别墅,高层}",住宅：高层 别墅：叠加别墅,住宅：70年 别墅：70年,住宅：2.2 别墅：2.2,住宅：30% 别墅：30%,住宅：1382 别墅：1382,"住宅：毛坯,带装修 别墅：毛坯,带装修",,住宅,绿城服务,住宅：2.5元/㎡/月,,住宅：1490 别墅：1490,住宅：1:1.1 别墅：1:1.1,售罄,售罄,售罄,"[""建售许字(2018)第054号"", ""建售许字（2019）第01141号"", ""建售许字（2019）第01322号"", ""建售许字(2018)第055号""]","[""14#"", ""9#、11#、23#"", ""7#、8#"", ""13#、15#、16#""]",万科,富力集团,杭州冠富房地产开发有限公司,住宅：民电,住宅：民水,29.426421,119.259024,"{""service_num"": ""4006708287"", ""num"": """"}","{""559"": ""现房"", ""81"": ""大阳台"", ""56"": ""车位充足"", ""29"": ""装修交付"", ""76"": ""厨卫全明"", ""75"": ""三房朝南"", ""74"": ""南北通透"", ""73"": ""卧室全朝南"", ""70"": ""银行"", ""65"": ""商业街"", ""78"": ""大户型"", ""404"": ""客餐厅相连"", ""403"": ""私密性好"", ""402"": ""玄关入户"", ""401"": ""户型方正"", ""397"": ""动静分离"", ""85"": ""主卧套房"", ""82"": ""双卫生间"", ""263"": ""VR看房"", ""50"": ""品牌开发商""}","[""现房"", ""大阳台"", ""车位充足"", ""装修交付"", ""厨卫全明""]",https://pic4.ajkimg.com/display/xinfang/63700726affa467b7112a85661f04453/275x206n.jpg,[],建德市更楼街道更化社区新安东路251-1号
7773266,万明珠堂,杭州,18,富阳区,16786,鹿山新区,25395,杭州富阳区鹿山新区鹿山街道依江路与江波路交叉口,,2951元/㎡,2951元/㎡,首付22万，月供5302元,70-110㎡,40000m²,140000m²,"[{""id"": 216139, ""rooms"": 3, ""room_alias"": ""三室"", ""area"": 70.07}, {""id"": 216140, ""rooms"": 4, ""room_alias"": ""四室"", ""area"": 93.73}, {""id"": 216136, ""rooms"": 4, ""room_alias"": ""四室"", ""area"": 109.3}, {""id"": 216134, ""rooms"": 4, ""room_alias"": ""四室"", ""area"": 109.59}]",3/4室,"3室户型,4室户型",1996-03-12,2022年05月09日,1996年,1997年,"[""2022-04-20""]",别墅,高层,70年,2.29,30%,1037,毛坯,,住宅,合景悠活,1.7元/㎡/月,,,,售罄,售罄,售罄,"[""富售备字（2022）第ZJ00007号"", ""富售许字(2016)第028号"", ""富售许字(2016)第039号"", ""富售许字(2016)第049号"", ""富售许字(2016)第052号"", ""富售许字(2016)第056号""]","[""2#""]",中梁,,,民电,民水,30.015448,119.93651,"""""","{""70"": ""银行"", ""69"": ""学校"", ""68"": ""医院"", ""638"": ""民办中学"", ""636"": ""公办小学"", ""606"": ""省一级园"", ""597"": ""公办幼儿园""}","[""银行"", ""学校"", ""医院"", ""民办中学"", ""公办小学""]",https://pic4.ajkimg.com/display/xinfang/51afc2ff30766d3757a93be5dd34330c/275x206n.jpg,[],富阳区鹿山街道依江路与江波路交叉口（山水国际西侧）
2457234,德信蓝湾墅,杭州,18,钱塘区,20267,金沙湖,20270,杭州钱塘区金沙湖华景街与银沙路交叉口西北,,,,,70-178㎡,26m²,100m²,"[{""id"": 31617, ""rooms"": 2, ""room_alias"": ""二室"", ""area"": 70}, {""id"": 31615, ""rooms"": 2, ""room_alias"": ""二室"", ""area"": 90}, {""id"": 31614, ""rooms"": 2, ""room_alias"": ""二室"", ""area"": 112}, {""id"": 31616, ""rooms"": 3, ""room_alias"": ""三室"", ""area"": 90}, {""id"": 31613, ""rooms"": 3, ""room_alias"": ""三室"", ""area"": 121}, {""id"": 31612, ""rooms"": 3, ""room_alias"": ""三室"", ""area"": 125}, {""id"": 16158, ""rooms"": 3, ""room_alias"": ""三室"", ""area"": 126}, {""id"": 16154, ""rooms"": 3, ""room_alias"": ""三室"", ""area"": 127}, {""id"": 16153, ""rooms"": 3, ""room_alias"": ""三室"", ""area"": 133}, {""id"": 16156, ""rooms"": 4, ""room_alias"": ""四室"", ""area"": 138}, {""id"": 79481, ""rooms"": 4, ""room_alias"": ""四室"", ""area"": 139}, {""id"": 16151, ""rooms"": 4, ""room_alias"": ""四室"", ""area"": 142}, {""id"": 72859, ""rooms"": 5, ""room_alias"": ""五室"", ""area"": 178}]",2/3/4/5室,"2室户型,3室户型,4室户型,5室户型",1996-02-23,,1996年,1997年,[],"{多层,高层}",多层、高层,70年,2.8,30%,900,毛坯,,住宅,保利物业,2.25元/㎡/月,,1080,1:1.2,售罄,售罄,售罄,[],[],华润,,浙江德信金沙置业有限公司,民电,民水,30.302069,120.340779,"{""service_num"": ""4006708287"", ""num"": """"}","{""57"": ""人车分流"", ""56"": ""车位充足"", ""9"": ""轨交房"", ""72"": ""配套纯熟"", ""71"": ""便利店"", ""70"": ""银行"", ""69"": ""学校"", ""68"": ""医院"", ""66"": ""公园"", ""65"": ""商业街"", ""64"": ""购物中心"", ""79"": ""小户型"", ""78"": ""大户型"", ""638"": ""民办中学"", ""637"": ""公办中学"", ""636"": ""公办小学"", ""624"": ""九年一贯制"", ""598"": ""民办幼儿园"", ""597"": ""公办幼儿园""}","[""人车分流"", ""车位充足"", ""轨交房"", ""配套纯熟"", ""便利店""]",https://pic4.ajkimg.com/display/xinfang/c4d380f2f458050f2e53d656aec766ad/275x206n.jpg,"[{""id"": ""7212791"", ""loupan_id"": ""238591"", ""station_id"": ""2639"", ""subway_id"": ""40"", ""city_id"": ""18"", ""distance"": ""794米"", ""status"": ""1"", ""last_update_time"": ""1774211227"", ""is_rail_loupan"": ""1"", ""subway_name"": ""1号线"", ""station_name"": ""金沙湖"", ""distance_raw"": ""794""}, {""id"": ""7212798"", ""loupan_id"": ""238591"", ""station_id"": ""2640"", ""subway_id"": ""40"", ""city_id"": ""18"", ""distance"": ""1118米"", ""status"": ""1"", ""last_update_time"": ""1774211227"", ""is_rail_loupan"": ""1"", ""subway_name"": ""1号线"", ""station_name"": ""高沙路"", ""distance_raw"": ""1118""}]",杭州下沙星河北路与学林街交叉口
5288921,碧庭A区,杭州,18,萧山区,1807,南部卧城,5138,杭州萧山区南部卧城市心南路与晨晖路交叉路口往北约150米,,3977元/㎡,3977元/㎡,首付39万，月供9449元,93-124㎡,24523m²,93568.76m²,"[{""id"": 641497, ""rooms"": 3, ""room_alias"": ""三室"", ""area"": 92.53}, {""id"": 646010, ""rooms"": 3, ""room_alias"": ""三室"", ""area"": 95.34}, {""id"": 641511, ""rooms"": 3, ""room_alias"": ""三室"", ""area"": 105.51}, {""id"": 641507, ""rooms"": 4, ""room_alias"": ""四室"", ""area"": 115.31}, {""id"": 641506, ""rooms"": 4, ""room_alias"": ""四室"", ""area"": 123.32}]",3/4室,"3室户型,4室户型",1996-10-21,2022年03月11日,1996年,1997年,"[""2022-02-28"", ""2021-12-13"", ""2021-09-06""]",{高层},高层,70年,2.6,35%,614,带装修,在建中，竣工时间：2024-04-30,住宅,新城悦服务,3.2元/㎡/月,,745,1:1.21,售罄,售罄,售罄,"[""萧售许字（2022）第ZJ00064号"", ""萧售许字（2021）第ZJ02499号"", ""萧售许字（2021）第ZJ02207号""]","[""2#"", ""3#、4#"", ""5#、6#""]",新城控股,赞成控股,浙江省赞成集团有限公司,民电,民水,30.155104,120.261095,"""""","{""56"": ""车位充足"", ""29"": ""装修交付"", ""9"": ""轨交房"", ""76"": ""厨卫全明"", ""74"": ""南北通透"", ""7"": ""项目在建"", ""78"": ""大户型"", ""404"": ""客餐厅相连"", ""403"": ""私密性好"", ""402"": ""玄关入户"", ""401"": ""户型方正"", ""85"": ""主卧套房"", ""638"": ""民办中学"", ""637"": ""公办中学"", ""636"": ""公办小学"", ""624"": ""九年一贯制"", ""598"": ""民办幼儿园"", ""50"": ""品牌开发商""}","[""车位充足"", ""装修交付"", ""轨交房"", ""厨卫全明"", ""南北通透""]",https://pic4.ajkimg.com/display/xinfang/87b28badc844eaa28d7caebe2f4d0bca/275x206n.jpg,"[{""id"": ""7211993"", ""loupan_id"": ""487886"", ""station_id"": ""2662"", ""subway_id"": ""41"", ""city_id"": ""18"", ""distance"": ""914米"", ""status"": ""1"", ""last_update_time"": ""1774211226"", ""is_rail_loupan"": ""1"", ""subway_name"": ""2号线"", ""station_name"": ""曹家桥"", ""distance_raw"": ""914""}, {""id"": ""7211992"", ""loupan_id"": ""487886"", ""station_id"": ""2661"", ""subway_id"": ""41"", ""city_id"": ""18"", ""distance"": ""1008米"", ""status"": ""1"", ""last_update_time"": ""1774211226"", ""is_rail_loupan"": ""1"", ""subway_name"": ""2号线"", ""station_name"": ""潘水"", ""distance_raw"": ""1008""}]",萧山区市心南路南江商业中心一层
3578336,碧盛世庭,杭州,18,西湖区,1804,之江,24206,杭州西湖区之江珊瑚沙路52号,,,,,193-355㎡,50821m²,85000m²,"[{""id"": 54539, ""rooms"": 3, ""room_alias"": ""三室"", ""area"": 193}, {""id"": 54531, ""rooms"": 3, ""room_alias"": ""三室"", ""area"": 214}, {""id"": 54534, ""rooms"": 3, ""room_alias"": ""三室"", ""area"": 214}, {""id"": 54524, ""rooms"": 3, ""room_alias"": ""三室"", ""area"": 221}, {""id"": 54537, ""rooms"": 3, ""room_alias"": ""三室"", ""area"": 234}, {""id"": 27012, ""rooms"": 5, ""room_alias"": ""五室"", ""area"": 355}]",3/5室,"3室户型,5室户型",1996-11-10,,1996年,1997年,[],别墅,多层、高层,70年,1.2,30%,600,带装修,,住宅,融创服务,3.6~6元/㎡/月,,500,1:0.8,售罄,售罄,售罄,"[""杭售许字(2009)第5007号"", ""杭售许字(2009)第5004号"", ""杭售许字(2008)第5001号""]",[],朗诗,,杭州公元控股有限公司,民电,民水,30.185054,120.099539,"""""","{""52"": ""低容积"", ""29"": ""装修交付"", ""9"": ""轨交房"", ""72"": ""配套纯熟"", ""71"": ""便利店"", ""70"": ""银行"", ""69"": ""学校"", ""68"": ""医院"", ""66"": ""公园"", ""65"": ""商业街"", ""64"": ""购物中心"", ""78"": ""大户型"", ""637"": ""公办中学"", ""636"": ""公办小学"", ""606"": ""省一级园"", ""598"": ""民办幼儿园"", ""597"": ""公办幼儿园""}","[""低容积"", ""装修交付"", ""轨交房"", ""配套纯熟"", ""便利店""]",https://pic4.ajkimg.com/display/xinfang/148dc2574f390379ad2f53effbbe824a/275x206n.jpg,"[{""id"": ""7267489"", ""loupan_id"": ""239528"", ""station_id"": ""122110"", ""subway_id"": ""12109"", ""city_id"": ""18"", ""distance"": ""1277米"", ""status"": ""1"", ""last_update_time"": ""1774211228"", ""is_rail_loupan"": ""1"", ""subway_name"": ""12号线"", ""station_name"": ""丽景路站"", ""distance_raw"": ""1277""}]",之江珊瑚沙路项目现场
1647448,桐绿红树名苑,杭州,18,桐庐县,17459,桐庐,17460,杭州桐庐县桐庐桐庐富春路706号,,2656元/㎡,2656元/㎡,首付54万，月供13092元,246-286㎡,,住宅：55300m² 别墅：55300m²,"[{""id"": 883182, ""rooms"": 4, ""room_alias"": ""四室"", ""area"": 246}, {""id"": 883210, ""rooms"": 4, ""room_alias"": ""四室"", ""area"": 286}]",别墅,别墅户型,1996-01-01,2026年01月23日,1996年,1997年,"[""2026-01-22""]",{多层},住宅：多层 别墅：联排别墅、合院别墅,住宅：70年 别墅：70年,住宅：1.02 别墅：1.02,住宅：30% 别墅：30%,住宅：102 别墅：102,住宅：毛坯 别墅：毛坯,在建中，竣工时间：暂无数据,住宅,中海物业,住宅：4.3元/㎡/月 别墅：4.3元/㎡/月,,住宅：223 别墅：223,住宅：1:2 别墅：1:2,售罄,售罄,售罄,"[""桐庐房预许字（2026）第00046号""]","[""13#、9#、4#、3#""]",滨江集团,,,住宅：民电,住宅：民水,29.818693,119.677719,"{""service_num"": ""4006708287"", ""num"": ""59266""}","{""56"": ""车位充足"", ""52"": ""低容积"", ""7"": ""项目在建"", ""276"": ""一房一价"", ""72"": ""配套纯熟"", ""71"": ""便利店"", ""70"": ""银行"", ""69"": ""学校"", ""68"": ""医院"", ""66"": ""公园"", ""65"": ""商业街"", ""64"": ""购物中心"", ""78"": ""大户型"", ""90"": ""人气楼盘"", ""637"": ""公办中学"", ""636"": ""公办小学"", ""55"": ""小型社区""}","[""车位充足"", ""低容积"", ""项目在建"", ""一房一价"", ""配套纯熟""]",https://pic4.ajkimg.com/display/xinfang/68a64a7bc5ea67d407ebcdf826328132/275x206n.jpg,[],桐庐富春路706号
1161950,翠峰A区,杭州,18,淳安县,17455,淳安,17456,杭州淳安县淳安千岛湖镇环湖北路1095-1099号,,,,,101㎡,67219m²,67219m²,"[{""id"": 293164, ""rooms"": 3, ""room_alias"": ""三室"", ""area"": 101}]",3室,3室户型,1996-09-15,,1996年,1997年,[],{高层},高层,70年,1,55%,491,毛坯,,住宅,新城悦服务,1.5元/㎡/月,,420,1:0.85,售罄,售罄,售罄,"[""淳售2014第14号"", ""淳售2015第01号"", ""淳售2015第07号更（1）"", ""淳售2015第09号更（1）""]",[],金茂,,,民电,民水,29.623697,119.117926,"""""","{""53"": ""高绿化率"", ""52"": ""低容积"", ""63"": ""旅游地产""}","[""高绿化率"", ""低容积"", ""旅游地产""]",https://pic4.ajkimg.com/display/xinfang/d26c942094e246bea143c9273393d036/275x206n.jpg,[],千岛湖镇新安东路321号(明珠公馆正对面)
3050413,悦云天翠苑,杭州,18,桐庐县,17459,桐庐,17460,杭州桐庐县桐庐迎春南路8号（桐庐高速出口）,,,,,340㎡,125733m²,33900m²,"[{""id"": 263821, ""rooms"": 5, ""room_alias"": ""五室"", ""area"": 340}, {""id"": 263823, ""rooms"": 5, ""room_alias"": ""五室"", ""area"": 340}, {""id"": 263825, ""rooms"": 6, ""room_alias"": ""六室"", ""area"": 340}]",别墅,别墅户型,1996-12-09,,1996年,1997年,[],洋房,独栋别墅,40年,0.27,50%,100,毛坯,,别墅,中海物业,3.2元/㎡/月,,194,1:2,售罄,售罄,售罄,[],[],华侨城,,,民电,民水,29.775178,119.723326,"""""","{""56"": ""车位充足"", ""53"": ""高绿化率"", ""63"": ""旅游地产"", ""78"": ""大户型"", ""641"": ""寄宿制中学"", ""637"": ""公办中学"", ""636"": ""公办小学"", ""55"": ""小型社区""}","[""车位充足"", ""高绿化率"", ""旅游地产"", ""大户型"", ""寄宿制中学""]",https://pic4.ajkimg.com/display/xinfang/dc10998129b7c5693ca26095bf3b5dea/275x206n.jpg,[],杭州市桐庐县城迎春南路8号唐郡会所
3893120,富春翠竹阁,杭州,18,富阳区,16786,银湖,25391,杭州富阳区银湖金桥北路(公园路延伸段南侧),,,,,137-235㎡,153m²,400m²,"[{""id"": 34886, ""rooms"": 3, ""room_alias"": ""三室"", ""area"": 137}, {""id"": 34885, ""rooms"": 3, ""room_alias"": ""三室"", ""area"": 148}, {""id"": 34884, ""rooms"": 3, ""room_alias"": ""三室"", ""area"": 153}, {""id"": 55161, ""rooms"": 3, ""room_alias"": ""三室"", ""area"": 161}, {""id"": 34888, ""rooms"": 3, ""room_alias"": ""三室"", ""area"": 171}, {""id"": 34889, ""rooms"": 3, ""room_alias"": ""三室"", ""area"": 171}, {""id"": 55162, ""rooms"": 3, ""room_alias"": ""三室"", ""area"": 171}, {""id"": 34887, ""rooms"": 4, ""room_alias"": ""四室"", ""area"": 213}, {""id"": 34890, ""rooms"": 5, ""room_alias"": ""五室"", ""area"": 235}]",3/4/5室,"3室户型,4室户型,5室户型",1996-11-14,,1996年,1997年,[],高层,高层,70年,2,30%,1500,毛坯,,住宅,旭辉永升,1.8元/㎡/月,,1500,1:1,售罄,售罄,售罄,"[""富售许字(2014)第049号"", ""富售许字(2012)第044号"", ""富售许字(2012)第012号"", ""富售许字(2012)第004号"", ""富售许字(2011)第0049号"", ""富售许字(2011)第0052号"", ""富售许字(2011)第0048号"", ""富售许字(2011)第0034号"", ""富售许字(2011)第0030号"", ""富售许字(2011)第0018号"", ""富售许字(2011)第0006号"", ""富售许字(2011)第0007号"", ""富售许字(2010)第0088号"", ""富售许字(2010)第0086号""]",[],融创,,杭州绿城金久房地产开发有限公司,民电,民水,30.076472,119.952023,"""""","{""9"": ""轨交房"", ""72"": ""配套纯熟"", ""71"": ""便利店"", ""70"": ""银行"", ""69"": ""学校"", ""68"": ""医院"", ""66"": ""公园"", ""65"": ""商业街"", ""64"": ""购物中心"", ""78"": ""大户型"", ""638"": ""民办中学"", ""636"": ""公办小学"", ""624"": ""九年一贯制"", ""606"": ""省一级园"", ""603"": ""二级园"", ""602"": ""一级园"", ""598"": ""民办幼儿园"", ""597"": ""公办幼儿园""}","[""轨交房"", ""配套纯熟"", ""便利店"", ""银行"", ""学校""]",https://pic4.ajkimg.com/display/xinfang/a645a0d38d9498b684f91695d0909af9/275x206n.jpg,"[{""id"": ""7254498"", ""loupan_id"": ""239044"", ""station_id"": ""120871"", ""subway_id"": ""143"", ""city_id"": ""18"", ""distance"": ""261米"", ""status"": ""1"", ""last_update_time"": ""1774211231"", ""is_rail_loupan"": ""1"", ""subway_name"": ""6号线"", ""station_name"": ""公望街站"", ""distance_raw"": ""261""}]",富阳金桥北路400号(金桥北路与公园路交叉处)
6431705,悦洲二期,杭州,18,下城,1805,华丰,4582,杭州下城华丰东新路822号,,,,,50-70㎡,37860m²,330000m²,"[{""id"": 108340, ""rooms"": 2, ""room_alias"": ""二室"", ""area"": 50}, {""id"": 177923, ""rooms"": 3, ""room_alias"": ""三室"", ""area"": 53}, {""id"": 234236, ""rooms"": 3, ""room_alias"": ""三室"", ""area"": 55}, {""id"": 146543, ""rooms"": 3, ""room_alias"": ""三室"", ""area"": 70}]",2/3室,商业户型,1996-04-03,,1996年,1997年,[],{高层},高层,40年,5,10%,1000,"毛坯,带装修",,商业,新城悦服务,5元/㎡/月,,1800,1:1,售罄,售罄,售罄,"[""杭售许字(2013)第000122号""]",[],碧桂园,,杭州中大圣马置业有限公司,商电,商水,30.320339,120.163572,"""""","{""57"": ""人车分流"", ""29"": ""装修交付"", ""9"": ""轨交房"", ""10"": ""多轨交"", ""43"": ""loft"", ""72"": ""配套纯熟"", ""71"": ""便利店"", ""70"": ""银行"", ""68"": ""医院"", ""66"": ""公园"", ""65"": ""商业街"", ""64"": ""购物中心""}","[""人车分流"", ""装修交付"", ""轨交房"", ""多轨交"", ""loft""]",https://pic4.ajkimg.com/display/xinfang/219bdf99ac0205863a1573973e7eb6a6/275x206n.jpg,"[{""id"": ""7211980"", ""loupan_id"": ""245846"", ""station_id"": ""120446"", ""subway_id"": ""42"", ""city_id"": ""18"", ""distance"": ""1310米"", ""status"": ""1"", ""last_update_time"": ""1774211230"", ""is_rail_loupan"": ""1"", ""subway_name"": ""4号线"", ""station_name"": ""皋亭坝"", ""distance_raw"": ""1310""}, {""id"": ""7212363"", ""loupan_id"": ""245846"", ""station_id"": ""10219"", ""subway_id"": ""1010"", ""city_id"": ""18"", ""distance"": ""1345米"", ""status"": ""1"", ""last_update_time"": ""1774211230"", ""is_rail_loupan"": ""1"", ""subway_name"": ""3号线"", ""station_name"": ""新天地街"", ""distance_raw"": ""1345""}, {""id"": ""7211991"", ""loupan_id"": ""245846"", ""station_id"": ""120450"", ""subway_id"": ""42"", ""city_id"": ""18"", ""distance"": ""1345米"", ""status"": ""1"", ""last_update_time"": ""1774211230"", ""is_rail_loupan"": ""1"", ""subway_name"": ""4号线"", ""station_name"": ""新天地街"", ""distance_raw"": ""1345""}]",下城区东新路822号阳光银泰城1号楼大堂
6587898,瑞幸福宅,杭州,18,西湖区,1804,之江,24206,"杭州西湖区之江珊瑚沙路,近江涵路",,,,,130-205㎡,96000m²,340000m²,[],别墅,别墅户型,1996-11-01,,1996年,1997年,[],{叠加别墅},叠加别墅,40年,2.4,30%,754,毛坯,,别墅,金地智慧服务,3元/㎡/月,,1998,1:2.6,售罄,售罄,售罄,"[""杭售许字【2017】第005012号""]",[],华润,,杭州珊瑚沙股份经济合作社,民电,民水,30.186699,120.097868,"{""service_num"": ""4006708287"", ""num"": """"}","{""57"": ""人车分流"", ""56"": ""车位充足"", ""72"": ""配套纯熟"", ""70"": ""银行"", ""69"": ""学校"", ""65"": ""商业街"", ""64"": ""购物中心"", ""78"": ""大户型"", ""637"": ""公办中学"", ""636"": ""公办小学"", ""606"": ""省一级园"", ""598"": ""民办幼儿园"", ""597"": ""公办幼儿园""}","[""人车分流"", ""车位充足"", ""配套纯熟"", ""银行"", ""学校""]",https://pic4.ajkimg.com/display/xinfang/2c6ba6f9ad8fbc5d99369ea1f62ad50a/275x206n.jpg,[],珊瑚沙路49号
2213363,知本银河宅,杭州,18,滨江区,1806,中兴,1913,杭州滨江区中兴江南大道4278号(东信大道与江南大道交叉口附近),,,,,76-95㎡,124000m²,103700m²,"[{""id"": 55866, ""rooms"": 2, ""room_alias"": ""二室"", ""area"": 76}, {""id"": 55879, ""rooms"": 3, ""room_alias"": ""三室"", ""area"": 95}]",2/3室,"2室户型,3室户型",1996-02-01,,1996年,1997年,[],多层,高层,,2.5,30%,160,带装修,,住宅,万科物业,3元/㎡/月,,,1:1,售罄,售罄,售罄,[],[],保利,,杭州联庄实业投资有限公司,民电,民水,30.190936,120.177922,"{""service_num"": ""4006708287"", ""num"": """"}","{""29"": ""装修交付"", ""9"": ""轨交房"", ""10"": ""多轨交"", ""72"": ""配套纯熟"", ""71"": ""便利店"", ""70"": ""银行"", ""69"": ""学校"", ""68"": ""医院"", ""66"": ""公园"", ""65"": ""商业街"", ""64"": ""购物中心"", ""638"": ""民办中学"", ""637"": ""公办中学"", ""636"": ""公办小学"", ""624"": ""九年一贯制"", ""606"": ""省一级园"", ""598"": ""民办幼儿园"", ""597"": ""公办幼儿园"", ""55"": ""小型社区""}","[""装修交付"", ""轨交房"", ""多轨交"", ""配套纯熟"", ""便利店""]",https://pic4.ajkimg.com/display/xinfang/eabdc60dd7b387eef58f3c77caf0e757/275x206n.jpg,"[{""id"": ""7212694"", ""loupan_id"": ""238768"", ""station_id"": ""4820"", ""subway_id"": ""42"", ""city_id"": ""18"", ""distance"": ""330米"", ""status"": ""1"", ""last_update_time"": ""1774211227"", ""is_rail_loupan"": ""1"", ""subway_name"": ""4号线"", ""station_name"": ""联庄"", ""distance_raw"": ""330""}, {""id"": ""7254633"", ""loupan_id"": ""238768"", ""station_id"": ""120856"", ""subway_id"": ""143"", ""city_id"": ""18"", ""distance"": ""645米"", ""status"": ""1"", ""last_update_time"": ""1774211228"", ""is_rail_loupan"": ""1"", ""subway_name"": ""6号线"", ""station_name"": ""伟业路站"", ""distance_raw"": ""645""}, {""id"": ""7325769"", ""loupan_id"": ""238768"", ""station_id"": ""4821"", ""subway_id"": ""42"", ""city_id"": ""18"", ""distance"": ""1343米"", ""status"": ""1"", ""last_update_time"": ""1774211227"", ""is_rail_loupan"": ""1"", ""subway_name"": ""4号线"", ""station_name"": ""中医药大学"", ""distance_raw"": ""1343""}, {""id"": ""7254632"", ""loupan_id"": ""238768"", ""station_id"": ""120857"", ""subway_id"": ""143"", ""city_id"": ""18"", ""distance"": ""1346米"", ""status"": ""1"", ""last_update_time"": ""1774211228"", ""is_rail_loupan"": ""1"", ""subway_name"": ""6号线"", ""station_name"": ""中医药大学站"", ""distance_raw"": ""1346""}]",滨江区东信大道1068号
1942963,瑞台,杭州,18,下城,1805,其他,10138,杭州下城其他长浜路（原东新东路）与安桥路交叉口,,,,,27-35㎡,23619m²,217600m²,"[{""id"": 175647, ""rooms"": 1, ""room_alias"": ""一室"", ""area"": 27}, {""id"": 175650, ""rooms"": 1, ""room_alias"": ""一室"", ""area"": 35}]",1室,商业户型,1996-04-22,,1996年,1997年,[],{高层},高层,40年,6.35,10%,,"毛坯,带装修",,商业,招商积余,1元/㎡/月,,,1:1,售罄,售罄,售罄,[],[],佳兆业,,华盛达控股集团,商电,商水,30.338532,120.201876,"""""","{""29"": ""装修交付"", ""9"": ""轨交房"", ""10"": ""多轨交"", ""72"": ""配套纯熟"", ""70"": ""银行"", ""68"": ""医院"", ""65"": ""商业街"", ""64"": ""购物中心""}","[""装修交付"", ""轨交房"", ""多轨交"", ""配套纯熟"", ""银行""]",https://pic4.ajkimg.com/display/xinfang/495aab3143b921642dfcdbd8c031a2f6/275x206n.jpg,"[{""id"": ""7213445"", ""loupan_id"": ""411052"", ""station_id"": ""10219"", ""subway_id"": ""1010"", ""city_id"": ""18"", ""distance"": ""533米"", ""status"": ""1"", ""last_update_time"": ""1774211231"", ""is_rail_loupan"": ""1"", ""subway_name"": ""3号线"", ""station_name"": ""新天地街"", ""distance_raw"": ""533""}, {""id"": ""7214522"", ""loupan_id"": ""411052"", ""station_id"": ""120450"", ""subway_id"": ""42"", ""city_id"": ""18"", ""distance"": ""533米"", ""status"": ""1"", ""last_update_time"": ""1774211229"", ""is_rail_loupan"": ""1"", ""subway_name"": ""4号线"", ""station_name"": ""新天地街"", ""distance_raw"": ""533""}]",下城区长浜路（原东新东路）与安桥路交叉口
2926083,凤半岛雅苑,杭州,18,拱墅区,1801,申花,5130,杭州拱墅区申花富强路杭州市锦绣幼儿园东北侧约90米,,7730元/㎡,7730元/㎡,首付144万，月供34659元,210-246㎡,12474m²,43407.6m²,"[{""id"": 851275, ""rooms"": 4, ""room_alias"": ""四室"", ""area"": 210}, {""id"": 851276, ""rooms"": 5, ""room_alias"": ""五室"", ""area"": 246}]",4/5室,"4室户型,5室户型",1996-05-22,2024年12月26日,1996年,1997年,"[""2024-12-16""]",{高层},高层,70年,2.4,35%,128,,在建中，竣工时间：2027-06-30,住宅,万科物业,,,,,售罄,售罄,售罄,"[""杭房预许字（2024）第00567号""]","[""3#、1#、2#""]",保利,,,民电,民水,30.295767,120.124679,"""""","{""9"": ""轨交房"", ""74"": ""南北通透"", ""7"": ""项目在建"", ""10"": ""多轨交"", ""276"": ""一房一价"", ""72"": ""配套纯熟"", ""71"": ""便利店"", ""70"": ""银行"", ""69"": ""学校"", ""68"": ""医院"", ""66"": ""公园"", ""65"": ""商业街"", ""64"": ""购物中心"", ""78"": ""大户型"", ""638"": ""民办中学"", ""637"": ""公办中学"", ""636"": ""公办小学"", ""635"": ""民办小学"", ""624"": ""九年一贯制"", ""606"": ""省一级园"", ""598"": ""民办幼儿园"", ""597"": ""公办幼儿园"", ""541"": ""3D沙盘"", ""540"": ""日照模拟"", ""55"": ""小型社区""}","[""轨交房"", ""南北通透"", ""项目在建"", ""多轨交"", ""一房一价""]",https://pic4.ajkimg.com/display/xinfang/740a9ea7ab41ca907eabd0b93e2f0f43/275x206n.jpg,"[{""id"": ""7293764"", ""loupan_id"": ""527269"", ""station_id"": ""4834"", ""subway_id"": ""142"", ""city_id"": ""18"", ""distance"": ""673米"", ""status"": ""1"", ""last_update_time"": ""1774211227"", ""is_rail_loupan"": ""1"", ""subway_name"": ""5号线"", ""station_name"": ""萍水街"", ""distance_raw"": ""673""}, {""id"": ""7293765"", ""loupan_id"": ""527269"", ""station_id"": ""4835"", ""subway_id"": ""142"", ""city_id"": ""18"", ""distance"": ""1004米"", ""status"": ""1"", ""last_update_time"": ""1774211227"", ""is_rail_loupan"": ""1"", ""subway_name"": ""5号线"", ""station_name"": ""和睦"", ""distance_raw"": ""1004""}, {""id"": ""7293767"", ""loupan_id"": ""527269"", ""station_id"": ""120461"", ""subway_id"": ""12038"", ""city_id"": ""18"", ""distance"": ""1357米"", ""status"": ""1"", ""last_update_time"": ""1774211227"", ""is_rail_loupan"": ""1"", ""subway_name"": ""10号线"", ""station_name"": ""和睦"", ""distance_raw"": ""1357""}]",
5948,萃栖龙湖家,杭州,18,余杭区,1808,良渚,1924,杭州余杭区良渚玉鸟街与良祥路交叉口（良渚地铁站B口直线距离约500米）,,4455元/㎡,4455元/㎡,首付46万，月供11289元,120-237㎡,住宅：57429m² 别墅：57429m²,住宅：151774.5m² 别墅：151774.5m²,"[{""id"": 812908, ""rooms"": 4, ""room_alias"": ""四室"", ""area"": 120}, {""id"": 812905, ""rooms"": 4, ""room_alias"": ""四室"", ""area"": 126}, {""id"": 812907, ""rooms"": 4, ""room_alias"": ""四室"", ""area"": 139}, {""id"": 810241, ""rooms"": 4, ""room_alias"": ""四室"", ""area"": 168}, {""id"": 815588, ""rooms"": 5, ""room_alias"": ""五室"", ""area"": 195}, {""id"": 815587, ""rooms"": 5, ""room_alias"": ""五室"", ""area"": 208}, {""id"": 815586, ""rooms"": 5, ""room_alias"": ""五室"", ""area"": 218}, {""id"": 815585, ""rooms"": 5, ""room_alias"": ""五室"", ""area"": 237}]",4室、别墅,"4室户型,别墅户型",1996-12-15,2024年04月21日,1996年,1997年,"[""2024-02-28"", ""2024-04-12"", ""2023-12-14"", ""2023-12-07"", ""2023-11-22"", ""2023-11-03"", ""2023-10-24"", ""2023-08-31"", ""2023-08-03""]",{多层},住宅：多层 别墅：叠加别墅,住宅：70年 别墅：70年,住宅：1.5 别墅：1.5,住宅：30% 别墅：30%,住宅：566 别墅：566,住宅：带装修 别墅：带装修,,住宅,中海物业,,,住宅：717 别墅：717,住宅：1:1.27 别墅：1:1.27,售罄,售罄,售罄,"[""余杭房预许字(2024)第00046号"", ""余杭房预许字(2024)第00123号"", ""余杭房预许字(2023)第00739号"", ""余杭房预许字(2023)第00711号"", ""余杭房预许字(2023)第00674号"", ""余杭房预许字(2023)第00633号"", ""余杭房预许字(2023)第00608号"", ""余杭房预许字(2023)第00481号"", ""余杭房预许字(2023)第00426号""]","[""28#"", ""21#"", ""20#、23#、19#"", ""1#、27#"", ""18#、13#、14#、22#"", ""3#、26#"", ""8#、5#、12#"", ""2#、6#、10#"", ""7#、11#、15#、16#""]",雅居乐,"建发房产,滨江集团,坤和集团,建杭置业",,住宅：民电,住宅：民水,30.359509,120.060166,"{""service_num"": ""4006708287"", ""num"": ""77153""}","{""81"": ""大阳台"", ""56"": ""车位充足"", ""52"": ""低容积"", ""29"": ""装修交付"", ""9"": ""轨交房"", ""76"": ""厨卫全明"", ""74"": ""南北通透"", ""73"": ""卧室全朝南"", ""276"": ""一房一价"", ""72"": ""配套纯熟"", ""70"": ""银行"", ""69"": ""学校"", ""68"": ""医院"", ""66"": ""公园"", ""65"": ""商业街"", ""64"": ""购物中心"", ""78"": ""大户型"", ""402"": ""玄关入户"", ""401"": ""户型方正"", ""397"": ""动静分离"", ""86"": ""全景飘窗"", ""85"": ""主卧套房"", ""83"": ""双阳台"", ""82"": ""双卫生间"", ""637"": ""公办中学"", ""636"": ""公办小学"", ""603"": ""二级园"", ""598"": ""民办幼儿园"", ""597"": ""公办幼儿园"", ""541"": ""3D沙盘"", ""540"": ""日照模拟"", ""421"": ""无需摇号"", ""263"": ""VR看房"", ""50"": ""品牌开发商""}","[""大阳台"", ""车位充足"", ""低容积"", ""装修交付"", ""轨交房""]",https://pic4.ajkimg.com/display/xinfang/4360788d8ddedcd7063051e7f4e01285/275x206n.jpg,"[{""id"": ""7243891"", ""loupan_id"": ""519532"", ""station_id"": ""4815"", ""subway_id"": ""41"", ""city_id"": ""18"", ""distance"": ""896米"", ""status"": ""1"", ""last_update_time"": ""1774211231"", ""is_rail_loupan"": ""1"", ""subway_name"": ""2号线"", ""station_name"": ""良渚"", ""distance_raw"": ""896""}]",玉鸟街与良祥路交叉口（良渚地铁站B口直线距离约500米）
131043,海筑,杭州,18,淳安县,17455,淳安,17456,杭州淳安县淳安千岛湖镇阳光路与千岛湖大桥交叉口东北方向580米左右,,1967元/㎡,1967元/㎡,首付21万，月供5157元,102-139㎡,90000m²,320000m²,"[{""id"": 566325, ""rooms"": 3, ""room_alias"": ""三室"", ""area"": 102}, {""id"": 566346, ""rooms"": 3, ""room_alias"": ""三室"", ""area"": 110}, {""id"": 566332, ""rooms"": 3, ""room_alias"": ""三室"", ""area"": 114}, {""id"": 566350, ""rooms"": 3, ""room_alias"": ""三室"", ""area"": 118}, {""id"": 574442, ""rooms"": 3, ""room_alias"": ""三室"", ""area"": 118}, {""id"": 574437, ""rooms"": 3, ""room_alias"": ""三室"", ""area"": 119}, {""id"": 566353, ""rooms"": 4, ""room_alias"": ""四室"", ""area"": 127}, {""id"": 566343, ""rooms"": 4, ""room_alias"": ""四室"", ""area"": 136}, {""id"": 566337, ""rooms"": 4, ""room_alias"": ""四室"", ""area"": 139}]",3/4室,"3室户型,4室户型",1996-09-22,2020年05月05日,1996年,1997年,"[""2020-06-29"", ""2020-06-29"", ""2020-06-28"", ""2020-06-29"", ""2020-04-10""]",{高层},高层,70年,2.6,30%,2071,毛坯,在建中，竣工时间：2021-10-01,住宅,中海物业,2.29元/㎡/月,,2232,1.08:1,售罄,售罄,售罄,"[""淳售许字(2020)第09号"", ""淳售许字(2020)第06号"", ""淳售许字(2020)第08号"", ""淳售许字(2020)第11号"", ""淳售许字（2020）第05号""]","[""15#、16#、17#"", ""13#、19#"", ""20#"", ""18#"", ""14#""]",龙湖,招商蛇口,杭州千岛湖生态居房地产有限公司,民电,民水,29.652194,119.081336,"{""service_num"": ""4006708287"", ""num"": """"}","{""76"": ""厨卫全明"", ""74"": ""南北通透"", ""73"": ""卧室全朝南"", ""7"": ""项目在建"", ""78"": ""大户型"", ""404"": ""客餐厅相连"", ""403"": ""私密性好"", ""402"": ""玄关入户"", ""401"": ""户型方正"", ""397"": ""动静分离"", ""85"": ""主卧套房"", ""83"": ""双阳台"", ""263"": ""VR看房"", ""54"": ""大型社区"", ""50"": ""品牌开发商""}","[""厨卫全明"", ""南北通透"", ""卧室全朝南"", ""项目在建"", ""大户型""]",https://pic4.ajkimg.com/display/xinfang/a6c92786b7892c9cd334fd8b93b4fdb3/275x206n.jpg,[],杭州市淳安县千岛湖镇阳光路与千岛湖大桥交叉口东北方向580米左右
2860553,龙蓝湾谷,杭州,18,桐庐县,17459,桐庐,17460,杭州桐庐县桐庐富春西路888号,,,,,150㎡,14280m²,16165m²,"[{""id"": 441725, ""rooms"": 5, ""room_alias"": ""五室"", ""area"": 150}]",别墅,别墅户型,1996-12-18,2013年09月06日,1996年,1997年,"[""2013-09-06""]",{},,,,30%,44,毛坯,,别墅,中海物业,,,96,1:2,售罄,售罄,售罄,"[""桐售许字（2013）第041号""]","[""1#、2#、3#、4#、5#、6#""]",中铁建,,杭州绿尚置业有限公司,民电,民水,29.781165,119.660261,"{""service_num"": ""4006708287"", ""num"": """"}","{""559"": ""现房"", ""81"": ""大阳台"", ""77"": ""复式"", ""56"": ""车位充足"", ""76"": ""厨卫全明"", ""74"": ""南北通透"", ""37"": ""叠加"", ""78"": ""大户型"", ""86"": ""全景飘窗"", ""82"": ""双卫生间"", ""636"": ""公办小学"", ""98"": ""改善置业"", ""55"": ""小型社区"", ""51"": ""金牌物业""}","[""现房"", ""大阳台"", ""复式"", ""车位充足"", ""厨卫全明""]",https://pic4.ajkimg.com/display/xinfang/128f4b007efa2d9c91ee8f0b47fb0baa/275x206n.jpg,[],桐庐富春西路888号
6501114,万宝康城宅,杭州,18,临平区,24198,临平新城,24207,杭州临平区临平新城荷禹路与北沙西路交汇处,,,,,28-38㎡,50000m²,280000m²,"[{""id"": 105583, ""rooms"": 1, ""room_alias"": ""一室"", ""area"": 28.36}, {""id"": 105581, ""rooms"": 1, ""room_alias"": ""一室"", ""area"": 34.96}, {""id"": 105340, ""rooms"": 1, ""room_alias"": ""一室"", ""area"": 37}, {""id"": 105582, ""rooms"": 1, ""room_alias"": ""一室"", ""area"": 37.94}]",1室,商业户型,1996-08-01,,1996年,1997年,[],{高层},高层,40年,,25%,1900,"毛坯,带装修",,商业,招商积余,2.9元/㎡/月,,2000,1:1,售罄,售罄,售罄,[],[],融创,,,商电,商水,30.452808,120.296875,"""""","{""29"": ""装修交付"", ""9"": ""轨交房"", ""43"": ""loft"", ""72"": ""配套纯熟"", ""71"": ""便利店"", ""70"": ""银行"", ""68"": ""医院"", ""66"": ""公园"", ""65"": ""商业街"", ""64"": ""购物中心"", ""54"": ""大型社区""}","[""装修交付"", ""轨交房"", ""loft"", ""配套纯熟"", ""便利店""]",https://pic4.ajkimg.com/display/xinfang/d131b07fa76c42e3b445e4b6a38162fa/275x206n.jpg,"[{""id"": ""7253761"", ""loupan_id"": ""252059"", ""station_id"": ""120833"", ""subway_id"": ""12055"", ""city_id"": ""18"", ""distance"": ""243米"", ""status"": ""1"", ""last_update_time"": ""1774211227"", ""is_rail_loupan"": ""1"", ""subway_name"": ""9号线"", ""station_name"": ""荷禹路站"", ""distance_raw"": ""243""}, {""id"": ""7253760"", ""loupan_id"": ""252059"", ""station_id"": ""120834"", ""subway_id"": ""12055"", ""city_id"": ""18"", ""distance"": ""1390米"", ""status"": ""1"", ""last_update_time"": ""1774211227"", ""is_rail_loupan"": ""1"", ""subway_name"": ""9号线"", ""station_name"": ""五洲路站"", ""distance_raw"": ""1390""}]",杭州市荷禹路北沙西路交汇处
1703474,绿花园,杭州,18,拱墅区,1801,桥西,4577,杭州拱墅区桥西拱墅登云路（登云路与通益路交汇处西北侧）,,,,,122-320㎡,44764m²,150000m²,"[{""id"": 29587, ""rooms"": 3, ""room_alias"": ""三室"", ""area"": 122}, {""id"": 55384, ""rooms"": 3, ""room_alias"": ""三室"", ""area"": 123}, {""id"": 55388, ""rooms"": 3, ""room_alias"": ""三室"", ""area"": 125}, {""id"": 29589, ""rooms"": 3, ""room_alias"": ""三室"", ""area"": 131}, {""id"": 55372, ""rooms"": 3, ""room_alias"": ""三室"", ""area"": 131}, {""id"": 29588, ""rooms"": 4, ""room_alias"": ""四室"", ""area"": 128}, {""id"": 73715, ""rooms"": 5, ""room_alias"": ""五室"", ""area"": 249}]",3/4/5室、别墅,"3室户型,4室户型,别墅户型",1996-11-15,,1996年,1997年,[],多层,联排别墅,70年,2.5,30%,920,毛坯,,别墅,中海物业,2.75元/㎡/月,,913,1:0.99,售罄,售罄,售罄,[],[],佳兆业,,杭州名城北部置业有限公司,民电,民水,30.310393,120.120983,"{""service_num"": ""4006708287"", ""num"": """"}","{""57"": ""人车分流"", ""9"": ""轨交房"", ""72"": ""配套纯熟"", ""71"": ""便利店"", ""70"": ""银行"", ""69"": ""学校"", ""68"": ""医院"", ""67"": ""生态绿地"", ""66"": ""公园"", ""65"": ""商业街"", ""64"": ""购物中心"", ""78"": ""大户型"", ""638"": ""民办中学"", ""637"": ""公办中学"", ""636"": ""公办小学"", ""635"": ""民办小学"", ""624"": ""九年一贯制"", ""606"": ""省一级园"", ""598"": ""民办幼儿园"", ""597"": ""公办幼儿园""}","[""人车分流"", ""轨交房"", ""配套纯熟"", ""便利店"", ""银行""]",https://pic4.ajkimg.com/display/xinfang/deb77ba55bf1e5bfdf36db298e182680/275x206n.jpg,"[{""id"": ""7213283"", ""loupan_id"": ""238755"", ""station_id"": ""4836"", ""subway_id"": ""142"", ""city_id"": ""18"", ""distance"": ""532米"", ""status"": ""1"", ""last_update_time"": ""1774211228"", ""is_rail_loupan"": ""1"", ""subway_name"": ""5号线"", ""station_name"": ""大运河"", ""distance_raw"": ""532""}]",拱墅通益路（登云路与通益路口西北侧）
967556,瑞西岸美景,杭州,18,上城区,1802,丁桥,4579,"杭州上城区丁桥蕙兰雅路(紫丁香路和蕙兰雅路交汇处,新城广场西侧)",,,,,83-150㎡,128000m²,320000m²,"[{""id"": 55692, ""rooms"": 2, ""room_alias"": ""二室"", ""area"": 83}, {""id"": 15616, ""rooms"": 2, ""room_alias"": ""二室"", ""area"": 84}, {""id"": 28469, ""rooms"": 3, ""room_alias"": ""三室"", ""area"": 89}, {""id"": 55693, ""rooms"": 3, ""room_alias"": ""三室"", ""area"": 89}, {""id"": 96063, ""rooms"": 3, ""room_alias"": ""三室"", ""area"": 119}, {""id"": 96065, ""rooms"": 3, ""room_alias"": ""三室"", ""area"": 125}, {""id"": 28471, ""rooms"": 4, ""room_alias"": ""四室"", ""area"": 138}, {""id"": 96066, ""rooms"": 4, ""room_alias"": ""四室"", ""area"": 150}]",2/3/4室,"2室户型,3室户型,4室户型",1996-05-16,,1996年,1997年,[],{高层},高层,70年,2.4,30%,2000,毛坯,,住宅,金地智慧服务,1.5元/㎡/月,,700,1:0.7,售罄,售罄,售罄,[],[],美的置业,,广宇集团股份有限公司,民电,民水,30.378213,120.249963,"{""service_num"": ""4006708287"", ""num"": """"}","{""9"": ""轨交房"", ""72"": ""配套纯熟"", ""70"": ""银行"", ""69"": ""学校"", ""68"": ""医院"", ""66"": ""公园"", ""65"": ""商业街"", ""64"": ""购物中心"", ""78"": ""大户型"", ""637"": ""公办中学"", ""636"": ""公办小学"", ""635"": ""民办小学"", ""606"": ""省一级园"", ""603"": ""二级园"", ""598"": ""民办幼儿园"", ""597"": ""公办幼儿园"", ""54"": ""大型社区""}","[""轨交房"", ""配套纯熟"", ""银行"", ""学校"", ""医院""]",https://pic4.ajkimg.com/display/xinfang/099934d8e5414f6b4a4826047b8822a0/275x206n.jpg,"[{""id"": ""7212427"", ""loupan_id"": ""238485"", ""station_id"": ""10228"", ""subway_id"": ""1010"", ""city_id"": ""18"", ""distance"": ""683米"", ""status"": ""1"", ""last_update_time"": ""1774211230"", ""is_rail_loupan"": ""1"", ""subway_name"": ""3号线"", ""station_name"": ""丁桥"", ""distance_raw"": ""683""}, {""id"": ""7211835"", ""loupan_id"": ""238485"", ""station_id"": ""10218"", ""subway_id"": ""1010"", ""city_id"": ""18"", ""distance"": ""1357米"", ""status"": ""1"", ""last_update_time"": ""1774211230"", ""is_rail_loupan"": ""1"", ""subway_name"": ""3号线"", ""station_name"": ""桃花湖公园"", ""distance_raw"": ""1357""}]",蕙兰雅路635号(新城广场西侧)
8954307,千岛北辰汇,杭州,18,淳安县,17455,淳安,17456,杭州淳安县淳安新安南路10号,,,,,44-169㎡,20809m²,51047m²,"[{""id"": 95820, ""rooms"": 1, ""room_alias"": ""一室"", ""area"": 44.47}, {""id"": 95827, ""rooms"": 1, ""room_alias"": ""一室"", ""area"": 51.8}, {""id"": 95813, ""rooms"": 2, ""room_alias"": ""二室"", ""area"": 97.15}, {""id"": 95822, ""rooms"": 3, ""room_alias"": ""三室"", ""area"": 105.42}, {""id"": 95823, ""rooms"": 3, ""room_alias"": ""三室"", ""area"": 105.42}, {""id"": 95825, ""rooms"": 3, ""room_alias"": ""三室"", ""area"": 117.42}, {""id"": 95826, ""rooms"": 3, ""room_alias"": ""三室"", ""area"": 117.42}, {""id"": 95814, ""rooms"": 3, ""room_alias"": ""三室"", ""area"": 125.36}, {""id"": 95816, ""rooms"": 3, ""room_alias"": ""三室"", ""area"": 125.36}, {""id"": 95808, ""rooms"": 3, ""room_alias"": ""三室"", ""area"": 136.5}, {""id"": 95810, ""rooms"": 3, ""room_alias"": ""三室"", ""area"": 136.5}, {""id"": 95818, ""rooms"": 4, ""room_alias"": ""四室"", ""area"": 153.15}, {""id"": 95819, ""rooms"": 4, ""room_alias"": ""四室"", ""area"": 153.15}, {""id"": 95811, ""rooms"": 4, ""room_alias"": ""四室"", ""area"": 169.1}, {""id"": 95812, ""rooms"": 4, ""room_alias"": ""四室"", ""area"": 169.1}]",1/2/3/4室,"1室户型,2室户型,3室户型,4室户型",1996-01-08,,1996年,1997年,[],别墅,高层,70年,1.87,30%,362,毛坯,,住宅,绿城服务,1.2元/㎡/月,,200,1:0.6,售罄,售罄,售罄,"[""淳售许字(2012)第000004号""]",[],美的置业,,浙江华盈置业投资有限公司,民电,民水,29.593987,119.059103,"""""","{""52"": ""低容积"", ""31"": ""大平层"", ""63"": ""旅游地产"", ""72"": ""配套纯熟"", ""70"": ""银行"", ""69"": ""学校"", ""68"": ""医院"", ""66"": ""公园"", ""65"": ""商业街"", ""64"": ""购物中心"", ""79"": ""小户型"", ""78"": ""大户型""}","[""低容积"", ""大平层"", ""旅游地产"", ""配套纯熟"", ""银行""]",https://pic4.ajkimg.com/display/xinfang/291ae75880acf4f06ec8a1484db3ae15/275x206n.jpg,[],千岛湖城中心位置新安南路10号
2592586,泰雅居A区,杭州,18,建德市,17457,建德,17458,杭州建德市建德严州大道，第一人民医院对面,,,,,89-140㎡,52000m²,177000m²,"[{""id"": 106720, ""rooms"": 3, ""room_alias"": ""三室"", ""area"": 89}, {""id"": 106721, ""rooms"": 3, ""room_alias"": ""三室"", ""area"": 140}]",3室,3室户型,1996-07-11,,1996年,1997年,[],{高层},高层,70年,2.4,30%,800,"毛坯,带装修",,住宅,龙湖智慧服务,2.8元/㎡/月,,1115,1:1.4,售罄,售罄,售罄,"[""建售许字(2014)第011号"", ""建售许字(2014)第007号更1"", ""建售许字(2013)第018号更1"", ""建售许字(2013)第010号"", ""建售许字(2013)第007号""]",[],金茂,,绿城房地产集团有限公司,民电,民水,29.459675,119.291129,"""""","{""56"": ""车位充足"", ""29"": ""装修交付"", ""72"": ""配套纯熟"", ""71"": ""便利店"", ""70"": ""银行"", ""69"": ""学校"", ""68"": ""医院"", ""66"": ""公园"", ""65"": ""商业街"", ""64"": ""购物中心"", ""78"": ""大户型"", ""636"": ""公办小学"", ""51"": ""金牌物业""}","[""车位充足"", ""装修交付"", ""配套纯熟"", ""便利店"", ""银行""]",https://pic4.ajkimg.com/display/xinfang/1d710a410d39e0aed777c5bc604c08c1/275x206n.jpg,[],建德市严州大道，第一人民医院对面
5192161,瑞理想坊,杭州,18,钱塘区,20267,江东新城,20272,杭州钱塘区江东新城新湾街道建华路与闸口路西北交汇处,,2530元/㎡,2530元/㎡,首付24万，月供5771元,89-120㎡,66654m²,179966m²,"[{""id"": 683239, ""rooms"": 3, ""room_alias"": ""三室"", ""area"": 89}, {""id"": 722145, ""rooms"": 3, ""room_alias"": ""三室"", ""area"": 89}, {""id"": 683240, ""rooms"": 4, ""room_alias"": ""四室"", ""area"": 119}]",3/4室,"3室户型,4室户型",1996-01-11,2021年12月20日,1996年,1997年,"[""2021-12-10"", ""2021-11-20"", ""2021-09-30"", ""2021-08-19"", ""2021-07-21""]",{高层},高层,70年,2.7,30%,1130,带装修,,住宅,碧桂园服务,3.35元/㎡/月,,1253,1:1.1,售罄,售罄,售罄,"[""杭售许字(2021)第003057号"", ""杭售许字(2021)第003050号"", ""杭售许字(2021)第003042号"", ""杭售许字(2021)第003035号"", ""杭售许字(2021)第003031号""]","[""7#、11#、12#"", ""4#、8#"", ""9#、10#"", ""1#、6#"", ""2#、3#、5#""]",正荣,东原地产,杭州东望房地产开发有限公司,民电,民水,30.291285,120.546084,"""""","{""56"": ""车位充足"", ""29"": ""装修交付"", ""76"": ""厨卫全明"", ""74"": ""南北通透"", ""78"": ""大户型"", ""404"": ""客餐厅相连"", ""402"": ""玄关入户"", ""401"": ""户型方正"", ""397"": ""动静分离"", ""85"": ""主卧套房"", ""82"": ""双卫生间"", ""637"": ""公办中学"", ""636"": ""公办小学"", ""597"": ""公办幼儿园"", ""263"": ""VR看房"", ""50"": ""品牌开发商""}","[""车位充足"", ""装修交付"", ""厨卫全明"", ""南北通透"", ""大户型""]",https://pic4.ajkimg.com/display/xinfang/7d4c4acf06f34e4c65b4cf9ffbe5df52/275x206n.jpg,[],杭州市钱塘区新湾街道建华路与闸口路交汇处
625540,中天北辰墅,杭州,18,钱塘区,20267,江东新城,20272,杭州钱塘区江东新城新湾路与复兴路交叉口,,2530元/㎡,2530元/㎡,首付27万，月供6564元,86-101㎡,40000m²,160000m²,"[{""id"": 722180, ""rooms"": 3, ""room_alias"": ""三室"", ""area"": 86}, {""id"": 722181, ""rooms"": 3, ""room_alias"": ""三室"", ""area"": 86}, {""id"": 715806, ""rooms"": 3, ""room_alias"": ""三室"", ""area"": 101}, {""id"": 715807, ""rooms"": 3, ""room_alias"": ""三室"", ""area"": 101}]",3室,3室户型,1996-07-21,2022年10月16日,1996年,1997年,"[""2022-10-09"", ""2022-05-16"", ""2022-03-07"", ""2021-12-17""]",{高层},高层,70年,2.8,35%,1124,带装修,在建中，竣工时间：2024-10-09,住宅,万科物业,3.25元/㎡/月,,1142,1;1,售罄,售罄,售罄,"[""杭售许字(2022)第003032号"", ""杭售许字(2022)第003013号"", ""杭售许字(2022)第003006号"", ""杭售许字(2021)第003059号""]","[""5#、6#、4#"", ""2#、3#、8#"", ""7#"", ""1#""]",中铁建,中天控股,杭州瑞盛房地产开发有限公司,民电,民水,30.277548,120.533861,"""""","{""559"": ""现房"", ""29"": ""装修交付"", ""9"": ""轨交房"", ""76"": ""厨卫全明"", ""74"": ""南北通透"", ""7"": ""项目在建"", ""547"": ""地铁"", ""404"": ""客餐厅相连"", ""403"": ""私密性好"", ""402"": ""玄关入户"", ""401"": ""户型方正"", ""85"": ""主卧套房"", ""637"": ""公办中学"", ""636"": ""公办小学"", ""597"": ""公办幼儿园"", ""541"": ""3D沙盘"", ""540"": ""日照模拟"", ""421"": ""无需摇号"", ""263"": ""VR看房"", ""226"": ""商业街区"", ""50"": ""品牌开发商""}","[""现房"", ""装修交付"", ""轨交房"", ""厨卫全明"", ""南北通透""]",https://pic4.ajkimg.com/display/xinfang/84ba54a30ad79dd5e4c6de2ff390f4db/275x206n.jpg,"[{""id"": ""7253883"", ""loupan_id"": ""503135"", ""station_id"": ""120806"", ""subway_id"": ""12056"", ""city_id"": ""18"", ""distance"": ""1160米"", ""status"": ""1"", ""last_update_time"": ""1774211229"", ""is_rail_loupan"": ""1"", ""subway_name"": ""8号线"", ""station_name"": ""新湾路站"", ""distance_raw"": ""1160""}]",杭州市钱塘区新湾街道新湾路645号
1485105,龙洲,杭州,18,拱墅区,1801,申花,5130,杭州拱墅区申花莫干山路与留祥路口交叉口,,,,,89-139㎡,33102m²,143226.47m²,"[{""id"": 170003, ""rooms"": 3, ""room_alias"": ""三室"", ""area"": 89}, {""id"": 170004, ""rooms"": 3, ""room_alias"": ""三室"", ""area"": 89}, {""id"": 263416, ""rooms"": 4, ""room_alias"": ""四室"", ""area"": 139}]",3/4室,"3室户型,4室户型",1996-04-04,,1996年,1997年,[],{高层},高层,70年,3,30%,991,毛坯,,住宅,保利物业,2.25元/㎡/月,,1027,1:1,售罄,售罄,售罄,"[""杭售许字(2016)第000017号""]",[],保利,,,民电,民水,30.340706,120.108631,"""""","{""9"": ""轨交房"", ""10"": ""多轨交"", ""69"": ""学校"", ""65"": ""商业街"", ""78"": ""大户型"", ""638"": ""民办中学"", ""637"": ""公办中学"", ""636"": ""公办小学"", ""624"": ""九年一贯制"", ""606"": ""省一级园"", ""603"": ""二级园"", ""598"": ""民办幼儿园"", ""597"": ""公办幼儿园""}","[""轨交房"", ""多轨交"", ""学校"", ""商业街"", ""大户型""]",https://pic4.ajkimg.com/display/xinfang/c23d2242639572d8e585f70f1cee5a71/275x206n.jpg,"[{""id"": ""7211403"", ""loupan_id"": ""409262"", ""station_id"": ""120467"", ""subway_id"": ""12038"", ""city_id"": ""18"", ""distance"": ""1137米"", ""status"": ""1"", ""last_update_time"": ""1774211226"", ""is_rail_loupan"": ""1"", ""subway_name"": ""10号线"", ""station_name"": ""花园岗"", ""distance_raw"": ""1137""}, {""id"": ""7212722"", ""loupan_id"": ""409262"", ""station_id"": ""4810"", ""subway_id"": ""41"", ""city_id"": ""18"", ""distance"": ""1403米"", ""status"": ""1"", ""last_update_time"": ""1774211227"", ""is_rail_loupan"": ""1"", ""subway_name"": ""2号线"", ""station_name"": ""三墩"", ""distance_raw"": ""1403""}]",拱墅区莫干山路与留祥路口交叉口
3657946,天碧水景,杭州,18,余杭区,1808,未来科技城,23296,杭州余杭区未来科技城文一西路舒心路口,,4638元/㎡,4638元/㎡,首付20万，月供4941元,42-88㎡,107516m²,739857m²,"[{""id"": 487128, ""rooms"": 2, ""room_alias"": ""二室"", ""area"": 41.54}, {""id"": 483126, ""rooms"": 2, ""room_alias"": ""二室"", ""area"": 61.85}, {""id"": 688552, ""rooms"": 2, ""room_alias"": ""二室"", ""area"": 88}]",2室,商业户型,1996-12-18,2019年09月20日,1996年,1997年,"[""2019-09-20"", ""2020-06-15"", ""2020-03-13"", ""2019-12-23"", ""2019-08-31"", ""2019-12-16""]",{高层},高层,40年,4.5,27%,2502,带装修,在建中，竣工时间：暂无数据,商业,金地智慧服务,3.3~5.5元/㎡/月,,,,售罄,售罄,售罄,"[""余售许字（2019）第00792号"", ""余售许字（2020）第00592号"", ""余售许字（2020）第00073号"", ""余售许字（2019）第01312号"", ""余售许字（2019）第00715号"", ""余售许字（2019）第01278号""]","[""2#"", ""5#、9#"", ""4#"", ""6#、7#"", ""1#"", ""3#、8#""]",绿城,富力集团,富力集团,商电,商水,30.265703,119.996157,"""""","{""77"": ""复式"", ""29"": ""装修交付"", ""9"": ""轨交房"", ""76"": ""厨卫全明"", ""73"": ""卧室全朝南"", ""7"": ""项目在建"", ""10"": ""多轨交"", ""71"": ""便利店"", ""70"": ""银行"", ""65"": ""商业街"", ""397"": ""动静分离"", ""84"": ""双厨房"", ""82"": ""双卫生间"", ""263"": ""VR看房"", ""54"": ""大型社区"", ""50"": ""品牌开发商""}","[""复式"", ""装修交付"", ""轨交房"", ""厨卫全明"", ""卧室全朝南""]",https://pic4.ajkimg.com/display/xinfang/8352f1c87efd872b70c3281127628a10/275x206n.jpg,"[{""id"": ""7214034"", ""loupan_id"": ""455957"", ""station_id"": ""10694"", ""subway_id"": ""142"", ""city_id"": ""18"", ""distance"": ""660米"", ""status"": ""1"", ""last_update_time"": ""1774211232"", ""is_rail_loupan"": ""1"", ""subway_name"": ""5号线"", ""station_name"": ""葛巷"", ""distance_raw"": ""660""}, {""id"": ""7213134"", ""loupan_id"": ""455957"", ""station_id"": ""4826"", ""subway_id"": ""142"", ""city_id"": ""18"", ""distance"": ""970米"", ""status"": ""1"", ""last_update_time"": ""1774211231"", ""is_rail_loupan"": ""1"", ""subway_name"": ""5号线"", ""station_name"": ""创景路"", ""distance_raw"": ""970""}, {""id"": ""7212920"", ""loupan_id"": ""455957"", ""station_id"": ""120599"", ""subway_id"": ""12046"", ""city_id"": ""18"", ""distance"": ""1163米"", ""status"": ""1"", ""last_update_time"": ""1774211227"", ""is_rail_loupan"": ""1"", ""subway_name"": ""19号线"", ""station_name"": ""创景路站"", ""distance_raw"": ""1163""}]",杭州市余杭区文一西路舒心路口
5781933,滨江盛世源,杭州,18,余杭区,1808,未来科技城,23296,杭州余杭区未来科技城绿汀路与汀目路交叉口,,4853元/㎡,4853元/㎡,首付51万，月供12262元,106-169㎡,53531m²,192952m²,"[{""id"": 865372, ""rooms"": 3, ""room_alias"": ""三室"", ""area"": 106}, {""id"": 865373, ""rooms"": 3, ""room_alias"": ""三室"", ""area"": 106}, {""id"": 865371, ""rooms"": 4, ""room_alias"": ""四室"", ""area"": 120}, {""id"": 865349, ""rooms"": 4, ""room_alias"": ""四室"", ""area"": 124}, {""id"": 865350, ""rooms"": 4, ""room_alias"": ""四室"", ""area"": 124}, {""id"": 865347, ""rooms"": 4, ""room_alias"": ""四室"", ""area"": 139}, {""id"": 865348, ""rooms"": 4, ""room_alias"": ""四室"", ""area"": 139}, {""id"": 865346, ""rooms"": 4, ""room_alias"": ""四室"", ""area"": 169}]",3/4室,"3室户型,4室户型",1996-03-27,2025年09月13日,1996年,1997年,"[""2025-09-03"", ""2025-08-13"", ""2025-07-31"", ""2025-07-10"", ""2025-06-11"", ""2025-05-21"", ""2025-05-06""]",{高层},高层,70年,2.5,35%,1032,带装修,在建中，竣工时间：暂无数据,住宅,旭辉永升,4.5元/㎡/月,人车分流,1142,1:1.1,售罄,售罄,售罄,"[""余杭房预许字（2025）第00374号"", ""余杭房预许字（2025）第00341号"", ""余杭房预许字（2025）第00322号"", ""余杭房预许字（2025）第00299号"", ""余杭房预许字（2025）第00242号"", ""余杭房预许字（2025）第00209号"", ""余杭房预许字（2025）第00178号""]","[""10#、17#、13#"", ""15#、9#"", ""16#、4#"", ""14#、1#"", ""3#、7#"", ""8#、5#"", ""2#、6#""]",朗诗,"滨江集团,绿城集团",,民电,民水,30.246964,120.021712,"{""service_num"": ""4006708287"", ""num"": ""24470""}","{""56"": ""车位充足"", ""29"": ""装修交付"", ""9"": ""轨交房"", ""76"": ""厨卫全明"", ""74"": ""南北通透"", ""73"": ""卧室全朝南"", ""7"": ""项目在建"", ""10"": ""多轨交"", ""276"": ""一房一价"", ""72"": ""配套纯熟"", ""70"": ""银行"", ""69"": ""学校"", ""68"": ""医院"", ""66"": ""公园"", ""65"": ""商业街"", ""64"": ""购物中心"", ""78"": ""大户型"", ""402"": ""玄关入户"", ""401"": ""户型方正"", ""397"": ""动静分离"", ""85"": ""主卧套房"", ""92"": ""热搜盘"", ""90"": ""人气楼盘"", ""744"": ""好房子"", ""636"": ""公办小学"", ""624"": ""九年一贯制"", ""606"": ""省一级园"", ""604"": ""三级园"", ""603"": ""二级园"", ""598"": ""民办幼儿园"", ""597"": ""公办幼儿园"", ""541"": ""3D沙盘"", ""540"": ""日照模拟"", ""263"": ""VR看房"", ""50"": ""品牌开发商""}","[""车位充足"", ""装修交付"", ""轨交房"", ""厨卫全明"", ""南北通透""]",https://pic4.ajkimg.com/display/xinfang/5639d2f3c1c7abebec2dd7ba66e4f473/275x206n.jpg,"[{""id"": ""7303225"", ""loupan_id"": ""529430"", ""station_id"": ""122102"", ""subway_id"": ""12109"", ""city_id"": ""18"", ""distance"": ""510米"", ""status"": ""1"", ""last_update_time"": ""1774211231"", ""is_rail_loupan"": ""1"", ""subway_name"": ""12号线"", ""station_name"": ""何母桥站"", ""distance_raw"": ""510""}, {""id"": ""7303222"", ""loupan_id"": ""529430"", ""station_id"": ""120524"", ""subway_id"": ""1010"", ""city_id"": ""18"", ""distance"": ""1450米"", ""status"": ""1"", ""last_update_time"": ""1774211228"", ""is_rail_loupan"": ""1"", ""subway_name"": ""3号线"", ""station_name"": ""全丰"", ""distance_raw"": ""1450""}]",余杭区高教路与绿汀路交叉口
6129959,万府A区,杭州,18,建德市,17457,建德,17458,杭州建德市建德子胥西路58号,,1405元/㎡,1405元/㎡,首付13万，月供3174元,88-135㎡,9750m²,28667m²,"[{""id"": 474143, ""rooms"": 2, ""room_alias"": ""二室"", ""area"": 88.33}, {""id"": 474144, ""rooms"": 3, ""room_alias"": ""三室"", ""area"": 125}, {""id"": 474145, ""rooms"": 3, ""room_alias"": ""三室"", ""area"": 135}]",2/3室,"2室户型,3室户型",1996-07-26,2019年04月28日,1996年,1997年,"[""2019-04-29""]",{高层},高层,70年,2.52,30%,216,毛坯,,住宅,旭辉永升,1.5元/㎡/月,,177,1:0.8,售罄,售罄,售罄,"[""建售许字（2019）第00230号""]","[""1#、2#""]",阳光城,,建德市乾潭商会大厦开发建设有限公司,民电,民水,29.617561,119.542292,"""""","{""559"": ""现房"", ""76"": ""厨卫全明"", ""74"": ""南北通透"", ""73"": ""卧室全朝南"", ""78"": ""大户型"", ""404"": ""客餐厅相连"", ""403"": ""私密性好"", ""402"": ""玄关入户"", ""401"": ""户型方正"", ""397"": ""动静分离"", ""85"": ""主卧套房"", ""83"": ""双阳台"", ""263"": ""VR看房"", ""55"": ""小型社区""}","[""现房"", ""厨卫全明"", ""南北通透"", ""卧室全朝南"", ""大户型""]",https://pic4.ajkimg.com/display/xinfang/8abd5b709ed5bef3afeff9acda7b2dcd/275x206n.jpg,[],建德市子胥西路88号乾潭商会大厦一楼东侧
6616479,锦白鸽小区,杭州,18,拱墅区,1801,东新,1814,杭州拱墅区东新中诸葛路与长浜弄交汇处,,8342元/㎡,8342元/㎡,首付117万，月供28131元,139-180㎡,18773m²,46932.5m²,"[{""id"": 867155, ""rooms"": 4, ""room_alias"": ""四室"", ""area"": 139}, {""id"": 867153, ""rooms"": 4, ""room_alias"": ""四室"", ""area"": 159}, {""id"": 870267, ""rooms"": 4, ""room_alias"": ""四室"", ""area"": 179}, {""id"": 862127, ""rooms"": 4, ""room_alias"": ""四室"", ""area"": 180}]",4室,4室户型,1996-10-02,2025年06月28日,1996年,1997年,"[""2025-06-18"", ""2025-06-09"", ""2025-05-13""]",{},,70年,2.5,35%,283,,,住宅,龙湖智慧服务,,,448,,售罄,售罄,售罄,"[""杭房预许字（2025）第00264号"", ""杭房预许字（2025）第00239号"", ""杭房预许字（2025）第00189号""]","[""5#、3#"", ""2#、6#、4#"", ""8#、7#、1#""]",华侨城,绿城集团,,民电,民水,30.29446,120.197026,"""""","{""81"": ""大阳台"", ""9"": ""轨交房"", ""76"": ""厨卫全明"", ""75"": ""三房朝南"", ""74"": ""南北通透"", ""73"": ""卧室全朝南"", ""276"": ""一房一价"", ""72"": ""配套纯熟"", ""71"": ""便利店"", ""70"": ""银行"", ""69"": ""学校"", ""68"": ""医院"", ""67"": ""生态绿地"", ""66"": ""公园"", ""65"": ""商业街"", ""64"": ""购物中心"", ""78"": ""大户型"", ""402"": ""玄关入户"", ""401"": ""户型方正"", ""397"": ""动静分离"", ""86"": ""全景飘窗"", ""85"": ""主卧套房"", ""83"": ""双阳台"", ""82"": ""双卫生间"", ""637"": ""公办中学"", ""636"": ""公办小学"", ""624"": ""九年一贯制"", ""606"": ""省一级园"", ""598"": ""民办幼儿园"", ""597"": ""公办幼儿园"", ""541"": ""3D沙盘"", ""540"": ""日照模拟"", ""263"": ""VR看房"", ""55"": ""小型社区"", ""50"": ""品牌开发商""}","[""大阳台"", ""轨交房"", ""厨卫全明"", ""三房朝南"", ""南北通透""]",https://pic4.ajkimg.com/display/xinfang/ea441708d48cd1dc217b072b9843d150/275x206n.jpg,"[{""id"": ""7301810"", ""loupan_id"": ""529055"", ""station_id"": ""4840"", ""subway_id"": ""142"", ""city_id"": ""18"", ""distance"": ""467米"", ""status"": ""1"", ""last_update_time"": ""1774211227"", ""is_rail_loupan"": ""1"", ""subway_name"": ""5号线"", ""station_name"": ""东新园"", ""distance_raw"": ""467""}, {""id"": ""7301809"", ""loupan_id"": ""529055"", ""station_id"": ""4841"", ""subway_id"": ""142"", ""city_id"": ""18"", ""distance"": ""1145米"", ""status"": ""1"", ""last_update_time"": ""1774211227"", ""is_rail_loupan"": ""1"", ""subway_name"": ""5号线"", ""station_name"": ""杭氧"", ""distance_raw"": ""1145""}]",拱墅区武林文晖·中诸葛路与长浜弄交汇处
42765,湖翠玉兰花园,杭州,18,临平区,24198,临平新城,24207,杭州临平区临平新城星河南路与良熟路交叉口,,4317元/㎡,4317元/㎡,首付66万，月供15941元,168-200㎡,40469m²,102344.2m²,"[{""id"": 803399, ""rooms"": 4, ""room_alias"": ""四室"", ""area"": 168}, {""id"": 803400, ""rooms"": 4, ""room_alias"": ""四室"", ""area"": 200}]",4室,4室户型,1996-12-27,2023年11月10日,1996年,1997年,"[""2023-10-31"", ""2023-09-11"", ""2023-06-20"", ""2023-07-11"", ""2023-08-09""]",{高层},高层,70年,1.8,40%,382,带装修,,住宅,碧桂园服务,,,709,1:1.86,售罄,售罄,售罄,"[""临平房预许字（2023）第00625号"", ""临平房预许字（2023）第00509号"", ""临平售许字(2023)第ZJ00356号"", ""临平售许字（2023）第ZJ00386号"", ""临平房预许字（2023）第00438号""]","[""11#、5#、8#"", ""4#、7#"", ""9#、6#"", ""12#、13#、3#"", ""10#、2#、1#""]",仁恒,中天控股,中腾置业,民电,民水,30.400526,120.282364,"""""","{""56"": ""车位充足"", ""53"": ""高绿化率"", ""52"": ""低容积"", ""29"": ""装修交付"", ""9"": ""轨交房"", ""76"": ""厨卫全明"", ""74"": ""南北通透"", ""10"": ""多轨交"", ""276"": ""一房一价"", ""72"": ""配套纯熟"", ""71"": ""便利店"", ""70"": ""银行"", ""69"": ""学校"", ""68"": ""医院"", ""67"": ""生态绿地"", ""66"": ""公园"", ""65"": ""商业街"", ""64"": ""购物中心"", ""78"": ""大户型"", ""402"": ""玄关入户"", ""401"": ""户型方正"", ""85"": ""主卧套房"", ""83"": ""双阳台"", ""638"": ""民办中学"", ""637"": ""公办中学"", ""636"": ""公办小学"", ""635"": ""民办小学"", ""598"": ""民办幼儿园"", ""597"": ""公办幼儿园"", ""593"": ""以旧换新"", ""541"": ""3D沙盘"", ""540"": ""日照模拟"", ""263"": ""VR看房"", ""50"": ""品牌开发商""}","[""车位充足"", ""高绿化率"", ""低容积"", ""装修交付"", ""轨交房""]",https://pic4.ajkimg.com/display/xinfang/daf5962dfaadca7bcc1304ea25dcb245/275x206n.jpg,"[{""id"": ""7266700"", ""loupan_id"": ""519560"", ""station_id"": ""122147"", ""subway_id"": ""12111"", ""city_id"": ""18"", ""distance"": ""1181米"", ""status"": ""1"", ""last_update_time"": ""1774211226"", ""is_rail_loupan"": ""1"", ""subway_name"": ""18号线"", ""station_name"": ""文正街站"", ""distance_raw"": ""1181""}, {""id"": ""7253776"", ""loupan_id"": ""519560"", ""station_id"": ""120829"", ""subway_id"": ""12055"", ""city_id"": ""18"", ""distance"": ""1282米"", ""status"": ""1"", ""last_update_time"": ""1774211231"", ""is_rail_loupan"": ""1"", ""subway_name"": ""9号线"", ""station_name"": ""临平南高铁站站"", ""distance_raw"": ""1282""}]",杭州市临平区星河南路与良熟路交叉口
1817474,瑞峰A区,杭州,18,建德市,17457,建德,17458,杭州建德市建德洋安新城荷映路与玉女山路交叉口西南侧,,1827元/㎡,1827元/㎡,首付9万，月供2164元,42-47㎡,,120000m²,"[{""id"": 750963, ""rooms"": 1, ""room_alias"": ""一室"", ""area"": 47}, {""id"": 750964, ""rooms"": 2, ""room_alias"": ""二室"", ""area"": 42}, {""id"": 750962, ""rooms"": 2, ""room_alias"": ""二室"", ""area"": 47}]",1/2室,商业户型,1996-05-27,2020年09月18日,1996年,1997年,"[""2020-09-18""]",{高层},高层,40年,,,229,毛坯,,商业,招商积余,4.8元/㎡/月,,,,售罄,售罄,售罄,"[""建售许字（2020）第01251号""]","[""B座""]",绿城,杭房地产,,商电,商水,29.491687,119.304431,"{""service_num"": ""4006708287"", ""num"": ""43249""}","{""559"": ""现房"", ""5"": ""低单价"", ""4"": ""低总价"", ""90"": ""人气楼盘"", ""55"": ""小型社区"", ""50"": ""品牌开发商""}","[""现房"", ""低单价"", ""低总价"", ""人气楼盘"", ""小型社区""]",https://pic4.ajkimg.com/display/xinfang/51d04204f1ce0f0b20d4ef52aa68b1c5/275x206n.jpg,[],建德市洋安新城
2731772,万美好庭,杭州,18,富阳区,16786,富春湾新城,25394,杭州富阳区富春湾新城富春湾新城大桥南路与望仙路交叉口（富阳高铁站北约500米）,,2291元/㎡,2291元/㎡,首付19万，月供4797元,89-120㎡,83003m²,304065.62m²,"[{""id"": 614214, ""rooms"": 3, ""room_alias"": ""三室"", ""area"": 89}, {""id"": 698263, ""rooms"": 3, ""room_alias"": ""三室"", ""area"": 95}, {""id"": 702393, ""rooms"": 3, ""room_alias"": ""三室"", ""area"": 97}, {""id"": 643084, ""rooms"": 3, ""room_alias"": ""三室"", ""area"": 98}, {""id"": 614217, ""rooms"": 3, ""room_alias"": ""三室"", ""area"": 109}, {""id"": 681571, ""rooms"": 3, ""room_alias"": ""三室"", ""area"": 115}, {""id"": 641512, ""rooms"": 4, ""room_alias"": ""四室"", ""area"": 120}]",3/4室,"3室户型,4室户型",1996-07-12,2022年10月19日,1996年,1997年,"[""2021-09-07"", ""2021-06-18"", ""2021-06-04"", ""2021-04-06"", ""2021-01-13"", ""2020-12-04"", ""2022-09-08"", ""2022-10-11"", ""2022-08-15"", ""2022-04-15"", ""2021-11-03"", ""2021-10-21""]",高层,高层,70年,2.4,35%,1892,毛坯,已竣工，竣工时间：2023-10-11,住宅,招商积余,1.74~1.74元/㎡/月,,2769,1:1.46,售罄,售罄,售罄,"[""富售许字（2021）第ZJ02210号"", ""富售许字（2021）第ZJ01977号"", ""富售许字（2021）第ZJ01933号"", ""富售许字（2021）第ZJ00307号"", ""富售许字（2021）第ZJ00036号"", ""富售许字（2020）第01629号"", ""富售许字（2022）第ZJ00412号"", ""富售许字（2022）第ZJ00483号"", ""富售许字（2022）第ZJ00373号"", ""富售许字（2022）第ZJ00145号"", ""富售许字（2021）第ZJ02380号"", ""富售许字（2021）第ZJ02350号""]","[""10#、11#、12#"", ""9#"", ""3#、6#、8#"", ""4#、7#"", ""5#"", ""1#、2#"", ""16#、20#"", ""17#、21#"", ""15#"", ""19#"", ""14#"", ""13#""]",金地,"保利集团,中交地产",中交、保利,民电,民水,30.000573,119.978656,"{""service_num"": ""4006708287"", ""num"": ""93825""}","{""559"": ""现房"", ""557"": ""项目竣工"", ""81"": ""大阳台"", ""56"": ""车位充足"", ""76"": ""厨卫全明"", ""74"": ""南北通透"", ""73"": ""卧室全朝南"", ""276"": ""一房一价"", ""78"": ""大户型"", ""404"": ""客餐厅相连"", ""403"": ""私密性好"", ""402"": ""玄关入户"", ""401"": ""户型方正"", ""397"": ""动静分离"", ""85"": ""主卧套房"", ""83"": ""双阳台"", ""82"": ""双卫生间"", ""638"": ""民办中学"", ""606"": ""省一级园"", ""603"": ""二级园"", ""598"": ""民办幼儿园"", ""597"": ""公办幼儿园"", ""541"": ""3D沙盘"", ""540"": ""日照模拟"", ""421"": ""无需摇号"", ""279"": ""品质好房"", ""263"": ""VR看房"", ""97"": ""刚需直选"", ""54"": ""大型社区"", ""50"": ""品牌开发商""}","[""现房"", ""项目竣工"", ""大阳台"", ""车位充足"", ""厨卫全明""]",https://pic4.ajkimg.com/display/xinfang/a7a88ac9d52cfa7ff2e639a06a279773/275x206n.jpg,[],杭州市富阳区富春湾新城大桥南路与望仙路交叉口（富阳高铁站北约500米）
1645739,裕丰桃源城,杭州,18,下城,1805,市中心,5125,杭州下城市中心白石路202号（颜三路与白石路交叉口东北侧）,,,,,129-140㎡,住宅：18484m² 别墅：18484m²,,"[{""id"": 77448, ""rooms"": 3, ""room_alias"": ""三室"", ""area"": 129}, {""id"": 65145, ""rooms"": 3, ""room_alias"": ""三室"", ""area"": 137.17}, {""id"": 65143, ""rooms"": 3, ""room_alias"": ""三室"", ""area"": 139.26}, {""id"": 65144, ""rooms"": 4, ""room_alias"": ""四室"", ""area"": 139.98}]",3/4室,,1996-04-27,,1996年,1997年,[],{高层},住宅：高层,住宅：70年 别墅：70年,住宅：2.2,住宅：30% 别墅：30%,住宅：480 别墅：480,住宅：毛坯 别墅：毛坯,,住宅,中海物业,住宅：2.5元/㎡/月,,住宅：443 别墅：443,住宅：1:0.92 别墅：1:0.92,售罄,售罄,售罄,[],[],正荣,,浙江裕丰实业有限公司;青鸟控股集团,住宅：民电,住宅：民水,30.310543,120.180266,"""""","{""9"": ""轨交房"", ""10"": ""多轨交"", ""72"": ""配套纯熟"", ""71"": ""便利店"", ""70"": ""银行"", ""69"": ""学校"", ""68"": ""医院"", ""67"": ""生态绿地"", ""66"": ""公园"", ""65"": ""商业街"", ""64"": ""购物中心"", ""638"": ""民办中学"", ""637"": ""公办中学"", ""636"": ""公办小学"", ""635"": ""民办小学"", ""624"": ""九年一贯制"", ""606"": ""省一级园"", ""598"": ""民办幼儿园"", ""597"": ""公办幼儿园""}","[""轨交房"", ""多轨交"", ""配套纯熟"", ""便利店"", ""银行""]",https://pic4.ajkimg.com/display/xinfang/4546d411a47b53d1dee6b378b1161d51/275x206n.jpg,"[{""id"": ""7214323"", ""loupan_id"": ""238615"", ""station_id"": ""4839"", ""subway_id"": ""142"", ""city_id"": ""18"", ""distance"": ""698米"", ""status"": ""1"", ""last_update_time"": ""1774211232"", ""is_rail_loupan"": ""1"", ""subway_name"": ""5号线"", ""station_name"": ""西文街"", ""distance_raw"": ""698""}, {""id"": ""7214328"", ""loupan_id"": ""238615"", ""station_id"": ""4840"", ""subway_id"": ""142"", ""city_id"": ""18"", ""distance"": ""962米"", ""status"": ""1"", ""last_update_time"": ""1774211232"", ""is_rail_loupan"": ""1"", ""subway_name"": ""5号线"", ""station_name"": ""东新园"", ""distance_raw"": ""962""}, {""id"": ""7266832"", ""loupan_id"": ""238615"", ""station_id"": ""122126"", ""subway_id"": ""12110"", ""city_id"": ""18"", ""distance"": ""1127米"", ""status"": ""1"", ""last_update_time"": ""1774211230"", ""is_rail_loupan"": ""1"", ""subway_name"": ""15号线"", ""station_name"": ""城北体育公园站"", ""distance_raw"": ""1127""}]",白石路202号灯塔豪园综合楼（近香积寺路）
462194,华岸B区,杭州,18,上城区,1802,城东新城,5133,杭州上城区城东新城三官塘路与新塘路交叉口（一号线七堡地铁站南侧）,,5341元/㎡,5341元/㎡,首付25万，月供6203元,38-59㎡,110000m²,370000m²,"[{""id"": 438324, ""rooms"": 1, ""room_alias"": ""一室"", ""area"": 41}, {""id"": 389523, ""rooms"": 1, ""room_alias"": ""一室"", ""area"": 45}, {""id"": 389520, ""rooms"": 1, ""room_alias"": ""一室"", ""area"": 51}, {""id"": 479855, ""rooms"": 2, ""room_alias"": ""二室"", ""area"": 59}, {""id"": 694707, ""rooms"": 3, ""room_alias"": ""三室"", ""area"": 38}, {""id"": 438325, ""rooms"": 3, ""room_alias"": ""三室"", ""area"": 42}]",1/2/3室,商业户型,1996-08-09,2018年12月02日,1996年,1997年,"[""2018-09-27"", ""2019-09-29"", ""2018-08-24"", ""2019-02-11""]",{高层},高层,40年,2.14,33%,2778,带装修,,商业,旭辉永升,4.8~6.8元/㎡/月,,2406,1:0.87,售罄,售罄,售罄,"[""杭售许字(2018)第000086号"", ""杭售许字(2019)第000099号"", ""杭售许字(2018)第000072号"", ""杭售许字(2019)第000005号""]","[""3#、6#"", ""2#"", ""1#"", ""4#、5#""]",禹洲,"招商蛇口,越秀地产",越秀地产；招商蛇口；江干城建,商电,商水,30.28784,120.253084,"""""","{""559"": ""现房"", ""77"": ""复式"", ""29"": ""装修交付"", ""9"": ""轨交房"", ""74"": ""南北通透"", ""43"": ""loft"", ""60"": ""海景地产"", ""70"": ""银行"", ""397"": ""动静分离"", ""84"": ""双厨房"", ""82"": ""双卫生间"", ""263"": ""VR看房"", ""226"": ""商业街区"", ""98"": ""改善置业"", ""54"": ""大型社区"", ""50"": ""品牌开发商""}","[""现房"", ""复式"", ""装修交付"", ""轨交房"", ""南北通透""]",https://pic4.ajkimg.com/display/xinfang/39098926bb7b6f66749048dfc875deef/275x206n.jpg,"[{""id"": ""7160000"", ""loupan_id"": ""435580"", ""station_id"": ""2634"", ""subway_id"": ""40"", ""city_id"": ""18"", ""distance"": ""356米"", ""status"": ""1"", ""last_update_time"": ""1774211226"", ""is_rail_loupan"": ""1"", ""subway_name"": ""1号线"", ""station_name"": ""七堡"", ""distance_raw"": ""356""}, {""id"": ""7160004"", ""loupan_id"": ""435580"", ""station_id"": ""2635"", ""subway_id"": ""40"", ""city_id"": ""18"", ""distance"": ""1452米"", ""status"": ""1"", ""last_update_time"": ""1774211226"", ""is_rail_loupan"": ""1"", ""subway_name"": ""1号线"", ""station_name"": ""九和路"", ""distance_raw"": ""1452""}]",三官塘路与新塘路交叉口（一号线七堡地铁站南侧）
