楼盘ID,楼盘名称,城市名称,城市ID,区域名称,区域ID,子区域名称,子区域ID,地址,环线位置,最新价格,参考价格,房贷计算信息,面积范围,占地面积,建筑面积,房间面积信息,户型文本描述,全部户型,开盘日期,开盘日期备注,开盘时间,交房时间,发证时间,建筑类型,建筑类型,产权年限,容积率,绿化率,规划户数,装修情况,工程进度,物业类型,物业公司,物业管理费,物业特色,车位数,车位比,销售状态,销售标题,租售标题,预售证号,绑定楼栋,开发商,开发商品牌,投资商,供电,供水,百度地图纬度,百度地图经度,400电话,所有标签列表,标签列表,默认图片,规交信息,售楼处地址
533486,绿城宸玺潮鸣,上海,11,青浦区,19,青浦新城,166,"上海青浦区青浦新城东至75-05地块,南至绿地,西至晙泽路,北至绿地",外郊环,nan,nan,nan,120-170㎡,住宅：9690.85m²,住宅：17443.53m²,"[{""id"": 889604, ""rooms"": 3, ""room_alias"": ""三室"", ""area"": 120}, {""id"": 889603, ""rooms"": 3, ""room_alias"": ""三室"", ""area"": 125}, {""id"": 889605, ""rooms"": 4, ""room_alias"": ""四室"", ""area"": 170}, {""id"": 889606, ""rooms"": 4, ""room_alias"": ""四室"", ""area"": 170}]",3/4室,"3室户型,4室户型",nan,nan,nan,nan,[],{高层},{高层},住宅：70年 别墅：70年,住宅：1.8 别墅：1.8,住宅：35% 别墅：35%,nan,nan,nan,住宅,nan,nan,nan,nan,nan,待售,待售,待售,[],[],上海浙诚宇置业有限公司,nan,nan,住宅：民电,住宅：民水,31.165863,121.135584,"{""service_num"": ""4006708287"", ""num"": ""65336""}","{""52"": ""低容积"", ""9"": ""轨交房"", ""76"": ""厨卫全明"", ""74"": ""南北通透"", ""73"": ""卧室全朝南"", ""10"": ""多轨交"", ""15"": ""外郊环"", ""72"": ""配套纯熟"", ""71"": ""便利店"", ""70"": ""银行"", ""69"": ""学校"", ""68"": ""医院"", ""67"": ""生态绿地"", ""66"": ""公园"", ""65"": ""商业街"", ""64"": ""购物中心"", ""78"": ""大户型"", ""402"": ""玄关入户"", ""401"": ""户型方正"", ""397"": ""动静分离"", ""85"": ""主卧套房"", ""92"": ""热搜盘"", ""90"": ""人气楼盘"", ""641"": ""寄宿制中学"", ""637"": ""公办中学"", ""636"": ""公办小学"", ""624"": ""九年一贯制"", ""604"": ""三级园"", ""603"": ""二级园"", ""602"": ""一级园"", ""601"": ""示范园"", ""598"": ""民办幼儿园"", ""597"": ""公办幼儿园"", ""591"": ""放松限购"", ""541"": ""3D沙盘"", ""540"": ""日照模拟"", ""263"": ""VR看房"", ""55"": ""小型社区""}","[""低容积"", ""轨交房"", ""厨卫全明"", ""南北通透"", ""卧室全朝南""]",https://pic4.ajkimg.com/display/xinfang/8b247afe8348afa638cd0ed0531a64b7/275x206n.jpg,"[{""id"": ""7330103"", ""loupan_id"": ""533486"", ""station_id"": ""6297"", ""subway_id"": ""203"", ""city_id"": ""11"", ""distance"": ""392米"", ""status"": ""1"", ""last_update_time"": ""1774209759"", ""is_rail_loupan"": ""1"", ""subway_name"": ""17号线"", ""station_name"": ""青浦新城"", ""distance_raw"": ""392""}, {""id"": ""7330098"", ""loupan_id"": ""533486"", ""station_id"": ""121527"", ""subway_id"": ""12085"", ""city_id"": ""11"", ""distance"": ""444米"", ""status"": ""1"", ""last_update_time"": ""1774209760"", ""is_rail_loupan"": ""1"", ""subway_name"": ""示范区线"", ""station_name"": ""青浦新城"", ""distance_raw"": ""444""}]",nan
523965,世纪·臻邸,上海,11,浦东,7,陆家嘴滨江,60,上海浦东陆家嘴滨江向城路295、297号,内环内,131800,131800元/㎡,首付212万，月供51105元,150-248㎡,9143.29m²,4340.91m²,"[{""id"": 828586, ""rooms"": 3, ""room_alias"": ""三室"", ""area"": 150}, {""id"": 828585, ""rooms"": 3, ""room_alias"": ""三室"", ""area"": 151}, {""id"": 864415, ""rooms"": 3, ""room_alias"": ""三室"", ""area"": 179}, {""id"": 864412, ""rooms"": 4, ""room_alias"": ""四室"", ""area"": 244}, {""id"": 864421, ""rooms"": 4, ""room_alias"": ""四室"", ""area"": 248}]",3/4室,"3室户型,4室户型",2024-07-12,2024年07月12日,2024年7月12日,2026年,"[""2024-06-27""]",{},{},70年,4.74,nan,27,带装修,在建中，竣工时间：暂无数据,住宅,上海陆家嘴物业管理有限公司,12元/㎡/月,nan,33,nan,在售,在售,在售,"[""浦东新区房管(2024)预字0000170号""]","[""2#""]",上海陆家嘴金融贸易区联合发展有限公司,陆家嘴,nan,民电,民水,31.232404,121.53907,"{""service_num"": ""4006708287"", ""num"": ""103709""}","{""29"": ""装修交付"", ""11"": ""内环内"", ""9"": ""轨交房"", ""76"": ""厨卫全明"", ""74"": ""南北通透"", ""73"": ""卧室全朝南"", ""7"": ""项目在建"", ""10"": ""多轨交"", ""276"": ""一房一价"", ""72"": ""配套纯熟"", ""71"": ""便利店"", ""70"": ""银行"", ""69"": ""学校"", ""68"": ""医院"", ""67"": ""生态绿地"", ""66"": ""公园"", ""65"": ""商业街"", ""64"": ""购物中心"", ""78"": ""大户型"", ""402"": ""玄关入户"", ""401"": ""户型方正"", ""85"": ""主卧套房"", ""718"": ""24年七批次"", ""641"": ""寄宿制中学"", ""638"": ""民办中学"", ""637"": ""公办中学"", ""636"": ""公办小学"", ""635"": ""民办小学"", ""624"": ""九年一贯制"", ""603"": ""二级园"", ""602"": ""一级园"", ""601"": ""示范园"", ""598"": ""民办幼儿园"", ""597"": ""公办幼儿园"", ""541"": ""3D沙盘"", ""263"": ""VR看房"", ""55"": ""小型社区"", ""50"": ""品牌开发商""}","[""装修交付"", ""内环内"", ""轨交房"", ""厨卫全明"", ""南北通透""]",https://pic4.ajkimg.com/display/xinfang/0275cbee220de8c9d9e45e4b985b5385/275x206n.jpg,"[{""id"": ""7258598"", ""loupan_id"": ""523965"", ""station_id"": ""3109"", ""subway_id"": ""62"", ""city_id"": ""11"", ""distance"": ""418米"", ""status"": ""1"", ""last_update_time"": ""1774209760"", ""is_rail_loupan"": ""1"", ""subway_name"": ""4号线"", ""station_name"": ""向城路"", ""distance_raw"": ""418""}, {""id"": ""7258590"", ""loupan_id"": ""523965"", ""station_id"": ""3229"", ""subway_id"": ""67"", ""city_id"": ""11"", ""distance"": ""695米"", ""status"": ""1"", ""last_update_time"": ""1774209758"", ""is_rail_loupan"": ""1"", ""subway_name"": ""9号线"", ""station_name"": ""世纪大道"", ""distance_raw"": ""695""}, {""id"": ""7258591"", ""loupan_id"": ""523965"", ""station_id"": ""3055"", ""subway_id"": ""60"", ""city_id"": ""11"", ""distance"": ""695米"", ""status"": ""1"", ""last_update_time"": ""1774209759"", ""is_rail_loupan"": ""1"", ""subway_name"": ""2号线"", ""station_name"": ""世纪大道"", ""distance_raw"": ""695""}, {""id"": ""7258594"", ""loupan_id"": ""523965"", ""station_id"": ""3153"", ""subway_id"": ""64"", ""city_id"": ""11"", ""distance"": ""695米"", ""status"": ""1"", ""last_update_time"": ""1774209760"", ""is_rail_loupan"": ""1"", ""subway_name"": ""6号线"", ""station_name"": ""世纪大道"", ""distance_raw"": ""695""}, {""id"": ""7258597"", ""loupan_id"": ""523965"", ""station_id"": ""3110"", ""subway_id"": ""62"", ""city_id"": ""11"", ""distance"": ""697米"", ""status"": ""1"", ""last_update_time"": ""1774209760"", ""is_rail_loupan"": ""1"", ""subway_name"": ""4号线"", ""station_name"": ""世纪大道"", ""distance_raw"": ""697""}, {""id"": ""7258593"", ""loupan_id"": ""523965"", ""station_id"": ""3154"", ""subway_id"": ""64"", ""city_id"": ""11"", ""distance"": ""983米"", ""status"": ""1"", ""last_update_time"": ""1774209760"", ""is_rail_loupan"": ""1"", ""subway_name"": ""6号线"", ""station_name"": ""浦电路"", ""distance_raw"": ""983""}, {""id"": ""7258595"", ""loupan_id"": ""523965"", ""station_id"": ""3152"", ""subway_id"": ""64"", ""city_id"": ""11"", ""distance"": ""1057米"", ""status"": ""1"", ""last_update_time"": ""1774209760"", ""is_rail_loupan"": ""1"", ""subway_name"": ""6号线"", ""station_name"": ""源深体育中心"", ""distance_raw"": ""1057""}, {""id"": ""7258592"", ""loupan_id"": ""523965"", ""station_id"": ""3054"", ""subway_id"": ""60"", ""city_id"": ""11"", ""distance"": ""1488米"", ""status"": ""1"", ""last_update_time"": ""1774209759"", ""is_rail_loupan"": ""1"", ""subway_name"": ""2号线"", ""station_name"": ""上海科技馆"", ""distance_raw"": ""1488""}]",向城路17号
533167,港城·云湖,上海,11,浦东,7,临港新城,150,上海浦东临港新城水芸路707弄、云鹃路718弄,郊环外,34357,34357元/㎡,nan,93-189㎡,23969.5m²,47431.82m²,"[{""id"": 885561, ""rooms"": 2, ""room_alias"": ""二室"", ""area"": 93}, {""id"": 885562, ""rooms"": 2, ""room_alias"": ""二室"", ""area"": 93}, {""id"": 885559, ""rooms"": 3, ""room_alias"": ""三室"", ""area"": 139}, {""id"": 885560, ""rooms"": 3, ""room_alias"": ""三室"", ""area"": 183}, {""id"": 885558, ""rooms"": 4, ""room_alias"": ""四室"", ""area"": 178}]",2/3/4室,"2室户型,3室户型,4室户型",2026-03-31,2026年03月,2026年3月,nan,[],{小高层},{小高层},70年,2,35%,132,带装修,已竣工，竣工时间：暂无数据,住宅,上海港城智慧空间物业服务有限公司,nan,nan,232,nan,待售,待售,待售,[],[],上海港辰置业有限公司,港城开发集团,上海港辰置业有限公司,民电,民水,30.908271,121.931425,"{""service_num"": ""4006708287"", ""num"": ""61313""}","{""557"": ""项目竣工"", ""29"": ""装修交付"", ""9"": ""轨交房"", ""76"": ""厨卫全明"", ""74"": ""南北通透"", ""73"": ""卧室全朝南"", ""10"": ""多轨交"", ""16"": ""郊环外"", ""72"": ""配套纯熟"", ""71"": ""便利店"", ""70"": ""银行"", ""69"": ""学校"", ""68"": ""医院"", ""66"": ""公园"", ""65"": ""商业街"", ""64"": ""购物中心"", ""78"": ""大户型"", ""402"": ""玄关入户"", ""401"": ""户型方正"", ""397"": ""动静分离"", ""85"": ""主卧套房"", ""641"": ""寄宿制中学"", ""637"": ""公办中学"", ""636"": ""公办小学"", ""625"": ""寄宿制小学"", ""603"": ""二级园"", ""602"": ""一级园"", ""601"": ""示范园"", ""597"": ""公办幼儿园"", ""591"": ""放松限购"", ""422"": ""30日内开盘"", ""263"": ""VR看房"", ""55"": ""小型社区"", ""50"": ""品牌开发商""}","[""项目竣工"", ""装修交付"", ""轨交房"", ""厨卫全明"", ""南北通透""]",https://pic4.ajkimg.com/display/xinfang/76da4c965f2bfb9727dd30c831d76f6d/275x206n.jpg,"[{""id"": ""7326925"", ""loupan_id"": ""533167"", ""station_id"": ""3012"", ""subway_id"": ""58"", ""city_id"": ""11"", ""distance"": ""815米"", ""status"": ""1"", ""last_update_time"": ""1774209761"", ""is_rail_loupan"": ""1"", ""subway_name"": ""16号线"", ""station_name"": ""滴水湖"", ""distance_raw"": ""815""}, {""id"": ""7326926"", ""loupan_id"": ""533167"", ""station_id"": ""121499"", ""subway_id"": ""12082"", ""city_id"": ""11"", ""distance"": ""1023米"", ""status"": ""1"", ""last_update_time"": ""1774209759"", ""is_rail_loupan"": ""1"", ""subway_name"": ""南枫线"", ""station_name"": ""滴水湖"", ""distance_raw"": ""1023""}]",临港软件园三号楼
528788,浦发上城,上海,11,浦东,7,金桥,68,上海浦东金桥金海路与金盖路交汇处,中外环,nan,nan,nan,nan,47550.8m²,195607.12m²,[],nan,nan,nan,nan,nan,nan,[],{高层},{高层},70年,nan,nan,704,nan,nan,住宅,nan,nan,nan,nan,nan,待售,待售,待售,[],[],上海盛世申金投资发展有限公司,浦发集团,nan,民电,民水,31.266722,121.64272,"{""service_num"": ""4006708287"", ""num"": ""19535""}","{""9"": ""轨交房"", ""10"": ""多轨交"", ""13"": ""中外环"", ""72"": ""配套纯熟"", ""71"": ""便利店"", ""70"": ""银行"", ""68"": ""医院"", ""67"": ""生态绿地"", ""66"": ""公园"", ""64"": ""购物中心"", ""638"": ""民办中学"", ""637"": ""公办中学"", ""636"": ""公办小学"", ""603"": ""二级园"", ""602"": ""一级园"", ""601"": ""示范园"", ""598"": ""民办幼儿园"", ""597"": ""公办幼儿园"", ""541"": ""3D沙盘"", ""540"": ""日照模拟"", ""50"": ""品牌开发商""}","[""轨交房"", ""多轨交"", ""中外环"", ""配套纯熟"", ""便利店""]",https://pic4.ajkimg.com/display/xinfang/096c9378acf48ba531dc0eefcd5c5d44/275x206n.jpg,"[{""id"": ""7300174"", ""loupan_id"": ""528788"", ""station_id"": ""6351"", ""subway_id"": ""67"", ""city_id"": ""11"", ""distance"": ""955米"", ""status"": ""1"", ""last_update_time"": ""1774209759"", ""is_rail_loupan"": ""1"", ""subway_name"": ""9号线"", ""station_name"": ""金海路"", ""distance_raw"": ""955""}, {""id"": ""7300178"", ""loupan_id"": ""528788"", ""station_id"": ""2980"", ""subway_id"": ""56"", ""city_id"": ""11"", ""distance"": ""1109米"", ""status"": ""1"", ""last_update_time"": ""1774209761"", ""is_rail_loupan"": ""1"", ""subway_name"": ""12号线"", ""station_name"": ""金海路"", ""distance_raw"": ""1109""}]",nan
521424,保利琅誉,上海,11,杨浦区,9,东外滩,87,上海杨浦区东外滩齐齐哈尔路688弄、800弄,内环内,117000,117000元/㎡,首付254万，月供61132元,99-143㎡,10814.2m²,32300m²,"[{""id"": 846540, ""rooms"": 3, ""room_alias"": ""三室"", ""area"": 99}, {""id"": 846541, ""rooms"": 3, ""room_alias"": ""三室"", ""area"": 99}, {""id"": 846543, ""rooms"": 3, ""room_alias"": ""三室"", ""area"": 99}, {""id"": 845857, ""rooms"": 4, ""room_alias"": ""四室"", ""area"": 143}]",3/4室,"3室户型,4室户型",2024-07-09,2024年07月09日,2024年7月9日,2026年下半年,"[""2024-06-27"", ""2024-06-27""]",{高层},{高层},70年,2.83,35%,281,带装修,在建中，竣工时间：暂无数据,住宅,保利物业服务股份有限公司,9.8元/㎡/月,nan,nan,1:1.1,尾盘,尾盘,尾盘,"[""杨浦房管（2024）预字0000171号"", ""杨浦房管（2024）预字0000172号""]","[""688弄3幢、688弄1幢、688弄2幢"", ""800弄1幢、800弄2幢""]",上海盛朗玥房地产开发有限公司,保利集团,nan,民电,民水,31.269592,121.533521,"""""","{""56"": ""车位充足"", ""29"": ""装修交付"", ""11"": ""内环内"", ""76"": ""厨卫全明"", ""74"": ""南北通透"", ""73"": ""卧室全朝南"", ""7"": ""项目在建"", ""276"": ""一房一价"", ""72"": ""配套纯熟"", ""71"": ""便利店"", ""70"": ""银行"", ""69"": ""学校"", ""68"": ""医院"", ""67"": ""生态绿地"", ""66"": ""公园"", ""65"": ""商业街"", ""64"": ""购物中心"", ""78"": ""大户型"", ""402"": ""玄关入户"", ""401"": ""户型方正"", ""397"": ""动静分离"", ""85"": ""主卧套房"", ""638"": ""民办中学"", ""637"": ""公办中学"", ""636"": ""公办小学"", ""635"": ""民办小学"", ""634"": ""24年三批次"", ""624"": ""九年一贯制"", ""603"": ""二级园"", ""602"": ""一级园"", ""601"": ""示范园"", ""598"": ""民办幼儿园"", ""597"": ""公办幼儿园"", ""541"": ""3D沙盘"", ""540"": ""日照模拟"", ""263"": ""VR看房"", ""55"": ""小型社区"", ""50"": ""品牌开发商""}","[""车位充足"", ""装修交付"", ""内环内"", ""厨卫全明"", ""南北通透""]",https://pic4.ajkimg.com/display/xinfang/757533683b9ebeeaa3f0d4865f5d9f2a/275x206n.jpg,[],nan
528388,四季隐秀,上海,11,宝山区,13,杨行,181,上海宝山区杨行宝杨路3077弄,外郊环,742,742万元/套起,首付111万，月供27970元,92-143㎡,住宅：62343.31m²,住宅：194617.53m²,"[{""id"": 855733, ""rooms"": 3, ""room_alias"": ""三室"", ""area"": 92}, {""id"": 855736, ""rooms"": 3, ""room_alias"": ""三室"", ""area"": 105}, {""id"": 855737, ""rooms"": 3, ""room_alias"": ""三室"", ""area"": 105}, {""id"": 857388, ""rooms"": 3, ""room_alias"": ""三室"", ""area"": 105}, {""id"": 855738, ""rooms"": 4, ""room_alias"": ""四室"", ""area"": 128}, {""id"": 856399, ""rooms"": 4, ""room_alias"": ""四室"", ""area"": 136}, {""id"": 871021, ""rooms"": 4, ""room_alias"": ""四室"", ""area"": 139}, {""id"": 871022, ""rooms"": 4, ""room_alias"": ""四室"", ""area"": 139}, {""id"": 871023, ""rooms"": 4, ""room_alias"": ""四室"", ""area"": 139}, {""id"": 871027, ""rooms"": 4, ""room_alias"": ""四室"", ""area"": 142}, {""id"": 871028, ""rooms"": 4, ""room_alias"": ""四室"", ""area"": 142}, {""id"": 871029, ""rooms"": 4, ""room_alias"": ""四室"", ""area"": 142}, {""id"": 856398, ""rooms"": 4, ""room_alias"": ""四室"", ""area"": 143}, {""id"": 871024, ""rooms"": 4, ""room_alias"": ""四室"", ""area"": 143}, {""id"": 871025, ""rooms"": 4, ""room_alias"": ""四室"", ""area"": 143}, {""id"": 871026, ""rooms"": 4, ""room_alias"": ""四室"", ""area"": 143}]",别墅、3/4室,"3室户型,4室户型,别墅户型",2025-08-28,2025年08月28日,2025年8月28日,2026年12月31日,"[""2025-08-15"", ""2025-02-25"", ""2025-06-14"", ""2025-04-16"", ""2024-12-12""]",{高层},{高层},住宅：70年 别墅：70年,住宅：2 别墅：2,住宅：35% 别墅：35%,nan,nan,在建中，竣工时间：暂无数据,住宅,nan,nan,nan,nan,nan,在售,在售,在售,"[""宝山房管（2025）预字0000232号"", ""宝山房管（2025）预字0000021号"", ""宝山房管（2025）预字0000166号"", ""宝山房管（2025）预字0000082号"", ""宝山房管（2024）预字0000395号""]","[""12#、21#、20#、26#、23#、27#、24#、13#、17#"", ""36#、40#、35#"", ""25#、22#、19#、14#、18#、15#、16#"", ""6#、9#、2#、3#"", ""4#、10#、1#""]",上海宜为兴置业发展有限公司,万科集团,nan,住宅：民电 别墅：民电,住宅：民水 别墅：民水,31.382524,121.448155,"{""service_num"": ""4006708287"", ""num"": ""15965""}","{""9"": ""轨交房"", ""76"": ""厨卫全明"", ""74"": ""南北通透"", ""73"": ""卧室全朝南"", ""7"": ""项目在建"", ""15"": ""外郊环"", ""276"": ""一房一价"", ""72"": ""配套纯熟"", ""71"": ""便利店"", ""70"": ""银行"", ""69"": ""学校"", ""68"": ""医院"", ""67"": ""生态绿地"", ""66"": ""公园"", ""65"": ""商业街"", ""64"": ""购物中心"", ""78"": ""大户型"", ""402"": ""玄关入户"", ""401"": ""户型方正"", ""397"": ""动静分离"", ""85"": ""主卧套房"", ""90"": ""人气楼盘"", ""637"": ""公办中学"", ""636"": ""公办小学"", ""624"": ""九年一贯制"", ""604"": ""三级园"", ""603"": ""二级园"", ""602"": ""一级园"", ""598"": ""民办幼儿园"", ""597"": ""公办幼儿园"", ""591"": ""放松限购"", ""541"": ""3D沙盘"", ""540"": ""日照模拟"", ""263"": ""VR看房"", ""55"": ""小型社区"", ""50"": ""品牌开发商""}","[""轨交房"", ""厨卫全明"", ""南北通透"", ""卧室全朝南"", ""项目在建""]",https://pic4.ajkimg.com/display/xinfang/112deb5cac79793a06aecb36755ffb49/275x206n.jpg,"[{""id"": ""7299053"", ""loupan_id"": ""528388"", ""station_id"": ""3015"", ""subway_id"": ""59"", ""city_id"": ""11"", ""distance"": ""1491米"", ""status"": ""1"", ""last_update_time"": ""1774209758"", ""is_rail_loupan"": ""1"", ""subway_name"": ""1号线"", ""station_name"": ""宝安公路"", ""distance_raw"": ""1491""}]",nan
520395,金地嘉峯汇,上海,11,嘉定区,14,嘉定新城,137,上海嘉定区嘉定新城11号线城嘉定北站北侧500m，和硕路1000弄,外郊环,44300,44300元/㎡,首付63万，月供15832元,89-160㎡,住宅：60591m² 别墅：60590.5m²,住宅：50292.86m² 别墅：121181m²,"[{""id"": 811794, ""rooms"": 3, ""room_alias"": ""三室"", ""area"": 89}, {""id"": 811790, ""rooms"": 3, ""room_alias"": ""三室"", ""area"": 102}, {""id"": 811791, ""rooms"": 3, ""room_alias"": ""三室"", ""area"": 102}, {""id"": 811793, ""rooms"": 3, ""room_alias"": ""三室"", ""area"": 102}, {""id"": 842212, ""rooms"": 3, ""room_alias"": ""三室"", ""area"": 102}, {""id"": 842213, ""rooms"": 3, ""room_alias"": ""三室"", ""area"": 102}, {""id"": 811797, ""rooms"": 4, ""room_alias"": ""四室"", ""area"": 160}, {""id"": 811800, ""rooms"": 4, ""room_alias"": ""四室"", ""area"": 160}, {""id"": 811801, ""rooms"": 4, ""room_alias"": ""四室"", ""area"": 160}]",3室、别墅,"3室户型,别墅户型",2024-06-22,2024年06月22日,2024年6月22日,2026年3月,"[""2024-06-06"", ""2024-02-28"", ""2023-12-04"", ""2023-09-28""]",{},{},住宅：70年 别墅：70年,住宅：2,住宅：35% 别墅：35%,住宅：1095 别墅：1095,住宅：带装修 别墅：带装修,在建中，竣工时间：暂无数据,住宅,上海金地物业服务有限公司,住宅：3.98元/㎡/月,nan,住宅：2637 别墅：1499,住宅：1:1.3 别墅：1:1.3,在售,在售,在售,"[""嘉定房管（2024）预字0000146号"", ""嘉定房管（2024）预字0000028号"", ""嘉定房管（2023）预字0000420号"", ""嘉定房管（2023）预字0000320号""]","[""9#、7#"", ""14#、12#、5#、17#、21#、8#、22#"", ""24#、15#、13#、19#、11#、18#、10#、20#、23#、6#"", ""3#、2#、1#、4#、16#""]",上海鑫如诚房地产开发有限公司,金地集团,nan,住宅：民电,住宅：民水,31.401196425884,121.2401073006,"{""service_num"": ""4006708287"", ""num"": ""86171""}","{""81"": ""大阳台"", ""77"": ""复式"", ""56"": ""车位充足"", ""29"": ""装修交付"", ""9"": ""轨交房"", ""76"": ""厨卫全明"", ""74"": ""南北通透"", ""73"": ""卧室全朝南"", ""7"": ""项目在建"", ""10"": ""多轨交"", ""15"": ""外郊环"", ""37"": ""叠加"", ""276"": ""一房一价"", ""5"": ""低单价"", ""72"": ""配套纯熟"", ""71"": ""便利店"", ""70"": ""银行"", ""69"": ""学校"", ""68"": ""医院"", ""67"": ""生态绿地"", ""66"": ""公园"", ""65"": ""商业街"", ""64"": ""购物中心"", ""78"": ""大户型"", ""402"": ""玄关入户"", ""401"": ""户型方正"", ""397"": ""动静分离"", ""85"": ""主卧套房"", ""92"": ""热搜盘"", ""91"": ""热评楼盘"", ""90"": ""人气楼盘"", ""638"": ""民办中学"", ""637"": ""公办中学"", ""636"": ""公办小学"", ""635"": ""民办小学"", ""624"": ""九年一贯制"", ""603"": ""二级园"", ""602"": ""一级园"", ""601"": ""示范园"", ""598"": ""民办幼儿园"", ""597"": ""公办幼儿园"", ""591"": ""放松限购"", ""541"": ""3D沙盘"", ""540"": ""日照模拟"", ""279"": ""品质好房"", ""263"": ""VR看房"", ""50"": ""品牌开发商""}","[""大阳台"", ""复式"", ""车位充足"", ""装修交付"", ""轨交房""]",https://pic4.ajkimg.com/display/xinfang/10f19986046c96768407e4febe67d730/275x206n.jpg,"[{""id"": ""7259322"", ""loupan_id"": ""520395"", ""station_id"": ""121497"", ""subway_id"": ""12081"", ""city_id"": ""11"", ""distance"": ""208米"", ""status"": ""1"", ""last_update_time"": ""1774209760"", ""is_rail_loupan"": ""1"", ""subway_name"": ""嘉闵线"", ""station_name"": ""城北路"", ""distance_raw"": ""208""}, {""id"": ""7250096"", ""loupan_id"": ""520395"", ""station_id"": ""2941"", ""subway_id"": ""55"", ""city_id"": ""11"", ""distance"": ""694米"", ""status"": ""1"", ""last_update_time"": ""1774209760"", ""is_rail_loupan"": ""1"", ""subway_name"": ""11号线"", ""station_name"": ""嘉定北"", ""distance_raw"": ""694""}]",东至城北路、南至范家岗基地边界、西至和硕路、北至树屏路
533616,森兰万安源,上海,11,浦东,7,外高桥,171,上海浦东外高桥东靖路和行泰路交汇处,外郊环,nan,nan,nan,110-170㎡,nan,nan,"[{""id"": 889497, ""rooms"": 3, ""room_alias"": ""三室"", ""area"": 110}, {""id"": 889668, ""rooms"": 4, ""room_alias"": ""四室"", ""area"": 150}, {""id"": 889669, ""rooms"": 4, ""room_alias"": ""四室"", ""area"": 170}]",3/4室,"3室户型,4室户型",nan,nan,nan,nan,[],{},{},别墅：70年,nan,nan,nan,nan,nan,住宅,nan,nan,nan,nan,nan,待售,待售,待售,[],[],上海长江高行置业有限公司,外高桥集团,nan,住宅：民电,住宅：民水,31.297675,121.614329,"{""service_num"": ""4006708287"", ""num"": ""68458""}","{""76"": ""厨卫全明"", ""74"": ""南北通透"", ""73"": ""卧室全朝南"", ""15"": ""外郊环"", ""72"": ""配套纯熟"", ""71"": ""便利店"", ""70"": ""银行"", ""69"": ""学校"", ""68"": ""医院"", ""67"": ""生态绿地"", ""66"": ""公园"", ""65"": ""商业街"", ""64"": ""购物中心"", ""78"": ""大户型"", ""402"": ""玄关入户"", ""401"": ""户型方正"", ""397"": ""动静分离"", ""85"": ""主卧套房"", ""638"": ""民办中学"", ""637"": ""公办中学"", ""636"": ""公办小学"", ""625"": ""寄宿制小学"", ""624"": ""九年一贯制"", ""604"": ""三级园"", ""603"": ""二级园"", ""602"": ""一级园"", ""601"": ""示范园"", ""598"": ""民办幼儿园"", ""597"": ""公办幼儿园"", ""591"": ""放松限购"", ""263"": ""VR看房"", ""55"": ""小型社区"", ""50"": ""品牌开发商""}","[""厨卫全明"", ""南北通透"", ""卧室全朝南"", ""外郊环"", ""配套纯熟""]",https://pic4.ajkimg.com/display/xinfang/f1c4c5072c507ce160b00d1ca96c1d4b/275x206n.jpg,[],nan
498151,保利世博天悦,上海,11,浦东,7,浦东世博,75,上海浦东浦东世博雪野路999弄,内中环,180097,180097元/㎡,首付343万，月供82591元,174-252㎡,83700m²,270000m²,"[{""id"": 838172, ""rooms"": 3, ""room_alias"": ""三室"", ""area"": 174}, {""id"": 757830, ""rooms"": 3, ""room_alias"": ""三室"", ""area"": 190}, {""id"": 838176, ""rooms"": 4, ""room_alias"": ""四室"", ""area"": 195}, {""id"": 757829, ""rooms"": 4, ""room_alias"": ""四室"", ""area"": 205}, {""id"": 757827, ""rooms"": 4, ""room_alias"": ""四室"", ""area"": 239}, {""id"": 757828, ""rooms"": 5, ""room_alias"": ""五室"", ""area"": 252}]",3/4/5室,"3室户型,4室户型,5室户型",2025-08-16,2025年08月16日,2025年8月16日,2026年4月,"[""2025-08-05"", ""2024-08-07"", ""2024-08-07"", ""2025-06-03"", ""2025-04-16"", ""2025-02-10"", ""2024-12-12"", ""2024-11-07"", ""2024-04-15""]","{多层,高层}","{多层,高层}",70年,2,35%,832,带装修,在建中，竣工时间：暂无数据,住宅,保利物业服务股份有限公司上海分公司,15元/㎡/月,nan,1763,nan,在售,在售,在售,"[""浦东新区房管(2025)预字 0000221号"", ""浦东新区房管(2024)预字0000217号"", ""浦东新区房管(2024)预字 0000216号"", ""浦东新区房管(2025)预字 0000153号"", ""浦东新区房管(2025)预字 0000080号"", ""浦东新区房管(2025)预字 0000015号"", ""浦东新区房管(2024)预字0000398号"", ""浦东新区房管(2024)预字0000332号"", ""浦东新区房管(2024)预字0000090号""]","[""12#"", ""17#"", ""2#"", ""3#"", ""11#"", ""14#、1#"", ""4#、2#"", ""6#"", ""13#、7#、8#、9#""]",上海华辕实业有限公司,保利集团,保利,民电,民水,31.204869165614,121.51147975702,"{""service_num"": ""4006708287"", ""num"": ""80584""}","{""29"": ""装修交付"", ""12"": ""内中环"", ""9"": ""轨交房"", ""76"": ""厨卫全明"", ""74"": ""南北通透"", ""73"": ""卧室全朝南"", ""7"": ""项目在建"", ""276"": ""一房一价"", ""78"": ""大户型"", ""402"": ""玄关入户"", ""401"": ""户型方正"", ""397"": ""动静分离"", ""85"": ""主卧套房"", ""83"": ""双阳台"", ""92"": ""热搜盘"", ""721"": ""7.9过会楼盘"", ""713"": ""24年四批次"", ""641"": ""寄宿制中学"", ""638"": ""民办中学"", ""637"": ""公办中学"", ""636"": ""公办小学"", ""624"": ""九年一贯制"", ""603"": ""二级园"", ""602"": ""一级园"", ""601"": ""示范园"", ""598"": ""民办幼儿园"", ""597"": ""公办幼儿园"", ""541"": ""3D沙盘"", ""421"": ""无需摇号"", ""263"": ""VR看房"", ""50"": ""品牌开发商""}","[""装修交付"", ""内中环"", ""轨交房"", ""厨卫全明"", ""南北通透""]",https://pic4.ajkimg.com/display/xinfang/35286f0ad873da2e1dc91a5061c6c3a5/275x206n.jpg,"[{""id"": ""7259464"", ""loupan_id"": ""498151"", ""station_id"": ""121780"", ""subway_id"": ""12074"", ""city_id"": ""11"", ""distance"": ""785米"", ""status"": ""1"", ""last_update_time"": ""1774209758"", ""is_rail_loupan"": ""1"", ""subway_name"": ""19号线"", ""station_name"": ""南码头路"", ""distance_raw"": ""785""}, {""id"": ""7259458"", ""loupan_id"": ""498151"", ""station_id"": ""121778"", ""subway_id"": ""12074"", ""city_id"": ""11"", ""distance"": ""984米"", ""status"": ""1"", ""last_update_time"": ""1774209758"", ""is_rail_loupan"": ""1"", ""subway_name"": ""19号线"", ""station_name"": ""华丰路"", ""distance_raw"": ""984""}]",世博大道雪野路交叉口
526804,保利建发·璟玥府,上海,11,嘉定区,14,嘉定新城,137,上海嘉定区嘉定新城陈家山路555弄,外郊环,43982,43982元/㎡,首付51万，月供12892元,91-160㎡,住宅：26637.32m² 别墅：26637.32m²,住宅：53274.64m² 别墅：83745.35m²,"[{""id"": 847646, ""rooms"": 3, ""room_alias"": ""三室"", ""area"": 91}, {""id"": 847652, ""rooms"": 3, ""room_alias"": ""三室"", ""area"": 91}, {""id"": 847957, ""rooms"": 3, ""room_alias"": ""三室"", ""area"": 103}, {""id"": 847953, ""rooms"": 3, ""room_alias"": ""三室"", ""area"": 143}, {""id"": 847955, ""rooms"": 3, ""room_alias"": ""三室"", ""area"": 143}, {""id"": 848035, ""rooms"": 4, ""room_alias"": ""四室"", ""area"": 122}, {""id"": 848036, ""rooms"": 4, ""room_alias"": ""四室"", ""area"": 122}, {""id"": 856129, ""rooms"": 4, ""room_alias"": ""四室"", ""area"": 122}, {""id"": 847948, ""rooms"": 4, ""room_alias"": ""四室"", ""area"": 156}, {""id"": 847949, ""rooms"": 4, ""room_alias"": ""四室"", ""area"": 160}, {""id"": 847951, ""rooms"": 5, ""room_alias"": ""五室"", ""area"": 156}]",3/4/5室、别墅,"3室户型,4室户型,5室户型,别墅户型",2024-12-24,2024年12月24日,2024年12月24日,2026年12月,"[""2024-12-12"", ""2024-11-11"", ""2024-10-11""]",{},{},住宅：70年 别墅：70年,住宅：2,住宅：35% 别墅：35%,住宅：476 别墅：476,nan,在建中，竣工时间：暂无数据,住宅,保利物业服务股份有限公司上海分公司,nan,nan,住宅：600 别墅：600,住宅：1.25 别墅：1.25,在售,在售,在售,"[""嘉定房管（2024）预字0000396号"", ""嘉定房管（2024）预字0000334号"", ""嘉定房管（2024）预字0000295号""]","[""12#、11#"", ""7#、10#、9#"", ""2#、3#、5#、6#、8#""]",上海锦兆利置业有限公司,"建发房产,保利集团",上海锦兆利置业有限公司,住宅：民电,住宅：民水,31.395048,121.247505,"{""service_num"": ""4006708287"", ""num"": ""108960""}","{""9"": ""轨交房"", ""76"": ""厨卫全明"", ""74"": ""南北通透"", ""73"": ""卧室全朝南"", ""7"": ""项目在建"", ""10"": ""多轨交"", ""15"": ""外郊环"", ""276"": ""一房一价"", ""72"": ""配套纯熟"", ""71"": ""便利店"", ""70"": ""银行"", ""69"": ""学校"", ""68"": ""医院"", ""67"": ""生态绿地"", ""66"": ""公园"", ""65"": ""商业街"", ""64"": ""购物中心"", ""78"": ""大户型"", ""402"": ""玄关入户"", ""401"": ""户型方正"", ""397"": ""动静分离"", ""85"": ""主卧套房"", ""90"": ""人气楼盘"", ""638"": ""民办中学"", ""637"": ""公办中学"", ""636"": ""公办小学"", ""635"": ""民办小学"", ""624"": ""九年一贯制"", ""603"": ""二级园"", ""602"": ""一级园"", ""601"": ""示范园"", ""598"": ""民办幼儿园"", ""597"": ""公办幼儿园"", ""591"": ""放松限购"", ""541"": ""3D沙盘"", ""263"": ""VR看房"", ""50"": ""品牌开发商""}","[""轨交房"", ""厨卫全明"", ""南北通透"", ""卧室全朝南"", ""项目在建""]",https://pic4.ajkimg.com/display/xinfang/ad1da07c503eb95d35230a6c742aee47/275x206n.jpg,"[{""id"": ""7292420"", ""loupan_id"": ""526804"", ""station_id"": ""2941"", ""subway_id"": ""55"", ""city_id"": ""11"", ""distance"": ""689米"", ""status"": ""1"", ""last_update_time"": ""1774209760"", ""is_rail_loupan"": ""1"", ""subway_name"": ""11号线"", ""station_name"": ""嘉定北"", ""distance_raw"": ""689""}, {""id"": ""7292419"", ""loupan_id"": ""526804"", ""station_id"": ""121497"", ""subway_id"": ""12081"", ""city_id"": ""11"", ""distance"": ""951米"", ""status"": ""1"", ""last_update_time"": ""1774209760"", ""is_rail_loupan"": ""1"", ""subway_name"": ""嘉闵线"", ""station_name"": ""城北路"", ""distance_raw"": ""951""}]",nan
530082,金茂璞元,上海,11,虹口区,8,临平路,80,上海虹口区临平路曲阳南路211弄,内环内,168100,168100元/㎡,首付420万，月供100985元,130-200㎡,19318.86m²,113157m²,"[{""id"": 881569, ""rooms"": 3, ""room_alias"": ""三室"", ""area"": 130}, {""id"": 881570, ""rooms"": 4, ""room_alias"": ""四室"", ""area"": 130}, {""id"": 881571, ""rooms"": 4, ""room_alias"": ""四室"", ""area"": 169}, {""id"": 881572, ""rooms"": 4, ""room_alias"": ""四室"", ""area"": 172}, {""id"": 884029, ""rooms"": 4, ""room_alias"": ""四室"", ""area"": 200}]",3/4室,"3室户型,4室户型",2025-11-28,2025年11月28日,2025年11月28日,nan,"[""2025-11-18"", ""2025-10-21"", ""2025-08-08""]",{高层},{高层},70年,3.95,nan,nan,nan,在建中，竣工时间：暂无数据,住宅,nan,nan,nan,nan,nan,在售,在售,在售,"[""虹口房管（2025）预字0000385号"", ""虹口房管（2025）预字0000343号"", ""虹口房管（2025）预字0000222号""]","[""3#"", ""7#"", ""6#""]",上海沁茂佳置业有限公司,中国金茂,nan,民电,民水,31.272625,121.501011,"{""service_num"": ""4006708287"", ""num"": ""29201""}","{""11"": ""内环内"", ""9"": ""轨交房"", ""76"": ""厨卫全明"", ""74"": ""南北通透"", ""73"": ""卧室全朝南"", ""7"": ""项目在建"", ""10"": ""多轨交"", ""276"": ""一房一价"", ""72"": ""配套纯熟"", ""71"": ""便利店"", ""70"": ""银行"", ""69"": ""学校"", ""68"": ""医院"", ""67"": ""生态绿地"", ""66"": ""公园"", ""65"": ""商业街"", ""64"": ""购物中心"", ""78"": ""大户型"", ""401"": ""户型方正"", ""397"": ""动静分离"", ""85"": ""主卧套房"", ""92"": ""热搜盘"", ""90"": ""人气楼盘"", ""638"": ""民办中学"", ""637"": ""公办中学"", ""636"": ""公办小学"", ""635"": ""民办小学"", ""624"": ""九年一贯制"", ""603"": ""二级园"", ""602"": ""一级园"", ""601"": ""示范园"", ""598"": ""民办幼儿园"", ""597"": ""公办幼儿园"", ""541"": ""3D沙盘"", ""540"": ""日照模拟"", ""263"": ""VR看房"", ""55"": ""小型社区"", ""50"": ""品牌开发商""}","[""内环内"", ""轨交房"", ""厨卫全明"", ""南北通透"", ""卧室全朝南""]",https://pic4.ajkimg.com/display/xinfang/52ed462cc4792a191acdc6e222da894c/275x206n.jpg,"[{""id"": ""7305161"", ""loupan_id"": ""530082"", ""station_id"": ""2888"", ""subway_id"": ""54"", ""city_id"": ""11"", ""distance"": ""476米"", ""status"": ""1"", ""last_update_time"": ""1774209759"", ""is_rail_loupan"": ""1"", ""subway_name"": ""10号线"", ""station_name"": ""邮电新村"", ""distance_raw"": ""476""}, {""id"": ""7305176"", ""loupan_id"": ""530082"", ""station_id"": ""3114"", ""subway_id"": ""62"", ""city_id"": ""11"", ""distance"": ""1179米"", ""status"": ""1"", ""last_update_time"": ""1774209761"", ""is_rail_loupan"": ""1"", ""subway_name"": ""4号线"", ""station_name"": ""临平路"", ""distance_raw"": ""1179""}, {""id"": ""7305157"", ""loupan_id"": ""530082"", ""station_id"": ""121791"", ""subway_id"": ""12074"", ""city_id"": ""11"", ""distance"": ""1290米"", ""status"": ""1"", ""last_update_time"": ""1774209758"", ""is_rail_loupan"": ""1"", ""subway_name"": ""19号线"", ""station_name"": ""周家嘴路"", ""distance_raw"": ""1290""}, {""id"": ""7305167"", ""loupan_id"": ""530082"", ""station_id"": ""3219"", ""subway_id"": ""66"", ""city_id"": ""11"", ""distance"": ""1397米"", ""status"": ""1"", ""last_update_time"": ""1774209760"", ""is_rail_loupan"": ""1"", ""subway_name"": ""8号线"", ""station_name"": ""四平路"", ""distance_raw"": ""1397""}, {""id"": ""7305156"", ""loupan_id"": ""530082"", ""station_id"": ""121774"", ""subway_id"": ""12074"", ""city_id"": ""11"", ""distance"": ""1399米"", ""status"": ""1"", ""last_update_time"": ""1774209758"", ""is_rail_loupan"": ""1"", ""subway_name"": ""19号线"", ""station_name"": ""海伦路"", ""distance_raw"": ""1399""}, {""id"": ""7305168"", ""loupan_id"": ""530082"", ""station_id"": ""3218"", ""subway_id"": ""66"", ""city_id"": ""11"", ""distance"": ""1442米"", ""status"": ""1"", ""last_update_time"": ""1774209760"", ""is_rail_loupan"": ""1"", ""subway_name"": ""8号线"", ""station_name"": ""曲阳路"", ""distance_raw"": ""1442""}, {""id"": ""7305163"", ""loupan_id"": ""530082"", ""station_id"": ""2887"", ""subway_id"": ""54"", ""city_id"": ""11"", ""distance"": ""1443米"", ""status"": ""1"", ""last_update_time"": ""1774209759"", ""is_rail_loupan"": ""1"", ""subway_name"": ""10号线"", ""station_name"": ""四平路"", ""distance_raw"": ""1443""}, {""id"": ""7305175"", ""loupan_id"": ""530082"", ""station_id"": ""3115"", ""subway_id"": ""62"", ""city_id"": ""11"", ""distance"": ""1472米"", ""status"": ""1"", ""last_update_time"": ""1774209761"", ""is_rail_loupan"": ""1"", ""subway_name"": ""4号线"", ""station_name"": ""海伦路"", ""distance_raw"": ""1472""}]",nan
525396,中建虹悦里,上海,11,虹口区,8,凉城,21447,上海虹口区凉城纪念路425弄,中外环,87000,87000元/㎡,首付86万，月供20882元,79-99㎡,10617.4m²,42127.23m²,"[{""id"": 844046, ""rooms"": 2, ""room_alias"": ""二室"", ""area"": 79}, {""id"": 844047, ""rooms"": 2, ""room_alias"": ""二室"", ""area"": 79}, {""id"": 844048, ""rooms"": 2, ""room_alias"": ""二室"", ""area"": 79}, {""id"": 844042, ""rooms"": 3, ""room_alias"": ""三室"", ""area"": 89}, {""id"": 844043, ""rooms"": 3, ""room_alias"": ""三室"", ""area"": 89}, {""id"": 844044, ""rooms"": 3, ""room_alias"": ""三室"", ""area"": 89}, {""id"": 844045, ""rooms"": 3, ""room_alias"": ""三室"", ""area"": 89}, {""id"": 844041, ""rooms"": 3, ""room_alias"": ""三室"", ""area"": 98}, {""id"": 844037, ""rooms"": 3, ""room_alias"": ""三室"", ""area"": 99}, {""id"": 844038, ""rooms"": 3, ""room_alias"": ""三室"", ""area"": 99}, {""id"": 844039, ""rooms"": 3, ""room_alias"": ""三室"", ""area"": 99}, {""id"": 844040, ""rooms"": 3, ""room_alias"": ""三室"", ""area"": 99}]",2/3室,"2室户型,3室户型",2024-11-13,2024年11月13日,2024年11月13日,2026年12月31日,"[""2024-11-01""]","{多层,小高层,高层}","{多层,小高层,高层}",70年,2.48,35%,nan,nan,在建中，竣工时间：暂无数据,住宅,nan,nan,nan,nan,nan,在售,在售,在售,"[""虹口房管（2024）预字0000321号""]","[""1#、2#、3#、4#""]",上海孚皓置业有限公司,中建地产,nan,民电,民水,31.302799,121.492077,"{""service_num"": ""4006708287"", ""num"": ""106245""}","{""9"": ""轨交房"", ""76"": ""厨卫全明"", ""74"": ""南北通透"", ""73"": ""卧室全朝南"", ""7"": ""项目在建"", ""10"": ""多轨交"", ""13"": ""中外环"", ""276"": ""一房一价"", ""72"": ""配套纯熟"", ""71"": ""便利店"", ""70"": ""银行"", ""69"": ""学校"", ""68"": ""医院"", ""67"": ""生态绿地"", ""66"": ""公园"", ""65"": ""商业街"", ""64"": ""购物中心"", ""402"": ""玄关入户"", ""401"": ""户型方正"", ""397"": ""动静分离"", ""85"": ""主卧套房"", ""92"": ""热搜盘"", ""91"": ""热评楼盘"", ""90"": ""人气楼盘"", ""638"": ""民办中学"", ""637"": ""公办中学"", ""636"": ""公办小学"", ""635"": ""民办小学"", ""624"": ""九年一贯制"", ""603"": ""二级园"", ""602"": ""一级园"", ""601"": ""示范园"", ""598"": ""民办幼儿园"", ""597"": ""公办幼儿园"", ""541"": ""3D沙盘"", ""540"": ""日照模拟"", ""263"": ""VR看房"", ""50"": ""品牌开发商""}","[""轨交房"", ""厨卫全明"", ""南北通透"", ""卧室全朝南"", ""项目在建""]",https://pic4.ajkimg.com/display/xinfang/0d0d5e927c824e870fc6283555f24119/275x206n.jpg,"[{""id"": ""7289569"", ""loupan_id"": ""525396"", ""station_id"": ""3088"", ""subway_id"": ""61"", ""city_id"": ""11"", ""distance"": ""1026米"", ""status"": ""1"", ""last_update_time"": ""1774209761"", ""is_rail_loupan"": ""1"", ""subway_name"": ""3号线"", ""station_name"": ""大柏树"", ""distance_raw"": ""1026""}, {""id"": ""7289573"", ""loupan_id"": ""525396"", ""station_id"": ""121413"", ""subway_id"": ""12075"", ""city_id"": ""11"", ""distance"": ""1180米"", ""status"": ""1"", ""last_update_time"": ""1774209758"", ""is_rail_loupan"": ""1"", ""subway_name"": ""20号线"", ""station_name"": ""车南路"", ""distance_raw"": ""1180""}, {""id"": ""7289570"", ""loupan_id"": ""525396"", ""station_id"": ""3089"", ""subway_id"": ""61"", ""city_id"": ""11"", ""distance"": ""1184米"", ""status"": ""1"", ""last_update_time"": ""1774209761"", ""is_rail_loupan"": ""1"", ""subway_name"": ""3号线"", ""station_name"": ""江湾镇"", ""distance_raw"": ""1184""}]",虹口区纪念路486-3号
523617,永泰三里城一期,上海,11,浦东,7,三林,74,上海浦东三林永泰路353弄,中外环,82000,82000元/㎡,首付101万，月供24489元,100-252㎡,住宅：44835.6m²,住宅：152466.26m²,"[{""id"": 832797, ""rooms"": 3, ""room_alias"": ""三室"", ""area"": 100}, {""id"": 832798, ""rooms"": 3, ""room_alias"": ""三室"", ""area"": 100}, {""id"": 832799, ""rooms"": 3, ""room_alias"": ""三室"", ""area"": 100}, {""id"": 832800, ""rooms"": 3, ""room_alias"": ""三室"", ""area"": 100}, {""id"": 832802, ""rooms"": 3, ""room_alias"": ""三室"", ""area"": 100}, {""id"": 836858, ""rooms"": 3, ""room_alias"": ""三室"", ""area"": 134}, {""id"": 832804, ""rooms"": 3, ""room_alias"": ""三室"", ""area"": 140}, {""id"": 832803, ""rooms"": 4, ""room_alias"": ""四室"", ""area"": 151}, {""id"": 836859, ""rooms"": 4, ""room_alias"": ""四室"", ""area"": 165.92}, {""id"": 832805, ""rooms"": 4, ""room_alias"": ""四室"", ""area"": 177}, {""id"": 886346, ""rooms"": 4, ""room_alias"": ""四室"", ""area"": 185.79}, {""id"": 836861, ""rooms"": 4, ""room_alias"": ""四室"", ""area"": 193}, {""id"": 832806, ""rooms"": 4, ""room_alias"": ""四室"", ""area"": 201}, {""id"": 836860, ""rooms"": 4, ""room_alias"": ""四室"", ""area"": 211.05}, {""id"": 836862, ""rooms"": 4, ""room_alias"": ""四室"", ""area"": 223}, {""id"": 886352, ""rooms"": 4, ""room_alias"": ""四室"", ""area"": 251.55}, {""id"": 832807, ""rooms"": 6, ""room_alias"": ""六室"", ""area"": 241}]",别墅、3/4/6室,"3室户型,4室户型,6室户型,别墅户型",2024-06-21,2024年06月21日,2024年6月21日,2026年5月,"[""2024-06-05"", ""2024-03-19""]","{多层,高层}","{多层,高层}",住宅：70年 别墅：70年,住宅：2,住宅：35%,住宅：921,住宅：带装修,在建中，竣工时间：暂无数据,住宅,上海主迎物业管理有限公司,住宅：7元/㎡/月,nan,住宅：1003,住宅：1:1.09,在售,在售,在售,"[""浦东新区房管(2024)预字0000136号"", ""浦东新区房管(2024)预字 0000061号""]","[""1#、2#、10#、12#、9#、3#、5#"", ""4#、6#、11#、13#、8#""]",上海香印城市建设投资发展有限公司,上海兴中置业,nan,住宅：民电,住宅：民水,31.144305,121.517079,"{""service_num"": ""4006708287"", ""num"": ""103225""}","{""56"": ""车位充足"", ""29"": ""装修交付"", ""9"": ""轨交房"", ""76"": ""厨卫全明"", ""74"": ""南北通透"", ""73"": ""卧室全朝南"", ""7"": ""项目在建"", ""13"": ""中外环"", ""276"": ""一房一价"", ""72"": ""配套纯熟"", ""71"": ""便利店"", ""70"": ""银行"", ""69"": ""学校"", ""68"": ""医院"", ""67"": ""生态绿地"", ""66"": ""公园"", ""65"": ""商业街"", ""64"": ""购物中心"", ""78"": ""大户型"", ""402"": ""玄关入户"", ""401"": ""户型方正"", ""397"": ""动静分离"", ""85"": ""主卧套房"", ""83"": ""双阳台"", ""716"": ""24年五批次"", ""641"": ""寄宿制中学"", ""637"": ""公办中学"", ""636"": ""公办小学"", ""634"": ""24年三批次"", ""604"": ""三级园"", ""603"": ""二级园"", ""602"": ""一级园"", ""601"": ""示范园"", ""598"": ""民办幼儿园"", ""597"": ""公办幼儿园"", ""541"": ""3D沙盘"", ""540"": ""日照模拟"", ""263"": ""VR看房"", ""50"": ""品牌开发商""}","[""车位充足"", ""装修交付"", ""轨交房"", ""厨卫全明"", ""南北通透""]",https://pic4.ajkimg.com/display/xinfang/89943e15fafed6ef2182e630ebd38c27/275x206n.jpg,"[{""id"": ""7257483"", ""loupan_id"": ""523617"", ""station_id"": ""2918"", ""subway_id"": ""55"", ""city_id"": ""11"", ""distance"": ""1202米"", ""status"": ""1"", ""last_update_time"": ""1774209760"", ""is_rail_loupan"": ""1"", ""subway_name"": ""11号线"", ""station_name"": ""三林"", ""distance_raw"": ""1202""}]",nan
529679,和樾长宁,上海,11,长宁区,6,北新泾,59,上海长宁区北新泾新渔东路828弄,内中环,132700,132700元/㎡,首付195万，月供46922元,120-143㎡,11210.2m²,41768m²,"[{""id"": 870243, ""rooms"": 3, ""room_alias"": ""三室"", ""area"": 120}, {""id"": 871880, ""rooms"": 4, ""room_alias"": ""四室"", ""area"": 138}, {""id"": 870244, ""rooms"": 4, ""room_alias"": ""四室"", ""area"": 143}]",3/4室,"3室户型,4室户型",2026-03-21,2026年03月21日,2026年3月21日,nan,"[""2026-03-13"", ""2025-09-17"", ""2025-06-18""]",{小高层},{小高层},70年,2.2,nan,173,nan,在建中，竣工时间：暂无数据,住宅,招商局物业管理有限公司上海分公司,nan,nan,200,nan,在售,在售,在售,"[""长宁房管（2026）预字0000041号"", ""长宁房管（2025）预字0000292号"", ""长宁房管(2025)预字0000179号""]","[""4#"", ""2#"", ""1#""]",上海越招置业有限公司,"招商蛇口,越秀地产",nan,民电,民水,31.220245,121.383689,"{""service_num"": ""4006708287"", ""num"": ""26308""}","{""12"": ""内中环"", ""9"": ""轨交房"", ""76"": ""厨卫全明"", ""74"": ""南北通透"", ""73"": ""卧室全朝南"", ""7"": ""项目在建"", ""276"": ""一房一价"", ""72"": ""配套纯熟"", ""71"": ""便利店"", ""70"": ""银行"", ""69"": ""学校"", ""68"": ""医院"", ""67"": ""生态绿地"", ""66"": ""公园"", ""65"": ""商业街"", ""64"": ""购物中心"", ""78"": ""大户型"", ""402"": ""玄关入户"", ""401"": ""户型方正"", ""397"": ""动静分离"", ""85"": ""主卧套房"", ""91"": ""热评楼盘"", ""90"": ""人气楼盘"", ""638"": ""民办中学"", ""637"": ""公办中学"", ""636"": ""公办小学"", ""635"": ""民办小学"", ""624"": ""九年一贯制"", ""603"": ""二级园"", ""602"": ""一级园"", ""601"": ""示范园"", ""598"": ""民办幼儿园"", ""597"": ""公办幼儿园"", ""541"": ""3D沙盘"", ""540"": ""日照模拟"", ""263"": ""VR看房"", ""55"": ""小型社区"", ""50"": ""品牌开发商""}","[""内中环"", ""轨交房"", ""厨卫全明"", ""南北通透"", ""卧室全朝南""]",https://pic4.ajkimg.com/display/xinfang/7738553cf3f0914f1254e47279a81405/275x206n.jpg,"[{""id"": ""7303958"", ""loupan_id"": ""529679"", ""station_id"": ""3066"", ""subway_id"": ""60"", ""city_id"": ""11"", ""distance"": ""484米"", ""status"": ""1"", ""last_update_time"": ""1774209759"", ""is_rail_loupan"": ""1"", ""subway_name"": ""2号线"", ""station_name"": ""北新泾"", ""distance_raw"": ""484""}, {""id"": ""7303957"", ""loupan_id"": ""529679"", ""station_id"": ""3065"", ""subway_id"": ""60"", ""city_id"": ""11"", ""distance"": ""1131米"", ""status"": ""1"", ""last_update_time"": ""1774209759"", ""is_rail_loupan"": ""1"", ""subway_name"": ""2号线"", ""station_name"": ""威宁路"", ""distance_raw"": ""1131""}]",nan
522817,临港天樾,上海,11,浦东,7,临港新城,150,上海浦东临港新城杉甸路61弄、杉甸路62弄,郊环外,29018,29018元/㎡,首付20万，月供5164元,70-165㎡,73834.39m²,291720.3m²,"[{""id"": 823275, ""rooms"": 2, ""room_alias"": ""二室"", ""area"": 70}, {""id"": 823274, ""rooms"": 3, ""room_alias"": ""三室"", ""area"": 93}, {""id"": 823276, ""rooms"": 3, ""room_alias"": ""三室"", ""area"": 99}, {""id"": 823277, ""rooms"": 3, ""room_alias"": ""三室"", ""area"": 115}, {""id"": 823278, ""rooms"": 3, ""room_alias"": ""三室"", ""area"": 125}, {""id"": 823279, ""rooms"": 3, ""room_alias"": ""三室"", ""area"": 125}, {""id"": 823280, ""rooms"": 4, ""room_alias"": ""四室"", ""area"": 143}, {""id"": 823281, ""rooms"": 4, ""room_alias"": ""四室"", ""area"": 165}, {""id"": 823282, ""rooms"": 4, ""room_alias"": ""四室"", ""area"": 165}]",2/3/4室,"2室户型,3室户型,4室户型",2023-10-28,2023年10月28日,2023年10月28日,2026年3月,"[""2023-10-17"", ""2023-10-17""]",{高层},{高层},70年,2.5,35%,2168,带装修,在建中，竣工时间：暂无数据,住宅,上海临港新城物业管理有限公司,4.09元/㎡/月,nan,906,1:1.3,在售,在售,在售,"[""自贸临管房管(2023)预字0000336号"", ""自贸临管房管(2023)预字0000337号""]","[""东3#、东2#、东5#、东4#、东6#、东1#"", ""西5#""]",上海宸书置业有限公司,nan,nan,民电,民水,30.94696,121.941008,"""""","{""56"": ""车位充足"", ""29"": ""装修交付"", ""76"": ""厨卫全明"", ""74"": ""南北通透"", ""7"": ""项目在建"", ""16"": ""郊环外"", ""276"": ""一房一价"", ""69"": ""学校"", ""79"": ""小户型"", ""78"": ""大户型"", ""402"": ""玄关入户"", ""401"": ""户型方正"", ""397"": ""动静分离"", ""85"": ""主卧套房"", ""636"": ""公办小学"", ""597"": ""公办幼儿园"", ""591"": ""放松限购"", ""582"": ""23年九批次"", ""541"": ""3D沙盘"", ""540"": ""日照模拟"", ""263"": ""VR看房"", ""54"": ""大型社区""}","[""车位充足"", ""装修交付"", ""厨卫全明"", ""南北通透"", ""项目在建""]",https://pic4.ajkimg.com/display/xinfang/7c21e89c6b546a06ae8bbfa46ab0d5c2/275x206n.jpg,[],杉云路88弄
527897,深嘉上府,上海,11,嘉定区,14,安亭,135,上海嘉定区安亭曹安公路4859弄1-18号,外郊环,34650,34650元/㎡,首付32万，月供8142元,88-99㎡,44727.8m²,146389.4m²,"[{""id"": 850124, ""rooms"": 3, ""room_alias"": ""三室"", ""area"": 88}, {""id"": 850123, ""rooms"": 3, ""room_alias"": ""三室"", ""area"": 99}]",3室,3室户型,2026-03-29,2026年03月29日,2026年3月29日,nan,"[""2026-03-20"", ""2025-07-15"", ""2025-06-24""]",{高层},{高层},nan,2.3,35%,461,nan,在建中，竣工时间：暂无数据,住宅,深业物业运营集团股份有限公司,nan,nan,1140,nan,在售,在售,在售,"[""嘉定房管（2026）预字0000067号"", ""嘉定房管（2025）预字0000207号"", ""嘉定房管(2025)预字0000186号""]","[""2#"", ""1#、3#"", ""4#""]",上海深业科能建设有限公司,深业集团,nan,民电,民水,31.289555,121.212742,"{""service_num"": ""4006708287"", ""num"": ""12812""}","{""76"": ""厨卫全明"", ""74"": ""南北通透"", ""73"": ""卧室全朝南"", ""7"": ""项目在建"", ""15"": ""外郊环"", ""276"": ""一房一价"", ""72"": ""配套纯熟"", ""70"": ""银行"", ""69"": ""学校"", ""68"": ""医院"", ""67"": ""生态绿地"", ""66"": ""公园"", ""64"": ""购物中心"", ""401"": ""户型方正"", ""397"": ""动静分离"", ""85"": ""主卧套房"", ""92"": ""热搜盘"", ""637"": ""公办中学"", ""636"": ""公办小学"", ""604"": ""三级园"", ""603"": ""二级园"", ""602"": ""一级园"", ""598"": ""民办幼儿园"", ""597"": ""公办幼儿园"", ""591"": ""放松限购"", ""541"": ""3D沙盘"", ""540"": ""日照模拟"", ""297"": ""认购中"", ""263"": ""VR看房"", ""50"": ""品牌开发商""}","[""厨卫全明"", ""南北通透"", ""卧室全朝南"", ""项目在建"", ""外郊环""]",https://pic4.ajkimg.com/display/xinfang/d45cfeee1042760dc7c74b6a47b97d64/275x206n.jpg,[],嘉定区安亭镇曹安公路4859弄深嘉上府营销中心
526961,恒文璞悦江南,上海,11,青浦区,19,朱家角,167,上海青浦区朱家角珠湖路889弄,郊环外,40052,40052元/㎡,首付39万，月供10027元,88-145㎡,住宅：37185.9m²,nan,"[{""id"": 857212, ""rooms"": 3, ""room_alias"": ""三室"", ""area"": 88}, {""id"": 857211, ""rooms"": 3, ""room_alias"": ""三室"", ""area"": 96}, {""id"": 857220, ""rooms"": 3, ""room_alias"": ""三室"", ""area"": 97}, {""id"": 857217, ""rooms"": 3, ""room_alias"": ""三室"", ""area"": 99}, {""id"": 857221, ""rooms"": 3, ""room_alias"": ""三室"", ""area"": 99}, {""id"": 872337, ""rooms"": 3, ""room_alias"": ""三室"", ""area"": 99}, {""id"": 857227, ""rooms"": 4, ""room_alias"": ""四室"", ""area"": 123}, {""id"": 872483, ""rooms"": 4, ""room_alias"": ""四室"", ""area"": 123}, {""id"": 857231, ""rooms"": 4, ""room_alias"": ""四室"", ""area"": 135}, {""id"": 872338, ""rooms"": 4, ""room_alias"": ""四室"", ""area"": 135}, {""id"": 857230, ""rooms"": 4, ""room_alias"": ""四室"", ""area"": 145}, {""id"": 857236, ""rooms"": 4, ""room_alias"": ""四室"", ""area"": 145}]",3室、别墅,"3室户型,别墅户型",2026-04-03,2026年04月,2026年4月,nan,"[""2026-03-19"", ""2025-06-23"", ""2024-12-30""]",{},{},住宅：70年,住宅：1.25,住宅：35%,住宅：464,nan,在建中，竣工时间：暂无数据,住宅,nan,nan,nan,住宅：602,住宅：1:1.3,在售,在售,在售,"[""青浦房管(2026)预字0000058号"", ""青浦房管(2025)预字0000184号"", ""青浦房管(2024)预字0000427号""]","[""13#、11#、2#废弃"", ""3#、4#、18#、9#、14#、10#"", ""20#、21#、16#、17#、22#、6#、7#""]",上海文欢置业有限公司,恒文集团,nan,住宅：民电,住宅：民水,31.130827,121.056027,"{""service_num"": ""4006708287"", ""num"": ""109260""}","{""56"": ""车位充足"", ""52"": ""低容积"", ""76"": ""厨卫全明"", ""74"": ""南北通透"", ""73"": ""卧室全朝南"", ""7"": ""项目在建"", ""16"": ""郊环外"", ""276"": ""一房一价"", ""72"": ""配套纯熟"", ""70"": ""银行"", ""69"": ""学校"", ""68"": ""医院"", ""66"": ""公园"", ""64"": ""购物中心"", ""402"": ""玄关入户"", ""401"": ""户型方正"", ""397"": ""动静分离"", ""85"": ""主卧套房"", ""637"": ""公办中学"", ""636"": ""公办小学"", ""604"": ""三级园"", ""603"": ""二级园"", ""602"": ""一级园"", ""598"": ""民办幼儿园"", ""597"": ""公办幼儿园"", ""591"": ""放松限购"", ""541"": ""3D沙盘"", ""297"": ""认购中"", ""263"": ""VR看房"", ""50"": ""品牌开发商""}","[""车位充足"", ""低容积"", ""厨卫全明"", ""南北通透"", ""卧室全朝南""]",https://pic4.ajkimg.com/display/xinfang/5a18f534a48ef722aefa17aa7d6bdabf/275x206n.jpg,[],青浦区珠湖路889弄
518437,众禾嘉苑,上海,11,嘉定区,14,嘉定新城,137,上海嘉定区嘉定新城叶城路100弄,郊环外,43855,43855元/㎡,首付48万，月供12176元,94-122㎡,27767m²,85103.1m²,"[{""id"": 813566, ""rooms"": 3, ""room_alias"": ""三室"", ""area"": 94}, {""id"": 828429, ""rooms"": 3, ""room_alias"": ""三室"", ""area"": 103}, {""id"": 828430, ""rooms"": 3, ""room_alias"": ""三室"", ""area"": 105}, {""id"": 813568, ""rooms"": 3, ""room_alias"": ""三室"", ""area"": 122}]",3室,3室户型,2024-06-12,2024年06月12日,2024年6月12日,2026年12月31日,"[""2024-05-30"", ""2024-01-10""]",{小高层},{小高层},70年,2,35%,570,带装修,在建中，竣工时间：暂无数据,住宅,上海大众物业管理有限责任公司,nan,nan,725,nan,在售,在售,在售,"[""嘉定房管(2024)预字0000132号"", ""嘉定房管(2024)预字0000006号""]","[""3#、2#、4#"", ""7#、8#、1#、6#、5#""]",上海大众众望城市建设开发有限公司,大众交通,nan,民电,民水,31.381343,121.286121,"{""service_num"": ""4006708287"", ""num"": ""62417""}","{""81"": ""大阳台"", ""29"": ""装修交付"", ""9"": ""轨交房"", ""76"": ""厨卫全明"", ""74"": ""南北通透"", ""7"": ""项目在建"", ""16"": ""郊环外"", ""276"": ""一房一价"", ""5"": ""低单价"", ""72"": ""配套纯熟"", ""71"": ""便利店"", ""70"": ""银行"", ""69"": ""学校"", ""68"": ""医院"", ""67"": ""生态绿地"", ""66"": ""公园"", ""65"": ""商业街"", ""64"": ""购物中心"", ""78"": ""大户型"", ""402"": ""玄关入户"", ""401"": ""户型方正"", ""397"": ""动静分离"", ""85"": ""主卧套房"", ""82"": ""双卫生间"", ""717"": ""24年六批次"", ""637"": ""公办中学"", ""636"": ""公办小学"", ""624"": ""九年一贯制"", ""603"": ""二级园"", ""602"": ""一级园"", ""598"": ""民办幼儿园"", ""597"": ""公办幼儿园"", ""595"": ""24年一批次"", ""591"": ""放松限购"", ""541"": ""3D沙盘"", ""540"": ""日照模拟"", ""421"": ""无需摇号"", ""263"": ""VR看房"", ""50"": ""品牌开发商""}","[""大阳台"", ""装修交付"", ""轨交房"", ""厨卫全明"", ""南北通透""]",https://pic4.ajkimg.com/display/xinfang/1c94051b2d1b03fb63bbae925b0e7cbb/275x206n.jpg,"[{""id"": ""7259641"", ""loupan_id"": ""518437"", ""station_id"": ""121495"", ""subway_id"": ""12081"", ""city_id"": ""11"", ""distance"": ""491米"", ""status"": ""1"", ""last_update_time"": ""1774209759"", ""is_rail_loupan"": ""1"", ""subway_name"": ""嘉闵线"", ""station_name"": ""嘉戬公路"", ""distance_raw"": ""491""}]",nan
533650,玉树苑,上海,11,松江区,15,松江老城,159,上海松江区松江老城乐都路626弄,外郊环,nan,nan,nan,nan,nan,nan,[],nan,nan,2026-02-07,2026年02月,2026年2月,nan,[],{联排别墅},{联排别墅},70年,nan,nan,nan,nan,已竣工，竣工时间：暂无数据,别墅,nan,nan,nan,nan,nan,待售,待售,待售,[],[],上海仓桥房产经营有限公司,nan,nan,民电,民水,31.021176,121.2163,"{""service_num"": ""4006708287"", ""num"": ""69148""}","{""557"": ""项目竣工"", ""15"": ""外郊环"", ""72"": ""配套纯熟"", ""70"": ""银行"", ""69"": ""学校"", ""68"": ""医院"", ""66"": ""公园"", ""65"": ""商业街"", ""64"": ""购物中心"", ""641"": ""寄宿制中学"", ""637"": ""公办中学"", ""636"": ""公办小学"", ""635"": ""民办小学"", ""624"": ""九年一贯制"", ""603"": ""二级园"", ""602"": ""一级园"", ""601"": ""示范园"", ""598"": ""民办幼儿园"", ""597"": ""公办幼儿园"", ""591"": ""放松限购"", ""55"": ""小型社区""}","[""项目竣工"", ""外郊环"", ""配套纯熟"", ""银行"", ""学校""]",https://pic4.ajkimg.com/display/xinfang/2b58923900151ab9c1725914d2a6f7f3/275x206n.jpg,[],nan
525369,华发观澜半岛,上海,11,浦东,7,周康,148,上海浦东周康张江南繁荣路18号线直线距离约850m（周祝公路与康沈路交汇处）,外郊环,60000,60000元/㎡,首付76万，月供18322元,99-136㎡,21209.3m²,76624.49m²,"[{""id"": 840696, ""rooms"": 3, ""room_alias"": ""三室"", ""area"": 99}, {""id"": 840697, ""rooms"": 4, ""room_alias"": ""四室"", ""area"": 136}]",3/4室,"3室户型,4室户型",2024-10-13,2024年10月13日,2024年10月13日,2026年7月30日,"[""2024-09-27"", ""2024-09-12""]","{高层,花园洋房}","{高层,花园洋房}",70年,2.44,35%,262,带装修,在建中，竣工时间：暂无数据,住宅,上海润喆云翔物业服务有限公司,5.9~6.9元/㎡/月,nan,543,1:1.3,在售,在售,在售,"[""浦东新区房管(2024)预字0000287号"", ""浦东新区房管(2024)预字0000253号""]","[""5#、3#"", ""1#、4#、2#""]",上海信浦东岸置业有限公司,华发股份,nan,民电,民水,31.104693,121.586783,"{""service_num"": ""4006708287"", ""num"": ""106191""}","{""482"": ""国企开发"", ""56"": ""车位充足"", ""29"": ""装修交付"", ""9"": ""轨交房"", ""76"": ""厨卫全明"", ""74"": ""南北通透"", ""7"": ""项目在建"", ""15"": ""外郊环"", ""276"": ""一房一价"", ""72"": ""配套纯熟"", ""70"": ""银行"", ""69"": ""学校"", ""68"": ""医院"", ""67"": ""生态绿地"", ""66"": ""公园"", ""65"": ""商业街"", ""64"": ""购物中心"", ""78"": ""大户型"", ""402"": ""玄关入户"", ""401"": ""户型方正"", ""85"": ""主卧套房"", ""716"": ""24年五批次"", ""641"": ""寄宿制中学"", ""637"": ""公办中学"", ""636"": ""公办小学"", ""635"": ""民办小学"", ""625"": ""寄宿制小学"", ""624"": ""九年一贯制"", ""604"": ""三级园"", ""603"": ""二级园"", ""602"": ""一级园"", ""601"": ""示范园"", ""598"": ""民办幼儿园"", ""597"": ""公办幼儿园"", ""591"": ""放松限购"", ""541"": ""3D沙盘"", ""540"": ""日照模拟"", ""421"": ""无需摇号"", ""331"": ""大面宽"", ""279"": ""品质好房"", ""278"": ""高性价比"", ""263"": ""VR看房"", ""213"": ""地铁沿线"", ""132"": ""迪士尼"", ""98"": ""改善置业"", ""55"": ""小型社区"", ""50"": ""品牌开发商""}","[""国企开发"", ""车位充足"", ""装修交付"", ""轨交房"", ""厨卫全明""]",https://pic4.ajkimg.com/display/xinfang/5d173c3ea9e4867b1a768ec2234da916/275x206n.jpg,"[{""id"": ""7289497"", ""loupan_id"": ""525369"", ""station_id"": ""10429"", ""subway_id"": ""1017"", ""city_id"": ""11"", ""distance"": ""1226米"", ""status"": ""1"", ""last_update_time"": ""1774209760"", ""is_rail_loupan"": ""1"", ""subway_name"": ""18号线"", ""station_name"": ""沈梅路"", ""distance_raw"": ""1226""}]",张江南繁荣路18号线直线距离约850m（周祝公路与康沈路交汇处）
531074,锦华茗园,上海,11,嘉定区,14,江桥,139,上海嘉定区江桥靖远路899号,外郊环,43000,43000元/㎡,nan,nan,nan,nan,[],nan,nan,2025-07-08,2025年07月08日,2025年7月8日,nan,"[""2025-06-26""]",{},{},70年,nan,nan,nan,nan,在建中，竣工时间：暂无数据,住宅,nan,nan,nan,nan,nan,在售,在售,在售,"[""嘉定房管(2025)预字0000190号""]","[""1#""]",上海盛城房地产有限公司,nan,nan,民电,民水,31.260159,121.338864,"{""service_num"": ""4006708287"", ""num"": ""35554""}","{""9"": ""轨交房"", ""7"": ""项目在建"", ""15"": ""外郊环"", ""72"": ""配套纯熟"", ""70"": ""银行"", ""69"": ""学校"", ""68"": ""医院"", ""67"": ""生态绿地"", ""66"": ""公园"", ""65"": ""商业街"", ""64"": ""购物中心"", ""91"": ""热评楼盘"", ""637"": ""公办中学"", ""636"": ""公办小学"", ""635"": ""民办小学"", ""624"": ""九年一贯制"", ""604"": ""三级园"", ""603"": ""二级园"", ""602"": ""一级园"", ""598"": ""民办幼儿园"", ""597"": ""公办幼儿园"", ""591"": ""放松限购"", ""421"": ""无需摇号"", ""55"": ""小型社区""}","[""轨交房"", ""项目在建"", ""外郊环"", ""配套纯熟"", ""银行""]",https://pic4.ajkimg.com/display/xinfang/affc3f57d3c89adff1a136048cd3ee68/275x206n.jpg,"[{""id"": ""7308621"", ""loupan_id"": ""531074"", ""station_id"": ""10367"", ""subway_id"": ""1019"", ""city_id"": ""11"", ""distance"": ""1328米"", ""status"": ""1"", ""last_update_time"": ""1774209761"", ""is_rail_loupan"": ""1"", ""subway_name"": ""14号线"", ""station_name"": ""临洮路"", ""distance_raw"": ""1328""}]",嘉定区靖远路899号
522577,华纺·棠樾,上海,11,金山区,18,亭林,197,上海金山区亭林亭虹路1555弄,郊环外,26000,26000元/㎡,首付22万，月供5617元,78-140㎡,别墅：27822m² 住宅：27822m²,别墅：76447.95m² 住宅：76447.95m²,"[{""id"": 821022, ""rooms"": 2, ""room_alias"": ""二室"", ""area"": 78}, {""id"": 821023, ""rooms"": 3, ""room_alias"": ""三室"", ""area"": 89}, {""id"": 823591, ""rooms"": 3, ""room_alias"": ""三室"", ""area"": 89}, {""id"": 823412, ""rooms"": 4, ""room_alias"": ""四室"", ""area"": 120}, {""id"": 823413, ""rooms"": 5, ""room_alias"": ""五室"", ""area"": 125}, {""id"": 823414, ""rooms"": 5, ""room_alias"": ""五室"", ""area"": 140}]",2/3/4室、别墅,"2室户型,3室户型,4室户型,别墅户型",2025-10-12,2025年10月12日,2025年10月12日,nan,"[""2025-09-29"", ""2024-02-24"", ""2023-10-30""]",{叠加别墅},{叠加别墅},别墅：70年 住宅：70年,住宅：1.8,别墅：35% 住宅：35%,别墅：519 住宅：519,"别墅：毛坯,带装修 住宅：毛坯,带装修",在建中，竣工时间：暂无数据,别墅,招商局积余产业运营服务股份有限公司,别墅：3.5元/㎡/月 住宅：2.8~3元/㎡/月,nan,别墅：557 住宅：557,nan,在售,在售,在售,"[""金山房管（2025）预字0000317号"", ""金山房管(2024)预字0000026号"", ""金山房管(2023)预字0000344号""]","[""8#、11#、16#"", ""7#、9#、12#"", ""14#、1#、6#、15#、3#、2#、10#""]",上海华纺鸿博置业有限公司,华纺地产,nan,别墅：民电,别墅：民水,30.905769,121.339128,"{""service_num"": ""4006708287"", ""num"": ""101343""}","{""77"": ""复式"", ""52"": ""低容积"", ""29"": ""装修交付"", ""76"": ""厨卫全明"", ""74"": ""南北通透"", ""73"": ""卧室全朝南"", ""7"": ""项目在建"", ""16"": ""郊环外"", ""276"": ""一房一价"", ""5"": ""低单价"", ""4"": ""低总价"", ""72"": ""配套纯熟"", ""71"": ""便利店"", ""70"": ""银行"", ""69"": ""学校"", ""66"": ""公园"", ""65"": ""商业街"", ""64"": ""购物中心"", ""78"": ""大户型"", ""402"": ""玄关入户"", ""401"": ""户型方正"", ""397"": ""动静分离"", ""85"": ""主卧套房"", ""92"": ""热搜盘"", ""90"": ""人气楼盘"", ""637"": ""公办中学"", ""636"": ""公办小学"", ""604"": ""三级园"", ""603"": ""二级园"", ""598"": ""民办幼儿园"", ""597"": ""公办幼儿园"", ""591"": ""放松限购"", ""583"": ""23年十批次"", ""541"": ""3D沙盘"", ""540"": ""日照模拟"", ""421"": ""无需摇号"", ""263"": ""VR看房"", ""50"": ""品牌开发商""}","[""复式"", ""低容积"", ""装修交付"", ""厨卫全明"", ""南北通透""]",https://pic4.ajkimg.com/display/xinfang/45641d5c02dcdf5ddbc70e0f74153b2f/275x206n.jpg,[],nan
527689,中铁建澄江路项目,上海,11,闵行区,11,吴泾,179,上海闵行区吴泾澄江路与龙吴路交叉口西南侧,外郊环,nan,nan,nan,nan,nan,nan,[],nan,nan,nan,nan,nan,nan,[],{},{},70年,nan,nan,nan,nan,nan,住宅,nan,nan,nan,nan,nan,待售,待售,待售,[],[],中铁房地产集团华东有限公司,中国铁建地产,nan,民电,民水,31.091717,121.464027,"{""service_num"": ""4006708287"", ""num"": ""11425""}","{""9"": ""轨交房"", ""15"": ""外郊环"", ""66"": ""公园"", ""65"": ""商业街"", ""64"": ""购物中心"", ""636"": ""公办小学"", ""604"": ""三级园"", ""603"": ""二级园"", ""598"": ""民办幼儿园"", ""597"": ""公办幼儿园"", ""591"": ""放松限购"", ""50"": ""品牌开发商""}","[""轨交房"", ""外郊环"", ""公园"", ""商业街"", ""购物中心""]",https://pic4.ajkimg.com/display/xinfang/11829fa7ca1c830cb76bd3c453262e1d/275x206n.jpg,"[{""id"": ""7295468"", ""loupan_id"": ""527689"", ""station_id"": ""121453"", ""subway_id"": ""12078"", ""city_id"": ""11"", ""distance"": ""733米"", ""status"": ""1"", ""last_update_time"": ""1774209761"", ""is_rail_loupan"": ""1"", ""subway_name"": ""23号线"", ""station_name"": ""澄江路"", ""distance_raw"": ""733""}, {""id"": ""7295469"", ""loupan_id"": ""527689"", ""station_id"": ""121452"", ""subway_id"": ""12078"", ""city_id"": ""11"", ""distance"": ""1167米"", ""status"": ""1"", ""last_update_time"": ""1774209761"", ""is_rail_loupan"": ""1"", ""subway_name"": ""23号线"", ""station_name"": ""龙吴路"", ""distance_raw"": ""1167""}]",nan
533673,佳运川沙项目,上海,11,浦东,7,川沙,174,"上海浦东川沙东至华贵路,南至绣川路,西至C05A-15、C05A-16、C05A-17地块,北至翔川路",外郊环,nan,nan,nan,nan,住宅：41912.3m²,住宅：111526.27m²,[],nan,nan,nan,nan,nan,nan,[],{高层},{高层},住宅：70年 别墅：70年,住宅：2 别墅：2,住宅：35% 别墅：35%,nan,nan,nan,住宅,nan,nan,nan,nan,nan,待售,待售,待售,[],[],上海佳运鑫城房地产开发有限公司,nan,nan,住宅：民电 别墅：民电,住宅：民水 别墅：民水,31.190423,121.709538,"""""","{""9"": ""轨交房"", ""15"": ""外郊环"", ""72"": ""配套纯熟"", ""71"": ""便利店"", ""70"": ""银行"", ""69"": ""学校"", ""68"": ""医院"", ""67"": ""生态绿地"", ""66"": ""公园"", ""65"": ""商业街"", ""64"": ""购物中心"", ""641"": ""寄宿制中学"", ""637"": ""公办中学"", ""636"": ""公办小学"", ""635"": ""民办小学"", ""624"": ""九年一贯制"", ""604"": ""三级园"", ""603"": ""二级园"", ""602"": ""一级园"", ""601"": ""示范园"", ""598"": ""民办幼儿园"", ""597"": ""公办幼儿园"", ""591"": ""放松限购"", ""55"": ""小型社区""}","[""轨交房"", ""外郊环"", ""配套纯熟"", ""便利店"", ""银行""]",https://pic4.ajkimg.com/display/xinfang/7c65cc6f2d60d10738c543069ad5f2a6/275x206n.jpg,"[{""id"": ""7332583"", ""loupan_id"": ""533673"", ""station_id"": ""3045"", ""subway_id"": ""60"", ""city_id"": ""11"", ""distance"": ""789米"", ""status"": ""1"", ""last_update_time"": ""1774209760"", ""is_rail_loupan"": ""1"", ""subway_name"": ""2号线"", ""station_name"": ""川沙"", ""distance_raw"": ""789""}]",nan
533309,大华高境项目,上海,11,宝山区,13,高境,128,"上海宝山区高境东至国权北路,南至U3-02地块,西至U3-02地块,北至青石路",中外环,nan,nan,nan,nan,12342.51m²,30856.28m²,[],nan,nan,nan,nan,nan,nan,[],"{高层,多层}","{高层,多层}",70年,2.5,35%,nan,nan,nan,住宅,nan,nan,nan,nan,nan,待售,待售,待售,[],[],上海华杨房地产开发有限公司,大华集团,nan,民电,民水,31.320754,121.501977,"""""","{""9"": ""轨交房"", ""10"": ""多轨交"", ""13"": ""中外环"", ""72"": ""配套纯熟"", ""71"": ""便利店"", ""70"": ""银行"", ""69"": ""学校"", ""68"": ""医院"", ""67"": ""生态绿地"", ""66"": ""公园"", ""65"": ""商业街"", ""64"": ""购物中心"", ""637"": ""公办中学"", ""636"": ""公办小学"", ""624"": ""九年一贯制"", ""603"": ""二级园"", ""602"": ""一级园"", ""601"": ""示范园"", ""598"": ""民办幼儿园"", ""597"": ""公办幼儿园"", ""541"": ""3D沙盘"", ""540"": ""日照模拟"", ""55"": ""小型社区"", ""50"": ""品牌开发商""}","[""轨交房"", ""多轨交"", ""中外环"", ""配套纯熟"", ""便利店""]",https://pic4.ajkimg.com/display/xinfang/492959d8c43722c08b1b2440748cfc2e/275x206n.jpg,"[{""id"": ""7327984"", ""loupan_id"": ""533309"", ""station_id"": ""10408"", ""subway_id"": ""1017"", ""city_id"": ""11"", ""distance"": ""722米"", ""status"": ""1"", ""last_update_time"": ""1774209759"", ""is_rail_loupan"": ""1"", ""subway_name"": ""18号线"", ""station_name"": ""殷高路"", ""distance_raw"": ""722""}, {""id"": ""7327981"", ""loupan_id"": ""533309"", ""station_id"": ""121416"", ""subway_id"": ""12075"", ""city_id"": ""11"", ""distance"": ""793米"", ""status"": ""1"", ""last_update_time"": ""1774209759"", ""is_rail_loupan"": ""1"", ""subway_name"": ""20号线"", ""station_name"": ""上海财经大学"", ""distance_raw"": ""793""}, {""id"": ""7327983"", ""loupan_id"": ""533309"", ""station_id"": ""10417"", ""subway_id"": ""1017"", ""city_id"": ""11"", ""distance"": ""793米"", ""status"": ""1"", ""last_update_time"": ""1774209759"", ""is_rail_loupan"": ""1"", ""subway_name"": ""18号线"", ""station_name"": ""上海财经大学"", ""distance_raw"": ""793""}, {""id"": ""7327976"", ""loupan_id"": ""533309"", ""station_id"": ""2882"", ""subway_id"": ""54"", ""city_id"": ""11"", ""distance"": ""1474米"", ""status"": ""1"", ""last_update_time"": ""1774209759"", ""is_rail_loupan"": ""1"", ""subway_name"": ""10号线"", ""station_name"": ""三门路"", ""distance_raw"": ""1474""}]",nan
525080,长三角西岑项目,上海,11,青浦区,19,朱家角,167,上海青浦区朱家角东至张联村江，南至港悦路，西至泽立路，北至岑卜路,郊环外,nan,nan,nan,nan,197546.3m²,425487m²,[],nan,nan,nan,nan,nan,nan,[],{},{},nan,nan,nan,nan,nan,nan,住宅,nan,nan,nan,nan,nan,待售,待售,待售,[],[],长三角西岑科创经济发展（上海）有限公司,nan,nan,民电,民水,31.074023,120.972144,"""""","{""9"": ""轨交房"", ""10"": ""多轨交"", ""16"": ""郊环外"", ""72"": ""配套纯熟"", ""70"": ""银行"", ""69"": ""学校"", ""68"": ""医院"", ""65"": ""商业街"", ""64"": ""购物中心"", ""603"": ""二级园"", ""597"": ""公办幼儿园"", ""591"": ""放松限购""}","[""轨交房"", ""多轨交"", ""郊环外"", ""配套纯熟"", ""银行""]",https://pic4.ajkimg.com/display/xinfang/7fa53fdb65b8a952e6fea9e56b439571/275x206n.jpg,"[{""id"": ""7288554"", ""loupan_id"": ""525080"", ""station_id"": ""121379"", ""subway_id"": ""203"", ""city_id"": ""11"", ""distance"": ""611米"", ""status"": ""1"", ""last_update_time"": ""1774209758"", ""is_rail_loupan"": ""1"", ""subway_name"": ""17号线"", ""station_name"": ""西岑站"", ""distance_raw"": ""611""}, {""id"": ""7288555"", ""loupan_id"": ""525080"", ""station_id"": ""121530"", ""subway_id"": ""12085"", ""city_id"": ""11"", ""distance"": ""651米"", ""status"": ""1"", ""last_update_time"": ""1774209759"", ""is_rail_loupan"": ""1"", ""subway_name"": ""示范区线"", ""station_name"": ""西岑"", ""distance_raw"": ""651""}]",nan
530361,长三角投资朱家角项目,上海,11,青浦区,19,朱家角,167,上海青浦区朱家角东至深沟圩港，南至云腾路，西至泽立路，北至深沟圩港,郊环外,nan,nan,nan,nan,196683m²,nan,[],nan,nan,nan,nan,nan,nan,[],{},{},nan,nan,nan,nan,nan,nan,住宅,nan,nan,nan,nan,nan,待售,待售,待售,[],[],长三角西岑科创经济发展（上海）有限公司,nan,nan,民电,民水,31.067047,120.958725,"""""","{""16"": ""郊环外"", ""72"": ""配套纯熟"", ""70"": ""银行"", ""68"": ""医院"", ""65"": ""商业街"", ""64"": ""购物中心"", ""603"": ""二级园"", ""597"": ""公办幼儿园"", ""591"": ""放松限购"", ""541"": ""3D沙盘"", ""55"": ""小型社区""}","[""郊环外"", ""配套纯熟"", ""银行"", ""医院"", ""商业街""]",https://pic4.ajkimg.com/display/xinfang/5505f303dc96630646a2a06c8ec64683/275x206n.jpg,[],nan
518588,森兰万安里,上海,11,浦东,7,外高桥,171,上海浦东外高桥高行街288弄(建设中),中外环,70300,70300元/㎡,首付88万，月供21387元,98-146㎡,27201m²,71362.3m²,"[{""id"": 803483, ""rooms"": 3, ""room_alias"": ""三室"", ""area"": 98}, {""id"": 803485, ""rooms"": 3, ""room_alias"": ""三室"", ""area"": 100}, {""id"": 803486, ""rooms"": 4, ""room_alias"": ""四室"", ""area"": 126}, {""id"": 803487, ""rooms"": 4, ""room_alias"": ""四室"", ""area"": 146}]",3/4室,"3室户型,4室户型",2023-07-25,2023年07月25日,2023年7月25日,2026年3月31日,"[""2023-07-06""]",{高层},{高层},70年,1.7,35%,526,带装修,在建中，竣工时间：暂无数据,住宅,森兰联行（上海）企业发展有限公司,5.5元/㎡/月,nan,nan,nan,在售,在售,在售,"[""浦东新区房管(2023)预字0000215号""]","[""3#、2#、6-1#、5#、7#、6-3#、1#""]",上海长江高行置业有限公司,外高桥集团,nan,民电,民水,31.302159,121.616714,"""""","{""52"": ""低容积"", ""29"": ""装修交付"", ""76"": ""厨卫全明"", ""74"": ""南北通透"", ""7"": ""项目在建"", ""13"": ""中外环"", ""276"": ""一房一价"", ""72"": ""配套纯熟"", ""71"": ""便利店"", ""70"": ""银行"", ""69"": ""学校"", ""68"": ""医院"", ""67"": ""生态绿地"", ""66"": ""公园"", ""65"": ""商业街"", ""64"": ""购物中心"", ""78"": ""大户型"", ""402"": ""玄关入户"", ""401"": ""户型方正"", ""85"": ""主卧套房"", ""638"": ""民办中学"", ""637"": ""公办中学"", ""636"": ""公办小学"", ""625"": ""寄宿制小学"", ""624"": ""九年一贯制"", ""604"": ""三级园"", ""603"": ""二级园"", ""602"": ""一级园"", ""601"": ""示范园"", ""598"": ""民办幼儿园"", ""597"": ""公办幼儿园"", ""577"": ""23年六批次"", ""541"": ""3D沙盘"", ""540"": ""日照模拟"", ""263"": ""VR看房"", ""50"": ""品牌开发商""}","[""低容积"", ""装修交付"", ""厨卫全明"", ""南北通透"", ""项目在建""]",https://pic4.ajkimg.com/display/xinfang/0d09f16b68d4c4ff1c58fc22a6243627/275x206n.jpg,[],上海市浦东新区高行街294-302号
517872,翠湖滨江隆新里,上海,11,杨浦区,9,东外滩,87,上海杨浦区东外滩汾州路60弄,内环内,3000,3000万元/套起,首付450万，月供108198元,279㎡,16993.8m²,23945.46m²,"[{""id"": 855057, ""rooms"": 5, ""room_alias"": ""五室"", ""area"": 278.73}]",别墅,别墅户型,2024-07-04,2024年07月04日,2024年7月4日,nan,"[""2024-07-04""]",{},{},70年,1.4,nan,nan,nan,在建中，竣工时间：暂无数据,别墅,nan,nan,nan,nan,nan,在售,在售,在售,"[""杨浦房管(2024)预字 0000179号""]",[],上海滨昌置业有限公司,nan,nan,民电,民水,31.261351816774,121.53062783643,"""""","{""11"": ""内环内"", ""9"": ""轨交房"", ""76"": ""厨卫全明"", ""73"": ""卧室全朝南"", ""7"": ""项目在建"", ""10"": ""多轨交"", ""72"": ""配套纯熟"", ""71"": ""便利店"", ""70"": ""银行"", ""69"": ""学校"", ""68"": ""医院"", ""67"": ""生态绿地"", ""66"": ""公园"", ""65"": ""商业街"", ""64"": ""购物中心"", ""78"": ""大户型"", ""401"": ""户型方正"", ""397"": ""动静分离"", ""91"": ""热评楼盘"", ""641"": ""寄宿制中学"", ""638"": ""民办中学"", ""637"": ""公办中学"", ""636"": ""公办小学"", ""635"": ""民办小学"", ""624"": ""九年一贯制"", ""603"": ""二级园"", ""602"": ""一级园"", ""601"": ""示范园"", ""598"": ""民办幼儿园"", ""597"": ""公办幼儿园"", ""541"": ""3D沙盘"", ""263"": ""VR看房""}","[""内环内"", ""轨交房"", ""厨卫全明"", ""卧室全朝南"", ""项目在建""]",https://pic4.ajkimg.com/display/xinfang/17bb33a9938c58590af5baddad25bb34/275x206n.jpg,"[{""id"": ""7195263"", ""loupan_id"": ""517872"", ""station_id"": ""10422"", ""subway_id"": ""1017"", ""city_id"": ""11"", ""distance"": ""673米"", ""status"": ""1"", ""last_update_time"": ""1774209758"", ""is_rail_loupan"": ""1"", ""subway_name"": ""18号线"", ""station_name"": ""平凉路"", ""distance_raw"": ""673""}, {""id"": ""7195277"", ""loupan_id"": ""517872"", ""station_id"": ""3112"", ""subway_id"": ""62"", ""city_id"": ""11"", ""distance"": ""973米"", ""status"": ""1"", ""last_update_time"": ""1774209760"", ""is_rail_loupan"": ""1"", ""subway_name"": ""4号线"", ""station_name"": ""杨树浦路"", ""distance_raw"": ""973""}, {""id"": ""7195259"", ""loupan_id"": ""517872"", ""station_id"": ""10415"", ""subway_id"": ""1017"", ""city_id"": ""11"", ""distance"": ""1225米"", ""status"": ""1"", ""last_update_time"": ""1774209758"", ""is_rail_loupan"": ""1"", ""subway_name"": ""18号线"", ""station_name"": ""丹阳路"", ""distance_raw"": ""1225""}, {""id"": ""7195261"", ""loupan_id"": ""517872"", ""station_id"": ""2970"", ""subway_id"": ""56"", ""city_id"": ""11"", ""distance"": ""1318米"", ""status"": ""1"", ""last_update_time"": ""1774209758"", ""is_rail_loupan"": ""1"", ""subway_name"": ""12号线"", ""station_name"": ""江浦公园"", ""distance_raw"": ""1318""}, {""id"": ""7195301"", ""loupan_id"": ""517872"", ""station_id"": ""120346"", ""subway_id"": ""1017"", ""city_id"": ""11"", ""distance"": ""1386米"", ""status"": ""1"", ""last_update_time"": ""1774209760"", ""is_rail_loupan"": ""1"", ""subway_name"": ""18号线"", ""station_name"": ""江浦公园"", ""distance_raw"": ""1386""}, {""id"": ""7195264"", ""loupan_id"": ""517872"", ""station_id"": ""2969"", ""subway_id"": ""56"", ""city_id"": ""11"", ""distance"": ""1486米"", ""status"": ""1"", ""last_update_time"": ""1774209758"", ""is_rail_loupan"": ""1"", ""subway_name"": ""12号线"", ""station_name"": ""大连路"", ""distance_raw"": ""1486""}, {""id"": ""7195279"", ""loupan_id"": ""517872"", ""station_id"": ""3113"", ""subway_id"": ""62"", ""city_id"": ""11"", ""distance"": ""1486米"", ""status"": ""1"", ""last_update_time"": ""1774209760"", ""is_rail_loupan"": ""1"", ""subway_name"": ""4号线"", ""station_name"": ""大连路"", ""distance_raw"": ""1486""}]",nan
533285,嘉佰道·上海,上海,11,徐汇区,5,徐家汇,41,上海徐汇区徐家汇东安路和零陵路交汇,内环内,nan,nan,nan,nan,25179m²,106034.61m²,[],nan,nan,2026-03-05,2026年1季度,2026年1季度,nan,[],{高层},{高层},70年,4.35,35%,206,带装修,在建中，竣工时间：暂无数据,住宅,nan,nan,nan,636,nan,待售,待售,待售,[],[],上海新枫安企业发展有限公司,nan,nan,民电,民水,31.195852,121.461283,"{""service_num"": ""4006708287"", ""num"": ""62336""}","{""29"": ""装修交付"", ""11"": ""内环内"", ""9"": ""轨交房"", ""7"": ""项目在建"", ""10"": ""多轨交"", ""72"": ""配套纯熟"", ""71"": ""便利店"", ""70"": ""银行"", ""69"": ""学校"", ""68"": ""医院"", ""67"": ""生态绿地"", ""66"": ""公园"", ""65"": ""商业街"", ""64"": ""购物中心"", ""92"": ""热搜盘"", ""91"": ""热评楼盘"", ""90"": ""人气楼盘"", ""641"": ""寄宿制中学"", ""638"": ""民办中学"", ""637"": ""公办中学"", ""636"": ""公办小学"", ""635"": ""民办小学"", ""624"": ""九年一贯制"", ""603"": ""二级园"", ""602"": ""一级园"", ""601"": ""示范园"", ""600"": ""市级示范园"", ""598"": ""民办幼儿园"", ""597"": ""公办幼儿园"", ""541"": ""3D沙盘"", ""540"": ""日照模拟"", ""55"": ""小型社区""}","[""装修交付"", ""内环内"", ""轨交房"", ""项目在建"", ""多轨交""]",https://pic4.ajkimg.com/display/xinfang/b6dab6c90c77fd167e239db9d52d0bbd/275x206n.jpg,"[{""id"": ""7327775"", ""loupan_id"": ""533285"", ""station_id"": ""3176"", ""subway_id"": ""65"", ""city_id"": ""11"", ""distance"": ""307米"", ""status"": ""1"", ""last_update_time"": ""1774209758"", ""is_rail_loupan"": ""1"", ""subway_name"": ""7号线"", ""station_name"": ""东安路"", ""distance_raw"": ""307""}, {""id"": ""7327780"", ""loupan_id"": ""533285"", ""station_id"": ""3102"", ""subway_id"": ""62"", ""city_id"": ""11"", ""distance"": ""307米"", ""status"": ""1"", ""last_update_time"": ""1774209758"", ""is_rail_loupan"": ""1"", ""subway_name"": ""4号线"", ""station_name"": ""东安路"", ""distance_raw"": ""307""}, {""id"": ""7327786"", ""loupan_id"": ""533285"", ""station_id"": ""2959"", ""subway_id"": ""56"", ""city_id"": ""11"", ""distance"": ""713米"", ""status"": ""1"", ""last_update_time"": ""1774209760"", ""is_rail_loupan"": ""1"", ""subway_name"": ""12号线"", ""station_name"": ""龙华中路"", ""distance_raw"": ""713""}, {""id"": ""7327776"", ""loupan_id"": ""533285"", ""station_id"": ""3175"", ""subway_id"": ""65"", ""city_id"": ""11"", ""distance"": ""724米"", ""status"": ""1"", ""last_update_time"": ""1774209758"", ""is_rail_loupan"": ""1"", ""subway_name"": ""7号线"", ""station_name"": ""龙华中路"", ""distance_raw"": ""724""}, {""id"": ""7327779"", ""loupan_id"": ""533285"", ""station_id"": ""3103"", ""subway_id"": ""62"", ""city_id"": ""11"", ""distance"": ""1221米"", ""status"": ""1"", ""last_update_time"": ""1774209758"", ""is_rail_loupan"": ""1"", ""subway_name"": ""4号线"", ""station_name"": ""大木桥路"", ""distance_raw"": ""1221""}, {""id"": ""7327784"", ""loupan_id"": ""533285"", ""station_id"": ""2960"", ""subway_id"": ""56"", ""city_id"": ""11"", ""distance"": ""1221米"", ""status"": ""1"", ""last_update_time"": ""1774209760"", ""is_rail_loupan"": ""1"", ""subway_name"": ""12号线"", ""station_name"": ""大木桥路"", ""distance_raw"": ""1221""}, {""id"": ""7327778"", ""loupan_id"": ""533285"", ""station_id"": ""3101"", ""subway_id"": ""62"", ""city_id"": ""11"", ""distance"": ""1280米"", ""status"": ""1"", ""last_update_time"": ""1774209758"", ""is_rail_loupan"": ""1"", ""subway_name"": ""4号线"", ""station_name"": ""上海体育场"", ""distance_raw"": ""1280""}, {""id"": ""7327777"", ""loupan_id"": ""533285"", ""station_id"": ""3177"", ""subway_id"": ""65"", ""city_id"": ""11"", ""distance"": ""1304米"", ""status"": ""1"", ""last_update_time"": ""1774209758"", ""is_rail_loupan"": ""1"", ""subway_name"": ""7号线"", ""station_name"": ""肇嘉浜路"", ""distance_raw"": ""1304""}, {""id"": ""7327781"", ""loupan_id"": ""533285"", ""station_id"": ""121444"", ""subway_id"": ""12078"", ""city_id"": ""11"", ""distance"": ""1381米"", ""status"": ""1"", ""last_update_time"": ""1774209759"", ""is_rail_loupan"": ""1"", ""subway_name"": ""23号线"", ""station_name"": ""上海体育场"", ""distance_raw"": ""1381""}, {""id"": ""7327783"", ""loupan_id"": ""533285"", ""station_id"": ""3236"", ""subway_id"": ""67"", ""city_id"": ""11"", ""distance"": ""1469米"", ""status"": ""1"", ""last_update_time"": ""1774209759"", ""is_rail_loupan"": ""1"", ""subway_name"": ""9号线"", ""station_name"": ""肇嘉浜路"", ""distance_raw"": ""1469""}]",nan
517879,新梓园,上海,11,黄浦区,4,老西门,35,上海黄浦区老西门复兴东路与光启南路交汇处,内环内,nan,nan,nan,nan,nan,nan,[],nan,nan,nan,nan,nan,nan,[],{},{},70年,nan,nan,nan,nan,nan,住宅,nan,nan,nan,nan,nan,待售,待售,待售,[],[],上海地产（集团）有限公司,上海地产集团,nan,民电,民水,31.226373137212,121.50061140697,"{""service_num"": ""4006708287"", ""num"": ""56710""}","{""11"": ""内环内"", ""9"": ""轨交房"", ""10"": ""多轨交"", ""72"": ""配套纯熟"", ""71"": ""便利店"", ""70"": ""银行"", ""69"": ""学校"", ""68"": ""医院"", ""67"": ""生态绿地"", ""66"": ""公园"", ""65"": ""商业街"", ""64"": ""购物中心"", ""91"": ""热评楼盘"", ""641"": ""寄宿制中学"", ""638"": ""民办中学"", ""637"": ""公办中学"", ""636"": ""公办小学"", ""624"": ""九年一贯制"", ""603"": ""二级园"", ""602"": ""一级园"", ""601"": ""示范园"", ""598"": ""民办幼儿园"", ""597"": ""公办幼儿园"", ""541"": ""3D沙盘"", ""50"": ""品牌开发商""}","[""内环内"", ""轨交房"", ""多轨交"", ""配套纯熟"", ""便利店""]",https://pic4.ajkimg.com/display/xinfang/897561eb5411976fc0fbf6c03f38838e/275x206n.jpg,"[{""id"": ""7195319"", ""loupan_id"": ""517879"", ""station_id"": ""3231"", ""subway_id"": ""67"", ""city_id"": ""11"", ""distance"": ""742米"", ""status"": ""1"", ""last_update_time"": ""1774209761"", ""is_rail_loupan"": ""1"", ""subway_name"": ""9号线"", ""station_name"": ""小南门"", ""distance_raw"": ""742""}, {""id"": ""7195317"", ""loupan_id"": ""517879"", ""station_id"": ""3211"", ""subway_id"": ""66"", ""city_id"": ""11"", ""distance"": ""1250米"", ""status"": ""1"", ""last_update_time"": ""1774209761"", ""is_rail_loupan"": ""1"", ""subway_name"": ""8号线"", ""station_name"": ""老西门"", ""distance_raw"": ""1250""}, {""id"": ""7195308"", ""loupan_id"": ""517879"", ""station_id"": ""2894"", ""subway_id"": ""54"", ""city_id"": ""11"", ""distance"": ""1251米"", ""status"": ""1"", ""last_update_time"": ""1774209760"", ""is_rail_loupan"": ""1"", ""subway_name"": ""10号线"", ""station_name"": ""老西门"", ""distance_raw"": ""1251""}, {""id"": ""7195309"", ""loupan_id"": ""517879"", ""station_id"": ""2893"", ""subway_id"": ""54"", ""city_id"": ""11"", ""distance"": ""1251米"", ""status"": ""1"", ""last_update_time"": ""1774209760"", ""is_rail_loupan"": ""1"", ""subway_name"": ""10号线"", ""station_name"": ""豫园"", ""distance_raw"": ""1251""}, {""id"": ""7195280"", ""loupan_id"": ""517879"", ""station_id"": ""10377"", ""subway_id"": ""1019"", ""city_id"": ""11"", ""distance"": ""1421米"", ""status"": ""1"", ""last_update_time"": ""1774209760"", ""is_rail_loupan"": ""1"", ""subway_name"": ""14号线"", ""station_name"": ""豫园"", ""distance_raw"": ""1421""}]",nan
533645,前湾霁月名邸,上海,11,闵行区,11,华漕,112,上海闵行区华漕东至用地红线；南至纪育路；西至用地红线（近联友路）；北至用地红线（近纪高路）,外郊环,nan,nan,nan,nan,43479.87m²,nan,[],nan,nan,nan,nan,nan,nan,[],{高层},{高层},70年,2,nan,nan,nan,nan,住宅,nan,nan,nan,nan,nan,待售,待售,待售,[],[],上海城投置地（集团）有限公司,上海城投,nan,民电,民水,31.240795,121.274732,"""""","{""15"": ""外郊环"", ""72"": ""配套纯熟"", ""71"": ""便利店"", ""70"": ""银行"", ""69"": ""学校"", ""68"": ""医院"", ""66"": ""公园"", ""65"": ""商业街"", ""64"": ""购物中心"", ""638"": ""民办中学"", ""635"": ""民办小学"", ""624"": ""九年一贯制"", ""604"": ""三级园"", ""603"": ""二级园"", ""602"": ""一级园"", ""598"": ""民办幼儿园"", ""597"": ""公办幼儿园"", ""591"": ""放松限购"", ""55"": ""小型社区"", ""50"": ""品牌开发商""}","[""外郊环"", ""配套纯熟"", ""便利店"", ""银行"", ""学校""]",https://pic4.ajkimg.com/display/xinfang/0ce081534ee0c52831334f2d2baa285d/275x206n.jpg,[],nan
533948,宝业虹桥国展里,上海,11,青浦区,19,徐泾,164,上海青浦区徐泾青浦区徐泾镇，具体范围东至北蟠龙港，南至徐民东路，西至17-06地块，北至会恒路。‌,郊环外,nan,nan,nan,nan,24919.52m²,93923m²,[],nan,nan,nan,nan,nan,nan,[],"{高层,小高层}","{高层,小高层}",70年,2.2,35%,374,nan,nan,住宅,nan,nan,nan,671,nan,待售,待售,待售,[],[],上海宝曜房地产开发有限公司,宝业集团,nan,民电,民水,31.185851,121.283786,"{""service_num"": ""4006708287"", ""num"": ""72373""}","{""9"": ""轨交房"", ""10"": ""多轨交"", ""16"": ""郊环外"", ""72"": ""配套纯熟"", ""71"": ""便利店"", ""70"": ""银行"", ""69"": ""学校"", ""68"": ""医院"", ""67"": ""生态绿地"", ""66"": ""公园"", ""65"": ""商业街"", ""64"": ""购物中心"", ""92"": ""热搜盘"", ""638"": ""民办中学"", ""636"": ""公办小学"", ""604"": ""三级园"", ""603"": ""二级园"", ""602"": ""一级园"", ""598"": ""民办幼儿园"", ""597"": ""公办幼儿园"", ""591"": ""放松限购"", ""55"": ""小型社区"", ""50"": ""品牌开发商""}","[""轨交房"", ""多轨交"", ""郊环外"", ""配套纯熟"", ""便利店""]",https://pic4.ajkimg.com/display/xinfang/3910ef80f716fd9d9095e570aa1c4a28/275x206n.jpg,"[{""id"": ""7337473"", ""loupan_id"": ""533948"", ""station_id"": ""6295"", ""subway_id"": ""203"", ""city_id"": ""11"", ""distance"": ""1062米"", ""status"": ""1"", ""last_update_time"": ""1774209758"", ""is_rail_loupan"": ""1"", ""subway_name"": ""17号线"", ""station_name"": ""蟠龙路"", ""distance_raw"": ""1062""}, {""id"": ""7337471"", ""loupan_id"": ""533948"", ""station_id"": ""121366"", ""subway_id"": ""60"", ""city_id"": ""11"", ""distance"": ""1312米"", ""status"": ""1"", ""last_update_time"": ""1774209758"", ""is_rail_loupan"": ""1"", ""subway_name"": ""2号线"", ""station_name"": ""蟠祥路"", ""distance_raw"": ""1312""}]",nan
526604,碧云馨悦,上海,11,浦东,7,祝桥,188,上海浦东祝桥东至H-17地块，南至H-8地块，西至H-8地块，北至H-20地块,外郊环,nan,nan,nan,nan,住宅：48988.6m²,住宅：146518.34m²,[],nan,nan,nan,nan,nan,nan,[],{高层},{高层},住宅：70年 别墅：70年,住宅：1.9,住宅：35%,nan,住宅：带装修,nan,住宅,nan,nan,nan,住宅：1227,nan,待售,待售,待售,[],[],上海耘桥置业有限公司,nan,nan,住宅：民电,住宅：民水,31.111436,121.781947,"{""service_num"": ""4006708287"", ""num"": ""108579""}","{""52"": ""低容积"", ""29"": ""装修交付"", ""15"": ""外郊环"", ""72"": ""配套纯熟"", ""70"": ""银行"", ""69"": ""学校"", ""68"": ""医院"", ""66"": ""公园"", ""65"": ""商业街"", ""637"": ""公办中学"", ""636"": ""公办小学"", ""624"": ""九年一贯制"", ""604"": ""三级园"", ""603"": ""二级园"", ""602"": ""一级园"", ""598"": ""民办幼儿园"", ""597"": ""公办幼儿园"", ""591"": ""放松限购"", ""55"": ""小型社区""}","[""低容积"", ""装修交付"", ""外郊环"", ""配套纯熟"", ""银行""]",https://pic4.ajkimg.com/display/xinfang/33b04ee9f003f44d602c07e83cb51294/275x206n.jpg,[],nan
533544,云间原墅,上海,11,松江区,15,松江新城,143,"上海松江区松江新城东至大塔路,南至大塔浜,西至光星路,北至施惠路",外郊环,nan,nan,nan,nan,住宅：25433.7m² 别墅：25433.7m²,住宅：65163.88m² 别墅：65163.88m²,[],nan,nan,nan,nan,nan,nan,[],{小高层},{小高层},住宅：70年 别墅：70年,住宅：1.2 别墅：1.2,住宅：35% 别墅：35%,住宅：239 别墅：239,nan,nan,住宅,nan,nan,nan,住宅：437 别墅：437,nan,待售,待售,待售,[],[],上海松江交发贸房地产有限公司,国贸地产,nan,住宅：民电 别墅：民电,住宅：民水 别墅：民水,31.052867,121.248794,"{""service_num"": ""4006708287"", ""num"": ""66434""}","{""52"": ""低容积"", ""15"": ""外郊环"", ""72"": ""配套纯熟"", ""71"": ""便利店"", ""70"": ""银行"", ""69"": ""学校"", ""68"": ""医院"", ""67"": ""生态绿地"", ""66"": ""公园"", ""65"": ""商业街"", ""64"": ""购物中心"", ""638"": ""民办中学"", ""637"": ""公办中学"", ""636"": ""公办小学"", ""635"": ""民办小学"", ""624"": ""九年一贯制"", ""603"": ""二级园"", ""602"": ""一级园"", ""601"": ""示范园"", ""598"": ""民办幼儿园"", ""597"": ""公办幼儿园"", ""591"": ""放松限购"", ""541"": ""3D沙盘"", ""540"": ""日照模拟"", ""55"": ""小型社区"", ""50"": ""品牌开发商""}","[""低容积"", ""外郊环"", ""配套纯熟"", ""便利店"", ""银行""]",https://pic4.ajkimg.com/display/xinfang/34743544f1af10d5deb7ef18f0efffb6/275x206n.jpg,[],nan
533827,金茂锦棠,上海,11,宝山区,13,杨行,181,"上海宝山区杨行东至13D-07地块,南至盘古路,西至13D-03地块,北至13D-05地块",外郊环,nan,nan,nan,nan,住宅：64421.8m²,住宅：156224.19m²,[],nan,nan,nan,nan,nan,nan,[],{高层},{高层},住宅：70年 别墅：70年,住宅：2.3,住宅：35%,nan,nan,nan,住宅,nan,nan,nan,nan,nan,待售,待售,待售,[],[],上海宝杨茂业建设发展有限公司,中国金茂,nan,住宅：民电 别墅：民电,住宅：民水 别墅：民水,31.405838,121.462064,"""""","{""9"": ""轨交房"", ""15"": ""外郊环"", ""72"": ""配套纯熟"", ""71"": ""便利店"", ""70"": ""银行"", ""69"": ""学校"", ""68"": ""医院"", ""67"": ""生态绿地"", ""66"": ""公园"", ""65"": ""商业街"", ""64"": ""购物中心"", ""637"": ""公办中学"", ""636"": ""公办小学"", ""624"": ""九年一贯制"", ""603"": ""二级园"", ""602"": ""一级园"", ""601"": ""示范园"", ""598"": ""民办幼儿园"", ""597"": ""公办幼儿园"", ""591"": ""放松限购"", ""55"": ""小型社区"", ""50"": ""品牌开发商""}","[""轨交房"", ""外郊环"", ""配套纯熟"", ""便利店"", ""银行""]",https://pic4.ajkimg.com/display/xinfang/a028254b82e518ca56263cb1862a90f3/275x206n.jpg,"[{""id"": ""7337131"", ""loupan_id"": ""533827"", ""station_id"": ""121781"", ""subway_id"": ""12074"", ""city_id"": ""11"", ""distance"": ""1425米"", ""status"": ""1"", ""last_update_time"": ""1774209759"", ""is_rail_loupan"": ""1"", ""subway_name"": ""19号线"", ""station_name"": ""铁通路"", ""distance_raw"": ""1425""}]",nan
532267,经纬商务官邸,上海,11,闵行区,11,华漕,112,上海闵行区华漕闵行区衢虹路68弄16号楼接待中心,郊环外,nan,nan,nan,nan,49463.8m²,164933m²,[],nan,nan,nan,nan,nan,nan,[],{},{},50年,1.31,21%,139,nan,nan,标准写字楼,nan,25元/㎡/月,nan,626,nan,在售,在售,在售,[],[],经纬置地有限公司,经纬集团,nan,商电,商水,31.187709,121.325541,"""""","{""9"": ""轨交房"", ""16"": ""郊环外"", ""72"": ""配套纯熟"", ""71"": ""便利店"", ""70"": ""银行"", ""68"": ""医院"", ""67"": ""生态绿地"", ""66"": ""公园"", ""65"": ""商业街"", ""64"": ""购物中心"", ""591"": ""放松限购"", ""55"": ""小型社区"", ""50"": ""品牌开发商""}","[""轨交房"", ""郊环外"", ""配套纯熟"", ""便利店"", ""银行""]",https://pic4.ajkimg.com/display/xinfang/25918620607c5e8562ac053d3607e372/275x206n.jpg,"[{""id"": ""7324879"", ""loupan_id"": ""532267"", ""station_id"": ""121488"", ""subway_id"": ""12081"", ""city_id"": ""11"", ""distance"": ""1456米"", ""status"": ""1"", ""last_update_time"": ""1774209760"", ""is_rail_loupan"": ""1"", ""subway_name"": ""嘉闵线"", ""station_name"": ""迎宾三路"", ""distance_raw"": ""1456""}]",nan
531073,史丹福花园,上海,11,浦东,7,张江,70,上海浦东张江龙东大道2355弄,中外环,3239,3239万元/套起,首付485万，月供116818元,nan,nan,nan,[],nan,nan,2025-02-13,2025年02月13日,2025年2月13日,nan,"[""2026-02-03""]",{联排别墅},{联排别墅},70年,nan,nan,22,nan,在建中，竣工时间：暂无数据,别墅,nan,nan,nan,nan,nan,在售,在售,在售,"[""沪（2026）浦字不动产权第000452号""]",[],上海斯米克房地产有限公司,nan,nan,民电,民水,31.227946,121.62864,"""""","{""9"": ""轨交房"", ""7"": ""项目在建"", ""10"": ""多轨交"", ""13"": ""中外环"", ""72"": ""配套纯熟"", ""71"": ""便利店"", ""70"": ""银行"", ""69"": ""学校"", ""68"": ""医院"", ""67"": ""生态绿地"", ""66"": ""公园"", ""65"": ""商业街"", ""64"": ""购物中心"", ""641"": ""寄宿制中学"", ""637"": ""公办中学"", ""636"": ""公办小学"", ""603"": ""二级园"", ""602"": ""一级园"", ""601"": ""示范园"", ""598"": ""民办幼儿园"", ""597"": ""公办幼儿园"", ""55"": ""小型社区""}","[""轨交房"", ""项目在建"", ""多轨交"", ""中外环"", ""配套纯熟""]",https://pic4.ajkimg.com/display/xinfang/287f8af62080d7779167bbef9129489c/275x206n.jpg,"[{""id"": ""7308620"", ""loupan_id"": ""531073"", ""station_id"": ""121437"", ""subway_id"": ""12077"", ""city_id"": ""11"", ""distance"": ""1188米"", ""status"": ""1"", ""last_update_time"": ""1774209760"", ""is_rail_loupan"": ""1"", ""subway_name"": ""21号线"", ""station_name"": ""龙东大道"", ""distance_raw"": ""1188""}, {""id"": ""7308618"", ""loupan_id"": ""531073"", ""station_id"": ""121367"", ""subway_id"": ""57"", ""city_id"": ""11"", ""distance"": ""1264米"", ""status"": ""1"", ""last_update_time"": ""1774209760"", ""is_rail_loupan"": ""1"", ""subway_name"": ""13号线"", ""station_name"": ""丹桂路"", ""distance_raw"": ""1264""}]",板泉路1567号
523958,中环置地中心·润府,上海,11,宝山区,13,上大,125,上海宝山区上大走马塘路500弄、666弄,中外环,69399,69399元/㎡,首付76万，月供19263元,102-177㎡,73907m²,169912m²,"[{""id"": 837543, ""rooms"": 3, ""room_alias"": ""三室"", ""area"": 102}, {""id"": 837544, ""rooms"": 3, ""room_alias"": ""三室"", ""area"": 102}, {""id"": 837546, ""rooms"": 3, ""room_alias"": ""三室"", ""area"": 102}, {""id"": 837545, ""rooms"": 3, ""room_alias"": ""三室"", ""area"": 103}, {""id"": 837547, ""rooms"": 4, ""room_alias"": ""四室"", ""area"": 128}, {""id"": 837548, ""rooms"": 4, ""room_alias"": ""四室"", ""area"": 146}, {""id"": 837549, ""rooms"": 4, ""room_alias"": ""四室"", ""area"": 146}, {""id"": 837550, ""rooms"": 4, ""room_alias"": ""四室"", ""area"": 177}]",3/4室,"3室户型,4室户型",2024-10-30,2024年10月30日,2024年10月30日,2026年,"[""2024-10-19"", ""2024-09-20"", ""2024-09-20"", ""2024-08-16"", ""2024-08-16"", ""2024-07-17"", ""2024-07-17"", ""2024-06-08"", ""2024-06-08"", ""2024-04-11"", ""2024-04-11"", ""2024-03-08"", ""2024-03-08""]","{小高层,高层}","{小高层,高层}",70年,2.5,35%,1572,带装修,在建中，竣工时间：暂无数据,住宅,nan,5.98元/㎡/月,nan,1781,1:1.1,尾盘,尾盘,尾盘,"[""宝山房管(2024)预字第0000309号"", ""宝山房管(2024)预字第0000275号"", ""宝山房管(2024)预字第0000274号"", ""宝山房管(2024)预字第0000230号"", ""宝山房管(2024)预字第0000231号"", ""宝山房管(2024)预字第0000197号"", ""宝山房管(2024)预字第0000196号"", ""宝山房管(2024)预字第0000148号"", ""宝山房管(2024)预字第0000149号"", ""宝山房管（2024）预字第0000082号"", ""宝山房管（2024）预字第0000083号"", ""宝山房管（2024）预字0000046号"", ""宝山房管（2024）预字0000045号""]","[""A5#、A3#"", ""C8#"", ""A6#、A1#"", ""C9#"", ""C6#"", ""A2#、A7#"", ""B6#"", ""C7#、C11#、C5#"", ""B1#、B5#、B2#"", ""C3#"", ""C1#、C2#、C10#"", ""B3#""]",上海润铂置业有限公司,华润置地,nan,民电,民水,31.310085,121.392916,"""""","{""29"": ""装修交付"", ""76"": ""厨卫全明"", ""74"": ""南北通透"", ""73"": ""卧室全朝南"", ""7"": ""项目在建"", ""13"": ""中外环"", ""276"": ""一房一价"", ""72"": ""配套纯熟"", ""71"": ""便利店"", ""70"": ""银行"", ""69"": ""学校"", ""68"": ""医院"", ""66"": ""公园"", ""65"": ""商业街"", ""64"": ""购物中心"", ""78"": ""大户型"", ""402"": ""玄关入户"", ""401"": ""户型方正"", ""397"": ""动静分离"", ""85"": ""主卧套房"", ""719"": ""6.21过会楼盘"", ""717"": ""24年六批次"", ""713"": ""24年四批次"", ""637"": ""公办中学"", ""636"": ""公办小学"", ""635"": ""民办小学"", ""629"": ""24年二批次"", ""624"": ""九年一贯制"", ""604"": ""三级园"", ""603"": ""二级园"", ""602"": ""一级园"", ""601"": ""示范园"", ""598"": ""民办幼儿园"", ""597"": ""公办幼儿园"", ""541"": ""3D沙盘"", ""540"": ""日照模拟"", ""263"": ""VR看房"", ""54"": ""大型社区"", ""50"": ""品牌开发商""}","[""装修交付"", ""厨卫全明"", ""南北通透"", ""卧室全朝南"", ""项目在建""]",https://pic4.ajkimg.com/display/xinfang/35e15eb5624b082b8631a7b793f0b833/275x206n.jpg,[],祁连山路与走马塘路交汇处向东100米（丰翔路地铁站南侧）
520400,中海·顺昌玖里,上海,11,黄浦区,4,淮海中路,25,上海黄浦区淮海中路建国东路66弄,内环内,nan,nan,nan,151-495㎡,住宅：42905m² 别墅：42905m²,住宅：283200m² 别墅：283200m²,"[{""id"": 835116, ""rooms"": 3, ""room_alias"": ""三室"", ""area"": 151}, {""id"": 835117, ""rooms"": 3, ""room_alias"": ""三室"", ""area"": 185}, {""id"": 835115, ""rooms"": 4, ""room_alias"": ""四室"", ""area"": 218}, {""id"": 835120, ""rooms"": 4, ""room_alias"": ""四室"", ""area"": 245}, {""id"": 806321, ""rooms"": 4, ""room_alias"": ""四室"", ""area"": 270}, {""id"": 835119, ""rooms"": 4, ""room_alias"": ""四室"", ""area"": 325}, {""id"": 806323, ""rooms"": 4, ""room_alias"": ""四室"", ""area"": 340}, {""id"": 806324, ""rooms"": 6, ""room_alias"": ""六室"", ""area"": 495}]",3/4室、别墅,"3室户型,4室户型,别墅户型",2024-11-30,2024年11月,2024年11月,nan,"[""2024-10-29"", ""2024-06-25"", ""2024-03-15""]",{高层},{高层},住宅：70年 别墅：70年,nan,nan,nan,nan,在建中，竣工时间：暂无数据,住宅,nan,nan,nan,nan,nan,尾盘,尾盘,尾盘,"[""黄浦房管(2024)预字0000317号"", ""黄浦房管(2024)预字0000167号"", ""黄浦房管（2024）预字0000058号""]","[""41#、42#、43#""]",上海中海海华房地产有限公司,中海地产,nan,住宅：民电 别墅：民电,住宅：民水 别墅：民水,31.220485,121.487193,"{""service_num"": ""4006708287"", ""num"": ""87326""}","{""11"": ""内环内"", ""76"": ""厨卫全明"", ""74"": ""南北通透"", ""73"": ""卧室全朝南"", ""7"": ""项目在建"", ""276"": ""一房一价"", ""72"": ""配套纯熟"", ""71"": ""便利店"", ""70"": ""银行"", ""69"": ""学校"", ""68"": ""医院"", ""67"": ""生态绿地"", ""66"": ""公园"", ""65"": ""商业街"", ""64"": ""购物中心"", ""78"": ""大户型"", ""402"": ""玄关入户"", ""85"": ""主卧套房"", ""83"": ""双阳台"", ""638"": ""民办中学"", ""637"": ""公办中学"", ""636"": ""公办小学"", ""635"": ""民办小学"", ""634"": ""24年三批次"", ""624"": ""九年一贯制"", ""603"": ""二级园"", ""602"": ""一级园"", ""601"": ""示范园"", ""598"": ""民办幼儿园"", ""597"": ""公办幼儿园"", ""541"": ""3D沙盘"", ""263"": ""VR看房"", ""50"": ""品牌开发商""}","[""内环内"", ""厨卫全明"", ""南北通透"", ""卧室全朝南"", ""项目在建""]",https://pic4.ajkimg.com/display/xinfang/d132b1faba2fa5b64b0904bf8045ba4a/275x206n.jpg,[],nan
189831,远香湖九号,上海,11,嘉定区,14,嘉定新城,137,"上海嘉定区嘉定新城宝塔路99弄,宝塔路399弄,德富路900弄",外郊环,nan,nan,nan,87-240㎡,别墅：31748m² 住宅：31748m²,别墅：144155m² 住宅：144155m²,"[{""id"": 147285, ""rooms"": 2, ""room_alias"": ""二室"", ""area"": 87}, {""id"": 21752, ""rooms"": 2, ""room_alias"": ""二室"", ""area"": 116}, {""id"": 21754, ""rooms"": 2, ""room_alias"": ""二室"", ""area"": 123}, {""id"": 55101, ""rooms"": 3, ""room_alias"": ""三室"", ""area"": 223}, {""id"": 55104, ""rooms"": 3, ""room_alias"": ""三室"", ""area"": 224}, {""id"": 55106, ""rooms"": 3, ""room_alias"": ""三室"", ""area"": 229}, {""id"": 21758, ""rooms"": 5, ""room_alias"": ""五室"", ""area"": 206}, {""id"": 21756, ""rooms"": 5, ""room_alias"": ""五室"", ""area"": 240}]",2/3/5室,"2室户型,3室户型,5室户型",nan,nan,nan,nan,"[""2011-08-16"", ""2010-09-23"", ""2011-09-25""]","{联排别墅,叠加别墅,高层}","{联排别墅,叠加别墅,高层}",别墅：70年 住宅：70年,别墅：0.78 住宅：0.78,别墅：35% 住宅：35%,别墅：795 住宅：795,别墅：毛坯 住宅：毛坯,nan,别墅,nan,别墅：2.8元/㎡/月 住宅：2.8元/㎡/月,nan,别墅：1019 住宅：1019,别墅：1:1.3 住宅：1:1.3,尾盘,尾盘,尾盘,"[""嘉定房管(2011)预字0414号"", ""嘉定房管(2010)预字0519号"", ""嘉定房管(2011)预字0507号""]",[],nan,nan,上海鼎申置业发展有限公司,别墅：民电,别墅：民水,31.349836,121.268051,"""""","{""56"": ""车位充足"", ""52"": ""低容积"", ""15"": ""外郊环"", ""72"": ""配套纯熟"", ""71"": ""便利店"", ""70"": ""银行"", ""69"": ""学校"", ""68"": ""医院"", ""67"": ""生态绿地"", ""66"": ""公园"", ""65"": ""商业街"", ""64"": ""购物中心"", ""78"": ""大户型"", ""638"": ""民办中学"", ""637"": ""公办中学"", ""636"": ""公办小学"", ""624"": ""九年一贯制"", ""603"": ""二级园"", ""602"": ""一级园"", ""601"": ""示范园"", ""598"": ""民办幼儿园"", ""597"": ""公办幼儿园"", ""591"": ""放松限购""}","[""车位充足"", ""低容积"", ""外郊环"", ""配套纯熟"", ""便利店""]",https://pic4.ajkimg.com/display/xinfang/31e402753a3f42e86f9f6c5033c36d38/275x206n.jpg,[],嘉定区宝塔路99弄55号
517562,龙湖松江·御湖境,上海,11,松江区,15,松江新城,143,上海松江区松江新城丽湖路66弄,外郊环,57238,57238元/㎡,首付78万，月供19677元,101-143㎡,26529.1m²,53058m²,"[{""id"": 794148, ""rooms"": 3, ""room_alias"": ""三室"", ""area"": 101}, {""id"": 794149, ""rooms"": 3, ""room_alias"": ""三室"", ""area"": 117}, {""id"": 794150, ""rooms"": 4, ""room_alias"": ""四室"", ""area"": 143}]",3/4室,"3室户型,4室户型",2024-03-23,2024年03月23日,2024年3月23日,2026年,"[""2024-03-11"", ""2023-04-17"", ""2023-04-17"", ""2023-03-16""]",{},{},70年,2,35%,474,"毛坯,带装修",在建中，竣工时间：暂无数据,住宅,重庆龙湖地产发展有限公司,4.98元/㎡/月,nan,569,1:1.2,尾盘,尾盘,尾盘,"[""沪（2024）松字不动产权第007294号"", ""松江房管（2023）预字0000101号"", ""松江房管（2023）预字0000100号"", ""松江房管（2023）预字0000056号""]","[""12#"", ""8#、10#、11#"", ""1#、3#、5#、6#、7#、9#""]",上海湖喜房地产有限公司,龙湖地产,上海湖喜房地产有限公司,民电,民水,31.073733418352,121.22767313539,"{""service_num"": ""4006708287"", ""num"": ""53270""}","{""56"": ""车位充足"", ""29"": ""装修交付"", ""76"": ""厨卫全明"", ""74"": ""南北通透"", ""7"": ""项目在建"", ""15"": ""外郊环"", ""276"": ""一房一价"", ""72"": ""配套纯熟"", ""70"": ""银行"", ""69"": ""学校"", ""68"": ""医院"", ""67"": ""生态绿地"", ""66"": ""公园"", ""65"": ""商业街"", ""64"": ""购物中心"", ""78"": ""大户型"", ""401"": ""户型方正"", ""397"": ""动静分离"", ""85"": ""主卧套房"", ""637"": ""公办中学"", ""629"": ""24年二批次"", ""624"": ""九年一贯制"", ""603"": ""二级园"", ""602"": ""一级园"", ""598"": ""民办幼儿园"", ""597"": ""公办幼儿园"", ""591"": ""放松限购"", ""566"": ""23年三批次"", ""563"": ""23年二批次"", ""541"": ""3D沙盘"", ""540"": ""日照模拟"", ""421"": ""无需摇号"", ""263"": ""VR看房"", ""50"": ""品牌开发商""}","[""车位充足"", ""装修交付"", ""厨卫全明"", ""南北通透"", ""项目在建""]",https://pic4.ajkimg.com/display/xinfang/c5669c13813f9d24dc59aa28d87249e4/275x206n.jpg,[],丽湖路66弄
414602,首创天阅滨江,上海,11,杨浦区,9,东外滩,87,上海杨浦区东外滩通北路315弄,内环内,109900,109900元/㎡,首付204万，月供49158元,65-156㎡,32360m²,80842m²,"[{""id"": 428311, ""rooms"": 1, ""room_alias"": ""一室"", ""area"": 65}, {""id"": 268675, ""rooms"": 3, ""room_alias"": ""三室"", ""area"": 124}, {""id"": 268674, ""rooms"": 4, ""room_alias"": ""四室"", ""area"": 156}]",1/3/4室,"1室户型,3室户型,4室户型",2022-01-20,2022年01月20日,2022年1月20日,2026年12月31日,"[""2021-12-22"", ""2019-01-08"", ""2018-07-11""]","{多层,小高层}","{多层,小高层}",70年,2.29,35%,491,带装修,已竣工，竣工时间：暂无数据,住宅,上海万科物业服务有限公司,9.8元/㎡/月,nan,515,1:1,尾盘,尾盘,尾盘,"[""杨浦房管(2021)预字0000381号"", ""杨浦房管(2018)预字0000492号"", ""杨浦房管(2018)预字0000291号""]","[""8#"", ""7#、5#、4#"", ""1#、2#、6#""]",上海首杨投资有限公司,首创置业,首创置业股份有限公司,民电,民水,31.261536,121.525226,"""""","{""557"": ""项目竣工"", ""29"": ""装修交付"", ""11"": ""内环内"", ""76"": ""厨卫全明"", ""74"": ""南北通透"", ""72"": ""配套纯熟"", ""71"": ""便利店"", ""70"": ""银行"", ""69"": ""学校"", ""68"": ""医院"", ""66"": ""公园"", ""65"": ""商业街"", ""79"": ""小户型"", ""78"": ""大户型"", ""404"": ""客餐厅相连"", ""402"": ""玄关入户"", ""401"": ""户型方正"", ""85"": ""主卧套房"", ""641"": ""寄宿制中学"", ""638"": ""民办中学"", ""637"": ""公办中学"", ""636"": ""公办小学"", ""635"": ""民办小学"", ""624"": ""九年一贯制"", ""603"": ""二级园"", ""602"": ""一级园"", ""601"": ""示范园"", ""598"": ""民办幼儿园"", ""597"": ""公办幼儿园"", ""263"": ""VR看房"", ""50"": ""品牌开发商""}","[""项目竣工"", ""装修交付"", ""内环内"", ""厨卫全明"", ""南北通透""]",https://pic4.ajkimg.com/display/xinfang/889480e254f9baee78260bd01773863b/275x206n.jpg,[],惠民路
524284,象屿远香湖岸,上海,11,嘉定区,14,嘉定新城,137,上海嘉定区嘉定新城双单路188弄、裕民南路399弄,外郊环,51511,51511元/㎡,首付50万，月供12590元,91-151㎡,住宅：73271m² 别墅：73271m²,住宅：225107m² 别墅：225107m²,"[{""id"": 834312, ""rooms"": 3, ""room_alias"": ""三室"", ""area"": 91}, {""id"": 834313, ""rooms"": 3, ""room_alias"": ""三室"", ""area"": 104}, {""id"": 834314, ""rooms"": 3, ""room_alias"": ""三室"", ""area"": 104}, {""id"": 834315, ""rooms"": 3, ""room_alias"": ""三室"", ""area"": 104}, {""id"": 834317, ""rooms"": 3, ""room_alias"": ""三室"", ""area"": 136}, {""id"": 834316, ""rooms"": 4, ""room_alias"": ""四室"", ""area"": 131}, {""id"": 834318, ""rooms"": 4, ""room_alias"": ""四室"", ""area"": 149}, {""id"": 834319, ""rooms"": 4, ""room_alias"": ""四室"", ""area"": 151}]",3/4室,"3室户型,4室户型",2024-11-26,2024年11月26日,2024年11月26日,2026年下半年,"[""2024-11-13"", ""2024-09-12"", ""2024-09-12"", ""2024-07-09"", ""2024-07-09"", ""2024-07-09"", ""2024-05-15"", ""2024-05-15"", ""2024-05-15"", ""2024-03-13"", ""2024-03-13""]",{高层},{高层},住宅：70年,nan,住宅：35% 别墅：35%,住宅：1250 别墅：1250,"住宅：毛坯,带装修 别墅：毛坯,带装修",在建中，竣工时间：暂无数据,住宅,上海象屿物业管理有限公司嘉定分公司,住宅：4.6元/㎡/月 别墅：5.6元/㎡/月,nan,住宅：1343 别墅：1254,住宅：1:1.2 别墅：1:1.2,尾盘,尾盘,尾盘,"[""嘉定房管(2024)预字0000342号"", ""嘉定房管（2024）预字0000252号"", ""嘉定房管（2024）预字0000251号"", ""嘉定房管（2024）预字0000182号"", ""嘉定房管（2024）预字0000180号"", ""嘉定房管（2024）预字0000181号"", ""嘉定房管（2024）预字0000117号"", ""嘉定房管（2024）预字0000116号"", ""嘉定房管（2024）预字0000115号"", ""嘉定房管(2024)预字0000053号"", ""嘉定房管(2024)预字0000054号""]","[""15#、23#"", ""7#、6#、3#、1#"", ""21#"", ""30#"", ""22#"", ""5#"", ""20#"", ""31#"", ""8#、2#、9#、4#"", ""17#、16#、18#、19#"", ""28#、29#""]","上海象屿投资有限公司,上海象昀房地产开发有限公司",象屿地产,nan,住宅：民电,住宅：民水,31.342596,121.281562,"""""","{""56"": ""车位充足"", ""29"": ""装修交付"", ""76"": ""厨卫全明"", ""74"": ""南北通透"", ""73"": ""卧室全朝南"", ""7"": ""项目在建"", ""15"": ""外郊环"", ""276"": ""一房一价"", ""72"": ""配套纯熟"", ""71"": ""便利店"", ""70"": ""银行"", ""69"": ""学校"", ""68"": ""医院"", ""67"": ""生态绿地"", ""66"": ""公园"", ""65"": ""商业街"", ""64"": ""购物中心"", ""78"": ""大户型"", ""402"": ""玄关入户"", ""401"": ""户型方正"", ""397"": ""动静分离"", ""85"": ""主卧套房"", ""719"": ""6.21过会楼盘"", ""716"": ""24年五批次"", ""638"": ""民办中学"", ""637"": ""公办中学"", ""636"": ""公办小学"", ""629"": ""24年二批次"", ""624"": ""九年一贯制"", ""603"": ""二级园"", ""602"": ""一级园"", ""601"": ""示范园"", ""598"": ""民办幼儿园"", ""597"": ""公办幼儿园"", ""591"": ""放松限购"", ""541"": ""3D沙盘"", ""540"": ""日照模拟"", ""389"": ""五大新城"", ""263"": ""VR看房"", ""50"": ""品牌开发商""}","[""车位充足"", ""装修交付"", ""厨卫全明"", ""南北通透"", ""卧室全朝南""]",https://pic4.ajkimg.com/display/xinfang/7457d7b70f7c7156a7b3e28a7f6370f0/275x206n.jpg,[],nan
524841,新杨思·上园,上海,11,浦东,7,三林,74,上海浦东三林板泉路1649弄,内中环,98621,98621元/㎡,首付110万，月供26653元,104-205㎡,53000m²,135500m²,"[{""id"": 831647, ""rooms"": 3, ""room_alias"": ""三室"", ""area"": 104}, {""id"": 831648, ""rooms"": 3, ""room_alias"": ""三室"", ""area"": 104}, {""id"": 831649, ""rooms"": 3, ""room_alias"": ""三室"", ""area"": 133}, {""id"": 831650, ""rooms"": 3, ""room_alias"": ""三室"", ""area"": 166}, {""id"": 837152, ""rooms"": 4, ""room_alias"": ""四室"", ""area"": 166}, {""id"": 849351, ""rooms"": 4, ""room_alias"": ""四室"", ""area"": 205}]",3/4室,"3室户型,4室户型",2024-11-29,2024年11月29日,2024年11月29日,2026年上半年,"[""2024-11-14"", ""2024-07-25"", ""2024-06-13"", ""2024-04-17""]",{高层},{高层},70年,1.7,35%,903,带装修,在建中，竣工时间：暂无数据,住宅,上海浦房绿城物业服务有限公司,8.6元/㎡/月,nan,921,1:1.2,尾盘,尾盘,尾盘,"[""浦东新区房管（2024）预字0000348号"", ""浦东新区房管(2024)预字0000210号"", ""浦东新区房管(2024)预字0000156号"", ""浦东新区房管(2024)预字0000094号""]","[""7#、13#、3#"", ""10#、5#"", ""11-1#、9#、15#"", ""14#、4#、11#、12#、6#、8#""]",上海迎博房地产开发有限公司,nan,nan,民电,民水,31.173031,121.523718,"{""service_num"": ""4006708287"", ""num"": ""105212""}","{""56"": ""车位充足"", ""52"": ""低容积"", ""29"": ""装修交付"", ""12"": ""内中环"", ""76"": ""厨卫全明"", ""74"": ""南北通透"", ""73"": ""卧室全朝南"", ""7"": ""项目在建"", ""276"": ""一房一价"", ""72"": ""配套纯熟"", ""70"": ""银行"", ""69"": ""学校"", ""68"": ""医院"", ""67"": ""生态绿地"", ""66"": ""公园"", ""65"": ""商业街"", ""64"": ""购物中心"", ""78"": ""大户型"", ""402"": ""玄关入户"", ""401"": ""户型方正"", ""85"": ""主卧套房"", ""718"": ""24年七批次"", ""641"": ""寄宿制中学"", ""637"": ""公办中学"", ""636"": ""公办小学"", ""625"": ""寄宿制小学"", ""604"": ""三级园"", ""603"": ""二级园"", ""602"": ""一级园"", ""601"": ""示范园"", ""598"": ""民办幼儿园"", ""597"": ""公办幼儿园"", ""595"": ""24年一批次"", ""541"": ""3D沙盘"", ""263"": ""VR看房""}","[""车位充足"", ""低容积"", ""装修交付"", ""内中环"", ""厨卫全明""]",https://pic4.ajkimg.com/display/xinfang/dd44e21bce36ad740f42abd4461cc138/275x206n.jpg,[],浦东新区杨高南路（近板泉路）新杨思上园营销中心
509339,香港置地启元,上海,11,徐汇区,5,龙华,45,上海徐汇区龙华大木桥路789弄、大木桥路889弄,内中环,178000,178000元/㎡,首付634万，月供152451元,277-547㎡,28800m²,102200m²,"[{""id"": 839532, ""rooms"": 4, ""room_alias"": ""四室"", ""area"": 277}, {""id"": 733983, ""rooms"": 4, ""room_alias"": ""四室"", ""area"": 323}, {""id"": 839536, ""rooms"": 5, ""room_alias"": ""五室"", ""area"": 477}, {""id"": 839533, ""rooms"": 5, ""room_alias"": ""五室"", ""area"": 547}]",4/5室,"4室户型,5室户型",2024-04-29,2024年04月29日,2024年4月29日,nan,"[""2024-04-12"", ""2024-04-12""]",{高层},{高层},70年,2.5,35%,76,带装修,在建中，竣工时间：暂无数据,住宅,nan,nan,nan,nan,nan,尾盘,尾盘,尾盘,"[""徐汇房管(2024)预字0000085号"", ""徐汇房管(2024)预字0000086号""]","[""1#、2#""]",上海浦辰置业有限公司,nan,上海怡兴企业发展有限公司,民电,民水,31.188622016748,121.46965503634,"{""service_num"": ""4006708287"", ""num"": """"}","{""29"": ""装修交付"", ""12"": ""内中环"", ""74"": ""南北通透"", ""7"": ""项目在建"", ""276"": ""一房一价"", ""69"": ""学校"", ""67"": ""生态绿地"", ""78"": ""大户型"", ""404"": ""客餐厅相连"", ""403"": ""私密性好"", ""402"": ""玄关入户"", ""401"": ""户型方正"", ""85"": ""主卧套房"", ""84"": ""双厨房"", ""83"": ""双阳台"", ""713"": ""24年四批次"", ""641"": ""寄宿制中学"", ""638"": ""民办中学"", ""637"": ""公办中学"", ""636"": ""公办小学"", ""635"": ""民办小学"", ""624"": ""九年一贯制"", ""603"": ""二级园"", ""602"": ""一级园"", ""601"": ""示范园"", ""600"": ""市级示范园"", ""598"": ""民办幼儿园"", ""597"": ""公办幼儿园"", ""541"": ""3D沙盘"", ""263"": ""VR看房"", ""55"": ""小型社区""}","[""装修交付"", ""内中环"", ""南北通透"", ""项目在建"", ""一房一价""]",https://pic4.ajkimg.com/display/xinfang/31769ebd8a40e2d548e84f29849f392e/275x206n.jpg,[],徐汇区龙启路158号18楼
517854,云锦东方三期云筑,上海,11,徐汇区,5,龙华,45,上海徐汇区龙华龙兰路与云锦路交汇处,内中环,nan,nan,nan,240-570㎡,住宅：33624m² 别墅：33624m²,住宅：60797m² 别墅：60797m²,"[{""id"": 804549, ""rooms"": 4, ""room_alias"": ""四室"", ""area"": 240}, {""id"": 804553, ""rooms"": 5, ""room_alias"": ""五室"", ""area"": 375}, {""id"": 804554, ""rooms"": 7, ""room_alias"": ""七室"", ""area"": 450}, {""id"": 804555, ""rooms"": 8, ""room_alias"": ""八室"", ""area"": 570}]",4室、别墅,"4室户型,别墅户型",2025-09-28,2025年09月28日,2025年9月28日,nan,"[""2023-05-09""]",{多层},{多层},住宅：70年 别墅：70年,住宅：2.54 别墅：2.54,住宅：35% 别墅：35%,住宅：222 别墅：222,住宅：带装修 别墅：带装修,已竣工，竣工时间：暂无数据,住宅,第一太平戴维斯物业顾问（上海）有限公司,住宅：7.8元/㎡/月,nan,住宅：779 别墅：779,nan,尾盘,尾盘,尾盘,"[""徐汇房管（2023）预字0000132号""]","[""6#、5#、9#、8#、2#、8#、35#、30#、34#、24#、1#、7#、15#、10#、12#、11#、18#、17#、29#、23#""]",上海东航置业有限公司,nan,上海东航置业有限公司,住宅：民电,住宅：民水,31.168338710781,121.46256951608,"{""service_num"": ""4006708287"", ""num"": ""56225""}","{""557"": ""项目竣工"", ""29"": ""装修交付"", ""12"": ""内中环"", ""76"": ""厨卫全明"", ""74"": ""南北通透"", ""276"": ""一房一价"", ""72"": ""配套纯熟"", ""71"": ""便利店"", ""70"": ""银行"", ""69"": ""学校"", ""68"": ""医院"", ""67"": ""生态绿地"", ""66"": ""公园"", ""65"": ""商业街"", ""64"": ""购物中心"", ""78"": ""大户型"", ""402"": ""玄关入户"", ""401"": ""户型方正"", ""85"": ""主卧套房"", ""641"": ""寄宿制中学"", ""638"": ""民办中学"", ""637"": ""公办中学"", ""636"": ""公办小学"", ""635"": ""民办小学"", ""624"": ""九年一贯制"", ""607"": ""市一级园"", ""603"": ""二级园"", ""602"": ""一级园"", ""601"": ""示范园"", ""600"": ""市级示范园"", ""598"": ""民办幼儿园"", ""597"": ""公办幼儿园"", ""568"": ""23年四批次"", ""541"": ""3D沙盘"", ""263"": ""VR看房"", ""55"": ""小型社区""}","[""项目竣工"", ""装修交付"", ""内中环"", ""厨卫全明"", ""南北通透""]",https://pic4.ajkimg.com/display/xinfang/931c2a4fd57b5dc5a8715caaef9ba27b/275x206n.jpg,[],龙爱路7号芒果广场A栋云锦东方认购处
189880,富力桃园,上海,11,青浦区,19,青浦新城,166,上海青浦区青浦新城清河湾路389弄,外郊环,nan,nan,nan,68-332㎡,住宅：300000m² 别墅：300000m²,住宅：280000m² 别墅：280000m²,"[{""id"": 48692, ""rooms"": 1, ""room_alias"": ""一室"", ""area"": 68}, {""id"": 4304, ""rooms"": 2, ""room_alias"": ""二室"", ""area"": 82}, {""id"": 4305, ""rooms"": 2, ""room_alias"": ""二室"", ""area"": 82.9}, {""id"": 21059, ""rooms"": 2, ""room_alias"": ""二室"", ""area"": 85.57}, {""id"": 47280, ""rooms"": 2, ""room_alias"": ""二室"", ""area"": 87}, {""id"": 21060, ""rooms"": 2, ""room_alias"": ""二室"", ""area"": 89.21}, {""id"": 48694, ""rooms"": 3, ""room_alias"": ""三室"", ""area"": 89}, {""id"": 4307, ""rooms"": 3, ""room_alias"": ""三室"", ""area"": 90}, {""id"": 4306, ""rooms"": 3, ""room_alias"": ""三室"", ""area"": 91}, {""id"": 21061, ""rooms"": 3, ""room_alias"": ""三室"", ""area"": 128.07}, {""id"": 21062, ""rooms"": 3, ""room_alias"": ""三室"", ""area"": 148.16}, {""id"": 24187, ""rooms"": 3, ""room_alias"": ""三室"", ""area"": 321}, {""id"": 24199, ""rooms"": 3, ""room_alias"": ""三室"", ""area"": 329}, {""id"": 24184, ""rooms"": 4, ""room_alias"": ""四室"", ""area"": 323}, {""id"": 24193, ""rooms"": 4, ""room_alias"": ""四室"", ""area"": 332}]",1/2/3/4室,"1室户型,2室户型,3室户型,4室户型",nan,nan,nan,nan,[],"{小高层,高层,联排别墅,双拼别墅}","{小高层,高层,联排别墅,双拼别墅}",住宅：70年 别墅：70年,住宅：0.93 别墅：1.19,住宅：35% 别墅：35%,住宅：498 别墅：498,住宅：毛坯 别墅：毛坯,nan,住宅,nan,住宅：1.85元/㎡/月 别墅：1.85元/㎡/月,nan,住宅：778 别墅：778,nan,尾盘,尾盘,尾盘,[],[],nan,nan,上海富力房地产开发有限公司,住宅：民电,住宅：民水,31.171739089369,121.10081150855,"""""","{""15"": ""外郊环"", ""72"": ""配套纯熟"", ""71"": ""便利店"", ""70"": ""银行"", ""69"": ""学校"", ""68"": ""医院"", ""66"": ""公园"", ""65"": ""商业街"", ""64"": ""购物中心"", ""79"": ""小户型"", ""78"": ""大户型"", ""637"": ""公办中学"", ""636"": ""公办小学"", ""625"": ""寄宿制小学"", ""604"": ""三级园"", ""603"": ""二级园"", ""602"": ""一级园"", ""601"": ""示范园"", ""598"": ""民办幼儿园"", ""597"": ""公办幼儿园"", ""591"": ""放松限购""}","[""外郊环"", ""配套纯熟"", ""便利店"", ""银行"", ""学校""]",https://pic4.ajkimg.com/display/xinfang/b48d2088152633cc80f32419a7ea7659/275x206n.jpg,[],清河湾路389弄（青浦客运站北）
525888,古美阅华,上海,11,闵行区,11,七宝,110,上海闵行区七宝星中路123弄,中外环,82380,82380元/㎡,首付92万，月供22253元,90-135㎡,31521.11m²,96005.36m²,"[{""id"": 844121, ""rooms"": 2, ""room_alias"": ""二室"", ""area"": 90}, {""id"": 844117, ""rooms"": 3, ""room_alias"": ""三室"", ""area"": 105}, {""id"": 844118, ""rooms"": 3, ""room_alias"": ""三室"", ""area"": 105}, {""id"": 844119, ""rooms"": 4, ""room_alias"": ""四室"", ""area"": 135}, {""id"": 844120, ""rooms"": 4, ""room_alias"": ""四室"", ""area"": 135}]",2/3/4室,"2室户型,3室户型,4室户型",2025-03-29,2025年03月29日,2025年3月29日,2026年12月30日,"[""2025-03-19"", ""2025-01-06"", ""2024-11-21"", ""2024-08-29"", ""2024-08-13""]",{},{},70年,2,35%,nan,nan,在建中，竣工时间：暂无数据,住宅,nan,nan,nan,529,1:1.2,售罄,售罄,售罄,"[""闵行房管（2025）预字0000051号"", ""闵行房管(2025)预字0000002号"", ""闵行房管(2024)预字0000358号"", ""闵行房管(2024)预字0000241号"", ""闵行房管(2024)预字0000220号""]","[""2#"", ""7#"", ""3#、4#"", ""6#"", ""5#、8#、9#""]",上海铧协房地产开发有限公司,"中国中铁,华发股份",上海铧协房地产开发有限公司,民电,民水,31.151122,121.38116,"{""service_num"": ""4006708287"", ""num"": ""107198""}","{""723"": ""第四代住宅"", ""56"": ""车位充足"", ""76"": ""厨卫全明"", ""75"": ""三房朝南"", ""74"": ""南北通透"", ""73"": ""卧室全朝南"", ""7"": ""项目在建"", ""13"": ""中外环"", ""276"": ""一房一价"", ""72"": ""配套纯熟"", ""71"": ""便利店"", ""70"": ""银行"", ""69"": ""学校"", ""68"": ""医院"", ""66"": ""公园"", ""65"": ""商业街"", ""64"": ""购物中心"", ""78"": ""大户型"", ""402"": ""玄关入户"", ""401"": ""户型方正"", ""397"": ""动静分离"", ""85"": ""主卧套房"", ""638"": ""民办中学"", ""637"": ""公办中学"", ""636"": ""公办小学"", ""635"": ""民办小学"", ""624"": ""九年一贯制"", ""604"": ""三级园"", ""603"": ""二级园"", ""602"": ""一级园"", ""601"": ""示范园"", ""598"": ""民办幼儿园"", ""597"": ""公办幼儿园"", ""263"": ""VR看房"", ""50"": ""品牌开发商""}","[""第四代住宅"", ""车位充足"", ""厨卫全明"", ""三房朝南"", ""南北通透""]",https://pic4.ajkimg.com/display/xinfang/167d0568ac97698369acb744ae7a4ac8/275x206n.jpg,[],nan
520380,保利建工海玥锦上,上海,11,闵行区,11,莘庄,106,上海闵行区莘庄黎康路377弄,外郊环,80000,80000元/㎡,首付84万，月供20197元,99-128㎡,12957.8m²,45952.71m²,"[{""id"": 821289, ""rooms"": 3, ""room_alias"": ""三室"", ""area"": 99}, {""id"": 821290, ""rooms"": 4, ""room_alias"": ""四室"", ""area"": 128}]",3/4室,"3室户型,4室户型",2023-11-21,2023年11月21日,2023年11月21日,2026年6月,"[""2023-11-07"", ""2023-11-07""]",{高层},{高层},70年,2.1,35%,249,带装修,在建中，竣工时间：暂无数据,住宅,nan,7元/㎡/月,nan,328,1:1.2,售罄,售罄,售罄,"[""闵行房管（2023）预字0000367号"", ""闵行房管（2023）预字0000368号""]","[""7#"", ""1#""]",上海保玥房地产有限公司,"保利集团,上海建工",nan,民电,民水,31.132848,121.365831,"""""","{""56"": ""车位充足"", ""29"": ""装修交付"", ""9"": ""轨交房"", ""76"": ""厨卫全明"", ""74"": ""南北通透"", ""7"": ""项目在建"", ""10"": ""多轨交"", ""15"": ""外郊环"", ""276"": ""一房一价"", ""72"": ""配套纯熟"", ""71"": ""便利店"", ""70"": ""银行"", ""69"": ""学校"", ""68"": ""医院"", ""67"": ""生态绿地"", ""65"": ""商业街"", ""64"": ""购物中心"", ""78"": ""大户型"", ""402"": ""玄关入户"", ""401"": ""户型方正"", ""397"": ""动静分离"", ""85"": ""主卧套房"", ""638"": ""民办中学"", ""637"": ""公办中学"", ""636"": ""公办小学"", ""635"": ""民办小学"", ""624"": ""九年一贯制"", ""604"": ""三级园"", ""603"": ""二级园"", ""602"": ""一级园"", ""601"": ""示范园"", ""598"": ""民办幼儿园"", ""597"": ""公办幼儿园"", ""591"": ""放松限购"", ""583"": ""23年十批次"", ""541"": ""3D沙盘"", ""540"": ""日照模拟"", ""263"": ""VR看房"", ""55"": ""小型社区"", ""50"": ""品牌开发商""}","[""车位充足"", ""装修交付"", ""轨交房"", ""厨卫全明"", ""南北通透""]",https://pic4.ajkimg.com/display/xinfang/d3e45d95e7169682c17e1c083dd9049a/275x206n.jpg,"[{""id"": ""7250093"", ""loupan_id"": ""520380"", ""station_id"": ""2949"", ""subway_id"": ""56"", ""city_id"": ""11"", ""distance"": ""833米"", ""status"": ""1"", ""last_update_time"": ""1774209758"", ""is_rail_loupan"": ""1"", ""subway_name"": ""12号线"", ""station_name"": ""七莘路"", ""distance_raw"": ""833""}, {""id"": ""7259893"", ""loupan_id"": ""520380"", ""station_id"": ""121485"", ""subway_id"": ""12081"", ""city_id"": ""11"", ""distance"": ""958米"", ""status"": ""1"", ""last_update_time"": ""1774209761"", ""is_rail_loupan"": ""1"", ""subway_name"": ""嘉闵线"", ""station_name"": ""七莘路"", ""distance_raw"": ""958""}]",秀涟路511号os新一站·七莘二层东南角
517853,建发璟院,上海,11,闵行区,11,梅陇,109,上海闵行区梅陇万源路1385弄,中外环,89932,89932元/㎡,首付107万，月供25751元,103-157㎡,43000m²,120000m²,"[{""id"": 795354, ""rooms"": 3, ""room_alias"": ""三室"", ""area"": 103}, {""id"": 795355, ""rooms"": 3, ""room_alias"": ""三室"", ""area"": 103}, {""id"": 795356, ""rooms"": 3, ""room_alias"": ""三室"", ""area"": 107}, {""id"": 795357, ""rooms"": 4, ""room_alias"": ""四室"", ""area"": 157}]",3/4室,"3室户型,4室户型",2023-06-26,2023年06月26日,2023年6月26日,2026年上半年,"[""2023-06-07"", ""2023-04-04""]",{小高层},{小高层},70年,1.8,35%,800,nan,在建中，竣工时间：暂无数据,住宅,nan,nan,nan,900,nan,售罄,售罄,售罄,"[""闵行房管（2023）预字0000172号"", ""闵行房管（2023）预字0000078号""]","[""5#、3#、6#、7#、2#"", ""10#、9#、12#、11#、16#、15#、17#""]",上海兆珑房地产开发有限公司,建发房产,苏州兆坤房地产开发有限公司,民电,民水,31.161598430883,121.39732082587,"{""service_num"": ""4006708287"", ""num"": """"}","{""52"": ""低容积"", ""9"": ""轨交房"", ""76"": ""厨卫全明"", ""74"": ""南北通透"", ""7"": ""项目在建"", ""13"": ""中外环"", ""276"": ""一房一价"", ""72"": ""配套纯熟"", ""71"": ""便利店"", ""70"": ""银行"", ""69"": ""学校"", ""68"": ""医院"", ""67"": ""生态绿地"", ""66"": ""公园"", ""65"": ""商业街"", ""64"": ""购物中心"", ""78"": ""大户型"", ""402"": ""玄关入户"", ""401"": ""户型方正"", ""85"": ""主卧套房"", ""638"": ""民办中学"", ""637"": ""公办中学"", ""636"": ""公办小学"", ""635"": ""民办小学"", ""624"": ""九年一贯制"", ""604"": ""三级园"", ""603"": ""二级园"", ""602"": ""一级园"", ""601"": ""示范园"", ""598"": ""民办幼儿园"", ""597"": ""公办幼儿园"", ""571"": ""23年五批次"", ""566"": ""23年三批次"", ""540"": ""日照模拟"", ""263"": ""VR看房"", ""50"": ""品牌开发商""}","[""低容积"", ""轨交房"", ""厨卫全明"", ""南北通透"", ""项目在建""]",https://pic4.ajkimg.com/display/xinfang/b0b443ed6b84df8f857ad9a42f17ba16/275x206n.jpg,"[{""id"": ""7246010"", ""loupan_id"": ""517853"", ""station_id"": ""2952"", ""subway_id"": ""56"", ""city_id"": ""11"", ""distance"": ""373米"", ""status"": ""1"", ""last_update_time"": ""1774209759"", ""is_rail_loupan"": ""1"", ""subway_name"": ""12号线"", ""station_name"": ""东兰路"", ""distance_raw"": ""373""}, {""id"": ""7246009"", ""loupan_id"": ""517853"", ""station_id"": ""2953"", ""subway_id"": ""56"", ""city_id"": ""11"", ""distance"": ""1060米"", ""status"": ""1"", ""last_update_time"": ""1774209759"", ""is_rail_loupan"": ""1"", ""subway_name"": ""12号线"", ""station_name"": ""虹梅路"", ""distance_raw"": ""1060""}]",东兰路与漕宝路交汇
414591,融创·浦建路727,上海,11,浦东,7,塘桥,64,上海浦东塘桥浦建路727号（近杨高南路）,内环内,nan,nan,nan,94-134㎡,8600m²,25961m²,"[{""id"": 210843, ""rooms"": 1, ""room_alias"": ""一室"", ""area"": 94}, {""id"": 210875, ""rooms"": 2, ""room_alias"": ""二室"", ""area"": 122}, {""id"": 210876, ""rooms"": 3, ""room_alias"": ""三室"", ""area"": 134}]",1/2/3室,"1室户型,2室户型,3室户型",nan,nan,nan,nan,[],{高层},{高层},50年,5.3,10%,343,带装修,nan,住宅,融创中国控股有限公司,8元/㎡/月,nan,41,1:0.1,售罄,售罄,售罄,[],[],nan,nan,nan,民电,民水,31.214267410737,121.53751614282,"""""","{""29"": ""装修交付"", ""11"": ""内环内"", ""9"": ""轨交房"", ""10"": ""多轨交"", ""72"": ""配套纯熟"", ""70"": ""银行"", ""69"": ""学校"", ""68"": ""医院"", ""65"": ""商业街"", ""78"": ""大户型"", ""641"": ""寄宿制中学"", ""638"": ""民办中学"", ""637"": ""公办中学"", ""636"": ""公办小学"", ""624"": ""九年一贯制"", ""603"": ""二级园"", ""602"": ""一级园"", ""601"": ""示范园"", ""598"": ""民办幼儿园"", ""597"": ""公办幼儿园""}","[""装修交付"", ""内环内"", ""轨交房"", ""多轨交"", ""配套纯熟""]",https://pic4.ajkimg.com/display/xinfang/a3e223aca41ea23c4c5f98dcd5c0f4cf/275x206n.jpg,"[{""id"": ""7197641"", ""loupan_id"": ""414591"", ""station_id"": ""3155"", ""subway_id"": ""64"", ""city_id"": ""11"", ""distance"": ""952米"", ""status"": ""1"", ""last_update_time"": ""1774209758"", ""is_rail_loupan"": ""1"", ""subway_name"": ""6号线"", ""station_name"": ""蓝村路"", ""distance_raw"": ""952""}, {""id"": ""7198149"", ""loupan_id"": ""414591"", ""station_id"": ""3108"", ""subway_id"": ""62"", ""city_id"": ""11"", ""distance"": ""954米"", ""status"": ""1"", ""last_update_time"": ""1774209759"", ""is_rail_loupan"": ""1"", ""subway_name"": ""4号线"", ""station_name"": ""蓝村路"", ""distance_raw"": ""954""}, {""id"": ""7197642"", ""loupan_id"": ""414591"", ""station_id"": ""3156"", ""subway_id"": ""64"", ""city_id"": ""11"", ""distance"": ""1087米"", ""status"": ""1"", ""last_update_time"": ""1774209758"", ""is_rail_loupan"": ""1"", ""subway_name"": ""6号线"", ""station_name"": ""上海儿童医学中心"", ""distance_raw"": ""1087""}, {""id"": ""7198151"", ""loupan_id"": ""414591"", ""station_id"": ""3107"", ""subway_id"": ""62"", ""city_id"": ""11"", ""distance"": ""1235米"", ""status"": ""1"", ""last_update_time"": ""1774209759"", ""is_rail_loupan"": ""1"", ""subway_name"": ""4号线"", ""station_name"": ""塘桥"", ""distance_raw"": ""1235""}, {""id"": ""7259309"", ""loupan_id"": ""414591"", ""station_id"": ""121792"", ""subway_id"": ""12074"", ""city_id"": ""11"", ""distance"": ""1440米"", ""status"": ""1"", ""last_update_time"": ""1774209760"", ""is_rail_loupan"": ""1"", ""subway_name"": ""19号线"", ""station_name"": ""塘桥"", ""distance_raw"": ""1440""}]",浦东新区浦建路727号（近杨高南路）
526091,信安里·忻园,上海,11,静安区,2,曹家渡,24,上海静安区曹家渡康定路1399弄,内环内,136000,136000元/㎡,首付159万，月供38230元,90-541㎡,住宅：10348.1m² 别墅：10348.1m²,住宅：27054.13m² 别墅：27054.13m²,"[{""id"": 850969, ""rooms"": 1, ""room_alias"": ""一室"", ""area"": 90}, {""id"": 851269, ""rooms"": 2, ""room_alias"": ""二室"", ""area"": 100}, {""id"": 851273, ""rooms"": 3, ""room_alias"": ""三室"", ""area"": 275}, {""id"": 844335, ""rooms"": 5, ""room_alias"": ""五室"", ""area"": 367}, {""id"": 844336, ""rooms"": 6, ""room_alias"": ""六室"", ""area"": 463}, {""id"": 851274, ""rooms"": 7, ""room_alias"": ""七室"", ""area"": 541}]",1/2室、别墅,"1室户型,2室户型,别墅户型",2024-12-08,2024年12月08日,2024年12月8日,2026年12月,"[""2024-12-06"", ""2024-11-21""]",{},{},住宅：70年 别墅：70年,住宅：2.5,nan,住宅：167 别墅：171,nan,在建中，竣工时间：暂无数据,住宅,nan,nan,nan,nan,nan,在售,在售,在售,"[""静安房管(2024)预字0000378号"", ""静安房管（2024）预字0000354号""]","[""1#""]",上海信瓴置业有限公司,信达地产,nan,住宅：民电,住宅：民水,31.235882,121.439765,"""""","{""11"": ""内环内"", ""9"": ""轨交房"", ""76"": ""厨卫全明"", ""74"": ""南北通透"", ""73"": ""卧室全朝南"", ""7"": ""项目在建"", ""10"": ""多轨交"", ""276"": ""一房一价"", ""72"": ""配套纯熟"", ""71"": ""便利店"", ""70"": ""银行"", ""69"": ""学校"", ""68"": ""医院"", ""67"": ""生态绿地"", ""66"": ""公园"", ""65"": ""商业街"", ""64"": ""购物中心"", ""78"": ""大户型"", ""397"": ""动静分离"", ""85"": ""主卧套房"", ""90"": ""人气楼盘"", ""638"": ""民办中学"", ""637"": ""公办中学"", ""636"": ""公办小学"", ""635"": ""民办小学"", ""624"": ""九年一贯制"", ""603"": ""二级园"", ""602"": ""一级园"", ""601"": ""示范园"", ""598"": ""民办幼儿园"", ""597"": ""公办幼儿园"", ""541"": ""3D沙盘"", ""263"": ""VR看房"", ""55"": ""小型社区"", ""50"": ""品牌开发商""}","[""内环内"", ""轨交房"", ""厨卫全明"", ""南北通透"", ""卧室全朝南""]",https://pic4.ajkimg.com/display/xinfang/7bb5192a6b49130a8af79291112ab2a3/275x206n.jpg,"[{""id"": ""7291029"", ""loupan_id"": ""526091"", ""station_id"": ""10373"", ""subway_id"": ""1019"", ""city_id"": ""11"", ""distance"": ""350米"", ""status"": ""1"", ""last_update_time"": ""1774209759"", ""is_rail_loupan"": ""1"", ""subway_name"": ""14号线"", ""station_name"": ""武定路"", ""distance_raw"": ""350""}, {""id"": ""7291031"", ""loupan_id"": ""526091"", ""station_id"": ""10362"", ""subway_id"": ""1019"", ""city_id"": ""11"", ""distance"": ""458米"", ""status"": ""1"", ""last_update_time"": ""1774209759"", ""is_rail_loupan"": ""1"", ""subway_name"": ""14号线"", ""station_name"": ""武宁路"", ""distance_raw"": ""458""}, {""id"": ""7291025"", ""loupan_id"": ""526091"", ""station_id"": ""2989"", ""subway_id"": ""57"", ""city_id"": ""11"", ""distance"": ""683米"", ""status"": ""1"", ""last_update_time"": ""1774209758"", ""is_rail_loupan"": ""1"", ""subway_name"": ""13号线"", ""station_name"": ""武宁路"", ""distance_raw"": ""683""}, {""id"": ""7291021"", ""loupan_id"": ""526091"", ""station_id"": ""3180"", ""subway_id"": ""65"", ""city_id"": ""11"", ""distance"": ""1113米"", ""status"": ""1"", ""last_update_time"": ""1774209760"", ""is_rail_loupan"": ""1"", ""subway_name"": ""7号线"", ""station_name"": ""昌平路"", ""distance_raw"": ""1113""}, {""id"": ""7291027"", ""loupan_id"": ""526091"", ""station_id"": ""2927"", ""subway_id"": ""55"", ""city_id"": ""11"", ""distance"": ""1324米"", ""status"": ""1"", ""last_update_time"": ""1774209758"", ""is_rail_loupan"": ""1"", ""subway_name"": ""11号线"", ""station_name"": ""隆德路"", ""distance_raw"": ""1324""}, {""id"": ""7291026"", ""loupan_id"": ""526091"", ""station_id"": ""2988"", ""subway_id"": ""57"", ""city_id"": ""11"", ""distance"": ""1325米"", ""status"": ""1"", ""last_update_time"": ""1774209758"", ""is_rail_loupan"": ""1"", ""subway_name"": ""13号线"", ""station_name"": ""隆德路"", ""distance_raw"": ""1325""}]",上海市静安区康定路1399弄
523864,开云星荟华庭,上海,11,浦东,7,金桥,68,上海浦东金桥金葵路288弄,中外环,91000,91000元/㎡,首付100万，月供24056元,85-140㎡,nan,住宅：19.94m² 别墅：69555m²,"[{""id"": 824959, ""rooms"": 2, ""room_alias"": ""二室"", ""area"": 85}, {""id"": 824960, ""rooms"": 3, ""room_alias"": ""三室"", ""area"": 97}, {""id"": 824961, ""rooms"": 3, ""room_alias"": ""三室"", ""area"": 120}, {""id"": 824962, ""rooms"": 4, ""room_alias"": ""四室"", ""area"": 140}, {""id"": 824963, ""rooms"": 4, ""room_alias"": ""四室"", ""area"": 140}]",2/3/4室,"2室户型,3室户型,4室户型",2023-12-29,2023年12月29日,2023年12月29日,2026年,"[""2023-12-05""]",{},{},别墅：70年,nan,住宅：35% 别墅：35%,住宅：620 别墅：620,住宅：带装修 别墅：带装修,在建中，竣工时间：暂无数据,住宅,nan,nan,nan,nan,住宅：1:1.82 别墅：1:1.82,售罄,售罄,售罄,"[""浦东新区房管(2023)预字0000419号""]","[""1#、3#、2#、4#、6#、5#、8#、7#、9#""]",上海浦东土地控股（集团）有限公司,浦开集团,上海浦东土地控股（集团）有限公司,住宅：民电,住宅：民水,31.241765,121.620581,"{""service_num"": ""4006708287"", ""num"": ""103565""}","{""56"": ""车位充足"", ""29"": ""装修交付"", ""9"": ""轨交房"", ""76"": ""厨卫全明"", ""74"": ""南北通透"", ""73"": ""卧室全朝南"", ""7"": ""项目在建"", ""10"": ""多轨交"", ""13"": ""中外环"", ""276"": ""一房一价"", ""72"": ""配套纯熟"", ""71"": ""便利店"", ""70"": ""银行"", ""69"": ""学校"", ""68"": ""医院"", ""67"": ""生态绿地"", ""66"": ""公园"", ""65"": ""商业街"", ""64"": ""购物中心"", ""78"": ""大户型"", ""402"": ""玄关入户"", ""401"": ""户型方正"", ""85"": ""主卧套房"", ""637"": ""公办中学"", ""636"": ""公办小学"", ""635"": ""民办小学"", ""624"": ""九年一贯制"", ""603"": ""二级园"", ""602"": ""一级园"", ""601"": ""示范园"", ""598"": ""民办幼儿园"", ""597"": ""公办幼儿园"", ""588"": ""23年十一批次"", ""541"": ""3D沙盘"", ""540"": ""日照模拟"", ""263"": ""VR看房"", ""50"": ""品牌开发商""}","[""车位充足"", ""装修交付"", ""轨交房"", ""厨卫全明"", ""南北通透""]",https://pic4.ajkimg.com/display/xinfang/2221616ab6443ac0061c90fe90b54cfa/275x206n.jpg,"[{""id"": ""7259832"", ""loupan_id"": ""523864"", ""station_id"": ""121438"", ""subway_id"": ""12077"", ""city_id"": ""11"", ""distance"": ""862米"", ""status"": ""1"", ""last_update_time"": ""1774209760"", ""is_rail_loupan"": ""1"", ""subway_name"": ""21号线"", ""station_name"": ""浦东足球场"", ""distance_raw"": ""862""}, {""id"": ""7258044"", ""loupan_id"": ""523864"", ""station_id"": ""10348"", ""subway_id"": ""1019"", ""city_id"": ""11"", ""distance"": ""933米"", ""status"": ""1"", ""last_update_time"": ""1774209759"", ""is_rail_loupan"": ""1"", ""subway_name"": ""14号线"", ""station_name"": ""浦东足球场"", ""distance_raw"": ""933""}]",nan
526763,大华星樾,上海,11,闵行区,11,浦江,114,上海闵行区浦江立跃路3311弄,外郊环,904,904万元/套起,首付135万，月供32604元,109-161㎡,住宅：50293.97m² 别墅：50293.97m²,住宅：60352.8m² 别墅：60352.76m²,"[{""id"": 845785, ""rooms"": 3, ""room_alias"": ""三室"", ""area"": 109}, {""id"": 845786, ""rooms"": 3, ""room_alias"": ""三室"", ""area"": 109}, {""id"": 855324, ""rooms"": 3, ""room_alias"": ""三室"", ""area"": 131}, {""id"": 855325, ""rooms"": 3, ""room_alias"": ""三室"", ""area"": 142}, {""id"": 855327, ""rooms"": 4, ""room_alias"": ""四室"", ""area"": 143}, {""id"": 855332, ""rooms"": 4, ""room_alias"": ""四室"", ""area"": 159}, {""id"": 855329, ""rooms"": 4, ""room_alias"": ""四室"", ""area"": 161}]",3室、别墅,"3室户型,别墅户型",2024-12-27,2024年12月27日,2024年12月27日,2026年,"[""2024-12-11"", ""2024-10-17"", ""2024-09-20""]","{花园洋房,多层}","{花园洋房,多层}",住宅：70年 别墅：70年,住宅：1.2 别墅：1.2,住宅：35% 别墅：35%,住宅：450 别墅：450,nan,在建中，竣工时间：暂无数据,住宅,nan,nan,nan,住宅：649 别墅：634,住宅：1：1.3,售罄,售罄,售罄,"[""闵行房管（2024）预字0000391号"", ""闵行房管（2024）预字0000304号"", ""闵行房管（2024）预字0000270号""]","[""20#、21#、18#、19#、22#、12#、13#、9#、11#、16#、17#、14#、15#、2#、3#、1#、7#、8#、4#、6#"", ""23#、24#、25#"", ""5#、10#、30#""]",上海华蒲房地产开发有限公司,大华集团,nan,住宅：民电 别墅：民电,住宅：民水 别墅：民水,31.091004,121.510184,"{""service_num"": ""4006708287"", ""num"": ""108885""}","{""52"": ""低容积"", ""9"": ""轨交房"", ""76"": ""厨卫全明"", ""74"": ""南北通透"", ""73"": ""卧室全朝南"", ""7"": ""项目在建"", ""15"": ""外郊环"", ""37"": ""叠加"", ""30"": ""花园洋房"", ""276"": ""一房一价"", ""72"": ""配套纯熟"", ""71"": ""便利店"", ""70"": ""银行"", ""69"": ""学校"", ""68"": ""医院"", ""67"": ""生态绿地"", ""66"": ""公园"", ""65"": ""商业街"", ""64"": ""购物中心"", ""78"": ""大户型"", ""402"": ""玄关入户"", ""401"": ""户型方正"", ""397"": ""动静分离"", ""85"": ""主卧套房"", ""637"": ""公办中学"", ""636"": ""公办小学"", ""624"": ""九年一贯制"", ""603"": ""二级园"", ""602"": ""一级园"", ""598"": ""民办幼儿园"", ""597"": ""公办幼儿园"", ""591"": ""放松限购"", ""541"": ""3D沙盘"", ""263"": ""VR看房"", ""50"": ""品牌开发商""}","[""低容积"", ""轨交房"", ""厨卫全明"", ""南北通透"", ""卧室全朝南""]",https://pic4.ajkimg.com/display/xinfang/5e817e572a7933a852c68adddfe4f99e/275x206n.jpg,"[{""id"": ""7292358"", ""loupan_id"": ""526763"", ""station_id"": ""3200"", ""subway_id"": ""66"", ""city_id"": ""11"", ""distance"": ""881米"", ""status"": ""1"", ""last_update_time"": ""1774209760"", ""is_rail_loupan"": ""1"", ""subway_name"": ""8号线"", ""station_name"": ""江月路"", ""distance_raw"": ""881""}]",nan
497774,世纪前滩·天御,上海,11,浦东,7,前滩,23886,上海浦东前滩济阳路908弄,内中环,129800,129800元/㎡,首付187万，月供45082元,116-355㎡,40055m²,387162m²,"[{""id"": 795738, ""rooms"": 3, ""room_alias"": ""三室"", ""area"": 116}, {""id"": 795741, ""rooms"": 3, ""room_alias"": ""三室"", ""area"": 165}, {""id"": 795735, ""rooms"": 3, ""room_alias"": ""三室"", ""area"": 170}, {""id"": 795734, ""rooms"": 3, ""room_alias"": ""三室"", ""area"": 187}, {""id"": 795733, ""rooms"": 4, ""room_alias"": ""四室"", ""area"": 245}, {""id"": 795745, ""rooms"": 5, ""room_alias"": ""五室"", ""area"": 340}, {""id"": 795748, ""rooms"": 5, ""room_alias"": ""五室"", ""area"": 355}]",3/4/5室,"3室户型,4室户型,5室户型",2023-05-12,2023年05月12日,2023年5月12日,2026年11月30日,"[""2023-04-14""]",{高层},{高层},70年,5.7,35%,642,带装修,在建中，竣工时间：暂无数据,住宅,nan,nan,nan,nan,nan,售罄,售罄,售罄,"[""浦东新区房管（2023）预字0000095号""]","[""1幢、2幢""]",上海陆家嘴（集团）有限公司,陆家嘴,上海陆家嘴（集团）有限公司,民电,民水,31.160288217166,121.49012957713,"{""service_num"": ""4006708287"", ""num"": """"}","{""29"": ""装修交付"", ""12"": ""内中环"", ""9"": ""轨交房"", ""76"": ""厨卫全明"", ""74"": ""南北通透"", ""73"": ""卧室全朝南"", ""7"": ""项目在建"", ""10"": ""多轨交"", ""276"": ""一房一价"", ""78"": ""大户型"", ""402"": ""玄关入户"", ""401"": ""户型方正"", ""397"": ""动静分离"", ""85"": ""主卧套房"", ""83"": ""双阳台"", ""641"": ""寄宿制中学"", ""637"": ""公办中学"", ""636"": ""公办小学"", ""625"": ""寄宿制小学"", ""624"": ""九年一贯制"", ""604"": ""三级园"", ""603"": ""二级园"", ""602"": ""一级园"", ""601"": ""示范园"", ""598"": ""民办幼儿园"", ""597"": ""公办幼儿园"", ""583"": ""23年十批次"", ""563"": ""23年二批次"", ""541"": ""3D沙盘"", ""540"": ""日照模拟"", ""263"": ""VR看房"", ""50"": ""品牌开发商""}","[""装修交付"", ""内中环"", ""轨交房"", ""厨卫全明"", ""南北通透""]",https://pic4.ajkimg.com/display/xinfang/b3d415d488f71b6b1707e46d2504bfda/275x206n.jpg,"[{""id"": ""7259363"", ""loupan_id"": ""497774"", ""station_id"": ""121771"", ""subway_id"": ""12074"", ""city_id"": ""11"", ""distance"": ""663米"", ""status"": ""1"", ""last_update_time"": ""1774209760"", ""is_rail_loupan"": ""1"", ""subway_name"": ""19号线"", ""station_name"": ""东方体育中心"", ""distance_raw"": ""663""}, {""id"": ""7246003"", ""loupan_id"": ""497774"", ""station_id"": ""3204"", ""subway_id"": ""66"", ""city_id"": ""11"", ""distance"": ""921米"", ""status"": ""1"", ""last_update_time"": ""1774209759"", ""is_rail_loupan"": ""1"", ""subway_name"": ""8号线"", ""station_name"": ""东方体育中心"", ""distance_raw"": ""921""}, {""id"": ""7245940"", ""loupan_id"": ""497774"", ""station_id"": ""3164"", ""subway_id"": ""64"", ""city_id"": ""11"", ""distance"": ""922米"", ""status"": ""1"", ""last_update_time"": ""1774209760"", ""is_rail_loupan"": ""1"", ""subway_name"": ""6号线"", ""station_name"": ""东方体育中心"", ""distance_raw"": ""922""}, {""id"": ""7246063"", ""loupan_id"": ""497774"", ""station_id"": ""2919"", ""subway_id"": ""55"", ""city_id"": ""11"", ""distance"": ""922米"", ""status"": ""1"", ""last_update_time"": ""1774209761"", ""is_rail_loupan"": ""1"", ""subway_name"": ""11号线"", ""station_name"": ""东方体育中心"", ""distance_raw"": ""922""}]",泳耀路511弄6号
527757,保利·虹桥和著,上海,11,嘉定区,14,江桥,139,上海嘉定区江桥开泰路788弄,外郊环,54000,54000元/㎡,首付82万，月供20733元,104-128㎡,27567.43m²,102809.55m²,"[{""id"": 854423, ""rooms"": 3, ""room_alias"": ""三室"", ""area"": 104}, {""id"": 854426, ""rooms"": 4, ""room_alias"": ""四室"", ""area"": 128}]",3/4室,"3室户型,4室户型",2025-09-23,2025年09月23日,2025年9月23日,2026年12月31日,"[""2025-09-11"", ""2025-06-12"", ""2025-04-22"", ""2025-03-10"", ""2024-12-16""]",{},{},70年,2.5,35%,652,nan,在建中，竣工时间：暂无数据,住宅,保利物业服务股份有限公司上海分公司,5.4元/㎡/月,nan,818,nan,在售,在售,在售,"[""嘉定房管（2025）预字00000271号"", ""嘉定房管（2025）预字00000163号"", ""嘉定房管(2025)预字0 000093号"", ""嘉定房管（2025）预字0000031号"", ""嘉定房管(2024)预字0000 410号""]","[""6#、11#"", ""7#、10#"", ""2#"", ""3#、12#、8#""]",上海垣璟企业发展有限公司,保利集团,上海垣璟企业发展有限公司,民电,民水,31.272273,121.305446,"{""service_num"": ""4006708287"", ""num"": ""11710""}","{""9"": ""轨交房"", ""76"": ""厨卫全明"", ""74"": ""南北通透"", ""73"": ""卧室全朝南"", ""7"": ""项目在建"", ""15"": ""外郊环"", ""276"": ""一房一价"", ""72"": ""配套纯熟"", ""70"": ""银行"", ""69"": ""学校"", ""68"": ""医院"", ""65"": ""商业街"", ""64"": ""购物中心"", ""78"": ""大户型"", ""402"": ""玄关入户"", ""401"": ""户型方正"", ""85"": ""主卧套房"", ""270"": ""专车看房"", ""92"": ""热搜盘"", ""91"": ""热评楼盘"", ""90"": ""人气楼盘"", ""637"": ""公办中学"", ""636"": ""公办小学"", ""635"": ""民办小学"", ""624"": ""九年一贯制"", ""604"": ""三级园"", ""603"": ""二级园"", ""602"": ""一级园"", ""598"": ""民办幼儿园"", ""597"": ""公办幼儿园"", ""591"": ""放松限购"", ""541"": ""3D沙盘"", ""540"": ""日照模拟"", ""421"": ""无需摇号"", ""263"": ""VR看房"", ""50"": ""品牌开发商""}","[""轨交房"", ""厨卫全明"", ""南北通透"", ""卧室全朝南"", ""项目在建""]",https://pic4.ajkimg.com/display/xinfang/173711cedf0b0f0a46d3cda0be2c93e1/275x206n.jpg,"[{""id"": ""7295726"", ""loupan_id"": ""527757"", ""station_id"": ""10376"", ""subway_id"": ""1019"", ""city_id"": ""11"", ""distance"": ""644米"", ""status"": ""1"", ""last_update_time"": ""1774209760"", ""is_rail_loupan"": ""1"", ""subway_name"": ""14号线"", ""station_name"": ""封浜"", ""distance_raw"": ""644""}]",上海市嘉定区曹安公路14号线封浜地铁站3号口东侧约200米
524871,保利西郊和煦,上海,11,松江区,15,洞泾,6167,上海松江区洞泾泗砖南路1555弄,外郊环,44800,44800元/㎡,首付57万，月供14475元,96-165㎡,住宅：40262.4m² 别墅：40262.4m²,住宅：60393.6m² 别墅：60393.6m²,"[{""id"": 837082, ""rooms"": 3, ""room_alias"": ""三室"", ""area"": 96}, {""id"": 843713, ""rooms"": 3, ""room_alias"": ""三室"", ""area"": 96}, {""id"": 843751, ""rooms"": 3, ""room_alias"": ""三室"", ""area"": 96}, {""id"": 840741, ""rooms"": 3, ""room_alias"": ""三室"", ""area"": 126}, {""id"": 840742, ""rooms"": 3, ""room_alias"": ""三室"", ""area"": 126}, {""id"": 840746, ""rooms"": 3, ""room_alias"": ""三室"", ""area"": 142}, {""id"": 840748, ""rooms"": 3, ""room_alias"": ""三室"", ""area"": 142}, {""id"": 840751, ""rooms"": 3, ""room_alias"": ""三室"", ""area"": 165}, {""id"": 837083, ""rooms"": 4, ""room_alias"": ""四室"", ""area"": 119}, {""id"": 843746, ""rooms"": 4, ""room_alias"": ""四室"", ""area"": 119}]",3/4室、别墅,"3室户型,4室户型,别墅户型",2024-11-29,2024年11月29日,2024年11月29日,2026年下半年,"[""2024-11-19"", ""2024-09-26"", ""2024-06-13""]",{小高层},{小高层},住宅：70年 别墅：70年,住宅：1.5 别墅：1.5,住宅：35% 别墅：35%,住宅：524 别墅：524,住宅：带装修 别墅：带装修,在建中，竣工时间：暂无数据,住宅,保利物业服务股份有限公司,nan,nan,住宅：748 别墅：748,nan,尾盘,尾盘,尾盘,"[""松江房管(2024)预字0000356号"", ""松江房管(2024)预字0 000285号"", ""松江房管(2024)预字0000157号""]","[""1#、6#"", ""12#、2#、5#、14#"", ""9#、10#、15#、7#、8#、11#、13#、3#、4#""]",上海保邺置业有限公司,保利集团,保利发展控股集团股份有限公司,住宅：民电 别墅：民电,住宅：民水 别墅：民水,31.097261,121.290145,"""""","{""52"": ""低容积"", ""29"": ""装修交付"", ""76"": ""厨卫全明"", ""74"": ""南北通透"", ""73"": ""卧室全朝南"", ""7"": ""项目在建"", ""15"": ""外郊环"", ""276"": ""一房一价"", ""72"": ""配套纯熟"", ""69"": ""学校"", ""68"": ""医院"", ""65"": ""商业街"", ""64"": ""购物中心"", ""78"": ""大户型"", ""401"": ""户型方正"", ""85"": ""主卧套房"", ""718"": ""24年七批次"", ""637"": ""公办中学"", ""635"": ""民办小学"", ""624"": ""九年一贯制"", ""604"": ""三级园"", ""603"": ""二级园"", ""602"": ""一级园"", ""598"": ""民办幼儿园"", ""597"": ""公办幼儿园"", ""591"": ""放松限购"", ""541"": ""3D沙盘"", ""540"": ""日照模拟"", ""263"": ""VR看房"", ""126"": ""400万买刚需"", ""50"": ""品牌开发商""}","[""低容积"", ""装修交付"", ""厨卫全明"", ""南北通透"", ""卧室全朝南""]",https://pic4.ajkimg.com/display/xinfang/8df9bd339af5227de9b061eebcd7b21c/275x206n.jpg,[],泗砖南路1555弄
524684,时代之城,上海,11,嘉定区,14,南翔,136,上海嘉定区南翔惠亚路299弄，嘉前路288弄，鹤湾路9弄,外郊环,56992,56992元/㎡,首付75万，月供18886元,89-178㎡,住宅：125339.87m²,住宅：473342.73m²,"[{""id"": 836074, ""rooms"": 3, ""room_alias"": ""三室"", ""area"": 89}, {""id"": 866710, ""rooms"": 3, ""room_alias"": ""三室"", ""area"": 92}, {""id"": 861726, ""rooms"": 3, ""room_alias"": ""三室"", ""area"": 104}, {""id"": 836071, ""rooms"": 3, ""room_alias"": ""三室"", ""area"": 108}, {""id"": 836073, ""rooms"": 3, ""room_alias"": ""三室"", ""area"": 109}, {""id"": 866711, ""rooms"": 3, ""room_alias"": ""三室"", ""area"": 110}, {""id"": 869652, ""rooms"": 3, ""room_alias"": ""三室"", ""area"": 120}, {""id"": 861727, ""rooms"": 3, ""room_alias"": ""三室"", ""area"": 124}, {""id"": 836077, ""rooms"": 3, ""room_alias"": ""三室"", ""area"": 132}, {""id"": 836070, ""rooms"": 4, ""room_alias"": ""四室"", ""area"": 133}, {""id"": 861728, ""rooms"": 4, ""room_alias"": ""四室"", ""area"": 133}, {""id"": 866712, ""rooms"": 4, ""room_alias"": ""四室"", ""area"": 135}, {""id"": 836076, ""rooms"": 4, ""room_alias"": ""四室"", ""area"": 141}, {""id"": 836075, ""rooms"": 4, ""room_alias"": ""四室"", ""area"": 142}, {""id"": 864396, ""rooms"": 4, ""room_alias"": ""四室"", ""area"": 143}, {""id"": 864397, ""rooms"": 4, ""room_alias"": ""四室"", ""area"": 153}, {""id"": 864398, ""rooms"": 4, ""room_alias"": ""四室"", ""area"": 154}, {""id"": 836082, ""rooms"": 4, ""room_alias"": ""四室"", ""area"": 158}, {""id"": 836079, ""rooms"": 4, ""room_alias"": ""四室"", ""area"": 165}, {""id"": 836080, ""rooms"": 4, ""room_alias"": ""四室"", ""area"": 168}, {""id"": 864414, ""rooms"": 4, ""room_alias"": ""四室"", ""area"": 170}, {""id"": 864424, ""rooms"": 4, ""room_alias"": ""四室"", ""area"": 174}, {""id"": 864423, ""rooms"": 4, ""room_alias"": ""四室"", ""area"": 178}]",3/4室、别墅,"3室户型,4室户型,别墅户型",2025-12-26,2025年12月26日,2025年12月26日,nan,"[""2025-12-16"", ""2025-10-15"", ""2025-04-14"", ""2025-10-15"", ""2024-07-16"", ""2025-09-17"", ""2025-07-14"", ""2025-07-14"", ""2025-07-14"", ""2025-05-16"", ""2025-04-14"", ""2025-05-16"", ""2025-02-10"", ""2025-03-17"", ""2025-03-17"", ""2024-08-15"", ""2024-12-10"", ""2024-11-14"", ""2024-12-10"", ""2024-08-15"", ""2024-11-14"", ""2024-10-15"", ""2024-09-14"", ""2024-10-15"", ""2024-09-14"", ""2024-07-16"", ""2024-06-06"", ""2024-06-06""]","{小高层,高层}","{小高层,高层}",住宅：70年 别墅：70年,住宅：2.2,住宅：35% 别墅：35%,住宅：2871,住宅：带装修 别墅：带装修,在建中，竣工时间：暂无数据,住宅,华发物业服务有限公司上海分公司,nan,nan,住宅：3488,nan,在售,在售,在售,"[""嘉定房管（2025）预字0000440号"", ""嘉定房管（2025）预字0000335号"", ""嘉定房管（2025）预字0000077号"", ""嘉定房管（2025）预字0000334号"", ""嘉定房管(2024)预字0000193号"", ""嘉定房管（2025）预字0000291号"", ""嘉定房管（2025）预字0000203号"", ""嘉定房管（2025）预字0000204号"", ""嘉定房管（2025）预字0000205号"", ""嘉定房管（2025）预字0000127号"", ""嘉定房管（2025）预字0000076号"", ""嘉定房管（2025）预字0000128号"", ""嘉定房管（2025）预字0000013号"", ""嘉定房管（2025）预字0000047号"", ""嘉定房管（2025）预字0000046号"", ""嘉定房管(2024)预字0000226号"", ""嘉定房管（2024）预字0000387号"", ""嘉定房管（2024）预字0000347号"", ""嘉定房管（2024）预字0000386号"", ""嘉定房管(2024)预字0000225号"", ""嘉定房管（2024）预字0000346号"", ""嘉定房管(2024)预字0000301号"", ""嘉定房管（2024）预字0000264号"", ""嘉定房管(2024)预字0000302号"", ""嘉定房管（2024）预字0000265号"", ""嘉定房管(2024)预字0000192号"", ""嘉定房管（2024）预字0000142号"", ""嘉定房管（2024）预字0000143号""]","[""D9#"", ""7#"", ""4#"", ""6#、10#"", ""D10#"", ""D8#"", ""D1#"", ""D2#、D6#"", ""D7#"", ""15#"", ""D3#、D4#、D5#"", ""12#"", ""30#、24#"", ""31#"", ""14#"", ""22#、25#"", ""13#"", ""8#"", ""11#"", ""26#、27#、28#"", ""23#"", ""21#"", ""3#、9#"", ""29#""]",上海润喆翔云置业有限公司,"华润置地,华发股份",nan,住宅：民电 别墅：民电,住宅：民水 别墅：民水,31.309453,121.30165,"""""","{""29"": ""装修交付"", ""76"": ""厨卫全明"", ""74"": ""南北通透"", ""73"": ""卧室全朝南"", ""7"": ""项目在建"", ""15"": ""外郊环"", ""276"": ""一房一价"", ""72"": ""配套纯熟"", ""71"": ""便利店"", ""70"": ""银行"", ""69"": ""学校"", ""68"": ""医院"", ""65"": ""商业街"", ""64"": ""购物中心"", ""78"": ""大户型"", ""402"": ""玄关入户"", ""401"": ""户型方正"", ""397"": ""动静分离"", ""85"": ""主卧套房"", ""92"": ""热搜盘"", ""91"": ""热评楼盘"", ""90"": ""人气楼盘"", ""719"": ""6.21过会楼盘"", ""716"": ""24年五批次"", ""637"": ""公办中学"", ""636"": ""公办小学"", ""635"": ""民办小学"", ""624"": ""九年一贯制"", ""604"": ""三级园"", ""603"": ""二级园"", ""602"": ""一级园"", ""598"": ""民办幼儿园"", ""597"": ""公办幼儿园"", ""591"": ""放松限购"", ""541"": ""3D沙盘"", ""421"": ""无需摇号"", ""263"": ""VR看房"", ""54"": ""大型社区"", ""50"": ""品牌开发商""}","[""装修交付"", ""厨卫全明"", ""南北通透"", ""卧室全朝南"", ""项目在建""]",https://pic4.ajkimg.com/display/xinfang/857e2e48ae1650fd662e55d189f738be/275x206n.jpg,[],nan
526857,中崇投资琴海苑地块,上海,11,黄浦区,4,老西门,35,上海黄浦区老西门陆家浜路与迎勋路交汇处,内环内,nan,nan,nan,nan,37129m²,118000m²,[],nan,nan,nan,nan,nan,nan,[],{高层},{高层},70年,nan,nan,nan,nan,nan,住宅,nan,nan,nan,nan,nan,待售,待售,待售,[],[],上海金心置业有限公司,nan,nan,民电,民水,31.218817,121.496491,"""""","{""11"": ""内环内"", ""9"": ""轨交房"", ""10"": ""多轨交"", ""72"": ""配套纯熟"", ""71"": ""便利店"", ""70"": ""银行"", ""69"": ""学校"", ""68"": ""医院"", ""67"": ""生态绿地"", ""66"": ""公园"", ""65"": ""商业街"", ""64"": ""购物中心"", ""91"": ""热评楼盘"", ""638"": ""民办中学"", ""637"": ""公办中学"", ""636"": ""公办小学"", ""635"": ""民办小学"", ""624"": ""九年一贯制"", ""603"": ""二级园"", ""602"": ""一级园"", ""601"": ""示范园"", ""598"": ""民办幼儿园"", ""597"": ""公办幼儿园"", ""55"": ""小型社区""}","[""内环内"", ""轨交房"", ""多轨交"", ""配套纯熟"", ""便利店""]",https://pic4.ajkimg.com/display/xinfang/ba41253608bd284f62edcfef6a8fa6f1/275x206n.jpg,"[{""id"": ""7292551"", ""loupan_id"": ""526857"", ""station_id"": ""3210"", ""subway_id"": ""66"", ""city_id"": ""11"", ""distance"": ""496米"", ""status"": ""1"", ""last_update_time"": ""1774209759"", ""is_rail_loupan"": ""1"", ""subway_name"": ""8号线"", ""station_name"": ""陆家浜路"", ""distance_raw"": ""496""}, {""id"": ""7292546"", ""loupan_id"": ""526857"", ""station_id"": ""3232"", ""subway_id"": ""67"", ""city_id"": ""11"", ""distance"": ""497米"", ""status"": ""1"", ""last_update_time"": ""1774209759"", ""is_rail_loupan"": ""1"", ""subway_name"": ""9号线"", ""station_name"": ""陆家浜路"", ""distance_raw"": ""497""}, {""id"": ""7292550"", ""loupan_id"": ""526857"", ""station_id"": ""3211"", ""subway_id"": ""66"", ""city_id"": ""11"", ""distance"": ""1092米"", ""status"": ""1"", ""last_update_time"": ""1774209759"", ""is_rail_loupan"": ""1"", ""subway_name"": ""8号线"", ""station_name"": ""老西门"", ""distance_raw"": ""1092""}, {""id"": ""7292590"", ""loupan_id"": ""526857"", ""station_id"": ""2894"", ""subway_id"": ""54"", ""city_id"": ""11"", ""distance"": ""1093米"", ""status"": ""1"", ""last_update_time"": ""1774209760"", ""is_rail_loupan"": ""1"", ""subway_name"": ""10号线"", ""station_name"": ""老西门"", ""distance_raw"": ""1093""}, {""id"": ""7292547"", ""loupan_id"": ""526857"", ""station_id"": ""3231"", ""subway_id"": ""67"", ""city_id"": ""11"", ""distance"": ""1121米"", ""status"": ""1"", ""last_update_time"": ""1774209759"", ""is_rail_loupan"": ""1"", ""subway_name"": ""9号线"", ""station_name"": ""小南门"", ""distance_raw"": ""1121""}, {""id"": ""7292545"", ""loupan_id"": ""526857"", ""station_id"": ""3233"", ""subway_id"": ""67"", ""city_id"": ""11"", ""distance"": ""1396米"", ""status"": ""1"", ""last_update_time"": ""1774209759"", ""is_rail_loupan"": ""1"", ""subway_name"": ""9号线"", ""station_name"": ""马当路"", ""distance_raw"": ""1396""}, {""id"": ""7292559"", ""loupan_id"": ""526857"", ""station_id"": ""3106"", ""subway_id"": ""62"", ""city_id"": ""11"", ""distance"": ""1460米"", ""status"": ""1"", ""last_update_time"": ""1774209759"", ""is_rail_loupan"": ""1"", ""subway_name"": ""4号线"", ""station_name"": ""南浦大桥"", ""distance_raw"": ""1460""}, {""id"": ""7292587"", ""loupan_id"": ""526857"", ""station_id"": ""2997"", ""subway_id"": ""57"", ""city_id"": ""11"", ""distance"": ""1483米"", ""status"": ""1"", ""last_update_time"": ""1774209759"", ""is_rail_loupan"": ""1"", ""subway_name"": ""13号线"", ""station_name"": ""马当路"", ""distance_raw"": ""1483""}]",nan
521577,保利建发印象青城,上海,11,青浦区,19,青浦新城,166,上海青浦区青浦新城盈秀路366弄、159弄、299弄,郊环外,42861,42861元/㎡,首付50万，月供12628元,91-175㎡,住宅：155931.29m² 别墅：155931.29m²,住宅：479000m² 别墅：479000m²,"[{""id"": 879884, ""rooms"": 3, ""room_alias"": ""三室"", ""area"": 91}, {""id"": 814991, ""rooms"": 3, ""room_alias"": ""三室"", ""area"": 99}, {""id"": 822292, ""rooms"": 3, ""room_alias"": ""三室"", ""area"": 99}, {""id"": 835715, ""rooms"": 3, ""room_alias"": ""三室"", ""area"": 99}, {""id"": 837494, ""rooms"": 3, ""room_alias"": ""三室"", ""area"": 99}, {""id"": 879883, ""rooms"": 4, ""room_alias"": ""四室"", ""area"": 118}, {""id"": 814992, ""rooms"": 4, ""room_alias"": ""四室"", ""area"": 125}, {""id"": 814993, ""rooms"": 4, ""room_alias"": ""四室"", ""area"": 125}, {""id"": 844212, ""rooms"": 4, ""room_alias"": ""四室"", ""area"": 128}, {""id"": 814994, ""rooms"": 4, ""room_alias"": ""四室"", ""area"": 150}, {""id"": 814995, ""rooms"": 4, ""room_alias"": ""四室"", ""area"": 165}, {""id"": 857642, ""rooms"": 4, ""room_alias"": ""四室"", ""area"": 170}, {""id"": 815005, ""rooms"": 4, ""room_alias"": ""四室"", ""area"": 175}]",3/4室、别墅,"3室户型,4室户型,别墅户型",2025-09-30,2025年09月30日,2025年9月30日,nan,"[""2025-09-18"", ""2025-03-22"", ""2024-07-20"", ""2025-03-22"", ""2024-11-29"", ""2024-11-29"", ""2024-06-14"", ""2024-03-11"", ""2023-12-17"", ""2023-12-17"", ""2023-11-08""]",{高层},{高层},住宅：70年 别墅：70年,nan,住宅：35% 别墅：35%,住宅：2664 别墅：2664,"住宅：毛坯,简装修,带装修 别墅：毛坯,简装修,带装修",在建中，竣工时间：暂无数据,住宅,上海建申合利物业管理有限公司,nan,nan,nan,住宅：1:1.2 别墅：1:1.2,在售,在售,在售,"[""青浦房管(2025)预字0000299号"", ""青浦房管(2025)预字0000055号"", ""青浦房管(2024)预字0000201号"", ""青浦房管(2025)预字0000056号"", ""青浦房管(2024)预字0000367号"", ""青浦房管(2024)预字0000368号"", ""青浦房管(2024)预字0000160号"", ""青浦房管(2024)预字0000048号"", ""青浦房管(2023)预字0000446号"", ""青浦房管(2023)预字0000445号"", ""青浦房管(2023)预字0000372号""]","[""24#11幢"", ""24#2幢"", ""22地块6幢、22地块7幢、22地块3幢、22地块5幢、22地块1幢、22地块2幢"", ""22地块8幢"", ""23地块3幢"", ""22地块9幢"", ""18地块2#、18地块3#、18地块1#、18地块7#、18地块5#、18地块6#"", ""21#地块3#、21#地块1#、21#地块2#、21#地块7#、21#地块5#、21#地块6#"", ""7#、8#"", ""23-02地块2#、23-02地块5#、23-02地块1#"", ""3#、2#、6#、5#、1#""]",上海盛兆荟房地产开发有限公司,"建发房产,保利集团",nan,住宅：民电,住宅：民水,31.173266,121.114218,"{""service_num"": ""4006708287"", ""num"": ""100058""}","{""723"": ""第四代住宅"", ""81"": ""大阳台"", ""56"": ""车位充足"", ""29"": ""装修交付"", ""76"": ""厨卫全明"", ""74"": ""南北通透"", ""73"": ""卧室全朝南"", ""7"": ""项目在建"", ""16"": ""郊环外"", ""276"": ""一房一价"", ""5"": ""低单价"", ""72"": ""配套纯熟"", ""71"": ""便利店"", ""70"": ""银行"", ""69"": ""学校"", ""68"": ""医院"", ""66"": ""公园"", ""65"": ""商业街"", ""64"": ""购物中心"", ""78"": ""大户型"", ""402"": ""玄关入户"", ""401"": ""户型方正"", ""397"": ""动静分离"", ""85"": ""主卧套房"", ""82"": ""双卫生间"", ""92"": ""热搜盘"", ""91"": ""热评楼盘"", ""90"": ""人气楼盘"", ""717"": ""24年六批次"", ""641"": ""寄宿制中学"", ""637"": ""公办中学"", ""636"": ""公办小学"", ""604"": ""三级园"", ""603"": ""二级园"", ""602"": ""一级园"", ""601"": ""示范园"", ""598"": ""民办幼儿园"", ""597"": ""公办幼儿园"", ""593"": ""以旧换新"", ""591"": ""放松限购"", ""589"": ""23年十二批次"", ""583"": ""23年十批次"", ""541"": ""3D沙盘"", ""421"": ""无需摇号"", ""263"": ""VR看房"", ""54"": ""大型社区"", ""50"": ""品牌开发商""}","[""第四代住宅"", ""大阳台"", ""车位充足"", ""装修交付"", ""厨卫全明""]",https://pic4.ajkimg.com/display/xinfang/570867272d535153451a93980d740c98/275x206n.jpg,[],nan
528089,北京城建国誉府,上海,11,杨浦区,9,五角场,88,上海杨浦区五角场市光路189弄,中外环,107000,107000元/㎡,首付113万，月供27374元,92-141㎡,5684.51m²,14929.04m²,"[{""id"": 860579, ""rooms"": 3, ""room_alias"": ""三室"", ""area"": 92}, {""id"": 860580, ""rooms"": 3, ""room_alias"": ""三室"", ""area"": 96}, {""id"": 860576, ""rooms"": 3, ""room_alias"": ""三室"", ""area"": 98}, {""id"": 860577, ""rooms"": 3, ""room_alias"": ""三室"", ""area"": 98}, {""id"": 860578, ""rooms"": 3, ""room_alias"": ""三室"", ""area"": 103}, {""id"": 860581, ""rooms"": 3, ""room_alias"": ""三室"", ""area"": 128}, {""id"": 860584, ""rooms"": 4, ""room_alias"": ""四室"", ""area"": 141}]",3/4室,"3室户型,4室户型",2025-03-09,2025年03月09日,2025年3月9日,2026年12月31日,"[""2025-02-25""]",{多层},{多层},70年,1.5,35%,76,nan,在建中，竣工时间：暂无数据,住宅,nan,nan,nan,99,1：1.15,在售,在售,在售,"[""杨浦房管(2025)预字0000019号""]","[""1#、3#""]",京城发（上海）置业有限公司,北京城建,nan,民电,民水,31.320698,121.523602,"{""service_num"": ""4006708287"", ""num"": ""13988""}","{""52"": ""低容积"", ""9"": ""轨交房"", ""76"": ""厨卫全明"", ""74"": ""南北通透"", ""73"": ""卧室全朝南"", ""7"": ""项目在建"", ""10"": ""多轨交"", ""13"": ""中外环"", ""276"": ""一房一价"", ""72"": ""配套纯熟"", ""71"": ""便利店"", ""70"": ""银行"", ""69"": ""学校"", ""68"": ""医院"", ""67"": ""生态绿地"", ""66"": ""公园"", ""65"": ""商业街"", ""64"": ""购物中心"", ""78"": ""大户型"", ""402"": ""玄关入户"", ""401"": ""户型方正"", ""397"": ""动静分离"", ""85"": ""主卧套房"", ""638"": ""民办中学"", ""637"": ""公办中学"", ""636"": ""公办小学"", ""624"": ""九年一贯制"", ""603"": ""二级园"", ""602"": ""一级园"", ""601"": ""示范园"", ""598"": ""民办幼儿园"", ""597"": ""公办幼儿园"", ""541"": ""3D沙盘"", ""263"": ""VR看房"", ""55"": ""小型社区"", ""50"": ""品牌开发商""}","[""低容积"", ""轨交房"", ""厨卫全明"", ""南北通透"", ""卧室全朝南""]",https://pic4.ajkimg.com/display/xinfang/a741ebceb7a45a492e76f5af9cbb3905/275x206n.jpg,"[{""id"": ""7298188"", ""loupan_id"": ""528089"", ""station_id"": ""121418"", ""subway_id"": ""12075"", ""city_id"": ""11"", ""distance"": ""696米"", ""status"": ""1"", ""last_update_time"": ""1774209759"", ""is_rail_loupan"": ""1"", ""subway_name"": ""20号线"", ""station_name"": ""国和路"", ""distance_raw"": ""696""}, {""id"": ""7298189"", ""loupan_id"": ""528089"", ""station_id"": ""121417"", ""subway_id"": ""12075"", ""city_id"": ""11"", ""distance"": ""1055米"", ""status"": ""1"", ""last_update_time"": ""1774209759"", ""is_rail_loupan"": ""1"", ""subway_name"": ""20号线"", ""station_name"": ""三门路"", ""distance_raw"": ""1055""}, {""id"": ""7298185"", ""loupan_id"": ""528089"", ""station_id"": ""2882"", ""subway_id"": ""54"", ""city_id"": ""11"", ""distance"": ""1232米"", ""status"": ""1"", ""last_update_time"": ""1774209758"", ""is_rail_loupan"": ""1"", ""subway_name"": ""10号线"", ""station_name"": ""三门路"", ""distance_raw"": ""1232""}, {""id"": ""7298187"", ""loupan_id"": ""528089"", ""station_id"": ""2881"", ""subway_id"": ""54"", ""city_id"": ""11"", ""distance"": ""1442米"", ""status"": ""1"", ""last_update_time"": ""1774209758"", ""is_rail_loupan"": ""1"", ""subway_name"": ""10号线"", ""station_name"": ""殷高东路"", ""distance_raw"": ""1442""}, {""id"": ""7298190"", ""loupan_id"": ""528089"", ""station_id"": ""121419"", ""subway_id"": ""12075"", ""city_id"": ""11"", ""distance"": ""1480米"", ""status"": ""1"", ""last_update_time"": ""1774209759"", ""is_rail_loupan"": ""1"", ""subway_name"": ""20号线"", ""station_name"": ""嫩江路"", ""distance_raw"": ""1480""}]",nan
529487,宏立瑞园二期,上海,11,嘉定区,14,南翔,136,上海嘉定区南翔东至中槎浦、南至吾尚塘、西至宝翔路、北至南横泾,外郊环,nan,nan,nan,nan,129480m²,297369.69m²,[],nan,nan,nan,nan,nan,nan,[],"{高层,小高层}","{高层,小高层}",nan,1.76,35%,nan,nan,nan,住宅,nan,nan,nan,nan,nan,待售,待售,待售,[],[],上海诚建建设投资有限公司,nan,nan,民电,民水,31.3136,121.328857,"{""service_num"": ""4006708287"", ""num"": ""24688""}","{""52"": ""低容积"", ""15"": ""外郊环"", ""72"": ""配套纯熟"", ""70"": ""银行"", ""69"": ""学校"", ""68"": ""医院"", ""67"": ""生态绿地"", ""66"": ""公园"", ""65"": ""商业街"", ""64"": ""购物中心"", ""637"": ""公办中学"", ""636"": ""公办小学"", ""635"": ""民办小学"", ""604"": ""三级园"", ""603"": ""二级园"", ""602"": ""一级园"", ""598"": ""民办幼儿园"", ""597"": ""公办幼儿园"", ""591"": ""放松限购"", ""55"": ""小型社区""}","[""低容积"", ""外郊环"", ""配套纯熟"", ""银行"", ""学校""]",https://pic4.ajkimg.com/display/xinfang/6f8d0fd6ccebd96cf0f88f6e62a28e7f/275x206n.jpg,[],nan
523768,天和·尚海荟庭,上海,11,奉贤区,17,金汇,194,上海奉贤区金汇大叶公路浦星公路口（浦星公路与大叶公路交汇处）,外郊环,35888,35888元/㎡,首付28万，月供7162元,68-119㎡,52430.9m²,149946.93m²,"[{""id"": 881014, ""rooms"": 1, ""room_alias"": ""一室"", ""area"": 67.55}, {""id"": 836182, ""rooms"": 3, ""room_alias"": ""三室"", ""area"": 88}, {""id"": 836184, ""rooms"": 3, ""room_alias"": ""三室"", ""area"": 88}, {""id"": 836178, ""rooms"": 3, ""room_alias"": ""三室"", ""area"": 89}, {""id"": 836181, ""rooms"": 3, ""room_alias"": ""三室"", ""area"": 89}, {""id"": 836189, ""rooms"": 3, ""room_alias"": ""三室"", ""area"": 90}, {""id"": 836186, ""rooms"": 4, ""room_alias"": ""四室"", ""area"": 119}, {""id"": 836188, ""rooms"": 4, ""room_alias"": ""四室"", ""area"": 119}]",1/3/4室,"1室户型,3室户型,4室户型",2025-10-18,2025年10月18日,2025年10月18日,2026年,"[""2025-10-09""]",{小高层},{小高层},70年,2,35%,823,nan,在建中，竣工时间：暂无数据,住宅,绿城物业服务集团有限公司上海分公司,3.95元/㎡/月,nan,1136,nan,在售,在售,在售,"[""奉贤房管（2025）预字0000327号""]","[""9#、10#""]",上海好越开发建设有限公司,新天和实业,nan,民电,民水,30.983514,121.519698,"{""service_num"": ""4006708287"", ""num"": ""103447""}","{""76"": ""厨卫全明"", ""74"": ""南北通透"", ""73"": ""卧室全朝南"", ""7"": ""项目在建"", ""15"": ""外郊环"", ""276"": ""一房一价"", ""72"": ""配套纯熟"", ""71"": ""便利店"", ""70"": ""银行"", ""69"": ""学校"", ""68"": ""医院"", ""66"": ""公园"", ""65"": ""商业街"", ""64"": ""购物中心"", ""79"": ""小户型"", ""78"": ""大户型"", ""402"": ""玄关入户"", ""401"": ""户型方正"", ""397"": ""动静分离"", ""85"": ""主卧套房"", ""720"": ""7.2过会楼盘"", ""637"": ""公办中学"", ""636"": ""公办小学"", ""624"": ""九年一贯制"", ""603"": ""二级园"", ""602"": ""一级园"", ""597"": ""公办幼儿园"", ""591"": ""放松限购"", ""541"": ""3D沙盘"", ""540"": ""日照模拟"", ""263"": ""VR看房"", ""50"": ""品牌开发商""}","[""厨卫全明"", ""南北通透"", ""卧室全朝南"", ""项目在建"", ""外郊环""]",https://pic4.ajkimg.com/display/xinfang/4fb8d92ece2f1e16aa83a0c44f01dd1c/275x206n.jpg,[],奉贤区浦星公路大叶公路口（天和尚海荟庭销售中心）
525237,华润置地映江润府,上海,11,闵行区,11,颛桥,116,上海闵行区颛桥江川路地铁站东行约500米处,外郊环,59186,59186元/㎡,首付65万，月供15653元,89-103㎡,39154.1m²,78000m²,"[{""id"": 840694, ""rooms"": 3, ""room_alias"": ""三室"", ""area"": 89}, {""id"": 840695, ""rooms"": 3, ""room_alias"": ""三室"", ""area"": 103}]",3室,3室户型,2024-11-29,2024年11月29日,2024年11月29日,2026年6月,"[""2024-11-18"", ""2024-09-19"", ""2024-08-19"", ""2024-06-21"", ""2024-05-16""]",{高层},{高层},70年,2,35%,870,带装修,在建中，竣工时间：暂无数据,住宅,nan,5.48元/㎡/月,nan,1065,1:1.22,在售,在售,在售,"[""闵行房管（2024）预字0000351号"", ""闵行房管（2024）预字0000269号"", ""闵行房管（2024）预字0000232号"", ""闵行房管(2024)预字0000164号"", ""闵行房管（2024）预字0000120号""]","[""19#、13#"", ""3#、12#"", ""14#"", ""10#、1#"", ""21#、2#、20#""]",上海润泓江川置业有限公司,华润置地,nan,民电,民水,31.013876,121.436442,"{""service_num"": ""4006708287"", ""num"": ""105931""}","{""56"": ""车位充足"", ""29"": ""装修交付"", ""9"": ""轨交房"", ""76"": ""厨卫全明"", ""74"": ""南北通透"", ""7"": ""项目在建"", ""15"": ""外郊环"", ""276"": ""一房一价"", ""72"": ""配套纯熟"", ""70"": ""银行"", ""69"": ""学校"", ""68"": ""医院"", ""67"": ""生态绿地"", ""66"": ""公园"", ""65"": ""商业街"", ""64"": ""购物中心"", ""402"": ""玄关入户"", ""401"": ""户型方正"", ""397"": ""动静分离"", ""85"": ""主卧套房"", ""92"": ""热搜盘"", ""719"": ""6.21过会楼盘"", ""716"": ""24年五批次"", ""641"": ""寄宿制中学"", ""638"": ""民办中学"", ""637"": ""公办中学"", ""636"": ""公办小学"", ""635"": ""民办小学"", ""604"": ""三级园"", ""603"": ""二级园"", ""602"": ""一级园"", ""598"": ""民办幼儿园"", ""597"": ""公办幼儿园"", ""591"": ""放松限购"", ""541"": ""3D沙盘"", ""540"": ""日照模拟"", ""421"": ""无需摇号"", ""263"": ""VR看房"", ""50"": ""品牌开发商""}","[""车位充足"", ""装修交付"", ""轨交房"", ""厨卫全明"", ""南北通透""]",https://pic4.ajkimg.com/display/xinfang/74cbf00acf97f740f9dfb0c9ea5f1ef5/275x206n.jpg,"[{""id"": ""7288928"", ""loupan_id"": ""525237"", ""station_id"": ""10129"", ""subway_id"": ""63"", ""city_id"": ""11"", ""distance"": ""1037米"", ""status"": ""1"", ""last_update_time"": ""1774209759"", ""is_rail_loupan"": ""1"", ""subway_name"": ""5号线"", ""station_name"": ""江川路"", ""distance_raw"": ""1037""}]",nan
529243,保利·海上印,上海,11,闵行区,11,梅陇,109,上海闵行区梅陇兴梅路889弄,外郊环,84143,84143元/㎡,首付147万，月供35381元,108-149㎡,29622.91m²,87364.68m²,"[{""id"": 865106, ""rooms"": 3, ""room_alias"": ""三室"", ""area"": 108}, {""id"": 865107, ""rooms"": 4, ""room_alias"": ""四室"", ""area"": 128}, {""id"": 870331, ""rooms"": 4, ""room_alias"": ""四室"", ""area"": 133}, {""id"": 870332, ""rooms"": 4, ""room_alias"": ""四室"", ""area"": 133}, {""id"": 865108, ""rooms"": 4, ""room_alias"": ""四室"", ""area"": 149}]",3/4室,"3室户型,4室户型",2025-09-25,2025年09月25日,2025年9月25日,2026年4月,"[""2025-09-15"", ""2025-08-13"", ""2025-05-26"", ""2025-04-18""]",{},{},70年,nan,nan,nan,nan,在建中，竣工时间：暂无数据,住宅,nan,nan,nan,nan,nan,售罄,售罄,售罄,"[""闵行房管(2025)预字0000281号"", ""闵行房管(2025)预字0000228号"", ""闵行房管(2025)预字0000140号"", ""闵行房管(2025)预备字000083号""]","[""11#"", ""12#、1#、13#"", ""10#、3#"", ""5#、7#""]",上海盛裕荟置业有限公司,保利置业,nan,民电,民水,31.113477,121.423805,"""""","{""723"": ""第四代住宅"", ""76"": ""厨卫全明"", ""74"": ""南北通透"", ""73"": ""卧室全朝南"", ""7"": ""项目在建"", ""15"": ""外郊环"", ""276"": ""一房一价"", ""72"": ""配套纯熟"", ""70"": ""银行"", ""69"": ""学校"", ""68"": ""医院"", ""67"": ""生态绿地"", ""66"": ""公园"", ""65"": ""商业街"", ""64"": ""购物中心"", ""78"": ""大户型"", ""402"": ""玄关入户"", ""401"": ""户型方正"", ""397"": ""动静分离"", ""85"": ""主卧套房"", ""641"": ""寄宿制中学"", ""638"": ""民办中学"", ""637"": ""公办中学"", ""636"": ""公办小学"", ""635"": ""民办小学"", ""624"": ""九年一贯制"", ""604"": ""三级园"", ""603"": ""二级园"", ""602"": ""一级园"", ""601"": ""示范园"", ""598"": ""民办幼儿园"", ""597"": ""公办幼儿园"", ""591"": ""放松限购"", ""541"": ""3D沙盘"", ""540"": ""日照模拟"", ""263"": ""VR看房"", ""55"": ""小型社区""}","[""第四代住宅"", ""厨卫全明"", ""南北通透"", ""卧室全朝南"", ""项目在建""]",https://pic4.ajkimg.com/display/xinfang/0d468a61c47708d784e5213697b2cf9c/275x206n.jpg,[],nan
530546,嘉佰道·徐汇,上海,11,徐汇区,5,龙华,45,上海徐汇区龙华龙华西路292号,内中环,nan,nan,nan,100-378㎡,住宅：21872.88m²,住宅：64588.14m²,"[{""id"": 886343, ""rooms"": 2, ""room_alias"": ""二室"", ""area"": 100}, {""id"": 876540, ""rooms"": 3, ""room_alias"": ""三室"", ""area"": 122}, {""id"": 886344, ""rooms"": 3, ""room_alias"": ""三室"", ""area"": 122}, {""id"": 886345, ""rooms"": 3, ""room_alias"": ""三室"", ""area"": 122}, {""id"": 887373, ""rooms"": 4, ""room_alias"": ""四室"", ""area"": 317}, {""id"": 887374, ""rooms"": 4, ""room_alias"": ""四室"", ""area"": 322}, {""id"": 887375, ""rooms"": 4, ""room_alias"": ""四室"", ""area"": 378}]",2/3室、别墅,"2室户型,3室户型,别墅户型",2026-12-31,2026年,2026年,nan,[],"{多层,高层}","{多层,高层}",住宅：70年 别墅：70年,住宅：1.59 别墅：1.59,住宅：35% 别墅：35%,住宅：178,nan,在建中，竣工时间：暂无数据,住宅,nan,nan,nan,住宅：363,nan,待售,待售,待售,[],[],上海新裕隆瑞置业有限公司,nan,nan,住宅：民电,住宅：民水,31.180576,121.452201,"""""","{""52"": ""低容积"", ""12"": ""内中环"", ""9"": ""轨交房"", ""76"": ""厨卫全明"", ""74"": ""南北通透"", ""73"": ""卧室全朝南"", ""7"": ""项目在建"", ""10"": ""多轨交"", ""72"": ""配套纯熟"", ""71"": ""便利店"", ""70"": ""银行"", ""69"": ""学校"", ""68"": ""医院"", ""67"": ""生态绿地"", ""66"": ""公园"", ""65"": ""商业街"", ""64"": ""购物中心"", ""78"": ""大户型"", ""402"": ""玄关入户"", ""401"": ""户型方正"", ""85"": ""主卧套房"", ""92"": ""热搜盘"", ""91"": ""热评楼盘"", ""90"": ""人气楼盘"", ""641"": ""寄宿制中学"", ""638"": ""民办中学"", ""637"": ""公办中学"", ""636"": ""公办小学"", ""635"": ""民办小学"", ""624"": ""九年一贯制"", ""603"": ""二级园"", ""602"": ""一级园"", ""601"": ""示范园"", ""600"": ""市级示范园"", ""598"": ""民办幼儿园"", ""597"": ""公办幼儿园"", ""541"": ""3D沙盘"", ""540"": ""日照模拟"", ""263"": ""VR看房"", ""55"": ""小型社区""}","[""低容积"", ""内中环"", ""轨交房"", ""厨卫全明"", ""南北通透""]",https://pic4.ajkimg.com/display/xinfang/e5e73563f25e5570c84f93d148730b7f/275x206n.jpg,"[{""id"": ""7307330"", ""loupan_id"": ""530546"", ""station_id"": ""2922"", ""subway_id"": ""55"", ""city_id"": ""11"", ""distance"": ""1039米"", ""status"": ""1"", ""last_update_time"": ""1774209760"", ""is_rail_loupan"": ""1"", ""subway_name"": ""11号线"", ""station_name"": ""龙华"", ""distance_raw"": ""1039""}, {""id"": ""7307326"", ""loupan_id"": ""530546"", ""station_id"": ""2958"", ""subway_id"": ""56"", ""city_id"": ""11"", ""distance"": ""1083米"", ""status"": ""1"", ""last_update_time"": ""1774209759"", ""is_rail_loupan"": ""1"", ""subway_name"": ""12号线"", ""station_name"": ""龙华"", ""distance_raw"": ""1083""}, {""id"": ""7307332"", ""loupan_id"": ""530546"", ""station_id"": ""121445"", ""subway_id"": ""12078"", ""city_id"": ""11"", ""distance"": ""1153米"", ""status"": ""1"", ""last_update_time"": ""1774209759"", ""is_rail_loupan"": ""1"", ""subway_name"": ""23号线"", ""station_name"": ""龙漕路"", ""distance_raw"": ""1153""}, {""id"": ""7307327"", ""loupan_id"": ""530546"", ""station_id"": ""2957"", ""subway_id"": ""56"", ""city_id"": ""11"", ""distance"": ""1293米"", ""status"": ""1"", ""last_update_time"": ""1774209759"", ""is_rail_loupan"": ""1"", ""subway_name"": ""12号线"", ""station_name"": ""龙漕路"", ""distance_raw"": ""1293""}, {""id"": ""7307329"", ""loupan_id"": ""530546"", ""station_id"": ""2923"", ""subway_id"": ""55"", ""city_id"": ""11"", ""distance"": ""1297米"", ""status"": ""1"", ""last_update_time"": ""1774209760"", ""is_rail_loupan"": ""1"", ""subway_name"": ""11号线"", ""station_name"": ""上海游泳馆"", ""distance_raw"": ""1297""}, {""id"": ""7307337"", ""loupan_id"": ""530546"", ""station_id"": ""3073"", ""subway_id"": ""61"", ""city_id"": ""11"", ""distance"": ""1392米"", ""status"": ""1"", ""last_update_time"": ""1774209760"", ""is_rail_loupan"": ""1"", ""subway_name"": ""3号线"", ""station_name"": ""龙漕路"", ""distance_raw"": ""1392""}, {""id"": ""7307333"", ""loupan_id"": ""530546"", ""station_id"": ""121444"", ""subway_id"": ""12078"", ""city_id"": ""11"", ""distance"": ""1423米"", ""status"": ""1"", ""last_update_time"": ""1774209759"", ""is_rail_loupan"": ""1"", ""subway_name"": ""23号线"", ""station_name"": ""上海体育场"", ""distance_raw"": ""1423""}]",nan
533917,浦开北蔡2-1地块,上海,11,浦东,7,北蔡,77,上海浦东北蔡浦三路和新浦路交汇处,内中环,nan,nan,nan,nan,19144.59m²,40363.22m²,[],nan,nan,nan,nan,nan,nan,[],{多层},{多层},70年,1.2,35%,84,nan,nan,住宅,nan,nan,nan,nan,nan,待售,待售,待售,[],[],上海北蔡新城镇开发有限公司,浦开集团,nan,民电,民水,31.17422,121.534242,"{""service_num"": ""4006708287"", ""num"": ""72204""}","{""52"": ""低容积"", ""12"": ""内中环"", ""9"": ""轨交房"", ""72"": ""配套纯熟"", ""71"": ""便利店"", ""70"": ""银行"", ""69"": ""学校"", ""68"": ""医院"", ""67"": ""生态绿地"", ""66"": ""公园"", ""65"": ""商业街"", ""64"": ""购物中心"", ""641"": ""寄宿制中学"", ""637"": ""公办中学"", ""636"": ""公办小学"", ""635"": ""民办小学"", ""604"": ""三级园"", ""603"": ""二级园"", ""602"": ""一级园"", ""601"": ""示范园"", ""598"": ""民办幼儿园"", ""597"": ""公办幼儿园"", ""55"": ""小型社区""}","[""低容积"", ""内中环"", ""轨交房"", ""配套纯熟"", ""便利店""]",https://pic4.ajkimg.com/display/xinfang/d2fb7856ea2421a77937ec9d6d4c6ad1/275x206n.jpg,"[{""id"": ""7337422"", ""loupan_id"": ""533917"", ""station_id"": ""10139"", ""subway_id"": ""57"", ""city_id"": ""11"", ""distance"": ""1388米"", ""status"": ""1"", ""last_update_time"": ""1774209760"", ""is_rail_loupan"": ""1"", ""subway_name"": ""13号线"", ""station_name"": ""华鹏路"", ""distance_raw"": ""1388""}]",nan
531873,绿城黄浦ONE,上海,11,黄浦区,4,老西门,35,上海黄浦区老西门南车站路8弄,内环内,172000,172000元/㎡,首付346万，月供83276元,155-193㎡,nan,nan,"[{""id"": 875630, ""rooms"": 3, ""room_alias"": ""三室"", ""area"": 155}, {""id"": 875627, ""rooms"": 4, ""room_alias"": ""四室"", ""area"": 193}]",3/4室,"3室户型,4室户型",2025-12-27,2025年12月27日,2025年12月27日,nan,"[""2025-10-29"", ""2025-12-16""]",{高层},{高层},70年,nan,35%,112,带装修,在建中，竣工时间：暂无数据,住宅,nan,nan,nan,nan,nan,在售,在售,在售,"[""黄浦房管(2025)预字0000352号"", ""黄浦房管(2025)预字0000438号""]","[""1#-2单元"", ""1#-1单元""]",上海良康房地产开发有限公司,保利集团,nan,民电,民水,31.217493,121.496021,"{""service_num"": ""4006708287"", ""num"": ""50389""}","{""29"": ""装修交付"", ""11"": ""内环内"", ""9"": ""轨交房"", ""76"": ""厨卫全明"", ""74"": ""南北通透"", ""73"": ""卧室全朝南"", ""7"": ""项目在建"", ""10"": ""多轨交"", ""276"": ""一房一价"", ""72"": ""配套纯熟"", ""71"": ""便利店"", ""70"": ""银行"", ""69"": ""学校"", ""68"": ""医院"", ""67"": ""生态绿地"", ""66"": ""公园"", ""65"": ""商业街"", ""64"": ""购物中心"", ""78"": ""大户型"", ""402"": ""玄关入户"", ""401"": ""户型方正"", ""397"": ""动静分离"", ""85"": ""主卧套房"", ""92"": ""热搜盘"", ""90"": ""人气楼盘"", ""638"": ""民办中学"", ""637"": ""公办中学"", ""636"": ""公办小学"", ""635"": ""民办小学"", ""624"": ""九年一贯制"", ""603"": ""二级园"", ""602"": ""一级园"", ""601"": ""示范园"", ""598"": ""民办幼儿园"", ""597"": ""公办幼儿园"", ""541"": ""3D沙盘"", ""263"": ""VR看房"", ""55"": ""小型社区"", ""50"": ""品牌开发商""}","[""装修交付"", ""内环内"", ""轨交房"", ""厨卫全明"", ""南北通透""]",https://pic4.ajkimg.com/display/xinfang/029dcd3c7e34b7f809b4a031e9bb2d72/275x206n.jpg,"[{""id"": ""7319818"", ""loupan_id"": ""531873"", ""station_id"": ""3210"", ""subway_id"": ""66"", ""city_id"": ""11"", ""distance"": ""440米"", ""status"": ""1"", ""last_update_time"": ""1774209759"", ""is_rail_loupan"": ""1"", ""subway_name"": ""8号线"", ""station_name"": ""陆家浜路"", ""distance_raw"": ""440""}, {""id"": ""7319814"", ""loupan_id"": ""531873"", ""station_id"": ""3232"", ""subway_id"": ""67"", ""city_id"": ""11"", ""distance"": ""441米"", ""status"": ""1"", ""last_update_time"": ""1774209759"", ""is_rail_loupan"": ""1"", ""subway_name"": ""9号线"", ""station_name"": ""陆家浜路"", ""distance_raw"": ""441""}, {""id"": ""7319812"", ""loupan_id"": ""531873"", ""station_id"": ""2894"", ""subway_id"": ""54"", ""city_id"": ""11"", ""distance"": ""1218米"", ""status"": ""1"", ""last_update_time"": ""1774209759"", ""is_rail_loupan"": ""1"", ""subway_name"": ""10号线"", ""station_name"": ""老西门"", ""distance_raw"": ""1218""}, {""id"": ""7319817"", ""loupan_id"": ""531873"", ""station_id"": ""3211"", ""subway_id"": ""66"", ""city_id"": ""11"", ""distance"": ""1219米"", ""status"": ""1"", ""last_update_time"": ""1774209759"", ""is_rail_loupan"": ""1"", ""subway_name"": ""8号线"", ""station_name"": ""老西门"", ""distance_raw"": ""1219""}, {""id"": ""7319819"", ""loupan_id"": ""531873"", ""station_id"": ""3106"", ""subway_id"": ""62"", ""city_id"": ""11"", ""distance"": ""1267米"", ""status"": ""1"", ""last_update_time"": ""1774209760"", ""is_rail_loupan"": ""1"", ""subway_name"": ""4号线"", ""station_name"": ""南浦大桥"", ""distance_raw"": ""1267""}, {""id"": ""7319815"", ""loupan_id"": ""531873"", ""station_id"": ""3231"", ""subway_id"": ""67"", ""city_id"": ""11"", ""distance"": ""1335米"", ""status"": ""1"", ""last_update_time"": ""1774209759"", ""is_rail_loupan"": ""1"", ""subway_name"": ""9号线"", ""station_name"": ""小南门"", ""distance_raw"": ""1335""}, {""id"": ""7319816"", ""loupan_id"": ""531873"", ""station_id"": ""3209"", ""subway_id"": ""66"", ""city_id"": ""11"", ""distance"": ""1351米"", ""status"": ""1"", ""last_update_time"": ""1774209759"", ""is_rail_loupan"": ""1"", ""subway_name"": ""8号线"", ""station_name"": ""西藏南路"", ""distance_raw"": ""1351""}, {""id"": ""7319820"", ""loupan_id"": ""531873"", ""station_id"": ""3105"", ""subway_id"": ""62"", ""city_id"": ""11"", ""distance"": ""1351米"", ""status"": ""1"", ""last_update_time"": ""1774209760"", ""is_rail_loupan"": ""1"", ""subway_name"": ""4号线"", ""station_name"": ""西藏南路"", ""distance_raw"": ""1351""}, {""id"": ""7319813"", ""loupan_id"": ""531873"", ""station_id"": ""3233"", ""subway_id"": ""67"", ""city_id"": ""11"", ""distance"": ""1396米"", ""status"": ""1"", ""last_update_time"": ""1774209759"", ""is_rail_loupan"": ""1"", ""subway_name"": ""9号线"", ""station_name"": ""马当路"", ""distance_raw"": ""1396""}, {""id"": ""7319809"", ""loupan_id"": ""531873"", ""station_id"": ""2997"", ""subway_id"": ""57"", ""city_id"": ""11"", ""distance"": ""1458米"", ""status"": ""1"", ""last_update_time"": ""1774209758"", ""is_rail_loupan"": ""1"", ""subway_name"": ""13号线"", ""station_name"": ""马当路"", ""distance_raw"": ""1458""}]",nan
489664,复地·领馆,上海,11,宝山区,13,月浦,134,上海宝山区月浦友谊路1528弄16号,外郊环,nan,nan,nan,610-680㎡,200000m²,132000m²,[],nan,商办户型,2020-01-01,2020年01月01日,2020年1月1日,nan,[],{},{},50年,nan,20%,264,毛坯,nan,标准写字楼,上海新市北企业管理服务有限公司,3.5~3.9元/㎡/月,nan,480,nan,尾盘,尾盘,尾盘,[],[],"上海沪钢置业发展有限公司,上海腾兴置业发展有限公司,上海木申置业发展有限公司,上海港瑞置业发展有限公司",nan,复地集团、上海钢联,商电,商水,31.397423,121.462314,"""""","{""15"": ""外郊环"", ""591"": ""放松限购"", ""55"": ""小型社区""}","[""外郊环"", ""放松限购"", ""小型社区""]",https://pic4.ajkimg.com/display/xinfang/1e494e828d9f392e26ca738ca28d5a15/275x206n.jpg,[],宝山区友谊路1528弄16号
530181,宝业馨康苑二期,上海,11,宝山区,13,共康,126,上海宝山区共康共康路169弄,中外环,1005,1005万元/套起,首付150万，月供37884元,nan,nan,nan,[],nan,nan,2025-07-22,2025年07月22日,2025年7月22日,nan,"[""2025-07-08""]",{联排别墅},{联排别墅},70年,nan,nan,nan,nan,已竣工，竣工时间：暂无数据,别墅,nan,nan,nan,nan,nan,尾盘,尾盘,尾盘,"[""沪（2025）宝字不动产权第027297号""]",[],上海宝业房地产发展有限公司,nan,nan,民电,民水,31.330674,121.450199,"""""","{""557"": ""项目竣工"", ""13"": ""中外环"", ""72"": ""配套纯熟"", ""71"": ""便利店"", ""70"": ""银行"", ""69"": ""学校"", ""68"": ""医院"", ""67"": ""生态绿地"", ""66"": ""公园"", ""65"": ""商业街"", ""64"": ""购物中心"", ""638"": ""民办中学"", ""637"": ""公办中学"", ""636"": ""公办小学"", ""635"": ""民办小学"", ""624"": ""九年一贯制"", ""604"": ""三级园"", ""603"": ""二级园"", ""602"": ""一级园"", ""601"": ""示范园"", ""598"": ""民办幼儿园"", ""597"": ""公办幼儿园"", ""55"": ""小型社区""}","[""项目竣工"", ""中外环"", ""配套纯熟"", ""便利店"", ""银行""]",https://pic4.ajkimg.com/display/xinfang/cdc440a58212b404dd6cd8658e1deac1/275x206n.jpg,[],nan
525754,上海建发·海阅首府,上海,11,普陀区,10,桃浦,105,上海普陀区桃浦连冠路429弄,中外环,75831,75831元/㎡,首付91万，月供21964元,96-141㎡,22881.1m²,88618.84m²,"[{""id"": 844824, ""rooms"": 3, ""room_alias"": ""三室"", ""area"": 96}, {""id"": 844825, ""rooms"": 3, ""room_alias"": ""三室"", ""area"": 100}, {""id"": 844821, ""rooms"": 3, ""room_alias"": ""三室"", ""area"": 103}, {""id"": 848478, ""rooms"": 3, ""room_alias"": ""三室"", ""area"": 103}, {""id"": 844822, ""rooms"": 4, ""room_alias"": ""四室"", ""area"": 127}, {""id"": 844823, ""rooms"": 4, ""room_alias"": ""四室"", ""area"": 141}]",3/4室,"3室户型,4室户型",2025-05-08,2025年05月08日,2025年5月8日,2026年12月,"[""2024-10-10"", ""2025-04-23"", ""2025-03-14"", ""2024-12-16"", ""2024-11-15""]","{多层,高层}","{多层,高层}",70年,2.5,35%,539,带装修,在建中，竣工时间：暂无数据,住宅,nan,nan,nan,614,1:1.2,在售,在售,在售,"[""普陀房管(2024)预字0000294号"", ""普陀房管（2025）预字0000094号"", ""普陀房管(2025)预字0000042号"", ""普陀房管(2024)预字0000411号"", ""普陀房管(2024)预字0000349号""]","[""1#、7#、9#"", ""2#"", ""6#"", ""3#"", ""5#、8#""]",上海兆钦房地产开发有限公司,建发房产,nan,民电,民水,31.294412,121.39849,"{""service_num"": ""4006708287"", ""num"": ""106946""}","{""723"": ""第四代住宅"", ""56"": ""车位充足"", ""29"": ""装修交付"", ""9"": ""轨交房"", ""76"": ""厨卫全明"", ""74"": ""南北通透"", ""73"": ""卧室全朝南"", ""7"": ""项目在建"", ""13"": ""中外环"", ""276"": ""一房一价"", ""72"": ""配套纯熟"", ""70"": ""银行"", ""69"": ""学校"", ""68"": ""医院"", ""67"": ""生态绿地"", ""66"": ""公园"", ""65"": ""商业街"", ""64"": ""购物中心"", ""78"": ""大户型"", ""402"": ""玄关入户"", ""401"": ""户型方正"", ""397"": ""动静分离"", ""85"": ""主卧套房"", ""92"": ""热搜盘"", ""90"": ""人气楼盘"", ""638"": ""民办中学"", ""637"": ""公办中学"", ""636"": ""公办小学"", ""624"": ""九年一贯制"", ""604"": ""三级园"", ""603"": ""二级园"", ""602"": ""一级园"", ""601"": ""示范园"", ""600"": ""市级示范园"", ""598"": ""民办幼儿园"", ""597"": ""公办幼儿园"", ""541"": ""3D沙盘"", ""540"": ""日照模拟"", ""421"": ""无需摇号"", ""263"": ""VR看房"", ""50"": ""品牌开发商""}","[""第四代住宅"", ""车位充足"", ""装修交付"", ""轨交房"", ""厨卫全明""]",https://pic4.ajkimg.com/display/xinfang/42f5ab5f9d2d66cd7f604046adb64214/275x206n.jpg,"[{""id"": ""7290337"", ""loupan_id"": ""525754"", ""station_id"": ""10382"", ""subway_id"": ""1018"", ""city_id"": ""11"", ""distance"": ""1044米"", ""status"": ""1"", ""last_update_time"": ""1774209760"", ""is_rail_loupan"": ""1"", ""subway_name"": ""15号线"", ""station_name"": ""祁安路"", ""distance_raw"": ""1044""}]",nan
527118,开云湖璟华庭,上海,11,浦东,7,唐镇,173,上海浦东唐镇张东路887弄,中外环,83988,83988元/㎡,首付67万，月供16230元,83-270㎡,89000m²,218000m²,"[{""id"": 853819, ""rooms"": 2, ""room_alias"": ""二室"", ""area"": 83}, {""id"": 853821, ""rooms"": 3, ""room_alias"": ""三室"", ""area"": 99}, {""id"": 853822, ""rooms"": 3, ""room_alias"": ""三室"", ""area"": 120}, {""id"": 853823, ""rooms"": 4, ""room_alias"": ""四室"", ""area"": 133}, {""id"": 853824, ""rooms"": 4, ""room_alias"": ""四室"", ""area"": 143}, {""id"": 853825, ""rooms"": 4, ""room_alias"": ""四室"", ""area"": 173}, {""id"": 858742, ""rooms"": 4, ""room_alias"": ""四室"", ""area"": 270}]",2/3/4室,"2室户型,3室户型,4室户型",2025-03-22,2025年03月22日,2025年3月22日,nan,"[""2025-03-04"", ""2024-12-25"", ""2024-11-14""]","{高层,小高层}","{高层,小高层}",70年,1.5,35%,nan,nan,在建中，竣工时间：暂无数据,住宅,nan,nan,nan,1844,1.58,售罄,售罄,售罄,"[""浦东新区房管(2025)预字0000026号"", ""浦东新区房管(2024)预字0000420号"", ""浦东新区房管(2024)预字0000345号""]","[""10#、14#、4#、6#、17#、15#、16#"", ""3#、5#、13#、8#、11#"", ""2#、7#、1#、9#、12#""]",上海浦东土地控股（集团）有限公司,浦开集团,上海浦东土地控股（集团）有限公司,民电,民水,31.234956,121.639682,"""""","{""52"": ""低容积"", ""9"": ""轨交房"", ""76"": ""厨卫全明"", ""74"": ""南北通透"", ""73"": ""卧室全朝南"", ""7"": ""项目在建"", ""13"": ""中外环"", ""276"": ""一房一价"", ""72"": ""配套纯熟"", ""71"": ""便利店"", ""70"": ""银行"", ""69"": ""学校"", ""67"": ""生态绿地"", ""66"": ""公园"", ""65"": ""商业街"", ""64"": ""购物中心"", ""78"": ""大户型"", ""402"": ""玄关入户"", ""401"": ""户型方正"", ""638"": ""民办中学"", ""637"": ""公办中学"", ""636"": ""公办小学"", ""624"": ""九年一贯制"", ""603"": ""二级园"", ""602"": ""一级园"", ""601"": ""示范园"", ""598"": ""民办幼儿园"", ""597"": ""公办幼儿园"", ""541"": ""3D沙盘"", ""263"": ""VR看房"", ""55"": ""小型社区"", ""50"": ""品牌开发商""}","[""低容积"", ""轨交房"", ""厨卫全明"", ""南北通透"", ""卧室全朝南""]",https://pic4.ajkimg.com/display/xinfang/e7ebcdcd1db8fa4b6b4e94c76e6970c0/275x206n.jpg,"[{""id"": ""7293301"", ""loupan_id"": ""527118"", ""station_id"": ""121367"", ""subway_id"": ""57"", ""city_id"": ""11"", ""distance"": ""764米"", ""status"": ""1"", ""last_update_time"": ""1774209759"", ""is_rail_loupan"": ""1"", ""subway_name"": ""13号线"", ""station_name"": ""丹桂路"", ""distance_raw"": ""764""}]",上海浦东新区张东路987弄1号
517867,中海·恒昌玖里,上海,11,黄浦区,4,淮海中路,25,上海黄浦区淮海中路顺昌路444弄,内环内,nan,nan,nan,199-450㎡,43763m²,137493m²,"[{""id"": 864940, ""rooms"": 4, ""room_alias"": ""四室"", ""area"": 199}, {""id"": 864939, ""rooms"": 6, ""room_alias"": ""六室"", ""area"": 450}]",别墅,别墅户型,2024-06-26,2024年06月26日,2024年6月26日,2026年6月,"[""2024-10-29"", ""2024-06-25""]",{联排别墅},{联排别墅},70年,1.27,nan,137,nan,在建中，竣工时间：暂无数据,别墅,上海中海物业管理有限公司,23.5元/㎡/月,nan,453,1:3.31,尾盘,尾盘,尾盘,"[""黄浦房管(2024)预字0000316号"", ""黄浦房管(2024)预字0000166号""]",[],上海中海海华房地产有限公司,中海地产,上海中海海华房地产有限公司,民电,民水,31.220168584679,121.48496014024,"{""service_num"": ""4006708287"", ""num"": ""56563""}","{""56"": ""车位充足"", ""11"": ""内环内"", ""7"": ""项目在建"", ""72"": ""配套纯熟"", ""71"": ""便利店"", ""70"": ""银行"", ""69"": ""学校"", ""68"": ""医院"", ""67"": ""生态绿地"", ""66"": ""公园"", ""65"": ""商业街"", ""64"": ""购物中心"", ""78"": ""大户型"", ""638"": ""民办中学"", ""637"": ""公办中学"", ""636"": ""公办小学"", ""635"": ""民办小学"", ""624"": ""九年一贯制"", ""603"": ""二级园"", ""602"": ""一级园"", ""601"": ""示范园"", ""598"": ""民办幼儿园"", ""597"": ""公办幼儿园"", ""541"": ""3D沙盘"", ""540"": ""日照模拟"", ""55"": ""小型社区"", ""50"": ""品牌开发商""}","[""车位充足"", ""内环内"", ""项目在建"", ""配套纯熟"", ""便利店""]",https://pic4.ajkimg.com/display/xinfang/e0e724f7f7c7519fc40ee16468bd51a7/275x206n.jpg,[],nan
529929,保利·外滩序BUND45,上海,11,杨浦区,9,东外滩,87,上海杨浦区东外滩龙江路300弄,内环内,3500,3500万元/套起,首付525万，月供126231元,205㎡,14064m²,19401m²,"[{""id"": 863118, ""rooms"": 3, ""room_alias"": ""三室"", ""area"": 205}, {""id"": 863116, ""rooms"": 5, ""room_alias"": ""五室"", ""area"": 205}]",别墅,别墅户型,2025-09-25,2025年,2025年,nan,"[""2025-02-27""]",{},{},70年,nan,nan,nan,nan,在建中，竣工时间：暂无数据,别墅,nan,nan,nan,nan,nan,在售,在售,在售,"[""杨浦房管(2025)预字0000022号""]",[],上海保昱置业有限公司,保利集团,nan,民电,民水,31.261558,121.537062,"{""service_num"": ""4006708287"", ""num"": ""28029""}","{""11"": ""内环内"", ""9"": ""轨交房"", ""74"": ""南北通透"", ""7"": ""项目在建"", ""10"": ""多轨交"", ""72"": ""配套纯熟"", ""71"": ""便利店"", ""70"": ""银行"", ""69"": ""学校"", ""68"": ""医院"", ""67"": ""生态绿地"", ""66"": ""公园"", ""65"": ""商业街"", ""64"": ""购物中心"", ""78"": ""大户型"", ""402"": ""玄关入户"", ""401"": ""户型方正"", ""397"": ""动静分离"", ""641"": ""寄宿制中学"", ""638"": ""民办中学"", ""637"": ""公办中学"", ""636"": ""公办小学"", ""635"": ""民办小学"", ""624"": ""九年一贯制"", ""603"": ""二级园"", ""602"": ""一级园"", ""601"": ""示范园"", ""598"": ""民办幼儿园"", ""597"": ""公办幼儿园"", ""263"": ""VR看房"", ""55"": ""小型社区"", ""50"": ""品牌开发商""}","[""内环内"", ""轨交房"", ""南北通透"", ""项目在建"", ""多轨交""]",https://pic4.ajkimg.com/display/xinfang/a39d9a73346a6b2dc9da08bf957bfc61/275x206n.jpg,"[{""id"": ""7307633"", ""loupan_id"": ""529929"", ""station_id"": ""10415"", ""subway_id"": ""1017"", ""city_id"": ""11"", ""distance"": ""165米"", ""status"": ""1"", ""last_update_time"": ""1774209760"", ""is_rail_loupan"": ""1"", ""subway_name"": ""18号线"", ""station_name"": ""丹阳路"", ""distance_raw"": ""165""}, {""id"": ""7307634"", ""loupan_id"": ""529929"", ""station_id"": ""10422"", ""subway_id"": ""1017"", ""city_id"": ""11"", ""distance"": ""480米"", ""status"": ""1"", ""last_update_time"": ""1774209760"", ""is_rail_loupan"": ""1"", ""subway_name"": ""18号线"", ""station_name"": ""平凉路"", ""distance_raw"": ""480""}, {""id"": ""7307637"", ""loupan_id"": ""529929"", ""station_id"": ""2970"", ""subway_id"": ""56"", ""city_id"": ""11"", ""distance"": ""1186米"", ""status"": ""1"", ""last_update_time"": ""1774209759"", ""is_rail_loupan"": ""1"", ""subway_name"": ""12号线"", ""station_name"": ""江浦公园"", ""distance_raw"": ""1186""}, {""id"": ""7307636"", ""loupan_id"": ""529929"", ""station_id"": ""120346"", ""subway_id"": ""1017"", ""city_id"": ""11"", ""distance"": ""1268米"", ""status"": ""1"", ""last_update_time"": ""1774209758"", ""is_rail_loupan"": ""1"", ""subway_name"": ""18号线"", ""station_name"": ""江浦公园"", ""distance_raw"": ""1268""}, {""id"": ""7307635"", ""loupan_id"": ""529929"", ""station_id"": ""3112"", ""subway_id"": ""62"", ""city_id"": ""11"", ""distance"": ""1478米"", ""status"": ""1"", ""last_update_time"": ""1774209758"", ""is_rail_loupan"": ""1"", ""subway_name"": ""4号线"", ""station_name"": ""杨树浦路"", ""distance_raw"": ""1478""}]",上海市杨浦区眉州路136弄
521425,绿城·留香园,上海,11,嘉定区,14,南翔,136,上海嘉定区南翔依仁路88弄、99弄,外郊环,63043,63043元/㎡,首付68万，月供17302元,95-170㎡,61152m²,223803.25m²,"[{""id"": 821507, ""rooms"": 3, ""room_alias"": ""三室"", ""area"": 95}, {""id"": 821509, ""rooms"": 3, ""room_alias"": ""三室"", ""area"": 105}, {""id"": 822110, ""rooms"": 3, ""room_alias"": ""三室"", ""area"": 105}, {""id"": 822111, ""rooms"": 3, ""room_alias"": ""三室"", ""area"": 105}, {""id"": 827255, ""rooms"": 3, ""room_alias"": ""三室"", ""area"": 105}, {""id"": 821510, ""rooms"": 4, ""room_alias"": ""四室"", ""area"": 150}, {""id"": 821511, ""rooms"": 4, ""room_alias"": ""四室"", ""area"": 170}]",3/4室,"3室户型,4室户型",2024-06-05,2024年06月05日,2024年6月5日,2026年3月,"[""2024-05-23"", ""2024-03-15"", ""2024-03-15"", ""2023-12-07"", ""2023-12-07"", ""2023-11-21"", ""2023-11-21""]",{},{},70年,nan,35%,1389,带装修,在建中，竣工时间：暂无数据,住宅,nan,nan,nan,1738,nan,尾盘,尾盘,尾盘,"[""嘉定房管(2024)预字0000126号"", ""嘉定房管（2024）预字0000057号"", ""嘉定房管（2024）预字0000056号"", ""嘉定房管（2023）预字0000431号"", ""嘉定房管（2023）预字0000430号"", ""嘉定房管（2023）预字0000396号"", ""嘉定房管（2023）预字0000397号""]","[""16#"", ""14#、13#"", ""5#、6#、8#"", ""15#"", ""9#"", ""2#、7#、4#、3#"", ""10#、11#、12#""]",上海绿憬置业有限公司,绿城集团,nan,民电,民水,31.309065166598,121.31350326246,"{""service_num"": ""4006708287"", ""num"": ""99171""}","{""29"": ""装修交付"", ""76"": ""厨卫全明"", ""74"": ""南北通透"", ""73"": ""卧室全朝南"", ""7"": ""项目在建"", ""15"": ""外郊环"", ""276"": ""一房一价"", ""72"": ""配套纯熟"", ""70"": ""银行"", ""69"": ""学校"", ""68"": ""医院"", ""67"": ""生态绿地"", ""66"": ""公园"", ""65"": ""商业街"", ""64"": ""购物中心"", ""78"": ""大户型"", ""402"": ""玄关入户"", ""401"": ""户型方正"", ""397"": ""动静分离"", ""85"": ""主卧套房"", ""717"": ""24年六批次"", ""637"": ""公办中学"", ""636"": ""公办小学"", ""635"": ""民办小学"", ""634"": ""24年三批次"", ""604"": ""三级园"", ""603"": ""二级园"", ""602"": ""一级园"", ""598"": ""民办幼儿园"", ""597"": ""公办幼儿园"", ""591"": ""放松限购"", ""589"": ""23年十二批次"", ""588"": ""23年十一批次"", ""540"": ""日照模拟"", ""263"": ""VR看房"", ""50"": ""品牌开发商""}","[""装修交付"", ""厨卫全明"", ""南北通透"", ""卧室全朝南"", ""项目在建""]",https://pic4.ajkimg.com/display/xinfang/190cee8f7d416087c1c120cd0a997ecf/275x206n.jpg,[],上海市嘉定区听雪园路77弄西环中心1号楼22楼绿城南翔适逸生活馆
533536,翠谷瑞仕,上海,11,普陀区,10,真如,176,"上海普陀区真如东至0212-03公共绿地,南至0212-02公共绿地,西至刁浜路,北至美康路",内中环,nan,nan,nan,nan,26423.41m²,66058m²,[],nan,nan,nan,nan,nan,nan,[],{高层},{高层},70年,2.5,nan,nan,nan,nan,住宅,nan,nan,nan,nan,nan,待售,待售,待售,[],[],上海城建置业发展有限公司,城建置业,nan,民电,民水,31.263224,121.419574,"{""service_num"": ""4006708287"", ""num"": ""66354""}","{""12"": ""内中环"", ""9"": ""轨交房"", ""72"": ""配套纯熟"", ""71"": ""便利店"", ""70"": ""银行"", ""69"": ""学校"", ""68"": ""医院"", ""67"": ""生态绿地"", ""66"": ""公园"", ""65"": ""商业街"", ""64"": ""购物中心"", ""91"": ""热评楼盘"", ""638"": ""民办中学"", ""637"": ""公办中学"", ""636"": ""公办小学"", ""624"": ""九年一贯制"", ""603"": ""二级园"", ""602"": ""一级园"", ""601"": ""示范园"", ""600"": ""市级示范园"", ""598"": ""民办幼儿园"", ""597"": ""公办幼儿园"", ""541"": ""3D沙盘"", ""540"": ""日照模拟"", ""55"": ""小型社区"", ""50"": ""品牌开发商""}","[""内中环"", ""轨交房"", ""配套纯熟"", ""便利店"", ""银行""]",https://pic4.ajkimg.com/display/xinfang/c82728b9a95df23c8fa33a1d059ca287/275x206n.jpg,"[{""id"": ""7331819"", ""loupan_id"": ""533536"", ""station_id"": ""3183"", ""subway_id"": ""65"", ""city_id"": ""11"", ""distance"": ""1126米"", ""status"": ""1"", ""last_update_time"": ""1774209760"", ""is_rail_loupan"": ""1"", ""subway_name"": ""7号线"", ""station_name"": ""岚皋路"", ""distance_raw"": ""1126""}]",nan
529466,浦开云璟五期,上海,11,浦东,7,金桥,68,上海浦东金桥东至申江路、南至金崛路、西至金豫路、北至华漕达河,中外环,nan,nan,nan,nan,50393.5m²,178835.1m²,[],nan,nan,nan,nan,nan,nan,[],{高层},{高层},70年,2.2,32%,nan,nan,nan,住宅,nan,nan,nan,nan,nan,待售,待售,待售,[],[],上海浦东土地控股（集团）有限公司,浦开集团,nan,民电,民水,31.241667,121.621399,"{""service_num"": ""4006708287"", ""num"": ""24639""}","{""9"": ""轨交房"", ""10"": ""多轨交"", ""13"": ""中外环"", ""72"": ""配套纯熟"", ""70"": ""银行"", ""69"": ""学校"", ""67"": ""生态绿地"", ""66"": ""公园"", ""64"": ""购物中心"", ""637"": ""公办中学"", ""636"": ""公办小学"", ""635"": ""民办小学"", ""624"": ""九年一贯制"", ""603"": ""二级园"", ""602"": ""一级园"", ""601"": ""示范园"", ""598"": ""民办幼儿园"", ""597"": ""公办幼儿园"", ""541"": ""3D沙盘"", ""55"": ""小型社区"", ""50"": ""品牌开发商""}","[""轨交房"", ""多轨交"", ""中外环"", ""配套纯熟"", ""银行""]",https://pic4.ajkimg.com/display/xinfang/cee9aeadbb646cb8ed9b6e1b4afb3b6a/275x206n.jpg,"[{""id"": ""7303295"", ""loupan_id"": ""529466"", ""station_id"": ""121438"", ""subway_id"": ""12077"", ""city_id"": ""11"", ""distance"": ""772米"", ""status"": ""1"", ""last_update_time"": ""1774209761"", ""is_rail_loupan"": ""1"", ""subway_name"": ""21号线"", ""station_name"": ""浦东足球场"", ""distance_raw"": ""772""}, {""id"": ""7303293"", ""loupan_id"": ""529466"", ""station_id"": ""10348"", ""subway_id"": ""1019"", ""city_id"": ""11"", ""distance"": ""1023米"", ""status"": ""1"", ""last_update_time"": ""1774209758"", ""is_rail_loupan"": ""1"", ""subway_name"": ""14号线"", ""station_name"": ""浦东足球场"", ""distance_raw"": ""1023""}]",nan
523496,金鼎睿府,上海,11,浦东,7,金桥,68,上海浦东金桥迎桥路377弄、振桥路178弄,中外环,82500,82500元/㎡,首付38万，月供9161元,45-165㎡,34000m²,130000m²,"[{""id"": 828474, ""rooms"": 1, ""room_alias"": ""一室"", ""area"": 45}, {""id"": 828475, ""rooms"": 1, ""room_alias"": ""一室"", ""area"": 58}, {""id"": 828476, ""rooms"": 2, ""room_alias"": ""二室"", ""area"": 68}, {""id"": 828477, ""rooms"": 3, ""room_alias"": ""三室"", ""area"": 110}, {""id"": 828478, ""rooms"": 3, ""room_alias"": ""三室"", ""area"": 133}, {""id"": 828479, ""rooms"": 3, ""room_alias"": ""三室"", ""area"": 165}, {""id"": 828480, ""rooms"": 3, ""room_alias"": ""三室"", ""area"": 165}]",1/2/3室,"1室户型,2室户型,3室户型",2024-03-30,2024年03月30日,2024年3月30日,2026年下半年,"[""2024-03-21"", ""2024-01-11"", ""2024-01-11""]",{高层},{高层},70年,2,35%,580,带装修,在建中，竣工时间：暂无数据,住宅,nan,nan,nan,900,1:1.6,在售,在售,在售,"[""浦东新区房管(2024)预字 0000062号"", ""浦东新区房管(2024)预字0000008号"", ""浦东新区房管(2024)预字0000007号""]","[""7#(10-01)、6#(10-01)、9#(10-01)、8#(10-01)、10#(10-01)、11#(10-01)、1#(10-01)、3#(10-01)、2#(10-01)、5#(10-01)"", ""1#(08-03)、3#(08-03)、2#(08-03)、5#(08-03)、4#(08-03)、6#(08-03)、7#(08-03)"", ""3#(05-03)、1#(05-03)、2#(05-03)""]",上海金桥（集团）有限公司,nan,nan,民电,民水,31.295019,121.639473,"{""service_num"": ""4006708287"", ""num"": ""103031""}","{""56"": ""车位充足"", ""29"": ""装修交付"", ""9"": ""轨交房"", ""76"": ""厨卫全明"", ""74"": ""南北通透"", ""73"": ""卧室全朝南"", ""7"": ""项目在建"", ""13"": ""中外环"", ""276"": ""一房一价"", ""72"": ""配套纯熟"", ""71"": ""便利店"", ""70"": ""银行"", ""69"": ""学校"", ""68"": ""医院"", ""67"": ""生态绿地"", ""66"": ""公园"", ""65"": ""商业街"", ""64"": ""购物中心"", ""79"": ""小户型"", ""78"": ""大户型"", ""402"": ""玄关入户"", ""401"": ""户型方正"", ""397"": ""动静分离"", ""85"": ""主卧套房"", ""638"": ""民办中学"", ""637"": ""公办中学"", ""636"": ""公办小学"", ""634"": ""24年三批次"", ""604"": ""三级园"", ""603"": ""二级园"", ""602"": ""一级园"", ""601"": ""示范园"", ""598"": ""民办幼儿园"", ""597"": ""公办幼儿园"", ""589"": ""23年十二批次"", ""541"": ""3D沙盘"", ""540"": ""日照模拟"", ""421"": ""无需摇号"", ""263"": ""VR看房""}","[""车位充足"", ""装修交付"", ""轨交房"", ""厨卫全明"", ""南北通透""]",https://pic4.ajkimg.com/display/xinfang/6659432e630cbb487de787de8ac399b1/275x206n.jpg,"[{""id"": ""7259508"", ""loupan_id"": ""523496"", ""station_id"": ""121468"", ""subway_id"": ""12079"", ""city_id"": ""11"", ""distance"": ""1324米"", ""status"": ""1"", ""last_update_time"": ""1774209758"", ""is_rail_loupan"": ""1"", ""subway_name"": ""崇明线"", ""station_name"": ""高宝路"", ""distance_raw"": ""1324""}]",上海市浦东新区轲桥路申涛路路口
478527,泗水和鸣,上海,11,松江区,15,泗泾,146,上海松江区泗泾恒泽路58弄,外郊环,46358,46358元/㎡,nan,88-128㎡,85174.5m²,128571.75m²,"[{""id"": 583462, ""rooms"": 3, ""room_alias"": ""三室"", ""area"": 88}, {""id"": 583461, ""rooms"": 3, ""room_alias"": ""三室"", ""area"": 98}, {""id"": 583459, ""rooms"": 4, ""room_alias"": ""四室"", ""area"": 128}]",3/4室,"3室户型,4室户型",2023-03-30,2023年03月30日,2023年3月30日,nan,"[""2023-03-10"", ""2021-03-22"", ""2020-12-06"", ""2020-09-17""]","{多层,小高层,花园洋房}","{多层,小高层,花园洋房}",70年,1.5,35%,1062,"毛坯,带装修",nan,住宅,nan,4.8~5.4元/㎡/月,nan,1564,1:1.1,尾盘,尾盘,尾盘,"[""沪（2023）松字不动产权第008154号"", ""松江房管(2021)预字0000054号"", ""松江房管（2020）预备字000339号"", ""松江房管（2020）预备字000217号""]","[""9#、2#、3#、4#、5#、6#、7#、8#"", ""11#、13#、14#、15#、16#、18#、17#""]",上海华淞铭宏房地产开发有限公司,建发房产,nan,民电,民水,31.128618,121.267582,"{""service_num"": ""4006708287"", ""num"": """"}","{""56"": ""车位充足"", ""52"": ""低容积"", ""29"": ""装修交付"", ""76"": ""厨卫全明"", ""74"": ""南北通透"", ""73"": ""卧室全朝南"", ""15"": ""外郊环"", ""30"": ""花园洋房"", ""78"": ""大户型"", ""402"": ""玄关入户"", ""401"": ""户型方正"", ""85"": ""主卧套房"", ""637"": ""公办中学"", ""636"": ""公办小学"", ""635"": ""民办小学"", ""624"": ""九年一贯制"", ""604"": ""三级园"", ""603"": ""二级园"", ""602"": ""一级园"", ""601"": ""示范园"", ""598"": ""民办幼儿园"", ""597"": ""公办幼儿园"", ""591"": ""放松限购"", ""263"": ""VR看房"", ""50"": ""品牌开发商""}","[""车位充足"", ""低容积"", ""装修交付"", ""厨卫全明"", ""南北通透""]",https://pic4.ajkimg.com/display/xinfang/9b533391a992c75e8c938c4cfecdbd96/275x206n.jpg,[],上海松江恒泽路58弄
533809,中建壹品东外滩项目,上海,11,杨浦区,9,东外滩,87,上海杨浦区东外滩东至奎文路，西至三星南路，南至周家牌路，北至杭州路,内中环,nan,nan,nan,nan,28622.26m²,37208.93m²,[],nan,nan,nan,nan,nan,nan,[],{多层},{多层},70年,1.3,nan,nan,nan,nan,住宅,nan,nan,nan,nan,nan,待售,待售,待售,[],[],上海浦惠置业有限公司,中建壹品,nan,民电,民水,31.268566,121.548597,"{""service_num"": ""4006708287"", ""num"": ""71178""}","{""52"": ""低容积"", ""12"": ""内中环"", ""9"": ""轨交房"", ""72"": ""配套纯熟"", ""71"": ""便利店"", ""70"": ""银行"", ""69"": ""学校"", ""68"": ""医院"", ""67"": ""生态绿地"", ""66"": ""公园"", ""65"": ""商业街"", ""64"": ""购物中心"", ""638"": ""民办中学"", ""637"": ""公办中学"", ""636"": ""公办小学"", ""635"": ""民办小学"", ""624"": ""九年一贯制"", ""603"": ""二级园"", ""602"": ""一级园"", ""601"": ""示范园"", ""598"": ""民办幼儿园"", ""597"": ""公办幼儿园"", ""55"": ""小型社区"", ""50"": ""品牌开发商""}","[""低容积"", ""内中环"", ""轨交房"", ""配套纯熟"", ""便利店""]",https://pic4.ajkimg.com/display/xinfang/3659c25e53f378e49a2d7bfec6645b9e/275x206n.jpg,"[{""id"": ""7337101"", ""loupan_id"": ""533809"", ""station_id"": ""2971"", ""subway_id"": ""56"", ""city_id"": ""11"", ""distance"": ""1437米"", ""status"": ""1"", ""last_update_time"": ""1774209760"", ""is_rail_loupan"": ""1"", ""subway_name"": ""12号线"", ""station_name"": ""宁国路"", ""distance_raw"": ""1437""}]",nan
521474,中环金茂府,上海,11,宝山区,13,上大,125,上海宝山区上大南陈路188弄,中外环,66258,66258元/㎡,首付67万，月供17039元,100-228㎡,34434.9m²,127500m²,"[{""id"": 832248, ""rooms"": 3, ""room_alias"": ""三室"", ""area"": 100}, {""id"": 832247, ""rooms"": 4, ""room_alias"": ""四室"", ""area"": 168}, {""id"": 844480, ""rooms"": 4, ""room_alias"": ""四室"", ""area"": 228}, {""id"": 844479, ""rooms"": 5, ""room_alias"": ""五室"", ""area"": 193}]",3/4/5室,"3室户型,4室户型,5室户型",2024-12-24,2024年12月24日,2024年12月24日,2026年上半年,"[""2024-12-10"", ""2024-09-29"", ""2024-06-14"", ""2024-03-08""]","{小高层,高层}","{小高层,高层}",70年,2.5,35%,695,带装修,在建中，竣工时间：暂无数据,住宅,金茂（上海）物业服务有限公司,7.8元/㎡/月,nan,893,1:1.5,在售,在售,在售,"[""宝山房管（2024）预字0000385号"", ""宝山房管（2024）预字0000289号"", ""宝山房管（2024）预字0000158号"", ""宝山房管（2024）预字0000044号""]","[""2#"", ""1#、5#"", ""3#、8#"", ""7#、12#、10#""]",上海霄茂置业有限公司,中国金茂,nan,民电,民水,31.311718,121.40329,"{""service_num"": ""4006708287"", ""num"": ""99744""}","{""56"": ""车位充足"", ""29"": ""装修交付"", ""76"": ""厨卫全明"", ""74"": ""南北通透"", ""73"": ""卧室全朝南"", ""7"": ""项目在建"", ""13"": ""中外环"", ""276"": ""一房一价"", ""72"": ""配套纯熟"", ""70"": ""银行"", ""69"": ""学校"", ""68"": ""医院"", ""67"": ""生态绿地"", ""66"": ""公园"", ""65"": ""商业街"", ""64"": ""购物中心"", ""78"": ""大户型"", ""402"": ""玄关入户"", ""401"": ""户型方正"", ""397"": ""动静分离"", ""85"": ""主卧套房"", ""92"": ""热搜盘"", ""91"": ""热评楼盘"", ""717"": ""24年六批次"", ""637"": ""公办中学"", ""636"": ""公办小学"", ""635"": ""民办小学"", ""629"": ""24年二批次"", ""624"": ""九年一贯制"", ""604"": ""三级园"", ""603"": ""二级园"", ""602"": ""一级园"", ""601"": ""示范园"", ""598"": ""民办幼儿园"", ""597"": ""公办幼儿园"", ""541"": ""3D沙盘"", ""540"": ""日照模拟"", ""263"": ""VR看房"", ""50"": ""品牌开发商""}","[""车位充足"", ""装修交付"", ""厨卫全明"", ""南北通透"", ""卧室全朝南""]",https://pic4.ajkimg.com/display/xinfang/ca054357974bdd68fb456de3a9d2bd12/275x206n.jpg,[],南陈路188号
532254,地产闵虹之所智慧方洲,上海,11,宝山区,13,顾村,130,上海宝山区顾村宝安公路1865弄,外郊环,18000,18000元/㎡,nan,nan,63000m²,175000m²,[],nan,nan,2024-11-21,2024年,2024年,2026年1月1日,[],{},{},50年,3,35%,nan,nan,在建中，竣工时间：暂无数据,标准写字楼,上海地产闵虹新顾城科技园发展有限公司,6~12元/㎡/月,nan,953,nan,在售,在售,在售,[],[],上海地产闵虹新顾城科技园发展有限公司,nan,nan,商电,商水,31.359974,121.367437,"{""service_num"": ""4006708287"", ""num"": ""52798""}","{""559"": ""现房"", ""9"": ""轨交房"", ""7"": ""项目在建"", ""15"": ""外郊环"", ""72"": ""配套纯熟"", ""71"": ""便利店"", ""70"": ""银行"", ""68"": ""医院"", ""67"": ""生态绿地"", ""66"": ""公园"", ""65"": ""商业街"", ""64"": ""购物中心"", ""591"": ""放松限购"", ""55"": ""小型社区""}","[""现房"", ""轨交房"", ""项目在建"", ""外郊环"", ""配套纯熟""]",https://pic4.ajkimg.com/display/xinfang/e7b594fc5d40da84df9a28d680071a02/275x206n.jpg,"[{""id"": ""7321379"", ""loupan_id"": ""532254"", ""station_id"": ""3194"", ""subway_id"": ""65"", ""city_id"": ""11"", ""distance"": ""732米"", ""status"": ""1"", ""last_update_time"": ""1774209759"", ""is_rail_loupan"": ""1"", ""subway_name"": ""7号线"", ""station_name"": ""刘行"", ""distance_raw"": ""732""}]",宝安公路1865弄8号楼2层
529905,淀湖山庄,上海,11,青浦区,19,朱家角,167,上海青浦区朱家角河畔路258弄,郊环外,29983,29983元/㎡,nan,nan,nan,nan,[],nan,nan,2025-05-16,2025年05月16日,2025年5月16日,nan,"[""2025-04-29""]",{},{},70年,nan,nan,nan,nan,已竣工，竣工时间：暂无数据,住宅,nan,nan,nan,nan,nan,在售,在售,在售,"[""沪(2025)青字不动产权第 009894号""]",[],上海久凯房地产开发有限公司,nan,nan,民电,民水,31.111974,121.071079,"{""service_num"": ""4006708287"", ""num"": ""27843""}","{""557"": ""项目竣工"", ""52"": ""低容积"", ""16"": ""郊环外"", ""72"": ""配套纯熟"", ""71"": ""便利店"", ""70"": ""银行"", ""69"": ""学校"", ""68"": ""医院"", ""66"": ""公园"", ""65"": ""商业街"", ""64"": ""购物中心"", ""637"": ""公办中学"", ""636"": ""公办小学"", ""604"": ""三级园"", ""603"": ""二级园"", ""602"": ""一级园"", ""598"": ""民办幼儿园"", ""597"": ""公办幼儿园"", ""591"": ""放松限购"", ""421"": ""无需摇号"", ""55"": ""小型社区""}","[""项目竣工"", ""低容积"", ""郊环外"", ""配套纯熟"", ""便利店""]",https://pic4.ajkimg.com/display/xinfang/80c2ab8b5dfddbfb869ff134a971419a/275x206n.jpg,[],nan
526807,越秀·杨浦天玥,上海,11,杨浦区,9,五角场,88,上海杨浦区五角场市光路696弄,中外环,92000,92000元/㎡,首付120万，月供28853元,99-124㎡,7458.94m²,18060.74m²,"[{""id"": 847120, ""rooms"": 3, ""room_alias"": ""三室"", ""area"": 99}, {""id"": 847121, ""rooms"": 4, ""room_alias"": ""四室"", ""area"": 124}]",3/4室,"3室户型,4室户型",2024-10-30,2024年10月30日,2024年10月30日,2026年10月30日,"[""2024-10-21""]",{},{},nan,nan,nan,nan,nan,在建中，竣工时间：暂无数据,住宅,nan,nan,nan,nan,nan,在售,在售,在售,"[""杨浦房管(2024)预字0000310号""]","[""2#、1#""]",上海樾弘房地产开发有限公司,越秀地产,nan,民电,民水,31.327936,121.530302,"{""service_num"": ""4006708287"", ""num"": ""108966""}","{""9"": ""轨交房"", ""76"": ""厨卫全明"", ""74"": ""南北通透"", ""73"": ""卧室全朝南"", ""7"": ""项目在建"", ""10"": ""多轨交"", ""13"": ""中外环"", ""276"": ""一房一价"", ""72"": ""配套纯熟"", ""71"": ""便利店"", ""70"": ""银行"", ""69"": ""学校"", ""68"": ""医院"", ""66"": ""公园"", ""65"": ""商业街"", ""64"": ""购物中心"", ""78"": ""大户型"", ""402"": ""玄关入户"", ""401"": ""户型方正"", ""85"": ""主卧套房"", ""92"": ""热搜盘"", ""90"": ""人气楼盘"", ""638"": ""民办中学"", ""637"": ""公办中学"", ""636"": ""公办小学"", ""624"": ""九年一贯制"", ""603"": ""二级园"", ""602"": ""一级园"", ""601"": ""示范园"", ""598"": ""民办幼儿园"", ""597"": ""公办幼儿园"", ""541"": ""3D沙盘"", ""263"": ""VR看房"", ""50"": ""品牌开发商""}","[""轨交房"", ""厨卫全明"", ""南北通透"", ""卧室全朝南"", ""项目在建""]",https://pic4.ajkimg.com/display/xinfang/9896a9c4835ee7e8cef274e552c55680/275x206n.jpg,"[{""id"": ""7292412"", ""loupan_id"": ""526807"", ""station_id"": ""3227"", ""subway_id"": ""66"", ""city_id"": ""11"", ""distance"": ""1046米"", ""status"": ""1"", ""last_update_time"": ""1774209758"", ""is_rail_loupan"": ""1"", ""subway_name"": ""8号线"", ""station_name"": ""市光路"", ""distance_raw"": ""1046""}, {""id"": ""7292421"", ""loupan_id"": ""526807"", ""station_id"": ""121418"", ""subway_id"": ""12075"", ""city_id"": ""11"", ""distance"": ""1240米"", ""status"": ""1"", ""last_update_time"": ""1774209761"", ""is_rail_loupan"": ""1"", ""subway_name"": ""20号线"", ""station_name"": ""国和路"", ""distance_raw"": ""1240""}]",杨浦区闸殷路1599路国华广场B区
529539,润雲金茂府,上海,11,普陀区,10,桃浦,105,上海普陀区桃浦连亮路56弄,中外环,1487,1487万元/套起,首付223万，月供53630元,170-217㎡,29895.54m²,74759m²,"[{""id"": 867376, ""rooms"": 4, ""room_alias"": ""四室"", ""area"": 170}, {""id"": 867378, ""rooms"": 4, ""room_alias"": ""四室"", ""area"": 190}, {""id"": 867380, ""rooms"": 4, ""room_alias"": ""四室"", ""area"": 200}, {""id"": 867379, ""rooms"": 4, ""room_alias"": ""四室"", ""area"": 217}]",别墅,别墅户型,2025-10-30,2025年10月30日,2025年10月30日,2026年11月30日,"[""2025-10-20"", ""2025-09-16"", ""2025-07-29"", ""2025-06-17"", ""2025-05-17""]",{叠加别墅},{叠加别墅},70年,1.29,35%,200,nan,在建中，竣工时间：暂无数据,别墅,nan,8.75元/㎡/月,nan,nan,292,在售,在售,在售,"[""普陀房管(2025)预字0000344号"", ""普陀房管(2025)预字0000290号"", ""普陀房管(2025)预字0000219号"", ""普陀房管(2025)预字0000175号"", ""普陀房管(2025)预字0000130号""]","[""8#"", ""9#、7#"", ""13#、11#"", ""H1#栋、9#、G6#栋"", ""17号楼、二号地H6#、二号地H2#、3号楼、16号楼""]",上海润兆茂置业有限公司,"中国金茂,建发房产,华润置地",nan,民电,民水,31.297731,121.398554,"""""","{""9"": ""轨交房"", ""76"": ""厨卫全明"", ""74"": ""南北通透"", ""73"": ""卧室全朝南"", ""7"": ""项目在建"", ""13"": ""中外环"", ""276"": ""一房一价"", ""72"": ""配套纯熟"", ""70"": ""银行"", ""69"": ""学校"", ""68"": ""医院"", ""67"": ""生态绿地"", ""66"": ""公园"", ""65"": ""商业街"", ""64"": ""购物中心"", ""78"": ""大户型"", ""401"": ""户型方正"", ""397"": ""动静分离"", ""85"": ""主卧套房"", ""92"": ""热搜盘"", ""91"": ""热评楼盘"", ""90"": ""人气楼盘"", ""744"": ""好房子"", ""638"": ""民办中学"", ""637"": ""公办中学"", ""636"": ""公办小学"", ""624"": ""九年一贯制"", ""604"": ""三级园"", ""603"": ""二级园"", ""602"": ""一级园"", ""601"": ""示范园"", ""600"": ""市级示范园"", ""598"": ""民办幼儿园"", ""597"": ""公办幼儿园"", ""541"": ""3D沙盘"", ""540"": ""日照模拟"", ""263"": ""VR看房"", ""55"": ""小型社区"", ""50"": ""品牌开发商""}","[""轨交房"", ""厨卫全明"", ""南北通透"", ""卧室全朝南"", ""项目在建""]",https://pic4.ajkimg.com/display/xinfang/421c141792f3a5be6f5eeb5d8a5cfd99/275x206n.jpg,"[{""id"": ""7303387"", ""loupan_id"": ""529539"", ""station_id"": ""10382"", ""subway_id"": ""1018"", ""city_id"": ""11"", ""distance"": ""1158米"", ""status"": ""1"", ""last_update_time"": ""1774209761"", ""is_rail_loupan"": ""1"", ""subway_name"": ""15号线"", ""station_name"": ""祁安路"", ""distance_raw"": ""1158""}]",nan
526513,昌平云岸,上海,11,静安区,2,南京西路,21,上海静安区南京西路昌平路99弄,内环内,145000,145000元/㎡,首付127万，月供30548元,94-196㎡,nan,nan,"[{""id"": 841273, ""rooms"": 1, ""room_alias"": ""一室"", ""area"": 94}, {""id"": 841279, ""rooms"": 2, ""room_alias"": ""二室"", ""area"": 103}, {""id"": 841274, ""rooms"": 2, ""room_alias"": ""二室"", ""area"": 112}, {""id"": 844281, ""rooms"": 3, ""room_alias"": ""三室"", ""area"": 147}, {""id"": 841278, ""rooms"": 3, ""room_alias"": ""三室"", ""area"": 148}, {""id"": 841275, ""rooms"": 3, ""room_alias"": ""三室"", ""area"": 153}, {""id"": 844283, ""rooms"": 4, ""room_alias"": ""四室"", ""area"": 165}, {""id"": 844282, ""rooms"": 4, ""room_alias"": ""四室"", ""area"": 168}, {""id"": 841276, ""rooms"": 4, ""room_alias"": ""四室"", ""area"": 175}, {""id"": 841280, ""rooms"": 4, ""room_alias"": ""四室"", ""area"": 182}, {""id"": 841277, ""rooms"": 4, ""room_alias"": ""四室"", ""area"": 193}]",1/2/3/4室,"1室户型,2室户型,3室户型,4室户型",2024-06-24,2024年06月24日,2024年6月24日,2026年,"[""2024-06-11""]",{高层},{高层},70年,nan,nan,nan,nan,在建中，竣工时间：暂无数据,住宅,上海古北物业（集团）有限公司,14.28元/㎡/月,nan,nan,nan,在售,在售,在售,"[""静安房管（2024）预字0000147号""]","[""3#、4#、1#、2#、5#""]",上海中远泰兴置业有限公司,nan,nan,民电,民水,31.244005,121.458728,"{""service_num"": ""4006708287"", ""num"": ""108412""}","{""11"": ""内环内"", ""9"": ""轨交房"", ""76"": ""厨卫全明"", ""74"": ""南北通透"", ""73"": ""卧室全朝南"", ""7"": ""项目在建"", ""10"": ""多轨交"", ""276"": ""一房一价"", ""72"": ""配套纯熟"", ""71"": ""便利店"", ""70"": ""银行"", ""69"": ""学校"", ""68"": ""医院"", ""67"": ""生态绿地"", ""66"": ""公园"", ""65"": ""商业街"", ""64"": ""购物中心"", ""78"": ""大户型"", ""402"": ""玄关入户"", ""401"": ""户型方正"", ""397"": ""动静分离"", ""85"": ""主卧套房"", ""83"": ""双阳台"", ""92"": ""热搜盘"", ""90"": ""人气楼盘"", ""718"": ""24年七批次"", ""638"": ""民办中学"", ""637"": ""公办中学"", ""636"": ""公办小学"", ""635"": ""民办小学"", ""624"": ""九年一贯制"", ""603"": ""二级园"", ""602"": ""一级园"", ""601"": ""示范园"", ""598"": ""民办幼儿园"", ""597"": ""公办幼儿园"", ""541"": ""3D沙盘"", ""263"": ""VR看房"", ""55"": ""小型社区""}","[""内环内"", ""轨交房"", ""厨卫全明"", ""南北通透"", ""卧室全朝南""]",https://pic4.ajkimg.com/display/xinfang/3ddc6c84042d74b86fee4d032d5f3b57/275x206n.jpg,"[{""id"": ""7320461"", ""loupan_id"": ""526513"", ""station_id"": ""3026"", ""subway_id"": ""59"", ""city_id"": ""11"", ""distance"": ""934米"", ""status"": ""1"", ""last_update_time"": ""1774209760"", ""is_rail_loupan"": ""1"", ""subway_name"": ""1号线"", ""station_name"": ""汉中路"", ""distance_raw"": ""934""}, {""id"": ""7320384"", ""loupan_id"": ""526513"", ""station_id"": ""2992"", ""subway_id"": ""57"", ""city_id"": ""11"", ""distance"": ""1009米"", ""status"": ""1"", ""last_update_time"": ""1774209759"", ""is_rail_loupan"": ""1"", ""subway_name"": ""13号线"", ""station_name"": ""汉中路"", ""distance_raw"": ""1009""}, {""id"": ""7320411"", ""loupan_id"": ""526513"", ""station_id"": ""2964"", ""subway_id"": ""56"", ""city_id"": ""11"", ""distance"": ""1009米"", ""status"": ""1"", ""last_update_time"": ""1774209759"", ""is_rail_loupan"": ""1"", ""subway_name"": ""12号线"", ""station_name"": ""汉中路"", ""distance_raw"": ""1009""}, {""id"": ""7320503"", ""loupan_id"": ""526513"", ""station_id"": ""3180"", ""subway_id"": ""65"", ""city_id"": ""11"", ""distance"": ""1131米"", ""status"": ""1"", ""last_update_time"": ""1774209761"", ""is_rail_loupan"": ""1"", ""subway_name"": ""7号线"", ""station_name"": ""昌平路"", ""distance_raw"": ""1131""}, {""id"": ""7320387"", ""loupan_id"": ""526513"", ""station_id"": ""2991"", ""subway_id"": ""57"", ""city_id"": ""11"", ""distance"": ""1171米"", ""status"": ""1"", ""last_update_time"": ""1774209759"", ""is_rail_loupan"": ""1"", ""subway_name"": ""13号线"", ""station_name"": ""江宁路"", ""distance_raw"": ""1171""}, {""id"": ""7320385"", ""loupan_id"": ""526513"", ""station_id"": ""2993"", ""subway_id"": ""57"", ""city_id"": ""11"", ""distance"": ""1400米"", ""status"": ""1"", ""last_update_time"": ""1774209759"", ""is_rail_loupan"": ""1"", ""subway_name"": ""13号线"", ""station_name"": ""自然博物馆"", ""distance_raw"": ""1400""}]",上海宏安瑞士大酒店3F Basel厅
533482,保利·江上印,上海,11,杨浦区,9,东外滩,87,上海杨浦区东外滩内江路与顺平路交叉口,内中环,nan,nan,nan,nan,14958.66m²,37396.6m²,[],nan,nan,nan,nan,nan,nan,[],{},{},70年,2.5,35%,nan,nan,nan,住宅,nan,nan,nan,nan,nan,待售,待售,待售,[],[],上海盛万置业有限公司,保利集团,nan,民电,民水,31.28677,121.55353,"{""service_num"": ""4006708287"", ""num"": ""65180""}","{""12"": ""内中环"", ""9"": ""轨交房"", ""72"": ""配套纯熟"", ""71"": ""便利店"", ""70"": ""银行"", ""69"": ""学校"", ""68"": ""医院"", ""67"": ""生态绿地"", ""66"": ""公园"", ""65"": ""商业街"", ""64"": ""购物中心"", ""638"": ""民办中学"", ""637"": ""公办中学"", ""636"": ""公办小学"", ""635"": ""民办小学"", ""624"": ""九年一贯制"", ""603"": ""二级园"", ""602"": ""一级园"", ""601"": ""示范园"", ""598"": ""民办幼儿园"", ""597"": ""公办幼儿园"", ""541"": ""3D沙盘"", ""540"": ""日照模拟"", ""55"": ""小型社区"", ""50"": ""品牌开发商""}","[""内中环"", ""轨交房"", ""配套纯熟"", ""便利店"", ""银行""]",https://pic4.ajkimg.com/display/xinfang/55690b5815b5fbd0cb57cf471522e94c/275x206n.jpg,"[{""id"": ""7330096"", ""loupan_id"": ""533482"", ""station_id"": ""2973"", ""subway_id"": ""56"", ""city_id"": ""11"", ""distance"": ""861米"", ""status"": ""1"", ""last_update_time"": ""1774209759"", ""is_rail_loupan"": ""1"", ""subway_name"": ""12号线"", ""station_name"": ""爱国路"", ""distance_raw"": ""861""}, {""id"": ""7330095"", ""loupan_id"": ""533482"", ""station_id"": ""2972"", ""subway_id"": ""56"", ""city_id"": ""11"", ""distance"": ""911米"", ""status"": ""1"", ""last_update_time"": ""1774209759"", ""is_rail_loupan"": ""1"", ""subway_name"": ""12号线"", ""station_name"": ""隆昌路"", ""distance_raw"": ""911""}]",nan
532156,中建壹品·外滩元境,上海,11,杨浦区,9,东外滩,87,上海杨浦区东外滩松潘路与周家牌路交叉口,内中环,130484,130484元/㎡,nan,99-170㎡,21210.66m²,29694.92m²,"[{""id"": 885079, ""rooms"": 2, ""room_alias"": ""二室"", ""area"": 110}, {""id"": 885074, ""rooms"": 3, ""room_alias"": ""三室"", ""area"": 99}, {""id"": 885076, ""rooms"": 3, ""room_alias"": ""三室"", ""area"": 99}, {""id"": 885073, ""rooms"": 3, ""room_alias"": ""三室"", ""area"": 104}, {""id"": 885091, ""rooms"": 4, ""room_alias"": ""四室"", ""area"": 135}, {""id"": 885088, ""rooms"": 4, ""room_alias"": ""四室"", ""area"": 139}, {""id"": 885084, ""rooms"": 4, ""room_alias"": ""四室"", ""area"": 170}]",2/3/4室,"2室户型,3室户型,4室户型",2026-03-24,2026年1季度,2026年1季度,nan,"[""2026-01-18""]",{多层},{多层},70年,1.4,35%,223,nan,nan,住宅,nan,9.8元/㎡/月,nan,nan,1:1.57,待售,待售,待售,"[""杨浦房管(2026)预字0000006号""]",[],上海浦定置业有限公司,中建壹品,nan,民电,民水,31.269062,121.546624,"""""","{""56"": ""车位充足"", ""52"": ""低容积"", ""12"": ""内中环"", ""9"": ""轨交房"", ""76"": ""厨卫全明"", ""74"": ""南北通透"", ""73"": ""卧室全朝南"", ""72"": ""配套纯熟"", ""71"": ""便利店"", ""70"": ""银行"", ""69"": ""学校"", ""68"": ""医院"", ""67"": ""生态绿地"", ""66"": ""公园"", ""65"": ""商业街"", ""64"": ""购物中心"", ""78"": ""大户型"", ""402"": ""玄关入户"", ""401"": ""户型方正"", ""397"": ""动静分离"", ""85"": ""主卧套房"", ""270"": ""专车看房"", ""92"": ""热搜盘"", ""91"": ""热评楼盘"", ""90"": ""人气楼盘"", ""744"": ""好房子"", ""638"": ""民办中学"", ""637"": ""公办中学"", ""636"": ""公办小学"", ""635"": ""民办小学"", ""624"": ""九年一贯制"", ""603"": ""二级园"", ""602"": ""一级园"", ""601"": ""示范园"", ""598"": ""民办幼儿园"", ""597"": ""公办幼儿园"", ""422"": ""30日内开盘"", ""263"": ""VR看房"", ""55"": ""小型社区"", ""50"": ""品牌开发商""}","[""车位充足"", ""低容积"", ""内中环"", ""轨交房"", ""厨卫全明""]",https://pic4.ajkimg.com/display/xinfang/9585186b790303612aca50f1311f748c/275x206n.jpg,"[{""id"": ""7321073"", ""loupan_id"": ""532156"", ""station_id"": ""2971"", ""subway_id"": ""56"", ""city_id"": ""11"", ""distance"": ""1375米"", ""status"": ""1"", ""last_update_time"": ""1774209758"", ""is_rail_loupan"": ""1"", ""subway_name"": ""12号线"", ""station_name"": ""宁国路"", ""distance_raw"": ""1375""}]",杨浦区杭州路466号
515755,奉发云邸,上海,11,奉贤区,17,海湾,163,上海奉贤区海湾海农公路1777弄,郊环外,nan,nan,nan,99-253㎡,住宅：34549m² 别墅：34549m²,住宅：85531.2m² 别墅：84732.42m²,"[{""id"": 782291, ""rooms"": 3, ""room_alias"": ""三室"", ""area"": 99}, {""id"": 782289, ""rooms"": 3, ""room_alias"": ""三室"", ""area"": 126}, {""id"": 782319, ""rooms"": 3, ""room_alias"": ""三室"", ""area"": 138}, {""id"": 782322, ""rooms"": 3, ""room_alias"": ""三室"", ""area"": 138}, {""id"": 782323, ""rooms"": 3, ""room_alias"": ""三室"", ""area"": 138}, {""id"": 782324, ""rooms"": 3, ""room_alias"": ""三室"", ""area"": 138}, {""id"": 782293, ""rooms"": 4, ""room_alias"": ""四室"", ""area"": 138}, {""id"": 782339, ""rooms"": 4, ""room_alias"": ""四室"", ""area"": 175}, {""id"": 782325, ""rooms"": 4, ""room_alias"": ""四室"", ""area"": 176}, {""id"": 782335, ""rooms"": 4, ""room_alias"": ""四室"", ""area"": 179}, {""id"": 782341, ""rooms"": 5, ""room_alias"": ""五室"", ""area"": 253}]",3/4室、别墅,"3室户型,4室户型,别墅户型",2026-06-30,2026年,2026年,2026年,"[""2022-10-24""]",{高层},{高层},住宅：70年 别墅：70年,住宅：1.5 别墅：1.5,住宅：35% 别墅：35%,住宅：409 别墅：409,"住宅：毛坯,带装修 别墅：毛坯,带装修",在建中，竣工时间：暂无数据,住宅,上海奉信物业管理有限公司,住宅：3.8元/㎡/月 别墅：4.8元/㎡/月,nan,住宅：515 别墅：490,住宅：1:1 别墅：1:1,在售,在售,在售,"[""奉贤房管（2022）预字0000258号""]","[""6#、8#、9#、10#、12#""]",上海浦东星火开发区联合发展有限公司,nan,上海浦东星火开发区联合发展有限公司,住宅：民电 别墅：民电,住宅：民水 别墅：民水,30.870319134851,121.56938145477,"""""","{""52"": ""低容积"", ""29"": ""装修交付"", ""76"": ""厨卫全明"", ""74"": ""南北通透"", ""73"": ""卧室全朝南"", ""7"": ""项目在建"", ""16"": ""郊环外"", ""276"": ""一房一价"", ""5"": ""低单价"", ""72"": ""配套纯熟"", ""70"": ""银行"", ""69"": ""学校"", ""68"": ""医院"", ""67"": ""生态绿地"", ""66"": ""公园"", ""64"": ""购物中心"", ""78"": ""大户型"", ""402"": ""玄关入户"", ""401"": ""户型方正"", ""397"": ""动静分离"", ""85"": ""主卧套房"", ""91"": ""热评楼盘"", ""637"": ""公办中学"", ""636"": ""公办小学"", ""624"": ""九年一贯制"", ""604"": ""三级园"", ""603"": ""二级园"", ""598"": ""民办幼儿园"", ""597"": ""公办幼儿园"", ""591"": ""放松限购"", ""542"": ""22年五批次"", ""541"": ""3D沙盘"", ""540"": ""日照模拟"", ""263"": ""VR看房""}","[""低容积"", ""装修交付"", ""厨卫全明"", ""南北通透"", ""卧室全朝南""]",https://pic4.ajkimg.com/display/xinfang/0295f658e8de0887d11f171ee73f5b02/275x206n.jpg,[],nan
489672,中环泰和里,上海,11,宝山区,13,上大,125,上海宝山区上大沪太路3617号,中外环,nan,nan,nan,nan,3792m²,67586m²,[],nan,nan,nan,nan,nan,nan,[],{},{},70年,nan,nan,33,毛坯,nan,标准写字楼,nan,2元/㎡/月,nan,nan,nan,尾盘,尾盘,尾盘,[],[],经纬置地有限公司,经纬集团,经纬置地有限公司,商电,商水,31.321436,121.414107,"{""service_num"": ""4006708287"", ""num"": """"}","{""13"": ""中外环"", ""55"": ""小型社区"", ""50"": ""品牌开发商""}","[""中外环"", ""小型社区"", ""品牌开发商""]",https://pic4.ajkimg.com/display/xinfang/d86bc4868d386da47338dc05b38be339/275x206n.jpg,[],上海市宝山区沪太路3617号
531321,古北中央萃,上海,11,闵行区,11,金虹桥,177,上海闵行区金虹桥吴中路465弄,内中环,nan,nan,nan,63-125㎡,28000m²,63000m²,"[{""id"": 871835, ""rooms"": 1, ""room_alias"": ""一室"", ""area"": 63}, {""id"": 871834, ""rooms"": 2, ""room_alias"": ""二室"", ""area"": 90}, {""id"": 871836, ""rooms"": 3, ""room_alias"": ""三室"", ""area"": 125}]",1/2/3室,"1室户型,2室户型,3室户型",nan,nan,nan,nan,[],{高层},{高层},70年,2.51,35%,631,nan,nan,住宅,上海湘府房地产开发有限公司,nan,nan,nan,nan,待售,待售,待售,[],[],上海湘府房地产开发有限公司,中崇集团,上海湘府房地产开发有限公司,民电,民水,31.190185,121.414088,"{""service_num"": ""4006708287"", ""num"": ""37389""}","{""12"": ""内中环"", ""9"": ""轨交房"", ""76"": ""厨卫全明"", ""74"": ""南北通透"", ""72"": ""配套纯熟"", ""71"": ""便利店"", ""70"": ""银行"", ""69"": ""学校"", ""68"": ""医院"", ""66"": ""公园"", ""65"": ""商业街"", ""64"": ""购物中心"", ""79"": ""小户型"", ""78"": ""大户型"", ""402"": ""玄关入户"", ""401"": ""户型方正"", ""397"": ""动静分离"", ""85"": ""主卧套房"", ""638"": ""民办中学"", ""637"": ""公办中学"", ""636"": ""公办小学"", ""624"": ""九年一贯制"", ""604"": ""三级园"", ""603"": ""二级园"", ""602"": ""一级园"", ""601"": ""示范园"", ""598"": ""民办幼儿园"", ""597"": ""公办幼儿园"", ""263"": ""VR看房"", ""50"": ""品牌开发商""}","[""内中环"", ""轨交房"", ""厨卫全明"", ""南北通透"", ""配套纯熟""]",https://pic4.ajkimg.com/display/xinfang/342dbef29865b226c31f0314bbc2621a/275x206n.jpg,"[{""id"": ""7309404"", ""loupan_id"": ""531321"", ""station_id"": ""10383"", ""subway_id"": ""1018"", ""city_id"": ""11"", ""distance"": ""955米"", ""status"": ""1"", ""last_update_time"": ""1774209761"", ""is_rail_loupan"": ""1"", ""subway_name"": ""15号线"", ""station_name"": ""吴中路"", ""distance_raw"": ""955""}, {""id"": ""7309405"", ""loupan_id"": ""531321"", ""station_id"": ""10384"", ""subway_id"": ""1018"", ""city_id"": ""11"", ""distance"": ""1209米"", ""status"": ""1"", ""last_update_time"": ""1774209761"", ""is_rail_loupan"": ""1"", ""subway_name"": ""15号线"", ""station_name"": ""姚虹路"", ""distance_raw"": ""1209""}]",吴中路465弄
521422,涌潮府,上海,11,浦东,7,曹路,172,上海浦东曹路海萃路36弄,外郊环,51500,51500元/㎡,首付45万，月供10964元,87-129㎡,13587.1m²,41358.47m²,"[{""id"": 820671, ""rooms"": 3, ""room_alias"": ""三室"", ""area"": 87}, {""id"": 820672, ""rooms"": 3, ""room_alias"": ""三室"", ""area"": 95}, {""id"": 820673, ""rooms"": 3, ""room_alias"": ""三室"", ""area"": 97}, {""id"": 820675, ""rooms"": 4, ""room_alias"": ""四室"", ""area"": 129}]",3/4室,"3室户型,4室户型",2023-12-27,2023年12月27日,2023年12月27日,2026年5月,"[""2023-12-13""]",{},{},70年,nan,35%,288,带装修,在建中，竣工时间：暂无数据,住宅,上海景浦湾置业有限公司,nan,nan,nan,nan,售罄,售罄,售罄,"[""浦东新区房管(2023)预字 0000436号""]","[""2#、1#、4#、3#""]",上海景浦湾置业有限公司,大家房产,上海景浦湾置业有限公司,民电,民水,31.297867,121.684648,"{""service_num"": ""4006708287"", ""num"": ""99160""}","{""29"": ""装修交付"", ""9"": ""轨交房"", ""76"": ""厨卫全明"", ""74"": ""南北通透"", ""7"": ""项目在建"", ""15"": ""外郊环"", ""276"": ""一房一价"", ""72"": ""配套纯熟"", ""70"": ""银行"", ""69"": ""学校"", ""68"": ""医院"", ""65"": ""商业街"", ""64"": ""购物中心"", ""78"": ""大户型"", ""402"": ""玄关入户"", ""401"": ""户型方正"", ""397"": ""动静分离"", ""85"": ""主卧套房"", ""637"": ""公办中学"", ""636"": ""公办小学"", ""604"": ""三级园"", ""602"": ""一级园"", ""598"": ""民办幼儿园"", ""597"": ""公办幼儿园"", ""591"": ""放松限购"", ""588"": ""23年十一批次"", ""541"": ""3D沙盘"", ""540"": ""日照模拟"", ""263"": ""VR看房"", ""55"": ""小型社区"", ""50"": ""品牌开发商""}","[""装修交付"", ""轨交房"", ""厨卫全明"", ""南北通透"", ""项目在建""]",https://pic4.ajkimg.com/display/xinfang/764a1270a7ee21b9d3c4685ece5b6850/275x206n.jpg,"[{""id"": ""7259690"", ""loupan_id"": ""521422"", ""station_id"": ""121469"", ""subway_id"": ""12079"", ""city_id"": ""11"", ""distance"": ""665米"", ""status"": ""1"", ""last_update_time"": ""1774209760"", ""is_rail_loupan"": ""1"", ""subway_name"": ""崇明线"", ""station_name"": ""凌空北路"", ""distance_raw"": ""665""}]",nan
533808,汇成&徐房华泾项目,上海,11,徐汇区,5,华泾,170,"上海徐汇区华泾东至西新港,南至华济路,西至协领路,北至弥城路",外郊环,nan,nan,nan,nan,36621.9m²,73503.64m²,[],nan,nan,nan,nan,nan,nan,[],{高层},{高层},70年,2.5,35%,nan,nan,nan,住宅,nan,nan,nan,nan,nan,待售,待售,待售,[],[],上海汇房房地产置业有限公司,nan,nan,民电,民水,31.120315,121.448571,"{""service_num"": ""4006708287"", ""num"": ""71175""}","{""9"": ""轨交房"", ""10"": ""多轨交"", ""15"": ""外郊环"", ""72"": ""配套纯熟"", ""71"": ""便利店"", ""70"": ""银行"", ""69"": ""学校"", ""68"": ""医院"", ""67"": ""生态绿地"", ""66"": ""公园"", ""65"": ""商业街"", ""64"": ""购物中心"", ""90"": ""人气楼盘"", ""638"": ""民办中学"", ""637"": ""公办中学"", ""636"": ""公办小学"", ""635"": ""民办小学"", ""624"": ""九年一贯制"", ""603"": ""二级园"", ""602"": ""一级园"", ""598"": ""民办幼儿园"", ""597"": ""公办幼儿园"", ""591"": ""放松限购"", ""55"": ""小型社区""}","[""轨交房"", ""多轨交"", ""外郊环"", ""配套纯熟"", ""便利店""]",https://pic4.ajkimg.com/display/xinfang/ac82c9e356a0d39990e1574010cfaf22/275x206n.jpg,"[{""id"": ""7337099"", ""loupan_id"": ""533808"", ""station_id"": ""10400"", ""subway_id"": ""1018"", ""city_id"": ""11"", ""distance"": ""368米"", ""status"": ""1"", ""last_update_time"": ""1774209759"", ""is_rail_loupan"": ""1"", ""subway_name"": ""15号线"", ""station_name"": ""景洪路"", ""distance_raw"": ""368""}, {""id"": ""7337095"", ""loupan_id"": ""533808"", ""station_id"": ""121777"", ""subway_id"": ""12074"", ""city_id"": ""11"", ""distance"": ""603米"", ""status"": ""1"", ""last_update_time"": ""1774209759"", ""is_rail_loupan"": ""1"", ""subway_name"": ""19号线"", ""station_name"": ""华泾西"", ""distance_raw"": ""603""}, {""id"": ""7337094"", ""loupan_id"": ""533808"", ""station_id"": ""121476"", ""subway_id"": ""12080"", ""city_id"": ""11"", ""distance"": ""943米"", ""status"": ""1"", ""last_update_time"": ""1774209759"", ""is_rail_loupan"": ""1"", ""subway_name"": ""机场联络线"", ""station_name"": ""景洪路站"", ""distance_raw"": ""943""}, {""id"": ""7337096"", ""loupan_id"": ""533808"", ""station_id"": ""10391"", ""subway_id"": ""1018"", ""city_id"": ""11"", ""distance"": ""1403米"", ""status"": ""1"", ""last_update_time"": ""1774209759"", ""is_rail_loupan"": ""1"", ""subway_name"": ""15号线"", ""station_name"": ""朱梅路"", ""distance_raw"": ""1403""}]",nan
526759,越秀·静安天玥,上海,11,静安区,2,西藏北路,119,上海静安区西藏北路中山北路768弄,内环内,121000,121000元/㎡,首付183万，月供44000元,120-142㎡,8168.22m²,32947.76m²,"[{""id"": 854882, ""rooms"": 3, ""room_alias"": ""三室"", ""area"": 120}, {""id"": 854883, ""rooms"": 3, ""room_alias"": ""三室"", ""area"": 120}, {""id"": 854884, ""rooms"": 3, ""room_alias"": ""三室"", ""area"": 142}, {""id"": 854885, ""rooms"": 3, ""room_alias"": ""三室"", ""area"": 142}]",3室,3室户型,2025-02-26,2025年02月26日,2025年2月26日,2026年下半年,"[""2025-02-14""]","{高层,小高层}","{高层,小高层}",70年,2.5,35%,177,nan,在建中，竣工时间：暂无数据,住宅,nan,12.8元/㎡/月,nan,nan,1:1.35,尾盘,尾盘,尾盘,"[""静安房管（2025）预字0000017号""]","[""3#、1#、2#""]",上海樾兴房地产开发有限公司,越秀地产,nan,民电,民水,31.265265,121.466152,"{""service_num"": ""4006708287"", ""num"": ""108877""}","{""56"": ""车位充足"", ""11"": ""内环内"", ""76"": ""厨卫全明"", ""74"": ""南北通透"", ""73"": ""卧室全朝南"", ""7"": ""项目在建"", ""276"": ""一房一价"", ""72"": ""配套纯熟"", ""71"": ""便利店"", ""70"": ""银行"", ""69"": ""学校"", ""68"": ""医院"", ""67"": ""生态绿地"", ""66"": ""公园"", ""65"": ""商业街"", ""64"": ""购物中心"", ""78"": ""大户型"", ""402"": ""玄关入户"", ""401"": ""户型方正"", ""397"": ""动静分离"", ""85"": ""主卧套房"", ""638"": ""民办中学"", ""637"": ""公办中学"", ""636"": ""公办小学"", ""635"": ""民办小学"", ""624"": ""九年一贯制"", ""603"": ""二级园"", ""602"": ""一级园"", ""598"": ""民办幼儿园"", ""597"": ""公办幼儿园"", ""541"": ""3D沙盘"", ""280"": ""商圈热盘"", ""279"": ""品质好房"", ""263"": ""VR看房"", ""127"": ""千万级品质盘"", ""55"": ""小型社区"", ""50"": ""品牌开发商""}","[""车位充足"", ""内环内"", ""厨卫全明"", ""南北通透"", ""卧室全朝南""]",https://pic4.ajkimg.com/display/xinfang/cbfe618896fd14eda255e855676935a8/275x206n.jpg,[],静安国际中心B座601室
521647,象屿交控·中环云悦府,上海,11,普陀区,10,桃浦,105,上海普陀区桃浦连冠路515弄,中外环,75000,75000元/㎡,首付104万，月供25102元,85-155㎡,33997.6m²,84994m²,"[{""id"": 816163, ""rooms"": 3, ""room_alias"": ""三室"", ""area"": 85}, {""id"": 816164, ""rooms"": 3, ""room_alias"": ""三室"", ""area"": 99}, {""id"": 886266, ""rooms"": 3, ""room_alias"": ""三室"", ""area"": 99}, {""id"": 886267, ""rooms"": 3, ""room_alias"": ""三室"", ""area"": 99}, {""id"": 828556, ""rooms"": 4, ""room_alias"": ""四室"", ""area"": 135}, {""id"": 850789, ""rooms"": 4, ""room_alias"": ""四室"", ""area"": 155}]",3/4室,"3室户型,4室户型",2024-10-13,2024年10月13日,2024年10月13日,2026年4月,"[""2024-09-29"", ""2024-10-29"", ""2024-06-07"", ""2024-01-08""]","{小高层,高层}","{小高层,高层}",70年,nan,35%,867,带装修,在建中，竣工时间：暂无数据,住宅,nan,7元/㎡/月,nan,nan,1:1.2,在售,在售,在售,"[""普陀房管2024预字0000288"", ""普陀房管(2024)预字0000288号"", ""普陀房管（2024）预字0000145号"", ""普陀房管 (2024) 预字0000001号""]","[""9#"", ""7#、6#"", ""3#、2#、4#"", ""8#、11#、10#、12#、1#""]",上海象浙房地产开发有限公司,"象屿地产,浙江交投集团",nan,民电,民水,31.293673,121.394911,"{""service_num"": ""4006708287"", ""num"": ""100132""}","{""81"": ""大阳台"", ""56"": ""车位充足"", ""29"": ""装修交付"", ""9"": ""轨交房"", ""76"": ""厨卫全明"", ""74"": ""南北通透"", ""73"": ""卧室全朝南"", ""7"": ""项目在建"", ""13"": ""中外环"", ""276"": ""一房一价"", ""72"": ""配套纯熟"", ""70"": ""银行"", ""69"": ""学校"", ""68"": ""医院"", ""67"": ""生态绿地"", ""66"": ""公园"", ""65"": ""商业街"", ""64"": ""购物中心"", ""78"": ""大户型"", ""402"": ""玄关入户"", ""401"": ""户型方正"", ""397"": ""动静分离"", ""85"": ""主卧套房"", ""82"": ""双卫生间"", ""92"": ""热搜盘"", ""91"": ""热评楼盘"", ""90"": ""人气楼盘"", ""717"": ""24年六批次"", ""637"": ""公办中学"", ""636"": ""公办小学"", ""624"": ""九年一贯制"", ""604"": ""三级园"", ""603"": ""二级园"", ""602"": ""一级园"", ""601"": ""示范园"", ""600"": ""市级示范园"", ""598"": ""民办幼儿园"", ""597"": ""公办幼儿园"", ""593"": ""以旧换新"", ""589"": ""23年十二批次"", ""541"": ""3D沙盘"", ""540"": ""日照模拟"", ""421"": ""无需摇号"", ""263"": ""VR看房"", ""50"": ""品牌开发商""}","[""大阳台"", ""车位充足"", ""装修交付"", ""轨交房"", ""厨卫全明""]",https://pic4.ajkimg.com/display/xinfang/8b6c36932fff6551ca8ee8761ebee5b1/275x206n.jpg,"[{""id"": ""7251580"", ""loupan_id"": ""521647"", ""station_id"": ""10382"", ""subway_id"": ""1018"", ""city_id"": ""11"", ""distance"": ""1242米"", ""status"": ""1"", ""last_update_time"": ""1774209760"", ""is_rail_loupan"": ""1"", ""subway_name"": ""15号线"", ""station_name"": ""祁安路"", ""distance_raw"": ""1242""}]",连亮路祁顺路交叉口
533547,中铁·云璟外滩,上海,11,杨浦区,9,东外滩,87,"上海杨浦区东外滩东至规划三星路,南至杭州路,西至规划松潘路,北至规划润玉路",内中环,nan,nan,nan,nan,住宅：16482.71m²,住宅：73000m²,[],nan,nan,nan,nan,nan,nan,[],{花园洋房},{花园洋房},nan,住宅：1.8,住宅：35%,nan,nan,nan,住宅,nan,nan,nan,nan,nan,待售,待售,待售,[],[],上海中铁浦宸置业有限公司,中国中铁,nan,住宅：民电,住宅：民水,31.269231,121.546515,"{""service_num"": ""4006708287"", ""num"": ""66467""}","{""52"": ""低容积"", ""12"": ""内中环"", ""9"": ""轨交房"", ""72"": ""配套纯熟"", ""71"": ""便利店"", ""70"": ""银行"", ""69"": ""学校"", ""68"": ""医院"", ""67"": ""生态绿地"", ""66"": ""公园"", ""65"": ""商业街"", ""64"": ""购物中心"", ""638"": ""民办中学"", ""637"": ""公办中学"", ""636"": ""公办小学"", ""635"": ""民办小学"", ""624"": ""九年一贯制"", ""603"": ""二级园"", ""602"": ""一级园"", ""601"": ""示范园"", ""598"": ""民办幼儿园"", ""597"": ""公办幼儿园"", ""55"": ""小型社区"", ""50"": ""品牌开发商""}","[""低容积"", ""内中环"", ""轨交房"", ""配套纯熟"", ""便利店""]",https://pic4.ajkimg.com/display/xinfang/dd91cf72e3b1a60945f1be82cf37c64f/275x206n.jpg,"[{""id"": ""7332086"", ""loupan_id"": ""533547"", ""station_id"": ""2971"", ""subway_id"": ""56"", ""city_id"": ""11"", ""distance"": ""1384米"", ""status"": ""1"", ""last_update_time"": ""1774209761"", ""is_rail_loupan"": ""1"", ""subway_name"": ""12号线"", ""station_name"": ""宁国路"", ""distance_raw"": ""1384""}]",nan
519241,森兰·航荟名庭,上海,11,浦东,7,航头,149,上海浦东航头航圆路977弄,外郊环,46722,46722元/㎡,首付48万，月供11685元,90-136㎡,69611.5m²,158512.7m²,"[{""id"": 805472, ""rooms"": 3, ""room_alias"": ""三室"", ""area"": 90}, {""id"": 805473, ""rooms"": 3, ""room_alias"": ""三室"", ""area"": 100}, {""id"": 805474, ""rooms"": 4, ""room_alias"": ""四室"", ""area"": 136}]",3/4室,"3室户型,4室户型",2025-04-26,2025年04月26日,2025年4月26日,2026年6月30日,"[""2025-04-10"", ""2023-11-16"", ""2023-11-16""]",{高层},{高层},70年,1.5,35%,953,"毛坯,带装修",在建中，竣工时间：暂无数据,住宅,森兰联行（上海）企业发展有限公司,nan,nan,1300,1:1.3,在售,在售,在售,"[""浦东新区房管(2025)预字0000069号"", ""浦东新区房管(2023)预字0000390号"", ""浦东新区房管(2023)预字0000389号""]","[""21#、25#"", ""5#、4#、7#、22#、10#"", ""2#、1#""]",上海外高桥森航置业有限公司,外高桥集团,nan,民电,民水,31.045428,121.608505,"{""service_num"": ""4006708287"", ""num"": ""74285""}","{""56"": ""车位充足"", ""52"": ""低容积"", ""29"": ""装修交付"", ""9"": ""轨交房"", ""76"": ""厨卫全明"", ""74"": ""南北通透"", ""7"": ""项目在建"", ""15"": ""外郊环"", ""276"": ""一房一价"", ""72"": ""配套纯熟"", ""70"": ""银行"", ""69"": ""学校"", ""68"": ""医院"", ""66"": ""公园"", ""65"": ""商业街"", ""64"": ""购物中心"", ""78"": ""大户型"", ""402"": ""玄关入户"", ""401"": ""户型方正"", ""85"": ""主卧套房"", ""638"": ""民办中学"", ""637"": ""公办中学"", ""624"": ""九年一贯制"", ""604"": ""三级园"", ""603"": ""二级园"", ""602"": ""一级园"", ""598"": ""民办幼儿园"", ""597"": ""公办幼儿园"", ""593"": ""以旧换新"", ""591"": ""放松限购"", ""583"": ""23年十批次"", ""541"": ""3D沙盘"", ""540"": ""日照模拟"", ""421"": ""无需摇号"", ""263"": ""VR看房"", ""50"": ""品牌开发商""}","[""车位充足"", ""低容积"", ""装修交付"", ""轨交房"", ""厨卫全明""]",https://pic4.ajkimg.com/display/xinfang/43fc03c1b3f455a6bb087b78d97b3c9a/275x206n.jpg,"[{""id"": ""7242143"", ""loupan_id"": ""519241"", ""station_id"": ""10434"", ""subway_id"": ""1017"", ""city_id"": ""11"", ""distance"": ""929米"", ""status"": ""1"", ""last_update_time"": ""1774209759"", ""is_rail_loupan"": ""1"", ""subway_name"": ""18号线"", ""station_name"": ""航头"", ""distance_raw"": ""929""}]",浦东新区航圆路965号
533243,天誉原墅,上海,11,奉贤区,17,奉贤新城,25969,上海奉贤区奉贤新城运河路99弄,外郊环,51505,51505元/㎡,nan,125-225㎡,住宅：25690.6m²,住宅：60769.54m²,"[{""id"": 890817, ""rooms"": 3, ""room_alias"": ""三室"", ""area"": 125}, {""id"": 887315, ""rooms"": 4, ""room_alias"": ""四室"", ""area"": 139}, {""id"": 890869, ""rooms"": 4, ""room_alias"": ""四室"", ""area"": 205}, {""id"": 890870, ""rooms"": 4, ""room_alias"": ""四室"", ""area"": 207}, {""id"": 890871, ""rooms"": 5, ""room_alias"": ""五室"", ""area"": 225}]",3/4/5室、别墅,"3室户型,4室户型,5室户型,别墅户型",2026-03-29,2026年03月29日,2026年3月29日,nan,"[""2026-03-18""]",{高层},{高层},住宅：70年 别墅：70年,住宅：1.2 别墅：1.2,住宅：35%,nan,住宅：带装修,在建中，竣工时间：暂无数据,住宅,nan,nan,nan,住宅：386,nan,待售,待售,待售,"[""奉贤房管(2026)预字0000056号""]",[],上海荟樾房地产开发有限公司,"国贸地产,象屿地产",nan,住宅：民电 别墅：民电,住宅：民水 别墅：民水,30.929339,121.480319,"{""service_num"": ""4006708287"", ""num"": ""61977""}","{""52"": ""低容积"", ""29"": ""装修交付"", ""7"": ""项目在建"", ""15"": ""外郊环"", ""276"": ""一房一价"", ""72"": ""配套纯熟"", ""71"": ""便利店"", ""70"": ""银行"", ""69"": ""学校"", ""68"": ""医院"", ""67"": ""生态绿地"", ""66"": ""公园"", ""65"": ""商业街"", ""64"": ""购物中心"", ""78"": ""大户型"", ""92"": ""热搜盘"", ""91"": ""热评楼盘"", ""90"": ""人气楼盘"", ""637"": ""公办中学"", ""636"": ""公办小学"", ""624"": ""九年一贯制"", ""603"": ""二级园"", ""602"": ""一级园"", ""601"": ""示范园"", ""598"": ""民办幼儿园"", ""597"": ""公办幼儿园"", ""591"": ""放松限购"", ""541"": ""3D沙盘"", ""297"": ""认购中"", ""55"": ""小型社区"", ""50"": ""品牌开发商""}","[""低容积"", ""装修交付"", ""项目在建"", ""外郊环"", ""一房一价""]",https://pic4.ajkimg.com/display/xinfang/b5683f889791f29e28e2653c2fb93a77/275x206n.jpg,[],nan
533667,金茂·满誉,上海,11,宝山区,13,共康,126,上海宝山区共康南温藻路和长临路交叉口,中外环,nan,nan,nan,112-146㎡,住宅：55952m²,住宅：100713.6m²,"[{""id"": 890083, ""rooms"": 3, ""room_alias"": ""三室"", ""area"": 112}, {""id"": 890082, ""rooms"": 4, ""room_alias"": ""四室"", ""area"": 135}, {""id"": 890081, ""rooms"": 4, ""room_alias"": ""四室"", ""area"": 146}]",3/4室,"3室户型,4室户型",nan,nan,nan,nan,[],"{高层,花园洋房}","{高层,花园洋房}",住宅：70年 别墅：70年,住宅：1.8 别墅：1.8,住宅：35% 别墅：35%,住宅：762,nan,nan,住宅,nan,nan,nan,住宅：934,住宅：1:1.2,待售,待售,待售,[],[],上海瀚茂置业有限公司,中国金茂,nan,住宅：民电,住宅：民水,31.34364,121.438947,"{""service_num"": ""4006708287"", ""num"": ""69379""}","{""56"": ""车位充足"", ""52"": ""低容积"", ""9"": ""轨交房"", ""76"": ""厨卫全明"", ""74"": ""南北通透"", ""73"": ""卧室全朝南"", ""10"": ""多轨交"", ""13"": ""中外环"", ""72"": ""配套纯熟"", ""71"": ""便利店"", ""70"": ""银行"", ""69"": ""学校"", ""68"": ""医院"", ""67"": ""生态绿地"", ""66"": ""公园"", ""65"": ""商业街"", ""64"": ""购物中心"", ""78"": ""大户型"", ""402"": ""玄关入户"", ""401"": ""户型方正"", ""397"": ""动静分离"", ""85"": ""主卧套房"", ""92"": ""热搜盘"", ""90"": ""人气楼盘"", ""638"": ""民办中学"", ""637"": ""公办中学"", ""636"": ""公办小学"", ""635"": ""民办小学"", ""624"": ""九年一贯制"", ""604"": ""三级园"", ""603"": ""二级园"", ""602"": ""一级园"", ""601"": ""示范园"", ""598"": ""民办幼儿园"", ""597"": ""公办幼儿园"", ""263"": ""VR看房"", ""55"": ""小型社区"", ""50"": ""品牌开发商""}","[""车位充足"", ""低容积"", ""轨交房"", ""厨卫全明"", ""南北通透""]",https://pic4.ajkimg.com/display/xinfang/b0e06305f3c9437def90365a14083887/275x206n.jpg,"[{""id"": ""7332578"", ""loupan_id"": ""533667"", ""station_id"": ""3017"", ""subway_id"": ""59"", ""city_id"": ""11"", ""distance"": ""1010米"", ""status"": ""1"", ""last_update_time"": ""1774209759"", ""is_rail_loupan"": ""1"", ""subway_name"": ""1号线"", ""station_name"": ""呼兰路"", ""distance_raw"": ""1010""}, {""id"": ""7332582"", ""loupan_id"": ""533667"", ""station_id"": ""121382"", ""subway_id"": ""1017"", ""city_id"": ""11"", ""distance"": ""1074米"", ""status"": ""1"", ""last_update_time"": ""1774209760"", ""is_rail_loupan"": ""1"", ""subway_name"": ""18号线"", ""station_name"": ""呼兰路"", ""distance_raw"": ""1074""}, {""id"": ""7332581"", ""loupan_id"": ""533667"", ""station_id"": ""121380"", ""subway_id"": ""1017"", ""city_id"": ""11"", ""distance"": ""1375米"", ""status"": ""1"", ""last_update_time"": ""1774209760"", ""is_rail_loupan"": ""1"", ""subway_name"": ""18号线"", ""station_name"": ""大康路"", ""distance_raw"": ""1375""}, {""id"": ""7332577"", ""loupan_id"": ""533667"", ""station_id"": ""3018"", ""subway_id"": ""59"", ""city_id"": ""11"", ""distance"": ""1464米"", ""status"": ""1"", ""last_update_time"": ""1774209759"", ""is_rail_loupan"": ""1"", ""subway_name"": ""1号线"", ""station_name"": ""通河新村"", ""distance_raw"": ""1464""}]",南蕰藻路188弄金茂满誉AT.M艺术馆
526699,中建山水雅境,上海,11,宝山区,13,顾村,130,上海宝山区顾村友谊西路1699弄,外郊环,48508,48508元/㎡,首付53万，月供13495元,100-144㎡,52776.16m²,140687.76m²,"[{""id"": 850027, ""rooms"": 3, ""room_alias"": ""三室"", ""area"": 100}, {""id"": 850029, ""rooms"": 4, ""room_alias"": ""四室"", ""area"": 144}]",3/4室,"3室户型,4室户型",2026-03-31,2026年03月31日,2026年3月31日,nan,"[""2026-03-20"", ""2025-12-16"", ""2025-09-23"", ""2025-07-11"", ""2024-11-22""]","{小高层,花园洋房}","{小高层,花园洋房}",70年,1.8,35%,772,带装修,在建中，竣工时间：暂无数据,住宅,nan,nan,nan,981,nan,在售,在售,在售,"[""宝山房管(2026)预字0000070号"", ""宝山房管(2025)预字0000441号"", ""宝山房管(2025)预字0000304号"", ""宝山房管(2025)预字0000197号"", ""宝山房管(2024)预字第0000359号""]","[""8#、12#、17#"", ""5#、3#、10#、9#、11#"", ""13#、14#、16#"", ""4#、18#"", ""6#、2#、7#、1#""]",上海孚誉置业有限公司,中建地产,nan,民电,民水,31.37467,121.400822,"{""service_num"": ""4006708287"", ""num"": ""108757""}","{""52"": ""低容积"", ""29"": ""装修交付"", ""76"": ""厨卫全明"", ""74"": ""南北通透"", ""73"": ""卧室全朝南"", ""7"": ""项目在建"", ""15"": ""外郊环"", ""276"": ""一房一价"", ""72"": ""配套纯熟"", ""70"": ""银行"", ""69"": ""学校"", ""67"": ""生态绿地"", ""65"": ""商业街"", ""64"": ""购物中心"", ""78"": ""大户型"", ""402"": ""玄关入户"", ""401"": ""户型方正"", ""397"": ""动静分离"", ""85"": ""主卧套房"", ""92"": ""热搜盘"", ""91"": ""热评楼盘"", ""90"": ""人气楼盘"", ""637"": ""公办中学"", ""636"": ""公办小学"", ""624"": ""九年一贯制"", ""604"": ""三级园"", ""603"": ""二级园"", ""602"": ""一级园"", ""598"": ""民办幼儿园"", ""597"": ""公办幼儿园"", ""591"": ""放松限购"", ""541"": ""3D沙盘"", ""540"": ""日照模拟"", ""297"": ""认购中"", ""263"": ""VR看房"", ""50"": ""品牌开发商""}","[""低容积"", ""装修交付"", ""厨卫全明"", ""南北通透"", ""卧室全朝南""]",https://pic4.ajkimg.com/display/xinfang/c39e55b194519ed84f890dd231c766ae/275x206n.jpg,[],上海市宝山区潘泾路与友谊西路交叉口
533521,中海徐汇滨江云锦路项目,上海,11,徐汇区,5,龙华,45,上海徐汇区龙华云锦路和龙兰路交汇处,内中环,nan,nan,nan,nan,住宅：20044.45m²,住宅：57523.58m²,[],nan,nan,nan,nan,nan,nan,[],{花园洋房},{花园洋房},住宅：70年 别墅：70年,住宅：1.5 别墅：1.5,住宅：35%,住宅：88,nan,nan,住宅,nan,nan,nan,nan,nan,待售,待售,待售,[],[],上海申和臻悦房地产开发有限公司,中海地产,nan,住宅：民电 别墅：民电,住宅：民水 别墅：民水,31.173473,121.463605,"{""service_num"": ""4006708287"", ""num"": ""65902""}","{""52"": ""低容积"", ""12"": ""内中环"", ""9"": ""轨交房"", ""10"": ""多轨交"", ""72"": ""配套纯熟"", ""71"": ""便利店"", ""70"": ""银行"", ""69"": ""学校"", ""68"": ""医院"", ""67"": ""生态绿地"", ""66"": ""公园"", ""65"": ""商业街"", ""64"": ""购物中心"", ""92"": ""热搜盘"", ""90"": ""人气楼盘"", ""641"": ""寄宿制中学"", ""638"": ""民办中学"", ""637"": ""公办中学"", ""636"": ""公办小学"", ""635"": ""民办小学"", ""624"": ""九年一贯制"", ""603"": ""二级园"", ""602"": ""一级园"", ""601"": ""示范园"", ""600"": ""市级示范园"", ""598"": ""民办幼儿园"", ""597"": ""公办幼儿园"", ""55"": ""小型社区"", ""50"": ""品牌开发商""}","[""低容积"", ""内中环"", ""轨交房"", ""多轨交"", ""配套纯熟""]",https://pic4.ajkimg.com/display/xinfang/23fbcf22d98b644ee17b8d17aae1e75e/275x206n.jpg,"[{""id"": ""7331808"", ""loupan_id"": ""533521"", ""station_id"": ""2921"", ""subway_id"": ""55"", ""city_id"": ""11"", ""distance"": ""135米"", ""status"": ""1"", ""last_update_time"": ""1774209760"", ""is_rail_loupan"": ""1"", ""subway_name"": ""11号线"", ""station_name"": ""云锦路"", ""distance_raw"": ""135""}, {""id"": ""7331809"", ""loupan_id"": ""533521"", ""station_id"": ""2920"", ""subway_id"": ""55"", ""city_id"": ""11"", ""distance"": ""869米"", ""status"": ""1"", ""last_update_time"": ""1774209760"", ""is_rail_loupan"": ""1"", ""subway_name"": ""11号线"", ""station_name"": ""龙耀路"", ""distance_raw"": ""869""}, {""id"": ""7331810"", ""loupan_id"": ""533521"", ""station_id"": ""2922"", ""subway_id"": ""55"", ""city_id"": ""11"", ""distance"": ""1277米"", ""status"": ""1"", ""last_update_time"": ""1774209760"", ""is_rail_loupan"": ""1"", ""subway_name"": ""11号线"", ""station_name"": ""龙华"", ""distance_raw"": ""1277""}, {""id"": ""7331806"", ""loupan_id"": ""533521"", ""station_id"": ""2958"", ""subway_id"": ""56"", ""city_id"": ""11"", ""distance"": ""1339米"", ""status"": ""1"", ""last_update_time"": ""1774209760"", ""is_rail_loupan"": ""1"", ""subway_name"": ""12号线"", ""station_name"": ""龙华"", ""distance_raw"": ""1339""}]",nan
525381,越秀·苏河·和樾府,上海,11,普陀区,10,长征,103,上海普陀区长征光复西路3850弄,中外环,104282,104282元/㎡,首付170万，月供41079元,103-198㎡,nan,nan,"[{""id"": 841769, ""rooms"": 3, ""room_alias"": ""三室"", ""area"": 103}, {""id"": 841768, ""rooms"": 3, ""room_alias"": ""三室"", ""area"": 130}, {""id"": 841770, ""rooms"": 4, ""room_alias"": ""四室"", ""area"": 143}, {""id"": 841771, ""rooms"": 4, ""room_alias"": ""四室"", ""area"": 198}, {""id"": 841772, ""rooms"": 4, ""room_alias"": ""四室"", ""area"": 198}]",3/4室,"3室户型,4室户型",2025-02-26,2025年02月26日,2025年2月26日,nan,"[""2025-02-10"", ""2024-12-09"", ""2024-11-08"", ""2024-07-30""]",{},{},nan,nan,nan,nan,nan,在建中，竣工时间：暂无数据,住宅,nan,nan,nan,nan,nan,尾盘,尾盘,尾盘,"[""普陀房管(2025)预字0000014号"", ""普陀房管（2024）预字0000379号"", ""普陀房管(2024)预字0000333号"", ""普陀房管(2024)预字0000213号""]","[""2#、9#、3#"", ""7#、8#"", ""12#、5#"", ""1#、6#""]",上海樾富房地产开发有限公司,越秀地产,nan,民电,民水,31.231025,121.376421,"{""service_num"": ""4006708287"", ""num"": ""106215""}","{""76"": ""厨卫全明"", ""74"": ""南北通透"", ""73"": ""卧室全朝南"", ""7"": ""项目在建"", ""13"": ""中外环"", ""276"": ""一房一价"", ""72"": ""配套纯熟"", ""71"": ""便利店"", ""70"": ""银行"", ""69"": ""学校"", ""68"": ""医院"", ""67"": ""生态绿地"", ""66"": ""公园"", ""65"": ""商业街"", ""64"": ""购物中心"", ""78"": ""大户型"", ""402"": ""玄关入户"", ""401"": ""户型方正"", ""397"": ""动静分离"", ""85"": ""主卧套房"", ""637"": ""公办中学"", ""636"": ""公办小学"", ""635"": ""民办小学"", ""624"": ""九年一贯制"", ""603"": ""二级园"", ""602"": ""一级园"", ""601"": ""示范园"", ""598"": ""民办幼儿园"", ""597"": ""公办幼儿园"", ""263"": ""VR看房"", ""50"": ""品牌开发商""}","[""厨卫全明"", ""南北通透"", ""卧室全朝南"", ""项目在建"", ""中外环""]",https://pic4.ajkimg.com/display/xinfang/3d49cb5148f5e2356fddcf89d6521d83/275x206n.jpg,[],普陀区真光路与光复西路交叉口西北约100米
531790,聚丰雅居,上海,11,宝山区,13,上大,125,上海宝山区上大祁连山路2605号,中外环,63519,63519元/㎡,首付96万，月供24238元,104-148㎡,8330.2m²,21723.03m²,"[{""id"": 878518, ""rooms"": 3, ""room_alias"": ""三室"", ""area"": 104.28}, {""id"": 875458, ""rooms"": 3, ""room_alias"": ""三室"", ""area"": 104.3}, {""id"": 875456, ""rooms"": 3, ""room_alias"": ""三室"", ""area"": 106.14}, {""id"": 875459, ""rooms"": 3, ""room_alias"": ""三室"", ""area"": 115.14}, {""id"": 878522, ""rooms"": 3, ""room_alias"": ""三室"", ""area"": 115.33}, {""id"": 875457, ""rooms"": 3, ""room_alias"": ""三室"", ""area"": 115.36}, {""id"": 878530, ""rooms"": 3, ""room_alias"": ""三室"", ""area"": 119.21}, {""id"": 878531, ""rooms"": 3, ""room_alias"": ""三室"", ""area"": 120}, {""id"": 878528, ""rooms"": 3, ""room_alias"": ""三室"", ""area"": 129.13}, {""id"": 878532, ""rooms"": 3, ""room_alias"": ""三室"", ""area"": 130}, {""id"": 875460, ""rooms"": 3, ""room_alias"": ""三室"", ""area"": 131.73}, {""id"": 878529, ""rooms"": 3, ""room_alias"": ""三室"", ""area"": 133.57}, {""id"": 875461, ""rooms"": 4, ""room_alias"": ""四室"", ""area"": 148.44}]",3/4室,"3室户型,4室户型",2025-09-23,2025年09月23日,2025年9月23日,2026年12月,"[""2025-09-10""]","{多层,高层}","{多层,高层}",70年,1.88,35%,113,nan,在建中，竣工时间：暂无数据,住宅,nan,nan,nan,nan,nan,在售,在售,在售,"[""宝山房管(2025)预字第0000268号""]","[""2#、1#""]",上海祁连房地产开发总公司,nan,nan,民电,民水,31.319426,121.388563,"{""service_num"": ""4006708287"", ""num"": ""49493""}","{""52"": ""低容积"", ""9"": ""轨交房"", ""76"": ""厨卫全明"", ""74"": ""南北通透"", ""73"": ""卧室全朝南"", ""7"": ""项目在建"", ""10"": ""多轨交"", ""13"": ""中外环"", ""276"": ""一房一价"", ""72"": ""配套纯熟"", ""71"": ""便利店"", ""70"": ""银行"", ""69"": ""学校"", ""68"": ""医院"", ""67"": ""生态绿地"", ""66"": ""公园"", ""64"": ""购物中心"", ""78"": ""大户型"", ""401"": ""户型方正"", ""397"": ""动静分离"", ""85"": ""主卧套房"", ""637"": ""公办中学"", ""636"": ""公办小学"", ""635"": ""民办小学"", ""624"": ""九年一贯制"", ""604"": ""三级园"", ""603"": ""二级园"", ""602"": ""一级园"", ""601"": ""示范园"", ""598"": ""民办幼儿园"", ""597"": ""公办幼儿园"", ""541"": ""3D沙盘"", ""540"": ""日照模拟"", ""263"": ""VR看房"", ""55"": ""小型社区""}","[""低容积"", ""轨交房"", ""厨卫全明"", ""南北通透"", ""卧室全朝南""]",https://pic4.ajkimg.com/display/xinfang/4567a19782eeb985bf62c5e132109b6e/275x206n.jpg,"[{""id"": ""7319545"", ""loupan_id"": ""531790"", ""station_id"": ""10371"", ""subway_id"": ""1018"", ""city_id"": ""11"", ""distance"": ""690米"", ""status"": ""1"", ""last_update_time"": ""1774209761"", ""is_rail_loupan"": ""1"", ""subway_name"": ""15号线"", ""station_name"": ""丰翔路"", ""distance_raw"": ""690""}, {""id"": ""7319544"", ""loupan_id"": ""531790"", ""station_id"": ""10388"", ""subway_id"": ""1018"", ""city_id"": ""11"", ""distance"": ""725米"", ""status"": ""1"", ""last_update_time"": ""1774209760"", ""is_rail_loupan"": ""1"", ""subway_name"": ""15号线"", ""station_name"": ""锦秋路"", ""distance_raw"": ""725""}, {""id"": ""7319542"", ""loupan_id"": ""531790"", ""station_id"": ""3191"", ""subway_id"": ""65"", ""city_id"": ""11"", ""distance"": ""1307米"", ""status"": ""1"", ""last_update_time"": ""1774209760"", ""is_rail_loupan"": ""1"", ""subway_name"": ""7号线"", ""station_name"": ""上海大学"", ""distance_raw"": ""1307""}]",上海市宝山区祁连山路2605号
478703,北外滩虹口源·717,上海,11,虹口区,8,四川北路,81,上海虹口区四川北路庆阳路139弄,内环内,138000,138000元/㎡,首付233万，月供56047元,101-356㎡,39000m²,280000m²,"[{""id"": 838951, ""rooms"": 2, ""room_alias"": ""二室"", ""area"": 101}, {""id"": 868580, ""rooms"": 3, ""room_alias"": ""三室"", ""area"": 140}, {""id"": 868582, ""rooms"": 3, ""room_alias"": ""三室"", ""area"": 140}, {""id"": 838950, ""rooms"": 3, ""room_alias"": ""三室"", ""area"": 143}, {""id"": 838949, ""rooms"": 4, ""room_alias"": ""四室"", ""area"": 173}, {""id"": 838948, ""rooms"": 4, ""room_alias"": ""四室"", ""area"": 356}]",2/3/4室,"2室户型,3室户型,4室户型",2025-05-18,2025年05月18日,2025年5月18日,2026年12月,"[""2025-05-06"", ""2024-06-03""]",{高层},{高层},70年,4.49,35%,563,带装修,在建中，竣工时间：暂无数据,住宅,上海宏创聚悦物业服务有限公司,nan,nan,nan,nan,在售,在售,在售,"[""虹口房管（2025）预字0000113号"", ""虹口房管(2024)预字0000133号""]","[""5#"", ""6#、3#、2#、1#""]",上海聚博房地产开发有限公司,祥生地产,祥生地产集团有限公司,民电,民水,31.266448,121.497389,"""""","{""29"": ""装修交付"", ""11"": ""内环内"", ""9"": ""轨交房"", ""76"": ""厨卫全明"", ""74"": ""南北通透"", ""73"": ""卧室全朝南"", ""7"": ""项目在建"", ""10"": ""多轨交"", ""276"": ""一房一价"", ""78"": ""大户型"", ""404"": ""客餐厅相连"", ""403"": ""私密性好"", ""402"": ""玄关入户"", ""401"": ""户型方正"", ""85"": ""主卧套房"", ""92"": ""热搜盘"", ""91"": ""热评楼盘"", ""90"": ""人气楼盘"", ""717"": ""24年六批次"", ""638"": ""民办中学"", ""637"": ""公办中学"", ""636"": ""公办小学"", ""635"": ""民办小学"", ""624"": ""九年一贯制"", ""603"": ""二级园"", ""602"": ""一级园"", ""601"": ""示范园"", ""598"": ""民办幼儿园"", ""597"": ""公办幼儿园"", ""541"": ""3D沙盘"", ""263"": ""VR看房""}","[""装修交付"", ""内环内"", ""轨交房"", ""厨卫全明"", ""南北通透""]",https://pic4.ajkimg.com/display/xinfang/4e322f8705f7841655847d3fbcbecf76/275x206n.jpg,"[{""id"": ""7259390"", ""loupan_id"": ""478703"", ""station_id"": ""121774"", ""subway_id"": ""12074"", ""city_id"": ""11"", ""distance"": ""235米"", ""status"": ""1"", ""last_update_time"": ""1774209760"", ""is_rail_loupan"": ""1"", ""subway_name"": ""19号线"", ""station_name"": ""海伦路"", ""distance_raw"": ""235""}, {""id"": ""7187105"", ""loupan_id"": ""478703"", ""station_id"": ""2889"", ""subway_id"": ""54"", ""city_id"": ""11"", ""distance"": ""340米"", ""status"": ""1"", ""last_update_time"": ""1774209759"", ""is_rail_loupan"": ""1"", ""subway_name"": ""10号线"", ""station_name"": ""海伦路"", ""distance_raw"": ""340""}, {""id"": ""7187104"", ""loupan_id"": ""478703"", ""station_id"": ""3115"", ""subway_id"": ""62"", ""city_id"": ""11"", ""distance"": ""440米"", ""status"": ""1"", ""last_update_time"": ""1774209760"", ""is_rail_loupan"": ""1"", ""subway_name"": ""4号线"", ""station_name"": ""海伦路"", ""distance_raw"": ""440""}, {""id"": ""7259408"", ""loupan_id"": ""478703"", ""station_id"": ""121784"", ""subway_id"": ""12074"", ""city_id"": ""11"", ""distance"": ""967米"", ""status"": ""1"", ""last_update_time"": ""1774209761"", ""is_rail_loupan"": ""1"", ""subway_name"": ""19号线"", ""station_name"": ""甜爱路"", ""distance_raw"": ""967""}, {""id"": ""7187102"", ""loupan_id"": ""478703"", ""station_id"": ""2888"", ""subway_id"": ""54"", ""city_id"": ""11"", ""distance"": ""1275米"", ""status"": ""1"", ""last_update_time"": ""1774209759"", ""is_rail_loupan"": ""1"", ""subway_name"": ""10号线"", ""station_name"": ""邮电新村"", ""distance_raw"": ""1275""}, {""id"": ""7187107"", ""loupan_id"": ""478703"", ""station_id"": ""2890"", ""subway_id"": ""54"", ""city_id"": ""11"", ""distance"": ""1317米"", ""status"": ""1"", ""last_update_time"": ""1774209759"", ""is_rail_loupan"": ""1"", ""subway_name"": ""10号线"", ""station_name"": ""四川北路"", ""distance_raw"": ""1317""}, {""id"": ""7187103"", ""loupan_id"": ""478703"", ""station_id"": ""3085"", ""subway_id"": ""61"", ""city_id"": ""11"", ""distance"": ""1487米"", ""status"": ""1"", ""last_update_time"": ""1774209761"", ""is_rail_loupan"": ""1"", ""subway_name"": ""3号线"", ""station_name"": ""东宝兴路"", ""distance_raw"": ""1487""}]",上海市虹口区庆阳路79号
532440,中铁·云绣外滩,上海,11,杨浦区,9,东外滩,87,上海杨浦区东外滩杨树浦路与三星南路交叉口,内中环,nan,nan,nan,nan,13584.83m²,19019.75m²,[],nan,nan,2026-06-16,2026年上半年,2026年上半年,nan,[],{},{},70年,1.4,nan,nan,nan,在建中，竣工时间：暂无数据,别墅,nan,nan,nan,nan,nan,待售,待售,待售,[],[],中铁置业集团上海投资发展有限公司,中国中铁,nan,民电,民水,31.26921,121.551635,"{""service_num"": ""4006708287"", ""num"": ""54347""}","{""12"": ""内中环"", ""7"": ""项目在建"", ""72"": ""配套纯熟"", ""71"": ""便利店"", ""70"": ""银行"", ""69"": ""学校"", ""68"": ""医院"", ""67"": ""生态绿地"", ""66"": ""公园"", ""65"": ""商业街"", ""64"": ""购物中心"", ""637"": ""公办中学"", ""636"": ""公办小学"", ""635"": ""民办小学"", ""603"": ""二级园"", ""602"": ""一级园"", ""601"": ""示范园"", ""598"": ""民办幼儿园"", ""597"": ""公办幼儿园"", ""541"": ""3D沙盘"", ""55"": ""小型社区"", ""50"": ""品牌开发商""}","[""内中环"", ""项目在建"", ""配套纯熟"", ""便利店"", ""银行""]",https://pic4.ajkimg.com/display/xinfang/9587da983a58174b007bccf6eda729ad/275x206n.jpg,[],nan
520603,未来港·元启,上海,11,浦东,7,临港新城,150,上海浦东临港新城香柏路2666弄、香柏路2888弄,郊环外,30046,30046元/㎡,首付25万，月供6408元,68-310㎡,138803m²,117250.13m²,"[{""id"": 866533, ""rooms"": 2, ""room_alias"": ""二室"", ""area"": 68}, {""id"": 820098, ""rooms"": 2, ""room_alias"": ""二室"", ""area"": 71}, {""id"": 866534, ""rooms"": 3, ""room_alias"": ""三室"", ""area"": 99}, {""id"": 866536, ""rooms"": 3, ""room_alias"": ""三室"", ""area"": 99}, {""id"": 820099, ""rooms"": 3, ""room_alias"": ""三室"", ""area"": 100}, {""id"": 820100, ""rooms"": 3, ""room_alias"": ""三室"", ""area"": 100}, {""id"": 866539, ""rooms"": 3, ""room_alias"": ""三室"", ""area"": 130}, {""id"": 865419, ""rooms"": 4, ""room_alias"": ""四室"", ""area"": 151}, {""id"": 866540, ""rooms"": 4, ""room_alias"": ""四室"", ""area"": 202}, {""id"": 866541, ""rooms"": 4, ""room_alias"": ""四室"", ""area"": 231}, {""id"": 865420, ""rooms"": 5, ""room_alias"": ""五室"", ""area"": 310}]",2/3/4/5室,"2室户型,3室户型,4室户型,5室户型",2025-04-22,2025年04月22日,2025年4月22日,nan,"[""2025-04-08"", ""2023-11-28""]",{高层},{高层},70年,3,35%,1278,带装修,在建中，竣工时间：暂无数据,住宅,上海古北物业（集团）有限公司,4.1元/㎡/月,nan,1570,nan,在售,在售,在售,"[""自贸临管房管〔2025〕预字0000065号"", ""自贸临管房管 (2023) 预字0000409号""]","[""瑆尚园1#、瑆尚园3#、瑆尚园2#"", ""B2#、B1#""]",上海云瑆经济发展有限公司,临港集团,nan,民电,民水,30.940495,121.949521,"{""service_num"": ""4006708287"", ""num"": ""89264""}","{""29"": ""装修交付"", ""76"": ""厨卫全明"", ""74"": ""南北通透"", ""73"": ""卧室全朝南"", ""7"": ""项目在建"", ""16"": ""郊环外"", ""276"": ""一房一价"", ""5"": ""低单价"", ""69"": ""学校"", ""79"": ""小户型"", ""78"": ""大户型"", ""402"": ""玄关入户"", ""401"": ""户型方正"", ""397"": ""动静分离"", ""85"": ""主卧套房"", ""636"": ""公办小学"", ""597"": ""公办幼儿园"", ""593"": ""以旧换新"", ""591"": ""放松限购"", ""588"": ""23年十一批次"", ""541"": ""3D沙盘"", ""540"": ""日照模拟"", ""421"": ""无需摇号"", ""263"": ""VR看房""}","[""装修交付"", ""厨卫全明"", ""南北通透"", ""卧室全朝南"", ""项目在建""]",https://pic4.ajkimg.com/display/xinfang/d3cd5d38ee8f8fad6e8a5762ed973ed6/275x206n.jpg,[],香柏路与荷萃路交汇处
521531,绿城·沁蘭园,上海,11,闵行区,11,梅陇,109,上海闵行区梅陇华展路268弄,中外环,75130,75130元/㎡,首付89万，月供21459元,100-200㎡,51600m²,129000m²,"[{""id"": 820943, ""rooms"": 3, ""room_alias"": ""三室"", ""area"": 100}, {""id"": 825998, ""rooms"": 3, ""room_alias"": ""三室"", ""area"": 100}, {""id"": 825999, ""rooms"": 3, ""room_alias"": ""三室"", ""area"": 100}, {""id"": 835461, ""rooms"": 3, ""room_alias"": ""三室"", ""area"": 100}, {""id"": 835462, ""rooms"": 3, ""room_alias"": ""三室"", ""area"": 100}, {""id"": 852177, ""rooms"": 3, ""room_alias"": ""三室"", ""area"": 100}, {""id"": 852178, ""rooms"": 3, ""room_alias"": ""三室"", ""area"": 100}, {""id"": 852181, ""rooms"": 3, ""room_alias"": ""三室"", ""area"": 100}, {""id"": 852184, ""rooms"": 3, ""room_alias"": ""三室"", ""area"": 100}, {""id"": 820944, ""rooms"": 3, ""room_alias"": ""三室"", ""area"": 130}, {""id"": 826000, ""rooms"": 4, ""room_alias"": ""四室"", ""area"": 135}, {""id"": 820945, ""rooms"": 4, ""room_alias"": ""四室"", ""area"": 177}, {""id"": 827174, ""rooms"": 4, ""room_alias"": ""四室"", ""area"": 200}]",3/4室,"3室户型,4室户型",2024-03-23,2024年03月23日,2024年3月23日,2026年2月,"[""2024-03-05"", ""2023-12-12"", ""2023-11-21""]",{},{},70年,2.5,35%,1172,"毛坯,带装修",在建中，竣工时间：暂无数据,住宅,nan,nan,nan,nan,01:01.2,售罄,售罄,售罄,"[""闵行房管（2024）预字0000036号"", ""闵行房管（2023）预字0000435号"", ""闵行房管（2023）预字0000394号""]","[""11#、10#、13#、15#"", ""12#、14#、1#、6#"", ""5#、4#、8#、7#、9#、3#""]",绿城房地产集团有限公司,绿城集团,上海绿宸置业有限公司,民电,民水,31.11914,121.449037,"""""","{""56"": ""车位充足"", ""29"": ""装修交付"", ""9"": ""轨交房"", ""76"": ""厨卫全明"", ""74"": ""南北通透"", ""7"": ""项目在建"", ""10"": ""多轨交"", ""13"": ""中外环"", ""276"": ""一房一价"", ""72"": ""配套纯熟"", ""70"": ""银行"", ""69"": ""学校"", ""68"": ""医院"", ""67"": ""生态绿地"", ""66"": ""公园"", ""65"": ""商业街"", ""64"": ""购物中心"", ""78"": ""大户型"", ""402"": ""玄关入户"", ""401"": ""户型方正"", ""397"": ""动静分离"", ""85"": ""主卧套房"", ""638"": ""民办中学"", ""637"": ""公办中学"", ""636"": ""公办小学"", ""635"": ""民办小学"", ""629"": ""24年二批次"", ""624"": ""九年一贯制"", ""603"": ""二级园"", ""602"": ""一级园"", ""598"": ""民办幼儿园"", ""597"": ""公办幼儿园"", ""589"": ""23年十二批次"", ""588"": ""23年十一批次"", ""541"": ""3D沙盘"", ""540"": ""日照模拟"", ""263"": ""VR看房"", ""50"": ""品牌开发商""}","[""车位充足"", ""装修交付"", ""轨交房"", ""厨卫全明"", ""南北通透""]",https://pic4.ajkimg.com/display/xinfang/2a56e051d374ff684db381796fb69ee5/275x206n.jpg,"[{""id"": ""7254906"", ""loupan_id"": ""521531"", ""station_id"": ""10400"", ""subway_id"": ""1018"", ""city_id"": ""11"", ""distance"": ""228米"", ""status"": ""1"", ""last_update_time"": ""1774209759"", ""is_rail_loupan"": ""1"", ""subway_name"": ""15号线"", ""station_name"": ""景洪路"", ""distance_raw"": ""228""}, {""id"": ""7259833"", ""loupan_id"": ""521531"", ""station_id"": ""121777"", ""subway_id"": ""12074"", ""city_id"": ""11"", ""distance"": ""368米"", ""status"": ""1"", ""last_update_time"": ""1774209760"", ""is_rail_loupan"": ""1"", ""subway_name"": ""19号线"", ""station_name"": ""华泾西"", ""distance_raw"": ""368""}, {""id"": ""7259144"", ""loupan_id"": ""521531"", ""station_id"": ""121476"", ""subway_id"": ""12080"", ""city_id"": ""11"", ""distance"": ""708米"", ""status"": ""1"", ""last_update_time"": ""1774209759"", ""is_rail_loupan"": ""1"", ""subway_name"": ""机场联络线"", ""station_name"": ""景洪路站"", ""distance_raw"": ""708""}, {""id"": ""7258662"", ""loupan_id"": ""521531"", ""station_id"": ""10391"", ""subway_id"": ""1018"", ""city_id"": ""11"", ""distance"": ""1498米"", ""status"": ""1"", ""last_update_time"": ""1774209759"", ""is_rail_loupan"": ""1"", ""subway_name"": ""15号线"", ""station_name"": ""朱梅路"", ""distance_raw"": ""1498""}]",华济路与平驰路交汇处
519557,海玥黄浦源,上海,11,黄浦区,4,南京东路,33,上海黄浦区南京东路新闸路456弄,内环内,145600,145600元/㎡,首付151万，月供36463元,93-577㎡,nan,住宅：182000m² 别墅：182000m²,"[{""id"": 805865, ""rooms"": 1, ""room_alias"": ""一室"", ""area"": 93}, {""id"": 805864, ""rooms"": 1, ""room_alias"": ""一室"", ""area"": 94}, {""id"": 805866, ""rooms"": 3, ""room_alias"": ""三室"", ""area"": 186}, {""id"": 845646, ""rooms"": 3, ""room_alias"": ""三室"", ""area"": 190}, {""id"": 805867, ""rooms"": 3, ""room_alias"": ""三室"", ""area"": 196}, {""id"": 805868, ""rooms"": 3, ""room_alias"": ""三室"", ""area"": 217}, {""id"": 805869, ""rooms"": 3, ""room_alias"": ""三室"", ""area"": 233}, {""id"": 845647, ""rooms"": 3, ""room_alias"": ""三室"", ""area"": 237}, {""id"": 805870, ""rooms"": 4, ""room_alias"": ""四室"", ""area"": 275}, {""id"": 845648, ""rooms"": 4, ""room_alias"": ""四室"", ""area"": 275}, {""id"": 845649, ""rooms"": 4, ""room_alias"": ""四室"", ""area"": 280}, {""id"": 805871, ""rooms"": 4, ""room_alias"": ""四室"", ""area"": 281}, {""id"": 845650, ""rooms"": 4, ""room_alias"": ""四室"", ""area"": 281}, {""id"": 846409, ""rooms"": 4, ""room_alias"": ""四室"", ""area"": 330}, {""id"": 805873, ""rooms"": 4, ""room_alias"": ""四室"", ""area"": 408}, {""id"": 845654, ""rooms"": 5, ""room_alias"": ""五室"", ""area"": 301}, {""id"": 805872, ""rooms"": 5, ""room_alias"": ""五室"", ""area"": 389}, {""id"": 805874, ""rooms"": 6, ""room_alias"": ""六室"", ""area"": 577}]",1/3/4/5/6室、别墅,"1室户型,3室户型,4室户型,5室户型,6室户型,别墅户型",2025-04-26,2025年04月26日,2025年4月26日,2026年12月31日,"[""2025-04-15"", ""2025-05-22"", ""2025-04-15"", ""2024-09-02"", ""2024-09-02"", ""2024-07-23"", ""2023-09-04""]",{},{},住宅：70年 别墅：70年,nan,住宅：35% 别墅：35%,住宅：558 别墅：558,住宅：带装修 别墅：带装修,在建中，竣工时间：暂无数据,住宅,第一太平戴维斯物业顾问（上海）有限公司,住宅：14元/㎡/月,nan,住宅：824 别墅：824,nan,在售,在售,在售,"[""黄浦房管（2025）预字0000075号"", ""黄浦房管(2025)预字0000138号"", ""黄浦房管（2025）预字0000074号"", ""黄浦房管（2024）预字0000244号"", ""黄浦房管（2024）预字0000243号"", ""黄浦房管 (2024) 预字0000203号"", ""黄浦房管 (2023) 预字0000274号""]","[""23#、14#"", ""12幢、13幢""]",上海建工九龙房产有限公司,上海建工,nan,住宅：民电,住宅：民水,31.244897,121.471862,"""""","{""29"": ""装修交付"", ""11"": ""内环内"", ""9"": ""轨交房"", ""76"": ""厨卫全明"", ""74"": ""南北通透"", ""73"": ""卧室全朝南"", ""7"": ""项目在建"", ""10"": ""多轨交"", ""276"": ""一房一价"", ""72"": ""配套纯熟"", ""71"": ""便利店"", ""70"": ""银行"", ""69"": ""学校"", ""68"": ""医院"", ""67"": ""生态绿地"", ""66"": ""公园"", ""65"": ""商业街"", ""64"": ""购物中心"", ""78"": ""大户型"", ""402"": ""玄关入户"", ""401"": ""户型方正"", ""397"": ""动静分离"", ""85"": ""主卧套房"", ""83"": ""双阳台"", ""92"": ""热搜盘"", ""91"": ""热评楼盘"", ""90"": ""人气楼盘"", ""638"": ""民办中学"", ""637"": ""公办中学"", ""636"": ""公办小学"", ""635"": ""民办小学"", ""624"": ""九年一贯制"", ""603"": ""二级园"", ""602"": ""一级园"", ""601"": ""示范园"", ""598"": ""民办幼儿园"", ""597"": ""公办幼儿园"", ""580"": ""23年八批次"", ""541"": ""3D沙盘"", ""540"": ""日照模拟"", ""263"": ""VR看房""}","[""装修交付"", ""内环内"", ""轨交房"", ""厨卫全明"", ""南北通透""]",https://pic4.ajkimg.com/display/xinfang/8ccef607e063cdc0cbf62809cde92f5a/275x206n.jpg,"[{""id"": ""7244276"", ""loupan_id"": ""519557"", ""station_id"": ""3027"", ""subway_id"": ""59"", ""city_id"": ""11"", ""distance"": ""301米"", ""status"": ""1"", ""last_update_time"": ""1774209758"", ""is_rail_loupan"": ""1"", ""subway_name"": ""1号线"", ""station_name"": ""新闸路"", ""distance_raw"": ""301""}, {""id"": ""7244296"", ""loupan_id"": ""519557"", ""station_id"": ""2993"", ""subway_id"": ""57"", ""city_id"": ""11"", ""distance"": ""556米"", ""status"": ""1"", ""last_update_time"": ""1774209759"", ""is_rail_loupan"": ""1"", ""subway_name"": ""13号线"", ""station_name"": ""自然博物馆"", ""distance_raw"": ""556""}, {""id"": ""7244305"", ""loupan_id"": ""519557"", ""station_id"": ""3214"", ""subway_id"": ""66"", ""city_id"": ""11"", ""distance"": ""879米"", ""status"": ""1"", ""last_update_time"": ""1774209760"", ""is_rail_loupan"": ""1"", ""subway_name"": ""8号线"", ""station_name"": ""曲阜路"", ""distance_raw"": ""879""}, {""id"": ""7244291"", ""loupan_id"": ""519557"", ""station_id"": ""2965"", ""subway_id"": ""56"", ""city_id"": ""11"", ""distance"": ""880米"", ""status"": ""1"", ""last_update_time"": ""1774209759"", ""is_rail_loupan"": ""1"", ""subway_name"": ""12号线"", ""station_name"": ""曲阜路"", ""distance_raw"": ""880""}, {""id"": ""7244294"", ""loupan_id"": ""519557"", ""station_id"": ""2964"", ""subway_id"": ""56"", ""city_id"": ""11"", ""distance"": ""1147米"", ""status"": ""1"", ""last_update_time"": ""1774209759"", ""is_rail_loupan"": ""1"", ""subway_name"": ""12号线"", ""station_name"": ""汉中路"", ""distance_raw"": ""1147""}, {""id"": ""7244297"", ""loupan_id"": ""519557"", ""station_id"": ""2992"", ""subway_id"": ""57"", ""city_id"": ""11"", ""distance"": ""1147米"", ""status"": ""1"", ""last_update_time"": ""1774209759"", ""is_rail_loupan"": ""1"", ""subway_name"": ""13号线"", ""station_name"": ""汉中路"", ""distance_raw"": ""1147""}, {""id"": ""7244273"", ""loupan_id"": ""519557"", ""station_id"": ""3026"", ""subway_id"": ""59"", ""city_id"": ""11"", ""distance"": ""1200米"", ""status"": ""1"", ""last_update_time"": ""1774209758"", ""is_rail_loupan"": ""1"", ""subway_name"": ""1号线"", ""station_name"": ""汉中路"", ""distance_raw"": ""1200""}, {""id"": ""7244277"", ""loupan_id"": ""519557"", ""station_id"": ""3059"", ""subway_id"": ""60"", ""city_id"": ""11"", ""distance"": ""1217米"", ""status"": ""1"", ""last_update_time"": ""1774209758"", ""is_rail_loupan"": ""1"", ""subway_name"": ""2号线"", ""station_name"": ""人民广场"", ""distance_raw"": ""1217""}, {""id"": ""7244275"", ""loupan_id"": ""519557"", ""station_id"": ""3028"", ""subway_id"": ""59"", ""city_id"": ""11"", ""distance"": ""1372米"", ""status"": ""1"", ""last_update_time"": ""1774209758"", ""is_rail_loupan"": ""1"", ""subway_name"": ""1号线"", ""station_name"": ""人民广场"", ""distance_raw"": ""1372""}, {""id"": ""7244304"", ""loupan_id"": ""519557"", ""station_id"": ""3213"", ""subway_id"": ""66"", ""city_id"": ""11"", ""distance"": ""1383米"", ""status"": ""1"", ""last_update_time"": ""1774209760"", ""is_rail_loupan"": ""1"", ""subway_name"": ""8号线"", ""station_name"": ""人民广场"", ""distance_raw"": ""1383""}]",黄浦区南京西路388号仙乐斯广场20层
521371,大华星曜,上海,11,闵行区,11,浦江,114,上海闵行区浦江永跃路28弄、跃进河路169弄,外郊环,42877,42877元/㎡,首付38万，月供9341元,89-135㎡,95129.6m²,193587.33m²,"[{""id"": 819582, ""rooms"": 3, ""room_alias"": ""三室"", ""area"": 89}, {""id"": 819583, ""rooms"": 3, ""room_alias"": ""三室"", ""area"": 99}, {""id"": 819584, ""rooms"": 4, ""room_alias"": ""四室"", ""area"": 120}, {""id"": 819585, ""rooms"": 4, ""room_alias"": ""四室"", ""area"": 135}]",3/4室,"3室户型,4室户型",2024-11-21,2024年11月21日,2024年11月21日,2026年3月,"[""2024-11-11"", ""2024-10-15"", ""2024-09-10"", ""2024-08-09"", ""2024-06-27"", ""2024-03-15"", ""2024-01-09"", ""2023-11-29""]",{高层},{高层},70年,2,35%,858,带装修,在建中，竣工时间：暂无数据,住宅,大华集团上海物业管理有限公司,4.09元/㎡/月,nan,1197,1:1.3,在售,在售,在售,"[""闵行房管(2024)预字0000335号"", ""闵行房管(2024)预字0000298号"", ""闵行房管（2024）预字0000248号"", ""闵行房管（2024）预字0000218号"", ""闵行房管(2024)预字0000169号"", ""闵行房管(2024)预字0000055号"", ""闵行房管(2024)预字0000004号"", ""闵行房管(2023)预字0000413号""]","[""W-8#、W-13#、W-1#"", ""W-10#、W-12#、W-4#"", ""W-14#、W-3#"", ""W-9#、W-2#"", ""W-7#、W-5#、W-6#、W-11#"", ""6#、11#、10#"", ""13#、15#、9#、12#、3#、8#"", ""5#、16#、1#、7#、4#、2#""]",上海鲲华房地产开发有限公司,大华集团,nan,民电,民水,31.027370628227,121.5177704795,"""""","{""56"": ""车位充足"", ""29"": ""装修交付"", ""76"": ""厨卫全明"", ""74"": ""南北通透"", ""7"": ""项目在建"", ""15"": ""外郊环"", ""276"": ""一房一价"", ""5"": ""低单价"", ""72"": ""配套纯熟"", ""70"": ""银行"", ""69"": ""学校"", ""66"": ""公园"", ""65"": ""商业街"", ""64"": ""购物中心"", ""78"": ""大户型"", ""402"": ""玄关入户"", ""401"": ""户型方正"", ""397"": ""动静分离"", ""85"": ""主卧套房"", ""92"": ""热搜盘"", ""91"": ""热评楼盘"", ""90"": ""人气楼盘"", ""717"": ""24年六批次"", ""638"": ""民办中学"", ""637"": ""公办中学"", ""636"": ""公办小学"", ""634"": ""24年三批次"", ""603"": ""二级园"", ""602"": ""一级园"", ""598"": ""民办幼儿园"", ""597"": ""公办幼儿园"", ""591"": ""放松限购"", ""588"": ""23年十一批次"", ""541"": ""3D沙盘"", ""540"": ""日照模拟"", ""421"": ""无需摇号"", ""263"": ""VR看房"", ""50"": ""品牌开发商""}","[""车位充足"", ""装修交付"", ""厨卫全明"", ""南北通透"", ""项目在建""]",https://pic4.ajkimg.com/display/xinfang/017cc7efbf5f53d1a92e322ce73053b7/275x206n.jpg,[],闵行区浦星公路与闸航公路交叉口
530165,招商·林屿湖畔,上海,11,嘉定区,14,嘉定新城,137,上海嘉定区嘉定新城希望路398弄,外郊环,52279,52279元/㎡,首付64万，月供16322元,112-165㎡,住宅：37966.25m²,住宅：124214.33m²,"[{""id"": 871123, ""rooms"": 3, ""room_alias"": ""三室"", ""area"": 112}, {""id"": 871124, ""rooms"": 3, ""room_alias"": ""三室"", ""area"": 112}, {""id"": 871122, ""rooms"": 3, ""room_alias"": ""三室"", ""area"": 122}, {""id"": 871121, ""rooms"": 4, ""room_alias"": ""四室"", ""area"": 122}, {""id"": 871118, ""rooms"": 4, ""room_alias"": ""四室"", ""area"": 145}, {""id"": 871119, ""rooms"": 4, ""room_alias"": ""四室"", ""area"": 145}, {""id"": 882093, ""rooms"": 4, ""room_alias"": ""四室"", ""area"": 160}, {""id"": 882063, ""rooms"": 4, ""room_alias"": ""四室"", ""area"": 165}, {""id"": 882092, ""rooms"": 4, ""room_alias"": ""四室"", ""area"": 165}, {""id"": 882095, ""rooms"": 4, ""room_alias"": ""四室"", ""area"": 165}]",3/4室、别墅,"3室户型,4室户型,别墅户型",2026-02-05,2026年02月,2026年2月,nan,"[""2026-01-20"", ""2025-09-17"", ""2025-11-18"", ""2025-12-17"", ""2025-10-22"", ""2025-08-18""]",{高层},{高层},住宅：70年 别墅：70年,住宅：2.2 别墅：2.2,住宅：35% 别墅：35%,住宅：673,nan,在建中，竣工时间：暂无数据,住宅,nan,nan,nan,住宅：813,nan,在售,在售,在售,"[""嘉定房管(2026)预字0000010号"", ""嘉定房管（2025）预字0000294号"", ""嘉定房管(2025)预字0000383号"", ""嘉定房管(2025)预字0000446号"", ""嘉定房管（2025）预字0000348号"", ""嘉定房管（2025）预字0000237号""]","[""2#、1#、13#"", ""12#"", ""4#、6#、7#"", ""5#、11#"", ""8#"", ""10#、9#""]",上海招陆置业有限公司,招商蛇口,nan,住宅：民电 别墅：民电,住宅：民水 别墅：民水,31.348196,121.273069,"""""","{""76"": ""厨卫全明"", ""74"": ""南北通透"", ""73"": ""卧室全朝南"", ""7"": ""项目在建"", ""15"": ""外郊环"", ""276"": ""一房一价"", ""72"": ""配套纯熟"", ""70"": ""银行"", ""69"": ""学校"", ""68"": ""医院"", ""67"": ""生态绿地"", ""66"": ""公园"", ""65"": ""商业街"", ""64"": ""购物中心"", ""78"": ""大户型"", ""402"": ""玄关入户"", ""401"": ""户型方正"", ""397"": ""动静分离"", ""85"": ""主卧套房"", ""92"": ""热搜盘"", ""91"": ""热评楼盘"", ""90"": ""人气楼盘"", ""744"": ""好房子"", ""638"": ""民办中学"", ""637"": ""公办中学"", ""636"": ""公办小学"", ""624"": ""九年一贯制"", ""603"": ""二级园"", ""602"": ""一级园"", ""601"": ""示范园"", ""598"": ""民办幼儿园"", ""597"": ""公办幼儿园"", ""591"": ""放松限购"", ""541"": ""3D沙盘"", ""540"": ""日照模拟"", ""263"": ""VR看房"", ""50"": ""品牌开发商""}","[""厨卫全明"", ""南北通透"", ""卧室全朝南"", ""项目在建"", ""外郊环""]",https://pic4.ajkimg.com/display/xinfang/d2ab97600f278234c77521e67685d07e/275x206n.jpg,[],上海市嘉定区马陆镇伊宁路与裕民南路交叉口
518753,上实·听海,上海,11,浦东,7,临港新城,150,上海浦东临港新城木莲路333弄,郊环外,32908,32908元/㎡,nan,100-144㎡,119545m²,438533m²,"[{""id"": 812630, ""rooms"": 3, ""room_alias"": ""三室"", ""area"": 100}, {""id"": 812631, ""rooms"": 3, ""room_alias"": ""三室"", ""area"": 100}, {""id"": 812634, ""rooms"": 3, ""room_alias"": ""三室"", ""area"": 100}, {""id"": 821285, ""rooms"": 3, ""room_alias"": ""三室"", ""area"": 125}, {""id"": 812636, ""rooms"": 3, ""room_alias"": ""三室"", ""area"": 144}, {""id"": 812632, ""rooms"": 4, ""room_alias"": ""四室"", ""area"": 140}, {""id"": 812633, ""rooms"": 4, ""room_alias"": ""四室"", ""area"": 140}, {""id"": 812635, ""rooms"": 4, ""room_alias"": ""四室"", ""area"": 140}]",3/4室,"3室户型,4室户型",2026-01-29,2026年01月下旬,2026年1月下旬,nan,"[""2025-06-05"", ""2023-10-17""]","{小高层,高层}","{小高层,高层}",70年,2.29,35%,2448,带装修,已竣工，竣工时间：暂无数据,住宅,上海上实物业管理有限公司,nan,nan,nan,1:1.2,在售,在售,在售,"[""自贸临管房管（2025）预字0000156号"", ""自贸临管房管(2023)预字0000335号""]","[""J09-8#、J09-5#"", ""J09-2#、J09-1#、J09-9#、J09-6#、J09-10#""]",上海城浩置业有限公司,上实城开,上海城浩置业有限公司,民电,民水,30.874622,121.944111,"{""service_num"": ""4006708287"", ""num"": ""65991""}","{""557"": ""项目竣工"", ""56"": ""车位充足"", ""29"": ""装修交付"", ""76"": ""厨卫全明"", ""74"": ""南北通透"", ""73"": ""卧室全朝南"", ""16"": ""郊环外"", ""276"": ""一房一价"", ""5"": ""低单价"", ""4"": ""低总价"", ""69"": ""学校"", ""67"": ""生态绿地"", ""66"": ""公园"", ""78"": ""大户型"", ""402"": ""玄关入户"", ""401"": ""户型方正"", ""397"": ""动静分离"", ""85"": ""主卧套房"", ""637"": ""公办中学"", ""636"": ""公办小学"", ""602"": ""一级园"", ""597"": ""公办幼儿园"", ""591"": ""放松限购"", ""582"": ""23年九批次"", ""541"": ""3D沙盘"", ""540"": ""日照模拟"", ""263"": ""VR看房"", ""54"": ""大型社区"", ""50"": ""品牌开发商""}","[""项目竣工"", ""车位充足"", ""装修交付"", ""厨卫全明"", ""南北通透""]",https://pic4.ajkimg.com/display/xinfang/189d1694bd6d06abb24d2b998c476d76/275x206n.jpg,[],美人蕉路近南港大道
517862,士林润园,上海,11,黄浦区,4,老西门,35,上海黄浦区老西门上海黄浦区老西门街道复兴中路与河南南路交汇处,内环内,nan,nan,nan,220-400㎡,28000m²,45000m²,"[{""id"": 840295, ""rooms"": 3, ""room_alias"": ""三室"", ""area"": 220}, {""id"": 840297, ""rooms"": 4, ""room_alias"": ""四室"", ""area"": 400}]",别墅,别墅户型,2025-09-10,2025年下半年,2025年下半年,nan,"[""2025-02-14""]",{合院别墅},{合院别墅},70年,nan,nan,103,带装修,nan,别墅,nan,nan,nan,nan,nan,在售,在售,在售,"[""黄浦房管(2025)预字0000005号""]",[],上海士林置业有限公司,nan,上海士林置业有限公司,民电,民水,31.225425203518,121.49872622302,"{""service_num"": ""4006708287"", ""num"": ""56466""}","{""29"": ""装修交付"", ""11"": ""内环内"", ""9"": ""轨交房"", ""10"": ""多轨交"", ""72"": ""配套纯熟"", ""71"": ""便利店"", ""70"": ""银行"", ""69"": ""学校"", ""68"": ""医院"", ""67"": ""生态绿地"", ""66"": ""公园"", ""65"": ""商业街"", ""64"": ""购物中心"", ""78"": ""大户型"", ""91"": ""热评楼盘"", ""90"": ""人气楼盘"", ""638"": ""民办中学"", ""637"": ""公办中学"", ""636"": ""公办小学"", ""624"": ""九年一贯制"", ""603"": ""二级园"", ""602"": ""一级园"", ""601"": ""示范园"", ""598"": ""民办幼儿园"", ""597"": ""公办幼儿园"", ""541"": ""3D沙盘"", ""55"": ""小型社区""}","[""装修交付"", ""内环内"", ""轨交房"", ""多轨交"", ""配套纯熟""]",https://pic4.ajkimg.com/display/xinfang/03f3d26097a4802f18e9ce94c50c8112/275x206n.jpg,"[{""id"": ""7195223"", ""loupan_id"": ""517862"", ""station_id"": ""3231"", ""subway_id"": ""67"", ""city_id"": ""11"", ""distance"": ""873米"", ""status"": ""1"", ""last_update_time"": ""1774209759"", ""is_rail_loupan"": ""1"", ""subway_name"": ""9号线"", ""station_name"": ""小南门"", ""distance_raw"": ""873""}, {""id"": ""7195237"", ""loupan_id"": ""517862"", ""station_id"": ""2893"", ""subway_id"": ""54"", ""city_id"": ""11"", ""distance"": ""1367米"", ""status"": ""1"", ""last_update_time"": ""1774209759"", ""is_rail_loupan"": ""1"", ""subway_name"": ""10号线"", ""station_name"": ""豫园"", ""distance_raw"": ""1367""}, {""id"": ""7195227"", ""loupan_id"": ""517862"", ""station_id"": ""3211"", ""subway_id"": ""66"", ""city_id"": ""11"", ""distance"": ""1387米"", ""status"": ""1"", ""last_update_time"": ""1774209759"", ""is_rail_loupan"": ""1"", ""subway_name"": ""8号线"", ""station_name"": ""老西门"", ""distance_raw"": ""1387""}, {""id"": ""7195238"", ""loupan_id"": ""517862"", ""station_id"": ""2894"", ""subway_id"": ""54"", ""city_id"": ""11"", ""distance"": ""1388米"", ""status"": ""1"", ""last_update_time"": ""1774209759"", ""is_rail_loupan"": ""1"", ""subway_name"": ""10号线"", ""station_name"": ""老西门"", ""distance_raw"": ""1388""}, {""id"": ""7195226"", ""loupan_id"": ""517862"", ""station_id"": ""3210"", ""subway_id"": ""66"", ""city_id"": ""11"", ""distance"": ""1428米"", ""status"": ""1"", ""last_update_time"": ""1774209759"", ""is_rail_loupan"": ""1"", ""subway_name"": ""8号线"", ""station_name"": ""陆家浜路"", ""distance_raw"": ""1428""}, {""id"": ""7195224"", ""loupan_id"": ""517862"", ""station_id"": ""3232"", ""subway_id"": ""67"", ""city_id"": ""11"", ""distance"": ""1429米"", ""status"": ""1"", ""last_update_time"": ""1774209759"", ""is_rail_loupan"": ""1"", ""subway_name"": ""9号线"", ""station_name"": ""陆家浜路"", ""distance_raw"": ""1429""}]",上海黄浦区蓬莱路99弄
526806,嘉定新城御花园,上海,11,嘉定区,14,嘉定新城,137,上海嘉定区嘉定新城府谷路200弄、300弄,郊环外,45190,45190元/㎡,首付49万，月供12327元,103-157㎡,住宅：54210.1m²,住宅：94147.5m²,"[{""id"": 847392, ""rooms"": 3, ""room_alias"": ""三室"", ""area"": 103}, {""id"": 847393, ""rooms"": 4, ""room_alias"": ""四室"", ""area"": 147}, {""id"": 847396, ""rooms"": 4, ""room_alias"": ""四室"", ""area"": 153}, {""id"": 847394, ""rooms"": 4, ""room_alias"": ""四室"", ""area"": 157}]",3室、别墅,"3室户型,别墅户型",2024-07-18,2024年07月18日,2024年7月18日,2026年6月30日,"[""2024-07-04"", ""2024-07-04""]",{},{},别墅：70年,住宅：1.8,nan,住宅：327,nan,在建中，竣工时间：暂无数据,住宅,上海嘉淳城市服务管理有限公司,住宅：3.6~4元/㎡/月,nan,住宅：1538,nan,在售,在售,在售,"[""嘉定房管（2024）预字0000177号"", ""嘉定房管（2024）预字0000176号""]","[""7#、8#、10#"", ""19#、22#、5#、18#、20#""]",上海佳新恒晟置业有限公司,嘉定新城发展,nan,住宅：民电,住宅：民水,31.372167,121.232773,"{""service_num"": ""4006708287"", ""num"": ""108964""}","{""52"": ""低容积"", ""76"": ""厨卫全明"", ""74"": ""南北通透"", ""73"": ""卧室全朝南"", ""7"": ""项目在建"", ""16"": ""郊环外"", ""276"": ""一房一价"", ""72"": ""配套纯熟"", ""70"": ""银行"", ""69"": ""学校"", ""68"": ""医院"", ""67"": ""生态绿地"", ""66"": ""公园"", ""65"": ""商业街"", ""64"": ""购物中心"", ""78"": ""大户型"", ""402"": ""玄关入户"", ""401"": ""户型方正"", ""397"": ""动静分离"", ""85"": ""主卧套房"", ""91"": ""热评楼盘"", ""719"": ""6.21过会楼盘"", ""637"": ""公办中学"", ""636"": ""公办小学"", ""624"": ""九年一贯制"", ""603"": ""二级园"", ""602"": ""一级园"", ""601"": ""示范园"", ""598"": ""民办幼儿园"", ""597"": ""公办幼儿园"", ""591"": ""放松限购"", ""541"": ""3D沙盘"", ""421"": ""无需摇号"", ""263"": ""VR看房"", ""50"": ""品牌开发商""}","[""低容积"", ""厨卫全明"", ""南北通透"", ""卧室全朝南"", ""项目在建""]",https://pic4.ajkimg.com/display/xinfang/46d3ac180b58a71e4a6f15aca3e5cf04/275x206n.jpg,[],嘉定区府谷路300弄27号
512790,金雅园,上海,11,浦东,7,外高桥,171,上海浦东外高桥花山路与同港路交汇处,中外环,nan,nan,nan,nan,nan,nan,[],nan,nan,nan,nan,nan,nan,[],{小高层},{小高层},70年,nan,35%,nan,带装修,nan,住宅,nan,nan,nan,nan,nan,待售,待售,待售,[],[],百旌（上海）控股集团有限公司,nan,百旌（上海）控股集团有限公司,民电,民水,31.354867863586,121.58316400961,"{""service_num"": ""4006708287"", ""num"": ""99588""}","{""29"": ""装修交付"", ""9"": ""轨交房"", ""10"": ""多轨交"", ""13"": ""中外环"", ""72"": ""配套纯熟"", ""70"": ""银行"", ""69"": ""学校"", ""68"": ""医院"", ""64"": ""购物中心"", ""637"": ""公办中学"", ""636"": ""公办小学"", ""625"": ""寄宿制小学"", ""604"": ""三级园"", ""603"": ""二级园"", ""602"": ""一级园"", ""598"": ""民办幼儿园"", ""597"": ""公办幼儿园""}","[""装修交付"", ""轨交房"", ""多轨交"", ""中外环"", ""配套纯熟""]",https://pic4.ajkimg.com/display/xinfang/c351c6af649f12ba1be4d0b745e94cfb/275x206n.jpg,"[{""id"": ""7189885"", ""loupan_id"": ""512790"", ""station_id"": ""3137"", ""subway_id"": ""64"", ""city_id"": ""11"", ""distance"": ""703米"", ""status"": ""1"", ""last_update_time"": ""1774209759"", ""is_rail_loupan"": ""1"", ""subway_name"": ""6号线"", ""station_name"": ""港城路"", ""distance_raw"": ""703""}, {""id"": ""7189887"", ""loupan_id"": ""512790"", ""station_id"": ""10877"", ""subway_id"": ""54"", ""city_id"": ""11"", ""distance"": ""723米"", ""status"": ""1"", ""last_update_time"": ""1774209759"", ""is_rail_loupan"": ""1"", ""subway_name"": ""10号线"", ""station_name"": ""港城路"", ""distance_raw"": ""723""}, {""id"": ""7189886"", ""loupan_id"": ""512790"", ""station_id"": ""3138"", ""subway_id"": ""64"", ""city_id"": ""11"", ""distance"": ""1126米"", ""status"": ""1"", ""last_update_time"": ""1774209759"", ""is_rail_loupan"": ""1"", ""subway_name"": ""6号线"", ""station_name"": ""外高桥保税区北站"", ""distance_raw"": ""1126""}]",nan
526858,国贸中国铁建·西派海上,上海,11,浦东,7,北蔡,77,上海浦东北蔡北中路888弄、莲安东路1179弄,内中环,91632,91632元/㎡,首付84万，月供20377元,88-110㎡,44681.46m²,136768.84m²,"[{""id"": 851750, ""rooms"": 3, ""room_alias"": ""三室"", ""area"": 88}, {""id"": 849451, ""rooms"": 3, ""room_alias"": ""三室"", ""area"": 103}, {""id"": 849446, ""rooms"": 3, ""room_alias"": ""三室"", ""area"": 105}, {""id"": 849448, ""rooms"": 3, ""room_alias"": ""三室"", ""area"": 110}]",3室,3室户型,2025-06-18,2025年06月18日,2025年6月18日,2026年下半年,"[""2025-06-04"", ""2025-04-28"", ""2025-04-28"", ""2025-03-03"", ""2025-03-03"", ""2024-12-03"", ""2024-12-03"", ""2024-10-03"", ""2024-10-03""]",{},{},70年,2,35%,911,nan,在建中，竣工时间：暂无数据,住宅,上海贸城物业服务有限公司,8.98元/㎡/月,nan,1013,nan,在售,在售,在售,"[""浦东新区房管(2025)预字0000155号"", ""浦东新区房管(2025)预字0000104号"", ""浦东新区房管(2025)预字0000103号"", ""浦东新区房管(2025)预字0000024号"", ""浦东新区房管(2025)预字0000023号"", ""浦东新区房管(2024)预字0000376号"", ""浦东新区房管(2024)预字0000377号"", ""浦东新区房管(2024)预字0000292号"", ""浦东新区房管(2024)预字0000291号""]","[""15#、9#、7#"", ""4#"", ""10#"", ""8#"", ""3#"", ""5#、2#"", ""13#"", ""12#"", ""11#、14#、6#""]",上海京贸悦房地产有限公司,中国铁建地产,上海京贸悦房地产有限公司,民电,民水,31.193763,121.583275,"{""service_num"": ""4006708287"", ""num"": ""109062""}","{""723"": ""第四代住宅"", ""12"": ""内中环"", ""76"": ""厨卫全明"", ""74"": ""南北通透"", ""73"": ""卧室全朝南"", ""7"": ""项目在建"", ""276"": ""一房一价"", ""72"": ""配套纯熟"", ""71"": ""便利店"", ""70"": ""银行"", ""69"": ""学校"", ""67"": ""生态绿地"", ""66"": ""公园"", ""65"": ""商业街"", ""64"": ""购物中心"", ""78"": ""大户型"", ""402"": ""玄关入户"", ""401"": ""户型方正"", ""397"": ""动静分离"", ""85"": ""主卧套房"", ""641"": ""寄宿制中学"", ""637"": ""公办中学"", ""636"": ""公办小学"", ""635"": ""民办小学"", ""602"": ""一级园"", ""601"": ""示范园"", ""598"": ""民办幼儿园"", ""597"": ""公办幼儿园"", ""541"": ""3D沙盘"", ""540"": ""日照模拟"", ""263"": ""VR看房"", ""50"": ""品牌开发商""}","[""第四代住宅"", ""内中环"", ""厨卫全明"", ""南北通透"", ""卧室全朝南""]",https://pic4.ajkimg.com/display/xinfang/88970e6d2e4754d1217d62990d805317/275x206n.jpg,[],碧波路699号
533905,时代雲境,上海,11,嘉定区,14,南翔,136,上海嘉定区南翔嘉程路和鹤槎路交汇处,外郊环,57083,57083元/㎡,首付71万，月供17868元,97-129㎡,住宅：19090.38m²,住宅：71179.89m²,"[{""id"": 890105, ""rooms"": 3, ""room_alias"": ""三室"", ""area"": 97}, {""id"": 890104, ""rooms"": 3, ""room_alias"": ""三室"", ""area"": 115}, {""id"": 890106, ""rooms"": 3, ""room_alias"": ""三室"", ""area"": 129}]",3室,3室户型,2026-03-27,2026年03月27日,2026年3月27日,nan,"[""2026-03-19""]",{小高层},{小高层},住宅：70年 别墅：70年,住宅：2.2 别墅：2.2,住宅：35%,住宅：357,nan,在建中，竣工时间：暂无数据,住宅,nan,nan,nan,住宅：474,nan,待售,待售,待售,"[""嘉定房管（2026）预字0000060号""]","[""7#、6#、1#""]",上海润喆翔云置业有限公司,"华润置地,华发股份",nan,住宅：民电 别墅：民电,住宅：民水 别墅：民水,31.3105,121.30189,"""""","{""76"": ""厨卫全明"", ""74"": ""南北通透"", ""73"": ""卧室全朝南"", ""7"": ""项目在建"", ""15"": ""外郊环"", ""276"": ""一房一价"", ""72"": ""配套纯熟"", ""71"": ""便利店"", ""70"": ""银行"", ""69"": ""学校"", ""68"": ""医院"", ""65"": ""商业街"", ""64"": ""购物中心"", ""78"": ""大户型"", ""402"": ""玄关入户"", ""401"": ""户型方正"", ""397"": ""动静分离"", ""85"": ""主卧套房"", ""92"": ""热搜盘"", ""90"": ""人气楼盘"", ""637"": ""公办中学"", ""636"": ""公办小学"", ""635"": ""民办小学"", ""624"": ""九年一贯制"", ""604"": ""三级园"", ""603"": ""二级园"", ""602"": ""一级园"", ""598"": ""民办幼儿园"", ""597"": ""公办幼儿园"", ""591"": ""放松限购"", ""297"": ""认购中"", ""263"": ""VR看房"", ""55"": ""小型社区"", ""50"": ""品牌开发商""}","[""厨卫全明"", ""南北通透"", ""卧室全朝南"", ""项目在建"", ""外郊环""]",https://pic4.ajkimg.com/display/xinfang/ba1f27bf473c51da8aa06d14eb7cf30c/275x206n.jpg,[],nan
524714,同悦湾璟庭,上海,11,青浦区,19,朱家角,167,上海青浦区朱家角阁游路188弄,郊环外,41088,41088元/㎡,首付45万，月供11535元,95-129㎡,别墅：27900m²,别墅：30000m²,"[{""id"": 865674, ""rooms"": 3, ""room_alias"": ""三室"", ""area"": 95}, {""id"": 867651, ""rooms"": 3, ""room_alias"": ""三室"", ""area"": 117}, {""id"": 865675, ""rooms"": 4, ""room_alias"": ""四室"", ""area"": 127}, {""id"": 867654, ""rooms"": 4, ""room_alias"": ""四室"", ""area"": 129}]",3室、别墅,"3室户型,别墅户型",2025-10-18,2025年10月18日,2025年10月18日,nan,"[""2025-09-29"", ""2025-05-20""]",{叠加别墅},{叠加别墅},别墅：70年 住宅：70年,别墅：1.25,别墅：35%,别墅：286,别墅：带装修 住宅：带装修,在建中，竣工时间：暂无数据,别墅,上海同科物业服务有限公司,nan,nan,nan,nan,在售,在售,在售,"[""青浦房管(2025)预字0000321号"", ""青浦房管（2025）预字0000132号""]","[""A地块11#、A地块04#"", ""A地块12#、A地块06#、A地块03#、A地块09#、A地块07#""]",上海同杨淀昇置业有限公司,同济地产,同济房产,别墅：民电,别墅：民水,31.128908,121.063699,"{""service_num"": ""4006708287"", ""num"": ""104964""}","{""29"": ""装修交付"", ""76"": ""厨卫全明"", ""74"": ""南北通透"", ""73"": ""卧室全朝南"", ""7"": ""项目在建"", ""16"": ""郊环外"", ""276"": ""一房一价"", ""72"": ""配套纯熟"", ""70"": ""银行"", ""69"": ""学校"", ""68"": ""医院"", ""67"": ""生态绿地"", ""66"": ""公园"", ""65"": ""商业街"", ""64"": ""购物中心"", ""401"": ""户型方正"", ""397"": ""动静分离"", ""85"": ""主卧套房"", ""637"": ""公办中学"", ""636"": ""公办小学"", ""604"": ""三级园"", ""603"": ""二级园"", ""602"": ""一级园"", ""598"": ""民办幼儿园"", ""597"": ""公办幼儿园"", ""591"": ""放松限购"", ""541"": ""3D沙盘"", ""540"": ""日照模拟"", ""421"": ""无需摇号"", ""263"": ""VR看房"", ""55"": ""小型社区"", ""50"": ""品牌开发商""}","[""装修交付"", ""厨卫全明"", ""南北通透"", ""卧室全朝南"", ""项目在建""]",https://pic4.ajkimg.com/display/xinfang/25825791ccf34dc35db546d8b226cb98/275x206n.jpg,[],nan
531926,开云海越半岛,上海,11,浦东,7,临港新城,150,"上海浦东临港新城东至国海路,南至美人蕉路北侧绿化带,西至橙和港东侧绿化带,北至夏涟河南侧绿化带",郊环外,nan,nan,nan,99-187㎡,42746.6m²,148554.88m²,"[{""id"": 876056, ""rooms"": 3, ""room_alias"": ""三室"", ""area"": 99}, {""id"": 876057, ""rooms"": 3, ""room_alias"": ""三室"", ""area"": 120}, {""id"": 876058, ""rooms"": 4, ""room_alias"": ""四室"", ""area"": 143}, {""id"": 876059, ""rooms"": 4, ""room_alias"": ""四室"", ""area"": 143}, {""id"": 876060, ""rooms"": 4, ""room_alias"": ""四室"", ""area"": 180}, {""id"": 876061, ""rooms"": 4, ""room_alias"": ""四室"", ""area"": 187}]",3/4室,"3室户型,4室户型",2026-06-10,2026年上半年,2026年上半年,nan,[],{小高层},{小高层},70年,2.2,35%,nan,nan,在建中，竣工时间：暂无数据,住宅,nan,nan,nan,1165,nan,待售,待售,待售,[],[],上海顶科经济发展有限公司,nan,nan,民电,民水,30.8771,121.935775,"{""service_num"": ""4006708287"", ""num"": ""50941""}","{""76"": ""厨卫全明"", ""74"": ""南北通透"", ""73"": ""卧室全朝南"", ""7"": ""项目在建"", ""16"": ""郊环外"", ""72"": ""配套纯熟"", ""69"": ""学校"", ""67"": ""生态绿地"", ""66"": ""公园"", ""64"": ""购物中心"", ""78"": ""大户型"", ""402"": ""玄关入户"", ""401"": ""户型方正"", ""397"": ""动静分离"", ""85"": ""主卧套房"", ""637"": ""公办中学"", ""636"": ""公办小学"", ""602"": ""一级园"", ""597"": ""公办幼儿园"", ""591"": ""放松限购"", ""541"": ""3D沙盘"", ""540"": ""日照模拟"", ""263"": ""VR看房"", ""55"": ""小型社区""}","[""厨卫全明"", ""南北通透"", ""卧室全朝南"", ""项目在建"", ""郊环外""]",https://pic4.ajkimg.com/display/xinfang/bbba561fda13a40eded01ee237770603/275x206n.jpg,[],nan
518129,安高申宸院,上海,11,浦东,7,唐镇,173,上海浦东唐镇银鼎路199弄,郊环外,69645,69645元/㎡,首付79万，月供19223元,99-143㎡,47140.2m²,11790m²,"[{""id"": 797609, ""rooms"": 3, ""room_alias"": ""三室"", ""area"": 99}, {""id"": 805950, ""rooms"": 3, ""room_alias"": ""三室"", ""area"": 99}, {""id"": 805952, ""rooms"": 3, ""room_alias"": ""三室"", ""area"": 99}, {""id"": 805954, ""rooms"": 3, ""room_alias"": ""三室"", ""area"": 99}, {""id"": 836155, ""rooms"": 3, ""room_alias"": ""三室"", ""area"": 99}, {""id"": 836156, ""rooms"": 3, ""room_alias"": ""三室"", ""area"": 99}, {""id"": 805949, ""rooms"": 3, ""room_alias"": ""三室"", ""area"": 143}, {""id"": 824926, ""rooms"": 3, ""room_alias"": ""三室"", ""area"": 143}, {""id"": 797610, ""rooms"": 4, ""room_alias"": ""四室"", ""area"": 127}, {""id"": 797611, ""rooms"": 4, ""room_alias"": ""四室"", ""area"": 143}]",3/4室,"3室户型,4室户型",2024-03-29,2024年03月29日,2024年3月29日,2026年6月30日,"[""2024-03-13"", ""2023-10-30"", ""2023-08-02""]",{高层},{高层},70年,2.5,35%,1172,带装修,在建中，竣工时间：暂无数据,住宅,深圳市安联第一太平戴维斯物业管理有限公司上海分公司,nan,nan,1403,1:1.3,尾盘,尾盘,尾盘,"[""浦东新区房管(2024)预字0000052号"", ""浦东新区房管(2023)预字0000343号"", ""浦东新区房管(2023)预字0000232号""]","[""15#、12#、17#、16#、19#、18#"", ""6#、9#、8#、11#、10#"", ""2#、1#、5#、3#、7#""]",上海速联达房地产开发有限公司,安徽省高速地产,安徽高速,民电,民水,31.224180807852,121.66640374985,"{""service_num"": ""4006708287"", ""num"": ""59740""}","{""56"": ""车位充足"", ""29"": ""装修交付"", ""76"": ""厨卫全明"", ""74"": ""南北通透"", ""7"": ""项目在建"", ""16"": ""郊环外"", ""276"": ""一房一价"", ""72"": ""配套纯熟"", ""71"": ""便利店"", ""70"": ""银行"", ""69"": ""学校"", ""68"": ""医院"", ""67"": ""生态绿地"", ""66"": ""公园"", ""65"": ""商业街"", ""64"": ""购物中心"", ""78"": ""大户型"", ""402"": ""玄关入户"", ""401"": ""户型方正"", ""397"": ""动静分离"", ""85"": ""主卧套房"", ""641"": ""寄宿制中学"", ""638"": ""民办中学"", ""637"": ""公办中学"", ""636"": ""公办小学"", ""629"": ""24年二批次"", ""625"": ""寄宿制小学"", ""624"": ""九年一贯制"", ""604"": ""三级园"", ""603"": ""二级园"", ""602"": ""一级园"", ""601"": ""示范园"", ""598"": ""民办幼儿园"", ""597"": ""公办幼儿园"", ""591"": ""放松限购"", ""583"": ""23年十批次"", ""568"": ""23年四批次"", ""541"": ""3D沙盘"", ""540"": ""日照模拟"", ""263"": ""VR看房"", ""50"": ""品牌开发商""}","[""车位充足"", ""装修交付"", ""厨卫全明"", ""南北通透"", ""项目在建""]",https://pic4.ajkimg.com/display/xinfang/cf4e5f8a3dc2a0fc08448d4ab0cc1575/275x206n.jpg,[],银鼎路199弄
533738,松芸兰庭,上海,11,浦东,7,临港新城,150,上海浦东临港新城水芸路871号,郊环外,nan,nan,nan,nan,nan,20527m²,[],nan,nan,nan,nan,nan,nan,[],{小高层},{小高层},70年,nan,35%,51,nan,nan,住宅,nan,5.5元/㎡/月,nan,nan,nan,待售,待售,待售,[],[],上海瑞国置业有限公司,nan,nan,民电,民水,30.91201,121.934389,"{""service_num"": ""4006708287"", ""num"": ""70615""}","{""9"": ""轨交房"", ""10"": ""多轨交"", ""16"": ""郊环外"", ""72"": ""配套纯熟"", ""71"": ""便利店"", ""70"": ""银行"", ""69"": ""学校"", ""68"": ""医院"", ""67"": ""生态绿地"", ""66"": ""公园"", ""65"": ""商业街"", ""64"": ""购物中心"", ""641"": ""寄宿制中学"", ""637"": ""公办中学"", ""636"": ""公办小学"", ""625"": ""寄宿制小学"", ""603"": ""二级园"", ""602"": ""一级园"", ""601"": ""示范园"", ""597"": ""公办幼儿园"", ""591"": ""放松限购"", ""55"": ""小型社区""}","[""轨交房"", ""多轨交"", ""郊环外"", ""配套纯熟"", ""便利店""]",https://pic4.ajkimg.com/display/xinfang/b32489fe10d7c5bda0b1a357e03f1bbf/275x206n.jpg,"[{""id"": ""7333505"", ""loupan_id"": ""533738"", ""station_id"": ""3012"", ""subway_id"": ""58"", ""city_id"": ""11"", ""distance"": ""245米"", ""status"": ""1"", ""last_update_time"": ""1774209759"", ""is_rail_loupan"": ""1"", ""subway_name"": ""16号线"", ""station_name"": ""滴水湖"", ""distance_raw"": ""245""}, {""id"": ""7333504"", ""loupan_id"": ""533738"", ""station_id"": ""121499"", ""subway_id"": ""12082"", ""city_id"": ""11"", ""distance"": ""492米"", ""status"": ""1"", ""last_update_time"": ""1774209761"", ""is_rail_loupan"": ""1"", ""subway_name"": ""南枫线"", ""station_name"": ""滴水湖"", ""distance_raw"": ""492""}]",上海市浦东新区水芸路871号
521527,璟澜湾,上海,11,浦东,7,惠南,161,上海浦东惠南南六公路525弄,外郊环,623,623万元/套起,首付93万，月供22469元,56-122㎡,住宅：15039.8m²,住宅：29701.2m²,"[{""id"": 874189, ""rooms"": 1, ""room_alias"": ""一室"", ""area"": 56}, {""id"": 874188, ""rooms"": 2, ""room_alias"": ""二室"", ""area"": 71}, {""id"": 874191, ""rooms"": 2, ""room_alias"": ""二室"", ""area"": 90}, {""id"": 874190, ""rooms"": 2, ""room_alias"": ""二室"", ""area"": 93}, {""id"": 874187, ""rooms"": 2, ""room_alias"": ""二室"", ""area"": 122}]",1/2室、别墅,"1室户型,2室户型,别墅户型",2025-12-05,2025年12月05日,2025年12月5日,2026年10月30日,"[""2025-11-19"", ""2025-04-24""]",{多层},{多层},住宅：70年 别墅：70年,住宅：1.2,住宅：35%,nan,住宅：带装修,在建中，竣工时间：暂无数据,住宅,nan,nan,nan,nan,nan,在售,在售,在售,"[""浦东新区房管（2025）预字0000390号"", ""浦东新区房管(2025)预字0000095号""]","[""9#、8#"", ""1#、7#、6#、5#""]",上海泉瑄房地产开发有限公司,nan,nan,住宅：民电,住宅：民水,31.070121737498,121.71717436033,"{""service_num"": ""4006708287"", ""num"": ""100012""}","{""52"": ""低容积"", ""29"": ""装修交付"", ""76"": ""厨卫全明"", ""74"": ""南北通透"", ""73"": ""卧室全朝南"", ""7"": ""项目在建"", ""15"": ""外郊环"", ""276"": ""一房一价"", ""72"": ""配套纯熟"", ""70"": ""银行"", ""69"": ""学校"", ""68"": ""医院"", ""66"": ""公园"", ""65"": ""商业街"", ""64"": ""购物中心"", ""79"": ""小户型"", ""402"": ""玄关入户"", ""401"": ""户型方正"", ""397"": ""动静分离"", ""85"": ""主卧套房"", ""641"": ""寄宿制中学"", ""637"": ""公办中学"", ""636"": ""公办小学"", ""625"": ""寄宿制小学"", ""604"": ""三级园"", ""603"": ""二级园"", ""602"": ""一级园"", ""598"": ""民办幼儿园"", ""597"": ""公办幼儿园"", ""591"": ""放松限购"", ""541"": ""3D沙盘"", ""540"": ""日照模拟"", ""421"": ""无需摇号"", ""263"": ""VR看房"", ""55"": ""小型社区""}","[""低容积"", ""装修交付"", ""厨卫全明"", ""南北通透"", ""卧室全朝南""]",https://pic4.ajkimg.com/display/xinfang/f3fd239808ebe9c84a7e228bacd2fa30/275x206n.jpg,[],nan
521444,华发海上都荟,上海,11,松江区,15,洞泾,6167,上海松江区洞泾地铁9/12号线洞泾站东南侧约500m,外郊环,44936,44936元/㎡,首付59万，月供15041元,90-142㎡,住宅：130113.2m² 别墅：130113.2m²,住宅：427592.8m² 别墅：427592.8m²,"[{""id"": 825397, ""rooms"": 3, ""room_alias"": ""三室"", ""area"": 90}, {""id"": 830682, ""rooms"": 3, ""room_alias"": ""三室"", ""area"": 91}, {""id"": 870871, ""rooms"": 3, ""room_alias"": ""三室"", ""area"": 91}, {""id"": 870090, ""rooms"": 3, ""room_alias"": ""三室"", ""area"": 100}, {""id"": 870870, ""rooms"": 3, ""room_alias"": ""三室"", ""area"": 100}, {""id"": 825394, ""rooms"": 3, ""room_alias"": ""三室"", ""area"": 101}, {""id"": 825395, ""rooms"": 3, ""room_alias"": ""三室"", ""area"": 101}, {""id"": 825440, ""rooms"": 3, ""room_alias"": ""三室"", ""area"": 101}, {""id"": 830683, ""rooms"": 3, ""room_alias"": ""三室"", ""area"": 101}, {""id"": 870852, ""rooms"": 3, ""room_alias"": ""三室"", ""area"": 101}, {""id"": 870854, ""rooms"": 3, ""room_alias"": ""三室"", ""area"": 101}, {""id"": 870855, ""rooms"": 3, ""room_alias"": ""三室"", ""area"": 101}, {""id"": 825400, ""rooms"": 3, ""room_alias"": ""三室"", ""area"": 116}, {""id"": 825396, ""rooms"": 4, ""room_alias"": ""四室"", ""area"": 122}, {""id"": 870087, ""rooms"": 4, ""room_alias"": ""四室"", ""area"": 122}, {""id"": 870872, ""rooms"": 4, ""room_alias"": ""四室"", ""area"": 122}, {""id"": 825393, ""rooms"": 4, ""room_alias"": ""四室"", ""area"": 126}, {""id"": 870848, ""rooms"": 4, ""room_alias"": ""四室"", ""area"": 129}, {""id"": 830684, ""rooms"": 4, ""room_alias"": ""四室"", ""area"": 136}, {""id"": 870847, ""rooms"": 4, ""room_alias"": ""四室"", ""area"": 142}]",3/4室、别墅,"3室户型,4室户型,别墅户型",2026-01-06,2026年01月06日,2026年1月6日,nan,"[""2025-12-22"", ""2025-10-30"", ""2025-05-16"", ""2025-03-12"", ""2024-08-30"", ""2024-04-16"", ""2024-02-27""]",{高层},{高层},住宅：70年 别墅：70年,住宅：2.1,住宅：35% 别墅：35%,住宅：2732 别墅：2733,"住宅：毛坯,带装修 别墅：毛坯,带装修",在建中，竣工时间：暂无数据,住宅,华发物业服务有限公司上海分公司,住宅：4.1元/㎡/月 别墅：5.1元/㎡/月,nan,住宅：3428 别墅：3428,住宅：1:1.3 别墅：1:1.3,在售,在售,在售,"[""松江房管（2025）预字0000457号"", ""松江房管（2025）预字0000358号"", ""松江房管（2025）预字0000129号"", ""松江房管（2025）预字0000036号"", ""松江房管(2024)预字0000242号"", ""松江房管（2024）预字0000092号"", ""松江房管(2024)预字0000030号""]","[""11#、13#"", ""10#、9#、12#"", ""8#、14#、16#"", ""19#、36#、21#"", ""33#、35#"", ""31#、30#、37#、22#、25#、24#、28#、27#"", ""26#、29#、32#、34#、20#、23#、38#""]",上海泾铖房地产开发有限公司,华发股份,nan,住宅：民电 别墅：民电,住宅：民水 别墅：民水,31.08662,121.240456,"{""service_num"": ""4006708287"", ""num"": ""99320""}","{""482"": ""国企开发"", ""56"": ""车位充足"", ""29"": ""装修交付"", ""9"": ""轨交房"", ""76"": ""厨卫全明"", ""74"": ""南北通透"", ""73"": ""卧室全朝南"", ""7"": ""项目在建"", ""15"": ""外郊环"", ""276"": ""一房一价"", ""547"": ""地铁"", ""69"": ""学校"", ""79"": ""小户型"", ""78"": ""大户型"", ""402"": ""玄关入户"", ""401"": ""户型方正"", ""397"": ""动静分离"", ""85"": ""主卧套房"", ""92"": ""热搜盘"", ""91"": ""热评楼盘"", ""90"": ""人气楼盘"", ""713"": ""24年四批次"", ""637"": ""公办中学"", ""636"": ""公办小学"", ""629"": ""24年二批次"", ""624"": ""九年一贯制"", ""604"": ""三级园"", ""603"": ""二级园"", ""602"": ""一级园"", ""598"": ""民办幼儿园"", ""597"": ""公办幼儿园"", ""591"": ""放松限购"", ""541"": ""3D沙盘"", ""540"": ""日照模拟"", ""421"": ""无需摇号"", ""279"": ""品质好房"", ""278"": ""高性价比"", ""265"": ""特惠"", ""263"": ""VR看房"", ""213"": ""地铁沿线"", ""97"": ""刚需直选"", ""54"": ""大型社区"", ""50"": ""品牌开发商""}","[""国企开发"", ""车位充足"", ""装修交付"", ""轨交房"", ""厨卫全明""]",https://pic4.ajkimg.com/display/xinfang/e2ce389078555b41bb068c13ee02f1b8/275x206n.jpg,"[{""id"": ""7251387"", ""loupan_id"": ""521444"", ""station_id"": ""3248"", ""subway_id"": ""67"", ""city_id"": ""11"", ""distance"": ""783米"", ""status"": ""1"", ""last_update_time"": ""1774209759"", ""is_rail_loupan"": ""1"", ""subway_name"": ""9号线"", ""station_name"": ""洞泾"", ""distance_raw"": ""783""}]",松江区洞泾镇城隆路长兴西路交叉口
523529,新华星耀东方,上海,11,金山区,18,亭林,197,上海金山区亭林镇亭浩路与红梓路东北角（亭新中学东侧）,郊环外,22999,22999元/㎡,首付20万，月供5202元,73-196㎡,住宅：45684.7m² 别墅：45684.7m²,住宅：82232m² 别墅：82232m²,"[{""id"": 830621, ""rooms"": 2, ""room_alias"": ""二室"", ""area"": 73}, {""id"": 830623, ""rooms"": 3, ""room_alias"": ""三室"", ""area"": 85}, {""id"": 830624, ""rooms"": 3, ""room_alias"": ""三室"", ""area"": 99}, {""id"": 830626, ""rooms"": 3, ""room_alias"": ""三室"", ""area"": 99}, {""id"": 830632, ""rooms"": 3, ""room_alias"": ""三室"", ""area"": 99}, {""id"": 830636, ""rooms"": 3, ""room_alias"": ""三室"", ""area"": 124}, {""id"": 830633, ""rooms"": 4, ""room_alias"": ""四室"", ""area"": 136}, {""id"": 830638, ""rooms"": 4, ""room_alias"": ""四室"", ""area"": 138}, {""id"": 830634, ""rooms"": 4, ""room_alias"": ""四室"", ""area"": 148}, {""id"": 830635, ""rooms"": 5, ""room_alias"": ""五室"", ""area"": 196}]",2/3/4/5室、别墅,"2室户型,3室户型,4室户型,5室户型,别墅户型",2026-03-07,2026年03月,2026年3月28日,2026年下半年,"[""2026-03-18"", ""2025-05-15"", ""2024-04-15""]","{高层,花园洋房}","{高层,花园洋房}",住宅：70年 别墅：70年,住宅：1.8 别墅：1.8,住宅：35% 别墅：35%,住宅：768 别墅：768,"住宅：毛坯,带装修 别墅：毛坯,带装修",在建中，竣工时间：暂无数据,住宅,安徽天一物业管理有限公司上海分公司,住宅：2.8~3元/㎡/月 别墅：3.5元/㎡/月,nan,住宅：900 别墅：900,nan,在售,在售,在售,"[""金山房管（2026）预字0000054号"", ""金山房管(2025)预字0000126号"", ""金山房管(2024)预字0 000091号""]","[""18#、20#、17#"", ""8#、13#、12#"", ""5#、7#、1#、2#、3#、11#、6#、10#、9#""]",上海曜金房地产有限公司,新华地产,nan,住宅：民电 别墅：民电,住宅：民水 别墅：民水,30.907606,121.338218,"{""service_num"": ""4006708287"", ""num"": ""103072""}","{""52"": ""低容积"", ""29"": ""装修交付"", ""76"": ""厨卫全明"", ""74"": ""南北通透"", ""73"": ""卧室全朝南"", ""7"": ""项目在建"", ""16"": ""郊环外"", ""276"": ""一房一价"", ""72"": ""配套纯熟"", ""71"": ""便利店"", ""69"": ""学校"", ""65"": ""商业街"", ""64"": ""购物中心"", ""78"": ""大户型"", ""402"": ""玄关入户"", ""401"": ""户型方正"", ""397"": ""动静分离"", ""85"": ""主卧套房"", ""92"": ""热搜盘"", ""90"": ""人气楼盘"", ""713"": ""24年四批次"", ""637"": ""公办中学"", ""636"": ""公办小学"", ""604"": ""三级园"", ""603"": ""二级园"", ""598"": ""民办幼儿园"", ""597"": ""公办幼儿园"", ""593"": ""以旧换新"", ""591"": ""放松限购"", ""541"": ""3D沙盘"", ""540"": ""日照模拟"", ""297"": ""认购中"", ""263"": ""VR看房"", ""50"": ""品牌开发商""}","[""低容积"", ""装修交付"", ""厨卫全明"", ""南北通透"", ""卧室全朝南""]",https://pic4.ajkimg.com/display/xinfang/49a79414ce4df95d68167a6e90b939a5/275x206n.jpg,[],上海市金山区亭林镇红梓路与亭浩路交叉口
531801,中环麓岛,上海,11,宝山区,13,上大,125,上海宝山区上大丰厚路365弄,中外环,67460,nan,nan,108-145㎡,98659.8m²,321541m²,"[{""id"": 880031, ""rooms"": 3, ""room_alias"": ""三室"", ""area"": 108}, {""id"": 883000, ""rooms"": 3, ""room_alias"": ""三室"", ""area"": 108}, {""id"": 889859, ""rooms"": 3, ""room_alias"": ""三室"", ""area"": 108}, {""id"": 880032, ""rooms"": 3, ""room_alias"": ""三室"", ""area"": 110}, {""id"": 880033, ""rooms"": 3, ""room_alias"": ""三室"", ""area"": 133}, {""id"": 880034, ""rooms"": 4, ""room_alias"": ""四室"", ""area"": 145}]",3/4室,"3室户型,4室户型",2026-03-18,2026年03月18日,2026年4月下旬,nan,"[""2026-03-05"", ""2025-10-31""]",{高层},{高层},70年,2.6,35%,436,带装修,在建中，竣工时间：暂无数据,住宅,nan,nan,nan,nan,nan,在售,在售,在售,"[""宝山房管(2026)预字0000037号"", ""宝山房管（2025）预字0000360号""]","[""7#、1#"", ""2#、3#""]",上海锦城祥置业有限公司,中建地产,nan,民电,民水,31.307139,121.387815,"{""service_num"": ""4006708287"", ""num"": ""49608""}","{""29"": ""装修交付"", ""9"": ""轨交房"", ""76"": ""厨卫全明"", ""74"": ""南北通透"", ""73"": ""卧室全朝南"", ""7"": ""项目在建"", ""13"": ""中外环"", ""276"": ""一房一价"", ""72"": ""配套纯熟"", ""70"": ""银行"", ""69"": ""学校"", ""68"": ""医院"", ""67"": ""生态绿地"", ""66"": ""公园"", ""65"": ""商业街"", ""64"": ""购物中心"", ""78"": ""大户型"", ""402"": ""玄关入户"", ""401"": ""户型方正"", ""397"": ""动静分离"", ""85"": ""主卧套房"", ""92"": ""热搜盘"", ""91"": ""热评楼盘"", ""90"": ""人气楼盘"", ""637"": ""公办中学"", ""636"": ""公办小学"", ""635"": ""民办小学"", ""624"": ""九年一贯制"", ""604"": ""三级园"", ""603"": ""二级园"", ""602"": ""一级园"", ""601"": ""示范园"", ""598"": ""民办幼儿园"", ""597"": ""公办幼儿园"", ""541"": ""3D沙盘"", ""263"": ""VR看房"", ""50"": ""品牌开发商""}","[""装修交付"", ""轨交房"", ""厨卫全明"", ""南北通透"", ""卧室全朝南""]",https://pic4.ajkimg.com/display/xinfang/720b27cfee19ec3a0cdeb96f5a353267/275x206n.jpg,"[{""id"": ""7319535"", ""loupan_id"": ""531801"", ""station_id"": ""10375"", ""subway_id"": ""1018"", ""city_id"": ""11"", ""distance"": ""240米"", ""status"": ""1"", ""last_update_time"": ""1774209759"", ""is_rail_loupan"": ""1"", ""subway_name"": ""15号线"", ""station_name"": ""南大路"", ""distance_raw"": ""240""}, {""id"": ""7319536"", ""loupan_id"": ""531801"", ""station_id"": ""10371"", ""subway_id"": ""1018"", ""city_id"": ""11"", ""distance"": ""766米"", ""status"": ""1"", ""last_update_time"": ""1774209759"", ""is_rail_loupan"": ""1"", ""subway_name"": ""15号线"", ""station_name"": ""丰翔路"", ""distance_raw"": ""766""}]",nan
526819,保利·外滩序BUND88,上海,11,杨浦区,9,东外滩,87,上海杨浦区东外滩眉州路136弄,内环内,127000,127000元/㎡,首付200万，月供48112元,105-128㎡,住宅：14063.96m²,住宅：16876.75m²,"[{""id"": 855735, ""rooms"": 3, ""room_alias"": ""三室"", ""area"": 105}, {""id"": 855734, ""rooms"": 4, ""room_alias"": ""四室"", ""area"": 128}]",3/4室,"3室户型,4室户型",2024-12-27,2024年12月27日,2024年12月27日,nan,"[""2024-11-25"", ""2024-12-16""]",{},{},住宅：70年 别墅：70年,住宅：1.2,住宅：10%,住宅：315,住宅：带装修,在建中，竣工时间：暂无数据,住宅,nan,nan,nan,住宅：181,nan,尾盘,尾盘,尾盘,"[""杨浦房管(2024)预字0000362号"", ""杨浦房管（2024）预字0000409号""]","[""11#、12#"", ""2#、4#、1#、6#、5#、3#""]","上海保硕置业有限公司,上海保昱置业有限公司",保利集团,nan,住宅：民电,住宅：民水,31.262014,121.538115,"""""","{""52"": ""低容积"", ""29"": ""装修交付"", ""11"": ""内环内"", ""76"": ""厨卫全明"", ""74"": ""南北通透"", ""7"": ""项目在建"", ""72"": ""配套纯熟"", ""71"": ""便利店"", ""70"": ""银行"", ""69"": ""学校"", ""68"": ""医院"", ""67"": ""生态绿地"", ""66"": ""公园"", ""65"": ""商业街"", ""64"": ""购物中心"", ""78"": ""大户型"", ""402"": ""玄关入户"", ""401"": ""户型方正"", ""397"": ""动静分离"", ""638"": ""民办中学"", ""637"": ""公办中学"", ""636"": ""公办小学"", ""635"": ""民办小学"", ""624"": ""九年一贯制"", ""603"": ""二级园"", ""602"": ""一级园"", ""601"": ""示范园"", ""598"": ""民办幼儿园"", ""597"": ""公办幼儿园"", ""541"": ""3D沙盘"", ""263"": ""VR看房"", ""50"": ""品牌开发商""}","[""低容积"", ""装修交付"", ""内环内"", ""厨卫全明"", ""南北通透""]",https://pic4.ajkimg.com/display/xinfang/152b4cc3a1559112fd664b15e22a68ab/275x206n.jpg,[],齐齐哈尔路205弄
527083,興华里,上海,11,杨浦区,9,东外滩,87,上海杨浦区东外滩渭南路333弄,内环内,120000,120000元/㎡,首付103万，月供24813元,72-141㎡,别墅：10284.23m² 住宅：10284.23m²,别墅：30248.48m² 住宅：30248.48m²,"[{""id"": 856141, ""rooms"": 2, ""room_alias"": ""二室"", ""area"": 72.07}, {""id"": 851507, ""rooms"": 2, ""room_alias"": ""二室"", ""area"": 72.13}, {""id"": 856139, ""rooms"": 2, ""room_alias"": ""二室"", ""area"": 72.81}, {""id"": 856140, ""rooms"": 2, ""room_alias"": ""二室"", ""area"": 88.81}, {""id"": 851505, ""rooms"": 3, ""room_alias"": ""三室"", ""area"": 85.73}, {""id"": 856138, ""rooms"": 3, ""room_alias"": ""三室"", ""area"": 131.59}, {""id"": 851508, ""rooms"": 4, ""room_alias"": ""四室"", ""area"": 130.65}, {""id"": 856137, ""rooms"": 4, ""room_alias"": ""四室"", ""area"": 140.53}]",2/3/4室、别墅,"2室户型,3室户型,4室户型,别墅户型",2024-12-24,2024年12月24日,2024年12月24日,nan,"[""2024-12-12""]",{联排别墅},{联排别墅},别墅：70年 住宅：70年,住宅：1.6,nan,别墅：136 住宅：136,nan,在建中，竣工时间：暂无数据,别墅,nan,nan,nan,nan,nan,在售,在售,在售,"[""杨浦房管（2024）预字0000394号""]","[""11#、1#、10#、2#""]",上海城晖置业有限公司,上海城投,nan,别墅：民电,别墅：民水,31.26818,121.542211,"{""service_num"": ""4006708287"", ""num"": ""109487""}","{""52"": ""低容积"", ""11"": ""内环内"", ""9"": ""轨交房"", ""76"": ""厨卫全明"", ""74"": ""南北通透"", ""73"": ""卧室全朝南"", ""7"": ""项目在建"", ""10"": ""多轨交"", ""276"": ""一房一价"", ""72"": ""配套纯熟"", ""71"": ""便利店"", ""70"": ""银行"", ""69"": ""学校"", ""68"": ""医院"", ""67"": ""生态绿地"", ""66"": ""公园"", ""65"": ""商业街"", ""64"": ""购物中心"", ""78"": ""大户型"", ""402"": ""玄关入户"", ""401"": ""户型方正"", ""85"": ""主卧套房"", ""638"": ""民办中学"", ""637"": ""公办中学"", ""636"": ""公办小学"", ""635"": ""民办小学"", ""624"": ""九年一贯制"", ""603"": ""二级园"", ""602"": ""一级园"", ""601"": ""示范园"", ""598"": ""民办幼儿园"", ""597"": ""公办幼儿园"", ""541"": ""3D沙盘"", ""263"": ""VR看房"", ""55"": ""小型社区"", ""50"": ""品牌开发商""}","[""低容积"", ""内环内"", ""轨交房"", ""厨卫全明"", ""南北通透""]",https://pic4.ajkimg.com/display/xinfang/70e6fc69b37f42417c886eb5c3095c1b/275x206n.jpg,"[{""id"": ""7293165"", ""loupan_id"": ""527083"", ""station_id"": ""10422"", ""subway_id"": ""1017"", ""city_id"": ""11"", ""distance"": ""971米"", ""status"": ""1"", ""last_update_time"": ""1774209761"", ""is_rail_loupan"": ""1"", ""subway_name"": ""18号线"", ""station_name"": ""平凉路"", ""distance_raw"": ""971""}, {""id"": ""7293160"", ""loupan_id"": ""527083"", ""station_id"": ""2971"", ""subway_id"": ""56"", ""city_id"": ""11"", ""distance"": ""1038米"", ""status"": ""1"", ""last_update_time"": ""1774209759"", ""is_rail_loupan"": ""1"", ""subway_name"": ""12号线"", ""station_name"": ""宁国路"", ""distance_raw"": ""1038""}, {""id"": ""7293164"", ""loupan_id"": ""527083"", ""station_id"": ""10415"", ""subway_id"": ""1017"", ""city_id"": ""11"", ""distance"": ""1439米"", ""status"": ""1"", ""last_update_time"": ""1774209761"", ""is_rail_loupan"": ""1"", ""subway_name"": ""18号线"", ""station_name"": ""丹阳路"", ""distance_raw"": ""1439""}]",nan
530141,紫薇之星,上海,11,普陀区,10,桃浦,105,上海普陀区桃浦桃竹路208、270弄、绿松路310弄,中外环,85471,85471元/㎡,首付111万，月供26761元,100-188㎡,30000m²,60000m²,"[{""id"": 865610, ""rooms"": 3, ""room_alias"": ""三室"", ""area"": 100}, {""id"": 865684, ""rooms"": 3, ""room_alias"": ""三室"", ""area"": 101}, {""id"": 865685, ""rooms"": 3, ""room_alias"": ""三室"", ""area"": 101}, {""id"": 865687, ""rooms"": 3, ""room_alias"": ""三室"", ""area"": 101}, {""id"": 865690, ""rooms"": 3, ""room_alias"": ""三室"", ""area"": 101}, {""id"": 865691, ""rooms"": 3, ""room_alias"": ""三室"", ""area"": 114}, {""id"": 865694, ""rooms"": 3, ""room_alias"": ""三室"", ""area"": 121}, {""id"": 865696, ""rooms"": 4, ""room_alias"": ""四室"", ""area"": 141}, {""id"": 865698, ""rooms"": 4, ""room_alias"": ""四室"", ""area"": 182}, {""id"": 865700, ""rooms"": 4, ""room_alias"": ""四室"", ""area"": 188}]",3/4室,"3室户型,4室户型",2025-05-05,2025年05月05日,2025年5月5日,2026年7月31日,"[""2025-04-18"", ""2025-04-18"", ""2025-04-18""]",{高层},{高层},70年,2.5,35%,560,nan,在建中，竣工时间：暂无数据,住宅,nan,nan,nan,nan,nan,在售,在售,在售,"[""普陀房管（2025）预字0000091号"", ""普陀房管（2025）预字0000090号"", ""普陀房管（2025）预字0000089号""]","[""6#、7#、3#"", ""2#"", ""10#、11#、8#、9#""]",上海宝苑华盈房地产有限公司,"宝华地产,东苑集团",nan,民电,民水,31.286209,121.383235,"{""service_num"": ""4006708287"", ""num"": ""29765""}","{""723"": ""第四代住宅"", ""9"": ""轨交房"", ""76"": ""厨卫全明"", ""74"": ""南北通透"", ""73"": ""卧室全朝南"", ""7"": ""项目在建"", ""13"": ""中外环"", ""276"": ""一房一价"", ""72"": ""配套纯熟"", ""71"": ""便利店"", ""70"": ""银行"", ""69"": ""学校"", ""68"": ""医院"", ""67"": ""生态绿地"", ""66"": ""公园"", ""65"": ""商业街"", ""64"": ""购物中心"", ""78"": ""大户型"", ""402"": ""玄关入户"", ""401"": ""户型方正"", ""397"": ""动静分离"", ""85"": ""主卧套房"", ""92"": ""热搜盘"", ""91"": ""热评楼盘"", ""90"": ""人气楼盘"", ""637"": ""公办中学"", ""636"": ""公办小学"", ""624"": ""九年一贯制"", ""603"": ""二级园"", ""602"": ""一级园"", ""601"": ""示范园"", ""600"": ""市级示范园"", ""598"": ""民办幼儿园"", ""597"": ""公办幼儿园"", ""541"": ""3D沙盘"", ""540"": ""日照模拟"", ""263"": ""VR看房"", ""50"": ""品牌开发商""}","[""第四代住宅"", ""轨交房"", ""厨卫全明"", ""南北通透"", ""卧室全朝南""]",https://pic4.ajkimg.com/display/xinfang/6ee2aa274da99d7ca852641e32bba244/275x206n.jpg,"[{""id"": ""7305285"", ""loupan_id"": ""530141"", ""station_id"": ""2933"", ""subway_id"": ""55"", ""city_id"": ""11"", ""distance"": ""1473米"", ""status"": ""1"", ""last_update_time"": ""1774209758"", ""is_rail_loupan"": ""1"", ""subway_name"": ""11号线"", ""station_name"": ""祁连山路"", ""distance_raw"": ""1473""}]",普陀区常和路祁连山路路口
523742,世纪前滩·天汇,上海,11,浦东,7,前滩,23886,上海浦东前滩济阳路1008弄,内中环,132000,132000元/㎡,首付187万，月供45119元,110-285㎡,23700m²,219500m²,"[{""id"": 824082, ""rooms"": 2, ""room_alias"": ""二室"", ""area"": 110}, {""id"": 824083, ""rooms"": 3, ""room_alias"": ""三室"", ""area"": 162}, {""id"": 824081, ""rooms"": 4, ""room_alias"": ""四室"", ""area"": 213}, {""id"": 824085, ""rooms"": 4, ""room_alias"": ""四室"", ""area"": 285}]",2/3/4室,"2室户型,3室户型,4室户型",2023-11-28,2023年11月28日,2023年11月28日,2026年12月31日,"[""2023-11-07""]",{},{},70年,5.5,nan,258,带装修,在建中，竣工时间：暂无数据,住宅,上海陆家嘴贝思特物业管理有限公司,nan,nan,430,1:1.7,在售,在售,在售,"[""浦东新区房管(2023)预字0000396号""]","[""1#、2#""]",上海耀龙投资有限公司,陆家嘴,nan,民电,民水,31.158846,121.49146,"""""","{""56"": ""车位充足"", ""29"": ""装修交付"", ""12"": ""内中环"", ""9"": ""轨交房"", ""76"": ""厨卫全明"", ""74"": ""南北通透"", ""73"": ""卧室全朝南"", ""7"": ""项目在建"", ""10"": ""多轨交"", ""276"": ""一房一价"", ""72"": ""配套纯熟"", ""71"": ""便利店"", ""70"": ""银行"", ""69"": ""学校"", ""68"": ""医院"", ""67"": ""生态绿地"", ""66"": ""公园"", ""65"": ""商业街"", ""64"": ""购物中心"", ""78"": ""大户型"", ""402"": ""玄关入户"", ""401"": ""户型方正"", ""397"": ""动静分离"", ""85"": ""主卧套房"", ""641"": ""寄宿制中学"", ""637"": ""公办中学"", ""636"": ""公办小学"", ""625"": ""寄宿制小学"", ""624"": ""九年一贯制"", ""604"": ""三级园"", ""603"": ""二级园"", ""602"": ""一级园"", ""601"": ""示范园"", ""598"": ""民办幼儿园"", ""597"": ""公办幼儿园"", ""583"": ""23年十批次"", ""540"": ""日照模拟"", ""263"": ""VR看房"", ""55"": ""小型社区"", ""50"": ""品牌开发商""}","[""车位充足"", ""装修交付"", ""内中环"", ""轨交房"", ""厨卫全明""]",https://pic4.ajkimg.com/display/xinfang/5476fa627e77179ab34f32e7ae8fa97e/275x206n.jpg,"[{""id"": ""7259289"", ""loupan_id"": ""523742"", ""station_id"": ""121771"", ""subway_id"": ""12074"", ""city_id"": ""11"", ""distance"": ""729米"", ""status"": ""1"", ""last_update_time"": ""1774209760"", ""is_rail_loupan"": ""1"", ""subway_name"": ""19号线"", ""station_name"": ""东方体育中心"", ""distance_raw"": ""729""}, {""id"": ""7257756"", ""loupan_id"": ""523742"", ""station_id"": ""3204"", ""subway_id"": ""66"", ""city_id"": ""11"", ""distance"": ""987米"", ""status"": ""1"", ""last_update_time"": ""1774209759"", ""is_rail_loupan"": ""1"", ""subway_name"": ""8号线"", ""station_name"": ""东方体育中心"", ""distance_raw"": ""987""}, {""id"": ""7257751"", ""loupan_id"": ""523742"", ""station_id"": ""2919"", ""subway_id"": ""55"", ""city_id"": ""11"", ""distance"": ""988米"", ""status"": ""1"", ""last_update_time"": ""1774209761"", ""is_rail_loupan"": ""1"", ""subway_name"": ""11号线"", ""station_name"": ""东方体育中心"", ""distance_raw"": ""988""}, {""id"": ""7257753"", ""loupan_id"": ""523742"", ""station_id"": ""3164"", ""subway_id"": ""64"", ""city_id"": ""11"", ""distance"": ""988米"", ""status"": ""1"", ""last_update_time"": ""1774209758"", ""is_rail_loupan"": ""1"", ""subway_name"": ""6号线"", ""station_name"": ""东方体育中心"", ""distance_raw"": ""988""}]",泳耀路511弄6号
531327,经纬学府涵青三期,上海,11,宝山区,13,上大,125,上海宝山区上大涵青路398号,中外环,57000,57000元/㎡,首付53万，月供13495元,73-120㎡,220000m²,280000m²,"[{""id"": 877084, ""rooms"": 2, ""room_alias"": ""二室"", ""area"": 73}, {""id"": 877082, ""rooms"": 3, ""room_alias"": ""三室"", ""area"": 95}, {""id"": 877083, ""rooms"": 3, ""room_alias"": ""三室"", ""area"": 120}]",2/3室,"2室户型,3室户型",2025-09-28,2025年09月28日,2025年9月28日,nan,"[""2025-09-19""]",{高层},{高层},70年,1.5,43%,nan,nan,在建中，竣工时间：暂无数据,住宅,nan,nan,nan,nan,0.65:1,在售,在售,在售,"[""宝山房管（2025）预字0000301号""]","[""22#、23#""]",经纬置地有限公司,经纬集团,nan,民电,民水,31.335047,121.404243,"""""","{""56"": ""车位充足"", ""53"": ""高绿化率"", ""52"": ""低容积"", ""9"": ""轨交房"", ""76"": ""厨卫全明"", ""74"": ""南北通透"", ""73"": ""卧室全朝南"", ""7"": ""项目在建"", ""13"": ""中外环"", ""276"": ""一房一价"", ""72"": ""配套纯熟"", ""70"": ""银行"", ""69"": ""学校"", ""68"": ""医院"", ""65"": ""商业街"", ""64"": ""购物中心"", ""78"": ""大户型"", ""401"": ""户型方正"", ""397"": ""动静分离"", ""85"": ""主卧套房"", ""637"": ""公办中学"", ""636"": ""公办小学"", ""635"": ""民办小学"", ""624"": ""九年一贯制"", ""604"": ""三级园"", ""603"": ""二级园"", ""602"": ""一级园"", ""601"": ""示范园"", ""598"": ""民办幼儿园"", ""597"": ""公办幼儿园"", ""541"": ""3D沙盘"", ""421"": ""无需摇号"", ""263"": ""VR看房"", ""55"": ""小型社区"", ""50"": ""品牌开发商""}","[""车位充足"", ""高绿化率"", ""低容积"", ""轨交房"", ""厨卫全明""]",https://pic4.ajkimg.com/display/xinfang/fe27135ab6506dbce0a1260742929aa3/275x206n.jpg,"[{""id"": ""7309403"", ""loupan_id"": ""531327"", ""station_id"": ""3190"", ""subway_id"": ""65"", ""city_id"": ""11"", ""distance"": ""1102米"", ""status"": ""1"", ""last_update_time"": ""1774209760"", ""is_rail_loupan"": ""1"", ""subway_name"": ""7号线"", ""station_name"": ""南陈路"", ""distance_raw"": ""1102""}]",经地路99弄2号
529674,保利外滩启PARK77,上海,11,杨浦区,9,东外滩,87,上海杨浦区东外滩长阳路999弄,内环内,135500,135500元/㎡,首付170万，月供41007元,100-137㎡,8192.66m²,nan,"[{""id"": 872911, ""rooms"": 3, ""room_alias"": ""三室"", ""area"": 100}, {""id"": 872912, ""rooms"": 3, ""room_alias"": ""三室"", ""area"": 100}, {""id"": 872914, ""rooms"": 3, ""room_alias"": ""三室"", ""area"": 100}, {""id"": 872917, ""rooms"": 3, ""room_alias"": ""三室"", ""area"": 100}, {""id"": 878950, ""rooms"": 3, ""room_alias"": ""三室"", ""area"": 100}, {""id"": 878954, ""rooms"": 3, ""room_alias"": ""三室"", ""area"": 100}, {""id"": 878957, ""rooms"": 3, ""room_alias"": ""三室"", ""area"": 100}, {""id"": 878960, ""rooms"": 3, ""room_alias"": ""三室"", ""area"": 100}, {""id"": 872915, ""rooms"": 4, ""room_alias"": ""四室"", ""area"": 137}, {""id"": 872919, ""rooms"": 4, ""room_alias"": ""四室"", ""area"": 137}]",3/4室,"3室户型,4室户型",2025-09-27,2025年09月27日,2025年9月27日,2026年10月20日,"[""2025-09-15""]",{},{},nan,nan,nan,nan,nan,在建中，竣工时间：暂无数据,住宅,nan,nan,nan,nan,nan,在售,在售,在售,"[""杨浦房管(2025)预字0000276号""]","[""2#、1#""]",上海建庆置业有限公司,保利集团,nan,民电,民水,31.270798,121.529399,"{""service_num"": ""4006708287"", ""num"": ""26254""}","{""11"": ""内环内"", ""9"": ""轨交房"", ""76"": ""厨卫全明"", ""74"": ""南北通透"", ""73"": ""卧室全朝南"", ""7"": ""项目在建"", ""10"": ""多轨交"", ""276"": ""一房一价"", ""72"": ""配套纯熟"", ""71"": ""便利店"", ""70"": ""银行"", ""69"": ""学校"", ""68"": ""医院"", ""67"": ""生态绿地"", ""66"": ""公园"", ""65"": ""商业街"", ""64"": ""购物中心"", ""78"": ""大户型"", ""402"": ""玄关入户"", ""401"": ""户型方正"", ""397"": ""动静分离"", ""85"": ""主卧套房"", ""638"": ""民办中学"", ""637"": ""公办中学"", ""636"": ""公办小学"", ""635"": ""民办小学"", ""624"": ""九年一贯制"", ""603"": ""二级园"", ""602"": ""一级园"", ""601"": ""示范园"", ""598"": ""民办幼儿园"", ""597"": ""公办幼儿园"", ""541"": ""3D沙盘"", ""540"": ""日照模拟"", ""263"": ""VR看房"", ""55"": ""小型社区"", ""50"": ""品牌开发商""}","[""内环内"", ""轨交房"", ""厨卫全明"", ""南北通透"", ""卧室全朝南""]",https://pic4.ajkimg.com/display/xinfang/2cbcab3ab083f530ef570feb28eb7d54/275x206n.jpg,"[{""id"": ""7303930"", ""loupan_id"": ""529674"", ""station_id"": ""2970"", ""subway_id"": ""56"", ""city_id"": ""11"", ""distance"": ""90米"", ""status"": ""1"", ""last_update_time"": ""1774209760"", ""is_rail_loupan"": ""1"", ""subway_name"": ""12号线"", ""station_name"": ""江浦公园"", ""distance_raw"": ""90""}, {""id"": ""7303931"", ""loupan_id"": ""529674"", ""station_id"": ""120346"", ""subway_id"": ""1017"", ""city_id"": ""11"", ""distance"": ""139米"", ""status"": ""1"", ""last_update_time"": ""1774209760"", ""is_rail_loupan"": ""1"", ""subway_name"": ""18号线"", ""station_name"": ""江浦公园"", ""distance_raw"": ""139""}, {""id"": ""7303935"", ""loupan_id"": ""529674"", ""station_id"": ""10422"", ""subway_id"": ""1017"", ""city_id"": ""11"", ""distance"": ""830米"", ""status"": ""1"", ""last_update_time"": ""1774209759"", ""is_rail_loupan"": ""1"", ""subway_name"": ""18号线"", ""station_name"": ""平凉路"", ""distance_raw"": ""830""}, {""id"": ""7303929"", ""loupan_id"": ""529674"", ""station_id"": ""2971"", ""subway_id"": ""56"", ""city_id"": ""11"", ""distance"": ""1062米"", ""status"": ""1"", ""last_update_time"": ""1774209760"", ""is_rail_loupan"": ""1"", ""subway_name"": ""12号线"", ""station_name"": ""宁国路"", ""distance_raw"": ""1062""}, {""id"": ""7303936"", ""loupan_id"": ""529674"", ""station_id"": ""10419"", ""subway_id"": ""1017"", ""city_id"": ""11"", ""distance"": ""1175米"", ""status"": ""1"", ""last_update_time"": ""1774209759"", ""is_rail_loupan"": ""1"", ""subway_name"": ""18号线"", ""station_name"": ""江浦路"", ""distance_raw"": ""1175""}, {""id"": ""7303932"", ""loupan_id"": ""529674"", ""station_id"": ""2969"", ""subway_id"": ""56"", ""city_id"": ""11"", ""distance"": ""1294米"", ""status"": ""1"", ""last_update_time"": ""1774209760"", ""is_rail_loupan"": ""1"", ""subway_name"": ""12号线"", ""station_name"": ""大连路"", ""distance_raw"": ""1294""}, {""id"": ""7303934"", ""loupan_id"": ""529674"", ""station_id"": ""3113"", ""subway_id"": ""62"", ""city_id"": ""11"", ""distance"": ""1294米"", ""status"": ""1"", ""last_update_time"": ""1774209759"", ""is_rail_loupan"": ""1"", ""subway_name"": ""4号线"", ""station_name"": ""大连路"", ""distance_raw"": ""1294""}, {""id"": ""7303933"", ""loupan_id"": ""529674"", ""station_id"": ""3221"", ""subway_id"": ""66"", ""city_id"": ""11"", ""distance"": ""1405米"", ""status"": ""1"", ""last_update_time"": ""1774209758"", ""is_rail_loupan"": ""1"", ""subway_name"": ""8号线"", ""station_name"": ""江浦路"", ""distance_raw"": ""1405""}, {""id"": ""7303937"", ""loupan_id"": ""529674"", ""station_id"": ""10415"", ""subway_id"": ""1017"", ""city_id"": ""11"", ""distance"": ""1490米"", ""status"": ""1"", ""last_update_time"": ""1774209759"", ""is_rail_loupan"": ""1"", ""subway_name"": ""18号线"", ""station_name"": ""丹阳路"", ""distance_raw"": ""1490""}]",上海市杨浦区齐齐哈尔路丹阳路交叉口
473067,鑫耀中城,上海,11,徐汇区,5,田林,48,上海徐汇区田林叠彩路218弄,内中环,104500,104500元/㎡,首付155万，月供37328元,99-160㎡,118281.9m²,650678.65m²,"[{""id"": 588800, ""rooms"": 3, ""room_alias"": ""三室"", ""area"": 99}, {""id"": 589038, ""rooms"": 3, ""room_alias"": ""三室"", ""area"": 99}, {""id"": 589039, ""rooms"": 3, ""room_alias"": ""三室"", ""area"": 99}, {""id"": 724279, ""rooms"": 3, ""room_alias"": ""三室"", ""area"": 99}, {""id"": 724280, ""rooms"": 3, ""room_alias"": ""三室"", ""area"": 100}, {""id"": 724584, ""rooms"": 3, ""room_alias"": ""三室"", ""area"": 100}, {""id"": 724585, ""rooms"": 3, ""room_alias"": ""三室"", ""area"": 100}, {""id"": 724586, ""rooms"": 3, ""room_alias"": ""三室"", ""area"": 101}, {""id"": 589040, ""rooms"": 4, ""room_alias"": ""四室"", ""area"": 118}, {""id"": 724588, ""rooms"": 4, ""room_alias"": ""四室"", ""area"": 121}, {""id"": 724282, ""rooms"": 4, ""room_alias"": ""四室"", ""area"": 153}, {""id"": 724589, ""rooms"": 4, ""room_alias"": ""四室"", ""area"": 155}, {""id"": 588801, ""rooms"": 4, ""room_alias"": ""四室"", ""area"": 156}, {""id"": 724593, ""rooms"": 4, ""room_alias"": ""四室"", ""area"": 156}, {""id"": 589041, ""rooms"": 4, ""room_alias"": ""四室"", ""area"": 160}]",3/4室,"3室户型,4室户型",2021-12-02,2021年12月02日,2021年12月2日,nan,"[""2021-10-29"", ""2020-08-19""]",{高层},{高层},70年,2.8,35%,334,带装修,在建中，竣工时间：暂无数据,住宅,nan,7.9元/㎡/月,nan,420,nan,尾盘,尾盘,尾盘,"[""徐汇房管（2021）预字0000309号"", ""徐汇房管（2020）预字0000175号""]","[""二期1#、二期2#、二期3#、二期4#、二期5#、二期6#"", ""一期4#、一期3#、一期1#、一期2#""]",上海鑫侨高企业发展有限公司,"万科集团,香港置地",上海鑫侨高企业发展有限公司,民电,民水,31.173466074401,121.42198411503,"{""service_num"": ""4006708287"", ""num"": """"}","{""29"": ""装修交付"", ""12"": ""内中环"", ""76"": ""厨卫全明"", ""74"": ""南北通透"", ""7"": ""项目在建"", ""78"": ""大户型"", ""404"": ""客餐厅相连"", ""402"": ""玄关入户"", ""401"": ""户型方正"", ""397"": ""动静分离"", ""85"": ""主卧套房"", ""83"": ""双阳台"", ""82"": ""双卫生间"", ""641"": ""寄宿制中学"", ""638"": ""民办中学"", ""637"": ""公办中学"", ""636"": ""公办小学"", ""635"": ""民办小学"", ""624"": ""九年一贯制"", ""604"": ""三级园"", ""603"": ""二级园"", ""602"": ""一级园"", ""601"": ""示范园"", ""598"": ""民办幼儿园"", ""597"": ""公办幼儿园"", ""263"": ""VR看房"", ""50"": ""品牌开发商""}","[""装修交付"", ""内中环"", ""厨卫全明"", ""南北通透"", ""项目在建""]",https://pic4.ajkimg.com/display/xinfang/e4a1c83e3fd46207bdc7bd468e18620b/275x206n.jpg,[],徐汇苍梧路与虹漕路交汇处
533483,保利·虹桥和著丨璟岸,上海,11,嘉定区,14,江桥,139,上海嘉定区江桥昌瑞路219弄（曹安公路14号线封浜地铁站3号口往南约350米）,外郊环,52911,52911元/㎡,首付70万，月供17604元,95-108㎡,20958.43m²,77892.1m²,"[{""id"": 889079, ""rooms"": 3, ""room_alias"": ""三室"", ""area"": 95}, {""id"": 889757, ""rooms"": 3, ""room_alias"": ""三室"", ""area"": 95}, {""id"": 889726, ""rooms"": 3, ""room_alias"": ""三室"", ""area"": 108}]",3室,3室户型,2026-03-28,2026年03月28日,2026年3月28日,nan,"[""2026-03-16""]",{高层},{高层},70年,2.3,35%,518,nan,在建中，竣工时间：暂无数据,住宅,保利物业服务股份有限公司上海分公司,nan,nan,660,1：1.3,待售,待售,待售,"[""嘉定房管（2026）预字0000045号""]","[""2#、5#""]",上海上虹颐璟企业发展有限公司,保利集团,nan,民电,民水,31.269741,121.306805,"{""service_num"": ""4006708287"", ""num"": ""65236""}","{""9"": ""轨交房"", ""76"": ""厨卫全明"", ""74"": ""南北通透"", ""7"": ""项目在建"", ""15"": ""外郊环"", ""276"": ""一房一价"", ""72"": ""配套纯熟"", ""70"": ""银行"", ""69"": ""学校"", ""68"": ""医院"", ""65"": ""商业街"", ""64"": ""购物中心"", ""401"": ""户型方正"", ""85"": ""主卧套房"", ""270"": ""专车看房"", ""92"": ""热搜盘"", ""90"": ""人气楼盘"", ""637"": ""公办中学"", ""636"": ""公办小学"", ""635"": ""民办小学"", ""624"": ""九年一贯制"", ""604"": ""三级园"", ""603"": ""二级园"", ""602"": ""一级园"", ""598"": ""民办幼儿园"", ""597"": ""公办幼儿园"", ""591"": ""放松限购"", ""541"": ""3D沙盘"", ""540"": ""日照模拟"", ""422"": ""30日内开盘"", ""263"": ""VR看房"", ""50"": ""品牌开发商""}","[""轨交房"", ""厨卫全明"", ""南北通透"", ""项目在建"", ""外郊环""]",https://pic4.ajkimg.com/display/xinfang/9cc4ed042eb753e5f726519395e51e2a/275x206n.jpg,"[{""id"": ""7330106"", ""loupan_id"": ""533483"", ""station_id"": ""10376"", ""subway_id"": ""1019"", ""city_id"": ""11"", ""distance"": ""909米"", ""status"": ""1"", ""last_update_time"": ""1774209760"", ""is_rail_loupan"": ""1"", ""subway_name"": ""14号线"", ""station_name"": ""封浜"", ""distance_raw"": ""909""}]",保利虹桥和著营销中心（嘉定区曹安公路 14号线封浜地铁站3号口东侧约 200 米）
525393,国贸海屿佘山,上海,11,松江区,15,佘山,160,上海松江区佘山马尾山路609弄,外郊环,43290,43290元/㎡,首付57万，月供14551元,93-165㎡,nan,nan,"[{""id"": 868323, ""rooms"": 2, ""room_alias"": ""二室"", ""area"": 93}, {""id"": 855407, ""rooms"": 3, ""room_alias"": ""三室"", ""area"": 102}, {""id"": 855409, ""rooms"": 3, ""room_alias"": ""三室"", ""area"": 118}, {""id"": 855408, ""rooms"": 4, ""room_alias"": ""四室"", ""area"": 138}, {""id"": 855410, ""rooms"": 4, ""room_alias"": ""四室"", ""area"": 142}, {""id"": 855412, ""rooms"": 4, ""room_alias"": ""四室"", ""area"": 150}, {""id"": 855411, ""rooms"": 4, ""room_alias"": ""四室"", ""area"": 165}]",3室、别墅,"3室户型,别墅户型",2025-05-10,2025年05月10日,2025年5月10日,2026年6月25日,"[""2025-04-29"", ""2025-03-19""]",{高层},{高层},住宅：70年 别墅：70年,住宅：1.8 别墅：1.8,nan,nan,nan,在建中，竣工时间：暂无数据,住宅,nan,nan,nan,nan,nan,在售,在售,在售,"[""松江房管（2025）预字0000107号"", ""松江房管（2025）预字0000052号""]","[""2#、3#、1#、8#、15#、4#、5#、16#"", ""10#、6#、9#、13#、11#""]",上海贸华房地产有限公司,国贸地产,nan,住宅：民电,住宅：民水,31.139527,121.226769,"{""service_num"": ""4006708287"", ""num"": ""106239""}","{""52"": ""低容积"", ""76"": ""厨卫全明"", ""74"": ""南北通透"", ""73"": ""卧室全朝南"", ""7"": ""项目在建"", ""15"": ""外郊环"", ""276"": ""一房一价"", ""72"": ""配套纯熟"", ""70"": ""银行"", ""69"": ""学校"", ""67"": ""生态绿地"", ""66"": ""公园"", ""65"": ""商业街"", ""64"": ""购物中心"", ""79"": ""小户型"", ""78"": ""大户型"", ""402"": ""玄关入户"", ""401"": ""户型方正"", ""397"": ""动静分离"", ""85"": ""主卧套房"", ""270"": ""专车看房"", ""92"": ""热搜盘"", ""91"": ""热评楼盘"", ""90"": ""人气楼盘"", ""637"": ""公办中学"", ""636"": ""公办小学"", ""624"": ""九年一贯制"", ""604"": ""三级园"", ""603"": ""二级园"", ""602"": ""一级园"", ""601"": ""示范园"", ""598"": ""民办幼儿园"", ""597"": ""公办幼儿园"", ""591"": ""放松限购"", ""541"": ""3D沙盘"", ""263"": ""VR看房"", ""55"": ""小型社区"", ""50"": ""品牌开发商""}","[""低容积"", ""厨卫全明"", ""南北通透"", ""卧室全朝南"", ""项目在建""]",https://pic4.ajkimg.com/display/xinfang/1e9a1b8743b97ee97472c318ccfbb9fb/275x206n.jpg,[],上海市松江区佘山马尾山路609弄
517838,黄浦·庆成府,上海,11,黄浦区,4,老西门,35,上海黄浦区老西门中华路666弄,内环内,nan,nan,nan,174-242㎡,16104m²,83075.39m²,"[{""id"": 814267, ""rooms"": 3, ""room_alias"": ""三室"", ""area"": 174}, {""id"": 814268, ""rooms"": 3, ""room_alias"": ""三室"", ""area"": 179}, {""id"": 814269, ""rooms"": 4, ""room_alias"": ""四室"", ""area"": 212}, {""id"": 814270, ""rooms"": 4, ""room_alias"": ""四室"", ""area"": 242}]",3/4室,"3室户型,4室户型",2025-07-31,2025年,2025年,nan,"[""2024-02-06""]",{高层},{高层},70年,3.37,nan,nan,带装修,nan,住宅,nan,nan,nan,nan,nan,待售,待售,待售,"[""黄浦房管(2024)预字0000020号""]","[""17#、18#""]",上海南房（集团）有限公司,nan,上海南房（集团）有限公司,民电,民水,31.220242083158,121.50340343032,"""""","{""29"": ""装修交付"", ""11"": ""内环内"", ""9"": ""轨交房"", ""76"": ""厨卫全明"", ""74"": ""南北通透"", ""73"": ""卧室全朝南"", ""10"": ""多轨交"", ""276"": ""一房一价"", ""72"": ""配套纯熟"", ""71"": ""便利店"", ""70"": ""银行"", ""69"": ""学校"", ""68"": ""医院"", ""67"": ""生态绿地"", ""66"": ""公园"", ""65"": ""商业街"", ""64"": ""购物中心"", ""78"": ""大户型"", ""402"": ""玄关入户"", ""401"": ""户型方正"", ""397"": ""动静分离"", ""85"": ""主卧套房"", ""83"": ""双阳台"", ""91"": ""热评楼盘"", ""641"": ""寄宿制中学"", ""638"": ""民办中学"", ""637"": ""公办中学"", ""636"": ""公办小学"", ""624"": ""九年一贯制"", ""603"": ""二级园"", ""602"": ""一级园"", ""601"": ""示范园"", ""598"": ""民办幼儿园"", ""597"": ""公办幼儿园"", ""541"": ""3D沙盘"", ""263"": ""VR看房""}","[""装修交付"", ""内环内"", ""轨交房"", ""厨卫全明"", ""南北通透""]",https://pic4.ajkimg.com/display/xinfang/1f53f156700521a5dd7631e3921ee239/275x206n.jpg,"[{""id"": ""7194922"", ""loupan_id"": ""517838"", ""station_id"": ""3231"", ""subway_id"": ""67"", ""city_id"": ""11"", ""distance"": ""501米"", ""status"": ""1"", ""last_update_time"": ""1774209760"", ""is_rail_loupan"": ""1"", ""subway_name"": ""9号线"", ""station_name"": ""小南门"", ""distance_raw"": ""501""}, {""id"": ""7194938"", ""loupan_id"": ""517838"", ""station_id"": ""3106"", ""subway_id"": ""62"", ""city_id"": ""11"", ""distance"": ""994米"", ""status"": ""1"", ""last_update_time"": ""1774209761"", ""is_rail_loupan"": ""1"", ""subway_name"": ""4号线"", ""station_name"": ""南浦大桥"", ""distance_raw"": ""994""}, {""id"": ""7194923"", ""loupan_id"": ""517838"", ""station_id"": ""3210"", ""subway_id"": ""66"", ""city_id"": ""11"", ""distance"": ""1230米"", ""status"": ""1"", ""last_update_time"": ""1774209760"", ""is_rail_loupan"": ""1"", ""subway_name"": ""8号线"", ""station_name"": ""陆家浜路"", ""distance_raw"": ""1230""}, {""id"": ""7194921"", ""loupan_id"": ""517838"", ""station_id"": ""3232"", ""subway_id"": ""67"", ""city_id"": ""11"", ""distance"": ""1231米"", ""status"": ""1"", ""last_update_time"": ""1774209760"", ""is_rail_loupan"": ""1"", ""subway_name"": ""9号线"", ""station_name"": ""陆家浜路"", ""distance_raw"": ""1231""}]",黄浦区中华路518弄13号4楼
521643,上江南·璟荟名庭,上海,11,奉贤区,17,奉贤新城,25969,上海奉贤区奉贤新城湖畔路758弄,外郊环,53456,53456元/㎡,首付43万，月供10819元,96-272㎡,住宅：94915.9m² 别墅：94915.9m²,住宅：111314.5m² 别墅：201771.52m²,"[{""id"": 816170, ""rooms"": 3, ""room_alias"": ""三室"", ""area"": 96}, {""id"": 816171, ""rooms"": 4, ""room_alias"": ""四室"", ""area"": 125}, {""id"": 816183, ""rooms"": 4, ""room_alias"": ""四室"", ""area"": 145}, {""id"": 816181, ""rooms"": 4, ""room_alias"": ""四室"", ""area"": 174}, {""id"": 816180, ""rooms"": 5, ""room_alias"": ""五室"", ""area"": 213}, {""id"": 816182, ""rooms"": 5, ""room_alias"": ""五室"", ""area"": 272}]",3/4室、别墅,"3室户型,4室户型,别墅户型",2024-01-21,2024年01月21日,2024年1月21日,2026年下半年,"[""2024-01-08"", ""2023-11-17""]","{高层,花园洋房}","{高层,花园洋房}",住宅：70年 别墅：70年,住宅：1.2 别墅：1.2,住宅：35% 别墅：35%,住宅：768 别墅：867,"住宅：毛坯,带装修 别墅：毛坯,带装修",在建中，竣工时间：暂无数据,住宅,上海聚锦未来城市运营管理有限公司,住宅：4.5元/㎡/月 别墅：5.5元/㎡/月,nan,住宅：1265 别墅：1265,住宅：1:1.5 别墅：1:1.5,在售,在售,在售,"[""奉贤房管（2024）预字0000002号"", ""奉贤房管（2023）预字0000391号""]","[""34#、37#、38#、54#、59#、57#、33#、24#、51#、25#、29#、30#、43#、12#、42#、17#、47#、16#、46#、48#、19#"", ""35#、36#、39#、41#、10#、40#、9#、55#、31#、32#、49#、23#、50#、28#、27#、53#、52#、56#、11#、45#、44#、14#、15#、22#""]",上海奉贤新城上江南置业有限公司,奉贤新城地产,nan,住宅：民电 别墅：民电,住宅：民水 别墅：民水,30.946610372535,121.50974160451,"{""service_num"": ""4006708287"", ""num"": ""100128""}","{""56"": ""车位充足"", ""52"": ""低容积"", ""29"": ""装修交付"", ""76"": ""厨卫全明"", ""74"": ""南北通透"", ""73"": ""卧室全朝南"", ""7"": ""项目在建"", ""15"": ""外郊环"", ""276"": ""一房一价"", ""72"": ""配套纯熟"", ""71"": ""便利店"", ""70"": ""银行"", ""68"": ""医院"", ""67"": ""生态绿地"", ""66"": ""公园"", ""65"": ""商业街"", ""64"": ""购物中心"", ""78"": ""大户型"", ""402"": ""玄关入户"", ""401"": ""户型方正"", ""85"": ""主卧套房"", ""83"": ""双阳台"", ""92"": ""热搜盘"", ""91"": ""热评楼盘"", ""90"": ""人气楼盘"", ""637"": ""公办中学"", ""636"": ""公办小学"", ""624"": ""九年一贯制"", ""603"": ""二级园"", ""602"": ""一级园"", ""598"": ""民办幼儿园"", ""597"": ""公办幼儿园"", ""591"": ""放松限购"", ""588"": ""23年十一批次"", ""541"": ""3D沙盘"", ""540"": ""日照模拟"", ""263"": ""VR看房""}","[""车位充足"", ""低容积"", ""装修交付"", ""厨卫全明"", ""南北通透""]",https://pic4.ajkimg.com/display/xinfang/5814500a9d589f1c7f329c4d04b0ef82/275x206n.jpg,[],奉贤金汇龙湖天街1F（展厅地址）
498143,开云明月华庭,上海,11,浦东,7,金桥,68,上海浦东金桥金港路1368弄,中外环,89500,89500元/㎡,首付100万，月供24200元,90-140㎡,19685.5m²,71797m²,"[{""id"": 778142, ""rooms"": 2, ""room_alias"": ""二室"", ""area"": 90}, {""id"": 778143, ""rooms"": 3, ""room_alias"": ""三室"", ""area"": 120}, {""id"": 778144, ""rooms"": 4, ""room_alias"": ""四室"", ""area"": 140}]",2/3/4室,"2室户型,3室户型,4室户型",2023-05-31,2023年05月31日,2023年5月31日,2026年,"[""2023-05-05""]",{高层},{高层},70年,2,35%,318,带装修,在建中，竣工时间：暂无数据,住宅,上海仁恒物业管理有限公司,nan,nan,636,1:2,售罄,售罄,售罄,"[""浦东新区房管(2023)预字 0000127号""]","[""1#、2#、4#、3#""]",上海浦东土地控股（集团）有限公司,浦开集团,上海浦东土地控股（集团）有限公司,民电,民水,31.241314173165,121.63543140464,"{""service_num"": ""4006708287"", ""num"": """"}","{""56"": ""车位充足"", ""29"": ""装修交付"", ""9"": ""轨交房"", ""76"": ""厨卫全明"", ""74"": ""南北通透"", ""73"": ""卧室全朝南"", ""7"": ""项目在建"", ""13"": ""中外环"", ""276"": ""一房一价"", ""78"": ""大户型"", ""402"": ""玄关入户"", ""401"": ""户型方正"", ""85"": ""主卧套房"", ""637"": ""公办中学"", ""636"": ""公办小学"", ""603"": ""二级园"", ""602"": ""一级园"", ""601"": ""示范园"", ""598"": ""民办幼儿园"", ""597"": ""公办幼儿园"", ""562"": ""23年一批次"", ""541"": ""3D沙盘"", ""540"": ""日照模拟"", ""263"": ""VR看房"", ""50"": ""品牌开发商""}","[""车位充足"", ""装修交付"", ""轨交房"", ""厨卫全明"", ""南北通透""]",https://pic4.ajkimg.com/display/xinfang/bc736f7d10c625a4444564a580d7ce82/275x206n.jpg,"[{""id"": ""7187596"", ""loupan_id"": ""498143"", ""station_id"": ""10346"", ""subway_id"": ""1019"", ""city_id"": ""11"", ""distance"": ""663米"", ""status"": ""1"", ""last_update_time"": ""1774209760"", ""is_rail_loupan"": ""1"", ""subway_name"": ""14号线"", ""station_name"": ""金粤路"", ""distance_raw"": ""663""}]",浦东新区金葵路360号（金港路口）
526238,绿发浦江园,上海,11,黄浦区,4,黄浦滨江,2249,上海黄浦区黄浦滨江半淞园路299弄,内环内,160000,160000元/㎡,首付150万，月供36066元,143-195㎡,29795m²,67367.41m²,"[{""id"": 841775, ""rooms"": 3, ""room_alias"": ""三室"", ""area"": 143}, {""id"": 841776, ""rooms"": 3, ""room_alias"": ""三室"", ""area"": 143}, {""id"": 841777, ""rooms"": 3, ""room_alias"": ""三室"", ""area"": 168}, {""id"": 841778, ""rooms"": 3, ""room_alias"": ""三室"", ""area"": 168}, {""id"": 841779, ""rooms"": 4, ""room_alias"": ""四室"", ""area"": 168}, {""id"": 841780, ""rooms"": 4, ""room_alias"": ""四室"", ""area"": 195}]",3/4室,"3室户型,4室户型",2024-09-28,2024年09月28日,2024年9月28日,2026年12月31日,"[""2024-09-14""]",{},{},70年,nan,nan,409,带装修,在建中，竣工时间：暂无数据,住宅,nan,nan,nan,nan,nan,在售,在售,在售,"[""黄浦房管（2024）预备字000258""]","[""5#、2#、1#、4#、3#""]",上海绿发实业投资有限公司,nan,nan,民电,民水,31.210324,121.502967,"{""service_num"": ""4006708287"", ""num"": ""107879""}","{""29"": ""装修交付"", ""11"": ""内环内"", ""9"": ""轨交房"", ""76"": ""厨卫全明"", ""74"": ""南北通透"", ""73"": ""卧室全朝南"", ""7"": ""项目在建"", ""10"": ""多轨交"", ""276"": ""一房一价"", ""72"": ""配套纯熟"", ""71"": ""便利店"", ""70"": ""银行"", ""69"": ""学校"", ""68"": ""医院"", ""67"": ""生态绿地"", ""66"": ""公园"", ""65"": ""商业街"", ""64"": ""购物中心"", ""78"": ""大户型"", ""402"": ""玄关入户"", ""401"": ""户型方正"", ""85"": ""主卧套房"", ""90"": ""人气楼盘"", ""641"": ""寄宿制中学"", ""638"": ""民办中学"", ""637"": ""公办中学"", ""636"": ""公办小学"", ""635"": ""民办小学"", ""624"": ""九年一贯制"", ""603"": ""二级园"", ""602"": ""一级园"", ""601"": ""示范园"", ""598"": ""民办幼儿园"", ""597"": ""公办幼儿园"", ""541"": ""3D沙盘"", ""540"": ""日照模拟"", ""263"": ""VR看房""}","[""装修交付"", ""内环内"", ""轨交房"", ""厨卫全明"", ""南北通透""]",https://pic4.ajkimg.com/display/xinfang/be01d877982522fd4de2d2f42efecd6b/275x206n.jpg,"[{""id"": ""7291399"", ""loupan_id"": ""526238"", ""station_id"": ""3105"", ""subway_id"": ""62"", ""city_id"": ""11"", ""distance"": ""951米"", ""status"": ""1"", ""last_update_time"": ""1774209760"", ""is_rail_loupan"": ""1"", ""subway_name"": ""4号线"", ""station_name"": ""西藏南路"", ""distance_raw"": ""951""}, {""id"": ""7291401"", ""loupan_id"": ""526238"", ""station_id"": ""3209"", ""subway_id"": ""66"", ""city_id"": ""11"", ""distance"": ""951米"", ""status"": ""1"", ""last_update_time"": ""1774209759"", ""is_rail_loupan"": ""1"", ""subway_name"": ""8号线"", ""station_name"": ""西藏南路"", ""distance_raw"": ""951""}, {""id"": ""7291400"", ""loupan_id"": ""526238"", ""station_id"": ""3106"", ""subway_id"": ""62"", ""city_id"": ""11"", ""distance"": ""1091米"", ""status"": ""1"", ""last_update_time"": ""1774209760"", ""is_rail_loupan"": ""1"", ""subway_name"": ""4号线"", ""station_name"": ""南浦大桥"", ""distance_raw"": ""1091""}]",nan
522622,尚湾林语,上海,11,闵行区,11,颛桥,116,上海闵行区颛桥新源路158弄,外郊环,60431,60431元/㎡,首付76万，月供18394元,81-149㎡,105636.6m²,172000m²,"[{""id"": 821971, ""rooms"": 2, ""room_alias"": ""二室"", ""area"": 81}, {""id"": 821975, ""rooms"": 3, ""room_alias"": ""三室"", ""area"": 93}, {""id"": 839714, ""rooms"": 3, ""room_alias"": ""三室"", ""area"": 93}, {""id"": 822000, ""rooms"": 3, ""room_alias"": ""三室"", ""area"": 100}, {""id"": 821976, ""rooms"": 3, ""room_alias"": ""三室"", ""area"": 101}, {""id"": 821977, ""rooms"": 3, ""room_alias"": ""三室"", ""area"": 101}, {""id"": 839715, ""rooms"": 3, ""room_alias"": ""三室"", ""area"": 101}, {""id"": 842021, ""rooms"": 3, ""room_alias"": ""三室"", ""area"": 130}, {""id"": 822002, ""rooms"": 4, ""room_alias"": ""四室"", ""area"": 149}]",2/3/4室,"2室户型,3室户型,4室户型",2025-09-13,2025年09月13日,2025年9月13日,2026年3月,"[""2025-08-28"", ""2025-06-05"", ""2024-12-13"", ""2024-05-10"", ""2024-05-10"", ""2023-11-24""]",{高层},{高层},70年,1.6,35%,1726,"毛坯,带装修",在建中，竣工时间：暂无数据,住宅,上海闵房物业有限公司,3.98元/㎡/月,nan,nan,nan,在售,在售,在售,"[""闵行房管（2025）预字0000248号"", ""闵行房管（2025）预字0000154号"", ""闵行房管（2024）预字0000381号"", ""闵行房管(2024)预字0000108号"", ""闵行房管(2024)预字0000107号"", ""闵行房管（2023）预字0000400号""]","[""33#"", ""34#、30#"", ""15#、16#"", ""20#"", ""51#、52#"", ""12#、11#、14#、13#、10#、9#""]",上海地产星侨置业有限公司,上海地产集团,nan,民电,民水,31.039095,121.415515,"""""","{""129"": ""自带商业"", ""57"": ""人车分流"", ""52"": ""低容积"", ""34"": ""独栋"", ""29"": ""装修交付"", ""76"": ""厨卫全明"", ""74"": ""南北通透"", ""7"": ""项目在建"", ""15"": ""外郊环"", ""37"": ""叠加"", ""36"": ""双拼"", ""35"": ""联排"", ""30"": ""花园洋房"", ""276"": ""一房一价"", ""72"": ""配套纯熟"", ""71"": ""便利店"", ""70"": ""银行"", ""69"": ""学校"", ""68"": ""医院"", ""67"": ""生态绿地"", ""66"": ""公园"", ""65"": ""商业街"", ""64"": ""购物中心"", ""78"": ""大户型"", ""408"": ""全明空间"", ""402"": ""玄关入户"", ""401"": ""户型方正"", ""397"": ""动静分离"", ""85"": ""主卧套房"", ""83"": ""双阳台"", ""90"": ""人气楼盘"", ""716"": ""24年五批次"", ""637"": ""公办中学"", ""636"": ""公办小学"", ""635"": ""民办小学"", ""624"": ""九年一贯制"", ""604"": ""三级园"", ""603"": ""二级园"", ""602"": ""一级园"", ""598"": ""民办幼儿园"", ""597"": ""公办幼儿园"", ""591"": ""放松限购"", ""541"": ""3D沙盘"", ""540"": ""日照模拟"", ""421"": ""无需摇号"", ""389"": ""五大新城"", ""263"": ""VR看房"", ""226"": ""商业街区"", ""219"": ""地铁上盖"", ""213"": ""地铁沿线"", ""98"": ""改善置业"", ""97"": ""刚需直选"", ""54"": ""大型社区""}","[""自带商业"", ""人车分流"", ""低容积"", ""独栋"", ""装修交付""]",https://pic4.ajkimg.com/display/xinfang/2805520be57420cac76dc1210c94b59a/275x206n.jpg,[],闵行区颛桥镇沪闵路1998号
521945,杨浦城投·悦江湾,上海,11,杨浦区,9,五角场,88,上海杨浦区五角场三门路5弄,中外环,99000,99000元/㎡,首付103万，月供24849元,99-142㎡,16638.7m²,39726.18m²,"[{""id"": 818195, ""rooms"": 3, ""room_alias"": ""三室"", ""area"": 99}, {""id"": 818196, ""rooms"": 3, ""room_alias"": ""三室"", ""area"": 114}, {""id"": 818197, ""rooms"": 4, ""room_alias"": ""四室"", ""area"": 142}]",3/4室,"3室户型,4室户型",2024-01-18,2024年01月18日,2024年1月18日,2026年7月,"[""2023-12-27""]",{},{},70年,2.5,35%,290,带装修,在建中，竣工时间：暂无数据,住宅,上海延吉物业管理有限公司,nan,nan,382,nan,在售,在售,在售,"[""杨浦房管（2023）预字0000449号""]","[""2#、1#、4#、3#""]",上海城悦万嘉置业有限公司,杨浦城投,nan,民电,民水,31.318509,121.524042,"""""","{""29"": ""装修交付"", ""9"": ""轨交房"", ""76"": ""厨卫全明"", ""74"": ""南北通透"", ""73"": ""卧室全朝南"", ""7"": ""项目在建"", ""10"": ""多轨交"", ""13"": ""中外环"", ""276"": ""一房一价"", ""72"": ""配套纯熟"", ""71"": ""便利店"", ""70"": ""银行"", ""69"": ""学校"", ""68"": ""医院"", ""67"": ""生态绿地"", ""66"": ""公园"", ""65"": ""商业街"", ""64"": ""购物中心"", ""78"": ""大户型"", ""402"": ""玄关入户"", ""401"": ""户型方正"", ""397"": ""动静分离"", ""85"": ""主卧套房"", ""90"": ""人气楼盘"", ""638"": ""民办中学"", ""637"": ""公办中学"", ""636"": ""公办小学"", ""624"": ""九年一贯制"", ""603"": ""二级园"", ""602"": ""一级园"", ""601"": ""示范园"", ""598"": ""民办幼儿园"", ""597"": ""公办幼儿园"", ""588"": ""23年十一批次"", ""541"": ""3D沙盘"", ""540"": ""日照模拟"", ""263"": ""VR看房"", ""55"": ""小型社区"", ""50"": ""品牌开发商""}","[""装修交付"", ""轨交房"", ""厨卫全明"", ""南北通透"", ""卧室全朝南""]",https://pic4.ajkimg.com/display/xinfang/e5756fafb6f56364c6e25d76d121e03f/275x206n.jpg,"[{""id"": ""7259840"", ""loupan_id"": ""521945"", ""station_id"": ""121418"", ""subway_id"": ""12075"", ""city_id"": ""11"", ""distance"": ""976米"", ""status"": ""1"", ""last_update_time"": ""1774209760"", ""is_rail_loupan"": ""1"", ""subway_name"": ""20号线"", ""station_name"": ""国和路"", ""distance_raw"": ""976""}, {""id"": ""7252244"", ""loupan_id"": ""521945"", ""station_id"": ""2882"", ""subway_id"": ""54"", ""city_id"": ""11"", ""distance"": ""1099米"", ""status"": ""1"", ""last_update_time"": ""1774209758"", ""is_rail_loupan"": ""1"", ""subway_name"": ""10号线"", ""station_name"": ""三门路"", ""distance_raw"": ""1099""}, {""id"": ""7259841"", ""loupan_id"": ""521945"", ""station_id"": ""121417"", ""subway_id"": ""12075"", ""city_id"": ""11"", ""distance"": ""1118米"", ""status"": ""1"", ""last_update_time"": ""1774209760"", ""is_rail_loupan"": ""1"", ""subway_name"": ""20号线"", ""station_name"": ""三门路"", ""distance_raw"": ""1118""}, {""id"": ""7252243"", ""loupan_id"": ""521945"", ""station_id"": ""2883"", ""subway_id"": ""54"", ""city_id"": ""11"", ""distance"": ""1493米"", ""status"": ""1"", ""last_update_time"": ""1774209758"", ""is_rail_loupan"": ""1"", ""subway_name"": ""10号线"", ""station_name"": ""江湾体育场"", ""distance_raw"": ""1493""}]",三门路1号（国栋路口）
532154,联发·时光新澍,上海,11,青浦区,19,青浦新城,166,上海青浦区青浦新城淀怡路88弄、青曲路28弄,外郊环,40893,40893元/㎡,首付57万，月供14475元,116-155㎡,60158.73m²,224888.4m²,"[{""id"": 882237, ""rooms"": 3, ""room_alias"": ""三室"", ""area"": 116}, {""id"": 882238, ""rooms"": 3, ""room_alias"": ""三室"", ""area"": 116}, {""id"": 882240, ""rooms"": 4, ""room_alias"": ""四室"", ""area"": 135}, {""id"": 882239, ""rooms"": 4, ""room_alias"": ""四室"", ""area"": 139}, {""id"": 882241, ""rooms"": 4, ""room_alias"": ""四室"", ""area"": 155}]",3/4室,"3室户型,4室户型",2026-02-05,2026年02月05日,2026年2月5日,nan,"[""2026-01-23"", ""2025-12-16"", ""2025-12-16""]","{多层,小高层,高层}","{多层,小高层,高层}",70年,2.24,35%,1171,带装修,在建中，竣工时间：暂无数据,住宅,nan,nan,nan,1568,1:1.32,在售,在售,在售,"[""青浦房管(2026)预字0000017号"", ""青浦房管(2025)预字000437号"", ""青浦房管(2025)预字000436号""]","[""49-7#、49-3#"", ""49-6#"", ""47-1#、47-2#""]",上海新澍浦泓房地产开发有限公司,联发集团,nan,民电,民水,31.132193,121.084611,"{""service_num"": ""4006708287"", ""num"": ""52231""}","{""723"": ""第四代住宅"", ""81"": ""大阳台"", ""56"": ""车位充足"", ""29"": ""装修交付"", ""76"": ""厨卫全明"", ""74"": ""南北通透"", ""73"": ""卧室全朝南"", ""7"": ""项目在建"", ""15"": ""外郊环"", ""276"": ""一房一价"", ""72"": ""配套纯熟"", ""69"": ""学校"", ""68"": ""医院"", ""66"": ""公园"", ""65"": ""商业街"", ""64"": ""购物中心"", ""78"": ""大户型"", ""402"": ""玄关入户"", ""401"": ""户型方正"", ""397"": ""动静分离"", ""85"": ""主卧套房"", ""92"": ""热搜盘"", ""91"": ""热评楼盘"", ""90"": ""人气楼盘"", ""744"": ""好房子"", ""641"": ""寄宿制中学"", ""638"": ""民办中学"", ""637"": ""公办中学"", ""636"": ""公办小学"", ""625"": ""寄宿制小学"", ""624"": ""九年一贯制"", ""604"": ""三级园"", ""603"": ""二级园"", ""602"": ""一级园"", ""598"": ""民办幼儿园"", ""597"": ""公办幼儿园"", ""591"": ""放松限购"", ""541"": ""3D沙盘"", ""540"": ""日照模拟"", ""421"": ""无需摇号"", ""263"": ""VR看房"", ""50"": ""品牌开发商""}","[""第四代住宅"", ""大阳台"", ""车位充足"", ""装修交付"", ""厨卫全明""]",https://pic4.ajkimg.com/display/xinfang/e4618679e591505483b1fbddb0ce9d76/275x206n.jpg,[],nan
527072,新开发·丰盛里,上海,11,松江区,15,松江新城,143,上海松江区松江新城沪松路19弄,外郊环,47285,47285元/㎡,首付73万，月供18358元,103-136㎡,13823m²,52757m²,"[{""id"": 849477, ""rooms"": 3, ""room_alias"": ""三室"", ""area"": 103}, {""id"": 849480, ""rooms"": 3, ""room_alias"": ""三室"", ""area"": 103}, {""id"": 849481, ""rooms"": 3, ""room_alias"": ""三室"", ""area"": 103}, {""id"": 849482, ""rooms"": 3, ""room_alias"": ""三室"", ""area"": 103}, {""id"": 849483, ""rooms"": 3, ""room_alias"": ""三室"", ""area"": 103}, {""id"": 849478, ""rooms"": 4, ""room_alias"": ""四室"", ""area"": 136}, {""id"": 849479, ""rooms"": 4, ""room_alias"": ""四室"", ""area"": 136}]",3/4室,"3室户型,4室户型",2024-09-28,2024年09月28日,2024年9月28日,2026年9月30日,"[""2024-09-14""]",{},{},70年,2.29,35%,266,带装修,在建中，竣工时间：暂无数据,住宅,nan,nan,nan,nan,nan,在售,在售,在售,"[""松江房管(2024)预字0000261号""]","[""4#、2#、3#、1#""]",上海育新置业有限公司,nan,松江新城建设开发集团,民电,民水,31.023342,121.249922,"{""service_num"": ""4006708287"", ""num"": ""109471""}","{""29"": ""装修交付"", ""76"": ""厨卫全明"", ""74"": ""南北通透"", ""73"": ""卧室全朝南"", ""7"": ""项目在建"", ""15"": ""外郊环"", ""72"": ""配套纯熟"", ""71"": ""便利店"", ""70"": ""银行"", ""69"": ""学校"", ""68"": ""医院"", ""67"": ""生态绿地"", ""66"": ""公园"", ""65"": ""商业街"", ""64"": ""购物中心"", ""78"": ""大户型"", ""402"": ""玄关入户"", ""401"": ""户型方正"", ""397"": ""动静分离"", ""85"": ""主卧套房"", ""641"": ""寄宿制中学"", ""638"": ""民办中学"", ""637"": ""公办中学"", ""636"": ""公办小学"", ""635"": ""民办小学"", ""624"": ""九年一贯制"", ""603"": ""二级园"", ""602"": ""一级园"", ""601"": ""示范园"", ""598"": ""民办幼儿园"", ""597"": ""公办幼儿园"", ""591"": ""放松限购"", ""541"": ""3D沙盘"", ""540"": ""日照模拟"", ""421"": ""无需摇号"", ""263"": ""VR看房"", ""55"": ""小型社区""}","[""装修交付"", ""厨卫全明"", ""南北通透"", ""卧室全朝南"", ""项目在建""]",https://pic4.ajkimg.com/display/xinfang/73fe88ffdacf3acd57244f9fe935ff9e/275x206n.jpg,[],nan
526706,龙湖观萃,上海,11,奉贤区,17,奉贤新城,25969,上海奉贤区奉贤新城文秀路358弄（光迎路与文秀路交汇处）,外郊环,44518,44518元/㎡,首付68万，月供17114元,107-185㎡,38059.94m²,83731.87m²,"[{""id"": 849635, ""rooms"": 3, ""room_alias"": ""三室"", ""area"": 107}, {""id"": 849636, ""rooms"": 4, ""room_alias"": ""四室"", ""area"": 125}, {""id"": 849638, ""rooms"": 4, ""room_alias"": ""四室"", ""area"": 143}, {""id"": 849640, ""rooms"": 4, ""room_alias"": ""四室"", ""area"": 185}, {""id"": 849642, ""rooms"": 4, ""room_alias"": ""四室"", ""area"": 185}]",3/4室,"3室户型,4室户型",2024-11-28,2024年11月28日,2024年11月28日,2026年,"[""2024-11-18"", ""2024-10-20"", ""2024-09-17""]",{小高层},{小高层},70年,2.2,32%,463,带装修,在建中，竣工时间：暂无数据,住宅,上海龙湖物业服务有限公司,4.6元/㎡/月,nan,nan,1:1.49,售罄,售罄,售罄,"[""奉贤房管2024预字0000352号"", ""奉贤房管（2024）预字0000308号"", ""奉贤房管2024预字0000257号""]","[""2#、3#、6#"", ""4#"", ""1#、5#、8#、9#、7#""]",上海湖宸房地产有限公司,龙湖地产,nan,民电,民水,30.920786,121.506731,"""""","{""56"": ""车位充足"", ""29"": ""装修交付"", ""9"": ""轨交房"", ""76"": ""厨卫全明"", ""74"": ""南北通透"", ""73"": ""卧室全朝南"", ""7"": ""项目在建"", ""15"": ""外郊环"", ""276"": ""一房一价"", ""72"": ""配套纯熟"", ""71"": ""便利店"", ""70"": ""银行"", ""69"": ""学校"", ""68"": ""医院"", ""67"": ""生态绿地"", ""66"": ""公园"", ""65"": ""商业街"", ""64"": ""购物中心"", ""78"": ""大户型"", ""402"": ""玄关入户"", ""401"": ""户型方正"", ""397"": ""动静分离"", ""85"": ""主卧套房"", ""637"": ""公办中学"", ""636"": ""公办小学"", ""604"": ""三级园"", ""603"": ""二级园"", ""602"": ""一级园"", ""601"": ""示范园"", ""598"": ""民办幼儿园"", ""597"": ""公办幼儿园"", ""591"": ""放松限购"", ""541"": ""3D沙盘"", ""540"": ""日照模拟"", ""263"": ""VR看房"", ""50"": ""品牌开发商""}","[""车位充足"", ""装修交付"", ""轨交房"", ""厨卫全明"", ""南北通透""]",https://pic4.ajkimg.com/display/xinfang/aefd7fcb7b0e5276e9b9ba81b27c0a89/275x206n.jpg,"[{""id"": ""7292260"", ""loupan_id"": ""526706"", ""station_id"": ""10132"", ""subway_id"": ""63"", ""city_id"": ""11"", ""distance"": ""661米"", ""status"": ""1"", ""last_update_time"": ""1774209761"", ""is_rail_loupan"": ""1"", ""subway_name"": ""5号线"", ""station_name"": ""奉贤新城"", ""distance_raw"": ""661""}]",上海市奉贤区光迎路与文秀路交汇处
517856,露香园二期,上海,11,黄浦区,4,豫园,34,上海黄浦区豫园露香园路89弄、大境路106弄、旧仓街99弄,内环内,176000,176000元/㎡,首付794万，月供191005元,377-882㎡,住宅：158000m² 别墅：158000m²,住宅：386000m² 别墅：386000m²,"[{""id"": 851639, ""rooms"": 4, ""room_alias"": ""四室"", ""area"": 377}, {""id"": 856384, ""rooms"": 4, ""room_alias"": ""四室"", ""area"": 377}, {""id"": 856385, ""rooms"": 4, ""room_alias"": ""四室"", ""area"": 400}, {""id"": 851642, ""rooms"": 4, ""room_alias"": ""四室"", ""area"": 491}, {""id"": 856383, ""rooms"": 4, ""room_alias"": ""四室"", ""area"": 491}, {""id"": 856387, ""rooms"": 5, ""room_alias"": ""五室"", ""area"": 882}, {""id"": 846480, ""rooms"": 6, ""room_alias"": ""六室"", ""area"": 407.94}, {""id"": 846477, ""rooms"": 6, ""room_alias"": ""六室"", ""area"": 442.35}]",4/5室、别墅,"4室户型,5室户型,别墅户型",2024-11-25,2024年11月25日,2024年11月25日,nan,"[""2024-06-24"", ""2024-11-13"", ""2024-02-21"", ""2024-02-21""]",{高层},{高层},住宅：70年,住宅：3.2,住宅：35% 别墅：35%,住宅：273 别墅：273,nan,在建中，竣工时间：暂无数据,住宅,nan,nan,nan,nan,nan,在售,在售,在售,"[""黄浦房管(2024)预字0000165号"", ""黄浦房管(2024)预字0000337号"", ""黄浦房管(2024)预字0000025号"", ""黄浦房管(2024)预字0000024号""]","[""天誉A3幢、天誉A2幢"", ""7#"", ""4#、2#、3#""]",上海露香园建设发展有限公司,nan,上海露香园建设发展有限公司,住宅：民电,住宅：民水,31.231258562546,121.49258441842,"""""","{""11"": ""内环内"", ""9"": ""轨交房"", ""76"": ""厨卫全明"", ""74"": ""南北通透"", ""73"": ""卧室全朝南"", ""7"": ""项目在建"", ""10"": ""多轨交"", ""276"": ""一房一价"", ""72"": ""配套纯熟"", ""71"": ""便利店"", ""70"": ""银行"", ""69"": ""学校"", ""68"": ""医院"", ""67"": ""生态绿地"", ""66"": ""公园"", ""65"": ""商业街"", ""64"": ""购物中心"", ""78"": ""大户型"", ""402"": ""玄关入户"", ""401"": ""户型方正"", ""85"": ""主卧套房"", ""92"": ""热搜盘"", ""91"": ""热评楼盘"", ""90"": ""人气楼盘"", ""638"": ""民办中学"", ""637"": ""公办中学"", ""636"": ""公办小学"", ""635"": ""民办小学"", ""629"": ""24年二批次"", ""624"": ""九年一贯制"", ""603"": ""二级园"", ""602"": ""一级园"", ""601"": ""示范园"", ""598"": ""民办幼儿园"", ""597"": ""公办幼儿园"", ""541"": ""3D沙盘"", ""263"": ""VR看房"", ""55"": ""小型社区""}","[""内环内"", ""轨交房"", ""厨卫全明"", ""南北通透"", ""卧室全朝南""]",https://pic4.ajkimg.com/display/xinfang/b6642c9f21f9d9e8be483822ceab61a7/275x206n.jpg,"[{""id"": ""7195230"", ""loupan_id"": ""517856"", ""station_id"": ""2893"", ""subway_id"": ""54"", ""city_id"": ""11"", ""distance"": ""470米"", ""status"": ""1"", ""last_update_time"": ""1774209760"", ""is_rail_loupan"": ""1"", ""subway_name"": ""10号线"", ""station_name"": ""豫园"", ""distance_raw"": ""470""}, {""id"": ""7195221"", ""loupan_id"": ""517856"", ""station_id"": ""10377"", ""subway_id"": ""1019"", ""city_id"": ""11"", ""distance"": ""662米"", ""status"": ""1"", ""last_update_time"": ""1774209760"", ""is_rail_loupan"": ""1"", ""subway_name"": ""14号线"", ""station_name"": ""豫园"", ""distance_raw"": ""662""}, {""id"": ""7195220"", ""loupan_id"": ""517856"", ""station_id"": ""10360"", ""subway_id"": ""1019"", ""city_id"": ""11"", ""distance"": ""857米"", ""status"": ""1"", ""last_update_time"": ""1774209760"", ""is_rail_loupan"": ""1"", ""subway_name"": ""14号线"", ""station_name"": ""大世界"", ""distance_raw"": ""857""}, {""id"": ""7195194"", ""loupan_id"": ""517856"", ""station_id"": ""3212"", ""subway_id"": ""66"", ""city_id"": ""11"", ""distance"": ""960米"", ""status"": ""1"", ""last_update_time"": ""1774209759"", ""is_rail_loupan"": ""1"", ""subway_name"": ""8号线"", ""station_name"": ""大世界"", ""distance_raw"": ""960""}, {""id"": ""7195192"", ""loupan_id"": ""517856"", ""station_id"": ""3211"", ""subway_id"": ""66"", ""city_id"": ""11"", ""distance"": ""1115米"", ""status"": ""1"", ""last_update_time"": ""1774209759"", ""is_rail_loupan"": ""1"", ""subway_name"": ""8号线"", ""station_name"": ""老西门"", ""distance_raw"": ""1115""}, {""id"": ""7256859"", ""loupan_id"": ""517856"", ""station_id"": ""2894"", ""subway_id"": ""54"", ""city_id"": ""11"", ""distance"": ""1116米"", ""status"": ""1"", ""last_update_time"": ""1774209760"", ""is_rail_loupan"": ""1"", ""subway_name"": ""10号线"", ""station_name"": ""老西门"", ""distance_raw"": ""1116""}, {""id"": ""7195248"", ""loupan_id"": ""517856"", ""station_id"": ""3029"", ""subway_id"": ""59"", ""city_id"": ""11"", ""distance"": ""1498米"", ""status"": ""1"", ""last_update_time"": ""1774209759"", ""is_rail_loupan"": ""1"", ""subway_name"": ""1号线"", ""station_name"": ""黄陂南路"", ""distance_raw"": ""1498""}]",nan
526573,青溪雲邸,上海,11,长宁区,6,北新泾,59,上海长宁区北新泾青溪路188弄,中外环,nan,nan,nan,170-690㎡,住宅：23047.8m² 别墅：23047.8m²,住宅：27657.4m² 别墅：27657.4m²,"[{""id"": 841693, ""rooms"": 3, ""room_alias"": ""三室"", ""area"": 170}, {""id"": 841696, ""rooms"": 4, ""room_alias"": ""四室"", ""area"": 340}, {""id"": 867476, ""rooms"": 4, ""room_alias"": ""四室"", ""area"": 430}, {""id"": 867477, ""rooms"": 4, ""room_alias"": ""四室"", ""area"": 560}, {""id"": 867478, ""rooms"": 4, ""room_alias"": ""四室"", ""area"": 690}]",别墅、3/4室,"3室户型,4室户型,别墅户型",2025-10-24,2025年4季度,2025年4季度,nan,"[""2024-09-25""]",{},{},住宅：70年 别墅：70年,住宅：1.2 别墅：1.2,nan,住宅：68,nan,在建中，竣工时间：暂无数据,住宅,nan,nan,nan,nan,nan,待售,待售,待售,"[""长宁房管(2024)预字0000278号""]","[""4#、2#、3#、8#""]",上海城曦置业有限公司,上海城投,nan,住宅：民电,住宅：民水,31.202019,121.378741,"{""service_num"": ""4006708287"", ""num"": ""108521""}","{""52"": ""低容积"", ""9"": ""轨交房"", ""76"": ""厨卫全明"", ""74"": ""南北通透"", ""73"": ""卧室全朝南"", ""7"": ""项目在建"", ""13"": ""中外环"", ""276"": ""一房一价"", ""72"": ""配套纯熟"", ""71"": ""便利店"", ""70"": ""银行"", ""69"": ""学校"", ""68"": ""医院"", ""67"": ""生态绿地"", ""66"": ""公园"", ""65"": ""商业街"", ""64"": ""购物中心"", ""78"": ""大户型"", ""402"": ""玄关入户"", ""401"": ""户型方正"", ""397"": ""动静分离"", ""85"": ""主卧套房"", ""91"": ""热评楼盘"", ""90"": ""人气楼盘"", ""638"": ""民办中学"", ""637"": ""公办中学"", ""636"": ""公办小学"", ""635"": ""民办小学"", ""624"": ""九年一贯制"", ""603"": ""二级园"", ""602"": ""一级园"", ""601"": ""示范园"", ""598"": ""民办幼儿园"", ""597"": ""公办幼儿园"", ""263"": ""VR看房"", ""55"": ""小型社区""}","[""低容积"", ""轨交房"", ""厨卫全明"", ""南北通透"", ""卧室全朝南""]",https://pic4.ajkimg.com/display/xinfang/74d3ba2002ffe8f4412fdc4f9b6bb314/275x206n.jpg,"[{""id"": ""7291956"", ""loupan_id"": ""526573"", ""station_id"": ""2903"", ""subway_id"": ""54"", ""city_id"": ""11"", ""distance"": ""1274米"", ""status"": ""1"", ""last_update_time"": ""1774209760"", ""is_rail_loupan"": ""1"", ""subway_name"": ""10号线"", ""station_name"": ""龙溪路"", ""distance_raw"": ""1274""}, {""id"": ""7291955"", ""loupan_id"": ""526573"", ""station_id"": ""2907"", ""subway_id"": ""54"", ""city_id"": ""11"", ""distance"": ""1361米"", ""status"": ""1"", ""last_update_time"": ""1774209760"", ""is_rail_loupan"": ""1"", ""subway_name"": ""10号线"", ""station_name"": ""上海动物园"", ""distance_raw"": ""1361""}]",nan
489537,融创未来金融城,上海,11,浦东,7,唐镇,173,上海浦东唐镇华东路5888号，夏榕路58弄，玉盘南路799弄，春桐路155弄，棠梨路66弄、77弄,外郊环,70233,70233元/㎡,首付78万，月供18971元,85-164㎡,住宅：89000m² 别墅：89000m²,住宅：158000m² 别墅：158000m²,"[{""id"": 772722, ""rooms"": 2, ""room_alias"": ""二室"", ""area"": 85}, {""id"": 772723, ""rooms"": 2, ""room_alias"": ""二室"", ""area"": 85}, {""id"": 664547, ""rooms"": 3, ""room_alias"": ""三室"", ""area"": 88}, {""id"": 731314, ""rooms"": 3, ""room_alias"": ""三室"", ""area"": 90}, {""id"": 664548, ""rooms"": 3, ""room_alias"": ""三室"", ""area"": 92}, {""id"": 764375, ""rooms"": 3, ""room_alias"": ""三室"", ""area"": 92}, {""id"": 664549, ""rooms"": 3, ""room_alias"": ""三室"", ""area"": 99}, {""id"": 664550, ""rooms"": 3, ""room_alias"": ""三室"", ""area"": 100}, {""id"": 728325, ""rooms"": 3, ""room_alias"": ""三室"", ""area"": 100}, {""id"": 764376, ""rooms"": 3, ""room_alias"": ""三室"", ""area"": 102}, {""id"": 664551, ""rooms"": 3, ""room_alias"": ""三室"", ""area"": 109}, {""id"": 766427, ""rooms"": 3, ""room_alias"": ""三室"", ""area"": 114}, {""id"": 664552, ""rooms"": 3, ""room_alias"": ""三室"", ""area"": 117}, {""id"": 664553, ""rooms"": 3, ""room_alias"": ""三室"", ""area"": 119}, {""id"": 664546, ""rooms"": 3, ""room_alias"": ""三室"", ""area"": 122}, {""id"": 731313, ""rooms"": 3, ""room_alias"": ""三室"", ""area"": 123}, {""id"": 764377, ""rooms"": 3, ""room_alias"": ""三室"", ""area"": 126}, {""id"": 728327, ""rooms"": 3, ""room_alias"": ""三室"", ""area"": 130}, {""id"": 664593, ""rooms"": 3, ""room_alias"": ""三室"", ""area"": 142}, {""id"": 731428, ""rooms"": 3, ""room_alias"": ""三室"", ""area"": 148}, {""id"": 772725, ""rooms"": 3, ""room_alias"": ""三室"", ""area"": 151}, {""id"": 766444, ""rooms"": 4, ""room_alias"": ""四室"", ""area"": 119}, {""id"": 728330, ""rooms"": 4, ""room_alias"": ""四室"", ""area"": 130}, {""id"": 764378, ""rooms"": 4, ""room_alias"": ""四室"", ""area"": 135}, {""id"": 772724, ""rooms"": 4, ""room_alias"": ""四室"", ""area"": 164}, {""id"": 772726, ""rooms"": 4, ""room_alias"": ""四室"", ""area"": 164}]",2/3/4室、别墅,"2室户型,3室户型,4室户型,别墅户型",2023-12-07,2023年12月07日,2023年12月7日,2026年6月30日,"[""2021-06-04"", ""2021-08-31"", ""2021-06-04"", ""2023-11-21"", ""2023-06-14"", ""2022-01-20"", ""2021-12-17"", ""2021-12-17"", ""2021-11-17""]",{小高层},{小高层},住宅：70年 别墅：70年,住宅：1.8,住宅：35% 别墅：35%,住宅：1486 别墅：1486,住宅：带装修 别墅：带装修,在建中，竣工时间：暂无数据,住宅,融创物业服务集团有限公司上海分公司,住宅：5.8元/㎡/月,nan,住宅：1783 别墅：1783,住宅：1:1.2 别墅：1:1.2,在售,在售,在售,"[""浦东新区房管(2021)预字0000149号"", ""浦东新区房管(2021)预字0000223号"", ""浦东新区房管(2021)预字0000150号"", ""浦东新区房管(2023)预字0000398号"", ""浦东新区房管(2023)预字0000194号"", ""浦东新区房管（2022）预字0000014号"", ""浦东新区房管（2021）预字0000385号"", ""浦东新区房管（2021）预字0000386号"", ""浦东新区房管（2021）预字0000341号""]","[""13A-1#、13A-2#、13A-3#、13A-4#、13A-5#"", ""13B-1#、13B-2#、13B-3#、13B-4#、13B-5#、13B-6#、13B-7#"", ""13C-1#、13C-4#、13C-5#、13C-6#、13C-7#、13C-10#、13C-11#"", ""08C-01-2#、08C-01-4#、08C-01-3#、08C-01-7#、08C-01-5#、08C-01-10#、08C-01-8#、08C-01-12#"", ""08B-01-1#、08B-01-2#、08B-01-4#、08B-01-3#、08B-01-5#、08B-01-6#"", ""13C-2#、13C-3#、13C-8#、13C-9#、13C-12#"", ""13D-06-1#、13D-06-2#、13D-06-3#、13D-06-4#、13D-06-5#、13D-06-6#、13D-06-7#、13D-06-8#、13D-06-9#、13D-06-10#、13D-06-11#"", ""13D-02-2#、13D-02-5#、13D-02-7#、13D-02-8#、13D-02-10#、13D-02-11#"", ""13D-02-1#、13D-02-3#、13D-02-4#、13D-02-6#、13D-02-9#""]",上海枫丹丽舍房地产开发有限公司,融创中国,融创中国,住宅：民电,住宅：民水,31.215164454064,121.68405370204,"""""","{""56"": ""车位充足"", ""52"": ""低容积"", ""29"": ""装修交付"", ""9"": ""轨交房"", ""76"": ""厨卫全明"", ""74"": ""南北通透"", ""73"": ""卧室全朝南"", ""7"": ""项目在建"", ""15"": ""外郊环"", ""276"": ""一房一价"", ""78"": ""大户型"", ""404"": ""客餐厅相连"", ""402"": ""玄关入户"", ""401"": ""户型方正"", ""85"": ""主卧套房"", ""638"": ""民办中学"", ""637"": ""公办中学"", ""636"": ""公办小学"", ""625"": ""寄宿制小学"", ""624"": ""九年一贯制"", ""604"": ""三级园"", ""603"": ""二级园"", ""602"": ""一级园"", ""601"": ""示范园"", ""598"": ""民办幼儿园"", ""597"": ""公办幼儿园"", ""591"": ""放松限购"", ""582"": ""23年九批次"", ""541"": ""3D沙盘"", ""540"": ""日照模拟"", ""539"": ""22年四批次"", ""263"": ""VR看房"", ""50"": ""品牌开发商""}","[""车位充足"", ""低容积"", ""装修交付"", ""轨交房"", ""厨卫全明""]",https://pic4.ajkimg.com/display/xinfang/24916a19e5160d4870dad863fad9ffe4/275x206n.jpg,"[{""id"": ""7176448"", ""loupan_id"": ""489537"", ""station_id"": ""3047"", ""subway_id"": ""60"", ""city_id"": ""11"", ""distance"": ""742米"", ""status"": ""1"", ""last_update_time"": ""1774209759"", ""is_rail_loupan"": ""1"", ""subway_name"": ""2号线"", ""station_name"": ""创新中路"", ""distance_raw"": ""742""}, {""id"": ""7176447"", ""loupan_id"": ""489537"", ""station_id"": ""3046"", ""subway_id"": ""60"", ""city_id"": ""11"", ""distance"": ""1483米"", ""status"": ""1"", ""last_update_time"": ""1774209759"", ""is_rail_loupan"": ""1"", ""subway_name"": ""2号线"", ""station_name"": ""华夏东路"", ""distance_raw"": ""1483""}]",上海市浦东新区华东路5888号
520608,中企云启春申,上海,11,闵行区,11,莘庄,106,上海闵行区莘庄秀涟路77弄,外郊环,80000,80000元/㎡,首付96万，月供23118元,96-127㎡,20930.09m²,41860.19m²,"[{""id"": 827396, ""rooms"": 3, ""room_alias"": ""三室"", ""area"": 96}, {""id"": 827397, ""rooms"": 3, ""room_alias"": ""三室"", ""area"": 96}, {""id"": 827399, ""rooms"": 4, ""room_alias"": ""四室"", ""area"": 127}]",3/4室,"3室户型,4室户型",2024-07-30,2024年07月30日,2024年7月30日,2026年6月,"[""2024-07-11"", ""2023-11-23""]","{小高层,高层}","{小高层,高层}",70年,2,35%,388,带装修,在建中，竣工时间：暂无数据,住宅,上海古北物业（集团）有限公司,6元/㎡/月,nan,518,nan,在售,在售,在售,"[""闵行房管(2024)预字0000184号"", ""闵行房管（2023）预字0000395号""]","[""4#、3#"", ""1#、5#、2#、7#、6#""]",上海鸿钻房地产开发有限公司,中华企业,nan,民电,民水,31.128544,121.367778,"{""service_num"": ""4006708287"", ""num"": ""89411""}","{""29"": ""装修交付"", ""9"": ""轨交房"", ""76"": ""厨卫全明"", ""74"": ""南北通透"", ""7"": ""项目在建"", ""10"": ""多轨交"", ""15"": ""外郊环"", ""276"": ""一房一价"", ""72"": ""配套纯熟"", ""71"": ""便利店"", ""70"": ""银行"", ""69"": ""学校"", ""68"": ""医院"", ""67"": ""生态绿地"", ""65"": ""商业街"", ""64"": ""购物中心"", ""78"": ""大户型"", ""402"": ""玄关入户"", ""401"": ""户型方正"", ""397"": ""动静分离"", ""85"": ""主卧套房"", ""720"": ""7.2过会楼盘"", ""638"": ""民办中学"", ""637"": ""公办中学"", ""636"": ""公办小学"", ""635"": ""民办小学"", ""624"": ""九年一贯制"", ""604"": ""三级园"", ""603"": ""二级园"", ""602"": ""一级园"", ""601"": ""示范园"", ""598"": ""民办幼儿园"", ""597"": ""公办幼儿园"", ""591"": ""放松限购"", ""588"": ""23年十一批次"", ""541"": ""3D沙盘"", ""540"": ""日照模拟"", ""263"": ""VR看房"", ""50"": ""品牌开发商""}","[""装修交付"", ""轨交房"", ""厨卫全明"", ""南北通透"", ""项目在建""]",https://pic4.ajkimg.com/display/xinfang/a4662ed1194901bcb9792cdc930ce341/275x206n.jpg,"[{""id"": ""7250408"", ""loupan_id"": ""520608"", ""station_id"": ""2949"", ""subway_id"": ""56"", ""city_id"": ""11"", ""distance"": ""1330米"", ""status"": ""1"", ""last_update_time"": ""1774209760"", ""is_rail_loupan"": ""1"", ""subway_name"": ""12号线"", ""station_name"": ""七莘路"", ""distance_raw"": ""1330""}, {""id"": ""7259814"", ""loupan_id"": ""520608"", ""station_id"": ""121485"", ""subway_id"": ""12081"", ""city_id"": ""11"", ""distance"": ""1455米"", ""status"": ""1"", ""last_update_time"": ""1774209760"", ""is_rail_loupan"": ""1"", ""subway_name"": ""嘉闵线"", ""station_name"": ""七莘路"", ""distance_raw"": ""1455""}]",nan
524280,静安玺樾,上海,11,静安区,2,西藏北路,119,上海静安区西藏北路中华新路475弄,内环内,124191,124191元/㎡,首付141万，月供34082元,94-165㎡,31352.4m²,97398.6m²,"[{""id"": 853694, ""rooms"": 2, ""room_alias"": ""二室"", ""area"": 94}, {""id"": 837454, ""rooms"": 2, ""room_alias"": ""二室"", ""area"": 98}, {""id"": 840334, ""rooms"": 2, ""room_alias"": ""二室"", ""area"": 98}, {""id"": 857998, ""rooms"": 2, ""room_alias"": ""二室"", ""area"": 103}, {""id"": 838591, ""rooms"": 3, ""room_alias"": ""三室"", ""area"": 100}, {""id"": 837453, ""rooms"": 3, ""room_alias"": ""三室"", ""area"": 104}, {""id"": 837452, ""rooms"": 3, ""room_alias"": ""三室"", ""area"": 122}, {""id"": 838592, ""rooms"": 3, ""room_alias"": ""三室"", ""area"": 134}, {""id"": 837451, ""rooms"": 4, ""room_alias"": ""四室"", ""area"": 165}]",2/3/4室,"2室户型,3室户型,4室户型",2025-09-17,2025年09月17日,2025年9月17日,2026年6月,"[""2025-09-03"", ""2024-11-04"", ""2024-04-25""]",{高层},{高层},70年,3.05,35%,926,nan,在建中，竣工时间：暂无数据,住宅,上海万科物业服务有限公司,9.8元/㎡/月,nan,1130,1:1.22,在售,在售,在售,"[""静安房管(2025)预字0000262号"", ""静安房管(2024)预字0000325号"", ""静安房管（2024）预字0000098号""]","[""2#、7#"", ""3#、6#"", ""4#、5#、1#""]",上海静安城市更新投资发展有限公司,nan,nan,民电,民水,31.260151,121.472105,"""""","{""56"": ""车位充足"", ""11"": ""内环内"", ""9"": ""轨交房"", ""76"": ""厨卫全明"", ""74"": ""南北通透"", ""73"": ""卧室全朝南"", ""7"": ""项目在建"", ""10"": ""多轨交"", ""276"": ""一房一价"", ""72"": ""配套纯熟"", ""71"": ""便利店"", ""70"": ""银行"", ""69"": ""学校"", ""68"": ""医院"", ""67"": ""生态绿地"", ""66"": ""公园"", ""65"": ""商业街"", ""64"": ""购物中心"", ""78"": ""大户型"", ""402"": ""玄关入户"", ""401"": ""户型方正"", ""397"": ""动静分离"", ""85"": ""主卧套房"", ""92"": ""热搜盘"", ""91"": ""热评楼盘"", ""90"": ""人气楼盘"", ""638"": ""民办中学"", ""637"": ""公办中学"", ""636"": ""公办小学"", ""635"": ""民办小学"", ""634"": ""24年三批次"", ""624"": ""九年一贯制"", ""603"": ""二级园"", ""602"": ""一级园"", ""601"": ""示范园"", ""598"": ""民办幼儿园"", ""597"": ""公办幼儿园"", ""541"": ""3D沙盘"", ""263"": ""VR看房""}","[""车位充足"", ""内环内"", ""轨交房"", ""厨卫全明"", ""南北通透""]",https://pic4.ajkimg.com/display/xinfang/ad3b13636727ba50e81920fc3399f05b/275x206n.jpg,"[{""id"": ""7286498"", ""loupan_id"": ""524280"", ""station_id"": ""3215"", ""subway_id"": ""66"", ""city_id"": ""11"", ""distance"": ""545米"", ""status"": ""1"", ""last_update_time"": ""1774209758"", ""is_rail_loupan"": ""1"", ""subway_name"": ""8号线"", ""station_name"": ""中兴路"", ""distance_raw"": ""545""}, {""id"": ""7286504"", ""loupan_id"": ""524280"", ""station_id"": ""3117"", ""subway_id"": ""62"", ""city_id"": ""11"", ""distance"": ""1122米"", ""status"": ""1"", ""last_update_time"": ""1774209760"", ""is_rail_loupan"": ""1"", ""subway_name"": ""4号线"", ""station_name"": ""上海火车站"", ""distance_raw"": ""1122""}, {""id"": ""7286503"", ""loupan_id"": ""524280"", ""station_id"": ""3083"", ""subway_id"": ""61"", ""city_id"": ""11"", ""distance"": ""1123米"", ""status"": ""1"", ""last_update_time"": ""1774209760"", ""is_rail_loupan"": ""1"", ""subway_name"": ""3号线"", ""station_name"": ""上海火车站"", ""distance_raw"": ""1123""}, {""id"": ""7286501"", ""loupan_id"": ""524280"", ""station_id"": ""3024"", ""subway_id"": ""59"", ""city_id"": ""11"", ""distance"": ""1204米"", ""status"": ""1"", ""last_update_time"": ""1774209760"", ""is_rail_loupan"": ""1"", ""subway_name"": ""1号线"", ""station_name"": ""中山北路"", ""distance_raw"": ""1204""}, {""id"": ""7286502"", ""loupan_id"": ""524280"", ""station_id"": ""3084"", ""subway_id"": ""61"", ""city_id"": ""11"", ""distance"": ""1465米"", ""status"": ""1"", ""last_update_time"": ""1774209760"", ""is_rail_loupan"": ""1"", ""subway_name"": ""3号线"", ""station_name"": ""宝山路"", ""distance_raw"": ""1465""}, {""id"": ""7286505"", ""loupan_id"": ""524280"", ""station_id"": ""3116"", ""subway_id"": ""62"", ""city_id"": ""11"", ""distance"": ""1465米"", ""status"": ""1"", ""last_update_time"": ""1774209760"", ""is_rail_loupan"": ""1"", ""subway_name"": ""4号线"", ""station_name"": ""宝山路"", ""distance_raw"": ""1465""}]",永兴商务广场（上海市静安区虬江路1355弄1号1楼）
521421,建发联发青云上,上海,11,浦东,7,曹路,172,上海浦东曹路顾如路219弄,外郊环,51500,51500元/㎡,首付73万，月供17636元,95-116㎡,23555.9m²,70684.75m²,"[{""id"": 817423, ""rooms"": 3, ""room_alias"": ""三室"", ""area"": 95}, {""id"": 825362, ""rooms"": 3, ""room_alias"": ""三室"", ""area"": 95}, {""id"": 864595, ""rooms"": 3, ""room_alias"": ""三室"", ""area"": 95}, {""id"": 817427, ""rooms"": 3, ""room_alias"": ""三室"", ""area"": 116}, {""id"": 817432, ""rooms"": 3, ""room_alias"": ""三室"", ""area"": 116}]",3室,3室户型,2023-12-27,2023年12月27日,2023年12月27日,2026年3月,"[""2023-12-12""]",{高层},{高层},70年,2,35%,448,带装修,在建中，竣工时间：暂无数据,住宅,怡家园（厦门）物业管理有限公司上海分公司,4.3元/㎡/月,nan,628,nan,在售,在售,在售,"[""浦东新区房管(2023)预字0000437号""]","[""5#、4#、1#、6#、2#、3#""]",上海兆至房地产开发有限公司,"建发房产,联发集团",nan,民电,民水,31.295792,121.686921,"{""service_num"": ""4006708287"", ""num"": ""99140""}","{""81"": ""大阳台"", ""29"": ""装修交付"", ""9"": ""轨交房"", ""76"": ""厨卫全明"", ""74"": ""南北通透"", ""73"": ""卧室全朝南"", ""7"": ""项目在建"", ""15"": ""外郊环"", ""72"": ""配套纯熟"", ""70"": ""银行"", ""69"": ""学校"", ""68"": ""医院"", ""65"": ""商业街"", ""64"": ""购物中心"", ""78"": ""大户型"", ""402"": ""玄关入户"", ""401"": ""户型方正"", ""85"": ""主卧套房"", ""82"": ""双卫生间"", ""637"": ""公办中学"", ""636"": ""公办小学"", ""604"": ""三级园"", ""602"": ""一级园"", ""598"": ""民办幼儿园"", ""597"": ""公办幼儿园"", ""591"": ""放松限购"", ""588"": ""23年十一批次"", ""541"": ""3D沙盘"", ""540"": ""日照模拟"", ""263"": ""VR看房"", ""50"": ""品牌开发商""}","[""大阳台"", ""装修交付"", ""轨交房"", ""厨卫全明"", ""南北通透""]",https://pic4.ajkimg.com/display/xinfang/ddd0f97fff629fb8bcdfbe8fbaf5718d/275x206n.jpg,"[{""id"": ""7259393"", ""loupan_id"": ""521421"", ""station_id"": ""121469"", ""subway_id"": ""12079"", ""city_id"": ""11"", ""distance"": ""1161米"", ""status"": ""1"", ""last_update_time"": ""1774209761"", ""is_rail_loupan"": ""1"", ""subway_name"": ""崇明线"", ""station_name"": ""凌空北路"", ""distance_raw"": ""1161""}]",nan
526856,新弘·北京道,上海,11,黄浦区,4,南京东路,33,上海黄浦区南京东路东至新昌路，南至凤阳路，西至成都北路，北至北京西路,内环内,nan,nan,nan,nan,21878m²,130632.5m²,[],nan,"3室户型,4室户型",nan,nan,nan,nan,[],{高层},{高层},70年,nan,nan,nan,nan,nan,住宅,nan,nan,nan,nan,nan,待售,待售,待售,[],[],上海春日置业有限公司,nan,nan,民电,民水,31.239743,121.474906,"{""service_num"": ""4006708287"", ""num"": ""109058""}","{""11"": ""内环内"", ""9"": ""轨交房"", ""10"": ""多轨交"", ""72"": ""配套纯熟"", ""71"": ""便利店"", ""70"": ""银行"", ""69"": ""学校"", ""68"": ""医院"", ""67"": ""生态绿地"", ""66"": ""公园"", ""65"": ""商业街"", ""64"": ""购物中心"", ""638"": ""民办中学"", ""637"": ""公办中学"", ""636"": ""公办小学"", ""635"": ""民办小学"", ""624"": ""九年一贯制"", ""603"": ""二级园"", ""602"": ""一级园"", ""601"": ""示范园"", ""598"": ""民办幼儿园"", ""597"": ""公办幼儿园""}","[""内环内"", ""轨交房"", ""多轨交"", ""配套纯熟"", ""便利店""]",https://pic4.ajkimg.com/display/xinfang/dbf7e5dbb83ec5fe188ff39d8bc356d0/275x206n.jpg,"[{""id"": ""7337729"", ""loupan_id"": ""526856"", ""station_id"": ""3059"", ""subway_id"": ""60"", ""city_id"": ""11"", ""distance"": ""579米"", ""status"": ""1"", ""last_update_time"": ""1774209759"", ""is_rail_loupan"": ""1"", ""subway_name"": ""2号线"", ""station_name"": ""人民广场"", ""distance_raw"": ""579""}, {""id"": ""7337726"", ""loupan_id"": ""526856"", ""station_id"": ""3027"", ""subway_id"": ""59"", ""city_id"": ""11"", ""distance"": ""754米"", ""status"": ""1"", ""last_update_time"": ""1774209759"", ""is_rail_loupan"": ""1"", ""subway_name"": ""1号线"", ""station_name"": ""新闸路"", ""distance_raw"": ""754""}, {""id"": ""7337727"", ""loupan_id"": ""526856"", ""station_id"": ""3028"", ""subway_id"": ""59"", ""city_id"": ""11"", ""distance"": ""766米"", ""status"": ""1"", ""last_update_time"": ""1774209759"", ""is_rail_loupan"": ""1"", ""subway_name"": ""1号线"", ""station_name"": ""人民广场"", ""distance_raw"": ""766""}, {""id"": ""7337739"", ""loupan_id"": ""526856"", ""station_id"": ""3213"", ""subway_id"": ""66"", ""city_id"": ""11"", ""distance"": ""831米"", ""status"": ""1"", ""last_update_time"": ""1774209761"", ""is_rail_loupan"": ""1"", ""subway_name"": ""8号线"", ""station_name"": ""人民广场"", ""distance_raw"": ""831""}, {""id"": ""7337730"", ""loupan_id"": ""526856"", ""station_id"": ""2993"", ""subway_id"": ""57"", ""city_id"": ""11"", ""distance"": ""907米"", ""status"": ""1"", ""last_update_time"": ""1774209759"", ""is_rail_loupan"": ""1"", ""subway_name"": ""13号线"", ""station_name"": ""自然博物馆"", ""distance_raw"": ""907""}, {""id"": ""7337724"", ""loupan_id"": ""526856"", ""station_id"": ""3060"", ""subway_id"": ""60"", ""city_id"": ""11"", ""distance"": ""1103米"", ""status"": ""1"", ""last_update_time"": ""1774209759"", ""is_rail_loupan"": ""1"", ""subway_name"": ""2号线"", ""station_name"": ""南京西路"", ""distance_raw"": ""1103""}, {""id"": ""7337732"", ""loupan_id"": ""526856"", ""station_id"": ""2994"", ""subway_id"": ""57"", ""city_id"": ""11"", ""distance"": ""1145米"", ""status"": ""1"", ""last_update_time"": ""1774209759"", ""is_rail_loupan"": ""1"", ""subway_name"": ""13号线"", ""station_name"": ""南京西路"", ""distance_raw"": ""1145""}, {""id"": ""7337734"", ""loupan_id"": ""526856"", ""station_id"": ""2963"", ""subway_id"": ""56"", ""city_id"": ""11"", ""distance"": ""1452米"", ""status"": ""1"", ""last_update_time"": ""1774209759"", ""is_rail_loupan"": ""1"", ""subway_name"": ""12号线"", ""station_name"": ""南京西路"", ""distance_raw"": ""1452""}, {""id"": ""7337737"", ""loupan_id"": ""526856"", ""station_id"": ""3214"", ""subway_id"": ""66"", ""city_id"": ""11"", ""distance"": ""1475米"", ""status"": ""1"", ""last_update_time"": ""1774209761"", ""is_rail_loupan"": ""1"", ""subway_name"": ""8号线"", ""station_name"": ""曲阜路"", ""distance_raw"": ""1475""}, {""id"": ""7337735"", ""loupan_id"": ""526856"", ""station_id"": ""2965"", ""subway_id"": ""56"", ""city_id"": ""11"", ""distance"": ""1476米"", ""status"": ""1"", ""last_update_time"": ""1774209759"", ""is_rail_loupan"": ""1"", ""subway_name"": ""12号线"", ""station_name"": ""曲阜路"", ""distance_raw"": ""1476""}]",nan
533310,大华顾村项目,上海,11,宝山区,13,顾村,130,上海宝山区顾村东至教育南路，南至顾新路，西至电台南路，北至顾太路,外郊环,nan,nan,nan,nan,住宅：28901.6m²,住宅：52022.88m²,[],nan,nan,nan,nan,nan,nan,[],"{多层,小高层}","{多层,小高层}",住宅：70年 别墅：70年,住宅：1.8,住宅：35%,nan,nan,nan,住宅,nan,nan,nan,nan,nan,待售,待售,待售,[],[],上海顾华房地产开发有限公司,大华集团,nan,别墅：民电,别墅：民水,31.354185,121.401915,"{""service_num"": ""4006708287"", ""num"": ""62573""}","{""52"": ""低容积"", ""15"": ""外郊环"", ""72"": ""配套纯熟"", ""70"": ""银行"", ""69"": ""学校"", ""68"": ""医院"", ""67"": ""生态绿地"", ""66"": ""公园"", ""65"": ""商业街"", ""64"": ""购物中心"", ""637"": ""公办中学"", ""636"": ""公办小学"", ""624"": ""九年一贯制"", ""604"": ""三级园"", ""603"": ""二级园"", ""602"": ""一级园"", ""601"": ""示范园"", ""598"": ""民办幼儿园"", ""597"": ""公办幼儿园"", ""591"": ""放松限购"", ""55"": ""小型社区"", ""50"": ""品牌开发商""}","[""低容积"", ""外郊环"", ""配套纯熟"", ""银行"", ""学校""]",https://pic4.ajkimg.com/display/xinfang/6c4a9fbba21c70a992b511b5c09e83bc/275x206n.jpg,[],nan
524715,招商中旅·揽阅,上海,11,闵行区,11,浦江,114,上海闵行区浦江闸航路4208弄,外郊环,43000,43000元/㎡,首付54万，月供13164元,96-135㎡,58283.2m²,116566m²,"[{""id"": 832980, ""rooms"": 3, ""room_alias"": ""三室"", ""area"": 96}, {""id"": 832981, ""rooms"": 3, ""room_alias"": ""三室"", ""area"": 104}, {""id"": 844203, ""rooms"": 4, ""room_alias"": ""四室"", ""area"": 120}, {""id"": 832982, ""rooms"": 4, ""room_alias"": ""四室"", ""area"": 135}]",3/4室,"3室户型,4室户型",2024-12-21,2024年12月21日,2024年12月21日,2026年6月,"[""2024-12-10"", ""2024-11-13"", ""2024-09-05"", ""2024-07-15"", ""2024-06-07"", ""2024-04-15""]",{高层},{高层},70年,2,35%,1040,nan,在建中，竣工时间：暂无数据,住宅,上海招商局物业管理有限公司,4.09元/㎡/月,nan,1434,1:1.3,在售,在售,在售,"[""闵行房管(2024)预字0000380号"", ""闵行房管(2024)预字0000340号"", ""闵行房管(2024)预字0000246号"", ""闵行房管(2024)预字0000190号"", ""闵行房管(2024)预字0000141号"", ""闵行房管(2024)预字0000087号""]","[""3#、2#"", ""12#、6#"", ""14#、5#、10#、8#"", ""11#、9#"", ""7#、1#"", ""13#、16#、17#、15#""]",上海招旅置业有限公司,"招商蛇口,港中旅",nan,民电,民水,31.027557,121.509567,"{""service_num"": ""4006708287"", ""num"": ""104966""}","{""56"": ""车位充足"", ""76"": ""厨卫全明"", ""74"": ""南北通透"", ""73"": ""卧室全朝南"", ""7"": ""项目在建"", ""15"": ""外郊环"", ""276"": ""一房一价"", ""72"": ""配套纯熟"", ""70"": ""银行"", ""69"": ""学校"", ""65"": ""商业街"", ""64"": ""购物中心"", ""78"": ""大户型"", ""402"": ""玄关入户"", ""401"": ""户型方正"", ""85"": ""主卧套房"", ""92"": ""热搜盘"", ""90"": ""人气楼盘"", ""717"": ""24年六批次"", ""713"": ""24年四批次"", ""638"": ""民办中学"", ""637"": ""公办中学"", ""636"": ""公办小学"", ""603"": ""二级园"", ""602"": ""一级园"", ""597"": ""公办幼儿园"", ""591"": ""放松限购"", ""541"": ""3D沙盘"", ""540"": ""日照模拟"", ""421"": ""无需摇号"", ""263"": ""VR看房"", ""50"": ""品牌开发商""}","[""车位充足"", ""厨卫全明"", ""南北通透"", ""卧室全朝南"", ""项目在建""]",https://pic4.ajkimg.com/display/xinfang/516bf7ed5e7cc7a203c8b92a4760616c/275x206n.jpg,[],上海市闵行区浦江镇跃进河路及永翠路交叉口
522046,湾上Domus,上海,11,静安区,2,西藏北路,119,上海静安区西藏北路天目中路88弄,内环内,134600,134600元/㎡,首付255万，月供61529元,138-248㎡,住宅：52015.5m² 别墅：52015.5m²,住宅：551391.68m² 别墅：551391.68m²,"[{""id"": 854254, ""rooms"": 3, ""room_alias"": ""三室"", ""area"": 138}, {""id"": 848740, ""rooms"": 3, ""room_alias"": ""三室"", ""area"": 143}, {""id"": 838144, ""rooms"": 3, ""room_alias"": ""三室"", ""area"": 155}, {""id"": 838147, ""rooms"": 3, ""room_alias"": ""三室"", ""area"": 188}, {""id"": 882720, ""rooms"": 3, ""room_alias"": ""三室"", ""area"": 188}, {""id"": 848743, ""rooms"": 3, ""room_alias"": ""三室"", ""area"": 194}, {""id"": 848745, ""rooms"": 3, ""room_alias"": ""三室"", ""area"": 198}, {""id"": 838146, ""rooms"": 3, ""room_alias"": ""三室"", ""area"": 209}, {""id"": 851882, ""rooms"": 4, ""room_alias"": ""四室"", ""area"": 248}]",3/4室,"3室户型,4室户型",2024-10-30,2024年10月30日,2024年10月30日,2026年12月31日,"[""2024-10-17"", ""2024-07-25"", ""2024-05-16""]",{超高层},{超高层},住宅：70年 别墅：70年,住宅：4.05,nan,住宅：576 别墅：576,住宅：带装修 别墅：带装修,在建中，竣工时间：暂无数据,住宅,上海集坤物业管理有限公司,住宅：14.8元/㎡/月 别墅：20.8元/㎡/月,nan,住宅：1186 别墅：1186,住宅：1:1.73 别墅：1:1.73,在售,在售,在售,"[""静安房管（2024）预字0000299号"", ""静安房管（2024）预字0000204号"", ""静安房管（2024）预字0000118号""]","[""G2"", ""G1"", ""G3""]",上海晟诺置业有限公司,龙盛置业,nan,住宅：民电,住宅：民水,31.252805735833,121.48059895682,"""""","{""56"": ""车位充足"", ""29"": ""装修交付"", ""11"": ""内环内"", ""9"": ""轨交房"", ""76"": ""厨卫全明"", ""74"": ""南北通透"", ""73"": ""卧室全朝南"", ""7"": ""项目在建"", ""10"": ""多轨交"", ""276"": ""一房一价"", ""72"": ""配套纯熟"", ""71"": ""便利店"", ""70"": ""银行"", ""69"": ""学校"", ""68"": ""医院"", ""67"": ""生态绿地"", ""66"": ""公园"", ""65"": ""商业街"", ""64"": ""购物中心"", ""78"": ""大户型"", ""402"": ""玄关入户"", ""401"": ""户型方正"", ""397"": ""动静分离"", ""85"": ""主卧套房"", ""83"": ""双阳台"", ""91"": ""热评楼盘"", ""721"": ""7.9过会楼盘"", ""713"": ""24年四批次"", ""638"": ""民办中学"", ""637"": ""公办中学"", ""636"": ""公办小学"", ""635"": ""民办小学"", ""624"": ""九年一贯制"", ""603"": ""二级园"", ""602"": ""一级园"", ""601"": ""示范园"", ""598"": ""民办幼儿园"", ""597"": ""公办幼儿园"", ""541"": ""3D沙盘"", ""540"": ""日照模拟"", ""263"": ""VR看房"", ""50"": ""品牌开发商""}","[""车位充足"", ""装修交付"", ""内环内"", ""轨交房"", ""厨卫全明""]",https://pic4.ajkimg.com/display/xinfang/05385ba3fa899ddcb5dad790e99a8b2f/275x206n.jpg,"[{""id"": ""7252653"", ""loupan_id"": ""522046"", ""station_id"": ""2965"", ""subway_id"": ""56"", ""city_id"": ""11"", ""distance"": ""791米"", ""status"": ""1"", ""last_update_time"": ""1774209759"", ""is_rail_loupan"": ""1"", ""subway_name"": ""12号线"", ""station_name"": ""曲阜路"", ""distance_raw"": ""791""}, {""id"": ""7252647"", ""loupan_id"": ""522046"", ""station_id"": ""3214"", ""subway_id"": ""66"", ""city_id"": ""11"", ""distance"": ""793米"", ""status"": ""1"", ""last_update_time"": ""1774209758"", ""is_rail_loupan"": ""1"", ""subway_name"": ""8号线"", ""station_name"": ""曲阜路"", ""distance_raw"": ""793""}, {""id"": ""7252656"", ""loupan_id"": ""522046"", ""station_id"": ""2891"", ""subway_id"": ""54"", ""city_id"": ""11"", ""distance"": ""1019米"", ""status"": ""1"", ""last_update_time"": ""1774209760"", ""is_rail_loupan"": ""1"", ""subway_name"": ""10号线"", ""station_name"": ""天潼路"", ""distance_raw"": ""1019""}, {""id"": ""7252654"", ""loupan_id"": ""522046"", ""station_id"": ""2966"", ""subway_id"": ""56"", ""city_id"": ""11"", ""distance"": ""1035米"", ""status"": ""1"", ""last_update_time"": ""1774209759"", ""is_rail_loupan"": ""1"", ""subway_name"": ""12号线"", ""station_name"": ""天潼路"", ""distance_raw"": ""1035""}, {""id"": ""7252649"", ""loupan_id"": ""522046"", ""station_id"": ""3116"", ""subway_id"": ""62"", ""city_id"": ""11"", ""distance"": ""1054米"", ""status"": ""1"", ""last_update_time"": ""1774209759"", ""is_rail_loupan"": ""1"", ""subway_name"": ""4号线"", ""station_name"": ""宝山路"", ""distance_raw"": ""1054""}, {""id"": ""7252652"", ""loupan_id"": ""522046"", ""station_id"": ""3084"", ""subway_id"": ""61"", ""city_id"": ""11"", ""distance"": ""1054米"", ""status"": ""1"", ""last_update_time"": ""1774209759"", ""is_rail_loupan"": ""1"", ""subway_name"": ""3号线"", ""station_name"": ""宝山路"", ""distance_raw"": ""1054""}, {""id"": ""7252655"", ""loupan_id"": ""522046"", ""station_id"": ""2890"", ""subway_id"": ""54"", ""city_id"": ""11"", ""distance"": ""1183米"", ""status"": ""1"", ""last_update_time"": ""1774209760"", ""is_rail_loupan"": ""1"", ""subway_name"": ""10号线"", ""station_name"": ""四川北路"", ""distance_raw"": ""1183""}, {""id"": ""7252648"", ""loupan_id"": ""522046"", ""station_id"": ""3215"", ""subway_id"": ""66"", ""city_id"": ""11"", ""distance"": ""1242米"", ""status"": ""1"", ""last_update_time"": ""1774209758"", ""is_rail_loupan"": ""1"", ""subway_name"": ""8号线"", ""station_name"": ""中兴路"", ""distance_raw"": ""1242""}]",上海市静安区恒通东路69号福新汇16F，湾上荟馆
529680,上海丨招商序,上海,11,宝山区,13,淞南,129,上海宝山区淞南郁江巷路199弄（近18号线二期长江西路地铁站）,中外环,67559,67559元/㎡,首付86万，月供21675元,100-143㎡,34600.99m²,118320.47m²,"[{""id"": 865818, ""rooms"": 3, ""room_alias"": ""三室"", ""area"": 100}, {""id"": 882619, ""rooms"": 3, ""room_alias"": ""三室"", ""area"": 100}, {""id"": 882620, ""rooms"": 3, ""room_alias"": ""三室"", ""area"": 100}, {""id"": 876661, ""rooms"": 3, ""room_alias"": ""三室"", ""area"": 101}, {""id"": 876662, ""rooms"": 3, ""room_alias"": ""三室"", ""area"": 103}, {""id"": 865822, ""rooms"": 3, ""room_alias"": ""三室"", ""area"": 112}, {""id"": 865821, ""rooms"": 3, ""room_alias"": ""三室"", ""area"": 114}, {""id"": 871815, ""rooms"": 3, ""room_alias"": ""三室"", ""area"": 115}, {""id"": 865819, ""rooms"": 4, ""room_alias"": ""四室"", ""area"": 143}, {""id"": 865820, ""rooms"": 4, ""room_alias"": ""四室"", ""area"": 143}, {""id"": 871816, ""rooms"": 4, ""room_alias"": ""四室"", ""area"": 143}, {""id"": 882621, ""rooms"": 4, ""room_alias"": ""四室"", ""area"": 143}, {""id"": 882622, ""rooms"": 4, ""room_alias"": ""四室"", ""area"": 143}]",3/4室,"3室户型,4室户型",2026-03-31,2026年03月31日,2026年3月31日,nan,"[""2026-03-20"", ""2025-10-29"", ""2025-12-22"", ""2025-08-15"", ""2025-06-17"", ""2025-05-09""]","{高层,小高层}","{高层,小高层}",70年,2.2,35%,702,nan,在建中，竣工时间：暂无数据,住宅,上海招商局物业管理有限公司,7.08元/㎡/月,nan,824,nan,在售,在售,在售,"[""宝山房管(2026)预字0000068号"", ""宝山房管（2025）预字0000354号"", ""宝山房管（2025）预字0000462号"", ""宝山房管(2025)预字第0000231号"", ""宝山房管(2025)预字0000173号"", ""宝山房管(2025)预字第0000120号""]","[""8#、3#"", ""6#"", ""7-1#、7-2#"", ""1#、2#"", ""15#"", ""9#、4#""]",上海招臻置业有限公司,"招商蛇口,中国金茂",nan,民电,民水,31.350145,121.483934,"""""","{""9"": ""轨交房"", ""76"": ""厨卫全明"", ""74"": ""南北通透"", ""73"": ""卧室全朝南"", ""7"": ""项目在建"", ""10"": ""多轨交"", ""13"": ""中外环"", ""276"": ""一房一价"", ""72"": ""配套纯熟"", ""70"": ""银行"", ""69"": ""学校"", ""68"": ""医院"", ""66"": ""公园"", ""65"": ""商业街"", ""64"": ""购物中心"", ""78"": ""大户型"", ""402"": ""玄关入户"", ""401"": ""户型方正"", ""397"": ""动静分离"", ""85"": ""主卧套房"", ""92"": ""热搜盘"", ""91"": ""热评楼盘"", ""637"": ""公办中学"", ""636"": ""公办小学"", ""635"": ""民办小学"", ""624"": ""九年一贯制"", ""604"": ""三级园"", ""603"": ""二级园"", ""602"": ""一级园"", ""601"": ""示范园"", ""598"": ""民办幼儿园"", ""597"": ""公办幼儿园"", ""541"": ""3D沙盘"", ""540"": ""日照模拟"", ""297"": ""认购中"", ""263"": ""VR看房"", ""50"": ""品牌开发商""}","[""轨交房"", ""厨卫全明"", ""南北通透"", ""卧室全朝南"", ""项目在建""]",https://pic4.ajkimg.com/display/xinfang/21bd07187a53888f576f9e4732f079f7/275x206n.jpg,"[{""id"": ""7303961"", ""loupan_id"": ""529680"", ""station_id"": ""121381"", ""subway_id"": ""1017"", ""city_id"": ""11"", ""distance"": ""805米"", ""status"": ""1"", ""last_update_time"": ""1774209760"", ""is_rail_loupan"": ""1"", ""subway_name"": ""18号线"", ""station_name"": ""长江西路"", ""distance_raw"": ""805""}, {""id"": ""7303959"", ""loupan_id"": ""529680"", ""station_id"": ""10414"", ""subway_id"": ""1017"", ""city_id"": ""11"", ""distance"": ""929米"", ""status"": ""1"", ""last_update_time"": ""1774209760"", ""is_rail_loupan"": ""1"", ""subway_name"": ""18号线"", ""station_name"": ""通南路"", ""distance_raw"": ""929""}, {""id"": ""7303962"", ""loupan_id"": ""529680"", ""station_id"": ""121794"", ""subway_id"": ""12074"", ""city_id"": ""11"", ""distance"": ""1496米"", ""status"": ""1"", ""last_update_time"": ""1774209760"", ""is_rail_loupan"": ""1"", ""subway_name"": ""19号线"", ""station_name"": ""呼玛路"", ""distance_raw"": ""1496""}]",宝山区郁江巷路158号
520273,华发蟠龙四季,上海,11,青浦区,19,徐泾,164,上海青浦区徐泾蟠东路169弄,外郊环,64000,64000元/㎡,首付81万，月供20431元,101-150㎡,24805.2m²,49600m²,"[{""id"": 807853, ""rooms"": 3, ""room_alias"": ""三室"", ""area"": 101}, {""id"": 816906, ""rooms"": 3, ""room_alias"": ""三室"", ""area"": 101}, {""id"": 807854, ""rooms"": 4, ""room_alias"": ""四室"", ""area"": 150}]",3/4室,"3室户型,4室户型",2023-09-28,2023年09月28日,2023年9月28日,2026年3月,"[""2023-09-11""]",{小高层},{小高层},70年,2,35%,457,带装修,在建中，竣工时间：暂无数据,住宅,华发物业服务有限公司上海分公司,4.2元/㎡/月,nan,557,1:1.2,尾盘,尾盘,尾盘,"[""青浦房管（2023）预字0000293号""]","[""6#、5#、3#、1#、4#、7#、8#""]",上海徐菁房地产开发有限公司,华发股份,nan,民电,民水,31.198658,121.290551,"{""service_num"": ""4006708287"", ""num"": ""84059""}","{""56"": ""车位充足"", ""29"": ""装修交付"", ""76"": ""厨卫全明"", ""74"": ""南北通透"", ""7"": ""项目在建"", ""15"": ""外郊环"", ""276"": ""一房一价"", ""72"": ""配套纯熟"", ""71"": ""便利店"", ""70"": ""银行"", ""69"": ""学校"", ""68"": ""医院"", ""67"": ""生态绿地"", ""65"": ""商业街"", ""64"": ""购物中心"", ""78"": ""大户型"", ""402"": ""玄关入户"", ""401"": ""户型方正"", ""85"": ""主卧套房"", ""637"": ""公办中学"", ""636"": ""公办小学"", ""624"": ""九年一贯制"", ""604"": ""三级园"", ""603"": ""二级园"", ""602"": ""一级园"", ""598"": ""民办幼儿园"", ""597"": ""公办幼儿园"", ""591"": ""放松限购"", ""580"": ""23年八批次"", ""540"": ""日照模拟"", ""263"": ""VR看房"", ""98"": ""改善置业"", ""50"": ""品牌开发商""}","[""车位充足"", ""装修交付"", ""厨卫全明"", ""南北通透"", ""项目在建""]",https://pic4.ajkimg.com/display/xinfang/65811678d92f43eab6ccfd0beed7bf82/275x206n.jpg,[],上海市青浦区龙联路800号
533803,招商越秀静安苏河湾项目,上海,11,静安区,2,西藏北路,119,"上海静安区西藏北路东至福建北路,南至天潼路,西至浙江北路,北至七浦路",内环内,nan,nan,nan,nan,30108.11m²,156415.76m²,[],nan,nan,nan,nan,nan,nan,[],{高层},{高层},70年,3.64,35%,nan,nan,nan,住宅,nan,nan,nan,nan,nan,待售,待售,待售,[],[],上海招越置业有限公司,"招商蛇口,越秀地产",nan,民电,民水,31.250414,121.484383,"""""","{""11"": ""内环内"", ""9"": ""轨交房"", ""10"": ""多轨交"", ""72"": ""配套纯熟"", ""71"": ""便利店"", ""70"": ""银行"", ""69"": ""学校"", ""68"": ""医院"", ""67"": ""生态绿地"", ""66"": ""公园"", ""65"": ""商业街"", ""64"": ""购物中心"", ""638"": ""民办中学"", ""637"": ""公办中学"", ""636"": ""公办小学"", ""635"": ""民办小学"", ""624"": ""九年一贯制"", ""603"": ""二级园"", ""602"": ""一级园"", ""601"": ""示范园"", ""598"": ""民办幼儿园"", ""597"": ""公办幼儿园"", ""55"": ""小型社区"", ""50"": ""品牌开发商""}","[""内环内"", ""轨交房"", ""多轨交"", ""配套纯熟"", ""便利店""]",https://pic4.ajkimg.com/display/xinfang/ca68cb1a9f07e6768362df74fe2ff03e/275x206n.jpg,"[{""id"": ""7337082"", ""loupan_id"": ""533803"", ""station_id"": ""2966"", ""subway_id"": ""56"", ""city_id"": ""11"", ""distance"": ""782米"", ""status"": ""1"", ""last_update_time"": ""1774209760"", ""is_rail_loupan"": ""1"", ""subway_name"": ""12号线"", ""station_name"": ""天潼路"", ""distance_raw"": ""782""}, {""id"": ""7337081"", ""loupan_id"": ""533803"", ""station_id"": ""2965"", ""subway_id"": ""56"", ""city_id"": ""11"", ""distance"": ""785米"", ""status"": ""1"", ""last_update_time"": ""1774209760"", ""is_rail_loupan"": ""1"", ""subway_name"": ""12号线"", ""station_name"": ""曲阜路"", ""distance_raw"": ""785""}, {""id"": ""7337074"", ""loupan_id"": ""533803"", ""station_id"": ""3214"", ""subway_id"": ""66"", ""city_id"": ""11"", ""distance"": ""787米"", ""status"": ""1"", ""last_update_time"": ""1774209758"", ""is_rail_loupan"": ""1"", ""subway_name"": ""8号线"", ""station_name"": ""曲阜路"", ""distance_raw"": ""787""}, {""id"": ""7337083"", ""loupan_id"": ""533803"", ""station_id"": ""2891"", ""subway_id"": ""54"", ""city_id"": ""11"", ""distance"": ""863米"", ""status"": ""1"", ""last_update_time"": ""1774209761"", ""is_rail_loupan"": ""1"", ""subway_name"": ""10号线"", ""station_name"": ""天潼路"", ""distance_raw"": ""863""}, {""id"": ""7337072"", ""loupan_id"": ""533803"", ""station_id"": ""3116"", ""subway_id"": ""62"", ""city_id"": ""11"", ""distance"": ""1369米"", ""status"": ""1"", ""last_update_time"": ""1774209758"", ""is_rail_loupan"": ""1"", ""subway_name"": ""4号线"", ""station_name"": ""宝山路"", ""distance_raw"": ""1369""}, {""id"": ""7337076"", ""loupan_id"": ""533803"", ""station_id"": ""3084"", ""subway_id"": ""61"", ""city_id"": ""11"", ""distance"": ""1369米"", ""status"": ""1"", ""last_update_time"": ""1774209759"", ""is_rail_loupan"": ""1"", ""subway_name"": ""3号线"", ""station_name"": ""宝山路"", ""distance_raw"": ""1369""}, {""id"": ""7337085"", ""loupan_id"": ""533803"", ""station_id"": ""2890"", ""subway_id"": ""54"", ""city_id"": ""11"", ""distance"": ""1412米"", ""status"": ""1"", ""last_update_time"": ""1774209761"", ""is_rail_loupan"": ""1"", ""subway_name"": ""10号线"", ""station_name"": ""四川北路"", ""distance_raw"": ""1412""}, {""id"": ""7337084"", ""loupan_id"": ""533803"", ""station_id"": ""2892"", ""subway_id"": ""54"", ""city_id"": ""11"", ""distance"": ""1453米"", ""status"": ""1"", ""last_update_time"": ""1774209761"", ""is_rail_loupan"": ""1"", ""subway_name"": ""10号线"", ""station_name"": ""南京东路"", ""distance_raw"": ""1453""}]",nan
517514,缦云上海,上海,11,杨浦区,9,东外滩,87,上海杨浦区东外滩杨树浦路2555弄、腾越路366弄,内中环,122000,122000元/㎡,首付341万，月供82050元,151-330㎡,170000m²,880000m²,"[{""id"": 788517, ""rooms"": 3, ""room_alias"": ""三室"", ""area"": 151}, {""id"": 828871, ""rooms"": 3, ""room_alias"": ""三室"", ""area"": 158}, {""id"": 804927, ""rooms"": 4, ""room_alias"": ""四室"", ""area"": 162}, {""id"": 788518, ""rooms"": 4, ""room_alias"": ""四室"", ""area"": 185}, {""id"": 828870, ""rooms"": 4, ""room_alias"": ""四室"", ""area"": 191}, {""id"": 797241, ""rooms"": 4, ""room_alias"": ""四室"", ""area"": 196}, {""id"": 828860, ""rooms"": 4, ""room_alias"": ""四室"", ""area"": 202}, {""id"": 828865, ""rooms"": 4, ""room_alias"": ""四室"", ""area"": 209}, {""id"": 797246, ""rooms"": 4, ""room_alias"": ""四室"", ""area"": 229}, {""id"": 828862, ""rooms"": 4, ""room_alias"": ""四室"", ""area"": 229}, {""id"": 797231, ""rooms"": 4, ""room_alias"": ""四室"", ""area"": 247}, {""id"": 828858, ""rooms"": 4, ""room_alias"": ""四室"", ""area"": 253}, {""id"": 846790, ""rooms"": 4, ""room_alias"": ""四室"", ""area"": 330}, {""id"": 828868, ""rooms"": 5, ""room_alias"": ""五室"", ""area"": 269}]",3/4/5室,"3室户型,4室户型,5室户型",2024-09-14,2024年09月14日,2024年9月14日,nan,"[""2024-08-29"", ""2024-07-10"", ""2024-03-13"", ""2023-12-05"", ""2023-09-07"", ""2023-05-12"", ""2023-03-16""]",{高层},{高层},70年,3.07,35%,252,带装修,在建中，竣工时间：暂无数据,住宅,北京缦合酒店经营管理有限公司上海第一分公司,9.8元/㎡/月,nan,400,nan,在售,在售,在售,"[""杨浦房管（2024）预字0000240号"", ""杨浦房管（2024）预字0000185号"", ""杨浦房管（2023）预备字0000051号"", ""杨浦房管（2023）预备字0000426号"", ""杨浦房管（2023）预字0000281号"", ""杨浦房管（2023）预字0000135号"", ""杨浦房管（2023）预字0000043号""]","[""六期3#、六期4#"", ""10#、6#、9#、7#、13#、5#、12#"", ""四期1#"", ""三期2#、三期8#、三期15#、三期11#、三期14#"", ""二期1#、二期3#、二期2#"", ""1#"", ""3#、2#""]",上海合生滨江房地产开发有限公司,合生创展集团,合生创展,民电,民水,31.275956476351,121.56041394036,"{""service_num"": ""4006708287"", ""num"": ""52576""}","{""29"": ""装修交付"", ""12"": ""内中环"", ""9"": ""轨交房"", ""76"": ""厨卫全明"", ""74"": ""南北通透"", ""73"": ""卧室全朝南"", ""7"": ""项目在建"", ""276"": ""一房一价"", ""72"": ""配套纯熟"", ""71"": ""便利店"", ""70"": ""银行"", ""69"": ""学校"", ""68"": ""医院"", ""66"": ""公园"", ""65"": ""商业街"", ""64"": ""购物中心"", ""78"": ""大户型"", ""402"": ""玄关入户"", ""401"": ""户型方正"", ""85"": ""主卧套房"", ""92"": ""热搜盘"", ""90"": ""人气楼盘"", ""713"": ""24年四批次"", ""638"": ""民办中学"", ""637"": ""公办中学"", ""636"": ""公办小学"", ""635"": ""民办小学"", ""603"": ""二级园"", ""602"": ""一级园"", ""601"": ""示范园"", ""598"": ""民办幼儿园"", ""597"": ""公办幼儿园"", ""595"": ""24年一批次"", ""588"": ""23年十一批次"", ""580"": ""23年八批次"", ""568"": ""23年四批次"", ""563"": ""23年二批次"", ""541"": ""3D沙盘"", ""540"": ""日照模拟"", ""263"": ""VR看房"", ""55"": ""小型社区"", ""50"": ""品牌开发商""}","[""装修交付"", ""内中环"", ""轨交房"", ""厨卫全明"", ""南北通透""]",https://pic4.ajkimg.com/display/xinfang/e19f59ea59de12aa25943642d33bc29b/275x206n.jpg,"[{""id"": ""7319109"", ""loupan_id"": ""517514"", ""station_id"": ""2972"", ""subway_id"": ""56"", ""city_id"": ""11"", ""distance"": ""1491米"", ""status"": ""1"", ""last_update_time"": ""1774209759"", ""is_rail_loupan"": ""1"", ""subway_name"": ""12号线"", ""station_name"": ""隆昌路"", ""distance_raw"": ""1491""}]",杨树浦路2699号
525401,建发·朗玥,上海,11,金山区,18,金山新城,196,上海金山区金山新城龙堰路866弄,郊环外,33385,33385元/㎡,首付41万，月供10442元,97-203㎡,100432m²,262590.36m²,"[{""id"": 836526, ""rooms"": 3, ""room_alias"": ""三室"", ""area"": 97}, {""id"": 836527, ""rooms"": 3, ""room_alias"": ""三室"", ""area"": 108}, {""id"": 836528, ""rooms"": 4, ""room_alias"": ""四室"", ""area"": 128}, {""id"": 836636, ""rooms"": 4, ""room_alias"": ""四室"", ""area"": 132}, {""id"": 886681, ""rooms"": 4, ""room_alias"": ""四室"", ""area"": 143}, {""id"": 836574, ""rooms"": 4, ""room_alias"": ""四室"", ""area"": 149}, {""id"": 836635, ""rooms"": 4, ""room_alias"": ""四室"", ""area"": 162}, {""id"": 836634, ""rooms"": 4, ""room_alias"": ""四室"", ""area"": 190}, {""id"": 836633, ""rooms"": 4, ""room_alias"": ""四室"", ""area"": 203}]",3/4室,"3室户型,4室户型",2025-12-31,2025年12月31日,2025年12月31日,nan,"[""2025-12-23"", ""2025-09-18"", ""2025-06-30"", ""2025-05-22"", ""2025-03-17"", ""2024-11-21"", ""2024-04-16"", ""2024-07-16""]","{高层,花园洋房}","{高层,花园洋房}",70年,1.8,35%,1417,nan,在建中，竣工时间：暂无数据,住宅,上海怡祥物业管理有限公司,3.13~3.4元/㎡/月,nan,2107,nan,在售,在售,在售,"[""金山房管（2025）预字0000466号"", ""金山房管（2025）预字0000298号"", ""金山房管（2025）预字0000193号"", ""金山房管(2025)预字0000137号"", ""金山房管（2025）预字0000045号"", ""金山房管（2024）预字0000357号"", ""金山房管（2024）预字0000093号"", ""金山房管(2024)预字0000194号""]","[""25#、30#、16#"", ""20#、15#、24#"", ""11#、22#、26#"", ""23#、31#"", ""6#、7#"", ""18#、19#、29#"", ""39#、33#、1#、3#、13#、34#、9#"", ""17#、21#、12#、35#、40#、41#""]",上海兆玖房地产开发有限公司,建发房产,上海兆玖房地产开发有限公司,民电,民水,30.768514,121.34114,"""""","{""52"": ""低容积"", ""76"": ""厨卫全明"", ""74"": ""南北通透"", ""73"": ""卧室全朝南"", ""7"": ""项目在建"", ""16"": ""郊环外"", ""276"": ""一房一价"", ""72"": ""配套纯熟"", ""70"": ""银行"", ""69"": ""学校"", ""68"": ""医院"", ""66"": ""公园"", ""65"": ""商业街"", ""64"": ""购物中心"", ""78"": ""大户型"", ""402"": ""玄关入户"", ""401"": ""户型方正"", ""397"": ""动静分离"", ""85"": ""主卧套房"", ""92"": ""热搜盘"", ""91"": ""热评楼盘"", ""90"": ""人气楼盘"", ""720"": ""7.2过会楼盘"", ""713"": ""24年四批次"", ""638"": ""民办中学"", ""637"": ""公办中学"", ""636"": ""公办小学"", ""604"": ""三级园"", ""603"": ""二级园"", ""602"": ""一级园"", ""598"": ""民办幼儿园"", ""597"": ""公办幼儿园"", ""591"": ""放松限购"", ""541"": ""3D沙盘"", ""540"": ""日照模拟"", ""421"": ""无需摇号"", ""330"": ""高铁盘"", ""263"": ""VR看房"", ""50"": ""品牌开发商""}","[""低容积"", ""厨卫全明"", ""南北通透"", ""卧室全朝南"", ""项目在建""]",https://pic4.ajkimg.com/display/xinfang/ef670865cf01030053068bd8ad2a02b4/275x206n.jpg,[],nan
189815,顺驰蓝湾锦都二期,上海,11,青浦区,19,青浦新城,166,上海青浦区青浦新城青浦区华盈路688弄,外环以外,nan,nan,nan,nan,80000m²,110000m²,[],nan,nan,nan,nan,nan,nan,[],{},{},nan,0.98,40%,574,nan,nan,住宅,nan,1.1元/㎡/月,nan,574,nan,尾盘,尾盘,尾盘,[],[],nan,nan,nan,民电,民水,31.162530882299,121.13867024677,"""""","{""53"": ""高绿化率"", ""52"": ""低容积"", ""72"": ""配套纯熟"", ""71"": ""便利店"", ""70"": ""银行"", ""69"": ""学校"", ""68"": ""医院"", ""67"": ""生态绿地"", ""66"": ""公园"", ""65"": ""商业街"", ""64"": ""购物中心"", ""641"": ""寄宿制中学"", ""637"": ""公办中学"", ""636"": ""公办小学"", ""624"": ""九年一贯制"", ""604"": ""三级园"", ""603"": ""二级园"", ""602"": ""一级园"", ""601"": ""示范园"", ""598"": ""民办幼儿园"", ""597"": ""公办幼儿园""}","[""高绿化率"", ""低容积"", ""配套纯熟"", ""便利店"", ""银行""]",https://pic4.ajkimg.com/display/xinfang/e760b45e32261be655216f92d37a0e62/275x206n.jpg,[],华科路顺驰蓝湾会所
189886,保利家园,上海,11,嘉定区,14,嘉定新城,137,上海嘉定区嘉定新城白银路110号,外郊环,nan,nan,nan,83-89㎡,住宅：169000m² 别墅：169000m²,住宅：400000m² 别墅：400000m²,"[{""id"": 8165, ""rooms"": 2, ""room_alias"": ""二室"", ""area"": 83}, {""id"": 501, ""rooms"": 2, ""room_alias"": ""二室"", ""area"": 85}, {""id"": 10571, ""rooms"": 2, ""room_alias"": ""二室"", ""area"": 88}, {""id"": 10572, ""rooms"": 2, ""room_alias"": ""二室"", ""area"": 88}, {""id"": 502, ""rooms"": 2, ""room_alias"": ""二室"", ""area"": 89}, {""id"": 503, ""rooms"": 2, ""room_alias"": ""二室"", ""area"": 89}]",2室,2室户型,nan,nan,nan,nan,[],"{高层,联排别墅}","{高层,联排别墅}",住宅：70年 别墅：70年,住宅：1.8 别墅：1,住宅：35% 别墅：35%,住宅：2200 别墅：2200,住宅：毛坯 别墅：毛坯,nan,住宅,nan,住宅：1.7元/㎡/月 别墅：1.7元/㎡/月,nan,住宅：2200 别墅：2200,nan,尾盘,尾盘,尾盘,[],[],nan,nan,上海保利佳房地产开发有限公司,住宅：民电,住宅：民水,31.355940030187,121.26106074489,"{""service_num"": ""4006708287"", ""num"": """"}","{""52"": ""低容积"", ""15"": ""外郊环"", ""72"": ""配套纯熟"", ""71"": ""便利店"", ""70"": ""银行"", ""69"": ""学校"", ""68"": ""医院"", ""66"": ""公园"", ""65"": ""商业街"", ""64"": ""购物中心"", ""638"": ""民办中学"", ""637"": ""公办中学"", ""636"": ""公办小学"", ""603"": ""二级园"", ""602"": ""一级园"", ""601"": ""示范园"", ""598"": ""民办幼儿园"", ""597"": ""公办幼儿园"", ""591"": ""放松限购"", ""54"": ""大型社区""}","[""低容积"", ""外郊环"", ""配套纯熟"", ""便利店"", ""银行""]",https://pic4.ajkimg.com/display/xinfang/f7276f9a315bce6d19b4fa728c084df2/275x206n.jpg,[],白银路110号
533671,桃源·锦里,上海,11,普陀区,10,桃浦,105,"上海普陀区桃浦东至敦煌路,南至常和路,西至翰景路,北至古浪路",中外环,nan,nan,nan,nan,住宅：24067.82m²,住宅：109110m²,[],nan,nan,nan,nan,nan,nan,[],{高层},{高层},住宅：70年 别墅：70年,住宅：2.52 别墅：2.52,住宅：35% 别墅：35%,nan,nan,nan,住宅,nan,nan,nan,nan,nan,待售,待售,待售,[],[],上海中环桃缘置业有限公司,中环集团,nan,住宅：民电,住宅：民水,31.288365,121.37784,"{""service_num"": ""4006708287"", ""num"": ""69400""}","{""9"": ""轨交房"", ""13"": ""中外环"", ""72"": ""配套纯熟"", ""71"": ""便利店"", ""70"": ""银行"", ""69"": ""学校"", ""68"": ""医院"", ""67"": ""生态绿地"", ""66"": ""公园"", ""65"": ""商业街"", ""64"": ""购物中心"", ""637"": ""公办中学"", ""636"": ""公办小学"", ""624"": ""九年一贯制"", ""603"": ""二级园"", ""602"": ""一级园"", ""601"": ""示范园"", ""600"": ""市级示范园"", ""598"": ""民办幼儿园"", ""597"": ""公办幼儿园"", ""55"": ""小型社区""}","[""轨交房"", ""中外环"", ""配套纯熟"", ""便利店"", ""银行""]",https://pic4.ajkimg.com/display/xinfang/6d8abd4a4ca8794a0d51bc1624ed370b/275x206n.jpg,"[{""id"": ""7332579"", ""loupan_id"": ""533671"", ""station_id"": ""2934"", ""subway_id"": ""55"", ""city_id"": ""11"", ""distance"": ""1304米"", ""status"": ""1"", ""last_update_time"": ""1774209759"", ""is_rail_loupan"": ""1"", ""subway_name"": ""11号线"", ""station_name"": ""武威路"", ""distance_raw"": ""1304""}]",nan
526601,前滩公馆·澜墅,上海,11,浦东,7,前滩,23886,上海浦东前滩浩昌路258弄、浩昌路188弄,中外环,nan,nan,nan,229-283㎡,别墅：113680m² 住宅：113680m²,别墅：314062m² 住宅：314062m²,"[{""id"": 887394, ""rooms"": 4, ""room_alias"": ""四室"", ""area"": 229}, {""id"": 887252, ""rooms"": 4, ""room_alias"": ""四室"", ""area"": 257}, {""id"": 887253, ""rooms"": 5, ""room_alias"": ""五室"", ""area"": 283}]",别墅,别墅户型,2026-06-30,2026年上半年,2026年上半年,nan,"[""2025-07-25"", ""2025-05-09"", ""2025-05-09"", ""2025-03-07"", ""2025-03-07"", ""2024-12-26"", ""2024-10-30"", ""2024-08-21""]","{联排别墅,叠加别墅}","{联排别墅,叠加别墅}",别墅：70年 住宅：70年,别墅：1.2,别墅：35% 住宅：35%,别墅：1302 住宅：1302,nan,在建中，竣工时间：暂无数据,别墅,绿城物业服务集团有限公司上海分公司,住宅：8.35~13.5元/㎡/月,nan,nan,别墅：1:1.5 住宅：1:1.5,在售,在售,在售,"[""浦东新区房管(2025)预字0000217号"", ""浦东新区房管(2025)预字 0000119号"", ""浦东新区房管(2025)预字 0000118号"", ""浦东新区房管(2025)预字0000028号"", ""浦东新区房管(2025)预字0000027号"", ""浦东新区房管(2024)预字0000421号"", ""浦东新区房管(2024)预字 0000319号"", ""浦东新区房管(2024)预字0000234号""]","[""7#、11#、8#、9#"", ""38#、40#、41#、43#"", ""3#、5#、1#"", ""25#、15#、17#、13#、14#"", ""2#"", ""20#、21#、23#"", ""29#、27#、28#"", ""33#、34#、19#、31#、35#""]",上海筠铭置业有限公司,陆家嘴,上海筠铭置业有限公司,别墅：民电,别墅：民水,31.146048,121.479389,"{""service_num"": ""4006708287"", ""num"": ""108573""}","{""56"": ""车位充足"", ""7"": ""项目在建"", ""13"": ""中外环"", ""276"": ""一房一价"", ""72"": ""配套纯熟"", ""71"": ""便利店"", ""70"": ""银行"", ""69"": ""学校"", ""68"": ""医院"", ""66"": ""公园"", ""65"": ""商业街"", ""64"": ""购物中心"", ""78"": ""大户型"", ""92"": ""热搜盘"", ""90"": ""人气楼盘"", ""744"": ""好房子"", ""637"": ""公办中学"", ""636"": ""公办小学"", ""635"": ""民办小学"", ""624"": ""九年一贯制"", ""607"": ""市一级园"", ""604"": ""三级园"", ""603"": ""二级园"", ""602"": ""一级园"", ""601"": ""示范园"", ""598"": ""民办幼儿园"", ""597"": ""公办幼儿园"", ""541"": ""3D沙盘"", ""50"": ""品牌开发商""}","[""车位充足"", ""项目在建"", ""中外环"", ""一房一价"", ""配套纯熟""]",https://pic4.ajkimg.com/display/xinfang/d536c9cb95d49ac6ecc5ff3bc041b2f0/275x206n.jpg,[],上海市浦东新区浩昌路258弄44号
521478,映翠府,上海,11,嘉定区,14,嘉定新城,137,上海嘉定区嘉定新城双单路55弄,外郊环,51284,51284元/㎡,首付58万，月供14777元,100-131㎡,26434.9m²,103226.99m²,"[{""id"": 824325, ""rooms"": 3, ""room_alias"": ""三室"", ""area"": 100}, {""id"": 824326, ""rooms"": 3, ""room_alias"": ""三室"", ""area"": 100}, {""id"": 824327, ""rooms"": 4, ""room_alias"": ""四室"", ""area"": 131}]",3/4室,"3室户型,4室户型",2024-05-25,2024年05月25日,2024年5月25日,2026年6月30日,"[""2024-05-10"", ""2023-12-13""]",{},{},70年,2.5,35%,632,带装修,在建中，竣工时间：暂无数据,住宅,浙江大家物业服务集团有限公司上海嘉定分公司,4.5元/㎡/月,nan,792,nan,在售,在售,在售,"[""嘉定房管(2024)预字0000112号"", ""嘉定房管（2023）预字0000439号""]","[""2#、4#、3#、5#"", ""8#、10#、7#、9#、6#""]",上海景秀美家置业有限公司,大家房产,nan,民电,民水,31.34306,121.286984,"{""service_num"": ""4006708287"", ""num"": ""99849""}","{""29"": ""装修交付"", ""76"": ""厨卫全明"", ""74"": ""南北通透"", ""73"": ""卧室全朝南"", ""7"": ""项目在建"", ""15"": ""外郊环"", ""276"": ""一房一价"", ""72"": ""配套纯熟"", ""70"": ""银行"", ""69"": ""学校"", ""68"": ""医院"", ""67"": ""生态绿地"", ""66"": ""公园"", ""65"": ""商业街"", ""64"": ""购物中心"", ""78"": ""大户型"", ""402"": ""玄关入户"", ""401"": ""户型方正"", ""397"": ""动静分离"", ""85"": ""主卧套房"", ""91"": ""热评楼盘"", ""716"": ""24年五批次"", ""638"": ""民办中学"", ""637"": ""公办中学"", ""636"": ""公办小学"", ""635"": ""民办小学"", ""624"": ""九年一贯制"", ""604"": ""三级园"", ""603"": ""二级园"", ""602"": ""一级园"", ""601"": ""示范园"", ""598"": ""民办幼儿园"", ""597"": ""公办幼儿园"", ""591"": ""放松限购"", ""589"": ""23年十二批次"", ""541"": ""3D沙盘"", ""540"": ""日照模拟"", ""421"": ""无需摇号"", ""263"": ""VR看房"", ""50"": ""品牌开发商""}","[""装修交付"", ""厨卫全明"", ""南北通透"", ""卧室全朝南"", ""项目在建""]",https://pic4.ajkimg.com/display/xinfang/5f9bf7f1f7d7a332ef6b1c1fc21b53cc/275x206n.jpg,[],nan
518317,普陀金茂府,上海,11,普陀区,10,桃浦,105,上海普陀区桃浦景泰路800弄,中外环,78000,78000元/㎡,nan,107-203㎡,29828.3m²,74570.75m²,"[{""id"": 796701, ""rooms"": 3, ""room_alias"": ""三室"", ""area"": 107}, {""id"": 797088, ""rooms"": 4, ""room_alias"": ""四室"", ""area"": 172}, {""id"": 796702, ""rooms"": 4, ""room_alias"": ""四室"", ""area"": 180}, {""id"": 841902, ""rooms"": 4, ""room_alias"": ""四室"", ""area"": 203}]",3/4室,"3室户型,4室户型",2025-06-12,2025年06月12日,2025年6月12日,nan,"[""2023-10-07"", ""2025-05-30"", ""2023-06-05"", ""2023-04-12""]",{},{},70年,2.5,35%,691,带装修,在建中，竣工时间：暂无数据,住宅,nan,nan,nan,nan,nan,在售,在售,在售,"[""普陀房管 (2023) 预字0000325号"", ""普陀房管（2025）预字0000151号"", ""普陀房管 (2023) 预字0000165号"", ""普陀房管（2023）预字0000094号""]","[""7#、6#"", ""3#、10#、8#、5#"", ""9#、1#、2#""]",上海洮茂置业有限公司,中国金茂,nan,民电,民水,31.289543680007,121.3822657645,"""""","{""723"": ""第四代住宅"", ""29"": ""装修交付"", ""76"": ""厨卫全明"", ""74"": ""南北通透"", ""7"": ""项目在建"", ""13"": ""中外环"", ""276"": ""一房一价"", ""72"": ""配套纯熟"", ""71"": ""便利店"", ""70"": ""银行"", ""69"": ""学校"", ""68"": ""医院"", ""67"": ""生态绿地"", ""66"": ""公园"", ""78"": ""大户型"", ""402"": ""玄关入户"", ""401"": ""户型方正"", ""85"": ""主卧套房"", ""92"": ""热搜盘"", ""91"": ""热评楼盘"", ""90"": ""人气楼盘"", ""637"": ""公办中学"", ""636"": ""公办小学"", ""624"": ""九年一贯制"", ""604"": ""三级园"", ""603"": ""二级园"", ""602"": ""一级园"", ""601"": ""示范园"", ""600"": ""市级示范园"", ""598"": ""民办幼儿园"", ""597"": ""公办幼儿园"", ""593"": ""以旧换新"", ""541"": ""3D沙盘"", ""540"": ""日照模拟"", ""421"": ""无需摇号"", ""263"": ""VR看房"", ""50"": ""品牌开发商""}","[""第四代住宅"", ""装修交付"", ""厨卫全明"", ""南北通透"", ""项目在建""]",https://pic4.ajkimg.com/display/xinfang/bbeafa25ada7f2261fbfc7fba1fa362e/275x206n.jpg,[],古浪路与景泰路交叉口（景泰路入口）
533668,精工·百年墅,上海,11,闵行区,11,颛桥,116,"上海闵行区颛桥东至瓶安路,南至用地红线,西至用地红线,北至横沙河",外郊环,nan,nan,nan,nan,住宅：9319.6m²,住宅：28082.51m²,[],nan,nan,2026-05-30,2026年2季度,2026年2季度,nan,[],{花园洋房},{花园洋房},住宅：70年 别墅：70年,住宅：1.6 别墅：1.6,住宅：35% 别墅：35%,nan,nan,nan,住宅,nan,nan,nan,nan,nan,待售,待售,待售,[],[],上海百年宅闵颛科技有限公司,nan,nan,住宅：民电,住宅：民水,31.065837,121.403276,"{""service_num"": ""4006708287"", ""num"": ""69396""}","{""52"": ""低容积"", ""9"": ""轨交房"", ""15"": ""外郊环"", ""72"": ""配套纯熟"", ""71"": ""便利店"", ""70"": ""银行"", ""69"": ""学校"", ""68"": ""医院"", ""66"": ""公园"", ""65"": ""商业街"", ""64"": ""购物中心"", ""637"": ""公办中学"", ""636"": ""公办小学"", ""635"": ""民办小学"", ""604"": ""三级园"", ""603"": ""二级园"", ""602"": ""一级园"", ""598"": ""民办幼儿园"", ""597"": ""公办幼儿园"", ""591"": ""放松限购"", ""55"": ""小型社区""}","[""低容积"", ""轨交房"", ""外郊环"", ""配套纯熟"", ""便利店""]",https://pic4.ajkimg.com/display/xinfang/27ae4586a2c3ed090ee16f143af404ac/275x206n.jpg,"[{""id"": ""7332576"", ""loupan_id"": ""533668"", ""station_id"": ""3129"", ""subway_id"": ""63"", ""city_id"": ""11"", ""distance"": ""1126米"", ""status"": ""1"", ""last_update_time"": ""1774209758"", ""is_rail_loupan"": ""1"", ""subway_name"": ""5号线"", ""station_name"": ""颛桥"", ""distance_raw"": ""1126""}]",nan
530360,象屿·天誉蘭香,上海,11,闵行区,11,吴泾,179,上海闵行区吴泾兰香湖北路268弄,外郊环,nan,1033万元/套起,首付154万，月供37256元,123-230㎡,住宅：147494.35m²,住宅：295086.76m²,"[{""id"": 876541, ""rooms"": 3, ""room_alias"": ""三室"", ""area"": 123}, {""id"": 876542, ""rooms"": 3, ""room_alias"": ""三室"", ""area"": 123}, {""id"": 884971, ""rooms"": 3, ""room_alias"": ""三室"", ""area"": 190}, {""id"": 884960, ""rooms"": 4, ""room_alias"": ""四室"", ""area"": 149}, {""id"": 884963, ""rooms"": 4, ""room_alias"": ""四室"", ""area"": 165}, {""id"": 884966, ""rooms"": 4, ""room_alias"": ""四室"", ""area"": 165}, {""id"": 884961, ""rooms"": 4, ""room_alias"": ""四室"", ""area"": 174}, {""id"": 884959, ""rooms"": 4, ""room_alias"": ""四室"", ""area"": 179}, {""id"": 884970, ""rooms"": 4, ""room_alias"": ""四室"", ""area"": 210}, {""id"": 884968, ""rooms"": 4, ""room_alias"": ""四室"", ""area"": 225}, {""id"": 884969, ""rooms"": 4, ""room_alias"": ""四室"", ""area"": 230}]",别墅、3室,"3室户型,别墅户型",2026-04-02,2026年04月,2026年3月28日,nan,"[""2026-03-18"", ""2025-12-30"", ""2025-12-02"", ""2025-10-13"", ""2025-09-15""]",{花园洋房},{花园洋房},住宅：70年 别墅：70年,住宅：1.01,住宅：35%,住宅：995,nan,在建中，竣工时间：暂无数据,住宅,nan,nan,nan,住宅：1800,住宅：1:1.8,在售,在售,在售,"[""闵行房管(2026)预字0000053号"", ""闵行房管(2025)预字0000482号"", ""闵行房管(2025)预字0000382号"", ""闵行房管（2025）预字0000330号"", ""闵行房管(2025)预字0000280号""]","[""30#、27#"", ""37#、22#"", ""3#、24#、11#、10#"", ""36#、35#"", ""34#、33#""]",上海象融房地产开发有限公司,象屿地产,nan,住宅：民电,住宅：民水,31.034857,121.479331,"""""","{""56"": ""车位充足"", ""52"": ""低容积"", ""9"": ""轨交房"", ""7"": ""项目在建"", ""15"": ""外郊环"", ""276"": ""一房一价"", ""72"": ""配套纯熟"", ""70"": ""银行"", ""69"": ""学校"", ""68"": ""医院"", ""66"": ""公园"", ""65"": ""商业街"", ""64"": ""购物中心"", ""92"": ""热搜盘"", ""91"": ""热评楼盘"", ""90"": ""人气楼盘"", ""638"": ""民办中学"", ""637"": ""公办中学"", ""636"": ""公办小学"", ""635"": ""民办小学"", ""625"": ""寄宿制小学"", ""624"": ""九年一贯制"", ""604"": ""三级园"", ""603"": ""二级园"", ""602"": ""一级园"", ""601"": ""示范园"", ""598"": ""民办幼儿园"", ""597"": ""公办幼儿园"", ""591"": ""放松限购"", ""541"": ""3D沙盘"", ""297"": ""认购中"", ""263"": ""VR看房"", ""55"": ""小型社区"", ""50"": ""品牌开发商""}","[""车位充足"", ""低容积"", ""轨交房"", ""项目在建"", ""外郊环""]",https://pic4.ajkimg.com/display/xinfang/d6c71f725ef80b3a4eb8bff9efb475b9/275x206n.jpg,"[{""id"": ""7306773"", ""loupan_id"": ""530360"", ""station_id"": ""121458"", ""subway_id"": ""12078"", ""city_id"": ""11"", ""distance"": ""764米"", ""status"": ""1"", ""last_update_time"": ""1774209759"", ""is_rail_loupan"": ""1"", ""subway_name"": ""23号线"", ""station_name"": ""江川东路"", ""distance_raw"": ""764""}, {""id"": ""7306772"", ""loupan_id"": ""530360"", ""station_id"": ""121457"", ""subway_id"": ""12078"", ""city_id"": ""11"", ""distance"": ""870米"", ""status"": ""1"", ""last_update_time"": ""1774209759"", ""is_rail_loupan"": ""1"", ""subway_name"": ""23号线"", ""station_name"": ""紫龙路"", ""distance_raw"": ""870""}]",nan
532843,大华星屿,上海,11,嘉定区,14,南翔,136,上海嘉定区南翔嘉前路108弄,外郊环,55529,55529元/㎡,首付72万，月供18207元,107-123㎡,住宅：30310.72m²,住宅：91423.04m²,"[{""id"": 886770, ""rooms"": 3, ""room_alias"": ""三室"", ""area"": 107}, {""id"": 886769, ""rooms"": 4, ""room_alias"": ""四室"", ""area"": 123}]",3/4室,"3室户型,4室户型",2026-03-08,2026年03月08日,2026年3月8日,nan,"[""2026-02-24"", ""2026-01-15""]",{高层},{高层},住宅：70年 别墅：70年,住宅：2,住宅：35%,住宅：404,nan,在建中，竣工时间：暂无数据,住宅,nan,住宅：5.4元/㎡/月,nan,住宅：605,住宅：1:1.4,在售,在售,在售,"[""嘉定房管（2026）预字0000032号"", ""嘉定房管(2026)预字0000008号""]","[""13#、10#"", ""15#、11#""]",上海嘉桦茂建设发展有限公司,大华集团,nan,住宅：民电 别墅：民电,住宅：民水 别墅：民水,31.310155,121.303985,"{""service_num"": ""4006708287"", ""num"": ""58433""}","{""80"": ""得房率高"", ""56"": ""车位充足"", ""9"": ""轨交房"", ""76"": ""厨卫全明"", ""74"": ""南北通透"", ""7"": ""项目在建"", ""15"": ""外郊环"", ""276"": ""一房一价"", ""72"": ""配套纯熟"", ""71"": ""便利店"", ""70"": ""银行"", ""69"": ""学校"", ""68"": ""医院"", ""65"": ""商业街"", ""64"": ""购物中心"", ""78"": ""大户型"", ""402"": ""玄关入户"", ""401"": ""户型方正"", ""397"": ""动静分离"", ""85"": ""主卧套房"", ""92"": ""热搜盘"", ""91"": ""热评楼盘"", ""90"": ""人气楼盘"", ""637"": ""公办中学"", ""636"": ""公办小学"", ""635"": ""民办小学"", ""624"": ""九年一贯制"", ""604"": ""三级园"", ""603"": ""二级园"", ""602"": ""一级园"", ""598"": ""民办幼儿园"", ""597"": ""公办幼儿园"", ""591"": ""放松限购"", ""541"": ""3D沙盘"", ""540"": ""日照模拟"", ""263"": ""VR看房"", ""50"": ""品牌开发商""}","[""得房率高"", ""车位充足"", ""轨交房"", ""厨卫全明"", ""南北通透""]",https://pic4.ajkimg.com/display/xinfang/d61cfb5a04ef8e8d0b8984072d899297/275x206n.jpg,"[{""id"": ""7325935"", ""loupan_id"": ""532843"", ""station_id"": ""10849"", ""subway_id"": ""55"", ""city_id"": ""11"", ""distance"": ""955米"", ""status"": ""1"", ""last_update_time"": ""1774209758"", ""is_rail_loupan"": ""1"", ""subway_name"": ""11号线"", ""station_name"": ""陈翔公路"", ""distance_raw"": ""955""}]",nan
527675,开云·恒瑞里,上海,11,浦东,7,北蔡,77,上海浦东北蔡上海浦东新区北中路788弄,内中环,nan,nan,nan,93-138㎡,16730.21m²,59926.29m²,"[{""id"": 854313, ""rooms"": 3, ""room_alias"": ""三室"", ""area"": 93}, {""id"": 854311, ""rooms"": 3, ""room_alias"": ""三室"", ""area"": 115}, {""id"": 854312, ""rooms"": 4, ""room_alias"": ""四室"", ""area"": 138}]",3/4室,"3室户型,4室户型",nan,nan,nan,nan,[],"{高层,小高层}","{高层,小高层}",70年,2.3,35%,374,nan,nan,住宅,nan,nan,nan,nan,nan,待售,待售,待售,[],[],上海开莲置业有限公司,nan,上海开莲置业有限公司,民电,民水,31.191239,121.578526,"{""service_num"": ""4006708287"", ""num"": ""11368""}","{""12"": ""内中环"", ""9"": ""轨交房"", ""76"": ""厨卫全明"", ""74"": ""南北通透"", ""73"": ""卧室全朝南"", ""72"": ""配套纯熟"", ""71"": ""便利店"", ""70"": ""银行"", ""69"": ""学校"", ""68"": ""医院"", ""67"": ""生态绿地"", ""66"": ""公园"", ""65"": ""商业街"", ""64"": ""购物中心"", ""78"": ""大户型"", ""402"": ""玄关入户"", ""401"": ""户型方正"", ""397"": ""动静分离"", ""85"": ""主卧套房"", ""641"": ""寄宿制中学"", ""637"": ""公办中学"", ""636"": ""公办小学"", ""635"": ""民办小学"", ""624"": ""九年一贯制"", ""603"": ""二级园"", ""602"": ""一级园"", ""601"": ""示范园"", ""598"": ""民办幼儿园"", ""597"": ""公办幼儿园"", ""541"": ""3D沙盘"", ""263"": ""VR看房""}","[""内中环"", ""轨交房"", ""厨卫全明"", ""南北通透"", ""卧室全朝南""]",https://pic4.ajkimg.com/display/xinfang/df1098a178c2651a6574687f21c67090/275x206n.jpg,"[{""id"": ""7295386"", ""loupan_id"": ""527675"", ""station_id"": ""10427"", ""subway_id"": ""1017"", ""city_id"": ""11"", ""distance"": ""1484米"", ""status"": ""1"", ""last_update_time"": ""1774209760"", ""is_rail_loupan"": ""1"", ""subway_name"": ""18号线"", ""station_name"": ""北中路"", ""distance_raw"": ""1484""}]",上海浦东新区北中路788弄
532789,宝华紫薇星城,上海,11,松江区,15,车墩,4767,上海松江区车墩茸平公路南侧,郊环外,nan,nan,nan,nan,nan,nan,[],nan,nan,nan,nan,nan,nan,[],{},{},nan,nan,nan,nan,nan,nan,住宅,nan,nan,nan,nan,nan,待售,待售,待售,[],[],上海宝览置业有限公司,宝华地产,nan,民电,民水,31.010161,121.286281,"{""service_num"": ""4006708287"", ""num"": ""58014""}","{""16"": ""郊环外"", ""72"": ""配套纯熟"", ""71"": ""便利店"", ""70"": ""银行"", ""69"": ""学校"", ""68"": ""医院"", ""67"": ""生态绿地"", ""66"": ""公园"", ""65"": ""商业街"", ""64"": ""购物中心"", ""636"": ""公办小学"", ""635"": ""民办小学"", ""624"": ""九年一贯制"", ""603"": ""二级园"", ""602"": ""一级园"", ""601"": ""示范园"", ""598"": ""民办幼儿园"", ""597"": ""公办幼儿园"", ""591"": ""放松限购"", ""541"": ""3D沙盘"", ""540"": ""日照模拟"", ""55"": ""小型社区"", ""50"": ""品牌开发商""}","[""郊环外"", ""配套纯熟"", ""便利店"", ""银行"", ""学校""]",https://pic4.ajkimg.com/display/xinfang/b101de43531e9966f545dc383ffd2f49/275x206n.jpg,[],nan
519546,港城中环汇·云启,上海,11,浦东,7,康桥,147,上海浦东康桥沿荣路56弄、沿荣路55弄,中外环,65000,65000元/㎡,首付64万，月供15400元,79-187㎡,48548m²,76000m²,"[{""id"": 842444, ""rooms"": 2, ""room_alias"": ""二室"", ""area"": 79}, {""id"": 842445, ""rooms"": 2, ""room_alias"": ""二室"", ""area"": 83}, {""id"": 842446, ""rooms"": 3, ""room_alias"": ""三室"", ""area"": 99}, {""id"": 842448, ""rooms"": 3, ""room_alias"": ""三室"", ""area"": 118}, {""id"": 800879, ""rooms"": 4, ""room_alias"": ""四室"", ""area"": 128}, {""id"": 842449, ""rooms"": 4, ""room_alias"": ""四室"", ""area"": 157}, {""id"": 842451, ""rooms"": 4, ""room_alias"": ""四室"", ""area"": 187}, {""id"": 842450, ""rooms"": 5, ""room_alias"": ""五室"", ""area"": 186}]",2/3/4/5室,"2室户型,3室户型,4室户型,5室户型",2024-09-27,2024年09月27日,2024年9月27日,2026年上半年,"[""2024-09-14"", ""2024-09-14""]",{高层},{高层},70年,nan,nan,720,带装修,在建中，竣工时间：暂无数据,住宅,上海港城智慧空间物业服务有限公司,6.98元/㎡/月,nan,nan,nan,在售,在售,在售,"[""浦东新区房管(2024)预字0000262号"", ""浦东新区房管(2024)预字0000263号""]","[""2#、7#、9#、8#、10#、1#"", ""3#、5#、6#、11#、12#""]",上海康城企业管理有限公司,港城开发集团,nan,民电,民水,31.154605,121.593549,"{""service_num"": ""4006708287"", ""num"": ""77234""}","{""29"": ""装修交付"", ""9"": ""轨交房"", ""76"": ""厨卫全明"", ""74"": ""南北通透"", ""73"": ""卧室全朝南"", ""7"": ""项目在建"", ""10"": ""多轨交"", ""13"": ""中外环"", ""276"": ""一房一价"", ""72"": ""配套纯熟"", ""71"": ""便利店"", ""70"": ""银行"", ""69"": ""学校"", ""67"": ""生态绿地"", ""66"": ""公园"", ""64"": ""购物中心"", ""78"": ""大户型"", ""402"": ""玄关入户"", ""401"": ""户型方正"", ""397"": ""动静分离"", ""85"": ""主卧套房"", ""641"": ""寄宿制中学"", ""638"": ""民办中学"", ""637"": ""公办中学"", ""636"": ""公办小学"", ""635"": ""民办小学"", ""624"": ""九年一贯制"", ""604"": ""三级园"", ""603"": ""二级园"", ""602"": ""一级园"", ""601"": ""示范园"", ""598"": ""民办幼儿园"", ""597"": ""公办幼儿园"", ""541"": ""3D沙盘"", ""540"": ""日照模拟"", ""263"": ""VR看房"", ""50"": ""品牌开发商""}","[""装修交付"", ""轨交房"", ""厨卫全明"", ""南北通透"", ""卧室全朝南""]",https://pic4.ajkimg.com/display/xinfang/438cc8093690010f62b5565d070a6d73/275x206n.jpg,"[{""id"": ""7242802"", ""loupan_id"": ""519546"", ""station_id"": ""3002"", ""subway_id"": ""58"", ""city_id"": ""11"", ""distance"": ""1305米"", ""status"": ""1"", ""last_update_time"": ""1774209761"", ""is_rail_loupan"": ""1"", ""subway_name"": ""16号线"", ""station_name"": ""罗山路"", ""distance_raw"": ""1305""}, {""id"": ""7242824"", ""loupan_id"": ""519546"", ""station_id"": ""2914"", ""subway_id"": ""55"", ""city_id"": ""11"", ""distance"": ""1307米"", ""status"": ""1"", ""last_update_time"": ""1774209758"", ""is_rail_loupan"": ""1"", ""subway_name"": ""11号线"", ""station_name"": ""罗山路"", ""distance_raw"": ""1307""}]",浦东新区康桥路1700号港城中环汇租售中心
526812,象屿联发·金海汀雲台,上海,11,浦东,7,曹路,172,上海浦东曹路霞蔚路177弄,外郊环,67731,67731元/㎡,首付69万，月供16735元,78-160㎡,住宅：47645.54m²,住宅：114425.78m²,"[{""id"": 853740, ""rooms"": 2, ""room_alias"": ""二室"", ""area"": 78}, {""id"": 849181, ""rooms"": 3, ""room_alias"": ""三室"", ""area"": 89}, {""id"": 849182, ""rooms"": 3, ""room_alias"": ""三室"", ""area"": 99}, {""id"": 849183, ""rooms"": 4, ""room_alias"": ""四室"", ""area"": 125}, {""id"": 849184, ""rooms"": 4, ""room_alias"": ""四室"", ""area"": 137}, {""id"": 853950, ""rooms"": 4, ""room_alias"": ""四室"", ""area"": 144}, {""id"": 849219, ""rooms"": 4, ""room_alias"": ""四室"", ""area"": 152}, {""id"": 849220, ""rooms"": 4, ""room_alias"": ""四室"", ""area"": 155}, {""id"": 849221, ""rooms"": 4, ""room_alias"": ""四室"", ""area"": 155}, {""id"": 853941, ""rooms"": 4, ""room_alias"": ""四室"", ""area"": 155}, {""id"": 864106, ""rooms"": 4, ""room_alias"": ""四室"", ""area"": 160}]",2/3/4室、别墅,"2室户型,3室户型,4室户型,别墅户型",2025-03-28,2025年03月28日,2025年3月28日,2026年12月,"[""2025-03-13"", ""2025-02-21"", ""2024-12-13"", ""2024-11-13"", ""2024-10-18""]","{小高层,多层}","{小高层,多层}",住宅：70年 别墅：70年,住宅：1.5,住宅：35%,住宅：620,住宅：带装修,在建中，竣工时间：暂无数据,住宅,nan,nan,nan,nan,住宅：1:1.2,售罄,售罄,售罄,"[""浦东新区房管(2025)预字0000038号"", ""浦东新区房管(2025)预字0000018号"", ""浦东新区房管(2024)预字0000400号"", ""浦东新区房管(2024)预字0000343号"", ""浦东新区房管(2024)预字0000306号""]","[""17#、16#、9#"", ""12#、13#、10#、11#、15#"", ""3#、20#、8#、7#"", ""2#、1#"", ""18#、5#、19#、6#""]",上海屿发房地产开发有限公司,"象屿地产,联发集团",nan,住宅：民电,住宅：民水,31.267632,121.65511,"{""service_num"": ""4006708287"", ""num"": ""108976""}","{""723"": ""第四代住宅"", ""56"": ""车位充足"", ""52"": ""低容积"", ""29"": ""装修交付"", ""9"": ""轨交房"", ""7"": ""项目在建"", ""10"": ""多轨交"", ""15"": ""外郊环"", ""276"": ""一房一价"", ""72"": ""配套纯熟"", ""70"": ""银行"", ""69"": ""学校"", ""68"": ""医院"", ""67"": ""生态绿地"", ""66"": ""公园"", ""64"": ""购物中心"", ""637"": ""公办中学"", ""636"": ""公办小学"", ""602"": ""一级园"", ""598"": ""民办幼儿园"", ""597"": ""公办幼儿园"", ""591"": ""放松限购"", ""541"": ""3D沙盘"", ""540"": ""日照模拟"", ""263"": ""VR看房"", ""50"": ""品牌开发商""}","[""第四代住宅"", ""车位充足"", ""低容积"", ""装修交付"", ""轨交房""]",https://pic4.ajkimg.com/display/xinfang/c8faa999fa014d3905d45beaf2b0f392/275x206n.jpg,"[{""id"": ""7292475"", ""loupan_id"": ""526812"", ""station_id"": ""6352"", ""subway_id"": ""67"", ""city_id"": ""11"", ""distance"": ""1086米"", ""status"": ""1"", ""last_update_time"": ""1774209759"", ""is_rail_loupan"": ""1"", ""subway_name"": ""9号线"", ""station_name"": ""顾唐路"", ""distance_raw"": ""1086""}, {""id"": ""7292476"", ""loupan_id"": ""526812"", ""station_id"": ""6351"", ""subway_id"": ""67"", ""city_id"": ""11"", ""distance"": ""1313米"", ""status"": ""1"", ""last_update_time"": ""1774209759"", ""is_rail_loupan"": ""1"", ""subway_name"": ""9号线"", ""station_name"": ""金海路"", ""distance_raw"": ""1313""}, {""id"": ""7292484"", ""loupan_id"": ""526812"", ""station_id"": ""2980"", ""subway_id"": ""56"", ""city_id"": ""11"", ""distance"": ""1467米"", ""status"": ""1"", ""last_update_time"": ""1774209760"", ""is_rail_loupan"": ""1"", ""subway_name"": ""12号线"", ""station_name"": ""金海路"", ""distance_raw"": ""1467""}]",nan
521737,中环桃源里,上海,11,普陀区,10,桃浦,105,上海普陀区桃浦桃菊路117弄,中外环,81915,81915元/㎡,首付106万，月供25607元,83-178㎡,31385.2m²,78463m²,"[{""id"": 824646, ""rooms"": 2, ""room_alias"": ""二室"", ""area"": 83}, {""id"": 816796, ""rooms"": 3, ""room_alias"": ""三室"", ""area"": 106}, {""id"": 824647, ""rooms"": 3, ""room_alias"": ""三室"", ""area"": 126}, {""id"": 816797, ""rooms"": 4, ""room_alias"": ""四室"", ""area"": 166}, {""id"": 824648, ""rooms"": 4, ""room_alias"": ""四室"", ""area"": 175}, {""id"": 824649, ""rooms"": 4, ""room_alias"": ""四室"", ""area"": 178}]",2/3/4室,"2室户型,3室户型,4室户型",2025-04-22,2025年04月22日,2025年4月22日,nan,"[""2025-04-09"", ""2024-06-28"", ""2023-12-14""]",{小高层},{小高层},70年,2.5,35%,604,带装修,在建中，竣工时间：暂无数据,住宅,上海中环陆家嘴物业管理有限公司,6.8元/㎡/月,nan,728,1:1.2,在售,在售,在售,"[""普陀房管(2025)预字0000068号"", ""普陀房管（2024）预字0000173号"", ""普陀房管（2023）预字0000441号""]","[""A3#、A6#"", ""A1#、A2#、A7#、A5#"", ""B1#、B3#、B2#、B5#""]",上海中环桃缘置业有限公司,中环集团,nan,民电,民水,31.288021,121.384943,"{""service_num"": ""4006708287"", ""num"": ""100226""}","{""56"": ""车位充足"", ""29"": ""装修交付"", ""9"": ""轨交房"", ""76"": ""厨卫全明"", ""74"": ""南北通透"", ""7"": ""项目在建"", ""10"": ""多轨交"", ""13"": ""中外环"", ""276"": ""一房一价"", ""72"": ""配套纯熟"", ""71"": ""便利店"", ""70"": ""银行"", ""69"": ""学校"", ""68"": ""医院"", ""67"": ""生态绿地"", ""66"": ""公园"", ""65"": ""商业街"", ""64"": ""购物中心"", ""78"": ""大户型"", ""402"": ""玄关入户"", ""401"": ""户型方正"", ""397"": ""动静分离"", ""85"": ""主卧套房"", ""92"": ""热搜盘"", ""91"": ""热评楼盘"", ""90"": ""人气楼盘"", ""637"": ""公办中学"", ""636"": ""公办小学"", ""634"": ""24年三批次"", ""624"": ""九年一贯制"", ""604"": ""三级园"", ""603"": ""二级园"", ""602"": ""一级园"", ""601"": ""示范园"", ""600"": ""市级示范园"", ""598"": ""民办幼儿园"", ""597"": ""公办幼儿园"", ""589"": ""23年十二批次"", ""541"": ""3D沙盘"", ""540"": ""日照模拟"", ""421"": ""无需摇号"", ""263"": ""VR看房""}","[""车位充足"", ""装修交付"", ""轨交房"", ""厨卫全明"", ""南北通透""]",https://pic4.ajkimg.com/display/xinfang/8ddc2aa9c57ef8baea87f725cb63cc7a/275x206n.jpg,"[{""id"": ""7251734"", ""loupan_id"": ""521737"", ""station_id"": ""2933"", ""subway_id"": ""55"", ""city_id"": ""11"", ""distance"": ""1412米"", ""status"": ""1"", ""last_update_time"": ""1774209758"", ""is_rail_loupan"": ""1"", ""subway_name"": ""11号线"", ""station_name"": ""祁连山路"", ""distance_raw"": ""1412""}, {""id"": ""7251732"", ""loupan_id"": ""521737"", ""station_id"": ""10368"", ""subway_id"": ""1018"", ""city_id"": ""11"", ""distance"": ""1473米"", ""status"": ""1"", ""last_update_time"": ""1774209758"", ""is_rail_loupan"": ""1"", ""subway_name"": ""15号线"", ""station_name"": ""古浪路"", ""distance_raw"": ""1473""}]",普陀区祁连山路608号北侧
520393,金地嘉境,上海,11,嘉定区,14,徐行,23566,上海嘉定区徐行启宁路555弄,外郊环,570,570万元/套起,首付85万，月供21487元,135-142㎡,别墅：32659m² 住宅：32659m²,别墅：89206.39m² 住宅：89206.39m²,"[{""id"": 827841, ""rooms"": 4, ""room_alias"": ""四室"", ""area"": 135}, {""id"": 827838, ""rooms"": 4, ""room_alias"": ""四室"", ""area"": 138}, {""id"": 827840, ""rooms"": 4, ""room_alias"": ""四室"", ""area"": 140}, {""id"": 818558, ""rooms"": 4, ""room_alias"": ""四室"", ""area"": 142}, {""id"": 818559, ""rooms"": 4, ""room_alias"": ""四室"", ""area"": 142}, {""id"": 818589, ""rooms"": 4, ""room_alias"": ""四室"", ""area"": 142}]",别墅,别墅户型,2023-12-10,2023年12月10日,2023年12月10日,2026年3月,"[""2023-11-27"", ""2023-11-27"", ""2023-10-13""]",{叠加别墅},{叠加别墅},别墅：70年 住宅：70年,别墅：1.8 住宅：1.8,别墅：35% 住宅：35%,别墅：558 住宅：558,别墅：带装修 住宅：带装修,在建中，竣工时间：暂无数据,别墅,上海金地物业服务有限公司,nan,nan,别墅：714 住宅：714,别墅：1:1.2 住宅：1:1.2,售罄,售罄,售罄,"[""嘉定房管（2023）预字0000404号"", ""嘉定房管（2023）预字0000403号"", ""嘉定房管（2023）预字0000333号""]","[""7#、10#、8#、1#、11#、6#"", ""4#"", ""3#、5#、9#、14#、13#、2#""]","金地集团上海房地产发展有限公司,南通辉泰置业有限公司,上海鑫禄诚房地产开发有限公司",金地集团,nan,别墅：民电 住宅：民电,别墅：民水 住宅：民水,31.416486819618,121.28384148402,"""""","{""723"": ""第四代住宅"", ""81"": ""大阳台"", ""56"": ""车位充足"", ""52"": ""低容积"", ""29"": ""装修交付"", ""76"": ""厨卫全明"", ""74"": ""南北通透"", ""73"": ""卧室全朝南"", ""7"": ""项目在建"", ""15"": ""外郊环"", ""276"": ""一房一价"", ""72"": ""配套纯熟"", ""70"": ""银行"", ""69"": ""学校"", ""68"": ""医院"", ""67"": ""生态绿地"", ""66"": ""公园"", ""65"": ""商业街"", ""64"": ""购物中心"", ""402"": ""玄关入户"", ""397"": ""动静分离"", ""82"": ""双卫生间"", ""638"": ""民办中学"", ""637"": ""公办中学"", ""636"": ""公办小学"", ""603"": ""二级园"", ""602"": ""一级园"", ""601"": ""示范园"", ""598"": ""民办幼儿园"", ""597"": ""公办幼儿园"", ""591"": ""放松限购"", ""588"": ""23年十一批次"", ""582"": ""23年九批次"", ""541"": ""3D沙盘"", ""540"": ""日照模拟"", ""263"": ""VR看房"", ""50"": ""品牌开发商""}","[""第四代住宅"", ""大阳台"", ""车位充足"", ""低容积"", ""装修交付""]",https://pic4.ajkimg.com/display/xinfang/be08680e4dd0e0080e2ac93108466db3/275x206n.jpg,[],嘉定区启宁路与树屏东路交叉口西南侧
527640,中铁世博云境,上海,11,浦东,7,浦东世博,75,上海浦东浦东世博长清北路458弄,内中环,100000,100000元/㎡,首付151万，月供36391元,115-162㎡,12482.2m²,35240.19m²,"[{""id"": 857647, ""rooms"": 3, ""room_alias"": ""三室"", ""area"": 115}, {""id"": 857648, ""rooms"": 3, ""room_alias"": ""三室"", ""area"": 115}, {""id"": 857649, ""rooms"": 3, ""room_alias"": ""三室"", ""area"": 115}, {""id"": 857650, ""rooms"": 4, ""room_alias"": ""四室"", ""area"": 162}]",3/4室,"3室户型,4室户型",2024-12-30,2024年12月30日,2024年12月30日,nan,"[""2024-12-13""]",{},{},70年,2,35%,158,nan,在建中，竣工时间：暂无数据,住宅,nan,nan,nan,nan,nan,售罄,售罄,售罄,"[""浦东新区房管(2024)预字 0000404号""]","[""1#、2#、3#""]",上海中铁浦盛置业有限公司,中国中铁,nan,民电,民水,31.182394,121.491614,"""""","{""12"": ""内中环"", ""9"": ""轨交房"", ""76"": ""厨卫全明"", ""74"": ""南北通透"", ""7"": ""项目在建"", ""10"": ""多轨交"", ""276"": ""一房一价"", ""72"": ""配套纯熟"", ""71"": ""便利店"", ""70"": ""银行"", ""69"": ""学校"", ""68"": ""医院"", ""67"": ""生态绿地"", ""66"": ""公园"", ""65"": ""商业街"", ""64"": ""购物中心"", ""78"": ""大户型"", ""402"": ""玄关入户"", ""401"": ""户型方正"", ""85"": ""主卧套房"", ""641"": ""寄宿制中学"", ""638"": ""民办中学"", ""637"": ""公办中学"", ""636"": ""公办小学"", ""635"": ""民办小学"", ""625"": ""寄宿制小学"", ""624"": ""九年一贯制"", ""603"": ""二级园"", ""602"": ""一级园"", ""601"": ""示范园"", ""600"": ""市级示范园"", ""598"": ""民办幼儿园"", ""597"": ""公办幼儿园"", ""263"": ""VR看房"", ""55"": ""小型社区"", ""50"": ""品牌开发商""}","[""内中环"", ""轨交房"", ""厨卫全明"", ""南北通透"", ""项目在建""]",https://pic4.ajkimg.com/display/xinfang/1f216fbf419418a909f6b351a67247b5/275x206n.jpg,"[{""id"": ""7295298"", ""loupan_id"": ""527640"", ""station_id"": ""3173"", ""subway_id"": ""65"", ""city_id"": ""11"", ""distance"": ""470米"", ""status"": ""1"", ""last_update_time"": ""1774209759"", ""is_rail_loupan"": ""1"", ""subway_name"": ""7号线"", ""station_name"": ""长清路"", ""distance_raw"": ""470""}, {""id"": ""7295308"", ""loupan_id"": ""527640"", ""station_id"": ""10033"", ""subway_id"": ""57"", ""city_id"": ""11"", ""distance"": ""470米"", ""status"": ""1"", ""last_update_time"": ""1774209761"", ""is_rail_loupan"": ""1"", ""subway_name"": ""13号线"", ""station_name"": ""长清路"", ""distance_raw"": ""470""}, {""id"": ""7295305"", ""loupan_id"": ""527640"", ""station_id"": ""121768"", ""subway_id"": ""12074"", ""city_id"": ""11"", ""distance"": ""747米"", ""status"": ""1"", ""last_update_time"": ""1774209760"", ""is_rail_loupan"": ""1"", ""subway_name"": ""19号线"", ""station_name"": ""世博大道"", ""distance_raw"": ""747""}, {""id"": ""7295302"", ""loupan_id"": ""527640"", ""station_id"": ""2999"", ""subway_id"": ""57"", ""city_id"": ""11"", ""distance"": ""760米"", ""status"": ""1"", ""last_update_time"": ""1774209758"", ""is_rail_loupan"": ""1"", ""subway_name"": ""13号线"", ""station_name"": ""世博大道"", ""distance_raw"": ""760""}, {""id"": ""7295296"", ""loupan_id"": ""527640"", ""station_id"": ""3172"", ""subway_id"": ""65"", ""city_id"": ""11"", ""distance"": ""1145米"", ""status"": ""1"", ""last_update_time"": ""1774209759"", ""is_rail_loupan"": ""1"", ""subway_name"": ""7号线"", ""station_name"": ""耀华路"", ""distance_raw"": ""1145""}, {""id"": ""7295301"", ""loupan_id"": ""527640"", ""station_id"": ""3207"", ""subway_id"": ""66"", ""city_id"": ""11"", ""distance"": ""1145米"", ""status"": ""1"", ""last_update_time"": ""1774209760"", ""is_rail_loupan"": ""1"", ""subway_name"": ""8号线"", ""station_name"": ""耀华路"", ""distance_raw"": ""1145""}, {""id"": ""7295304"", ""loupan_id"": ""527640"", ""station_id"": ""121766"", ""subway_id"": ""12074"", ""city_id"": ""11"", ""distance"": ""1386米"", ""status"": ""1"", ""last_update_time"": ""1774209760"", ""is_rail_loupan"": ""1"", ""subway_name"": ""19号线"", ""station_name"": ""世博"", ""distance_raw"": ""1386""}]",nan
