楼盘ID,楼盘名称,城市名称,城市ID,区域名称,区域ID,子区域名称,子区域ID,地址,环线位置,最新价格,参考价格,房贷计算信息,面积范围,占地面积,建筑面积,房间面积信息,户型文本描述,全部户型,开盘日期,开盘日期备注,开盘时间,交房时间,发证时间,建筑类型,建筑类型.1,产权年限,容积率,绿化率,规划户数,装修情况,工程进度,物业类型,物业公司,物业管理费,物业特色,车位数,车位比,销售状态,销售标题,租售标题,预售证号,绑定楼栋,开发商,开发商品牌,投资商,供电,供水,百度地图纬度,百度地图经度,400电话,所有标签列表,标签列表,默认图片,规交信息,售楼处地址
3869020,中阁B区,三亚,51,保亭,4927,保亭,4975,三亚保亭保亭凤凰路与沿河北路交叉口向北200米,,,,,37-73㎡,101000m²,160000m²,"[{""id"": 113801, ""rooms"": 1, ""room_alias"": ""一室"", ""area"": 36.9}, {""id"": 113800, ""rooms"": 1, ""room_alias"": ""一室"", ""area"": 51.75}, {""id"": 113799, ""rooms"": 2, ""room_alias"": ""二室"", ""area"": 73.29}]",1/2室,"1室户型,2室户型",2008-09-25,,2008年,2009年,[],"{小高层,高层}",小高层、高层,70年,1.6,,2321,带装修,,住宅,合景悠活,2.4元/㎡/月,,400,1：0.17,售罄,售罄,售罄,"[""【2013】保房预字(0005)号""]",[],金地,,,民电,民水,18.655187,109.696657,"{""service_num"": ""4006708287"", ""num"": """"}","{""52"": ""低容积"", ""29"": ""装修交付"", ""63"": ""旅游地产"", ""70"": ""银行"", ""69"": ""学校"", ""68"": ""医院"", ""79"": ""小户型"", ""54"": ""大型社区""}","[""低容积"", ""装修交付"", ""旅游地产"", ""银行"", ""学校""]",https://pic4.ajkimg.com/display/xinfang/7c224fb26eecbf2b5be6482b53dcd52f/275x206n.jpg,[],海南省保亭县凤凰路与沿河北路交叉口向北200米
9098627,嘉翡翠居,三亚,51,东方,6181,东方,6186,三亚东方东方金月湾旅游度假区,,5681元/㎡,5681元/㎡,首付23万，月供5698元,104-190㎡,333333.33m²,700000m²,"[{""id"": 797598, ""rooms"": 2, ""room_alias"": ""二室"", ""area"": 118}, {""id"": 797600, ""rooms"": 3, ""room_alias"": ""三室"", ""area"": 104}, {""id"": 797599, ""rooms"": 3, ""room_alias"": ""三室"", ""area"": 142}, {""id"": 797601, ""rooms"": 3, ""room_alias"": ""三室"", ""area"": 181}, {""id"": 797602, ""rooms"": 4, ""room_alias"": ""四室"", ""area"": 190}]",2/3/4室,"2室户型,3室户型,4室户型",2008-12-22,2022年11月09日,2008年,2009年,"[""2022-11-09""]",{},,70年,,,4189,带装修,在建中，竣工时间：2024-08-31,住宅,华润万象生活,3.9元/㎡/月,,2952,1:1,售罄,售罄,售罄,"[""【2022】东房预字（0013）号""]","[""Y-13#、Y-14#、Y-14#""]",雅居乐,,陕投集团,民电,民水,18.777889,108.674461,"""""","{""559"": ""现房"", ""29"": ""装修交付"", ""7"": ""项目在建"", ""5"": ""低单价"", ""4"": ""低总价"", ""70"": ""银行"", ""69"": ""学校"", ""68"": ""医院"", ""78"": ""大户型"", ""90"": ""人气楼盘"", ""279"": ""品质好房"", ""98"": ""改善置业"", ""54"": ""大型社区""}","[""现房"", ""装修交付"", ""项目在建"", ""低单价"", ""低总价""]",https://pic4.ajkimg.com/display/xinfang/c4f010f92e0b59826aca91a362189f52/275x206n.jpg,[],海南省东方市金月湾滨海旅游度假区
7141311,绿城盛世花苑,三亚,51,五指山,4926,五指山,4974,三亚五指山五指山三月三大道与河南东路交汇处西侧,,5570元/㎡,5570元/㎡,,100-120㎡,200000m²,246000m²,"[{""id"": 859617, ""rooms"": 2, ""room_alias"": ""二室"", ""area"": 100}, {""id"": 859618, ""rooms"": 3, ""room_alias"": ""三室"", ""area"": 120}, {""id"": 859619, ""rooms"": 3, ""room_alias"": ""三室"", ""area"": 120}]",2/3室,"2室户型,3室户型",2008-05-04,2024年12月28日,2008年,2009年,"[""2024-12-11""]",{小高层},小高层,70年,1,,,带装修,,住宅,绿城服务,33.5元/㎡/月,,440,1:1,售罄,售罄,售罄,"[""海-五-202412004874""]",[],融创,,,民电,民水,18.78013,109.558052,"""""","{""52"": ""低容积"", ""29"": ""装修交付"", ""72"": ""配套纯熟"", ""70"": ""银行"", ""69"": ""学校"", ""68"": ""医院"", ""66"": ""公园"", ""65"": ""商业街"", ""64"": ""购物中心"", ""78"": ""大户型"", ""55"": ""小型社区""}","[""低容积"", ""装修交付"", ""配套纯熟"", ""银行"", ""学校""]",https://pic4.ajkimg.com/display/xinfang/b6354ea8e3b71a60f4c5775144510266/275x206n.jpg,[],五指山市三月三大道与河南东路交汇处西侧
8617375,海景二期,三亚,51,乐东,4917,乐东,4965,三亚乐东乐东九所新区,,,,,42-49㎡,1100m²,11000m²,"[{""id"": 50226, ""rooms"": 1, ""room_alias"": ""一室"", ""area"": 42}, {""id"": 50221, ""rooms"": 1, ""room_alias"": ""一室"", ""area"": 49}]",1室,1室户型,2008-09-06,,2008年,2009年,[],{小高层},小高层,70年,1.63,22%,221,带装修,,住宅,金地智慧服务,1.5元/㎡/月,,221,1:1,售罄,售罄,售罄,"[""乐房售证字号【2012】003号""]",[],华侨城,,鼎鑫实业开发有限公司,民电,民水,18.468309,108.960757,"{""service_num"": ""4006708287"", ""num"": """"}","{""52"": ""低容积"", ""29"": ""装修交付"", ""63"": ""旅游地产"", ""70"": ""银行"", ""69"": ""学校"", ""68"": ""医院"", ""79"": ""小户型"", ""55"": ""小型社区""}","[""低容积"", ""装修交付"", ""旅游地产"", ""银行"", ""学校""]",https://pic4.ajkimg.com/display/xinfang/4404c590f56cd2175d86bda0106484ed/275x206n.jpg,[],海南省乐东鑫源商业街
6307876,世东方坊,三亚,51,陵水,4928,清水湾,5086,三亚陵水清水湾新村镇新港大道与清水湾交界处,,10026元/㎡,10026元/㎡,首付36万，月供8601元,105-133㎡,9200m²,152700m²,"[{""id"": 741634, ""rooms"": 2, ""room_alias"": ""二室"", ""area"": 105}, {""id"": 741635, ""rooms"": 3, ""room_alias"": ""三室"", ""area"": 110}, {""id"": 741636, ""rooms"": 3, ""room_alias"": ""三室"", ""area"": 112}, {""id"": 741637, ""rooms"": 3, ""room_alias"": ""三室"", ""area"": 133}]",2/3室,"2室户型,3室户型",2008-01-22,2022年06月13日,2008年,2009年,"[""2022-11-07"", ""2022-02-17"", ""2021-11-30""]",{小高层},小高层,70年,,45%,298,带装修,已封顶，竣工时间：2023-12-30,住宅,保利物业,,,271,,售罄,售罄,售罄,"[""469028202106250101-4号"", ""4690282106250101-2号"", ""469028202106250101-1号""]","[""2#"", ""7#"", ""1#""]",旭辉,,上海弘久实业,民电,民水,18.434469,109.972591,"""""","{""559"": ""现房"", ""53"": ""高绿化率"", ""29"": ""装修交付"", ""8"": ""项目封顶"", ""76"": ""厨卫全明"", ""74"": ""南北通透"", ""73"": ""卧室全朝南"", ""5"": ""低单价"", ""78"": ""大户型"", ""402"": ""玄关入户"", ""401"": ""户型方正"", ""85"": ""主卧套房"", ""83"": ""双阳台"", ""82"": ""双卫生间"", ""263"": ""VR看房"", ""55"": ""小型社区""}","[""现房"", ""高绿化率"", ""装修交付"", ""项目封顶"", ""厨卫全明""]",https://pic4.ajkimg.com/display/xinfang/54465557fb525076dc415feb19bda8c1/275x206n.jpg,[],海南陵水县清水湾新村镇新港大道与清水湾交界处海南清水湾·云汀销售中心
7181702,碧桂半岛林,三亚,51,海棠区,10252,海棠湾,4938,三亚海棠区海棠湾南田路,,219元/㎡,219元/㎡,首付88万，月供21143元,109-159㎡,别墅：33300m² 住宅：33300m²,别墅：33333.3m² 住宅：33333.3m²,"[{""id"": 649684, ""rooms"": 3, ""room_alias"": ""三室"", ""area"": 109}, {""id"": 649693, ""rooms"": 3, ""room_alias"": ""三室"", ""area"": 153}, {""id"": 649695, ""rooms"": 3, ""room_alias"": ""三室"", ""area"": 153}, {""id"": 649692, ""rooms"": 3, ""room_alias"": ""三室"", ""area"": 159}]",3室、别墅,"3室户型,别墅户型",2008-02-23,2021年02月15日,2008年,2009年,"[""2021-09-29"", ""2021-11-12"", ""2021-01-29""]",{叠加别墅},别墅：叠加别墅 住宅：低层、多层、花园洋房,别墅：70年 住宅：70年,别墅：1 住宅：1,别墅：40% 住宅：40%,别墅：156 住宅：239,别墅：带装修 住宅：带装修,已封顶，竣工时间：2023-09-29,别墅,保利物业,别墅：8元/㎡/月 住宅：5~8元/㎡/月,,别墅：334 住宅：334,别墅：1:1 住宅：1:1,售罄,售罄,售罄,"[""三房预许字【2021】085号"", ""三房预许字【2021】099号"", ""三房预许字［2021］13号""]","[""1#、2#"", ""3#、5#"", ""7#""]",阳光城,碧桂园集团,碧桂园集团,别墅：民电,别墅：民水,18.318148,109.717125,"{""service_num"": ""4006708287"", ""num"": """"}","{""559"": ""现房"", ""53"": ""高绿化率"", ""52"": ""低容积"", ""29"": ""装修交付"", ""8"": ""项目封顶"", ""76"": ""厨卫全明"", ""74"": ""南北通透"", ""78"": ""大户型"", ""404"": ""客餐厅相连"", ""402"": ""玄关入户"", ""401"": ""户型方正"", ""85"": ""主卧套房"", ""83"": ""双阳台"", ""263"": ""VR看房"", ""55"": ""小型社区"", ""50"": ""品牌开发商""}","[""现房"", ""高绿化率"", ""低容积"", ""装修交付"", ""项目封顶""]",https://pic4.ajkimg.com/display/xinfang/0045bfd6af18b637f71aea777c5c293a/275x206n.jpg,[],海南省三亚市海棠区南田路
6936475,天丽景B区,三亚,51,吉阳区,10250,大东海,4937,三亚吉阳区大东海大东海南边海路鹿回头半岛之上,,,,,51-80㎡,住宅：26667m² 别墅：26667m²,住宅：56000m² 别墅：56000m²,"[{""id"": 51021, ""rooms"": 1, ""room_alias"": ""一室"", ""area"": 51.26}, {""id"": 51020, ""rooms"": 1, ""room_alias"": ""一室"", ""area"": 79.88}]",1室,1室户型,2008-08-03,,2008年,2009年,[],{高层},住宅：高层,住宅：1年 别墅：1年,住宅：0.3,住宅：60% 别墅：60%,住宅：720 别墅：720,住宅：带装修 别墅：带装修,,住宅,旭辉永升,住宅：2.5元/㎡/月,,住宅：138 别墅：138,,售罄,售罄,售罄,[],[],滨江集团,,龙鼎房地产开发有限公司,住宅：民电,住宅：民水,18.219921,109.50363,"""""","{""53"": ""高绿化率"", ""52"": ""低容积"", ""29"": ""装修交付"", ""72"": ""配套纯熟"", ""71"": ""便利店"", ""70"": ""银行"", ""69"": ""学校"", ""68"": ""医院"", ""66"": ""公园"", ""65"": ""商业街"", ""64"": ""购物中心"", ""79"": ""小户型""}","[""高绿化率"", ""低容积"", ""装修交付"", ""配套纯熟"", ""便利店""]",https://pic4.ajkimg.com/display/xinfang/c9a7794fd74991a8444b2b7c8a8087de/275x206n.jpg,[],海南省三亚市南边海路（时代海岸海对面）
7097601,和半岛翠苑,三亚,51,陵水,4928,清水湾,5086,三亚陵水清水湾清水湾二路纳瓦拉展示中心,,,,,47-125㎡,64666m²,120000m²,"[{""id"": 867907, ""rooms"": 1, ""room_alias"": ""一室"", ""area"": 47}, {""id"": 867905, ""rooms"": 1, ""room_alias"": ""一室"", ""area"": 49}, {""id"": 867915, ""rooms"": 2, ""room_alias"": ""二室"", ""area"": 47}, {""id"": 867914, ""rooms"": 2, ""room_alias"": ""二室"", ""area"": 49}, {""id"": 867904, ""rooms"": 2, ""room_alias"": ""二室"", ""area"": 99}, {""id"": 867903, ""rooms"": 3, ""room_alias"": ""三室"", ""area"": 104}, {""id"": 867901, ""rooms"": 3, ""room_alias"": ""三室"", ""area"": 111}, {""id"": 867897, ""rooms"": 3, ""room_alias"": ""三室"", ""area"": 125}, {""id"": 867912, ""rooms"": 4, ""room_alias"": ""四室"", ""area"": 104}, {""id"": 867910, ""rooms"": 4, ""room_alias"": ""四室"", ""area"": 111}, {""id"": 867909, ""rooms"": 4, ""room_alias"": ""四室"", ""area"": 125}]",1/2/3/4室,"1室户型,2室户型,3室户型,4室户型",2008-08-09,2025年05月19日,2008年,2009年,"[""2025-04-23""]",{高层},高层,50年,2.5,25%,562,,,住宅,融创服务,,,521,1:1,售罄,售罄,售罄,"[""469028202412170101-1号""]","[""4#""]",招商蛇口,,,民电,民水,18.42809,109.864153,"""""","{""72"": ""配套纯熟"", ""70"": ""银行"", ""69"": ""学校"", ""68"": ""医院"", ""65"": ""商业街"", ""64"": ""购物中心"", ""79"": ""小户型"", ""78"": ""大户型"", ""90"": ""人气楼盘""}","[""配套纯熟"", ""银行"", ""学校"", ""医院"", ""商业街""]",https://pic4.ajkimg.com/display/xinfang/b9e51e7621bf5cd9935d0242bf06c3f7/275x206n.jpg,[],海南清水湾二路纳瓦拉展示中心
7629636,绿城蓝湾里,三亚,51,五指山,4926,五指山,4974,三亚五指山五指山三月三大道与河南东路交汇处西侧,,5570元/㎡,5570元/㎡,,100-120㎡,200000m²,246000m²,"[{""id"": 859617, ""rooms"": 2, ""room_alias"": ""二室"", ""area"": 100}, {""id"": 859618, ""rooms"": 3, ""room_alias"": ""三室"", ""area"": 120}, {""id"": 859619, ""rooms"": 3, ""room_alias"": ""三室"", ""area"": 120}]",2/3室,"2室户型,3室户型",2008-04-16,2024年12月28日,2008年,2009年,"[""2024-12-11""]",{小高层},小高层,70年,1,,,带装修,,住宅,合景悠活,33.5元/㎡/月,,440,1:1,售罄,售罄,售罄,"[""海-五-202412004874""]",[],金地,,,民电,民水,18.767274,109.531805,"""""","{""52"": ""低容积"", ""29"": ""装修交付"", ""72"": ""配套纯熟"", ""70"": ""银行"", ""69"": ""学校"", ""68"": ""医院"", ""66"": ""公园"", ""65"": ""商业街"", ""64"": ""购物中心"", ""78"": ""大户型"", ""55"": ""小型社区""}","[""低容积"", ""装修交付"", ""配套纯熟"", ""银行"", ""学校""]",https://pic4.ajkimg.com/display/xinfang/b6354ea8e3b71a60f4c5775144510266/275x206n.jpg,[],五指山市三月三大道与河南东路交汇处西侧
5833562,碧台B区,三亚,51,海棠区,10252,海棠湾,4938,三亚海棠区海棠湾海棠区南田大道,,,,,119-145㎡,别墅：29400m² 住宅：29400m²,别墅：50000m² 住宅：50000m²,"[{""id"": 529371, ""rooms"": 3, ""room_alias"": ""三室"", ""area"": 144.79}, {""id"": 529369, ""rooms"": 4, ""room_alias"": ""四室"", ""area"": 118.59}, {""id"": 529370, ""rooms"": 4, ""room_alias"": ""四室"", ""area"": 125.58}]",别墅,别墅户型,2008-07-01,2019年12月15日,2008年,2009年,"[""2019-12-11""]",{叠加别墅},别墅：叠加别墅 住宅：低层、多层,别墅：70年 住宅：70年,别墅：1.2 住宅：1.2,别墅：40% 住宅：40%,别墅：308 住宅：308,别墅：带装修 住宅：带装修,,别墅,万科物业,别墅：10元/㎡/月 住宅：6元/㎡/月,,别墅：373 住宅：373,别墅：1:1.2 住宅：1:1.2,售罄,售罄,售罄,"[""三房预许字[2019]75号""]",[],雅居乐,融创中国,,别墅：民电,别墅：民水,18.413717,109.721599,"{""service_num"": ""4006708287"", ""num"": """"}","{""559"": ""现房"", ""56"": ""车位充足"", ""53"": ""高绿化率"", ""52"": ""低容积"", ""29"": ""装修交付"", ""50"": ""品牌开发商""}","[""现房"", ""车位充足"", ""高绿化率"", ""低容积"", ""装修交付""]",https://pic4.ajkimg.com/display/xinfang/3f16c0c1c21fca2fe85a946f3dd1db8a/275x206n.jpg,[],海南省三亚市海棠区南田大道
915119,凤东方华庭,三亚,51,吉阳区,10250,榆亚路,24793,三亚吉阳区榆亚路山海贝博物馆旁,,9841元/㎡,9841元/㎡,首付58万，月供13976元,112-186㎡,49700m²,66900m²,"[{""id"": 884695, ""rooms"": 3, ""room_alias"": ""三室"", ""area"": 112}, {""id"": 883795, ""rooms"": 3, ""room_alias"": ""三室"", ""area"": 132}, {""id"": 884689, ""rooms"": 4, ""room_alias"": ""四室"", ""area"": 143}, {""id"": 884694, ""rooms"": 4, ""room_alias"": ""四室"", ""area"": 186}]",3/4室,"3室户型,4室户型",2008-04-20,,2008年,2009年,"[""2026-01-27"", ""2026-01-27""]",{},,70年,2.03,,342,,,住宅,金地智慧服务,,,437,,售罄,售罄,售罄,"[""三房预许字【2026】4号"", ""三房预许字【2026】5号""]","[""2#、1#"", ""7#、5#""]",碧桂园,大华集团,,民电,民水,18.267819,109.577797,"{""service_num"": ""4006708287"", ""num"": ""59726""}","{""723"": ""第四代住宅"", ""31"": ""大平层"", ""76"": ""厨卫全明"", ""74"": ""南北通透"", ""60"": ""海景地产"", ""72"": ""配套纯熟"", ""70"": ""银行"", ""69"": ""学校"", ""68"": ""医院"", ""67"": ""生态绿地"", ""65"": ""商业街"", ""78"": ""大户型"", ""402"": ""玄关入户"", ""401"": ""户型方正"", ""85"": ""主卧套房"", ""92"": ""热搜盘"", ""91"": ""热评楼盘"", ""90"": ""人气楼盘"", ""744"": ""好房子"", ""541"": ""3D沙盘"", ""540"": ""日照模拟"", ""263"": ""VR看房"", ""50"": ""品牌开发商""}","[""第四代住宅"", ""大平层"", ""厨卫全明"", ""南北通透"", ""海景地产""]",https://pic4.ajkimg.com/display/xinfang/4cefd6b8d7e28aeefacdca49f4260057/275x206n.jpg,[],三亚悦澜湾君澜度假酒店1号楼大堂
6147682,三亚蓝湾翠苑,三亚,51,天涯区,10251,红塘湾,10256,三亚天涯区红塘湾天涯区红塘湾旅游度假区十一横路,,12997元/㎡,12997元/㎡,首付24万，月供5734元,54-253㎡,96736.87m²,33152.79m²,"[{""id"": 528873, ""rooms"": 1, ""room_alias"": ""一室"", ""area"": 53.92}, {""id"": 528876, ""rooms"": 1, ""room_alias"": ""一室"", ""area"": 149.44}, {""id"": 528875, ""rooms"": 1, ""room_alias"": ""一室"", ""area"": 185.96}, {""id"": 528877, ""rooms"": 1, ""room_alias"": ""一室"", ""area"": 252.68}, {""id"": 528874, ""rooms"": 3, ""room_alias"": ""三室"", ""area"": 75.97}, {""id"": 535259, ""rooms"": 3, ""room_alias"": ""三室"", ""area"": 75.99}]",1/3室,商业户型,2008-03-19,2020年01月20日,2008年,2009年,"[""2021-12-24"", ""2019-12-03"", ""2019-01-15"", ""2019-09-20""]",高层,小高层,40年,0.37,35%,453,"毛坯,带装修",已竣工，竣工时间：2023-03-30,商业,招商积余,3.98元/㎡/月,,195,,售罄,售罄,售罄,"[""三房预许字【2021】117号"", ""三房预许字【2019】67号"", ""三房预许字【2019】10号"", ""三房预许字【2019】56号""]","[""A14#、A15#"", ""A1-A#、A1-B#""]",新城控股,国瑞置业,国瑞置业,商电,商水,18.299074,109.314223,"""""","{""559"": ""现房"", ""557"": ""项目竣工"", ""29"": ""装修交付"", ""91"": ""热评楼盘"", ""50"": ""品牌开发商""}","[""现房"", ""项目竣工"", ""装修交付"", ""热评楼盘"", ""品牌开发商""]",https://pic4.ajkimg.com/display/xinfang/2bacca757d331f1f12c1136fd0a9e3c8/275x206n.jpg,[],海南省三亚市天涯区红塘湾旅游度假区十一横路
5411683,金新城三期,三亚,51,天涯区,10251,三亚湾,4932,三亚天涯区三亚湾三亚湾路与友谊路交汇处，解放军四二五医院北边,,,,,40-117㎡,25308m²,91774m²,"[{""id"": 51811, ""rooms"": 1, ""room_alias"": ""一室"", ""area"": 40}, {""id"": 51904, ""rooms"": 2, ""room_alias"": ""二室"", ""area"": 99}, {""id"": 51810, ""rooms"": 2, ""room_alias"": ""二室"", ""area"": 104}, {""id"": 51905, ""rooms"": 2, ""room_alias"": ""二室"", ""area"": 117}]",1/2室,"1室户型,2室户型",2008-09-14,,2008年,2009年,[],{高层},高层,70年,3.01,43%,893,简装修,,住宅,雅生活服务,2.5元/㎡/月,,364,1:0.41,售罄,售罄,售罄,"[""三房预许字[2009]069号""]",[],朗诗,,三亚恒森实业投资有限公司,民电,民水,18.257262,109.507263,"""""","{""53"": ""高绿化率"", ""29"": ""装修交付"", ""63"": ""旅游地产"", ""72"": ""配套纯熟"", ""71"": ""便利店"", ""70"": ""银行"", ""69"": ""学校"", ""68"": ""医院"", ""66"": ""公园"", ""65"": ""商业街"", ""64"": ""购物中心"", ""79"": ""小户型"", ""78"": ""大户型""}","[""高绿化率"", ""装修交付"", ""旅游地产"", ""配套纯熟"", ""便利店""]",https://pic4.ajkimg.com/display/xinfang/b7c3ad7b03c16c2bd566edba936e138e/275x206n.jpg,[],三亚市三亚湾路金凤凰海景公寓一楼，三亚市金鸡岭路昌达新世纪花园一楼
6929167,鑫理想居,三亚,51,海棠区,10252,海棠湾,4938,三亚海棠区海棠湾珠江南田温泉度假区,,,,,46-196㎡,66660m²,24000m²,"[{""id"": 52837, ""rooms"": 1, ""room_alias"": ""一室"", ""area"": 78}]",别墅,别墅户型,2008-12-25,,2008年,2009年,[],"{独栋别墅,联排别墅,叠加别墅}",独栋别墅、联排别墅、叠加别墅,70年,0.36,60%,360,,,别墅,合景悠活,9.6元/㎡/月,,,1:1,售罄,售罄,售罄,[],[],龙湖,,海南珠江国际置业,民电,民水,18.422006,109.727898,"""""","{""53"": ""高绿化率"", ""63"": ""旅游地产"", ""72"": ""配套纯熟"", ""70"": ""银行"", ""69"": ""学校"", ""66"": ""公园"", ""64"": ""购物中心"", ""79"": ""小户型"", ""78"": ""大户型""}","[""高绿化率"", ""旅游地产"", ""配套纯熟"", ""银行"", ""学校""]",https://pic4.ajkimg.com/display/xinfang/b9a287246e4f4aa8fff28eef6a0240f4/275x206n.jpg,[],三亚海棠湾珠江南田温泉度假区；接待中心：三亚市大东海珠江花园酒店
163161,锦轩西岸家,三亚,51,吉阳区,10250,大东海,4937,三亚吉阳区大东海榆亚路83号,,,,,68-253㎡,3046m²,17436m²,"[{""id"": 172396, ""rooms"": 1, ""room_alias"": ""一室"", ""area"": 68}, {""id"": 172394, ""rooms"": 2, ""room_alias"": ""二室"", ""area"": 74}, {""id"": 172391, ""rooms"": 3, ""room_alias"": ""三室"", ""area"": 253}]",1/2/3室,商业户型,2008-04-13,,2008年,2009年,[],{高层},高层,50年,4,30%,119,"毛坯,简装修",,商业,万科物业,2.98元/㎡/月,,124,1:1,售罄,售罄,售罄,"[""三房预许字【2014】60号""]",[],禹洲,,三亚友谊商店经营管理有限公司,商电,商水,18.246036,109.522632,"""""","{""29"": ""装修交付"", ""63"": ""旅游地产"", ""72"": ""配套纯熟"", ""71"": ""便利店"", ""70"": ""银行"", ""68"": ""医院"", ""64"": ""购物中心"", ""55"": ""小型社区""}","[""装修交付"", ""旅游地产"", ""配套纯熟"", ""便利店"", ""银行""]",https://pic4.ajkimg.com/display/xinfang/ea2e1b354e27a1ab3e0ab2afef89731e/275x206n.jpg,[],三亚市榆亚路83号
6891445,恒新村,三亚,51,东方,6181,东方,6186,三亚东方东方金月湾旅游度假区,,5681元/㎡,5681元/㎡,首付23万，月供5698元,104-190㎡,333333.33m²,700000m²,"[{""id"": 797598, ""rooms"": 2, ""room_alias"": ""二室"", ""area"": 118}, {""id"": 797600, ""rooms"": 3, ""room_alias"": ""三室"", ""area"": 104}, {""id"": 797599, ""rooms"": 3, ""room_alias"": ""三室"", ""area"": 142}, {""id"": 797601, ""rooms"": 3, ""room_alias"": ""三室"", ""area"": 181}, {""id"": 797602, ""rooms"": 4, ""room_alias"": ""四室"", ""area"": 190}]",2/3/4室,"2室户型,3室户型,4室户型",2008-10-16,2022年11月09日,2008年,2009年,"[""2022-11-09""]",洋房,,70年,,,4189,带装修,在建中，竣工时间：2024-08-31,住宅,招商积余,3.9元/㎡/月,,2952,1:1,售罄,售罄,售罄,"[""【2022】东房预字（0013）号""]","[""Y-13#、Y-14#、Y-14#""]",滨江集团,,陕投集团,民电,民水,18.784834,108.671034,"""""","{""559"": ""现房"", ""29"": ""装修交付"", ""7"": ""项目在建"", ""5"": ""低单价"", ""4"": ""低总价"", ""70"": ""银行"", ""69"": ""学校"", ""68"": ""医院"", ""78"": ""大户型"", ""90"": ""人气楼盘"", ""279"": ""品质好房"", ""98"": ""改善置业"", ""54"": ""大型社区""}","[""现房"", ""装修交付"", ""项目在建"", ""低单价"", ""低总价""]",https://pic4.ajkimg.com/display/xinfang/c4f010f92e0b59826aca91a362189f52/275x206n.jpg,[],海南省东方市金月湾滨海旅游度假区
2018685,紫时代怡园,三亚,51,东方,6181,东方,6186,三亚东方东方永安东路（高铁站旁）,,4243元/㎡,4243元/㎡,首付17万，月供4085元,104-143㎡,102406m²,313874.92m²,"[{""id"": 711685, ""rooms"": 3, ""room_alias"": ""三室"", ""area"": 104.39}, {""id"": 711691, ""rooms"": 3, ""room_alias"": ""三室"", ""area"": 105}, {""id"": 711683, ""rooms"": 3, ""room_alias"": ""三室"", ""area"": 109.15}, {""id"": 711521, ""rooms"": 4, ""room_alias"": ""四室"", ""area"": 138.16}, {""id"": 711684, ""rooms"": 4, ""room_alias"": ""四室"", ""area"": 143.29}]",3/4室,"3室户型,4室户型",2008-04-10,2022年05月14日,2008年,2009年,"[""2020-09-25"", ""2019-11-29"", ""2022-01-16"", ""2022-05-14"", ""2018-09-29"", ""2018-09-29"", ""2018-09-29""]",{高层},高层,70年,2.8,40%,2793,带装修,已封顶，竣工时间：2024-06-30,住宅,新城悦服务,3.5元/㎡/月,,2388,1:1.1,售罄,售罄,售罄,"[""（2020）东房预字（0017号）"", ""【2019】东房预字（0041）号"", ""【2021】东房预字（0015）号"", ""（2022）东房预字（004号）"", ""【2018】东房预字（0006）号"", ""【2018】东房预字（0005）号"", ""【2018】东房预字（0007）号""]","[""14#、9#"", ""10#、12#、13#"", ""15#"", ""4#"", ""1#"", ""7#""]",远洋,碧桂园集团,碧桂园集团,民电,民水,19.084179,108.666203,"""""","{""559"": ""现房"", ""56"": ""车位充足"", ""53"": ""高绿化率"", ""29"": ""装修交付"", ""8"": ""项目封顶"", ""76"": ""厨卫全明"", ""74"": ""南北通透"", ""73"": ""卧室全朝南"", ""63"": ""旅游地产"", ""78"": ""大户型"", ""402"": ""玄关入户"", ""401"": ""户型方正"", ""85"": ""主卧套房"", ""83"": ""双阳台"", ""263"": ""VR看房"", ""54"": ""大型社区"", ""50"": ""品牌开发商""}","[""现房"", ""车位充足"", ""高绿化率"", ""装修交付"", ""项目封顶""]",https://pic4.ajkimg.com/display/xinfang/9a7d1651cf508462d40390901aa06d20/275x206n.jpg,[],东方市永安东路碧桂园海逸半岛销售中心
3337062,海泽蓝湾汇,三亚,51,吉阳区,10250,大东海,4937,三亚吉阳区大东海榆亚大道红沙胜利北路,,,,,49-78㎡,9046m²,13569m²,"[{""id"": 92314, ""rooms"": 2, ""room_alias"": ""二室"", ""area"": 48.5}, {""id"": 92315, ""rooms"": 2, ""room_alias"": ""二室"", ""area"": 56.69}, {""id"": 92313, ""rooms"": 2, ""room_alias"": ""二室"", ""area"": 57.34}, {""id"": 92316, ""rooms"": 2, ""room_alias"": ""二室"", ""area"": 77.52}]",2室,2室户型,2008-07-25,,2008年,2009年,[],{高层},高层,70年,1.5,35%,230,简装修,,住宅,新城悦服务,2.5元/㎡/月,,170,1:0.74,售罄,售罄,售罄,"[""三房预许字【2012】36号""]",[],象屿,,,民电,民水,18.246034,109.582375,"""""","{""52"": ""低容积"", ""29"": ""装修交付"", ""63"": ""旅游地产"", ""72"": ""配套纯熟"", ""71"": ""便利店"", ""70"": ""银行"", ""69"": ""学校"", ""68"": ""医院"", ""65"": ""商业街"", ""79"": ""小户型"", ""55"": ""小型社区""}","[""低容积"", ""装修交付"", ""旅游地产"", ""配套纯熟"", ""便利店""]",https://pic4.ajkimg.com/display/xinfang/3d61f9dc5ee71faa7173f0b1b770ee71/275x206n.jpg,[],三亚市河东区榆亚大道红沙胜利北路
3166119,中美景,三亚,51,天涯区,10251,三亚湾,4932,三亚天涯区三亚湾海坡度假中心,,,,,71-146㎡,11355m²,23848m²,"[{""id"": 72240, ""rooms"": 1, ""room_alias"": ""一室"", ""area"": 71}, {""id"": 72241, ""rooms"": 2, ""room_alias"": ""二室"", ""area"": 84}, {""id"": 72243, ""rooms"": 2, ""room_alias"": ""二室"", ""area"": 84}, {""id"": 72242, ""rooms"": 3, ""room_alias"": ""三室"", ""area"": 146}]",1/2/3室,商业户型,2008-01-22,,2008年,2009年,[],"{高层,独栋别墅}",高层,50年,,,148,毛坯,,商业,融创服务,,,106,1:0.72,售罄,售罄,售罄,[],[],正荣,,,商电,商水,18.307564,109.419735,"""""","{""70"": ""银行"", ""64"": ""购物中心"", ""55"": ""小型社区""}","[""银行"", ""购物中心"", ""小型社区""]",https://pic4.ajkimg.com/display/xinfang/11a8dce32de6ffc69a670516c898ff96/275x206n.jpg,[],三亚湾海坡度假中心
9979590,御梦想景,三亚,51,万宁,4918,兴隆,5090,三亚万宁兴隆兴梅大道1号,,5199元/㎡,5199元/㎡,首付14万，月供3548元,76-172㎡,住宅：3333333.33m²,住宅：826666.67m²,"[{""id"": 689353, ""rooms"": 2, ""room_alias"": ""二室"", ""area"": 76}, {""id"": 860716, ""rooms"": 2, ""room_alias"": ""二室"", ""area"": 76}, {""id"": 860783, ""rooms"": 2, ""room_alias"": ""二室"", ""area"": 76}, {""id"": 860786, ""rooms"": 2, ""room_alias"": ""二室"", ""area"": 84}, {""id"": 689371, ""rooms"": 2, ""room_alias"": ""二室"", ""area"": 85}, {""id"": 860787, ""rooms"": 2, ""room_alias"": ""二室"", ""area"": 85}, {""id"": 689354, ""rooms"": 2, ""room_alias"": ""二室"", ""area"": 88}, {""id"": 860784, ""rooms"": 2, ""room_alias"": ""二室"", ""area"": 88}, {""id"": 689373, ""rooms"": 2, ""room_alias"": ""二室"", ""area"": 98}, {""id"": 860788, ""rooms"": 2, ""room_alias"": ""二室"", ""area"": 98}, {""id"": 860739, ""rooms"": 3, ""room_alias"": ""三室"", ""area"": 138}, {""id"": 860789, ""rooms"": 3, ""room_alias"": ""三室"", ""area"": 143}, {""id"": 860746, ""rooms"": 4, ""room_alias"": ""四室"", ""area"": 172}]",2/3/4室,"2室户型,3室户型,4室户型",2008-05-06,2018年07月02日,2008年,2009年,"[""2018-06-30"", ""2010-03-03"", ""2010-03-03"", ""2012-04-24"", ""2017-12-27"", ""2009-12-22""]",别墅,住宅：花园洋房 别墅：独栋别墅,住宅：70年 别墅：70年,住宅：0.8 别墅：0.3,住宅：60% 别墅：60%,住宅：10699,住宅：毛坯,已竣工，竣工时间：2019-09-30,住宅,华润万象生活,住宅：4.7元/㎡/月,,住宅：8000,住宅：1：0.8,售罄,售罄,售罄,"[""万行审现备字(2020)4号"", ""万行审现备字(2020)2号"", ""万行审现备字(2020)3号"", ""万行审现备字(2021)1号"", ""〔2018〕万房预字（22）号"", ""(2010)万房预字(04)号"", ""(2009)万房预字(027)号"", ""（2012）万房预字（延24）号"", ""（2017）万房预字（60）号"", ""(2009)万房预字(05)号""]","[""29#、9#、24#"", ""17# 19# 21#"", ""29# 30# 31# 32# 33# 34# 35# 37#"", ""12# 14# 9#"", ""2# 3# 4# 5# 60#"", ""A区公寓 B区别墅 C区别墅""]",路劲,,世嘉控股集团（杭州）有限公司,住宅：民电,住宅：民水,18.707678,110.261554,"{""service_num"": ""4006708287"", ""num"": ""15622""}","{""559"": ""现房"", ""557"": ""项目竣工"", ""81"": ""大阳台"", ""53"": ""高绿化率"", ""52"": ""低容积"", ""76"": ""厨卫全明"", ""74"": ""南北通透"", ""73"": ""卧室全朝南"", ""5"": ""低单价"", ""4"": ""低总价"", ""63"": ""旅游地产"", ""78"": ""大户型"", ""402"": ""玄关入户"", ""401"": ""户型方正"", ""397"": ""动静分离"", ""86"": ""全景飘窗"", ""85"": ""主卧套房"", ""83"": ""双阳台"", ""82"": ""双卫生间"", ""90"": ""人气楼盘"", ""263"": ""VR看房"", ""54"": ""大型社区"", ""50"": ""品牌开发商""}","[""现房"", ""项目竣工"", ""大阳台"", ""高绿化率"", ""低容积""]",https://pic4.ajkimg.com/display/xinfang/dee2a3df4fcc47f9c7825cd0e85bbeca/275x206n.jpg,[],海南省万宁市兴隆石梅湾兴梅大道1号
510571,双大金色都,三亚,51,保亭,4927,保亭,4975,三亚保亭保亭保兴西路,,,,,,1333400m²,500025m²,[],,,2008-08-03,,2008年,2009年,[],别墅,小高层,70年,1.5,70%,1404,简装修,,住宅,碧桂园服务,2.5元/㎡/月,,468,1:0.3,售罄,售罄,售罄,[],[],中梁,,海南双大集团有限公司,民电,民水,18.657173,109.689501,"{""service_num"": ""4006708287"", ""num"": """"}","{""53"": ""高绿化率"", ""52"": ""低容积"", ""29"": ""装修交付"", ""70"": ""银行"", ""69"": ""学校"", ""68"": ""医院""}","[""高绿化率"", ""低容积"", ""装修交付"", ""银行"", ""学校""]",https://pic4.ajkimg.com/display/xinfang/afb3814abce0cdbd01d8fcb6425fd29d/275x206n.jpg,[],保亭保兴西路延长线野奢世界国际旅游度假区
9122836,碧翠苑,三亚,51,陵水,4928,土福湾,5088,三亚陵水土福湾滨海度假区,,16711元/㎡,16711元/㎡,首付26万，月供6343元,49-165㎡,,住宅：190742.96m² 别墅：190742.96m²,"[{""id"": 725471, ""rooms"": 1, ""room_alias"": ""一室"", ""area"": 49}, {""id"": 725472, ""rooms"": 2, ""room_alias"": ""二室"", ""area"": 99}, {""id"": 725473, ""rooms"": 2, ""room_alias"": ""二室"", ""area"": 102}, {""id"": 831934, ""rooms"": 3, ""room_alias"": ""三室"", ""area"": 163}, {""id"": 831935, ""rooms"": 3, ""room_alias"": ""三室"", ""area"": 165}]",1/2室、别墅,"1室户型,2室户型,别墅户型",2008-05-16,2021年11月20日,2008年,2009年,"[""2023-10-26"", ""2021-10-28""]",{高层},住宅：高层 别墅：叠加别墅,住宅：70年 别墅：70年,住宅：0.6 别墅：0.6,住宅：45% 别墅：45%,,住宅：带装修 别墅：带装修,在建中，竣工时间：2023-09-30,住宅,华润万象生活,住宅：4.9~8.5元/㎡/月,,住宅：680 别墅：680,住宅：1:1 别墅：1:1,售罄,售罄,售罄,"[""469028202302150101-1"", ""4690282021019180201-1号""]","[""C13#、C12#、C10#"", ""3#、4#""]",仁恒,,陵水中银发展有限公司,住宅：民电,住宅：民水,18.409609,109.828901,"""""","{""559"": ""现房"", ""53"": ""高绿化率"", ""52"": ""低容积"", ""29"": ""装修交付"", ""76"": ""厨卫全明"", ""74"": ""南北通透"", ""7"": ""项目在建"", ""79"": ""小户型"", ""78"": ""大户型"", ""402"": ""玄关入户"", ""401"": ""户型方正"", ""397"": ""动静分离"", ""83"": ""双阳台"", ""263"": ""VR看房""}","[""现房"", ""高绿化率"", ""低容积"", ""装修交付"", ""厨卫全明""]",https://pic4.ajkimg.com/display/xinfang/b6b7f754c981bed57dfd103611b800c3/275x206n.jpg,[],陵水黎族自治县英州镇土福湾滨海度假区
7508175,泰中央名苑,三亚,51,东方,6181,东方,6186,三亚东方东方金月湾旅游度假区,,5681元/㎡,5681元/㎡,首付23万，月供5698元,104-190㎡,333333.33m²,700000m²,"[{""id"": 797598, ""rooms"": 2, ""room_alias"": ""二室"", ""area"": 118}, {""id"": 797600, ""rooms"": 3, ""room_alias"": ""三室"", ""area"": 104}, {""id"": 797599, ""rooms"": 3, ""room_alias"": ""三室"", ""area"": 142}, {""id"": 797601, ""rooms"": 3, ""room_alias"": ""三室"", ""area"": 181}, {""id"": 797602, ""rooms"": 4, ""room_alias"": ""四室"", ""area"": 190}]",2/3/4室,"2室户型,3室户型,4室户型",2008-09-13,2022年11月09日,2008年,2009年,"[""2022-11-09""]",{},,70年,,,4189,带装修,在建中，竣工时间：2024-08-31,住宅,龙湖智慧服务,3.9元/㎡/月,,2952,1:1,售罄,售罄,售罄,"[""【2022】东房预字（0013）号""]","[""Y-13#、Y-14#、Y-14#""]",世茂,,陕投集团,民电,民水,18.810583,108.6815,"""""","{""559"": ""现房"", ""29"": ""装修交付"", ""7"": ""项目在建"", ""5"": ""低单价"", ""4"": ""低总价"", ""70"": ""银行"", ""69"": ""学校"", ""68"": ""医院"", ""78"": ""大户型"", ""90"": ""人气楼盘"", ""279"": ""品质好房"", ""98"": ""改善置业"", ""54"": ""大型社区""}","[""现房"", ""装修交付"", ""项目在建"", ""低单价"", ""低总价""]",https://pic4.ajkimg.com/display/xinfang/c4f010f92e0b59826aca91a362189f52/275x206n.jpg,[],海南省东方市金月湾滨海旅游度假区
1383519,宏润乐居新城,三亚,51,陵水,4928,香水湾,5087,三亚陵水香水湾海南环岛高速,,,,,158-557㎡,41984m²,41984m²,"[{""id"": 264833, ""rooms"": 2, ""room_alias"": ""二室"", ""area"": 157.91}, {""id"": 264835, ""rooms"": 3, ""room_alias"": ""三室"", ""area"": 342.26}, {""id"": 264836, ""rooms"": 3, ""room_alias"": ""三室"", ""area"": 364.17}, {""id"": 264838, ""rooms"": 6, ""room_alias"": ""六室"", ""area"": 556.9}]",别墅,别墅户型,2008-02-01,,2008年,2009年,"[""2016-09-27""]",{独栋别墅},独栋别墅,70年,0.28,60%,122,简装修,,别墅,旭辉永升,8元/㎡/月,,380,1:3.1,售罄,售罄,售罄,"[""陵房预许字【2016】0028号""]","[""一期33栋独栋""]",新城控股,,海南宇中实业有限公司,民电,民水,18.574209,110.166357,"""""","{""56"": ""车位充足"", ""53"": ""高绿化率"", ""29"": ""装修交付"", ""63"": ""旅游地产"", ""78"": ""大户型"", ""55"": ""小型社区""}","[""车位充足"", ""高绿化率"", ""装修交付"", ""旅游地产"", ""大户型""]",https://pic4.ajkimg.com/display/xinfang/2583797f469f4a54ebf7a3a98ad80174/275x206n.jpg,[],陵水县光坡镇香水湾A区宏润香水湾售楼中心 陵水县光坡镇香水湾A区
9513856,雅美景A区,三亚,51,万宁,4918,万宁,4966,三亚万宁万宁神州半岛度假区,,6313元/㎡,6313元/㎡,首付28万，月供6773元,101-143㎡,住宅：533336m²,住宅：450000m²,"[{""id"": 859465, ""rooms"": 2, ""room_alias"": ""二室"", ""area"": 101}, {""id"": 788215, ""rooms"": 2, ""room_alias"": ""二室"", ""area"": 107}, {""id"": 859473, ""rooms"": 2, ""room_alias"": ""二室"", ""area"": 107}, {""id"": 788216, ""rooms"": 2, ""room_alias"": ""二室"", ""area"": 118}, {""id"": 788217, ""rooms"": 2, ""room_alias"": ""二室"", ""area"": 143}, {""id"": 859474, ""rooms"": 2, ""room_alias"": ""二室"", ""area"": 143}, {""id"": 859467, ""rooms"": 3, ""room_alias"": ""三室"", ""area"": 111}, {""id"": 859468, ""rooms"": 3, ""room_alias"": ""三室"", ""area"": 111}, {""id"": 859469, ""rooms"": 3, ""room_alias"": ""三室"", ""area"": 122}, {""id"": 859470, ""rooms"": 3, ""room_alias"": ""三室"", ""area"": 122}, {""id"": 859471, ""rooms"": 3, ""room_alias"": ""三室"", ""area"": 143}, {""id"": 859472, ""rooms"": 3, ""room_alias"": ""三室"", ""area"": 143}]",2/3室,"2室户型,3室户型",2008-05-27,2023年12月,2008年,2009年,"[""2024-09-30"", ""2023-09-28"", ""2023-06-02"", ""2023-01-17"", ""2022-12-16""]",{花园洋房},住宅：花园洋房,住宅：70年,住宅：1.1,住宅：45%,住宅：1466,住宅：简装修,,住宅,融创服务,,,住宅：1440,住宅：1:1,售罄,售罄,售罄,"[""【万行审2024】万字预字（24）号"", ""【万行审2023】万房预字（26）号"", ""【万行审2023】万房预字（15）号"", ""【万行审2022】万房预字（37）号"", ""【万行审2024】万房预字（16）号"", ""[万行审2022]万房预字（37）号""]","[""S26-1#、S26-2#、S24-2#、S25#、S28-1#、S28-2#、S27-1#、S27-2#、S21-2#、S22-1#、S20-2#、S21-1#、S23-2#、S24-1#、S22-2#、S23-1#、S29#、S17-2#、S18-1#、S16-2#、S17-1#、S19-2#、S20-1#、S18-2#、S19-1#、S13-2#、S14-1#、S13-1#、S15-2#、S16-1#、S14-2#、S15-1#"", ""S10-2#、S11-1#、S9-1#、S10-1#、43#、S11-4#、S12-1#、S11-2#、S11-3#、44#、S7-2#、37#、S8-1#、S6-2#、25#、S7-1#、36#、S9-3#、S9-2#、S8-2#、S8-3#、S6-1#、24#、S12-2#"", ""2#、1#、3#、9#、12#、13#、10#、11#、16#、14#、6#、15#"", ""46#、38#、40#、45#"", ""4#、5#、7#、8#、17#、18#、19#""]",融创,保利集团,保利置业集团有限公司,住宅：民电,住宅：民水,18.664406,110.348216,"""""","{""559"": ""现房"", ""53"": ""高绿化率"", ""52"": ""低容积"", ""29"": ""装修交付"", ""76"": ""厨卫全明"", ""74"": ""南北通透"", ""73"": ""卧室全朝南"", ""30"": ""花园洋房"", ""5"": ""低单价"", ""68"": ""医院"", ""64"": ""购物中心"", ""78"": ""大户型"", ""401"": ""户型方正"", ""85"": ""主卧套房"", ""83"": ""双阳台"", ""90"": ""人气楼盘"", ""541"": ""3D沙盘"", ""540"": ""日照模拟"", ""263"": ""VR看房"", ""50"": ""品牌开发商""}","[""现房"", ""高绿化率"", ""低容积"", ""装修交付"", ""厨卫全明""]",https://pic4.ajkimg.com/display/xinfang/3f8f5291e2522de588f8c926b416f937/275x206n.jpg,[],海南省万宁市神州半岛度假区
5508359,翠明珠华庭,三亚,51,吉阳区,10250,河东,4935,三亚吉阳区河东荔枝沟路体育中心正对面,,,,,51-107㎡,73333m²,300000m²,"[{""id"": 114128, ""rooms"": 2, ""room_alias"": ""二室"", ""area"": 50.88}, {""id"": 114129, ""rooms"": 2, ""room_alias"": ""二室"", ""area"": 66.51}, {""id"": 182636, ""rooms"": 3, ""room_alias"": ""三室"", ""area"": 82.39}, {""id"": 182646, ""rooms"": 3, ""room_alias"": ""三室"", ""area"": 100.6}, {""id"": 182643, ""rooms"": 4, ""room_alias"": ""四室"", ""area"": 106.58}]",2/3/4室,"2室户型,3室户型,4室户型",2008-05-07,,2008年,2009年,"[""2016-01-16"", ""2016-04-07"", ""2016-11-24"", ""2016-04-23""]",{高层},高层,70年,3.8,30%,3000,简装修,,住宅,世茂服务,3.5元/㎡/月,,2400,1:0.8,售罄,售罄,售罄,"[""三房预许字[2016]5号"", ""三房预许字[2016]15号"", ""三房预许字［2016］47号"", ""三房预许字[2016]24号""]","[""3#、4#"", ""1#、2#"", ""5#、6#"", ""8#""]",华润,,,民电,民水,18.287297,109.509387,"""""","{""29"": ""装修交付"", ""72"": ""配套纯熟"", ""71"": ""便利店"", ""70"": ""银行"", ""69"": ""学校"", ""68"": ""医院"", ""66"": ""公园"", ""65"": ""商业街"", ""64"": ""购物中心"", ""79"": ""小户型"", ""54"": ""大型社区""}","[""装修交付"", ""配套纯熟"", ""便利店"", ""银行"", ""学校""]",https://pic4.ajkimg.com/display/xinfang/183a04a3183bd8cc564973f71d9ad9f3/275x206n.jpg,[],三亚市体育中心正对面
7441202,申亚西岸墅,三亚,51,吉阳区,10250,亚龙湾,4936,三亚吉阳区亚龙湾龙溪路7号,,19496元/㎡,19496元/㎡,首付57万，月供13725元,62-251㎡,333333.33m²,330000m²,"[{""id"": 695760, ""rooms"": 1, ""room_alias"": ""一室"", ""area"": 62}, {""id"": 695752, ""rooms"": 2, ""room_alias"": ""二室"", ""area"": 85}, {""id"": 787633, ""rooms"": 4, ""room_alias"": ""四室"", ""area"": 215}, {""id"": 787634, ""rooms"": 4, ""room_alias"": ""四室"", ""area"": 240}, {""id"": 787635, ""rooms"": 4, ""room_alias"": ""四室"", ""area"": 251}]",1/2/4室,商业户型,2008-05-07,2019年04月23日,2008年,2009年,"[""2016-01-18"", ""2019-05-06""]",{小高层},小高层,40年,0.57,42%,404,带装修,已竣工，竣工时间：2022-06-30,商业,绿城服务,8元/㎡/月,,782,1:1,售罄,售罄,售罄,"[""三房预许字【2020】031号"", ""三房预许字［2016］7号"", ""三房预许字[2019]36号""]","[""93#"", ""91#""]",金茂,,上海申亚投资控股（集团）有限公司,商电,商水,18.238271,109.613206,"""""","{""559"": ""现房"", ""557"": ""项目竣工"", ""29"": ""装修交付"", ""74"": ""南北通透"", ""83"": ""双阳台""}","[""现房"", ""项目竣工"", ""装修交付"", ""南北通透"", ""双阳台""]",https://pic4.ajkimg.com/display/xinfang/6e0d8bbdb50755310de8eb5c56eeebd3/275x206n.jpg,[],海南省三亚市吉阳区亚龙湾龙溪路7号
4854210,碧美好阁,三亚,51,海棠区,10252,海棠湾,4938,三亚海棠区海棠湾三亚市海棠区海岸大道99号,,25995元/㎡,25995元/㎡,首付90万，月供21502元,95-168㎡,333333m²,350000m²,"[{""id"": 212547, ""rooms"": 2, ""room_alias"": ""二室"", ""area"": 95}, {""id"": 212543, ""rooms"": 3, ""room_alias"": ""三室"", ""area"": 125}, {""id"": 474927, ""rooms"": 3, ""room_alias"": ""三室"", ""area"": 168}]",2/3室,"2室户型,3室户型",2008-06-24,2019年01月29日,2008年,2009年,"[""2017-07-27"", ""2019-01-29""]",{高层},高层,70年,1.5,60%,912,"毛坯,带装修",已封顶，竣工时间：2023-12-31,住宅,中海物业,7.8元/㎡/月,,910,1:1,售罄,售罄,售罄,"[""三房预许字［2017］42号"", ""三房预许字［2019］13号""]","[""1#、2#"", ""7#、13#、12#""]",正荣,海南中海三邦友房地产开发有限责任公司,中海置业,民电,民水,18.3082,109.709886,"""""","{""559"": ""现房"", ""53"": ""高绿化率"", ""52"": ""低容积"", ""29"": ""装修交付"", ""8"": ""项目封顶"", ""76"": ""厨卫全明"", ""74"": ""南北通透"", ""73"": ""卧室全朝南"", ""63"": ""旅游地产"", ""78"": ""大户型"", ""404"": ""客餐厅相连"", ""402"": ""玄关入户"", ""401"": ""户型方正"", ""85"": ""主卧套房"", ""83"": ""双阳台"", ""82"": ""双卫生间"", ""581"": ""国庆不打烊"", ""263"": ""VR看房"", ""50"": ""品牌开发商""}","[""现房"", ""高绿化率"", ""低容积"", ""装修交付"", ""项目封顶""]",https://pic4.ajkimg.com/display/xinfang/ba2a91cd48e8ead4aafeace3e960c11e/275x206n.jpg,[],三亚市海棠区海岸大道99号
8914312,红塘未来轩,三亚,51,天涯区,10251,红塘湾,10256,三亚天涯区红塘湾红塘大道,,11140元/㎡,11140元/㎡,首付36万，月供8708元,88-117㎡,28000m²,342000m²,"[{""id"": 286488, ""rooms"": 2, ""room_alias"": ""二室"", ""area"": 88}, {""id"": 286506, ""rooms"": 2, ""room_alias"": ""二室"", ""area"": 95}, {""id"": 286511, ""rooms"": 2, ""room_alias"": ""二室"", ""area"": 95}, {""id"": 286502, ""rooms"": 2, ""room_alias"": ""二室"", ""area"": 117}]",2室,2室户型,2008-11-27,2017年11月01日,2008年,2009年,"[""2017-10-31"", ""2018-05-25""]","{小高层,花园洋房}",小高层、花园洋房,70年,1.2,40%,320,简装修,已竣工，竣工时间：2020-11-01,住宅,绿城服务,4.8元/㎡/月,,364,1:1.1,售罄,售罄,售罄,"[""三房预许字[2017]60号"", ""三房预许字[2018]19号""]","[""2#、3#、4#、5#、6#"", ""2期5#""]",中铁建,鲁能集团,鲁能集团有限公司,民电,民水,18.322717,109.319036,"""""","{""559"": ""现房"", ""557"": ""项目竣工"", ""56"": ""车位充足"", ""53"": ""高绿化率"", ""52"": ""低容积"", ""29"": ""装修交付"", ""76"": ""厨卫全明"", ""74"": ""南北通透"", ""32"": ""绿色住宅"", ""63"": ""旅游地产"", ""69"": ""学校"", ""78"": ""大户型"", ""401"": ""户型方正"", ""83"": ""双阳台"", ""263"": ""VR看房"", ""50"": ""品牌开发商""}","[""现房"", ""项目竣工"", ""车位充足"", ""高绿化率"", ""低容积""]",https://pic4.ajkimg.com/display/xinfang/ffe0630af600df95ed9e6204d68efeea/275x206n.jpg,[],三亚天涯区红塘湾旅游度假区十横路
8481556,万豪庭三期,三亚,51,保亭,4927,保亭,4975,三亚保亭保亭新星农场车队西侧,,,,,64-95㎡,33633m²,87670.76m²,"[{""id"": 272366, ""rooms"": 2, ""room_alias"": ""二室"", ""area"": 63.84}, {""id"": 272371, ""rooms"": 2, ""room_alias"": ""二室"", ""area"": 67.08}, {""id"": 272375, ""rooms"": 3, ""room_alias"": ""三室"", ""area"": 73.68}, {""id"": 272379, ""rooms"": 3, ""room_alias"": ""三室"", ""area"": 95.21}]",2/3室,"2室户型,3室户型",2008-07-13,,2008年,2009年,"[""2018-09-10""]",超高层,高层,70年,2,40%,870,带装修,,住宅,龙湖智慧服务,,,339,1:0.39,售罄,售罄,售罄,"[""保房预字第（2018）0006号""]",[],朗诗,,海南保亭康润置业发展有限公司,民电,民水,18.645095,109.68912,"{""service_num"": ""4006708287"", ""num"": """"}","{""53"": ""高绿化率"", ""29"": ""装修交付"", ""79"": ""小户型""}","[""高绿化率"", ""装修交付"", ""小户型""]",https://pic4.ajkimg.com/display/xinfang/b293029f4af7f566eef7c4683970cf56/275x206n.jpg,[],海南省保亭县新星农场车队西侧
4884519,银西岸美景,三亚,51,万宁,4918,兴隆,5090,三亚万宁兴隆兴梅大道,,6313元/㎡,6313元/㎡,,64-125㎡,住宅：435000m² 别墅：435000m²,住宅：210000m² 别墅：210000m²,"[{""id"": 689795, ""rooms"": 1, ""room_alias"": ""一室"", ""area"": 64}, {""id"": 689793, ""rooms"": 1, ""room_alias"": ""一室"", ""area"": 80}, {""id"": 689778, ""rooms"": 2, ""room_alias"": ""二室"", ""area"": 72}, {""id"": 689784, ""rooms"": 2, ""room_alias"": ""二室"", ""area"": 72}, {""id"": 689785, ""rooms"": 2, ""room_alias"": ""二室"", ""area"": 73}, {""id"": 689782, ""rooms"": 2, ""room_alias"": ""二室"", ""area"": 75}, {""id"": 689787, ""rooms"": 2, ""room_alias"": ""二室"", ""area"": 76}, {""id"": 832157, ""rooms"": 2, ""room_alias"": ""二室"", ""area"": 78}, {""id"": 689791, ""rooms"": 2, ""room_alias"": ""二室"", ""area"": 82}, {""id"": 832156, ""rooms"": 2, ""room_alias"": ""二室"", ""area"": 82}, {""id"": 689788, ""rooms"": 2, ""room_alias"": ""二室"", ""area"": 89}, {""id"": 689783, ""rooms"": 2, ""room_alias"": ""二室"", ""area"": 95}, {""id"": 689789, ""rooms"": 2, ""room_alias"": ""二室"", ""area"": 104}, {""id"": 832158, ""rooms"": 3, ""room_alias"": ""三室"", ""area"": 118}, {""id"": 730812, ""rooms"": 3, ""room_alias"": ""三室"", ""area"": 125.37}]",别墅、1/2/3室,"1室户型,2室户型,3室户型,别墅户型",2008-07-25,2023年05月27日,2008年,2009年,"[""2022-12-15"", ""2021-08-21"", ""2020-09-10"", ""2020-07-13"", ""2021-08-20"", ""2021-06-24"", ""2020-10-27"", ""2016-01-31"", ""2017-03-13"", ""2018-04-10""]",{花园洋房},住宅：花园洋房 别墅：联排别墅、叠加别墅,住宅：70年 别墅：70年,住宅：0.48 别墅：0.48,住宅：40% 别墅：40%,住宅：1128 别墅：1128,住宅：毛坯 别墅：毛坯,已封顶，竣工时间：2024-12-31,住宅,新城悦服务,住宅：4.8元/㎡/月 别墅：4.8元/㎡/月,,住宅：1363 别墅：1363,住宅：1:1.7 别墅：1:1.7,售罄,售罄,售罄,"[""万行审2022万房预字21号"", ""[2021]万房预字（33）号"", ""[2019]万房预字（30）号"", ""[2020]万房预字（23）号"", ""[2021]万房预字（01）号"", ""[2021]万房预字（16）号"", ""[2020]万房预字（35）号"", ""[2017]万房预字(01)号"", ""[2017]万房预字（15）号"", ""（2018）万房预字（15）号""]","[""36号院53#、36号院56#、36号院54#"", ""36号院44#、36号院 47#、36号院50#、36号院51#、36号院52#、36号院49#"", ""252套别墅"", ""33套叠拼别墅"", ""二区别墅""]",中铁建,,天津城投置地投资发展有限公司,住宅：民电,住宅：民水,18.712454,110.276035,"{""service_num"": ""4006708287"", ""num"": ""62145""}","{""559"": ""现房"", ""56"": ""车位充足"", ""52"": ""低容积"", ""8"": ""项目封顶"", ""76"": ""厨卫全明"", ""74"": ""南北通透"", ""73"": ""卧室全朝南"", ""5"": ""低单价"", ""4"": ""低总价"", ""79"": ""小户型"", ""78"": ""大户型"", ""402"": ""玄关入户"", ""401"": ""户型方正"", ""397"": ""动静分离"", ""85"": ""主卧套房"", ""83"": ""双阳台"", ""90"": ""人气楼盘"", ""263"": ""VR看房""}","[""现房"", ""车位充足"", ""低容积"", ""项目封顶"", ""厨卫全明""]",https://pic4.ajkimg.com/display/xinfang/48c0958f2f838990ae9a2dd3254f50d1/275x206n.jpg,[],海南·兴隆·兴梅大道东侧馨湖畔
9562328,麓鸣阳光府,三亚,51,乐东,4917,尖峰镇,23488,三亚乐东尖峰镇尖峰镇（尖峰互通下高速往尖峰方向两公里处）,,5756元/㎡,5756元/㎡,首付24万，月供5734元,104-125㎡,66682m²,100696m²,"[{""id"": 457282, ""rooms"": 2, ""room_alias"": ""二室"", ""area"": 104}, {""id"": 734477, ""rooms"": 3, ""room_alias"": ""三室"", ""area"": 125.09}]",2/3室,"2室户型,3室户型",2008-02-08,2018年12月21日,2008年,2009年,"[""2018-11-19""]","{多层,小高层,花园洋房}",多层、小高层、花园洋房,70年,1.5,40%,876,简装修,已竣工，竣工时间：2021-12-30,住宅,中海物业,2.98元/㎡/月,,525,1:0.6,售罄,售罄,售罄,"[""乐房售证字（2018）005号""]","[""20#、21#""]",万科,,新东润地产,民电,民水,18.66814,108.761146,"""""","{""559"": ""现房"", ""557"": ""项目竣工"", ""81"": ""大阳台"", ""53"": ""高绿化率"", ""52"": ""低容积"", ""29"": ""装修交付"", ""76"": ""厨卫全明"", ""74"": ""南北通透"", ""78"": ""大户型"", ""85"": ""主卧套房"", ""263"": ""VR看房""}","[""现房"", ""项目竣工"", ""大阳台"", ""高绿化率"", ""低容积""]",https://pic4.ajkimg.com/display/xinfang/78f315ec935fa933e1a10fb53e6a4952/275x206n.jpg,[],海南省乐东县尖峰镇麓鸣海营销中心
3050809,碧锦园,三亚,51,天涯区,10251,三亚湾,4932,三亚天涯区三亚湾海坡度假区国光豪生酒店东侧（海韵酒店后）,,,,,110㎡,住宅：16345m² 别墅：16345m²,住宅：27000m² 别墅：27000m²,"[{""id"": 76872, ""rooms"": 2, ""room_alias"": ""二室"", ""area"": 110}]",2室,2室户型,2008-10-08,,2008年,2009年,[],{高层},住宅：高层,住宅：70年 别墅：70年,住宅：1.2,住宅：45% 别墅：45%,住宅：170 别墅：170,住宅：带装修 别墅：带装修,,住宅,万科物业,,,住宅：169 别墅：169,住宅：1:1 别墅：1:1,售罄,售罄,售罄,[],[],美的置业,,,住宅：民电,住宅：民水,18.305812,109.459297,"{""service_num"": ""4006708287"", ""num"": """"}","{""53"": ""高绿化率"", ""52"": ""低容积"", ""29"": ""装修交付"", ""63"": ""旅游地产"", ""70"": ""银行"", ""69"": ""学校"", ""68"": ""医院"", ""78"": ""大户型"", ""55"": ""小型社区""}","[""高绿化率"", ""低容积"", ""装修交付"", ""旅游地产"", ""银行""]",https://pic4.ajkimg.com/display/xinfang/e7489529874b1c9f88d52ae1f5059497/275x206n.jpg,[],三亚市三亚湾海坡度假区国光豪生酒店东侧
9823290,绿红树都,三亚,51,陵水,4928,陵水,4976,三亚陵水陵水清水湾珍珠海岸,,8170元/㎡,8170元/㎡,首付20万，月供4874元,62-115㎡,20000m²,18000m²,"[{""id"": 656261, ""rooms"": 1, ""room_alias"": ""一室"", ""area"": 62}, {""id"": 656262, ""rooms"": 1, ""room_alias"": ""一室"", ""area"": 65.43}, {""id"": 656263, ""rooms"": 2, ""room_alias"": ""二室"", ""area"": 86}, {""id"": 656264, ""rooms"": 3, ""room_alias"": ""三室"", ""area"": 115}]",1/2/3室,"1室户型,2室户型,3室户型",2008-07-12,2012年01月,2008年,2009年,"[""2011-12-04""]",{小高层},小高层,70年,1.6,55%,240,带装修,,住宅,保利物业,3.5元/㎡/月,,50,1:1,售罄,售罄,售罄,"[""陵房预字2011第0030号""]","[""海逸阁、海琴阁、海韵阁、丽日居、丽月居、丽云居""]",绿城,,雅居乐地产,民电,民水,18.414071,109.895989,"""""","{""53"": ""高绿化率"", ""52"": ""低容积"", ""29"": ""装修交付"", ""76"": ""厨卫全明"", ""74"": ""南北通透"", ""79"": ""小户型"", ""78"": ""大户型"", ""401"": ""户型方正"", ""83"": ""双阳台"", ""263"": ""VR看房"", ""55"": ""小型社区""}","[""高绿化率"", ""低容积"", ""装修交付"", ""厨卫全明"", ""南北通透""]",https://pic4.ajkimg.com/display/xinfang/ed70ed0c636feeca4c20b5ad10dd5d05/275x206n.jpg,[],海南省陵水县清水湾珍珠海岸
8537943,东方云天怡园,三亚,51,东方,6181,东方,6186,三亚东方东方解放东路,,5421元/㎡,5421元/㎡,首付9万，月供2150元,41-78㎡,177470.29m²,600000m²,[],,商业户型,2008-07-24,2020年10月21日,2008年,2009年,[],多层,,40年,,25%,7000,带装修,已封顶，竣工时间：2022-12-22,标准写字楼,龙湖智慧服务,2.8元/㎡/月,,3405,1:0.48,售罄,售罄,售罄,[],[],招商蛇口,,东方御中投资开发有限公司,商电,商水,19.083906,108.687949,"""""","{""559"": ""现房"", ""29"": ""装修交付"", ""8"": ""项目封顶"", ""5"": ""低单价"", ""90"": ""人气楼盘"", ""280"": ""商圈热盘"", ""54"": ""大型社区""}","[""现房"", ""装修交付"", ""项目封顶"", ""低单价"", ""人气楼盘""]",https://pic4.ajkimg.com/display/xinfang/8848743ef4553186b268ee451f6a37f8/275x206n.jpg,[],海南省东方市解放东路
1513234,博小区,三亚,51,五指山,4926,五指山,4974,三亚五指山五指山三月三大道与河南东路交汇处西侧,,5570元/㎡,5570元/㎡,,100-120㎡,200000m²,246000m²,"[{""id"": 859617, ""rooms"": 2, ""room_alias"": ""二室"", ""area"": 100}, {""id"": 859618, ""rooms"": 3, ""room_alias"": ""三室"", ""area"": 120}, {""id"": 859619, ""rooms"": 3, ""room_alias"": ""三室"", ""area"": 120}]",2/3室,"2室户型,3室户型",2008-02-21,2024年12月28日,2008年,2009年,"[""2024-12-11""]",{小高层},小高层,70年,1,,,带装修,,住宅,融创服务,33.5元/㎡/月,,440,1:1,售罄,售罄,售罄,"[""海-五-202412004874""]",[],世茂,,,民电,民水,18.756618,109.536711,"""""","{""52"": ""低容积"", ""29"": ""装修交付"", ""72"": ""配套纯熟"", ""70"": ""银行"", ""69"": ""学校"", ""68"": ""医院"", ""66"": ""公园"", ""65"": ""商业街"", ""64"": ""购物中心"", ""78"": ""大户型"", ""55"": ""小型社区""}","[""低容积"", ""装修交付"", ""配套纯熟"", ""银行"", ""学校""]",https://pic4.ajkimg.com/display/xinfang/b6354ea8e3b71a60f4c5775144510266/275x206n.jpg,[],五指山市三月三大道与河南东路交汇处西侧
8871671,世梅林林,三亚,51,保亭,4927,保亭,4975,三亚保亭保亭七仙岭温泉国家森林公园度假旅游区,,,,,212-230㎡,105055m²,42934m²,[],别墅,别墅户型,2008-05-13,,2008年,2009年,[],{独栋别墅},独栋别墅,40年,0.26,70%,100,,,别墅,雅生活服务,10元/㎡/月,,309,1:1,售罄,售罄,售罄,[],[],远洋,,海南金凤凰温泉度假酒店有限公司,民电,民水,18.710327,109.700563,"{""service_num"": ""4006708287"", ""num"": """"}","{""53"": ""高绿化率"", ""63"": ""旅游地产"", ""78"": ""大户型"", ""55"": ""小型社区""}","[""高绿化率"", ""旅游地产"", ""大户型"", ""小型社区""]",https://pic4.ajkimg.com/display/xinfang/7b3ab56032422f35f5c56bdad722eda1/275x206n.jpg,[],保亭县七仙岭温泉国家森林公园度假旅游风景区
9820798,雅居未来宅,三亚,51,陵水,4928,清水湾,5086,三亚陵水清水湾景观大道,,,,,43-239㎡,10005000m²,616114m²,"[{""id"": 176431, ""rooms"": 1, ""room_alias"": ""一室"", ""area"": 43}, {""id"": 176432, ""rooms"": 1, ""room_alias"": ""一室"", ""area"": 61}, {""id"": 176434, ""rooms"": 2, ""room_alias"": ""二室"", ""area"": 75}, {""id"": 176433, ""rooms"": 2, ""room_alias"": ""二室"", ""area"": 78}, {""id"": 176429, ""rooms"": 2, ""room_alias"": ""二室"", ""area"": 85}, {""id"": 176435, ""rooms"": 2, ""room_alias"": ""二室"", ""area"": 87}, {""id"": 176430, ""rooms"": 2, ""room_alias"": ""二室"", ""area"": 94}, {""id"": 176438, ""rooms"": 3, ""room_alias"": ""三室"", ""area"": 102}, {""id"": 176437, ""rooms"": 3, ""room_alias"": ""三室"", ""area"": 111}, {""id"": 176436, ""rooms"": 4, ""room_alias"": ""四室"", ""area"": 138}]",1/2/3/4室、别墅,"1室户型,2室户型,3室户型,4室户型,别墅户型",2008-01-15,,2008年,2009年,[],{独栋别墅},独栋别墅,40年,1.2,35%,6023,毛坯,,别墅,龙湖智慧服务,5.6元/㎡/月,,3917,1：0.65,售罄,售罄,售罄,"[""(2015)陵房预字第(0001)号""]",[],招商蛇口,,,民电,民水,18.416402,109.966319,"""""","{""79"": ""小户型"", ""78"": ""大户型"", ""54"": ""大型社区""}","[""小户型"", ""大户型"", ""大型社区""]",https://pic4.ajkimg.com/display/xinfang/bd3e4832a0b1b58e0677534bb5ed17d6/275x206n.jpg,[],陵水县 英州镇清水湾景观大道
1864870,蓝佳苑二期,三亚,51,保亭,4927,保亭,4975,三亚保亭保亭保兴西路南侧,,,,,55-103㎡,住宅：19396m² 别墅：19396m²,住宅：53787m² 别墅：53787m²,"[{""id"": 52701, ""rooms"": 1, ""room_alias"": ""一室"", ""area"": 55.06}, {""id"": 52706, ""rooms"": 1, ""room_alias"": ""一室"", ""area"": 60.35}, {""id"": 52702, ""rooms"": 1, ""room_alias"": ""一室"", ""area"": 68.12}, {""id"": 52707, ""rooms"": 1, ""room_alias"": ""一室"", ""area"": 74.68}, {""id"": 52688, ""rooms"": 2, ""room_alias"": ""二室"", ""area"": 60.47}, {""id"": 52686, ""rooms"": 2, ""room_alias"": ""二室"", ""area"": 64.6}, {""id"": 52694, ""rooms"": 2, ""room_alias"": ""二室"", ""area"": 66.49}, {""id"": 52697, ""rooms"": 2, ""room_alias"": ""二室"", ""area"": 71.8}, {""id"": 52684, ""rooms"": 2, ""room_alias"": ""二室"", ""area"": 74.71}, {""id"": 52692, ""rooms"": 2, ""room_alias"": ""二室"", ""area"": 79.81}, {""id"": 52695, ""rooms"": 2, ""room_alias"": ""二室"", ""area"": 82.27}, {""id"": 52698, ""rooms"": 2, ""room_alias"": ""二室"", ""area"": 88.84}, {""id"": 52682, ""rooms"": 2, ""room_alias"": ""二室"", ""area"": 102.55}, {""id"": 52681, ""rooms"": 3, ""room_alias"": ""三室"", ""area"": 83}]",1/2/3室,"1室户型,2室户型,3室户型",2008-01-06,,2008年,2009年,[],"{多层,高层}",住宅：多层、高层,住宅：70年 别墅：70年,住宅：2.67,住宅：40% 别墅：40%,住宅：586 别墅：586,住宅：毛坯 别墅：毛坯,,住宅,合景悠活,住宅：1.5元/㎡/月,,住宅：256 别墅：256,住宅：1:2.3 别墅：1:2.3,售罄,售罄,售罄,[],[],建发,,海南省保亭县华保木器制品有限公司,住宅：民电,住宅：民水,18.648415,109.695617,"{""service_num"": ""4006708287"", ""num"": """"}","{""56"": ""车位充足"", ""53"": ""高绿化率"", ""31"": ""大平层"", ""63"": ""旅游地产"", ""70"": ""银行"", ""69"": ""学校"", ""68"": ""医院"", ""79"": ""小户型""}","[""车位充足"", ""高绿化率"", ""大平层"", ""旅游地产"", ""银行""]",https://pic4.ajkimg.com/display/xinfang/04859d797fbd1a3a68701e2e6147a62d/275x206n.jpg,[],保亭县保兴西路南侧/三亚市河西区外贸路海岸人家A栋A3铺对面
2750203,锦翠竹新城,三亚,51,陵水,4928,香水湾,5087,三亚陵水香水湾香水湾旅游度假区B区,,,,,52-147㎡,住宅：2334500m² 别墅：2334500m²,住宅：1143905m² 别墅：1143905m²,"[{""id"": 49283, ""rooms"": 1, ""room_alias"": ""一室"", ""area"": 52}, {""id"": 49284, ""rooms"": 1, ""room_alias"": ""一室"", ""area"": 78}, {""id"": 49282, ""rooms"": 1, ""room_alias"": ""一室"", ""area"": 82}]",别墅、1室,"1室户型,别墅户型",2008-01-19,,2008年,2009年,[],多层,住宅：小高层 别墅：独栋别墅、联排别墅、双拼别墅,住宅：70年 别墅：70年,住宅：0.49,住宅：75% 别墅：75%,住宅：300 别墅：300,,,住宅,绿城服务,住宅：5元/㎡/月,,住宅：200 别墅：200,,售罄,售罄,售罄,[],[],金茂,,天津永泰红磡房地产开发有限公司,住宅：民电,住宅：民水,18.608325,110.142733,"""""","{""53"": ""高绿化率"", ""52"": ""低容积"", ""63"": ""旅游地产"", ""79"": ""小户型""}","[""高绿化率"", ""低容积"", ""旅游地产"", ""小户型""]",https://pic4.ajkimg.com/display/xinfang/47faa2f9181e27469ae5cdfc88ea9655/275x206n.jpg,[],海南省陵水县香水湾B区、三亚市三亚湾滨海路60号（海月广场旁）
865593,海棠梅林翠苑,三亚,51,海棠区,10252,海棠湾,4938,三亚海棠区海棠湾海棠南路6号,,55704元/㎡,55704元/㎡,首付240万，月供57338元,118-347㎡,134000m²,145000m²,"[{""id"": 839545, ""rooms"": 4, ""room_alias"": ""四室"", ""area"": 118}, {""id"": 699594, ""rooms"": 4, ""room_alias"": ""四室"", ""area"": 204.7}, {""id"": 699590, ""rooms"": 4, ""room_alias"": ""四室"", ""area"": 250.64}, {""id"": 699588, ""rooms"": 5, ""room_alias"": ""五室"", ""area"": 347.21}]",4/5室,商业户型,2008-07-10,2021年02月06日,2008年,2009年,"[""2022-12-09"", ""2021-02-04""]","{低层,多层}",低层、多层,40年,0.4,50%,96,带装修,已封顶，竣工时间：2023-10-31,商业,世茂服务,25.8元/㎡/月,,96,1:1,售罄,售罄,售罄,"[""三房预许字【2022】063号"", ""三房预许字[2021]18号""]","[""46#"", ""16#、17#、28#、29#、30#、31#""]",中海,国美集团,国美地产,商电,商水,18.293472,109.726327,"{""service_num"": ""4006708287"", ""num"": ""24352""}","{""559"": ""现房"", ""29"": ""装修交付"", ""8"": ""项目封顶"", ""74"": ""南北通透"", ""92"": ""热搜盘"", ""55"": ""小型社区"", ""50"": ""品牌开发商""}","[""现房"", ""装修交付"", ""项目封顶"", ""南北通透"", ""热搜盘""]",https://pic4.ajkimg.com/display/xinfang/7bf8772c81b2ee65a93c5a5bc87a5d4e/275x206n.jpg,[],三亚市海棠湾海棠南路6号
4731262,鑫堂,三亚,51,海棠区,10252,海棠湾,4938,三亚海棠区海棠湾南田温泉度假区,,14111元/㎡,14111元/㎡,首付75万，月供17918元,123-190㎡,54666.67m²,110000m²,"[{""id"": 544038, ""rooms"": 3, ""room_alias"": ""三室"", ""area"": 123}, {""id"": 544047, ""rooms"": 3, ""room_alias"": ""三室"", ""area"": 145}, {""id"": 544060, ""rooms"": 3, ""room_alias"": ""三室"", ""area"": 149}, {""id"": 544071, ""rooms"": 6, ""room_alias"": ""六室"", ""area"": 190}]",3/6室,"3室户型,6室户型",2008-08-18,2021年07月28日,2008年,2009年,"[""2021-07-28"", ""2020-01-14""]",{花园洋房},花园洋房,70年,1.2,40%,304,带装修,已封顶，竣工时间：2022-12-30,住宅,万科物业,8.8元/㎡/月,,568,1:1.87,售罄,售罄,售罄,"[""三房预许字【2021】67号"", ""三房预许字【2020】4号""]","[""16#、17#、18#、19#、20#、21#""]",招商蛇口,,海南双大集团有限公司,民电,民水,18.398692,109.731495,"{""service_num"": ""4006708287"", ""num"": ""48944""}","{""559"": ""现房"", ""56"": ""车位充足"", ""53"": ""高绿化率"", ""52"": ""低容积"", ""29"": ""装修交付"", ""8"": ""项目封顶"", ""78"": ""大户型""}","[""现房"", ""车位充足"", ""高绿化率"", ""低容积"", ""装修交付""]",https://pic4.ajkimg.com/display/xinfang/acd4d67621bad961253f7b72d9bd4389/275x206n.jpg,[],海南省三亚市海棠区海棠湾南田温泉度假区
4294392,紫蓝湾汇,三亚,51,海棠区,10252,海棠湾,4938,三亚海棠区海棠湾青田小学西南侧,,37136元/㎡,37136元/㎡,首付240万，月供57338元,200-228㎡,114000m²,82000m²,"[{""id"": 843190, ""rooms"": 2, ""room_alias"": ""二室"", ""area"": 225}, {""id"": 843189, ""rooms"": 4, ""room_alias"": ""四室"", ""area"": 200}]",2/4室,商业户型,2008-01-08,2024年05月01日,2008年,2009年,"[""2024-02-27""]",多层,低层,40年,0.48,40%,190,带装修,在建中，竣工时间：2025-12-31,商业,华润万象生活,19.8元/㎡/月,,,,售罄,售罄,售罄,"[""三房预许字〔2024〕16号""]","[""2#、3#、1#、4#、5#""]",恒大,,,商电,商水,18.273948,109.662209,"{""service_num"": ""4006708287"", ""num"": ""108970""}","{""559"": ""现房"", ""29"": ""装修交付"", ""7"": ""项目在建"", ""70"": ""银行"", ""55"": ""小型社区""}","[""现房"", ""装修交付"", ""项目在建"", ""银行"", ""小型社区""]",https://pic4.ajkimg.com/display/xinfang/1050ec5fd8c3514ef51951979eadd536/275x206n.jpg,[],三亚市海棠区青田小学西南侧
5399322,珍珠盛世庄,三亚,51,陵水,4928,清水湾,5086,三亚陵水清水湾珍珠海岸,,,,,62-115㎡,住宅：10000m² 别墅：10000m²,住宅：18000m² 别墅：18000m²,"[{""id"": 44699, ""rooms"": 1, ""room_alias"": ""一室"", ""area"": 62}, {""id"": 44700, ""rooms"": 2, ""room_alias"": ""二室"", ""area"": 86}, {""id"": 44698, ""rooms"": 3, ""room_alias"": ""三室"", ""area"": 115}]",1/2/3室,"1室户型,2室户型,3室户型",2008-03-23,,2008年,2009年,[],"{独栋别墅,高层}",住宅：高层 别墅：独栋别墅,住宅：70年 别墅：70年,住宅：1.6 别墅：1.6,住宅：50% 别墅：50%,住宅：181 别墅：181,"住宅：毛坯,简装修 别墅：毛坯,简装修",,住宅,碧桂园服务,住宅：3.5元/㎡/月 别墅：3.5元/㎡/月,,住宅：77 别墅：77,住宅：1:0.43 别墅：1:0.43,售罄,售罄,售罄,"[""陵房预字[2011]第0030号"", ""陵房预字[2015]第0012号""]",[],远洋,,龙海房地产开发有限公司,住宅：民电,住宅：民水,18.408988,109.901002,"""""","{""53"": ""高绿化率"", ""52"": ""低容积"", ""29"": ""装修交付"", ""63"": ""旅游地产"", ""70"": ""银行"", ""69"": ""学校"", ""68"": ""医院"", ""79"": ""小户型"", ""78"": ""大户型"", ""55"": ""小型社区""}","[""高绿化率"", ""低容积"", ""装修交付"", ""旅游地产"", ""银行""]",https://pic4.ajkimg.com/display/xinfang/f2650c6516632e8306ac2f13904eee2b/275x206n.jpg,[],陵水县清水湾珍珠海岸花园内
4040566,凤里,三亚,51,乐东,4917,乐东,4965,三亚乐东乐东海南省乐东县黎族自治县九所新区高铁站东南侧,,7427元/㎡,7427元/㎡,首付13万，月供3225元,62-151㎡,44052m²,101522m²,"[{""id"": 715957, ""rooms"": 1, ""room_alias"": ""一室"", ""area"": 62}, {""id"": 715956, ""rooms"": 1, ""room_alias"": ""一室"", ""area"": 64}, {""id"": 715954, ""rooms"": 1, ""room_alias"": ""一室"", ""area"": 65}, {""id"": 715955, ""rooms"": 1, ""room_alias"": ""一室"", ""area"": 66}, {""id"": 715952, ""rooms"": 1, ""room_alias"": ""一室"", ""area"": 68}, {""id"": 715953, ""rooms"": 1, ""room_alias"": ""一室"", ""area"": 68}, {""id"": 732077, ""rooms"": 1, ""room_alias"": ""一室"", ""area"": 68}, {""id"": 715839, ""rooms"": 1, ""room_alias"": ""一室"", ""area"": 69}, {""id"": 715951, ""rooms"": 1, ""room_alias"": ""一室"", ""area"": 69}, {""id"": 715834, ""rooms"": 1, ""room_alias"": ""一室"", ""area"": 70}, {""id"": 715907, ""rooms"": 1, ""room_alias"": ""一室"", ""area"": 70}, {""id"": 715959, ""rooms"": 1, ""room_alias"": ""一室"", ""area"": 70}, {""id"": 715960, ""rooms"": 1, ""room_alias"": ""一室"", ""area"": 81}, {""id"": 715958, ""rooms"": 1, ""room_alias"": ""一室"", ""area"": 151}]",1室,商业户型,2008-07-22,2021年12月25日,2008年,2009年,"[""2021-09-14"", ""2021-07-14""]","{多层,小高层,高层}",多层、小高层、高层,40年,,30%,,带装修,已封顶，竣工时间：2023-12-30,商业,中海物业,,,388,,售罄,售罄,售罄,"[""乐房售证字〔2021〕016号"", ""乐房售证字（2021）009号""]","[""1#、2#、3#"", ""4#""]",正荣,,乐东尚易文旅地产开发有限公司,商电,商水,18.458154,108.930752,"""""","{""559"": ""现房"", ""29"": ""装修交付"", ""8"": ""项目封顶"", ""5"": ""低单价"", ""90"": ""人气楼盘""}","[""现房"", ""装修交付"", ""项目封顶"", ""低单价"", ""人气楼盘""]",https://pic4.ajkimg.com/display/xinfang/789090410abd661ceb9e1d9c669bb56c/275x206n.jpg,[],海南省乐东县黎族自治县九所新区高铁站东南侧
773255,龙黄金城,三亚,51,海棠区,10252,海棠湾,4938,三亚海棠区海棠湾三亚市海棠区海岸大道99号,,25995元/㎡,25995元/㎡,首付90万，月供21502元,95-168㎡,333333m²,350000m²,"[{""id"": 212547, ""rooms"": 2, ""room_alias"": ""二室"", ""area"": 95}, {""id"": 212543, ""rooms"": 3, ""room_alias"": ""三室"", ""area"": 125}, {""id"": 474927, ""rooms"": 3, ""room_alias"": ""三室"", ""area"": 168}]",2/3室,"2室户型,3室户型",2008-09-05,2019年01月29日,2008年,2009年,"[""2017-07-27"", ""2019-01-29""]",{高层},高层,70年,1.5,60%,912,"毛坯,带装修",已封顶，竣工时间：2023-12-31,住宅,世茂服务,7.8元/㎡/月,,910,1:1,售罄,售罄,售罄,"[""三房预许字［2017］42号"", ""三房预许字［2019］13号""]","[""1#、2#"", ""7#、13#、12#""]",远洋,海南中海三邦友房地产开发有限责任公司,中海置业,民电,民水,18.320523,109.735272,"""""","{""559"": ""现房"", ""53"": ""高绿化率"", ""52"": ""低容积"", ""29"": ""装修交付"", ""8"": ""项目封顶"", ""76"": ""厨卫全明"", ""74"": ""南北通透"", ""73"": ""卧室全朝南"", ""63"": ""旅游地产"", ""78"": ""大户型"", ""404"": ""客餐厅相连"", ""402"": ""玄关入户"", ""401"": ""户型方正"", ""85"": ""主卧套房"", ""83"": ""双阳台"", ""82"": ""双卫生间"", ""581"": ""国庆不打烊"", ""263"": ""VR看房"", ""50"": ""品牌开发商""}","[""现房"", ""高绿化率"", ""低容积"", ""装修交付"", ""项目封顶""]",https://pic4.ajkimg.com/display/xinfang/ba2a91cd48e8ead4aafeace3e960c11e/275x206n.jpg,[],三亚市海棠区海岸大道99号
8587029,乐恒桃源翠苑,三亚,51,东方,6181,东方,6186,三亚东方东方琼西路6号,,4456元/㎡,4456元/㎡,,56-157㎡,198000m²,89263m²,"[{""id"": 834047, ""rooms"": 1, ""room_alias"": ""一室"", ""area"": 56}, {""id"": 834049, ""rooms"": 2, ""room_alias"": ""二室"", ""area"": 98.69}, {""id"": 834048, ""rooms"": 2, ""room_alias"": ""二室"", ""area"": 105}, {""id"": 834054, ""rooms"": 3, ""room_alias"": ""三室"", ""area"": 108}, {""id"": 834051, ""rooms"": 4, ""room_alias"": ""四室"", ""area"": 137}, {""id"": 834052, ""rooms"": 4, ""room_alias"": ""四室"", ""area"": 157}]",1/2/3/4室,商业户型,2008-04-10,2023年02月01日,2008年,2009年,"[""2023-11-29""]",{小高层},小高层,40年,2.5,40%,796,带装修,已封顶，竣工时间：2024-12-31,商业,招商积余,,,506,,售罄,售罄,售罄,"[""（2022）东房预字（0002）号""]",[],保利,,海南乐恒置业有限公司,商电,商水,19.13587,108.674169,"""""","{""559"": ""现房"", ""29"": ""装修交付"", ""8"": ""项目封顶"", ""5"": ""低单价"", ""72"": ""配套纯熟"", ""68"": ""医院"", ""66"": ""公园"", ""65"": ""商业街"", ""64"": ""购物中心"", ""90"": ""人气楼盘""}","[""现房"", ""装修交付"", ""项目封顶"", ""低单价"", ""配套纯熟""]",https://pic4.ajkimg.com/display/xinfang/d1663f06490de436242abb3056d24445/275x206n.jpg,[],东方市琼西路6号
7737349,天洲二期,三亚,51,崖州区,10253,崖州湾,10257,三亚崖州区崖州湾崖州区振州路与创意路交叉口北约80米,,6313元/㎡,6313元/㎡,,141-783㎡,37800m²,37800m²,[],,商业户型,2008-09-15,2022年04月25日,2008年,2009年,[],小高层,,40年,,40%,78,毛坯,已竣工，竣工时间：2022-05-30,标准写字楼,碧桂园服务,,,757,,售罄,售罄,售罄,[],[],华润,招商蛇口,,商电,商水,18.324046,109.171425,"{""service_num"": ""4006708287"", ""num"": ""81403""}","{""559"": ""现房"", ""557"": ""项目竣工"", ""5"": ""低单价"", ""72"": ""配套纯熟"", ""70"": ""银行"", ""68"": ""医院"", ""66"": ""公园"", ""65"": ""商业街"", ""64"": ""购物中心"", ""55"": ""小型社区"", ""50"": ""品牌开发商""}","[""现房"", ""项目竣工"", ""低单价"", ""配套纯熟"", ""银行""]",https://pic4.ajkimg.com/display/xinfang/f520f57cee55e9810e97c44bdd887da5/275x206n.jpg,[],三亚市崖州区振州路与创意路交叉口北约80米
8987751,雅阳光洲,三亚,51,崖州区,10253,崖州湾,10257,三亚崖州区崖州湾创意新城6号路,,,,,46-74㎡,44000m²,110000m²,"[{""id"": 179444, ""rooms"": 1, ""room_alias"": ""一室"", ""area"": 45.53}, {""id"": 179426, ""rooms"": 1, ""room_alias"": ""一室"", ""area"": 51.62}, {""id"": 205837, ""rooms"": 2, ""room_alias"": ""二室"", ""area"": 72.16}, {""id"": 179445, ""rooms"": 2, ""room_alias"": ""二室"", ""area"": 72.79}, {""id"": 205842, ""rooms"": 2, ""room_alias"": ""二室"", ""area"": 73.57}, {""id"": 205845, ""rooms"": 2, ""room_alias"": ""二室"", ""area"": 73.6}]",1/2室,"1室户型,2室户型",2008-10-19,,2008年,2009年,[],{高层},高层,70年,2,40%,1340,"毛坯,简装修",,住宅,世茂服务,3.5元/㎡/月,,938,1:0.7,售罄,售罄,售罄,"[""三房预许字[2016]6号""]",[],万科,,东风设计研究院、北京华永集团,民电,民水,18.32222,109.182806,"""""","{""53"": ""高绿化率"", ""29"": ""装修交付"", ""72"": ""配套纯熟"", ""70"": ""银行"", ""69"": ""学校"", ""68"": ""医院"", ""65"": ""商业街"", ""79"": ""小户型""}","[""高绿化率"", ""装修交付"", ""配套纯熟"", ""银行"", ""学校""]",https://pic4.ajkimg.com/display/xinfang/48561343d088cbd31db99fdefc46456d/275x206n.jpg,[],三亚崖城创意新城6号路
1823450,山海半岛林,三亚,51,乐东,4917,龙栖湾,5084,三亚乐东龙栖湾海榆西线龙栖湾国际旅游度假区（九所新区）,,,,,56-92㎡,别墅：52949m² 住宅：52949m²,别墅：630000m² 住宅：630000m²,"[{""id"": 100101, ""rooms"": 1, ""room_alias"": ""一室"", ""area"": 55.93}, {""id"": 100100, ""rooms"": 1, ""room_alias"": ""一室"", ""area"": 56.05}, {""id"": 100096, ""rooms"": 1, ""room_alias"": ""一室"", ""area"": 79.07}, {""id"": 47529, ""rooms"": 2, ""room_alias"": ""二室"", ""area"": 62}, {""id"": 47530, ""rooms"": 2, ""room_alias"": ""二室"", ""area"": 62}, {""id"": 47538, ""rooms"": 2, ""room_alias"": ""二室"", ""area"": 62}, {""id"": 47539, ""rooms"": 2, ""room_alias"": ""二室"", ""area"": 62}, {""id"": 47527, ""rooms"": 2, ""room_alias"": ""二室"", ""area"": 72}, {""id"": 47531, ""rooms"": 2, ""room_alias"": ""二室"", ""area"": 72}, {""id"": 47537, ""rooms"": 2, ""room_alias"": ""二室"", ""area"": 72}, {""id"": 47540, ""rooms"": 2, ""room_alias"": ""二室"", ""area"": 72}, {""id"": 47526, ""rooms"": 2, ""room_alias"": ""二室"", ""area"": 73}, {""id"": 47533, ""rooms"": 2, ""room_alias"": ""二室"", ""area"": 73}, {""id"": 47534, ""rooms"": 2, ""room_alias"": ""二室"", ""area"": 73}, {""id"": 47541, ""rooms"": 2, ""room_alias"": ""二室"", ""area"": 73}, {""id"": 100102, ""rooms"": 2, ""room_alias"": ""二室"", ""area"": 92.36}]",1/2室,2室户型,2008-06-05,,2008年,2009年,[],高层,住宅：高层,别墅：70年 住宅：70年,,,别墅：1500 住宅：1500,,,别墅,雅生活服务,住宅：2.8元/㎡/月,,别墅：1200 住宅：1200,别墅：1:0.8 住宅：1:0.8,售罄,售罄,售罄,[],[],远洋,,海口鹏程实业发展有限公司,别墅：民电,别墅：民水,18.420229,108.929305,"""""","{""70"": ""银行"", ""69"": ""学校"", ""68"": ""医院"", ""79"": ""小户型""}","[""银行"", ""学校"", ""医院"", ""小户型""]",https://pic4.ajkimg.com/display/xinfang/d18968ccfe9e9509e3115fe5b76c1a5f/275x206n.jpg,[],海南省海榆西线龙栖湾国际旅游度假区（九所新区）
3669266,翠豪庭三期,三亚,51,东方,6181,东方,6186,三亚东方东方琼西路6号,,4456元/㎡,4456元/㎡,,56-157㎡,198000m²,89263m²,"[{""id"": 834047, ""rooms"": 1, ""room_alias"": ""一室"", ""area"": 56}, {""id"": 834049, ""rooms"": 2, ""room_alias"": ""二室"", ""area"": 98.69}, {""id"": 834048, ""rooms"": 2, ""room_alias"": ""二室"", ""area"": 105}, {""id"": 834054, ""rooms"": 3, ""room_alias"": ""三室"", ""area"": 108}, {""id"": 834051, ""rooms"": 4, ""room_alias"": ""四室"", ""area"": 137}, {""id"": 834052, ""rooms"": 4, ""room_alias"": ""四室"", ""area"": 157}]",1/2/3/4室,商业户型,2008-09-24,2023年02月01日,2008年,2009年,"[""2023-11-29""]",小高层,小高层,40年,2.5,40%,796,带装修,已封顶，竣工时间：2024-12-31,商业,万科物业,,,506,,售罄,售罄,售罄,"[""（2022）东房预字（0002）号""]",[],禹洲,,海南乐恒置业有限公司,商电,商水,19.142784,108.673283,"""""","{""559"": ""现房"", ""29"": ""装修交付"", ""8"": ""项目封顶"", ""5"": ""低单价"", ""72"": ""配套纯熟"", ""68"": ""医院"", ""66"": ""公园"", ""65"": ""商业街"", ""64"": ""购物中心"", ""90"": ""人气楼盘""}","[""现房"", ""装修交付"", ""项目封顶"", ""低单价"", ""配套纯熟""]",https://pic4.ajkimg.com/display/xinfang/d1663f06490de436242abb3056d24445/275x206n.jpg,[],东方市琼西路6号
9201217,鑫梦想都,三亚,51,万宁,4918,万宁,4966,三亚万宁万宁万宁神州半岛,,6684元/㎡,6684元/㎡,,101-188㎡,住宅：18000000m² 别墅：18000000m²,住宅：4060000m² 别墅：4060000m²,"[{""id"": 758476, ""rooms"": 3, ""room_alias"": ""三室"", ""area"": 101}, {""id"": 832009, ""rooms"": 3, ""room_alias"": ""三室"", ""area"": 119}, {""id"": 758453, ""rooms"": 3, ""room_alias"": ""三室"", ""area"": 126}, {""id"": 821685, ""rooms"": 3, ""room_alias"": ""三室"", ""area"": 130}, {""id"": 860062, ""rooms"": 3, ""room_alias"": ""三室"", ""area"": 131}, {""id"": 860076, ""rooms"": 3, ""room_alias"": ""三室"", ""area"": 131}, {""id"": 860074, ""rooms"": 3, ""room_alias"": ""三室"", ""area"": 133}, {""id"": 860063, ""rooms"": 3, ""room_alias"": ""三室"", ""area"": 135}, {""id"": 860075, ""rooms"": 3, ""room_alias"": ""三室"", ""area"": 135}, {""id"": 860073, ""rooms"": 3, ""room_alias"": ""三室"", ""area"": 137}, {""id"": 821684, ""rooms"": 3, ""room_alias"": ""三室"", ""area"": 153}, {""id"": 860077, ""rooms"": 3, ""room_alias"": ""三室"", ""area"": 187}, {""id"": 821680, ""rooms"": 4, ""room_alias"": ""四室"", ""area"": 143}, {""id"": 821681, ""rooms"": 4, ""room_alias"": ""四室"", ""area"": 155}, {""id"": 821682, ""rooms"": 4, ""room_alias"": ""四室"", ""area"": 157}, {""id"": 821671, ""rooms"": 4, ""room_alias"": ""四室"", ""area"": 188}]",3室、别墅,"3室户型,别墅户型",2008-04-23,2023年07月15日,2008年,2009年,"[""2023-05-12"", ""2023-05-12"", ""2021-12-30"", ""2021-09-30"", ""2021-09-28"", ""2020-12-31"", ""2021-09-30"", ""2021-09-30"", ""2020-11-20"", ""2017-10-16"", ""2017-03-26"", ""2012-10-01"", ""2011-09-17"", ""2011-09-14"", ""2018-05-30"", ""2020-03-17"", ""2019-04-19""]","{多层,小高层,高层,花园洋房}",住宅：多层、小高层、高层、花园洋房 别墅：独栋别墅、叠加别墅,住宅：70年 别墅：70年,住宅：0.34 别墅：0.3,住宅：60% 别墅：60%,住宅：1226 别墅：1226,住宅：带装修 别墅：带装修,,住宅,雅生活服务,住宅：5.68~7.9元/㎡/月,,住宅：422 别墅：422,住宅：1:0.3 别墅：1:0.3,售罄,售罄,售罄,"[""万行审[2023]万房预字（13）"", ""万行审[2023]万房预字（12）"", ""万行审[2021]万房预字（74）"", ""万行审[2021]万房预字（59）"", ""万行审[2021]万房预字（47）"", ""万行审[2020]万房预字（46）"", ""万行审[2021]万房预字（54）"", ""万行审[2021]万房预字（60）"", ""万行审[2020]万房预字（39）号"", ""【2017】万房预字（49）号"", ""万房预字（2017）51号"", ""【2012】万房预字（58）号"", ""【2011】万房预字（021）号"", ""【2011】万房预字（11）号"", ""【2018】万房预字（16）号"", ""万行审[2020]万房预字（07）"", ""【2019】万房预字（12）号""]","[""天岚湾别墅组团"", ""天岚湾洋房组团"", ""T18#、T19#、T37#、T38#""]",金茂,中海地产,中国海外兴业有限公司,住宅：民电,住宅：民水,18.704206,110.369849,"{""service_num"": ""4006708287"", ""num"": ""15602""}","{""559"": ""现房"", ""53"": ""高绿化率"", ""52"": ""低容积"", ""29"": ""装修交付"", ""76"": ""厨卫全明"", ""74"": ""南北通透"", ""73"": ""卧室全朝南"", ""276"": ""一房一价"", ""5"": ""低单价"", ""4"": ""低总价"", ""72"": ""配套纯熟"", ""68"": ""医院"", ""66"": ""公园"", ""65"": ""商业街"", ""64"": ""购物中心"", ""78"": ""大户型"", ""402"": ""玄关入户"", ""401"": ""户型方正"", ""397"": ""动静分离"", ""85"": ""主卧套房"", ""83"": ""双阳台"", ""90"": ""人气楼盘"", ""541"": ""3D沙盘"", ""540"": ""日照模拟"", ""263"": ""VR看房"", ""50"": ""品牌开发商""}","[""现房"", ""高绿化率"", ""低容积"", ""装修交付"", ""厨卫全明""]",https://pic4.ajkimg.com/display/xinfang/0a4dbf692fa14c0acc978b21cfe1fbe0/275x206n.jpg,[],海南省万宁市神州半岛星悦路
9772658,海居美好丽景,三亚,51,天涯区,10251,三亚湾,4932,三亚天涯区三亚湾三亚湾路158号,,,,,119-409㎡,50044m²,61199m²,"[{""id"": 52546, ""rooms"": 2, ""room_alias"": ""二室"", ""area"": 119}, {""id"": 52551, ""rooms"": 2, ""room_alias"": ""二室"", ""area"": 409}, {""id"": 52545, ""rooms"": 3, ""room_alias"": ""三室"", ""area"": 173}, {""id"": 52547, ""rooms"": 4, ""room_alias"": ""四室"", ""area"": 347}, {""id"": 52549, ""rooms"": 4, ""room_alias"": ""四室"", ""area"": 347}]",2/3/4室,"2室户型,3室户型,4室户型",2008-08-22,,2008年,2009年,[],"{小高层,高层}",小高层、高层,70年,1.2,74%,137,带装修,,住宅,新城悦服务,8元/㎡/月,,221,1:1.61,售罄,售罄,售罄,"[""三房预许字[2009]057号""]",[],金地,,三亚林海房地产开发有限公司,民电,民水,18.285985,109.452449,"{""service_num"": ""4006708287"", ""num"": ""39650""}","{""56"": ""车位充足"", ""53"": ""高绿化率"", ""52"": ""低容积"", ""31"": ""大平层"", ""29"": ""装修交付"", ""63"": ""旅游地产"", ""70"": ""银行"", ""69"": ""学校"", ""68"": ""医院"", ""78"": ""大户型"", ""55"": ""小型社区""}","[""车位充足"", ""高绿化率"", ""低容积"", ""大平层"", ""装修交付""]",https://pic4.ajkimg.com/display/xinfang/b2f15835b0308319ee5a061b1145056f/275x206n.jpg,[],三亚市三亚湾路158号
9914294,盛坊B区,三亚,51,崖州区,10253,崖州湾,10257,三亚崖州区崖州湾科技城新道街,,4753元/㎡,4753元/㎡,,100㎡,92000m²,296300m²,"[{""id"": 819494, ""rooms"": 3, ""room_alias"": ""三室"", ""area"": 100}, {""id"": 819495, ""rooms"": 3, ""room_alias"": ""三室"", ""area"": 100}]",3室,3室户型,2008-05-05,2022年11月24日,2008年,2009年,"[""2022-11-08"", ""2023-02-10""]",{高层},高层,70年,2.5,40%,2178,带装修,已封顶，竣工时间：2022-12-01,住宅,招商积余,1.8元/㎡/月,,,,售罄,售罄,售罄,"[""三亚现售证号：[2022]4号"", ""三亚现售证号：【2023】2号""]","[""11#、10#、13#、12#、15#、14#、16#、9#"", ""1#、3#、2#、5#、4#、7#、6#、8#""]",招商蛇口,招商蛇口,,民电,民水,18.34551,109.157722,"{""service_num"": ""4006708287"", ""num"": ""102055""}","{""559"": ""现房"", ""53"": ""高绿化率"", ""29"": ""装修交付"", ""8"": ""项目封顶"", ""76"": ""厨卫全明"", ""74"": ""南北通透"", ""72"": ""配套纯熟"", ""69"": ""学校"", ""68"": ""医院"", ""66"": ""公园"", ""65"": ""商业街"", ""64"": ""购物中心"", ""402"": ""玄关入户"", ""401"": ""户型方正"", ""397"": ""动静分离"", ""85"": ""主卧套房"", ""263"": ""VR看房"", ""54"": ""大型社区"", ""50"": ""品牌开发商""}","[""现房"", ""高绿化率"", ""装修交付"", ""项目封顶"", ""厨卫全明""]",https://pic4.ajkimg.com/display/xinfang/ac3873689a458d595ae4faa96956645b/275x206n.jpg,[],三亚市崖州湾科技城新道街
3798085,和未来翠苑,三亚,51,五指山,4926,五指山,4974,三亚五指山五指山三月三大道与河南东路交汇处西侧,,5570元/㎡,5570元/㎡,,100-120㎡,200000m²,246000m²,"[{""id"": 859617, ""rooms"": 2, ""room_alias"": ""二室"", ""area"": 100}, {""id"": 859618, ""rooms"": 3, ""room_alias"": ""三室"", ""area"": 120}, {""id"": 859619, ""rooms"": 3, ""room_alias"": ""三室"", ""area"": 120}]",2/3室,"2室户型,3室户型",2008-06-01,2024年12月28日,2008年,2009年,"[""2024-12-11""]",{小高层},小高层,70年,1,,,带装修,,住宅,融创服务,33.5元/㎡/月,,440,1:1,售罄,售罄,售罄,"[""海-五-202412004874""]",[],美的置业,,,民电,民水,18.773174,109.55862,"""""","{""52"": ""低容积"", ""29"": ""装修交付"", ""72"": ""配套纯熟"", ""70"": ""银行"", ""69"": ""学校"", ""68"": ""医院"", ""66"": ""公园"", ""65"": ""商业街"", ""64"": ""购物中心"", ""78"": ""大户型"", ""55"": ""小型社区""}","[""低容积"", ""装修交付"", ""配套纯熟"", ""银行"", ""学校""]",https://pic4.ajkimg.com/display/xinfang/b6354ea8e3b71a60f4c5775144510266/275x206n.jpg,[],五指山市三月三大道与河南东路交汇处西侧
850209,PR梅林坊,三亚,51,万宁,4918,万宁,4966,三亚万宁万宁海南万宁环岛旅游公路石梅湾-南燕湾段,,,,,123-133㎡,别墅：186666m² 住宅：186666m²,别墅：67000m² 住宅：67000m²,"[{""id"": 885642, ""rooms"": 3, ""room_alias"": ""三室"", ""area"": 123}, {""id"": 885643, ""rooms"": 3, ""room_alias"": ""三室"", ""area"": 133}]",别墅,别墅户型,2008-02-10,2026年01月,2008年,2009年,"[""2025-09-12""]",小高层,别墅：独栋别墅、叠加别墅,别墅：70年,别墅：0.28,别墅：50%,别墅：374,,,别墅,招商积余,,,别墅：443,,售罄,售罄,售罄,"[""[万行审]万房预字（22）号""]",[],华润,海南华昌旅游开发有限公司,,别墅：民电,别墅：民水,18.680244,110.306027,"{""service_num"": ""4006708287"", ""num"": ""26650""}","{""53"": ""高绿化率"", ""76"": ""厨卫全明"", ""74"": ""南北通透"", ""73"": ""卧室全朝南"", ""401"": ""户型方正"", ""397"": ""动静分离"", ""83"": ""双阳台"", ""90"": ""人气楼盘"", ""541"": ""3D沙盘"", ""540"": ""日照模拟"", ""263"": ""VR看房"", ""55"": ""小型社区"", ""50"": ""品牌开发商""}","[""高绿化率"", ""厨卫全明"", ""南北通透"", ""卧室全朝南"", ""户型方正""]",https://pic4.ajkimg.com/display/xinfang/5a8baa78d077dd147c69a08d3021320d/275x206n.jpg,[],海南万宁环岛旅游公路石梅湾-南燕湾段
8929567,泰洲A区,三亚,51,崖州区,10253,崖城,6183,三亚崖州区崖城创意产业园10号路和30号路交汇处,,15597元/㎡,15597元/㎡,首付41万，月供9927元,66-134㎡,35344.97m²,123971.28m²,"[{""id"": 541218, ""rooms"": 2, ""room_alias"": ""二室"", ""area"": 65.9}, {""id"": 541221, ""rooms"": 2, ""room_alias"": ""二室"", ""area"": 89.65}, {""id"": 541220, ""rooms"": 2, ""room_alias"": ""二室"", ""area"": 94.61}, {""id"": 541226, ""rooms"": 3, ""room_alias"": ""三室"", ""area"": 133.48}, {""id"": 541222, ""rooms"": 3, ""room_alias"": ""三室"", ""area"": 133.78}]",2/3室,商业户型,2008-01-27,2019年12月01日,2008年,2009年,"[""2019-03-19""]",{高层},高层,40年,2.5,41%,880,毛坯,,商业,中海物业,6.5元/㎡/月,,637,,售罄,售罄,售罄,"[""三房预许字〔2019〕24号""]",[],远洋,,三亚嘉鹏科技发展有限公司,商电,商水,18.324418,109.152889,"""""","{""42"": ""酒店公寓"", ""63"": ""旅游地产"", ""60"": ""海景地产"", ""72"": ""配套纯熟"", ""70"": ""银行"", ""68"": ""医院"", ""66"": ""公园"", ""65"": ""商业街"", ""401"": ""户型方正"", ""397"": ""动静分离"", ""263"": ""VR看房""}","[""酒店公寓"", ""旅游地产"", ""海景地产"", ""配套纯熟"", ""银行""]",https://pic4.ajkimg.com/display/xinfang/f7b2c6caf8670690cb85045504eb59b3/275x206n.jpg,[],崖州湾创意产业园10号路和30号路交汇处
5245080,和蓝湾丽景,三亚,51,天涯区,10251,三亚湾,4932,三亚天涯区三亚湾中海路,,,,,110-128㎡,住宅：46346m² 别墅：46346m²,住宅：108000m² 别墅：108000m²,"[{""id"": 81043, ""rooms"": 2, ""room_alias"": ""二室"", ""area"": 110}, {""id"": 81046, ""rooms"": 3, ""room_alias"": ""三室"", ""area"": 128}]",2/3室,"2室户型,3室户型",2008-05-26,,2008年,2009年,[],洋房,住宅：高层 别墅：联排别墅,住宅：70年 别墅：70年,住宅：2 别墅：2,住宅：41% 别墅：41%,住宅：1084 别墅：1084,住宅：带装修 别墅：带装修,,住宅,合景悠活,住宅：3.5元/㎡/月 别墅：3.5元/㎡/月,,住宅：336 别墅：336,住宅：1:0.3 别墅：1:0.3,售罄,售罄,售罄,"[""三房预许字[2009]048号"", ""三房预许字[2009]056号""]","[""望海阁"", ""逸海阁""]",恒大,,三亚金中海国际置业投资集团有限公司,住宅：民电,住宅：民水,18.293707,109.440928,"{""service_num"": ""4006708287"", ""num"": ""39258""}","{""53"": ""高绿化率"", ""29"": ""装修交付"", ""72"": ""配套纯熟"", ""70"": ""银行"", ""69"": ""学校"", ""68"": ""医院"", ""64"": ""购物中心"", ""78"": ""大户型""}","[""高绿化率"", ""装修交付"", ""配套纯熟"", ""银行"", ""学校""]",https://pic4.ajkimg.com/display/xinfang/d31ea2bf33c8f358e6f66ea51a881e38/275x206n.jpg,[],三亚市三亚湾路168号（三亚渡假村旁）
5694396,东方玉兰小区,三亚,51,东方,6181,东方,6186,三亚东方东方八所镇滨海北路42号,,6313元/㎡,6313元/㎡,首付9万，月供2329元,42-128㎡,53200m²,141000m²,"[{""id"": 746777, ""rooms"": 1, ""room_alias"": ""一室"", ""area"": 42}, {""id"": 746785, ""rooms"": 1, ""room_alias"": ""一室"", ""area"": 63}, {""id"": 855701, ""rooms"": 2, ""room_alias"": ""二室"", ""area"": 42}, {""id"": 746780, ""rooms"": 2, ""room_alias"": ""二室"", ""area"": 85}, {""id"": 746784, ""rooms"": 2, ""room_alias"": ""二室"", ""area"": 122}, {""id"": 746782, ""rooms"": 2, ""room_alias"": ""二室"", ""area"": 128}, {""id"": 855702, ""rooms"": 4, ""room_alias"": ""四室"", ""area"": 85}]",1/2/4室,商业户型,2008-03-10,2022年01月29日,2008年,2009年,"[""2023-01-13"", ""2022-01-29""]",别墅,,70年,2,30%,720,简装修,在建中，竣工时间：2023-12-31,商业,世茂服务,3.6元/㎡/月,,460,,售罄,售罄,售罄,"[""（2023）东房预字（0001）号"", ""(2022)东房预字(0001)号""]","[""2#""]",远洋,,海南阳光绿苑房地产开发有限公司,商电,商水,19.141385,108.654709,"""""","{""559"": ""现房"", ""81"": ""大阳台"", ""29"": ""装修交付"", ""7"": ""项目在建"", ""5"": ""低单价"", ""90"": ""人气楼盘""}","[""现房"", ""大阳台"", ""装修交付"", ""项目在建"", ""低单价""]",https://pic4.ajkimg.com/display/xinfang/56837a90ada2804f5b6abad6eecad721/275x206n.jpg,[],海南省东方市八所镇滨海北路42号
4218560,鑫峰,三亚,51,天涯区,10251,红塘湾,10256,三亚天涯区红塘湾红塘大道,,,,,67-93㎡,41557m²,65031m²,"[{""id"": 186801, ""rooms"": 2, ""room_alias"": ""二室"", ""area"": 66.69}, {""id"": 179488, ""rooms"": 2, ""room_alias"": ""二室"", ""area"": 67.12}, {""id"": 205313, ""rooms"": 2, ""room_alias"": ""二室"", ""area"": 71.22}, {""id"": 205311, ""rooms"": 2, ""room_alias"": ""二室"", ""area"": 73.47}, {""id"": 205295, ""rooms"": 2, ""room_alias"": ""二室"", ""area"": 92}, {""id"": 205296, ""rooms"": 2, ""room_alias"": ""二室"", ""area"": 93}, {""id"": 205297, ""rooms"": 2, ""room_alias"": ""二室"", ""area"": 93}, {""id"": 205307, ""rooms"": 3, ""room_alias"": ""三室"", ""area"": 77.08}, {""id"": 186804, ""rooms"": 3, ""room_alias"": ""三室"", ""area"": 89.43}, {""id"": 179496, ""rooms"": 3, ""room_alias"": ""三室"", ""area"": 90.09}, {""id"": 205299, ""rooms"": 3, ""room_alias"": ""三室"", ""area"": 93}]",2/3室,"2室户型,3室户型",2008-12-05,,2008年,2009年,[],{独栋别墅},独栋别墅,70年,1.17,35%,570,毛坯,,别墅,万科物业,4元/㎡/月,,522,1:0.9,售罄,售罄,售罄,"[""三房预许字 [2016] 33号"", ""三房预许字 [2017] 9号""]",[],绿城,,海南德璟正邦房地产开发有限责任公司,民电,民水,18.322178,109.290877,"""""","{""63"": ""旅游地产"", ""79"": ""小户型""}","[""旅游地产"", ""小户型""]",https://pic4.ajkimg.com/display/xinfang/e604be4ce10b2b3b9e7669c14fe6667d/275x206n.jpg,[],三亚市天涯区红塘湾旅游度假区
708825,金西岸居,三亚,51,保亭,4927,保亭,4975,三亚保亭保亭保兴东路,,,,,,66666m²,150000m²,[],,,2008-11-02,,2008年,2009年,[],{高层},高层,70年,2,50%,2200,简装修,,住宅,融创服务,1.8元/㎡/月,,440,1:0.2,售罄,售罄,售罄,[],[],中梁,,,民电,民水,18.622792,109.732826,"{""service_num"": ""4006708287"", ""num"": """"}","{""53"": ""高绿化率"", ""29"": ""装修交付"", ""70"": ""银行"", ""54"": ""大型社区""}","[""高绿化率"", ""装修交付"", ""银行"", ""大型社区""]",https://pic4.ajkimg.com/display/xinfang/3e672f1a3c21fdc3985745f9ee3b4f76/275x206n.jpg,[],海南省保亭县西环路东侧
1022691,三亚红树轩,三亚,51,天涯区,10251,三亚湾,4932,三亚天涯区三亚湾天涯区三亚湾路168号,,,,,57-132㎡,7618m²,46841m²,"[{""id"": 197021, ""rooms"": 1, ""room_alias"": ""一室"", ""area"": 57.38}, {""id"": 197035, ""rooms"": 1, ""room_alias"": ""一室"", ""area"": 103.64}, {""id"": 197039, ""rooms"": 2, ""room_alias"": ""二室"", ""area"": 132.11}]",,商业户型,2008-12-06,,2008年,2009年,[],超高层,,40年,,58%,802,带装修,,标准写字楼,世茂服务,9.8元/㎡/月,,330,1:0.4,售罄,售罄,售罄,[],[],绿城,,,商电,商水,18.30651,109.466919,"{""service_num"": ""4006708287"", ""num"": """"}","{""29"": ""装修交付"", ""70"": ""银行""}","[""装修交付"", ""银行""]",https://pic4.ajkimg.com/display/xinfang/863fa61026e360e98bd3e0d75e905cdc/275x206n.jpg,[],三亚湾路168号三亚湾海韵度假酒店大堂售楼处
4792662,凤舍一期,三亚,51,天涯区,10251,三亚湾,4932,三亚天涯区三亚湾三亚湾路190-1号,,14854元/㎡,14854元/㎡,首付73万，月供17488元,117-161㎡,86665m²,250000m²,"[{""id"": 601991, ""rooms"": 3, ""room_alias"": ""三室"", ""area"": 117}, {""id"": 588567, ""rooms"": 3, ""room_alias"": ""三室"", ""area"": 118}, {""id"": 512472, ""rooms"": 3, ""room_alias"": ""三室"", ""area"": 122}, {""id"": 601995, ""rooms"": 3, ""room_alias"": ""三室"", ""area"": 122}, {""id"": 601986, ""rooms"": 4, ""room_alias"": ""四室"", ""area"": 143}, {""id"": 512479, ""rooms"": 4, ""room_alias"": ""四室"", ""area"": 160}, {""id"": 588570, ""rooms"": 4, ""room_alias"": ""四室"", ""area"": 160}, {""id"": 588571, ""rooms"": 4, ""room_alias"": ""四室"", ""area"": 160}, {""id"": 601988, ""rooms"": 4, ""room_alias"": ""四室"", ""area"": 160}, {""id"": 588574, ""rooms"": 4, ""room_alias"": ""四室"", ""area"": 161}]",3/4室,"3室户型,4室户型",2008-10-12,2019年09月30日,2008年,2009年,"[""2019-04-26"", ""2019-09-20"", ""2020-08-20""]",{高层},高层,70年,2.86,40%,1551,带装修,,住宅,龙湖智慧服务,5.98元/㎡/月,,1691,1:1.2,售罄,售罄,售罄,"[""三房预许字【2019】32号"", ""三房预许字【2019】55号"", ""三房预许字［2020］36号""]","[""6#、14#"", ""7#、13#"", ""8#、12#""]",正荣,,海南万科企业管理有限公司,民电,民水,18.288208,109.4601,"{""service_num"": ""4006708287"", ""num"": """"}","{""559"": ""现房"", ""56"": ""车位充足"", ""53"": ""高绿化率"", ""29"": ""装修交付"", ""76"": ""厨卫全明"", ""74"": ""南北通透"", ""78"": ""大户型"", ""402"": ""玄关入户"", ""401"": ""户型方正"", ""397"": ""动静分离"", ""85"": ""主卧套房"", ""83"": ""双阳台"", ""263"": ""VR看房"", ""54"": ""大型社区""}","[""现房"", ""车位充足"", ""高绿化率"", ""装修交付"", ""厨卫全明""]",https://pic4.ajkimg.com/display/xinfang/a42e6b25f848ab3bc59321e14f271818/275x206n.jpg,[],三亚市天涯区三亚湾路190-1号
5262684,嘉康城花园,三亚,51,崖州区,10253,崖城,6183,三亚崖州区崖城崖州区创意产业园10号路和30号路交汇处,,,,,,35344.97m²,123971.28m²,[],,,2008-09-12,,2008年,2009年,[],洋房,高层,40年,2.5,40%,880,简装修,,商业,雅生活服务,,,637,1:1.38,售罄,售罄,售罄,[],[],美的置业,,,商电,商水,0,0,"""""","{""56"": ""车位充足"", ""29"": ""装修交付""}","[""车位充足"", ""装修交付""]",https://pic4.ajkimg.com/display/xinfang/2bd585e40e7bfe2a07aab0cfb3aa6f62/275x206n.jpg,[],崖州区创意产业园10号路和30号路交汇处
3421988,东方翠竹景,三亚,51,海棠区,10252,海棠湾,4938,三亚海棠区海棠湾南田农场东风分场G5-1号,,10398元/㎡,10398元/㎡,首付45万，月供10930元,109-119㎡,358000m²,56000m²,"[{""id"": 805314, ""rooms"": 2, ""room_alias"": ""二室"", ""area"": 109}, {""id"": 805317, ""rooms"": 2, ""room_alias"": ""二室"", ""area"": 109}, {""id"": 805315, ""rooms"": 3, ""room_alias"": ""三室"", ""area"": 110}, {""id"": 805316, ""rooms"": 3, ""room_alias"": ""三室"", ""area"": 119}]",2/3室,"2室户型,3室户型",2008-08-24,2022年01月01日,2008年,2009年,"[""2021-11-09""]",小高层,,,,45%,318,带装修,已竣工，竣工时间：暂无数据,住宅,招商积余,,,375,1:1,售罄,售罄,售罄,"[""三房预许字〔2021〕96号"", ""[2023]三房预许字(46)号"", ""[2023]三房预许字(36)号""]","[""1#"", ""6#"", ""5#""]",佳兆业,,,民电,民水,18.398063,109.730688,"{""service_num"": ""4006708287"", ""num"": ""83193""}","{""559"": ""现房"", ""557"": ""项目竣工"", ""53"": ""高绿化率"", ""29"": ""装修交付"", ""72"": ""配套纯熟"", ""71"": ""便利店"", ""70"": ""银行"", ""69"": ""学校"", ""64"": ""购物中心"", ""78"": ""大户型"", ""92"": ""热搜盘""}","[""现房"", ""项目竣工"", ""高绿化率"", ""装修交付"", ""配套纯熟""]",https://pic4.ajkimg.com/display/xinfang/05330dede421a1dfafeb982a66319e37/275x206n.jpg,[],三亚市海棠区南田农场东风分场G5-1号
8952245,绿景,三亚,51,万宁,4918,万宁,4966,三亚万宁万宁神州半岛度假区,,6313元/㎡,6313元/㎡,首付28万，月供6773元,101-143㎡,住宅：533336m²,住宅：450000m²,"[{""id"": 859465, ""rooms"": 2, ""room_alias"": ""二室"", ""area"": 101}, {""id"": 788215, ""rooms"": 2, ""room_alias"": ""二室"", ""area"": 107}, {""id"": 859473, ""rooms"": 2, ""room_alias"": ""二室"", ""area"": 107}, {""id"": 788216, ""rooms"": 2, ""room_alias"": ""二室"", ""area"": 118}, {""id"": 788217, ""rooms"": 2, ""room_alias"": ""二室"", ""area"": 143}, {""id"": 859474, ""rooms"": 2, ""room_alias"": ""二室"", ""area"": 143}, {""id"": 859467, ""rooms"": 3, ""room_alias"": ""三室"", ""area"": 111}, {""id"": 859468, ""rooms"": 3, ""room_alias"": ""三室"", ""area"": 111}, {""id"": 859469, ""rooms"": 3, ""room_alias"": ""三室"", ""area"": 122}, {""id"": 859470, ""rooms"": 3, ""room_alias"": ""三室"", ""area"": 122}, {""id"": 859471, ""rooms"": 3, ""room_alias"": ""三室"", ""area"": 143}, {""id"": 859472, ""rooms"": 3, ""room_alias"": ""三室"", ""area"": 143}]",2/3室,"2室户型,3室户型",2008-11-07,2023年12月,2008年,2009年,"[""2024-09-30"", ""2023-09-28"", ""2023-06-02"", ""2023-01-17"", ""2022-12-16""]",{花园洋房},住宅：花园洋房,住宅：70年,住宅：1.1,住宅：45%,住宅：1466,住宅：简装修,,住宅,招商积余,,,住宅：1440,住宅：1:1,售罄,售罄,售罄,"[""【万行审2024】万字预字（24）号"", ""【万行审2023】万房预字（26）号"", ""【万行审2023】万房预字（15）号"", ""【万行审2022】万房预字（37）号"", ""【万行审2024】万房预字（16）号"", ""[万行审2022]万房预字（37）号""]","[""S26-1#、S26-2#、S24-2#、S25#、S28-1#、S28-2#、S27-1#、S27-2#、S21-2#、S22-1#、S20-2#、S21-1#、S23-2#、S24-1#、S22-2#、S23-1#、S29#、S17-2#、S18-1#、S16-2#、S17-1#、S19-2#、S20-1#、S18-2#、S19-1#、S13-2#、S14-1#、S13-1#、S15-2#、S16-1#、S14-2#、S15-1#"", ""S10-2#、S11-1#、S9-1#、S10-1#、43#、S11-4#、S12-1#、S11-2#、S11-3#、44#、S7-2#、37#、S8-1#、S6-2#、25#、S7-1#、36#、S9-3#、S9-2#、S8-2#、S8-3#、S6-1#、24#、S12-2#"", ""2#、1#、3#、9#、12#、13#、10#、11#、16#、14#、6#、15#"", ""46#、38#、40#、45#"", ""4#、5#、7#、8#、17#、18#、19#""]",滨江集团,保利集团,保利置业集团有限公司,住宅：民电,住宅：民水,18.689072,110.352167,"""""","{""559"": ""现房"", ""53"": ""高绿化率"", ""52"": ""低容积"", ""29"": ""装修交付"", ""76"": ""厨卫全明"", ""74"": ""南北通透"", ""73"": ""卧室全朝南"", ""30"": ""花园洋房"", ""5"": ""低单价"", ""68"": ""医院"", ""64"": ""购物中心"", ""78"": ""大户型"", ""401"": ""户型方正"", ""85"": ""主卧套房"", ""83"": ""双阳台"", ""90"": ""人气楼盘"", ""541"": ""3D沙盘"", ""540"": ""日照模拟"", ""263"": ""VR看房"", ""50"": ""品牌开发商""}","[""现房"", ""高绿化率"", ""低容积"", ""装修交付"", ""厨卫全明""]",https://pic4.ajkimg.com/display/xinfang/3f8f5291e2522de588f8c926b416f937/275x206n.jpg,[],海南省万宁市神州半岛度假区
2116306,博水岸轩,三亚,51,东方,6181,东方,6186,三亚东方东方永安东路（高铁站旁）,,4243元/㎡,4243元/㎡,首付17万，月供4085元,104-143㎡,102406m²,313874.92m²,"[{""id"": 711685, ""rooms"": 3, ""room_alias"": ""三室"", ""area"": 104.39}, {""id"": 711691, ""rooms"": 3, ""room_alias"": ""三室"", ""area"": 105}, {""id"": 711683, ""rooms"": 3, ""room_alias"": ""三室"", ""area"": 109.15}, {""id"": 711521, ""rooms"": 4, ""room_alias"": ""四室"", ""area"": 138.16}, {""id"": 711684, ""rooms"": 4, ""room_alias"": ""四室"", ""area"": 143.29}]",3/4室,"3室户型,4室户型",2008-05-28,2022年05月14日,2008年,2009年,"[""2020-09-25"", ""2019-11-29"", ""2022-01-16"", ""2022-05-14"", ""2018-09-29"", ""2018-09-29"", ""2018-09-29""]",{高层},高层,70年,2.8,40%,2793,带装修,已封顶，竣工时间：2024-06-30,住宅,金地智慧服务,3.5元/㎡/月,,2388,1:1.1,售罄,售罄,售罄,"[""（2020）东房预字（0017号）"", ""【2019】东房预字（0041）号"", ""【2021】东房预字（0015）号"", ""（2022）东房预字（004号）"", ""【2018】东房预字（0006）号"", ""【2018】东房预字（0005）号"", ""【2018】东房预字（0007）号""]","[""14#、9#"", ""10#、12#、13#"", ""15#"", ""4#"", ""1#"", ""7#""]",融创,碧桂园集团,碧桂园集团,民电,民水,19.110076,108.680363,"""""","{""559"": ""现房"", ""56"": ""车位充足"", ""53"": ""高绿化率"", ""29"": ""装修交付"", ""8"": ""项目封顶"", ""76"": ""厨卫全明"", ""74"": ""南北通透"", ""73"": ""卧室全朝南"", ""63"": ""旅游地产"", ""78"": ""大户型"", ""402"": ""玄关入户"", ""401"": ""户型方正"", ""85"": ""主卧套房"", ""83"": ""双阳台"", ""263"": ""VR看房"", ""54"": ""大型社区"", ""50"": ""品牌开发商""}","[""现房"", ""车位充足"", ""高绿化率"", ""装修交付"", ""项目封顶""]",https://pic4.ajkimg.com/display/xinfang/9a7d1651cf508462d40390901aa06d20/275x206n.jpg,[],东方市永安东路碧桂园海逸半岛销售中心
5384865,绿城玉兰景,三亚,51,五指山,4926,五指山,4974,三亚五指山五指山三月三大道与河南东路交汇处西侧,,5570元/㎡,5570元/㎡,,100-120㎡,200000m²,246000m²,"[{""id"": 859617, ""rooms"": 2, ""room_alias"": ""二室"", ""area"": 100}, {""id"": 859618, ""rooms"": 3, ""room_alias"": ""三室"", ""area"": 120}, {""id"": 859619, ""rooms"": 3, ""room_alias"": ""三室"", ""area"": 120}]",2/3室,"2室户型,3室户型",2008-09-12,2024年12月28日,2008年,2009年,"[""2024-12-11""]",{小高层},小高层,70年,1,,,带装修,,住宅,万科物业,33.5元/㎡/月,,440,1:1,售罄,售罄,售罄,"[""海-五-202412004874""]",[],旭辉,,,民电,民水,18.773096,109.543554,"""""","{""52"": ""低容积"", ""29"": ""装修交付"", ""72"": ""配套纯熟"", ""70"": ""银行"", ""69"": ""学校"", ""68"": ""医院"", ""66"": ""公园"", ""65"": ""商业街"", ""64"": ""购物中心"", ""78"": ""大户型"", ""55"": ""小型社区""}","[""低容积"", ""装修交付"", ""配套纯熟"", ""银行"", ""学校""]",https://pic4.ajkimg.com/display/xinfang/b6354ea8e3b71a60f4c5775144510266/275x206n.jpg,[],五指山市三月三大道与河南东路交汇处西侧
6110990,华景A区,三亚,51,乐东,4917,乐东,4965,三亚乐东乐东城乐祥路商业步行街第2幢19-20号商铺,,,,,55-84㎡,45000m²,100000m²,"[{""id"": 92881, ""rooms"": 1, ""room_alias"": ""一室"", ""area"": 55.18}, {""id"": 92880, ""rooms"": 1, ""room_alias"": ""一室"", ""area"": 57.1}, {""id"": 92879, ""rooms"": 1, ""room_alias"": ""一室"", ""area"": 58.97}, {""id"": 92878, ""rooms"": 2, ""room_alias"": ""二室"", ""area"": 84.12}]",1/2室,"1室户型,2室户型",2008-11-21,,2008年,2009年,[],多层,高层,70年,3.8,,630,毛坯,,住宅,华润万象生活,2.5元/㎡/月,,300,1:0.48,售罄,售罄,售罄,"[""乐房售证字【2013】016号""]",[],万科,,,民电,民水,18.760814,109.188984,"{""service_num"": ""4006708287"", ""num"": """"}","{""57"": ""人车分流"", ""63"": ""旅游地产"", ""72"": ""配套纯熟"", ""70"": ""银行"", ""69"": ""学校"", ""68"": ""医院"", ""65"": ""商业街"", ""79"": ""小户型""}","[""人车分流"", ""旅游地产"", ""配套纯熟"", ""银行"", ""学校""]",https://pic4.ajkimg.com/display/xinfang/df94911216eb8bdd7157233fcd90ac5e/275x206n.jpg,[],乐东县城乐祥路商业步行街第2幢19-20号商铺
6735174,泰东方峰,三亚,51,保亭,4927,保亭,4975,三亚保亭保亭保兴西路,,,,,59-88㎡,1333400m²,500025m²,"[{""id"": 77902, ""rooms"": 1, ""room_alias"": ""一室"", ""area"": 58.68}, {""id"": 77903, ""rooms"": 2, ""room_alias"": ""二室"", ""area"": 88.07}]",1/2室,"1室户型,2室户型",2008-12-19,,2008年,2009年,"[""2014-11-12"", ""2015-01-01""]",{高层},高层,70年,1.5,70%,1404,简装修,,住宅,雅生活服务,2.5元/㎡/月,,468,1:0.3,售罄,售罄,售罄,"[""保房预字第[2014]0012号"", ""保房预字第[2015]0009号""]","[""1# 2#"", ""3# 5# 6# 7#""]",招商蛇口,,海南双大集团有限公司,民电,民水,18.640364,109.693405,"{""service_num"": ""4006708287"", ""num"": """"}","{""53"": ""高绿化率"", ""52"": ""低容积"", ""29"": ""装修交付"", ""63"": ""旅游地产"", ""79"": ""小户型""}","[""高绿化率"", ""低容积"", ""装修交付"", ""旅游地产"", ""小户型""]",https://pic4.ajkimg.com/display/xinfang/afb3814abce0cdbd01d8fcb6425fd29d/275x206n.jpg,[],保亭保兴西路延长线野奢世界国际旅游度假区
4769928,君御半岛豪庭,三亚,51,海棠区,10252,海棠湾,4938,三亚海棠区海棠湾海棠北路68号,,37136元/㎡,37136元/㎡,首付757万，月供181081元,611-886㎡,189061m²,166594m²,"[{""id"": 527587, ""rooms"": 5, ""room_alias"": ""五室"", ""area"": 610.57}, {""id"": 693822, ""rooms"": 5, ""room_alias"": ""五室"", ""area"": 710.41}, {""id"": 693817, ""rooms"": 6, ""room_alias"": ""六室"", ""area"": 728.73}, {""id"": 527592, ""rooms"": 6, ""room_alias"": ""六室"", ""area"": 885.87}]",5/6室,商业户型,2008-07-12,2017年09月23日,2008年,2009年,"[""2018-11-29""]",{低层},低层,40年,0.6,65%,35,毛坯,,商业,万科物业,26元/㎡/月,,175,1:1,售罄,售罄,售罄,"[""三房预许字（展期）[2016]35号""]","[""58#""]",正荣,,三亚高胜发展有限公司,商电,商水,18.361642,109.742081,"""""","{""559"": ""现房"", ""34"": ""独栋"", ""63"": ""旅游地产"", ""55"": ""小型社区""}","[""现房"", ""独栋"", ""旅游地产"", ""小型社区""]",https://pic4.ajkimg.com/display/xinfang/c5956f7d717252f9334207ab559d48f5/275x206n.jpg,[],海棠北路68号君御别墅营销中心
821641,福轩B区,三亚,51,五指山,4926,五指山,4974,三亚五指山五指山三月三大道与河南东路交汇处西侧,,5570元/㎡,5570元/㎡,,100-120㎡,200000m²,246000m²,"[{""id"": 859617, ""rooms"": 2, ""room_alias"": ""二室"", ""area"": 100}, {""id"": 859618, ""rooms"": 3, ""room_alias"": ""三室"", ""area"": 120}, {""id"": 859619, ""rooms"": 3, ""room_alias"": ""三室"", ""area"": 120}]",2/3室,"2室户型,3室户型",2008-01-06,2024年12月28日,2008年,2009年,"[""2024-12-11""]",{小高层},小高层,70年,1,,,带装修,,住宅,保利物业,33.5元/㎡/月,,440,1:1,售罄,售罄,售罄,"[""海-五-202412004874""]",[],万科,,,民电,民水,18.781887,109.547184,"""""","{""52"": ""低容积"", ""29"": ""装修交付"", ""72"": ""配套纯熟"", ""70"": ""银行"", ""69"": ""学校"", ""68"": ""医院"", ""66"": ""公园"", ""65"": ""商业街"", ""64"": ""购物中心"", ""78"": ""大户型"", ""55"": ""小型社区""}","[""低容积"", ""装修交付"", ""配套纯熟"", ""银行"", ""学校""]",https://pic4.ajkimg.com/display/xinfang/b6354ea8e3b71a60f4c5775144510266/275x206n.jpg,[],五指山市三月三大道与河南东路交汇处西侧
2771956,嘉桃源华庭,三亚,51,乐东,4917,龙栖湾,5084,三亚乐东龙栖湾九所镇龙栖湾,,,,,77-286㎡,190000m²,385265m²,"[{""id"": 82811, ""rooms"": 1, ""room_alias"": ""一室"", ""area"": 77}, {""id"": 149622, ""rooms"": 2, ""room_alias"": ""二室"", ""area"": 133}, {""id"": 454520, ""rooms"": 3, ""room_alias"": ""三室"", ""area"": 115}, {""id"": 454524, ""rooms"": 4, ""room_alias"": ""四室"", ""area"": 128}, {""id"": 82806, ""rooms"": 5, ""room_alias"": ""五室"", ""area"": 261}, {""id"": 82798, ""rooms"": 5, ""room_alias"": ""五室"", ""area"": 286}]",1/2/3/4/5室,"2室户型,3室户型,4室户型",2008-08-15,2019年03月27日,2008年,2009年,"[""2014-10-30"", ""2019-03-13"", ""2012-09-28"", ""2011-12-12""]",{高层},高层,70年,1.51,46%,3241,"毛坯,带装修",,住宅,中海物业,3.8元/㎡/月,,2384,1:0.74,售罄,售罄,售罄,"[""乐房售字证（2015）008号"", ""乐房售证字（2019）005号"", ""乐房售证字（2012）011号"", ""乐房售证字（2011）019号""]","[""7# 8#"", ""A2#"", ""1# 2# 3#"", ""4# 5# 6#""]",招商蛇口,,海南龙栖湾发展置业有限公司,民电,民水,18.391129,108.983222,"""""","{""559"": ""现房"", ""53"": ""高绿化率"", ""52"": ""低容积"", ""31"": ""大平层"", ""29"": ""装修交付"", ""63"": ""旅游地产"", ""263"": ""VR看房"", ""54"": ""大型社区""}","[""现房"", ""高绿化率"", ""低容积"", ""大平层"", ""装修交付""]",https://pic4.ajkimg.com/display/xinfang/77463c044f36f2034da4623817cbf8cf/275x206n.jpg,[],三亚市金鸡岭路13号
6982973,中海蓝湾都,三亚,51,万宁,4918,万宁,4966,三亚万宁万宁万宁神州半岛,,6684元/㎡,6684元/㎡,,101-188㎡,住宅：18000000m² 别墅：18000000m²,住宅：4060000m² 别墅：4060000m²,"[{""id"": 758476, ""rooms"": 3, ""room_alias"": ""三室"", ""area"": 101}, {""id"": 832009, ""rooms"": 3, ""room_alias"": ""三室"", ""area"": 119}, {""id"": 758453, ""rooms"": 3, ""room_alias"": ""三室"", ""area"": 126}, {""id"": 821685, ""rooms"": 3, ""room_alias"": ""三室"", ""area"": 130}, {""id"": 860062, ""rooms"": 3, ""room_alias"": ""三室"", ""area"": 131}, {""id"": 860076, ""rooms"": 3, ""room_alias"": ""三室"", ""area"": 131}, {""id"": 860074, ""rooms"": 3, ""room_alias"": ""三室"", ""area"": 133}, {""id"": 860063, ""rooms"": 3, ""room_alias"": ""三室"", ""area"": 135}, {""id"": 860075, ""rooms"": 3, ""room_alias"": ""三室"", ""area"": 135}, {""id"": 860073, ""rooms"": 3, ""room_alias"": ""三室"", ""area"": 137}, {""id"": 821684, ""rooms"": 3, ""room_alias"": ""三室"", ""area"": 153}, {""id"": 860077, ""rooms"": 3, ""room_alias"": ""三室"", ""area"": 187}, {""id"": 821680, ""rooms"": 4, ""room_alias"": ""四室"", ""area"": 143}, {""id"": 821681, ""rooms"": 4, ""room_alias"": ""四室"", ""area"": 155}, {""id"": 821682, ""rooms"": 4, ""room_alias"": ""四室"", ""area"": 157}, {""id"": 821671, ""rooms"": 4, ""room_alias"": ""四室"", ""area"": 188}]",3室、别墅,"3室户型,别墅户型",2008-04-17,2023年07月15日,2008年,2009年,"[""2023-05-12"", ""2023-05-12"", ""2021-12-30"", ""2021-09-30"", ""2021-09-28"", ""2020-12-31"", ""2021-09-30"", ""2021-09-30"", ""2020-11-20"", ""2017-10-16"", ""2017-03-26"", ""2012-10-01"", ""2011-09-17"", ""2011-09-14"", ""2018-05-30"", ""2020-03-17"", ""2019-04-19""]","{多层,小高层,高层,花园洋房}",住宅：多层、小高层、高层、花园洋房 别墅：独栋别墅、叠加别墅,住宅：70年 别墅：70年,住宅：0.34 别墅：0.3,住宅：60% 别墅：60%,住宅：1226 别墅：1226,住宅：带装修 别墅：带装修,,住宅,碧桂园服务,住宅：5.68~7.9元/㎡/月,,住宅：422 别墅：422,住宅：1:0.3 别墅：1:0.3,售罄,售罄,售罄,"[""万行审[2023]万房预字（13）"", ""万行审[2023]万房预字（12）"", ""万行审[2021]万房预字（74）"", ""万行审[2021]万房预字（59）"", ""万行审[2021]万房预字（47）"", ""万行审[2020]万房预字（46）"", ""万行审[2021]万房预字（54）"", ""万行审[2021]万房预字（60）"", ""万行审[2020]万房预字（39）号"", ""【2017】万房预字（49）号"", ""万房预字（2017）51号"", ""【2012】万房预字（58）号"", ""【2011】万房预字（021）号"", ""【2011】万房预字（11）号"", ""【2018】万房预字（16）号"", ""万行审[2020]万房预字（07）"", ""【2019】万房预字（12）号""]","[""天岚湾别墅组团"", ""天岚湾洋房组团"", ""T18#、T19#、T37#、T38#""]",华侨城,中海地产,中国海外兴业有限公司,住宅：民电,住宅：民水,18.701185,110.369796,"{""service_num"": ""4006708287"", ""num"": ""15602""}","{""559"": ""现房"", ""53"": ""高绿化率"", ""52"": ""低容积"", ""29"": ""装修交付"", ""76"": ""厨卫全明"", ""74"": ""南北通透"", ""73"": ""卧室全朝南"", ""276"": ""一房一价"", ""5"": ""低单价"", ""4"": ""低总价"", ""72"": ""配套纯熟"", ""68"": ""医院"", ""66"": ""公园"", ""65"": ""商业街"", ""64"": ""购物中心"", ""78"": ""大户型"", ""402"": ""玄关入户"", ""401"": ""户型方正"", ""397"": ""动静分离"", ""85"": ""主卧套房"", ""83"": ""双阳台"", ""90"": ""人气楼盘"", ""541"": ""3D沙盘"", ""540"": ""日照模拟"", ""263"": ""VR看房"", ""50"": ""品牌开发商""}","[""现房"", ""高绿化率"", ""低容积"", ""装修交付"", ""厨卫全明""]",https://pic4.ajkimg.com/display/xinfang/0a4dbf692fa14c0acc978b21cfe1fbe0/275x206n.jpg,[],海南省万宁市神州半岛星悦路
261153,华轩A区,三亚,51,天涯区,10251,河西,4934,三亚天涯区河西解放四路1350号,,,,,59-124㎡,4023m²,19246m²,"[{""id"": 75654, ""rooms"": 1, ""room_alias"": ""一室"", ""area"": 59.33}, {""id"": 187685, ""rooms"": 2, ""room_alias"": ""二室"", ""area"": 62.07}, {""id"": 75653, ""rooms"": 2, ""room_alias"": ""二室"", ""area"": 118.67}, {""id"": 187673, ""rooms"": 3, ""room_alias"": ""三室"", ""area"": 124.14}]",1/2/3室,"1室户型,2室户型,3室户型",2008-08-10,,2008年,2009年,[],高层,高层,70年,2.7,30%,130,"毛坯,简装修",,住宅,万科物业,2元/㎡/月,,80,1:0.61,售罄,售罄,售罄,"[""三房预许字[2013]22号""]",[],大华,,,民电,民水,18.263359,109.502637,"""""","{""29"": ""装修交付"", ""63"": ""旅游地产"", ""72"": ""配套纯熟"", ""71"": ""便利店"", ""70"": ""银行"", ""69"": ""学校"", ""68"": ""医院"", ""66"": ""公园"", ""65"": ""商业街"", ""64"": ""购物中心"", ""79"": ""小户型"", ""78"": ""大户型"", ""55"": ""小型社区""}","[""装修交付"", ""旅游地产"", ""配套纯熟"", ""便利店"", ""银行""]",https://pic4.ajkimg.com/display/xinfang/e95f7762c51f6cdcf0d352d7dc8c044f/275x206n.jpg,[],三亚市解放路民航宾馆正对面冬都大厦营销中心
8717839,那香盛世华庭,三亚,51,保亭,4927,保亭,4975,三亚保亭保亭呀诺达5A级热带雨林景区旁,,,,,91-116㎡,226664m²,109000m²,"[{""id"": 91317, ""rooms"": 2, ""room_alias"": ""二室"", ""area"": 90.59}]",别墅,,2008-08-11,2012年01月08日,2008年,2009年,[],"{独栋别墅,叠加别墅}",独栋别墅、叠加别墅,40年,0.36,43%,380,带装修,,别墅,合景悠活,9.5元/㎡/月,,800,1:2.1,售罄,售罄,售罄,"[""保房预字[2011]13号""]",[],建发,,北京春光集团,民电,民水,18.448152,109.691785,"{""service_num"": ""4006708287"", ""num"": """"}","{""559"": ""现房"", ""56"": ""车位充足"", ""53"": ""高绿化率"", ""29"": ""装修交付"", ""63"": ""旅游地产"", ""70"": ""银行"", ""69"": ""学校"", ""68"": ""医院""}","[""现房"", ""车位充足"", ""高绿化率"", ""装修交付"", ""旅游地产""]",https://pic4.ajkimg.com/display/xinfang/3f1811878c5f63d6843cabc9408e0f7a/275x206n.jpg,[],三亚市河东凤凰路天弘水云间小区C栋北京春光集团
2120862,御府A区,三亚,51,乐东,4917,乐东,4965,三亚乐东乐东海南省乐东县黎族自治县九所新区高铁站东南侧,,7427元/㎡,7427元/㎡,首付13万，月供3225元,62-151㎡,44052m²,101522m²,"[{""id"": 715957, ""rooms"": 1, ""room_alias"": ""一室"", ""area"": 62}, {""id"": 715956, ""rooms"": 1, ""room_alias"": ""一室"", ""area"": 64}, {""id"": 715954, ""rooms"": 1, ""room_alias"": ""一室"", ""area"": 65}, {""id"": 715955, ""rooms"": 1, ""room_alias"": ""一室"", ""area"": 66}, {""id"": 715952, ""rooms"": 1, ""room_alias"": ""一室"", ""area"": 68}, {""id"": 715953, ""rooms"": 1, ""room_alias"": ""一室"", ""area"": 68}, {""id"": 732077, ""rooms"": 1, ""room_alias"": ""一室"", ""area"": 68}, {""id"": 715839, ""rooms"": 1, ""room_alias"": ""一室"", ""area"": 69}, {""id"": 715951, ""rooms"": 1, ""room_alias"": ""一室"", ""area"": 69}, {""id"": 715834, ""rooms"": 1, ""room_alias"": ""一室"", ""area"": 70}, {""id"": 715907, ""rooms"": 1, ""room_alias"": ""一室"", ""area"": 70}, {""id"": 715959, ""rooms"": 1, ""room_alias"": ""一室"", ""area"": 70}, {""id"": 715960, ""rooms"": 1, ""room_alias"": ""一室"", ""area"": 81}, {""id"": 715958, ""rooms"": 1, ""room_alias"": ""一室"", ""area"": 151}]",1室,商业户型,2008-08-11,2021年12月25日,2008年,2009年,"[""2021-09-14"", ""2021-07-14""]","{多层,小高层,高层}",多层、小高层、高层,40年,,30%,,带装修,已封顶，竣工时间：2023-12-30,商业,融创服务,,,388,,售罄,售罄,售罄,"[""乐房售证字〔2021〕016号"", ""乐房售证字（2021）009号""]","[""1#、2#、3#"", ""4#""]",绿城,,乐东尚易文旅地产开发有限公司,商电,商水,18.44155,108.943067,"""""","{""559"": ""现房"", ""29"": ""装修交付"", ""8"": ""项目封顶"", ""5"": ""低单价"", ""90"": ""人气楼盘""}","[""现房"", ""装修交付"", ""项目封顶"", ""低单价"", ""人气楼盘""]",https://pic4.ajkimg.com/display/xinfang/789090410abd661ceb9e1d9c669bb56c/275x206n.jpg,[],海南省乐东县黎族自治县九所新区高铁站东南侧
7153198,锦西岸源,三亚,51,五指山,4926,五指山,4974,三亚五指山五指山三月三大道与河南东路交汇处西侧,,5570元/㎡,5570元/㎡,,100-120㎡,200000m²,246000m²,"[{""id"": 859617, ""rooms"": 2, ""room_alias"": ""二室"", ""area"": 100}, {""id"": 859618, ""rooms"": 3, ""room_alias"": ""三室"", ""area"": 120}, {""id"": 859619, ""rooms"": 3, ""room_alias"": ""三室"", ""area"": 120}]",2/3室,"2室户型,3室户型",2008-12-18,2024年12月28日,2008年,2009年,"[""2024-12-11""]",{小高层},小高层,70年,1,,,带装修,,住宅,招商积余,33.5元/㎡/月,,440,1:1,售罄,售罄,售罄,"[""海-五-202412004874""]",[],金茂,,,民电,民水,18.77263,109.557358,"""""","{""52"": ""低容积"", ""29"": ""装修交付"", ""72"": ""配套纯熟"", ""70"": ""银行"", ""69"": ""学校"", ""68"": ""医院"", ""66"": ""公园"", ""65"": ""商业街"", ""64"": ""购物中心"", ""78"": ""大户型"", ""55"": ""小型社区""}","[""低容积"", ""装修交付"", ""配套纯熟"", ""银行"", ""学校""]",https://pic4.ajkimg.com/display/xinfang/b6354ea8e3b71a60f4c5775144510266/275x206n.jpg,[],五指山市三月三大道与河南东路交汇处西侧
6835211,龙栖东方筑,三亚,51,乐东,4917,龙栖湾,5084,三亚乐东龙栖湾九所新区龙湖大道东侧,,,,,49-64㎡,2267.98m²,3613.79m²,"[{""id"": 147076, ""rooms"": 1, ""room_alias"": ""一室"", ""area"": 48.58}, {""id"": 147077, ""rooms"": 2, ""room_alias"": ""二室"", ""area"": 64.39}]",1/2室,"1室户型,2室户型",2008-09-24,,2008年,2009年,[],{花园洋房},花园洋房,70年,,,59,,,住宅,龙湖智慧服务,2.5元/㎡/月,,32,1:0.62,售罄,售罄,售罄,[],[],保利,,海南盛和海业房地产开发有限公司,民电,民水,18.475361,108.964925,"""""","{""72"": ""配套纯熟"", ""70"": ""银行"", ""69"": ""学校"", ""68"": ""医院"", ""65"": ""商业街"", ""79"": ""小户型"", ""55"": ""小型社区""}","[""配套纯熟"", ""银行"", ""学校"", ""医院"", ""商业街""]",https://pic4.ajkimg.com/display/xinfang/f7bd739bed1377c3c9ee413158b9bcc7/275x206n.jpg,[],海南·龙栖湾九所南区西二横路龙栖湾盛和公馆营销中心
6853934,锦榭,三亚,51,陵水,4928,香水湾,5087,三亚陵水香水湾香水湾A区西南部,,998元/㎡,998元/㎡,首付403万，月供96328元,180-675㎡,75664m²,18897m²,"[{""id"": 52906, ""rooms"": 2, ""room_alias"": ""二室"", ""area"": 180}, {""id"": 52909, ""rooms"": 2, ""room_alias"": ""二室"", ""area"": 181}, {""id"": 52925, ""rooms"": 2, ""room_alias"": ""二室"", ""area"": 276}, {""id"": 52912, ""rooms"": 3, ""room_alias"": ""三室"", ""area"": 262.88}, {""id"": 52914, ""rooms"": 3, ""room_alias"": ""三室"", ""area"": 265}, {""id"": 52924, ""rooms"": 3, ""room_alias"": ""三室"", ""area"": 377}, {""id"": 52923, ""rooms"": 3, ""room_alias"": ""三室"", ""area"": 675}, {""id"": 52910, ""rooms"": 4, ""room_alias"": ""四室"", ""area"": 266.53}, {""id"": 52938, ""rooms"": 4, ""room_alias"": ""四室"", ""area"": 509}, {""id"": 52940, ""rooms"": 4, ""room_alias"": ""四室"", ""area"": 534}, {""id"": 52939, ""rooms"": 4, ""room_alias"": ""四室"", ""area"": 565}, {""id"": 52942, ""rooms"": 4, ""room_alias"": ""四室"", ""area"": 616}]",别墅,别墅户型,2008-01-15,2010年01月01日,2008年,2009年,"[""2011-03-27"", ""2011-03-27""]",洋房,独栋别墅,70年,0.25,66%,183,"毛坯,简装修",,别墅,中海物业,9.5元/㎡/月,,108,1:0.6,售罄,售罄,售罄,"[""陵房预字【2009】第17号"", ""陵房预字2007第08号""]","[""1期别墅、2别墅"", ""1期别墅、2期别墅""]",中梁,,海南凤凰港基础设施投资有限公司,民电,民水,18.567468,110.142178,"""""","{""53"": ""高绿化率"", ""29"": ""装修交付"", ""63"": ""旅游地产"", ""70"": ""银行"", ""69"": ""学校"", ""78"": ""大户型"", ""55"": ""小型社区""}","[""高绿化率"", ""装修交付"", ""旅游地产"", ""银行"", ""学校""]",https://pic4.ajkimg.com/display/xinfang/80d7a03e19b166d892fe7b03e2602786/275x206n.jpg,[],香水湾A区西南部
2223857,紫紫金榭,三亚,51,吉阳区,10250,亚龙湾,4936,三亚吉阳区亚龙湾亚龙湾国家4A级旅游度假区内,,,,,76-672㎡,住宅：370000m² 别墅：370000m²,住宅：150000m² 别墅：150000m²,"[{""id"": 49127, ""rooms"": 1, ""room_alias"": ""一室"", ""area"": 76}, {""id"": 49133, ""rooms"": 1, ""room_alias"": ""一室"", ""area"": 84}, {""id"": 49132, ""rooms"": 1, ""room_alias"": ""一室"", ""area"": 92}, {""id"": 49131, ""rooms"": 1, ""room_alias"": ""一室"", ""area"": 99}, {""id"": 49123, ""rooms"": 2, ""room_alias"": ""二室"", ""area"": 105}, {""id"": 49126, ""rooms"": 2, ""room_alias"": ""二室"", ""area"": 114}, {""id"": 49128, ""rooms"": 2, ""room_alias"": ""二室"", ""area"": 115}, {""id"": 49129, ""rooms"": 2, ""room_alias"": ""二室"", ""area"": 120}, {""id"": 49130, ""rooms"": 2, ""room_alias"": ""二室"", ""area"": 122}, {""id"": 49119, ""rooms"": 3, ""room_alias"": ""三室"", ""area"": 150}]",1/2/3室、别墅,"1室户型,2室户型,3室户型,别墅户型",2008-12-01,,2008年,2009年,[],超高层,住宅：多层、小高层,住宅：70年 别墅：70年,住宅：0.4,住宅：55% 别墅：55%,住宅：1103 别墅：1103,住宅：带装修 别墅：带装修,,住宅,绿城服务,住宅：4.5元/㎡/月 别墅：4.5元/㎡/月,,,,售罄,售罄,售罄,[],[],雅居乐,,亚龙湾开发股份有限公司,住宅：民电,住宅：民水,18.285118,109.614762,"""""","{""53"": ""高绿化率"", ""52"": ""低容积"", ""29"": ""装修交付"", ""69"": ""学校"", ""78"": ""大户型""}","[""高绿化率"", ""低容积"", ""装修交付"", ""学校"", ""大户型""]",https://pic4.ajkimg.com/display/xinfang/1bec5428f4f2252998b31c5b37f5423a/275x206n.jpg,[],三亚市亚龙湾国家4A级旅游度假区内
1651131,东方翠竹源,三亚,51,东方,6181,东方,6186,三亚东方东方八所镇滨海北路42号,,6313元/㎡,6313元/㎡,首付9万，月供2329元,42-128㎡,53200m²,141000m²,"[{""id"": 746777, ""rooms"": 1, ""room_alias"": ""一室"", ""area"": 42}, {""id"": 746785, ""rooms"": 1, ""room_alias"": ""一室"", ""area"": 63}, {""id"": 855701, ""rooms"": 2, ""room_alias"": ""二室"", ""area"": 42}, {""id"": 746780, ""rooms"": 2, ""room_alias"": ""二室"", ""area"": 85}, {""id"": 746784, ""rooms"": 2, ""room_alias"": ""二室"", ""area"": 122}, {""id"": 746782, ""rooms"": 2, ""room_alias"": ""二室"", ""area"": 128}, {""id"": 855702, ""rooms"": 4, ""room_alias"": ""四室"", ""area"": 85}]",1/2/4室,商业户型,2008-07-11,2022年01月29日,2008年,2009年,"[""2023-01-13"", ""2022-01-29""]",{},,70年,2,30%,720,简装修,在建中，竣工时间：2023-12-31,商业,华润万象生活,3.6元/㎡/月,,460,,售罄,售罄,售罄,"[""（2023）东房预字（0001）号"", ""(2022)东房预字(0001)号""]","[""2#""]",远洋,,海南阳光绿苑房地产开发有限公司,商电,商水,19.110317,108.653472,"""""","{""559"": ""现房"", ""81"": ""大阳台"", ""29"": ""装修交付"", ""7"": ""项目在建"", ""5"": ""低单价"", ""90"": ""人气楼盘""}","[""现房"", ""大阳台"", ""装修交付"", ""项目在建"", ""低单价""]",https://pic4.ajkimg.com/display/xinfang/56837a90ada2804f5b6abad6eecad721/275x206n.jpg,[],海南省东方市八所镇滨海北路42号
1436370,紫墅,三亚,51,保亭,4927,保亭,4975,三亚保亭保亭保兴西路,,,,,59-88㎡,1333400m²,500025m²,"[{""id"": 77902, ""rooms"": 1, ""room_alias"": ""一室"", ""area"": 58.68}, {""id"": 77903, ""rooms"": 2, ""room_alias"": ""二室"", ""area"": 88.07}]",1/2室,"1室户型,2室户型",2008-05-18,,2008年,2009年,"[""2014-11-12"", ""2015-01-01""]",多层,高层,70年,1.5,70%,1404,简装修,,住宅,绿城服务,2.5元/㎡/月,,468,1:0.3,售罄,售罄,售罄,"[""保房预字第[2014]0012号"", ""保房预字第[2015]0009号""]","[""1# 2#"", ""3# 5# 6# 7#""]",阳光城,,海南双大集团有限公司,民电,民水,18.615991,109.67585,"{""service_num"": ""4006708287"", ""num"": """"}","{""53"": ""高绿化率"", ""52"": ""低容积"", ""29"": ""装修交付"", ""63"": ""旅游地产"", ""79"": ""小户型""}","[""高绿化率"", ""低容积"", ""装修交付"", ""旅游地产"", ""小户型""]",https://pic4.ajkimg.com/display/xinfang/afb3814abce0cdbd01d8fcb6425fd29d/275x206n.jpg,[],保亭保兴西路延长线野奢世界国际旅游度假区
5942953,翠和平筑,三亚,51,崖州区,10253,崖州湾,10257,三亚崖州区崖州湾还金路三亚金茂湾营销中心,,,,,34-169㎡,58125.17m²,47678.71m²,[],,,2008-06-26,2022年07月01日,2008年,2009年,[],超高层,,40年,,37%,94,毛坯,,社区底商,合景悠活,6元/㎡/月,,392,4:1,售罄,售罄,售罄,[],[],大华,中国金茂,,商电,商水,18.362268,109.179492,"{""service_num"": ""4006708287"", ""num"": ""11066""}","{""216"": ""社区底商"", ""214"": ""品牌商铺"", ""55"": ""小型社区"", ""50"": ""品牌开发商""}","[""社区底商"", ""品牌商铺"", ""小型社区"", ""品牌开发商""]",https://pic4.ajkimg.com/display/xinfang/dcd721addfcec58e3d18f16e5f5eaa48/275x206n.jpg,[],三亚市崖州区还金路三亚金茂湾营销中心
7564359,兴业红树丽景,三亚,51,乐东,4917,乐东,4965,三亚乐东乐东城乐祥路商业步行街第2幢19-20号商铺,,,,,55-84㎡,45000m²,100000m²,"[{""id"": 92881, ""rooms"": 1, ""room_alias"": ""一室"", ""area"": 55.18}, {""id"": 92880, ""rooms"": 1, ""room_alias"": ""一室"", ""area"": 57.1}, {""id"": 92879, ""rooms"": 1, ""room_alias"": ""一室"", ""area"": 58.97}, {""id"": 92878, ""rooms"": 2, ""room_alias"": ""二室"", ""area"": 84.12}]",1/2室,"1室户型,2室户型",2008-10-01,,2008年,2009年,[],{高层},高层,70年,3.8,,630,毛坯,,住宅,绿城服务,2.5元/㎡/月,,300,1:0.48,售罄,售罄,售罄,"[""乐房售证字【2013】016号""]",[],华润,,,民电,民水,18.764553,109.189836,"{""service_num"": ""4006708287"", ""num"": """"}","{""57"": ""人车分流"", ""63"": ""旅游地产"", ""72"": ""配套纯熟"", ""70"": ""银行"", ""69"": ""学校"", ""68"": ""医院"", ""65"": ""商业街"", ""79"": ""小户型""}","[""人车分流"", ""旅游地产"", ""配套纯熟"", ""银行"", ""学校""]",https://pic4.ajkimg.com/display/xinfang/df94911216eb8bdd7157233fcd90ac5e/275x206n.jpg,[],乐东县城乐祥路商业步行街第2幢19-20号商铺
8761518,盛轩二期,三亚,51,陵水,4928,陵水,4976,三亚陵水陵水椰林南干道与滨河南路交汇处,,,,,52-132㎡,34759.16m²,135560m²,"[{""id"": 471757, ""rooms"": 1, ""room_alias"": ""一室"", ""area"": 52.33}, {""id"": 471756, ""rooms"": 1, ""room_alias"": ""一室"", ""area"": 54.17}, {""id"": 471759, ""rooms"": 2, ""room_alias"": ""二室"", ""area"": 110.82}, {""id"": 471758, ""rooms"": 2, ""room_alias"": ""二室"", ""area"": 115.19}, {""id"": 471754, ""rooms"": 3, ""room_alias"": ""三室"", ""area"": 131.62}]",1/2/3室,商业户型,2008-12-07,,2008年,2009年,"[""2012-05-09""]",{高层},高层,40年,3.6,38%,1080,简装修,,商业,招商积余,4.2元/㎡/月,,420,1:0.38,售罄,售罄,售罄,"[""【2012】陵房预字（0010）号""]",[],中南,,陵水骏高实业发展有限公司,商电,商水,18.294363,109.389439,"""""","{""81"": ""大阳台"", ""29"": ""装修交付"", ""74"": ""南北通透"", ""67"": ""生态绿地"", ""83"": ""双阳台"", ""82"": ""双卫生间""}","[""大阳台"", ""装修交付"", ""南北通透"", ""生态绿地"", ""双阳台""]",https://pic4.ajkimg.com/display/xinfang/b72fa4779c06ae00197c24df2dc8f819/275x206n.jpg,[],陵水县椰林南干道与滨河南路交汇处酒店一楼
1762084,东方龙湖美景,三亚,51,东方,6181,东方,6186,三亚东方东方环岛西线高速八所互通与G225国道交汇处东南侧,,,,,47-92㎡,29939m²,63550m²,[],,商业户型,2008-03-04,2021年01月31日,2008年,2009年,[],{},,40年,,28%,290,带装修,,标准写字楼,中海物业,3.5元/㎡/月,,317,1:1,售罄,售罄,售罄,[],[],雅居乐,,东方小岭实业有限公司,商电,商水,19.117697,108.744957,"""""","{""559"": ""现房"", ""81"": ""大阳台"", ""29"": ""装修交付"", ""55"": ""小型社区""}","[""现房"", ""大阳台"", ""装修交付"", ""小型社区""]",https://pic4.ajkimg.com/display/xinfang/3f31659848ebaf61f39b5bf351a73b11/275x206n.jpg,[],东方市环岛西线高速八所互通与G225国道交汇处东南侧
4133438,宏花园A区,三亚,51,五指山,4926,五指山,4974,三亚五指山五指山三月三大道与河南东路交汇处西侧,,5570元/㎡,5570元/㎡,,100-120㎡,200000m²,246000m²,"[{""id"": 859617, ""rooms"": 2, ""room_alias"": ""二室"", ""area"": 100}, {""id"": 859618, ""rooms"": 3, ""room_alias"": ""三室"", ""area"": 120}, {""id"": 859619, ""rooms"": 3, ""room_alias"": ""三室"", ""area"": 120}]",2/3室,"2室户型,3室户型",2008-05-22,2024年12月28日,2008年,2009年,"[""2024-12-11""]",{小高层},小高层,70年,1,,,带装修,,住宅,雅生活服务,33.5元/㎡/月,,440,1:1,售罄,售罄,售罄,"[""海-五-202412004874""]",[],滨江集团,,,民电,民水,18.773346,109.557768,"""""","{""52"": ""低容积"", ""29"": ""装修交付"", ""72"": ""配套纯熟"", ""70"": ""银行"", ""69"": ""学校"", ""68"": ""医院"", ""66"": ""公园"", ""65"": ""商业街"", ""64"": ""购物中心"", ""78"": ""大户型"", ""55"": ""小型社区""}","[""低容积"", ""装修交付"", ""配套纯熟"", ""银行"", ""学校""]",https://pic4.ajkimg.com/display/xinfang/b6354ea8e3b71a60f4c5775144510266/275x206n.jpg,[],五指山市三月三大道与河南东路交汇处西侧
7769206,御幸福都,三亚,51,海棠区,10252,海棠湾,4938,三亚海棠区海棠湾龙海路,,10769元/㎡,10769元/㎡,首付25万，月供6092元,57-143㎡,33745.89m²,44500m²,"[{""id"": 862813, ""rooms"": 2, ""room_alias"": ""二室"", ""area"": 57.47}, {""id"": 863189, ""rooms"": 2, ""room_alias"": ""二室"", ""area"": 66.49}, {""id"": 862814, ""rooms"": 3, ""room_alias"": ""三室"", ""area"": 76.48}, {""id"": 862815, ""rooms"": 3, ""room_alias"": ""三室"", ""area"": 76.48}, {""id"": 863195, ""rooms"": 5, ""room_alias"": ""五室"", ""area"": 143.16}]",2/3/5室,"2室户型,3室户型,5室户型",2008-08-02,2017年11月20日,2008年,2009年,"[""2017-11-20""]",别墅,小高层、花园洋房,70年,1.2,43%,708,简装修,,住宅,华润万象生活,3.2元/㎡/月,,410,,售罄,售罄,售罄,"[""三房预许字［2017］63号""]","[""1#-1 1#-2 2#-1 2#-2 3#-1 3#-2 4# 5#-1 5#-2 6#-1 6#-2 7#-1 7#-2 7#-3""]",中梁,新疆霄龙房地产开发有限公司,新疆霄龙房地产开发有限公司,民电,民水,18.38896,109.751947,"{""service_num"": ""4006708287"", ""num"": ""62584""}","{""559"": ""现房"", ""53"": ""高绿化率"", ""52"": ""低容积"", ""29"": ""装修交付"", ""76"": ""厨卫全明"", ""74"": ""南北通透"", ""4"": ""低总价"", ""63"": ""旅游地产"", ""79"": ""小户型"", ""78"": ""大户型"", ""402"": ""玄关入户"", ""401"": ""户型方正"", ""90"": ""人气楼盘"", ""278"": ""高性价比"", ""263"": ""VR看房"", ""50"": ""品牌开发商""}","[""现房"", ""高绿化率"", ""低容积"", ""装修交付"", ""厨卫全明""]",https://pic4.ajkimg.com/display/xinfang/d666e0dfcf83b4be078cba855e24f234/275x206n.jpg,[],三亚海棠区南田温泉度假区
8273664,龙栖春天景,三亚,51,乐东,4917,龙栖湾,5084,三亚乐东龙栖湾九所新区龙湖大道东侧,,,,,49-64㎡,2267.98m²,3613.79m²,"[{""id"": 147076, ""rooms"": 1, ""room_alias"": ""一室"", ""area"": 48.58}, {""id"": 147077, ""rooms"": 2, ""room_alias"": ""二室"", ""area"": 64.39}]",1/2室,"1室户型,2室户型",2008-03-04,,2008年,2009年,[],小高层,花园洋房,70年,,,59,,,住宅,保利物业,2.5元/㎡/月,,32,1:0.62,售罄,售罄,售罄,[],[],华侨城,,海南盛和海业房地产开发有限公司,民电,民水,18.468425,108.949178,"""""","{""72"": ""配套纯熟"", ""70"": ""银行"", ""69"": ""学校"", ""68"": ""医院"", ""65"": ""商业街"", ""79"": ""小户型"", ""55"": ""小型社区""}","[""配套纯熟"", ""银行"", ""学校"", ""医院"", ""商业街""]",https://pic4.ajkimg.com/display/xinfang/f7bd739bed1377c3c9ee413158b9bcc7/275x206n.jpg,[],海南·龙栖湾九所南区西二横路龙栖湾盛和公馆营销中心
5740108,紫美景,三亚,51,陵水,4928,清水湾,5086,三亚陵水清水湾清水湾大道卓美亚酒店旁,,,,,102-133㎡,住宅：48471m² 别墅：48471m²,住宅：19388m² 别墅：19388m²,"[{""id"": 419913, ""rooms"": 3, ""room_alias"": ""三室"", ""area"": 102}, {""id"": 419918, ""rooms"": 3, ""room_alias"": ""三室"", ""area"": 133}]",3室,3室户型,2008-09-16,,2008年,2009年,"[""2017-12-29""]","{独栋别墅,小高层}",住宅：小高层 别墅：独栋别墅,住宅：70年 别墅：70年,住宅：0.4 别墅：0.4,住宅：40% 别墅：40%,住宅：154 别墅：154,住宅：简装修 别墅：简装修,,住宅,金地智慧服务,住宅：3.8元/㎡/月 别墅：4.8元/㎡/月,,住宅：124 别墅：124,住宅：1:0.8 别墅：1:0.8,售罄,售罄,售罄,"[""陵房许字【2017】第0086号""]",[],恒大,,景业名邦集团,住宅：民电,住宅：民水,18.446813,109.866818,"""""","{""81"": ""大阳台"", ""53"": ""高绿化率"", ""52"": ""低容积"", ""34"": ""独栋"", ""29"": ""装修交付"", ""76"": ""厨卫全明"", ""74"": ""南北通透"", ""32"": ""绿色住宅"", ""30"": ""花园洋房"", ""63"": ""旅游地产"", ""60"": ""海景地产"", ""70"": ""银行"", ""78"": ""大户型"", ""86"": ""全景飘窗"", ""83"": ""双阳台"", ""82"": ""双卫生间"", ""55"": ""小型社区""}","[""大阳台"", ""高绿化率"", ""低容积"", ""独栋"", ""装修交付""]",https://pic4.ajkimg.com/display/xinfang/20f091dfa3727f9922b6c5cd70a5ea3f/275x206n.jpg,[],三亚清水湾大道卓美亚酒店旁
8748744,海阳光源,三亚,51,海棠区,10252,海棠湾,4938,三亚海棠区海棠湾三亚市海棠区海岸大道99号,,25995元/㎡,25995元/㎡,首付90万，月供21502元,95-168㎡,333333m²,350000m²,"[{""id"": 212547, ""rooms"": 2, ""room_alias"": ""二室"", ""area"": 95}, {""id"": 212543, ""rooms"": 3, ""room_alias"": ""三室"", ""area"": 125}, {""id"": 474927, ""rooms"": 3, ""room_alias"": ""三室"", ""area"": 168}]",2/3室,"2室户型,3室户型",2008-04-01,2019年01月29日,2008年,2009年,"[""2017-07-27"", ""2019-01-29""]",超高层,高层,70年,1.5,60%,912,"毛坯,带装修",已封顶，竣工时间：2023-12-31,住宅,招商积余,7.8元/㎡/月,,910,1:1,售罄,售罄,售罄,"[""三房预许字［2017］42号"", ""三房预许字［2019］13号""]","[""1#、2#"", ""7#、13#、12#""]",朗诗,海南中海三邦友房地产开发有限责任公司,中海置业,民电,民水,18.30989,109.724118,"""""","{""559"": ""现房"", ""53"": ""高绿化率"", ""52"": ""低容积"", ""29"": ""装修交付"", ""8"": ""项目封顶"", ""76"": ""厨卫全明"", ""74"": ""南北通透"", ""73"": ""卧室全朝南"", ""63"": ""旅游地产"", ""78"": ""大户型"", ""404"": ""客餐厅相连"", ""402"": ""玄关入户"", ""401"": ""户型方正"", ""85"": ""主卧套房"", ""83"": ""双阳台"", ""82"": ""双卫生间"", ""581"": ""国庆不打烊"", ""263"": ""VR看房"", ""50"": ""品牌开发商""}","[""现房"", ""高绿化率"", ""低容积"", ""装修交付"", ""项目封顶""]",https://pic4.ajkimg.com/display/xinfang/ba2a91cd48e8ead4aafeace3e960c11e/275x206n.jpg,[],三亚市海棠区海岸大道99号
6776073,悦溪理想公寓,三亚,51,保亭,4927,保亭,4975,三亚保亭保亭新政镇镇中心小学旁,,5570元/㎡,5570元/㎡,首付14万，月供3476元,65-194㎡,104666.67m²,180830.41m²,"[{""id"": 794351, ""rooms"": 1, ""room_alias"": ""一室"", ""area"": 64.97}, {""id"": 794348, ""rooms"": 2, ""room_alias"": ""二室"", ""area"": 82.09}, {""id"": 794347, ""rooms"": 2, ""room_alias"": ""二室"", ""area"": 111.66}, {""id"": 794375, ""rooms"": 3, ""room_alias"": ""三室"", ""area"": 158.1}, {""id"": 794374, ""rooms"": 3, ""room_alias"": ""三室"", ""area"": 179.69}, {""id"": 794365, ""rooms"": 3, ""room_alias"": ""三室"", ""area"": 182.15}, {""id"": 794372, ""rooms"": 3, ""room_alias"": ""三室"", ""area"": 194.44}]",1/2/3室,"1室户型,2室户型,3室户型",2008-11-25,2023年01月08日,2008年,2009年,"[""2022-09-28""]",{花园洋房},花园洋房,70年,1.5,45%,1486,带装修,已封顶，竣工时间：暂无数据,住宅,合景悠活,2.6元/㎡/月,,773,,售罄,售罄,售罄,"[""保房预字第（2022）0007号""]","[""12#、15#、16#、18#、19#、44#、40#、41#""]",中梁,,,民电,民水,18.556063,109.621616,"{""service_num"": ""4006708287"", ""num"": ""63282""}","{""559"": ""现房"", ""53"": ""高绿化率"", ""52"": ""低容积"", ""29"": ""装修交付"", ""8"": ""项目封顶"", ""5"": ""低单价"", ""70"": ""银行"", ""69"": ""学校"", ""68"": ""医院"", ""79"": ""小户型"", ""78"": ""大户型""}","[""现房"", ""高绿化率"", ""低容积"", ""装修交付"", ""项目封顶""]",https://pic4.ajkimg.com/display/xinfang/480dfecf36a438ed09d506c2ebe6a9fb/275x206n.jpg,[],海南省保亭县新政镇镇中心小学旁悦溪山庄营销中心
3816538,碧新城A区,三亚,51,东方,6181,东方,6186,三亚东方东方环岛西线高速八所互通与G225国道交汇处东南侧,,,,,47-92㎡,29939m²,63550m²,[],,商业户型,2008-06-23,2021年01月31日,2008年,2009年,[],{},,40年,,28%,290,带装修,,标准写字楼,新城悦服务,3.5元/㎡/月,,317,1:1,售罄,售罄,售罄,[],[],正荣,,东方小岭实业有限公司,商电,商水,19.108433,108.743946,"""""","{""559"": ""现房"", ""81"": ""大阳台"", ""29"": ""装修交付"", ""55"": ""小型社区""}","[""现房"", ""大阳台"", ""装修交付"", ""小型社区""]",https://pic4.ajkimg.com/display/xinfang/3f31659848ebaf61f39b5bf351a73b11/275x206n.jpg,[],东方市环岛西线高速八所互通与G225国道交汇处东南侧
1538213,世东方阁,三亚,51,东方,6181,东方,6186,三亚东方东方八所镇滨海北路42号,,6313元/㎡,6313元/㎡,首付9万，月供2329元,42-128㎡,53200m²,141000m²,"[{""id"": 746777, ""rooms"": 1, ""room_alias"": ""一室"", ""area"": 42}, {""id"": 746785, ""rooms"": 1, ""room_alias"": ""一室"", ""area"": 63}, {""id"": 855701, ""rooms"": 2, ""room_alias"": ""二室"", ""area"": 42}, {""id"": 746780, ""rooms"": 2, ""room_alias"": ""二室"", ""area"": 85}, {""id"": 746784, ""rooms"": 2, ""room_alias"": ""二室"", ""area"": 122}, {""id"": 746782, ""rooms"": 2, ""room_alias"": ""二室"", ""area"": 128}, {""id"": 855702, ""rooms"": 4, ""room_alias"": ""四室"", ""area"": 85}]",1/2/4室,商业户型,2008-10-24,2022年01月29日,2008年,2009年,"[""2023-01-13"", ""2022-01-29""]",{},,70年,2,30%,720,简装修,在建中，竣工时间：2023-12-31,商业,融创服务,3.6元/㎡/月,,460,,售罄,售罄,售罄,"[""（2023）东房预字（0001）号"", ""(2022)东房预字(0001)号""]","[""2#""]",保利,,海南阳光绿苑房地产开发有限公司,商电,商水,19.138229,108.646715,"""""","{""559"": ""现房"", ""81"": ""大阳台"", ""29"": ""装修交付"", ""7"": ""项目在建"", ""5"": ""低单价"", ""90"": ""人气楼盘""}","[""现房"", ""大阳台"", ""装修交付"", ""项目在建"", ""低单价""]",https://pic4.ajkimg.com/display/xinfang/56837a90ada2804f5b6abad6eecad721/275x206n.jpg,[],海南省东方市八所镇滨海北路42号
8619006,保利青山园,三亚,51,崖州区,10253,崖州湾,10257,三亚崖州区崖州湾振兴路和创新路交汇处,,8170元/㎡,8170元/㎡,首付54万，月供13080元,77-104㎡,78692m²,110255.23m²,[],,商业户型,2008-08-08,2021年05月01日,2008年,2009年,[],{},,40年,,40%,836,毛坯,已封顶，竣工时间：2023-03-30,商务园区,融创服务,9元/㎡/月,,568,,售罄,售罄,售罄,[],[],万科,保利集团,保利集团,商电,商水,18.340512,109.167299,"{""service_num"": ""4006708287"", ""num"": ""82215""}","{""559"": ""现房"", ""129"": ""自带商业"", ""8"": ""项目封顶"", ""74"": ""南北通透"", ""227"": ""商业园区"", ""226"": ""商业街区"", ""50"": ""品牌开发商""}","[""现房"", ""自带商业"", ""项目封顶"", ""南北通透"", ""商业园区""]",https://pic4.ajkimg.com/display/xinfang/82c92ec681835e543ba9c3c1b47113de/275x206n.jpg,[],三亚市崖州湾科技城振兴路和创新路交汇处
6101681,紫林一期,三亚,51,吉阳区,10250,河东,4935,三亚吉阳区河东298号,,14111元/㎡,14111元/㎡,,62-144㎡,52400m²,286700m²,"[{""id"": 867490, ""rooms"": 2, ""room_alias"": ""二室"", ""area"": 62}, {""id"": 867491, ""rooms"": 2, ""room_alias"": ""二室"", ""area"": 64}, {""id"": 867493, ""rooms"": 2, ""room_alias"": ""二室"", ""area"": 77}, {""id"": 867500, ""rooms"": 2, ""room_alias"": ""二室"", ""area"": 90}, {""id"": 867501, ""rooms"": 2, ""room_alias"": ""二室"", ""area"": 93}, {""id"": 867502, ""rooms"": 3, ""room_alias"": ""三室"", ""area"": 108}, {""id"": 867504, ""rooms"": 3, ""room_alias"": ""三室"", ""area"": 125}, {""id"": 867505, ""rooms"": 3, ""room_alias"": ""三室"", ""area"": 129}, {""id"": 867503, ""rooms"": 4, ""room_alias"": ""四室"", ""area"": 144}]",2/3/4室,"2室户型,3室户型,4室户型",2008-01-14,2024年12月17日,2008年,2009年,"[""2024-11-19"", ""2024-12-31"", ""2024-12-17""]",{小高层},小高层,70年,3.18,36%,2170,,,住宅,招商积余,,,3006,,售罄,售罄,售罄,"[""三房预许字[2024]049号"", ""三房预许字[2024]058号"", ""三房预许字(变更)[2024]045号""]","[""4#"", ""5#"", ""6#""]",远洋,,,民电,民水,18.271334,109.519081,"{""service_num"": ""4006708287"", ""num"": ""33605""}","{""53"": ""高绿化率"", ""72"": ""配套纯熟"", ""70"": ""银行"", ""69"": ""学校"", ""68"": ""医院"", ""67"": ""生态绿地"", ""66"": ""公园"", ""65"": ""商业街"", ""64"": ""购物中心"", ""79"": ""小户型"", ""78"": ""大户型"", ""92"": ""热搜盘"", ""90"": ""人气楼盘"", ""54"": ""大型社区""}","[""高绿化率"", ""配套纯熟"", ""银行"", ""学校"", ""医院""]",https://pic4.ajkimg.com/display/xinfang/eca1d1b48cf9b3b8481c397d2b9b9e3e/275x206n.jpg,[],三亚市吉阳区河东路298号
6060706,福梦想雅居,三亚,51,东方,6181,东方,6186,三亚东方东方八所镇滨海北路42号,,6313元/㎡,6313元/㎡,首付9万，月供2329元,42-128㎡,53200m²,141000m²,"[{""id"": 746777, ""rooms"": 1, ""room_alias"": ""一室"", ""area"": 42}, {""id"": 746785, ""rooms"": 1, ""room_alias"": ""一室"", ""area"": 63}, {""id"": 855701, ""rooms"": 2, ""room_alias"": ""二室"", ""area"": 42}, {""id"": 746780, ""rooms"": 2, ""room_alias"": ""二室"", ""area"": 85}, {""id"": 746784, ""rooms"": 2, ""room_alias"": ""二室"", ""area"": 122}, {""id"": 746782, ""rooms"": 2, ""room_alias"": ""二室"", ""area"": 128}, {""id"": 855702, ""rooms"": 4, ""room_alias"": ""四室"", ""area"": 85}]",1/2/4室,商业户型,2008-06-17,2022年01月29日,2008年,2009年,"[""2023-01-13"", ""2022-01-29""]",{},,70年,2,30%,720,简装修,在建中，竣工时间：2023-12-31,商业,合景悠活,3.6元/㎡/月,,460,,售罄,售罄,售罄,"[""（2023）东房预字（0001）号"", ""(2022)东房预字(0001)号""]","[""2#""]",绿城,,海南阳光绿苑房地产开发有限公司,商电,商水,19.131739,108.67067,"""""","{""559"": ""现房"", ""81"": ""大阳台"", ""29"": ""装修交付"", ""7"": ""项目在建"", ""5"": ""低单价"", ""90"": ""人气楼盘""}","[""现房"", ""大阳台"", ""装修交付"", ""项目在建"", ""低单价""]",https://pic4.ajkimg.com/display/xinfang/56837a90ada2804f5b6abad6eecad721/275x206n.jpg,[],海南省东方市八所镇滨海北路42号
1786366,乐恒龙湖城,三亚,51,东方,6181,东方,6186,三亚东方东方琼西路6号,,4456元/㎡,4456元/㎡,,56-157㎡,198000m²,89263m²,"[{""id"": 834047, ""rooms"": 1, ""room_alias"": ""一室"", ""area"": 56}, {""id"": 834049, ""rooms"": 2, ""room_alias"": ""二室"", ""area"": 98.69}, {""id"": 834048, ""rooms"": 2, ""room_alias"": ""二室"", ""area"": 105}, {""id"": 834054, ""rooms"": 3, ""room_alias"": ""三室"", ""area"": 108}, {""id"": 834051, ""rooms"": 4, ""room_alias"": ""四室"", ""area"": 137}, {""id"": 834052, ""rooms"": 4, ""room_alias"": ""四室"", ""area"": 157}]",1/2/3/4室,商业户型,2008-05-24,2023年02月01日,2008年,2009年,"[""2023-11-29""]",{小高层},小高层,40年,2.5,40%,796,带装修,已封顶，竣工时间：2024-12-31,商业,华润万象生活,,,506,,售罄,售罄,售罄,"[""（2022）东房预字（0002）号""]",[],滨江集团,,海南乐恒置业有限公司,商电,商水,19.139697,108.693354,"""""","{""559"": ""现房"", ""29"": ""装修交付"", ""8"": ""项目封顶"", ""5"": ""低单价"", ""72"": ""配套纯熟"", ""68"": ""医院"", ""66"": ""公园"", ""65"": ""商业街"", ""64"": ""购物中心"", ""90"": ""人气楼盘""}","[""现房"", ""装修交付"", ""项目封顶"", ""低单价"", ""配套纯熟""]",https://pic4.ajkimg.com/display/xinfang/d1663f06490de436242abb3056d24445/275x206n.jpg,[],东方市琼西路6号
609348,鑫雅居一期,三亚,51,东方,6181,东方,6186,三亚东方东方解放东路,,5421元/㎡,5421元/㎡,首付9万，月供2150元,41-78㎡,177470.29m²,600000m²,[],,商业户型,2008-09-17,2020年10月21日,2008年,2009年,[],{},,40年,,25%,7000,带装修,已封顶，竣工时间：2022-12-22,标准写字楼,世茂服务,2.8元/㎡/月,,3405,1:0.48,售罄,售罄,售罄,[],[],融创,,东方御中投资开发有限公司,商电,商水,19.114494,108.676899,"""""","{""559"": ""现房"", ""29"": ""装修交付"", ""8"": ""项目封顶"", ""5"": ""低单价"", ""90"": ""人气楼盘"", ""280"": ""商圈热盘"", ""54"": ""大型社区""}","[""现房"", ""装修交付"", ""项目封顶"", ""低单价"", ""人气楼盘""]",https://pic4.ajkimg.com/display/xinfang/8848743ef4553186b268ee451f6a37f8/275x206n.jpg,[],海南省东方市解放东路
